document_version, 1.0
station_name,SW-DOWNLOAD
station_id,FXLH_F05-4FT-01_2_SW-DOWNLOAD
station_sw,Atlas
station_sw_version,Atlas

tag,start_time,duration
Scan_SN, 1570175260.86, 7.55
EP_DISABLE_TP, 1570175268.41, 7.19
Start_Data_Reporting, 1570175275.61, 0.02
Get_SFC_Info, 1570175275.62, 0.05
BUILD_EVENT, 1570175275.67, 0.00
S_BUILD, 1570175275.68, 0.00
WO_SN, 1570175275.68, 0.00
SUB_SN, 1570175275.69, 0.00
UNIT_LBL, 1570175275.69, 0.00
Start_Control_Bit, 1570175275.69, 0.30
P203_FW, 1570175275.99, 0.02
Auth_Check, 1570175276.01, 4.14
Query_MLB_SN, 1570175280.15, 0.00
Read_MLB_SN, 1570175280.15, 1.05
Check_MLB_SN, 1570175281.20, 0.00
Read_STFW_Version_Before_DL, 1570175281.21, 0.48
Read_MTFW_Version_Before_DL, 1570175281.68, 0.47
Read_CCG3_FW_Version, 1570175282.16, 0.96
Program_STFW, 1570175283.12, 42.27
Program_MTFW, 1570175325.39, 25.55
Read_STFW_Version_After_DL, 1570175350.94, 0.42
Read_MTFW_Version_After_DL, 1570175351.36, 0.43
Finish_DRCB, 1570175351.79, 0.40
full_test_durations, 1570175260.84, 91.35
