Related Test,Type,Name,Value
Scan_SN,Device,serialnumber,FTPZD034P3LY
Start_Data_Reporting,Device,softwarename,Atlas 1.9.2
Start_Data_Reporting,Device,serialnumber,FTPZD034P3LY
Start_Data_Reporting,Device,softwareversion,V2.2.3.0_forCYG
Start_Data_Reporting,Device,limitsversion,1
BUILD_EVENT,Device,Build_EVENT,R128-P2
S_BUILD,Device,S_BUILD,R128-P2_P22AEN-M3
WO_SN,Device,WO_SN,WCS-J90009
SUB_SN,Device,P_SN,DKB93760042N5RQ0J
UNIT_LBL,Device,UNIT_LBL,R128-P2_P22AEN-M3_C01147
P203_FW,Device,P203_FW,1.2.5-F(DVT)
Read_MLB_SN,Device,MLB_SN,DLX9375003TN4732A
Read_CCG3_FW_Version,Device,ReadCCG3FW,A0 02 00 0B 00 0B 00 0B
Read_STFW_Version_After_DL,Device,STFW,0x0160
Read_MTFW_Version_After_DL,Device,TOUCH_FW,0x0505
