Related Test,Name-1,Name-2,Name-3,Status,Info,Measurement,Units,Upper Limit,Lower Limit,Relaxed Upper Limit,Relaxed Lower Limit,Limit Units,Start Time,End Time,Duration (s)
Scan_SN,,,,,,,,,,,,,Oct 4 2019 3:47:40.8660 PM,Oct 4 2019 3:47:48.4110 PM,7.5446
Scan_SN,Scan_SN,AtlasApp-Hyperion,show-form,PASS,,,,,,,,,Oct 4 2019 3:47:40.8680 PM,Oct 4 2019 3:47:42.4590 PM,1.5908
Scan_SN,Scan_SN,ECB,changeDelimiter,PASS,,,,,,,,,Oct 4 2019 3:47:42.4610 PM,Oct 4 2019 3:47:42.4610 PM,0
Scan_SN,Scan_SN,ECB,changeLineTerminator,PASS,,,,,,,,,Oct 4 2019 3:47:42.4620 PM,Oct 4 2019 3:47:42.4620 PM,0
Scan_SN,Scan_SN,ECB,open,PASS,,,,,,,,,Oct 4 2019 3:47:42.4640 PM,Oct 4 2019 3:47:44.0550 PM,1.5908
Scan_SN,Scan_SN,ECB,read,PASS,,,,,,,,,Oct 4 2019 3:47:44.0570 PM,Oct 4 2019 3:47:44.0850 PM,.0289
Scan_SN,Scan_SN,P203,changeDelimiter,PASS,,,,,,,,,Oct 4 2019 3:47:44.0870 PM,Oct 4 2019 3:47:44.0870 PM,0
Scan_SN,Scan_SN,P203,changeLineTerminator,PASS,,,,,,,,,Oct 4 2019 3:47:44.0890 PM,Oct 4 2019 3:47:44.0890 PM,0
Scan_SN,Scan_SN,P203,open,PASS,,,,,,,,,Oct 4 2019 3:47:44.0910 PM,Oct 4 2019 3:47:45.6850 PM,1.5943
Scan_SN,Scan_SN,P203,read,PASS,,,,,,,,,Oct 4 2019 3:47:45.6870 PM,Oct 4 2019 3:47:45.7070 PM,.0209
Scan_SN,Scan_SN,[ECB] SIGNAL CONTROL(1),sendCommand,PASS,,,,,,,,,Oct 4 2019 3:47:46.2800 PM,Oct 4 2019 3:47:46.3020 PM,.022
Scan_SN,Scan_SN,"[Hid] /usr/local/bin/hidreport -v 0x05ac -p 0x026F -u 0xff00,0xb",,PASS,,,,,,,,,Oct 4 2019 3:47:48.4050 PM,Oct 4 2019 3:47:48.4050 PM,0
Scan_SN,Scan_SN,IOFileHandle,writeToFile,PASS,,,,,,,,,Oct 4 2019 3:47:48.4070 PM,Oct 4 2019 3:47:48.4070 PM,.0004
Scan_SN,Scan_SN,StationReportPlugin,isReporting,PASS,,,,,,,,,Oct 4 2019 3:47:48.4100 PM,Oct 4 2019 3:47:48.4100 PM,0
EP_DISABLE_TP,,,,,,,,,,,,,Oct 4 2019 3:47:48.4140 PM,Oct 4 2019 3:47:55.6050 PM,7.1909
EP_DISABLE_TP,EP_DISABLE_TP,[Hid] /usr/local/bin/hidreport -p 0x026F -i 0 set 0x3D 0x3D 0x13 0x0 0x0 0x0,,PASS,,,,,,,,,Oct 4 2019 3:47:48.5110 PM,Oct 4 2019 3:47:48.5110 PM,0
EP_DISABLE_TP,EP_DISABLE_TP,IOFileHandle,writeToFile,PASS,,,,,,,,,Oct 4 2019 3:47:48.5120 PM,Oct 4 2019 3:47:48.5120 PM,.0002
EP_DISABLE_TP,EP_DISABLE_TP,[Hid] /usr/local/bin/hidreport -p 0x026F -i 0 set 0x3E 0x3E 0x13 0x0 0x0 0x0 0x2,,PASS,,,,,,,,,Oct 4 2019 3:47:48.9800 PM,Oct 4 2019 3:47:48.9800 PM,0
EP_DISABLE_TP,EP_DISABLE_TP,IOFileHandle,writeToFile-2,PASS,,,,,,,,,Oct 4 2019 3:47:48.9810 PM,Oct 4 2019 3:47:48.9810 PM,.0001
EP_DISABLE_TP,EP_DISABLE_TP,[ECB] SIGNAL CONTROL(0),sendCommand,PASS,,,,,,,,,Oct 4 2019 3:47:49.3550 PM,Oct 4 2019 3:47:49.3840 PM,.0296
EP_DISABLE_TP,EP_DISABLE_TP,[ECB] SIGNAL CONTROL(1),sendCommand,PASS,,,,,,,,,Oct 4 2019 3:47:52.4520 PM,Oct 4 2019 3:47:52.4670 PM,.0147
EP_DISABLE_TP,EP_DISABLE_TP,P203,read,PASS,,,,,,,,,Oct 4 2019 3:47:55.5370 PM,Oct 4 2019 3:47:55.5660 PM,.0295
EP_DISABLE_TP,EP_DISABLE_TP,"[Hid] /usr/local/bin/hidreport -v 0x05ac -p 0x026F -u 0xff00,0xb",,PASS,,,,,,,,,Oct 4 2019 3:47:55.6030 PM,Oct 4 2019 3:47:55.6030 PM,0
EP_DISABLE_TP,EP_DISABLE_TP,IOFileHandle,writeToFile-3,PASS,,,,,,,,,Oct 4 2019 3:47:55.6040 PM,Oct 4 2019 3:47:55.6040 PM,.0001
Start_Data_Reporting,,,,,,,,,,,,,Oct 4 2019 3:47:55.6080 PM,Oct 4 2019 3:47:55.6210 PM,.0127
Start_Data_Reporting,Start_Data_Reporting,DRCB,StartDataReporting,PASS,,,,,,,,,Oct 4 2019 3:47:55.6110 PM,Oct 4 2019 3:47:55.6200 PM,.0085
Get_SFC_Info,,,,,,,,,,,,,Oct 4 2019 3:47:55.6230 PM,Oct 4 2019 3:47:55.6730 PM,.05
Get_SFC_Info,Get_SFC_Info,SFCSupport,getAttributes,PASS,,,,,,,,,Oct 4 2019 3:47:55.6250 PM,Oct 4 2019 3:47:55.6540 PM,.0295
Get_SFC_Info,Get_SFC_Info,GET SFC info - wo_no,WCS-J90009,PASS,,,,,,,,,Oct 4 2019 3:47:55.6550 PM,Oct 4 2019 3:47:55.6550 PM,0
Get_SFC_Info,Get_SFC_Info,SFCSupport,getAttributes-2,PASS,,,,,,,,,Oct 4 2019 3:47:55.6570 PM,Oct 4 2019 3:47:55.6610 PM,.0041
Get_SFC_Info,Get_SFC_Info,GET SFC info - pansa,DKB93760042N5RQ0J,PASS,,,,,,,,,Oct 4 2019 3:47:55.6620 PM,Oct 4 2019 3:47:55.6620 PM,0
Get_SFC_Info,Get_SFC_Info,SFCSupport,getAttributes-3,PASS,,,,,,,,,Oct 4 2019 3:47:55.6620 PM,Oct 4 2019 3:47:55.6660 PM,.004
Get_SFC_Info,Get_SFC_Info,GET SFC info - unit_lbl,R128-P2_P22AEN-M3_C01147,PASS,,,,,,,,,Oct 4 2019 3:47:55.6670 PM,Oct 4 2019 3:47:55.6670 PM,0
Get_SFC_Info,Get_SFC_Info,SFCSupport,getAttributes-4,PASS,,,,,,,,,Oct 4 2019 3:47:55.6680 PM,Oct 4 2019 3:47:55.6720 PM,.0042
Get_SFC_Info,Get_SFC_Info,GET SFC info - mlb_sn,DLX9375003TN4732A,PASS,,,,,,,,,Oct 4 2019 3:47:55.6730 PM,Oct 4 2019 3:47:55.6730 PM,0
BUILD_EVENT,,,,,,,,,,,,,Oct 4 2019 3:47:55.6750 PM,Oct 4 2019 3:47:55.6760 PM,.0007
BUILD_EVENT,BUILD_EVENT,Build_EVENT,R128-P2,PASS,,,,,,,,,Oct 4 2019 3:47:55.6760 PM,Oct 4 2019 3:47:55.6760 PM,0
S_BUILD,,,,,,,,,,,,,Oct 4 2019 3:47:55.6810 PM,Oct 4 2019 3:47:55.6820 PM,.0006
S_BUILD,S_BUILD,S_BUILD,R128-P2_P22AEN-M3,PASS,,,,,,,,,Oct 4 2019 3:47:55.6820 PM,Oct 4 2019 3:47:55.6820 PM,0
WO_SN,,,,,,,,,,,,,Oct 4 2019 3:47:55.6840 PM,Oct 4 2019 3:47:55.6840 PM,.0006
WO_SN,WO_SN,Get wo_no Pass,,PASS,,,,,,,,,Oct 4 2019 3:47:55.6840 PM,Oct 4 2019 3:47:55.6840 PM,0
SUB_SN,,,,,,,,,,,,,Oct 4 2019 3:47:55.6860 PM,Oct 4 2019 3:47:55.6870 PM,.0006
SUB_SN,SUB_SN,Get pansa Pass,,PASS,,,,,,,,,Oct 4 2019 3:47:55.6870 PM,Oct 4 2019 3:47:55.6870 PM,0
UNIT_LBL,,,,,,,,,,,,,Oct 4 2019 3:47:55.6890 PM,Oct 4 2019 3:47:55.6890 PM,.0006
UNIT_LBL,UNIT_LBL,Get unit_lbl Pass,,PASS,,,,,,,,,Oct 4 2019 3:47:55.6890 PM,Oct 4 2019 3:47:55.6890 PM,0
Start_Control_Bit,,,,,,,,,,,,,Oct 4 2019 3:47:55.6910 PM,Oct 4 2019 3:47:55.9890 PM,.2979
Start_Control_Bit,Start_Control_Bit,DRCB,StartControlBits,PASS,,,,,,,,,Oct 4 2019 3:47:55.6930 PM,Oct 4 2019 3:47:55.9880 PM,.2955
P203_FW,,,,,,,,,,,,,Oct 4 2019 3:47:55.9910 PM,Oct 4 2019 3:47:56.0120 PM,.0208
P203_FW,P203_FW,[P203] v,sendCommand,PASS,,,,,,,,,Oct 4 2019 3:47:55.9920 PM,Oct 4 2019 3:47:56.0110 PM,.0184
P203_FW,P203_FW,P203_FW,,PASS,,,,,,,,,Oct 4 2019 3:47:56.0120 PM,Oct 4 2019 3:47:56.0120 PM,0
Auth_Check,,,,,,,,,,,,,Oct 4 2019 3:47:56.0140 PM,Oct 4 2019 3:48:00.1420 PM,4.1272
Auth_Check,Auth_Check,P203,read,PASS,,,,,,,,,Oct 4 2019 3:47:56.0160 PM,Oct 4 2019 3:47:56.0160 PM,.0002
Auth_Check,Auth_Check,P203,read-2,PASS,,,,,,,,,Oct 4 2019 3:47:56.0170 PM,Oct 4 2019 3:47:56.0430 PM,.0253
Auth_Check,Auth_Check,[P203] aid tx bd 1 3 24 71 4 10 0 00,sendCommandChars,PASS,,,,,,,,,Oct 4 2019 3:47:56.0440 PM,Oct 4 2019 3:47:56.1100 PM,.0656
Auth_Check,Auth_Check,P203,read-3,PASS,,,,,,,,,Oct 4 2019 3:47:56.1150 PM,Oct 4 2019 3:47:56.1150 PM,.0001
Auth_Check,Auth_Check,P203,read-4,PASS,,,,,,,,,Oct 4 2019 3:47:56.1160 PM,Oct 4 2019 3:47:56.1370 PM,.0213
Auth_Check,Auth_Check,P203,read-5,PASS,,,,,,,,,Oct 4 2019 3:47:56.1390 PM,Oct 4 2019 3:47:56.1680 PM,.0285
Auth_Check,Auth_Check,[P203] aid tx bd 2 2 24 71 4 10 8,sendCommandChars,PASS,,,,,,,,,Oct 4 2019 3:47:56.1690 PM,Oct 4 2019 3:47:56.1890 PM,.0201
Auth_Check,Auth_Check,1. Fetch device info,,PASS,,,,,,,,,Oct 4 2019 3:47:56.1910 PM,Oct 4 2019 3:47:56.1910 PM,0
Auth_Check,Auth_Check,      version: 0x07,,PASS,,,,,,,,,Oct 4 2019 3:47:56.1910 PM,Oct 4 2019 3:47:56.1910 PM,0
Auth_Check,Auth_Check,auth revision: 0x01,,PASS,,,,,,,,,Oct 4 2019 3:47:56.1910 PM,Oct 4 2019 3:47:56.1910 PM,0
Auth_Check,Auth_Check,auth protocol: 0x0300,,PASS,,,,,,,,,Oct 4 2019 3:47:56.1910 PM,Oct 4 2019 3:47:56.1910 PM,0
Auth_Check,Auth_Check,    device ID: 0x00000300,,PASS,,,,,,,,,Oct 4 2019 3:47:56.1920 PM,Oct 4 2019 3:47:56.1920 PM,0
Auth_Check,Auth_Check,P203,read-6,PASS,,,,,,,,,Oct 4 2019 3:47:56.1930 PM,Oct 4 2019 3:47:56.2040 PM,.0116
Auth_Check,Auth_Check,P203,read-7,PASS,,,,,,,,,Oct 4 2019 3:47:56.2060 PM,Oct 4 2019 3:47:56.2280 PM,.0218
Auth_Check,Auth_Check,[P203] aid tx bd 3 3 24 71 4 10 0 30,sendCommandChars,PASS,,,,,,,,,Oct 4 2019 3:47:56.2290 PM,Oct 4 2019 3:47:56.2500 PM,.0208
Auth_Check,Auth_Check,P203,read-8,PASS,,,,,,,,,Oct 4 2019 3:47:56.2530 PM,Oct 4 2019 3:47:56.2530 PM,.0002
Auth_Check,Auth_Check,P203,read-9,PASS,,,,,,,,,Oct 4 2019 3:47:56.2550 PM,Oct 4 2019 3:47:56.2780 PM,.0228
Auth_Check,Auth_Check,P203,read-10,PASS,,,,,,,,,Oct 4 2019 3:47:56.2800 PM,Oct 4 2019 3:47:56.3050 PM,.0254
Auth_Check,Auth_Check,[P203] aid tx bd 4 2 24 71 4 10 2,sendCommandChars,PASS,,,,,,,,,Oct 4 2019 3:47:56.3070 PM,Oct 4 2019 3:47:56.3410 PM,.034
Auth_Check,Auth_Check,2. Fetch cert length,,PASS,,,,,,,,,Oct 4 2019 3:47:56.3430 PM,Oct 4 2019 3:47:56.3430 PM,0
Auth_Check,Auth_Check,P203,read-11,PASS,,,,,,,,,Oct 4 2019 3:47:56.3440 PM,Oct 4 2019 3:47:56.3440 PM,.0001
Auth_Check,Auth_Check,P203,read-12,PASS,,,,,,,,,Oct 4 2019 3:47:56.3450 PM,Oct 4 2019 3:47:56.3680 PM,.0229
Auth_Check,Auth_Check,[P203] aid tx bd 5 3 24 71 4 10 0 31,sendCommandChars,PASS,,,,,,,,,Oct 4 2019 3:47:56.3700 PM,Oct 4 2019 3:47:56.4060 PM,.0365
Auth_Check,Auth_Check,P203,read-13,PASS,,,,,,,,,Oct 4 2019 3:47:56.4090 PM,Oct 4 2019 3:47:56.4090 PM,.0001
Auth_Check,Auth_Check,P203,read-14,PASS,,,,,,,,,Oct 4 2019 3:47:56.4100 PM,Oct 4 2019 3:47:56.4390 PM,.0285
Auth_Check,Auth_Check,P203,read-15,PASS,,,,,,,,,Oct 4 2019 3:47:56.4410 PM,Oct 4 2019 3:47:56.4690 PM,.0282
Auth_Check,Auth_Check,[P203] aid tx bd 6 2 24 71 4 10 23,sendCommandChars,PASS,,,,,,,,,Oct 4 2019 3:47:56.4700 PM,Oct 4 2019 3:47:56.5060 PM,.0359
Auth_Check,Auth_Check,P203,read-16,PASS,,,,,,,,,Oct 4 2019 3:47:56.5090 PM,Oct 4 2019 3:47:56.5090 PM,.0001
Auth_Check,Auth_Check,P203,read-17,PASS,,,,,,,,,Oct 4 2019 3:47:56.5100 PM,Oct 4 2019 3:47:56.5390 PM,.0288
Auth_Check,Auth_Check,P203,read-18,PASS,,,,,,,,,Oct 4 2019 3:47:56.5410 PM,Oct 4 2019 3:47:56.5690 PM,.0281
Auth_Check,Auth_Check,[P203] aid tx bd 7 2 24 71 4 10 23,sendCommandChars,PASS,,,,,,,,,Oct 4 2019 3:47:56.5700 PM,Oct 4 2019 3:47:56.6070 PM,.0365
Auth_Check,Auth_Check,P203,read-19,PASS,,,,,,,,,Oct 4 2019 3:47:56.6100 PM,Oct 4 2019 3:47:56.6100 PM,.0001
Auth_Check,Auth_Check,P203,read-20,PASS,,,,,,,,,Oct 4 2019 3:47:56.6110 PM,Oct 4 2019 3:47:56.6390 PM,.0283
Auth_Check,Auth_Check,P203,read-21,PASS,,,,,,,,,Oct 4 2019 3:47:56.6410 PM,Oct 4 2019 3:47:56.6690 PM,.0282
Auth_Check,Auth_Check,[P203] aid tx bd 8 2 24 71 4 10 23,sendCommandChars,PASS,,,,,,,,,Oct 4 2019 3:47:56.6710 PM,Oct 4 2019 3:47:56.7060 PM,.0348
Auth_Check,Auth_Check,P203,read-22,PASS,,,,,,,,,Oct 4 2019 3:47:56.7080 PM,Oct 4 2019 3:47:56.7090 PM,.0001
Auth_Check,Auth_Check,P203,read-23,PASS,,,,,,,,,Oct 4 2019 3:47:56.7100 PM,Oct 4 2019 3:47:56.7400 PM,.0301
Auth_Check,Auth_Check,P203,read-24,PASS,,,,,,,,,Oct 4 2019 3:47:56.7420 PM,Oct 4 2019 3:47:56.7700 PM,.0283
Auth_Check,Auth_Check,[P203] aid tx bd 9 2 24 71 4 10 17,sendCommandChars,PASS,,,,,,,,,Oct 4 2019 3:47:56.7710 PM,Oct 4 2019 3:47:56.8070 PM,.0352
Auth_Check,Auth_Check,P203,read-25,PASS,,,,,,,,,Oct 4 2019 3:47:56.8100 PM,Oct 4 2019 3:47:56.8100 PM,.0002
Auth_Check,Auth_Check,P203,read-26,PASS,,,,,,,,,Oct 4 2019 3:47:56.8110 PM,Oct 4 2019 3:47:56.8400 PM,.0289
Auth_Check,Auth_Check,[P203] aid tx bd a 3 24 71 4 10 0 32,sendCommandChars,PASS,,,,,,,,,Oct 4 2019 3:47:56.8420 PM,Oct 4 2019 3:47:56.8760 PM,.0349
Auth_Check,Auth_Check,P203,read-27,PASS,,,,,,,,,Oct 4 2019 3:47:56.8790 PM,Oct 4 2019 3:47:56.8790 PM,.0001
Auth_Check,Auth_Check,P203,read-28,PASS,,,,,,,,,Oct 4 2019 3:47:56.8800 PM,Oct 4 2019 3:47:56.9100 PM,.0299
Auth_Check,Auth_Check,P203,read-29,PASS,,,,,,,,,Oct 4 2019 3:47:56.9120 PM,Oct 4 2019 3:47:56.9410 PM,.0285
Auth_Check,Auth_Check,[P203] aid tx bd b 2 24 71 4 10 23,sendCommandChars,PASS,,,,,,,,,Oct 4 2019 3:47:56.9420 PM,Oct 4 2019 3:47:56.9770 PM,.035
Auth_Check,Auth_Check,P203,read-30,PASS,,,,,,,,,Oct 4 2019 3:47:56.9800 PM,Oct 4 2019 3:47:56.9800 PM,.0002
Auth_Check,Auth_Check,P203,read-31,PASS,,,,,,,,,Oct 4 2019 3:47:56.9810 PM,Oct 4 2019 3:47:57.0110 PM,.0297
Auth_Check,Auth_Check,P203,read-32,PASS,,,,,,,,,Oct 4 2019 3:47:57.0130 PM,Oct 4 2019 3:47:57.0410 PM,.0281
Auth_Check,Auth_Check,[P203] aid tx bd c 2 24 71 4 10 23,sendCommandChars,PASS,,,,,,,,,Oct 4 2019 3:47:57.0420 PM,Oct 4 2019 3:47:57.0770 PM,.0346
Auth_Check,Auth_Check,P203,read-33,PASS,,,,,,,,,Oct 4 2019 3:47:57.0800 PM,Oct 4 2019 3:47:57.0800 PM,.0001
Auth_Check,Auth_Check,P203,read-34,PASS,,,,,,,,,Oct 4 2019 3:47:57.0810 PM,Oct 4 2019 3:47:57.1110 PM,.0302
Auth_Check,Auth_Check,P203,read-35,PASS,,,,,,,,,Oct 4 2019 3:47:57.1130 PM,Oct 4 2019 3:47:57.1410 PM,.0284
Auth_Check,Auth_Check,[P203] aid tx bd d 2 24 71 4 10 23,sendCommandChars,PASS,,,,,,,,,Oct 4 2019 3:47:57.1430 PM,Oct 4 2019 3:47:57.1790 PM,.036
Auth_Check,Auth_Check,P203,read-36,PASS,,,,,,,,,Oct 4 2019 3:47:57.1820 PM,Oct 4 2019 3:47:57.1820 PM,.0001
Auth_Check,Auth_Check,P203,read-37,PASS,,,,,,,,,Oct 4 2019 3:47:57.1830 PM,Oct 4 2019 3:47:57.2040 PM,.0209
Auth_Check,Auth_Check,P203,read-38,PASS,,,,,,,,,Oct 4 2019 3:47:57.2060 PM,Oct 4 2019 3:47:57.2320 PM,.0259
Auth_Check,Auth_Check,[P203] aid tx bd e 2 24 71 4 10 17,sendCommandChars,PASS,,,,,,,,,Oct 4 2019 3:47:57.2330 PM,Oct 4 2019 3:47:57.2690 PM,.0355
Auth_Check,Auth_Check,P203,read-39,PASS,,,,,,,,,Oct 4 2019 3:47:57.2720 PM,Oct 4 2019 3:47:57.2720 PM,.0001
Auth_Check,Auth_Check,P203,read-40,PASS,,,,,,,,,Oct 4 2019 3:47:57.2730 PM,Oct 4 2019 3:47:57.3010 PM,.0273
Auth_Check,Auth_Check,[P203] aid tx bd f 3 24 71 4 10 0 33,sendCommandChars,PASS,,,,,,,,,Oct 4 2019 3:47:57.3020 PM,Oct 4 2019 3:47:57.3380 PM,.0357
Auth_Check,Auth_Check,P203,read-41,PASS,,,,,,,,,Oct 4 2019 3:47:57.3400 PM,Oct 4 2019 3:47:57.3400 PM,.0001
Auth_Check,Auth_Check,P203,read-42,PASS,,,,,,,,,Oct 4 2019 3:47:57.3410 PM,Oct 4 2019 3:47:57.3640 PM,.0222
Auth_Check,Auth_Check,P203,read-43,PASS,,,,,,,,,Oct 4 2019 3:47:57.3660 PM,Oct 4 2019 3:47:57.3930 PM,.0269
Auth_Check,Auth_Check,[P203] aid tx bd 10 2 24 71 4 10 23,sendCommandChars,PASS,,,,,,,,,Oct 4 2019 3:47:57.3940 PM,Oct 4 2019 3:47:57.4300 PM,.0356
Auth_Check,Auth_Check,P203,read-44,PASS,,,,,,,,,Oct 4 2019 3:47:57.4320 PM,Oct 4 2019 3:47:57.4320 PM,.0002
Auth_Check,Auth_Check,P203,read-45,PASS,,,,,,,,,Oct 4 2019 3:47:57.4340 PM,Oct 4 2019 3:47:57.4630 PM,.0292
Auth_Check,Auth_Check,P203,read-46,PASS,,,,,,,,,Oct 4 2019 3:47:57.4650 PM,Oct 4 2019 3:47:57.4930 PM,.0283
Auth_Check,Auth_Check,[P203] aid tx bd 11 2 24 71 4 10 23,sendCommandChars,PASS,,,,,,,,,Oct 4 2019 3:47:57.4950 PM,Oct 4 2019 3:47:57.5300 PM,.0357
Auth_Check,Auth_Check,P203,read-47,PASS,,,,,,,,,Oct 4 2019 3:47:57.5330 PM,Oct 4 2019 3:47:57.5330 PM,.0001
Auth_Check,Auth_Check,P203,read-48,PASS,,,,,,,,,Oct 4 2019 3:47:57.5340 PM,Oct 4 2019 3:47:57.5610 PM,.0268
Auth_Check,Auth_Check,P203,read-49,PASS,,,,,,,,,Oct 4 2019 3:47:57.5640 PM,Oct 4 2019 3:47:57.5930 PM,.029
Auth_Check,Auth_Check,[P203] aid tx bd 12 2 24 71 4 10 23,sendCommandChars,PASS,,,,,,,,,Oct 4 2019 3:47:57.5950 PM,Oct 4 2019 3:47:57.6300 PM,.0353
Auth_Check,Auth_Check,P203,read-50,PASS,,,,,,,,,Oct 4 2019 3:47:57.6330 PM,Oct 4 2019 3:47:57.6330 PM,.0001
Auth_Check,Auth_Check,P203,read-51,PASS,,,,,,,,,Oct 4 2019 3:47:57.6340 PM,Oct 4 2019 3:47:57.6640 PM,.0295
Auth_Check,Auth_Check,P203,read-52,PASS,,,,,,,,,Oct 4 2019 3:47:57.6660 PM,Oct 4 2019 3:47:57.6940 PM,.0283
Auth_Check,Auth_Check,[P203] aid tx bd 13 2 24 71 4 10 17,sendCommandChars,PASS,,,,,,,,,Oct 4 2019 3:47:57.6950 PM,Oct 4 2019 3:47:57.7310 PM,.0356
Auth_Check,Auth_Check,P203,read-53,PASS,,,,,,,,,Oct 4 2019 3:47:57.7340 PM,Oct 4 2019 3:47:57.7340 PM,.0002
Auth_Check,Auth_Check,P203,read-54,PASS,,,,,,,,,Oct 4 2019 3:47:57.7350 PM,Oct 4 2019 3:47:57.7640 PM,.0286
Auth_Check,Auth_Check,[P203] aid tx bd 14 3 24 71 4 10 0 34,sendCommandChars,PASS,,,,,,,,,Oct 4 2019 3:47:57.7650 PM,Oct 4 2019 3:47:57.8010 PM,.0354
Auth_Check,Auth_Check,P203,read-55,PASS,,,,,,,,,Oct 4 2019 3:47:57.8030 PM,Oct 4 2019 3:47:57.8030 PM,.0001
Auth_Check,Auth_Check,P203,read-56,PASS,,,,,,,,,Oct 4 2019 3:47:57.8050 PM,Oct 4 2019 3:47:57.8340 PM,.0297
Auth_Check,Auth_Check,P203,read-57,PASS,,,,,,,,,Oct 4 2019 3:47:57.8360 PM,Oct 4 2019 3:47:57.8640 PM,.0282
Auth_Check,Auth_Check,[P203] aid tx bd 15 2 24 71 4 10 23,sendCommandChars,PASS,,,,,,,,,Oct 4 2019 3:47:57.8660 PM,Oct 4 2019 3:47:57.9010 PM,.0348
Auth_Check,Auth_Check,P203,read-58,PASS,,,,,,,,,Oct 4 2019 3:47:57.9030 PM,Oct 4 2019 3:47:57.9040 PM,.0002
Auth_Check,Auth_Check,P203,read-59,PASS,,,,,,,,,Oct 4 2019 3:47:57.9050 PM,Oct 4 2019 3:47:57.9350 PM,.03
Auth_Check,Auth_Check,P203,read-60,PASS,,,,,,,,,Oct 4 2019 3:47:57.9370 PM,Oct 4 2019 3:47:57.9650 PM,.0282
Auth_Check,Auth_Check,[P203] aid tx bd 16 2 24 71 4 10 23,sendCommandChars,PASS,,,,,,,,,Oct 4 2019 3:47:57.9660 PM,Oct 4 2019 3:47:58.0020 PM,.0361
Auth_Check,Auth_Check,P203,read-61,PASS,,,,,,,,,Oct 4 2019 3:47:58.0050 PM,Oct 4 2019 3:47:58.0050 PM,.0001
Auth_Check,Auth_Check,P203,read-62,PASS,,,,,,,,,Oct 4 2019 3:47:58.0060 PM,Oct 4 2019 3:47:58.0350 PM,.0288
Auth_Check,Auth_Check,P203,read-63,PASS,,,,,,,,,Oct 4 2019 3:47:58.0370 PM,Oct 4 2019 3:47:58.0660 PM,.0285
Auth_Check,Auth_Check,[P203] aid tx bd 17 2 24 71 4 10 23,sendCommandChars,PASS,,,,,,,,,Oct 4 2019 3:47:58.0670 PM,Oct 4 2019 3:47:58.1020 PM,.0352
Auth_Check,Auth_Check,P203,read-64,PASS,,,,,,,,,Oct 4 2019 3:47:58.1050 PM,Oct 4 2019 3:47:58.1050 PM,.0002
Auth_Check,Auth_Check,P203,read-65,PASS,,,,,,,,,Oct 4 2019 3:47:58.1060 PM,Oct 4 2019 3:47:58.1360 PM,.0295
Auth_Check,Auth_Check,P203,read-66,PASS,,,,,,,,,Oct 4 2019 3:47:58.1380 PM,Oct 4 2019 3:47:58.1660 PM,.0282
Auth_Check,Auth_Check,[P203] aid tx bd 18 2 24 71 4 10 17,sendCommandChars,PASS,,,,,,,,,Oct 4 2019 3:47:58.1670 PM,Oct 4 2019 3:47:58.2040 PM,.0365
Auth_Check,Auth_Check,P203,read-67,PASS,,,,,,,,,Oct 4 2019 3:47:58.2070 PM,Oct 4 2019 3:47:58.2070 PM,.0002
Auth_Check,Auth_Check,P203,read-68,PASS,,,,,,,,,Oct 4 2019 3:47:58.2080 PM,Oct 4 2019 3:47:58.2320 PM,.0236
Auth_Check,Auth_Check,[P203] aid tx bd 19 3 24 71 4 10 0 35,sendCommandChars,PASS,,,,,,,,,Oct 4 2019 3:47:58.2330 PM,Oct 4 2019 3:47:58.2700 PM,.0365
Auth_Check,Auth_Check,P203,read-69,PASS,,,,,,,,,Oct 4 2019 3:47:58.2730 PM,Oct 4 2019 3:47:58.2730 PM,.0001
Auth_Check,Auth_Check,P203,read-70,PASS,,,,,,,,,Oct 4 2019 3:47:58.2740 PM,Oct 4 2019 3:47:58.2970 PM,.0228
Auth_Check,Auth_Check,P203,read-71,PASS,,,,,,,,,Oct 4 2019 3:47:58.2990 PM,Oct 4 2019 3:47:58.3270 PM,.0281
Auth_Check,Auth_Check,[P203] aid tx bd 1a 2 24 71 4 10 23,sendCommandChars,PASS,,,,,,,,,Oct 4 2019 3:47:58.3280 PM,Oct 4 2019 3:47:58.3500 PM,.0217
Auth_Check,Auth_Check,P203,read-72,PASS,,,,,,,,,Oct 4 2019 3:47:58.3530 PM,Oct 4 2019 3:47:58.3650 PM,.0128
Auth_Check,Auth_Check,P203,read-73,PASS,,,,,,,,,Oct 4 2019 3:47:58.3670 PM,Oct 4 2019 3:47:58.3920 PM,.0249
Auth_Check,Auth_Check,P203,read-74,PASS,,,,,,,,,Oct 4 2019 3:47:58.3940 PM,Oct 4 2019 3:47:58.4170 PM,.0232
Auth_Check,Auth_Check,[P203] aid tx bd 1b 2 24 71 4 10 23,sendCommandChars,PASS,,,,,,,,,Oct 4 2019 3:47:58.4180 PM,Oct 4 2019 3:47:58.4550 PM,.0362
Auth_Check,Auth_Check,P203,read-75,PASS,,,,,,,,,Oct 4 2019 3:47:58.4570 PM,Oct 4 2019 3:47:58.4580 PM,.0002
Auth_Check,Auth_Check,P203,read-76,PASS,,,,,,,,,Oct 4 2019 3:47:58.4590 PM,Oct 4 2019 3:47:58.4870 PM,.0286
Auth_Check,Auth_Check,P203,read-77,PASS,,,,,,,,,Oct 4 2019 3:47:58.4890 PM,Oct 4 2019 3:47:58.5170 PM,.0281
Auth_Check,Auth_Check,[P203] aid tx bd 1c 2 24 71 4 10 19,sendCommandChars,PASS,,,,,,,,,Oct 4 2019 3:47:58.5190 PM,Oct 4 2019 3:47:58.5530 PM,.0344
Auth_Check,Auth_Check,3. Fetch cert,,PASS,,,,,,,,,Oct 4 2019 3:47:58.5550 PM,Oct 4 2019 3:47:58.5550 PM,0
Auth_Check,Auth_Check,IOFileHandle,writeCertFile,PASS,,,,,,,,,Oct 4 2019 3:47:58.5580 PM,Oct 4 2019 3:47:58.5640 PM,.006
Auth_Check,Auth_Check,4. Save cert,,PASS,,,,,,,,,Oct 4 2019 3:47:58.5670 PM,Oct 4 2019 3:47:58.5670 PM,0
Auth_Check,Auth_Check,[Hid] /usr/local/bin/mfi-cert validate-cert v3 /Users/gdlocal/Intelli_Log/cert.der,,PASS,,,,,,,,,Oct 4 2019 3:47:58.6080 PM,Oct 4 2019 3:47:58.6080 PM,0
Auth_Check,Auth_Check,IOFileHandle,writeToFile,PASS,,,,,,,,,Oct 4 2019 3:47:58.6100 PM,Oct 4 2019 3:47:58.6100 PM,.0002
Auth_Check,Auth_Check,5. Validate cert,,PASS,,,,,,,,,Oct 4 2019 3:47:58.6110 PM,Oct 4 2019 3:47:58.6110 PM,0
Auth_Check,Auth_Check,[Hid] /usr/local/bin/mfi-cert gen-challenge /Users/gdlocal/Intelli_Log/cert.der /Users/gdlocal/Intelli_Log/challenge.bin,,PASS,,,,,,,,,Oct 4 2019 3:47:58.6460 PM,Oct 4 2019 3:47:58.6460 PM,0
Auth_Check,Auth_Check,IOFileHandle,writeToFile-2,PASS,,,,,,,,,Oct 4 2019 3:47:58.6470 PM,Oct 4 2019 3:47:58.6480 PM,.0001
Auth_Check,Auth_Check,6. Generate challenge,,PASS,,,,,,,,,Oct 4 2019 3:47:58.6480 PM,Oct 4 2019 3:47:58.6480 PM,0
Auth_Check,Auth_Check,P203,read-78,PASS,,,,,,,,,Oct 4 2019 3:47:58.6570 PM,Oct 4 2019 3:47:58.6570 PM,.0001
Auth_Check,Auth_Check,P203,read-79,PASS,,,,,,,,,Oct 4 2019 3:47:58.6580 PM,Oct 4 2019 3:47:58.6880 PM,.0297
Auth_Check,Auth_Check,[P203] aid tx bd 1d 5 24 71 4 10 0 20 00 20,sendCommandChars,PASS,,,,,,,,,Oct 4 2019 3:47:58.6890 PM,Oct 4 2019 3:47:58.7270 PM,.0378
Auth_Check,Auth_Check,P203,read-80,PASS,,,,,,,,,Oct 4 2019 3:47:58.7310 PM,Oct 4 2019 3:47:58.7310 PM,.0001
Auth_Check,Auth_Check,P203,read-81,PASS,,,,,,,,,Oct 4 2019 3:47:58.7330 PM,Oct 4 2019 3:47:58.7530 PM,.0205
Auth_Check,Auth_Check,[P203] aid tx bd 1e 23 24 71 4 10 0 21 0c 42 eb e0 bf e3 87 d6 07 e4 03 82 c7 87 77 e4 82 cb 97 95 15 fd 27 11 b5 b6 b5 e6 5b 7b 2b 33,sendCommandChars,PASS,,,,,,,,,Oct 4 2019 3:47:58.7550 PM,Oct 4 2019 3:47:58.8230 PM,.0683
Auth_Check,Auth_Check,P203,read-82,PASS,,,,,,,,,Oct 4 2019 3:47:58.8260 PM,Oct 4 2019 3:47:58.8260 PM,.0002
Auth_Check,Auth_Check,P203,read-83,PASS,,,,,,,,,Oct 4 2019 3:47:58.8280 PM,Oct 4 2019 3:47:58.8480 PM,.0209
Auth_Check,Auth_Check,[P203] aid tx bd 1f 4 24 71 4 10 0 10 01,sendCommandChars,PASS,,,,,,,,,Oct 4 2019 3:47:58.8500 PM,Oct 4 2019 3:47:58.8880 PM,.0379
Auth_Check,Auth_Check,P203,read-84,PASS,,,,,,,,,Oct 4 2019 3:47:59.4650 PM,Oct 4 2019 3:47:59.4650 PM,.0002
Auth_Check,Auth_Check,P203,read-85,PASS,,,,,,,,,Oct 4 2019 3:47:59.4660 PM,Oct 4 2019 3:47:59.4920 PM,.0257
Auth_Check,Auth_Check,[P203] aid tx bd 20 3 24 71 4 10 0 10,sendCommandChars,PASS,,,,,,,,,Oct 4 2019 3:47:59.4940 PM,Oct 4 2019 3:47:59.5590 PM,.0651
Auth_Check,Auth_Check,P203,read-86,PASS,,,,,,,,,Oct 4 2019 3:47:59.5610 PM,Oct 4 2019 3:47:59.5610 PM,.0001
Auth_Check,Auth_Check,P203,read-87,PASS,,,,,,,,,Oct 4 2019 3:47:59.5630 PM,Oct 4 2019 3:47:59.5830 PM,.0206
Auth_Check,Auth_Check,P203,read-88,PASS,,,,,,,,,Oct 4 2019 3:47:59.5850 PM,Oct 4 2019 3:47:59.6130 PM,.0274
Auth_Check,Auth_Check,[P203] aid tx bd 21 2 24 71 4 10 1,sendCommandChars,PASS,,,,,,,,,Oct 4 2019 3:47:59.6140 PM,Oct 4 2019 3:47:59.6480 PM,.0345
Auth_Check,Auth_Check,7. Send challenge,,PASS,,,,,,,,,Oct 4 2019 3:47:59.6500 PM,Oct 4 2019 3:47:59.6500 PM,0
Auth_Check,Auth_Check,P203,read-89,PASS,,,,,,,,,Oct 4 2019 3:47:59.6520 PM,Oct 4 2019 3:47:59.6520 PM,.0001
Auth_Check,Auth_Check,P203,read-90,PASS,,,,,,,,,Oct 4 2019 3:47:59.6530 PM,Oct 4 2019 3:47:59.6830 PM,.0295
Auth_Check,Auth_Check,[P203] aid tx bd 22 3 24 71 4 10 0 11,sendCommandChars,PASS,,,,,,,,,Oct 4 2019 3:47:59.6840 PM,Oct 4 2019 3:47:59.7190 PM,.0351
Auth_Check,Auth_Check,P203,read-91,PASS,,,,,,,,,Oct 4 2019 3:47:59.7220 PM,Oct 4 2019 3:47:59.7220 PM,.0001
Auth_Check,Auth_Check,P203,read-92,PASS,,,,,,,,,Oct 4 2019 3:47:59.7230 PM,Oct 4 2019 3:47:59.7530 PM,.0299
Auth_Check,Auth_Check,P203,read-93,PASS,,,,,,,,,Oct 4 2019 3:47:59.7550 PM,Oct 4 2019 3:47:59.7830 PM,.0283
Auth_Check,Auth_Check,[P203] aid tx bd 23 2 24 71 4 10 2,sendCommandChars,PASS,,,,,,,,,Oct 4 2019 3:47:59.7850 PM,Oct 4 2019 3:47:59.8180 PM,.0335
Auth_Check,Auth_Check,P203,read-94,PASS,,,,,,,,,Oct 4 2019 3:47:59.8220 PM,Oct 4 2019 3:47:59.8220 PM,.0001
Auth_Check,Auth_Check,P203,read-95,PASS,,,,,,,,,Oct 4 2019 3:47:59.8230 PM,Oct 4 2019 3:47:59.8440 PM,.0207
Auth_Check,Auth_Check,[P203] aid tx bd 24 3 24 71 4 10 0 12,sendCommandChars,PASS,,,,,,,,,Oct 4 2019 3:47:59.8450 PM,Oct 4 2019 3:47:59.8810 PM,.0358
Auth_Check,Auth_Check,P203,read-96,PASS,,,,,,,,,Oct 4 2019 3:47:59.8840 PM,Oct 4 2019 3:47:59.8840 PM,.0002
Auth_Check,Auth_Check,P203,read-97,PASS,,,,,,,,,Oct 4 2019 3:47:59.8850 PM,Oct 4 2019 3:47:59.9140 PM,.0288
Auth_Check,Auth_Check,P203,read-98,PASS,,,,,,,,,Oct 4 2019 3:47:59.9160 PM,Oct 4 2019 3:47:59.9440 PM,.0282
Auth_Check,Auth_Check,[P203] aid tx bd 25 2 24 71 4 10 23,sendCommandChars,PASS,,,,,,,,,Oct 4 2019 3:47:59.9450 PM,Oct 4 2019 3:47:59.9820 PM,.0366
Auth_Check,Auth_Check,P203,read-99,PASS,,,,,,,,,Oct 4 2019 3:47:59.9850 PM,Oct 4 2019 3:47:59.9850 PM,.0002
Auth_Check,Auth_Check,P203,read-100,PASS,,,,,,,,,Oct 4 2019 3:47:59.9860 PM,Oct 4 2019 3:48:00.0120 PM,.0261
Auth_Check,Auth_Check,P203,read-101,PASS,,,,,,,,,Oct 4 2019 3:48:00.0140 PM,Oct 4 2019 3:48:00.0340 PM,.0206
Auth_Check,Auth_Check,[P203] aid tx bd 26 2 24 71 4 10 1d,sendCommandChars,PASS,,,,,,,,,Oct 4 2019 3:48:00.0360 PM,Oct 4 2019 3:48:00.0730 PM,.037
Auth_Check,Auth_Check,IOFileHandle,writeCertFile-2,PASS,,,,,,,,,Oct 4 2019 3:48:00.0760 PM,Oct 4 2019 3:48:00.0770 PM,.0017
Auth_Check,Auth_Check,8. Get challenge response,,PASS,,,,,,,,,Oct 4 2019 3:48:00.0780 PM,Oct 4 2019 3:48:00.0780 PM,0
Auth_Check,Auth_Check,[Hid] /usr/local/bin/mfi-cert verify-response /Users/gdlocal/Intelli_Log/cert.der /Users/gdlocal/Intelli_Log/challenge.bin /Users/gdlocal/Intelli_Log/challenge_resp.bin,,PASS,,,,,,,,,Oct 4 2019 3:48:00.1380 PM,Oct 4 2019 3:48:00.1380 PM,0
Auth_Check,Auth_Check,IOFileHandle,writeToFile-3,PASS,,,,,,,,,Oct 4 2019 3:48:00.1400 PM,Oct 4 2019 3:48:00.1400 PM,.0001
Auth_Check,Auth_Check,9. Verify challenge response,,PASS,,,,,,,,,Oct 4 2019 3:48:00.1410 PM,Oct 4 2019 3:48:00.1410 PM,0
Query_MLB_SN,,,,,,,,,,,,,Oct 4 2019 3:48:00.1510 PM,Oct 4 2019 3:48:00.1510 PM,.0005
Query_MLB_SN,Query_MLB_SN,Query_MLB_SN,DLX9375003TN4732A,PASS,,,,,,,,,Oct 4 2019 3:48:00.1510 PM,Oct 4 2019 3:48:00.1510 PM,0
Read_MLB_SN,,,,,,,,,,,,,Oct 4 2019 3:48:00.1530 PM,Oct 4 2019 3:48:01.2020 PM,1.0494
Read_MLB_SN,Read_MLB_SN,[Hid] /usr/local/bin/hidreport -v 0x05ac -p 0x026F -i 0 get 0x12,,PASS,,,,,,,,,Oct 4 2019 3:48:00.8240 PM,Oct 4 2019 3:48:00.8240 PM,0
Read_MLB_SN,Read_MLB_SN,IOFileHandle,writeToFile,PASS,,,,,,,,,Oct 4 2019 3:48:00.8250 PM,Oct 4 2019 3:48:00.8250 PM,.0001
Read_MLB_SN,Read_MLB_SN,Read_MLB_SN,DLX9375003TN4732A,PASS,,,,,,,,,Oct 4 2019 3:48:01.2020 PM,Oct 4 2019 3:48:01.2020 PM,0
Check_MLB_SN,,,,,,,,,,,,,Oct 4 2019 3:48:01.2050 PM,Oct 4 2019 3:48:01.2060 PM,.0018
Check_MLB_SN,Check_MLB_SN,Check_MLB_SN,,PASS,,,,,,,,,Oct 4 2019 3:48:01.2050 PM,Oct 4 2019 3:48:01.2050 PM,0
Check_MLB_SN,Check_MLB_SN,StationReportPlugin,appendReportData,PASS,,,,,,,,,Oct 4 2019 3:48:01.2060 PM,Oct 4 2019 3:48:01.2060 PM,0
Read_STFW_Version_Before_DL,,,,,,,,,,,,,Oct 4 2019 3:48:01.2080 PM,Oct 4 2019 3:48:01.6830 PM,.4748
Read_STFW_Version_Before_DL,Read_STFW_Version_Before_DL,[Hid] /usr/local/bin/hidreport -p 0x026F -i 0 get 0xB4,,PASS,,,,,,,,,Oct 4 2019 3:48:01.3060 PM,Oct 4 2019 3:48:01.3060 PM,0
Read_STFW_Version_Before_DL,Read_STFW_Version_Before_DL,IOFileHandle,writeToFile,PASS,,,,,,,,,Oct 4 2019 3:48:01.3070 PM,Oct 4 2019 3:48:01.3070 PM,.0001
Read_STFW_Version_Before_DL,Read_STFW_Version_Before_DL,Read_STFW_Version_Before_DL,0x0160,PASS,,,,,,,,,Oct 4 2019 3:48:01.6830 PM,Oct 4 2019 3:48:01.6830 PM,0
Read_STFW_Version_Before_DL,Read_STFW_Version_Before_DL,,,PASS,,352,NA,,,,,NA,Oct 4 2019 3:48:01.6830 PM,Oct 4 2019 3:48:01.6830 PM,0
Read_MTFW_Version_Before_DL,,,,,,,,,,,,,Oct 4 2019 3:48:01.6850 PM,Oct 4 2019 3:48:02.1560 PM,.4701
Read_MTFW_Version_Before_DL,Read_MTFW_Version_Before_DL,[Hid] /usr/local/bin/hidreport -p 0x026F -i 0 get 0xbb,,PASS,,,,,,,,,Oct 4 2019 3:48:01.7810 PM,Oct 4 2019 3:48:01.7810 PM,0
Read_MTFW_Version_Before_DL,Read_MTFW_Version_Before_DL,IOFileHandle,writeToFile,PASS,,,,,,,,,Oct 4 2019 3:48:01.7830 PM,Oct 4 2019 3:48:01.7830 PM,.0001
Read_MTFW_Version_Before_DL,Read_MTFW_Version_Before_DL,Read_MTFW_Version_Before_DL,0x0505,PASS,,,,,,,,,Oct 4 2019 3:48:02.1550 PM,Oct 4 2019 3:48:02.1550 PM,0
Read_MTFW_Version_Before_DL,Read_MTFW_Version_Before_DL,,,PASS,,1285,NA,,,,,NA,Oct 4 2019 3:48:02.1550 PM,Oct 4 2019 3:48:02.1550 PM,0
Read_CCG3_FW_Version,,,,,,,,,,,,,Oct 4 2019 3:48:02.1580 PM,Oct 4 2019 3:48:03.1210 PM,.9627
Read_CCG3_FW_Version,Read_CCG3_FW_Version,"[Hid] /usr/local/bin/hidreport -v 0x05ac -p 0x026F -usage 0xff00,0xb set 0xCE 0xCE 6 6 0",,PASS,,,,,,,,,Oct 4 2019 3:48:02.2490 PM,Oct 4 2019 3:48:02.2490 PM,0
Read_CCG3_FW_Version,Read_CCG3_FW_Version,IOFileHandle,writeToFile,PASS,,,,,,,,,Oct 4 2019 3:48:02.2510 PM,Oct 4 2019 3:48:02.2510 PM,.0001
Read_CCG3_FW_Version,Read_CCG3_FW_Version,"[Hid] /usr/local/bin/hidreport -p 0x026F -usage 0xff00,0xb get 0xA0",,PASS,,,,,,,,,Oct 4 2019 3:48:02.7470 PM,Oct 4 2019 3:48:02.7470 PM,0
Read_CCG3_FW_Version,Read_CCG3_FW_Version,IOFileHandle,writeToFile-2,PASS,,,,,,,,,Oct 4 2019 3:48:02.7490 PM,Oct 4 2019 3:48:02.7490 PM,.0001
Read_CCG3_FW_Version,Read_CCG3_FW_Version,Read_CCG3_FW_Version,A0 02 00 0B 00 0B 00 0B,PASS,,,,,,,,,Oct 4 2019 3:48:03.1200 PM,Oct 4 2019 3:48:03.1200 PM,0
Program_STFW,,,,,,,,,,,,,Oct 4 2019 3:48:03.1230 PM,Oct 4 2019 3:48:45.3890 PM,42.2657
Program_STFW,Program_STFW,[Hid] /usr/local/bin/hidreport -p 0x026F -i 0 get 0xBC,,PASS,,,,,,,,,Oct 4 2019 3:48:03.2200 PM,Oct 4 2019 3:48:03.2200 PM,0
Program_STFW,Program_STFW,IOFileHandle,writeToFile,PASS,,,,,,,,,Oct 4 2019 3:48:03.2210 PM,Oct 4 2019 3:48:03.2220 PM,.0002
Program_STFW,Program_STFW,[P203] ,sendCommand,PASS,,,,,,,,,Oct 4 2019 3:48:03.5990 PM,Oct 4 2019 3:48:03.6000 PM,.0008
Program_STFW,Program_STFW,[P203] flags ~ro,sendCommandChars,PASS,,,,,,,,,Oct 4 2019 3:48:03.6010 PM,Oct 4 2019 3:48:03.6050 PM,.0035
Program_STFW,Program_STFW,P203,read,PASS,,,,,,,,,Oct 4 2019 3:48:03.6060 PM,Oct 4 2019 3:48:03.6060 PM,.0001
Program_STFW,Program_STFW,P203,read-2,PASS,,,,,,,,,Oct 4 2019 3:48:03.6070 PM,Oct 4 2019 3:48:03.6180 PM,.0111
Program_STFW,Program_STFW,P203,read-3,PASS,,,,,,,,,Oct 4 2019 3:48:03.6200 PM,Oct 4 2019 3:48:03.6200 PM,.0002
Program_STFW,Program_STFW,P203,read-4,PASS,,,,,,,,,Oct 4 2019 3:48:03.6210 PM,Oct 4 2019 3:48:03.6430 PM,.0218
Program_STFW,Program_STFW,[P203] aid hsena 1,sendCommandChars,PASS,,,,,,,,,Oct 4 2019 3:48:03.6440 PM,Oct 4 2019 3:48:03.6820 PM,.0381
Program_STFW,Program_STFW,P203,read-5,PASS,,,,,,,,,Oct 4 2019 3:48:03.6840 PM,Oct 4 2019 3:48:03.6840 PM,.0001
Program_STFW,Program_STFW,P203,read-6,PASS,,,,,,,,,Oct 4 2019 3:48:03.6850 PM,Oct 4 2019 3:48:03.7130 PM,.028
Program_STFW,Program_STFW,HSAID enabled,,PASS,,,,,,,,,Oct 4 2019 3:48:03.7140 PM,Oct 4 2019 3:48:03.7140 PM,0
Program_STFW,Program_STFW,[Hid] /usr/local/bin/shfuc -n -v 0x05ac -p 0x026F -f /usr/local/bin/R128-v0x0160-dev-signed.128.P2.afu,,PASS,,,,,,,,,Oct 4 2019 3:48:35.7200 PM,Oct 4 2019 3:48:35.7200 PM,0
Program_STFW,Program_STFW,IOFileHandle,writeToFile-2,PASS,,,,,,,,,Oct 4 2019 3:48:35.7210 PM,Oct 4 2019 3:48:35.7210 PM,.0001
Program_STFW,Program_STFW,Program_STFW,,PASS,,,,,,,,,Oct 4 2019 3:48:36.0960 PM,Oct 4 2019 3:48:36.0960 PM,0
Program_STFW,Program_STFW,StationReportPlugin,appendReportData,PASS,,,,,,,,,Oct 4 2019 3:48:36.0970 PM,Oct 4 2019 3:48:36.0970 PM,0
Program_STFW,Program_STFW,[ECB] SIGNAL CONTROL(0),sendCommand,PASS,,,,,,,,,Oct 4 2019 3:48:39.1640 PM,Oct 4 2019 3:48:39.1920 PM,.0278
Program_STFW,Program_STFW,[ECB] SIGNAL CONTROL(1),sendCommand,PASS,,,,,,,,,Oct 4 2019 3:48:42.2610 PM,Oct 4 2019 3:48:42.2890 PM,.0284
Program_STFW,Program_STFW,P203,read-7,PASS,,,,,,,,,Oct 4 2019 3:48:45.3580 PM,Oct 4 2019 3:48:45.3880 PM,.0294
Program_MTFW,,,,,,,,,,,,,Oct 4 2019 3:48:45.3920 PM,Oct 4 2019 3:49:10.9390 PM,25.5473
Program_MTFW,Program_MTFW,[Hid] /usr/local/bin/hidreport -p 0x026F -i 0 get 0xBC,,PASS,,,,,,,,,Oct 4 2019 3:48:45.4400 PM,Oct 4 2019 3:48:45.4400 PM,0
Program_MTFW,Program_MTFW,IOFileHandle,writeToFile,PASS,,,,,,,,,Oct 4 2019 3:48:45.4410 PM,Oct 4 2019 3:48:45.4470 PM,.0058
Program_MTFW,Program_MTFW,[P203] ,sendCommand,PASS,,,,,,,,,Oct 4 2019 3:48:45.8210 PM,Oct 4 2019 3:48:45.8290 PM,.0076
Program_MTFW,Program_MTFW,[P203] flags ~ro,sendCommandChars,PASS,,,,,,,,,Oct 4 2019 3:48:45.8300 PM,Oct 4 2019 3:48:45.8330 PM,.0034
Program_MTFW,Program_MTFW,P203,read,PASS,,,,,,,,,Oct 4 2019 3:48:45.8350 PM,Oct 4 2019 3:48:45.8450 PM,.0101
Program_MTFW,Program_MTFW,P203,read-2,PASS,,,,,,,,,Oct 4 2019 3:48:45.8460 PM,Oct 4 2019 3:48:45.8460 PM,.0001
Program_MTFW,Program_MTFW,P203,read-3,PASS,,,,,,,,,Oct 4 2019 3:48:45.8480 PM,Oct 4 2019 3:48:45.8700 PM,.0224
Program_MTFW,Program_MTFW,[P203] aid hsena 1,sendCommandChars,PASS,,,,,,,,,Oct 4 2019 3:48:45.8710 PM,Oct 4 2019 3:48:45.9090 PM,.0374
Program_MTFW,Program_MTFW,P203,read-4,PASS,,,,,,,,,Oct 4 2019 3:48:45.9100 PM,Oct 4 2019 3:48:45.9100 PM,.0002
Program_MTFW,Program_MTFW,P203,read-5,PASS,,,,,,,,,Oct 4 2019 3:48:45.9120 PM,Oct 4 2019 3:48:45.9400 PM,.0286
Program_MTFW,Program_MTFW,HSAID enabled,,PASS,,,,,,,,,Oct 4 2019 3:48:45.9410 PM,Oct 4 2019 3:48:45.9410 PM,0
Program_MTFW,Program_MTFW,[Hid] /usr/local/bin/shfuc -n -v 0x05ac -p 0x026F -f /usr/local/bin/R128-MTFW-0x0505.HW3.dev-sig.afu,,PASS,,,,,,,,,Oct 4 2019 3:48:54.2940 PM,Oct 4 2019 3:48:54.2940 PM,0
Program_MTFW,Program_MTFW,IOFileHandle,writeToFile-2,PASS,,,,,,,,,Oct 4 2019 3:48:54.2950 PM,Oct 4 2019 3:48:54.2960 PM,.0006
Program_MTFW,Program_MTFW,Program_MTFW,,PASS,,,,,,,,,Oct 4 2019 3:48:54.6710 PM,Oct 4 2019 3:48:54.6710 PM,0
Program_MTFW,Program_MTFW,StationReportPlugin,appendReportData,PASS,,,,,,,,,Oct 4 2019 3:48:54.6720 PM,Oct 4 2019 3:48:54.6720 PM,0
Program_MTFW,Program_MTFW,[ECB] SIGNAL CONTROL(0),sendCommand,PASS,,,,,,,,,Oct 4 2019 3:49:04.7440 PM,Oct 4 2019 3:49:04.7630 PM,.0186
Program_MTFW,Program_MTFW,[ECB] SIGNAL CONTROL(1),sendCommand,PASS,,,,,,,,,Oct 4 2019 3:49:07.8310 PM,Oct 4 2019 3:49:07.8450 PM,.0137
Program_MTFW,Program_MTFW,P203,read-6,PASS,,,,,,,,,Oct 4 2019 3:49:10.9160 PM,Oct 4 2019 3:49:10.9380 PM,.0226
Read_STFW_Version_After_DL,,,,,,,,,,,,,Oct 4 2019 3:49:10.9420 PM,Oct 4 2019 3:49:11.3610 PM,.419
Read_STFW_Version_After_DL,Read_STFW_Version_After_DL,[Hid] /usr/local/bin/hidreport -p 0x026F -i 0 get 0xB4,,PASS,,,,,,,,,Oct 4 2019 3:49:10.9870 PM,Oct 4 2019 3:49:10.9870 PM,0
Read_STFW_Version_After_DL,Read_STFW_Version_After_DL,IOFileHandle,writeToFile,PASS,,,,,,,,,Oct 4 2019 3:49:10.9890 PM,Oct 4 2019 3:49:10.9890 PM,.0002
Read_STFW_Version_After_DL,Read_STFW_Version_After_DL,Read_STFW_Version_After_DL,0x0160,PASS,,,,,,,,,Oct 4 2019 3:49:11.3600 PM,Oct 4 2019 3:49:11.3600 PM,0
Read_STFW_Version_After_DL,Read_STFW_Version_After_DL,,,PASS,,352,,352,352,,,,Oct 4 2019 3:49:11.3610 PM,Oct 4 2019 3:49:11.3610 PM,0
Read_MTFW_Version_After_DL,,,,,,,,,,,,,Oct 4 2019 3:49:11.3640 PM,Oct 4 2019 3:49:11.7880 PM,.4238
Read_MTFW_Version_After_DL,Read_MTFW_Version_After_DL,[Hid] /usr/local/bin/hidreport -p 0x026F -i 0 get 0xbb,,PASS,,,,,,,,,Oct 4 2019 3:49:11.4110 PM,Oct 4 2019 3:49:11.4110 PM,0
Read_MTFW_Version_After_DL,Read_MTFW_Version_After_DL,IOFileHandle,writeToFile,PASS,,,,,,,,,Oct 4 2019 3:49:11.4130 PM,Oct 4 2019 3:49:11.4130 PM,.0001
Read_MTFW_Version_After_DL,Read_MTFW_Version_After_DL,Read_MTFW_Version_After_DL,0x0505,PASS,,,,,,,,,Oct 4 2019 3:49:11.7870 PM,Oct 4 2019 3:49:11.7870 PM,0
Read_MTFW_Version_After_DL,Read_MTFW_Version_After_DL,,,PASS,,1285,,1285,1285,,,,Oct 4 2019 3:49:11.7870 PM,Oct 4 2019 3:49:11.7870 PM,0
Finish_DRCB,,,,,,,,,,,,,Oct 4 2019 3:49:11.7900 PM,Oct 4 2019 3:49:12.1890 PM,.3993
Finish_DRCB,Finish_DRCB,DRCB,Finish,PASS,,,,,,,,,Oct 4 2019 3:49:11.7910 PM,Oct 4 2019 3:49:12.1680 PM,.377
Finish_DRCB,Finish_DRCB,[ECB] FIXTURE STOP,sendCommand,PASS,,,,,,,,,Oct 4 2019 3:49:12.1700 PM,Oct 4 2019 3:49:12.1890 PM,.0185
