Test,Plugin,Command,Status,Info,Start Time,End Time,Duration (s)
Scan_SN,com.apple.hwte.atlas.AppPlugin,show-form,PASS,,Oct 4 2019 3:47:40.8680 PM,Oct 4 2019 3:47:42.4590 PM,1.5908
Scan_SN,ECB,changeDelimiter,PASS,,Oct 4 2019 3:47:42.4610 PM,Oct 4 2019 3:47:42.4610 PM,.0001
Scan_SN,ECB,changeLineTerminator,PASS,,Oct 4 2019 3:47:42.4620 PM,Oct 4 2019 3:47:42.4620 PM,0
Scan_SN,ECB,open,PASS,,Oct 4 2019 3:47:42.4640 PM,Oct 4 2019 3:47:44.0550 PM,1.5909
Scan_SN,ECB,read,PASS,,Oct 4 2019 3:47:44.0570 PM,Oct 4 2019 3:47:44.0850 PM,.0289
Scan_SN,P203,changeDelimiter,PASS,,Oct 4 2019 3:47:44.0870 PM,Oct 4 2019 3:47:44.0870 PM,.0001
Scan_SN,P203,changeLineTerminator,PASS,,Oct 4 2019 3:47:44.0890 PM,Oct 4 2019 3:47:44.0890 PM,0
Scan_SN,P203,open,PASS,,Oct 4 2019 3:47:44.0910 PM,Oct 4 2019 3:47:45.6850 PM,1.5944
Scan_SN,P203,read,PASS,,Oct 4 2019 3:47:45.6870 PM,Oct 4 2019 3:47:45.7070 PM,.0209
Scan_SN,ECB,sendCommand,PASS,,Oct 4 2019 3:47:46.2800 PM,Oct 4 2019 3:47:46.3020 PM,.022
Scan_SN,IOFileHandle,writeToFile,PASS,,Oct 4 2019 3:47:48.4070 PM,Oct 4 2019 3:47:48.4070 PM,.0005
Scan_SN,StationReportPlugin,isReporting,PASS,,Oct 4 2019 3:47:48.4100 PM,Oct 4 2019 3:47:48.4100 PM,0
EP_DISABLE_TP,IOFileHandle,writeToFile,PASS,,Oct 4 2019 3:47:48.5120 PM,Oct 4 2019 3:47:48.5120 PM,.0003
EP_DISABLE_TP,IOFileHandle,writeToFile,PASS,,Oct 4 2019 3:47:48.9810 PM,Oct 4 2019 3:47:48.9810 PM,.0002
EP_DISABLE_TP,ECB,sendCommand,PASS,,Oct 4 2019 3:47:49.3550 PM,Oct 4 2019 3:47:49.3840 PM,.0296
EP_DISABLE_TP,ECB,sendCommand,PASS,,Oct 4 2019 3:47:52.4520 PM,Oct 4 2019 3:47:52.4670 PM,.0148
EP_DISABLE_TP,P203,read,PASS,,Oct 4 2019 3:47:55.5370 PM,Oct 4 2019 3:47:55.5660 PM,.0295
EP_DISABLE_TP,IOFileHandle,writeToFile,PASS,,Oct 4 2019 3:47:55.6040 PM,Oct 4 2019 3:47:55.6040 PM,.0002
Start_Data_Reporting,DRCB,startDataReporting,PASS,,Oct 4 2019 3:47:55.6110 PM,Oct 4 2019 3:47:55.6200 PM,.0085
Get_SFC_Info,SFCSupport,getAttribute,PASS,,Oct 4 2019 3:47:55.6250 PM,Oct 4 2019 3:47:55.6540 PM,.0295
Get_SFC_Info,SFCSupport,getAttribute,PASS,,Oct 4 2019 3:47:55.6570 PM,Oct 4 2019 3:47:55.6610 PM,.0041
Get_SFC_Info,SFCSupport,getAttribute,PASS,,Oct 4 2019 3:47:55.6620 PM,Oct 4 2019 3:47:55.6660 PM,.004
Get_SFC_Info,SFCSupport,getAttribute,PASS,,Oct 4 2019 3:47:55.6680 PM,Oct 4 2019 3:47:55.6720 PM,.0042
Start_Control_Bit,DRCB,startControlBits,PASS,,Oct 4 2019 3:47:55.6930 PM,Oct 4 2019 3:47:55.9880 PM,.2955
P203_FW,P203,sendCommand,PASS,,Oct 4 2019 3:47:55.9920 PM,Oct 4 2019 3:47:56.0110 PM,.0185
Auth_Check,P203,read,PASS,,Oct 4 2019 3:47:56.0160 PM,Oct 4 2019 3:47:56.0160 PM,.0002
Auth_Check,P203,read,PASS,,Oct 4 2019 3:47:56.0170 PM,Oct 4 2019 3:47:56.0430 PM,.0253
Auth_Check,P203,sendCommandChars,PASS,,Oct 4 2019 3:47:56.0440 PM,Oct 4 2019 3:47:56.1100 PM,.0656
Auth_Check,P203,read,PASS,,Oct 4 2019 3:47:56.1150 PM,Oct 4 2019 3:47:56.1150 PM,.0002
Auth_Check,P203,read,PASS,,Oct 4 2019 3:47:56.1160 PM,Oct 4 2019 3:47:56.1370 PM,.0213
Auth_Check,P203,read,PASS,,Oct 4 2019 3:47:56.1390 PM,Oct 4 2019 3:47:56.1680 PM,.0285
Auth_Check,P203,sendCommandChars,PASS,,Oct 4 2019 3:47:56.1690 PM,Oct 4 2019 3:47:56.1890 PM,.0201
Auth_Check,P203,read,PASS,,Oct 4 2019 3:47:56.1930 PM,Oct 4 2019 3:47:56.2040 PM,.0116
Auth_Check,P203,read,PASS,,Oct 4 2019 3:47:56.2060 PM,Oct 4 2019 3:47:56.2280 PM,.0219
Auth_Check,P203,sendCommandChars,PASS,,Oct 4 2019 3:47:56.2290 PM,Oct 4 2019 3:47:56.2500 PM,.0208
Auth_Check,P203,read,PASS,,Oct 4 2019 3:47:56.2530 PM,Oct 4 2019 3:47:56.2530 PM,.0002
Auth_Check,P203,read,PASS,,Oct 4 2019 3:47:56.2550 PM,Oct 4 2019 3:47:56.2780 PM,.0229
Auth_Check,P203,read,PASS,,Oct 4 2019 3:47:56.2800 PM,Oct 4 2019 3:47:56.3050 PM,.0254
Auth_Check,P203,sendCommandChars,PASS,,Oct 4 2019 3:47:56.3070 PM,Oct 4 2019 3:47:56.3410 PM,.034
Auth_Check,P203,read,PASS,,Oct 4 2019 3:47:56.3440 PM,Oct 4 2019 3:47:56.3440 PM,.0002
Auth_Check,P203,read,PASS,,Oct 4 2019 3:47:56.3450 PM,Oct 4 2019 3:47:56.3680 PM,.0229
Auth_Check,P203,sendCommandChars,PASS,,Oct 4 2019 3:47:56.3700 PM,Oct 4 2019 3:47:56.4060 PM,.0366
Auth_Check,P203,read,PASS,,Oct 4 2019 3:47:56.4090 PM,Oct 4 2019 3:47:56.4090 PM,.0002
Auth_Check,P203,read,PASS,,Oct 4 2019 3:47:56.4100 PM,Oct 4 2019 3:47:56.4390 PM,.0285
Auth_Check,P203,read,PASS,,Oct 4 2019 3:47:56.4410 PM,Oct 4 2019 3:47:56.4690 PM,.0282
Auth_Check,P203,sendCommandChars,PASS,,Oct 4 2019 3:47:56.4700 PM,Oct 4 2019 3:47:56.5060 PM,.0359
Auth_Check,P203,read,PASS,,Oct 4 2019 3:47:56.5090 PM,Oct 4 2019 3:47:56.5090 PM,.0002
Auth_Check,P203,read,PASS,,Oct 4 2019 3:47:56.5100 PM,Oct 4 2019 3:47:56.5390 PM,.0288
Auth_Check,P203,read,PASS,,Oct 4 2019 3:47:56.5410 PM,Oct 4 2019 3:47:56.5690 PM,.0281
Auth_Check,P203,sendCommandChars,PASS,,Oct 4 2019 3:47:56.5700 PM,Oct 4 2019 3:47:56.6070 PM,.0365
Auth_Check,P203,read,PASS,,Oct 4 2019 3:47:56.6100 PM,Oct 4 2019 3:47:56.6100 PM,.0002
Auth_Check,P203,read,PASS,,Oct 4 2019 3:47:56.6110 PM,Oct 4 2019 3:47:56.6390 PM,.0283
Auth_Check,P203,read,PASS,,Oct 4 2019 3:47:56.6410 PM,Oct 4 2019 3:47:56.6690 PM,.0282
Auth_Check,P203,sendCommandChars,PASS,,Oct 4 2019 3:47:56.6710 PM,Oct 4 2019 3:47:56.7060 PM,.0349
Auth_Check,P203,read,PASS,,Oct 4 2019 3:47:56.7080 PM,Oct 4 2019 3:47:56.7090 PM,.0001
Auth_Check,P203,read,PASS,,Oct 4 2019 3:47:56.7100 PM,Oct 4 2019 3:47:56.7400 PM,.0301
Auth_Check,P203,read,PASS,,Oct 4 2019 3:47:56.7420 PM,Oct 4 2019 3:47:56.7700 PM,.0283
Auth_Check,P203,sendCommandChars,PASS,,Oct 4 2019 3:47:56.7710 PM,Oct 4 2019 3:47:56.8070 PM,.0352
Auth_Check,P203,read,PASS,,Oct 4 2019 3:47:56.8100 PM,Oct 4 2019 3:47:56.8100 PM,.0002
Auth_Check,P203,read,PASS,,Oct 4 2019 3:47:56.8110 PM,Oct 4 2019 3:47:56.8400 PM,.029
Auth_Check,P203,sendCommandChars,PASS,,Oct 4 2019 3:47:56.8420 PM,Oct 4 2019 3:47:56.8770 PM,.0349
Auth_Check,P203,read,PASS,,Oct 4 2019 3:47:56.8790 PM,Oct 4 2019 3:47:56.8790 PM,.0002
Auth_Check,P203,read,PASS,,Oct 4 2019 3:47:56.8800 PM,Oct 4 2019 3:47:56.9100 PM,.03
Auth_Check,P203,read,PASS,,Oct 4 2019 3:47:56.9120 PM,Oct 4 2019 3:47:56.9410 PM,.0285
Auth_Check,P203,sendCommandChars,PASS,,Oct 4 2019 3:47:56.9420 PM,Oct 4 2019 3:47:56.9770 PM,.0351
Auth_Check,P203,read,PASS,,Oct 4 2019 3:47:56.9800 PM,Oct 4 2019 3:47:56.9800 PM,.0002
Auth_Check,P203,read,PASS,,Oct 4 2019 3:47:56.9810 PM,Oct 4 2019 3:47:57.0110 PM,.0297
Auth_Check,P203,read,PASS,,Oct 4 2019 3:47:57.0130 PM,Oct 4 2019 3:47:57.0410 PM,.0282
Auth_Check,P203,sendCommandChars,PASS,,Oct 4 2019 3:47:57.0420 PM,Oct 4 2019 3:47:57.0770 PM,.0347
Auth_Check,P203,read,PASS,,Oct 4 2019 3:47:57.0800 PM,Oct 4 2019 3:47:57.0800 PM,.0002
Auth_Check,P203,read,PASS,,Oct 4 2019 3:47:57.0810 PM,Oct 4 2019 3:47:57.1110 PM,.0302
Auth_Check,P203,read,PASS,,Oct 4 2019 3:47:57.1130 PM,Oct 4 2019 3:47:57.1420 PM,.0285
Auth_Check,P203,sendCommandChars,PASS,,Oct 4 2019 3:47:57.1430 PM,Oct 4 2019 3:47:57.1790 PM,.036
Auth_Check,P203,read,PASS,,Oct 4 2019 3:47:57.1820 PM,Oct 4 2019 3:47:57.1820 PM,.0002
Auth_Check,P203,read,PASS,,Oct 4 2019 3:47:57.1830 PM,Oct 4 2019 3:47:57.2040 PM,.0209
Auth_Check,P203,read,PASS,,Oct 4 2019 3:47:57.2060 PM,Oct 4 2019 3:47:57.2320 PM,.026
Auth_Check,P203,sendCommandChars,PASS,,Oct 4 2019 3:47:57.2330 PM,Oct 4 2019 3:47:57.2690 PM,.0355
Auth_Check,P203,read,PASS,,Oct 4 2019 3:47:57.2720 PM,Oct 4 2019 3:47:57.2720 PM,.0002
Auth_Check,P203,read,PASS,,Oct 4 2019 3:47:57.2730 PM,Oct 4 2019 3:47:57.3010 PM,.0273
Auth_Check,P203,sendCommandChars,PASS,,Oct 4 2019 3:47:57.3020 PM,Oct 4 2019 3:47:57.3380 PM,.0357
Auth_Check,P203,read,PASS,,Oct 4 2019 3:47:57.3400 PM,Oct 4 2019 3:47:57.3400 PM,.0001
Auth_Check,P203,read,PASS,,Oct 4 2019 3:47:57.3410 PM,Oct 4 2019 3:47:57.3640 PM,.0222
Auth_Check,P203,read,PASS,,Oct 4 2019 3:47:57.3660 PM,Oct 4 2019 3:47:57.3930 PM,.0269
Auth_Check,P203,sendCommandChars,PASS,,Oct 4 2019 3:47:57.3940 PM,Oct 4 2019 3:47:57.4300 PM,.0356
Auth_Check,P203,read,PASS,,Oct 4 2019 3:47:57.4320 PM,Oct 4 2019 3:47:57.4330 PM,.0002
Auth_Check,P203,read,PASS,,Oct 4 2019 3:47:57.4340 PM,Oct 4 2019 3:47:57.4630 PM,.0292
Auth_Check,P203,read,PASS,,Oct 4 2019 3:47:57.4650 PM,Oct 4 2019 3:47:57.4930 PM,.0283
Auth_Check,P203,sendCommandChars,PASS,,Oct 4 2019 3:47:57.4940 PM,Oct 4 2019 3:47:57.5300 PM,.0357
Auth_Check,P203,read,PASS,,Oct 4 2019 3:47:57.5330 PM,Oct 4 2019 3:47:57.5330 PM,.0002
Auth_Check,P203,read,PASS,,Oct 4 2019 3:47:57.5340 PM,Oct 4 2019 3:47:57.5610 PM,.0268
Auth_Check,P203,read,PASS,,Oct 4 2019 3:47:57.5640 PM,Oct 4 2019 3:47:57.5930 PM,.029
Auth_Check,P203,sendCommandChars,PASS,,Oct 4 2019 3:47:57.5950 PM,Oct 4 2019 3:47:57.6300 PM,.0353
Auth_Check,P203,read,PASS,,Oct 4 2019 3:47:57.6330 PM,Oct 4 2019 3:47:57.6330 PM,.0002
Auth_Check,P203,read,PASS,,Oct 4 2019 3:47:57.6340 PM,Oct 4 2019 3:47:57.6640 PM,.0295
Auth_Check,P203,read,PASS,,Oct 4 2019 3:47:57.6660 PM,Oct 4 2019 3:47:57.6940 PM,.0283
Auth_Check,P203,sendCommandChars,PASS,,Oct 4 2019 3:47:57.6950 PM,Oct 4 2019 3:47:57.7310 PM,.0356
Auth_Check,P203,read,PASS,,Oct 4 2019 3:47:57.7340 PM,Oct 4 2019 3:47:57.7340 PM,.0002
Auth_Check,P203,read,PASS,,Oct 4 2019 3:47:57.7350 PM,Oct 4 2019 3:47:57.7640 PM,.0286
Auth_Check,P203,sendCommandChars,PASS,,Oct 4 2019 3:47:57.7650 PM,Oct 4 2019 3:47:57.8010 PM,.0354
Auth_Check,P203,read,PASS,,Oct 4 2019 3:47:57.8030 PM,Oct 4 2019 3:47:57.8030 PM,.0002
Auth_Check,P203,read,PASS,,Oct 4 2019 3:47:57.8050 PM,Oct 4 2019 3:47:57.8340 PM,.0297
Auth_Check,P203,read,PASS,,Oct 4 2019 3:47:57.8360 PM,Oct 4 2019 3:47:57.8640 PM,.0282
Auth_Check,P203,sendCommandChars,PASS,,Oct 4 2019 3:47:57.8660 PM,Oct 4 2019 3:47:57.9010 PM,.0349
Auth_Check,P203,read,PASS,,Oct 4 2019 3:47:57.9030 PM,Oct 4 2019 3:47:57.9040 PM,.0002
Auth_Check,P203,read,PASS,,Oct 4 2019 3:47:57.9050 PM,Oct 4 2019 3:47:57.9350 PM,.03
Auth_Check,P203,read,PASS,,Oct 4 2019 3:47:57.9370 PM,Oct 4 2019 3:47:57.9650 PM,.0282
Auth_Check,P203,sendCommandChars,PASS,,Oct 4 2019 3:47:57.9660 PM,Oct 4 2019 3:47:58.0020 PM,.0361
Auth_Check,P203,read,PASS,,Oct 4 2019 3:47:58.0050 PM,Oct 4 2019 3:47:58.0050 PM,.0002
Auth_Check,P203,read,PASS,,Oct 4 2019 3:47:58.0060 PM,Oct 4 2019 3:47:58.0350 PM,.0288
Auth_Check,P203,read,PASS,,Oct 4 2019 3:47:58.0370 PM,Oct 4 2019 3:47:58.0660 PM,.0285
Auth_Check,P203,sendCommandChars,PASS,,Oct 4 2019 3:47:58.0670 PM,Oct 4 2019 3:47:58.1020 PM,.0352
Auth_Check,P203,read,PASS,,Oct 4 2019 3:47:58.1050 PM,Oct 4 2019 3:47:58.1050 PM,.0002
Auth_Check,P203,read,PASS,,Oct 4 2019 3:47:58.1060 PM,Oct 4 2019 3:47:58.1360 PM,.0295
Auth_Check,P203,read,PASS,,Oct 4 2019 3:47:58.1380 PM,Oct 4 2019 3:47:58.1660 PM,.0282
Auth_Check,P203,sendCommandChars,PASS,,Oct 4 2019 3:47:58.1670 PM,Oct 4 2019 3:47:58.2040 PM,.0366
Auth_Check,P203,read,PASS,,Oct 4 2019 3:47:58.2070 PM,Oct 4 2019 3:47:58.2070 PM,.0002
Auth_Check,P203,read,PASS,,Oct 4 2019 3:47:58.2080 PM,Oct 4 2019 3:47:58.2320 PM,.0236
Auth_Check,P203,sendCommandChars,PASS,,Oct 4 2019 3:47:58.2330 PM,Oct 4 2019 3:47:58.2700 PM,.0365
Auth_Check,P203,read,PASS,,Oct 4 2019 3:47:58.2730 PM,Oct 4 2019 3:47:58.2730 PM,.0002
Auth_Check,P203,read,PASS,,Oct 4 2019 3:47:58.2740 PM,Oct 4 2019 3:47:58.2970 PM,.0229
Auth_Check,P203,read,PASS,,Oct 4 2019 3:47:58.2990 PM,Oct 4 2019 3:47:58.3270 PM,.0281
Auth_Check,P203,sendCommandChars,PASS,,Oct 4 2019 3:47:58.3280 PM,Oct 4 2019 3:47:58.3500 PM,.0218
Auth_Check,P203,read,PASS,,Oct 4 2019 3:47:58.3530 PM,Oct 4 2019 3:47:58.3650 PM,.0128
Auth_Check,P203,read,PASS,,Oct 4 2019 3:47:58.3670 PM,Oct 4 2019 3:47:58.3920 PM,.0249
Auth_Check,P203,read,PASS,,Oct 4 2019 3:47:58.3940 PM,Oct 4 2019 3:47:58.4170 PM,.0232
Auth_Check,P203,sendCommandChars,PASS,,Oct 4 2019 3:47:58.4180 PM,Oct 4 2019 3:47:58.4550 PM,.0362
Auth_Check,P203,read,PASS,,Oct 4 2019 3:47:58.4570 PM,Oct 4 2019 3:47:58.4580 PM,.0002
Auth_Check,P203,read,PASS,,Oct 4 2019 3:47:58.4590 PM,Oct 4 2019 3:47:58.4870 PM,.0286
Auth_Check,P203,read,PASS,,Oct 4 2019 3:47:58.4890 PM,Oct 4 2019 3:47:58.5180 PM,.0281
Auth_Check,P203,sendCommandChars,PASS,,Oct 4 2019 3:47:58.5190 PM,Oct 4 2019 3:47:58.5530 PM,.0344
Auth_Check,IOFileHandle,writeCertFile,PASS,,Oct 4 2019 3:47:58.5580 PM,Oct 4 2019 3:47:58.5640 PM,.0061
Auth_Check,IOFileHandle,writeToFile,PASS,,Oct 4 2019 3:47:58.6100 PM,Oct 4 2019 3:47:58.6100 PM,.0002
Auth_Check,IOFileHandle,writeToFile,PASS,,Oct 4 2019 3:47:58.6470 PM,Oct 4 2019 3:47:58.6480 PM,.0001
Auth_Check,P203,read,PASS,,Oct 4 2019 3:47:58.6570 PM,Oct 4 2019 3:47:58.6570 PM,.0002
Auth_Check,P203,read,PASS,,Oct 4 2019 3:47:58.6580 PM,Oct 4 2019 3:47:58.6880 PM,.0297
Auth_Check,P203,sendCommandChars,PASS,,Oct 4 2019 3:47:58.6890 PM,Oct 4 2019 3:47:58.7270 PM,.0378
Auth_Check,P203,read,PASS,,Oct 4 2019 3:47:58.7310 PM,Oct 4 2019 3:47:58.7310 PM,.0002
Auth_Check,P203,read,PASS,,Oct 4 2019 3:47:58.7330 PM,Oct 4 2019 3:47:58.7530 PM,.0205
Auth_Check,P203,sendCommandChars,PASS,,Oct 4 2019 3:47:58.7550 PM,Oct 4 2019 3:47:58.8230 PM,.0683
Auth_Check,P203,read,PASS,,Oct 4 2019 3:47:58.8260 PM,Oct 4 2019 3:47:58.8260 PM,.0002
Auth_Check,P203,read,PASS,,Oct 4 2019 3:47:58.8280 PM,Oct 4 2019 3:47:58.8480 PM,.0209
Auth_Check,P203,sendCommandChars,PASS,,Oct 4 2019 3:47:58.8500 PM,Oct 4 2019 3:47:58.8880 PM,.0379
Auth_Check,P203,read,PASS,,Oct 4 2019 3:47:59.4650 PM,Oct 4 2019 3:47:59.4650 PM,.0002
Auth_Check,P203,read,PASS,,Oct 4 2019 3:47:59.4660 PM,Oct 4 2019 3:47:59.4920 PM,.0257
Auth_Check,P203,sendCommandChars,PASS,,Oct 4 2019 3:47:59.4940 PM,Oct 4 2019 3:47:59.5590 PM,.0652
Auth_Check,P203,read,PASS,,Oct 4 2019 3:47:59.5610 PM,Oct 4 2019 3:47:59.5610 PM,.0002
Auth_Check,P203,read,PASS,,Oct 4 2019 3:47:59.5630 PM,Oct 4 2019 3:47:59.5830 PM,.0206
Auth_Check,P203,read,PASS,,Oct 4 2019 3:47:59.5850 PM,Oct 4 2019 3:47:59.6130 PM,.0274
Auth_Check,P203,sendCommandChars,PASS,,Oct 4 2019 3:47:59.6140 PM,Oct 4 2019 3:47:59.6480 PM,.0345
Auth_Check,P203,read,PASS,,Oct 4 2019 3:47:59.6520 PM,Oct 4 2019 3:47:59.6520 PM,.0001
Auth_Check,P203,read,PASS,,Oct 4 2019 3:47:59.6530 PM,Oct 4 2019 3:47:59.6830 PM,.0296
Auth_Check,P203,sendCommandChars,PASS,,Oct 4 2019 3:47:59.6840 PM,Oct 4 2019 3:47:59.7190 PM,.0351
Auth_Check,P203,read,PASS,,Oct 4 2019 3:47:59.7220 PM,Oct 4 2019 3:47:59.7220 PM,.0001
Auth_Check,P203,read,PASS,,Oct 4 2019 3:47:59.7230 PM,Oct 4 2019 3:47:59.7530 PM,.0299
Auth_Check,P203,read,PASS,,Oct 4 2019 3:47:59.7550 PM,Oct 4 2019 3:47:59.7830 PM,.0283
Auth_Check,P203,sendCommandChars,PASS,,Oct 4 2019 3:47:59.7850 PM,Oct 4 2019 3:47:59.8180 PM,.0335
Auth_Check,P203,read,PASS,,Oct 4 2019 3:47:59.8220 PM,Oct 4 2019 3:47:59.8220 PM,.0001
Auth_Check,P203,read,PASS,,Oct 4 2019 3:47:59.8230 PM,Oct 4 2019 3:47:59.8440 PM,.0207
Auth_Check,P203,sendCommandChars,PASS,,Oct 4 2019 3:47:59.8450 PM,Oct 4 2019 3:47:59.8810 PM,.0358
Auth_Check,P203,read,PASS,,Oct 4 2019 3:47:59.8840 PM,Oct 4 2019 3:47:59.8840 PM,.0002
Auth_Check,P203,read,PASS,,Oct 4 2019 3:47:59.8850 PM,Oct 4 2019 3:47:59.9140 PM,.0288
Auth_Check,P203,read,PASS,,Oct 4 2019 3:47:59.9160 PM,Oct 4 2019 3:47:59.9440 PM,.0282
Auth_Check,P203,sendCommandChars,PASS,,Oct 4 2019 3:47:59.9450 PM,Oct 4 2019 3:47:59.9820 PM,.0366
Auth_Check,P203,read,PASS,,Oct 4 2019 3:47:59.9850 PM,Oct 4 2019 3:47:59.9850 PM,.0002
Auth_Check,P203,read,PASS,,Oct 4 2019 3:47:59.9860 PM,Oct 4 2019 3:48:00.0120 PM,.0261
Auth_Check,P203,read,PASS,,Oct 4 2019 3:48:00.0140 PM,Oct 4 2019 3:48:00.0340 PM,.0206
Auth_Check,P203,sendCommandChars,PASS,,Oct 4 2019 3:48:00.0360 PM,Oct 4 2019 3:48:00.0730 PM,.037
Auth_Check,IOFileHandle,writeCertFile,PASS,,Oct 4 2019 3:48:00.0760 PM,Oct 4 2019 3:48:00.0780 PM,.0017
Auth_Check,IOFileHandle,writeToFile,PASS,,Oct 4 2019 3:48:00.1400 PM,Oct 4 2019 3:48:00.1400 PM,.0002
Read_MLB_SN,IOFileHandle,writeToFile,PASS,,Oct 4 2019 3:48:00.8250 PM,Oct 4 2019 3:48:00.8250 PM,.0001
Check_MLB_SN,StationReportPlugin,appendReportData,PASS,,Oct 4 2019 3:48:01.2060 PM,Oct 4 2019 3:48:01.2060 PM,0
Read_STFW_Version_Before_DL,IOFileHandle,writeToFile,PASS,,Oct 4 2019 3:48:01.3070 PM,Oct 4 2019 3:48:01.3070 PM,.0002
Read_MTFW_Version_Before_DL,IOFileHandle,writeToFile,PASS,,Oct 4 2019 3:48:01.7830 PM,Oct 4 2019 3:48:01.7830 PM,.0001
Read_CCG3_FW_Version,IOFileHandle,writeToFile,PASS,,Oct 4 2019 3:48:02.2510 PM,Oct 4 2019 3:48:02.2510 PM,.0001
Read_CCG3_FW_Version,IOFileHandle,writeToFile,PASS,,Oct 4 2019 3:48:02.7490 PM,Oct 4 2019 3:48:02.7490 PM,.0001
Program_STFW,IOFileHandle,writeToFile,PASS,,Oct 4 2019 3:48:03.2210 PM,Oct 4 2019 3:48:03.2220 PM,.0002
Program_STFW,P203,sendCommand,PASS,,Oct 4 2019 3:48:03.5990 PM,Oct 4 2019 3:48:03.6000 PM,.0008
Program_STFW,P203,sendCommandChars,PASS,,Oct 4 2019 3:48:03.6010 PM,Oct 4 2019 3:48:03.6050 PM,.0035
Program_STFW,P203,read,PASS,,Oct 4 2019 3:48:03.6060 PM,Oct 4 2019 3:48:03.6060 PM,.0001
Program_STFW,P203,read,PASS,,Oct 4 2019 3:48:03.6070 PM,Oct 4 2019 3:48:03.6180 PM,.0111
Program_STFW,P203,read,PASS,,Oct 4 2019 3:48:03.6200 PM,Oct 4 2019 3:48:03.6200 PM,.0002
Program_STFW,P203,read,PASS,,Oct 4 2019 3:48:03.6210 PM,Oct 4 2019 3:48:03.6430 PM,.0218
Program_STFW,P203,sendCommandChars,PASS,,Oct 4 2019 3:48:03.6440 PM,Oct 4 2019 3:48:03.6820 PM,.0382
Program_STFW,P203,read,PASS,,Oct 4 2019 3:48:03.6840 PM,Oct 4 2019 3:48:03.6840 PM,.0002
Program_STFW,P203,read,PASS,,Oct 4 2019 3:48:03.6850 PM,Oct 4 2019 3:48:03.7130 PM,.0281
Program_STFW,IOFileHandle,writeToFile,PASS,,Oct 4 2019 3:48:35.7210 PM,Oct 4 2019 3:48:35.7210 PM,.0001
Program_STFW,StationReportPlugin,appendReportData,PASS,,Oct 4 2019 3:48:36.0970 PM,Oct 4 2019 3:48:36.0970 PM,0
Program_STFW,ECB,sendCommand,PASS,,Oct 4 2019 3:48:39.1640 PM,Oct 4 2019 3:48:39.1920 PM,.0278
Program_STFW,ECB,sendCommand,PASS,,Oct 4 2019 3:48:42.2610 PM,Oct 4 2019 3:48:42.2890 PM,.0284
Program_STFW,P203,read,PASS,,Oct 4 2019 3:48:45.3580 PM,Oct 4 2019 3:48:45.3880 PM,.0294
Program_MTFW,IOFileHandle,writeToFile,PASS,,Oct 4 2019 3:48:45.4410 PM,Oct 4 2019 3:48:45.4470 PM,.0058
Program_MTFW,P203,sendCommand,PASS,,Oct 4 2019 3:48:45.8210 PM,Oct 4 2019 3:48:45.8290 PM,.0076
Program_MTFW,P203,sendCommandChars,PASS,,Oct 4 2019 3:48:45.8300 PM,Oct 4 2019 3:48:45.8330 PM,.0034
Program_MTFW,P203,read,PASS,,Oct 4 2019 3:48:45.8350 PM,Oct 4 2019 3:48:45.8450 PM,.0101
Program_MTFW,P203,read,PASS,,Oct 4 2019 3:48:45.8460 PM,Oct 4 2019 3:48:45.8460 PM,.0002
Program_MTFW,P203,read,PASS,,Oct 4 2019 3:48:45.8480 PM,Oct 4 2019 3:48:45.8700 PM,.0224
Program_MTFW,P203,sendCommandChars,PASS,,Oct 4 2019 3:48:45.8710 PM,Oct 4 2019 3:48:45.9090 PM,.0374
Program_MTFW,P203,read,PASS,,Oct 4 2019 3:48:45.9100 PM,Oct 4 2019 3:48:45.9100 PM,.0002
Program_MTFW,P203,read,PASS,,Oct 4 2019 3:48:45.9120 PM,Oct 4 2019 3:48:45.9400 PM,.0287
Program_MTFW,IOFileHandle,writeToFile,PASS,,Oct 4 2019 3:48:54.2950 PM,Oct 4 2019 3:48:54.2960 PM,.0006
Program_MTFW,StationReportPlugin,appendReportData,PASS,,Oct 4 2019 3:48:54.6720 PM,Oct 4 2019 3:48:54.6720 PM,0
Program_MTFW,ECB,sendCommand,PASS,,Oct 4 2019 3:49:04.7440 PM,Oct 4 2019 3:49:04.7630 PM,.0186
Program_MTFW,ECB,sendCommand,PASS,,Oct 4 2019 3:49:07.8310 PM,Oct 4 2019 3:49:07.8450 PM,.0137
Program_MTFW,P203,read,PASS,,Oct 4 2019 3:49:10.9160 PM,Oct 4 2019 3:49:10.9380 PM,.0227
Read_STFW_Version_After_DL,IOFileHandle,writeToFile,PASS,,Oct 4 2019 3:49:10.9890 PM,Oct 4 2019 3:49:10.9890 PM,.0002
Read_MTFW_Version_After_DL,IOFileHandle,writeToFile,PASS,,Oct 4 2019 3:49:11.4130 PM,Oct 4 2019 3:49:11.4130 PM,.0001
Finish_DRCB,DRCB,finish,PASS,,Oct 4 2019 3:49:11.7910 PM,Oct 4 2019 3:49:12.1680 PM,.377
Finish_DRCB,ECB,sendCommand,PASS,,Oct 4 2019 3:49:12.1700 PM,Oct 4 2019 3:49:12.1890 PM,.0186
