Related Test,Type,Name,Value
DRCB startDataReporting,Device,softwarename,Atlas
DRCB startDataReporting,Device,serialnumber,DVPZM01FP8KP
DRCB startDataReporting,Device,softwareversion,P1_1115_1140_V2.0.0.5
DRCB startDataReporting,Device,limitsversion,1
3. GET_SW_INFO,Device,DIAGS_VERSION,6J32g
3. GET_SW_INFO,Device,DIAGS_BUILD_TIMESTAMP,2019/11/06 22:16:20
4. GET_MLB_INFO,Device,BOARD_REV,0x0F
4. GET_MLB_INFO,Device,BOARD_ID,0x2E
4. GET_MLB_INFO,Device,MLB_SN,FN6942107VJP1VK1S
6. GET_COMP_INFO,Device,CHIPID,8006
6. GET_COMP_INFO,Device,SOC_PROP_FUSE_REV,9
6. GET_COMP_INFO,Device,SOC_PROP_PRODUCTION_MODE,0
6. GET_COMP_INFO,Device,PMU_ID2_PLATFORMID,0x12
6. GET_COMP_INFO,Device,SOC_PROP_REVISION,B1
6. GET_COMP_INFO,Device,PMU_ID1_TRIMREV,0x09
6. GET_COMP_INFO,Device,PMU_ID0_MASKREV,1
6. GET_COMP_INFO,Device,CHIPVER,11.0
8. GET_INFO2,Device,serialnumber,DVPZM01FP8KP
10. GET_SYS_INFO,Device,UNIT_SN,DVPZM01FP8KP
13. QUERY_SFC_WRITE_SYSCFG,Device,LCM_SN,DLR9425X3G5KKJWL1L21-A1A59801BMA1355B#FGQ93924SJ9KDVF72710#B70700A000000070092537932677A1XD1XX00_710L21
13. QUERY_SFC_WRITE_SYSCFG,Device,CLBG,0x00000001 0x00000000 0x00000000 0x00000001
13. QUERY_SFC_WRITE_SYSCFG,Device,FCM_VENDOR,L
13. QUERY_SFC_WRITE_SYSCFG,Device,MTSN,FGQ93924SJ9KDVF72710
13. QUERY_SFC_WRITE_SYSCFG,Device,BGMt,0x00000001 0x00000000 0x00000000 0x00000002
13. QUERY_SFC_WRITE_SYSCFG,Device,SFCCGMT,0x00000001 0x00000000 0x00000000 0x00000001
13. QUERY_SFC_WRITE_SYSCFG,Device,SFCBGMT,0x00000001 0x00000000 0x00000000 0x00000002
13. QUERY_SFC_WRITE_SYSCFG,Device,SFCCLBG,0x00000001 0x00000000 0x00000000 0x00000001
13. QUERY_SFC_WRITE_SYSCFG,Device,LsBT,0x001002A5 0x00000005 0x00000002 0x00000000
13. QUERY_SFC_WRITE_SYSCFG,Device,DISPLAY_SN,DLR9425X3G5KKJWL1
13. QUERY_SFC_WRITE_SYSCFG,Device,REGION_CODE,LL/A
13. QUERY_SFC_WRITE_SYSCFG,Device,CGMt,0x00000001 0x00000000 0x00000000 0x00000001
13. QUERY_SFC_WRITE_SYSCFG,Device,MPN,993-45350
19. INIT_GG_READ,Device,INIT_GG_MODEL,BQ27546
19. INIT_GG_READ,Device,INIT_GG_TYPE,GasGauge
26. IMU_ACCEL_ID,Device,ACCEL_MANU_ID,0x00E4
27. Kobol_ACCEL_ID,Device,IMU_MANU_ID,0x00E4
27. Kobol_ACCEL_ID,Device,IMU_ASIC_ID,0x3DD911B018EA
27. Kobol_ACCEL_ID,Device,IMU_REV_ID,0x10
27. Kobol_ACCEL_ID,Device,IMU_CHIP_ID,0x0C
27. Kobol_ACCEL_ID,Device,IMU_MEMS_ID,0x000000000000
34. POTASSIUM,Device,PRESSURE_CHIP_ID,0x57
35. MOLYBDENUM,Device,COMPASS_CHIP_ID,0x40
37. ARDMORE_TEST,Device,ARDMORE_CHIP_ID_HI,0x24
37. ARDMORE_TEST,Device,ARDMORE_CHIP_ID_LO,0x81
42. BATTERY_PROPERTIES,Device,BATTERY_SN,F5D94146NHVL65T7A
46. WIFI,Device,WIFT_PHY,m9.0007.0046.0010.0000
46. WIFI,Device,WIFI_FIRMWARE,Rev 1348.1
47. BULETOOTH,Device,BT_FW_FW,4.12.2.1
47. BULETOOTH,Device,BT_PHY_FW,7.10.46.0
49. GERMANIUM_BASEBAND_VINYL,Device,VINYL_CHECK_STATUS,OK
55. BATTERY_PROPERTIES,Device,BATTERY_SN,F5D94146NHVL65T7A
