Test,Plugin,Command,Status,Info,Start Time,End Time,Duration (s)
,UART,read,ERROR,Timed out trying to read; ,Nov 15 2019 7:36:41.6560 PM,Nov 15 2019 7:36:42.6640 PM,1.0083
,UART,read,ERROR,Timed out trying to read; ,Nov 15 2019 7:36:42.7780 PM,Nov 15 2019 7:36:43.7950 PM,1.0172
,Dut,read,ERROR,Timed out trying to read; ,Nov 15 2019 7:36:43.9730 PM,Nov 15 2019 7:36:44.9950 PM,1.0223
,Dut,read,ERROR,Timed out trying to read; ,Nov 15 2019 7:36:45.0900 PM,Nov 15 2019 7:36:46.1110 PM,1.021
34. POTASSIUM,Fixture,sendCommand,NOT SET,,,,0
41. BUTTONS_CHECK,Fixture,sendCommand,NOT SET,,,,0
41. BUTTONS_CHECK,Fixture,sendCommand,NOT SET,,,,0
41. BUTTONS_CHECK,Fixture,sendCommand,NOT SET,,,,0
41. BUTTONS_CHECK,Fixture,sendCommand,NOT SET,,,,0
45. DBGPWR_ON,Fixture,sendCommand,NOT SET,,,,0
