Test,Plugin,Command,Status,Info,Start Time,End Time,Duration (s)
,UART,open,PASS,,Nov 15 2019 7:36:41.4050 PM,Nov 15 2019 7:36:41.4360 PM,.0317
,UART,changeLineTerminator,PASS,,Nov 15 2019 7:36:41.4380 PM,Nov 15 2019 7:36:41.4380 PM,0
,UART,sendCommand,PASS,,Nov 15 2019 7:36:41.4390 PM,Nov 15 2019 7:36:41.5460 PM,.1069
,UART,sendCommand,PASS,,Nov 15 2019 7:36:41.5480 PM,Nov 15 2019 7:36:41.6510 PM,.1035
,UART,read,PASS,,Nov 15 2019 7:36:41.6530 PM,Nov 15 2019 7:36:41.6530 PM,.0002
,UART,read,PASS,,Nov 15 2019 7:36:41.6540 PM,Nov 15 2019 7:36:41.6540 PM,.0002
,UART,read,ERROR,Timed out trying to read; ,Nov 15 2019 7:36:41.6560 PM,Nov 15 2019 7:36:42.6640 PM,1.0083
,UART,sendCommand,PASS,,Nov 15 2019 7:36:42.6660 PM,Nov 15 2019 7:36:42.7750 PM,.1094
,UART,read,PASS,,Nov 15 2019 7:36:42.7760 PM,Nov 15 2019 7:36:42.7760 PM,.0001
,UART,read,ERROR,Timed out trying to read; ,Nov 15 2019 7:36:42.7780 PM,Nov 15 2019 7:36:43.7950 PM,1.0172
,UART,changeDelimiter,PASS,,Nov 15 2019 7:36:43.7970 PM,Nov 15 2019 7:36:43.7970 PM,0
,UART,sendCommand,PASS,,Nov 15 2019 7:36:43.7980 PM,Nov 15 2019 7:36:43.8270 PM,.029
CONSOLE_SETTING,UART,sendCommand,PASS,,Nov 15 2019 7:36:43.8300 PM,Nov 15 2019 7:36:43.8740 PM,.0437
,UART,sendCommand,PASS,,Nov 15 2019 7:36:43.8770 PM,Nov 15 2019 7:36:43.9090 PM,.0323
,UART,close,PASS,,Nov 15 2019 7:36:43.9110 PM,Nov 15 2019 7:36:43.9110 PM,.0005
,Dut,open,PASS,,Nov 15 2019 7:36:43.9160 PM,Nov 15 2019 7:36:43.9710 PM,.0555
,Dut,read,ERROR,Timed out trying to read; ,Nov 15 2019 7:36:43.9730 PM,Nov 15 2019 7:36:44.9950 PM,1.0223
,Dut,close,PASS,,Nov 15 2019 7:36:44.9970 PM,Nov 15 2019 7:36:44.9980 PM,.0004
Copy TestPlan To LogDir,RunCommand,RunCommandWithParameter,PASS,,Nov 15 2019 7:36:45.0020 PM,Nov 15 2019 7:36:45.0130 PM,.011
DRCB startDataReporting,DRCB,startDataReporting,PASS,,Nov 15 2019 7:36:45.0160 PM,Nov 15 2019 7:36:45.0260 PM,.0096
,Dut,open,PASS,,Nov 15 2019 7:36:45.0300 PM,Nov 15 2019 7:36:45.0890 PM,.0592
,Dut,read,ERROR,Timed out trying to read; ,Nov 15 2019 7:36:45.0900 PM,Nov 15 2019 7:36:46.1110 PM,1.021
1. ALIAS_SETTING,Dut,sendCommand,PASS,,Nov 15 2019 7:36:46.1140 PM,Nov 15 2019 7:36:46.2520 PM,.1374
2. SPAM_SETTING,Dut,sendCommand,PASS,,Nov 15 2019 7:36:46.2550 PM,Nov 15 2019 7:36:46.6960 PM,.441
2. SPAM_SETTING,Dut,sendCommand,PASS,,Nov 15 2019 7:36:46.6980 PM,Nov 15 2019 7:36:46.7270 PM,.0297
3. GET_SW_INFO,Dut,sendCommand,PASS,,Nov 15 2019 7:36:46.7310 PM,Nov 15 2019 7:36:46.7970 PM,.0655
3. GET_SW_INFO,Dut,sendCommand,PASS,,Nov 15 2019 7:36:46.7990 PM,Nov 15 2019 7:36:46.9080 PM,.1088
4. GET_MLB_INFO,Dut,sendCommand,PASS,,Nov 15 2019 7:36:46.9110 PM,Nov 15 2019 7:36:46.9550 PM,.0436
4. GET_MLB_INFO,Dut,sendCommand,PASS,,Nov 15 2019 7:36:46.9570 PM,Nov 15 2019 7:36:46.9870 PM,.0303
4. GET_MLB_INFO,Dut,sendCommand,PASS,,Nov 15 2019 7:36:46.9890 PM,Nov 15 2019 7:36:47.0190 PM,.03
6. GET_COMP_INFO,Dut,sendCommand,PASS,,Nov 15 2019 7:36:47.0250 PM,Nov 15 2019 7:36:47.1600 PM,.1354
6. GET_COMP_INFO,Dut,sendCommand,PASS,,Nov 15 2019 7:36:47.1630 PM,Nov 15 2019 7:36:47.2080 PM,.0453
6. GET_COMP_INFO,Dut,sendCommand,PASS,,Nov 15 2019 7:36:47.2100 PM,Nov 15 2019 7:36:47.3450 PM,.1351
6. GET_COMP_INFO,Dut,sendCommand,PASS,,Nov 15 2019 7:36:47.3470 PM,Nov 15 2019 7:36:47.6430 PM,.2962
6. GET_COMP_INFO,Dut,sendCommand,PASS,,Nov 15 2019 7:36:47.6520 PM,Nov 15 2019 7:36:47.6880 PM,.0365
7. QUIESCE_SYSTEM,Dut,sendCommand,PASS,,Nov 15 2019 7:36:47.6930 PM,Nov 15 2019 7:36:47.8620 PM,.1683
7. QUIESCE_SYSTEM,Dut,sendCommand,PASS,,Nov 15 2019 7:36:47.8630 PM,Nov 15 2019 7:36:47.8940 PM,.0303
7. QUIESCE_SYSTEM,Dut,sendCommand,PASS,,Nov 15 2019 7:36:47.8950 PM,Nov 15 2019 7:36:47.9900 PM,.0944
7. QUIESCE_SYSTEM,Dut,sendCommand,PASS,,Nov 15 2019 7:36:47.9910 PM,Nov 15 2019 7:36:48.0310 PM,.0404
7. QUIESCE_SYSTEM,Dut,sendCommand,PASS,,Nov 15 2019 7:36:48.0330 PM,Nov 15 2019 7:36:48.0740 PM,.0414
8. GET_INFO2,com.apple.hwte.atlas.AppPlugin,show-form,PASS,,Nov 15 2019 7:36:48.0780 PM,Nov 15 2019 7:36:52.4350 PM,4.357
9. QUERY_SFC_WRITE_SYSCFG,Dut,sendCommand,PASS,,Nov 15 2019 7:36:52.4400 PM,Nov 15 2019 7:36:52.5460 PM,.1064
10. GET_SYS_INFO,Dut,sendCommand,PASS,,Nov 15 2019 7:36:52.5500 PM,Nov 15 2019 7:36:52.5780 PM,.0288
11. GET_MLB_INFO,Dut,sendCommand,PASS,,Nov 15 2019 7:36:52.5820 PM,Nov 15 2019 7:36:52.6100 PM,.0281
12. SetRTC,Dut,sendCommand,PASS,,Nov 15 2019 7:36:52.6140 PM,Nov 15 2019 7:36:52.6570 PM,.043
13. QUERY_SFC_WRITE_SYSCFG,SFCSupport,getAttribute,PASS,,Nov 15 2019 7:36:52.6610 PM,Nov 15 2019 7:36:52.7250 PM,.0644
13. QUERY_SFC_WRITE_SYSCFG,SFCSupport,getAttribute,PASS,,Nov 15 2019 7:36:52.7270 PM,Nov 15 2019 7:36:52.7340 PM,.0068
13. QUERY_SFC_WRITE_SYSCFG,SFCSupport,getAttribute,PASS,,Nov 15 2019 7:36:52.7360 PM,Nov 15 2019 7:36:52.7420 PM,.0058
13. QUERY_SFC_WRITE_SYSCFG,SFCSupport,getAttribute,PASS,,Nov 15 2019 7:36:52.7440 PM,Nov 15 2019 7:36:52.7500 PM,.0063
13. QUERY_SFC_WRITE_SYSCFG,SFCSupport,getAttribute,PASS,,Nov 15 2019 7:36:52.7520 PM,Nov 15 2019 7:36:52.7570 PM,.0057
13. QUERY_SFC_WRITE_SYSCFG,SFCSupport,getAttribute,PASS,,Nov 15 2019 7:36:52.7590 PM,Nov 15 2019 7:36:52.7640 PM,.0049
13. QUERY_SFC_WRITE_SYSCFG,SFCSupport,getAttribute,PASS,,Nov 15 2019 7:36:52.7660 PM,Nov 15 2019 7:36:52.7710 PM,.005
13. QUERY_SFC_WRITE_SYSCFG,SFCSupport,getAttribute,PASS,,Nov 15 2019 7:36:52.7730 PM,Nov 15 2019 7:36:52.7780 PM,.0046
13. QUERY_SFC_WRITE_SYSCFG,SFCSupport,getAttribute,PASS,,Nov 15 2019 7:36:52.7790 PM,Nov 15 2019 7:36:52.7840 PM,.0044
13. QUERY_SFC_WRITE_SYSCFG,Dut,sendCommand,PASS,,Nov 15 2019 7:36:52.7860 PM,Nov 15 2019 7:36:52.8650 PM,.0782
13. QUERY_SFC_WRITE_SYSCFG,Dut,sendCommand,PASS,,Nov 15 2019 7:36:52.8660 PM,Nov 15 2019 7:36:52.9120 PM,.0454
13. QUERY_SFC_WRITE_SYSCFG,Dut,sendCommand,PASS,,Nov 15 2019 7:36:52.9130 PM,Nov 15 2019 7:36:52.9920 PM,.0785
13. QUERY_SFC_WRITE_SYSCFG,Dut,sendCommand,PASS,,Nov 15 2019 7:36:52.9930 PM,Nov 15 2019 7:36:53.0400 PM,.0464
13. QUERY_SFC_WRITE_SYSCFG,Dut,sendCommand,PASS,,Nov 15 2019 7:36:53.0410 PM,Nov 15 2019 7:36:53.1190 PM,.0783
13. QUERY_SFC_WRITE_SYSCFG,Dut,sendCommand,PASS,,Nov 15 2019 7:36:53.1210 PM,Nov 15 2019 7:36:53.1650 PM,.0444
13. QUERY_SFC_WRITE_SYSCFG,Dut,sendCommand,PASS,,Nov 15 2019 7:36:53.1670 PM,Nov 15 2019 7:36:53.2290 PM,.0622
13. QUERY_SFC_WRITE_SYSCFG,Dut,sendCommand,PASS,,Nov 15 2019 7:36:53.2310 PM,Nov 15 2019 7:36:53.2770 PM,.0464
13. QUERY_SFC_WRITE_SYSCFG,Dut,sendCommand,PASS,,Nov 15 2019 7:36:53.2790 PM,Nov 15 2019 7:36:53.3570 PM,.0779
13. QUERY_SFC_WRITE_SYSCFG,Dut,sendCommand,PASS,,Nov 15 2019 7:36:53.3580 PM,Nov 15 2019 7:36:53.4030 PM,.0449
13. QUERY_SFC_WRITE_SYSCFG,Dut,sendCommand,PASS,,Nov 15 2019 7:36:53.4050 PM,Nov 15 2019 7:36:53.4830 PM,.0775
13. QUERY_SFC_WRITE_SYSCFG,Dut,sendCommand,PASS,,Nov 15 2019 7:36:53.4840 PM,Nov 15 2019 7:36:53.5150 PM,.0302
13. QUERY_SFC_WRITE_SYSCFG,Dut,sendCommand,PASS,,Nov 15 2019 7:36:53.5170 PM,Nov 15 2019 7:36:53.5630 PM,.0459
13. QUERY_SFC_WRITE_SYSCFG,Dut,sendCommand,PASS,,Nov 15 2019 7:36:53.5640 PM,Nov 15 2019 7:36:53.5940 PM,.0302
13. QUERY_SFC_WRITE_SYSCFG,Dut,sendCommand,PASS,,Nov 15 2019 7:36:53.5960 PM,Nov 15 2019 7:36:53.6430 PM,.0466
13. QUERY_SFC_WRITE_SYSCFG,Dut,sendCommand,PASS,,Nov 15 2019 7:36:53.6440 PM,Nov 15 2019 7:36:53.6740 PM,.0303
13. QUERY_SFC_WRITE_SYSCFG,Dut,sendCommand,PASS,,Nov 15 2019 7:36:53.6760 PM,Nov 15 2019 7:36:53.7220 PM,.0464
13. QUERY_SFC_WRITE_SYSCFG,Dut,sendCommand,PASS,,Nov 15 2019 7:36:53.7240 PM,Nov 15 2019 7:36:53.7680 PM,.0445
13. QUERY_SFC_WRITE_SYSCFG,Dut,sendCommand,PASS,,Nov 15 2019 7:36:53.7700 PM,Nov 15 2019 7:36:53.8160 PM,.046
13. QUERY_SFC_WRITE_SYSCFG,Dut,sendCommand,PASS,,Nov 15 2019 7:36:53.8180 PM,Nov 15 2019 7:36:53.8640 PM,.0461
13. QUERY_SFC_WRITE_SYSCFG,Dut,sendCommand,PASS,,Nov 15 2019 7:36:53.8660 PM,Nov 15 2019 7:36:53.9120 PM,.0465
13. QUERY_SFC_WRITE_SYSCFG,Dut,sendCommand,PASS,,Nov 15 2019 7:36:53.9140 PM,Nov 15 2019 7:36:53.9600 PM,.0464
14. GET_INFO3,SFCSupport,getAttribute,PASS,,Nov 15 2019 7:36:53.9680 PM,Nov 15 2019 7:36:53.9750 PM,.0065
15. COMM_BUS_SWEEP,Dut,sendCommand,PASS,,Nov 15 2019 7:36:53.9790 PM,Nov 15 2019 7:36:54.0560 PM,.0764
16. QUIESCE_SYSTEM_2,Dut,sendCommand,PASS,,Nov 15 2019 7:36:54.0590 PM,Nov 15 2019 7:36:54.1020 PM,.0423
16. QUIESCE_SYSTEM_2,Dut,sendCommand,PASS,,Nov 15 2019 7:36:54.1030 PM,Nov 15 2019 7:36:55.2170 PM,1.1135
16. QUIESCE_SYSTEM_2,Dut,sendCommand,PASS,,Nov 15 2019 7:36:55.2180 PM,Nov 15 2019 7:36:55.2600 PM,.0413
16. QUIESCE_SYSTEM_2,Dut,sendCommand,PASS,,Nov 15 2019 7:36:55.2610 PM,Nov 15 2019 7:36:55.3040 PM,.0424
16. QUIESCE_SYSTEM_2,Dut,sendCommand,PASS,,Nov 15 2019 7:36:55.3050 PM,Nov 15 2019 7:36:55.3440 PM,.0393
16. QUIESCE_SYSTEM_2,Dut,sendCommand,PASS,,Nov 15 2019 7:36:55.3460 PM,Nov 15 2019 7:36:55.3760 PM,.0304
16. QUIESCE_SYSTEM_2,Dut,sendCommand,PASS,,Nov 15 2019 7:36:55.3780 PM,Nov 15 2019 7:36:55.6640 PM,.2857
16. QUIESCE_SYSTEM_2,Dut,sendCommand,PASS,,Nov 15 2019 7:36:55.6650 PM,Nov 15 2019 7:36:56.1110 PM,.4458
16. QUIESCE_SYSTEM_2,Dut,sendCommand,PASS,,Nov 15 2019 7:36:56.1130 PM,Nov 15 2019 7:36:56.1510 PM,.0384
16. QUIESCE_SYSTEM_2,Dut,sendCommand,PASS,,Nov 15 2019 7:36:56.1530 PM,Nov 15 2019 7:36:56.1960 PM,.0435
16. QUIESCE_SYSTEM_2,Dut,sendCommand,PASS,,Nov 15 2019 7:36:56.1980 PM,Nov 15 2019 7:36:56.2400 PM,.0421
16. QUIESCE_SYSTEM_2,Dut,sendCommand,PASS,,Nov 15 2019 7:36:56.2410 PM,Nov 15 2019 7:36:56.2820 PM,.0405
16. QUIESCE_SYSTEM_2,Dut,sendCommand,PASS,,Nov 15 2019 7:36:56.2830 PM,Nov 15 2019 7:36:56.3210 PM,.0382
17. CHARGER_OFF,Dut,sendCommand,PASS,,Nov 15 2019 7:36:56.3260 PM,Nov 15 2019 7:36:56.4350 PM,.1098
17. CHARGER_OFF,Dut,sendCommand,PASS,,Nov 15 2019 7:36:56.4370 PM,Nov 15 2019 7:36:56.4680 PM,.0301
17. CHARGER_OFF,Dut,sendCommand,PASS,,Nov 15 2019 7:36:56.4690 PM,Nov 15 2019 7:36:56.5090 PM,.0399
17. CHARGER_OFF,Dut,sendCommand,PASS,,Nov 15 2019 7:36:56.5110 PM,Nov 15 2019 7:36:56.5410 PM,.0305
18. LISA_INIT,Dut,sendCommand,PASS,,Nov 15 2019 7:36:56.5460 PM,Nov 15 2019 7:36:56.5920 PM,.0468
18. LISA_INIT,Dut,sendCommand,PASS,,Nov 15 2019 7:36:56.6010 PM,Nov 15 2019 7:36:56.7470 PM,.1457
18. LISA_INIT,Dut,sendCommand,PASS,,Nov 15 2019 7:36:56.7490 PM,Nov 15 2019 7:36:56.7920 PM,.0428
18. LISA_INIT,Dut,sendCommand,PASS,,Nov 15 2019 7:36:56.7940 PM,Nov 15 2019 7:36:56.8370 PM,.0432
18. LISA_INIT,Dut,sendCommand,PASS,,Nov 15 2019 7:36:56.8390 PM,Nov 15 2019 7:36:56.8920 PM,.053
18. LISA_INIT,Dut,sendCommand,PASS,,Nov 15 2019 7:36:56.8930 PM,Nov 15 2019 7:36:56.9390 PM,.0453
18. LISA_INIT,Dut,sendCommand,PASS,,Nov 15 2019 7:36:56.9400 PM,Nov 15 2019 7:36:56.9870 PM,.0463
18. LISA_INIT,Dut,sendCommand,PASS,,Nov 15 2019 7:36:56.9950 PM,Nov 15 2019 7:36:57.0320 PM,.0378
19. INIT_GG_READ,Dut,sendCommand,PASS,,Nov 15 2019 7:36:57.0370 PM,Nov 15 2019 7:37:00.0670 PM,3.03
19. INIT_GG_READ,Dut,sendCommand,PASS,,Nov 15 2019 7:37:00.0680 PM,Nov 15 2019 7:37:00.3590 PM,.2912
20. INIT_SOC_READ,Dut,sendCommand,PASS,,Nov 15 2019 7:37:00.4320 PM,Nov 15 2019 7:37:00.4940 PM,.0623
21. INIT_PMU_READ,Dut,sendCommand,PASS,,Nov 15 2019 7:37:00.5150 PM,Nov 15 2019 7:37:00.5420 PM,.027
21. INIT_PMU_READ,Dut,sendCommand,PASS,,Nov 15 2019 7:37:00.5440 PM,Nov 15 2019 7:37:00.5740 PM,.0301
21. INIT_PMU_READ,Dut,sendCommand,PASS,,Nov 15 2019 7:37:00.5750 PM,Nov 15 2019 7:37:00.6190 PM,.0435
21. INIT_PMU_READ,Dut,sendCommand,PASS,,Nov 15 2019 7:37:00.6210 PM,Nov 15 2019 7:37:02.0840 PM,1.4631
22. LYNX_TEST,Dut,sendCommand,PASS,,Nov 15 2019 7:37:02.2070 PM,Nov 15 2019 7:37:03.0250 PM,.8179
22. LYNX_TEST,Dut,sendCommand,PASS,,Nov 15 2019 7:37:03.0270 PM,Nov 15 2019 7:37:10.4680 PM,7.4409
22. LYNX_TEST,Dut,sendCommand,PASS,,Nov 15 2019 7:37:10.4690 PM,Nov 15 2019 7:37:10.6110 PM,.1422
22. LYNX_TEST,Dut,sendCommand,PASS,,Nov 15 2019 7:37:10.6130 PM,Nov 15 2019 7:37:10.6890 PM,.0758
22. LYNX_TEST,Dut,sendCommand,PASS,,Nov 15 2019 7:37:10.6910 PM,Nov 15 2019 7:37:10.7330 PM,.0421
22. LYNX_TEST,Dut,sendCommand,PASS,,Nov 15 2019 7:37:10.7350 PM,Nov 15 2019 7:37:10.8770 PM,.1423
23. CHARGER_ON,Dut,sendCommand,PASS,,Nov 15 2019 7:37:10.8830 PM,Nov 15 2019 7:37:10.9220 PM,.0391
23. CHARGER_ON,Dut,sendCommand,PASS,,Nov 15 2019 7:37:10.9230 PM,Nov 15 2019 7:37:10.9540 PM,.0307
23. CHARGER_ON,Dut,sendCommand,PASS,,Nov 15 2019 7:37:10.9570 PM,Nov 15 2019 7:37:11.0020 PM,.0454
24. SET_BUBO_PFM,Dut,sendCommand,PASS,,Nov 15 2019 7:37:11.0070 PM,Nov 15 2019 7:37:11.0560 PM,.0487
25. Kobol_INIT,Dut,sendCommand,PASS,,Nov 15 2019 7:37:11.0600 PM,Nov 15 2019 7:37:11.3560 PM,.2958
26. IMU_ACCEL_ID,Dut,sendCommand,PASS,,Nov 15 2019 7:37:11.3600 PM,Nov 15 2019 7:37:11.4180 PM,.0575
27. Kobol_ACCEL_ID,Dut,sendCommand,PASS,,Nov 15 2019 7:37:11.4230 PM,Nov 15 2019 7:37:11.4810 PM,.0584
28. Kobol_GYRO_DRIVE_FREQ_MEAS,Dut,sendCommand,PASS,,Nov 15 2019 7:37:11.4900 PM,Nov 15 2019 7:37:11.7360 PM,.2467
29. IMU_Connectivity,Dut,sendCommand,PASS,,Nov 15 2019 7:37:11.7410 PM,Nov 15 2019 7:37:11.8000 PM,.059
30. IMU_OFF,Dut,sendCommand,PASS,,Nov 15 2019 7:37:11.8060 PM,Nov 15 2019 7:37:12.1010 PM,.295
31. Kobol_ACCEL_SELFTEST,Dut,sendCommand,PASS,,Nov 15 2019 7:37:12.1040 PM,Nov 15 2019 7:37:12.2530 PM,.1484
31. Kobol_ACCEL_SELFTEST,Dut,sendCommand,PASS,,Nov 15 2019 7:37:12.2540 PM,Nov 15 2019 7:37:12.5030 PM,.249
32. IMU_Combo_LPNM25_BUBO_PFM,Dut,sendCommand,PASS,,Nov 15 2019 7:37:12.5130 PM,Nov 15 2019 7:37:12.8210 PM,.3084
32. IMU_Combo_LPNM25_BUBO_PFM,Dut,sendCommand,PASS,,Nov 15 2019 7:37:12.8230 PM,Nov 15 2019 7:37:12.8690 PM,.0465
32. IMU_Combo_LPNM25_BUBO_PFM,Dut,sendCommand,PASS,,Nov 15 2019 7:37:12.8710 PM,Nov 15 2019 7:37:12.9120 PM,.041
32. IMU_Combo_LPNM25_BUBO_PFM,Dut,sendCommand,PASS,,Nov 15 2019 7:37:12.9140 PM,Nov 15 2019 7:37:12.9560 PM,.0421
32. IMU_Combo_LPNM25_BUBO_PFM,Dut,sendCommand,PASS,,Nov 15 2019 7:37:12.9580 PM,Nov 15 2019 7:37:13.1250 PM,.1672
32. IMU_Combo_LPNM25_BUBO_PFM,Dut,sendCommand,PASS,,Nov 15 2019 7:37:13.1270 PM,Nov 15 2019 7:37:13.2620 PM,.1352
32. IMU_Combo_LPNM25_BUBO_PFM,Dut,sendCommand,PASS,,Nov 15 2019 7:37:13.2640 PM,Nov 15 2019 7:37:13.3950 PM,.1318
32. IMU_Combo_LPNM25_BUBO_PFM,Dut,sendCommand,PASS,,Nov 15 2019 7:37:13.3970 PM,Nov 15 2019 7:37:13.4510 PM,.0534
32. IMU_Combo_LPNM25_BUBO_PFM,Dut,sendCommand,PASS,,Nov 15 2019 7:37:13.4520 PM,Nov 15 2019 7:37:13.4980 PM,.046
32. IMU_Combo_LPNM25_BUBO_PFM,Dut,sendCommand,PASS,,Nov 15 2019 7:37:13.5000 PM,Nov 15 2019 7:37:14.1580 PM,.6579
32. IMU_Combo_LPNM25_BUBO_PFM,Dut,sendCommand,PASS,,Nov 15 2019 7:37:14.1920 PM,Nov 15 2019 7:37:14.2210 PM,.0287
32. IMU_Combo_LPNM25_BUBO_PFM,Dut,sendCommand,PASS,,Nov 15 2019 7:37:14.2230 PM,Nov 15 2019 7:37:14.2660 PM,.0433
33. TURN_OFF_IMU,Dut,sendCommand,PASS,,Nov 15 2019 7:37:14.2710 PM,Nov 15 2019 7:37:14.3600 PM,.0885
34. POTASSIUM,Fixture,sendCommand,NOT SET,,,,0
34. POTASSIUM,Dut,sendCommand,PASS,,Nov 15 2019 7:37:14.3640 PM,Nov 15 2019 7:37:14.4110 PM,.0462
34. POTASSIUM,Dut,sendCommand,PASS,,Nov 15 2019 7:37:14.4130 PM,Nov 15 2019 7:37:14.4490 PM,.0361
34. POTASSIUM,Dut,sendCommand,PASS,,Nov 15 2019 7:37:14.4500 PM,Nov 15 2019 7:37:14.5140 PM,.0634
34. POTASSIUM,Dut,sendCommand,PASS,,Nov 15 2019 7:37:14.5170 PM,Nov 15 2019 7:37:14.5590 PM,.0428
34. POTASSIUM,Dut,sendCommand,PASS,,Nov 15 2019 7:37:14.5610 PM,Nov 15 2019 7:37:16.9040 PM,2.3427
34. POTASSIUM,Dut,sendCommand,PASS,,Nov 15 2019 7:37:16.9080 PM,Nov 15 2019 7:37:16.9490 PM,.0407
35. MOLYBDENUM,Dut,sendCommand,PASS,,Nov 15 2019 7:37:16.9540 PM,Nov 15 2019 7:37:17.0010 PM,.0471
35. MOLYBDENUM,Dut,sendCommand,PASS,,Nov 15 2019 7:37:17.0030 PM,Nov 15 2019 7:37:17.0440 PM,.0411
35. MOLYBDENUM,Dut,sendCommand,PASS,,Nov 15 2019 7:37:17.0460 PM,Nov 15 2019 7:37:17.1480 PM,.1019
35. MOLYBDENUM,Dut,sendCommand,PASS,,Nov 15 2019 7:37:17.1500 PM,Nov 15 2019 7:37:19.7420 PM,2.5925
36. QUIESCE_SYSTEM_3,Dut,sendCommand,PASS,,Nov 15 2019 7:37:19.7470 PM,Nov 15 2019 7:37:19.7880 PM,.0408
36. QUIESCE_SYSTEM_3,Dut,sendCommand,PASS,,Nov 15 2019 7:37:19.7890 PM,Nov 15 2019 7:37:19.8340 PM,.0445
37. ARDMORE_TEST,Dut,sendCommand,PASS,,Nov 15 2019 7:37:19.8370 PM,Nov 15 2019 7:37:19.9540 PM,.1161
37. ARDMORE_TEST,Dut,sendCommand,PASS,,Nov 15 2019 7:37:19.9560 PM,Nov 15 2019 7:37:19.9950 PM,.0389
37. ARDMORE_TEST,Dut,sendCommand,PASS,,Nov 15 2019 7:37:19.9970 PM,Nov 15 2019 7:37:20.0690 PM,.0728
37. ARDMORE_TEST,Dut,sendCommand,PASS,,Nov 15 2019 7:37:20.0730 PM,Nov 15 2019 7:37:20.2460 PM,.1734
37. ARDMORE_TEST,Dut,sendCommand,PASS,,Nov 15 2019 7:37:20.2480 PM,Nov 15 2019 7:37:20.2960 PM,.0479
38. SPEAKER_IMPEDANCE,Dut,sendCommand,PASS,,Nov 15 2019 7:37:20.3010 PM,Nov 15 2019 7:37:20.4180 PM,.117
38. SPEAKER_IMPEDANCE,Dut,sendCommand,PASS,,Nov 15 2019 7:37:20.4200 PM,Nov 15 2019 7:37:20.4580 PM,.0381
38. SPEAKER_IMPEDANCE,Dut,sendCommand,PASS,,Nov 15 2019 7:37:20.4600 PM,Nov 15 2019 7:37:20.4990 PM,.0393
38. SPEAKER_IMPEDANCE,Dut,sendCommand,PASS,,Nov 15 2019 7:37:20.5000 PM,Nov 15 2019 7:37:20.5370 PM,.0362
38. SPEAKER_IMPEDANCE,Dut,sendCommand,PASS,,Nov 15 2019 7:37:20.5380 PM,Nov 15 2019 7:37:20.5810 PM,.0432
38. SPEAKER_IMPEDANCE,Dut,sendCommand,PASS,,Nov 15 2019 7:37:20.5830 PM,Nov 15 2019 7:37:20.6290 PM,.0466
38. SPEAKER_IMPEDANCE,Dut,sendCommand,PASS,,Nov 15 2019 7:37:20.6310 PM,Nov 15 2019 7:37:20.6820 PM,.0517
38. SPEAKER_IMPEDANCE,Dut,sendCommand,PASS,,Nov 15 2019 7:37:20.6840 PM,Nov 15 2019 7:37:20.7400 PM,.0553
38. SPEAKER_IMPEDANCE,Dut,sendCommand,PASS,,Nov 15 2019 7:37:20.7410 PM,Nov 15 2019 7:37:21.8050 PM,1.0643
38. SPEAKER_IMPEDANCE,Dut,sendCommand,PASS,,Nov 15 2019 7:37:21.8070 PM,Nov 15 2019 7:37:21.9960 PM,.1891
38. SPEAKER_IMPEDANCE,Dut,sendCommand,PASS,,Nov 15 2019 7:37:21.9990 PM,Nov 15 2019 7:37:22.0390 PM,.0404
38. SPEAKER_IMPEDANCE,Dut,sendCommand,PASS,,Nov 15 2019 7:37:22.0400 PM,Nov 15 2019 7:37:22.0950 PM,.0544
39. CARNELIAN,Dut,sendCommand,PASS,,Nov 15 2019 7:37:22.0990 PM,Nov 15 2019 7:37:22.2180 PM,.1184
39. CARNELIAN,Dut,sendCommand,PASS,,Nov 15 2019 7:37:22.2190 PM,Nov 15 2019 7:37:22.2550 PM,.0353
39. CARNELIAN,Dut,sendCommand,PASS,,Nov 15 2019 7:37:22.2560 PM,Nov 15 2019 7:37:23.7670 PM,1.5106
39. CARNELIAN,Dut,sendCommand,PASS,,Nov 15 2019 7:37:23.7680 PM,Nov 15 2019 7:37:23.8090 PM,.0405
39. CARNELIAN,Dut,sendCommand,PASS,,Nov 15 2019 7:37:23.8100 PM,Nov 15 2019 7:37:23.8650 PM,.0543
40. MAGNETITE_TEST_1,Dut,sendCommand,PASS,,Nov 15 2019 7:37:23.8680 PM,Nov 15 2019 7:37:23.9140 PM,.0454
40. MAGNETITE_TEST_1,Dut,sendCommand,PASS,,Nov 15 2019 7:37:23.9150 PM,Nov 15 2019 7:37:23.9450 PM,.0304
41. BUTTONS_CHECK,Dut,sendCommand,PASS,,Nov 15 2019 7:37:23.9490 PM,Nov 15 2019 7:37:23.9980 PM,.0495
41. BUTTONS_CHECK,Fixture,sendCommand,NOT SET,,,,0
41. BUTTONS_CHECK,Dut,sendCommand,PASS,,Nov 15 2019 7:37:24.0020 PM,Nov 15 2019 7:37:24.0400 PM,.0385
41. BUTTONS_CHECK,Fixture,sendCommand,NOT SET,,,,0
41. BUTTONS_CHECK,Fixture,sendCommand,NOT SET,,,,0
41. BUTTONS_CHECK,Dut,sendCommand,PASS,,Nov 15 2019 7:37:24.0430 PM,Nov 15 2019 7:37:24.0800 PM,.0367
41. BUTTONS_CHECK,Fixture,sendCommand,NOT SET,,,,0
41. BUTTONS_CHECK,Dut,sendCommand,PASS,,Nov 15 2019 7:37:24.0820 PM,Nov 15 2019 7:37:24.1200 PM,.0377
42. BATTERY_PROPERTIES,Dut,sendCommand,PASS,,Nov 15 2019 7:37:24.1250 PM,Nov 15 2019 7:37:24.1680 PM,.043
42. BATTERY_PROPERTIES,Dut,sendCommand,PASS,,Nov 15 2019 7:37:24.1700 PM,Nov 15 2019 7:37:25.1840 PM,1.0141
42. BATTERY_PROPERTIES,Dut,sendCommand,PASS,,Nov 15 2019 7:37:25.1860 PM,Nov 15 2019 7:37:25.5190 PM,.3325
42. BATTERY_PROPERTIES,Dut,sendCommand,PASS,,Nov 15 2019 7:37:25.5210 PM,Nov 15 2019 7:37:25.7100 PM,.1894
43. MAGNETITE_TEST_2,Dut,sendCommand,PASS,,Nov 15 2019 7:37:25.7150 PM,Nov 15 2019 7:37:26.7570 PM,1.0427
43. MAGNETITE_TEST_2,Dut,sendCommand,PASS,,Nov 15 2019 7:37:26.7590 PM,Nov 15 2019 7:37:30.7390 PM,3.9805
43. MAGNETITE_TEST_2,Dut,sendCommand,PASS,,Nov 15 2019 7:37:30.7470 PM,Nov 15 2019 7:37:30.7710 PM,.0238
43. MAGNETITE_TEST_2,Dut,sendCommand,PASS,,Nov 15 2019 7:37:30.7730 PM,Nov 15 2019 7:37:30.8100 PM,.0375
43. MAGNETITE_TEST_2,Dut,sendCommand,PASS,,Nov 15 2019 7:37:30.8120 PM,Nov 15 2019 7:37:30.8480 PM,.0362
43. MAGNETITE_TEST_2,Dut,sendCommand,PASS,,Nov 15 2019 7:37:30.8500 PM,Nov 15 2019 7:37:45.8770 PM,15.0271
43. MAGNETITE_TEST_2,Dut,sendCommand,PASS,,Nov 15 2019 7:37:45.8780 PM,Nov 15 2019 7:37:46.8990 PM,1.0207
43. MAGNETITE_TEST_2,Dut,sendCommand,PASS,,Nov 15 2019 7:37:46.9010 PM,Nov 15 2019 7:37:47.7850 PM,.8839
43. MAGNETITE_TEST_2,Dut,sendCommand,PASS,,Nov 15 2019 7:37:47.7900 PM,Nov 15 2019 7:37:49.8290 PM,2.0385
44. PUCK_CHARGE_TEST,Dut,sendCommand,PASS,,Nov 15 2019 7:37:49.8340 PM,Nov 15 2019 7:37:49.9460 PM,.1113
44. PUCK_CHARGE_TEST,Dut,sendCommand,PASS,,Nov 15 2019 7:37:49.9480 PM,Nov 15 2019 7:37:50.2410 PM,.2932
45. DBGPWR_ON,Fixture,sendCommand,NOT SET,,,,0
45. DBGPWR_ON,Dut,sendCommand,PASS,,Nov 15 2019 7:37:50.2470 PM,Nov 15 2019 7:37:50.2850 PM,.0382
46. WIFI,Dut,sendCommand,PASS,,Nov 15 2019 7:37:50.2890 PM,Nov 15 2019 7:37:50.7790 PM,.4904
46. WIFI,Dut,sendCommand,PASS,,Nov 15 2019 7:37:50.7810 PM,Nov 15 2019 7:37:50.8320 PM,.0509
47. BULETOOTH,Dut,sendCommand,PASS,,Nov 15 2019 7:37:50.8350 PM,Nov 15 2019 7:37:51.2630 PM,.428
47. BULETOOTH,Dut,sendCommand,PASS,,Nov 15 2019 7:37:51.2650 PM,Nov 15 2019 7:37:51.3740 PM,.1093
47. BULETOOTH,Dut,sendCommand,PASS,,Nov 15 2019 7:37:51.3760 PM,Nov 15 2019 7:37:51.4220 PM,.0461
48. STOCKHOLM,Dut,sendCommand,PASS,,Nov 15 2019 7:37:51.4260 PM,Nov 15 2019 7:37:51.7350 PM,.3099
48. STOCKHOLM,Dut,sendCommand,PASS,,Nov 15 2019 7:37:51.7370 PM,Nov 15 2019 7:37:51.7750 PM,.0382
48. STOCKHOLM,Dut,sendCommand,PASS,,Nov 15 2019 7:37:51.7770 PM,Nov 15 2019 7:37:51.8280 PM,.0511
48. STOCKHOLM,Dut,sendCommand,PASS,,Nov 15 2019 7:37:51.8300 PM,Nov 15 2019 7:37:51.8730 PM,.0435
48. STOCKHOLM,Dut,sendCommand,PASS,,Nov 15 2019 7:37:51.8750 PM,Nov 15 2019 7:37:51.9210 PM,.0461
48. STOCKHOLM,Dut,sendCommand,PASS,,Nov 15 2019 7:37:51.9230 PM,Nov 15 2019 7:37:51.9660 PM,.0435
48. STOCKHOLM,Dut,sendCommand,PASS,,Nov 15 2019 7:37:51.9680 PM,Nov 15 2019 7:37:52.5730 PM,.6047
48. STOCKHOLM,Dut,sendCommand,PASS,,Nov 15 2019 7:37:52.5750 PM,Nov 15 2019 7:37:54.1060 PM,1.5311
48. STOCKHOLM,Dut,sendCommand,PASS,,Nov 15 2019 7:37:54.1080 PM,Nov 15 2019 7:37:54.1380 PM,.0299
48. STOCKHOLM,Dut,sendCommand,PASS,,Nov 15 2019 7:37:54.1390 PM,Nov 15 2019 7:37:54.1700 PM,.0305
48. STOCKHOLM,Dut,sendCommand,PASS,,Nov 15 2019 7:37:54.1720 PM,Nov 15 2019 7:37:54.2020 PM,.0298
48. STOCKHOLM,Dut,sendCommand,PASS,,Nov 15 2019 7:37:54.2040 PM,Nov 15 2019 7:37:54.2340 PM,.03
48. STOCKHOLM,Dut,sendCommand,PASS,,Nov 15 2019 7:37:54.2360 PM,Nov 15 2019 7:37:54.2660 PM,.0299
49. GERMANIUM_BASEBAND_VINYL,Dut,sendCommand,PASS,,Nov 15 2019 7:37:54.2730 PM,Nov 15 2019 7:37:58.2210 PM,3.9475
49. GERMANIUM_BASEBAND_VINYL,Dut,sendCommand,PASS,,Nov 15 2019 7:37:58.2230 PM,Nov 15 2019 7:37:58.3050 PM,.0827
49. GERMANIUM_BASEBAND_VINYL,Dut,sendCommand,PASS,,Nov 15 2019 7:37:58.3070 PM,Nov 15 2019 7:37:58.6970 PM,.3894
50. GRAPE_TEST,Dut,sendCommand,PASS,,Nov 15 2019 7:37:58.7000 PM,Nov 15 2019 7:37:58.8100 PM,.1102
50. GRAPE_TEST,Dut,sendCommand,PASS,,Nov 15 2019 7:37:58.8120 PM,Nov 15 2019 7:37:58.9480 PM,.1357
50. GRAPE_TEST,Dut,sendCommand,PASS,,Nov 15 2019 7:37:58.9500 PM,Nov 15 2019 7:37:58.9930 PM,.0429
51. ALS_TEST,Dut,sendCommand,PASS,,Nov 15 2019 7:37:58.9990 PM,Nov 15 2019 7:37:59.0460 PM,.0472
51. ALS_TEST,Dut,sendCommand,PASS,,Nov 15 2019 7:37:59.0510 PM,Nov 15 2019 7:37:59.3330 PM,.2821
51. ALS_TEST,Dut,sendCommand,PASS,,Nov 15 2019 7:37:59.3350 PM,Nov 15 2019 7:37:59.3650 PM,.0304
51. ALS_TEST,Dut,sendCommand,PASS,,Nov 15 2019 7:37:59.3670 PM,Nov 15 2019 7:37:59.3970 PM,.0303
51. ALS_TEST,Dut,sendCommand,PASS,,Nov 15 2019 7:37:59.3990 PM,Nov 15 2019 7:37:59.4380 PM,.0395
51. ALS_TEST,Dut,sendCommand,PASS,,Nov 15 2019 7:37:59.4400 PM,Nov 15 2019 7:37:59.5240 PM,.0844
51. ALS_TEST,Dut,sendCommand,PASS,,Nov 15 2019 7:37:59.5290 PM,Nov 15 2019 7:37:59.5750 PM,.0465
51. ALS_TEST,Dut,sendCommand,PASS,,Nov 15 2019 7:37:59.5780 PM,Nov 15 2019 7:37:59.6370 PM,.0591
51. ALS_TEST,Dut,sendCommand,PASS,,Nov 15 2019 7:37:59.6380 PM,Nov 15 2019 7:38:00.4820 PM,.8435
51. ALS_TEST,Dut,sendCommand,PASS,,Nov 15 2019 7:38:00.4840 PM,Nov 15 2019 7:38:00.7210 PM,.237
51. ALS_TEST,Dut,sendCommand,PASS,,Nov 15 2019 7:38:00.7220 PM,Nov 15 2019 7:38:01.5700 PM,.8473
51. ALS_TEST,Dut,sendCommand,PASS,,Nov 15 2019 7:38:01.5720 PM,Nov 15 2019 7:38:02.0320 PM,.4604
51. ALS_TEST,Dut,sendCommand,PASS,,Nov 15 2019 7:38:02.0350 PM,Nov 15 2019 7:38:02.0700 PM,.0358
52. DISPLAY_TEST,Dut,sendCommand,PASS,,Nov 15 2019 7:38:02.0770 PM,Nov 15 2019 7:38:02.3740 PM,.2972
52. DISPLAY_TEST,Dut,sendCommand,PASS,,Nov 15 2019 7:38:02.3750 PM,Nov 15 2019 7:38:02.4220 PM,.0464
52. DISPLAY_TEST,Dut,sendCommand,PASS,,Nov 15 2019 7:38:02.4230 PM,Nov 15 2019 7:38:02.4540 PM,.0305
52. DISPLAY_TEST,Dut,sendCommand,PASS,,Nov 15 2019 7:38:02.4550 PM,Nov 15 2019 7:38:02.4980 PM,.0424
52. DISPLAY_TEST,Dut,sendCommand,PASS,,Nov 15 2019 7:38:02.5000 PM,Nov 15 2019 7:38:02.5460 PM,.0461
52. DISPLAY_TEST,Dut,sendCommand,PASS,,Nov 15 2019 7:38:02.5470 PM,Nov 15 2019 7:38:04.5740 PM,2.0267
52. DISPLAY_TEST,Dut,sendCommand,PASS,,Nov 15 2019 7:38:04.5760 PM,Nov 15 2019 7:38:04.6380 PM,.0616
52. DISPLAY_TEST,Dut,sendCommand,PASS,,Nov 15 2019 7:38:04.6390 PM,Nov 15 2019 7:38:06.6660 PM,2.0269
52. DISPLAY_TEST,Dut,sendCommand,PASS,,Nov 15 2019 7:38:06.6680 PM,Nov 15 2019 7:38:06.7090 PM,.041
52. DISPLAY_TEST,Dut,sendCommand,PASS,,Nov 15 2019 7:38:06.7110 PM,Nov 15 2019 7:38:06.9640 PM,.2531
52. DISPLAY_TEST,Dut,sendCommand,PASS,,Nov 15 2019 7:38:06.9660 PM,Nov 15 2019 7:38:07.0700 PM,.1042
52. DISPLAY_TEST,Dut,sendCommand,PASS,,Nov 15 2019 7:38:07.0730 PM,Nov 15 2019 7:38:07.4700 PM,.3967
53. END_QUIESCE_SYSTEM,Dut,sendCommand,PASS,,Nov 15 2019 7:38:07.4740 PM,Nov 15 2019 7:38:07.5120 PM,.0373
54. QUERY_SFC_WRITE_SYSCFG_2,Dut,sendCommand,PASS,,Nov 15 2019 7:38:07.5150 PM,Nov 15 2019 7:38:07.5770 PM,.0624
54. QUERY_SFC_WRITE_SYSCFG_2,Dut,sendCommand,PASS,,Nov 15 2019 7:38:07.5800 PM,Nov 15 2019 7:38:07.6310 PM,.0513
54. QUERY_SFC_WRITE_SYSCFG_2,Dut,sendCommand,PASS,,Nov 15 2019 7:38:07.6350 PM,Nov 15 2019 7:38:07.6950 PM,.0609
54. QUERY_SFC_WRITE_SYSCFG_2,Dut,sendCommand,PASS,,Nov 15 2019 7:38:07.6970 PM,Nov 15 2019 7:38:07.7430 PM,.0462
54. QUERY_SFC_WRITE_SYSCFG_2,Dut,sendCommand,PASS,,Nov 15 2019 7:38:07.7460 PM,Nov 15 2019 7:38:07.7910 PM,.045
54. QUERY_SFC_WRITE_SYSCFG_2,Dut,sendCommand,PASS,,Nov 15 2019 7:38:07.7930 PM,Nov 15 2019 7:38:07.8390 PM,.0463
54. QUERY_SFC_WRITE_SYSCFG_2,Dut,sendCommand,PASS,,Nov 15 2019 7:38:07.8420 PM,Nov 15 2019 7:38:07.8870 PM,.0453
54. QUERY_SFC_WRITE_SYSCFG_2,Dut,sendCommand,PASS,,Nov 15 2019 7:38:07.8890 PM,Nov 15 2019 7:38:07.9350 PM,.0463
54. QUERY_SFC_WRITE_SYSCFG_2,Dut,sendCommand,PASS,,Nov 15 2019 7:38:07.9370 PM,Nov 15 2019 7:38:07.9830 PM,.0454
54. QUERY_SFC_WRITE_SYSCFG_2,Dut,sendCommand,PASS,,Nov 15 2019 7:38:07.9840 PM,Nov 15 2019 7:38:08.0300 PM,.0454
54. QUERY_SFC_WRITE_SYSCFG_2,Dut,sendCommand,PASS,,Nov 15 2019 7:38:08.0320 PM,Nov 15 2019 7:38:08.1100 PM,.0773
54. QUERY_SFC_WRITE_SYSCFG_2,Dut,sendCommand,PASS,,Nov 15 2019 7:38:08.1110 PM,Nov 15 2019 7:38:08.1580 PM,.0465
54. QUERY_SFC_WRITE_SYSCFG_2,Dut,sendCommand,PASS,,Nov 15 2019 7:38:08.1600 PM,Nov 15 2019 7:38:08.2060 PM,.0455
54. QUERY_SFC_WRITE_SYSCFG_2,Dut,sendCommand,PASS,,Nov 15 2019 7:38:08.2070 PM,Nov 15 2019 7:38:08.2530 PM,.0462
55. BATTERY_PROPERTIES,Dut,sendCommand,PASS,,Nov 15 2019 7:38:08.2590 PM,Nov 15 2019 7:38:08.3010 PM,.0418
55. BATTERY_PROPERTIES,Dut,sendCommand,PASS,,Nov 15 2019 7:38:08.3030 PM,Nov 15 2019 7:38:08.4850 PM,.1822
55. BATTERY_PROPERTIES,Dut,sendCommand,PASS,,Nov 15 2019 7:38:08.4870 PM,Nov 15 2019 7:38:09.5150 PM,1.028
55. BATTERY_PROPERTIES,Dut,sendCommand,PASS,,Nov 15 2019 7:38:09.5170 PM,Nov 15 2019 7:38:09.8590 PM,.3421
55. BATTERY_PROPERTIES,Dut,sendCommand,PASS,,Nov 15 2019 7:38:09.8610 PM,Nov 15 2019 7:38:10.5420 PM,.6817
55. BATTERY_PROPERTIES,Dut,sendCommand,PASS,,Nov 15 2019 7:38:10.5440 PM,Nov 15 2019 7:38:10.7290 PM,.1847
55. BATTERY_PROPERTIES,Dut,sendCommand,PASS,,Nov 15 2019 7:38:10.7310 PM,Nov 15 2019 7:38:10.9160 PM,.1846
55. BATTERY_PROPERTIES,Dut,sendCommand,PASS,,Nov 15 2019 7:38:10.9180 PM,Nov 15 2019 7:38:11.7240 PM,.8059
55. BATTERY_PROPERTIES,Dut,sendCommand,PASS,,Nov 15 2019 7:38:11.7270 PM,Nov 15 2019 7:38:11.9100 PM,.1827
56. MAGNETITE_RESET,Dut,sendCommand,PASS,,Nov 15 2019 7:38:11.9160 PM,Nov 15 2019 7:38:11.9620 PM,.0458
,Dut,close,PASS,,Nov 15 2019 7:38:11.9640 PM,Nov 15 2019 7:38:11.9650 PM,.0005
Copy Log,RunCommand,RunCommandWithParameter,PASS,,Nov 15 2019 7:38:11.9730 PM,Nov 15 2019 7:38:11.9840 PM,.0112
Copy Log,RunCommand,RunCommandWithParameter,PASS,,Nov 15 2019 7:38:11.9860 PM,Nov 15 2019 7:38:11.9970 PM,.0112
Copy Log,RunCommand,RunCommandWithParameter,PASS,,Nov 15 2019 7:38:11.9990 PM,Nov 15 2019 7:38:12.0130 PM,.0139
Copy Log,RunCommand,RunCommandWithParameter,PASS,,Nov 15 2019 7:38:12.0160 PM,Nov 15 2019 7:38:12.0290 PM,.0131
Copy Log,RunCommand,RunCommandWithParameter,PASS,,Nov 15 2019 7:38:12.0310 PM,Nov 15 2019 7:38:12.0420 PM,.0114
Copy Log,RunCommand,RunCommandWithParameter,PASS,,Nov 15 2019 7:38:12.0440 PM,Nov 15 2019 7:38:12.0560 PM,.0119
Copy Log,DRCB,addBlob,PASS,,Nov 15 2019 7:38:12.0580 PM,Nov 15 2019 7:38:12.0580 PM,.0002
57. END_CONTROLBIT,DRCB,finish,PASS,,Nov 15 2019 7:38:12.0620 PM,Nov 15 2019 7:38:12.3320 PM,.2698
,Dut,open,PASS,,Nov 15 2019 7:38:12.3350 PM,Nov 15 2019 7:38:12.3950 PM,.0597
58. UNIT STANDBY,Dut,sendCommand,PASS,,Nov 15 2019 7:38:12.3970 PM,Nov 15 2019 7:38:12.5040 PM,.1068
,Dut,close,PASS,,Nov 15 2019 7:38:12.5090 PM,Nov 15 2019 7:38:12.5090 PM,.0003
