GATEKEEPER,V1.1.3.2
Site, Product, SerialNumber, Special Build Name, Special Build Description, Unit Number, Station ID, Test Pass/Fail Status, StartTime, EndTime, Version, List of Failing Tests,Scan_FG_SN,Start Data Reporting,Start Data Reporting,Start Data Reporting,Start Data Reporting,Check_All_CB - CB_STATUS_MLB-FCT,Check_All_CB - ABS_ERASE_MLB-FCT,Check_All_CB - ABS_FAIL_MLB-FCT,Check_All_CB - REL_FAIL_MLB-FCT,Check_All_CB - CB_STATUS_TEST1,Check_All_CB - ABS_ERASE_TEST1,Check_All_CB - ABS_FAIL_TEST1,Check_All_CB - REL_FAIL_TEST1,Check_All_CB - CB_STATUS_QT0,Check_All_CB - ABS_ERASE_QT0,Check_All_CB - ABS_FAIL_QT0,Check_All_CB - REL_FAIL_QT0,Check_All_CB - CB_STATUS_DFU2-FTW,Check_All_CB - ABS_ERASE_DFU2-FTW,Check_All_CB - ABS_FAIL_DFU2-FTW,Check_All_CB - REL_FAIL_DFU2-FTW,Check_All_CB - CB_STATUS_QT1,Check_All_CB - ABS_ERASE_QT1,Check_All_CB - ABS_FAIL_QT1,Check_All_CB - REL_FAIL_QT1,Check_All_CB - CB_STATUS_LED-TEST,Check_All_CB - ABS_ERASE_LED-TEST,Check_All_CB - ABS_FAIL_LED-TEST,Check_All_CB - REL_FAIL_LED-TEST,Check_All_CB - CB_STATUS_KEY-FORCE,Check_All_CB - ABS_ERASE_KEY-FORCE,Check_All_CB - ABS_FAIL_KEY-FORCE,Check_All_CB - REL_FAIL_KEY-FORCE,Check_All_CB - CB_STATUS_TEST2,Check_All_CB - ABS_ERASE_TEST2,Check_All_CB - ABS_FAIL_TEST2,Check_All_CB - REL_FAIL_TEST2,Check_All_CB - CB_STATUS_MMI,Check_All_CB - ABS_ERASE_MMI,Check_All_CB - ABS_FAIL_MMI,Check_All_CB - REL_FAIL_MMI,Check_All_CB - CB_STATUS_SW-DOWNLOAD,Check_All_CB - ABS_ERASE_SW-DOWNLOAD,Check_All_CB - ABS_FAIL_SW-DOWNLOAD,Check_All_CB - REL_FAIL_SW-DOWNLOAD,Check_Bootargs_Status,Read_FG_SN,Compare_FG_SN,MLB_SN,WO_SN,UNIT_LBL,BUILD_EVENT,S_BUILD,KBM_SN,BACKLIGHT_SN,TRACKPAD_SN,TOUCH_FLEX_SN,Check_EP_Status,EP_Enable_All,STFW - STFW,STFW,Read_HW_Version - Read_HW_Version,Read_HW_Version,GreenPAK_ID - GreenPAK_ID,GreenPAK_ID,TOUCH_FW - TOUCH_FW,TOUCH_FW,Read_CCG3_FW,Production_Signed_Check - Production_Signed_Check,Production_Signed_Check,Read_KBD_HW_Layout - Read_KBD_HW_Layout,Read_KBD_HW_Layout,Get_KBD_HW_Layout - Read_KBD_HW_Layout,Get_KBD_HW_Layout,Compare_KBD_HW_Layout,Read_MLB_Lang,Get_KBD_Lang,Check_KBD_Lang,Read_MFI_Address - Read_MFI_Address,Read_MFI_Address,System_Critical_Errors - CRIT_ERR_E1_PART1,System_Critical_Errors - CRIT_ERR_E1_PART2,FW_Update_Critical_Errors - CRIT_ERR_E2_PART1,FW_Update_Critical_Errors - CRIT_ERR_E2_PART2,FW_Update_Critical_Errors - CRIT_ERR_E2_PART3,Key_Scan_Critical_Errors - CRIT_ERR_E7_PART1,Key_Scan_Critical_Errors - CRIT_ERR_E7_PART2,Key_Scan_Critical_Errors - CRIT_ERR_E7_PART3,Key_Scan_Critical_Errors - CRIT_ERR_E7_PART4,USBC_Critical_Errors - CRIT_ERR_E3_PART1,USBC_Critical_Errors - CRIT_ERR_E3_PART2,USBC_Critical_Errors - CRIT_ERR_E3_PART3,USBC_Critical_Errors - CRIT_ERR_E3_PART4,Grape_Critical_Errors - CRIT_ERR_E5_PART1,Grape_Critical_Errors - CRIT_ERR_E5_PART2,Grape_Critical_Errors - CRIT_ERR_E5_PART3,Grape_Critical_Errors - CRIT_ERR_E5_PART4,Grape_Critical_Errors - CRIT_ERR_E5_PART5,Grape_Critical_Errors - CRIT_ERR_E5_PART6,Grape_Critical_Errors - CRIT_ERR_E5_PART7,Grape_Critical_Errors - CRIT_ERR_E5_PART8,Grape_Critical_Errors - CRIT_ERR_E5_PART9,Grape_Critical_Errors - CRIT_ERR_E5_PART10,Critical_Errors_Summary - CRIT_ERR_E0_PART1,Backlight_Critical_Errors - BL_CRI_ERR_PART1,Grape_Connector_Self_Critical_Errors - CRIT_ERR_D3_PART1,Grape_Connector_Self_Critical_Errors - CRIT_ERR_D3_PART2,Grape_Connector_Self_Critical_Errors - CRIT_ERR_D3_PART3,
Upper Limited-------->,,,,,,,,,,,,,,,,,3,,,,3,,,,3,,,,3,,,,3,,,,3,,,,3,,,,3,,,,3,,,,3,,,,,,,,,,,,,,,,,,370,,3,,2,,1286,,,0,,33,,33,,,,,,16,,,,,,,,,,,,,,,,,,,,,,,,,,,,,,
Lower Limited-------->,,,,,,,,,,,,,,,,,3,,,,3,,,,3,,,,3,,,,3,,,,3,,,,3,,,,3,,,,3,,,,3,,,,,,,,,,,,,,,,,,370,,3,,2,,1286,,,0,,33,,33,,,,,,16,,,,,,,,,,,,,,,,,,,,,,,,,,,,,,
Measurement Units---->,,,,,,,,,,,,,,,,,,,,,,,,,,,,,,,,,,,,,,,,,,,,,,,,,,,,,,,,,,,,,,,,,,,,,,,,,,,,,,,,,,,,,,,,,,,,,,,,,,,,,,,,,,,,,,,,,,,,,,,,
FXLH,R118,FTPZD01VP3J4,,R118-P2_P21AK-M5-1,,FXLH_F05-4FT-02_2_GATEKEEPER,FAIL,09-20-15:34:33,54.52,V1.1.3.2,Check_All_CB,FTPZD01VP3J4,Atlas 1.9.2,FTPZD01VP3J4,V1.1.3.2,1,3,0,0,0,3,0,0,0,3,0,1,1,3,0,0,0,3,0,1,1,3,0,0,0,0,0,0,0,3,0,0,0,3,0,0,0,3,0,0,0,15 00 00 00 ,FTPZD01VP3J4,Pass,DLX93740020N6R52H,WMT-J90011,R118-P2_P21AK-M5-1_C00454,R118-P2,R118-P2_P21AK-M5-1,C4P9322000LJCPV3U,GV29363003LN3LN2Y,FM7934400V4N0LH16+M1J,CR193560164MW5D1L,13 00 00 00 00 ,13 00 00 00 00,370,0x0172,3,0x03,2,02,1286,0x0506,A0 02 00 0B 00 0B 00 0B ,0,0x00,33,0x21,33,0x21,Pass,02 01 01 0F 49 16 16 ,02 01 01 0F 49 16 16,Read_MLB_Lang :02 01 01 0F 49 16 16  ,  Get_KBD_Lang :02 01 01 0F 49 16 16,16,0x10,8704,0,0,0,0,0,0,0,0,0,0,0,0,16777216,0,0,0,0,0,16842752,16777216,0,0,0,0,17372165,100665620,33751040,
FXLH,R118,FTPZF046P3HW,,R118-P2_P21ACH-ECORELNB,,FXLH_F05-4FT-02_2_GATEKEEPER,FAIL,09-20-15:36:40,44.74,V1.1.3.2,Check_All_CB,FTPZF046P3HW,Atlas 1.9.2,FTPZF046P3HW,V1.1.3.2,1,3,0,0,0,3,0,0,0,3,0,0,0,3,0,0,0,3,0,0,0,3,0,0,0,0,0,0,0,3,0,0,0,3,0,0,0,3,0,0,0,15 00 00 00 ,FTPZF046P3HW,Pass,DLX937600RLN6R52U,WMT-J9001D,R118-P2_P21ACH-ECORELNB_C00887,R118-P2,R118-P2_P21ACH-ECORELNB,C4P9322002XJCPT3D,GV29363005HN3LN2V,FM7934401FKN0LH1Y+V1J,CR193560180MW5D1J,13 00 00 00 01 ,13 00 00 00 00,370,0x0172,3,0x03,2,02,1286,0x0506,A0 02 00 0B 00 0B 00 0B ,0,0x00,33,0x21,33,0x21,Pass,02 01 01 0B 49 16 16 ,02 01 01 0B 49 16 16,Read_MLB_Lang :02 01 01 0B 49 16 16  ,  Get_KBD_Lang :02 01 01 0B 49 16 16,16,0x10,8704,0,0,0,0,0,0,0,0,0,0,0,0,16777216,0,0,0,0,0,16842752,16777216,0,0,0,0,17372165,100665620,33751040,
FXLH,R118,FTPZF041P3HW,,R118-P2_P21ACH-ECORELNB,,FXLH_F05-4FT-02_2_GATEKEEPER,FAIL,09-20-15:38:03,47.87,V1.1.3.2,Check_All_CB,FTPZF041P3HW,Atlas 1.9.2,FTPZF041P3HW,V1.1.3.2,1,3,0,0,0,3,0,0,0,3,0,0,0,3,0,0,0,3,0,0,0,3,0,0,0,0,0,0,0,3,0,0,0,3,0,0,0,3,0,0,0,15 00 00 00 ,FTPZF041P3HW,Pass,DLX937600TWN6R52C,WMT-J9001D,R118-P2_P21ACH-ECORELNB_C00892,R118-P2,R118-P2_P21ACH-ECORELNB,C4P9322005FJCPT3L,GV29363004EN3LN21,FM7934401SVN0LH1P+V1J,CR1935601A3MW5D19,13 00 00 00 01 ,13 00 00 00 00,370,0x0172,3,0x03,2,02,1286,0x0506,A0 02 00 0B 00 0B 00 0B ,0,0x00,33,0x21,33,0x21,Pass,02 01 01 0B 49 16 16 ,02 01 01 0B 49 16 16,Read_MLB_Lang :02 01 01 0B 49 16 16  ,  Get_KBD_Lang :02 01 01 0B 49 16 16,16,0x10,8704,0,0,0,0,0,0,0,0,0,0,0,0,16777216,0,0,0,0,0,16842752,16777216,0,0,0,0,17372165,100665620,33751040,
FXLH,R118,FTPZD00TP3J4,,R118-P2_P21AK-M4,,FXLH_F05-4FT-02_2_GATEKEEPER,FAIL,09-20-15:39:37,47.42,V1.1.3.2,Check_All_CB,FTPZD00TP3J4,Atlas 1.9.2,FTPZD00TP3J4,V1.1.3.2,1,0,0,0,0,0,0,0,0,3,0,0,0,3,0,0,0,3,0,0,0,3,0,0,0,0,0,0,0,3,0,0,0,3,0,0,0,3,0,0,0,15 00 00 00 ,FTPZD00TP3J4,Pass,DLX93660095N6R52S,WMT-J9000B,R118-P2_P21AK-M4_C00403,R118-P2,R118-P2_P21AK-M4,C4P9322002WJCPV3C,GV29363006EN3LN2V,FM7934400YTN0LH18+M1J,CR1935601NRMW5D1K,13 00 00 00 01 ,13 00 00 00 00,370,0x0172,3,0x03,2,02,1286,0x0506,A0 02 00 0B 00 0B 00 0B ,0,0x00,33,0x21,33,0x21,Pass,02 01 01 0F 49 16 16 ,02 01 01 0F 49 16 16,Read_MLB_Lang :02 01 01 0F 49 16 16  ,  Get_KBD_Lang :02 01 01 0F 49 16 16,16,0x10,8704,0,0,0,0,0,0,0,0,0,0,0,0,16777216,0,0,0,0,0,16842752,16777216,0,0,0,0,17372165,100665620,33751040,
FXLH,R118,FTPZD01PP3J4,,R118-P2_P21AK-M5-1,,FXLH_F05-4FT-02_2_GATEKEEPER,FAIL,09-20-15:41:44,47.04,V1.1.3.2,Check_All_CB,FTPZD01PP3J4,Atlas 1.9.2,FTPZD01PP3J4,V1.1.3.2,1,3,0,0,0,3,0,0,0,3,0,0,0,3,0,0,0,3,0,0,0,3,0,0,0,0,0,0,0,3,0,0,0,3,0,1,1,3,0,0,0,15 00 00 00 ,FTPZD01PP3J4,Pass,DLX9374002MN6R52W,WMT-J90011,R118-P2_P21AK-M5-1_C00448,R118-P2,R118-P2_P21AK-M5-1,C4P9322000YJCPV3G,GV29363004RN3LN2Q,FM7934400WCN0LH1V+M1J,CR19356012DMW5D1P,13 00 00 00 01 ,13 00 00 00 00,370,0x0172,3,0x03,2,02,1286,0x0506,A0 02 00 0B 00 0B 00 0B ,0,0x00,33,0x21,33,0x21,Pass,02 01 01 0F 49 16 16 ,02 01 01 0F 49 16 16,Read_MLB_Lang :02 01 01 0F 49 16 16  ,  Get_KBD_Lang :02 01 01 0F 49 16 16,16,0x10,8704,0,0,0,0,0,0,0,0,0,0,0,0,16777216,0,0,0,0,0,16842752,16777216,0,0,0,0,17372165,100665620,33751040,
FXLH,R118,FTPZD01VP3J4,,R118-P2_P21AK-M5-1,,FXLH_F05-4FT-02_2_GATEKEEPER,FAIL,09-20-15:46:06,58.05,V1.1.3.2,Check_All_CB,FTPZD01VP3J4,Atlas 1.9.2,FTPZD01VP3J4,V1.1.3.2,1,3,0,0,0,3,0,0,0,3,0,1,1,3,0,0,0,3,0,1,1,3,0,0,0,0,0,0,0,3,0,0,0,3,0,0,0,3,0,0,0,15 00 00 00 ,FTPZD01VP3J4,Pass,DLX93740020N6R52H,WMT-J90011,R118-P2_P21AK-M5-1_C00454,R118-P2,R118-P2_P21AK-M5-1,C4P9322000LJCPV3U,GV29363003LN3LN2Y,FM7934400V4N0LH16+M1J,CR193560164MW5D1L,13 00 00 00 01 ,13 00 00 00 00,370,0x0172,3,0x03,2,02,1286,0x0506,A0 02 00 0B 00 0B 00 0B ,0,0x00,33,0x21,33,0x21,Pass,02 01 01 0F 49 16 16 ,02 01 01 0F 49 16 16,Read_MLB_Lang :02 01 01 0F 49 16 16  ,  Get_KBD_Lang :02 01 01 0F 49 16 16,16,0x10,8704,0,0,0,0,0,0,0,0,0,0,0,0,16777216,0,0,0,0,0,16842752,16777216,0,0,0,0,17372165,100665620,33751040,
FXLH,R118,FTPZD00HP3J4,,R118-P2_P21AK-M4,,FXLH_F05-4FT-02_2_GATEKEEPER,FAIL,09-20-15:49:37,44.06,V1.1.3.2,Check_All_CB,FTPZD00HP3J4,Atlas 1.9.2,FTPZD00HP3J4,V1.1.3.2,1,0,0,0,0,0,0,0,0,3,0,0,0,3,0,0,0,1,0,1,1,3,0,0,0,0,0,0,0,3,0,0,0,3,0,0,0,3,0,0,0,15 00 00 00 ,FTPZD00HP3J4,Pass,DLX936700AAN6R52H,WMT-J9000B,R118-P2_P21AK-M4_C00413,R118-P2,R118-P2_P21AK-M4,C4P9322002PJCPV3K,GV29363003YN3LN2L,FM7934400WVN0LH1C+M1J,CR193560143MW5D1T,13 00 00 00 01 ,13 00 00 00 00,370,0x0172,3,0x03,2,02,1286,0x0506,A0 02 00 0B 00 0B 00 0B ,0,0x00,33,0x21,33,0x21,Pass,02 01 01 0F 49 16 16 ,02 01 01 0F 49 16 16,Read_MLB_Lang :02 01 01 0F 49 16 16  ,  Get_KBD_Lang :02 01 01 0F 49 16 16,16,0x10,8704,0,0,0,0,0,0,0,0,0,0,0,0,16777216,0,0,0,0,0,16842752,16777216,0,0,0,0,17372165,100665620,33751040,
FXLH,R118,FTPZD00HP3J4,,R118-P2_P21AK-M4,,FXLH_F05-4FT-02_2_GATEKEEPER,FAIL,09-20-15:51:32,50.90,V1.1.3.2,Check_All_CB,FTPZD00HP3J4,Atlas 1.9.2,FTPZD00HP3J4,V1.1.3.2,1,0,0,0,0,0,0,0,0,3,0,0,0,3,0,0,0,1,0,1,1,3,0,0,0,0,0,0,0,3,0,0,0,3,0,0,0,3,0,0,0,15 00 00 00 ,FTPZD00HP3J4,Pass,DLX936700AAN6R52H,WMT-J9000B,R118-P2_P21AK-M4_C00413,R118-P2,R118-P2_P21AK-M4,C4P9322002PJCPV3K,GV29363003YN3LN2L,FM7934400WVN0LH1C+M1J,CR193560143MW5D1T,13 00 00 00 00 ,13 00 00 00 00,370,0x0172,3,0x03,2,02,1286,0x0506,A0 02 00 0B 00 0B 00 0B ,0,0x00,33,0x21,33,0x21,Pass,02 01 01 0F 49 16 16 ,02 01 01 0F 49 16 16,Read_MLB_Lang :02 01 01 0F 49 16 16  ,  Get_KBD_Lang :02 01 01 0F 49 16 16,16,0x10,8704,0,0,0,0,0,0,0,0,0,0,0,0,16777216,0,0,0,0,0,16842752,16777216,0,0,0,0,17372165,100665620,33751040,
FXLH,R118,FTPZF00TP3HR,,R118-P2_P21AEN-R1,,FXLH_F05-4FT-02_2_GATEKEEPER,FAIL,09-20-16:05:33,37.68,V1.1.3.2,Check_All_CB,FTPZF00TP3HR,Atlas 1.9.2,FTPZF00TP3HR,V1.1.3.2,1,3,0,0,0,3,0,0,0,3,0,0,0,3,0,0,0,3,0,0,0,3,0,0,0,0,0,0,0,3,0,0,0,3,0,1,1,3,0,0,0,15 00 00 00 ,FTPZF00TP3HR,Pass,DLX9382003MN6R52S,WMT-J9001B,R118-P2_P21AEN-R1_C00790,R118-P2,R118-P2_P21AEN-R1,C4P93220048JCPP30,GV29364009HN3LN2G,FM79344019VN0LH16+V1J,CR1935601PGMW5D1R,13 00 00 00 01 ,13 00 00 00 00,370,0x0172,3,0x03,2,02,1286,0x0506,A0 02 00 0B 00 0B 00 0B ,0,0x00,33,0x21,33,0x21,Pass,02 01 01 05 49 ,02 01 01 05 49,Read_MLB_Lang :02 01 01 05 49  ,  Get_KBD_Lang :02 01 01 05 49,16,0x10,8704,0,0,0,0,0,0,0,0,0,0,0,0,16777216,0,0,0,0,0,16842752,16777216,0,0,0,0,17372165,100665620,33751040,
FXLH,R118,FTPZF00BP3J4,,R118-P2_P21AKR-R2,,FXLH_F05-4FT-02_2_GATEKEEPER,FAIL,09-20-16:11:28,57.03,V1.1.3.2,Check_All_CB,FTPZF00BP3J4,Atlas 1.9.2,FTPZF00BP3J4,V1.1.3.2,1,3,0,0,0,3,0,0,0,3,0,3,3,3,0,0,0,3,0,0,0,3,0,0,0,0,0,0,0,3,0,0,0,3,0,0,0,3,0,0,0,15 00 00 00 ,FTPZF00BP3J4,Pass,DLX938200AYN6R52U,WMT-J9001C,R118-P2_P21AKR-R2_C00816,R118-P2,R118-P2_P21AKR-R2,C4P93220042JCPV30,GV293640063N3LN25,FM7934401RZN0LH1N+V1J,C47935300Z2MW5D2Z,13 00 00 00 01 ,13 00 00 00 00,370,0x0172,3,0x03,2,02,1286,0x0506,A0 02 00 0B 00 0B 00 0B ,0,0x00,33,0x21,33,0x21,Pass,02 01 01 0F 49 16 16 ,02 01 01 0F 49 16 16,Read_MLB_Lang :02 01 01 0F 49 16 16  ,  Get_KBD_Lang :02 01 01 0F 49 16 16,16,0x10,8704,0,0,0,0,0,0,0,0,0,0,0,0,16777216,0,0,0,0,0,16842752,16777216,0,0,0,0,17372165,100665620,33751040,
FXLH,R118,FTPZF00HP3J4,,R118-P2_P21AKR-R2,,FXLH_F05-4FT-02_2_GATEKEEPER,FAIL,09-20-16:13:24,40.38,V1.1.3.2,Check_All_CB,FTPZF00HP3J4,Atlas 1.9.2,FTPZF00HP3J4,V1.1.3.2,1,3,0,0,0,3,0,0,0,3,0,1,1,3,0,0,0,3,0,0,0,3,0,0,0,0,0,0,0,3,0,0,0,3,0,0,0,3,0,0,0,15 00 00 00 ,FTPZF00HP3J4,Pass,DLX938200APN6R523,WMT-J9001C,R118-P2_P21AKR-R2_C00810,R118-P2,R118-P2_P21AKR-R2,C4P93220050JCPV3Z,GV29364002CN3LN28,FM7934401JQN0LH1J+V1J,C4793530112MW5D2S,13 00 00 00 01 ,13 00 00 00 00,370,0x0172,3,0x03,2,02,1286,0x0506,A0 02 00 0B 00 0B 00 0B ,0,0x00,33,0x21,33,0x21,Pass,02 01 01 0F 49 16 16 ,02 01 01 0F 49 16 16,Read_MLB_Lang :02 01 01 0F 49 16 16  ,  Get_KBD_Lang :02 01 01 0F 49 16 16,16,0x10,8704,0,0,0,0,0,0,0,0,0,0,0,0,16777216,0,0,0,0,0,16842752,16777216,0,0,0,0,17372165,100665620,33751040,
FXLH,R118,FTPZF00AP3HR,,R118-P2_P21AEN-R1,,FXLH_F05-4FT-02_2_GATEKEEPER,FAIL,09-20-16:18:23,47.08,V1.1.3.2,Check_All_CB,FTPZF00AP3HR,Atlas 1.9.2,FTPZF00AP3HR,V1.1.3.2,1,3,0,0,0,3,0,0,0,3,0,1,1,3,0,0,0,3,0,0,0,3,0,0,0,0,0,0,0,3,0,0,0,3,0,0,0,3,0,0,0,15 00 00 00 ,FTPZF00AP3HR,Pass,DLX937600TXN6R52B,WMT-J9001B,R118-P2_P21AEN-R1_C00764,R118-P2,R118-P2_P21AEN-R1,C4P932200T8JCPP3Z,GV2936400BYN3LN2V,FM79344015KN0LH1U+V1J,C479353029JMW5D2K,13 00 00 00 01 ,13 00 00 00 00,370,0x0172,3,0x03,2,02,1286,0x0506,A0 02 00 0B 00 0B 00 0B ,0,0x00,33,0x21,33,0x21,Pass,02 01 01 05 49 ,02 01 01 05 49,Read_MLB_Lang :02 01 01 05 49  ,  Get_KBD_Lang :02 01 01 05 49,16,0x10,8704,0,0,0,0,0,0,0,0,0,0,0,0,16777216,0,0,0,0,0,16842752,16777216,0,0,0,0,17372165,100665620,33751040,
FXLH,R118,FTPZF006P3J4,,R118-P2_P21AKR-R2,,FXLH_F05-4FT-02_2_GATEKEEPER,FAIL,09-20-16:20:03,43.67,V1.1.3.2,Check_All_CB,FTPZF006P3J4,Atlas 1.9.2,FTPZF006P3J4,V1.1.3.2,1,3,0,0,0,3,0,0,0,3,0,1,1,3,0,0,0,3,0,1,1,3,0,0,0,0,0,0,0,3,0,0,0,3,0,0,0,3,0,0,0,15 00 00 00 ,FTPZF006P3J4,Pass,DLX938200AMN6R525,WMT-J9001C,R118-P2_P21AKR-R2_C00801,R118-P2,R118-P2_P21AKR-R2,C4P9322003UJCPV3B,GV293640027N3LN2D,FM7934401VXN0LH1C+V1J,CR19356015NMW5D15,13 00 00 00 01 ,13 00 00 00 00,370,0x0172,3,0x03,2,02,1286,0x0506,A0 02 00 0B 00 0B 00 0B ,0,0x00,33,0x21,33,0x21,Pass,02 01 01 0F 49 16 16 ,02 01 01 0F 49 16 16,Read_MLB_Lang :02 01 01 0F 49 16 16  ,  Get_KBD_Lang :02 01 01 0F 49 16 16,16,0x10,8704,0,0,0,0,0,0,0,0,0,0,0,0,16777216,0,0,0,0,0,16842752,16777216,0,0,0,0,17372165,100665620,33751040,
FXLH,R118,FTPZF008P3HR,,R118-P2_P21AEN-R1,,FXLH_F05-4FT-02_2_GATEKEEPER,FAIL,09-20-16:24:51,60.51,V1.1.3.2,Check_All_CB,FTPZF008P3HR,Atlas 1.9.2,FTPZF008P3HR,V1.1.3.2,1,3,0,0,0,3,0,0,0,3,0,1,1,3,0,0,0,3,0,0,0,3,0,0,0,0,0,0,0,3,0,0,0,3,0,0,0,3,0,0,0,15 00 00 00 ,FTPZF008P3HR,Pass,DLX9382004NN6R52N,WMT-J9001B,R118-P2_P21AEN-R1_C00766,R118-P2,R118-P2_P21AEN-R1,C4P932200NQJCPP3Y,GV29364009TN3LN26,FM79344018MN0LH1H+V1J,CR19356018DMW5D15,13 00 00 00 01 ,13 00 00 00 00,370,0x0172,3,0x03,2,02,1286,0x0506,A0 02 00 0B 00 0B 00 0B ,0,0x00,33,0x21,33,0x21,Pass,02 01 01 05 49 ,02 01 01 05 49,Read_MLB_Lang :02 01 01 05 49  ,  Get_KBD_Lang :02 01 01 05 49,16,0x10,8704,0,0,0,0,0,0,0,0,0,0,0,0,16777216,0,0,0,0,0,16842752,16777216,0,0,0,0,17372165,100665620,33751040,
FXLH,R118,FTPZF002P3HR,,R118-P2_P21AEN-R1,,FXLH_F05-4FT-02_2_GATEKEEPER,FAIL,09-20-16:29:27,41.57,V1.1.3.2,Check_All_CB,FTPZF002P3HR,Atlas 1.9.2,FTPZF002P3HR,V1.1.3.2,1,3,0,0,0,3,0,0,0,3,0,0,0,3,0,0,0,3,0,0,0,3,0,0,0,0,0,0,0,3,0,0,0,3,0,0,0,3,0,0,0,15 00 00 00 ,FTPZF002P3HR,Pass,DLX937600SGN6R52V,WMT-J9001B,R118-P2_P21AEN-R1_C00772,R118-P2,R118-P2_P21AEN-R1,C4P9322006TJCPP39,GV2936400B6N3LN2M,FM79344016AN0LH10+V1J,C4793530220MW5D2Q,13 00 00 00 01 ,13 00 00 00 00,370,0x0172,3,0x03,2,02,1286,0x0506,A0 02 00 0B 00 0B 00 0B ,0,0x00,33,0x21,33,0x21,Pass,02 01 01 05 49 ,02 01 01 05 49,Read_MLB_Lang :02 01 01 05 49  ,  Get_KBD_Lang :02 01 01 05 49,16,0x10,8704,0,0,0,0,0,0,0,0,0,0,0,0,16777216,0,0,0,0,0,16842752,16777216,0,0,0,0,17372165,100665620,33751040,
FXLH,R118,FTPZD00ZP3HR,,R118-P2_P21AEN-M2,,FXLH_F05-4FT-02_2_GATEKEEPER,FAIL,09-20-16:33:45,45.19,V1.1.3.2,Check_All_CB,FTPZD00ZP3HR,Atlas 1.9.2,FTPZD00ZP3HR,V1.1.3.2,1,0,0,0,0,0,0,0,0,3,0,1,1,3,0,2,2,3,0,0,0,3,0,0,0,0,0,0,0,3,0,0,0,3,0,0,0,3,0,0,0,15 00 00 00 ,FTPZD00ZP3HR,Pass,DLX9366006UN6R52C,WCT-J90009,R118-P2_P21AEN-M2_C00364,R118-P2,R118-P2_P21AEN-M2,C4P9322001PJCPP3U,GV29363001ZN3LN2R,FM7934400UFN0LH1Y+M1J,CR19356015HMW5D1A,13 00 00 00 01 ,13 00 00 00 00,370,0x0172,3,0x03,2,02,1286,0x0506,A0 02 00 0B 00 0B 00 0B ,0,0x00,33,0x21,33,0x21,Pass,02 01 01 05 49 ,02 01 01 05 49,Read_MLB_Lang :02 01 01 05 49  ,  Get_KBD_Lang :02 01 01 05 49,16,0x10,8704,0,0,0,0,0,0,0,0,0,0,0,0,16777216,0,0,0,0,0,16842752,16777216,0,0,0,0,17372165,100665620,33751040,
FXLH,R118,FTPZC01AP3HR,,R118-P2_P21AEN-M1,,FXLH_F05-4FT-02_2_GATEKEEPER,FAIL,09-20-16:38:16,54.07,V1.1.3.2,Check_All_CB,FTPZC01AP3HR,Atlas 1.9.2,FTPZC01AP3HR,V1.1.3.2,1,0,0,0,0,0,0,0,0,3,0,0,0,3,0,0,0,3,0,8,8,3,0,0,0,0,0,0,0,3,0,0,0,3,0,0,0,3,0,1,1,15 00 00 00 ,FTPZC01AP3HR,Pass,DLX9366007JN6R52K,WCT-J90007,R118-P2_P21AEN-M1_C00327,R118-P2,R118-P2_P21AEN-M1,C4P9322005VJCPP3A,GV29347005BN3LN23,FM7934400XCN0LH1S+M1J,C47935307G4MW5D27,13 00 00 00 01 ,13 00 00 00 00,370,0x0172,3,0x03,2,02,1286,0x0506,A0 02 00 0B 00 0B 00 0B ,0,0x00,33,0x21,33,0x21,Pass,02 01 01 05 49 ,02 01 01 05 49,Read_MLB_Lang :02 01 01 05 49  ,  Get_KBD_Lang :02 01 01 05 49,16,0x10,8704,0,0,0,0,0,0,0,0,0,0,0,0,16777216,0,0,0,0,0,16842752,16777216,0,0,0,0,17372165,100665620,33751040,
