GATEKEEPER,V1.1.3.2
Site, Product, SerialNumber, Special Build Name, Special Build Description, Unit Number, Station ID, Test Pass/Fail Status, StartTime, EndTime, Version, List of Failing Tests,Scan_FG_SN,Start Data Reporting,Start Data Reporting,Start Data Reporting,Start Data Reporting,Check_All_CB - CB_STATUS_MLB-FCT,Check_All_CB - ABS_ERASE_MLB-FCT,Check_All_CB - ABS_FAIL_MLB-FCT,Check_All_CB - REL_FAIL_MLB-FCT,Check_All_CB - CB_STATUS_TEST1,Check_All_CB - ABS_ERASE_TEST1,Check_All_CB - ABS_FAIL_TEST1,Check_All_CB - REL_FAIL_TEST1,Check_All_CB - CB_STATUS_QT0,Check_All_CB - ABS_ERASE_QT0,Check_All_CB - ABS_FAIL_QT0,Check_All_CB - REL_FAIL_QT0,Check_All_CB - CB_STATUS_DFU2-FTW,Check_All_CB - ABS_ERASE_DFU2-FTW,Check_All_CB - ABS_FAIL_DFU2-FTW,Check_All_CB - REL_FAIL_DFU2-FTW,Check_All_CB - CB_STATUS_QT1,Check_All_CB - ABS_ERASE_QT1,Check_All_CB - ABS_FAIL_QT1,Check_All_CB - REL_FAIL_QT1,Check_All_CB - CB_STATUS_LED-TEST,Check_All_CB - ABS_ERASE_LED-TEST,Check_All_CB - ABS_FAIL_LED-TEST,Check_All_CB - REL_FAIL_LED-TEST,Check_All_CB - CB_STATUS_KEY-FORCE,Check_All_CB - ABS_ERASE_KEY-FORCE,Check_All_CB - ABS_FAIL_KEY-FORCE,Check_All_CB - REL_FAIL_KEY-FORCE,Check_All_CB - CB_STATUS_TEST2,Check_All_CB - ABS_ERASE_TEST2,Check_All_CB - ABS_FAIL_TEST2,Check_All_CB - REL_FAIL_TEST2,Check_All_CB - CB_STATUS_MMI,Check_All_CB - ABS_ERASE_MMI,Check_All_CB - ABS_FAIL_MMI,Check_All_CB - REL_FAIL_MMI,Check_All_CB - CB_STATUS_SW-DOWNLOAD,Check_All_CB - ABS_ERASE_SW-DOWNLOAD,Check_All_CB - ABS_FAIL_SW-DOWNLOAD,Check_All_CB - REL_FAIL_SW-DOWNLOAD,Check_Bootargs_Status,Read_FG_SN,Compare_FG_SN,MLB_SN,WO_SN,UNIT_LBL,BUILD_EVENT,S_BUILD,KBM_SN,BACKLIGHT_SN,TRACKPAD_SN,TOUCH_FLEX_SN,Check_EP_Status,EP_Enable_All,STFW - STFW,STFW,Read_HW_Version - Read_HW_Version,Read_HW_Version,GreenPAK_ID - GreenPAK_ID,GreenPAK_ID,TOUCH_FW - TOUCH_FW,TOUCH_FW,Read_CCG3_FW,Production_Signed_Check - Production_Signed_Check,Production_Signed_Check,Read_KBD_HW_Layout - Read_KBD_HW_Layout,Read_KBD_HW_Layout,Get_KBD_HW_Layout - Read_KBD_HW_Layout,Get_KBD_HW_Layout,Compare_KBD_HW_Layout,Read_MLB_Lang,Get_KBD_Lang,Check_KBD_Lang,Read_MFI_Address - Read_MFI_Address,Read_MFI_Address,System_Critical_Errors - CRIT_ERR_E1_PART1,System_Critical_Errors - CRIT_ERR_E1_PART2,FW_Update_Critical_Errors - CRIT_ERR_E2_PART1,FW_Update_Critical_Errors - CRIT_ERR_E2_PART2,FW_Update_Critical_Errors - CRIT_ERR_E2_PART3,Key_Scan_Critical_Errors - CRIT_ERR_E7_PART1,Key_Scan_Critical_Errors - CRIT_ERR_E7_PART2,Key_Scan_Critical_Errors - CRIT_ERR_E7_PART3,Key_Scan_Critical_Errors - CRIT_ERR_E7_PART4,USBC_Critical_Errors - CRIT_ERR_E3_PART1,USBC_Critical_Errors - CRIT_ERR_E3_PART2,USBC_Critical_Errors - CRIT_ERR_E3_PART3,USBC_Critical_Errors - CRIT_ERR_E3_PART4,Grape_Critical_Errors - CRIT_ERR_E5_PART1,Grape_Critical_Errors - CRIT_ERR_E5_PART2,Grape_Critical_Errors - CRIT_ERR_E5_PART3,Grape_Critical_Errors - CRIT_ERR_E5_PART4,Grape_Critical_Errors - CRIT_ERR_E5_PART5,Grape_Critical_Errors - CRIT_ERR_E5_PART6,Grape_Critical_Errors - CRIT_ERR_E5_PART7,Grape_Critical_Errors - CRIT_ERR_E5_PART8,Grape_Critical_Errors - CRIT_ERR_E5_PART9,Grape_Critical_Errors - CRIT_ERR_E5_PART10,Critical_Errors_Summary - CRIT_ERR_E0_PART1,Backlight_Critical_Errors - BL_CRI_ERR_PART1,Grape_Connector_Self_Critical_Errors - CRIT_ERR_D3_PART1,Grape_Connector_Self_Critical_Errors - CRIT_ERR_D3_PART2,Grape_Connector_Self_Critical_Errors - CRIT_ERR_D3_PART3,
Upper Limited-------->,,,,,,,,,,,,,,,,,3,,,,3,,,,3,,,,3,,,,3,,,,3,,,,3,,,,3,,,,3,,,,3,,,,,,,,,,,,,,,,,,370,,3,,2,,1286,,,0,,33,,33,,,,,,16,,,,,,,,,,,,,,,,,,,,,,,,,,,,,,
Lower Limited-------->,,,,,,,,,,,,,,,,,3,,,,3,,,,3,,,,3,,,,3,,,,3,,,,3,,,,3,,,,3,,,,3,,,,,,,,,,,,,,,,,,370,,3,,2,,1286,,,0,,33,,33,,,,,,16,,,,,,,,,,,,,,,,,,,,,,,,,,,,,,
Measurement Units---->,,,,,,,,,,,,,,,,,,,,,,,,,,,,,,,,,,,,,,,,,,,,,,,,,,,,,,,,,,,,,,,,,,,,,,,,,,,,,,,,,,,,,,,,,,,,,,,,,,,,,,,,,,,,,,,,,,,,,,,,
FXLH,R118,FTPZF02WP3HW,,R118-P2_P21ACH-ECORELNB,,FXLH_F05-4FT-02_2_GATEKEEPER,FAIL,09-19-20:47:56,59.71,V1.1.3.2,Check_All_CB,FTPZF02WP3HW,Atlas 1.9.2,FTPZF02WP3HW,V1.1.3.2,1,3,0,0,0,3,0,0,0,3,0,1,1,3,0,0,0,3,0,0,0,3,0,0,0,0,0,0,0,3,0,0,0,3,0,0,0,3,0,0,0,15 00 00 00 ,FTPZF02WP3HW,Pass,DLX937600SQN6R52M,WMT-J9001D,R118-P2_P21ACH-ECORELNB_C00851,R118-P2,R118-P2_P21ACH-ECORELNB,C4P9322003PJCPT3J,GV29363002YN3LN2P,FM7934401EFN0LH15+V1J,CR1935601EKMW5D1F,13 00 00 00 01 ,13 00 00 00 00,370,0x0172,3,0x03,2,02,1286,0x0506,A0 02 00 0B 00 0B 00 0B ,0,0x00,33,0x21,33,0x21,Pass,02 01 01 0B 49 16 16 ,02 01 01 0B 49 16 16,Read_MLB_Lang :02 01 01 0B 49 16 16  ,  Get_KBD_Lang :02 01 01 0B 49 16 16,16,0x10,8704,0,0,0,0,0,0,0,0,0,0,0,0,16777216,0,0,0,0,0,16842752,16777216,0,0,0,0,17372165,100665620,33751040,
FXLH,R118,FTPZF044P3HW,,R118-P2_P21ACH-ECORELNB,,FXLH_F05-4FT-02_2_GATEKEEPER,FAIL,09-19-20:50:23,42.80,V1.1.3.2,Check_All_CB,FTPZF044P3HW,Atlas 1.9.2,FTPZF044P3HW,V1.1.3.2,1,3,0,0,0,3,0,0,0,3,0,0,0,3,0,0,0,3,0,0,0,3,0,0,0,0,0,0,0,3,0,0,0,3,0,2,2,3,0,0,0,15 00 00 00 ,FTPZF044P3HW,Pass,DLX937600TAN6R52Y,WMT-J9001D,R118-P2_P21ACH-ECORELNB_C00889,R118-P2,R118-P2_P21ACH-ECORELNB,C4P9322004UJCPT3A,GV29363006YN3LN2B,FM79344017YN0LH19+V1J,CR1935601KNMW5D1X,13 00 00 00 01 ,13 00 00 00 00,370,0x0172,3,0x03,2,02,1286,0x0506,A0 02 00 0B 00 0B 00 0B ,0,0x00,33,0x21,33,0x21,Pass,02 01 01 0B 49 16 16 ,02 01 01 0B 49 16 16,Read_MLB_Lang :02 01 01 0B 49 16 16  ,  Get_KBD_Lang :02 01 01 0B 49 16 16,16,0x10,8704,0,0,0,0,0,0,0,0,0,0,0,0,16777216,0,0,0,0,0,16842752,16777216,0,0,0,0,17372165,100665620,33751040,
FXLH,R118,FTPZD07MP3HR,,R118-P2_P21AEN-1,,FXLH_F05-4FT-02_2_GATEKEEPER,FAIL,09-19-20:53:07,42.37,V1.1.3.2,Check_All_CB,FTPZD07MP3HR,Atlas 1.9.2,FTPZD07MP3HR,V1.1.3.2,1,3,0,0,0,3,0,0,0,3,0,2,2,3,0,0,0,3,0,3,3,3,0,0,0,0,0,0,0,3,0,0,0,3,0,0,0,3,0,0,0,15 00 00 00 ,FTPZD07MP3HR,Pass,DLX937500FVN6R52G,WMT-J90018,R118-P2_P21AEN-1_C00674,R118-P2,R118-P2_P21AEN-1,C4P9322009MJCPP36,GV29364007EN3LN2R,FM7934401CKN0LH17+V1J,C479353011WMW5D2Y,13 00 00 00 01 ,13 00 00 00 00,370,0x0172,3,0x03,2,02,1286,0x0506,A0 02 00 0B 00 0B 00 0B ,0,0x00,33,0x21,33,0x21,Pass,02 01 01 05 49 ,02 01 01 05 49,Read_MLB_Lang :02 01 01 05 49  ,  Get_KBD_Lang :02 01 01 05 49,16,0x10,8704,0,0,0,0,0,0,0,0,0,0,0,0,16777216,0,0,0,0,0,16842752,16777216,0,0,0,0,17372165,100665620,33751040,
