GATEKEEPER,V1.1.3.2
Site, Product, SerialNumber, Special Build Name, Special Build Description, Unit Number, Station ID, Test Pass/Fail Status, StartTime, EndTime, Version, List of Failing Tests,Scan_FG_SN,Start Data Reporting,Start Data Reporting,Start Data Reporting,Start Data Reporting,Check_All_CB - CB_STATUS_MLB-FCT,Check_All_CB - ABS_ERASE_MLB-FCT,Check_All_CB - ABS_FAIL_MLB-FCT,Check_All_CB - REL_FAIL_MLB-FCT,Check_All_CB - CB_STATUS_TEST1,Check_All_CB - ABS_ERASE_TEST1,Check_All_CB - ABS_FAIL_TEST1,Check_All_CB - REL_FAIL_TEST1,Check_All_CB - CB_STATUS_QT0,Check_All_CB - ABS_ERASE_QT0,Check_All_CB - ABS_FAIL_QT0,Check_All_CB - REL_FAIL_QT0,Check_All_CB - CB_STATUS_DFU2-FTW,Check_All_CB - ABS_ERASE_DFU2-FTW,Check_All_CB - ABS_FAIL_DFU2-FTW,Check_All_CB - REL_FAIL_DFU2-FTW,Check_All_CB - CB_STATUS_QT1,Check_All_CB - ABS_ERASE_QT1,Check_All_CB - ABS_FAIL_QT1,Check_All_CB - REL_FAIL_QT1,Check_All_CB - CB_STATUS_LED-TEST,Check_All_CB - ABS_ERASE_LED-TEST,Check_All_CB - ABS_FAIL_LED-TEST,Check_All_CB - REL_FAIL_LED-TEST,Check_All_CB - CB_STATUS_KEY-FORCE,Check_All_CB - ABS_ERASE_KEY-FORCE,Check_All_CB - ABS_FAIL_KEY-FORCE,Check_All_CB - REL_FAIL_KEY-FORCE,Check_All_CB - CB_STATUS_TEST2,Check_All_CB - ABS_ERASE_TEST2,Check_All_CB - ABS_FAIL_TEST2,Check_All_CB - REL_FAIL_TEST2,Check_All_CB - CB_STATUS_MMI,Check_All_CB - ABS_ERASE_MMI,Check_All_CB - ABS_FAIL_MMI,Check_All_CB - REL_FAIL_MMI,Check_All_CB - CB_STATUS_SW-DOWNLOAD,Check_All_CB - ABS_ERASE_SW-DOWNLOAD,Check_All_CB - ABS_FAIL_SW-DOWNLOAD,Check_All_CB - REL_FAIL_SW-DOWNLOAD,Check_Bootargs_Status,Read_FG_SN,Compare_FG_SN,MLB_SN,WO_SN,UNIT_LBL,BUILD_EVENT,S_BUILD,KBM_SN,BACKLIGHT_SN,TRACKPAD_SN,TOUCH_FLEX_SN,Check_EP_Status,EP_Enable_All,STFW - STFW,STFW,Read_HW_Version - Read_HW_Version,Read_HW_Version,GreenPAK_ID - GreenPAK_ID,GreenPAK_ID,TOUCH_FW - TOUCH_FW,TOUCH_FW,Read_CCG3_FW,Production_Signed_Check - Production_Signed_Check,Production_Signed_Check,Read_KBD_HW_Layout - Read_KBD_HW_Layout,Read_KBD_HW_Layout,Get_KBD_HW_Layout - Read_KBD_HW_Layout,Get_KBD_HW_Layout,Compare_KBD_HW_Layout,Read_MLB_Lang,Get_KBD_Lang,Check_KBD_Lang,Read_MFI_Address - Read_MFI_Address,Read_MFI_Address,System_Critical_Errors - CRIT_ERR_E1_PART1,System_Critical_Errors - CRIT_ERR_E1_PART2,FW_Update_Critical_Errors - CRIT_ERR_E2_PART1,FW_Update_Critical_Errors - CRIT_ERR_E2_PART2,FW_Update_Critical_Errors - CRIT_ERR_E2_PART3,Key_Scan_Critical_Errors - CRIT_ERR_E7_PART1,Key_Scan_Critical_Errors - CRIT_ERR_E7_PART2,Key_Scan_Critical_Errors - CRIT_ERR_E7_PART3,Key_Scan_Critical_Errors - CRIT_ERR_E7_PART4,USBC_Critical_Errors - CRIT_ERR_E3_PART1,USBC_Critical_Errors - CRIT_ERR_E3_PART2,USBC_Critical_Errors - CRIT_ERR_E3_PART3,USBC_Critical_Errors - CRIT_ERR_E3_PART4,Grape_Critical_Errors - CRIT_ERR_E5_PART1,Grape_Critical_Errors - CRIT_ERR_E5_PART2,Grape_Critical_Errors - CRIT_ERR_E5_PART3,Grape_Critical_Errors - CRIT_ERR_E5_PART4,Grape_Critical_Errors - CRIT_ERR_E5_PART5,Grape_Critical_Errors - CRIT_ERR_E5_PART6,Grape_Critical_Errors - CRIT_ERR_E5_PART7,Grape_Critical_Errors - CRIT_ERR_E5_PART8,Grape_Critical_Errors - CRIT_ERR_E5_PART9,Grape_Critical_Errors - CRIT_ERR_E5_PART10,Critical_Errors_Summary - CRIT_ERR_E0_PART1,Backlight_Critical_Errors - BL_CRI_ERR_PART1,Grape_Connector_Self_Critical_Errors - CRIT_ERR_D3_PART1,Grape_Connector_Self_Critical_Errors - CRIT_ERR_D3_PART2,Grape_Connector_Self_Critical_Errors - CRIT_ERR_D3_PART3,
Upper Limited-------->,,,,,,,,,,,,,,,,,3,,,,3,,,,3,,,,3,,,,3,,,,3,,,,3,,,,3,,,,3,,,,3,,,,,,,,,,,,,,,,,,370,,3,,2,,1286,,,0,,33,,33,,,,,,16,,,,,,,,,,,,,,,,,,,,,,,,,,,,,,
Lower Limited-------->,,,,,,,,,,,,,,,,,3,,,,3,,,,3,,,,3,,,,3,,,,3,,,,3,,,,3,,,,3,,,,3,,,,,,,,,,,,,,,,,,370,,3,,2,,1286,,,0,,33,,33,,,,,,16,,,,,,,,,,,,,,,,,,,,,,,,,,,,,,
Measurement Units---->,,,,,,,,,,,,,,,,,,,,,,,,,,,,,,,,,,,,,,,,,,,,,,,,,,,,,,,,,,,,,,,,,,,,,,,,,,,,,,,,,,,,,,,,,,,,,,,,,,,,,,,,,,,,,,,,,,,,,,,,
FXLH,R118,FTPZF007P3J4,,R118-P2_P21AKR-R2,,FXLH_F05-4FT-02_2_GATEKEEPER,FAIL,09-20-13:53:08,44.37,V1.1.3.2,Check_All_CB,FTPZF007P3J4,Atlas 1.9.2,FTPZF007P3J4,V1.1.3.2,1,3,0,0,0,3,0,0,0,3,0,0,0,3,0,0,0,3,0,0,0,3,0,0,0,0,0,0,0,3,0,1,1,3,0,0,0,3,0,0,0,15 00 00 00 ,FTPZF007P3J4,Pass,DLX938200BTN6R52W,WMT-J9001C,R118-P2_P21AKR-R2_C00800,R118-P2,R118-P2_P21AKR-R2,C4P9322003XJCPV38,GV29364003KN3LN2Y,FM7934401BLN0LH19+V1J,CR19356016RMW5D1Z,13 00 00 00 01 ,13 00 00 00 00,370,0x0172,3,0x03,2,02,1286,0x0506,A0 02 00 0B 00 0B 00 0B ,0,0x00,33,0x21,33,0x21,Pass,02 01 01 0F 49 16 16 ,02 01 01 0F 49 16 16,Read_MLB_Lang :02 01 01 0F 49 16 16  ,  Get_KBD_Lang :02 01 01 0F 49 16 16,16,0x10,8704,0,0,0,0,0,0,0,0,0,0,0,0,16777216,0,0,0,0,0,16842752,16777216,0,0,0,0,17372165,100665620,33751040,
FXLH,R118,FTPZD05WP3HR,,R118-P2_P21AEN-2,,FXLH_F05-4FT-02_2_GATEKEEPER,FAIL,09-20-13:55:10,55.46,V1.1.3.2,Check_All_CB,FTPZD05WP3HR,Atlas 1.9.2,FTPZD05WP3HR,V1.1.3.2,1,3,0,0,0,3,0,0,0,3,0,1,1,3,0,0,0,3,0,1,1,3,0,0,0,0,0,0,0,3,0,0,0,3,0,0,0,3,0,0,0,15 00 00 00 ,FTPZD05WP3HR,Pass,DLX937500GWN6R52C,WMT-J90019,R118-P2_P21AEN-2_C00762,R118-P2,R118-P2_P21AEN-2,C4P9374003YJCPP3W,GV293670003N3LN2L,FM7934401LYN0LH14+V1J,C47935300ZWMW5D25,13 00 00 00 01 ,13 00 00 00 00,370,0x0172,3,0x03,2,02,1286,0x0506,A0 02 00 0B 00 0B 00 0B ,0,0x00,33,0x21,33,0x21,Pass,02 01 01 05 49 ,02 01 01 05 49,Read_MLB_Lang :02 01 01 05 49  ,  Get_KBD_Lang :02 01 01 05 49,16,0x10,8704,0,0,0,0,0,0,0,0,0,0,0,0,16777216,0,0,0,0,0,16842752,16777216,0,0,0,0,17372165,100665620,33751040,
FXLH,R118,FTPZF011P3J4,,R118-P2_P21AKR-R2,,FXLH_F05-4FT-02_2_GATEKEEPER,FAIL,09-20-13:57:15,42.56,V1.1.3.2,Check_All_CB,FTPZF011P3J4,Atlas 1.9.2,FTPZF011P3J4,V1.1.3.2,1,3,0,0,0,3,0,0,0,3,0,0,0,3,0,0,0,3,0,0,0,3,0,0,0,0,0,0,0,3,0,0,0,3,0,0,0,3,0,1,1,15 00 00 00 ,FTPZF011P3J4,Pass,DLX938200C6N6R52E,WMT-J9001C,R118-P2_P21AKR-R2_C00829,R118-P2,R118-P2_P21AKR-R2,C4P9322003SJCPV3D,GV293640015N3LN2J,FM7934401URN0LH1M+V1J,CR1935601Q3MW5D11,13 00 00 00 01 ,13 00 00 00 00,370,0x0172,3,0x03,2,02,1286,0x0506,A0 02 00 0B 00 0B 00 0B ,0,0x00,33,0x21,33,0x21,Pass,02 01 01 0F 49 16 16 ,02 01 01 0F 49 16 16,Read_MLB_Lang :02 01 01 0F 49 16 16  ,  Get_KBD_Lang :02 01 01 0F 49 16 16,16,0x10,8704,0,0,0,0,0,0,0,0,0,0,0,0,16777216,0,0,0,0,0,16842752,16777216,0,0,0,0,17372165,100665620,33751040,
FXLH,R118,FTPZF03MP3HW,,R118-P2_P21ACH-ECORELNB,,FXLH_F05-4FT-02_2_GATEKEEPER,FAIL,09-20-13:58:49,51.79,V1.1.3.2,Check_All_CB,FTPZF03MP3HW,Atlas 1.9.2,FTPZF03MP3HW,V1.1.3.2,1,3,0,0,0,3,0,0,0,3,0,6,6,3,0,0,0,3,0,1,1,3,0,0,0,0,0,0,0,3,0,0,0,3,0,0,0,3,0,0,0,15 00 00 00 ,FTPZF03MP3HW,Pass,DLX937600RWN6R52J,WMT-J9001D,R118-P2_P21ACH-ECORELNB_C00866,R118-P2,R118-P2_P21ACH-ECORELNB,C4P93220019JCPT34,GV293630034N3LN2E,FM79344015VN0LH1J+V1J,CR1935601KHMW5D12,13 00 00 00 01 ,13 00 00 00 00,370,0x0172,3,0x03,2,02,1286,0x0506,A0 02 00 0B 00 0B 00 0B ,0,0x00,33,0x21,33,0x21,Pass,02 01 01 0B 49 16 16 ,02 01 01 0B 49 16 16,Read_MLB_Lang :02 01 01 0B 49 16 16  ,  Get_KBD_Lang :02 01 01 0B 49 16 16,16,0x10,8704,0,0,0,0,0,0,0,0,0,0,0,0,16777216,0,0,0,0,0,16842752,16777216,0,0,0,0,17372165,100665620,33751040,
FXLH,R118,FTPZF00UP3HR,,R118-P2_P21AEN-R1,,FXLH_F05-4FT-02_2_GATEKEEPER,FAIL,09-20-14:01:22,48.10,V1.1.3.2,Check_All_CB,FTPZF00UP3HR,Atlas 1.9.2,FTPZF00UP3HR,V1.1.3.2,1,3,0,0,0,3,0,0,0,3,0,0,0,3,0,0,0,3,0,0,0,3,0,0,0,0,0,0,0,3,0,0,0,3,0,0,0,3,0,2,2,15 00 00 00 ,FTPZF00UP3HR,Pass,DLX93820048N6R522,WMT-J9001B,R118-P2_P21AEN-R1_C00789,R118-P2,R118-P2_P21AEN-R1,C4P9322005MJCPP3J,GV29364009GN3LN2H,FM79344015UN0LH1K+V1J,C47935300G8MW5D2A,13 00 00 00 01 ,13 00 00 00 00,370,0x0172,3,0x03,2,02,1286,0x0506,A0 02 00 0B 00 0B 00 0B ,0,0x00,33,0x21,33,0x21,Pass,02 01 01 05 49 ,02 01 01 05 49,Read_MLB_Lang :02 01 01 05 49  ,  Get_KBD_Lang :02 01 01 05 49,16,0x10,8704,0,0,0,0,0,0,0,0,0,0,0,0,16777216,0,0,0,0,0,16842752,16777216,0,0,0,0,17372165,100665620,33751040,
FXLH,R118,FTPZF00RP3HR,,R118-P2_P21AEN-R1,,FXLH_F05-4FT-02_2_GATEKEEPER,FAIL,09-20-14:03:46,54.38,V1.1.3.2,Check_All_CB,FTPZF00RP3HR,Atlas 1.9.2,FTPZF00RP3HR,V1.1.3.2,1,3,0,0,0,3,0,0,0,3,0,1,1,3,0,0,0,3,0,1,1,3,0,0,0,0,0,0,0,3,0,0,0,3,0,0,0,3,0,0,0,15 00 00 00 ,FTPZF00RP3HR,Pass,DLX9382003QN6R52P,WMT-J9001B,R118-P2_P21AEN-R1_C00792,R118-P2,R118-P2_P21AEN-R1,C4P932200NUJCPP3U,GV29363006WN3LN2D,FM7934401JZN0LH19+V1J,CR19356015QMW5D13,13 00 00 00 01 ,13 00 00 00 00,370,0x0172,3,0x03,2,02,1286,0x0506,A0 02 00 0B 00 0B 00 0B ,0,0x00,33,0x21,33,0x21,Pass,02 01 01 05 49 ,02 01 01 05 49,Read_MLB_Lang :02 01 01 05 49  ,  Get_KBD_Lang :02 01 01 05 49,16,0x10,8704,0,0,0,0,0,0,0,0,0,0,0,0,16777216,0,0,0,0,0,16842752,16777216,0,0,0,0,17372165,100665620,33751040,
FXLH,R118,FTPZD05PP3HR,,R118-P2_P21AEN-NB,,FXLH_F05-4FT-02_2_GATEKEEPER,FAIL,09-20-14:06:55,58.46,V1.1.3.2,Check_All_CB,FTPZD05PP3HR,Atlas 1.9.2,FTPZD05PP3HR,V1.1.3.2,1,3,0,0,0,3,0,0,0,3,0,0,0,3,0,0,0,3,0,0,0,3,0,0,0,0,0,0,0,3,0,0,0,3,0,1,1,3,0,0,0,15 00 00 00 ,FTPZD05PP3HR,Pass,DLX937500H3N6R522,WMT-J90015,R118-P2_P21AEN-NB_C00607,R118-P2,R118-P2_P21AEN-NB,C4P9322006RJCPP3B,GV29364003SN3LN2R,FM79344013XN0LH1N+V1J,C479353080GMW5D28,13 00 00 00 01 ,13 00 00 00 00,370,0x0172,3,0x03,2,02,1286,0x0506,A0 02 00 0B 00 0B 00 0B ,0,0x00,33,0x21,33,0x21,Pass,02 01 01 05 49 ,02 01 01 05 49,Read_MLB_Lang :02 01 01 05 49  ,  Get_KBD_Lang :02 01 01 05 49,16,0x10,8704,0,0,0,0,0,0,0,0,0,0,0,0,16777216,0,0,0,0,0,16842752,16777216,0,0,0,0,17372165,100665620,33751040,
FXLH,R118,FTPZD063P3HR,,R118-P2_P21AEN-2,,FXLH_F05-4FT-02_2_GATEKEEPER,FAIL,09-20-14:09:23,57.50,V1.1.3.2,Check_All_CB,FTPZD063P3HR,Atlas 1.9.2,FTPZD063P3HR,V1.1.3.2,1,3,0,0,0,3,0,0,0,3,0,1,1,3,0,0,0,3,0,0,0,3,0,0,0,0,0,0,0,3,0,0,0,3,0,0,0,3,0,0,0,15 00 00 00 ,FTPZD063P3HR,Pass,DLX937500HJN6R52M,WMT-J90019,R118-P2_P21AEN-2_C00755,R118-P2,R118-P2_P21AEN-2,C4P9374001PJCPP3B,GV29367000MN3LN22,FM7934401E3N0LH1H+V1J,C479353036PMW5D2N,13 00 00 00 01 ,13 00 00 00 00,370,0x0172,3,0x03,2,02,1286,0x0506,A0 02 00 0B 00 0B 00 0B ,0,0x00,33,0x21,33,0x21,Pass,02 01 01 05 49 ,02 01 01 05 49,Read_MLB_Lang :02 01 01 05 49  ,  Get_KBD_Lang :02 01 01 05 49,16,0x10,8704,0,0,0,0,0,0,0,0,0,0,0,0,16777216,0,0,0,0,0,16842752,16777216,0,0,0,0,17372165,100665620,33751040,
FXLH,R118,FTPZD01RP3J4,,R118-P2_P21AK-M5-1,,FXLH_F05-4FT-02_2_GATEKEEPER,FAIL,09-20-14:42:05,51.81,V1.1.3.2,Check_All_CB,FTPZD01RP3J4,Atlas 1.9.2,FTPZD01RP3J4,V1.1.3.2,1,3,0,0,0,3,0,0,0,3,0,0,0,3,0,0,0,3,0,1,1,3,0,0,0,0,0,0,0,3,0,0,0,3,0,0,0,3,0,0,0,15 00 00 00 ,FTPZD01RP3J4,Pass,DLX93740021N6R52G,WMT-J90011,R118-P2_P21AK-M5-1_C00450,R118-P2,R118-P2_P21AK-M5-1,C4P9322003DJCPV3S,GV29363004VN3LN2L,FM7934400Y5N0LH1W+M1J,CR1935601BFMW5D1U,13 00 00 00 01 ,13 00 00 00 00,370,0x0172,3,0x03,2,02,1286,0x0506,A0 02 00 0B 00 0B 00 0B ,0,0x00,33,0x21,33,0x21,Pass,02 01 01 0F 49 16 16 ,02 01 01 0F 49 16 16,Read_MLB_Lang :02 01 01 0F 49 16 16  ,  Get_KBD_Lang :02 01 01 0F 49 16 16,16,0x10,8704,0,0,0,0,0,0,0,0,0,0,0,0,16777216,0,0,0,0,0,16842752,16777216,0,0,0,0,17372165,100665620,33751040,
FXLH,R118,FTPZD01ZP3J4,,R118-P2_P21AK-M5-2,,FXLH_F05-4FT-02_2_GATEKEEPER,FAIL,09-20-14:43:54,61.09,V1.1.3.2,Check_All_CB,FTPZD01ZP3J4,Atlas 1.9.2,FTPZD01ZP3J4,V1.1.3.2,1,3,0,0,0,3,0,0,0,3,0,4,4,3,0,0,0,3,0,4,4,3,0,0,0,0,0,0,0,3,0,0,0,3,0,1,1,3,0,0,0,15 00 00 00 ,FTPZD01ZP3J4,Pass,DLX93740032N6R52C,WMT-J90012,R118-P2_P21AK-M5-2_C00465,R118-P2,R118-P2_P21AK-M5-2,C4P9322005MJCPV3C,GV29363005XN3LN2F,FM7934400X0N0LH14+M1J,CR193560163MW5D1M,13 00 00 00 01 ,13 00 00 00 00,370,0x0172,3,0x03,2,02,1286,0x0506,A0 02 00 0B 00 0B 00 0B ,0,0x00,33,0x21,33,0x21,Pass,02 01 01 0F 49 16 16 ,02 01 01 0F 49 16 16,Read_MLB_Lang :02 01 01 0F 49 16 16  ,  Get_KBD_Lang :02 01 01 0F 49 16 16,16,0x10,8704,0,0,0,0,0,0,0,0,0,0,0,0,16777216,0,0,0,0,0,16842752,16777216,0,0,0,0,17372165,100665620,33751040,
FXLH,R118,FTPZD023P3J4,,R118-P2_P21AK-M5-2,,FXLH_F05-4FT-02_2_GATEKEEPER,FAIL,09-20-14:45:42,44.93,V1.1.3.2,Check_All_CB,FTPZD023P3J4,Atlas 1.9.2,FTPZD023P3J4,V1.1.3.2,1,3,0,0,0,3,0,0,0,3,0,1,1,3,0,0,0,3,0,0,0,3,0,0,0,0,0,0,0,3,0,0,0,3,0,0,0,3,0,0,0,15 00 00 00 ,FTPZD023P3J4,Pass,DLX9374002AN6R527,WMT-J90012,R118-P2_P21AK-M5-2_C00461,R118-P2,R118-P2_P21AK-M5-2,C4P9322000KJCPV3V,GV293630067N3LN22,FM7934400XYN0LH16+M1J,CR1935600ZWMW5D1G,13 00 00 00 01 ,13 00 00 00 00,370,0x0172,3,0x03,2,02,1286,0x0506,A0 02 00 0B 00 0B 00 0B ,0,0x00,33,0x21,33,0x21,Pass,02 01 01 0F 49 16 16 ,02 01 01 0F 49 16 16,Read_MLB_Lang :02 01 01 0F 49 16 16  ,  Get_KBD_Lang :02 01 01 0F 49 16 16,16,0x10,8704,0,0,0,0,0,0,0,0,0,0,0,0,16777216,0,0,0,0,0,16842752,16777216,0,0,0,0,17372165,100665620,33751040,
FXLH,R118,FTPZF02YP3HW,,R118-P2_P21ACH-ECORELNB,,FXLH_F05-4FT-02_2_GATEKEEPER,FAIL,09-20-15:14:31,44.65,V1.1.3.2,Check_All_CB,FTPZF02YP3HW,Atlas 1.9.2,FTPZF02YP3HW,V1.1.3.2,1,3,0,0,0,3,0,0,0,3,0,1,1,3,0,0,0,3,0,0,0,3,0,0,0,0,0,0,0,3,0,0,0,3,0,2,2,3,0,0,0,15 00 00 00 ,FTPZF02YP3HW,Pass,DLX937500DQN6R52T,WMT-J9001D,R118-P2_P21ACH-ECORELNB_C00849,R118-P2,R118-P2_P21ACH-ECORELNB,C4P9322001GJCPT3X,GV29363004XN3LN2J,FM7934401DLN0LH13+V1J,CR1935601C5MW5D11,13 00 00 00 01 ,13 00 00 00 00,370,0x0172,3,0x03,2,02,1286,0x0506,A0 02 00 0B 00 0B 00 0B ,0,0x00,33,0x21,33,0x21,Pass,02 01 01 0B 49 16 16 ,02 01 01 0B 49 16 16,Read_MLB_Lang :02 01 01 0B 49 16 16  ,  Get_KBD_Lang :02 01 01 0B 49 16 16,16,0x10,8704,0,0,0,0,0,0,0,0,0,0,0,0,16777216,0,0,0,0,0,16842752,16777216,0,0,0,0,17372165,100665620,33751040,
FXLH,R118,FTPZF03KP3HW,,R118-P2_P21ACH-ECORELNB,,FXLH_F05-4FT-02_2_GATEKEEPER,FAIL,09-20-15:18:23,48.03,V1.1.3.2,Check_All_CB,FTPZF03KP3HW,Atlas 1.9.2,FTPZF03KP3HW,V1.1.3.2,1,3,0,0,0,3,0,0,0,3,0,2,2,3,0,0,0,3,0,0,0,3,0,0,0,0,0,0,0,3,0,0,0,3,0,0,0,3,0,1,1,15 00 00 00 ,FTPZF03KP3HW,Pass,DLX937600UEN6R52R,WMT-J9001D,R118-P2_P21ACH-ECORELNB_C00868,R118-P2,R118-P2_P21ACH-ECORELNB,C4P93220035JCPT32,GV29363004HN3LN2Y,FM79344016KN0LH1R+V1J,CR1935601HVMW5D1W,13 00 00 00 01 ,13 00 00 00 00,370,0x0172,3,0x03,2,02,1286,0x0506,A0 02 00 0B 00 0B 00 0B ,0,0x00,33,0x21,33,0x21,Pass,02 01 01 0B 49 16 16 ,02 01 01 0B 49 16 16,Read_MLB_Lang :02 01 01 0B 49 16 16  ,  Get_KBD_Lang :02 01 01 0B 49 16 16,16,0x10,8704,0,0,0,0,0,0,0,0,0,0,0,0,16777216,0,0,0,0,0,16842752,16777216,0,0,0,0,17372165,100665620,33751040,
