GATEKEEPER,V1.1.3.2
Site, Product, SerialNumber, Special Build Name, Special Build Description, Unit Number, Station ID, Test Pass/Fail Status, StartTime, EndTime, Version, List of Failing Tests,Scan_FG_SN,Start Data Reporting,Start Data Reporting,Start Data Reporting,Start Data Reporting,Check_All_CB - CB_STATUS_MLB-FCT,Check_All_CB - ABS_ERASE_MLB-FCT,Check_All_CB - ABS_FAIL_MLB-FCT,Check_All_CB - REL_FAIL_MLB-FCT,Check_All_CB - CB_STATUS_TEST1,Check_All_CB - ABS_ERASE_TEST1,Check_All_CB - ABS_FAIL_TEST1,Check_All_CB - REL_FAIL_TEST1,Check_All_CB - CB_STATUS_QT0,Check_All_CB - ABS_ERASE_QT0,Check_All_CB - ABS_FAIL_QT0,Check_All_CB - REL_FAIL_QT0,Check_All_CB - CB_STATUS_DFU2-FTW,Check_All_CB - ABS_ERASE_DFU2-FTW,Check_All_CB - ABS_FAIL_DFU2-FTW,Check_All_CB - REL_FAIL_DFU2-FTW,Check_All_CB - CB_STATUS_QT1,Check_All_CB - ABS_ERASE_QT1,Check_All_CB - ABS_FAIL_QT1,Check_All_CB - REL_FAIL_QT1,Check_All_CB - CB_STATUS_LED-TEST,Check_All_CB - ABS_ERASE_LED-TEST,Check_All_CB - ABS_FAIL_LED-TEST,Check_All_CB - REL_FAIL_LED-TEST,Check_All_CB - CB_STATUS_KEY-FORCE,Check_All_CB - ABS_ERASE_KEY-FORCE,Check_All_CB - ABS_FAIL_KEY-FORCE,Check_All_CB - REL_FAIL_KEY-FORCE,Check_All_CB - CB_STATUS_TEST2,Check_All_CB - ABS_ERASE_TEST2,Check_All_CB - ABS_FAIL_TEST2,Check_All_CB - REL_FAIL_TEST2,Check_All_CB - CB_STATUS_MMI,Check_All_CB - ABS_ERASE_MMI,Check_All_CB - ABS_FAIL_MMI,Check_All_CB - REL_FAIL_MMI,Check_All_CB - CB_STATUS_SW-DOWNLOAD,Check_All_CB - ABS_ERASE_SW-DOWNLOAD,Check_All_CB - ABS_FAIL_SW-DOWNLOAD,Check_All_CB - REL_FAIL_SW-DOWNLOAD,Check_Bootargs_Status,Read_FG_SN,Compare_FG_SN,MLB_SN,WO_SN,UNIT_LBL,BUILD_EVENT,S_BUILD,KBM_SN,BACKLIGHT_SN,TRACKPAD_SN,TOUCH_FLEX_SN,Check_EP_Status,EP_Enable_All,STFW - STFW,STFW,Read_HW_Version - Read_HW_Version,Read_HW_Version,GreenPAK_ID - GreenPAK_ID,GreenPAK_ID,TOUCH_FW - TOUCH_FW,TOUCH_FW,Read_CCG3_FW,Production_Signed_Check - Production_Signed_Check,Production_Signed_Check,Read_KBD_HW_Layout - Read_KBD_HW_Layout,Read_KBD_HW_Layout,Get_KBD_HW_Layout - Read_KBD_HW_Layout,Get_KBD_HW_Layout,Compare_KBD_HW_Layout,Read_MLB_Lang,Get_KBD_Lang,Check_KBD_Lang,Read_MFI_Address - Read_MFI_Address,Read_MFI_Address,System_Critical_Errors - CRIT_ERR_E1_PART1,System_Critical_Errors - CRIT_ERR_E1_PART2,FW_Update_Critical_Errors - CRIT_ERR_E2_PART1,FW_Update_Critical_Errors - CRIT_ERR_E2_PART2,FW_Update_Critical_Errors - CRIT_ERR_E2_PART3,Key_Scan_Critical_Errors - CRIT_ERR_E7_PART1,Key_Scan_Critical_Errors - CRIT_ERR_E7_PART2,Key_Scan_Critical_Errors - CRIT_ERR_E7_PART3,Key_Scan_Critical_Errors - CRIT_ERR_E7_PART4,USBC_Critical_Errors - CRIT_ERR_E3_PART1,USBC_Critical_Errors - CRIT_ERR_E3_PART2,USBC_Critical_Errors - CRIT_ERR_E3_PART3,USBC_Critical_Errors - CRIT_ERR_E3_PART4,Grape_Critical_Errors - CRIT_ERR_E5_PART1,Grape_Critical_Errors - CRIT_ERR_E5_PART2,Grape_Critical_Errors - CRIT_ERR_E5_PART3,Grape_Critical_Errors - CRIT_ERR_E5_PART4,Grape_Critical_Errors - CRIT_ERR_E5_PART5,Grape_Critical_Errors - CRIT_ERR_E5_PART6,Grape_Critical_Errors - CRIT_ERR_E5_PART7,Grape_Critical_Errors - CRIT_ERR_E5_PART8,Grape_Critical_Errors - CRIT_ERR_E5_PART9,Grape_Critical_Errors - CRIT_ERR_E5_PART10,Critical_Errors_Summary - CRIT_ERR_E0_PART1,Backlight_Critical_Errors - BL_CRI_ERR_PART1,Grape_Connector_Self_Critical_Errors - CRIT_ERR_D3_PART1,Grape_Connector_Self_Critical_Errors - CRIT_ERR_D3_PART2,Grape_Connector_Self_Critical_Errors - CRIT_ERR_D3_PART3,
Upper Limited-------->,,,,,,,,,,,,,,,,,3,,,,3,,,,3,,,,3,,,,3,,,,3,,,,3,,,,3,,,,3,,,,3,,,,,,,,,,,,,,,,,,370,,3,,2,,1286,,,0,,33,,33,,,,,,16,,,,,,,,,,,,,,,,,,,,,,,,,,,,,,
Lower Limited-------->,,,,,,,,,,,,,,,,,3,,,,3,,,,3,,,,3,,,,3,,,,3,,,,3,,,,3,,,,3,,,,3,,,,,,,,,,,,,,,,,,370,,3,,2,,1286,,,0,,33,,33,,,,,,16,,,,,,,,,,,,,,,,,,,,,,,,,,,,,,
Measurement Units---->,,,,,,,,,,,,,,,,,,,,,,,,,,,,,,,,,,,,,,,,,,,,,,,,,,,,,,,,,,,,,,,,,,,,,,,,,,,,,,,,,,,,,,,,,,,,,,,,,,,,,,,,,,,,,,,,,,,,,,,,
FXLH,R118,FTPZD05QP3HR,,R118-P2_P21AEN-NB,,FXLH_F05-4FT-02_2_GATEKEEPER,FAIL,09-19-17:55:55,63.50,V1.1.3.2,Check_All_CB,FTPZD05QP3HR,Atlas 1.9.2,FTPZD05QP3HR,V1.1.3.2,1,3,0,0,0,3,0,0,0,3,0,0,0,3,0,1,1,3,0,0,0,3,0,0,0,0,0,0,0,3,0,0,0,3,0,0,0,3,0,1,1,15 00 00 00 ,FTPZD05QP3HR,Pass,DLX9375006GN6R52N,WMT-J90015,R118-P2_P21AEN-NB_C00606,R118-P2,R118-P2_P21AEN-NB,C4P932200GAJCPP3W,GV29364009KN3LN2E,FM7934401HHN0LH1U+V1J,C47935307GUMW5D2H,13 00 00 00 01 ,13 00 00 00 00,370,0x0172,3,0x03,2,02,1286,0x0506,A0 02 00 0B 00 0B 00 0B ,0,0x00,33,0x21,33,0x21,Pass,02 01 01 05 49 ,02 01 01 05 49,Read_MLB_Lang :02 01 01 05 49  ,  Get_KBD_Lang :02 01 01 05 49,16,0x10,8704,0,0,0,0,0,0,0,0,0,0,0,0,16777216,0,0,0,0,0,16842752,16777216,0,0,0,0,17372165,100665620,33751040,
FXLH,R118,FTPZD05UP3HR,,R118-P2_P21AEN-NB,,FXLH_F05-4FT-02_2_GATEKEEPER,FAIL,09-19-17:57:25,45.55,V1.1.3.2,Check_All_CB,FTPZD05UP3HR,Atlas 1.9.2,FTPZD05UP3HR,V1.1.3.2,1,3,0,0,0,3,0,0,0,3,0,0,0,3,0,0,0,3,0,0,0,3,0,0,0,0,0,0,0,3,0,0,0,3,0,0,0,3,0,2,2,15 00 00 00 ,FTPZD05UP3HR,Pass,DLX9375005LN6R52M,WMT-J90015,R118-P2_P21AEN-NB_C00602,R118-P2,R118-P2_P21AEN-NB,C4P932200CUJCPP3Q,GV2936400A2N3LN2U,FM7934401M9N0LH1Q+V1J,C479353083AMW5D25,13 00 00 00 00 ,13 00 00 00 00,370,0x0172,3,0x03,2,02,1286,0x0506,A0 02 00 0B 00 0B 00 0B ,0,0x00,33,0x21,33,0x21,Pass,02 01 01 05 49 ,02 01 01 05 49,Read_MLB_Lang :02 01 01 05 49  ,  Get_KBD_Lang :02 01 01 05 49,16,0x10,8704,0,0,0,0,0,0,0,0,0,0,0,0,16777216,0,0,0,0,0,16842752,16777216,0,0,0,0,17372165,100665620,33751040,
FXLH,R118,FTPZD02CP3J4,,R118-P2_P21AK-NB,,FXLH_F05-4FT-02_2_GATEKEEPER,FAIL,09-19-18:00:34,38.33,V1.1.3.2,Check_All_CB,FTPZD02CP3J4,Atlas 1.9.2,FTPZD02CP3J4,V1.1.3.2,1,3,0,0,0,3,0,0,0,3,0,0,0,3,0,0,0,3,0,0,0,3,0,0,0,0,0,0,0,3,0,0,0,3,0,0,0,3,0,0,0,15 00 00 00 ,FTPZD02CP3J4,Pass,DLX93750067N6R52X,WMT-J90016,R118-P2_P21AK-NB_C00614,R118-P2,R118-P2_P21AK-NB,C4P93220011JCPV3A,GV2936400ATN3LN23,FM79344016EN0LH1W+V1J,C479353081WMW5D2R,13 00 00 00 01 ,13 00 00 00 00,370,0x0172,3,0x03,2,02,1286,0x0506,A0 02 00 0B 00 0B 00 0B ,0,0x00,33,0x21,33,0x21,Pass,02 01 01 0F 49 16 16 ,02 01 01 0F 49 16 16,Read_MLB_Lang :02 01 01 0F 49 16 16  ,  Get_KBD_Lang :02 01 01 0F 49 16 16,16,0x10,8704,0,0,0,0,0,0,0,0,0,0,0,0,16777216,0,0,0,0,0,16842752,16777216,0,0,0,0,17372165,100665620,33751040,
FXLH,R118,FTPZD04BP3HR,,R118-P2_P21AEN,,FXLH_F05-4FT-02_2_GATEKEEPER,FAIL,09-19-18:02:04,53.44,V1.1.3.2,Check_All_CB,FTPZD04BP3HR,Atlas 1.9.2,FTPZD04BP3HR,V1.1.3.2,1,3,0,0,0,3,0,1,1,3,0,1,1,3,0,0,0,3,0,0,0,3,0,0,0,0,0,0,0,3,0,0,0,3,0,0,0,3,0,0,0,15 00 00 00 ,FTPZD04BP3HR,Pass,DLX9375005VN6R52C,WMT-J90014,R118-P2_P21AEN_C00519,R118-P2,R118-P2_P21AEN,C4P932200FUJCPP3F,GV293640041N3LN2D,FM7934401W9N0LH1X+V1J,CR19356013AMW5D1P,13 00 00 00 01 ,13 00 00 00 00,370,0x0172,3,0x03,2,02,1286,0x0506,A0 02 00 0B 00 0B 00 0B ,0,0x00,33,0x21,33,0x21,Pass,02 01 01 05 49 ,02 01 01 05 49,Read_MLB_Lang :02 01 01 05 49  ,  Get_KBD_Lang :02 01 01 05 49,16,0x10,8704,0,0,0,0,0,0,0,0,0,0,0,0,16777216,0,0,0,0,0,16842752,16777216,0,0,0,0,17372165,100665620,33751040,
FXLH,R118,FTPZD05AP3HR,,R118-P2_P21AEN,,FXLH_F05-4FT-02_2_GATEKEEPER,FAIL,09-19-18:03:12,41.95,V1.1.3.2,Check_All_CB,FTPZD05AP3HR,Atlas 1.9.2,FTPZD05AP3HR,V1.1.3.2,1,3,0,0,0,3,0,0,0,3,0,1,1,3,0,0,0,3,0,1,1,3,0,0,0,0,0,0,0,3,0,0,0,3,0,0,0,3,0,0,0,15 00 00 00 ,FTPZD05AP3HR,Pass,DLX9375005HN6R52Q,WMT-J90014,R118-P2_P21AEN_C00486,R118-P2,R118-P2_P21AEN,C4P932200JBJCPP3P,GV29364005JN3LN2T,FM7934401AWN0LH12+V1J,CR19356017CMW5D19,13 00 00 00 01 ,13 00 00 00 00,370,0x0172,3,0x03,2,02,1286,0x0506,A0 02 00 0B 00 0B 00 0B ,0,0x00,33,0x21,33,0x21,Pass,02 01 01 05 49 ,02 01 01 05 49,Read_MLB_Lang :02 01 01 05 49  ,  Get_KBD_Lang :02 01 01 05 49,16,0x10,8704,0,0,0,0,0,0,0,0,0,0,0,0,16777216,0,0,0,0,0,16842752,16777216,0,0,0,0,17372165,100665620,33751040,
FXLH,R118,FTPZD03GP3HR,,R118-P2_P21AEN,,FXLH_F05-4FT-02_2_GATEKEEPER,FAIL,09-19-18:04:05,52.45,V1.1.3.2,Check_All_CB,FTPZD03GP3HR,Atlas 1.9.2,FTPZD03GP3HR,V1.1.3.2,1,3,0,0,0,3,0,0,0,2,0,3,3,3,0,0,0,3,0,0,0,3,0,0,0,0,0,0,0,3,0,0,0,3,0,0,0,3,0,0,0,15 00 00 00 ,FTPZD03GP3HR,Pass,DLX9375007CN6R52P,WMT-J90014,R118-P2_P21AEN_C00547,R118-P2,R118-P2_P21AEN,C4P9322003TJCPP3J,GV29364004HN3LN2X,FM7934401SRN0LH1T+V1J,CR19356015EMW5D1D,13 00 00 00 01 ,13 00 00 00 00,370,0x0172,3,0x03,2,02,1286,0x0506,A0 02 00 0B 00 0B 00 0B ,0,0x00,33,0x21,33,0x21,Pass,02 01 01 05 49 ,02 01 01 05 49,Read_MLB_Lang :02 01 01 05 49  ,  Get_KBD_Lang :02 01 01 05 49,16,0x10,8704,0,0,0,0,0,0,0,0,0,0,0,0,16777216,0,0,0,0,0,16842752,16777216,0,0,0,0,17372165,100665620,33751040,
FXLH,R118,FTPZD02GP3HR,,R118-P2_P21AEN,,FXLH_F05-4FT-02_2_GATEKEEPER,FAIL,09-19-18:05:10,51.85,V1.1.3.2,Check_All_CB,FTPZD02GP3HR,Atlas 1.9.2,FTPZD02GP3HR,V1.1.3.2,1,3,0,0,0,3,0,0,0,2,0,3,3,3,0,0,0,3,0,5,5,3,0,0,0,0,0,0,0,3,0,0,0,3,0,0,0,3,0,0,0,15 00 00 00 ,FTPZD02GP3HR,Pass,DLX9375007RN6R52A,WMT-J90014,R118-P2_P21AEN_C00581,R118-P2,R118-P2_P21AEN,C4P932200MWJCPP3V,GV29364001WN3LN2T,FM79344015LN0LH1T+V1J,CR1935601C4MW5D12,13 00 00 00 01 ,13 00 00 00 00,370,0x0172,3,0x03,2,02,1286,0x0506,A0 02 00 0B 00 0B 00 0B ,0,0x00,33,0x21,33,0x21,Pass,02 01 01 05 49 ,02 01 01 05 49,Read_MLB_Lang :02 01 01 05 49  ,  Get_KBD_Lang :02 01 01 05 49,16,0x10,8704,0,0,0,0,0,0,0,0,0,0,0,0,16777216,0,0,0,0,0,16842752,16777216,0,0,0,0,17372165,100665620,33751040,
FXLH,R118,FTPZD05HP3HR,,R118-P2_P21AEN,,FXLH_F05-4FT-02_2_GATEKEEPER,FAIL,09-19-18:06:16,40.94,V1.1.3.2,Check_All_CB,FTPZD05HP3HR,Atlas 1.9.2,FTPZD05HP3HR,V1.1.3.2,1,3,0,0,0,3,0,0,0,3,0,1,1,3,0,0,0,3,0,0,0,3,0,0,0,0,0,0,0,3,0,0,0,3,0,0,0,3,0,0,0,15 00 00 00 ,FTPZD05HP3HR,Pass,DLX93750062N6R522,WMT-J90014,R118-P2_P21AEN_C00479,R118-P2,R118-P2_P21AEN,C4P932200UFJCPP3P,GV293640039N3LN28,FM793440195N0LH1W+V1J,CR19356014HMW5D1D,13 00 00 00 01 ,13 00 00 00 00,370,0x0172,3,0x03,2,02,1286,0x0506,A0 02 00 0B 00 0B 00 0B ,0,0x00,33,0x21,33,0x21,Pass,02 01 01 05 49 ,02 01 01 05 49,Read_MLB_Lang :02 01 01 05 49  ,  Get_KBD_Lang :02 01 01 05 49,16,0x10,8704,0,0,0,0,0,0,0,0,0,0,0,0,16777216,0,0,0,0,0,16842752,16777216,0,0,0,0,17372165,100665620,33751040,
FXLH,R118,FTPZD05HP3HR,,R118-P2_P21AEN,,FXLH_F05-4FT-02_2_GATEKEEPER,FAIL,09-19-18:07:22,48.09,V1.1.3.2,Check_All_CB; Compare_FG_SN,FTPZD05HP3HR,Atlas 1.9.2,FTPZD05HP3HR,V1.1.3.2,1,3,0,0,0,3,0,0,0,2,0,3,3,3,0,0,0,3,0,1,1,3,0,0,0,0,0,0,0,3,0,0,0,3,0,0,0,3,0,0,0,15 00 00 00 ,FTPZD059P3HR,Fail,DLX9375006WN6R528,WMT-J90014,R118-P2_P21AEN_C00479,R118-P2,R118-P2_P21AEN,C4P932200UFJCPP3P,GV293640039N3LN28,FM793440195N0LH1W+V1J,CR19356014HMW5D1D,13 00 00 00 01 ,13 00 00 00 00,370,0x0172,3,0x03,2,02,1286,0x0506,A0 02 00 0B 00 0B 00 0B ,0,0x00,33,0x21,33,0x21,Pass,02 01 01 05 49 ,02 01 01 05 49,Read_MLB_Lang :02 01 01 05 49  ,  Get_KBD_Lang :02 01 01 05 49,16,0x10,8704,0,0,0,0,0,0,0,0,0,0,0,0,16777216,0,0,0,0,0,16842752,16777216,0,0,0,0,17372165,100665620,33751040,
FXLH,R118,FTPZD059P3HR,,R118-P2_P21AEN,,FXLH_F05-4FT-02_2_GATEKEEPER,FAIL,09-19-18:08:21,54.27,V1.1.3.2,Check_All_CB,FTPZD059P3HR,Atlas 1.9.2,FTPZD059P3HR,V1.1.3.2,1,3,0,0,0,3,0,0,0,2,0,3,3,3,0,0,0,3,0,1,1,3,0,0,0,0,0,0,0,3,0,0,0,3,0,0,0,3,0,0,0,15 00 00 00 ,FTPZD059P3HR,Pass,DLX9375006WN6R528,WMT-J90014,R118-P2_P21AEN_C00487,R118-P2,R118-P2_P21AEN,C4P932200C0JCPP3J,GV29364003NN3LN2V,FM7934401LDN0LH1P+V1J,CR19356012GMW5D1L,13 00 00 00 00 ,13 00 00 00 00,370,0x0172,3,0x03,2,02,1286,0x0506,A0 02 00 0B 00 0B 00 0B ,0,0x00,33,0x21,33,0x21,Pass,02 01 01 05 49 ,02 01 01 05 49,Read_MLB_Lang :02 01 01 05 49  ,  Get_KBD_Lang :02 01 01 05 49,16,0x10,8704,0,0,0,0,0,0,0,0,0,0,0,0,16777216,0,0,0,0,0,16842752,16777216,0,0,0,0,17372165,100665620,33751040,
FXLH,R118,FTPZD04RP3HR,,R118-P2_P21AEN,,FXLH_F05-4FT-02_2_GATEKEEPER,FAIL,09-19-18:10:35,48.07,V1.1.3.2,Check_All_CB; STFW; TOUCH_FW; Grape_Connector_Self_Critical_Errors,FTPZD04RP3HR,Atlas 1.9.2,FTPZD04RP3HR,V1.1.3.2,1,3,0,0,0,3,0,0,0,2,0,4,4,3,0,0,0,3,0,0,0,3,0,0,0,0,0,0,0,3,0,0,0,3,0,0,0,3,0,0,0,15 00 00 00 ,FTPZD04RP3HR,Pass,DLX9375006RN6R52D,WMT-J90014,R118-P2_P21AEN_C00505,R118-P2,R118-P2_P21AEN,C4P932200CAJCPP38,GV29364005XN3LN2E,FM7934401CJN0LH18+V1J,CR19356014WMW5D10,13 00 00 00 02 ,13 00 00 00 00,352,0x0160,3,0x03,2,02,1285,0x0505,A0 02 00 0B 00 0B 00 0B ,0,0x00,33,0x21,33,0x21,Pass,02 01 01 05 49 ,02 01 01 05 49,Read_MLB_Lang :02 01 01 05 49  ,  Get_KBD_Lang :02 01 01 05 49,16,0x10,8704,0,0,0,0,0,0,0,0,0,0,0,0,16777216,0,0,0,0,0,16842752,16777216,0,0,0,0,17372165,83888404,4194435072,
FXLH,R118,FTPZD04AP3HR,,R118-P2_P21AEN,,FXLH_F05-4FT-02_2_GATEKEEPER,FAIL,09-19-18:12:02,45.04,V1.1.3.2,Check_All_CB,FTPZD04AP3HR,Atlas 1.9.2,FTPZD04AP3HR,V1.1.3.2,1,3,0,0,0,3,0,0,0,3,0,0,0,3,0,0,0,3,0,1,1,3,0,0,0,0,0,0,0,3,0,0,0,3,0,0,0,3,0,0,0,15 00 00 00 ,FTPZD04AP3HR,Pass,DLX93750077N6R52U,WMT-J90014,R118-P2_P21AEN_C00520,R118-P2,R118-P2_P21AEN,C4P93220056JCPP3Z,GV29364000RN3LN21,FM7934401Q4N0LH1L+V1J,CR19356014VMW5D11,13 00 00 00 01 ,13 00 00 00 00,370,0x0172,3,0x03,2,02,1286,0x0506,A0 02 00 0B 00 0B 00 0B ,0,0x00,33,0x21,33,0x21,Pass,02 01 01 05 49 ,02 01 01 05 49,Read_MLB_Lang :02 01 01 05 49  ,  Get_KBD_Lang :02 01 01 05 49,16,0x10,8704,0,0,0,0,0,0,0,0,0,0,0,0,16777216,0,0,0,0,0,16842752,16777216,0,0,0,0,17372165,100665620,33751040,
FXLH,R118,FTPZD051P3HR,,R118-P2_P21AEN,,FXLH_F05-4FT-02_2_GATEKEEPER,FAIL,09-19-18:13:12,50.79,V1.1.3.2,Check_All_CB,FTPZD051P3HR,Atlas 1.9.2,FTPZD051P3HR,V1.1.3.2,1,3,0,0,0,3,0,0,0,2,0,3,3,3,0,2,2,3,0,1,1,3,0,0,0,0,0,0,0,3,0,0,0,3,0,0,0,3,0,0,0,15 00 00 00 ,FTPZD051P3HR,Pass,DLX93750071N6R520,WMT-J90014,R118-P2_P21AEN_C00495,R118-P2,R118-P2_P21AEN,C4P932200F4JCPP35,GV29364004AN3LN24,FM79344016LN0LH1Q+V1J,CR19356011TMW5D1C,13 00 00 00 01 ,13 00 00 00 00,370,0x0172,3,0x03,2,02,1286,0x0506,A0 02 00 0B 00 0B 00 0B ,0,0x00,33,0x21,33,0x21,Pass,02 01 01 05 49 ,02 01 01 05 49,Read_MLB_Lang :02 01 01 05 49  ,  Get_KBD_Lang :02 01 01 05 49,16,0x10,8704,0,0,0,0,0,0,0,0,0,0,0,0,16777216,0,0,0,0,0,16842752,16777216,0,0,0,0,17372165,100665620,33751040,
FXLH,R118,FTPZD057P3HR,,R118-P2_P21AEN,,FXLH_F05-4FT-02_2_GATEKEEPER,FAIL,09-19-18:14:37,70.60,V1.1.3.2,Check_All_CB,FTPZD057P3HR,Atlas 1.9.2,FTPZD057P3HR,V1.1.3.2,1,3,0,0,0,3,0,0,0,2,0,4,4,3,0,0,0,3,0,2,2,3,0,0,0,0,0,0,0,3,0,0,0,3,0,0,0,3,0,0,0,15 00 00 00 ,FTPZD057P3HR,Pass,DLX937500C0N6R52L,WMT-J90014,R118-P2_P21AEN_C00489,R118-P2,R118-P2_P21AEN,C4P932200AFJCPP39,GV293640005N3LN2M,FM793440181N0LH13+V1J,CR1935601H3MW5D1N,13 00 00 00 00 ,13 00 00 00 00,370,0x0172,3,0x03,2,02,1286,0x0506,A0 02 00 0B 00 0B 00 0B ,0,0x00,33,0x21,33,0x21,Pass,02 01 01 05 49 ,02 01 01 05 49,Read_MLB_Lang :02 01 01 05 49  ,  Get_KBD_Lang :02 01 01 05 49,16,0x10,8704,0,0,0,0,0,0,0,0,0,0,0,0,16777216,0,0,0,0,0,16842752,16777216,0,0,0,0,17372165,100665620,33751040,
FXLH,R118,FTPZD04QP3HR,,R118-P2_P21AEN,,FXLH_F05-4FT-02_2_GATEKEEPER,FAIL,09-19-18:16:08,52.72,V1.1.3.2,Check_All_CB,FTPZD04QP3HR,Atlas 1.9.2,FTPZD04QP3HR,V1.1.3.2,1,3,0,0,0,3,0,0,0,3,0,1,1,3,0,0,0,3,0,0,0,3,0,0,0,0,0,0,0,3,0,0,0,3,0,0,0,3,0,0,0,15 00 00 00 ,FTPZD04QP3HR,Pass,DLX937500BXN6R52S,WMT-J90014,R118-P2_P21AEN_C00506,R118-P2,R118-P2_P21AEN,C4P932200SKJCPP3R,GV29364003QN3LN2T,FM7934401QFN0LH19+V1J,CR1935601LTMW5D1P,13 00 00 00 01 ,13 00 00 00 00,370,0x0172,3,0x03,2,02,1286,0x0506,A0 02 00 0B 00 0B 00 0B ,0,0x00,33,0x21,33,0x21,Pass,02 01 01 05 49 ,02 01 01 05 49,Read_MLB_Lang :02 01 01 05 49  ,  Get_KBD_Lang :02 01 01 05 49,16,0x10,8704,0,0,0,0,0,0,0,0,0,0,0,0,16777216,0,0,0,0,0,16842752,16777216,0,0,0,0,17372165,100665620,33751040,
FXLH,R118,FTPZD05EP3HR,,R118-P2_P21AEN,,FXLH_F05-4FT-02_2_GATEKEEPER,FAIL,09-19-18:17:15,59.65,V1.1.3.2,Check_All_CB,FTPZD05EP3HR,Atlas 1.9.2,FTPZD05EP3HR,V1.1.3.2,1,3,0,0,0,3,0,0,0,2,0,4,4,3,0,0,0,3,0,2,2,3,0,0,0,0,0,0,0,3,0,0,0,3,0,0,0,3,0,0,0,15 00 00 00 ,FTPZD05EP3HR,Pass,DLX937500D0N6R52H,WMT-J90014,R118-P2_P21AEN_C00482,R118-P2,R118-P2_P21AEN,C4P9322006GJCPP3L,GV29364003WN3LN2M,FM7934401M0N0LH1Z+V1J,CR19356014LMW5D1A,13 00 00 00 01 ,13 00 00 00 00,370,0x0172,3,0x03,2,02,1286,0x0506,A0 02 00 0B 00 0B 00 0B ,0,0x00,33,0x21,33,0x21,Pass,02 01 01 05 49 ,02 01 01 05 49,Read_MLB_Lang :02 01 01 05 49  ,  Get_KBD_Lang :02 01 01 05 49,16,0x10,8704,0,0,0,0,0,0,0,0,0,0,0,0,16777216,0,0,0,0,0,16842752,16777216,0,0,0,0,17372165,100665620,33751040,
FXLH,R118,FTPZD029P3J4,,R118-P2_P21AK-NB,,FXLH_F05-4FT-02_2_GATEKEEPER,FAIL,09-19-18:18:30,64.39,V1.1.3.2,Check_All_CB,FTPZD029P3J4,Atlas 1.9.2,FTPZD029P3J4,V1.1.3.2,1,3,0,0,0,3,0,0,0,3,0,1,1,3,0,0,0,3,0,0,0,3,0,0,0,0,0,0,0,3,0,0,0,3,0,0,0,3,0,0,0,15 00 00 00 ,FTPZD029P3J4,Pass,DLX937500KUN6R525,WMT-J90016,R118-P2_P21AK-NB_C00611,R118-P2,R118-P2_P21AK-NB,C4P93220055JCPV3U,GV29364009AN3LN2P,FM7934401RFN0LH16+V1J,C479353081EMW5D27,13 00 00 00 01 ,13 00 00 00 00,370,0x0172,3,0x03,2,02,1286,0x0506,A0 02 00 0B 00 0B 00 0B ,0,0x00,33,0x21,33,0x21,Pass,02 01 01 0F 49 16 16 ,02 01 01 0F 49 16 16,Read_MLB_Lang :02 01 01 0F 49 16 16  ,  Get_KBD_Lang :02 01 01 0F 49 16 16,16,0x10,8704,0,0,0,0,0,0,0,0,0,0,0,0,16777216,0,0,0,0,0,16842752,16777216,0,0,0,0,17372165,100665620,33751040,
FXLH,R118,FTPZD07WP3HR,,R118-P2_P21AEN-1,,FXLH_F05-4FT-02_2_GATEKEEPER,FAIL,09-19-18:19:53,51.53,V1.1.3.2,Check_All_CB,FTPZD07WP3HR,Atlas 1.9.2,FTPZD07WP3HR,V1.1.3.2,1,3,0,0,0,3,0,1,1,3,0,1,1,3,0,3,3,3,0,1,1,3,0,0,0,0,0,0,0,3,0,0,0,3,0,0,0,3,0,0,0,15 00 00 00 ,FTPZD07WP3HR,Pass,DLX937500M6N6R52M,WMT-J90018,R118-P2_P21AEN-1_C00685,R118-P2,R118-P2_P21AEN-1,C4P932200FPJCPP3L,GV29364008CN3LN2Q,FM7934401R4N0LH1H+V1J,C47935303RHMW5D25,13 00 00 00 01 ,13 00 00 00 00,370,0x0172,3,0x03,2,02,1286,0x0506,A0 02 00 0B 00 0B 00 0B ,0,0x00,33,0x21,33,0x21,Pass,02 01 01 05 49 ,02 01 01 05 49,Read_MLB_Lang :02 01 01 05 49  ,  Get_KBD_Lang :02 01 01 05 49,16,0x10,8704,0,0,0,0,0,0,0,0,0,0,0,0,16777216,0,0,0,0,0,16842752,16777216,0,0,0,0,17372165,100665620,33751040,
FXLH,R118,FTPZD04ZP3HR,,R118-P2_P21AEN,,FXLH_F05-4FT-02_2_GATEKEEPER,FAIL,09-19-18:21:10,47.92,V1.1.3.2,Check_All_CB,FTPZD04ZP3HR,Atlas 1.9.2,FTPZD04ZP3HR,V1.1.3.2,1,3,0,0,0,3,0,0,0,3,0,0,0,3,0,0,0,3,0,0,0,3,0,0,0,0,0,0,0,3,0,1,1,3,0,0,0,3,0,0,0,15 00 00 00 ,FTPZD04ZP3HR,Pass,DLX9375004YN6R52C,WMT-J90014,R118-P2_P21AEN_C00497,R118-P2,R118-P2_P21AEN,C4P932200BKJCPP32,GV29364002GN3LN24,FM7934401AGN0LH1G+V1J,CR19356014FMW5D1F,13 00 00 00 01 ,13 00 00 00 00,370,0x0172,3,0x03,2,02,1286,0x0506,A0 02 00 0B 00 0B 00 0B ,0,0x00,33,0x21,33,0x21,Pass,02 01 01 05 49 ,02 01 01 05 49,Read_MLB_Lang :02 01 01 05 49  ,  Get_KBD_Lang :02 01 01 05 49,16,0x10,8704,0,0,0,0,0,0,0,0,0,0,0,0,16777216,0,0,0,0,0,16842752,16777216,0,0,0,0,17372165,100665620,33751040,
FXLH,R118,FTPZD06NP3HR,,R118-P2_P21AEN-1,,FXLH_F05-4FT-02_2_GATEKEEPER,FAIL,09-19-18:22:23,41.05,V1.1.3.2,Check_All_CB,FTPZD06NP3HR,Atlas 1.9.2,FTPZD06NP3HR,V1.1.3.2,1,3,0,0,0,3,0,0,0,3,0,3,3,3,0,0,0,3,0,1,1,3,0,0,0,0,0,0,0,3,0,0,0,3,0,0,0,3,0,0,0,15 00 00 00 ,FTPZD06NP3HR,Pass,DLX937500M3N6R52Q,WMT-J90018,R118-P2_P21AEN-1_C00647,R118-P2,R118-P2_P21AEN-1,C4P9322005CJCPP3T,GV293640092N3LN2X,FM7934401RHN0LH14+V1J,C479353028YMW5D28,13 00 00 00 01 ,13 00 00 00 00,370,0x0172,3,0x03,2,02,1286,0x0506,A0 02 00 0B 00 0B 00 0B ,0,0x00,33,0x21,33,0x21,Pass,02 01 01 05 49 ,02 01 01 05 49,Read_MLB_Lang :02 01 01 05 49  ,  Get_KBD_Lang :02 01 01 05 49,16,0x10,8704,0,0,0,0,0,0,0,0,0,0,0,0,16777216,0,0,0,0,0,16842752,16777216,0,0,0,0,17372165,100665620,33751040,
FXLH,R118,FTPZD073P3HR,,R118-P2_P21AEN-1,,FXLH_F05-4FT-02_2_GATEKEEPER,FAIL,09-19-18:23:46,45.17,V1.1.3.2,Check_All_CB,FTPZD073P3HR,Atlas 1.9.2,FTPZD073P3HR,V1.1.3.2,1,3,0,0,0,3,0,0,0,3,0,0,0,3,0,0,0,3,0,1,1,3,0,0,0,0,0,0,0,3,0,0,0,3,0,0,0,3,0,1,1,15 00 00 00 ,FTPZD073P3HR,Pass,DLX937500JBN6R52R,WMT-J90018,R118-P2_P21AEN-1_C00652,R118-P2,R118-P2_P21AEN-1,C4P932200NNJCPP30,GV29364008WN3LN26,FM7934401AZN0LH1Z+V1J,C47935303AQMW5D29,13 00 00 00 01 ,13 00 00 00 00,370,0x0172,3,0x03,2,02,1286,0x0506,A0 02 00 0B 00 0B 00 0B ,0,0x00,33,0x21,33,0x21,Pass,02 01 01 05 49 ,02 01 01 05 49,Read_MLB_Lang :02 01 01 05 49  ,  Get_KBD_Lang :02 01 01 05 49,16,0x10,8704,0,0,0,0,0,0,0,0,0,0,0,0,16777216,0,0,0,0,0,16842752,16777216,0,0,0,0,17372165,100665620,33751040,
