GATEKEEPER,V1.1.3.2
Site, Product, SerialNumber, Special Build Name, Special Build Description, Unit Number, Station ID, Test Pass/Fail Status, StartTime, EndTime, Version, List of Failing Tests,Scan_FG_SN,Start Data Reporting,Start Data Reporting,Start Data Reporting,Start Data Reporting,Check_All_CB - CB_STATUS_MLB-FCT,Check_All_CB - ABS_ERASE_MLB-FCT,Check_All_CB - ABS_FAIL_MLB-FCT,Check_All_CB - REL_FAIL_MLB-FCT,Check_All_CB - CB_STATUS_TEST1,Check_All_CB - ABS_ERASE_TEST1,Check_All_CB - ABS_FAIL_TEST1,Check_All_CB - REL_FAIL_TEST1,Check_All_CB - CB_STATUS_QT0,Check_All_CB - ABS_ERASE_QT0,Check_All_CB - ABS_FAIL_QT0,Check_All_CB - REL_FAIL_QT0,Check_All_CB - CB_STATUS_DFU2-FTW,Check_All_CB - ABS_ERASE_DFU2-FTW,Check_All_CB - ABS_FAIL_DFU2-FTW,Check_All_CB - REL_FAIL_DFU2-FTW,Check_All_CB - CB_STATUS_QT1,Check_All_CB - ABS_ERASE_QT1,Check_All_CB - ABS_FAIL_QT1,Check_All_CB - REL_FAIL_QT1,Check_All_CB - CB_STATUS_LED-TEST,Check_All_CB - ABS_ERASE_LED-TEST,Check_All_CB - ABS_FAIL_LED-TEST,Check_All_CB - REL_FAIL_LED-TEST,Check_All_CB - CB_STATUS_KEY-FORCE,Check_All_CB - ABS_ERASE_KEY-FORCE,Check_All_CB - ABS_FAIL_KEY-FORCE,Check_All_CB - REL_FAIL_KEY-FORCE,Check_All_CB - CB_STATUS_TEST2,Check_All_CB - ABS_ERASE_TEST2,Check_All_CB - ABS_FAIL_TEST2,Check_All_CB - REL_FAIL_TEST2,Check_All_CB - CB_STATUS_MMI,Check_All_CB - ABS_ERASE_MMI,Check_All_CB - ABS_FAIL_MMI,Check_All_CB - REL_FAIL_MMI,Check_All_CB - CB_STATUS_SW-DOWNLOAD,Check_All_CB - ABS_ERASE_SW-DOWNLOAD,Check_All_CB - ABS_FAIL_SW-DOWNLOAD,Check_All_CB - REL_FAIL_SW-DOWNLOAD,Check_Bootargs_Status,Read_FG_SN,Compare_FG_SN,MLB_SN,WO_SN,UNIT_LBL,BUILD_EVENT,S_BUILD,KBM_SN,BACKLIGHT_SN,TRACKPAD_SN,TOUCH_FLEX_SN,Check_EP_Status,EP_Enable_All,STFW - STFW,STFW,Read_HW_Version - Read_HW_Version,Read_HW_Version,GreenPAK_ID - GreenPAK_ID,GreenPAK_ID,TOUCH_FW - TOUCH_FW,TOUCH_FW,Read_CCG3_FW,Production_Signed_Check - Production_Signed_Check,Production_Signed_Check,Read_KBD_HW_Layout - Read_KBD_HW_Layout,Read_KBD_HW_Layout,Get_KBD_HW_Layout - Read_KBD_HW_Layout,Get_KBD_HW_Layout,Compare_KBD_HW_Layout,Read_MLB_Lang,Get_KBD_Lang,Check_KBD_Lang,Read_MFI_Address - Read_MFI_Address,Read_MFI_Address,System_Critical_Errors - CRIT_ERR_E1_PART1,System_Critical_Errors - CRIT_ERR_E1_PART2,FW_Update_Critical_Errors - CRIT_ERR_E2_PART1,FW_Update_Critical_Errors - CRIT_ERR_E2_PART2,FW_Update_Critical_Errors - CRIT_ERR_E2_PART3,Key_Scan_Critical_Errors - CRIT_ERR_E7_PART1,Key_Scan_Critical_Errors - CRIT_ERR_E7_PART2,Key_Scan_Critical_Errors - CRIT_ERR_E7_PART3,Key_Scan_Critical_Errors - CRIT_ERR_E7_PART4,USBC_Critical_Errors - CRIT_ERR_E3_PART1,USBC_Critical_Errors - CRIT_ERR_E3_PART2,USBC_Critical_Errors - CRIT_ERR_E3_PART3,USBC_Critical_Errors - CRIT_ERR_E3_PART4,Grape_Critical_Errors - CRIT_ERR_E5_PART1,Grape_Critical_Errors - CRIT_ERR_E5_PART2,Grape_Critical_Errors - CRIT_ERR_E5_PART3,Grape_Critical_Errors - CRIT_ERR_E5_PART4,Grape_Critical_Errors - CRIT_ERR_E5_PART5,Grape_Critical_Errors - CRIT_ERR_E5_PART6,Grape_Critical_Errors - CRIT_ERR_E5_PART7,Grape_Critical_Errors - CRIT_ERR_E5_PART8,Grape_Critical_Errors - CRIT_ERR_E5_PART9,Grape_Critical_Errors - CRIT_ERR_E5_PART10,Critical_Errors_Summary - CRIT_ERR_E0_PART1,Backlight_Critical_Errors - BL_CRI_ERR_PART1,Grape_Connector_Self_Critical_Errors - CRIT_ERR_D3_PART1,Grape_Connector_Self_Critical_Errors - CRIT_ERR_D3_PART2,Grape_Connector_Self_Critical_Errors - CRIT_ERR_D3_PART3,
Upper Limited-------->,,,,,,,,,,,,,,,,,3,,,,3,,,,3,,,,3,,,,3,,,,3,,,,3,,,,3,,,,3,,,,3,,,,,,,,,,,,,,,,,,370,,3,,2,,1286,,,0,,33,,33,,,,,,16,,,,,,,,,,,,,,,,,,,,,,,,,,,,,,
Lower Limited-------->,,,,,,,,,,,,,,,,,3,,,,3,,,,3,,,,3,,,,3,,,,3,,,,3,,,,3,,,,3,,,,3,,,,,,,,,,,,,,,,,,370,,3,,2,,1286,,,0,,33,,33,,,,,,16,,,,,,,,,,,,,,,,,,,,,,,,,,,,,,
Measurement Units---->,,,,,,,,,,,,,,,,,,,,,,,,,,,,,,,,,,,,,,,,,,,,,,,,,,,,,,,,,,,,,,,,,,,,,,,,,,,,,,,,,,,,,,,,,,,,,,,,,,,,,,,,,,,,,,,,,,,,,,,,
FXLH,R118,FTPZD09GP3HR,,R118-P2_P21AEN-1,,FXLH_F05-4FT-02_2_GATEKEEPER,FAIL,09-20-08:31:46,38.55,V1.1.3.2,Check_All_CB,FTPZD09GP3HR,Atlas 1.9.2,FTPZD09GP3HR,V1.1.3.2,1,3,0,0,0,3,0,0,0,3,0,0,0,3,0,0,0,3,0,0,0,3,0,0,0,0,0,0,0,3,0,0,0,3,0,1,1,3,0,0,0,15 00 00 00 ,FTPZD09GP3HR,Pass,DLX937500DGN6R521,WMT-J90018,R118-P2_P21AEN-1_C00731,R118-P2,R118-P2_P21AEN-1,C4P9322005BJCPP3U,GV2936400ADN3LN2H,FM79344019XN0LH14+V1J,C47935308M5MW5D2Q,13 00 00 00 01 ,13 00 00 00 00,370,0x0172,3,0x03,2,02,1286,0x0506,A0 02 00 0B 00 0B 00 0B ,0,0x00,33,0x21,33,0x21,Pass,02 01 01 05 49 ,02 01 01 05 49,Read_MLB_Lang :02 01 01 05 49  ,  Get_KBD_Lang :02 01 01 05 49,16,0x10,8704,0,0,0,0,0,0,0,0,0,0,0,0,16777216,0,0,0,0,0,16842752,16777216,0,0,0,0,17372165,100665620,33751040,
FXLH,R118,FTPZF04VP3HW,,R118-P2_P21ACH-ECORELNB,,FXLH_F05-4FT-02_2_GATEKEEPER,FAIL,09-20-08:41:32,48.28,V1.1.3.2,Check_All_CB,FTPZF04VP3HW,Atlas 1.9.2,FTPZF04VP3HW,V1.1.3.2,1,3,0,0,0,3,0,0,0,3,0,4,4,3,0,0,0,3,0,0,0,3,0,0,0,0,0,0,0,3,0,0,0,3,0,0,0,3,0,0,0,15 00 00 00 ,FTPZF04VP3HW,Pass,DLX937600STN6R52J,WMT-J9001D,R118-P2_P21ACH-ECORELNB_C00909,R118-P2,R118-P2_P21ACH-ECORELNB,C4P9322005JJCPT3H,GV293630057N3LN25,FM79344014XN0LH1K+V1J,CR1935601FQMW5D17,13 00 00 00 01 ,13 00 00 00 00,370,0x0172,3,0x03,2,02,1286,0x0506,A0 02 00 0B 00 0B 00 0B ,0,0x00,33,0x21,33,0x21,Pass,02 01 01 0B 49 16 16 ,02 01 01 0B 49 16 16,Read_MLB_Lang :02 01 01 0B 49 16 16  ,  Get_KBD_Lang :02 01 01 0B 49 16 16,16,0x10,8704,0,0,0,0,0,0,0,0,0,0,0,0,16777216,0,0,0,0,0,16842752,16777216,0,0,0,0,17372165,100665620,33751040,
FXLH,R118,FTPZD08CP3HR,,R118-P2_P21AEN-1,,FXLH_F05-4FT-02_2_GATEKEEPER,FAIL,09-20-08:43:57,53.54,V1.1.3.2,Check_All_CB,FTPZD08CP3HR,Atlas 1.9.2,FTPZD08CP3HR,V1.1.3.2,1,3,0,0,0,3,0,0,0,1,0,0,0,3,0,0,0,3,0,0,0,3,0,0,0,0,0,0,0,0,0,0,0,3,0,0,0,3,0,1,1,15 00 00 00 ,FTPZD08CP3HR,Pass,DLX937500KNN6R52B,WMT-J90018,R118-P2_P21AEN-1_C00689,R118-P2,R118-P2_P21AEN-1,C4P932200TRJCPP3G,GV29364007GN3LN2P,FM7934401KXN0LH18+V1J,C479353076TMW5D2E,13 00 00 00 01 ,13 00 00 00 00,370,0x0172,3,0x03,2,02,1286,0x0506,A0 02 00 0B 00 0B 00 0B ,0,0x00,33,0x21,33,0x21,Pass,02 01 01 05 49 ,02 01 01 05 49,Read_MLB_Lang :02 01 01 05 49  ,  Get_KBD_Lang :02 01 01 05 49,16,0x10,8704,0,0,0,0,0,0,0,0,0,0,0,0,16777216,0,0,0,0,0,16842752,16777216,0,0,0,0,17372165,100665620,33751040,
FXLH,R118,FTPZD07AP3HR,,R118-P2_P21AEN-1,,FXLH_F05-4FT-02_2_GATEKEEPER,FAIL,09-20-08:46:33,57.68,V1.1.3.2,Check_All_CB,FTPZD07AP3HR,Atlas 1.9.2,FTPZD07AP3HR,V1.1.3.2,1,3,0,0,0,3,0,0,0,3,0,1,1,3,0,0,0,3,0,2,2,3,0,0,0,0,0,0,0,3,0,0,0,3,0,0,0,3,0,0,0,15 00 00 00 ,FTPZD07AP3HR,Pass,DLX937500HUN6R52B,WMT-J90018,R118-P2_P21AEN-1_C00665,R118-P2,R118-P2_P21AEN-1,C4P932200GXJCPP39,GV29364008VN3LN27,FM7934401UEN0LH1Y+V1J,C4793530396MW5D2W,13 00 00 00 01 ,13 00 00 00 00,370,0x0172,3,0x03,2,02,1286,0x0506,A0 02 00 0B 00 0B 00 0B ,0,0x00,33,0x21,33,0x21,Pass,02 01 01 05 49 ,02 01 01 05 49,Read_MLB_Lang :02 01 01 05 49  ,  Get_KBD_Lang :02 01 01 05 49,16,0x10,8704,0,0,0,0,0,0,0,0,0,0,0,0,16777216,0,0,0,0,0,16842752,16777216,0,0,0,0,17372165,100665620,33751040,
FXLH,R118,FTPZD01QP3J4,,R118-P2_P21AK-M5-1,,FXLH_F05-4FT-02_2_GATEKEEPER,FAIL,09-20-08:48:40,51.84,V1.1.3.2,Check_All_CB,FTPZD01QP3J4,Atlas 1.9.2,FTPZD01QP3J4,V1.1.3.2,1,3,0,0,0,3,0,0,0,3,0,0,0,3,0,0,0,3,0,0,0,3,0,0,0,0,0,0,0,3,0,0,0,3,0,0,0,3,0,0,0,15 00 00 00 ,FTPZD01QP3J4,Pass,DLX9374001XN6R52P,WMT-J90011,R118-P2_P21AK-M5-1_C00449,R118-P2,R118-P2_P21AK-M5-1,C4P9322005EJCPV3K,GV29363002UN3LN2T,FM7934400YAN0LH1R+M1J,CR193560106MW5D12,13 00 00 00 01 ,13 00 00 00 00,370,0x0172,3,0x03,2,02,1286,0x0506,A0 02 00 0B 00 0B 00 0B ,0,0x00,33,0x21,33,0x21,Pass,02 01 01 0F 49 16 16 ,02 01 01 0F 49 16 16,Read_MLB_Lang :02 01 01 0F 49 16 16  ,  Get_KBD_Lang :02 01 01 0F 49 16 16,16,0x10,8704,0,0,0,0,0,0,0,0,0,0,0,0,16777216,0,0,0,0,0,16842752,16777216,0,0,0,0,17372165,100665620,33751040,
FXLH,R118,FTPZD02BP3J4,,R118-P2_P21AK-NB,,FXLH_F05-4FT-02_2_GATEKEEPER,FAIL,09-20-08:52:00,44.53,V1.1.3.2,Check_All_CB,FTPZD02BP3J4,Atlas 1.9.2,FTPZD02BP3J4,V1.1.3.2,1,3,0,0,0,3,0,0,0,0,0,0,0,3,0,0,0,3,0,3,3,3,0,0,0,0,0,0,0,3,0,0,0,3,0,0,0,3,0,0,0,15 00 00 00 ,FTPZD02BP3J4,Pass,DLX937500HYN6R527,WMT-J90016,R118-P2_P21AK-NB_C00613,R118-P2,R118-P2_P21AK-NB,C4P9322003AJCPV3V,GV29364008JN3LN2J,FM793440144N0LH1C+V1J,C47935307FEMW5D20,13 00 00 00 01 ,13 00 00 00 00,370,0x0172,3,0x03,2,02,1286,0x0506,A0 02 00 0B 00 0B 00 0B ,0,0x00,33,0x21,33,0x21,Pass,02 01 01 0F 49 16 16 ,02 01 01 0F 49 16 16,Read_MLB_Lang :02 01 01 0F 49 16 16  ,  Get_KBD_Lang :02 01 01 0F 49 16 16,16,0x10,8704,0,0,0,0,0,0,0,0,0,0,0,0,16777216,0,0,0,0,0,16842752,16777216,0,0,0,0,17372165,100665620,33751040,
FXLH,R118,FTPZD02LP3J4,,R118-P2_P21AK,,FXLH_F05-4FT-02_2_GATEKEEPER,FAIL,09-20-08:55:10,45.10,V1.1.3.2,Check_All_CB,FTPZD02LP3J4,Atlas 1.9.2,FTPZD02LP3J4,V1.1.3.2,1,3,0,0,0,3,0,0,0,3,0,0,0,3,0,0,0,3,0,1,1,3,0,0,0,0,0,0,0,3,0,0,0,3,0,0,0,3,0,0,0,15 00 00 00 ,FTPZD02LP3J4,Pass,DLX937500FXN6R52E,WMT-J90017,R118-P2_P21AK_C00622,R118-P2,R118-P2_P21AK,C4P9322001WJCPV3F,GV2936400BHN3LN2A,FM7934401NLN0LH1A+V1J,CR19356018YMW5D1L,13 00 00 00 01 ,13 00 00 00 00,370,0x0172,3,0x03,2,02,1286,0x0506,A0 02 00 0B 00 0B 00 0B ,0,0x00,33,0x21,33,0x21,Pass,02 01 01 0F 49 16 16 ,02 01 01 0F 49 16 16,Read_MLB_Lang :02 01 01 0F 49 16 16  ,  Get_KBD_Lang :02 01 01 0F 49 16 16,16,0x10,8704,0,0,0,0,0,0,0,0,0,0,0,0,16777216,0,0,0,0,0,16842752,16777216,0,0,0,0,17372165,100665620,33751040,
FXLH,R118,FTPZD01RP3J4,,R118-P2_P21AK-M5-1,,FXLH_F05-4FT-02_2_GATEKEEPER,FAIL,09-20-09:00:07,69.88,V1.1.3.2,Check_All_CB,FTPZD01RP3J4,Atlas 1.9.2,FTPZD01RP3J4,V1.1.3.2,1,3,0,0,0,3,0,0,0,3,0,0,0,3,0,0,0,3,0,1,1,3,0,0,0,0,0,0,0,3,0,0,0,3,0,0,0,3,0,0,0,15 00 00 00 ,FTPZD01RP3J4,Pass,DLX93740021N6R52G,WMT-J90011,R118-P2_P21AK-M5-1_C00450,R118-P2,R118-P2_P21AK-M5-1,C4P9322003DJCPV3S,GV29363004VN3LN2L,FM7934400Y5N0LH1W+M1J,CR1935601BFMW5D1U,13 00 00 00 01 ,13 00 00 00 00,370,0x0172,3,0x03,2,02,1286,0x0506,A0 02 00 0B 00 0B 00 0B ,0,0x00,33,0x21,33,0x21,Pass,02 01 01 0F 49 16 16 ,02 01 01 0F 49 16 16,Read_MLB_Lang :02 01 01 0F 49 16 16  ,  Get_KBD_Lang :02 01 01 0F 49 16 16,16,0x10,8704,0,0,0,0,0,0,0,0,0,0,0,0,16777216,0,0,0,0,0,16842752,16777216,0,0,0,0,17372165,100665620,33751040,
FXLH,R118,FTPZD041P3HR,,R118-P2_P21AEN,,FXLH_F05-4FT-02_2_GATEKEEPER,FAIL,09-20-09:02:35,39.05,V1.1.3.2,Check_All_CB,FTPZD041P3HR,Atlas 1.9.2,FTPZD041P3HR,V1.1.3.2,1,3,0,0,0,3,0,0,0,2,0,3,3,3,0,0,0,3,0,5,5,3,0,0,0,0,0,0,0,3,0,0,0,3,0,4,4,3,0,1,1,15 00 00 00 ,FTPZD041P3HR,Pass,DLX93750082N6R52W,WMT-J90014,R118-P2_P21AEN_C00529,R118-P2,R118-P2_P21AEN,C4P932200G1JCPP35,GV293640058N3LN23,FM79344014JN0LH1Y+V1J,CR193560113MW5D12,13 00 00 00 01 ,13 00 00 00 00,370,0x0172,3,0x03,2,02,1286,0x0506,A0 02 00 0B 00 0B 00 0B ,0,0x00,33,0x21,33,0x21,Pass,02 01 01 05 49 ,02 01 01 05 49,Read_MLB_Lang :02 01 01 05 49  ,  Get_KBD_Lang :02 01 01 05 49,16,0x10,8704,0,0,0,0,0,0,0,0,0,0,0,0,16777216,0,0,0,0,0,16842752,16777216,0,0,0,0,17372165,100665620,33751040,
FXLH,R118,FTPZD06UP3HR,,R118-P2_P21AEN-1,,FXLH_F05-4FT-02_2_GATEKEEPER,FAIL,09-20-09:06:24,42.46,V1.1.3.2,Check_All_CB,FTPZD06UP3HR,Atlas 1.9.2,FTPZD06UP3HR,V1.1.3.2,1,3,0,0,0,3,0,0,0,0,0,0,0,3,0,0,0,3,0,1,1,3,0,0,0,0,0,0,0,3,0,0,0,3,0,1,1,3,0,0,0,15 00 00 00 ,FTPZD06UP3HR,Pass,DLX937500KRN6R528,WMT-J90018,R118-P2_P21AEN-1_C00641,R118-P2,R118-P2_P21AEN-1,C4P9322008CJCPP3J,GV2936400BGN3LN2B,FM7934401WYN0LH18+V1J,C47935305LFMW5D2L,13 00 00 00 01 ,13 00 00 00 00,370,0x0172,3,0x03,2,02,1286,0x0506,A0 02 00 0B 00 0B 00 0B ,0,0x00,33,0x21,33,0x21,Pass,02 01 01 05 49 ,02 01 01 05 49,Read_MLB_Lang :02 01 01 05 49  ,  Get_KBD_Lang :02 01 01 05 49,16,0x10,8704,0,0,0,0,0,0,0,0,0,0,0,0,16777216,0,0,0,0,0,16842752,16777216,0,0,0,0,17372165,100665620,33751040,
FXLH,R118,FTPZD06UP3HR,,R118-P2_P21AEN-1,,FXLH_F05-4FT-02_2_GATEKEEPER,FAIL,09-20-09:13:50,72.40,V1.1.3.2,Check_All_CB,FTPZD06UP3HR,Atlas 1.9.2,FTPZD06UP3HR,V1.1.3.2,1,3,0,0,0,3,0,0,0,0,0,0,0,3,0,0,0,3,0,1,1,3,0,0,0,0,0,0,0,3,0,0,0,3,0,1,1,3,0,0,0,15 00 00 00 ,FTPZD06UP3HR,Pass,DLX937500KRN6R528,WMT-J90018,R118-P2_P21AEN-1_C00641,R118-P2,R118-P2_P21AEN-1,C4P9322008CJCPP3J,GV2936400BGN3LN2B,FM7934401WYN0LH18+V1J,C47935305LFMW5D2L,13 00 00 00 00 ,13 00 00 00 00,370,0x0172,3,0x03,2,02,1286,0x0506,A0 02 00 0B 00 0B 00 0B ,0,0x00,33,0x21,33,0x21,Pass,02 01 01 05 49 ,02 01 01 05 49,Read_MLB_Lang :02 01 01 05 49  ,  Get_KBD_Lang :02 01 01 05 49,16,0x10,8704,0,0,0,0,0,0,0,0,0,0,0,0,16777216,0,0,0,0,0,16842752,16777216,0,0,0,0,17372165,100665620,33751040,
FXLH,R118,FTPZD02BP3J4,,R118-P2_P21AK-NB,,FXLH_F05-4FT-02_2_GATEKEEPER,FAIL,09-20-09:17:16,45.43,V1.1.3.2,Check_All_CB,FTPZD02BP3J4,Atlas 1.9.2,FTPZD02BP3J4,V1.1.3.2,1,3,0,0,0,3,0,0,0,0,0,0,0,3,0,0,0,3,0,3,3,3,0,0,0,0,0,0,0,3,0,0,0,3,0,0,0,3,0,0,0,15 00 00 00 ,FTPZD02BP3J4,Pass,DLX937500HYN6R527,WMT-J90016,R118-P2_P21AK-NB_C00613,R118-P2,R118-P2_P21AK-NB,C4P9322003AJCPV3V,GV29364008JN3LN2J,FM793440144N0LH1C+V1J,C47935307FEMW5D20,13 00 00 00 00 ,13 00 00 00 00,370,0x0172,3,0x03,2,02,1286,0x0506,A0 02 00 0B 00 0B 00 0B ,0,0x00,33,0x21,33,0x21,Pass,02 01 01 0F 49 16 16 ,02 01 01 0F 49 16 16,Read_MLB_Lang :02 01 01 0F 49 16 16  ,  Get_KBD_Lang :02 01 01 0F 49 16 16,16,0x10,8704,0,0,0,0,0,0,0,0,0,0,0,0,16777216,0,0,0,0,0,16842752,16777216,0,0,0,0,17372165,100665620,33751040,
FXLH,R118,FTPZD08CP3HR,,R118-P2_P21AEN-1,,FXLH_F05-4FT-02_2_GATEKEEPER,FAIL,09-20-09:21:09,70.86,V1.1.3.2,Check_All_CB,FTPZD08CP3HR,Atlas 1.9.2,FTPZD08CP3HR,V1.1.3.2,1,3,0,0,0,3,0,0,0,1,0,0,0,3,0,0,0,3,0,0,0,3,0,0,0,0,0,0,0,0,0,0,0,3,0,0,0,3,0,1,1,15 00 00 00 ,FTPZD08CP3HR,Pass,DLX937500KNN6R52B,WMT-J90018,R118-P2_P21AEN-1_C00689,R118-P2,R118-P2_P21AEN-1,C4P932200TRJCPP3G,GV29364007GN3LN2P,FM7934401KXN0LH18+V1J,C479353076TMW5D2E,13 00 00 00 00 ,13 00 00 00 00,370,0x0172,3,0x03,2,02,1286,0x0506,A0 02 00 0B 00 0B 00 0B ,0,0x00,33,0x21,33,0x21,Pass,02 01 01 05 49 ,02 01 01 05 49,Read_MLB_Lang :02 01 01 05 49  ,  Get_KBD_Lang :02 01 01 05 49,16,0x10,8704,0,0,0,0,0,0,0,0,0,0,0,0,16777216,0,0,0,0,0,16842752,16777216,0,0,0,0,17372165,100665620,33751040,
FXLH,R118,FTPZD00CP3HW,,R118-P2_P21ACH-M3,,FXLH_F05-4FT-02_2_GATEKEEPER,FAIL,09-20-09:28:24,62.04,V1.1.3.2,Check_All_CB,FTPZD00CP3HW,Atlas 1.9.2,FTPZD00CP3HW,V1.1.3.2,1,0,0,0,0,0,0,0,0,3,0,0,0,3,0,0,0,3,0,3,3,3,0,0,0,0,0,0,0,3,0,0,0,3,0,0,0,3,0,0,0,15 00 00 00 ,FTPZD00CP3HW,Pass,DLX9366009QN6R527,WMT-J9000A,R118-P2_P21ACH-M3_C00385,R118-P2,R118-P2_P21ACH-M3,C4P9322002LJCPT3Q,GV29347004JN3LN2Z,FM7934400UWN0LH1H+M1J,C479353076YMW5D29,13 00 00 00 01 ,13 00 00 00 00,370,0x0172,3,0x03,2,02,1286,0x0506,A0 02 00 0B 00 0B 00 0B ,0,0x00,33,0x21,33,0x21,Pass,02 01 01 0B 49 16 16 ,02 01 01 0B 49 16 16,Read_MLB_Lang :02 01 01 0B 49 16 16  ,  Get_KBD_Lang :02 01 01 0B 49 16 16,16,0x10,8704,0,0,0,0,0,0,0,0,0,0,0,0,16777216,0,0,0,0,0,16842752,16777216,0,0,0,0,17372165,100665620,33751040,
FXLH,R118,FTPZD00EP3HW,,R118-P2_P21ACH-M3,,FXLH_F05-4FT-02_2_GATEKEEPER,FAIL,09-20-09:34:04,65.78,V1.1.3.2,Check_All_CB,FTPZD00EP3HW,Atlas 1.9.2,FTPZD00EP3HW,V1.1.3.2,1,0,0,0,0,0,0,0,0,3,0,0,0,3,0,0,0,3,0,3,3,3,0,0,0,0,0,0,0,3,0,0,0,3,0,0,0,3,0,0,0,15 00 00 00 ,FTPZD00EP3HW,Pass,DLX93660091N6R52W,WMT-J9000A,R118-P2_P21ACH-M3_C00392,R118-P2,R118-P2_P21ACH-M3,C4P9322002MJCPT3P,GV29347003RN3LN2V,FM7934400X6N0LH1Y+M1J,C479353086UMW5D2C,13 00 00 00 01 ,13 00 00 00 00,370,0x0172,3,0x03,2,02,1286,0x0506,A0 02 00 0B 00 0B 00 0B ,0,0x00,33,0x21,33,0x21,Pass,02 01 01 0B 49 16 16 ,02 01 01 0B 49 16 16,Read_MLB_Lang :02 01 01 0B 49 16 16  ,  Get_KBD_Lang :02 01 01 0B 49 16 16,16,0x10,8704,0,0,0,0,0,0,0,0,0,0,0,0,16777216,0,0,0,0,0,16842752,16777216,0,0,0,0,17372165,100665620,33751040,
FXLH,R118,FTPZD00NP3J4,,R118-P2_P21AK-M4,,FXLH_F05-4FT-02_2_GATEKEEPER,FAIL,09-20-09:37:47,48.05,V1.1.3.2,Check_All_CB,FTPZD00NP3J4,Atlas 1.9.2,FTPZD00NP3J4,V1.1.3.2,1,0,0,0,0,0,0,0,0,3,0,0,0,3,0,0,0,3,0,0,0,3,0,0,0,0,0,0,0,3,0,0,0,3,0,0,0,3,0,0,0,15 00 00 00 ,FTPZD00NP3J4,Pass,DLX9366009JN6R52D,WMT-J9000B,R118-P2_P21AK-M4_C00408,R118-P2,R118-P2_P21AK-M4,C4P9322003JJCPV3M,GV29347006MN3LN2Q,FM7934400ZCN0LH1L+M1J,CR193560149MW5D1M,13 00 00 00 01 ,13 00 00 00 00,370,0x0172,3,0x03,2,02,1286,0x0506,A0 02 00 0B 00 0B 00 0B ,0,0x00,33,0x21,33,0x21,Pass,02 01 01 0F 49 16 16 ,02 01 01 0F 49 16 16,Read_MLB_Lang :02 01 01 0F 49 16 16  ,  Get_KBD_Lang :02 01 01 0F 49 16 16,16,0x10,8704,0,0,0,0,0,0,0,0,0,0,0,0,16777216,0,0,0,0,0,16842752,16777216,0,0,0,0,17372165,100665620,33751040,
FXLH,R118,FTPZD008P3HW,,R118-P2_P21ACH-M3,,FXLH_F05-4FT-02_2_GATEKEEPER,FAIL,09-20-09:40:42,44.04,V1.1.3.2,Check_All_CB,FTPZD008P3HW,Atlas 1.9.2,FTPZD008P3HW,V1.1.3.2,1,0,0,0,0,0,0,0,0,3,0,1,1,3,0,0,0,3,0,1,1,3,0,0,0,0,0,0,0,3,0,0,0,3,0,1,1,3,0,0,0,15 00 00 00 ,FTPZD008P3HW,Pass,DLX9366009RN6R526,WMT-J9000A,R118-P2_P21ACH-M3_C00375,R118-P2,R118-P2_P21ACH-M3,C4P9322003WJCPT3B,GV29347004ZN3LN2J,FM7934400XQN0LH1E+M1J,C479353076GMW5D2R,13 00 00 00 01 ,13 00 00 00 00,370,0x0172,3,0x03,2,02,1286,0x0506,A0 02 00 0B 00 0B 00 0B ,0,0x00,33,0x21,33,0x21,Pass,02 01 01 0B 49 16 16 ,02 01 01 0B 49 16 16,Read_MLB_Lang :02 01 01 0B 49 16 16  ,  Get_KBD_Lang :02 01 01 0B 49 16 16,16,0x10,8704,0,0,0,0,0,0,0,0,0,0,0,0,16777216,0,0,0,0,0,16842752,16777216,0,0,0,0,17372165,100665620,33751040,
FXLH,R118,FTPZF02PP3HW,,R118-P2_P21ACH-ECORELNB,,FXLH_F05-4FT-02_2_GATEKEEPER,FAIL,09-20-09:46:34,44.60,V1.1.3.2,Check_All_CB; STFW; TOUCH_FW; Grape_Connector_Self_Critical_Errors,FTPZF02PP3HW,Atlas 1.9.2,FTPZF02PP3HW,V1.1.3.2,1,3,0,0,0,3,0,0,0,3,0,0,0,3,0,0,0,3,0,0,0,2,0,3,3,0,0,0,0,3,0,0,0,0,0,0,0,3,0,1,1,15 00 00 00 ,FTPZF02PP3HW,Pass,DLX937600U0N6R525,WMT-J9001D,R118-P2_P21ACH-ECORELNB_C00838,R118-P2,R118-P2_P21ACH-ECORELNB,C4P9322002UJCPT3G,GV29363005KN3LN2T,FM7934401NDN0LH1H+V1J,CR1935601J7MW5D1F,13 00 00 00 01 ,13 00 00 00 00,352,0x0160,3,0x03,2,02,1285,0x0505,A0 02 00 0B 00 0B 00 0B ,0,0x00,33,0x21,33,0x21,Pass,02 01 01 0B 49 16 16 ,02 01 01 0B 49 16 16,Read_MLB_Lang :02 01 01 0B 49 16 16  ,  Get_KBD_Lang :02 01 01 0B 49 16 16,16,0x10,8704,0,0,0,0,0,0,0,0,0,0,0,0,16777216,0,0,0,0,0,16842752,16777216,0,0,0,0,17372165,83888404,4194435072,
FXLH,R118,FTPZD00HP3HW,,R118-P2_P21ACH-M3,,FXLH_F05-4FT-02_2_GATEKEEPER,FAIL,09-20-09:51:26,51.36,V1.1.3.2,Check_All_CB,FTPZD00HP3HW,Atlas 1.9.2,FTPZD00HP3HW,V1.1.3.2,1,0,0,0,0,0,0,0,0,3,0,0,0,3,0,0,0,3,0,7,7,3,0,0,0,0,0,0,0,3,0,3,3,3,0,0,0,3,0,0,0,15 00 00 00 ,FTPZD00HP3HW,Pass,DLX93660096N6R52R,WMT-J9000A,R118-P2_P21ACH-M3_C00387,R118-P2,R118-P2_P21ACH-M3,C4P9322002EJCPT3W,GV29347004XN3LN2L,FM7934400Y7N0LH1U+M1J,C479353076LMW5D2M,13 00 00 00 01 ,13 00 00 00 00,370,0x0172,3,0x03,2,02,1286,0x0506,A0 02 00 0B 00 0B 00 0B ,0,0x00,33,0x21,33,0x21,Pass,02 01 01 0B 49 16 16 ,02 01 01 0B 49 16 16,Read_MLB_Lang :02 01 01 0B 49 16 16  ,  Get_KBD_Lang :02 01 01 0B 49 16 16,16,0x10,8704,0,0,0,0,0,0,0,0,0,0,0,0,16777216,0,0,0,0,0,16842752,16777216,0,0,0,0,17372165,100665620,33751040,
FXLH,R118,FTPZD010P3J4,,R118-P2_P21AK-M4,,FXLH_F05-4FT-02_2_GATEKEEPER,FAIL,09-20-09:56:54,44.83,V1.1.3.2,Check_All_CB,FTPZD010P3J4,Atlas 1.9.2,FTPZD010P3J4,V1.1.3.2,1,0,0,0,0,0,0,0,0,3,0,0,0,3,0,0,0,3,0,0,0,3,0,0,0,0,0,0,0,3,0,0,0,3,0,0,0,3,0,0,0,15 00 00 00 ,FTPZD010P3J4,Pass,DLX936700AJN6R529,WMT-J9000B,R118-P2_P21AK-M4_C00395,R118-P2,R118-P2_P21AK-M4,C4P9322004JJCPV3J,GV29347005JN3LN2W,FM7934400Y2N0LH1Z+M1J,CR19356013VMW5D14,13 00 00 00 01 ,13 00 00 00 00,370,0x0172,3,0x03,2,02,1286,0x0506,A0 02 00 0B 00 0B 00 0B ,0,0x00,33,0x21,33,0x21,Pass,02 01 01 0F 49 16 16 ,02 01 01 0F 49 16 16,Read_MLB_Lang :02 01 01 0F 49 16 16  ,  Get_KBD_Lang :02 01 01 0F 49 16 16,16,0x10,8704,0,0,0,0,0,0,0,0,0,0,0,0,16777216,0,0,0,0,0,16842752,16777216,0,0,0,0,17372165,100665620,33751040,
