GATEKEEPER,V1.1.3.2
Site, Product, SerialNumber, Special Build Name, Special Build Description, Unit Number, Station ID, Test Pass/Fail Status, StartTime, EndTime, Version, List of Failing Tests,Scan_FG_SN,Start Data Reporting,Start Data Reporting,Start Data Reporting,Start Data Reporting,Check_All_CB - CB_STATUS_MLB-FCT,Check_All_CB - ABS_ERASE_MLB-FCT,Check_All_CB - ABS_FAIL_MLB-FCT,Check_All_CB - REL_FAIL_MLB-FCT,Check_All_CB - CB_STATUS_TEST1,Check_All_CB - ABS_ERASE_TEST1,Check_All_CB - ABS_FAIL_TEST1,Check_All_CB - REL_FAIL_TEST1,Check_All_CB - CB_STATUS_QT0,Check_All_CB - ABS_ERASE_QT0,Check_All_CB - ABS_FAIL_QT0,Check_All_CB - REL_FAIL_QT0,Check_All_CB - CB_STATUS_DFU2-FTW,Check_All_CB - ABS_ERASE_DFU2-FTW,Check_All_CB - ABS_FAIL_DFU2-FTW,Check_All_CB - REL_FAIL_DFU2-FTW,Check_All_CB - CB_STATUS_QT1,Check_All_CB - ABS_ERASE_QT1,Check_All_CB - ABS_FAIL_QT1,Check_All_CB - REL_FAIL_QT1,Check_All_CB - CB_STATUS_LED-TEST,Check_All_CB - ABS_ERASE_LED-TEST,Check_All_CB - ABS_FAIL_LED-TEST,Check_All_CB - REL_FAIL_LED-TEST,Check_All_CB - CB_STATUS_KEY-FORCE,Check_All_CB - ABS_ERASE_KEY-FORCE,Check_All_CB - ABS_FAIL_KEY-FORCE,Check_All_CB - REL_FAIL_KEY-FORCE,Check_All_CB - CB_STATUS_TEST2,Check_All_CB - ABS_ERASE_TEST2,Check_All_CB - ABS_FAIL_TEST2,Check_All_CB - REL_FAIL_TEST2,Check_All_CB - CB_STATUS_MMI,Check_All_CB - ABS_ERASE_MMI,Check_All_CB - ABS_FAIL_MMI,Check_All_CB - REL_FAIL_MMI,Check_All_CB - CB_STATUS_SW-DOWNLOAD,Check_All_CB - ABS_ERASE_SW-DOWNLOAD,Check_All_CB - ABS_FAIL_SW-DOWNLOAD,Check_All_CB - REL_FAIL_SW-DOWNLOAD,Check_Bootargs_Status,Read_FG_SN,Compare_FG_SN,MLB_SN,WO_SN,UNIT_LBL,BUILD_EVENT,S_BUILD,KBM_SN,BACKLIGHT_SN,TRACKPAD_SN,TOUCH_FLEX_SN,Check_EP_Status,EP_Enable_All,STFW - STFW,STFW,Read_HW_Version - Read_HW_Version,Read_HW_Version,GreenPAK_ID - GreenPAK_ID,GreenPAK_ID,TOUCH_FW - TOUCH_FW,TOUCH_FW,Read_CCG3_FW,Production_Signed_Check - Production_Signed_Check,Production_Signed_Check,Read_KBD_HW_Layout - Read_KBD_HW_Layout,Read_KBD_HW_Layout,Get_KBD_HW_Layout - Read_KBD_HW_Layout,Get_KBD_HW_Layout,Compare_KBD_HW_Layout,Read_MLB_Lang,Get_KBD_Lang,Check_KBD_Lang,Read_MFI_Address - Read_MFI_Address,Read_MFI_Address,System_Critical_Errors - CRIT_ERR_E1_PART1,System_Critical_Errors - CRIT_ERR_E1_PART2,FW_Update_Critical_Errors - CRIT_ERR_E2_PART1,FW_Update_Critical_Errors - CRIT_ERR_E2_PART2,FW_Update_Critical_Errors - CRIT_ERR_E2_PART3,Key_Scan_Critical_Errors - CRIT_ERR_E7_PART1,Key_Scan_Critical_Errors - CRIT_ERR_E7_PART2,Key_Scan_Critical_Errors - CRIT_ERR_E7_PART3,Key_Scan_Critical_Errors - CRIT_ERR_E7_PART4,USBC_Critical_Errors - CRIT_ERR_E3_PART1,USBC_Critical_Errors - CRIT_ERR_E3_PART2,USBC_Critical_Errors - CRIT_ERR_E3_PART3,USBC_Critical_Errors - CRIT_ERR_E3_PART4,Grape_Critical_Errors - CRIT_ERR_E5_PART1,Grape_Critical_Errors - CRIT_ERR_E5_PART2,Grape_Critical_Errors - CRIT_ERR_E5_PART3,Grape_Critical_Errors - CRIT_ERR_E5_PART4,Grape_Critical_Errors - CRIT_ERR_E5_PART5,Grape_Critical_Errors - CRIT_ERR_E5_PART6,Grape_Critical_Errors - CRIT_ERR_E5_PART7,Grape_Critical_Errors - CRIT_ERR_E5_PART8,Grape_Critical_Errors - CRIT_ERR_E5_PART9,Grape_Critical_Errors - CRIT_ERR_E5_PART10,Critical_Errors_Summary - CRIT_ERR_E0_PART1,Backlight_Critical_Errors - BL_CRI_ERR_PART1,Grape_Connector_Self_Critical_Errors - CRIT_ERR_D3_PART1,Grape_Connector_Self_Critical_Errors - CRIT_ERR_D3_PART2,Grape_Connector_Self_Critical_Errors - CRIT_ERR_D3_PART3,
Upper Limited-------->,,,,,,,,,,,,,,,,,3,,,,3,,,,3,,,,3,,,,3,,,,3,,,,3,,,,3,,,,3,,,,3,,,,,,,,,,,,,,,,,,370,,3,,2,,1286,,,0,,33,,33,,,,,,16,,,,,,,,,,,,,,,,,,,,,,,,,,,,,,
Lower Limited-------->,,,,,,,,,,,,,,,,,3,,,,3,,,,3,,,,3,,,,3,,,,3,,,,3,,,,3,,,,3,,,,3,,,,,,,,,,,,,,,,,,370,,3,,2,,1286,,,0,,33,,33,,,,,,16,,,,,,,,,,,,,,,,,,,,,,,,,,,,,,
Measurement Units---->,,,,,,,,,,,,,,,,,,,,,,,,,,,,,,,,,,,,,,,,,,,,,,,,,,,,,,,,,,,,,,,,,,,,,,,,,,,,,,,,,,,,,,,,,,,,,,,,,,,,,,,,,,,,,,,,,,,,,,,,
FXLH,R118,FTPZD01JP3J4,,R118-P2_P21AK-M5,,FXLH_F05-4FT-02_2_GATEKEEPER,FAIL,09-20-10:36:21,51.41,V1.1.3.2,Check_All_CB,FTPZD01JP3J4,Atlas 1.9.2,FTPZD01JP3J4,V1.1.3.2,1,0,0,0,0,0,0,0,0,3,0,0,0,3,0,0,0,3,0,2,2,3,0,0,0,0,0,0,0,3,0,0,0,3,0,0,0,3,0,0,0,15 00 00 00 ,FTPZD01JP3J4,Pass,DLX9366008WN6R524,WMT-J9000F,R118-P2_P21AK-M5_C00420,R118-P2,R118-P2_P21AK-M5,C4P93220058JCPV3R,GV29363004MN3LN2U,FM7934400X4N0LH10+M1J,CR193560111MW5D14,13 00 00 00 01 ,13 00 00 00 00,370,0x0172,3,0x03,2,02,1286,0x0506,A0 02 00 0B 00 0B 00 0B ,0,0x00,33,0x21,33,0x21,Pass,02 01 01 0F 49 16 16 ,02 01 01 0F 49 16 16,Read_MLB_Lang :02 01 01 0F 49 16 16  ,  Get_KBD_Lang :02 01 01 0F 49 16 16,16,0x10,8704,0,0,0,0,0,0,0,0,0,0,0,0,16777216,0,0,0,0,0,16842752,16777216,0,0,0,0,17372165,100665620,33751040,
FXLH,R118,FTPZD00VP3J4,,R118-P2_P21AK-M4,,FXLH_F05-4FT-02_2_GATEKEEPER,FAIL,09-20-10:38:30,51.75,V1.1.3.2,Check_All_CB,FTPZD00VP3J4,Atlas 1.9.2,FTPZD00VP3J4,V1.1.3.2,1,0,0,0,0,0,0,0,0,3,0,0,0,3,0,0,0,3,0,0,0,3,0,0,0,0,0,0,0,3,0,0,0,3,0,0,0,3,0,0,0,15 00 00 00 ,FTPZD00VP3J4,Pass,DLX936700ARN6R522,WMT-J9000B,R118-P2_P21AK-M4_C00401,R118-P2,R118-P2_P21AK-M4,C4P9322004WJCPV36,GV29347006DN3LN2Y,FM7934400ZAN0LH1N+M1J,CR19356013MMW5D1C,13 00 00 00 01 ,13 00 00 00 00,370,0x0172,3,0x03,2,02,1286,0x0506,A0 02 00 0B 00 0B 00 0B ,0,0x00,33,0x21,33,0x21,Pass,02 01 01 0F 49 16 16 ,02 01 01 0F 49 16 16,Read_MLB_Lang :02 01 01 0F 49 16 16  ,  Get_KBD_Lang :02 01 01 0F 49 16 16,16,0x10,8704,0,0,0,0,0,0,0,0,0,0,0,0,16777216,0,0,0,0,0,16842752,16777216,0,0,0,0,17372165,100665620,33751040,
FXLH,R118,FTPZD01CP3J4,,R118-P2_P21AK-M5,,FXLH_F05-4FT-02_2_GATEKEEPER,FAIL,09-20-10:46:32,47.53,V1.1.3.2,Check_All_CB,FTPZD01CP3J4,Atlas 1.9.2,FTPZD01CP3J4,V1.1.3.2,1,0,0,0,0,0,0,0,0,3,0,0,0,3,0,0,0,3,0,0,0,3,0,0,0,0,0,0,0,3,0,1,1,3,0,0,0,3,0,0,0,15 00 00 00 ,FTPZD01CP3J4,Pass,DLX936700AKN6R528,WMT-J9000F,R118-P2_P21AK-M5_C00426,R118-P2,R118-P2_P21AK-M5,C4P9322001BJCPV30,GV293630042N3LN2D,FM7934400V2N0LH18+M1J,CR193560165MW5D1K,13 00 00 00 01 ,13 00 00 00 00,370,0x0172,3,0x03,2,02,1286,0x0506,A0 02 00 0B 00 0B 00 0B ,0,0x00,33,0x21,33,0x21,Pass,02 01 01 0F 49 16 16 ,02 01 01 0F 49 16 16,Read_MLB_Lang :02 01 01 0F 49 16 16  ,  Get_KBD_Lang :02 01 01 0F 49 16 16,16,0x10,8704,0,0,0,0,0,0,0,0,0,0,0,0,16777216,0,0,0,0,0,16842752,16777216,0,0,0,0,17372165,100665620,33751040,
FXLH,R118,FTPZD011P3J4,,R118-P2_P21AK-M4,,FXLH_F05-4FT-02_2_GATEKEEPER,FAIL,09-20-10:51:55,46.19,V1.1.3.2,Check_All_CB,FTPZD011P3J4,Atlas 1.9.2,FTPZD011P3J4,V1.1.3.2,1,0,0,0,0,0,0,0,0,3,0,0,0,3,0,0,0,3,0,0,0,3,0,0,0,0,0,0,0,3,0,0,0,3,0,2,2,3,0,0,0,15 00 00 00 ,FTPZD011P3J4,Pass,DLX9366008FN6R52K,WMT-J9000B,R118-P2_P21AK-M4_C00397,R118-P2,R118-P2_P21AK-M4,C4P9322004CJCPV3Q,GV29363003KN3LN2Z,FM7934400VNN0LH1N+M1J,CR1935600Z8MW5D14,13 00 00 00 01 ,13 00 00 00 00,370,0x0172,3,0x03,2,02,1286,0x0506,A0 02 00 0B 00 0B 00 0B ,0,0x00,33,0x21,33,0x21,Pass,02 01 01 0F 49 16 16 ,02 01 01 0F 49 16 16,Read_MLB_Lang :02 01 01 0F 49 16 16  ,  Get_KBD_Lang :02 01 01 0F 49 16 16,16,0x10,8704,0,0,0,0,0,0,0,0,0,0,0,0,16777216,0,0,0,0,0,16842752,16777216,0,0,0,0,17372165,100665620,33751040,
FXLH,R118,FTPZD01SP3J4,,R118-P2_P21AK-M5-1,,FXLH_F05-4FT-02_2_GATEKEEPER,FAIL,09-20-10:54:18,52.75,V1.1.3.2,Check_All_CB,FTPZD01SP3J4,Atlas 1.9.2,FTPZD01SP3J4,V1.1.3.2,1,3,0,0,0,3,0,0,0,3,0,0,0,3,0,0,0,3,0,1,1,3,0,0,0,0,0,0,0,3,0,0,0,3,0,2,2,3,0,0,0,15 00 00 00 ,FTPZD01SP3J4,Pass,DLX9374002JN6R52Z,WMT-J90011,R118-P2_P21AK-M5-1_C00451,R118-P2,R118-P2_P21AK-M5-1,C4P93220047JCPV3V,GV29363005FN3LN2X,FM7934400X8N0LH1W+M1J,CR19356010AMW5D1Y,13 00 00 00 01 ,13 00 00 00 00,370,0x0172,3,0x03,2,02,1286,0x0506,A0 02 00 0B 00 0B 00 0B ,0,0x00,33,0x21,33,0x21,Pass,02 01 01 0F 49 16 16 ,02 01 01 0F 49 16 16,Read_MLB_Lang :02 01 01 0F 49 16 16  ,  Get_KBD_Lang :02 01 01 0F 49 16 16,16,0x10,8704,0,0,0,0,0,0,0,0,0,0,0,0,16777216,0,0,0,0,0,16842752,16777216,0,0,0,0,17372165,100665620,33751040,
FXLH,R118,FTPZD007P3HW,,R118-P2_P21ACH-M3,,FXLH_F05-4FT-02_2_GATEKEEPER,FAIL,09-20-10:55:53,41.15,V1.1.3.2,Check_All_CB,FTPZD007P3HW,Atlas 1.9.2,FTPZD007P3HW,V1.1.3.2,1,0,0,0,0,0,0,0,0,3,0,0,0,3,0,0,0,3,0,0,0,3,0,0,0,0,0,0,0,3,0,0,0,3,0,3,3,3,0,0,0,15 00 00 00 ,FTPZD007P3HW,Pass,DLX9366009MN6R52A,WMT-J9000A,R118-P2_P21ACH-M3_C00379,R118-P2,R118-P2_P21ACH-M3,C4P9322004YJCPT36,GV29347004VN3LN2N,FM7934400VBN0LH1Z+M1J,C4793530868MW5D2Y,13 00 00 00 01 ,13 00 00 00 00,370,0x0172,3,0x03,2,02,1286,0x0506,A0 02 00 0B 00 0B 00 0B ,0,0x00,33,0x21,33,0x21,Pass,02 01 01 0B 49 16 16 ,02 01 01 0B 49 16 16,Read_MLB_Lang :02 01 01 0B 49 16 16  ,  Get_KBD_Lang :02 01 01 0B 49 16 16,16,0x10,8704,0,0,0,0,0,0,0,0,0,0,0,0,16777216,0,0,0,0,0,16842752,16777216,0,0,0,0,17372165,100665620,33751040,
FXLH,R118,FTPZF00QP3HR,,R118-P2_P21AEN-R1,,FXLH_F05-4FT-02_2_GATEKEEPER,FAIL,09-20-11:04:50,52.09,V1.1.3.2,Check_All_CB,FTPZF00QP3HR,Atlas 1.9.2,FTPZF00QP3HR,V1.1.3.2,1,3,0,0,0,3,0,0,0,3,0,1,1,3,0,0,0,3,0,0,0,3,0,0,0,0,0,0,0,3,0,0,0,3,0,0,0,3,0,0,0,15 00 00 00 ,FTPZF00QP3HR,Pass,DLX937600TRN6R52H,WMT-J9001B,R118-P2_P21AEN-R1_C00793,R118-P2,R118-P2_P21AEN-R1,C4P932200N3JCPP3K,GV2936400BFN3LN2C,FM7934401RQN0LH1X+V1J,CR1935601ETMW5D17,13 00 00 00 01 ,13 00 00 00 00,370,0x0172,3,0x03,2,02,1286,0x0506,A0 02 00 0B 00 0B 00 0B ,0,0x00,33,0x21,33,0x21,Pass,02 01 01 05 49 ,02 01 01 05 49,Read_MLB_Lang :02 01 01 05 49  ,  Get_KBD_Lang :02 01 01 05 49,16,0x10,8704,0,0,0,0,0,0,0,0,0,0,0,0,16777216,0,0,0,0,0,16842752,16777216,0,0,0,0,17372165,100665620,33751040,
FXLH,R118,FTPZF004P3HR,,R118-P2_P21AEN-R1,,FXLH_F05-4FT-02_2_GATEKEEPER,FAIL,09-20-11:06:53,53.38,V1.1.3.2,Check_All_CB,FTPZF004P3HR,Atlas 1.9.2,FTPZF004P3HR,V1.1.3.2,1,3,0,0,0,3,0,0,0,3,0,0,0,3,0,0,0,3,0,0,0,3,0,0,0,0,0,0,0,3,0,0,0,3,0,0,0,3,0,0,0,15 00 00 00 ,FTPZF004P3HR,Pass,DLX9382003LN6R52T,WMT-J9001B,R118-P2_P21AEN-R1_C00770,R118-P2,R118-P2_P21AEN-R1,C4P9322005RJCPP3E,GV2936400ANN3LN28,FM7934401UXN0LH1F+V1J,C47935303PWMW5D2Y,13 00 00 00 01 ,13 00 00 00 00,370,0x0172,3,0x03,2,02,1286,0x0506,A0 02 00 0B 00 0B 00 0B ,0,0x00,33,0x21,33,0x21,Pass,02 01 01 05 49 ,02 01 01 05 49,Read_MLB_Lang :02 01 01 05 49  ,  Get_KBD_Lang :02 01 01 05 49,16,0x10,8704,0,0,0,0,0,0,0,0,0,0,0,0,16777216,0,0,0,0,0,16842752,16777216,0,0,0,0,17372165,100665620,33751040,
FXLH,R118,FTPZF00RP3J4,,R118-P2_P21AKR-R2,,FXLH_F05-4FT-02_2_GATEKEEPER,FAIL,09-20-11:08:58,47.85,V1.1.3.2,Check_All_CB,FTPZF00RP3J4,Atlas 1.9.2,FTPZF00RP3J4,V1.1.3.2,1,3,0,0,0,3,0,0,0,3,0,1,1,3,0,0,0,3,0,0,0,3,0,0,0,0,0,0,0,3,0,0,0,3,0,0,0,3,0,0,0,15 00 00 00 ,FTPZF00RP3J4,Pass,DLX938200AFN6R52B,WMT-J9001C,R118-P2_P21AKR-R2_C00822,R118-P2,R118-P2_P21AKR-R2,C4P9322000EJCPV30,GV29364005AN3LN21,FM7934401U6N0LH16+V1J,CR1935601PTMW5D1E,13 00 00 00 01 ,13 00 00 00 00,370,0x0172,3,0x03,2,02,1286,0x0506,A0 02 00 0B 00 0B 00 0B ,0,0x00,33,0x21,33,0x21,Pass,02 01 01 0F 49 16 16 ,02 01 01 0F 49 16 16,Read_MLB_Lang :02 01 01 0F 49 16 16  ,  Get_KBD_Lang :02 01 01 0F 49 16 16,16,0x10,8704,0,0,0,0,0,0,0,0,0,0,0,0,16777216,0,0,0,0,0,16842752,16777216,0,0,0,0,17372165,100665620,33751040,
FXLH,R118,FTPZF00ZP3HR,,R118-P2_P21AEN-R1,,FXLH_F05-4FT-02_2_GATEKEEPER,FAIL,09-20-11:12:18,53.17,V1.1.3.2,Check_All_CB,FTPZF00ZP3HR,Atlas 1.9.2,FTPZF00ZP3HR,V1.1.3.2,1,3,0,0,0,3,0,0,0,3,0,1,1,3,0,0,0,3,0,0,0,3,0,0,0,0,0,0,0,3,0,0,0,3,0,0,0,3,0,0,0,15 00 00 00 ,FTPZF00ZP3HR,Pass,DLX9382003PN6R52Q,WMT-J9001B,R118-P2_P21AEN-R1_C00785,R118-P2,R118-P2_P21AEN-R1,C4P93740041JCPP3Q,GV2936400AUN3LN22,FM7934401CTN0LH1Z+V1J,C4793530304MW5D2R,13 00 00 00 01 ,13 00 00 00 00,370,0x0172,3,0x03,2,02,1286,0x0506,A0 02 00 0B 00 0B 00 0B ,0,0x00,33,0x21,33,0x21,Pass,02 01 01 05 49 ,02 01 01 05 49,Read_MLB_Lang :02 01 01 05 49  ,  Get_KBD_Lang :02 01 01 05 49,16,0x10,8704,0,0,0,0,0,0,0,0,0,0,0,0,16777216,0,0,0,0,0,16842752,16777216,0,0,0,0,17372165,100665620,33751040,
FXLH,R118,FTPZF02PP3HW,,R118-P2_P21ACH-ECORELNB,,FXLH_F05-4FT-02_2_GATEKEEPER,FAIL,09-20-11:14:14,63.07,V1.1.3.2,Check_All_CB,FTPZF02PP3HW,Atlas 1.9.2,FTPZF02PP3HW,V1.1.3.2,1,3,0,0,0,3,0,0,0,3,0,0,0,3,0,0,0,3,0,0,0,3,0,3,3,0,0,0,0,3,0,0,0,3,0,0,0,3,0,1,1,15 00 00 00 ,FTPZF02PP3HW,Pass,DLX937600U0N6R525,WMT-J9001D,R118-P2_P21ACH-ECORELNB_C00838,R118-P2,R118-P2_P21ACH-ECORELNB,C4P9322002UJCPT3G,GV29363005KN3LN2T,FM7934401NDN0LH1H+V1J,CR1935601J7MW5D1F,13 00 00 00 01 ,13 00 00 00 00,370,0x0172,3,0x03,2,02,1286,0x0506,A0 02 00 0B 00 0B 00 0B ,0,0x00,33,0x21,33,0x21,Pass,02 01 01 0B 49 16 16 ,02 01 01 0B 49 16 16,Read_MLB_Lang :02 01 01 0B 49 16 16  ,  Get_KBD_Lang :02 01 01 0B 49 16 16,16,0x10,8704,0,0,0,0,0,0,0,0,0,0,0,0,16777216,0,0,0,0,0,16842752,16777216,0,0,0,0,17372165,100665620,33751040,
FXLH,R118,FTPZF00NP3J4,,R118-P2_P21AKR-R2,,FXLH_F05-4FT-02_2_GATEKEEPER,FAIL,09-20-11:16:41,63.50,V1.1.3.2,Check_All_CB,FTPZF00NP3J4,Atlas 1.9.2,FTPZF00NP3J4,V1.1.3.2,1,3,0,0,0,3,0,0,0,3,0,0,0,3,0,0,0,3,0,0,0,3,0,0,0,0,0,0,0,3,0,1,1,3,0,0,0,3,0,0,0,15 00 00 00 ,FTPZF00NP3J4,Pass,DLX938200BBN6R52C,WMT-J9001C,R118-P2_P21AKR-R2_C00825,R118-P2,R118-P2_P21AKR-R2,C4P93220048JCPV3U,GV29364003BN3LN26,FM7934401WEN0LH1S+V1J,CR1935601Q0MW5D14,13 00 00 00 01 ,13 00 00 00 00,370,0x0172,3,0x03,2,02,1286,0x0506,A0 02 00 0B 00 0B 00 0B ,0,0x00,33,0x21,33,0x21,Pass,02 01 01 0F 49 16 16 ,02 01 01 0F 49 16 16,Read_MLB_Lang :02 01 01 0F 49 16 16  ,  Get_KBD_Lang :02 01 01 0F 49 16 16,16,0x10,8704,0,0,0,0,0,0,0,0,0,0,0,0,16777216,0,0,0,0,0,16842752,16777216,0,0,0,0,17372165,100665620,33751040,
FXLH,R118,FTPZF03LP3HW,,R118-P2_P21ACH-ECORELNB,,FXLH_F05-4FT-02_2_GATEKEEPER,FAIL,09-20-11:18:57,50.60,V1.1.3.2,Check_All_CB,FTPZF03LP3HW,Atlas 1.9.2,FTPZF03LP3HW,V1.1.3.2,1,3,0,0,0,3,0,0,0,3,0,0,0,3,0,0,0,3,0,0,0,3,0,0,0,0,0,0,0,3,0,0,0,3,0,0,0,3,0,0,0,15 00 00 00 ,FTPZF03LP3HW,Pass,DLX937600RNN6R52S,WMT-J9001D,R118-P2_P21ACH-ECORELNB_C00867,R118-P2,R118-P2_P21ACH-ECORELNB,C4P9322003XJCPT3A,GV29363003QN3LN2U,FM79344018QN0LH1E+V1J,CR1935600YMMW5D1U,13 00 00 00 01 ,13 00 00 00 00,370,0x0172,3,0x03,2,02,1286,0x0506,A0 02 00 0B 00 0B 00 0B ,0,0x00,33,0x21,33,0x21,Pass,02 01 01 0B 49 16 16 ,02 01 01 0B 49 16 16,Read_MLB_Lang :02 01 01 0B 49 16 16  ,  Get_KBD_Lang :02 01 01 0B 49 16 16,16,0x10,8704,0,0,0,0,0,0,0,0,0,0,0,0,16777216,0,0,0,0,0,16842752,16777216,0,0,0,0,17372165,100665620,33751040,
FXLH,R118,FTPZD00QP3J4,,R118-P2_P21AK-M4,,FXLH_F05-4FT-02_2_GATEKEEPER,FAIL,09-20-11:21:09,47.43,V1.1.3.2,Check_All_CB,FTPZD00QP3J4,Atlas 1.9.2,FTPZD00QP3J4,V1.1.3.2,1,0,0,0,0,0,0,0,0,3,0,0,0,3,0,0,0,3,0,0,0,3,0,0,0,0,0,0,0,3,0,0,0,3,0,1,1,3,0,0,0,15 00 00 00 ,FTPZD00QP3J4,Pass,DLX936700AHN6R52A,WMT-J9000B,R118-P2_P21AK-M4_C00406,R118-P2,R118-P2_P21AK-M4,C4P9322001NJCPV3P,GV29363004AN3LN25,FM7934400YUN0LH17+M1J,CR19356015FMW5D1C,13 00 00 00 01 ,13 00 00 00 00,370,0x0172,3,0x03,2,02,1286,0x0506,A0 02 00 0B 00 0B 00 0B ,0,0x00,33,0x21,33,0x21,Pass,02 01 01 0F 49 16 16 ,02 01 01 0F 49 16 16,Read_MLB_Lang :02 01 01 0F 49 16 16  ,  Get_KBD_Lang :02 01 01 0F 49 16 16,16,0x10,8704,0,0,0,0,0,0,0,0,0,0,0,0,16777216,0,0,0,0,0,16842752,16777216,0,0,0,0,17372165,100665620,33751040,
FXLH,R118,FTPZF00SP3HR,,R118-P2_P21AEN-R1,,FXLH_F05-4FT-02_2_GATEKEEPER,FAIL,09-20-11:22:58,50.46,V1.1.3.2,Check_All_CB,FTPZF00SP3HR,Atlas 1.9.2,FTPZF00SP3HR,V1.1.3.2,1,3,0,0,0,3,0,0,0,3,0,1,1,3,0,0,0,3,0,2,2,3,0,0,0,0,0,0,0,3,0,0,0,3,0,0,0,3,0,0,0,15 00 00 00 ,FTPZF00SP3HR,Pass,DLX9382001HN6R522,WMT-J9001B,R118-P2_P21AEN-R1_C00791,R118-P2,R118-P2_P21AEN-R1,C4P932200M1JCPP3Q,GV2936400AYN3LN2Y,FM7934401F2N0LH1F+V1J,C47935303PSMW5D22,13 00 00 00 01 ,13 00 00 00 00,370,0x0172,3,0x03,2,02,1286,0x0506,A0 02 00 0B 00 0B 00 0B ,0,0x00,33,0x21,33,0x21,Pass,02 01 01 05 49 ,02 01 01 05 49,Read_MLB_Lang :02 01 01 05 49  ,  Get_KBD_Lang :02 01 01 05 49,16,0x10,8704,0,0,0,0,0,0,0,0,0,0,0,0,16777216,0,0,0,0,0,16842752,16777216,0,0,0,0,17372165,100665620,33751040,
FXLH,R118,FTPZF00KP3J4,,R118-P2_P21AKR-R2,,FXLH_F05-4FT-02_2_GATEKEEPER,FAIL,09-20-11:31:59,59.63,V1.1.3.2,Check_All_CB,FTPZF00KP3J4,Atlas 1.9.2,FTPZF00KP3J4,V1.1.3.2,1,3,0,0,0,3,0,0,0,3,0,0,0,3,0,0,0,3,0,0,0,3,0,0,0,0,0,0,0,3,0,1,1,3,0,0,0,3,0,2,2,15 00 00 00 ,FTPZF00KP3J4,Pass,DLX938200ADN6R52D,WMT-J9001C,R118-P2_P21AKR-R2_C00808,R118-P2,R118-P2_P21AKR-R2,C4P9322003GJCPV3P,GV29364000KN3LN27,FM7934401QZN0LH1R+V1J,C47935303J8MW5D21,13 00 00 00 01 ,13 00 00 00 00,370,0x0172,3,0x03,2,02,1286,0x0506,A0 02 00 0B 00 0B 00 0B ,0,0x00,33,0x21,33,0x21,Pass,02 01 01 0F 49 16 16 ,02 01 01 0F 49 16 16,Read_MLB_Lang :02 01 01 0F 49 16 16  ,  Get_KBD_Lang :02 01 01 0F 49 16 16,16,0x10,8704,0,0,0,0,0,0,0,0,0,0,0,0,16777216,0,0,0,0,0,16842752,16777216,0,0,0,0,17372165,100665620,33751040,
FXLH,R118,FTPZF00FP3HR,,R118-P2_P21AEN-R1,,FXLH_F05-4FT-02_2_GATEKEEPER,FAIL,09-20-11:33:23,54.27,V1.1.3.2,Check_All_CB,FTPZF00FP3HR,Atlas 1.9.2,FTPZF00FP3HR,V1.1.3.2,1,3,0,0,0,3,0,0,0,3,0,0,0,3,0,0,0,3,0,3,3,3,0,0,0,0,0,0,0,3,0,0,0,3,0,0,0,3,0,0,0,15 00 00 00 ,FTPZF00FP3HR,Pass,DLX9382004JN6R52S,WMT-J9001B,R118-P2_P21AEN-R1_C00779,R118-P2,R118-P2_P21AEN-R1,C4P932200P4JCPP3F,GV29364006RN3LN2H,FM7934401CZN0LH1T+V1J,C479353019JMW5D2L,13 00 00 00 01 ,13 00 00 00 00,370,0x0172,3,0x03,2,02,1286,0x0506,A0 02 00 0B 00 0B 00 0B ,0,0x00,33,0x21,33,0x21,Pass,02 01 01 05 49 ,02 01 01 05 49,Read_MLB_Lang :02 01 01 05 49  ,  Get_KBD_Lang :02 01 01 05 49,16,0x10,8704,0,0,0,0,0,0,0,0,0,0,0,0,16777216,0,0,0,0,0,16842752,16777216,0,0,0,0,17372165,100665620,33751040,
FXLH,R118,FTPZD02PP3HR,,R118-P2_P21AEN,,FXLH_F05-4FT-02_2_GATEKEEPER,FAIL,09-20-11:35:12,50.73,V1.1.3.2,Check_All_CB,FTPZD02PP3HR,Atlas 1.9.2,FTPZD02PP3HR,V1.1.3.2,1,3,0,0,0,3,0,0,0,2,0,3,3,3,0,0,0,3,0,4,4,3,0,0,0,0,0,0,0,3,0,0,0,3,0,0,0,3,0,0,0,15 00 00 00 ,FTPZD02PP3HR,Pass,DLX9375006LN6R52J,WMT-J90014,R118-P2_P21AEN_C00574,R118-P2,R118-P2_P21AEN,C4P932200G2JCPP34,GV29364000WN3LN2W,FM7934401TLN0LH1V+V1J,CR19356016WMW5D1U,13 00 00 00 01 ,13 00 00 00 00,370,0x0172,3,0x03,2,02,1286,0x0506,A0 02 00 0B 00 0B 00 0B ,0,0x00,33,0x21,33,0x21,Pass,02 01 01 05 49 ,02 01 01 05 49,Read_MLB_Lang :02 01 01 05 49  ,  Get_KBD_Lang :02 01 01 05 49,16,0x10,8704,0,0,0,0,0,0,0,0,0,0,0,0,16777216,0,0,0,0,0,16842752,16777216,0,0,0,0,17372165,100665620,33751040,
FXLH,R118,FTPZD03CP3HR,,R118-P2_P21AEN,,FXLH_F05-4FT-02_2_GATEKEEPER,FAIL,09-20-11:36:35,56.47,V1.1.3.2,Check_All_CB; STFW; TOUCH_FW; Grape_Connector_Self_Critical_Errors,FTPZD03CP3HR,Atlas 1.9.2,FTPZD03CP3HR,V1.1.3.2,1,3,0,0,0,3,0,0,0,3,0,1,1,3,0,0,0,3,0,3,3,3,0,0,0,0,0,0,0,3,0,0,0,3,0,0,0,3,0,0,0,15 00 00 00 ,FTPZD03CP3HR,Pass,DLX9375006KN6R52K,WMT-J90014,R118-P2_P21AEN_C00551,R118-P2,R118-P2_P21AEN,C4P932200KTJCPP34,GV29364004RN3LN2P,FM7934401NNN0LH18+V1J,CR19356014SMW5D14,13 00 00 00 02 ,13 00 00 00 00,352,0x0160,3,0x03,2,02,1285,0x0505,A0 02 00 0B 00 0B 00 0B ,0,0x00,33,0x21,33,0x21,Pass,02 01 01 05 49 ,02 01 01 05 49,Read_MLB_Lang :02 01 01 05 49  ,  Get_KBD_Lang :02 01 01 05 49,16,0x10,8704,0,0,0,0,0,0,0,0,0,0,0,0,16777216,0,0,0,0,0,16842752,16777216,0,0,0,0,17372165,83888404,4194435072,
FXLH,R118,FTPZF00HP3HR,,R118-P2_P21AEN-R1,,FXLH_F05-4FT-02_2_GATEKEEPER,FAIL,09-20-11:47:14,52.22,V1.1.3.2,Check_All_CB,FTPZF00HP3HR,Atlas 1.9.2,FTPZF00HP3HR,V1.1.3.2,1,3,0,0,0,3,0,0,0,3,0,0,0,3,0,0,0,3,0,1,1,3,0,0,0,0,0,0,0,3,0,0,0,3,0,0,0,3,0,0,0,15 00 00 00 ,FTPZF00HP3HR,Pass,DLX937600TDN6R52V,WMT-J9001B,R118-P2_P21AEN-R1_C00777,R118-P2,R118-P2_P21AEN-R1,C4P93220025JCPP39,GV2936400BSN3LN21,FM7934401KMN0LH1J+V1J,C47935304CTMW5D2Z,13 00 00 00 01 ,13 00 00 00 00,370,0x0172,3,0x03,2,02,1286,0x0506,A0 02 00 0B 00 0B 00 0B ,0,0x00,33,0x21,33,0x21,Pass,02 01 01 05 49 ,02 01 01 05 49,Read_MLB_Lang :02 01 01 05 49  ,  Get_KBD_Lang :02 01 01 05 49,16,0x10,8704,0,0,0,0,0,0,0,0,0,0,0,0,16777216,0,0,0,0,0,16842752,16777216,0,0,0,0,17372165,100665620,33751040,
FXLH,R118,FTPZF013P3J4,,R118-P2_P21AKR-R2,,FXLH_F05-4FT-02_2_GATEKEEPER,FAIL,09-20-12:46:21,54.62,V1.1.3.2,Check_All_CB,FTPZF013P3J4,Atlas 1.9.2,FTPZF013P3J4,V1.1.3.2,1,3,0,0,0,3,0,0,0,3,0,1,1,3,0,0,0,3,0,0,0,3,0,0,0,0,0,0,0,3,0,0,0,3,0,0,0,3,0,0,0,15 00 00 00 ,FTPZF013P3J4,Pass,DLX938200A6N6R52L,WMT-J9001C,R118-P2_P21AKR-R2_C00827,R118-P2,R118-P2_P21AKR-R2,C4P9322003QJCPV3F,GV29364001KN3LN24,FM7934401WZN0LH17+V1J,CR19356015LMW5D17,13 00 00 00 01 ,13 00 00 00 00,370,0x0172,3,0x03,2,02,1286,0x0506,A0 02 00 0B 00 0B 00 0B ,0,0x00,33,0x21,33,0x21,Pass,02 01 01 0F 49 16 16 ,02 01 01 0F 49 16 16,Read_MLB_Lang :02 01 01 0F 49 16 16  ,  Get_KBD_Lang :02 01 01 0F 49 16 16,16,0x10,8704,0,0,0,0,0,0,0,0,0,0,0,0,16777216,0,0,0,0,0,16842752,16777216,0,0,0,0,17372165,100665620,33751040,
FXLH,R118,FTPZF048P3HW,,R118-P2_P21ACH-ECORELNB,,FXLH_F05-4FT-02_2_GATEKEEPER,FAIL,09-20-12:57:09,49.06,V1.1.3.2,Check_All_CB,FTPZF048P3HW,Atlas 1.9.2,FTPZF048P3HW,V1.1.3.2,1,3,0,0,0,3,0,0,0,3,0,0,0,3,0,0,0,3,0,0,0,3,0,0,0,0,0,0,0,3,0,0,0,3,0,0,0,3,0,0,0,15 00 00 00 ,FTPZF048P3HW,Pass,DLX937500E4N6R52A,WMT-J9001D,R118-P2_P21ACH-ECORELNB_C00885,R118-P2,R118-P2_P21ACH-ECORELNB,C4P93220057JCPT3U,GV29363006CN3LN2X,FM7934401VKN0LH1Q+V1J,CR1935601HZMW5D1S,13 00 00 00 01 ,13 00 00 00 00,370,0x0172,3,0x03,2,02,1286,0x0506,A0 02 00 0B 00 0B 00 0B ,0,0x00,33,0x21,33,0x21,Pass,02 01 01 0B 49 16 16 ,02 01 01 0B 49 16 16,Read_MLB_Lang :02 01 01 0B 49 16 16  ,  Get_KBD_Lang :02 01 01 0B 49 16 16,16,0x10,8704,0,0,0,0,0,0,0,0,0,0,0,0,16777216,0,0,0,0,0,16842752,16777216,0,0,0,0,17372165,100665620,33751040,
FXLH,R118,FTPZF04BP3HW,,R118-P2_P21ACH-ECORELNB,,FXLH_F05-4FT-02_2_GATEKEEPER,FAIL,09-20-12:58:30,40.49,V1.1.3.2,Check_All_CB,FTPZF04BP3HW,Atlas 1.9.2,FTPZF04BP3HW,V1.1.3.2,1,3,0,0,0,3,0,0,0,3,0,0,0,3,0,0,0,3,0,0,0,3,0,0,0,0,0,0,0,3,0,0,0,3,0,0,0,3,0,0,0,15 00 00 00 ,FTPZF04BP3HW,Pass,DLX937600UHN6R52N,WMT-J9001D,R118-P2_P21ACH-ECORELNB_C00902,R118-P2,R118-P2_P21ACH-ECORELNB,C4P9322001HJCPT3W,GV293630064N3LN25,FM7934401P9N0LH1J+V1J,CR193560191MW5D1E,13 00 00 00 01 ,13 00 00 00 00,370,0x0172,3,0x03,2,02,1286,0x0506,A0 02 00 0B 00 0B 00 0B ,0,0x00,33,0x21,33,0x21,Pass,02 01 01 0B 49 16 16 ,02 01 01 0B 49 16 16,Read_MLB_Lang :02 01 01 0B 49 16 16  ,  Get_KBD_Lang :02 01 01 0B 49 16 16,16,0x10,8704,0,0,0,0,0,0,0,0,0,0,0,0,16777216,0,0,0,0,0,16842752,16777216,0,0,0,0,17372165,100665620,33751040,
FXLH,R118,FTPZF038P3HW,,R118-P2_P21ACH-ECORELNB,,FXLH_F05-4FT-02_2_GATEKEEPER,FAIL,09-20-13:01:07,41.69,V1.1.3.2,Check_All_CB,FTPZF038P3HW,Atlas 1.9.2,FTPZF038P3HW,V1.1.3.2,1,3,0,0,0,3,0,0,0,3,0,2,2,3,0,0,0,3,0,0,0,3,0,0,0,0,0,0,0,3,0,0,0,3,0,0,0,3,0,0,0,15 00 00 00 ,FTPZF038P3HW,Pass,DLX937600TPN6R52K,WMT-J9001D,R118-P2_P21ACH-ECORELNB_C00859,R118-P2,R118-P2_P21ACH-ECORELNB,C4P93220009JCPT37,GV29363004PN3LN2S,FM7934401E5N0LH1F+V1J,CR1935601AKMW5D1T,13 00 00 00 01 ,13 00 00 00 00,370,0x0172,3,0x03,2,02,1286,0x0506,A0 02 00 0B 00 0B 00 0B ,0,0x00,33,0x21,33,0x21,Pass,02 01 01 0B 49 16 16 ,02 01 01 0B 49 16 16,Read_MLB_Lang :02 01 01 0B 49 16 16  ,  Get_KBD_Lang :02 01 01 0B 49 16 16,16,0x10,8704,0,0,0,0,0,0,0,0,0,0,0,0,16777216,0,0,0,0,0,16842752,16777216,0,0,0,0,17372165,100665620,33751040,
FXLH,R118,FTPZF04PP3HW,,R118-P2_P21ACH-ECORELNB,,FXLH_F05-4FT-02_2_GATEKEEPER,FAIL,09-20-13:06:04,49.31,V1.1.3.2,Check_All_CB,FTPZF04PP3HW,Atlas 1.9.2,FTPZF04PP3HW,V1.1.3.2,1,3,0,0,0,3,0,0,0,3,0,0,0,3,0,0,0,3,0,1,1,3,0,0,0,0,0,0,0,3,0,0,0,3,0,0,0,3,0,0,0,15 00 00 00 ,FTPZF04PP3HW,Pass,DLX937600TMN6R52M,WMT-J9001D,R118-P2_P21ACH-ECORELNB_C00915,R118-P2,R118-P2_P21ACH-ECORELNB,C4P9322004KJCPT3K,GV29363003XN3LN2M,FM793440188N0LH1W+V1J,C47935303QCMW5D2D,13 00 00 00 01 ,13 00 00 00 00,370,0x0172,3,0x03,2,02,1286,0x0506,A0 02 00 0B 00 0B 00 0B ,0,0x00,33,0x21,33,0x21,Pass,02 01 01 0B 49 16 16 ,02 01 01 0B 49 16 16,Read_MLB_Lang :02 01 01 0B 49 16 16  ,  Get_KBD_Lang :02 01 01 0B 49 16 16,16,0x10,8704,0,0,0,0,0,0,0,0,0,0,0,0,16777216,0,0,0,0,0,16842752,16777216,0,0,0,0,17372165,100665620,33751040,
FXLH,R118,FTPZF04CP3HW,,R118-P2_P21ACH-ECORELNB,,FXLH_F05-4FT-02_2_GATEKEEPER,FAIL,09-20-13:21:29,57.96,V1.1.3.2,Check_All_CB,FTPZF04CP3HW,Atlas 1.9.2,FTPZF04CP3HW,V1.1.3.2,1,3,0,0,0,3,0,0,0,3,0,1,1,3,0,0,0,3,0,1,1,3,0,0,0,0,0,0,0,3,0,0,0,3,0,0,0,3,0,0,0,15 00 00 00 ,FTPZF04CP3HW,Pass,DLX937600S2N6R529,WMT-J9001D,R118-P2_P21ACH-ECORELNB_C00901,R118-P2,R118-P2_P21ACH-ECORELNB,C4P93220015JCPT38,GV293630047N3LN28,FM7934401BRN0LH14+V1J,C47935303PNMW5D26,13 00 00 00 01 ,13 00 00 00 00,370,0x0172,3,0x03,2,02,1286,0x0506,A0 02 00 0B 00 0B 00 0B ,0,0x00,33,0x21,33,0x21,Pass,02 01 01 0B 49 16 16 ,02 01 01 0B 49 16 16,Read_MLB_Lang :02 01 01 0B 49 16 16  ,  Get_KBD_Lang :02 01 01 0B 49 16 16,16,0x10,8704,0,0,0,0,0,0,0,0,0,0,0,0,16777216,0,0,0,0,0,16842752,16777216,0,0,0,0,17372165,100665620,33751040,
