document_version, 1.0
station_name,SW-DOWNLOAD
station_id,FXLH_F05-4FT-01_5_SW-DOWNLOAD
station_sw,Atlas
station_sw_version,Atlas

tag,start_time,duration
Read_SN, 1575528908.11, 3.14
Start_Data_Reporting, 1575528911.29, 0.03
Start_Control_Bit, 1575528911.32, 1.06
Read_Bootargs, 1575528912.38, 0.47
Write_Bootargs, 1575528912.85, 0.02
Check_Bootargs, 1575528912.87, 0.01
BUILD_EVENT, 1575528912.88, 0.27
S_BUILD, 1575528913.15, 0.03
WO_SN, 1575528913.18, 0.01
SUB_SN, 1575528913.19, 0.01
UNIT_LBL, 1575528913.20, 0.01
KAI_FW, 1575528913.20, 0.02
Query_MLB_SN, 1575528913.23, 0.01
Read_MLB_SN, 1575528913.23, 1.05
Check_MLB_SN, 1575528914.28, 0.01
Read_STFW_Version_Before_DL, 1575528914.29, 0.46
Read_MTFW_Version_Before_DL, 1575528914.75, 0.46
Read_CCG3FW_Version_Before_DL, 1575528915.21, 1.36
Program_STFW, 1575528916.56, 137.29
Program_MTFW, 1575529053.86, 44.99
Program_CCG3FW, 1575529098.85, 62.14
Read_STFW_Version_After_DL, 1575529160.99, 0.42
Read_MTFW_Version_After_DL, 1575529161.41, 0.43
Read_CCG3FW_Version_After_DL, 1575529161.84, 1.26
Finish_DRCB, 1575529163.10, 0.48
full_test_durations, 1575528908.08, 255.51
