Related Test,Name-1,Name-2,Name-3,Status,Info,Measurement,Units,Upper Limit,Lower Limit,Relaxed Upper Limit,Relaxed Lower Limit,Limit Units,Start Time,End Time,Duration (s)
Read_SN,,,,,,,,,,,,,Dec 5 2019 2:55:08.1120 PM,Dec 5 2019 2:55:11.2430 PM,3.1315
Read_SN,Read_SN,fixture vendor,INN,PASS,,,,,,,,,Dec 5 2019 2:55:09.1860 PM,Dec 5 2019 2:55:09.1860 PM,0
Read_SN,Read_SN,KAI,changeDelimiter,PASS,,,,,,,,,Dec 5 2019 2:55:09.1900 PM,Dec 5 2019 2:55:09.1900 PM,0
Read_SN,Read_SN,KAI,changeLineTerminator,PASS,,,,,,,,,Dec 5 2019 2:55:09.1930 PM,Dec 5 2019 2:55:09.1930 PM,0
Read_SN,Read_SN,KAI,open,PASS,,,,,,,,,Dec 5 2019 2:55:09.1950 PM,Dec 5 2019 2:55:10.7890 PM,1.594
Read_SN,Read_SN,KAI,read,PASS,,,,,,,,,Dec 5 2019 2:55:10.7930 PM,Dec 5 2019 2:55:10.8190 PM,.026
Read_SN,Read_SN,StationReportPlugin,isReporting,PASS,,,,,,,,,Dec 5 2019 2:55:10.8260 PM,Dec 5 2019 2:55:10.8260 PM,0
Read_SN,Read_SN,[Hid] /usr/local/bin/hidreport -locationid 0x24440000 -i 0 get 0x11,,PASS,,,,,,,,,Dec 5 2019 2:55:10.8580 PM,Dec 5 2019 2:55:10.8580 PM,0
Read_SN,Read_SN,serialnumber,FTPZP005P3M1,PASS,,,,,,,,,Dec 5 2019 2:55:11.2430 PM,Dec 5 2019 2:55:11.2430 PM,0
Start_Data_Reporting,,,,,,,,,,,,,Dec 5 2019 2:55:11.2910 PM,Dec 5 2019 2:55:11.3130 PM,.0217
Start_Data_Reporting,Start_Data_Reporting,DRCB,StartDataReporting,PASS,,,,,,,,,Dec 5 2019 2:55:11.2980 PM,Dec 5 2019 2:55:11.3120 PM,.0132
Start_Control_Bit,,,,,,,,,,,,,Dec 5 2019 2:55:11.3170 PM,Dec 5 2019 2:55:12.3770 PM,1.0602
Start_Control_Bit,Start_Control_Bit,DRCB,StartControlBits,PASS,,,,,,,,,Dec 5 2019 2:55:11.3200 PM,Dec 5 2019 2:55:12.3750 PM,1.0557
Read_Bootargs,,,,,,,,,,,,,Dec 5 2019 2:55:12.3830 PM,Dec 5 2019 2:55:12.8420 PM,.4584
Read_Bootargs,Read_Bootargs,"[Hid] /usr/local/bin/hidreport -locationid 0x24440000 -usage 0xff00,0xb get 0xF1",,PASS,,,,,,,,,Dec 5 2019 2:55:12.4410 PM,Dec 5 2019 2:55:12.4410 PM,0
Read_Bootargs,Read_Bootargs,Read_Bootargs,,PASS,,,,,,,,,Dec 5 2019 2:55:12.8420 PM,Dec 5 2019 2:55:12.8420 PM,0
Write_Bootargs,,,,,,,,,,,,,Dec 5 2019 2:55:12.8570 PM,Dec 5 2019 2:55:12.8580 PM,.0008
Write_Bootargs,Write_Bootargs,Bootargs is 2. bypass,,PASS,,,,,,,,,Dec 5 2019 2:55:12.8570 PM,Dec 5 2019 2:55:12.8570 PM,0
Check_Bootargs,,,,,,,,,,,,,Dec 5 2019 2:55:12.8730 PM,Dec 5 2019 2:55:12.8740 PM,.0008
Check_Bootargs,Check_Bootargs,Bootargs is 2. bypass,,PASS,,,,,,,,,Dec 5 2019 2:55:12.8730 PM,Dec 5 2019 2:55:12.8730 PM,0
BUILD_EVENT,,,,,,,,,,,,,Dec 5 2019 2:55:12.8850 PM,Dec 5 2019 2:55:13.1190 PM,.2333
BUILD_EVENT,BUILD_EVENT,SFCSupport,getAttributes,PASS,,,,,,,,,Dec 5 2019 2:55:12.9010 PM,Dec 5 2019 2:55:13.0840 PM,.1828
BUILD_EVENT,BUILD_EVENT,SFCSupport,getAttributes-2,PASS,,,,,,,,,Dec 5 2019 2:55:13.0890 PM,Dec 5 2019 2:55:13.0950 PM,.0057
BUILD_EVENT,BUILD_EVENT,SFCSupport,getAttributes-3,PASS,,,,,,,,,Dec 5 2019 2:55:13.0970 PM,Dec 5 2019 2:55:13.1020 PM,.0043
BUILD_EVENT,BUILD_EVENT,SFCSupport,getAttributes-4,PASS,,,,,,,,,Dec 5 2019 2:55:13.1070 PM,Dec 5 2019 2:55:13.1140 PM,.0069
BUILD_EVENT,BUILD_EVENT,Build_EVENT,R128-EVT,PASS,,,,,,,,,Dec 5 2019 2:55:13.1180 PM,Dec 5 2019 2:55:13.1180 PM,0
S_BUILD,,,,,,,,,,,,,Dec 5 2019 2:55:13.1510 PM,Dec 5 2019 2:55:13.1520 PM,.001
S_BUILD,S_BUILD,S_BUILD,R128-EVT_E2ATH-LTDL2,PASS,,,,,,,,,Dec 5 2019 2:55:13.1520 PM,Dec 5 2019 2:55:13.1520 PM,0
WO_SN,,,,,,,,,,,,,Dec 5 2019 2:55:13.1810 PM,Dec 5 2019 2:55:13.1820 PM,.001
WO_SN,WO_SN,Get wo_no Pass,,PASS,,,,,,,,,Dec 5 2019 2:55:13.1810 PM,Dec 5 2019 2:55:13.1810 PM,0
SUB_SN,,,,,,,,,,,,,Dec 5 2019 2:55:13.1900 PM,Dec 5 2019 2:55:13.1910 PM,.0012
SUB_SN,SUB_SN,Get pansa Pass,,PASS,,,,,,,,,Dec 5 2019 2:55:13.1910 PM,Dec 5 2019 2:55:13.1910 PM,0
UNIT_LBL,,,,,,,,,,,,,Dec 5 2019 2:55:13.1980 PM,Dec 5 2019 2:55:13.1990 PM,.0012
UNIT_LBL,UNIT_LBL,Get unit_lbl Pass,,PASS,,,,,,,,,Dec 5 2019 2:55:13.1990 PM,Dec 5 2019 2:55:13.1990 PM,0
KAI_FW,,,,,,,,,,,,,Dec 5 2019 2:55:13.2060 PM,Dec 5 2019 2:55:13.2230 PM,.0176
KAI_FW,KAI_FW,[KAI] v,sendCommand,PASS,,,,,,,,,Dec 5 2019 2:55:13.2080 PM,Dec 5 2019 2:55:13.2220 PM,.0133
KAI_FW,KAI_FW,KAI_FW,,PASS,,,,,,,,,Dec 5 2019 2:55:13.2230 PM,Dec 5 2019 2:55:13.2230 PM,0
Query_MLB_SN,,,,,,,,,,,,,Dec 5 2019 2:55:13.2300 PM,Dec 5 2019 2:55:13.2310 PM,.0009
Query_MLB_SN,Query_MLB_SN,Query_MLB_SN,DLX94720003N47352,PASS,,,,,,,,,Dec 5 2019 2:55:13.2300 PM,Dec 5 2019 2:55:13.2300 PM,0
Read_MLB_SN,,,,,,,,,,,,,Dec 5 2019 2:55:13.2350 PM,Dec 5 2019 2:55:14.2760 PM,1.0408
Read_MLB_SN,Read_MLB_SN,[Hid] /usr/local/bin/hidreport -locationid 0x24440000 -v 0x05ac -i 0 get 0x12,,PASS,,,,,,,,,Dec 5 2019 2:55:13.8880 PM,Dec 5 2019 2:55:13.8880 PM,0
Read_MLB_SN,Read_MLB_SN,Read_MLB_SN,DLX94720003N47352,PASS,,,,,,,,,Dec 5 2019 2:55:14.2760 PM,Dec 5 2019 2:55:14.2760 PM,0
Check_MLB_SN,,,,,,,,,,,,,Dec 5 2019 2:55:14.2820 PM,Dec 5 2019 2:55:14.2870 PM,.005
Check_MLB_SN,Check_MLB_SN,Check_MLB_SN,,PASS,,,,,,,,,Dec 5 2019 2:55:14.2830 PM,Dec 5 2019 2:55:14.2830 PM,0
Check_MLB_SN,Check_MLB_SN,StationReportPlugin,appendReportData,PASS,,,,,,,,,Dec 5 2019 2:55:14.2860 PM,Dec 5 2019 2:55:14.2860 PM,.0002
Read_STFW_Version_Before_DL,,,,,,,,,,,,,Dec 5 2019 2:55:14.2930 PM,Dec 5 2019 2:55:14.7440 PM,.4511
Read_STFW_Version_Before_DL,Read_STFW_Version_Before_DL,[Hid] /usr/local/bin/hidreport -locationid 0x24440000 -i 0 get 0xB4,,PASS,,,,,,,,,Dec 5 2019 2:55:14.3330 PM,Dec 5 2019 2:55:14.3330 PM,0
Read_STFW_Version_Before_DL,Read_STFW_Version_Before_DL,Read_STFW_Version_Before_DL,0x0270,PASS,,,,,,,,,Dec 5 2019 2:55:14.7430 PM,Dec 5 2019 2:55:14.7430 PM,0
Read_STFW_Version_Before_DL,Read_STFW_Version_Before_DL,,,PASS,,624,,,,,,,Dec 5 2019 2:55:14.7430 PM,Dec 5 2019 2:55:14.7440 PM,0
Read_MTFW_Version_Before_DL,,,,,,,,,,,,,Dec 5 2019 2:55:14.7530 PM,Dec 5 2019 2:55:15.1840 PM,.4309
Read_MTFW_Version_Before_DL,Read_MTFW_Version_Before_DL,[Hid] /usr/local/bin/hidreport -locationid 0x24440000 -i 0 get 0xbb,,PASS,,,,,,,,,Dec 5 2019 2:55:14.7890 PM,Dec 5 2019 2:55:14.7890 PM,0
Read_MTFW_Version_Before_DL,Read_MTFW_Version_Before_DL,Read_MTFW_Version_Before_DL,0x0515,PASS,,,,,,,,,Dec 5 2019 2:55:15.1830 PM,Dec 5 2019 2:55:15.1830 PM,0
Read_MTFW_Version_Before_DL,Read_MTFW_Version_Before_DL,,,PASS,,1301,,,,,,,Dec 5 2019 2:55:15.1830 PM,Dec 5 2019 2:55:15.1830 PM,0
Read_CCG3FW_Version_Before_DL,,,,,,,,,,,,,Dec 5 2019 2:55:15.2100 PM,Dec 5 2019 2:55:16.5560 PM,1.3458
Read_CCG3FW_Version_Before_DL,Read_CCG3FW_Version_Before_DL,"[Hid] /usr/local/bin/hidreport -locationid 0x24440000 -v 0x05ac -usage 0xff00,0xb set 0xCE 0xCE 6 6 0",,PASS,,,,,,,,,Dec 5 2019 2:55:15.2430 PM,Dec 5 2019 2:55:15.2430 PM,0
Read_CCG3FW_Version_Before_DL,Read_CCG3FW_Version_Before_DL,"[Hid] /usr/local/bin/hidreport -locationid 0x24440000 -usage 0xff00,0xb get 0xA0",,PASS,,,,,,,,,Dec 5 2019 2:55:15.7000 PM,Dec 5 2019 2:55:15.7000 PM,0
Read_CCG3FW_Version_Before_DL,Read_CCG3FW_Version_Before_DL,"[Hid] /usr/local/bin/hidreport -locationid 0x24440000 -v 0x05ac -usage 0xff00,0xb set 0xCE 0xCE 6 6 1",,PASS,,,,,,,,,Dec 5 2019 2:55:16.1620 PM,Dec 5 2019 2:55:16.1620 PM,0
Read_CCG3FW_Version_Before_DL,Read_CCG3FW_Version_Before_DL,Read_CCG3FW_Version_Before_DL,A0 01 01 01 02 01 02 01,PASS,,,,,,,,,Dec 5 2019 2:55:16.5550 PM,Dec 5 2019 2:55:16.5550 PM,0
Read_CCG3FW_Version_Before_DL,Read_CCG3FW_Version_Before_DL,,,PASS,,258,,,,,,,Dec 5 2019 2:55:16.5550 PM,Dec 5 2019 2:55:16.5550 PM,0
Program_STFW,,,,,,,,,,,,,Dec 5 2019 2:55:16.5650 PM,Dec 5 2019 2:57:33.8530 PM,137.288
Program_STFW,Program_STFW,[Hid] /usr/local/bin/unit2Tool/shfuc -l 0x24440000 -n -v 0x05ac -p 0x026F -f /usr/local/bin/R128-v0x0270-dev-signed.R128.EVT.afu,,PASS,,,,,,,,,Dec 5 2019 2:57:20.2400 PM,Dec 5 2019 2:57:20.2400 PM,0
Program_STFW,Program_STFW,Program_STFW,,PASS,,,,,,,,,Dec 5 2019 2:57:20.2740 PM,Dec 5 2019 2:57:20.2740 PM,0
Program_STFW,Program_STFW,StationReportPlugin,appendReportData,PASS,,,,,,,,,Dec 5 2019 2:57:20.2760 PM,Dec 5 2019 2:57:20.2760 PM,.0002
Program_STFW,Program_STFW,[KAI] sys hrst,sendCommand,PASS,,,,,,,,,Dec 5 2019 2:57:25.3460 PM,Dec 5 2019 2:57:25.4550 PM,.1085
Program_STFW,Program_STFW,[KAI] ,sendCommand,PASS,,,,,,,,,Dec 5 2019 2:57:25.4580 PM,Dec 5 2019 2:57:25.4930 PM,.0351
Program_STFW,Program_STFW,[KAI] flags ~ro,sendCommand,PASS,,,,,,,,,Dec 5 2019 2:57:25.4970 PM,Dec 5 2019 2:57:25.5090 PM,.0116
Program_STFW,Program_STFW,[KAI] orion mode 10,sendCommand,PASS,,,,,,,,,Dec 5 2019 2:57:25.5110 PM,Dec 5 2019 2:57:25.5250 PM,.0134
Program_STFW,Program_STFW,[KAI] sys hrst,sendCommand-2,PASS,,,,,,,,,Dec 5 2019 2:57:29.6000 PM,Dec 5 2019 2:57:29.7190 PM,.1188
Program_STFW,Program_STFW,[KAI] ,sendCommand-2,PASS,,,,,,,,,Dec 5 2019 2:57:29.7210 PM,Dec 5 2019 2:57:29.7470 PM,.026
Program_STFW,Program_STFW,[KAI] flags ~ro,sendCommand-2,PASS,,,,,,,,,Dec 5 2019 2:57:29.7500 PM,Dec 5 2019 2:57:29.7630 PM,.0134
Program_STFW,Program_STFW,[KAI] orion mode 10,sendCommand-2,PASS,,,,,,,,,Dec 5 2019 2:57:29.7660 PM,Dec 5 2019 2:57:29.7800 PM,.0141
Program_MTFW,,,,,,,,,,,,,Dec 5 2019 2:57:33.8580 PM,Dec 5 2019 2:58:18.8430 PM,44.9845
Program_MTFW,Program_MTFW,[Hid] /usr/local/bin/unit2Tool/shfuc -l 0x24440000 -n -v 0x05ac -p 0x026F -f /usr/local/bin/R128-MTFW-0x0515.HW4.dev-sig.afu,,PASS,,,,,,,,,Dec 5 2019 2:58:00.2460 PM,Dec 5 2019 2:58:00.2460 PM,0
Program_MTFW,Program_MTFW,Program_MTFW,,PASS,,,,,,,,,Dec 5 2019 2:58:00.2610 PM,Dec 5 2019 2:58:00.2610 PM,0
Program_MTFW,Program_MTFW,StationReportPlugin,appendReportData,PASS,,,,,,,,,Dec 5 2019 2:58:00.2630 PM,Dec 5 2019 2:58:00.2630 PM,.0002
Program_MTFW,Program_MTFW,[KAI] sys hrst,sendCommand,PASS,,,,,,,,,Dec 5 2019 2:58:10.3410 PM,Dec 5 2019 2:58:10.4450 PM,.1038
Program_MTFW,Program_MTFW,[KAI] ,sendCommand,PASS,,,,,,,,,Dec 5 2019 2:58:10.4470 PM,Dec 5 2019 2:58:10.4870 PM,.0401
Program_MTFW,Program_MTFW,[KAI] flags ~ro,sendCommand,PASS,,,,,,,,,Dec 5 2019 2:58:10.4900 PM,Dec 5 2019 2:58:10.5040 PM,.0134
Program_MTFW,Program_MTFW,[KAI] orion mode 10,sendCommand,PASS,,,,,,,,,Dec 5 2019 2:58:10.5060 PM,Dec 5 2019 2:58:10.5200 PM,.0131
Program_MTFW,Program_MTFW,[KAI] sys hrst,sendCommand-2,PASS,,,,,,,,,Dec 5 2019 2:58:14.5900 PM,Dec 5 2019 2:58:14.7110 PM,.1206
Program_MTFW,Program_MTFW,[KAI] ,sendCommand-2,PASS,,,,,,,,,Dec 5 2019 2:58:14.7140 PM,Dec 5 2019 2:58:14.7380 PM,.0246
Program_MTFW,Program_MTFW,[KAI] flags ~ro,sendCommand-2,PASS,,,,,,,,,Dec 5 2019 2:58:14.7420 PM,Dec 5 2019 2:58:14.7530 PM,.0118
Program_MTFW,Program_MTFW,[KAI] orion mode 10,sendCommand-2,PASS,,,,,,,,,Dec 5 2019 2:58:14.7570 PM,Dec 5 2019 2:58:14.7700 PM,.0131
Program_CCG3FW,,,,,,,,,,,,,Dec 5 2019 2:58:18.8490 PM,Dec 5 2019 2:59:20.9850 PM,62.1362
Program_CCG3FW,Program_CCG3FW,[Hid] /usr/local/bin/unit2Tool/shfuc -l 0x24440000 -n -v 0x05ac -p 0x026F -f /usr/local/bin/R128-CCG3-0x0102_EVT-apps.dev-sig.afu,,PASS,,,,,,,,,Dec 5 2019 2:59:01.6460 PM,Dec 5 2019 2:59:01.6460 PM,0
Program_CCG3FW,Program_CCG3FW,Program_CCG3FW,,PASS,,,,,,,,,Dec 5 2019 2:59:01.6610 PM,Dec 5 2019 2:59:01.6610 PM,0
Program_CCG3FW,Program_CCG3FW,StationReportPlugin,appendReportData,PASS,,,,,,,,,Dec 5 2019 2:59:01.6630 PM,Dec 5 2019 2:59:01.6630 PM,.0002
Program_CCG3FW,Program_CCG3FW,[KAI] sys hrst,sendCommand,PASS,,,,,,,,,Dec 5 2019 2:59:16.7330 PM,Dec 5 2019 2:59:16.8530 PM,.1194
Program_CCG3FW,Program_CCG3FW,[KAI] ,sendCommand,PASS,,,,,,,,,Dec 5 2019 2:59:16.8560 PM,Dec 5 2019 2:59:16.8800 PM,.0244
Program_CCG3FW,Program_CCG3FW,[KAI] flags ~ro,sendCommand,PASS,,,,,,,,,Dec 5 2019 2:59:16.8830 PM,Dec 5 2019 2:59:16.8960 PM,.0135
Program_CCG3FW,Program_CCG3FW,[KAI] orion mode 10,sendCommand,PASS,,,,,,,,,Dec 5 2019 2:59:16.8990 PM,Dec 5 2019 2:59:16.9120 PM,.0128
Read_STFW_Version_After_DL,,,,,,,,,,,,,Dec 5 2019 2:59:20.9900 PM,Dec 5 2019 2:59:21.4070 PM,.4171
Read_STFW_Version_After_DL,Read_STFW_Version_After_DL,[Hid] /usr/local/bin/hidreport -locationid 0x24440000 -i 0 get 0xB4,,PASS,,,,,,,,,Dec 5 2019 2:59:21.0230 PM,Dec 5 2019 2:59:21.0230 PM,0
Read_STFW_Version_After_DL,Read_STFW_Version_After_DL,Read_STFW_Version_After_DL,0x0270,PASS,,,,,,,,,Dec 5 2019 2:59:21.4060 PM,Dec 5 2019 2:59:21.4060 PM,0
Read_STFW_Version_After_DL,Read_STFW_Version_After_DL,,,PASS,,624,,624,624,,,,Dec 5 2019 2:59:21.4070 PM,Dec 5 2019 2:59:21.4070 PM,0
Read_MTFW_Version_After_DL,,,,,,,,,,,,,Dec 5 2019 2:59:21.4120 PM,Dec 5 2019 2:59:21.8380 PM,.4256
Read_MTFW_Version_After_DL,Read_MTFW_Version_After_DL,[Hid] /usr/local/bin/hidreport -locationid 0x24440000 -i 0 get 0xbb,,PASS,,,,,,,,,Dec 5 2019 2:59:21.4430 PM,Dec 5 2019 2:59:21.4430 PM,0
Read_MTFW_Version_After_DL,Read_MTFW_Version_After_DL,Read_MTFW_Version_After_DL,0x0515,PASS,,,,,,,,,Dec 5 2019 2:59:21.8370 PM,Dec 5 2019 2:59:21.8370 PM,0
Read_MTFW_Version_After_DL,Read_MTFW_Version_After_DL,,,PASS,,1301,,1301,1301,,,,Dec 5 2019 2:59:21.8370 PM,Dec 5 2019 2:59:21.8370 PM,0
Read_CCG3FW_Version_After_DL,,,,,,,,,,,,,Dec 5 2019 2:59:21.8430 PM,Dec 5 2019 2:59:23.1010 PM,1.258
Read_CCG3FW_Version_After_DL,Read_CCG3FW_Version_After_DL,"[Hid] /usr/local/bin/hidreport -locationid 0x24440000 -v 0x05ac -usage 0xff00,0xb set 0xCE 0xCE 6 6 0",,PASS,,,,,,,,,Dec 5 2019 2:59:21.8640 PM,Dec 5 2019 2:59:21.8640 PM,0
Read_CCG3FW_Version_After_DL,Read_CCG3FW_Version_After_DL,"[Hid] /usr/local/bin/hidreport -locationid 0x24440000 -usage 0xff00,0xb get 0xA0",,PASS,,,,,,,,,Dec 5 2019 2:59:22.3090 PM,Dec 5 2019 2:59:22.3090 PM,0
Read_CCG3FW_Version_After_DL,Read_CCG3FW_Version_After_DL,"[Hid] /usr/local/bin/hidreport -locationid 0x24440000 -v 0x05ac -usage 0xff00,0xb set 0xCE 0xCE 6 6 1",,PASS,,,,,,,,,Dec 5 2019 2:59:22.7200 PM,Dec 5 2019 2:59:22.7200 PM,0
Read_CCG3FW_Version_After_DL,Read_CCG3FW_Version_After_DL,Read_CCG3FW_Version_After_DL,A0 02 01 01 02 01 02 01,PASS,,,,,,,,,Dec 5 2019 2:59:23.1000 PM,Dec 5 2019 2:59:23.1000 PM,0
Read_CCG3FW_Version_After_DL,Read_CCG3FW_Version_After_DL,,,PASS,,258,,258,258,,,,Dec 5 2019 2:59:23.1000 PM,Dec 5 2019 2:59:23.1000 PM,0
Finish_DRCB,,,,,,,,,,,,,Dec 5 2019 2:59:23.1060 PM,Dec 5 2019 2:59:23.5860 PM,.48
Finish_DRCB,Finish_DRCB,DRCB,Finish,PASS,,,,,,,,,Dec 5 2019 2:59:23.1080 PM,Dec 5 2019 2:59:23.5830 PM,.4751
