Test,Plugin,Command,Status,Info,Start Time,End Time,Duration (s)
Read_SN,KAI,changeDelimiter,PASS,,Dec 5 2019 2:55:09.1900 PM,Dec 5 2019 2:55:09.1900 PM,.0001
Read_SN,KAI,changeLineTerminator,PASS,,Dec 5 2019 2:55:09.1930 PM,Dec 5 2019 2:55:09.1930 PM,.0001
Read_SN,KAI,open,PASS,,Dec 5 2019 2:55:09.1950 PM,Dec 5 2019 2:55:10.7900 PM,1.5941
Read_SN,KAI,read,PASS,,Dec 5 2019 2:55:10.7930 PM,Dec 5 2019 2:55:10.8190 PM,.0261
Read_SN,StationReportPlugin,isReporting,PASS,,Dec 5 2019 2:55:10.8260 PM,Dec 5 2019 2:55:10.8260 PM,0
Start_Data_Reporting,DRCB,startDataReporting,PASS,,Dec 5 2019 2:55:11.2980 PM,Dec 5 2019 2:55:11.3120 PM,.0133
Start_Control_Bit,DRCB,startControlBits,PASS,,Dec 5 2019 2:55:11.3200 PM,Dec 5 2019 2:55:12.3750 PM,1.0558
BUILD_EVENT,SFCSupport,getAttribute,PASS,,Dec 5 2019 2:55:12.9010 PM,Dec 5 2019 2:55:13.0840 PM,.1829
BUILD_EVENT,SFCSupport,getAttribute,PASS,,Dec 5 2019 2:55:13.0890 PM,Dec 5 2019 2:55:13.0950 PM,.0057
BUILD_EVENT,SFCSupport,getAttribute,PASS,,Dec 5 2019 2:55:13.0970 PM,Dec 5 2019 2:55:13.1020 PM,.0043
BUILD_EVENT,SFCSupport,getAttribute,PASS,,Dec 5 2019 2:55:13.1070 PM,Dec 5 2019 2:55:13.1140 PM,.0069
KAI_FW,KAI,sendCommand,PASS,,Dec 5 2019 2:55:13.2080 PM,Dec 5 2019 2:55:13.2220 PM,.0134
Check_MLB_SN,StationReportPlugin,appendReportData,PASS,,Dec 5 2019 2:55:14.2860 PM,Dec 5 2019 2:55:14.2860 PM,.0003
Program_STFW,StationReportPlugin,appendReportData,PASS,,Dec 5 2019 2:57:20.2760 PM,Dec 5 2019 2:57:20.2760 PM,.0003
Program_STFW,KAI,sendCommand,PASS,,Dec 5 2019 2:57:25.3460 PM,Dec 5 2019 2:57:25.4550 PM,.1085
Program_STFW,KAI,sendCommand,PASS,,Dec 5 2019 2:57:25.4580 PM,Dec 5 2019 2:57:25.4930 PM,.0351
Program_STFW,KAI,sendCommand,PASS,,Dec 5 2019 2:57:25.4970 PM,Dec 5 2019 2:57:25.5090 PM,.0116
Program_STFW,KAI,sendCommand,PASS,,Dec 5 2019 2:57:25.5110 PM,Dec 5 2019 2:57:25.5250 PM,.0134
Program_STFW,KAI,sendCommand,PASS,,Dec 5 2019 2:57:29.6000 PM,Dec 5 2019 2:57:29.7190 PM,.1188
Program_STFW,KAI,sendCommand,PASS,,Dec 5 2019 2:57:29.7210 PM,Dec 5 2019 2:57:29.7470 PM,.0261
Program_STFW,KAI,sendCommand,PASS,,Dec 5 2019 2:57:29.7500 PM,Dec 5 2019 2:57:29.7630 PM,.0134
Program_STFW,KAI,sendCommand,PASS,,Dec 5 2019 2:57:29.7660 PM,Dec 5 2019 2:57:29.7800 PM,.0141
Program_MTFW,StationReportPlugin,appendReportData,PASS,,Dec 5 2019 2:58:00.2630 PM,Dec 5 2019 2:58:00.2630 PM,.0002
Program_MTFW,KAI,sendCommand,PASS,,Dec 5 2019 2:58:10.3410 PM,Dec 5 2019 2:58:10.4450 PM,.1039
Program_MTFW,KAI,sendCommand,PASS,,Dec 5 2019 2:58:10.4470 PM,Dec 5 2019 2:58:10.4870 PM,.0401
Program_MTFW,KAI,sendCommand,PASS,,Dec 5 2019 2:58:10.4900 PM,Dec 5 2019 2:58:10.5040 PM,.0135
Program_MTFW,KAI,sendCommand,PASS,,Dec 5 2019 2:58:10.5060 PM,Dec 5 2019 2:58:10.5200 PM,.0131
Program_MTFW,KAI,sendCommand,PASS,,Dec 5 2019 2:58:14.5900 PM,Dec 5 2019 2:58:14.7110 PM,.1207
Program_MTFW,KAI,sendCommand,PASS,,Dec 5 2019 2:58:14.7140 PM,Dec 5 2019 2:58:14.7380 PM,.0246
Program_MTFW,KAI,sendCommand,PASS,,Dec 5 2019 2:58:14.7420 PM,Dec 5 2019 2:58:14.7530 PM,.0119
Program_MTFW,KAI,sendCommand,PASS,,Dec 5 2019 2:58:14.7570 PM,Dec 5 2019 2:58:14.7700 PM,.0131
Program_CCG3FW,StationReportPlugin,appendReportData,PASS,,Dec 5 2019 2:59:01.6630 PM,Dec 5 2019 2:59:01.6630 PM,.0002
Program_CCG3FW,KAI,sendCommand,PASS,,Dec 5 2019 2:59:16.7330 PM,Dec 5 2019 2:59:16.8530 PM,.1194
Program_CCG3FW,KAI,sendCommand,PASS,,Dec 5 2019 2:59:16.8560 PM,Dec 5 2019 2:59:16.8800 PM,.0244
Program_CCG3FW,KAI,sendCommand,PASS,,Dec 5 2019 2:59:16.8830 PM,Dec 5 2019 2:59:16.8960 PM,.0135
Program_CCG3FW,KAI,sendCommand,PASS,,Dec 5 2019 2:59:16.8990 PM,Dec 5 2019 2:59:16.9120 PM,.0128
Finish_DRCB,DRCB,finish,PASS,,Dec 5 2019 2:59:23.1080 PM,Dec 5 2019 2:59:23.5830 PM,.4751
