document_version, 1.0
station_name,SW-DOWNLOAD
station_id,FXLH_F05-4FT-01_2_SW-DOWNLOAD
station_sw,Atlas
station_sw_version,Atlas

tag,start_time,duration
Scan_SN, 1568080730.86, 8.53
Start_Data_Reporting, 1568080739.39, 0.01
Start_Control_Bit, 1568080739.40, 0.33
Get_SFC_Info, 1568080739.73, 0.05
BUILD_EVENT, 1568080739.79, 0.00
S_BUILD, 1568080739.79, 0.00
WO_SN, 1568080739.79, 0.00
SUB_SN, 1568080739.79, 0.00
UNIT_LBL, 1568080739.80, 0.00
P203_FW_DEV, 1568080739.80, 0.02
EP_DISABLE_TP, 1568080739.82, 7.16
Auth_Check, 1568080746.98, 4.12
Query_MLB_SN, 1568080751.11, 0.00
Read_MLB_SN, 1568080751.11, 1.05
Check_MLB_SN, 1568080752.16, 0.00
Read_STFW_Version_Before_DL, 1568080752.17, 0.48
Read_MTFW_Version_Before_DL, 1568080752.64, 0.47
Read_CCG3_FW_Version_Before_DL, 1568080753.12, 0.91
Program_Main_FW, 1568080754.03, 42.35
Program_MTFW, 1568080796.39, 25.61
Read_Main_FW_Version_After_DL, 1568080822.00, 0.42
Read_MTFW_After_DL, 1568080822.42, 0.42
Read_CCG3_FW_After_DL, 1568080822.84, 0.85
Finish_DRCB, 1568080823.70, 0.58
full_test_durations, 1568080730.84, 93.44
