Related Test,Type,Name,Value
Scan_SN,Device,serialnumber,FTPZ902DP3LY
Start_Data_Reporting,Device,softwarename,Atlas 1.9.2
Start_Data_Reporting,Device,serialnumber,FTPZ902DP3LY
Start_Data_Reporting,Device,softwareversion,V2.2.1.0_forCYG
Start_Data_Reporting,Device,limitsversion,1
BUILD_EVENT,Device,Build_EVENT,R128-P2
S_BUILD,Device,S_BUILD,R128-P2_P22AEN-LHWTE
WO_SN,Device,WO_SN,WCR-J80006
SUB_SN,Device,P_SN,DKB93570049N5RQ0G
UNIT_LBL,Device,UNIT_LBL,R128-P2_P22AEN-LHWTE_C01010
P203_FW_DEV,Device,P203_FW,1.2.5-F(DVT)
Read_MLB_SN,Device,MLB_SN,DLX9362000MN4732X
Read_Main_FW_Version_After_DL,Device,STFW,0x0160
Read_MTFW_After_DL,Device,TOUCH_FW,0x0505
Read_CCG3_FW_After_DL,Device,ReadCCG3FW,A0 02 00 0A 00 0A 00 0A
