Related Test,Name-1,Name-2,Name-3,Status,Info,Measurement,Units,Upper Limit,Lower Limit,Relaxed Upper Limit,Relaxed Lower Limit,Limit Units,Start Time,End Time,Duration (s)
Scan_SN,,,,,,,,,,,,,Sep 10 2019 9:58:50.8610 AM,Sep 10 2019 9:58:59.3870 AM,8.5262
Scan_SN,Scan_SN,AtlasApp-Hyperion,show-form,PASS,,,,,,,,,Sep 10 2019 9:58:50.8620 AM,Sep 10 2019 9:58:53.4230 AM,2.5611
Scan_SN,Scan_SN,ECB,changeDelimiter,PASS,,,,,,,,,Sep 10 2019 9:58:53.4260 AM,Sep 10 2019 9:58:53.4260 AM,.0001
Scan_SN,Scan_SN,ECB,changeLineTerminator,PASS,,,,,,,,,Sep 10 2019 9:58:53.4280 AM,Sep 10 2019 9:58:53.4280 AM,0
Scan_SN,Scan_SN,ECB,open,PASS,,,,,,,,,Sep 10 2019 9:58:53.4290 AM,Sep 10 2019 9:58:54.9670 AM,1.537
Scan_SN,Scan_SN,ECB,read,PASS,,,,,,,,,Sep 10 2019 9:58:54.9680 AM,Sep 10 2019 9:58:54.9940 AM,.0255
Scan_SN,Scan_SN,P203,changeDelimiter,PASS,,,,,,,,,Sep 10 2019 9:58:54.9960 AM,Sep 10 2019 9:58:54.9960 AM,0
Scan_SN,Scan_SN,P203,changeLineTerminator,PASS,,,,,,,,,Sep 10 2019 9:58:54.9970 AM,Sep 10 2019 9:58:54.9970 AM,0
Scan_SN,Scan_SN,P203,open,PASS,,,,,,,,,Sep 10 2019 9:58:54.9990 AM,Sep 10 2019 9:58:56.5930 AM,1.5939
Scan_SN,Scan_SN,P203,read,PASS,,,,,,,,,Sep 10 2019 9:58:56.5950 AM,Sep 10 2019 9:58:56.6190 AM,.0245
Scan_SN,Scan_SN,[ECB] SIGNAL CONTROL(1),sendCommand,PASS,,,,,,,,,Sep 10 2019 9:58:57.1880 AM,Sep 10 2019 9:58:57.2170 AM,.0297
Scan_SN,Scan_SN,StationReportPlugin,isReporting,PASS,,,,,,,,,Sep 10 2019 9:58:59.3860 AM,Sep 10 2019 9:58:59.3860 AM,0
Start_Data_Reporting,,,,,,,,,,,,,Sep 10 2019 9:58:59.3900 AM,Sep 10 2019 9:58:59.4020 AM,.0121
Start_Data_Reporting,Start_Data_Reporting,DRCB,StartDataReporting,PASS,,,,,,,,,Sep 10 2019 9:58:59.3940 AM,Sep 10 2019 9:58:59.4020 AM,.008
Start_Control_Bit,,,,,,,,,,,,,Sep 10 2019 9:58:59.4050 AM,Sep 10 2019 9:58:59.7310 AM,.3266
Start_Control_Bit,Start_Control_Bit,DRCB,StartControlBits,PASS,,,,,,,,,Sep 10 2019 9:58:59.4060 AM,Sep 10 2019 9:58:59.7300 AM,.3243
Get_SFC_Info,,,,,,,,,,,,,Sep 10 2019 9:58:59.7330 AM,Sep 10 2019 9:58:59.7850 AM,.052
Get_SFC_Info,Get_SFC_Info,SFCSupport,getAttributes,PASS,,,,,,,,,Sep 10 2019 9:58:59.7350 AM,Sep 10 2019 9:58:59.7650 AM,.03
Get_SFC_Info,Get_SFC_Info,GET SFC info - wo_no,WCR-J80006,PASS,,,,,,,,,Sep 10 2019 9:58:59.7670 AM,Sep 10 2019 9:58:59.7670 AM,0
Get_SFC_Info,Get_SFC_Info,SFCSupport,getAttributes-2,PASS,,,,,,,,,Sep 10 2019 9:58:59.7680 AM,Sep 10 2019 9:58:59.7730 AM,.0052
Get_SFC_Info,Get_SFC_Info,GET SFC info - pansa,DKB93570049N5RQ0G,PASS,,,,,,,,,Sep 10 2019 9:58:59.7740 AM,Sep 10 2019 9:58:59.7740 AM,0
Get_SFC_Info,Get_SFC_Info,SFCSupport,getAttributes-3,PASS,,,,,,,,,Sep 10 2019 9:58:59.7750 AM,Sep 10 2019 9:58:59.7790 AM,.0042
Get_SFC_Info,Get_SFC_Info,GET SFC info - unit_lbl,R128-P2_P22AEN-LHWTE_C01010,PASS,,,,,,,,,Sep 10 2019 9:58:59.7800 AM,Sep 10 2019 9:58:59.7800 AM,0
Get_SFC_Info,Get_SFC_Info,SFCSupport,getAttributes-4,PASS,,,,,,,,,Sep 10 2019 9:58:59.7810 AM,Sep 10 2019 9:58:59.7850 AM,.0034
Get_SFC_Info,Get_SFC_Info,GET SFC info - mlb_sn,DLX9362000MN4732X,PASS,,,,,,,,,Sep 10 2019 9:58:59.7850 AM,Sep 10 2019 9:58:59.7850 AM,0
BUILD_EVENT,,,,,,,,,,,,,Sep 10 2019 9:58:59.7880 AM,Sep 10 2019 9:58:59.7880 AM,.0006
BUILD_EVENT,BUILD_EVENT,Build_EVENT,R128-P2,PASS,,,,,,,,,Sep 10 2019 9:58:59.7880 AM,Sep 10 2019 9:58:59.7880 AM,0
S_BUILD,,,,,,,,,,,,,Sep 10 2019 9:58:59.7900 AM,Sep 10 2019 9:58:59.7910 AM,.0005
S_BUILD,S_BUILD,S_BUILD,R128-P2_P22AEN-LHWTE,PASS,,,,,,,,,Sep 10 2019 9:58:59.7910 AM,Sep 10 2019 9:58:59.7910 AM,0
WO_SN,,,,,,,,,,,,,Sep 10 2019 9:58:59.7930 AM,Sep 10 2019 9:58:59.7930 AM,.0006
WO_SN,WO_SN,Get wo_no Pass,,PASS,,,,,,,,,Sep 10 2019 9:58:59.7930 AM,Sep 10 2019 9:58:59.7930 AM,0
SUB_SN,,,,,,,,,,,,,Sep 10 2019 9:58:59.7950 AM,Sep 10 2019 9:58:59.7960 AM,.0006
SUB_SN,SUB_SN,Get pansa Pass,,PASS,,,,,,,,,Sep 10 2019 9:58:59.7950 AM,Sep 10 2019 9:58:59.7950 AM,0
UNIT_LBL,,,,,,,,,,,,,Sep 10 2019 9:58:59.7970 AM,Sep 10 2019 9:58:59.7980 AM,.0006
UNIT_LBL,UNIT_LBL,Get unit_lbl Pass,,PASS,,,,,,,,,Sep 10 2019 9:58:59.7980 AM,Sep 10 2019 9:58:59.7980 AM,0
P203_FW_DEV,,,,,,,,,,,,,Sep 10 2019 9:58:59.8000 AM,Sep 10 2019 9:58:59.8210 AM,.0211
P203_FW_DEV,P203_FW_DEV,[P203] v,sendCommand,PASS,,,,,,,,,Sep 10 2019 9:58:59.8010 AM,Sep 10 2019 9:58:59.8200 AM,.0188
P203_FW_DEV,P203_FW_DEV,P203_FW_DEV,,PASS,,,,,,,,,Sep 10 2019 9:58:59.8210 AM,Sep 10 2019 9:58:59.8210 AM,0
EP_DISABLE_TP,,,,,,,,,,,,,Sep 10 2019 9:58:59.8230 AM,Sep 10 2019 9:59:06.9780 AM,7.1552
EP_DISABLE_TP,EP_DISABLE_TP,[Hid] /usr/local/bin/hidreport -p 0x026F -i 0 set 0x3D 0x3D 0x13 0x0 0x0 0x0,,PASS,,,,,,,,,Sep 10 2019 9:58:59.9210 AM,Sep 10 2019 9:58:59.9210 AM,0
EP_DISABLE_TP,EP_DISABLE_TP,IOFileHandle,writeToFile,PASS,,,,,,,,,Sep 10 2019 9:58:59.9230 AM,Sep 10 2019 9:58:59.9230 AM,.0004
EP_DISABLE_TP,EP_DISABLE_TP,[Hid] /usr/local/bin/hidreport -p 0x026F -i 0 set 0x3E 0x3E 0x13 0x0 0x0 0x0 0x2,,PASS,,,,,,,,,Sep 10 2019 9:59:00.3850 AM,Sep 10 2019 9:59:00.3850 AM,0
EP_DISABLE_TP,EP_DISABLE_TP,IOFileHandle,writeToFile-2,PASS,,,,,,,,,Sep 10 2019 9:59:00.3860 AM,Sep 10 2019 9:59:00.3860 AM,.0001
EP_DISABLE_TP,EP_DISABLE_TP,[ECB] SIGNAL CONTROL(0),sendCommand,PASS,,,,,,,,,Sep 10 2019 9:59:00.7590 AM,Sep 10 2019 9:59:00.7800 AM,.0207
EP_DISABLE_TP,EP_DISABLE_TP,[ECB] SIGNAL CONTROL(1),sendCommand,PASS,,,,,,,,,Sep 10 2019 9:59:03.8500 AM,Sep 10 2019 9:59:03.8800 AM,.0295
EP_DISABLE_TP,EP_DISABLE_TP,P203,read,PASS,,,,,,,,,Sep 10 2019 9:59:06.9480 AM,Sep 10 2019 9:59:06.9480 AM,.0002
EP_DISABLE_TP,EP_DISABLE_TP,P203,read-2,PASS,,,,,,,,,Sep 10 2019 9:59:06.9490 AM,Sep 10 2019 9:59:06.9770 AM,.0279
Auth_Check,,,,,,,,,,,,,Sep 10 2019 9:59:06.9800 AM,Sep 10 2019 9:59:11.0960 AM,4.1151
Auth_Check,Auth_Check,P203,read,PASS,,,,,,,,,Sep 10 2019 9:59:06.9820 AM,Sep 10 2019 9:59:07.0050 AM,.0227
Auth_Check,Auth_Check,[P203] aid tx bd 1 3 24 71 4 10 0 00,sendCommandChars,PASS,,,,,,,,,Sep 10 2019 9:59:07.0060 AM,Sep 10 2019 9:59:07.0750 AM,.0684
Auth_Check,Auth_Check,P203,read-2,PASS,,,,,,,,,Sep 10 2019 9:59:07.0770 AM,Sep 10 2019 9:59:07.0780 AM,.0002
Auth_Check,Auth_Check,P203,read-3,PASS,,,,,,,,,Sep 10 2019 9:59:07.0790 AM,Sep 10 2019 9:59:07.1030 AM,.0246
Auth_Check,Auth_Check,P203,read-4,PASS,,,,,,,,,Sep 10 2019 9:59:07.1050 AM,Sep 10 2019 9:59:07.1280 AM,.0228
Auth_Check,Auth_Check,[P203] aid tx bd 2 2 24 71 4 10 8,sendCommandChars,PASS,,,,,,,,,Sep 10 2019 9:59:07.1300 AM,Sep 10 2019 9:59:07.1670 AM,.0362
Auth_Check,Auth_Check,1. Fetch device info,,PASS,,,,,,,,,Sep 10 2019 9:59:07.1690 AM,Sep 10 2019 9:59:07.1690 AM,0
Auth_Check,Auth_Check,      version: 0x07,,PASS,,,,,,,,,Sep 10 2019 9:59:07.1690 AM,Sep 10 2019 9:59:07.1690 AM,0
Auth_Check,Auth_Check,auth revision: 0x01,,PASS,,,,,,,,,Sep 10 2019 9:59:07.1690 AM,Sep 10 2019 9:59:07.1690 AM,0
Auth_Check,Auth_Check,auth protocol: 0x0300,,PASS,,,,,,,,,Sep 10 2019 9:59:07.1690 AM,Sep 10 2019 9:59:07.1690 AM,0
Auth_Check,Auth_Check,    device ID: 0x00000300,,PASS,,,,,,,,,Sep 10 2019 9:59:07.1690 AM,Sep 10 2019 9:59:07.1690 AM,0
Auth_Check,Auth_Check,P203,read-5,PASS,,,,,,,,,Sep 10 2019 9:59:07.1710 AM,Sep 10 2019 9:59:07.1710 AM,.0001
Auth_Check,Auth_Check,P203,read-6,PASS,,,,,,,,,Sep 10 2019 9:59:07.1720 AM,Sep 10 2019 9:59:07.1990 AM,.0267
Auth_Check,Auth_Check,[P203] aid tx bd 3 3 24 71 4 10 0 30,sendCommandChars,PASS,,,,,,,,,Sep 10 2019 9:59:07.2000 AM,Sep 10 2019 9:59:07.2350 AM,.0351
Auth_Check,Auth_Check,P203,read-7,PASS,,,,,,,,,Sep 10 2019 9:59:07.2380 AM,Sep 10 2019 9:59:07.2380 AM,.0002
Auth_Check,Auth_Check,P203,read-8,PASS,,,,,,,,,Sep 10 2019 9:59:07.2390 AM,Sep 10 2019 9:59:07.2690 AM,.0292
Auth_Check,Auth_Check,P203,read-9,PASS,,,,,,,,,Sep 10 2019 9:59:07.2710 AM,Sep 10 2019 9:59:07.2990 AM,.0284
Auth_Check,Auth_Check,[P203] aid tx bd 4 2 24 71 4 10 2,sendCommandChars,PASS,,,,,,,,,Sep 10 2019 9:59:07.3000 AM,Sep 10 2019 9:59:07.3340 AM,.0341
Auth_Check,Auth_Check,2. Fetch cert length,,PASS,,,,,,,,,Sep 10 2019 9:59:07.3360 AM,Sep 10 2019 9:59:07.3360 AM,0
Auth_Check,Auth_Check,P203,read-10,PASS,,,,,,,,,Sep 10 2019 9:59:07.3380 AM,Sep 10 2019 9:59:07.3380 AM,.0002
Auth_Check,Auth_Check,P203,read-11,PASS,,,,,,,,,Sep 10 2019 9:59:07.3390 AM,Sep 10 2019 9:59:07.3620 AM,.0232
Auth_Check,Auth_Check,[P203] aid tx bd 5 3 24 71 4 10 0 31,sendCommandChars,PASS,,,,,,,,,Sep 10 2019 9:59:07.3640 AM,Sep 10 2019 9:59:07.4000 AM,.0364
Auth_Check,Auth_Check,P203,read-12,PASS,,,,,,,,,Sep 10 2019 9:59:07.4030 AM,Sep 10 2019 9:59:07.4030 AM,.0002
Auth_Check,Auth_Check,P203,read-13,PASS,,,,,,,,,Sep 10 2019 9:59:07.4040 AM,Sep 10 2019 9:59:07.4290 AM,.0252
Auth_Check,Auth_Check,P203,read-14,PASS,,,,,,,,,Sep 10 2019 9:59:07.4310 AM,Sep 10 2019 9:59:07.4590 AM,.028
Auth_Check,Auth_Check,[P203] aid tx bd 6 2 24 71 4 10 23,sendCommandChars,PASS,,,,,,,,,Sep 10 2019 9:59:07.4600 AM,Sep 10 2019 9:59:07.4950 AM,.0343
Auth_Check,Auth_Check,P203,read-15,PASS,,,,,,,,,Sep 10 2019 9:59:07.4980 AM,Sep 10 2019 9:59:07.4990 AM,.0002
Auth_Check,Auth_Check,P203,read-16,PASS,,,,,,,,,Sep 10 2019 9:59:07.5000 AM,Sep 10 2019 9:59:07.5290 AM,.0295
Auth_Check,Auth_Check,P203,read-17,PASS,,,,,,,,,Sep 10 2019 9:59:07.5310 AM,Sep 10 2019 9:59:07.5600 AM,.0285
Auth_Check,Auth_Check,[P203] aid tx bd 7 2 24 71 4 10 23,sendCommandChars,PASS,,,,,,,,,Sep 10 2019 9:59:07.5610 AM,Sep 10 2019 9:59:07.5970 AM,.0359
Auth_Check,Auth_Check,P203,read-18,PASS,,,,,,,,,Sep 10 2019 9:59:07.6000 AM,Sep 10 2019 9:59:07.6000 AM,.0001
Auth_Check,Auth_Check,P203,read-19,PASS,,,,,,,,,Sep 10 2019 9:59:07.6010 AM,Sep 10 2019 9:59:07.6300 AM,.0287
Auth_Check,Auth_Check,P203,read-20,PASS,,,,,,,,,Sep 10 2019 9:59:07.6320 AM,Sep 10 2019 9:59:07.6600 AM,.0283
Auth_Check,Auth_Check,[P203] aid tx bd 8 2 24 71 4 10 23,sendCommandChars,PASS,,,,,,,,,Sep 10 2019 9:59:07.6620 AM,Sep 10 2019 9:59:07.6970 AM,.035
Auth_Check,Auth_Check,P203,read-21,PASS,,,,,,,,,Sep 10 2019 9:59:07.6990 AM,Sep 10 2019 9:59:07.6990 AM,.0001
Auth_Check,Auth_Check,P203,read-22,PASS,,,,,,,,,Sep 10 2019 9:59:07.7000 AM,Sep 10 2019 9:59:07.7300 AM,.0299
Auth_Check,Auth_Check,P203,read-23,PASS,,,,,,,,,Sep 10 2019 9:59:07.7320 AM,Sep 10 2019 9:59:07.7600 AM,.0282
Auth_Check,Auth_Check,[P203] aid tx bd 9 2 24 71 4 10 17,sendCommandChars,PASS,,,,,,,,,Sep 10 2019 9:59:07.7620 AM,Sep 10 2019 9:59:07.7980 AM,.0357
Auth_Check,Auth_Check,P203,read-24,PASS,,,,,,,,,Sep 10 2019 9:59:07.8010 AM,Sep 10 2019 9:59:07.8010 AM,.0002
Auth_Check,Auth_Check,P203,read-25,PASS,,,,,,,,,Sep 10 2019 9:59:07.8020 AM,Sep 10 2019 9:59:07.8310 AM,.0287
Auth_Check,Auth_Check,[P203] aid tx bd a 3 24 71 4 10 0 32,sendCommandChars,PASS,,,,,,,,,Sep 10 2019 9:59:07.8320 AM,Sep 10 2019 9:59:07.8670 AM,.0351
Auth_Check,Auth_Check,P203,read-26,PASS,,,,,,,,,Sep 10 2019 9:59:07.8700 AM,Sep 10 2019 9:59:07.8700 AM,.0001
Auth_Check,Auth_Check,P203,read-27,PASS,,,,,,,,,Sep 10 2019 9:59:07.8710 AM,Sep 10 2019 9:59:07.9010 AM,.0299
Auth_Check,Auth_Check,P203,read-28,PASS,,,,,,,,,Sep 10 2019 9:59:07.9030 AM,Sep 10 2019 9:59:07.9310 AM,.0281
Auth_Check,Auth_Check,[P203] aid tx bd b 2 24 71 4 10 23,sendCommandChars,PASS,,,,,,,,,Sep 10 2019 9:59:07.9320 AM,Sep 10 2019 9:59:07.9670 AM,.0349
Auth_Check,Auth_Check,P203,read-29,PASS,,,,,,,,,Sep 10 2019 9:59:07.9700 AM,Sep 10 2019 9:59:07.9700 AM,.0002
Auth_Check,Auth_Check,P203,read-30,PASS,,,,,,,,,Sep 10 2019 9:59:07.9710 AM,Sep 10 2019 9:59:07.9920 AM,.0208
Auth_Check,Auth_Check,P203,read-31,PASS,,,,,,,,,Sep 10 2019 9:59:07.9940 AM,Sep 10 2019 9:59:08.0220 AM,.0275
Auth_Check,Auth_Check,[P203] aid tx bd c 2 24 71 4 10 23,sendCommandChars,PASS,,,,,,,,,Sep 10 2019 9:59:08.0230 AM,Sep 10 2019 9:59:08.0580 AM,.035
Auth_Check,Auth_Check,P203,read-32,PASS,,,,,,,,,Sep 10 2019 9:59:08.0610 AM,Sep 10 2019 9:59:08.0610 AM,.0002
Auth_Check,Auth_Check,P203,read-33,PASS,,,,,,,,,Sep 10 2019 9:59:08.0620 AM,Sep 10 2019 9:59:08.0920 AM,.0298
Auth_Check,Auth_Check,P203,read-34,PASS,,,,,,,,,Sep 10 2019 9:59:08.0940 AM,Sep 10 2019 9:59:08.1220 AM,.0281
Auth_Check,Auth_Check,[P203] aid tx bd d 2 24 71 4 10 23,sendCommandChars,PASS,,,,,,,,,Sep 10 2019 9:59:08.1230 AM,Sep 10 2019 9:59:08.1610 AM,.0376
Auth_Check,Auth_Check,P203,read-35,PASS,,,,,,,,,Sep 10 2019 9:59:08.1640 AM,Sep 10 2019 9:59:08.1640 AM,.0002
Auth_Check,Auth_Check,P203,read-36,PASS,,,,,,,,,Sep 10 2019 9:59:08.1650 AM,Sep 10 2019 9:59:08.1920 AM,.0275
Auth_Check,Auth_Check,P203,read-37,PASS,,,,,,,,,Sep 10 2019 9:59:08.1940 AM,Sep 10 2019 9:59:08.2230 AM,.0283
Auth_Check,Auth_Check,[P203] aid tx bd e 2 24 71 4 10 17,sendCommandChars,PASS,,,,,,,,,Sep 10 2019 9:59:08.2240 AM,Sep 10 2019 9:59:08.2600 AM,.0357
Auth_Check,Auth_Check,P203,read-38,PASS,,,,,,,,,Sep 10 2019 9:59:08.2630 AM,Sep 10 2019 9:59:08.2630 AM,.0002
Auth_Check,Auth_Check,P203,read-39,PASS,,,,,,,,,Sep 10 2019 9:59:08.2640 AM,Sep 10 2019 9:59:08.2930 AM,.0285
Auth_Check,Auth_Check,[P203] aid tx bd f 3 24 71 4 10 0 33,sendCommandChars,PASS,,,,,,,,,Sep 10 2019 9:59:08.2940 AM,Sep 10 2019 9:59:08.3300 AM,.0356
Auth_Check,Auth_Check,P203,read-40,PASS,,,,,,,,,Sep 10 2019 9:59:08.3320 AM,Sep 10 2019 9:59:08.3320 AM,.0002
Auth_Check,Auth_Check,P203,read-41,PASS,,,,,,,,,Sep 10 2019 9:59:08.3330 AM,Sep 10 2019 9:59:08.3610 AM,.0279
Auth_Check,Auth_Check,P203,read-42,PASS,,,,,,,,,Sep 10 2019 9:59:08.3630 AM,Sep 10 2019 9:59:08.3930 AM,.0298
Auth_Check,Auth_Check,[P203] aid tx bd 10 2 24 71 4 10 23,sendCommandChars,PASS,,,,,,,,,Sep 10 2019 9:59:08.3950 AM,Sep 10 2019 9:59:08.4300 AM,.036
Auth_Check,Auth_Check,P203,read-43,PASS,,,,,,,,,Sep 10 2019 9:59:08.4330 AM,Sep 10 2019 9:59:08.4330 AM,.0001
Auth_Check,Auth_Check,P203,read-44,PASS,,,,,,,,,Sep 10 2019 9:59:08.4340 AM,Sep 10 2019 9:59:08.4630 AM,.0289
Auth_Check,Auth_Check,P203,read-45,PASS,,,,,,,,,Sep 10 2019 9:59:08.4650 AM,Sep 10 2019 9:59:08.4940 AM,.0284
Auth_Check,Auth_Check,[P203] aid tx bd 11 2 24 71 4 10 23,sendCommandChars,PASS,,,,,,,,,Sep 10 2019 9:59:08.4950 AM,Sep 10 2019 9:59:08.5300 AM,.0351
Auth_Check,Auth_Check,P203,read-46,PASS,,,,,,,,,Sep 10 2019 9:59:08.5330 AM,Sep 10 2019 9:59:08.5330 AM,.0001
Auth_Check,Auth_Check,P203,read-47,PASS,,,,,,,,,Sep 10 2019 9:59:08.5340 AM,Sep 10 2019 9:59:08.5640 AM,.0296
Auth_Check,Auth_Check,P203,read-48,PASS,,,,,,,,,Sep 10 2019 9:59:08.5660 AM,Sep 10 2019 9:59:08.5940 AM,.0284
Auth_Check,Auth_Check,[P203] aid tx bd 12 2 24 71 4 10 23,sendCommandChars,PASS,,,,,,,,,Sep 10 2019 9:59:08.5950 AM,Sep 10 2019 9:59:08.6310 AM,.0356
Auth_Check,Auth_Check,P203,read-49,PASS,,,,,,,,,Sep 10 2019 9:59:08.6340 AM,Sep 10 2019 9:59:08.6340 AM,.0001
Auth_Check,Auth_Check,P203,read-50,PASS,,,,,,,,,Sep 10 2019 9:59:08.6350 AM,Sep 10 2019 9:59:08.6640 AM,.0293
Auth_Check,Auth_Check,P203,read-51,PASS,,,,,,,,,Sep 10 2019 9:59:08.6660 AM,Sep 10 2019 9:59:08.6940 AM,.0284
Auth_Check,Auth_Check,[P203] aid tx bd 13 2 24 71 4 10 17,sendCommandChars,PASS,,,,,,,,,Sep 10 2019 9:59:08.6960 AM,Sep 10 2019 9:59:08.7320 AM,.036
Auth_Check,Auth_Check,P203,read-52,PASS,,,,,,,,,Sep 10 2019 9:59:08.7350 AM,Sep 10 2019 9:59:08.7350 AM,.0001
Auth_Check,Auth_Check,P203,read-53,PASS,,,,,,,,,Sep 10 2019 9:59:08.7360 AM,Sep 10 2019 9:59:08.7650 AM,.0283
Auth_Check,Auth_Check,[P203] aid tx bd 14 3 24 71 4 10 0 34,sendCommandChars,PASS,,,,,,,,,Sep 10 2019 9:59:08.7660 AM,Sep 10 2019 9:59:08.8020 AM,.0356
Auth_Check,Auth_Check,P203,read-54,PASS,,,,,,,,,Sep 10 2019 9:59:08.8040 AM,Sep 10 2019 9:59:08.8040 AM,.0002
Auth_Check,Auth_Check,P203,read-55,PASS,,,,,,,,,Sep 10 2019 9:59:08.8060 AM,Sep 10 2019 9:59:08.8350 AM,.0293
Auth_Check,Auth_Check,P203,read-56,PASS,,,,,,,,,Sep 10 2019 9:59:08.8370 AM,Sep 10 2019 9:59:08.8650 AM,.0284
Auth_Check,Auth_Check,[P203] aid tx bd 15 2 24 71 4 10 23,sendCommandChars,PASS,,,,,,,,,Sep 10 2019 9:59:08.8670 AM,Sep 10 2019 9:59:08.9030 AM,.036
Auth_Check,Auth_Check,P203,read-57,PASS,,,,,,,,,Sep 10 2019 9:59:08.9050 AM,Sep 10 2019 9:59:08.9050 AM,.0001
Auth_Check,Auth_Check,P203,read-58,PASS,,,,,,,,,Sep 10 2019 9:59:08.9070 AM,Sep 10 2019 9:59:08.9350 AM,.0288
Auth_Check,Auth_Check,P203,read-59,PASS,,,,,,,,,Sep 10 2019 9:59:08.9370 AM,Sep 10 2019 9:59:08.9660 AM,.0284
Auth_Check,Auth_Check,[P203] aid tx bd 16 2 24 71 4 10 23,sendCommandChars,PASS,,,,,,,,,Sep 10 2019 9:59:08.9670 AM,Sep 10 2019 9:59:09.0020 AM,.0353
Auth_Check,Auth_Check,P203,read-60,PASS,,,,,,,,,Sep 10 2019 9:59:09.0050 AM,Sep 10 2019 9:59:09.0050 AM,.0002
Auth_Check,Auth_Check,P203,read-61,PASS,,,,,,,,,Sep 10 2019 9:59:09.0060 AM,Sep 10 2019 9:59:09.0360 AM,.0295
Auth_Check,Auth_Check,P203,read-62,PASS,,,,,,,,,Sep 10 2019 9:59:09.0380 AM,Sep 10 2019 9:59:09.0660 AM,.0282
Auth_Check,Auth_Check,[P203] aid tx bd 17 2 24 71 4 10 23,sendCommandChars,PASS,,,,,,,,,Sep 10 2019 9:59:09.0670 AM,Sep 10 2019 9:59:09.1030 AM,.0358
Auth_Check,Auth_Check,P203,read-63,PASS,,,,,,,,,Sep 10 2019 9:59:09.1060 AM,Sep 10 2019 9:59:09.1060 AM,.0001
Auth_Check,Auth_Check,P203,read-64,PASS,,,,,,,,,Sep 10 2019 9:59:09.1070 AM,Sep 10 2019 9:59:09.1310 AM,.0235
Auth_Check,Auth_Check,P203,read-65,PASS,,,,,,,,,Sep 10 2019 9:59:09.1340 AM,Sep 10 2019 9:59:09.1540 AM,.0207
Auth_Check,Auth_Check,[P203] aid tx bd 18 2 24 71 4 10 17,sendCommandChars,PASS,,,,,,,,,Sep 10 2019 9:59:09.1560 AM,Sep 10 2019 9:59:09.1920 AM,.0362
Auth_Check,Auth_Check,P203,read-66,PASS,,,,,,,,,Sep 10 2019 9:59:09.1950 AM,Sep 10 2019 9:59:09.1950 AM,.0001
Auth_Check,Auth_Check,P203,read-67,PASS,,,,,,,,,Sep 10 2019 9:59:09.1960 AM,Sep 10 2019 9:59:09.2270 AM,.0301
Auth_Check,Auth_Check,[P203] aid tx bd 19 3 24 71 4 10 0 35,sendCommandChars,PASS,,,,,,,,,Sep 10 2019 9:59:09.2280 AM,Sep 10 2019 9:59:09.2630 AM,.0349
Auth_Check,Auth_Check,P203,read-68,PASS,,,,,,,,,Sep 10 2019 9:59:09.2650 AM,Sep 10 2019 9:59:09.2660 AM,.0001
Auth_Check,Auth_Check,P203,read-69,PASS,,,,,,,,,Sep 10 2019 9:59:09.2670 AM,Sep 10 2019 9:59:09.2970 AM,.0302
Auth_Check,Auth_Check,P203,read-70,PASS,,,,,,,,,Sep 10 2019 9:59:09.2990 AM,Sep 10 2019 9:59:09.3210 AM,.0221
Auth_Check,Auth_Check,[P203] aid tx bd 1a 2 24 71 4 10 23,sendCommandChars,PASS,,,,,,,,,Sep 10 2019 9:59:09.3220 AM,Sep 10 2019 9:59:09.3430 AM,.0204
Auth_Check,Auth_Check,P203,read-71,PASS,,,,,,,,,Sep 10 2019 9:59:09.3450 AM,Sep 10 2019 9:59:09.3590 AM,.0131
Auth_Check,Auth_Check,P203,read-72,PASS,,,,,,,,,Sep 10 2019 9:59:09.3600 AM,Sep 10 2019 9:59:09.3870 AM,.0273
Auth_Check,Auth_Check,P203,read-73,PASS,,,,,,,,,Sep 10 2019 9:59:09.3890 AM,Sep 10 2019 9:59:09.4170 AM,.0284
Auth_Check,Auth_Check,[P203] aid tx bd 1b 2 24 71 4 10 23,sendCommandChars,PASS,,,,,,,,,Sep 10 2019 9:59:09.4190 AM,Sep 10 2019 9:59:09.4560 AM,.0366
Auth_Check,Auth_Check,P203,read-74,PASS,,,,,,,,,Sep 10 2019 9:59:09.4580 AM,Sep 10 2019 9:59:09.4580 AM,.0001
Auth_Check,Auth_Check,P203,read-75,PASS,,,,,,,,,Sep 10 2019 9:59:09.4600 AM,Sep 10 2019 9:59:09.4800 AM,.0208
Auth_Check,Auth_Check,P203,read-76,PASS,,,,,,,,,Sep 10 2019 9:59:09.4820 AM,Sep 10 2019 9:59:09.5080 AM,.0256
Auth_Check,Auth_Check,[P203] aid tx bd 1c 2 24 71 4 10 1a,sendCommandChars,PASS,,,,,,,,,Sep 10 2019 9:59:09.5090 AM,Sep 10 2019 9:59:09.5440 AM,.0352
Auth_Check,Auth_Check,3. Fetch cert,,PASS,,,,,,,,,Sep 10 2019 9:59:09.5460 AM,Sep 10 2019 9:59:09.5460 AM,0
Auth_Check,Auth_Check,IOFileHandle,writeCertFile,PASS,,,,,,,,,Sep 10 2019 9:59:09.5490 AM,Sep 10 2019 9:59:09.5550 AM,.0062
Auth_Check,Auth_Check,4. Save cert,,PASS,,,,,,,,,Sep 10 2019 9:59:09.5570 AM,Sep 10 2019 9:59:09.5570 AM,0
Auth_Check,Auth_Check,[Hid] /usr/local/bin/mfi-cert validate-cert v3 /Users/gdlocal/Intelli_Log/cert.der,,PASS,,,,,,,,,Sep 10 2019 9:59:09.5950 AM,Sep 10 2019 9:59:09.5950 AM,0
Auth_Check,Auth_Check,IOFileHandle,writeToFile,PASS,,,,,,,,,Sep 10 2019 9:59:09.5960 AM,Sep 10 2019 9:59:09.5960 AM,.0002
Auth_Check,Auth_Check,5. Validate cert,,PASS,,,,,,,,,Sep 10 2019 9:59:09.5970 AM,Sep 10 2019 9:59:09.5970 AM,0
Auth_Check,Auth_Check,[Hid] /usr/local/bin/mfi-cert gen-challenge /Users/gdlocal/Intelli_Log/cert.der /Users/gdlocal/Intelli_Log/challenge.bin,,PASS,,,,,,,,,Sep 10 2019 9:59:09.6300 AM,Sep 10 2019 9:59:09.6300 AM,0
Auth_Check,Auth_Check,IOFileHandle,writeToFile-2,PASS,,,,,,,,,Sep 10 2019 9:59:09.6320 AM,Sep 10 2019 9:59:09.6320 AM,.0001
Auth_Check,Auth_Check,6. Generate challenge,,PASS,,,,,,,,,Sep 10 2019 9:59:09.6330 AM,Sep 10 2019 9:59:09.6330 AM,0
Auth_Check,Auth_Check,P203,read-77,PASS,,,,,,,,,Sep 10 2019 9:59:09.6410 AM,Sep 10 2019 9:59:09.6410 AM,.0001
Auth_Check,Auth_Check,P203,read-78,PASS,,,,,,,,,Sep 10 2019 9:59:09.6420 AM,Sep 10 2019 9:59:09.6680 AM,.026
Auth_Check,Auth_Check,[P203] aid tx bd 1d 5 24 71 4 10 0 20 00 20,sendCommandChars,PASS,,,,,,,,,Sep 10 2019 9:59:09.6700 AM,Sep 10 2019 9:59:09.7070 AM,.0378
Auth_Check,Auth_Check,P203,read-79,PASS,,,,,,,,,Sep 10 2019 9:59:09.7110 AM,Sep 10 2019 9:59:09.7120 AM,.0002
Auth_Check,Auth_Check,P203,read-80,PASS,,,,,,,,,Sep 10 2019 9:59:09.7130 AM,Sep 10 2019 9:59:09.7380 AM,.0255
Auth_Check,Auth_Check,[P203] aid tx bd 1e 23 24 71 4 10 0 21 30 f3 eb 61 fa e2 55 f4 55 fc 85 63 bb 39 0c 19 98 ff 46 3d 44 16 b1 7d 9c db 56 92 16 00 66 98,sendCommandChars,PASS,,,,,,,,,Sep 10 2019 9:59:09.7400 AM,Sep 10 2019 9:59:09.8080 AM,.0684
Auth_Check,Auth_Check,P203,read-81,PASS,,,,,,,,,Sep 10 2019 9:59:09.8110 AM,Sep 10 2019 9:59:09.8110 AM,.0001
Auth_Check,Auth_Check,P203,read-82,PASS,,,,,,,,,Sep 10 2019 9:59:09.8130 AM,Sep 10 2019 9:59:09.8390 AM,.0262
Auth_Check,Auth_Check,[P203] aid tx bd 1f 4 24 71 4 10 0 10 01,sendCommandChars,PASS,,,,,,,,,Sep 10 2019 9:59:09.8400 AM,Sep 10 2019 9:59:09.8760 AM,.0359
Auth_Check,Auth_Check,P203,read-83,PASS,,,,,,,,,Sep 10 2019 9:59:10.4540 AM,Sep 10 2019 9:59:10.4540 AM,.0002
Auth_Check,Auth_Check,P203,read-84,PASS,,,,,,,,,Sep 10 2019 9:59:10.4550 AM,Sep 10 2019 9:59:10.4780 AM,.023
Auth_Check,Auth_Check,[P203] aid tx bd 20 3 24 71 4 10 0 10,sendCommandChars,PASS,,,,,,,,,Sep 10 2019 9:59:10.4790 AM,Sep 10 2019 9:59:10.5460 AM,.0664
Auth_Check,Auth_Check,P203,read-85,PASS,,,,,,,,,Sep 10 2019 9:59:10.5480 AM,Sep 10 2019 9:59:10.5480 AM,.0001
Auth_Check,Auth_Check,P203,read-86,PASS,,,,,,,,,Sep 10 2019 9:59:10.5500 AM,Sep 10 2019 9:59:10.5730 AM,.0234
Auth_Check,Auth_Check,P203,read-87,PASS,,,,,,,,,Sep 10 2019 9:59:10.5750 AM,Sep 10 2019 9:59:10.6030 AM,.0282
Auth_Check,Auth_Check,[P203] aid tx bd 21 2 24 71 4 10 1,sendCommandChars,PASS,,,,,,,,,Sep 10 2019 9:59:10.6050 AM,Sep 10 2019 9:59:10.6250 AM,.0202
Auth_Check,Auth_Check,7. Send challenge,,PASS,,,,,,,,,Sep 10 2019 9:59:10.6270 AM,Sep 10 2019 9:59:10.6270 AM,0
Auth_Check,Auth_Check,P203,read-88,PASS,,,,,,,,,Sep 10 2019 9:59:10.6280 AM,Sep 10 2019 9:59:10.6400 AM,.0122
Auth_Check,Auth_Check,P203,read-89,PASS,,,,,,,,,Sep 10 2019 9:59:10.6420 AM,Sep 10 2019 9:59:10.6630 AM,.0212
Auth_Check,Auth_Check,[P203] aid tx bd 22 3 24 71 4 10 0 11,sendCommandChars,PASS,,,,,,,,,Sep 10 2019 9:59:10.6650 AM,Sep 10 2019 9:59:10.6860 AM,.0211
Auth_Check,Auth_Check,P203,read-90,PASS,,,,,,,,,Sep 10 2019 9:59:10.6880 AM,Sep 10 2019 9:59:10.6890 AM,.0001
Auth_Check,Auth_Check,P203,read-91,PASS,,,,,,,,,Sep 10 2019 9:59:10.6900 AM,Sep 10 2019 9:59:10.7120 AM,.0222
Auth_Check,Auth_Check,P203,read-92,PASS,,,,,,,,,Sep 10 2019 9:59:10.7140 AM,Sep 10 2019 9:59:10.7430 AM,.0297
Auth_Check,Auth_Check,[P203] aid tx bd 23 2 24 71 4 10 2,sendCommandChars,PASS,,,,,,,,,Sep 10 2019 9:59:10.7450 AM,Sep 10 2019 9:59:10.7650 AM,.0199
Auth_Check,Auth_Check,P203,read-93,PASS,,,,,,,,,Sep 10 2019 9:59:10.7680 AM,Sep 10 2019 9:59:10.7800 AM,.0119
Auth_Check,Auth_Check,P203,read-94,PASS,,,,,,,,,Sep 10 2019 9:59:10.7820 AM,Sep 10 2019 9:59:10.8040 AM,.0222
Auth_Check,Auth_Check,[P203] aid tx bd 24 3 24 71 4 10 0 12,sendCommandChars,PASS,,,,,,,,,Sep 10 2019 9:59:10.8050 AM,Sep 10 2019 9:59:10.8270 AM,.0216
Auth_Check,Auth_Check,P203,read-95,PASS,,,,,,,,,Sep 10 2019 9:59:10.8290 AM,Sep 10 2019 9:59:10.8420 AM,.0127
Auth_Check,Auth_Check,P203,read-96,PASS,,,,,,,,,Sep 10 2019 9:59:10.8430 AM,Sep 10 2019 9:59:10.8690 AM,.0254
Auth_Check,Auth_Check,P203,read-97,PASS,,,,,,,,,Sep 10 2019 9:59:10.8710 AM,Sep 10 2019 9:59:10.8940 AM,.0234
Auth_Check,Auth_Check,[P203] aid tx bd 25 2 24 71 4 10 23,sendCommandChars,PASS,,,,,,,,,Sep 10 2019 9:59:10.8960 AM,Sep 10 2019 9:59:10.9310 AM,.0357
Auth_Check,Auth_Check,P203,read-98,PASS,,,,,,,,,Sep 10 2019 9:59:10.9340 AM,Sep 10 2019 9:59:10.9340 AM,.0002
Auth_Check,Auth_Check,P203,read-99,PASS,,,,,,,,,Sep 10 2019 9:59:10.9360 AM,Sep 10 2019 9:59:10.9560 AM,.0208
Auth_Check,Auth_Check,P203,read-100,PASS,,,,,,,,,Sep 10 2019 9:59:10.9580 AM,Sep 10 2019 9:59:10.9850 AM,.0262
Auth_Check,Auth_Check,[P203] aid tx bd 26 2 24 71 4 10 1d,sendCommandChars,PASS,,,,,,,,,Sep 10 2019 9:59:10.9860 AM,Sep 10 2019 9:59:11.0210 AM,.035
Auth_Check,Auth_Check,IOFileHandle,writeCertFile-2,PASS,,,,,,,,,Sep 10 2019 9:59:11.0240 AM,Sep 10 2019 9:59:11.0260 AM,.0017
Auth_Check,Auth_Check,8. Get challenge response,,PASS,,,,,,,,,Sep 10 2019 9:59:11.0270 AM,Sep 10 2019 9:59:11.0270 AM,0
Auth_Check,Auth_Check,[Hid] /usr/local/bin/mfi-cert verify-response /Users/gdlocal/Intelli_Log/cert.der /Users/gdlocal/Intelli_Log/challenge.bin /Users/gdlocal/Intelli_Log/challenge_resp.bin,,PASS,,,,,,,,,Sep 10 2019 9:59:11.0860 AM,Sep 10 2019 9:59:11.0860 AM,0
Auth_Check,Auth_Check,IOFileHandle,writeToFile-3,PASS,,,,,,,,,Sep 10 2019 9:59:11.0880 AM,Sep 10 2019 9:59:11.0940 AM,.006
Auth_Check,Auth_Check,9. Verify challenge response,,PASS,,,,,,,,,Sep 10 2019 9:59:11.0950 AM,Sep 10 2019 9:59:11.0950 AM,0
Query_MLB_SN,,,,,,,,,,,,,Sep 10 2019 9:59:11.1100 AM,Sep 10 2019 9:59:11.1110 AM,.0005
Query_MLB_SN,Query_MLB_SN,Query_MLB_SN,DLX9362000MN4732X,PASS,,,,,,,,,Sep 10 2019 9:59:11.1110 AM,Sep 10 2019 9:59:11.1110 AM,0
Read_MLB_SN,,,,,,,,,,,,,Sep 10 2019 9:59:11.1130 AM,Sep 10 2019 9:59:12.1610 AM,1.0485
Read_MLB_SN,Read_MLB_SN,[Hid] /usr/local/bin/hidreport -v 0x05ac -p 0x026F -i 0 get 0x12,,PASS,,,,,,,,,Sep 10 2019 9:59:11.7840 AM,Sep 10 2019 9:59:11.7840 AM,0
Read_MLB_SN,Read_MLB_SN,IOFileHandle,writeToFile,PASS,,,,,,,,,Sep 10 2019 9:59:11.7860 AM,Sep 10 2019 9:59:11.7860 AM,.0001
Read_MLB_SN,Read_MLB_SN,Read_MLB_SN,DLX9362000MN4732X,PASS,,,,,,,,,Sep 10 2019 9:59:12.1610 AM,Sep 10 2019 9:59:12.1610 AM,0
Check_MLB_SN,,,,,,,,,,,,,Sep 10 2019 9:59:12.1640 AM,Sep 10 2019 9:59:12.1650 AM,.0019
Check_MLB_SN,Check_MLB_SN,Check_MLB_SN,,PASS,,,,,,,,,Sep 10 2019 9:59:12.1640 AM,Sep 10 2019 9:59:12.1640 AM,0
Check_MLB_SN,Check_MLB_SN,StationReportPlugin,appendReportData,PASS,,,,,,,,,Sep 10 2019 9:59:12.1650 AM,Sep 10 2019 9:59:12.1650 AM,0
Read_STFW_Version_Before_DL,,,,,,,,,,,,,Sep 10 2019 9:59:12.1670 AM,Sep 10 2019 9:59:12.6420 AM,.4749
Read_STFW_Version_Before_DL,Read_STFW_Version_Before_DL,[Hid] /usr/local/bin/hidreport -p 0x026F -i 0 get 0xB4,,PASS,,,,,,,,,Sep 10 2019 9:59:12.2640 AM,Sep 10 2019 9:59:12.2640 AM,0
Read_STFW_Version_Before_DL,Read_STFW_Version_Before_DL,IOFileHandle,writeToFile,PASS,,,,,,,,,Sep 10 2019 9:59:12.2650 AM,Sep 10 2019 9:59:12.2650 AM,.0001
Read_STFW_Version_Before_DL,Read_STFW_Version_Before_DL,Read_STFW_Version_Before_DL,0x0160,PASS,,,,,,,,,Sep 10 2019 9:59:12.6420 AM,Sep 10 2019 9:59:12.6420 AM,0
Read_STFW_Version_Before_DL,Read_STFW_Version_Before_DL,,,PASS,,352,NA,,,,,NA,Sep 10 2019 9:59:12.6420 AM,Sep 10 2019 9:59:12.6420 AM,0
Read_MTFW_Version_Before_DL,,,,,,,,,,,,,Sep 10 2019 9:59:12.6450 AM,Sep 10 2019 9:59:13.1160 AM,.471
Read_MTFW_Version_Before_DL,Read_MTFW_Version_Before_DL,[Hid] /usr/local/bin/hidreport -p 0x026F -i 0 get 0xbb,,PASS,,,,,,,,,Sep 10 2019 9:59:12.7470 AM,Sep 10 2019 9:59:12.7470 AM,0
Read_MTFW_Version_Before_DL,Read_MTFW_Version_Before_DL,IOFileHandle,writeToFile,PASS,,,,,,,,,Sep 10 2019 9:59:12.7480 AM,Sep 10 2019 9:59:12.7490 AM,.0001
Read_MTFW_Version_Before_DL,Read_MTFW_Version_Before_DL,Read_MTFW_Version_Before_DL,0x0505,PASS,,,,,,,,,Sep 10 2019 9:59:13.1160 AM,Sep 10 2019 9:59:13.1160 AM,0
Read_MTFW_Version_Before_DL,Read_MTFW_Version_Before_DL,,,PASS,,1285,NA,,,,,NA,Sep 10 2019 9:59:13.1160 AM,Sep 10 2019 9:59:13.1160 AM,0
Read_CCG3_FW_Version_Before_DL,,,,,,,,,,,,,Sep 10 2019 9:59:13.1190 AM,Sep 10 2019 9:59:14.0310 AM,.9117
Read_CCG3_FW_Version_Before_DL,Read_CCG3_FW_Version_Before_DL,"[Hid] /usr/local/bin/hidreport -v 0x05ac -p 0x026F -usage 0xff00,0xb set 0xCE 0xCE 6 6 0",,PASS,,,,,,,,,Sep 10 2019 9:59:13.2130 AM,Sep 10 2019 9:59:13.2130 AM,0
Read_CCG3_FW_Version_Before_DL,Read_CCG3_FW_Version_Before_DL,IOFileHandle,writeToFile,PASS,,,,,,,,,Sep 10 2019 9:59:13.2150 AM,Sep 10 2019 9:59:13.2150 AM,.0001
Read_CCG3_FW_Version_Before_DL,Read_CCG3_FW_Version_Before_DL,"[Hid] /usr/local/bin/hidreport -p 0x026F -usage 0xff00,0xb get 0xA0",,PASS,,,,,,,,,Sep 10 2019 9:59:13.6590 AM,Sep 10 2019 9:59:13.6590 AM,0
Read_CCG3_FW_Version_Before_DL,Read_CCG3_FW_Version_Before_DL,IOFileHandle,writeToFile-2,PASS,,,,,,,,,Sep 10 2019 9:59:13.6600 AM,Sep 10 2019 9:59:13.6600 AM,.0001
Read_CCG3_FW_Version_Before_DL,Read_CCG3_FW_Version_Before_DL,Read_CCG3_FW_Version_Before_DL,A0 02 00 0A 00 0A 00 0A,PASS,,,,,,,,,Sep 10 2019 9:59:14.0300 AM,Sep 10 2019 9:59:14.0300 AM,0
Program_Main_FW,,,,,,,,,,,,,Sep 10 2019 9:59:14.0330 AM,Sep 10 2019 9:59:56.3850 AM,42.352
Program_Main_FW,Program_Main_FW,[Hid] /usr/local/bin/hidreport -p 0x026F -i 0 get 0xBC,,PASS,,,,,,,,,Sep 10 2019 9:59:14.0840 AM,Sep 10 2019 9:59:14.0840 AM,0
Program_Main_FW,Program_Main_FW,IOFileHandle,writeToFile,PASS,,,,,,,,,Sep 10 2019 9:59:14.0860 AM,Sep 10 2019 9:59:14.0860 AM,.0004
Program_Main_FW,Program_Main_FW,[P203] ,sendCommand,PASS,,,,,,,,,Sep 10 2019 9:59:14.4640 AM,Sep 10 2019 9:59:14.4650 AM,.0008
Program_Main_FW,Program_Main_FW,[P203] flags ~ro,sendCommandChars,PASS,,,,,,,,,Sep 10 2019 9:59:14.4660 AM,Sep 10 2019 9:59:14.4710 AM,.005
Program_Main_FW,Program_Main_FW,P203,read,PASS,,,,,,,,,Sep 10 2019 9:59:14.4720 AM,Sep 10 2019 9:59:14.4720 AM,.0002
Program_Main_FW,Program_Main_FW,P203,read-2,PASS,,,,,,,,,Sep 10 2019 9:59:14.4740 AM,Sep 10 2019 9:59:14.4740 AM,.0002
Program_Main_FW,Program_Main_FW,P203,read-3,PASS,,,,,,,,,Sep 10 2019 9:59:14.4750 AM,Sep 10 2019 9:59:14.4750 AM,.0001
Program_Main_FW,Program_Main_FW,P203,read-4,PASS,,,,,,,,,Sep 10 2019 9:59:14.4760 AM,Sep 10 2019 9:59:14.5030 AM,.0267
Program_Main_FW,Program_Main_FW,[P203] aid hsena 1,sendCommandChars,PASS,,,,,,,,,Sep 10 2019 9:59:14.5040 AM,Sep 10 2019 9:59:14.5350 AM,.0306
Program_Main_FW,Program_Main_FW,P203,read-5,PASS,,,,,,,,,Sep 10 2019 9:59:14.5360 AM,Sep 10 2019 9:59:14.5370 AM,.0001
Program_Main_FW,Program_Main_FW,P203,read-6,PASS,,,,,,,,,Sep 10 2019 9:59:14.5380 AM,Sep 10 2019 9:59:14.5630 AM,.0252
Program_Main_FW,Program_Main_FW,HSAID enabled,,PASS,,,,,,,,,Sep 10 2019 9:59:14.5640 AM,Sep 10 2019 9:59:14.5640 AM,0
Program_Main_FW,Program_Main_FW,[Hid] /usr/local/bin/shfuc -n -v 0x05ac -p 0x026F -f /usr/local/bin/R128-v0x0160-dev-signed.128.P2.afu,,PASS,,,,,,,,,Sep 10 2019 9:59:46.7050 AM,Sep 10 2019 9:59:46.7050 AM,0
Program_Main_FW,Program_Main_FW,IOFileHandle,writeToFile-2,PASS,,,,,,,,,Sep 10 2019 9:59:46.7060 AM,Sep 10 2019 9:59:46.7070 AM,.0002
Program_Main_FW,Program_Main_FW,Program_Main_FW,,PASS,,,,,,,,,Sep 10 2019 9:59:47.0800 AM,Sep 10 2019 9:59:47.0800 AM,0
Program_Main_FW,Program_Main_FW,StationReportPlugin,appendReportData,PASS,,,,,,,,,Sep 10 2019 9:59:47.0810 AM,Sep 10 2019 9:59:47.0810 AM,0
Program_Main_FW,Program_Main_FW,[ECB] SIGNAL CONTROL(0),sendCommand,PASS,,,,,,,,,Sep 10 2019 9:59:50.1490 AM,Sep 10 2019 9:59:50.1820 AM,.0337
Program_Main_FW,Program_Main_FW,[ECB] SIGNAL CONTROL(1),sendCommand,PASS,,,,,,,,,Sep 10 2019 9:59:53.2570 AM,Sep 10 2019 9:59:53.2820 AM,.0252
Program_Main_FW,Program_Main_FW,P203,read-7,PASS,,,,,,,,,Sep 10 2019 9:59:56.3550 AM,Sep 10 2019 9:59:56.3840 AM,.0295
Program_MTFW,,,,,,,,,,,,,Sep 10 2019 9:59:56.3880 AM,Sep 10 2019 10:00:21.9990 AM,25.6108
Program_MTFW,Program_MTFW,[Hid] /usr/local/bin/hidreport -p 0x026F -i 0 get 0xBC,,PASS,,,,,,,,,Sep 10 2019 9:59:56.4350 AM,Sep 10 2019 9:59:56.4350 AM,0
Program_MTFW,Program_MTFW,IOFileHandle,writeToFile,PASS,,,,,,,,,Sep 10 2019 9:59:56.4360 AM,Sep 10 2019 9:59:56.4360 AM,.0001
Program_MTFW,Program_MTFW,[P203] ,sendCommand,PASS,,,,,,,,,Sep 10 2019 9:59:56.8090 AM,Sep 10 2019 9:59:56.8200 AM,.0113
Program_MTFW,Program_MTFW,[P203] flags ~ro,sendCommandChars,PASS,,,,,,,,,Sep 10 2019 9:59:56.8230 AM,Sep 10 2019 9:59:56.8260 AM,.0034
Program_MTFW,Program_MTFW,P203,read,PASS,,,,,,,,,Sep 10 2019 9:59:56.8270 AM,Sep 10 2019 9:59:56.8360 AM,.0083
Program_MTFW,Program_MTFW,P203,read-2,PASS,,,,,,,,,Sep 10 2019 9:59:56.8370 AM,Sep 10 2019 9:59:56.8370 AM,.0001
Program_MTFW,Program_MTFW,P203,read-3,PASS,,,,,,,,,Sep 10 2019 9:59:56.8380 AM,Sep 10 2019 9:59:56.8660 AM,.0281
Program_MTFW,Program_MTFW,[P203] aid hsena 1,sendCommandChars,PASS,,,,,,,,,Sep 10 2019 9:59:56.8680 AM,Sep 10 2019 9:59:56.9000 AM,.0322
Program_MTFW,Program_MTFW,P203,read-4,PASS,,,,,,,,,Sep 10 2019 9:59:56.9010 AM,Sep 10 2019 9:59:56.9010 AM,.0001
Program_MTFW,Program_MTFW,P203,read-5,PASS,,,,,,,,,Sep 10 2019 9:59:56.9020 AM,Sep 10 2019 9:59:56.9270 AM,.0241
Program_MTFW,Program_MTFW,HSAID enabled,,PASS,,,,,,,,,Sep 10 2019 9:59:56.9270 AM,Sep 10 2019 9:59:56.9270 AM,0
Program_MTFW,Program_MTFW,[Hid] /usr/local/bin/shfuc -n -v 0x05ac -p 0x026F -f /usr/local/bin/R128-MTFW-0x0505.HW3.dev-sig.afu,,PASS,,,,,,,,,Sep 10 2019 10:00:05.3420 AM,Sep 10 2019 10:00:05.3420 AM,0
Program_MTFW,Program_MTFW,IOFileHandle,writeToFile-2,PASS,,,,,,,,,Sep 10 2019 10:00:05.3440 AM,Sep 10 2019 10:00:05.3440 AM,.0002
Program_MTFW,Program_MTFW,Program_MTFW,,PASS,,,,,,,,,Sep 10 2019 10:00:05.7130 AM,Sep 10 2019 10:00:05.7130 AM,0
Program_MTFW,Program_MTFW,StationReportPlugin,appendReportData,PASS,,,,,,,,,Sep 10 2019 10:00:05.7140 AM,Sep 10 2019 10:00:05.7140 AM,0
Program_MTFW,Program_MTFW,[ECB] SIGNAL CONTROL(0),sendCommand,PASS,,,,,,,,,Sep 10 2019 10:00:15.7830 AM,Sep 10 2019 10:00:15.8100 AM,.0274
Program_MTFW,Program_MTFW,[ECB] SIGNAL CONTROL(1),sendCommand,PASS,,,,,,,,,Sep 10 2019 10:00:18.8810 AM,Sep 10 2019 10:00:18.8940 AM,.0133
Program_MTFW,Program_MTFW,P203,read-6,PASS,,,,,,,,,Sep 10 2019 10:00:21.9680 AM,Sep 10 2019 10:00:21.9980 AM,.0295
Read_Main_FW_Version_After_DL,,,,,,,,,,,,,Sep 10 2019 10:00:22.0020 AM,Sep 10 2019 10:00:22.4210 AM,.4191
Read_Main_FW_Version_After_DL,Read_Main_FW_Version_After_DL,[Hid] /usr/local/bin/hidreport -p 0x026F -i 0 get 0xB4,,PASS,,,,,,,,,Sep 10 2019 10:00:22.0460 AM,Sep 10 2019 10:00:22.0460 AM,0
Read_Main_FW_Version_After_DL,Read_Main_FW_Version_After_DL,IOFileHandle,writeToFile,PASS,,,,,,,,,Sep 10 2019 10:00:22.0480 AM,Sep 10 2019 10:00:22.0480 AM,.0001
Read_Main_FW_Version_After_DL,Read_Main_FW_Version_After_DL,Read_Main_FW_Version_After_DL,0x0160,PASS,,,,,,,,,Sep 10 2019 10:00:22.4200 AM,Sep 10 2019 10:00:22.4200 AM,0
Read_Main_FW_Version_After_DL,Read_Main_FW_Version_After_DL,,,PASS,,352,,352,352,,,,Sep 10 2019 10:00:22.4200 AM,Sep 10 2019 10:00:22.4200 AM,0
Read_MTFW_After_DL,,,,,,,,,,,,,Sep 10 2019 10:00:22.4250 AM,Sep 10 2019 10:00:22.8420 AM,.4174
Read_MTFW_After_DL,Read_MTFW_After_DL,[Hid] /usr/local/bin/hidreport -p 0x026F -i 0 get 0xbb,,PASS,,,,,,,,,Sep 10 2019 10:00:22.4720 AM,Sep 10 2019 10:00:22.4720 AM,0
Read_MTFW_After_DL,Read_MTFW_After_DL,IOFileHandle,writeToFile,PASS,,,,,,,,,Sep 10 2019 10:00:22.4740 AM,Sep 10 2019 10:00:22.4740 AM,.0001
Read_MTFW_After_DL,Read_MTFW_After_DL,Read_MTFW_After_DL,0x0505,PASS,,,,,,,,,Sep 10 2019 10:00:22.8420 AM,Sep 10 2019 10:00:22.8420 AM,0
Read_MTFW_After_DL,Read_MTFW_After_DL,,,PASS,,1285,,1285,1285,,,,Sep 10 2019 10:00:22.8420 AM,Sep 10 2019 10:00:22.8420 AM,0
Read_CCG3_FW_After_DL,,,,,,,,,,,,,Sep 10 2019 10:00:22.8450 AM,Sep 10 2019 10:00:23.6960 AM,.8517
Read_CCG3_FW_After_DL,Read_CCG3_FW_After_DL,"[Hid] /usr/local/bin/hidreport -v 0x05ac -p 0x026F -usage 0xff00,0xb set 0xCE 0xCE 6 6 0",,PASS,,,,,,,,,Sep 10 2019 10:00:22.8840 AM,Sep 10 2019 10:00:22.8840 AM,0
Read_CCG3_FW_After_DL,Read_CCG3_FW_After_DL,IOFileHandle,writeToFile,PASS,,,,,,,,,Sep 10 2019 10:00:22.8850 AM,Sep 10 2019 10:00:22.8860 AM,.0001
Read_CCG3_FW_After_DL,Read_CCG3_FW_After_DL,"[Hid] /usr/local/bin/hidreport -p 0x026F -usage 0xff00,0xb get 0xA0",,PASS,,,,,,,,,Sep 10 2019 10:00:23.3250 AM,Sep 10 2019 10:00:23.3250 AM,0
Read_CCG3_FW_After_DL,Read_CCG3_FW_After_DL,IOFileHandle,writeToFile-2,PASS,,,,,,,,,Sep 10 2019 10:00:23.3260 AM,Sep 10 2019 10:00:23.3260 AM,.0001
Read_CCG3_FW_After_DL,Read_CCG3_FW_After_DL,Read_CCG3_FW_After_DL,A0 02 00 0A 00 0A 00 0A,PASS,,,,,,,,,Sep 10 2019 10:00:23.6960 AM,Sep 10 2019 10:00:23.6960 AM,0
Finish_DRCB,,,,,,,,,,,,,Sep 10 2019 10:00:23.6990 AM,Sep 10 2019 10:00:24.2790 AM,.5802
Finish_DRCB,Finish_DRCB,DRCB,Finish,PASS,,,,,,,,,Sep 10 2019 10:00:23.7000 AM,Sep 10 2019 10:00:24.2450 AM,.5459
Finish_DRCB,Finish_DRCB,[ECB] FIXTURE STOP,sendCommand,PASS,,,,,,,,,Sep 10 2019 10:00:24.2470 AM,Sep 10 2019 10:00:24.2780 AM,.0306
