Test,Plugin,Command,Status,Info,Start Time,End Time,Duration (s)
Scan_SN,com.apple.hwte.atlas.AppPlugin,show-form,PASS,,Sep 10 2019 9:58:50.8620 AM,Sep 10 2019 9:58:53.4230 AM,2.5612
Scan_SN,ECB,changeDelimiter,PASS,,Sep 10 2019 9:58:53.4260 AM,Sep 10 2019 9:58:53.4260 AM,.0001
Scan_SN,ECB,changeLineTerminator,PASS,,Sep 10 2019 9:58:53.4280 AM,Sep 10 2019 9:58:53.4280 AM,0
Scan_SN,ECB,open,PASS,,Sep 10 2019 9:58:53.4290 AM,Sep 10 2019 9:58:54.9670 AM,1.537
Scan_SN,ECB,read,PASS,,Sep 10 2019 9:58:54.9680 AM,Sep 10 2019 9:58:54.9940 AM,.0255
Scan_SN,P203,changeDelimiter,PASS,,Sep 10 2019 9:58:54.9960 AM,Sep 10 2019 9:58:54.9960 AM,.0001
Scan_SN,P203,changeLineTerminator,PASS,,Sep 10 2019 9:58:54.9970 AM,Sep 10 2019 9:58:54.9970 AM,0
Scan_SN,P203,open,PASS,,Sep 10 2019 9:58:54.9990 AM,Sep 10 2019 9:58:56.5930 AM,1.594
Scan_SN,P203,read,PASS,,Sep 10 2019 9:58:56.5950 AM,Sep 10 2019 9:58:56.6190 AM,.0245
Scan_SN,ECB,sendCommand,PASS,,Sep 10 2019 9:58:57.1880 AM,Sep 10 2019 9:58:57.2170 AM,.0297
Scan_SN,StationReportPlugin,isReporting,PASS,,Sep 10 2019 9:58:59.3860 AM,Sep 10 2019 9:58:59.3860 AM,.0001
Start_Data_Reporting,DRCB,startDataReporting,PASS,,Sep 10 2019 9:58:59.3940 AM,Sep 10 2019 9:58:59.4020 AM,.008
Start_Control_Bit,DRCB,startControlBits,PASS,,Sep 10 2019 9:58:59.4060 AM,Sep 10 2019 9:58:59.7300 AM,.3243
Get_SFC_Info,SFCSupport,getAttribute,PASS,,Sep 10 2019 9:58:59.7350 AM,Sep 10 2019 9:58:59.7650 AM,.0301
Get_SFC_Info,SFCSupport,getAttribute,PASS,,Sep 10 2019 9:58:59.7680 AM,Sep 10 2019 9:58:59.7730 AM,.0052
Get_SFC_Info,SFCSupport,getAttribute,PASS,,Sep 10 2019 9:58:59.7750 AM,Sep 10 2019 9:58:59.7790 AM,.0042
Get_SFC_Info,SFCSupport,getAttribute,PASS,,Sep 10 2019 9:58:59.7810 AM,Sep 10 2019 9:58:59.7850 AM,.0035
P203_FW_DEV,P203,sendCommand,PASS,,Sep 10 2019 9:58:59.8010 AM,Sep 10 2019 9:58:59.8200 AM,.0188
EP_DISABLE_TP,IOFileHandle,writeToFile,PASS,,Sep 10 2019 9:58:59.9230 AM,Sep 10 2019 9:58:59.9230 AM,.0004
EP_DISABLE_TP,IOFileHandle,writeToFile,PASS,,Sep 10 2019 9:59:00.3860 AM,Sep 10 2019 9:59:00.3860 AM,.0002
EP_DISABLE_TP,ECB,sendCommand,PASS,,Sep 10 2019 9:59:00.7590 AM,Sep 10 2019 9:59:00.7800 AM,.0207
EP_DISABLE_TP,ECB,sendCommand,PASS,,Sep 10 2019 9:59:03.8500 AM,Sep 10 2019 9:59:03.8800 AM,.0295
EP_DISABLE_TP,P203,read,PASS,,Sep 10 2019 9:59:06.9480 AM,Sep 10 2019 9:59:06.9480 AM,.0002
EP_DISABLE_TP,P203,read,PASS,,Sep 10 2019 9:59:06.9490 AM,Sep 10 2019 9:59:06.9770 AM,.028
Auth_Check,P203,read,PASS,,Sep 10 2019 9:59:06.9820 AM,Sep 10 2019 9:59:07.0050 AM,.0227
Auth_Check,P203,sendCommandChars,PASS,,Sep 10 2019 9:59:07.0060 AM,Sep 10 2019 9:59:07.0750 AM,.0684
Auth_Check,P203,read,PASS,,Sep 10 2019 9:59:07.0770 AM,Sep 10 2019 9:59:07.0780 AM,.0002
Auth_Check,P203,read,PASS,,Sep 10 2019 9:59:07.0790 AM,Sep 10 2019 9:59:07.1030 AM,.0247
Auth_Check,P203,read,PASS,,Sep 10 2019 9:59:07.1050 AM,Sep 10 2019 9:59:07.1280 AM,.0229
Auth_Check,P203,sendCommandChars,PASS,,Sep 10 2019 9:59:07.1300 AM,Sep 10 2019 9:59:07.1670 AM,.0362
Auth_Check,P203,read,PASS,,Sep 10 2019 9:59:07.1710 AM,Sep 10 2019 9:59:07.1710 AM,.0002
Auth_Check,P203,read,PASS,,Sep 10 2019 9:59:07.1720 AM,Sep 10 2019 9:59:07.1990 AM,.0267
Auth_Check,P203,sendCommandChars,PASS,,Sep 10 2019 9:59:07.2000 AM,Sep 10 2019 9:59:07.2350 AM,.0351
Auth_Check,P203,read,PASS,,Sep 10 2019 9:59:07.2380 AM,Sep 10 2019 9:59:07.2380 AM,.0002
Auth_Check,P203,read,PASS,,Sep 10 2019 9:59:07.2390 AM,Sep 10 2019 9:59:07.2690 AM,.0292
Auth_Check,P203,read,PASS,,Sep 10 2019 9:59:07.2710 AM,Sep 10 2019 9:59:07.2990 AM,.0284
Auth_Check,P203,sendCommandChars,PASS,,Sep 10 2019 9:59:07.3000 AM,Sep 10 2019 9:59:07.3340 AM,.0341
Auth_Check,P203,read,PASS,,Sep 10 2019 9:59:07.3380 AM,Sep 10 2019 9:59:07.3380 AM,.0002
Auth_Check,P203,read,PASS,,Sep 10 2019 9:59:07.3390 AM,Sep 10 2019 9:59:07.3620 AM,.0232
Auth_Check,P203,sendCommandChars,PASS,,Sep 10 2019 9:59:07.3640 AM,Sep 10 2019 9:59:07.4000 AM,.0364
Auth_Check,P203,read,PASS,,Sep 10 2019 9:59:07.4030 AM,Sep 10 2019 9:59:07.4030 AM,.0002
Auth_Check,P203,read,PASS,,Sep 10 2019 9:59:07.4040 AM,Sep 10 2019 9:59:07.4290 AM,.0252
Auth_Check,P203,read,PASS,,Sep 10 2019 9:59:07.4310 AM,Sep 10 2019 9:59:07.4590 AM,.028
Auth_Check,P203,sendCommandChars,PASS,,Sep 10 2019 9:59:07.4600 AM,Sep 10 2019 9:59:07.4950 AM,.0344
Auth_Check,P203,read,PASS,,Sep 10 2019 9:59:07.4980 AM,Sep 10 2019 9:59:07.4990 AM,.0003
Auth_Check,P203,read,PASS,,Sep 10 2019 9:59:07.5000 AM,Sep 10 2019 9:59:07.5290 AM,.0295
Auth_Check,P203,read,PASS,,Sep 10 2019 9:59:07.5310 AM,Sep 10 2019 9:59:07.5600 AM,.0285
Auth_Check,P203,sendCommandChars,PASS,,Sep 10 2019 9:59:07.5610 AM,Sep 10 2019 9:59:07.5970 AM,.0359
Auth_Check,P203,read,PASS,,Sep 10 2019 9:59:07.6000 AM,Sep 10 2019 9:59:07.6000 AM,.0002
Auth_Check,P203,read,PASS,,Sep 10 2019 9:59:07.6010 AM,Sep 10 2019 9:59:07.6300 AM,.0287
Auth_Check,P203,read,PASS,,Sep 10 2019 9:59:07.6320 AM,Sep 10 2019 9:59:07.6600 AM,.0283
Auth_Check,P203,sendCommandChars,PASS,,Sep 10 2019 9:59:07.6620 AM,Sep 10 2019 9:59:07.6970 AM,.035
Auth_Check,P203,read,PASS,,Sep 10 2019 9:59:07.6990 AM,Sep 10 2019 9:59:07.6990 AM,.0002
Auth_Check,P203,read,PASS,,Sep 10 2019 9:59:07.7000 AM,Sep 10 2019 9:59:07.7300 AM,.0299
Auth_Check,P203,read,PASS,,Sep 10 2019 9:59:07.7320 AM,Sep 10 2019 9:59:07.7600 AM,.0282
Auth_Check,P203,sendCommandChars,PASS,,Sep 10 2019 9:59:07.7620 AM,Sep 10 2019 9:59:07.7980 AM,.0357
Auth_Check,P203,read,PASS,,Sep 10 2019 9:59:07.8010 AM,Sep 10 2019 9:59:07.8010 AM,.0002
Auth_Check,P203,read,PASS,,Sep 10 2019 9:59:07.8020 AM,Sep 10 2019 9:59:07.8310 AM,.0287
Auth_Check,P203,sendCommandChars,PASS,,Sep 10 2019 9:59:07.8320 AM,Sep 10 2019 9:59:07.8670 AM,.0351
Auth_Check,P203,read,PASS,,Sep 10 2019 9:59:07.8700 AM,Sep 10 2019 9:59:07.8700 AM,.0002
Auth_Check,P203,read,PASS,,Sep 10 2019 9:59:07.8710 AM,Sep 10 2019 9:59:07.9010 AM,.03
Auth_Check,P203,read,PASS,,Sep 10 2019 9:59:07.9030 AM,Sep 10 2019 9:59:07.9310 AM,.0281
Auth_Check,P203,sendCommandChars,PASS,,Sep 10 2019 9:59:07.9320 AM,Sep 10 2019 9:59:07.9670 AM,.0349
Auth_Check,P203,read,PASS,,Sep 10 2019 9:59:07.9700 AM,Sep 10 2019 9:59:07.9700 AM,.0002
Auth_Check,P203,read,PASS,,Sep 10 2019 9:59:07.9710 AM,Sep 10 2019 9:59:07.9920 AM,.0208
Auth_Check,P203,read,PASS,,Sep 10 2019 9:59:07.9940 AM,Sep 10 2019 9:59:08.0220 AM,.0275
Auth_Check,P203,sendCommandChars,PASS,,Sep 10 2019 9:59:08.0230 AM,Sep 10 2019 9:59:08.0580 AM,.035
Auth_Check,P203,read,PASS,,Sep 10 2019 9:59:08.0610 AM,Sep 10 2019 9:59:08.0610 AM,.0002
Auth_Check,P203,read,PASS,,Sep 10 2019 9:59:08.0620 AM,Sep 10 2019 9:59:08.0920 AM,.0298
Auth_Check,P203,read,PASS,,Sep 10 2019 9:59:08.0940 AM,Sep 10 2019 9:59:08.1220 AM,.0281
Auth_Check,P203,sendCommandChars,PASS,,Sep 10 2019 9:59:08.1230 AM,Sep 10 2019 9:59:08.1610 AM,.0377
Auth_Check,P203,read,PASS,,Sep 10 2019 9:59:08.1640 AM,Sep 10 2019 9:59:08.1640 AM,.0002
Auth_Check,P203,read,PASS,,Sep 10 2019 9:59:08.1650 AM,Sep 10 2019 9:59:08.1920 AM,.0276
Auth_Check,P203,read,PASS,,Sep 10 2019 9:59:08.1940 AM,Sep 10 2019 9:59:08.2230 AM,.0283
Auth_Check,P203,sendCommandChars,PASS,,Sep 10 2019 9:59:08.2240 AM,Sep 10 2019 9:59:08.2600 AM,.0357
Auth_Check,P203,read,PASS,,Sep 10 2019 9:59:08.2630 AM,Sep 10 2019 9:59:08.2630 AM,.0002
Auth_Check,P203,read,PASS,,Sep 10 2019 9:59:08.2640 AM,Sep 10 2019 9:59:08.2930 AM,.0285
Auth_Check,P203,sendCommandChars,PASS,,Sep 10 2019 9:59:08.2940 AM,Sep 10 2019 9:59:08.3300 AM,.0356
Auth_Check,P203,read,PASS,,Sep 10 2019 9:59:08.3320 AM,Sep 10 2019 9:59:08.3320 AM,.0002
Auth_Check,P203,read,PASS,,Sep 10 2019 9:59:08.3330 AM,Sep 10 2019 9:59:08.3610 AM,.0279
Auth_Check,P203,read,PASS,,Sep 10 2019 9:59:08.3630 AM,Sep 10 2019 9:59:08.3930 AM,.0298
Auth_Check,P203,sendCommandChars,PASS,,Sep 10 2019 9:59:08.3950 AM,Sep 10 2019 9:59:08.4310 AM,.036
Auth_Check,P203,read,PASS,,Sep 10 2019 9:59:08.4330 AM,Sep 10 2019 9:59:08.4330 AM,.0002
Auth_Check,P203,read,PASS,,Sep 10 2019 9:59:08.4340 AM,Sep 10 2019 9:59:08.4630 AM,.0289
Auth_Check,P203,read,PASS,,Sep 10 2019 9:59:08.4650 AM,Sep 10 2019 9:59:08.4940 AM,.0284
Auth_Check,P203,sendCommandChars,PASS,,Sep 10 2019 9:59:08.4950 AM,Sep 10 2019 9:59:08.5300 AM,.0351
Auth_Check,P203,read,PASS,,Sep 10 2019 9:59:08.5330 AM,Sep 10 2019 9:59:08.5330 AM,.0001
Auth_Check,P203,read,PASS,,Sep 10 2019 9:59:08.5340 AM,Sep 10 2019 9:59:08.5640 AM,.0296
Auth_Check,P203,read,PASS,,Sep 10 2019 9:59:08.5660 AM,Sep 10 2019 9:59:08.5940 AM,.0284
Auth_Check,P203,sendCommandChars,PASS,,Sep 10 2019 9:59:08.5950 AM,Sep 10 2019 9:59:08.6310 AM,.0356
Auth_Check,P203,read,PASS,,Sep 10 2019 9:59:08.6340 AM,Sep 10 2019 9:59:08.6340 AM,.0001
Auth_Check,P203,read,PASS,,Sep 10 2019 9:59:08.6350 AM,Sep 10 2019 9:59:08.6640 AM,.0294
Auth_Check,P203,read,PASS,,Sep 10 2019 9:59:08.6660 AM,Sep 10 2019 9:59:08.6950 AM,.0284
Auth_Check,P203,sendCommandChars,PASS,,Sep 10 2019 9:59:08.6960 AM,Sep 10 2019 9:59:08.7320 AM,.036
Auth_Check,P203,read,PASS,,Sep 10 2019 9:59:08.7350 AM,Sep 10 2019 9:59:08.7350 AM,.0002
Auth_Check,P203,read,PASS,,Sep 10 2019 9:59:08.7360 AM,Sep 10 2019 9:59:08.7650 AM,.0283
Auth_Check,P203,sendCommandChars,PASS,,Sep 10 2019 9:59:08.7660 AM,Sep 10 2019 9:59:08.8020 AM,.0356
Auth_Check,P203,read,PASS,,Sep 10 2019 9:59:08.8040 AM,Sep 10 2019 9:59:08.8040 AM,.0002
Auth_Check,P203,read,PASS,,Sep 10 2019 9:59:08.8060 AM,Sep 10 2019 9:59:08.8350 AM,.0293
Auth_Check,P203,read,PASS,,Sep 10 2019 9:59:08.8370 AM,Sep 10 2019 9:59:08.8650 AM,.0284
Auth_Check,P203,sendCommandChars,PASS,,Sep 10 2019 9:59:08.8670 AM,Sep 10 2019 9:59:08.9030 AM,.036
Auth_Check,P203,read,PASS,,Sep 10 2019 9:59:08.9050 AM,Sep 10 2019 9:59:08.9050 AM,.0002
Auth_Check,P203,read,PASS,,Sep 10 2019 9:59:08.9070 AM,Sep 10 2019 9:59:08.9350 AM,.0288
Auth_Check,P203,read,PASS,,Sep 10 2019 9:59:08.9370 AM,Sep 10 2019 9:59:08.9660 AM,.0284
Auth_Check,P203,sendCommandChars,PASS,,Sep 10 2019 9:59:08.9670 AM,Sep 10 2019 9:59:09.0020 AM,.0353
Auth_Check,P203,read,PASS,,Sep 10 2019 9:59:09.0050 AM,Sep 10 2019 9:59:09.0050 AM,.0002
Auth_Check,P203,read,PASS,,Sep 10 2019 9:59:09.0060 AM,Sep 10 2019 9:59:09.0360 AM,.0295
Auth_Check,P203,read,PASS,,Sep 10 2019 9:59:09.0380 AM,Sep 10 2019 9:59:09.0660 AM,.0282
Auth_Check,P203,sendCommandChars,PASS,,Sep 10 2019 9:59:09.0670 AM,Sep 10 2019 9:59:09.1030 AM,.0359
Auth_Check,P203,read,PASS,,Sep 10 2019 9:59:09.1060 AM,Sep 10 2019 9:59:09.1060 AM,.0001
Auth_Check,P203,read,PASS,,Sep 10 2019 9:59:09.1070 AM,Sep 10 2019 9:59:09.1310 AM,.0235
Auth_Check,P203,read,PASS,,Sep 10 2019 9:59:09.1340 AM,Sep 10 2019 9:59:09.1550 AM,.0208
Auth_Check,P203,sendCommandChars,PASS,,Sep 10 2019 9:59:09.1560 AM,Sep 10 2019 9:59:09.1920 AM,.0362
Auth_Check,P203,read,PASS,,Sep 10 2019 9:59:09.1950 AM,Sep 10 2019 9:59:09.1950 AM,.0002
Auth_Check,P203,read,PASS,,Sep 10 2019 9:59:09.1960 AM,Sep 10 2019 9:59:09.2270 AM,.0301
Auth_Check,P203,sendCommandChars,PASS,,Sep 10 2019 9:59:09.2280 AM,Sep 10 2019 9:59:09.2630 AM,.0349
Auth_Check,P203,read,PASS,,Sep 10 2019 9:59:09.2650 AM,Sep 10 2019 9:59:09.2660 AM,.0002
Auth_Check,P203,read,PASS,,Sep 10 2019 9:59:09.2670 AM,Sep 10 2019 9:59:09.2970 AM,.0302
Auth_Check,P203,read,PASS,,Sep 10 2019 9:59:09.2990 AM,Sep 10 2019 9:59:09.3210 AM,.0222
Auth_Check,P203,sendCommandChars,PASS,,Sep 10 2019 9:59:09.3220 AM,Sep 10 2019 9:59:09.3430 AM,.0205
Auth_Check,P203,read,PASS,,Sep 10 2019 9:59:09.3450 AM,Sep 10 2019 9:59:09.3590 AM,.0131
Auth_Check,P203,read,PASS,,Sep 10 2019 9:59:09.3600 AM,Sep 10 2019 9:59:09.3870 AM,.0273
Auth_Check,P203,read,PASS,,Sep 10 2019 9:59:09.3890 AM,Sep 10 2019 9:59:09.4170 AM,.0284
Auth_Check,P203,sendCommandChars,PASS,,Sep 10 2019 9:59:09.4190 AM,Sep 10 2019 9:59:09.4560 AM,.0366
Auth_Check,P203,read,PASS,,Sep 10 2019 9:59:09.4580 AM,Sep 10 2019 9:59:09.4580 AM,.0002
Auth_Check,P203,read,PASS,,Sep 10 2019 9:59:09.4600 AM,Sep 10 2019 9:59:09.4800 AM,.0208
Auth_Check,P203,read,PASS,,Sep 10 2019 9:59:09.4820 AM,Sep 10 2019 9:59:09.5080 AM,.0256
Auth_Check,P203,sendCommandChars,PASS,,Sep 10 2019 9:59:09.5090 AM,Sep 10 2019 9:59:09.5450 AM,.0352
Auth_Check,IOFileHandle,writeCertFile,PASS,,Sep 10 2019 9:59:09.5490 AM,Sep 10 2019 9:59:09.5550 AM,.0062
Auth_Check,IOFileHandle,writeToFile,PASS,,Sep 10 2019 9:59:09.5960 AM,Sep 10 2019 9:59:09.5960 AM,.0002
Auth_Check,IOFileHandle,writeToFile,PASS,,Sep 10 2019 9:59:09.6320 AM,Sep 10 2019 9:59:09.6320 AM,.0001
Auth_Check,P203,read,PASS,,Sep 10 2019 9:59:09.6410 AM,Sep 10 2019 9:59:09.6410 AM,.0002
Auth_Check,P203,read,PASS,,Sep 10 2019 9:59:09.6420 AM,Sep 10 2019 9:59:09.6680 AM,.0261
Auth_Check,P203,sendCommandChars,PASS,,Sep 10 2019 9:59:09.6700 AM,Sep 10 2019 9:59:09.7070 AM,.0378
Auth_Check,P203,read,PASS,,Sep 10 2019 9:59:09.7110 AM,Sep 10 2019 9:59:09.7120 AM,.0002
Auth_Check,P203,read,PASS,,Sep 10 2019 9:59:09.7130 AM,Sep 10 2019 9:59:09.7380 AM,.0255
Auth_Check,P203,sendCommandChars,PASS,,Sep 10 2019 9:59:09.7400 AM,Sep 10 2019 9:59:09.8080 AM,.0685
Auth_Check,P203,read,PASS,,Sep 10 2019 9:59:09.8110 AM,Sep 10 2019 9:59:09.8110 AM,.0002
Auth_Check,P203,read,PASS,,Sep 10 2019 9:59:09.8130 AM,Sep 10 2019 9:59:09.8390 AM,.0262
Auth_Check,P203,sendCommandChars,PASS,,Sep 10 2019 9:59:09.8400 AM,Sep 10 2019 9:59:09.8760 AM,.0359
Auth_Check,P203,read,PASS,,Sep 10 2019 9:59:10.4540 AM,Sep 10 2019 9:59:10.4540 AM,.0002
Auth_Check,P203,read,PASS,,Sep 10 2019 9:59:10.4550 AM,Sep 10 2019 9:59:10.4780 AM,.023
Auth_Check,P203,sendCommandChars,PASS,,Sep 10 2019 9:59:10.4790 AM,Sep 10 2019 9:59:10.5460 AM,.0664
Auth_Check,P203,read,PASS,,Sep 10 2019 9:59:10.5480 AM,Sep 10 2019 9:59:10.5480 AM,.0001
Auth_Check,P203,read,PASS,,Sep 10 2019 9:59:10.5500 AM,Sep 10 2019 9:59:10.5730 AM,.0234
Auth_Check,P203,read,PASS,,Sep 10 2019 9:59:10.5750 AM,Sep 10 2019 9:59:10.6030 AM,.0283
Auth_Check,P203,sendCommandChars,PASS,,Sep 10 2019 9:59:10.6050 AM,Sep 10 2019 9:59:10.6250 AM,.0203
Auth_Check,P203,read,PASS,,Sep 10 2019 9:59:10.6280 AM,Sep 10 2019 9:59:10.6400 AM,.0122
Auth_Check,P203,read,PASS,,Sep 10 2019 9:59:10.6420 AM,Sep 10 2019 9:59:10.6630 AM,.0213
Auth_Check,P203,sendCommandChars,PASS,,Sep 10 2019 9:59:10.6650 AM,Sep 10 2019 9:59:10.6860 AM,.0211
Auth_Check,P203,read,PASS,,Sep 10 2019 9:59:10.6880 AM,Sep 10 2019 9:59:10.6890 AM,.0001
Auth_Check,P203,read,PASS,,Sep 10 2019 9:59:10.6900 AM,Sep 10 2019 9:59:10.7120 AM,.0222
Auth_Check,P203,read,PASS,,Sep 10 2019 9:59:10.7140 AM,Sep 10 2019 9:59:10.7440 AM,.0298
Auth_Check,P203,sendCommandChars,PASS,,Sep 10 2019 9:59:10.7450 AM,Sep 10 2019 9:59:10.7650 AM,.0199
Auth_Check,P203,read,PASS,,Sep 10 2019 9:59:10.7680 AM,Sep 10 2019 9:59:10.7800 AM,.012
Auth_Check,P203,read,PASS,,Sep 10 2019 9:59:10.7820 AM,Sep 10 2019 9:59:10.8040 AM,.0222
Auth_Check,P203,sendCommandChars,PASS,,Sep 10 2019 9:59:10.8050 AM,Sep 10 2019 9:59:10.8270 AM,.0216
Auth_Check,P203,read,PASS,,Sep 10 2019 9:59:10.8290 AM,Sep 10 2019 9:59:10.8420 AM,.0127
Auth_Check,P203,read,PASS,,Sep 10 2019 9:59:10.8430 AM,Sep 10 2019 9:59:10.8690 AM,.0254
Auth_Check,P203,read,PASS,,Sep 10 2019 9:59:10.8710 AM,Sep 10 2019 9:59:10.8940 AM,.0234
Auth_Check,P203,sendCommandChars,PASS,,Sep 10 2019 9:59:10.8960 AM,Sep 10 2019 9:59:10.9310 AM,.0357
Auth_Check,P203,read,PASS,,Sep 10 2019 9:59:10.9340 AM,Sep 10 2019 9:59:10.9340 AM,.0003
Auth_Check,P203,read,PASS,,Sep 10 2019 9:59:10.9360 AM,Sep 10 2019 9:59:10.9560 AM,.0208
Auth_Check,P203,read,PASS,,Sep 10 2019 9:59:10.9580 AM,Sep 10 2019 9:59:10.9850 AM,.0262
Auth_Check,P203,sendCommandChars,PASS,,Sep 10 2019 9:59:10.9860 AM,Sep 10 2019 9:59:11.0210 AM,.035
Auth_Check,IOFileHandle,writeCertFile,PASS,,Sep 10 2019 9:59:11.0240 AM,Sep 10 2019 9:59:11.0260 AM,.0017
Auth_Check,IOFileHandle,writeToFile,PASS,,Sep 10 2019 9:59:11.0880 AM,Sep 10 2019 9:59:11.0940 AM,.0061
Read_MLB_SN,IOFileHandle,writeToFile,PASS,,Sep 10 2019 9:59:11.7860 AM,Sep 10 2019 9:59:11.7860 AM,.0001
Check_MLB_SN,StationReportPlugin,appendReportData,PASS,,Sep 10 2019 9:59:12.1650 AM,Sep 10 2019 9:59:12.1650 AM,0
Read_STFW_Version_Before_DL,IOFileHandle,writeToFile,PASS,,Sep 10 2019 9:59:12.2650 AM,Sep 10 2019 9:59:12.2650 AM,.0001
Read_MTFW_Version_Before_DL,IOFileHandle,writeToFile,PASS,,Sep 10 2019 9:59:12.7480 AM,Sep 10 2019 9:59:12.7490 AM,.0002
Read_CCG3_FW_Version_Before_DL,IOFileHandle,writeToFile,PASS,,Sep 10 2019 9:59:13.2150 AM,Sep 10 2019 9:59:13.2150 AM,.0001
Read_CCG3_FW_Version_Before_DL,IOFileHandle,writeToFile,PASS,,Sep 10 2019 9:59:13.6600 AM,Sep 10 2019 9:59:13.6600 AM,.0002
Program_Main_FW,IOFileHandle,writeToFile,PASS,,Sep 10 2019 9:59:14.0860 AM,Sep 10 2019 9:59:14.0860 AM,.0005
Program_Main_FW,P203,sendCommand,PASS,,Sep 10 2019 9:59:14.4640 AM,Sep 10 2019 9:59:14.4650 AM,.0008
Program_Main_FW,P203,sendCommandChars,PASS,,Sep 10 2019 9:59:14.4660 AM,Sep 10 2019 9:59:14.4710 AM,.0051
Program_Main_FW,P203,read,PASS,,Sep 10 2019 9:59:14.4720 AM,Sep 10 2019 9:59:14.4720 AM,.0002
Program_Main_FW,P203,read,PASS,,Sep 10 2019 9:59:14.4740 AM,Sep 10 2019 9:59:14.4740 AM,.0002
Program_Main_FW,P203,read,PASS,,Sep 10 2019 9:59:14.4750 AM,Sep 10 2019 9:59:14.4750 AM,.0002
Program_Main_FW,P203,read,PASS,,Sep 10 2019 9:59:14.4760 AM,Sep 10 2019 9:59:14.5030 AM,.0267
Program_Main_FW,P203,sendCommandChars,PASS,,Sep 10 2019 9:59:14.5040 AM,Sep 10 2019 9:59:14.5350 AM,.0307
Program_Main_FW,P203,read,PASS,,Sep 10 2019 9:59:14.5360 AM,Sep 10 2019 9:59:14.5370 AM,.0002
Program_Main_FW,P203,read,PASS,,Sep 10 2019 9:59:14.5380 AM,Sep 10 2019 9:59:14.5630 AM,.0252
Program_Main_FW,IOFileHandle,writeToFile,PASS,,Sep 10 2019 9:59:46.7060 AM,Sep 10 2019 9:59:46.7070 AM,.0002
Program_Main_FW,StationReportPlugin,appendReportData,PASS,,Sep 10 2019 9:59:47.0810 AM,Sep 10 2019 9:59:47.0810 AM,0
Program_Main_FW,ECB,sendCommand,PASS,,Sep 10 2019 9:59:50.1490 AM,Sep 10 2019 9:59:50.1820 AM,.0338
Program_Main_FW,ECB,sendCommand,PASS,,Sep 10 2019 9:59:53.2570 AM,Sep 10 2019 9:59:53.2820 AM,.0252
Program_Main_FW,P203,read,PASS,,Sep 10 2019 9:59:56.3550 AM,Sep 10 2019 9:59:56.3840 AM,.0295
Program_MTFW,IOFileHandle,writeToFile,PASS,,Sep 10 2019 9:59:56.4360 AM,Sep 10 2019 9:59:56.4360 AM,.0001
Program_MTFW,P203,sendCommand,PASS,,Sep 10 2019 9:59:56.8090 AM,Sep 10 2019 9:59:56.8200 AM,.0113
Program_MTFW,P203,sendCommandChars,PASS,,Sep 10 2019 9:59:56.8230 AM,Sep 10 2019 9:59:56.8260 AM,.0034
Program_MTFW,P203,read,PASS,,Sep 10 2019 9:59:56.8270 AM,Sep 10 2019 9:59:56.8360 AM,.0083
Program_MTFW,P203,read,PASS,,Sep 10 2019 9:59:56.8370 AM,Sep 10 2019 9:59:56.8370 AM,.0001
Program_MTFW,P203,read,PASS,,Sep 10 2019 9:59:56.8380 AM,Sep 10 2019 9:59:56.8660 AM,.0281
Program_MTFW,P203,sendCommandChars,PASS,,Sep 10 2019 9:59:56.8680 AM,Sep 10 2019 9:59:56.9000 AM,.0322
Program_MTFW,P203,read,PASS,,Sep 10 2019 9:59:56.9010 AM,Sep 10 2019 9:59:56.9010 AM,.0002
Program_MTFW,P203,read,PASS,,Sep 10 2019 9:59:56.9020 AM,Sep 10 2019 9:59:56.9270 AM,.0241
Program_MTFW,IOFileHandle,writeToFile,PASS,,Sep 10 2019 10:00:05.3440 AM,Sep 10 2019 10:00:05.3440 AM,.0002
Program_MTFW,StationReportPlugin,appendReportData,PASS,,Sep 10 2019 10:00:05.7140 AM,Sep 10 2019 10:00:05.7140 AM,0
Program_MTFW,ECB,sendCommand,PASS,,Sep 10 2019 10:00:15.7830 AM,Sep 10 2019 10:00:15.8100 AM,.0275
Program_MTFW,ECB,sendCommand,PASS,,Sep 10 2019 10:00:18.8810 AM,Sep 10 2019 10:00:18.8940 AM,.0133
Program_MTFW,P203,read,PASS,,Sep 10 2019 10:00:21.9680 AM,Sep 10 2019 10:00:21.9980 AM,.0295
Read_Main_FW_Version_After_DL,IOFileHandle,writeToFile,PASS,,Sep 10 2019 10:00:22.0480 AM,Sep 10 2019 10:00:22.0480 AM,.0002
Read_MTFW_After_DL,IOFileHandle,writeToFile,PASS,,Sep 10 2019 10:00:22.4740 AM,Sep 10 2019 10:00:22.4740 AM,.0002
Read_CCG3_FW_After_DL,IOFileHandle,writeToFile,PASS,,Sep 10 2019 10:00:22.8850 AM,Sep 10 2019 10:00:22.8860 AM,.0002
Read_CCG3_FW_After_DL,IOFileHandle,writeToFile,PASS,,Sep 10 2019 10:00:23.3260 AM,Sep 10 2019 10:00:23.3260 AM,.0001
Finish_DRCB,DRCB,finish,PASS,,Sep 10 2019 10:00:23.7000 AM,Sep 10 2019 10:00:24.2460 AM,.5459
Finish_DRCB,ECB,sendCommand,PASS,,Sep 10 2019 10:00:24.2470 AM,Sep 10 2019 10:00:24.2780 AM,.0307
