document_version, 1.0
station_name,GATEKEEPER
station_id,FXLH_F05-4FT-01_3_GATEKEEPER
station_sw,Atlas
station_sw_version,Atlas

tag,start_time,duration
Scan_FG_SN, 1568974019.50, 4.08
Fixtureinit, 1568974023.58, 9.63
Start Data Reporting, 1568974033.20, 0.02
Start Control Bits, 1568974033.22, 0.33
Check_All_CB, 1568974033.56, 5.05
Check_Bootargs_Status, 1568974038.61, 0.98
Read_FG_SN, 1568974039.59, 0.49
Compare_FG_SN, 1568974040.08, 0.00
Get_SFC_Info, 1568974040.09, 1.07
MLB_SN, 1568974041.16, 0.50
WO_SN, 1568974041.66, 0.00
UNIT_LBL, 1568974041.66, 0.00
BUILD_EVENT, 1568974041.66, 0.00
BUILD_MATRIX_CONFIG, 1568974041.66, 0.00
UNIT#, 1568974041.67, 0.00
S_BUILD, 1568974041.67, 0.00
KBM_SN, 1568974041.67, 0.00
BACKLIGHT_SN, 1568974041.67, 0.00
TRACKPAD_SN, 1568974041.68, 0.00
TOUCH_FLEX_SN, 1568974041.68, 0.00
Read_STFW_Version_Before_DL, 1568974041.68, 0.50
Read_MTFW_Version_Before_DL, 1568974042.18, 0.49
Program_STFW, 1568974042.67, 43.25
Program_MTFW, 1568974085.91, 26.82
Read_STFW_Version_After_DL, 1568974112.74, 0.44
Read_MTFW_Version_After_DL, 1568974113.18, 0.44
Check_EP_Status, 1568974113.62, 0.88
EP_Enable_All, 1568974114.51, 4.06
Read_HW_Version, 1568974118.57, 0.44
GreenPAK_ID, 1568974119.01, 3.61
Read_CCG3_FW, 1568974122.62, 8.11
Production_Signed_Check, 1568974130.73, 0.44
Read_KBD_HW_Layout, 1568974131.16, 0.43
Get_KBD_HW_Layout, 1568974131.60, 0.00
Compare_KBD_HW_Layout, 1568974131.60, 0.00
Read_MLB_Lang, 1568974131.60, 0.37
Get_KBD_Lang, 1568974131.97, 0.00
Check_KBD_Lang, 1568974131.97, 0.00
Read_MFI_Address, 1568974131.97, 0.44
System_Critical_Errors, 1568974132.41, 0.44
FW_Update_Critical_Errors, 1568974132.85, 0.44
Key_Scan_Critical_Errors, 1568974133.29, 0.46
USBC_Critical_Errors, 1568974133.76, 0.43
Grape_Critical_Errors, 1568974134.19, 0.50
Critical_Errors_Summary, 1568974134.73, 0.46
Backlight_Critical_Errors, 1568974135.19, 0.43
Grape_Connector_Self_Critical_Errors, 1568974135.62, 0.50
full_test_durations, 1568974019.48, 116.65
Finish DRCB, 1568974136.12, 0.47
Fixturereset, 1568974136.59, 1.17
