Related Test,Type,Name,Value
Scan_FG_SN,Device,serialnumber,FTPZD00DP3LY
Start Data Reporting,Device,softwarename,Atlas 1.9.2
Start Data Reporting,Device,serialnumber,FTPZD00DP3LY
Start Data Reporting,Device,softwareversion,V2.2.3.2
Start Data Reporting,Device,limitsversion,1
Check_Bootargs_Status,Device,Check_Bootargs_Status,15 00 00 00 
Read_FG_SN,Device,Read_FG_SN,FTPZD00DP3LY
Compare_FG_SN,Device,Compare_FG_SN,Pass
MLB_SN,Device,MLB_SN,DLX9373000NN4732S
WO_SN,Device,WO_SN,WCR-J90002
UNIT_LBL,Device,UNIT_LBL,R128-P2_P22AEN-S1_C01039
BUILD_EVENT,Device,Build_EVENT,R128-P2
S_BUILD,Device,S_BUILD,R128-P2_P22AEN-S1
KBM_SN,Device,KBM_SN,C4P9315007GJCPQ3G
BACKLIGHT_SN,Device,BACKLIGHT_SN,GV29357002AN5TG2T
TRACKPAD_SN,Device,TRACKPAD_SN,FM7934700BLKG9X4A+S5J
TOUCH_FLEX_SN,Device,TOUCH_FLEX_SN,C47935505S8JFK022
Read_STFW_Version_After_DL,Device,STFW,0x0171
Read_MTFW_Version_After_DL,Device,TOUCH_FW,0x0506
Check_EP_Status,Device,Check_EP_Status,13 00 00 00 02 
EP_Enable_All,Device,EP_Enable_All,13 00 00 00 00
Read_HW_Version,Device,Read_HW_Version,0x03
GreenPAK_ID,Device,GreenPAK_ID,02
Read_CCG3_FW,Device,ReadCCG3FW,A0 02 00 0B 00 0B 00 0B 
Production_Signed_Check,Device,Production_Signed_Check,0x00
Read_KBD_HW_Layout,Device,Read_KBD_HW_Layout,0x21
Get_KBD_HW_Layout,Device,Get_KBD_HW_Layout,0x21
Compare_KBD_HW_Layout,Device,Compare_KBD_HW_Layout,Pass
Read_MLB_Lang,Device,Read_MLB_Lang,02 01 01 05 49 
Get_KBD_Lang,Device,Get_KBD_Lang,02 01 01 05 49
Check_KBD_Lang,Device,Check_KBD_Lang,"Read_MLB_Lang :02 01 01 05 49  ,  Get_KBD_Lang :02 01 01 05 49"
Read_MFI_Address,Device,Read_MFI_Address,0x10
