Related Test,Name-1,Name-2,Name-3,Status,Info,Measurement,Units,Upper Limit,Lower Limit,Relaxed Upper Limit,Relaxed Lower Limit,Limit Units,Start Time,End Time,Duration (s)
Scan_FG_SN,,,,,,,,,,,,,Sep 20 2019 6:06:59.5020 PM,Sep 20 2019 6:07:03.5750 PM,4.0722
Scan_FG_SN,Scan_FG_SN,AtlasApp-Hyperion,show-form,PASS,,,,,,,,,Sep 20 2019 6:06:59.5040 PM,Sep 20 2019 6:07:03.5730 PM,4.0688
Scan_FG_SN,Scan_FG_SN,Scan_FG_SN,FTPZD00DP3LY,PASS,,,,,,,,,Sep 20 2019 6:07:03.5740 PM,Sep 20 2019 6:07:03.5740 PM,0
Fixtureinit,,,,,,,,,,,,,Sep 20 2019 6:07:03.5770 PM,Sep 20 2019 6:07:13.2010 PM,9.6239
Fixtureinit,Fixtureinit,Fixture,changeDelimiter,PASS,,,,,,,,,Sep 20 2019 6:07:03.5790 PM,Sep 20 2019 6:07:03.5790 PM,0
Fixtureinit,Fixtureinit,Fixture,changeLineTerminator,PASS,,,,,,,,,Sep 20 2019 6:07:03.5810 PM,Sep 20 2019 6:07:03.5810 PM,0
Fixtureinit,Fixtureinit,Fixture,open,PASS,,,,,,,,,Sep 20 2019 6:07:03.5820 PM,Sep 20 2019 6:07:05.1800 PM,1.5977
Fixtureinit,Fixtureinit,Fixture,read,PASS,,,,,,,,,Sep 20 2019 6:07:05.1820 PM,Sep 20 2019 6:07:05.2110 PM,.0289
Fixtureinit,Fixtureinit,P203,changeDelimiter,PASS,,,,,,,,,Sep 20 2019 6:07:05.2130 PM,Sep 20 2019 6:07:05.2130 PM,0
Fixtureinit,Fixtureinit,P203,changeLineTerminator,PASS,,,,,,,,,Sep 20 2019 6:07:05.2150 PM,Sep 20 2019 6:07:05.2150 PM,0
Fixtureinit,Fixtureinit,P203,open,PASS,,,,,,,,,Sep 20 2019 6:07:05.2160 PM,Sep 20 2019 6:07:06.8100 PM,1.5936
Fixtureinit,Fixtureinit,P203,read,PASS,,,,,,,,,Sep 20 2019 6:07:06.8120 PM,Sep 20 2019 6:07:06.8410 PM,.0289
Fixtureinit,Fixtureinit,[Fixture] isReady,sendCommand,PASS,,,,,,,,,Sep 20 2019 6:07:06.8420 PM,Sep 20 2019 6:07:06.8550 PM,.0124
Fixtureinit,Fixtureinit,[Fixture] Power off,sendCommand,PASS,,,,,,,,,Sep 20 2019 6:07:06.8590 PM,Sep 20 2019 6:07:06.8740 PM,.0141
Fixtureinit,Fixtureinit,[Fixture] Power on,sendCommand,PASS,,,,,,,,,Sep 20 2019 6:07:07.9470 PM,Sep 20 2019 6:07:07.9570 PM,.0101
Fixtureinit,Fixtureinit,[Fixture] Engage pogo,sendCommand,PASS,,,,,,,,,Sep 20 2019 6:07:10.0260 PM,Sep 20 2019 6:07:10.0830 PM,.0576
Fixtureinit,Fixtureinit,StationReportPlugin,isReporting,PASS,,,,,,,,,Sep 20 2019 6:07:13.2000 PM,Sep 20 2019 6:07:13.2000 PM,0
Start Data Reporting,,,,,,,,,,,,,Sep 20 2019 6:07:13.2040 PM,Sep 20 2019 6:07:13.2190 PM,.0146
Start Data Reporting,Start Data Reporting,DRCB,StartDataReporting,PASS,,,,,,,,,Sep 20 2019 6:07:13.2080 PM,Sep 20 2019 6:07:13.2180 PM,.0101
Start Control Bits,,,,,,,,,,,,,Sep 20 2019 6:07:13.2220 PM,Sep 20 2019 6:07:13.5540 PM,.3319
Start Control Bits,Start Control Bits,DRCB,StartControlBits,PASS,,,,,,,,,Sep 20 2019 6:07:13.2260 PM,Sep 20 2019 6:07:13.5530 PM,.3274
Check_All_CB,,,,,,,,,,,,,Sep 20 2019 6:07:13.5560 PM,Sep 20 2019 6:07:18.6040 PM,5.0478
Check_All_CB,Check_All_CB,[Hid] /usr/local/bin/hidreport -p 0x026F -v 0x5ac -i 0 set 0x3f 0x3f 0x02 0x01,,PASS,,,,,,,,,Sep 20 2019 6:07:13.6010 PM,Sep 20 2019 6:07:13.6010 PM,0
Check_All_CB,Check_All_CB,[Hid] /usr/local/bin/hidreport -p 0x026F -v 0x5ac -i 0 get 0x3f,,PASS,,,,,,,,,Sep 20 2019 6:07:13.8320 PM,Sep 20 2019 6:07:13.8320 PM,0
Check_All_CB,Check_All_CB,CB_STATUS_MLB-FCT,,FAIL,Failed limits,0,,3,3,,,,Sep 20 2019 6:07:14.0140 PM,Sep 20 2019 6:07:14.0140 PM,0
Check_All_CB,Check_All_CB,ABS_ERASE_MLB-FCT,,PASS,,0,,,,,,,Sep 20 2019 6:07:14.0150 PM,Sep 20 2019 6:07:14.0150 PM,0
Check_All_CB,Check_All_CB,ABS_FAIL_MLB-FCT,,PASS,,0,,,,,,,Sep 20 2019 6:07:14.0150 PM,Sep 20 2019 6:07:14.0150 PM,0
Check_All_CB,Check_All_CB,REL_FAIL_MLB-FCT,,PASS,,0,,,,,,,Sep 20 2019 6:07:14.0150 PM,Sep 20 2019 6:07:14.0150 PM,0
Check_All_CB,Check_All_CB,[Hid] /usr/local/bin/hidreport -p 0x026F -v 0x5ac -i 0 set 0x3f 0x3f 0x02 0x02,,PASS,,,,,,,,,Sep 20 2019 6:07:14.0600 PM,Sep 20 2019 6:07:14.0600 PM,0
Check_All_CB,Check_All_CB,[Hid] /usr/local/bin/hidreport -p 0x026F -v 0x5ac -i 0 get 0x3f-2,,PASS,,,,,,,,,Sep 20 2019 6:07:14.2920 PM,Sep 20 2019 6:07:14.2920 PM,0
Check_All_CB,Check_All_CB,CB_STATUS_TEST1,,FAIL,Failed limits,0,,3,3,,,,Sep 20 2019 6:07:14.4760 PM,Sep 20 2019 6:07:14.4760 PM,0
Check_All_CB,Check_All_CB,ABS_ERASE_TEST1,,PASS,,0,,,,,,,Sep 20 2019 6:07:14.4760 PM,Sep 20 2019 6:07:14.4760 PM,0
Check_All_CB,Check_All_CB,ABS_FAIL_TEST1,,PASS,,0,,,,,,,Sep 20 2019 6:07:14.4760 PM,Sep 20 2019 6:07:14.4760 PM,0
Check_All_CB,Check_All_CB,REL_FAIL_TEST1,,PASS,,0,,,,,,,Sep 20 2019 6:07:14.4760 PM,Sep 20 2019 6:07:14.4760 PM,0
Check_All_CB,Check_All_CB,[Hid] /usr/local/bin/hidreport -p 0x026F -v 0x5ac -i 0 set 0x3f 0x3f 0x02 0x05,,PASS,,,,,,,,,Sep 20 2019 6:07:14.5200 PM,Sep 20 2019 6:07:14.5200 PM,0
Check_All_CB,Check_All_CB,[Hid] /usr/local/bin/hidreport -p 0x026F -v 0x5ac -i 0 get 0x3f-3,,PASS,,,,,,,,,Sep 20 2019 6:07:14.7530 PM,Sep 20 2019 6:07:14.7530 PM,0
Check_All_CB,Check_All_CB,CB_STATUS_QT0,,FAIL,Failed limits,0,,3,3,,,,Sep 20 2019 6:07:14.9380 PM,Sep 20 2019 6:07:14.9380 PM,0
Check_All_CB,Check_All_CB,ABS_ERASE_QT0,,PASS,,0,,,,,,,Sep 20 2019 6:07:14.9380 PM,Sep 20 2019 6:07:14.9380 PM,0
Check_All_CB,Check_All_CB,ABS_FAIL_QT0,,PASS,,0,,,,,,,Sep 20 2019 6:07:14.9380 PM,Sep 20 2019 6:07:14.9380 PM,0
Check_All_CB,Check_All_CB,REL_FAIL_QT0,,PASS,,0,,,,,,,Sep 20 2019 6:07:14.9380 PM,Sep 20 2019 6:07:14.9380 PM,0
Check_All_CB,Check_All_CB,[Hid] /usr/local/bin/hidreport -p 0x026F -v 0x5ac -i 0 set 0x3f 0x3f 0x02 0x06,,PASS,,,,,,,,,Sep 20 2019 6:07:14.9810 PM,Sep 20 2019 6:07:14.9810 PM,0
Check_All_CB,Check_All_CB,[Hid] /usr/local/bin/hidreport -p 0x026F -v 0x5ac -i 0 get 0x3f-4,,PASS,,,,,,,,,Sep 20 2019 6:07:15.2160 PM,Sep 20 2019 6:07:15.2160 PM,0
Check_All_CB,Check_All_CB,CB_STATUS_DFU2-FTW,,PASS,,3,,3,3,,,,Sep 20 2019 6:07:15.4000 PM,Sep 20 2019 6:07:15.4000 PM,0
Check_All_CB,Check_All_CB,ABS_ERASE_DFU2-FTW,,PASS,,0,,,,,,,Sep 20 2019 6:07:15.4000 PM,Sep 20 2019 6:07:15.4000 PM,0
Check_All_CB,Check_All_CB,ABS_FAIL_DFU2-FTW,,PASS,,0,,,,,,,Sep 20 2019 6:07:15.4000 PM,Sep 20 2019 6:07:15.4000 PM,0
Check_All_CB,Check_All_CB,REL_FAIL_DFU2-FTW,,PASS,,0,,,,,,,Sep 20 2019 6:07:15.4010 PM,Sep 20 2019 6:07:15.4010 PM,0
Check_All_CB,Check_All_CB,[Hid] /usr/local/bin/hidreport -p 0x026F -v 0x5ac -i 0 set 0x3f 0x3f 0x02 0x08,,PASS,,,,,,,,,Sep 20 2019 6:07:15.4430 PM,Sep 20 2019 6:07:15.4430 PM,0
Check_All_CB,Check_All_CB,[Hid] /usr/local/bin/hidreport -p 0x026F -v 0x5ac -i 0 get 0x3f-5,,PASS,,,,,,,,,Sep 20 2019 6:07:15.6790 PM,Sep 20 2019 6:07:15.6790 PM,0
Check_All_CB,Check_All_CB,CB_STATUS_QT1,,FAIL,Failed limits,2,,3,3,,,,Sep 20 2019 6:07:15.8640 PM,Sep 20 2019 6:07:15.8640 PM,0
Check_All_CB,Check_All_CB,ABS_ERASE_QT1,,PASS,,0,,,,,,,Sep 20 2019 6:07:15.8640 PM,Sep 20 2019 6:07:15.8640 PM,0
Check_All_CB,Check_All_CB,ABS_FAIL_QT1,,PASS,,4,,,,,,,Sep 20 2019 6:07:15.8640 PM,Sep 20 2019 6:07:15.8640 PM,0
Check_All_CB,Check_All_CB,REL_FAIL_QT1,,PASS,,4,,,,,,,Sep 20 2019 6:07:15.8640 PM,Sep 20 2019 6:07:15.8640 PM,0
Check_All_CB,Check_All_CB,[Hid] /usr/local/bin/hidreport -p 0x026F -v 0x5ac -i 0 set 0x3f 0x3f 0x02 0x09,,PASS,,,,,,,,,Sep 20 2019 6:07:15.9060 PM,Sep 20 2019 6:07:15.9060 PM,0
Check_All_CB,Check_All_CB,[Hid] /usr/local/bin/hidreport -p 0x026F -v 0x5ac -i 0 get 0x3f-6,,PASS,,,,,,,,,Sep 20 2019 6:07:16.1960 PM,Sep 20 2019 6:07:16.1960 PM,0
Check_All_CB,Check_All_CB,CB_STATUS_LED-TEST,,PASS,,3,,3,3,,,,Sep 20 2019 6:07:16.3850 PM,Sep 20 2019 6:07:16.3850 PM,0
Check_All_CB,Check_All_CB,ABS_ERASE_LED-TEST,,PASS,,0,,,,,,,Sep 20 2019 6:07:16.3850 PM,Sep 20 2019 6:07:16.3850 PM,0
Check_All_CB,Check_All_CB,ABS_FAIL_LED-TEST,,PASS,,1,,,,,,,Sep 20 2019 6:07:16.3850 PM,Sep 20 2019 6:07:16.3850 PM,0
Check_All_CB,Check_All_CB,REL_FAIL_LED-TEST,,PASS,,1,,,,,,,Sep 20 2019 6:07:16.3850 PM,Sep 20 2019 6:07:16.3850 PM,0
Check_All_CB,Check_All_CB,[Hid] /usr/local/bin/hidreport -p 0x026F -v 0x5ac -i 0 set 0x3f 0x3f 0x02 0x0A,,PASS,,,,,,,,,Sep 20 2019 6:07:16.4810 PM,Sep 20 2019 6:07:16.4810 PM,0
Check_All_CB,Check_All_CB,[Hid] /usr/local/bin/hidreport -p 0x026F -v 0x5ac -i 0 get 0x3f-7,,PASS,,,,,,,,,Sep 20 2019 6:07:16.7650 PM,Sep 20 2019 6:07:16.7650 PM,0
Check_All_CB,Check_All_CB,CB_STATUS_KEY-FORCE,,FAIL,Failed limits,0,,3,3,,,,Sep 20 2019 6:07:16.9480 PM,Sep 20 2019 6:07:16.9480 PM,0
Check_All_CB,Check_All_CB,ABS_ERASE_KEY-FORCE,,PASS,,0,,,,,,,Sep 20 2019 6:07:16.9480 PM,Sep 20 2019 6:07:16.9480 PM,0
Check_All_CB,Check_All_CB,ABS_FAIL_KEY-FORCE,,PASS,,0,,,,,,,Sep 20 2019 6:07:16.9480 PM,Sep 20 2019 6:07:16.9480 PM,0
Check_All_CB,Check_All_CB,REL_FAIL_KEY-FORCE,,PASS,,0,,,,,,,Sep 20 2019 6:07:16.9480 PM,Sep 20 2019 6:07:16.9480 PM,0
Check_All_CB,Check_All_CB,[Hid] /usr/local/bin/hidreport -p 0x026F -v 0x5ac -i 0 set 0x3f 0x3f 0x02 0x0B,,PASS,,,,,,,,,Sep 20 2019 6:07:17.0430 PM,Sep 20 2019 6:07:17.0430 PM,0
Check_All_CB,Check_All_CB,[Hid] /usr/local/bin/hidreport -p 0x026F -v 0x5ac -i 0 get 0x3f-8,,PASS,,,,,,,,,Sep 20 2019 6:07:17.2770 PM,Sep 20 2019 6:07:17.2770 PM,0
Check_All_CB,Check_All_CB,CB_STATUS_TEST2,,PASS,,3,,3,3,,,,Sep 20 2019 6:07:17.4600 PM,Sep 20 2019 6:07:17.4600 PM,0
Check_All_CB,Check_All_CB,ABS_ERASE_TEST2,,PASS,,0,,,,,,,Sep 20 2019 6:07:17.4610 PM,Sep 20 2019 6:07:17.4610 PM,0
Check_All_CB,Check_All_CB,ABS_FAIL_TEST2,,PASS,,1,,,,,,,Sep 20 2019 6:07:17.4610 PM,Sep 20 2019 6:07:17.4610 PM,0
Check_All_CB,Check_All_CB,REL_FAIL_TEST2,,PASS,,1,,,,,,,Sep 20 2019 6:07:17.4610 PM,Sep 20 2019 6:07:17.4610 PM,0
Check_All_CB,Check_All_CB,[Hid] /usr/local/bin/hidreport -p 0x026F -v 0x5ac -i 0 set 0x3f 0x3f 0x02 0x0C,,PASS,,,,,,,,,Sep 20 2019 6:07:17.5580 PM,Sep 20 2019 6:07:17.5580 PM,0
Check_All_CB,Check_All_CB,[Hid] /usr/local/bin/hidreport -p 0x026F -v 0x5ac -i 0 get 0x3f-9,,PASS,,,,,,,,,Sep 20 2019 6:07:17.8480 PM,Sep 20 2019 6:07:17.8480 PM,0
Check_All_CB,Check_All_CB,CB_STATUS_MMI,,FAIL,Failed limits,0,,3,3,,,,Sep 20 2019 6:07:18.0330 PM,Sep 20 2019 6:07:18.0330 PM,0
Check_All_CB,Check_All_CB,ABS_ERASE_MMI,,PASS,,0,,,,,,,Sep 20 2019 6:07:18.0330 PM,Sep 20 2019 6:07:18.0330 PM,0
Check_All_CB,Check_All_CB,ABS_FAIL_MMI,,PASS,,0,,,,,,,Sep 20 2019 6:07:18.0330 PM,Sep 20 2019 6:07:18.0330 PM,0
Check_All_CB,Check_All_CB,REL_FAIL_MMI,,PASS,,0,,,,,,,Sep 20 2019 6:07:18.0340 PM,Sep 20 2019 6:07:18.0340 PM,0
Check_All_CB,Check_All_CB,[Hid] /usr/local/bin/hidreport -p 0x026F -v 0x5ac -i 0 set 0x3f 0x3f 0x02 0x0D,,PASS,,,,,,,,,Sep 20 2019 6:07:18.1290 PM,Sep 20 2019 6:07:18.1290 PM,0
Check_All_CB,Check_All_CB,[Hid] /usr/local/bin/hidreport -p 0x026F -v 0x5ac -i 0 get 0x3f-10,,PASS,,,,,,,,,Sep 20 2019 6:07:18.4140 PM,Sep 20 2019 6:07:18.4140 PM,0
Check_All_CB,Check_All_CB,CB_STATUS_SW-DOWNLOAD,,PASS,,3,,3,3,,,,Sep 20 2019 6:07:18.6030 PM,Sep 20 2019 6:07:18.6030 PM,0
Check_All_CB,Check_All_CB,ABS_ERASE_SW-DOWNLOAD,,PASS,,0,,,,,,,Sep 20 2019 6:07:18.6040 PM,Sep 20 2019 6:07:18.6040 PM,0
Check_All_CB,Check_All_CB,ABS_FAIL_SW-DOWNLOAD,,PASS,,0,,,,,,,Sep 20 2019 6:07:18.6040 PM,Sep 20 2019 6:07:18.6040 PM,0
Check_All_CB,Check_All_CB,REL_FAIL_SW-DOWNLOAD,,PASS,,0,,,,,,,Sep 20 2019 6:07:18.6040 PM,Sep 20 2019 6:07:18.6040 PM,0
Check_Bootargs_Status,,,,,,,,,,,,,Sep 20 2019 6:07:18.6110 PM,Sep 20 2019 6:07:19.5890 PM,.9779
Check_Bootargs_Status,Check_Bootargs_Status,"[Hid] /usr/local/bin/hidreport -v 0x05ac -p 0x026F -u 0xFF00,0x000B set 0x3d 0x3d 0x15 0x0 0x0 0x0",,PASS,,,,,,,,,Sep 20 2019 6:07:18.7100 PM,Sep 20 2019 6:07:18.7100 PM,0
Check_Bootargs_Status,Check_Bootargs_Status,"[Hid] /usr/local/bin/hidreport -v 0x05ac -p 0x026F -u 0xFF00,0x000B get 0x3e",,PASS,,,,,,,,,Sep 20 2019 6:07:19.2000 PM,Sep 20 2019 6:07:19.2000 PM,0
Check_Bootargs_Status,Check_Bootargs_Status,Check_Bootargs_Status,15 00 00 00 ,PASS,,,,,,,,,Sep 20 2019 6:07:19.5890 PM,Sep 20 2019 6:07:19.5890 PM,0
Read_FG_SN,,,,,,,,,,,,,Sep 20 2019 6:07:19.5910 PM,Sep 20 2019 6:07:20.0810 PM,.4899
Read_FG_SN,Read_FG_SN,"[Hid] /usr/local/bin/hidreport -pid 0x026F -vid 0x05ac -usage 0xff00,0xb get 0x11",,PASS,,,,,,,,,Sep 20 2019 6:07:19.6910 PM,Sep 20 2019 6:07:19.6910 PM,0
Read_FG_SN,Read_FG_SN,Read_FG_SN,FTPZD00DP3LY,PASS,,,,,,,,,Sep 20 2019 6:07:20.0810 PM,Sep 20 2019 6:07:20.0810 PM,0
Compare_FG_SN,,,,,,,,,,,,,Sep 20 2019 6:07:20.0840 PM,Sep 20 2019 6:07:20.0840 PM,.0005
Compare_FG_SN,Compare_FG_SN,Compare_FG_SN,,PASS,,,,,,,,,Sep 20 2019 6:07:20.0840 PM,Sep 20 2019 6:07:20.0840 PM,0
Get_SFC_Info,,,,,,,,,,,,,Sep 20 2019 6:07:20.0880 PM,Sep 20 2019 6:07:21.1580 PM,1.0707
Get_SFC_Info,Get_SFC_Info,SFCSupport,getAttributes,PASS,,,,,,,,,Sep 20 2019 6:07:20.0910 PM,Sep 20 2019 6:07:21.1210 PM,1.0304
Get_SFC_Info,Get_SFC_Info,GET SFC info - unit_lbl,R128-P2_P22AEN-S1_C01039,PASS,,,,,,,,,Sep 20 2019 6:07:21.1220 PM,Sep 20 2019 6:07:21.1220 PM,0
Get_SFC_Info,Get_SFC_Info,SFCSupport,getAttributes-2,PASS,,,,,,,,,Sep 20 2019 6:07:21.1240 PM,Sep 20 2019 6:07:21.1270 PM,.0034
Get_SFC_Info,Get_SFC_Info,GET SFC info - wo_no,WCR-J90002,PASS,,,,,,,,,Sep 20 2019 6:07:21.1280 PM,Sep 20 2019 6:07:21.1280 PM,0
Get_SFC_Info,Get_SFC_Info,SFCSupport,getAttributes-3,PASS,,,,,,,,,Sep 20 2019 6:07:21.1290 PM,Sep 20 2019 6:07:21.1330 PM,.0039
Get_SFC_Info,Get_SFC_Info,GET SFC info - mlb_sn,DLX9373000NN4732S,PASS,,,,,,,,,Sep 20 2019 6:07:21.1330 PM,Sep 20 2019 6:07:21.1330 PM,0
Get_SFC_Info,Get_SFC_Info,SFCSupport,getAttributes-4,PASS,,,,,,,,,Sep 20 2019 6:07:21.1340 PM,Sep 20 2019 6:07:21.1390 PM,.0045
Get_SFC_Info,Get_SFC_Info,GET SFC info - kbm_sn,C4P9315007GJCPQ3G,PASS,,,,,,,,,Sep 20 2019 6:07:21.1400 PM,Sep 20 2019 6:07:21.1400 PM,0
Get_SFC_Info,Get_SFC_Info,SFCSupport,getAttributes-5,PASS,,,,,,,,,Sep 20 2019 6:07:21.1410 PM,Sep 20 2019 6:07:21.1460 PM,.0053
Get_SFC_Info,Get_SFC_Info,GET SFC info - trackpad_sn,FM7934700BLKG9X4A+S5J,PASS,,,,,,,,,Sep 20 2019 6:07:21.1470 PM,Sep 20 2019 6:07:21.1470 PM,0
Get_SFC_Info,Get_SFC_Info,SFCSupport,getAttributes-6,PASS,,,,,,,,,Sep 20 2019 6:07:21.1480 PM,Sep 20 2019 6:07:21.1510 PM,.0032
Get_SFC_Info,Get_SFC_Info,GET SFC info - backlight_sn,GV29357002AN5TG2T,PASS,,,,,,,,,Sep 20 2019 6:07:21.1510 PM,Sep 20 2019 6:07:21.1510 PM,0
Get_SFC_Info,Get_SFC_Info,SFCSupport,getAttributes-7,PASS,,,,,,,,,Sep 20 2019 6:07:21.1520 PM,Sep 20 2019 6:07:21.1570 PM,.0048
Get_SFC_Info,Get_SFC_Info,GET SFC info - touch_flex_sn,C47935505S8JFK022,PASS,,,,,,,,,Sep 20 2019 6:07:21.1580 PM,Sep 20 2019 6:07:21.1580 PM,0
MLB_SN,,,,,,,,,,,,,Sep 20 2019 6:07:21.1610 PM,Sep 20 2019 6:07:21.6550 PM,.4933
MLB_SN,MLB_SN,"[Hid] /usr/local/bin/hidreport -p 0x026F -vid 0x05ac -usage 0xff00,0xb get 0x12",,PASS,,,,,,,,,Sep 20 2019 6:07:21.2660 PM,Sep 20 2019 6:07:21.2660 PM,0
MLB_SN,MLB_SN,MLB_SN,DLX9373000NN4732S,PASS,,,,,,,,,Sep 20 2019 6:07:21.6550 PM,Sep 20 2019 6:07:21.6550 PM,0
WO_SN,,,,,,,,,,,,,Sep 20 2019 6:07:21.6570 PM,Sep 20 2019 6:07:21.6570 PM,.0005
WO_SN,WO_SN,WO_SN,WCR-J90002,PASS,,,,,,,,,Sep 20 2019 6:07:21.6570 PM,Sep 20 2019 6:07:21.6570 PM,0
UNIT_LBL,,,,,,,,,,,,,Sep 20 2019 6:07:21.6590 PM,Sep 20 2019 6:07:21.6600 PM,.0005
UNIT_LBL,UNIT_LBL,UNIT_LBL,R128-P2_P22AEN-S1_C01039,PASS,,,,,,,,,Sep 20 2019 6:07:21.6600 PM,Sep 20 2019 6:07:21.6600 PM,0
BUILD_EVENT,,,,,,,,,,,,,Sep 20 2019 6:07:21.6620 PM,Sep 20 2019 6:07:21.6620 PM,.0005
BUILD_EVENT,BUILD_EVENT,BUILD_EVENT: ,R128-P2,PASS,,,,,,,,,Sep 20 2019 6:07:21.6620 PM,Sep 20 2019 6:07:21.6620 PM,0
BUILD_MATRIX_CONFIG,,,,,,,,,,,,,Sep 20 2019 6:07:21.6640 PM,Sep 20 2019 6:07:21.6650 PM,.0005
BUILD_MATRIX_CONFIG,BUILD_MATRIX_CONFIG,BUILD_MATRIC_CONFIG: ,P22AEN-S1,PASS,,,,,,,,,Sep 20 2019 6:07:21.6650 PM,Sep 20 2019 6:07:21.6650 PM,0
UNIT#,,,,,,,,,,,,,Sep 20 2019 6:07:21.6670 PM,Sep 20 2019 6:07:21.6670 PM,.0005
UNIT#,UNIT#,UNIT#: ,C01039,PASS,,,,,,,,,Sep 20 2019 6:07:21.6670 PM,Sep 20 2019 6:07:21.6670 PM,0
S_BUILD,,,,,,,,,,,,,Sep 20 2019 6:07:21.6690 PM,Sep 20 2019 6:07:21.6700 PM,.0005
S_BUILD,S_BUILD,S_BUILD: ,R128-P2_P22AEN-S1,PASS,,,,,,,,,Sep 20 2019 6:07:21.6700 PM,Sep 20 2019 6:07:21.6700 PM,0
KBM_SN,,,,,,,,,,,,,Sep 20 2019 6:07:21.6720 PM,Sep 20 2019 6:07:21.6720 PM,.0006
KBM_SN,KBM_SN,KBM_SN,C4P9315007GJCPQ3G,PASS,,,,,,,,,Sep 20 2019 6:07:21.6720 PM,Sep 20 2019 6:07:21.6720 PM,0
BACKLIGHT_SN,,,,,,,,,,,,,Sep 20 2019 6:07:21.6740 PM,Sep 20 2019 6:07:21.6750 PM,.0005
BACKLIGHT_SN,BACKLIGHT_SN,BACKLIGHT_SN,GV29357002AN5TG2T,PASS,,,,,,,,,Sep 20 2019 6:07:21.6750 PM,Sep 20 2019 6:07:21.6750 PM,0
TRACKPAD_SN,,,,,,,,,,,,,Sep 20 2019 6:07:21.6770 PM,Sep 20 2019 6:07:21.6770 PM,.0006
TRACKPAD_SN,TRACKPAD_SN,TRACKPAD_SN,FM7934700BLKG9X4A+S5J,PASS,,,,,,,,,Sep 20 2019 6:07:21.6770 PM,Sep 20 2019 6:07:21.6770 PM,0
TOUCH_FLEX_SN,,,,,,,,,,,,,Sep 20 2019 6:07:21.6790 PM,Sep 20 2019 6:07:21.6800 PM,.0006
TOUCH_FLEX_SN,TOUCH_FLEX_SN,TOUCH_FLEX_SN,C47935505S8JFK022,PASS,,,,,,,,,Sep 20 2019 6:07:21.6790 PM,Sep 20 2019 6:07:21.6790 PM,0
Read_STFW_Version_Before_DL,,,,,,,,,,,,,Sep 20 2019 6:07:21.6820 PM,Sep 20 2019 6:07:22.1800 PM,.4988
Read_STFW_Version_Before_DL,Read_STFW_Version_Before_DL,[Hid] /usr/local/bin/hidreport -p 0x026F -i 0 get 0xB4,,PASS,,,,,,,,,Sep 20 2019 6:07:21.7890 PM,Sep 20 2019 6:07:21.7890 PM,0
Read_STFW_Version_Before_DL,Read_STFW_Version_Before_DL,Read_STFW_Version_Before_DL,0x0160,PASS,,,,,,,,,Sep 20 2019 6:07:22.1800 PM,Sep 20 2019 6:07:22.1800 PM,0
Read_STFW_Version_Before_DL,Read_STFW_Version_Before_DL,,,PASS,,352,NA,,,,,NA,Sep 20 2019 6:07:22.1800 PM,Sep 20 2019 6:07:22.1800 PM,0
Read_MTFW_Version_Before_DL,,,,,,,,,,,,,Sep 20 2019 6:07:22.1830 PM,Sep 20 2019 6:07:22.6670 PM,.484
Read_MTFW_Version_Before_DL,Read_MTFW_Version_Before_DL,[Hid] /usr/local/bin/hidreport -p 0x026F -i 0 get 0xbb,,PASS,,,,,,,,,Sep 20 2019 6:07:22.2810 PM,Sep 20 2019 6:07:22.2810 PM,0
Read_MTFW_Version_Before_DL,Read_MTFW_Version_Before_DL,Read_MTFW_Version_Before_DL,0x0505,PASS,,,,,,,,,Sep 20 2019 6:07:22.6660 PM,Sep 20 2019 6:07:22.6660 PM,0
Read_MTFW_Version_Before_DL,Read_MTFW_Version_Before_DL,,,PASS,,1285,NA,,,,,NA,Sep 20 2019 6:07:22.6670 PM,Sep 20 2019 6:07:22.6670 PM,0
Program_STFW,,,,,,,,,,,,,Sep 20 2019 6:07:22.6690 PM,Sep 20 2019 6:08:05.9120 PM,43.2429
Program_STFW,Program_STFW,[Hid] /usr/local/bin/hidreport -v 0x05ac -p 0x026F -i 0 set 0x3D 0x3D 0x13 0x0 0x0 0x0,,PASS,,,,,,,,,Sep 20 2019 6:07:22.7630 PM,Sep 20 2019 6:07:22.7630 PM,0
Program_STFW,Program_STFW,[Hid] /usr/local/bin/hidreport -v 0x05ac -p 0x026F -i 0 set 0x3E 0x3E 0x13 0x0 0x0 0x0 0x2,,PASS,,,,,,,,,Sep 20 2019 6:07:23.2440 PM,Sep 20 2019 6:07:23.2440 PM,0
Program_STFW,Program_STFW,Disable_Touch,Pass,PASS,,,,,,,,,Sep 20 2019 6:07:23.6310 PM,Sep 20 2019 6:07:23.6310 PM,0
Program_STFW,Program_STFW,[Fixture] Power off,sendCommand,PASS,,,,,,,,,Sep 20 2019 6:07:23.6320 PM,Sep 20 2019 6:07:23.6360 PM,.0032
Program_STFW,Program_STFW,[Fixture] Power on,sendCommand,PASS,,,,,,,,,Sep 20 2019 6:07:24.0040 PM,Sep 20 2019 6:07:24.0190 PM,.0155
Program_STFW,Program_STFW,[P203] ,sendCommand,PASS,,,,,,,,,Sep 20 2019 6:07:27.0920 PM,Sep 20 2019 6:07:27.1040 PM,.0127
Program_STFW,Program_STFW,[P203] flags ~ro,sendCommandChars,PASS,,,,,,,,,Sep 20 2019 6:07:27.1060 PM,Sep 20 2019 6:07:27.1090 PM,.0034
Program_STFW,Program_STFW,P203,read,PASS,,,,,,,,,Sep 20 2019 6:07:27.1100 PM,Sep 20 2019 6:07:27.1200 PM,.0096
Program_STFW,Program_STFW,P203,read-2,PASS,,,,,,,,,Sep 20 2019 6:07:27.1210 PM,Sep 20 2019 6:07:27.1220 PM,.0001
Program_STFW,Program_STFW,P203,read-3,PASS,,,,,,,,,Sep 20 2019 6:07:27.1230 PM,Sep 20 2019 6:07:27.1510 PM,.0284
Program_STFW,Program_STFW,[P203] aid hsena 1,sendCommandChars,PASS,,,,,,,,,Sep 20 2019 6:07:27.1530 PM,Sep 20 2019 6:07:27.1840 PM,.0315
Program_STFW,Program_STFW,P203,read-4,PASS,,,,,,,,,Sep 20 2019 6:07:27.1860 PM,Sep 20 2019 6:07:27.1860 PM,.0002
Program_STFW,Program_STFW,P203,read-5,PASS,,,,,,,,,Sep 20 2019 6:07:27.1870 PM,Sep 20 2019 6:07:27.2110 PM,.0243
Program_STFW,Program_STFW,HSAID enabled,,PASS,,,,,,,,,Sep 20 2019 6:07:27.2120 PM,Sep 20 2019 6:07:27.2120 PM,0
Program_STFW,Program_STFW,[Hid] /usr/local/bin/shfuc -n -v 0x05ac -p 0x026F -f /usr/local/bin/R128-v0x0171-dev-signed.128.P2.afu,,PASS,,,,,,,,,Sep 20 2019 6:07:58.9910 PM,Sep 20 2019 6:07:58.9910 PM,0
Program_STFW,Program_STFW,Program_STFW,,PASS,,,,,,,,,Sep 20 2019 6:07:59.3790 PM,Sep 20 2019 6:07:59.3790 PM,0
Program_STFW,Program_STFW,StationReportPlugin,appendReportData,PASS,,,,,,,,,Sep 20 2019 6:07:59.3810 PM,Sep 20 2019 6:07:59.3810 PM,0
Program_STFW,Program_STFW,[Fixture] Power off,sendCommand-2,PASS,,,,,,,,,Sep 20 2019 6:08:02.4530 PM,Sep 20 2019 6:08:02.4610 PM,.008
Program_STFW,Program_STFW,[Fixture] Power on,sendCommand-2,PASS,,,,,,,,,Sep 20 2019 6:08:02.8350 PM,Sep 20 2019 6:08:02.8450 PM,.0097
Program_MTFW,,,,,,,,,,,,,Sep 20 2019 6:08:05.9160 PM,Sep 20 2019 6:08:32.7350 PM,26.82
Program_MTFW,Program_MTFW,[Hid] /usr/local/bin/hidreport -v 0x05ac -p 0x026F -i 0 set 0x3D 0x3D 0x13 0x0 0x0 0x0,,PASS,,,,,,,,,Sep 20 2019 6:08:05.9670 PM,Sep 20 2019 6:08:05.9670 PM,0
Program_MTFW,Program_MTFW,[Hid] /usr/local/bin/hidreport -v 0x05ac -p 0x026F -i 0 set 0x3E 0x3E 0x13 0x0 0x0 0x0 0x2,,PASS,,,,,,,,,Sep 20 2019 6:08:06.3980 PM,Sep 20 2019 6:08:06.3980 PM,0
Program_MTFW,Program_MTFW,Disable_Touch,Pass,PASS,,,,,,,,,Sep 20 2019 6:08:06.7860 PM,Sep 20 2019 6:08:06.7860 PM,0
Program_MTFW,Program_MTFW,[Fixture] Power off,sendCommand,PASS,,,,,,,,,Sep 20 2019 6:08:06.7870 PM,Sep 20 2019 6:08:06.7920 PM,.0051
Program_MTFW,Program_MTFW,[Fixture] Power on,sendCommand,PASS,,,,,,,,,Sep 20 2019 6:08:07.1690 PM,Sep 20 2019 6:08:07.1760 PM,.0069
Program_MTFW,Program_MTFW,[P203] ,sendCommand,PASS,,,,,,,,,Sep 20 2019 6:08:10.2470 PM,Sep 20 2019 6:08:10.2510 PM,.0044
Program_MTFW,Program_MTFW,[P203] flags ~ro,sendCommandChars,PASS,,,,,,,,,Sep 20 2019 6:08:10.2530 PM,Sep 20 2019 6:08:10.2560 PM,.0032
Program_MTFW,Program_MTFW,P203,read,PASS,,,,,,,,,Sep 20 2019 6:08:10.2570 PM,Sep 20 2019 6:08:10.2670 PM,.01
Program_MTFW,Program_MTFW,P203,read-2,PASS,,,,,,,,,Sep 20 2019 6:08:10.2690 PM,Sep 20 2019 6:08:10.2690 PM,.0001
Program_MTFW,Program_MTFW,P203,read-3,PASS,,,,,,,,,Sep 20 2019 6:08:10.2700 PM,Sep 20 2019 6:08:10.2970 PM,.0266
Program_MTFW,Program_MTFW,[P203] aid hsena 1,sendCommandChars,PASS,,,,,,,,,Sep 20 2019 6:08:10.2980 PM,Sep 20 2019 6:08:10.3310 PM,.0331
Program_MTFW,Program_MTFW,P203,read-4,PASS,,,,,,,,,Sep 20 2019 6:08:10.3330 PM,Sep 20 2019 6:08:10.3330 PM,.0001
Program_MTFW,Program_MTFW,P203,read-5,PASS,,,,,,,,,Sep 20 2019 6:08:10.3340 PM,Sep 20 2019 6:08:10.3570 PM,.023
Program_MTFW,Program_MTFW,HSAID enabled,,PASS,,,,,,,,,Sep 20 2019 6:08:10.3580 PM,Sep 20 2019 6:08:10.3580 PM,0
Program_MTFW,Program_MTFW,[Hid] /usr/local/bin/shfuc -n -v 0x05ac -p 0x026F -f /usr/local/bin/R128-MTFW-0x0506.HW3.dev-sig.afu,,PASS,,,,,,,,,Sep 20 2019 6:08:18.8040 PM,Sep 20 2019 6:08:18.8040 PM,0
Program_MTFW,Program_MTFW,Program_MTFW,,PASS,,,,,,,,,Sep 20 2019 6:08:19.1950 PM,Sep 20 2019 6:08:19.1950 PM,0
Program_MTFW,Program_MTFW,StationReportPlugin,appendReportData,PASS,,,,,,,,,Sep 20 2019 6:08:19.1960 PM,Sep 20 2019 6:08:19.1960 PM,0
Program_MTFW,Program_MTFW,[Fixture] Power off,sendCommand-2,PASS,,,,,,,,,Sep 20 2019 6:08:29.2660 PM,Sep 20 2019 6:08:29.2790 PM,.0132
Program_MTFW,Program_MTFW,[Fixture] Power on,sendCommand-2,PASS,,,,,,,,,Sep 20 2019 6:08:29.6480 PM,Sep 20 2019 6:08:29.6630 PM,.0148
Read_STFW_Version_After_DL,,,,,,,,,,,,,Sep 20 2019 6:08:32.7390 PM,Sep 20 2019 6:08:33.1770 PM,.4383
Read_STFW_Version_After_DL,Read_STFW_Version_After_DL,[Hid] /usr/local/bin/hidreport -p 0x026F -i 0 get 0xB4,,PASS,,,,,,,,,Sep 20 2019 6:08:32.7880 PM,Sep 20 2019 6:08:32.7880 PM,0
Read_STFW_Version_After_DL,Read_STFW_Version_After_DL,Read_STFW_Version_After_DL,0x0171,PASS,,,,,,,,,Sep 20 2019 6:08:33.1770 PM,Sep 20 2019 6:08:33.1770 PM,0
Read_STFW_Version_After_DL,Read_STFW_Version_After_DL,,,PASS,,369,NA,369,369,,,NA,Sep 20 2019 6:08:33.1770 PM,Sep 20 2019 6:08:33.1770 PM,0
Read_MTFW_Version_After_DL,,,,,,,,,,,,,Sep 20 2019 6:08:33.1800 PM,Sep 20 2019 6:08:33.6190 PM,.4398
Read_MTFW_Version_After_DL,Read_MTFW_Version_After_DL,[Hid] /usr/local/bin/hidreport -p 0x026F -i 0 get 0xbb,,PASS,,,,,,,,,Sep 20 2019 6:08:33.2310 PM,Sep 20 2019 6:08:33.2310 PM,0
Read_MTFW_Version_After_DL,Read_MTFW_Version_After_DL,Read_MTFW_Version_After_DL,0x0506,PASS,,,,,,,,,Sep 20 2019 6:08:33.6190 PM,Sep 20 2019 6:08:33.6190 PM,0
Read_MTFW_Version_After_DL,Read_MTFW_Version_After_DL,,,PASS,,1286,NA,1286,1286,,,NA,Sep 20 2019 6:08:33.6190 PM,Sep 20 2019 6:08:33.6190 PM,0
Check_EP_Status,,,,,,,,,,,,,Sep 20 2019 6:08:33.6220 PM,Sep 20 2019 6:08:34.5040 PM,.8824
Check_EP_Status,Check_EP_Status,[Hid] /usr/local/bin/hidreport -v 0x05ac -p 0x026F -i 0 set 0x3D 0x3D 0x13 0x0 0x0 0x0,,PASS,,,,,,,,,Sep 20 2019 6:08:33.6740 PM,Sep 20 2019 6:08:33.6740 PM,0
Check_EP_Status,Check_EP_Status,[Hid] /usr/local/bin/hidreport -v 0x05ac -p 0x026F -i 0 get 0x3E,,PASS,,,,,,,,,Sep 20 2019 6:08:34.1140 PM,Sep 20 2019 6:08:34.1140 PM,0
Check_EP_Status,Check_EP_Status,Check_EP_Status,13 00 00 00 02 ,PASS,,,,,,,,,Sep 20 2019 6:08:34.5040 PM,Sep 20 2019 6:08:34.5040 PM,0
EP_Enable_All,,,,,,,,,,,,,Sep 20 2019 6:08:34.5060 PM,Sep 20 2019 6:08:38.5640 PM,4.0572
EP_Enable_All,EP_Enable_All,[Hid] /usr/local/bin/hidreport -v 0x05ac -p 0x026F -i 0 set 0x3E 0x3E 0x13 0x0 0x0 0x0 0x0,,PASS,,,,,,,,,Sep 20 2019 6:08:34.5860 PM,Sep 20 2019 6:08:34.5860 PM,0
EP_Enable_All,EP_Enable_All,EP_Enable_All,Pass,PASS,,,,,,,,,Sep 20 2019 6:08:34.9760 PM,Sep 20 2019 6:08:34.9760 PM,0
EP_Enable_All,EP_Enable_All,[Fixture] Power off,sendCommand,PASS,,,,,,,,,Sep 20 2019 6:08:34.9770 PM,Sep 20 2019 6:08:34.9850 PM,.0083
EP_Enable_All,EP_Enable_All,[Fixture] Power on,sendCommand,PASS,,,,,,,,,Sep 20 2019 6:08:35.4870 PM,Sep 20 2019 6:08:35.4960 PM,.0093
Read_HW_Version,,,,,,,,,,,,,Sep 20 2019 6:08:38.5660 PM,Sep 20 2019 6:08:39.0070 PM,.4407
Read_HW_Version,Read_HW_Version,"[Hid] /usr/local/bin/hidreport -pid 0x026F -vid 0x05ac -usage 0xff00,0xb get 0xbc",,PASS,,,,,,,,,Sep 20 2019 6:08:38.6170 PM,Sep 20 2019 6:08:38.6170 PM,0
Read_HW_Version,Read_HW_Version,Read_HW_Version,,PASS,,3,,3,3,,,,Sep 20 2019 6:08:39.0060 PM,Sep 20 2019 6:08:39.0060 PM,0
GreenPAK_ID,,,,,,,,,,,,,Sep 20 2019 6:08:39.0090 PM,Sep 20 2019 6:08:42.6190 PM,3.6092
GreenPAK_ID,GreenPAK_ID,"[Hid] /usr/local/bin/hidreport -pid 0x026F -vid 0x05ac -usage 0xff00,0xb get 0x90",,PASS,,,,,,,,,Sep 20 2019 6:08:39.0610 PM,Sep 20 2019 6:08:39.0610 PM,0
GreenPAK_ID,GreenPAK_ID,"[Hid] /usr/local/bin/hidreport -pid 0x026F -vid 0x05ac -usage 0xff00,0xb get 0x90-2",,PASS,,,,,,,,,Sep 20 2019 6:08:42.2330 PM,Sep 20 2019 6:08:42.2330 PM,0
GreenPAK_ID,GreenPAK_ID,GreenPAK_ID,,PASS,,2,,2,2,,,,Sep 20 2019 6:08:42.6180 PM,Sep 20 2019 6:08:42.6180 PM,0
Read_CCG3_FW,,,,,,,,,,,,,Sep 20 2019 6:08:42.6210 PM,Sep 20 2019 6:08:50.7240 PM,8.1027
Read_CCG3_FW,Read_CCG3_FW,"[Hid] /usr/local/bin/hidreport -v 0x05ac -p 0x026F -usage 0xff00,0xb set 0xce 0xce 6 6 0",,PASS,,,,,,,,,Sep 20 2019 6:08:42.6660 PM,Sep 20 2019 6:08:42.6660 PM,0
Read_CCG3_FW,Read_CCG3_FW,"[Hid] /usr/local/bin/hidreport -v 0x05ac -p 0x026F -usage 0xff00,0xb set 0xce 0xce 6 6 0-2",,PASS,,,,,,,,,Sep 20 2019 6:08:45.8830 PM,Sep 20 2019 6:08:45.8830 PM,0
Read_CCG3_FW,Read_CCG3_FW,"[Hid] /usr/local/bin/hidreport -v 0x05ac -p 0x026F -usage 0xff00,0xb get 0xa0",,PASS,,,,,,,,,Sep 20 2019 6:08:46.4510 PM,Sep 20 2019 6:08:46.4510 PM,0
Read_CCG3_FW,Read_CCG3_FW,"[Hid] /usr/local/bin/hidreport -v 0x05ac -p 0x026F -usage 0xff00,0xb set 0xce 0xce 6 6 1",,PASS,,,,,,,,,Sep 20 2019 6:08:46.9450 PM,Sep 20 2019 6:08:46.9450 PM,0
Read_CCG3_FW,Read_CCG3_FW,ReadCCG3FW,,PASS,,,,,,,,,Sep 20 2019 6:08:47.3330 PM,Sep 20 2019 6:08:47.3330 PM,0
Read_CCG3_FW,Read_CCG3_FW,ReadCCG3FW,A0 02 00 0B 00 0B 00 0B ,PASS,,,,,,,,,Sep 20 2019 6:08:47.3340 PM,Sep 20 2019 6:08:47.3340 PM,0
Read_CCG3_FW,Read_CCG3_FW,[Fixture] Power off,sendCommand,PASS,,,,,,,,,Sep 20 2019 6:08:47.3350 PM,Sep 20 2019 6:08:47.3390 PM,.004
Read_CCG3_FW,Read_CCG3_FW,[Fixture] Power on,sendCommand,PASS,,,,,,,,,Sep 20 2019 6:08:47.7060 PM,Sep 20 2019 6:08:47.7230 PM,.0164
Production_Signed_Check,,,,,,,,,,,,,Sep 20 2019 6:08:50.7260 PM,Sep 20 2019 6:08:51.1630 PM,.4371
Production_Signed_Check,Production_Signed_Check,"[Hid] /usr/local/bin/hidreport -pid 0x026F -vid 0x05ac -usage 0xff00,0x000b get 0x13",,PASS,,,,,,,,,Sep 20 2019 6:08:50.7730 PM,Sep 20 2019 6:08:50.7730 PM,0
Production_Signed_Check,Production_Signed_Check,Production_Signed_Check,,PASS,,0,,0,0,,,,Sep 20 2019 6:08:51.1630 PM,Sep 20 2019 6:08:51.1630 PM,0
Read_KBD_HW_Layout,,,,,,,,,,,,,Sep 20 2019 6:08:51.1660 PM,Sep 20 2019 6:08:51.5950 PM,.4298
Read_KBD_HW_Layout,Read_KBD_HW_Layout,"[Hid] /usr/local/bin/hidreport -pid 0x026F -vid 0x05ac -usage 0x0001,0x0006 get 0x04",,PASS,,,,,,,,,Sep 20 2019 6:08:51.2120 PM,Sep 20 2019 6:08:51.2120 PM,0
Read_KBD_HW_Layout,Read_KBD_HW_Layout,Read_KBD_HW_Layout,,PASS,,33,,33,33,,,,Sep 20 2019 6:08:51.5950 PM,Sep 20 2019 6:08:51.5950 PM,0
Get_KBD_HW_Layout,,,,,,,,,,,,,Sep 20 2019 6:08:51.5980 PM,Sep 20 2019 6:08:51.5990 PM,.0007
Get_KBD_HW_Layout,Get_KBD_HW_Layout,Read_KBD_HW_Layout,,PASS,,33,,33,33,,,,Sep 20 2019 6:08:51.5980 PM,Sep 20 2019 6:08:51.5980 PM,0
Compare_KBD_HW_Layout,,,,,,,,,,,,,Sep 20 2019 6:08:51.6010 PM,Sep 20 2019 6:08:51.6010 PM,.0005
Compare_KBD_HW_Layout,Compare_KBD_HW_Layout,Compare_KBD_HW_Layout,,PASS,,,,,,,,,Sep 20 2019 6:08:51.6010 PM,Sep 20 2019 6:08:51.6010 PM,0
Read_MLB_Lang,,,,,,,,,,,,,Sep 20 2019 6:08:51.6030 PM,Sep 20 2019 6:08:51.9670 PM,.3634
Read_MLB_Lang,Read_MLB_Lang,"[Hid] /usr/local/bin/hidreport -pid 0x026F -vid 0x05ac -usage 0x0001,0x0006 get 0x02",,PASS,,,,,,,,,Sep 20 2019 6:08:51.6510 PM,Sep 20 2019 6:08:51.6510 PM,0
Read_MLB_Lang,Read_MLB_Lang,Read_MLB_Lang,02 01 01 05 49 ,PASS,,,,,,,,,Sep 20 2019 6:08:51.9660 PM,Sep 20 2019 6:08:51.9660 PM,0
Get_KBD_Lang,,,,,,,,,,,,,Sep 20 2019 6:08:51.9690 PM,Sep 20 2019 6:08:51.9690 PM,.0006
Get_KBD_Lang,Get_KBD_Lang,Get_KBD_Lang,02 01 01 05 49,PASS,,,,,,,,,Sep 20 2019 6:08:51.9690 PM,Sep 20 2019 6:08:51.9690 PM,0
Check_KBD_Lang,,,,,,,,,,,,,Sep 20 2019 6:08:51.9710 PM,Sep 20 2019 6:08:51.9720 PM,.0005
Check_KBD_Lang,Check_KBD_Lang,Check_KBD_Lang,,PASS,,,,,,,,,Sep 20 2019 6:08:51.9720 PM,Sep 20 2019 6:08:51.9720 PM,0
Read_MFI_Address,,,,,,,,,,,,,Sep 20 2019 6:08:51.9740 PM,Sep 20 2019 6:08:52.4130 PM,.4388
Read_MFI_Address,Read_MFI_Address,[Hid] /usr/local/bin/hidreport -p 0x026F -v 0x05ac -i 0 get 0x5E,,PASS,,,,,,,,,Sep 20 2019 6:08:52.0240 PM,Sep 20 2019 6:08:52.0240 PM,0
Read_MFI_Address,Read_MFI_Address,Read_MFI_Address,,PASS,,16,,16,16,,,,Sep 20 2019 6:08:52.4120 PM,Sep 20 2019 6:08:52.4120 PM,0
System_Critical_Errors,,,,,,,,,,,,,Sep 20 2019 6:08:52.4150 PM,Sep 20 2019 6:08:52.8510 PM,.4364
System_Critical_Errors,System_Critical_Errors,"[Hid] /usr/local/bin/hidreport -v 0x05ac -p 0x026F -usage 0xff00,0xb get 0xE1",,PASS,,,,,,,,,Sep 20 2019 6:08:52.4630 PM,Sep 20 2019 6:08:52.4630 PM,0
System_Critical_Errors,System_Critical_Errors,CRIT_ERR_E1_PART1,,PASS,,8704,,,,,,,Sep 20 2019 6:08:52.8500 PM,Sep 20 2019 6:08:52.8500 PM,0
System_Critical_Errors,System_Critical_Errors,CRIT_ERR_E1_PART2,,PASS,,0,,,,,,,Sep 20 2019 6:08:52.8500 PM,Sep 20 2019 6:08:52.8500 PM,0
System_Critical_Errors,System_Critical_Errors,CRIT_ERR_E1,,PASS,,,,,,,,,Sep 20 2019 6:08:52.8510 PM,Sep 20 2019 6:08:52.8510 PM,0
FW_Update_Critical_Errors,,,,,,,,,,,,,Sep 20 2019 6:08:52.8540 PM,Sep 20 2019 6:08:53.2870 PM,.4327
FW_Update_Critical_Errors,FW_Update_Critical_Errors,"[Hid] /usr/local/bin/hidreport -v 0x05ac -p 0x026F -usage 0xff00,0xb get 0xE2",,PASS,,,,,,,,,Sep 20 2019 6:08:52.9020 PM,Sep 20 2019 6:08:52.9020 PM,0
FW_Update_Critical_Errors,FW_Update_Critical_Errors,CRIT_ERR_E2_PART1,,PASS,,0,,,,,,,Sep 20 2019 6:08:53.2600 PM,Sep 20 2019 6:08:53.2600 PM,0
FW_Update_Critical_Errors,FW_Update_Critical_Errors,CRIT_ERR_E2_PART2,,PASS,,0,,,,,,,Sep 20 2019 6:08:53.2610 PM,Sep 20 2019 6:08:53.2610 PM,0
FW_Update_Critical_Errors,FW_Update_Critical_Errors,CRIT_ERR_E2_PART3,,PASS,,0,,,,,,,Sep 20 2019 6:08:53.2620 PM,Sep 20 2019 6:08:53.2620 PM,0
FW_Update_Critical_Errors,FW_Update_Critical_Errors,CRIT_ERR_E2,,PASS,,,,,,,,,Sep 20 2019 6:08:53.2860 PM,Sep 20 2019 6:08:53.2860 PM,0
Key_Scan_Critical_Errors,,,,,,,,,,,,,Sep 20 2019 6:08:53.2920 PM,Sep 20 2019 6:08:53.7530 PM,.4611
Key_Scan_Critical_Errors,Key_Scan_Critical_Errors,"[Hid] /usr/local/bin/hidreport -v 0x05ac -p 0x026F -usage 0xff00,0xb get 0xE7",,PASS,,,,,,,,,Sep 20 2019 6:08:53.3570 PM,Sep 20 2019 6:08:53.3570 PM,0
Key_Scan_Critical_Errors,Key_Scan_Critical_Errors,CRIT_ERR_E7_PART1,,PASS,,0,,,,,,,Sep 20 2019 6:08:53.7510 PM,Sep 20 2019 6:08:53.7510 PM,0
Key_Scan_Critical_Errors,Key_Scan_Critical_Errors,CRIT_ERR_E7_PART2,,PASS,,0,,,,,,,Sep 20 2019 6:08:53.7510 PM,Sep 20 2019 6:08:53.7510 PM,0
Key_Scan_Critical_Errors,Key_Scan_Critical_Errors,CRIT_ERR_E7_PART3,,PASS,,0,,,,,,,Sep 20 2019 6:08:53.7520 PM,Sep 20 2019 6:08:53.7520 PM,0
Key_Scan_Critical_Errors,Key_Scan_Critical_Errors,CRIT_ERR_E7_PART4,,PASS,,0,,,,,,,Sep 20 2019 6:08:53.7520 PM,Sep 20 2019 6:08:53.7520 PM,0
Key_Scan_Critical_Errors,Key_Scan_Critical_Errors,CRIT_ERR_E7,,PASS,,,,,,,,,Sep 20 2019 6:08:53.7530 PM,Sep 20 2019 6:08:53.7530 PM,0
USBC_Critical_Errors,,,,,,,,,,,,,Sep 20 2019 6:08:53.7560 PM,Sep 20 2019 6:08:54.1870 PM,.4313
USBC_Critical_Errors,USBC_Critical_Errors,"[Hid] /usr/local/bin/hidreport -v 0x05ac -p 0x026F -usage 0xff00,0xb get 0xE3",,PASS,,,,,,,,,Sep 20 2019 6:08:53.8030 PM,Sep 20 2019 6:08:53.8030 PM,0
USBC_Critical_Errors,USBC_Critical_Errors,CRIT_ERR_E3_PART1,,PASS,,0,,,,,,,Sep 20 2019 6:08:54.1850 PM,Sep 20 2019 6:08:54.1850 PM,0
USBC_Critical_Errors,USBC_Critical_Errors,CRIT_ERR_E3_PART2,,PASS,,0,,,,,,,Sep 20 2019 6:08:54.1850 PM,Sep 20 2019 6:08:54.1850 PM,0
USBC_Critical_Errors,USBC_Critical_Errors,CRIT_ERR_E3_PART3,,PASS,,0,,,,,,,Sep 20 2019 6:08:54.1860 PM,Sep 20 2019 6:08:54.1860 PM,0
USBC_Critical_Errors,USBC_Critical_Errors,CRIT_ERR_E3_PART4,,PASS,,0,,,,,,,Sep 20 2019 6:08:54.1860 PM,Sep 20 2019 6:08:54.1860 PM,0
USBC_Critical_Errors,USBC_Critical_Errors,CRIT_ERR_E3,,PASS,,,,,,,,,Sep 20 2019 6:08:54.1870 PM,Sep 20 2019 6:08:54.1870 PM,0
Grape_Critical_Errors,,,,,,,,,,,,,Sep 20 2019 6:08:54.1900 PM,Sep 20 2019 6:08:54.6830 PM,.493
Grape_Critical_Errors,Grape_Critical_Errors,"[Hid] /usr/local/bin/hidreport -v 0x05ac -p 0x026F -usage 0xff00,0xb get 0xE5",,PASS,,,,,,,,,Sep 20 2019 6:08:54.2890 PM,Sep 20 2019 6:08:54.2890 PM,0
Grape_Critical_Errors,Grape_Critical_Errors,CRIT_ERR_E5_PART1,,PASS,,16777216,,,,,,,Sep 20 2019 6:08:54.6780 PM,Sep 20 2019 6:08:54.6780 PM,0
Grape_Critical_Errors,Grape_Critical_Errors,CRIT_ERR_E5_PART2,,PASS,,0,,,,,,,Sep 20 2019 6:08:54.6780 PM,Sep 20 2019 6:08:54.6780 PM,0
Grape_Critical_Errors,Grape_Critical_Errors,CRIT_ERR_E5_PART3,,PASS,,0,,,,,,,Sep 20 2019 6:08:54.6790 PM,Sep 20 2019 6:08:54.6790 PM,0
Grape_Critical_Errors,Grape_Critical_Errors,CRIT_ERR_E5_PART4,,PASS,,0,,,,,,,Sep 20 2019 6:08:54.6790 PM,Sep 20 2019 6:08:54.6790 PM,0
Grape_Critical_Errors,Grape_Critical_Errors,CRIT_ERR_E5_PART5,,PASS,,0,,,,,,,Sep 20 2019 6:08:54.6790 PM,Sep 20 2019 6:08:54.6790 PM,0
Grape_Critical_Errors,Grape_Critical_Errors,CRIT_ERR_E5_PART6,,PASS,,0,,,,,,,Sep 20 2019 6:08:54.6800 PM,Sep 20 2019 6:08:54.6800 PM,0
Grape_Critical_Errors,Grape_Critical_Errors,CRIT_ERR_E5_PART7,,PASS,,16842752,,,,,,,Sep 20 2019 6:08:54.6800 PM,Sep 20 2019 6:08:54.6800 PM,0
Grape_Critical_Errors,Grape_Critical_Errors,CRIT_ERR_E5_PART8,,PASS,,16777216,,,,,,,Sep 20 2019 6:08:54.6800 PM,Sep 20 2019 6:08:54.6800 PM,0
Grape_Critical_Errors,Grape_Critical_Errors,CRIT_ERR_E5_PART9,,PASS,,0,,,,,,,Sep 20 2019 6:08:54.6810 PM,Sep 20 2019 6:08:54.6810 PM,0
Grape_Critical_Errors,Grape_Critical_Errors,CRIT_ERR_E5_PART10,,PASS,,0,,,,,,,Sep 20 2019 6:08:54.6810 PM,Sep 20 2019 6:08:54.6810 PM,0
Grape_Critical_Errors,Grape_Critical_Errors,CRIT_ERR_E5,,PASS,,,,,,,,,Sep 20 2019 6:08:54.6830 PM,Sep 20 2019 6:08:54.6830 PM,0
Critical_Errors_Summary,,,,,,,,,,,,,Sep 20 2019 6:08:54.7350 PM,Sep 20 2019 6:08:55.1900 PM,.4555
Critical_Errors_Summary,Critical_Errors_Summary,"[Hid] /usr/local/bin/hidreport -pid 0x026F -vid 0x05ac -usage 0xff00,0xb get 0xE0",,PASS,,,,,,,,,Sep 20 2019 6:08:54.7930 PM,Sep 20 2019 6:08:54.7930 PM,0
Critical_Errors_Summary,Critical_Errors_Summary,CRIT_ERR_E0_PART1,,PASS,,0,,,,,,,Sep 20 2019 6:08:55.1890 PM,Sep 20 2019 6:08:55.1890 PM,0
Critical_Errors_Summary,Critical_Errors_Summary,CRIT_ERR_E0,,PASS,,,,,,,,,Sep 20 2019 6:08:55.1900 PM,Sep 20 2019 6:08:55.1900 PM,0
Backlight_Critical_Errors,,,,,,,,,,,,,Sep 20 2019 6:08:55.1930 PM,Sep 20 2019 6:08:55.6210 PM,.4287
Backlight_Critical_Errors,Backlight_Critical_Errors,"[Hid] /usr/local/bin/hidreport -pid 0x026F -vid 0x05ac -usage 0xff00,0xf get 0x07",,PASS,,,,,,,,,Sep 20 2019 6:08:55.3010 PM,Sep 20 2019 6:08:55.3010 PM,0
Backlight_Critical_Errors,Backlight_Critical_Errors,BL_CRI_ERR_PART1,,PASS,,0,,,,,,,Sep 20 2019 6:08:55.6200 PM,Sep 20 2019 6:08:55.6200 PM,0
Backlight_Critical_Errors,Backlight_Critical_Errors,BL_CRI_ERR,,PASS,,,,,,,,,Sep 20 2019 6:08:55.6210 PM,Sep 20 2019 6:08:55.6210 PM,0
Grape_Connector_Self_Critical_Errors,,,,,,,,,,,,,Sep 20 2019 6:08:55.6240 PM,Sep 20 2019 6:08:56.1200 PM,.4964
Grape_Connector_Self_Critical_Errors,Grape_Connector_Self_Critical_Errors,"[Hid] /usr/local/bin/hidreport -v 0x5ac -p 0x026F -usage 0x0001,0x0002 get 0xD3",,PASS,,,,,,,,,Sep 20 2019 6:08:55.7260 PM,Sep 20 2019 6:08:55.7260 PM,0
Grape_Connector_Self_Critical_Errors,Grape_Connector_Self_Critical_Errors,CRIT_ERR_D3_PART1,,PASS,,17437701,,,,,,,Sep 20 2019 6:08:56.1180 PM,Sep 20 2019 6:08:56.1180 PM,0
Grape_Connector_Self_Critical_Errors,Grape_Connector_Self_Critical_Errors,CRIT_ERR_D3_PART2,,PASS,,100665876,,,,,,,Sep 20 2019 6:08:56.1190 PM,Sep 20 2019 6:08:56.1190 PM,0
Grape_Connector_Self_Critical_Errors,Grape_Connector_Self_Critical_Errors,CRIT_ERR_D3_PART3,,PASS,,704839680,,,,,,,Sep 20 2019 6:08:56.1190 PM,Sep 20 2019 6:08:56.1190 PM,0
Grape_Connector_Self_Critical_Errors,Grape_Connector_Self_Critical_Errors,CRIT_ERR_D3,,PASS,,,,,,,,,Sep 20 2019 6:08:56.1200 PM,Sep 20 2019 6:08:56.1200 PM,0
Finish DRCB,,,,,,,,,,,,,Sep 20 2019 6:08:56.1230 PM,Sep 20 2019 6:08:56.5920 PM,.4687
Finish DRCB,Finish DRCB,DRCB,Finish,PASS,,,,,,,,,Sep 20 2019 6:08:56.1240 PM,Sep 20 2019 6:08:56.5910 PM,.4665
Fixturereset,,,,,,,,,,,,,Sep 20 2019 6:08:56.5940 PM,Sep 20 2019 6:08:57.7620 PM,1.1681
Fixturereset,Fixturereset,[Fixture] Retract pogo,sendCommand,PASS,,,,,,,,,Sep 20 2019 6:08:56.5950 PM,Sep 20 2019 6:08:56.7530 PM,.1577
Fixturereset,Fixturereset,Fixture,close,PASS,,,,,,,,,Sep 20 2019 6:08:57.7550 PM,Sep 20 2019 6:08:57.7550 PM,.0005
Fixturereset,Fixturereset,P203,close,PASS,,,,,,,,,Sep 20 2019 6:08:57.7570 PM,Sep 20 2019 6:08:57.7610 PM,.0045
