Test,Plugin,Command,Status,Info,Start Time,End Time,Duration (s)
Scan_FG_SN,com.apple.hwte.atlas.AppPlugin,show-form,PASS,,Sep 20 2019 6:06:59.5040 PM,Sep 20 2019 6:07:03.5730 PM,4.0689
Fixtureinit,Fixture,changeDelimiter,PASS,,Sep 20 2019 6:07:03.5790 PM,Sep 20 2019 6:07:03.5790 PM,.0001
Fixtureinit,Fixture,changeLineTerminator,PASS,,Sep 20 2019 6:07:03.5810 PM,Sep 20 2019 6:07:03.5810 PM,0
Fixtureinit,Fixture,open,PASS,,Sep 20 2019 6:07:03.5820 PM,Sep 20 2019 6:07:05.1800 PM,1.5978
Fixtureinit,Fixture,read,PASS,,Sep 20 2019 6:07:05.1820 PM,Sep 20 2019 6:07:05.2110 PM,.0289
Fixtureinit,P203,changeDelimiter,PASS,,Sep 20 2019 6:07:05.2130 PM,Sep 20 2019 6:07:05.2130 PM,.0001
Fixtureinit,P203,changeLineTerminator,PASS,,Sep 20 2019 6:07:05.2150 PM,Sep 20 2019 6:07:05.2150 PM,0
Fixtureinit,P203,open,PASS,,Sep 20 2019 6:07:05.2160 PM,Sep 20 2019 6:07:06.8100 PM,1.5936
Fixtureinit,P203,read,PASS,,Sep 20 2019 6:07:06.8120 PM,Sep 20 2019 6:07:06.8410 PM,.0289
Fixtureinit,Fixture,sendCommand,PASS,,Sep 20 2019 6:07:06.8420 PM,Sep 20 2019 6:07:06.8550 PM,.0125
Fixtureinit,Fixture,sendCommand,PASS,,Sep 20 2019 6:07:06.8590 PM,Sep 20 2019 6:07:06.8740 PM,.0142
Fixtureinit,Fixture,sendCommand,PASS,,Sep 20 2019 6:07:07.9470 PM,Sep 20 2019 6:07:07.9570 PM,.0102
Fixtureinit,Fixture,sendCommand,PASS,,Sep 20 2019 6:07:10.0250 PM,Sep 20 2019 6:07:10.0830 PM,.0576
Fixtureinit,StationReportPlugin,isReporting,PASS,,Sep 20 2019 6:07:13.2000 PM,Sep 20 2019 6:07:13.2000 PM,0
Start Data Reporting,DRCB,startDataReporting,PASS,,Sep 20 2019 6:07:13.2080 PM,Sep 20 2019 6:07:13.2180 PM,.0102
Start Control Bits,DRCB,startControlBits,PASS,,Sep 20 2019 6:07:13.2260 PM,Sep 20 2019 6:07:13.5530 PM,.3274
Get_SFC_Info,SFCSupport,getAttribute,PASS,,Sep 20 2019 6:07:20.0910 PM,Sep 20 2019 6:07:21.1210 PM,1.0305
Get_SFC_Info,SFCSupport,getAttribute,PASS,,Sep 20 2019 6:07:21.1240 PM,Sep 20 2019 6:07:21.1270 PM,.0034
Get_SFC_Info,SFCSupport,getAttribute,PASS,,Sep 20 2019 6:07:21.1290 PM,Sep 20 2019 6:07:21.1330 PM,.0039
Get_SFC_Info,SFCSupport,getAttribute,PASS,,Sep 20 2019 6:07:21.1340 PM,Sep 20 2019 6:07:21.1390 PM,.0045
Get_SFC_Info,SFCSupport,getAttribute,PASS,,Sep 20 2019 6:07:21.1410 PM,Sep 20 2019 6:07:21.1460 PM,.0053
Get_SFC_Info,SFCSupport,getAttribute,PASS,,Sep 20 2019 6:07:21.1480 PM,Sep 20 2019 6:07:21.1510 PM,.0032
Get_SFC_Info,SFCSupport,getAttribute,PASS,,Sep 20 2019 6:07:21.1520 PM,Sep 20 2019 6:07:21.1570 PM,.0048
Program_STFW,Fixture,sendCommand,PASS,,Sep 20 2019 6:07:23.6320 PM,Sep 20 2019 6:07:23.6360 PM,.0032
Program_STFW,Fixture,sendCommand,PASS,,Sep 20 2019 6:07:24.0040 PM,Sep 20 2019 6:07:24.0190 PM,.0155
Program_STFW,P203,sendCommand,PASS,,Sep 20 2019 6:07:27.0920 PM,Sep 20 2019 6:07:27.1040 PM,.0128
Program_STFW,P203,sendCommandChars,PASS,,Sep 20 2019 6:07:27.1060 PM,Sep 20 2019 6:07:27.1090 PM,.0034
Program_STFW,P203,read,PASS,,Sep 20 2019 6:07:27.1100 PM,Sep 20 2019 6:07:27.1200 PM,.0096
Program_STFW,P203,read,PASS,,Sep 20 2019 6:07:27.1210 PM,Sep 20 2019 6:07:27.1220 PM,.0001
Program_STFW,P203,read,PASS,,Sep 20 2019 6:07:27.1230 PM,Sep 20 2019 6:07:27.1510 PM,.0285
Program_STFW,P203,sendCommandChars,PASS,,Sep 20 2019 6:07:27.1530 PM,Sep 20 2019 6:07:27.1840 PM,.0316
Program_STFW,P203,read,PASS,,Sep 20 2019 6:07:27.1860 PM,Sep 20 2019 6:07:27.1860 PM,.0002
Program_STFW,P203,read,PASS,,Sep 20 2019 6:07:27.1870 PM,Sep 20 2019 6:07:27.2110 PM,.0243
Program_STFW,StationReportPlugin,appendReportData,PASS,,Sep 20 2019 6:07:59.3810 PM,Sep 20 2019 6:07:59.3810 PM,0
Program_STFW,Fixture,sendCommand,PASS,,Sep 20 2019 6:08:02.4530 PM,Sep 20 2019 6:08:02.4610 PM,.0081
Program_STFW,Fixture,sendCommand,PASS,,Sep 20 2019 6:08:02.8350 PM,Sep 20 2019 6:08:02.8450 PM,.0097
Program_MTFW,Fixture,sendCommand,PASS,,Sep 20 2019 6:08:06.7870 PM,Sep 20 2019 6:08:06.7920 PM,.0052
Program_MTFW,Fixture,sendCommand,PASS,,Sep 20 2019 6:08:07.1690 PM,Sep 20 2019 6:08:07.1760 PM,.0069
Program_MTFW,P203,sendCommand,PASS,,Sep 20 2019 6:08:10.2470 PM,Sep 20 2019 6:08:10.2510 PM,.0044
Program_MTFW,P203,sendCommandChars,PASS,,Sep 20 2019 6:08:10.2530 PM,Sep 20 2019 6:08:10.2560 PM,.0032
Program_MTFW,P203,read,PASS,,Sep 20 2019 6:08:10.2570 PM,Sep 20 2019 6:08:10.2670 PM,.01
Program_MTFW,P203,read,PASS,,Sep 20 2019 6:08:10.2690 PM,Sep 20 2019 6:08:10.2690 PM,.0002
Program_MTFW,P203,read,PASS,,Sep 20 2019 6:08:10.2700 PM,Sep 20 2019 6:08:10.2970 PM,.0267
Program_MTFW,P203,sendCommandChars,PASS,,Sep 20 2019 6:08:10.2980 PM,Sep 20 2019 6:08:10.3310 PM,.0331
Program_MTFW,P203,read,PASS,,Sep 20 2019 6:08:10.3330 PM,Sep 20 2019 6:08:10.3330 PM,.0002
Program_MTFW,P203,read,PASS,,Sep 20 2019 6:08:10.3340 PM,Sep 20 2019 6:08:10.3570 PM,.023
Program_MTFW,StationReportPlugin,appendReportData,PASS,,Sep 20 2019 6:08:19.1960 PM,Sep 20 2019 6:08:19.1960 PM,0
Program_MTFW,Fixture,sendCommand,PASS,,Sep 20 2019 6:08:29.2660 PM,Sep 20 2019 6:08:29.2790 PM,.0133
Program_MTFW,Fixture,sendCommand,PASS,,Sep 20 2019 6:08:29.6480 PM,Sep 20 2019 6:08:29.6630 PM,.0148
EP_Enable_All,Fixture,sendCommand,PASS,,Sep 20 2019 6:08:34.9770 PM,Sep 20 2019 6:08:34.9850 PM,.0083
EP_Enable_All,Fixture,sendCommand,PASS,,Sep 20 2019 6:08:35.4870 PM,Sep 20 2019 6:08:35.4960 PM,.0093
Read_CCG3_FW,Fixture,sendCommand,PASS,,Sep 20 2019 6:08:47.3350 PM,Sep 20 2019 6:08:47.3390 PM,.0041
Read_CCG3_FW,Fixture,sendCommand,PASS,,Sep 20 2019 6:08:47.7060 PM,Sep 20 2019 6:08:47.7230 PM,.0165
Finish DRCB,DRCB,finish,PASS,,Sep 20 2019 6:08:56.1240 PM,Sep 20 2019 6:08:56.5910 PM,.4665
Fixturereset,Fixture,sendCommand,PASS,,Sep 20 2019 6:08:56.5950 PM,Sep 20 2019 6:08:56.7530 PM,.1578
Fixturereset,Fixture,close,PASS,,Sep 20 2019 6:08:57.7550 PM,Sep 20 2019 6:08:57.7550 PM,.0005
Fixturereset,P203,close,PASS,,Sep 20 2019 6:08:57.7570 PM,Sep 20 2019 6:08:57.7610 PM,.0045
