Test,Plugin,Command,Status,Info,Start Time,End Time,Duration (s)
5. Backlight,EFIDut,sendCommand,ERROR,"NO FAILURE MESSAGE PROVIDED (     ""[EFIDut] bl -n"" ); ",Jan 10 2020 6:27:07.4270 PM,Jan 10 2020 6:27:07.4650 PM,.038
5. Backlight,EFIDut,sendCommand,ERROR,"NO FAILURE MESSAGE PROVIDED (     ""[EFIDut] bl -l"" ); ",Jan 10 2020 6:27:07.4680 PM,Jan 10 2020 6:27:07.5050 PM,.037
10. Process,DRCB,startControlBits,ERROR,startControlBits needs all files to be secure; ,Jan 10 2020 6:27:07.9640 PM,Jan 10 2020 6:27:07.9640 PM,.0004
19. Battery,EFIDut,sendCommand,ERROR,"NO FAILURE MESSAGE PROVIDED (     ""[EFIDut] reg select D2483"" ); ",Jan 10 2020 6:27:08.7570 PM,Jan 10 2020 6:27:08.7840 PM,.0265
27. Grape,EFIDut,sendCommand,ERROR,"NO FAILURE MESSAGE PROVIDED (     ""[EFIDut] touch --off"" ); ",Jan 10 2020 6:27:09.4850 PM,Jan 10 2020 6:27:09.5060 PM,.0218
27. Grape,EFIDut,sendCommand,ERROR,"NO FAILURE MESSAGE PROVIDED (     ""[EFIDut] touch --on"" ); ",Jan 10 2020 6:27:09.5100 PM,Jan 10 2020 6:27:09.5470 PM,.0369
27. Grape,EFIDut,sendCommand,ERROR,"NO FAILURE MESSAGE PROVIDED (     ""[EFIDut] touch --load_firmware"" ); ",Jan 10 2020 6:27:09.5510 PM,Jan 10 2020 6:27:09.5880 PM,.0372
28. Grape,EFIDut,sendCommand,ERROR,"NO FAILURE MESSAGE PROVIDED (     ""[EFIDut] touch --test critical --run"" ); ",Jan 10 2020 6:27:09.5990 PM,Jan 10 2020 6:27:09.6300 PM,.0305
29. Grape,EFIDut,sendCommand,ERROR,"NO FAILURE MESSAGE PROVIDED (     ""[EFIDut] touch --off"" ); ",Jan 10 2020 6:27:09.6750 PM,Jan 10 2020 6:27:09.7070 PM,.0324
30. OpticalSensor,EFIDut,sendCommand,ERROR,"NO FAILURE MESSAGE PROVIDED (     ""[EFIDut] i2c -v 3 0x39 0x80 0x00"" ); ",Jan 10 2020 6:27:09.7480 PM,Jan 10 2020 6:27:09.7920 PM,.044
30. OpticalSensor,EFIDut,sendCommand,ERROR,"NO FAILURE MESSAGE PROVIDED (     ""[EFIDut] i2c -v 3 0x39 0x80 0x01"" ); ",Jan 10 2020 6:27:09.8200 PM,Jan 10 2020 6:27:09.8520 PM,.032
30. OpticalSensor,EFIDut,sendCommand,ERROR,"NO FAILURE MESSAGE PROVIDED (     ""[EFIDut] i2c -v 3 0x39 0x81 0xFF"" ); ",Jan 10 2020 6:27:09.8550 PM,Jan 10 2020 6:27:09.8920 PM,.0367
30. OpticalSensor,EFIDut,sendCommand,ERROR,"NO FAILURE MESSAGE PROVIDED (     ""[EFIDut] i2c -v 3 0x39 0x80 0x13"" ); ",Jan 10 2020 6:27:09.8950 PM,Jan 10 2020 6:27:09.9320 PM,.0368
30. OpticalSensor,EFIDut,sendCommand,ERROR,"NO FAILURE MESSAGE PROVIDED (     ""[EFIDut] socgpio --port 1 --pin 20 --get"" ); ",Jan 10 2020 6:27:10.2340 PM,Jan 10 2020 6:27:10.2570 PM,.0226
30. OpticalSensor,EFIDut,sendCommand,ERROR,"NO FAILURE MESSAGE PROVIDED (     ""[EFIDut] i2c -v 3 0x39 0x80 0x00"" ); ",Jan 10 2020 6:27:10.2600 PM,Jan 10 2020 6:27:10.2920 PM,.032
31. OpticalSensor,EFIDut,sendCommand,ERROR,"NO FAILURE MESSAGE PROVIDED (     ""[EFIDut] i2c -v 3 0x29 0x80 0x00"" ); ",Jan 10 2020 6:27:10.3290 PM,Jan 10 2020 6:27:10.3720 PM,.0435
31. OpticalSensor,EFIDut,sendCommand,ERROR,"NO FAILURE MESSAGE PROVIDED (     ""[EFIDut] socgpio --port 1 --pin 21 --get"" ); ",Jan 10 2020 6:27:10.3780 PM,Jan 10 2020 6:27:10.3970 PM,.0188
31. OpticalSensor,EFIDut,sendCommand,ERROR,"NO FAILURE MESSAGE PROVIDED (     ""[EFIDut] i2c -v 3 0x29 0x80 0x01"" ); ",Jan 10 2020 6:27:10.4000 PM,Jan 10 2020 6:27:10.4320 PM,.0322
31. OpticalSensor,EFIDut,sendCommand,ERROR,"NO FAILURE MESSAGE PROVIDED (     ""[EFIDut] i2c -v 3 0x29 0x81 0xFF"" ); ",Jan 10 2020 6:27:10.4350 PM,Jan 10 2020 6:27:10.4720 PM,.0367
31. OpticalSensor,EFIDut,sendCommand,ERROR,"NO FAILURE MESSAGE PROVIDED (     ""[EFIDut] i2c -v 3 0x29 0x80 0x13"" ); ",Jan 10 2020 6:27:10.4750 PM,Jan 10 2020 6:27:10.5120 PM,.0369
31. OpticalSensor,EFIDut,sendCommand,ERROR,"NO FAILURE MESSAGE PROVIDED (     ""[EFIDut] i2c -v 3 0x29 0x80 0x00"" ); ",Jan 10 2020 6:27:10.9000 PM,Jan 10 2020 6:27:10.9320 PM,.0325
36. System,EFIDut,sendCommand,ERROR,"NO FAILURE MESSAGE PROVIDED (     ""[Diags] display --on"",     sendCommand ); ",Jan 10 2020 6:27:12.3390 PM,Jan 10 2020 6:27:12.3720 PM,.0323
54. Battery,EFIDut,sendCommand,ERROR,"NO FAILURE MESSAGE PROVIDED (     ""[EFIDut] device -k GasGauge -g chem-cap-updates-en"" ); ",Jan 10 2020 6:27:27.6130 PM,Jan 10 2020 6:27:27.7620 PM,.149
56. Battery,EFIDut,sendCommand,ERROR,"NO FAILURE MESSAGE PROVIDED (     ""[EFIDut] device -k GasGauge --get sealed"" ); ",Jan 10 2020 6:27:27.8570 PM,Jan 10 2020 6:27:28.0000 PM,.1435
57. Display,EFIDut,sendCommand,ERROR,"NO FAILURE MESSAGE PROVIDED (     ""[Diags] dptx -e alpm -t \""false\"""",     sendCommand ); ",Jan 10 2020 6:27:28.0060 PM,Jan 10 2020 6:27:28.3120 PM,.3058
57. Display,EFIDut,sendCommand,ERROR,"NO FAILURE MESSAGE PROVIDED (     ""[Diags] display --off"",     sendCommand ); ",Jan 10 2020 6:27:28.3140 PM,Jan 10 2020 6:27:28.3520 PM,.0385
57. Display,EFIDut,sendCommand,ERROR,"NO FAILURE MESSAGE PROVIDED (     ""[Diags] bl -n"",     sendCommand ); ",Jan 10 2020 6:27:28.3540 PM,Jan 10 2020 6:27:28.3850 PM,.0304
57. Display,EFIDut,sendCommand,ERROR,"NO FAILURE MESSAGE PROVIDED (     ""[Diags] display --on"",     sendCommand ); ",Jan 10 2020 6:27:28.3860 PM,Jan 10 2020 6:27:28.4310 PM,.0449
57. Display,EFIDut,sendCommand,ERROR,"NO FAILURE MESSAGE PROVIDED (     ""[Diags] display --method ber --options \""-r\"""",     sendCommand ); ",Jan 10 2020 6:27:28.4330 PM,Jan 10 2020 6:27:28.4750 PM,.0423
57. Display,EFIDut,sendCommand,ERROR,"NO FAILURE MESSAGE PROVIDED (     ""[Diags] dptx -e alpm -t \""true\"""",     sendCommand ); ",Jan 10 2020 6:27:28.5150 PM,Jan 10 2020 6:27:28.8160 PM,.301
74. Process,DRCB,finish,FAIL,station no longer secure; ,Jan 10 2020 6:27:29.6220 PM,Jan 10 2020 6:27:29.7480 PM,.1255
