Related Test,Name-1,Name-2,Name-3,Status,Info,Measurement,Units,Upper Limit,Lower Limit,Relaxed Upper Limit,Relaxed Lower Limit,Limit Units,Start Time,End Time,Duration (s)
1. SystemState,,,,,,,,,,,,,Jan 10 2020 6:26:59.7280 PM,Jan 10 2020 6:27:06.1460 PM,6.4177
1. SystemState,SystemState,Spartan_FW_Version,spartanParameterCheck,PASS,,1,NA,,,,,,Jan 10 2020 6:27:06.1430 PM,Jan 10 2020 6:27:06.1430 PM,0
1. SystemState,SystemState,Spartan_FW_Version,SpartanPlugin-spartanParameterCheck,PASS,,,,,,,,,Jan 10 2020 6:27:06.1430 PM,Jan 10 2020 6:27:06.1430 PM,0
1. SystemState,SystemState,Spartan_FW_Version,spartan FW Version : 0.7.0,PASS,,,,,,,,,Jan 10 2020 6:27:06.1450 PM,Jan 10 2020 6:27:06.1450 PM,0
1. SystemState,SystemState,Spartan_FW_Version,spartan Serial Number : FV494650099KTR02D,PASS,,,,,,,,,Jan 10 2020 6:27:06.1460 PM,Jan 10 2020 6:27:06.1460 PM,0
2. SystemState,,,,,,,,,,,,,Jan 10 2020 6:27:06.1490 PM,Jan 10 2020 6:27:06.1590 PM,.0096
2. SystemState,SystemState,Spartan_Environment_Check,Power Role for Target : Source,PASS,,,,,,,,,Jan 10 2020 6:27:06.1570 PM,Jan 10 2020 6:27:06.1570 PM,0
2. SystemState,SystemState,Spartan_Environment_Check,Charging Enabled : Yes,PASS,,,,,,,,,Jan 10 2020 6:27:06.1570 PM,Jan 10 2020 6:27:06.1570 PM,0
2. SystemState,SystemState,Spartan_Environment_Check,SBU Protocol : SWD,PASS,,,,,,,,,Jan 10 2020 6:27:06.1570 PM,Jan 10 2020 6:27:06.1570 PM,0
2. SystemState,SystemState,Spartan_Environment_Check,SBU Target : 0x06,PASS,,,,,,,,,Jan 10 2020 6:27:06.1570 PM,Jan 10 2020 6:27:06.1570 PM,0
2. SystemState,SystemState,Spartan_Environment_Check,SBU Passthrough Enabled : No,PASS,,,,,,,,,Jan 10 2020 6:27:06.1580 PM,Jan 10 2020 6:27:06.1580 PM,0
2. SystemState,SystemState,Spartan_Environment_Check,Debug USB Protocol : Disabled,PASS,,,,,,,,,Jan 10 2020 6:27:06.1580 PM,Jan 10 2020 6:27:06.1580 PM,0
2. SystemState,SystemState,Spartan_Environment_Check,Debug USB Target : 0x06,PASS,,,,,,,,,Jan 10 2020 6:27:06.1580 PM,Jan 10 2020 6:27:06.1580 PM,0
2. SystemState,SystemState,Spartan_Environment_Check,Debug USB Delay : 0,PASS,,,,,,,,,Jan 10 2020 6:27:06.1580 PM,Jan 10 2020 6:27:06.1580 PM,0
2. SystemState,SystemState,Spartan_Environment_Check,SWD Clock Rate : 3000000,PASS,,,,,,,,,Jan 10 2020 6:27:06.1580 PM,Jan 10 2020 6:27:06.1580 PM,0
2. SystemState,SystemState,Spartan_Environment_Check,Dock Channels Enabled : Yes,PASS,,,,,,,,,Jan 10 2020 6:27:06.1580 PM,Jan 10 2020 6:27:06.1580 PM,0
2. SystemState,SystemState,Spartan_Environment_Check,Dock Channel Mask : 0xFFFFFC01,PASS,,,,,,,,,Jan 10 2020 6:27:06.1580 PM,Jan 10 2020 6:27:06.1580 PM,0
2. SystemState,SystemState,Spartan_Environment_Check,UART Baud Rate : 115200,PASS,,,,,,,,,Jan 10 2020 6:27:06.1590 PM,Jan 10 2020 6:27:06.1590 PM,0
3. SystemState,,,,,,,,,,,,,Jan 10 2020 6:27:06.1620 PM,Jan 10 2020 6:27:06.6850 PM,.5231
3. SystemState,SystemState,Enter_Diags,UART-open,PASS,,,,,,,,,Jan 10 2020 6:27:06.1660 PM,Jan 10 2020 6:27:06.2650 PM,.0989
3. SystemState,SystemState,Enter_Diags,UART-read,PASS,,,,,,,,,Jan 10 2020 6:27:06.2670 PM,Jan 10 2020 6:27:06.2670 PM,.0005
3. SystemState,SystemState,Enter_Diags,UART-read-2,PASS,,,,,,,,,Jan 10 2020 6:27:06.2690 PM,Jan 10 2020 6:27:06.2690 PM,.0001
3. SystemState,SystemState,Enter_Diags,UART-read-3,PASS,,,,,,,,,Jan 10 2020 6:27:06.2700 PM,Jan 10 2020 6:27:06.2700 PM,.0001
3. SystemState,SystemState,Enter_Diags,UART-read-4,PASS,,,,,,,,,Jan 10 2020 6:27:06.2710 PM,Jan 10 2020 6:27:06.2720 PM,.0001
3. SystemState,SystemState,Enter_Diags,UART-read-5,PASS,,,,,,,,,Jan 10 2020 6:27:06.2730 PM,Jan 10 2020 6:27:06.2730 PM,.0002
3. SystemState,SystemState,Enter_Diags,UART-read-6,PASS,,,,,,,,,Jan 10 2020 6:27:06.2770 PM,Jan 10 2020 6:27:06.2770 PM,.0002
3. SystemState,SystemState,Enter_Diags,UART-read-7,PASS,,,,,,,,,Jan 10 2020 6:27:06.2800 PM,Jan 10 2020 6:27:06.2800 PM,.0002
3. SystemState,SystemState,Enter_Diags,UART-read-8,PASS,,,,,,,,,Jan 10 2020 6:27:06.2810 PM,Jan 10 2020 6:27:06.2810 PM,.0001
3. SystemState,SystemState,Enter_Diags,UART-read-9,PASS,,,,,,,,,Jan 10 2020 6:27:06.2830 PM,Jan 10 2020 6:27:06.2830 PM,.0001
3. SystemState,SystemState,Enter_Diags,UART-read-10,PASS,,,,,,,,,Jan 10 2020 6:27:06.2840 PM,Jan 10 2020 6:27:06.2850 PM,.0005
3. SystemState,SystemState,Enter_Diags,UART-read-11,PASS,,,,,,,,,Jan 10 2020 6:27:06.2870 PM,Jan 10 2020 6:27:06.2870 PM,.0002
3. SystemState,SystemState,Enter_Diags,UART-read-12,PASS,,,,,,,,,Jan 10 2020 6:27:06.2880 PM,Jan 10 2020 6:27:06.2890 PM,.0002
3. SystemState,SystemState,Enter_Diags,UART-read-13,PASS,,,,,,,,,Jan 10 2020 6:27:06.2900 PM,Jan 10 2020 6:27:06.2900 PM,.0002
3. SystemState,SystemState,Enter_Diags,UART-read-14,PASS,,,,,,,,,Jan 10 2020 6:27:06.2930 PM,Jan 10 2020 6:27:06.2930 PM,.0003
3. SystemState,SystemState,Enter_Diags,UART-read-15,PASS,,,,,,,,,Jan 10 2020 6:27:06.2950 PM,Jan 10 2020 6:27:06.2950 PM,.0003
3. SystemState,SystemState,Enter_Diags,UART-read-16,PASS,,,,,,,,,Jan 10 2020 6:27:06.2980 PM,Jan 10 2020 6:27:06.2980 PM,.0002
3. SystemState,SystemState,Enter_Diags,UART-read-17,PASS,,,,,,,,,Jan 10 2020 6:27:06.2990 PM,Jan 10 2020 6:27:06.2990 PM,.0002
3. SystemState,SystemState,Enter_Diags,UART-read-18,PASS,,,,,,,,,Jan 10 2020 6:27:06.3010 PM,Jan 10 2020 6:27:06.3010 PM,.0002
3. SystemState,SystemState,Enter_Diags,UART-read-19,PASS,,,,,,,,,Jan 10 2020 6:27:06.3030 PM,Jan 10 2020 6:27:06.3030 PM,.0002
3. SystemState,SystemState,Enter_Diags,UART-read-20,PASS,,,,,,,,,Jan 10 2020 6:27:06.3040 PM,Jan 10 2020 6:27:06.3050 PM,.0002
3. SystemState,SystemState,Enter_Diags,UART-read-21,PASS,,,,,,,,,Jan 10 2020 6:27:06.3060 PM,Jan 10 2020 6:27:06.3060 PM,.0002
3. SystemState,SystemState,Enter_Diags,UART-read-22,PASS,,,,,,,,,Jan 10 2020 6:27:06.3080 PM,Jan 10 2020 6:27:06.3080 PM,.0003
3. SystemState,SystemState,Enter_Diags,UART-read-23,PASS,,,,,,,,,Jan 10 2020 6:27:06.3100 PM,Jan 10 2020 6:27:06.3100 PM,.0002
3. SystemState,SystemState,Enter_Diags,UART-read-24,PASS,,,,,,,,,Jan 10 2020 6:27:06.3110 PM,Jan 10 2020 6:27:06.3110 PM,.0001
3. SystemState,SystemState,Enter_Diags,UART-read-25,PASS,,,,,,,,,Jan 10 2020 6:27:06.3130 PM,Jan 10 2020 6:27:06.3130 PM,.0002
3. SystemState,SystemState,Enter_Diags,UART-read-26,PASS,,,,,,,,,Jan 10 2020 6:27:06.3140 PM,Jan 10 2020 6:27:06.3140 PM,.0001
3. SystemState,SystemState,Enter_Diags,UART-read-27,PASS,,,,,,,,,Jan 10 2020 6:27:06.3150 PM,Jan 10 2020 6:27:06.3150 PM,.0001
3. SystemState,SystemState,Enter_Diags,UART-read-28,PASS,,,,,,,,,Jan 10 2020 6:27:06.3170 PM,Jan 10 2020 6:27:06.3170 PM,.0001
3. SystemState,SystemState,Enter_Diags,UART-read-29,PASS,,,,,,,,,Jan 10 2020 6:27:06.3180 PM,Jan 10 2020 6:27:06.3180 PM,.0001
3. SystemState,SystemState,Enter_Diags,UART-read-30,PASS,,,,,,,,,Jan 10 2020 6:27:06.3190 PM,Jan 10 2020 6:27:06.3190 PM,.0001
3. SystemState,SystemState,Enter_Diags,UART-read-31,PASS,,,,,,,,,Jan 10 2020 6:27:06.3210 PM,Jan 10 2020 6:27:06.3210 PM,.0001
3. SystemState,SystemState,Enter_Diags,UART-read-32,PASS,,,,,,,,,Jan 10 2020 6:27:06.3220 PM,Jan 10 2020 6:27:06.3220 PM,.0001
3. SystemState,SystemState,Enter_Diags,UART-read-33,PASS,,,,,,,,,Jan 10 2020 6:27:06.3230 PM,Jan 10 2020 6:27:06.3240 PM,.0002
3. SystemState,SystemState,Enter_Diags,UART-read-34,PASS,,,,,,,,,Jan 10 2020 6:27:06.3250 PM,Jan 10 2020 6:27:06.3260 PM,.0005
3. SystemState,SystemState,Enter_Diags,UART-read-35,PASS,,,,,,,,,Jan 10 2020 6:27:06.3300 PM,Jan 10 2020 6:27:06.3430 PM,.0133
3. SystemState,SystemState,Enter_Diags,UART-changeLineTerminator,PASS,,,,,,,,,Jan 10 2020 6:27:06.3440 PM,Jan 10 2020 6:27:06.3440 PM,0
3. SystemState,SystemState,Enter_Diags,UART-sendCommand,PASS,,,,,,,,,Jan 10 2020 6:27:06.3460 PM,Jan 10 2020 6:27:06.3610 PM,.0154
3. SystemState,SystemState,Enter_Diags,UART-sendCommand-2,PASS,,,,,,,,,Jan 10 2020 6:27:06.3630 PM,Jan 10 2020 6:27:06.3750 PM,.0121
3. SystemState,SystemState,Enter_Diags,UART-changeDelimiter,PASS,,,,,,,,,Jan 10 2020 6:27:06.3760 PM,Jan 10 2020 6:27:06.3760 PM,0
3. SystemState,SystemState,Enter_Diags,UART-sendCommand-3,PASS,,,,,,,,,Jan 10 2020 6:27:06.3780 PM,Jan 10 2020 6:27:06.3790 PM,.0009
3. SystemState,SystemState,Enter_Diags,UART-changeDelimiter-2,PASS,,,,,,,,,Jan 10 2020 6:27:06.3900 PM,Jan 10 2020 6:27:06.3900 PM,0
3. SystemState,SystemState,Enter_Diags,UART-sendCommand-4,PASS,,,,,,,,,Jan 10 2020 6:27:06.3910 PM,Jan 10 2020 6:27:06.6780 PM,.2871
3. SystemState,SystemState,Enter_Diags,UART-read-36,PASS,,,,,,,,,Jan 10 2020 6:27:06.6800 PM,Jan 10 2020 6:27:06.6830 PM,.0031
3. SystemState,SystemState,Enter_Diags,UART-close,PASS,,,,,,,,,Jan 10 2020 6:27:06.6840 PM,Jan 10 2020 6:27:06.6850 PM,.0006
4. DUTinfo,,,,,,,,,,,,,Jan 10 2020 6:27:06.6900 PM,Jan 10 2020 6:27:07.4210 PM,.7311
4. DUTinfo,DUTinfo,Diag_Version,EFIDut-open,PASS,,,,,,,,,Jan 10 2020 6:27:06.6930 PM,Jan 10 2020 6:27:06.9910 PM,.2978
4. DUTinfo,DUTinfo,Diag_Version,EFIDut-syncCmdResp,PASS,,,,,,,,,Jan 10 2020 6:27:06.9940 PM,Jan 10 2020 6:27:07.0190 PM,.0247
4. DUTinfo,DUTinfo,Diag_Version,[EFIDut] ver,PASS,,,,,,,,,Jan 10 2020 6:27:07.0220 PM,Jan 10 2020 6:27:07.0700 PM,.0482
4. DUTinfo,DUTinfo,Diag_Version,Invalid key 'DIAG_VER' and value '[]',FAIL,"$#@!([add_device_attribute], :NIL:, ""Invalid key 'DIAG_VER' and value '[]'"")[[Raised from, /Users/gdlocal/Library/Atlas/Sequences/CSVSetup.rush, 1258], [Called from, /Users/gdlocal/Library/Atlas/Sequences/CSVSetup.rush, 719]]",,,,,,,,Jan 10 2020 6:27:07.0720 PM,Jan 10 2020 6:27:07.0720 PM,0
4. DUTinfo,DUTinfo,Diag_Version,[EFIDut] charge --auto,PASS,,,,,,,,,Jan 10 2020 6:27:07.0750 PM,Jan 10 2020 6:27:07.3250 PM,.2509
4. DUTinfo,DUTinfo,Diag_Version,[EFIDut] pmugpio --pin 15 --output 0 --pushpull,PASS,,,,,,,,,Jan 10 2020 6:27:07.3280 PM,Jan 10 2020 6:27:07.3580 PM,.0298
4. DUTinfo,DUTinfo,Diag_Version,[EFIDut] spmi --select disp_spmi0 --write --sid 0xf --addr 0x1112 --data 0x00,PASS,,,,,,,,,Jan 10 2020 6:27:07.3610 PM,Jan 10 2020 6:27:07.4200 PM,.0593
5. Backlight,,,,,,,,,,,,,Jan 10 2020 6:27:07.4250 PM,Jan 10 2020 6:27:07.5060 PM,.0818
5. Backlight,Backlight,Backlight_Set_Low,[EFIDut] bl -n,ERROR,"NO FAILURE MESSAGE PROVIDED (     ""[EFIDut] bl -n"" )",,,,,,,,Jan 10 2020 6:27:07.4270 PM,Jan 10 2020 6:27:07.4650 PM,.038
5. Backlight,Backlight,Backlight_Set_Low,[EFIDut] bl -l,ERROR,"NO FAILURE MESSAGE PROVIDED (     ""[EFIDut] bl -l"" )",,,,,,,,Jan 10 2020 6:27:07.4680 PM,Jan 10 2020 6:27:07.5050 PM,.037
6. DUTinfo,,,,,,,,,,,,,Jan 10 2020 6:27:07.5130 PM,Jan 10 2020 6:27:07.5370 PM,.0237
6. DUTinfo,DUTinfo,SN,[Diags] sn-sendCommand,PASS,,,,,,,,,Jan 10 2020 6:27:07.5160 PM,Jan 10 2020 6:27:07.5360 PM,.0198
6. DUTinfo,DUTinfo,SN,SN length is Pass,PASS,,,,,,,,,Jan 10 2020 6:27:07.5370 PM,Jan 10 2020 6:27:07.5370 PM,0
7. DUTinfo,,,,,,,,,,,,,Jan 10 2020 6:27:07.5400 PM,Jan 10 2020 6:27:07.5780 PM,.0384
7. DUTinfo,DUTinfo,Write_Date_And_Time,[Diags] rtc --set 20200110102707-sendCommand,PASS,,,,,,,,,Jan 10 2020 6:27:07.5480 PM,Jan 10 2020 6:27:07.5770 PM,.0286
8. DUTinfo,,,,,,,,,,,,,Jan 10 2020 6:27:07.5810 PM,Jan 10 2020 6:27:07.6020 PM,.0213
8. DUTinfo,DUTinfo,Write_Incomplete_CB,[EFIDut] cbwrite 0x8A incomplete,PASS,,,,,,,,,Jan 10 2020 6:27:07.5830 PM,Jan 10 2020 6:27:07.5970 PM,.0145
8. DUTinfo,DUTinfo,Write_Incomplete_CB,EFIDut-close,PASS,,,,,,,,,Jan 10 2020 6:27:07.6000 PM,Jan 10 2020 6:27:07.6010 PM,.0007
9. Process,,,,,,,,,,,,,Jan 10 2020 6:27:07.6050 PM,Jan 10 2020 6:27:07.6470 PM,.042
9. Process,Process,Start_Data_Reporting,DRCB-StartDataReporting,PASS,,,,,,,,,Jan 10 2020 6:27:07.6180 PM,Jan 10 2020 6:27:07.6450 PM,.0279
10. Process,,,,,,,,,,,,,Jan 10 2020 6:27:07.6510 PM,Jan 10 2020 6:27:07.9650 PM,.3136
10. Process,Process,Start_Control_Bits,EFIDut-open,PASS,,,,,,,,,Jan 10 2020 6:27:07.6540 PM,Jan 10 2020 6:27:07.9570 PM,.303
10. Process,Process,Start_Control_Bits,EFIDut-close,PASS,,,,,,,,,Jan 10 2020 6:27:07.9600 PM,Jan 10 2020 6:27:07.9600 PM,.0007
10. Process,Process,Start_Control_Bits,DRCB-StartControlBits,ERROR,startControlBits needs all files to be secure,,,,,,,,Jan 10 2020 6:27:07.9640 PM,Jan 10 2020 6:27:07.9640 PM,.0004
11. DUTinfo,,,,,,,,,,,,,Jan 10 2020 6:27:07.9680 PM,Jan 10 2020 6:27:08.0820 PM,.114
11. DUTinfo,DUTinfo,Get_SFC_Info,SFCSupport-getAttributes,PASS,,,,,,,,,Jan 10 2020 6:27:07.9710 PM,Jan 10 2020 6:27:08.0040 PM,.0324
11. DUTinfo,DUTinfo,Get_SFC_Info,"GET SFC info - hwconfig-iPad8,12/WIFI&BT/GPS/GSM/UMTS/TD-SCDMA/TD-LTE/NAND,SIZE=256G/RAM,SIZE=6G/White;",PASS,,,,,,,,,Jan 10 2020 6:27:08.0050 PM,Jan 10 2020 6:27:08.0050 PM,0
11. DUTinfo,DUTinfo,Get_SFC_Info,SFCSupport-getAttributes-2,PASS,,,,,,,,,Jan 10 2020 6:27:08.0060 PM,Jan 10 2020 6:27:08.0110 PM,.0041
11. DUTinfo,DUTinfo,Get_SFC_Info,GET SFC info - unit_lbl-J523-P0_MINI-P0NDW-HW2_10028,PASS,,,,,,,,,Jan 10 2020 6:27:08.0120 PM,Jan 10 2020 6:27:08.0120 PM,0
11. DUTinfo,DUTinfo,Get_SFC_Info,SFCSupport-getAttributes-3,PASS,,,,,,,,,Jan 10 2020 6:27:08.0130 PM,Jan 10 2020 6:27:08.0170 PM,.0042
11. DUTinfo,DUTinfo,Get_SFC_Info,GET SFC info - lb_result-1,PASS,,,,,,,,,Jan 10 2020 6:27:08.0180 PM,Jan 10 2020 6:27:08.0180 PM,0
11. DUTinfo,DUTinfo,Get_SFC_Info,SFCSupport-getAttributes-4,PASS,,,,,,,,,Jan 10 2020 6:27:08.0190 PM,Jan 10 2020 6:27:08.0220 PM,.0035
11. DUTinfo,DUTinfo,Get_SFC_Info,GET SFC info - region_code-LL/A,PASS,,,,,,,,,Jan 10 2020 6:27:08.0230 PM,Jan 10 2020 6:27:08.0230 PM,0
11. DUTinfo,DUTinfo,Get_SFC_Info,SFCSupport-getAttributes-5,PASS,,,,,,,,,Jan 10 2020 6:27:08.0250 PM,Jan 10 2020 6:27:08.0310 PM,.006
11. DUTinfo,DUTinfo,Get_SFC_Info,GET SFC info - front_nvm_barcode-F0W9471074RJH8C4B,PASS,,,,,,,,,Jan 10 2020 6:27:08.0330 PM,Jan 10 2020 6:27:08.0330 PM,0
11. DUTinfo,DUTinfo,Get_SFC_Info,SFCSupport-getAttributes-6,PASS,,,,,,,,,Jan 10 2020 6:27:08.0340 PM,Jan 10 2020 6:27:08.0380 PM,.0043
11. DUTinfo,DUTinfo,Get_SFC_Info,GET SFC info - back_nvm_barcode-DN89355AVRPLV4027,PASS,,,,,,,,,Jan 10 2020 6:27:08.0390 PM,Jan 10 2020 6:27:08.0390 PM,0
11. DUTinfo,DUTinfo,Get_SFC_Info,SFCSupport-getAttributes-7,PASS,,,,,,,,,Jan 10 2020 6:27:08.0400 PM,Jan 10 2020 6:27:08.0450 PM,.0046
11. DUTinfo,DUTinfo,Get_SFC_Info,GET SFC info - housing_sn-DQR9486000APP3F5U,PASS,,,,,,,,,Jan 10 2020 6:27:08.0450 PM,Jan 10 2020 6:27:08.0450 PM,0
11. DUTinfo,DUTinfo,Get_SFC_Info,SFCSupport-getAttributes-8,PASS,,,,,,,,,Jan 10 2020 6:27:08.0470 PM,Jan 10 2020 6:27:08.0500 PM,.0036
11. DUTinfo,DUTinfo,Get_SFC_Info,GET SFC info - lcm_sn-FN19503009HNC370HGAAWB7FAG69AXHAFN194950001P4LH00NABEALA1111C43946397UMP4JK0A113,PASS,,,,,,,,,Jan 10 2020 6:27:08.0520 PM,Jan 10 2020 6:27:08.0520 PM,0
11. DUTinfo,DUTinfo,Get_SFC_Info,SFCSupport-getAttributes-9,PASS,,,,,,,,,Jan 10 2020 6:27:08.0530 PM,Jan 10 2020 6:27:08.0580 PM,.0051
11. DUTinfo,DUTinfo,Get_SFC_Info,GET SFC info - juliet_sn-fwtitus_sn=F0W9471074RJH8C4B,PASS,,,,,,,,,Jan 10 2020 6:27:08.0590 PM,Jan 10 2020 6:27:08.0590 PM,0
11. DUTinfo,DUTinfo,Get_SFC_Info,SFCSupport-getAttributes-10,PASS,,,,,,,,,Jan 10 2020 6:27:08.0600 PM,Jan 10 2020 6:27:08.0650 PM,.0047
11. DUTinfo,DUTinfo,Get_SFC_Info,GET SFC info - titus_sn-fwtitus_sn=F0W9471074RJH8C4B,PASS,,,,,,,,,Jan 10 2020 6:27:08.0660 PM,Jan 10 2020 6:27:08.0660 PM,0
11. DUTinfo,DUTinfo,Get_SFC_Info,SFCSupport-getAttributes-11,PASS,,,,,,,,,Jan 10 2020 6:27:08.0670 PM,Jan 10 2020 6:27:08.0730 PM,.0061
11. DUTinfo,DUTinfo,Get_SFC_Info,GET SFC info - jasper_sn-DN893913W6RMJLL3B,PASS,,,,,,,,,Jan 10 2020 6:27:08.0730 PM,Jan 10 2020 6:27:08.0730 PM,0
11. DUTinfo,DUTinfo,Get_SFC_Info,SFCSupport-getAttributes-12,PASS,,,,,,,,,Jan 10 2020 6:27:08.0740 PM,Jan 10 2020 6:27:08.0810 PM,.0062
11. DUTinfo,DUTinfo,Get_SFC_Info,GET SFC info - ohio_sn-F0W938501N5LV411R,PASS,,,,,,,,,Jan 10 2020 6:27:08.0810 PM,Jan 10 2020 6:27:08.0810 PM,0
12. DUTinfo,,,,,,,,,,,,,Jan 10 2020 6:27:08.0860 PM,Jan 10 2020 6:27:08.4230 PM,.3369
12. DUTinfo,DUTinfo,Board_ID,EFIDut-open,PASS,,,,,,,,,Jan 10 2020 6:27:08.0880 PM,Jan 10 2020 6:27:08.3920 PM,.3038
12. DUTinfo,DUTinfo,Board_ID,[EFIDut] boardid,PASS,,,,,,,,,Jan 10 2020 6:27:08.3950 PM,Jan 10 2020 6:27:08.4160 PM,.021
12. DUTinfo,DUTinfo,Board_ID,0x1C,PASS,,,,,,,,,Jan 10 2020 6:27:08.4190 PM,Jan 10 2020 6:27:08.4190 PM,0
12. DUTinfo,DUTinfo,Board_ID,0x1C-2,PASS,,,,,,,,,Jan 10 2020 6:27:08.4210 PM,Jan 10 2020 6:27:08.4210 PM,0
13. DUTinfo,,,,,,,,,,,,,Jan 10 2020 6:27:08.4250 PM,Jan 10 2020 6:27:08.4270 PM,.0017
13. DUTinfo,DUTinfo,Compare_Grape_Color_With_HSG,Compare Grape Color With HSG,FAIL,Invalid lcm_sn:FN19503009HNC370HGAAWB7FAG69AXHAFN194950001P4LH00NABEALA1111C43946397UMP4JK0A113,,,,,,,,Jan 10 2020 6:27:08.4270 PM,Jan 10 2020 6:27:08.4270 PM,0
14. DUTinfo,,,,,,,,,,,,,Jan 10 2020 6:27:08.4300 PM,Jan 10 2020 6:27:08.4620 PM,.0328
14. DUTinfo,DUTinfo,Compare_HS_Color_With_CLHS,[EFIDut] syscfg print CLHS,PASS,,,,,,,,,Jan 10 2020 6:27:08.4320 PM,Jan 10 2020 6:27:08.4580 PM,.026
14. DUTinfo,DUTinfo,Compare_HS_Color_With_CLHS,Index out of bounds,FAIL,"$#@!(com.apple.hwte.rush.exception.OutOfBounds, 0, ""Index out of bounds"")[[Executing, /Users/gdlocal/Library/Atlas/Sequences/CSVSetup.rush, 1061], [Called from, /Users/gdlocal/Library/Atlas/Sequences/CSVSetup.rush, 721]]",,,,,,,,Jan 10 2020 6:27:08.4600 PM,Jan 10 2020 6:27:08.4600 PM,0
14. DUTinfo,DUTinfo,Compare_HS_Color_With_CLHS,Compare HS Color with CLHS,FAIL,Unknown hsgColEEEE,,,,,,,,Jan 10 2020 6:27:08.4620 PM,Jan 10 2020 6:27:08.4620 PM,0
15. DUTinfo,,,,,,,,,,,,,Jan 10 2020 6:27:08.4670 PM,Jan 10 2020 6:27:08.5020 PM,.0358
15. DUTinfo,DUTinfo,Compare_CG_Color_With_CLCG,[EFIDut] syscfg print CLCG,PASS,,,,,,,,,Jan 10 2020 6:27:08.4690 PM,Jan 10 2020 6:27:08.4970 PM,.0279
15. DUTinfo,DUTinfo,Compare_CG_Color_With_CLCG,Index out of bounds,FAIL,"$#@!(com.apple.hwte.rush.exception.OutOfBounds, 0, ""Index out of bounds"")[[Executing, /Users/gdlocal/Library/Atlas/Sequences/CSVSetup.rush, 1061], [Called from, /Users/gdlocal/Library/Atlas/Sequences/CSVSetup.rush, 721]]",,,,,,,,Jan 10 2020 6:27:08.4990 PM,Jan 10 2020 6:27:08.4990 PM,0
15. DUTinfo,DUTinfo,Compare_CG_Color_With_CLCG,Compare CG Color with CLCG,FAIL,Unknown CLCGColorEEEECode,,,,,,,,Jan 10 2020 6:27:08.5020 PM,Jan 10 2020 6:27:08.5020 PM,0
16. DUTinfo,,,,,,,,,,,,,Jan 10 2020 6:27:08.5070 PM,Jan 10 2020 6:27:08.5420 PM,.035
16. DUTinfo,DUTinfo,Check-WCAL,[EFIDut] syscfg print WCAL,PASS,,,,,,,,,Jan 10 2020 6:27:08.5090 PM,Jan 10 2020 6:27:08.5370 PM,.0272
16. DUTinfo,DUTinfo,Check-WCAL,Evaluate condition: NOT value CONTAINS 'Not Found!',PASS,,,,,,,,,Jan 10 2020 6:27:08.5410 PM,Jan 10 2020 6:27:08.5410 PM,.0001
16. DUTinfo,DUTinfo,Check-WCAL,,FAIL,"NO FAILURE MESSAGE PROVIDED (     """" )",,,,,,,,Jan 10 2020 6:27:08.5420 PM,Jan 10 2020 6:27:08.5420 PM,0
17. Battery,,,,,,,,,,,,,Jan 10 2020 6:27:08.5460 PM,Jan 10 2020 6:27:08.7050 PM,.1587
17. Battery,Battery,Level_Before_Test,[EFIDut] device -k GasGauge -g charge-percentage,PASS,,,,,,,,,Jan 10 2020 6:27:08.5490 PM,Jan 10 2020 6:27:08.7020 PM,.1529
17. Battery,Battery,Level_Before_Test,value: param is not a Number-Convert-Able value,FAIL,"$#@!(, [], ""value: param is not a Number-Convert-Able value"")[[Raised from, /Users/gdlocal/Library/Atlas/Sequences/CSVSetup.rush, 511], [Called from, /Users/gdlocal/Library/Atlas/Sequences/CSVSetup.rush, 988]]",,,,,,,,Jan 10 2020 6:27:08.7050 PM,Jan 10 2020 6:27:08.7050 PM,0
18. Battery,,,,,,,,,,,,,Jan 10 2020 6:27:08.7090 PM,Jan 10 2020 6:27:08.7510 PM,.0419
18. Battery,Battery,Voltage_Before_Test,[EFIDut] pmuadc --sel potomac --read vbat,PASS,,,,,,,,,Jan 10 2020 6:27:08.7120 PM,Jan 10 2020 6:27:08.7480 PM,.036
18. Battery,Battery,Voltage_Before_Test,,FAIL,Failed limits,3722.8327,mV,,3750,,,mV,Jan 10 2020 6:27:08.7510 PM,Jan 10 2020 6:27:08.7510 PM,0
19. Battery,,,,,,,,,,,,,Jan 10 2020 6:27:08.7540 PM,Jan 10 2020 6:27:08.8240 PM,.0701
19. Battery,Battery,Cell_Disconnect_Check,[EFIDut] reg select D2483,ERROR,"NO FAILURE MESSAGE PROVIDED (     ""[EFIDut] reg select D2483"" )",,,,,,,,Jan 10 2020 6:27:08.7570 PM,Jan 10 2020 6:27:08.7840 PM,.0265
19. Battery,Battery,Cell_Disconnect_Check,[EFIDut] reg read 0x501C,PASS,,,,,,,,,Jan 10 2020 6:27:08.7870 PM,Jan 10 2020 6:27:08.8170 PM,.0301
19. Battery,Battery,Cell_Disconnect_Check,Evaluate condition: reg_501C[SIZE] == 1 && reg_501C[0] == '0x00',PASS,,,,,,,,,Jan 10 2020 6:27:08.8230 PM,Jan 10 2020 6:27:08.8230 PM,.0002
19. Battery,Battery,Cell_Disconnect_Check,0x00,PASS,,,,,,,,,Jan 10 2020 6:27:08.8240 PM,Jan 10 2020 6:27:08.8240 PM,0
20. Battery,,,,,,,,,,,,,Jan 10 2020 6:27:08.8280 PM,Jan 10 2020 6:27:09.1650 PM,.3363
20. Battery,Battery,Max_Lifetime_Temperature,[EFIDut] device -k gasgauge -p,PASS,,,,,,,,,Jan 10 2020 6:27:08.8310 PM,Jan 10 2020 6:27:09.0390 PM,.2079
20. Battery,Battery,Max_Lifetime_Temperature,[EFIDut] device -k GasGauge -e read_blk 59 0,PASS,,,,,,,,,Jan 10 2020 6:27:09.0410 PM,Jan 10 2020 6:27:09.1530 PM,.1112
20. Battery,Battery,Max_Lifetime_Temperature,Set 'value0' with value '0',PASS,,,,,,,,,Jan 10 2020 6:27:09.1600 PM,Jan 10 2020 6:27:09.1600 PM,0
20. Battery,Battery,Max_Lifetime_Temperature,Set 'value1' with value '0',PASS,,,,,,,,,Jan 10 2020 6:27:09.1600 PM,Jan 10 2020 6:27:09.1600 PM,0
20. Battery,Battery,Max_Lifetime_Temperature,Calculate expression: (value0 * 256 + value1) / 10.0,PASS,,,,,,,,,Jan 10 2020 6:27:09.1620 PM,Jan 10 2020 6:27:09.1620 PM,.0001
20. Battery,Battery,Max_Lifetime_Temperature,,PASS,,0,deg C,60,0,,,deg C,Jan 10 2020 6:27:09.1640 PM,Jan 10 2020 6:27:09.1640 PM,0
21. Battery,,,,,,,,,,,,,Jan 10 2020 6:27:09.1670 PM,Jan 10 2020 6:27:09.1740 PM,.0067
21. Battery,Battery,Max_Pack_Voltage,Set 'value0' with value '0',PASS,,,,,,,,,Jan 10 2020 6:27:09.1690 PM,Jan 10 2020 6:27:09.1690 PM,0
21. Battery,Battery,Max_Pack_Voltage,Set 'value1' with value '0',PASS,,,,,,,,,Jan 10 2020 6:27:09.1690 PM,Jan 10 2020 6:27:09.1690 PM,0
21. Battery,Battery,Max_Pack_Voltage,Calculate expression: (value0 * 256 + value1),PASS,,,,,,,,,Jan 10 2020 6:27:09.1720 PM,Jan 10 2020 6:27:09.1720 PM,0
21. Battery,Battery,Max_Pack_Voltage,,PASS,,0,NA,,,,,NA,Jan 10 2020 6:27:09.1740 PM,Jan 10 2020 6:27:09.1740 PM,0
22. Battery,,,,,,,,,,,,,Jan 10 2020 6:27:09.1770 PM,Jan 10 2020 6:27:09.1840 PM,.0075
22. Battery,Battery,Min_Pack_Voltage,Set 'value0' with value '17',PASS,,,,,,,,,Jan 10 2020 6:27:09.1790 PM,Jan 10 2020 6:27:09.1790 PM,0
22. Battery,Battery,Min_Pack_Voltage,Set 'value1' with value '148',PASS,,,,,,,,,Jan 10 2020 6:27:09.1790 PM,Jan 10 2020 6:27:09.1790 PM,0
22. Battery,Battery,Min_Pack_Voltage,Calculate expression: (value0 * 256 + value1),PASS,,,,,,,,,Jan 10 2020 6:27:09.1810 PM,Jan 10 2020 6:27:09.1820 PM,.0001
22. Battery,Battery,Min_Pack_Voltage,,PASS,,4500,NA,,,,,NA,Jan 10 2020 6:27:09.1840 PM,Jan 10 2020 6:27:09.1840 PM,0
23. Battery,,,,,,,,,,,,,Jan 10 2020 6:27:09.1880 PM,Jan 10 2020 6:27:09.1990 PM,.0113
23. Battery,Battery,Max_Chg_Current,Set 'value0' with value '0',PASS,,,,,,,,,Jan 10 2020 6:27:09.1900 PM,Jan 10 2020 6:27:09.1900 PM,0
23. Battery,Battery,Max_Chg_Current,Set 'value1' with value '0',PASS,,,,,,,,,Jan 10 2020 6:27:09.1910 PM,Jan 10 2020 6:27:09.1910 PM,0
23. Battery,Battery,Max_Chg_Current,Calculate expression: (value0 * 256 + value1),PASS,,,,,,,,,Jan 10 2020 6:27:09.1970 PM,Jan 10 2020 6:27:09.1970 PM,0
23. Battery,Battery,Max_Chg_Current,,PASS,,0,NA,,,,,NA,Jan 10 2020 6:27:09.1990 PM,Jan 10 2020 6:27:09.1990 PM,0
24. Battery,,,,,,,,,,,,,Jan 10 2020 6:27:09.2030 PM,Jan 10 2020 6:27:09.2100 PM,.0069
24. Battery,Battery,Max_Dhg_Current,Set 'value0' with value '0',PASS,,,,,,,,,Jan 10 2020 6:27:09.2050 PM,Jan 10 2020 6:27:09.2050 PM,0
24. Battery,Battery,Max_Dhg_Current,Set 'value1' with value '0',PASS,,,,,,,,,Jan 10 2020 6:27:09.2050 PM,Jan 10 2020 6:27:09.2050 PM,0
24. Battery,Battery,Max_Dhg_Current,Calculate expression: (value0 * 256 + value1) - 65536,PASS,,,,,,,,,Jan 10 2020 6:27:09.2070 PM,Jan 10 2020 6:27:09.2080 PM,0
24. Battery,Battery,Max_Dhg_Current,,PASS,,-65536,NA,,,,,NA,Jan 10 2020 6:27:09.2100 PM,Jan 10 2020 6:27:09.2100 PM,0
25. Battery,,,,,,,,,,,,,Jan 10 2020 6:27:09.2120 PM,Jan 10 2020 6:27:09.2190 PM,.0068
25. Battery,Battery,Max_Over_Chg_Cap,Set 'value0' with value '0',PASS,,,,,,,,,Jan 10 2020 6:27:09.2140 PM,Jan 10 2020 6:27:09.2140 PM,0
25. Battery,Battery,Max_Over_Chg_Cap,Set 'value1' with value '0',PASS,,,,,,,,,Jan 10 2020 6:27:09.2140 PM,Jan 10 2020 6:27:09.2140 PM,0
25. Battery,Battery,Max_Over_Chg_Cap,Calculate expression: (value0 * 256 + value1),PASS,,,,,,,,,Jan 10 2020 6:27:09.2170 PM,Jan 10 2020 6:27:09.2170 PM,.0001
25. Battery,Battery,Max_Over_Chg_Cap,,PASS,,0,NA,,,,,NA,Jan 10 2020 6:27:09.2190 PM,Jan 10 2020 6:27:09.2190 PM,0
26. Process,,,,,,,,,,,,,Jan 10 2020 6:27:09.2220 PM,Jan 10 2020 6:27:09.4780 PM,.2564
26. Process,Process,Burn_MtDO_Key,[EFIDut] display --on,PASS,,,,,,,,,Jan 10 2020 6:27:09.2240 PM,Jan 10 2020 6:27:09.2500 PM,.026
26. Process,Process,Burn_MtDO_Key,[EFIDut] i2c -v 4 0x1a 0xea 0xd0,PASS,,,,,,,,,Jan 10 2020 6:27:09.2540 PM,Jan 10 2020 6:27:09.2940 PM,.0401
26. Process,Process,Burn_MtDO_Key,[EFIDut] i2c -v 4 0x1a 0xeb 0x04,PASS,,,,,,,,,Jan 10 2020 6:27:09.2970 PM,Jan 10 2020 6:27:09.3310 PM,.0343
26. Process,Process,Burn_MtDO_Key,[EFIDut] i2c -z 2 -d 4 0x50 0x3d00 0x38,PASS,,,,,,,,,Jan 10 2020 6:27:09.3340 PM,Jan 10 2020 6:27:09.3670 PM,.0333
26. Process,Process,Burn_MtDO_Key,Index out of bounds,FAIL,"$#@!(com.apple.hwte.rush.exception.OutOfBounds, 0, ""Index out of bounds"")[[Executing, /Users/gdlocal/Library/Atlas/Sequences/CSVSetup.rush, 1061], [Called from, /Users/gdlocal/Library/Atlas/Sequences/CSVSetup.rush, 721]]",,,,,,,,Jan 10 2020 6:27:09.3700 PM,Jan 10 2020 6:27:09.3700 PM,0
26. Process,Process,Burn_MtDO_Key,[EFIDut] i2c -z 2 -d 4 0x50 0x00b0 0x11,PASS,,,,,,,,,Jan 10 2020 6:27:09.3730 PM,Jan 10 2020 6:27:09.4070 PM,.0344
26. Process,Process,Burn_MtDO_Key,Index out of bounds-2,FAIL,"$#@!(com.apple.hwte.rush.exception.OutOfBounds, 0, ""Index out of bounds"")[[Executing, /Users/gdlocal/Library/Atlas/Sequences/CSVSetup.rush, 1061], [Called from, /Users/gdlocal/Library/Atlas/Sequences/CSVSetup.rush, 721]]",,,,,,,,Jan 10 2020 6:27:09.4100 PM,Jan 10 2020 6:27:09.4100 PM,0
26. Process,Process,Burn_MtDO_Key,[EFIDut] i2c -z 2 -d 4 0x50 0x00C7 0x35,PASS,,,,,,,,,Jan 10 2020 6:27:09.4120 PM,Jan 10 2020 6:27:09.4470 PM,.0354
26. Process,Process,Burn_MtDO_Key,Index out of bounds-3,FAIL,"$#@!(com.apple.hwte.rush.exception.OutOfBounds, 0, ""Index out of bounds"")[[Executing, /Users/gdlocal/Library/Atlas/Sequences/CSVSetup.rush, 1061], [Called from, /Users/gdlocal/Library/Atlas/Sequences/CSVSetup.rush, 721]]",,,,,,,,Jan 10 2020 6:27:09.4500 PM,Jan 10 2020 6:27:09.4500 PM,0
26. Process,Process,Burn_MtDO_Key,Invalid cast: VMNihil --> VMString,FAIL,"$#@!(com.apple.hwte.rush.exception.TypeError, :NIL:, ""Invalid cast: VMNihil --> VMString"")[[Executing, /Users/gdlocal/Library/Atlas/Sequences/Modules/Process.rush, 747], [Called from, /Users/gdlocal/Library/Atlas/Sequences/CSVSetup.rush, 721]]",,,,,,,,Jan 10 2020 6:27:09.4520 PM,Jan 10 2020 6:27:09.4520 PM,0
26. Process,Process,Burn_MtDO_Key,[EFIDut] syscfg print MtDO,PASS,,,,,,,,,Jan 10 2020 6:27:09.4540 PM,Jan 10 2020 6:27:09.4780 PM,.0234
27. Grape,,,,,,,,,,,,,Jan 10 2020 6:27:09.4820 PM,Jan 10 2020 6:27:09.5900 PM,.1073
27. Grape,Grape,POWER_ON,[EFIDut] touch --off,ERROR,"NO FAILURE MESSAGE PROVIDED (     ""[EFIDut] touch --off"" )",,,,,,,,Jan 10 2020 6:27:09.4850 PM,Jan 10 2020 6:27:09.5060 PM,.0218
27. Grape,Grape,POWER_ON,[EFIDut] touch --on,ERROR,"NO FAILURE MESSAGE PROVIDED (     ""[EFIDut] touch --on"" )",,,,,,,,Jan 10 2020 6:27:09.5100 PM,Jan 10 2020 6:27:09.5460 PM,.0369
27. Grape,Grape,POWER_ON,[EFIDut] touch --load_firmware,ERROR,"NO FAILURE MESSAGE PROVIDED (     ""[EFIDut] touch --load_firmware"" )",,,,,,,,Jan 10 2020 6:27:09.5510 PM,Jan 10 2020 6:27:09.5880 PM,.0372
28. Grape,,,,,,,,,,,,,Jan 10 2020 6:27:09.5960 PM,Jan 10 2020 6:27:09.6310 PM,.0346
28. Grape,Grape,FW_Critical_Error_Check,[EFIDut] touch --test critical --run,ERROR,"NO FAILURE MESSAGE PROVIDED (     ""[EFIDut] touch --test critical --run"" )",,,,,,,,Jan 10 2020 6:27:09.5990 PM,Jan 10 2020 6:27:09.6300 PM,.0304
29. Grape,,,,,,,,,,,,,Jan 10 2020 6:27:09.6340 PM,Jan 10 2020 6:27:09.7100 PM,.0759
29. Grape,Grape,Firmware_Version,[EFIDut] touch -p firmware-version,PASS,,,,,,,,,Jan 10 2020 6:27:09.6360 PM,Jan 10 2020 6:27:09.6690 PM,.0323
29. Grape,Grape,Firmware_Version,Invalid key 'touch firmware-version' and value '[]',FAIL,"$#@!([add_device_attribute], :NIL:, ""Invalid key 'touch firmware-version' and value '[]'"")[[Raised from, /Users/gdlocal/Library/Atlas/Sequences/CSVSetup.rush, 1258], [Called from, /Users/gdlocal/Library/Atlas/Sequences/CSVSetup.rush, 719]]",,,,,,,,Jan 10 2020 6:27:09.6720 PM,Jan 10 2020 6:27:09.6720 PM,0
29. Grape,Grape,Firmware_Version,[EFIDut] touch --off,ERROR,"NO FAILURE MESSAGE PROVIDED (     ""[EFIDut] touch --off"" )",,,,,,,,Jan 10 2020 6:27:09.6750 PM,Jan 10 2020 6:27:09.7070 PM,.0323
30. OpticalSensor,,,,,,,,,,,,,Jan 10 2020 6:27:09.7160 PM,Jan 10 2020 6:27:10.2930 PM,.5775
30. OpticalSensor,OpticalSensor,Interrupt_Test@FH_RIGHT,[EFIDut] sensor --sel als2 --init,PASS,,,,,,,,,Jan 10 2020 6:27:09.7180 PM,Jan 10 2020 6:27:09.7450 PM,.027
30. OpticalSensor,OpticalSensor,Interrupt_Test@FH_RIGHT,[EFIDut] i2c -v 3 0x39 0x80 0x00,ERROR,"NO FAILURE MESSAGE PROVIDED (     ""[EFIDut] i2c -v 3 0x39 0x80 0x00"" )",,,,,,,,Jan 10 2020 6:27:09.7480 PM,Jan 10 2020 6:27:09.7920 PM,.044
30. OpticalSensor,OpticalSensor,Interrupt_Test@FH_RIGHT,[EFIDut] socgpio --port 1 --pin 20 --get,PASS,,,,,,,,,Jan 10 2020 6:27:09.7950 PM,Jan 10 2020 6:27:09.8170 PM,.0212
30. OpticalSensor,OpticalSensor,Interrupt_Test@FH_RIGHT,[EFIDut] i2c -v 3 0x39 0x80 0x01,ERROR,"NO FAILURE MESSAGE PROVIDED (     ""[EFIDut] i2c -v 3 0x39 0x80 0x01"" )",,,,,,,,Jan 10 2020 6:27:09.8200 PM,Jan 10 2020 6:27:09.8520 PM,.032
30. OpticalSensor,OpticalSensor,Interrupt_Test@FH_RIGHT,[EFIDut] i2c -v 3 0x39 0x81 0xFF,ERROR,"NO FAILURE MESSAGE PROVIDED (     ""[EFIDut] i2c -v 3 0x39 0x81 0xFF"" )",,,,,,,,Jan 10 2020 6:27:09.8550 PM,Jan 10 2020 6:27:09.8920 PM,.0367
30. OpticalSensor,OpticalSensor,Interrupt_Test@FH_RIGHT,[EFIDut] i2c -v 3 0x39 0x80 0x13,ERROR,"NO FAILURE MESSAGE PROVIDED (     ""[EFIDut] i2c -v 3 0x39 0x80 0x13"" )",,,,,,,,Jan 10 2020 6:27:09.8950 PM,Jan 10 2020 6:27:09.9320 PM,.0368
30. OpticalSensor,OpticalSensor,Interrupt_Test@FH_RIGHT,[EFIDut] wait 100,PASS,,,,,,,,,Jan 10 2020 6:27:09.9350 PM,Jan 10 2020 6:27:10.2310 PM,.2965
30. OpticalSensor,OpticalSensor,Interrupt_Test@FH_RIGHT,[EFIDut] socgpio --port 1 --pin 20 --get-2,ERROR,"NO FAILURE MESSAGE PROVIDED (     ""[EFIDut] socgpio --port 1 --pin 20 --get"" )",,,,,,,,Jan 10 2020 6:27:10.2340 PM,Jan 10 2020 6:27:10.2570 PM,.0225
30. OpticalSensor,OpticalSensor,Interrupt_Test@FH_RIGHT,[EFIDut] i2c -v 3 0x39 0x80 0x00-2,ERROR,"NO FAILURE MESSAGE PROVIDED (     ""[EFIDut] i2c -v 3 0x39 0x80 0x00"" )",,,,,,,,Jan 10 2020 6:27:10.2600 PM,Jan 10 2020 6:27:10.2920 PM,.032
31. OpticalSensor,,,,,,,,,,,,,Jan 10 2020 6:27:10.2970 PM,Jan 10 2020 6:27:10.9670 PM,.6702
31. OpticalSensor,OpticalSensor,Interrupt_Test@FH_LEFT,[EFIDut] sensor --sel als1 --init,PASS,,,,,,,,,Jan 10 2020 6:27:10.2990 PM,Jan 10 2020 6:27:10.3260 PM,.0262
31. OpticalSensor,OpticalSensor,Interrupt_Test@FH_LEFT,[EFIDut] i2c -v 3 0x29 0x80 0x00,ERROR,"NO FAILURE MESSAGE PROVIDED (     ""[EFIDut] i2c -v 3 0x29 0x80 0x00"" )",,,,,,,,Jan 10 2020 6:27:10.3290 PM,Jan 10 2020 6:27:10.3720 PM,.0435
31. OpticalSensor,OpticalSensor,Interrupt_Test@FH_LEFT,[EFIDut] socgpio --port 1 --pin 21 --get,ERROR,"NO FAILURE MESSAGE PROVIDED (     ""[EFIDut] socgpio --port 1 --pin 21 --get"" )",,,,,,,,Jan 10 2020 6:27:10.3780 PM,Jan 10 2020 6:27:10.3970 PM,.0187
31. OpticalSensor,OpticalSensor,Interrupt_Test@FH_LEFT,[EFIDut] i2c -v 3 0x29 0x80 0x01,ERROR,"NO FAILURE MESSAGE PROVIDED (     ""[EFIDut] i2c -v 3 0x29 0x80 0x01"" )",,,,,,,,Jan 10 2020 6:27:10.4000 PM,Jan 10 2020 6:27:10.4320 PM,.0322
31. OpticalSensor,OpticalSensor,Interrupt_Test@FH_LEFT,[EFIDut] i2c -v 3 0x29 0x81 0xFF,ERROR,"NO FAILURE MESSAGE PROVIDED (     ""[EFIDut] i2c -v 3 0x29 0x81 0xFF"" )",,,,,,,,Jan 10 2020 6:27:10.4350 PM,Jan 10 2020 6:27:10.4720 PM,.0367
31. OpticalSensor,OpticalSensor,Interrupt_Test@FH_LEFT,[EFIDut] i2c -v 3 0x29 0x80 0x13,ERROR,"NO FAILURE MESSAGE PROVIDED (     ""[EFIDut] i2c -v 3 0x29 0x80 0x13"" )",,,,,,,,Jan 10 2020 6:27:10.4750 PM,Jan 10 2020 6:27:10.5120 PM,.0368
31. OpticalSensor,OpticalSensor,Interrupt_Test@FH_LEFT,[EFIDut] wait 100,PASS,,,,,,,,,Jan 10 2020 6:27:10.5150 PM,Jan 10 2020 6:27:10.8690 PM,.3534
31. OpticalSensor,OpticalSensor,Interrupt_Test@FH_LEFT,[EFIDut] socgpio --port 1 --pin 21 --get-2,PASS,,,,,,,,,Jan 10 2020 6:27:10.8710 PM,Jan 10 2020 6:27:10.8970 PM,.0252
31. OpticalSensor,OpticalSensor,Interrupt_Test@FH_LEFT,[EFIDut] i2c -v 3 0x29 0x80 0x00-2,ERROR,"NO FAILURE MESSAGE PROVIDED (     ""[EFIDut] i2c -v 3 0x29 0x80 0x00"" )",,,,,,,,Jan 10 2020 6:27:10.9000 PM,Jan 10 2020 6:27:10.9320 PM,.0325
31. OpticalSensor,OpticalSensor,Interrupt_Test@FH_LEFT,"[EFIDut] sensor --sel als1,als2 --turnoff",PASS,,,,,,,,,Jan 10 2020 6:27:10.9350 PM,Jan 10 2020 6:27:10.9670 PM,.0315
32. System,,,,,,,,,,,,,Jan 10 2020 6:27:10.9710 PM,Jan 10 2020 6:27:11.0760 PM,.1045
32. System,System,I2C0_Sweep_Test,[Diags] i2c -s 0-sendCommand,PASS,,,,,,,,,Jan 10 2020 6:27:10.9740 PM,Jan 10 2020 6:27:11.0740 PM,.1001
32. System,System,I2C0_Sweep_Test,ACE(One-ACE) ,PASS,,,,,,,,,Jan 10 2020 6:27:11.0750 PM,Jan 10 2020 6:27:11.0750 PM,0
32. System,System,I2C0_Sweep_Test,Ace(All-Ace) ,PASS,,,,,,,,,Jan 10 2020 6:27:11.0760 PM,Jan 10 2020 6:27:11.0760 PM,0
33. System,,,,,,,,,,,,,Jan 10 2020 6:27:11.0780 PM,Jan 10 2020 6:27:11.7130 PM,.6345
33. System,System,I2C1_Sweep_Test,[Diags] audio -r-sendCommand,PASS,,,,,,,,,Jan 10 2020 6:27:11.0810 PM,Jan 10 2020 6:27:11.3870 PM,.3068
33. System,System,I2C1_Sweep_Test,[Diags] i2c -s 1-sendCommand,PASS,,,,,,,,,Jan 10 2020 6:27:11.3890 PM,Jan 10 2020 6:27:11.6480 PM,.2588
33. System,System,I2C1_Sweep_Test,SKR AMP FHRT ,FAIL, i2c -s 1  (7-bit) 0x38 (8-bit) 0x70 not found,,,,,,,,Jan 10 2020 6:27:11.6550 PM,Jan 10 2020 6:27:11.6550 PM,0
33. System,System,I2C1_Sweep_Test,SKR AMP FHRW ,FAIL, i2c -s 1  (7-bit) 0x39 (8-bit) 0x72 not found,,,,,,,,Jan 10 2020 6:27:11.6550 PM,Jan 10 2020 6:27:11.6550 PM,0
33. System,System,I2C1_Sweep_Test,SKR AMP FHLT ,FAIL, i2c -s 1  (7-bit) 0x3A (8-bit) 0x74 not found,,,,,,,,Jan 10 2020 6:27:11.6550 PM,Jan 10 2020 6:27:11.6550 PM,0
33. System,System,I2C1_Sweep_Test,SKR AMP FHLW ,FAIL, i2c -s 1  (7-bit) 0x3B (8-bit) 0x76 not found,,,,,,,,Jan 10 2020 6:27:11.6550 PM,Jan 10 2020 6:27:11.6550 PM,0
33. System,System,I2C1_Sweep_Test,[Diags] audio --turnoff-sendCommand,PASS,,,,,,,,,Jan 10 2020 6:27:11.6560 PM,Jan 10 2020 6:27:11.7120 PM,.0562
34. System,,,,,,,,,,,,,Jan 10 2020 6:27:11.7170 PM,Jan 10 2020 6:27:11.7770 PM,.0603
34. System,System,I2C2_Sweep_Test,[Diags] i2c -s 2-sendCommand,PASS,,,,,,,,,Jan 10 2020 6:27:11.7190 PM,Jan 10 2020 6:27:11.7760 PM,.0569
34. System,System,I2C2_Sweep_Test,BELLATRIX ,PASS,,,,,,,,,Jan 10 2020 6:27:11.7770 PM,Jan 10 2020 6:27:11.7770 PM,0
35. System,,,,,,,,,,,,,Jan 10 2020 6:27:11.7810 PM,Jan 10 2020 6:27:12.3340 PM,.5531
35. System,System,I2C3_Sweep_Test,[Diags] audio -r-sendCommand,PASS,,,,,,,,,Jan 10 2020 6:27:11.7840 PM,Jan 10 2020 6:27:12.0870 PM,.3038
35. System,System,I2C3_Sweep_Test,[Diags] i2c -s 3-sendCommand,PASS,,,,,,,,,Jan 10 2020 6:27:12.0890 PM,Jan 10 2020 6:27:12.2710 PM,.1816
35. System,System,I2C3_Sweep_Test,[Diags] audio --turnoff-sendCommand,PASS,,,,,,,,,Jan 10 2020 6:27:12.2720 PM,Jan 10 2020 6:27:12.3320 PM,.0602
35. System,System,I2C3_Sweep_Test,Penrose ADC,FAIL, i2c -s 3 (7-bit) 0x48 (8-bit) 0x90 not found,,,,,,,,Jan 10 2020 6:27:12.3340 PM,Jan 10 2020 6:27:12.3340 PM,0
36. System,,,,,,,,,,,,,Jan 10 2020 6:27:12.3370 PM,Jan 10 2020 6:27:12.6120 PM,.2744
36. System,System,I2C4_Sweep_Test,[Diags] display --on-sendCommand,ERROR,"NO FAILURE MESSAGE PROVIDED (     ""[Diags] display --on"",     sendCommand )",,,,,,,,Jan 10 2020 6:27:12.3390 PM,Jan 10 2020 6:27:12.3720 PM,.0323
36. System,System,I2C4_Sweep_Test,[Diags] i2c -s 4-sendCommand,PASS,,,,,,,,,Jan 10 2020 6:27:12.3730 PM,Jan 10 2020 6:27:12.5900 PM,.2168
36. System,System,I2C4_Sweep_Test,Tcon,FAIL, i2c -s 4  (7-bit) 0x18~0x27 (8-bit) 0x30~0x4E  not found,,,,,,,,Jan 10 2020 6:27:12.6110 PM,Jan 10 2020 6:27:12.6110 PM,0
37. System,,,,,,,,,,,,,Jan 10 2020 6:27:12.6150 PM,Jan 10 2020 6:27:12.6380 PM,.0233
37. System,System,I2C6_Sweep_Test,[Diags] i2c -s 6-sendCommand,PASS,,,,,,,,,Jan 10 2020 6:27:12.6170 PM,Jan 10 2020 6:27:12.6370 PM,.0201
37. System,System,I2C6_Sweep_Test,ALS(C3),FAIL, i2c -s 6  (7-bit) 0x39 (8-bit) 0x72 not found,,,,,,,,Jan 10 2020 6:27:12.6380 PM,Jan 10 2020 6:27:12.6380 PM,0
38. System,,,,,,,,,,,,,Jan 10 2020 6:27:12.6410 PM,Jan 10 2020 6:27:12.7770 PM,.1363
38. System,System,I2C7_Sweep_Test,[Diags] i2c -s 7-sendCommand,PASS,,,,,,,,,Jan 10 2020 6:27:12.6430 PM,Jan 10 2020 6:27:12.7760 PM,.1326
38. System,System,I2C7_Sweep_Test,POTOMAC,PASS,,,,,,,,,Jan 10 2020 6:27:12.7770 PM,Jan 10 2020 6:27:12.7770 PM,0
39. System,,,,,,,,,,,,,Jan 10 2020 6:27:12.7810 PM,Jan 10 2020 6:27:12.9620 PM,.1808
39. System,System,I2C8_Sweep_Test,[Diags] i2c -s 8-sendCommand,PASS,,,,,,,,,Jan 10 2020 6:27:12.7840 PM,Jan 10 2020 6:27:12.9600 PM,.1764
39. System,System,I2C8_Sweep_Test,ACE2,PASS,,,,,,,,,Jan 10 2020 6:27:12.9610 PM,Jan 10 2020 6:27:12.9610 PM,0
39. System,System,I2C8_Sweep_Test,ACE(ALL-ACE),PASS,,,,,,,,,Jan 10 2020 6:27:12.9620 PM,Jan 10 2020 6:27:12.9620 PM,0
40. System,,,,,,,,,,,,,Jan 10 2020 6:27:12.9650 PM,Jan 10 2020 6:27:13.1220 PM,.1565
40. System,System,I2C9_Sweep_Test,[Diags] i2c -s 9-sendCommand,PASS,,,,,,,,,Jan 10 2020 6:27:12.9670 PM,Jan 10 2020 6:27:13.1200 PM,.1532
40. System,System,I2C9_Sweep_Test,GASGAUGE,PASS,,,,,,,,,Jan 10 2020 6:27:13.1210 PM,Jan 10 2020 6:27:13.1210 PM,0
41. System,,,,,,,,,,,,,Jan 10 2020 6:27:13.1240 PM,Jan 10 2020 6:27:19.6890 PM,6.565
41. System,System,I2C10_Sweep_Test,[Diags] i2c -s 10-sendCommand,PASS,,,,,,,,,Jan 10 2020 6:27:13.1260 PM,Jan 10 2020 6:27:19.6880 PM,6.5614
41. System,System,I2C10_Sweep_Test,GASGAUGE,FAIL, i2c -s 10  (7-bit) 0x55 (8-bit) 0xAA not found,,,,,,,,Jan 10 2020 6:27:19.6890 PM,Jan 10 2020 6:27:19.6890 PM,0
41. System,System,I2C10_Sweep_Test,Current SNS,FAIL, i2c -s 10  (7-bit) 0x41 (8-bit) 0x82 not found,,,,,,,,Jan 10 2020 6:27:19.6890 PM,Jan 10 2020 6:27:19.6890 PM,0
42. System,,,,,,,,,,,,,Jan 10 2020 6:27:19.6930 PM,Jan 10 2020 6:27:26.2490 PM,6.5557
42. System,System,I2C11_Sweep_Test,[Diags] i2c -s 11-sendCommand,PASS,,,,,,,,,Jan 10 2020 6:27:19.6950 PM,Jan 10 2020 6:27:26.2470 PM,6.5521
42. System,System,I2C11_Sweep_Test,ATHENA,FAIL, i2c -s 11  (7-bit) 0x3C (8-bit) 0x78 not found,,,,,,,,Jan 10 2020 6:27:26.2490 PM,Jan 10 2020 6:27:26.2490 PM,0
42. System,System,I2C11_Sweep_Test,APOLLO,FAIL, i2c -s 11  (7-bit) 0x40 (8-bit) 0x80 not found,,,,,,,,Jan 10 2020 6:27:26.2490 PM,Jan 10 2020 6:27:26.2490 PM,0
43. Battery,,,,,,,,,,,,,Jan 10 2020 6:27:26.2530 PM,Jan 10 2020 6:27:26.2920 PM,.0393
43. Battery,Battery,Present_Voltage,[EFIDut] pmuadc --sel potomac --read vbat,PASS,,,,,,,,,Jan 10 2020 6:27:26.2550 PM,Jan 10 2020 6:27:26.2880 PM,.0335
43. Battery,Battery,Present_Voltage,,PASS,,3708.7912,mV,,3200,,,mV,Jan 10 2020 6:27:26.2920 PM,Jan 10 2020 6:27:26.2920 PM,0
44. Battery,,,,,,,,,,,,,Jan 10 2020 6:27:26.2970 PM,Jan 10 2020 6:27:26.3300 PM,.0334
44. Battery,Battery,NTC,[EFIDut] pmuadc --sel potomac --read tbat,PASS,,,,,,,,,Jan 10 2020 6:27:26.3000 PM,Jan 10 2020 6:27:26.3270 PM,.0264
44. Battery,Battery,NTC,,PASS,,29.8984,deg C,35,15,,,deg C,Jan 10 2020 6:27:26.3300 PM,Jan 10 2020 6:27:26.3300 PM,0
45. Battery,,,,,,,,,,,,,Jan 10 2020 6:27:26.3330 PM,Jan 10 2020 6:27:26.4840 PM,.1517
45. Battery,Battery,Chem_ID,[EFIDut] device -k GasGauge --get chem-id,PASS,,,,,,,,,Jan 10 2020 6:27:26.3350 PM,Jan 10 2020 6:27:26.4800 PM,.1445
45. Battery,Battery,Chem_ID,Index out of bounds,FAIL,"$#@!(com.apple.hwte.rush.exception.OutOfBounds, 0, ""Index out of bounds"")[[Executing, /Users/gdlocal/Library/Atlas/Sequences/CSVSetup.rush, 1061], [Called from, /Users/gdlocal/Library/Atlas/Sequences/CSVSetup.rush, 721]]",,,,,,,,Jan 10 2020 6:27:26.4820 PM,Jan 10 2020 6:27:26.4820 PM,0
45. Battery,Battery,Chem_ID,:NIL:,FAIL,"; input ':NIL:' not found in allowedArray [0x2200, 0x2199, 0x2163]",,,,,,,,Jan 10 2020 6:27:26.4840 PM,Jan 10 2020 6:27:26.4840 PM,0
46. Battery,,,,,,,,,,,,,Jan 10 2020 6:27:26.4910 PM,Jan 10 2020 6:27:26.6440 PM,.1531
46. Battery,Battery,Qmax,[EFIDut] device -k GasGauge --get chem-capacity,PASS,,,,,,,,,Jan 10 2020 6:27:26.4930 PM,Jan 10 2020 6:27:26.6410 PM,.1474
46. Battery,Battery,Qmax,value: param is not a Number-Convert-Able value,FAIL,"$#@!(, [], ""value: param is not a Number-Convert-Able value"")[[Raised from, /Users/gdlocal/Library/Atlas/Sequences/CSVSetup.rush, 511], [Called from, /Users/gdlocal/Library/Atlas/Sequences/CSVSetup.rush, 988]]",,,,,,,,Jan 10 2020 6:27:26.6440 PM,Jan 10 2020 6:27:26.6440 PM,0
47. Battery,,,,,,,,,,,,,Jan 10 2020 6:27:26.6480 PM,Jan 10 2020 6:27:26.8070 PM,.1591
47. Battery,Battery,Static_Chem_ID_CheckSum,[EFIDut] device -k GasGauge --e test_checksum,PASS,,,,,,,,,Jan 10 2020 6:27:26.6500 PM,Jan 10 2020 6:27:26.8020 PM,.1526
47. Battery,Battery,Static_Chem_ID_CheckSum,Index out of bounds,FAIL,"$#@!(com.apple.hwte.rush.exception.OutOfBounds, 0, ""Index out of bounds"")[[Executing, /Users/gdlocal/Library/Atlas/Sequences/CSVSetup.rush, 1061], [Called from, /Users/gdlocal/Library/Atlas/Sequences/CSVSetup.rush, 721]]",,,,,,,,Jan 10 2020 6:27:26.8050 PM,Jan 10 2020 6:27:26.8050 PM,0
47. Battery,Battery,Static_Chem_ID_CheckSum,:NIL:,FAIL,"; input ':NIL:' not found in allowedArray [0x7936, 0x7d13, 0x7a75]",,,,,,,,Jan 10 2020 6:27:26.8060 PM,Jan 10 2020 6:27:26.8060 PM,0
48. Battery,,,,,,,,,,,,,Jan 10 2020 6:27:26.8100 PM,Jan 10 2020 6:27:26.8140 PM,.0041
48. Battery,Battery,Static_DF_CheckSum,Index out of bounds,FAIL,"$#@!(com.apple.hwte.rush.exception.OutOfBounds, 0, ""Index out of bounds"")[[Executing, /Users/gdlocal/Library/Atlas/Sequences/CSVSetup.rush, 1061], [Called from, /Users/gdlocal/Library/Atlas/Sequences/CSVSetup.rush, 721]]",,,,,,,,Jan 10 2020 6:27:26.8120 PM,Jan 10 2020 6:27:26.8120 PM,0
48. Battery,Battery,Static_DF_CheckSum,:NIL:,FAIL,"; input ':NIL:' not found in allowedArray [0x0511, 0x08CF, 0x0503]",,,,,,,,Jan 10 2020 6:27:26.8140 PM,Jan 10 2020 6:27:26.8140 PM,0
49. Battery,,,,,,,,,,,,,Jan 10 2020 6:27:26.8180 PM,Jan 10 2020 6:27:26.9630 PM,.1453
49. Battery,Battery,FCC,[EFIDut] device -k GasGauge --get full-capacity,PASS,,,,,,,,,Jan 10 2020 6:27:26.8200 PM,Jan 10 2020 6:27:26.9600 PM,.14
49. Battery,Battery,FCC,value: param is not a Number-Convert-Able value,FAIL,"$#@!(, [], ""value: param is not a Number-Convert-Able value"")[[Raised from, /Users/gdlocal/Library/Atlas/Sequences/CSVSetup.rush, 511], [Called from, /Users/gdlocal/Library/Atlas/Sequences/CSVSetup.rush, 988]]",,,,,,,,Jan 10 2020 6:27:26.9630 PM,Jan 10 2020 6:27:26.9630 PM,0
50. Battery,,,,,,,,,,,,,Jan 10 2020 6:27:26.9660 PM,Jan 10 2020 6:27:27.1240 PM,.1579
50. Battery,Battery,NCC,[EFIDut] device -k GasGauge --get nominal-capacity,PASS,,,,,,,,,Jan 10 2020 6:27:26.9680 PM,Jan 10 2020 6:27:27.1210 PM,.1528
50. Battery,Battery,NCC,value: param is not a Number-Convert-Able value,FAIL,"$#@!(, [], ""value: param is not a Number-Convert-Able value"")[[Raised from, /Users/gdlocal/Library/Atlas/Sequences/CSVSetup.rush, 511], [Called from, /Users/gdlocal/Library/Atlas/Sequences/CSVSetup.rush, 988]]",,,,,,,,Jan 10 2020 6:27:27.1240 PM,Jan 10 2020 6:27:27.1240 PM,0
51. Battery,,,,,,,,,,,,,Jan 10 2020 6:27:27.1270 PM,Jan 10 2020 6:27:27.2850 PM,.1573
51. Battery,Battery,Cycle_Count,[EFIDut] device -k GasGauge --get cycle-count,PASS,,,,,,,,,Jan 10 2020 6:27:27.1290 PM,Jan 10 2020 6:27:27.2800 PM,.1502
51. Battery,Battery,Cycle_Count,,FAIL,Failed limits,5688,NA,5,0,,,NA,Jan 10 2020 6:27:27.2840 PM,Jan 10 2020 6:27:27.2840 PM,0
52. Battery,,,,,,,,,,,,,Jan 10 2020 6:27:27.2880 PM,Jan 10 2020 6:27:27.4440 PM,.1566
52. Battery,Battery,GG_Hardware_Version,[EFIDut] device -k GasGauge --get hw-version,PASS,,,,,,,,,Jan 10 2020 6:27:27.2900 PM,Jan 10 2020 6:27:27.4400 PM,.1502
52. Battery,Battery,GG_Hardware_Version,Index out of bounds,FAIL,"$#@!(com.apple.hwte.rush.exception.OutOfBounds, 0, ""Index out of bounds"")[[Executing, /Users/gdlocal/Library/Atlas/Sequences/CSVSetup.rush, 1061], [Called from, /Users/gdlocal/Library/Atlas/Sequences/CSVSetup.rush, 721]]",,,,,,,,Jan 10 2020 6:27:27.4420 PM,Jan 10 2020 6:27:27.4420 PM,0
52. Battery,Battery,GG_Hardware_Version,:NIL:,FAIL,; input ':NIL:' not found in allowedArray [0xA8],,,,,,,,Jan 10 2020 6:27:27.4440 PM,Jan 10 2020 6:27:27.4440 PM,0
53. Battery,,,,,,,,,,,,,Jan 10 2020 6:27:27.4480 PM,Jan 10 2020 6:27:27.6060 PM,.1583
53. Battery,Battery,GG_Firmware_Version,[EFIDut] device -k GasGauge --get fw-version,PASS,,,,,,,,,Jan 10 2020 6:27:27.4500 PM,Jan 10 2020 6:27:27.6000 PM,.1498
53. Battery,Battery,GG_Firmware_Version,Index out of bounds,FAIL,"$#@!(com.apple.hwte.rush.exception.OutOfBounds, 0, ""Index out of bounds"")[[Executing, /Users/gdlocal/Library/Atlas/Sequences/CSVSetup.rush, 1061], [Called from, /Users/gdlocal/Library/Atlas/Sequences/CSVSetup.rush, 721]]",,,,,,,,Jan 10 2020 6:27:27.6040 PM,Jan 10 2020 6:27:27.6040 PM,0
53. Battery,Battery,GG_Firmware_Version,:NIL:,FAIL,; input ':NIL:' not found in allowedArray [0x610],,,,,,,,Jan 10 2020 6:27:27.6060 PM,Jan 10 2020 6:27:27.6060 PM,0
54. Battery,,,,,,,,,,,,,Jan 10 2020 6:27:27.6110 PM,Jan 10 2020 6:27:27.7630 PM,.1522
54. Battery,Battery,QEN_And_Impedance_Tracking_Bit,[EFIDut] device -k GasGauge -g chem-cap-updates-en,ERROR,"NO FAILURE MESSAGE PROVIDED (     ""[EFIDut] device -k GasGauge -g chem-cap-updates-en"" )",,,,,,,,Jan 10 2020 6:27:27.6130 PM,Jan 10 2020 6:27:27.7620 PM,.1489
55. Battery,,,,,,,,,,,,,Jan 10 2020 6:27:27.7660 PM,Jan 10 2020 6:27:27.8510 PM,.0854
55. Battery,Battery,Sleep_Enable_Bit,[EFIDut] device -k GasGauge -e read_sleep,PASS,,,,,,,,,Jan 10 2020 6:27:27.7680 PM,Jan 10 2020 6:27:27.8500 PM,.0823
56. Battery,,,,,,,,,,,,,Jan 10 2020 6:27:27.8540 PM,Jan 10 2020 6:27:28.0010 PM,.1471
56. Battery,Battery,Sleep_Enable_Bit_Seal_Status,[EFIDut] device -k GasGauge --get sealed,ERROR,"NO FAILURE MESSAGE PROVIDED (     ""[EFIDut] device -k GasGauge --get sealed"" )",,,,,,,,Jan 10 2020 6:27:27.8570 PM,Jan 10 2020 6:27:28.0000 PM,.1434
57. Display,,,,,,,,,,,,,Jan 10 2020 6:27:28.0040 PM,Jan 10 2020 6:27:28.8170 PM,.8134
57. Display,Display,EDP_BER_Test,"[Diags] dptx -e alpm -t ""false""-sendCommand",ERROR,"NO FAILURE MESSAGE PROVIDED (     ""[Diags] dptx -e alpm -t \""false\"""",     sendCommand )",,,,,,,,Jan 10 2020 6:27:28.0060 PM,Jan 10 2020 6:27:28.3120 PM,.3058
57. Display,Display,EDP_BER_Test,[Diags] display --off-sendCommand,ERROR,"NO FAILURE MESSAGE PROVIDED (     ""[Diags] display --off"",     sendCommand )",,,,,,,,Jan 10 2020 6:27:28.3140 PM,Jan 10 2020 6:27:28.3520 PM,.0384
57. Display,Display,EDP_BER_Test,[Diags] bl -n-sendCommand,ERROR,"NO FAILURE MESSAGE PROVIDED (     ""[Diags] bl -n"",     sendCommand )",,,,,,,,Jan 10 2020 6:27:28.3540 PM,Jan 10 2020 6:27:28.3850 PM,.0304
57. Display,Display,EDP_BER_Test,[Diags] display --on-sendCommand,ERROR,"NO FAILURE MESSAGE PROVIDED (     ""[Diags] display --on"",     sendCommand )",,,,,,,,Jan 10 2020 6:27:28.3860 PM,Jan 10 2020 6:27:28.4310 PM,.0449
57. Display,Display,EDP_BER_Test,"[Diags] display --method ber --options ""-r""-sendCommand",ERROR,"NO FAILURE MESSAGE PROVIDED (     ""[Diags] display --method ber --options \""-r\"""",     sendCommand )",,,,,,,,Jan 10 2020 6:27:28.4330 PM,Jan 10 2020 6:27:28.4750 PM,.0422
57. Display,Display,EDP_BER_Test,"[Diags] display --method ber --options ""-g""-sendCommand",PASS,,,,,,,,,Jan 10 2020 6:27:28.4770 PM,Jan 10 2020 6:27:28.5140 PM,.0366
57. Display,Display,EDP_BER_Test,"[Diags] dptx -e alpm -t ""true""-sendCommand",ERROR,"NO FAILURE MESSAGE PROVIDED (     ""[Diags] dptx -e alpm -t \""true\"""",     sendCommand )",,,,,,,,Jan 10 2020 6:27:28.5150 PM,Jan 10 2020 6:27:28.8160 PM,.3009
57. Display,Display,EDP_BER_Test,EDP BER Test,FAIL,Error 0 is not six.,,,,,,,,Jan 10 2020 6:27:28.8170 PM,Jan 10 2020 6:27:28.8170 PM,0
58. PMU,,,,,,,,,,,,,Jan 10 2020 6:27:28.8220 PM,Jan 10 2020 6:27:29.1220 PM,.3002
58. PMU,PMU,Temperature_TDEV1@Sera,[EFIDut] temperature --all,PASS,,,,,,,,,Jan 10 2020 6:27:28.8240 PM,Jan 10 2020 6:27:29.1180 PM,.2939
58. PMU,PMU,Temperature_TDEV1@Sera,,PASS,,30.93,deg C,50,10,,,deg C,Jan 10 2020 6:27:29.1220 PM,Jan 10 2020 6:27:29.1220 PM,0
59. PMU,,,,,,,,,,,,,Jan 10 2020 6:27:29.1240 PM,Jan 10 2020 6:27:29.1280 PM,.0033
59. PMU,PMU,Temperature_TDEV2@Sera,,PASS,,30.36,deg C,50,10,,,deg C,Jan 10 2020 6:27:29.1270 PM,Jan 10 2020 6:27:29.1270 PM,0
60. PMU,,,,,,,,,,,,,Jan 10 2020 6:27:29.1300 PM,Jan 10 2020 6:27:29.1330 PM,.0032
60. PMU,PMU,Temperature_TDEV3@Sera,,PASS,,30.28,deg C,50,10,,,deg C,Jan 10 2020 6:27:29.1330 PM,Jan 10 2020 6:27:29.1330 PM,0
61. PMU,,,,,,,,,,,,,Jan 10 2020 6:27:29.1360 PM,Jan 10 2020 6:27:29.1390 PM,.0032
61. PMU,PMU,Temperature_TDEV4@Sera,,PASS,,30.93,deg C,50,10,,,deg C,Jan 10 2020 6:27:29.1390 PM,Jan 10 2020 6:27:29.1390 PM,0
62. PMU,,,,,,,,,,,,,Jan 10 2020 6:27:29.1420 PM,Jan 10 2020 6:27:29.1450 PM,.0032
62. PMU,PMU,Temperature_TDEV5@Sera,,PASS,,29,deg C,50,10,,,deg C,Jan 10 2020 6:27:29.1450 PM,Jan 10 2020 6:27:29.1450 PM,0
63. PMU,,,,,,,,,,,,,Jan 10 2020 6:27:29.1470 PM,Jan 10 2020 6:27:29.1510 PM,.0033
63. PMU,PMU,Temperature_TDEV6@Sera,,PASS,,29.46,deg C,50,10,,,deg C,Jan 10 2020 6:27:29.1500 PM,Jan 10 2020 6:27:29.1500 PM,0
64. PMU,,,,,,,,,,,,,Jan 10 2020 6:27:29.1530 PM,Jan 10 2020 6:27:29.1560 PM,.0033
64. PMU,PMU,Temperature_TDEV7@Sera,,PASS,,30.53,deg C,50,10,,,deg C,Jan 10 2020 6:27:29.1560 PM,Jan 10 2020 6:27:29.1560 PM,0
65. PMU,,,,,,,,,,,,,Jan 10 2020 6:27:29.1590 PM,Jan 10 2020 6:27:29.1620 PM,.0033
65. PMU,PMU,Temperature_TDEV8@Sera,,PASS,,30.97,deg C,50,10,,,deg C,Jan 10 2020 6:27:29.1620 PM,Jan 10 2020 6:27:29.1620 PM,0
66. PMU,,,,,,,,,,,,,Jan 10 2020 6:27:29.1650 PM,Jan 10 2020 6:27:29.1680 PM,.0032
66. PMU,PMU,Temperature_TDEV1@SIMETRA,,PASS,,28.74,deg C,50,10,,,deg C,Jan 10 2020 6:27:29.1680 PM,Jan 10 2020 6:27:29.1680 PM,0
67. PMU,,,,,,,,,,,,,Jan 10 2020 6:27:29.1700 PM,Jan 10 2020 6:27:29.1740 PM,.0033
67. PMU,PMU,Temperature_TDEV2@SIMETRA,,PASS,,27.61,deg C,50,10,,,deg C,Jan 10 2020 6:27:29.1730 PM,Jan 10 2020 6:27:29.1730 PM,0
68. PMU,,,,,,,,,,,,,Jan 10 2020 6:27:29.1760 PM,Jan 10 2020 6:27:29.1790 PM,.0032
68. PMU,PMU,Temperature_TDEV3@SIMETRA,,PASS,,30.24,deg C,50,10,,,deg C,Jan 10 2020 6:27:29.1790 PM,Jan 10 2020 6:27:29.1790 PM,0
69. PMU,,,,,,,,,,,,,Jan 10 2020 6:27:29.1820 PM,Jan 10 2020 6:27:29.1860 PM,.0036
69. PMU,PMU,Temperature_TDEV4@SIMETRA,,PASS,,29.27,deg C,50,10,,,deg C,Jan 10 2020 6:27:29.1860 PM,Jan 10 2020 6:27:29.1860 PM,0
70. PMU,,,,,,,,,,,,,Jan 10 2020 6:27:29.1890 PM,Jan 10 2020 6:27:29.1930 PM,.004
70. PMU,PMU,Temperature_TDEV5@SIMETRA,,PASS,,29.73,deg C,50,10,,,deg C,Jan 10 2020 6:27:29.1930 PM,Jan 10 2020 6:27:29.1930 PM,0
71. Battery,,,,,,,,,,,,,Jan 10 2020 6:27:29.1960 PM,Jan 10 2020 6:27:29.4010 PM,.2047
71. Battery,Battery,Temperature_Gasgauge,[EFIDut] device -k gasgauge -p,PASS,,,,,,,,,Jan 10 2020 6:27:29.1990 PM,Jan 10 2020 6:27:29.3980 PM,.199
71. Battery,Battery,Temperature_Gasgauge,,PASS,,30,deg C,50,10,,,deg C,Jan 10 2020 6:27:29.4000 PM,Jan 10 2020 6:27:29.4000 PM,0
72. Battery,,,,,,,,,,,,,Jan 10 2020 6:27:29.4060 PM,Jan 10 2020 6:27:29.5640 PM,.1579
72. Battery,Battery,Level_After_Test,[EFIDut] device -k GasGauge -g charge-percentage,PASS,,,,,,,,,Jan 10 2020 6:27:29.4090 PM,Jan 10 2020 6:27:29.5610 PM,.1528
72. Battery,Battery,Level_After_Test,value: param is not a Number-Convert-Able value,FAIL,"$#@!(, [], ""value: param is not a Number-Convert-Able value"")[[Raised from, /Users/gdlocal/Library/Atlas/Sequences/CSVSetup.rush, 511], [Called from, /Users/gdlocal/Library/Atlas/Sequences/CSVSetup.rush, 988]]",,,,,,,,Jan 10 2020 6:27:29.5640 PM,Jan 10 2020 6:27:29.5640 PM,0
73. Battery,,,,,,,,,,,,,Jan 10 2020 6:27:29.5670 PM,Jan 10 2020 6:27:29.6100 PM,.0432
73. Battery,Battery,Voltage_After_Test,[EFIDut] pmuadc --sel potomac --read vbat,PASS,,,,,,,,,Jan 10 2020 6:27:29.5690 PM,Jan 10 2020 6:27:29.6080 PM,.0382
73. Battery,Battery,Voltage_After_Test,,PASS,,3708.1807,mV,,3700,,,mV,Jan 10 2020 6:27:29.6100 PM,Jan 10 2020 6:27:29.6100 PM,0
74. Process,,,,,,,,,,,,,Jan 10 2020 6:27:29.6140 PM,Jan 10 2020 6:27:29.7490 PM,.1355
74. Process,Process,DRCB,EFIDut-close,PASS,,,,,,,,,Jan 10 2020 6:27:29.6160 PM,Jan 10 2020 6:27:29.6170 PM,.0007
74. Process,Process,DRCB,DRCB-Finish-StationFileSecurity,FAIL,station no longer secure,,,,,,,,Jan 10 2020 6:27:29.6230 PM,Jan 10 2020 6:27:29.6230 PM,0
74. Process,Process,DRCB,DRCB-Finish,PASS,,,,,,,,,Jan 10 2020 6:27:29.6220 PM,Jan 10 2020 6:27:29.7480 PM,.1255
