Test,Plugin,Command,Status,Info,Start Time,End Time,Duration (s)
,StationUtils,checkPredicateFormat,PASS,,Jan 10 2020 6:26:59.1920 PM,Jan 10 2020 6:26:59.1930 PM,.0003
,StationUtils,checkPredicateFormat,PASS,,Jan 10 2020 6:26:59.3420 PM,Jan 10 2020 6:26:59.3420 PM,.0001
,StationUtils,checkPredicateFormat,PASS,,Jan 10 2020 6:26:59.3450 PM,Jan 10 2020 6:26:59.3450 PM,.0001
,StationUtils,checkPredicateFormat,PASS,,Jan 10 2020 6:26:59.3470 PM,Jan 10 2020 6:26:59.3470 PM,0
1. SystemState,SpartanPlugin,spartanParameterCheck,PASS,,Jan 10 2020 6:26:59.7310 PM,Jan 10 2020 6:27:06.1430 PM,6.4121
3. SystemState,UART,open,PASS,,Jan 10 2020 6:27:06.1660 PM,Jan 10 2020 6:27:06.2650 PM,.099
3. SystemState,UART,read,PASS,,Jan 10 2020 6:27:06.2670 PM,Jan 10 2020 6:27:06.2670 PM,.0005
3. SystemState,UART,read,PASS,,Jan 10 2020 6:27:06.2690 PM,Jan 10 2020 6:27:06.2690 PM,.0001
3. SystemState,UART,read,PASS,,Jan 10 2020 6:27:06.2700 PM,Jan 10 2020 6:27:06.2700 PM,.0002
3. SystemState,UART,read,PASS,,Jan 10 2020 6:27:06.2710 PM,Jan 10 2020 6:27:06.2720 PM,.0001
3. SystemState,UART,read,PASS,,Jan 10 2020 6:27:06.2730 PM,Jan 10 2020 6:27:06.2730 PM,.0002
3. SystemState,UART,read,PASS,,Jan 10 2020 6:27:06.2770 PM,Jan 10 2020 6:27:06.2770 PM,.0002
3. SystemState,UART,read,PASS,,Jan 10 2020 6:27:06.2800 PM,Jan 10 2020 6:27:06.2800 PM,.0002
3. SystemState,UART,read,PASS,,Jan 10 2020 6:27:06.2810 PM,Jan 10 2020 6:27:06.2810 PM,.0002
3. SystemState,UART,read,PASS,,Jan 10 2020 6:27:06.2830 PM,Jan 10 2020 6:27:06.2830 PM,.0002
3. SystemState,UART,read,PASS,,Jan 10 2020 6:27:06.2840 PM,Jan 10 2020 6:27:06.2850 PM,.0006
3. SystemState,UART,read,PASS,,Jan 10 2020 6:27:06.2870 PM,Jan 10 2020 6:27:06.2870 PM,.0002
3. SystemState,UART,read,PASS,,Jan 10 2020 6:27:06.2880 PM,Jan 10 2020 6:27:06.2890 PM,.0002
3. SystemState,UART,read,PASS,,Jan 10 2020 6:27:06.2900 PM,Jan 10 2020 6:27:06.2900 PM,.0002
3. SystemState,UART,read,PASS,,Jan 10 2020 6:27:06.2930 PM,Jan 10 2020 6:27:06.2930 PM,.0003
3. SystemState,UART,read,PASS,,Jan 10 2020 6:27:06.2950 PM,Jan 10 2020 6:27:06.2960 PM,.0003
3. SystemState,UART,read,PASS,,Jan 10 2020 6:27:06.2980 PM,Jan 10 2020 6:27:06.2980 PM,.0002
3. SystemState,UART,read,PASS,,Jan 10 2020 6:27:06.2990 PM,Jan 10 2020 6:27:06.3000 PM,.0002
3. SystemState,UART,read,PASS,,Jan 10 2020 6:27:06.3010 PM,Jan 10 2020 6:27:06.3010 PM,.0002
3. SystemState,UART,read,PASS,,Jan 10 2020 6:27:06.3030 PM,Jan 10 2020 6:27:06.3030 PM,.0002
3. SystemState,UART,read,PASS,,Jan 10 2020 6:27:06.3040 PM,Jan 10 2020 6:27:06.3050 PM,.0002
3. SystemState,UART,read,PASS,,Jan 10 2020 6:27:06.3060 PM,Jan 10 2020 6:27:06.3060 PM,.0002
3. SystemState,UART,read,PASS,,Jan 10 2020 6:27:06.3080 PM,Jan 10 2020 6:27:06.3080 PM,.0003
3. SystemState,UART,read,PASS,,Jan 10 2020 6:27:06.3100 PM,Jan 10 2020 6:27:06.3100 PM,.0002
3. SystemState,UART,read,PASS,,Jan 10 2020 6:27:06.3110 PM,Jan 10 2020 6:27:06.3110 PM,.0002
3. SystemState,UART,read,PASS,,Jan 10 2020 6:27:06.3130 PM,Jan 10 2020 6:27:06.3130 PM,.0002
3. SystemState,UART,read,PASS,,Jan 10 2020 6:27:06.3140 PM,Jan 10 2020 6:27:06.3140 PM,.0002
3. SystemState,UART,read,PASS,,Jan 10 2020 6:27:06.3150 PM,Jan 10 2020 6:27:06.3150 PM,.0001
3. SystemState,UART,read,PASS,,Jan 10 2020 6:27:06.3170 PM,Jan 10 2020 6:27:06.3170 PM,.0002
3. SystemState,UART,read,PASS,,Jan 10 2020 6:27:06.3180 PM,Jan 10 2020 6:27:06.3180 PM,.0002
3. SystemState,UART,read,PASS,,Jan 10 2020 6:27:06.3190 PM,Jan 10 2020 6:27:06.3190 PM,.0001
3. SystemState,UART,read,PASS,,Jan 10 2020 6:27:06.3210 PM,Jan 10 2020 6:27:06.3210 PM,.0002
3. SystemState,UART,read,PASS,,Jan 10 2020 6:27:06.3220 PM,Jan 10 2020 6:27:06.3220 PM,.0002
3. SystemState,UART,read,PASS,,Jan 10 2020 6:27:06.3230 PM,Jan 10 2020 6:27:06.3240 PM,.0002
3. SystemState,UART,read,PASS,,Jan 10 2020 6:27:06.3250 PM,Jan 10 2020 6:27:06.3260 PM,.0005
3. SystemState,UART,read,PASS,,Jan 10 2020 6:27:06.3300 PM,Jan 10 2020 6:27:06.3430 PM,.0133
3. SystemState,UART,changeLineTerminator,PASS,,Jan 10 2020 6:27:06.3440 PM,Jan 10 2020 6:27:06.3450 PM,0
3. SystemState,UART,sendCommand,PASS,,Jan 10 2020 6:27:06.3460 PM,Jan 10 2020 6:27:06.3610 PM,.0155
3. SystemState,UART,sendCommand,PASS,,Jan 10 2020 6:27:06.3630 PM,Jan 10 2020 6:27:06.3750 PM,.0121
3. SystemState,UART,changeDelimiter,PASS,,Jan 10 2020 6:27:06.3760 PM,Jan 10 2020 6:27:06.3760 PM,0
3. SystemState,UART,sendCommand,PASS,,Jan 10 2020 6:27:06.3780 PM,Jan 10 2020 6:27:06.3790 PM,.0009
3. SystemState,UART,changeDelimiter,PASS,,Jan 10 2020 6:27:06.3900 PM,Jan 10 2020 6:27:06.3900 PM,0
3. SystemState,UART,sendCommand,PASS,,Jan 10 2020 6:27:06.3910 PM,Jan 10 2020 6:27:06.6780 PM,.2871
3. SystemState,UART,read,PASS,,Jan 10 2020 6:27:06.6800 PM,Jan 10 2020 6:27:06.6830 PM,.0032
3. SystemState,UART,close,PASS,,Jan 10 2020 6:27:06.6840 PM,Jan 10 2020 6:27:06.6850 PM,.0006
4. DUTinfo,EFIDut,open,PASS,,Jan 10 2020 6:27:06.6930 PM,Jan 10 2020 6:27:06.9910 PM,.2979
4. DUTinfo,EFIDut,syncCmdResp,PASS,,Jan 10 2020 6:27:06.9940 PM,Jan 10 2020 6:27:07.0190 PM,.0248
4. DUTinfo,EFIDut,sendCommand,PASS,,Jan 10 2020 6:27:07.0220 PM,Jan 10 2020 6:27:07.0700 PM,.0482
4. DUTinfo,EFIDut,sendCommand,PASS,,Jan 10 2020 6:27:07.0750 PM,Jan 10 2020 6:27:07.3250 PM,.2509
4. DUTinfo,EFIDut,sendCommand,PASS,,Jan 10 2020 6:27:07.3280 PM,Jan 10 2020 6:27:07.3580 PM,.0298
4. DUTinfo,EFIDut,sendCommand,PASS,,Jan 10 2020 6:27:07.3610 PM,Jan 10 2020 6:27:07.4200 PM,.0593
5. Backlight,EFIDut,sendCommand,ERROR,"NO FAILURE MESSAGE PROVIDED (     ""[EFIDut] bl -n"" ); ",Jan 10 2020 6:27:07.4270 PM,Jan 10 2020 6:27:07.4650 PM,.038
5. Backlight,EFIDut,sendCommand,ERROR,"NO FAILURE MESSAGE PROVIDED (     ""[EFIDut] bl -l"" ); ",Jan 10 2020 6:27:07.4680 PM,Jan 10 2020 6:27:07.5050 PM,.037
6. DUTinfo,EFIDut,sendCommand,PASS,,Jan 10 2020 6:27:07.5160 PM,Jan 10 2020 6:27:07.5360 PM,.0199
7. DUTinfo,EFIDut,sendCommand,PASS,,Jan 10 2020 6:27:07.5480 PM,Jan 10 2020 6:27:07.5770 PM,.0286
8. DUTinfo,EFIDut,sendCommand,PASS,,Jan 10 2020 6:27:07.5830 PM,Jan 10 2020 6:27:07.5970 PM,.0145
8. DUTinfo,EFIDut,close,PASS,,Jan 10 2020 6:27:07.6000 PM,Jan 10 2020 6:27:07.6010 PM,.0007
9. Process,DRCB,startDataReporting,PASS,,Jan 10 2020 6:27:07.6180 PM,Jan 10 2020 6:27:07.6450 PM,.0279
10. Process,EFIDut,open,PASS,,Jan 10 2020 6:27:07.6540 PM,Jan 10 2020 6:27:07.9570 PM,.303
10. Process,EFIDut,close,PASS,,Jan 10 2020 6:27:07.9600 PM,Jan 10 2020 6:27:07.9600 PM,.0007
10. Process,DRCB,startControlBits,ERROR,startControlBits needs all files to be secure; ,Jan 10 2020 6:27:07.9640 PM,Jan 10 2020 6:27:07.9640 PM,.0004
11. DUTinfo,SFCSupport,getAttribute,PASS,,Jan 10 2020 6:27:07.9710 PM,Jan 10 2020 6:27:08.0040 PM,.0325
11. DUTinfo,SFCSupport,getAttribute,PASS,,Jan 10 2020 6:27:08.0060 PM,Jan 10 2020 6:27:08.0110 PM,.0041
11. DUTinfo,SFCSupport,getAttribute,PASS,,Jan 10 2020 6:27:08.0130 PM,Jan 10 2020 6:27:08.0170 PM,.0042
11. DUTinfo,SFCSupport,getAttribute,PASS,,Jan 10 2020 6:27:08.0190 PM,Jan 10 2020 6:27:08.0220 PM,.0035
11. DUTinfo,SFCSupport,getAttribute,PASS,,Jan 10 2020 6:27:08.0250 PM,Jan 10 2020 6:27:08.0310 PM,.006
11. DUTinfo,SFCSupport,getAttribute,PASS,,Jan 10 2020 6:27:08.0340 PM,Jan 10 2020 6:27:08.0380 PM,.0043
11. DUTinfo,SFCSupport,getAttribute,PASS,,Jan 10 2020 6:27:08.0400 PM,Jan 10 2020 6:27:08.0450 PM,.0047
11. DUTinfo,SFCSupport,getAttribute,PASS,,Jan 10 2020 6:27:08.0470 PM,Jan 10 2020 6:27:08.0500 PM,.0036
11. DUTinfo,SFCSupport,getAttribute,PASS,,Jan 10 2020 6:27:08.0530 PM,Jan 10 2020 6:27:08.0580 PM,.0052
11. DUTinfo,SFCSupport,getAttribute,PASS,,Jan 10 2020 6:27:08.0600 PM,Jan 10 2020 6:27:08.0650 PM,.0047
11. DUTinfo,SFCSupport,getAttribute,PASS,,Jan 10 2020 6:27:08.0670 PM,Jan 10 2020 6:27:08.0730 PM,.0061
11. DUTinfo,SFCSupport,getAttribute,PASS,,Jan 10 2020 6:27:08.0740 PM,Jan 10 2020 6:27:08.0810 PM,.0062
12. DUTinfo,EFIDut,open,PASS,,Jan 10 2020 6:27:08.0880 PM,Jan 10 2020 6:27:08.3920 PM,.3038
12. DUTinfo,EFIDut,sendCommand,PASS,,Jan 10 2020 6:27:08.3950 PM,Jan 10 2020 6:27:08.4160 PM,.021
14. DUTinfo,EFIDut,sendCommand,PASS,,Jan 10 2020 6:27:08.4320 PM,Jan 10 2020 6:27:08.4580 PM,.0261
15. DUTinfo,EFIDut,sendCommand,PASS,,Jan 10 2020 6:27:08.4690 PM,Jan 10 2020 6:27:08.4970 PM,.028
16. DUTinfo,EFIDut,sendCommand,PASS,,Jan 10 2020 6:27:08.5090 PM,Jan 10 2020 6:27:08.5370 PM,.0273
16. DUTinfo,StationUtils,evaluatePredicate,PASS,,Jan 10 2020 6:27:08.5410 PM,Jan 10 2020 6:27:08.5410 PM,.0001
17. Battery,EFIDut,sendCommand,PASS,,Jan 10 2020 6:27:08.5490 PM,Jan 10 2020 6:27:08.7020 PM,.1529
18. Battery,EFIDut,sendCommand,PASS,,Jan 10 2020 6:27:08.7120 PM,Jan 10 2020 6:27:08.7480 PM,.0361
19. Battery,EFIDut,sendCommand,ERROR,"NO FAILURE MESSAGE PROVIDED (     ""[EFIDut] reg select D2483"" ); ",Jan 10 2020 6:27:08.7570 PM,Jan 10 2020 6:27:08.7840 PM,.0265
19. Battery,EFIDut,sendCommand,PASS,,Jan 10 2020 6:27:08.7870 PM,Jan 10 2020 6:27:08.8170 PM,.0302
19. Battery,StationUtils,evaluatePredicate,PASS,,Jan 10 2020 6:27:08.8230 PM,Jan 10 2020 6:27:08.8230 PM,.0002
20. Battery,EFIDut,sendCommand,PASS,,Jan 10 2020 6:27:08.8310 PM,Jan 10 2020 6:27:09.0390 PM,.2079
20. Battery,EFIDut,sendCommand,PASS,,Jan 10 2020 6:27:09.0410 PM,Jan 10 2020 6:27:09.1530 PM,.1112
20. Battery,StationUtils,calculateExpression,PASS,,Jan 10 2020 6:27:09.1620 PM,Jan 10 2020 6:27:09.1620 PM,.0001
21. Battery,StationUtils,calculateExpression,PASS,,Jan 10 2020 6:27:09.1720 PM,Jan 10 2020 6:27:09.1720 PM,.0001
22. Battery,StationUtils,calculateExpression,PASS,,Jan 10 2020 6:27:09.1810 PM,Jan 10 2020 6:27:09.1820 PM,.0001
23. Battery,StationUtils,calculateExpression,PASS,,Jan 10 2020 6:27:09.1960 PM,Jan 10 2020 6:27:09.1970 PM,.0001
24. Battery,StationUtils,calculateExpression,PASS,,Jan 10 2020 6:27:09.2070 PM,Jan 10 2020 6:27:09.2080 PM,.0001
25. Battery,StationUtils,calculateExpression,PASS,,Jan 10 2020 6:27:09.2170 PM,Jan 10 2020 6:27:09.2170 PM,.0001
26. Process,EFIDut,sendCommand,PASS,,Jan 10 2020 6:27:09.2240 PM,Jan 10 2020 6:27:09.2500 PM,.0261
26. Process,EFIDut,sendCommand,PASS,,Jan 10 2020 6:27:09.2540 PM,Jan 10 2020 6:27:09.2940 PM,.0402
26. Process,EFIDut,sendCommand,PASS,,Jan 10 2020 6:27:09.2970 PM,Jan 10 2020 6:27:09.3310 PM,.0343
26. Process,EFIDut,sendCommand,PASS,,Jan 10 2020 6:27:09.3340 PM,Jan 10 2020 6:27:09.3680 PM,.0333
26. Process,EFIDut,sendCommand,PASS,,Jan 10 2020 6:27:09.3730 PM,Jan 10 2020 6:27:09.4070 PM,.0345
26. Process,EFIDut,sendCommand,PASS,,Jan 10 2020 6:27:09.4120 PM,Jan 10 2020 6:27:09.4470 PM,.0354
26. Process,EFIDut,sendCommand,PASS,,Jan 10 2020 6:27:09.4540 PM,Jan 10 2020 6:27:09.4780 PM,.0234
27. Grape,EFIDut,sendCommand,ERROR,"NO FAILURE MESSAGE PROVIDED (     ""[EFIDut] touch --off"" ); ",Jan 10 2020 6:27:09.4850 PM,Jan 10 2020 6:27:09.5060 PM,.0218
27. Grape,EFIDut,sendCommand,ERROR,"NO FAILURE MESSAGE PROVIDED (     ""[EFIDut] touch --on"" ); ",Jan 10 2020 6:27:09.5100 PM,Jan 10 2020 6:27:09.5470 PM,.0369
27. Grape,EFIDut,sendCommand,ERROR,"NO FAILURE MESSAGE PROVIDED (     ""[EFIDut] touch --load_firmware"" ); ",Jan 10 2020 6:27:09.5510 PM,Jan 10 2020 6:27:09.5880 PM,.0372
28. Grape,EFIDut,sendCommand,ERROR,"NO FAILURE MESSAGE PROVIDED (     ""[EFIDut] touch --test critical --run"" ); ",Jan 10 2020 6:27:09.5990 PM,Jan 10 2020 6:27:09.6300 PM,.0305
29. Grape,EFIDut,sendCommand,PASS,,Jan 10 2020 6:27:09.6360 PM,Jan 10 2020 6:27:09.6690 PM,.0323
29. Grape,EFIDut,sendCommand,ERROR,"NO FAILURE MESSAGE PROVIDED (     ""[EFIDut] touch --off"" ); ",Jan 10 2020 6:27:09.6750 PM,Jan 10 2020 6:27:09.7070 PM,.0324
30. OpticalSensor,EFIDut,sendCommand,PASS,,Jan 10 2020 6:27:09.7180 PM,Jan 10 2020 6:27:09.7450 PM,.027
30. OpticalSensor,EFIDut,sendCommand,ERROR,"NO FAILURE MESSAGE PROVIDED (     ""[EFIDut] i2c -v 3 0x39 0x80 0x00"" ); ",Jan 10 2020 6:27:09.7480 PM,Jan 10 2020 6:27:09.7920 PM,.044
30. OpticalSensor,EFIDut,sendCommand,PASS,,Jan 10 2020 6:27:09.7950 PM,Jan 10 2020 6:27:09.8170 PM,.0213
30. OpticalSensor,EFIDut,sendCommand,ERROR,"NO FAILURE MESSAGE PROVIDED (     ""[EFIDut] i2c -v 3 0x39 0x80 0x01"" ); ",Jan 10 2020 6:27:09.8200 PM,Jan 10 2020 6:27:09.8520 PM,.032
30. OpticalSensor,EFIDut,sendCommand,ERROR,"NO FAILURE MESSAGE PROVIDED (     ""[EFIDut] i2c -v 3 0x39 0x81 0xFF"" ); ",Jan 10 2020 6:27:09.8550 PM,Jan 10 2020 6:27:09.8920 PM,.0367
30. OpticalSensor,EFIDut,sendCommand,ERROR,"NO FAILURE MESSAGE PROVIDED (     ""[EFIDut] i2c -v 3 0x39 0x80 0x13"" ); ",Jan 10 2020 6:27:09.8950 PM,Jan 10 2020 6:27:09.9320 PM,.0368
30. OpticalSensor,EFIDut,sendCommand,PASS,,Jan 10 2020 6:27:09.9350 PM,Jan 10 2020 6:27:10.2310 PM,.2965
30. OpticalSensor,EFIDut,sendCommand,ERROR,"NO FAILURE MESSAGE PROVIDED (     ""[EFIDut] socgpio --port 1 --pin 20 --get"" ); ",Jan 10 2020 6:27:10.2340 PM,Jan 10 2020 6:27:10.2570 PM,.0226
30. OpticalSensor,EFIDut,sendCommand,ERROR,"NO FAILURE MESSAGE PROVIDED (     ""[EFIDut] i2c -v 3 0x39 0x80 0x00"" ); ",Jan 10 2020 6:27:10.2600 PM,Jan 10 2020 6:27:10.2920 PM,.032
31. OpticalSensor,EFIDut,sendCommand,PASS,,Jan 10 2020 6:27:10.2990 PM,Jan 10 2020 6:27:10.3260 PM,.0262
31. OpticalSensor,EFIDut,sendCommand,ERROR,"NO FAILURE MESSAGE PROVIDED (     ""[EFIDut] i2c -v 3 0x29 0x80 0x00"" ); ",Jan 10 2020 6:27:10.3290 PM,Jan 10 2020 6:27:10.3720 PM,.0435
31. OpticalSensor,EFIDut,sendCommand,ERROR,"NO FAILURE MESSAGE PROVIDED (     ""[EFIDut] socgpio --port 1 --pin 21 --get"" ); ",Jan 10 2020 6:27:10.3780 PM,Jan 10 2020 6:27:10.3970 PM,.0188
31. OpticalSensor,EFIDut,sendCommand,ERROR,"NO FAILURE MESSAGE PROVIDED (     ""[EFIDut] i2c -v 3 0x29 0x80 0x01"" ); ",Jan 10 2020 6:27:10.4000 PM,Jan 10 2020 6:27:10.4320 PM,.0322
31. OpticalSensor,EFIDut,sendCommand,ERROR,"NO FAILURE MESSAGE PROVIDED (     ""[EFIDut] i2c -v 3 0x29 0x81 0xFF"" ); ",Jan 10 2020 6:27:10.4350 PM,Jan 10 2020 6:27:10.4720 PM,.0367
31. OpticalSensor,EFIDut,sendCommand,ERROR,"NO FAILURE MESSAGE PROVIDED (     ""[EFIDut] i2c -v 3 0x29 0x80 0x13"" ); ",Jan 10 2020 6:27:10.4750 PM,Jan 10 2020 6:27:10.5120 PM,.0369
31. OpticalSensor,EFIDut,sendCommand,PASS,,Jan 10 2020 6:27:10.5150 PM,Jan 10 2020 6:27:10.8690 PM,.3535
31. OpticalSensor,EFIDut,sendCommand,PASS,,Jan 10 2020 6:27:10.8710 PM,Jan 10 2020 6:27:10.8970 PM,.0252
31. OpticalSensor,EFIDut,sendCommand,ERROR,"NO FAILURE MESSAGE PROVIDED (     ""[EFIDut] i2c -v 3 0x29 0x80 0x00"" ); ",Jan 10 2020 6:27:10.9000 PM,Jan 10 2020 6:27:10.9320 PM,.0325
31. OpticalSensor,EFIDut,sendCommand,PASS,,Jan 10 2020 6:27:10.9350 PM,Jan 10 2020 6:27:10.9670 PM,.0315
32. System,EFIDut,sendCommand,PASS,,Jan 10 2020 6:27:10.9740 PM,Jan 10 2020 6:27:11.0740 PM,.1001
33. System,EFIDut,sendCommand,PASS,,Jan 10 2020 6:27:11.0810 PM,Jan 10 2020 6:27:11.3870 PM,.3068
33. System,EFIDut,sendCommand,PASS,,Jan 10 2020 6:27:11.3890 PM,Jan 10 2020 6:27:11.6480 PM,.2588
33. System,EFIDut,sendCommand,PASS,,Jan 10 2020 6:27:11.6560 PM,Jan 10 2020 6:27:11.7120 PM,.0562
34. System,EFIDut,sendCommand,PASS,,Jan 10 2020 6:27:11.7190 PM,Jan 10 2020 6:27:11.7760 PM,.0569
35. System,EFIDut,sendCommand,PASS,,Jan 10 2020 6:27:11.7840 PM,Jan 10 2020 6:27:12.0870 PM,.3039
35. System,EFIDut,sendCommand,PASS,,Jan 10 2020 6:27:12.0890 PM,Jan 10 2020 6:27:12.2710 PM,.1817
35. System,EFIDut,sendCommand,PASS,,Jan 10 2020 6:27:12.2720 PM,Jan 10 2020 6:27:12.3320 PM,.0602
36. System,EFIDut,sendCommand,ERROR,"NO FAILURE MESSAGE PROVIDED (     ""[Diags] display --on"",     sendCommand ); ",Jan 10 2020 6:27:12.3390 PM,Jan 10 2020 6:27:12.3720 PM,.0323
36. System,EFIDut,sendCommand,PASS,,Jan 10 2020 6:27:12.3730 PM,Jan 10 2020 6:27:12.5900 PM,.2168
37. System,EFIDut,sendCommand,PASS,,Jan 10 2020 6:27:12.6170 PM,Jan 10 2020 6:27:12.6370 PM,.0202
38. System,EFIDut,sendCommand,PASS,,Jan 10 2020 6:27:12.6430 PM,Jan 10 2020 6:27:12.7760 PM,.1326
39. System,EFIDut,sendCommand,PASS,,Jan 10 2020 6:27:12.7840 PM,Jan 10 2020 6:27:12.9600 PM,.1764
40. System,EFIDut,sendCommand,PASS,,Jan 10 2020 6:27:12.9670 PM,Jan 10 2020 6:27:13.1200 PM,.1532
41. System,EFIDut,sendCommand,PASS,,Jan 10 2020 6:27:13.1260 PM,Jan 10 2020 6:27:19.6880 PM,6.5614
42. System,EFIDut,sendCommand,PASS,,Jan 10 2020 6:27:19.6950 PM,Jan 10 2020 6:27:26.2470 PM,6.5521
43. Battery,EFIDut,sendCommand,PASS,,Jan 10 2020 6:27:26.2550 PM,Jan 10 2020 6:27:26.2880 PM,.0335
44. Battery,EFIDut,sendCommand,PASS,,Jan 10 2020 6:27:26.3000 PM,Jan 10 2020 6:27:26.3270 PM,.0265
45. Battery,EFIDut,sendCommand,PASS,,Jan 10 2020 6:27:26.3350 PM,Jan 10 2020 6:27:26.4800 PM,.1445
46. Battery,EFIDut,sendCommand,PASS,,Jan 10 2020 6:27:26.4930 PM,Jan 10 2020 6:27:26.6410 PM,.1474
47. Battery,EFIDut,sendCommand,PASS,,Jan 10 2020 6:27:26.6500 PM,Jan 10 2020 6:27:26.8020 PM,.1526
49. Battery,EFIDut,sendCommand,PASS,,Jan 10 2020 6:27:26.8200 PM,Jan 10 2020 6:27:26.9600 PM,.1401
50. Battery,EFIDut,sendCommand,PASS,,Jan 10 2020 6:27:26.9680 PM,Jan 10 2020 6:27:27.1210 PM,.1528
51. Battery,EFIDut,sendCommand,PASS,,Jan 10 2020 6:27:27.1290 PM,Jan 10 2020 6:27:27.2800 PM,.1502
52. Battery,EFIDut,sendCommand,PASS,,Jan 10 2020 6:27:27.2900 PM,Jan 10 2020 6:27:27.4400 PM,.1502
53. Battery,EFIDut,sendCommand,PASS,,Jan 10 2020 6:27:27.4500 PM,Jan 10 2020 6:27:27.6000 PM,.1498
54. Battery,EFIDut,sendCommand,ERROR,"NO FAILURE MESSAGE PROVIDED (     ""[EFIDut] device -k GasGauge -g chem-cap-updates-en"" ); ",Jan 10 2020 6:27:27.6130 PM,Jan 10 2020 6:27:27.7620 PM,.149
55. Battery,EFIDut,sendCommand,PASS,,Jan 10 2020 6:27:27.7680 PM,Jan 10 2020 6:27:27.8500 PM,.0823
56. Battery,EFIDut,sendCommand,ERROR,"NO FAILURE MESSAGE PROVIDED (     ""[EFIDut] device -k GasGauge --get sealed"" ); ",Jan 10 2020 6:27:27.8570 PM,Jan 10 2020 6:27:28.0000 PM,.1435
57. Display,EFIDut,sendCommand,ERROR,"NO FAILURE MESSAGE PROVIDED (     ""[Diags] dptx -e alpm -t \""false\"""",     sendCommand ); ",Jan 10 2020 6:27:28.0060 PM,Jan 10 2020 6:27:28.3120 PM,.3058
57. Display,EFIDut,sendCommand,ERROR,"NO FAILURE MESSAGE PROVIDED (     ""[Diags] display --off"",     sendCommand ); ",Jan 10 2020 6:27:28.3140 PM,Jan 10 2020 6:27:28.3520 PM,.0385
57. Display,EFIDut,sendCommand,ERROR,"NO FAILURE MESSAGE PROVIDED (     ""[Diags] bl -n"",     sendCommand ); ",Jan 10 2020 6:27:28.3540 PM,Jan 10 2020 6:27:28.3850 PM,.0304
57. Display,EFIDut,sendCommand,ERROR,"NO FAILURE MESSAGE PROVIDED (     ""[Diags] display --on"",     sendCommand ); ",Jan 10 2020 6:27:28.3860 PM,Jan 10 2020 6:27:28.4310 PM,.0449
57. Display,EFIDut,sendCommand,ERROR,"NO FAILURE MESSAGE PROVIDED (     ""[Diags] display --method ber --options \""-r\"""",     sendCommand ); ",Jan 10 2020 6:27:28.4330 PM,Jan 10 2020 6:27:28.4750 PM,.0423
57. Display,EFIDut,sendCommand,PASS,,Jan 10 2020 6:27:28.4770 PM,Jan 10 2020 6:27:28.5140 PM,.0366
57. Display,EFIDut,sendCommand,ERROR,"NO FAILURE MESSAGE PROVIDED (     ""[Diags] dptx -e alpm -t \""true\"""",     sendCommand ); ",Jan 10 2020 6:27:28.5150 PM,Jan 10 2020 6:27:28.8160 PM,.301
58. PMU,EFIDut,sendCommand,PASS,,Jan 10 2020 6:27:28.8240 PM,Jan 10 2020 6:27:29.1180 PM,.2939
71. Battery,EFIDut,sendCommand,PASS,,Jan 10 2020 6:27:29.1990 PM,Jan 10 2020 6:27:29.3980 PM,.199
72. Battery,EFIDut,sendCommand,PASS,,Jan 10 2020 6:27:29.4090 PM,Jan 10 2020 6:27:29.5610 PM,.1528
73. Battery,EFIDut,sendCommand,PASS,,Jan 10 2020 6:27:29.5690 PM,Jan 10 2020 6:27:29.6080 PM,.0382
74. Process,EFIDut,close,PASS,,Jan 10 2020 6:27:29.6160 PM,Jan 10 2020 6:27:29.6170 PM,.0007
74. Process,DRCB,finish,FAIL,station no longer secure; ,Jan 10 2020 6:27:29.6220 PM,Jan 10 2020 6:27:29.7480 PM,.1255
