Related Test,Name-1,Name-2,Name-3,Status,Info,Measurement,Units,Upper Limit,Lower Limit,Relaxed Upper Limit,Relaxed Lower Limit,Limit Units,Start Time,End Time,Duration (s)
1. Process,,,,,,,,,,,,,Jan 14 2020 7:29:22.4480 PM,Jan 14 2020 7:29:22.4850 PM,.0372
1. Process,Copy TestPlan To LogDir,Copy TestPlan To LogDir,,PASS,,,,,,,,,Jan 14 2020 7:29:22.4550 PM,Jan 14 2020 7:29:22.4550 PM,0
1. Process,Copy TestPlan To LogDir,Copy rushFile To Folder,cp -r /Users/gdlocal/Library/Atlas/Sequences /vault/Atlas/Hyperion/Unit_1_F04AE5/AtlasLogs,PASS,,,,,,,,,Jan 14 2020 7:29:22.4570 PM,Jan 14 2020 7:29:22.4680 PM,.0112
1. Process,Copy TestPlan To LogDir,Copy CSVFile To Folder,cp -r /Users/gdlocal/Library/Atlas/Resources /vault/Atlas/Hyperion/Unit_1_F04AE5/AtlasLogs,PASS,,,,,,,,,Jan 14 2020 7:29:22.4700 PM,Jan 14 2020 7:29:22.4840 PM,.0132
2. SPAM,,,,,,,,,,,,,Jan 14 2020 7:29:22.4870 PM,Jan 14 2020 7:29:26.0110 PM,3.5235
2. SPAM,FIXTURE_SETUP,Disable SPAM Debug Power,/Users/gdlocal/scripts/spamtool dbgpwroff /dev/cu.usbserial-A507W04C,PASS,,,,,,,,,Jan 14 2020 7:29:24.0020 PM,Jan 14 2020 7:29:24.0020 PM,0
2. SPAM,FIXTURE_SETUP,Delay 2000ms,,PASS,,,,,,,,,Jan 14 2020 7:29:24.0050 PM,Jan 14 2020 7:29:24.0050 PM,0
3. INIT,,,,,,,,,,,,,Jan 14 2020 7:29:26.0130 PM,Jan 14 2020 7:29:26.9860 PM,.9729
3. INIT,CONSOLE_SETTING,Delay 100ms,,PASS,,,,,,,,,Jan 14 2020 7:29:26.0150 PM,Jan 14 2020 7:29:26.0150 PM,0
3. INIT,CONSOLE_SETTING,EFIDut,open,PASS,,,,,,,,,Jan 14 2020 7:29:26.1240 PM,Jan 14 2020 7:29:26.8950 PM,.7709
3. INIT,CONSOLE_SETTING,EFIDut,syncCmdResp,PASS,,,,,,,,,Jan 14 2020 7:29:26.8990 PM,Jan 14 2020 7:29:26.9410 PM,.0417
3. INIT,CONSOLE_SETTING,Disable consoleformat color,[EFIDut] consoleformat --sink serial --dis --o color,PASS,,,,,,,,,Jan 14 2020 7:29:26.9450 PM,Jan 14 2020 7:29:26.9850 PM,.04
4. FIXTURE,,,,,,,,,,,,,Jan 14 2020 7:29:26.9880 PM,Jan 14 2020 7:29:29.5060 PM,2.5188
4. FIXTURE,FIXTURE_SETUP-2,Fixture,changeDelimiter,PASS,,,,,,,,,Jan 14 2020 7:29:26.9910 PM,Jan 14 2020 7:29:26.9910 PM,0
4. FIXTURE,FIXTURE_SETUP-2,Fixture,changeLineTerminator,PASS,,,,,,,,,Jan 14 2020 7:29:26.9930 PM,Jan 14 2020 7:29:26.9930 PM,0
4. FIXTURE,FIXTURE_SETUP-2,Fixture,open,PASS,,,,,,,,,Jan 14 2020 7:29:26.9940 PM,Jan 14 2020 7:29:27.0250 PM,.031
4. FIXTURE,FIXTURE_SETUP-2,Fixture,read,PASS,,,,,,,,,Jan 14 2020 7:29:27.0280 PM,Jan 14 2020 7:29:27.0490 PM,.0216
4. FIXTURE,FIXTURE_SETUP-2,Fixture Reset,[Fixture] Reset,PASS,,,,,,,,,Jan 14 2020 7:29:27.2540 PM,Jan 14 2020 7:29:29.3620 PM,2.1074
4. FIXTURE,FIXTURE_SETUP-2,Fixture speaker module on,[Fixture] Push Cy on,PASS,,,,,,,,,Jan 14 2020 7:29:29.3650 PM,Jan 14 2020 7:29:29.5050 PM,.14
5. Process,,,,,,,,,,,,,Jan 14 2020 7:29:29.5080 PM,Jan 14 2020 7:29:29.5570 PM,.049
5. Process,Set RTC,Set 'time' with value '20200114112929',,PASS,,,,,,,,,Jan 14 2020 7:29:29.5170 PM,Jan 14 2020 7:29:29.5170 PM,0
5. Process,Set RTC,Set RTC,[EFIDut] rtc --set 20200114112929,PASS,,,,,,,,,Jan 14 2020 7:29:29.5200 PM,Jan 14 2020 7:29:29.5560 PM,.036
6. INIT,,,,,,,,,,,,,Jan 14 2020 7:29:29.5590 PM,Jan 14 2020 7:29:29.7250 PM,.1658
6. INIT,ALIAS_SETTING,Alias Setting,[EFIDut] script radios.txt,PASS,,,,,,,,,Jan 14 2020 7:29:29.5620 PM,Jan 14 2020 7:29:29.7240 PM,.162
7. INIT,,,,,,,,,,,,,Jan 14 2020 7:29:29.7270 PM,Jan 14 2020 7:29:29.7570 PM,.0301
7. INIT,GET_SW_INFO,Turn off thermal monitor,[EFIDut] thermalmonitor --off,PASS,,,,,,,,,Jan 14 2020 7:29:29.7300 PM,Jan 14 2020 7:29:29.7560 PM,.0263
8. INIT,,,,,,,,,,,,,Jan 14 2020 7:29:29.7590 PM,Jan 14 2020 7:29:30.2100 PM,.4509
8. INIT,SPAM_SETTING,Turn off Spam device,[EFIDut] device -k Spam -e init;device -k Spam -e stop,PASS,,,,,,,,,Jan 14 2020 7:29:29.7620 PM,Jan 14 2020 7:29:30.2080 PM,.4464
9. INIT,,,,,,,,,,,,,Jan 14 2020 7:29:30.2110 PM,Jan 14 2020 7:29:32.5300 PM,2.3188
9. INIT,GET_SW_INFO_1,Delay 2000ms,,PASS,,,,,,,,,Jan 14 2020 7:29:30.2130 PM,Jan 14 2020 7:29:30.2130 PM,0
9. INIT,GET_SW_INFO_1,Read EFI Diags Version,[EFIDut] version,PASS,,,,,,,,,Jan 14 2020 7:29:32.2220 PM,Jan 14 2020 7:29:32.2760 PM,.0541
9. INIT,GET_SW_INFO_1,DIAGS_VERSION,,PASS,,,,,,,,,Jan 14 2020 7:29:32.2790 PM,Jan 14 2020 7:29:32.2790 PM,0
9. INIT,GET_SW_INFO_1,DIAGS_BUILD_TIMESTAMP,,PASS,,,,,,,,,Jan 14 2020 7:29:32.2820 PM,Jan 14 2020 7:29:32.2820 PM,0
9. INIT,GET_SW_INFO_1,Read Software Info,[EFIDut] blockdevice,PASS,,,,,,,,,Jan 14 2020 7:29:32.2850 PM,Jan 14 2020 7:29:32.3830 PM,.0975
9. INIT,GET_SW_INFO_1,BLOCK_DEVICE,,PASS,,,,,,,,,Jan 14 2020 7:29:32.3860 PM,Jan 14 2020 7:29:32.3860 PM,0
9. INIT,GET_SW_INFO_1,Read MLB Serial Number,[EFIDut] syscfg print MLB#,PASS,,,,,,,,,Jan 14 2020 7:29:32.3890 PM,Jan 14 2020 7:29:32.4620 PM,.0735
9. INIT,GET_SW_INFO_1,MLBSN,,PASS,,,,,,,,,Jan 14 2020 7:29:32.4660 PM,Jan 14 2020 7:29:32.4660 PM,0
9. INIT,GET_SW_INFO_1,Read MLB Board REV,[EFIDut] boardrev,PASS,,,,,,,,,Jan 14 2020 7:29:32.4690 PM,Jan 14 2020 7:29:32.4940 PM,.0255
9. INIT,GET_SW_INFO_1,BOARD_REV,,PASS,,,,,,,,,Jan 14 2020 7:29:32.4980 PM,Jan 14 2020 7:29:32.4980 PM,0
9. INIT,GET_SW_INFO_1,Read MLB Board ID,[EFIDut] boardid,PASS,,,,,,,,,Jan 14 2020 7:29:32.5000 PM,Jan 14 2020 7:29:32.5260 PM,.0259
9. INIT,GET_SW_INFO_1,BOARD_ID,,PASS,,,,,,,,,Jan 14 2020 7:29:32.5300 PM,Jan 14 2020 7:29:32.5300 PM,0
10. INIT,,,,,,,,,,,,,Jan 14 2020 7:29:32.5320 PM,Jan 14 2020 7:29:32.5350 PM,.0024
10. INIT,GET_INFO,Set DUT type -N140S,,PASS,,,,,,,,,Jan 14 2020 7:29:32.5340 PM,Jan 14 2020 7:29:32.5340 PM,0
11. INIT,,,,,,,,,,,,,Jan 14 2020 7:29:32.5360 PM,Jan 14 2020 7:29:32.9330 PM,.3965
11. INIT,GET_COMP_INFO,Read SOC Properties,[EFIDut] soc -p,PASS,,,,,,,,,Jan 14 2020 7:29:32.5390 PM,Jan 14 2020 7:29:32.6710 PM,.1317
11. INIT,GET_COMP_INFO,SOC_PROP_FUSE_REV,,PASS,,,,,,,,,Jan 14 2020 7:29:32.6750 PM,Jan 14 2020 7:29:32.6750 PM,0
11. INIT,GET_COMP_INFO,SOC_PROP_PRODUCTION_MODE,,PASS,,,,,,,,,Jan 14 2020 7:29:32.6790 PM,Jan 14 2020 7:29:32.6790 PM,0
11. INIT,GET_COMP_INFO,SOC_PROP_REVISION,,PASS,,,,,,,,,Jan 14 2020 7:29:32.6830 PM,Jan 14 2020 7:29:32.6830 PM,0
11. INIT,GET_COMP_INFO,Read SOC Chip ID,[EFIDut] chipid,PASS,,,,,,,,,Jan 14 2020 7:29:32.6860 PM,Jan 14 2020 7:29:32.7340 PM,.0481
11. INIT,GET_COMP_INFO,CHIPID,,PASS,,,,,,,,,Jan 14 2020 7:29:32.7380 PM,Jan 14 2020 7:29:32.7380 PM,0
11. INIT,GET_COMP_INFO,CHIPVER,,PASS,,,,,,,,,Jan 14 2020 7:29:32.7400 PM,Jan 14 2020 7:29:32.7400 PM,0
11. INIT,GET_COMP_INFO,Read SOC Bin Data,[EFIDut] soc -p list-perf-state,PASS,,,,,,,,,Jan 14 2020 7:29:32.7430 PM,Jan 14 2020 7:29:32.8800 PM,.1364
11. INIT,GET_COMP_INFO,SOC_BIN_VOLTAGE_0,,PASS,,622,NA,,,,,,Jan 14 2020 7:29:32.8850 PM,Jan 14 2020 7:29:32.8850 PM,0
11. INIT,GET_COMP_INFO,Read PMU ID Registers,[EFIDut] pmureg -r 0 0x00 3,PASS,,,,,,,,,Jan 14 2020 7:29:32.8890 PM,Jan 14 2020 7:29:32.9240 PM,.0349
11. INIT,GET_COMP_INFO,PMU_ID0_MASKREV,,PASS,,,,,,,,,Jan 14 2020 7:29:32.9270 PM,Jan 14 2020 7:29:32.9270 PM,0
11. INIT,GET_COMP_INFO,PMU_ID1_TRIMREV,,PASS,,,,,,,,,Jan 14 2020 7:29:32.9300 PM,Jan 14 2020 7:29:32.9300 PM,0
11. INIT,GET_COMP_INFO,PMU_ID2_PLATFORMID,,PASS,,,,,,,,,Jan 14 2020 7:29:32.9330 PM,Jan 14 2020 7:29:32.9330 PM,0
12. POWER,,,,,,,,,,,,,Jan 14 2020 7:29:32.9360 PM,Jan 14 2020 7:29:33.3200 PM,.3846
12. POWER,QUIESCE_SYSTEM,Turn OFF General Modules (Codec),[EFIDut] audio -r;audio -f,PASS,,,,,,,,,Jan 14 2020 7:29:32.9380 PM,Jan 14 2020 7:29:33.1010 PM,.1632
12. POWER,QUIESCE_SYSTEM,Turn OFF General Modules (socpdm),[EFIDut] audio -f socpdm;,PASS,,,,,,,,,Jan 14 2020 7:29:33.1050 PM,Jan 14 2020 7:29:33.1330 PM,.0283
12. POWER,QUIESCE_SYSTEM,"Turn OFF Sensors (accel,gyro)","[EFIDut] sensor --sel accel,gyro --turnoff",PASS,,,,,,,,,Jan 14 2020 7:29:33.1370 PM,Jan 14 2020 7:29:33.2290 PM,.092
12. POWER,QUIESCE_SYSTEM,Turn OFF Sensors (lisa),[EFIDut] sensor --sel lisa --turnoff,PASS,,,,,,,,,Jan 14 2020 7:29:33.2330 PM,Jan 14 2020 7:29:33.2750 PM,.0422
12. POWER,QUIESCE_SYSTEM,Turn OFF Sensors (platinum),[EFIDut] sensor --sel platinum --turnoff,PASS,,,,,,,,,Jan 14 2020 7:29:33.2790 PM,Jan 14 2020 7:29:33.3190 PM,.0404
13. INIT,,,,,,,,,,,,,Jan 14 2020 7:29:33.3220 PM,Jan 14 2020 7:29:33.5120 PM,.1897
13. INIT,QUERY_SFC_WRITE_SYSCFG,SFCSupport,getAttributes,PASS,,,,,,,,,Jan 14 2020 7:29:33.3250 PM,Jan 14 2020 7:29:33.3490 PM,.0236
13. INIT,QUERY_SFC_WRITE_SYSCFG,qt_fg_sn,,PASS,,,,,,,,,Jan 14 2020 7:29:33.3500 PM,Jan 14 2020 7:29:33.3500 PM,0
13. INIT,QUERY_SFC_WRITE_SYSCFG,Write SN,[EFIDut] syscfg add SrNm N0G72YP765,PASS,,,,,,,,,Jan 14 2020 7:29:33.3560 PM,Jan 14 2020 7:29:33.5110 PM,.1551
14. INIT,,,,,,,,,,,,,Jan 14 2020 7:29:33.5140 PM,Jan 14 2020 7:29:33.5640 PM,.0502
14. INIT,GET_SYS_INFO,Read Unit Serial Number,[EFIDut] syscfg print SrNm,PASS,,,,,,,,,Jan 14 2020 7:29:33.5160 PM,Jan 14 2020 7:29:33.5580 PM,.0413
14. INIT,GET_SYS_INFO,UNIT_SN,,PASS,,,,,,,,,Jan 14 2020 7:29:33.5610 PM,Jan 14 2020 7:29:33.5610 PM,0
14. INIT,GET_SYS_INFO,The middle of SN#,,PASS,,,,,,,,,Jan 14 2020 7:29:33.5630 PM,Jan 14 2020 7:29:33.5630 PM,0
15. Process,,,,,,,,,,,,,Jan 14 2020 7:29:33.5660 PM,Jan 14 2020 7:29:33.6730 PM,.1074
15. Process,Dut Close,EFIDut,close,PASS,,,,,,,,,Jan 14 2020 7:29:33.5680 PM,Jan 14 2020 7:29:33.5690 PM,.0004
15. Process,Dut Close,Delay 100ms,,PASS,,,,,,,,,Jan 14 2020 7:29:33.5710 PM,Jan 14 2020 7:29:33.5710 PM,0
16. Process,,,,,,,,,,,,,Jan 14 2020 7:29:33.6750 PM,Jan 14 2020 7:29:33.7030 PM,.0277
16. Process,Start Data Reporting,DRCB,StartDataReporting,PASS,,,,,,,,,Jan 14 2020 7:29:33.6850 PM,Jan 14 2020 7:29:33.7010 PM,.0159
17. Process,,,,,,,,,,,,,Jan 14 2020 7:29:33.7040 PM,Jan 14 2020 7:29:34.1280 PM,.4239
17. Process,Start Control Bits,EFIDut,open,PASS,,,,,,,,,Jan 14 2020 7:29:33.7080 PM,Jan 14 2020 7:29:33.7660 PM,.0583
17. Process,Start Control Bits,EFIDut,close,PASS,,,,,,,,,Jan 14 2020 7:29:33.7700 PM,Jan 14 2020 7:29:33.7700 PM,.0004
17. Process,Start Control Bits,DRCB,StartControlBits,PASS,,,,,,,,,Jan 14 2020 7:29:33.7740 PM,Jan 14 2020 7:29:34.1270 PM,.3532
18. Process,,,,,,,,,,,,,Jan 14 2020 7:29:34.1300 PM,Jan 14 2020 7:29:34.3470 PM,.2167
18. Process,Dut Open,Delay 100ms,,PASS,,,,,,,,,Jan 14 2020 7:29:34.1320 PM,Jan 14 2020 7:29:34.1320 PM,0
18. Process,Dut Open,EFIDut,open,PASS,,,,,,,,,Jan 14 2020 7:29:34.2400 PM,Jan 14 2020 7:29:34.3010 PM,.0608
18. Process,Dut Open,EFIDut,syncCmdResp,PASS,,,,,,,,,Jan 14 2020 7:29:34.3040 PM,Jan 14 2020 7:29:34.3460 PM,.0415
19. INIT,,,,,,,,,,,,,Jan 14 2020 7:29:34.3490 PM,Jan 14 2020 7:29:34.3970 PM,.0484
19. INIT,GET_MLB_INFO,GET_MLB_INFO,[EFIDut] syscfg print CFG#,PASS,,,,,,,,,Jan 14 2020 7:29:34.3510 PM,Jan 14 2020 7:29:34.3930 PM,.0419
20. INIT,,,,,,,,,,,,,Jan 14 2020 7:29:34.3990 PM,Jan 14 2020 7:29:36.1810 PM,1.7815
20. INIT,QUERY_SFC_WRITE_SYSCFG_1,SFCSupport,getAttributes,PASS,,,,,,,,,Jan 14 2020 7:29:34.4030 PM,Jan 14 2020 7:29:34.4070 PM,.0036
20. INIT,QUERY_SFC_WRITE_SYSCFG_1,sbuild,,PASS,,,,,,,,,Jan 14 2020 7:29:34.4070 PM,Jan 14 2020 7:29:34.4070 PM,0
20. INIT,QUERY_SFC_WRITE_SYSCFG_1,SFCSupport,getAttributes-2,PASS,,,,,,,,,Jan 14 2020 7:29:34.4090 PM,Jan 14 2020 7:29:34.4130 PM,.0041
20. INIT,QUERY_SFC_WRITE_SYSCFG_1,config,,PASS,,,,,,,,,Jan 14 2020 7:29:34.4150 PM,Jan 14 2020 7:29:34.4150 PM,0
20. INIT,QUERY_SFC_WRITE_SYSCFG_1,Get Housing Config,,PASS,,,,,,,,,Jan 14 2020 7:29:34.4180 PM,Jan 14 2020 7:29:34.4180 PM,0
20. INIT,QUERY_SFC_WRITE_SYSCFG_1,Read MLB CFG,[EFIDut] syscfg print CFG#,PASS,,,,,,,,,Jan 14 2020 7:29:34.4220 PM,Jan 14 2020 7:29:34.5210 PM,.0992
20. INIT,QUERY_SFC_WRITE_SYSCFG_1,MLB_CFG_INITIAL,,PASS,,,,,,,,,Jan 14 2020 7:29:34.5270 PM,Jan 14 2020 7:29:34.5270 PM,0
20. INIT,QUERY_SFC_WRITE_SYSCFG_1,Append string:config to CFG#,,PASS,,,,,,,,,Jan 14 2020 7:29:34.5280 PM,Jan 14 2020 7:29:34.5280 PM,0
20. INIT,QUERY_SFC_WRITE_SYSCFG_1,Write MLB CFG,"[EFIDut] syscfg add CFG# X1818S/PROTO1/K51P,JSX-G66a-a",PASS,,,,,,,,,Jan 14 2020 7:29:34.5310 PM,Jan 14 2020 7:29:34.5850 PM,.0535
20. INIT,QUERY_SFC_WRITE_SYSCFG_1,Read MLB CFG 2,[EFIDut] syscfg print CFG#,PASS,,,,,,,,,Jan 14 2020 7:29:34.5890 PM,Jan 14 2020 7:29:34.6330 PM,.0446
20. INIT,QUERY_SFC_WRITE_SYSCFG_1,MLB_CFG_APPENED,,PASS,,,,,,,,,Jan 14 2020 7:29:34.6370 PM,Jan 14 2020 7:29:34.6370 PM,0
20. INIT,QUERY_SFC_WRITE_SYSCFG_1,SFCSupport,getAttributes-3,PASS,,,,,,,,,Jan 14 2020 7:29:34.6400 PM,Jan 14 2020 7:29:34.6440 PM,.0035
20. INIT,QUERY_SFC_WRITE_SYSCFG_1,sbuild-2,,PASS,,,,,,,,,Jan 14 2020 7:29:34.6440 PM,Jan 14 2020 7:29:34.6440 PM,0
20. INIT,QUERY_SFC_WRITE_SYSCFG_1,SFCSupport,getAttributes-4,PASS,,,,,,,,,Jan 14 2020 7:29:34.6460 PM,Jan 14 2020 7:29:34.6490 PM,.0032
20. INIT,QUERY_SFC_WRITE_SYSCFG_1,Tigerdmin,,PASS,,,,,,,,,Jan 14 2020 7:29:34.6490 PM,Jan 14 2020 7:29:34.6490 PM,0
20. INIT,QUERY_SFC_WRITE_SYSCFG_1,SFCSupport,getAttributes-5,PASS,,,,,,,,,Jan 14 2020 7:29:34.6510 PM,Jan 14 2020 7:29:34.6540 PM,.0034
20. INIT,QUERY_SFC_WRITE_SYSCFG_1,crowndmin,,PASS,,,,,,,,,Jan 14 2020 7:29:34.6550 PM,Jan 14 2020 7:29:34.6550 PM,0
20. INIT,QUERY_SFC_WRITE_SYSCFG_1,SFCSupport,getAttributes-6,PASS,,,,,,,,,Jan 14 2020 7:29:34.6560 PM,Jan 14 2020 7:29:34.6590 PM,.0031
20. INIT,QUERY_SFC_WRITE_SYSCFG_1,lisadmin,,PASS,,,,,,,,,Jan 14 2020 7:29:34.6600 PM,Jan 14 2020 7:29:34.6600 PM,0
20. INIT,QUERY_SFC_WRITE_SYSCFG_1,SFCSupport,getAttributes-7,PASS,,,,,,,,,Jan 14 2020 7:29:34.6610 PM,Jan 14 2020 7:29:34.6640 PM,.003
20. INIT,QUERY_SFC_WRITE_SYSCFG_1,housmaterialdmin,,PASS,,,,,,,,,Jan 14 2020 7:29:34.6640 PM,Jan 14 2020 7:29:34.6640 PM,0
20. INIT,QUERY_SFC_WRITE_SYSCFG_1,SFCSupport,getAttributes-8,PASS,,,,,,,,,Jan 14 2020 7:29:34.6660 PM,Jan 14 2020 7:29:34.6690 PM,.0036
20. INIT,QUERY_SFC_WRITE_SYSCFG_1,houscolordmin,,PASS,,,,,,,,,Jan 14 2020 7:29:34.6700 PM,Jan 14 2020 7:29:34.6700 PM,0
20. INIT,QUERY_SFC_WRITE_SYSCFG_1,SFCSupport,getAttributes-9,PASS,,,,,,,,,Jan 14 2020 7:29:34.6710 PM,Jan 14 2020 7:29:34.6740 PM,.0031
20. INIT,QUERY_SFC_WRITE_SYSCFG_1,backcrystalmaterialdmin,,PASS,,,,,,,,,Jan 14 2020 7:29:34.6750 PM,Jan 14 2020 7:29:34.6750 PM,0
20. INIT,QUERY_SFC_WRITE_SYSCFG_1,SFCSupport,getAttributes-10,PASS,,,,,,,,,Jan 14 2020 7:29:34.6760 PM,Jan 14 2020 7:29:34.6790 PM,.0036
20. INIT,QUERY_SFC_WRITE_SYSCFG_1,backcrystalcolordmin,,PASS,,,,,,,,,Jan 14 2020 7:29:34.6800 PM,Jan 14 2020 7:29:34.6800 PM,0
20. INIT,QUERY_SFC_WRITE_SYSCFG_1,Get BART type,,PASS,,,,,,,,,Jan 14 2020 7:29:34.6830 PM,Jan 14 2020 7:29:34.6830 PM,0
20. INIT,QUERY_SFC_WRITE_SYSCFG_1,Get BART type - ICT,,PASS,,,,,,,,,Jan 14 2020 7:29:34.6830 PM,Jan 14 2020 7:29:34.6830 PM,0
20. INIT,QUERY_SFC_WRITE_SYSCFG_1,Get Lisa Dmin,,PASS,,,,,,,,,Jan 14 2020 7:29:34.6840 PM,Jan 14 2020 7:29:34.6840 PM,0
20. INIT,QUERY_SFC_WRITE_SYSCFG_1,Append string:lisadmin to crowndmin,,PASS,,,,,,,,,Jan 14 2020 7:29:34.6840 PM,Jan 14 2020 7:29:34.6840 PM,0
20. INIT,QUERY_SFC_WRITE_SYSCFG_1,Write LsBT,[EFIDut] syscfg add LsBT 0x001002A5 0x00000004 0x00000002 0x00000000,PASS,,,,,,,,,Jan 14 2020 7:29:34.6870 PM,Jan 14 2020 7:29:34.8090 PM,.1215
20. INIT,QUERY_SFC_WRITE_SYSCFG_1,Read LsBT,[EFIDut] syscfg print LsBT,PASS,,,,,,,,,Jan 14 2020 7:29:34.8130 PM,Jan 14 2020 7:29:34.8560 PM,.0432
20. INIT,QUERY_SFC_WRITE_SYSCFG_1,LsBT,,PASS,,,,,,,,,Jan 14 2020 7:29:34.8590 PM,Jan 14 2020 7:29:34.8590 PM,0
20. INIT,QUERY_SFC_WRITE_SYSCFG_1,EnMt,,PASS,,,,,,,,,Jan 14 2020 7:29:34.8620 PM,Jan 14 2020 7:29:34.8620 PM,0
20. INIT,QUERY_SFC_WRITE_SYSCFG_1,Write EnMt,[EFIDut] syscfg add EnMt 0x00000001 0x00000000 0x00000000 0x00000001,PASS,,,,,,,,,Jan 14 2020 7:29:34.8650 PM,Jan 14 2020 7:29:35.0630 PM,.1985
20. INIT,QUERY_SFC_WRITE_SYSCFG_1,Read EnMt,[EFIDut] syscfg print EnMt,PASS,,,,,,,,,Jan 14 2020 7:29:35.0670 PM,Jan 14 2020 7:29:35.1110 PM,.0443
20. INIT,QUERY_SFC_WRITE_SYSCFG_1,ENMT_SYSCFG_VALUE,,PASS,,,,,,,,,Jan 14 2020 7:29:35.1150 PM,Jan 14 2020 7:29:35.1150 PM,0
20. INIT,QUERY_SFC_WRITE_SYSCFG_1,ENMT_SYSCFG_VALUE_Compare,,PASS,,,,,,,,,Jan 14 2020 7:29:35.1170 PM,Jan 14 2020 7:29:35.1170 PM,0
20. INIT,QUERY_SFC_WRITE_SYSCFG_1,CLHS,,PASS,,,,,,,,,Jan 14 2020 7:29:35.1200 PM,Jan 14 2020 7:29:35.1200 PM,0
20. INIT,QUERY_SFC_WRITE_SYSCFG_1,Write CLHS,[EFIDut] syscfg add CLHS 0x00000001 0x00000000 0x00000000 0x00000002,PASS,,,,,,,,,Jan 14 2020 7:29:35.1230 PM,Jan 14 2020 7:29:35.3190 PM,.196
20. INIT,QUERY_SFC_WRITE_SYSCFG_1,Read CLHS,[EFIDut] syscfg print CLHS,PASS,,,,,,,,,Jan 14 2020 7:29:35.3230 PM,Jan 14 2020 7:29:35.3720 PM,.049
20. INIT,QUERY_SFC_WRITE_SYSCFG_1,CLHS_SYSCFG_VALUE,,PASS,,,,,,,,,Jan 14 2020 7:29:35.3750 PM,Jan 14 2020 7:29:35.3750 PM,0
20. INIT,QUERY_SFC_WRITE_SYSCFG_1,CLHS_SYSCFG_VALUE_Compare,,PASS,,,,,,,,,Jan 14 2020 7:29:35.3780 PM,Jan 14 2020 7:29:35.3780 PM,0
20. INIT,QUERY_SFC_WRITE_SYSCFG_1,SFCSupport,getAttributes-11,PASS,,,,,,,,,Jan 14 2020 7:29:35.3810 PM,Jan 14 2020 7:29:35.3840 PM,.0031
20. INIT,QUERY_SFC_WRITE_SYSCFG_1,BGMt,,PASS,,,,,,,,,Jan 14 2020 7:29:35.3850 PM,Jan 14 2020 7:29:35.3850 PM,0
20. INIT,QUERY_SFC_WRITE_SYSCFG_1,Write BGMt,[EFIDut] syscfg add BGMt 0x00000001 0x00000000 0x00000000 0x00000001,PASS,,,,,,,,,Jan 14 2020 7:29:35.3880 PM,Jan 14 2020 7:29:35.5800 PM,.1917
20. INIT,QUERY_SFC_WRITE_SYSCFG_1,Read BGMt,[EFIDut] syscfg print BGMt,PASS,,,,,,,,,Jan 14 2020 7:29:35.5830 PM,Jan 14 2020 7:29:35.6320 PM,.0492
20. INIT,QUERY_SFC_WRITE_SYSCFG_1,BGMT_SYSCFG_VALUE,,PASS,,,,,,,,,Jan 14 2020 7:29:35.6360 PM,Jan 14 2020 7:29:35.6360 PM,0
20. INIT,QUERY_SFC_WRITE_SYSCFG_1,BGMT_SYSCFG_VALUE_Compare,,PASS,,,,,,,,,Jan 14 2020 7:29:35.6380 PM,Jan 14 2020 7:29:35.6380 PM,0
20. INIT,QUERY_SFC_WRITE_SYSCFG_1,CLBG,,PASS,,,,,,,,,Jan 14 2020 7:29:35.6410 PM,Jan 14 2020 7:29:35.6410 PM,0
20. INIT,QUERY_SFC_WRITE_SYSCFG_1,Write CLBG,[EFIDut] syscfg add CLBG 0x00000001 0x00000000 0x00000000 0x00000001,PASS,,,,,,,,,Jan 14 2020 7:29:35.6440 PM,Jan 14 2020 7:29:35.8400 PM,.1958
20. INIT,QUERY_SFC_WRITE_SYSCFG_1,Read CLBG,[EFIDut] syscfg print CLBG,PASS,,,,,,,,,Jan 14 2020 7:29:35.8440 PM,Jan 14 2020 7:29:35.8940 PM,.0502
20. INIT,QUERY_SFC_WRITE_SYSCFG_1,CLBG_SYSCFG_VALUE,,PASS,,,,,,,,,Jan 14 2020 7:29:35.8970 PM,Jan 14 2020 7:29:35.8970 PM,0
20. INIT,QUERY_SFC_WRITE_SYSCFG_1,CLBG_SYSCFG_VALUE_Compare,,PASS,,,,,,,,,Jan 14 2020 7:29:35.9000 PM,Jan 14 2020 7:29:35.9000 PM,0
20. INIT,QUERY_SFC_WRITE_SYSCFG_1,Read CCal,[EFIDut] syscfg print CCal,PASS,,,,,,,,,Jan 14 2020 7:29:35.9030 PM,Jan 14 2020 7:29:36.0810 PM,.1779
20. INIT,QUERY_SFC_WRITE_SYSCFG_1,CCAL,,PASS,,,,,,,,,Jan 14 2020 7:29:36.0840 PM,Jan 14 2020 7:29:36.0840 PM,0
20. INIT,QUERY_SFC_WRITE_SYSCFG_1,Write PRSq,[EFIDut] syscfg add PRSq 0x01050001,PASS,,,,,,,,,Jan 14 2020 7:29:36.0870 PM,Jan 14 2020 7:29:36.1290 PM,.0415
20. INIT,QUERY_SFC_WRITE_SYSCFG_1,Read PRSq,[EFIDut] syscfg print PRSq,PASS,,,,,,,,,Jan 14 2020 7:29:36.1320 PM,Jan 14 2020 7:29:36.1770 PM,.0443
20. INIT,QUERY_SFC_WRITE_SYSCFG_1,PRSq,,PASS,,,,,,,,,Jan 14 2020 7:29:36.1800 PM,Jan 14 2020 7:29:36.1800 PM,0
21. FIXTURE,,,,,,,,,,,,,Jan 14 2020 7:29:36.1850 PM,Jan 14 2020 7:29:39.2890 PM,3.1041
21. FIXTURE,LISA_INIT,Crown on,[Fixture] Crown on,PASS,,,,,,,,,Jan 14 2020 7:29:36.1880 PM,Jan 14 2020 7:29:39.2880 PM,3.1001
22. TRISTAR,,,,,,,,,,,,,Jan 14 2020 7:29:39.2910 PM,Jan 14 2020 7:29:40.7730 PM,1.4819
22. TRISTAR,TRISTAR,EFIDut,close,PASS,,,,,,,,,Jan 14 2020 7:29:39.2940 PM,Jan 14 2020 7:29:39.2940 PM,.0004
22. TRISTAR,TRISTAR,FileParser,JsonParsing,PASS,,,,,,,,,Jan 14 2020 7:29:39.2980 PM,Jan 14 2020 7:29:39.2990 PM,.0006
22. TRISTAR,TRISTAR,EZLink,,PASS,,1,NA,,,,,,Jan 14 2020 7:29:39.3020 PM,Jan 14 2020 7:29:39.3020 PM,0
22. TRISTAR,TRISTAR,EZLink1,EZLink,PASS,,,,,,,,,Jan 14 2020 7:29:39.3020 PM,Jan 14 2020 7:29:40.4250 PM,1.1234
22. TRISTAR,TRISTAR,Tristar Provision,,PASS,,,,,,,,,Jan 14 2020 7:29:40.4270 PM,Jan 14 2020 7:29:40.4270 PM,0
22. TRISTAR,TRISTAR,EFIDut,open,PASS,,,,,,,,,Jan 14 2020 7:29:40.4300 PM,Jan 14 2020 7:29:40.4870 PM,.0571
22. TRISTAR,TRISTAR,Tristar ESN,[EFIDut] tristar --esn,PASS,,,,,,,,,Jan 14 2020 7:29:40.4910 PM,Jan 14 2020 7:29:40.7260 PM,.2353
22. TRISTAR,TRISTAR,TRISTAR_ESN,,PASS,,,,,,,,,Jan 14 2020 7:29:40.7300 PM,Jan 14 2020 7:29:40.7300 PM,0
22. TRISTAR,TRISTAR,clear the debug interrupt,[EFIDut] tristar -r '0x0d',PASS,,,,,,,,,Jan 14 2020 7:29:40.7320 PM,Jan 14 2020 7:29:40.7720 PM,.0396
23. LISA,,,,,,,,,,,,,Jan 14 2020 7:29:40.7750 PM,Jan 14 2020 7:29:41.8170 PM,1.0415
23. LISA,LISA_INIT-2,Initialize Bonn,[EFIDut] sensor --sel lisa --init,PASS,,,,,,,,,Jan 14 2020 7:29:40.7780 PM,Jan 14 2020 7:29:40.8310 PM,.0529
23. LISA,LISA_INIT-2,SENSOR_LISA_INIT_STATUS,,PASS,,,,,,,,,Jan 14 2020 7:29:40.8340 PM,Jan 14 2020 7:29:40.8340 PM,0
23. LISA,LISA_INIT-2,Get lisa Info,[EFIDut] sensor --sel lisa -g,PASS,,,,,,,,,Jan 14 2020 7:29:40.8370 PM,Jan 14 2020 7:29:40.9930 PM,.1557
23. LISA,LISA_INIT-2,RTP_FW,,PASS,,,,,,,,,Jan 14 2020 7:29:40.9960 PM,Jan 14 2020 7:29:40.9960 PM,0
23. LISA,LISA_INIT-2,Set Lisa to HW Mode,[EFIDut] sensor --sel lisa --set hw-mode true,PASS,,,,,,,,,Jan 14 2020 7:29:40.9990 PM,Jan 14 2020 7:29:41.0400 PM,.0406
23. LISA,LISA_INIT-2,Bonn Chip ID,[EFIDut] sensorreg --sel lisa --read 0x00,PASS,,,,,,,,,Jan 14 2020 7:29:41.0430 PM,Jan 14 2020 7:29:41.0800 PM,.037
23. LISA,LISA_INIT-2,SENSOR_LISA_BONN_CHIP_ID,,PASS,,169,NA,,,,,NA,Jan 14 2020 7:29:41.0840 PM,Jan 14 2020 7:29:41.0840 PM,0
23. LISA,LISA_INIT-2,Bonn Connectivity Test,[EFIDut] sensor --sel lisa --conntest,PASS,,,,,,,,,Jan 14 2020 7:29:41.0870 PM,Jan 14 2020 7:29:41.1330 PM,.0467
23. LISA,LISA_INIT-2,SENSOR_LISA_CONNTEST_SPI,,PASS,,,,,,,,,Jan 14 2020 7:29:41.1370 PM,Jan 14 2020 7:29:41.1370 PM,0
23. LISA,LISA_INIT-2,SENSOR_LISA_CONNTEST_RST,,PASS,,,,,,,,,Jan 14 2020 7:29:41.1400 PM,Jan 14 2020 7:29:41.1400 PM,0
23. LISA,LISA_INIT-2,"Disable HW mode, also turns Bonn off.",[EFIDut] sensor --sel lisa --set hw-mode false,PASS,,,,,,,,,Jan 14 2020 7:29:41.1430 PM,Jan 14 2020 7:29:41.1880 PM,.0455
23. LISA,LISA_INIT-2,Lisa Selftest,[EFIDut] sensor --sel lisa --exectest selftest,PASS,,,,,,,,,Jan 14 2020 7:29:41.1920 PM,Jan 14 2020 7:29:41.2410 PM,.0491
23. LISA,LISA_INIT-2,SENSOR_LISA_SELFTEST_STATUS,,PASS,,,,,,,,,Jan 14 2020 7:29:41.2450 PM,Jan 14 2020 7:29:41.2450 PM,0
23. LISA,LISA_INIT-2,Turn off Lisa,[EFIDut] sensor --sel lisa --turnoff,PASS,,,,,,,,,Jan 14 2020 7:29:41.2470 PM,Jan 14 2020 7:29:41.2830 PM,.0356
23. LISA,LISA_INIT-2,Run Smokey script for Lisa,"[EFIDut] smokeyshell -r;smokeyshell -f ""nandfs:\AppleInternal\Diags\Logs\Smokey\Lisa\N140\Main.lua"" -e ""initLisa([[4]])""",PASS,,,,,,,,,Jan 14 2020 7:29:41.2890 PM,Jan 14 2020 7:29:41.8150 PM,.5265
24. FIXTURE,,,,,,,,,,,,,Jan 14 2020 7:29:41.8190 PM,Jan 14 2020 7:29:42.0390 PM,.2196
24. FIXTURE,LISA_FORWARD,Start crown rotating forward,[Fixture] Crown forward,PASS,,,,,,,,,Jan 14 2020 7:29:41.8220 PM,Jan 14 2020 7:29:42.0380 PM,.2156
25. LISA,,,,,,,,,,,,,Jan 14 2020 7:29:42.0400 PM,Jan 14 2020 7:29:48.3330 PM,6.293
25. LISA,LISA_FORWARD-USBFS,Make folder,[EFIDut] wait 1500;mkdir nandfs:\AppleInternal\Lisa_data\,PASS,,,,,,,,,Jan 14 2020 7:29:42.0430 PM,Jan 14 2020 7:29:43.5880 PM,1.545
25. LISA,LISA_FORWARD-USBFS,Set the output log,[EFIDut] filelog --on nandfs:\AppleInternal\Lisa_data\N0G72YP765_FORWARD_RAW.log,PASS,,,,,,,,,Jan 14 2020 7:29:43.5920 PM,Jan 14 2020 7:29:43.6300 PM,.0384
25. LISA,LISA_FORWARD-USBFS,Set consolerouter,[EFIDut] consolerouter --add --src lisa.debug.testdata --dest file,PASS,,,,,,,,,Jan 14 2020 7:29:43.6340 PM,Jan 14 2020 7:29:43.6810 PM,.0469
25. LISA,LISA_FORWARD-USBFS,Run Forward Lisa Smokey Script,"[EFIDut] smokeyshell -r;smokeyshell -f ""nandfs:\AppleInternal\Diags\Logs\Smokey\Lisa\N140\Main.lua"" -e ""startLisaTest([[FORWARD]],[[LOG]])""",PASS,,,,,,,,,Jan 14 2020 7:29:43.6850 PM,Jan 14 2020 7:29:47.5210 PM,3.8366
25. LISA,LISA_FORWARD-USBFS,LISA_FORWARD_PD0_LIGHT_MAX,,PASS,,2150,Counts,4000,0.01,,,Counts,Jan 14 2020 7:29:47.5260 PM,Jan 14 2020 7:29:47.5260 PM,0
25. LISA,LISA_FORWARD-USBFS,LISA_FORWARD_PD1_LIGHT_MAX,,PASS,,2254,Counts,4000,0.01,,,Counts,Jan 14 2020 7:29:47.5260 PM,Jan 14 2020 7:29:47.5260 PM,0
25. LISA,LISA_FORWARD-USBFS,LISA_FORWARD_PD2_LIGHT_MAX,,PASS,,2338,Counts,4000,0.01,,,Counts,Jan 14 2020 7:29:47.5260 PM,Jan 14 2020 7:29:47.5260 PM,0
25. LISA,LISA_FORWARD-USBFS,LISA_FORWARD_PD3_LIGHT_MAX,,PASS,,2335,Counts,4000,0.01,,,Counts,Jan 14 2020 7:29:47.5260 PM,Jan 14 2020 7:29:47.5260 PM,0
25. LISA,LISA_FORWARD-USBFS,LISA_FORWARD_PD4_LIGHT_MAX,,PASS,,2393,Counts,4000,0.01,,,Counts,Jan 14 2020 7:29:47.5260 PM,Jan 14 2020 7:29:47.5260 PM,0
25. LISA,LISA_FORWARD-USBFS,LISA_FORWARD_PD5_LIGHT_MAX,,PASS,,2351,Counts,4000,0.01,,,Counts,Jan 14 2020 7:29:47.5270 PM,Jan 14 2020 7:29:47.5270 PM,0
25. LISA,LISA_FORWARD-USBFS,LISA_FORWARD_PD6_LIGHT_MAX,,PASS,,2295,Counts,4000,0.01,,,Counts,Jan 14 2020 7:29:47.5270 PM,Jan 14 2020 7:29:47.5270 PM,0
25. LISA,LISA_FORWARD-USBFS,LISA_FORWARD_PD7_LIGHT_MAX,,PASS,,2250,Counts,4000,0.01,,,Counts,Jan 14 2020 7:29:47.5270 PM,Jan 14 2020 7:29:47.5270 PM,0
25. LISA,LISA_FORWARD-USBFS,LISA_FORWARD_PD0_SPAN,,PASS,,1651,Counts,3500,500,,,Counts,Jan 14 2020 7:29:47.5270 PM,Jan 14 2020 7:29:47.5270 PM,0
25. LISA,LISA_FORWARD-USBFS,LISA_FORWARD_PD1_SPAN,,PASS,,1752,Counts,3500,500,,,Counts,Jan 14 2020 7:29:47.5270 PM,Jan 14 2020 7:29:47.5270 PM,0
25. LISA,LISA_FORWARD-USBFS,LISA_FORWARD_PD2_SPAN,,PASS,,1798,Counts,3500,500,,,Counts,Jan 14 2020 7:29:47.5280 PM,Jan 14 2020 7:29:47.5280 PM,0
25. LISA,LISA_FORWARD-USBFS,LISA_FORWARD_PD3_SPAN,,PASS,,1818,Counts,3500,500,,,Counts,Jan 14 2020 7:29:47.5280 PM,Jan 14 2020 7:29:47.5280 PM,0
25. LISA,LISA_FORWARD-USBFS,LISA_FORWARD_PD4_SPAN,,PASS,,1845,Counts,3500,500,,,Counts,Jan 14 2020 7:29:47.5280 PM,Jan 14 2020 7:29:47.5280 PM,0
25. LISA,LISA_FORWARD-USBFS,LISA_FORWARD_PD5_SPAN,,PASS,,1810,Counts,3500,500,,,Counts,Jan 14 2020 7:29:47.5280 PM,Jan 14 2020 7:29:47.5280 PM,0
25. LISA,LISA_FORWARD-USBFS,LISA_FORWARD_PD6_SPAN,,PASS,,1784,Counts,3500,500,,,Counts,Jan 14 2020 7:29:47.5280 PM,Jan 14 2020 7:29:47.5280 PM,0
25. LISA,LISA_FORWARD-USBFS,LISA_FORWARD_PD7_SPAN,,PASS,,1762,Counts,3500,500,,,Counts,Jan 14 2020 7:29:47.5290 PM,Jan 14 2020 7:29:47.5290 PM,0
25. LISA,LISA_FORWARD-USBFS,LISA_FORWARD_PD_SPAN_MAX,,PASS,,1845,NA,,,,,NA,Jan 14 2020 7:29:47.5290 PM,Jan 14 2020 7:29:47.5290 PM,0
25. LISA,LISA_FORWARD-USBFS,LISA_FORWARD_PD_SPAN_MIN,,PASS,,1651,NA,,,,,NA,Jan 14 2020 7:29:47.5290 PM,Jan 14 2020 7:29:47.5290 PM,0
25. LISA,LISA_FORWARD-USBFS,LISA_FORWARD_SPAN_RATIO,,PASS,,0.8948509485094851,NA,,0.6,,,NA,Jan 14 2020 7:29:47.5300 PM,Jan 14 2020 7:29:47.5300 PM,0
25. LISA,LISA_FORWARD-USBFS,LISA_FORWARD_PD0_DARK_PEAK2PEAK,,PASS,,12,Counts,54,0.01,,,Counts,Jan 14 2020 7:29:47.5300 PM,Jan 14 2020 7:29:47.5300 PM,0
25. LISA,LISA_FORWARD-USBFS,LISA_FORWARD_PD1_DARK_PEAK2PEAK,,PASS,,11,Counts,54,0.01,,,Counts,Jan 14 2020 7:29:47.5300 PM,Jan 14 2020 7:29:47.5300 PM,0
25. LISA,LISA_FORWARD-USBFS,LISA_FORWARD_PD2_DARK_PEAK2PEAK,,PASS,,12,Counts,54,0.01,,,Counts,Jan 14 2020 7:29:47.5300 PM,Jan 14 2020 7:29:47.5300 PM,0
25. LISA,LISA_FORWARD-USBFS,LISA_FORWARD_PD3_DARK_PEAK2PEAK,,PASS,,12,Counts,54,0.01,,,Counts,Jan 14 2020 7:29:47.5300 PM,Jan 14 2020 7:29:47.5300 PM,0
25. LISA,LISA_FORWARD-USBFS,LISA_FORWARD_PD4_DARK_PEAK2PEAK,,PASS,,12,Counts,54,0.01,,,Counts,Jan 14 2020 7:29:47.5310 PM,Jan 14 2020 7:29:47.5310 PM,0
25. LISA,LISA_FORWARD-USBFS,LISA_FORWARD_PD5_DARK_PEAK2PEAK,,PASS,,12,Counts,54,0.01,,,Counts,Jan 14 2020 7:29:47.5310 PM,Jan 14 2020 7:29:47.5310 PM,0
25. LISA,LISA_FORWARD-USBFS,LISA_FORWARD_PD6_DARK_PEAK2PEAK,,PASS,,12,Counts,54,0.01,,,Counts,Jan 14 2020 7:29:47.5310 PM,Jan 14 2020 7:29:47.5310 PM,0
25. LISA,LISA_FORWARD-USBFS,LISA_FORWARD_PD7_DARK_PEAK2PEAK,,PASS,,11,Counts,54,0.01,,,Counts,Jan 14 2020 7:29:47.5310 PM,Jan 14 2020 7:29:47.5310 PM,0
25. LISA,LISA_FORWARD-USBFS,LISA_FORWARD_PD0_LIGHT_PEAK2PEAK,,PASS,,1649,Counts,4000,0.01,,,Counts,Jan 14 2020 7:29:47.5310 PM,Jan 14 2020 7:29:47.5310 PM,0
25. LISA,LISA_FORWARD-USBFS,LISA_FORWARD_PD1_LIGHT_PEAK2PEAK,,PASS,,1749,Counts,4000,0.01,,,Counts,Jan 14 2020 7:29:47.5320 PM,Jan 14 2020 7:29:47.5320 PM,0
25. LISA,LISA_FORWARD-USBFS,LISA_FORWARD_PD2_LIGHT_PEAK2PEAK,,PASS,,1794,Counts,4000,0.01,,,Counts,Jan 14 2020 7:29:47.5320 PM,Jan 14 2020 7:29:47.5320 PM,0
25. LISA,LISA_FORWARD-USBFS,LISA_FORWARD_PD3_LIGHT_PEAK2PEAK,,PASS,,1816,Counts,4000,0.01,,,Counts,Jan 14 2020 7:29:47.5320 PM,Jan 14 2020 7:29:47.5320 PM,0
25. LISA,LISA_FORWARD-USBFS,LISA_FORWARD_PD4_LIGHT_PEAK2PEAK,,PASS,,1843,Counts,4000,0.01,,,Counts,Jan 14 2020 7:29:47.5320 PM,Jan 14 2020 7:29:47.5320 PM,0
25. LISA,LISA_FORWARD-USBFS,LISA_FORWARD_PD5_LIGHT_PEAK2PEAK,,PASS,,1807,Counts,4000,0.01,,,Counts,Jan 14 2020 7:29:47.5320 PM,Jan 14 2020 7:29:47.5320 PM,0
25. LISA,LISA_FORWARD-USBFS,LISA_FORWARD_PD6_LIGHT_PEAK2PEAK,,PASS,,1781,Counts,4000,0.01,,,Counts,Jan 14 2020 7:29:47.5330 PM,Jan 14 2020 7:29:47.5330 PM,0
25. LISA,LISA_FORWARD-USBFS,LISA_FORWARD_PD7_LIGHT_PEAK2PEAK,,PASS,,1761,Counts,4000,0.01,,,Counts,Jan 14 2020 7:29:47.5330 PM,Jan 14 2020 7:29:47.5330 PM,0
25. LISA,LISA_FORWARD-USBFS,LISA_FORWARD_PD0_DARK_AVG,,PASS,,68.44,NA,200,0.1,,,NA,Jan 14 2020 7:29:47.5330 PM,Jan 14 2020 7:29:47.5330 PM,0
25. LISA,LISA_FORWARD-USBFS,LISA_FORWARD_PD1_DARK_AVG,,PASS,,51.609,NA,200,0.1,,,NA,Jan 14 2020 7:29:47.5330 PM,Jan 14 2020 7:29:47.5330 PM,0
25. LISA,LISA_FORWARD-USBFS,LISA_FORWARD_PD2_DARK_AVG,,PASS,,69.319,NA,200,0.1,,,NA,Jan 14 2020 7:29:47.5330 PM,Jan 14 2020 7:29:47.5330 PM,0
25. LISA,LISA_FORWARD-USBFS,LISA_FORWARD_PD3_DARK_AVG,,PASS,,47.349,NA,200,0.1,,,NA,Jan 14 2020 7:29:47.5340 PM,Jan 14 2020 7:29:47.5340 PM,0
25. LISA,LISA_FORWARD-USBFS,LISA_FORWARD_PD4_DARK_AVG,,PASS,,67.76000000000001,NA,200,0.1,,,NA,Jan 14 2020 7:29:47.5340 PM,Jan 14 2020 7:29:47.5340 PM,0
25. LISA,LISA_FORWARD-USBFS,LISA_FORWARD_PD5_DARK_AVG,,PASS,,50.75,NA,200,0.1,,,NA,Jan 14 2020 7:29:47.5340 PM,Jan 14 2020 7:29:47.5340 PM,0
25. LISA,LISA_FORWARD-USBFS,LISA_FORWARD_PD6_DARK_AVG,,PASS,,40.079,NA,200,0.1,,,NA,Jan 14 2020 7:29:47.5340 PM,Jan 14 2020 7:29:47.5340 PM,0
25. LISA,LISA_FORWARD-USBFS,LISA_FORWARD_PD7_DARK_AVG,,PASS,,36.64,NA,200,0.1,,,NA,Jan 14 2020 7:29:47.5340 PM,Jan 14 2020 7:29:47.5340 PM,0
25. LISA,LISA_FORWARD-USBFS,LISA_FORWARD_PD0_DARK_STD,,PASS,,1.79,Counts,10,0.01,,,Counts,Jan 14 2020 7:29:47.5350 PM,Jan 14 2020 7:29:47.5350 PM,0
25. LISA,LISA_FORWARD-USBFS,LISA_FORWARD_PD1_DARK_STD,,PASS,,1.54,Counts,10,0.01,,,Counts,Jan 14 2020 7:29:47.5350 PM,Jan 14 2020 7:29:47.5350 PM,0
25. LISA,LISA_FORWARD-USBFS,LISA_FORWARD_PD2_DARK_STD,,PASS,,1.67,Counts,10,0.01,,,Counts,Jan 14 2020 7:29:47.5350 PM,Jan 14 2020 7:29:47.5350 PM,0
25. LISA,LISA_FORWARD-USBFS,LISA_FORWARD_PD3_DARK_STD,,PASS,,1.429,Counts,10,0.01,,,Counts,Jan 14 2020 7:29:47.5350 PM,Jan 14 2020 7:29:47.5350 PM,0
25. LISA,LISA_FORWARD-USBFS,LISA_FORWARD_PD4_DARK_STD,,PASS,,1.68,Counts,10,0.01,,,Counts,Jan 14 2020 7:29:47.5350 PM,Jan 14 2020 7:29:47.5350 PM,0
25. LISA,LISA_FORWARD-USBFS,LISA_FORWARD_PD5_DARK_STD,,PASS,,1.73,Counts,10,0.01,,,Counts,Jan 14 2020 7:29:47.5360 PM,Jan 14 2020 7:29:47.5360 PM,0
25. LISA,LISA_FORWARD-USBFS,LISA_FORWARD_PD6_DARK_STD,,PASS,,1.64,Counts,10,0.01,,,Counts,Jan 14 2020 7:29:47.5360 PM,Jan 14 2020 7:29:47.5360 PM,0
25. LISA,LISA_FORWARD-USBFS,LISA_FORWARD_PD7_DARK_STD,,PASS,,1.419,Counts,10,0.01,,,Counts,Jan 14 2020 7:29:47.5360 PM,Jan 14 2020 7:29:47.5360 PM,0
25. LISA,LISA_FORWARD-USBFS,LISA_FORWARD_DRX,,PASS,,1.4,NA,3.08,1,,,NA,Jan 14 2020 7:29:47.5360 PM,Jan 14 2020 7:29:47.5360 PM,0
25. LISA,LISA_FORWARD-USBFS,Disable Lisa,"[EFIDut] smokeyshell -r;smokeyshell -f ""nandfs:\AppleInternal\Diags\Logs\Smokey\Lisa\N140\Main.lua"" -e ""DisableLisa()""",PASS,,,,,,,,,Jan 14 2020 7:29:47.5390 PM,Jan 14 2020 7:29:47.7210 PM,.182
25. LISA,LISA_FORWARD-USBFS,Disable Lisa,[EFIDut] filelog --off,PASS,,,,,,,,,Jan 14 2020 7:29:47.7250 PM,Jan 14 2020 7:29:47.7530 PM,.0283
25. LISA,LISA_FORWARD-USBFS,Disable Lisa,[EFIDut] consolerouter --rm --src lisa.debug.testdata --dest file,PASS,,,,,,,,,Jan 14 2020 7:29:47.7570 PM,Jan 14 2020 7:29:47.8010 PM,.0444
25. LISA,LISA_FORWARD-USBFS,Stop crown rorating,[Fixture] Crown Stop,PASS,,,,,,,,,Jan 14 2020 7:29:47.8060 PM,Jan 14 2020 7:29:47.8400 PM,.034
25. LISA,LISA_FORWARD-USBFS,Init Usbfs,[EFIDut] usbfs --mount,PASS,,,,,,,,,Jan 14 2020 7:29:47.8440 PM,Jan 14 2020 7:29:48.1850 PM,.3411
25. LISA,LISA_FORWARD-USBFS,Copy file to local,[EFIDut] cp -r nandfs:\AppleInternal\Lisa_data\ usbfs:\,PASS,,,,,,,,,Jan 14 2020 7:29:48.1880 PM,Jan 14 2020 7:29:48.2800 PM,.0923
25. LISA,LISA_FORWARD-USBFS,Disable Usbfs,[EFIDut] usbfs --unmount,PASS,,,,,,,,,Jan 14 2020 7:29:48.2840 PM,Jan 14 2020 7:29:48.3240 PM,.0403
25. LISA,LISA_FORWARD-USBFS,Put Data into Insight upload list,,PASS,,,,,,,,,Jan 14 2020 7:29:48.3330 PM,Jan 14 2020 7:29:48.3330 PM,0
26. POWER,,,,,,,,,,,,,Jan 14 2020 7:29:48.3380 PM,Jan 14 2020 7:29:48.4560 PM,.1175
26. POWER,INIT_PMU_READ,Read PMU ADC Values,[EFIDut] pmuadc --read temp2,PASS,,,,,,,,,Jan 14 2020 7:29:48.3410 PM,Jan 14 2020 7:29:48.4040 PM,.0629
26. POWER,INIT_PMU_READ,PMUADC_TEMP_NTC2,,PASS,,8672.1111,NA,15000,3300,,,NA,Jan 14 2020 7:29:48.4080 PM,Jan 14 2020 7:29:48.4080 PM,0
26. POWER,INIT_PMU_READ,Read PMU ADC Values,[EFIDut] pmuadc --read temp4,PASS,,,,,,,,,Jan 14 2020 7:29:48.4110 PM,Jan 14 2020 7:29:48.4520 PM,.0412
26. POWER,INIT_PMU_READ,PMUADC_TEMP_NTC4,,PASS,,8666.0594,NA,15000,3300,,,NA,Jan 14 2020 7:29:48.4560 PM,Jan 14 2020 7:29:48.4560 PM,0
27. IMU,,,,,,,,,,,,,Jan 14 2020 7:29:48.4580 PM,Jan 14 2020 7:29:48.5100 PM,.0525
27. IMU,SET_BUBO_PFM,Set SYSTEM_TO_PMU_REQUEST_PWM to low,[EFIDut] socgpio --port 1 --pin 95 --input --nopull; socgpio --port 1 --pin 86 --input --nopull,PASS,,,,,,,,,Jan 14 2020 7:29:48.4600 PM,Jan 14 2020 7:29:48.5090 PM,.0487
28. IMU,,,,,,,,,,,,,Jan 14 2020 7:29:48.5120 PM,Jan 14 2020 7:29:48.8150 PM,.3033
28. IMU,Kobol_INIT,Init Kobol,"[EFIDut] sensor --sel accel,gyro --init",PASS,,,,,,,,,Jan 14 2020 7:29:48.5150 PM,Jan 14 2020 7:29:48.8120 PM,.2968
28. IMU,Kobol_INIT,IMU_INIT_STATUS,,PASS,,,,,,,,,Jan 14 2020 7:29:48.8150 PM,Jan 14 2020 7:29:48.8150 PM,0
29. IMU,,,,,,,,,,,,,Jan 14 2020 7:29:48.8170 PM,Jan 14 2020 7:29:48.8840 PM,.0668
29. IMU,IMU_ACCEL_ID,IMU Accel ID Information,[EFIDut] sensor --sel accel --get,PASS,,,,,,,,,Jan 14 2020 7:29:48.8200 PM,Jan 14 2020 7:29:48.8800 PM,.0592
29. IMU,IMU_ACCEL_ID,ACCEL_MANU_ID,,PASS,,,,,,,,,Jan 14 2020 7:29:48.8840 PM,Jan 14 2020 7:29:48.8840 PM,0
30. IMU,,,,,,,,,,,,,Jan 14 2020 7:29:48.8860 PM,Jan 14 2020 7:29:48.9760 PM,.0893
30. IMU,Kobol_ACCEL_ID,Evaluate condition: IMU_MANU_ID CONTAINS '0x00E4',,PASS,,,,,,,,,Jan 14 2020 7:29:48.8880 PM,Jan 14 2020 7:29:48.8890 PM,.0001
30. IMU,Kobol_ACCEL_ID,Kobol Accel ID Information,[EFIDut] sensor --sel accel --get,PASS,,,,,,,,,Jan 14 2020 7:29:48.8930 PM,Jan 14 2020 7:29:48.9470 PM,.0546
30. IMU,Kobol_ACCEL_ID,Evaluate condition: IMU_MANU_ID CONTAINS '0x00E4'-2,,PASS,,,,,,,,,Jan 14 2020 7:29:48.9500 PM,Jan 14 2020 7:29:48.9500 PM,.0001
30. IMU,Kobol_ACCEL_ID,IMU_MANU_ID,,PASS,,,,,,,,,Jan 14 2020 7:29:48.9530 PM,Jan 14 2020 7:29:48.9530 PM,0
30. IMU,Kobol_ACCEL_ID,Evaluate condition: IMU_MANU_ID CONTAINS '0x00E4'-3,,PASS,,,,,,,,,Jan 14 2020 7:29:48.9550 PM,Jan 14 2020 7:29:48.9550 PM,0
30. IMU,Kobol_ACCEL_ID,IMU_CHIP_ID,,PASS,,,,,,,,,Jan 14 2020 7:29:48.9580 PM,Jan 14 2020 7:29:48.9580 PM,0
30. IMU,Kobol_ACCEL_ID,Evaluate condition: IMU_MANU_ID CONTAINS '0x00E4'-4,,PASS,,,,,,,,,Jan 14 2020 7:29:48.9610 PM,Jan 14 2020 7:29:48.9610 PM,0
30. IMU,Kobol_ACCEL_ID,IMU_REV_ID,,PASS,,,,,,,,,Jan 14 2020 7:29:48.9650 PM,Jan 14 2020 7:29:48.9650 PM,0
30. IMU,Kobol_ACCEL_ID,Evaluate condition: IMU_MANU_ID CONTAINS '0x00E4'-5,,PASS,,,,,,,,,Jan 14 2020 7:29:48.9670 PM,Jan 14 2020 7:29:48.9670 PM,0
30. IMU,Kobol_ACCEL_ID,IMU_MEMS_ID,,PASS,,,,,,,,,Jan 14 2020 7:29:48.9700 PM,Jan 14 2020 7:29:48.9700 PM,0
30. IMU,Kobol_ACCEL_ID,Evaluate condition: IMU_MANU_ID CONTAINS '0x00E4'-6,,PASS,,,,,,,,,Jan 14 2020 7:29:48.9720 PM,Jan 14 2020 7:29:48.9720 PM,0
30. IMU,Kobol_ACCEL_ID,IMU_ASIC_ID,,PASS,,,,,,,,,Jan 14 2020 7:29:48.9750 PM,Jan 14 2020 7:29:48.9750 PM,0
31. IMU,,,,,,,,,,,,,Jan 14 2020 7:29:48.9790 PM,Jan 14 2020 7:29:49.2590 PM,.2806
31. IMU,Kobol_GYRO_DRIVE_FREQ_MEAS,Evaluate condition: IMU_MANU_ID CONTAINS '0x00E4',,PASS,,,,,,,,,Jan 14 2020 7:29:48.9800 PM,Jan 14 2020 7:29:48.9810 PM,0
31. IMU,Kobol_GYRO_DRIVE_FREQ_MEAS,Measure gyro drive frequency,[EFIDut] sensor -s gyro --exectest drive_freq_measurement,PASS,,,,,,,,,Jan 14 2020 7:29:48.9850 PM,Jan 14 2020 7:29:49.2480 PM,.263
31. IMU,Kobol_GYRO_DRIVE_FREQ_MEAS,Evaluate condition: IMU_MANU_ID CONTAINS '0x00E4'-2,,PASS,,,,,,,,,Jan 14 2020 7:29:49.2500 PM,Jan 14 2020 7:29:49.2500 PM,0
31. IMU,Kobol_GYRO_DRIVE_FREQ_MEAS,GYRO_Drive_Freq_pos,,PASS,,24.87,NA,,,,,,Jan 14 2020 7:29:49.2540 PM,Jan 14 2020 7:29:49.2540 PM,0
31. IMU,Kobol_GYRO_DRIVE_FREQ_MEAS,Evaluate condition: IMU_MANU_ID CONTAINS '0x00E4'-3,,PASS,,,,,,,,,Jan 14 2020 7:29:49.2550 PM,Jan 14 2020 7:29:49.2560 PM,0
31. IMU,Kobol_GYRO_DRIVE_FREQ_MEAS,GYRO_Drive_Freq_vel,,PASS,,24.87,NA,,,,,,Jan 14 2020 7:29:49.2590 PM,Jan 14 2020 7:29:49.2590 PM,0
32. IMU,,,,,,,,,,,,,Jan 14 2020 7:29:49.2610 PM,Jan 14 2020 7:29:49.3260 PM,.0651
32. IMU,IMU_Connectivity,Kobol Accel Connectivity,[EFIDut] sensor --sel accel --c,PASS,,,,,,,,,Jan 14 2020 7:29:49.2640 PM,Jan 14 2020 7:29:49.3190 PM,.0545
32. IMU,IMU_Connectivity,ACCEL_INT1_CONN_TEST,,PASS,,,,,,,,,Jan 14 2020 7:29:49.3230 PM,Jan 14 2020 7:29:49.3230 PM,0
32. IMU,IMU_Connectivity,ACCEL_INT2_CONN_TEST,,PASS,,,,,,,,,Jan 14 2020 7:29:49.3260 PM,Jan 14 2020 7:29:49.3260 PM,0
33. IMU,,,,,,,,,,,,,Jan 14 2020 7:29:49.3290 PM,Jan 14 2020 7:29:49.6230 PM,.294
33. IMU,IMU_OFF,Turnoff IMU,"[EFIDut] sensor --sel accel,gyro --turnoff; wait 200",PASS,,,,,,,,,Jan 14 2020 7:29:49.3330 PM,Jan 14 2020 7:29:49.6220 PM,.2894
34. IMU,,,,,,,,,,,,,Jan 14 2020 7:29:49.6250 PM,Jan 14 2020 7:29:50.0360 PM,.4109
34. IMU,Kobol_ACCEL_SELFTEST,Init Accel,[EFIDut] sensor --sel accel --init,PASS,,,,,,,,,Jan 14 2020 7:29:49.6280 PM,Jan 14 2020 7:29:49.7780 PM,.1503
34. IMU,Kobol_ACCEL_SELFTEST,Kobol Accel Self Test,[EFIDut] sensor --sel accel --exectest selftest,PASS,,,,,,,,,Jan 14 2020 7:29:49.7820 PM,Jan 14 2020 7:29:50.0320 PM,.2508
34. IMU,Kobol_ACCEL_SELFTEST,Kobol_Accel_SelfTest,,PASS,,,,,,,,,Jan 14 2020 7:29:50.0360 PM,Jan 14 2020 7:29:50.0360 PM,0
35. IMU,,,,,,,,,,,,,Jan 14 2020 7:29:50.0380 PM,Jan 14 2020 7:29:51.9480 PM,1.9106
35. IMU,IMU_Combo_LPNM25_BUBO_PFM,Init accelerometer and gyro,"[EFIDut] sensor --sel accel,gyro --init",PASS,,,,,,,,,Jan 14 2020 7:29:50.0400 PM,Jan 14 2020 7:29:50.3350 PM,.2945
35. IMU,IMU_Combo_LPNM25_BUBO_PFM,Enter gyro low power mode,[EFIDut] socgpio --port 1 --pin 95 --input --nopull; socgpio --port 1 --pin 86 --input --nopull,PASS,,,,,,,,,Jan 14 2020 7:29:50.3390 PM,Jan 14 2020 7:29:50.3880 PM,.0494
35. IMU,IMU_Combo_LPNM25_BUBO_PFM,Evaluate condition: IMU_MANU_ID CONTAINS '0x00E4',,PASS,,,,,,,,,Jan 14 2020 7:29:50.3900 PM,Jan 14 2020 7:29:50.3900 PM,0
35. IMU,IMU_Combo_LPNM25_BUBO_PFM,Enter gyro low power mode,[EFIDut] sensor --sel gyro --set lpm true,PASS,,,,,,,,,Jan 14 2020 7:29:50.3940 PM,Jan 14 2020 7:29:50.4330 PM,.0386
35. IMU,IMU_Combo_LPNM25_BUBO_PFM,Evaluate condition: IMU_MANU_ID CONTAINS '0x00E4'-2,,PASS,,,,,,,,,Jan 14 2020 7:29:50.4350 PM,Jan 14 2020 7:29:50.4350 PM,0
35. IMU,IMU_Combo_LPNM25_BUBO_PFM,Set gyro LPM duty cycle to 25 percent,[EFIDut] sensor --sel gyro --set lpm_duty_cycle 25,PASS,,,,,,,,,Jan 14 2020 7:29:50.4390 PM,Jan 14 2020 7:29:50.4790 PM,.0401
35. IMU,IMU_Combo_LPNM25_BUBO_PFM,Evaluate condition: IMU_MANU_ID CONTAINS '0x00E4'-3,,PASS,,,,,,,,,Jan 14 2020 7:29:50.4810 PM,Jan 14 2020 7:29:50.4810 PM,0
35. IMU,IMU_Combo_LPNM25_BUBO_PFM,Set accel/gyro dynamic range to 32g/2000dps,[EFIDut] sensor --sel accel --set dynamic_range 32; sensor --sel gyro --set dynamic_range 2000,PASS,,,,,,,,,Jan 14 2020 7:29:50.4850 PM,Jan 14 2020 7:29:50.6580 PM,.1736
35. IMU,IMU_Combo_LPNM25_BUBO_PFM,Evaluate condition: IMU_MANU_ID CONTAINS '0x00E4'-4,,PASS,,,,,,,,,Jan 14 2020 7:29:50.6610 PM,Jan 14 2020 7:29:50.6610 PM,0
35. IMU,IMU_Combo_LPNM25_BUBO_PFM,Set accel/gyro ODR to 800Hz,[EFIDut] sensor --sel accel --set rate 800; sensor --sel gyro --set rate 800,PASS,,,,,,,,,Jan 14 2020 7:29:50.6640 PM,Jan 14 2020 7:29:50.7990 PM,.1348
35. IMU,IMU_Combo_LPNM25_BUBO_PFM,Evaluate condition: IMU_MANU_ID CONTAINS '0x00E4'-5,,PASS,,,,,,,,,Jan 14 2020 7:29:50.8020 PM,Jan 14 2020 7:29:50.8020 PM,0
35. IMU,IMU_Combo_LPNM25_BUBO_PFM,Set accel/gyro BW to 50Hz/100Hz,[EFIDut] sensor --sel accel --set bw 50; sensor --sel gyro --set bw 100,PASS,,,,,,,,,Jan 14 2020 7:29:50.8050 PM,Jan 14 2020 7:29:50.9380 PM,.1329
35. IMU,IMU_Combo_LPNM25_BUBO_PFM,Evaluate condition: IMU_MANU_ID CONTAINS '0x00E4'-6,,PASS,,,,,,,,,Jan 14 2020 7:29:50.9400 PM,Jan 14 2020 7:29:50.9400 PM,0
35. IMU,IMU_Combo_LPNM25_BUBO_PFM,Set accel/gyro filter rolloff to -60dB/-20dB,[EFIDut] sensorreg --sel accel --write 0x19 0x00; sensorreg --sel gyro --write 0x1B 0x08,PASS,,,,,,,,,Jan 14 2020 7:29:50.9440 PM,Jan 14 2020 7:29:50.9980 PM,.054
35. IMU,IMU_Combo_LPNM25_BUBO_PFM,"Evaluate condition: IMU_MANU_ID == ""null""",,PASS,,,,,,,,,Jan 14 2020 7:29:51.0000 PM,Jan 14 2020 7:29:51.0000 PM,0
35. IMU,IMU_Combo_LPNM25_BUBO_PFM,Set accel/gyro ODR to 200Hz,"Action[8]: EFIDut:sendCommand-Skip action because Condition not met-Condition: IMU_MANU_ID == ""null""",PASS,,,,,,,,,Jan 14 2020 7:29:51.0010 PM,Jan 14 2020 7:29:51.0010 PM,0
35. IMU,IMU_Combo_LPNM25_BUBO_PFM,Evaluate condition: ACCEL_LOT_INFO CONTAINS 'G6H948',,PASS,,,,,,,,,Jan 14 2020 7:29:51.0030 PM,Jan 14 2020 7:29:51.0030 PM,0
35. IMU,IMU_Combo_LPNM25_BUBO_PFM,Set accel/gyro dynamic range to 128g/2000dps,Action[9]: EFIDut:sendCommand-Skip action because Condition not met-Condition: ACCEL_LOT_INFO CONTAINS 'G6H948',PASS,,,,,,,,,Jan 14 2020 7:29:51.0040 PM,Jan 14 2020 7:29:51.0040 PM,0
35. IMU,IMU_Combo_LPNM25_BUBO_PFM,Evaluate condition: ACCEL_LOT_INFO CONTAINS 'G6H931',,PASS,,,,,,,,,Jan 14 2020 7:29:51.0050 PM,Jan 14 2020 7:29:51.0060 PM,0
35. IMU,IMU_Combo_LPNM25_BUBO_PFM,Set accel/gyro dynamic range to 16g/2000dps,Action[10]: EFIDut:sendCommand-Skip action because Condition not met-Condition: ACCEL_LOT_INFO CONTAINS 'G6H931',PASS,,,,,,,,,Jan 14 2020 7:29:51.0060 PM,Jan 14 2020 7:29:51.0060 PM,0
35. IMU,IMU_Combo_LPNM25_BUBO_PFM,"Evaluate condition: IMU_MANU_ID == ""null""-2",,PASS,,,,,,,,,Jan 14 2020 7:29:51.0080 PM,Jan 14 2020 7:29:51.0080 PM,0
35. IMU,IMU_Combo_LPNM25_BUBO_PFM,Set accel/gyro BW to 50Hz/100Hz,"Action[11]: EFIDut:sendCommand-Skip action because Condition not met-Condition: IMU_MANU_ID == ""null""",PASS,,,,,,,,,Jan 14 2020 7:29:51.0090 PM,Jan 14 2020 7:29:51.0090 PM,0
35. IMU,IMU_Combo_LPNM25_BUBO_PFM,"Evaluate condition: IMU_MANU_ID == ""null""-3",,PASS,,,,,,,,,Jan 14 2020 7:29:51.0100 PM,Jan 14 2020 7:29:51.0110 PM,0
35. IMU,IMU_Combo_LPNM25_BUBO_PFM,Set accel/gyro filter rolloff to -60dB/-20dB,"Action[12]: EFIDut:sendCommand-Skip action because Condition not met-Condition: IMU_MANU_ID == ""null""",PASS,,,,,,,,,Jan 14 2020 7:29:51.0110 PM,Jan 14 2020 7:29:51.0110 PM,0
35. IMU,IMU_Combo_LPNM25_BUBO_PFM,Enter BG quiesce,[EFIDut] event -s enter-bg-quiesce,PASS,,,,,,,,,Jan 14 2020 7:29:51.0140 PM,Jan 14 2020 7:29:51.0780 PM,.0633
35. IMU,IMU_Combo_LPNM25_BUBO_PFM,Collect 500ms of accelerometer and gyro data,"[EFIDut] sensor --sel accel,gyro --sample 500ms --stats --quiet",PASS,,,,,,,,,Jan 14 2020 7:29:51.0810 PM,Jan 14 2020 7:29:51.7400 PM,.6586
35. IMU,IMU_Combo_LPNM25_BUBO_PFM,"Evaluate condition: IMU_MANU_ID == ""null""-4",,PASS,,,,,,,,,Jan 14 2020 7:29:51.7440 PM,Jan 14 2020 7:29:51.7440 PM,0
35. IMU,IMU_Combo_LPNM25_BUBO_PFM,IMU_Combo_LPNM25_BUBO_PFM,"Action[16]: Rush:setACCEL_2-Skip action because Condition not met-Condition: IMU_MANU_ID == ""null""",PASS,,,,,,,,,Jan 14 2020 7:29:51.7450 PM,Jan 14 2020 7:29:51.7450 PM,0
35. IMU,IMU_Combo_LPNM25_BUBO_PFM,Combo_LPNM25_PFM_onPUCK_accel_average_x,,PASS,,-0.005803,g,0.118,-0.118,,,g,Jan 14 2020 7:29:51.7490 PM,Jan 14 2020 7:29:51.7490 PM,0
35. IMU,IMU_Combo_LPNM25_BUBO_PFM,Combo_LPNM25_PFM_onPUCK_accel_average_y,,PASS,,0.010467,g,0.118,-0.118,,,g,Jan 14 2020 7:29:51.7490 PM,Jan 14 2020 7:29:51.7490 PM,0
35. IMU,IMU_Combo_LPNM25_BUBO_PFM,Combo_LPNM25_PFM_onPUCK_accel_average_z,,PASS,,0.990001,g,1.118,0.882,,,g,Jan 14 2020 7:29:51.7490 PM,Jan 14 2020 7:29:51.7490 PM,0
35. IMU,IMU_Combo_LPNM25_BUBO_PFM,Combo_LPNM25_PFM_onPUCK_accel_stdev_x,,PASS,,0.000873,g-rms,0.05,1e-05,,,g-rms,Jan 14 2020 7:29:51.7490 PM,Jan 14 2020 7:29:51.7490 PM,0
35. IMU,IMU_Combo_LPNM25_BUBO_PFM,Combo_LPNM25_PFM_onPUCK_accel_stdev_y,,PASS,,0.000694,g-rms,0.05,1e-05,,,g-rms,Jan 14 2020 7:29:51.7500 PM,Jan 14 2020 7:29:51.7500 PM,0
35. IMU,IMU_Combo_LPNM25_BUBO_PFM,Combo_LPNM25_PFM_onPUCK_accel_stdev_z,,PASS,,0.000876,g-rms,0.05,1e-05,,,g-rms,Jan 14 2020 7:29:51.7500 PM,Jan 14 2020 7:29:51.7500 PM,0
35. IMU,IMU_Combo_LPNM25_BUBO_PFM,Combo_LPNM25_PFM_onPUCK_gyro_average_x,,PASS,,0.5543360000000001,dps,25,-25,,,dps,Jan 14 2020 7:29:51.7500 PM,Jan 14 2020 7:29:51.7500 PM,0
35. IMU,IMU_Combo_LPNM25_BUBO_PFM,Combo_LPNM25_PFM_onPUCK_gyro_average_y,,PASS,,0.437877,dps,25,-25,,,dps,Jan 14 2020 7:29:51.7500 PM,Jan 14 2020 7:29:51.7500 PM,0
35. IMU,IMU_Combo_LPNM25_BUBO_PFM,Combo_LPNM25_PFM_onPUCK_gyro_average_z,,PASS,,0.414494,dps,25,-25,,,dps,Jan 14 2020 7:29:51.7500 PM,Jan 14 2020 7:29:51.7500 PM,0
35. IMU,IMU_Combo_LPNM25_BUBO_PFM,Combo_LPNM25_PFM_onPUCK_gyro_stdev_x,,PASS,,0.119555,dps-rms,,1e-05,,,dps-rms,Jan 14 2020 7:29:51.7510 PM,Jan 14 2020 7:29:51.7510 PM,0
35. IMU,IMU_Combo_LPNM25_BUBO_PFM,Combo_LPNM25_PFM_onPUCK_gyro_stdev_y,,PASS,,0.104654,dps-rms,,1e-05,,,dps-rms,Jan 14 2020 7:29:51.7510 PM,Jan 14 2020 7:29:51.7510 PM,0
35. IMU,IMU_Combo_LPNM25_BUBO_PFM,Combo_LPNM25_PFM_onPUCK_gyro_stdev_z,,PASS,,0.095516,dps-rms,,1e-05,,,dps-rms,Jan 14 2020 7:29:51.7510 PM,Jan 14 2020 7:29:51.7510 PM,0
35. IMU,IMU_Combo_LPNM25_BUBO_PFM,Combo_LPNM25_PFM_onPUCK_gyro_odr,,PASS,,802.288125,Hz,880,720,,,Hz,Jan 14 2020 7:29:51.7510 PM,Jan 14 2020 7:29:51.7510 PM,0
35. IMU,IMU_Combo_LPNM25_BUBO_PFM,Combo_LPNM25_PFM_onPUCK_gyro_temp,,PASS,,31.366097,C,,5,,,C,Jan 14 2020 7:29:51.7510 PM,Jan 14 2020 7:29:51.7510 PM,0
35. IMU,IMU_Combo_LPNM25_BUBO_PFM,Leave BG quiesce,[EFIDut] event -s leave-bg-quiesce,PASS,,,,,,,,,Jan 14 2020 7:29:51.7540 PM,Jan 14 2020 7:29:51.7870 PM,.0331
35. IMU,IMU_Combo_LPNM25_BUBO_PFM,Evaluate condition: IMU_MANU_ID CONTAINS '0x00E4'-7,,PASS,,,,,,,,,Jan 14 2020 7:29:51.7900 PM,Jan 14 2020 7:29:51.7900 PM,0
35. IMU,IMU_Combo_LPNM25_BUBO_PFM,Exit gyro low noise mode,[EFIDut] sensor --sel gyro --set lpm false,PASS,,,,,,,,,Jan 14 2020 7:29:51.7930 PM,Jan 14 2020 7:29:51.8350 PM,.0419
35. IMU,IMU_Combo_LPNM25_BUBO_PFM,Turn off accelerometer and gyro,"[EFIDut] sensor --sel accel,gyro --turnoff",PASS,,,,,,,,,Jan 14 2020 7:29:51.8390 PM,Jan 14 2020 7:29:51.9470 PM,.1082
36. PRESSURE,,,,,,,,,,,,,Jan 14 2020 7:29:51.9520 PM,Jan 14 2020 7:29:54.6380 PM,2.6853
36. PRESSURE,POTASSIUM,Init Potassium,[EFIDut] sensor --sel pressure2 --init,PASS,,,,,,,,,Jan 14 2020 7:29:51.9550 PM,Jan 14 2020 7:29:52.0060 PM,.0506
36. PRESSURE,POTASSIUM,POTASSIUM_INIT_STATUS,,PASS,,,,,,,,,Jan 14 2020 7:29:52.0100 PM,Jan 14 2020 7:29:52.0100 PM,0
36. PRESSURE,POTASSIUM,Check Pressure Chip_ID,[EFIDut] sensor -s pressure2 --get chip_id,PASS,,,,,,,,,Jan 14 2020 7:29:52.0140 PM,Jan 14 2020 7:29:52.0530 PM,.0394
36. PRESSURE,POTASSIUM,PRESSURE_CHIP_ID,,PASS,,,,,,,,,Jan 14 2020 7:29:52.0560 PM,Jan 14 2020 7:29:52.0560 PM,0
36. PRESSURE,POTASSIUM,Dump Potassium Registers,[EFIDut] sensorreg -s pressure2 --dump,PASS,,,,,,,,,Jan 14 2020 7:29:52.0590 PM,Jan 14 2020 7:29:52.1220 PM,.0626
36. PRESSURE,POTASSIUM,Evaluate condition: PRESSURE_CHIP_ID!='0x30' && PRESSURE_CHIP_ID!='0x28',,PASS,,,,,,,,,Jan 14 2020 7:29:52.1240 PM,Jan 14 2020 7:29:52.1250 PM,.0001
36. PRESSURE,POTASSIUM,IN_PR_Chip_ID,,PASS,,93,NA,,,,,,Jan 14 2020 7:29:52.1280 PM,Jan 14 2020 7:29:52.1280 PM,0
36. PRESSURE,POTASSIUM,Evaluate condition: PRESSURE_CHIP_ID!='0x30' && PRESSURE_CHIP_ID!='0x28'-2,,PASS,,,,,,,,,Jan 14 2020 7:29:52.1300 PM,Jan 14 2020 7:29:52.1300 PM,0
36. PRESSURE,POTASSIUM,IN_PR_Rev_ID,,PASS,,0,NA,,,,,,Jan 14 2020 7:29:52.1330 PM,Jan 14 2020 7:29:52.1330 PM,0
36. PRESSURE,POTASSIUM,Evaluate condition: PRESSURE_CHIP_ID=='0x30',,PASS,,,,,,,,,Jan 14 2020 7:29:52.1350 PM,Jan 14 2020 7:29:52.1350 PM,0
36. PRESSURE,POTASSIUM,IN_EIGER-C_Mfg_ID,Action[7]: Rush:regexFirstMatch-Skip action because Condition not met-Condition: PRESSURE_CHIP_ID=='0x30',PASS,,,,,,,,,Jan 14 2020 7:29:52.1360 PM,Jan 14 2020 7:29:52.1360 PM,0
36. PRESSURE,POTASSIUM,Evaluate condition: PRESSURE_CHIP_ID=='0x30'-2,,PASS,,,,,,,,,Jan 14 2020 7:29:52.1380 PM,Jan 14 2020 7:29:52.1380 PM,0
36. PRESSURE,POTASSIUM,IN_PR_Chip_ID,Action[8]: Rush:regexFirstMatch-Skip action because Condition not met-Condition: PRESSURE_CHIP_ID=='0x30',PASS,,,,,,,,,Jan 14 2020 7:29:52.1390 PM,Jan 14 2020 7:29:52.1390 PM,0
36. PRESSURE,POTASSIUM,Evaluate condition: PRESSURE_CHIP_ID=='0x30'-3,,PASS,,,,,,,,,Jan 14 2020 7:29:52.1400 PM,Jan 14 2020 7:29:52.1400 PM,0
36. PRESSURE,POTASSIUM,IN_PR_Rev_ID,Action[9]: Rush:regexFirstMatch-Skip action because Condition not met-Condition: PRESSURE_CHIP_ID=='0x30',PASS,,,,,,,,,Jan 14 2020 7:29:52.1410 PM,Jan 14 2020 7:29:52.1410 PM,0
36. PRESSURE,POTASSIUM,Evaluate condition: PRESSURE_CHIP_ID=='0x28',,PASS,,,,,,,,,Jan 14 2020 7:29:52.1430 PM,Jan 14 2020 7:29:52.1430 PM,0
36. PRESSURE,POTASSIUM,IN_PR_Mfg_ID,Action[10]: Rush:regexFirstMatch-Skip action because Condition not met-Condition: PRESSURE_CHIP_ID=='0x28',PASS,,,,,,,,,Jan 14 2020 7:29:52.1440 PM,Jan 14 2020 7:29:52.1440 PM,0
36. PRESSURE,POTASSIUM,Evaluate condition: PRESSURE_CHIP_ID=='0x28'-2,,PASS,,,,,,,,,Jan 14 2020 7:29:52.1450 PM,Jan 14 2020 7:29:52.1450 PM,0
36. PRESSURE,POTASSIUM,IN_PR_Chip_ID,Action[11]: Rush:regexFirstMatch-Skip action because Condition not met-Condition: PRESSURE_CHIP_ID=='0x28',PASS,,,,,,,,,Jan 14 2020 7:29:52.1460 PM,Jan 14 2020 7:29:52.1460 PM,0
36. PRESSURE,POTASSIUM,Evaluate condition: PRESSURE_CHIP_ID=='0x28'-3,,PASS,,,,,,,,,Jan 14 2020 7:29:52.1480 PM,Jan 14 2020 7:29:52.1480 PM,0
36. PRESSURE,POTASSIUM,IN_PR_Trim_Rev,Action[12]: Rush:regexFirstMatch-Skip action because Condition not met-Condition: PRESSURE_CHIP_ID=='0x28',PASS,,,,,,,,,Jan 14 2020 7:29:52.1490 PM,Jan 14 2020 7:29:52.1490 PM,0
36. PRESSURE,POTASSIUM,Potassium Connectivty,[EFIDut] sensor --sel pressure2 --c,PASS,,,,,,,,,Jan 14 2020 7:29:52.1520 PM,Jan 14 2020 7:29:52.2040 PM,.0519
36. PRESSURE,POTASSIUM,POTASSIUM_CONN_TEST_RESULT,,PASS,,,,,,,,,Jan 14 2020 7:29:52.2070 PM,Jan 14 2020 7:29:52.2070 PM,0
36. PRESSURE,POTASSIUM,Sample Potassium Data,[EFIDut] sensor --sel pressure2 --sample 50 --stats,PASS,,,,,,,,,Jan 14 2020 7:29:52.2100 PM,Jan 14 2020 7:29:54.5450 PM,2.3349
36. PRESSURE,POTASSIUM,IN_PR_odr,,PASS,,25.074361,NA,32.5,22.5,,,NA,Jan 14 2020 7:29:54.5490 PM,Jan 14 2020 7:29:54.5490 PM,0
36. PRESSURE,POTASSIUM,IN_PR_press_average,,PASS,,94.998574,kPa,110,90,,,kPa,Jan 14 2020 7:29:54.5520 PM,Jan 14 2020 7:29:54.5520 PM,0
36. PRESSURE,POTASSIUM,IN_PR_temp_average,,PASS,,25.685859,C,45,15,,,C,Jan 14 2020 7:29:54.5550 PM,Jan 14 2020 7:29:54.5550 PM,0
36. PRESSURE,POTASSIUM,FR_POTASSIUM_STD_kPA,,PASS,,0.001549,NA,,,,,NA,Jan 14 2020 7:29:54.5580 PM,Jan 14 2020 7:29:54.5580 PM,0
36. PRESSURE,POTASSIUM,IN_PR_temp_std,,PASS,,0.012428,C.rms,0.175,0,,,C.rms,Jan 14 2020 7:29:54.5620 PM,Jan 14 2020 7:29:54.5620 PM,0
36. PRESSURE,POTASSIUM,IN_PR_press_max,,PASS,,95.00128100000001,kPa,110,90,,,kPa,Jan 14 2020 7:29:54.5650 PM,Jan 14 2020 7:29:54.5650 PM,0
36. PRESSURE,POTASSIUM,IN_PR_press_min,,PASS,,94.99475,C,110,90,,,C,Jan 14 2020 7:29:54.5680 PM,Jan 14 2020 7:29:54.5680 PM,0
36. PRESSURE,POTASSIUM,IK_Range_kPA,,PASS,,0.00653,NA,,,,,,Jan 14 2020 7:29:54.5720 PM,Jan 14 2020 7:29:54.5720 PM,0
36. PRESSURE,POTASSIUM,FR_Potassium_bad_sample,,PASS,,0,NA,0,0,,,NA,Jan 14 2020 7:29:54.5750 PM,Jan 14 2020 7:29:54.5750 PM,0
36. PRESSURE,POTASSIUM,Calculate expression: (value0*1000),,PASS,,,,,,,,,Jan 14 2020 7:29:54.5800 PM,Jan 14 2020 7:29:54.5800 PM,.0001
36. PRESSURE,POTASSIUM,IN_PR_press_std,,PASS,,1.549,kPa.rms,4.5,0.001,,,kPa.rms,Jan 14 2020 7:29:54.5820 PM,Jan 14 2020 7:29:54.5820 PM,0
36. PRESSURE,POTASSIUM,Calculate expression: (value0*1000)-2,,PASS,,,,,,,,,Jan 14 2020 7:29:54.5880 PM,Jan 14 2020 7:29:54.5880 PM,.0001
36. PRESSURE,POTASSIUM,IN_PR_range,,PASS,,6.53,Pa,200,0.001,,,Pa,Jan 14 2020 7:29:54.5890 PM,Jan 14 2020 7:29:54.5890 PM,0
36. PRESSURE,POTASSIUM,Turn OFF Sensors (Potassium),[EFIDut] sensor --sel pressure2 --turnoff,PASS,,,,,,,,,Jan 14 2020 7:29:54.5920 PM,Jan 14 2020 7:29:54.6370 PM,.0446
37. COMPASS,,,,,,,,,,,,,Jan 14 2020 7:29:54.6410 PM,Jan 14 2020 7:29:57.5060 PM,2.865
37. COMPASS,MOLYBDENUM,Turn on compass sensor,[EFIDut] sensor --sel compass --init,PASS,,,,,,,,,Jan 14 2020 7:29:54.6440 PM,Jan 14 2020 7:29:54.6950 PM,.0506
37. COMPASS,MOLYBDENUM,COMPASS_INIT_STATUS,,PASS,,,,,,,,,Jan 14 2020 7:29:54.7000 PM,Jan 14 2020 7:29:54.7000 PM,0
37. COMPASS,MOLYBDENUM,Get compass chip info,[EFIDut] sensor --sel compass --get,PASS,,,,,,,,,Jan 14 2020 7:29:54.7040 PM,Jan 14 2020 7:29:54.7480 PM,.0443
37. COMPASS,MOLYBDENUM,COMPASS_CHIP_ID,,PASS,,,,,,,,,Jan 14 2020 7:29:54.7520 PM,Jan 14 2020 7:29:54.7520 PM,0
37. COMPASS,MOLYBDENUM,Check compass connectivity,[EFIDut] sensor --sel compass --conntest,PASS,,,,,,,,,Jan 14 2020 7:29:54.7550 PM,Jan 14 2020 7:29:54.8540 PM,.099
37. COMPASS,MOLYBDENUM,COMPASS_CONN_STATUS,,PASS,,,,,,,,,Jan 14 2020 7:29:54.8580 PM,Jan 14 2020 7:29:54.8580 PM,0
37. COMPASS,MOLYBDENUM,Run Compass selftest,[EFIDut] sensor --sel compass --exectest selftest,PASS,,,,,,,,,Jan 14 2020 7:29:54.8610 PM,Jan 14 2020 7:29:57.4910 PM,2.6306
37. COMPASS,MOLYBDENUM,Compass_Self_PMN_X,,PASS,,0,NA,,,,,,Jan 14 2020 7:29:57.4960 PM,Jan 14 2020 7:29:57.4960 PM,0
37. COMPASS,MOLYBDENUM,Compass_Self_PMN_Y,,PASS,,90.3,NA,,,,,,Jan 14 2020 7:29:57.4990 PM,Jan 14 2020 7:29:57.4990 PM,0
37. COMPASS,MOLYBDENUM,Compass_Self_PMN_Z,,PASS,,136.0499,NA,,,,,,Jan 14 2020 7:29:57.5030 PM,Jan 14 2020 7:29:57.5030 PM,0
37. COMPASS,MOLYBDENUM,COMPAS_SELFTEST_STATUS,,PASS,,,,,,,,,Jan 14 2020 7:29:57.5060 PM,Jan 14 2020 7:29:57.5060 PM,0
38. COMPASS,,,,,,,,,,,,,Jan 14 2020 7:29:57.5100 PM,Jan 14 2020 7:29:57.6520 PM,.1424
38. COMPASS,QUIESCE_SYSTEM-2,Turn OFF Sensors (compass),[EFIDut] sensor --sel compass --turnoff,PASS,,,,,,,,,Jan 14 2020 7:29:57.5130 PM,Jan 14 2020 7:29:57.5520 PM,.0394
38. COMPASS,QUIESCE_SYSTEM-2,Turn OFF Sensors (lisa),[EFIDut] sensor --sel lisa --turnoff,PASS,,,,,,,,,Jan 14 2020 7:29:57.5560 PM,Jan 14 2020 7:29:57.5970 PM,.0408
38. COMPASS,QUIESCE_SYSTEM-2,Turn OFF Sensors (platinum),[EFIDut] sensor --sel platinum --turnoff,PASS,,,,,,,,,Jan 14 2020 7:29:57.6040 PM,Jan 14 2020 7:29:57.6510 PM,.047
39. CODEC,,,,,,,,,,,,,Jan 14 2020 7:29:57.6540 PM,Jan 14 2020 7:29:58.1590 PM,.505
39. CODEC,ARDMORE_TEST,Reset and Init Ardmore (DMIC in low power mode),[EFIDut] audio -r;socgpio --port 1 --pin 103 --output 1,PASS,,,,,,,,,Jan 14 2020 7:29:57.6590 PM,Jan 14 2020 7:29:57.7750 PM,.1166
39. CODEC,ARDMORE_TEST,Enable boots1to the routeaudio,[EFIDut] audioparam --block codec --set --param enable-boost1 --value true,PASS,,,,,,,,,Jan 14 2020 7:29:57.7800 PM,Jan 14 2020 7:29:57.8180 PM,.0379
39. CODEC,ARDMORE_TEST,Read Ardmore Voltages,[EFIDut] pmuadc --read buck3;pmuadc --read ldo6;pmuadc --read appmux_in2; pmuadc --read vddout,PASS,,,,,,,,,Jan 14 2020 7:29:57.8220 PM,Jan 14 2020 7:29:57.8990 PM,.0773
39. CODEC,ARDMORE_TEST,INIT_ARDMORE_PMUADC_BUCK3_SW3A,,PASS,,1794.4636,mV,1810,1770,,,mV,Jan 14 2020 7:29:57.9030 PM,Jan 14 2020 7:29:57.9030 PM,0
39. CODEC,ARDMORE_TEST,INIT_ARDMORE_PMUADC_LDO6,,PASS,,1800.7058,mV,1850,1750,,,mV,Jan 14 2020 7:29:57.9060 PM,Jan 14 2020 7:29:57.9060 PM,0
39. CODEC,ARDMORE_TEST,INIT_ARDMORE_PMUADC_APPMUX_IN2,,PASS,,2548.6794,mV,2750,2400,,,mV,Jan 14 2020 7:29:57.9090 PM,Jan 14 2020 7:29:57.9090 PM,0
39. CODEC,ARDMORE_TEST,INIT_ARDMORE_PMUADC_VDDOUT,,PASS,,3961.691,mV,5000,3500,,,mV,Jan 14 2020 7:29:57.9120 PM,Jan 14 2020 7:29:57.9120 PM,0
39. CODEC,ARDMORE_TEST,Read Ardmore Currents,[EFIDut] pmuadc --read ibuck3 --stats 50;pmuadc --read ildo6 --stats 50,PASS,,,,,,,,,Jan 14 2020 7:29:57.9150 PM,Jan 14 2020 7:29:58.0970 PM,.1817
39. CODEC,ARDMORE_TEST,INIT_ARDMORE_PMUADC_IBUCK3,,PASS,,15.2322,mA,22,3,,,mA,Jan 14 2020 7:29:58.1000 PM,Jan 14 2020 7:29:58.1000 PM,0
39. CODEC,ARDMORE_TEST,INIT_ARDMORE_PMUADC_ILDO6,,PASS,,7.0788,mA,15,0,,,mA,Jan 14 2020 7:29:58.1040 PM,Jan 14 2020 7:29:58.1040 PM,0
39. CODEC,ARDMORE_TEST,Read Ardmore ATE Rev and ID,[EFIDut] audioreg -b codec -r -a 0x2001;audioreg -b codec -r -a 0x2002,PASS,,,,,,,,,Jan 14 2020 7:29:58.1070 PM,Jan 14 2020 7:29:58.1520 PM,.0458
39. CODEC,ARDMORE_TEST,ARDMORE_CHIP_ID_HI,,PASS,,,,,,,,,Jan 14 2020 7:29:58.1560 PM,Jan 14 2020 7:29:58.1560 PM,0
39. CODEC,ARDMORE_TEST,ARDMORE_CHIP_ID_LO,,PASS,,,,,,,,,Jan 14 2020 7:29:58.1590 PM,Jan 14 2020 7:29:58.1590 PM,0
40. SPAM,,,,,,,,,,,,,Jan 14 2020 7:29:58.1620 PM,Jan 14 2020 7:29:58.2340 PM,.0726
40. SPAM,BASEBAND,EFIDut,close,PASS,,,,,,,,,Jan 14 2020 7:29:58.1640 PM,Jan 14 2020 7:29:58.1650 PM,.0003
40. SPAM,BASEBAND,Evaluate condition: (DUT_TYPE CONTAINS 'N142') && (MLB_CFG!='KR11') && (MLB_CFG!='KR31') && (MLB_CFG!='KR21') && (MLB_CFG!='KR41'),,PASS,,,,,,,,,Jan 14 2020 7:29:58.1670 PM,Jan 14 2020 7:29:58.1670 PM,.0001
40. SPAM,BASEBAND,BASEBAND,Action[1]: Rush:system_command-Skip action because Condition not met-Condition: (DUT_TYPE CONTAINS 'N142') && (MLB_CFG!='KR11') && (MLB_CFG!='KR31') && (MLB_CFG!='KR21') && (MLB_CFG!='KR41'),PASS,,,,,,,,,Jan 14 2020 7:29:58.1680 PM,Jan 14 2020 7:29:58.1680 PM,0
40. SPAM,BASEBAND,Evaluate condition: (DUT_TYPE CONTAINS 'N142') && (MLB_CFG!='KR11') && (MLB_CFG!='KR31') && (MLB_CFG!='KR21') && (MLB_CFG!='KR41')-2,,PASS,,,,,,,,,Jan 14 2020 7:29:58.1700 PM,Jan 14 2020 7:29:58.1700 PM,.0001
40. SPAM,BASEBAND,Sleep 2s for enable SPAM Debug Power,Action[2]: Rush:sleep_ms-Skip action because Condition not met-Condition: (DUT_TYPE CONTAINS 'N142') && (MLB_CFG!='KR11') && (MLB_CFG!='KR31') && (MLB_CFG!='KR21') && (MLB_CFG!='KR41'),PASS,,,,,,,,,Jan 14 2020 7:29:58.1710 PM,Jan 14 2020 7:29:58.1710 PM,0
40. SPAM,BASEBAND,EFIDut,open,PASS,,,,,,,,,Jan 14 2020 7:29:58.1740 PM,Jan 14 2020 7:29:58.2330 PM,.0591
41. SENSOR,,,,,,,,,,,,,Jan 14 2020 7:29:58.2370 PM,Jan 14 2020 7:30:00.2970 PM,2.0604
41. SENSOR,CARNELIAN,Initialize Carnelian,[EFIDut] sensor --sel platinum --init;,PASS,,,,,,,,,Jan 14 2020 7:29:58.2400 PM,Jan 14 2020 7:29:59.7390 PM,1.4984
41. SENSOR,CARNELIAN,Set up Carnelian,[EFIDut] sensorreg -s platinum --write 0xC2 0x0000; sensorreg -s platinum --write 0xC6 0x0000,PASS,,,,,,,,,Jan 14 2020 7:29:59.7420 PM,Jan 14 2020 7:29:59.7980 PM,.0554
41. SENSOR,CARNELIAN,run bcm_test for 100ms,"[EFIDut] sensor --sel platinum -e bcm_test --testopts ""--time 100 --avg 100 --start 1""",PASS,,,,,,,,,Jan 14 2020 7:29:59.8010 PM,Jan 14 2020 7:30:00.1560 PM,.3547
41. SENSOR,CARNELIAN,X1013_DCS_LON_SIG_AVG_HR00,,PASS,,2331098.79,NA,,20000,,,NA,Jan 14 2020 7:30:00.1600 PM,Jan 14 2020 7:30:00.1600 PM,0
41. SENSOR,CARNELIAN,X1013_DCS_LON_SIG_AVGG_HR10,,PASS,,7703502.95,NA,,20000,,,NA,Jan 14 2020 7:30:00.1630 PM,Jan 14 2020 7:30:00.1630 PM,0
41. SENSOR,CARNELIAN,X1013_DCS_LON_SIG_AVGG_HR20,,PASS,,6866454.24,NA,,20000,,,NA,Jan 14 2020 7:30:00.1660 PM,Jan 14 2020 7:30:00.1660 PM,0
41. SENSOR,CARNELIAN,X1013_DCS_LON_SIG_AVGG_HR30,,PASS,,7038894.83,NA,,20000,,,NA,Jan 14 2020 7:30:00.1690 PM,Jan 14 2020 7:30:00.1690 PM,0
41. SENSOR,CARNELIAN,X1013_DCS_LON_SIG_AVGG_HR40,,PASS,,6837462.16,NA,,20000,,,NA,Jan 14 2020 7:30:00.1720 PM,Jan 14 2020 7:30:00.1720 PM,0
41. SENSOR,CARNELIAN,X1013_DCS_LON_SIG_AVGG_HR50,,PASS,,6895773.16,NA,,20000,,,NA,Jan 14 2020 7:30:00.1750 PM,Jan 14 2020 7:30:00.1750 PM,0
41. SENSOR,CARNELIAN,X1013_DCS_LON_SIG_AVGG_HR01,,PASS,,2456362.95,NA,,20000,,,NA,Jan 14 2020 7:30:00.1780 PM,Jan 14 2020 7:30:00.1780 PM,0
41. SENSOR,CARNELIAN,X1013_DCS_LON_SIG_AVGG_HR11,,PASS,,5179158.83,NA,,20000,,,NA,Jan 14 2020 7:30:00.1810 PM,Jan 14 2020 7:30:00.1810 PM,0
41. SENSOR,CARNELIAN,X1013_DCS_LON_SIG_AVGG_HR21,,PASS,,7096708.67,NA,,20000,,,NA,Jan 14 2020 7:30:00.1840 PM,Jan 14 2020 7:30:00.1840 PM,0
41. SENSOR,CARNELIAN,X1013_DCS_LON_SIG_AVGG_HR31,,PASS,,6904906.28,NA,,20000,,,NA,Jan 14 2020 7:30:00.1870 PM,Jan 14 2020 7:30:00.1870 PM,0
41. SENSOR,CARNELIAN,X1013_DCS_LON_SIG_AVGG_HR41,,PASS,,7160897.79,NA,,20000,,,NA,Jan 14 2020 7:30:00.1900 PM,Jan 14 2020 7:30:00.1900 PM,0
41. SENSOR,CARNELIAN,X1013_DCS_LON_SIG_AVGG_HR51,,PASS,,6674248,NA,,20000,,,NA,Jan 14 2020 7:30:00.1930 PM,Jan 14 2020 7:30:00.1930 PM,0
41. SENSOR,CARNELIAN,platinum off,[EFIDut] sensor --sel platinum --turnoff,PASS,,,,,,,,,Jan 14 2020 7:30:00.1960 PM,Jan 14 2020 7:30:00.2400 PM,.0436
41. SENSOR,CARNELIAN,Audio off,[EFIDut] audio -f,PASS,,,,,,,,,Jan 14 2020 7:30:00.2430 PM,Jan 14 2020 7:30:00.2960 PM,.053
42. BUTTON,,,,,,,,,,,,,Jan 14 2020 7:30:00.3010 PM,Jan 14 2020 7:30:03.2480 PM,2.9466
42. BUTTON,BUTTONS_CHECK,Check IDLE Button,[EFIDut] i2c -z 2 -d 5 0x3c 0x1907 1,PASS,,,,,,,,,Jan 14 2020 7:30:00.3050 PM,Jan 14 2020 7:30:00.3530 PM,.0474
42. BUTTON,BUTTONS_CHECK,BUTTON_1_2_STAT,,PASS,,10000111,NA,,,,,,Jan 14 2020 7:30:00.3610 PM,Jan 14 2020 7:30:00.3610 PM,0
42. BUTTON,BUTTONS_CHECK,IDLEBUTTON_1_EXPECT_1_1,,PASS,,1,NA,1,1,,,NA,Jan 14 2020 7:30:00.3610 PM,Jan 14 2020 7:30:00.3610 PM,0
42. BUTTON,BUTTONS_CHECK,IDLEBUTTON_2_EXPECT_1_1,,PASS,,1,NA,1,1,,,NA,Jan 14 2020 7:30:00.3610 PM,Jan 14 2020 7:30:00.3610 PM,0
42. BUTTON,BUTTONS_CHECK,Fixture Press Button2,[Fixture] Button2 ON,PASS,,,,,,,,,Jan 14 2020 7:30:00.3670 PM,Jan 14 2020 7:30:02.4170 PM,2.0506
42. BUTTON,BUTTONS_CHECK,Check Press Button 2,[EFIDut] pmustat btn,PASS,,,,,,,,,Jan 14 2020 7:30:02.4210 PM,Jan 14 2020 7:30:02.4610 PM,.0404
42. BUTTON,BUTTONS_CHECK,BUTTON_2_EXPECT_1_0,,PASS,,0,NA,0,0,,,NA,Jan 14 2020 7:30:02.4650 PM,Jan 14 2020 7:30:02.4650 PM,0
42. BUTTON,BUTTONS_CHECK,Fixture Release Button2,[Fixture] Button2 OFF,PASS,,,,,,,,,Jan 14 2020 7:30:02.4680 PM,Jan 14 2020 7:30:03.2000 PM,.7321
42. BUTTON,BUTTONS_CHECK,Check Release Button 2,[EFIDut] pmustat btn,PASS,,,,,,,,,Jan 14 2020 7:30:03.2040 PM,Jan 14 2020 7:30:03.2440 PM,.0393
42. BUTTON,BUTTONS_CHECK,BUTTON_2_EXPECT_1_1,,PASS,,1,NA,1,1,,,NA,Jan 14 2020 7:30:03.2470 PM,Jan 14 2020 7:30:03.2470 PM,0
43. BUTTON,,,,,,,,,,,,,Jan 14 2020 7:30:03.2500 PM,Jan 14 2020 7:30:05.1800 PM,1.93
43. BUTTON,DOUBLE_CLICK,Configure Double Click Timing to 400ms. Note 400ms is the max setting,[EFIDut] pmureg -w 0 0x1902 0x19,PASS,,,,,,,,,Jan 14 2020 7:30:03.2530 PM,Jan 14 2020 7:30:03.2760 PM,.0228
43. BUTTON,DOUBLE_CLICK,Double Click the Button1,[Fixture] Button1 Twice,PASS,,,,,,,,,Jan 14 2020 7:30:03.2800 PM,Jan 14 2020 7:30:05.1350 PM,1.854
43. BUTTON,DOUBLE_CLICK,Read PMU register for Double Click Event Button1,[EFIDut] pmureg -r 0 0x1902,PASS,,,,,,,,,Jan 14 2020 7:30:05.1380 PM,Jan 14 2020 7:30:05.1740 PM,.0355
43. BUTTON,DOUBLE_CLICK,PMU_BUTTON_EVENT_DET_BUTTON_1,,PASS,,,,,,,,,Jan 14 2020 7:30:05.1790 PM,Jan 14 2020 7:30:05.1790 PM,0
43. BUTTON,DOUBLE_CLICK,DOUBLE_CLICK_DET_EVENT_BUTTON_1,,PASS,,1,NA,1,1,,,NA,Jan 14 2020 7:30:05.1800 PM,Jan 14 2020 7:30:05.1800 PM,0
44. RADIO,,,,,,,,,,,,,Jan 14 2020 7:30:05.1820 PM,Jan 14 2020 7:30:06.7380 PM,1.5557
44. RADIO,GERMANIUM,Evaluate condition: DUT_TYPE CONTAINS '140',,PASS,,,,,,,,,Jan 14 2020 7:30:05.1840 PM,Jan 14 2020 7:30:05.1840 PM,0
44. RADIO,GERMANIUM,Turn Germanium ON,[EFIDut] gps --off;gps --on,PASS,,,,,,,,,Jan 14 2020 7:30:05.1870 PM,Jan 14 2020 7:30:05.2850 PM,.0979
44. RADIO,GERMANIUM,Evaluate condition: DUT_TYPE CONTAINS '140'-2,,PASS,,,,,,,,,Jan 14 2020 7:30:05.2880 PM,Jan 14 2020 7:30:05.2880 PM,0
44. RADIO,GERMANIUM,Germanium Test,[EFIDut] gps --exectest load_firmware,PASS,,,,,,,,,Jan 14 2020 7:30:05.2910 PM,Jan 14 2020 7:30:06.6660 PM,1.3748
44. RADIO,GERMANIUM,Evaluate condition: DUT_TYPE CONTAINS '140'-3,,PASS,,,,,,,,,Jan 14 2020 7:30:06.6690 PM,Jan 14 2020 7:30:06.6690 PM,0
44. RADIO,GERMANIUM,Evaluate condition: DUT_TYPE CONTAINS '140'-4,,PASS,,,,,,,,,Jan 14 2020 7:30:06.6730 PM,Jan 14 2020 7:30:06.6730 PM,0
44. RADIO,GERMANIUM,GPS_FIRMWARE_VERSION,,PASS,,,,,,,,,Jan 14 2020 7:30:06.6760 PM,Jan 14 2020 7:30:06.6760 PM,0
44. RADIO,GERMANIUM,Evaluate condition: DUT_TYPE CONTAINS '140'-5,,PASS,,,,,,,,,Jan 14 2020 7:30:06.6790 PM,Jan 14 2020 7:30:06.6790 PM,0
44. RADIO,GERMANIUM,Germanium Test,[EFIDut] gps --ping;gps --off,PASS,,,,,,,,,Jan 14 2020 7:30:06.6830 PM,Jan 14 2020 7:30:06.7370 PM,.0533
45. RADIO,,,,,,,,,,,,,Jan 14 2020 7:30:06.7410 PM,Jan 14 2020 7:30:06.7460 PM,.0059
45. RADIO,BASEBAND_1,Evaluate condition: DUT_TYPE CONTAINS '142',,PASS,,,,,,,,,Jan 14 2020 7:30:06.7420 PM,Jan 14 2020 7:30:06.7420 PM,0
45. RADIO,BASEBAND_1,Baseband Quick Test and Properties,Action[0]: EFIDut:sendCommand-Skip action because Condition not met-Condition: DUT_TYPE CONTAINS '142',PASS,,,,,,,,,Jan 14 2020 7:30:06.7430 PM,Jan 14 2020 7:30:06.7430 PM,0
45. RADIO,BASEBAND_1,Evaluate condition: DUT_TYPE CONTAINS '142'-2,,PASS,,,,,,,,,Jan 14 2020 7:30:06.7450 PM,Jan 14 2020 7:30:06.7450 PM,0
45. RADIO,BASEBAND_1,BASEBAND_SERIAL_NO,Action[1]: Rush:regexFirstMatch-Skip action because Condition not met-Condition: DUT_TYPE CONTAINS '142',PASS,,,,,,,,,Jan 14 2020 7:30:06.7460 PM,Jan 14 2020 7:30:06.7460 PM,0
46. RADIO,,,,,,,,,,,,,Jan 14 2020 7:30:06.7490 PM,Jan 14 2020 7:30:06.7560 PM,.007
46. RADIO,VINYL_TEST_1,Evaluate condition: DUT_TYPE CONTAINS '142',,PASS,,,,,,,,,Jan 14 2020 7:30:06.7510 PM,Jan 14 2020 7:30:06.7510 PM,0
46. RADIO,VINYL_TEST_1,Vinyl Check Test,Action[0]: EFIDut:sendCommand-Skip action because Condition not met-Condition: DUT_TYPE CONTAINS '142',PASS,,,,,,,,,Jan 14 2020 7:30:06.7520 PM,Jan 14 2020 7:30:06.7520 PM,0
46. RADIO,VINYL_TEST_1,Evaluate condition: DUT_TYPE CONTAINS '142'-2,,PASS,,,,,,,,,Jan 14 2020 7:30:06.7540 PM,Jan 14 2020 7:30:06.7540 PM,0
46. RADIO,VINYL_TEST_1,VINYL_CHECK_STATUS,Action[1]: Rush:regexFirstMatch-Skip action because Condition not met-Condition: DUT_TYPE CONTAINS '142',PASS,,,,,,,,,Jan 14 2020 7:30:06.7550 PM,Jan 14 2020 7:30:06.7550 PM,0
47. RADIO,,,,,,,,,,,,,Jan 14 2020 7:30:06.7580 PM,Jan 14 2020 7:30:06.7840 PM,.0259
47. RADIO,BASEBAND_2,Evaluate condition: DUT_TYPE CONTAINS '142',,PASS,,,,,,,,,Jan 14 2020 7:30:06.7600 PM,Jan 14 2020 7:30:06.7600 PM,0
47. RADIO,BASEBAND_2,init BCM ANT connection test,Action[0]: EFIDut:sendCommand-Skip action because Condition not met-Condition: DUT_TYPE CONTAINS '142',PASS,,,,,,,,,Jan 14 2020 7:30:06.7610 PM,Jan 14 2020 7:30:06.7610 PM,0
47. RADIO,BASEBAND_2,Evaluate condition: DUT_TYPE CONTAINS '142'-2,,PASS,,,,,,,,,Jan 14 2020 7:30:06.7630 PM,Jan 14 2020 7:30:06.7630 PM,0
47. RADIO,BASEBAND_2,scan BCM ANT Tunner,Action[1]: EFIDut:sendCommand-Skip action because Condition not met-Condition: DUT_TYPE CONTAINS '142',PASS,,,,,,,,,Jan 14 2020 7:30:06.7640 PM,Jan 14 2020 7:30:06.7640 PM,0
47. RADIO,BASEBAND_2,Evaluate condition: DUT_TYPE CONTAINS '142'-3,,PASS,,,,,,,,,Jan 14 2020 7:30:06.7660 PM,Jan 14 2020 7:30:06.7660 PM,0
47. RADIO,BASEBAND_2,TUNNER_CHECK_1,Action[2]: Rush:regexFirstMatch-Skip action because Condition not met-Condition: DUT_TYPE CONTAINS '142',PASS,,,,,,,,,Jan 14 2020 7:30:06.7680 PM,Jan 14 2020 7:30:06.7680 PM,0
47. RADIO,BASEBAND_2,Evaluate condition: DUT_TYPE CONTAINS '142'-4,,PASS,,,,,,,,,Jan 14 2020 7:30:06.7700 PM,Jan 14 2020 7:30:06.7700 PM,0
47. RADIO,BASEBAND_2,TUNNER_CHECK_2,Action[3]: Rush:regexFirstMatch-Skip action because Condition not met-Condition: DUT_TYPE CONTAINS '142',PASS,,,,,,,,,Jan 14 2020 7:30:06.7710 PM,Jan 14 2020 7:30:06.7710 PM,0
47. RADIO,BASEBAND_2,Evaluate condition: DUT_TYPE CONTAINS '142'-5,,PASS,,,,,,,,,Jan 14 2020 7:30:06.7730 PM,Jan 14 2020 7:30:06.7730 PM,0
47. RADIO,BASEBAND_2,TUNNER_CHECK_3,Action[4]: Rush:regexFirstMatch-Skip action because Condition not met-Condition: DUT_TYPE CONTAINS '142',PASS,,,,,,,,,Jan 14 2020 7:30:06.7740 PM,Jan 14 2020 7:30:06.7740 PM,0
47. RADIO,BASEBAND_2,Evaluate condition: DUT_TYPE CONTAINS '142'-6,,PASS,,,,,,,,,Jan 14 2020 7:30:06.7760 PM,Jan 14 2020 7:30:06.7760 PM,0
47. RADIO,BASEBAND_2,TUNNER_CHECK_4,Action[5]: Rush:regexFirstMatch-Skip action because Condition not met-Condition: DUT_TYPE CONTAINS '142',PASS,,,,,,,,,Jan 14 2020 7:30:06.7770 PM,Jan 14 2020 7:30:06.7770 PM,0
47. RADIO,BASEBAND_2,Evaluate condition: DUT_TYPE CONTAINS '142'-7,,PASS,,,,,,,,,Jan 14 2020 7:30:06.7790 PM,Jan 14 2020 7:30:06.7790 PM,0
47. RADIO,BASEBAND_2,TUNNER_CHECK_5,Action[6]: Rush:regexFirstMatch-Skip action because Condition not met-Condition: DUT_TYPE CONTAINS '142',PASS,,,,,,,,,Jan 14 2020 7:30:06.7800 PM,Jan 14 2020 7:30:06.7800 PM,0
47. RADIO,BASEBAND_2,Evaluate condition: DUT_TYPE CONTAINS '142'-8,,PASS,,,,,,,,,Jan 14 2020 7:30:06.7820 PM,Jan 14 2020 7:30:06.7820 PM,0
47. RADIO,BASEBAND_2,TUNNER_CHECK_6,Action[7]: Rush:regexFirstMatch-Skip action because Condition not met-Condition: DUT_TYPE CONTAINS '142',PASS,,,,,,,,,Jan 14 2020 7:30:06.7840 PM,Jan 14 2020 7:30:06.7840 PM,0
48. RADIO,,,,,,,,,,,,,Jan 14 2020 7:30:06.7870 PM,Jan 14 2020 7:30:06.7900 PM,.0029
48. RADIO,VINYL_TEST_2,Evaluate condition: DUT_TYPE CONTAINS '142',,PASS,,,,,,,,,Jan 14 2020 7:30:06.7890 PM,Jan 14 2020 7:30:06.7890 PM,0
48. RADIO,VINYL_TEST_2,Turn off Baseband when done,Action[0]: EFIDut:sendCommand-Skip action because Condition not met-Condition: DUT_TYPE CONTAINS '142',PASS,,,,,,,,,Jan 14 2020 7:30:06.7900 PM,Jan 14 2020 7:30:06.7900 PM,0
49. POWER,,,,,,,,,,,,,Jan 14 2020 7:30:06.7920 PM,Jan 14 2020 7:30:06.8350 PM,.0433
49. POWER,END_QUIESCE_SYSTEM,clear the debug interrupt,[EFIDut] tristar -r '0x0d',PASS,,,,,,,,,Jan 14 2020 7:30:06.7950 PM,Jan 14 2020 7:30:06.8330 PM,.0387
50. Process,,,,,,,,,,,,,Jan 14 2020 7:30:06.8380 PM,Jan 14 2020 7:30:06.9460 PM,.108
50. Process,SET_NVRAM,Set Auto-Boot to false,[EFIDut] nvram --set auto-boot false,PASS,,,,,,,,,Jan 14 2020 7:30:06.8410 PM,Jan 14 2020 7:30:06.8640 PM,.0239
50. Process,SET_NVRAM,NVRAM save,[EFIDut] nvram --save,PASS,,,,,,,,,Jan 14 2020 7:30:06.8690 PM,Jan 14 2020 7:30:06.9440 PM,.0756
51. Process,,,,,,,,,,,,,Jan 14 2020 7:30:06.9480 PM,Jan 14 2020 7:30:07.0600 PM,.1123
51. Process,Dut Close-2,EFIDut,close,PASS,,,,,,,,,Jan 14 2020 7:30:06.9510 PM,Jan 14 2020 7:30:06.9510 PM,.0003
51. Process,Dut Close-2,Delay 100ms,,PASS,,,,,,,,,Jan 14 2020 7:30:06.9550 PM,Jan 14 2020 7:30:06.9550 PM,0
52. Process,,,,,,,,,,,,,Jan 14 2020 7:30:07.0620 PM,Jan 14 2020 7:30:07.1230 PM,.0603
52. Process,Copy Log,Create Folder,mkdir -p /Users/gdlocal/TestLog/AtlasLogs-N0G72YP765-2020-01-14-193007,PASS,,,,,,,,,Jan 14 2020 7:30:07.0720 PM,Jan 14 2020 7:30:07.0770 PM,.0052
52. Process,Copy Log,Copy Attributes.csv To Folder,cp /vault/Atlas/Hyperion/Unit_1_F04AE5/AtlasLogs/Attributes.csv /Users/gdlocal/TestLog/AtlasLogs-N0G72YP765-2020-01-14-193007/Attributes-QT0-N0G72YP765.csv,PASS,,,,,,,,,Jan 14 2020 7:30:07.0790 PM,Jan 14 2020 7:30:07.0840 PM,.005
52. Process,Copy Log,Copy Failures.csv To Folder,cp /vault/Atlas/Hyperion/Unit_1_F04AE5/AtlasLogs/Failures.csv /Users/gdlocal/TestLog/AtlasLogs-N0G72YP765-2020-01-14-193007/Failures-QT0-N0G72YP765.csv,PASS,,,,,,,,,Jan 14 2020 7:30:07.0850 PM,Jan 14 2020 7:30:07.0900 PM,.0048
52. Process,Copy Log,Copy unit.log To Folder,cp /vault/Atlas/Hyperion/Unit_1_F04AE5/AtlasLogs/unit.log /Users/gdlocal/TestLog/AtlasLogs-N0G72YP765-2020-01-14-193007/unit-QT0-N0G72YP765.log,PASS,,,,,,,,,Jan 14 2020 7:30:07.0920 PM,Jan 14 2020 7:30:07.1000 PM,.008
52. Process,Copy Log,Copy pdcaSummary.csv To Folder,cp /vault/Atlas/Hyperion/Unit_1_F04AE5/AtlasLogs/Plugins/DRCB/pdcaSummary.csv /Users/gdlocal/TestLog/AtlasLogs-N0G72YP765-2020-01-14-193007/pdcaSummary-QT0-N0G72YP765.csv,PASS,,,,,,,,,Jan 14 2020 7:30:07.1020 PM,Jan 14 2020 7:30:07.1070 PM,.0051
52. Process,Copy Log,Copy rawuart.log To Folder,cp /vault/Atlas/Hyperion/Unit_1_F04AE5/AtlasLogs/Plugins/EFIDut/rawuart.log /Users/gdlocal/TestLog/AtlasLogs-N0G72YP765-2020-01-14-193007/rawuart-QT0-N0G72YP765.log,PASS,,,,,,,,,Jan 14 2020 7:30:07.1090 PM,Jan 14 2020 7:30:07.1130 PM,.0049
52. Process,Copy Log,Copy gh_station_info.json To Folder,cp /vault/data_collection/test_station_config/gh_station_info.json /Users/gdlocal/TestLog/AtlasLogs-N0G72YP765-2020-01-14-193007/QT0-N0G72YP765-gh_station_info.json,PASS,,,,,,,,,Jan 14 2020 7:30:07.1150 PM,Jan 14 2020 7:30:07.1200 PM,.0048
52. Process,Copy Log,DRCB,AddBlob,PASS,,,,,,,,,Jan 14 2020 7:30:07.1210 PM,Jan 14 2020 7:30:07.1220 PM,.0003
53. Process,,,,,,,,,,,,,Jan 14 2020 7:30:07.1250 PM,Jan 14 2020 7:30:07.7820 PM,.657
53. Process,Finish DRCB,DRCB,Finish,PASS,,,,,,,,,Jan 14 2020 7:30:07.1310 PM,Jan 14 2020 7:30:07.7810 PM,.6505
54. Process,,,,,,,,,,,,,Jan 14 2020 7:30:07.7840 PM,Jan 14 2020 7:30:11.2290 PM,3.445
54. Process,TEST_END,EFIDut,open,PASS,,,,,,,,,Jan 14 2020 7:30:07.7880 PM,Jan 14 2020 7:30:07.8510 PM,.0636
54. Process,TEST_END,Evaluate condition: DUT_TYPE CONTAINS 'N140',,PASS,,,,,,,,,Jan 14 2020 7:30:07.8540 PM,Jan 14 2020 7:30:07.8540 PM,0
54. Process,TEST_END,TEST_END,[EFIDut] cbskip,PASS,,,,,,,,,Jan 14 2020 7:30:07.8570 PM,Jan 14 2020 7:30:07.9940 PM,.1367
54. Process,TEST_END,TEST_END,[EFIDut] shutdown,PASS,,,,,,,,,Jan 14 2020 7:30:07.9990 PM,Jan 14 2020 7:30:09.0080 PM,1.0085
54. Process,TEST_END,TEST_END,[Fixture] Reset,PASS,,,,,,,,,Jan 14 2020 7:30:09.0120 PM,Jan 14 2020 7:30:11.2240 PM,2.2119
54. Process,TEST_END,EFIDut,close,PASS,,,,,,,,,Jan 14 2020 7:30:11.2280 PM,Jan 14 2020 7:30:11.2280 PM,.0004
