Test,Plugin,Command,Status,Info,Start Time,End Time,Duration (s)
,StationUtils,checkPredicateFormat,PASS,,Jan 14 2020 7:29:21.4230 PM,Jan 14 2020 7:29:21.4240 PM,.0005
,StationUtils,checkPredicateFormat,PASS,,Jan 14 2020 7:29:21.4280 PM,Jan 14 2020 7:29:21.4280 PM,.0004
,StationUtils,checkPredicateFormat,PASS,,Jan 14 2020 7:29:21.4340 PM,Jan 14 2020 7:29:21.4350 PM,.0004
,StationUtils,checkPredicateFormat,PASS,,Jan 14 2020 7:29:21.4380 PM,Jan 14 2020 7:29:21.4380 PM,.0003
,StationUtils,checkPredicateFormat,PASS,,Jan 14 2020 7:29:21.4730 PM,Jan 14 2020 7:29:21.4730 PM,.0003
,StationUtils,checkPredicateFormat,PASS,,Jan 14 2020 7:29:21.4760 PM,Jan 14 2020 7:29:21.4770 PM,.0003
,StationUtils,checkPredicateFormat,PASS,,Jan 14 2020 7:29:21.5050 PM,Jan 14 2020 7:29:21.5050 PM,.0003
,StationUtils,checkPredicateFormat,PASS,,Jan 14 2020 7:29:21.6960 PM,Jan 14 2020 7:29:21.6960 PM,.0004
,StationUtils,checkPredicateFormat,PASS,,Jan 14 2020 7:29:21.7000 PM,Jan 14 2020 7:29:21.7000 PM,.0004
,StationUtils,checkPredicateFormat,PASS,,Jan 14 2020 7:29:21.7040 PM,Jan 14 2020 7:29:21.7040 PM,.0003
,StationUtils,checkPredicateFormat,PASS,,Jan 14 2020 7:29:21.7080 PM,Jan 14 2020 7:29:21.7080 PM,.0004
,StationUtils,checkPredicateFormat,PASS,,Jan 14 2020 7:29:21.7120 PM,Jan 14 2020 7:29:21.7130 PM,.0005
,StationUtils,checkPredicateFormat,PASS,,Jan 14 2020 7:29:21.7170 PM,Jan 14 2020 7:29:21.7170 PM,.0004
,StationUtils,checkPredicateFormat,PASS,,Jan 14 2020 7:29:21.7210 PM,Jan 14 2020 7:29:21.7210 PM,.0003
,StationUtils,checkPredicateFormat,PASS,,Jan 14 2020 7:29:21.7240 PM,Jan 14 2020 7:29:21.7240 PM,.0003
,StationUtils,checkPredicateFormat,PASS,,Jan 14 2020 7:29:21.7270 PM,Jan 14 2020 7:29:21.7280 PM,.0004
,StationUtils,checkPredicateFormat,PASS,,Jan 14 2020 7:29:21.7350 PM,Jan 14 2020 7:29:21.7350 PM,.0004
,StationUtils,checkPredicateFormat,PASS,,Jan 14 2020 7:29:21.7390 PM,Jan 14 2020 7:29:21.7390 PM,.0003
,StationUtils,checkPredicateFormat,PASS,,Jan 14 2020 7:29:21.7420 PM,Jan 14 2020 7:29:21.7420 PM,.0003
,StationUtils,checkPredicateFormat,PASS,,Jan 14 2020 7:29:21.7450 PM,Jan 14 2020 7:29:21.7460 PM,.0004
,StationUtils,checkPredicateFormat,PASS,,Jan 14 2020 7:29:21.7630 PM,Jan 14 2020 7:29:21.7640 PM,.0003
,StationUtils,checkPredicateFormat,PASS,,Jan 14 2020 7:29:21.7670 PM,Jan 14 2020 7:29:21.7670 PM,.0003
,StationUtils,checkPredicateFormat,PASS,,Jan 14 2020 7:29:21.7700 PM,Jan 14 2020 7:29:21.7700 PM,.0003
,StationUtils,checkPredicateFormat,PASS,,Jan 14 2020 7:29:21.7730 PM,Jan 14 2020 7:29:21.7730 PM,.0004
,StationUtils,checkPredicateFormat,PASS,,Jan 14 2020 7:29:21.7760 PM,Jan 14 2020 7:29:21.7770 PM,.0003
,StationUtils,checkPredicateFormat,PASS,,Jan 14 2020 7:29:21.7790 PM,Jan 14 2020 7:29:21.7800 PM,.0003
,StationUtils,checkPredicateFormat,PASS,,Jan 14 2020 7:29:21.7820 PM,Jan 14 2020 7:29:21.7830 PM,.0003
,StationUtils,checkPredicateFormat,PASS,,Jan 14 2020 7:29:21.7850 PM,Jan 14 2020 7:29:21.7860 PM,.0004
,StationUtils,checkPredicateFormat,PASS,,Jan 14 2020 7:29:21.7880 PM,Jan 14 2020 7:29:21.7890 PM,.0003
,StationUtils,checkPredicateFormat,PASS,,Jan 14 2020 7:29:21.7910 PM,Jan 14 2020 7:29:21.7920 PM,.0003
,StationUtils,checkPredicateFormat,PASS,,Jan 14 2020 7:29:21.7940 PM,Jan 14 2020 7:29:21.7950 PM,.0003
,StationUtils,checkPredicateFormat,PASS,,Jan 14 2020 7:29:21.8010 PM,Jan 14 2020 7:29:21.8020 PM,.0005
,StationUtils,checkPredicateFormat,PASS,,Jan 14 2020 7:29:21.8080 PM,Jan 14 2020 7:29:21.8080 PM,.0003
,StationUtils,checkPredicateFormat,PASS,,Jan 14 2020 7:29:21.9920 PM,Jan 14 2020 7:29:21.9920 PM,.0003
,StationUtils,checkPredicateFormat,PASS,,Jan 14 2020 7:29:21.9950 PM,Jan 14 2020 7:29:21.9950 PM,.0003
,StationUtils,checkPredicateFormat,PASS,,Jan 14 2020 7:29:22.0490 PM,Jan 14 2020 7:29:22.0490 PM,.0003
,StationUtils,checkPredicateFormat,PASS,,Jan 14 2020 7:29:22.0530 PM,Jan 14 2020 7:29:22.0530 PM,.0003
,StationUtils,checkPredicateFormat,PASS,,Jan 14 2020 7:29:22.0560 PM,Jan 14 2020 7:29:22.0570 PM,.0003
,StationUtils,checkPredicateFormat,PASS,,Jan 14 2020 7:29:22.0600 PM,Jan 14 2020 7:29:22.0600 PM,.0003
,StationUtils,checkPredicateFormat,PASS,,Jan 14 2020 7:29:22.0630 PM,Jan 14 2020 7:29:22.0630 PM,.0003
,StationUtils,checkPredicateFormat,PASS,,Jan 14 2020 7:29:22.0670 PM,Jan 14 2020 7:29:22.0670 PM,.0003
,StationUtils,checkPredicateFormat,PASS,,Jan 14 2020 7:29:22.0710 PM,Jan 14 2020 7:29:22.0720 PM,.0003
,StationUtils,checkPredicateFormat,PASS,,Jan 14 2020 7:29:22.0750 PM,Jan 14 2020 7:29:22.0750 PM,.0003
,StationUtils,checkPredicateFormat,PASS,,Jan 14 2020 7:29:22.0780 PM,Jan 14 2020 7:29:22.0790 PM,.0003
,StationUtils,checkPredicateFormat,PASS,,Jan 14 2020 7:29:22.0820 PM,Jan 14 2020 7:29:22.0820 PM,.0003
,StationUtils,checkPredicateFormat,PASS,,Jan 14 2020 7:29:22.0850 PM,Jan 14 2020 7:29:22.0850 PM,.0004
,StationUtils,checkPredicateFormat,PASS,,Jan 14 2020 7:29:22.0890 PM,Jan 14 2020 7:29:22.0890 PM,.0003
,StationUtils,checkPredicateFormat,PASS,,Jan 14 2020 7:29:22.0950 PM,Jan 14 2020 7:29:22.0960 PM,.0004
,StationUtils,checkPredicateFormat,PASS,,Jan 14 2020 7:29:22.0990 PM,Jan 14 2020 7:29:22.0990 PM,.0003
,StationUtils,checkPredicateFormat,PASS,,Jan 14 2020 7:29:22.1370 PM,Jan 14 2020 7:29:22.1370 PM,.0003
,StationUtils,checkPredicateFormat,PASS,,Jan 14 2020 7:29:22.1410 PM,Jan 14 2020 7:29:22.1410 PM,.0003
,StationUtils,checkPredicateFormat,PASS,,Jan 14 2020 7:29:22.1440 PM,Jan 14 2020 7:29:22.1440 PM,.0003
,StationUtils,checkPredicateFormat,PASS,,Jan 14 2020 7:29:22.1480 PM,Jan 14 2020 7:29:22.1480 PM,.0003
,StationUtils,checkPredicateFormat,PASS,,Jan 14 2020 7:29:22.1510 PM,Jan 14 2020 7:29:22.1510 PM,.0003
,StationUtils,checkPredicateFormat,PASS,,Jan 14 2020 7:29:22.1540 PM,Jan 14 2020 7:29:22.1550 PM,.0004
,StationUtils,checkPredicateFormat,PASS,,Jan 14 2020 7:29:22.1580 PM,Jan 14 2020 7:29:22.1580 PM,.0003
,StationUtils,checkPredicateFormat,PASS,,Jan 14 2020 7:29:22.1610 PM,Jan 14 2020 7:29:22.1620 PM,.0003
,StationUtils,checkPredicateFormat,PASS,,Jan 14 2020 7:29:22.2140 PM,Jan 14 2020 7:29:22.2140 PM,.0004
,StationUtils,checkPredicateFormat,PASS,,Jan 14 2020 7:29:22.2230 PM,Jan 14 2020 7:29:22.2230 PM,.0003
,StationUtils,checkPredicateFormat,PASS,,Jan 14 2020 7:29:22.2260 PM,Jan 14 2020 7:29:22.2270 PM,.0003
,StationUtils,checkPredicateFormat,PASS,,Jan 14 2020 7:29:22.2290 PM,Jan 14 2020 7:29:22.2300 PM,.0003
,StationUtils,checkPredicateFormat,PASS,,Jan 14 2020 7:29:22.2330 PM,Jan 14 2020 7:29:22.2330 PM,.0003
,StationUtils,checkPredicateFormat,PASS,,Jan 14 2020 7:29:22.2360 PM,Jan 14 2020 7:29:22.2360 PM,.0003
,StationUtils,checkPredicateFormat,PASS,,Jan 14 2020 7:29:22.2390 PM,Jan 14 2020 7:29:22.2390 PM,.0003
,StationUtils,checkPredicateFormat,PASS,,Jan 14 2020 7:29:22.2420 PM,Jan 14 2020 7:29:22.2420 PM,.0003
,StationUtils,checkPredicateFormat,PASS,,Jan 14 2020 7:29:22.2460 PM,Jan 14 2020 7:29:22.2460 PM,.0003
,StationUtils,checkPredicateFormat,PASS,,Jan 14 2020 7:29:22.2490 PM,Jan 14 2020 7:29:22.2490 PM,.0003
,StationUtils,checkPredicateFormat,PASS,,Jan 14 2020 7:29:22.2520 PM,Jan 14 2020 7:29:22.2520 PM,.0003
,StationUtils,checkPredicateFormat,PASS,,Jan 14 2020 7:29:22.2550 PM,Jan 14 2020 7:29:22.2550 PM,.0003
,StationUtils,checkPredicateFormat,PASS,,Jan 14 2020 7:29:22.2580 PM,Jan 14 2020 7:29:22.2580 PM,.0003
,StationUtils,checkPredicateFormat,PASS,,Jan 14 2020 7:29:22.2610 PM,Jan 14 2020 7:29:22.2620 PM,.0003
,StationUtils,checkPredicateFormat,PASS,,Jan 14 2020 7:29:22.2650 PM,Jan 14 2020 7:29:22.2650 PM,.0003
,StationUtils,checkPredicateFormat,PASS,,Jan 14 2020 7:29:22.2680 PM,Jan 14 2020 7:29:22.2690 PM,.0003
,StationUtils,checkPredicateFormat,PASS,,Jan 14 2020 7:29:22.2720 PM,Jan 14 2020 7:29:22.2720 PM,.0003
,StationUtils,checkPredicateFormat,PASS,,Jan 14 2020 7:29:22.2750 PM,Jan 14 2020 7:29:22.2750 PM,.0004
,StationUtils,checkPredicateFormat,PASS,,Jan 14 2020 7:29:22.2780 PM,Jan 14 2020 7:29:22.2790 PM,.0003
,StationUtils,checkPredicateFormat,PASS,,Jan 14 2020 7:29:22.3120 PM,Jan 14 2020 7:29:22.3120 PM,.0003
,StationUtils,checkPredicateFormat,PASS,,Jan 14 2020 7:29:22.3150 PM,Jan 14 2020 7:29:22.3150 PM,.0004
1. Process,RunCommand,RunCommandWithParameter,PASS,,Jan 14 2020 7:29:22.4570 PM,Jan 14 2020 7:29:22.4690 PM,.0113
1. Process,RunCommand,RunCommandWithParameter,PASS,,Jan 14 2020 7:29:22.4700 PM,Jan 14 2020 7:29:22.4840 PM,.0133
3. INIT,EFIDut,open,PASS,,Jan 14 2020 7:29:26.1240 PM,Jan 14 2020 7:29:26.8950 PM,.7709
3. INIT,EFIDut,syncCmdResp,PASS,,Jan 14 2020 7:29:26.8990 PM,Jan 14 2020 7:29:26.9410 PM,.0417
3. INIT,EFIDut,sendCommand,PASS,,Jan 14 2020 7:29:26.9450 PM,Jan 14 2020 7:29:26.9850 PM,.04
4. FIXTURE,Fixture,changeDelimiter,PASS,,Jan 14 2020 7:29:26.9910 PM,Jan 14 2020 7:29:26.9910 PM,.0001
4. FIXTURE,Fixture,changeLineTerminator,PASS,,Jan 14 2020 7:29:26.9930 PM,Jan 14 2020 7:29:26.9930 PM,0
4. FIXTURE,Fixture,open,PASS,,Jan 14 2020 7:29:26.9940 PM,Jan 14 2020 7:29:27.0260 PM,.0311
4. FIXTURE,Fixture,read,PASS,,Jan 14 2020 7:29:27.0280 PM,Jan 14 2020 7:29:27.0490 PM,.0217
4. FIXTURE,Fixture,sendCommand,PASS,,Jan 14 2020 7:29:27.2540 PM,Jan 14 2020 7:29:29.3620 PM,2.1074
4. FIXTURE,Fixture,sendCommand,PASS,,Jan 14 2020 7:29:29.3650 PM,Jan 14 2020 7:29:29.5050 PM,.14
5. Process,EFIDut,sendCommand,PASS,,Jan 14 2020 7:29:29.5200 PM,Jan 14 2020 7:29:29.5560 PM,.0361
6. INIT,EFIDut,sendCommand,PASS,,Jan 14 2020 7:29:29.5620 PM,Jan 14 2020 7:29:29.7240 PM,.162
7. INIT,EFIDut,sendCommand,PASS,,Jan 14 2020 7:29:29.7300 PM,Jan 14 2020 7:29:29.7560 PM,.0263
8. INIT,EFIDut,sendCommand,PASS,,Jan 14 2020 7:29:29.7620 PM,Jan 14 2020 7:29:30.2080 PM,.4464
9. INIT,EFIDut,sendCommand,PASS,,Jan 14 2020 7:29:32.2220 PM,Jan 14 2020 7:29:32.2760 PM,.0541
9. INIT,EFIDut,sendCommand,PASS,,Jan 14 2020 7:29:32.2850 PM,Jan 14 2020 7:29:32.3830 PM,.0975
9. INIT,EFIDut,sendCommand,PASS,,Jan 14 2020 7:29:32.3890 PM,Jan 14 2020 7:29:32.4620 PM,.0736
9. INIT,EFIDut,sendCommand,PASS,,Jan 14 2020 7:29:32.4690 PM,Jan 14 2020 7:29:32.4940 PM,.0256
9. INIT,EFIDut,sendCommand,PASS,,Jan 14 2020 7:29:32.5000 PM,Jan 14 2020 7:29:32.5260 PM,.0259
11. INIT,EFIDut,sendCommand,PASS,,Jan 14 2020 7:29:32.5390 PM,Jan 14 2020 7:29:32.6710 PM,.1318
11. INIT,EFIDut,sendCommand,PASS,,Jan 14 2020 7:29:32.6860 PM,Jan 14 2020 7:29:32.7340 PM,.0481
11. INIT,EFIDut,sendCommand,PASS,,Jan 14 2020 7:29:32.7430 PM,Jan 14 2020 7:29:32.8800 PM,.1364
11. INIT,EFIDut,sendCommand,PASS,,Jan 14 2020 7:29:32.8890 PM,Jan 14 2020 7:29:32.9240 PM,.035
12. POWER,EFIDut,sendCommand,PASS,,Jan 14 2020 7:29:32.9380 PM,Jan 14 2020 7:29:33.1010 PM,.1632
12. POWER,EFIDut,sendCommand,PASS,,Jan 14 2020 7:29:33.1050 PM,Jan 14 2020 7:29:33.1330 PM,.0283
12. POWER,EFIDut,sendCommand,PASS,,Jan 14 2020 7:29:33.1370 PM,Jan 14 2020 7:29:33.2290 PM,.0921
12. POWER,EFIDut,sendCommand,PASS,,Jan 14 2020 7:29:33.2330 PM,Jan 14 2020 7:29:33.2750 PM,.0422
12. POWER,EFIDut,sendCommand,PASS,,Jan 14 2020 7:29:33.2790 PM,Jan 14 2020 7:29:33.3190 PM,.0404
13. INIT,SFCSupport,getAttribute,PASS,,Jan 14 2020 7:29:33.3250 PM,Jan 14 2020 7:29:33.3490 PM,.0236
13. INIT,EFIDut,sendCommand,PASS,,Jan 14 2020 7:29:33.3560 PM,Jan 14 2020 7:29:33.5110 PM,.1551
14. INIT,EFIDut,sendCommand,PASS,,Jan 14 2020 7:29:33.5160 PM,Jan 14 2020 7:29:33.5580 PM,.0413
15. Process,EFIDut,close,PASS,,Jan 14 2020 7:29:33.5680 PM,Jan 14 2020 7:29:33.5690 PM,.0004
16. Process,DRCB,startDataReporting,PASS,,Jan 14 2020 7:29:33.6850 PM,Jan 14 2020 7:29:33.7010 PM,.0159
17. Process,EFIDut,open,PASS,,Jan 14 2020 7:29:33.7080 PM,Jan 14 2020 7:29:33.7660 PM,.0583
17. Process,EFIDut,close,PASS,,Jan 14 2020 7:29:33.7700 PM,Jan 14 2020 7:29:33.7700 PM,.0004
17. Process,DRCB,startControlBits,PASS,,Jan 14 2020 7:29:33.7740 PM,Jan 14 2020 7:29:34.1270 PM,.3532
18. Process,EFIDut,open,PASS,,Jan 14 2020 7:29:34.2400 PM,Jan 14 2020 7:29:34.3010 PM,.0608
18. Process,EFIDut,syncCmdResp,PASS,,Jan 14 2020 7:29:34.3040 PM,Jan 14 2020 7:29:34.3460 PM,.0415
19. INIT,EFIDut,sendCommand,PASS,,Jan 14 2020 7:29:34.3510 PM,Jan 14 2020 7:29:34.3930 PM,.0419
20. INIT,SFCSupport,getAttribute,PASS,,Jan 14 2020 7:29:34.4030 PM,Jan 14 2020 7:29:34.4070 PM,.0036
20. INIT,SFCSupport,getAttribute,PASS,,Jan 14 2020 7:29:34.4090 PM,Jan 14 2020 7:29:34.4130 PM,.0042
20. INIT,EFIDut,sendCommand,PASS,,Jan 14 2020 7:29:34.4220 PM,Jan 14 2020 7:29:34.5210 PM,.0992
20. INIT,EFIDut,sendCommand,PASS,,Jan 14 2020 7:29:34.5310 PM,Jan 14 2020 7:29:34.5850 PM,.0535
20. INIT,EFIDut,sendCommand,PASS,,Jan 14 2020 7:29:34.5890 PM,Jan 14 2020 7:29:34.6330 PM,.0446
20. INIT,SFCSupport,getAttribute,PASS,,Jan 14 2020 7:29:34.6400 PM,Jan 14 2020 7:29:34.6440 PM,.0035
20. INIT,SFCSupport,getAttribute,PASS,,Jan 14 2020 7:29:34.6460 PM,Jan 14 2020 7:29:34.6490 PM,.0032
20. INIT,SFCSupport,getAttribute,PASS,,Jan 14 2020 7:29:34.6510 PM,Jan 14 2020 7:29:34.6540 PM,.0034
20. INIT,SFCSupport,getAttribute,PASS,,Jan 14 2020 7:29:34.6560 PM,Jan 14 2020 7:29:34.6590 PM,.0031
20. INIT,SFCSupport,getAttribute,PASS,,Jan 14 2020 7:29:34.6610 PM,Jan 14 2020 7:29:34.6640 PM,.003
20. INIT,SFCSupport,getAttribute,PASS,,Jan 14 2020 7:29:34.6660 PM,Jan 14 2020 7:29:34.6690 PM,.0037
20. INIT,SFCSupport,getAttribute,PASS,,Jan 14 2020 7:29:34.6710 PM,Jan 14 2020 7:29:34.6740 PM,.0031
20. INIT,SFCSupport,getAttribute,PASS,,Jan 14 2020 7:29:34.6760 PM,Jan 14 2020 7:29:34.6790 PM,.0036
20. INIT,EFIDut,sendCommand,PASS,,Jan 14 2020 7:29:34.6870 PM,Jan 14 2020 7:29:34.8090 PM,.1215
20. INIT,EFIDut,sendCommand,PASS,,Jan 14 2020 7:29:34.8130 PM,Jan 14 2020 7:29:34.8560 PM,.0432
20. INIT,EFIDut,sendCommand,PASS,,Jan 14 2020 7:29:34.8650 PM,Jan 14 2020 7:29:35.0630 PM,.1986
20. INIT,EFIDut,sendCommand,PASS,,Jan 14 2020 7:29:35.0670 PM,Jan 14 2020 7:29:35.1110 PM,.0444
20. INIT,EFIDut,sendCommand,PASS,,Jan 14 2020 7:29:35.1230 PM,Jan 14 2020 7:29:35.3190 PM,.196
20. INIT,EFIDut,sendCommand,PASS,,Jan 14 2020 7:29:35.3230 PM,Jan 14 2020 7:29:35.3720 PM,.049
20. INIT,SFCSupport,getAttribute,PASS,,Jan 14 2020 7:29:35.3810 PM,Jan 14 2020 7:29:35.3840 PM,.0032
20. INIT,EFIDut,sendCommand,PASS,,Jan 14 2020 7:29:35.3880 PM,Jan 14 2020 7:29:35.5800 PM,.1917
20. INIT,EFIDut,sendCommand,PASS,,Jan 14 2020 7:29:35.5830 PM,Jan 14 2020 7:29:35.6330 PM,.0492
20. INIT,EFIDut,sendCommand,PASS,,Jan 14 2020 7:29:35.6440 PM,Jan 14 2020 7:29:35.8400 PM,.1959
20. INIT,EFIDut,sendCommand,PASS,,Jan 14 2020 7:29:35.8440 PM,Jan 14 2020 7:29:35.8940 PM,.0502
20. INIT,EFIDut,sendCommand,PASS,,Jan 14 2020 7:29:35.9030 PM,Jan 14 2020 7:29:36.0810 PM,.1779
20. INIT,EFIDut,sendCommand,PASS,,Jan 14 2020 7:29:36.0870 PM,Jan 14 2020 7:29:36.1290 PM,.0415
20. INIT,EFIDut,sendCommand,PASS,,Jan 14 2020 7:29:36.1320 PM,Jan 14 2020 7:29:36.1770 PM,.0443
21. FIXTURE,Fixture,sendCommand,PASS,,Jan 14 2020 7:29:36.1880 PM,Jan 14 2020 7:29:39.2880 PM,3.1001
22. TRISTAR,EFIDut,close,PASS,,Jan 14 2020 7:29:39.2940 PM,Jan 14 2020 7:29:39.2940 PM,.0004
22. TRISTAR,FileParser,JsonParsing,PASS,,Jan 14 2020 7:29:39.2980 PM,Jan 14 2020 7:29:39.2990 PM,.0006
22. TRISTAR,EZLink1,EZLink,PASS,,Jan 14 2020 7:29:39.3020 PM,Jan 14 2020 7:29:40.4250 PM,1.1234
22. TRISTAR,EFIDut,open,PASS,,Jan 14 2020 7:29:40.4300 PM,Jan 14 2020 7:29:40.4870 PM,.0572
22. TRISTAR,EFIDut,sendCommand,PASS,,Jan 14 2020 7:29:40.4910 PM,Jan 14 2020 7:29:40.7260 PM,.2353
22. TRISTAR,EFIDut,sendCommand,PASS,,Jan 14 2020 7:29:40.7320 PM,Jan 14 2020 7:29:40.7720 PM,.0396
23. LISA,EFIDut,sendCommand,PASS,,Jan 14 2020 7:29:40.7780 PM,Jan 14 2020 7:29:40.8310 PM,.0529
23. LISA,EFIDut,sendCommand,PASS,,Jan 14 2020 7:29:40.8370 PM,Jan 14 2020 7:29:40.9930 PM,.1557
23. LISA,EFIDut,sendCommand,PASS,,Jan 14 2020 7:29:40.9990 PM,Jan 14 2020 7:29:41.0400 PM,.0406
23. LISA,EFIDut,sendCommand,PASS,,Jan 14 2020 7:29:41.0430 PM,Jan 14 2020 7:29:41.0800 PM,.0371
23. LISA,EFIDut,sendCommand,PASS,,Jan 14 2020 7:29:41.0870 PM,Jan 14 2020 7:29:41.1330 PM,.0467
23. LISA,EFIDut,sendCommand,PASS,,Jan 14 2020 7:29:41.1430 PM,Jan 14 2020 7:29:41.1880 PM,.0455
23. LISA,EFIDut,sendCommand,PASS,,Jan 14 2020 7:29:41.1920 PM,Jan 14 2020 7:29:41.2410 PM,.0491
23. LISA,EFIDut,sendCommand,PASS,,Jan 14 2020 7:29:41.2470 PM,Jan 14 2020 7:29:41.2830 PM,.0356
23. LISA,EFIDut,sendCommand,PASS,,Jan 14 2020 7:29:41.2890 PM,Jan 14 2020 7:29:41.8150 PM,.5265
24. FIXTURE,Fixture,sendCommand,PASS,,Jan 14 2020 7:29:41.8220 PM,Jan 14 2020 7:29:42.0380 PM,.2157
25. LISA,EFIDut,sendCommand,PASS,,Jan 14 2020 7:29:42.0430 PM,Jan 14 2020 7:29:43.5880 PM,1.5451
25. LISA,EFIDut,sendCommand,PASS,,Jan 14 2020 7:29:43.5920 PM,Jan 14 2020 7:29:43.6300 PM,.0384
25. LISA,EFIDut,sendCommand,PASS,,Jan 14 2020 7:29:43.6340 PM,Jan 14 2020 7:29:43.6810 PM,.047
25. LISA,EFIDut,sendCommand,PASS,,Jan 14 2020 7:29:43.6850 PM,Jan 14 2020 7:29:47.5210 PM,3.8367
25. LISA,EFIDut,sendCommand,PASS,,Jan 14 2020 7:29:47.5390 PM,Jan 14 2020 7:29:47.7210 PM,.182
25. LISA,EFIDut,sendCommand,PASS,,Jan 14 2020 7:29:47.7250 PM,Jan 14 2020 7:29:47.7530 PM,.0283
25. LISA,EFIDut,sendCommand,PASS,,Jan 14 2020 7:29:47.7570 PM,Jan 14 2020 7:29:47.8010 PM,.0445
25. LISA,Fixture,sendCommand,PASS,,Jan 14 2020 7:29:47.8060 PM,Jan 14 2020 7:29:47.8400 PM,.0341
25. LISA,EFIDut,sendCommand,PASS,,Jan 14 2020 7:29:47.8440 PM,Jan 14 2020 7:29:48.1850 PM,.3411
25. LISA,EFIDut,sendCommand,PASS,,Jan 14 2020 7:29:48.1880 PM,Jan 14 2020 7:29:48.2800 PM,.0923
25. LISA,EFIDut,sendCommand,PASS,,Jan 14 2020 7:29:48.2840 PM,Jan 14 2020 7:29:48.3240 PM,.0403
26. POWER,EFIDut,sendCommand,PASS,,Jan 14 2020 7:29:48.3410 PM,Jan 14 2020 7:29:48.4040 PM,.0629
26. POWER,EFIDut,sendCommand,PASS,,Jan 14 2020 7:29:48.4110 PM,Jan 14 2020 7:29:48.4520 PM,.0413
27. IMU,EFIDut,sendCommand,PASS,,Jan 14 2020 7:29:48.4600 PM,Jan 14 2020 7:29:48.5090 PM,.0487
28. IMU,EFIDut,sendCommand,PASS,,Jan 14 2020 7:29:48.5150 PM,Jan 14 2020 7:29:48.8120 PM,.2968
29. IMU,EFIDut,sendCommand,PASS,,Jan 14 2020 7:29:48.8200 PM,Jan 14 2020 7:29:48.8800 PM,.0593
30. IMU,StationUtils,evaluatePredicate,PASS,,Jan 14 2020 7:29:48.8880 PM,Jan 14 2020 7:29:48.8890 PM,.0001
30. IMU,EFIDut,sendCommand,PASS,,Jan 14 2020 7:29:48.8930 PM,Jan 14 2020 7:29:48.9470 PM,.0546
30. IMU,StationUtils,evaluatePredicate,PASS,,Jan 14 2020 7:29:48.9500 PM,Jan 14 2020 7:29:48.9500 PM,.0001
30. IMU,StationUtils,evaluatePredicate,PASS,,Jan 14 2020 7:29:48.9550 PM,Jan 14 2020 7:29:48.9550 PM,.0001
30. IMU,StationUtils,evaluatePredicate,PASS,,Jan 14 2020 7:29:48.9610 PM,Jan 14 2020 7:29:48.9610 PM,.0001
30. IMU,StationUtils,evaluatePredicate,PASS,,Jan 14 2020 7:29:48.9670 PM,Jan 14 2020 7:29:48.9670 PM,.0001
30. IMU,StationUtils,evaluatePredicate,PASS,,Jan 14 2020 7:29:48.9720 PM,Jan 14 2020 7:29:48.9720 PM,.0001
31. IMU,StationUtils,evaluatePredicate,PASS,,Jan 14 2020 7:29:48.9800 PM,Jan 14 2020 7:29:48.9810 PM,.0001
31. IMU,EFIDut,sendCommand,PASS,,Jan 14 2020 7:29:48.9850 PM,Jan 14 2020 7:29:49.2480 PM,.263
31. IMU,StationUtils,evaluatePredicate,PASS,,Jan 14 2020 7:29:49.2500 PM,Jan 14 2020 7:29:49.2500 PM,.0001
31. IMU,StationUtils,evaluatePredicate,PASS,,Jan 14 2020 7:29:49.2550 PM,Jan 14 2020 7:29:49.2560 PM,.0001
32. IMU,EFIDut,sendCommand,PASS,,Jan 14 2020 7:29:49.2640 PM,Jan 14 2020 7:29:49.3190 PM,.0545
33. IMU,EFIDut,sendCommand,PASS,,Jan 14 2020 7:29:49.3330 PM,Jan 14 2020 7:29:49.6220 PM,.2894
34. IMU,EFIDut,sendCommand,PASS,,Jan 14 2020 7:29:49.6280 PM,Jan 14 2020 7:29:49.7780 PM,.1503
34. IMU,EFIDut,sendCommand,PASS,,Jan 14 2020 7:29:49.7820 PM,Jan 14 2020 7:29:50.0320 PM,.2508
35. IMU,EFIDut,sendCommand,PASS,,Jan 14 2020 7:29:50.0400 PM,Jan 14 2020 7:29:50.3350 PM,.2946
35. IMU,EFIDut,sendCommand,PASS,,Jan 14 2020 7:29:50.3380 PM,Jan 14 2020 7:29:50.3880 PM,.0495
35. IMU,StationUtils,evaluatePredicate,PASS,,Jan 14 2020 7:29:50.3900 PM,Jan 14 2020 7:29:50.3900 PM,.0001
35. IMU,EFIDut,sendCommand,PASS,,Jan 14 2020 7:29:50.3940 PM,Jan 14 2020 7:29:50.4330 PM,.0387
35. IMU,StationUtils,evaluatePredicate,PASS,,Jan 14 2020 7:29:50.4350 PM,Jan 14 2020 7:29:50.4350 PM,.0001
35. IMU,EFIDut,sendCommand,PASS,,Jan 14 2020 7:29:50.4390 PM,Jan 14 2020 7:29:50.4790 PM,.0402
35. IMU,StationUtils,evaluatePredicate,PASS,,Jan 14 2020 7:29:50.4810 PM,Jan 14 2020 7:29:50.4810 PM,0
35. IMU,EFIDut,sendCommand,PASS,,Jan 14 2020 7:29:50.4850 PM,Jan 14 2020 7:29:50.6580 PM,.1736
35. IMU,StationUtils,evaluatePredicate,PASS,,Jan 14 2020 7:29:50.6610 PM,Jan 14 2020 7:29:50.6610 PM,.0001
35. IMU,EFIDut,sendCommand,PASS,,Jan 14 2020 7:29:50.6640 PM,Jan 14 2020 7:29:50.7990 PM,.1348
35. IMU,StationUtils,evaluatePredicate,PASS,,Jan 14 2020 7:29:50.8020 PM,Jan 14 2020 7:29:50.8020 PM,.0001
35. IMU,EFIDut,sendCommand,PASS,,Jan 14 2020 7:29:50.8050 PM,Jan 14 2020 7:29:50.9380 PM,.1329
35. IMU,StationUtils,evaluatePredicate,PASS,,Jan 14 2020 7:29:50.9400 PM,Jan 14 2020 7:29:50.9400 PM,0
35. IMU,EFIDut,sendCommand,PASS,,Jan 14 2020 7:29:50.9440 PM,Jan 14 2020 7:29:50.9980 PM,.054
35. IMU,StationUtils,evaluatePredicate,PASS,,Jan 14 2020 7:29:51.0000 PM,Jan 14 2020 7:29:51.0000 PM,.0001
35. IMU,StationUtils,evaluatePredicate,PASS,,Jan 14 2020 7:29:51.0030 PM,Jan 14 2020 7:29:51.0030 PM,0
35. IMU,StationUtils,evaluatePredicate,PASS,,Jan 14 2020 7:29:51.0050 PM,Jan 14 2020 7:29:51.0060 PM,0
35. IMU,StationUtils,evaluatePredicate,PASS,,Jan 14 2020 7:29:51.0080 PM,Jan 14 2020 7:29:51.0080 PM,.0001
35. IMU,StationUtils,evaluatePredicate,PASS,,Jan 14 2020 7:29:51.0100 PM,Jan 14 2020 7:29:51.0110 PM,0
35. IMU,EFIDut,sendCommand,PASS,,Jan 14 2020 7:29:51.0140 PM,Jan 14 2020 7:29:51.0780 PM,.0634
35. IMU,EFIDut,sendCommand,PASS,,Jan 14 2020 7:29:51.0810 PM,Jan 14 2020 7:29:51.7400 PM,.6586
35. IMU,StationUtils,evaluatePredicate,PASS,,Jan 14 2020 7:29:51.7440 PM,Jan 14 2020 7:29:51.7440 PM,.0001
35. IMU,EFIDut,sendCommand,PASS,,Jan 14 2020 7:29:51.7540 PM,Jan 14 2020 7:29:51.7880 PM,.0332
35. IMU,StationUtils,evaluatePredicate,PASS,,Jan 14 2020 7:29:51.7900 PM,Jan 14 2020 7:29:51.7900 PM,.0001
35. IMU,EFIDut,sendCommand,PASS,,Jan 14 2020 7:29:51.7930 PM,Jan 14 2020 7:29:51.8350 PM,.0419
35. IMU,EFIDut,sendCommand,PASS,,Jan 14 2020 7:29:51.8390 PM,Jan 14 2020 7:29:51.9470 PM,.1082
36. PRESSURE,EFIDut,sendCommand,PASS,,Jan 14 2020 7:29:51.9550 PM,Jan 14 2020 7:29:52.0060 PM,.0506
36. PRESSURE,EFIDut,sendCommand,PASS,,Jan 14 2020 7:29:52.0140 PM,Jan 14 2020 7:29:52.0530 PM,.0394
36. PRESSURE,EFIDut,sendCommand,PASS,,Jan 14 2020 7:29:52.0590 PM,Jan 14 2020 7:29:52.1220 PM,.0627
36. PRESSURE,StationUtils,evaluatePredicate,PASS,,Jan 14 2020 7:29:52.1240 PM,Jan 14 2020 7:29:52.1250 PM,.0001
36. PRESSURE,StationUtils,evaluatePredicate,PASS,,Jan 14 2020 7:29:52.1300 PM,Jan 14 2020 7:29:52.1300 PM,.0001
36. PRESSURE,StationUtils,evaluatePredicate,PASS,,Jan 14 2020 7:29:52.1350 PM,Jan 14 2020 7:29:52.1350 PM,0
36. PRESSURE,StationUtils,evaluatePredicate,PASS,,Jan 14 2020 7:29:52.1380 PM,Jan 14 2020 7:29:52.1380 PM,0
36. PRESSURE,StationUtils,evaluatePredicate,PASS,,Jan 14 2020 7:29:52.1400 PM,Jan 14 2020 7:29:52.1400 PM,0
36. PRESSURE,StationUtils,evaluatePredicate,PASS,,Jan 14 2020 7:29:52.1430 PM,Jan 14 2020 7:29:52.1430 PM,0
36. PRESSURE,StationUtils,evaluatePredicate,PASS,,Jan 14 2020 7:29:52.1450 PM,Jan 14 2020 7:29:52.1450 PM,0
36. PRESSURE,StationUtils,evaluatePredicate,PASS,,Jan 14 2020 7:29:52.1480 PM,Jan 14 2020 7:29:52.1480 PM,0
36. PRESSURE,EFIDut,sendCommand,PASS,,Jan 14 2020 7:29:52.1520 PM,Jan 14 2020 7:29:52.2040 PM,.0519
36. PRESSURE,EFIDut,sendCommand,PASS,,Jan 14 2020 7:29:52.2100 PM,Jan 14 2020 7:29:54.5450 PM,2.3349
36. PRESSURE,StationUtils,calculateExpression,PASS,,Jan 14 2020 7:29:54.5800 PM,Jan 14 2020 7:29:54.5800 PM,.0001
36. PRESSURE,StationUtils,calculateExpression,PASS,,Jan 14 2020 7:29:54.5880 PM,Jan 14 2020 7:29:54.5880 PM,.0001
36. PRESSURE,EFIDut,sendCommand,PASS,,Jan 14 2020 7:29:54.5920 PM,Jan 14 2020 7:29:54.6370 PM,.0446
37. COMPASS,EFIDut,sendCommand,PASS,,Jan 14 2020 7:29:54.6440 PM,Jan 14 2020 7:29:54.6950 PM,.0506
37. COMPASS,EFIDut,sendCommand,PASS,,Jan 14 2020 7:29:54.7040 PM,Jan 14 2020 7:29:54.7480 PM,.0444
37. COMPASS,EFIDut,sendCommand,PASS,,Jan 14 2020 7:29:54.7550 PM,Jan 14 2020 7:29:54.8540 PM,.099
37. COMPASS,EFIDut,sendCommand,PASS,,Jan 14 2020 7:29:54.8610 PM,Jan 14 2020 7:29:57.4920 PM,2.6306
38. COMPASS,EFIDut,sendCommand,PASS,,Jan 14 2020 7:29:57.5130 PM,Jan 14 2020 7:29:57.5520 PM,.0394
38. COMPASS,EFIDut,sendCommand,PASS,,Jan 14 2020 7:29:57.5560 PM,Jan 14 2020 7:29:57.5970 PM,.0409
38. COMPASS,EFIDut,sendCommand,PASS,,Jan 14 2020 7:29:57.6040 PM,Jan 14 2020 7:29:57.6510 PM,.047
39. CODEC,EFIDut,sendCommand,PASS,,Jan 14 2020 7:29:57.6590 PM,Jan 14 2020 7:29:57.7750 PM,.1166
39. CODEC,EFIDut,sendCommand,PASS,,Jan 14 2020 7:29:57.7800 PM,Jan 14 2020 7:29:57.8180 PM,.0379
39. CODEC,EFIDut,sendCommand,PASS,,Jan 14 2020 7:29:57.8220 PM,Jan 14 2020 7:29:57.8990 PM,.0773
39. CODEC,EFIDut,sendCommand,PASS,,Jan 14 2020 7:29:57.9150 PM,Jan 14 2020 7:29:58.0970 PM,.1818
39. CODEC,EFIDut,sendCommand,PASS,,Jan 14 2020 7:29:58.1070 PM,Jan 14 2020 7:29:58.1520 PM,.0459
40. SPAM,EFIDut,close,PASS,,Jan 14 2020 7:29:58.1640 PM,Jan 14 2020 7:29:58.1650 PM,.0004
40. SPAM,StationUtils,evaluatePredicate,PASS,,Jan 14 2020 7:29:58.1670 PM,Jan 14 2020 7:29:58.1670 PM,.0001
40. SPAM,StationUtils,evaluatePredicate,PASS,,Jan 14 2020 7:29:58.1700 PM,Jan 14 2020 7:29:58.1700 PM,.0001
40. SPAM,EFIDut,open,PASS,,Jan 14 2020 7:29:58.1740 PM,Jan 14 2020 7:29:58.2330 PM,.0592
41. SENSOR,EFIDut,sendCommand,PASS,,Jan 14 2020 7:29:58.2400 PM,Jan 14 2020 7:29:59.7390 PM,1.4984
41. SENSOR,EFIDut,sendCommand,PASS,,Jan 14 2020 7:29:59.7420 PM,Jan 14 2020 7:29:59.7980 PM,.0554
41. SENSOR,EFIDut,sendCommand,PASS,,Jan 14 2020 7:29:59.8010 PM,Jan 14 2020 7:30:00.1560 PM,.3548
41. SENSOR,EFIDut,sendCommand,PASS,,Jan 14 2020 7:30:00.1960 PM,Jan 14 2020 7:30:00.2400 PM,.0437
41. SENSOR,EFIDut,sendCommand,PASS,,Jan 14 2020 7:30:00.2430 PM,Jan 14 2020 7:30:00.2960 PM,.0531
42. BUTTON,EFIDut,sendCommand,PASS,,Jan 14 2020 7:30:00.3050 PM,Jan 14 2020 7:30:00.3530 PM,.0475
42. BUTTON,Fixture,sendCommand,PASS,,Jan 14 2020 7:30:00.3670 PM,Jan 14 2020 7:30:02.4170 PM,2.0506
42. BUTTON,EFIDut,sendCommand,PASS,,Jan 14 2020 7:30:02.4210 PM,Jan 14 2020 7:30:02.4610 PM,.0404
42. BUTTON,Fixture,sendCommand,PASS,,Jan 14 2020 7:30:02.4680 PM,Jan 14 2020 7:30:03.2000 PM,.7321
42. BUTTON,EFIDut,sendCommand,PASS,,Jan 14 2020 7:30:03.2040 PM,Jan 14 2020 7:30:03.2440 PM,.0393
43. BUTTON,EFIDut,sendCommand,PASS,,Jan 14 2020 7:30:03.2530 PM,Jan 14 2020 7:30:03.2760 PM,.0228
43. BUTTON,Fixture,sendCommand,PASS,,Jan 14 2020 7:30:03.2800 PM,Jan 14 2020 7:30:05.1350 PM,1.8541
43. BUTTON,EFIDut,sendCommand,PASS,,Jan 14 2020 7:30:05.1380 PM,Jan 14 2020 7:30:05.1740 PM,.0355
44. RADIO,StationUtils,evaluatePredicate,PASS,,Jan 14 2020 7:30:05.1840 PM,Jan 14 2020 7:30:05.1840 PM,.0001
44. RADIO,EFIDut,sendCommand,PASS,,Jan 14 2020 7:30:05.1870 PM,Jan 14 2020 7:30:05.2850 PM,.0979
44. RADIO,StationUtils,evaluatePredicate,PASS,,Jan 14 2020 7:30:05.2880 PM,Jan 14 2020 7:30:05.2880 PM,.0001
44. RADIO,EFIDut,sendCommand,PASS,,Jan 14 2020 7:30:05.2910 PM,Jan 14 2020 7:30:06.6660 PM,1.3748
44. RADIO,StationUtils,evaluatePredicate,PASS,,Jan 14 2020 7:30:06.6690 PM,Jan 14 2020 7:30:06.6690 PM,.0001
44. RADIO,StationUtils,evaluatePredicate,PASS,,Jan 14 2020 7:30:06.6730 PM,Jan 14 2020 7:30:06.6730 PM,.0001
44. RADIO,StationUtils,evaluatePredicate,PASS,,Jan 14 2020 7:30:06.6790 PM,Jan 14 2020 7:30:06.6790 PM,.0001
44. RADIO,EFIDut,sendCommand,PASS,,Jan 14 2020 7:30:06.6830 PM,Jan 14 2020 7:30:06.7370 PM,.0534
45. RADIO,StationUtils,evaluatePredicate,PASS,,Jan 14 2020 7:30:06.7420 PM,Jan 14 2020 7:30:06.7420 PM,.0001
45. RADIO,StationUtils,evaluatePredicate,PASS,,Jan 14 2020 7:30:06.7450 PM,Jan 14 2020 7:30:06.7450 PM,.0001
46. RADIO,StationUtils,evaluatePredicate,PASS,,Jan 14 2020 7:30:06.7510 PM,Jan 14 2020 7:30:06.7510 PM,.0001
46. RADIO,StationUtils,evaluatePredicate,PASS,,Jan 14 2020 7:30:06.7540 PM,Jan 14 2020 7:30:06.7540 PM,.0001
47. RADIO,StationUtils,evaluatePredicate,PASS,,Jan 14 2020 7:30:06.7600 PM,Jan 14 2020 7:30:06.7600 PM,.0001
47. RADIO,StationUtils,evaluatePredicate,PASS,,Jan 14 2020 7:30:06.7630 PM,Jan 14 2020 7:30:06.7630 PM,.0001
47. RADIO,StationUtils,evaluatePredicate,PASS,,Jan 14 2020 7:30:06.7660 PM,Jan 14 2020 7:30:06.7660 PM,.0001
47. RADIO,StationUtils,evaluatePredicate,PASS,,Jan 14 2020 7:30:06.7700 PM,Jan 14 2020 7:30:06.7700 PM,.0001
47. RADIO,StationUtils,evaluatePredicate,PASS,,Jan 14 2020 7:30:06.7730 PM,Jan 14 2020 7:30:06.7730 PM,.0001
47. RADIO,StationUtils,evaluatePredicate,PASS,,Jan 14 2020 7:30:06.7760 PM,Jan 14 2020 7:30:06.7760 PM,.0001
47. RADIO,StationUtils,evaluatePredicate,PASS,,Jan 14 2020 7:30:06.7790 PM,Jan 14 2020 7:30:06.7790 PM,.0001
47. RADIO,StationUtils,evaluatePredicate,PASS,,Jan 14 2020 7:30:06.7820 PM,Jan 14 2020 7:30:06.7820 PM,.0001
48. RADIO,StationUtils,evaluatePredicate,PASS,,Jan 14 2020 7:30:06.7890 PM,Jan 14 2020 7:30:06.7890 PM,.0001
49. POWER,EFIDut,sendCommand,PASS,,Jan 14 2020 7:30:06.7950 PM,Jan 14 2020 7:30:06.8340 PM,.0387
50. Process,EFIDut,sendCommand,PASS,,Jan 14 2020 7:30:06.8410 PM,Jan 14 2020 7:30:06.8650 PM,.0239
50. Process,EFIDut,sendCommand,PASS,,Jan 14 2020 7:30:06.8690 PM,Jan 14 2020 7:30:06.9440 PM,.0756
51. Process,EFIDut,close,PASS,,Jan 14 2020 7:30:06.9510 PM,Jan 14 2020 7:30:06.9510 PM,.0004
52. Process,RunCommand,RunCommandWithParameter,PASS,,Jan 14 2020 7:30:07.0720 PM,Jan 14 2020 7:30:07.0770 PM,.0052
52. Process,RunCommand,RunCommandWithParameter,PASS,,Jan 14 2020 7:30:07.0790 PM,Jan 14 2020 7:30:07.0840 PM,.005
52. Process,RunCommand,RunCommandWithParameter,PASS,,Jan 14 2020 7:30:07.0850 PM,Jan 14 2020 7:30:07.0900 PM,.0048
52. Process,RunCommand,RunCommandWithParameter,PASS,,Jan 14 2020 7:30:07.0920 PM,Jan 14 2020 7:30:07.1000 PM,.008
52. Process,RunCommand,RunCommandWithParameter,PASS,,Jan 14 2020 7:30:07.1020 PM,Jan 14 2020 7:30:07.1070 PM,.0052
52. Process,RunCommand,RunCommandWithParameter,PASS,,Jan 14 2020 7:30:07.1090 PM,Jan 14 2020 7:30:07.1130 PM,.0049
52. Process,RunCommand,RunCommandWithParameter,PASS,,Jan 14 2020 7:30:07.1150 PM,Jan 14 2020 7:30:07.1200 PM,.0048
52. Process,DRCB,addBlob,PASS,,Jan 14 2020 7:30:07.1210 PM,Jan 14 2020 7:30:07.1220 PM,.0004
53. Process,DRCB,finish,PASS,,Jan 14 2020 7:30:07.1310 PM,Jan 14 2020 7:30:07.7810 PM,.6505
54. Process,EFIDut,open,PASS,,Jan 14 2020 7:30:07.7880 PM,Jan 14 2020 7:30:07.8510 PM,.0637
54. Process,StationUtils,evaluatePredicate,PASS,,Jan 14 2020 7:30:07.8540 PM,Jan 14 2020 7:30:07.8540 PM,.0001
54. Process,EFIDut,sendCommand,PASS,,Jan 14 2020 7:30:07.8570 PM,Jan 14 2020 7:30:07.9940 PM,.1368
54. Process,EFIDut,sendCommand,PASS,,Jan 14 2020 7:30:07.9990 PM,Jan 14 2020 7:30:09.0080 PM,1.0086
54. Process,Fixture,sendCommand,PASS,,Jan 14 2020 7:30:09.0120 PM,Jan 14 2020 7:30:11.2240 PM,2.2119
54. Process,EFIDut,close,PASS,,Jan 14 2020 7:30:11.2280 PM,Jan 14 2020 7:30:11.2280 PM,.0004
