Test,Plugin,Command,Status,Info,Start Time,End Time,Duration (s)
,UART,read,ERROR,Timed out trying to read; ,Nov 15 2019 7:40:45.2360 PM,Nov 15 2019 7:40:46.2650 PM,1.0288
,UART,read,ERROR,Timed out trying to read; ,Nov 15 2019 7:40:46.3730 PM,Nov 15 2019 7:40:47.4020 PM,1.0284
,UART,read,ERROR,Timed out trying to read; ,Nov 15 2019 7:40:47.6530 PM,Nov 15 2019 7:40:48.6690 PM,1.0164
,Dut,read,ERROR,Timed out trying to read; ,Nov 15 2019 7:40:48.8620 PM,Nov 15 2019 7:40:49.8770 PM,1.0145
,Dut,read,ERROR,Timed out trying to read; ,Nov 15 2019 7:40:49.9800 PM,Nov 15 2019 7:40:50.9930 PM,1.0138
34. POTASSIUM,Fixture,sendCommand,NOT SET,,,,0
41. BUTTONS_CHECK,Fixture,sendCommand,NOT SET,,,,0
41. BUTTONS_CHECK,Fixture,sendCommand,NOT SET,,,,0
41. BUTTONS_CHECK,Fixture,sendCommand,NOT SET,,,,0
41. BUTTONS_CHECK,Fixture,sendCommand,NOT SET,,,,0
45. DBGPWR_ON,Fixture,sendCommand,NOT SET,,,,0
