Test,Plugin,Command,Status,Info,Start Time,End Time,Duration (s)
,UART,open,PASS,,Nov 15 2019 7:40:44.9840 PM,Nov 15 2019 7:40:45.0120 PM,.0286
,UART,changeLineTerminator,PASS,,Nov 15 2019 7:40:45.0140 PM,Nov 15 2019 7:40:45.0140 PM,0
,UART,sendCommand,PASS,,Nov 15 2019 7:40:45.0160 PM,Nov 15 2019 7:40:45.1220 PM,.1067
,UART,sendCommand,PASS,,Nov 15 2019 7:40:45.1240 PM,Nov 15 2019 7:40:45.2350 PM,.1108
,UART,read,ERROR,Timed out trying to read; ,Nov 15 2019 7:40:45.2360 PM,Nov 15 2019 7:40:46.2650 PM,1.0288
,UART,sendCommand,PASS,,Nov 15 2019 7:40:46.2660 PM,Nov 15 2019 7:40:46.3720 PM,.1053
,UART,read,ERROR,Timed out trying to read; ,Nov 15 2019 7:40:46.3730 PM,Nov 15 2019 7:40:47.4020 PM,1.0284
,UART,sendCommand,PASS,,Nov 15 2019 7:40:47.4030 PM,Nov 15 2019 7:40:47.5050 PM,.1021
,UART,read,PASS,,Nov 15 2019 7:40:47.5070 PM,Nov 15 2019 7:40:47.6490 PM,.1418
,UART,read,PASS,,Nov 15 2019 7:40:47.6500 PM,Nov 15 2019 7:40:47.6500 PM,.0002
,UART,read,PASS,,Nov 15 2019 7:40:47.6520 PM,Nov 15 2019 7:40:47.6520 PM,.0002
,UART,read,ERROR,Timed out trying to read; ,Nov 15 2019 7:40:47.6530 PM,Nov 15 2019 7:40:48.6690 PM,1.0164
,UART,changeDelimiter,PASS,,Nov 15 2019 7:40:48.6710 PM,Nov 15 2019 7:40:48.6710 PM,0
,UART,sendCommand,PASS,,Nov 15 2019 7:40:48.6720 PM,Nov 15 2019 7:40:48.7190 PM,.0467
CONSOLE_SETTING,UART,sendCommand,PASS,,Nov 15 2019 7:40:48.7220 PM,Nov 15 2019 7:40:48.7630 PM,.041
,UART,sendCommand,PASS,,Nov 15 2019 7:40:48.7660 PM,Nov 15 2019 7:40:48.7980 PM,.0324
,UART,close,PASS,,Nov 15 2019 7:40:48.8000 PM,Nov 15 2019 7:40:48.8000 PM,.0006
,Dut,open,PASS,,Nov 15 2019 7:40:48.8040 PM,Nov 15 2019 7:40:48.8600 PM,.0561
,Dut,read,ERROR,Timed out trying to read; ,Nov 15 2019 7:40:48.8620 PM,Nov 15 2019 7:40:49.8770 PM,1.0145
,Dut,close,PASS,,Nov 15 2019 7:40:49.8780 PM,Nov 15 2019 7:40:49.8790 PM,.0005
Copy TestPlan To LogDir,RunCommand,RunCommandWithParameter,PASS,,Nov 15 2019 7:40:49.8830 PM,Nov 15 2019 7:40:49.8940 PM,.0105
DRCB startDataReporting,DRCB,startDataReporting,PASS,,Nov 15 2019 7:40:49.8970 PM,Nov 15 2019 7:40:49.9230 PM,.0253
,Dut,open,PASS,,Nov 15 2019 7:40:49.9260 PM,Nov 15 2019 7:40:49.9780 PM,.0523
,Dut,read,ERROR,Timed out trying to read; ,Nov 15 2019 7:40:49.9800 PM,Nov 15 2019 7:40:50.9930 PM,1.0138
1. ALIAS_SETTING,Dut,sendCommand,PASS,,Nov 15 2019 7:40:50.9960 PM,Nov 15 2019 7:40:51.1270 PM,.1306
2. SPAM_SETTING,Dut,sendCommand,PASS,,Nov 15 2019 7:40:51.1300 PM,Nov 15 2019 7:40:51.5710 PM,.441
2. SPAM_SETTING,Dut,sendCommand,PASS,,Nov 15 2019 7:40:51.5730 PM,Nov 15 2019 7:40:51.6030 PM,.0303
3. GET_SW_INFO,Dut,sendCommand,PASS,,Nov 15 2019 7:40:51.6060 PM,Nov 15 2019 7:40:51.6670 PM,.0609
3. GET_SW_INFO,Dut,sendCommand,PASS,,Nov 15 2019 7:40:51.6690 PM,Nov 15 2019 7:40:51.7770 PM,.1073
4. GET_MLB_INFO,Dut,sendCommand,PASS,,Nov 15 2019 7:40:51.7810 PM,Nov 15 2019 7:40:51.8090 PM,.0282
4. GET_MLB_INFO,Dut,sendCommand,PASS,,Nov 15 2019 7:40:51.8110 PM,Nov 15 2019 7:40:51.8400 PM,.0298
4. GET_MLB_INFO,Dut,sendCommand,PASS,,Nov 15 2019 7:40:51.8420 PM,Nov 15 2019 7:40:51.8720 PM,.03
6. GET_COMP_INFO,Dut,sendCommand,PASS,,Nov 15 2019 7:40:51.8780 PM,Nov 15 2019 7:40:52.0160 PM,.1374
6. GET_COMP_INFO,Dut,sendCommand,PASS,,Nov 15 2019 7:40:52.0180 PM,Nov 15 2019 7:40:52.0640 PM,.0463
6. GET_COMP_INFO,Dut,sendCommand,PASS,,Nov 15 2019 7:40:52.0660 PM,Nov 15 2019 7:40:52.2030 PM,.1373
6. GET_COMP_INFO,Dut,sendCommand,PASS,,Nov 15 2019 7:40:52.2050 PM,Nov 15 2019 7:40:52.5020 PM,.2967
6. GET_COMP_INFO,Dut,sendCommand,PASS,,Nov 15 2019 7:40:52.5100 PM,Nov 15 2019 7:40:52.5490 PM,.0391
7. QUIESCE_SYSTEM,Dut,sendCommand,PASS,,Nov 15 2019 7:40:52.5540 PM,Nov 15 2019 7:40:52.7230 PM,.1686
7. QUIESCE_SYSTEM,Dut,sendCommand,PASS,,Nov 15 2019 7:40:52.7240 PM,Nov 15 2019 7:40:52.7600 PM,.0353
7. QUIESCE_SYSTEM,Dut,sendCommand,PASS,,Nov 15 2019 7:40:52.7610 PM,Nov 15 2019 7:40:52.8560 PM,.0944
7. QUIESCE_SYSTEM,Dut,sendCommand,PASS,,Nov 15 2019 7:40:52.8570 PM,Nov 15 2019 7:40:52.9000 PM,.0424
7. QUIESCE_SYSTEM,Dut,sendCommand,PASS,,Nov 15 2019 7:40:52.9010 PM,Nov 15 2019 7:40:52.9440 PM,.0433
8. GET_INFO2,com.apple.hwte.atlas.AppPlugin,show-form,PASS,,Nov 15 2019 7:40:52.9480 PM,Nov 15 2019 7:40:56.9610 PM,4.0132
9. QUERY_SFC_WRITE_SYSCFG,Dut,sendCommand,PASS,,Nov 15 2019 7:40:56.9660 PM,Nov 15 2019 7:40:57.0340 PM,.0675
10. GET_SYS_INFO,Dut,sendCommand,PASS,,Nov 15 2019 7:40:57.0370 PM,Nov 15 2019 7:40:57.0660 PM,.0289
11. GET_MLB_INFO,Dut,sendCommand,PASS,,Nov 15 2019 7:40:57.0700 PM,Nov 15 2019 7:40:57.1130 PM,.0437
12. SetRTC,Dut,sendCommand,PASS,,Nov 15 2019 7:40:57.1170 PM,Nov 15 2019 7:40:57.1600 PM,.0424
13. QUERY_SFC_WRITE_SYSCFG,SFCSupport,getAttribute,PASS,,Nov 15 2019 7:40:57.1630 PM,Nov 15 2019 7:40:57.1900 PM,.0262
13. QUERY_SFC_WRITE_SYSCFG,SFCSupport,getAttribute,PASS,,Nov 15 2019 7:40:57.1920 PM,Nov 15 2019 7:40:57.1980 PM,.0062
13. QUERY_SFC_WRITE_SYSCFG,SFCSupport,getAttribute,PASS,,Nov 15 2019 7:40:57.2000 PM,Nov 15 2019 7:40:57.2050 PM,.0054
13. QUERY_SFC_WRITE_SYSCFG,SFCSupport,getAttribute,PASS,,Nov 15 2019 7:40:57.2070 PM,Nov 15 2019 7:40:57.2130 PM,.0059
13. QUERY_SFC_WRITE_SYSCFG,SFCSupport,getAttribute,PASS,,Nov 15 2019 7:40:57.2150 PM,Nov 15 2019 7:40:57.2200 PM,.0052
13. QUERY_SFC_WRITE_SYSCFG,SFCSupport,getAttribute,PASS,,Nov 15 2019 7:40:57.2220 PM,Nov 15 2019 7:40:57.2270 PM,.0054
13. QUERY_SFC_WRITE_SYSCFG,SFCSupport,getAttribute,PASS,,Nov 15 2019 7:40:57.2290 PM,Nov 15 2019 7:40:57.2340 PM,.0051
13. QUERY_SFC_WRITE_SYSCFG,SFCSupport,getAttribute,PASS,,Nov 15 2019 7:40:57.2360 PM,Nov 15 2019 7:40:57.2410 PM,.0049
13. QUERY_SFC_WRITE_SYSCFG,SFCSupport,getAttribute,PASS,,Nov 15 2019 7:40:57.2430 PM,Nov 15 2019 7:40:57.2480 PM,.0044
13. QUERY_SFC_WRITE_SYSCFG,Dut,sendCommand,PASS,,Nov 15 2019 7:40:57.2500 PM,Nov 15 2019 7:40:57.3190 PM,.0691
13. QUERY_SFC_WRITE_SYSCFG,Dut,sendCommand,PASS,,Nov 15 2019 7:40:57.3210 PM,Nov 15 2019 7:40:57.3650 PM,.0444
13. QUERY_SFC_WRITE_SYSCFG,Dut,sendCommand,PASS,,Nov 15 2019 7:40:57.3670 PM,Nov 15 2019 7:40:57.4450 PM,.0782
13. QUERY_SFC_WRITE_SYSCFG,Dut,sendCommand,PASS,,Nov 15 2019 7:40:57.4470 PM,Nov 15 2019 7:40:57.4930 PM,.0463
13. QUERY_SFC_WRITE_SYSCFG,Dut,sendCommand,PASS,,Nov 15 2019 7:40:57.4950 PM,Nov 15 2019 7:40:57.5730 PM,.0784
13. QUERY_SFC_WRITE_SYSCFG,Dut,sendCommand,PASS,,Nov 15 2019 7:40:57.5740 PM,Nov 15 2019 7:40:57.6210 PM,.0463
13. QUERY_SFC_WRITE_SYSCFG,Dut,sendCommand,PASS,,Nov 15 2019 7:40:57.6230 PM,Nov 15 2019 7:40:57.7010 PM,.078
13. QUERY_SFC_WRITE_SYSCFG,Dut,sendCommand,PASS,,Nov 15 2019 7:40:57.7020 PM,Nov 15 2019 7:40:57.7490 PM,.0463
13. QUERY_SFC_WRITE_SYSCFG,Dut,sendCommand,PASS,,Nov 15 2019 7:40:57.7510 PM,Nov 15 2019 7:40:57.8290 PM,.078
13. QUERY_SFC_WRITE_SYSCFG,Dut,sendCommand,PASS,,Nov 15 2019 7:40:57.8300 PM,Nov 15 2019 7:40:57.8760 PM,.0464
13. QUERY_SFC_WRITE_SYSCFG,Dut,sendCommand,PASS,,Nov 15 2019 7:40:57.8790 PM,Nov 15 2019 7:40:57.9560 PM,.0776
13. QUERY_SFC_WRITE_SYSCFG,Dut,sendCommand,PASS,,Nov 15 2019 7:40:57.9580 PM,Nov 15 2019 7:40:57.9880 PM,.0306
13. QUERY_SFC_WRITE_SYSCFG,Dut,sendCommand,PASS,,Nov 15 2019 7:40:57.9900 PM,Nov 15 2019 7:40:58.0360 PM,.046
13. QUERY_SFC_WRITE_SYSCFG,Dut,sendCommand,PASS,,Nov 15 2019 7:40:58.0380 PM,Nov 15 2019 7:40:58.0680 PM,.0303
13. QUERY_SFC_WRITE_SYSCFG,Dut,sendCommand,PASS,,Nov 15 2019 7:40:58.0690 PM,Nov 15 2019 7:40:58.1160 PM,.0465
13. QUERY_SFC_WRITE_SYSCFG,Dut,sendCommand,PASS,,Nov 15 2019 7:40:58.1170 PM,Nov 15 2019 7:40:58.1480 PM,.0301
13. QUERY_SFC_WRITE_SYSCFG,Dut,sendCommand,PASS,,Nov 15 2019 7:40:58.1490 PM,Nov 15 2019 7:40:58.1960 PM,.0467
13. QUERY_SFC_WRITE_SYSCFG,Dut,sendCommand,PASS,,Nov 15 2019 7:40:58.1970 PM,Nov 15 2019 7:40:58.2420 PM,.0444
13. QUERY_SFC_WRITE_SYSCFG,Dut,sendCommand,PASS,,Nov 15 2019 7:40:58.2440 PM,Nov 15 2019 7:40:58.3220 PM,.0781
13. QUERY_SFC_WRITE_SYSCFG,Dut,sendCommand,PASS,,Nov 15 2019 7:40:58.3230 PM,Nov 15 2019 7:40:58.3690 PM,.0453
13. QUERY_SFC_WRITE_SYSCFG,Dut,sendCommand,PASS,,Nov 15 2019 7:40:58.3700 PM,Nov 15 2019 7:40:58.4160 PM,.0462
13. QUERY_SFC_WRITE_SYSCFG,Dut,sendCommand,PASS,,Nov 15 2019 7:40:58.4180 PM,Nov 15 2019 7:40:58.4640 PM,.0465
14. GET_INFO3,SFCSupport,getAttribute,PASS,,Nov 15 2019 7:40:58.4710 PM,Nov 15 2019 7:40:58.4770 PM,.0055
15. COMM_BUS_SWEEP,Dut,sendCommand,PASS,,Nov 15 2019 7:40:58.4810 PM,Nov 15 2019 7:40:58.5580 PM,.0768
16. QUIESCE_SYSTEM_2,Dut,sendCommand,PASS,,Nov 15 2019 7:40:58.5620 PM,Nov 15 2019 7:40:58.6040 PM,.0423
16. QUIESCE_SYSTEM_2,Dut,sendCommand,PASS,,Nov 15 2019 7:40:58.6060 PM,Nov 15 2019 7:40:59.7200 PM,1.1147
16. QUIESCE_SYSTEM_2,Dut,sendCommand,PASS,,Nov 15 2019 7:40:59.7220 PM,Nov 15 2019 7:40:59.7660 PM,.0445
16. QUIESCE_SYSTEM_2,Dut,sendCommand,PASS,,Nov 15 2019 7:40:59.7680 PM,Nov 15 2019 7:40:59.8090 PM,.0411
16. QUIESCE_SYSTEM_2,Dut,sendCommand,PASS,,Nov 15 2019 7:40:59.8110 PM,Nov 15 2019 7:40:59.8520 PM,.0414
16. QUIESCE_SYSTEM_2,Dut,sendCommand,PASS,,Nov 15 2019 7:40:59.8540 PM,Nov 15 2019 7:40:59.8840 PM,.0301
16. QUIESCE_SYSTEM_2,Dut,sendCommand,PASS,,Nov 15 2019 7:40:59.8850 PM,Nov 15 2019 7:41:00.1710 PM,.2862
16. QUIESCE_SYSTEM_2,Dut,sendCommand,PASS,,Nov 15 2019 7:41:00.1730 PM,Nov 15 2019 7:41:00.5710 PM,.3978
16. QUIESCE_SYSTEM_2,Dut,sendCommand,PASS,,Nov 15 2019 7:41:00.5720 PM,Nov 15 2019 7:41:00.6110 PM,.0383
16. QUIESCE_SYSTEM_2,Dut,sendCommand,PASS,,Nov 15 2019 7:41:00.6120 PM,Nov 15 2019 7:41:00.6560 PM,.0435
16. QUIESCE_SYSTEM_2,Dut,sendCommand,PASS,,Nov 15 2019 7:41:00.6570 PM,Nov 15 2019 7:41:00.6990 PM,.0413
16. QUIESCE_SYSTEM_2,Dut,sendCommand,PASS,,Nov 15 2019 7:41:00.7000 PM,Nov 15 2019 7:41:00.7410 PM,.0406
16. QUIESCE_SYSTEM_2,Dut,sendCommand,PASS,,Nov 15 2019 7:41:00.7420 PM,Nov 15 2019 7:41:00.7800 PM,.0382
17. CHARGER_OFF,Dut,sendCommand,PASS,,Nov 15 2019 7:41:00.7850 PM,Nov 15 2019 7:41:00.8950 PM,.1107
17. CHARGER_OFF,Dut,sendCommand,PASS,,Nov 15 2019 7:41:00.8970 PM,Nov 15 2019 7:41:00.9270 PM,.03
17. CHARGER_OFF,Dut,sendCommand,PASS,,Nov 15 2019 7:41:00.9290 PM,Nov 15 2019 7:41:00.9690 PM,.04
17. CHARGER_OFF,Dut,sendCommand,PASS,,Nov 15 2019 7:41:00.9710 PM,Nov 15 2019 7:41:01.0010 PM,.0304
18. LISA_INIT,Dut,sendCommand,PASS,,Nov 15 2019 7:41:01.0050 PM,Nov 15 2019 7:41:01.0520 PM,.0468
18. LISA_INIT,Dut,sendCommand,PASS,,Nov 15 2019 7:41:01.0600 PM,Nov 15 2019 7:41:01.2080 PM,.1476
18. LISA_INIT,Dut,sendCommand,PASS,,Nov 15 2019 7:41:01.2100 PM,Nov 15 2019 7:41:01.2540 PM,.0438
18. LISA_INIT,Dut,sendCommand,PASS,,Nov 15 2019 7:41:01.2550 PM,Nov 15 2019 7:41:01.2960 PM,.0412
18. LISA_INIT,Dut,sendCommand,PASS,,Nov 15 2019 7:41:01.2980 PM,Nov 15 2019 7:41:01.3490 PM,.0514
18. LISA_INIT,Dut,sendCommand,PASS,,Nov 15 2019 7:41:01.3510 PM,Nov 15 2019 7:41:01.3950 PM,.0438
18. LISA_INIT,Dut,sendCommand,PASS,,Nov 15 2019 7:41:01.3970 PM,Nov 15 2019 7:41:01.4400 PM,.0428
18. LISA_INIT,Dut,sendCommand,PASS,,Nov 15 2019 7:41:01.4470 PM,Nov 15 2019 7:41:01.4870 PM,.0399
19. INIT_GG_READ,Dut,sendCommand,PASS,,Nov 15 2019 7:41:01.4920 PM,Nov 15 2019 7:41:04.5220 PM,3.0303
19. INIT_GG_READ,Dut,sendCommand,PASS,,Nov 15 2019 7:41:04.5230 PM,Nov 15 2019 7:41:04.8120 PM,.2883
20. INIT_SOC_READ,Dut,sendCommand,PASS,,Nov 15 2019 7:41:04.8840 PM,Nov 15 2019 7:41:04.9480 PM,.0639
21. INIT_PMU_READ,Dut,sendCommand,PASS,,Nov 15 2019 7:41:04.9650 PM,Nov 15 2019 7:41:04.9960 PM,.0317
21. INIT_PMU_READ,Dut,sendCommand,PASS,,Nov 15 2019 7:41:04.9980 PM,Nov 15 2019 7:41:05.0370 PM,.0391
21. INIT_PMU_READ,Dut,sendCommand,PASS,,Nov 15 2019 7:41:05.0390 PM,Nov 15 2019 7:41:05.0810 PM,.0423
21. INIT_PMU_READ,Dut,sendCommand,PASS,,Nov 15 2019 7:41:05.0830 PM,Nov 15 2019 7:41:06.5380 PM,1.4554
22. LYNX_TEST,Dut,sendCommand,PASS,,Nov 15 2019 7:41:06.6630 PM,Nov 15 2019 7:41:07.4640 PM,.8013
22. LYNX_TEST,Dut,sendCommand,PASS,,Nov 15 2019 7:41:07.4660 PM,Nov 15 2019 7:41:14.9160 PM,7.4503
22. LYNX_TEST,Dut,sendCommand,PASS,,Nov 15 2019 7:41:14.9180 PM,Nov 15 2019 7:41:15.0600 PM,.1424
22. LYNX_TEST,Dut,sendCommand,PASS,,Nov 15 2019 7:41:15.0620 PM,Nov 15 2019 7:41:15.1380 PM,.076
22. LYNX_TEST,Dut,sendCommand,PASS,,Nov 15 2019 7:41:15.1400 PM,Nov 15 2019 7:41:15.1920 PM,.0523
22. LYNX_TEST,Dut,sendCommand,PASS,,Nov 15 2019 7:41:15.1940 PM,Nov 15 2019 7:41:15.3360 PM,.142
23. CHARGER_ON,Dut,sendCommand,PASS,,Nov 15 2019 7:41:15.3400 PM,Nov 15 2019 7:41:15.3770 PM,.0375
23. CHARGER_ON,Dut,sendCommand,PASS,,Nov 15 2019 7:41:15.3790 PM,Nov 15 2019 7:41:15.4090 PM,.0304
23. CHARGER_ON,Dut,sendCommand,PASS,,Nov 15 2019 7:41:15.4110 PM,Nov 15 2019 7:41:15.4570 PM,.0461
24. SET_BUBO_PFM,Dut,sendCommand,PASS,,Nov 15 2019 7:41:15.4610 PM,Nov 15 2019 7:41:15.5100 PM,.049
25. Kobol_INIT,Dut,sendCommand,PASS,,Nov 15 2019 7:41:15.5130 PM,Nov 15 2019 7:41:15.8140 PM,.3003
26. IMU_ACCEL_ID,Dut,sendCommand,PASS,,Nov 15 2019 7:41:15.8170 PM,Nov 15 2019 7:41:15.8780 PM,.0615
27. Kobol_ACCEL_ID,Dut,sendCommand,PASS,,Nov 15 2019 7:41:15.8830 PM,Nov 15 2019 7:41:15.9410 PM,.058
28. Kobol_GYRO_DRIVE_FREQ_MEAS,Dut,sendCommand,PASS,,Nov 15 2019 7:41:15.9460 PM,Nov 15 2019 7:41:16.1950 PM,.2485
29. IMU_Connectivity,Dut,sendCommand,PASS,,Nov 15 2019 7:41:16.1990 PM,Nov 15 2019 7:41:16.2550 PM,.0562
30. IMU_OFF,Dut,sendCommand,PASS,,Nov 15 2019 7:41:16.2590 PM,Nov 15 2019 7:41:16.5540 PM,.2952
31. Kobol_ACCEL_SELFTEST,Dut,sendCommand,PASS,,Nov 15 2019 7:41:16.5570 PM,Nov 15 2019 7:41:16.6940 PM,.1368
31. Kobol_ACCEL_SELFTEST,Dut,sendCommand,PASS,,Nov 15 2019 7:41:16.6960 PM,Nov 15 2019 7:41:16.9470 PM,.251
32. IMU_Combo_LPNM25_BUBO_PFM,Dut,sendCommand,PASS,,Nov 15 2019 7:41:16.9560 PM,Nov 15 2019 7:41:17.2500 PM,.2939
32. IMU_Combo_LPNM25_BUBO_PFM,Dut,sendCommand,PASS,,Nov 15 2019 7:41:17.2520 PM,Nov 15 2019 7:41:17.2970 PM,.0454
32. IMU_Combo_LPNM25_BUBO_PFM,Dut,sendCommand,PASS,,Nov 15 2019 7:41:17.2990 PM,Nov 15 2019 7:41:17.3420 PM,.0434
32. IMU_Combo_LPNM25_BUBO_PFM,Dut,sendCommand,PASS,,Nov 15 2019 7:41:17.3430 PM,Nov 15 2019 7:41:17.3860 PM,.0424
32. IMU_Combo_LPNM25_BUBO_PFM,Dut,sendCommand,PASS,,Nov 15 2019 7:41:17.3870 PM,Nov 15 2019 7:41:17.5510 PM,.1632
32. IMU_Combo_LPNM25_BUBO_PFM,Dut,sendCommand,PASS,,Nov 15 2019 7:41:17.5520 PM,Nov 15 2019 7:41:17.6930 PM,.1412
32. IMU_Combo_LPNM25_BUBO_PFM,Dut,sendCommand,PASS,,Nov 15 2019 7:41:17.6950 PM,Nov 15 2019 7:41:17.8360 PM,.1411
32. IMU_Combo_LPNM25_BUBO_PFM,Dut,sendCommand,PASS,,Nov 15 2019 7:41:17.8370 PM,Nov 15 2019 7:41:17.8890 PM,.0514
32. IMU_Combo_LPNM25_BUBO_PFM,Dut,sendCommand,PASS,,Nov 15 2019 7:41:17.8900 PM,Nov 15 2019 7:41:17.9370 PM,.0467
32. IMU_Combo_LPNM25_BUBO_PFM,Dut,sendCommand,PASS,,Nov 15 2019 7:41:17.9390 PM,Nov 15 2019 7:41:18.5960 PM,.6575
32. IMU_Combo_LPNM25_BUBO_PFM,Dut,sendCommand,PASS,,Nov 15 2019 7:41:18.6310 PM,Nov 15 2019 7:41:18.6600 PM,.0281
32. IMU_Combo_LPNM25_BUBO_PFM,Dut,sendCommand,PASS,,Nov 15 2019 7:41:18.6610 PM,Nov 15 2019 7:41:18.7040 PM,.0433
33. TURN_OFF_IMU,Dut,sendCommand,PASS,,Nov 15 2019 7:41:18.7100 PM,Nov 15 2019 7:41:18.7990 PM,.0897
34. POTASSIUM,Fixture,sendCommand,NOT SET,,,,0
34. POTASSIUM,Dut,sendCommand,PASS,,Nov 15 2019 7:41:18.8030 PM,Nov 15 2019 7:41:18.8510 PM,.0486
34. POTASSIUM,Dut,sendCommand,PASS,,Nov 15 2019 7:41:18.8530 PM,Nov 15 2019 7:41:18.8960 PM,.043
34. POTASSIUM,Dut,sendCommand,PASS,,Nov 15 2019 7:41:18.8980 PM,Nov 15 2019 7:41:18.9650 PM,.0673
34. POTASSIUM,Dut,sendCommand,PASS,,Nov 15 2019 7:41:18.9670 PM,Nov 15 2019 7:41:19.0110 PM,.0437
34. POTASSIUM,Dut,sendCommand,PASS,,Nov 15 2019 7:41:19.0130 PM,Nov 15 2019 7:41:21.3570 PM,2.344
34. POTASSIUM,Dut,sendCommand,PASS,,Nov 15 2019 7:41:21.3610 PM,Nov 15 2019 7:41:21.4020 PM,.0408
35. MOLYBDENUM,Dut,sendCommand,PASS,,Nov 15 2019 7:41:21.4070 PM,Nov 15 2019 7:41:21.4590 PM,.052
35. MOLYBDENUM,Dut,sendCommand,PASS,,Nov 15 2019 7:41:21.4610 PM,Nov 15 2019 7:41:21.5010 PM,.04
35. MOLYBDENUM,Dut,sendCommand,PASS,,Nov 15 2019 7:41:21.5030 PM,Nov 15 2019 7:41:21.6040 PM,.101
35. MOLYBDENUM,Dut,sendCommand,PASS,,Nov 15 2019 7:41:21.6050 PM,Nov 15 2019 7:41:24.1960 PM,2.5907
36. QUIESCE_SYSTEM_3,Dut,sendCommand,PASS,,Nov 15 2019 7:41:24.2010 PM,Nov 15 2019 7:41:24.2410 PM,.04
36. QUIESCE_SYSTEM_3,Dut,sendCommand,PASS,,Nov 15 2019 7:41:24.2430 PM,Nov 15 2019 7:41:24.2860 PM,.0427
37. ARDMORE_TEST,Dut,sendCommand,PASS,,Nov 15 2019 7:41:24.2890 PM,Nov 15 2019 7:41:24.4060 PM,.1166
37. ARDMORE_TEST,Dut,sendCommand,PASS,,Nov 15 2019 7:41:24.4070 PM,Nov 15 2019 7:41:24.4510 PM,.0433
37. ARDMORE_TEST,Dut,sendCommand,PASS,,Nov 15 2019 7:41:24.4520 PM,Nov 15 2019 7:41:24.5300 PM,.0784
37. ARDMORE_TEST,Dut,sendCommand,PASS,,Nov 15 2019 7:41:24.5330 PM,Nov 15 2019 7:41:24.7090 PM,.1759
37. ARDMORE_TEST,Dut,sendCommand,PASS,,Nov 15 2019 7:41:24.7110 PM,Nov 15 2019 7:41:24.7570 PM,.0461
38. SPEAKER_IMPEDANCE,Dut,sendCommand,PASS,,Nov 15 2019 7:41:24.7620 PM,Nov 15 2019 7:41:24.8790 PM,.1165
38. SPEAKER_IMPEDANCE,Dut,sendCommand,PASS,,Nov 15 2019 7:41:24.8800 PM,Nov 15 2019 7:41:24.9250 PM,.0443
38. SPEAKER_IMPEDANCE,Dut,sendCommand,PASS,,Nov 15 2019 7:41:24.9260 PM,Nov 15 2019 7:41:24.9700 PM,.0435
38. SPEAKER_IMPEDANCE,Dut,sendCommand,PASS,,Nov 15 2019 7:41:24.9710 PM,Nov 15 2019 7:41:25.0140 PM,.0423
38. SPEAKER_IMPEDANCE,Dut,sendCommand,PASS,,Nov 15 2019 7:41:25.0150 PM,Nov 15 2019 7:41:25.0530 PM,.0384
38. SPEAKER_IMPEDANCE,Dut,sendCommand,PASS,,Nov 15 2019 7:41:25.0550 PM,Nov 15 2019 7:41:25.0960 PM,.0407
38. SPEAKER_IMPEDANCE,Dut,sendCommand,PASS,,Nov 15 2019 7:41:25.0970 PM,Nov 15 2019 7:41:25.1470 PM,.0498
38. SPEAKER_IMPEDANCE,Dut,sendCommand,PASS,,Nov 15 2019 7:41:25.1490 PM,Nov 15 2019 7:41:25.2020 PM,.0534
38. SPEAKER_IMPEDANCE,Dut,sendCommand,PASS,,Nov 15 2019 7:41:25.2040 PM,Nov 15 2019 7:41:26.2660 PM,1.0628
38. SPEAKER_IMPEDANCE,Dut,sendCommand,PASS,,Nov 15 2019 7:41:26.2680 PM,Nov 15 2019 7:41:26.4570 PM,.1893
38. SPEAKER_IMPEDANCE,Dut,sendCommand,PASS,,Nov 15 2019 7:41:26.4600 PM,Nov 15 2019 7:41:26.5000 PM,.0403
38. SPEAKER_IMPEDANCE,Dut,sendCommand,PASS,,Nov 15 2019 7:41:26.5020 PM,Nov 15 2019 7:41:26.5560 PM,.0543
39. CARNELIAN,Dut,sendCommand,PASS,,Nov 15 2019 7:41:26.5600 PM,Nov 15 2019 7:41:26.6800 PM,.1195
39. CARNELIAN,Dut,sendCommand,PASS,,Nov 15 2019 7:41:26.6810 PM,Nov 15 2019 7:41:26.7210 PM,.0392
39. CARNELIAN,Dut,sendCommand,PASS,,Nov 15 2019 7:41:26.7220 PM,Nov 15 2019 7:41:28.2190 PM,1.4971
39. CARNELIAN,Dut,sendCommand,PASS,,Nov 15 2019 7:41:28.2210 PM,Nov 15 2019 7:41:28.2590 PM,.038
39. CARNELIAN,Dut,sendCommand,PASS,,Nov 15 2019 7:41:28.2600 PM,Nov 15 2019 7:41:28.3150 PM,.0545
40. MAGNETITE_TEST_1,Dut,sendCommand,PASS,,Nov 15 2019 7:41:28.3180 PM,Nov 15 2019 7:41:28.3660 PM,.0475
40. MAGNETITE_TEST_1,Dut,sendCommand,PASS,,Nov 15 2019 7:41:28.3670 PM,Nov 15 2019 7:41:28.3980 PM,.0305
41. BUTTONS_CHECK,Dut,sendCommand,PASS,,Nov 15 2019 7:41:28.4010 PM,Nov 15 2019 7:41:28.4530 PM,.0517
41. BUTTONS_CHECK,Fixture,sendCommand,NOT SET,,,,0
41. BUTTONS_CHECK,Dut,sendCommand,PASS,,Nov 15 2019 7:41:28.4550 PM,Nov 15 2019 7:41:28.4950 PM,.0393
41. BUTTONS_CHECK,Fixture,sendCommand,NOT SET,,,,0
41. BUTTONS_CHECK,Fixture,sendCommand,NOT SET,,,,0
41. BUTTONS_CHECK,Dut,sendCommand,PASS,,Nov 15 2019 7:41:28.4970 PM,Nov 15 2019 7:41:28.5380 PM,.0407
41. BUTTONS_CHECK,Fixture,sendCommand,NOT SET,,,,0
41. BUTTONS_CHECK,Dut,sendCommand,PASS,,Nov 15 2019 7:41:28.5400 PM,Nov 15 2019 7:41:28.5790 PM,.0393
42. BATTERY_PROPERTIES,Dut,sendCommand,PASS,,Nov 15 2019 7:41:28.5840 PM,Nov 15 2019 7:41:28.6280 PM,.044
42. BATTERY_PROPERTIES,Dut,sendCommand,PASS,,Nov 15 2019 7:41:28.6300 PM,Nov 15 2019 7:41:29.6450 PM,1.0148
42. BATTERY_PROPERTIES,Dut,sendCommand,PASS,,Nov 15 2019 7:41:29.6470 PM,Nov 15 2019 7:41:29.9800 PM,.3336
42. BATTERY_PROPERTIES,Dut,sendCommand,PASS,,Nov 15 2019 7:41:29.9820 PM,Nov 15 2019 7:41:30.1720 PM,.1897
43. MAGNETITE_TEST_2,Dut,sendCommand,PASS,,Nov 15 2019 7:41:30.1760 PM,Nov 15 2019 7:41:31.2170 PM,1.0407
43. MAGNETITE_TEST_2,Dut,sendCommand,PASS,,Nov 15 2019 7:41:31.2190 PM,Nov 15 2019 7:41:35.1990 PM,3.9806
43. MAGNETITE_TEST_2,Dut,sendCommand,PASS,,Nov 15 2019 7:41:35.2070 PM,Nov 15 2019 7:41:35.2310 PM,.0242
43. MAGNETITE_TEST_2,Dut,sendCommand,PASS,,Nov 15 2019 7:41:35.2330 PM,Nov 15 2019 7:41:35.2700 PM,.0374
43. MAGNETITE_TEST_2,Dut,sendCommand,PASS,,Nov 15 2019 7:41:35.2720 PM,Nov 15 2019 7:41:35.3090 PM,.0371
43. MAGNETITE_TEST_2,Dut,sendCommand,PASS,,Nov 15 2019 7:41:35.3110 PM,Nov 15 2019 7:41:50.3390 PM,15.0283
43. MAGNETITE_TEST_2,Dut,sendCommand,PASS,,Nov 15 2019 7:41:50.3400 PM,Nov 15 2019 7:41:51.3610 PM,1.0206
43. MAGNETITE_TEST_2,Dut,sendCommand,PASS,,Nov 15 2019 7:41:51.3630 PM,Nov 15 2019 7:41:52.2480 PM,.8851
43. MAGNETITE_TEST_2,Dut,sendCommand,PASS,,Nov 15 2019 7:41:52.2530 PM,Nov 15 2019 7:41:54.2920 PM,2.0387
44. PUCK_CHARGE_TEST,Dut,sendCommand,PASS,,Nov 15 2019 7:41:54.3010 PM,Nov 15 2019 7:41:54.4090 PM,.1078
44. PUCK_CHARGE_TEST,Dut,sendCommand,PASS,,Nov 15 2019 7:41:54.4110 PM,Nov 15 2019 7:41:54.7000 PM,.289
45. DBGPWR_ON,Fixture,sendCommand,NOT SET,,,,0
45. DBGPWR_ON,Dut,sendCommand,PASS,,Nov 15 2019 7:41:54.7060 PM,Nov 15 2019 7:41:54.7450 PM,.0389
46. WIFI,Dut,sendCommand,PASS,,Nov 15 2019 7:41:54.7490 PM,Nov 15 2019 7:41:55.2230 PM,.4736
46. WIFI,Dut,sendCommand,PASS,,Nov 15 2019 7:41:55.2240 PM,Nov 15 2019 7:41:55.2750 PM,.0509
47. BULETOOTH,Dut,sendCommand,PASS,,Nov 15 2019 7:41:55.2790 PM,Nov 15 2019 7:41:55.7060 PM,.4275
47. BULETOOTH,Dut,sendCommand,PASS,,Nov 15 2019 7:41:55.7080 PM,Nov 15 2019 7:41:55.8170 PM,.1092
47. BULETOOTH,Dut,sendCommand,PASS,,Nov 15 2019 7:41:55.8190 PM,Nov 15 2019 7:41:55.8650 PM,.0462
48. STOCKHOLM,Dut,sendCommand,PASS,,Nov 15 2019 7:41:55.8690 PM,Nov 15 2019 7:41:56.1830 PM,.3133
48. STOCKHOLM,Dut,sendCommand,PASS,,Nov 15 2019 7:41:56.1840 PM,Nov 15 2019 7:41:56.2150 PM,.0305
48. STOCKHOLM,Dut,sendCommand,PASS,,Nov 15 2019 7:41:56.2160 PM,Nov 15 2019 7:41:56.2680 PM,.052
48. STOCKHOLM,Dut,sendCommand,PASS,,Nov 15 2019 7:41:56.2700 PM,Nov 15 2019 7:41:56.3160 PM,.0464
48. STOCKHOLM,Dut,sendCommand,PASS,,Nov 15 2019 7:41:56.3180 PM,Nov 15 2019 7:41:56.3640 PM,.0462
48. STOCKHOLM,Dut,sendCommand,PASS,,Nov 15 2019 7:41:56.3660 PM,Nov 15 2019 7:41:56.4110 PM,.0453
48. STOCKHOLM,Dut,sendCommand,PASS,,Nov 15 2019 7:41:56.4130 PM,Nov 15 2019 7:41:57.0180 PM,.605
48. STOCKHOLM,Dut,sendCommand,PASS,,Nov 15 2019 7:41:57.0200 PM,Nov 15 2019 7:41:58.5520 PM,1.5318
48. STOCKHOLM,Dut,sendCommand,PASS,,Nov 15 2019 7:41:58.5530 PM,Nov 15 2019 7:41:58.5840 PM,.0301
48. STOCKHOLM,Dut,sendCommand,PASS,,Nov 15 2019 7:41:58.5850 PM,Nov 15 2019 7:41:58.6160 PM,.0305
48. STOCKHOLM,Dut,sendCommand,PASS,,Nov 15 2019 7:41:58.6170 PM,Nov 15 2019 7:41:58.6470 PM,.0304
48. STOCKHOLM,Dut,sendCommand,PASS,,Nov 15 2019 7:41:58.6490 PM,Nov 15 2019 7:41:58.6790 PM,.0302
48. STOCKHOLM,Dut,sendCommand,PASS,,Nov 15 2019 7:41:58.6810 PM,Nov 15 2019 7:41:58.7110 PM,.0305
49. GERMANIUM_BASEBAND_VINYL,Dut,sendCommand,PASS,,Nov 15 2019 7:41:58.7160 PM,Nov 15 2019 7:42:02.6630 PM,3.9472
49. GERMANIUM_BASEBAND_VINYL,Dut,sendCommand,PASS,,Nov 15 2019 7:42:02.6660 PM,Nov 15 2019 7:42:02.7500 PM,.0841
49. GERMANIUM_BASEBAND_VINYL,Dut,sendCommand,PASS,,Nov 15 2019 7:42:02.7520 PM,Nov 15 2019 7:42:03.1400 PM,.3887
50. GRAPE_TEST,Dut,sendCommand,PASS,,Nov 15 2019 7:42:03.1440 PM,Nov 15 2019 7:42:03.2560 PM,.112
50. GRAPE_TEST,Dut,sendCommand,PASS,,Nov 15 2019 7:42:03.2590 PM,Nov 15 2019 7:42:03.3980 PM,.1391
50. GRAPE_TEST,Dut,sendCommand,PASS,,Nov 15 2019 7:42:03.4010 PM,Nov 15 2019 7:42:03.4440 PM,.0429
51. ALS_TEST,Dut,sendCommand,PASS,,Nov 15 2019 7:42:03.4490 PM,Nov 15 2019 7:42:03.4970 PM,.0473
51. ALS_TEST,Dut,sendCommand,PASS,,Nov 15 2019 7:42:03.4990 PM,Nov 15 2019 7:42:03.7840 PM,.2849
51. ALS_TEST,Dut,sendCommand,PASS,,Nov 15 2019 7:42:03.7860 PM,Nov 15 2019 7:42:03.8160 PM,.0303
51. ALS_TEST,Dut,sendCommand,PASS,,Nov 15 2019 7:42:03.8180 PM,Nov 15 2019 7:42:03.8480 PM,.0307
51. ALS_TEST,Dut,sendCommand,PASS,,Nov 15 2019 7:42:03.8500 PM,Nov 15 2019 7:42:03.8900 PM,.0404
51. ALS_TEST,Dut,sendCommand,PASS,,Nov 15 2019 7:42:03.8920 PM,Nov 15 2019 7:42:03.9920 PM,.1003
51. ALS_TEST,Dut,sendCommand,PASS,,Nov 15 2019 7:42:03.9960 PM,Nov 15 2019 7:42:04.0430 PM,.0466
51. ALS_TEST,Dut,sendCommand,PASS,,Nov 15 2019 7:42:04.0460 PM,Nov 15 2019 7:42:04.1060 PM,.0603
51. ALS_TEST,Dut,sendCommand,PASS,,Nov 15 2019 7:42:04.1070 PM,Nov 15 2019 7:42:04.9630 PM,.8554
51. ALS_TEST,Dut,sendCommand,PASS,,Nov 15 2019 7:42:04.9650 PM,Nov 15 2019 7:42:05.2020 PM,.2369
51. ALS_TEST,Dut,sendCommand,PASS,,Nov 15 2019 7:42:05.2040 PM,Nov 15 2019 7:42:06.0490 PM,.8454
51. ALS_TEST,Dut,sendCommand,PASS,,Nov 15 2019 7:42:06.0510 PM,Nov 15 2019 7:42:06.4640 PM,.4123
51. ALS_TEST,Dut,sendCommand,PASS,,Nov 15 2019 7:42:06.4650 PM,Nov 15 2019 7:42:06.5030 PM,.0375
52. DISPLAY_TEST,Dut,sendCommand,PASS,,Nov 15 2019 7:42:06.5080 PM,Nov 15 2019 7:42:06.8060 PM,.2985
52. DISPLAY_TEST,Dut,sendCommand,PASS,,Nov 15 2019 7:42:06.8080 PM,Nov 15 2019 7:42:06.8540 PM,.0464
52. DISPLAY_TEST,Dut,sendCommand,PASS,,Nov 15 2019 7:42:06.8560 PM,Nov 15 2019 7:42:06.8860 PM,.0304
52. DISPLAY_TEST,Dut,sendCommand,PASS,,Nov 15 2019 7:42:06.8880 PM,Nov 15 2019 7:42:06.9270 PM,.0393
52. DISPLAY_TEST,Dut,sendCommand,PASS,,Nov 15 2019 7:42:06.9290 PM,Nov 15 2019 7:42:06.9590 PM,.0302
52. DISPLAY_TEST,Dut,sendCommand,PASS,,Nov 15 2019 7:42:06.9600 PM,Nov 15 2019 7:42:08.9870 PM,2.027
52. DISPLAY_TEST,Dut,sendCommand,PASS,,Nov 15 2019 7:42:08.9890 PM,Nov 15 2019 7:42:09.0510 PM,.062
52. DISPLAY_TEST,Dut,sendCommand,PASS,,Nov 15 2019 7:42:09.0530 PM,Nov 15 2019 7:42:11.0800 PM,2.0266
52. DISPLAY_TEST,Dut,sendCommand,PASS,,Nov 15 2019 7:42:11.0820 PM,Nov 15 2019 7:42:11.1240 PM,.042
52. DISPLAY_TEST,Dut,sendCommand,PASS,,Nov 15 2019 7:42:11.1250 PM,Nov 15 2019 7:42:11.3790 PM,.2542
52. DISPLAY_TEST,Dut,sendCommand,PASS,,Nov 15 2019 7:42:11.3820 PM,Nov 15 2019 7:42:11.4860 PM,.1039
52. DISPLAY_TEST,Dut,sendCommand,PASS,,Nov 15 2019 7:42:11.4880 PM,Nov 15 2019 7:42:11.8850 PM,.3974
53. END_QUIESCE_SYSTEM,Dut,sendCommand,PASS,,Nov 15 2019 7:42:11.8900 PM,Nov 15 2019 7:42:11.9260 PM,.0361
54. QUERY_SFC_WRITE_SYSCFG_2,Dut,sendCommand,PASS,,Nov 15 2019 7:42:11.9290 PM,Nov 15 2019 7:42:11.9900 PM,.0608
54. QUERY_SFC_WRITE_SYSCFG_2,Dut,sendCommand,PASS,,Nov 15 2019 7:42:11.9920 PM,Nov 15 2019 7:42:12.0450 PM,.0529
54. QUERY_SFC_WRITE_SYSCFG_2,Dut,sendCommand,PASS,,Nov 15 2019 7:42:12.0480 PM,Nov 15 2019 7:42:12.1570 PM,.1088
54. QUERY_SFC_WRITE_SYSCFG_2,Dut,sendCommand,PASS,,Nov 15 2019 7:42:12.1580 PM,Nov 15 2019 7:42:12.2040 PM,.0455
54. QUERY_SFC_WRITE_SYSCFG_2,Dut,sendCommand,PASS,,Nov 15 2019 7:42:12.2060 PM,Nov 15 2019 7:42:12.2520 PM,.0453
54. QUERY_SFC_WRITE_SYSCFG_2,Dut,sendCommand,PASS,,Nov 15 2019 7:42:12.2530 PM,Nov 15 2019 7:42:12.2990 PM,.0455
54. QUERY_SFC_WRITE_SYSCFG_2,Dut,sendCommand,PASS,,Nov 15 2019 7:42:12.3010 PM,Nov 15 2019 7:42:12.3470 PM,.0453
54. QUERY_SFC_WRITE_SYSCFG_2,Dut,sendCommand,PASS,,Nov 15 2019 7:42:12.3480 PM,Nov 15 2019 7:42:12.3930 PM,.0452
54. QUERY_SFC_WRITE_SYSCFG_2,Dut,sendCommand,PASS,,Nov 15 2019 7:42:12.3980 PM,Nov 15 2019 7:42:12.4410 PM,.0432
54. QUERY_SFC_WRITE_SYSCFG_2,Dut,sendCommand,PASS,,Nov 15 2019 7:42:12.4430 PM,Nov 15 2019 7:42:12.4890 PM,.0465
54. QUERY_SFC_WRITE_SYSCFG_2,Dut,sendCommand,PASS,,Nov 15 2019 7:42:12.4920 PM,Nov 15 2019 7:42:12.5370 PM,.0453
54. QUERY_SFC_WRITE_SYSCFG_2,Dut,sendCommand,PASS,,Nov 15 2019 7:42:12.5390 PM,Nov 15 2019 7:42:12.5850 PM,.0465
54. QUERY_SFC_WRITE_SYSCFG_2,Dut,sendCommand,PASS,,Nov 15 2019 7:42:12.5880 PM,Nov 15 2019 7:42:12.6330 PM,.0455
54. QUERY_SFC_WRITE_SYSCFG_2,Dut,sendCommand,PASS,,Nov 15 2019 7:42:12.6350 PM,Nov 15 2019 7:42:12.6790 PM,.0443
55. BATTERY_PROPERTIES,Dut,sendCommand,PASS,,Nov 15 2019 7:42:12.6850 PM,Nov 15 2019 7:42:12.7270 PM,.0422
55. BATTERY_PROPERTIES,Dut,sendCommand,PASS,,Nov 15 2019 7:42:12.7290 PM,Nov 15 2019 7:42:12.9180 PM,.1899
55. BATTERY_PROPERTIES,Dut,sendCommand,PASS,,Nov 15 2019 7:42:12.9200 PM,Nov 15 2019 7:42:13.9360 PM,1.0153
55. BATTERY_PROPERTIES,Dut,sendCommand,PASS,,Nov 15 2019 7:42:13.9370 PM,Nov 15 2019 7:42:14.2700 PM,.3329
55. BATTERY_PROPERTIES,Dut,sendCommand,PASS,,Nov 15 2019 7:42:14.2720 PM,Nov 15 2019 7:42:14.9550 PM,.6827
55. BATTERY_PROPERTIES,Dut,sendCommand,PASS,,Nov 15 2019 7:42:14.9570 PM,Nov 15 2019 7:42:15.1390 PM,.1816
55. BATTERY_PROPERTIES,Dut,sendCommand,PASS,,Nov 15 2019 7:42:15.1410 PM,Nov 15 2019 7:42:15.3090 PM,.1688
55. BATTERY_PROPERTIES,Dut,sendCommand,PASS,,Nov 15 2019 7:42:15.3110 PM,Nov 15 2019 7:42:16.1160 PM,.805
55. BATTERY_PROPERTIES,Dut,sendCommand,PASS,,Nov 15 2019 7:42:16.1200 PM,Nov 15 2019 7:42:16.3040 PM,.1835
56. MAGNETITE_RESET,Dut,sendCommand,PASS,,Nov 15 2019 7:42:16.3100 PM,Nov 15 2019 7:42:16.3540 PM,.0439
,Dut,close,PASS,,Nov 15 2019 7:42:16.3560 PM,Nov 15 2019 7:42:16.3570 PM,.0005
Copy Log,RunCommand,RunCommandWithParameter,PASS,,Nov 15 2019 7:42:16.3640 PM,Nov 15 2019 7:42:16.3730 PM,.0095
Copy Log,RunCommand,RunCommandWithParameter,PASS,,Nov 15 2019 7:42:16.3750 PM,Nov 15 2019 7:42:16.3850 PM,.0101
Copy Log,RunCommand,RunCommandWithParameter,PASS,,Nov 15 2019 7:42:16.3870 PM,Nov 15 2019 7:42:16.4000 PM,.0132
Copy Log,RunCommand,RunCommandWithParameter,PASS,,Nov 15 2019 7:42:16.4010 PM,Nov 15 2019 7:42:16.4140 PM,.0122
Copy Log,RunCommand,RunCommandWithParameter,PASS,,Nov 15 2019 7:42:16.4150 PM,Nov 15 2019 7:42:16.4270 PM,.0115
Copy Log,RunCommand,RunCommandWithParameter,PASS,,Nov 15 2019 7:42:16.4290 PM,Nov 15 2019 7:42:16.4400 PM,.0114
Copy Log,DRCB,addBlob,PASS,,Nov 15 2019 7:42:16.4420 PM,Nov 15 2019 7:42:16.4420 PM,.0002
57. END_CONTROLBIT,DRCB,finish,PASS,,Nov 15 2019 7:42:16.4460 PM,Nov 15 2019 7:42:16.6590 PM,.2126
,Dut,open,PASS,,Nov 15 2019 7:42:16.6630 PM,Nov 15 2019 7:42:16.7220 PM,.0597
58. UNIT STANDBY,Dut,sendCommand,PASS,,Nov 15 2019 7:42:16.7250 PM,Nov 15 2019 7:42:16.8310 PM,.1068
,Dut,close,PASS,,Nov 15 2019 7:42:16.8380 PM,Nov 15 2019 7:42:16.8390 PM,.0004
