Test,Plugin,Command,Status,Info,Start Time,End Time,Duration (s)
,UART,read,ERROR,Timed out trying to read; ,Nov 12 2019 4:41:24.4200 PM,Nov 12 2019 4:41:25.4740 PM,1.0542
,UART,read,ERROR,Timed out trying to read; ,Nov 12 2019 4:41:25.4780 PM,Nov 12 2019 4:41:26.4990 PM,1.0217
,UART,read,ERROR,Timed out trying to read; ,Nov 12 2019 4:41:27.5930 PM,Nov 12 2019 4:41:28.6000 PM,1.0066
,Dut,read,ERROR,Timed out trying to read; ,Nov 12 2019 4:41:28.7720 PM,Nov 12 2019 4:41:29.7970 PM,1.0243
,Dut,read,ERROR,Timed out trying to read; ,Nov 12 2019 4:41:29.8900 PM,Nov 12 2019 4:41:30.9180 PM,1.0284
34. POTASSIUM,Fixture,sendCommand,NOT SET,,,,0
41. BUTTONS_CHECK,Fixture,sendCommand,NOT SET,,,,0
41. BUTTONS_CHECK,Fixture,sendCommand,NOT SET,,,,0
41. BUTTONS_CHECK,Fixture,sendCommand,NOT SET,,,,0
41. BUTTONS_CHECK,Fixture,sendCommand,NOT SET,,,,0
45. DBGPWR_ON,Fixture,sendCommand,NOT SET,,,,0
