Test,Plugin,Command,Status,Info,Start Time,End Time,Duration (s)
,UART,open,PASS,,Nov 12 2019 4:41:24.1690 PM,Nov 12 2019 4:41:24.1990 PM,.0299
,UART,changeLineTerminator,PASS,,Nov 12 2019 4:41:24.2010 PM,Nov 12 2019 4:41:24.2010 PM,0
,UART,sendCommand,PASS,,Nov 12 2019 4:41:24.2020 PM,Nov 12 2019 4:41:24.3110 PM,.1087
,UART,sendCommand,PASS,,Nov 12 2019 4:41:24.3130 PM,Nov 12 2019 4:41:24.4190 PM,.106
,UART,read,ERROR,Timed out trying to read; ,Nov 12 2019 4:41:24.4200 PM,Nov 12 2019 4:41:25.4740 PM,1.0542
,UART,sendCommand,PASS,,Nov 12 2019 4:41:25.4760 PM,Nov 12 2019 4:41:25.4770 PM,.0008
,UART,read,ERROR,Timed out trying to read; ,Nov 12 2019 4:41:25.4780 PM,Nov 12 2019 4:41:26.4990 PM,1.0217
,UART,sendCommand,PASS,,Nov 12 2019 4:41:26.5010 PM,Nov 12 2019 4:41:26.6110 PM,.1094
,UART,read,PASS,,Nov 12 2019 4:41:26.6120 PM,Nov 12 2019 4:41:27.5900 PM,.978
,UART,read,PASS,,Nov 12 2019 4:41:27.5920 PM,Nov 12 2019 4:41:27.5920 PM,.0002
,UART,read,ERROR,Timed out trying to read; ,Nov 12 2019 4:41:27.5930 PM,Nov 12 2019 4:41:28.6000 PM,1.0066
,UART,changeDelimiter,PASS,,Nov 12 2019 4:41:28.6010 PM,Nov 12 2019 4:41:28.6010 PM,0
,UART,sendCommand,PASS,,Nov 12 2019 4:41:28.6030 PM,Nov 12 2019 4:41:28.6280 PM,.0251
CONSOLE_SETTING,UART,sendCommand,PASS,,Nov 12 2019 4:41:28.6310 PM,Nov 12 2019 4:41:28.6730 PM,.042
,UART,sendCommand,PASS,,Nov 12 2019 4:41:28.6760 PM,Nov 12 2019 4:41:28.7090 PM,.0325
,UART,close,PASS,,Nov 12 2019 4:41:28.7100 PM,Nov 12 2019 4:41:28.7110 PM,.0006
,Dut,open,PASS,,Nov 12 2019 4:41:28.7150 PM,Nov 12 2019 4:41:28.7710 PM,.0562
,Dut,read,ERROR,Timed out trying to read; ,Nov 12 2019 4:41:28.7720 PM,Nov 12 2019 4:41:29.7970 PM,1.0243
,Dut,close,PASS,,Nov 12 2019 4:41:29.7990 PM,Nov 12 2019 4:41:29.7990 PM,.0005
Copy TestPlan To LogDir,RunCommand,RunCommandWithParameter,PASS,,Nov 12 2019 4:41:29.8040 PM,Nov 12 2019 4:41:29.8140 PM,.0108
DRCB startDataReporting,DRCB,startDataReporting,PASS,,Nov 12 2019 4:41:29.8180 PM,Nov 12 2019 4:41:29.8270 PM,.0092
,Dut,open,PASS,,Nov 12 2019 4:41:29.8300 PM,Nov 12 2019 4:41:29.8880 PM,.058
,Dut,read,ERROR,Timed out trying to read; ,Nov 12 2019 4:41:29.8900 PM,Nov 12 2019 4:41:30.9180 PM,1.0284
1. ALIAS_SETTING,Dut,sendCommand,PASS,,Nov 12 2019 4:41:30.9210 PM,Nov 12 2019 4:41:31.0580 PM,.1374
2. SPAM_SETTING,Dut,sendCommand,PASS,,Nov 12 2019 4:41:31.0620 PM,Nov 12 2019 4:41:31.5120 PM,.4499
3. GET_SW_INFO,Dut,sendCommand,PASS,,Nov 12 2019 4:41:31.5150 PM,Nov 12 2019 4:41:31.5780 PM,.0635
3. GET_SW_INFO,Dut,sendCommand,PASS,,Nov 12 2019 4:41:31.5800 PM,Nov 12 2019 4:41:31.6890 PM,.109
4. GET_MLB_INFO,Dut,sendCommand,PASS,,Nov 12 2019 4:41:31.6940 PM,Nov 12 2019 4:41:31.7370 PM,.0435
4. GET_MLB_INFO,Dut,sendCommand,PASS,,Nov 12 2019 4:41:31.7390 PM,Nov 12 2019 4:41:31.7690 PM,.03
4. GET_MLB_INFO,Dut,sendCommand,PASS,,Nov 12 2019 4:41:31.7710 PM,Nov 12 2019 4:41:31.8010 PM,.0298
6. GET_COMP_INFO,Dut,sendCommand,PASS,,Nov 12 2019 4:41:31.8070 PM,Nov 12 2019 4:41:31.9430 PM,.1362
6. GET_COMP_INFO,Dut,sendCommand,PASS,,Nov 12 2019 4:41:31.9460 PM,Nov 12 2019 4:41:31.9940 PM,.0482
6. GET_COMP_INFO,Dut,sendCommand,PASS,,Nov 12 2019 4:41:31.9960 PM,Nov 12 2019 4:41:32.1330 PM,.1369
6. GET_COMP_INFO,Dut,sendCommand,PASS,,Nov 12 2019 4:41:32.1350 PM,Nov 12 2019 4:41:32.4300 PM,.295
6. GET_COMP_INFO,Dut,sendCommand,PASS,,Nov 12 2019 4:41:32.4380 PM,Nov 12 2019 4:41:32.4820 PM,.0441
7. QUIESCE_SYSTEM,Dut,sendCommand,PASS,,Nov 12 2019 4:41:32.4870 PM,Nov 12 2019 4:41:32.6530 PM,.1655
7. QUIESCE_SYSTEM,Dut,sendCommand,PASS,,Nov 12 2019 4:41:32.6540 PM,Nov 12 2019 4:41:32.6940 PM,.0392
7. QUIESCE_SYSTEM,Dut,sendCommand,PASS,,Nov 12 2019 4:41:32.6950 PM,Nov 12 2019 4:41:32.7890 PM,.0942
7. QUIESCE_SYSTEM,Dut,sendCommand,PASS,,Nov 12 2019 4:41:32.7910 PM,Nov 12 2019 4:41:32.8320 PM,.0415
7. QUIESCE_SYSTEM,Dut,sendCommand,PASS,,Nov 12 2019 4:41:32.8340 PM,Nov 12 2019 4:41:32.8720 PM,.0382
8. GET_INFO2,com.apple.hwte.atlas.AppPlugin,show-form,PASS,,Nov 12 2019 4:41:32.8780 PM,Nov 12 2019 4:41:36.4610 PM,3.5828
9. QUERY_SFC_WRITE_SYSCFG,Dut,sendCommand,PASS,,Nov 12 2019 4:41:36.4660 PM,Nov 12 2019 4:41:36.5940 PM,.1282
10. GET_SYS_INFO,Dut,sendCommand,PASS,,Nov 12 2019 4:41:36.5970 PM,Nov 12 2019 4:41:36.6400 PM,.0426
11. GET_MLB_INFO,Dut,sendCommand,PASS,,Nov 12 2019 4:41:36.6440 PM,Nov 12 2019 4:41:36.6880 PM,.0437
12. SetRTC,Dut,sendCommand,PASS,,Nov 12 2019 4:41:36.6910 PM,Nov 12 2019 4:41:36.7320 PM,.0402
13. QUERY_SFC_WRITE_SYSCFG,SFCSupport,getAttribute,PASS,,Nov 12 2019 4:41:36.7350 PM,Nov 12 2019 4:41:36.7630 PM,.0272
13. QUERY_SFC_WRITE_SYSCFG,SFCSupport,getAttribute,PASS,,Nov 12 2019 4:41:36.7650 PM,Nov 12 2019 4:41:36.7710 PM,.0064
13. QUERY_SFC_WRITE_SYSCFG,SFCSupport,getAttribute,PASS,,Nov 12 2019 4:41:36.7730 PM,Nov 12 2019 4:41:36.7780 PM,.0048
13. QUERY_SFC_WRITE_SYSCFG,SFCSupport,getAttribute,PASS,,Nov 12 2019 4:41:36.7800 PM,Nov 12 2019 4:41:36.7850 PM,.005
13. QUERY_SFC_WRITE_SYSCFG,SFCSupport,getAttribute,PASS,,Nov 12 2019 4:41:36.7870 PM,Nov 12 2019 4:41:36.7920 PM,.0049
13. QUERY_SFC_WRITE_SYSCFG,SFCSupport,getAttribute,PASS,,Nov 12 2019 4:41:36.7940 PM,Nov 12 2019 4:41:36.8000 PM,.0058
13. QUERY_SFC_WRITE_SYSCFG,SFCSupport,getAttribute,PASS,,Nov 12 2019 4:41:36.8020 PM,Nov 12 2019 4:41:36.8070 PM,.0052
13. QUERY_SFC_WRITE_SYSCFG,SFCSupport,getAttribute,PASS,,Nov 12 2019 4:41:36.8090 PM,Nov 12 2019 4:41:36.8130 PM,.0046
13. QUERY_SFC_WRITE_SYSCFG,SFCSupport,getAttribute,PASS,,Nov 12 2019 4:41:36.8150 PM,Nov 12 2019 4:41:36.8190 PM,.0044
13. QUERY_SFC_WRITE_SYSCFG,Dut,sendCommand,PASS,,Nov 12 2019 4:41:36.8220 PM,Nov 12 2019 4:41:36.9070 PM,.0853
13. QUERY_SFC_WRITE_SYSCFG,Dut,sendCommand,PASS,,Nov 12 2019 4:41:36.9090 PM,Nov 12 2019 4:41:36.9550 PM,.0463
13. QUERY_SFC_WRITE_SYSCFG,Dut,sendCommand,PASS,,Nov 12 2019 4:41:36.9570 PM,Nov 12 2019 4:41:37.0350 PM,.0784
13. QUERY_SFC_WRITE_SYSCFG,Dut,sendCommand,PASS,,Nov 12 2019 4:41:37.0370 PM,Nov 12 2019 4:41:37.0830 PM,.0463
13. QUERY_SFC_WRITE_SYSCFG,Dut,sendCommand,PASS,,Nov 12 2019 4:41:37.0850 PM,Nov 12 2019 4:41:37.1630 PM,.0785
13. QUERY_SFC_WRITE_SYSCFG,Dut,sendCommand,PASS,,Nov 12 2019 4:41:37.1650 PM,Nov 12 2019 4:41:37.2110 PM,.0463
13. QUERY_SFC_WRITE_SYSCFG,Dut,sendCommand,PASS,,Nov 12 2019 4:41:37.2130 PM,Nov 12 2019 4:41:37.2910 PM,.0782
13. QUERY_SFC_WRITE_SYSCFG,Dut,sendCommand,PASS,,Nov 12 2019 4:41:37.2930 PM,Nov 12 2019 4:41:37.3390 PM,.0462
13. QUERY_SFC_WRITE_SYSCFG,Dut,sendCommand,PASS,,Nov 12 2019 4:41:37.3410 PM,Nov 12 2019 4:41:37.4190 PM,.0784
13. QUERY_SFC_WRITE_SYSCFG,Dut,sendCommand,PASS,,Nov 12 2019 4:41:37.4210 PM,Nov 12 2019 4:41:37.4670 PM,.0464
13. QUERY_SFC_WRITE_SYSCFG,Dut,sendCommand,PASS,,Nov 12 2019 4:41:37.4690 PM,Nov 12 2019 4:41:37.5470 PM,.0777
13. QUERY_SFC_WRITE_SYSCFG,Dut,sendCommand,PASS,,Nov 12 2019 4:41:37.5480 PM,Nov 12 2019 4:41:37.5790 PM,.0303
13. QUERY_SFC_WRITE_SYSCFG,Dut,sendCommand,PASS,,Nov 12 2019 4:41:37.5800 PM,Nov 12 2019 4:41:37.6260 PM,.0457
13. QUERY_SFC_WRITE_SYSCFG,Dut,sendCommand,PASS,,Nov 12 2019 4:41:37.6280 PM,Nov 12 2019 4:41:37.6580 PM,.0306
13. QUERY_SFC_WRITE_SYSCFG,Dut,sendCommand,PASS,,Nov 12 2019 4:41:37.6600 PM,Nov 12 2019 4:41:37.7060 PM,.0464
13. QUERY_SFC_WRITE_SYSCFG,Dut,sendCommand,PASS,,Nov 12 2019 4:41:37.7080 PM,Nov 12 2019 4:41:37.7380 PM,.0304
13. QUERY_SFC_WRITE_SYSCFG,Dut,sendCommand,PASS,,Nov 12 2019 4:41:37.7400 PM,Nov 12 2019 4:41:37.7860 PM,.0463
13. QUERY_SFC_WRITE_SYSCFG,Dut,sendCommand,PASS,,Nov 12 2019 4:41:37.7880 PM,Nov 12 2019 4:41:37.8320 PM,.0442
13. QUERY_SFC_WRITE_SYSCFG,Dut,sendCommand,PASS,,Nov 12 2019 4:41:37.8340 PM,Nov 12 2019 4:41:37.8800 PM,.0461
13. QUERY_SFC_WRITE_SYSCFG,Dut,sendCommand,PASS,,Nov 12 2019 4:41:37.8820 PM,Nov 12 2019 4:41:37.9260 PM,.0443
13. QUERY_SFC_WRITE_SYSCFG,Dut,sendCommand,PASS,,Nov 12 2019 4:41:37.9280 PM,Nov 12 2019 4:41:37.9740 PM,.046
13. QUERY_SFC_WRITE_SYSCFG,Dut,sendCommand,PASS,,Nov 12 2019 4:41:37.9750 PM,Nov 12 2019 4:41:38.0200 PM,.0446
14. GET_INFO3,SFCSupport,getAttribute,PASS,,Nov 12 2019 4:41:38.0270 PM,Nov 12 2019 4:41:38.0330 PM,.0055
15. COMM_BUS_SWEEP,Dut,sendCommand,PASS,,Nov 12 2019 4:41:38.0380 PM,Nov 12 2019 4:41:38.1000 PM,.0619
16. QUIESCE_SYSTEM_2,Dut,sendCommand,PASS,,Nov 12 2019 4:41:38.1040 PM,Nov 12 2019 4:41:38.1470 PM,.0427
16. QUIESCE_SYSTEM_2,Dut,sendCommand,PASS,,Nov 12 2019 4:41:38.1490 PM,Nov 12 2019 4:41:39.2630 PM,1.114
16. QUIESCE_SYSTEM_2,Dut,sendCommand,PASS,,Nov 12 2019 4:41:39.2640 PM,Nov 12 2019 4:41:39.3000 PM,.0355
16. QUIESCE_SYSTEM_2,Dut,sendCommand,PASS,,Nov 12 2019 4:41:39.3010 PM,Nov 12 2019 4:41:39.3420 PM,.0405
16. QUIESCE_SYSTEM_2,Dut,sendCommand,PASS,,Nov 12 2019 4:41:39.3430 PM,Nov 12 2019 4:41:39.3840 PM,.0404
16. QUIESCE_SYSTEM_2,Dut,sendCommand,PASS,,Nov 12 2019 4:41:39.3850 PM,Nov 12 2019 4:41:39.4150 PM,.0302
16. QUIESCE_SYSTEM_2,Dut,sendCommand,PASS,,Nov 12 2019 4:41:39.4170 PM,Nov 12 2019 4:41:39.7030 PM,.2856
16. QUIESCE_SYSTEM_2,Dut,sendCommand,PASS,,Nov 12 2019 4:41:39.7050 PM,Nov 12 2019 4:41:40.1660 PM,.4617
16. QUIESCE_SYSTEM_2,Dut,sendCommand,PASS,,Nov 12 2019 4:41:40.1680 PM,Nov 12 2019 4:41:40.2060 PM,.0383
16. QUIESCE_SYSTEM_2,Dut,sendCommand,PASS,,Nov 12 2019 4:41:40.2080 PM,Nov 12 2019 4:41:40.2500 PM,.0425
16. QUIESCE_SYSTEM_2,Dut,sendCommand,PASS,,Nov 12 2019 4:41:40.2520 PM,Nov 12 2019 4:41:40.2960 PM,.0444
16. QUIESCE_SYSTEM_2,Dut,sendCommand,PASS,,Nov 12 2019 4:41:40.2980 PM,Nov 12 2019 4:41:40.3390 PM,.0414
16. QUIESCE_SYSTEM_2,Dut,sendCommand,PASS,,Nov 12 2019 4:41:40.3410 PM,Nov 12 2019 4:41:40.3710 PM,.0304
17. CHARGER_OFF,Dut,sendCommand,PASS,,Nov 12 2019 4:41:40.3750 PM,Nov 12 2019 4:41:40.4880 PM,.1127
17. CHARGER_OFF,Dut,sendCommand,PASS,,Nov 12 2019 4:41:40.4900 PM,Nov 12 2019 4:41:40.5250 PM,.0348
17. CHARGER_OFF,Dut,sendCommand,PASS,,Nov 12 2019 4:41:40.5260 PM,Nov 12 2019 4:41:40.5680 PM,.0411
17. CHARGER_OFF,Dut,sendCommand,PASS,,Nov 12 2019 4:41:40.5690 PM,Nov 12 2019 4:41:40.5990 PM,.0304
18. LISA_INIT,Dut,sendCommand,PASS,,Nov 12 2019 4:41:40.6040 PM,Nov 12 2019 4:41:40.6490 PM,.0456
18. LISA_INIT,Dut,sendCommand,PASS,,Nov 12 2019 4:41:40.6570 PM,Nov 12 2019 4:41:40.8050 PM,.148
18. LISA_INIT,Dut,sendCommand,PASS,,Nov 12 2019 4:41:40.8070 PM,Nov 12 2019 4:41:40.8510 PM,.0438
18. LISA_INIT,Dut,sendCommand,PASS,,Nov 12 2019 4:41:40.8530 PM,Nov 12 2019 4:41:40.8940 PM,.0414
18. LISA_INIT,Dut,sendCommand,PASS,,Nov 12 2019 4:41:40.8960 PM,Nov 12 2019 4:41:40.9480 PM,.0521
18. LISA_INIT,Dut,sendCommand,PASS,,Nov 12 2019 4:41:40.9500 PM,Nov 12 2019 4:41:40.9880 PM,.0382
18. LISA_INIT,Dut,sendCommand,PASS,,Nov 12 2019 4:41:40.9890 PM,Nov 12 2019 4:41:41.0300 PM,.0404
18. LISA_INIT,Dut,sendCommand,PASS,,Nov 12 2019 4:41:41.0380 PM,Nov 12 2019 4:41:41.0780 PM,.0399
19. INIT_GG_READ,Dut,sendCommand,PASS,,Nov 12 2019 4:41:41.0830 PM,Nov 12 2019 4:41:44.1130 PM,3.0296
19. INIT_GG_READ,Dut,sendCommand,PASS,,Nov 12 2019 4:41:44.1140 PM,Nov 12 2019 4:41:44.4060 PM,.2921
20. INIT_SOC_READ,Dut,sendCommand,PASS,,Nov 12 2019 4:41:44.4770 PM,Nov 12 2019 4:41:44.5400 PM,.0626
21. INIT_PMU_READ,Dut,sendCommand,PASS,,Nov 12 2019 4:41:44.5570 PM,Nov 12 2019 4:41:44.5880 PM,.031
21. INIT_PMU_READ,Dut,sendCommand,PASS,,Nov 12 2019 4:41:44.5900 PM,Nov 12 2019 4:41:44.6200 PM,.03
21. INIT_PMU_READ,Dut,sendCommand,PASS,,Nov 12 2019 4:41:44.6220 PM,Nov 12 2019 4:41:44.6660 PM,.0438
21. INIT_PMU_READ,Dut,sendCommand,PASS,,Nov 12 2019 4:41:44.6670 PM,Nov 12 2019 4:41:46.1230 PM,1.4551
22. LYNX_TEST,Dut,sendCommand,PASS,,Nov 12 2019 4:41:46.2460 PM,Nov 12 2019 4:41:47.0490 PM,.8028
22. LYNX_TEST,Dut,sendCommand,PASS,,Nov 12 2019 4:41:47.0500 PM,Nov 12 2019 4:41:54.5170 PM,7.4671
22. LYNX_TEST,Dut,sendCommand,PASS,,Nov 12 2019 4:41:54.5190 PM,Nov 12 2019 4:41:54.6620 PM,.1424
22. LYNX_TEST,Dut,sendCommand,PASS,,Nov 12 2019 4:41:54.6630 PM,Nov 12 2019 4:41:54.7400 PM,.0768
22. LYNX_TEST,Dut,sendCommand,PASS,,Nov 12 2019 4:41:54.7420 PM,Nov 12 2019 4:41:54.7990 PM,.0574
22. LYNX_TEST,Dut,sendCommand,PASS,,Nov 12 2019 4:41:54.8010 PM,Nov 12 2019 4:41:54.9430 PM,.1424
23. CHARGER_ON,Dut,sendCommand,PASS,,Nov 12 2019 4:41:54.9480 PM,Nov 12 2019 4:41:54.9840 PM,.036
23. CHARGER_ON,Dut,sendCommand,PASS,,Nov 12 2019 4:41:54.9850 PM,Nov 12 2019 4:41:55.0160 PM,.0304
23. CHARGER_ON,Dut,sendCommand,PASS,,Nov 12 2019 4:41:55.0180 PM,Nov 12 2019 4:41:55.0630 PM,.0457
24. SET_BUBO_PFM,Dut,sendCommand,PASS,,Nov 12 2019 4:41:55.0680 PM,Nov 12 2019 4:41:55.1170 PM,.0489
25. Kobol_INIT,Dut,sendCommand,PASS,,Nov 12 2019 4:41:55.1200 PM,Nov 12 2019 4:41:55.4200 PM,.2998
26. IMU_ACCEL_ID,Dut,sendCommand,PASS,,Nov 12 2019 4:41:55.4240 PM,Nov 12 2019 4:41:55.4810 PM,.0572
27. Kobol_ACCEL_ID,Dut,sendCommand,PASS,,Nov 12 2019 4:41:55.4850 PM,Nov 12 2019 4:41:55.5410 PM,.0558
28. Kobol_GYRO_DRIVE_FREQ_MEAS,Dut,sendCommand,PASS,,Nov 12 2019 4:41:55.5470 PM,Nov 12 2019 4:41:55.7940 PM,.2479
29. IMU_Connectivity,Dut,sendCommand,PASS,,Nov 12 2019 4:41:55.7990 PM,Nov 12 2019 4:41:55.8530 PM,.0548
30. IMU_OFF,Dut,sendCommand,PASS,,Nov 12 2019 4:41:55.8570 PM,Nov 12 2019 4:41:56.1540 PM,.2966
31. Kobol_ACCEL_SELFTEST,Dut,sendCommand,PASS,,Nov 12 2019 4:41:56.1580 PM,Nov 12 2019 4:41:56.2960 PM,.1374
31. Kobol_ACCEL_SELFTEST,Dut,sendCommand,PASS,,Nov 12 2019 4:41:56.2970 PM,Nov 12 2019 4:41:56.5460 PM,.2488
32. IMU_Combo_LPNM25_BUBO_PFM,Dut,sendCommand,PASS,,Nov 12 2019 4:41:56.5560 PM,Nov 12 2019 4:41:56.8500 PM,.2935
32. IMU_Combo_LPNM25_BUBO_PFM,Dut,sendCommand,PASS,,Nov 12 2019 4:41:56.8510 PM,Nov 12 2019 4:41:56.9030 PM,.0511
32. IMU_Combo_LPNM25_BUBO_PFM,Dut,sendCommand,PASS,,Nov 12 2019 4:41:56.9040 PM,Nov 12 2019 4:41:56.9480 PM,.0436
32. IMU_Combo_LPNM25_BUBO_PFM,Dut,sendCommand,PASS,,Nov 12 2019 4:41:56.9490 PM,Nov 12 2019 4:41:56.9900 PM,.0404
32. IMU_Combo_LPNM25_BUBO_PFM,Dut,sendCommand,PASS,,Nov 12 2019 4:41:56.9910 PM,Nov 12 2019 4:41:57.1580 PM,.1673
32. IMU_Combo_LPNM25_BUBO_PFM,Dut,sendCommand,PASS,,Nov 12 2019 4:41:57.1600 PM,Nov 12 2019 4:41:57.2950 PM,.1352
32. IMU_Combo_LPNM25_BUBO_PFM,Dut,sendCommand,PASS,,Nov 12 2019 4:41:57.2970 PM,Nov 12 2019 4:41:57.4320 PM,.1351
32. IMU_Combo_LPNM25_BUBO_PFM,Dut,sendCommand,PASS,,Nov 12 2019 4:41:57.4330 PM,Nov 12 2019 4:41:57.4870 PM,.0534
32. IMU_Combo_LPNM25_BUBO_PFM,Dut,sendCommand,PASS,,Nov 12 2019 4:41:57.4880 PM,Nov 12 2019 4:41:57.5350 PM,.0464
32. IMU_Combo_LPNM25_BUBO_PFM,Dut,sendCommand,PASS,,Nov 12 2019 4:41:57.5360 PM,Nov 12 2019 4:41:58.1980 PM,.6618
32. IMU_Combo_LPNM25_BUBO_PFM,Dut,sendCommand,PASS,,Nov 12 2019 4:41:58.2340 PM,Nov 12 2019 4:41:58.2620 PM,.028
32. IMU_Combo_LPNM25_BUBO_PFM,Dut,sendCommand,PASS,,Nov 12 2019 4:41:58.2630 PM,Nov 12 2019 4:41:58.3060 PM,.0433
33. TURN_OFF_IMU,Dut,sendCommand,PASS,,Nov 12 2019 4:41:58.3120 PM,Nov 12 2019 4:41:58.4010 PM,.0896
34. POTASSIUM,Fixture,sendCommand,NOT SET,,,,0
34. POTASSIUM,Dut,sendCommand,PASS,,Nov 12 2019 4:41:58.4050 PM,Nov 12 2019 4:41:58.4530 PM,.0481
34. POTASSIUM,Dut,sendCommand,PASS,,Nov 12 2019 4:41:58.4550 PM,Nov 12 2019 4:41:58.4980 PM,.043
34. POTASSIUM,Dut,sendCommand,PASS,,Nov 12 2019 4:41:58.5000 PM,Nov 12 2019 4:41:58.5670 PM,.0672
34. POTASSIUM,Dut,sendCommand,PASS,,Nov 12 2019 4:41:58.5690 PM,Nov 12 2019 4:41:58.6140 PM,.0447
34. POTASSIUM,Dut,sendCommand,PASS,,Nov 12 2019 4:41:58.6160 PM,Nov 12 2019 4:42:00.9540 PM,2.3385
34. POTASSIUM,Dut,sendCommand,PASS,,Nov 12 2019 4:42:00.9590 PM,Nov 12 2019 4:42:01.0000 PM,.0416
35. MOLYBDENUM,Dut,sendCommand,PASS,,Nov 12 2019 4:42:01.0050 PM,Nov 12 2019 4:42:01.0570 PM,.052
35. MOLYBDENUM,Dut,sendCommand,PASS,,Nov 12 2019 4:42:01.0590 PM,Nov 12 2019 4:42:01.0990 PM,.0399
35. MOLYBDENUM,Dut,sendCommand,PASS,,Nov 12 2019 4:42:01.1010 PM,Nov 12 2019 4:42:01.2030 PM,.102
35. MOLYBDENUM,Dut,sendCommand,PASS,,Nov 12 2019 4:42:01.2050 PM,Nov 12 2019 4:42:03.7970 PM,2.5917
36. QUIESCE_SYSTEM_3,Dut,sendCommand,PASS,,Nov 12 2019 4:42:03.8020 PM,Nov 12 2019 4:42:03.8420 PM,.0401
36. QUIESCE_SYSTEM_3,Dut,sendCommand,PASS,,Nov 12 2019 4:42:03.8430 PM,Nov 12 2019 4:42:03.8860 PM,.0422
37. ARDMORE_TEST,Dut,sendCommand,PASS,,Nov 12 2019 4:42:03.8890 PM,Nov 12 2019 4:42:04.0050 PM,.116
37. ARDMORE_TEST,Dut,sendCommand,PASS,,Nov 12 2019 4:42:04.0070 PM,Nov 12 2019 4:42:04.0470 PM,.0404
37. ARDMORE_TEST,Dut,sendCommand,PASS,,Nov 12 2019 4:42:04.0490 PM,Nov 12 2019 4:42:04.1260 PM,.0773
37. ARDMORE_TEST,Dut,sendCommand,PASS,,Nov 12 2019 4:42:04.1290 PM,Nov 12 2019 4:42:04.3050 PM,.176
37. ARDMORE_TEST,Dut,sendCommand,PASS,,Nov 12 2019 4:42:04.3070 PM,Nov 12 2019 4:42:04.3480 PM,.0407
38. SPEAKER_IMPEDANCE,Dut,sendCommand,PASS,,Nov 12 2019 4:42:04.3530 PM,Nov 12 2019 4:42:04.4700 PM,.1169
38. SPEAKER_IMPEDANCE,Dut,sendCommand,PASS,,Nov 12 2019 4:42:04.4710 PM,Nov 12 2019 4:42:04.5110 PM,.0393
38. SPEAKER_IMPEDANCE,Dut,sendCommand,PASS,,Nov 12 2019 4:42:04.5120 PM,Nov 12 2019 4:42:04.5560 PM,.0434
38. SPEAKER_IMPEDANCE,Dut,sendCommand,PASS,,Nov 12 2019 4:42:04.5570 PM,Nov 12 2019 4:42:04.6000 PM,.0431
38. SPEAKER_IMPEDANCE,Dut,sendCommand,PASS,,Nov 12 2019 4:42:04.6020 PM,Nov 12 2019 4:42:04.6380 PM,.0356
38. SPEAKER_IMPEDANCE,Dut,sendCommand,PASS,,Nov 12 2019 4:42:04.6390 PM,Nov 12 2019 4:42:04.6790 PM,.0404
38. SPEAKER_IMPEDANCE,Dut,sendCommand,PASS,,Nov 12 2019 4:42:04.6810 PM,Nov 12 2019 4:42:04.7320 PM,.0512
38. SPEAKER_IMPEDANCE,Dut,sendCommand,PASS,,Nov 12 2019 4:42:04.7340 PM,Nov 12 2019 4:42:04.7850 PM,.0515
38. SPEAKER_IMPEDANCE,Dut,sendCommand,PASS,,Nov 12 2019 4:42:04.7870 PM,Nov 12 2019 4:42:05.8500 PM,1.0635
38. SPEAKER_IMPEDANCE,Dut,sendCommand,PASS,,Nov 12 2019 4:42:05.8520 PM,Nov 12 2019 4:42:06.0410 PM,.1896
38. SPEAKER_IMPEDANCE,Dut,sendCommand,PASS,,Nov 12 2019 4:42:06.0440 PM,Nov 12 2019 4:42:06.0830 PM,.039
38. SPEAKER_IMPEDANCE,Dut,sendCommand,PASS,,Nov 12 2019 4:42:06.0850 PM,Nov 12 2019 4:42:06.1390 PM,.0545
39. CARNELIAN,Dut,sendCommand,PASS,,Nov 12 2019 4:42:06.1430 PM,Nov 12 2019 4:42:06.2600 PM,.1166
39. CARNELIAN,Dut,sendCommand,PASS,,Nov 12 2019 4:42:06.2620 PM,Nov 12 2019 4:42:06.3000 PM,.0382
39. CARNELIAN,Dut,sendCommand,PASS,,Nov 12 2019 4:42:06.3020 PM,Nov 12 2019 4:42:07.8020 PM,1.5009
39. CARNELIAN,Dut,sendCommand,PASS,,Nov 12 2019 4:42:07.8040 PM,Nov 12 2019 4:42:07.8470 PM,.0435
39. CARNELIAN,Dut,sendCommand,PASS,,Nov 12 2019 4:42:07.8490 PM,Nov 12 2019 4:42:07.9020 PM,.0531
40. MAGNETITE_TEST_1,Dut,sendCommand,PASS,,Nov 12 2019 4:42:07.9060 PM,Nov 12 2019 4:42:07.9510 PM,.045
40. MAGNETITE_TEST_1,Dut,sendCommand,PASS,,Nov 12 2019 4:42:07.9540 PM,Nov 12 2019 4:42:07.9910 PM,.0366
41. BUTTONS_CHECK,Dut,sendCommand,PASS,,Nov 12 2019 4:42:07.9950 PM,Nov 12 2019 4:42:08.0440 PM,.0495
41. BUTTONS_CHECK,Fixture,sendCommand,NOT SET,,,,0
41. BUTTONS_CHECK,Dut,sendCommand,PASS,,Nov 12 2019 4:42:08.0470 PM,Nov 12 2019 4:42:08.0860 PM,.0391
41. BUTTONS_CHECK,Fixture,sendCommand,NOT SET,,,,0
41. BUTTONS_CHECK,Fixture,sendCommand,NOT SET,,,,0
41. BUTTONS_CHECK,Dut,sendCommand,PASS,,Nov 12 2019 4:42:08.0890 PM,Nov 12 2019 4:42:08.1280 PM,.0391
41. BUTTONS_CHECK,Fixture,sendCommand,NOT SET,,,,0
41. BUTTONS_CHECK,Dut,sendCommand,PASS,,Nov 12 2019 4:42:08.1300 PM,Nov 12 2019 4:42:08.1690 PM,.0384
42. BATTERY_PROPERTIES,Dut,sendCommand,PASS,,Nov 12 2019 4:42:08.1730 PM,Nov 12 2019 4:42:08.2170 PM,.0435
42. BATTERY_PROPERTIES,Dut,sendCommand,PASS,,Nov 12 2019 4:42:08.2190 PM,Nov 12 2019 4:42:09.2500 PM,1.0314
42. BATTERY_PROPERTIES,Dut,sendCommand,PASS,,Nov 12 2019 4:42:09.2520 PM,Nov 12 2019 4:42:09.5850 PM,.3334
42. BATTERY_PROPERTIES,Dut,sendCommand,PASS,,Nov 12 2019 4:42:09.5880 PM,Nov 12 2019 4:42:09.7770 PM,.1896
43. MAGNETITE_TEST_2,Dut,sendCommand,PASS,,Nov 12 2019 4:42:09.7820 PM,Nov 12 2019 4:42:10.8240 PM,1.0421
43. MAGNETITE_TEST_2,Dut,sendCommand,PASS,,Nov 12 2019 4:42:10.8250 PM,Nov 12 2019 4:42:14.8010 PM,3.976
43. MAGNETITE_TEST_2,Dut,sendCommand,PASS,,Nov 12 2019 4:42:14.8090 PM,Nov 12 2019 4:42:14.8330 PM,.024
43. MAGNETITE_TEST_2,Dut,sendCommand,PASS,,Nov 12 2019 4:42:14.8350 PM,Nov 12 2019 4:42:14.8650 PM,.0303
43. MAGNETITE_TEST_2,Dut,sendCommand,PASS,,Nov 12 2019 4:42:14.8670 PM,Nov 12 2019 4:42:14.9070 PM,.0402
43. MAGNETITE_TEST_2,Dut,sendCommand,PASS,,Nov 12 2019 4:42:14.9090 PM,Nov 12 2019 4:42:29.9390 PM,15.0299
43. MAGNETITE_TEST_2,Dut,sendCommand,PASS,,Nov 12 2019 4:42:29.9400 PM,Nov 12 2019 4:42:30.9610 PM,1.0206
43. MAGNETITE_TEST_2,Dut,sendCommand,PASS,,Nov 12 2019 4:42:30.9630 PM,Nov 12 2019 4:42:31.8480 PM,.8851
43. MAGNETITE_TEST_2,Dut,sendCommand,PASS,,Nov 12 2019 4:42:31.8540 PM,Nov 12 2019 4:42:33.8920 PM,2.0386
44. PUCK_CHARGE_TEST,Dut,sendCommand,PASS,,Nov 12 2019 4:42:33.8980 PM,Nov 12 2019 4:42:34.0090 PM,.1111
44. PUCK_CHARGE_TEST,Dut,sendCommand,PASS,,Nov 12 2019 4:42:34.0110 PM,Nov 12 2019 4:42:34.3040 PM,.2923
45. DBGPWR_ON,Fixture,sendCommand,NOT SET,,,,0
45. DBGPWR_ON,Dut,sendCommand,PASS,,Nov 12 2019 4:42:34.3100 PM,Nov 12 2019 4:42:34.3500 PM,.04
46. WIFI,Dut,sendCommand,PASS,,Nov 12 2019 4:42:34.3550 PM,Nov 12 2019 4:42:34.8230 PM,.4685
46. WIFI,Dut,sendCommand,PASS,,Nov 12 2019 4:42:34.8250 PM,Nov 12 2019 4:42:34.8720 PM,.047
47. BULETOOTH,Dut,sendCommand,PASS,,Nov 12 2019 4:42:34.8760 PM,Nov 12 2019 4:42:35.3030 PM,.4275
47. BULETOOTH,Dut,sendCommand,PASS,,Nov 12 2019 4:42:35.3050 PM,Nov 12 2019 4:42:35.4100 PM,.1054
47. BULETOOTH,Dut,sendCommand,PASS,,Nov 12 2019 4:42:35.4120 PM,Nov 12 2019 4:42:35.4630 PM,.051
48. STOCKHOLM,Dut,sendCommand,PASS,,Nov 12 2019 4:42:35.4670 PM,Nov 12 2019 4:42:35.7790 PM,.3124
48. STOCKHOLM,Dut,sendCommand,PASS,,Nov 12 2019 4:42:35.7810 PM,Nov 12 2019 4:42:35.8110 PM,.0306
48. STOCKHOLM,Dut,sendCommand,PASS,,Nov 12 2019 4:42:35.8130 PM,Nov 12 2019 4:42:35.8590 PM,.0459
48. STOCKHOLM,Dut,sendCommand,PASS,,Nov 12 2019 4:42:35.8610 PM,Nov 12 2019 4:42:35.9020 PM,.0416
48. STOCKHOLM,Dut,sendCommand,PASS,,Nov 12 2019 4:42:35.9040 PM,Nov 12 2019 4:42:35.9460 PM,.0424
48. STOCKHOLM,Dut,sendCommand,PASS,,Nov 12 2019 4:42:35.9480 PM,Nov 12 2019 4:42:35.9990 PM,.0512
48. STOCKHOLM,Dut,sendCommand,PASS,,Nov 12 2019 4:42:36.0010 PM,Nov 12 2019 4:42:36.6060 PM,.6051
48. STOCKHOLM,Dut,sendCommand,PASS,,Nov 12 2019 4:42:36.6080 PM,Nov 12 2019 4:42:38.1550 PM,1.5475
48. STOCKHOLM,Dut,sendCommand,PASS,,Nov 12 2019 4:42:38.1570 PM,Nov 12 2019 4:42:38.1870 PM,.0302
48. STOCKHOLM,Dut,sendCommand,PASS,,Nov 12 2019 4:42:38.1890 PM,Nov 12 2019 4:42:38.2190 PM,.0305
48. STOCKHOLM,Dut,sendCommand,PASS,,Nov 12 2019 4:42:38.2210 PM,Nov 12 2019 4:42:38.2510 PM,.0305
48. STOCKHOLM,Dut,sendCommand,PASS,,Nov 12 2019 4:42:38.2530 PM,Nov 12 2019 4:42:38.2830 PM,.0302
48. STOCKHOLM,Dut,sendCommand,PASS,,Nov 12 2019 4:42:38.2850 PM,Nov 12 2019 4:42:38.3150 PM,.0303
49. GERMANIUM_BASEBAND_VINYL,Dut,sendCommand,PASS,,Nov 12 2019 4:42:38.3200 PM,Nov 12 2019 4:42:42.2650 PM,3.945
49. GERMANIUM_BASEBAND_VINYL,Dut,sendCommand,PASS,,Nov 12 2019 4:42:42.2680 PM,Nov 12 2019 4:42:42.3530 PM,.0854
49. GERMANIUM_BASEBAND_VINYL,Dut,sendCommand,PASS,,Nov 12 2019 4:42:42.3540 PM,Nov 12 2019 4:42:42.7420 PM,.3877
50. GRAPE_TEST,Dut,sendCommand,PASS,,Nov 12 2019 4:42:42.7460 PM,Nov 12 2019 4:42:42.8560 PM,.1099
50. GRAPE_TEST,Dut,sendCommand,PASS,,Nov 12 2019 4:42:42.8580 PM,Nov 12 2019 4:42:42.9940 PM,.1358
50. GRAPE_TEST,Dut,sendCommand,PASS,,Nov 12 2019 4:42:42.9960 PM,Nov 12 2019 4:42:43.0390 PM,.0428
51. ALS_TEST,Dut,sendCommand,PASS,,Nov 12 2019 4:42:43.0440 PM,Nov 12 2019 4:42:43.0920 PM,.0474
51. ALS_TEST,Dut,sendCommand,PASS,,Nov 12 2019 4:42:43.0940 PM,Nov 12 2019 4:42:43.3790 PM,.285
51. ALS_TEST,Dut,sendCommand,PASS,,Nov 12 2019 4:42:43.3810 PM,Nov 12 2019 4:42:43.4110 PM,.0305
51. ALS_TEST,Dut,sendCommand,PASS,,Nov 12 2019 4:42:43.4130 PM,Nov 12 2019 4:42:43.4430 PM,.0304
51. ALS_TEST,Dut,sendCommand,PASS,,Nov 12 2019 4:42:43.4450 PM,Nov 12 2019 4:42:43.4840 PM,.0395
51. ALS_TEST,Dut,sendCommand,PASS,,Nov 12 2019 4:42:43.4860 PM,Nov 12 2019 4:42:43.5870 PM,.1013
51. ALS_TEST,Dut,sendCommand,PASS,,Nov 12 2019 4:42:43.5910 PM,Nov 12 2019 4:42:43.6470 PM,.0553
51. ALS_TEST,Dut,sendCommand,PASS,,Nov 12 2019 4:42:43.6490 PM,Nov 12 2019 4:42:43.7090 PM,.0594
51. ALS_TEST,Dut,sendCommand,PASS,,Nov 12 2019 4:42:43.7100 PM,Nov 12 2019 4:42:44.5610 PM,.8504
51. ALS_TEST,Dut,sendCommand,PASS,,Nov 12 2019 4:42:44.5630 PM,Nov 12 2019 4:42:44.7840 PM,.2209
51. ALS_TEST,Dut,sendCommand,PASS,,Nov 12 2019 4:42:44.7850 PM,Nov 12 2019 4:42:45.6280 PM,.8427
51. ALS_TEST,Dut,sendCommand,PASS,,Nov 12 2019 4:42:45.6310 PM,Nov 12 2019 4:42:46.0750 PM,.4443
51. ALS_TEST,Dut,sendCommand,PASS,,Nov 12 2019 4:42:46.0760 PM,Nov 12 2019 4:42:46.1130 PM,.0364
52. DISPLAY_TEST,Dut,sendCommand,PASS,,Nov 12 2019 4:42:46.1180 PM,Nov 12 2019 4:42:46.4160 PM,.2986
52. DISPLAY_TEST,Dut,sendCommand,PASS,,Nov 12 2019 4:42:46.4180 PM,Nov 12 2019 4:42:46.4640 PM,.0464
52. DISPLAY_TEST,Dut,sendCommand,PASS,,Nov 12 2019 4:42:46.4660 PM,Nov 12 2019 4:42:46.4960 PM,.0305
52. DISPLAY_TEST,Dut,sendCommand,PASS,,Nov 12 2019 4:42:46.4980 PM,Nov 12 2019 4:42:46.5370 PM,.0393
52. DISPLAY_TEST,Dut,sendCommand,PASS,,Nov 12 2019 4:42:46.5390 PM,Nov 12 2019 4:42:46.5850 PM,.0461
52. DISPLAY_TEST,Dut,sendCommand,PASS,,Nov 12 2019 4:42:46.5860 PM,Nov 12 2019 4:42:48.6140 PM,2.0274
52. DISPLAY_TEST,Dut,sendCommand,PASS,,Nov 12 2019 4:42:48.6160 PM,Nov 12 2019 4:42:48.6780 PM,.062
52. DISPLAY_TEST,Dut,sendCommand,PASS,,Nov 12 2019 4:42:48.6790 PM,Nov 12 2019 4:42:50.7060 PM,2.0267
52. DISPLAY_TEST,Dut,sendCommand,PASS,,Nov 12 2019 4:42:50.7090 PM,Nov 12 2019 4:42:50.7490 PM,.0408
52. DISPLAY_TEST,Dut,sendCommand,PASS,,Nov 12 2019 4:42:50.7510 PM,Nov 12 2019 4:42:51.0060 PM,.2545
52. DISPLAY_TEST,Dut,sendCommand,PASS,,Nov 12 2019 4:42:51.0090 PM,Nov 12 2019 4:42:51.1130 PM,.1037
52. DISPLAY_TEST,Dut,sendCommand,PASS,,Nov 12 2019 4:42:51.1150 PM,Nov 12 2019 4:42:51.5120 PM,.3975
53. END_QUIESCE_SYSTEM,Dut,sendCommand,PASS,,Nov 12 2019 4:42:51.5170 PM,Nov 12 2019 4:42:51.5530 PM,.0363
54. QUERY_SFC_WRITE_SYSCFG_2,Dut,sendCommand,PASS,,Nov 12 2019 4:42:51.5570 PM,Nov 12 2019 4:42:51.6180 PM,.0611
54. QUERY_SFC_WRITE_SYSCFG_2,Dut,sendCommand,PASS,,Nov 12 2019 4:42:51.6190 PM,Nov 12 2019 4:42:51.6710 PM,.0513
54. QUERY_SFC_WRITE_SYSCFG_2,Dut,sendCommand,PASS,,Nov 12 2019 4:42:51.6740 PM,Nov 12 2019 4:42:51.7620 PM,.0878
54. QUERY_SFC_WRITE_SYSCFG_2,Dut,sendCommand,PASS,,Nov 12 2019 4:42:51.7630 PM,Nov 12 2019 4:42:51.8080 PM,.0446
54. QUERY_SFC_WRITE_SYSCFG_2,Dut,sendCommand,PASS,,Nov 12 2019 4:42:51.8100 PM,Nov 12 2019 4:42:51.8550 PM,.0451
54. QUERY_SFC_WRITE_SYSCFG_2,Dut,sendCommand,PASS,,Nov 12 2019 4:42:51.8570 PM,Nov 12 2019 4:42:51.9030 PM,.0463
54. QUERY_SFC_WRITE_SYSCFG_2,Dut,sendCommand,PASS,,Nov 12 2019 4:42:51.9060 PM,Nov 12 2019 4:42:51.9510 PM,.0456
54. QUERY_SFC_WRITE_SYSCFG_2,Dut,sendCommand,PASS,,Nov 12 2019 4:42:51.9530 PM,Nov 12 2019 4:42:51.9990 PM,.0463
54. QUERY_SFC_WRITE_SYSCFG_2,Dut,sendCommand,PASS,,Nov 12 2019 4:42:52.0020 PM,Nov 12 2019 4:42:52.0470 PM,.0454
54. QUERY_SFC_WRITE_SYSCFG_2,Dut,sendCommand,PASS,,Nov 12 2019 4:42:52.0490 PM,Nov 12 2019 4:42:52.0930 PM,.0444
54. QUERY_SFC_WRITE_SYSCFG_2,Dut,sendCommand,PASS,,Nov 12 2019 4:42:52.0960 PM,Nov 12 2019 4:42:52.1410 PM,.0453
54. QUERY_SFC_WRITE_SYSCFG_2,Dut,sendCommand,PASS,,Nov 12 2019 4:42:52.1430 PM,Nov 12 2019 4:42:52.1870 PM,.0443
54. QUERY_SFC_WRITE_SYSCFG_2,Dut,sendCommand,PASS,,Nov 12 2019 4:42:52.1900 PM,Nov 12 2019 4:42:52.2350 PM,.0453
54. QUERY_SFC_WRITE_SYSCFG_2,Dut,sendCommand,PASS,,Nov 12 2019 4:42:52.2360 PM,Nov 12 2019 4:42:52.2830 PM,.0463
54. QUERY_SFC_WRITE_SYSCFG_2,Dut,sendCommand,PASS,,Nov 12 2019 4:42:52.2850 PM,Nov 12 2019 4:42:52.3410 PM,.0554
54. QUERY_SFC_WRITE_SYSCFG_2,Dut,sendCommand,PASS,,Nov 12 2019 4:42:52.3420 PM,Nov 12 2019 4:42:52.3810 PM,.0381
55. BATTERY_PROPERTIES,Dut,sendCommand,PASS,,Nov 12 2019 4:42:52.3870 PM,Nov 12 2019 4:42:52.4450 PM,.0574
55. BATTERY_PROPERTIES,Dut,sendCommand,PASS,,Nov 12 2019 4:42:52.4460 PM,Nov 12 2019 4:42:52.6360 PM,.19
55. BATTERY_PROPERTIES,Dut,sendCommand,PASS,,Nov 12 2019 4:42:52.6380 PM,Nov 12 2019 4:42:53.6680 PM,1.0296
55. BATTERY_PROPERTIES,Dut,sendCommand,PASS,,Nov 12 2019 4:42:53.6690 PM,Nov 12 2019 4:42:53.9980 PM,.329
55. BATTERY_PROPERTIES,Dut,sendCommand,PASS,,Nov 12 2019 4:42:54.0000 PM,Nov 12 2019 4:42:54.6820 PM,.6816
55. BATTERY_PROPERTIES,Dut,sendCommand,PASS,,Nov 12 2019 4:42:54.6840 PM,Nov 12 2019 4:42:54.8680 PM,.1837
55. BATTERY_PROPERTIES,Dut,sendCommand,PASS,,Nov 12 2019 4:42:54.8700 PM,Nov 12 2019 4:42:55.0430 PM,.1739
55. BATTERY_PROPERTIES,Dut,sendCommand,PASS,,Nov 12 2019 4:42:55.0450 PM,Nov 12 2019 4:42:55.8500 PM,.8047
55. BATTERY_PROPERTIES,Dut,sendCommand,PASS,,Nov 12 2019 4:42:55.8540 PM,Nov 12 2019 4:42:56.0360 PM,.1821
56. MAGNETITE_RESET,Dut,sendCommand,PASS,,Nov 12 2019 4:42:56.0420 PM,Nov 12 2019 4:42:56.0860 PM,.0442
,Dut,close,PASS,,Nov 12 2019 4:42:56.0880 PM,Nov 12 2019 4:42:56.0890 PM,.0005
Copy Log,RunCommand,RunCommandWithParameter,PASS,,Nov 12 2019 4:42:56.0960 PM,Nov 12 2019 4:42:56.1060 PM,.0099
Copy Log,RunCommand,RunCommandWithParameter,PASS,,Nov 12 2019 4:42:56.1080 PM,Nov 12 2019 4:42:56.1170 PM,.0099
Copy Log,RunCommand,RunCommandWithParameter,PASS,,Nov 12 2019 4:42:56.1190 PM,Nov 12 2019 4:42:56.1290 PM,.0098
Copy Log,RunCommand,RunCommandWithParameter,PASS,,Nov 12 2019 4:42:56.1300 PM,Nov 12 2019 4:42:56.1410 PM,.0112
Copy Log,RunCommand,RunCommandWithParameter,PASS,,Nov 12 2019 4:42:56.1430 PM,Nov 12 2019 4:42:56.1550 PM,.0117
Copy Log,RunCommand,RunCommandWithParameter,PASS,,Nov 12 2019 4:42:56.1570 PM,Nov 12 2019 4:42:56.1680 PM,.0116
Copy Log,DRCB,addBlob,PASS,,Nov 12 2019 4:42:56.1700 PM,Nov 12 2019 4:42:56.1700 PM,.0002
57. END_CONTROLBIT,DRCB,finish,PASS,,Nov 12 2019 4:42:56.1740 PM,Nov 12 2019 4:42:56.3820 PM,.2077
,Dut,open,PASS,,Nov 12 2019 4:42:56.3850 PM,Nov 12 2019 4:42:56.4400 PM,.0543
58. UNIT STANDBY,Dut,sendCommand,PASS,,Nov 12 2019 4:42:56.4420 PM,Nov 12 2019 4:42:56.5470 PM,.1058
,Dut,close,PASS,,Nov 12 2019 4:42:56.5540 PM,Nov 12 2019 4:42:56.5540 PM,.0004
