Test,Plugin,Command,Status,Info,Start Time,End Time,Duration (s)
,UART,read,ERROR,Timed out trying to read; ,Nov 25 2019 7:46:58.8990 PM,Nov 25 2019 7:46:59.9120 PM,1.0135
,UART,read,ERROR,Timed out trying to read; ,Nov 25 2019 7:46:59.9160 PM,Nov 25 2019 7:47:00.9200 PM,1.0037
,UART,read,ERROR,Timed out trying to read; ,Nov 25 2019 7:47:01.0320 PM,Nov 25 2019 7:47:02.0660 PM,1.0338
,UART,read,ERROR,Timed out trying to read; ,Nov 25 2019 7:47:02.7380 PM,Nov 25 2019 7:47:03.7560 PM,1.0178
,Dut,read,ERROR,Timed out trying to read; ,Nov 25 2019 7:47:03.8650 PM,Nov 25 2019 7:47:04.8730 PM,1.0077
,Dut,read,ERROR,Timed out trying to read; ,Nov 25 2019 7:47:04.9510 PM,Nov 25 2019 7:47:05.9590 PM,1.0086
