Test,Plugin,Command,Status,Info,Start Time,End Time,Duration (s)
,UART,open,PASS,,Nov 25 2019 7:46:58.6390 PM,Nov 25 2019 7:46:58.6710 PM,.0315
,UART,changeLineTerminator,PASS,,Nov 25 2019 7:46:58.6730 PM,Nov 25 2019 7:46:58.6730 PM,.0001
,UART,sendCommand,PASS,,Nov 25 2019 7:46:58.6740 PM,Nov 25 2019 7:46:58.7860 PM,.1118
,UART,sendCommand,PASS,,Nov 25 2019 7:46:58.7880 PM,Nov 25 2019 7:46:58.8980 PM,.1099
,UART,read,ERROR,Timed out trying to read; ,Nov 25 2019 7:46:58.8990 PM,Nov 25 2019 7:46:59.9120 PM,1.0135
,UART,sendCommand,PASS,,Nov 25 2019 7:46:59.9140 PM,Nov 25 2019 7:46:59.9150 PM,.0009
,UART,read,ERROR,Timed out trying to read; ,Nov 25 2019 7:46:59.9160 PM,Nov 25 2019 7:47:00.9200 PM,1.0037
,UART,sendCommand,PASS,,Nov 25 2019 7:47:00.9220 PM,Nov 25 2019 7:47:01.0300 PM,.1085
,UART,read,ERROR,Timed out trying to read; ,Nov 25 2019 7:47:01.0320 PM,Nov 25 2019 7:47:02.0660 PM,1.0338
,UART,sendCommand,PASS,,Nov 25 2019 7:47:02.0680 PM,Nov 25 2019 7:47:02.1790 PM,.1119
,UART,read,PASS,,Nov 25 2019 7:47:02.1810 PM,Nov 25 2019 7:47:02.7350 PM,.5541
,UART,read,PASS,,Nov 25 2019 7:47:02.7370 PM,Nov 25 2019 7:47:02.7370 PM,.0002
,UART,read,ERROR,Timed out trying to read; ,Nov 25 2019 7:47:02.7380 PM,Nov 25 2019 7:47:03.7560 PM,1.0178
,UART,changeDelimiter,PASS,,Nov 25 2019 7:47:03.7580 PM,Nov 25 2019 7:47:03.7580 PM,0
CONSOLE_SETTING,UART,sendCommand,PASS,,Nov 25 2019 7:47:03.7600 PM,Nov 25 2019 7:47:03.7980 PM,.0376
,UART,close,PASS,,Nov 25 2019 7:47:03.8010 PM,Nov 25 2019 7:47:03.8010 PM,.0006
,Dut,open,PASS,,Nov 25 2019 7:47:03.8040 PM,Nov 25 2019 7:47:03.8630 PM,.0596
,Dut,read,ERROR,Timed out trying to read; ,Nov 25 2019 7:47:03.8650 PM,Nov 25 2019 7:47:04.8730 PM,1.0077
,Dut,close,PASS,,Nov 25 2019 7:47:04.8750 PM,Nov 25 2019 7:47:04.8750 PM,.0005
Copy TestPlan To LogDir,RunCommand,RunCommandWithParameter,PASS,,Nov 25 2019 7:47:04.8800 PM,Nov 25 2019 7:47:04.8910 PM,.0111
,Dut,open,PASS,,Nov 25 2019 7:47:04.8940 PM,Nov 25 2019 7:47:04.9490 PM,.0548
,Dut,read,ERROR,Timed out trying to read; ,Nov 25 2019 7:47:04.9510 PM,Nov 25 2019 7:47:05.9590 PM,1.0086
1. ALIAS_SETTING,Dut,sendCommand,PASS,,Nov 25 2019 7:47:05.9620 PM,Nov 25 2019 7:47:06.0910 PM,.1289
2. SPAM_SETTING,Dut,sendCommand,PASS,,Nov 25 2019 7:47:06.0940 PM,Nov 25 2019 7:47:06.5440 PM,.4497
3. GET_SW_INFO,Dut,sendCommand,PASS,,Nov 25 2019 7:47:06.5470 PM,Nov 25 2019 7:47:06.6080 PM,.0608
3. GET_SW_INFO,Dut,sendCommand,PASS,,Nov 25 2019 7:47:06.6100 PM,Nov 25 2019 7:47:06.7180 PM,.1075
4. GET_MLB_INFO,Dut,sendCommand,PASS,,Nov 25 2019 7:47:06.7220 PM,Nov 25 2019 7:47:06.7660 PM,.0437
4. GET_MLB_INFO,Dut,sendCommand,PASS,,Nov 25 2019 7:47:06.7680 PM,Nov 25 2019 7:47:06.7980 PM,.0299
4. GET_MLB_INFO,Dut,sendCommand,PASS,,Nov 25 2019 7:47:06.7990 PM,Nov 25 2019 7:47:06.8300 PM,.0301
6. GET_COMP_INFO,Dut,sendCommand,PASS,,Nov 25 2019 7:47:06.8360 PM,Nov 25 2019 7:47:06.9710 PM,.135
6. GET_COMP_INFO,Dut,sendCommand,PASS,,Nov 25 2019 7:47:06.9730 PM,Nov 25 2019 7:47:07.0180 PM,.0451
6. GET_COMP_INFO,Dut,sendCommand,PASS,,Nov 25 2019 7:47:07.0210 PM,Nov 25 2019 7:47:07.1600 PM,.1396
6. GET_COMP_INFO,Dut,sendCommand,PASS,,Nov 25 2019 7:47:07.1620 PM,Nov 25 2019 7:47:07.4600 PM,.2977
6. GET_COMP_INFO,Dut,sendCommand,PASS,,Nov 25 2019 7:47:07.4680 PM,Nov 25 2019 7:47:07.5130 PM,.0451
7. QUIESCE_SYSTEM,Dut,sendCommand,PASS,,Nov 25 2019 7:47:07.5180 PM,Nov 25 2019 7:47:07.6850 PM,.1666
7. QUIESCE_SYSTEM,Dut,sendCommand,PASS,,Nov 25 2019 7:47:07.6870 PM,Nov 25 2019 7:47:07.7170 PM,.0304
7. QUIESCE_SYSTEM,Dut,sendCommand,PASS,,Nov 25 2019 7:47:07.7190 PM,Nov 25 2019 7:47:07.8130 PM,.0943
7. QUIESCE_SYSTEM,Dut,sendCommand,PASS,,Nov 25 2019 7:47:07.8140 PM,Nov 25 2019 7:47:07.8580 PM,.0434
7. QUIESCE_SYSTEM,Dut,sendCommand,PASS,,Nov 25 2019 7:47:07.8590 PM,Nov 25 2019 7:47:07.9020 PM,.0423
8. GET_INFO2,com.apple.hwte.atlas.AppPlugin,show-form,PASS,,Nov 25 2019 7:47:07.9050 PM,Nov 25 2019 7:47:12.8680 PM,4.9626
9. QUERY_SFC_WRITE_SYSCFG,Dut,sendCommand,PASS,,Nov 25 2019 7:47:12.8730 PM,Nov 25 2019 7:47:12.9650 PM,.0923
10. GET_SYS_INFO,Dut,sendCommand,PASS,,Nov 25 2019 7:47:12.9680 PM,Nov 25 2019 7:47:13.0110 PM,.0424
11. DRCB startDataReporting,DRCB,startDataReporting,PASS,,Nov 25 2019 7:47:13.0160 PM,Nov 25 2019 7:47:13.0300 PM,.0134
12. GET_MLB_INFO,Dut,sendCommand,PASS,,Nov 25 2019 7:47:13.0330 PM,Nov 25 2019 7:47:13.0750 PM,.0415
13. SetRTC,Dut,sendCommand,PASS,,Nov 25 2019 7:47:13.0790 PM,Nov 25 2019 7:47:13.1150 PM,.0357
14. QUERY_SFC_WRITE_SYSCFG,SFCSupport,getAttribute,PASS,,Nov 25 2019 7:47:13.1190 PM,Nov 25 2019 7:47:13.1460 PM,.0275
14. QUERY_SFC_WRITE_SYSCFG,SFCSupport,getAttribute,PASS,,Nov 25 2019 7:47:13.1480 PM,Nov 25 2019 7:47:13.1550 PM,.0062
14. QUERY_SFC_WRITE_SYSCFG,SFCSupport,getAttribute,PASS,,Nov 25 2019 7:47:13.1560 PM,Nov 25 2019 7:47:13.1610 PM,.0049
14. QUERY_SFC_WRITE_SYSCFG,SFCSupport,getAttribute,PASS,,Nov 25 2019 7:47:13.1630 PM,Nov 25 2019 7:47:13.1690 PM,.0055
14. QUERY_SFC_WRITE_SYSCFG,SFCSupport,getAttribute,PASS,,Nov 25 2019 7:47:13.1710 PM,Nov 25 2019 7:47:13.1760 PM,.0059
14. QUERY_SFC_WRITE_SYSCFG,SFCSupport,getAttribute,PASS,,Nov 25 2019 7:47:13.1780 PM,Nov 25 2019 7:47:13.1840 PM,.0059
14. QUERY_SFC_WRITE_SYSCFG,SFCSupport,getAttribute,PASS,,Nov 25 2019 7:47:13.1860 PM,Nov 25 2019 7:47:13.1910 PM,.0049
14. QUERY_SFC_WRITE_SYSCFG,SFCSupport,getAttribute,PASS,,Nov 25 2019 7:47:13.1930 PM,Nov 25 2019 7:47:13.1970 PM,.0045
14. QUERY_SFC_WRITE_SYSCFG,SFCSupport,getAttribute,PASS,,Nov 25 2019 7:47:13.1990 PM,Nov 25 2019 7:47:13.2040 PM,.0051
14. QUERY_SFC_WRITE_SYSCFG,Dut,sendCommand,PASS,,Nov 25 2019 7:47:13.2070 PM,Nov 25 2019 7:47:13.2900 PM,.084
14. QUERY_SFC_WRITE_SYSCFG,Dut,sendCommand,PASS,,Nov 25 2019 7:47:13.2920 PM,Nov 25 2019 7:47:13.3370 PM,.0453
14. QUERY_SFC_WRITE_SYSCFG,Dut,sendCommand,PASS,,Nov 25 2019 7:47:13.3390 PM,Nov 25 2019 7:47:13.4170 PM,.0783
14. QUERY_SFC_WRITE_SYSCFG,Dut,sendCommand,PASS,,Nov 25 2019 7:47:13.4190 PM,Nov 25 2019 7:47:13.4650 PM,.046
14. QUERY_SFC_WRITE_SYSCFG,Dut,sendCommand,PASS,,Nov 25 2019 7:47:13.4660 PM,Nov 25 2019 7:47:13.5450 PM,.0786
14. QUERY_SFC_WRITE_SYSCFG,Dut,sendCommand,PASS,,Nov 25 2019 7:47:13.5470 PM,Nov 25 2019 7:47:13.5910 PM,.0442
14. QUERY_SFC_WRITE_SYSCFG,Dut,sendCommand,PASS,,Nov 25 2019 7:47:13.5930 PM,Nov 25 2019 7:47:13.6710 PM,.0781
14. QUERY_SFC_WRITE_SYSCFG,Dut,sendCommand,PASS,,Nov 25 2019 7:47:13.6720 PM,Nov 25 2019 7:47:13.7190 PM,.0462
14. QUERY_SFC_WRITE_SYSCFG,Dut,sendCommand,PASS,,Nov 25 2019 7:47:13.7200 PM,Nov 25 2019 7:47:13.8140 PM,.094
14. QUERY_SFC_WRITE_SYSCFG,Dut,sendCommand,PASS,,Nov 25 2019 7:47:13.8160 PM,Nov 25 2019 7:47:13.8620 PM,.0455
14. QUERY_SFC_WRITE_SYSCFG,Dut,sendCommand,PASS,,Nov 25 2019 7:47:13.8640 PM,Nov 25 2019 7:47:13.9410 PM,.0776
14. QUERY_SFC_WRITE_SYSCFG,Dut,sendCommand,PASS,,Nov 25 2019 7:47:13.9430 PM,Nov 25 2019 7:47:13.9730 PM,.0303
14. QUERY_SFC_WRITE_SYSCFG,Dut,sendCommand,PASS,,Nov 25 2019 7:47:13.9750 PM,Nov 25 2019 7:47:14.0210 PM,.0464
14. QUERY_SFC_WRITE_SYSCFG,Dut,sendCommand,PASS,,Nov 25 2019 7:47:14.0230 PM,Nov 25 2019 7:47:14.0530 PM,.0302
14. QUERY_SFC_WRITE_SYSCFG,Dut,sendCommand,PASS,,Nov 25 2019 7:47:14.0550 PM,Nov 25 2019 7:47:14.1010 PM,.0464
14. QUERY_SFC_WRITE_SYSCFG,Dut,sendCommand,PASS,,Nov 25 2019 7:47:14.1030 PM,Nov 25 2019 7:47:14.1330 PM,.0304
14. QUERY_SFC_WRITE_SYSCFG,Dut,sendCommand,PASS,,Nov 25 2019 7:47:14.1350 PM,Nov 25 2019 7:47:14.1810 PM,.0463
14. QUERY_SFC_WRITE_SYSCFG,Dut,sendCommand,PASS,,Nov 25 2019 7:47:14.1820 PM,Nov 25 2019 7:47:14.2290 PM,.0464
14. QUERY_SFC_WRITE_SYSCFG,Dut,sendCommand,PASS,,Nov 25 2019 7:47:14.2310 PM,Nov 25 2019 7:47:14.2770 PM,.0463
14. QUERY_SFC_WRITE_SYSCFG,Dut,sendCommand,PASS,,Nov 25 2019 7:47:14.2780 PM,Nov 25 2019 7:47:14.3250 PM,.0462
14. QUERY_SFC_WRITE_SYSCFG,Dut,sendCommand,PASS,,Nov 25 2019 7:47:14.3260 PM,Nov 25 2019 7:47:14.3730 PM,.0463
14. QUERY_SFC_WRITE_SYSCFG,Dut,sendCommand,PASS,,Nov 25 2019 7:47:14.3740 PM,Nov 25 2019 7:47:14.4210 PM,.0462
15. GET_INFO3,SFCSupport,getAttribute,PASS,,Nov 25 2019 7:47:14.4280 PM,Nov 25 2019 7:47:14.4340 PM,.0061
16. COMM_BUS_SWEEP,Dut,sendCommand,PASS,,Nov 25 2019 7:47:14.4390 PM,Nov 25 2019 7:47:14.5140 PM,.0759
17. QUIESCE_SYSTEM_2,Dut,sendCommand,PASS,,Nov 25 2019 7:47:14.5180 PM,Nov 25 2019 7:47:14.5600 PM,.0424
17. QUIESCE_SYSTEM_2,Dut,sendCommand,PASS,,Nov 25 2019 7:47:14.5620 PM,Nov 25 2019 7:47:15.6760 PM,1.1144
17. QUIESCE_SYSTEM_2,Dut,sendCommand,PASS,,Nov 25 2019 7:47:15.6780 PM,Nov 25 2019 7:47:15.7220 PM,.0442
17. QUIESCE_SYSTEM_2,Dut,sendCommand,PASS,,Nov 25 2019 7:47:15.7240 PM,Nov 25 2019 7:47:15.7640 PM,.0404
17. QUIESCE_SYSTEM_2,Dut,sendCommand,PASS,,Nov 25 2019 7:47:15.7660 PM,Nov 25 2019 7:47:15.8060 PM,.0404
17. QUIESCE_SYSTEM_2,Dut,sendCommand,PASS,,Nov 25 2019 7:47:15.8080 PM,Nov 25 2019 7:47:15.8380 PM,.0304
17. QUIESCE_SYSTEM_2,Dut,sendCommand,PASS,,Nov 25 2019 7:47:15.8400 PM,Nov 25 2019 7:47:16.1250 PM,.2857
17. QUIESCE_SYSTEM_2,Dut,sendCommand,PASS,,Nov 25 2019 7:47:16.1270 PM,Nov 25 2019 7:47:16.5410 PM,.4139
17. QUIESCE_SYSTEM_2,Dut,sendCommand,PASS,,Nov 25 2019 7:47:16.5420 PM,Nov 25 2019 7:47:16.5810 PM,.0383
17. QUIESCE_SYSTEM_2,Dut,sendCommand,PASS,,Nov 25 2019 7:47:16.5820 PM,Nov 25 2019 7:47:16.6270 PM,.0444
17. QUIESCE_SYSTEM_2,Dut,sendCommand,PASS,,Nov 25 2019 7:47:16.6280 PM,Nov 25 2019 7:47:16.6720 PM,.0434
17. QUIESCE_SYSTEM_2,Dut,sendCommand,PASS,,Nov 25 2019 7:47:16.6730 PM,Nov 25 2019 7:47:16.7140 PM,.0404
17. QUIESCE_SYSTEM_2,Dut,sendCommand,PASS,,Nov 25 2019 7:47:16.7150 PM,Nov 25 2019 7:47:16.7530 PM,.0383
18. CHARGER_OFF,Dut,sendCommand,PASS,,Nov 25 2019 7:47:16.7580 PM,Nov 25 2019 7:47:16.8670 PM,.1096
18. CHARGER_OFF,Dut,sendCommand,PASS,,Nov 25 2019 7:47:16.8690 PM,Nov 25 2019 7:47:16.8990 PM,.0301
18. CHARGER_OFF,Dut,sendCommand,PASS,,Nov 25 2019 7:47:16.9010 PM,Nov 25 2019 7:47:16.9430 PM,.0417
18. CHARGER_OFF,Dut,sendCommand,PASS,,Nov 25 2019 7:47:16.9450 PM,Nov 25 2019 7:47:16.9750 PM,.0306
19. LISA_INIT,Dut,sendCommand,PASS,,Nov 25 2019 7:47:16.9800 PM,Nov 25 2019 7:47:17.0250 PM,.0453
19. LISA_INIT,Dut,sendCommand,PASS,,Nov 25 2019 7:47:17.0330 PM,Nov 25 2019 7:47:17.1830 PM,.1497
19. LISA_INIT,Dut,sendCommand,PASS,,Nov 25 2019 7:47:17.1850 PM,Nov 25 2019 7:47:17.2280 PM,.0428
19. LISA_INIT,Dut,sendCommand,PASS,,Nov 25 2019 7:47:17.2290 PM,Nov 25 2019 7:47:17.2710 PM,.0423
19. LISA_INIT,Dut,sendCommand,PASS,,Nov 25 2019 7:47:17.2730 PM,Nov 25 2019 7:47:17.3200 PM,.0472
19. LISA_INIT,Dut,sendCommand,PASS,,Nov 25 2019 7:47:17.3230 PM,Nov 25 2019 7:47:17.3680 PM,.0458
19. LISA_INIT,Dut,sendCommand,PASS,,Nov 25 2019 7:47:17.3700 PM,Nov 25 2019 7:47:17.4130 PM,.0432
19. LISA_INIT,Dut,sendCommand,PASS,,Nov 25 2019 7:47:17.4210 PM,Nov 25 2019 7:47:17.4610 PM,.0399
20. INIT_GG_READ,Dut,sendCommand,PASS,,Nov 25 2019 7:47:17.4650 PM,Nov 25 2019 7:47:20.4960 PM,3.031
20. INIT_GG_READ,Dut,sendCommand,PASS,,Nov 25 2019 7:47:20.4980 PM,Nov 25 2019 7:47:20.7890 PM,.2908
21. INIT_SOC_READ,Dut,sendCommand,PASS,,Nov 25 2019 7:47:20.8610 PM,Nov 25 2019 7:47:20.9250 PM,.0647
22. INIT_PMU_READ,Dut,sendCommand,PASS,,Nov 25 2019 7:47:20.9420 PM,Nov 25 2019 7:47:20.9730 PM,.0314
22. INIT_PMU_READ,Dut,sendCommand,PASS,,Nov 25 2019 7:47:20.9750 PM,Nov 25 2019 7:47:21.0130 PM,.0378
22. INIT_PMU_READ,Dut,sendCommand,PASS,,Nov 25 2019 7:47:21.0150 PM,Nov 25 2019 7:47:21.0580 PM,.0435
22. INIT_PMU_READ,Dut,sendCommand,PASS,,Nov 25 2019 7:47:21.0600 PM,Nov 25 2019 7:47:22.5090 PM,1.449
22. INIT_PMU_READ,Dut,sendCommand,PASS,,Nov 25 2019 7:47:22.6220 PM,Nov 25 2019 7:47:22.6620 PM,.04
23. LYNX_TEST,Dut,sendCommand,PASS,,Nov 25 2019 7:47:22.6820 PM,Nov 25 2019 7:47:23.4450 PM,.7633
23. LYNX_TEST,Dut,sendCommand,PASS,,Nov 25 2019 7:47:23.4470 PM,Nov 25 2019 7:47:30.8940 PM,7.4475
23. LYNX_TEST,Dut,sendCommand,PASS,,Nov 25 2019 7:47:30.8960 PM,Nov 25 2019 7:47:31.0380 PM,.1422
23. LYNX_TEST,Dut,sendCommand,PASS,,Nov 25 2019 7:47:31.0400 PM,Nov 25 2019 7:47:31.1150 PM,.0749
23. LYNX_TEST,Dut,sendCommand,PASS,,Nov 25 2019 7:47:31.1160 PM,Nov 25 2019 7:47:31.1710 PM,.0546
23. LYNX_TEST,Dut,sendCommand,PASS,,Nov 25 2019 7:47:31.1720 PM,Nov 25 2019 7:47:31.3140 PM,.1421
24. CHARGER_ON,Dut,sendCommand,PASS,,Nov 25 2019 7:47:31.3190 PM,Nov 25 2019 7:47:31.3550 PM,.0361
24. CHARGER_ON,Dut,sendCommand,PASS,,Nov 25 2019 7:47:31.3570 PM,Nov 25 2019 7:47:31.3960 PM,.0388
24. CHARGER_ON,Dut,sendCommand,PASS,,Nov 25 2019 7:47:31.3980 PM,Nov 25 2019 7:47:31.4430 PM,.0453
25. SET_BUBO_PFM,Dut,sendCommand,PASS,,Nov 25 2019 7:47:31.4470 PM,Nov 25 2019 7:47:31.4970 PM,.0496
26. Kobol_INIT,Dut,sendCommand,PASS,,Nov 25 2019 7:47:31.5000 PM,Nov 25 2019 7:47:31.8010 PM,.3004
27. IMU_ACCEL_ID,Dut,sendCommand,PASS,,Nov 25 2019 7:47:31.8040 PM,Nov 25 2019 7:47:31.8630 PM,.0594
28. Kobol_ACCEL_ID,Dut,sendCommand,PASS,,Nov 25 2019 7:47:31.8690 PM,Nov 25 2019 7:47:31.9260 PM,.0573
29. Kobol_GYRO_DRIVE_FREQ_MEAS,Dut,sendCommand,PASS,,Nov 25 2019 7:47:31.9330 PM,Nov 25 2019 7:47:32.1820 PM,.2486
30. IMU_Connectivity,Dut,sendCommand,PASS,,Nov 25 2019 7:47:32.1860 PM,Nov 25 2019 7:47:32.2460 PM,.0595
31. IMU_OFF,Dut,sendCommand,PASS,,Nov 25 2019 7:47:32.2500 PM,Nov 25 2019 7:47:32.5450 PM,.2955
32. Kobol_ACCEL_SELFTEST,Dut,sendCommand,PASS,,Nov 25 2019 7:47:32.5480 PM,Nov 25 2019 7:47:32.6990 PM,.1506
32. Kobol_ACCEL_SELFTEST,Dut,sendCommand,PASS,,Nov 25 2019 7:47:32.7010 PM,Nov 25 2019 7:47:32.9500 PM,.2498
33. IMU_Combo_LPNM25_BUBO_PFM,Dut,sendCommand,PASS,,Nov 25 2019 7:47:32.9600 PM,Nov 25 2019 7:47:33.2540 PM,.2939
33. IMU_Combo_LPNM25_BUBO_PFM,Dut,sendCommand,PASS,,Nov 25 2019 7:47:33.2560 PM,Nov 25 2019 7:47:33.3060 PM,.0504
33. IMU_Combo_LPNM25_BUBO_PFM,Dut,sendCommand,PASS,,Nov 25 2019 7:47:33.3070 PM,Nov 25 2019 7:47:33.3510 PM,.0432
33. IMU_Combo_LPNM25_BUBO_PFM,Dut,sendCommand,PASS,,Nov 25 2019 7:47:33.3520 PM,Nov 25 2019 7:47:33.3920 PM,.0396
33. IMU_Combo_LPNM25_BUBO_PFM,Dut,sendCommand,PASS,,Nov 25 2019 7:47:33.3930 PM,Nov 25 2019 7:47:33.5590 PM,.1661
33. IMU_Combo_LPNM25_BUBO_PFM,Dut,sendCommand,PASS,,Nov 25 2019 7:47:33.5610 PM,Nov 25 2019 7:47:33.6980 PM,.1372
33. IMU_Combo_LPNM25_BUBO_PFM,Dut,sendCommand,PASS,,Nov 25 2019 7:47:33.7000 PM,Nov 25 2019 7:47:33.8310 PM,.1313
33. IMU_Combo_LPNM25_BUBO_PFM,Dut,sendCommand,PASS,,Nov 25 2019 7:47:33.8330 PM,Nov 25 2019 7:47:33.8870 PM,.0543
33. IMU_Combo_LPNM25_BUBO_PFM,Dut,sendCommand,PASS,,Nov 25 2019 7:47:33.8890 PM,Nov 25 2019 7:47:34.0630 PM,.1741
33. IMU_Combo_LPNM25_BUBO_PFM,Dut,sendCommand,PASS,,Nov 25 2019 7:47:34.0640 PM,Nov 25 2019 7:47:34.7230 PM,.6585
33. IMU_Combo_LPNM25_BUBO_PFM,Dut,sendCommand,PASS,,Nov 25 2019 7:47:34.7580 PM,Nov 25 2019 7:47:34.7860 PM,.028
33. IMU_Combo_LPNM25_BUBO_PFM,Dut,sendCommand,PASS,,Nov 25 2019 7:47:34.7880 PM,Nov 25 2019 7:47:34.8310 PM,.0434
34. TURN_OFF_IMU,Dut,sendCommand,PASS,,Nov 25 2019 7:47:34.8370 PM,Nov 25 2019 7:47:34.9270 PM,.0907
35. POTASSIUM,com.apple.hwte.atlas.AppPlugin,show-form,PASS,,Nov 25 2019 7:47:34.9330 PM,Nov 25 2019 7:47:40.4320 PM,5.4995
35. POTASSIUM,Dut,sendCommand,PASS,,Nov 25 2019 7:47:40.4340 PM,Nov 25 2019 7:47:40.4820 PM,.0479
35. POTASSIUM,Dut,sendCommand,PASS,,Nov 25 2019 7:47:40.4840 PM,Nov 25 2019 7:47:40.5250 PM,.0412
35. POTASSIUM,Dut,sendCommand,PASS,,Nov 25 2019 7:47:40.5270 PM,Nov 25 2019 7:47:40.5940 PM,.0674
35. POTASSIUM,Dut,sendCommand,PASS,,Nov 25 2019 7:47:40.5970 PM,Nov 25 2019 7:47:40.6410 PM,.0445
35. POTASSIUM,Dut,sendCommand,PASS,,Nov 25 2019 7:47:40.6430 PM,Nov 25 2019 7:47:42.9850 PM,2.3417
35. POTASSIUM,Dut,sendCommand,PASS,,Nov 25 2019 7:47:42.9890 PM,Nov 25 2019 7:47:43.0290 PM,.0402
36. MOLYBDENUM,Dut,sendCommand,PASS,,Nov 25 2019 7:47:43.0350 PM,Nov 25 2019 7:47:43.0870 PM,.0522
36. MOLYBDENUM,Dut,sendCommand,PASS,,Nov 25 2019 7:47:43.0900 PM,Nov 25 2019 7:47:43.1350 PM,.0456
36. MOLYBDENUM,Dut,sendCommand,PASS,,Nov 25 2019 7:47:43.1380 PM,Nov 25 2019 7:47:43.2380 PM,.1004
36. MOLYBDENUM,Dut,sendCommand,PASS,,Nov 25 2019 7:47:43.2400 PM,Nov 25 2019 7:47:45.8430 PM,2.6029
37. QUIESCE_SYSTEM_3,Dut,sendCommand,PASS,,Nov 25 2019 7:47:45.8480 PM,Nov 25 2019 7:47:45.8890 PM,.0405
37. QUIESCE_SYSTEM_3,Dut,sendCommand,PASS,,Nov 25 2019 7:47:45.8900 PM,Nov 25 2019 7:47:45.9340 PM,.0441
38. ARDMORE_TEST,Dut,sendCommand,PASS,,Nov 25 2019 7:47:45.9380 PM,Nov 25 2019 7:47:46.0540 PM,.1159
38. ARDMORE_TEST,Dut,sendCommand,PASS,,Nov 25 2019 7:47:46.0560 PM,Nov 25 2019 7:47:46.1000 PM,.0443
38. ARDMORE_TEST,Dut,sendCommand,PASS,,Nov 25 2019 7:47:46.1020 PM,Nov 25 2019 7:47:46.1800 PM,.078
38. ARDMORE_TEST,Dut,sendCommand,PASS,,Nov 25 2019 7:47:46.1830 PM,Nov 25 2019 7:47:46.3590 PM,.1763
38. ARDMORE_TEST,Dut,sendCommand,PASS,,Nov 25 2019 7:47:46.3610 PM,Nov 25 2019 7:47:46.4070 PM,.0458
39. SPEAKER_IMPEDANCE,Dut,sendCommand,PASS,,Nov 25 2019 7:47:46.4120 PM,Nov 25 2019 7:47:46.5280 PM,.1168
39. SPEAKER_IMPEDANCE,Dut,sendCommand,PASS,,Nov 25 2019 7:47:46.5300 PM,Nov 25 2019 7:47:46.5740 PM,.0441
39. SPEAKER_IMPEDANCE,Dut,sendCommand,PASS,,Nov 25 2019 7:47:46.5760 PM,Nov 25 2019 7:47:46.6200 PM,.0437
39. SPEAKER_IMPEDANCE,Dut,sendCommand,PASS,,Nov 25 2019 7:47:46.6210 PM,Nov 25 2019 7:47:46.6630 PM,.0424
39. SPEAKER_IMPEDANCE,Dut,sendCommand,PASS,,Nov 25 2019 7:47:46.6650 PM,Nov 25 2019 7:47:46.7020 PM,.0374
39. SPEAKER_IMPEDANCE,Dut,sendCommand,PASS,,Nov 25 2019 7:47:46.7040 PM,Nov 25 2019 7:47:46.7430 PM,.0394
39. SPEAKER_IMPEDANCE,Dut,sendCommand,PASS,,Nov 25 2019 7:47:46.7450 PM,Nov 25 2019 7:47:46.7960 PM,.0514
39. SPEAKER_IMPEDANCE,Dut,sendCommand,PASS,,Nov 25 2019 7:47:46.7980 PM,Nov 25 2019 7:47:46.8520 PM,.0543
39. SPEAKER_IMPEDANCE,Dut,sendCommand,PASS,,Nov 25 2019 7:47:46.8540 PM,Nov 25 2019 7:47:47.9180 PM,1.0645
39. SPEAKER_IMPEDANCE,Dut,sendCommand,PASS,,Nov 25 2019 7:47:47.9200 PM,Nov 25 2019 7:47:48.1090 PM,.1893
39. SPEAKER_IMPEDANCE,Dut,sendCommand,PASS,,Nov 25 2019 7:47:48.1120 PM,Nov 25 2019 7:47:48.1520 PM,.0401
39. SPEAKER_IMPEDANCE,Dut,sendCommand,PASS,,Nov 25 2019 7:47:48.1530 PM,Nov 25 2019 7:47:48.2080 PM,.0545
40. CARNELIAN,Dut,sendCommand,PASS,,Nov 25 2019 7:47:48.2120 PM,Nov 25 2019 7:47:48.3300 PM,.118
40. CARNELIAN,Dut,sendCommand,PASS,,Nov 25 2019 7:47:48.3320 PM,Nov 25 2019 7:47:48.3680 PM,.0362
40. CARNELIAN,Dut,sendCommand,PASS,,Nov 25 2019 7:47:48.3700 PM,Nov 25 2019 7:47:49.8720 PM,1.5019
40. CARNELIAN,Dut,sendCommand,PASS,,Nov 25 2019 7:47:49.8740 PM,Nov 25 2019 7:47:49.9170 PM,.0433
40. CARNELIAN,Dut,sendCommand,PASS,,Nov 25 2019 7:47:49.9180 PM,Nov 25 2019 7:47:49.9720 PM,.0535
41. MAGNETITE_TEST_1,Dut,sendCommand,PASS,,Nov 25 2019 7:47:49.9760 PM,Nov 25 2019 7:47:50.0210 PM,.0451
41. MAGNETITE_TEST_1,Dut,sendCommand,PASS,,Nov 25 2019 7:47:50.0220 PM,Nov 25 2019 7:47:50.0520 PM,.0301
42. BUTTONS_CHECK,Dut,sendCommand,PASS,,Nov 25 2019 7:47:50.0570 PM,Nov 25 2019 7:47:50.1050 PM,.0488
42. BUTTONS_CHECK,com.apple.hwte.atlas.AppPlugin,show-form,PASS,,Nov 25 2019 7:47:50.1080 PM,Nov 25 2019 7:47:56.9980 PM,6.8896
42. BUTTONS_CHECK,Dut,sendCommand,PASS,,Nov 25 2019 7:47:57.0000 PM,Nov 25 2019 7:47:57.0370 PM,.0375
42. BUTTONS_CHECK,com.apple.hwte.atlas.AppPlugin,show-form,PASS,,Nov 25 2019 7:47:57.0390 PM,Nov 25 2019 7:47:58.4020 PM,1.3629
42. BUTTONS_CHECK,com.apple.hwte.atlas.AppPlugin,show-form,PASS,,Nov 25 2019 7:47:58.4040 PM,Nov 25 2019 7:48:00.6440 PM,2.2403
42. BUTTONS_CHECK,Dut,sendCommand,PASS,,Nov 25 2019 7:48:00.6460 PM,Nov 25 2019 7:48:00.6870 PM,.0404
42. BUTTONS_CHECK,com.apple.hwte.atlas.AppPlugin,show-form,PASS,,Nov 25 2019 7:48:00.6890 PM,Nov 25 2019 7:48:02.7180 PM,2.0288
42. BUTTONS_CHECK,Dut,sendCommand,PASS,,Nov 25 2019 7:48:02.7200 PM,Nov 25 2019 7:48:02.7590 PM,.0393
43. BATTERY_PROPERTIES,Dut,sendCommand,PASS,,Nov 25 2019 7:48:02.7660 PM,Nov 25 2019 7:48:02.8070 PM,.0411
43. BATTERY_PROPERTIES,Dut,sendCommand,PASS,,Nov 25 2019 7:48:02.8090 PM,Nov 25 2019 7:48:03.8360 PM,1.0264
43. BATTERY_PROPERTIES,Dut,sendCommand,PASS,,Nov 25 2019 7:48:03.8380 PM,Nov 25 2019 7:48:04.1700 PM,.332
43. BATTERY_PROPERTIES,Dut,sendCommand,PASS,,Nov 25 2019 7:48:04.1720 PM,Nov 25 2019 7:48:04.3570 PM,.1848
44. MAGNETITE_TEST_2,Dut,sendCommand,PASS,,Nov 25 2019 7:48:04.3610 PM,Nov 25 2019 7:48:04.3990 PM,.0386
44. MAGNETITE_TEST_2,Dut,sendCommand,PASS,,Nov 25 2019 7:48:04.4010 PM,Nov 25 2019 7:48:08.3750 PM,3.9742
44. MAGNETITE_TEST_2,Dut,sendCommand,PASS,,Nov 25 2019 7:48:08.3830 PM,Nov 25 2019 7:48:08.4230 PM,.0402
44. MAGNETITE_TEST_2,Dut,sendCommand,PASS,,Nov 25 2019 7:48:08.4250 PM,Nov 25 2019 7:48:08.4550 PM,.0306
44. MAGNETITE_TEST_2,Dut,sendCommand,PASS,,Nov 25 2019 7:48:08.4570 PM,Nov 25 2019 7:48:08.4870 PM,.0301
44. MAGNETITE_TEST_2,Dut,sendCommand,PASS,,Nov 25 2019 7:48:08.4890 PM,Nov 25 2019 7:48:23.5180 PM,15.0287
44. MAGNETITE_TEST_2,Dut,sendCommand,PASS,,Nov 25 2019 7:48:23.5200 PM,Nov 25 2019 7:48:24.5560 PM,1.0365
44. MAGNETITE_TEST_2,Dut,sendCommand,PASS,,Nov 25 2019 7:48:24.5580 PM,Nov 25 2019 7:48:25.4320 PM,.874
44. MAGNETITE_TEST_2,Dut,sendCommand,PASS,,Nov 25 2019 7:48:25.4380 PM,Nov 25 2019 7:48:27.4760 PM,2.0384
45. PUCK_CHARGE_TEST,Dut,sendCommand,PASS,,Nov 25 2019 7:48:27.4820 PM,Nov 25 2019 7:48:27.5960 PM,.1141
45. PUCK_CHARGE_TEST,Dut,sendCommand,PASS,,Nov 25 2019 7:48:27.5990 PM,Nov 25 2019 7:48:27.8860 PM,.2871
46. DBGPWR_ON,com.apple.hwte.atlas.AppPlugin,show-form,PASS,,Nov 25 2019 7:48:27.8920 PM,Nov 25 2019 7:48:32.9590 PM,5.0671
46. DBGPWR_ON,Dut,sendCommand,PASS,,Nov 25 2019 7:48:32.9610 PM,Nov 25 2019 7:48:32.9970 PM,.0365
47. WIFI,Dut,sendCommand,PASS,,Nov 25 2019 7:48:33.0020 PM,Nov 25 2019 7:48:33.3770 PM,.3744
47. WIFI,Dut,sendCommand,PASS,,Nov 25 2019 7:48:33.3790 PM,Nov 25 2019 7:48:33.4260 PM,.0471
48. BULETOOTH,Dut,sendCommand,PASS,,Nov 25 2019 7:48:33.4300 PM,Nov 25 2019 7:48:33.8410 PM,.4114
48. BULETOOTH,Dut,sendCommand,PASS,,Nov 25 2019 7:48:33.8430 PM,Nov 25 2019 7:48:33.9570 PM,.1144
48. BULETOOTH,Dut,sendCommand,PASS,,Nov 25 2019 7:48:33.9590 PM,Nov 25 2019 7:48:34.0080 PM,.049
49. STOCKHOLM,Dut,sendCommand,PASS,,Nov 25 2019 7:48:34.0120 PM,Nov 25 2019 7:48:34.3240 PM,.3124
49. STOCKHOLM,Dut,sendCommand,PASS,,Nov 25 2019 7:48:34.3260 PM,Nov 25 2019 7:48:34.3560 PM,.0305
49. STOCKHOLM,Dut,sendCommand,PASS,,Nov 25 2019 7:48:34.3590 PM,Nov 25 2019 7:48:34.4100 PM,.0511
49. STOCKHOLM,Dut,sendCommand,PASS,,Nov 25 2019 7:48:34.4110 PM,Nov 25 2019 7:48:34.4580 PM,.0465
49. STOCKHOLM,Dut,sendCommand,PASS,,Nov 25 2019 7:48:34.4600 PM,Nov 25 2019 7:48:34.5060 PM,.0463
49. STOCKHOLM,Dut,sendCommand,PASS,,Nov 25 2019 7:48:34.5070 PM,Nov 25 2019 7:48:34.5530 PM,.0453
49. STOCKHOLM,Dut,sendCommand,PASS,,Nov 25 2019 7:48:34.5550 PM,Nov 25 2019 7:48:35.1590 PM,.6046
49. STOCKHOLM,Dut,sendCommand,PASS,,Nov 25 2019 7:48:35.1610 PM,Nov 25 2019 7:48:36.6930 PM,1.532
49. STOCKHOLM,Dut,sendCommand,PASS,,Nov 25 2019 7:48:36.6950 PM,Nov 25 2019 7:48:36.7250 PM,.0299
49. STOCKHOLM,Dut,sendCommand,PASS,,Nov 25 2019 7:48:36.7270 PM,Nov 25 2019 7:48:36.7570 PM,.0303
49. STOCKHOLM,Dut,sendCommand,PASS,,Nov 25 2019 7:48:36.7590 PM,Nov 25 2019 7:48:36.7890 PM,.0303
49. STOCKHOLM,Dut,sendCommand,PASS,,Nov 25 2019 7:48:36.7910 PM,Nov 25 2019 7:48:36.8210 PM,.0301
49. STOCKHOLM,Dut,sendCommand,PASS,,Nov 25 2019 7:48:36.8220 PM,Nov 25 2019 7:48:36.8530 PM,.0304
50. GERMANIUM_BASEBAND_VINYL,Dut,sendCommand,PASS,,Nov 25 2019 7:48:36.8580 PM,Nov 25 2019 7:48:40.7990 PM,3.9412
50. GERMANIUM_BASEBAND_VINYL,Dut,sendCommand,PASS,,Nov 25 2019 7:48:40.8010 PM,Nov 25 2019 7:48:40.8850 PM,.0832
50. GERMANIUM_BASEBAND_VINYL,Dut,sendCommand,PASS,,Nov 25 2019 7:48:40.8860 PM,Nov 25 2019 7:48:41.2790 PM,.3928
51. GRAPE_TEST,Dut,sendCommand,PASS,,Nov 25 2019 7:48:41.2830 PM,Nov 25 2019 7:48:41.3880 PM,.1049
51. GRAPE_TEST,Dut,sendCommand,PASS,,Nov 25 2019 7:48:41.3900 PM,Nov 25 2019 7:48:41.5230 PM,.1325
51. GRAPE_TEST,Dut,sendCommand,PASS,,Nov 25 2019 7:48:41.5240 PM,Nov 25 2019 7:48:41.5680 PM,.0432
52. ALS_TEST,Dut,sendCommand,PASS,,Nov 25 2019 7:48:41.5730 PM,Nov 25 2019 7:48:41.6210 PM,.0474
52. ALS_TEST,Dut,sendCommand,PASS,,Nov 25 2019 7:48:41.6230 PM,Nov 25 2019 7:48:41.9080 PM,.2847
52. ALS_TEST,Dut,sendCommand,PASS,,Nov 25 2019 7:48:41.9100 PM,Nov 25 2019 7:48:41.9400 PM,.0303
52. ALS_TEST,Dut,sendCommand,PASS,,Nov 25 2019 7:48:41.9420 PM,Nov 25 2019 7:48:41.9720 PM,.0305
52. ALS_TEST,Dut,sendCommand,PASS,,Nov 25 2019 7:48:41.9740 PM,Nov 25 2019 7:48:42.0130 PM,.0393
52. ALS_TEST,Dut,sendCommand,PASS,,Nov 25 2019 7:48:42.0140 PM,Nov 25 2019 7:48:42.0980 PM,.0835
52. ALS_TEST,Dut,sendCommand,PASS,,Nov 25 2019 7:48:42.1040 PM,Nov 25 2019 7:48:42.1510 PM,.0471
52. ALS_TEST,Dut,sendCommand,PASS,,Nov 25 2019 7:48:42.1530 PM,Nov 25 2019 7:48:42.2150 PM,.0614
52. ALS_TEST,Dut,sendCommand,PASS,,Nov 25 2019 7:48:42.2160 PM,Nov 25 2019 7:48:43.0700 PM,.8543
52. ALS_TEST,Dut,sendCommand,PASS,,Nov 25 2019 7:48:43.0730 PM,Nov 25 2019 7:48:43.3100 PM,.2368
52. ALS_TEST,Dut,sendCommand,PASS,,Nov 25 2019 7:48:43.3110 PM,Nov 25 2019 7:48:44.1620 PM,.8504
52. ALS_TEST,Dut,sendCommand,PASS,,Nov 25 2019 7:48:44.1640 PM,Nov 25 2019 7:48:44.5920 PM,.4284
52. ALS_TEST,Dut,sendCommand,PASS,,Nov 25 2019 7:48:44.5940 PM,Nov 25 2019 7:48:44.6360 PM,.0424
53. DISPLAY_TEST,Dut,sendCommand,PASS,,Nov 25 2019 7:48:44.6420 PM,Nov 25 2019 7:48:44.9400 PM,.2981
53. DISPLAY_TEST,Dut,sendCommand,PASS,,Nov 25 2019 7:48:44.9410 PM,Nov 25 2019 7:48:44.9880 PM,.0464
53. DISPLAY_TEST,Dut,sendCommand,PASS,,Nov 25 2019 7:48:44.9890 PM,Nov 25 2019 7:48:45.0200 PM,.0305
53. DISPLAY_TEST,Dut,sendCommand,PASS,,Nov 25 2019 7:48:45.0210 PM,Nov 25 2019 7:48:45.0600 PM,.0384
53. DISPLAY_TEST,Dut,sendCommand,PASS,,Nov 25 2019 7:48:45.0620 PM,Nov 25 2019 7:48:45.0930 PM,.0312
53. DISPLAY_TEST,Dut,sendCommand,PASS,,Nov 25 2019 7:48:45.0950 PM,Nov 25 2019 7:48:47.1200 PM,2.0254
53. DISPLAY_TEST,Dut,sendCommand,PASS,,Nov 25 2019 7:48:47.1220 PM,Nov 25 2019 7:48:47.1760 PM,.0539
53. DISPLAY_TEST,Dut,sendCommand,PASS,,Nov 25 2019 7:48:47.1780 PM,Nov 25 2019 7:48:49.2040 PM,2.0267
53. DISPLAY_TEST,Dut,sendCommand,PASS,,Nov 25 2019 7:48:49.2060 PM,Nov 25 2019 7:48:49.2500 PM,.0438
53. DISPLAY_TEST,Dut,sendCommand,PASS,,Nov 25 2019 7:48:49.2520 PM,Nov 25 2019 7:48:49.5050 PM,.2531
53. DISPLAY_TEST,Dut,sendCommand,PASS,,Nov 25 2019 7:48:49.5080 PM,Nov 25 2019 7:48:49.6120 PM,.1041
53. DISPLAY_TEST,Dut,sendCommand,PASS,,Nov 25 2019 7:48:49.6140 PM,Nov 25 2019 7:48:50.0110 PM,.3974
54. END_QUIESCE_SYSTEM,Dut,sendCommand,PASS,,Nov 25 2019 7:48:50.0160 PM,Nov 25 2019 7:48:50.0520 PM,.0362
55. QUERY_SFC_WRITE_SYSCFG_2,Dut,sendCommand,PASS,,Nov 25 2019 7:48:50.0550 PM,Nov 25 2019 7:48:50.1170 PM,.0614
55. QUERY_SFC_WRITE_SYSCFG_2,Dut,sendCommand,PASS,,Nov 25 2019 7:48:50.1190 PM,Nov 25 2019 7:48:50.1700 PM,.0511
55. QUERY_SFC_WRITE_SYSCFG_2,Dut,sendCommand,PASS,,Nov 25 2019 7:48:50.1740 PM,Nov 25 2019 7:48:50.2780 PM,.1049
55. QUERY_SFC_WRITE_SYSCFG_2,Dut,sendCommand,PASS,,Nov 25 2019 7:48:50.2800 PM,Nov 25 2019 7:48:50.3240 PM,.0436
55. QUERY_SFC_WRITE_SYSCFG_2,Dut,sendCommand,PASS,,Nov 25 2019 7:48:50.3260 PM,Nov 25 2019 7:48:50.3710 PM,.0452
55. QUERY_SFC_WRITE_SYSCFG_2,Dut,sendCommand,PASS,,Nov 25 2019 7:48:50.3730 PM,Nov 25 2019 7:48:50.4190 PM,.0464
55. QUERY_SFC_WRITE_SYSCFG_2,Dut,sendCommand,PASS,,Nov 25 2019 7:48:50.4220 PM,Nov 25 2019 7:48:50.4670 PM,.0452
55. QUERY_SFC_WRITE_SYSCFG_2,Dut,sendCommand,PASS,,Nov 25 2019 7:48:50.4690 PM,Nov 25 2019 7:48:50.5150 PM,.0462
55. QUERY_SFC_WRITE_SYSCFG_2,Dut,sendCommand,PASS,,Nov 25 2019 7:48:50.5180 PM,Nov 25 2019 7:48:50.5630 PM,.0454
55. QUERY_SFC_WRITE_SYSCFG_2,Dut,sendCommand,PASS,,Nov 25 2019 7:48:50.5650 PM,Nov 25 2019 7:48:50.6110 PM,.0464
55. QUERY_SFC_WRITE_SYSCFG_2,Dut,sendCommand,PASS,,Nov 25 2019 7:48:50.6140 PM,Nov 25 2019 7:48:50.6590 PM,.0454
55. QUERY_SFC_WRITE_SYSCFG_2,Dut,sendCommand,PASS,,Nov 25 2019 7:48:50.6600 PM,Nov 25 2019 7:48:50.7040 PM,.0433
55. QUERY_SFC_WRITE_SYSCFG_2,Dut,sendCommand,PASS,,Nov 25 2019 7:48:50.7060 PM,Nov 25 2019 7:48:50.7520 PM,.0454
55. QUERY_SFC_WRITE_SYSCFG_2,Dut,sendCommand,PASS,,Nov 25 2019 7:48:50.7530 PM,Nov 25 2019 7:48:50.8000 PM,.0463
56. BATTERY_PROPERTIES,Dut,sendCommand,PASS,,Nov 25 2019 7:48:50.8050 PM,Nov 25 2019 7:48:50.8640 PM,.0582
56. BATTERY_PROPERTIES,Dut,sendCommand,PASS,,Nov 25 2019 7:48:50.8650 PM,Nov 25 2019 7:48:51.0550 PM,.1898
56. BATTERY_PROPERTIES,Dut,sendCommand,PASS,,Nov 25 2019 7:48:51.0570 PM,Nov 25 2019 7:48:52.0710 PM,1.0142
56. BATTERY_PROPERTIES,Dut,sendCommand,PASS,,Nov 25 2019 7:48:52.0730 PM,Nov 25 2019 7:48:52.4060 PM,.3328
56. BATTERY_PROPERTIES,Dut,sendCommand,PASS,,Nov 25 2019 7:48:52.4080 PM,Nov 25 2019 7:48:53.0900 PM,.6816
56. BATTERY_PROPERTIES,Dut,sendCommand,PASS,,Nov 25 2019 7:48:53.0910 PM,Nov 25 2019 7:48:53.2650 PM,.1738
56. BATTERY_PROPERTIES,Dut,sendCommand,PASS,,Nov 25 2019 7:48:53.2670 PM,Nov 25 2019 7:48:53.4360 PM,.1688
56. BATTERY_PROPERTIES,Dut,sendCommand,PASS,,Nov 25 2019 7:48:53.4380 PM,Nov 25 2019 7:48:54.2470 PM,.8085
56. BATTERY_PROPERTIES,Dut,sendCommand,PASS,,Nov 25 2019 7:48:54.2500 PM,Nov 25 2019 7:48:54.4340 PM,.1841
57. MAGNETITE_RESET,Dut,sendCommand,PASS,,Nov 25 2019 7:48:54.4400 PM,Nov 25 2019 7:48:54.4850 PM,.0446
,Dut,close,PASS,,Nov 25 2019 7:48:54.4880 PM,Nov 25 2019 7:48:54.4890 PM,.0004
Copy Log,RunCommand,RunCommandWithParameter,PASS,,Nov 25 2019 7:48:54.5010 PM,Nov 25 2019 7:48:54.5140 PM,.0125
Copy Log,RunCommand,RunCommandWithParameter,PASS,,Nov 25 2019 7:48:54.5150 PM,Nov 25 2019 7:48:54.5270 PM,.012
Copy Log,RunCommand,RunCommandWithParameter,PASS,,Nov 25 2019 7:48:54.5290 PM,Nov 25 2019 7:48:54.5410 PM,.0119
Copy Log,RunCommand,RunCommandWithParameter,PASS,,Nov 25 2019 7:48:54.5430 PM,Nov 25 2019 7:48:54.5610 PM,.0183
Copy Log,RunCommand,RunCommandWithParameter,PASS,,Nov 25 2019 7:48:54.5630 PM,Nov 25 2019 7:48:54.5760 PM,.0125
Copy Log,RunCommand,RunCommandWithParameter,PASS,,Nov 25 2019 7:48:54.5770 PM,Nov 25 2019 7:48:54.5890 PM,.0114
Copy Log,DRCB,addBlob,PASS,,Nov 25 2019 7:48:54.5940 PM,Nov 25 2019 7:48:54.5940 PM,.0005
58. END_CONTROLBIT,DRCB,finish,PASS,,Nov 25 2019 7:48:54.6000 PM,Nov 25 2019 7:48:54.8110 PM,.2115
,Dut,open,PASS,,Nov 25 2019 7:48:54.8160 PM,Nov 25 2019 7:48:54.8860 PM,.07
59. UNIT STANDBY,Dut,sendCommand,PASS,,Nov 25 2019 7:48:54.8880 PM,Nov 25 2019 7:48:54.9940 PM,.1055
,Dut,close,PASS,,Nov 25 2019 7:48:55.0000 PM,Nov 25 2019 7:48:55.0000 PM,.0003
