Related Test,Name-1,Name-2,Name-3,Status,Info,Measurement,Units,Upper Limit,Lower Limit,Relaxed Upper Limit,Relaxed Lower Limit,Limit Units,Start Time,End Time,Duration (s)
Scan SN,,,,,,,,,,,,,Jul 4 2019 5:11:05.1500 PM,Jul 4 2019 5:11:06.8320 PM,1.6824
Scan SN,Scan SN,AtlasApp-Hyperion,show-form,PASS,,,,,,,,,Jul 4 2019 5:11:05.1510 PM,Jul 4 2019 5:11:06.8310 PM,1.6802
Fixture init,,,,,,,,,,,,,Jul 4 2019 5:11:06.8340 PM,Jul 4 2019 5:11:13.6850 PM,6.8513
Fixture init,Fixture init,Fixture,changeDelimiter,PASS,,,,,,,,,Jul 4 2019 5:11:06.8360 PM,Jul 4 2019 5:11:06.8360 PM,0
Fixture init,Fixture init,Fixture,changeLineTerminator,PASS,,,,,,,,,Jul 4 2019 5:11:06.8370 PM,Jul 4 2019 5:11:06.8370 PM,0
Fixture init,Fixture init,Fixture,open,PASS,,,,,,,,,Jul 4 2019 5:11:06.8390 PM,Jul 4 2019 5:11:08.4290 PM,1.59
Fixture init,Fixture init,Fixture,read,PASS,,,,,,,,,Jul 4 2019 5:11:08.4310 PM,Jul 4 2019 5:11:08.4600 PM,.0291
Fixture init,Fixture init,P203,changeDelimiter,PASS,,,,,,,,,Jul 4 2019 5:11:08.4620 PM,Jul 4 2019 5:11:08.4620 PM,0
Fixture init,Fixture init,P203,changeLineTerminator,PASS,,,,,,,,,Jul 4 2019 5:11:08.4640 PM,Jul 4 2019 5:11:08.4640 PM,0
Fixture init,Fixture init,P203,open,PASS,,,,,,,,,Jul 4 2019 5:11:08.4650 PM,Jul 4 2019 5:11:10.0590 PM,1.5936
Fixture init,Fixture init,P203,read,PASS,,,,,,,,,Jul 4 2019 5:11:10.0610 PM,Jul 4 2019 5:11:10.0900 PM,.0289
Fixture init,Fixture init,[Fixture] isReady,sendCommand,PASS,,,,,,,,,Jul 4 2019 5:11:10.0910 PM,Jul 4 2019 5:11:10.1070 PM,.0156
Fixture init,Fixture init,[Fixture] Power on,sendCommand,PASS,,,,,,,,,Jul 4 2019 5:11:10.1090 PM,Jul 4 2019 5:11:10.1260 PM,.017
Fixture init,Fixture init,[Fixture] Engage pogo,sendCommand,PASS,,,,,,,,,Jul 4 2019 5:11:11.1970 PM,Jul 4 2019 5:11:11.6100 PM,.413
Start Data Reporting,,,,,,,,,,,,,Jul 4 2019 5:11:13.6880 PM,Jul 4 2019 5:11:13.7000 PM,.0127
Start Data Reporting,Start Data Reporting,DRCB,StartDataReporting,PASS,,,,,,,,,Jul 4 2019 5:11:13.6910 PM,Jul 4 2019 5:11:13.7000 PM,.0085
Get SFC Info,,,,,,,,,,,,,Jul 4 2019 5:11:13.7030 PM,Jul 4 2019 5:11:13.8290 PM,.1262
Get SFC Info,Get SFC Info,SFCSupport,getAttributes,PASS,,,,,,,,,Jul 4 2019 5:11:13.7040 PM,Jul 4 2019 5:11:13.7410 PM,.0369
Get SFC Info,Get SFC Info,GET SFC info - pansa,DKB92620008N6780Z,PASS,,,,,,,,,Jul 4 2019 5:11:13.7590 PM,Jul 4 2019 5:11:13.7590 PM,0
Get SFC Info,Get SFC Info,SFCSupport,getAttributes-2,PASS,,,,,,,,,Jul 4 2019 5:11:13.7870 PM,Jul 4 2019 5:11:13.7940 PM,.0071
Get SFC Info,Get SFC Info,GET SFC info - sub_sn,,PASS,,,,,,,,,Jul 4 2019 5:11:13.7950 PM,Jul 4 2019 5:11:13.7950 PM,0
Get SFC Info,Get SFC Info,SFCSupport,getAttributes-3,PASS,,,,,,,,,Jul 4 2019 5:11:13.7960 PM,Jul 4 2019 5:11:13.8040 PM,.0077
Get SFC Info,Get SFC Info,GET SFC info - unit_lbl,R118-P1_P11EN-R1_C00082,PASS,,,,,,,,,Jul 4 2019 5:11:13.8050 PM,Jul 4 2019 5:11:13.8050 PM,0
Get SFC Info,Get SFC Info,SFCSupport,getAttributes-4,PASS,,,,,,,,,Jul 4 2019 5:11:13.8070 PM,Jul 4 2019 5:11:13.8150 PM,.0079
Get SFC Info,Get SFC Info,GET SFC info - wo_no,WCT-J6000F,PASS,,,,,,,,,Jul 4 2019 5:11:13.8170 PM,Jul 4 2019 5:11:13.8170 PM,0
Get SFC Info,Get SFC Info,SFCSupport,getAttributes-5,PASS,,,,,,,,,Jul 4 2019 5:11:13.8200 PM,Jul 4 2019 5:11:13.8270 PM,.007
Get SFC Info,Get SFC Info,GET SFC info - mlb_sn,DLX92540021N6R51S,PASS,,,,,,,,,Jul 4 2019 5:11:13.8280 PM,Jul 4 2019 5:11:13.8280 PM,0
BUILD EVENT,,,,,,,,,,,,,Jul 4 2019 5:11:13.8340 PM,Jul 4 2019 5:11:13.8350 PM,.0009
BUILD EVENT,BUILD EVENT,BUILD_EVENT,R118-P1,PASS,,,,,,,,,Jul 4 2019 5:11:13.8350 PM,Jul 4 2019 5:11:13.8350 PM,0
S_BUILD,,,,,,,,,,,,,Jul 4 2019 5:11:13.8370 PM,Jul 4 2019 5:11:13.8380 PM,.0008
S_BUILD,S_BUILD,S_BUILD,R118-P1_P11EN-R1,PASS,,,,,,,,,Jul 4 2019 5:11:13.8380 PM,Jul 4 2019 5:11:13.8380 PM,0
WO_SN,,,,,,,,,,,,,Jul 4 2019 5:11:13.8400 PM,Jul 4 2019 5:11:13.8410 PM,.001
WO_SN,WO_SN,Get wo_no Pass,,PASS,,,,,,,,,Jul 4 2019 5:11:13.8410 PM,Jul 4 2019 5:11:13.8410 PM,0
UNIT LBL,,,,,,,,,,,,,Jul 4 2019 5:11:13.8440 PM,Jul 4 2019 5:11:13.8450 PM,.0013
UNIT LBL,UNIT LBL,Get unit_lbl Pass,,PASS,,,,,,,,,Jul 4 2019 5:11:13.8450 PM,Jul 4 2019 5:11:13.8450 PM,0
Query MLB SN,,,,,,,,,,,,,Jul 4 2019 5:11:13.8540 PM,Jul 4 2019 5:11:13.8550 PM,.0008
Query MLB SN,Query MLB SN,Query MLB SN,,PASS,,,,,,,,,Jul 4 2019 5:11:13.8540 PM,Jul 4 2019 5:11:13.8540 PM,0
Read MLB SN,,,,,,,,,,,,,Jul 4 2019 5:11:13.8570 PM,Jul 4 2019 5:11:14.3060 PM,.4488
Read MLB SN,Read MLB SN,[Hid] /usr/local/bin/hidreport -p 0x026E -i 0 get 0x12,,PASS,,,,,,,,,Jul 4 2019 5:11:13.9160 PM,Jul 4 2019 5:11:13.9160 PM,0
Read MLB SN,Read MLB SN,Read MLB SN,DLX92540021N6R51S,PASS,,,,,,,,,Jul 4 2019 5:11:14.3060 PM,Jul 4 2019 5:11:14.3060 PM,0
Check MLB SN,,,,,,,,,,,,,Jul 4 2019 5:11:14.3080 PM,Jul 4 2019 5:11:14.3080 PM,.0005
Check MLB SN,Check MLB SN,Check MLB SN,,PASS,,,,,,,,,Jul 4 2019 5:11:14.3080 PM,Jul 4 2019 5:11:14.3080 PM,0
Read Main FW Version Before DL,,,,,,,,,,,,,Jul 4 2019 5:11:14.3100 PM,Jul 4 2019 5:11:14.7440 PM,.4346
Read Main FW Version Before DL,Read Main FW Version Before DL,[Hid] /usr/local/bin/hidreport -p 0x026E -i 0 get 0xB4,,PASS,,,,,,,,,Jul 4 2019 5:11:14.3600 PM,Jul 4 2019 5:11:14.3600 PM,0
Read Main FW Version Before DL,Read Main FW Version Before DL,Read FW Version Before DL,0x80,PASS,,,,,,,,,Jul 4 2019 5:11:14.7440 PM,Jul 4 2019 5:11:14.7440 PM,0
Read Main FW Version Before DL,Read Main FW Version Before DL,Read FW Version Before DL,,PASS,,128,NA,,,,,NA,Jul 4 2019 5:11:14.7440 PM,Jul 4 2019 5:11:14.7440 PM,0
Program Main FW,,,,,,,,,,,,,Jul 4 2019 5:11:14.7460 PM,Jul 4 2019 5:11:15.7470 PM,1.001
Program Main FW,Program Main FW,"Not downloading: already contain latest STFW, version: 0x80",,PASS,,,,,,,,,Jul 4 2019 5:11:15.7470 PM,Jul 4 2019 5:11:15.7470 PM,0
Read Main FW Version After DL,,,,,,,,,,,,,Jul 4 2019 5:11:15.7490 PM,Jul 4 2019 5:11:15.7500 PM,.0007
Read Main FW Version After DL,Read Main FW Version After DL,Read FW Version After DL,,PASS,,,,,,,,,Jul 4 2019 5:11:15.7500 PM,Jul 4 2019 5:11:15.7500 PM,0
Read Main FW Version After DL,Read Main FW Version After DL,Read FW Version After DL-2,,PASS,,128,NA,128,128,,,NA,Jul 4 2019 5:11:15.7500 PM,Jul 4 2019 5:11:15.7500 PM,0
Enable all endponits,,,,,,,,,,,,,Jul 4 2019 5:11:15.7520 PM,Jul 4 2019 5:11:16.6230 PM,.8711
Enable all endponits,Enable all endponits,[Hid] /usr/local/bin/hidreport -p 0x026E -vid 0x05ac -i 0 set 0x3d 0x3d 0x13 0 0 0,,PASS,,,,,,,,,Jul 4 2019 5:11:15.7970 PM,Jul 4 2019 5:11:15.7970 PM,0
Enable all endponits,Enable all endponits,[Hid] /usr/local/bin/hidreport -p 0x026E -i 0 set 0x3e 0x3e 0x13 0 0 0 0,,PASS,,,,,,,,,Jul 4 2019 5:11:16.2340 PM,Jul 4 2019 5:11:16.2340 PM,0
Enable all endponits,Enable all endponits,Enable all endponits,,PASS,,,,,,,,,Jul 4 2019 5:11:16.6230 PM,Jul 4 2019 5:11:16.6230 PM,0
Fixture reset,,,,,,,,,,,,,Jul 4 2019 5:11:16.6320 PM,Jul 4 2019 5:11:18.3480 PM,1.7163
Fixture reset,Fixture reset,[Fixture] Retract pogo,sendCommand,PASS,,,,,,,,,Jul 4 2019 5:11:16.6340 PM,Jul 4 2019 5:11:17.2690 PM,.6346
Fixture reset,Fixture reset,Fixture,close,PASS,,,,,,,,,Jul 4 2019 5:11:18.3430 PM,Jul 4 2019 5:11:18.3440 PM,.0004
Fixture reset,Fixture reset,P203,close,PASS,,,,,,,,,Jul 4 2019 5:11:18.3450 PM,Jul 4 2019 5:11:18.3480 PM,.0024
Finish DRCB,,,,,,,,,,,,,Jul 4 2019 5:11:18.3500 PM,Jul 4 2019 5:11:18.4680 PM,.1181
Finish DRCB,Finish DRCB,DRCB,Finish-StationFileSecurity,FAIL,station no longer secure,,,,,,,,Jul 4 2019 5:11:18.3520 PM,Jul 4 2019 5:11:18.3520 PM,0
Finish DRCB,Finish DRCB,DRCB,Finish,PASS,,,,,,,,,Jul 4 2019 5:11:18.3510 PM,Jul 4 2019 5:11:18.4660 PM,.1148
Finish DRCB,Finish DRCB,,,FAIL,"$#@!(com.apple.hwte.rush.module.atlas.exception.PluginFailedError, :NIL:, ""DRCB.finish failed"")",,,,,,,,Jul 4 2019 5:11:18.4680 PM,Jul 4 2019 5:11:18.4680 PM,0
