Test,Plugin,Command,Status,Info,Start Time,End Time,Duration (s)
Scan SN,com.apple.hwte.atlas.AppPlugin,show-form,PASS,,Jul 4 2019 5:11:05.1510 PM,Jul 4 2019 5:11:06.8310 PM,1.6803
Fixture init,Fixture,changeDelimiter,PASS,,Jul 4 2019 5:11:06.8360 PM,Jul 4 2019 5:11:06.8360 PM,.0001
Fixture init,Fixture,changeLineTerminator,PASS,,Jul 4 2019 5:11:06.8370 PM,Jul 4 2019 5:11:06.8370 PM,0
Fixture init,Fixture,open,PASS,,Jul 4 2019 5:11:06.8390 PM,Jul 4 2019 5:11:08.4290 PM,1.59
Fixture init,Fixture,read,PASS,,Jul 4 2019 5:11:08.4310 PM,Jul 4 2019 5:11:08.4600 PM,.0291
Fixture init,P203,changeDelimiter,PASS,,Jul 4 2019 5:11:08.4620 PM,Jul 4 2019 5:11:08.4620 PM,.0001
Fixture init,P203,changeLineTerminator,PASS,,Jul 4 2019 5:11:08.4640 PM,Jul 4 2019 5:11:08.4640 PM,0
Fixture init,P203,open,PASS,,Jul 4 2019 5:11:08.4650 PM,Jul 4 2019 5:11:10.0590 PM,1.5937
Fixture init,P203,read,PASS,,Jul 4 2019 5:11:10.0610 PM,Jul 4 2019 5:11:10.0900 PM,.0289
Fixture init,Fixture,sendCommand,PASS,,Jul 4 2019 5:11:10.0910 PM,Jul 4 2019 5:11:10.1070 PM,.0156
Fixture init,Fixture,sendCommand,PASS,,Jul 4 2019 5:11:10.1090 PM,Jul 4 2019 5:11:10.1260 PM,.0171
Fixture init,Fixture,sendCommand,PASS,,Jul 4 2019 5:11:11.1970 PM,Jul 4 2019 5:11:11.6100 PM,.413
Start Data Reporting,DRCB,startDataReporting,PASS,,Jul 4 2019 5:11:13.6910 PM,Jul 4 2019 5:11:13.7000 PM,.0085
Get SFC Info,SFCSupport,getAttribute,PASS,,Jul 4 2019 5:11:13.7040 PM,Jul 4 2019 5:11:13.7410 PM,.0369
Get SFC Info,SFCSupport,getAttribute,PASS,,Jul 4 2019 5:11:13.7870 PM,Jul 4 2019 5:11:13.7940 PM,.0072
Get SFC Info,SFCSupport,getAttribute,PASS,,Jul 4 2019 5:11:13.7960 PM,Jul 4 2019 5:11:13.8040 PM,.0078
Get SFC Info,SFCSupport,getAttribute,PASS,,Jul 4 2019 5:11:13.8070 PM,Jul 4 2019 5:11:13.8150 PM,.008
Get SFC Info,SFCSupport,getAttribute,PASS,,Jul 4 2019 5:11:13.8200 PM,Jul 4 2019 5:11:13.8270 PM,.007
Fixture reset,Fixture,sendCommand,PASS,,Jul 4 2019 5:11:16.6340 PM,Jul 4 2019 5:11:17.2690 PM,.6346
Fixture reset,Fixture,close,PASS,,Jul 4 2019 5:11:18.3430 PM,Jul 4 2019 5:11:18.3440 PM,.0005
Fixture reset,P203,close,PASS,,Jul 4 2019 5:11:18.3450 PM,Jul 4 2019 5:11:18.3480 PM,.0025
Finish DRCB,DRCB,finish,FAIL,station no longer secure; ,Jul 4 2019 5:11:18.3510 PM,Jul 4 2019 5:11:18.4660 PM,.1148
