document_version, 1.0
station_name,CONNECTIVITY-TEST2
station_id,FXLH_E03-3FT-N6A_2_CONNECTIVITY-TEST2
station_sw,Atlas
station_sw_version,Atlas

tag,start_time,duration
1. Potassium FW Version, 1567044171.39, 0.09
2. Potassium Environment check, 1567044171.48, 0.46
3. Enter Diags, 1567044171.93, 0.20
4. Dut Open, 1567044172.13, 0.05
5. SN, 1567044172.18, 1.66
6. Dut Close, 1567044173.84, 0.01
7. Start Data Reporting, 1567044173.85, 0.03
8. Start Control Bits, 1567044173.88, 0.40
9. Dut Open-2, 1567044174.27, 0.04
10. Diags Version, 1567044174.32, 3.56
11. Get SFC Info, 1567044177.87, 0.37
12. Board ID, 1567044178.24, 0.02
13. Check Battery Level Before Test, 1567044178.27, 0.02
14. Check Battery Voltage Before Test, 1567044178.29, 0.03
15. Battery cell disconnect check, 1567044178.32, 0.04
16. Max battery life-time temperature, 1567044178.36, 0.49
17. Max battery pack voltage, 1567044178.85, 0.01
18. Min battery pack voltage, 1567044178.86, 0.01
19. Max battery chg current, 1567044178.88, 0.01
20. Max battery dsg current, 1567044178.89, 0.01
21. Max battery over chg cap, 1567044178.90, 0.01
22. Compare Grape Color With HSG, 1567044178.91, 0.01
23. Compare HS Color with CLHS, 1567044178.92, 0.03
24. Compare CG Color with CLCG, 1567044178.95, 0.03
25. Front Camera Find, 1567044178.98, 2.03
26. Back Camera Find, 1567044181.01, 0.01
27. Juliet Camera Find, 1567044181.01, 0.01
28. Ohio Camera Find, 1567044181.02, 0.01
29. Jasper Camera Find, 1567044181.03, 0.01
30. Front Camera NVM check, 1567044181.04, 2.90
31. Front Camera DLI, 1567044183.94, 5.62
32. Back Camera NVM check, 1567044189.56, 5.43
33. Back Camera DLI, 1567044194.99, 5.50
34. Juliet connectivity test, 1567044200.49, 2.18
35. Find_Camera_Juliet, 1567044202.67, 1.90
36. Read_Juliet_SN, 1567044204.57, 2.30
37. Compare_Juliet_SN_With_SFC, 1567044206.87, 0.01
38. Read Juliet ID, 1567044206.88, 0.03
39. Juliet Front Camera NVM check, 1567044206.91, 0.84
40. Camera_DLI_Juliet, 1567044207.75, 5.30
41. Check Juliet DVDD voltage, 1567044213.04, 0.15
42. Check Juliet DVDD current, 1567044213.19, 0.07
43. Check Juliet AVDD voltage, 1567044213.26, 0.07
44. Check Juliet AVDD current, 1567044213.33, 0.07
45. Check Juliet I/O voltage, 1567044213.41, 0.14
46. Titus B2B detect test, 1567044213.54, 2.19
47. Pearl_Capacitance, 1567044215.73, 2.20
48. Check Rigel SN and Fault Status, 1567044217.93, 0.11
49. Check Rigel State, 1567044218.04, 0.02
50. Titus NVM Check, 1567044218.06, 0.47
51. Pearl Status Check, 1567044218.52, 7.45
52. Check WCAL, 1567044225.97, 0.53
53. Read_Ohio_SN, 1567044226.50, 2.05
54. Compare_Ohio_SN_With_SFC, 1567044228.55, 0.01
55. Camera_DLI_Ohio, 1567044228.56, 5.75
56. Ohio Back Camera NVM Check, 1567044234.31, 5.31
57. Read_Jasper_SN, 1567044239.61, 2.31
58. Compare_Jasper_SN_With_SFC, 1567044241.92, 0.01
59. Jasper Status Check, 1567044241.93, 2.32
60. Rosaline Calibration Current, 1567044244.25, 0.17
61. PROX_DEV_ID, 1567044244.42, 0.03
62. PROX_REV_ID, 1567044244.45, 0.03
63. Rosaline Yogi Device ID, 1567044244.48, 0.03
64. Read Yogi fault Status, 1567044244.51, 0.03
65. Read Yogi temperature, 1567044244.54, 0.07
66. Read Yogi_SEL_ICWMAX, 1567044244.61, 0.03
67. Read Yogi_SEL_IPULSEMAX, 1567044244.64, 0.03
68. Read Yogi_SEL_ISEVERE, 1567044244.67, 0.02
69. Read Yogi_FAULT_B_LIM, 1567044244.69, 0.04
70. Read Yogi_FAULT_C_LIM, 1567044244.73, 0.08
71. Read Yogi_FAULT_D_LIM, 1567044244.81, 0.08
72. Read Yogi_FAULT_E_UP_COUNT, 1567044244.90, 0.06
73. Read Yogi_FAULT_E_DN_COUNT, 1567044244.95, 0.02
74. Read Yogi_FAULT_E_LIM, 1567044244.98, 0.09
75. Read Yogi_POR_DELAY, 1567044245.07, 0.06
76. Read Yogi_SEL_STATUS_IOL, 1567044245.13, 0.06
77. Read Yogi_SEL_SDA_IOL, 1567044245.19, 0.04
78. Read Yogi_DB_IPULSEMAX, 1567044245.23, 0.04
79. Read Yogi_DB_ICWMAX1, 1567044245.27, 0.04
80. Read Yogi_DB_ICWMAX2, 1567044245.31, 0.04
81. Read Yogi_DB_PSM, 1567044245.35, 0.06
82. Read Yogi_SEL_VTHR_PSM_OVLO, 1567044245.41, 0.04
83. Read Yogi_SEL_VTHR_PSM_UVLO, 1567044245.45, 0.04
84. Rosaline_Post-DA_Test_Bit0_1, 1567044245.49, 0.10
85. Rosaline_Pre-DA_Audit_Test, 1567044245.59, 0.02
86. Rosaline_Pre-DA_Test, 1567044245.60, 0.02
87. Rosaline_Yogi_Prog_Flag, 1567044245.62, 0.10
88. Rosaline_Burn_In, 1567044245.72, 0.02
89. Rosaline_Gimbal_Test, 1567044245.74, 0.02
90. Rosaline_Post-DA_Test_Bit2, 1567044245.75, 0.02
91. Rosaline Pulse Width, 1567044245.77, 0.09
92. Rosaline toggle interrupt test, 1567044245.86, 1.93
93. Upload Rosaline SN, 1567044247.79, 0.04
94. Burn RxCL Key, 1567044247.83, 0.13
95. Burn MtDO Key, 1567044247.96, 0.35
96. Grape GPIO Test, 1567044248.31, 5.46
97. GRAPE POWER ON, 1567044253.77, 0.91
98. Grape FW Critical Error Check, 1567044254.68, 0.02
99. Grape Firmware Version, 1567044254.70, 0.35
100. Grape Short Test, 1567044255.05, 28.95
101. Grape Offset Test, 1567044284.00, 14.77
102. ALS1_FH_RIGHT_Interrupt Test, 1567044298.77, 0.29
103. ALS2_FH_LEFT_Interrupt Test, 1567044299.06, 0.32
104. WV_Phosphorus_Mfg_ID, 1567044299.38, 0.03
105. WV_Phosphorus_Chip_ID, 1567044299.41, 0.03
106. WV_Phosphorus_Trim_Rev, 1567044299.44, 0.03
107. WV_Phosphorus_Trim_Rev2, 1567044299.47, 0.03
108. WV_Phosphorus_Trim_Rev3, 1567044299.50, 0.03
109. Presure Initialiation, 1567044299.52, 0.10
110. Presure Connectivity Test, 1567044299.62, 0.05
111. WV_Phosphorus_Average(KPa), 1567044299.67, 1.44
112. WV_Phosphorus_std(Pa), 1567044301.11, 1.43
113. WV_Phosphorus_ODR(HZ), 1567044302.55, 0.01
114. WV_Phosphorus_Temp_average(deg C), 1567044302.55, 0.01
115. WV_Phosphorus_Temp_std(deg C), 1567044302.56, 0.01
116. I2C0 sweep test, 1567044302.57, 0.15
117. I2C1 sweep test, 1567044302.71, 0.68
118. I2C2 sweep test, 1567044303.39, 0.80
119. I2C3 sweep test, 1567044304.19, 0.56
120. I2C4 sweep test, 1567044304.75, 1.13
121. I2C6 sweep test, 1567044305.88, 0.19
122. I2C8 sweep test, 1567044306.07, 0.06
123. I2C9 sweep test, 1567044306.13, 0.11
124. I2C10 sweep test, 1567044306.24, 0.15
125. I2C11 sweep test, 1567044306.38, 0.10
126. Check TX MCU FW, 1567044306.49, 0.58
127. Battery Present Voltage, 1567044307.07, 0.03
128. NTC, 1567044307.10, 0.03
129. Battery Chem ID, 1567044307.13, 0.02
130. Battery Qmax, 1567044307.15, 0.02
131. Static Chem ID CheckSum, 1567044307.18, 0.67
132. Static DF CheckSum, 1567044307.85, 0.01
133. Battery FCC, 1567044307.85, 0.02
134. Battery NCC, 1567044307.88, 0.03
135. Battery Cycle Count, 1567044307.90, 0.03
136. Battery GG Hardware Version, 1567044307.93, 0.03
137. Battery GG Firmware Version, 1567044307.96, 0.02
138. Check QEN/Impedance Tracking Bit, 1567044307.98, 0.02
139. Check Sleep Enable Bit, 1567044308.00, 0.31
140. Check Sleep Enable Bit Seal status, 1567044308.32, 0.02
141. EDP BER test, 1567044308.34, 2.23
142. Write Date and Time, 1567044310.57, 0.02
143. Power_on Baseband and load firmware, 1567044310.59, 8.53
144. Sim Tray Test, 1567044319.12, 0.64
145. Sim Card Check, 1567044319.76, 0.01
146. Read PMU Temp1 TDEV1, 1567044319.77, 0.29
147. Read PMU Temp2 TDEV2, 1567044320.07, 0.01
148. Read PMU Temp3 TDEV3, 1567044320.07, 0.01
149. Read PMU Temp4 TDEV4, 1567044320.08, 0.01
150. Read PMU Temp5 TDEV5, 1567044320.09, 0.01
151. Read PMU Temp6 TDEV6, 1567044320.10, 0.01
152. Read PMU Temp7 TDEV7, 1567044320.11, 0.01
153. Read PMU Temp8 TDEV8, 1567044320.12, 0.01
154. Read PMU TCAL Temp, 1567044320.12, 0.01
155. Read PMU2 TDEV1 Temp, 1567044320.13, 0.01
156. Read PMU2 TDEV2 Temp, 1567044320.14, 0.01
157. Read PMU2 TCAL Temp, 1567044320.15, 0.01
158. Read Battery Temp TG0B(deg C), 1567044320.15, 0.28
159. Read CPMU C3 Temp(deg C), 1567044320.44, 1.97
160. Read CPMU TCAL Temp (deg C), 1567044322.41, 0.29
161. Check Battery Voltage After Test, 1567044322.70, 0.03
162. Check Battery Level After Test, 1567044322.73, 0.02
163. RotterDam Test, 1567044322.76, 99.82
164. Dut Close-2, 1567044422.58, 0.01
FULL_TEST_TIME, 1567044170.07, 252.52
