Test,Plugin,Command,Status,Info,Start Time,End Time,Duration (s)
,StationUtils,checkPredicateFormat,PASS,,Aug 29 2019 10:02:50.6190 AM,Aug 29 2019 10:02:50.6190 AM,.0002
,StationUtils,checkPredicateFormat,PASS,,Aug 29 2019 10:02:50.6270 AM,Aug 29 2019 10:02:50.6270 AM,.0001
,StationUtils,checkPredicateFormat,PASS,,Aug 29 2019 10:02:50.6320 AM,Aug 29 2019 10:02:50.6320 AM,.0001
,StationUtils,checkPredicateFormat,PASS,,Aug 29 2019 10:02:50.6350 AM,Aug 29 2019 10:02:50.6350 AM,.0001
,StationUtils,checkPredicateFormat,PASS,,Aug 29 2019 10:02:50.7140 AM,Aug 29 2019 10:02:50.7140 AM,.0001
,StationUtils,checkPredicateFormat,PASS,,Aug 29 2019 10:02:50.8980 AM,Aug 29 2019 10:02:50.8980 AM,.0001
,StationUtils,checkPredicateFormat,PASS,,Aug 29 2019 10:02:50.9010 AM,Aug 29 2019 10:02:50.9010 AM,0
,StationUtils,checkPredicateFormat,PASS,,Aug 29 2019 10:02:50.9040 AM,Aug 29 2019 10:02:50.9040 AM,.0001
,StationUtils,checkPredicateFormat,PASS,,Aug 29 2019 10:02:50.9210 AM,Aug 29 2019 10:02:50.9210 AM,.0001
,StationUtils,checkPredicateFormat,PASS,,Aug 29 2019 10:02:50.9240 AM,Aug 29 2019 10:02:50.9240 AM,.0001
,StationUtils,checkPredicateFormat,PASS,,Aug 29 2019 10:02:50.9270 AM,Aug 29 2019 10:02:50.9270 AM,.0001
1. Potassium FW Version,StationUtils,evaluatePredicate,PASS,,Aug 29 2019 10:02:51.4750 AM,Aug 29 2019 10:02:51.4750 AM,.0001
3. Enter Diags,UART,open,PASS,,Aug 29 2019 10:02:51.9390 AM,Aug 29 2019 10:02:52.0360 AM,.097
3. Enter Diags,UART,read,PASS,,Aug 29 2019 10:02:52.0400 AM,Aug 29 2019 10:02:52.0410 AM,.0007
3. Enter Diags,UART,read,PASS,,Aug 29 2019 10:02:52.0430 AM,Aug 29 2019 10:02:52.0430 AM,.0003
3. Enter Diags,UART,read,PASS,,Aug 29 2019 10:02:52.0450 AM,Aug 29 2019 10:02:52.0450 AM,.0002
3. Enter Diags,UART,read,PASS,,Aug 29 2019 10:02:52.0470 AM,Aug 29 2019 10:02:52.0620 AM,.015
3. Enter Diags,UART,changeLineTerminator,PASS,,Aug 29 2019 10:02:52.0650 AM,Aug 29 2019 10:02:52.0650 AM,0
3. Enter Diags,UART,sendCommand,PASS,,Aug 29 2019 10:02:52.0670 AM,Aug 29 2019 10:02:52.0830 AM,.0153
3. Enter Diags,UART,sendCommand,PASS,,Aug 29 2019 10:02:52.0850 AM,Aug 29 2019 10:02:52.0970 AM,.0115
3. Enter Diags,UART,changeDelimiter,PASS,,Aug 29 2019 10:02:52.0990 AM,Aug 29 2019 10:02:52.0990 AM,0
3. Enter Diags,UART,sendCommand,PASS,,Aug 29 2019 10:02:52.1000 AM,Aug 29 2019 10:02:52.1010 AM,.0012
3. Enter Diags,UART,changeDelimiter,PASS,,Aug 29 2019 10:02:52.1080 AM,Aug 29 2019 10:02:52.1080 AM,0
3. Enter Diags,UART,sendCommand,PASS,,Aug 29 2019 10:02:52.1100 AM,Aug 29 2019 10:02:52.1220 AM,.0123
3. Enter Diags,UART,read,PASS,,Aug 29 2019 10:02:52.1250 AM,Aug 29 2019 10:02:52.1260 AM,.0015
3. Enter Diags,UART,close,PASS,,Aug 29 2019 10:02:52.1280 AM,Aug 29 2019 10:02:52.1290 AM,.0011
4. Dut Open,EFIDut,open,PASS,,Aug 29 2019 10:02:52.1390 AM,Aug 29 2019 10:02:52.1550 AM,.016
4. Dut Open,EFIDut,syncCmdResp,PASS,,Aug 29 2019 10:02:52.1600 AM,Aug 29 2019 10:02:52.1770 AM,.0166
5. SN,EFIDut,sendCommand,PASS,,Aug 29 2019 10:02:52.1850 AM,Aug 29 2019 10:02:53.6970 AM,1.5124
5. SN,EFIDut,sendCommand,PASS,,Aug 29 2019 10:02:53.7020 AM,Aug 29 2019 10:02:53.7120 AM,.01
5. SN,EFIDut,sendCommand,PASS,,Aug 29 2019 10:02:53.7170 AM,Aug 29 2019 10:02:53.7330 AM,.016
5. SN,EFIDut,sendCommand,PASS,,Aug 29 2019 10:02:53.7450 AM,Aug 29 2019 10:02:53.7570 AM,.0126
5. SN,EFIDut,sendCommand,PASS,,Aug 29 2019 10:02:53.7620 AM,Aug 29 2019 10:02:53.8370 AM,.075
6. Dut Close,EFIDut,close,PASS,,Aug 29 2019 10:02:53.8460 AM,Aug 29 2019 10:02:53.8470 AM,.001
7. Start Data Reporting,DRCB,startDataReporting,PASS,,Aug 29 2019 10:02:53.8580 AM,Aug 29 2019 10:02:53.8730 AM,.0144
8. Start Control Bits,EFIDut,open,PASS,,Aug 29 2019 10:02:53.8810 AM,Aug 29 2019 10:02:53.8930 AM,.0126
8. Start Control Bits,EFIDut,close,PASS,,Aug 29 2019 10:02:53.8970 AM,Aug 29 2019 10:02:53.8980 AM,.001
8. Start Control Bits,DRCB,startControlBits,PASS,,Aug 29 2019 10:02:53.9020 AM,Aug 29 2019 10:02:54.2690 AM,.3671
9. Dut Open-2,EFIDut,open,PASS,,Aug 29 2019 10:02:54.2770 AM,Aug 29 2019 10:02:54.2940 AM,.0177
9. Dut Open-2,EFIDut,syncCmdResp,PASS,,Aug 29 2019 10:02:54.2990 AM,Aug 29 2019 10:02:54.3120 AM,.0138
10. Diags Version,EFIDut,sendCommand,PASS,,Aug 29 2019 10:02:54.3200 AM,Aug 29 2019 10:02:57.8180 AM,3.4977
10. Diags Version,EFIDut,sendCommand,PASS,,Aug 29 2019 10:02:57.8230 AM,Aug 29 2019 10:02:57.8680 AM,.0451
11. Get SFC Info,SFCSupport,getAttribute,PASS,,Aug 29 2019 10:02:57.8810 AM,Aug 29 2019 10:02:57.9120 AM,.0317
11. Get SFC Info,SFCSupport,getAttribute,PASS,,Aug 29 2019 10:02:57.9150 AM,Aug 29 2019 10:02:57.9190 AM,.0044
11. Get SFC Info,SFCSupport,getAttribute,PASS,,Aug 29 2019 10:02:57.9220 AM,Aug 29 2019 10:02:57.9260 AM,.0042
11. Get SFC Info,SFCSupport,getAttribute,PASS,,Aug 29 2019 10:02:57.9280 AM,Aug 29 2019 10:02:57.9320 AM,.0041
11. Get SFC Info,SFCSupport,getAttribute,PASS,,Aug 29 2019 10:02:57.9340 AM,Aug 29 2019 10:02:57.9510 AM,.0167
11. Get SFC Info,SFCSupport,getAttribute,PASS,,Aug 29 2019 10:02:57.9540 AM,Aug 29 2019 10:02:57.9700 AM,.0155
11. Get SFC Info,SFCSupport,getAttribute,PASS,,Aug 29 2019 10:02:57.9730 AM,Aug 29 2019 10:02:57.9850 AM,.0123
11. Get SFC Info,SFCSupport,getAttribute,PASS,,Aug 29 2019 10:02:57.9880 AM,Aug 29 2019 10:02:57.9920 AM,.0045
11. Get SFC Info,SFCSupport,getAttribute,PASS,,Aug 29 2019 10:02:57.9950 AM,Aug 29 2019 10:02:58.0960 AM,.1011
11. Get SFC Info,SFCSupport,getAttribute,PASS,,Aug 29 2019 10:02:58.0990 AM,Aug 29 2019 10:02:58.1890 AM,.0901
11. Get SFC Info,SFCSupport,getAttribute,PASS,,Aug 29 2019 10:02:58.1920 AM,Aug 29 2019 10:02:58.2120 AM,.0194
11. Get SFC Info,SFCSupport,getAttribute,PASS,,Aug 29 2019 10:02:58.2150 AM,Aug 29 2019 10:02:58.2340 AM,.0192
12. Board ID,EFIDut,sendCommand,PASS,,Aug 29 2019 10:02:58.2460 AM,Aug 29 2019 10:02:58.2570 AM,.0107
13. Check Battery Level Before Test,EFIDut,sendCommand,PASS,,Aug 29 2019 10:02:58.2690 AM,Aug 29 2019 10:02:58.2830 AM,.014
14. Check Battery Voltage Before Test,EFIDut,sendCommand,PASS,,Aug 29 2019 10:02:58.2930 AM,Aug 29 2019 10:02:58.3140 AM,.0204
15. Battery cell disconnect check,EFIDut,sendCommand,PASS,,Aug 29 2019 10:02:58.3240 AM,Aug 29 2019 10:02:58.3370 AM,.0129
15. Battery cell disconnect check,EFIDut,sendCommand,PASS,,Aug 29 2019 10:02:58.3400 AM,Aug 29 2019 10:02:58.3520 AM,.0115
15. Battery cell disconnect check,StationUtils,evaluatePredicate,PASS,,Aug 29 2019 10:02:58.3580 AM,Aug 29 2019 10:02:58.3580 AM,.0002
16. Max battery life-time temperature,EFIDut,sendCommand,PASS,,Aug 29 2019 10:02:58.3670 AM,Aug 29 2019 10:02:58.6380 AM,.2707
16. Max battery life-time temperature,EFIDut,sendCommand,PASS,,Aug 29 2019 10:02:58.6420 AM,Aug 29 2019 10:02:58.8320 AM,.1896
16. Max battery life-time temperature,StationUtils,calculateExpression,PASS,,Aug 29 2019 10:02:58.8460 AM,Aug 29 2019 10:02:58.8460 AM,.0001
17. Max battery pack voltage,StationUtils,calculateExpression,PASS,,Aug 29 2019 10:02:58.8590 AM,Aug 29 2019 10:02:58.8590 AM,.0001
18. Min battery pack voltage,StationUtils,calculateExpression,PASS,,Aug 29 2019 10:02:58.8700 AM,Aug 29 2019 10:02:58.8700 AM,.0001
19. Max battery chg current,StationUtils,calculateExpression,PASS,,Aug 29 2019 10:02:58.8820 AM,Aug 29 2019 10:02:58.8830 AM,.0001
20. Max battery dsg current,StationUtils,calculateExpression,PASS,,Aug 29 2019 10:02:58.8940 AM,Aug 29 2019 10:02:58.8950 AM,.0001
21. Max battery over chg cap,StationUtils,calculateExpression,PASS,,Aug 29 2019 10:02:58.9070 AM,Aug 29 2019 10:02:58.9070 AM,.0001
23. Compare HS Color with CLHS,EFIDut,sendCommand,PASS,,Aug 29 2019 10:02:58.9250 AM,Aug 29 2019 10:02:58.9410 AM,.0159
24. Compare CG Color with CLCG,EFIDut,sendCommand,PASS,,Aug 29 2019 10:02:58.9540 AM,Aug 29 2019 10:02:58.9710 AM,.0175
25. Front Camera Find,EFIDut,sendCommand,PASS,,Aug 29 2019 10:02:58.9850 AM,Aug 29 2019 10:02:59.1060 AM,.1215
25. Front Camera Find,EFIDut,sendCommand,PASS,,Aug 29 2019 10:02:59.1100 AM,Aug 29 2019 10:03:00.9970 AM,1.8873
25. Front Camera Find,StationUtils,evaluatePredicate,PASS,,Aug 29 2019 10:03:01.0020 AM,Aug 29 2019 10:03:01.0020 AM,.0001
26. Back Camera Find,StationUtils,evaluatePredicate,PASS,,Aug 29 2019 10:03:01.0110 AM,Aug 29 2019 10:03:01.0110 AM,.0001
27. Juliet Camera Find,StationUtils,evaluatePredicate,PASS,,Aug 29 2019 10:03:01.0180 AM,Aug 29 2019 10:03:01.0180 AM,.0001
28. Ohio Camera Find,StationUtils,evaluatePredicate,PASS,,Aug 29 2019 10:03:01.0250 AM,Aug 29 2019 10:03:01.0250 AM,.0001
29. Jasper Camera Find,StationUtils,evaluatePredicate,PASS,,Aug 29 2019 10:03:01.0330 AM,Aug 29 2019 10:03:01.0330 AM,.0001
30. Front Camera NVM check,EFIDut,sendCommand,PASS,,Aug 29 2019 10:03:01.0400 AM,Aug 29 2019 10:03:01.0530 AM,.0128
30. Front Camera NVM check,EFIDut,sendCommand,PASS,,Aug 29 2019 10:03:01.0570 AM,Aug 29 2019 10:03:01.1770 AM,.1201
30. Front Camera NVM check,EFIDut,sendCommand,PASS,,Aug 29 2019 10:03:01.1810 AM,Aug 29 2019 10:03:03.5910 AM,2.4101
30. Front Camera NVM check,EFIDut,sendCommand,PASS,,Aug 29 2019 10:03:03.6220 AM,Aug 29 2019 10:03:03.6370 AM,.0154
30. Front Camera NVM check,EFIDut,sendCommand,PASS,,Aug 29 2019 10:03:03.6440 AM,Aug 29 2019 10:03:03.8930 AM,.2489
31. Front Camera DLI,EFIDut,sendCommand,PASS,,Aug 29 2019 10:03:03.9440 AM,Aug 29 2019 10:03:04.0620 AM,.1182
31. Front Camera DLI,EFIDut,sendCommand,PASS,,Aug 29 2019 10:03:04.0660 AM,Aug 29 2019 10:03:05.9530 AM,1.8867
31. Front Camera DLI,EFIDut,sendCommand,PASS,,Aug 29 2019 10:03:05.9570 AM,Aug 29 2019 10:03:05.9680 AM,.0104
31. Front Camera DLI,EFIDut,sendCommand,PASS,,Aug 29 2019 10:03:05.9730 AM,Aug 29 2019 10:03:09.4280 AM,3.4554
31. Front Camera DLI,EFIDut,sendCommand,PASS,,Aug 29 2019 10:03:09.4330 AM,Aug 29 2019 10:03:09.5530 AM,.1196
32. Back Camera NVM check,EFIDut,sendCommand,PASS,,Aug 29 2019 10:03:09.5620 AM,Aug 29 2019 10:03:11.5430 AM,1.9809
32. Back Camera NVM check,EFIDut,sendCommand,PASS,,Aug 29 2019 10:03:11.5480 AM,Aug 29 2019 10:03:11.6590 AM,.1103
32. Back Camera NVM check,EFIDut,sendCommand,PASS,,Aug 29 2019 10:03:11.6630 AM,Aug 29 2019 10:03:14.6100 AM,2.9467
32. Back Camera NVM check,EFIDut,sendCommand,PASS,,Aug 29 2019 10:03:14.6390 AM,Aug 29 2019 10:03:14.6540 AM,.0148
32. Back Camera NVM check,EFIDut,sendCommand,PASS,,Aug 29 2019 10:03:14.6610 AM,Aug 29 2019 10:03:14.9130 AM,.2516
33. Back Camera DLI,EFIDut,sendCommand,PASS,,Aug 29 2019 10:03:14.9980 AM,Aug 29 2019 10:03:15.1170 AM,.1193
33. Back Camera DLI,EFIDut,sendCommand,PASS,,Aug 29 2019 10:03:15.1210 AM,Aug 29 2019 10:03:17.0080 AM,1.8866
33. Back Camera DLI,EFIDut,sendCommand,PASS,,Aug 29 2019 10:03:17.0120 AM,Aug 29 2019 10:03:17.0220 AM,.0104
33. Back Camera DLI,EFIDut,sendCommand,PASS,,Aug 29 2019 10:03:17.0260 AM,Aug 29 2019 10:03:20.3580 AM,3.3322
33. Back Camera DLI,EFIDut,sendCommand,PASS,,Aug 29 2019 10:03:20.3640 AM,Aug 29 2019 10:03:20.4830 AM,.1195
34. Juliet connectivity test,EFIDut,sendCommand,PASS,,Aug 29 2019 10:03:20.4920 AM,Aug 29 2019 10:03:22.3770 AM,1.8849
34. Juliet connectivity test,EFIDut,sendCommand,PASS,,Aug 29 2019 10:03:22.3810 AM,Aug 29 2019 10:03:22.3930 AM,.0119
34. Juliet connectivity test,EFIDut,sendCommand,PASS,,Aug 29 2019 10:03:22.3980 AM,Aug 29 2019 10:03:22.4130 AM,.0156
34. Juliet connectivity test,EFIDut,sendCommand,PASS,,Aug 29 2019 10:03:22.4180 AM,Aug 29 2019 10:03:22.6680 AM,.2495
35. Find_Camera_Juliet,EFIDut,sendCommand,PASS,,Aug 29 2019 10:03:22.6760 AM,Aug 29 2019 10:03:24.5630 AM,1.8866
36. Read_Juliet_SN,EFIDut,sendCommand,PASS,,Aug 29 2019 10:03:24.5720 AM,Aug 29 2019 10:03:24.8230 AM,.2512
36. Read_Juliet_SN,EFIDut,sendCommand,PASS,,Aug 29 2019 10:03:24.8250 AM,Aug 29 2019 10:03:26.7080 AM,1.8832
36. Read_Juliet_SN,EFIDut,sendCommand,PASS,,Aug 29 2019 10:03:26.7110 AM,Aug 29 2019 10:03:26.7230 AM,.012
36. Read_Juliet_SN,EFIDut,sendCommand,PASS,,Aug 29 2019 10:03:26.7260 AM,Aug 29 2019 10:03:26.8430 AM,.1171
36. Read_Juliet_SN,EFIDut,sendCommand,PASS,,Aug 29 2019 10:03:26.8460 AM,Aug 29 2019 10:03:26.8600 AM,.014
37. Compare_Juliet_SN_With_SFC,StationUtils,evaluatePredicate,PASS,,Aug 29 2019 10:03:26.8730 AM,Aug 29 2019 10:03:26.8730 AM,.0001
38. Read Juliet ID,EFIDut,sendCommand,PASS,,Aug 29 2019 10:03:26.8810 AM,Aug 29 2019 10:03:26.8920 AM,.011
38. Read Juliet ID,StationUtils,evaluatePredicate,PASS,,Aug 29 2019 10:03:26.9030 AM,Aug 29 2019 10:03:26.9030 AM,.0001
39. Juliet Front Camera NVM check,EFIDut,sendCommand,PASS,,Aug 29 2019 10:03:26.9130 AM,Aug 29 2019 10:03:27.4490 AM,.5354
39. Juliet Front Camera NVM check,EFIDut,sendCommand,PASS,,Aug 29 2019 10:03:27.4660 AM,Aug 29 2019 10:03:27.7130 AM,.2474
40. Camera_DLI_Juliet,EFIDut,sendCommand,PASS,,Aug 29 2019 10:03:27.7520 AM,Aug 29 2019 10:03:27.8720 AM,.1201
40. Camera_DLI_Juliet,EFIDut,sendCommand,PASS,,Aug 29 2019 10:03:27.8760 AM,Aug 29 2019 10:03:29.7630 AM,1.8869
40. Camera_DLI_Juliet,EFIDut,sendCommand,PASS,,Aug 29 2019 10:03:29.7680 AM,Aug 29 2019 10:03:29.7830 AM,.015
40. Camera_DLI_Juliet,EFIDut,sendCommand,PASS,,Aug 29 2019 10:03:29.7880 AM,Aug 29 2019 10:03:32.9130 AM,3.125
40. Camera_DLI_Juliet,EFIDut,sendCommand,PASS,,Aug 29 2019 10:03:32.9180 AM,Aug 29 2019 10:03:33.0380 AM,.1208
41. Check Juliet DVDD voltage,EFIDut,sendCommand,PASS,,Aug 29 2019 10:03:33.0480 AM,Aug 29 2019 10:03:33.0620 AM,.0139
41. Check Juliet DVDD voltage,EFIDut,sendCommand,PASS,,Aug 29 2019 10:03:33.0660 AM,Aug 29 2019 10:03:33.0770 AM,.0111
41. Check Juliet DVDD voltage,EFIDut,sendCommand,PASS,,Aug 29 2019 10:03:33.0810 AM,Aug 29 2019 10:03:33.0930 AM,.012
41. Check Juliet DVDD voltage,EFIDut,sendCommand,PASS,,Aug 29 2019 10:03:33.0980 AM,Aug 29 2019 10:03:33.1080 AM,.0101
41. Check Juliet DVDD voltage,EFIDut,sendCommand,PASS,,Aug 29 2019 10:03:33.1140 AM,Aug 29 2019 10:03:33.1230 AM,.0097
41. Check Juliet DVDD voltage,EFIDut,sendCommand,PASS,,Aug 29 2019 10:03:33.1290 AM,Aug 29 2019 10:03:33.1380 AM,.0093
41. Check Juliet DVDD voltage,EFIDut,sendCommand,PASS,,Aug 29 2019 10:03:33.1420 AM,Aug 29 2019 10:03:33.1540 AM,.0118
41. Check Juliet DVDD voltage,EFIDut,sendCommand,PASS,,Aug 29 2019 10:03:33.1580 AM,Aug 29 2019 10:03:33.1680 AM,.0104
41. Check Juliet DVDD voltage,StationUtils,calculateExpression,PASS,,Aug 29 2019 10:03:33.1830 AM,Aug 29 2019 10:03:33.1830 AM,.0001
42. Check Juliet DVDD current,EFIDut,sendCommand,PASS,,Aug 29 2019 10:03:33.1960 AM,Aug 29 2019 10:03:33.2070 AM,.011
42. Check Juliet DVDD current,EFIDut,sendCommand,PASS,,Aug 29 2019 10:03:33.2110 AM,Aug 29 2019 10:03:33.2240 AM,.0134
42. Check Juliet DVDD current,EFIDut,sendCommand,PASS,,Aug 29 2019 10:03:33.2290 AM,Aug 29 2019 10:03:33.2430 AM,.0137
42. Check Juliet DVDD current,StationUtils,calculateExpression,PASS,,Aug 29 2019 10:03:33.2560 AM,Aug 29 2019 10:03:33.2560 AM,.0001
43. Check Juliet AVDD voltage,EFIDut,sendCommand,PASS,,Aug 29 2019 10:03:33.2690 AM,Aug 29 2019 10:03:33.2770 AM,.0088
43. Check Juliet AVDD voltage,EFIDut,sendCommand,PASS,,Aug 29 2019 10:03:33.2820 AM,Aug 29 2019 10:03:33.2930 AM,.011
43. Check Juliet AVDD voltage,EFIDut,sendCommand,PASS,,Aug 29 2019 10:03:33.2980 AM,Aug 29 2019 10:03:33.3080 AM,.0106
43. Check Juliet AVDD voltage,StationUtils,calculateExpression,PASS,,Aug 29 2019 10:03:33.3230 AM,Aug 29 2019 10:03:33.3230 AM,.0001
44. Check Juliet AVDD current,EFIDut,sendCommand,PASS,,Aug 29 2019 10:03:33.3360 AM,Aug 29 2019 10:03:33.3470 AM,.0115
44. Check Juliet AVDD current,EFIDut,sendCommand,PASS,,Aug 29 2019 10:03:33.3510 AM,Aug 29 2019 10:03:33.3640 AM,.0123
44. Check Juliet AVDD current,EFIDut,sendCommand,PASS,,Aug 29 2019 10:03:33.3670 AM,Aug 29 2019 10:03:33.3790 AM,.0113
44. Check Juliet AVDD current,StationUtils,calculateExpression,PASS,,Aug 29 2019 10:03:33.3950 AM,Aug 29 2019 10:03:33.3950 AM,.0001
45. Check Juliet I/O voltage,EFIDut,sendCommand,PASS,,Aug 29 2019 10:03:33.4100 AM,Aug 29 2019 10:03:33.4220 AM,.0124
45. Check Juliet I/O voltage,EFIDut,sendCommand,PASS,,Aug 29 2019 10:03:33.4260 AM,Aug 29 2019 10:03:33.4380 AM,.0122
45. Check Juliet I/O voltage,EFIDut,sendCommand,PASS,,Aug 29 2019 10:03:33.4430 AM,Aug 29 2019 10:03:33.4540 AM,.0109
45. Check Juliet I/O voltage,EFIDut,sendCommand,PASS,,Aug 29 2019 10:03:33.4580 AM,Aug 29 2019 10:03:33.4670 AM,.0098
45. Check Juliet I/O voltage,EFIDut,sendCommand,PASS,,Aug 29 2019 10:03:33.4720 AM,Aug 29 2019 10:03:33.4820 AM,.0106
45. Check Juliet I/O voltage,EFIDut,sendCommand,PASS,,Aug 29 2019 10:03:33.4860 AM,Aug 29 2019 10:03:33.4970 AM,.0112
45. Check Juliet I/O voltage,EFIDut,sendCommand,PASS,,Aug 29 2019 10:03:33.5010 AM,Aug 29 2019 10:03:33.5120 AM,.0109
45. Check Juliet I/O voltage,StationUtils,calculateExpression,PASS,,Aug 29 2019 10:03:33.5220 AM,Aug 29 2019 10:03:33.5230 AM,.0001
45. Check Juliet I/O voltage,StationUtils,calculateExpression,PASS,,Aug 29 2019 10:03:33.5330 AM,Aug 29 2019 10:03:33.5330 AM,.0001
46. Titus B2B detect test,EFIDut,sendCommand,PASS,,Aug 29 2019 10:03:33.5440 AM,Aug 29 2019 10:03:33.5580 AM,.014
46. Titus B2B detect test,EFIDut,sendCommand,PASS,,Aug 29 2019 10:03:33.5620 AM,Aug 29 2019 10:03:35.4480 AM,1.8862
46. Titus B2B detect test,EFIDut,sendCommand,PASS,,Aug 29 2019 10:03:35.4520 AM,Aug 29 2019 10:03:35.4680 AM,.0156
46. Titus B2B detect test,EFIDut,sendCommand,PASS,,Aug 29 2019 10:03:35.4730 AM,Aug 29 2019 10:03:35.7230 AM,.2501
47. Pearl_Capacitance,EFIDut,sendCommand,PASS,,Aug 29 2019 10:03:35.7320 AM,Aug 29 2019 10:03:35.8530 AM,.1207
47. Pearl_Capacitance,EFIDut,sendCommand,PASS,,Aug 29 2019 10:03:35.8560 AM,Aug 29 2019 10:03:37.7430 AM,1.8869
47. Pearl_Capacitance,EFIDut,sendCommand,PASS,,Aug 29 2019 10:03:37.7480 AM,Aug 29 2019 10:03:37.7590 AM,.0109
47. Pearl_Capacitance,EFIDut,sendCommand,PASS,,Aug 29 2019 10:03:37.7640 AM,Aug 29 2019 10:03:37.8830 AM,.119
47. Pearl_Capacitance,EFIDut,sendCommand,PASS,,Aug 29 2019 10:03:37.8880 AM,Aug 29 2019 10:03:37.9180 AM,.0305
48. Check Rigel SN and Fault Status,EFIDut,sendCommand,PASS,,Aug 29 2019 10:03:37.9360 AM,Aug 29 2019 10:03:38.0230 AM,.0869
48. Check Rigel SN and Fault Status,StationUtils,evaluatePredicate,PASS,,Aug 29 2019 10:03:38.0330 AM,Aug 29 2019 10:03:38.0330 AM,.0001
49. Check Rigel State,StationUtils,evaluatePredicate,PASS,,Aug 29 2019 10:03:38.0480 AM,Aug 29 2019 10:03:38.0490 AM,.0002
50. Titus NVM Check,EFIDut,sendCommand,PASS,,Aug 29 2019 10:03:38.0600 AM,Aug 29 2019 10:03:38.1970 AM,.1375
50. Titus NVM Check,EFIDut,sendCommand,PASS,,Aug 29 2019 10:03:38.2100 AM,Aug 29 2019 10:03:38.2230 AM,.0129
50. Titus NVM Check,EFIDut,sendCommand,PASS,,Aug 29 2019 10:03:38.2280 AM,Aug 29 2019 10:03:38.4780 AM,.2503
51. Pearl Status Check,EFIDut,sendCommand,PASS,,Aug 29 2019 10:03:38.5260 AM,Aug 29 2019 10:03:38.6580 AM,.1316
51. Pearl Status Check,EFIDut,sendCommand,PASS,,Aug 29 2019 10:03:38.6610 AM,Aug 29 2019 10:03:42.2440 AM,3.5825
51. Pearl Status Check,EFIDut,sendCommand,PASS,,Aug 29 2019 10:03:42.2470 AM,Aug 29 2019 10:03:45.9640 AM,3.7173
52. Check WCAL,EFIDut,sendCommand,PASS,,Aug 29 2019 10:03:45.9760 AM,Aug 29 2019 10:03:46.4840 AM,.5079
52. Check WCAL,StationUtils,evaluatePredicate,PASS,,Aug 29 2019 10:03:46.4920 AM,Aug 29 2019 10:03:46.4920 AM,.0001
53. Read_Ohio_SN,EFIDut,sendCommand,PASS,,Aug 29 2019 10:03:46.5010 AM,Aug 29 2019 10:03:46.6220 AM,.1216
53. Read_Ohio_SN,EFIDut,sendCommand,PASS,,Aug 29 2019 10:03:46.6240 AM,Aug 29 2019 10:03:48.5130 AM,1.8885
53. Read_Ohio_SN,EFIDut,sendCommand,PASS,,Aug 29 2019 10:03:48.5150 AM,Aug 29 2019 10:03:48.5280 AM,.0129
53. Read_Ohio_SN,EFIDut,sendCommand,PASS,,Aug 29 2019 10:03:48.5310 AM,Aug 29 2019 10:03:48.5440 AM,.0129
54. Compare_Ohio_SN_With_SFC,StationUtils,evaluatePredicate,PASS,,Aug 29 2019 10:03:48.5550 AM,Aug 29 2019 10:03:48.5550 AM,.0001
55. Camera_DLI_Ohio,EFIDut,sendCommand,PASS,,Aug 29 2019 10:03:48.5640 AM,Aug 29 2019 10:03:48.8130 AM,.2495
55. Camera_DLI_Ohio,EFIDut,sendCommand,PASS,,Aug 29 2019 10:03:48.8190 AM,Aug 29 2019 10:03:50.7030 AM,1.8846
55. Camera_DLI_Ohio,EFIDut,sendCommand,PASS,,Aug 29 2019 10:03:50.7070 AM,Aug 29 2019 10:03:50.7190 AM,.0116
55. Camera_DLI_Ohio,EFIDut,sendCommand,PASS,,Aug 29 2019 10:03:50.7230 AM,Aug 29 2019 10:03:54.0540 AM,3.3317
55. Camera_DLI_Ohio,EFIDut,sendCommand,PASS,,Aug 29 2019 10:03:54.0590 AM,Aug 29 2019 10:03:54.1790 AM,.1193
55. Camera_DLI_Ohio,EFIDut,sendCommand,PASS,,Aug 29 2019 10:03:54.1840 AM,Aug 29 2019 10:03:54.3030 AM,.1193
56. Ohio Back Camera NVM Check,EFIDut,sendCommand,PASS,,Aug 29 2019 10:03:54.3120 AM,Aug 29 2019 10:03:56.2000 AM,1.8874
56. Ohio Back Camera NVM Check,EFIDut,sendCommand,PASS,,Aug 29 2019 10:03:56.2040 AM,Aug 29 2019 10:03:56.2180 AM,.0137
56. Ohio Back Camera NVM Check,EFIDut,sendCommand,PASS,,Aug 29 2019 10:03:56.2220 AM,Aug 29 2019 10:03:56.3440 AM,.1216
56. Ohio Back Camera NVM Check,EFIDut,sendCommand,PASS,,Aug 29 2019 10:03:56.3480 AM,Aug 29 2019 10:03:59.2610 AM,2.9133
56. Ohio Back Camera NVM Check,EFIDut,sendCommand,PASS,,Aug 29 2019 10:03:59.2920 AM,Aug 29 2019 10:03:59.5430 AM,.2511
57. Read_Jasper_SN,EFIDut,sendCommand,PASS,,Aug 29 2019 10:03:59.6180 AM,Aug 29 2019 10:03:59.7390 AM,.1216
57. Read_Jasper_SN,EFIDut,sendCommand,PASS,,Aug 29 2019 10:03:59.7420 AM,Aug 29 2019 10:04:01.6290 AM,1.8873
57. Read_Jasper_SN,EFIDut,sendCommand,PASS,,Aug 29 2019 10:04:01.6320 AM,Aug 29 2019 10:04:01.6440 AM,.0119
57. Read_Jasper_SN,EFIDut,sendCommand,PASS,,Aug 29 2019 10:04:01.6470 AM,Aug 29 2019 10:04:01.6610 AM,.0133
57. Read_Jasper_SN,EFIDut,sendCommand,PASS,,Aug 29 2019 10:04:01.6630 AM,Aug 29 2019 10:04:01.9130 AM,.2504
58. Compare_Jasper_SN_With_SFC,StationUtils,evaluatePredicate,PASS,,Aug 29 2019 10:04:01.9260 AM,Aug 29 2019 10:04:01.9260 AM,.0001
59. Jasper Status Check,EFIDut,sendCommand,PASS,,Aug 29 2019 10:04:01.9350 AM,Aug 29 2019 10:04:02.0530 AM,.1185
59. Jasper Status Check,EFIDut,sendCommand,PASS,,Aug 29 2019 10:04:02.0550 AM,Aug 29 2019 10:04:03.9440 AM,1.8886
59. Jasper Status Check,EFIDut,sendCommand,PASS,,Aug 29 2019 10:04:03.9460 AM,Aug 29 2019 10:04:03.9590 AM,.0128
59. Jasper Status Check,EFIDut,sendCommand,PASS,,Aug 29 2019 10:04:03.9610 AM,Aug 29 2019 10:04:03.9790 AM,.0172
59. Jasper Status Check,EFIDut,sendCommand,PASS,,Aug 29 2019 10:04:03.9810 AM,Aug 29 2019 10:04:03.9980 AM,.0168
59. Jasper Status Check,EFIDut,sendCommand,PASS,,Aug 29 2019 10:04:04.0010 AM,Aug 29 2019 10:04:04.2490 AM,.2477
60. Rosaline Calibration Current,EFIDut,sendCommand,PASS,,Aug 29 2019 10:04:04.2590 AM,Aug 29 2019 10:04:04.3230 AM,.0646
60. Rosaline Calibration Current,EFIDut,sendCommand,PASS,,Aug 29 2019 10:04:04.3280 AM,Aug 29 2019 10:04:04.4040 AM,.076
60. Rosaline Calibration Current,StationUtils,calculateExpression,PASS,,Aug 29 2019 10:04:04.4160 AM,Aug 29 2019 10:04:04.4160 AM,.0001
61. PROX_DEV_ID,EFIDut,sendCommand,PASS,,Aug 29 2019 10:04:04.4280 AM,Aug 29 2019 10:04:04.4430 AM,.0145
62. PROX_REV_ID,EFIDut,sendCommand,PASS,,Aug 29 2019 10:04:04.4560 AM,Aug 29 2019 10:04:04.4680 AM,.0117
63. Rosaline Yogi Device ID,EFIDut,sendCommand,PASS,,Aug 29 2019 10:04:04.4840 AM,Aug 29 2019 10:04:04.5030 AM,.0192
64. Read Yogi fault Status,EFIDut,sendCommand,PASS,,Aug 29 2019 10:04:04.5100 AM,Aug 29 2019 10:04:04.5280 AM,.018
65. Read Yogi temperature,EFIDut,sendCommand,PASS,,Aug 29 2019 10:04:04.5410 AM,Aug 29 2019 10:04:04.5590 AM,.0181
65. Read Yogi temperature,EFIDut,sendCommand,PASS,,Aug 29 2019 10:04:04.5640 AM,Aug 29 2019 10:04:04.5830 AM,.0188
65. Read Yogi temperature,EFIDut,sendCommand,PASS,,Aug 29 2019 10:04:04.5850 AM,Aug 29 2019 10:04:04.6030 AM,.0181
66. Read Yogi_SEL_ICWMAX,EFIDut,sendCommand,PASS,,Aug 29 2019 10:04:04.6150 AM,Aug 29 2019 10:04:04.6340 AM,.0191
67. Read Yogi_SEL_IPULSEMAX,EFIDut,sendCommand,PASS,,Aug 29 2019 10:04:04.6460 AM,Aug 29 2019 10:04:04.6630 AM,.0175
68. Read Yogi_SEL_ISEVERE,EFIDut,sendCommand,PASS,,Aug 29 2019 10:04:04.6720 AM,Aug 29 2019 10:04:04.6880 AM,.0168
69. Read Yogi_FAULT_B_LIM,EFIDut,sendCommand,PASS,,Aug 29 2019 10:04:04.6970 AM,Aug 29 2019 10:04:04.7150 AM,.0176
69. Read Yogi_FAULT_B_LIM,StationUtils,calculateExpression,PASS,,Aug 29 2019 10:04:04.7230 AM,Aug 29 2019 10:04:04.7230 AM,.0001
70. Read Yogi_FAULT_C_LIM,EFIDut,sendCommand,PASS,,Aug 29 2019 10:04:04.7370 AM,Aug 29 2019 10:04:04.7550 AM,.0177
70. Read Yogi_FAULT_C_LIM,EFIDut,sendCommand,PASS,,Aug 29 2019 10:04:04.7590 AM,Aug 29 2019 10:04:04.7790 AM,.0202
70. Read Yogi_FAULT_C_LIM,EFIDut,sendCommand,PASS,,Aug 29 2019 10:04:04.7830 AM,Aug 29 2019 10:04:04.8040 AM,.0213
71. Read Yogi_FAULT_D_LIM,EFIDut,sendCommand,PASS,,Aug 29 2019 10:04:04.8180 AM,Aug 29 2019 10:04:04.8390 AM,.0205
71. Read Yogi_FAULT_D_LIM,EFIDut,sendCommand,PASS,,Aug 29 2019 10:04:04.8440 AM,Aug 29 2019 10:04:04.8640 AM,.02
71. Read Yogi_FAULT_D_LIM,EFIDut,sendCommand,PASS,,Aug 29 2019 10:04:04.8680 AM,Aug 29 2019 10:04:04.8890 AM,.0211
72. Read Yogi_FAULT_E_UP_COUNT,EFIDut,sendCommand,PASS,,Aug 29 2019 10:04:04.9010 AM,Aug 29 2019 10:04:04.9200 AM,.0182
72. Read Yogi_FAULT_E_UP_COUNT,EFIDut,sendCommand,PASS,,Aug 29 2019 10:04:04.9240 AM,Aug 29 2019 10:04:04.9440 AM,.0203
73. Read Yogi_FAULT_E_DN_COUNT,StationUtils,calculateExpression,PASS,,Aug 29 2019 10:04:04.9660 AM,Aug 29 2019 10:04:04.9670 AM,.0001
74. Read Yogi_FAULT_E_LIM,EFIDut,sendCommand,PASS,,Aug 29 2019 10:04:04.9800 AM,Aug 29 2019 10:04:04.9990 AM,.0194
74. Read Yogi_FAULT_E_LIM,EFIDut,sendCommand,PASS,,Aug 29 2019 10:04:05.0030 AM,Aug 29 2019 10:04:05.0240 AM,.0207
74. Read Yogi_FAULT_E_LIM,EFIDut,sendCommand,PASS,,Aug 29 2019 10:04:05.0280 AM,Aug 29 2019 10:04:05.0490 AM,.0212
75. Read Yogi_POR_DELAY,EFIDut,sendCommand,PASS,,Aug 29 2019 10:04:05.0700 AM,Aug 29 2019 10:04:05.0890 AM,.0192
75. Read Yogi_POR_DELAY,EFIDut,sendCommand,PASS,,Aug 29 2019 10:04:05.0930 AM,Aug 29 2019 10:04:05.1140 AM,.0205
76. Read Yogi_SEL_STATUS_IOL,EFIDut,sendCommand,PASS,,Aug 29 2019 10:04:05.1310 AM,Aug 29 2019 10:04:05.1500 AM,.0186
76. Read Yogi_SEL_STATUS_IOL,EFIDut,sendCommand,PASS,,Aug 29 2019 10:04:05.1540 AM,Aug 29 2019 10:04:05.1740 AM,.0202
77. Read Yogi_SEL_SDA_IOL,EFIDut,sendCommand,PASS,,Aug 29 2019 10:04:05.1910 AM,Aug 29 2019 10:04:05.2100 AM,.019
77. Read Yogi_SEL_SDA_IOL,StationUtils,calculateExpression,PASS,,Aug 29 2019 10:04:05.2180 AM,Aug 29 2019 10:04:05.2180 AM,.0001
78. Read Yogi_DB_IPULSEMAX,EFIDut,sendCommand,PASS,,Aug 29 2019 10:04:05.2300 AM,Aug 29 2019 10:04:05.2490 AM,.0192
78. Read Yogi_DB_IPULSEMAX,StationUtils,calculateExpression,PASS,,Aug 29 2019 10:04:05.2580 AM,Aug 29 2019 10:04:05.2580 AM,.0001
79. Read Yogi_DB_ICWMAX1,EFIDut,sendCommand,PASS,,Aug 29 2019 10:04:05.2710 AM,Aug 29 2019 10:04:05.2900 AM,.0193
79. Read Yogi_DB_ICWMAX1,StationUtils,calculateExpression,PASS,,Aug 29 2019 10:04:05.2990 AM,Aug 29 2019 10:04:05.2990 AM,.0001
80. Read Yogi_DB_ICWMAX2,EFIDut,sendCommand,PASS,,Aug 29 2019 10:04:05.3100 AM,Aug 29 2019 10:04:05.3300 AM,.0191
80. Read Yogi_DB_ICWMAX2,StationUtils,calculateExpression,PASS,,Aug 29 2019 10:04:05.3380 AM,Aug 29 2019 10:04:05.3380 AM,.0001
81. Read Yogi_DB_PSM,EFIDut,sendCommand,PASS,,Aug 29 2019 10:04:05.3500 AM,Aug 29 2019 10:04:05.3690 AM,.0191
81. Read Yogi_DB_PSM,EFIDut,sendCommand,PASS,,Aug 29 2019 10:04:05.3730 AM,Aug 29 2019 10:04:05.3940 AM,.0207
82. Read Yogi_SEL_VTHR_PSM_OVLO,EFIDut,sendCommand,PASS,,Aug 29 2019 10:04:05.4110 AM,Aug 29 2019 10:04:05.4300 AM,.019
82. Read Yogi_SEL_VTHR_PSM_OVLO,StationUtils,calculateExpression,PASS,,Aug 29 2019 10:04:05.4380 AM,Aug 29 2019 10:04:05.4380 AM,.0001
83. Read Yogi_SEL_VTHR_PSM_UVLO,EFIDut,sendCommand,PASS,,Aug 29 2019 10:04:05.4500 AM,Aug 29 2019 10:04:05.4700 AM,.0193
83. Read Yogi_SEL_VTHR_PSM_UVLO,StationUtils,calculateExpression,PASS,,Aug 29 2019 10:04:05.4780 AM,Aug 29 2019 10:04:05.4780 AM,.0001
84. Rosaline_Post-DA_Test_Bit0_1,EFIDut,sendCommand,PASS,,Aug 29 2019 10:04:05.4900 AM,Aug 29 2019 10:04:05.5640 AM,.0741
84. Rosaline_Post-DA_Test_Bit0_1,StationUtils,calculateExpression,PASS,,Aug 29 2019 10:04:05.5760 AM,Aug 29 2019 10:04:05.5760 AM,.0001
85. Rosaline_Pre-DA_Audit_Test,StationUtils,calculateExpression,PASS,,Aug 29 2019 10:04:05.5930 AM,Aug 29 2019 10:04:05.5930 AM,.0001
86. Rosaline_Pre-DA_Test,StationUtils,calculateExpression,PASS,,Aug 29 2019 10:04:05.6100 AM,Aug 29 2019 10:04:05.6100 AM,.0001
87. Rosaline_Yogi_Prog_Flag,EFIDut,sendCommand,PASS,,Aug 29 2019 10:04:05.6230 AM,Aug 29 2019 10:04:05.6990 AM,.0762
87. Rosaline_Yogi_Prog_Flag,StationUtils,calculateExpression,PASS,,Aug 29 2019 10:04:05.7110 AM,Aug 29 2019 10:04:05.7110 AM,.0001
88. Rosaline_Burn_In,StationUtils,calculateExpression,PASS,,Aug 29 2019 10:04:05.7270 AM,Aug 29 2019 10:04:05.7270 AM,.0001
89. Rosaline_Gimbal_Test,StationUtils,calculateExpression,PASS,,Aug 29 2019 10:04:05.7430 AM,Aug 29 2019 10:04:05.7430 AM,.0001
90. Rosaline_Post-DA_Test_Bit2,StationUtils,calculateExpression,PASS,,Aug 29 2019 10:04:05.7610 AM,Aug 29 2019 10:04:05.7610 AM,.0001
91. Rosaline Pulse Width,EFIDut,sendCommand,PASS,,Aug 29 2019 10:04:05.7750 AM,Aug 29 2019 10:04:05.8490 AM,.0743
92. Rosaline toggle interrupt test,EFIDut,sendCommand,PASS,,Aug 29 2019 10:04:05.8640 AM,Aug 29 2019 10:04:05.8780 AM,.0141
92. Rosaline toggle interrupt test,EFIDut,sendCommand,PASS,,Aug 29 2019 10:04:05.8820 AM,Aug 29 2019 10:04:05.9430 AM,.0613
92. Rosaline toggle interrupt test,EFIDut,sendCommand,PASS,,Aug 29 2019 10:04:05.9470 AM,Aug 29 2019 10:04:07.7840 AM,1.8366
93. Upload Rosaline SN,EFIDut,sendCommand,PASS,,Aug 29 2019 10:04:07.7980 AM,Aug 29 2019 10:04:07.8130 AM,.0151
93. Upload Rosaline SN,StationUtils,evaluatePredicate,PASS,,Aug 29 2019 10:04:07.8230 AM,Aug 29 2019 10:04:07.8230 AM,.0001
94. Burn RxCL Key,EFIDut,sendCommand,PASS,,Aug 29 2019 10:04:07.8340 AM,Aug 29 2019 10:04:07.9090 AM,.0754
94. Burn RxCL Key,EFIDut,sendCommand,PASS,,Aug 29 2019 10:04:07.9150 AM,Aug 29 2019 10:04:07.9380 AM,.0228
94. Burn RxCL Key,EFIDut,sendCommand,PASS,,Aug 29 2019 10:04:07.9420 AM,Aug 29 2019 10:04:07.9580 AM,.0162
95. Burn MtDO Key,EFIDut,sendCommand,PASS,,Aug 29 2019 10:04:07.9650 AM,Aug 29 2019 10:04:07.9780 AM,.0132
95. Burn MtDO Key,EFIDut,sendCommand,PASS,,Aug 29 2019 10:04:07.9820 AM,Aug 29 2019 10:04:07.9980 AM,.0163
95. Burn MtDO Key,EFIDut,sendCommand,PASS,,Aug 29 2019 10:04:08.0020 AM,Aug 29 2019 10:04:08.0180 AM,.0161
95. Burn MtDO Key,EFIDut,sendCommand,PASS,,Aug 29 2019 10:04:08.0220 AM,Aug 29 2019 10:04:08.0830 AM,.0608
95. Burn MtDO Key,EFIDut,sendCommand,PASS,,Aug 29 2019 10:04:08.0880 AM,Aug 29 2019 10:04:08.1180 AM,.0297
95. Burn MtDO Key,EFIDut,sendCommand,PASS,,Aug 29 2019 10:04:08.1260 AM,Aug 29 2019 10:04:08.1830 AM,.0576
95. Burn MtDO Key,EFIDut,sendCommand,PASS,,Aug 29 2019 10:04:08.2060 AM,Aug 29 2019 10:04:08.2580 AM,.0522
95. Burn MtDO Key,EFIDut,sendCommand,PASS,,Aug 29 2019 10:04:08.2620 AM,Aug 29 2019 10:04:08.3030 AM,.0409
96. Grape GPIO Test,EFIDut,sendCommand,PASS,,Aug 29 2019 10:04:08.3130 AM,Aug 29 2019 10:04:08.3230 AM,.01
96. Grape GPIO Test,EFIDut,sendCommand,PASS,,Aug 29 2019 10:04:08.3270 AM,Aug 29 2019 10:04:13.7620 AM,5.4346
97. GRAPE POWER ON,EFIDut,sendCommand,PASS,,Aug 29 2019 10:04:13.7690 AM,Aug 29 2019 10:04:13.7790 AM,.0097
97. GRAPE POWER ON,EFIDut,sendCommand,PASS,,Aug 29 2019 10:04:13.7820 AM,Aug 29 2019 10:04:14.0490 AM,.2665
97. GRAPE POWER ON,EFIDut,sendCommand,PASS,,Aug 29 2019 10:04:14.0530 AM,Aug 29 2019 10:04:14.6750 AM,.6223
98. Grape FW Critical Error Check,EFIDut,sendCommand,PASS,,Aug 29 2019 10:04:14.6830 AM,Aug 29 2019 10:04:14.6980 AM,.0149
99. Grape Firmware Version,EFIDut,sendCommand,PASS,,Aug 29 2019 10:04:14.7060 AM,Aug 29 2019 10:04:14.7230 AM,.0174
99. Grape Firmware Version,EFIDut,sendCommand,PASS,,Aug 29 2019 10:04:14.7320 AM,Aug 29 2019 10:04:15.0440 AM,.3127
100. Grape Short Test,EFIDut,sendCommand,PASS,,Aug 29 2019 10:04:15.0530 AM,Aug 29 2019 10:04:15.0630 AM,.0099
100. Grape Short Test,EFIDut,sendCommand,PASS,,Aug 29 2019 10:04:15.0670 AM,Aug 29 2019 10:04:43.9190 AM,28.8527
101. Grape Offset Test,EFIDut,sendCommand,PASS,,Aug 29 2019 10:04:44.0010 AM,Aug 29 2019 10:04:58.2280 AM,14.2274
102. ALS1_FH_RIGHT_Interrupt Test,EFIDut,sendCommand,PASS,,Aug 29 2019 10:04:58.7700 AM,Aug 29 2019 10:04:58.8000 AM,.0304
102. ALS1_FH_RIGHT_Interrupt Test,EFIDut,sendCommand,PASS,,Aug 29 2019 10:04:58.8050 AM,Aug 29 2019 10:04:58.8250 AM,.0196
102. ALS1_FH_RIGHT_Interrupt Test,EFIDut,sendCommand,PASS,,Aug 29 2019 10:04:58.8300 AM,Aug 29 2019 10:04:58.8440 AM,.0142
102. ALS1_FH_RIGHT_Interrupt Test,EFIDut,sendCommand,PASS,,Aug 29 2019 10:04:58.8480 AM,Aug 29 2019 10:04:58.8640 AM,.0168
102. ALS1_FH_RIGHT_Interrupt Test,EFIDut,sendCommand,PASS,,Aug 29 2019 10:04:58.8680 AM,Aug 29 2019 10:04:58.8840 AM,.0165
102. ALS1_FH_RIGHT_Interrupt Test,EFIDut,sendCommand,PASS,,Aug 29 2019 10:04:58.8880 AM,Aug 29 2019 10:04:58.9050 AM,.0166
102. ALS1_FH_RIGHT_Interrupt Test,EFIDut,sendCommand,PASS,,Aug 29 2019 10:04:58.9100 AM,Aug 29 2019 10:04:59.0190 AM,.1093
102. ALS1_FH_RIGHT_Interrupt Test,EFIDut,sendCommand,PASS,,Aug 29 2019 10:04:59.0230 AM,Aug 29 2019 10:04:59.0340 AM,.0111
102. ALS1_FH_RIGHT_Interrupt Test,EFIDut,sendCommand,PASS,,Aug 29 2019 10:04:59.0380 AM,Aug 29 2019 10:04:59.0550 AM,.0175
103. ALS2_FH_LEFT_Interrupt Test,EFIDut,sendCommand,PASS,,Aug 29 2019 10:04:59.0650 AM,Aug 29 2019 10:04:59.0850 AM,.0203
103. ALS2_FH_LEFT_Interrupt Test,EFIDut,sendCommand,PASS,,Aug 29 2019 10:04:59.0910 AM,Aug 29 2019 10:04:59.1100 AM,.019
103. ALS2_FH_LEFT_Interrupt Test,EFIDut,sendCommand,PASS,,Aug 29 2019 10:04:59.1140 AM,Aug 29 2019 10:04:59.1300 AM,.0155
103. ALS2_FH_LEFT_Interrupt Test,EFIDut,sendCommand,PASS,,Aug 29 2019 10:04:59.1340 AM,Aug 29 2019 10:04:59.1550 AM,.0204
103. ALS2_FH_LEFT_Interrupt Test,EFIDut,sendCommand,PASS,,Aug 29 2019 10:04:59.1590 AM,Aug 29 2019 10:04:59.1790 AM,.0194
103. ALS2_FH_LEFT_Interrupt Test,EFIDut,sendCommand,PASS,,Aug 29 2019 10:04:59.1820 AM,Aug 29 2019 10:04:59.1990 AM,.0167
103. ALS2_FH_LEFT_Interrupt Test,EFIDut,sendCommand,PASS,,Aug 29 2019 10:04:59.2030 AM,Aug 29 2019 10:04:59.3140 AM,.1112
103. ALS2_FH_LEFT_Interrupt Test,EFIDut,sendCommand,PASS,,Aug 29 2019 10:04:59.3180 AM,Aug 29 2019 10:04:59.3300 AM,.0119
103. ALS2_FH_LEFT_Interrupt Test,EFIDut,sendCommand,PASS,,Aug 29 2019 10:04:59.3330 AM,Aug 29 2019 10:04:59.3500 AM,.0171
103. ALS2_FH_LEFT_Interrupt Test,EFIDut,sendCommand,PASS,,Aug 29 2019 10:04:59.3560 AM,Aug 29 2019 10:04:59.3750 AM,.0197
104. WV_Phosphorus_Mfg_ID,EFIDut,sendCommand,PASS,,Aug 29 2019 10:04:59.3850 AM,Aug 29 2019 10:04:59.3990 AM,.0143
105. WV_Phosphorus_Chip_ID,EFIDut,sendCommand,PASS,,Aug 29 2019 10:04:59.4130 AM,Aug 29 2019 10:04:59.4290 AM,.0156
106. WV_Phosphorus_Trim_Rev,EFIDut,sendCommand,PASS,,Aug 29 2019 10:04:59.4420 AM,Aug 29 2019 10:04:59.4590 AM,.0172
107. WV_Phosphorus_Trim_Rev2,EFIDut,sendCommand,PASS,,Aug 29 2019 10:04:59.4700 AM,Aug 29 2019 10:04:59.4850 AM,.0148
108. WV_Phosphorus_Trim_Rev3,EFIDut,sendCommand,PASS,,Aug 29 2019 10:04:59.5010 AM,Aug 29 2019 10:04:59.5140 AM,.0137
109. Presure Initialiation,EFIDut,sendCommand,PASS,,Aug 29 2019 10:04:59.5270 AM,Aug 29 2019 10:04:59.5840 AM,.0572
109. Presure Initialiation,EFIDut,sendCommand,PASS,,Aug 29 2019 10:04:59.5880 AM,Aug 29 2019 10:04:59.6190 AM,.0309
110. Presure Connectivity Test,EFIDut,sendCommand,PASS,,Aug 29 2019 10:04:59.6260 AM,Aug 29 2019 10:04:59.6490 AM,.0227
110. Presure Connectivity Test,EFIDut,sendCommand,PASS,,Aug 29 2019 10:04:59.6530 AM,Aug 29 2019 10:04:59.6690 AM,.0162
111. WV_Phosphorus_Average(KPa),EFIDut,sendCommand,PASS,,Aug 29 2019 10:04:59.6760 AM,Aug 29 2019 10:04:59.7040 AM,.0279
111. WV_Phosphorus_Average(KPa),EFIDut,sendCommand,PASS,,Aug 29 2019 10:04:59.7070 AM,Aug 29 2019 10:04:59.7390 AM,.0313
111. WV_Phosphorus_Average(KPa),EFIDut,sendCommand,PASS,,Aug 29 2019 10:04:59.7420 AM,Aug 29 2019 10:04:59.7590 AM,.0164
111. WV_Phosphorus_Average(KPa),EFIDut,sendCommand,PASS,,Aug 29 2019 10:04:59.7620 AM,Aug 29 2019 10:04:59.7790 AM,.0169
111. WV_Phosphorus_Average(KPa),EFIDut,sendCommand,PASS,,Aug 29 2019 10:04:59.7830 AM,Aug 29 2019 10:04:59.8340 AM,.0512
111. WV_Phosphorus_Average(KPa),EFIDut,sendCommand,PASS,,Aug 29 2019 10:04:59.8380 AM,Aug 29 2019 10:04:59.8590 AM,.0212
111. WV_Phosphorus_Average(KPa),EFIDut,sendCommand,PASS,,Aug 29 2019 10:04:59.8630 AM,Aug 29 2019 10:05:01.0850 AM,1.2224
111. WV_Phosphorus_Average(KPa),EFIDut,sendCommand,PASS,,Aug 29 2019 10:05:01.0950 AM,Aug 29 2019 10:05:01.1100 AM,.0148
112. WV_Phosphorus_std(Pa),EFIDut,sendCommand,PASS,,Aug 29 2019 10:05:01.1180 AM,Aug 29 2019 10:05:01.1500 AM,.0322
112. WV_Phosphorus_std(Pa),EFIDut,sendCommand,PASS,,Aug 29 2019 10:05:01.1540 AM,Aug 29 2019 10:05:01.1700 AM,.0162
112. WV_Phosphorus_std(Pa),EFIDut,sendCommand,PASS,,Aug 29 2019 10:05:01.1760 AM,Aug 29 2019 10:05:01.1950 AM,.0189
112. WV_Phosphorus_std(Pa),EFIDut,sendCommand,PASS,,Aug 29 2019 10:05:01.2000 AM,Aug 29 2019 10:05:01.2540 AM,.0539
112. WV_Phosphorus_std(Pa),EFIDut,sendCommand,PASS,,Aug 29 2019 10:05:01.2580 AM,Aug 29 2019 10:05:01.2790 AM,.0216
112. WV_Phosphorus_std(Pa),EFIDut,sendCommand,PASS,,Aug 29 2019 10:05:01.2830 AM,Aug 29 2019 10:05:02.5050 AM,1.2218
112. WV_Phosphorus_std(Pa),EFIDut,sendCommand,PASS,,Aug 29 2019 10:05:02.5090 AM,Aug 29 2019 10:05:02.5250 AM,.0159
112. WV_Phosphorus_std(Pa),StationUtils,calculateExpression,PASS,,Aug 29 2019 10:05:02.5380 AM,Aug 29 2019 10:05:02.5380 AM,.0001
116. I2C0 sweep test,EFIDut,sendCommand,PASS,,Aug 29 2019 10:05:02.5720 AM,Aug 29 2019 10:05:02.7090 AM,.1373
117. I2C1 sweep test,EFIDut,sendCommand,PASS,,Aug 29 2019 10:05:02.7180 AM,Aug 29 2019 10:05:03.1350 AM,.4169
117. I2C1 sweep test,EFIDut,sendCommand,PASS,,Aug 29 2019 10:05:03.1370 AM,Aug 29 2019 10:05:03.3140 AM,.1777
117. I2C1 sweep test,EFIDut,sendCommand,PASS,,Aug 29 2019 10:05:03.3210 AM,Aug 29 2019 10:05:03.3850 AM,.0638
118. I2C2 sweep test,EFIDut,sendCommand,PASS,,Aug 29 2019 10:05:03.3940 AM,Aug 29 2019 10:05:03.8100 AM,.4168
118. I2C2 sweep test,EFIDut,sendCommand,PASS,,Aug 29 2019 10:05:03.8130 AM,Aug 29 2019 10:05:04.1100 AM,.2964
118. I2C2 sweep test,EFIDut,sendCommand,PASS,,Aug 29 2019 10:05:04.1120 AM,Aug 29 2019 10:05:04.1750 AM,.0629
119. I2C3 sweep test,EFIDut,sendCommand,PASS,,Aug 29 2019 10:05:04.1940 AM,Aug 29 2019 10:05:04.6100 AM,.4166
119. I2C3 sweep test,EFIDut,sendCommand,PASS,,Aug 29 2019 10:05:04.6130 AM,Aug 29 2019 10:05:04.6800 AM,.0664
119. I2C3 sweep test,EFIDut,sendCommand,PASS,,Aug 29 2019 10:05:04.6830 AM,Aug 29 2019 10:05:04.7450 AM,.0627
120. I2C4 sweep test,EFIDut,sendCommand,PASS,,Aug 29 2019 10:05:04.7550 AM,Aug 29 2019 10:05:05.0890 AM,.3345
120. I2C4 sweep test,EFIDut,sendCommand,PASS,,Aug 29 2019 10:05:05.0910 AM,Aug 29 2019 10:05:05.8300 AM,.7388
121. I2C6 sweep test,EFIDut,sendCommand,PASS,,Aug 29 2019 10:05:05.8850 AM,Aug 29 2019 10:05:06.0600 AM,.1747
122. I2C8 sweep test,EFIDut,sendCommand,PASS,,Aug 29 2019 10:05:06.0730 AM,Aug 29 2019 10:05:06.1290 AM,.0559
123. I2C9 sweep test,EFIDut,sendCommand,PASS,,Aug 29 2019 10:05:06.1370 AM,Aug 29 2019 10:05:06.2340 AM,.0973
124. I2C10 sweep test,EFIDut,sendCommand,PASS,,Aug 29 2019 10:05:06.2430 AM,Aug 29 2019 10:05:06.3790 AM,.1364
125. I2C11 sweep test,EFIDut,sendCommand,PASS,,Aug 29 2019 10:05:06.3880 AM,Aug 29 2019 10:05:06.4840 AM,.0957
126. Check TX MCU FW,EFIDut,sendCommand,PASS,,Aug 29 2019 10:05:06.4930 AM,Aug 29 2019 10:05:06.5040 AM,.011
126. Check TX MCU FW,EFIDut,sendCommand,PASS,,Aug 29 2019 10:05:06.5080 AM,Aug 29 2019 10:05:07.0600 AM,.5524
127. Battery Present Voltage,EFIDut,sendCommand,PASS,,Aug 29 2019 10:05:07.0710 AM,Aug 29 2019 10:05:07.0910 AM,.0195
128. NTC,EFIDut,sendCommand,PASS,,Aug 29 2019 10:05:07.1020 AM,Aug 29 2019 10:05:07.1190 AM,.0173
129. Battery Chem ID,EFIDut,sendCommand,PASS,,Aug 29 2019 10:05:07.1320 AM,Aug 29 2019 10:05:07.1440 AM,.0123
130. Battery Qmax,EFIDut,sendCommand,PASS,,Aug 29 2019 10:05:07.1560 AM,Aug 29 2019 10:05:07.1700 AM,.0142
131. Static Chem ID CheckSum,EFIDut,sendCommand,PASS,,Aug 29 2019 10:05:07.1790 AM,Aug 29 2019 10:05:07.8390 AM,.6598
133. Battery FCC,EFIDut,sendCommand,PASS,,Aug 29 2019 10:05:07.8570 AM,Aug 29 2019 10:05:07.8710 AM,.0138
134. Battery NCC,EFIDut,sendCommand,PASS,,Aug 29 2019 10:05:07.8810 AM,Aug 29 2019 10:05:07.8970 AM,.0163
135. Battery Cycle Count,EFIDut,sendCommand,PASS,,Aug 29 2019 10:05:07.9070 AM,Aug 29 2019 10:05:07.9190 AM,.0126
136. Battery GG Hardware Version,EFIDut,sendCommand,PASS,,Aug 29 2019 10:05:07.9330 AM,Aug 29 2019 10:05:07.9490 AM,.0161
137. Battery GG Firmware Version,EFIDut,sendCommand,PASS,,Aug 29 2019 10:05:07.9600 AM,Aug 29 2019 10:05:07.9740 AM,.0143
138. Check QEN/Impedance Tracking Bit,EFIDut,sendCommand,PASS,,Aug 29 2019 10:05:07.9860 AM,Aug 29 2019 10:05:07.9990 AM,.0135
139. Check Sleep Enable Bit,EFIDut,sendCommand,PASS,,Aug 29 2019 10:05:08.0060 AM,Aug 29 2019 10:05:08.3140 AM,.3081
140. Check Sleep Enable Bit Seal status,EFIDut,sendCommand,PASS,,Aug 29 2019 10:05:08.3210 AM,Aug 29 2019 10:05:08.3340 AM,.0133
141. EDP BER test,EFIDut,sendCommand,PASS,,Aug 29 2019 10:05:08.3410 AM,Aug 29 2019 10:05:08.3600 AM,.0186
141. EDP BER test,EFIDut,sendCommand,PASS,,Aug 29 2019 10:05:08.3620 AM,Aug 29 2019 10:05:08.6540 AM,.292
141. EDP BER test,EFIDut,sendCommand,PASS,,Aug 29 2019 10:05:08.6560 AM,Aug 29 2019 10:05:10.1660 AM,1.5096
141. EDP BER test,EFIDut,sendCommand,PASS,,Aug 29 2019 10:05:10.1680 AM,Aug 29 2019 10:05:10.5000 AM,.3318
141. EDP BER test,EFIDut,sendCommand,PASS,,Aug 29 2019 10:05:10.5030 AM,Aug 29 2019 10:05:10.5200 AM,.0169
141. EDP BER test,EFIDut,sendCommand,PASS,,Aug 29 2019 10:05:10.5220 AM,Aug 29 2019 10:05:10.5450 AM,.0229
141. EDP BER test,EFIDut,sendCommand,PASS,,Aug 29 2019 10:05:10.5480 AM,Aug 29 2019 10:05:10.5600 AM,.0119
142. Write Date and Time,EFIDut,sendCommand,PASS,,Aug 29 2019 10:05:10.5710 AM,Aug 29 2019 10:05:10.5850 AM,.0143
143. Power_on Baseband and load firmware,StationUtils,evaluatePredicate,PASS,,Aug 29 2019 10:05:10.5950 AM,Aug 29 2019 10:05:10.5950 AM,.0001
143. Power_on Baseband and load firmware,EFIDut,sendCommand,PASS,,Aug 29 2019 10:05:10.6000 AM,Aug 29 2019 10:05:10.9750 AM,.375
143. Power_on Baseband and load firmware,EFIDut,sendCommand,PASS,,Aug 29 2019 10:05:10.9780 AM,Aug 29 2019 10:05:11.3500 AM,.3722
143. Power_on Baseband and load firmware,EFIDut,sendCommand,PASS,,Aug 29 2019 10:05:11.3530 AM,Aug 29 2019 10:05:14.9300 AM,3.5778
143. Power_on Baseband and load firmware,EFIDut,sendCommand,PASS,,Aug 29 2019 10:05:14.9330 AM,Aug 29 2019 10:05:16.0350 AM,1.1023
144. Sim Tray Test,StationUtils,evaluatePredicate,PASS,,Aug 29 2019 10:05:19.1210 AM,Aug 29 2019 10:05:19.1210 AM,.0001
144. Sim Tray Test,EFIDut,sendCommand,PASS,,Aug 29 2019 10:05:19.1260 AM,Aug 29 2019 10:05:19.2550 AM,.1281
144. Sim Tray Test,EFIDut,sendCommand,PASS,,Aug 29 2019 10:05:19.2560 AM,Aug 29 2019 10:05:19.3760 AM,.1194
144. Sim Tray Test,EFIDut,sendCommand,PASS,,Aug 29 2019 10:05:19.3780 AM,Aug 29 2019 10:05:19.7550 AM,.3767
145. Sim Card Check,StationUtils,evaluatePredicate,PASS,,Aug 29 2019 10:05:19.7660 AM,Aug 29 2019 10:05:19.7660 AM,.0001
146. Read PMU Temp1 TDEV1,EFIDut,sendCommand,PASS,,Aug 29 2019 10:05:19.7760 AM,Aug 29 2019 10:05:20.0590 AM,.283
158. Read Battery Temp TG0B(deg C),EFIDut,sendCommand,PASS,,Aug 29 2019 10:05:20.1580 AM,Aug 29 2019 10:05:20.4310 AM,.2732
159. Read CPMU C3 Temp(deg C),EFIDut,sendCommand,PASS,,Aug 29 2019 10:05:20.4400 AM,Aug 29 2019 10:05:22.3250 AM,1.8855
159. Read CPMU C3 Temp(deg C),EFIDut,sendCommand,PASS,,Aug 29 2019 10:05:22.3280 AM,Aug 29 2019 10:05:22.3410 AM,.013
159. Read CPMU C3 Temp(deg C),EFIDut,sendCommand,PASS,,Aug 29 2019 10:05:22.3440 AM,Aug 29 2019 10:05:22.3650 AM,.0216
159. Read CPMU C3 Temp(deg C),EFIDut,sendCommand,PASS,,Aug 29 2019 10:05:22.3680 AM,Aug 29 2019 10:05:22.3810 AM,.0124
159. Read CPMU C3 Temp(deg C),EFIDut,sendCommand,PASS,,Aug 29 2019 10:05:22.3830 AM,Aug 29 2019 10:05:22.4000 AM,.0169
160. Read CPMU TCAL Temp (deg C),EFIDut,sendCommand,PASS,,Aug 29 2019 10:05:22.4120 AM,Aug 29 2019 10:05:22.4250 AM,.0135
160. Read CPMU TCAL Temp (deg C),EFIDut,sendCommand,PASS,,Aug 29 2019 10:05:22.4280 AM,Aug 29 2019 10:05:22.4450 AM,.0164
160. Read CPMU TCAL Temp (deg C),EFIDut,sendCommand,PASS,,Aug 29 2019 10:05:22.4470 AM,Aug 29 2019 10:05:22.6950 AM,.2481
161. Check Battery Voltage After Test,EFIDut,sendCommand,PASS,,Aug 29 2019 10:05:22.7060 AM,Aug 29 2019 10:05:22.7260 AM,.0207
162. Check Battery Level After Test,EFIDut,sendCommand,PASS,,Aug 29 2019 10:05:22.7360 AM,Aug 29 2019 10:05:22.7510 AM,.0153
163. RotterDam Test,EFIDut,sendCommand,PASS,,Aug 29 2019 10:05:22.7610 AM,Aug 29 2019 10:05:22.7740 AM,.0133
163. RotterDam Test,EFIDut,sendCommand,PASS,,Aug 29 2019 10:05:22.7780 AM,Aug 29 2019 10:05:46.9210 AM,24.1427
163. RotterDam Test,EFIDut,sendCommand,PASS,,Aug 29 2019 10:05:46.9260 AM,Aug 29 2019 10:05:47.0420 AM,.1161
163. RotterDam Test,EFIDut,sendCommand,PASS,,Aug 29 2019 10:05:47.0470 AM,Aug 29 2019 10:07:02.5340 AM,75.487
163. RotterDam Test,StationUtils,evaluatePredicate,PASS,,Aug 29 2019 10:07:02.5400 AM,Aug 29 2019 10:07:02.5400 AM,.0001
163. RotterDam Test,StationUtils,evaluatePredicate,PASS,,Aug 29 2019 10:07:02.5470 AM,Aug 29 2019 10:07:02.5470 AM,.0001
163. RotterDam Test,StationUtils,evaluatePredicate,PASS,,Aug 29 2019 10:07:02.5540 AM,Aug 29 2019 10:07:02.5540 AM,.0001
164. Dut Close-2,EFIDut,close,PASS,,Aug 29 2019 10:07:02.5850 AM,Aug 29 2019 10:07:02.5850 AM,.0008
