document_version, 1.0
station_name,SW-DOWNLOAD
station_id,FXLH_F05-4FT-01_1_SW-DOWNLOAD
station_sw,Atlas
station_sw_version,Atlas

tag,start_time,duration
Scan_SN, 1570179995.94, 4.33
Fixture_init, 1570180000.27, 15.56
EP_DISABLE_TP, 1570180015.83, 7.80
Start_Data_Reporting, 1570180023.63, 0.02
Get_SFC_Info, 1570180023.65, 0.05
BUILD_EVENT, 1570180023.70, 0.00
S_BUILD, 1570180023.70, 0.00
WO_SN, 1570180023.71, 0.00
SUB_SN, 1570180023.71, 0.00
UNIT_LBL, 1570180023.72, 0.00
Start_Control_Bit, 1570180023.72, 0.33
P203_FW, 1570180024.05, 0.04
Auth_Check, 1570180024.09, 4.47
Query_MLB_SN, 1570180028.56, 0.00
Read_MLB_SN, 1570180028.56, 1.04
Check_MLB_SN, 1570180029.61, 0.00
Read_STFW_Version_Before_DL, 1570180029.61, 0.48
Read_MTFW_Version_Before_DL, 1570180030.09, 0.43
Read_CCG3_FW_Version, 1570180030.52, 0.97
Program_STFW, 1570180031.50, 42.01
Program_MTFW, 1570180073.50, 25.50
Read_STFW_Version_After_DL, 1570180099.00, 0.43
Read_MTFW_Version_After_DL, 1570180099.43, 0.43
Finish_DRCB, 1570180099.86, 0.67
Fixture_reset, 1570180100.53, 0.17
full_test_durations, 1570179995.92, 104.77
