Related Test,Type,Name,Value
Scan_SN,Device,serialnumber,FTPZG014P3LY
Start_Data_Reporting,Device,softwarename,Atlas 1.9.2
Start_Data_Reporting,Device,serialnumber,FTPZG014P3LY
Start_Data_Reporting,Device,softwareversion,V2.2.3.0_forINN
Start_Data_Reporting,Device,limitsversion,1
BUILD_EVENT,Device,Build_EVENT,R128-P2
S_BUILD,Device,S_BUILD,R128-P2_P22AEN-R1-1
WO_SN,Device,WO_SN,WCS-J9002B
SUB_SN,Device,P_SN,DKB939600AJN5RQ0C
UNIT_LBL,Device,UNIT_LBL,R128-P2_P22AEN-R1-1_C01887
P203_FW,Device,P203_FW,1.2.5-F(DVT)
Read_MLB_SN,Device,MLB_SN,DLX938400D8N4732X
Read_CCG3_FW_Version,Device,ReadCCG3FW,A0 02 00 0B 00 0B 00 0B
Read_STFW_Version_After_DL,Device,STFW,0x0160
Read_MTFW_Version_After_DL,Device,TOUCH_FW,0x0505
