Related Test,Name-1,Name-2,Name-3,Status,Info,Measurement,Units,Upper Limit,Lower Limit,Relaxed Upper Limit,Relaxed Lower Limit,Limit Units,Start Time,End Time,Duration (s)
Scan_SN,,,,,,,,,,,,,Oct 4 2019 5:06:35.9410 PM,Oct 4 2019 5:06:40.2700 PM,4.3292
Scan_SN,Scan_SN,AtlasApp-Hyperion,show-form,PASS,,,,,,,,,Oct 4 2019 5:06:35.9420 PM,Oct 4 2019 5:06:40.2690 PM,4.327
Fixture_init,,,,,,,,,,,,,Oct 4 2019 5:06:40.2720 PM,Oct 4 2019 5:06:55.8270 PM,15.5552
Fixture_init,Fixture_init,Fixture,changeDelimiter,PASS,,,,,,,,,Oct 4 2019 5:06:40.2740 PM,Oct 4 2019 5:06:40.2740 PM,0
Fixture_init,Fixture_init,Fixture,changeLineTerminator,PASS,,,,,,,,,Oct 4 2019 5:06:40.2760 PM,Oct 4 2019 5:06:40.2760 PM,0
Fixture_init,Fixture_init,Fixture,open,PASS,,,,,,,,,Oct 4 2019 5:06:40.2780 PM,Oct 4 2019 5:06:41.8720 PM,1.5943
Fixture_init,Fixture_init,Fixture,read,PASS,,,,,,,,,Oct 4 2019 5:06:41.8740 PM,Oct 4 2019 5:06:41.9010 PM,.0276
Fixture_init,Fixture_init,P203,changeDelimiter,PASS,,,,,,,,,Oct 4 2019 5:06:41.9030 PM,Oct 4 2019 5:06:41.9030 PM,0
Fixture_init,Fixture_init,P203,changeLineTerminator,PASS,,,,,,,,,Oct 4 2019 5:06:41.9050 PM,Oct 4 2019 5:06:41.9050 PM,0
Fixture_init,Fixture_init,P203,open,PASS,,,,,,,,,Oct 4 2019 5:06:41.9070 PM,Oct 4 2019 5:06:43.5040 PM,1.5975
Fixture_init,Fixture_init,P203,read,PASS,,,,,,,,,Oct 4 2019 5:06:43.5060 PM,Oct 4 2019 5:06:43.5300 PM,.0242
Fixture_init,Fixture_init,[Fixture] isReady,sendCommand,PASS,,,,,,,,,Oct 4 2019 5:06:43.5320 PM,Oct 4 2019 5:06:43.5380 PM,.006
Fixture_init,Fixture_init,[Fixture] power on,sendCommand,PASS,,,,,,,,,Oct 4 2019 5:06:43.5400 PM,Oct 4 2019 5:06:43.5570 PM,.0173
Fixture_init,Fixture_init,[P203] ,sendCommand,PASS,,,,,,,,,Oct 4 2019 5:06:44.6260 PM,Oct 4 2019 5:06:44.6420 PM,.0161
Fixture_init,Fixture_init,[Fixture] Engage pogo,sendCommand,PASS,,,,,,,,,Oct 4 2019 5:06:44.6430 PM,Oct 4 2019 5:06:44.7030 PM,.0595
Fixture_init,Fixture_init,"[Hid] /usr/local/bin/hidreport -v 0x05ac -p 0x026F -u 0xff00,0xb",,PASS,,,,,,,,,Oct 4 2019 5:06:47.8060 PM,Oct 4 2019 5:06:47.8060 PM,0
Fixture_init,Fixture_init,IOFileHandle,writeToFile,PASS,,,,,,,,,Oct 4 2019 5:06:47.8080 PM,Oct 4 2019 5:06:47.8080 PM,.0004
Fixture_init,Fixture_init,"[Hid] /usr/local/bin/hidreport -v 0x05ac -p 0x026F -u 0xff00,0xb-2",,PASS,,,,,,,,,Oct 4 2019 5:06:48.4210 PM,Oct 4 2019 5:06:48.4210 PM,0
Fixture_init,Fixture_init,IOFileHandle,writeToFile-2,PASS,,,,,,,,,Oct 4 2019 5:06:48.4230 PM,Oct 4 2019 5:06:48.4230 PM,.0001
Fixture_init,Fixture_init,"[Hid] /usr/local/bin/hidreport -v 0x05ac -p 0x026F -u 0xff00,0xb-3",,PASS,,,,,,,,,Oct 4 2019 5:06:49.0260 PM,Oct 4 2019 5:06:49.0260 PM,0
Fixture_init,Fixture_init,IOFileHandle,writeToFile-3,PASS,,,,,,,,,Oct 4 2019 5:06:49.0280 PM,Oct 4 2019 5:06:49.0280 PM,.0001
Fixture_init,Fixture_init,[Fixture] power off,sendCommand,PASS,,,,,,,,,Oct 4 2019 5:06:49.6030 PM,Oct 4 2019 5:06:49.6190 PM,.0168
Fixture_init,Fixture_init,[Fixture] power on,sendCommand-2,PASS,,,,,,,,,Oct 4 2019 5:06:50.6950 PM,Oct 4 2019 5:06:50.7050 PM,.0101
Fixture_init,Fixture_init,[P203] ,sendCommand-2,PASS,,,,,,,,,Oct 4 2019 5:06:55.7810 PM,Oct 4 2019 5:06:55.7820 PM,.0008
Fixture_init,Fixture_init,"[Hid] /usr/local/bin/hidreport -v 0x05ac -p 0x026F -u 0xff00,0xb-4",,PASS,,,,,,,,,Oct 4 2019 5:06:55.8220 PM,Oct 4 2019 5:06:55.8220 PM,0
Fixture_init,Fixture_init,IOFileHandle,writeToFile-4,PASS,,,,,,,,,Oct 4 2019 5:06:55.8230 PM,Oct 4 2019 5:06:55.8230 PM,.0002
Fixture_init,Fixture_init,StationReportPlugin,isReporting,PASS,,,,,,,,,Oct 4 2019 5:06:55.8260 PM,Oct 4 2019 5:06:55.8260 PM,0
EP_DISABLE_TP,,,,,,,,,,,,,Oct 4 2019 5:06:55.8310 PM,Oct 4 2019 5:07:03.6250 PM,7.7941
EP_DISABLE_TP,EP_DISABLE_TP,[Hid] /usr/local/bin/hidreport -p 0x026F -i 0 set 0x3D 0x3D 0x13 0x0 0x0 0x0,,PASS,,,,,,,,,Oct 4 2019 5:06:55.8840 PM,Oct 4 2019 5:06:55.8840 PM,0
EP_DISABLE_TP,EP_DISABLE_TP,IOFileHandle,writeToFile,PASS,,,,,,,,,Oct 4 2019 5:06:55.8850 PM,Oct 4 2019 5:06:55.8850 PM,.0001
EP_DISABLE_TP,EP_DISABLE_TP,[Hid] /usr/local/bin/hidreport -p 0x026F -i 0 set 0x3E 0x3E 0x13 0x0 0x0 0x0 0x2,,PASS,,,,,,,,,Oct 4 2019 5:06:56.3420 PM,Oct 4 2019 5:06:56.3420 PM,0
EP_DISABLE_TP,EP_DISABLE_TP,IOFileHandle,writeToFile-2,PASS,,,,,,,,,Oct 4 2019 5:06:56.3440 PM,Oct 4 2019 5:06:56.3460 PM,.0017
EP_DISABLE_TP,EP_DISABLE_TP,[Hid] /usr/local/bin/hidreport -p 0x026F -i 0 set 0x3E 0x3E 0x13 0x0 0x0 0x0 0x2-2,,PASS,,,,,,,,,Oct 4 2019 5:06:57.0470 PM,Oct 4 2019 5:06:57.0470 PM,0
EP_DISABLE_TP,EP_DISABLE_TP,IOFileHandle,writeToFile-3,PASS,,,,,,,,,Oct 4 2019 5:06:57.0490 PM,Oct 4 2019 5:06:57.0490 PM,.0001
EP_DISABLE_TP,EP_DISABLE_TP,[Fixture] power off,sendCommand,PASS,,,,,,,,,Oct 4 2019 5:06:57.4190 PM,Oct 4 2019 5:06:57.4260 PM,.007
EP_DISABLE_TP,EP_DISABLE_TP,[Fixture] power on,sendCommand,PASS,,,,,,,,,Oct 4 2019 5:06:58.4950 PM,Oct 4 2019 5:06:58.5110 PM,.0164
EP_DISABLE_TP,EP_DISABLE_TP,[P203] ,sendCommand,PASS,,,,,,,,,Oct 4 2019 5:07:03.5810 PM,Oct 4 2019 5:07:03.5820 PM,.001
EP_DISABLE_TP,EP_DISABLE_TP,"[Hid] /usr/local/bin/hidreport -v 0x05ac -p 0x026F -u 0xff00,0xb",,PASS,,,,,,,,,Oct 4 2019 5:07:03.6220 PM,Oct 4 2019 5:07:03.6220 PM,0
EP_DISABLE_TP,EP_DISABLE_TP,IOFileHandle,writeToFile-4,PASS,,,,,,,,,Oct 4 2019 5:07:03.6240 PM,Oct 4 2019 5:07:03.6240 PM,.0001
Start_Data_Reporting,,,,,,,,,,,,,Oct 4 2019 5:07:03.6280 PM,Oct 4 2019 5:07:03.6440 PM,.0155
Start_Data_Reporting,Start_Data_Reporting,DRCB,StartDataReporting,PASS,,,,,,,,,Oct 4 2019 5:07:03.6330 PM,Oct 4 2019 5:07:03.6430 PM,.0098
Get_SFC_Info,,,,,,,,,,,,,Oct 4 2019 5:07:03.6460 PM,Oct 4 2019 5:07:03.6980 PM,.0517
Get_SFC_Info,Get_SFC_Info,SFCSupport,getAttributes,PASS,,,,,,,,,Oct 4 2019 5:07:03.6480 PM,Oct 4 2019 5:07:03.6740 PM,.0258
Get_SFC_Info,Get_SFC_Info,GET SFC info - wo_no,WCS-J9002B,PASS,,,,,,,,,Oct 4 2019 5:07:03.6750 PM,Oct 4 2019 5:07:03.6750 PM,0
Get_SFC_Info,Get_SFC_Info,SFCSupport,getAttributes-2,PASS,,,,,,,,,Oct 4 2019 5:07:03.6760 PM,Oct 4 2019 5:07:03.6810 PM,.0049
Get_SFC_Info,Get_SFC_Info,GET SFC info - pansa,DKB939600AJN5RQ0C,PASS,,,,,,,,,Oct 4 2019 5:07:03.6820 PM,Oct 4 2019 5:07:03.6820 PM,0
Get_SFC_Info,Get_SFC_Info,SFCSupport,getAttributes-3,PASS,,,,,,,,,Oct 4 2019 5:07:03.6830 PM,Oct 4 2019 5:07:03.6880 PM,.0047
Get_SFC_Info,Get_SFC_Info,GET SFC info - unit_lbl,R128-P2_P22AEN-R1-1_C01887,PASS,,,,,,,,,Oct 4 2019 5:07:03.6890 PM,Oct 4 2019 5:07:03.6890 PM,0
Get_SFC_Info,Get_SFC_Info,SFCSupport,getAttributes-4,PASS,,,,,,,,,Oct 4 2019 5:07:03.6930 PM,Oct 4 2019 5:07:03.6970 PM,.0039
Get_SFC_Info,Get_SFC_Info,GET SFC info - mlb_sn,DLX938400D8N4732X,PASS,,,,,,,,,Oct 4 2019 5:07:03.6980 PM,Oct 4 2019 5:07:03.6980 PM,0
BUILD_EVENT,,,,,,,,,,,,,Oct 4 2019 5:07:03.7010 PM,Oct 4 2019 5:07:03.7020 PM,.0006
BUILD_EVENT,BUILD_EVENT,Build_EVENT,R128-P2,PASS,,,,,,,,,Oct 4 2019 5:07:03.7020 PM,Oct 4 2019 5:07:03.7020 PM,0
S_BUILD,,,,,,,,,,,,,Oct 4 2019 5:07:03.7040 PM,Oct 4 2019 5:07:03.7050 PM,.0006
S_BUILD,S_BUILD,S_BUILD,R128-P2_P22AEN-R1-1,PASS,,,,,,,,,Oct 4 2019 5:07:03.7040 PM,Oct 4 2019 5:07:03.7040 PM,0
WO_SN,,,,,,,,,,,,,Oct 4 2019 5:07:03.7100 PM,Oct 4 2019 5:07:03.7100 PM,.0009
WO_SN,WO_SN,Get wo_no Pass,,PASS,,,,,,,,,Oct 4 2019 5:07:03.7100 PM,Oct 4 2019 5:07:03.7100 PM,0
SUB_SN,,,,,,,,,,,,,Oct 4 2019 5:07:03.7130 PM,Oct 4 2019 5:07:03.7140 PM,.0007
SUB_SN,SUB_SN,Get pansa Pass,,PASS,,,,,,,,,Oct 4 2019 5:07:03.7140 PM,Oct 4 2019 5:07:03.7140 PM,0
UNIT_LBL,,,,,,,,,,,,,Oct 4 2019 5:07:03.7170 PM,Oct 4 2019 5:07:03.7170 PM,.0008
UNIT_LBL,UNIT_LBL,Get unit_lbl Pass,,PASS,,,,,,,,,Oct 4 2019 5:07:03.7170 PM,Oct 4 2019 5:07:03.7170 PM,0
Start_Control_Bit,,,,,,,,,,,,,Oct 4 2019 5:07:03.7200 PM,Oct 4 2019 5:07:04.0450 PM,.3249
Start_Control_Bit,Start_Control_Bit,DRCB,StartControlBits,PASS,,,,,,,,,Oct 4 2019 5:07:03.7220 PM,Oct 4 2019 5:07:04.0440 PM,.3221
P203_FW,,,,,,,,,,,,,Oct 4 2019 5:07:04.0470 PM,Oct 4 2019 5:07:04.0850 PM,.0381
P203_FW,P203_FW,P203,read,PASS,,,,,,,,,Oct 4 2019 5:07:04.0480 PM,Oct 4 2019 5:07:04.0480 PM,.0001
P203_FW,P203_FW,P203,read-2,PASS,,,,,,,,,Oct 4 2019 5:07:04.0500 PM,Oct 4 2019 5:07:04.0500 PM,.0003
P203_FW,P203_FW,P203,read-3,PASS,,,,,,,,,Oct 4 2019 5:07:04.0510 PM,Oct 4 2019 5:07:04.0520 PM,.0002
P203_FW,P203_FW,P203,read-4,PASS,,,,,,,,,Oct 4 2019 5:07:04.0530 PM,Oct 4 2019 5:07:04.0740 PM,.0207
P203_FW,P203_FW,[P203] v,sendCommand,PASS,,,,,,,,,Oct 4 2019 5:07:04.0760 PM,Oct 4 2019 5:07:04.0840 PM,.0076
P203_FW,P203_FW,P203_FW,,PASS,,,,,,,,,Oct 4 2019 5:07:04.0850 PM,Oct 4 2019 5:07:04.0850 PM,0
Auth_Check,,,,,,,,,,,,,Oct 4 2019 5:07:04.0870 PM,Oct 4 2019 5:07:08.5510 PM,4.4634
Auth_Check,Auth_Check,P203,read,PASS,,,,,,,,,Oct 4 2019 5:07:04.0890 PM,Oct 4 2019 5:07:04.0890 PM,.0002
Auth_Check,Auth_Check,P203,read-2,PASS,,,,,,,,,Oct 4 2019 5:07:04.0910 PM,Oct 4 2019 5:07:04.1110 PM,.0205
Auth_Check,Auth_Check,[P203] aid tx bd 1 3 24 71 4 10 0 00,sendCommandChars,PASS,,,,,,,,,Oct 4 2019 5:07:04.1130 PM,Oct 4 2019 5:07:04.1810 PM,.0679
Auth_Check,Auth_Check,P203,read-3,PASS,,,,,,,,,Oct 4 2019 5:07:04.1860 PM,Oct 4 2019 5:07:04.1860 PM,.0003
Auth_Check,Auth_Check,P203,read-4,PASS,,,,,,,,,Oct 4 2019 5:07:04.1880 PM,Oct 4 2019 5:07:04.2120 PM,.0231
Auth_Check,Auth_Check,[P203] aid tx bd 1 3 24 71 4 10 0 00,sendCommandChars-2,PASS,,,,,,,,,Oct 4 2019 5:07:04.2130 PM,Oct 4 2019 5:07:04.2480 PM,.0345
Auth_Check,Auth_Check,P203,read-5,PASS,,,,,,,,,Oct 4 2019 5:07:04.2500 PM,Oct 4 2019 5:07:04.2500 PM,.0001
Auth_Check,Auth_Check,P203,read-6,PASS,,,,,,,,,Oct 4 2019 5:07:04.2510 PM,Oct 4 2019 5:07:04.2720 PM,.0205
Auth_Check,Auth_Check,[P203] aid tx bd 1 3 24 71 4 10 0 00,sendCommandChars-3,PASS,,,,,,,,,Oct 4 2019 5:07:04.2730 PM,Oct 4 2019 5:07:04.2940 PM,.0207
Auth_Check,Auth_Check,P203,read-7,PASS,,,,,,,,,Oct 4 2019 5:07:04.2980 PM,Oct 4 2019 5:07:04.3090 PM,.0114
Auth_Check,Auth_Check,P203,read-8,PASS,,,,,,,,,Oct 4 2019 5:07:04.3110 PM,Oct 4 2019 5:07:04.3320 PM,.0215
Auth_Check,Auth_Check,[P203] aid tx bd 1 3 24 71 4 10 0 00,sendCommandChars-4,PASS,,,,,,,,,Oct 4 2019 5:07:04.3340 PM,Oct 4 2019 5:07:04.3540 PM,.0205
Auth_Check,Auth_Check,P203,read-9,PASS,,,,,,,,,Oct 4 2019 5:07:04.3560 PM,Oct 4 2019 5:07:04.3570 PM,.0001
Auth_Check,Auth_Check,P203,read-10,PASS,,,,,,,,,Oct 4 2019 5:07:04.3580 PM,Oct 4 2019 5:07:04.3800 PM,.0219
Auth_Check,Auth_Check,[P203] aid tx bd 1 3 24 71 4 10 0 00,sendCommandChars-5,PASS,,,,,,,,,Oct 4 2019 5:07:04.3810 PM,Oct 4 2019 5:07:04.4170 PM,.0362
Auth_Check,Auth_Check,P203,read-11,PASS,,,,,,,,,Oct 4 2019 5:07:04.4200 PM,Oct 4 2019 5:07:04.4200 PM,.0002
Auth_Check,Auth_Check,P203,read-12,PASS,,,,,,,,,Oct 4 2019 5:07:04.4210 PM,Oct 4 2019 5:07:04.4460 PM,.0249
Auth_Check,Auth_Check,[P203] aid tx bd 2 3 24 71 4 10 0 00,sendCommandChars,PASS,,,,,,,,,Oct 4 2019 5:07:04.4480 PM,Oct 4 2019 5:07:04.4830 PM,.0353
Auth_Check,Auth_Check,P203,read-13,PASS,,,,,,,,,Oct 4 2019 5:07:04.4860 PM,Oct 4 2019 5:07:04.4860 PM,.0002
Auth_Check,Auth_Check,P203,read-14,PASS,,,,,,,,,Oct 4 2019 5:07:04.4870 PM,Oct 4 2019 5:07:04.5080 PM,.0207
Auth_Check,Auth_Check,P203,read-15,PASS,,,,,,,,,Oct 4 2019 5:07:04.5100 PM,Oct 4 2019 5:07:04.5330 PM,.0234
Auth_Check,Auth_Check,[P203] aid tx bd 3 2 24 71 4 10 8,sendCommandChars,PASS,,,,,,,,,Oct 4 2019 5:07:04.5340 PM,Oct 4 2019 5:07:04.5670 PM,.0328
Auth_Check,Auth_Check,1. Fetch device info,,PASS,,,,,,,,,Oct 4 2019 5:07:04.5690 PM,Oct 4 2019 5:07:04.5690 PM,0
Auth_Check,Auth_Check,      version: 0x07,,PASS,,,,,,,,,Oct 4 2019 5:07:04.5690 PM,Oct 4 2019 5:07:04.5690 PM,0
Auth_Check,Auth_Check,auth revision: 0x01,,PASS,,,,,,,,,Oct 4 2019 5:07:04.5690 PM,Oct 4 2019 5:07:04.5690 PM,0
Auth_Check,Auth_Check,auth protocol: 0x0300,,PASS,,,,,,,,,Oct 4 2019 5:07:04.5690 PM,Oct 4 2019 5:07:04.5690 PM,0
Auth_Check,Auth_Check,    device ID: 0x00000300,,PASS,,,,,,,,,Oct 4 2019 5:07:04.5700 PM,Oct 4 2019 5:07:04.5700 PM,0
Auth_Check,Auth_Check,P203,read-16,PASS,,,,,,,,,Oct 4 2019 5:07:04.5710 PM,Oct 4 2019 5:07:04.5710 PM,.0002
Auth_Check,Auth_Check,P203,read-17,PASS,,,,,,,,,Oct 4 2019 5:07:04.5720 PM,Oct 4 2019 5:07:04.5930 PM,.0211
Auth_Check,Auth_Check,[P203] aid tx bd 4 3 24 71 4 10 0 30,sendCommandChars,PASS,,,,,,,,,Oct 4 2019 5:07:04.5950 PM,Oct 4 2019 5:07:04.6300 PM,.0351
Auth_Check,Auth_Check,P203,read-18,PASS,,,,,,,,,Oct 4 2019 5:07:04.6330 PM,Oct 4 2019 5:07:04.6330 PM,.0002
Auth_Check,Auth_Check,P203,read-19,PASS,,,,,,,,,Oct 4 2019 5:07:04.6340 PM,Oct 4 2019 5:07:04.6640 PM,.0294
Auth_Check,Auth_Check,P203,read-20,PASS,,,,,,,,,Oct 4 2019 5:07:04.6650 PM,Oct 4 2019 5:07:04.6940 PM,.0282
Auth_Check,Auth_Check,[P203] aid tx bd 5 2 24 71 4 10 2,sendCommandChars,PASS,,,,,,,,,Oct 4 2019 5:07:04.6950 PM,Oct 4 2019 5:07:04.7300 PM,.0346
Auth_Check,Auth_Check,2. Fetch cert length,,PASS,,,,,,,,,Oct 4 2019 5:07:04.7320 PM,Oct 4 2019 5:07:04.7320 PM,0
Auth_Check,Auth_Check,P203,read-21,PASS,,,,,,,,,Oct 4 2019 5:07:04.7330 PM,Oct 4 2019 5:07:04.7330 PM,.0001
Auth_Check,Auth_Check,P203,read-22,PASS,,,,,,,,,Oct 4 2019 5:07:04.7350 PM,Oct 4 2019 5:07:04.7640 PM,.0289
Auth_Check,Auth_Check,[P203] aid tx bd 6 3 24 71 4 10 0 31,sendCommandChars,PASS,,,,,,,,,Oct 4 2019 5:07:04.7650 PM,Oct 4 2019 5:07:04.8010 PM,.0352
Auth_Check,Auth_Check,P203,read-23,PASS,,,,,,,,,Oct 4 2019 5:07:04.8030 PM,Oct 4 2019 5:07:04.8030 PM,.0001
Auth_Check,Auth_Check,P203,read-24,PASS,,,,,,,,,Oct 4 2019 5:07:04.8040 PM,Oct 4 2019 5:07:04.8340 PM,.0298
Auth_Check,Auth_Check,P203,read-25,PASS,,,,,,,,,Oct 4 2019 5:07:04.8360 PM,Oct 4 2019 5:07:04.8640 PM,.0282
Auth_Check,Auth_Check,[P203] aid tx bd 7 2 24 71 4 10 23,sendCommandChars,PASS,,,,,,,,,Oct 4 2019 5:07:04.8660 PM,Oct 4 2019 5:07:04.9010 PM,.0347
Auth_Check,Auth_Check,P203,read-26,PASS,,,,,,,,,Oct 4 2019 5:07:04.9030 PM,Oct 4 2019 5:07:04.9030 PM,.0001
Auth_Check,Auth_Check,P203,read-27,PASS,,,,,,,,,Oct 4 2019 5:07:04.9050 PM,Oct 4 2019 5:07:04.9350 PM,.03
Auth_Check,Auth_Check,P203,read-28,PASS,,,,,,,,,Oct 4 2019 5:07:04.9370 PM,Oct 4 2019 5:07:04.9650 PM,.0282
Auth_Check,Auth_Check,[P203] aid tx bd 8 2 24 71 4 10 23,sendCommandChars,PASS,,,,,,,,,Oct 4 2019 5:07:04.9660 PM,Oct 4 2019 5:07:05.0010 PM,.0345
Auth_Check,Auth_Check,P203,read-29,PASS,,,,,,,,,Oct 4 2019 5:07:05.0030 PM,Oct 4 2019 5:07:05.0030 PM,.0002
Auth_Check,Auth_Check,P203,read-30,PASS,,,,,,,,,Oct 4 2019 5:07:05.0040 PM,Oct 4 2019 5:07:05.0250 PM,.0208
Auth_Check,Auth_Check,P203,read-31,PASS,,,,,,,,,Oct 4 2019 5:07:05.0270 PM,Oct 4 2019 5:07:05.0550 PM,.0281
Auth_Check,Auth_Check,[P203] aid tx bd 9 2 24 71 4 10 23,sendCommandChars,PASS,,,,,,,,,Oct 4 2019 5:07:05.0570 PM,Oct 4 2019 5:07:05.0920 PM,.0354
Auth_Check,Auth_Check,P203,read-32,PASS,,,,,,,,,Oct 4 2019 5:07:05.0950 PM,Oct 4 2019 5:07:05.0950 PM,.0002
Auth_Check,Auth_Check,P203,read-33,PASS,,,,,,,,,Oct 4 2019 5:07:05.0960 PM,Oct 4 2019 5:07:05.1250 PM,.0293
Auth_Check,Auth_Check,P203,read-34,PASS,,,,,,,,,Oct 4 2019 5:07:05.1280 PM,Oct 4 2019 5:07:05.1560 PM,.0275
Auth_Check,Auth_Check,[P203] aid tx bd a 2 24 71 4 10 17,sendCommandChars,PASS,,,,,,,,,Oct 4 2019 5:07:05.1570 PM,Oct 4 2019 5:07:05.1910 PM,.0339
Auth_Check,Auth_Check,P203,read-35,PASS,,,,,,,,,Oct 4 2019 5:07:05.1940 PM,Oct 4 2019 5:07:05.1940 PM,.0001
Auth_Check,Auth_Check,P203,read-36,PASS,,,,,,,,,Oct 4 2019 5:07:05.1960 PM,Oct 4 2019 5:07:05.2230 PM,.0273
Auth_Check,Auth_Check,[P203] aid tx bd b 3 24 71 4 10 0 32,sendCommandChars,PASS,,,,,,,,,Oct 4 2019 5:07:05.2240 PM,Oct 4 2019 5:07:05.2590 PM,.0346
Auth_Check,Auth_Check,P203,read-37,PASS,,,,,,,,,Oct 4 2019 5:07:05.2620 PM,Oct 4 2019 5:07:05.2620 PM,.0001
Auth_Check,Auth_Check,P203,read-38,PASS,,,,,,,,,Oct 4 2019 5:07:05.2630 PM,Oct 4 2019 5:07:05.2860 PM,.0234
Auth_Check,Auth_Check,P203,read-39,PASS,,,,,,,,,Oct 4 2019 5:07:05.2890 PM,Oct 4 2019 5:07:05.3160 PM,.0273
Auth_Check,Auth_Check,[P203] aid tx bd c 2 24 71 4 10 23,sendCommandChars,PASS,,,,,,,,,Oct 4 2019 5:07:05.3180 PM,Oct 4 2019 5:07:05.3390 PM,.0209
Auth_Check,Auth_Check,P203,read-40,PASS,,,,,,,,,Oct 4 2019 5:07:05.3410 PM,Oct 4 2019 5:07:05.3550 PM,.0133
Auth_Check,Auth_Check,P203,read-41,PASS,,,,,,,,,Oct 4 2019 5:07:05.3560 PM,Oct 4 2019 5:07:05.3760 PM,.0204
Auth_Check,Auth_Check,P203,read-42,PASS,,,,,,,,,Oct 4 2019 5:07:05.3780 PM,Oct 4 2019 5:07:05.4070 PM,.0283
Auth_Check,Auth_Check,[P203] aid tx bd d 2 24 71 4 10 23,sendCommandChars,PASS,,,,,,,,,Oct 4 2019 5:07:05.4080 PM,Oct 4 2019 5:07:05.4440 PM,.0359
Auth_Check,Auth_Check,P203,read-43,PASS,,,,,,,,,Oct 4 2019 5:07:05.4470 PM,Oct 4 2019 5:07:05.4470 PM,.0002
Auth_Check,Auth_Check,P203,read-44,PASS,,,,,,,,,Oct 4 2019 5:07:05.4480 PM,Oct 4 2019 5:07:05.4770 PM,.0289
Auth_Check,Auth_Check,P203,read-45,PASS,,,,,,,,,Oct 4 2019 5:07:05.4790 PM,Oct 4 2019 5:07:05.5070 PM,.0283
Auth_Check,Auth_Check,[P203] aid tx bd e 2 24 71 4 10 23,sendCommandChars,PASS,,,,,,,,,Oct 4 2019 5:07:05.5090 PM,Oct 4 2019 5:07:05.5460 PM,.0371
Auth_Check,Auth_Check,P203,read-46,PASS,,,,,,,,,Oct 4 2019 5:07:05.5490 PM,Oct 4 2019 5:07:05.5490 PM,.0001
Auth_Check,Auth_Check,P203,read-47,PASS,,,,,,,,,Oct 4 2019 5:07:05.5510 PM,Oct 4 2019 5:07:05.5770 PM,.0268
Auth_Check,Auth_Check,P203,read-48,PASS,,,,,,,,,Oct 4 2019 5:07:05.5790 PM,Oct 4 2019 5:07:05.6080 PM,.0281
Auth_Check,Auth_Check,[P203] aid tx bd f 2 24 71 4 10 17,sendCommandChars,PASS,,,,,,,,,Oct 4 2019 5:07:05.6090 PM,Oct 4 2019 5:07:05.6450 PM,.0362
Auth_Check,Auth_Check,P203,read-49,PASS,,,,,,,,,Oct 4 2019 5:07:05.6490 PM,Oct 4 2019 5:07:05.6490 PM,.0001
Auth_Check,Auth_Check,P203,read-50,PASS,,,,,,,,,Oct 4 2019 5:07:05.6500 PM,Oct 4 2019 5:07:05.6780 PM,.0281
Auth_Check,Auth_Check,[P203] aid tx bd 10 3 24 71 4 10 0 33,sendCommandChars,PASS,,,,,,,,,Oct 4 2019 5:07:05.6790 PM,Oct 4 2019 5:07:05.7140 PM,.0347
Auth_Check,Auth_Check,P203,read-51,PASS,,,,,,,,,Oct 4 2019 5:07:05.7170 PM,Oct 4 2019 5:07:05.7170 PM,.0001
Auth_Check,Auth_Check,P203,read-52,PASS,,,,,,,,,Oct 4 2019 5:07:05.7180 PM,Oct 4 2019 5:07:05.7460 PM,.0282
Auth_Check,Auth_Check,P203,read-53,PASS,,,,,,,,,Oct 4 2019 5:07:05.7480 PM,Oct 4 2019 5:07:05.7780 PM,.0301
Auth_Check,Auth_Check,[P203] aid tx bd 11 2 24 71 4 10 23,sendCommandChars,PASS,,,,,,,,,Oct 4 2019 5:07:05.7800 PM,Oct 4 2019 5:07:05.8150 PM,.0355
Auth_Check,Auth_Check,P203,read-54,PASS,,,,,,,,,Oct 4 2019 5:07:05.8180 PM,Oct 4 2019 5:07:05.8180 PM,.0002
Auth_Check,Auth_Check,P203,read-55,PASS,,,,,,,,,Oct 4 2019 5:07:05.8190 PM,Oct 4 2019 5:07:05.8440 PM,.0245
Auth_Check,Auth_Check,P203,read-56,PASS,,,,,,,,,Oct 4 2019 5:07:05.8460 PM,Oct 4 2019 5:07:05.8690 PM,.0225
Auth_Check,Auth_Check,[P203] aid tx bd 12 2 24 71 4 10 23,sendCommandChars,PASS,,,,,,,,,Oct 4 2019 5:07:05.8700 PM,Oct 4 2019 5:07:05.9050 PM,.0348
Auth_Check,Auth_Check,P203,read-57,PASS,,,,,,,,,Oct 4 2019 5:07:05.9080 PM,Oct 4 2019 5:07:05.9080 PM,.0002
Auth_Check,Auth_Check,P203,read-58,PASS,,,,,,,,,Oct 4 2019 5:07:05.9090 PM,Oct 4 2019 5:07:05.9390 PM,.0292
Auth_Check,Auth_Check,P203,read-59,PASS,,,,,,,,,Oct 4 2019 5:07:05.9410 PM,Oct 4 2019 5:07:05.9690 PM,.028
Auth_Check,Auth_Check,[P203] aid tx bd 13 2 24 71 4 10 23,sendCommandChars,PASS,,,,,,,,,Oct 4 2019 5:07:05.9700 PM,Oct 4 2019 5:07:06.0050 PM,.0347
Auth_Check,Auth_Check,P203,read-60,PASS,,,,,,,,,Oct 4 2019 5:07:06.0070 PM,Oct 4 2019 5:07:06.0080 PM,.0001
Auth_Check,Auth_Check,P203,read-61,PASS,,,,,,,,,Oct 4 2019 5:07:06.0090 PM,Oct 4 2019 5:07:06.0390 PM,.0301
Auth_Check,Auth_Check,P203,read-62,PASS,,,,,,,,,Oct 4 2019 5:07:06.0410 PM,Oct 4 2019 5:07:06.0690 PM,.028
Auth_Check,Auth_Check,[P203] aid tx bd 14 2 24 71 4 10 17,sendCommandChars,PASS,,,,,,,,,Oct 4 2019 5:07:06.0700 PM,Oct 4 2019 5:07:06.1060 PM,.0352
Auth_Check,Auth_Check,P203,read-63,PASS,,,,,,,,,Oct 4 2019 5:07:06.1090 PM,Oct 4 2019 5:07:06.1090 PM,.0001
Auth_Check,Auth_Check,P203,read-64,PASS,,,,,,,,,Oct 4 2019 5:07:06.1100 PM,Oct 4 2019 5:07:06.1350 PM,.0248
Auth_Check,Auth_Check,[P203] aid tx bd 15 3 24 71 4 10 0 34,sendCommandChars,PASS,,,,,,,,,Oct 4 2019 5:07:06.1370 PM,Oct 4 2019 5:07:06.1710 PM,.0348
Auth_Check,Auth_Check,P203,read-65,PASS,,,,,,,,,Oct 4 2019 5:07:06.1740 PM,Oct 4 2019 5:07:06.1740 PM,.0001
Auth_Check,Auth_Check,P203,read-66,PASS,,,,,,,,,Oct 4 2019 5:07:06.1760 PM,Oct 4 2019 5:07:06.2000 PM,.0239
Auth_Check,Auth_Check,P203,read-67,PASS,,,,,,,,,Oct 4 2019 5:07:06.2020 PM,Oct 4 2019 5:07:06.2240 PM,.0221
Auth_Check,Auth_Check,[P203] aid tx bd 16 2 24 71 4 10 23,sendCommandChars,PASS,,,,,,,,,Oct 4 2019 5:07:06.2250 PM,Oct 4 2019 5:07:06.2610 PM,.036
Auth_Check,Auth_Check,P203,read-68,PASS,,,,,,,,,Oct 4 2019 5:07:06.2640 PM,Oct 4 2019 5:07:06.2640 PM,.0001
Auth_Check,Auth_Check,P203,read-69,PASS,,,,,,,,,Oct 4 2019 5:07:06.2650 PM,Oct 4 2019 5:07:06.2900 PM,.0244
Auth_Check,Auth_Check,P203,read-70,PASS,,,,,,,,,Oct 4 2019 5:07:06.2920 PM,Oct 4 2019 5:07:06.3200 PM,.0284
Auth_Check,Auth_Check,[P203] aid tx bd 17 2 24 71 4 10 23,sendCommandChars,PASS,,,,,,,,,Oct 4 2019 5:07:06.3220 PM,Oct 4 2019 5:07:06.3570 PM,.0356
Auth_Check,Auth_Check,P203,read-71,PASS,,,,,,,,,Oct 4 2019 5:07:06.3600 PM,Oct 4 2019 5:07:06.3600 PM,.0001
Auth_Check,Auth_Check,P203,read-72,PASS,,,,,,,,,Oct 4 2019 5:07:06.3610 PM,Oct 4 2019 5:07:06.3900 PM,.0291
Auth_Check,Auth_Check,P203,read-73,PASS,,,,,,,,,Oct 4 2019 5:07:06.3930 PM,Oct 4 2019 5:07:06.4210 PM,.0274
Auth_Check,Auth_Check,[P203] aid tx bd 18 2 24 71 4 10 23,sendCommandChars,PASS,,,,,,,,,Oct 4 2019 5:07:06.4220 PM,Oct 4 2019 5:07:06.4570 PM,.0352
Auth_Check,Auth_Check,P203,read-74,PASS,,,,,,,,,Oct 4 2019 5:07:06.4600 PM,Oct 4 2019 5:07:06.4600 PM,.0002
Auth_Check,Auth_Check,P203,read-75,PASS,,,,,,,,,Oct 4 2019 5:07:06.4610 PM,Oct 4 2019 5:07:06.4910 PM,.0295
Auth_Check,Auth_Check,P203,read-76,PASS,,,,,,,,,Oct 4 2019 5:07:06.4930 PM,Oct 4 2019 5:07:06.5210 PM,.0282
Auth_Check,Auth_Check,[P203] aid tx bd 19 2 24 71 4 10 17,sendCommandChars,PASS,,,,,,,,,Oct 4 2019 5:07:06.5220 PM,Oct 4 2019 5:07:06.5580 PM,.0355
Auth_Check,Auth_Check,P203,read-77,PASS,,,,,,,,,Oct 4 2019 5:07:06.5610 PM,Oct 4 2019 5:07:06.5610 PM,.0001
Auth_Check,Auth_Check,P203,read-78,PASS,,,,,,,,,Oct 4 2019 5:07:06.5630 PM,Oct 4 2019 5:07:06.5910 PM,.0287
Auth_Check,Auth_Check,[P203] aid tx bd 1a 3 24 71 4 10 0 35,sendCommandChars,PASS,,,,,,,,,Oct 4 2019 5:07:06.5930 PM,Oct 4 2019 5:07:06.6270 PM,.034
Auth_Check,Auth_Check,P203,read-79,PASS,,,,,,,,,Oct 4 2019 5:07:06.6290 PM,Oct 4 2019 5:07:06.6300 PM,.0001
Auth_Check,Auth_Check,P203,read-80,PASS,,,,,,,,,Oct 4 2019 5:07:06.6310 PM,Oct 4 2019 5:07:06.6520 PM,.0208
Auth_Check,Auth_Check,P203,read-81,PASS,,,,,,,,,Oct 4 2019 5:07:06.6540 PM,Oct 4 2019 5:07:06.6820 PM,.0281
Auth_Check,Auth_Check,[P203] aid tx bd 1b 2 24 71 4 10 23,sendCommandChars,PASS,,,,,,,,,Oct 4 2019 5:07:06.6830 PM,Oct 4 2019 5:07:06.7190 PM,.0356
Auth_Check,Auth_Check,P203,read-82,PASS,,,,,,,,,Oct 4 2019 5:07:06.7210 PM,Oct 4 2019 5:07:06.7220 PM,.0003
Auth_Check,Auth_Check,P203,read-83,PASS,,,,,,,,,Oct 4 2019 5:07:06.7240 PM,Oct 4 2019 5:07:06.7520 PM,.0282
Auth_Check,Auth_Check,P203,read-84,PASS,,,,,,,,,Oct 4 2019 5:07:06.7540 PM,Oct 4 2019 5:07:06.7820 PM,.0282
Auth_Check,Auth_Check,[P203] aid tx bd 1c 2 24 71 4 10 23,sendCommandChars,PASS,,,,,,,,,Oct 4 2019 5:07:06.7830 PM,Oct 4 2019 5:07:06.8200 PM,.0361
Auth_Check,Auth_Check,P203,read-85,PASS,,,,,,,,,Oct 4 2019 5:07:06.8220 PM,Oct 4 2019 5:07:06.8220 PM,.0001
Auth_Check,Auth_Check,P203,read-86,PASS,,,,,,,,,Oct 4 2019 5:07:06.8240 PM,Oct 4 2019 5:07:06.8520 PM,.0287
Auth_Check,Auth_Check,P203,read-87,PASS,,,,,,,,,Oct 4 2019 5:07:06.8540 PM,Oct 4 2019 5:07:06.8830 PM,.0284
Auth_Check,Auth_Check,[P203] aid tx bd 1d 2 24 71 4 10 1a,sendCommandChars,PASS,,,,,,,,,Oct 4 2019 5:07:06.8840 PM,Oct 4 2019 5:07:06.9200 PM,.0354
Auth_Check,Auth_Check,3. Fetch cert,,PASS,,,,,,,,,Oct 4 2019 5:07:06.9210 PM,Oct 4 2019 5:07:06.9210 PM,0
Auth_Check,Auth_Check,IOFileHandle,writeCertFile,PASS,,,,,,,,,Oct 4 2019 5:07:06.9240 PM,Oct 4 2019 5:07:06.9300 PM,.006
Auth_Check,Auth_Check,4. Save cert,,PASS,,,,,,,,,Oct 4 2019 5:07:06.9320 PM,Oct 4 2019 5:07:06.9320 PM,0
Auth_Check,Auth_Check,[Hid] /usr/local/bin/mfi-cert validate-cert v3 /Users/gdlocal/Intelli_Log/cert.der,,PASS,,,,,,,,,Oct 4 2019 5:07:06.9750 PM,Oct 4 2019 5:07:06.9750 PM,0
Auth_Check,Auth_Check,IOFileHandle,writeToFile,PASS,,,,,,,,,Oct 4 2019 5:07:06.9770 PM,Oct 4 2019 5:07:06.9770 PM,.0001
Auth_Check,Auth_Check,5. Validate cert,,PASS,,,,,,,,,Oct 4 2019 5:07:06.9780 PM,Oct 4 2019 5:07:06.9780 PM,0
Auth_Check,Auth_Check,[Hid] /usr/local/bin/mfi-cert gen-challenge /Users/gdlocal/Intelli_Log/cert.der /Users/gdlocal/Intelli_Log/challenge.bin,,PASS,,,,,,,,,Oct 4 2019 5:07:07.0160 PM,Oct 4 2019 5:07:07.0160 PM,0
Auth_Check,Auth_Check,IOFileHandle,writeToFile-2,PASS,,,,,,,,,Oct 4 2019 5:07:07.0170 PM,Oct 4 2019 5:07:07.0180 PM,.0001
Auth_Check,Auth_Check,6. Generate challenge,,PASS,,,,,,,,,Oct 4 2019 5:07:07.0180 PM,Oct 4 2019 5:07:07.0180 PM,0
Auth_Check,Auth_Check,P203,read-88,PASS,,,,,,,,,Oct 4 2019 5:07:07.0280 PM,Oct 4 2019 5:07:07.0280 PM,.0002
Auth_Check,Auth_Check,P203,read-89,PASS,,,,,,,,,Oct 4 2019 5:07:07.0290 PM,Oct 4 2019 5:07:07.0530 PM,.0241
Auth_Check,Auth_Check,[P203] aid tx bd 1e 5 24 71 4 10 0 20 00 20,sendCommandChars,PASS,,,,,,,,,Oct 4 2019 5:07:07.0560 PM,Oct 4 2019 5:07:07.0940 PM,.0385
Auth_Check,Auth_Check,P203,read-90,PASS,,,,,,,,,Oct 4 2019 5:07:07.0980 PM,Oct 4 2019 5:07:07.0980 PM,.0002
Auth_Check,Auth_Check,P203,read-91,PASS,,,,,,,,,Oct 4 2019 5:07:07.1000 PM,Oct 4 2019 5:07:07.1230 PM,.0233
Auth_Check,Auth_Check,[P203] aid tx bd 1f 23 24 71 4 10 0 21 47 68 e8 51 ff e1 a4 09 15 21 6e 53 36 69 21 8a 5e 2a 39 17 7f 2d b5 a3 bd b7 05 49 90 62 7a dd,sendCommandChars,PASS,,,,,,,,,Oct 4 2019 5:07:07.1250 PM,Oct 4 2019 5:07:07.2010 PM,.0763
Auth_Check,Auth_Check,P203,read-92,PASS,,,,,,,,,Oct 4 2019 5:07:07.2040 PM,Oct 4 2019 5:07:07.2040 PM,.0002
Auth_Check,Auth_Check,P203,read-93,PASS,,,,,,,,,Oct 4 2019 5:07:07.2060 PM,Oct 4 2019 5:07:07.2340 PM,.028
Auth_Check,Auth_Check,[P203] aid tx bd 20 4 24 71 4 10 0 10 01,sendCommandChars,PASS,,,,,,,,,Oct 4 2019 5:07:07.2350 PM,Oct 4 2019 5:07:07.2710 PM,.0357
Auth_Check,Auth_Check,P203,read-94,PASS,,,,,,,,,Oct 4 2019 5:07:07.8480 PM,Oct 4 2019 5:07:07.8480 PM,.0001
Auth_Check,Auth_Check,P203,read-95,PASS,,,,,,,,,Oct 4 2019 5:07:07.8500 PM,Oct 4 2019 5:07:07.8770 PM,.0276
Auth_Check,Auth_Check,[P203] aid tx bd 21 3 24 71 4 10 0 10,sendCommandChars,PASS,,,,,,,,,Oct 4 2019 5:07:07.8790 PM,Oct 4 2019 5:07:07.9440 PM,.0652
Auth_Check,Auth_Check,P203,read-96,PASS,,,,,,,,,Oct 4 2019 5:07:07.9460 PM,Oct 4 2019 5:07:07.9470 PM,.0001
Auth_Check,Auth_Check,P203,read-97,PASS,,,,,,,,,Oct 4 2019 5:07:07.9480 PM,Oct 4 2019 5:07:07.9780 PM,.03
Auth_Check,Auth_Check,P203,read-98,PASS,,,,,,,,,Oct 4 2019 5:07:07.9800 PM,Oct 4 2019 5:07:08.0030 PM,.023
Auth_Check,Auth_Check,[P203] aid tx bd 22 2 24 71 4 10 1,sendCommandChars,PASS,,,,,,,,,Oct 4 2019 5:07:08.0040 PM,Oct 4 2019 5:07:08.0400 PM,.0352
Auth_Check,Auth_Check,7. Send challenge,,PASS,,,,,,,,,Oct 4 2019 5:07:08.0420 PM,Oct 4 2019 5:07:08.0420 PM,0
Auth_Check,Auth_Check,P203,read-99,PASS,,,,,,,,,Oct 4 2019 5:07:08.0430 PM,Oct 4 2019 5:07:08.0440 PM,.0002
Auth_Check,Auth_Check,P203,read-100,PASS,,,,,,,,,Oct 4 2019 5:07:08.0450 PM,Oct 4 2019 5:07:08.0680 PM,.0232
Auth_Check,Auth_Check,[P203] aid tx bd 23 3 24 71 4 10 0 11,sendCommandChars,PASS,,,,,,,,,Oct 4 2019 5:07:08.0700 PM,Oct 4 2019 5:07:08.1060 PM,.036
Auth_Check,Auth_Check,P203,read-101,PASS,,,,,,,,,Oct 4 2019 5:07:08.1080 PM,Oct 4 2019 5:07:08.1080 PM,.0002
Auth_Check,Auth_Check,P203,read-102,PASS,,,,,,,,,Oct 4 2019 5:07:08.1090 PM,Oct 4 2019 5:07:08.1380 PM,.0287
Auth_Check,Auth_Check,P203,read-103,PASS,,,,,,,,,Oct 4 2019 5:07:08.1430 PM,Oct 4 2019 5:07:08.1680 PM,.0256
Auth_Check,Auth_Check,[P203] aid tx bd 24 2 24 71 4 10 2,sendCommandChars,PASS,,,,,,,,,Oct 4 2019 5:07:08.1700 PM,Oct 4 2019 5:07:08.2040 PM,.0342
Auth_Check,Auth_Check,P203,read-104,PASS,,,,,,,,,Oct 4 2019 5:07:08.2080 PM,Oct 4 2019 5:07:08.2080 PM,.0001
Auth_Check,Auth_Check,P203,read-105,PASS,,,,,,,,,Oct 4 2019 5:07:08.2090 PM,Oct 4 2019 5:07:08.2390 PM,.0298
Auth_Check,Auth_Check,[P203] aid tx bd 25 3 24 71 4 10 0 12,sendCommandChars,PASS,,,,,,,,,Oct 4 2019 5:07:08.2400 PM,Oct 4 2019 5:07:08.2760 PM,.0358
Auth_Check,Auth_Check,P203,read-106,PASS,,,,,,,,,Oct 4 2019 5:07:08.2790 PM,Oct 4 2019 5:07:08.2790 PM,.0001
Auth_Check,Auth_Check,P203,read-107,PASS,,,,,,,,,Oct 4 2019 5:07:08.2800 PM,Oct 4 2019 5:07:08.3090 PM,.0291
Auth_Check,Auth_Check,P203,read-108,PASS,,,,,,,,,Oct 4 2019 5:07:08.3110 PM,Oct 4 2019 5:07:08.3390 PM,.0283
Auth_Check,Auth_Check,[P203] aid tx bd 26 2 24 71 4 10 23,sendCommandChars,PASS,,,,,,,,,Oct 4 2019 5:07:08.3410 PM,Oct 4 2019 5:07:08.3750 PM,.0346
Auth_Check,Auth_Check,P203,read-109,PASS,,,,,,,,,Oct 4 2019 5:07:08.3780 PM,Oct 4 2019 5:07:08.3780 PM,.0001
Auth_Check,Auth_Check,P203,read-110,PASS,,,,,,,,,Oct 4 2019 5:07:08.3790 PM,Oct 4 2019 5:07:08.4100 PM,.0302
Auth_Check,Auth_Check,P203,read-111,PASS,,,,,,,,,Oct 4 2019 5:07:08.4120 PM,Oct 4 2019 5:07:08.4400 PM,.028
Auth_Check,Auth_Check,[P203] aid tx bd 27 2 24 71 4 10 1d,sendCommandChars,PASS,,,,,,,,,Oct 4 2019 5:07:08.4410 PM,Oct 4 2019 5:07:08.4770 PM,.0358
Auth_Check,Auth_Check,IOFileHandle,writeCertFile-2,PASS,,,,,,,,,Oct 4 2019 5:07:08.4800 PM,Oct 4 2019 5:07:08.4810 PM,.0009
Auth_Check,Auth_Check,8. Get challenge response,,PASS,,,,,,,,,Oct 4 2019 5:07:08.4820 PM,Oct 4 2019 5:07:08.4820 PM,0
Auth_Check,Auth_Check,[Hid] /usr/local/bin/mfi-cert verify-response /Users/gdlocal/Intelli_Log/cert.der /Users/gdlocal/Intelli_Log/challenge.bin /Users/gdlocal/Intelli_Log/challenge_resp.bin,,PASS,,,,,,,,,Oct 4 2019 5:07:08.5480 PM,Oct 4 2019 5:07:08.5480 PM,0
Auth_Check,Auth_Check,IOFileHandle,writeToFile-3,PASS,,,,,,,,,Oct 4 2019 5:07:08.5490 PM,Oct 4 2019 5:07:08.5490 PM,.0001
Auth_Check,Auth_Check,9. Verify challenge response,,PASS,,,,,,,,,Oct 4 2019 5:07:08.5500 PM,Oct 4 2019 5:07:08.5500 PM,0
Query_MLB_SN,,,,,,,,,,,,,Oct 4 2019 5:07:08.5620 PM,Oct 4 2019 5:07:08.5620 PM,.0005
Query_MLB_SN,Query_MLB_SN,Query MLB SN,DLX938400D8N4732X,PASS,,,,,,,,,Oct 4 2019 5:07:08.5620 PM,Oct 4 2019 5:07:08.5620 PM,0
Read_MLB_SN,,,,,,,,,,,,,Oct 4 2019 5:07:08.5640 PM,Oct 4 2019 5:07:09.6070 PM,1.0426
Read_MLB_SN,Read_MLB_SN,[Hid] /usr/local/bin/hidreport -v 0x05ac -p 0x026F -i 0 get 0x12,,PASS,,,,,,,,,Oct 4 2019 5:07:09.2350 PM,Oct 4 2019 5:07:09.2350 PM,0
Read_MLB_SN,Read_MLB_SN,IOFileHandle,writeToFile,PASS,,,,,,,,,Oct 4 2019 5:07:09.2370 PM,Oct 4 2019 5:07:09.2370 PM,.0002
Read_MLB_SN,Read_MLB_SN,Read_MLB_SN,DLX938400D8N4732X,PASS,,,,,,,,,Oct 4 2019 5:07:09.6060 PM,Oct 4 2019 5:07:09.6060 PM,0
Check_MLB_SN,,,,,,,,,,,,,Oct 4 2019 5:07:09.6090 PM,Oct 4 2019 5:07:09.6110 PM,.0018
Check_MLB_SN,Check_MLB_SN,Check_MLB_SN,,PASS,,,,,,,,,Oct 4 2019 5:07:09.6090 PM,Oct 4 2019 5:07:09.6090 PM,0
Check_MLB_SN,Check_MLB_SN,StationReportPlugin,appendReportData,PASS,,,,,,,,,Oct 4 2019 5:07:09.6100 PM,Oct 4 2019 5:07:09.6100 PM,0
Read_STFW_Version_Before_DL,,,,,,,,,,,,,Oct 4 2019 5:07:09.6130 PM,Oct 4 2019 5:07:10.0880 PM,.4756
Read_STFW_Version_Before_DL,Read_STFW_Version_Before_DL,[Hid] /usr/local/bin/hidreport -p 0x026F -i 0 get 0xB4,,PASS,,,,,,,,,Oct 4 2019 5:07:09.7150 PM,Oct 4 2019 5:07:09.7150 PM,0
Read_STFW_Version_Before_DL,Read_STFW_Version_Before_DL,IOFileHandle,writeToFile,PASS,,,,,,,,,Oct 4 2019 5:07:09.7170 PM,Oct 4 2019 5:07:09.7170 PM,.0001
Read_STFW_Version_Before_DL,Read_STFW_Version_Before_DL,Read_STFW_Version_Before_DL,0x0160,PASS,,,,,,,,,Oct 4 2019 5:07:10.0880 PM,Oct 4 2019 5:07:10.0880 PM,0
Read_STFW_Version_Before_DL,Read_STFW_Version_Before_DL,,,PASS,,352,NA,,,,,NA,Oct 4 2019 5:07:10.0880 PM,Oct 4 2019 5:07:10.0880 PM,0
Read_MTFW_Version_Before_DL,,,,,,,,,,,,,Oct 4 2019 5:07:10.0910 PM,Oct 4 2019 5:07:10.5210 PM,.4297
Read_MTFW_Version_Before_DL,Read_MTFW_Version_Before_DL,[Hid] /usr/local/bin/hidreport -p 0x026F -i 0 get 0xbb,,PASS,,,,,,,,,Oct 4 2019 5:07:10.1460 PM,Oct 4 2019 5:07:10.1460 PM,0
Read_MTFW_Version_Before_DL,Read_MTFW_Version_Before_DL,IOFileHandle,writeToFile,PASS,,,,,,,,,Oct 4 2019 5:07:10.1480 PM,Oct 4 2019 5:07:10.1480 PM,.0001
Read_MTFW_Version_Before_DL,Read_MTFW_Version_Before_DL,Read_MTFW_Version_Before_DL,0x0505,PASS,,,,,,,,,Oct 4 2019 5:07:10.5200 PM,Oct 4 2019 5:07:10.5200 PM,0
Read_MTFW_Version_Before_DL,Read_MTFW_Version_Before_DL,,,PASS,,1285,NA,,,,,NA,Oct 4 2019 5:07:10.5200 PM,Oct 4 2019 5:07:10.5200 PM,0
Read_CCG3_FW_Version,,,,,,,,,,,,,Oct 4 2019 5:07:10.5230 PM,Oct 4 2019 5:07:11.4950 PM,.9722
Read_CCG3_FW_Version,Read_CCG3_FW_Version,"[Hid] /usr/local/bin/hidreport -v 0x05ac -p 0x026F -usage 0xff00,0xb set 0xCE 0xCE 6 6 0",,PASS,,,,,,,,,Oct 4 2019 5:07:10.6200 PM,Oct 4 2019 5:07:10.6200 PM,0
Read_CCG3_FW_Version,Read_CCG3_FW_Version,IOFileHandle,writeToFile,PASS,,,,,,,,,Oct 4 2019 5:07:10.6220 PM,Oct 4 2019 5:07:10.6220 PM,.0002
Read_CCG3_FW_Version,Read_CCG3_FW_Version,"[Hid] /usr/local/bin/hidreport -p 0x026F -usage 0xff00,0xb get 0xA0",,PASS,,,,,,,,,Oct 4 2019 5:07:11.1200 PM,Oct 4 2019 5:07:11.1200 PM,0
Read_CCG3_FW_Version,Read_CCG3_FW_Version,IOFileHandle,writeToFile-2,PASS,,,,,,,,,Oct 4 2019 5:07:11.1210 PM,Oct 4 2019 5:07:11.1210 PM,.0001
Read_CCG3_FW_Version,Read_CCG3_FW_Version,Read_CCG3_FW_Version,A0 02 00 0B 00 0B 00 0B,PASS,,,,,,,,,Oct 4 2019 5:07:11.4950 PM,Oct 4 2019 5:07:11.4950 PM,0
Program_STFW,,,,,,,,,,,,,Oct 4 2019 5:07:11.4980 PM,Oct 4 2019 5:07:53.5000 PM,42.0022
Program_STFW,Program_STFW,[Hid] /usr/local/bin/hidreport -p 0x026F -i 0 get 0xBC,,PASS,,,,,,,,,Oct 4 2019 5:07:11.6000 PM,Oct 4 2019 5:07:11.6000 PM,0
Program_STFW,Program_STFW,IOFileHandle,writeToFile,PASS,,,,,,,,,Oct 4 2019 5:07:11.6020 PM,Oct 4 2019 5:07:11.6020 PM,.0002
Program_STFW,Program_STFW,[P203] ,sendCommand,PASS,,,,,,,,,Oct 4 2019 5:07:11.9790 PM,Oct 4 2019 5:07:11.9800 PM,.0008
Program_STFW,Program_STFW,[P203] flags ~ro,sendCommandChars,PASS,,,,,,,,,Oct 4 2019 5:07:11.9810 PM,Oct 4 2019 5:07:11.9920 PM,.0109
Program_STFW,Program_STFW,P203,read,PASS,,,,,,,,,Oct 4 2019 5:07:11.9930 PM,Oct 4 2019 5:07:11.9930 PM,.0001
Program_STFW,Program_STFW,P203,read-2,PASS,,,,,,,,,Oct 4 2019 5:07:11.9950 PM,Oct 4 2019 5:07:11.9950 PM,.0001
Program_STFW,Program_STFW,P203,read-3,PASS,,,,,,,,,Oct 4 2019 5:07:11.9960 PM,Oct 4 2019 5:07:11.9960 PM,.0001
Program_STFW,Program_STFW,P203,read-4,PASS,,,,,,,,,Oct 4 2019 5:07:11.9970 PM,Oct 4 2019 5:07:12.0200 PM,.0225
Program_STFW,Program_STFW,[P203] aid hsena 1,sendCommandChars,PASS,,,,,,,,,Oct 4 2019 5:07:12.0210 PM,Oct 4 2019 5:07:12.0560 PM,.0344
Program_STFW,Program_STFW,P203,read-5,PASS,,,,,,,,,Oct 4 2019 5:07:12.0570 PM,Oct 4 2019 5:07:12.0570 PM,.0001
Program_STFW,Program_STFW,P203,read-6,PASS,,,,,,,,,Oct 4 2019 5:07:12.0580 PM,Oct 4 2019 5:07:12.0880 PM,.0298
Program_STFW,Program_STFW,HSAID enabled,,PASS,,,,,,,,,Oct 4 2019 5:07:12.0890 PM,Oct 4 2019 5:07:12.0890 PM,0
Program_STFW,Program_STFW,[Hid] /usr/local/bin/shfuc -n -v 0x05ac -p 0x026F -f /usr/local/bin/R128-v0x0160-dev-signed.128.P2.afu,,PASS,,,,,,,,,Oct 4 2019 5:07:43.8710 PM,Oct 4 2019 5:07:43.8710 PM,0
Program_STFW,Program_STFW,IOFileHandle,writeToFile-2,PASS,,,,,,,,,Oct 4 2019 5:07:43.8730 PM,Oct 4 2019 5:07:43.8730 PM,.0002
Program_STFW,Program_STFW,Program_STFW,,PASS,,,,,,,,,Oct 4 2019 5:07:44.2410 PM,Oct 4 2019 5:07:44.2410 PM,0
Program_STFW,Program_STFW,StationReportPlugin,appendReportData,PASS,,,,,,,,,Oct 4 2019 5:07:44.2430 PM,Oct 4 2019 5:07:44.2430 PM,0
Program_STFW,Program_STFW,[Fixture] power off,sendCommand,PASS,,,,,,,,,Oct 4 2019 5:07:47.3120 PM,Oct 4 2019 5:07:47.3280 PM,.0159
Program_STFW,Program_STFW,[Fixture] power on,sendCommand,PASS,,,,,,,,,Oct 4 2019 5:07:48.4050 PM,Oct 4 2019 5:07:48.4130 PM,.0087
Program_STFW,Program_STFW,[P203] ,sendCommand-2,PASS,,,,,,,,,Oct 4 2019 5:07:53.4890 PM,Oct 4 2019 5:07:53.4990 PM,.0108
Program_MTFW,,,,,,,,,,,,,Oct 4 2019 5:07:53.5040 PM,Oct 4 2019 5:08:18.9970 PM,25.4939
Program_MTFW,Program_MTFW,[Hid] /usr/local/bin/hidreport -p 0x026F -i 0 get 0xBC,,PASS,,,,,,,,,Oct 4 2019 5:07:53.5530 PM,Oct 4 2019 5:07:53.5530 PM,0
Program_MTFW,Program_MTFW,IOFileHandle,writeToFile,PASS,,,,,,,,,Oct 4 2019 5:07:53.5540 PM,Oct 4 2019 5:07:53.5550 PM,.0001
Program_MTFW,Program_MTFW,[P203] ,sendCommand,PASS,,,,,,,,,Oct 4 2019 5:07:53.9310 PM,Oct 4 2019 5:07:53.9320 PM,.0008
Program_MTFW,Program_MTFW,[P203] flags ~ro,sendCommandChars,PASS,,,,,,,,,Oct 4 2019 5:07:53.9330 PM,Oct 4 2019 5:07:53.9470 PM,.0132
Program_MTFW,Program_MTFW,P203,read,PASS,,,,,,,,,Oct 4 2019 5:07:53.9480 PM,Oct 4 2019 5:07:53.9480 PM,.0001
Program_MTFW,Program_MTFW,P203,read-2,PASS,,,,,,,,,Oct 4 2019 5:07:53.9490 PM,Oct 4 2019 5:07:53.9500 PM,.0001
Program_MTFW,Program_MTFW,P203,read-3,PASS,,,,,,,,,Oct 4 2019 5:07:53.9510 PM,Oct 4 2019 5:07:53.9510 PM,.0001
Program_MTFW,Program_MTFW,P203,read-4,PASS,,,,,,,,,Oct 4 2019 5:07:53.9520 PM,Oct 4 2019 5:07:53.9780 PM,.0263
Program_MTFW,Program_MTFW,[P203] aid hsena 1,sendCommandChars,PASS,,,,,,,,,Oct 4 2019 5:07:53.9800 PM,Oct 4 2019 5:07:54.0110 PM,.0306
Program_MTFW,Program_MTFW,P203,read-5,PASS,,,,,,,,,Oct 4 2019 5:07:54.0120 PM,Oct 4 2019 5:07:54.0120 PM,.0001
Program_MTFW,Program_MTFW,P203,read-6,PASS,,,,,,,,,Oct 4 2019 5:07:54.0140 PM,Oct 4 2019 5:07:54.0400 PM,.027
Program_MTFW,Program_MTFW,HSAID enabled,,PASS,,,,,,,,,Oct 4 2019 5:07:54.0410 PM,Oct 4 2019 5:07:54.0410 PM,0
Program_MTFW,Program_MTFW,[Hid] /usr/local/bin/shfuc -n -v 0x05ac -p 0x026F -f /usr/local/bin/R128-MTFW-0x0505.HW3.dev-sig.afu,,PASS,,,,,,,,,Oct 4 2019 5:08:02.3710 PM,Oct 4 2019 5:08:02.3710 PM,0
Program_MTFW,Program_MTFW,IOFileHandle,writeToFile-2,PASS,,,,,,,,,Oct 4 2019 5:08:02.3720 PM,Oct 4 2019 5:08:02.3720 PM,.0001
Program_MTFW,Program_MTFW,Program_MTFW,,PASS,,,,,,,,,Oct 4 2019 5:08:02.7480 PM,Oct 4 2019 5:08:02.7480 PM,0
Program_MTFW,Program_MTFW,StationReportPlugin,appendReportData,PASS,,,,,,,,,Oct 4 2019 5:08:02.7490 PM,Oct 4 2019 5:08:02.7490 PM,0
Program_MTFW,Program_MTFW,[Fixture] power off,sendCommand,PASS,,,,,,,,,Oct 4 2019 5:08:12.8190 PM,Oct 4 2019 5:08:12.8380 PM,.0189
Program_MTFW,Program_MTFW,[Fixture] power on,sendCommand,PASS,,,,,,,,,Oct 4 2019 5:08:13.9140 PM,Oct 4 2019 5:08:13.9230 PM,.0095
Program_MTFW,Program_MTFW,[P203] ,sendCommand-2,PASS,,,,,,,,,Oct 4 2019 5:08:18.9920 PM,Oct 4 2019 5:08:18.9970 PM,.0047
Read_STFW_Version_After_DL,,,,,,,,,,,,,Oct 4 2019 5:08:19.0010 PM,Oct 4 2019 5:08:19.4280 PM,.4277
Read_STFW_Version_After_DL,Read_STFW_Version_After_DL,[Hid] /usr/local/bin/hidreport -p 0x026F -i 0 get 0xB4,,PASS,,,,,,,,,Oct 4 2019 5:08:19.0530 PM,Oct 4 2019 5:08:19.0530 PM,0
Read_STFW_Version_After_DL,Read_STFW_Version_After_DL,IOFileHandle,writeToFile,PASS,,,,,,,,,Oct 4 2019 5:08:19.0560 PM,Oct 4 2019 5:08:19.0560 PM,.0002
Read_STFW_Version_After_DL,Read_STFW_Version_After_DL,Read_STFW_Version_After_DL,0x0160,PASS,,,,,,,,,Oct 4 2019 5:08:19.4280 PM,Oct 4 2019 5:08:19.4280 PM,0
Read_STFW_Version_After_DL,Read_STFW_Version_After_DL,,,PASS,,352,NA,352,352,,,NA,Oct 4 2019 5:08:19.4280 PM,Oct 4 2019 5:08:19.4280 PM,0
Read_MTFW_Version_After_DL,,,,,,,,,,,,,Oct 4 2019 5:08:19.4310 PM,Oct 4 2019 5:08:19.8560 PM,.4248
Read_MTFW_Version_After_DL,Read_MTFW_Version_After_DL,[Hid] /usr/local/bin/hidreport -p 0x026F -i 0 get 0xbb,,PASS,,,,,,,,,Oct 4 2019 5:08:19.4860 PM,Oct 4 2019 5:08:19.4860 PM,0
Read_MTFW_Version_After_DL,Read_MTFW_Version_After_DL,IOFileHandle,writeToFile,PASS,,,,,,,,,Oct 4 2019 5:08:19.4880 PM,Oct 4 2019 5:08:19.4880 PM,.0001
Read_MTFW_Version_After_DL,Read_MTFW_Version_After_DL,Read_MTFW_Version_After_DL,0x0505,PASS,,,,,,,,,Oct 4 2019 5:08:19.8550 PM,Oct 4 2019 5:08:19.8550 PM,0
Read_MTFW_Version_After_DL,Read_MTFW_Version_After_DL,,,PASS,,1285,,1285,1285,,,,Oct 4 2019 5:08:19.8560 PM,Oct 4 2019 5:08:19.8560 PM,0
Finish_DRCB,,,,,,,,,,,,,Oct 4 2019 5:08:19.8580 PM,Oct 4 2019 5:08:20.5270 PM,.6689
Finish_DRCB,Finish_DRCB,DRCB,Finish,PASS,,,,,,,,,Oct 4 2019 5:08:19.8600 PM,Oct 4 2019 5:08:20.5260 PM,.6667
Fixture_reset,,,,,,,,,,,,,Oct 4 2019 5:08:20.5300 PM,Oct 4 2019 5:08:20.6930 PM,.1631
Fixture_reset,Fixture_reset,[Fixture] Retract pogo,sendCommand,PASS,,,,,,,,,Oct 4 2019 5:08:20.5310 PM,Oct 4 2019 5:08:20.6920 PM,.1611
