Test,Plugin,Command,Status,Info,Start Time,End Time,Duration (s)
Scan_SN,com.apple.hwte.atlas.AppPlugin,show-form,PASS,,Oct 4 2019 5:06:35.9420 PM,Oct 4 2019 5:06:40.2690 PM,4.3271
Fixture_init,Fixture,changeDelimiter,PASS,,Oct 4 2019 5:06:40.2740 PM,Oct 4 2019 5:06:40.2740 PM,.0001
Fixture_init,Fixture,changeLineTerminator,PASS,,Oct 4 2019 5:06:40.2760 PM,Oct 4 2019 5:06:40.2760 PM,0
Fixture_init,Fixture,open,PASS,,Oct 4 2019 5:06:40.2780 PM,Oct 4 2019 5:06:41.8720 PM,1.5943
Fixture_init,Fixture,read,PASS,,Oct 4 2019 5:06:41.8740 PM,Oct 4 2019 5:06:41.9010 PM,.0276
Fixture_init,P203,changeDelimiter,PASS,,Oct 4 2019 5:06:41.9030 PM,Oct 4 2019 5:06:41.9030 PM,.0001
Fixture_init,P203,changeLineTerminator,PASS,,Oct 4 2019 5:06:41.9050 PM,Oct 4 2019 5:06:41.9050 PM,0
Fixture_init,P203,open,PASS,,Oct 4 2019 5:06:41.9070 PM,Oct 4 2019 5:06:43.5040 PM,1.5976
Fixture_init,P203,read,PASS,,Oct 4 2019 5:06:43.5060 PM,Oct 4 2019 5:06:43.5300 PM,.0243
Fixture_init,Fixture,sendCommand,PASS,,Oct 4 2019 5:06:43.5320 PM,Oct 4 2019 5:06:43.5380 PM,.006
Fixture_init,Fixture,sendCommand,PASS,,Oct 4 2019 5:06:43.5400 PM,Oct 4 2019 5:06:43.5570 PM,.0173
Fixture_init,P203,sendCommand,PASS,,Oct 4 2019 5:06:44.6260 PM,Oct 4 2019 5:06:44.6420 PM,.0161
Fixture_init,Fixture,sendCommand,PASS,,Oct 4 2019 5:06:44.6430 PM,Oct 4 2019 5:06:44.7030 PM,.0595
Fixture_init,IOFileHandle,writeToFile,PASS,,Oct 4 2019 5:06:47.8080 PM,Oct 4 2019 5:06:47.8080 PM,.0005
Fixture_init,IOFileHandle,writeToFile,PASS,,Oct 4 2019 5:06:48.4230 PM,Oct 4 2019 5:06:48.4230 PM,.0002
Fixture_init,IOFileHandle,writeToFile,PASS,,Oct 4 2019 5:06:49.0280 PM,Oct 4 2019 5:06:49.0280 PM,.0002
Fixture_init,Fixture,sendCommand,PASS,,Oct 4 2019 5:06:49.6030 PM,Oct 4 2019 5:06:49.6190 PM,.0168
Fixture_init,Fixture,sendCommand,PASS,,Oct 4 2019 5:06:50.6950 PM,Oct 4 2019 5:06:50.7050 PM,.0102
Fixture_init,P203,sendCommand,PASS,,Oct 4 2019 5:06:55.7810 PM,Oct 4 2019 5:06:55.7820 PM,.0009
Fixture_init,IOFileHandle,writeToFile,PASS,,Oct 4 2019 5:06:55.8230 PM,Oct 4 2019 5:06:55.8230 PM,.0002
Fixture_init,StationReportPlugin,isReporting,PASS,,Oct 4 2019 5:06:55.8260 PM,Oct 4 2019 5:06:55.8260 PM,0
EP_DISABLE_TP,IOFileHandle,writeToFile,PASS,,Oct 4 2019 5:06:55.8850 PM,Oct 4 2019 5:06:55.8850 PM,.0002
EP_DISABLE_TP,IOFileHandle,writeToFile,PASS,,Oct 4 2019 5:06:56.3440 PM,Oct 4 2019 5:06:56.3460 PM,.0018
EP_DISABLE_TP,IOFileHandle,writeToFile,PASS,,Oct 4 2019 5:06:57.0490 PM,Oct 4 2019 5:06:57.0490 PM,.0001
EP_DISABLE_TP,Fixture,sendCommand,PASS,,Oct 4 2019 5:06:57.4190 PM,Oct 4 2019 5:06:57.4260 PM,.0071
EP_DISABLE_TP,Fixture,sendCommand,PASS,,Oct 4 2019 5:06:58.4950 PM,Oct 4 2019 5:06:58.5110 PM,.0164
EP_DISABLE_TP,P203,sendCommand,PASS,,Oct 4 2019 5:07:03.5810 PM,Oct 4 2019 5:07:03.5820 PM,.001
EP_DISABLE_TP,IOFileHandle,writeToFile,PASS,,Oct 4 2019 5:07:03.6240 PM,Oct 4 2019 5:07:03.6240 PM,.0001
Start_Data_Reporting,DRCB,startDataReporting,PASS,,Oct 4 2019 5:07:03.6330 PM,Oct 4 2019 5:07:03.6430 PM,.0098
Get_SFC_Info,SFCSupport,getAttribute,PASS,,Oct 4 2019 5:07:03.6480 PM,Oct 4 2019 5:07:03.6740 PM,.0258
Get_SFC_Info,SFCSupport,getAttribute,PASS,,Oct 4 2019 5:07:03.6760 PM,Oct 4 2019 5:07:03.6810 PM,.005
Get_SFC_Info,SFCSupport,getAttribute,PASS,,Oct 4 2019 5:07:03.6830 PM,Oct 4 2019 5:07:03.6880 PM,.0047
Get_SFC_Info,SFCSupport,getAttribute,PASS,,Oct 4 2019 5:07:03.6930 PM,Oct 4 2019 5:07:03.6970 PM,.004
Start_Control_Bit,DRCB,startControlBits,PASS,,Oct 4 2019 5:07:03.7220 PM,Oct 4 2019 5:07:04.0440 PM,.3221
P203_FW,P203,read,PASS,,Oct 4 2019 5:07:04.0480 PM,Oct 4 2019 5:07:04.0480 PM,.0002
P203_FW,P203,read,PASS,,Oct 4 2019 5:07:04.0500 PM,Oct 4 2019 5:07:04.0500 PM,.0003
P203_FW,P203,read,PASS,,Oct 4 2019 5:07:04.0510 PM,Oct 4 2019 5:07:04.0520 PM,.0003
P203_FW,P203,read,PASS,,Oct 4 2019 5:07:04.0530 PM,Oct 4 2019 5:07:04.0740 PM,.0208
P203_FW,P203,sendCommand,PASS,,Oct 4 2019 5:07:04.0760 PM,Oct 4 2019 5:07:04.0840 PM,.0076
Auth_Check,P203,read,PASS,,Oct 4 2019 5:07:04.0890 PM,Oct 4 2019 5:07:04.0890 PM,.0002
Auth_Check,P203,read,PASS,,Oct 4 2019 5:07:04.0910 PM,Oct 4 2019 5:07:04.1110 PM,.0206
Auth_Check,P203,sendCommandChars,PASS,,Oct 4 2019 5:07:04.1130 PM,Oct 4 2019 5:07:04.1810 PM,.0679
Auth_Check,P203,read,PASS,,Oct 4 2019 5:07:04.1860 PM,Oct 4 2019 5:07:04.1860 PM,.0003
Auth_Check,P203,read,PASS,,Oct 4 2019 5:07:04.1880 PM,Oct 4 2019 5:07:04.2120 PM,.0232
Auth_Check,P203,sendCommandChars,PASS,,Oct 4 2019 5:07:04.2130 PM,Oct 4 2019 5:07:04.2480 PM,.0346
Auth_Check,P203,read,PASS,,Oct 4 2019 5:07:04.2500 PM,Oct 4 2019 5:07:04.2500 PM,.0002
Auth_Check,P203,read,PASS,,Oct 4 2019 5:07:04.2510 PM,Oct 4 2019 5:07:04.2720 PM,.0206
Auth_Check,P203,sendCommandChars,PASS,,Oct 4 2019 5:07:04.2730 PM,Oct 4 2019 5:07:04.2940 PM,.0207
Auth_Check,P203,read,PASS,,Oct 4 2019 5:07:04.2980 PM,Oct 4 2019 5:07:04.3090 PM,.0114
Auth_Check,P203,read,PASS,,Oct 4 2019 5:07:04.3110 PM,Oct 4 2019 5:07:04.3320 PM,.0215
Auth_Check,P203,sendCommandChars,PASS,,Oct 4 2019 5:07:04.3340 PM,Oct 4 2019 5:07:04.3540 PM,.0205
Auth_Check,P203,read,PASS,,Oct 4 2019 5:07:04.3560 PM,Oct 4 2019 5:07:04.3570 PM,.0002
Auth_Check,P203,read,PASS,,Oct 4 2019 5:07:04.3580 PM,Oct 4 2019 5:07:04.3800 PM,.0219
Auth_Check,P203,sendCommandChars,PASS,,Oct 4 2019 5:07:04.3810 PM,Oct 4 2019 5:07:04.4170 PM,.0362
Auth_Check,P203,read,PASS,,Oct 4 2019 5:07:04.4200 PM,Oct 4 2019 5:07:04.4200 PM,.0002
Auth_Check,P203,read,PASS,,Oct 4 2019 5:07:04.4210 PM,Oct 4 2019 5:07:04.4460 PM,.0249
Auth_Check,P203,sendCommandChars,PASS,,Oct 4 2019 5:07:04.4480 PM,Oct 4 2019 5:07:04.4830 PM,.0353
Auth_Check,P203,read,PASS,,Oct 4 2019 5:07:04.4860 PM,Oct 4 2019 5:07:04.4860 PM,.0002
Auth_Check,P203,read,PASS,,Oct 4 2019 5:07:04.4870 PM,Oct 4 2019 5:07:04.5080 PM,.0207
Auth_Check,P203,read,PASS,,Oct 4 2019 5:07:04.5100 PM,Oct 4 2019 5:07:04.5330 PM,.0234
Auth_Check,P203,sendCommandChars,PASS,,Oct 4 2019 5:07:04.5340 PM,Oct 4 2019 5:07:04.5670 PM,.0328
Auth_Check,P203,read,PASS,,Oct 4 2019 5:07:04.5710 PM,Oct 4 2019 5:07:04.5710 PM,.0002
Auth_Check,P203,read,PASS,,Oct 4 2019 5:07:04.5720 PM,Oct 4 2019 5:07:04.5930 PM,.0211
Auth_Check,P203,sendCommandChars,PASS,,Oct 4 2019 5:07:04.5950 PM,Oct 4 2019 5:07:04.6300 PM,.0352
Auth_Check,P203,read,PASS,,Oct 4 2019 5:07:04.6330 PM,Oct 4 2019 5:07:04.6330 PM,.0002
Auth_Check,P203,read,PASS,,Oct 4 2019 5:07:04.6340 PM,Oct 4 2019 5:07:04.6640 PM,.0294
Auth_Check,P203,read,PASS,,Oct 4 2019 5:07:04.6650 PM,Oct 4 2019 5:07:04.6940 PM,.0283
Auth_Check,P203,sendCommandChars,PASS,,Oct 4 2019 5:07:04.6950 PM,Oct 4 2019 5:07:04.7300 PM,.0346
Auth_Check,P203,read,PASS,,Oct 4 2019 5:07:04.7330 PM,Oct 4 2019 5:07:04.7330 PM,.0001
Auth_Check,P203,read,PASS,,Oct 4 2019 5:07:04.7350 PM,Oct 4 2019 5:07:04.7640 PM,.0289
Auth_Check,P203,sendCommandChars,PASS,,Oct 4 2019 5:07:04.7650 PM,Oct 4 2019 5:07:04.8010 PM,.0352
Auth_Check,P203,read,PASS,,Oct 4 2019 5:07:04.8030 PM,Oct 4 2019 5:07:04.8030 PM,.0002
Auth_Check,P203,read,PASS,,Oct 4 2019 5:07:04.8040 PM,Oct 4 2019 5:07:04.8340 PM,.0298
Auth_Check,P203,read,PASS,,Oct 4 2019 5:07:04.8360 PM,Oct 4 2019 5:07:04.8640 PM,.0282
Auth_Check,P203,sendCommandChars,PASS,,Oct 4 2019 5:07:04.8660 PM,Oct 4 2019 5:07:04.9010 PM,.0347
Auth_Check,P203,read,PASS,,Oct 4 2019 5:07:04.9030 PM,Oct 4 2019 5:07:04.9030 PM,.0002
Auth_Check,P203,read,PASS,,Oct 4 2019 5:07:04.9050 PM,Oct 4 2019 5:07:04.9350 PM,.0301
Auth_Check,P203,read,PASS,,Oct 4 2019 5:07:04.9370 PM,Oct 4 2019 5:07:04.9650 PM,.0282
Auth_Check,P203,sendCommandChars,PASS,,Oct 4 2019 5:07:04.9660 PM,Oct 4 2019 5:07:05.0010 PM,.0345
Auth_Check,P203,read,PASS,,Oct 4 2019 5:07:05.0030 PM,Oct 4 2019 5:07:05.0030 PM,.0002
Auth_Check,P203,read,PASS,,Oct 4 2019 5:07:05.0040 PM,Oct 4 2019 5:07:05.0250 PM,.0208
Auth_Check,P203,read,PASS,,Oct 4 2019 5:07:05.0270 PM,Oct 4 2019 5:07:05.0550 PM,.0282
Auth_Check,P203,sendCommandChars,PASS,,Oct 4 2019 5:07:05.0570 PM,Oct 4 2019 5:07:05.0920 PM,.0354
Auth_Check,P203,read,PASS,,Oct 4 2019 5:07:05.0950 PM,Oct 4 2019 5:07:05.0950 PM,.0002
Auth_Check,P203,read,PASS,,Oct 4 2019 5:07:05.0960 PM,Oct 4 2019 5:07:05.1260 PM,.0293
Auth_Check,P203,read,PASS,,Oct 4 2019 5:07:05.1280 PM,Oct 4 2019 5:07:05.1560 PM,.0275
Auth_Check,P203,sendCommandChars,PASS,,Oct 4 2019 5:07:05.1570 PM,Oct 4 2019 5:07:05.1910 PM,.0339
Auth_Check,P203,read,PASS,,Oct 4 2019 5:07:05.1940 PM,Oct 4 2019 5:07:05.1940 PM,.0001
Auth_Check,P203,read,PASS,,Oct 4 2019 5:07:05.1960 PM,Oct 4 2019 5:07:05.2230 PM,.0273
Auth_Check,P203,sendCommandChars,PASS,,Oct 4 2019 5:07:05.2240 PM,Oct 4 2019 5:07:05.2590 PM,.0346
Auth_Check,P203,read,PASS,,Oct 4 2019 5:07:05.2620 PM,Oct 4 2019 5:07:05.2620 PM,.0001
Auth_Check,P203,read,PASS,,Oct 4 2019 5:07:05.2630 PM,Oct 4 2019 5:07:05.2860 PM,.0234
Auth_Check,P203,read,PASS,,Oct 4 2019 5:07:05.2890 PM,Oct 4 2019 5:07:05.3160 PM,.0273
Auth_Check,P203,sendCommandChars,PASS,,Oct 4 2019 5:07:05.3180 PM,Oct 4 2019 5:07:05.3390 PM,.0209
Auth_Check,P203,read,PASS,,Oct 4 2019 5:07:05.3410 PM,Oct 4 2019 5:07:05.3550 PM,.0133
Auth_Check,P203,read,PASS,,Oct 4 2019 5:07:05.3560 PM,Oct 4 2019 5:07:05.3760 PM,.0204
Auth_Check,P203,read,PASS,,Oct 4 2019 5:07:05.3780 PM,Oct 4 2019 5:07:05.4070 PM,.0283
Auth_Check,P203,sendCommandChars,PASS,,Oct 4 2019 5:07:05.4080 PM,Oct 4 2019 5:07:05.4440 PM,.0359
Auth_Check,P203,read,PASS,,Oct 4 2019 5:07:05.4470 PM,Oct 4 2019 5:07:05.4470 PM,.0002
Auth_Check,P203,read,PASS,,Oct 4 2019 5:07:05.4480 PM,Oct 4 2019 5:07:05.4770 PM,.0289
Auth_Check,P203,read,PASS,,Oct 4 2019 5:07:05.4790 PM,Oct 4 2019 5:07:05.5070 PM,.0284
Auth_Check,P203,sendCommandChars,PASS,,Oct 4 2019 5:07:05.5090 PM,Oct 4 2019 5:07:05.5470 PM,.0371
Auth_Check,P203,read,PASS,,Oct 4 2019 5:07:05.5490 PM,Oct 4 2019 5:07:05.5490 PM,.0002
Auth_Check,P203,read,PASS,,Oct 4 2019 5:07:05.5510 PM,Oct 4 2019 5:07:05.5770 PM,.0269
Auth_Check,P203,read,PASS,,Oct 4 2019 5:07:05.5790 PM,Oct 4 2019 5:07:05.6080 PM,.0282
Auth_Check,P203,sendCommandChars,PASS,,Oct 4 2019 5:07:05.6090 PM,Oct 4 2019 5:07:05.6450 PM,.0363
Auth_Check,P203,read,PASS,,Oct 4 2019 5:07:05.6490 PM,Oct 4 2019 5:07:05.6490 PM,.0001
Auth_Check,P203,read,PASS,,Oct 4 2019 5:07:05.6500 PM,Oct 4 2019 5:07:05.6780 PM,.0281
Auth_Check,P203,sendCommandChars,PASS,,Oct 4 2019 5:07:05.6790 PM,Oct 4 2019 5:07:05.7140 PM,.0347
Auth_Check,P203,read,PASS,,Oct 4 2019 5:07:05.7170 PM,Oct 4 2019 5:07:05.7170 PM,.0001
Auth_Check,P203,read,PASS,,Oct 4 2019 5:07:05.7180 PM,Oct 4 2019 5:07:05.7460 PM,.0282
Auth_Check,P203,read,PASS,,Oct 4 2019 5:07:05.7480 PM,Oct 4 2019 5:07:05.7780 PM,.0301
Auth_Check,P203,sendCommandChars,PASS,,Oct 4 2019 5:07:05.7800 PM,Oct 4 2019 5:07:05.8150 PM,.0355
Auth_Check,P203,read,PASS,,Oct 4 2019 5:07:05.8180 PM,Oct 4 2019 5:07:05.8180 PM,.0002
Auth_Check,P203,read,PASS,,Oct 4 2019 5:07:05.8190 PM,Oct 4 2019 5:07:05.8440 PM,.0245
Auth_Check,P203,read,PASS,,Oct 4 2019 5:07:05.8460 PM,Oct 4 2019 5:07:05.8690 PM,.0226
Auth_Check,P203,sendCommandChars,PASS,,Oct 4 2019 5:07:05.8700 PM,Oct 4 2019 5:07:05.9050 PM,.0348
Auth_Check,P203,read,PASS,,Oct 4 2019 5:07:05.9080 PM,Oct 4 2019 5:07:05.9080 PM,.0002
Auth_Check,P203,read,PASS,,Oct 4 2019 5:07:05.9090 PM,Oct 4 2019 5:07:05.9390 PM,.0293
Auth_Check,P203,read,PASS,,Oct 4 2019 5:07:05.9410 PM,Oct 4 2019 5:07:05.9690 PM,.0281
Auth_Check,P203,sendCommandChars,PASS,,Oct 4 2019 5:07:05.9700 PM,Oct 4 2019 5:07:06.0050 PM,.0348
Auth_Check,P203,read,PASS,,Oct 4 2019 5:07:06.0070 PM,Oct 4 2019 5:07:06.0080 PM,.0001
Auth_Check,P203,read,PASS,,Oct 4 2019 5:07:06.0090 PM,Oct 4 2019 5:07:06.0390 PM,.0301
Auth_Check,P203,read,PASS,,Oct 4 2019 5:07:06.0410 PM,Oct 4 2019 5:07:06.0690 PM,.0281
Auth_Check,P203,sendCommandChars,PASS,,Oct 4 2019 5:07:06.0700 PM,Oct 4 2019 5:07:06.1060 PM,.0352
Auth_Check,P203,read,PASS,,Oct 4 2019 5:07:06.1090 PM,Oct 4 2019 5:07:06.1090 PM,.0001
Auth_Check,P203,read,PASS,,Oct 4 2019 5:07:06.1100 PM,Oct 4 2019 5:07:06.1350 PM,.0248
Auth_Check,P203,sendCommandChars,PASS,,Oct 4 2019 5:07:06.1370 PM,Oct 4 2019 5:07:06.1710 PM,.0349
Auth_Check,P203,read,PASS,,Oct 4 2019 5:07:06.1740 PM,Oct 4 2019 5:07:06.1740 PM,.0002
Auth_Check,P203,read,PASS,,Oct 4 2019 5:07:06.1760 PM,Oct 4 2019 5:07:06.2000 PM,.0239
Auth_Check,P203,read,PASS,,Oct 4 2019 5:07:06.2020 PM,Oct 4 2019 5:07:06.2240 PM,.0222
Auth_Check,P203,sendCommandChars,PASS,,Oct 4 2019 5:07:06.2250 PM,Oct 4 2019 5:07:06.2610 PM,.0361
Auth_Check,P203,read,PASS,,Oct 4 2019 5:07:06.2640 PM,Oct 4 2019 5:07:06.2640 PM,.0002
Auth_Check,P203,read,PASS,,Oct 4 2019 5:07:06.2650 PM,Oct 4 2019 5:07:06.2900 PM,.0244
Auth_Check,P203,read,PASS,,Oct 4 2019 5:07:06.2920 PM,Oct 4 2019 5:07:06.3200 PM,.0284
Auth_Check,P203,sendCommandChars,PASS,,Oct 4 2019 5:07:06.3220 PM,Oct 4 2019 5:07:06.3570 PM,.0356
Auth_Check,P203,read,PASS,,Oct 4 2019 5:07:06.3600 PM,Oct 4 2019 5:07:06.3600 PM,.0001
Auth_Check,P203,read,PASS,,Oct 4 2019 5:07:06.3610 PM,Oct 4 2019 5:07:06.3900 PM,.0291
Auth_Check,P203,read,PASS,,Oct 4 2019 5:07:06.3930 PM,Oct 4 2019 5:07:06.4210 PM,.0274
Auth_Check,P203,sendCommandChars,PASS,,Oct 4 2019 5:07:06.4220 PM,Oct 4 2019 5:07:06.4570 PM,.0352
Auth_Check,P203,read,PASS,,Oct 4 2019 5:07:06.4600 PM,Oct 4 2019 5:07:06.4600 PM,.0002
Auth_Check,P203,read,PASS,,Oct 4 2019 5:07:06.4610 PM,Oct 4 2019 5:07:06.4910 PM,.0295
Auth_Check,P203,read,PASS,,Oct 4 2019 5:07:06.4930 PM,Oct 4 2019 5:07:06.5210 PM,.0283
Auth_Check,P203,sendCommandChars,PASS,,Oct 4 2019 5:07:06.5220 PM,Oct 4 2019 5:07:06.5580 PM,.0356
Auth_Check,P203,read,PASS,,Oct 4 2019 5:07:06.5610 PM,Oct 4 2019 5:07:06.5610 PM,.0002
Auth_Check,P203,read,PASS,,Oct 4 2019 5:07:06.5630 PM,Oct 4 2019 5:07:06.5910 PM,.0287
Auth_Check,P203,sendCommandChars,PASS,,Oct 4 2019 5:07:06.5930 PM,Oct 4 2019 5:07:06.6270 PM,.0341
Auth_Check,P203,read,PASS,,Oct 4 2019 5:07:06.6290 PM,Oct 4 2019 5:07:06.6300 PM,.0002
Auth_Check,P203,read,PASS,,Oct 4 2019 5:07:06.6310 PM,Oct 4 2019 5:07:06.6520 PM,.0208
Auth_Check,P203,read,PASS,,Oct 4 2019 5:07:06.6540 PM,Oct 4 2019 5:07:06.6820 PM,.0282
Auth_Check,P203,sendCommandChars,PASS,,Oct 4 2019 5:07:06.6830 PM,Oct 4 2019 5:07:06.7190 PM,.0356
Auth_Check,P203,read,PASS,,Oct 4 2019 5:07:06.7210 PM,Oct 4 2019 5:07:06.7220 PM,.0003
Auth_Check,P203,read,PASS,,Oct 4 2019 5:07:06.7240 PM,Oct 4 2019 5:07:06.7520 PM,.0282
Auth_Check,P203,read,PASS,,Oct 4 2019 5:07:06.7540 PM,Oct 4 2019 5:07:06.7820 PM,.0282
Auth_Check,P203,sendCommandChars,PASS,,Oct 4 2019 5:07:06.7830 PM,Oct 4 2019 5:07:06.8200 PM,.0362
Auth_Check,P203,read,PASS,,Oct 4 2019 5:07:06.8220 PM,Oct 4 2019 5:07:06.8220 PM,.0002
Auth_Check,P203,read,PASS,,Oct 4 2019 5:07:06.8240 PM,Oct 4 2019 5:07:06.8520 PM,.0288
Auth_Check,P203,read,PASS,,Oct 4 2019 5:07:06.8540 PM,Oct 4 2019 5:07:06.8830 PM,.0284
Auth_Check,P203,sendCommandChars,PASS,,Oct 4 2019 5:07:06.8840 PM,Oct 4 2019 5:07:06.9200 PM,.0354
Auth_Check,IOFileHandle,writeCertFile,PASS,,Oct 4 2019 5:07:06.9240 PM,Oct 4 2019 5:07:06.9300 PM,.006
Auth_Check,IOFileHandle,writeToFile,PASS,,Oct 4 2019 5:07:06.9770 PM,Oct 4 2019 5:07:06.9770 PM,.0002
Auth_Check,IOFileHandle,writeToFile,PASS,,Oct 4 2019 5:07:07.0170 PM,Oct 4 2019 5:07:07.0180 PM,.0001
Auth_Check,P203,read,PASS,,Oct 4 2019 5:07:07.0280 PM,Oct 4 2019 5:07:07.0280 PM,.0002
Auth_Check,P203,read,PASS,,Oct 4 2019 5:07:07.0290 PM,Oct 4 2019 5:07:07.0530 PM,.0241
Auth_Check,P203,sendCommandChars,PASS,,Oct 4 2019 5:07:07.0560 PM,Oct 4 2019 5:07:07.0940 PM,.0385
Auth_Check,P203,read,PASS,,Oct 4 2019 5:07:07.0980 PM,Oct 4 2019 5:07:07.0980 PM,.0002
Auth_Check,P203,read,PASS,,Oct 4 2019 5:07:07.1000 PM,Oct 4 2019 5:07:07.1230 PM,.0233
Auth_Check,P203,sendCommandChars,PASS,,Oct 4 2019 5:07:07.1250 PM,Oct 4 2019 5:07:07.2010 PM,.0764
Auth_Check,P203,read,PASS,,Oct 4 2019 5:07:07.2040 PM,Oct 4 2019 5:07:07.2050 PM,.0002
Auth_Check,P203,read,PASS,,Oct 4 2019 5:07:07.2060 PM,Oct 4 2019 5:07:07.2340 PM,.028
Auth_Check,P203,sendCommandChars,PASS,,Oct 4 2019 5:07:07.2350 PM,Oct 4 2019 5:07:07.2710 PM,.0358
Auth_Check,P203,read,PASS,,Oct 4 2019 5:07:07.8480 PM,Oct 4 2019 5:07:07.8480 PM,.0002
Auth_Check,P203,read,PASS,,Oct 4 2019 5:07:07.8500 PM,Oct 4 2019 5:07:07.8770 PM,.0277
Auth_Check,P203,sendCommandChars,PASS,,Oct 4 2019 5:07:07.8790 PM,Oct 4 2019 5:07:07.9440 PM,.0652
Auth_Check,P203,read,PASS,,Oct 4 2019 5:07:07.9460 PM,Oct 4 2019 5:07:07.9470 PM,.0001
Auth_Check,P203,read,PASS,,Oct 4 2019 5:07:07.9480 PM,Oct 4 2019 5:07:07.9780 PM,.03
Auth_Check,P203,read,PASS,,Oct 4 2019 5:07:07.9800 PM,Oct 4 2019 5:07:08.0030 PM,.023
Auth_Check,P203,sendCommandChars,PASS,,Oct 4 2019 5:07:08.0040 PM,Oct 4 2019 5:07:08.0400 PM,.0352
Auth_Check,P203,read,PASS,,Oct 4 2019 5:07:08.0430 PM,Oct 4 2019 5:07:08.0440 PM,.0002
Auth_Check,P203,read,PASS,,Oct 4 2019 5:07:08.0450 PM,Oct 4 2019 5:07:08.0680 PM,.0232
Auth_Check,P203,sendCommandChars,PASS,,Oct 4 2019 5:07:08.0700 PM,Oct 4 2019 5:07:08.1060 PM,.036
Auth_Check,P203,read,PASS,,Oct 4 2019 5:07:08.1080 PM,Oct 4 2019 5:07:08.1080 PM,.0002
Auth_Check,P203,read,PASS,,Oct 4 2019 5:07:08.1090 PM,Oct 4 2019 5:07:08.1380 PM,.0287
Auth_Check,P203,read,PASS,,Oct 4 2019 5:07:08.1430 PM,Oct 4 2019 5:07:08.1690 PM,.0256
Auth_Check,P203,sendCommandChars,PASS,,Oct 4 2019 5:07:08.1700 PM,Oct 4 2019 5:07:08.2040 PM,.0343
Auth_Check,P203,read,PASS,,Oct 4 2019 5:07:08.2080 PM,Oct 4 2019 5:07:08.2080 PM,.0001
Auth_Check,P203,read,PASS,,Oct 4 2019 5:07:08.2090 PM,Oct 4 2019 5:07:08.2390 PM,.0299
Auth_Check,P203,sendCommandChars,PASS,,Oct 4 2019 5:07:08.2400 PM,Oct 4 2019 5:07:08.2760 PM,.0359
Auth_Check,P203,read,PASS,,Oct 4 2019 5:07:08.2790 PM,Oct 4 2019 5:07:08.2790 PM,.0001
Auth_Check,P203,read,PASS,,Oct 4 2019 5:07:08.2800 PM,Oct 4 2019 5:07:08.3090 PM,.0291
Auth_Check,P203,read,PASS,,Oct 4 2019 5:07:08.3110 PM,Oct 4 2019 5:07:08.3390 PM,.0283
Auth_Check,P203,sendCommandChars,PASS,,Oct 4 2019 5:07:08.3410 PM,Oct 4 2019 5:07:08.3750 PM,.0346
Auth_Check,P203,read,PASS,,Oct 4 2019 5:07:08.3780 PM,Oct 4 2019 5:07:08.3780 PM,.0002
Auth_Check,P203,read,PASS,,Oct 4 2019 5:07:08.3790 PM,Oct 4 2019 5:07:08.4100 PM,.0302
Auth_Check,P203,read,PASS,,Oct 4 2019 5:07:08.4120 PM,Oct 4 2019 5:07:08.4400 PM,.028
Auth_Check,P203,sendCommandChars,PASS,,Oct 4 2019 5:07:08.4410 PM,Oct 4 2019 5:07:08.4770 PM,.0358
Auth_Check,IOFileHandle,writeCertFile,PASS,,Oct 4 2019 5:07:08.4800 PM,Oct 4 2019 5:07:08.4810 PM,.0009
Auth_Check,IOFileHandle,writeToFile,PASS,,Oct 4 2019 5:07:08.5490 PM,Oct 4 2019 5:07:08.5490 PM,.0002
Read_MLB_SN,IOFileHandle,writeToFile,PASS,,Oct 4 2019 5:07:09.2370 PM,Oct 4 2019 5:07:09.2370 PM,.0002
Check_MLB_SN,StationReportPlugin,appendReportData,PASS,,Oct 4 2019 5:07:09.6100 PM,Oct 4 2019 5:07:09.6100 PM,0
Read_STFW_Version_Before_DL,IOFileHandle,writeToFile,PASS,,Oct 4 2019 5:07:09.7170 PM,Oct 4 2019 5:07:09.7170 PM,.0002
Read_MTFW_Version_Before_DL,IOFileHandle,writeToFile,PASS,,Oct 4 2019 5:07:10.1480 PM,Oct 4 2019 5:07:10.1480 PM,.0002
Read_CCG3_FW_Version,IOFileHandle,writeToFile,PASS,,Oct 4 2019 5:07:10.6220 PM,Oct 4 2019 5:07:10.6220 PM,.0002
Read_CCG3_FW_Version,IOFileHandle,writeToFile,PASS,,Oct 4 2019 5:07:11.1210 PM,Oct 4 2019 5:07:11.1220 PM,.0001
Program_STFW,IOFileHandle,writeToFile,PASS,,Oct 4 2019 5:07:11.6020 PM,Oct 4 2019 5:07:11.6020 PM,.0002
Program_STFW,P203,sendCommand,PASS,,Oct 4 2019 5:07:11.9790 PM,Oct 4 2019 5:07:11.9800 PM,.0008
Program_STFW,P203,sendCommandChars,PASS,,Oct 4 2019 5:07:11.9810 PM,Oct 4 2019 5:07:11.9920 PM,.0109
Program_STFW,P203,read,PASS,,Oct 4 2019 5:07:11.9930 PM,Oct 4 2019 5:07:11.9930 PM,.0001
Program_STFW,P203,read,PASS,,Oct 4 2019 5:07:11.9950 PM,Oct 4 2019 5:07:11.9950 PM,.0001
Program_STFW,P203,read,PASS,,Oct 4 2019 5:07:11.9960 PM,Oct 4 2019 5:07:11.9960 PM,.0002
Program_STFW,P203,read,PASS,,Oct 4 2019 5:07:11.9970 PM,Oct 4 2019 5:07:12.0200 PM,.0225
Program_STFW,P203,sendCommandChars,PASS,,Oct 4 2019 5:07:12.0210 PM,Oct 4 2019 5:07:12.0560 PM,.0345
Program_STFW,P203,read,PASS,,Oct 4 2019 5:07:12.0570 PM,Oct 4 2019 5:07:12.0570 PM,.0001
Program_STFW,P203,read,PASS,,Oct 4 2019 5:07:12.0580 PM,Oct 4 2019 5:07:12.0880 PM,.0299
Program_STFW,IOFileHandle,writeToFile,PASS,,Oct 4 2019 5:07:43.8730 PM,Oct 4 2019 5:07:43.8730 PM,.0002
Program_STFW,StationReportPlugin,appendReportData,PASS,,Oct 4 2019 5:07:44.2430 PM,Oct 4 2019 5:07:44.2430 PM,0
Program_STFW,Fixture,sendCommand,PASS,,Oct 4 2019 5:07:47.3120 PM,Oct 4 2019 5:07:47.3280 PM,.0159
Program_STFW,Fixture,sendCommand,PASS,,Oct 4 2019 5:07:48.4050 PM,Oct 4 2019 5:07:48.4130 PM,.0087
Program_STFW,P203,sendCommand,PASS,,Oct 4 2019 5:07:53.4890 PM,Oct 4 2019 5:07:53.4990 PM,.0108
Program_MTFW,IOFileHandle,writeToFile,PASS,,Oct 4 2019 5:07:53.5540 PM,Oct 4 2019 5:07:53.5550 PM,.0002
Program_MTFW,P203,sendCommand,PASS,,Oct 4 2019 5:07:53.9310 PM,Oct 4 2019 5:07:53.9320 PM,.0008
Program_MTFW,P203,sendCommandChars,PASS,,Oct 4 2019 5:07:53.9330 PM,Oct 4 2019 5:07:53.9470 PM,.0133
Program_MTFW,P203,read,PASS,,Oct 4 2019 5:07:53.9480 PM,Oct 4 2019 5:07:53.9480 PM,.0001
Program_MTFW,P203,read,PASS,,Oct 4 2019 5:07:53.9490 PM,Oct 4 2019 5:07:53.9500 PM,.0002
Program_MTFW,P203,read,PASS,,Oct 4 2019 5:07:53.9510 PM,Oct 4 2019 5:07:53.9510 PM,.0002
Program_MTFW,P203,read,PASS,,Oct 4 2019 5:07:53.9520 PM,Oct 4 2019 5:07:53.9780 PM,.0263
Program_MTFW,P203,sendCommandChars,PASS,,Oct 4 2019 5:07:53.9800 PM,Oct 4 2019 5:07:54.0110 PM,.0306
Program_MTFW,P203,read,PASS,,Oct 4 2019 5:07:54.0120 PM,Oct 4 2019 5:07:54.0120 PM,.0002
Program_MTFW,P203,read,PASS,,Oct 4 2019 5:07:54.0140 PM,Oct 4 2019 5:07:54.0410 PM,.027
Program_MTFW,IOFileHandle,writeToFile,PASS,,Oct 4 2019 5:08:02.3720 PM,Oct 4 2019 5:08:02.3720 PM,.0002
Program_MTFW,StationReportPlugin,appendReportData,PASS,,Oct 4 2019 5:08:02.7490 PM,Oct 4 2019 5:08:02.7490 PM,0
Program_MTFW,Fixture,sendCommand,PASS,,Oct 4 2019 5:08:12.8190 PM,Oct 4 2019 5:08:12.8380 PM,.0189
Program_MTFW,Fixture,sendCommand,PASS,,Oct 4 2019 5:08:13.9140 PM,Oct 4 2019 5:08:13.9230 PM,.0095
Program_MTFW,P203,sendCommand,PASS,,Oct 4 2019 5:08:18.9920 PM,Oct 4 2019 5:08:18.9970 PM,.0047
Read_STFW_Version_After_DL,IOFileHandle,writeToFile,PASS,,Oct 4 2019 5:08:19.0560 PM,Oct 4 2019 5:08:19.0560 PM,.0002
Read_MTFW_Version_After_DL,IOFileHandle,writeToFile,PASS,,Oct 4 2019 5:08:19.4880 PM,Oct 4 2019 5:08:19.4880 PM,.0002
Finish_DRCB,DRCB,finish,PASS,,Oct 4 2019 5:08:19.8600 PM,Oct 4 2019 5:08:20.5260 PM,.6667
Fixture_reset,Fixture,sendCommand,PASS,,Oct 4 2019 5:08:20.5310 PM,Oct 4 2019 5:08:20.6920 PM,.1611
