document_version, 1.0
station_name,SW-DOWNLOAD
station_id,FXLH_F05-4FT-01_5_SW-DOWNLOAD
station_sw,Atlas
station_sw_version,Atlas

tag,start_time,duration
Read_SN, 1575528907.89, 3.23
Start_Data_Reporting, 1575528911.12, 0.08
Start_Control_Bit, 1575528911.25, 1.13
Read_Bootargs, 1575528912.38, 0.47
Write_Bootargs, 1575528912.85, 0.02
Check_Bootargs, 1575528912.87, 0.01
BUILD_EVENT, 1575528912.88, 0.30
S_BUILD, 1575528913.19, 0.01
WO_SN, 1575528913.20, 0.01
SUB_SN, 1575528913.21, 0.01
UNIT_LBL, 1575528913.21, 0.00
KAI_FW, 1575528913.22, 0.02
Query_MLB_SN, 1575528913.23, 0.00
Read_MLB_SN, 1575528913.24, 1.04
Check_MLB_SN, 1575528914.28, 0.01
Read_STFW_Version_Before_DL, 1575528914.29, 0.44
Read_MTFW_Version_Before_DL, 1575528914.74, 0.43
Read_CCG3FW_Version_Before_DL, 1575528915.16, 1.40
Program_STFW, 1575528916.56, 138.71
Program_MTFW, 1575529055.27, 44.90
Program_CCG3FW, 1575529100.17, 62.15
Read_STFW_Version_After_DL, 1575529162.32, 0.42
Read_MTFW_Version_After_DL, 1575529162.74, 0.42
Read_CCG3FW_Version_After_DL, 1575529163.16, 1.36
Finish_DRCB, 1575529164.52, 0.52
full_test_durations, 1575528907.86, 257.19
