Related Test,Name-1,Name-2,Name-3,Status,Info,Measurement,Units,Upper Limit,Lower Limit,Relaxed Upper Limit,Relaxed Lower Limit,Limit Units,Start Time,End Time,Duration (s)
Read_SN,,,,,,,,,,,,,Dec 5 2019 2:55:07.8920 PM,Dec 5 2019 2:55:11.1200 PM,3.2279
Read_SN,Read_SN,fixture vendor,INN,PASS,,,,,,,,,Dec 5 2019 2:55:08.9660 PM,Dec 5 2019 2:55:08.9660 PM,0
Read_SN,Read_SN,KAI,changeDelimiter,PASS,,,,,,,,,Dec 5 2019 2:55:08.9960 PM,Dec 5 2019 2:55:08.9960 PM,0
Read_SN,Read_SN,KAI,changeLineTerminator,PASS,,,,,,,,,Dec 5 2019 2:55:09.0000 PM,Dec 5 2019 2:55:09.0000 PM,0
Read_SN,Read_SN,KAI,open,PASS,,,,,,,,,Dec 5 2019 2:55:09.0030 PM,Dec 5 2019 2:55:10.6480 PM,1.6451
Read_SN,Read_SN,KAI,read,PASS,,,,,,,,,Dec 5 2019 2:55:10.6510 PM,Dec 5 2019 2:55:10.6890 PM,.0375
Read_SN,Read_SN,StationReportPlugin,isReporting,PASS,,,,,,,,,Dec 5 2019 2:55:10.6940 PM,Dec 5 2019 2:55:10.6940 PM,0
Read_SN,Read_SN,[Hid] /usr/local/bin/hidreport -locationid 0x24410000 -i 0 get 0x11,,PASS,,,,,,,,,Dec 5 2019 2:55:10.7270 PM,Dec 5 2019 2:55:10.7270 PM,0
Read_SN,Read_SN,serialnumber,FTPZP006P3M1,PASS,,,,,,,,,Dec 5 2019 2:55:11.1190 PM,Dec 5 2019 2:55:11.1190 PM,0
Start_Data_Reporting,,,,,,,,,,,,,Dec 5 2019 2:55:11.1250 PM,Dec 5 2019 2:55:11.2020 PM,.0775
Start_Data_Reporting,Start_Data_Reporting,DRCB,StartDataReporting,PASS,,,,,,,,,Dec 5 2019 2:55:11.1320 PM,Dec 5 2019 2:55:11.2000 PM,.0687
Start_Control_Bit,,,,,,,,,,,,,Dec 5 2019 2:55:11.2490 PM,Dec 5 2019 2:55:12.3740 PM,1.125
Start_Control_Bit,Start_Control_Bit,DRCB,StartControlBits,PASS,,,,,,,,,Dec 5 2019 2:55:11.2520 PM,Dec 5 2019 2:55:12.3700 PM,1.1183
Read_Bootargs,,,,,,,,,,,,,Dec 5 2019 2:55:12.3810 PM,Dec 5 2019 2:55:12.8410 PM,.4601
Read_Bootargs,Read_Bootargs,"[Hid] /usr/local/bin/hidreport -locationid 0x24410000 -usage 0xff00,0xb get 0xF1",,PASS,,,,,,,,,Dec 5 2019 2:55:12.4190 PM,Dec 5 2019 2:55:12.4190 PM,0
Read_Bootargs,Read_Bootargs,Read_Bootargs,,PASS,,,,,,,,,Dec 5 2019 2:55:12.8400 PM,Dec 5 2019 2:55:12.8400 PM,0
Write_Bootargs,,,,,,,,,,,,,Dec 5 2019 2:55:12.8560 PM,Dec 5 2019 2:55:12.8570 PM,.001
Write_Bootargs,Write_Bootargs,Bootargs is 2. bypass,,PASS,,,,,,,,,Dec 5 2019 2:55:12.8560 PM,Dec 5 2019 2:55:12.8560 PM,0
Check_Bootargs,,,,,,,,,,,,,Dec 5 2019 2:55:12.8720 PM,Dec 5 2019 2:55:12.8730 PM,.001
Check_Bootargs,Check_Bootargs,Bootargs is 2. bypass,,PASS,,,,,,,,,Dec 5 2019 2:55:12.8720 PM,Dec 5 2019 2:55:12.8720 PM,0
BUILD_EVENT,,,,,,,,,,,,,Dec 5 2019 2:55:12.8840 PM,Dec 5 2019 2:55:13.1810 PM,.2969
BUILD_EVENT,BUILD_EVENT,SFCSupport,getAttributes,PASS,,,,,,,,,Dec 5 2019 2:55:12.9090 PM,Dec 5 2019 2:55:13.0850 PM,.1755
BUILD_EVENT,BUILD_EVENT,SFCSupport,getAttributes-2,PASS,,,,,,,,,Dec 5 2019 2:55:13.0900 PM,Dec 5 2019 2:55:13.0960 PM,.0062
BUILD_EVENT,BUILD_EVENT,SFCSupport,getAttributes-3,PASS,,,,,,,,,Dec 5 2019 2:55:13.1000 PM,Dec 5 2019 2:55:13.1100 PM,.0108
BUILD_EVENT,BUILD_EVENT,SFCSupport,getAttributes-4,PASS,,,,,,,,,Dec 5 2019 2:55:13.1160 PM,Dec 5 2019 2:55:13.1790 PM,.0628
BUILD_EVENT,BUILD_EVENT,Build_EVENT,R128-EVT,PASS,,,,,,,,,Dec 5 2019 2:55:13.1800 PM,Dec 5 2019 2:55:13.1800 PM,0
S_BUILD,,,,,,,,,,,,,Dec 5 2019 2:55:13.1910 PM,Dec 5 2019 2:55:13.1930 PM,.0014
S_BUILD,S_BUILD,S_BUILD,R128-EVT_E2ATH-LTDL2,PASS,,,,,,,,,Dec 5 2019 2:55:13.1920 PM,Dec 5 2019 2:55:13.1920 PM,0
WO_SN,,,,,,,,,,,,,Dec 5 2019 2:55:13.1990 PM,Dec 5 2019 2:55:13.2000 PM,.001
WO_SN,WO_SN,Get wo_no Pass,,PASS,,,,,,,,,Dec 5 2019 2:55:13.2000 PM,Dec 5 2019 2:55:13.2000 PM,0
SUB_SN,,,,,,,,,,,,,Dec 5 2019 2:55:13.2060 PM,Dec 5 2019 2:55:13.2070 PM,.0011
SUB_SN,SUB_SN,Get pansa Pass,,PASS,,,,,,,,,Dec 5 2019 2:55:13.2070 PM,Dec 5 2019 2:55:13.2070 PM,0
UNIT_LBL,,,,,,,,,,,,,Dec 5 2019 2:55:13.2120 PM,Dec 5 2019 2:55:13.2130 PM,.0011
UNIT_LBL,UNIT_LBL,Get unit_lbl Pass,,PASS,,,,,,,,,Dec 5 2019 2:55:13.2130 PM,Dec 5 2019 2:55:13.2130 PM,0
KAI_FW,,,,,,,,,,,,,Dec 5 2019 2:55:13.2160 PM,Dec 5 2019 2:55:13.2270 PM,.0103
KAI_FW,KAI_FW,[KAI] v,sendCommand,PASS,,,,,,,,,Dec 5 2019 2:55:13.2180 PM,Dec 5 2019 2:55:13.2250 PM,.0065
KAI_FW,KAI_FW,KAI_FW,,PASS,,,,,,,,,Dec 5 2019 2:55:13.2260 PM,Dec 5 2019 2:55:13.2260 PM,0
Query_MLB_SN,,,,,,,,,,,,,Dec 5 2019 2:55:13.2330 PM,Dec 5 2019 2:55:13.2330 PM,.0008
Query_MLB_SN,Query_MLB_SN,Query_MLB_SN,DLX94720008N4735X,PASS,,,,,,,,,Dec 5 2019 2:55:13.2330 PM,Dec 5 2019 2:55:13.2330 PM,0
Read_MLB_SN,,,,,,,,,,,,,Dec 5 2019 2:55:13.2380 PM,Dec 5 2019 2:55:14.2760 PM,1.0383
Read_MLB_SN,Read_MLB_SN,[Hid] /usr/local/bin/hidreport -locationid 0x24410000 -v 0x05ac -i 0 get 0x12,,PASS,,,,,,,,,Dec 5 2019 2:55:13.8880 PM,Dec 5 2019 2:55:13.8880 PM,0
Read_MLB_SN,Read_MLB_SN,Read_MLB_SN,DLX94720008N4735X,PASS,,,,,,,,,Dec 5 2019 2:55:14.2750 PM,Dec 5 2019 2:55:14.2750 PM,0
Check_MLB_SN,,,,,,,,,,,,,Dec 5 2019 2:55:14.2820 PM,Dec 5 2019 2:55:14.2870 PM,.0049
Check_MLB_SN,Check_MLB_SN,Check_MLB_SN,,PASS,,,,,,,,,Dec 5 2019 2:55:14.2830 PM,Dec 5 2019 2:55:14.2830 PM,0
Check_MLB_SN,Check_MLB_SN,StationReportPlugin,appendReportData,PASS,,,,,,,,,Dec 5 2019 2:55:14.2860 PM,Dec 5 2019 2:55:14.2860 PM,.0005
Read_STFW_Version_Before_DL,,,,,,,,,,,,,Dec 5 2019 2:55:14.2930 PM,Dec 5 2019 2:55:14.7330 PM,.4404
Read_STFW_Version_Before_DL,Read_STFW_Version_Before_DL,[Hid] /usr/local/bin/hidreport -locationid 0x24410000 -i 0 get 0xB4,,PASS,,,,,,,,,Dec 5 2019 2:55:14.3310 PM,Dec 5 2019 2:55:14.3310 PM,0
Read_STFW_Version_Before_DL,Read_STFW_Version_Before_DL,Read_STFW_Version_Before_DL,0x0270,PASS,,,,,,,,,Dec 5 2019 2:55:14.7320 PM,Dec 5 2019 2:55:14.7320 PM,0
Read_STFW_Version_Before_DL,Read_STFW_Version_Before_DL,,,PASS,,624,,,,,,,Dec 5 2019 2:55:14.7330 PM,Dec 5 2019 2:55:14.7330 PM,0
Read_MTFW_Version_Before_DL,,,,,,,,,,,,,Dec 5 2019 2:55:14.7390 PM,Dec 5 2019 2:55:15.1610 PM,.4223
Read_MTFW_Version_Before_DL,Read_MTFW_Version_Before_DL,[Hid] /usr/local/bin/hidreport -locationid 0x24410000 -i 0 get 0xbb,,PASS,,,,,,,,,Dec 5 2019 2:55:14.7740 PM,Dec 5 2019 2:55:14.7740 PM,0
Read_MTFW_Version_Before_DL,Read_MTFW_Version_Before_DL,Read_MTFW_Version_Before_DL,0x0515,PASS,,,,,,,,,Dec 5 2019 2:55:15.1600 PM,Dec 5 2019 2:55:15.1600 PM,0
Read_MTFW_Version_Before_DL,Read_MTFW_Version_Before_DL,,,PASS,,1301,,,,,,,Dec 5 2019 2:55:15.1600 PM,Dec 5 2019 2:55:15.1600 PM,0
Read_CCG3FW_Version_Before_DL,,,,,,,,,,,,,Dec 5 2019 2:55:15.1670 PM,Dec 5 2019 2:55:16.5560 PM,1.3894
Read_CCG3FW_Version_Before_DL,Read_CCG3FW_Version_Before_DL,"[Hid] /usr/local/bin/hidreport -locationid 0x24410000 -v 0x05ac -usage 0xff00,0xb set 0xCE 0xCE 6 6 0",,PASS,,,,,,,,,Dec 5 2019 2:55:15.2260 PM,Dec 5 2019 2:55:15.2260 PM,0
Read_CCG3FW_Version_Before_DL,Read_CCG3FW_Version_Before_DL,"[Hid] /usr/local/bin/hidreport -locationid 0x24410000 -usage 0xff00,0xb get 0xA0",,PASS,,,,,,,,,Dec 5 2019 2:55:15.6860 PM,Dec 5 2019 2:55:15.6860 PM,0
Read_CCG3FW_Version_Before_DL,Read_CCG3FW_Version_Before_DL,"[Hid] /usr/local/bin/hidreport -locationid 0x24410000 -v 0x05ac -usage 0xff00,0xb set 0xCE 0xCE 6 6 1",,PASS,,,,,,,,,Dec 5 2019 2:55:16.1620 PM,Dec 5 2019 2:55:16.1620 PM,0
Read_CCG3FW_Version_Before_DL,Read_CCG3FW_Version_Before_DL,Read_CCG3FW_Version_Before_DL,A0 02 01 01 02 01 02 01,PASS,,,,,,,,,Dec 5 2019 2:55:16.5550 PM,Dec 5 2019 2:55:16.5550 PM,0
Read_CCG3FW_Version_Before_DL,Read_CCG3FW_Version_Before_DL,,,PASS,,258,,,,,,,Dec 5 2019 2:55:16.5560 PM,Dec 5 2019 2:55:16.5560 PM,0
Program_STFW,,,,,,,,,,,,,Dec 5 2019 2:55:16.5640 PM,Dec 5 2019 2:57:35.2650 PM,138.7002
Program_STFW,Program_STFW,[Hid] /usr/local/bin/unit1Tool/shfuc -l 0x24410000 -n -v 0x05ac -p 0x026F -f /usr/local/bin/R128-v0x0270-dev-signed.R128.EVT.afu,,PASS,,,,,,,,,Dec 5 2019 2:57:21.6020 PM,Dec 5 2019 2:57:21.6020 PM,0
Program_STFW,Program_STFW,Program_STFW,,PASS,,,,,,,,,Dec 5 2019 2:57:21.6180 PM,Dec 5 2019 2:57:21.6180 PM,0
Program_STFW,Program_STFW,StationReportPlugin,appendReportData,PASS,,,,,,,,,Dec 5 2019 2:57:21.6200 PM,Dec 5 2019 2:57:21.6200 PM,.0002
Program_STFW,Program_STFW,[KAI] sys hrst,sendCommand,PASS,,,,,,,,,Dec 5 2019 2:57:26.6980 PM,Dec 5 2019 2:57:26.8060 PM,.1083
Program_STFW,Program_STFW,[KAI] ,sendCommand,PASS,,,,,,,,,Dec 5 2019 2:57:26.8090 PM,Dec 5 2019 2:57:26.8990 PM,.0893
Program_STFW,Program_STFW,[KAI] flags ~ro,sendCommand,PASS,,,,,,,,,Dec 5 2019 2:57:26.9080 PM,Dec 5 2019 2:57:26.9250 PM,.0167
Program_STFW,Program_STFW,[KAI] orion mode 10,sendCommand,PASS,,,,,,,,,Dec 5 2019 2:57:26.9280 PM,Dec 5 2019 2:57:26.9410 PM,.0125
Program_STFW,Program_STFW,[KAI] sys hrst,sendCommand-2,PASS,,,,,,,,,Dec 5 2019 2:57:31.0170 PM,Dec 5 2019 2:57:31.1200 PM,.1038
Program_STFW,Program_STFW,[KAI] ,sendCommand-2,PASS,,,,,,,,,Dec 5 2019 2:57:31.1230 PM,Dec 5 2019 2:57:31.1640 PM,.041
Program_STFW,Program_STFW,[KAI] flags ~ro,sendCommand-2,PASS,,,,,,,,,Dec 5 2019 2:57:31.1670 PM,Dec 5 2019 2:57:31.1800 PM,.0129
Program_STFW,Program_STFW,[KAI] orion mode 10,sendCommand-2,PASS,,,,,,,,,Dec 5 2019 2:57:31.1830 PM,Dec 5 2019 2:57:31.1960 PM,.0135
Program_MTFW,,,,,,,,,,,,,Dec 5 2019 2:57:35.2710 PM,Dec 5 2019 2:58:20.1650 PM,44.8939
Program_MTFW,Program_MTFW,[Hid] /usr/local/bin/unit1Tool/shfuc -l 0x24410000 -n -v 0x05ac -p 0x026F -f /usr/local/bin/R128-MTFW-0x0515.HW4.dev-sig.afu,,PASS,,,,,,,,,Dec 5 2019 2:58:01.6360 PM,Dec 5 2019 2:58:01.6360 PM,0
Program_MTFW,Program_MTFW,Program_MTFW,,PASS,,,,,,,,,Dec 5 2019 2:58:01.6510 PM,Dec 5 2019 2:58:01.6510 PM,0
Program_MTFW,Program_MTFW,StationReportPlugin,appendReportData,PASS,,,,,,,,,Dec 5 2019 2:58:01.6530 PM,Dec 5 2019 2:58:01.6530 PM,.0002
Program_MTFW,Program_MTFW,[KAI] sys hrst,sendCommand,PASS,,,,,,,,,Dec 5 2019 2:58:11.6560 PM,Dec 5 2019 2:58:11.7660 PM,.1103
Program_MTFW,Program_MTFW,[KAI] ,sendCommand,PASS,,,,,,,,,Dec 5 2019 2:58:11.7690 PM,Dec 5 2019 2:58:11.8030 PM,.034
Program_MTFW,Program_MTFW,[KAI] flags ~ro,sendCommand,PASS,,,,,,,,,Dec 5 2019 2:58:11.8050 PM,Dec 5 2019 2:58:11.8190 PM,.0135
Program_MTFW,Program_MTFW,[KAI] orion mode 10,sendCommand,PASS,,,,,,,,,Dec 5 2019 2:58:11.8210 PM,Dec 5 2019 2:58:11.8350 PM,.0134
Program_MTFW,Program_MTFW,[KAI] sys hrst,sendCommand-2,PASS,,,,,,,,,Dec 5 2019 2:58:15.9120 PM,Dec 5 2019 2:58:16.0320 PM,.1199
Program_MTFW,Program_MTFW,[KAI] ,sendCommand-2,PASS,,,,,,,,,Dec 5 2019 2:58:16.0340 PM,Dec 5 2019 2:58:16.0580 PM,.0243
Program_MTFW,Program_MTFW,[KAI] flags ~ro,sendCommand-2,PASS,,,,,,,,,Dec 5 2019 2:58:16.0610 PM,Dec 5 2019 2:58:16.0740 PM,.0129
Program_MTFW,Program_MTFW,[KAI] orion mode 10,sendCommand-2,PASS,,,,,,,,,Dec 5 2019 2:58:16.0760 PM,Dec 5 2019 2:58:16.0900 PM,.014
Program_CCG3FW,,,,,,,,,,,,,Dec 5 2019 2:58:20.1710 PM,Dec 5 2019 2:59:22.3110 PM,62.1403
Program_CCG3FW,Program_CCG3FW,[Hid] /usr/local/bin/unit1Tool/shfuc -l 0x24410000 -n -v 0x05ac -p 0x026F -f /usr/local/bin/R128-CCG3-0x0102_EVT-apps.dev-sig.afu,,PASS,,,,,,,,,Dec 5 2019 2:59:02.9680 PM,Dec 5 2019 2:59:02.9680 PM,0
Program_CCG3FW,Program_CCG3FW,Program_CCG3FW,,PASS,,,,,,,,,Dec 5 2019 2:59:02.9820 PM,Dec 5 2019 2:59:02.9820 PM,0
Program_CCG3FW,Program_CCG3FW,StationReportPlugin,appendReportData,PASS,,,,,,,,,Dec 5 2019 2:59:02.9840 PM,Dec 5 2019 2:59:02.9840 PM,.0002
Program_CCG3FW,Program_CCG3FW,[KAI] sys hrst,sendCommand,PASS,,,,,,,,,Dec 5 2019 2:59:18.0540 PM,Dec 5 2019 2:59:18.1740 PM,.1198
Program_CCG3FW,Program_CCG3FW,[KAI] ,sendCommand,PASS,,,,,,,,,Dec 5 2019 2:59:18.1770 PM,Dec 5 2019 2:59:18.2010 PM,.024
Program_CCG3FW,Program_CCG3FW,[KAI] flags ~ro,sendCommand,PASS,,,,,,,,,Dec 5 2019 2:59:18.2030 PM,Dec 5 2019 2:59:18.2160 PM,.0128
Program_CCG3FW,Program_CCG3FW,[KAI] orion mode 10,sendCommand,PASS,,,,,,,,,Dec 5 2019 2:59:18.2180 PM,Dec 5 2019 2:59:18.2330 PM,.0145
Read_STFW_Version_After_DL,,,,,,,,,,,,,Dec 5 2019 2:59:22.3210 PM,Dec 5 2019 2:59:22.7380 PM,.4174
Read_STFW_Version_After_DL,Read_STFW_Version_After_DL,[Hid] /usr/local/bin/hidreport -locationid 0x24410000 -i 0 get 0xB4,,PASS,,,,,,,,,Dec 5 2019 2:59:22.3530 PM,Dec 5 2019 2:59:22.3530 PM,0
Read_STFW_Version_After_DL,Read_STFW_Version_After_DL,Read_STFW_Version_After_DL,0x0270,PASS,,,,,,,,,Dec 5 2019 2:59:22.7370 PM,Dec 5 2019 2:59:22.7370 PM,0
Read_STFW_Version_After_DL,Read_STFW_Version_After_DL,,,PASS,,624,,624,624,,,,Dec 5 2019 2:59:22.7380 PM,Dec 5 2019 2:59:22.7380 PM,0
Read_MTFW_Version_After_DL,,,,,,,,,,,,,Dec 5 2019 2:59:22.7430 PM,Dec 5 2019 2:59:23.1580 PM,.4157
Read_MTFW_Version_After_DL,Read_MTFW_Version_After_DL,[Hid] /usr/local/bin/hidreport -locationid 0x24410000 -i 0 get 0xbb,,PASS,,,,,,,,,Dec 5 2019 2:59:22.7740 PM,Dec 5 2019 2:59:22.7740 PM,0
Read_MTFW_Version_After_DL,Read_MTFW_Version_After_DL,Read_MTFW_Version_After_DL,0x0515,PASS,,,,,,,,,Dec 5 2019 2:59:23.1580 PM,Dec 5 2019 2:59:23.1580 PM,0
Read_MTFW_Version_After_DL,Read_MTFW_Version_After_DL,,,PASS,,1301,,1301,1301,,,,Dec 5 2019 2:59:23.1580 PM,Dec 5 2019 2:59:23.1580 PM,0
Read_CCG3FW_Version_After_DL,,,,,,,,,,,,,Dec 5 2019 2:59:23.1660 PM,Dec 5 2019 2:59:24.5200 PM,1.3545
Read_CCG3FW_Version_After_DL,Read_CCG3FW_Version_After_DL,"[Hid] /usr/local/bin/hidreport -locationid 0x24410000 -v 0x05ac -usage 0xff00,0xb set 0xCE 0xCE 6 6 0",,PASS,,,,,,,,,Dec 5 2019 2:59:23.1920 PM,Dec 5 2019 2:59:23.1920 PM,0
Read_CCG3FW_Version_After_DL,Read_CCG3FW_Version_After_DL,"[Hid] /usr/local/bin/hidreport -locationid 0x24410000 -usage 0xff00,0xb get 0xA0",,PASS,,,,,,,,,Dec 5 2019 2:59:23.6470 PM,Dec 5 2019 2:59:23.6470 PM,0
Read_CCG3FW_Version_After_DL,Read_CCG3FW_Version_After_DL,"[Hid] /usr/local/bin/hidreport -locationid 0x24410000 -v 0x05ac -usage 0xff00,0xb set 0xCE 0xCE 6 6 1",,PASS,,,,,,,,,Dec 5 2019 2:59:24.0910 PM,Dec 5 2019 2:59:24.0910 PM,0
Read_CCG3FW_Version_After_DL,Read_CCG3FW_Version_After_DL,Read_CCG3FW_Version_After_DL,A0 01 01 01 02 01 02 01,PASS,,,,,,,,,Dec 5 2019 2:59:24.5190 PM,Dec 5 2019 2:59:24.5190 PM,0
Read_CCG3FW_Version_After_DL,Read_CCG3FW_Version_After_DL,,,PASS,,258,,258,258,,,,Dec 5 2019 2:59:24.5200 PM,Dec 5 2019 2:59:24.5200 PM,0
Finish_DRCB,,,,,,,,,,,,,Dec 5 2019 2:59:24.5250 PM,Dec 5 2019 2:59:25.0410 PM,.5157
Finish_DRCB,Finish_DRCB,DRCB,Finish,PASS,,,,,,,,,Dec 5 2019 2:59:24.5280 PM,Dec 5 2019 2:59:25.0400 PM,.5119
