Test,Plugin,Command,Status,Info,Start Time,End Time,Duration (s)
Read_SN,KAI,changeDelimiter,PASS,,Dec 5 2019 2:55:08.9700 PM,Dec 5 2019 2:55:08.9960 PM,.0258
Read_SN,KAI,changeLineTerminator,PASS,,Dec 5 2019 2:55:09.0000 PM,Dec 5 2019 2:55:09.0000 PM,.0001
Read_SN,KAI,open,PASS,,Dec 5 2019 2:55:09.0030 PM,Dec 5 2019 2:55:10.6480 PM,1.6452
Read_SN,KAI,read,PASS,,Dec 5 2019 2:55:10.6510 PM,Dec 5 2019 2:55:10.6890 PM,.0376
Read_SN,StationReportPlugin,isReporting,PASS,,Dec 5 2019 2:55:10.6940 PM,Dec 5 2019 2:55:10.6940 PM,.0001
Start_Data_Reporting,DRCB,startDataReporting,PASS,,Dec 5 2019 2:55:11.1320 PM,Dec 5 2019 2:55:11.2000 PM,.0687
Start_Control_Bit,DRCB,startControlBits,PASS,,Dec 5 2019 2:55:11.2520 PM,Dec 5 2019 2:55:12.3700 PM,1.1183
BUILD_EVENT,SFCSupport,getAttribute,PASS,,Dec 5 2019 2:55:12.9090 PM,Dec 5 2019 2:55:13.0850 PM,.1757
BUILD_EVENT,SFCSupport,getAttribute,PASS,,Dec 5 2019 2:55:13.0900 PM,Dec 5 2019 2:55:13.0960 PM,.0062
BUILD_EVENT,SFCSupport,getAttribute,PASS,,Dec 5 2019 2:55:13.1000 PM,Dec 5 2019 2:55:13.1110 PM,.0109
BUILD_EVENT,SFCSupport,getAttribute,PASS,,Dec 5 2019 2:55:13.1160 PM,Dec 5 2019 2:55:13.1790 PM,.0628
KAI_FW,KAI,sendCommand,PASS,,Dec 5 2019 2:55:13.2180 PM,Dec 5 2019 2:55:13.2250 PM,.0065
Check_MLB_SN,StationReportPlugin,appendReportData,PASS,,Dec 5 2019 2:55:14.2860 PM,Dec 5 2019 2:55:14.2860 PM,.0006
Program_STFW,StationReportPlugin,appendReportData,PASS,,Dec 5 2019 2:57:21.6200 PM,Dec 5 2019 2:57:21.6200 PM,.0002
Program_STFW,KAI,sendCommand,PASS,,Dec 5 2019 2:57:26.6980 PM,Dec 5 2019 2:57:26.8060 PM,.1083
Program_STFW,KAI,sendCommand,PASS,,Dec 5 2019 2:57:26.8090 PM,Dec 5 2019 2:57:26.8990 PM,.0894
Program_STFW,KAI,sendCommand,PASS,,Dec 5 2019 2:57:26.9080 PM,Dec 5 2019 2:57:26.9250 PM,.0168
Program_STFW,KAI,sendCommand,PASS,,Dec 5 2019 2:57:26.9280 PM,Dec 5 2019 2:57:26.9410 PM,.0125
Program_STFW,KAI,sendCommand,PASS,,Dec 5 2019 2:57:31.0170 PM,Dec 5 2019 2:57:31.1200 PM,.1038
Program_STFW,KAI,sendCommand,PASS,,Dec 5 2019 2:57:31.1230 PM,Dec 5 2019 2:57:31.1640 PM,.0411
Program_STFW,KAI,sendCommand,PASS,,Dec 5 2019 2:57:31.1670 PM,Dec 5 2019 2:57:31.1800 PM,.013
Program_STFW,KAI,sendCommand,PASS,,Dec 5 2019 2:57:31.1830 PM,Dec 5 2019 2:57:31.1960 PM,.0136
Program_MTFW,StationReportPlugin,appendReportData,PASS,,Dec 5 2019 2:58:01.6530 PM,Dec 5 2019 2:58:01.6530 PM,.0002
Program_MTFW,KAI,sendCommand,PASS,,Dec 5 2019 2:58:11.6560 PM,Dec 5 2019 2:58:11.7660 PM,.1104
Program_MTFW,KAI,sendCommand,PASS,,Dec 5 2019 2:58:11.7690 PM,Dec 5 2019 2:58:11.8030 PM,.0341
Program_MTFW,KAI,sendCommand,PASS,,Dec 5 2019 2:58:11.8050 PM,Dec 5 2019 2:58:11.8190 PM,.0135
Program_MTFW,KAI,sendCommand,PASS,,Dec 5 2019 2:58:11.8210 PM,Dec 5 2019 2:58:11.8350 PM,.0134
Program_MTFW,KAI,sendCommand,PASS,,Dec 5 2019 2:58:15.9120 PM,Dec 5 2019 2:58:16.0320 PM,.1199
Program_MTFW,KAI,sendCommand,PASS,,Dec 5 2019 2:58:16.0340 PM,Dec 5 2019 2:58:16.0590 PM,.0243
Program_MTFW,KAI,sendCommand,PASS,,Dec 5 2019 2:58:16.0610 PM,Dec 5 2019 2:58:16.0740 PM,.013
Program_MTFW,KAI,sendCommand,PASS,,Dec 5 2019 2:58:16.0760 PM,Dec 5 2019 2:58:16.0900 PM,.014
Program_CCG3FW,StationReportPlugin,appendReportData,PASS,,Dec 5 2019 2:59:02.9840 PM,Dec 5 2019 2:59:02.9840 PM,.0002
Program_CCG3FW,KAI,sendCommand,PASS,,Dec 5 2019 2:59:18.0540 PM,Dec 5 2019 2:59:18.1740 PM,.1199
Program_CCG3FW,KAI,sendCommand,PASS,,Dec 5 2019 2:59:18.1770 PM,Dec 5 2019 2:59:18.2010 PM,.0241
Program_CCG3FW,KAI,sendCommand,PASS,,Dec 5 2019 2:59:18.2030 PM,Dec 5 2019 2:59:18.2160 PM,.0129
Program_CCG3FW,KAI,sendCommand,PASS,,Dec 5 2019 2:59:18.2180 PM,Dec 5 2019 2:59:18.2330 PM,.0145
Finish_DRCB,DRCB,finish,PASS,,Dec 5 2019 2:59:24.5280 PM,Dec 5 2019 2:59:25.0400 PM,.512
