NAME,ADDRESS,HIGHBIT,LOWBIT,ALLOWABLE_VALUE,ISLIMITNEEDED
NVM Version,0x19C,7,4,0xA,
NVM Revision,0x19C,3,0,0x08,
Camera Project,0x19D,7,0,0x16,
Lens Shading Revision,0x1C3,7,0,0x02,
Project Version,0x19E,7,0,0x0A,
Integrator,0x19F,7,3,0x6,
Plant,0x19F,2,0,0x0,
Lens Vendor,0x1A6,7,5,0x1|0x2,
Lens Revision,0x1A6,4,2,0x3,
Lens Variant,0x1A6,1,0,0x0|0x1,
Filter Vendor,0x1A2,7,5,0x5|0x3,
Filter Revision,0x1A2,4,2,0x3|0x1,
Filter Variant,0x1A2,1,0,0x0|0x1|0x2,
Substrate Vendor,0x1A3,7,5,0x1|0x2,
Substrate Revision,0x1A3,4,2,0x5,
Substrate Variant,0x1A3,1,0,0x0|0x1,
Sensor Vendor,0x1A4,7,5,0x5,
Sensor Revision,0x1A4,4,2,0x3|0x6,
Sensor Variant,0x1A4,1,0,0x0|0x2,
Flex Vendor,0x1AA,7,3,0x3|0x8,
Flex Revision,0x1AA,2,0,0x4,
Stiffener Vendor,0x1AB,7,3,0x6|0x2,
Stiffener Revision,0x1AB,2,0,0x6,
Camera Build,0x1A0,7,0,0x10,
Config Number,0x1A1,7,0,NoLimitSet,
Test Software Revision,0x1BC,7,0,NoLimitSet,
Process DoE Code,0x1BB,7,0,NoLimitSet,
General Info Checksum,0x1CC|0x019C~0x01CB,7,0,,
Lens Shading Checksum,0x236|0x01E5~0x0235,7,0,,
ASP Gain Cal Checksum,0x3FF|0x0237~0x03FE,7,0,,
SN_PPPYWW,0x1AF|0x1B0|0x1B1|0x1B2,31:24|23:16|15:8|7:0,,,
SN_DSSSS,0x1B3|0x1B4|0x1B5,23:16|15:8|7:0,,,
SN_EEEERX,0x1B6|0x1B7|0x1B8|0x1B9,31:24|23:16|15:8|7:0,,,