group,name,units,upperLimit,lowerLimit,relaxedUpperLimit,relaxedLowerLimit
,PK_MAG@TM,NA,,2,,
,PK_MAG@HOUSING,NA,,2,,
,PK_MAG@EDGE_L,NA,,2,,
,PK_MAG@EDGE_R,NA,,2,,
,DC_MAG@TM,NA,,,,
,DC_MAG@HOUSING,NA,,,,
,DC_MAG@EDGE_L,NA,,,,
,DC_MAG@EDGE_R,NA,,,,
,MAG_Delta@TM_PK_To_HSG_PK,NA,,0.3,,
,MAG_Delta@EDGE_L_PK_To_EDGE_R_PK,NA,,,,
,MAG_Delta@EDGE_L_DC_To_EDGE_R_DC,NA,,,,
,PK_MAG@TM-Disable,NA,0.000005,0.000005,,
,PK_MAG@HOUSING-Disable,NA,0.000005,0.000005,,
,PK_MAG@EDGE_L-Disable,NA,0.000005,0.000005,,
,PK_MAG@EDGE_R-Disable,NA,0.000005,0.000005,,
,DC_MAG@TM-Disable,NA,11282.156624,11282.156624,,
,DC_MAG@HOUSING-Disable,NA,11282.156624,11282.156624,,
,DC_MAG@EDGE_L-Disable,NA,11282.156624,11282.156624,,
,DC_MAG@EDGE_R-Disable,NA,11282.156624,11282.156624,,
