group,name,units,upperLimit,lowerLimit,relaxedUpperLimit,relaxedLowerLimit
,ADD_ID@ALS_FH_Right,NA,,,,
,ADD_ID2@ALS_FH_Right,NA,,,,
,Bright_Ch_1 @ALS_FH_Right,counts,65534,5,,
,Bright_Ch_2 @ALS_FH_Right,counts,65534,5,,
,Bright_Ch_3 @ALS_FH_Right,counts,65534,5,,
,Bright_Ch_4 @ALS_FH_Right,counts,65534,5,,
,Bright_Ch_5 @ALS_FH_Right,counts,65534,5,,
,Temperature @ALS_FH_Right,NA,,,,
,ADD_ID@ALS_FH_Left,NA,,,,
,ADD_ID2@ALS_FH_Left,NA,,,,
,Bright_Ch_1 @ALS_FH_Left,counts,65534,5,,
,Bright_Ch_2 @ALS_FH_Left,counts,65534,5,,
,Bright_Ch_3 @ALS_FH_Left,counts,65534,5,,
,Bright_Ch_4 @ALS_FH_Left,counts,65534,5,,
,Bright_Ch_5 @ALS_FH_Left,counts,65534,5,,
,Temperature @ALS_FH_Left,NA,,,,
,BL_Leakage_Bright_Ch_1@ALS_FH_Right,counts,3,-1,,
,BL_Leakage_Bright_Ch_2@ALS_FH_Right,counts,3,-1,,
,BL_Leakage_Bright_Ch_3@ALS_FH_Right,counts,3,-1,,
,BL_Leakage_Bright_Ch_4@ALS_FH_Right,counts,3,-1,,
,BL_Leakage_Bright_Ch_5@ALS_FH_Right,counts,3,-1,,
,BL_Leakage_Bright_Ch_1@ALS_FH_Left,counts,3,-1,,
,BL_Leakage_Bright_Ch_2@ALS_FH_Left,counts,3,-1,,
,BL_Leakage_Bright_Ch_3@ALS_FH_Left,counts,3,-1,,
,BL_Leakage_Bright_Ch_4@ALS_FH_Left,counts,3,-1,,
,BL_Leakage_Bright_Ch_5@ALS_FH_Left,counts,3,-1,,
,Dark _Response_Bright_Ch_1 @ALS_FH_Right,counts,3,-1,,
,Dark _Response_Bright_Ch_2 @ALS_FH_Right,counts,3,-1,,
,Dark _Response_Bright_Ch_3 @ALS_FH_Right,counts,3,-1,,
,Dark _Response_Bright_Ch_4 @ALS_FH_Right,counts,3,-1,,
,Dark _Response_Bright_Ch_5 @ALS_FH_Right,counts,3,-1,,
,Dark _Response_Bright_Ch_1 @ALS_FH_Left,counts,3,-1,,
,Dark _Response_Bright_Ch_2 @ALS_FH_Left,counts,3,-1,,
,Dark _Response_Bright_Ch_3 @ALS_FH_Left,counts,3,-1,,
,Dark _Response_Bright_Ch_4 @ALS_FH_Left,counts,3,-1,,
,Dark _Response_Bright_Ch_5 @ALS_FH_Left,counts,3,-1,,
