document_version, 1.0
station_name,SW-DOWNLOAD
station_id,FXLH_F05-4FT-01_3_SW-DOWNLOAD
station_sw,Atlas
station_sw_version,Atlas

tag,start_time,duration
Scan_SN, 1568095873.86, 4.05
Fixture_init, 1568095877.91, 6.49
Start_Data_Reporting, 1568095884.39, 0.02
Start_Control_Bit, 1568095884.41, 0.36
Get_SFC_Info, 1568095884.78, 1.06
BUILD_EVENT, 1568095885.84, 0.01
S_BUILD, 1568095885.85, 0.00
WO_SN, 1568095885.85, 0.00
SUB_SN, 1568095885.86, 0.00
UNIT_LBL, 1568095885.86, 0.00
P203_FW_DEV, 1568095885.87, 0.05
EP_DISABLE_TP, 1568095885.91, 7.04
Auth_Check, 1568095892.96, 4.41
Query_MLB_SN, 1568095897.37, 0.00
Read_MLB_SN, 1568095897.37, 1.05
Check_MLB_SN, 1568095898.43, 0.00
Read_STFW_Version_Before_DL, 1568095898.43, 0.49
Read_MTFW_Version_Before_DL, 1568095898.92, 0.43
Read_CCG3_FW_Version_Before_DL, 1568095899.35, 0.97
Program_Main_FW, 1568095900.32, 41.92
Program_MTFW, 1568095942.24, 25.48
Read_Main_FW_Version_After_DL, 1568095967.71, 0.43
Read_MTFW_After_DL, 1568095968.15, 0.42
Read_CCG3_FW_After_DL, 1568095968.57, 0.92
Finish_DRCB, 1568095969.50, 0.65
Fixture_reset, 1568095970.15, 0.17
full_test_durations, 1568095873.84, 96.48
