Related Test,Name-1,Name-2,Name-3,Status,Info,Measurement,Units,Upper Limit,Lower Limit,Relaxed Upper Limit,Relaxed Lower Limit,Limit Units,Start Time,End Time,Duration (s)
Scan_SN,,,,,,,,,,,,,Sep 10 2019 2:11:13.8600 PM,Sep 10 2019 2:11:17.9030 PM,4.044
Scan_SN,Scan_SN,AtlasApp-Hyperion,show-form,PASS,,,,,,,,,Sep 10 2019 2:11:13.8610 PM,Sep 10 2019 2:11:17.9020 PM,4.0416
Fixture_init,,,,,,,,,,,,,Sep 10 2019 2:11:17.9060 PM,Sep 10 2019 2:11:24.3930 PM,6.4866
Fixture_init,Fixture_init,Fixture,changeDelimiter,PASS,,,,,,,,,Sep 10 2019 2:11:17.9080 PM,Sep 10 2019 2:11:17.9080 PM,0
Fixture_init,Fixture_init,Fixture,changeLineTerminator,PASS,,,,,,,,,Sep 10 2019 2:11:17.9100 PM,Sep 10 2019 2:11:17.9100 PM,0
Fixture_init,Fixture_init,Fixture,open,PASS,,,,,,,,,Sep 10 2019 2:11:17.9120 PM,Sep 10 2019 2:11:19.5070 PM,1.5955
Fixture_init,Fixture_init,Fixture,read,PASS,,,,,,,,,Sep 10 2019 2:11:19.5090 PM,Sep 10 2019 2:11:19.5380 PM,.0289
Fixture_init,Fixture_init,P203,changeDelimiter,PASS,,,,,,,,,Sep 10 2019 2:11:19.5400 PM,Sep 10 2019 2:11:19.5400 PM,0
Fixture_init,Fixture_init,P203,changeLineTerminator,PASS,,,,,,,,,Sep 10 2019 2:11:19.5410 PM,Sep 10 2019 2:11:19.5410 PM,0
Fixture_init,Fixture_init,P203,open,PASS,,,,,,,,,Sep 10 2019 2:11:19.5430 PM,Sep 10 2019 2:11:21.1370 PM,1.594
Fixture_init,Fixture_init,P203,read,PASS,,,,,,,,,Sep 10 2019 2:11:21.1390 PM,Sep 10 2019 2:11:21.1640 PM,.0255
Fixture_init,Fixture_init,[Fixture] isReady,sendCommand,PASS,,,,,,,,,Sep 10 2019 2:11:21.1660 PM,Sep 10 2019 2:11:21.1740 PM,.0079
Fixture_init,Fixture_init,[Fixture] power on,sendCommand,PASS,,,,,,,,,Sep 10 2019 2:11:21.1750 PM,Sep 10 2019 2:11:21.1930 PM,.0172
Fixture_init,Fixture_init,[P203] ,sendCommand,PASS,,,,,,,,,Sep 10 2019 2:11:22.2650 PM,Sep 10 2019 2:11:22.2800 PM,.0149
Fixture_init,Fixture_init,[Fixture] Engage pogo,sendCommand,PASS,,,,,,,,,Sep 10 2019 2:11:22.2810 PM,Sep 10 2019 2:11:22.3390 PM,.0578
Fixture_init,Fixture_init,StationReportPlugin,isReporting,PASS,,,,,,,,,Sep 10 2019 2:11:24.3920 PM,Sep 10 2019 2:11:24.3920 PM,0
Start_Data_Reporting,,,,,,,,,,,,,Sep 10 2019 2:11:24.3960 PM,Sep 10 2019 2:11:24.4110 PM,.0152
Start_Data_Reporting,Start_Data_Reporting,DRCB,StartDataReporting,PASS,,,,,,,,,Sep 10 2019 2:11:24.4000 PM,Sep 10 2019 2:11:24.4090 PM,.01
Start_Control_Bit,,,,,,,,,,,,,Sep 10 2019 2:11:24.4150 PM,Sep 10 2019 2:11:24.7750 PM,.3602
Start_Control_Bit,Start_Control_Bit,DRCB,StartControlBits,PASS,,,,,,,,,Sep 10 2019 2:11:24.4720 PM,Sep 10 2019 2:11:24.7740 PM,.3018
Get_SFC_Info,,,,,,,,,,,,,Sep 10 2019 2:11:24.7770 PM,Sep 10 2019 2:11:25.8350 PM,1.0579
Get_SFC_Info,Get_SFC_Info,SFCSupport,getAttributes,PASS,,,,,,,,,Sep 10 2019 2:11:24.7790 PM,Sep 10 2019 2:11:25.8100 PM,1.0309
Get_SFC_Info,Get_SFC_Info,GET SFC info - wo_no,WCR-J80006,PASS,,,,,,,,,Sep 10 2019 2:11:25.8110 PM,Sep 10 2019 2:11:25.8110 PM,0
Get_SFC_Info,Get_SFC_Info,SFCSupport,getAttributes-2,PASS,,,,,,,,,Sep 10 2019 2:11:25.8130 PM,Sep 10 2019 2:11:25.8200 PM,.0069
Get_SFC_Info,Get_SFC_Info,GET SFC info - pansa,DKB93570049N5RQ0G,PASS,,,,,,,,,Sep 10 2019 2:11:25.8220 PM,Sep 10 2019 2:11:25.8220 PM,0
Get_SFC_Info,Get_SFC_Info,SFCSupport,getAttributes-3,PASS,,,,,,,,,Sep 10 2019 2:11:25.8230 PM,Sep 10 2019 2:11:25.8290 PM,.0055
Get_SFC_Info,Get_SFC_Info,GET SFC info - unit_lbl,R128-P2_P22AEN-LHWTE_C01010,PASS,,,,,,,,,Sep 10 2019 2:11:25.8290 PM,Sep 10 2019 2:11:25.8290 PM,0
Get_SFC_Info,Get_SFC_Info,SFCSupport,getAttributes-4,PASS,,,,,,,,,Sep 10 2019 2:11:25.8310 PM,Sep 10 2019 2:11:25.8340 PM,.0031
Get_SFC_Info,Get_SFC_Info,GET SFC info - mlb_sn,DLX9362000MN4732X,PASS,,,,,,,,,Sep 10 2019 2:11:25.8350 PM,Sep 10 2019 2:11:25.8350 PM,0
BUILD_EVENT,,,,,,,,,,,,,Sep 10 2019 2:11:25.8420 PM,Sep 10 2019 2:11:25.8430 PM,.0011
BUILD_EVENT,BUILD_EVENT,Build_EVENT,R128-P2,PASS,,,,,,,,,Sep 10 2019 2:11:25.8430 PM,Sep 10 2019 2:11:25.8430 PM,0
S_BUILD,,,,,,,,,,,,,Sep 10 2019 2:11:25.8470 PM,Sep 10 2019 2:11:25.8480 PM,.0011
S_BUILD,S_BUILD,S_BUILD,R128-P2_P22AEN-LHWTE,PASS,,,,,,,,,Sep 10 2019 2:11:25.8480 PM,Sep 10 2019 2:11:25.8480 PM,0
WO_SN,,,,,,,,,,,,,Sep 10 2019 2:11:25.8520 PM,Sep 10 2019 2:11:25.8540 PM,.0012
WO_SN,WO_SN,Get wo_no Pass,,PASS,,,,,,,,,Sep 10 2019 2:11:25.8530 PM,Sep 10 2019 2:11:25.8530 PM,0
SUB_SN,,,,,,,,,,,,,Sep 10 2019 2:11:25.8580 PM,Sep 10 2019 2:11:25.8580 PM,.001
SUB_SN,SUB_SN,Get pansa Pass,,PASS,,,,,,,,,Sep 10 2019 2:11:25.8580 PM,Sep 10 2019 2:11:25.8580 PM,0
UNIT_LBL,,,,,,,,,,,,,Sep 10 2019 2:11:25.8620 PM,Sep 10 2019 2:11:25.8630 PM,.0011
UNIT_LBL,UNIT_LBL,Get unit_lbl Pass,,PASS,,,,,,,,,Sep 10 2019 2:11:25.8630 PM,Sep 10 2019 2:11:25.8630 PM,0
P203_FW_DEV,,,,,,,,,,,,,Sep 10 2019 2:11:25.8670 PM,Sep 10 2019 2:11:25.9120 PM,.0451
P203_FW_DEV,P203_FW_DEV,P203,read,PASS,,,,,,,,,Sep 10 2019 2:11:25.8680 PM,Sep 10 2019 2:11:25.8680 PM,.0007
P203_FW_DEV,P203_FW_DEV,P203,read-2,PASS,,,,,,,,,Sep 10 2019 2:11:25.8720 PM,Sep 10 2019 2:11:25.9010 PM,.0294
P203_FW_DEV,P203_FW_DEV,[P203] v,sendCommand,PASS,,,,,,,,,Sep 10 2019 2:11:25.9030 PM,Sep 10 2019 2:11:25.9100 PM,.0068
P203_FW_DEV,P203_FW_DEV,P203_FW_DEV,,PASS,,,,,,,,,Sep 10 2019 2:11:25.9110 PM,Sep 10 2019 2:11:25.9110 PM,0
EP_DISABLE_TP,,,,,,,,,,,,,Sep 10 2019 2:11:25.9150 PM,Sep 10 2019 2:11:32.9570 PM,7.0418
EP_DISABLE_TP,EP_DISABLE_TP,[Hid] /usr/local/bin/hidreport -p 0x026F -i 0 set 0x3D 0x3D 0x13 0x0 0x0 0x0,,PASS,,,,,,,,,Sep 10 2019 2:11:25.9830 PM,Sep 10 2019 2:11:25.9830 PM,0
EP_DISABLE_TP,EP_DISABLE_TP,IOFileHandle,writeToFile,PASS,,,,,,,,,Sep 10 2019 2:11:25.9860 PM,Sep 10 2019 2:11:25.9860 PM,.0007
EP_DISABLE_TP,EP_DISABLE_TP,[Hid] /usr/local/bin/hidreport -p 0x026F -i 0 set 0x3E 0x3E 0x13 0x0 0x0 0x0 0x2,,PASS,,,,,,,,,Sep 10 2019 2:11:26.4070 PM,Sep 10 2019 2:11:26.4070 PM,0
EP_DISABLE_TP,EP_DISABLE_TP,IOFileHandle,writeToFile-2,PASS,,,,,,,,,Sep 10 2019 2:11:26.4090 PM,Sep 10 2019 2:11:26.4090 PM,.0001
EP_DISABLE_TP,EP_DISABLE_TP,[Fixture] power off,sendCommand,PASS,,,,,,,,,Sep 10 2019 2:11:26.7860 PM,Sep 10 2019 2:11:26.7930 PM,.0075
EP_DISABLE_TP,EP_DISABLE_TP,[Fixture] power on,sendCommand,PASS,,,,,,,,,Sep 10 2019 2:11:27.8680 PM,Sep 10 2019 2:11:27.8790 PM,.0104
EP_DISABLE_TP,EP_DISABLE_TP,[P203] ,sendCommand,PASS,,,,,,,,,Sep 10 2019 2:11:32.9550 PM,Sep 10 2019 2:11:32.9560 PM,.0008
Auth_Check,,,,,,,,,,,,,Sep 10 2019 2:11:32.9600 PM,Sep 10 2019 2:11:37.3590 PM,4.3987
Auth_Check,Auth_Check,P203,read,PASS,,,,,,,,,Sep 10 2019 2:11:32.9630 PM,Sep 10 2019 2:11:32.9720 PM,.0091
Auth_Check,Auth_Check,P203,read-2,PASS,,,,,,,,,Sep 10 2019 2:11:32.9740 PM,Sep 10 2019 2:11:32.9740 PM,.0002
Auth_Check,Auth_Check,P203,read-3,PASS,,,,,,,,,Sep 10 2019 2:11:32.9760 PM,Sep 10 2019 2:11:33.0040 PM,.0286
Auth_Check,Auth_Check,[P203] aid tx bd 1 3 24 71 4 10 0 00,sendCommandChars,PASS,,,,,,,,,Sep 10 2019 2:11:33.0060 PM,Sep 10 2019 2:11:33.0780 PM,.0718
Auth_Check,Auth_Check,P203,read-4,PASS,,,,,,,,,Sep 10 2019 2:11:33.0830 PM,Sep 10 2019 2:11:33.0830 PM,.0002
Auth_Check,Auth_Check,P203,read-5,PASS,,,,,,,,,Sep 10 2019 2:11:33.0840 PM,Sep 10 2019 2:11:33.1150 PM,.0302
Auth_Check,Auth_Check,[P203] aid tx bd 1 3 24 71 4 10 0 00,sendCommandChars-2,PASS,,,,,,,,,Sep 10 2019 2:11:33.1160 PM,Sep 10 2019 2:11:33.1510 PM,.0348
Auth_Check,Auth_Check,P203,read-6,PASS,,,,,,,,,Sep 10 2019 2:11:33.1530 PM,Sep 10 2019 2:11:33.1530 PM,.0002
Auth_Check,Auth_Check,P203,read-7,PASS,,,,,,,,,Sep 10 2019 2:11:33.1550 PM,Sep 10 2019 2:11:33.1850 PM,.03
Auth_Check,Auth_Check,[P203] aid tx bd 1 3 24 71 4 10 0 00,sendCommandChars-3,PASS,,,,,,,,,Sep 10 2019 2:11:33.1860 PM,Sep 10 2019 2:11:33.2210 PM,.0344
Auth_Check,Auth_Check,P203,read-8,PASS,,,,,,,,,Sep 10 2019 2:11:33.2230 PM,Sep 10 2019 2:11:33.2230 PM,.0002
Auth_Check,Auth_Check,P203,read-9,PASS,,,,,,,,,Sep 10 2019 2:11:33.2250 PM,Sep 10 2019 2:11:33.2450 PM,.0208
Auth_Check,Auth_Check,[P203] aid tx bd 1 3 24 71 4 10 0 00,sendCommandChars-4,PASS,,,,,,,,,Sep 10 2019 2:11:33.2470 PM,Sep 10 2019 2:11:33.2670 PM,.0204
Auth_Check,Auth_Check,P203,read-10,PASS,,,,,,,,,Sep 10 2019 2:11:33.2700 PM,Sep 10 2019 2:11:33.2820 PM,.0125
Auth_Check,Auth_Check,P203,read-11,PASS,,,,,,,,,Sep 10 2019 2:11:33.2840 PM,Sep 10 2019 2:11:33.3050 PM,.0216
Auth_Check,Auth_Check,[P203] aid tx bd 1 3 24 71 4 10 0 00,sendCommandChars-5,PASS,,,,,,,,,Sep 10 2019 2:11:33.3070 PM,Sep 10 2019 2:11:33.3280 PM,.0207
Auth_Check,Auth_Check,P203,read-12,PASS,,,,,,,,,Sep 10 2019 2:11:33.3310 PM,Sep 10 2019 2:11:33.3310 PM,.0001
Auth_Check,Auth_Check,P203,read-13,PASS,,,,,,,,,Sep 10 2019 2:11:33.3320 PM,Sep 10 2019 2:11:33.3560 PM,.0234
Auth_Check,Auth_Check,[P203] aid tx bd 2 3 24 71 4 10 0 00,sendCommandChars,PASS,,,,,,,,,Sep 10 2019 2:11:33.3570 PM,Sep 10 2019 2:11:33.3940 PM,.0363
Auth_Check,Auth_Check,P203,read-14,PASS,,,,,,,,,Sep 10 2019 2:11:33.3960 PM,Sep 10 2019 2:11:33.3960 PM,.0001
Auth_Check,Auth_Check,P203,read-15,PASS,,,,,,,,,Sep 10 2019 2:11:33.3970 PM,Sep 10 2019 2:11:33.4180 PM,.0209
Auth_Check,Auth_Check,P203,read-16,PASS,,,,,,,,,Sep 10 2019 2:11:33.4200 PM,Sep 10 2019 2:11:33.4460 PM,.0254
Auth_Check,Auth_Check,[P203] aid tx bd 3 2 24 71 4 10 8,sendCommandChars,PASS,,,,,,,,,Sep 10 2019 2:11:33.4470 PM,Sep 10 2019 2:11:33.4840 PM,.037
Auth_Check,Auth_Check,1. Fetch device info,,PASS,,,,,,,,,Sep 10 2019 2:11:33.4870 PM,Sep 10 2019 2:11:33.4870 PM,0
Auth_Check,Auth_Check,      version: 0x07,,PASS,,,,,,,,,Sep 10 2019 2:11:33.4870 PM,Sep 10 2019 2:11:33.4870 PM,0
Auth_Check,Auth_Check,auth revision: 0x01,,PASS,,,,,,,,,Sep 10 2019 2:11:33.4870 PM,Sep 10 2019 2:11:33.4870 PM,0
Auth_Check,Auth_Check,auth protocol: 0x0300,,PASS,,,,,,,,,Sep 10 2019 2:11:33.4870 PM,Sep 10 2019 2:11:33.4870 PM,0
Auth_Check,Auth_Check,    device ID: 0x00000300,,PASS,,,,,,,,,Sep 10 2019 2:11:33.4880 PM,Sep 10 2019 2:11:33.4880 PM,0
Auth_Check,Auth_Check,P203,read-17,PASS,,,,,,,,,Sep 10 2019 2:11:33.4890 PM,Sep 10 2019 2:11:33.4890 PM,.0002
Auth_Check,Auth_Check,P203,read-18,PASS,,,,,,,,,Sep 10 2019 2:11:33.4900 PM,Sep 10 2019 2:11:33.5130 PM,.0229
Auth_Check,Auth_Check,[P203] aid tx bd 4 3 24 71 4 10 0 30,sendCommandChars,PASS,,,,,,,,,Sep 10 2019 2:11:33.5150 PM,Sep 10 2019 2:11:33.5500 PM,.0352
Auth_Check,Auth_Check,P203,read-19,PASS,,,,,,,,,Sep 10 2019 2:11:33.5540 PM,Sep 10 2019 2:11:33.5540 PM,.0002
Auth_Check,Auth_Check,P203,read-20,PASS,,,,,,,,,Sep 10 2019 2:11:33.5560 PM,Sep 10 2019 2:11:33.5860 PM,.0297
Auth_Check,Auth_Check,P203,read-21,PASS,,,,,,,,,Sep 10 2019 2:11:33.5880 PM,Sep 10 2019 2:11:33.6100 PM,.0217
Auth_Check,Auth_Check,[P203] aid tx bd 5 2 24 71 4 10 2,sendCommandChars,PASS,,,,,,,,,Sep 10 2019 2:11:33.6120 PM,Sep 10 2019 2:11:33.6470 PM,.0354
Auth_Check,Auth_Check,2. Fetch cert length,,PASS,,,,,,,,,Sep 10 2019 2:11:33.6490 PM,Sep 10 2019 2:11:33.6490 PM,0
Auth_Check,Auth_Check,P203,read-22,PASS,,,,,,,,,Sep 10 2019 2:11:33.6510 PM,Sep 10 2019 2:11:33.6510 PM,.0002
Auth_Check,Auth_Check,P203,read-23,PASS,,,,,,,,,Sep 10 2019 2:11:33.6520 PM,Sep 10 2019 2:11:33.6760 PM,.0238
Auth_Check,Auth_Check,[P203] aid tx bd 6 3 24 71 4 10 0 31,sendCommandChars,PASS,,,,,,,,,Sep 10 2019 2:11:33.6780 PM,Sep 10 2019 2:11:33.7130 PM,.0353
Auth_Check,Auth_Check,P203,read-24,PASS,,,,,,,,,Sep 10 2019 2:11:33.7170 PM,Sep 10 2019 2:11:33.7170 PM,.0002
Auth_Check,Auth_Check,P203,read-25,PASS,,,,,,,,,Sep 10 2019 2:11:33.7180 PM,Sep 10 2019 2:11:33.7460 PM,.028
Auth_Check,Auth_Check,P203,read-26,PASS,,,,,,,,,Sep 10 2019 2:11:33.7480 PM,Sep 10 2019 2:11:33.7760 PM,.0279
Auth_Check,Auth_Check,[P203] aid tx bd 7 2 24 71 4 10 23,sendCommandChars,PASS,,,,,,,,,Sep 10 2019 2:11:33.7780 PM,Sep 10 2019 2:11:33.8130 PM,.0351
Auth_Check,Auth_Check,P203,read-27,PASS,,,,,,,,,Sep 10 2019 2:11:33.8160 PM,Sep 10 2019 2:11:33.8160 PM,.0002
Auth_Check,Auth_Check,P203,read-28,PASS,,,,,,,,,Sep 10 2019 2:11:33.8170 PM,Sep 10 2019 2:11:33.8390 PM,.0219
Auth_Check,Auth_Check,P203,read-29,PASS,,,,,,,,,Sep 10 2019 2:11:33.8420 PM,Sep 10 2019 2:11:33.8660 PM,.0246
Auth_Check,Auth_Check,[P203] aid tx bd 8 2 24 71 4 10 23,sendCommandChars,PASS,,,,,,,,,Sep 10 2019 2:11:33.8680 PM,Sep 10 2019 2:11:33.9040 PM,.0364
Auth_Check,Auth_Check,P203,read-30,PASS,,,,,,,,,Sep 10 2019 2:11:33.9080 PM,Sep 10 2019 2:11:33.9080 PM,.0002
Auth_Check,Auth_Check,P203,read-31,PASS,,,,,,,,,Sep 10 2019 2:11:33.9100 PM,Sep 10 2019 2:11:33.9360 PM,.0261
Auth_Check,Auth_Check,P203,read-32,PASS,,,,,,,,,Sep 10 2019 2:11:33.9380 PM,Sep 10 2019 2:11:33.9600 PM,.0214
Auth_Check,Auth_Check,[P203] aid tx bd 9 2 24 71 4 10 23,sendCommandChars,PASS,,,,,,,,,Sep 10 2019 2:11:33.9610 PM,Sep 10 2019 2:11:33.9830 PM,.0223
Auth_Check,Auth_Check,P203,read-33,PASS,,,,,,,,,Sep 10 2019 2:11:33.9870 PM,Sep 10 2019 2:11:33.9870 PM,.0002
Auth_Check,Auth_Check,P203,read-34,PASS,,,,,,,,,Sep 10 2019 2:11:33.9890 PM,Sep 10 2019 2:11:34.0180 PM,.0285
Auth_Check,Auth_Check,P203,read-35,PASS,,,,,,,,,Sep 10 2019 2:11:34.0200 PM,Sep 10 2019 2:11:34.0460 PM,.0269
Auth_Check,Auth_Check,[P203] aid tx bd a 2 24 71 4 10 17,sendCommandChars,PASS,,,,,,,,,Sep 10 2019 2:11:34.0480 PM,Sep 10 2019 2:11:34.0830 PM,.0349
Auth_Check,Auth_Check,P203,read-36,PASS,,,,,,,,,Sep 10 2019 2:11:34.0860 PM,Sep 10 2019 2:11:34.0870 PM,.0002
Auth_Check,Auth_Check,P203,read-37,PASS,,,,,,,,,Sep 10 2019 2:11:34.0880 PM,Sep 10 2019 2:11:34.1110 PM,.0226
Auth_Check,Auth_Check,[P203] aid tx bd b 3 24 71 4 10 0 32,sendCommandChars,PASS,,,,,,,,,Sep 10 2019 2:11:34.1130 PM,Sep 10 2019 2:11:34.1490 PM,.0356
Auth_Check,Auth_Check,P203,read-38,PASS,,,,,,,,,Sep 10 2019 2:11:34.1530 PM,Sep 10 2019 2:11:34.1530 PM,.0002
Auth_Check,Auth_Check,P203,read-39,PASS,,,,,,,,,Sep 10 2019 2:11:34.1540 PM,Sep 10 2019 2:11:34.1820 PM,.0275
Auth_Check,Auth_Check,P203,read-40,PASS,,,,,,,,,Sep 10 2019 2:11:34.1840 PM,Sep 10 2019 2:11:34.2050 PM,.021
Auth_Check,Auth_Check,[P203] aid tx bd c 2 24 71 4 10 23,sendCommandChars,PASS,,,,,,,,,Sep 10 2019 2:11:34.2080 PM,Sep 10 2019 2:11:34.2500 PM,.0413
Auth_Check,Auth_Check,P203,read-41,PASS,,,,,,,,,Sep 10 2019 2:11:34.2540 PM,Sep 10 2019 2:11:34.2550 PM,.0002
Auth_Check,Auth_Check,P203,read-42,PASS,,,,,,,,,Sep 10 2019 2:11:34.2560 PM,Sep 10 2019 2:11:34.2790 PM,.0225
Auth_Check,Auth_Check,P203,read-43,PASS,,,,,,,,,Sep 10 2019 2:11:34.2830 PM,Sep 10 2019 2:11:34.3030 PM,.0207
Auth_Check,Auth_Check,[P203] aid tx bd d 2 24 71 4 10 23,sendCommandChars,PASS,,,,,,,,,Sep 10 2019 2:11:34.3050 PM,Sep 10 2019 2:11:34.3310 PM,.026
Auth_Check,Auth_Check,P203,read-44,PASS,,,,,,,,,Sep 10 2019 2:11:34.3360 PM,Sep 10 2019 2:11:34.3360 PM,.0002
Auth_Check,Auth_Check,P203,read-45,PASS,,,,,,,,,Sep 10 2019 2:11:34.3380 PM,Sep 10 2019 2:11:34.3590 PM,.0207
Auth_Check,Auth_Check,P203,read-46,PASS,,,,,,,,,Sep 10 2019 2:11:34.3620 PM,Sep 10 2019 2:11:34.3870 PM,.0249
Auth_Check,Auth_Check,[P203] aid tx bd e 2 24 71 4 10 23,sendCommandChars,PASS,,,,,,,,,Sep 10 2019 2:11:34.3880 PM,Sep 10 2019 2:11:34.4100 PM,.022
Auth_Check,Auth_Check,P203,read-47,PASS,,,,,,,,,Sep 10 2019 2:11:34.4140 PM,Sep 10 2019 2:11:34.4250 PM,.0118
Auth_Check,Auth_Check,P203,read-48,PASS,,,,,,,,,Sep 10 2019 2:11:34.4280 PM,Sep 10 2019 2:11:34.4530 PM,.0252
Auth_Check,Auth_Check,P203,read-49,PASS,,,,,,,,,Sep 10 2019 2:11:34.4560 PM,Sep 10 2019 2:11:34.4780 PM,.0222
Auth_Check,Auth_Check,[P203] aid tx bd f 2 24 71 4 10 17,sendCommandChars,PASS,,,,,,,,,Sep 10 2019 2:11:34.4800 PM,Sep 10 2019 2:11:34.5250 PM,.0451
Auth_Check,Auth_Check,P203,read-50,PASS,,,,,,,,,Sep 10 2019 2:11:34.5310 PM,Sep 10 2019 2:11:34.5310 PM,.0002
Auth_Check,Auth_Check,P203,read-51,PASS,,,,,,,,,Sep 10 2019 2:11:34.5330 PM,Sep 10 2019 2:11:34.5560 PM,.0222
Auth_Check,Auth_Check,[P203] aid tx bd 10 3 24 71 4 10 0 33,sendCommandChars,PASS,,,,,,,,,Sep 10 2019 2:11:34.5580 PM,Sep 10 2019 2:11:34.5950 PM,.0373
Auth_Check,Auth_Check,P203,read-52,PASS,,,,,,,,,Sep 10 2019 2:11:34.5990 PM,Sep 10 2019 2:11:34.5990 PM,.0003
Auth_Check,Auth_Check,P203,read-53,PASS,,,,,,,,,Sep 10 2019 2:11:34.6020 PM,Sep 10 2019 2:11:34.6240 PM,.0224
Auth_Check,Auth_Check,P203,read-54,PASS,,,,,,,,,Sep 10 2019 2:11:34.6280 PM,Sep 10 2019 2:11:34.6530 PM,.0247
Auth_Check,Auth_Check,[P203] aid tx bd 11 2 24 71 4 10 23,sendCommandChars,PASS,,,,,,,,,Sep 10 2019 2:11:34.6570 PM,Sep 10 2019 2:11:34.6940 PM,.0369
Auth_Check,Auth_Check,P203,read-55,PASS,,,,,,,,,Sep 10 2019 2:11:34.6970 PM,Sep 10 2019 2:11:34.6970 PM,.0002
Auth_Check,Auth_Check,P203,read-56,PASS,,,,,,,,,Sep 10 2019 2:11:34.6990 PM,Sep 10 2019 2:11:34.7280 PM,.029
Auth_Check,Auth_Check,P203,read-57,PASS,,,,,,,,,Sep 10 2019 2:11:34.7290 PM,Sep 10 2019 2:11:34.7570 PM,.028
Auth_Check,Auth_Check,[P203] aid tx bd 12 2 24 71 4 10 23,sendCommandChars,PASS,,,,,,,,,Sep 10 2019 2:11:34.7590 PM,Sep 10 2019 2:11:34.7950 PM,.036
Auth_Check,Auth_Check,P203,read-58,PASS,,,,,,,,,Sep 10 2019 2:11:34.7980 PM,Sep 10 2019 2:11:34.7980 PM,.0002
Auth_Check,Auth_Check,P203,read-59,PASS,,,,,,,,,Sep 10 2019 2:11:34.8000 PM,Sep 10 2019 2:11:34.8210 PM,.0215
Auth_Check,Auth_Check,P203,read-60,PASS,,,,,,,,,Sep 10 2019 2:11:34.8240 PM,Sep 10 2019 2:11:34.8470 PM,.0236
Auth_Check,Auth_Check,[P203] aid tx bd 13 2 24 71 4 10 23,sendCommandChars,PASS,,,,,,,,,Sep 10 2019 2:11:34.8490 PM,Sep 10 2019 2:11:34.8890 PM,.0397
Auth_Check,Auth_Check,P203,read-61,PASS,,,,,,,,,Sep 10 2019 2:11:34.8930 PM,Sep 10 2019 2:11:34.8940 PM,.0001
Auth_Check,Auth_Check,P203,read-62,PASS,,,,,,,,,Sep 10 2019 2:11:34.8950 PM,Sep 10 2019 2:11:34.9160 PM,.0215
Auth_Check,Auth_Check,P203,read-63,PASS,,,,,,,,,Sep 10 2019 2:11:34.9190 PM,Sep 10 2019 2:11:34.9420 PM,.0229
Auth_Check,Auth_Check,[P203] aid tx bd 14 2 24 71 4 10 17,sendCommandChars,PASS,,,,,,,,,Sep 10 2019 2:11:34.9440 PM,Sep 10 2019 2:11:34.9670 PM,.0235
Auth_Check,Auth_Check,P203,read-64,PASS,,,,,,,,,Sep 10 2019 2:11:34.9740 PM,Sep 10 2019 2:11:34.9740 PM,.0002
Auth_Check,Auth_Check,P203,read-65,PASS,,,,,,,,,Sep 10 2019 2:11:34.9760 PM,Sep 10 2019 2:11:34.9980 PM,.022
Auth_Check,Auth_Check,[P203] aid tx bd 15 3 24 71 4 10 0 34,sendCommandChars,PASS,,,,,,,,,Sep 10 2019 2:11:34.9990 PM,Sep 10 2019 2:11:35.0340 PM,.0346
Auth_Check,Auth_Check,P203,read-66,PASS,,,,,,,,,Sep 10 2019 2:11:35.0360 PM,Sep 10 2019 2:11:35.0360 PM,.0002
Auth_Check,Auth_Check,P203,read-67,PASS,,,,,,,,,Sep 10 2019 2:11:35.0370 PM,Sep 10 2019 2:11:35.0580 PM,.0205
Auth_Check,Auth_Check,P203,read-68,PASS,,,,,,,,,Sep 10 2019 2:11:35.0600 PM,Sep 10 2019 2:11:35.0830 PM,.0237
Auth_Check,Auth_Check,[P203] aid tx bd 16 2 24 71 4 10 23,sendCommandChars,PASS,,,,,,,,,Sep 10 2019 2:11:35.0850 PM,Sep 10 2019 2:11:35.1210 PM,.0359
Auth_Check,Auth_Check,P203,read-69,PASS,,,,,,,,,Sep 10 2019 2:11:35.1230 PM,Sep 10 2019 2:11:35.1230 PM,.0001
Auth_Check,Auth_Check,P203,read-70,PASS,,,,,,,,,Sep 10 2019 2:11:35.1250 PM,Sep 10 2019 2:11:35.1480 PM,.0237
Auth_Check,Auth_Check,P203,read-71,PASS,,,,,,,,,Sep 10 2019 2:11:35.1500 PM,Sep 10 2019 2:11:35.1730 PM,.0225
Auth_Check,Auth_Check,[P203] aid tx bd 17 2 24 71 4 10 23,sendCommandChars,PASS,,,,,,,,,Sep 10 2019 2:11:35.1740 PM,Sep 10 2019 2:11:35.2090 PM,.0344
Auth_Check,Auth_Check,P203,read-72,PASS,,,,,,,,,Sep 10 2019 2:11:35.2110 PM,Sep 10 2019 2:11:35.2120 PM,.0002
Auth_Check,Auth_Check,P203,read-73,PASS,,,,,,,,,Sep 10 2019 2:11:35.2130 PM,Sep 10 2019 2:11:35.2390 PM,.0256
Auth_Check,Auth_Check,P203,read-74,PASS,,,,,,,,,Sep 10 2019 2:11:35.2410 PM,Sep 10 2019 2:11:35.2690 PM,.0282
Auth_Check,Auth_Check,[P203] aid tx bd 18 2 24 71 4 10 23,sendCommandChars,PASS,,,,,,,,,Sep 10 2019 2:11:35.2700 PM,Sep 10 2019 2:11:35.3050 PM,.0352
Auth_Check,Auth_Check,P203,read-75,PASS,,,,,,,,,Sep 10 2019 2:11:35.3080 PM,Sep 10 2019 2:11:35.3080 PM,.0002
Auth_Check,Auth_Check,P203,read-76,PASS,,,,,,,,,Sep 10 2019 2:11:35.3100 PM,Sep 10 2019 2:11:35.3390 PM,.0294
Auth_Check,Auth_Check,P203,read-77,PASS,,,,,,,,,Sep 10 2019 2:11:35.3410 PM,Sep 10 2019 2:11:35.3690 PM,.0279
Auth_Check,Auth_Check,[P203] aid tx bd 19 2 24 71 4 10 17,sendCommandChars,PASS,,,,,,,,,Sep 10 2019 2:11:35.3700 PM,Sep 10 2019 2:11:35.4060 PM,.0358
Auth_Check,Auth_Check,P203,read-78,PASS,,,,,,,,,Sep 10 2019 2:11:35.4090 PM,Sep 10 2019 2:11:35.4100 PM,.0001
Auth_Check,Auth_Check,P203,read-79,PASS,,,,,,,,,Sep 10 2019 2:11:35.4110 PM,Sep 10 2019 2:11:35.4370 PM,.0263
Auth_Check,Auth_Check,[P203] aid tx bd 1a 3 24 71 4 10 0 35,sendCommandChars,PASS,,,,,,,,,Sep 10 2019 2:11:35.4390 PM,Sep 10 2019 2:11:35.4740 PM,.0354
Auth_Check,Auth_Check,P203,read-80,PASS,,,,,,,,,Sep 10 2019 2:11:35.4770 PM,Sep 10 2019 2:11:35.4770 PM,.0002
Auth_Check,Auth_Check,P203,read-81,PASS,,,,,,,,,Sep 10 2019 2:11:35.4790 PM,Sep 10 2019 2:11:35.5000 PM,.0211
Auth_Check,Auth_Check,P203,read-82,PASS,,,,,,,,,Sep 10 2019 2:11:35.5020 PM,Sep 10 2019 2:11:35.5300 PM,.0281
Auth_Check,Auth_Check,[P203] aid tx bd 1b 2 24 71 4 10 23,sendCommandChars,PASS,,,,,,,,,Sep 10 2019 2:11:35.5310 PM,Sep 10 2019 2:11:35.5660 PM,.0349
Auth_Check,Auth_Check,P203,read-83,PASS,,,,,,,,,Sep 10 2019 2:11:35.5690 PM,Sep 10 2019 2:11:35.5690 PM,.0001
Auth_Check,Auth_Check,P203,read-84,PASS,,,,,,,,,Sep 10 2019 2:11:35.5700 PM,Sep 10 2019 2:11:35.5970 PM,.0271
Auth_Check,Auth_Check,P203,read-85,PASS,,,,,,,,,Sep 10 2019 2:11:35.5990 PM,Sep 10 2019 2:11:35.6200 PM,.0207
Auth_Check,Auth_Check,[P203] aid tx bd 1c 2 24 71 4 10 23,sendCommandChars,PASS,,,,,,,,,Sep 10 2019 2:11:35.6220 PM,Sep 10 2019 2:11:35.6580 PM,.036
Auth_Check,Auth_Check,P203,read-86,PASS,,,,,,,,,Sep 10 2019 2:11:35.6610 PM,Sep 10 2019 2:11:35.6610 PM,.0002
Auth_Check,Auth_Check,P203,read-87,PASS,,,,,,,,,Sep 10 2019 2:11:35.6620 PM,Sep 10 2019 2:11:35.6900 PM,.0278
Auth_Check,Auth_Check,P203,read-88,PASS,,,,,,,,,Sep 10 2019 2:11:35.6920 PM,Sep 10 2019 2:11:35.7200 PM,.0282
Auth_Check,Auth_Check,[P203] aid tx bd 1d 2 24 71 4 10 1a,sendCommandChars,PASS,,,,,,,,,Sep 10 2019 2:11:35.7220 PM,Sep 10 2019 2:11:35.7570 PM,.0354
Auth_Check,Auth_Check,3. Fetch cert,,PASS,,,,,,,,,Sep 10 2019 2:11:35.7590 PM,Sep 10 2019 2:11:35.7590 PM,0
Auth_Check,Auth_Check,IOFileHandle,writeCertFile,PASS,,,,,,,,,Sep 10 2019 2:11:35.7620 PM,Sep 10 2019 2:11:35.7680 PM,.0063
Auth_Check,Auth_Check,4. Save cert,,PASS,,,,,,,,,Sep 10 2019 2:11:35.7700 PM,Sep 10 2019 2:11:35.7700 PM,0
Auth_Check,Auth_Check,[Hid] /usr/local/bin/mfi-cert validate-cert v3 /Users/gdlocal/Intelli_Log/cert.der,,PASS,,,,,,,,,Sep 10 2019 2:11:35.8110 PM,Sep 10 2019 2:11:35.8110 PM,0
Auth_Check,Auth_Check,IOFileHandle,writeToFile,PASS,,,,,,,,,Sep 10 2019 2:11:35.8130 PM,Sep 10 2019 2:11:35.8130 PM,.0001
Auth_Check,Auth_Check,5. Validate cert,,PASS,,,,,,,,,Sep 10 2019 2:11:35.8140 PM,Sep 10 2019 2:11:35.8140 PM,0
Auth_Check,Auth_Check,[Hid] /usr/local/bin/mfi-cert gen-challenge /Users/gdlocal/Intelli_Log/cert.der /Users/gdlocal/Intelli_Log/challenge.bin,,PASS,,,,,,,,,Sep 10 2019 2:11:35.8500 PM,Sep 10 2019 2:11:35.8500 PM,0
Auth_Check,Auth_Check,IOFileHandle,writeToFile-2,PASS,,,,,,,,,Sep 10 2019 2:11:35.8510 PM,Sep 10 2019 2:11:35.8510 PM,.0001
Auth_Check,Auth_Check,6. Generate challenge,,PASS,,,,,,,,,Sep 10 2019 2:11:35.8520 PM,Sep 10 2019 2:11:35.8520 PM,0
Auth_Check,Auth_Check,P203,read-89,PASS,,,,,,,,,Sep 10 2019 2:11:35.8610 PM,Sep 10 2019 2:11:35.8610 PM,.0002
Auth_Check,Auth_Check,P203,read-90,PASS,,,,,,,,,Sep 10 2019 2:11:35.8620 PM,Sep 10 2019 2:11:35.8910 PM,.0286
Auth_Check,Auth_Check,[P203] aid tx bd 1e 5 24 71 4 10 0 20 00 20,sendCommandChars,PASS,,,,,,,,,Sep 10 2019 2:11:35.8920 PM,Sep 10 2019 2:11:35.9310 PM,.0383
Auth_Check,Auth_Check,P203,read-91,PASS,,,,,,,,,Sep 10 2019 2:11:35.9350 PM,Sep 10 2019 2:11:35.9350 PM,.0002
Auth_Check,Auth_Check,P203,read-92,PASS,,,,,,,,,Sep 10 2019 2:11:35.9360 PM,Sep 10 2019 2:11:35.9570 PM,.0208
Auth_Check,Auth_Check,[P203] aid tx bd 1f 23 24 71 4 10 0 21 f8 bd 43 d5 e1 da 8a c8 d5 f4 73 a4 42 78 fb a6 49 61 c7 2b 1f 1a 10 47 04 3a c3 aa b0 4c 5f e3,sendCommandChars,PASS,,,,,,,,,Sep 10 2019 2:11:35.9590 PM,Sep 10 2019 2:11:36.0300 PM,.0709
Auth_Check,Auth_Check,P203,read-93,PASS,,,,,,,,,Sep 10 2019 2:11:36.0330 PM,Sep 10 2019 2:11:36.0330 PM,.0002
Auth_Check,Auth_Check,P203,read-94,PASS,,,,,,,,,Sep 10 2019 2:11:36.0340 PM,Sep 10 2019 2:11:36.0610 PM,.027
Auth_Check,Auth_Check,[P203] aid tx bd 20 4 24 71 4 10 0 10 01,sendCommandChars,PASS,,,,,,,,,Sep 10 2019 2:11:36.0630 PM,Sep 10 2019 2:11:36.0990 PM,.0359
Auth_Check,Auth_Check,P203,read-95,PASS,,,,,,,,,Sep 10 2019 2:11:36.6760 PM,Sep 10 2019 2:11:36.6760 PM,.0002
Auth_Check,Auth_Check,P203,read-96,PASS,,,,,,,,,Sep 10 2019 2:11:36.6780 PM,Sep 10 2019 2:11:36.7050 PM,.0268
Auth_Check,Auth_Check,[P203] aid tx bd 21 3 24 71 4 10 0 10,sendCommandChars,PASS,,,,,,,,,Sep 10 2019 2:11:36.7060 PM,Sep 10 2019 2:11:36.7720 PM,.0656
Auth_Check,Auth_Check,P203,read-97,PASS,,,,,,,,,Sep 10 2019 2:11:36.7750 PM,Sep 10 2019 2:11:36.7750 PM,.0002
Auth_Check,Auth_Check,P203,read-98,PASS,,,,,,,,,Sep 10 2019 2:11:36.7760 PM,Sep 10 2019 2:11:36.8050 PM,.0289
Auth_Check,Auth_Check,P203,read-99,PASS,,,,,,,,,Sep 10 2019 2:11:36.8070 PM,Sep 10 2019 2:11:36.8350 PM,.0279
Auth_Check,Auth_Check,[P203] aid tx bd 22 2 24 71 4 10 1,sendCommandChars,PASS,,,,,,,,,Sep 10 2019 2:11:36.8370 PM,Sep 10 2019 2:11:36.8720 PM,.0346
Auth_Check,Auth_Check,7. Send challenge,,PASS,,,,,,,,,Sep 10 2019 2:11:36.8730 PM,Sep 10 2019 2:11:36.8730 PM,0
Auth_Check,Auth_Check,P203,read-100,PASS,,,,,,,,,Sep 10 2019 2:11:36.8750 PM,Sep 10 2019 2:11:36.8750 PM,.0002
Auth_Check,Auth_Check,P203,read-101,PASS,,,,,,,,,Sep 10 2019 2:11:36.8760 PM,Sep 10 2019 2:11:36.9050 PM,.0291
Auth_Check,Auth_Check,[P203] aid tx bd 23 3 24 71 4 10 0 11,sendCommandChars,PASS,,,,,,,,,Sep 10 2019 2:11:36.9070 PM,Sep 10 2019 2:11:36.9420 PM,.0355
Auth_Check,Auth_Check,P203,read-102,PASS,,,,,,,,,Sep 10 2019 2:11:36.9450 PM,Sep 10 2019 2:11:36.9450 PM,.0002
Auth_Check,Auth_Check,P203,read-103,PASS,,,,,,,,,Sep 10 2019 2:11:36.9460 PM,Sep 10 2019 2:11:36.9710 PM,.0248
Auth_Check,Auth_Check,P203,read-104,PASS,,,,,,,,,Sep 10 2019 2:11:36.9730 PM,Sep 10 2019 2:11:36.9960 PM,.0226
Auth_Check,Auth_Check,[P203] aid tx bd 24 2 24 71 4 10 2,sendCommandChars,PASS,,,,,,,,,Sep 10 2019 2:11:36.9980 PM,Sep 10 2019 2:11:37.0320 PM,.0339
Auth_Check,Auth_Check,P203,read-105,PASS,,,,,,,,,Sep 10 2019 2:11:37.0350 PM,Sep 10 2019 2:11:37.0350 PM,.0001
Auth_Check,Auth_Check,P203,read-106,PASS,,,,,,,,,Sep 10 2019 2:11:37.0360 PM,Sep 10 2019 2:11:37.0620 PM,.0257
Auth_Check,Auth_Check,[P203] aid tx bd 25 3 24 71 4 10 0 12,sendCommandChars,PASS,,,,,,,,,Sep 10 2019 2:11:37.0640 PM,Sep 10 2019 2:11:37.0990 PM,.0358
Auth_Check,Auth_Check,P203,read-107,PASS,,,,,,,,,Sep 10 2019 2:11:37.1030 PM,Sep 10 2019 2:11:37.1030 PM,.0002
Auth_Check,Auth_Check,P203,read-108,PASS,,,,,,,,,Sep 10 2019 2:11:37.1040 PM,Sep 10 2019 2:11:37.1250 PM,.0215
Auth_Check,Auth_Check,P203,read-109,PASS,,,,,,,,,Sep 10 2019 2:11:37.1280 PM,Sep 10 2019 2:11:37.1560 PM,.0288
Auth_Check,Auth_Check,[P203] aid tx bd 26 2 24 71 4 10 23,sendCommandChars,PASS,,,,,,,,,Sep 10 2019 2:11:37.1580 PM,Sep 10 2019 2:11:37.1780 PM,.0204
Auth_Check,Auth_Check,P203,read-110,PASS,,,,,,,,,Sep 10 2019 2:11:37.1810 PM,Sep 10 2019 2:11:37.1940 PM,.0133
Auth_Check,Auth_Check,P203,read-111,PASS,,,,,,,,,Sep 10 2019 2:11:37.1960 PM,Sep 10 2019 2:11:37.2170 PM,.0211
Auth_Check,Auth_Check,P203,read-112,PASS,,,,,,,,,Sep 10 2019 2:11:37.2190 PM,Sep 10 2019 2:11:37.2470 PM,.0282
Auth_Check,Auth_Check,[P203] aid tx bd 27 2 24 71 4 10 1d,sendCommandChars,PASS,,,,,,,,,Sep 10 2019 2:11:37.2490 PM,Sep 10 2019 2:11:37.2840 PM,.0357
Auth_Check,Auth_Check,IOFileHandle,writeCertFile-2,PASS,,,,,,,,,Sep 10 2019 2:11:37.2870 PM,Sep 10 2019 2:11:37.2880 PM,.0008
Auth_Check,Auth_Check,8. Get challenge response,,PASS,,,,,,,,,Sep 10 2019 2:11:37.2890 PM,Sep 10 2019 2:11:37.2890 PM,0
Auth_Check,Auth_Check,[Hid] /usr/local/bin/mfi-cert verify-response /Users/gdlocal/Intelli_Log/cert.der /Users/gdlocal/Intelli_Log/challenge.bin /Users/gdlocal/Intelli_Log/challenge_resp.bin,,PASS,,,,,,,,,Sep 10 2019 2:11:37.3550 PM,Sep 10 2019 2:11:37.3550 PM,0
Auth_Check,Auth_Check,IOFileHandle,writeToFile-3,PASS,,,,,,,,,Sep 10 2019 2:11:37.3560 PM,Sep 10 2019 2:11:37.3570 PM,.0002
Auth_Check,Auth_Check,9. Verify challenge response,,PASS,,,,,,,,,Sep 10 2019 2:11:37.3580 PM,Sep 10 2019 2:11:37.3580 PM,0
Query_MLB_SN,,,,,,,,,,,,,Sep 10 2019 2:11:37.3680 PM,Sep 10 2019 2:11:37.3690 PM,.0008
Query_MLB_SN,Query_MLB_SN,Query MLB SN,DLX9362000MN4732X,PASS,,,,,,,,,Sep 10 2019 2:11:37.3690 PM,Sep 10 2019 2:11:37.3690 PM,0
Read_MLB_SN,,,,,,,,,,,,,Sep 10 2019 2:11:37.3710 PM,Sep 10 2019 2:11:38.4230 PM,1.0519
Read_MLB_SN,Read_MLB_SN,[Hid] /usr/local/bin/hidreport -v 0x05ac -p 0x026F -i 0 get 0x12,,PASS,,,,,,,,,Sep 10 2019 2:11:38.0460 PM,Sep 10 2019 2:11:38.0460 PM,0
Read_MLB_SN,Read_MLB_SN,IOFileHandle,writeToFile,PASS,,,,,,,,,Sep 10 2019 2:11:38.0480 PM,Sep 10 2019 2:11:38.0480 PM,.0001
Read_MLB_SN,Read_MLB_SN,Read_MLB_SN,DLX9362000MN4732X,PASS,,,,,,,,,Sep 10 2019 2:11:38.4230 PM,Sep 10 2019 2:11:38.4230 PM,0
Check_MLB_SN,,,,,,,,,,,,,Sep 10 2019 2:11:38.4260 PM,Sep 10 2019 2:11:38.4280 PM,.002
Check_MLB_SN,Check_MLB_SN,Check_MLB_SN,,PASS,,,,,,,,,Sep 10 2019 2:11:38.4260 PM,Sep 10 2019 2:11:38.4260 PM,0
Check_MLB_SN,Check_MLB_SN,StationReportPlugin,appendReportData,PASS,,,,,,,,,Sep 10 2019 2:11:38.4270 PM,Sep 10 2019 2:11:38.4270 PM,0
Read_STFW_Version_Before_DL,,,,,,,,,,,,,Sep 10 2019 2:11:38.4300 PM,Sep 10 2019 2:11:38.9140 PM,.4842
Read_STFW_Version_Before_DL,Read_STFW_Version_Before_DL,[Hid] /usr/local/bin/hidreport -p 0x026F -i 0 get 0xB4,,PASS,,,,,,,,,Sep 10 2019 2:11:38.5380 PM,Sep 10 2019 2:11:38.5380 PM,0
Read_STFW_Version_Before_DL,Read_STFW_Version_Before_DL,IOFileHandle,writeToFile,PASS,,,,,,,,,Sep 10 2019 2:11:38.5400 PM,Sep 10 2019 2:11:38.5400 PM,.0001
Read_STFW_Version_Before_DL,Read_STFW_Version_Before_DL,Read_STFW_Version_Before_DL,0x0160,PASS,,,,,,,,,Sep 10 2019 2:11:38.9140 PM,Sep 10 2019 2:11:38.9140 PM,0
Read_STFW_Version_Before_DL,Read_STFW_Version_Before_DL,,,PASS,,352,NA,,,,,NA,Sep 10 2019 2:11:38.9140 PM,Sep 10 2019 2:11:38.9140 PM,0
Read_MTFW_Version_Before_DL,,,,,,,,,,,,,Sep 10 2019 2:11:38.9170 PM,Sep 10 2019 2:11:39.3460 PM,.429
Read_MTFW_Version_Before_DL,Read_MTFW_Version_Before_DL,[Hid] /usr/local/bin/hidreport -p 0x026F -i 0 get 0xbb,,PASS,,,,,,,,,Sep 10 2019 2:11:38.9740 PM,Sep 10 2019 2:11:38.9740 PM,0
Read_MTFW_Version_Before_DL,Read_MTFW_Version_Before_DL,IOFileHandle,writeToFile,PASS,,,,,,,,,Sep 10 2019 2:11:38.9760 PM,Sep 10 2019 2:11:38.9760 PM,.0001
Read_MTFW_Version_Before_DL,Read_MTFW_Version_Before_DL,Read_MTFW_Version_Before_DL,0x0505,PASS,,,,,,,,,Sep 10 2019 2:11:39.3460 PM,Sep 10 2019 2:11:39.3460 PM,0
Read_MTFW_Version_Before_DL,Read_MTFW_Version_Before_DL,,,PASS,,1285,NA,,,,,NA,Sep 10 2019 2:11:39.3460 PM,Sep 10 2019 2:11:39.3460 PM,0
Read_CCG3_FW_Version_Before_DL,,,,,,,,,,,,,Sep 10 2019 2:11:39.3490 PM,Sep 10 2019 2:11:40.3210 PM,.972
Read_CCG3_FW_Version_Before_DL,Read_CCG3_FW_Version_Before_DL,"[Hid] /usr/local/bin/hidreport -v 0x05ac -p 0x026F -usage 0xff00,0xb set 0xCE 0xCE 6 6 0",,PASS,,,,,,,,,Sep 10 2019 2:11:39.4440 PM,Sep 10 2019 2:11:39.4440 PM,0
Read_CCG3_FW_Version_Before_DL,Read_CCG3_FW_Version_Before_DL,IOFileHandle,writeToFile,PASS,,,,,,,,,Sep 10 2019 2:11:39.4460 PM,Sep 10 2019 2:11:39.4460 PM,.0001
Read_CCG3_FW_Version_Before_DL,Read_CCG3_FW_Version_Before_DL,"[Hid] /usr/local/bin/hidreport -p 0x026F -usage 0xff00,0xb get 0xA0",,PASS,,,,,,,,,Sep 10 2019 2:11:39.9460 PM,Sep 10 2019 2:11:39.9460 PM,0
Read_CCG3_FW_Version_Before_DL,Read_CCG3_FW_Version_Before_DL,IOFileHandle,writeToFile-2,PASS,,,,,,,,,Sep 10 2019 2:11:39.9480 PM,Sep 10 2019 2:11:39.9480 PM,.0001
Read_CCG3_FW_Version_Before_DL,Read_CCG3_FW_Version_Before_DL,Read_CCG3_FW_Version_Before_DL,A0 02 00 0A 00 0A 00 0A,PASS,,,,,,,,,Sep 10 2019 2:11:40.3210 PM,Sep 10 2019 2:11:40.3210 PM,0
Program_Main_FW,,,,,,,,,,,,,Sep 10 2019 2:11:40.3230 PM,Sep 10 2019 2:12:22.2350 PM,41.9122
Program_Main_FW,Program_Main_FW,[Hid] /usr/local/bin/hidreport -p 0x026F -i 0 get 0xBC,,PASS,,,,,,,,,Sep 10 2019 2:11:40.4270 PM,Sep 10 2019 2:11:40.4270 PM,0
Program_Main_FW,Program_Main_FW,IOFileHandle,writeToFile,PASS,,,,,,,,,Sep 10 2019 2:11:40.4280 PM,Sep 10 2019 2:11:40.4280 PM,.0001
Program_Main_FW,Program_Main_FW,[P203] ,sendCommand,PASS,,,,,,,,,Sep 10 2019 2:11:40.8040 PM,Sep 10 2019 2:11:40.8050 PM,.0011
Program_Main_FW,Program_Main_FW,[P203] flags ~ro,sendCommandChars,PASS,,,,,,,,,Sep 10 2019 2:11:40.8070 PM,Sep 10 2019 2:11:40.8160 PM,.009
Program_Main_FW,Program_Main_FW,P203,read,PASS,,,,,,,,,Sep 10 2019 2:11:40.8180 PM,Sep 10 2019 2:11:40.8180 PM,.0001
Program_Main_FW,Program_Main_FW,P203,read-2,PASS,,,,,,,,,Sep 10 2019 2:11:40.8190 PM,Sep 10 2019 2:11:40.8190 PM,.0001
Program_Main_FW,Program_Main_FW,P203,read-3,PASS,,,,,,,,,Sep 10 2019 2:11:40.8200 PM,Sep 10 2019 2:11:40.8210 PM,.0001
Program_Main_FW,Program_Main_FW,P203,read-4,PASS,,,,,,,,,Sep 10 2019 2:11:40.8220 PM,Sep 10 2019 2:11:40.8430 PM,.0215
Program_Main_FW,Program_Main_FW,[P203] aid hsena 1,sendCommandChars,PASS,,,,,,,,,Sep 10 2019 2:11:40.8450 PM,Sep 10 2019 2:11:40.8800 PM,.0355
Program_Main_FW,Program_Main_FW,P203,read-5,PASS,,,,,,,,,Sep 10 2019 2:11:40.8820 PM,Sep 10 2019 2:11:40.8820 PM,.0001
Program_Main_FW,Program_Main_FW,P203,read-6,PASS,,,,,,,,,Sep 10 2019 2:11:40.8830 PM,Sep 10 2019 2:11:40.9060 PM,.0225
Program_Main_FW,Program_Main_FW,HSAID enabled,,PASS,,,,,,,,,Sep 10 2019 2:11:40.9070 PM,Sep 10 2019 2:11:40.9070 PM,0
Program_Main_FW,Program_Main_FW,[Hid] /usr/local/bin/shfuc -n -v 0x05ac -p 0x026F -f /usr/local/bin/R128-v0x0160-dev-signed.128.P2.afu,,PASS,,,,,,,,,Sep 10 2019 2:12:12.6150 PM,Sep 10 2019 2:12:12.6150 PM,0
Program_Main_FW,Program_Main_FW,IOFileHandle,writeToFile-2,PASS,,,,,,,,,Sep 10 2019 2:12:12.6160 PM,Sep 10 2019 2:12:12.6170 PM,.0002
Program_Main_FW,Program_Main_FW,Program_Main_FW,,PASS,,,,,,,,,Sep 10 2019 2:12:12.9850 PM,Sep 10 2019 2:12:12.9850 PM,0
Program_Main_FW,Program_Main_FW,StationReportPlugin,appendReportData,PASS,,,,,,,,,Sep 10 2019 2:12:12.9860 PM,Sep 10 2019 2:12:12.9860 PM,0
Program_Main_FW,Program_Main_FW,[Fixture] power off,sendCommand,PASS,,,,,,,,,Sep 10 2019 2:12:16.0560 PM,Sep 10 2019 2:12:16.0690 PM,.0135
Program_Main_FW,Program_Main_FW,[Fixture] power on,sendCommand,PASS,,,,,,,,,Sep 10 2019 2:12:17.1410 PM,Sep 10 2019 2:12:17.1550 PM,.0141
Program_Main_FW,Program_Main_FW,[P203] ,sendCommand-2,PASS,,,,,,,,,Sep 10 2019 2:12:22.2300 PM,Sep 10 2019 2:12:22.2350 PM,.0051
Program_MTFW,,,,,,,,,,,,,Sep 10 2019 2:12:22.2390 PM,Sep 10 2019 2:12:47.7110 PM,25.4718
Program_MTFW,Program_MTFW,[Hid] /usr/local/bin/hidreport -p 0x026F -i 0 get 0xBC,,PASS,,,,,,,,,Sep 10 2019 2:12:22.2870 PM,Sep 10 2019 2:12:22.2870 PM,0
Program_MTFW,Program_MTFW,IOFileHandle,writeToFile,PASS,,,,,,,,,Sep 10 2019 2:12:22.2880 PM,Sep 10 2019 2:12:22.2890 PM,.0001
Program_MTFW,Program_MTFW,[P203] ,sendCommand,PASS,,,,,,,,,Sep 10 2019 2:12:22.6640 PM,Sep 10 2019 2:12:22.6650 PM,.001
Program_MTFW,Program_MTFW,[P203] flags ~ro,sendCommandChars,PASS,,,,,,,,,Sep 10 2019 2:12:22.6670 PM,Sep 10 2019 2:12:22.6710 PM,.004
Program_MTFW,Program_MTFW,P203,read,PASS,,,,,,,,,Sep 10 2019 2:12:22.6720 PM,Sep 10 2019 2:12:22.6720 PM,.0002
Program_MTFW,Program_MTFW,P203,read-2,PASS,,,,,,,,,Sep 10 2019 2:12:22.6740 PM,Sep 10 2019 2:12:22.6820 PM,.0087
Program_MTFW,Program_MTFW,P203,read-3,PASS,,,,,,,,,Sep 10 2019 2:12:22.6840 PM,Sep 10 2019 2:12:22.6840 PM,.0002
Program_MTFW,Program_MTFW,P203,read-4,PASS,,,,,,,,,Sep 10 2019 2:12:22.6850 PM,Sep 10 2019 2:12:22.7110 PM,.0259
Program_MTFW,Program_MTFW,[P203] aid hsena 1,sendCommandChars,PASS,,,,,,,,,Sep 10 2019 2:12:22.7130 PM,Sep 10 2019 2:12:22.7470 PM,.0341
Program_MTFW,Program_MTFW,P203,read-5,PASS,,,,,,,,,Sep 10 2019 2:12:22.7480 PM,Sep 10 2019 2:12:22.7480 PM,.0002
Program_MTFW,Program_MTFW,P203,read-6,PASS,,,,,,,,,Sep 10 2019 2:12:22.7500 PM,Sep 10 2019 2:12:22.7720 PM,.0219
Program_MTFW,Program_MTFW,HSAID enabled,,PASS,,,,,,,,,Sep 10 2019 2:12:22.7720 PM,Sep 10 2019 2:12:22.7720 PM,0
Program_MTFW,Program_MTFW,[Hid] /usr/local/bin/shfuc -n -v 0x05ac -p 0x026F -f /usr/local/bin/R128-MTFW-0x0505.HW3.dev-sig.afu,,PASS,,,,,,,,,Sep 10 2019 2:12:31.0740 PM,Sep 10 2019 2:12:31.0740 PM,0
Program_MTFW,Program_MTFW,IOFileHandle,writeToFile-2,PASS,,,,,,,,,Sep 10 2019 2:12:31.0750 PM,Sep 10 2019 2:12:31.0750 PM,.0002
Program_MTFW,Program_MTFW,Program_MTFW,,PASS,,,,,,,,,Sep 10 2019 2:12:31.4490 PM,Sep 10 2019 2:12:31.4490 PM,0
Program_MTFW,Program_MTFW,StationReportPlugin,appendReportData,PASS,,,,,,,,,Sep 10 2019 2:12:31.4500 PM,Sep 10 2019 2:12:31.4500 PM,0
Program_MTFW,Program_MTFW,[Fixture] power off,sendCommand,PASS,,,,,,,,,Sep 10 2019 2:12:41.5210 PM,Sep 10 2019 2:12:41.5350 PM,.0144
Program_MTFW,Program_MTFW,[Fixture] power on,sendCommand,PASS,,,,,,,,,Sep 10 2019 2:12:42.6070 PM,Sep 10 2019 2:12:42.6210 PM,.0136
Program_MTFW,Program_MTFW,[P203] ,sendCommand-2,PASS,,,,,,,,,Sep 10 2019 2:12:47.6970 PM,Sep 10 2019 2:12:47.7100 PM,.0127
Read_Main_FW_Version_After_DL,,,,,,,,,,,,,Sep 10 2019 2:12:47.7140 PM,Sep 10 2019 2:12:48.1460 PM,.4321
Read_Main_FW_Version_After_DL,Read_Main_FW_Version_After_DL,[Hid] /usr/local/bin/hidreport -p 0x026F -i 0 get 0xB4,,PASS,,,,,,,,,Sep 10 2019 2:12:47.7670 PM,Sep 10 2019 2:12:47.7670 PM,0
Read_Main_FW_Version_After_DL,Read_Main_FW_Version_After_DL,IOFileHandle,writeToFile,PASS,,,,,,,,,Sep 10 2019 2:12:47.7680 PM,Sep 10 2019 2:12:47.7690 PM,.0001
Read_Main_FW_Version_After_DL,Read_Main_FW_Version_After_DL,Read_Main_FW_Version_After_DL,0x0160,PASS,,,,,,,,,Sep 10 2019 2:12:48.1460 PM,Sep 10 2019 2:12:48.1460 PM,0
Read_Main_FW_Version_After_DL,Read_Main_FW_Version_After_DL,,,PASS,,352,NA,352,352,,,NA,Sep 10 2019 2:12:48.1460 PM,Sep 10 2019 2:12:48.1460 PM,0
Read_MTFW_After_DL,,,,,,,,,,,,,Sep 10 2019 2:12:48.1490 PM,Sep 10 2019 2:12:48.5710 PM,.4225
Read_MTFW_After_DL,Read_MTFW_After_DL,[Hid] /usr/local/bin/hidreport -p 0x026F -i 0 get 0xbb,,PASS,,,,,,,,,Sep 10 2019 2:12:48.1980 PM,Sep 10 2019 2:12:48.1980 PM,0
Read_MTFW_After_DL,Read_MTFW_After_DL,IOFileHandle,writeToFile,PASS,,,,,,,,,Sep 10 2019 2:12:48.1990 PM,Sep 10 2019 2:12:48.2000 PM,.0002
Read_MTFW_After_DL,Read_MTFW_After_DL,Read_MTFW_After_DL,0x0505,PASS,,,,,,,,,Sep 10 2019 2:12:48.5710 PM,Sep 10 2019 2:12:48.5710 PM,0
Read_MTFW_After_DL,Read_MTFW_After_DL,,,PASS,,1285,NA,1285,1285,,,NA,Sep 10 2019 2:12:48.5710 PM,Sep 10 2019 2:12:48.5710 PM,0
Read_CCG3_FW_After_DL,,,,,,,,,,,,,Sep 10 2019 2:12:48.5740 PM,Sep 10 2019 2:12:49.4960 PM,.9224
Read_CCG3_FW_After_DL,Read_CCG3_FW_After_DL,"[Hid] /usr/local/bin/hidreport -v 0x05ac -p 0x026F -usage 0xff00,0xb set 0xCE 0xCE 6 6 0",,PASS,,,,,,,,,Sep 10 2019 2:12:48.6170 PM,Sep 10 2019 2:12:48.6170 PM,0
Read_CCG3_FW_After_DL,Read_CCG3_FW_After_DL,IOFileHandle,writeToFile,PASS,,,,,,,,,Sep 10 2019 2:12:48.6180 PM,Sep 10 2019 2:12:48.6180 PM,.0001
Read_CCG3_FW_After_DL,Read_CCG3_FW_After_DL,"[Hid] /usr/local/bin/hidreport -p 0x026F -usage 0xff00,0xb get 0xA0",,PASS,,,,,,,,,Sep 10 2019 2:12:49.1180 PM,Sep 10 2019 2:12:49.1180 PM,0
Read_CCG3_FW_After_DL,Read_CCG3_FW_After_DL,IOFileHandle,writeToFile-2,PASS,,,,,,,,,Sep 10 2019 2:12:49.1190 PM,Sep 10 2019 2:12:49.1200 PM,.0002
Read_CCG3_FW_After_DL,Read_CCG3_FW_After_DL,Read_CCG3_FW_After_DL,A0 02 00 0A 00 0A 00 0A,PASS,,,,,,,,,Sep 10 2019 2:12:49.4960 PM,Sep 10 2019 2:12:49.4960 PM,0
Finish_DRCB,,,,,,,,,,,,,Sep 10 2019 2:12:49.4990 PM,Sep 10 2019 2:12:50.1500 PM,.6512
Finish_DRCB,Finish_DRCB,DRCB,Finish,PASS,,,,,,,,,Sep 10 2019 2:12:49.5000 PM,Sep 10 2019 2:12:50.1490 PM,.6487
Fixture_reset,,,,,,,,,,,,,Sep 10 2019 2:12:50.1520 PM,Sep 10 2019 2:12:50.3160 PM,.1646
Fixture_reset,Fixture_reset,[Fixture] Retract pogo,sendCommand,PASS,,,,,,,,,Sep 10 2019 2:12:50.1530 PM,Sep 10 2019 2:12:50.3160 PM,.1627
