Test,Plugin,Command,Status,Info,Start Time,End Time,Duration (s)
Scan_SN,com.apple.hwte.atlas.AppPlugin,show-form,PASS,,Sep 10 2019 2:11:13.8610 PM,Sep 10 2019 2:11:17.9020 PM,4.0417
Fixture_init,Fixture,changeDelimiter,PASS,,Sep 10 2019 2:11:17.9080 PM,Sep 10 2019 2:11:17.9080 PM,.0001
Fixture_init,Fixture,changeLineTerminator,PASS,,Sep 10 2019 2:11:17.9100 PM,Sep 10 2019 2:11:17.9100 PM,0
Fixture_init,Fixture,open,PASS,,Sep 10 2019 2:11:17.9120 PM,Sep 10 2019 2:11:19.5070 PM,1.5956
Fixture_init,Fixture,read,PASS,,Sep 10 2019 2:11:19.5090 PM,Sep 10 2019 2:11:19.5380 PM,.0289
Fixture_init,P203,changeDelimiter,PASS,,Sep 10 2019 2:11:19.5400 PM,Sep 10 2019 2:11:19.5400 PM,.0001
Fixture_init,P203,changeLineTerminator,PASS,,Sep 10 2019 2:11:19.5410 PM,Sep 10 2019 2:11:19.5420 PM,0
Fixture_init,P203,open,PASS,,Sep 10 2019 2:11:19.5430 PM,Sep 10 2019 2:11:21.1370 PM,1.594
Fixture_init,P203,read,PASS,,Sep 10 2019 2:11:21.1390 PM,Sep 10 2019 2:11:21.1640 PM,.0256
Fixture_init,Fixture,sendCommand,PASS,,Sep 10 2019 2:11:21.1660 PM,Sep 10 2019 2:11:21.1740 PM,.008
Fixture_init,Fixture,sendCommand,PASS,,Sep 10 2019 2:11:21.1750 PM,Sep 10 2019 2:11:21.1930 PM,.0172
Fixture_init,P203,sendCommand,PASS,,Sep 10 2019 2:11:22.2650 PM,Sep 10 2019 2:11:22.2800 PM,.0149
Fixture_init,Fixture,sendCommand,PASS,,Sep 10 2019 2:11:22.2810 PM,Sep 10 2019 2:11:22.3390 PM,.0578
Fixture_init,StationReportPlugin,isReporting,PASS,,Sep 10 2019 2:11:24.3920 PM,Sep 10 2019 2:11:24.3920 PM,0
Start_Data_Reporting,DRCB,startDataReporting,PASS,,Sep 10 2019 2:11:24.4000 PM,Sep 10 2019 2:11:24.4100 PM,.01
Start_Control_Bit,DRCB,startControlBits,PASS,,Sep 10 2019 2:11:24.4720 PM,Sep 10 2019 2:11:24.7740 PM,.3018
Get_SFC_Info,SFCSupport,getAttribute,PASS,,Sep 10 2019 2:11:24.7790 PM,Sep 10 2019 2:11:25.8100 PM,1.0309
Get_SFC_Info,SFCSupport,getAttribute,PASS,,Sep 10 2019 2:11:25.8130 PM,Sep 10 2019 2:11:25.8200 PM,.007
Get_SFC_Info,SFCSupport,getAttribute,PASS,,Sep 10 2019 2:11:25.8230 PM,Sep 10 2019 2:11:25.8290 PM,.0055
Get_SFC_Info,SFCSupport,getAttribute,PASS,,Sep 10 2019 2:11:25.8310 PM,Sep 10 2019 2:11:25.8340 PM,.0031
P203_FW_DEV,P203,read,PASS,,Sep 10 2019 2:11:25.8680 PM,Sep 10 2019 2:11:25.8690 PM,.0007
P203_FW_DEV,P203,read,PASS,,Sep 10 2019 2:11:25.8720 PM,Sep 10 2019 2:11:25.9010 PM,.0295
P203_FW_DEV,P203,sendCommand,PASS,,Sep 10 2019 2:11:25.9030 PM,Sep 10 2019 2:11:25.9100 PM,.0069
EP_DISABLE_TP,IOFileHandle,writeToFile,PASS,,Sep 10 2019 2:11:25.9860 PM,Sep 10 2019 2:11:25.9860 PM,.0007
EP_DISABLE_TP,IOFileHandle,writeToFile,PASS,,Sep 10 2019 2:11:26.4090 PM,Sep 10 2019 2:11:26.4090 PM,.0002
EP_DISABLE_TP,Fixture,sendCommand,PASS,,Sep 10 2019 2:11:26.7860 PM,Sep 10 2019 2:11:26.7930 PM,.0075
EP_DISABLE_TP,Fixture,sendCommand,PASS,,Sep 10 2019 2:11:27.8680 PM,Sep 10 2019 2:11:27.8790 PM,.0104
EP_DISABLE_TP,P203,sendCommand,PASS,,Sep 10 2019 2:11:32.9550 PM,Sep 10 2019 2:11:32.9560 PM,.0009
Auth_Check,P203,read,PASS,,Sep 10 2019 2:11:32.9630 PM,Sep 10 2019 2:11:32.9720 PM,.0092
Auth_Check,P203,read,PASS,,Sep 10 2019 2:11:32.9740 PM,Sep 10 2019 2:11:32.9740 PM,.0002
Auth_Check,P203,read,PASS,,Sep 10 2019 2:11:32.9760 PM,Sep 10 2019 2:11:33.0040 PM,.0286
Auth_Check,P203,sendCommandChars,PASS,,Sep 10 2019 2:11:33.0060 PM,Sep 10 2019 2:11:33.0780 PM,.0719
Auth_Check,P203,read,PASS,,Sep 10 2019 2:11:33.0830 PM,Sep 10 2019 2:11:33.0830 PM,.0002
Auth_Check,P203,read,PASS,,Sep 10 2019 2:11:33.0840 PM,Sep 10 2019 2:11:33.1150 PM,.0302
Auth_Check,P203,sendCommandChars,PASS,,Sep 10 2019 2:11:33.1160 PM,Sep 10 2019 2:11:33.1510 PM,.0349
Auth_Check,P203,read,PASS,,Sep 10 2019 2:11:33.1530 PM,Sep 10 2019 2:11:33.1530 PM,.0002
Auth_Check,P203,read,PASS,,Sep 10 2019 2:11:33.1550 PM,Sep 10 2019 2:11:33.1850 PM,.03
Auth_Check,P203,sendCommandChars,PASS,,Sep 10 2019 2:11:33.1860 PM,Sep 10 2019 2:11:33.2210 PM,.0344
Auth_Check,P203,read,PASS,,Sep 10 2019 2:11:33.2230 PM,Sep 10 2019 2:11:33.2230 PM,.0002
Auth_Check,P203,read,PASS,,Sep 10 2019 2:11:33.2250 PM,Sep 10 2019 2:11:33.2450 PM,.0208
Auth_Check,P203,sendCommandChars,PASS,,Sep 10 2019 2:11:33.2470 PM,Sep 10 2019 2:11:33.2670 PM,.0205
Auth_Check,P203,read,PASS,,Sep 10 2019 2:11:33.2700 PM,Sep 10 2019 2:11:33.2820 PM,.0125
Auth_Check,P203,read,PASS,,Sep 10 2019 2:11:33.2840 PM,Sep 10 2019 2:11:33.3050 PM,.0216
Auth_Check,P203,sendCommandChars,PASS,,Sep 10 2019 2:11:33.3070 PM,Sep 10 2019 2:11:33.3280 PM,.0208
Auth_Check,P203,read,PASS,,Sep 10 2019 2:11:33.3310 PM,Sep 10 2019 2:11:33.3310 PM,.0002
Auth_Check,P203,read,PASS,,Sep 10 2019 2:11:33.3320 PM,Sep 10 2019 2:11:33.3560 PM,.0234
Auth_Check,P203,sendCommandChars,PASS,,Sep 10 2019 2:11:33.3570 PM,Sep 10 2019 2:11:33.3940 PM,.0364
Auth_Check,P203,read,PASS,,Sep 10 2019 2:11:33.3960 PM,Sep 10 2019 2:11:33.3960 PM,.0002
Auth_Check,P203,read,PASS,,Sep 10 2019 2:11:33.3970 PM,Sep 10 2019 2:11:33.4180 PM,.0209
Auth_Check,P203,read,PASS,,Sep 10 2019 2:11:33.4200 PM,Sep 10 2019 2:11:33.4460 PM,.0255
Auth_Check,P203,sendCommandChars,PASS,,Sep 10 2019 2:11:33.4470 PM,Sep 10 2019 2:11:33.4840 PM,.0371
Auth_Check,P203,read,PASS,,Sep 10 2019 2:11:33.4890 PM,Sep 10 2019 2:11:33.4890 PM,.0002
Auth_Check,P203,read,PASS,,Sep 10 2019 2:11:33.4900 PM,Sep 10 2019 2:11:33.5130 PM,.0229
Auth_Check,P203,sendCommandChars,PASS,,Sep 10 2019 2:11:33.5150 PM,Sep 10 2019 2:11:33.5510 PM,.0352
Auth_Check,P203,read,PASS,,Sep 10 2019 2:11:33.5540 PM,Sep 10 2019 2:11:33.5540 PM,.0002
Auth_Check,P203,read,PASS,,Sep 10 2019 2:11:33.5560 PM,Sep 10 2019 2:11:33.5860 PM,.0298
Auth_Check,P203,read,PASS,,Sep 10 2019 2:11:33.5880 PM,Sep 10 2019 2:11:33.6100 PM,.0217
Auth_Check,P203,sendCommandChars,PASS,,Sep 10 2019 2:11:33.6120 PM,Sep 10 2019 2:11:33.6470 PM,.0354
Auth_Check,P203,read,PASS,,Sep 10 2019 2:11:33.6510 PM,Sep 10 2019 2:11:33.6510 PM,.0002
Auth_Check,P203,read,PASS,,Sep 10 2019 2:11:33.6520 PM,Sep 10 2019 2:11:33.6760 PM,.0239
Auth_Check,P203,sendCommandChars,PASS,,Sep 10 2019 2:11:33.6780 PM,Sep 10 2019 2:11:33.7130 PM,.0354
Auth_Check,P203,read,PASS,,Sep 10 2019 2:11:33.7170 PM,Sep 10 2019 2:11:33.7170 PM,.0002
Auth_Check,P203,read,PASS,,Sep 10 2019 2:11:33.7180 PM,Sep 10 2019 2:11:33.7460 PM,.028
Auth_Check,P203,read,PASS,,Sep 10 2019 2:11:33.7480 PM,Sep 10 2019 2:11:33.7760 PM,.0279
Auth_Check,P203,sendCommandChars,PASS,,Sep 10 2019 2:11:33.7780 PM,Sep 10 2019 2:11:33.8130 PM,.0351
Auth_Check,P203,read,PASS,,Sep 10 2019 2:11:33.8160 PM,Sep 10 2019 2:11:33.8160 PM,.0002
Auth_Check,P203,read,PASS,,Sep 10 2019 2:11:33.8170 PM,Sep 10 2019 2:11:33.8390 PM,.0219
Auth_Check,P203,read,PASS,,Sep 10 2019 2:11:33.8420 PM,Sep 10 2019 2:11:33.8660 PM,.0247
Auth_Check,P203,sendCommandChars,PASS,,Sep 10 2019 2:11:33.8680 PM,Sep 10 2019 2:11:33.9040 PM,.0364
Auth_Check,P203,read,PASS,,Sep 10 2019 2:11:33.9080 PM,Sep 10 2019 2:11:33.9080 PM,.0002
Auth_Check,P203,read,PASS,,Sep 10 2019 2:11:33.9100 PM,Sep 10 2019 2:11:33.9360 PM,.0261
Auth_Check,P203,read,PASS,,Sep 10 2019 2:11:33.9380 PM,Sep 10 2019 2:11:33.9600 PM,.0214
Auth_Check,P203,sendCommandChars,PASS,,Sep 10 2019 2:11:33.9610 PM,Sep 10 2019 2:11:33.9830 PM,.0223
Auth_Check,P203,read,PASS,,Sep 10 2019 2:11:33.9870 PM,Sep 10 2019 2:11:33.9870 PM,.0002
Auth_Check,P203,read,PASS,,Sep 10 2019 2:11:33.9890 PM,Sep 10 2019 2:11:34.0180 PM,.0285
Auth_Check,P203,read,PASS,,Sep 10 2019 2:11:34.0200 PM,Sep 10 2019 2:11:34.0460 PM,.0269
Auth_Check,P203,sendCommandChars,PASS,,Sep 10 2019 2:11:34.0480 PM,Sep 10 2019 2:11:34.0830 PM,.0349
Auth_Check,P203,read,PASS,,Sep 10 2019 2:11:34.0860 PM,Sep 10 2019 2:11:34.0870 PM,.0002
Auth_Check,P203,read,PASS,,Sep 10 2019 2:11:34.0880 PM,Sep 10 2019 2:11:34.1110 PM,.0226
Auth_Check,P203,sendCommandChars,PASS,,Sep 10 2019 2:11:34.1130 PM,Sep 10 2019 2:11:34.1490 PM,.0357
Auth_Check,P203,read,PASS,,Sep 10 2019 2:11:34.1530 PM,Sep 10 2019 2:11:34.1530 PM,.0002
Auth_Check,P203,read,PASS,,Sep 10 2019 2:11:34.1540 PM,Sep 10 2019 2:11:34.1820 PM,.0275
Auth_Check,P203,read,PASS,,Sep 10 2019 2:11:34.1840 PM,Sep 10 2019 2:11:34.2050 PM,.0211
Auth_Check,P203,sendCommandChars,PASS,,Sep 10 2019 2:11:34.2080 PM,Sep 10 2019 2:11:34.2500 PM,.0414
Auth_Check,P203,read,PASS,,Sep 10 2019 2:11:34.2540 PM,Sep 10 2019 2:11:34.2550 PM,.0003
Auth_Check,P203,read,PASS,,Sep 10 2019 2:11:34.2560 PM,Sep 10 2019 2:11:34.2790 PM,.0225
Auth_Check,P203,read,PASS,,Sep 10 2019 2:11:34.2830 PM,Sep 10 2019 2:11:34.3030 PM,.0207
Auth_Check,P203,sendCommandChars,PASS,,Sep 10 2019 2:11:34.3050 PM,Sep 10 2019 2:11:34.3310 PM,.0261
Auth_Check,P203,read,PASS,,Sep 10 2019 2:11:34.3360 PM,Sep 10 2019 2:11:34.3360 PM,.0003
Auth_Check,P203,read,PASS,,Sep 10 2019 2:11:34.3380 PM,Sep 10 2019 2:11:34.3590 PM,.0207
Auth_Check,P203,read,PASS,,Sep 10 2019 2:11:34.3620 PM,Sep 10 2019 2:11:34.3870 PM,.025
Auth_Check,P203,sendCommandChars,PASS,,Sep 10 2019 2:11:34.3880 PM,Sep 10 2019 2:11:34.4100 PM,.022
Auth_Check,P203,read,PASS,,Sep 10 2019 2:11:34.4140 PM,Sep 10 2019 2:11:34.4260 PM,.0118
Auth_Check,P203,read,PASS,,Sep 10 2019 2:11:34.4280 PM,Sep 10 2019 2:11:34.4530 PM,.0253
Auth_Check,P203,read,PASS,,Sep 10 2019 2:11:34.4560 PM,Sep 10 2019 2:11:34.4780 PM,.0222
Auth_Check,P203,sendCommandChars,PASS,,Sep 10 2019 2:11:34.4800 PM,Sep 10 2019 2:11:34.5250 PM,.0451
Auth_Check,P203,read,PASS,,Sep 10 2019 2:11:34.5310 PM,Sep 10 2019 2:11:34.5310 PM,.0002
Auth_Check,P203,read,PASS,,Sep 10 2019 2:11:34.5330 PM,Sep 10 2019 2:11:34.5560 PM,.0223
Auth_Check,P203,sendCommandChars,PASS,,Sep 10 2019 2:11:34.5580 PM,Sep 10 2019 2:11:34.5950 PM,.0373
Auth_Check,P203,read,PASS,,Sep 10 2019 2:11:34.5990 PM,Sep 10 2019 2:11:34.5990 PM,.0003
Auth_Check,P203,read,PASS,,Sep 10 2019 2:11:34.6020 PM,Sep 10 2019 2:11:34.6240 PM,.0224
Auth_Check,P203,read,PASS,,Sep 10 2019 2:11:34.6280 PM,Sep 10 2019 2:11:34.6530 PM,.0247
Auth_Check,P203,sendCommandChars,PASS,,Sep 10 2019 2:11:34.6570 PM,Sep 10 2019 2:11:34.6940 PM,.037
Auth_Check,P203,read,PASS,,Sep 10 2019 2:11:34.6970 PM,Sep 10 2019 2:11:34.6970 PM,.0002
Auth_Check,P203,read,PASS,,Sep 10 2019 2:11:34.6990 PM,Sep 10 2019 2:11:34.7280 PM,.0291
Auth_Check,P203,read,PASS,,Sep 10 2019 2:11:34.7290 PM,Sep 10 2019 2:11:34.7570 PM,.028
Auth_Check,P203,sendCommandChars,PASS,,Sep 10 2019 2:11:34.7590 PM,Sep 10 2019 2:11:34.7950 PM,.0361
Auth_Check,P203,read,PASS,,Sep 10 2019 2:11:34.7980 PM,Sep 10 2019 2:11:34.7980 PM,.0002
Auth_Check,P203,read,PASS,,Sep 10 2019 2:11:34.8000 PM,Sep 10 2019 2:11:34.8210 PM,.0215
Auth_Check,P203,read,PASS,,Sep 10 2019 2:11:34.8240 PM,Sep 10 2019 2:11:34.8480 PM,.0237
Auth_Check,P203,sendCommandChars,PASS,,Sep 10 2019 2:11:34.8490 PM,Sep 10 2019 2:11:34.8890 PM,.0397
Auth_Check,P203,read,PASS,,Sep 10 2019 2:11:34.8930 PM,Sep 10 2019 2:11:34.8940 PM,.0002
Auth_Check,P203,read,PASS,,Sep 10 2019 2:11:34.8950 PM,Sep 10 2019 2:11:34.9160 PM,.0215
Auth_Check,P203,read,PASS,,Sep 10 2019 2:11:34.9190 PM,Sep 10 2019 2:11:34.9420 PM,.023
Auth_Check,P203,sendCommandChars,PASS,,Sep 10 2019 2:11:34.9440 PM,Sep 10 2019 2:11:34.9670 PM,.0235
Auth_Check,P203,read,PASS,,Sep 10 2019 2:11:34.9740 PM,Sep 10 2019 2:11:34.9740 PM,.0002
Auth_Check,P203,read,PASS,,Sep 10 2019 2:11:34.9760 PM,Sep 10 2019 2:11:34.9980 PM,.022
Auth_Check,P203,sendCommandChars,PASS,,Sep 10 2019 2:11:34.9990 PM,Sep 10 2019 2:11:35.0340 PM,.0346
Auth_Check,P203,read,PASS,,Sep 10 2019 2:11:35.0360 PM,Sep 10 2019 2:11:35.0360 PM,.0002
Auth_Check,P203,read,PASS,,Sep 10 2019 2:11:35.0370 PM,Sep 10 2019 2:11:35.0580 PM,.0205
Auth_Check,P203,read,PASS,,Sep 10 2019 2:11:35.0600 PM,Sep 10 2019 2:11:35.0830 PM,.0237
Auth_Check,P203,sendCommandChars,PASS,,Sep 10 2019 2:11:35.0850 PM,Sep 10 2019 2:11:35.1210 PM,.0359
Auth_Check,P203,read,PASS,,Sep 10 2019 2:11:35.1230 PM,Sep 10 2019 2:11:35.1230 PM,.0001
Auth_Check,P203,read,PASS,,Sep 10 2019 2:11:35.1250 PM,Sep 10 2019 2:11:35.1480 PM,.0237
Auth_Check,P203,read,PASS,,Sep 10 2019 2:11:35.1500 PM,Sep 10 2019 2:11:35.1730 PM,.0226
Auth_Check,P203,sendCommandChars,PASS,,Sep 10 2019 2:11:35.1740 PM,Sep 10 2019 2:11:35.2090 PM,.0344
Auth_Check,P203,read,PASS,,Sep 10 2019 2:11:35.2110 PM,Sep 10 2019 2:11:35.2120 PM,.0002
Auth_Check,P203,read,PASS,,Sep 10 2019 2:11:35.2130 PM,Sep 10 2019 2:11:35.2390 PM,.0256
Auth_Check,P203,read,PASS,,Sep 10 2019 2:11:35.2410 PM,Sep 10 2019 2:11:35.2690 PM,.0282
Auth_Check,P203,sendCommandChars,PASS,,Sep 10 2019 2:11:35.2700 PM,Sep 10 2019 2:11:35.3050 PM,.0352
Auth_Check,P203,read,PASS,,Sep 10 2019 2:11:35.3080 PM,Sep 10 2019 2:11:35.3080 PM,.0002
Auth_Check,P203,read,PASS,,Sep 10 2019 2:11:35.3100 PM,Sep 10 2019 2:11:35.3390 PM,.0294
Auth_Check,P203,read,PASS,,Sep 10 2019 2:11:35.3410 PM,Sep 10 2019 2:11:35.3690 PM,.028
Auth_Check,P203,sendCommandChars,PASS,,Sep 10 2019 2:11:35.3700 PM,Sep 10 2019 2:11:35.4060 PM,.0358
Auth_Check,P203,read,PASS,,Sep 10 2019 2:11:35.4090 PM,Sep 10 2019 2:11:35.4100 PM,.0002
Auth_Check,P203,read,PASS,,Sep 10 2019 2:11:35.4110 PM,Sep 10 2019 2:11:35.4370 PM,.0263
Auth_Check,P203,sendCommandChars,PASS,,Sep 10 2019 2:11:35.4390 PM,Sep 10 2019 2:11:35.4740 PM,.0355
Auth_Check,P203,read,PASS,,Sep 10 2019 2:11:35.4770 PM,Sep 10 2019 2:11:35.4770 PM,.0003
Auth_Check,P203,read,PASS,,Sep 10 2019 2:11:35.4790 PM,Sep 10 2019 2:11:35.5000 PM,.0211
Auth_Check,P203,read,PASS,,Sep 10 2019 2:11:35.5020 PM,Sep 10 2019 2:11:35.5300 PM,.0281
Auth_Check,P203,sendCommandChars,PASS,,Sep 10 2019 2:11:35.5310 PM,Sep 10 2019 2:11:35.5660 PM,.0349
Auth_Check,P203,read,PASS,,Sep 10 2019 2:11:35.5690 PM,Sep 10 2019 2:11:35.5690 PM,.0002
Auth_Check,P203,read,PASS,,Sep 10 2019 2:11:35.5700 PM,Sep 10 2019 2:11:35.5970 PM,.0271
Auth_Check,P203,read,PASS,,Sep 10 2019 2:11:35.5990 PM,Sep 10 2019 2:11:35.6200 PM,.0207
Auth_Check,P203,sendCommandChars,PASS,,Sep 10 2019 2:11:35.6220 PM,Sep 10 2019 2:11:35.6580 PM,.036
Auth_Check,P203,read,PASS,,Sep 10 2019 2:11:35.6610 PM,Sep 10 2019 2:11:35.6610 PM,.0003
Auth_Check,P203,read,PASS,,Sep 10 2019 2:11:35.6620 PM,Sep 10 2019 2:11:35.6900 PM,.0278
Auth_Check,P203,read,PASS,,Sep 10 2019 2:11:35.6920 PM,Sep 10 2019 2:11:35.7200 PM,.0282
Auth_Check,P203,sendCommandChars,PASS,,Sep 10 2019 2:11:35.7220 PM,Sep 10 2019 2:11:35.7570 PM,.0355
Auth_Check,IOFileHandle,writeCertFile,PASS,,Sep 10 2019 2:11:35.7620 PM,Sep 10 2019 2:11:35.7680 PM,.0063
Auth_Check,IOFileHandle,writeToFile,PASS,,Sep 10 2019 2:11:35.8130 PM,Sep 10 2019 2:11:35.8130 PM,.0002
Auth_Check,IOFileHandle,writeToFile,PASS,,Sep 10 2019 2:11:35.8510 PM,Sep 10 2019 2:11:35.8510 PM,.0001
Auth_Check,P203,read,PASS,,Sep 10 2019 2:11:35.8610 PM,Sep 10 2019 2:11:35.8610 PM,.0002
Auth_Check,P203,read,PASS,,Sep 10 2019 2:11:35.8620 PM,Sep 10 2019 2:11:35.8910 PM,.0286
Auth_Check,P203,sendCommandChars,PASS,,Sep 10 2019 2:11:35.8920 PM,Sep 10 2019 2:11:35.9310 PM,.0383
Auth_Check,P203,read,PASS,,Sep 10 2019 2:11:35.9350 PM,Sep 10 2019 2:11:35.9350 PM,.0002
Auth_Check,P203,read,PASS,,Sep 10 2019 2:11:35.9360 PM,Sep 10 2019 2:11:35.9570 PM,.0208
Auth_Check,P203,sendCommandChars,PASS,,Sep 10 2019 2:11:35.9590 PM,Sep 10 2019 2:11:36.0300 PM,.0709
Auth_Check,P203,read,PASS,,Sep 10 2019 2:11:36.0330 PM,Sep 10 2019 2:11:36.0330 PM,.0002
Auth_Check,P203,read,PASS,,Sep 10 2019 2:11:36.0340 PM,Sep 10 2019 2:11:36.0610 PM,.027
Auth_Check,P203,sendCommandChars,PASS,,Sep 10 2019 2:11:36.0630 PM,Sep 10 2019 2:11:36.0990 PM,.0359
Auth_Check,P203,read,PASS,,Sep 10 2019 2:11:36.6760 PM,Sep 10 2019 2:11:36.6760 PM,.0002
Auth_Check,P203,read,PASS,,Sep 10 2019 2:11:36.6780 PM,Sep 10 2019 2:11:36.7050 PM,.0269
Auth_Check,P203,sendCommandChars,PASS,,Sep 10 2019 2:11:36.7060 PM,Sep 10 2019 2:11:36.7720 PM,.0657
Auth_Check,P203,read,PASS,,Sep 10 2019 2:11:36.7750 PM,Sep 10 2019 2:11:36.7750 PM,.0002
Auth_Check,P203,read,PASS,,Sep 10 2019 2:11:36.7760 PM,Sep 10 2019 2:11:36.8050 PM,.0289
Auth_Check,P203,read,PASS,,Sep 10 2019 2:11:36.8070 PM,Sep 10 2019 2:11:36.8350 PM,.0279
Auth_Check,P203,sendCommandChars,PASS,,Sep 10 2019 2:11:36.8370 PM,Sep 10 2019 2:11:36.8720 PM,.0346
Auth_Check,P203,read,PASS,,Sep 10 2019 2:11:36.8750 PM,Sep 10 2019 2:11:36.8750 PM,.0002
Auth_Check,P203,read,PASS,,Sep 10 2019 2:11:36.8760 PM,Sep 10 2019 2:11:36.9050 PM,.0292
Auth_Check,P203,sendCommandChars,PASS,,Sep 10 2019 2:11:36.9070 PM,Sep 10 2019 2:11:36.9420 PM,.0355
Auth_Check,P203,read,PASS,,Sep 10 2019 2:11:36.9450 PM,Sep 10 2019 2:11:36.9450 PM,.0002
Auth_Check,P203,read,PASS,,Sep 10 2019 2:11:36.9460 PM,Sep 10 2019 2:11:36.9710 PM,.0248
Auth_Check,P203,read,PASS,,Sep 10 2019 2:11:36.9730 PM,Sep 10 2019 2:11:36.9960 PM,.0226
Auth_Check,P203,sendCommandChars,PASS,,Sep 10 2019 2:11:36.9980 PM,Sep 10 2019 2:11:37.0320 PM,.0339
Auth_Check,P203,read,PASS,,Sep 10 2019 2:11:37.0350 PM,Sep 10 2019 2:11:37.0350 PM,.0002
Auth_Check,P203,read,PASS,,Sep 10 2019 2:11:37.0360 PM,Sep 10 2019 2:11:37.0620 PM,.0257
Auth_Check,P203,sendCommandChars,PASS,,Sep 10 2019 2:11:37.0640 PM,Sep 10 2019 2:11:37.0990 PM,.0359
Auth_Check,P203,read,PASS,,Sep 10 2019 2:11:37.1020 PM,Sep 10 2019 2:11:37.1030 PM,.0002
Auth_Check,P203,read,PASS,,Sep 10 2019 2:11:37.1040 PM,Sep 10 2019 2:11:37.1250 PM,.0215
Auth_Check,P203,read,PASS,,Sep 10 2019 2:11:37.1280 PM,Sep 10 2019 2:11:37.1560 PM,.0288
Auth_Check,P203,sendCommandChars,PASS,,Sep 10 2019 2:11:37.1580 PM,Sep 10 2019 2:11:37.1780 PM,.0204
Auth_Check,P203,read,PASS,,Sep 10 2019 2:11:37.1810 PM,Sep 10 2019 2:11:37.1940 PM,.0133
Auth_Check,P203,read,PASS,,Sep 10 2019 2:11:37.1960 PM,Sep 10 2019 2:11:37.2170 PM,.0211
Auth_Check,P203,read,PASS,,Sep 10 2019 2:11:37.2190 PM,Sep 10 2019 2:11:37.2470 PM,.0282
Auth_Check,P203,sendCommandChars,PASS,,Sep 10 2019 2:11:37.2490 PM,Sep 10 2019 2:11:37.2840 PM,.0357
Auth_Check,IOFileHandle,writeCertFile,PASS,,Sep 10 2019 2:11:37.2870 PM,Sep 10 2019 2:11:37.2880 PM,.0009
Auth_Check,IOFileHandle,writeToFile,PASS,,Sep 10 2019 2:11:37.3560 PM,Sep 10 2019 2:11:37.3570 PM,.0002
Read_MLB_SN,IOFileHandle,writeToFile,PASS,,Sep 10 2019 2:11:38.0480 PM,Sep 10 2019 2:11:38.0480 PM,.0001
Check_MLB_SN,StationReportPlugin,appendReportData,PASS,,Sep 10 2019 2:11:38.4270 PM,Sep 10 2019 2:11:38.4270 PM,0
Read_STFW_Version_Before_DL,IOFileHandle,writeToFile,PASS,,Sep 10 2019 2:11:38.5390 PM,Sep 10 2019 2:11:38.5400 PM,.0002
Read_MTFW_Version_Before_DL,IOFileHandle,writeToFile,PASS,,Sep 10 2019 2:11:38.9760 PM,Sep 10 2019 2:11:38.9760 PM,.0001
Read_CCG3_FW_Version_Before_DL,IOFileHandle,writeToFile,PASS,,Sep 10 2019 2:11:39.4460 PM,Sep 10 2019 2:11:39.4460 PM,.0002
Read_CCG3_FW_Version_Before_DL,IOFileHandle,writeToFile,PASS,,Sep 10 2019 2:11:39.9480 PM,Sep 10 2019 2:11:39.9480 PM,.0001
Program_Main_FW,IOFileHandle,writeToFile,PASS,,Sep 10 2019 2:11:40.4280 PM,Sep 10 2019 2:11:40.4280 PM,.0002
Program_Main_FW,P203,sendCommand,PASS,,Sep 10 2019 2:11:40.8040 PM,Sep 10 2019 2:11:40.8050 PM,.0011
Program_Main_FW,P203,sendCommandChars,PASS,,Sep 10 2019 2:11:40.8070 PM,Sep 10 2019 2:11:40.8160 PM,.009
Program_Main_FW,P203,read,PASS,,Sep 10 2019 2:11:40.8180 PM,Sep 10 2019 2:11:40.8180 PM,.0001
Program_Main_FW,P203,read,PASS,,Sep 10 2019 2:11:40.8190 PM,Sep 10 2019 2:11:40.8190 PM,.0002
Program_Main_FW,P203,read,PASS,,Sep 10 2019 2:11:40.8200 PM,Sep 10 2019 2:11:40.8210 PM,.0002
Program_Main_FW,P203,read,PASS,,Sep 10 2019 2:11:40.8220 PM,Sep 10 2019 2:11:40.8430 PM,.0215
Program_Main_FW,P203,sendCommandChars,PASS,,Sep 10 2019 2:11:40.8450 PM,Sep 10 2019 2:11:40.8800 PM,.0356
Program_Main_FW,P203,read,PASS,,Sep 10 2019 2:11:40.8820 PM,Sep 10 2019 2:11:40.8820 PM,.0002
Program_Main_FW,P203,read,PASS,,Sep 10 2019 2:11:40.8830 PM,Sep 10 2019 2:11:40.9060 PM,.0226
Program_Main_FW,IOFileHandle,writeToFile,PASS,,Sep 10 2019 2:12:12.6160 PM,Sep 10 2019 2:12:12.6170 PM,.0002
Program_Main_FW,StationReportPlugin,appendReportData,PASS,,Sep 10 2019 2:12:12.9860 PM,Sep 10 2019 2:12:12.9860 PM,0
Program_Main_FW,Fixture,sendCommand,PASS,,Sep 10 2019 2:12:16.0560 PM,Sep 10 2019 2:12:16.0690 PM,.0136
Program_Main_FW,Fixture,sendCommand,PASS,,Sep 10 2019 2:12:17.1410 PM,Sep 10 2019 2:12:17.1550 PM,.0141
Program_Main_FW,P203,sendCommand,PASS,,Sep 10 2019 2:12:22.2300 PM,Sep 10 2019 2:12:22.2350 PM,.0052
Program_MTFW,IOFileHandle,writeToFile,PASS,,Sep 10 2019 2:12:22.2880 PM,Sep 10 2019 2:12:22.2890 PM,.0002
Program_MTFW,P203,sendCommand,PASS,,Sep 10 2019 2:12:22.6640 PM,Sep 10 2019 2:12:22.6650 PM,.0011
Program_MTFW,P203,sendCommandChars,PASS,,Sep 10 2019 2:12:22.6670 PM,Sep 10 2019 2:12:22.6710 PM,.004
Program_MTFW,P203,read,PASS,,Sep 10 2019 2:12:22.6720 PM,Sep 10 2019 2:12:22.6720 PM,.0002
Program_MTFW,P203,read,PASS,,Sep 10 2019 2:12:22.6740 PM,Sep 10 2019 2:12:22.6820 PM,.0087
Program_MTFW,P203,read,PASS,,Sep 10 2019 2:12:22.6840 PM,Sep 10 2019 2:12:22.6840 PM,.0002
Program_MTFW,P203,read,PASS,,Sep 10 2019 2:12:22.6850 PM,Sep 10 2019 2:12:22.7110 PM,.0259
Program_MTFW,P203,sendCommandChars,PASS,,Sep 10 2019 2:12:22.7130 PM,Sep 10 2019 2:12:22.7470 PM,.0341
Program_MTFW,P203,read,PASS,,Sep 10 2019 2:12:22.7480 PM,Sep 10 2019 2:12:22.7480 PM,.0002
Program_MTFW,P203,read,PASS,,Sep 10 2019 2:12:22.7500 PM,Sep 10 2019 2:12:22.7720 PM,.022
Program_MTFW,IOFileHandle,writeToFile,PASS,,Sep 10 2019 2:12:31.0750 PM,Sep 10 2019 2:12:31.0750 PM,.0002
Program_MTFW,StationReportPlugin,appendReportData,PASS,,Sep 10 2019 2:12:31.4500 PM,Sep 10 2019 2:12:31.4500 PM,0
Program_MTFW,Fixture,sendCommand,PASS,,Sep 10 2019 2:12:41.5210 PM,Sep 10 2019 2:12:41.5350 PM,.0144
Program_MTFW,Fixture,sendCommand,PASS,,Sep 10 2019 2:12:42.6070 PM,Sep 10 2019 2:12:42.6210 PM,.0136
Program_MTFW,P203,sendCommand,PASS,,Sep 10 2019 2:12:47.6970 PM,Sep 10 2019 2:12:47.7100 PM,.0127
Read_Main_FW_Version_After_DL,IOFileHandle,writeToFile,PASS,,Sep 10 2019 2:12:47.7680 PM,Sep 10 2019 2:12:47.7690 PM,.0002
Read_MTFW_After_DL,IOFileHandle,writeToFile,PASS,,Sep 10 2019 2:12:48.1990 PM,Sep 10 2019 2:12:48.2000 PM,.0002
Read_CCG3_FW_After_DL,IOFileHandle,writeToFile,PASS,,Sep 10 2019 2:12:48.6180 PM,Sep 10 2019 2:12:48.6180 PM,.0002
Read_CCG3_FW_After_DL,IOFileHandle,writeToFile,PASS,,Sep 10 2019 2:12:49.1190 PM,Sep 10 2019 2:12:49.1200 PM,.0002
Finish_DRCB,DRCB,finish,PASS,,Sep 10 2019 2:12:49.5000 PM,Sep 10 2019 2:12:50.1490 PM,.6487
Fixture_reset,Fixture,sendCommand,PASS,,Sep 10 2019 2:12:50.1530 PM,Sep 10 2019 2:12:50.3160 PM,.1628
