GATEKEEPER,V1.1.3.2
Site, Product, SerialNumber, Special Build Name, Special Build Description, Unit Number, Station ID, Test Pass/Fail Status, StartTime, EndTime, Version, List of Failing Tests,Scan_FG_SN,Start Data Reporting,Start Data Reporting,Start Data Reporting,Start Data Reporting,Check_All_CB - CB_STATUS_MLB-FCT,Check_All_CB - ABS_ERASE_MLB-FCT,Check_All_CB - ABS_FAIL_MLB-FCT,Check_All_CB - REL_FAIL_MLB-FCT,Check_All_CB - CB_STATUS_TEST1,Check_All_CB - ABS_ERASE_TEST1,Check_All_CB - ABS_FAIL_TEST1,Check_All_CB - REL_FAIL_TEST1,Check_All_CB - CB_STATUS_QT0,Check_All_CB - ABS_ERASE_QT0,Check_All_CB - ABS_FAIL_QT0,Check_All_CB - REL_FAIL_QT0,Check_All_CB - CB_STATUS_DFU2-FTW,Check_All_CB - ABS_ERASE_DFU2-FTW,Check_All_CB - ABS_FAIL_DFU2-FTW,Check_All_CB - REL_FAIL_DFU2-FTW,Check_All_CB - CB_STATUS_QT1,Check_All_CB - ABS_ERASE_QT1,Check_All_CB - ABS_FAIL_QT1,Check_All_CB - REL_FAIL_QT1,Check_All_CB - CB_STATUS_LED-TEST,Check_All_CB - ABS_ERASE_LED-TEST,Check_All_CB - ABS_FAIL_LED-TEST,Check_All_CB - REL_FAIL_LED-TEST,Check_All_CB - CB_STATUS_KEY-FORCE,Check_All_CB - ABS_ERASE_KEY-FORCE,Check_All_CB - ABS_FAIL_KEY-FORCE,Check_All_CB - REL_FAIL_KEY-FORCE,Check_All_CB - CB_STATUS_TEST2,Check_All_CB - ABS_ERASE_TEST2,Check_All_CB - ABS_FAIL_TEST2,Check_All_CB - REL_FAIL_TEST2,Check_All_CB - CB_STATUS_MMI,Check_All_CB - ABS_ERASE_MMI,Check_All_CB - ABS_FAIL_MMI,Check_All_CB - REL_FAIL_MMI,Check_All_CB - CB_STATUS_SW-DOWNLOAD,Check_All_CB - ABS_ERASE_SW-DOWNLOAD,Check_All_CB - ABS_FAIL_SW-DOWNLOAD,Check_All_CB - REL_FAIL_SW-DOWNLOAD,Check_Bootargs_Status,Read_FG_SN,Compare_FG_SN,MLB_SN,WO_SN,UNIT_LBL,BUILD_EVENT,S_BUILD,KBM_SN,BACKLIGHT_SN,TRACKPAD_SN,TOUCH_FLEX_SN,Check_EP_Status,EP_Enable_All,STFW - STFW,STFW,Read_HW_Version - Read_HW_Version,Read_HW_Version,GreenPAK_ID - GreenPAK_ID,GreenPAK_ID,TOUCH_FW - TOUCH_FW,TOUCH_FW,Read_CCG3_FW,Production_Signed_Check - Production_Signed_Check,Production_Signed_Check,Read_KBD_HW_Layout - Read_KBD_HW_Layout,Read_KBD_HW_Layout,Get_KBD_HW_Layout - Read_KBD_HW_Layout,Get_KBD_HW_Layout,Compare_KBD_HW_Layout,Read_MLB_Lang,Get_KBD_Lang,Check_KBD_Lang,Read_MFI_Address - Read_MFI_Address,Read_MFI_Address,System_Critical_Errors - CRIT_ERR_E1_PART1,System_Critical_Errors - CRIT_ERR_E1_PART2,FW_Update_Critical_Errors - CRIT_ERR_E2_PART1,FW_Update_Critical_Errors - CRIT_ERR_E2_PART2,FW_Update_Critical_Errors - CRIT_ERR_E2_PART3,Key_Scan_Critical_Errors - CRIT_ERR_E7_PART1,Key_Scan_Critical_Errors - CRIT_ERR_E7_PART2,Key_Scan_Critical_Errors - CRIT_ERR_E7_PART3,Key_Scan_Critical_Errors - CRIT_ERR_E7_PART4,USBC_Critical_Errors - CRIT_ERR_E3_PART1,USBC_Critical_Errors - CRIT_ERR_E3_PART2,USBC_Critical_Errors - CRIT_ERR_E3_PART3,USBC_Critical_Errors - CRIT_ERR_E3_PART4,Grape_Critical_Errors - CRIT_ERR_E5_PART1,Grape_Critical_Errors - CRIT_ERR_E5_PART2,Grape_Critical_Errors - CRIT_ERR_E5_PART3,Grape_Critical_Errors - CRIT_ERR_E5_PART4,Grape_Critical_Errors - CRIT_ERR_E5_PART5,Grape_Critical_Errors - CRIT_ERR_E5_PART6,Grape_Critical_Errors - CRIT_ERR_E5_PART7,Grape_Critical_Errors - CRIT_ERR_E5_PART8,Grape_Critical_Errors - CRIT_ERR_E5_PART9,Grape_Critical_Errors - CRIT_ERR_E5_PART10,Critical_Errors_Summary - CRIT_ERR_E0_PART1,Backlight_Critical_Errors - BL_CRI_ERR_PART1,Grape_Connector_Self_Critical_Errors - CRIT_ERR_D3_PART1,Grape_Connector_Self_Critical_Errors - CRIT_ERR_D3_PART2,Grape_Connector_Self_Critical_Errors - CRIT_ERR_D3_PART3,
Upper Limited-------->,,,,,,,,,,,,,,,,,3,,,,3,,,,3,,,,3,,,,3,,,,3,,,,3,,,,3,,,,3,,,,3,,,,,,,,,,,,,,,,,,370,,3,,2,,1286,,,0,,15,,15,,,,,,16,,,,,,,,,,,,,,,,,,,,,,,,,,,,,,
Lower Limited-------->,,,,,,,,,,,,,,,,,3,,,,3,,,,3,,,,3,,,,3,,,,3,,,,3,,,,3,,,,3,,,,3,,,,,,,,,,,,,,,,,,370,,3,,2,,1286,,,0,,15,,15,,,,,,16,,,,,,,,,,,,,,,,,,,,,,,,,,,,,,
Measurement Units---->,,,,,,,,,,,,,,,,,,,,,,,,,,,,,,,,,,,,,,,,,,,,,,,,,,,,,,,,,,,,,,,,,,,,,,,,,,,,,,,,,,,,,,,,,,,,,,,,,,,,,,,,,,,,,,,,,,,,,,,,
FXLH,R118,FTPZK038P3J3,,R118-POST P2_P21J-D13-3,,FXLH_F05-4FT-02_2_GATEKEEPER,FAIL,10-25-18:41:50,47.09,V1.1.3.2,Check_All_CB,FTPZK038P3J3,Atlas 1.9.2,FTPZK038P3J3,V1.1.3.2,1,3,0,0,0,3,0,0,0,3,0,1,1,3,0,0,0,3,0,0,0,3,0,0,0,0,0,0,0,3,0,2,2,3,0,0,0,3,0,0,0,15 00 00 00 ,FTPZK038P3J3,Pass,DLX93920012N6R52E,WMT-JA0013,R118-POST P2_P21J-D13-3_C01817,R118-POST P2,R118-POST P2_P21J-D13-3,C4P93740060JCQV3A,GV29372004HP2T12U,FM79383003WN0LH1D+VCJ,CR1935601DGMW5D1M,13 00 00 00 02 ,13 00 00 00 00,370,0x0172,3,0x03,2,02,1286,0x0506,A0 02 00 0B 00 0B 00 0B ,0,0x00,15,0x0F,15,0x0F,Pass,02 01 03 03 4B ,02 01 03 03 4B,Read_MLB_Lang :02 01 03 03 4B  ,  Get_KBD_Lang :02 01 03 03 4B,16,0x10,8704,0,0,0,0,0,0,0,0,0,0,0,0,16777216,0,0,0,0,0,16842752,16777216,0,0,0,0,17372165,100665620,33751040,
FXLH,R118,FTPZK03DP3J3,,R118-POST P2_P21J-D13-3,,FXLH_F05-4FT-02_2_GATEKEEPER,FAIL,10-25-19:25:42,48.26,V1.1.3.2,Check_All_CB,FTPZK03DP3J3,Atlas 1.9.2,FTPZK03DP3J3,V1.1.3.2,1,3,0,0,0,3,0,0,0,3,0,0,0,3,0,0,0,3,0,0,0,3,0,0,0,0,0,0,0,3,0,0,0,3,0,0,0,3,0,0,0,15 00 00 00 ,FTPZK03DP3J3,Pass,DLX9394008RN6R522,WMT-JA0013,R118-POST P2_P21J-D13-3_C01811,R118-POST P2,R118-POST P2_P21J-D13-3,C4P9374007KJCQV3N,GV29372004FP2T12W,FM79383003NN0LH1M+VCJ,CR1935600HGMW5D1A,13 00 00 00 02 ,13 00 00 00 00,370,0x0172,3,0x03,2,02,1286,0x0506,A0 02 00 0B 00 0B 00 0B ,0,0x00,15,0x0F,15,0x0F,Pass,02 01 03 03 4B ,02 01 03 03 4B,Read_MLB_Lang :02 01 03 03 4B  ,  Get_KBD_Lang :02 01 03 03 4B,16,0x10,8704,0,0,0,0,0,0,0,0,0,0,0,0,16777216,0,0,0,0,0,16842752,16777216,0,0,0,0,17372165,100665620,33751040,
FXLH,R118,FTPZK032P3J3,,R118-POST P2_P21J-D13-3,,FXLH_F05-4FT-02_2_GATEKEEPER,FAIL,10-25-19:52:11,47.91,V1.1.3.2,Check_All_CB,FTPZK032P3J3,Atlas 1.9.2,FTPZK032P3J3,V1.1.3.2,1,3,0,0,0,3,0,0,0,3,0,0,0,3,0,0,0,3,0,0,0,3,0,0,0,0,0,0,0,3,0,0,0,3,0,1,1,3,0,0,0,15 00 00 00 ,FTPZK032P3J3,Pass,DLX9394009LN6R524,WMT-JA0013,R118-POST P2_P21J-D13-3_C01823,R118-POST P2,R118-POST P2_P21J-D13-3,C4P9374006NJCQV3N,GV29372004BP2T120,FM793830054N0LH1Z+VCJ,CR1935600Y6MW5D19,13 00 00 00 02 ,13 00 00 00 00,370,0x0172,3,0x03,2,02,1286,0x0506,A0 02 00 0B 00 0B 00 0B ,0,0x00,15,0x0F,15,0x0F,Pass,02 01 03 03 4B ,02 01 03 03 4B,Read_MLB_Lang :02 01 03 03 4B  ,  Get_KBD_Lang :02 01 03 03 4B,16,0x10,8704,0,0,0,0,0,0,0,0,0,0,0,0,16777216,0,0,0,0,0,16842752,16777216,0,0,0,0,17372165,100665620,33751040,
FXLH,R118,FTPZK030P3J3,,R118-POST P2_P21J-D13-3,,FXLH_F05-4FT-02_2_GATEKEEPER,FAIL,10-25-20:20:37,47.08,V1.1.3.2,Check_All_CB,FTPZK030P3J3,Atlas 1.9.2,FTPZK030P3J3,V1.1.3.2,1,3,0,0,0,3,0,0,0,3,0,0,0,3,0,0,0,3,0,0,0,3,0,0,0,0,0,0,0,3,0,2,2,3,0,0,0,3,0,0,0,15 00 00 00 ,FTPZK030P3J3,Pass,DLX9394007NN6R528,WMT-JA0013,R118-POST P2_P21J-D13-3_C01825,R118-POST P2,R118-POST P2_P21J-D13-3,C4P9374008BJCQV3T,GV293720049P2T122,FM79383001JN0LH1X+VCJ,CR1935600H4MW5D1N,13 00 00 00 02 ,13 00 00 00 00,370,0x0172,3,0x03,2,02,1286,0x0506,A0 02 00 0B 00 0B 00 0B ,0,0x00,15,0x0F,15,0x0F,Pass,02 01 03 03 4B ,02 01 03 03 4B,Read_MLB_Lang :02 01 03 03 4B  ,  Get_KBD_Lang :02 01 03 03 4B,16,0x10,8704,0,0,0,0,0,0,0,0,0,0,0,0,16777216,0,0,0,0,0,16842752,16777216,0,0,0,0,17372165,100665620,33751040,
FXLH,R118,FTPZK03FP3J3,,R118-POST P2_P21J-D13-3,,FXLH_F05-4FT-02_2_GATEKEEPER,FAIL,10-25-20:23:47,45.31,V1.1.3.2,Check_All_CB,FTPZK03FP3J3,Atlas 1.9.2,FTPZK03FP3J3,V1.1.3.2,1,3,0,0,0,3,0,0,0,3,0,0,0,3,0,0,0,3,0,0,0,3,0,0,0,0,0,0,0,3,0,1,1,3,0,0,0,3,0,0,0,15 00 00 00 ,FTPZK03FP3J3,Pass,DLX93940095N6R52K,WMT-JA0013,R118-POST P2_P21J-D13-3_C01810,R118-POST P2,R118-POST P2_P21J-D13-3,C4P93740086JCQV3Y,GV29372004JP2T12T,FM79383001CN0LH13+VCJ,CR1935601KZMW5D1L,13 00 00 00 02 ,13 00 00 00 00,370,0x0172,3,0x03,2,02,1286,0x0506,A0 02 00 0B 00 0B 00 0B ,0,0x00,15,0x0F,15,0x0F,Pass,02 01 03 03 4B ,02 01 03 03 4B,Read_MLB_Lang :02 01 03 03 4B  ,  Get_KBD_Lang :02 01 03 03 4B,16,0x10,8704,0,0,0,0,0,0,0,0,0,0,0,0,16777216,0,0,0,0,0,16842752,16777216,0,0,0,0,17372165,100665620,33751040,
FXLH,R118,FTPZK03HP3J3,,R118-POST P2_P21J-D13-3,,FXLH_F05-4FT-02_2_GATEKEEPER,FAIL,10-25-20:26:34,47.21,V1.1.3.2,Check_All_CB,FTPZK03HP3J3,Atlas 1.9.2,FTPZK03HP3J3,V1.1.3.2,1,3,0,0,0,3,0,0,0,3,0,0,0,3,0,0,0,3,0,0,0,3,0,0,0,0,0,0,0,3,0,0,0,3,0,0,0,3,0,0,0,15 00 00 00 ,FTPZK03HP3J3,Pass,DLX9392000ZN6R52L,WMT-JA0013,R118-POST P2_P21J-D13-3_C01807,R118-POST P2,R118-POST P2_P21J-D13-3,C4P937400E9JCQV3B,GV29372004SP2T12K,FM79383007WN0LH11+VCJ,CR19356011JMW5D1M,13 00 00 00 02 ,13 00 00 00 00,370,0x0172,3,0x03,2,02,1286,0x0506,A0 02 00 0B 00 0B 00 0B ,0,0x00,15,0x0F,15,0x0F,Pass,02 01 03 03 4B ,02 01 03 03 4B,Read_MLB_Lang :02 01 03 03 4B  ,  Get_KBD_Lang :02 01 03 03 4B,16,0x10,8704,0,0,0,0,0,0,0,0,0,0,0,0,16777216,0,0,0,0,0,16842752,16777216,0,0,0,0,17372165,100665620,33751040,
FXLH,R118,FTPZK02ZP3J3,,R118-POST P2_P21J-D13-3,,FXLH_F05-4FT-02_2_GATEKEEPER,FAIL,10-25-20:31:19,56.54,V1.1.3.2,Check_All_CB,FTPZK02ZP3J3,Atlas 1.9.2,FTPZK02ZP3J3,V1.1.3.2,1,3,0,0,0,3,0,0,0,3,0,0,0,3,0,0,0,3,0,0,0,3,0,0,0,0,0,0,0,3,0,0,0,3,0,0,0,3,0,0,0,15 00 00 00 ,FTPZK02ZP3J3,Pass,DLX9394007FN6R52F,WMT-JA0013,R118-POST P2_P21J-D13-3_C01826,R118-POST P2,R118-POST P2_P21J-D13-3,C4P9374005ZJCQV3E,GV29372004KP2T12S,FM79383004ZN0LH17+VCJ,CR1935601B6MW5D13,13 00 00 00 02 ,13 00 00 00 00,370,0x0172,3,0x03,2,02,1286,0x0506,A0 02 00 0B 00 0B 00 0B ,0,0x00,15,0x0F,15,0x0F,Pass,02 01 03 03 4B ,02 01 03 03 4B,Read_MLB_Lang :02 01 03 03 4B  ,  Get_KBD_Lang :02 01 03 03 4B,16,0x10,8704,0,0,0,0,0,0,0,0,0,0,0,0,16777216,0,0,0,0,0,16842752,16777216,0,0,0,0,17372165,100665620,33751040,
FXLH,R118,FTPZK03BP3J3,,R118-POST P2_P21J-D13-3,,FXLH_F05-4FT-02_2_GATEKEEPER,FAIL,10-25-20:41:31,53.46,V1.1.3.2,Check_All_CB,FTPZK03BP3J3,Atlas 1.9.2,FTPZK03BP3J3,V1.1.3.2,1,3,0,0,0,3,0,0,0,3,0,0,0,3,0,0,0,3,0,0,0,3,0,1,1,0,0,0,0,3,0,0,0,3,0,0,0,3,0,0,0,15 00 00 00 ,FTPZK03BP3J3,Pass,DLX9394007KN6R52B,WMT-JA0013,R118-POST P2_P21J-D13-3_C01814,R118-POST P2,R118-POST P2_P21J-D13-3,C4P937400FQJCQV3T,GV29372004DP2T12Y,FM79383008WN0LH1Y+VCJ,CR1935601CWMW5D1A,13 00 00 00 02 ,13 00 00 00 00,370,0x0172,3,0x03,2,02,1286,0x0506,A0 02 00 0B 00 0B 00 0B ,0,0x00,15,0x0F,15,0x0F,Pass,02 01 03 03 4B ,02 01 03 03 4B,Read_MLB_Lang :02 01 03 03 4B  ,  Get_KBD_Lang :02 01 03 03 4B,16,0x10,8704,0,0,0,0,0,0,0,0,0,0,0,0,16777216,0,0,0,0,0,16842752,16777216,0,0,0,0,17372165,100665620,33751040,
FXLH,R118,FTPZK039P3J3,,R118-POST P2_P21J-D13-3,,FXLH_F05-4FT-02_2_GATEKEEPER,FAIL,10-25-20:51:20,59.77,V1.1.3.2,Check_All_CB,FTPZK039P3J3,Atlas 1.9.2,FTPZK039P3J3,V1.1.3.2,1,3,0,0,0,3,0,0,0,3,0,0,0,3,0,0,0,3,0,0,0,3,0,0,0,0,0,0,0,3,0,0,0,3,0,0,0,3,0,0,0,15 00 00 00 ,FTPZK039P3J3,Pass,DLX9394008VN6R52Y,WMT-JA0013,R118-POST P2_P21J-D13-3_C01816,R118-POST P2,R118-POST P2_P21J-D13-3,C4P9374006MJCQV3P,GV293720047P2T124,FM79383006DN0LH1M+VCJ,CR1935601GUMW5D10,13 00 00 00 02 ,13 00 00 00 00,370,0x0172,3,0x03,2,02,1286,0x0506,A0 02 00 0B 00 0B 00 0B ,0,0x00,15,0x0F,15,0x0F,Pass,02 01 03 03 4B ,02 01 03 03 4B,Read_MLB_Lang :02 01 03 03 4B  ,  Get_KBD_Lang :02 01 03 03 4B,16,0x10,8704,0,0,0,0,0,0,0,0,0,0,0,0,16777216,0,0,0,0,0,16842752,16777216,0,0,0,0,17372165,100665620,33751040,
FXLH,R118,FTPZK045P3J3,,R118-POST P2_P21JNB-D13-4,,FXLH_F05-4FT-02_2_GATEKEEPER,FAIL,10-26-08:20:47,46.82,V1.1.3.2,Check_All_CB,FTPZK045P3J3,Atlas 1.9.2,FTPZK045P3J3,V1.1.3.2,1,3,0,0,0,3,0,0,0,3,0,0,0,3,0,0,0,3,0,0,0,3,0,0,0,0,0,0,0,3,0,0,0,3,0,0,0,3,0,0,0,15 00 00 00 ,FTPZK045P3J3,Pass,DLX9394007YN6R52Y,WMT-JA0014,R118-POST P2_P21JNB-D13-4_C01840,R118-POST P2,R118-POST P2_P21JNB-D13-4,C4P94020018JCQV35,GV29367001TP2T12R,FM79383001AN0LH15+VCJ,C47935302U8MW5D26,13 00 00 00 02 ,13 00 00 00 00,370,0x0172,3,0x03,2,02,1286,0x0506,A0 02 00 0B 00 0B 00 0B ,0,0x00,15,0x0F,15,0x0F,Pass,02 01 03 03 4B ,02 01 03 03 4B,Read_MLB_Lang :02 01 03 03 4B  ,  Get_KBD_Lang :02 01 03 03 4B,16,0x10,8704,0,0,0,0,0,0,0,0,0,0,0,0,16777216,0,0,0,0,0,16842752,16777216,0,0,0,0,17372165,100665620,33751040,
FXLH,R118,FTPZK036P3J3,,R118-POST P2_P21J-D13-3,,FXLH_F05-4FT-02_2_GATEKEEPER,FAIL,10-26-08:28:25,66.46,V1.1.3.2,Check_All_CB,FTPZK036P3J3,Atlas 1.9.2,FTPZK036P3J3,V1.1.3.2,1,3,0,0,0,3,0,0,0,3,0,0,0,3,0,0,0,3,0,0,0,3,0,0,0,0,0,0,0,3,0,0,0,3,0,0,0,3,0,0,0,15 00 00 00 ,FTPZK036P3J3,Pass,DLX9394007LN6R52A,WMT-JA0013,R118-POST P2_P21J-D13-3_C01819,R118-POST P2,R118-POST P2_P21J-D13-3,C4P9374003ZJCQV3L,GV29372004MP2T12Q,FM79383009EN0LH1B+VCJ,CR1935600N5MW5D16,13 00 00 00 02 ,13 00 00 00 00,370,0x0172,3,0x03,2,02,1286,0x0506,A0 02 00 0B 00 0B 00 0B ,0,0x00,15,0x0F,15,0x0F,Pass,02 01 03 03 4B ,02 01 03 03 4B,Read_MLB_Lang :02 01 03 03 4B  ,  Get_KBD_Lang :02 01 03 03 4B,16,0x10,8704,0,0,0,0,0,0,0,0,0,0,0,0,16777216,0,0,0,0,0,16842752,16777216,0,0,0,0,17372165,100665620,33751040,
FXLH,R118,FTPZK049P3J3,,R118-POST P2_P21JNB-D13-4,,FXLH_F05-4FT-02_2_GATEKEEPER,FAIL,10-26-08:29:54,59.69,V1.1.3.2,Check_All_CB,FTPZK049P3J3,Atlas 1.9.2,FTPZK049P3J3,V1.1.3.2,1,3,0,0,0,3,0,0,0,3,0,0,0,3,0,0,0,3,0,0,0,3,0,0,0,0,0,0,0,3,0,0,0,3,0,1,1,3,0,0,0,15 00 00 00 ,FTPZK049P3J3,Pass,DLX93940094N6R52L,WMT-JA0014,R118-POST P2_P21JNB-D13-4_C01837,R118-POST P2,R118-POST P2_P21JNB-D13-4,C4P9402000LJCQV3W,GV29367001YP2T12L,FM79383079MN0LH1D,C479353044FMW5D21,13 00 00 00 02 ,13 00 00 00 00,370,0x0172,3,0x03,2,02,1286,0x0506,A0 02 00 0B 00 0B 00 0B ,0,0x00,15,0x0F,15,0x0F,Pass,02 01 03 03 4B ,02 01 03 03 4B,Read_MLB_Lang :02 01 03 03 4B  ,  Get_KBD_Lang :02 01 03 03 4B,16,0x10,8704,0,0,0,0,0,0,0,0,0,0,0,0,16777216,0,0,0,0,0,16842752,16777216,0,0,0,0,17372165,100665620,33751040,
FXLH,R118,FTPZK03LP3J3,,R118-POST P2_P21JNB-D13-4,,FXLH_F05-4FT-02_2_GATEKEEPER,FAIL,10-26-09:07:34,47.97,V1.1.3.2,Check_All_CB,FTPZK03LP3J3,Atlas 1.9.2,FTPZK03LP3J3,V1.1.3.2,1,3,0,0,0,3,0,0,0,3,0,2,2,3,0,0,0,3,0,1,1,3,0,0,0,0,0,0,0,3,0,0,0,3,0,0,0,3,0,0,0,15 00 00 00 ,FTPZK03LP3J3,Pass,DLX93940087N6R52L,WMT-JA0014,R118-POST P2_P21JNB-D13-4_C01835,R118-POST P2,R118-POST P2_P21JNB-D13-4,C4P9402000TJCQV3P,GV29367001BP2T127,FM793830036N0LH13+VCJ,C479353049WMW5D25,13 00 00 00 02 ,13 00 00 00 00,370,0x0172,3,0x03,2,02,1286,0x0506,A0 02 00 0B 00 0B 00 0B ,0,0x00,15,0x0F,15,0x0F,Pass,02 01 03 03 4B ,02 01 03 03 4B,Read_MLB_Lang :02 01 03 03 4B  ,  Get_KBD_Lang :02 01 03 03 4B,16,0x10,8704,0,0,0,0,0,0,0,0,0,0,0,0,16777216,0,0,0,0,0,16842752,16777216,0,0,0,0,17372165,100665620,33751040,
FXLH,R118,FTPZK03JP3J3,,R118-POST P2_P21J-D13-3,,FXLH_F05-4FT-02_2_GATEKEEPER,FAIL,10-26-09:10:54,48.47,V1.1.3.2,Check_All_CB,FTPZK03JP3J3,Atlas 1.9.2,FTPZK03JP3J3,V1.1.3.2,1,3,0,0,0,3,0,0,0,3,0,0,0,3,0,0,0,3,0,0,0,3,0,0,0,0,0,0,0,3,0,0,0,3,0,0,0,3,0,0,0,15 00 00 00 ,FTPZK03JP3J3,Pass,DLX9392001VN6R52M,WMT-JA0013,R118-POST P2_P21J-D13-3_C01808,R118-POST P2,R118-POST P2_P21J-D13-3,C4P9374007FJCQV3S,GV29372004CP2T12Z,FM793830057N0LH1W+VCJ,CR1935600YGMW5D1Z,13 00 00 00 02 ,13 00 00 00 00,370,0x0172,3,0x03,2,02,1286,0x0506,A0 02 00 0B 00 0B 00 0B ,0,0x00,15,0x0F,15,0x0F,Pass,02 01 03 03 4B ,02 01 03 03 4B,Read_MLB_Lang :02 01 03 03 4B  ,  Get_KBD_Lang :02 01 03 03 4B,16,0x10,8704,0,0,0,0,0,0,0,0,0,0,0,0,16777216,0,0,0,0,0,16842752,16777216,0,0,0,0,17372165,100665620,33751040,
FXLH,R118,FTPZK03TP3J3,,R118-POST P2_P21JNB-D13-4,,FXLH_F05-4FT-02_2_GATEKEEPER,FAIL,10-26-09:28:41,55.20,V1.1.3.2,Check_All_CB,FTPZK03TP3J3,Atlas 1.9.2,FTPZK03TP3J3,V1.1.3.2,1,3,0,0,0,3,0,0,0,3,0,0,0,3,0,0,0,3,0,1,1,3,0,0,0,0,0,0,0,3,0,0,0,3,0,0,0,3,0,0,0,15 00 00 00 ,FTPZK03TP3J3,Pass,DLX9394009RN6R52Z,WMT-JA0014,R118-POST P2_P21JNB-D13-4_C01828,R118-POST P2,R118-POST P2_P21JNB-D13-4,C4P9402000FJCQV31,GV29367002CP2T123,FM79383049MN0LH1D,C479353043ZMW5D2L,13 00 00 00 02 ,13 00 00 00 00,370,0x0172,3,0x03,2,02,1286,0x0506,A0 02 00 0B 00 0B 00 0B ,0,0x00,15,0x0F,15,0x0F,Pass,02 01 03 03 4B ,02 01 03 03 4B,Read_MLB_Lang :02 01 03 03 4B  ,  Get_KBD_Lang :02 01 03 03 4B,16,0x10,8704,0,0,0,0,0,0,0,0,0,0,0,0,16777216,0,0,0,0,0,16842752,16777216,0,0,0,0,17372165,100665620,33751040,
FXLH,R118,FTPZK03EP3J3,,R118-POST P2_P21J-D13-3,,FXLH_F05-4FT-02_2_GATEKEEPER,FAIL,10-26-09:49:38,45.15,V1.1.3.2,Check_All_CB,FTPZK03EP3J3,Atlas 1.9.2,FTPZK03EP3J3,V1.1.3.2,1,3,0,0,0,3,0,0,0,3,0,0,0,3,0,0,0,3,0,2,2,3,0,0,0,0,0,0,0,3,0,1,1,3,0,0,0,3,0,1,1,15 00 00 00 ,FTPZK03EP3J3,Pass,DLX9392001DN6R523,WMT-JA0013,R118-POST P2_P21J-D13-3_C01812,R118-POST P2,R118-POST P2_P21J-D13-3,C4P937400FRJCQV3S,GV293720045P2T126,FM793830025N0LH17+VCJ,CR1935600YXMW5D1J,13 00 00 00 02 ,13 00 00 00 00,370,0x0172,3,0x03,2,02,1286,0x0506,A0 02 00 0B 00 0B 00 0B ,0,0x00,15,0x0F,15,0x0F,Pass,02 01 03 03 4B ,02 01 03 03 4B,Read_MLB_Lang :02 01 03 03 4B  ,  Get_KBD_Lang :02 01 03 03 4B,16,0x10,8704,0,0,0,0,0,0,0,0,0,0,0,0,16777216,0,0,0,0,0,16842752,16777216,0,0,0,0,17372165,100665620,33751040,
FXLH,R118,FTPZK035P3J3,,R118-POST P2_P21J-D13-3,,FXLH_F05-4FT-02_2_GATEKEEPER,FAIL,10-26-09:53:37,40.38,V1.1.3.2,Check_All_CB,FTPZK035P3J3,Atlas 1.9.2,FTPZK035P3J3,V1.1.3.2,1,3,0,0,0,3,0,0,0,3,0,0,0,3,0,0,0,3,0,0,0,3,0,0,0,0,0,0,0,3,0,0,0,3,0,0,0,3,0,0,0,15 00 00 00 ,FTPZK035P3J3,Pass,DLX93920011N6R52F,WMT-JA0013,R118-POST P2_P21J-D13-3_C01820,R118-POST P2,R118-POST P2_P21J-D13-3,C4P937400DHJCQV36,GV29372004AP2T121,FM793830042N0LH14+VCJ,CR1935600HPMW5D13,13 00 00 00 02 ,13 00 00 00 00,370,0x0172,3,0x03,2,02,1286,0x0506,A0 02 00 0B 00 0B 00 0B ,0,0x00,15,0x0F,15,0x0F,Pass,02 01 03 03 4B ,02 01 03 03 4B,Read_MLB_Lang :02 01 03 03 4B  ,  Get_KBD_Lang :02 01 03 03 4B,16,0x10,8704,0,0,0,0,0,0,0,0,0,0,0,0,16777216,0,0,0,0,0,16842752,16777216,0,0,0,0,17372165,100665620,33751040,
FXLH,R118,FTPZK03AP3J3,,R118-POST P2_P21J-D13-3,,FXLH_F05-4FT-02_2_GATEKEEPER,FAIL,10-26-10:01:04,52.69,V1.1.3.2,Check_All_CB,FTPZK03AP3J3,Atlas 1.9.2,FTPZK03AP3J3,V1.1.3.2,1,3,0,0,0,3,0,0,0,3,0,0,0,3,0,0,0,3,0,0,0,3,0,0,0,0,0,0,0,3,0,0,0,3,0,0,0,3,0,0,0,15 00 00 00 ,FTPZK03AP3J3,Pass,DLX9394009UN6R52W,WMT-JA0013,R118-POST P2_P21J-D13-3_C01815,R118-POST P2,R118-POST P2_P21J-D13-3,C4P9374007MJCQV3L,GV293720048P2T123,FM793830049N0LH1X+VCJ,CR1935601LKMW5D1X,13 00 00 00 02 ,13 00 00 00 00,370,0x0172,3,0x03,2,02,1286,0x0506,A0 02 00 0B 00 0B 00 0B ,0,0x00,15,0x0F,15,0x0F,Pass,02 01 03 03 4B ,02 01 03 03 4B,Read_MLB_Lang :02 01 03 03 4B  ,  Get_KBD_Lang :02 01 03 03 4B,16,0x10,8704,0,0,0,0,0,0,0,0,0,0,0,0,16777216,0,0,0,0,0,16842752,16777216,0,0,0,0,17372165,100665620,33751040,
FXLH,R118,FTPZK02VP3J3,,R118-POST P2_P21J-D13-2,,FXLH_F05-4FT-02_2_GATEKEEPER,FAIL,10-26-10:12:04,48.46,V1.1.3.2,Check_All_CB,FTPZK02VP3J3,Atlas 1.9.2,FTPZK02VP3J3,V1.1.3.2,1,3,0,0,0,3,0,0,0,3,0,0,0,3,0,0,0,3,0,0,0,3,0,0,0,0,0,0,0,3,0,0,0,3,0,0,0,3,0,0,0,15 00 00 00 ,FTPZK02VP3J3,Pass,DLX9394006AN6R52P,WMT-JA0012,R118-POST P2_P21J-D13-2_C01805,R118-POST P2,R118-POST P2_P21J-D13-2,C4P9417000GJCQV3S,GV29363001QP2T12Y,FM79383008LN0LH18+VCJ,CR1935601QZMW5D15,13 00 00 00 02 ,13 00 00 00 00,370,0x0172,3,0x03,2,02,1286,0x0506,A0 02 00 0B 00 0B 00 0B ,0,0x00,15,0x0F,15,0x0F,Pass,02 01 03 03 4B ,02 01 03 03 4B,Read_MLB_Lang :02 01 03 03 4B  ,  Get_KBD_Lang :02 01 03 03 4B,16,0x10,8704,0,0,0,0,0,0,0,0,0,0,0,0,16777216,0,0,0,0,0,16842752,16777216,0,0,0,0,17372165,100665620,33751040,
FXLH,R118,FTPZK02UP3J3,,R118-POST P2_P21J-D13-2,,FXLH_F05-4FT-02_2_GATEKEEPER,FAIL,10-26-10:19:07,40.82,V1.1.3.2,Check_All_CB,FTPZK02UP3J3,Atlas 1.9.2,FTPZK02UP3J3,V1.1.3.2,1,3,0,0,0,3,0,0,0,3,0,0,0,3,0,0,0,3,0,0,0,3,0,0,0,0,0,0,0,3,0,0,0,3,0,0,0,3,0,0,0,15 00 00 00 ,FTPZK02UP3J3,Pass,DLX9394006SN6R527,WMT-JA0012,R118-POST P2_P21J-D13-2_C01806,R118-POST P2,R118-POST P2_P21J-D13-2,C4P9417000AJCQV3Y,GV29363001YP2T12Q,FM793830005N0LH1D+VCJ,CR1935601G1MW5D1T,13 00 00 00 02 ,13 00 00 00 00,370,0x0172,3,0x03,2,02,1286,0x0506,A0 02 00 0B 00 0B 00 0B ,0,0x00,15,0x0F,15,0x0F,Pass,02 01 03 03 4B ,02 01 03 03 4B,Read_MLB_Lang :02 01 03 03 4B  ,  Get_KBD_Lang :02 01 03 03 4B,16,0x10,8704,0,0,0,0,0,0,0,0,0,0,0,0,16777216,0,0,0,0,0,16842752,16777216,0,0,0,0,17372165,100665620,33751040,
FXLH,R118,FTPZK042P3J3,,R118-POST P2_P21JNB-D13-4,,FXLH_F05-4FT-02_2_GATEKEEPER,FAIL,10-26-10:28:24,60.00,V1.1.3.2,Check_All_CB,FTPZK042P3J3,Atlas 1.9.2,FTPZK042P3J3,V1.1.3.2,1,3,0,0,0,3,0,0,0,3,0,0,0,3,0,0,0,3,0,2,2,3,0,0,0,0,0,0,0,3,0,0,0,3,0,0,0,3,0,0,0,15 00 00 00 ,FTPZK042P3J3,Pass,DLX93940074N6R52S,WMT-JA0014,R118-POST P2_P21JNB-D13-4_C01849,R118-POST P2,R118-POST P2_P21JNB-D13-4,C4P9402001EJCQV3Z,GV29367001LP2T12Y,FM79383009MN0LH1D,C47935303HAMW5D22,13 00 00 00 02 ,13 00 00 00 00,370,0x0172,3,0x03,2,02,1286,0x0506,A0 02 00 0B 00 0B 00 0B ,0,0x00,15,0x0F,15,0x0F,Pass,02 01 03 03 4B ,02 01 03 03 4B,Read_MLB_Lang :02 01 03 03 4B  ,  Get_KBD_Lang :02 01 03 03 4B,16,0x10,8704,0,0,0,0,0,0,0,0,0,0,0,0,16777216,0,0,0,0,0,16842752,16777216,0,0,0,0,17372165,100665620,33751040,
FXLH,R118,FTPZK02WP3J3,,R118-POST P2_P21J-D13-2,,FXLH_F05-4FT-02_2_GATEKEEPER,FAIL,10-26-10:30:40,50.54,V1.1.3.2,Check_All_CB,FTPZK02WP3J3,Atlas 1.9.2,FTPZK02WP3J3,V1.1.3.2,1,3,0,0,0,3,0,0,0,3,0,0,0,3,0,0,0,3,0,1,1,3,0,0,0,0,0,0,0,3,0,0,0,3,0,0,0,3,0,0,0,15 00 00 00 ,FTPZK02WP3J3,Pass,DLX9394005PN6R52D,WMT-JA0012,R118-POST P2_P21J-D13-2_C01804,R118-POST P2,R118-POST P2_P21J-D13-2,C4P94170003JCQV35,GV29363001MP2T121,FM793830030N0LH19+VCJ,CR1935601RHMW5D1J,13 00 00 00 02 ,13 00 00 00 00,370,0x0172,3,0x03,2,02,1286,0x0506,A0 02 00 0B 00 0B 00 0B ,0,0x00,15,0x0F,15,0x0F,Pass,02 01 03 03 4B ,02 01 03 03 4B,Read_MLB_Lang :02 01 03 03 4B  ,  Get_KBD_Lang :02 01 03 03 4B,16,0x10,8704,0,0,0,0,0,0,0,0,0,0,0,0,16777216,0,0,0,0,0,16842752,16777216,0,0,0,0,17372165,100665620,33751040,
FXLH,R118,FTPZK02XP3J3,,R118-POST P2_P21J-D13-2,,FXLH_F05-4FT-02_2_GATEKEEPER,FAIL,10-26-10:34:13,43.66,V1.1.3.2,Check_All_CB,FTPZK02XP3J3,Atlas 1.9.2,FTPZK02XP3J3,V1.1.3.2,1,3,0,0,0,3,0,0,0,3,0,0,0,3,0,0,0,3,0,0,0,3,0,0,0,0,0,0,0,3,0,0,0,3,0,0,0,3,0,0,0,15 00 00 00 ,FTPZK02XP3J3,Pass,DLX9394003TN6R52F,WMT-JA0012,R118-POST P2_P21J-D13-2_C01803,R118-POST P2,R118-POST P2_P21J-D13-2,C4P94170001JCQV37,GV29363002FP2T124,FM79383009PN0LH12+VCJ,CR1935600HSMW5D10,13 00 00 00 02 ,13 00 00 00 00,370,0x0172,3,0x03,2,02,1286,0x0506,A0 02 00 0B 00 0B 00 0B ,0,0x00,15,0x0F,15,0x0F,Pass,02 01 03 03 4B ,02 01 03 03 4B,Read_MLB_Lang :02 01 03 03 4B  ,  Get_KBD_Lang :02 01 03 03 4B,16,0x10,8704,0,0,0,0,0,0,0,0,0,0,0,0,16777216,0,0,0,0,0,16842752,16777216,0,0,0,0,17372165,100665620,33751040,
FXLH,R118,FTPZK03RP3J3,,R118-POST P2_P21JNB-D13-4,,FXLH_F05-4FT-02_2_GATEKEEPER,FAIL,10-26-10:40:58,54.06,V1.1.3.2,Check_All_CB,FTPZK03RP3J3,Atlas 1.9.2,FTPZK03RP3J3,V1.1.3.2,1,3,0,0,0,3,0,0,0,3,0,0,0,3,0,0,0,3,0,0,0,3,0,0,0,0,0,0,0,3,0,1,1,3,0,0,0,3,0,0,0,15 00 00 00 ,FTPZK03RP3J3,Pass,DLX9394008NN6R525,WMT-JA0014,R118-POST P2_P21JNB-D13-4_C01830,R118-POST P2,R118-POST P2_P21JNB-D13-4,C4P9402000SJCQV3Q,GV29367001DP2T125,FM793830089N0LH1K+VCJ,C479353049SMW5D29,13 00 00 00 02 ,13 00 00 00 00,370,0x0172,3,0x03,2,02,1286,0x0506,A0 02 00 0B 00 0B 00 0B ,0,0x00,15,0x0F,15,0x0F,Pass,02 01 03 03 4B ,02 01 03 03 4B,Read_MLB_Lang :02 01 03 03 4B  ,  Get_KBD_Lang :02 01 03 03 4B,16,0x10,8704,0,0,0,0,0,0,0,0,0,0,0,0,16777216,0,0,0,0,0,16842752,16777216,0,0,0,0,17372165,100665620,33751040,
FXLH,R118,FTPZK03GP3J3,,R118-POST P2_P21J-D13-3,,FXLH_F05-4FT-02_2_GATEKEEPER,FAIL,10-26-10:50:01,53.17,V1.1.3.2,Check_All_CB,FTPZK03GP3J3,Atlas 1.9.2,FTPZK03GP3J3,V1.1.3.2,1,3,0,0,0,3,0,0,0,3,0,0,0,3,0,0,0,3,0,1,1,3,0,0,0,0,0,0,0,3,0,0,0,3,0,0,0,3,0,0,0,15 00 00 00 ,FTPZK03GP3J3,Pass,DLX9394009MN6R523,WMT-JA0013,R118-POST P2_P21J-D13-3_C01809,R118-POST P2,R118-POST P2_P21J-D13-3,C4P9374006LJCQV3Q,GV29372004LP2T12R,FM793830083N0LH1R+VCJ,CR1935601D2MW5D11,13 00 00 00 02 ,13 00 00 00 00,370,0x0172,3,0x03,2,02,1286,0x0506,A0 02 00 0B 00 0B 00 0B ,0,0x00,15,0x0F,15,0x0F,Pass,02 01 03 03 4B ,02 01 03 03 4B,Read_MLB_Lang :02 01 03 03 4B  ,  Get_KBD_Lang :02 01 03 03 4B,16,0x10,8704,0,0,0,0,0,0,0,0,0,0,0,0,16777216,0,0,0,0,0,16842752,16777216,0,0,0,0,17372165,100665620,33751040,
FXLH,R118,FTPZK02YP3J3,,R118-POST P2_P21J-D13-2,,FXLH_F05-4FT-02_2_GATEKEEPER,FAIL,10-26-10:57:46,54.46,V1.1.3.2,Check_All_CB,FTPZK02YP3J3,Atlas 1.9.2,FTPZK02YP3J3,V1.1.3.2,1,3,0,0,0,3,0,0,0,3,0,0,0,3,0,0,0,3,0,3,3,3,0,1,1,0,0,0,0,3,0,0,0,3,0,0,0,3,0,0,0,15 00 00 00 ,FTPZK02YP3J3,Pass,DLX93940070N6R52W,WMT-JA0012,R118-POST P2_P21J-D13-2_C01802,R118-POST P2,R118-POST P2_P21J-D13-2,C4P94170007JCQV31,GV29363001VP2T12T,FM79383001PN0LH1S+VCJ,CR1935601R6MW5D1V,13 00 00 00 02 ,13 00 00 00 00,370,0x0172,3,0x03,2,02,1286,0x0506,A0 02 00 0B 00 0B 00 0B ,0,0x00,15,0x0F,15,0x0F,Pass,02 01 03 03 4B ,02 01 03 03 4B,Read_MLB_Lang :02 01 03 03 4B  ,  Get_KBD_Lang :02 01 03 03 4B,16,0x10,8704,0,0,0,0,0,0,0,0,0,0,0,0,16777216,0,0,0,0,0,16842752,16777216,0,0,0,0,17372165,100665620,33751040,
FXLH,R118,FTPZK03MP3J3,,R118-POST P2_P21JNB-D13-4,,FXLH_F05-4FT-02_2_GATEKEEPER,FAIL,10-26-11:11:05,55.01,V1.1.3.2,Check_All_CB,FTPZK03MP3J3,Atlas 1.9.2,FTPZK03MP3J3,V1.1.3.2,1,3,0,0,0,3,0,0,0,3,0,1,1,3,0,0,0,3,0,0,0,3,0,0,0,0,0,0,0,3,0,0,0,3,0,1,1,3,0,0,0,15 00 00 00 ,FTPZK03MP3J3,Pass,DLX93940075N6R52R,WMT-JA0014,R118-POST P2_P21JNB-D13-4_C01834,R118-POST P2,R118-POST P2_P21JNB-D13-4,C4P9402000JJCQV3Y,GV29367001MP2T12X,FM793830035N0LH14+VCJ,C47935304RSMW5D2V,13 00 00 00 02 ,13 00 00 00 00,370,0x0172,3,0x03,2,02,1286,0x0506,A0 02 00 0B 00 0B 00 0B ,0,0x00,15,0x0F,15,0x0F,Pass,02 01 03 03 4B ,02 01 03 03 4B,Read_MLB_Lang :02 01 03 03 4B  ,  Get_KBD_Lang :02 01 03 03 4B,16,0x10,8704,0,0,0,0,0,0,0,0,0,0,0,0,16777216,0,0,0,0,0,16842752,16777216,0,0,0,0,17372165,100665620,33751040,
FXLH,R118,FTPZK037P3J3,,R118-POST P2_P21J-D13-3,,FXLH_F05-4FT-02_2_GATEKEEPER,FAIL,10-26-11:12:18,49.12,V1.1.3.2,Check_All_CB,FTPZK037P3J3,Atlas 1.9.2,FTPZK037P3J3,V1.1.3.2,1,3,0,0,0,3,0,0,0,3,0,0,0,3,0,0,0,3,0,1,1,3,0,0,0,0,0,0,0,3,0,0,0,3,0,0,0,3,0,0,0,15 00 00 00 ,FTPZK037P3J3,Pass,DLX9394008KN6R528,WMT-JA0013,R118-POST P2_P21J-D13-3_C01818,R118-POST P2,R118-POST P2_P21J-D13-3,C4P9374006BJCQV3Z,GV29372004RP2T12L,FM79383003MN0LH1N+VCJ,CR1935601K0MW5D1K,13 00 00 00 02 ,13 00 00 00 00,370,0x0172,3,0x03,2,02,1286,0x0506,A0 02 00 0B 00 0B 00 0B ,0,0x00,15,0x0F,15,0x0F,Pass,02 01 03 03 4B ,02 01 03 03 4B,Read_MLB_Lang :02 01 03 03 4B  ,  Get_KBD_Lang :02 01 03 03 4B,16,0x10,8704,0,0,0,0,0,0,0,0,0,0,0,0,16777216,0,0,0,0,0,16842752,16777216,0,0,0,0,17372165,100665620,33751040,
FXLH,R118,FTPZK046P3J3,,R118-POST P2_P21JNB-D13-4,,FXLH_F05-4FT-02_2_GATEKEEPER,FAIL,10-26-11:17:55,48.62,V1.1.3.2,Check_All_CB,FTPZK046P3J3,Atlas 1.9.2,FTPZK046P3J3,V1.1.3.2,1,3,0,0,0,3,0,0,0,3,0,0,0,3,0,0,0,3,0,0,0,3,0,0,0,0,0,0,0,3,0,0,0,3,0,0,0,3,0,0,0,15 00 00 00 ,FTPZK046P3J3,Pass,DLX9394007QN6R526,WMT-JA0014,R118-POST P2_P21JNB-D13-4_C01839,R118-POST P2,R118-POST P2_P21JNB-D13-4,C4P9402001NJCQV3R,GV29367001VP2T12P,FM79383008RN0LH13+VCJ,C47935302G0MW5D2G,13 00 00 00 02 ,13 00 00 00 00,370,0x0172,3,0x03,2,02,1286,0x0506,A0 02 00 0B 00 0B 00 0B ,0,0x00,15,0x0F,15,0x0F,Pass,02 01 03 03 4B ,02 01 03 03 4B,Read_MLB_Lang :02 01 03 03 4B  ,  Get_KBD_Lang :02 01 03 03 4B,16,0x10,8704,0,0,0,0,0,0,0,0,0,0,0,0,16777216,0,0,0,0,0,16842752,16777216,0,0,0,0,17372165,100665620,33751040,
FXLH,R118,FTPZK043P3J3,,R118-POST P2_P21JNB-D13-4,,FXLH_F05-4FT-02_2_GATEKEEPER,FAIL,10-26-11:28:37,44.63,V1.1.3.2,Check_All_CB,FTPZK043P3J3,Atlas 1.9.2,FTPZK043P3J3,V1.1.3.2,1,3,0,0,0,3,0,0,0,3,0,0,0,3,0,0,0,3,0,4,4,3,0,0,0,0,0,0,0,3,0,0,0,3,0,0,0,3,0,0,0,15 00 00 00 ,FTPZK043P3J3,Pass,DLX9394007ZN6R52X,WMT-JA0014,R118-POST P2_P21JNB-D13-4_C01848,R118-POST P2,R118-POST P2_P21JNB-D13-4,C4P9402000NJCQV3U,GV293670012P2T12G,FM79383005VN0LH18+VCJ,C47935308D1MW5D2J,13 00 00 00 02 ,13 00 00 00 00,370,0x0172,3,0x03,2,02,1286,0x0506,A0 02 00 0B 00 0B 00 0B ,0,0x00,15,0x0F,15,0x0F,Pass,02 01 03 03 4B ,02 01 03 03 4B,Read_MLB_Lang :02 01 03 03 4B  ,  Get_KBD_Lang :02 01 03 03 4B,16,0x10,8704,0,0,0,0,0,0,0,0,0,0,0,0,16777216,0,0,0,0,0,16842752,16777216,0,0,0,0,17372165,100665620,33751040,
FXLH,R118,FTPZK033P3J3,,R118-POST P2_P21J-D13-3,,FXLH_F05-4FT-02_2_GATEKEEPER,FAIL,10-26-11:40:28,53.87,V1.1.3.2,Check_All_CB,FTPZK033P3J3,Atlas 1.9.2,FTPZK033P3J3,V1.1.3.2,1,3,0,0,0,3,0,0,0,3,0,0,0,3,0,0,0,3,0,0,0,3,0,0,0,0,0,0,0,3,0,0,0,3,0,0,0,3,0,0,0,15 00 00 00 ,FTPZK033P3J3,Pass,DLX9394008PN6R524,WMT-JA0013,R118-POST P2_P21J-D13-3_C01822,R118-POST P2,R118-POST P2_P21J-D13-3,C4P93740087JCQV3X,GV293720046P2T125,FM79383004BN0LH1V+VCJ,CR1935600GPMW5D16,13 00 00 00 02 ,13 00 00 00 00,370,0x0172,3,0x03,2,02,1286,0x0506,A0 02 00 0B 00 0B 00 0B ,0,0x00,15,0x0F,15,0x0F,Pass,02 01 03 03 4B ,02 01 03 03 4B,Read_MLB_Lang :02 01 03 03 4B  ,  Get_KBD_Lang :02 01 03 03 4B,16,0x10,8704,0,0,0,0,0,0,0,0,0,0,0,0,16777216,0,0,0,0,0,16842752,16777216,0,0,0,0,17372165,100665620,33751040,
FXLH,R118,FTPZK031P3J3,,R118-POST P2_P21J-D13-3,,FXLH_F05-4FT-02_2_GATEKEEPER,FAIL,10-26-11:45:16,54.30,V1.1.3.2,Check_All_CB,FTPZK031P3J3,Atlas 1.9.2,FTPZK031P3J3,V1.1.3.2,1,3,0,0,0,3,0,0,0,3,0,0,0,3,0,0,0,3,0,1,1,3,0,0,0,0,0,0,0,3,0,0,0,3,0,0,0,3,0,0,0,15 00 00 00 ,FTPZK031P3J3,Pass,DLX9394008DN6R52E,WMT-JA0013,R118-POST P2_P21J-D13-3_C01824,R118-POST P2,R118-POST P2_P21J-D13-3,C4P9374006AJCQV30,GV29372004NP2T12P,FM79383001EN0LH11+VCJ,CR1935600KNMW5D1Y,13 00 00 00 02 ,13 00 00 00 00,370,0x0172,3,0x03,2,02,1286,0x0506,A0 02 00 0B 00 0B 00 0B ,0,0x00,15,0x0F,15,0x0F,Pass,02 01 03 03 4B ,02 01 03 03 4B,Read_MLB_Lang :02 01 03 03 4B  ,  Get_KBD_Lang :02 01 03 03 4B,16,0x10,8704,0,0,0,0,0,0,0,0,0,0,0,0,16777216,0,0,0,0,0,16842752,16777216,0,0,0,0,17372165,100665620,33751040,
FXLH,R118,FTPZK034P3J3,,R118-POST P2_P21J-D13-3,,FXLH_F05-4FT-02_2_GATEKEEPER,FAIL,10-26-13:32:06,42.00,V1.1.3.2,Check_All_CB,FTPZK034P3J3,Atlas 1.9.2,FTPZK034P3J3,V1.1.3.2,1,3,0,0,0,3,0,0,0,3,0,0,0,3,0,0,0,3,0,1,1,3,0,0,0,0,0,0,0,3,0,0,0,3,0,1,1,3,0,0,0,15 00 00 00 ,FTPZK034P3J3,Pass,DLX9375009RN6R524,WMT-JA0013,R118-POST P2_P21J-D13-3_C01821,R118-POST P2,R118-POST P2_P21J-D13-3,C4P93740042JCQV3E,GV29372004PP2T12N,FM793830056N0LH1X+VCJ,CR1935601D6MW5D1X,13 00 00 00 02 ,13 00 00 00 00,370,0x0172,3,0x03,2,02,1286,0x0506,A0 02 00 0B 00 0B 00 0B ,0,0x00,15,0x0F,15,0x0F,Pass,02 01 03 03 4B ,02 01 03 03 4B,Read_MLB_Lang :02 01 03 03 4B  ,  Get_KBD_Lang :02 01 03 03 4B,16,0x10,8704,0,0,0,0,0,0,0,0,0,0,0,0,16777216,0,0,0,0,0,16842752,16777216,0,0,0,0,17372165,100665620,33751040,
FXLH,R118,FTPZK044P3J3,,R118-POST P2_P21JNB-D13-4,,FXLH_F05-4FT-02_2_GATEKEEPER,FAIL,10-26-13:36:58,56.59,V1.1.3.2,Check_All_CB,FTPZK044P3J3,Atlas 1.9.2,FTPZK044P3J3,V1.1.3.2,1,3,0,0,0,3,0,0,0,3,0,0,0,3,0,0,0,3,0,0,0,3,0,0,0,0,0,0,0,3,0,0,0,3,0,0,0,3,0,1,1,15 00 00 00 ,FTPZK044P3J3,Pass,DLX9394007RN6R525,WMT-JA0014,R118-POST P2_P21JNB-D13-4_C01841,R118-POST P2,R118-POST P2_P21JNB-D13-4,C4P94020014JCQV39,GV29367001XP2T12M,FM79383006MN0LH1D+VCJ,C47935302YQMW5D2C,13 00 00 00 02 ,13 00 00 00 00,370,0x0172,3,0x03,2,02,1286,0x0506,A0 02 00 0B 00 0B 00 0B ,0,0x00,15,0x0F,15,0x0F,Pass,02 01 03 03 4B ,02 01 03 03 4B,Read_MLB_Lang :02 01 03 03 4B  ,  Get_KBD_Lang :02 01 03 03 4B,16,0x10,8704,0,0,0,0,0,0,0,0,0,0,0,0,16777216,0,0,0,0,0,16842752,16777216,0,0,0,0,17372165,100665620,33751040,
FXLH,R118,FTPZK03CP3J3,,R118-POST P2_P21J-D13-3,,FXLH_F05-4FT-02_2_GATEKEEPER,FAIL,10-26-13:41:59,49.84,V1.1.3.2,Check_All_CB,FTPZK03CP3J3,Atlas 1.9.2,FTPZK03CP3J3,V1.1.3.2,1,3,0,0,0,3,0,0,0,3,0,0,0,3,0,0,0,3,0,0,0,3,0,0,0,0,0,0,0,3,0,0,0,3,0,0,0,3,0,0,0,15 00 00 00 ,FTPZK03CP3J3,Pass,DLX9392001RN6R52R,WMT-JA0013,R118-POST P2_P21J-D13-3_C01813,R118-POST P2,R118-POST P2_P21J-D13-3,C4P937400FMJCQV3W,GV293720044P2T127,FM79383006LN0LH1E+VCJ,CR1935601DJMW5D1K,13 00 00 00 02 ,13 00 00 00 00,370,0x0172,3,0x03,2,02,1286,0x0506,A0 02 00 0B 00 0B 00 0B ,0,0x00,15,0x0F,15,0x0F,Pass,02 01 03 03 4B ,02 01 03 03 4B,Read_MLB_Lang :02 01 03 03 4B  ,  Get_KBD_Lang :02 01 03 03 4B,16,0x10,8704,0,0,0,0,0,0,0,0,0,0,0,0,16777216,0,0,0,0,0,16842752,16777216,0,0,0,0,17372165,100665620,33751040,
FXLH,R118,FTPZK03QP3J3,,R118-POST P2_P21JNB-D13-4,,FXLH_F05-4FT-02_2_GATEKEEPER,FAIL,10-26-13:55:31,46.07,V1.1.3.2,Check_All_CB,FTPZK03QP3J3,Atlas 1.9.2,FTPZK03QP3J3,V1.1.3.2,1,3,0,0,0,3,0,0,0,3,0,0,0,3,0,0,0,3,0,1,1,3,0,0,0,0,0,0,0,3,0,0,0,3,0,0,0,3,0,0,0,15 00 00 00 ,FTPZK03QP3J3,Pass,DLX93940090N6R52Q,WMT-JA0014,R118-POST P2_P21JNB-D13-4_C01831,R118-POST P2,R118-POST P2_P21JNB-D13-4,C4P94020019JCQV34,GV29367002BP2T124,FM79383007TN0LH14+VCJ,C479353044KMW5D2X,13 00 00 00 02 ,13 00 00 00 00,370,0x0172,3,0x03,2,02,1286,0x0506,A0 02 00 0B 00 0B 00 0B ,0,0x00,15,0x0F,15,0x0F,Pass,02 01 03 03 4B ,02 01 03 03 4B,Read_MLB_Lang :02 01 03 03 4B  ,  Get_KBD_Lang :02 01 03 03 4B,16,0x10,8704,0,0,0,0,0,0,0,0,0,0,0,0,16777216,0,0,0,0,0,16842752,16777216,0,0,0,0,17372165,100665620,33751040,
FXLH,R118,FTPZK04DP3J3,,R118-POST P2_P21JNB-D13-4,,FXLH_F05-4FT-02_2_GATEKEEPER,FAIL,10-26-14:14:35,48.43,V1.1.3.2,Check_All_CB,FTPZK04DP3J3,Atlas 1.9.2,FTPZK04DP3J3,V1.1.3.2,1,3,0,0,0,3,0,0,0,3,0,1,1,3,0,0,0,3,0,3,3,3,0,0,0,0,0,0,0,3,0,0,0,3,0,0,0,3,0,0,0,15 00 00 00 ,FTPZK04DP3J3,Pass,DLX9394007EN6R52G,WMT-JA0014,R118-POST P2_P21JNB-D13-4_C01846,R118-POST P2,R118-POST P2_P21JNB-D13-4,C4P94020017JCQV36,GV29367001NP2T12W,FM79383007RN0LH16+VCJ,C47935302GCMW5D24,13 00 00 00 02 ,13 00 00 00 00,370,0x0172,3,0x03,2,02,1286,0x0506,A0 02 00 0B 00 0B 00 0B ,0,0x00,15,0x0F,15,0x0F,Pass,02 01 03 03 4B ,02 01 03 03 4B,Read_MLB_Lang :02 01 03 03 4B  ,  Get_KBD_Lang :02 01 03 03 4B,16,0x10,8704,0,0,0,0,0,0,0,0,0,0,0,0,16777216,0,0,0,0,0,16842752,16777216,0,0,0,0,17372165,100665620,33751040,
FXLH,R118,FTPZK03WP3J3,,R118-POST P2_P21JNB-D13-4,,FXLH_F05-4FT-02_2_GATEKEEPER,FAIL,10-26-14:30:53,44.08,V1.1.3.2,Check_All_CB,FTPZK03WP3J3,Atlas 1.9.2,FTPZK03WP3J3,V1.1.3.2,1,3,0,0,0,3,0,0,0,3,0,0,0,3,0,0,0,3,0,0,0,3,0,0,0,0,0,0,0,3,0,0,0,2,0,1,1,3,0,0,0,15 00 00 00 ,FTPZK03WP3J3,Pass,DLX9394007TN6R523,WMT-JA0014,R118-POST P2_P21JNB-D13-4_C01855,R118-POST P2,R118-POST P2_P21JNB-D13-4,C4P9402001BJCQV32,GV29367001AP2T128,FM79383001YN0LH1H+VCJ,C47935304CBMW5D2F,13 00 00 00 02 ,13 00 00 00 00,370,0x0172,3,0x03,2,02,1286,0x0506,A0 02 00 0B 00 0B 00 0B ,0,0x00,15,0x0F,15,0x0F,Pass,02 01 03 03 4B ,02 01 03 03 4B,Read_MLB_Lang :02 01 03 03 4B  ,  Get_KBD_Lang :02 01 03 03 4B,16,0x10,8704,0,0,0,0,0,0,0,0,0,0,0,0,16777216,0,0,0,0,0,16842752,16777216,0,0,0,0,17372165,100665620,33751040,
FXLH,R118,FTPZK01VP3J3,,R118-POST P2_P21J-D13-1,,FXLH_F05-4FT-02_2_GATEKEEPER,FAIL,10-26-14:40:38,49.45,V1.1.3.2,Check_All_CB,FTPZK01VP3J3,Atlas 1.9.2,FTPZK01VP3J3,V1.1.3.2,1,3,0,0,0,3,0,0,0,3,0,0,0,3,0,0,0,3,0,0,0,3,0,0,0,0,0,0,0,3,0,0,0,3,0,0,0,3,0,0,0,15 00 00 00 ,FTPZK01VP3J3,Pass,DLX9394006XN6R522,WMT-JA0011,R118-POST P2_P21J-D13-1_C01760,R118-POST P2,R118-POST P2_P21J-D13-1,C4P937400BFJCQV3E,GV29363000YP2T12T,FM79383007AN0LH1M+VCJ,CR1935600SBMW5D1N,13 00 00 00 02 ,13 00 00 00 00,370,0x0172,3,0x03,2,02,1286,0x0506,A0 02 00 0B 00 0B 00 0B ,0,0x00,15,0x0F,15,0x0F,Pass,02 01 03 03 4B ,02 01 03 03 4B,Read_MLB_Lang :02 01 03 03 4B  ,  Get_KBD_Lang :02 01 03 03 4B,16,0x10,8704,0,0,0,0,0,0,0,0,0,0,0,0,16777216,0,0,0,0,0,16842752,16777216,0,0,0,0,17372165,100665620,33751040,
FXLH,R118,FTPZK03KP3J3,,R118-POST P2_P21JNB-D13-4,,FXLH_F05-4FT-02_2_GATEKEEPER,FAIL,10-26-14:47:18,37.55,V1.1.3.2,Check_All_CB,FTPZK03KP3J3,Atlas 1.9.2,FTPZK03KP3J3,V1.1.3.2,1,3,0,0,0,3,0,0,0,3,0,0,0,3,0,0,0,3,0,0,0,3,0,0,0,0,0,0,0,3,0,0,0,3,0,0,0,3,0,0,0,15 00 00 00 ,FTPZK03KP3J3,Pass,DLX9394008WN6R52X,WMT-JA0014,R118-POST P2_P21JNB-D13-4_C01836,R118-POST P2,R118-POST P2_P21JNB-D13-4,C4P9402000HJCQV3Z,GV293670026P2T129,FM79383006SN0LH18+VCJ,C4793530443MW5D2D,13 00 00 00 02 ,13 00 00 00 00,370,0x0172,3,0x03,2,02,1286,0x0506,A0 02 00 0B 00 0B 00 0B ,0,0x00,15,0x0F,15,0x0F,Pass,02 01 03 03 4B ,02 01 03 03 4B,Read_MLB_Lang :02 01 03 03 4B  ,  Get_KBD_Lang :02 01 03 03 4B,16,0x10,8704,0,0,0,0,0,0,0,0,0,0,0,0,16777216,0,0,0,0,0,16842752,16777216,0,0,0,0,17372165,100665620,33751040,
FXLH,R118,FTPZK041P3J3,,R118-POST P2_P21JNB-D13-4,,FXLH_F05-4FT-02_2_GATEKEEPER,FAIL,10-26-14:48:43,48.14,V1.1.3.2,Check_All_CB,FTPZK041P3J3,Atlas 1.9.2,FTPZK041P3J3,V1.1.3.2,1,3,0,0,0,3,0,0,0,3,0,1,1,3,0,0,0,3,0,0,0,3,0,0,0,0,0,0,0,3,0,0,0,3,0,2,2,3,0,0,0,15 00 00 00 ,FTPZK041P3J3,Pass,DLX9394008XN6R52W,WMT-JA0014,R118-POST P2_P21JNB-D13-4_C01850,R118-POST P2,R118-POST P2_P21JNB-D13-4,C4P94020015JCQV38,GV29367001KP2T12Z,FM793830076N0LH1R+VCJ,C479353044BMW5D25,13 00 00 00 02 ,13 00 00 00 00,370,0x0172,3,0x03,2,02,1286,0x0506,A0 02 00 0B 00 0B 00 0B ,0,0x00,15,0x0F,15,0x0F,Pass,02 01 03 03 4B ,02 01 03 03 4B,Read_MLB_Lang :02 01 03 03 4B  ,  Get_KBD_Lang :02 01 03 03 4B,16,0x10,8704,0,0,0,0,0,0,0,0,0,0,0,0,16777216,0,0,0,0,0,16842752,16777216,0,0,0,0,17372165,100665620,33751040,
FXLH,R118,FTPZK02RP3J3,,R118-POST P2_P21J-D13-1,,FXLH_F05-4FT-02_2_GATEKEEPER,FAIL,10-26-15:02:36,51.82,V1.1.3.2,Check_All_CB,FTPZK02RP3J3,Atlas 1.9.2,FTPZK02RP3J3,V1.1.3.2,1,3,0,0,0,3,0,0,0,3,0,0,0,3,0,0,0,3,0,0,0,3,0,0,0,0,0,0,0,3,0,0,0,3,0,0,0,3,0,0,0,15 00 00 00 ,FTPZK02RP3J3,Pass,DLX937500LCN6R52J,WMT-JA0011,R118-POST P2_P21J-D13-1_C01801,R118-POST P2,R118-POST P2_P21J-D13-1,C4P937400BYJCQV3X,GV293630006P2T12K,FM793830038N0LH11+VCJ,CR1935600A2MW5D1B,13 00 00 00 02 ,13 00 00 00 00,370,0x0172,3,0x03,2,02,1286,0x0506,A0 02 00 0B 00 0B 00 0B ,0,0x00,15,0x0F,15,0x0F,Pass,02 01 03 03 4B ,02 01 03 03 4B,Read_MLB_Lang :02 01 03 03 4B  ,  Get_KBD_Lang :02 01 03 03 4B,16,0x10,8704,0,0,0,0,0,0,0,0,0,0,0,0,16777216,0,0,0,0,0,16842752,16777216,0,0,0,0,17372165,100665620,33751040,
FXLH,R118,FTPZK01KP3J3,,R118-POST P2_P21J-D13-1,,FXLH_F05-4FT-02_2_GATEKEEPER,FAIL,10-26-15:08:04,48.35,V1.1.3.2,Check_All_CB,FTPZK01KP3J3,Atlas 1.9.2,FTPZK01KP3J3,V1.1.3.2,1,3,0,0,0,3,0,0,0,3,0,0,0,3,0,0,0,3,0,2,2,3,0,0,0,0,0,0,0,3,0,0,0,3,0,0,0,3,0,0,0,15 00 00 00 ,FTPZK01KP3J3,Pass,DLX937500JMN6R52F,WMT-JA0011,R118-POST P2_P21J-D13-1_C01775,R118-POST P2,R118-POST P2_P21J-D13-1,C4P937400BRJCQV34,GV293630008P2T12H,FM793830040N0LH16+VCJ,CR1935600UJMW5D19,13 00 00 00 02 ,13 00 00 00 00,370,0x0172,3,0x03,2,02,1286,0x0506,A0 02 00 0B 00 0B 00 0B ,0,0x00,15,0x0F,15,0x0F,Pass,02 01 03 03 4B ,02 01 03 03 4B,Read_MLB_Lang :02 01 03 03 4B  ,  Get_KBD_Lang :02 01 03 03 4B,16,0x10,8704,0,0,0,0,0,0,0,0,0,0,0,0,16777216,0,0,0,0,0,16842752,16777216,0,0,0,0,17372165,100665620,33751040,
