GATEKEEPER,V1.1.3.2
Site, Product, SerialNumber, Special Build Name, Special Build Description, Unit Number, Station ID, Test Pass/Fail Status, StartTime, EndTime, Version, List of Failing Tests,Scan_FG_SN,Start Data Reporting,Start Data Reporting,Start Data Reporting,Start Data Reporting,Check_All_CB - CB_STATUS_MLB-FCT,Check_All_CB - ABS_ERASE_MLB-FCT,Check_All_CB - ABS_FAIL_MLB-FCT,Check_All_CB - REL_FAIL_MLB-FCT,Check_All_CB - CB_STATUS_TEST1,Check_All_CB - ABS_ERASE_TEST1,Check_All_CB - ABS_FAIL_TEST1,Check_All_CB - REL_FAIL_TEST1,Check_All_CB - CB_STATUS_QT0,Check_All_CB - ABS_ERASE_QT0,Check_All_CB - ABS_FAIL_QT0,Check_All_CB - REL_FAIL_QT0,Check_All_CB - CB_STATUS_DFU2-FTW,Check_All_CB - ABS_ERASE_DFU2-FTW,Check_All_CB - ABS_FAIL_DFU2-FTW,Check_All_CB - REL_FAIL_DFU2-FTW,Check_All_CB - CB_STATUS_QT1,Check_All_CB - ABS_ERASE_QT1,Check_All_CB - ABS_FAIL_QT1,Check_All_CB - REL_FAIL_QT1,Check_All_CB - CB_STATUS_LED-TEST,Check_All_CB - ABS_ERASE_LED-TEST,Check_All_CB - ABS_FAIL_LED-TEST,Check_All_CB - REL_FAIL_LED-TEST,Check_All_CB - CB_STATUS_KEY-FORCE,Check_All_CB - ABS_ERASE_KEY-FORCE,Check_All_CB - ABS_FAIL_KEY-FORCE,Check_All_CB - REL_FAIL_KEY-FORCE,Check_All_CB - CB_STATUS_TEST2,Check_All_CB - ABS_ERASE_TEST2,Check_All_CB - ABS_FAIL_TEST2,Check_All_CB - REL_FAIL_TEST2,Check_All_CB - CB_STATUS_MMI,Check_All_CB - ABS_ERASE_MMI,Check_All_CB - ABS_FAIL_MMI,Check_All_CB - REL_FAIL_MMI,Check_All_CB - CB_STATUS_SW-DOWNLOAD,Check_All_CB - ABS_ERASE_SW-DOWNLOAD,Check_All_CB - ABS_FAIL_SW-DOWNLOAD,Check_All_CB - REL_FAIL_SW-DOWNLOAD,Check_Bootargs_Status,Read_FG_SN,Compare_FG_SN,MLB_SN,WO_SN,UNIT_LBL,BUILD_EVENT,S_BUILD,KBM_SN,BACKLIGHT_SN,TRACKPAD_SN,TOUCH_FLEX_SN,Check_EP_Status,EP_Enable_All,STFW - STFW,STFW,Read_HW_Version - Read_HW_Version,Read_HW_Version,GreenPAK_ID - GreenPAK_ID,GreenPAK_ID,TOUCH_FW - TOUCH_FW,TOUCH_FW,Read_CCG3_FW,Production_Signed_Check - Production_Signed_Check,Production_Signed_Check,Read_KBD_HW_Layout - Read_KBD_HW_Layout,Read_KBD_HW_Layout,Get_KBD_HW_Layout - Read_KBD_HW_Layout,Get_KBD_HW_Layout,Compare_KBD_HW_Layout,Read_MLB_Lang,Get_KBD_Lang,Check_KBD_Lang,Read_MFI_Address - Read_MFI_Address,Read_MFI_Address,System_Critical_Errors - CRIT_ERR_E1_PART1,System_Critical_Errors - CRIT_ERR_E1_PART2,FW_Update_Critical_Errors - CRIT_ERR_E2_PART1,FW_Update_Critical_Errors - CRIT_ERR_E2_PART2,FW_Update_Critical_Errors - CRIT_ERR_E2_PART3,Key_Scan_Critical_Errors - CRIT_ERR_E7_PART1,Key_Scan_Critical_Errors - CRIT_ERR_E7_PART2,Key_Scan_Critical_Errors - CRIT_ERR_E7_PART3,Key_Scan_Critical_Errors - CRIT_ERR_E7_PART4,USBC_Critical_Errors - CRIT_ERR_E3_PART1,USBC_Critical_Errors - CRIT_ERR_E3_PART2,USBC_Critical_Errors - CRIT_ERR_E3_PART3,USBC_Critical_Errors - CRIT_ERR_E3_PART4,Grape_Critical_Errors - CRIT_ERR_E5_PART1,Grape_Critical_Errors - CRIT_ERR_E5_PART2,Grape_Critical_Errors - CRIT_ERR_E5_PART3,Grape_Critical_Errors - CRIT_ERR_E5_PART4,Grape_Critical_Errors - CRIT_ERR_E5_PART5,Grape_Critical_Errors - CRIT_ERR_E5_PART6,Grape_Critical_Errors - CRIT_ERR_E5_PART7,Grape_Critical_Errors - CRIT_ERR_E5_PART8,Grape_Critical_Errors - CRIT_ERR_E5_PART9,Grape_Critical_Errors - CRIT_ERR_E5_PART10,Critical_Errors_Summary - CRIT_ERR_E0_PART1,Backlight_Critical_Errors - BL_CRI_ERR_PART1,Grape_Connector_Self_Critical_Errors - CRIT_ERR_D3_PART1,Grape_Connector_Self_Critical_Errors - CRIT_ERR_D3_PART2,Grape_Connector_Self_Critical_Errors - CRIT_ERR_D3_PART3,+,Read_KBD_HW_Layout - Read_KBD_HW_Layout,Get_KBD_HW_Layout - Read_KBD_HW_Layout,
Upper Limited-------->,,,,,,,,,,,,,,,,,3,,,,3,,,,3,,,,3,,,,3,,,,3,,,,3,,,,3,,,,3,,,,3,,,,,,,,,,,,,,,,,,370,,3,,2,,1286,,,0,,13,,13,,,,,,16,,,,,,,,,,,,,,,,,,,,,,,,,,,,,,,33,33,
Lower Limited-------->,,,,,,,,,,,,,,,,,3,,,,3,,,,3,,,,3,,,,3,,,,3,,,,3,,,,3,,,,3,,,,3,,,,,,,,,,,,,,,,,,370,,3,,2,,1286,,,0,,13,,13,,,,,,16,,,,,,,,,,,,,,,,,,,,,,,,,,,,,,,33,33,
Measurement Units---->,,,,,,,,,,,,,,,,,,,,,,,,,,,,,,,,,,,,,,,,,,,,,,,,,,,,,,,,,,,,,,,,,,,,,,,,,,,,,,,,,,,,,,,,,,,,,,,,,,,,,,,,,,,,,,,,,,,,,,,,,,,
FXLH,R118,FTPZF003P3J8,,R118-P2_P21ISWE,,FXLH_F05-4FT-02_2_GATEKEEPER,FAIL,10-23-15:54:54,47.71,V1.1.3.2,Check_All_CB,FTPZF003P3J8,Atlas 1.9.2,FTPZF003P3J8,V1.1.3.2,1,3,0,0,0,3,0,0,0,3,0,0,0,3,0,0,0,3,0,1,1,2,0,3,3,0,0,0,0,3,0,0,0,2,0,3,3,3,0,1,1,15 00 00 00 ,FTPZF003P3J8,Pass,DLX9382006WN6R528,WMT-J9002F,R118-P2_P21ISWE_C01143,R118-P2,R118-P2_P21ISWE,C4P9345001KJCQM3N,GV29367001UP2T02R,FM7934401CRN0LH11+V1J,C47935303G3MW5D2C,13 00 00 00 02 ,13 00 00 00 00,370,0x0172,3,0x03,2,02,1286,0x0506,A0 02 00 0B 00 0B 00 0B ,0,0x00,13,0x0D,13,0x0D,Pass,02 01 02 08 4A ,02 01 02 08 4A,Read_MLB_Lang :02 01 02 08 4A  ,  Get_KBD_Lang :02 01 02 08 4A,16,0x10,8704,0,0,0,0,0,0,0,0,0,0,0,0,16777216,0,0,0,0,0,16842752,16777216,0,0,0,0,17372165,100665620,33751040,,,,
FXLH,R118,FTPZK002P3J4,,R118-POST P2_P21AK-D12-3,,FXLH_F05-4FT-02_2_GATEKEEPER,FAIL,10-24-08:55:35,47.04,V1.1.3.2,Check_All_CB,FTPZK002P3J4,Atlas 1.9.2,FTPZK002P3J4,V1.1.3.2,1,3,0,0,0,3,0,0,0,3,0,8,8,3,0,0,0,3,0,0,0,2,0,3,3,0,0,0,0,3,0,1,1,3,0,1,1,3,0,0,0,15 00 00 00 ,FTPZK002P3J4,Pass,DLX9394006KN6R52E,WMT-JA0010,R118-POST P2_P21AK-D12-3_C01748,R118-POST P2,R118-POST P2_P21AK-D12-3,C4P9382002JJCPV36,GV293720003N3LN2N,FM7938300NKN0LH11+VLJ,CR1935600TSMW5D14,13 00 00 00 02 ,13 00 00 00 00,370,0x0172,3,0x03,2,02,1286,0x0506,A0 02 00 0B 00 0B 00 0B ,0,0x00,,0x21,,0x21,Pass,02 01 01 0F 49 16 16 ,02 01 01 0F 49 16 16,Read_MLB_Lang :02 01 01 0F 49 16 16  ,  Get_KBD_Lang :02 01 01 0F 49 16 16,16,0x10,8704,0,0,0,0,0,0,0,0,0,0,0,0,16777216,0,0,0,0,0,16842752,16777216,0,0,0,0,17372165,100665620,33751040,,33,33,
FXLH,R118,FTPZJ05VP3HR,,R118-POST P2_P21AEN-D12-1,,FXLH_F05-4FT-02_2_GATEKEEPER,FAIL,10-24-09:28:05,47.08,V1.1.3.2,Check_All_CB,FTPZJ05VP3HR,Atlas 1.9.2,FTPZJ05VP3HR,V1.1.3.2,1,3,0,0,0,3,0,0,0,3,0,0,0,3,0,0,0,3,0,1,1,2,0,3,3,0,0,0,0,3,0,0,0,3,0,0,0,3,0,0,0,15 00 00 00 ,FTPZJ05VP3HR,Pass,DLX93940039N6R52Z,WMT-JA000D,R118-POST P2_P21AEN-D12-1_C01698,R118-POST P2,R118-POST P2_P21AEN-D12-1,C4P932200SDJCPP3X,GV29363000XN3LN2W,FM79366000QN0LH1X+VLJ,CR1935600DVMW5D19,13 00 00 00 02 ,13 00 00 00 00,370,0x0172,3,0x03,2,02,1286,0x0506,A0 02 00 0B 00 0B 00 0B ,0,0x00,,0x21,,0x21,Pass,02 01 01 05 49 ,02 01 01 05 49,Read_MLB_Lang :02 01 01 05 49  ,  Get_KBD_Lang :02 01 01 05 49,16,0x10,8704,0,0,0,0,0,0,0,0,0,0,0,0,16777216,0,0,0,0,0,16842752,16777216,0,0,0,0,17372165,100665620,33751040,,33,33,
FXLH,R118,FTPZK008P3J4,,R118-POST P2_P21AK-D12-3,,FXLH_F05-4FT-02_2_GATEKEEPER,FAIL,10-24-09:29:46,44.97,V1.1.3.2,Check_All_CB,FTPZK008P3J4,Atlas 1.9.2,FTPZK008P3J4,V1.1.3.2,1,3,0,0,0,3,0,0,0,3,0,8,8,3,0,0,0,3,0,0,0,2,0,3,3,0,0,0,0,3,0,0,0,3,0,0,0,3,0,0,0,15 00 00 00 ,FTPZK008P3J4,Pass,DLX937500JSN6R52A,WMT-JA0010,R118-POST P2_P21AK-D12-3_C01756,R118-POST P2,R118-POST P2_P21AK-D12-3,C4P9382000UJCPV32,GV293720006N3LN2K,FM7938300KBN0LH1J+VLJ,CR1935600XNMW5D1W,13 00 00 00 02 ,13 00 00 00 00,370,0x0172,3,0x03,2,02,1286,0x0506,A0 02 00 0B 00 0B 00 0B ,0,0x00,,0x21,,0x21,Pass,02 01 01 0F 49 16 16 ,02 01 01 0F 49 16 16,Read_MLB_Lang :02 01 01 0F 49 16 16  ,  Get_KBD_Lang :02 01 01 0F 49 16 16,16,0x10,8704,0,0,0,0,0,0,0,0,0,0,0,0,16777216,0,0,0,0,0,16842752,16777216,0,0,0,0,17372165,100665620,33751040,,33,33,
FXLH,R118,FTPZJ06FP3HR,,R118-POST P2_P21AEN-D12-1,,FXLH_F05-4FT-02_2_GATEKEEPER,FAIL,10-24-09:32:24,53.30,V1.1.3.2,Check_All_CB,FTPZJ06FP3HR,Atlas 1.9.2,FTPZJ06FP3HR,V1.1.3.2,1,3,0,0,0,3,0,0,0,3,0,6,6,3,0,0,0,3,0,0,0,2,0,3,3,0,0,0,0,3,0,0,0,3,0,0,0,3,0,0,0,15 00 00 00 ,FTPZJ06FP3HR,Pass,DLX9394006WN6R523,WMT-JA000D,R118-POST P2_P21AEN-D12-1_C01718,R118-POST P2,R118-POST P2_P21AEN-D12-1,C4P9382005SJCPP3V,GV29363000NN3LN25,FM793660017N0LH1B+VLJ,CR19356003HMW5D1H,13 00 00 00 02 ,13 00 00 00 00,370,0x0172,3,0x03,2,02,1286,0x0506,A0 02 00 0B 00 0B 00 0B ,0,0x00,,0x21,,0x21,Pass,02 01 01 05 49 ,02 01 01 05 49,Read_MLB_Lang :02 01 01 05 49  ,  Get_KBD_Lang :02 01 01 05 49,16,0x10,8704,0,0,0,0,0,0,0,0,0,0,0,0,16777216,0,0,0,0,0,16842752,16777216,0,0,0,0,17372165,100665620,33751040,,33,33,
FXLH,R118,FTPZJ06LP3HR,,R118-POST P2_P21AEN-D12-1,,FXLH_F05-4FT-02_2_GATEKEEPER,FAIL,10-24-09:43:01,37.83,V1.1.3.2,Check_All_CB,FTPZJ06LP3HR,Atlas 1.9.2,FTPZJ06LP3HR,V1.1.3.2,1,3,0,0,0,3,0,0,0,3,0,0,0,3,0,0,0,3,0,0,0,2,0,3,3,0,0,0,0,3,0,0,0,3,0,0,0,3,0,0,0,15 00 00 00 ,FTPZJ06LP3HR,Pass,DLX9394005XN6R525,WMT-JA000D,R118-POST P2_P21AEN-D12-1_C01723,R118-POST P2,R118-POST P2_P21AEN-D12-1,C4P9322004BJCPP3X,GV293630015N3LN2K,FM7938300L4N0LH1N+VLJ,CR1935600M8MW5D16,13 00 00 00 02 ,13 00 00 00 00,370,0x0172,3,0x03,2,02,1286,0x0506,A0 02 00 0B 00 0B 00 0B ,0,0x00,,0x21,,0x21,Pass,02 01 01 05 49 ,02 01 01 05 49,Read_MLB_Lang :02 01 01 05 49  ,  Get_KBD_Lang :02 01 01 05 49,16,0x10,8704,0,0,0,0,0,0,0,0,0,0,0,0,16777216,0,0,0,0,0,16842752,16777216,0,0,0,0,17372165,100665620,33751040,,33,33,
FXLH,R118,FTPZJ063P3HR,,R118-POST P2_P21AEN-D12-1,,FXLH_F05-4FT-02_2_GATEKEEPER,FAIL,10-24-09:44:07,51.07,V1.1.3.2,Check_All_CB,FTPZJ063P3HR,Atlas 1.9.2,FTPZJ063P3HR,V1.1.3.2,1,3,0,0,0,3,0,0,0,3,0,7,7,3,0,0,0,3,0,0,0,2,0,3,3,0,0,0,0,3,0,0,0,3,0,0,0,3,0,0,0,15 00 00 00 ,FTPZJ063P3HR,Pass,DLX9394004MN6R52J,WMT-JA000D,R118-POST P2_P21AEN-D12-1_C01706,R118-POST P2,R118-POST P2_P21AEN-D12-1,C4P93820013JCPP3W,GV293630004N3LN2P,FM793660010N0LH1J+VLJ,CR1935600Q0MW5D15,13 00 00 00 02 ,13 00 00 00 00,370,0x0172,3,0x03,2,02,1286,0x0506,A0 02 00 0B 00 0B 00 0B ,0,0x00,,0x21,,0x21,Pass,02 01 01 05 49 ,02 01 01 05 49,Read_MLB_Lang :02 01 01 05 49  ,  Get_KBD_Lang :02 01 01 05 49,16,0x10,8704,0,0,0,0,0,0,0,0,0,0,0,0,16777216,0,0,0,0,0,16842752,16777216,0,0,0,0,17372165,100665620,33751040,,33,33,
FXLH,R118,FTPZJ06BP3HR,,R118-POST P2_P21AEN-D12-1,,FXLH_F05-4FT-02_2_GATEKEEPER,FAIL,10-24-09:57:32,43.52,V1.1.3.2,Check_All_CB,FTPZJ06BP3HR,Atlas 1.9.2,FTPZJ06BP3HR,V1.1.3.2,1,3,0,0,0,3,0,0,0,3,0,0,0,3,0,0,0,3,0,0,0,2,0,4,4,0,0,0,0,3,0,0,0,3,0,0,0,3,0,0,0,15 00 00 00 ,FTPZJ06BP3HR,Pass,DLX93940066N6R52T,WMT-JA000D,R118-POST P2_P21AEN-D12-1_C01714,R118-POST P2,R118-POST P2_P21AEN-D12-1,C4P9382005FJCPP36,GV29363000KN3LN28,FM7938300M3N0LH1L+VLJ,CR1935600PDMW5D1V,13 00 00 00 02 ,13 00 00 00 00,370,0x0172,3,0x03,2,02,1286,0x0506,A0 02 00 0B 00 0B 00 0B ,0,0x00,,0x21,,0x21,Pass,02 01 01 05 49 ,02 01 01 05 49,Read_MLB_Lang :02 01 01 05 49  ,  Get_KBD_Lang :02 01 01 05 49,16,0x10,8704,0,0,0,0,0,0,0,0,0,0,0,0,16777216,0,0,0,0,0,16842752,16777216,0,0,0,0,17372165,100665620,33751040,,33,33,
FXLH,R118,FTPZJ06CP3HR,,R118-POST P2_P21AEN-D12-1,,FXLH_F05-4FT-02_2_GATEKEEPER,FAIL,10-24-09:58:35,51.14,V1.1.3.2,Check_All_CB,FTPZJ06CP3HR,Atlas 1.9.2,FTPZJ06CP3HR,V1.1.3.2,1,3,0,0,0,3,0,0,0,3,0,0,0,3,0,0,0,3,0,0,0,2,0,3,3,0,0,0,0,3,0,0,0,3,0,0,0,3,0,0,0,15 00 00 00 ,FTPZJ06CP3HR,Pass,DLX93940068N6R52R,WMT-JA000D,R118-POST P2_P21AEN-D12-1_C01715,R118-POST P2,R118-POST P2_P21AEN-D12-1,C4P9382005KJCPP32,GV29363001BN3LN2D,FM7938300LGN0LH1A+VLJ,CR1935600DQMW5D1E,13 00 00 00 02 ,13 00 00 00 00,370,0x0172,3,0x03,2,02,1286,0x0506,A0 02 00 0B 00 0B 00 0B ,0,0x00,,0x21,,0x21,Pass,02 01 01 05 49 ,02 01 01 05 49,Read_MLB_Lang :02 01 01 05 49  ,  Get_KBD_Lang :02 01 01 05 49,16,0x10,8704,0,0,0,0,0,0,0,0,0,0,0,0,16777216,0,0,0,0,0,16842752,16777216,0,0,0,0,17372165,100665620,33751040,,33,33,
FXLH,R118,FTPZJ05XP3HR,,R118-POST P2_P21AEN-D12-1,,FXLH_F05-4FT-02_2_GATEKEEPER,FAIL,10-24-09:59:42,50.21,V1.1.3.2,Check_All_CB,FTPZJ05XP3HR,Atlas 1.9.2,FTPZJ05XP3HR,V1.1.3.2,1,3,0,0,0,3,0,0,0,3,0,0,0,3,0,0,0,3,0,1,1,2,0,3,3,0,0,0,0,3,0,0,0,3,0,0,0,3,0,0,0,15 00 00 00 ,FTPZJ05XP3HR,Pass,DLX9394006CN6R52M,WMT-JA000D,R118-POST P2_P21AEN-D12-1_C01700,R118-POST P2,R118-POST P2_P21AEN-D12-1,C4P932200U8JCPP3W,GV293630010N3LN2Q,FM7938300MHN0LH16+VLJ,CR193560098MW5D18,13 00 00 00 02 ,13 00 00 00 00,370,0x0172,3,0x03,2,02,1286,0x0506,A0 02 00 0B 00 0B 00 0B ,0,0x00,,0x21,,0x21,Pass,02 01 01 05 49 ,02 01 01 05 49,Read_MLB_Lang :02 01 01 05 49  ,  Get_KBD_Lang :02 01 01 05 49,16,0x10,8704,0,0,0,0,0,0,0,0,0,0,0,0,16777216,0,0,0,0,0,16842752,16777216,0,0,0,0,17372165,100665620,33751040,,33,33,
FXLH,R118,FTPZJ06NP3HR,,R118-POST P2_P21AEN-D12-1,,FXLH_F05-4FT-02_2_GATEKEEPER,FAIL,10-24-10:07:17,53.90,V1.1.3.2,Check_All_CB,FTPZJ06NP3HR,Atlas 1.9.2,FTPZJ06NP3HR,V1.1.3.2,1,3,0,0,0,3,0,0,0,3,0,12,12,3,0,0,0,3,0,0,0,2,0,6,6,0,0,0,0,3,0,0,0,3,0,0,0,3,0,0,0,15 00 00 00 ,FTPZJ06NP3HR,Pass,DLX93940061N6R52Y,WMT-JA000D,R118-POST P2_P21AEN-D12-1_C01725,R118-POST P2,R118-POST P2_P21AEN-D12-1,C4P9382000FJCPP3M,GV29363001RN3LN2Z,FM7938300KRN0LH14+VLJ,CR1935600P8MW5D10,13 00 00 00 02 ,13 00 00 00 00,370,0x0172,3,0x03,2,02,1286,0x0506,A0 02 00 0B 00 0B 00 0B ,0,0x00,,0x21,,0x21,Pass,02 01 01 05 49 ,02 01 01 05 49,Read_MLB_Lang :02 01 01 05 49  ,  Get_KBD_Lang :02 01 01 05 49,16,0x10,8704,0,0,0,0,0,0,0,0,0,0,0,0,16777216,0,0,0,0,0,16842752,16777216,0,0,0,0,17372165,100665620,33751040,,33,33,
FXLH,R118,FTPZJ067P3HR,,R118-POST P2_P21AEN-D12-1,,FXLH_F05-4FT-02_2_GATEKEEPER,FAIL,10-24-10:23:49,40.18,V1.1.3.2,Check_All_CB,FTPZJ067P3HR,Atlas 1.9.2,FTPZJ067P3HR,V1.1.3.2,1,3,0,0,0,3,0,0,0,3,0,19,19,3,0,0,0,3,0,0,0,2,0,3,3,0,0,0,0,3,0,0,0,3,0,0,0,3,0,0,0,15 00 00 00 ,FTPZJ067P3HR,Pass,DLX93940072N6R52U,WMT-JA000D,R118-POST P2_P21AEN-D12-1_C01710,R118-POST P2,R118-POST P2_P21AEN-D12-1,C4P932200A3JCPP3M,GV293630019N3LN2F,FM793660014N0LH1E+VLJ,CR1935601G9MW5D1K,13 00 00 00 02 ,13 00 00 00 00,370,0x0172,3,0x03,2,02,1286,0x0506,A0 02 00 0B 00 0B 00 0B ,0,0x00,,0x21,,0x21,Pass,02 01 01 05 49 ,02 01 01 05 49,Read_MLB_Lang :02 01 01 05 49  ,  Get_KBD_Lang :02 01 01 05 49,16,0x10,8704,0,0,0,0,0,0,0,0,0,0,0,0,16777216,0,0,0,0,0,16842752,16777216,0,0,0,0,17372165,100665620,33751040,,33,33,
FXLH,R118,FTPZJ06MP3HR,,R118-POST P2_P21AEN-D12-1,,FXLH_F05-4FT-02_2_GATEKEEPER,FAIL,10-24-10:25:05,49.41,V1.1.3.2,Check_All_CB,FTPZJ06MP3HR,Atlas 1.9.2,FTPZJ06MP3HR,V1.1.3.2,1,3,0,0,0,3,0,0,0,3,0,0,0,3,0,0,0,3,0,0,0,2,0,4,4,0,0,0,0,3,0,0,0,3,0,0,0,3,0,0,0,15 00 00 00 ,FTPZJ06MP3HR,Pass,DLX9394005SN6R52A,WMT-JA000D,R118-POST P2_P21AEN-D12-1_C01724,R118-POST P2,R118-POST P2_P21AEN-D12-1,C4P932200RVJCPP3J,GV29363001MN3LN23,FM7938300M0N0LH1P+VLJ,CR1935600PAMW5D1Y,13 00 00 00 02 ,13 00 00 00 00,370,0x0172,3,0x03,2,02,1286,0x0506,A0 02 00 0B 00 0B 00 0B ,0,0x00,,0x21,,0x21,Pass,02 01 01 05 49 ,02 01 01 05 49,Read_MLB_Lang :02 01 01 05 49  ,  Get_KBD_Lang :02 01 01 05 49,16,0x10,8704,0,0,0,0,0,0,0,0,0,0,0,0,16777216,0,0,0,0,0,16842752,16777216,0,0,0,0,17372165,100665620,33751040,,33,33,
FXLH,R118,FTPZJ069P3HR,,R118-POST P2_P21AEN-D12-1,,FXLH_F05-4FT-02_2_GATEKEEPER,FAIL,10-24-11:05:06,54.69,V1.1.3.2,Check_All_CB,FTPZJ069P3HR,Atlas 1.9.2,FTPZJ069P3HR,V1.1.3.2,1,3,0,0,0,3,0,0,0,3,0,0,0,3,0,0,0,3,0,0,0,2,0,4,4,0,0,0,0,3,0,0,0,3,0,0,0,3,0,0,0,15 00 00 00 ,FTPZJ069P3HR,Pass,DLX9394004CN6R52T,WMT-JA000D,R118-POST P2_P21AEN-D12-1_C01712,R118-POST P2,R118-POST P2_P21AEN-D12-1,C4P93820051JCPP3L,GV293630008N3LN2K,FM79366001PN0LH1V+VLJ,CR1935600EAMW5D1R,13 00 00 00 02 ,13 00 00 00 00,370,0x0172,3,0x03,2,02,1286,0x0506,A0 02 00 0B 00 0B 00 0B ,0,0x00,,0x21,,0x21,Pass,02 01 01 05 49 ,02 01 01 05 49,Read_MLB_Lang :02 01 01 05 49  ,  Get_KBD_Lang :02 01 01 05 49,16,0x10,8704,0,0,0,0,0,0,0,0,0,0,0,0,16777216,0,0,0,0,0,16842752,16777216,0,0,0,0,17372165,100665620,33751040,,33,33,
FXLH,R118,FTPZK009P3J4,,R118-POST P2_P21AK-D12-3,,FXLH_F05-4FT-02_2_GATEKEEPER,FAIL,10-24-11:06:13,47.10,V1.1.3.2,Check_All_CB,FTPZK009P3J4,Atlas 1.9.2,FTPZK009P3J4,V1.1.3.2,1,3,0,0,0,3,0,1,1,3,0,8,8,3,0,0,0,3,0,3,3,2,0,3,3,0,0,0,0,3,0,0,0,3,0,0,0,3,0,0,0,15 00 00 00 ,FTPZK009P3J4,Pass,DLX937500K9N6R52Q,WMT-JA0010,R118-POST P2_P21AK-D12-3_C01755,R118-POST P2,R118-POST P2_P21AK-D12-3,C4P9382003ZJCPV3N,GV29372000HN3LN28,FM793660016N0LH1C+VLJ,CR1935600VUMW5D1W,13 00 00 00 02 ,13 00 00 00 00,370,0x0172,3,0x03,2,02,1286,0x0506,A0 02 00 0B 00 0B 00 0B ,0,0x00,,0x21,,0x21,Pass,02 01 01 0F 49 16 16 ,02 01 01 0F 49 16 16,Read_MLB_Lang :02 01 01 0F 49 16 16  ,  Get_KBD_Lang :02 01 01 0F 49 16 16,16,0x10,8704,0,0,0,0,0,0,0,0,0,0,0,0,16777216,0,0,0,0,0,16842752,16777216,0,0,0,0,17372165,100665620,33751040,,33,33,
FXLH,R118,FTPZJ060P3HR,,R118-POST P2_P21AEN-D12-1,,FXLH_F05-4FT-02_2_GATEKEEPER,FAIL,10-24-11:07:13,46.99,V1.1.3.2,Check_All_CB,FTPZJ060P3HR,Atlas 1.9.2,FTPZJ060P3HR,V1.1.3.2,1,3,0,0,0,3,0,0,0,3,0,0,0,3,0,0,0,3,0,0,0,2,0,3,3,0,0,0,0,3,0,0,0,3,0,0,0,3,0,0,0,15 00 00 00 ,FTPZJ060P3HR,Pass,DLX9394006DN6R52L,WMT-JA000D,R118-POST P2_P21AEN-D12-1_C01703,R118-POST P2,R118-POST P2_P21AEN-D12-1,C4P9382005QJCPP3X,GV293630014N3LN2L,FM7938300P7N0LH1A+VLJ,CR1935600DTMW5D1B,13 00 00 00 02 ,13 00 00 00 00,370,0x0172,3,0x03,2,02,1286,0x0506,A0 02 00 0B 00 0B 00 0B ,0,0x00,,0x21,,0x21,Pass,02 01 01 05 49 ,02 01 01 05 49,Read_MLB_Lang :02 01 01 05 49  ,  Get_KBD_Lang :02 01 01 05 49,16,0x10,8704,0,0,0,0,0,0,0,0,0,0,0,0,16777216,0,0,0,0,0,16842752,16777216,0,0,0,0,17372165,100665620,33751040,,33,33,
FXLH,R118,FTPZJ06HP3HR,,R118-POST P2_P21AEN-D12-1,,FXLH_F05-4FT-02_2_GATEKEEPER,FAIL,10-24-11:18:10,50.23,V1.1.3.2,Check_All_CB,FTPZJ06HP3HR,Atlas 1.9.2,FTPZJ06HP3HR,V1.1.3.2,1,3,0,0,0,3,0,0,0,3,0,19,19,3,0,0,0,3,0,0,0,2,0,4,4,0,0,0,0,3,0,0,0,3,0,0,0,3,0,0,0,15 00 00 00 ,FTPZJ06HP3HR,Pass,DLX93940054N6R52Y,WMT-JA000D,R118-POST P2_P21AEN-D12-1_C01720,R118-POST P2,R118-POST P2_P21AEN-D12-1,C4P9382004ZJCPP3R,GV293630005N3LN2N,FM7938300LPN0LH13+VLJ,CR1935600FUMW5D14,13 00 00 00 02 ,13 00 00 00 00,370,0x0172,3,0x03,2,02,1286,0x0506,A0 02 00 0B 00 0B 00 0B ,0,0x00,,0x21,,0x21,Pass,02 01 01 05 49 ,02 01 01 05 49,Read_MLB_Lang :02 01 01 05 49  ,  Get_KBD_Lang :02 01 01 05 49,16,0x10,8704,0,0,0,0,0,0,0,0,0,0,0,0,16777216,0,0,0,0,0,16842752,16777216,0,0,0,0,17372165,100665620,33751040,,33,33,
FXLH,R118,FTPZJ05UP3HR,,R118-POST P2_P21AEN-D12-1,,FXLH_F05-4FT-02_2_GATEKEEPER,FAIL,10-24-11:19:12,49.59,V1.1.3.2,Check_All_CB,FTPZJ05UP3HR,Atlas 1.9.2,FTPZJ05UP3HR,V1.1.3.2,1,3,0,0,0,3,0,0,0,3,0,6,6,3,0,0,0,3,0,0,0,2,0,3,3,0,0,0,0,3,0,0,0,3,0,0,0,3,0,0,0,15 00 00 00 ,FTPZJ05UP3HR,Pass,DLX9394004LN6R52K,WMT-JA000D,R118-POST P2_P21AEN-D12-1_C01697,R118-POST P2,R118-POST P2_P21AEN-D12-1,C4P9382000KJCPP3H,GV29363000WN3LN2X,FM7938300LWN0LH1W+VLJ,CR193560079MW5D1D,13 00 00 00 02 ,13 00 00 00 00,370,0x0172,3,0x03,2,02,1286,0x0506,A0 02 00 0B 00 0B 00 0B ,0,0x00,,0x21,,0x21,Pass,02 01 01 05 49 ,02 01 01 05 49,Read_MLB_Lang :02 01 01 05 49  ,  Get_KBD_Lang :02 01 01 05 49,16,0x10,8704,0,0,0,0,0,0,0,0,0,0,0,0,16777216,0,0,0,0,0,16842752,16777216,0,0,0,0,17372165,100665620,33751040,,33,33,
FXLH,R118,FTPZJ06PP3HR,,R118-POST P2_P21AEN-D12-1,,FXLH_F05-4FT-02_2_GATEKEEPER,FAIL,10-24-11:25:57,53.62,V1.1.3.2,Check_All_CB,FTPZJ06PP3HR,Atlas 1.9.2,FTPZJ06PP3HR,V1.1.3.2,1,3,0,0,0,3,0,0,0,3,0,6,6,3,0,0,0,3,0,0,0,2,0,3,3,0,0,0,0,3,0,0,0,3,0,0,0,3,0,0,0,15 00 00 00 ,FTPZJ06PP3HR,Pass,DLX9394006NN6R52B,WMT-JA000D,R118-POST P2_P21AEN-D12-1_C01726,R118-POST P2,R118-POST P2_P21AEN-D12-1,C4P9382000QJCPP3C,GV29363000ZN3LN2U,FM7938300LNN0LH14+VLJ,CR1935600PWMW5D1C,13 00 00 00 02 ,13 00 00 00 00,370,0x0172,3,0x03,2,02,1286,0x0506,A0 02 00 0B 00 0B 00 0B ,0,0x00,,0x21,,0x21,Pass,02 01 01 05 49 ,02 01 01 05 49,Read_MLB_Lang :02 01 01 05 49  ,  Get_KBD_Lang :02 01 01 05 49,16,0x10,8704,0,0,0,0,0,0,0,0,0,0,0,0,16777216,0,0,0,0,0,16842752,16777216,0,0,0,0,17372165,100665620,33751040,,33,33,
FXLH,R118,FTPZJ06KP3HR,,R118-POST P2_P21AEN-D12-1,,FXLH_F05-4FT-02_2_GATEKEEPER,FAIL,10-24-11:30:02,50.59,V1.1.3.2,Check_All_CB,FTPZJ06KP3HR,Atlas 1.9.2,FTPZJ06KP3HR,V1.1.3.2,1,3,0,0,0,3,0,0,0,3,0,0,0,3,0,0,0,3,0,0,0,2,0,3,3,0,0,0,0,3,0,0,0,3,0,0,0,3,0,0,0,15 00 00 00 ,FTPZJ06KP3HR,Pass,DLX9394003SN6R52G,WMT-JA000D,R118-POST P2_P21AEN-D12-1_C01722,R118-POST P2,R118-POST P2_P21AEN-D12-1,C4P932200REJCPP3Z,GV293630009N3LN2J,FM7938300NDN0LH17+VLJ,CR1935600P3MW5D15,13 00 00 00 02 ,13 00 00 00 00,370,0x0172,3,0x03,2,02,1286,0x0506,A0 02 00 0B 00 0B 00 0B ,0,0x00,,0x21,,0x21,Pass,02 01 01 05 49 ,02 01 01 05 49,Read_MLB_Lang :02 01 01 05 49  ,  Get_KBD_Lang :02 01 01 05 49,16,0x10,8704,0,0,0,0,0,0,0,0,0,0,0,0,16777216,0,0,0,0,0,16842752,16777216,0,0,0,0,17372165,100665620,33751040,,33,33,
FXLH,R118,FTPZJ06AP3HR,,R118-POST P2_P21AEN-D12-1,,FXLH_F05-4FT-02_2_GATEKEEPER,FAIL,10-24-12:53:33,52.60,V1.1.3.2,Check_All_CB,FTPZJ06AP3HR,Atlas 1.9.2,FTPZJ06AP3HR,V1.1.3.2,1,3,0,0,0,3,0,0,0,3,0,0,0,3,0,0,0,3,0,0,0,2,0,3,3,0,0,0,0,3,0,1,1,3,0,0,0,3,0,0,0,15 00 00 00 ,FTPZJ06AP3HR,Pass,DLX9394006FN6R52J,WMT-JA000D,R118-POST P2_P21AEN-D12-1_C01713,R118-POST P2,R118-POST P2_P21AEN-D12-1,C4P9382000ZJCPP33,GV29363001JN3LN26,FM7938300M9N0LH1E+VLJ,CR1935600EEMW5D1M,13 00 00 00 02 ,13 00 00 00 00,370,0x0172,3,0x03,2,02,1286,0x0506,A0 02 00 0B 00 0B 00 0B ,0,0x00,,0x21,,0x21,Pass,02 01 01 05 49 ,02 01 01 05 49,Read_MLB_Lang :02 01 01 05 49  ,  Get_KBD_Lang :02 01 01 05 49,16,0x10,8704,0,0,0,0,0,0,0,0,0,0,0,0,16777216,0,0,0,0,0,16842752,16777216,0,0,0,0,17372165,100665620,33751040,,33,33,
FXLH,R118,FTPZJ05YP3HR,,R118-POST P2_P21AEN-D12-1,,FXLH_F05-4FT-02_2_GATEKEEPER,FAIL,10-24-12:54:45,50.75,V1.1.3.2,Check_All_CB,FTPZJ05YP3HR,Atlas 1.9.2,FTPZJ05YP3HR,V1.1.3.2,1,3,0,0,0,3,0,0,0,3,0,0,0,3,0,0,0,3,0,0,0,2,0,3,3,0,0,0,0,3,0,0,0,3,0,0,0,3,0,0,0,15 00 00 00 ,FTPZJ05YP3HR,Pass,DLX93940049N6R52W,WMT-JA000D,R118-POST P2_P21AEN-D12-1_C01701,R118-POST P2,R118-POST P2_P21AEN-D12-1,C4P932200SEJCPP3W,GV29363000SN3LN21,FM7938300L2N0LH1Q+VLJ,CR1935600MHMW5D1X,13 00 00 00 02 ,13 00 00 00 00,370,0x0172,3,0x03,2,02,1286,0x0506,A0 02 00 0B 00 0B 00 0B ,0,0x00,,0x21,,0x21,Pass,02 01 01 05 49 ,02 01 01 05 49,Read_MLB_Lang :02 01 01 05 49  ,  Get_KBD_Lang :02 01 01 05 49,16,0x10,8704,0,0,0,0,0,0,0,0,0,0,0,0,16777216,0,0,0,0,0,16842752,16777216,0,0,0,0,17372165,100665620,33751040,,33,33,
FXLH,R118,FTPZJ06JP3HR,,R118-POST P2_P21AEN-D12-1,,FXLH_F05-4FT-02_2_GATEKEEPER,FAIL,10-24-12:55:54,44.21,V1.1.3.2,Check_All_CB,FTPZJ06JP3HR,Atlas 1.9.2,FTPZJ06JP3HR,V1.1.3.2,1,3,0,0,0,3,0,0,0,3,0,6,6,3,0,0,0,3,0,0,0,2,0,2,2,0,0,0,0,3,0,0,0,3,0,0,0,3,0,0,0,15 00 00 00 ,FTPZJ06JP3HR,Pass,DLX9394006LN6R52D,WMT-JA000D,R118-POST P2_P21AEN-D12-1_C01721,R118-POST P2,R118-POST P2_P21AEN-D12-1,C4P93820001JCPP31,GV29363001EN3LN2A,FM7938300KHN0LH1C+VLJ,CR19356007CMW5D1A,13 00 00 00 02 ,13 00 00 00 00,370,0x0172,3,0x03,2,02,1286,0x0506,A0 02 00 0B 00 0B 00 0B ,0,0x00,,0x21,,0x21,Pass,02 01 01 05 49 ,02 01 01 05 49,Read_MLB_Lang :02 01 01 05 49  ,  Get_KBD_Lang :02 01 01 05 49,16,0x10,8704,0,0,0,0,0,0,0,0,0,0,0,0,16777216,0,0,0,0,0,16842752,16777216,0,0,0,0,17372165,100665620,33751040,,33,33,
FXLH,R118,FTPZJ065P3HR,,R118-POST P2_P21AEN-D12-1,,FXLH_F05-4FT-02_2_GATEKEEPER,FAIL,10-24-12:56:55,54.47,V1.1.3.2,Check_All_CB,FTPZJ065P3HR,Atlas 1.9.2,FTPZJ065P3HR,V1.1.3.2,1,3,0,0,0,3,0,0,0,3,0,0,0,3,0,0,0,3,0,0,0,2,0,3,3,0,0,0,0,3,0,0,0,3,0,0,0,3,0,0,0,15 00 00 00 ,FTPZJ065P3HR,Pass,DLX9394003NN6R52L,WMT-JA000D,R118-POST P2_P21AEN-D12-1_C01708,R118-POST P2,R118-POST P2_P21AEN-D12-1,C4P9382000BJCPP3R,GV29363001UN3LN2W,FM79366001RN0LH1T+VLJ,CR1935600QJMW5D1M,13 00 00 00 02 ,13 00 00 00 00,370,0x0172,3,0x03,2,02,1286,0x0506,A0 02 00 0B 00 0B 00 0B ,0,0x00,,0x21,,0x21,Pass,02 01 01 05 49 ,02 01 01 05 49,Read_MLB_Lang :02 01 01 05 49  ,  Get_KBD_Lang :02 01 01 05 49,16,0x10,8704,0,0,0,0,0,0,0,0,0,0,0,0,16777216,0,0,0,0,0,16842752,16777216,0,0,0,0,17372165,100665620,33751040,,33,33,
FXLH,R118,FTPZK003P3J4,,R118-POST P2_P21AK-D12-3,,FXLH_F05-4FT-02_2_GATEKEEPER,FAIL,10-24-15:39:19,56.76,V1.1.3.2,Check_All_CB,FTPZK003P3J4,Atlas 1.9.2,FTPZK003P3J4,V1.1.3.2,1,3,0,0,0,3,0,1,1,3,0,9,9,3,0,0,0,3,0,0,0,2,0,3,3,0,0,0,0,3,0,0,0,3,0,0,0,3,0,0,0,15 00 00 00 ,FTPZK003P3J4,Pass,DLX93940064N6R52V,WMT-JA0010,R118-POST P2_P21AK-D12-3_C01751,R118-POST P2,R118-POST P2_P21AK-D12-3,C4P93820001JCPV3V,GV293720001N3LN2Q,FM7938300MVN0LH1U+VLJ,CR1935600V1MW5D1P,13 00 00 00 02 ,13 00 00 00 00,370,0x0172,3,0x03,2,02,1286,0x0506,A0 02 00 0B 00 0B 00 0B ,0,0x00,,0x21,,0x21,Pass,02 01 01 0F 49 16 16 ,02 01 01 0F 49 16 16,Read_MLB_Lang :02 01 01 0F 49 16 16  ,  Get_KBD_Lang :02 01 01 0F 49 16 16,16,0x10,8704,0,0,0,0,0,0,0,0,0,0,0,0,16777216,0,0,0,0,0,16842752,16777216,0,0,0,0,17372165,100665620,33751040,,33,33,
FXLH,R118,FTPZK00AP3J4,,R118-POST P2_P21AK-D12-3,,FXLH_F05-4FT-02_2_GATEKEEPER,FAIL,10-24-15:40:32,47.62,V1.1.3.2,Check_All_CB,FTPZK00AP3J4,Atlas 1.9.2,FTPZK00AP3J4,V1.1.3.2,1,3,0,0,0,3,0,0,0,3,0,0,0,3,0,0,0,3,0,2,2,2,0,3,3,0,0,0,0,1,0,0,0,3,0,0,0,3,0,0,0,15 00 00 00 ,FTPZK00AP3J4,Pass,DLX937500L6N6R52Q,WMT-JA0010,R118-POST P2_P21AK-D12-3_C01752,R118-POST P2,R118-POST P2_P21AK-D12-3,C4P9382000EJCPV3G,GV293720009N3LN2G,FM7938300P4N0LH1D+VLJ,CR1935600VSMW5D1Y,13 00 00 00 02 ,13 00 00 00 00,370,0x0172,3,0x03,2,02,1286,0x0506,A0 02 00 0B 00 0B 00 0B ,0,0x00,,0x21,,0x21,Pass,02 01 01 0F 49 16 16 ,02 01 01 0F 49 16 16,Read_MLB_Lang :02 01 01 0F 49 16 16  ,  Get_KBD_Lang :02 01 01 0F 49 16 16,16,0x10,8704,0,0,0,0,0,0,0,0,0,0,0,0,16777216,0,0,0,0,0,16842752,16777216,0,0,0,0,17372165,100665620,33751040,,33,33,
FXLH,R118,FTPZK004P3J4,,R118-POST P2_P21AK-D12-3,,FXLH_F05-4FT-02_2_GATEKEEPER,FAIL,10-24-15:42:41,56.69,V1.1.3.2,Check_All_CB,FTPZK004P3J4,Atlas 1.9.2,FTPZK004P3J4,V1.1.3.2,1,3,0,0,0,3,0,0,0,3,0,5,5,3,0,0,0,3,0,4,4,2,0,3,3,0,0,0,0,3,0,0,0,3,0,1,1,3,0,0,0,15 00 00 00 ,FTPZK004P3J4,Pass,DLX9394004SN6R52D,WMT-JA0010,R118-POST P2_P21AK-D12-3_C01750,R118-POST P2,R118-POST P2_P21AK-D12-3,C4P9382000YJCPV3Y,GV29372000KN3LN26,FM79366001SN0LH1S+VLJ,CR1935600Q2MW5D13,13 00 00 00 02 ,13 00 00 00 00,370,0x0172,3,0x03,2,02,1286,0x0506,A0 02 00 0B 00 0B 00 0B ,0,0x00,,0x21,,0x21,Pass,02 01 01 0F 49 16 16 ,02 01 01 0F 49 16 16,Read_MLB_Lang :02 01 01 0F 49 16 16  ,  Get_KBD_Lang :02 01 01 0F 49 16 16,16,0x10,8704,0,0,0,0,0,0,0,0,0,0,0,0,16777216,0,0,0,0,0,16842752,16777216,0,0,0,0,17372165,100665620,33751040,,33,33,
FXLH,R118,FTPZK005P3J4,,R118-POST P2_P21AK-D12-3,,FXLH_F05-4FT-02_2_GATEKEEPER,FAIL,10-24-15:43:56,44.64,V1.1.3.2,Check_All_CB,FTPZK005P3J4,Atlas 1.9.2,FTPZK005P3J4,V1.1.3.2,1,3,0,0,0,3,0,0,0,3,0,7,7,3,0,0,0,3,0,1,1,2,0,3,3,0,0,0,0,3,0,0,0,3,0,1,1,3,0,0,0,15 00 00 00 ,FTPZK005P3J4,Pass,DLX937500JRN6R52B,WMT-JA0010,R118-POST P2_P21AK-D12-3_C01749,R118-POST P2,R118-POST P2_P21AK-D12-3,C4P9382001FJCPV3C,GV29372000BN3LN2E,FM7938300M4N0LH1K+VLJ,CR1935600QPMW5D1G,13 00 00 00 02 ,13 00 00 00 00,370,0x0172,3,0x03,2,02,1286,0x0506,A0 02 00 0B 00 0B 00 0B ,0,0x00,,0x21,,0x21,Pass,02 01 01 0F 49 16 16 ,02 01 01 0F 49 16 16,Read_MLB_Lang :02 01 01 0F 49 16 16  ,  Get_KBD_Lang :02 01 01 0F 49 16 16,16,0x10,8704,0,0,0,0,0,0,0,0,0,0,0,0,16777216,0,0,0,0,0,16842752,16777216,0,0,0,0,17372165,100665620,33751040,,33,33,
FXLH,R118,FTPZK007P3J4,,R118-POST P2_P21AK-D12-3,,FXLH_F05-4FT-02_2_GATEKEEPER,FAIL,10-24-16:44:31,40.22,V1.1.3.2,Check_All_CB,FTPZK007P3J4,Atlas 1.9.2,FTPZK007P3J4,V1.1.3.2,1,3,0,0,0,3,0,0,0,3,0,7,7,3,0,0,0,3,0,1,1,2,0,3,3,0,0,0,0,3,0,0,0,2,0,6,6,3,0,0,0,15 00 00 00 ,FTPZK007P3J4,Pass,DLX9394004UN6R52B,WMT-JA0010,R118-POST P2_P21AK-D12-3_C01754,R118-POST P2,R118-POST P2_P21AK-D12-3,C4P9382000GJCPV3E,GV29372000GN3LN29,FM7938300M1N0LH1N+VLJ,CR1935600VVMW5D1V,13 00 00 00 02 ,13 00 00 00 00,370,0x0172,3,0x03,2,02,1286,0x0506,A0 02 00 0B 00 0B 00 0B ,0,0x00,,0x21,,0x21,Pass,02 01 01 0F 49 16 16 ,02 01 01 0F 49 16 16,Read_MLB_Lang :02 01 01 0F 49 16 16  ,  Get_KBD_Lang :02 01 01 0F 49 16 16,16,0x10,8704,0,0,0,0,0,0,0,0,0,0,0,0,16777216,0,0,0,0,0,16842752,16777216,0,0,0,0,17372165,100665620,33751040,,33,33,
