GATEKEEPER,V1.1.3.2
Site, Product, SerialNumber, Special Build Name, Special Build Description, Unit Number, Station ID, Test Pass/Fail Status, StartTime, EndTime, Version, List of Failing Tests,Scan_FG_SN,Start Data Reporting,Start Data Reporting,Start Data Reporting,Start Data Reporting,Check_All_CB - CB_STATUS_MLB-FCT,Check_All_CB - ABS_ERASE_MLB-FCT,Check_All_CB - ABS_FAIL_MLB-FCT,Check_All_CB - REL_FAIL_MLB-FCT,Check_All_CB - CB_STATUS_TEST1,Check_All_CB - ABS_ERASE_TEST1,Check_All_CB - ABS_FAIL_TEST1,Check_All_CB - REL_FAIL_TEST1,Check_All_CB - CB_STATUS_QT0,Check_All_CB - ABS_ERASE_QT0,Check_All_CB - ABS_FAIL_QT0,Check_All_CB - REL_FAIL_QT0,Check_All_CB - CB_STATUS_DFU2-FTW,Check_All_CB - ABS_ERASE_DFU2-FTW,Check_All_CB - ABS_FAIL_DFU2-FTW,Check_All_CB - REL_FAIL_DFU2-FTW,Check_All_CB - CB_STATUS_QT1,Check_All_CB - ABS_ERASE_QT1,Check_All_CB - ABS_FAIL_QT1,Check_All_CB - REL_FAIL_QT1,Check_All_CB - CB_STATUS_LED-TEST,Check_All_CB - ABS_ERASE_LED-TEST,Check_All_CB - ABS_FAIL_LED-TEST,Check_All_CB - REL_FAIL_LED-TEST,Check_All_CB - CB_STATUS_KEY-FORCE,Check_All_CB - ABS_ERASE_KEY-FORCE,Check_All_CB - ABS_FAIL_KEY-FORCE,Check_All_CB - REL_FAIL_KEY-FORCE,Check_All_CB - CB_STATUS_TEST2,Check_All_CB - ABS_ERASE_TEST2,Check_All_CB - ABS_FAIL_TEST2,Check_All_CB - REL_FAIL_TEST2,Check_All_CB - CB_STATUS_MMI,Check_All_CB - ABS_ERASE_MMI,Check_All_CB - ABS_FAIL_MMI,Check_All_CB - REL_FAIL_MMI,Check_All_CB - CB_STATUS_SW-DOWNLOAD,Check_All_CB - ABS_ERASE_SW-DOWNLOAD,Check_All_CB - ABS_FAIL_SW-DOWNLOAD,Check_All_CB - REL_FAIL_SW-DOWNLOAD,Check_Bootargs_Status,Read_FG_SN,Compare_FG_SN,MLB_SN,WO_SN,UNIT_LBL,BUILD_EVENT,S_BUILD,KBM_SN,BACKLIGHT_SN,TRACKPAD_SN,TOUCH_FLEX_SN,Check_EP_Status,EP_Enable_All,STFW - STFW,STFW,Read_HW_Version - Read_HW_Version,Read_HW_Version,GreenPAK_ID - GreenPAK_ID,GreenPAK_ID,TOUCH_FW - TOUCH_FW,TOUCH_FW,Read_CCG3_FW,Production_Signed_Check - Production_Signed_Check,Production_Signed_Check,Read_KBD_HW_Layout - Read_KBD_HW_Layout,Read_KBD_HW_Layout,Get_KBD_HW_Layout - Read_KBD_HW_Layout,Get_KBD_HW_Layout,Compare_KBD_HW_Layout,Read_MLB_Lang,Get_KBD_Lang,Check_KBD_Lang,Read_MFI_Address - Read_MFI_Address,Read_MFI_Address,System_Critical_Errors - CRIT_ERR_E1_PART1,System_Critical_Errors - CRIT_ERR_E1_PART2,FW_Update_Critical_Errors - CRIT_ERR_E2_PART1,FW_Update_Critical_Errors - CRIT_ERR_E2_PART2,FW_Update_Critical_Errors - CRIT_ERR_E2_PART3,Key_Scan_Critical_Errors - CRIT_ERR_E7_PART1,Key_Scan_Critical_Errors - CRIT_ERR_E7_PART2,Key_Scan_Critical_Errors - CRIT_ERR_E7_PART3,Key_Scan_Critical_Errors - CRIT_ERR_E7_PART4,USBC_Critical_Errors - CRIT_ERR_E3_PART1,USBC_Critical_Errors - CRIT_ERR_E3_PART2,USBC_Critical_Errors - CRIT_ERR_E3_PART3,USBC_Critical_Errors - CRIT_ERR_E3_PART4,Grape_Critical_Errors - CRIT_ERR_E5_PART1,Grape_Critical_Errors - CRIT_ERR_E5_PART2,Grape_Critical_Errors - CRIT_ERR_E5_PART3,Grape_Critical_Errors - CRIT_ERR_E5_PART4,Grape_Critical_Errors - CRIT_ERR_E5_PART5,Grape_Critical_Errors - CRIT_ERR_E5_PART6,Grape_Critical_Errors - CRIT_ERR_E5_PART7,Grape_Critical_Errors - CRIT_ERR_E5_PART8,Grape_Critical_Errors - CRIT_ERR_E5_PART9,Grape_Critical_Errors - CRIT_ERR_E5_PART10,Critical_Errors_Summary - CRIT_ERR_E0_PART1,Backlight_Critical_Errors - BL_CRI_ERR_PART1,Grape_Connector_Self_Critical_Errors - CRIT_ERR_D3_PART1,Grape_Connector_Self_Critical_Errors - CRIT_ERR_D3_PART2,Grape_Connector_Self_Critical_Errors - CRIT_ERR_D3_PART3,+,Read_KBD_HW_Layout - Read_KBD_HW_Layout,Get_KBD_HW_Layout - Read_KBD_HW_Layout,+,Read_KBD_HW_Layout - Read_KBD_HW_Layout,Get_KBD_HW_Layout - Read_KBD_HW_Layout,
Upper Limited-------->,,,,,,,,,,,,,,,,,3,,,,3,,,,3,,,,3,,,,3,,,,3,,,,3,,,,3,,,,3,,,,3,,,,,,,,,,,,,,,,,,370,,3,,2,,1286,,,0,,33,,33,,,,,,16,,,,,,,,,,,,,,,,,,,,,,,,,,,,,,,15,15,,13,13,
Lower Limited-------->,,,,,,,,,,,,,,,,,3,,,,3,,,,3,,,,3,,,,3,,,,3,,,,3,,,,3,,,,3,,,,3,,,,,,,,,,,,,,,,,,370,,3,,2,,1286,,,0,,33,,33,,,,,,16,,,,,,,,,,,,,,,,,,,,,,,,,,,,,,,15,15,,13,13,
Measurement Units---->,,,,,,,,,,,,,,,,,,,,,,,,,,,,,,,,,,,,,,,,,,,,,,,,,,,,,,,,,,,,,,,,,,,,,,,,,,,,,,,,,,,,,,,,,,,,,,,,,,,,,,,,,,,,,,,,,,,,,,,,,,,,,,
FXLH,R118,FTPZD02AP3HR,,R118-P2_P21AEN,,FXLH_F05-4FT-02_2_GATEKEEPER,FAIL,10-26-15:59:24,75.24,V1.1.3.2,Check_All_CB,FTPZD02AP3HR,Atlas 1.9.2,FTPZD02AP3HR,V1.1.3.2,1,3,0,0,0,3,0,0,0,3,0,0,0,3,0,0,0,3,0,1,1,2,0,5,5,0,0,0,0,3,0,0,0,3,0,0,0,3,0,0,0,15 00 00 00 ,FTPZD02AP3HR,Pass,DLX9375006JN6R52L,WMT-J90014,R118-P2_P21AEN_C00536,R118-P2,R118-P2_P21AEN,C4P932200L1JCPP3T,GV29364004JN3LN2W,FM7934401UJN0LH1U+V1J,CR193560121MW5D11,13 00 00 00 02 ,13 00 00 00 00,370,0x0172,3,0x03,2,02,1286,0x0506,A0 02 00 0B 00 0B 00 0B ,0,0x00,33,0x21,33,0x21,Pass,02 01 01 05 49 ,02 01 01 05 49,Read_MLB_Lang :02 01 01 05 49  ,  Get_KBD_Lang :02 01 01 05 49,16,0x10,8704,0,0,0,0,0,0,0,0,0,0,0,0,16777216,0,0,0,0,0,16842752,16777216,0,0,0,0,17372165,100665620,33751040,,,,,,,
FXLH,R118,FTPZD03ZP3HR,,R118-P2_P21AEN,,FXLH_F05-4FT-02_2_GATEKEEPER,FAIL,10-26-16:01:04,66.64,V1.1.3.2,Check_All_CB,FTPZD03ZP3HR,Atlas 1.9.2,FTPZD03ZP3HR,V1.1.3.2,1,3,0,0,0,3,0,0,0,3,0,1,1,3,0,0,0,3,0,1,1,2,0,1,1,0,0,0,0,3,0,0,0,3,0,0,0,3,0,0,0,15 00 00 00 ,FTPZD03ZP3HR,Pass,DLX9375008FN6R52H,WMT-J90014,R118-P2_P21AEN_C00531,R118-P2,R118-P2_P21AEN,C4P932200PKJCPP30,GV293640055N3LN26,FM793440182N0LH12+V1J,CR19356013NMW5D1B,13 00 00 00 02 ,13 00 00 00 00,370,0x0172,3,0x03,2,02,1286,0x0506,A0 02 00 0B 00 0B 00 0B ,0,0x00,33,0x21,33,0x21,Pass,02 01 01 05 49 ,02 01 01 05 49,Read_MLB_Lang :02 01 01 05 49  ,  Get_KBD_Lang :02 01 01 05 49,16,0x10,8704,0,0,0,0,0,0,0,0,0,0,0,0,16777216,0,0,0,0,0,16842752,16777216,0,0,0,0,17372165,100665620,33751040,,,,,,,
FXLH,R118,FTPZD023P3HR,,R118-P2_P21AEN,,FXLH_F05-4FT-02_2_GATEKEEPER,FAIL,10-26-16:02:27,52.38,V1.1.3.2,Check_All_CB,FTPZD023P3HR,Atlas 1.9.2,FTPZD023P3HR,V1.1.3.2,1,3,0,0,0,3,0,0,0,3,0,0,0,3,0,0,0,3,0,0,0,2,0,4,4,0,0,0,0,3,0,0,0,3,0,0,0,3,0,0,0,15 00 00 00 ,FTPZD023P3HR,Pass,DLX937500HQN6R52F,WMT-J90014,R118-P2_P21AEN_C00591,R118-P2,R118-P2_P21AEN,C4P932200AKJCPP35,GV29364003JN3LN2Z,FM79344017XN0LH1A+V1J,CR193560130MW5D1Z,13 00 00 00 02 ,13 00 00 00 00,370,0x0172,3,0x03,2,02,1286,0x0506,A0 02 00 0B 00 0B 00 0B ,0,0x00,33,0x21,33,0x21,Pass,02 01 01 05 49 ,02 01 01 05 49,Read_MLB_Lang :02 01 01 05 49  ,  Get_KBD_Lang :02 01 01 05 49,16,0x10,8704,0,0,0,0,0,0,0,0,0,0,0,0,16777216,0,0,0,0,0,16842752,16777216,0,0,0,0,17372165,100665620,33751040,,,,,,,
FXLH,R118,FTPZK048P3J3,,R118-POST P2_P21JNB-D13-4,,FXLH_F05-4FT-02_2_GATEKEEPER,FAIL,10-26-16:09:04,41.44,V1.1.3.2,Check_All_CB,FTPZK048P3J3,Atlas 1.9.2,FTPZK048P3J3,V1.1.3.2,1,3,0,0,0,3,0,0,0,3,0,0,0,3,0,0,0,3,0,0,0,3,0,0,0,0,0,0,0,3,0,2,2,3,0,0,0,3,0,0,0,15 00 00 00 ,FTPZK048P3J3,Pass,DLX9394007AN6R52L,WMT-JA0014,R118-POST P2_P21JNB-D13-4_C01842,R118-POST P2,R118-POST P2_P21JNB-D13-4,C4P9402000MJCQV3V,GV293670010P2T12J,FM79383004KN0LH1M+VCJ,C4793530431MW5D2J,13 00 00 00 02 ,13 00 00 00 00,370,0x0172,3,0x03,2,02,1286,0x0506,A0 02 00 0B 00 0B 00 0B ,0,0x00,,0x0F,,0x0F,Pass,02 01 03 03 4B ,02 01 03 03 4B,Read_MLB_Lang :02 01 03 03 4B  ,  Get_KBD_Lang :02 01 03 03 4B,16,0x10,8704,0,0,0,0,0,0,0,0,0,0,0,0,16777216,0,0,0,0,0,16842752,16777216,0,0,0,0,17372165,100665620,33751040,,15,15,,,,
FXLH,R118,FTPZK03PP3J3,,R118-POST P2_P21JNB-D13-4,,FXLH_F05-4FT-02_2_GATEKEEPER,FAIL,10-26-16:10:14,48.08,V1.1.3.2,Check_All_CB,FTPZK03PP3J3,Atlas 1.9.2,FTPZK03PP3J3,V1.1.3.2,1,3,0,0,0,3,0,0,0,3,0,0,0,3,0,0,0,3,0,0,0,3,0,0,0,0,0,0,0,3,0,0,0,3,0,0,0,3,0,0,0,15 00 00 00 ,FTPZK03PP3J3,Pass,DLX93940085N6R52N,WMT-JA0014,R118-POST P2_P21JNB-D13-4_C01832,R118-POST P2,R118-POST P2_P21JNB-D13-4,C4P9402001QJCQV3P,GV293670018P2T12A,FM793830015N0LH1A+VCJ,C479353077HMW5D2M,13 00 00 00 02 ,13 00 00 00 00,370,0x0172,3,0x03,2,02,1286,0x0506,A0 02 00 0B 00 0B 00 0B ,0,0x00,,0x0F,,0x0F,Pass,02 01 03 03 4B ,02 01 03 03 4B,Read_MLB_Lang :02 01 03 03 4B  ,  Get_KBD_Lang :02 01 03 03 4B,16,0x10,8704,0,0,0,0,0,0,0,0,0,0,0,0,16777216,0,0,0,0,0,16842752,16777216,0,0,0,0,17372165,100665620,33751040,,15,15,,,,
FXLH,R118,FTPZK024P3J3,,R118-POST P2_P21J-D13-1,,FXLH_F05-4FT-02_2_GATEKEEPER,FAIL,10-26-16:17:04,44.74,V1.1.3.2,Check_All_CB,FTPZK024P3J3,Atlas 1.9.2,FTPZK024P3J3,V1.1.3.2,1,3,0,0,0,3,0,0,0,3,0,0,0,3,0,0,0,3,0,0,0,3,0,0,0,0,0,0,0,3,0,0,0,3,0,0,0,3,0,0,0,15 00 00 00 ,FTPZK024P3J3,Pass,DLX93940071N6R52V,WMT-JA0011,R118-POST P2_P21J-D13-1_C01764,R118-POST P2,R118-POST P2_P21J-D13-1,C4P937400F7JCQV3A,GV29363000WP2T12V,FM79383008YN0LH1W+VCJ,CR1935600N6MW5D15,13 00 00 00 02 ,13 00 00 00 00,370,0x0172,3,0x03,2,02,1286,0x0506,A0 02 00 0B 00 0B 00 0B ,0,0x00,,0x0F,,0x0F,Pass,02 01 03 03 4B ,02 01 03 03 4B,Read_MLB_Lang :02 01 03 03 4B  ,  Get_KBD_Lang :02 01 03 03 4B,16,0x10,8704,0,0,0,0,0,0,0,0,0,0,0,0,16777216,0,0,0,0,0,16842752,16777216,0,0,0,0,17372165,100665620,33751040,,15,15,,,,
FXLH,R118,FTPZK02BP3J3,,R118-POST P2_P21J-D13-1,,FXLH_F05-4FT-02_2_GATEKEEPER,FAIL,10-26-16:18:14,48.53,V1.1.3.2,Check_All_CB,FTPZK02BP3J3,Atlas 1.9.2,FTPZK02BP3J3,V1.1.3.2,1,3,0,0,0,3,0,0,0,3,0,0,0,3,0,0,0,3,0,0,0,3,0,0,0,0,0,0,0,3,0,2,2,3,0,0,0,3,0,0,0,15 00 00 00 ,FTPZK02BP3J3,Pass,DLX9394005VN6R527,WMT-JA0011,R118-POST P2_P21J-D13-1_C01783,R118-POST P2,R118-POST P2_P21J-D13-1,C4P937400DLJCQV33,GV29363001BP2T12B,FM79383004DN0LH1T+VCJ,CR1935600YHMW5D1Y,13 00 00 00 02 ,13 00 00 00 00,370,0x0172,3,0x03,2,02,1286,0x0506,A0 02 00 0B 00 0B 00 0B ,0,0x00,,0x0F,,0x0F,Pass,02 01 03 03 4B ,02 01 03 03 4B,Read_MLB_Lang :02 01 03 03 4B  ,  Get_KBD_Lang :02 01 03 03 4B,16,0x10,8704,0,0,0,0,0,0,0,0,0,0,0,0,16777216,0,0,0,0,0,16842752,16777216,0,0,0,0,17372165,100665620,33751040,,15,15,,,,
FXLH,R118,FTPZK02PP3J3,,R118-POST P2_P21J-D13-1,,FXLH_F05-4FT-02_2_GATEKEEPER,FAIL,10-26-16:40:35,64.16,V1.1.3.2,Check_All_CB,FTPZK02PP3J3,Atlas 1.9.2,FTPZK02PP3J3,V1.1.3.2,1,3,0,0,0,3,0,0,0,3,0,0,0,3,0,0,0,3,0,0,0,3,0,0,0,0,0,0,0,3,0,0,0,3,0,0,0,3,0,0,0,15 00 00 00 ,FTPZK02PP3J3,Pass,DLX9394005EN6R52N,WMT-JA0011,R118-POST P2_P21J-D13-1_C01794,R118-POST P2,R118-POST P2_P21J-D13-1,C4P937400BXJCQV3Y,GV29363001AP2T12C,FM793830079N0LH1N+VCJ,CR1935600TEMW5D1G,13 00 00 00 02 ,13 00 00 00 00,370,0x0172,3,0x03,2,02,1286,0x0506,A0 02 00 0B 00 0B 00 0B ,0,0x00,,0x0F,,0x0F,Pass,02 01 03 03 4B ,02 01 03 03 4B,Read_MLB_Lang :02 01 03 03 4B  ,  Get_KBD_Lang :02 01 03 03 4B,16,0x10,8704,0,0,0,0,0,0,0,0,0,0,0,0,16777216,0,0,0,0,0,16842752,16777216,0,0,0,0,17372165,100665620,33751040,,15,15,,,,
FXLH,R118,FTPZK027P3J3,,R118-POST P2_P21J-D13-1,,FXLH_F05-4FT-02_2_GATEKEEPER,FAIL,10-26-16:52:49,60.40,V1.1.3.2,Check_All_CB,FTPZK027P3J3,Atlas 1.9.2,FTPZK027P3J3,V1.1.3.2,1,3,0,0,0,3,0,0,0,3,0,1,1,3,0,0,0,3,0,0,0,3,0,0,0,0,0,0,0,3,0,0,0,3,0,0,0,3,0,0,0,15 00 00 00 ,FTPZK027P3J3,Pass,DLX9394005WN6R526,WMT-JA0011,R118-POST P2_P21J-D13-1_C01782,R118-POST P2,R118-POST P2_P21J-D13-1,C4P937400F5JCQV3C,GV29363000EP2T12B,FM793830050N0LH13+VCJ,CR1935600S0MW5D1Z,13 00 00 00 02 ,13 00 00 00 00,370,0x0172,3,0x03,2,02,1286,0x0506,A0 02 00 0B 00 0B 00 0B ,0,0x00,,0x0F,,0x0F,Pass,02 01 03 03 4B ,02 01 03 03 4B,Read_MLB_Lang :02 01 03 03 4B  ,  Get_KBD_Lang :02 01 03 03 4B,16,0x10,8704,0,0,0,0,0,0,0,0,0,0,0,0,16777216,0,0,0,0,0,16842752,16777216,0,0,0,0,17372165,100665620,33751040,,15,15,,,,
FXLH,R118,FTPZK02LP3J3,,R118-POST P2_P21J-D13-1,,FXLH_F05-4FT-02_2_GATEKEEPER,FAIL,10-26-17:25:58,54.76,V1.1.3.2,Check_All_CB,FTPZK02LP3J3,Atlas 1.9.2,FTPZK02LP3J3,V1.1.3.2,1,3,0,0,0,3,0,0,0,3,0,0,0,3,0,0,0,3,0,0,0,3,0,0,0,0,0,0,0,3,0,0,0,3,0,1,1,3,0,0,0,15 00 00 00 ,FTPZK02LP3J3,Pass,DLX9394006QN6R529,WMT-JA0011,R118-POST P2_P21J-D13-1_C01800,R118-POST P2,R118-POST P2_P21J-D13-1,C4P937400C9JCQV3H,GV29363000QP2T121,FM79383002XN0LH1F+VCJ,CR19356007VMW5D1T,13 00 00 00 02 ,13 00 00 00 00,370,0x0172,3,0x03,2,02,1286,0x0506,A0 02 00 0B 00 0B 00 0B ,0,0x00,,0x0F,,0x0F,Pass,02 01 03 03 4B ,02 01 03 03 4B,Read_MLB_Lang :02 01 03 03 4B  ,  Get_KBD_Lang :02 01 03 03 4B,16,0x10,8704,0,0,0,0,0,0,0,0,0,0,0,0,16777216,0,0,0,0,0,16842752,16777216,0,0,0,0,17372165,100665620,33751040,,15,15,,,,
FXLH,R118,FTPZD045P3HR,,R118-P2_P21AEN,,FXLH_F05-4FT-02_2_GATEKEEPER,FAIL,10-26-17:33:01,53.96,V1.1.3.2,Check_All_CB,FTPZD045P3HR,Atlas 1.9.2,FTPZD045P3HR,V1.1.3.2,1,3,0,0,0,3,0,1,1,2,0,4,4,3,0,0,0,3,0,5,5,2,0,3,3,0,0,0,0,3,0,0,0,3,0,1,1,3,0,0,0,15 00 00 00 ,FTPZD045P3HR,Pass,DLX9375006AN6R52U,WCT-J90014,R118-P2_P21AEN_C00525,R118-P2,R118-P2_P21AEN,C4P9322008ZJCPP3X,GV29364001QN3LN2Z,FM7934401REN0LH17+V1J,CR19356014QMW5D16,13 00 00 00 02 ,13 00 00 00 00,370,0x0172,3,0x03,2,02,1286,0x0506,A0 02 00 0B 00 0B 00 0B ,0,0x00,33,0x21,33,0x21,Pass,02 01 01 05 49 ,02 01 01 05 49,Read_MLB_Lang :02 01 01 05 49  ,  Get_KBD_Lang :02 01 01 05 49,16,0x10,8704,0,0,0,0,0,0,0,0,0,0,0,0,16777216,0,0,0,0,0,16842752,16777216,0,0,0,0,17372165,100665620,33751040,,,,,,,
FXLH,R118,FTPZK028P3J3,,R118-POST P2_P21J-D13-1,,FXLH_F05-4FT-02_2_GATEKEEPER,FAIL,10-26-17:35:25,47.28,V1.1.3.2,Check_All_CB,FTPZK028P3J3,Atlas 1.9.2,FTPZK028P3J3,V1.1.3.2,1,3,0,0,0,3,0,0,0,3,0,2,2,3,0,0,0,3,0,0,0,3,0,0,0,0,0,0,0,3,0,0,0,3,0,0,0,3,0,0,0,15 00 00 00 ,FTPZK028P3J3,Pass,DLX9394006BN6R52N,WMT-JA0011,R118-POST P2_P21J-D13-1_C01781,R118-POST P2,R118-POST P2_P21J-D13-1,C4P937400CZJCQV3T,GV293630007P2T12J,FM79383006GN0LH1J+VCJ,CR1935600MBMW5D13,13 00 00 00 02 ,13 00 00 00 00,370,0x0172,3,0x03,2,02,1286,0x0506,A0 02 00 0B 00 0B 00 0B ,0,0x00,,0x0F,,0x0F,Pass,02 01 03 03 4B ,02 01 03 03 4B,Read_MLB_Lang :02 01 03 03 4B  ,  Get_KBD_Lang :02 01 03 03 4B,16,0x10,8704,0,0,0,0,0,0,0,0,0,0,0,0,16777216,0,0,0,0,0,16842752,16777216,0,0,0,0,17372165,100665620,33751040,,15,15,,,,
FXLH,R118,FTPZK01RP3J3,,R118-POST P2_P21J-D13-1,,FXLH_F05-4FT-02_2_GATEKEEPER,FAIL,10-26-17:50:46,50.19,V1.1.3.2,Check_All_CB,FTPZK01RP3J3,Atlas 1.9.2,FTPZK01RP3J3,V1.1.3.2,1,3,0,0,0,3,0,0,0,3,0,0,0,3,0,0,0,3,0,0,0,3,0,0,0,0,0,0,0,3,0,1,1,3,0,0,0,3,0,0,0,15 00 00 00 ,FTPZK01RP3J3,Pass,DLX937500F0N6R52B,WMT-JA0011,R118-POST P2_P21J-D13-1_C01778,R118-POST P2,R118-POST P2_P21J-D13-1,C4P937400D5JCQV3J,GV29363000LP2T125,FM79383009GN0LH19+VCJ,CR1935600U1MW5D1S,13 00 00 00 02 ,13 00 00 00 00,370,0x0172,3,0x03,2,02,1286,0x0506,A0 02 00 0B 00 0B 00 0B ,0,0x00,,0x0F,,0x0F,Pass,02 01 03 03 4B ,02 01 03 03 4B,Read_MLB_Lang :02 01 03 03 4B  ,  Get_KBD_Lang :02 01 03 03 4B,16,0x10,8704,0,0,0,0,0,0,0,0,0,0,0,0,16777216,0,0,0,0,0,16842752,16777216,0,0,0,0,17372165,100665620,33751040,,15,15,,,,
FXLH,R118,FTPZF002P3J6,,R118-P2_P21IRU,,FXLH_F05-4FT-02_2_GATEKEEPER,FAIL,10-26-17:54:20,52.88,V1.1.3.2,Check_All_CB,FTPZF002P3J6,Atlas 1.9.2,FTPZF002P3J6,V1.1.3.2,1,3,0,0,0,3,0,0,0,3,0,0,0,3,0,0,0,3,0,0,0,1,0,3,3,0,0,0,0,3,0,3,3,2,0,1,1,3,0,0,0,15 00 00 00 ,FTPZF002P3J6,Pass,DLX93820092N6R52T,WCT-J90035,R118-P2_P21IRU_C01192,R118-P2,R118-P2_P21IRU,C4P9345001PJCQL3K,GV29363001VP2T02U,FM7934402ZNN0LH18+V6J,C47935303F9MW5D29,13 00 00 00 02 ,13 00 00 00 00,370,0x0172,3,0x03,2,02,1286,0x0506,A0 02 00 0B 00 0B 00 0B ,0,0x00,,0x0D,,0x0D,Pass,02 01 02 1F 4A ,02 01 02 1F 4A,Read_MLB_Lang :02 01 02 1F 4A  ,  Get_KBD_Lang :02 01 02 1F 4A,16,0x10,8704,0,0,0,0,0,0,0,0,0,0,0,0,16777216,0,0,0,0,0,16842752,16777216,0,0,0,0,17372165,100665620,33751040,,,,,13,13,
FXLH,R118,FTPZD00QP3J4,,R118-P2_P21AK-M4,,FXLH_F05-4FT-02_2_GATEKEEPER,FAIL,10-26-17:55:41,43.77,V1.1.3.2,Check_All_CB,FTPZD00QP3J4,Atlas 1.9.2,FTPZD00QP3J4,V1.1.3.2,1,0,0,0,0,0,0,0,0,3,0,0,0,3,0,0,0,3,0,0,0,2,0,2,2,0,0,0,0,3,0,0,0,2,0,6,6,3,0,0,0,15 00 00 00 ,FTPZD00QP3J4,Pass,DLX936700AHN6R52A,WCT-J9000B,R118-P2_P21AK-M4_C00406,R118-P2,R118-P2_P21AK-M4,C4P9322001NJCPV3P,GV29363004AN3LN25,FM7934400YUN0LH17+M1J,CR19356015FMW5D1C,13 00 00 00 02 ,13 00 00 00 00,370,0x0172,3,0x03,2,02,1286,0x0506,A0 02 00 0B 00 0B 00 0B ,0,0x00,33,0x21,33,0x21,Pass,02 01 01 0F 49 16 16 ,02 01 01 0F 49 16 16,Read_MLB_Lang :02 01 01 0F 49 16 16  ,  Get_KBD_Lang :02 01 01 0F 49 16 16,16,0x10,8704,0,0,0,0,0,0,0,0,0,0,0,0,16777216,0,0,0,0,0,16842752,16777216,0,0,0,0,17372165,100665620,33751040,,,,,,,
FXLH,R118,FTPZD00NP3HR,,R118-P2_P21AEN-M2,,FXLH_F05-4FT-02_2_GATEKEEPER,FAIL,10-26-17:57:47,67.65,V1.1.3.2,Check_All_CB,FTPZD00NP3HR,Atlas 1.9.2,FTPZD00NP3HR,V1.1.3.2,1,0,0,0,0,0,0,0,0,2,0,5,5,3,0,0,0,3,0,0,0,2,0,5,5,0,0,0,0,3,0,0,0,2,0,2,2,3,0,0,0,15 00 00 00 ,FTPZD00NP3HR,Pass,DLX9366006NN6R52J,WCT-J90009,R118-P2_P21AEN-M2_C00371,R118-P2,R118-P2_P21AEN-M2,C4P93220020JCPP3E,GV29363001YN3LN2S,FM7934400V6N0LH14+M1J,CR1935600ZEMW5D1Y,13 00 00 00 02 ,13 00 00 00 00,370,0x0172,3,0x03,2,02,1286,0x0506,A0 02 00 0B 00 0B 00 0B ,0,0x00,33,0x21,33,0x21,Pass,02 01 01 05 49 ,02 01 01 05 49,Read_MLB_Lang :02 01 01 05 49  ,  Get_KBD_Lang :02 01 01 05 49,16,0x10,8704,0,0,0,0,0,0,0,0,0,0,0,0,16777216,0,0,0,0,0,16842752,16777216,0,0,0,0,17372165,100665620,33751040,,,,,,,
FXLH,R118,FTPZK02MP3J3,,R118-POST P2_P21J-D13-1,,FXLH_F05-4FT-02_2_GATEKEEPER,FAIL,10-26-17:59:22,53.52,V1.1.3.2,Check_All_CB,FTPZK02MP3J3,Atlas 1.9.2,FTPZK02MP3J3,V1.1.3.2,1,3,0,0,0,3,0,0,0,3,0,0,0,3,0,0,0,3,0,0,0,3,0,0,0,0,0,0,0,3,0,0,0,3,0,0,0,3,0,0,0,15 00 00 00 ,FTPZK02MP3J3,Pass,DLX9394003CN6R52W,WMT-JA0011,R118-POST P2_P21J-D13-1_C01798,R118-POST P2,R118-POST P2_P21J-D13-1,C4P937400DDJCQV3A,GV29363000GP2T129,FM79383009UN0LH1X+VCJ,CR1935600RWMW5D16,13 00 00 00 02 ,13 00 00 00 00,370,0x0172,3,0x03,2,02,1286,0x0506,A0 02 00 0B 00 0B 00 0B ,0,0x00,,0x0F,,0x0F,Pass,02 01 03 03 4B ,02 01 03 03 4B,Read_MLB_Lang :02 01 03 03 4B  ,  Get_KBD_Lang :02 01 03 03 4B,16,0x10,8704,0,0,0,0,0,0,0,0,0,0,0,0,16777216,0,0,0,0,0,16842752,16777216,0,0,0,0,17372165,100665620,33751040,,15,15,,,,
FXLH,R118,FTPZK01TP3J3,,R118-POST P2_P21J-D13-1,,FXLH_F05-4FT-02_2_GATEKEEPER,FAIL,10-26-18:08:51,43.99,V1.1.3.2,Check_All_CB,FTPZK01TP3J3,Atlas 1.9.2,FTPZK01TP3J3,V1.1.3.2,1,3,0,0,0,3,0,0,0,3,0,0,0,3,0,0,0,3,0,0,0,3,0,0,0,0,0,0,0,3,0,0,0,3,0,0,0,3,0,0,0,15 00 00 00 ,FTPZK01TP3J3,Pass,DLX9394003XN6R52B,WMT-JA0011,R118-POST P2_P21J-D13-1_C01757,R118-POST P2,R118-POST P2_P21J-D13-1,C4P93740053JCQV3A,GV29363001DP2T129,FM793830060N0LH10+VCJ,CR1935600U5MW5D1N,13 00 00 00 02 ,13 00 00 00 00,370,0x0172,3,0x03,2,02,1286,0x0506,A0 02 00 0B 00 0B 00 0B ,0,0x00,,0x0F,,0x0F,Pass,02 01 03 03 4B ,02 01 03 03 4B,Read_MLB_Lang :02 01 03 03 4B  ,  Get_KBD_Lang :02 01 03 03 4B,16,0x10,8704,0,0,0,0,0,0,0,0,0,0,0,0,16777216,0,0,0,0,0,16842752,16777216,0,0,0,0,17372165,100665620,33751040,,15,15,,,,
FXLH,R118,FTPZK04CP3J3,,R118-POST P2_P21JNB-D13-4,,FXLH_F05-4FT-02_2_GATEKEEPER,FAIL,10-26-18:11:47,45.64,V1.1.3.2,Check_All_CB,FTPZK04CP3J3,Atlas 1.9.2,FTPZK04CP3J3,V1.1.3.2,1,3,0,0,0,3,0,0,0,3,0,0,0,3,0,0,0,3,0,1,1,3,0,0,0,0,0,0,0,3,0,0,0,3,0,0,0,3,0,0,0,15 00 00 00 ,FTPZK04CP3J3,Pass,DLX9394008BN6R52G,WMT-JA0014,R118-POST P2_P21JNB-D13-4_C01845,R118-POST P2,R118-POST P2_P21JNB-D13-4,C4P9402001JJCQV3V,GV29367001PP2T12V,FM79383007VN0LH12+VCJ,C47935305BMMW5D27,13 00 00 00 02 ,13 00 00 00 00,370,0x0172,3,0x03,2,02,1286,0x0506,A0 02 00 0B 00 0B 00 0B ,0,0x00,,0x0F,,0x0F,Pass,02 01 03 03 4B ,02 01 03 03 4B,Read_MLB_Lang :02 01 03 03 4B  ,  Get_KBD_Lang :02 01 03 03 4B,16,0x10,8704,0,0,0,0,0,0,0,0,0,0,0,0,16777216,0,0,0,0,0,16842752,16777216,0,0,0,0,17372165,100665620,33751040,,15,15,,,,
FXLH,R118,FTPZK023P3J3,,R118-POST P2_P21J-D13-1,,FXLH_F05-4FT-02_2_GATEKEEPER,FAIL,10-26-18:16:07,47.46,V1.1.3.2,Check_All_CB,FTPZK023P3J3,Atlas 1.9.2,FTPZK023P3J3,V1.1.3.2,1,3,0,0,0,3,0,0,0,3,0,0,0,3,0,0,0,3,0,1,1,3,0,0,0,0,0,0,0,3,0,0,0,3,0,0,0,3,0,0,0,15 00 00 00 ,FTPZK023P3J3,Pass,DLX9394003WN6R52C,WMT-JA0011,R118-POST P2_P21J-D13-1_C01768,R118-POST P2,R118-POST P2_P21J-D13-1,C4P937400DPJCQV30,GV293630019P2T12D,FM79383004GN0LH1Q+VCJ,CR1935600F9MW5D1P,13 00 00 00 02 ,13 00 00 00 00,370,0x0172,3,0x03,2,02,1286,0x0506,A0 02 00 0B 00 0B 00 0B ,0,0x00,,0x0F,,0x0F,Pass,02 01 03 03 4B ,02 01 03 03 4B,Read_MLB_Lang :02 01 03 03 4B  ,  Get_KBD_Lang :02 01 03 03 4B,16,0x10,8704,0,0,0,0,0,0,0,0,0,0,0,0,16777216,0,0,0,0,0,16842752,16777216,0,0,0,0,17372165,100665620,33751040,,15,15,,,,
FXLH,R118,FTPZK01SP3J3,,R118-POST P2_P21J-D13-1,,FXLH_F05-4FT-02_2_GATEKEEPER,FAIL,10-26-18:18:42,45.30,V1.1.3.2,Check_All_CB,FTPZK01SP3J3,Atlas 1.9.2,FTPZK01SP3J3,V1.1.3.2,1,3,0,0,0,3,0,0,0,3,0,0,0,3,0,0,0,3,0,0,0,3,0,0,0,0,0,0,0,3,0,0,0,3,0,0,0,3,0,0,0,15 00 00 00 ,FTPZK01SP3J3,Pass,DLX9394003MN6R52M,WMT-JA0011,R118-POST P2_P21J-D13-1_C01773,R118-POST P2,R118-POST P2_P21J-D13-1,C4P937400CLJCQV36,GV293630013P2T12K,FM793830081N0LH1T+VCJ,CR1935600FBMW5D1M,13 00 00 00 02 ,13 00 00 00 00,370,0x0172,3,0x03,2,02,1286,0x0506,A0 02 00 0B 00 0B 00 0B ,0,0x00,,0x0F,,0x0F,Pass,02 01 03 03 4B ,02 01 03 03 4B,Read_MLB_Lang :02 01 03 03 4B  ,  Get_KBD_Lang :02 01 03 03 4B,16,0x10,8704,0,0,0,0,0,0,0,0,0,0,0,0,16777216,0,0,0,0,0,16842752,16777216,0,0,0,0,17372165,100665620,33751040,,15,15,,,,
FXLH,R118,FTPZK03SP3J3,,R118-POST P2_P21JNB-D13-4,,FXLH_F05-4FT-02_2_GATEKEEPER,FAIL,10-26-18:22:20,49.76,V1.1.3.2,Check_All_CB,FTPZK03SP3J3,Atlas 1.9.2,FTPZK03SP3J3,V1.1.3.2,1,3,0,0,0,3,0,0,0,3,0,0,0,3,0,0,0,3,0,0,0,3,0,0,0,0,0,0,0,3,0,0,0,3,0,0,0,3,0,0,0,15 00 00 00 ,FTPZK03SP3J3,Pass,DLX9394009BN6R52D,WMT-JA0014,R118-POST P2_P21JNB-D13-4_C01829,R118-POST P2,R118-POST P2_P21JNB-D13-4,C4P9402001UJCQV3K,GV29367001CP2T126,FM79383001BN0LH14+VCJ,C4793530447MW5D29,13 00 00 00 02 ,13 00 00 00 00,370,0x0172,3,0x03,2,02,1286,0x0506,A0 02 00 0B 00 0B 00 0B ,0,0x00,,0x0F,,0x0F,Pass,02 01 03 03 4B ,02 01 03 03 4B,Read_MLB_Lang :02 01 03 03 4B  ,  Get_KBD_Lang :02 01 03 03 4B,16,0x10,8704,0,0,0,0,0,0,0,0,0,0,0,0,16777216,0,0,0,0,0,16842752,16777216,0,0,0,0,17372165,100665620,33751040,,15,15,,,,
FXLH,R118,FTPZK02JP3J3,,R118-POST P2_P21J-D13-1,,FXLH_F05-4FT-02_2_GATEKEEPER,FAIL,10-26-18:25:12,57.80,V1.1.3.2,Check_All_CB,FTPZK02JP3J3,Atlas 1.9.2,FTPZK02JP3J3,V1.1.3.2,1,3,0,0,0,3,0,0,0,3,0,0,0,3,0,0,0,3,0,0,0,3,0,0,0,0,0,0,0,3,0,0,0,3,0,1,1,3,0,0,0,15 00 00 00 ,FTPZK02JP3J3,Pass,DLX9394005BN6R52R,WMT-JA0011,R118-POST P2_P21J-D13-1_C01791,R118-POST P2,R118-POST P2_P21J-D13-1,C4P937400CAJCQV3G,GV29363001EP2T128,FM79383001LN0LH1V+VCJ,CR1935600T6MW5D1Q,13 00 00 00 02 ,13 00 00 00 00,370,0x0172,3,0x03,2,02,1286,0x0506,A0 02 00 0B 00 0B 00 0B ,0,0x00,,0x0F,,0x0F,Pass,02 01 03 03 4B ,02 01 03 03 4B,Read_MLB_Lang :02 01 03 03 4B  ,  Get_KBD_Lang :02 01 03 03 4B,16,0x10,8704,0,0,0,0,0,0,0,0,0,0,0,0,16777216,0,0,0,0,0,16842752,16777216,0,0,0,0,17372165,100665620,33751040,,15,15,,,,
FXLH,R118,FTPZG00YP3J3,,R118-P2_P21J2,,FXLH_F05-4FT-02_2_GATEKEEPER,FAIL,10-26-18:33:43,54.06,V1.1.3.2,Check_All_CB,FTPZG00YP3J3,Atlas 1.9.2,FTPZG00YP3J3,V1.1.3.2,1,3,0,0,0,3,0,0,0,3,0,0,0,3,0,0,0,3,0,0,0,3,0,1,1,0,0,0,0,3,0,0,0,3,0,0,0,3,0,0,0,15 00 00 00 ,FTPZG00YP3J3,Pass,DLX937500KAN6R52P,WCT-J90052,R118-P2_P21J2_C01441,R118-P2,R118-P2_P21J2,C4P9374003LJCQV3Z,GV29367000NP2T12Z,FM79383001NN0LH1T+VCJ,C47935303XDMW5D2R,13 00 00 00 02 ,13 00 00 00 00,370,0x0172,3,0x03,2,02,1286,0x0506,A0 02 00 0B 00 0B 00 0B ,0,0x00,,0x0F,,0x0F,Pass,02 01 03 03 4B ,02 01 03 03 4B,Read_MLB_Lang :02 01 03 03 4B  ,  Get_KBD_Lang :02 01 03 03 4B,16,0x10,8704,0,0,0,0,0,0,0,0,0,0,0,0,16777216,0,0,0,0,0,16842752,16777216,0,0,0,0,17372165,100665620,33751040,,15,15,,,,
FXLH,R118,FTPZK02QP3J3,,R118-POST P2_P21J-D13-1,,FXLH_F05-4FT-02_2_GATEKEEPER,FAIL,10-26-18:43:42,52.88,V1.1.3.2,Check_All_CB,FTPZK02QP3J3,Atlas 1.9.2,FTPZK02QP3J3,V1.1.3.2,1,3,0,0,0,3,0,0,0,3,0,0,0,3,0,0,0,3,0,0,0,3,0,0,0,0,0,0,0,3,0,0,0,3,0,0,0,3,0,0,0,15 00 00 00 ,FTPZK02QP3J3,Pass,DLX9394005DN6R52P,WMT-JA0011,R118-POST P2_P21J-D13-1_C01795,R118-POST P2,R118-POST P2_P21J-D13-1,C4P937400C1JCQV3R,GV29363000JP2T127,FM79383002FN0LH1X+VCJ,CR1935600H3MW5D1P,13 00 00 00 02 ,13 00 00 00 00,370,0x0172,3,0x03,2,02,1286,0x0506,A0 02 00 0B 00 0B 00 0B ,0,0x00,,0x0F,,0x0F,Pass,02 01 03 03 4B ,02 01 03 03 4B,Read_MLB_Lang :02 01 03 03 4B  ,  Get_KBD_Lang :02 01 03 03 4B,16,0x10,8704,0,0,0,0,0,0,0,0,0,0,0,0,16777216,0,0,0,0,0,16842752,16777216,0,0,0,0,17372165,100665620,33751040,,15,15,,,,
FXLH,R118,FTPZK029P3J3,,R118-POST P2_P21J-D13-1,,FXLH_F05-4FT-02_2_GATEKEEPER,FAIL,10-26-18:46:59,43.57,V1.1.3.2,Check_All_CB,FTPZK029P3J3,Atlas 1.9.2,FTPZK029P3J3,V1.1.3.2,1,3,0,0,0,3,0,0,0,3,0,0,0,3,0,0,0,3,0,0,0,3,0,0,0,0,0,0,0,3,0,0,0,3,0,1,1,3,0,0,0,15 00 00 00 ,FTPZK029P3J3,Pass,DLX9394004QN6R52F,WMT-JA0011,R118-POST P2_P21J-D13-1_C01784,R118-POST P2,R118-POST P2_P21J-D13-1,C4P937400DNJCQV31,GV293630017P2T12F,FM79383002AN0LH12+VCJ,CR1935601DTMW5D1A,13 00 00 00 02 ,13 00 00 00 00,370,0x0172,3,0x03,2,02,1286,0x0506,A0 02 00 0B 00 0B 00 0B ,0,0x00,,0x0F,,0x0F,Pass,02 01 03 03 4B ,02 01 03 03 4B,Read_MLB_Lang :02 01 03 03 4B  ,  Get_KBD_Lang :02 01 03 03 4B,16,0x10,8704,0,0,0,0,0,0,0,0,0,0,0,0,16777216,0,0,0,0,0,16842752,16777216,0,0,0,0,17372165,100665620,33751040,,15,15,,,,
FXLH,R118,FTPZK01JP3J3,,R118-POST P2_P21J-D13-1,,FXLH_F05-4FT-02_2_GATEKEEPER,FAIL,10-26-18:49:52,43.53,V1.1.3.2,Check_All_CB,FTPZK01JP3J3,Atlas 1.9.2,FTPZK01JP3J3,V1.1.3.2,1,3,0,0,0,3,0,0,0,3,0,0,0,3,0,0,0,3,0,0,0,3,0,0,0,0,0,0,0,3,0,0,0,3,0,0,0,3,0,0,0,15 00 00 00 ,FTPZK01JP3J3,Pass,DLX9394005KN6R52H,WMT-JA0011,R118-POST P2_P21J-D13-1_C01767,R118-POST P2,R118-POST P2_P21J-D13-1,C4P937400D9JCQV3E,GV293630011P2T12M,FM79383005RN0LH1C+VCJ,CR1935600Y7MW5D18,13 00 00 00 02 ,13 00 00 00 00,370,0x0172,3,0x03,2,02,1286,0x0506,A0 02 00 0B 00 0B 00 0B ,0,0x00,,0x0F,,0x0F,Pass,02 01 03 03 4B ,02 01 03 03 4B,Read_MLB_Lang :02 01 03 03 4B  ,  Get_KBD_Lang :02 01 03 03 4B,16,0x10,8704,0,0,0,0,0,0,0,0,0,0,0,0,16777216,0,0,0,0,0,16842752,16777216,0,0,0,0,17372165,100665620,33751040,,15,15,,,,
FXLH,R118,FTPZK01ZP3J3,,R118-POST P2_P21J-D13-1,,FXLH_F05-4FT-02_2_GATEKEEPER,FAIL,10-26-18:52:26,48.08,V1.1.3.2,Check_All_CB,FTPZK01ZP3J3,Atlas 1.9.2,FTPZK01ZP3J3,V1.1.3.2,1,3,0,0,0,3,0,0,0,3,0,0,0,3,0,0,0,3,0,0,0,3,0,0,0,0,0,0,0,3,0,0,0,3,0,0,0,3,0,0,0,15 00 00 00 ,FTPZK01ZP3J3,Pass,DLX9394003QN6R52J,WMT-JA0011,R118-POST P2_P21J-D13-1_C01761,R118-POST P2,R118-POST P2_P21J-D13-1,C4P9374002QJCQV3Y,GV293630015P2T12H,FM79383005MN0LH1G+VCJ,CR1935600VPMW5D11,13 00 00 00 02 ,13 00 00 00 00,370,0x0172,3,0x03,2,02,1286,0x0506,A0 02 00 0B 00 0B 00 0B ,0,0x00,,0x0F,,0x0F,Pass,02 01 03 03 4B ,02 01 03 03 4B,Read_MLB_Lang :02 01 03 03 4B  ,  Get_KBD_Lang :02 01 03 03 4B,16,0x10,8704,0,0,0,0,0,0,0,0,0,0,0,0,16777216,0,0,0,0,0,16842752,16777216,0,0,0,0,17372165,100665620,33751040,,15,15,,,,
FXLH,R118,FTPZK026P3J3,,R118-POST P2_P21J-D13-1,,FXLH_F05-4FT-02_2_GATEKEEPER,FAIL,10-26-18:55:52,53.29,V1.1.3.2,Check_All_CB,FTPZK026P3J3,Atlas 1.9.2,FTPZK026P3J3,V1.1.3.2,1,3,0,0,0,3,0,0,0,3,0,1,1,3,0,0,0,3,0,0,0,3,0,0,0,0,0,0,0,3,0,0,0,3,0,0,0,3,0,0,0,15 00 00 00 ,FTPZK026P3J3,Pass,DLX9394005LN6R52G,WMT-JA0011,R118-POST P2_P21J-D13-1_C01780,R118-POST P2,R118-POST P2_P21J-D13-1,C4P937400D6JCQV3H,GV293630004P2T12M,FM79383008EN0LH1E+VCJ,CR1935600XDMW5D15,13 00 00 00 02 ,13 00 00 00 00,370,0x0172,3,0x03,2,02,1286,0x0506,A0 02 00 0B 00 0B 00 0B ,0,0x00,,0x0F,,0x0F,Pass,02 01 03 03 4B ,02 01 03 03 4B,Read_MLB_Lang :02 01 03 03 4B  ,  Get_KBD_Lang :02 01 03 03 4B,16,0x10,8704,0,0,0,0,0,0,0,0,0,0,0,0,16777216,0,0,0,0,0,16842752,16777216,0,0,0,0,17372165,100665620,33751040,,15,15,,,,
FXLH,R118,FTPZK02FP3J3,,R118-POST P2_P21J-D13-1,,FXLH_F05-4FT-02_2_GATEKEEPER,FAIL,10-26-19:43:06,40.34,V1.1.3.2,Check_All_CB,FTPZK02FP3J3,Atlas 1.9.2,FTPZK02FP3J3,V1.1.3.2,1,3,0,0,0,3,0,0,0,3,0,0,0,3,0,0,0,3,0,0,0,3,0,0,0,0,0,0,0,3,0,0,0,3,0,0,0,3,0,0,0,15 00 00 00 ,FTPZK02FP3J3,Pass,DLX9394005ZN6R523,WMT-JA0011,R118-POST P2_P21J-D13-1_C01793,R118-POST P2,R118-POST P2_P21J-D13-1,C4P93740080JCQV34,GV293630016P2T12G,FM79383007CN0LH1K+VCJ,CR1935600T2MW5D1U,13 00 00 00 02 ,13 00 00 00 00,370,0x0172,3,0x03,2,02,1286,0x0506,A0 02 00 0B 00 0B 00 0B ,0,0x00,,0x0F,,0x0F,Pass,02 01 03 03 4B ,02 01 03 03 4B,Read_MLB_Lang :02 01 03 03 4B  ,  Get_KBD_Lang :02 01 03 03 4B,16,0x10,8704,0,0,0,0,0,0,0,0,0,0,0,0,16777216,0,0,0,0,0,16842752,16777216,0,0,0,0,17372165,100665620,33751040,,15,15,,,,
FXLH,R118,FTPZK02FP3J3,,R118-POST P2_P21J-D13-1,,FXLH_F05-4FT-02_2_GATEKEEPER,FAIL,10-26-19:45:39,59.10,V1.1.3.2,Check_All_CB,FTPZK02FP3J3,Atlas 1.9.2,FTPZK02FP3J3,V1.1.3.2,1,3,0,0,0,3,0,0,0,3,0,0,0,3,0,0,0,3,0,0,0,3,0,0,0,0,0,0,0,3,0,0,0,3,0,0,0,3,0,0,0,15 00 00 00 ,FTPZK02FP3J3,Pass,DLX9394005ZN6R523,WMT-JA0011,R118-POST P2_P21J-D13-1_C01793,R118-POST P2,R118-POST P2_P21J-D13-1,C4P93740080JCQV34,GV293630016P2T12G,FM79383007CN0LH1K+VCJ,CR1935600T2MW5D1U,13 00 00 00 00 ,13 00 00 00 00,370,0x0172,3,0x03,2,02,1286,0x0506,A0 02 00 0B 00 0B 00 0B ,0,0x00,,0x0F,,0x0F,Pass,02 01 03 03 4B ,02 01 03 03 4B,Read_MLB_Lang :02 01 03 03 4B  ,  Get_KBD_Lang :02 01 03 03 4B,16,0x10,8704,0,0,0,0,0,0,0,0,0,0,0,0,16777216,0,0,0,0,0,16842752,16777216,0,0,0,0,17372165,100665620,33751040,,15,15,,,,
FXLH,R118,FTPZK02CP3J3,,R118-POST P2_P21J-D13-1,,FXLH_F05-4FT-02_2_GATEKEEPER,FAIL,10-26-20:01:05,50.52,V1.1.3.2,Check_All_CB,FTPZK02CP3J3,Atlas 1.9.2,FTPZK02CP3J3,V1.1.3.2,1,3,0,0,0,3,0,0,0,3,0,0,0,3,0,0,0,3,0,0,0,3,0,0,0,0,0,0,0,3,0,0,0,3,0,2,2,3,0,0,0,15 00 00 00 ,FTPZK02CP3J3,Pass,DLX9394003RN6R52H,WMT-JA0011,R118-POST P2_P21J-D13-1_C01787,R118-POST P2,R118-POST P2_P21J-D13-1,C4P9374000UJCQV30,GV29363000AP2T12F,FM79383091MN0LH1D,CR1935600YDMW5D12,13 00 00 00 02 ,13 00 00 00 00,370,0x0172,3,0x03,2,02,1286,0x0506,A0 02 00 0B 00 0B 00 0B ,0,0x00,,0x0F,,0x0F,Pass,02 01 03 03 4B ,02 01 03 03 4B,Read_MLB_Lang :02 01 03 03 4B  ,  Get_KBD_Lang :02 01 03 03 4B,16,0x10,8704,0,0,0,0,0,0,0,0,0,0,0,0,16777216,0,0,0,0,0,16842752,16777216,0,0,0,0,17372165,100665620,33751040,,15,15,,,,
FXLH,R118,FTPZK01HP3J3,,R118-POST P2_P21J-D13-1,,FXLH_F05-4FT-02_2_GATEKEEPER,FAIL,10-26-20:05:07,48.01,V1.1.3.2,Check_All_CB,FTPZK01HP3J3,Atlas 1.9.2,FTPZK01HP3J3,V1.1.3.2,1,3,0,0,0,3,0,0,0,3,0,0,0,3,0,0,0,3,0,1,1,3,0,0,0,0,0,0,0,3,0,0,0,3,0,0,0,3,0,0,0,15 00 00 00 ,FTPZK01HP3J3,Pass,DLX9394006TN6R526,WMT-JA0011,R118-POST P2_P21J-D13-1_C01763,R118-POST P2,R118-POST P2_P21J-D13-1,C4P937400ALJCQV3C,GV29363000PP2T122,FM79383006EN0LH1L+VCJ,CR1935601DKMW5D1J,13 00 00 00 02 ,13 00 00 00 00,370,0x0172,3,0x03,2,02,1286,0x0506,A0 02 00 0B 00 0B 00 0B ,0,0x00,,0x0F,,0x0F,Pass,02 01 03 03 4B ,02 01 03 03 4B,Read_MLB_Lang :02 01 03 03 4B  ,  Get_KBD_Lang :02 01 03 03 4B,16,0x10,8704,0,0,0,0,0,0,0,0,0,0,0,0,16777216,0,0,0,0,0,16842752,16777216,0,0,0,0,17372165,100665620,33751040,,15,15,,,,
FXLH,R118,FTPZK01XP3J3,,R118-POST P2_P21J-D13-1,,FXLH_F05-4FT-02_2_GATEKEEPER,FAIL,10-26-20:08:08,54.50,V1.1.3.2,Check_All_CB,FTPZK01XP3J3,Atlas 1.9.2,FTPZK01XP3J3,V1.1.3.2,1,3,0,0,0,3,0,0,0,3,0,0,0,3,0,0,0,3,0,1,1,3,0,0,0,0,0,0,0,3,0,0,0,3,0,1,1,3,0,0,0,15 00 00 00 ,FTPZK01XP3J3,Pass,DLX9394005TN6R529,WMT-JA0011,R118-POST P2_P21J-D13-1_C01762,R118-POST P2,R118-POST P2_P21J-D13-1,C4P93740028JCQV3E,GV29363000SP2T12Z,FM79383008XN0LH1X+VCJ,CR1935600PHMW5D1R,13 00 00 00 02 ,13 00 00 00 00,370,0x0172,3,0x03,2,02,1286,0x0506,A0 02 00 0B 00 0B 00 0B ,0,0x00,,0x0F,,0x0F,Pass,02 01 03 03 4B ,02 01 03 03 4B,Read_MLB_Lang :02 01 03 03 4B  ,  Get_KBD_Lang :02 01 03 03 4B,16,0x10,8704,0,0,0,0,0,0,0,0,0,0,0,0,16777216,0,0,0,0,0,16842752,16777216,0,0,0,0,17372165,100665620,33751040,,15,15,,,,
FXLH,R118,FTPZK047P3J3,,R118-POST P2_P21JNB-D13-4,,FXLH_F05-4FT-02_2_GATEKEEPER,FAIL,10-26-20:15:48,53.94,V1.1.3.2,Check_All_CB,FTPZK047P3J3,Atlas 1.9.2,FTPZK047P3J3,V1.1.3.2,1,3,0,0,0,3,0,0,0,3,0,0,0,3,0,0,0,3,0,0,0,3,0,0,0,0,0,0,0,3,0,0,0,3,0,0,0,3,0,0,0,15 00 00 00 ,FTPZK047P3J3,Pass,DLX9394009TN6R52X,WMT-JA0014,R118-POST P2_P21JNB-D13-4_C01838,R118-POST P2,R118-POST P2_P21JNB-D13-4,C4P9402000PJCQV3T,GV29367001WP2T12N,FM793830027N0LH15+VCJ,C47935302G4MW5D2C,13 00 00 00 02 ,13 00 00 00 00,370,0x0172,3,0x03,2,02,1286,0x0506,A0 02 00 0B 00 0B 00 0B ,0,0x00,,0x0F,,0x0F,Pass,02 01 03 03 4B ,02 01 03 03 4B,Read_MLB_Lang :02 01 03 03 4B  ,  Get_KBD_Lang :02 01 03 03 4B,16,0x10,8704,0,0,0,0,0,0,0,0,0,0,0,0,16777216,0,0,0,0,0,16842752,16777216,0,0,0,0,17372165,100665620,33751040,,15,15,,,,
FXLH,R118,FTPZK02SP3J3,,R118-POST P2_P21J-D13-1,,FXLH_F05-4FT-02_2_GATEKEEPER,FAIL,10-26-20:18:10,80.28,V1.1.3.2,Check_All_CB,FTPZK02SP3J3,Atlas 1.9.2,FTPZK02SP3J3,V1.1.3.2,1,3,0,0,0,3,0,0,0,3,0,0,0,3,0,0,0,3,0,0,0,3,0,0,0,0,0,0,0,3,0,0,0,3,0,0,0,3,0,0,0,15 00 00 00 ,FTPZK02SP3J3,Pass,DLX93940041N6R524,WMT-JA0011,R118-POST P2_P21J-D13-1_C01799,R118-POST P2,R118-POST P2_P21J-D13-1,C4P937400D8JCQV3F,GV29363000MP2T124,FM79383003LN0LH1P+VCJ,CR1935600YEMW5D11,13 00 00 00 02 ,13 00 00 00 00,370,0x0172,3,0x03,2,02,1286,0x0506,A0 02 00 0B 00 0B 00 0B ,0,0x00,,0x0F,,0x0F,Pass,02 01 03 03 4B ,02 01 03 03 4B,Read_MLB_Lang :02 01 03 03 4B  ,  Get_KBD_Lang :02 01 03 03 4B,16,0x10,8704,0,0,0,0,0,0,0,0,0,0,0,0,16777216,0,0,0,0,0,16842752,16777216,0,0,0,0,17372165,100665620,33751040,,15,15,,,,
FXLH,R118,FTPZK022P3J3,,R118-POST P2_P21J-D13-1,,FXLH_F05-4FT-02_2_GATEKEEPER,FAIL,10-26-20:22:28,46.69,V1.1.3.2,Check_All_CB,FTPZK022P3J3,Atlas 1.9.2,FTPZK022P3J3,V1.1.3.2,1,3,0,0,0,3,0,0,0,3,0,0,0,3,0,0,0,3,0,0,0,3,0,0,0,0,0,0,0,3,0,0,0,3,0,0,0,3,0,0,0,15 00 00 00 ,FTPZK022P3J3,Pass,DLX9394005NN6R52E,WMT-JA0011,R118-POST P2_P21J-D13-1_C01769,R118-POST P2,R118-POST P2_P21J-D13-1,C4P937400CDJCQV3D,GV29363001CP2T12A,FM793830017N0LH18+VCJ,CR1935600W9MW5D1C,13 00 00 00 02 ,13 00 00 00 00,370,0x0172,3,0x03,2,02,1286,0x0506,A0 02 00 0B 00 0B 00 0B ,0,0x00,,0x0F,,0x0F,Pass,02 01 03 03 4B ,02 01 03 03 4B,Read_MLB_Lang :02 01 03 03 4B  ,  Get_KBD_Lang :02 01 03 03 4B,16,0x10,8704,0,0,0,0,0,0,0,0,0,0,0,0,16777216,0,0,0,0,0,16842752,16777216,0,0,0,0,17372165,100665620,33751040,,15,15,,,,
FXLH,R118,FTPZK03YP3J3,,R118-POST P2_P21JNB-D13-4,,FXLH_F05-4FT-02_2_GATEKEEPER,FAIL,10-26-20:26:05,76.18,V1.1.3.2,Check_All_CB,FTPZK03YP3J3,Atlas 1.9.2,FTPZK03YP3J3,V1.1.3.2,1,3,0,0,0,3,0,0,0,3,0,0,0,3,0,0,0,3,0,0,0,3,0,1,1,0,0,0,0,3,0,1,1,3,0,0,0,3,0,0,0,15 00 00 00 ,FTPZK03YP3J3,Pass,DLX93940097N6R52H,WMT-JA0014,R118-POST P2_P21JNB-D13-4_C01853,R118-POST P2,R118-POST P2_P21JNB-D13-4,C4P9402001FJCQV3Y,GV29367001RP2T12T,FM79383004PN0LH1H+VCJ,C47935304ZNMW5D29,13 00 00 00 02 ,13 00 00 00 00,370,0x0172,3,0x03,2,02,1286,0x0506,A0 02 00 0B 00 0B 00 0B ,0,0x00,,0x0F,,0x0F,Pass,02 01 03 03 4B ,02 01 03 03 4B,Read_MLB_Lang :02 01 03 03 4B  ,  Get_KBD_Lang :02 01 03 03 4B,16,0x10,8704,0,0,0,0,0,0,0,0,0,0,0,0,16777216,0,0,0,0,0,16842752,16777216,0,0,0,0,17372165,100665620,33751040,,15,15,,,,
FXLH,R118,FTPZK01LP3J3,,R118-POST P2_P21J-D13-1,,FXLH_F05-4FT-02_2_GATEKEEPER,FAIL,10-26-20:27:38,54.09,V1.1.3.2,Check_All_CB,FTPZK01LP3J3,Atlas 1.9.2,FTPZK01LP3J3,V1.1.3.2,1,3,0,0,0,3,0,0,0,3,0,0,0,3,0,0,0,3,0,0,0,3,0,0,0,0,0,0,0,3,0,0,0,3,0,0,0,3,0,0,0,15 00 00 00 ,FTPZK01LP3J3,Pass,DLX9394003VN6R52D,WMT-JA0011,R118-POST P2_P21J-D13-1_C01771,R118-POST P2,R118-POST P2_P21J-D13-1,C4P937400CTJCQV3Z,GV29363001GP2T126,FM79383009XN0LH1U+VCJ,CR1935601KWMW5D1P,13 00 00 00 02 ,13 00 00 00 00,370,0x0172,3,0x03,2,02,1286,0x0506,A0 02 00 0B 00 0B 00 0B ,0,0x00,,0x0F,,0x0F,Pass,02 01 03 03 4B ,02 01 03 03 4B,Read_MLB_Lang :02 01 03 03 4B  ,  Get_KBD_Lang :02 01 03 03 4B,16,0x10,8704,0,0,0,0,0,0,0,0,0,0,0,0,16777216,0,0,0,0,0,16842752,16777216,0,0,0,0,17372165,100665620,33751040,,15,15,,,,
FXLH,R118,FTPZK01WP3J3,,R118-POST P2_P21J-D13-1,,FXLH_F05-4FT-02_2_GATEKEEPER,FAIL,10-26-20:29:08,53.35,V1.1.3.2,Check_All_CB,FTPZK01WP3J3,Atlas 1.9.2,FTPZK01WP3J3,V1.1.3.2,1,3,0,0,0,3,0,0,0,3,0,0,0,3,0,0,0,3,0,2,2,3,0,0,0,0,0,0,0,3,0,0,0,3,0,0,0,3,0,0,0,15 00 00 00 ,FTPZK01WP3J3,Pass,DLX9394006YN6R521,WMT-JA0011,R118-POST P2_P21J-D13-1_C01758,R118-POST P2,R118-POST P2_P21J-D13-1,C4P937400BGJCQV3D,GV293630014P2T12J,FM79383002VN0LH1H+VCJ,CR1935600FGMW5D1G,13 00 00 00 02 ,13 00 00 00 00,370,0x0172,3,0x03,2,02,1286,0x0506,A0 02 00 0B 00 0B 00 0B ,0,0x00,,0x0F,,0x0F,Pass,02 01 03 03 4B ,02 01 03 03 4B,Read_MLB_Lang :02 01 03 03 4B  ,  Get_KBD_Lang :02 01 03 03 4B,16,0x10,8704,0,0,0,0,0,0,0,0,0,0,0,0,16777216,0,0,0,0,0,16842752,16777216,0,0,0,0,17372165,100665620,33751040,,15,15,,,,
FXLH,R118,FTPZK03NP3J3,,R118-POST P2_P21JNB-D13-4,,FXLH_F05-4FT-02_2_GATEKEEPER,FAIL,10-26-20:30:24,49.04,V1.1.3.2,Check_All_CB,FTPZK03NP3J3,Atlas 1.9.2,FTPZK03NP3J3,V1.1.3.2,1,3,0,0,0,3,0,0,0,3,0,0,0,3,0,0,0,3,0,0,0,3,0,0,0,0,0,0,0,3,0,0,0,3,0,0,0,3,0,0,0,15 00 00 00 ,FTPZK03NP3J3,Pass,DLX9394007DN6R52H,WMT-JA0014,R118-POST P2_P21JNB-D13-4_C01833,R118-POST P2,R118-POST P2_P21JNB-D13-4,C4P9402001ZJCQV3E,GV293670027P2T128,FM79383003BN0LH1Y+VCJ,C47935302ZEMW5D2K,13 00 00 00 02 ,13 00 00 00 00,370,0x0172,3,0x03,2,02,1286,0x0506,A0 02 00 0B 00 0B 00 0B ,0,0x00,,0x0F,,0x0F,Pass,02 01 03 03 4B ,02 01 03 03 4B,Read_MLB_Lang :02 01 03 03 4B  ,  Get_KBD_Lang :02 01 03 03 4B,16,0x10,8704,0,0,0,0,0,0,0,0,0,0,0,0,16777216,0,0,0,0,0,16842752,16777216,0,0,0,0,17372165,100665620,33751040,,15,15,,,,
FXLH,R118,FTPZK01PP3J3,,R118-POST P2_P21J-D13-1,,FXLH_F05-4FT-02_2_GATEKEEPER,FAIL,10-26-20:31:38,61.96,V1.1.3.2,Check_All_CB,FTPZK01PP3J3,Atlas 1.9.2,FTPZK01PP3J3,V1.1.3.2,1,3,0,0,0,3,0,0,0,3,0,0,0,3,0,0,0,3,0,0,0,3,0,0,0,0,0,0,0,3,0,0,0,3,0,0,0,3,0,0,0,15 00 00 00 ,FTPZK01PP3J3,Pass,DLX93940040N6R525,WMT-JA0011,R118-POST P2_P21J-D13-1_C01776,R118-POST P2,R118-POST P2_P21J-D13-1,C4P937400DVJCQV3U,GV29363000XP2T12U,FM793830014N0LH1B+VCJ,CR193560082MW5D1H,13 00 00 00 02 ,13 00 00 00 00,370,0x0172,3,0x03,2,02,1286,0x0506,A0 02 00 0B 00 0B 00 0B ,0,0x00,,0x0F,,0x0F,Pass,02 01 03 03 4B ,02 01 03 03 4B,Read_MLB_Lang :02 01 03 03 4B  ,  Get_KBD_Lang :02 01 03 03 4B,16,0x10,8704,0,0,0,0,0,0,0,0,0,0,0,0,16777216,0,0,0,0,0,16842752,16777216,0,0,0,0,17372165,100665620,33751040,,15,15,,,,
FXLH,R118,FTPZK02AP3J3,,R118-POST P2_P21J-D13-1,,FXLH_F05-4FT-02_2_GATEKEEPER,FAIL,10-26-20:33:21,47.08,V1.1.3.2,Check_All_CB,FTPZK02AP3J3,Atlas 1.9.2,FTPZK02AP3J3,V1.1.3.2,1,3,0,0,0,3,0,0,0,3,0,0,0,3,0,0,0,3,0,0,0,3,0,0,0,0,0,0,0,3,0,0,0,3,0,0,0,3,0,0,0,15 00 00 00 ,FTPZK02AP3J3,Pass,DLX9394006ZN6R520,WMT-JA0011,R118-POST P2_P21J-D13-1_C01786,R118-POST P2,R118-POST P2_P21J-D13-1,C4P937400CFJCQV3B,GV29363001FP2T127,FM79383003QN0LH1K+VCJ,CR1935600H7MW5D1K,13 00 00 00 02 ,13 00 00 00 00,370,0x0172,3,0x03,2,02,1286,0x0506,A0 02 00 0B 00 0B 00 0B ,0,0x00,,0x0F,,0x0F,Pass,02 01 03 03 4B ,02 01 03 03 4B,Read_MLB_Lang :02 01 03 03 4B  ,  Get_KBD_Lang :02 01 03 03 4B,16,0x10,8704,0,0,0,0,0,0,0,0,0,0,0,0,16777216,0,0,0,0,0,16842752,16777216,0,0,0,0,17372165,100665620,33751040,,15,15,,,,
FXLH,R118,FTPZK01YP3J3,,R118-POST P2_P21J-D13-1,,FXLH_F05-4FT-02_2_GATEKEEPER,FAIL,10-26-20:37:53,60.15,V1.1.3.2,Check_All_CB,FTPZK01YP3J3,Atlas 1.9.2,FTPZK01YP3J3,V1.1.3.2,1,3,0,0,0,3,0,0,0,3,0,0,0,3,0,0,0,3,0,0,0,3,0,0,0,0,0,0,0,3,0,0,0,3,0,0,0,3,0,1,1,15 00 00 00 ,FTPZK01YP3J3,Pass,DLX9394004HN6R52N,WMT-JA0011,R118-POST P2_P21J-D13-1_C01779,R118-POST P2,R118-POST P2_P21J-D13-1,C4P937400EJJCQV32,GV29363000BP2T12E,FM79383008FN0LH1D+VCJ,CR19356019QMW5D1R,13 00 00 00 02 ,13 00 00 00 00,370,0x0172,3,0x03,2,02,1286,0x0506,A0 02 00 0B 00 0B 00 0B ,0,0x00,,0x0F,,0x0F,Pass,02 01 03 03 4B ,02 01 03 03 4B,Read_MLB_Lang :02 01 03 03 4B  ,  Get_KBD_Lang :02 01 03 03 4B,16,0x10,8704,0,0,0,0,0,0,0,0,0,0,0,0,16777216,0,0,0,0,0,16842752,16777216,0,0,0,0,17372165,100665620,33751040,,15,15,,,,
FXLH,R118,FTPZK03ZP3J3,,R118-POST P2_P21JNB-D13-4,,FXLH_F05-4FT-02_2_GATEKEEPER,FAIL,10-26-20:39:47,43.75,V1.1.3.2,Check_All_CB,FTPZK03ZP3J3,Atlas 1.9.2,FTPZK03ZP3J3,V1.1.3.2,1,3,0,0,0,3,0,0,0,3,0,0,0,3,0,0,0,3,0,0,0,3,0,0,0,0,0,0,0,3,0,0,0,3,0,1,1,3,0,0,0,15 00 00 00 ,FTPZK03ZP3J3,Pass,DLX9394009WN6R52U,WMT-JA0014,R118-POST P2_P21JNB-D13-4_C01852,R118-POST P2,R118-POST P2_P21JNB-D13-4,C4P9402001GJCQV3X,GV293670028P2T127,FM79383023MN0LH1D,C479353042PMW5D2Z,13 00 00 00 02 ,13 00 00 00 00,370,0x0172,3,0x03,2,02,1286,0x0506,A0 02 00 0B 00 0B 00 0B ,0,0x00,,0x0F,,0x0F,Pass,02 01 03 03 4B ,02 01 03 03 4B,Read_MLB_Lang :02 01 03 03 4B  ,  Get_KBD_Lang :02 01 03 03 4B,16,0x10,8704,0,0,0,0,0,0,0,0,0,0,0,0,16777216,0,0,0,0,0,16842752,16777216,0,0,0,0,17372165,100665620,33751040,,15,15,,,,
FXLH,R118,FTPZK03VP3J3,,R118-POST P2_P21JNB-D13-4,,FXLH_F05-4FT-02_2_GATEKEEPER,FAIL,10-26-20:40:44,47.49,V1.1.3.2,Check_All_CB,FTPZK03VP3J3,Atlas 1.9.2,FTPZK03VP3J3,V1.1.3.2,1,3,0,0,0,3,0,0,0,3,0,0,0,3,0,0,0,3,0,0,0,3,0,0,0,0,0,0,0,3,0,0,0,3,0,0,0,3,0,0,0,15 00 00 00 ,FTPZK03VP3J3,Pass,DLX93940073N6R52T,WMT-JA0014,R118-POST P2_P21JNB-D13-4_C01856,R118-POST P2,R118-POST P2_P21JNB-D13-4,C4P9402001HJCQV3W,GV29367001QP2T12U,FM79383001GN0LH1Z+VCJ,C47935300L4MW5D22,13 00 00 00 02 ,13 00 00 00 00,370,0x0172,3,0x03,2,02,1286,0x0506,A0 02 00 0B 00 0B 00 0B ,0,0x00,,0x0F,,0x0F,Pass,02 01 03 03 4B ,02 01 03 03 4B,Read_MLB_Lang :02 01 03 03 4B  ,  Get_KBD_Lang :02 01 03 03 4B,16,0x10,8704,0,0,0,0,0,0,0,0,0,0,0,0,16777216,0,0,0,0,0,16842752,16777216,0,0,0,0,17372165,100665620,33751040,,15,15,,,,
FXLH,R118,FTPZK04BP3J3,,R118-POST P2_P21JNB-D13-4,,FXLH_F05-4FT-02_2_GATEKEEPER,FAIL,10-26-20:41:51,39.86,V1.1.3.2,Check_All_CB,FTPZK04BP3J3,Atlas 1.9.2,FTPZK04BP3J3,V1.1.3.2,1,3,0,0,0,3,0,0,0,3,0,0,0,3,0,0,0,3,0,0,0,3,0,0,0,0,0,0,0,3,0,0,0,3,0,0,0,3,0,0,0,15 00 00 00 ,FTPZK04BP3J3,Pass,DLX9394009JN6R526,WMT-JA0014,R118-POST P2_P21JNB-D13-4_C01844,R118-POST P2,R118-POST P2_P21JNB-D13-4,C4P94020016JCQV37,GV29367001EP2T124,FM79383067MN0LH1D,C479353042XMW5D2R,13 00 00 00 02 ,13 00 00 00 00,370,0x0172,3,0x03,2,02,1286,0x0506,A0 02 00 0B 00 0B 00 0B ,0,0x00,,0x0F,,0x0F,Pass,02 01 03 03 4B ,02 01 03 03 4B,Read_MLB_Lang :02 01 03 03 4B  ,  Get_KBD_Lang :02 01 03 03 4B,16,0x10,8704,0,0,0,0,0,0,0,0,0,0,0,0,16777216,0,0,0,0,0,16842752,16777216,0,0,0,0,17372165,100665620,33751040,,15,15,,,,
FXLH,R118,FTPZK03UP3J3,,R118-POST P2_P21JNB-D13-4,,FXLH_F05-4FT-02_2_GATEKEEPER,FAIL,10-26-20:44:15,50.06,V1.1.3.2,Check_All_CB,FTPZK03UP3J3,Atlas 1.9.2,FTPZK03UP3J3,V1.1.3.2,1,3,0,0,0,3,0,0,0,3,0,0,0,3,0,0,0,3,0,0,0,3,0,0,0,0,0,0,0,3,0,0,0,3,0,0,0,3,0,0,0,15 00 00 00 ,FTPZK03UP3J3,Pass,DLX9394007UN6R522,WMT-JA0014,R118-POST P2_P21JNB-D13-4_C01827,R118-POST P2,R118-POST P2_P21JNB-D13-4,C4P94020012JCQV3B,GV29367001JP2T120,FM79383097MN0LH1D,C479353042FMW5D27,13 00 00 00 02 ,13 00 00 00 00,370,0x0172,3,0x03,2,02,1286,0x0506,A0 02 00 0B 00 0B 00 0B ,0,0x00,,0x0F,,0x0F,Pass,02 01 03 03 4B ,02 01 03 03 4B,Read_MLB_Lang :02 01 03 03 4B  ,  Get_KBD_Lang :02 01 03 03 4B,16,0x10,8704,0,0,0,0,0,0,0,0,0,0,0,0,16777216,0,0,0,0,0,16842752,16777216,0,0,0,0,17372165,100665620,33751040,,15,15,,,,
FXLH,R118,FTPZK020P3J3,,R118-POST P2_P21J-D13-1,,FXLH_F05-4FT-02_2_GATEKEEPER,FAIL,10-26-20:46:15,46.43,V1.1.3.2,Check_All_CB,FTPZK020P3J3,Atlas 1.9.2,FTPZK020P3J3,V1.1.3.2,1,3,0,0,0,3,0,0,0,3,0,0,0,3,0,0,0,3,0,0,0,3,0,0,0,0,0,0,0,3,0,0,0,3,0,0,0,3,0,0,0,15 00 00 00 ,FTPZK020P3J3,Pass,DLX9394005MN6R52F,WMT-JA0011,R118-POST P2_P21J-D13-1_C01765,R118-POST P2,R118-POST P2_P21J-D13-1,C4P937400EGJCQV34,GV29363000TP2T12Y,FM79383006VN0LH15+VCJ,CR1935600CYMW5D19,13 00 00 00 02 ,13 00 00 00 00,370,0x0172,3,0x03,2,02,1286,0x0506,A0 02 00 0B 00 0B 00 0B ,0,0x00,,0x0F,,0x0F,Pass,02 01 03 03 4B ,02 01 03 03 4B,Read_MLB_Lang :02 01 03 03 4B  ,  Get_KBD_Lang :02 01 03 03 4B,16,0x10,8704,0,0,0,0,0,0,0,0,0,0,0,0,16777216,0,0,0,0,0,16842752,16777216,0,0,0,0,17372165,100665620,33751040,,15,15,,,,
FXLH,R118,FTPZK02TP3J3,,R118-POST P2_P21J-D13-1,,FXLH_F05-4FT-02_2_GATEKEEPER,FAIL,10-26-20:47:18,46.69,V1.1.3.2,Check_All_CB,FTPZK02TP3J3,Atlas 1.9.2,FTPZK02TP3J3,V1.1.3.2,1,3,0,0,0,3,0,0,0,3,0,0,0,3,0,0,0,3,0,0,0,3,0,0,0,0,0,0,0,3,0,0,0,3,0,0,0,3,0,0,0,15 00 00 00 ,FTPZK02TP3J3,Pass,DLX937500LRN6R525,WMT-JA0011,R118-POST P2_P21J-D13-1_C01797,R118-POST P2,R118-POST P2_P21J-D13-1,C4P937400CMJCQV35,GV29363000NP2T123,FM79383002JN0LH1U+VCJ,CR1935600RVMW5D17,13 00 00 00 02 ,13 00 00 00 00,370,0x0172,3,0x03,2,02,1286,0x0506,A0 02 00 0B 00 0B 00 0B ,0,0x00,,0x0F,,0x0F,Pass,02 01 03 03 4B ,02 01 03 03 4B,Read_MLB_Lang :02 01 03 03 4B  ,  Get_KBD_Lang :02 01 03 03 4B,16,0x10,8704,0,0,0,0,0,0,0,0,0,0,0,0,16777216,0,0,0,0,0,16842752,16777216,0,0,0,0,17372165,100665620,33751040,,15,15,,,,
FXLH,R118,FTPZK02HP3J3,,R118-POST P2_P21J-D13-1,,FXLH_F05-4FT-02_2_GATEKEEPER,FAIL,10-26-20:48:21,57.58,V1.1.3.2,Check_All_CB,FTPZK02HP3J3,Atlas 1.9.2,FTPZK02HP3J3,V1.1.3.2,1,3,0,0,0,3,0,0,0,3,0,0,0,3,0,0,0,3,0,0,0,3,0,0,0,0,0,0,0,3,0,0,0,3,0,0,0,3,0,0,0,15 00 00 00 ,FTPZK02HP3J3,Pass,DLX9394005UN6R528,WMT-JA0011,R118-POST P2_P21J-D13-1_C01788,R118-POST P2,R118-POST P2_P21J-D13-1,C4P93740090JCQV31,GV293630010P2T12N,FM79383002CN0LH10+VCJ,CR1935600HNMW5D14,13 00 00 00 02 ,13 00 00 00 00,370,0x0172,3,0x03,2,02,1286,0x0506,A0 02 00 0B 00 0B 00 0B ,0,0x00,,0x0F,,0x0F,Pass,02 01 03 03 4B ,02 01 03 03 4B,Read_MLB_Lang :02 01 03 03 4B  ,  Get_KBD_Lang :02 01 03 03 4B,16,0x10,8704,0,0,0,0,0,0,0,0,0,0,0,0,16777216,0,0,0,0,0,16842752,16777216,0,0,0,0,17372165,100665620,33751040,,15,15,,,,
FXLH,R118,FTPZK01NP3J3,,R118-POST P2_P21J-D13-1,,FXLH_F05-4FT-02_2_GATEKEEPER,FAIL,10-26-20:51:02,41.49,V1.1.3.2,Check_All_CB,FTPZK01NP3J3,Atlas 1.9.2,FTPZK01NP3J3,V1.1.3.2,1,3,0,0,0,3,0,0,0,3,0,0,0,3,0,0,0,3,0,0,0,3,0,0,0,0,0,0,0,3,0,0,0,3,0,0,0,3,0,0,0,15 00 00 00 ,FTPZK01NP3J3,Pass,DLX9394005CN6R52Q,WMT-JA0011,R118-POST P2_P21J-D13-1_C01774,R118-POST P2,R118-POST P2_P21J-D13-1,C4P937400CJJCQV38,GV293630003P2T12N,FM793830085N0LH1P+VCJ,CR1935600QSMW5D1D,13 00 00 00 02 ,13 00 00 00 00,370,0x0172,3,0x03,2,02,1286,0x0506,A0 02 00 0B 00 0B 00 0B ,0,0x00,,0x0F,,0x0F,Pass,02 01 03 03 4B ,02 01 03 03 4B,Read_MLB_Lang :02 01 03 03 4B  ,  Get_KBD_Lang :02 01 03 03 4B,16,0x10,8704,0,0,0,0,0,0,0,0,0,0,0,0,16777216,0,0,0,0,0,16842752,16777216,0,0,0,0,17372165,100665620,33751040,,15,15,,,,
FXLH,R118,FTPZK02DP3J3,,R118-POST P2_P21J-D13-1,,FXLH_F05-4FT-02_2_GATEKEEPER,FAIL,10-26-20:52:28,60.36,V1.1.3.2,Check_All_CB,FTPZK02DP3J3,Atlas 1.9.2,FTPZK02DP3J3,V1.1.3.2,1,3,0,0,0,3,0,0,0,3,0,0,0,3,0,0,0,3,0,1,1,3,0,0,0,0,0,0,0,3,0,0,0,3,0,0,0,3,0,0,0,15 00 00 00 ,FTPZK02DP3J3,Pass,DLX937500LJN6R52C,WMT-JA0011,R118-POST P2_P21J-D13-1_C01790,R118-POST P2,R118-POST P2_P21J-D13-1,C4P9374005DJCQV30,GV29363000HP2T128,FM79383002NN0LH1Q+VCJ,CR1935601E8MW5D1S,13 00 00 00 02 ,13 00 00 00 00,370,0x0172,3,0x03,2,02,1286,0x0506,A0 02 00 0B 00 0B 00 0B ,0,0x00,,0x0F,,0x0F,Pass,02 01 03 03 4B ,02 01 03 03 4B,Read_MLB_Lang :02 01 03 03 4B  ,  Get_KBD_Lang :02 01 03 03 4B,16,0x10,8704,0,0,0,0,0,0,0,0,0,0,0,0,16777216,0,0,0,0,0,16842752,16777216,0,0,0,0,17372165,100665620,33751040,,15,15,,,,
FXLH,R118,FTPZK04AP3J3,,R118-POST P2_P21JNB-D13-4,,FXLH_F05-4FT-02_2_GATEKEEPER,FAIL,10-26-20:54:06,53.89,V1.1.3.2,Check_All_CB,FTPZK04AP3J3,Atlas 1.9.2,FTPZK04AP3J3,V1.1.3.2,1,3,0,0,0,3,0,0,0,3,0,0,0,3,0,0,0,3,0,0,0,3,0,0,0,0,0,0,0,3,0,0,0,3,0,0,0,3,0,0,0,15 00 00 00 ,FTPZK04AP3J3,Pass,DLX9394008UN6R52Z,WMT-JA0014,R118-POST P2_P21JNB-D13-4_C01843,R118-POST P2,R118-POST P2_P21JNB-D13-4,C4P9402001LJCQV3T,GV29367001FP2T123,FM79383004SN0LH1E+VCJ,C47935303HSMW5D2L,13 00 00 00 02 ,13 00 00 00 00,370,0x0172,3,0x03,2,02,1286,0x0506,A0 02 00 0B 00 0B 00 0B ,0,0x00,,0x0F,,0x0F,Pass,02 01 03 03 4B ,02 01 03 03 4B,Read_MLB_Lang :02 01 03 03 4B  ,  Get_KBD_Lang :02 01 03 03 4B,16,0x10,8704,0,0,0,0,0,0,0,0,0,0,0,0,16777216,0,0,0,0,0,16842752,16777216,0,0,0,0,17372165,100665620,33751040,,15,15,,,,
FXLH,R118,FTPZK02NP3J3,,R118-POST P2_P21J-D13-1,,FXLH_F05-4FT-02_2_GATEKEEPER,FAIL,10-26-20:57:05,59.21,V1.1.3.2,Check_All_CB,FTPZK02NP3J3,Atlas 1.9.2,FTPZK02NP3J3,V1.1.3.2,1,3,0,0,0,3,0,0,0,3,0,0,0,3,0,0,0,3,0,0,0,3,0,0,0,0,0,0,0,3,0,0,0,3,0,0,0,3,0,0,0,15 00 00 00 ,FTPZK02NP3J3,Pass,DLX9394003BN6R52X,WMT-JA0011,R118-POST P2_P21J-D13-1_C01785,R118-POST P2,R118-POST P2_P21J-D13-1,C4P937400DMJCQV32,GV293630005P2T12L,FM79383073MN0LH1D,CR19356007EMW5D18,13 00 00 00 02 ,13 00 00 00 00,370,0x0172,3,0x03,2,02,1286,0x0506,A0 02 00 0B 00 0B 00 0B ,0,0x00,,0x0F,,0x0F,Pass,02 01 03 03 4B ,02 01 03 03 4B,Read_MLB_Lang :02 01 03 03 4B  ,  Get_KBD_Lang :02 01 03 03 4B,16,0x10,8704,0,0,0,0,0,0,0,0,0,0,0,0,16777216,0,0,0,0,0,16842752,16777216,0,0,0,0,17372165,100665620,33751040,,15,15,,,,
FXLH,R118,FTPZK01UP3J3,,R118-POST P2_P21J-D13-1,,FXLH_F05-4FT-02_2_GATEKEEPER,FAIL,10-26-20:58:18,42.96,V1.1.3.2,Check_All_CB,FTPZK01UP3J3,Atlas 1.9.2,FTPZK01UP3J3,V1.1.3.2,1,3,0,0,0,3,0,0,0,3,0,0,0,3,0,0,0,3,0,0,0,3,0,0,0,0,0,0,0,3,0,0,0,3,0,0,0,3,0,0,0,15 00 00 00 ,FTPZK01UP3J3,Pass,DLX9394004KN6R52L,WMT-JA0011,R118-POST P2_P21J-D13-1_C01759,R118-POST P2,R118-POST P2_P21J-D13-1,C4P93740021JCQV3M,GV293630002P2T12P,FM79383006QN0LH1A+VCJ,CR1935600DSMW5D1C,13 00 00 00 02 ,13 00 00 00 00,370,0x0172,3,0x03,2,02,1286,0x0506,A0 02 00 0B 00 0B 00 0B ,0,0x00,,0x0F,,0x0F,Pass,02 01 03 03 4B ,02 01 03 03 4B,Read_MLB_Lang :02 01 03 03 4B  ,  Get_KBD_Lang :02 01 03 03 4B,16,0x10,8704,0,0,0,0,0,0,0,0,0,0,0,0,16777216,0,0,0,0,0,16842752,16777216,0,0,0,0,17372165,100665620,33751040,,15,15,,,,
FXLH,R118,FTPZK01QP3J3,,R118-POST P2_P21J-D13-1,,FXLH_F05-4FT-02_2_GATEKEEPER,FAIL,10-26-20:59:57,56.59,V1.1.3.2,Check_All_CB,FTPZK01QP3J3,Atlas 1.9.2,FTPZK01QP3J3,V1.1.3.2,1,3,0,0,0,3,0,0,0,3,0,0,0,3,0,0,0,3,0,1,1,3,0,0,0,0,0,0,0,3,0,0,0,3,0,0,0,3,0,0,0,15 00 00 00 ,FTPZK01QP3J3,Pass,DLX93940063N6R52W,WMT-JA0011,R118-POST P2_P21J-D13-1_C01777,R118-POST P2,R118-POST P2_P21J-D13-1,C4P937400DSJCQV3X,GV29363000KP2T126,FM79383002QN0LH1N+VCJ,CR1935601LJMW5D1Y,13 00 00 00 02 ,13 00 00 00 00,370,0x0172,3,0x03,2,02,1286,0x0506,A0 02 00 0B 00 0B 00 0B ,0,0x00,,0x0F,,0x0F,Pass,02 01 03 03 4B ,02 01 03 03 4B,Read_MLB_Lang :02 01 03 03 4B  ,  Get_KBD_Lang :02 01 03 03 4B,16,0x10,8704,0,0,0,0,0,0,0,0,0,0,0,0,16777216,0,0,0,0,0,16842752,16777216,0,0,0,0,17372165,100665620,33751040,,15,15,,,,
FXLH,R118,FTPZK025P3J3,,R118-POST P2_P21J-D13-1,,FXLH_F05-4FT-02_2_GATEKEEPER,FAIL,10-26-21:02:48,48.91,V1.1.3.2,Check_All_CB,FTPZK025P3J3,Atlas 1.9.2,FTPZK025P3J3,V1.1.3.2,1,3,0,0,0,3,0,0,0,3,0,0,0,3,0,0,0,3,0,0,0,3,0,0,0,0,0,0,0,3,0,0,0,3,0,0,0,3,0,0,0,15 00 00 00 ,FTPZK025P3J3,Pass,DLX9394004BN6R52U,WMT-JA0011,R118-POST P2_P21J-D13-1_C01772,R118-POST P2,R118-POST P2_P21J-D13-1,C4P937400E1JCQV3K,GV293630001P2T12Q,FM79383003DN0LH1W+VCJ,CR1935600L4MW5D1D,13 00 00 00 02 ,13 00 00 00 00,370,0x0172,3,0x03,2,02,1286,0x0506,A0 02 00 0B 00 0B 00 0B ,0,0x00,,0x0F,,0x0F,Pass,02 01 03 03 4B ,02 01 03 03 4B,Read_MLB_Lang :02 01 03 03 4B  ,  Get_KBD_Lang :02 01 03 03 4B,16,0x10,8704,0,0,0,0,0,0,0,0,0,0,0,0,16777216,0,0,0,0,0,16842752,16777216,0,0,0,0,17372165,100665620,33751040,,15,15,,,,
FXLH,R118,FTPZK01MP3J3,,R118-POST P2_P21J-D13-1,,FXLH_F05-4FT-02_2_GATEKEEPER,FAIL,10-26-21:03:58,50.55,V1.1.3.2,Check_All_CB,FTPZK01MP3J3,Atlas 1.9.2,FTPZK01MP3J3,V1.1.3.2,1,3,0,0,0,3,0,0,0,3,0,0,0,3,0,0,0,3,0,0,0,3,0,0,0,0,0,0,0,1,0,7,7,3,0,0,0,3,0,0,0,15 00 00 00 ,FTPZK01MP3J3,Pass,DLX9394004YN6R527,WMT-JA0011,R118-POST P2_P21J-D13-1_C01770,R118-POST P2,R118-POST P2_P21J-D13-1,C4P937400C3JCQV3P,GV29363000VP2T12W,FM79383001KN0LH1W+VCJ,CR1935600Q5MW5D10,13 00 00 00 02 ,13 00 00 00 00,370,0x0172,3,0x03,2,02,1286,0x0506,A0 02 00 0B 00 0B 00 0B ,0,0x00,,0x0F,,0x0F,Pass,02 01 03 03 4B ,02 01 03 03 4B,Read_MLB_Lang :02 01 03 03 4B  ,  Get_KBD_Lang :02 01 03 03 4B,16,0x10,8704,0,0,0,0,0,0,0,0,0,0,0,0,16777216,0,0,0,0,0,16842752,16777216,0,0,0,0,17372165,100665620,33751040,,15,15,,,,
FXLH,R118,FTPZD019P3J4,,R118-P2_P21AK-M5,,FXLH_F05-4FT-02_2_GATEKEEPER,FAIL,10-28-08:37:51,62.33,V1.1.3.2,Check_All_CB,FTPZD019P3J4,Atlas 1.9.2,FTPZD019P3J4,V1.1.3.2,1,0,0,0,0,0,0,0,0,3,0,0,0,3,0,0,0,3,0,0,0,3,0,0,0,0,0,0,0,3,0,0,0,2,0,5,5,3,0,0,0,15 00 00 00 ,FTPZD019P3J4,Pass,DLX9366008YN6R522,WMT-J9000F,R118-P2_P21AK-M5_C00429,R118-P2,R118-P2_P21AK-M5,C4P9322000MJCPV3T,GV29363004SN3LN2P,FM7934400U8N0LH15+M1J,CR1935600ZTMW5D1K,13 00 00 00 02 ,13 00 00 00 00,370,0x0172,3,0x03,2,02,1286,0x0506,A0 02 00 0B 00 0B 00 0B ,0,0x00,33,0x21,33,0x21,Pass,02 01 01 0F 49 16 16 ,02 01 01 0F 49 16 16,Read_MLB_Lang :02 01 01 0F 49 16 16  ,  Get_KBD_Lang :02 01 01 0F 49 16 16,16,0x10,8704,0,0,0,0,0,0,0,0,0,0,0,0,16777216,0,0,0,0,0,16842752,16777216,0,0,0,0,17372165,100665620,33751040,,,,,,,
FXLH,R118,FTPZK02EP3J3,,R118-POST P2_P21J-D13-1,,FXLH_F05-4FT-02_2_GATEKEEPER,FAIL,10-28-09:03:38,52.61,V1.1.3.2,Check_All_CB,FTPZK02EP3J3,Atlas 1.9.2,FTPZK02EP3J3,V1.1.3.2,1,3,0,0,0,3,0,0,0,3,0,0,0,3,0,0,0,3,0,0,0,3,0,0,0,0,0,0,0,3,0,0,0,3,0,0,0,3,0,0,0,15 00 00 00 ,FTPZK02EP3J3,Pass,DLX937500HLN6R52K,WMT-JA0011,R118-POST P2_P21J-D13-1_C01792,R118-POST P2,R118-POST P2_P21J-D13-1,C4P93740089JCQV3V,GV29363000FP2T12A,FM79383001SN0LH1P+VCJ,CR1935600QVMW5D1A,13 00 00 00 02 ,13 00 00 00 00,370,0x0172,3,0x03,2,02,1286,0x0506,A0 02 00 0B 00 0B 00 0B ,0,0x00,,0x0F,,0x0F,Pass,02 01 03 03 4B ,02 01 03 03 4B,Read_MLB_Lang :02 01 03 03 4B  ,  Get_KBD_Lang :02 01 03 03 4B,16,0x10,8704,0,0,0,0,0,0,0,0,0,0,0,0,16777216,0,0,0,0,0,16842752,16777216,0,0,0,0,17372165,100665620,33751040,,15,15,,,,
FXLH,R118,FTPZD01VP3J4,,R118-P2_P21AK-M5-1,,FXLH_F05-4FT-02_2_GATEKEEPER,FAIL,10-28-09:21:32,51.05,V1.1.3.2,Check_All_CB,FTPZD01VP3J4,Atlas 1.9.2,FTPZD01VP3J4,V1.1.3.2,1,3,0,0,0,3,0,0,0,3,0,1,1,3,0,0,0,3,0,1,1,2,0,4,4,0,0,0,0,3,0,0,0,2,0,2,2,3,0,0,0,15 00 00 00 ,FTPZD01VP3J4,Pass,DLX93740020N6R52H,WCT-J90011,R118-P2_P21AK-M5-1_C00454,R118-P2,R118-P2_P21AK-M5-1,C4P9322000LJCPV3U,GV29363003LN3LN2Y,FM7934400V4N0LH16+M1J,CR193560164MW5D1L,13 00 00 00 02 ,13 00 00 00 00,370,0x0172,3,0x03,2,02,1286,0x0506,A0 02 00 0B 00 0B 00 0B ,0,0x00,33,0x21,33,0x21,Pass,02 01 01 0F 49 16 16 ,02 01 01 0F 49 16 16,Read_MLB_Lang :02 01 01 0F 49 16 16  ,  Get_KBD_Lang :02 01 01 0F 49 16 16,16,0x10,8704,0,0,0,0,0,0,0,0,0,0,0,0,16777216,0,0,0,0,0,16842752,16777216,0,0,0,0,17372165,100665620,33751040,,,,,,,
FXLH,R118,FTPZG01QP3J3,,R118-P2_P21J2,,FXLH_F05-4FT-02_2_GATEKEEPER,FAIL,10-28-09:29:12,44.66,V1.1.3.2,Check_All_CB,FTPZG01QP3J3,Atlas 1.9.2,FTPZG01QP3J3,V1.1.3.2,1,3,0,0,0,3,0,0,0,3,0,0,0,3,0,0,0,3,0,1,1,2,0,6,6,0,0,0,0,3,0,0,0,2,0,2,2,3,0,1,1,15 00 00 00 ,FTPZG01QP3J3,Pass,DLX937500JPN6R52D,WCT-J90052,R118-P2_P21J2_C01430,R118-P2,R118-P2_P21J2,C4P9377004EJCQV3Z,GV29367000DP2T128,FM79383007LN0LH1B+VCJ,CR1935601E0MW5D10,13 00 00 00 02 ,13 00 00 00 00,370,0x0172,3,0x03,2,02,1286,0x0506,A0 02 00 0B 00 0B 00 0B ,0,0x00,,0x0F,,0x0F,Pass,02 01 03 03 4B ,02 01 03 03 4B,Read_MLB_Lang :02 01 03 03 4B  ,  Get_KBD_Lang :02 01 03 03 4B,16,0x10,8704,0,0,0,0,0,0,0,0,0,0,0,0,16777216,0,0,0,0,0,16842752,16777216,0,0,0,0,17372165,100665620,33751040,,15,15,,,,
FXLH,R118,FTPZD021P3J4,,R118-P2_P21AK-M5-2,,FXLH_F05-4FT-02_2_GATEKEEPER,FAIL,10-28-09:35:48,42.20,V1.1.3.2,Check_All_CB,FTPZD021P3J4,Atlas 1.9.2,FTPZD021P3J4,V1.1.3.2,1,3,0,0,0,3,0,0,0,3,0,0,0,3,0,0,0,3,0,0,0,2,0,3,3,0,0,0,0,3,0,0,0,3,0,1,1,3,0,1,1,15 00 00 00 ,FTPZD021P3J4,Pass,DLX9374001SN6R52U,WCT-J90012,R118-P2_P21AK-M5-2_C00463,R118-P2,R118-P2_P21AK-M5-2,C4P9322004BJCPV3R,GV29363004FN3LN20,FM7934400WKN0LH1N+M1J,CR19356014MMW5D19,13 00 00 00 02 ,13 00 00 00 00,370,0x0172,3,0x03,2,02,1286,0x0506,A0 02 00 0B 00 0B 00 0B ,0,0x00,33,0x21,33,0x21,Pass,02 01 01 0F 49 16 16 ,02 01 01 0F 49 16 16,Read_MLB_Lang :02 01 01 0F 49 16 16  ,  Get_KBD_Lang :02 01 01 0F 49 16 16,16,0x10,8704,0,0,0,0,0,0,0,0,0,0,0,0,16777216,0,0,0,0,0,16842752,16777216,0,0,0,0,17372165,100665620,33751040,,,,,,,
FXLH,R118,FTPZF009P3Q6,,,,FXLH_F05-4FT-02_2_GATEKEEPER,FAIL,10-28-09:53:33,62.27,V1.1.3.2,Check_All_CB; Compare_FG_SN; WO_SN; UNIT_LBL; BUILD_EVENT; BUILD_MATRIX_CONFIG; UNIT#; S_BUILD; KBM_SN; BACKLIGHT_SN; TRACKPAD_SN; TOUCH_FLEX_SN; Get_KBD_Lang; Check_KBD_Lang,FTPZF009P3Q6,Atlas 1.9.2,FTPZF009P3Q6,V1.1.3.2,1,3,0,0,0,3,0,0,0,3,0,1,1,3,0,0,0,3,0,0,0,2,0,6,6,0,0,0,0,3,0,1,1,2,0,2,2,3,0,0,0,15 00 00 00 ,FTPZF009P3J6,Fail,DLX937500JUN6R528,,,,,,,,,13 00 00 00 02 ,13 00 00 00 00,370,0x0172,3,0x03,2,02,1286,0x0506,A0 02 00 0B 00 0B 00 0B ,0,0x00,,0x0D,,0x0D,Pass,02 01 02 1F 4A ,,,16,0x10,8704,0,0,0,0,0,0,0,0,0,0,0,0,16777216,0,0,0,0,0,16842752,16777216,0,0,0,0,17372165,100665620,33751040,,,,,13,13,
FXLH,R118,FTPZF009P3J6,,R118-P2_P21IRU,,FXLH_F05-4FT-02_2_GATEKEEPER,FAIL,10-28-09:55:06,59.93,V1.1.3.2,Check_All_CB,FTPZF009P3J6,Atlas 1.9.2,FTPZF009P3J6,V1.1.3.2,1,3,0,0,0,3,0,0,0,3,0,1,1,3,0,0,0,3,0,0,0,2,0,6,6,0,0,0,0,3,0,1,1,2,0,2,2,3,0,0,0,15 00 00 00 ,FTPZF009P3J6,Pass,DLX937500JUN6R528,WCT-J90035,R118-P2_P21IRU_C01199,R118-P2,R118-P2_P21IRU,C4P93450013JCQL35,GV29363001DP2T02A,FM7934400GLN0LH1V+S1J,C47935304BDMW5D2G,13 00 00 00 00 ,13 00 00 00 00,370,0x0172,3,0x03,2,02,1286,0x0506,A0 02 00 0B 00 0B 00 0B ,0,0x00,,0x0D,,0x0D,Pass,02 01 02 1F 4A ,02 01 02 1F 4A,Read_MLB_Lang :02 01 02 1F 4A  ,  Get_KBD_Lang :02 01 02 1F 4A,16,0x10,8704,0,0,0,0,0,0,0,0,0,0,0,0,16777216,0,0,0,0,0,16842752,16777216,0,0,0,0,17372165,100665620,33751040,,,,,13,13,
FXLH,R118,FTPZK02GP3J3,,R118-POST P2_P21J-D13-1,,FXLH_F05-4FT-02_2_GATEKEEPER,FAIL,10-28-09:59:55,62.91,V1.1.3.2,Check_All_CB; Grape_Critical_Errors; Critical_Errors_Summary,FTPZK02GP3J3,Atlas 1.9.2,FTPZK02GP3J3,V1.1.3.2,1,3,0,0,0,3,0,0,0,3,0,1,1,3,0,0,0,2,0,6,6,3,0,0,0,0,0,0,0,3,0,1,1,3,0,1,1,3,0,0,0,15 00 00 00 ,FTPZK02GP3J3,Pass,DLX93940069N6R52Q,WMT-JA0011,R118-POST P2_P21J-D13-1_C01789,R118-POST P2,R118-POST P2_P21J-D13-1,C4P937400C7JCQV3K,GV293630018P2T12E,FM79383006WN0LH14+VCJ,CR1935600DWMW5D18,13 00 00 00 02 ,13 00 00 00 00,370,0x0172,3,0x03,2,02,1286,0x0506,A0 02 00 0B 00 0B 00 0B ,0,0x00,,0x0F,,0x0F,Pass,02 01 03 03 4B ,02 01 03 03 4B,Read_MLB_Lang :02 01 03 03 4B  ,  Get_KBD_Lang :02 01 03 03 4B,16,0x10,8704,0,0,0,0,0,0,0,0,0,0,0,0,33554432,0,169869320,131072,0,68157952,33685504,16842752,0,0,536870912,0,17372165,100665620,33751040,,15,15,,,,
FXLH,R118,FTPZG01RP3J3,,R118-P2_P21J2,,FXLH_F05-4FT-02_2_GATEKEEPER,FAIL,10-28-10:38:35,52.45,V1.1.3.2,Check_All_CB,FTPZG01RP3J3,Atlas 1.9.2,FTPZG01RP3J3,V1.1.3.2,1,3,0,0,0,3,0,0,0,3,0,0,0,3,0,0,0,3,0,1,1,2,0,10,10,0,0,0,0,3,0,0,0,3,0,0,0,3,0,0,0,15 00 00 00 ,FTPZG01RP3J3,Pass,DLX937500K2N6R52X,WCT-J90052,R118-P2_P21J2_C01431,R118-P2,R118-P2_P21J2,C4P9377004LJCQV3T,GV293670005P2T12G,FM79383001RN0LH1Q+VCJ,C47935301ZWMW5D24,13 00 00 00 02 ,13 00 00 00 00,370,0x0172,3,0x03,2,02,1286,0x0506,A0 02 00 0B 00 0B 00 0B ,0,0x00,,0x0F,,0x0F,Pass,02 01 03 03 4B ,02 01 03 03 4B,Read_MLB_Lang :02 01 03 03 4B  ,  Get_KBD_Lang :02 01 03 03 4B,16,0x10,8704,0,0,0,0,0,0,0,0,0,0,0,0,16777216,0,0,0,0,0,16842752,16777216,0,0,0,0,17372165,100665620,33751040,,15,15,,,,
FXLH,R118,FTPZG01MP3J3,,R118-P2_P21J2,,FXLH_F05-4FT-02_2_GATEKEEPER,FAIL,10-28-10:46:03,54.20,V1.1.3.2,Check_All_CB,FTPZG01MP3J3,Atlas 1.9.2,FTPZG01MP3J3,V1.1.3.2,1,3,0,0,0,3,0,0,0,3,0,0,0,3,0,0,0,3,0,0,0,2,0,5,5,0,0,0,0,3,0,0,0,3,0,0,0,3,0,0,0,15 00 00 00 ,FTPZG01MP3J3,Pass,DLX937500K7N6R52S,WCT-J90052,R118-P2_P21J2_C01433,R118-P2,R118-P2_P21J2,C4P93770035JCQV3B,GV293670008P2T12D,FM793830029N0LH13+VCJ,CR1935601J8MW5D1E,13 00 00 00 02 ,13 00 00 00 00,370,0x0172,3,0x03,2,02,1286,0x0506,A0 02 00 0B 00 0B 00 0B ,0,0x00,,0x0F,,0x0F,Pass,02 01 03 03 4B ,02 01 03 03 4B,Read_MLB_Lang :02 01 03 03 4B  ,  Get_KBD_Lang :02 01 03 03 4B,16,0x10,8704,0,0,0,0,0,0,0,0,0,0,0,0,16777216,0,0,0,0,0,16842752,16777216,0,0,0,0,17372165,100665620,33751040,,15,15,,,,
FXLH,R118,FTPZD02DP3HR,,R118-P2_P21AEN,,FXLH_F05-4FT-02_2_GATEKEEPER,FAIL,10-28-11:01:49,56.80,V1.1.3.2,Check_All_CB,FTPZD02DP3HR,Atlas 1.9.2,FTPZD02DP3HR,V1.1.3.2,1,3,0,0,0,3,0,0,0,2,0,4,4,3,0,0,0,3,0,2,2,2,0,2,2,0,0,0,0,3,0,0,0,3,0,1,1,3,0,0,0,15 00 00 00 ,FTPZD02DP3HR,Pass,DLX9375006XN6R527,WCT-J90014,R118-P2_P21AEN_C00584,R118-P2,R118-P2_P21AEN,C4P9322008DJCPP3H,GV29364000JN3LN28,FM7934401PVN0LH1Y+V1J,CR193560189MW5D19,13 00 00 00 02 ,13 00 00 00 00,370,0x0172,3,0x03,2,02,1286,0x0506,A0 02 00 0B 00 0B 00 0B ,0,0x00,33,0x21,33,0x21,Pass,02 01 01 05 49 ,02 01 01 05 49,Read_MLB_Lang :02 01 01 05 49  ,  Get_KBD_Lang :02 01 01 05 49,16,0x10,8704,0,0,0,0,0,0,0,0,0,0,0,0,16777216,0,0,0,0,0,16842752,16777216,0,0,0,0,17372165,100665620,33751040,,,,,,,
FXLH,R118,FTPZF002P3HY,,R118-P2_P21IDA,,FXLH_F05-4FT-02_2_GATEKEEPER,FAIL,10-28-11:08:22,49.07,V1.1.3.2,Check_All_CB; STFW; TOUCH_FW; Grape_Connector_Self_Critical_Errors,FTPZF002P3HY,Atlas 1.9.2,FTPZF002P3HY,V1.1.3.2,1,3,0,0,0,3,0,0,0,3,0,0,0,3,0,0,0,3,0,0,0,2,0,5,5,0,0,0,0,3,0,0,0,2,0,3,3,3,0,0,0,15 00 00 00 ,FTPZF002P3HY,Pass,DLX9382006VN6R529,WCT-J90032,R118-P2_P21IDA_C01164,R118-P2,R118-P2_P21IDA,C4P93450015JCQ63H,GV29372006VP2T02B,FM7934401J5N0LH13+V1J,CR19356008DMW5D16,13 00 00 00 02 ,13 00 00 00 00,352,0x0160,3,0x03,2,02,1285,0x0505,A0 02 00 0B 00 0B 00 0B ,0,0x00,,0x0D,,0x0D,Pass,02 01 02 0C 4A ,02 01 02 0C 4A,Read_MLB_Lang :02 01 02 0C 4A  ,  Get_KBD_Lang :02 01 02 0C 4A,16,0x10,8704,0,0,0,0,0,0,0,0,0,0,0,0,16777216,0,0,0,0,0,16842752,16777216,0,0,0,0,17372165,83888404,4194435072,,,,,13,13,
FXLH,R118,FTPZF008P3HX,,R118-P2_P21IG-M6,,FXLH_F05-4FT-02_2_GATEKEEPER,FAIL,10-28-13:39:31,48.75,V1.1.3.2,Check_All_CB,FTPZF008P3HX,Atlas 1.9.2,FTPZF008P3HX,V1.1.3.2,1,3,0,0,0,3,0,0,0,3,0,0,0,3,0,0,0,3,0,0,0,2,0,5,5,0,0,0,0,3,0,1,1,3,0,0,0,3,0,0,0,15 00 00 00 ,FTPZF008P3HX,Pass,DLX93820076N6R52V,WCT-J90025,R118-P2_P21IG-M6_C01038,R118-P2,R118-P2_P21IG-M6,C4P9347001BJCQ53A,GV29372004MP2T02R,FM7934401DPN0LH10+V1J,CR193560080MW5D1K,13 00 00 00 02 ,13 00 00 00 00,370,0x0172,3,0x03,2,02,1286,0x0506,A0 02 00 0B 00 0B 00 0B ,0,0x00,,0x0D,,0x0D,Pass,02 01 02 01 4A ,02 01 02 01 4A,Read_MLB_Lang :02 01 02 01 4A  ,  Get_KBD_Lang :02 01 02 01 4A,16,0x10,8704,0,0,0,0,0,0,0,0,0,0,0,0,16777216,0,0,0,0,0,16842752,16777216,0,0,0,0,17372165,100665620,33751040,,,,,13,13,
FXLH,R118,FTPZF008P3HY,,R118-P2_P21IDA,,FXLH_F05-4FT-02_2_GATEKEEPER,FAIL,10-28-13:40:47,49.27,V1.1.3.2,Check_All_CB,FTPZF008P3HY,Atlas 1.9.2,FTPZF008P3HY,V1.1.3.2,1,3,0,0,0,3,0,1,1,3,0,0,0,3,0,0,0,3,0,0,0,2,0,5,5,0,0,0,0,3,0,0,0,2,0,7,7,3,0,0,0,15 00 00 00 ,FTPZF008P3HY,Pass,DLX9382003WN6R52H,WCT-J90032,R118-P2_P21IDA_C01170,R118-P2,R118-P2_P21IDA,C4P9345000KJCQ636,GV29372006GP2T02Q,FM7934401KAN0LH1V+V1J,C47935302S8MW5D2C,13 00 00 00 02 ,13 00 00 00 00,370,0x0172,3,0x03,2,02,1286,0x0506,A0 02 00 0B 00 0B 00 0B ,0,0x00,,0x0D,,0x0D,Pass,02 01 02 0C 4A ,02 01 02 0C 4A,Read_MLB_Lang :02 01 02 0C 4A  ,  Get_KBD_Lang :02 01 02 0C 4A,16,0x10,8704,0,0,0,0,0,0,0,0,0,0,0,0,16777216,0,0,0,0,0,16842752,16777216,0,0,0,0,17372165,100665620,33751040,,,,,13,13,
FXLH,R118,FTPZF003P3HY,,R118-P2_P21IDA,,FXLH_F05-4FT-02_2_GATEKEEPER,FAIL,10-28-13:42:01,44.92,V1.1.3.2,Check_All_CB,FTPZF003P3HY,Atlas 1.9.2,FTPZF003P3HY,V1.1.3.2,1,3,0,0,0,3,0,0,0,3,0,0,0,3,0,0,0,3,0,0,0,2,0,2,2,0,0,0,0,3,0,0,0,2,0,2,2,3,0,0,0,15 00 00 00 ,FTPZF003P3HY,Pass,DLX9382002AN6R526,WCT-J90032,R118-P2_P21IDA_C01165,R118-P2,R118-P2_P21IDA,C4P9345001KJCQ633,GV29372006SP2T02E,FM7934401QVN0LH1V+V1J,CR1935600QHMW5D1N,13 00 00 00 02 ,13 00 00 00 00,370,0x0172,3,0x03,2,02,1286,0x0506,A0 02 00 0B 00 0B 00 0B ,0,0x00,,0x0D,,0x0D,Pass,02 01 02 0C 4A ,02 01 02 0C 4A,Read_MLB_Lang :02 01 02 0C 4A  ,  Get_KBD_Lang :02 01 02 0C 4A,16,0x10,8704,0,0,0,0,0,0,0,0,0,0,0,0,16777216,0,0,0,0,0,16842752,16777216,0,0,0,0,17372165,100665620,33751040,,,,,13,13,
FXLH,R118,FTPZF007P3J5,,R118-P2_P21IDU,,FXLH_F05-4FT-02_2_GATEKEEPER,FAIL,10-28-13:47:07,51.59,V1.1.3.2,Check_All_CB,FTPZF007P3J5,Atlas 1.9.2,FTPZF007P3J5,V1.1.3.2,1,3,0,0,0,3,0,0,0,3,0,0,0,3,0,0,0,3,0,4,4,2,0,6,6,0,0,0,0,3,0,0,0,2,0,2,2,3,0,0,0,15 00 00 00 ,FTPZF007P3J5,Pass,DLX9382007ZN6R522,WCT-J90030,R118-P2_P21IDU_C01152,R118-P2,R118-P2_P21IDU,C4P9345000DJCQH31,GV293630046P2T028,FM7934402YZN0LH10+V6J,CR1935600DEMW5D1Q,13 00 00 00 02 ,13 00 00 00 00,370,0x0172,3,0x03,2,02,1286,0x0506,A0 02 00 0B 00 0B 00 0B ,0,0x00,,0x0D,,0x0D,Pass,02 01 02 10 4A ,02 01 02 10 4A,Read_MLB_Lang :02 01 02 10 4A  ,  Get_KBD_Lang :02 01 02 10 4A,16,0x10,8704,0,0,0,0,0,0,0,0,0,0,0,0,16777216,0,0,0,0,0,16842752,16777216,0,0,0,0,17372165,100665620,33751040,,,,,13,13,
FXLH,R118,FTPZK021P3J3,,R118-POST P2_P21J-D13-1,,FXLH_F05-4FT-02_2_GATEKEEPER,FAIL,10-28-14:23:30,47.06,V1.1.3.2,Check_All_CB,FTPZK021P3J3,Atlas 1.9.2,FTPZK021P3J3,V1.1.3.2,1,3,0,0,0,3,0,0,0,3,0,0,0,3,0,0,0,3,0,0,0,3,0,0,0,0,0,0,0,3,0,0,0,3,0,0,0,3,0,0,0,15 00 00 00 ,FTPZK021P3J3,Pass,DLX9394003PN6R52K,WMT-JA0011,R118-POST P2_P21J-D13-1_C01766,R118-POST P2,R118-POST P2_P21J-D13-1,C4P937400CYJCQV3U,GV29363000DP2T12C,FM79383005PN0LH1E+VCJ,CR1935600Q4MW5D11,13 00 00 00 02 ,13 00 00 00 00,370,0x0172,3,0x03,2,02,1286,0x0506,A0 02 00 0B 00 0B 00 0B ,0,0x00,,0x0F,,0x0F,Pass,02 01 03 03 4B ,02 01 03 03 4B,Read_MLB_Lang :02 01 03 03 4B  ,  Get_KBD_Lang :02 01 03 03 4B,16,0x10,8704,0,0,0,0,0,0,0,0,0,0,0,0,16777216,0,0,0,0,0,16842752,16777216,0,0,0,0,17372165,100665620,33751040,,15,15,,,,
FXLH,R118,FTPZK02GP3J3,,R118-POST P2_P21J-D13-1,,FXLH_F05-4FT-02_2_GATEKEEPER,FAIL,10-28-14:28:21,62.71,V1.1.3.2,Check_All_CB; Critical_Errors_Summary,FTPZK02GP3J3,Atlas 1.9.2,FTPZK02GP3J3,V1.1.3.2,1,3,0,0,0,3,0,0,0,3,0,1,1,3,0,0,0,2,0,8,8,3,0,0,0,0,0,0,0,3,0,3,3,3,0,1,1,3,0,0,0,15 00 00 00 ,FTPZK02GP3J3,Pass,DLX93940069N6R52Q,WMT-JA0011,R118-POST P2_P21J-D13-1_C01789,R118-POST P2,R118-POST P2_P21J-D13-1,C4P937400C7JCQV3K,GV293630018P2T12E,FM79383006WN0LH14+VCJ,CR1935600DWMW5D18,13 00 00 00 02 ,13 00 00 00 00,370,0x0172,3,0x03,2,02,1286,0x0506,A0 02 00 0B 00 0B 00 0B ,0,0x00,,0x0F,,0x0F,Pass,02 01 03 03 4B ,02 01 03 03 4B,Read_MLB_Lang :02 01 03 03 4B  ,  Get_KBD_Lang :02 01 03 03 4B,16,0x10,8704,0,0,0,0,0,0,0,0,0,0,0,0,16777216,0,0,0,0,0,16842752,16777216,0,0,536870912,0,17372165,100665620,33751040,,15,15,,,,
FXLH,R118,FTPZK03WP3J3,,R118-POST P2_P21JNB-D13-4,,FXLH_F05-4FT-02_2_GATEKEEPER,FAIL,10-28-15:10:33,46.41,V1.1.3.2,Check_All_CB,FTPZK03WP3J3,Atlas 1.9.2,FTPZK03WP3J3,V1.1.3.2,1,3,0,0,0,3,0,0,0,3,0,0,0,3,0,0,0,3,0,0,0,3,0,0,0,0,0,0,0,3,0,0,0,3,0,1,1,3,0,0,0,15 00 00 00 ,FTPZK03WP3J3,Pass,DLX9394007TN6R523,WMT-JA0014,R118-POST P2_P21JNB-D13-4_C01855,R118-POST P2,R118-POST P2_P21JNB-D13-4,C4P9402001BJCQV32,GV29367001AP2T128,FM79383001YN0LH1H+VCJ,C47935304CBMW5D2F,13 00 00 00 02 ,13 00 00 00 00,370,0x0172,3,0x03,2,02,1286,0x0506,A0 02 00 0B 00 0B 00 0B ,0,0x00,,0x0F,,0x0F,Pass,02 01 03 03 4B ,02 01 03 03 4B,Read_MLB_Lang :02 01 03 03 4B  ,  Get_KBD_Lang :02 01 03 03 4B,16,0x10,8704,0,0,0,0,0,0,0,0,0,0,0,0,16777216,0,0,0,0,0,16842752,16777216,0,0,0,0,17372165,100665620,33751040,,15,15,,,,
FXLH,R118,FTPZF00FP3HV,,R118-P2_P21IB,,FXLH_F05-4FT-02_2_GATEKEEPER,FAIL,10-28-15:17:09,52.02,V1.1.3.2,Check_All_CB,FTPZF00FP3HV,Atlas 1.9.2,FTPZF00FP3HV,V1.1.3.2,1,3,0,0,0,3,0,0,0,3,0,3,3,3,0,0,0,3,0,0,0,2,0,4,4,0,0,0,0,3,0,0,0,2,0,1,1,3,0,0,0,15 00 00 00 ,FTPZF00FP3HV,Pass,DLX9382008MN6R52B,WMT-J9002A,R118-P2_P21IB_C01097,R118-P2,R118-P2_P21IB,C4P9345000LJCQ03B,GV293720013P2T02J,FM7934401K0N0LH15+V1J,CR193560071MW5D1M,13 00 00 00 02 ,13 00 00 00 00,370,0x0172,3,0x03,2,02,1286,0x0506,A0 02 00 0B 00 0B 00 0B ,0,0x00,,0x0D,,0x0D,Pass,02 01 02 06 4A ,02 01 02 06 4A,Read_MLB_Lang :02 01 02 06 4A  ,  Get_KBD_Lang :02 01 02 06 4A,16,0x10,8704,0,0,0,0,0,0,0,0,0,0,0,0,16777216,0,0,0,0,0,16842752,16777216,0,0,0,0,17372165,100665620,33751040,,,,,13,13,
FXLH,R118,FTPZD05TP3HR,,R118-P2_P21AEN-NB,,FXLH_F05-4FT-02_2_GATEKEEPER,FAIL,10-28-15:19:14,51.63,V1.1.3.2,Check_All_CB,FTPZD05TP3HR,Atlas 1.9.2,FTPZD05TP3HR,V1.1.3.2,1,3,0,0,0,3,0,0,0,3,0,0,0,3,0,0,0,3,0,0,0,2,0,3,3,0,0,0,0,3,0,0,0,2,0,2,2,3,0,0,0,15 00 00 00 ,FTPZD05TP3HR,Pass,DLX9375005GN6R52R,WMT-J90015,R118-P2_P21AEN-NB_C00603,R118-P2,R118-P2_P21AEN-NB,C4P9322004EJCPP3U,GV29364007ZN3LN26,FM7934401D2N0LH1M+V1J,C4793530888MW5D2S,13 00 00 00 02 ,13 00 00 00 00,370,0x0172,3,0x03,2,02,1286,0x0506,A0 02 00 0B 00 0B 00 0B ,0,0x00,33,0x21,33,0x21,Pass,02 01 01 05 49 ,02 01 01 05 49,Read_MLB_Lang :02 01 01 05 49  ,  Get_KBD_Lang :02 01 01 05 49,16,0x10,8704,0,0,0,0,0,0,0,0,0,0,0,0,16777216,0,0,0,0,0,16842752,16777216,0,0,0,0,17372165,100665620,33751040,,,,,,,
FXLH,R118,FTPZD05MP3HR,,R118-P2_P21AEN-NB,,FXLH_F05-4FT-02_2_GATEKEEPER,FAIL,10-28-15:24:37,52.76,V1.1.3.2,Check_All_CB,FTPZD05MP3HR,Atlas 1.9.2,FTPZD05MP3HR,V1.1.3.2,1,3,0,0,0,3,0,0,0,3,0,0,0,3,0,0,0,3,0,0,0,2,0,3,3,0,0,0,0,3,0,0,0,2,0,1,1,3,0,0,0,15 00 00 00 ,FTPZD05MP3HR,Pass,DLX9375004VN6R52F,WMT-J90015,R118-P2_P21AEN-NB_C00609,R118-P2,R118-P2_P21AEN-NB,C4P932200MAJCPP3F,GV29364009YN3LN21,FM7934401BYN0LH1X+V1J,C479353081SMW5D2V,13 00 00 00 02 ,13 00 00 00 00,370,0x0172,3,0x03,2,02,1286,0x0506,A0 02 00 0B 00 0B 00 0B ,0,0x00,33,0x21,33,0x21,Pass,02 01 01 05 49 ,02 01 01 05 49,Read_MLB_Lang :02 01 01 05 49  ,  Get_KBD_Lang :02 01 01 05 49,16,0x10,8704,0,0,0,0,0,0,0,0,0,0,0,0,16777216,0,0,0,0,0,16842752,16777216,0,0,0,0,17372165,100665620,33751040,,,,,,,
FXLH,R118,FTPZF010P3HT,,R118-P2_P21IAR-R4,,FXLH_F05-4FT-02_2_GATEKEEPER,FAIL,10-28-15:33:16,42.84,V1.1.3.2,Check_All_CB,FTPZF010P3HT,Atlas 1.9.2,FTPZF010P3HT,V1.1.3.2,1,3,0,0,0,3,0,0,0,3,0,0,0,3,0,0,0,3,0,0,0,2,0,3,3,0,0,0,0,3,0,0,0,2,0,1,1,3,0,0,0,15 00 00 00 ,FTPZF010P3HT,Pass,DLX9375007UN6R527,WMT-J90049,R118-P2_P21IAR-R4_C01304,R118-P2,R118-P2_P21IAR-R4,C4P93750007JCPY3L,GV29367000BP2T02B,FM7934401K5N0LH10+V1J,CR1935600VQMW5D10,13 00 00 00 02 ,13 00 00 00 00,370,0x0172,3,0x03,2,02,1286,0x0506,A0 02 00 0B 00 0B 00 0B ,0,0x00,,0x0D,,0x0D,Pass,02 01 02 13 4A ,02 01 02 13 4A,Read_MLB_Lang :02 01 02 13 4A  ,  Get_KBD_Lang :02 01 02 13 4A,16,0x10,8704,0,0,0,0,0,0,0,0,0,0,0,0,16777216,0,0,0,0,0,16842752,16777216,0,0,0,0,17372165,100665620,33751040,,,,,13,13,
FXLH,R118,FTPZF030P3HR,,R118-P2_P21AEN-D5,,FXLH_F05-4FT-02_2_GATEKEEPER,FAIL,10-28-15:42:40,52.62,V1.1.3.2,Check_All_CB,FTPZF030P3HR,Atlas 1.9.2,FTPZF030P3HR,V1.1.3.2,1,3,0,0,0,3,0,0,0,3,0,8,8,3,0,0,0,3,0,0,0,2,0,4,4,0,0,0,0,3,0,0,0,2,0,1,1,3,0,0,0,15 00 00 00 ,FTPZF030P3HR,Pass,DLX9382002YN6R52J,WMT-J90024,R118-P2_P21AEN-D5_C01027,R118-P2,R118-P2_P21AEN-D5,C4P9322007LJCPP3D,GV29367001XN3LN2P,FM7934401KCN0LH1T+V1J,CR193560072MW5D1L,13 00 00 00 02 ,13 00 00 00 00,370,0x0172,3,0x03,2,02,1286,0x0506,A0 02 00 0B 00 0B 00 0B ,0,0x00,33,0x21,33,0x21,Pass,02 01 01 05 49 ,02 01 01 05 49,Read_MLB_Lang :02 01 01 05 49  ,  Get_KBD_Lang :02 01 01 05 49,16,0x10,8704,0,0,0,0,0,0,0,0,0,0,0,0,16777216,0,0,0,0,0,16842752,16777216,0,0,0,0,17372165,100665620,33751040,,,,,,,
FXLH,R118,FTPZD08VP3HR,,R118-P2_P21AEN-1,,FXLH_F05-4FT-02_2_GATEKEEPER,FAIL,10-28-15:56:20,46.24,V1.1.3.2,Check_All_CB,FTPZD08VP3HR,Atlas 1.9.2,FTPZD08VP3HR,V1.1.3.2,1,3,0,0,0,3,0,0,0,2,0,15,15,1,0,0,0,3,0,0,0,2,0,4,4,0,0,0,0,3,0,0,0,2,0,1,1,3,0,0,0,15 00 00 00 ,FTPZD08VP3HR,Pass,DLX937500EPN6R52R,WMT-J90018,R118-P2_P21AEN-1_C00712,R118-P2,R118-P2_P21AEN-1,C4P932200ALJCPP34,GV29364007VN3LN2A,FM7934401UFN0LH1X+V1J,C479353029NMW5D2F,13 00 00 00 02 ,13 00 00 00 00,370,0x0172,3,0x03,2,02,1286,0x0506,A0 02 00 0B 00 0D 00 0B ,0,0x00,33,0x21,33,0x21,Pass,02 01 01 05 49 ,02 01 01 05 49,Read_MLB_Lang :02 01 01 05 49  ,  Get_KBD_Lang :02 01 01 05 49,16,0x10,8704,0,0,0,0,0,0,0,0,0,0,0,0,16777216,0,0,0,0,0,16842752,16777216,0,0,0,0,17372165,100665620,33751040,,,,,,,
FXLH,R118,FTPZF017P3J1,,R118-P2_P21IFR-R3,,FXLH_F05-4FT-02_2_GATEKEEPER,FAIL,10-28-15:57:45,49.92,V1.1.3.2,Check_All_CB,FTPZF017P3J1,Atlas 1.9.2,FTPZF017P3J1,V1.1.3.2,1,3,0,0,0,3,0,0,0,3,0,0,0,3,0,0,0,3,0,0,0,2,0,2,2,0,0,0,0,3,0,1,1,2,0,1,1,3,0,0,0,15 00 00 00 ,FTPZF017P3J1,Pass,DLX938200CNN6R52Y,WMT-J90048,R118-P2_P21IFR-R3_C01290,R118-P2,R118-P2_P21IFR-R3,C4P9347001JJCQ830,GV29363000VP2T02X,FM7934401FJN0LH1Z+V1J,C47935303XZMW5D25,13 00 00 00 02 ,13 00 00 00 00,370,0x0172,3,0x03,2,02,1286,0x0506,A0 02 00 0B 00 0B 00 0B ,0,0x00,,0x0D,,0x0D,Pass,02 01 02 02 4A ,02 01 02 02 4A,Read_MLB_Lang :02 01 02 02 4A  ,  Get_KBD_Lang :02 01 02 02 4A,16,0x10,8704,0,0,0,0,0,0,0,0,0,0,0,0,16777216,0,0,0,0,0,16842752,16777216,0,0,0,0,17372165,100665620,33751040,,,,,13,13,
FXLH,R118,FTPZG00KP3HR,,R118-P2_P21ITA-D9,,FXLH_F05-4FT-02_2_GATEKEEPER,FAIL,10-28-16:06:21,65.62,V1.1.3.2,Check_All_CB,FTPZG00KP3HR,Atlas 1.9.2,FTPZG00KP3HR,V1.1.3.2,1,3,0,0,0,3,0,0,0,3,0,0,0,3,0,0,0,3,0,0,0,2,0,2,2,0,0,0,0,3,0,0,0,2,0,1,1,3,0,0,0,15 00 00 00 ,FTPZG00KP3HR,Pass,DLX937600SKN6R52S,WMT-J90050,R118-P2_P21ITA-D9_C01392,R118-P2,R118-P2_P21ITA-D9,C4P9374002NJCPP39,GV2936400D1N3LN2L,FM7934401DEN0LH19+V1J,CR1935600KGMW5D14,13 00 00 00 02 ,13 00 00 00 00,370,0x0172,3,0x03,2,02,1286,0x0506,A0 02 00 0B 00 0B 00 0B ,0,0x00,33,0x21,33,0x21,Pass,02 01 01 05 49 ,02 01 01 05 49,Read_MLB_Lang :02 01 01 05 49  ,  Get_KBD_Lang :02 01 01 05 49,16,0x10,8704,0,0,0,0,0,0,0,0,0,0,0,0,16777216,0,0,0,0,0,16842752,16777216,0,0,0,0,17372165,100665620,33751040,,,,,,,
FXLH,R118,FTPZF002P3HT,,R118-P2_P21IAR-M7,,FXLH_F05-4FT-02_2_GATEKEEPER,FAIL,10-28-16:15:05,40.05,V1.1.3.2,Check_All_CB,FTPZF002P3HT,Atlas 1.9.2,FTPZF002P3HT,V1.1.3.2,1,3,0,0,0,3,0,0,0,3,0,1,1,3,0,0,0,3,0,4,4,2,0,4,4,0,0,0,0,3,0,3,3,2,0,3,3,3,0,2,2,15 00 00 00 ,FTPZF002P3HT,Pass,DLX9382001WN6R52P,WMT-J90026,R118-P2_P21IAR-M7_C01042,R118-P2,R118-P2_P21IAR-M7,C4P9375002TJCPY3U,GV293720067P2T02Z,FM79344016SN0LH1J+V1J,C4793530511MW5D2P,13 00 00 00 02 ,13 00 00 00 00,370,0x0172,3,0x03,2,02,1286,0x0506,A0 02 00 0B 00 0B 00 0B ,0,0x00,,0x0D,,0x0D,Pass,02 01 02 13 4A ,02 01 02 13 4A,Read_MLB_Lang :02 01 02 13 4A  ,  Get_KBD_Lang :02 01 02 13 4A,16,0x10,8704,0,0,0,0,0,0,0,0,0,0,0,0,16777216,0,0,0,0,0,16842752,16777216,0,0,0,0,17372165,100665620,33751040,,,,,13,13,
FXLH,R118,FTPZF001P3HT,,R118-P2_P21IAR-M7,,FXLH_F05-4FT-02_2_GATEKEEPER,FAIL,10-28-16:16:01,50.20,V1.1.3.2,Check_All_CB,FTPZF001P3HT,Atlas 1.9.2,FTPZF001P3HT,V1.1.3.2,1,3,0,0,0,3,0,0,0,3,0,0,0,3,0,0,0,3,0,13,13,2,0,4,4,0,0,0,0,3,0,1,1,2,0,2,2,3,0,0,0,15 00 00 00 ,FTPZF001P3HT,Pass,DLX93820034N6R529,WMT-J90026,R118-P2_P21IAR-M7_C01041,R118-P2,R118-P2_P21IAR-M7,C4P93750005JCPY3N,GV29372008FP2T02K,FM7934401WCN0LH1U+V1J,CR19356007AMW5D1C,13 00 00 00 02 ,13 00 00 00 00,370,0x0172,3,0x03,2,02,1286,0x0506,A0 02 00 0B 00 0B 00 0B ,0,0x00,,0x0D,,0x0D,Pass,02 01 02 13 4A ,02 01 02 13 4A,Read_MLB_Lang :02 01 02 13 4A  ,  Get_KBD_Lang :02 01 02 13 4A,16,0x10,8704,0,0,0,0,0,0,0,0,0,0,0,0,16777216,0,0,0,0,0,16842752,16777216,0,0,0,0,17372165,100665620,33751040,,,,,13,13,
FXLH,R118,FTPZF003P3HT,,R118-P2_P21IAR-M7,,FXLH_F05-4FT-02_2_GATEKEEPER,FAIL,10-28-16:17:26,53.28,V1.1.3.2,Check_All_CB,FTPZF003P3HT,Atlas 1.9.2,FTPZF003P3HT,V1.1.3.2,1,3,0,0,0,3,0,0,0,3,0,0,0,3,0,0,0,3,0,13,13,2,0,6,6,0,0,0,0,3,0,0,0,3,0,3,3,3,0,0,0,15 00 00 00 ,FTPZF003P3HT,Pass,DLX9382004SN6R52J,WMT-J90026,R118-P2_P21IAR-M7_C01043,R118-P2,R118-P2_P21IAR-M7,C4P9375001HJCPY37,GV29372006LP2T02L,FM7934401Q0N0LH1Q+V1J,CR1935600ECMW5D1P,13 00 00 00 02 ,13 00 00 00 00,370,0x0172,3,0x03,2,02,1286,0x0506,A0 02 00 0B 00 0B 00 0B ,0,0x00,,0x0D,,0x0D,Pass,02 01 02 13 4A ,02 01 02 13 4A,Read_MLB_Lang :02 01 02 13 4A  ,  Get_KBD_Lang :02 01 02 13 4A,16,0x10,8704,0,0,0,0,0,0,0,0,0,0,0,0,16777216,0,0,0,0,0,16842752,16777216,0,0,0,0,17372165,100665620,33751040,,,,,13,13,
FXLH,R118,FTPZF004P3HT,,R118-P2_P21IAR-M7,,FXLH_F05-4FT-02_2_GATEKEEPER,FAIL,10-28-16:25:00,47.01,V1.1.3.2,Check_All_CB,FTPZF004P3HT,Atlas 1.9.2,FTPZF004P3HT,V1.1.3.2,1,3,0,0,0,3,0,0,0,3,0,0,0,3,0,0,0,3,0,10,10,2,0,7,7,0,0,0,0,3,0,0,0,2,0,6,6,3,0,1,1,15 00 00 00 ,FTPZF004P3HT,Pass,DLX9382002CN6R524,WMT-J90026,R118-P2_P21IAR-M7_C01044,R118-P2,R118-P2_P21IAR-M7,C4P9375000PJCPY34,GV29372006NP2T02J,FM7934401R0N0LH1M+V1J,CR193560090MW5D1G,13 00 00 00 02 ,13 00 00 00 00,370,0x0172,3,0x03,2,02,1286,0x0506,A0 02 00 0B 00 0B 00 0B ,0,0x00,,0x0D,,0x0D,Pass,02 01 02 13 4A ,02 01 02 13 4A,Read_MLB_Lang :02 01 02 13 4A  ,  Get_KBD_Lang :02 01 02 13 4A,16,0x10,8704,0,0,0,0,0,0,0,0,0,0,0,0,16777216,0,0,0,0,0,16842752,16777216,0,0,0,0,17372165,100665620,33751040,,,,,13,13,
FXLH,R118,FTPZF010P3HT,,R118-P2_P21IAR-R4,,FXLH_F05-4FT-02_2_GATEKEEPER,FAIL,10-29-14:16:07,51.61,V1.1.3.2,Check_All_CB,FTPZF010P3HT,Atlas 1.9.2,FTPZF010P3HT,V1.1.3.2,1,3,0,0,0,3,0,0,0,3,0,0,0,3,0,0,0,3,0,0,0,2,0,3,3,0,0,0,0,3,0,0,0,2,0,3,3,3,0,0,0,15 00 00 00 ,FTPZF010P3HT,Pass,DLX9375007UN6R527,WMT-J90049,R118-P2_P21IAR-R4_C01304,R118-P2,R118-P2_P21IAR-R4,C4P93750007JCPY3L,GV29367000BP2T02B,FM7934401K5N0LH10+V1J,CR1935600VQMW5D10,13 00 00 00 02 ,13 00 00 00 00,370,0x0172,3,0x03,2,02,1286,0x0506,A0 02 00 0B 00 0B 00 0B ,0,0x00,,0x0D,,0x0D,Pass,02 01 02 13 4A ,02 01 02 13 4A,Read_MLB_Lang :02 01 02 13 4A  ,  Get_KBD_Lang :02 01 02 13 4A,16,0x10,8704,0,0,0,0,0,0,0,0,0,0,0,0,16777216,0,0,0,0,0,16842752,16777216,0,0,0,0,17372165,100665620,33751040,,,,,13,13,
FXLH,R118,FTPZK02KP3J3,,R118-POST P2_P21J-D13-1,,FXLH_F05-4FT-02_2_GATEKEEPER,FAIL,10-30-11:03:29,55.47,V1.1.3.2,Check_All_CB,FTPZK02KP3J3,Atlas 1.9.2,FTPZK02KP3J3,V1.1.3.2,1,3,0,0,0,3,0,0,0,3,0,0,0,3,0,0,0,3,0,0,0,3,0,0,0,0,0,0,0,3,0,0,0,3,0,1,1,3,0,0,0,15 00 00 00 ,FTPZK02KP3J3,Pass,DLX93940062N6R52X,WMT-JA0011,R118-POST P2_P21J-D13-1_C01796,R118-POST P2,R118-POST P2_P21J-D13-1,C4P937400D1JCQV3N,GV293630009P2T12G,FM79383002EN0LH1Y+VCJ,CR1935600X5MW5D1D,13 00 00 00 02 ,13 00 00 00 00,370,0x0172,3,0x03,2,02,1286,0x0506,A0 02 00 0B 00 0B 00 0B ,0,0x00,,0x0F,,0x0F,Pass,02 01 03 03 4B ,02 01 03 03 4B,Read_MLB_Lang :02 01 03 03 4B  ,  Get_KBD_Lang :02 01 03 03 4B,16,0x10,8704,0,0,0,0,0,0,0,0,0,0,0,0,16777216,0,0,0,0,0,16842752,16777216,0,0,0,0,17372165,100665620,33751040,,15,15,,,,
FXLH,R118,FTPZK01RP3J3,,R118-POST P2_P21J-D13-1,,FXLH_F05-4FT-02_2_GATEKEEPER,FAIL,10-30-11:04:56,54.74,V1.1.3.2,Check_All_CB,FTPZK01RP3J3,Atlas 1.9.2,FTPZK01RP3J3,V1.1.3.2,1,3,0,0,0,3,0,0,0,3,0,0,0,3,0,0,0,3,0,0,0,3,0,0,0,0,0,0,0,3,0,1,1,3,0,1,1,3,0,0,0,15 00 00 00 ,FTPZK01RP3J3,Pass,DLX937500F0N6R52B,WMT-JA0011,R118-POST P2_P21J-D13-1_C01778,R118-POST P2,R118-POST P2_P21J-D13-1,C4P937400D5JCQV3J,GV29363000LP2T125,FM79383009GN0LH19+VCJ,CR1935600U1MW5D1S,13 00 00 00 02 ,13 00 00 00 00,370,0x0172,3,0x03,2,02,1286,0x0506,A0 02 00 0B 00 0B 00 0B ,0,0x00,,0x0F,,0x0F,Pass,02 01 03 03 4B ,02 01 03 03 4B,Read_MLB_Lang :02 01 03 03 4B  ,  Get_KBD_Lang :02 01 03 03 4B,16,0x10,8704,0,0,0,0,0,0,0,0,0,0,0,0,16777216,0,0,0,0,0,16842752,16777216,0,0,0,0,17372165,100665620,33751040,,15,15,,,,
FXLH,R118,FTPZD00SP3HR,,R118-P2_P21AEN-M2,,FXLH_F05-4FT-02_2_GATEKEEPER,FAIL,10-31-08:45:42,45.10,V1.1.3.2,Check_All_CB,FTPZD00SP3HR,Atlas 1.9.2,FTPZD00SP3HR,V1.1.3.2,1,0,0,0,0,0,0,0,0,2,0,10,10,3,0,0,0,3,0,2,2,2,0,5,5,0,0,0,0,3,0,0,0,3,0,1,1,3,0,0,0,15 00 00 00 ,FTPZD00SP3HR,Pass,DLX9366007UN6R529,WCT-J90009,R118-P2_P21AEN-M2_C00374,R118-P2,R118-P2_P21AEN-M2,C4P932200MVJCPP3W,GV29363000AN3LN2H,FM7934400UCN0LH11+M1J,CR1935600Z4MW5D18,13 00 00 00 02 ,13 00 00 00 00,370,0x0172,3,0x03,2,02,1286,0x0506,A0 02 00 0B 00 0B 00 0B ,0,0x00,33,0x21,33,0x21,Pass,02 01 01 05 49 ,02 01 01 05 49,Read_MLB_Lang :02 01 01 05 49  ,  Get_KBD_Lang :02 01 01 05 49,16,0x10,8704,0,0,0,0,0,0,0,0,0,0,0,0,16777216,0,0,0,0,0,16842752,16777216,0,0,0,0,17372165,100665620,33751040,,,,,,,
FXLH,R118,FTPZD045P3HR,,R118-P2_P21AEN,,FXLH_F05-4FT-02_2_GATEKEEPER,FAIL,10-31-08:54:03,50.75,V1.1.3.2,Check_All_CB,FTPZD045P3HR,Atlas 1.9.2,FTPZD045P3HR,V1.1.3.2,1,3,0,0,0,3,0,1,1,2,0,4,4,3,0,0,0,3,0,5,5,2,0,3,3,0,0,0,0,3,0,0,0,2,0,3,3,3,0,0,0,15 00 00 00 ,FTPZD045P3HR,Pass,DLX9375006AN6R52U,WCT-J90014,R118-P2_P21AEN_C00525,R118-P2,R118-P2_P21AEN,C4P9322008ZJCPP3X,GV29364001QN3LN2Z,FM7934401REN0LH17+V1J,CR19356014QMW5D16,13 00 00 00 02 ,13 00 00 00 00,370,0x0172,3,0x03,2,02,1286,0x0506,A0 02 00 0B 00 0B 00 0B ,0,0x00,33,0x21,33,0x21,Pass,02 01 01 05 49 ,02 01 01 05 49,Read_MLB_Lang :02 01 01 05 49  ,  Get_KBD_Lang :02 01 01 05 49,16,0x10,8704,0,0,0,0,0,0,0,0,0,0,0,0,16777216,0,0,0,0,0,16842752,16777216,0,0,0,0,17372165,100665620,33751040,,,,,,,
FXLH,R118,FTPZD01VP3J4,,R118-P2_P21AK-M5-1,,FXLH_F05-4FT-02_2_GATEKEEPER,FAIL,10-31-13:41:20,51.45,V1.1.3.2,Check_All_CB,FTPZD01VP3J4,Atlas 1.9.2,FTPZD01VP3J4,V1.1.3.2,1,3,0,0,0,3,0,0,0,3,0,1,1,3,0,0,0,3,0,1,1,2,0,6,6,0,0,0,0,3,0,0,0,2,0,4,4,3,0,0,0,15 00 00 00 ,FTPZD01VP3J4,Pass,DLX93740020N6R52H,WCT-J90011,R118-P2_P21AK-M5-1_C00454,R118-P2,R118-P2_P21AK-M5-1,C4P9322000LJCPV3U,GV29363003LN3LN2Y,FM7934400V4N0LH16+M1J,CR193560164MW5D1L,13 00 00 00 02 ,13 00 00 00 00,370,0x0172,3,0x03,2,02,1286,0x0506,A0 02 00 0B 00 0B 00 0B ,0,0x00,33,0x21,33,0x21,Pass,02 01 01 0F 49 16 16 ,02 01 01 0F 49 16 16,Read_MLB_Lang :02 01 01 0F 49 16 16  ,  Get_KBD_Lang :02 01 01 0F 49 16 16,16,0x10,8704,0,0,0,0,0,0,0,0,0,0,0,0,16777216,0,0,0,0,0,16842752,16777216,0,0,0,0,17372165,100665620,33751040,,,,,,,
FXLH,R118,FTPZD00QP3J4,,R118-P2_P21AK-M4,,FXLH_F05-4FT-02_2_GATEKEEPER,FAIL,10-31-13:43:56,57.33,V1.1.3.2,Check_All_CB,FTPZD00QP3J4,Atlas 1.9.2,FTPZD00QP3J4,V1.1.3.2,1,0,0,0,0,0,0,0,0,3,0,0,0,3,0,0,0,3,0,0,0,2,0,4,4,0,0,0,0,3,0,0,0,2,0,7,7,3,0,0,0,15 00 00 00 ,FTPZD00QP3J4,Pass,DLX936700AHN6R52A,WCT-J9000B,R118-P2_P21AK-M4_C00406,R118-P2,R118-P2_P21AK-M4,C4P9322001NJCPV3P,GV29363004AN3LN25,FM7934400YUN0LH17+M1J,CR19356015FMW5D1C,13 00 00 00 02 ,13 00 00 00 00,370,0x0172,3,0x03,2,02,1286,0x0506,A0 02 00 0B 00 0B 00 0B ,0,0x00,33,0x21,33,0x21,Pass,02 01 01 0F 49 16 16 ,02 01 01 0F 49 16 16,Read_MLB_Lang :02 01 01 0F 49 16 16  ,  Get_KBD_Lang :02 01 01 0F 49 16 16,16,0x10,8704,0,0,0,0,0,0,0,0,0,0,0,0,16777216,0,0,0,0,0,16842752,16777216,0,0,0,0,17372165,100665620,33751040,,,,,,,
FXLH,R118,FTPZD021P3J4,,R118-P2_P21AK-M5-2,,FXLH_F05-4FT-02_2_GATEKEEPER,FAIL,10-31-13:46:20,54.57,V1.1.3.2,Check_All_CB,FTPZD021P3J4,Atlas 1.9.2,FTPZD021P3J4,V1.1.3.2,1,3,0,0,0,3,0,0,0,3,0,0,0,3,0,0,0,3,0,0,0,2,0,6,6,0,0,0,0,3,0,0,0,3,0,1,1,3,0,1,1,15 00 00 00 ,FTPZD021P3J4,Pass,DLX9374001SN6R52U,WCT-J90012,R118-P2_P21AK-M5-2_C00463,R118-P2,R118-P2_P21AK-M5-2,C4P9322004BJCPV3R,GV29363004FN3LN20,FM7934400WKN0LH1N+M1J,CR19356014MMW5D19,13 00 00 00 02 ,13 00 00 00 00,370,0x0172,3,0x03,2,02,1286,0x0506,A0 02 00 0B 00 0B 00 0B ,0,0x00,33,0x21,33,0x21,Pass,02 01 01 0F 49 16 16 ,02 01 01 0F 49 16 16,Read_MLB_Lang :02 01 01 0F 49 16 16  ,  Get_KBD_Lang :02 01 01 0F 49 16 16,16,0x10,8704,0,0,0,0,0,0,0,0,0,0,0,0,16777216,0,0,0,0,0,16842752,16777216,0,0,0,0,17372165,100665620,33751040,,,,,,,
FXLH,R118,FTPZD045P3HR,,R118-P2_P21AEN,,FXLH_F05-4FT-02_2_GATEKEEPER,FAIL,10-31-13:48:49,43.65,V1.1.3.2,Check_All_CB,FTPZD045P3HR,Atlas 1.9.2,FTPZD045P3HR,V1.1.3.2,1,3,0,0,0,3,0,1,1,2,0,4,4,3,0,0,0,3,0,5,5,2,0,5,5,0,0,0,0,3,0,0,0,2,0,4,4,3,0,0,0,15 00 00 00 ,FTPZD045P3HR,Pass,DLX9375006AN6R52U,WCT-J90014,R118-P2_P21AEN_C00525,R118-P2,R118-P2_P21AEN,C4P9322008ZJCPP3X,GV29364001QN3LN2Z,FM7934401REN0LH17+V1J,CR19356014QMW5D16,13 00 00 00 02 ,13 00 00 00 00,370,0x0172,3,0x03,2,02,1286,0x0506,A0 02 00 0B 00 0B 00 0B ,0,0x00,33,0x21,33,0x21,Pass,02 01 01 05 49 ,02 01 01 05 49,Read_MLB_Lang :02 01 01 05 49  ,  Get_KBD_Lang :02 01 01 05 49,16,0x10,8704,0,0,0,0,0,0,0,0,0,0,0,0,16777216,0,0,0,0,0,16842752,16777216,0,0,0,0,17372165,100665620,33751040,,,,,,,
FXLH,R118,FTPZD02DP3HR,,R118-P2_P21AEN,,FXLH_F05-4FT-02_2_GATEKEEPER,FAIL,10-31-13:51:38,44.65,V1.1.3.2,Check_All_CB,FTPZD02DP3HR,Atlas 1.9.2,FTPZD02DP3HR,V1.1.3.2,1,3,0,0,0,3,0,0,0,2,0,4,4,3,0,0,0,2,0,3,3,2,0,4,4,0,0,0,0,3,0,0,0,3,0,1,1,3,0,0,0,15 00 00 00 ,FTPZD02DP3HR,Pass,DLX9375006XN6R527,WCT-J90014,R118-P2_P21AEN_C00584,R118-P2,R118-P2_P21AEN,C4P9322008DJCPP3H,GV29364000JN3LN28,FM7934401PVN0LH1Y+V1J,CR193560189MW5D19,13 00 00 00 02 ,13 00 00 00 00,370,0x0172,3,0x03,2,02,1286,0x0506,A0 02 00 0B 00 0B 00 0B ,0,0x00,33,0x21,33,0x21,Pass,02 01 01 05 49 ,02 01 01 05 49,Read_MLB_Lang :02 01 01 05 49  ,  Get_KBD_Lang :02 01 01 05 49,16,0x10,8704,0,0,0,0,0,0,0,0,0,0,0,0,16777216,0,0,0,0,0,16842752,16777216,0,0,0,0,17372165,100665620,33751040,,,,,,,
FXLH,R118,FTPZF008P3HX,,R118-P2_P21IG-M6,,FXLH_F05-4FT-02_2_GATEKEEPER,FAIL,10-31-13:55:27,53.16,V1.1.3.2,Check_All_CB,FTPZF008P3HX,Atlas 1.9.2,FTPZF008P3HX,V1.1.3.2,1,3,0,0,0,3,0,0,0,3,0,0,0,3,0,0,0,3,0,0,0,2,0,7,7,0,0,0,0,3,0,1,1,2,0,1,1,3,0,0,0,15 00 00 00 ,FTPZF008P3HX,Pass,DLX93820076N6R52V,WCT-J90025,R118-P2_P21IG-M6_C01038,R118-P2,R118-P2_P21IG-M6,C4P9347001BJCQ53A,GV29372004MP2T02R,FM7934401DPN0LH10+V1J,CR193560080MW5D1K,13 00 00 00 02 ,13 00 00 00 00,370,0x0172,3,0x03,2,02,1286,0x0506,A0 02 00 0B 00 0B 00 0B ,0,0x00,,0x0D,,0x0D,Pass,02 01 02 01 4A ,02 01 02 01 4A,Read_MLB_Lang :02 01 02 01 4A  ,  Get_KBD_Lang :02 01 02 01 4A,16,0x10,8704,0,0,0,0,0,0,0,0,0,0,0,0,16777216,0,0,0,0,0,16842752,16777216,0,0,0,0,17372165,100665620,33751040,,,,,13,13,
FXLH,R118,FTPZD00SP3HR,,R118-P2_P21AEN-M2,,FXLH_F05-4FT-02_2_GATEKEEPER,FAIL,10-31-13:57:00,50.14,V1.1.3.2,Check_All_CB,FTPZD00SP3HR,Atlas 1.9.2,FTPZD00SP3HR,V1.1.3.2,1,0,0,0,0,0,0,0,0,2,0,10,10,3,0,0,0,3,0,3,3,2,0,7,7,0,0,0,0,3,0,0,0,3,0,1,1,3,0,0,0,15 00 00 00 ,FTPZD00SP3HR,Pass,DLX9366007UN6R529,WCT-J90009,R118-P2_P21AEN-M2_C00374,R118-P2,R118-P2_P21AEN-M2,C4P932200MVJCPP3W,GV29363000AN3LN2H,FM7934400UCN0LH11+M1J,CR1935600Z4MW5D18,13 00 00 00 02 ,13 00 00 00 00,370,0x0172,3,0x03,2,02,1286,0x0506,A0 02 00 0B 00 0B 00 0B ,0,0x00,33,0x21,33,0x21,Pass,02 01 01 05 49 ,02 01 01 05 49,Read_MLB_Lang :02 01 01 05 49  ,  Get_KBD_Lang :02 01 01 05 49,16,0x10,8704,0,0,0,0,0,0,0,0,0,0,0,0,16777216,0,0,0,0,0,16842752,16777216,0,0,0,0,17372165,100665620,33751040,,,,,,,
FXLH,R118,FTPZD00NP3HR,,R118-P2_P21AEN-M2,,FXLH_F05-4FT-02_2_GATEKEEPER,FAIL,10-31-14:01:57,46.69,V1.1.3.2,Check_All_CB,FTPZD00NP3HR,Atlas 1.9.2,FTPZD00NP3HR,V1.1.3.2,1,0,0,0,0,0,0,0,0,2,0,5,5,3,0,0,0,3,0,1,1,2,0,7,7,0,0,0,0,3,0,0,0,2,0,3,3,3,0,0,0,15 00 00 00 ,FTPZD00NP3HR,Pass,DLX9366006NN6R52J,WCT-J90009,R118-P2_P21AEN-M2_C00371,R118-P2,R118-P2_P21AEN-M2,C4P93220020JCPP3E,GV29363001YN3LN2S,FM7934400V6N0LH14+M1J,CR1935600ZEMW5D1Y,13 00 00 00 02 ,13 00 00 00 00,370,0x0172,3,0x03,2,02,1286,0x0506,A0 02 00 0B 00 0B 00 0B ,0,0x00,33,0x21,33,0x21,Pass,02 01 01 05 49 ,02 01 01 05 49,Read_MLB_Lang :02 01 01 05 49  ,  Get_KBD_Lang :02 01 01 05 49,16,0x10,8704,0,0,0,0,0,0,0,0,0,0,0,0,16777216,0,0,0,0,0,16842752,16777216,0,0,0,0,17372165,100665620,33751040,,,,,,,
FXLH,R118,FTPZF007P3J5,,R118-P2_P21IDU,,FXLH_F05-4FT-02_2_GATEKEEPER,FAIL,10-31-14:03:26,43.53,V1.1.3.2,Check_All_CB,FTPZF007P3J5,Atlas 1.9.2,FTPZF007P3J5,V1.1.3.2,1,3,0,0,0,3,0,0,0,3,0,0,0,3,0,0,0,3,0,5,5,2,0,8,8,0,0,0,0,3,0,0,0,2,0,3,3,3,0,0,0,15 00 00 00 ,FTPZF007P3J5,Pass,DLX9382007ZN6R522,WCT-J90030,R118-P2_P21IDU_C01152,R118-P2,R118-P2_P21IDU,C4P9345000DJCQH31,GV293630046P2T028,FM7934402YZN0LH10+V6J,CR1935600DEMW5D1Q,13 00 00 00 02 ,13 00 00 00 00,370,0x0172,3,0x03,2,02,1286,0x0506,A0 02 00 0B 00 0B 00 0B ,0,0x00,,0x0D,,0x0D,Pass,02 01 02 10 4A ,02 01 02 10 4A,Read_MLB_Lang :02 01 02 10 4A  ,  Get_KBD_Lang :02 01 02 10 4A,16,0x10,8704,0,0,0,0,0,0,0,0,0,0,0,0,16777216,0,0,0,0,0,16842752,16777216,0,0,0,0,17372165,100665620,33751040,,,,,13,13,
FXLH,R118,FTPZD00TP3J4,,R118-P2_P21AK-M4,,FXLH_F05-4FT-02_2_GATEKEEPER,FAIL,10-31-14:06:31,65.74,V1.1.3.2,Check_All_CB,FTPZD00TP3J4,Atlas 1.9.2,FTPZD00TP3J4,V1.1.3.2,1,0,0,0,0,0,0,0,0,3,0,0,0,3,0,0,0,3,0,3,3,2,0,2,2,0,0,0,0,3,0,0,0,2,0,1,1,3,0,0,0,15 00 00 00 ,FTPZD00TP3J4,Pass,DLX93660095N6R52S,WCT-J9000B,R118-P2_P21AK-M4_C00403,R118-P2,R118-P2_P21AK-M4,C4P9322002WJCPV3C,GV29363006EN3LN2V,FM7934400YTN0LH18+M1J,CR1935601NRMW5D1K,13 00 00 00 02 ,13 00 00 00 00,370,0x0172,3,0x03,2,02,1286,0x0506,A0 02 00 0B 00 0B 00 0B ,0,0x00,33,0x21,33,0x21,Pass,02 01 01 0F 49 16 16 ,02 01 01 0F 49 16 16,Read_MLB_Lang :02 01 01 0F 49 16 16  ,  Get_KBD_Lang :02 01 01 0F 49 16 16,16,0x10,8704,0,0,0,0,0,0,0,0,0,0,0,0,16777216,0,0,0,0,0,16842752,16777216,0,0,0,0,17372165,100665620,33751040,,,,,,,
