GATEKEEPER,V1.1.3.2
Site, Product, SerialNumber, Special Build Name, Special Build Description, Unit Number, Station ID, Test Pass/Fail Status, StartTime, EndTime, Version, List of Failing Tests,Scan_FG_SN,Start Data Reporting,Start Data Reporting,Start Data Reporting,Start Data Reporting,Check_All_CB - CB_STATUS_MLB-FCT,Check_All_CB - ABS_ERASE_MLB-FCT,Check_All_CB - ABS_FAIL_MLB-FCT,Check_All_CB - REL_FAIL_MLB-FCT,Check_All_CB - CB_STATUS_TEST1,Check_All_CB - ABS_ERASE_TEST1,Check_All_CB - ABS_FAIL_TEST1,Check_All_CB - REL_FAIL_TEST1,Check_All_CB - CB_STATUS_QT0,Check_All_CB - ABS_ERASE_QT0,Check_All_CB - ABS_FAIL_QT0,Check_All_CB - REL_FAIL_QT0,Check_All_CB - CB_STATUS_DFU2-FTW,Check_All_CB - ABS_ERASE_DFU2-FTW,Check_All_CB - ABS_FAIL_DFU2-FTW,Check_All_CB - REL_FAIL_DFU2-FTW,Check_All_CB - CB_STATUS_QT1,Check_All_CB - ABS_ERASE_QT1,Check_All_CB - ABS_FAIL_QT1,Check_All_CB - REL_FAIL_QT1,Check_All_CB - CB_STATUS_LED-TEST,Check_All_CB - ABS_ERASE_LED-TEST,Check_All_CB - ABS_FAIL_LED-TEST,Check_All_CB - REL_FAIL_LED-TEST,Check_All_CB - CB_STATUS_KEY-FORCE,Check_All_CB - ABS_ERASE_KEY-FORCE,Check_All_CB - ABS_FAIL_KEY-FORCE,Check_All_CB - REL_FAIL_KEY-FORCE,Check_All_CB - CB_STATUS_TEST2,Check_All_CB - ABS_ERASE_TEST2,Check_All_CB - ABS_FAIL_TEST2,Check_All_CB - REL_FAIL_TEST2,Check_All_CB - CB_STATUS_MMI,Check_All_CB - ABS_ERASE_MMI,Check_All_CB - ABS_FAIL_MMI,Check_All_CB - REL_FAIL_MMI,Check_All_CB - CB_STATUS_SW-DOWNLOAD,Check_All_CB - ABS_ERASE_SW-DOWNLOAD,Check_All_CB - ABS_FAIL_SW-DOWNLOAD,Check_All_CB - REL_FAIL_SW-DOWNLOAD,Check_Bootargs_Status,Read_FG_SN,Compare_FG_SN,MLB_SN,WO_SN,UNIT_LBL,BUILD_EVENT,S_BUILD,KBM_SN,BACKLIGHT_SN,TRACKPAD_SN,TOUCH_FLEX_SN,Check_EP_Status,EP_Enable_All,STFW - STFW,STFW,Read_HW_Version - Read_HW_Version,Read_HW_Version,GreenPAK_ID - GreenPAK_ID,GreenPAK_ID,TOUCH_FW - TOUCH_FW,TOUCH_FW,Read_CCG3_FW,Production_Signed_Check - Production_Signed_Check,Production_Signed_Check,Read_KBD_HW_Layout - Read_KBD_HW_Layout,Read_KBD_HW_Layout,Get_KBD_HW_Layout - Read_KBD_HW_Layout,Get_KBD_HW_Layout,Compare_KBD_HW_Layout,Read_MLB_Lang,Get_KBD_Lang,Check_KBD_Lang,Read_MFI_Address - Read_MFI_Address,Read_MFI_Address,System_Critical_Errors - CRIT_ERR_E1_PART1,System_Critical_Errors - CRIT_ERR_E1_PART2,FW_Update_Critical_Errors - CRIT_ERR_E2_PART1,FW_Update_Critical_Errors - CRIT_ERR_E2_PART2,FW_Update_Critical_Errors - CRIT_ERR_E2_PART3,Key_Scan_Critical_Errors - CRIT_ERR_E7_PART1,Key_Scan_Critical_Errors - CRIT_ERR_E7_PART2,Key_Scan_Critical_Errors - CRIT_ERR_E7_PART3,Key_Scan_Critical_Errors - CRIT_ERR_E7_PART4,Key_Scan_Critical_Errors - CRIT_ERR_E7_PART5,USBC_Critical_Errors - CRIT_ERR_E3_PART1,USBC_Critical_Errors - CRIT_ERR_E3_PART2,USBC_Critical_Errors - CRIT_ERR_E3_PART3,USBC_Critical_Errors - CRIT_ERR_E3_PART4,Grape_Critical_Errors - CRIT_ERR_E5_PART1,Grape_Critical_Errors - CRIT_ERR_E5_PART2,Grape_Critical_Errors - CRIT_ERR_E5_PART3,Grape_Critical_Errors - CRIT_ERR_E5_PART4,Grape_Critical_Errors - CRIT_ERR_E5_PART5,Grape_Critical_Errors - CRIT_ERR_E5_PART6,Grape_Critical_Errors - CRIT_ERR_E5_PART7,Grape_Critical_Errors - CRIT_ERR_E5_PART8,Grape_Critical_Errors - CRIT_ERR_E5_PART9,Grape_Critical_Errors - CRIT_ERR_E5_PART10,Critical_Errors_Summary - CRIT_ERR_E0_PART1,Grape_Connector_Self_Critical_Errors - CRIT_ERR_D3_PART1,Grape_Connector_Self_Critical_Errors - CRIT_ERR_D3_PART2,Grape_Connector_Self_Critical_Errors - CRIT_ERR_D3_PART3,+,Read_KBD_HW_Layout - Read_KBD_HW_Layout,Get_KBD_HW_Layout - Read_KBD_HW_Layout,
Upper Limited-------->,,,,,,,,,,,,,,,,,3,,,,3,,,,3,,,,3,,,,3,,,,3,,,,3,,,,3,,,,3,,,,3,,,,,,,,,,,,,,,,,,560,,3,,2,,1298,,,0,,33,,33,,,,,,16,,,,,,,,,,,,,,,,,,,,,,,,,,,,,,,13,13,
Lower Limited-------->,,,,,,,,,,,,,,,,,3,,,,3,,,,3,,,,3,,,,3,,,,3,,,,3,,,,3,,,,3,,,,3,,,,,,,,,,,,,,,,,,560,,3,,2,,1298,,,0,,33,,33,,,,,,16,,,,,,,,,,,,,,,,,,,,,,,,,,,,,,,13,13,
Measurement Units---->,,,,,,,,,,,,,,,,,,,,,,,,,,,,,,,,,,,,,,,,,,,,,,,,,,,,,,,,,,,,,,,,,,,,,,,,,,,,,,,,,,,,,,,,,,,,,,,,,,,,,,,,,,,,,,,,,,,,,,,,,,,
FXLH,R118,FTPZD00VP3J4,,R118-P2_P21AK-M4,,FXLH_F05-4FT-02_2_GATEKEEPER,FAIL,11-07-16:06:14,76.87,V1.1.3.2,Check_All_CB; Key_Scan_Critical_Errors; Grape_Critical_Errors; Backlight_Critical_Errors,FTPZD00VP3J4,Atlas 1.9.2,FTPZD00VP3J4,V1.1.3.2,1,0,0,0,0,0,0,0,0,3,0,0,0,3,0,0,0,3,0,0,0,2,0,1,1,0,0,0,0,3,0,1,1,3,0,0,0,3,0,0,0,15 00 00 00 ,FTPZD00VP3J4,Pass,DLX936700ARN6R522,WCT-J9000B,R118-P2_P21AK-M4_C00401,R118-P2,R118-P2_P21AK-M4,C4P9322004WJCPV36,GV29347006DN3LN2Y,FM7934400ZAN0LH1N+M1J,CR19356013MMW5D1C,13 00 00 00 01 ,13 00 00 00 00,560,0x0230,3,0x03,2,02,1298,0x0512,A0 02 00 0B 00 00 00 0B ,0,0x00,33,0x21,33,0x21,Pass,02 01 01 0F 49 16 16 ,02 01 01 0F 49 16 16,Read_MLB_Lang :02 01 01 0F 49 16 16  ,  Get_KBD_Lang :02 01 01 0F 49 16 16,16,0x10,8704,0,0,0,0,0,0,0,0,0,0,0,0,0,16777216,0,0,0,0,0,16842752,16777216,0,0,0,17372165,301992212,4060217344,,,,
FXLH,R118,FTPZD00VP3J4,,R118-P2_P21AK-M4,,FXLH_F05-4FT-02_2_GATEKEEPER,FAIL,11-07-16:18:24,74.85,V1.1.3.2,Check_All_CB; Key_Scan_Critical_Errors; Grape_Critical_Errors; Backlight_Critical_Errors,FTPZD00VP3J4,Atlas 1.9.2,FTPZD00VP3J4,V1.1.3.2,1,0,0,0,0,0,0,0,0,3,0,0,0,3,0,0,0,3,0,0,0,2,0,1,1,0,0,0,0,3,0,1,1,3,0,0,0,3,0,0,0,15 00 00 00 ,FTPZD00VP3J4,Pass,DLX936700ARN6R522,WCT-J9000B,R118-P2_P21AK-M4_C00401,R118-P2,R118-P2_P21AK-M4,C4P9322004WJCPV36,GV29347006DN3LN2Y,FM7934400ZAN0LH1N+M1J,CR19356013MMW5D1C,13 00 00 00 00 ,13 00 00 00 00,560,0x0230,3,0x03,2,02,1298,0x0512,A0 02 00 0B 00 00 00 0B ,0,0x00,33,0x21,33,0x21,Pass,02 01 01 0F 49 16 16 ,02 01 01 0F 49 16 16,Read_MLB_Lang :02 01 01 0F 49 16 16  ,  Get_KBD_Lang :02 01 01 0F 49 16 16,16,0x10,8704,0,0,0,0,0,0,0,0,0,0,0,0,0,16777216,0,0,0,0,0,16842752,16777216,0,0,0,17372165,301992212,4060217344,,,,
FXLH,R118,FTPZD00VP3J4,,R118-P2_P21AK-M4,,FXLH_F05-4FT-02_2_GATEKEEPER,FAIL,11-07-16:19:53,83.86,V1.1.3.2,Check_All_CB; Key_Scan_Critical_Errors; Grape_Critical_Errors; Backlight_Critical_Errors,FTPZD00VP3J4,Atlas 1.9.2,FTPZD00VP3J4,V1.1.3.2,1,0,0,0,0,0,0,0,0,3,0,0,0,3,0,0,0,3,0,0,0,2,0,1,1,0,0,0,0,3,0,1,1,3,0,0,0,3,0,0,0,15 00 00 00 ,FTPZD00VP3J4,Pass,DLX936700ARN6R522,WCT-J9000B,R118-P2_P21AK-M4_C00401,R118-P2,R118-P2_P21AK-M4,C4P9322004WJCPV36,GV29347006DN3LN2Y,FM7934400ZAN0LH1N+M1J,CR19356013MMW5D1C,13 00 00 00 00 ,13 00 00 00 00,560,0x0230,3,0x03,2,02,1298,0x0512,A0 02 00 0B 00 00 00 0B ,0,0x00,33,0x21,33,0x21,Pass,02 01 01 0F 49 16 16 ,02 01 01 0F 49 16 16,Read_MLB_Lang :02 01 01 0F 49 16 16  ,  Get_KBD_Lang :02 01 01 0F 49 16 16,16,0x10,8704,0,0,0,0,0,0,0,0,0,0,0,0,0,16777216,0,0,0,0,0,16842752,16777216,0,0,0,17372165,301992212,4060217344,,,,
FXLH,R118,FTPZD00VP3J4,,R118-P2_P21AK-M4,,FXLH_F05-4FT-02_2_GATEKEEPER,FAIL,11-07-16:21:31,70.12,V1.1.3.2,Check_All_CB; Key_Scan_Critical_Errors; Grape_Critical_Errors; Backlight_Critical_Errors,FTPZD00VP3J4,Atlas 1.9.2,FTPZD00VP3J4,V1.1.3.2,1,0,0,0,0,0,0,0,0,3,0,0,0,3,0,0,0,3,0,0,0,2,0,1,1,0,0,0,0,3,0,1,1,3,0,0,0,3,0,0,0,15 00 00 00 ,FTPZD00VP3J4,Pass,DLX936700ARN6R522,WCT-J9000B,R118-P2_P21AK-M4_C00401,R118-P2,R118-P2_P21AK-M4,C4P9322004WJCPV36,GV29347006DN3LN2Y,FM7934400ZAN0LH1N+M1J,CR19356013MMW5D1C,13 00 00 00 00 ,13 00 00 00 00,560,0x0230,3,0x03,2,02,1298,0x0512,A0 02 00 0B 00 00 00 0B ,0,0x00,33,0x21,33,0x21,Pass,02 01 01 0F 49 16 16 ,02 01 01 0F 49 16 16,Read_MLB_Lang :02 01 01 0F 49 16 16  ,  Get_KBD_Lang :02 01 01 0F 49 16 16,16,0x10,8704,0,0,0,0,0,0,0,0,0,0,0,0,0,16777216,0,0,0,0,0,16842752,16777216,0,0,0,17372165,301992212,4060217344,,,,
FXLH,R118,FTPZF00DP3J1,,R118-P2_P21IFR,,FXLH_F05-4FT-02_2_GATEKEEPER,FAIL,11-07-16:23:06,83.48,V1.1.3.2,Check_All_CB; Key_Scan_Critical_Errors; Grape_Critical_Errors; Backlight_Critical_Errors,FTPZF00DP3J1,Atlas 1.9.2,FTPZF00DP3J1,V1.1.3.2,1,3,0,0,0,3,0,0,0,3,0,0,0,3,0,0,0,3,0,8,8,2,0,4,4,0,0,0,0,3,0,0,0,3,0,1,1,3,0,0,0,15 00 00 00 ,FTPZF00DP3J1,Pass,DLX9382006HN6R52M,WCT-J9002B,R118-P2_P21IFR_C01107,R118-P2,R118-P2_P21IFR,C4P9347000HJCQ834,GV293720003P2T02M,FM7934401MGN0LH1H+V1J,C4793530771MW5D23,13 00 00 00 01 ,13 00 00 00 00,560,0x0230,3,0x03,2,02,1298,0x0512,A0 01 00 0B 00 0F 00 0B ,0,0x00,,0x0D,,0x0D,Pass,02 01 02 02 4A ,02 01 02 02 4A,Read_MLB_Lang :02 01 02 02 4A  ,  Get_KBD_Lang :02 01 02 02 4A,16,0x10,8704,0,0,0,0,0,0,0,0,0,0,0,0,0,16777216,0,0,0,0,0,16842752,16777216,0,0,0,17372165,301992212,4060217344,,13,13,
FXLH,R118,FTPZF00DP3J1,,R118-P2_P21IFR,,FXLH_F05-4FT-02_2_GATEKEEPER,FAIL,11-07-16:25:19,84.13,V1.1.3.2,Check_All_CB; Key_Scan_Critical_Errors; Grape_Critical_Errors; Backlight_Critical_Errors,FTPZF00DP3J1,Atlas 1.9.2,FTPZF00DP3J1,V1.1.3.2,1,3,0,0,0,3,0,0,0,3,0,0,0,3,0,0,0,3,0,8,8,2,0,4,4,0,0,0,0,3,0,0,0,3,0,1,1,3,0,0,0,15 00 00 00 ,FTPZF00DP3J1,Pass,DLX9382006HN6R52M,WCT-J9002B,R118-P2_P21IFR_C01107,R118-P2,R118-P2_P21IFR,C4P9347000HJCQ834,GV293720003P2T02M,FM7934401MGN0LH1H+V1J,C4793530771MW5D23,13 00 00 00 00 ,13 00 00 00 00,560,0x0230,3,0x03,2,02,1298,0x0512,A0 01 00 0B 00 0F 00 0B ,0,0x00,,0x0D,,0x0D,Pass,02 01 02 02 4A ,02 01 02 02 4A,Read_MLB_Lang :02 01 02 02 4A  ,  Get_KBD_Lang :02 01 02 02 4A,16,0x10,8704,0,0,0,0,0,0,0,0,0,0,0,0,0,16777216,0,0,0,0,0,16842752,16777216,0,0,0,17372165,301992212,4060217344,,13,13,
FXLH,R118,FTPZF00DP3J1,,R118-P2_P21IFR,,FXLH_F05-4FT-02_2_GATEKEEPER,FAIL,11-07-16:27:13,73.07,V1.1.3.2,Check_All_CB; Key_Scan_Critical_Errors; Grape_Critical_Errors; Backlight_Critical_Errors,FTPZF00DP3J1,Atlas 1.9.2,FTPZF00DP3J1,V1.1.3.2,1,3,0,0,0,3,0,0,0,3,0,0,0,3,0,0,0,3,0,8,8,2,0,4,4,0,0,0,0,3,0,0,0,3,0,1,1,3,0,0,0,15 00 00 00 ,FTPZF00DP3J1,Pass,DLX9382006HN6R52M,WCT-J9002B,R118-P2_P21IFR_C01107,R118-P2,R118-P2_P21IFR,C4P9347000HJCQ834,GV293720003P2T02M,FM7934401MGN0LH1H+V1J,C4793530771MW5D23,13 00 00 00 00 ,13 00 00 00 00,560,0x0230,3,0x03,2,02,1298,0x0512,A0 01 00 0B 00 0F 00 0B ,0,0x00,,0x0D,,0x0D,Pass,02 01 02 02 4A ,02 01 02 02 4A,Read_MLB_Lang :02 01 02 02 4A  ,  Get_KBD_Lang :02 01 02 02 4A,16,0x10,8704,0,0,0,0,0,0,0,0,0,0,0,0,0,16777216,0,0,0,0,0,16842752,16777216,0,0,0,17372165,301992212,4060217344,,13,13,
