Related Test,Name-1,Name-2,Name-3,Status,Info,Measurement,Units,Upper Limit,Lower Limit,Relaxed Upper Limit,Relaxed Lower Limit,Limit Units,Start Time,End Time,Duration (s)
1. Process,,,,,,,,,,,,,Jan 14 2020 7:46:46.9910 PM,Jan 14 2020 7:46:47.0270 PM,.0359
1. Process,Copy TestPlan To LogDir,Copy TestPlan To LogDir,,PASS,,,,,,,,,Jan 14 2020 7:46:46.9980 PM,Jan 14 2020 7:46:46.9980 PM,0
1. Process,Copy TestPlan To LogDir,Copy rushFile To Folder,cp -r /Users/gdlocal/Library/Atlas/Sequences /vault/Atlas/Hyperion/Unit_1_AB86A3/AtlasLogs,PASS,,,,,,,,,Jan 14 2020 7:46:46.9990 PM,Jan 14 2020 7:46:47.0100 PM,.0112
1. Process,Copy TestPlan To LogDir,Copy CSVFile To Folder,cp -r /Users/gdlocal/Library/Atlas/Resources /vault/Atlas/Hyperion/Unit_1_AB86A3/AtlasLogs,PASS,,,,,,,,,Jan 14 2020 7:46:47.0120 PM,Jan 14 2020 7:46:47.0250 PM,.0135
2. SPAM,,,,,,,,,,,,,Jan 14 2020 7:46:47.0290 PM,Jan 14 2020 7:46:50.5570 PM,3.5275
2. SPAM,FIXTURE_SETUP,Disable SPAM Debug Power,/Users/gdlocal/scripts/spamtool dbgpwroff /dev/cu.usbserial-A908X8CJ,PASS,,,,,,,,,Jan 14 2020 7:46:48.5480 PM,Jan 14 2020 7:46:48.5480 PM,0
2. SPAM,FIXTURE_SETUP,Delay 2000ms,,PASS,,,,,,,,,Jan 14 2020 7:46:48.5510 PM,Jan 14 2020 7:46:48.5510 PM,0
3. INIT,,,,,,,,,,,,,Jan 14 2020 7:46:50.5590 PM,Jan 14 2020 7:46:51.1940 PM,.6351
3. INIT,CONSOLE_SETTING,Delay 100ms,,PASS,,,,,,,,,Jan 14 2020 7:46:50.5610 PM,Jan 14 2020 7:46:50.5610 PM,0
3. INIT,CONSOLE_SETTING,EFIDut,open,PASS,,,,,,,,,Jan 14 2020 7:46:50.6680 PM,Jan 14 2020 7:46:51.1030 PM,.4359
3. INIT,CONSOLE_SETTING,EFIDut,syncCmdResp,PASS,,,,,,,,,Jan 14 2020 7:46:51.1070 PM,Jan 14 2020 7:46:51.1480 PM,.0407
3. INIT,CONSOLE_SETTING,Disable consoleformat color,[EFIDut] consoleformat --sink serial --dis --o color,PASS,,,,,,,,,Jan 14 2020 7:46:51.1520 PM,Jan 14 2020 7:46:51.1930 PM,.0412
4. FIXTURE,,,,,,,,,,,,,Jan 14 2020 7:46:51.1960 PM,Jan 14 2020 7:46:53.8130 PM,2.6178
4. FIXTURE,FIXTURE_SETUP-2,Fixture,changeDelimiter,PASS,,,,,,,,,Jan 14 2020 7:46:51.1990 PM,Jan 14 2020 7:46:51.1990 PM,0
4. FIXTURE,FIXTURE_SETUP-2,Fixture,changeLineTerminator,PASS,,,,,,,,,Jan 14 2020 7:46:51.2010 PM,Jan 14 2020 7:46:51.2010 PM,0
4. FIXTURE,FIXTURE_SETUP-2,Fixture,open,PASS,,,,,,,,,Jan 14 2020 7:46:51.2020 PM,Jan 14 2020 7:46:51.2340 PM,.0311
4. FIXTURE,FIXTURE_SETUP-2,Fixture,read,PASS,,,,,,,,,Jan 14 2020 7:46:51.2350 PM,Jan 14 2020 7:46:51.2560 PM,.0208
4. FIXTURE,FIXTURE_SETUP-2,Fixture Reset,[Fixture] Reset,PASS,,,,,,,,,Jan 14 2020 7:46:51.4650 PM,Jan 14 2020 7:46:53.5730 PM,2.1075
4. FIXTURE,FIXTURE_SETUP-2,Fixture speaker module on,[Fixture] Push Cy on,PASS,,,,,,,,,Jan 14 2020 7:46:53.5780 PM,Jan 14 2020 7:46:53.8120 PM,.2346
5. Process,,,,,,,,,,,,,Jan 14 2020 7:46:53.8150 PM,Jan 14 2020 7:46:53.8620 PM,.0467
5. Process,Set RTC,Set 'time' with value '20200114114653',,PASS,,,,,,,,,Jan 14 2020 7:46:53.8240 PM,Jan 14 2020 7:46:53.8240 PM,0
5. Process,Set RTC,Set RTC,[EFIDut] rtc --set 20200114114653,PASS,,,,,,,,,Jan 14 2020 7:46:53.8270 PM,Jan 14 2020 7:46:53.8610 PM,.0337
6. INIT,,,,,,,,,,,,,Jan 14 2020 7:46:53.8640 PM,Jan 14 2020 7:46:54.0040 PM,.1404
6. INIT,ALIAS_SETTING,Alias Setting,[EFIDut] script radios.txt,PASS,,,,,,,,,Jan 14 2020 7:46:53.8660 PM,Jan 14 2020 7:46:54.0030 PM,.1365
7. INIT,,,,,,,,,,,,,Jan 14 2020 7:46:54.0060 PM,Jan 14 2020 7:46:54.0360 PM,.03
7. INIT,GET_SW_INFO,Turn off thermal monitor,[EFIDut] thermalmonitor --off,PASS,,,,,,,,,Jan 14 2020 7:46:54.0090 PM,Jan 14 2020 7:46:54.0350 PM,.0263
8. INIT,,,,,,,,,,,,,Jan 14 2020 7:46:54.0380 PM,Jan 14 2020 7:46:54.4890 PM,.4516
8. INIT,SPAM_SETTING,Turn off Spam device,[EFIDut] device -k Spam -e init;device -k Spam -e stop,PASS,,,,,,,,,Jan 14 2020 7:46:54.0410 PM,Jan 14 2020 7:46:54.4880 PM,.4476
9. INIT,,,,,,,,,,,,,Jan 14 2020 7:46:54.4910 PM,Jan 14 2020 7:46:56.7890 PM,2.2975
9. INIT,GET_SW_INFO_1,Delay 2000ms,,PASS,,,,,,,,,Jan 14 2020 7:46:54.4930 PM,Jan 14 2020 7:46:54.4930 PM,0
9. INIT,GET_SW_INFO_1,Read EFI Diags Version,[EFIDut] version,PASS,,,,,,,,,Jan 14 2020 7:46:56.4970 PM,Jan 14 2020 7:46:56.5560 PM,.0589
9. INIT,GET_SW_INFO_1,DIAGS_VERSION,,PASS,,,,,,,,,Jan 14 2020 7:46:56.5590 PM,Jan 14 2020 7:46:56.5590 PM,0
9. INIT,GET_SW_INFO_1,DIAGS_BUILD_TIMESTAMP,,PASS,,,,,,,,,Jan 14 2020 7:46:56.5620 PM,Jan 14 2020 7:46:56.5620 PM,0
9. INIT,GET_SW_INFO_1,Read Software Info,[EFIDut] blockdevice,PASS,,,,,,,,,Jan 14 2020 7:46:56.5650 PM,Jan 14 2020 7:46:56.6730 PM,.1077
9. INIT,GET_SW_INFO_1,BLOCK_DEVICE,,PASS,,,,,,,,,Jan 14 2020 7:46:56.6760 PM,Jan 14 2020 7:46:56.6760 PM,0
9. INIT,GET_SW_INFO_1,Read MLB Serial Number,[EFIDut] syscfg print MLB#,PASS,,,,,,,,,Jan 14 2020 7:46:56.6790 PM,Jan 14 2020 7:46:56.7210 PM,.0415
9. INIT,GET_SW_INFO_1,MLBSN,,PASS,,,,,,,,,Jan 14 2020 7:46:56.7240 PM,Jan 14 2020 7:46:56.7240 PM,0
9. INIT,GET_SW_INFO_1,Read MLB Board REV,[EFIDut] boardrev,PASS,,,,,,,,,Jan 14 2020 7:46:56.7270 PM,Jan 14 2020 7:46:56.7530 PM,.026
9. INIT,GET_SW_INFO_1,BOARD_REV,,PASS,,,,,,,,,Jan 14 2020 7:46:56.7560 PM,Jan 14 2020 7:46:56.7560 PM,0
9. INIT,GET_SW_INFO_1,Read MLB Board ID,[EFIDut] boardid,PASS,,,,,,,,,Jan 14 2020 7:46:56.7590 PM,Jan 14 2020 7:46:56.7850 PM,.0259
9. INIT,GET_SW_INFO_1,BOARD_ID,,PASS,,,,,,,,,Jan 14 2020 7:46:56.7880 PM,Jan 14 2020 7:46:56.7880 PM,0
10. INIT,,,,,,,,,,,,,Jan 14 2020 7:46:56.7910 PM,Jan 14 2020 7:46:56.7930 PM,.0025
10. INIT,GET_INFO,Set DUT type -N142B,,PASS,,,,,,,,,Jan 14 2020 7:46:56.7930 PM,Jan 14 2020 7:46:56.7930 PM,0
11. INIT,,,,,,,,,,,,,Jan 14 2020 7:46:56.7950 PM,Jan 14 2020 7:46:57.2010 PM,.4064
11. INIT,GET_COMP_INFO,Read SOC Properties,[EFIDut] soc -p,PASS,,,,,,,,,Jan 14 2020 7:46:56.7980 PM,Jan 14 2020 7:46:56.9340 PM,.1364
11. INIT,GET_COMP_INFO,SOC_PROP_FUSE_REV,,PASS,,,,,,,,,Jan 14 2020 7:46:56.9390 PM,Jan 14 2020 7:46:56.9390 PM,0
11. INIT,GET_COMP_INFO,SOC_PROP_PRODUCTION_MODE,,PASS,,,,,,,,,Jan 14 2020 7:46:56.9420 PM,Jan 14 2020 7:46:56.9420 PM,0
11. INIT,GET_COMP_INFO,SOC_PROP_REVISION,,PASS,,,,,,,,,Jan 14 2020 7:46:56.9460 PM,Jan 14 2020 7:46:56.9460 PM,0
11. INIT,GET_COMP_INFO,Read SOC Chip ID,[EFIDut] chipid,PASS,,,,,,,,,Jan 14 2020 7:46:56.9490 PM,Jan 14 2020 7:46:56.9970 PM,.0484
11. INIT,GET_COMP_INFO,CHIPID,,PASS,,,,,,,,,Jan 14 2020 7:46:57.0010 PM,Jan 14 2020 7:46:57.0010 PM,0
11. INIT,GET_COMP_INFO,CHIPVER,,PASS,,,,,,,,,Jan 14 2020 7:46:57.0040 PM,Jan 14 2020 7:46:57.0040 PM,0
11. INIT,GET_COMP_INFO,Read SOC Bin Data,[EFIDut] soc -p list-perf-state,PASS,,,,,,,,,Jan 14 2020 7:46:57.0070 PM,Jan 14 2020 7:46:57.1450 PM,.1385
11. INIT,GET_COMP_INFO,SOC_BIN_VOLTAGE_0,,PASS,,600,NA,,,,,,Jan 14 2020 7:46:57.1490 PM,Jan 14 2020 7:46:57.1490 PM,0
11. INIT,GET_COMP_INFO,Read PMU ID Registers,[EFIDut] pmureg -r 0 0x00 3,PASS,,,,,,,,,Jan 14 2020 7:46:57.1520 PM,Jan 14 2020 7:46:57.1920 PM,.0397
11. INIT,GET_COMP_INFO,PMU_ID0_MASKREV,,PASS,,,,,,,,,Jan 14 2020 7:46:57.1950 PM,Jan 14 2020 7:46:57.1950 PM,0
11. INIT,GET_COMP_INFO,PMU_ID1_TRIMREV,,PASS,,,,,,,,,Jan 14 2020 7:46:57.1980 PM,Jan 14 2020 7:46:57.1980 PM,0
11. INIT,GET_COMP_INFO,PMU_ID2_PLATFORMID,,PASS,,,,,,,,,Jan 14 2020 7:46:57.2010 PM,Jan 14 2020 7:46:57.2010 PM,0
12. POWER,,,,,,,,,,,,,Jan 14 2020 7:46:57.2040 PM,Jan 14 2020 7:46:57.6240 PM,.4199
12. POWER,QUIESCE_SYSTEM,Turn OFF General Modules (Codec),[EFIDut] audio -r;audio -f,PASS,,,,,,,,,Jan 14 2020 7:46:57.2070 PM,Jan 14 2020 7:46:57.3790 PM,.172
12. POWER,QUIESCE_SYSTEM,Turn OFF General Modules (socpdm),[EFIDut] audio -f socpdm;,PASS,,,,,,,,,Jan 14 2020 7:46:57.3820 PM,Jan 14 2020 7:46:57.4220 PM,.0392
12. POWER,QUIESCE_SYSTEM,"Turn OFF Sensors (accel,gyro)","[EFIDut] sensor --sel accel,gyro --turnoff",PASS,,,,,,,,,Jan 14 2020 7:46:57.4250 PM,Jan 14 2020 7:46:57.5310 PM,.1054
12. POWER,QUIESCE_SYSTEM,Turn OFF Sensors (lisa),[EFIDut] sensor --sel lisa --turnoff,PASS,,,,,,,,,Jan 14 2020 7:46:57.5340 PM,Jan 14 2020 7:46:57.5780 PM,.0434
12. POWER,QUIESCE_SYSTEM,Turn OFF Sensors (platinum),[EFIDut] sensor --sel platinum --turnoff,PASS,,,,,,,,,Jan 14 2020 7:46:57.5810 PM,Jan 14 2020 7:46:57.6230 PM,.0413
13. INIT,,,,,,,,,,,,,Jan 14 2020 7:46:57.6260 PM,Jan 14 2020 7:46:57.7350 PM,.1099
13. INIT,QUERY_SFC_WRITE_SYSCFG,SFCSupport,getAttributes,PASS,,,,,,,,,Jan 14 2020 7:46:57.6290 PM,Jan 14 2020 7:46:57.6520 PM,.0233
13. INIT,QUERY_SFC_WRITE_SYSCFG,qt_fg_sn,,PASS,,,,,,,,,Jan 14 2020 7:46:57.6530 PM,Jan 14 2020 7:46:57.6530 PM,0
13. INIT,QUERY_SFC_WRITE_SYSCFG,Write SN,[EFIDut] syscfg add SrNm NGQ97FH9XC,PASS,,,,,,,,,Jan 14 2020 7:46:57.6590 PM,Jan 14 2020 7:46:57.7340 PM,.0757
14. INIT,,,,,,,,,,,,,Jan 14 2020 7:46:57.7370 PM,Jan 14 2020 7:46:57.7880 PM,.0509
14. INIT,GET_SYS_INFO,Read Unit Serial Number,[EFIDut] syscfg print SrNm,PASS,,,,,,,,,Jan 14 2020 7:46:57.7400 PM,Jan 14 2020 7:46:57.7810 PM,.0414
14. INIT,GET_SYS_INFO,UNIT_SN,,PASS,,,,,,,,,Jan 14 2020 7:46:57.7850 PM,Jan 14 2020 7:46:57.7850 PM,0
14. INIT,GET_SYS_INFO,The middle of SN#,,PASS,,,,,,,,,Jan 14 2020 7:46:57.7880 PM,Jan 14 2020 7:46:57.7880 PM,0
15. Process,,,,,,,,,,,,,Jan 14 2020 7:46:57.7900 PM,Jan 14 2020 7:46:57.9040 PM,.1135
15. Process,Dut Close,EFIDut,close,PASS,,,,,,,,,Jan 14 2020 7:46:57.7950 PM,Jan 14 2020 7:46:57.7950 PM,.0004
15. Process,Dut Close,Delay 100ms,,PASS,,,,,,,,,Jan 14 2020 7:46:57.7980 PM,Jan 14 2020 7:46:57.7980 PM,0
16. Process,,,,,,,,,,,,,Jan 14 2020 7:46:57.9060 PM,Jan 14 2020 7:46:57.9330 PM,.0266
16. Process,Start Data Reporting,DRCB,StartDataReporting,PASS,,,,,,,,,Jan 14 2020 7:46:57.9160 PM,Jan 14 2020 7:46:57.9310 PM,.0153
17. Process,,,,,,,,,,,,,Jan 14 2020 7:46:57.9350 PM,Jan 14 2020 7:46:58.3520 PM,.4176
17. Process,Start Control Bits,EFIDut,open,PASS,,,,,,,,,Jan 14 2020 7:46:57.9380 PM,Jan 14 2020 7:46:57.9900 PM,.0524
17. Process,Start Control Bits,EFIDut,close,PASS,,,,,,,,,Jan 14 2020 7:46:57.9940 PM,Jan 14 2020 7:46:57.9950 PM,.0004
17. Process,Start Control Bits,DRCB,StartControlBits,PASS,,,,,,,,,Jan 14 2020 7:46:58.0000 PM,Jan 14 2020 7:46:58.3510 PM,.3516
18. Process,,,,,,,,,,,,,Jan 14 2020 7:46:58.3540 PM,Jan 14 2020 7:46:58.5690 PM,.215
18. Process,Dut Open,Delay 100ms,,PASS,,,,,,,,,Jan 14 2020 7:46:58.3560 PM,Jan 14 2020 7:46:58.3560 PM,0
18. Process,Dut Open,EFIDut,open,PASS,,,,,,,,,Jan 14 2020 7:46:58.4630 PM,Jan 14 2020 7:46:58.5250 PM,.0621
18. Process,Dut Open,EFIDut,syncCmdResp,PASS,,,,,,,,,Jan 14 2020 7:46:58.5290 PM,Jan 14 2020 7:46:58.5680 PM,.0393
19. INIT,,,,,,,,,,,,,Jan 14 2020 7:46:58.5710 PM,Jan 14 2020 7:46:58.6830 PM,.1123
19. INIT,GET_MLB_INFO,GET_MLB_INFO,[EFIDut] syscfg print CFG#,PASS,,,,,,,,,Jan 14 2020 7:46:58.5730 PM,Jan 14 2020 7:46:58.6800 PM,.1061
20. INIT,,,,,,,,,,,,,Jan 14 2020 7:46:58.6850 PM,Jan 14 2020 7:47:00.0230 PM,1.3381
20. INIT,QUERY_SFC_WRITE_SYSCFG_1,SFCSupport,getAttributes,PASS,,,,,,,,,Jan 14 2020 7:46:58.6880 PM,Jan 14 2020 7:46:58.6920 PM,.0034
20. INIT,QUERY_SFC_WRITE_SYSCFG_1,sbuild,,PASS,,,,,,,,,Jan 14 2020 7:46:58.6920 PM,Jan 14 2020 7:46:58.6920 PM,0
20. INIT,QUERY_SFC_WRITE_SYSCFG_1,SFCSupport,getAttributes-2,PASS,,,,,,,,,Jan 14 2020 7:46:58.6960 PM,Jan 14 2020 7:46:58.6990 PM,.0034
20. INIT,QUERY_SFC_WRITE_SYSCFG_1,config,,PASS,,,,,,,,,Jan 14 2020 7:46:58.7000 PM,Jan 14 2020 7:46:58.7000 PM,0
20. INIT,QUERY_SFC_WRITE_SYSCFG_1,Get Housing Config,,PASS,,,,,,,,,Jan 14 2020 7:46:58.7030 PM,Jan 14 2020 7:46:58.7030 PM,0
20. INIT,QUERY_SFC_WRITE_SYSCFG_1,Read MLB CFG,[EFIDut] syscfg print CFG#,PASS,,,,,,,,,Jan 14 2020 7:46:58.7060 PM,Jan 14 2020 7:46:58.7440 PM,.0377
20. INIT,QUERY_SFC_WRITE_SYSCFG_1,MLB_CFG_INITIAL,,PASS,,,,,,,,,Jan 14 2020 7:46:58.7490 PM,Jan 14 2020 7:46:58.7490 PM,0
20. INIT,QUERY_SFC_WRITE_SYSCFG_1,Append string:config to CFG#,,PASS,,,,,,,,,Jan 14 2020 7:46:58.7490 PM,Jan 14 2020 7:46:58.7490 PM,0
20. INIT,QUERY_SFC_WRITE_SYSCFG_1,Write MLB CFG,"[EFIDut] syscfg add CFG# X1819B/PROTO1/K21P,JBN-G11a-a",PASS,,,,,,,,,Jan 14 2020 7:46:58.7520 PM,Jan 14 2020 7:46:58.7920 PM,.0394
20. INIT,QUERY_SFC_WRITE_SYSCFG_1,Read MLB CFG 2,[EFIDut] syscfg print CFG#,PASS,,,,,,,,,Jan 14 2020 7:46:58.7960 PM,Jan 14 2020 7:46:58.8380 PM,.0419
20. INIT,QUERY_SFC_WRITE_SYSCFG_1,MLB_CFG_APPENED,,PASS,,,,,,,,,Jan 14 2020 7:46:58.8410 PM,Jan 14 2020 7:46:58.8410 PM,0
20. INIT,QUERY_SFC_WRITE_SYSCFG_1,SFCSupport,getAttributes-3,PASS,,,,,,,,,Jan 14 2020 7:46:58.8450 PM,Jan 14 2020 7:46:58.8480 PM,.0031
20. INIT,QUERY_SFC_WRITE_SYSCFG_1,sbuild-2,,PASS,,,,,,,,,Jan 14 2020 7:46:58.8490 PM,Jan 14 2020 7:46:58.8490 PM,0
20. INIT,QUERY_SFC_WRITE_SYSCFG_1,SFCSupport,getAttributes-4,PASS,,,,,,,,,Jan 14 2020 7:46:58.8500 PM,Jan 14 2020 7:46:58.8530 PM,.003
20. INIT,QUERY_SFC_WRITE_SYSCFG_1,Tigerdmin,,PASS,,,,,,,,,Jan 14 2020 7:46:58.8530 PM,Jan 14 2020 7:46:58.8530 PM,0
20. INIT,QUERY_SFC_WRITE_SYSCFG_1,SFCSupport,getAttributes-5,PASS,,,,,,,,,Jan 14 2020 7:46:58.8550 PM,Jan 14 2020 7:46:58.8590 PM,.0041
20. INIT,QUERY_SFC_WRITE_SYSCFG_1,crowndmin,,PASS,,,,,,,,,Jan 14 2020 7:46:58.8600 PM,Jan 14 2020 7:46:58.8600 PM,0
20. INIT,QUERY_SFC_WRITE_SYSCFG_1,SFCSupport,getAttributes-6,PASS,,,,,,,,,Jan 14 2020 7:46:58.8610 PM,Jan 14 2020 7:46:58.8640 PM,.0031
20. INIT,QUERY_SFC_WRITE_SYSCFG_1,lisadmin,,PASS,,,,,,,,,Jan 14 2020 7:46:58.8640 PM,Jan 14 2020 7:46:58.8640 PM,0
20. INIT,QUERY_SFC_WRITE_SYSCFG_1,SFCSupport,getAttributes-7,PASS,,,,,,,,,Jan 14 2020 7:46:58.8660 PM,Jan 14 2020 7:46:58.8700 PM,.0039
20. INIT,QUERY_SFC_WRITE_SYSCFG_1,housmaterialdmin,,PASS,,,,,,,,,Jan 14 2020 7:46:58.8700 PM,Jan 14 2020 7:46:58.8700 PM,0
20. INIT,QUERY_SFC_WRITE_SYSCFG_1,SFCSupport,getAttributes-8,PASS,,,,,,,,,Jan 14 2020 7:46:58.8710 PM,Jan 14 2020 7:46:58.8750 PM,.0036
20. INIT,QUERY_SFC_WRITE_SYSCFG_1,houscolordmin,,PASS,,,,,,,,,Jan 14 2020 7:46:58.8760 PM,Jan 14 2020 7:46:58.8760 PM,0
20. INIT,QUERY_SFC_WRITE_SYSCFG_1,SFCSupport,getAttributes-9,PASS,,,,,,,,,Jan 14 2020 7:46:58.8790 PM,Jan 14 2020 7:46:58.8840 PM,.005
20. INIT,QUERY_SFC_WRITE_SYSCFG_1,backcrystalmaterialdmin,,PASS,,,,,,,,,Jan 14 2020 7:46:58.8850 PM,Jan 14 2020 7:46:58.8850 PM,0
20. INIT,QUERY_SFC_WRITE_SYSCFG_1,SFCSupport,getAttributes-10,PASS,,,,,,,,,Jan 14 2020 7:46:58.8860 PM,Jan 14 2020 7:46:58.8900 PM,.004
20. INIT,QUERY_SFC_WRITE_SYSCFG_1,backcrystalcolordmin,,PASS,,,,,,,,,Jan 14 2020 7:46:58.8910 PM,Jan 14 2020 7:46:58.8910 PM,0
20. INIT,QUERY_SFC_WRITE_SYSCFG_1,Get BART type,,PASS,,,,,,,,,Jan 14 2020 7:46:58.8940 PM,Jan 14 2020 7:46:58.8940 PM,0
20. INIT,QUERY_SFC_WRITE_SYSCFG_1,Get BART type - ICT,,PASS,,,,,,,,,Jan 14 2020 7:46:58.8940 PM,Jan 14 2020 7:46:58.8940 PM,0
20. INIT,QUERY_SFC_WRITE_SYSCFG_1,Get Lisa Dmin,,PASS,,,,,,,,,Jan 14 2020 7:46:58.8950 PM,Jan 14 2020 7:46:58.8950 PM,0
20. INIT,QUERY_SFC_WRITE_SYSCFG_1,Append string:lisadmin to crowndmin,,PASS,,,,,,,,,Jan 14 2020 7:46:58.8950 PM,Jan 14 2020 7:46:58.8950 PM,0
20. INIT,QUERY_SFC_WRITE_SYSCFG_1,Write LsBT,[EFIDut] syscfg add LsBT 0x001002A5 0x00000005 0x00000002 0x00000000,PASS,,,,,,,,,Jan 14 2020 7:46:58.8980 PM,Jan 14 2020 7:46:58.9650 PM,.0671
20. INIT,QUERY_SFC_WRITE_SYSCFG_1,Read LsBT,[EFIDut] syscfg print LsBT,PASS,,,,,,,,,Jan 14 2020 7:46:58.9690 PM,Jan 14 2020 7:46:59.0130 PM,.0442
20. INIT,QUERY_SFC_WRITE_SYSCFG_1,LsBT,,PASS,,,,,,,,,Jan 14 2020 7:46:59.0170 PM,Jan 14 2020 7:46:59.0170 PM,0
20. INIT,QUERY_SFC_WRITE_SYSCFG_1,EnMt,,PASS,,,,,,,,,Jan 14 2020 7:46:59.0190 PM,Jan 14 2020 7:46:59.0190 PM,0
20. INIT,QUERY_SFC_WRITE_SYSCFG_1,Write EnMt,[EFIDut] syscfg add EnMt 0x00000001 0x00000000 0x00000000 0x00000001,PASS,,,,,,,,,Jan 14 2020 7:46:59.0220 PM,Jan 14 2020 7:46:59.0930 PM,.0712
20. INIT,QUERY_SFC_WRITE_SYSCFG_1,Read EnMt,[EFIDut] syscfg print EnMt,PASS,,,,,,,,,Jan 14 2020 7:46:59.0970 PM,Jan 14 2020 7:46:59.1400 PM,.0433
20. INIT,QUERY_SFC_WRITE_SYSCFG_1,ENMT_SYSCFG_VALUE,,PASS,,,,,,,,,Jan 14 2020 7:46:59.1440 PM,Jan 14 2020 7:46:59.1440 PM,0
20. INIT,QUERY_SFC_WRITE_SYSCFG_1,ENMT_SYSCFG_VALUE_Compare,,PASS,,,,,,,,,Jan 14 2020 7:46:59.1460 PM,Jan 14 2020 7:46:59.1460 PM,0
20. INIT,QUERY_SFC_WRITE_SYSCFG_1,CLHS,,PASS,,,,,,,,,Jan 14 2020 7:46:59.1490 PM,Jan 14 2020 7:46:59.1490 PM,0
20. INIT,QUERY_SFC_WRITE_SYSCFG_1,Write CLHS,[EFIDut] syscfg add CLHS 0x00000001 0x00000000 0x00000000 0x00000002,PASS,,,,,,,,,Jan 14 2020 7:46:59.1520 PM,Jan 14 2020 7:46:59.2360 PM,.084
20. INIT,QUERY_SFC_WRITE_SYSCFG_1,Read CLHS,[EFIDut] syscfg print CLHS,PASS,,,,,,,,,Jan 14 2020 7:46:59.2390 PM,Jan 14 2020 7:46:59.2840 PM,.0444
20. INIT,QUERY_SFC_WRITE_SYSCFG_1,CLHS_SYSCFG_VALUE,,PASS,,,,,,,,,Jan 14 2020 7:46:59.2870 PM,Jan 14 2020 7:46:59.2870 PM,0
20. INIT,QUERY_SFC_WRITE_SYSCFG_1,CLHS_SYSCFG_VALUE_Compare,,PASS,,,,,,,,,Jan 14 2020 7:46:59.2890 PM,Jan 14 2020 7:46:59.2890 PM,0
20. INIT,QUERY_SFC_WRITE_SYSCFG_1,SFCSupport,getAttributes-11,PASS,,,,,,,,,Jan 14 2020 7:46:59.2920 PM,Jan 14 2020 7:46:59.2950 PM,.0029
20. INIT,QUERY_SFC_WRITE_SYSCFG_1,BGMt,,PASS,,,,,,,,,Jan 14 2020 7:46:59.2960 PM,Jan 14 2020 7:46:59.2960 PM,0
20. INIT,QUERY_SFC_WRITE_SYSCFG_1,Write BGMt,[EFIDut] syscfg add BGMt 0x00000001 0x00000000 0x00000000 0x00000001,PASS,,,,,,,,,Jan 14 2020 7:46:59.2990 PM,Jan 14 2020 7:46:59.4920 PM,.1921
20. INIT,QUERY_SFC_WRITE_SYSCFG_1,Read BGMt,[EFIDut] syscfg print BGMt,PASS,,,,,,,,,Jan 14 2020 7:46:59.4950 PM,Jan 14 2020 7:46:59.5400 PM,.0445
20. INIT,QUERY_SFC_WRITE_SYSCFG_1,BGMT_SYSCFG_VALUE,,PASS,,,,,,,,,Jan 14 2020 7:46:59.5430 PM,Jan 14 2020 7:46:59.5430 PM,0
20. INIT,QUERY_SFC_WRITE_SYSCFG_1,BGMT_SYSCFG_VALUE_Compare,,PASS,,,,,,,,,Jan 14 2020 7:46:59.5460 PM,Jan 14 2020 7:46:59.5460 PM,0
20. INIT,QUERY_SFC_WRITE_SYSCFG_1,CLBG,,PASS,,,,,,,,,Jan 14 2020 7:46:59.5480 PM,Jan 14 2020 7:46:59.5480 PM,0
20. INIT,QUERY_SFC_WRITE_SYSCFG_1,Write CLBG,[EFIDut] syscfg add CLBG 0x00000001 0x00000000 0x00000000 0x00000001,PASS,,,,,,,,,Jan 14 2020 7:46:59.5510 PM,Jan 14 2020 7:46:59.7470 PM,.1959
20. INIT,QUERY_SFC_WRITE_SYSCFG_1,Read CLBG,[EFIDut] syscfg print CLBG,PASS,,,,,,,,,Jan 14 2020 7:46:59.7510 PM,Jan 14 2020 7:46:59.7940 PM,.0432
20. INIT,QUERY_SFC_WRITE_SYSCFG_1,CLBG_SYSCFG_VALUE,,PASS,,,,,,,,,Jan 14 2020 7:46:59.7970 PM,Jan 14 2020 7:46:59.7970 PM,0
20. INIT,QUERY_SFC_WRITE_SYSCFG_1,CLBG_SYSCFG_VALUE_Compare,,PASS,,,,,,,,,Jan 14 2020 7:46:59.8000 PM,Jan 14 2020 7:46:59.8000 PM,0
20. INIT,QUERY_SFC_WRITE_SYSCFG_1,Read CCal,[EFIDut] syscfg print CCal,PASS,,,,,,,,,Jan 14 2020 7:46:59.8030 PM,Jan 14 2020 7:46:59.8590 PM,.0564
20. INIT,QUERY_SFC_WRITE_SYSCFG_1,CCAL,,PASS,,,,,,,,,Jan 14 2020 7:46:59.8620 PM,Jan 14 2020 7:46:59.8620 PM,0
20. INIT,QUERY_SFC_WRITE_SYSCFG_1,Write PRSq,[EFIDut] syscfg add PRSq 0x01050001,PASS,,,,,,,,,Jan 14 2020 7:46:59.8650 PM,Jan 14 2020 7:46:59.9710 PM,.106
20. INIT,QUERY_SFC_WRITE_SYSCFG_1,Read PRSq,[EFIDut] syscfg print PRSq,PASS,,,,,,,,,Jan 14 2020 7:46:59.9750 PM,Jan 14 2020 7:47:00.0190 PM,.0442
20. INIT,QUERY_SFC_WRITE_SYSCFG_1,PRSq,,PASS,,,,,,,,,Jan 14 2020 7:47:00.0220 PM,Jan 14 2020 7:47:00.0220 PM,0
21. FIXTURE,,,,,,,,,,,,,Jan 14 2020 7:47:00.0270 PM,Jan 14 2020 7:47:02.7160 PM,2.6888
21. FIXTURE,LISA_INIT,Crown on,[Fixture] Crown on,PASS,,,,,,,,,Jan 14 2020 7:47:00.0300 PM,Jan 14 2020 7:47:02.7150 PM,2.6848
22. TRISTAR,,,,,,,,,,,,,Jan 14 2020 7:47:02.7180 PM,Jan 14 2020 7:47:04.1930 PM,1.4755
22. TRISTAR,TRISTAR,EFIDut,close,PASS,,,,,,,,,Jan 14 2020 7:47:02.7200 PM,Jan 14 2020 7:47:02.7210 PM,.0004
22. TRISTAR,TRISTAR,FileParser,JsonParsing,PASS,,,,,,,,,Jan 14 2020 7:47:02.7240 PM,Jan 14 2020 7:47:02.7250 PM,.0004
22. TRISTAR,TRISTAR,EZLink,,PASS,,1,NA,,,,,,Jan 14 2020 7:47:02.7270 PM,Jan 14 2020 7:47:02.7270 PM,0
22. TRISTAR,TRISTAR,EZLink1,EZLink,PASS,,,,,,,,,Jan 14 2020 7:47:02.7270 PM,Jan 14 2020 7:47:03.8460 PM,1.1186
22. TRISTAR,TRISTAR,Tristar Provision,,PASS,,,,,,,,,Jan 14 2020 7:47:03.8470 PM,Jan 14 2020 7:47:03.8470 PM,0
22. TRISTAR,TRISTAR,EFIDut,open,PASS,,,,,,,,,Jan 14 2020 7:47:03.8510 PM,Jan 14 2020 7:47:03.9090 PM,.058
22. TRISTAR,TRISTAR,Tristar ESN,[EFIDut] tristar --esn,PASS,,,,,,,,,Jan 14 2020 7:47:03.9120 PM,Jan 14 2020 7:47:04.1470 PM,.2352
22. TRISTAR,TRISTAR,TRISTAR_ESN,,PASS,,,,,,,,,Jan 14 2020 7:47:04.1510 PM,Jan 14 2020 7:47:04.1510 PM,0
22. TRISTAR,TRISTAR,clear the debug interrupt,[EFIDut] tristar -r '0x0d',PASS,,,,,,,,,Jan 14 2020 7:47:04.1540 PM,Jan 14 2020 7:47:04.1920 PM,.0385
23. LISA,,,,,,,,,,,,,Jan 14 2020 7:47:04.1950 PM,Jan 14 2020 7:47:05.2080 PM,1.0129
23. LISA,LISA_INIT-2,Initialize Bonn,[EFIDut] sensor --sel lisa --init,PASS,,,,,,,,,Jan 14 2020 7:47:04.1980 PM,Jan 14 2020 7:47:04.2510 PM,.0532
23. LISA,LISA_INIT-2,SENSOR_LISA_INIT_STATUS,,PASS,,,,,,,,,Jan 14 2020 7:47:04.2540 PM,Jan 14 2020 7:47:04.2540 PM,0
23. LISA,LISA_INIT-2,Get lisa Info,[EFIDut] sensor --sel lisa -g,PASS,,,,,,,,,Jan 14 2020 7:47:04.2570 PM,Jan 14 2020 7:47:04.4110 PM,.1532
23. LISA,LISA_INIT-2,RTP_FW,,PASS,,,,,,,,,Jan 14 2020 7:47:04.4140 PM,Jan 14 2020 7:47:04.4140 PM,0
23. LISA,LISA_INIT-2,Set Lisa to HW Mode,[EFIDut] sensor --sel lisa --set hw-mode true,PASS,,,,,,,,,Jan 14 2020 7:47:04.4170 PM,Jan 14 2020 7:47:04.4560 PM,.0389
23. LISA,LISA_INIT-2,Bonn Chip ID,[EFIDut] sensorreg --sel lisa --read 0x00,PASS,,,,,,,,,Jan 14 2020 7:47:04.4590 PM,Jan 14 2020 7:47:04.4970 PM,.0373
23. LISA,LISA_INIT-2,SENSOR_LISA_BONN_CHIP_ID,,PASS,,169,NA,,,,,NA,Jan 14 2020 7:47:04.5000 PM,Jan 14 2020 7:47:04.5000 PM,0
23. LISA,LISA_INIT-2,Bonn Connectivity Test,[EFIDut] sensor --sel lisa --conntest,PASS,,,,,,,,,Jan 14 2020 7:47:04.5030 PM,Jan 14 2020 7:47:04.5500 PM,.0467
23. LISA,LISA_INIT-2,SENSOR_LISA_CONNTEST_SPI,,PASS,,,,,,,,,Jan 14 2020 7:47:04.5530 PM,Jan 14 2020 7:47:04.5530 PM,0
23. LISA,LISA_INIT-2,SENSOR_LISA_CONNTEST_RST,,PASS,,,,,,,,,Jan 14 2020 7:47:04.5560 PM,Jan 14 2020 7:47:04.5560 PM,0
23. LISA,LISA_INIT-2,"Disable HW mode, also turns Bonn off.",[EFIDut] sensor --sel lisa --set hw-mode false,PASS,,,,,,,,,Jan 14 2020 7:47:04.5590 PM,Jan 14 2020 7:47:04.5980 PM,.0389
23. LISA,LISA_INIT-2,Lisa Selftest,[EFIDut] sensor --sel lisa --exectest selftest,PASS,,,,,,,,,Jan 14 2020 7:47:04.6010 PM,Jan 14 2020 7:47:04.6510 PM,.0502
23. LISA,LISA_INIT-2,SENSOR_LISA_SELFTEST_STATUS,,PASS,,,,,,,,,Jan 14 2020 7:47:04.6550 PM,Jan 14 2020 7:47:04.6550 PM,0
23. LISA,LISA_INIT-2,Turn off Lisa,[EFIDut] sensor --sel lisa --turnoff,PASS,,,,,,,,,Jan 14 2020 7:47:04.6580 PM,Jan 14 2020 7:47:04.6980 PM,.0405
23. LISA,LISA_INIT-2,Run Smokey script for Lisa,"[EFIDut] smokeyshell -r;smokeyshell -f ""nandfs:\AppleInternal\Diags\Logs\Smokey\Lisa\N140\Main.lua"" -e ""initLisa([[1.8]])""",PASS,,,,,,,,,Jan 14 2020 7:47:04.7040 PM,Jan 14 2020 7:47:05.2070 PM,.5028
24. FIXTURE,,,,,,,,,,,,,Jan 14 2020 7:47:05.2100 PM,Jan 14 2020 7:47:05.4650 PM,.255
24. FIXTURE,LISA_FORWARD,Start crown rotating forward,[Fixture] Crown forward,PASS,,,,,,,,,Jan 14 2020 7:47:05.2130 PM,Jan 14 2020 7:47:05.4640 PM,.2511
25. LISA,,,,,,,,,,,,,Jan 14 2020 7:47:05.4670 PM,Jan 14 2020 7:47:11.9610 PM,6.4937
25. LISA,LISA_FORWARD-USBFS,Make folder,[EFIDut] wait 1500;mkdir nandfs:\AppleInternal\Lisa_data\,PASS,,,,,,,,,Jan 14 2020 7:47:05.4700 PM,Jan 14 2020 7:47:06.9960 PM,1.5264
25. LISA,LISA_FORWARD-USBFS,Set the output log,[EFIDut] filelog --on nandfs:\AppleInternal\Lisa_data\NGQ97FH9XC_FORWARD_RAW.log,PASS,,,,,,,,,Jan 14 2020 7:47:07.0000 PM,Jan 14 2020 7:47:07.0520 PM,.0522
25. LISA,LISA_FORWARD-USBFS,Set consolerouter,[EFIDut] consolerouter --add --src lisa.debug.testdata --dest file,PASS,,,,,,,,,Jan 14 2020 7:47:07.0560 PM,Jan 14 2020 7:47:07.1030 PM,.047
25. LISA,LISA_FORWARD-USBFS,Run Forward Lisa Smokey Script,"[EFIDut] smokeyshell -r;smokeyshell -f ""nandfs:\AppleInternal\Diags\Logs\Smokey\Lisa\N140\Main.lua"" -e ""startLisaTest([[FORWARD]],[[LOG]])""",PASS,,,,,,,,,Jan 14 2020 7:47:07.1070 PM,Jan 14 2020 7:47:10.9130 PM,3.8068
25. LISA,LISA_FORWARD-USBFS,LISA_FORWARD_PD0_LIGHT_MAX,,PASS,,2259,Counts,4000,0.01,,,Counts,Jan 14 2020 7:47:10.9180 PM,Jan 14 2020 7:47:10.9180 PM,0
25. LISA,LISA_FORWARD-USBFS,LISA_FORWARD_PD1_LIGHT_MAX,,PASS,,2389,Counts,4000,0.01,,,Counts,Jan 14 2020 7:47:10.9180 PM,Jan 14 2020 7:47:10.9180 PM,0
25. LISA,LISA_FORWARD-USBFS,LISA_FORWARD_PD2_LIGHT_MAX,,PASS,,2492,Counts,4000,0.01,,,Counts,Jan 14 2020 7:47:10.9180 PM,Jan 14 2020 7:47:10.9180 PM,0
25. LISA,LISA_FORWARD-USBFS,LISA_FORWARD_PD3_LIGHT_MAX,,PASS,,2570,Counts,4000,0.01,,,Counts,Jan 14 2020 7:47:10.9180 PM,Jan 14 2020 7:47:10.9180 PM,0
25. LISA,LISA_FORWARD-USBFS,LISA_FORWARD_PD4_LIGHT_MAX,,PASS,,2567,Counts,4000,0.01,,,Counts,Jan 14 2020 7:47:10.9190 PM,Jan 14 2020 7:47:10.9190 PM,0
25. LISA,LISA_FORWARD-USBFS,LISA_FORWARD_PD5_LIGHT_MAX,,PASS,,2517,Counts,4000,0.01,,,Counts,Jan 14 2020 7:47:10.9190 PM,Jan 14 2020 7:47:10.9190 PM,0
25. LISA,LISA_FORWARD-USBFS,LISA_FORWARD_PD6_LIGHT_MAX,,PASS,,2423,Counts,4000,0.01,,,Counts,Jan 14 2020 7:47:10.9190 PM,Jan 14 2020 7:47:10.9190 PM,0
25. LISA,LISA_FORWARD-USBFS,LISA_FORWARD_PD7_LIGHT_MAX,,PASS,,2361,Counts,4000,0.01,,,Counts,Jan 14 2020 7:47:10.9190 PM,Jan 14 2020 7:47:10.9190 PM,0
25. LISA,LISA_FORWARD-USBFS,LISA_FORWARD_PD0_SPAN,,PASS,,2043,Counts,3500,500,,,Counts,Jan 14 2020 7:47:10.9190 PM,Jan 14 2020 7:47:10.9200 PM,0
25. LISA,LISA_FORWARD-USBFS,LISA_FORWARD_PD1_SPAN,,PASS,,2147,Counts,3500,500,,,Counts,Jan 14 2020 7:47:10.9200 PM,Jan 14 2020 7:47:10.9200 PM,0
25. LISA,LISA_FORWARD-USBFS,LISA_FORWARD_PD2_SPAN,,PASS,,2236,Counts,3500,500,,,Counts,Jan 14 2020 7:47:10.9200 PM,Jan 14 2020 7:47:10.9200 PM,0
25. LISA,LISA_FORWARD-USBFS,LISA_FORWARD_PD3_SPAN,,PASS,,2308,Counts,3500,500,,,Counts,Jan 14 2020 7:47:10.9200 PM,Jan 14 2020 7:47:10.9200 PM,0
25. LISA,LISA_FORWARD-USBFS,LISA_FORWARD_PD4_SPAN,,PASS,,2323,Counts,3500,500,,,Counts,Jan 14 2020 7:47:10.9200 PM,Jan 14 2020 7:47:10.9200 PM,0
25. LISA,LISA_FORWARD-USBFS,LISA_FORWARD_PD5_SPAN,,PASS,,2276,Counts,3500,500,,,Counts,Jan 14 2020 7:47:10.9210 PM,Jan 14 2020 7:47:10.9210 PM,0
25. LISA,LISA_FORWARD-USBFS,LISA_FORWARD_PD6_SPAN,,PASS,,2194,Counts,3500,500,,,Counts,Jan 14 2020 7:47:10.9210 PM,Jan 14 2020 7:47:10.9210 PM,0
25. LISA,LISA_FORWARD-USBFS,LISA_FORWARD_PD7_SPAN,,PASS,,2139,Counts,3500,500,,,Counts,Jan 14 2020 7:47:10.9210 PM,Jan 14 2020 7:47:10.9210 PM,0
25. LISA,LISA_FORWARD-USBFS,LISA_FORWARD_PD_SPAN_MAX,,PASS,,2323,NA,,,,,NA,Jan 14 2020 7:47:10.9210 PM,Jan 14 2020 7:47:10.9210 PM,0
25. LISA,LISA_FORWARD-USBFS,LISA_FORWARD_PD_SPAN_MIN,,PASS,,2043,NA,,,,,NA,Jan 14 2020 7:47:10.9220 PM,Jan 14 2020 7:47:10.9220 PM,0
25. LISA,LISA_FORWARD-USBFS,LISA_FORWARD_SPAN_RATIO,,PASS,,0.8794662074903142,NA,,0.6,,,NA,Jan 14 2020 7:47:10.9220 PM,Jan 14 2020 7:47:10.9220 PM,0
25. LISA,LISA_FORWARD-USBFS,LISA_FORWARD_PD0_DARK_PEAK2PEAK,,PASS,,10,Counts,54,0.01,,,Counts,Jan 14 2020 7:47:10.9220 PM,Jan 14 2020 7:47:10.9220 PM,0
25. LISA,LISA_FORWARD-USBFS,LISA_FORWARD_PD1_DARK_PEAK2PEAK,,PASS,,10,Counts,54,0.01,,,Counts,Jan 14 2020 7:47:10.9220 PM,Jan 14 2020 7:47:10.9220 PM,0
25. LISA,LISA_FORWARD-USBFS,LISA_FORWARD_PD2_DARK_PEAK2PEAK,,PASS,,11,Counts,54,0.01,,,Counts,Jan 14 2020 7:47:10.9220 PM,Jan 14 2020 7:47:10.9220 PM,0
25. LISA,LISA_FORWARD-USBFS,LISA_FORWARD_PD3_DARK_PEAK2PEAK,,PASS,,9,Counts,54,0.01,,,Counts,Jan 14 2020 7:47:10.9230 PM,Jan 14 2020 7:47:10.9230 PM,0
25. LISA,LISA_FORWARD-USBFS,LISA_FORWARD_PD4_DARK_PEAK2PEAK,,PASS,,10,Counts,54,0.01,,,Counts,Jan 14 2020 7:47:10.9230 PM,Jan 14 2020 7:47:10.9230 PM,0
25. LISA,LISA_FORWARD-USBFS,LISA_FORWARD_PD5_DARK_PEAK2PEAK,,PASS,,10,Counts,54,0.01,,,Counts,Jan 14 2020 7:47:10.9230 PM,Jan 14 2020 7:47:10.9230 PM,0
25. LISA,LISA_FORWARD-USBFS,LISA_FORWARD_PD6_DARK_PEAK2PEAK,,PASS,,9,Counts,54,0.01,,,Counts,Jan 14 2020 7:47:10.9230 PM,Jan 14 2020 7:47:10.9230 PM,0
25. LISA,LISA_FORWARD-USBFS,LISA_FORWARD_PD7_DARK_PEAK2PEAK,,PASS,,9,Counts,54,0.01,,,Counts,Jan 14 2020 7:47:10.9230 PM,Jan 14 2020 7:47:10.9230 PM,0
25. LISA,LISA_FORWARD-USBFS,LISA_FORWARD_PD0_LIGHT_PEAK2PEAK,,PASS,,2043,Counts,4000,0.01,,,Counts,Jan 14 2020 7:47:10.9240 PM,Jan 14 2020 7:47:10.9240 PM,0
25. LISA,LISA_FORWARD-USBFS,LISA_FORWARD_PD1_LIGHT_PEAK2PEAK,,PASS,,2146,Counts,4000,0.01,,,Counts,Jan 14 2020 7:47:10.9240 PM,Jan 14 2020 7:47:10.9240 PM,0
25. LISA,LISA_FORWARD-USBFS,LISA_FORWARD_PD2_LIGHT_PEAK2PEAK,,PASS,,2237,Counts,4000,0.01,,,Counts,Jan 14 2020 7:47:10.9240 PM,Jan 14 2020 7:47:10.9240 PM,0
25. LISA,LISA_FORWARD-USBFS,LISA_FORWARD_PD3_LIGHT_PEAK2PEAK,,PASS,,2308,Counts,4000,0.01,,,Counts,Jan 14 2020 7:47:10.9240 PM,Jan 14 2020 7:47:10.9240 PM,0
25. LISA,LISA_FORWARD-USBFS,LISA_FORWARD_PD4_LIGHT_PEAK2PEAK,,PASS,,2320,Counts,4000,0.01,,,Counts,Jan 14 2020 7:47:10.9240 PM,Jan 14 2020 7:47:10.9240 PM,0
25. LISA,LISA_FORWARD-USBFS,LISA_FORWARD_PD5_LIGHT_PEAK2PEAK,,PASS,,2276,Counts,4000,0.01,,,Counts,Jan 14 2020 7:47:10.9250 PM,Jan 14 2020 7:47:10.9250 PM,0
25. LISA,LISA_FORWARD-USBFS,LISA_FORWARD_PD6_LIGHT_PEAK2PEAK,,PASS,,2193,Counts,4000,0.01,,,Counts,Jan 14 2020 7:47:10.9250 PM,Jan 14 2020 7:47:10.9250 PM,0
25. LISA,LISA_FORWARD-USBFS,LISA_FORWARD_PD7_LIGHT_PEAK2PEAK,,PASS,,2139,Counts,4000,0.01,,,Counts,Jan 14 2020 7:47:10.9250 PM,Jan 14 2020 7:47:10.9250 PM,0
25. LISA,LISA_FORWARD-USBFS,LISA_FORWARD_PD0_DARK_AVG,,PASS,,48.42,NA,200,0.1,,,NA,Jan 14 2020 7:47:10.9250 PM,Jan 14 2020 7:47:10.9250 PM,0
25. LISA,LISA_FORWARD-USBFS,LISA_FORWARD_PD1_DARK_AVG,,PASS,,49.369,NA,200,0.1,,,NA,Jan 14 2020 7:47:10.9250 PM,Jan 14 2020 7:47:10.9250 PM,0
25. LISA,LISA_FORWARD-USBFS,LISA_FORWARD_PD2_DARK_AVG,,PASS,,46.339,NA,200,0.1,,,NA,Jan 14 2020 7:47:10.9260 PM,Jan 14 2020 7:47:10.9260 PM,0
25. LISA,LISA_FORWARD-USBFS,LISA_FORWARD_PD3_DARK_AVG,,PASS,,52.399,NA,200,0.1,,,NA,Jan 14 2020 7:47:10.9260 PM,Jan 14 2020 7:47:10.9260 PM,0
25. LISA,LISA_FORWARD-USBFS,LISA_FORWARD_PD4_DARK_AVG,,PASS,,45.22,NA,200,0.1,,,NA,Jan 14 2020 7:47:10.9260 PM,Jan 14 2020 7:47:10.9260 PM,0
25. LISA,LISA_FORWARD-USBFS,LISA_FORWARD_PD5_DARK_AVG,,PASS,,40.53,NA,200,0.1,,,NA,Jan 14 2020 7:47:10.9260 PM,Jan 14 2020 7:47:10.9260 PM,0
25. LISA,LISA_FORWARD-USBFS,LISA_FORWARD_PD6_DARK_AVG,,PASS,,46.439,NA,200,0.1,,,NA,Jan 14 2020 7:47:10.9260 PM,Jan 14 2020 7:47:10.9260 PM,0
25. LISA,LISA_FORWARD-USBFS,LISA_FORWARD_PD7_DARK_AVG,,PASS,,54.21,NA,200,0.1,,,NA,Jan 14 2020 7:47:10.9270 PM,Jan 14 2020 7:47:10.9270 PM,0
25. LISA,LISA_FORWARD-USBFS,LISA_FORWARD_PD0_DARK_STD,,PASS,,1.31,Counts,10,0.01,,,Counts,Jan 14 2020 7:47:10.9270 PM,Jan 14 2020 7:47:10.9270 PM,0
25. LISA,LISA_FORWARD-USBFS,LISA_FORWARD_PD1_DARK_STD,,PASS,,1.39,Counts,10,0.01,,,Counts,Jan 14 2020 7:47:10.9270 PM,Jan 14 2020 7:47:10.9270 PM,0
25. LISA,LISA_FORWARD-USBFS,LISA_FORWARD_PD2_DARK_STD,,PASS,,1.38,Counts,10,0.01,,,Counts,Jan 14 2020 7:47:10.9270 PM,Jan 14 2020 7:47:10.9270 PM,0
25. LISA,LISA_FORWARD-USBFS,LISA_FORWARD_PD3_DARK_STD,,PASS,,1.35,Counts,10,0.01,,,Counts,Jan 14 2020 7:47:10.9270 PM,Jan 14 2020 7:47:10.9270 PM,0
25. LISA,LISA_FORWARD-USBFS,LISA_FORWARD_PD4_DARK_STD,,PASS,,1.27,Counts,10,0.01,,,Counts,Jan 14 2020 7:47:10.9280 PM,Jan 14 2020 7:47:10.9280 PM,0
25. LISA,LISA_FORWARD-USBFS,LISA_FORWARD_PD5_DARK_STD,,PASS,,1.25,Counts,10,0.01,,,Counts,Jan 14 2020 7:47:10.9280 PM,Jan 14 2020 7:47:10.9280 PM,0
25. LISA,LISA_FORWARD-USBFS,LISA_FORWARD_PD6_DARK_STD,,PASS,,1.229,Counts,10,0.01,,,Counts,Jan 14 2020 7:47:10.9280 PM,Jan 14 2020 7:47:10.9280 PM,0
25. LISA,LISA_FORWARD-USBFS,LISA_FORWARD_PD7_DARK_STD,,PASS,,1.27,Counts,10,0.01,,,Counts,Jan 14 2020 7:47:10.9280 PM,Jan 14 2020 7:47:10.9280 PM,0
25. LISA,LISA_FORWARD-USBFS,LISA_FORWARD_DRX,,PASS,,1.384,NA,3.08,1,,,NA,Jan 14 2020 7:47:10.9290 PM,Jan 14 2020 7:47:10.9290 PM,0
25. LISA,LISA_FORWARD-USBFS,Disable Lisa,"[EFIDut] smokeyshell -r;smokeyshell -f ""nandfs:\AppleInternal\Diags\Logs\Smokey\Lisa\N140\Main.lua"" -e ""DisableLisa()""",PASS,,,,,,,,,Jan 14 2020 7:47:10.9320 PM,Jan 14 2020 7:47:11.1110 PM,.179
25. LISA,LISA_FORWARD-USBFS,Disable Lisa,[EFIDut] filelog --off,PASS,,,,,,,,,Jan 14 2020 7:47:11.1140 PM,Jan 14 2020 7:47:11.1560 PM,.0421
25. LISA,LISA_FORWARD-USBFS,Disable Lisa,[EFIDut] consolerouter --rm --src lisa.debug.testdata --dest file,PASS,,,,,,,,,Jan 14 2020 7:47:11.1600 PM,Jan 14 2020 7:47:11.2070 PM,.0472
25. LISA,LISA_FORWARD-USBFS,Stop crown rorating,[Fixture] Crown Stop,PASS,,,,,,,,,Jan 14 2020 7:47:11.2110 PM,Jan 14 2020 7:47:11.2180 PM,.007
25. LISA,LISA_FORWARD-USBFS,Init Usbfs,[EFIDut] usbfs --mount,PASS,,,,,,,,,Jan 14 2020 7:47:11.2220 PM,Jan 14 2020 7:47:11.8230 PM,.6018
25. LISA,LISA_FORWARD-USBFS,Copy file to local,[EFIDut] cp -r nandfs:\AppleInternal\Lisa_data\ usbfs:\,PASS,,,,,,,,,Jan 14 2020 7:47:11.8270 PM,Jan 14 2020 7:47:11.9190 PM,.0923
25. LISA,LISA_FORWARD-USBFS,Disable Usbfs,[EFIDut] usbfs --unmount,PASS,,,,,,,,,Jan 14 2020 7:47:11.9230 PM,Jan 14 2020 7:47:11.9510 PM,.0283
25. LISA,LISA_FORWARD-USBFS,Put Data into Insight upload list,,PASS,,,,,,,,,Jan 14 2020 7:47:11.9600 PM,Jan 14 2020 7:47:11.9600 PM,0
26. POWER,,,,,,,,,,,,,Jan 14 2020 7:47:11.9660 PM,Jan 14 2020 7:47:12.0840 PM,.1174
26. POWER,INIT_PMU_READ,Read PMU ADC Values,[EFIDut] pmuadc --read temp2,PASS,,,,,,,,,Jan 14 2020 7:47:11.9690 PM,Jan 14 2020 7:47:12.0310 PM,.062
26. POWER,INIT_PMU_READ,PMUADC_TEMP_NTC2,,PASS,,7870.5295,NA,15000,3300,,,NA,Jan 14 2020 7:47:12.0350 PM,Jan 14 2020 7:47:12.0350 PM,0
26. POWER,INIT_PMU_READ,Read PMU ADC Values,[EFIDut] pmuadc --read temp4,PASS,,,,,,,,,Jan 14 2020 7:47:12.0380 PM,Jan 14 2020 7:47:12.0790 PM,.0409
26. POWER,INIT_PMU_READ,PMUADC_TEMP_NTC4,,PASS,,8511.651,NA,15000,3300,,,NA,Jan 14 2020 7:47:12.0830 PM,Jan 14 2020 7:47:12.0830 PM,0
27. IMU,,,,,,,,,,,,,Jan 14 2020 7:47:12.0860 PM,Jan 14 2020 7:47:12.1340 PM,.0479
27. IMU,SET_BUBO_PFM,Set SYSTEM_TO_PMU_REQUEST_PWM to low,[EFIDut] socgpio --port 1 --pin 95 --input --nopull; socgpio --port 1 --pin 86 --input --nopull,PASS,,,,,,,,,Jan 14 2020 7:47:12.0900 PM,Jan 14 2020 7:47:12.1330 PM,.0433
28. IMU,,,,,,,,,,,,,Jan 14 2020 7:47:12.1360 PM,Jan 14 2020 7:47:12.4370 PM,.3012
28. IMU,Kobol_INIT,Init Kobol,"[EFIDut] sensor --sel accel,gyro --init",PASS,,,,,,,,,Jan 14 2020 7:47:12.1390 PM,Jan 14 2020 7:47:12.4340 PM,.295
28. IMU,Kobol_INIT,IMU_INIT_STATUS,,PASS,,,,,,,,,Jan 14 2020 7:47:12.4370 PM,Jan 14 2020 7:47:12.4370 PM,0
29. IMU,,,,,,,,,,,,,Jan 14 2020 7:47:12.4390 PM,Jan 14 2020 7:47:12.5040 PM,.0654
29. IMU,IMU_ACCEL_ID,IMU Accel ID Information,[EFIDut] sensor --sel accel --get,PASS,,,,,,,,,Jan 14 2020 7:47:12.4420 PM,Jan 14 2020 7:47:12.5010 PM,.0591
29. IMU,IMU_ACCEL_ID,ACCEL_MANU_ID,,PASS,,,,,,,,,Jan 14 2020 7:47:12.5040 PM,Jan 14 2020 7:47:12.5040 PM,0
30. IMU,,,,,,,,,,,,,Jan 14 2020 7:47:12.5060 PM,Jan 14 2020 7:47:12.6130 PM,.1069
30. IMU,Kobol_ACCEL_ID,Evaluate condition: IMU_MANU_ID CONTAINS '0x00E4',,PASS,,,,,,,,,Jan 14 2020 7:47:12.5080 PM,Jan 14 2020 7:47:12.5080 PM,.0001
30. IMU,Kobol_ACCEL_ID,Kobol Accel ID Information,[EFIDut] sensor --sel accel --get,PASS,,,,,,,,,Jan 14 2020 7:47:12.5120 PM,Jan 14 2020 7:47:12.5760 PM,.0641
30. IMU,Kobol_ACCEL_ID,Evaluate condition: IMU_MANU_ID CONTAINS '0x00E4'-2,,PASS,,,,,,,,,Jan 14 2020 7:47:12.5800 PM,Jan 14 2020 7:47:12.5800 PM,.0001
30. IMU,Kobol_ACCEL_ID,IMU_MANU_ID,,PASS,,,,,,,,,Jan 14 2020 7:47:12.5860 PM,Jan 14 2020 7:47:12.5860 PM,0
30. IMU,Kobol_ACCEL_ID,Evaluate condition: IMU_MANU_ID CONTAINS '0x00E4'-3,,PASS,,,,,,,,,Jan 14 2020 7:47:12.5890 PM,Jan 14 2020 7:47:12.5890 PM,0
30. IMU,Kobol_ACCEL_ID,IMU_CHIP_ID,,PASS,,,,,,,,,Jan 14 2020 7:47:12.5930 PM,Jan 14 2020 7:47:12.5930 PM,0
30. IMU,Kobol_ACCEL_ID,Evaluate condition: IMU_MANU_ID CONTAINS '0x00E4'-4,,PASS,,,,,,,,,Jan 14 2020 7:47:12.5960 PM,Jan 14 2020 7:47:12.5960 PM,0
30. IMU,Kobol_ACCEL_ID,IMU_REV_ID,,PASS,,,,,,,,,Jan 14 2020 7:47:12.6010 PM,Jan 14 2020 7:47:12.6010 PM,0
30. IMU,Kobol_ACCEL_ID,Evaluate condition: IMU_MANU_ID CONTAINS '0x00E4'-5,,PASS,,,,,,,,,Jan 14 2020 7:47:12.6030 PM,Jan 14 2020 7:47:12.6030 PM,0
30. IMU,Kobol_ACCEL_ID,IMU_MEMS_ID,,PASS,,,,,,,,,Jan 14 2020 7:47:12.6070 PM,Jan 14 2020 7:47:12.6070 PM,0
30. IMU,Kobol_ACCEL_ID,Evaluate condition: IMU_MANU_ID CONTAINS '0x00E4'-6,,PASS,,,,,,,,,Jan 14 2020 7:47:12.6090 PM,Jan 14 2020 7:47:12.6090 PM,0
30. IMU,Kobol_ACCEL_ID,IMU_ASIC_ID,,PASS,,,,,,,,,Jan 14 2020 7:47:12.6130 PM,Jan 14 2020 7:47:12.6130 PM,0
31. IMU,,,,,,,,,,,,,Jan 14 2020 7:47:12.6160 PM,Jan 14 2020 7:47:12.8860 PM,.2699
31. IMU,Kobol_GYRO_DRIVE_FREQ_MEAS,Evaluate condition: IMU_MANU_ID CONTAINS '0x00E4',,PASS,,,,,,,,,Jan 14 2020 7:47:12.6180 PM,Jan 14 2020 7:47:12.6180 PM,0
31. IMU,Kobol_GYRO_DRIVE_FREQ_MEAS,Measure gyro drive frequency,[EFIDut] sensor -s gyro --exectest drive_freq_measurement,PASS,,,,,,,,,Jan 14 2020 7:47:12.6220 PM,Jan 14 2020 7:47:12.8720 PM,.2497
31. IMU,Kobol_GYRO_DRIVE_FREQ_MEAS,Evaluate condition: IMU_MANU_ID CONTAINS '0x00E4'-2,,PASS,,,,,,,,,Jan 14 2020 7:47:12.8740 PM,Jan 14 2020 7:47:12.8740 PM,0
31. IMU,Kobol_GYRO_DRIVE_FREQ_MEAS,GYRO_Drive_Freq_pos,,PASS,,24.98,NA,,,,,,Jan 14 2020 7:47:12.8800 PM,Jan 14 2020 7:47:12.8800 PM,0
31. IMU,Kobol_GYRO_DRIVE_FREQ_MEAS,Evaluate condition: IMU_MANU_ID CONTAINS '0x00E4'-3,,PASS,,,,,,,,,Jan 14 2020 7:47:12.8820 PM,Jan 14 2020 7:47:12.8820 PM,0
31. IMU,Kobol_GYRO_DRIVE_FREQ_MEAS,GYRO_Drive_Freq_vel,,PASS,,24.98,NA,,,,,,Jan 14 2020 7:47:12.8860 PM,Jan 14 2020 7:47:12.8860 PM,0
32. IMU,,,,,,,,,,,,,Jan 14 2020 7:47:12.8880 PM,Jan 14 2020 7:47:12.9540 PM,.0655
32. IMU,IMU_Connectivity,Kobol Accel Connectivity,[EFIDut] sensor --sel accel --c,PASS,,,,,,,,,Jan 14 2020 7:47:12.8910 PM,Jan 14 2020 7:47:12.9470 PM,.0559
32. IMU,IMU_Connectivity,ACCEL_INT1_CONN_TEST,,PASS,,,,,,,,,Jan 14 2020 7:47:12.9510 PM,Jan 14 2020 7:47:12.9510 PM,0
32. IMU,IMU_Connectivity,ACCEL_INT2_CONN_TEST,,PASS,,,,,,,,,Jan 14 2020 7:47:12.9530 PM,Jan 14 2020 7:47:12.9530 PM,0
33. IMU,,,,,,,,,,,,,Jan 14 2020 7:47:12.9550 PM,Jan 14 2020 7:47:13.2510 PM,.296
33. IMU,IMU_OFF,Turnoff IMU,"[EFIDut] sensor --sel accel,gyro --turnoff; wait 200",PASS,,,,,,,,,Jan 14 2020 7:47:12.9580 PM,Jan 14 2020 7:47:13.2500 PM,.2923
34. IMU,,,,,,,,,,,,,Jan 14 2020 7:47:13.2530 PM,Jan 14 2020 7:47:13.6520 PM,.3988
34. IMU,Kobol_ACCEL_SELFTEST,Init Accel,[EFIDut] sensor --sel accel --init,PASS,,,,,,,,,Jan 14 2020 7:47:13.2560 PM,Jan 14 2020 7:47:13.3940 PM,.1386
34. IMU,Kobol_ACCEL_SELFTEST,Kobol Accel Self Test,[EFIDut] sensor --sel accel --exectest selftest,PASS,,,,,,,,,Jan 14 2020 7:47:13.3990 PM,Jan 14 2020 7:47:13.6480 PM,.2494
34. IMU,Kobol_ACCEL_SELFTEST,Kobol_Accel_SelfTest,,PASS,,,,,,,,,Jan 14 2020 7:47:13.6520 PM,Jan 14 2020 7:47:13.6520 PM,0
35. IMU,,,,,,,,,,,,,Jan 14 2020 7:47:13.6540 PM,Jan 14 2020 7:47:15.5620 PM,1.9086
35. IMU,IMU_Combo_LPNM25_BUBO_PFM,Init accelerometer and gyro,"[EFIDut] sensor --sel accel,gyro --init",PASS,,,,,,,,,Jan 14 2020 7:47:13.6560 PM,Jan 14 2020 7:47:13.9650 PM,.3082
35. IMU,IMU_Combo_LPNM25_BUBO_PFM,Enter gyro low power mode,[EFIDut] socgpio --port 1 --pin 95 --input --nopull; socgpio --port 1 --pin 86 --input --nopull,PASS,,,,,,,,,Jan 14 2020 7:47:13.9680 PM,Jan 14 2020 7:47:14.0150 PM,.0463
35. IMU,IMU_Combo_LPNM25_BUBO_PFM,Evaluate condition: IMU_MANU_ID CONTAINS '0x00E4',,PASS,,,,,,,,,Jan 14 2020 7:47:14.0170 PM,Jan 14 2020 7:47:14.0170 PM,0
35. IMU,IMU_Combo_LPNM25_BUBO_PFM,Enter gyro low power mode,[EFIDut] sensor --sel gyro --set lpm true,PASS,,,,,,,,,Jan 14 2020 7:47:14.0200 PM,Jan 14 2020 7:47:14.0620 PM,.0422
35. IMU,IMU_Combo_LPNM25_BUBO_PFM,Evaluate condition: IMU_MANU_ID CONTAINS '0x00E4'-2,,PASS,,,,,,,,,Jan 14 2020 7:47:14.0650 PM,Jan 14 2020 7:47:14.0650 PM,0
35. IMU,IMU_Combo_LPNM25_BUBO_PFM,Set gyro LPM duty cycle to 25 percent,[EFIDut] sensor --sel gyro --set lpm_duty_cycle 25,PASS,,,,,,,,,Jan 14 2020 7:47:14.0680 PM,Jan 14 2020 7:47:14.1070 PM,.0392
35. IMU,IMU_Combo_LPNM25_BUBO_PFM,Evaluate condition: IMU_MANU_ID CONTAINS '0x00E4'-3,,PASS,,,,,,,,,Jan 14 2020 7:47:14.1100 PM,Jan 14 2020 7:47:14.1100 PM,0
35. IMU,IMU_Combo_LPNM25_BUBO_PFM,Set accel/gyro dynamic range to 32g/2000dps,[EFIDut] sensor --sel accel --set dynamic_range 32; sensor --sel gyro --set dynamic_range 2000,PASS,,,,,,,,,Jan 14 2020 7:47:14.1130 PM,Jan 14 2020 7:47:14.2850 PM,.1719
35. IMU,IMU_Combo_LPNM25_BUBO_PFM,Evaluate condition: IMU_MANU_ID CONTAINS '0x00E4'-4,,PASS,,,,,,,,,Jan 14 2020 7:47:14.2880 PM,Jan 14 2020 7:47:14.2880 PM,0
35. IMU,IMU_Combo_LPNM25_BUBO_PFM,Set accel/gyro ODR to 800Hz,[EFIDut] sensor --sel accel --set rate 800; sensor --sel gyro --set rate 800,PASS,,,,,,,,,Jan 14 2020 7:47:14.2910 PM,Jan 14 2020 7:47:14.4240 PM,.1329
35. IMU,IMU_Combo_LPNM25_BUBO_PFM,Evaluate condition: IMU_MANU_ID CONTAINS '0x00E4'-5,,PASS,,,,,,,,,Jan 14 2020 7:47:14.4260 PM,Jan 14 2020 7:47:14.4260 PM,0
35. IMU,IMU_Combo_LPNM25_BUBO_PFM,Set accel/gyro BW to 50Hz/100Hz,[EFIDut] sensor --sel accel --set bw 50; sensor --sel gyro --set bw 100,PASS,,,,,,,,,Jan 14 2020 7:47:14.4300 PM,Jan 14 2020 7:47:14.5640 PM,.134
35. IMU,IMU_Combo_LPNM25_BUBO_PFM,Evaluate condition: IMU_MANU_ID CONTAINS '0x00E4'-6,,PASS,,,,,,,,,Jan 14 2020 7:47:14.5660 PM,Jan 14 2020 7:47:14.5660 PM,0
35. IMU,IMU_Combo_LPNM25_BUBO_PFM,Set accel/gyro filter rolloff to -60dB/-20dB,[EFIDut] sensorreg --sel accel --write 0x19 0x00; sensorreg --sel gyro --write 0x1B 0x08,PASS,,,,,,,,,Jan 14 2020 7:47:14.5700 PM,Jan 14 2020 7:47:14.6240 PM,.0539
35. IMU,IMU_Combo_LPNM25_BUBO_PFM,"Evaluate condition: IMU_MANU_ID == ""null""",,PASS,,,,,,,,,Jan 14 2020 7:47:14.6260 PM,Jan 14 2020 7:47:14.6260 PM,0
35. IMU,IMU_Combo_LPNM25_BUBO_PFM,Set accel/gyro ODR to 200Hz,"Action[8]: EFIDut:sendCommand-Skip action because Condition not met-Condition: IMU_MANU_ID == ""null""",PASS,,,,,,,,,Jan 14 2020 7:47:14.6270 PM,Jan 14 2020 7:47:14.6270 PM,0
35. IMU,IMU_Combo_LPNM25_BUBO_PFM,Evaluate condition: ACCEL_LOT_INFO CONTAINS 'G6H948',,PASS,,,,,,,,,Jan 14 2020 7:47:14.6290 PM,Jan 14 2020 7:47:14.6290 PM,0
35. IMU,IMU_Combo_LPNM25_BUBO_PFM,Set accel/gyro dynamic range to 128g/2000dps,Action[9]: EFIDut:sendCommand-Skip action because Condition not met-Condition: ACCEL_LOT_INFO CONTAINS 'G6H948',PASS,,,,,,,,,Jan 14 2020 7:47:14.6300 PM,Jan 14 2020 7:47:14.6300 PM,0
35. IMU,IMU_Combo_LPNM25_BUBO_PFM,Evaluate condition: ACCEL_LOT_INFO CONTAINS 'G6H931',,PASS,,,,,,,,,Jan 14 2020 7:47:14.6310 PM,Jan 14 2020 7:47:14.6310 PM,0
35. IMU,IMU_Combo_LPNM25_BUBO_PFM,Set accel/gyro dynamic range to 16g/2000dps,Action[10]: EFIDut:sendCommand-Skip action because Condition not met-Condition: ACCEL_LOT_INFO CONTAINS 'G6H931',PASS,,,,,,,,,Jan 14 2020 7:47:14.6320 PM,Jan 14 2020 7:47:14.6320 PM,0
35. IMU,IMU_Combo_LPNM25_BUBO_PFM,"Evaluate condition: IMU_MANU_ID == ""null""-2",,PASS,,,,,,,,,Jan 14 2020 7:47:14.6340 PM,Jan 14 2020 7:47:14.6340 PM,0
35. IMU,IMU_Combo_LPNM25_BUBO_PFM,Set accel/gyro BW to 50Hz/100Hz,"Action[11]: EFIDut:sendCommand-Skip action because Condition not met-Condition: IMU_MANU_ID == ""null""",PASS,,,,,,,,,Jan 14 2020 7:47:14.6340 PM,Jan 14 2020 7:47:14.6350 PM,0
35. IMU,IMU_Combo_LPNM25_BUBO_PFM,"Evaluate condition: IMU_MANU_ID == ""null""-3",,PASS,,,,,,,,,Jan 14 2020 7:47:14.6360 PM,Jan 14 2020 7:47:14.6360 PM,0
35. IMU,IMU_Combo_LPNM25_BUBO_PFM,Set accel/gyro filter rolloff to -60dB/-20dB,"Action[12]: EFIDut:sendCommand-Skip action because Condition not met-Condition: IMU_MANU_ID == ""null""",PASS,,,,,,,,,Jan 14 2020 7:47:14.6370 PM,Jan 14 2020 7:47:14.6370 PM,0
35. IMU,IMU_Combo_LPNM25_BUBO_PFM,Enter BG quiesce,[EFIDut] event -s enter-bg-quiesce,PASS,,,,,,,,,Jan 14 2020 7:47:14.6400 PM,Jan 14 2020 7:47:14.7030 PM,.0634
35. IMU,IMU_Combo_LPNM25_BUBO_PFM,Collect 500ms of accelerometer and gyro data,"[EFIDut] sensor --sel accel,gyro --sample 500ms --stats --quiet",PASS,,,,,,,,,Jan 14 2020 7:47:14.7070 PM,Jan 14 2020 7:47:15.3670 PM,.6599
35. IMU,IMU_Combo_LPNM25_BUBO_PFM,"Evaluate condition: IMU_MANU_ID == ""null""-4",,PASS,,,,,,,,,Jan 14 2020 7:47:15.3710 PM,Jan 14 2020 7:47:15.3710 PM,0
35. IMU,IMU_Combo_LPNM25_BUBO_PFM,IMU_Combo_LPNM25_BUBO_PFM,"Action[16]: Rush:setACCEL_2-Skip action because Condition not met-Condition: IMU_MANU_ID == ""null""",PASS,,,,,,,,,Jan 14 2020 7:47:15.3730 PM,Jan 14 2020 7:47:15.3730 PM,0
35. IMU,IMU_Combo_LPNM25_BUBO_PFM,Combo_LPNM25_PFM_onPUCK_accel_average_x,,PASS,,0.021182,g,0.118,-0.118,,,g,Jan 14 2020 7:47:15.3760 PM,Jan 14 2020 7:47:15.3760 PM,0
35. IMU,IMU_Combo_LPNM25_BUBO_PFM,Combo_LPNM25_PFM_onPUCK_accel_average_y,,PASS,,0.008548999999999999,g,0.118,-0.118,,,g,Jan 14 2020 7:47:15.3760 PM,Jan 14 2020 7:47:15.3760 PM,0
35. IMU,IMU_Combo_LPNM25_BUBO_PFM,Combo_LPNM25_PFM_onPUCK_accel_average_z,,PASS,,0.998421,g,1.118,0.882,,,g,Jan 14 2020 7:47:15.3770 PM,Jan 14 2020 7:47:15.3770 PM,0
35. IMU,IMU_Combo_LPNM25_BUBO_PFM,Combo_LPNM25_PFM_onPUCK_accel_stdev_x,,PASS,,0.000762,g-rms,0.05,1e-05,,,g-rms,Jan 14 2020 7:47:15.3770 PM,Jan 14 2020 7:47:15.3770 PM,0
35. IMU,IMU_Combo_LPNM25_BUBO_PFM,Combo_LPNM25_PFM_onPUCK_accel_stdev_y,,PASS,,0.000708,g-rms,0.05,1e-05,,,g-rms,Jan 14 2020 7:47:15.3770 PM,Jan 14 2020 7:47:15.3770 PM,0
35. IMU,IMU_Combo_LPNM25_BUBO_PFM,Combo_LPNM25_PFM_onPUCK_accel_stdev_z,,PASS,,0.000887,g-rms,0.05,1e-05,,,g-rms,Jan 14 2020 7:47:15.3770 PM,Jan 14 2020 7:47:15.3770 PM,0
35. IMU,IMU_Combo_LPNM25_BUBO_PFM,Combo_LPNM25_PFM_onPUCK_gyro_average_x,,PASS,,0.432083,dps,25,-25,,,dps,Jan 14 2020 7:47:15.3770 PM,Jan 14 2020 7:47:15.3770 PM,0
35. IMU,IMU_Combo_LPNM25_BUBO_PFM,Combo_LPNM25_PFM_onPUCK_gyro_average_y,,PASS,,-0.295507,dps,25,-25,,,dps,Jan 14 2020 7:47:15.3780 PM,Jan 14 2020 7:47:15.3780 PM,0
35. IMU,IMU_Combo_LPNM25_BUBO_PFM,Combo_LPNM25_PFM_onPUCK_gyro_average_z,,PASS,,-0.291881,dps,25,-25,,,dps,Jan 14 2020 7:47:15.3780 PM,Jan 14 2020 7:47:15.3780 PM,0
35. IMU,IMU_Combo_LPNM25_BUBO_PFM,Combo_LPNM25_PFM_onPUCK_gyro_stdev_x,,PASS,,0.108537,dps-rms,,1e-05,,,dps-rms,Jan 14 2020 7:47:15.3780 PM,Jan 14 2020 7:47:15.3780 PM,0
35. IMU,IMU_Combo_LPNM25_BUBO_PFM,Combo_LPNM25_PFM_onPUCK_gyro_stdev_y,,PASS,,0.156905,dps-rms,,1e-05,,,dps-rms,Jan 14 2020 7:47:15.3780 PM,Jan 14 2020 7:47:15.3780 PM,0
35. IMU,IMU_Combo_LPNM25_BUBO_PFM,Combo_LPNM25_PFM_onPUCK_gyro_stdev_z,,PASS,,0.120429,dps-rms,,1e-05,,,dps-rms,Jan 14 2020 7:47:15.3780 PM,Jan 14 2020 7:47:15.3780 PM,0
35. IMU,IMU_Combo_LPNM25_BUBO_PFM,Combo_LPNM25_PFM_onPUCK_gyro_odr,,PASS,,805.927779,Hz,880,720,,,Hz,Jan 14 2020 7:47:15.3790 PM,Jan 14 2020 7:47:15.3790 PM,0
35. IMU,IMU_Combo_LPNM25_BUBO_PFM,Combo_LPNM25_PFM_onPUCK_gyro_temp,,PASS,,32.89715,C,,5,,,C,Jan 14 2020 7:47:15.3790 PM,Jan 14 2020 7:47:15.3790 PM,0
35. IMU,IMU_Combo_LPNM25_BUBO_PFM,Leave BG quiesce,[EFIDut] event -s leave-bg-quiesce,PASS,,,,,,,,,Jan 14 2020 7:47:15.3820 PM,Jan 14 2020 7:47:15.4150 PM,.0326
35. IMU,IMU_Combo_LPNM25_BUBO_PFM,Evaluate condition: IMU_MANU_ID CONTAINS '0x00E4'-7,,PASS,,,,,,,,,Jan 14 2020 7:47:15.4170 PM,Jan 14 2020 7:47:15.4170 PM,0
35. IMU,IMU_Combo_LPNM25_BUBO_PFM,Exit gyro low noise mode,[EFIDut] sensor --sel gyro --set lpm false,PASS,,,,,,,,,Jan 14 2020 7:47:15.4210 PM,Jan 14 2020 7:47:15.4670 PM,.0468
35. IMU,IMU_Combo_LPNM25_BUBO_PFM,Turn off accelerometer and gyro,"[EFIDut] sensor --sel accel,gyro --turnoff",PASS,,,,,,,,,Jan 14 2020 7:47:15.4710 PM,Jan 14 2020 7:47:15.5610 PM,.0902
36. PRESSURE,,,,,,,,,,,,,Jan 14 2020 7:47:15.5660 PM,Jan 14 2020 7:47:18.2620 PM,2.6952
36. PRESSURE,POTASSIUM,Init Potassium,[EFIDut] sensor --sel pressure2 --init,PASS,,,,,,,,,Jan 14 2020 7:47:15.5690 PM,Jan 14 2020 7:47:15.6160 PM,.047
36. PRESSURE,POTASSIUM,POTASSIUM_INIT_STATUS,,PASS,,,,,,,,,Jan 14 2020 7:47:15.6200 PM,Jan 14 2020 7:47:15.6200 PM,0
36. PRESSURE,POTASSIUM,Check Pressure Chip_ID,[EFIDut] sensor -s pressure2 --get chip_id,PASS,,,,,,,,,Jan 14 2020 7:47:15.6230 PM,Jan 14 2020 7:47:15.6640 PM,.0412
36. PRESSURE,POTASSIUM,PRESSURE_CHIP_ID,,PASS,,,,,,,,,Jan 14 2020 7:47:15.6680 PM,Jan 14 2020 7:47:15.6680 PM,0
36. PRESSURE,POTASSIUM,Dump Potassium Registers,[EFIDut] sensorreg -s pressure2 --dump,PASS,,,,,,,,,Jan 14 2020 7:47:15.6710 PM,Jan 14 2020 7:47:15.7330 PM,.0619
36. PRESSURE,POTASSIUM,Evaluate condition: PRESSURE_CHIP_ID!='0x30' && PRESSURE_CHIP_ID!='0x28',,PASS,,,,,,,,,Jan 14 2020 7:47:15.7360 PM,Jan 14 2020 7:47:15.7360 PM,.0001
36. PRESSURE,POTASSIUM,IN_PR_Chip_ID,,PASS,,93,NA,,,,,,Jan 14 2020 7:47:15.7390 PM,Jan 14 2020 7:47:15.7390 PM,0
36. PRESSURE,POTASSIUM,Evaluate condition: PRESSURE_CHIP_ID!='0x30' && PRESSURE_CHIP_ID!='0x28'-2,,PASS,,,,,,,,,Jan 14 2020 7:47:15.7410 PM,Jan 14 2020 7:47:15.7410 PM,.0001
36. PRESSURE,POTASSIUM,IN_PR_Rev_ID,,PASS,,0,NA,,,,,,Jan 14 2020 7:47:15.7450 PM,Jan 14 2020 7:47:15.7450 PM,0
36. PRESSURE,POTASSIUM,Evaluate condition: PRESSURE_CHIP_ID=='0x30',,PASS,,,,,,,,,Jan 14 2020 7:47:15.7460 PM,Jan 14 2020 7:47:15.7460 PM,0
36. PRESSURE,POTASSIUM,IN_EIGER-C_Mfg_ID,Action[7]: Rush:regexFirstMatch-Skip action because Condition not met-Condition: PRESSURE_CHIP_ID=='0x30',PASS,,,,,,,,,Jan 14 2020 7:47:15.7470 PM,Jan 14 2020 7:47:15.7470 PM,0
36. PRESSURE,POTASSIUM,Evaluate condition: PRESSURE_CHIP_ID=='0x30'-2,,PASS,,,,,,,,,Jan 14 2020 7:47:15.7490 PM,Jan 14 2020 7:47:15.7490 PM,0
36. PRESSURE,POTASSIUM,IN_PR_Chip_ID,Action[8]: Rush:regexFirstMatch-Skip action because Condition not met-Condition: PRESSURE_CHIP_ID=='0x30',PASS,,,,,,,,,Jan 14 2020 7:47:15.7500 PM,Jan 14 2020 7:47:15.7500 PM,0
36. PRESSURE,POTASSIUM,Evaluate condition: PRESSURE_CHIP_ID=='0x30'-3,,PASS,,,,,,,,,Jan 14 2020 7:47:15.7520 PM,Jan 14 2020 7:47:15.7520 PM,0
36. PRESSURE,POTASSIUM,IN_PR_Rev_ID,Action[9]: Rush:regexFirstMatch-Skip action because Condition not met-Condition: PRESSURE_CHIP_ID=='0x30',PASS,,,,,,,,,Jan 14 2020 7:47:15.7530 PM,Jan 14 2020 7:47:15.7530 PM,0
36. PRESSURE,POTASSIUM,Evaluate condition: PRESSURE_CHIP_ID=='0x28',,PASS,,,,,,,,,Jan 14 2020 7:47:15.7540 PM,Jan 14 2020 7:47:15.7540 PM,0
36. PRESSURE,POTASSIUM,IN_PR_Mfg_ID,Action[10]: Rush:regexFirstMatch-Skip action because Condition not met-Condition: PRESSURE_CHIP_ID=='0x28',PASS,,,,,,,,,Jan 14 2020 7:47:15.7550 PM,Jan 14 2020 7:47:15.7550 PM,0
36. PRESSURE,POTASSIUM,Evaluate condition: PRESSURE_CHIP_ID=='0x28'-2,,PASS,,,,,,,,,Jan 14 2020 7:47:15.7570 PM,Jan 14 2020 7:47:15.7570 PM,0
36. PRESSURE,POTASSIUM,IN_PR_Chip_ID,Action[11]: Rush:regexFirstMatch-Skip action because Condition not met-Condition: PRESSURE_CHIP_ID=='0x28',PASS,,,,,,,,,Jan 14 2020 7:47:15.7580 PM,Jan 14 2020 7:47:15.7580 PM,0
36. PRESSURE,POTASSIUM,Evaluate condition: PRESSURE_CHIP_ID=='0x28'-3,,PASS,,,,,,,,,Jan 14 2020 7:47:15.7590 PM,Jan 14 2020 7:47:15.7590 PM,0
36. PRESSURE,POTASSIUM,IN_PR_Trim_Rev,Action[12]: Rush:regexFirstMatch-Skip action because Condition not met-Condition: PRESSURE_CHIP_ID=='0x28',PASS,,,,,,,,,Jan 14 2020 7:47:15.7600 PM,Jan 14 2020 7:47:15.7600 PM,0
36. PRESSURE,POTASSIUM,Potassium Connectivty,[EFIDut] sensor --sel pressure2 --c,PASS,,,,,,,,,Jan 14 2020 7:47:15.7640 PM,Jan 14 2020 7:47:15.8090 PM,.0452
36. PRESSURE,POTASSIUM,POTASSIUM_CONN_TEST_RESULT,,PASS,,,,,,,,,Jan 14 2020 7:47:15.8120 PM,Jan 14 2020 7:47:15.8120 PM,0
36. PRESSURE,POTASSIUM,Sample Potassium Data,[EFIDut] sensor --sel pressure2 --sample 50 --stats,PASS,,,,,,,,,Jan 14 2020 7:47:15.8150 PM,Jan 14 2020 7:47:18.1730 PM,2.358
36. PRESSURE,POTASSIUM,IN_PR_odr,,PASS,,24.837636,NA,32.5,22.5,,,NA,Jan 14 2020 7:47:18.1770 PM,Jan 14 2020 7:47:18.1770 PM,0
36. PRESSURE,POTASSIUM,IN_PR_press_average,,PASS,,95.075366,kPa,110,90,,,kPa,Jan 14 2020 7:47:18.1800 PM,Jan 14 2020 7:47:18.1800 PM,0
36. PRESSURE,POTASSIUM,IN_PR_temp_average,,PASS,,27.689609,C,45,15,,,C,Jan 14 2020 7:47:18.1840 PM,Jan 14 2020 7:47:18.1840 PM,0
36. PRESSURE,POTASSIUM,FR_POTASSIUM_STD_kPA,,PASS,,0.002067,NA,,,,,NA,Jan 14 2020 7:47:18.1870 PM,Jan 14 2020 7:47:18.1870 PM,0
36. PRESSURE,POTASSIUM,IN_PR_temp_std,,PASS,,0.009381,C.rms,0.175,0,,,C.rms,Jan 14 2020 7:47:18.1900 PM,Jan 14 2020 7:47:18.1900 PM,0
36. PRESSURE,POTASSIUM,IN_PR_press_max,,PASS,,95.08135900000001,kPa,110,90,,,kPa,Jan 14 2020 7:47:18.1930 PM,Jan 14 2020 7:47:18.1930 PM,0
36. PRESSURE,POTASSIUM,IN_PR_press_min,,PASS,,95.07049499999999,C,110,90,,,C,Jan 14 2020 7:47:18.1960 PM,Jan 14 2020 7:47:18.1960 PM,0
36. PRESSURE,POTASSIUM,IK_Range_kPA,,PASS,,0.010864,NA,,,,,,Jan 14 2020 7:47:18.1990 PM,Jan 14 2020 7:47:18.1990 PM,0
36. PRESSURE,POTASSIUM,FR_Potassium_bad_sample,,PASS,,0,NA,0,0,,,NA,Jan 14 2020 7:47:18.2020 PM,Jan 14 2020 7:47:18.2020 PM,0
36. PRESSURE,POTASSIUM,Calculate expression: (value0*1000),,PASS,,,,,,,,,Jan 14 2020 7:47:18.2070 PM,Jan 14 2020 7:47:18.2080 PM,.0001
36. PRESSURE,POTASSIUM,IN_PR_press_std,,PASS,,2.067,kPa.rms,4.5,0.001,,,kPa.rms,Jan 14 2020 7:47:18.2090 PM,Jan 14 2020 7:47:18.2090 PM,0
36. PRESSURE,POTASSIUM,Calculate expression: (value0*1000)-2,,PASS,,,,,,,,,Jan 14 2020 7:47:18.2140 PM,Jan 14 2020 7:47:18.2140 PM,0
36. PRESSURE,POTASSIUM,IN_PR_range,,PASS,,10.864,Pa,200,0.001,,,Pa,Jan 14 2020 7:47:18.2150 PM,Jan 14 2020 7:47:18.2150 PM,0
36. PRESSURE,POTASSIUM,Turn OFF Sensors (Potassium),[EFIDut] sensor --sel pressure2 --turnoff,PASS,,,,,,,,,Jan 14 2020 7:47:18.2180 PM,Jan 14 2020 7:47:18.2600 PM,.0421
37. COMPASS,,,,,,,,,,,,,Jan 14 2020 7:47:18.2650 PM,Jan 14 2020 7:47:21.1120 PM,2.8472
37. COMPASS,MOLYBDENUM,Turn on compass sensor,[EFIDut] sensor --sel compass --init,PASS,,,,,,,,,Jan 14 2020 7:47:18.2680 PM,Jan 14 2020 7:47:18.3160 PM,.0484
37. COMPASS,MOLYBDENUM,COMPASS_INIT_STATUS,,PASS,,,,,,,,,Jan 14 2020 7:47:18.3200 PM,Jan 14 2020 7:47:18.3200 PM,0
37. COMPASS,MOLYBDENUM,Get compass chip info,[EFIDut] sensor --sel compass --get,PASS,,,,,,,,,Jan 14 2020 7:47:18.3220 PM,Jan 14 2020 7:47:18.3710 PM,.0489
37. COMPASS,MOLYBDENUM,COMPASS_CHIP_ID,,PASS,,,,,,,,,Jan 14 2020 7:47:18.3750 PM,Jan 14 2020 7:47:18.3750 PM,0
37. COMPASS,MOLYBDENUM,Check compass connectivity,[EFIDut] sensor --sel compass --conntest,PASS,,,,,,,,,Jan 14 2020 7:47:18.3810 PM,Jan 14 2020 7:47:18.4810 PM,.1004
37. COMPASS,MOLYBDENUM,COMPASS_CONN_STATUS,,PASS,,,,,,,,,Jan 14 2020 7:47:18.4850 PM,Jan 14 2020 7:47:18.4850 PM,0
37. COMPASS,MOLYBDENUM,Run Compass selftest,[EFIDut] sensor --sel compass --exectest selftest,PASS,,,,,,,,,Jan 14 2020 7:47:18.4880 PM,Jan 14 2020 7:47:21.1000 PM,2.6119
37. COMPASS,MOLYBDENUM,Compass_Self_PMN_X,,PASS,,0,NA,,,,,,Jan 14 2020 7:47:21.1030 PM,Jan 14 2020 7:47:21.1030 PM,0
37. COMPASS,MOLYBDENUM,Compass_Self_PMN_Y,,PASS,,94.04989999999999,NA,,,,,,Jan 14 2020 7:47:21.1060 PM,Jan 14 2020 7:47:21.1060 PM,0
37. COMPASS,MOLYBDENUM,Compass_Self_PMN_Z,,PASS,,131.775,NA,,,,,,Jan 14 2020 7:47:21.1090 PM,Jan 14 2020 7:47:21.1090 PM,0
37. COMPASS,MOLYBDENUM,COMPAS_SELFTEST_STATUS,,PASS,,,,,,,,,Jan 14 2020 7:47:21.1120 PM,Jan 14 2020 7:47:21.1120 PM,0
38. COMPASS,,,,,,,,,,,,,Jan 14 2020 7:47:21.1150 PM,Jan 14 2020 7:47:21.2530 PM,.1385
38. COMPASS,QUIESCE_SYSTEM-2,Turn OFF Sensors (compass),[EFIDut] sensor --sel compass --turnoff,PASS,,,,,,,,,Jan 14 2020 7:47:21.1170 PM,Jan 14 2020 7:47:21.1610 PM,.0441
38. COMPASS,QUIESCE_SYSTEM-2,Turn OFF Sensors (lisa),[EFIDut] sensor --sel lisa --turnoff,PASS,,,,,,,,,Jan 14 2020 7:47:21.1660 PM,Jan 14 2020 7:47:21.2080 PM,.0426
38. COMPASS,QUIESCE_SYSTEM-2,Turn OFF Sensors (platinum),[EFIDut] sensor --sel platinum --turnoff,PASS,,,,,,,,,Jan 14 2020 7:47:21.2140 PM,Jan 14 2020 7:47:21.2520 PM,.0383
39. CODEC,,,,,,,,,,,,,Jan 14 2020 7:47:21.2550 PM,Jan 14 2020 7:47:21.7550 PM,.5003
39. CODEC,ARDMORE_TEST,Reset and Init Ardmore (DMIC in low power mode),[EFIDut] audio -r;socgpio --port 1 --pin 103 --output 1,PASS,,,,,,,,,Jan 14 2020 7:47:21.2580 PM,Jan 14 2020 7:47:21.3740 PM,.1162
39. CODEC,ARDMORE_TEST,Enable boots1to the routeaudio,[EFIDut] audioparam --block codec --set --param enable-boost1 --value true,PASS,,,,,,,,,Jan 14 2020 7:47:21.3780 PM,Jan 14 2020 7:47:21.4170 PM,.0394
39. CODEC,ARDMORE_TEST,Read Ardmore Voltages,[EFIDut] pmuadc --read buck3;pmuadc --read ldo6;pmuadc --read appmux_in2; pmuadc --read vddout,PASS,,,,,,,,,Jan 14 2020 7:47:21.4210 PM,Jan 14 2020 7:47:21.4940 PM,.0734
39. CODEC,ARDMORE_TEST,INIT_ARDMORE_PMUADC_BUCK3_SW3A,,PASS,,1790.4781,mV,1810,1770,,,mV,Jan 14 2020 7:47:21.4980 PM,Jan 14 2020 7:47:21.4980 PM,0
39. CODEC,ARDMORE_TEST,INIT_ARDMORE_PMUADC_LDO6,,PASS,,1798.6954,mV,1850,1750,,,mV,Jan 14 2020 7:47:21.5010 PM,Jan 14 2020 7:47:21.5010 PM,0
39. CODEC,ARDMORE_TEST,INIT_ARDMORE_PMUADC_APPMUX_IN2,,PASS,,2532.8164,mV,2750,2400,,,mV,Jan 14 2020 7:47:21.5040 PM,Jan 14 2020 7:47:21.5040 PM,0
39. CODEC,ARDMORE_TEST,INIT_ARDMORE_PMUADC_VDDOUT,,PASS,,4205.1282,mV,5000,3500,,,mV,Jan 14 2020 7:47:21.5070 PM,Jan 14 2020 7:47:21.5070 PM,0
39. CODEC,ARDMORE_TEST,Read Ardmore Currents,[EFIDut] pmuadc --read ibuck3 --stats 50;pmuadc --read ildo6 --stats 50,PASS,,,,,,,,,Jan 14 2020 7:47:21.5100 PM,Jan 14 2020 7:47:21.6930 PM,.183
39. CODEC,ARDMORE_TEST,INIT_ARDMORE_PMUADC_IBUCK3,,PASS,,14.2476,mA,22,3,,,mA,Jan 14 2020 7:47:21.6970 PM,Jan 14 2020 7:47:21.6970 PM,0
39. CODEC,ARDMORE_TEST,INIT_ARDMORE_PMUADC_ILDO6,,PASS,,7.2505,mA,15,0,,,mA,Jan 14 2020 7:47:21.6990 PM,Jan 14 2020 7:47:21.6990 PM,0
39. CODEC,ARDMORE_TEST,Read Ardmore ATE Rev and ID,[EFIDut] audioreg -b codec -r -a 0x2001;audioreg -b codec -r -a 0x2002,PASS,,,,,,,,,Jan 14 2020 7:47:21.7030 PM,Jan 14 2020 7:47:21.7490 PM,.0459
39. CODEC,ARDMORE_TEST,ARDMORE_CHIP_ID_HI,,PASS,,,,,,,,,Jan 14 2020 7:47:21.7520 PM,Jan 14 2020 7:47:21.7520 PM,0
39. CODEC,ARDMORE_TEST,ARDMORE_CHIP_ID_LO,,PASS,,,,,,,,,Jan 14 2020 7:47:21.7550 PM,Jan 14 2020 7:47:21.7550 PM,0
40. SPAM,,,,,,,,,,,,,Jan 14 2020 7:47:21.7580 PM,Jan 14 2020 7:47:25.3440 PM,3.5866
40. SPAM,BASEBAND,EFIDut,close,PASS,,,,,,,,,Jan 14 2020 7:47:21.7600 PM,Jan 14 2020 7:47:21.7610 PM,.0004
40. SPAM,BASEBAND,Evaluate condition: (DUT_TYPE CONTAINS 'N142') && (MLB_CFG!='KR11') && (MLB_CFG!='KR31') && (MLB_CFG!='KR21') && (MLB_CFG!='KR41'),,PASS,,,,,,,,,Jan 14 2020 7:47:21.7630 PM,Jan 14 2020 7:47:21.7630 PM,.0001
40. SPAM,BASEBAND,Enable SPAM Debug Power,/Users/gdlocal/scripts/spamtool dbgpwron /dev/cu.usbserial-A908X8CJ,PASS,,,,,,,,,Jan 14 2020 7:47:23.2800 PM,Jan 14 2020 7:47:23.2800 PM,0
40. SPAM,BASEBAND,Evaluate condition: (DUT_TYPE CONTAINS 'N142') && (MLB_CFG!='KR11') && (MLB_CFG!='KR31') && (MLB_CFG!='KR21') && (MLB_CFG!='KR41')-2,,PASS,,,,,,,,,Jan 14 2020 7:47:23.2820 PM,Jan 14 2020 7:47:23.2820 PM,.0001
40. SPAM,BASEBAND,Delay 2000ms,,PASS,,,,,,,,,Jan 14 2020 7:47:23.2850 PM,Jan 14 2020 7:47:23.2850 PM,0
40. SPAM,BASEBAND,EFIDut,open,PASS,,,,,,,,,Jan 14 2020 7:47:25.2910 PM,Jan 14 2020 7:47:25.3430 PM,.0527
41. SENSOR,,,,,,,,,,,,,Jan 14 2020 7:47:25.3460 PM,Jan 14 2020 7:47:27.4110 PM,2.0652
41. SENSOR,CARNELIAN,Initialize Carnelian,[EFIDut] sensor --sel platinum --init;,PASS,,,,,,,,,Jan 14 2020 7:47:25.3490 PM,Jan 14 2020 7:47:26.8490 PM,1.5003
41. SENSOR,CARNELIAN,Set up Carnelian,[EFIDut] sensorreg -s platinum --write 0xC2 0x0000; sensorreg -s platinum --write 0xC6 0x0000,PASS,,,,,,,,,Jan 14 2020 7:47:26.8530 PM,Jan 14 2020 7:47:26.9080 PM,.0552
41. SENSOR,CARNELIAN,run bcm_test for 100ms,"[EFIDut] sensor --sel platinum -e bcm_test --testopts ""--time 100 --avg 100 --start 1""",PASS,,,,,,,,,Jan 14 2020 7:47:26.9120 PM,Jan 14 2020 7:47:27.2700 PM,.3579
41. SENSOR,CARNELIAN,X1013_DCS_LON_SIG_AVG_HR00,,PASS,,427855.96,NA,,20000,,,NA,Jan 14 2020 7:47:27.2740 PM,Jan 14 2020 7:47:27.2740 PM,0
41. SENSOR,CARNELIAN,X1013_DCS_LON_SIG_AVGG_HR10,,PASS,,1867120.04,NA,,20000,,,NA,Jan 14 2020 7:47:27.2770 PM,Jan 14 2020 7:47:27.2770 PM,0
41. SENSOR,CARNELIAN,X1013_DCS_LON_SIG_AVGG_HR20,,PASS,,7813261.87,NA,,20000,,,NA,Jan 14 2020 7:47:27.2800 PM,Jan 14 2020 7:47:27.2800 PM,0
41. SENSOR,CARNELIAN,X1013_DCS_LON_SIG_AVGG_HR30,,PASS,,3613968.6,NA,,20000,,,NA,Jan 14 2020 7:47:27.2830 PM,Jan 14 2020 7:47:27.2830 PM,0
41. SENSOR,CARNELIAN,X1013_DCS_LON_SIG_AVGG_HR40,,PASS,,7809834.16,NA,,20000,,,NA,Jan 14 2020 7:47:27.2860 PM,Jan 14 2020 7:47:27.2860 PM,0
41. SENSOR,CARNELIAN,X1013_DCS_LON_SIG_AVGG_HR50,,PASS,,6948849.79,NA,,20000,,,NA,Jan 14 2020 7:47:27.2890 PM,Jan 14 2020 7:47:27.2890 PM,0
41. SENSOR,CARNELIAN,X1013_DCS_LON_SIG_AVGG_HR01,,PASS,,439059.03,NA,,20000,,,NA,Jan 14 2020 7:47:27.2920 PM,Jan 14 2020 7:47:27.2920 PM,0
41. SENSOR,CARNELIAN,X1013_DCS_LON_SIG_AVGG_HR11,,PASS,,1023322.23,NA,,20000,,,NA,Jan 14 2020 7:47:27.2950 PM,Jan 14 2020 7:47:27.2950 PM,0
41. SENSOR,CARNELIAN,X1013_DCS_LON_SIG_AVGG_HR21,,PASS,,4296386.04,NA,,20000,,,NA,Jan 14 2020 7:47:27.2980 PM,Jan 14 2020 7:47:27.2980 PM,0
41. SENSOR,CARNELIAN,X1013_DCS_LON_SIG_AVGG_HR31,,PASS,,6105154.4,NA,,20000,,,NA,Jan 14 2020 7:47:27.3010 PM,Jan 14 2020 7:47:27.3010 PM,0
41. SENSOR,CARNELIAN,X1013_DCS_LON_SIG_AVGG_HR41,,PASS,,3383121.39,NA,,20000,,,NA,Jan 14 2020 7:47:27.3040 PM,Jan 14 2020 7:47:27.3040 PM,0
41. SENSOR,CARNELIAN,X1013_DCS_LON_SIG_AVGG_HR51,,PASS,,7351539.48,NA,,20000,,,NA,Jan 14 2020 7:47:27.3070 PM,Jan 14 2020 7:47:27.3070 PM,0
41. SENSOR,CARNELIAN,platinum off,[EFIDut] sensor --sel platinum --turnoff,PASS,,,,,,,,,Jan 14 2020 7:47:27.3100 PM,Jan 14 2020 7:47:27.3540 PM,.0445
41. SENSOR,CARNELIAN,Audio off,[EFIDut] audio -f,PASS,,,,,,,,,Jan 14 2020 7:47:27.3580 PM,Jan 14 2020 7:47:27.4100 PM,.0523
42. BUTTON,,,,,,,,,,,,,Jan 14 2020 7:47:27.4140 PM,Jan 14 2020 7:47:30.1370 PM,2.7226
42. BUTTON,BUTTONS_CHECK,Check IDLE Button,[EFIDut] i2c -z 2 -d 5 0x3c 0x1907 1,PASS,,,,,,,,,Jan 14 2020 7:47:27.4170 PM,Jan 14 2020 7:47:27.4640 PM,.0472
42. BUTTON,BUTTONS_CHECK,BUTTON_1_2_STAT,,PASS,,10000111,NA,,,,,,Jan 14 2020 7:47:27.4700 PM,Jan 14 2020 7:47:27.4700 PM,0
42. BUTTON,BUTTONS_CHECK,IDLEBUTTON_1_EXPECT_1_1,,PASS,,1,NA,1,1,,,NA,Jan 14 2020 7:47:27.4700 PM,Jan 14 2020 7:47:27.4700 PM,0
42. BUTTON,BUTTONS_CHECK,IDLEBUTTON_2_EXPECT_1_1,,PASS,,1,NA,1,1,,,NA,Jan 14 2020 7:47:27.4700 PM,Jan 14 2020 7:47:27.4700 PM,0
42. BUTTON,BUTTONS_CHECK,Fixture Press Button2,[Fixture] Button2 ON,PASS,,,,,,,,,Jan 14 2020 7:47:27.4740 PM,Jan 14 2020 7:47:29.4070 PM,1.9331
42. BUTTON,BUTTONS_CHECK,Check Press Button 2,[EFIDut] pmustat btn,PASS,,,,,,,,,Jan 14 2020 7:47:29.4110 PM,Jan 14 2020 7:47:29.4450 PM,.0342
42. BUTTON,BUTTONS_CHECK,BUTTON_2_EXPECT_1_0,,PASS,,0,NA,0,0,,,NA,Jan 14 2020 7:47:29.4490 PM,Jan 14 2020 7:47:29.4490 PM,0
42. BUTTON,BUTTONS_CHECK,Fixture Release Button2,[Fixture] Button2 OFF,PASS,,,,,,,,,Jan 14 2020 7:47:29.4520 PM,Jan 14 2020 7:47:30.0950 PM,.6428
42. BUTTON,BUTTONS_CHECK,Check Release Button 2,[EFIDut] pmustat btn,PASS,,,,,,,,,Jan 14 2020 7:47:30.0980 PM,Jan 14 2020 7:47:30.1320 PM,.034
42. BUTTON,BUTTONS_CHECK,BUTTON_2_EXPECT_1_1,,PASS,,1,NA,1,1,,,NA,Jan 14 2020 7:47:30.1360 PM,Jan 14 2020 7:47:30.1360 PM,0
43. BUTTON,,,,,,,,,,,,,Jan 14 2020 7:47:30.1390 PM,Jan 14 2020 7:47:32.1040 PM,1.965
43. BUTTON,DOUBLE_CLICK,Configure Double Click Timing to 400ms. Note 400ms is the max setting,[EFIDut] pmureg -w 0 0x1902 0x19,PASS,,,,,,,,,Jan 14 2020 7:47:30.1420 PM,Jan 14 2020 7:47:30.1800 PM,.0387
43. BUTTON,DOUBLE_CLICK,Double Click the Button1,[Fixture] Button1 Twice,PASS,,,,,,,,,Jan 14 2020 7:47:30.1850 PM,Jan 14 2020 7:47:32.0610 PM,1.8759
43. BUTTON,DOUBLE_CLICK,Read PMU register for Double Click Event Button1,[EFIDut] pmureg -r 0 0x1902,PASS,,,,,,,,,Jan 14 2020 7:47:32.0640 PM,Jan 14 2020 7:47:32.0970 PM,.033
43. BUTTON,DOUBLE_CLICK,PMU_BUTTON_EVENT_DET_BUTTON_1,,PASS,,,,,,,,,Jan 14 2020 7:47:32.1030 PM,Jan 14 2020 7:47:32.1030 PM,0
43. BUTTON,DOUBLE_CLICK,DOUBLE_CLICK_DET_EVENT_BUTTON_1,,PASS,,1,NA,1,1,,,NA,Jan 14 2020 7:47:32.1030 PM,Jan 14 2020 7:47:32.1030 PM,0
44. RADIO,,,,,,,,,,,,,Jan 14 2020 7:47:32.1060 PM,Jan 14 2020 7:47:32.1190 PM,.0132
44. RADIO,GERMANIUM,Evaluate condition: DUT_TYPE CONTAINS '140',,PASS,,,,,,,,,Jan 14 2020 7:47:32.1070 PM,Jan 14 2020 7:47:32.1070 PM,0
44. RADIO,GERMANIUM,Turn Germanium ON,Action[0]: EFIDut:sendCommand-Skip action because Condition not met-Condition: DUT_TYPE CONTAINS '140',PASS,,,,,,,,,Jan 14 2020 7:47:32.1080 PM,Jan 14 2020 7:47:32.1080 PM,0
44. RADIO,GERMANIUM,Evaluate condition: DUT_TYPE CONTAINS '140'-2,,PASS,,,,,,,,,Jan 14 2020 7:47:32.1100 PM,Jan 14 2020 7:47:32.1100 PM,0
44. RADIO,GERMANIUM,Germanium Test,Action[1]: EFIDut:sendCommand-Skip action because Condition not met-Condition: DUT_TYPE CONTAINS '140',PASS,,,,,,,,,Jan 14 2020 7:47:32.1110 PM,Jan 14 2020 7:47:32.1110 PM,0
44. RADIO,GERMANIUM,Evaluate condition: DUT_TYPE CONTAINS '140'-3,,PASS,,,,,,,,,Jan 14 2020 7:47:32.1120 PM,Jan 14 2020 7:47:32.1120 PM,0
44. RADIO,GERMANIUM,GPS_LOAD_FIRMWARE_COMPLETE,Action[2]: Rush:regexFirstMatch-Skip action because Condition not met-Condition: DUT_TYPE CONTAINS '140',PASS,,,,,,,,,Jan 14 2020 7:47:32.1140 PM,Jan 14 2020 7:47:32.1140 PM,0
44. RADIO,GERMANIUM,Evaluate condition: DUT_TYPE CONTAINS '140'-4,,PASS,,,,,,,,,Jan 14 2020 7:47:32.1150 PM,Jan 14 2020 7:47:32.1150 PM,0
44. RADIO,GERMANIUM,GPS_FIRMWARE_VERSION,Action[3]: Rush:regexFirstMatch-Skip action because Condition not met-Condition: DUT_TYPE CONTAINS '140',PASS,,,,,,,,,Jan 14 2020 7:47:32.1160 PM,Jan 14 2020 7:47:32.1160 PM,0
44. RADIO,GERMANIUM,Evaluate condition: DUT_TYPE CONTAINS '140'-5,,PASS,,,,,,,,,Jan 14 2020 7:47:32.1180 PM,Jan 14 2020 7:47:32.1180 PM,0
44. RADIO,GERMANIUM,Germanium Test,Action[4]: EFIDut:sendCommand-Skip action because Condition not met-Condition: DUT_TYPE CONTAINS '140',PASS,,,,,,,,,Jan 14 2020 7:47:32.1190 PM,Jan 14 2020 7:47:32.1190 PM,0
45. RADIO,,,,,,,,,,,,,Jan 14 2020 7:47:32.1210 PM,Jan 14 2020 7:47:36.0890 PM,3.9682
45. RADIO,BASEBAND_1,Evaluate condition: DUT_TYPE CONTAINS '142',,PASS,,,,,,,,,Jan 14 2020 7:47:32.1220 PM,Jan 14 2020 7:47:32.1230 PM,0
45. RADIO,BASEBAND_1,Baseband Quick Test and Properties,[EFIDut] bbon;baseband --properties,PASS,,,,,,,,,Jan 14 2020 7:47:32.1260 PM,Jan 14 2020 7:47:36.0830 PM,3.9567
45. RADIO,BASEBAND_1,Evaluate condition: DUT_TYPE CONTAINS '142'-2,,PASS,,,,,,,,,Jan 14 2020 7:47:36.0850 PM,Jan 14 2020 7:47:36.0850 PM,0
45. RADIO,BASEBAND_1,BASEBAND_SERIAL_NO,,PASS,,9223372036854775807,NA,,,,,,Jan 14 2020 7:47:36.0890 PM,Jan 14 2020 7:47:36.0890 PM,0
46. RADIO,,,,,,,,,,,,,Jan 14 2020 7:47:36.0910 PM,Jan 14 2020 7:47:36.1850 PM,.0938
46. RADIO,VINYL_TEST_1,Evaluate condition: DUT_TYPE CONTAINS '142',,PASS,,,,,,,,,Jan 14 2020 7:47:36.0930 PM,Jan 14 2020 7:47:36.0930 PM,0
46. RADIO,VINYL_TEST_1,Vinyl Check Test,"[EFIDut] baseband --send_cmd ""at@vinyl:get_eid(1)""",PASS,,,,,,,,,Jan 14 2020 7:47:36.0960 PM,Jan 14 2020 7:47:36.1780 PM,.0822
46. RADIO,VINYL_TEST_1,Evaluate condition: DUT_TYPE CONTAINS '142'-2,,PASS,,,,,,,,,Jan 14 2020 7:47:36.1810 PM,Jan 14 2020 7:47:36.1810 PM,0
46. RADIO,VINYL_TEST_1,VINYL_CHECK_STATUS,,PASS,,,,,,,,,Jan 14 2020 7:47:36.1850 PM,Jan 14 2020 7:47:36.1850 PM,0
47. RADIO,,,,,,,,,,,,,Jan 14 2020 7:47:36.1870 PM,Jan 14 2020 7:47:36.7470 PM,.5599
47. RADIO,BASEBAND_2,Evaluate condition: DUT_TYPE CONTAINS '142',,PASS,,,,,,,,,Jan 14 2020 7:47:36.1880 PM,Jan 14 2020 7:47:36.1880 PM,0
47. RADIO,BASEBAND_2,init BCM ANT connection test,"[EFIDut] baseband --send_cmd ""at@xns:init()""",PASS,,,,,,,,,Jan 14 2020 7:47:36.1920 PM,Jan 14 2020 7:47:36.2950 PM,.1035
47. RADIO,BASEBAND_2,Evaluate condition: DUT_TYPE CONTAINS '142'-2,,PASS,,,,,,,,,Jan 14 2020 7:47:36.2980 PM,Jan 14 2020 7:47:36.2980 PM,0
47. RADIO,BASEBAND_2,scan BCM ANT Tunner,"[EFIDut] baseband --send at@xns:rffe_scan(1,2,0,15)",PASS,,,,,,,,,Jan 14 2020 7:47:36.3020 PM,Jan 14 2020 7:47:36.7120 PM,.4099
47. RADIO,BASEBAND_2,Evaluate condition: DUT_TYPE CONTAINS '142'-3,,PASS,,,,,,,,,Jan 14 2020 7:47:36.7150 PM,Jan 14 2020 7:47:36.7150 PM,0
47. RADIO,BASEBAND_2,TUNNER_CHECK_1,,PASS,,32,NA,32,32,,,NA,Jan 14 2020 7:47:36.7190 PM,Jan 14 2020 7:47:36.7190 PM,0
47. RADIO,BASEBAND_2,Evaluate condition: DUT_TYPE CONTAINS '142'-4,,PASS,,,,,,,,,Jan 14 2020 7:47:36.7210 PM,Jan 14 2020 7:47:36.7210 PM,0
47. RADIO,BASEBAND_2,TUNNER_CHECK_2,,PASS,,32,NA,32,32,,,NA,Jan 14 2020 7:47:36.7240 PM,Jan 14 2020 7:47:36.7240 PM,0
47. RADIO,BASEBAND_2,Evaluate condition: DUT_TYPE CONTAINS '142'-5,,PASS,,,,,,,,,Jan 14 2020 7:47:36.7260 PM,Jan 14 2020 7:47:36.7260 PM,0
47. RADIO,BASEBAND_2,TUNNER_CHECK_3,,PASS,,38,NA,38,38,,,NA,Jan 14 2020 7:47:36.7300 PM,Jan 14 2020 7:47:36.7300 PM,0
47. RADIO,BASEBAND_2,Evaluate condition: DUT_TYPE CONTAINS '142'-6,,PASS,,,,,,,,,Jan 14 2020 7:47:36.7320 PM,Jan 14 2020 7:47:36.7320 PM,0
47. RADIO,BASEBAND_2,TUNNER_CHECK_4,,PASS,,36,NA,36,36,,,NA,Jan 14 2020 7:47:36.7360 PM,Jan 14 2020 7:47:36.7360 PM,0
47. RADIO,BASEBAND_2,Evaluate condition: DUT_TYPE CONTAINS '142'-7,,PASS,,,,,,,,,Jan 14 2020 7:47:36.7370 PM,Jan 14 2020 7:47:36.7370 PM,0
47. RADIO,BASEBAND_2,TUNNER_CHECK_5,,PASS,,34,NA,34,34,,,NA,Jan 14 2020 7:47:36.7410 PM,Jan 14 2020 7:47:36.7410 PM,0
47. RADIO,BASEBAND_2,Evaluate condition: DUT_TYPE CONTAINS '142'-8,,PASS,,,,,,,,,Jan 14 2020 7:47:36.7430 PM,Jan 14 2020 7:47:36.7430 PM,0
47. RADIO,BASEBAND_2,TUNNER_CHECK_6,,PASS,,36,NA,36,36,,,NA,Jan 14 2020 7:47:36.7460 PM,Jan 14 2020 7:47:36.7460 PM,0
48. RADIO,,,,,,,,,,,,,Jan 14 2020 7:47:36.7490 PM,Jan 14 2020 7:47:37.1440 PM,.3952
48. RADIO,VINYL_TEST_2,Evaluate condition: DUT_TYPE CONTAINS '142',,PASS,,,,,,,,,Jan 14 2020 7:47:36.7510 PM,Jan 14 2020 7:47:36.7510 PM,0
48. RADIO,VINYL_TEST_2,Turn off Baseband when done,[EFIDut] baseband --off,PASS,,,,,,,,,Jan 14 2020 7:47:36.7540 PM,Jan 14 2020 7:47:37.1430 PM,.3889
49. POWER,,,,,,,,,,,,,Jan 14 2020 7:47:37.1460 PM,Jan 14 2020 7:47:37.1760 PM,.0301
49. POWER,END_QUIESCE_SYSTEM,clear the debug interrupt,[EFIDut] tristar -r '0x0d',PASS,,,,,,,,,Jan 14 2020 7:47:37.1490 PM,Jan 14 2020 7:47:37.1750 PM,.0264
50. Process,,,,,,,,,,,,,Jan 14 2020 7:47:37.1780 PM,Jan 14 2020 7:47:37.2880 PM,.11
50. Process,SET_NVRAM,Set Auto-Boot to false,[EFIDut] nvram --set auto-boot false,PASS,,,,,,,,,Jan 14 2020 7:47:37.1810 PM,Jan 14 2020 7:47:37.2070 PM,.0265
50. Process,SET_NVRAM,NVRAM save,[EFIDut] nvram --save,PASS,,,,,,,,,Jan 14 2020 7:47:37.2110 PM,Jan 14 2020 7:47:37.2870 PM,.076
51. Process,,,,,,,,,,,,,Jan 14 2020 7:47:37.2900 PM,Jan 14 2020 7:47:37.3990 PM,.1083
51. Process,Dut Close-2,EFIDut,close,PASS,,,,,,,,,Jan 14 2020 7:47:37.2930 PM,Jan 14 2020 7:47:37.2940 PM,.0003
51. Process,Dut Close-2,Delay 100ms,,PASS,,,,,,,,,Jan 14 2020 7:47:37.2980 PM,Jan 14 2020 7:47:37.2980 PM,0
52. Process,,,,,,,,,,,,,Jan 14 2020 7:47:37.4010 PM,Jan 14 2020 7:47:37.4630 PM,.062
52. Process,Copy Log,Create Folder,mkdir -p /Users/gdlocal/TestLog/AtlasLogs-NGQ97FH9XC-2020-01-14-194737,PASS,,,,,,,,,Jan 14 2020 7:47:37.4100 PM,Jan 14 2020 7:47:37.4150 PM,.0051
52. Process,Copy Log,Copy Attributes.csv To Folder,cp /vault/Atlas/Hyperion/Unit_1_AB86A3/AtlasLogs/Attributes.csv /Users/gdlocal/TestLog/AtlasLogs-NGQ97FH9XC-2020-01-14-194737/Attributes-QT0-NGQ97FH9XC.csv,PASS,,,,,,,,,Jan 14 2020 7:47:37.4170 PM,Jan 14 2020 7:47:37.4230 PM,.0054
52. Process,Copy Log,Copy Failures.csv To Folder,cp /vault/Atlas/Hyperion/Unit_1_AB86A3/AtlasLogs/Failures.csv /Users/gdlocal/TestLog/AtlasLogs-NGQ97FH9XC-2020-01-14-194737/Failures-QT0-NGQ97FH9XC.csv,PASS,,,,,,,,,Jan 14 2020 7:47:37.4240 PM,Jan 14 2020 7:47:37.4300 PM,.0053
52. Process,Copy Log,Copy unit.log To Folder,cp /vault/Atlas/Hyperion/Unit_1_AB86A3/AtlasLogs/unit.log /Users/gdlocal/TestLog/AtlasLogs-NGQ97FH9XC-2020-01-14-194737/unit-QT0-NGQ97FH9XC.log,PASS,,,,,,,,,Jan 14 2020 7:47:37.4320 PM,Jan 14 2020 7:47:37.4390 PM,.007
52. Process,Copy Log,Copy pdcaSummary.csv To Folder,cp /vault/Atlas/Hyperion/Unit_1_AB86A3/AtlasLogs/Plugins/DRCB/pdcaSummary.csv /Users/gdlocal/TestLog/AtlasLogs-NGQ97FH9XC-2020-01-14-194737/pdcaSummary-QT0-NGQ97FH9XC.csv,PASS,,,,,,,,,Jan 14 2020 7:47:37.4400 PM,Jan 14 2020 7:47:37.4460 PM,.0054
52. Process,Copy Log,Copy rawuart.log To Folder,cp /vault/Atlas/Hyperion/Unit_1_AB86A3/AtlasLogs/Plugins/EFIDut/rawuart.log /Users/gdlocal/TestLog/AtlasLogs-NGQ97FH9XC-2020-01-14-194737/rawuart-QT0-NGQ97FH9XC.log,PASS,,,,,,,,,Jan 14 2020 7:47:37.4470 PM,Jan 14 2020 7:47:37.4520 PM,.0047
52. Process,Copy Log,Copy gh_station_info.json To Folder,cp /vault/data_collection/test_station_config/gh_station_info.json /Users/gdlocal/TestLog/AtlasLogs-NGQ97FH9XC-2020-01-14-194737/QT0-NGQ97FH9XC-gh_station_info.json,PASS,,,,,,,,,Jan 14 2020 7:47:37.4540 PM,Jan 14 2020 7:47:37.4580 PM,.0047
52. Process,Copy Log,DRCB,AddBlob,PASS,,,,,,,,,Jan 14 2020 7:47:37.4610 PM,Jan 14 2020 7:47:37.4610 PM,.0004
53. Process,,,,,,,,,,,,,Jan 14 2020 7:47:37.4650 PM,Jan 14 2020 7:47:38.1510 PM,.6864
53. Process,Finish DRCB,DRCB,Finish,PASS,,,,,,,,,Jan 14 2020 7:47:37.4700 PM,Jan 14 2020 7:47:38.1500 PM,.6803
54. Process,,,,,,,,,,,,,Jan 14 2020 7:47:38.1530 PM,Jan 14 2020 7:47:41.5120 PM,3.3585
54. Process,TEST_END,EFIDut,open,PASS,,,,,,,,,Jan 14 2020 7:47:38.1560 PM,Jan 14 2020 7:47:38.2120 PM,.0552
54. Process,TEST_END,Evaluate condition: DUT_TYPE CONTAINS 'N140',,PASS,,,,,,,,,Jan 14 2020 7:47:38.2150 PM,Jan 14 2020 7:47:38.2150 PM,0
54. Process,TEST_END,TEST_END,Action[1]: EFIDut:sendCommand-Skip action because Condition not met-Condition: DUT_TYPE CONTAINS 'N140',PASS,,,,,,,,,Jan 14 2020 7:47:38.2160 PM,Jan 14 2020 7:47:38.2160 PM,0
54. Process,TEST_END,TEST_END,[EFIDut] shutdown,PASS,,,,,,,,,Jan 14 2020 7:47:38.2190 PM,Jan 14 2020 7:47:39.2850 PM,1.0657
54. Process,TEST_END,TEST_END,[Fixture] Reset,PASS,,,,,,,,,Jan 14 2020 7:47:39.2890 PM,Jan 14 2020 7:47:41.5070 PM,2.2181
54. Process,TEST_END,EFIDut,close,PASS,,,,,,,,,Jan 14 2020 7:47:41.5100 PM,Jan 14 2020 7:47:41.5110 PM,.0004
