Test,Plugin,Command,Status,Info,Start Time,End Time,Duration (s)
,StationUtils,checkPredicateFormat,PASS,,Jan 14 2020 7:46:45.9860 PM,Jan 14 2020 7:46:45.9860 PM,.0005
,StationUtils,checkPredicateFormat,PASS,,Jan 14 2020 7:46:45.9900 PM,Jan 14 2020 7:46:45.9900 PM,.0006
,StationUtils,checkPredicateFormat,PASS,,Jan 14 2020 7:46:45.9960 PM,Jan 14 2020 7:46:45.9960 PM,.0003
,StationUtils,checkPredicateFormat,PASS,,Jan 14 2020 7:46:45.9990 PM,Jan 14 2020 7:46:46.0000 PM,.0003
,StationUtils,checkPredicateFormat,PASS,,Jan 14 2020 7:46:46.0300 PM,Jan 14 2020 7:46:46.0300 PM,.0003
,StationUtils,checkPredicateFormat,PASS,,Jan 14 2020 7:46:46.0330 PM,Jan 14 2020 7:46:46.0340 PM,.0003
,StationUtils,checkPredicateFormat,PASS,,Jan 14 2020 7:46:46.0590 PM,Jan 14 2020 7:46:46.0600 PM,.0003
,StationUtils,checkPredicateFormat,PASS,,Jan 14 2020 7:46:46.2440 PM,Jan 14 2020 7:46:46.2450 PM,.0003
,StationUtils,checkPredicateFormat,PASS,,Jan 14 2020 7:46:46.2480 PM,Jan 14 2020 7:46:46.2480 PM,.0004
,StationUtils,checkPredicateFormat,PASS,,Jan 14 2020 7:46:46.2510 PM,Jan 14 2020 7:46:46.2520 PM,.0003
,StationUtils,checkPredicateFormat,PASS,,Jan 14 2020 7:46:46.2550 PM,Jan 14 2020 7:46:46.2560 PM,.0003
,StationUtils,checkPredicateFormat,PASS,,Jan 14 2020 7:46:46.2590 PM,Jan 14 2020 7:46:46.2600 PM,.0007
,StationUtils,checkPredicateFormat,PASS,,Jan 14 2020 7:46:46.2640 PM,Jan 14 2020 7:46:46.2640 PM,.0003
,StationUtils,checkPredicateFormat,PASS,,Jan 14 2020 7:46:46.2670 PM,Jan 14 2020 7:46:46.2680 PM,.0003
,StationUtils,checkPredicateFormat,PASS,,Jan 14 2020 7:46:46.2710 PM,Jan 14 2020 7:46:46.2710 PM,.0003
,StationUtils,checkPredicateFormat,PASS,,Jan 14 2020 7:46:46.2740 PM,Jan 14 2020 7:46:46.2740 PM,.0003
,StationUtils,checkPredicateFormat,PASS,,Jan 14 2020 7:46:46.2790 PM,Jan 14 2020 7:46:46.2790 PM,.0003
,StationUtils,checkPredicateFormat,PASS,,Jan 14 2020 7:46:46.2820 PM,Jan 14 2020 7:46:46.2830 PM,.0003
,StationUtils,checkPredicateFormat,PASS,,Jan 14 2020 7:46:46.2860 PM,Jan 14 2020 7:46:46.2860 PM,.0005
,StationUtils,checkPredicateFormat,PASS,,Jan 14 2020 7:46:46.2890 PM,Jan 14 2020 7:46:46.2900 PM,.0003
,StationUtils,checkPredicateFormat,PASS,,Jan 14 2020 7:46:46.3060 PM,Jan 14 2020 7:46:46.3060 PM,.0003
,StationUtils,checkPredicateFormat,PASS,,Jan 14 2020 7:46:46.3090 PM,Jan 14 2020 7:46:46.3090 PM,.0003
,StationUtils,checkPredicateFormat,PASS,,Jan 14 2020 7:46:46.3120 PM,Jan 14 2020 7:46:46.3130 PM,.0003
,StationUtils,checkPredicateFormat,PASS,,Jan 14 2020 7:46:46.3150 PM,Jan 14 2020 7:46:46.3150 PM,.0003
,StationUtils,checkPredicateFormat,PASS,,Jan 14 2020 7:46:46.3180 PM,Jan 14 2020 7:46:46.3190 PM,.0004
,StationUtils,checkPredicateFormat,PASS,,Jan 14 2020 7:46:46.3210 PM,Jan 14 2020 7:46:46.3220 PM,.0003
,StationUtils,checkPredicateFormat,PASS,,Jan 14 2020 7:46:46.3240 PM,Jan 14 2020 7:46:46.3250 PM,.0003
,StationUtils,checkPredicateFormat,PASS,,Jan 14 2020 7:46:46.3270 PM,Jan 14 2020 7:46:46.3280 PM,.0003
,StationUtils,checkPredicateFormat,PASS,,Jan 14 2020 7:46:46.3300 PM,Jan 14 2020 7:46:46.3300 PM,.0003
,StationUtils,checkPredicateFormat,PASS,,Jan 14 2020 7:46:46.3330 PM,Jan 14 2020 7:46:46.3330 PM,.0003
,StationUtils,checkPredicateFormat,PASS,,Jan 14 2020 7:46:46.3360 PM,Jan 14 2020 7:46:46.3360 PM,.0003
,StationUtils,checkPredicateFormat,PASS,,Jan 14 2020 7:46:46.3420 PM,Jan 14 2020 7:46:46.3430 PM,.0004
,StationUtils,checkPredicateFormat,PASS,,Jan 14 2020 7:46:46.3480 PM,Jan 14 2020 7:46:46.3490 PM,.0003
,StationUtils,checkPredicateFormat,PASS,,Jan 14 2020 7:46:46.5280 PM,Jan 14 2020 7:46:46.5280 PM,.0003
,StationUtils,checkPredicateFormat,PASS,,Jan 14 2020 7:46:46.5310 PM,Jan 14 2020 7:46:46.5320 PM,.0003
,StationUtils,checkPredicateFormat,PASS,,Jan 14 2020 7:46:46.5860 PM,Jan 14 2020 7:46:46.5870 PM,.0003
,StationUtils,checkPredicateFormat,PASS,,Jan 14 2020 7:46:46.5900 PM,Jan 14 2020 7:46:46.5900 PM,.0003
,StationUtils,checkPredicateFormat,PASS,,Jan 14 2020 7:46:46.5940 PM,Jan 14 2020 7:46:46.5940 PM,.0003
,StationUtils,checkPredicateFormat,PASS,,Jan 14 2020 7:46:46.5970 PM,Jan 14 2020 7:46:46.5970 PM,.0003
,StationUtils,checkPredicateFormat,PASS,,Jan 14 2020 7:46:46.6010 PM,Jan 14 2020 7:46:46.6010 PM,.0003
,StationUtils,checkPredicateFormat,PASS,,Jan 14 2020 7:46:46.6040 PM,Jan 14 2020 7:46:46.6050 PM,.0003
,StationUtils,checkPredicateFormat,PASS,,Jan 14 2020 7:46:46.6090 PM,Jan 14 2020 7:46:46.6100 PM,.0003
,StationUtils,checkPredicateFormat,PASS,,Jan 14 2020 7:46:46.6130 PM,Jan 14 2020 7:46:46.6130 PM,.0003
,StationUtils,checkPredicateFormat,PASS,,Jan 14 2020 7:46:46.6160 PM,Jan 14 2020 7:46:46.6160 PM,.0003
,StationUtils,checkPredicateFormat,PASS,,Jan 14 2020 7:46:46.6200 PM,Jan 14 2020 7:46:46.6200 PM,.0003
,StationUtils,checkPredicateFormat,PASS,,Jan 14 2020 7:46:46.6230 PM,Jan 14 2020 7:46:46.6230 PM,.0003
,StationUtils,checkPredicateFormat,PASS,,Jan 14 2020 7:46:46.6260 PM,Jan 14 2020 7:46:46.6270 PM,.0003
,StationUtils,checkPredicateFormat,PASS,,Jan 14 2020 7:46:46.6320 PM,Jan 14 2020 7:46:46.6330 PM,.0003
,StationUtils,checkPredicateFormat,PASS,,Jan 14 2020 7:46:46.6360 PM,Jan 14 2020 7:46:46.6360 PM,.0003
,StationUtils,checkPredicateFormat,PASS,,Jan 14 2020 7:46:46.6720 PM,Jan 14 2020 7:46:46.6730 PM,.0003
,StationUtils,checkPredicateFormat,PASS,,Jan 14 2020 7:46:46.6760 PM,Jan 14 2020 7:46:46.6760 PM,.0003
,StationUtils,checkPredicateFormat,PASS,,Jan 14 2020 7:46:46.6790 PM,Jan 14 2020 7:46:46.6790 PM,.0003
,StationUtils,checkPredicateFormat,PASS,,Jan 14 2020 7:46:46.6820 PM,Jan 14 2020 7:46:46.6830 PM,.0003
,StationUtils,checkPredicateFormat,PASS,,Jan 14 2020 7:46:46.6860 PM,Jan 14 2020 7:46:46.6860 PM,.0003
,StationUtils,checkPredicateFormat,PASS,,Jan 14 2020 7:46:46.6890 PM,Jan 14 2020 7:46:46.6890 PM,.0003
,StationUtils,checkPredicateFormat,PASS,,Jan 14 2020 7:46:46.6920 PM,Jan 14 2020 7:46:46.6930 PM,.0003
,StationUtils,checkPredicateFormat,PASS,,Jan 14 2020 7:46:46.6960 PM,Jan 14 2020 7:46:46.6960 PM,.0003
,StationUtils,checkPredicateFormat,PASS,,Jan 14 2020 7:46:46.7470 PM,Jan 14 2020 7:46:46.7480 PM,.0003
,StationUtils,checkPredicateFormat,PASS,,Jan 14 2020 7:46:46.7570 PM,Jan 14 2020 7:46:46.7570 PM,.0003
,StationUtils,checkPredicateFormat,PASS,,Jan 14 2020 7:46:46.7600 PM,Jan 14 2020 7:46:46.7610 PM,.0003
,StationUtils,checkPredicateFormat,PASS,,Jan 14 2020 7:46:46.7630 PM,Jan 14 2020 7:46:46.7640 PM,.0003
,StationUtils,checkPredicateFormat,PASS,,Jan 14 2020 7:46:46.7670 PM,Jan 14 2020 7:46:46.7670 PM,.0003
,StationUtils,checkPredicateFormat,PASS,,Jan 14 2020 7:46:46.7700 PM,Jan 14 2020 7:46:46.7700 PM,.0003
,StationUtils,checkPredicateFormat,PASS,,Jan 14 2020 7:46:46.7730 PM,Jan 14 2020 7:46:46.7730 PM,.0003
,StationUtils,checkPredicateFormat,PASS,,Jan 14 2020 7:46:46.7760 PM,Jan 14 2020 7:46:46.7760 PM,.0003
,StationUtils,checkPredicateFormat,PASS,,Jan 14 2020 7:46:46.7790 PM,Jan 14 2020 7:46:46.7790 PM,.0003
,StationUtils,checkPredicateFormat,PASS,,Jan 14 2020 7:46:46.7820 PM,Jan 14 2020 7:46:46.7830 PM,.0003
,StationUtils,checkPredicateFormat,PASS,,Jan 14 2020 7:46:46.7860 PM,Jan 14 2020 7:46:46.7860 PM,.0003
,StationUtils,checkPredicateFormat,PASS,,Jan 14 2020 7:46:46.7890 PM,Jan 14 2020 7:46:46.7890 PM,.0003
,StationUtils,checkPredicateFormat,PASS,,Jan 14 2020 7:46:46.7920 PM,Jan 14 2020 7:46:46.7920 PM,.0003
,StationUtils,checkPredicateFormat,PASS,,Jan 14 2020 7:46:46.7950 PM,Jan 14 2020 7:46:46.7950 PM,.0003
,StationUtils,checkPredicateFormat,PASS,,Jan 14 2020 7:46:46.7980 PM,Jan 14 2020 7:46:46.7990 PM,.0003
,StationUtils,checkPredicateFormat,PASS,,Jan 14 2020 7:46:46.8010 PM,Jan 14 2020 7:46:46.8020 PM,.0003
,StationUtils,checkPredicateFormat,PASS,,Jan 14 2020 7:46:46.8050 PM,Jan 14 2020 7:46:46.8050 PM,.0003
,StationUtils,checkPredicateFormat,PASS,,Jan 14 2020 7:46:46.8080 PM,Jan 14 2020 7:46:46.8080 PM,.0003
,StationUtils,checkPredicateFormat,PASS,,Jan 14 2020 7:46:46.8110 PM,Jan 14 2020 7:46:46.8120 PM,.0003
,StationUtils,checkPredicateFormat,PASS,,Jan 14 2020 7:46:46.8440 PM,Jan 14 2020 7:46:46.8440 PM,.0003
,StationUtils,checkPredicateFormat,PASS,,Jan 14 2020 7:46:46.8470 PM,Jan 14 2020 7:46:46.8470 PM,.0003
1. Process,RunCommand,RunCommandWithParameter,PASS,,Jan 14 2020 7:46:46.9990 PM,Jan 14 2020 7:46:47.0100 PM,.0113
1. Process,RunCommand,RunCommandWithParameter,PASS,,Jan 14 2020 7:46:47.0120 PM,Jan 14 2020 7:46:47.0250 PM,.0135
3. INIT,EFIDut,open,PASS,,Jan 14 2020 7:46:50.6680 PM,Jan 14 2020 7:46:51.1030 PM,.4359
3. INIT,EFIDut,syncCmdResp,PASS,,Jan 14 2020 7:46:51.1070 PM,Jan 14 2020 7:46:51.1480 PM,.0408
3. INIT,EFIDut,sendCommand,PASS,,Jan 14 2020 7:46:51.1520 PM,Jan 14 2020 7:46:51.1930 PM,.0412
4. FIXTURE,Fixture,changeDelimiter,PASS,,Jan 14 2020 7:46:51.1990 PM,Jan 14 2020 7:46:51.1990 PM,.0001
4. FIXTURE,Fixture,changeLineTerminator,PASS,,Jan 14 2020 7:46:51.2010 PM,Jan 14 2020 7:46:51.2010 PM,0
4. FIXTURE,Fixture,open,PASS,,Jan 14 2020 7:46:51.2020 PM,Jan 14 2020 7:46:51.2340 PM,.0312
4. FIXTURE,Fixture,read,PASS,,Jan 14 2020 7:46:51.2350 PM,Jan 14 2020 7:46:51.2560 PM,.0208
4. FIXTURE,Fixture,sendCommand,PASS,,Jan 14 2020 7:46:51.4650 PM,Jan 14 2020 7:46:53.5730 PM,2.1075
4. FIXTURE,Fixture,sendCommand,PASS,,Jan 14 2020 7:46:53.5780 PM,Jan 14 2020 7:46:53.8120 PM,.2346
5. Process,EFIDut,sendCommand,PASS,,Jan 14 2020 7:46:53.8270 PM,Jan 14 2020 7:46:53.8610 PM,.0337
6. INIT,EFIDut,sendCommand,PASS,,Jan 14 2020 7:46:53.8660 PM,Jan 14 2020 7:46:54.0030 PM,.1365
7. INIT,EFIDut,sendCommand,PASS,,Jan 14 2020 7:46:54.0090 PM,Jan 14 2020 7:46:54.0350 PM,.0263
8. INIT,EFIDut,sendCommand,PASS,,Jan 14 2020 7:46:54.0410 PM,Jan 14 2020 7:46:54.4880 PM,.4476
9. INIT,EFIDut,sendCommand,PASS,,Jan 14 2020 7:46:56.4970 PM,Jan 14 2020 7:46:56.5560 PM,.059
9. INIT,EFIDut,sendCommand,PASS,,Jan 14 2020 7:46:56.5650 PM,Jan 14 2020 7:46:56.6730 PM,.1078
9. INIT,EFIDut,sendCommand,PASS,,Jan 14 2020 7:46:56.6790 PM,Jan 14 2020 7:46:56.7210 PM,.0415
9. INIT,EFIDut,sendCommand,PASS,,Jan 14 2020 7:46:56.7270 PM,Jan 14 2020 7:46:56.7530 PM,.026
9. INIT,EFIDut,sendCommand,PASS,,Jan 14 2020 7:46:56.7590 PM,Jan 14 2020 7:46:56.7850 PM,.0259
11. INIT,EFIDut,sendCommand,PASS,,Jan 14 2020 7:46:56.7980 PM,Jan 14 2020 7:46:56.9340 PM,.1364
11. INIT,EFIDut,sendCommand,PASS,,Jan 14 2020 7:46:56.9490 PM,Jan 14 2020 7:46:56.9970 PM,.0484
11. INIT,EFIDut,sendCommand,PASS,,Jan 14 2020 7:46:57.0070 PM,Jan 14 2020 7:46:57.1450 PM,.1386
11. INIT,EFIDut,sendCommand,PASS,,Jan 14 2020 7:46:57.1520 PM,Jan 14 2020 7:46:57.1920 PM,.0397
12. POWER,EFIDut,sendCommand,PASS,,Jan 14 2020 7:46:57.2070 PM,Jan 14 2020 7:46:57.3790 PM,.1721
12. POWER,EFIDut,sendCommand,PASS,,Jan 14 2020 7:46:57.3820 PM,Jan 14 2020 7:46:57.4220 PM,.0393
12. POWER,EFIDut,sendCommand,PASS,,Jan 14 2020 7:46:57.4250 PM,Jan 14 2020 7:46:57.5310 PM,.1054
12. POWER,EFIDut,sendCommand,PASS,,Jan 14 2020 7:46:57.5340 PM,Jan 14 2020 7:46:57.5780 PM,.0434
12. POWER,EFIDut,sendCommand,PASS,,Jan 14 2020 7:46:57.5810 PM,Jan 14 2020 7:46:57.6230 PM,.0413
13. INIT,SFCSupport,getAttribute,PASS,,Jan 14 2020 7:46:57.6290 PM,Jan 14 2020 7:46:57.6520 PM,.0234
13. INIT,EFIDut,sendCommand,PASS,,Jan 14 2020 7:46:57.6590 PM,Jan 14 2020 7:46:57.7340 PM,.0757
14. INIT,EFIDut,sendCommand,PASS,,Jan 14 2020 7:46:57.7400 PM,Jan 14 2020 7:46:57.7810 PM,.0414
15. Process,EFIDut,close,PASS,,Jan 14 2020 7:46:57.7950 PM,Jan 14 2020 7:46:57.7950 PM,.0004
16. Process,DRCB,startDataReporting,PASS,,Jan 14 2020 7:46:57.9160 PM,Jan 14 2020 7:46:57.9310 PM,.0153
17. Process,EFIDut,open,PASS,,Jan 14 2020 7:46:57.9380 PM,Jan 14 2020 7:46:57.9900 PM,.0524
17. Process,EFIDut,close,PASS,,Jan 14 2020 7:46:57.9940 PM,Jan 14 2020 7:46:57.9950 PM,.0004
17. Process,DRCB,startControlBits,PASS,,Jan 14 2020 7:46:58.0000 PM,Jan 14 2020 7:46:58.3510 PM,.3516
18. Process,EFIDut,open,PASS,,Jan 14 2020 7:46:58.4630 PM,Jan 14 2020 7:46:58.5250 PM,.0622
18. Process,EFIDut,syncCmdResp,PASS,,Jan 14 2020 7:46:58.5290 PM,Jan 14 2020 7:46:58.5680 PM,.0394
19. INIT,EFIDut,sendCommand,PASS,,Jan 14 2020 7:46:58.5730 PM,Jan 14 2020 7:46:58.6800 PM,.1061
20. INIT,SFCSupport,getAttribute,PASS,,Jan 14 2020 7:46:58.6880 PM,Jan 14 2020 7:46:58.6920 PM,.0035
20. INIT,SFCSupport,getAttribute,PASS,,Jan 14 2020 7:46:58.6960 PM,Jan 14 2020 7:46:58.6990 PM,.0034
20. INIT,EFIDut,sendCommand,PASS,,Jan 14 2020 7:46:58.7060 PM,Jan 14 2020 7:46:58.7440 PM,.0377
20. INIT,EFIDut,sendCommand,PASS,,Jan 14 2020 7:46:58.7520 PM,Jan 14 2020 7:46:58.7920 PM,.0394
20. INIT,EFIDut,sendCommand,PASS,,Jan 14 2020 7:46:58.7960 PM,Jan 14 2020 7:46:58.8380 PM,.042
20. INIT,SFCSupport,getAttribute,PASS,,Jan 14 2020 7:46:58.8450 PM,Jan 14 2020 7:46:58.8480 PM,.0032
20. INIT,SFCSupport,getAttribute,PASS,,Jan 14 2020 7:46:58.8500 PM,Jan 14 2020 7:46:58.8530 PM,.003
20. INIT,SFCSupport,getAttribute,PASS,,Jan 14 2020 7:46:58.8550 PM,Jan 14 2020 7:46:58.8590 PM,.0041
20. INIT,SFCSupport,getAttribute,PASS,,Jan 14 2020 7:46:58.8610 PM,Jan 14 2020 7:46:58.8640 PM,.0031
20. INIT,SFCSupport,getAttribute,PASS,,Jan 14 2020 7:46:58.8660 PM,Jan 14 2020 7:46:58.8700 PM,.0039
20. INIT,SFCSupport,getAttribute,PASS,,Jan 14 2020 7:46:58.8710 PM,Jan 14 2020 7:46:58.8750 PM,.0037
20. INIT,SFCSupport,getAttribute,PASS,,Jan 14 2020 7:46:58.8790 PM,Jan 14 2020 7:46:58.8840 PM,.005
20. INIT,SFCSupport,getAttribute,PASS,,Jan 14 2020 7:46:58.8860 PM,Jan 14 2020 7:46:58.8900 PM,.004
20. INIT,EFIDut,sendCommand,PASS,,Jan 14 2020 7:46:58.8980 PM,Jan 14 2020 7:46:58.9650 PM,.0671
20. INIT,EFIDut,sendCommand,PASS,,Jan 14 2020 7:46:58.9690 PM,Jan 14 2020 7:46:59.0130 PM,.0442
20. INIT,EFIDut,sendCommand,PASS,,Jan 14 2020 7:46:59.0220 PM,Jan 14 2020 7:46:59.0930 PM,.0713
20. INIT,EFIDut,sendCommand,PASS,,Jan 14 2020 7:46:59.0970 PM,Jan 14 2020 7:46:59.1400 PM,.0433
20. INIT,EFIDut,sendCommand,PASS,,Jan 14 2020 7:46:59.1520 PM,Jan 14 2020 7:46:59.2360 PM,.084
20. INIT,EFIDut,sendCommand,PASS,,Jan 14 2020 7:46:59.2390 PM,Jan 14 2020 7:46:59.2840 PM,.0445
20. INIT,SFCSupport,getAttribute,PASS,,Jan 14 2020 7:46:59.2920 PM,Jan 14 2020 7:46:59.2950 PM,.0029
20. INIT,EFIDut,sendCommand,PASS,,Jan 14 2020 7:46:59.2990 PM,Jan 14 2020 7:46:59.4920 PM,.1921
20. INIT,EFIDut,sendCommand,PASS,,Jan 14 2020 7:46:59.4950 PM,Jan 14 2020 7:46:59.5400 PM,.0445
20. INIT,EFIDut,sendCommand,PASS,,Jan 14 2020 7:46:59.5510 PM,Jan 14 2020 7:46:59.7470 PM,.1959
20. INIT,EFIDut,sendCommand,PASS,,Jan 14 2020 7:46:59.7510 PM,Jan 14 2020 7:46:59.7940 PM,.0432
20. INIT,EFIDut,sendCommand,PASS,,Jan 14 2020 7:46:59.8030 PM,Jan 14 2020 7:46:59.8590 PM,.0564
20. INIT,EFIDut,sendCommand,PASS,,Jan 14 2020 7:46:59.8650 PM,Jan 14 2020 7:46:59.9710 PM,.106
20. INIT,EFIDut,sendCommand,PASS,,Jan 14 2020 7:46:59.9750 PM,Jan 14 2020 7:47:00.0190 PM,.0442
21. FIXTURE,Fixture,sendCommand,PASS,,Jan 14 2020 7:47:00.0300 PM,Jan 14 2020 7:47:02.7150 PM,2.6849
22. TRISTAR,EFIDut,close,PASS,,Jan 14 2020 7:47:02.7200 PM,Jan 14 2020 7:47:02.7210 PM,.0004
22. TRISTAR,FileParser,JsonParsing,PASS,,Jan 14 2020 7:47:02.7240 PM,Jan 14 2020 7:47:02.7250 PM,.0004
22. TRISTAR,EZLink1,EZLink,PASS,,Jan 14 2020 7:47:02.7270 PM,Jan 14 2020 7:47:03.8460 PM,1.1186
22. TRISTAR,EFIDut,open,PASS,,Jan 14 2020 7:47:03.8510 PM,Jan 14 2020 7:47:03.9090 PM,.058
22. TRISTAR,EFIDut,sendCommand,PASS,,Jan 14 2020 7:47:03.9120 PM,Jan 14 2020 7:47:04.1470 PM,.2352
22. TRISTAR,EFIDut,sendCommand,PASS,,Jan 14 2020 7:47:04.1540 PM,Jan 14 2020 7:47:04.1920 PM,.0385
23. LISA,EFIDut,sendCommand,PASS,,Jan 14 2020 7:47:04.1980 PM,Jan 14 2020 7:47:04.2510 PM,.0532
23. LISA,EFIDut,sendCommand,PASS,,Jan 14 2020 7:47:04.2570 PM,Jan 14 2020 7:47:04.4110 PM,.1533
23. LISA,EFIDut,sendCommand,PASS,,Jan 14 2020 7:47:04.4170 PM,Jan 14 2020 7:47:04.4560 PM,.0389
23. LISA,EFIDut,sendCommand,PASS,,Jan 14 2020 7:47:04.4590 PM,Jan 14 2020 7:47:04.4970 PM,.0373
23. LISA,EFIDut,sendCommand,PASS,,Jan 14 2020 7:47:04.5030 PM,Jan 14 2020 7:47:04.5500 PM,.0467
23. LISA,EFIDut,sendCommand,PASS,,Jan 14 2020 7:47:04.5590 PM,Jan 14 2020 7:47:04.5980 PM,.0389
23. LISA,EFIDut,sendCommand,PASS,,Jan 14 2020 7:47:04.6010 PM,Jan 14 2020 7:47:04.6510 PM,.0502
23. LISA,EFIDut,sendCommand,PASS,,Jan 14 2020 7:47:04.6580 PM,Jan 14 2020 7:47:04.6980 PM,.0405
23. LISA,EFIDut,sendCommand,PASS,,Jan 14 2020 7:47:04.7040 PM,Jan 14 2020 7:47:05.2070 PM,.5028
24. FIXTURE,Fixture,sendCommand,PASS,,Jan 14 2020 7:47:05.2130 PM,Jan 14 2020 7:47:05.4640 PM,.2512
25. LISA,EFIDut,sendCommand,PASS,,Jan 14 2020 7:47:05.4700 PM,Jan 14 2020 7:47:06.9960 PM,1.5265
25. LISA,EFIDut,sendCommand,PASS,,Jan 14 2020 7:47:07.0000 PM,Jan 14 2020 7:47:07.0520 PM,.0523
25. LISA,EFIDut,sendCommand,PASS,,Jan 14 2020 7:47:07.0560 PM,Jan 14 2020 7:47:07.1030 PM,.047
25. LISA,EFIDut,sendCommand,PASS,,Jan 14 2020 7:47:07.1070 PM,Jan 14 2020 7:47:10.9130 PM,3.8068
25. LISA,EFIDut,sendCommand,PASS,,Jan 14 2020 7:47:10.9320 PM,Jan 14 2020 7:47:11.1110 PM,.179
25. LISA,EFIDut,sendCommand,PASS,,Jan 14 2020 7:47:11.1140 PM,Jan 14 2020 7:47:11.1560 PM,.0422
25. LISA,EFIDut,sendCommand,PASS,,Jan 14 2020 7:47:11.1600 PM,Jan 14 2020 7:47:11.2070 PM,.0472
25. LISA,Fixture,sendCommand,PASS,,Jan 14 2020 7:47:11.2110 PM,Jan 14 2020 7:47:11.2180 PM,.007
25. LISA,EFIDut,sendCommand,PASS,,Jan 14 2020 7:47:11.2220 PM,Jan 14 2020 7:47:11.8240 PM,.6019
25. LISA,EFIDut,sendCommand,PASS,,Jan 14 2020 7:47:11.8270 PM,Jan 14 2020 7:47:11.9190 PM,.0923
25. LISA,EFIDut,sendCommand,PASS,,Jan 14 2020 7:47:11.9230 PM,Jan 14 2020 7:47:11.9510 PM,.0283
26. POWER,EFIDut,sendCommand,PASS,,Jan 14 2020 7:47:11.9690 PM,Jan 14 2020 7:47:12.0310 PM,.062
26. POWER,EFIDut,sendCommand,PASS,,Jan 14 2020 7:47:12.0380 PM,Jan 14 2020 7:47:12.0790 PM,.0409
27. IMU,EFIDut,sendCommand,PASS,,Jan 14 2020 7:47:12.0900 PM,Jan 14 2020 7:47:12.1330 PM,.0433
28. IMU,EFIDut,sendCommand,PASS,,Jan 14 2020 7:47:12.1390 PM,Jan 14 2020 7:47:12.4340 PM,.295
29. IMU,EFIDut,sendCommand,PASS,,Jan 14 2020 7:47:12.4420 PM,Jan 14 2020 7:47:12.5010 PM,.0591
30. IMU,StationUtils,evaluatePredicate,PASS,,Jan 14 2020 7:47:12.5080 PM,Jan 14 2020 7:47:12.5080 PM,.0001
30. IMU,EFIDut,sendCommand,PASS,,Jan 14 2020 7:47:12.5120 PM,Jan 14 2020 7:47:12.5760 PM,.0641
30. IMU,StationUtils,evaluatePredicate,PASS,,Jan 14 2020 7:47:12.5800 PM,Jan 14 2020 7:47:12.5800 PM,.0001
30. IMU,StationUtils,evaluatePredicate,PASS,,Jan 14 2020 7:47:12.5890 PM,Jan 14 2020 7:47:12.5890 PM,.0001
30. IMU,StationUtils,evaluatePredicate,PASS,,Jan 14 2020 7:47:12.5960 PM,Jan 14 2020 7:47:12.5960 PM,.0001
30. IMU,StationUtils,evaluatePredicate,PASS,,Jan 14 2020 7:47:12.6030 PM,Jan 14 2020 7:47:12.6030 PM,.0001
30. IMU,StationUtils,evaluatePredicate,PASS,,Jan 14 2020 7:47:12.6090 PM,Jan 14 2020 7:47:12.6090 PM,.0001
31. IMU,StationUtils,evaluatePredicate,PASS,,Jan 14 2020 7:47:12.6180 PM,Jan 14 2020 7:47:12.6180 PM,.0001
31. IMU,EFIDut,sendCommand,PASS,,Jan 14 2020 7:47:12.6220 PM,Jan 14 2020 7:47:12.8720 PM,.2497
31. IMU,StationUtils,evaluatePredicate,PASS,,Jan 14 2020 7:47:12.8740 PM,Jan 14 2020 7:47:12.8740 PM,.0001
31. IMU,StationUtils,evaluatePredicate,PASS,,Jan 14 2020 7:47:12.8820 PM,Jan 14 2020 7:47:12.8820 PM,.0001
32. IMU,EFIDut,sendCommand,PASS,,Jan 14 2020 7:47:12.8910 PM,Jan 14 2020 7:47:12.9470 PM,.056
33. IMU,EFIDut,sendCommand,PASS,,Jan 14 2020 7:47:12.9580 PM,Jan 14 2020 7:47:13.2500 PM,.2923
34. IMU,EFIDut,sendCommand,PASS,,Jan 14 2020 7:47:13.2560 PM,Jan 14 2020 7:47:13.3940 PM,.1386
34. IMU,EFIDut,sendCommand,PASS,,Jan 14 2020 7:47:13.3990 PM,Jan 14 2020 7:47:13.6480 PM,.2494
35. IMU,EFIDut,sendCommand,PASS,,Jan 14 2020 7:47:13.6560 PM,Jan 14 2020 7:47:13.9650 PM,.3082
35. IMU,EFIDut,sendCommand,PASS,,Jan 14 2020 7:47:13.9680 PM,Jan 14 2020 7:47:14.0150 PM,.0463
35. IMU,StationUtils,evaluatePredicate,PASS,,Jan 14 2020 7:47:14.0170 PM,Jan 14 2020 7:47:14.0170 PM,.0001
35. IMU,EFIDut,sendCommand,PASS,,Jan 14 2020 7:47:14.0200 PM,Jan 14 2020 7:47:14.0620 PM,.0422
35. IMU,StationUtils,evaluatePredicate,PASS,,Jan 14 2020 7:47:14.0650 PM,Jan 14 2020 7:47:14.0650 PM,.0001
35. IMU,EFIDut,sendCommand,PASS,,Jan 14 2020 7:47:14.0680 PM,Jan 14 2020 7:47:14.1070 PM,.0392
35. IMU,StationUtils,evaluatePredicate,PASS,,Jan 14 2020 7:47:14.1100 PM,Jan 14 2020 7:47:14.1100 PM,.0001
35. IMU,EFIDut,sendCommand,PASS,,Jan 14 2020 7:47:14.1130 PM,Jan 14 2020 7:47:14.2850 PM,.1719
35. IMU,StationUtils,evaluatePredicate,PASS,,Jan 14 2020 7:47:14.2880 PM,Jan 14 2020 7:47:14.2880 PM,.0001
35. IMU,EFIDut,sendCommand,PASS,,Jan 14 2020 7:47:14.2910 PM,Jan 14 2020 7:47:14.4240 PM,.133
35. IMU,StationUtils,evaluatePredicate,PASS,,Jan 14 2020 7:47:14.4260 PM,Jan 14 2020 7:47:14.4260 PM,.0001
35. IMU,EFIDut,sendCommand,PASS,,Jan 14 2020 7:47:14.4300 PM,Jan 14 2020 7:47:14.5640 PM,.134
35. IMU,StationUtils,evaluatePredicate,PASS,,Jan 14 2020 7:47:14.5660 PM,Jan 14 2020 7:47:14.5660 PM,.0001
35. IMU,EFIDut,sendCommand,PASS,,Jan 14 2020 7:47:14.5700 PM,Jan 14 2020 7:47:14.6240 PM,.0539
35. IMU,StationUtils,evaluatePredicate,PASS,,Jan 14 2020 7:47:14.6260 PM,Jan 14 2020 7:47:14.6260 PM,.0001
35. IMU,StationUtils,evaluatePredicate,PASS,,Jan 14 2020 7:47:14.6290 PM,Jan 14 2020 7:47:14.6290 PM,0
35. IMU,StationUtils,evaluatePredicate,PASS,,Jan 14 2020 7:47:14.6310 PM,Jan 14 2020 7:47:14.6310 PM,0
35. IMU,StationUtils,evaluatePredicate,PASS,,Jan 14 2020 7:47:14.6340 PM,Jan 14 2020 7:47:14.6340 PM,.0001
35. IMU,StationUtils,evaluatePredicate,PASS,,Jan 14 2020 7:47:14.6360 PM,Jan 14 2020 7:47:14.6360 PM,0
35. IMU,EFIDut,sendCommand,PASS,,Jan 14 2020 7:47:14.6400 PM,Jan 14 2020 7:47:14.7030 PM,.0635
35. IMU,EFIDut,sendCommand,PASS,,Jan 14 2020 7:47:14.7070 PM,Jan 14 2020 7:47:15.3670 PM,.6599
35. IMU,StationUtils,evaluatePredicate,PASS,,Jan 14 2020 7:47:15.3710 PM,Jan 14 2020 7:47:15.3720 PM,.0001
35. IMU,EFIDut,sendCommand,PASS,,Jan 14 2020 7:47:15.3820 PM,Jan 14 2020 7:47:15.4150 PM,.0327
35. IMU,StationUtils,evaluatePredicate,PASS,,Jan 14 2020 7:47:15.4170 PM,Jan 14 2020 7:47:15.4170 PM,.0001
35. IMU,EFIDut,sendCommand,PASS,,Jan 14 2020 7:47:15.4210 PM,Jan 14 2020 7:47:15.4670 PM,.0468
35. IMU,EFIDut,sendCommand,PASS,,Jan 14 2020 7:47:15.4710 PM,Jan 14 2020 7:47:15.5610 PM,.0903
36. PRESSURE,EFIDut,sendCommand,PASS,,Jan 14 2020 7:47:15.5690 PM,Jan 14 2020 7:47:15.6160 PM,.047
36. PRESSURE,EFIDut,sendCommand,PASS,,Jan 14 2020 7:47:15.6230 PM,Jan 14 2020 7:47:15.6640 PM,.0413
36. PRESSURE,EFIDut,sendCommand,PASS,,Jan 14 2020 7:47:15.6710 PM,Jan 14 2020 7:47:15.7330 PM,.0619
36. PRESSURE,StationUtils,evaluatePredicate,PASS,,Jan 14 2020 7:47:15.7360 PM,Jan 14 2020 7:47:15.7360 PM,.0001
36. PRESSURE,StationUtils,evaluatePredicate,PASS,,Jan 14 2020 7:47:15.7410 PM,Jan 14 2020 7:47:15.7410 PM,.0001
36. PRESSURE,StationUtils,evaluatePredicate,PASS,,Jan 14 2020 7:47:15.7460 PM,Jan 14 2020 7:47:15.7460 PM,0
36. PRESSURE,StationUtils,evaluatePredicate,PASS,,Jan 14 2020 7:47:15.7490 PM,Jan 14 2020 7:47:15.7490 PM,0
36. PRESSURE,StationUtils,evaluatePredicate,PASS,,Jan 14 2020 7:47:15.7520 PM,Jan 14 2020 7:47:15.7520 PM,0
36. PRESSURE,StationUtils,evaluatePredicate,PASS,,Jan 14 2020 7:47:15.7540 PM,Jan 14 2020 7:47:15.7540 PM,0
36. PRESSURE,StationUtils,evaluatePredicate,PASS,,Jan 14 2020 7:47:15.7570 PM,Jan 14 2020 7:47:15.7570 PM,0
36. PRESSURE,StationUtils,evaluatePredicate,PASS,,Jan 14 2020 7:47:15.7590 PM,Jan 14 2020 7:47:15.7590 PM,0
36. PRESSURE,EFIDut,sendCommand,PASS,,Jan 14 2020 7:47:15.7640 PM,Jan 14 2020 7:47:15.8090 PM,.0453
36. PRESSURE,EFIDut,sendCommand,PASS,,Jan 14 2020 7:47:15.8150 PM,Jan 14 2020 7:47:18.1730 PM,2.358
36. PRESSURE,StationUtils,calculateExpression,PASS,,Jan 14 2020 7:47:18.2070 PM,Jan 14 2020 7:47:18.2080 PM,.0001
36. PRESSURE,StationUtils,calculateExpression,PASS,,Jan 14 2020 7:47:18.2140 PM,Jan 14 2020 7:47:18.2140 PM,.0001
36. PRESSURE,EFIDut,sendCommand,PASS,,Jan 14 2020 7:47:18.2180 PM,Jan 14 2020 7:47:18.2600 PM,.0421
37. COMPASS,EFIDut,sendCommand,PASS,,Jan 14 2020 7:47:18.2680 PM,Jan 14 2020 7:47:18.3160 PM,.0484
37. COMPASS,EFIDut,sendCommand,PASS,,Jan 14 2020 7:47:18.3220 PM,Jan 14 2020 7:47:18.3710 PM,.0489
37. COMPASS,EFIDut,sendCommand,PASS,,Jan 14 2020 7:47:18.3810 PM,Jan 14 2020 7:47:18.4810 PM,.1005
37. COMPASS,EFIDut,sendCommand,PASS,,Jan 14 2020 7:47:18.4880 PM,Jan 14 2020 7:47:21.1000 PM,2.6119
38. COMPASS,EFIDut,sendCommand,PASS,,Jan 14 2020 7:47:21.1170 PM,Jan 14 2020 7:47:21.1610 PM,.0441
38. COMPASS,EFIDut,sendCommand,PASS,,Jan 14 2020 7:47:21.1660 PM,Jan 14 2020 7:47:21.2080 PM,.0427
38. COMPASS,EFIDut,sendCommand,PASS,,Jan 14 2020 7:47:21.2140 PM,Jan 14 2020 7:47:21.2520 PM,.0384
39. CODEC,EFIDut,sendCommand,PASS,,Jan 14 2020 7:47:21.2580 PM,Jan 14 2020 7:47:21.3740 PM,.1162
39. CODEC,EFIDut,sendCommand,PASS,,Jan 14 2020 7:47:21.3780 PM,Jan 14 2020 7:47:21.4170 PM,.0394
39. CODEC,EFIDut,sendCommand,PASS,,Jan 14 2020 7:47:21.4210 PM,Jan 14 2020 7:47:21.4940 PM,.0734
39. CODEC,EFIDut,sendCommand,PASS,,Jan 14 2020 7:47:21.5100 PM,Jan 14 2020 7:47:21.6930 PM,.183
39. CODEC,EFIDut,sendCommand,PASS,,Jan 14 2020 7:47:21.7030 PM,Jan 14 2020 7:47:21.7490 PM,.0459
40. SPAM,EFIDut,close,PASS,,Jan 14 2020 7:47:21.7600 PM,Jan 14 2020 7:47:21.7610 PM,.0005
40. SPAM,StationUtils,evaluatePredicate,PASS,,Jan 14 2020 7:47:21.7630 PM,Jan 14 2020 7:47:21.7630 PM,.0001
40. SPAM,StationUtils,evaluatePredicate,PASS,,Jan 14 2020 7:47:23.2820 PM,Jan 14 2020 7:47:23.2820 PM,.0001
40. SPAM,EFIDut,open,PASS,,Jan 14 2020 7:47:25.2910 PM,Jan 14 2020 7:47:25.3430 PM,.0527
41. SENSOR,EFIDut,sendCommand,PASS,,Jan 14 2020 7:47:25.3490 PM,Jan 14 2020 7:47:26.8490 PM,1.5003
41. SENSOR,EFIDut,sendCommand,PASS,,Jan 14 2020 7:47:26.8530 PM,Jan 14 2020 7:47:26.9080 PM,.0553
41. SENSOR,EFIDut,sendCommand,PASS,,Jan 14 2020 7:47:26.9120 PM,Jan 14 2020 7:47:27.2700 PM,.3579
41. SENSOR,EFIDut,sendCommand,PASS,,Jan 14 2020 7:47:27.3100 PM,Jan 14 2020 7:47:27.3540 PM,.0445
41. SENSOR,EFIDut,sendCommand,PASS,,Jan 14 2020 7:47:27.3580 PM,Jan 14 2020 7:47:27.4100 PM,.0524
42. BUTTON,EFIDut,sendCommand,PASS,,Jan 14 2020 7:47:27.4170 PM,Jan 14 2020 7:47:27.4640 PM,.0472
42. BUTTON,Fixture,sendCommand,PASS,,Jan 14 2020 7:47:27.4740 PM,Jan 14 2020 7:47:29.4070 PM,1.9331
42. BUTTON,EFIDut,sendCommand,PASS,,Jan 14 2020 7:47:29.4110 PM,Jan 14 2020 7:47:29.4450 PM,.0342
42. BUTTON,Fixture,sendCommand,PASS,,Jan 14 2020 7:47:29.4520 PM,Jan 14 2020 7:47:30.0950 PM,.6429
42. BUTTON,EFIDut,sendCommand,PASS,,Jan 14 2020 7:47:30.0980 PM,Jan 14 2020 7:47:30.1320 PM,.034
43. BUTTON,EFIDut,sendCommand,PASS,,Jan 14 2020 7:47:30.1420 PM,Jan 14 2020 7:47:30.1800 PM,.0387
43. BUTTON,Fixture,sendCommand,PASS,,Jan 14 2020 7:47:30.1850 PM,Jan 14 2020 7:47:32.0610 PM,1.8759
43. BUTTON,EFIDut,sendCommand,PASS,,Jan 14 2020 7:47:32.0640 PM,Jan 14 2020 7:47:32.0970 PM,.0331
44. RADIO,StationUtils,evaluatePredicate,PASS,,Jan 14 2020 7:47:32.1070 PM,Jan 14 2020 7:47:32.1070 PM,.0001
44. RADIO,StationUtils,evaluatePredicate,PASS,,Jan 14 2020 7:47:32.1100 PM,Jan 14 2020 7:47:32.1100 PM,0
44. RADIO,StationUtils,evaluatePredicate,PASS,,Jan 14 2020 7:47:32.1120 PM,Jan 14 2020 7:47:32.1120 PM,0
44. RADIO,StationUtils,evaluatePredicate,PASS,,Jan 14 2020 7:47:32.1150 PM,Jan 14 2020 7:47:32.1150 PM,0
44. RADIO,StationUtils,evaluatePredicate,PASS,,Jan 14 2020 7:47:32.1180 PM,Jan 14 2020 7:47:32.1180 PM,0
45. RADIO,StationUtils,evaluatePredicate,PASS,,Jan 14 2020 7:47:32.1220 PM,Jan 14 2020 7:47:32.1230 PM,.0001
45. RADIO,EFIDut,sendCommand,PASS,,Jan 14 2020 7:47:32.1260 PM,Jan 14 2020 7:47:36.0830 PM,3.9567
45. RADIO,StationUtils,evaluatePredicate,PASS,,Jan 14 2020 7:47:36.0850 PM,Jan 14 2020 7:47:36.0850 PM,.0001
46. RADIO,StationUtils,evaluatePredicate,PASS,,Jan 14 2020 7:47:36.0930 PM,Jan 14 2020 7:47:36.0930 PM,.0001
46. RADIO,EFIDut,sendCommand,PASS,,Jan 14 2020 7:47:36.0960 PM,Jan 14 2020 7:47:36.1780 PM,.0822
46. RADIO,StationUtils,evaluatePredicate,PASS,,Jan 14 2020 7:47:36.1810 PM,Jan 14 2020 7:47:36.1810 PM,.0001
47. RADIO,StationUtils,evaluatePredicate,PASS,,Jan 14 2020 7:47:36.1880 PM,Jan 14 2020 7:47:36.1880 PM,.0001
47. RADIO,EFIDut,sendCommand,PASS,,Jan 14 2020 7:47:36.1920 PM,Jan 14 2020 7:47:36.2960 PM,.1035
47. RADIO,StationUtils,evaluatePredicate,PASS,,Jan 14 2020 7:47:36.2980 PM,Jan 14 2020 7:47:36.2980 PM,.0001
47. RADIO,EFIDut,sendCommand,PASS,,Jan 14 2020 7:47:36.3020 PM,Jan 14 2020 7:47:36.7120 PM,.4099
47. RADIO,StationUtils,evaluatePredicate,PASS,,Jan 14 2020 7:47:36.7150 PM,Jan 14 2020 7:47:36.7150 PM,.0001
47. RADIO,StationUtils,evaluatePredicate,PASS,,Jan 14 2020 7:47:36.7210 PM,Jan 14 2020 7:47:36.7210 PM,.0001
47. RADIO,StationUtils,evaluatePredicate,PASS,,Jan 14 2020 7:47:36.7260 PM,Jan 14 2020 7:47:36.7260 PM,.0001
47. RADIO,StationUtils,evaluatePredicate,PASS,,Jan 14 2020 7:47:36.7320 PM,Jan 14 2020 7:47:36.7320 PM,.0001
47. RADIO,StationUtils,evaluatePredicate,PASS,,Jan 14 2020 7:47:36.7370 PM,Jan 14 2020 7:47:36.7370 PM,.0001
47. RADIO,StationUtils,evaluatePredicate,PASS,,Jan 14 2020 7:47:36.7430 PM,Jan 14 2020 7:47:36.7430 PM,.0001
48. RADIO,StationUtils,evaluatePredicate,PASS,,Jan 14 2020 7:47:36.7510 PM,Jan 14 2020 7:47:36.7510 PM,.0001
48. RADIO,EFIDut,sendCommand,PASS,,Jan 14 2020 7:47:36.7540 PM,Jan 14 2020 7:47:37.1430 PM,.3889
49. POWER,EFIDut,sendCommand,PASS,,Jan 14 2020 7:47:37.1490 PM,Jan 14 2020 7:47:37.1750 PM,.0264
50. Process,EFIDut,sendCommand,PASS,,Jan 14 2020 7:47:37.1810 PM,Jan 14 2020 7:47:37.2070 PM,.0265
50. Process,EFIDut,sendCommand,PASS,,Jan 14 2020 7:47:37.2110 PM,Jan 14 2020 7:47:37.2870 PM,.0761
51. Process,EFIDut,close,PASS,,Jan 14 2020 7:47:37.2930 PM,Jan 14 2020 7:47:37.2940 PM,.0004
52. Process,RunCommand,RunCommandWithParameter,PASS,,Jan 14 2020 7:47:37.4100 PM,Jan 14 2020 7:47:37.4150 PM,.0051
52. Process,RunCommand,RunCommandWithParameter,PASS,,Jan 14 2020 7:47:37.4170 PM,Jan 14 2020 7:47:37.4230 PM,.0055
52. Process,RunCommand,RunCommandWithParameter,PASS,,Jan 14 2020 7:47:37.4240 PM,Jan 14 2020 7:47:37.4300 PM,.0054
52. Process,RunCommand,RunCommandWithParameter,PASS,,Jan 14 2020 7:47:37.4320 PM,Jan 14 2020 7:47:37.4390 PM,.007
52. Process,RunCommand,RunCommandWithParameter,PASS,,Jan 14 2020 7:47:37.4400 PM,Jan 14 2020 7:47:37.4460 PM,.0055
52. Process,RunCommand,RunCommandWithParameter,PASS,,Jan 14 2020 7:47:37.4470 PM,Jan 14 2020 7:47:37.4520 PM,.0048
52. Process,RunCommand,RunCommandWithParameter,PASS,,Jan 14 2020 7:47:37.4540 PM,Jan 14 2020 7:47:37.4580 PM,.0047
52. Process,DRCB,addBlob,PASS,,Jan 14 2020 7:47:37.4610 PM,Jan 14 2020 7:47:37.4610 PM,.0004
53. Process,DRCB,finish,PASS,,Jan 14 2020 7:47:37.4700 PM,Jan 14 2020 7:47:38.1500 PM,.6803
54. Process,EFIDut,open,PASS,,Jan 14 2020 7:47:38.1560 PM,Jan 14 2020 7:47:38.2120 PM,.0552
54. Process,StationUtils,evaluatePredicate,PASS,,Jan 14 2020 7:47:38.2150 PM,Jan 14 2020 7:47:38.2150 PM,.0001
54. Process,EFIDut,sendCommand,PASS,,Jan 14 2020 7:47:38.2190 PM,Jan 14 2020 7:47:39.2850 PM,1.0657
54. Process,Fixture,sendCommand,PASS,,Jan 14 2020 7:47:39.2890 PM,Jan 14 2020 7:47:41.5070 PM,2.2181
54. Process,EFIDut,close,PASS,,Jan 14 2020 7:47:41.5100 PM,Jan 14 2020 7:47:41.5110 PM,.0005
