Related Test,Type,Name,Value
Scan SN,Device,serialnumber,FTPYW054N5T7
Start Data Reporting,Device,softwarename,Atlas 1.9.2
Start Data Reporting,Device,serialnumber,FTPYW054N5T7
Start Data Reporting,Device,softwareversion,V2.0.2.0_PK_FWDL
Start Data Reporting,Device,limitsversion,1
BUILD EVENT,Device,BUILD_EVENT,R128-P1
S_BUILD,Device,S_BUILD,R128-P1_P12EN-D2
WO_SN,Device,WO_SN,WCS-J60015
UNIT LBL,Device,UNIT_LBL,R128-P1_P12EN-D2_P00452
Read MLB SN,Device,mlbsn,DLX9255008SN47316
Read Main FW Version After DL,Device,STFW,0x80
Touch FW,Device,TOUCH_FW,0x0497
