Related Test,Name-1,Name-2,Name-3,Status,Info,Measurement,Units,Upper Limit,Lower Limit,Relaxed Upper Limit,Relaxed Lower Limit,Limit Units,Start Time,End Time,Duration (s)
Scan SN,,,,,,,,,,,,,Jul 10 2019 2:25:21.7110 PM,Jul 10 2019 2:25:25.5940 PM,3.8826
Scan SN,Scan SN,AtlasApp-Hyperion,show-form,PASS,,,,,,,,,Jul 10 2019 2:25:21.7130 PM,Jul 10 2019 2:25:25.5920 PM,3.8795
Fixture init,,,,,,,,,,,,,Jul 10 2019 2:25:25.5970 PM,Jul 10 2019 2:25:32.2970 PM,6.7003
Fixture init,Fixture init,Fixture,changeDelimiter,PASS,,,,,,,,,Jul 10 2019 2:25:25.5980 PM,Jul 10 2019 2:25:25.5980 PM,0
Fixture init,Fixture init,Fixture,changeLineTerminator,PASS,,,,,,,,,Jul 10 2019 2:25:25.6000 PM,Jul 10 2019 2:25:25.6000 PM,0
Fixture init,Fixture init,Fixture,open,PASS,,,,,,,,,Jul 10 2019 2:25:25.6020 PM,Jul 10 2019 2:25:27.1980 PM,1.596
Fixture init,Fixture init,Fixture,read,PASS,,,,,,,,,Jul 10 2019 2:25:27.2000 PM,Jul 10 2019 2:25:27.2290 PM,.0288
Fixture init,Fixture init,P203,changeDelimiter,PASS,,,,,,,,,Jul 10 2019 2:25:27.2310 PM,Jul 10 2019 2:25:27.2310 PM,0
Fixture init,Fixture init,P203,changeLineTerminator,PASS,,,,,,,,,Jul 10 2019 2:25:27.2320 PM,Jul 10 2019 2:25:27.2320 PM,0
Fixture init,Fixture init,P203,open,PASS,,,,,,,,,Jul 10 2019 2:25:27.2340 PM,Jul 10 2019 2:25:28.8270 PM,1.5928
Fixture init,Fixture init,P203,read,PASS,,,,,,,,,Jul 10 2019 2:25:28.8290 PM,Jul 10 2019 2:25:28.8570 PM,.0289
Fixture init,Fixture init,[Fixture] isReady,sendCommand,PASS,,,,,,,,,Jul 10 2019 2:25:28.8590 PM,Jul 10 2019 2:25:28.8700 PM,.0108
Fixture init,Fixture init,[Fixture] Power on,sendCommand,PASS,,,,,,,,,Jul 10 2019 2:25:28.8710 PM,Jul 10 2019 2:25:28.8890 PM,.0172
Fixture init,Fixture init,[Fixture] Engage pogo,sendCommand,PASS,,,,,,,,,Jul 10 2019 2:25:29.9650 PM,Jul 10 2019 2:25:30.2280 PM,.2635
Start Data Reporting,,,,,,,,,,,,,Jul 10 2019 2:25:32.3000 PM,Jul 10 2019 2:25:32.3130 PM,.0135
Start Data Reporting,Start Data Reporting,DRCB,StartDataReporting,PASS,,,,,,,,,Jul 10 2019 2:25:32.3030 PM,Jul 10 2019 2:25:32.3120 PM,.009
Get SFC Info,,,,,,,,,,,,,Jul 10 2019 2:25:32.3150 PM,Jul 10 2019 2:25:32.3790 PM,.0641
Get SFC Info,Get SFC Info,SFCSupport,getAttributes,PASS,,,,,,,,,Jul 10 2019 2:25:32.3170 PM,Jul 10 2019 2:25:32.3540 PM,.0367
Get SFC Info,Get SFC Info,GET SFC info - pansa,DKB92560050N5RQ0Q,PASS,,,,,,,,,Jul 10 2019 2:25:32.3550 PM,Jul 10 2019 2:25:32.3550 PM,0
Get SFC Info,Get SFC Info,SFCSupport,getAttributes-2,PASS,,,,,,,,,Jul 10 2019 2:25:32.3570 PM,Jul 10 2019 2:25:32.3610 PM,.0043
Get SFC Info,Get SFC Info,GET SFC info - sub_sn,,PASS,,,,,,,,,Jul 10 2019 2:25:32.3620 PM,Jul 10 2019 2:25:32.3620 PM,0
Get SFC Info,Get SFC Info,SFCSupport,getAttributes-3,PASS,,,,,,,,,Jul 10 2019 2:25:32.3630 PM,Jul 10 2019 2:25:32.3670 PM,.0041
Get SFC Info,Get SFC Info,GET SFC info - unit_lbl,R128-P1_P12EN-D2_P00452,PASS,,,,,,,,,Jul 10 2019 2:25:32.3680 PM,Jul 10 2019 2:25:32.3680 PM,0
Get SFC Info,Get SFC Info,SFCSupport,getAttributes-4,PASS,,,,,,,,,Jul 10 2019 2:25:32.3690 PM,Jul 10 2019 2:25:32.3730 PM,.0033
Get SFC Info,Get SFC Info,GET SFC info - wo_no,WCS-J60015,PASS,,,,,,,,,Jul 10 2019 2:25:32.3730 PM,Jul 10 2019 2:25:32.3730 PM,0
Get SFC Info,Get SFC Info,SFCSupport,getAttributes-5,PASS,,,,,,,,,Jul 10 2019 2:25:32.3740 PM,Jul 10 2019 2:25:32.3780 PM,.0037
Get SFC Info,Get SFC Info,GET SFC info - mlb_sn,DLX9255008SN47316,PASS,,,,,,,,,Jul 10 2019 2:25:32.3790 PM,Jul 10 2019 2:25:32.3790 PM,0
BUILD EVENT,,,,,,,,,,,,,Jul 10 2019 2:25:32.3810 PM,Jul 10 2019 2:25:32.3820 PM,.0006
BUILD EVENT,BUILD EVENT,BUILD_EVENT,R128-P1,PASS,,,,,,,,,Jul 10 2019 2:25:32.3820 PM,Jul 10 2019 2:25:32.3820 PM,0
S_BUILD,,,,,,,,,,,,,Jul 10 2019 2:25:32.3840 PM,Jul 10 2019 2:25:32.3850 PM,.0008
S_BUILD,S_BUILD,S_BUILD,R128-P1_P12EN-D2,PASS,,,,,,,,,Jul 10 2019 2:25:32.3850 PM,Jul 10 2019 2:25:32.3850 PM,0
WO_SN,,,,,,,,,,,,,Jul 10 2019 2:25:32.3890 PM,Jul 10 2019 2:25:32.3900 PM,.001
WO_SN,WO_SN,Get wo_no Pass,,PASS,,,,,,,,,Jul 10 2019 2:25:32.3900 PM,Jul 10 2019 2:25:32.3900 PM,0
UNIT LBL,,,,,,,,,,,,,Jul 10 2019 2:25:32.3920 PM,Jul 10 2019 2:25:32.3930 PM,.0006
UNIT LBL,UNIT LBL,Get unit_lbl Pass,,PASS,,,,,,,,,Jul 10 2019 2:25:32.3930 PM,Jul 10 2019 2:25:32.3930 PM,0
Query MLB SN,,,,,,,,,,,,,Jul 10 2019 2:25:32.3940 PM,Jul 10 2019 2:25:32.3950 PM,.0005
Query MLB SN,Query MLB SN,Query MLB SN,,PASS,,,,,,,,,Jul 10 2019 2:25:32.3950 PM,Jul 10 2019 2:25:32.3950 PM,0
Read MLB SN,,,,,,,,,,,,,Jul 10 2019 2:25:32.3970 PM,Jul 10 2019 2:25:32.8010 PM,.4041
Read MLB SN,Read MLB SN,[Hid] /usr/local/bin/hidreport -p 0x026F -i 0 get 0x12,,PASS,,,,,,,,,Jul 10 2019 2:25:32.4480 PM,Jul 10 2019 2:25:32.4480 PM,0
Read MLB SN,Read MLB SN,Read MLB SN,DLX9255008SN47316,PASS,,,,,,,,,Jul 10 2019 2:25:32.8000 PM,Jul 10 2019 2:25:32.8000 PM,0
Check MLB SN,,,,,,,,,,,,,Jul 10 2019 2:25:32.8050 PM,Jul 10 2019 2:25:32.8060 PM,.0007
Check MLB SN,Check MLB SN,Check MLB SN,,PASS,,,,,,,,,Jul 10 2019 2:25:32.8060 PM,Jul 10 2019 2:25:32.8060 PM,0
Program MTFW,,,,,,,,,,,,,Jul 10 2019 2:25:32.8090 PM,Jul 10 2019 2:25:34.2640 PM,1.4543
Program MTFW,Program MTFW,[Hid] /usr/local/bin/hidreport -p 0x026F -i 0 get 0xbb,,PASS,,,,,,,,,Jul 10 2019 2:25:32.8770 PM,Jul 10 2019 2:25:32.8770 PM,0
Program MTFW,Program MTFW,"Not downloading: already contain Touch FW, version: 0x0497",,PASS,,,,,,,,,Jul 10 2019 2:25:34.2630 PM,Jul 10 2019 2:25:34.2630 PM,0
Read Main FW Version Before DL,,,,,,,,,,,,,Jul 10 2019 2:25:34.2660 PM,Jul 10 2019 2:25:34.7090 PM,.4432
Read Main FW Version Before DL,Read Main FW Version Before DL,[Hid] /usr/local/bin/hidreport -p 0x026F -i 0 get 0xB4,,PASS,,,,,,,,,Jul 10 2019 2:25:34.3200 PM,Jul 10 2019 2:25:34.3200 PM,0
Read Main FW Version Before DL,Read Main FW Version Before DL,Read FW Version Before DL,0x80,PASS,,,,,,,,,Jul 10 2019 2:25:34.7090 PM,Jul 10 2019 2:25:34.7090 PM,0
Read Main FW Version Before DL,Read Main FW Version Before DL,Read FW Version Before DL,,PASS,,128,NA,,,,,NA,Jul 10 2019 2:25:34.7090 PM,Jul 10 2019 2:25:34.7090 PM,0
Program Main FW,,,,,,,,,,,,,Jul 10 2019 2:25:34.7120 PM,Jul 10 2019 2:25:35.7140 PM,1.0021
Program Main FW,Program Main FW,"Not downloading: already contain latest STFW, version: 0x80",,PASS,,,,,,,,,Jul 10 2019 2:25:35.7120 PM,Jul 10 2019 2:25:35.7120 PM,0
Read Main FW Version After DL,,,,,,,,,,,,,Jul 10 2019 2:25:35.7160 PM,Jul 10 2019 2:25:35.7170 PM,.0011
Read Main FW Version After DL,Read Main FW Version After DL,Read FW Version After DL,,PASS,,,,,,,,,Jul 10 2019 2:25:35.7160 PM,Jul 10 2019 2:25:35.7160 PM,0
Read Main FW Version After DL,Read Main FW Version After DL,Read FW Version After DL-2,,PASS,,128,NA,128,128,,,NA,Jul 10 2019 2:25:35.7170 PM,Jul 10 2019 2:25:35.7170 PM,0
Touch FW,,,,,,,,,,,,,Jul 10 2019 2:25:35.7200 PM,Jul 10 2019 2:25:36.1650 PM,.4459
Touch FW,Touch FW,[Hid] /usr/local/bin/hidreport -p 0x026F -i 0 get 0xbb,,PASS,,,,,,,,,Jul 10 2019 2:25:35.7780 PM,Jul 10 2019 2:25:35.7780 PM,0
Touch FW,Touch FW,Touch FW,,PASS,,,,,,,,,Jul 10 2019 2:25:36.1650 PM,Jul 10 2019 2:25:36.1650 PM,0
Enable all endponits,,,,,,,,,,,,,Jul 10 2019 2:25:36.1680 PM,Jul 10 2019 2:25:37.0880 PM,.9208
Enable all endponits,Enable all endponits,[Hid] /usr/local/bin/hidreport -p 0x026F -vid 0x05ac -i 0 set 0x3d 0x3d 0x13 0 0 0,,PASS,,,,,,,,,Jul 10 2019 2:25:36.2250 PM,Jul 10 2019 2:25:36.2250 PM,0
Enable all endponits,Enable all endponits,[Hid] /usr/local/bin/hidreport -p 0x026F -i 0 set 0x3e 0x3e 0x13 0 0 0 0,,PASS,,,,,,,,,Jul 10 2019 2:25:36.7000 PM,Jul 10 2019 2:25:36.7000 PM,0
Enable all endponits,Enable all endponits,Enable all endponits,,PASS,,,,,,,,,Jul 10 2019 2:25:37.0880 PM,Jul 10 2019 2:25:37.0880 PM,0
Fixture reset,,,,,,,,,,,,,Jul 10 2019 2:25:37.1250 PM,Jul 10 2019 2:25:38.4310 PM,1.3061
Fixture reset,Fixture reset,[Fixture] Retract pogo,sendCommand,PASS,,,,,,,,,Jul 10 2019 2:25:37.1270 PM,Jul 10 2019 2:25:37.3560 PM,.2291
Fixture reset,Fixture reset,Fixture,close,PASS,,,,,,,,,Jul 10 2019 2:25:38.4260 PM,Jul 10 2019 2:25:38.4270 PM,.0005
Fixture reset,Fixture reset,P203,close,PASS,,,,,,,,,Jul 10 2019 2:25:38.4280 PM,Jul 10 2019 2:25:38.4310 PM,.0024
Finish DRCB,,,,,,,,,,,,,Jul 10 2019 2:25:38.4330 PM,Jul 10 2019 2:25:38.5810 PM,.1476
Finish DRCB,Finish DRCB,DRCB,Finish,PASS,,,,,,,,,Jul 10 2019 2:25:38.4350 PM,Jul 10 2019 2:25:38.5800 PM,.145
