Test,Plugin,Command,Status,Info,Start Time,End Time,Duration (s)
Scan SN,com.apple.hwte.atlas.AppPlugin,show-form,PASS,,Jul 10 2019 2:25:21.7130 PM,Jul 10 2019 2:25:25.5920 PM,3.8796
Fixture init,Fixture,changeDelimiter,PASS,,Jul 10 2019 2:25:25.5980 PM,Jul 10 2019 2:25:25.5980 PM,.0001
Fixture init,Fixture,changeLineTerminator,PASS,,Jul 10 2019 2:25:25.6000 PM,Jul 10 2019 2:25:25.6000 PM,0
Fixture init,Fixture,open,PASS,,Jul 10 2019 2:25:25.6020 PM,Jul 10 2019 2:25:27.1980 PM,1.596
Fixture init,Fixture,read,PASS,,Jul 10 2019 2:25:27.2000 PM,Jul 10 2019 2:25:27.2290 PM,.0289
Fixture init,P203,changeDelimiter,PASS,,Jul 10 2019 2:25:27.2310 PM,Jul 10 2019 2:25:27.2310 PM,.0001
Fixture init,P203,changeLineTerminator,PASS,,Jul 10 2019 2:25:27.2320 PM,Jul 10 2019 2:25:27.2320 PM,0
Fixture init,P203,open,PASS,,Jul 10 2019 2:25:27.2340 PM,Jul 10 2019 2:25:28.8270 PM,1.5929
Fixture init,P203,read,PASS,,Jul 10 2019 2:25:28.8290 PM,Jul 10 2019 2:25:28.8570 PM,.0289
Fixture init,Fixture,sendCommand,PASS,,Jul 10 2019 2:25:28.8590 PM,Jul 10 2019 2:25:28.8700 PM,.0109
Fixture init,Fixture,sendCommand,PASS,,Jul 10 2019 2:25:28.8710 PM,Jul 10 2019 2:25:28.8890 PM,.0172
Fixture init,Fixture,sendCommand,PASS,,Jul 10 2019 2:25:29.9650 PM,Jul 10 2019 2:25:30.2280 PM,.2635
Start Data Reporting,DRCB,startDataReporting,PASS,,Jul 10 2019 2:25:32.3030 PM,Jul 10 2019 2:25:32.3120 PM,.0091
Get SFC Info,SFCSupport,getAttribute,PASS,,Jul 10 2019 2:25:32.3170 PM,Jul 10 2019 2:25:32.3540 PM,.0367
Get SFC Info,SFCSupport,getAttribute,PASS,,Jul 10 2019 2:25:32.3570 PM,Jul 10 2019 2:25:32.3610 PM,.0043
Get SFC Info,SFCSupport,getAttribute,PASS,,Jul 10 2019 2:25:32.3630 PM,Jul 10 2019 2:25:32.3670 PM,.0041
Get SFC Info,SFCSupport,getAttribute,PASS,,Jul 10 2019 2:25:32.3690 PM,Jul 10 2019 2:25:32.3730 PM,.0033
Get SFC Info,SFCSupport,getAttribute,PASS,,Jul 10 2019 2:25:32.3740 PM,Jul 10 2019 2:25:32.3780 PM,.0037
Fixture reset,Fixture,sendCommand,PASS,,Jul 10 2019 2:25:37.1270 PM,Jul 10 2019 2:25:37.3560 PM,.2292
Fixture reset,Fixture,close,PASS,,Jul 10 2019 2:25:38.4260 PM,Jul 10 2019 2:25:38.4270 PM,.0005
Fixture reset,P203,close,PASS,,Jul 10 2019 2:25:38.4280 PM,Jul 10 2019 2:25:38.4310 PM,.0024
Finish DRCB,DRCB,finish,PASS,,Jul 10 2019 2:25:38.4350 PM,Jul 10 2019 2:25:38.5800 PM,.1451
