Related Test,Type,Name,Value
Scan FATP SN,Device,serialnumber,FTPZC004P3J4
Start Data Reporting,Device,softwarename,Atlas 1.9.2
Start Data Reporting,Device,serialnumber,FTPZC004P3J4
Start Data Reporting,Device,softwareversion,V1.1.5.4_forCYG
Start Data Reporting,Device,limitsversion,1
Query MLB SN,Device,MLB_SN,DLX9363002ZN6R52N
Read MLB SN,Device,Read_MLB_SN,DLX9363002ZN6R52N
MIX FW,Device,MIX_FW," ""1.0.3"""
Query SFC Lang,Device,QUERY_SFC_LANG,KH KOREAN
Write Lang Blob,Device,QUERY_SFC_LANG,KH KOREAN
Read Lang Blob,Device,ReadMLBblob,02 01 01 0F 49 16 16
WO_NO,Device,WO_NO,WMT-J90003
UNIT LBL,Device,UNIT_LBL,R118-P2_P21AK-S2_C00283
Read Matrix and Special Builds,Device,BUILD_EVENT,R118-P2
Read Matrix and Special Builds,Device,S_BUILD,R118-P2_P21AK-S2
KBM_SN,Device,KBM_SN,C4P9322001RJCPV3L
BACKLIGHT SN,Device,BACKLIGHT_SN,GV29347006RN3LN2L
TRACKPAD SN,Device,TRACKPAD_SN,FM7934400GTN0LH1N+S1J
TOUCH FLEX SN,Device,TOUCH_FLEX_SN,C479353088LMW5D2E
P line SN,Device,P_SN,DKB93640011N67800
