Related Test,Name-1,Name-2,Name-3,Status,Info,Measurement,Units,Upper Limit,Lower Limit,Relaxed Upper Limit,Relaxed Lower Limit,Limit Units,Start Time,End Time,Duration (s)
Scan FATP SN,,,,,,,,,,,,,Sep 19 2019 7:57:22.9010 PM,Sep 19 2019 7:57:25.3220 PM,2.4213
Scan FATP SN,Scan FATP SN,AtlasApp-Hyperion,show-form,PASS,,,,,,,,,Sep 19 2019 7:57:22.9030 PM,Sep 19 2019 7:57:25.3200 PM,2.4167
Start Data Reporting,,,,,,,,,,,,,Sep 19 2019 7:57:25.3670 PM,Sep 19 2019 7:57:25.3950 PM,.0279
Start Data Reporting,Start Data Reporting,DRCB,StartDataReporting,PASS,,,,,,,,,Sep 19 2019 7:57:25.3760 PM,Sep 19 2019 7:57:25.3930 PM,.0173
Start Control Bit,,,,,,,,,,,,,Sep 19 2019 7:57:25.4000 PM,Sep 19 2019 7:57:26.1840 PM,.7836
Start Control Bit,Start Control Bit,DRCB,StartControlBits,PASS,,,,,,,,,Sep 19 2019 7:57:25.4020 PM,Sep 19 2019 7:57:26.1820 PM,.7795
PPORION OVP OUT 16V CURR,,,,,,,,,,,,,Sep 19 2019 7:57:26.1870 PM,Sep 19 2019 7:57:30.2590 PM,4.0723
PPORION OVP OUT 16V CURR,PPORION OVP OUT 16V CURR,[rpc] myiocontrol_TurnAllOff,,PASS,,,,,,,,,Sep 19 2019 7:57:26.1900 PM,Sep 19 2019 7:57:26.2830 PM,.0934
PPORION OVP OUT 16V CURR,PPORION OVP OUT 16V CURR,[rpc] measure_get_current_init,,PASS,,,,,,,,,Sep 19 2019 7:57:26.4540 PM,Sep 19 2019 7:57:26.4640 PM,.0102
PPORION OVP OUT 16V CURR,PPORION OVP OUT 16V CURR,"[rpc] dutgpio_set_pin(7,1)",,PASS,,,,,,,,,Sep 19 2019 7:57:26.6350 PM,Sep 19 2019 7:57:26.6400 PM,.0047
PPORION OVP OUT 16V CURR,PPORION OVP OUT 16V CURR,"[rpc] dutgpio_set_pin(6,0)",,PASS,,,,,,,,,Sep 19 2019 7:57:26.8130 PM,Sep 19 2019 7:57:26.8180 PM,.0046
PPORION OVP OUT 16V CURR,PPORION OVP OUT 16V CURR,"[rpc] myiocontrol_set_Bit(25,1)",,PASS,,,,,,,,,Sep 19 2019 7:57:26.9210 PM,Sep 19 2019 7:57:26.9280 PM,.0068
PPORION OVP OUT 16V CURR,PPORION OVP OUT 16V CURR,"[rpc] myiocontrol_set_Bit(16,0)",,PASS,,,,,,,,,Sep 19 2019 7:57:27.0310 PM,Sep 19 2019 7:57:27.0370 PM,.0068
PPORION OVP OUT 16V CURR,PPORION OVP OUT 16V CURR,"[rpc] myiocontrol_set_Bit(24,1)",,PASS,,,,,,,,,Sep 19 2019 7:57:27.1410 PM,Sep 19 2019 7:57:27.1470 PM,.0068
PPORION OVP OUT 16V CURR,PPORION OVP OUT 16V CURR,"[rpc] item_PowerOnDUT(16,0.200000)",,PASS,,,,,,,,,Sep 19 2019 7:57:27.3240 PM,Sep 19 2019 7:57:28.2890 PM,.9656
PPORION OVP OUT 16V CURR,PPORION OVP OUT 16V CURR,[rpc] item_SysCurrent(1000mA),,PASS,,,,,,,,,Sep 19 2019 7:57:29.3650 PM,Sep 19 2019 7:57:30.2570 PM,.8921
PPORION OVP OUT 16V CURR,PPORION OVP OUT 16V CURR,Read_Orin_Curr_16V,,PASS,,10.7879240176,mA,11.5,10.5,,,mA,Sep 19 2019 7:57:30.2580 PM,Sep 19 2019 7:57:30.2580 PM,0
PPORION OVP OUT 5V2 CURR,,,,,,,,,,,,,Sep 19 2019 7:57:30.2640 PM,Sep 19 2019 7:57:36.0890 PM,5.8249
PPORION OVP OUT 5V2 CURR,PPORION OVP OUT 5V2 CURR,"[rpc] item_PowerOnDUT(5.200000,0.200000)",,PASS,,,,,,,,,Sep 19 2019 7:57:30.2660 PM,Sep 19 2019 7:57:31.2330 PM,.9667
PPORION OVP OUT 5V2 CURR,PPORION OVP OUT 5V2 CURR,[rpc] item_SysCurrent(1000mA),,PASS,,,,,,,,,Sep 19 2019 7:57:32.3070 PM,Sep 19 2019 7:57:33.1610 PM,.8542
PPORION OVP OUT 5V2 CURR,PPORION OVP OUT 5V2 CURR,[rpc] item_SysCurrent(1000mA)-2,,PASS,,,,,,,,,Sep 19 2019 7:57:35.2390 PM,Sep 19 2019 7:57:36.0870 PM,.8489
PPORION OVP OUT 5V2 CURR,PPORION OVP OUT 5V2 CURR,Read_Orin_Curr_5V2,,PASS,,10.6177955075,mA,15,4.5,,,mA,Sep 19 2019 7:57:36.0890 PM,Sep 19 2019 7:57:36.0890 PM,0
PPORION OVP OUT -16V CURR,,,,,,,,,,,,,Sep 19 2019 7:57:36.0930 PM,Sep 19 2019 7:57:38.8310 PM,2.7379
PPORION OVP OUT -16V CURR,PPORION OVP OUT -16V CURR,"[rpc] item_PowerOnDUT(-16,0.200000)",,PASS,,,,,,,,,Sep 19 2019 7:57:36.0950 PM,Sep 19 2019 7:57:37.0640 PM,.9685
PPORION OVP OUT -16V CURR,PPORION OVP OUT -16V CURR,[rpc] item_SysCurrent(1000mA),,PASS,,,,,,,,,Sep 19 2019 7:57:38.1400 PM,Sep 19 2019 7:57:38.8290 PM,.6891
PPORION OVP OUT -16V CURR,PPORION OVP OUT -16V CURR,Read_Orin_Curr_minus16V,,PASS,,-0.1450040033,mA,0.1,-0.3,,,mA,Sep 19 2019 7:57:38.8310 PM,Sep 19 2019 7:57:38.8310 PM,0
SYS IDBUS 6V VBUS 5V2 CURR,,,,,,,,,,,,,Sep 19 2019 7:57:38.8350 PM,Sep 19 2019 7:57:42.2370 PM,3.4027
SYS IDBUS 6V VBUS 5V2 CURR,SYS IDBUS 6V VBUS 5V2 CURR,[rpc] item_PowerOffDUT,,PASS,,,,,,,,,Sep 19 2019 7:57:38.8370 PM,Sep 19 2019 7:57:39.0610 PM,.2246
SYS IDBUS 6V VBUS 5V2 CURR,SYS IDBUS 6V VBUS 5V2 CURR,"[rpc] item_PowerOnIDBusAndVus(6,5.200000)",,PASS,,,,,,,,,Sep 19 2019 7:57:39.5650 PM,Sep 19 2019 7:57:40.4290 PM,.8644
SYS IDBUS 6V VBUS 5V2 CURR,SYS IDBUS 6V VBUS 5V2 CURR,[rpc] item_SysCurrent(10mA),,PASS,,,,,,,,,Sep 19 2019 7:57:41.5020 PM,Sep 19 2019 7:57:42.2360 PM,.7332
SYS IDBUS 6V VBUS 5V2 CURR,SYS IDBUS 6V VBUS 5V2 CURR,MeasSysCurr6To5V2,,PASS,,0.2038119273,mA,0.23,0.19,,,mA,Sep 19 2019 7:57:42.2370 PM,Sep 19 2019 7:57:42.2370 PM,0
SYS IDBUS 6V VBUS 0V CURR,,,,,,,,,,,,,Sep 19 2019 7:57:42.2410 PM,Sep 19 2019 7:57:45.4510 PM,3.2098
SYS IDBUS 6V VBUS 0V CURR,SYS IDBUS 6V VBUS 0V CURR,"[rpc] item_PowerOnIDBusAndVus(6,0)",,PASS,,,,,,,,,Sep 19 2019 7:57:42.2430 PM,Sep 19 2019 7:57:43.1110 PM,.8678
SYS IDBUS 6V VBUS 0V CURR,SYS IDBUS 6V VBUS 0V CURR,[rpc] psu_setPSU_Disable,,PASS,,,,,,,,,Sep 19 2019 7:57:44.1840 PM,Sep 19 2019 7:57:44.1930 PM,.0084
SYS IDBUS 6V VBUS 0V CURR,SYS IDBUS 6V VBUS 0V CURR,[rpc] item_SysCurrent(10mA),,PASS,,,,,,,,,Sep 19 2019 7:57:44.7640 PM,Sep 19 2019 7:57:45.4490 PM,.6846
SYS IDBUS 6V VBUS 0V CURR,SYS IDBUS 6V VBUS 0V CURR,MeasSysCurr6To0,,PASS,,0.1978685944,mA,0.22,0.19,,,mA,Sep 19 2019 7:57:45.4510 PM,Sep 19 2019 7:57:45.4510 PM,0
SYS IDBUS -4V VBUS 0V CURR,,,,,,,,,,,,,Sep 19 2019 7:57:45.4550 PM,Sep 19 2019 7:57:50.3510 PM,4.8965
SYS IDBUS -4V VBUS 0V CURR,SYS IDBUS -4V VBUS 0V CURR,"[rpc] myiocontrol_set_Bit(14,1)",,PASS,,,,,,,,,Sep 19 2019 7:57:45.4570 PM,Sep 19 2019 7:57:45.4640 PM,.0069
SYS IDBUS -4V VBUS 0V CURR,SYS IDBUS -4V VBUS 0V CURR,"[rpc] myiocontrol_set_Bit(12,1)",,PASS,,,,,,,,,Sep 19 2019 7:57:45.4660 PM,Sep 19 2019 7:57:45.4720 PM,.0067
SYS IDBUS -4V VBUS 0V CURR,SYS IDBUS -4V VBUS 0V CURR,"[rpc] myiocontrol_set_Bit(9,1)",,PASS,,,,,,,,,Sep 19 2019 7:57:45.4750 PM,Sep 19 2019 7:57:45.4810 PM,.0067
SYS IDBUS -4V VBUS 0V CURR,SYS IDBUS -4V VBUS 0V CURR,"[rpc] myiocontrol_set_Bit(24,1)",,PASS,,,,,,,,,Sep 19 2019 7:57:45.4840 PM,Sep 19 2019 7:57:45.4900 PM,.0068
SYS IDBUS -4V VBUS 0V CURR,SYS IDBUS -4V VBUS 0V CURR,"[rpc] item_PowerOnIDBusAndVus(-4.700000,0)",,PASS,,,,,,,,,Sep 19 2019 7:57:45.4930 PM,Sep 19 2019 7:57:46.3600 PM,.8671
SYS IDBUS -4V VBUS 0V CURR,SYS IDBUS -4V VBUS 0V CURR,[rpc] measure_get_voltage(6V),,PASS,,,,,,,,,Sep 19 2019 7:57:46.8640 PM,Sep 19 2019 7:57:47.1790 PM,.3152
SYS IDBUS -4V VBUS 0V CURR,SYS IDBUS -4V VBUS 0V CURR,[rpc] cyg_ps_SetPsVoltage(4.896275),,PASS,,,,,,,,,Sep 19 2019 7:57:47.1810 PM,Sep 19 2019 7:57:47.3740 PM,.1926
SYS IDBUS -4V VBUS 0V CURR,SYS IDBUS -4V VBUS 0V CURR,[rpc] measure_get_voltage(6V)-2,,PASS,,,,,,,,,Sep 19 2019 7:57:47.9480 PM,Sep 19 2019 7:57:48.2590 PM,.3119
SYS IDBUS -4V VBUS 0V CURR,SYS IDBUS -4V VBUS 0V CURR,[rpc] psu_setPSU_Disable,,PASS,,,,,,,,,Sep 19 2019 7:57:48.2620 PM,Sep 19 2019 7:57:48.2710 PM,.0086
SYS IDBUS -4V VBUS 0V CURR,SYS IDBUS -4V VBUS 0V CURR,[rpc] item_SysCurrent(1000mA),,PASS,,,,,,,,,Sep 19 2019 7:57:49.3480 PM,Sep 19 2019 7:57:50.0780 PM,.7306
SYS IDBUS -4V VBUS 0V CURR,SYS IDBUS -4V VBUS 0V CURR,[rpc] item_PowerOffIDBusAndVus,,PASS,,,,,,,,,Sep 19 2019 7:57:50.0810 PM,Sep 19 2019 7:57:50.3130 PM,.2324
SYS IDBUS -4V VBUS 0V CURR,SYS IDBUS -4V VBUS 0V CURR,SYS_IDBUS_-4V_VBUS_0V_CURR,,PASS,,-27.9698537992,mA,-25,-35,,,mA,Sep 19 2019 7:57:50.3150 PM,Sep 19 2019 7:57:50.3150 PM,0
SYS IDBUS -4V VBUS 0V CURR,SYS IDBUS -4V VBUS 0V CURR,"[rpc] myiocontrol_set_Bit(14,0)",,PASS,,,,,,,,,Sep 19 2019 7:57:50.3160 PM,Sep 19 2019 7:57:50.3230 PM,.0069
SYS IDBUS -4V VBUS 0V CURR,SYS IDBUS -4V VBUS 0V CURR,"[rpc] myiocontrol_set_Bit(12,0)",,PASS,,,,,,,,,Sep 19 2019 7:57:50.3260 PM,Sep 19 2019 7:57:50.3320 PM,.0067
SYS IDBUS -4V VBUS 0V CURR,SYS IDBUS -4V VBUS 0V CURR,"[rpc] myiocontrol_set_Bit(9,0)",,PASS,,,,,,,,,Sep 19 2019 7:57:50.3350 PM,Sep 19 2019 7:57:50.3410 PM,.0067
SYS IDBUS -4V VBUS 0V CURR,SYS IDBUS -4V VBUS 0V CURR,"[rpc] myiocontrol_set_Bit(24,0)",,PASS,,,,,,,,,Sep 19 2019 7:57:50.3440 PM,Sep 19 2019 7:57:50.3500 PM,.0068
SYS IDBUS -4V VBUS 0V VOL,,,,,,,,,,,,,Sep 19 2019 7:57:50.3570 PM,Sep 19 2019 7:57:50.3580 PM,.0009
SYS IDBUS -4V VBUS 0V VOL,SYS IDBUS -4V VBUS 0V VOL,SYS IDBUS -4V VBUS 0V VOL,,PASS,,-3.9801886948575,V,-3.9,-4.1,,,V,Sep 19 2019 7:57:50.3570 PM,Sep 19 2019 7:57:50.3570 PM,0
P203 Power On Dut,,,,,,,,,,,,,Sep 19 2019 7:57:50.3610 PM,Sep 19 2019 7:58:12.5690 PM,22.2081
P203 Power On Dut,P203 Power On Dut,[rpc] item_TurnAllOffAfterInit,,PASS,,,,,,,,,Sep 19 2019 7:57:50.3630 PM,Sep 19 2019 7:57:51.5140 PM,1.1514
P203 Power On Dut,P203 Power On Dut,[rpc] psu_setPSU_init,,PASS,,,,,,,,,Sep 19 2019 7:57:51.5160 PM,Sep 19 2019 7:57:51.5220 PM,.0059
P203 Power On Dut,P203 Power On Dut,"[rpc] item_PowerOnDUT(1,1)",,PASS,,,,,,,,,Sep 19 2019 7:57:51.5240 PM,Sep 19 2019 7:57:52.4890 PM,.9651
P203 Power On Dut,P203 Power On Dut,"[rpc] dutgpio_set_pin(7,1)",,PASS,,,,,,,,,Sep 19 2019 7:57:52.4920 PM,Sep 19 2019 7:57:52.4980 PM,.0052
P203 Power On Dut,P203 Power On Dut,"[rpc] myiocontrol_set_Bit(24,0)",,PASS,,,,,,,,,Sep 19 2019 7:57:57.5730 PM,Sep 19 2019 7:57:57.5800 PM,.0075
P203 Power On Dut,P203 Power On Dut,"[rpc] item_PowerOnDUT(4.800000,1)",,PASS,,,,,,,,,Sep 19 2019 7:57:58.1530 PM,Sep 19 2019 7:57:59.1200 PM,.9664
P203 Power On Dut,P203 Power On Dut,[Hid] /usr/local/bin/hidreport -v 0x05ac -p 0x026E -i 0 set 0x3D 0x3D 0x13 0x0 0x0 0x0,,PASS,,,,,,,,,Sep 19 2019 7:58:01.2660 PM,Sep 19 2019 7:58:01.2660 PM,0
P203 Power On Dut,P203 Power On Dut,[Hid] /usr/local/bin/hidreport -v 0x05ac -p 0x026E -i 0 set 0x3E 0x3E 0x13 0x0 0x0 0x0 0x2,,PASS,,,,,,,,,Sep 19 2019 7:58:02.3150 PM,Sep 19 2019 7:58:02.3150 PM,0
P203 Power On Dut,P203 Power On Dut,[rpc] item_TurnAllOffAfterInit-2,,PASS,,,,,,,,,Sep 19 2019 7:58:02.7560 PM,Sep 19 2019 7:58:03.9050 PM,1.1488
P203 Power On Dut,P203 Power On Dut,[rpc] psu_setPSU_init-2,,PASS,,,,,,,,,Sep 19 2019 7:58:03.9070 PM,Sep 19 2019 7:58:03.9130 PM,.0051
P203 Power On Dut,P203 Power On Dut,"[rpc] item_PowerOnDUT(1,1)-2",,PASS,,,,,,,,,Sep 19 2019 7:58:03.9150 PM,Sep 19 2019 7:58:04.8810 PM,.9659
P203 Power On Dut,P203 Power On Dut,"[rpc] dutgpio_set_pin(7,1)-2",,PASS,,,,,,,,,Sep 19 2019 7:58:04.8830 PM,Sep 19 2019 7:58:04.8880 PM,.0046
P203 Power On Dut,P203 Power On Dut,"[rpc] myiocontrol_set_Bit(24,0)-2",,PASS,,,,,,,,,Sep 19 2019 7:58:09.9610 PM,Sep 19 2019 7:58:09.9680 PM,.0069
P203 Power On Dut,P203 Power On Dut,"[rpc] item_PowerOnDUT(4.800000,1)-2",,PASS,,,,,,,,,Sep 19 2019 7:58:10.5410 PM,Sep 19 2019 7:58:11.5070 PM,.9662
Read MFI Address,,,,,,,,,,,,,Sep 19 2019 7:58:12.5740 PM,Sep 19 2019 7:58:13.3430 PM,.7687
Read MFI Address,Read MFI Address,[Hid] /usr/local/bin/hidreport -p 0x026E -v 0x05ac -i 0 get 0x5E,,PASS,,,,,,,,,Sep 19 2019 7:58:12.9490 PM,Sep 19 2019 7:58:12.9490 PM,0
Read MFI Address,Read MFI Address,GetMozartAddress pass,16,PASS,,,,,,,,,Sep 19 2019 7:58:13.3420 PM,Sep 19 2019 7:58:13.3420 PM,0
Read MFI Address,Read MFI Address,Read_MFI_Address,,PASS,,16,NA,16,16,,,NA,Sep 19 2019 7:58:13.3420 PM,Sep 19 2019 7:58:13.3420 PM,0
GreenPAK ID,,,,,,,,,,,,,Sep 19 2019 7:58:13.3470 PM,Sep 19 2019 7:58:13.8350 PM,.489
GreenPAK ID,GreenPAK ID,"[Hid] /usr/local/bin/hidreport -p 0x026E -v 0x05ac -usage 0xff00,0xb get 0x90",,PASS,,,,,,,,,Sep 19 2019 7:58:13.4330 PM,Sep 19 2019 7:58:13.4330 PM,0
GreenPAK ID,GreenPAK ID,GREEN_PAK_PART1,,PASS,,2,,,,,,,Sep 19 2019 7:58:13.8330 PM,Sep 19 2019 7:58:13.8330 PM,0
GreenPAK ID,GreenPAK ID,GREEN_PAK,,PASS,,,,,,,,,Sep 19 2019 7:58:13.8350 PM,Sep 19 2019 7:58:13.8350 PM,0
Query SFC SN,,,,,,,,,,,,,Sep 19 2019 7:58:13.8400 PM,Sep 19 2019 7:58:14.0620 PM,.2218
Query SFC SN,Query SFC SN,SFCSupport,getAttributes,PASS,,,,,,,,,Sep 19 2019 7:58:13.8430 PM,Sep 19 2019 7:58:13.9800 PM,.1367
Query SFC SN,Query SFC SN,GET SFC info - pansa,DKB93640011N67800,PASS,,,,,,,,,Sep 19 2019 7:58:13.9810 PM,Sep 19 2019 7:58:13.9810 PM,0
Query SFC SN,Query SFC SN,SFCSupport,getAttributes-2,PASS,,,,,,,,,Sep 19 2019 7:58:13.9840 PM,Sep 19 2019 7:58:13.9890 PM,.0051
Query SFC SN,Query SFC SN,GET SFC info - unit_lbl,R118-P2_P21AK-S2_C00283,PASS,,,,,,,,,Sep 19 2019 7:58:13.9900 PM,Sep 19 2019 7:58:13.9900 PM,0
Query SFC SN,Query SFC SN,SFCSupport,getAttributes-3,PASS,,,,,,,,,Sep 19 2019 7:58:13.9920 PM,Sep 19 2019 7:58:13.9950 PM,.0036
Query SFC SN,Query SFC SN,GET SFC info - wo_no,WMT-J90003,PASS,,,,,,,,,Sep 19 2019 7:58:13.9960 PM,Sep 19 2019 7:58:13.9960 PM,0
Query SFC SN,Query SFC SN,SFCSupport,getAttributes-4,PASS,,,,,,,,,Sep 19 2019 7:58:13.9980 PM,Sep 19 2019 7:58:14.0020 PM,.0036
Query SFC SN,Query SFC SN,SFCSupport,getAttributes-5,PASS,,,,,,,,,Sep 19 2019 7:58:14.0040 PM,Sep 19 2019 7:58:14.0100 PM,.0061
Query SFC SN,Query SFC SN,GET SFC info - trackpad_sn,FM7934400GTN0LH1N+S1J,PASS,,,,,,,,,Sep 19 2019 7:58:14.0110 PM,Sep 19 2019 7:58:14.0110 PM,0
Query SFC SN,Query SFC SN,SFCSupport,getAttributes-6,PASS,,,,,,,,,Sep 19 2019 7:58:14.0130 PM,Sep 19 2019 7:58:14.0180 PM,.0047
Query SFC SN,Query SFC SN,GET SFC info - touch_flex_sn,C479353088LMW5D2E,PASS,,,,,,,,,Sep 19 2019 7:58:14.0190 PM,Sep 19 2019 7:58:14.0190 PM,0
Query SFC SN,Query SFC SN,SFCSupport,getAttributes-7,PASS,,,,,,,,,Sep 19 2019 7:58:14.0210 PM,Sep 19 2019 7:58:14.0250 PM,.0044
Query SFC SN,Query SFC SN,GET SFC info - usbc_board_sn,DLX9363004VMW012A,PASS,,,,,,,,,Sep 19 2019 7:58:14.0260 PM,Sep 19 2019 7:58:14.0260 PM,0
Query SFC SN,Query SFC SN,SFCSupport,getAttributes-8,PASS,,,,,,,,,Sep 19 2019 7:58:14.0280 PM,Sep 19 2019 7:58:14.0320 PM,.0036
Query SFC SN,Query SFC SN,SFCSupport,getAttributes-9,PASS,,,,,,,,,Sep 19 2019 7:58:14.0340 PM,Sep 19 2019 7:58:14.0380 PM,.004
Query SFC SN,Query SFC SN,GET SFC info - backlight_sn,GV29347006RN3LN2L,PASS,,,,,,,,,Sep 19 2019 7:58:14.0390 PM,Sep 19 2019 7:58:14.0390 PM,0
Query SFC SN,Query SFC SN,SFCSupport,getAttributes-10,PASS,,,,,,,,,Sep 19 2019 7:58:14.0410 PM,Sep 19 2019 7:58:14.0460 PM,.0046
Query SFC SN,Query SFC SN,SFCSupport,getAttributes-11,PASS,,,,,,,,,Sep 19 2019 7:58:14.0480 PM,Sep 19 2019 7:58:14.0520 PM,.0041
Query SFC SN,Query SFC SN,GET SFC info - kbm_sn,C4P9322001RJCPV3L,PASS,,,,,,,,,Sep 19 2019 7:58:14.0530 PM,Sep 19 2019 7:58:14.0530 PM,0
Query SFC SN,Query SFC SN,SFCSupport,getAttributes-12,PASS,,,,,,,,,Sep 19 2019 7:58:14.0550 PM,Sep 19 2019 7:58:14.0600 PM,.0049
Query SFC SN,Query SFC SN,GET SFC info - mlb_sn,DLX9363002ZN6R52N,PASS,,,,,,,,,Sep 19 2019 7:58:14.0610 PM,Sep 19 2019 7:58:14.0610 PM,0
Query MLB SN,,,,,,,,,,,,,Sep 19 2019 7:58:14.0670 PM,Sep 19 2019 7:58:14.0680 PM,.0008
Query MLB SN,Query MLB SN,uploadInfoFromSFC pass,,PASS,,,,,,,,,Sep 19 2019 7:58:14.0680 PM,Sep 19 2019 7:58:14.0680 PM,0
Read MLB SN,,,,,,,,,,,,,Sep 19 2019 7:58:14.0710 PM,Sep 19 2019 7:58:14.5800 PM,.5088
Read MLB SN,Read MLB SN,[Hid] /usr/local/bin/hidreport -p 0x026E -v 0x5ac -i 0 get 0x12,,PASS,,,,,,,,,Sep 19 2019 7:58:14.1660 PM,Sep 19 2019 7:58:14.1660 PM,0
Check MLB SN,,,,,,,,,,,,,Sep 19 2019 7:58:14.5840 PM,Sep 19 2019 7:58:14.5850 PM,.0009
Check MLB SN,Check MLB SN,ItemCheckSN pass,,PASS,,,,,,,,,Sep 19 2019 7:58:14.5850 PM,Sep 19 2019 7:58:14.5850 PM,0
MIX FW,,,,,,,,,,,,,Sep 19 2019 7:58:14.5880 PM,Sep 19 2019 7:58:14.5970 PM,.0093
MIX FW,MIX FW,[rpc] server_fw_version,,PASS,,,,,,,,,Sep 19 2019 7:58:14.5900 PM,Sep 19 2019 7:58:14.5960 PM,.0054
MIX FW,MIX FW,readMixFW pass," ""1.0.3""",PASS,,,,,,,,,Sep 19 2019 7:58:14.5970 PM,Sep 19 2019 7:58:14.5970 PM,0
TOUCH FW,,,,,,,,,,,,,Sep 19 2019 7:58:14.6010 PM,Sep 19 2019 7:58:15.4550 PM,.8539
TOUCH FW,TOUCH FW,[Hid] /usr/local/bin/hidreport -p 0x026E -v 0x05ac -i 0 get 0xbb,,PASS,,,,,,,,,Sep 19 2019 7:58:14.9570 PM,Sep 19 2019 7:58:14.9570 PM,0
TOUCH FW,TOUCH FW,Touch_FW,1285,PASS,,,,,,,,,Sep 19 2019 7:58:15.4540 PM,Sep 19 2019 7:58:15.4540 PM,0
TOUCH FW,TOUCH FW,TOUCH_FW,,PASS,,1285,NA,1285,1285,,,NA,Sep 19 2019 7:58:15.4540 PM,Sep 19 2019 7:58:15.4540 PM,0
STFW,,,,,,,,,,,,,Sep 19 2019 7:58:15.4600 PM,Sep 19 2019 7:58:15.9850 PM,.5252
STFW,STFW,[Hid] /usr/local/bin/hidreport -pid 0x026E -vid 0x05ac -interface 0 get 0xB4,,PASS,,,,,,,,,Sep 19 2019 7:58:15.5830 PM,Sep 19 2019 7:58:15.5830 PM,0
STFW,STFW,CheckFW pass,352,PASS,,,,,,,,,Sep 19 2019 7:58:15.9840 PM,Sep 19 2019 7:58:15.9840 PM,0
STFW,STFW,STFW,,PASS,,352,NA,352,352,,,NA,Sep 19 2019 7:58:15.9840 PM,Sep 19 2019 7:58:15.9840 PM,0
Production signed check,,,,,,,,,,,,,Sep 19 2019 7:58:15.9890 PM,Sep 19 2019 7:58:16.4760 PM,.4871
Production signed check,Production signed check,"[Hid] /usr/local/bin/hidreport -pid 0x026E -vid 0x05ac -usage 0xFF00,0x00B get 0x13",,PASS,,,,,,,,,Sep 19 2019 7:58:16.0770 PM,Sep 19 2019 7:58:16.0770 PM,0
Production signed check,Production signed check,CheckProductSign pass,0,PASS,,,,,,,,,Sep 19 2019 7:58:16.4750 PM,Sep 19 2019 7:58:16.4750 PM,0
Production signed check,Production signed check,Production_signed_check,,PASS,,0,NA,0,0,,,NA,Sep 19 2019 7:58:16.4750 PM,Sep 19 2019 7:58:16.4750 PM,0
KBD HW Layout,,,,,,,,,,,,,Sep 19 2019 7:58:16.4810 PM,Sep 19 2019 7:58:16.9720 PM,.4911
KBD HW Layout,KBD HW Layout,[Hid] /usr/local/bin/hidreport -pid 0x026E -vid 0x05ac -interface 1 get 0x04,,PASS,,,,,,,,,Sep 19 2019 7:58:16.5680 PM,Sep 19 2019 7:58:16.5680 PM,0
KBD HW Layout,KBD HW Layout,GetHWLanguage pass,33,PASS,,,,,,,,,Sep 19 2019 7:58:16.9710 PM,Sep 19 2019 7:58:16.9710 PM,0
KBD HW Layout,KBD HW Layout,KBD_HW_Layout,,PASS,,33,NA,,,,,,Sep 19 2019 7:58:16.9710 PM,Sep 19 2019 7:58:16.9710 PM,0
Read HW Version,,,,,,,,,,,,,Sep 19 2019 7:58:16.9760 PM,Sep 19 2019 7:58:17.4560 PM,.4805
Read HW Version,Read HW Version,"[Hid] /usr/local/bin/hidreport -p 0x026E -v 0x5ac -usage 0xff00,0xb get 0xbc",,PASS,,,,,,,,,Sep 19 2019 7:58:17.0540 PM,Sep 19 2019 7:58:17.0540 PM,0
Read HW Version,Read HW Version,ReadHWVesion pass,3,PASS,,,,,,,,,Sep 19 2019 7:58:17.4550 PM,Sep 19 2019 7:58:17.4550 PM,0
Read HW Version,Read HW Version,READ_HW_VERSION,,PASS,,3,NA,3,3,,,NA,Sep 19 2019 7:58:17.4550 PM,Sep 19 2019 7:58:17.4550 PM,0
Query SFC Lang,,,,,,,,,,,,,Sep 19 2019 7:58:17.4610 PM,Sep 19 2019 7:58:17.4620 PM,.001
Query SFC Lang,Query SFC Lang,QuerySFCLang pass,KH,PASS,,,,,,,,,Sep 19 2019 7:58:17.4620 PM,Sep 19 2019 7:58:17.4620 PM,0
Write Lang Blob,,,,,,,,,,,,,Sep 19 2019 7:58:17.4780 PM,Sep 19 2019 7:58:19.5500 PM,2.0726
Write Lang Blob,Write Lang Blob,QuerySFCLang pass,KH,PASS,,,,,,,,,Sep 19 2019 7:58:17.4790 PM,Sep 19 2019 7:58:17.4790 PM,0
Write Lang Blob,Write Lang Blob,[Hid] /usr/local/bin/shfuc -n -v 0x05ac -p 0x026E -f /usr/local/bin/Calblob/r118-KeyCal-KH.bin,,PASS,,,,,,,,,Sep 19 2019 7:58:19.1440 PM,Sep 19 2019 7:58:19.1440 PM,0
Write Lang Blob,Write Lang Blob,WriteMLBblob pass,FW update succeeded,PASS,,,,,,,,,Sep 19 2019 7:58:19.5500 PM,Sep 19 2019 7:58:19.5500 PM,0
Read Lang Blob,,,,,,,,,,,,,Sep 19 2019 7:58:19.5540 PM,Sep 19 2019 7:58:29.9980 PM,10.4436
Read Lang Blob,Read Lang Blob,[rpc] item_TurnAllOffAfterInit,,PASS,,,,,,,,,Sep 19 2019 7:58:19.5560 PM,Sep 19 2019 7:58:20.7150 PM,1.1585
Read Lang Blob,Read Lang Blob,[rpc] psu_setPSU_init,,PASS,,,,,,,,,Sep 19 2019 7:58:20.7170 PM,Sep 19 2019 7:58:20.7220 PM,.005
Read Lang Blob,Read Lang Blob,"[rpc] item_PowerOnDUT(1,1)",,PASS,,,,,,,,,Sep 19 2019 7:58:20.7250 PM,Sep 19 2019 7:58:21.6900 PM,.9654
Read Lang Blob,Read Lang Blob,"[rpc] dutgpio_set_pin(7,1)",,PASS,,,,,,,,,Sep 19 2019 7:58:21.6920 PM,Sep 19 2019 7:58:21.6970 PM,.0046
Read Lang Blob,Read Lang Blob,"[rpc] myiocontrol_set_Bit(24,0)",,PASS,,,,,,,,,Sep 19 2019 7:58:26.7720 PM,Sep 19 2019 7:58:26.7790 PM,.0069
Read Lang Blob,Read Lang Blob,"[rpc] item_PowerOnDUT(4.800000,1)",,PASS,,,,,,,,,Sep 19 2019 7:58:27.3520 PM,Sep 19 2019 7:58:28.3180 PM,.9656
Read Lang Blob,Read Lang Blob,"[Hid] /usr/local/bin/hidreport -p 0x026E -v 0x5ac -usage 0x001,0x006 get 0x02",,PASS,,,,,,,,,Sep 19 2019 7:58:29.6020 PM,Sep 19 2019 7:58:29.6020 PM,0
Read Lang Blob,Read Lang Blob,ReadBlob pass,02 01 01 0F 49 16 16,PASS,,,,,,,,,Sep 19 2019 7:58:29.9970 PM,Sep 19 2019 7:58:29.9970 PM,0
WO_NO,,,,,,,,,,,,,Sep 19 2019 7:58:30.0020 PM,Sep 19 2019 7:58:30.0030 PM,.0009
WO_NO,WO_NO,uploadInfoFromSFC pass,,PASS,,,,,,,,,Sep 19 2019 7:58:30.0030 PM,Sep 19 2019 7:58:30.0030 PM,0
UNIT LBL,,,,,,,,,,,,,Sep 19 2019 7:58:30.0060 PM,Sep 19 2019 7:58:30.0070 PM,.0008
UNIT LBL,UNIT LBL,uploadInfoFromSFC pass,,PASS,,,,,,,,,Sep 19 2019 7:58:30.0070 PM,Sep 19 2019 7:58:30.0070 PM,0
Read Matrix and Special Builds,,,,,,,,,,,,,Sep 19 2019 7:58:30.0100 PM,Sep 19 2019 7:58:30.0110 PM,.0012
Read Matrix and Special Builds,Read Matrix and Special Builds,BUILD_EVENT: R118-P2,,PASS,,,,,,,,,Sep 19 2019 7:58:30.0110 PM,Sep 19 2019 7:58:30.0110 PM,0
Read Matrix and Special Builds,Read Matrix and Special Builds,S_BUILD: R118-P2_P21AK-S2,,PASS,,,,,,,,,Sep 19 2019 7:58:30.0110 PM,Sep 19 2019 7:58:30.0110 PM,0
KBM_SN,,,,,,,,,,,,,Sep 19 2019 7:58:30.0150 PM,Sep 19 2019 7:58:30.0160 PM,.0009
KBM_SN,KBM_SN,uploadInfoFromSFC pass,,PASS,,,,,,,,,Sep 19 2019 7:58:30.0150 PM,Sep 19 2019 7:58:30.0150 PM,0
BACKLIGHT SN,,,,,,,,,,,,,Sep 19 2019 7:58:30.0190 PM,Sep 19 2019 7:58:30.0190 PM,.0008
BACKLIGHT SN,BACKLIGHT SN,uploadInfoFromSFC pass,,PASS,,,,,,,,,Sep 19 2019 7:58:30.0190 PM,Sep 19 2019 7:58:30.0190 PM,0
TRACKPAD SN,,,,,,,,,,,,,Sep 19 2019 7:58:30.0220 PM,Sep 19 2019 7:58:30.0230 PM,.0009
TRACKPAD SN,TRACKPAD SN,uploadInfoFromSFC pass,,PASS,,,,,,,,,Sep 19 2019 7:58:30.0230 PM,Sep 19 2019 7:58:30.0230 PM,0
TOUCH FLEX SN,,,,,,,,,,,,,Sep 19 2019 7:58:30.0260 PM,Sep 19 2019 7:58:30.0270 PM,.0008
TOUCH FLEX SN,TOUCH FLEX SN,uploadInfoFromSFC pass,,PASS,,,,,,,,,Sep 19 2019 7:58:30.0270 PM,Sep 19 2019 7:58:30.0270 PM,0
P line SN,,,,,,,,,,,,,Sep 19 2019 7:58:30.0300 PM,Sep 19 2019 7:58:30.0310 PM,.0008
P line SN,P line SN,uploadInfoFromSFC pass,,PASS,,,,,,,,,Sep 19 2019 7:58:30.0310 PM,Sep 19 2019 7:58:30.0310 PM,0
Power Cycle,,,,,,,,,,,,,Sep 19 2019 7:58:30.0340 PM,Sep 19 2019 7:58:40.8600 PM,10.826
Power Cycle,Power Cycle,[rpc] item_TurnAllOffAfterInit,,PASS,,,,,,,,,Sep 19 2019 7:58:30.0360 PM,Sep 19 2019 7:58:31.1860 PM,1.15
Power Cycle,Power Cycle,[rpc] psu_setPSU_init,,PASS,,,,,,,,,Sep 19 2019 7:58:31.1880 PM,Sep 19 2019 7:58:31.1930 PM,.0051
Power Cycle,Power Cycle,"[rpc] item_PowerOnDUT(1,1)",,PASS,,,,,,,,,Sep 19 2019 7:58:31.1960 PM,Sep 19 2019 7:58:32.1610 PM,.9652
Power Cycle,Power Cycle,"[rpc] dutgpio_set_pin(7,1)",,PASS,,,,,,,,,Sep 19 2019 7:58:32.1630 PM,Sep 19 2019 7:58:32.1700 PM,.0065
Power Cycle,Power Cycle,"[rpc] myiocontrol_set_Bit(24,0)",,PASS,,,,,,,,,Sep 19 2019 7:58:37.2390 PM,Sep 19 2019 7:58:37.2460 PM,.0072
Power Cycle,Power Cycle,"[rpc] item_PowerOnDUT(4.800000,1)",,PASS,,,,,,,,,Sep 19 2019 7:58:37.8200 PM,Sep 19 2019 7:58:38.7850 PM,.9657
(Orion Power)SYS CURRENT IDLE,,,,,,,,,,,,,Sep 19 2019 7:58:40.8640 PM,Sep 19 2019 7:58:45.5600 PM,4.6964
(Orion Power)SYS CURRENT IDLE,(Orion Power)SYS CURRENT IDLE,"[Hid] /usr/local/bin/hidreport -p 0x026E -v 0x5ac -usage 0xff00,0xf set 1 1 0",,PASS,,,,,,,,,Sep 19 2019 7:58:40.9490 PM,Sep 19 2019 7:58:40.9490 PM,0
(Orion Power)SYS CURRENT IDLE,(Orion Power)SYS CURRENT IDLE,"[Hid] /usr/local/bin/hidreport -p 0x026E -v 0x5ac -usage 0xff00,0xb set 0xce 0xce 3 3 1",,PASS,,,,,,,,,Sep 19 2019 7:58:41.4210 PM,Sep 19 2019 7:58:41.4210 PM,0
(Orion Power)SYS CURRENT IDLE,(Orion Power)SYS CURRENT IDLE,"[Hid] /usr/local/bin/hidreport -p 0x026E -v 0x5ac -usage 0xFF00,0xb set 0xCE 0xCE 1 5 1",,PASS,,,,,,,,,Sep 19 2019 7:58:41.8920 PM,Sep 19 2019 7:58:41.8920 PM,0
(Orion Power)SYS CURRENT IDLE,(Orion Power)SYS CURRENT IDLE,"[Hid] /usr/local/bin/hidreport -p 0x026E -v 0x5ac -usage 0xff00,0xb set 0xce 0xce 4 7 1",,PASS,,,,,,,,,Sep 19 2019 7:58:42.3610 PM,Sep 19 2019 7:58:42.3610 PM,0
(Orion Power)SYS CURRENT IDLE,(Orion Power)SYS CURRENT IDLE,"[Hid] /usr/local/bin/hidreport -p 0x026E -v 0x5ac -usage 0xff00,0xb set 0x21 0x21 0x1",,PASS,,,,,,,,,Sep 19 2019 7:58:42.7640 PM,Sep 19 2019 7:58:42.7640 PM,0
(Orion Power)SYS CURRENT IDLE,(Orion Power)SYS CURRENT IDLE,"[Hid] /usr/local/bin/hidreport -p 0x026E -v 0x5ac -usage 0xff00,0xb set 0xce 0xce 6 6 1",,PASS,,,,,,,,,Sep 19 2019 7:58:43.2330 PM,Sep 19 2019 7:58:43.2330 PM,0
(Orion Power)SYS CURRENT IDLE,(Orion Power)SYS CURRENT IDLE,[rpc] item_SysCurrent(1000mA),,PASS,,,,,,,,,Sep 19 2019 7:58:44.7080 PM,Sep 19 2019 7:58:45.5580 PM,.8502
(Orion Power)SYS CURRENT IDLE,(Orion Power)SYS CURRENT IDLE,SYS CURRENT IDLE,,PASS,,0.8999743714,mA,1.65,0.5,,,mA,Sep 19 2019 7:58:45.5590 PM,Sep 19 2019 7:58:45.5590 PM,0
System Curr caps lock LED is on,,,,,,,,,,,,,Sep 19 2019 7:58:45.5650 PM,Sep 19 2019 7:58:48.0250 PM,2.4603
System Curr caps lock LED is on,System Curr caps lock LED is on,"[Hid] /usr/local/bin/hidreport -p 0x026E -v 0x5ac -usage 0xff00,0xb set 0xCE 0xCE 3 3 0",,PASS,,,,,,,,,Sep 19 2019 7:58:45.6990 PM,Sep 19 2019 7:58:45.6990 PM,0
System Curr caps lock LED is on,System Curr caps lock LED is on,[rpc] item_SysCurrent(1000mA),,PASS,,,,,,,,,Sep 19 2019 7:58:47.1650 PM,Sep 19 2019 7:58:48.0230 PM,.8575
System Curr caps lock LED is on,System Curr caps lock LED is on,SystemCurrentLockOn,,PASS,,19.6643963622,mA,21,18,,,mA,Sep 19 2019 7:58:48.0240 PM,Sep 19 2019 7:58:48.0240 PM,0
System Curr caps lock LED is off,,,,,,,,,,,,,Sep 19 2019 7:58:48.0290 PM,Sep 19 2019 7:58:50.4800 PM,2.4513
System Curr caps lock LED is off,System Curr caps lock LED is off,"[Hid] /usr/local/bin/hidreport -p 0x026E -v 0x5ac -usage 0xff00,0xb set 0xCE 0xCE 3 3 1",,PASS,,,,,,,,,Sep 19 2019 7:58:48.1520 PM,Sep 19 2019 7:58:48.1520 PM,0
System Curr caps lock LED is off,System Curr caps lock LED is off,[rpc] item_SysCurrent(1000mA),,PASS,,,,,,,,,Sep 19 2019 7:58:49.6270 PM,Sep 19 2019 7:58:50.4780 PM,.8505
System Curr caps lock LED is off,System Curr caps lock LED is off,SystemCurrentLockOff,,PASS,,0.9178638817,mA,1.65,0.5,,,mA,Sep 19 2019 7:58:50.4790 PM,Sep 19 2019 7:58:50.4790 PM,0
(Orion Power)SYS CURRENT BLC ONLY,,,,,,,,,,,,,Sep 19 2019 7:58:50.4850 PM,Sep 19 2019 7:58:53.4690 PM,2.9844
(Orion Power)SYS CURRENT BLC ONLY,(Orion Power)SYS CURRENT BLC ONLY,"[Hid] /usr/local/bin/hidreport -p 0x026E -v 0x5ac -usage 0xFF00,0xF set 0x01 0x01 0x01",,PASS,,,,,,,,,Sep 19 2019 7:58:50.6200 PM,Sep 19 2019 7:58:50.6200 PM,0
(Orion Power)SYS CURRENT BLC ONLY,(Orion Power)SYS CURRENT BLC ONLY,[rpc] item_SysCurrent(1000mA),,PASS,,,,,,,,,Sep 19 2019 7:58:52.0890 PM,Sep 19 2019 7:58:52.9450 PM,.856
(Orion Power)SYS CURRENT BLC ONLY,(Orion Power)SYS CURRENT BLC ONLY,CurrBacklight,,PASS,,3.5337983953,mA,4.2,2.9,,,mA,Sep 19 2019 7:58:52.9460 PM,Sep 19 2019 7:58:52.9460 PM,0
(Orion Power)SYS CURRENT BLC ONLY,(Orion Power)SYS CURRENT BLC ONLY,"[Hid] /usr/local/bin/hidreport -p 0x026E -v 0x5ac -usage 0xff00,0xf set 0x1 0x1 0x0",,PASS,,,,,,,,,Sep 19 2019 7:58:53.0710 PM,Sep 19 2019 7:58:53.0710 PM,0
(Orion Power)SYS CURRENT USBC Alt power ONLY,,,,,,,,,,,,,Sep 19 2019 7:58:53.4740 PM,Sep 19 2019 7:58:56.3910 PM,2.9169
(Orion Power)SYS CURRENT USBC Alt power ONLY,(Orion Power)SYS CURRENT USBC Alt power ONLY,"[Hid] /usr/local/bin/hidreport -p 0x026E -v 0x5ac -usage 0xff00,0xb set 0xce 0xce 6 6 0",,PASS,,,,,,,,,Sep 19 2019 7:58:53.5500 PM,Sep 19 2019 7:58:53.5500 PM,0
(Orion Power)SYS CURRENT USBC Alt power ONLY,(Orion Power)SYS CURRENT USBC Alt power ONLY,[rpc] item_SysCurrent(1000mA),,PASS,,,,,,,,,Sep 19 2019 7:58:55.0210 PM,Sep 19 2019 7:58:55.8710 PM,.8503
(Orion Power)SYS CURRENT USBC Alt power ONLY,(Orion Power)SYS CURRENT USBC Alt power ONLY,CurrUSB,,PASS,,3.2862056212,mA,3.96,2.6,,,mA,Sep 19 2019 7:58:55.8720 PM,Sep 19 2019 7:58:55.8720 PM,0
(Orion Power)SYS CURRENT USBC Alt power ONLY,(Orion Power)SYS CURRENT USBC Alt power ONLY,"[Hid] /usr/local/bin/hidreport -p 0x026E -v 0x5ac -usage 0xff00,0xb set 0xce 0xce 6 6 1",,PASS,,,,,,,,,Sep 19 2019 7:58:55.9950 PM,Sep 19 2019 7:58:55.9950 PM,0
(Orion Power)SYS CURRENT Energy storage ONLY,,,,,,,,,,,,,Sep 19 2019 7:58:56.3950 PM,Sep 19 2019 7:58:59.3630 PM,2.9679
(Orion Power)SYS CURRENT Energy storage ONLY,(Orion Power)SYS CURRENT Energy storage ONLY,"[Hid] /usr/local/bin/hidreport -p 0x026E -v 0x5ac -usage 0xFF00,0xb set 0xCE 0xCE 1 5 0",,PASS,,,,,,,,,Sep 19 2019 7:58:56.5250 PM,Sep 19 2019 7:58:56.5250 PM,0
(Orion Power)SYS CURRENT Energy storage ONLY,(Orion Power)SYS CURRENT Energy storage ONLY,[rpc] item_SysCurrent(1000mA),,PASS,,,,,,,,,Sep 19 2019 7:58:57.9930 PM,Sep 19 2019 7:58:58.8420 PM,.8494
(Orion Power)SYS CURRENT Energy storage ONLY,(Orion Power)SYS CURRENT Energy storage ONLY,CurrEnergy,,PASS,,1.1975308636,mA,1.85,0.9,,,mA,Sep 19 2019 7:58:58.8430 PM,Sep 19 2019 7:58:58.8430 PM,0
(Orion Power)SYS CURRENT Energy storage ONLY,(Orion Power)SYS CURRENT Energy storage ONLY,"[Hid] /usr/local/bin/hidreport -p 0x026E -v 0x5ac -usage 0xFF00,0xb set 0xCE 0xCE 1 5 1",,PASS,,,,,,,,,Sep 19 2019 7:58:58.9670 PM,Sep 19 2019 7:58:58.9670 PM,0
(Orion Power)SYS CURRENT MFI ONLY,,,,,,,,,,,,,Sep 19 2019 7:58:59.3660 PM,Sep 19 2019 7:59:02.3440 PM,2.9779
(Orion Power)SYS CURRENT MFI ONLY,(Orion Power)SYS CURRENT MFI ONLY,"[Hid] /usr/local/bin/hidreport -p 0x026E -v 0x5ac -usage 0xff00,0xb set 0xce 0xce 4 7 0",,PASS,,,,,,,,,Sep 19 2019 7:58:59.4930 PM,Sep 19 2019 7:58:59.4930 PM,0
(Orion Power)SYS CURRENT MFI ONLY,(Orion Power)SYS CURRENT MFI ONLY,[rpc] item_SysCurrent(1000mA),,PASS,,,,,,,,,Sep 19 2019 7:59:00.9650 PM,Sep 19 2019 7:59:01.8170 PM,.8522
(Orion Power)SYS CURRENT MFI ONLY,(Orion Power)SYS CURRENT MFI ONLY,CurrMFI,,PASS,,0.8337124065,mA,1.65,0.5,,,mA,Sep 19 2019 7:59:01.8180 PM,Sep 19 2019 7:59:01.8180 PM,0
(Orion Power)SYS CURRENT MFI ONLY,(Orion Power)SYS CURRENT MFI ONLY,"[Hid] /usr/local/bin/hidreport -p 0x026E -v 0x5ac -usage 0xff00,0xb set 0xce 0xce 4 7 1",,PASS,,,,,,,,,Sep 19 2019 7:59:01.9440 PM,Sep 19 2019 7:59:01.9440 PM,0
(Orion Power)SYS CURRENT Energy storage,,,,,,,,,,,,,Sep 19 2019 7:59:02.3480 PM,Sep 19 2019 7:59:05.3360 PM,2.9881
(Orion Power)SYS CURRENT Energy storage,(Orion Power)SYS CURRENT Energy storage,"[Hid] /usr/local/bin/hidreport -p 0x026E -v 0x5ac -usage 0xFF00,0xb set 0xCE 0xCE 1 5 0",,PASS,,,,,,,,,Sep 19 2019 7:59:02.4670 PM,Sep 19 2019 7:59:02.4670 PM,0
(Orion Power)SYS CURRENT Energy storage,(Orion Power)SYS CURRENT Energy storage,[rpc] item_SysCurrent(1000mA),,PASS,,,,,,,,,Sep 19 2019 7:59:03.9470 PM,Sep 19 2019 7:59:04.7960 PM,.8497
(Orion Power)SYS CURRENT Energy storage,(Orion Power)SYS CURRENT Energy storage,CurrBackupDisBoostEn,,PASS,,1.162872073,mA,1.85,0.9,,,mA,Sep 19 2019 7:59:04.7980 PM,Sep 19 2019 7:59:04.7980 PM,0
(Orion Power)SYS CURRENT Energy storage,(Orion Power)SYS CURRENT Energy storage,"[Hid] /usr/local/bin/hidreport -p 0x026E -v 0x5ac -usage 0xFF00,0xb set 0xCE 0xCE 1 5 1",,PASS,,,,,,,,,Sep 19 2019 7:59:04.9360 PM,Sep 19 2019 7:59:04.9360 PM,0
(Orion Power)SYS CURRENT TOUCH ONLY,,,,,,,,,,,,,Sep 19 2019 7:59:05.3400 PM,Sep 19 2019 7:59:08.4990 PM,3.1586
(Orion Power)SYS CURRENT TOUCH ONLY,(Orion Power)SYS CURRENT TOUCH ONLY,"[Hid] /usr/local/bin/hidreport -p 0x026E -v 0x5ac -usage 0xff00,0xb set 0x21 0x21 0x4",,PASS,,,,,,,,,Sep 19 2019 7:59:05.6860 PM,Sep 19 2019 7:59:05.6860 PM,0
(Orion Power)SYS CURRENT TOUCH ONLY,(Orion Power)SYS CURRENT TOUCH ONLY,[rpc] item_SysCurrent(1000mA),,PASS,,,,,,,,,Sep 19 2019 7:59:07.1490 PM,Sep 19 2019 7:59:08.0070 PM,.8578
(Orion Power)SYS CURRENT TOUCH ONLY,(Orion Power)SYS CURRENT TOUCH ONLY,CurrTouch,,PASS,,12.5513733366,mA,14.5,10.9,,,mA,Sep 19 2019 7:59:08.0080 PM,Sep 19 2019 7:59:08.0080 PM,0
(Orion Power)SYS CURRENT TOUCH ONLY,(Orion Power)SYS CURRENT TOUCH ONLY,"[Hid] /usr/local/bin/hidreport -p 0x026E -v 0x5ac -usage 0xff00,0xb set 0x21 0x21 0x1",,PASS,,,,,,,,,Sep 19 2019 7:59:08.0860 PM,Sep 19 2019 7:59:08.0860 PM,0
(Orion Power)SYS CURRENT ALL RAILS,,,,,,,,,,,,,Sep 19 2019 7:59:08.5030 PM,Sep 19 2019 7:59:18.4490 PM,9.9462
(Orion Power)SYS CURRENT ALL RAILS,(Orion Power)SYS CURRENT ALL RAILS,"[Hid] /usr/local/bin/hidreport -p 0x026E -v 0x5ac -usage 0xFF00,0xF set 1 1 1",,PASS,,,,,,,,,Sep 19 2019 7:59:08.6320 PM,Sep 19 2019 7:59:08.6320 PM,0
(Orion Power)SYS CURRENT ALL RAILS,(Orion Power)SYS CURRENT ALL RAILS,"[Hid] /usr/local/bin/hidreport -p 0x026E -v 0x5ac -usage 0xff00,0xb set 0xce 0xce 3 3 0",,PASS,,,,,,,,,Sep 19 2019 7:59:09.1520 PM,Sep 19 2019 7:59:09.1520 PM,0
(Orion Power)SYS CURRENT ALL RAILS,(Orion Power)SYS CURRENT ALL RAILS,"[Hid] /usr/local/bin/hidreport -p 0x026E -v 0x5ac -usage 0xFF00,0xb set 0xCE 0xCE 1 5 0",,PASS,,,,,,,,,Sep 19 2019 7:59:09.6700 PM,Sep 19 2019 7:59:09.6700 PM,0
(Orion Power)SYS CURRENT ALL RAILS,(Orion Power)SYS CURRENT ALL RAILS,"[Hid] /usr/local/bin/hidreport -p 0x026E -v 0x5ac -usage 0xff00,0xb set 0xce 0xce 4 7 0",,PASS,,,,,,,,,Sep 19 2019 7:59:10.1410 PM,Sep 19 2019 7:59:10.1410 PM,0
(Orion Power)SYS CURRENT ALL RAILS,(Orion Power)SYS CURRENT ALL RAILS,"[Hid] /usr/local/bin/hidreport -p 0x026E -v 0x5ac -usage 0xff00,0xb set 0x21 0x21 0x4",,PASS,,,,,,,,,Sep 19 2019 7:59:10.8730 PM,Sep 19 2019 7:59:10.8730 PM,0
(Orion Power)SYS CURRENT ALL RAILS,(Orion Power)SYS CURRENT ALL RAILS,"[Hid] /usr/local/bin/hidreport -p 0x026E -v 0x5ac -usage 0xff00,0xb set 0xce 0xce 6 6 0",,PASS,,,,,,,,,Sep 19 2019 7:59:11.3920 PM,Sep 19 2019 7:59:11.3920 PM,0
(Orion Power)SYS CURRENT ALL RAILS,(Orion Power)SYS CURRENT ALL RAILS,[rpc] item_SysCurrent(1000mA),,PASS,,,,,,,,,Sep 19 2019 7:59:13.8670 PM,Sep 19 2019 7:59:14.7170 PM,.8495
(Orion Power)SYS CURRENT ALL RAILS,(Orion Power)SYS CURRENT ALL RAILS,SYS CURRENT ALL RAILS,,PASS,,27.8524447204,mA,31.6,22,,,mA,Sep 19 2019 7:59:14.7180 PM,Sep 19 2019 7:59:14.7180 PM,0
(Orion Power)SYS CURRENT ALL RAILS,(Orion Power)SYS CURRENT ALL RAILS,"[Hid] /usr/local/bin/hidreport -p 0x026E -v 0x5ac -usage 0xff00,0xf set 1 1 0",,PASS,,,,,,,,,Sep 19 2019 7:59:14.8400 PM,Sep 19 2019 7:59:14.8400 PM,0
(Orion Power)SYS CURRENT ALL RAILS,(Orion Power)SYS CURRENT ALL RAILS,"[Hid] /usr/local/bin/hidreport -p 0x026E -v 0x5ac -usage 0xff00,0xb set 0xce 0xce 3 3 1",,PASS,,,,,,,,,Sep 19 2019 7:59:15.3560 PM,Sep 19 2019 7:59:15.3560 PM,0
(Orion Power)SYS CURRENT ALL RAILS,(Orion Power)SYS CURRENT ALL RAILS,"[Hid] /usr/local/bin/hidreport -p 0x026E -v 0x5ac -usage 0xFF00,0xb set 0xCE 0xCE 1 5 1",,PASS,,,,,,,,,Sep 19 2019 7:59:15.8740 PM,Sep 19 2019 7:59:15.8740 PM,0
(Orion Power)SYS CURRENT ALL RAILS,(Orion Power)SYS CURRENT ALL RAILS,"[Hid] /usr/local/bin/hidreport -p 0x026E -v 0x5ac -usage 0xff00,0xb set 0xce 0xce 4 7 1",,PASS,,,,,,,,,Sep 19 2019 7:59:16.3950 PM,Sep 19 2019 7:59:16.3950 PM,0
(Orion Power)SYS CURRENT ALL RAILS,(Orion Power)SYS CURRENT ALL RAILS,"[Hid] /usr/local/bin/hidreport -p 0x026E -v 0x5ac -usage 0xff00,0xb set 0x21 0x21 0x1",,PASS,,,,,,,,,Sep 19 2019 7:59:16.9170 PM,Sep 19 2019 7:59:16.9170 PM,0
(Orion Power)SYS CURRENT ALL RAILS,(Orion Power)SYS CURRENT ALL RAILS,"[Hid] /usr/local/bin/hidreport -p 0x026E -v 0x5ac -usage 0xff00,0xb set 0xce 0xce 6 6 1",,PASS,,,,,,,,,Sep 19 2019 7:59:17.4480 PM,Sep 19 2019 7:59:17.4480 PM,0
(Orion Power)SysTem Curr Leds to 0% Brightness,,,,,,,,,,,,,Sep 19 2019 7:59:18.4550 PM,Sep 19 2019 7:59:22.4700 PM,4.0158
(Orion Power)SysTem Curr Leds to 0% Brightness,(Orion Power)SysTem Curr Leds to 0% Brightness,"[Hid] /usr/local/bin/hidreport -p 0x026E -v 0x5ac -usage 0xff00,0xf set 0x01 0x01 0x01",,PASS,,,,,,,,,Sep 19 2019 7:59:18.5930 PM,Sep 19 2019 7:59:18.5930 PM,0
(Orion Power)SysTem Curr Leds to 0% Brightness,(Orion Power)SysTem Curr Leds to 0% Brightness,"[Hid] /usr/local/bin/hidreport -p 0x026E -v 0x5ac -usage 0xff00,0xf set 0x3 0x3 0x19",,PASS,,,,,,,,,Sep 19 2019 7:59:19.6880 PM,Sep 19 2019 7:59:19.6880 PM,0
(Orion Power)SysTem Curr Leds to 0% Brightness,(Orion Power)SysTem Curr Leds to 0% Brightness,"[Hid] /usr/local/bin/hidreport -p 0x026E -v 0x5ac -usage 0xff00,0xf set 0x02 0x02 0x00 0x00",,PASS,,,,,,,,,Sep 19 2019 7:59:20.1540 PM,Sep 19 2019 7:59:20.1540 PM,0
(Orion Power)SysTem Curr Leds to 0% Brightness,(Orion Power)SysTem Curr Leds to 0% Brightness,[rpc] item_SysCurrent(1000mA),,PASS,,,,,,,,,Sep 19 2019 7:59:21.6180 PM,Sep 19 2019 7:59:22.4680 PM,.85
(Orion Power)SysTem Curr Leds to 0% Brightness,(Orion Power)SysTem Curr Leds to 0% Brightness,Sys_led_percent0,,PASS,,3.4885889427,mA,4.2,2.9,,,mA,Sep 19 2019 7:59:22.4700 PM,Sep 19 2019 7:59:22.4700 PM,0
(Orion Power)SysTem Curr Leds to 1% Brightness,,,,,,,,,,,,,Sep 19 2019 7:59:22.4740 PM,Sep 19 2019 7:59:24.9260 PM,2.4516
(Orion Power)SysTem Curr Leds to 1% Brightness,(Orion Power)SysTem Curr Leds to 1% Brightness,"[Hid] /usr/local/bin/hidreport -p 0x026E -v 0x5ac -usage 0xff00,0xf set 0x02 0x02 0x14 0x00",,PASS,,,,,,,,,Sep 19 2019 7:59:22.6030 PM,Sep 19 2019 7:59:22.6030 PM,0
(Orion Power)SysTem Curr Leds to 1% Brightness,(Orion Power)SysTem Curr Leds to 1% Brightness,[rpc] item_SysCurrent(1000mA),,PASS,,,,,,,,,Sep 19 2019 7:59:24.0700 PM,Sep 19 2019 7:59:24.9240 PM,.8542
(Orion Power)SysTem Curr Leds to 1% Brightness,(Orion Power)SysTem Curr Leds to 1% Brightness,Sys_led_percent1,,PASS,,6.2156629539,mA,6.75,5.75,,,mA,Sep 19 2019 7:59:24.9250 PM,Sep 19 2019 7:59:24.9250 PM,0
(Orion Power)SysTem Curr Leds to 100% Brightness,,,,,,,,,,,,,Sep 19 2019 7:59:24.9300 PM,Sep 19 2019 7:59:27.2140 PM,2.2838
(Orion Power)SysTem Curr Leds to 100% Brightness,(Orion Power)SysTem Curr Leds to 100% Brightness,"[Hid] /usr/local/bin/hidreport -p 0x026E -v 0x5ac -usage 0xff00,0xf set 0x02 0x02 0xff 0x7",,PASS,,,,,,,,,Sep 19 2019 7:59:25.0520 PM,Sep 19 2019 7:59:25.0520 PM,0
(Orion Power)SysTem Curr Leds to 100% Brightness,(Orion Power)SysTem Curr Leds to 100% Brightness,[rpc] item_SysCurrent(1000mA),,PASS,,,,,,,,,Sep 19 2019 7:59:26.5220 PM,Sep 19 2019 7:59:27.2120 PM,.6901
(Orion Power)SysTem Curr Leds to 100% Brightness,(Orion Power)SysTem Curr Leds to 100% Brightness,Sys_led_percent100,,PASS,,209.2016498865,mA,220,195,,,mA,Sep 19 2019 7:59:27.2130 PM,Sep 19 2019 7:59:27.2130 PM,0
(Orion Power)SysTem Curr Leds to PD 50% Brightness,,,,,,,,,,,,,Sep 19 2019 7:59:27.2170 PM,Sep 19 2019 7:59:31.8460 PM,4.629
(Orion Power)SysTem Curr Leds to PD 50% Brightness,(Orion Power)SysTem Curr Leds to PD 50% Brightness,"[Hid] /usr/local/bin/hidreport -p 0x026E -v 0x5ac -usage 0xff00,0xf set 0x2 0x2 0x00 0x0",,PASS,,,,,,,,,Sep 19 2019 7:59:27.3040 PM,Sep 19 2019 7:59:27.3040 PM,0
(Orion Power)SysTem Curr Leds to PD 50% Brightness,(Orion Power)SysTem Curr Leds to PD 50% Brightness,"[Hid] /usr/local/bin/hidreport -p 0x026E -v 0x5ac -usage 0xff00,0xf set 0x3 0x3 0xa",,PASS,,,,,,,,,Sep 19 2019 7:59:27.8310 PM,Sep 19 2019 7:59:27.8310 PM,0
(Orion Power)SysTem Curr Leds to PD 50% Brightness,(Orion Power)SysTem Curr Leds to PD 50% Brightness,"[Hid] /usr/local/bin/hidreport -p 0x026E -v 0x5ac -usage 0xff00,0xf set 0x1 0x1 0x1",,PASS,,,,,,,,,Sep 19 2019 7:59:28.3620 PM,Sep 19 2019 7:59:28.3620 PM,0
(Orion Power)SysTem Curr Leds to PD 50% Brightness,(Orion Power)SysTem Curr Leds to PD 50% Brightness,"[Hid] /usr/local/bin/hidreport -p 0x026E -v 0x5ac -usage 0xff00,0xf get 0x03",,PASS,,,,,,,,,Sep 19 2019 7:59:28.9980 PM,Sep 19 2019 7:59:28.9980 PM,0
(Orion Power)SysTem Curr Leds to PD 50% Brightness,(Orion Power)SysTem Curr Leds to PD 50% Brightness,"[Hid] /usr/local/bin/hidreport -p 0x026E -v 0x5ac -usage 0xff00,0xf set 0x2 0x2 0x92 0x7",,PASS,,,,,,,,,Sep 19 2019 7:59:29.5160 PM,Sep 19 2019 7:59:29.5160 PM,0
(Orion Power)SysTem Curr Leds to PD 50% Brightness,(Orion Power)SysTem Curr Leds to PD 50% Brightness,[rpc] item_SysCurrent(1000mA),,PASS,,,,,,,,,Sep 19 2019 7:59:30.9860 PM,Sep 19 2019 7:59:31.8450 PM,.8585
(Orion Power)SysTem Curr Leds to PD 50% Brightness,(Orion Power)SysTem Curr Leds to PD 50% Brightness,Sys_led_percent50,,PASS,,60.5531832359,mA,68,58,,,mA,Sep 19 2019 7:59:31.8460 PM,Sep 19 2019 7:59:31.8460 PM,0
USBC Power On Measure Voltage,,,,,,,,,,,,,Sep 19 2019 7:59:31.8510 PM,Sep 19 2019 7:59:43.0950 PM,11.2445
USBC Power On Measure Voltage,USBC Power On Measure Voltage,[rpc] item_TurnAllOffAfterInit,,PASS,,,,,,,,,Sep 19 2019 7:59:31.8670 PM,Sep 19 2019 7:59:33.0220 PM,1.1554
USBC Power On Measure Voltage,USBC Power On Measure Voltage,[rpc] psu_setPSU_init,,PASS,,,,,,,,,Sep 19 2019 7:59:33.0240 PM,Sep 19 2019 7:59:33.0310 PM,.0063
USBC Power On Measure Voltage,USBC Power On Measure Voltage,[rpc] item_PowerOffTypeC,,PASS,,,,,,,,,Sep 19 2019 7:59:33.1330 PM,Sep 19 2019 7:59:33.2490 PM,.1152
USBC Power On Measure Voltage,USBC Power On Measure Voltage,"[rpc] myiocontrol_set_Bit(24,0)",,PASS,,,,,,,,,Sep 19 2019 7:59:33.2510 PM,Sep 19 2019 7:59:33.2580 PM,.0068
USBC Power On Measure Voltage,USBC Power On Measure Voltage,"[rpc] myiocontrol_set_Bit(25,0)",,PASS,,,,,,,,,Sep 19 2019 7:59:33.2600 PM,Sep 19 2019 7:59:33.2670 PM,.0067
USBC Power On Measure Voltage,USBC Power On Measure Voltage,"[rpc] dutgpio_set_pin(7,1)",,PASS,,,,,,,,,Sep 19 2019 7:59:33.4360 PM,Sep 19 2019 7:59:33.4410 PM,.0047
USBC Power On Measure Voltage,USBC Power On Measure Voltage,"[rpc] item_PowerOnTypeC(5,3000)",,PASS,,,,,,,,,Sep 19 2019 7:59:36.8590 PM,Sep 19 2019 7:59:37.0790 PM,.2206
USBC Power On Measure Voltage,USBC Power On Measure Voltage,"[rpc] myiocontrol_set_Bit(25,1)",,PASS,,,,,,,,,Sep 19 2019 7:59:39.0820 PM,Sep 19 2019 7:59:39.0890 PM,.0071
USBC Power On Measure Voltage,USBC Power On Measure Voltage,[rpc] psu_setPSU_Volt(4.991000),,PASS,,,,,,,,,Sep 19 2019 7:59:40.1610 PM,Sep 19 2019 7:59:40.1710 PM,.0102
USBC Power On Measure Voltage,USBC Power On Measure Voltage,"[rpc] baseboard_set_pin(2,1)",,PASS,,,,,,,,,Sep 19 2019 7:59:42.2430 PM,Sep 19 2019 7:59:42.2500 PM,.0068
USBC Power On Measure Voltage,USBC Power On Measure Voltage,[rpc] measure_get_voltage(60V),,PASS,,,,,,,,,Sep 19 2019 7:59:42.8220 PM,Sep 19 2019 7:59:43.0930 PM,.271
USBC Power On Measure Voltage,USBC Power On Measure Voltage,USBCPowerOnPD_Voltage,,PASS,,4989.9610879214,mV,5050,4950,,,mV,Sep 19 2019 7:59:43.0950 PM,Sep 19 2019 7:59:43.0950 PM,0
(USB-C Power) SYS CURRENT IDLE,,,,,,,,,,,,,Sep 19 2019 7:59:43.1000 PM,Sep 19 2019 7:59:48.4230 PM,5.323
(USB-C Power) SYS CURRENT IDLE,(USB-C Power) SYS CURRENT IDLE,"[Hid] /usr/local/bin/hidreport -p 0x026E -v 0x5ac -usage 0xff00,0xf set 1 1 0",,PASS,,,,,,,,,Sep 19 2019 7:59:43.4090 PM,Sep 19 2019 7:59:43.4090 PM,0
(USB-C Power) SYS CURRENT IDLE,(USB-C Power) SYS CURRENT IDLE,"[Hid] /usr/local/bin/hidreport -p 0x026E -v 0x5ac -usage 0xff00,0xb set 0xce 0xce 3 3 1",,PASS,,,,,,,,,Sep 19 2019 7:59:43.9260 PM,Sep 19 2019 7:59:43.9260 PM,0
(USB-C Power) SYS CURRENT IDLE,(USB-C Power) SYS CURRENT IDLE,"[Hid] /usr/local/bin/hidreport -p 0x026E -v 0x5ac -usage 0xff00,0xb set 0xce 0xce 4 7 1",,PASS,,,,,,,,,Sep 19 2019 7:59:44.4450 PM,Sep 19 2019 7:59:44.4450 PM,0
(USB-C Power) SYS CURRENT IDLE,(USB-C Power) SYS CURRENT IDLE,"[Hid] /usr/local/bin/hidreport -p 0x026E -v 0x5ac -usage 0xff00,0xb set 0x21 0x21 0x1",,PASS,,,,,,,,,Sep 19 2019 7:59:44.9670 PM,Sep 19 2019 7:59:44.9670 PM,0
(USB-C Power) SYS CURRENT IDLE,(USB-C Power) SYS CURRENT IDLE,[rpc] item_SysCurrent(1000mA),,PASS,,,,,,,,,Sep 19 2019 7:59:47.4360 PM,Sep 19 2019 7:59:48.4200 PM,.9846
(USB-C Power) SYS CURRENT IDLE,(USB-C Power) SYS CURRENT IDLE,(USB-C Power) SYS CURRENT IDLE,,PASS,,4.0281272971,mA,4.7,3.2,,,mA,Sep 19 2019 7:59:48.4220 PM,Sep 19 2019 7:59:48.4220 PM,0
(USB-C Power) SYS CURRENT Capslock ONLY,,,,,,,,,,,,,Sep 19 2019 7:59:48.4270 PM,Sep 19 2019 7:59:51.7390 PM,3.3119
(USB-C Power) SYS CURRENT Capslock ONLY,(USB-C Power) SYS CURRENT Capslock ONLY,"[Hid] /usr/local/bin/hidreport -p 0x026E -v 0x5ac -usage 0xff00,0xb set 0xce 0xce 3 3 0",,PASS,,,,,,,,,Sep 19 2019 7:59:48.8290 PM,Sep 19 2019 7:59:48.8290 PM,0
(USB-C Power) SYS CURRENT Capslock ONLY,(USB-C Power) SYS CURRENT Capslock ONLY,[rpc] item_SysCurrent(1000mA),,PASS,,,,,,,,,Sep 19 2019 7:59:50.3590 PM,Sep 19 2019 7:59:51.2110 PM,.8511
(USB-C Power) SYS CURRENT Capslock ONLY,(USB-C Power) SYS CURRENT Capslock ONLY,Usbc_CurrCapsLock,,PASS,,22.6589905486,mA,24,21,,,mA,Sep 19 2019 7:59:51.2120 PM,Sep 19 2019 7:59:51.2120 PM,0
(USB-C Power) SYS CURRENT Capslock ONLY,(USB-C Power) SYS CURRENT Capslock ONLY,"[Hid] /usr/local/bin/hidreport -p 0x026E -v 0x5ac -usage 0xff00,0xb set 0xce 0xce 3 3 1",,PASS,,,,,,,,,Sep 19 2019 7:59:51.3390 PM,Sep 19 2019 7:59:51.3390 PM,0
(USB-C Power) SYS CURRENT BLC ONLY,,,,,,,,,,,,,Sep 19 2019 7:59:51.7430 PM,Sep 19 2019 7:59:54.7400 PM,2.9963
(USB-C Power) SYS CURRENT BLC ONLY,(USB-C Power) SYS CURRENT BLC ONLY,"[Hid] /usr/local/bin/hidreport -p 0x026E -v 0x5ac -usage 0xFF00,0xF set 0x1 0x1 0x1",,PASS,,,,,,,,,Sep 19 2019 7:59:51.8850 PM,Sep 19 2019 7:59:51.8850 PM,0
(USB-C Power) SYS CURRENT BLC ONLY,(USB-C Power) SYS CURRENT BLC ONLY,[rpc] item_SysCurrent(1000mA),,PASS,,,,,,,,,Sep 19 2019 7:59:53.3600 PM,Sep 19 2019 7:59:54.2170 PM,.8572
(USB-C Power) SYS CURRENT BLC ONLY,(USB-C Power) SYS CURRENT BLC ONLY,Usbc_CurrBacklight,,PASS,,6.5336081184,mA,7.4,5.7,,,mA,Sep 19 2019 7:59:54.2180 PM,Sep 19 2019 7:59:54.2180 PM,0
(USB-C Power) SYS CURRENT BLC ONLY,(USB-C Power) SYS CURRENT BLC ONLY,"[Hid] /usr/local/bin/hidreport -p 0x026E -v 0x5ac -usage 0xff00,0xf set 0x1 0x1 0x0",,PASS,,,,,,,,,Sep 19 2019 7:59:54.3440 PM,Sep 19 2019 7:59:54.3440 PM,0
(USB-C Power) SYS CURRENT MFI ONLY,,,,,,,,,,,,,Sep 19 2019 7:59:54.7440 PM,Sep 19 2019 7:59:57.7020 PM,2.9583
(USB-C Power) SYS CURRENT MFI ONLY,(USB-C Power) SYS CURRENT MFI ONLY,"[Hid] /usr/local/bin/hidreport -p 0x026E -v 0x5ac -usage 0xff00,0xb set 0xce 0xce 4 7 0",,PASS,,,,,,,,,Sep 19 2019 7:59:54.8620 PM,Sep 19 2019 7:59:54.8620 PM,0
(USB-C Power) SYS CURRENT MFI ONLY,(USB-C Power) SYS CURRENT MFI ONLY,[rpc] item_SysCurrent(1000mA),,PASS,,,,,,,,,Sep 19 2019 7:59:56.3320 PM,Sep 19 2019 7:59:57.1820 PM,.8497
(USB-C Power) SYS CURRENT MFI ONLY,(USB-C Power) SYS CURRENT MFI ONLY,Usbc_CurrMFI,,PASS,,3.9805065435,mA,4.7,3.2,,,mA,Sep 19 2019 7:59:57.1830 PM,Sep 19 2019 7:59:57.1830 PM,0
(USB-C Power) SYS CURRENT MFI ONLY,(USB-C Power) SYS CURRENT MFI ONLY,"[Hid] /usr/local/bin/hidreport -p 0x026E -v 0x5ac -usage 0xff00,0xb set 0xce 0xce 4 7 1",,PASS,,,,,,,,,Sep 19 2019 7:59:57.3030 PM,Sep 19 2019 7:59:57.3030 PM,0
(USB-C Power) SYS CURRENT TOUCH ONLY,,,,,,,,,,,,,Sep 19 2019 7:59:57.7470 PM,Sep 19 2019 8:00:00.9770 PM,3.2298
(USB-C Power) SYS CURRENT TOUCH ONLY,(USB-C Power) SYS CURRENT TOUCH ONLY,"[Hid] /usr/local/bin/hidreport -p 0x026E -v 0x5ac -usage 0xff00,0xb set 0x21 0x21 0x4",,PASS,,,,,,,,,Sep 19 2019 7:59:58.1000 PM,Sep 19 2019 7:59:58.1000 PM,0
(USB-C Power) SYS CURRENT TOUCH ONLY,(USB-C Power) SYS CURRENT TOUCH ONLY,[rpc] item_SysCurrent(1000mA),,PASS,,,,,,,,,Sep 19 2019 7:59:59.5780 PM,Sep 19 2019 8:00:00.4340 PM,.8566
(USB-C Power) SYS CURRENT TOUCH ONLY,(USB-C Power) SYS CURRENT TOUCH ONLY,Usbc_CurrTouch,,PASS,,15.9484107263,mA,18,14.5,,,mA,Sep 19 2019 8:00:00.4350 PM,Sep 19 2019 8:00:00.4350 PM,0
(USB-C Power) SYS CURRENT TOUCH ONLY,(USB-C Power) SYS CURRENT TOUCH ONLY,"[Hid] /usr/local/bin/hidreport -p 0x026E -v 0x5ac -usage 0xff00,0xb set 0x21 0x21 0x1",,PASS,,,,,,,,,Sep 19 2019 8:00:00.5780 PM,Sep 19 2019 8:00:00.5780 PM,0
(USB-C Power) SYS CURRENT ALL RAILS,,,,,,,,,,,,,Sep 19 2019 8:00:00.9810 PM,Sep 19 2019 8:00:11.0710 PM,10.0901
(USB-C Power) SYS CURRENT ALL RAILS,(USB-C Power) SYS CURRENT ALL RAILS,"[Hid] /usr/local/bin/hidreport -p 0x026E -v 0x5ac -usage 0xFF00,0xF set 1 1 1",,PASS,,,,,,,,,Sep 19 2019 8:00:01.1140 PM,Sep 19 2019 8:00:01.1140 PM,0
(USB-C Power) SYS CURRENT ALL RAILS,(USB-C Power) SYS CURRENT ALL RAILS,"[Hid] /usr/local/bin/hidreport -p 0x026E -v 0x5ac -usage 0xff00,0xb set 0xce 0xce 3 3 0",,PASS,,,,,,,,,Sep 19 2019 8:00:01.6420 PM,Sep 19 2019 8:00:01.6420 PM,0
(USB-C Power) SYS CURRENT ALL RAILS,(USB-C Power) SYS CURRENT ALL RAILS,"[Hid] /usr/local/bin/hidreport -p 0x026E -usage 0xFF00,0xb set 0xCE 0xCE 1 5 0",,PASS,,,,,,,,,Sep 19 2019 8:00:02.2000 PM,Sep 19 2019 8:00:02.2000 PM,0
(USB-C Power) SYS CURRENT ALL RAILS,(USB-C Power) SYS CURRENT ALL RAILS,"[Hid] /usr/local/bin/hidreport -p 0x026E -v 0x5ac -usage 0xff00,0xb set 0xce 0xce 4 7 0",,PASS,,,,,,,,,Sep 19 2019 8:00:02.7210 PM,Sep 19 2019 8:00:02.7210 PM,0
(USB-C Power) SYS CURRENT ALL RAILS,(USB-C Power) SYS CURRENT ALL RAILS,"[Hid] /usr/local/bin/hidreport -p 0x026E -v 0x5ac -usage 0xff00,0xb set 0x21 0x21 0x4",,PASS,,,,,,,,,Sep 19 2019 8:00:03.4530 PM,Sep 19 2019 8:00:03.4530 PM,0
(USB-C Power) SYS CURRENT ALL RAILS,(USB-C Power) SYS CURRENT ALL RAILS,"[Hid] /usr/local/bin/hidreport -p 0x026E -v 0x5ac -usage 0xff00,0xf set 0x02 0x02 0x00 0x00",,PASS,,,,,,,,,Sep 19 2019 8:00:05.0610 PM,Sep 19 2019 8:00:05.0610 PM,0
(USB-C Power) SYS CURRENT ALL RAILS,(USB-C Power) SYS CURRENT ALL RAILS,[rpc] item_SysCurrent(1000mA),,PASS,,,,,,,,,Sep 19 2019 8:00:07.5330 PM,Sep 19 2019 8:00:08.3840 PM,.8507
(USB-C Power) SYS CURRENT ALL RAILS,(USB-C Power) SYS CURRENT ALL RAILS,USBC SYS CURRENT ALL RAILS,,PASS,,28.6698318186,mA,33,24,,,mA,Sep 19 2019 8:00:08.3860 PM,Sep 19 2019 8:00:08.3860 PM,0
(USB-C Power) SYS CURRENT ALL RAILS,(USB-C Power) SYS CURRENT ALL RAILS,"[Hid] /usr/local/bin/hidreport -p 0x026E -v 0x5ac -usage 0xff00,0xf set 1 1 0",,PASS,,,,,,,,,Sep 19 2019 8:00:08.5170 PM,Sep 19 2019 8:00:08.5170 PM,0
(USB-C Power) SYS CURRENT ALL RAILS,(USB-C Power) SYS CURRENT ALL RAILS,"[Hid] /usr/local/bin/hidreport -p 0x026E -v 0x5ac -usage 0xff00,0xb set 0xce 0xce 3 3 1",,PASS,,,,,,,,,Sep 19 2019 8:00:09.0350 PM,Sep 19 2019 8:00:09.0350 PM,0
(USB-C Power) SYS CURRENT ALL RAILS,(USB-C Power) SYS CURRENT ALL RAILS,"[Hid] /usr/local/bin/hidreport -p 0x026E -v 0x5ac -usage 0xff00,0xb set 0xce 0xce 4 7 1",,PASS,,,,,,,,,Sep 19 2019 8:00:09.5620 PM,Sep 19 2019 8:00:09.5620 PM,0
(USB-C Power) SYS CURRENT ALL RAILS,(USB-C Power) SYS CURRENT ALL RAILS,"[Hid] /usr/local/bin/hidreport -p 0x026E -v 0x5ac -usage 0xff00,0xb set 0x21 0x21 0x1",,PASS,,,,,,,,,Sep 19 2019 8:00:10.1080 PM,Sep 19 2019 8:00:10.1080 PM,0
(USB-C Power)SysTem Curr Leds to 0% Brightness,,,,,,,,,,,,,Sep 19 2019 8:00:11.0770 PM,Sep 19 2019 8:00:15.5750 PM,4.4979
(USB-C Power)SysTem Curr Leds to 0% Brightness,(USB-C Power)SysTem Curr Leds to 0% Brightness,"[Hid] /usr/local/bin/hidreport -p 0x026E -v 0x5ac -usage 0xff00,0xf set 0x01 0x01 0x01",,PASS,,,,,,,,,Sep 19 2019 8:00:11.2720 PM,Sep 19 2019 8:00:11.2720 PM,0
(USB-C Power)SysTem Curr Leds to 0% Brightness,(USB-C Power)SysTem Curr Leds to 0% Brightness,"[Hid] /usr/local/bin/hidreport -p 0x026E -v 0x5ac -usage 0xff00,0xf set 0x3 0x3 0x19",,PASS,,,,,,,,,Sep 19 2019 8:00:12.5110 PM,Sep 19 2019 8:00:12.5110 PM,0
(USB-C Power)SysTem Curr Leds to 0% Brightness,(USB-C Power)SysTem Curr Leds to 0% Brightness,"[Hid] /usr/local/bin/hidreport -p 0x026E -v 0x5ac -usage 0xff00,0xf set 0x02 0x02 0x00 0x00",,PASS,,,,,,,,,Sep 19 2019 8:00:13.2350 PM,Sep 19 2019 8:00:13.2350 PM,0
(USB-C Power)SysTem Curr Leds to 0% Brightness,(USB-C Power)SysTem Curr Leds to 0% Brightness,[rpc] item_SysCurrent(1000mA),,PASS,,,,,,,,,Sep 19 2019 8:00:14.7050 PM,Sep 19 2019 8:00:15.5730 PM,.8679
(USB-C Power)SysTem Curr Leds to 0% Brightness,(USB-C Power)SysTem Curr Leds to 0% Brightness,Usbc_Sys_led_percent0,,PASS,,6.5814680496,mA,7.5,5.5,,,mA,Sep 19 2019 8:00:15.5740 PM,Sep 19 2019 8:00:15.5740 PM,0
(USB-C Power)SysTem Curr Leds to 1% Brightness,,,,,,,,,,,,,Sep 19 2019 8:00:15.5790 PM,Sep 19 2019 8:00:18.0480 PM,2.4685
(USB-C Power)SysTem Curr Leds to 1% Brightness,(USB-C Power)SysTem Curr Leds to 1% Brightness,"[Hid] /usr/local/bin/hidreport -p 0x026E -v 0x5ac -usage 0xff00,0xf set 0x02 0x02 0x14 0x00",,PASS,,,,,,,,,Sep 19 2019 8:00:15.7040 PM,Sep 19 2019 8:00:15.7040 PM,0
(USB-C Power)SysTem Curr Leds to 1% Brightness,(USB-C Power)SysTem Curr Leds to 1% Brightness,[rpc] item_SysCurrent(1000mA),,PASS,,,,,,,,,Sep 19 2019 8:00:17.1910 PM,Sep 19 2019 8:00:18.0460 PM,.855
(USB-C Power)SysTem Curr Leds to 1% Brightness,(USB-C Power)SysTem Curr Leds to 1% Brightness,Usbc_Sys_led_percent1,,PASS,,9.2568967775,mA,10,8.5,,,mA,Sep 19 2019 8:00:18.0470 PM,Sep 19 2019 8:00:18.0470 PM,0
(USB-C Power)SysTem Curr Leds to 100% Brightness,,,,,,,,,,,,,Sep 19 2019 8:00:18.0760 PM,Sep 19 2019 8:00:20.9930 PM,2.9163
(USB-C Power)SysTem Curr Leds to 100% Brightness,(USB-C Power)SysTem Curr Leds to 100% Brightness,"[Hid] /usr/local/bin/hidreport -p 0x026E -v 0x5ac -usage 0xff00,0xf set 0x02 0x02 0xff 0x7",,PASS,,,,,,,,,Sep 19 2019 8:00:18.4180 PM,Sep 19 2019 8:00:18.4180 PM,0
(USB-C Power)SysTem Curr Leds to 100% Brightness,(USB-C Power)SysTem Curr Leds to 100% Brightness,[rpc] item_SysCurrent(1000mA),,PASS,,,,,,,,,Sep 19 2019 8:00:20.3030 PM,Sep 19 2019 8:00:20.9910 PM,.6873
(USB-C Power)SysTem Curr Leds to 100% Brightness,(USB-C Power)SysTem Curr Leds to 100% Brightness,Usbc_Sys_led_percent100,,PASS,,220.872398277,mA,240,210,,,mA,Sep 19 2019 8:00:20.9920 PM,Sep 19 2019 8:00:20.9920 PM,0
(USB-C Power)SysTem Curr Leds to PD 50% Brightness,,,,,,,,,,,,,Sep 19 2019 8:00:20.9960 PM,Sep 19 2019 8:00:30.9280 PM,9.9322
(USB-C Power)SysTem Curr Leds to PD 50% Brightness,(USB-C Power)SysTem Curr Leds to PD 50% Brightness,"[Hid] /usr/local/bin/hidreport -p 0x026E -v 0x5ac -usage 0xff00,0xf set 0x2 0x2 0x00 0x0",,PASS,,,,,,,,,Sep 19 2019 8:00:21.7870 PM,Sep 19 2019 8:00:21.7870 PM,0
(USB-C Power)SysTem Curr Leds to PD 50% Brightness,(USB-C Power)SysTem Curr Leds to PD 50% Brightness,"[Hid] /usr/local/bin/hidreport -p 0x026E -v 0x5ac -usage 0xff00,0xf set 0x3 0x3 0xa",,PASS,,,,,,,,,Sep 19 2019 8:00:22.4760 PM,Sep 19 2019 8:00:22.4760 PM,0
(USB-C Power)SysTem Curr Leds to PD 50% Brightness,(USB-C Power)SysTem Curr Leds to PD 50% Brightness,"[Hid] /usr/local/bin/hidreport -p 0x026E -v 0x5ac -usage 0xff00,0xf set 0x1 0x1 0x1",,PASS,,,,,,,,,Sep 19 2019 8:00:23.0140 PM,Sep 19 2019 8:00:23.0140 PM,0
(USB-C Power)SysTem Curr Leds to PD 50% Brightness,(USB-C Power)SysTem Curr Leds to PD 50% Brightness,"[Hid] /usr/local/bin/hidreport -p 0x026E -v 0x5ac -usage 0xff00,0xf get 0x03",,PASS,,,,,,,,,Sep 19 2019 8:00:23.8450 PM,Sep 19 2019 8:00:23.8450 PM,0
(USB-C Power)SysTem Curr Leds to PD 50% Brightness,(USB-C Power)SysTem Curr Leds to PD 50% Brightness,"[Hid] /usr/local/bin/hidreport -p 0x026E -v 0x5ac -usage 0xff00,0xf set 0x2 0x2 0x92 0x7",,PASS,,,,,,,,,Sep 19 2019 8:00:24.3780 PM,Sep 19 2019 8:00:24.3780 PM,0
(USB-C Power)SysTem Curr Leds to PD 50% Brightness,(USB-C Power)SysTem Curr Leds to PD 50% Brightness,[rpc] item_SysCurrent(1000mA),,PASS,,,,,,,,,Sep 19 2019 8:00:29.9270 PM,Sep 19 2019 8:00:30.9150 PM,.9889
(USB-C Power)SysTem Curr Leds to PD 50% Brightness,(USB-C Power)SysTem Curr Leds to PD 50% Brightness,Usbc_Sys_led_percent50,,PASS,,65.0303516683,mA,69,60,,,mA,Sep 19 2019 8:00:30.9170 PM,Sep 19 2019 8:00:30.9170 PM,0
(USB-C Power)SysTem Curr Leds to PD 50% Brightness,(USB-C Power)SysTem Curr Leds to PD 50% Brightness,"[rpc] baseboard_set_pin(2,0)",,PASS,,,,,,,,,Sep 19 2019 8:00:30.9190 PM,Sep 19 2019 8:00:30.9270 PM,.0083
5V 1.5A Curr CC Rp = 22kohm,,,,,,,,,,,,,Sep 19 2019 8:00:30.9320 PM,Sep 19 2019 8:00:44.8300 PM,13.8973
5V 1.5A Curr CC Rp = 22kohm,5V 1.5A Curr CC Rp = 22kohm,[rpc] myiocontrol_TurnAllOff,,PASS,,,,,,,,,Sep 19 2019 8:00:30.9480 PM,Sep 19 2019 8:00:31.0470 PM,.0989
5V 1.5A Curr CC Rp = 22kohm,5V 1.5A Curr CC Rp = 22kohm,[rpc] cyg_eload_SetEloadOff,,PASS,,,,,,,,,Sep 19 2019 8:00:31.0500 PM,Sep 19 2019 8:00:31.2040 PM,.1545
5V 1.5A Curr CC Rp = 22kohm,5V 1.5A Curr CC Rp = 22kohm,"[rpc] dutgpio_set_pin(7,0)",,PASS,,,,,,,,,Sep 19 2019 8:00:31.7780 PM,Sep 19 2019 8:00:31.7830 PM,.0049
5V 1.5A Curr CC Rp = 22kohm,5V 1.5A Curr CC Rp = 22kohm,[rpc] item_PowerOffTypeC,,PASS,,,,,,,,,Sep 19 2019 8:00:31.7850 PM,Sep 19 2019 8:00:31.9560 PM,.171
5V 1.5A Curr CC Rp = 22kohm,5V 1.5A Curr CC Rp = 22kohm,"[rpc] myiocontrol_set_Bit(15,1)",,PASS,,,,,,,,,Sep 19 2019 8:00:32.5290 PM,Sep 19 2019 8:00:32.5360 PM,.0071
5V 1.5A Curr CC Rp = 22kohm,5V 1.5A Curr CC Rp = 22kohm,"[rpc] myiocontrol_set_Bit(30,1)",,PASS,,,,,,,,,Sep 19 2019 8:00:32.7110 PM,Sep 19 2019 8:00:32.7570 PM,.0467
5V 1.5A Curr CC Rp = 22kohm,5V 1.5A Curr CC Rp = 22kohm,"[rpc] myiocontrol_set_Bit(18,1)",,PASS,,,,,,,,,Sep 19 2019 8:00:32.9310 PM,Sep 19 2019 8:00:32.9380 PM,.0072
5V 1.5A Curr CC Rp = 22kohm,5V 1.5A Curr CC Rp = 22kohm,"[rpc] myiocontrol_set_Bit(19,1)",,PASS,,,,,,,,,Sep 19 2019 8:00:33.1100 PM,Sep 19 2019 8:00:33.1570 PM,.0473
5V 1.5A Curr CC Rp = 22kohm,5V 1.5A Curr CC Rp = 22kohm,"[rpc] myiocontrol_set_Bit(16,1)",,PASS,,,,,,,,,Sep 19 2019 8:00:33.7300 PM,Sep 19 2019 8:00:33.7770 PM,.0471
5V 1.5A Curr CC Rp = 22kohm,5V 1.5A Curr CC Rp = 22kohm,"[rpc] dutgpio_set_pin(7,1)",,PASS,,,,,,,,,Sep 19 2019 8:00:34.3510 PM,Sep 19 2019 8:00:34.3560 PM,.0052
5V 1.5A Curr CC Rp = 22kohm,5V 1.5A Curr CC Rp = 22kohm,[rpc] psu_setPSU_Volt(4.949000),,PASS,,,,,,,,,Sep 19 2019 8:00:37.4330 PM,Sep 19 2019 8:00:37.4450 PM,.0114
5V 1.5A Curr CC Rp = 22kohm,5V 1.5A Curr CC Rp = 22kohm,"[rpc] myiocontrol_set_Bit(25,1)",,PASS,,,,,,,,,Sep 19 2019 8:00:39.5150 PM,Sep 19 2019 8:00:39.5230 PM,.0078
5V 1.5A Curr CC Rp = 22kohm,5V 1.5A Curr CC Rp = 22kohm,"[rpc] baseboard_set_pin(2,1)",,PASS,,,,,,,,,Sep 19 2019 8:00:40.0970 PM,Sep 19 2019 8:00:40.1460 PM,.0489
5V 1.5A Curr CC Rp = 22kohm,5V 1.5A Curr CC Rp = 22kohm,[rpc] cyg_eload_SetEloadCurr(1.500000),,PASS,,,,,,,,,Sep 19 2019 8:00:40.7170 PM,Sep 19 2019 8:00:40.9050 PM,.1879
5V 1.5A Curr CC Rp = 22kohm,5V 1.5A Curr CC Rp = 22kohm,[rpc] cyg_eload_SetEloadOn,,PASS,,,,,,,,,Sep 19 2019 8:00:41.4770 PM,Sep 19 2019 8:00:41.7120 PM,.2347
5V 1.5A Curr CC Rp = 22kohm,5V 1.5A Curr CC Rp = 22kohm,[rpc] item_SysCurrent(3000mA),,PASS,,,,,,,,,Sep 19 2019 8:00:42.7870 PM,Sep 19 2019 8:00:43.7260 PM,.939
5V 1.5A Curr CC Rp = 22kohm,5V 1.5A Curr CC Rp = 22kohm,CurrCharge 5V 1.5A,,PASS,,1504.8576381875,mA,1520,1490,,,mA,Sep 19 2019 8:00:43.7280 PM,Sep 19 2019 8:00:43.7280 PM,0
5V 1.5A Curr CC Rp = 22kohm,5V 1.5A Curr CC Rp = 22kohm,"[Hid] /usr/local/bin/hidreport -p 0x026E -v 0x5ac -usage 0xFF00,0xb get 0xa3",,PASS,,,,,,,,,Sep 19 2019 8:00:44.2020 PM,Sep 19 2019 8:00:44.2020 PM,0
5V 1.5A Curr CC Rp = 22kohm,5V 1.5A Curr CC Rp = 22kohm,CurrCharge pass,01 88 13 F4 01,PASS,,,,,,,,,Sep 19 2019 8:00:44.8290 PM,Sep 19 2019 8:00:44.8290 PM,0
5V 1.5A Charge Mode,,,,,,,,,,,,,Sep 19 2019 8:00:45.0360 PM,Sep 19 2019 8:00:45.0370 PM,.0012
5V 1.5A Charge Mode,5V 1.5A Charge Mode,ChargeMode_1A5,,PASS,,1,NA,1,1,,,NA,Sep 19 2019 8:00:45.0370 PM,Sep 19 2019 8:00:45.0370 PM,0
5V 1.5A Charge Voltage ,,,,,,,,,,,,,Sep 19 2019 8:00:45.0820 PM,Sep 19 2019 8:00:45.0830 PM,.0011
5V 1.5A Charge Voltage ,5V 1.5A Charge Voltage ,ChargeVoltage_1A5,,PASS,,5000,mV,5000,5000,,,mV,Sep 19 2019 8:00:45.0820 PM,Sep 19 2019 8:00:45.0820 PM,0
5V 1.5A Charge Capability,,,,,,,,,,,,,Sep 19 2019 8:00:45.1320 PM,Sep 19 2019 8:00:45.1340 PM,.0013
5V 1.5A Charge Capability,5V 1.5A Charge Capability,ChargeCapability_1A5,,PASS,,500,NA,500,500,,,NA,Sep 19 2019 8:00:45.1330 PM,Sep 19 2019 8:00:45.1330 PM,0
5V 1.5A Orion Power Voltage,,,,,,,,,,,,,Sep 19 2019 8:00:45.1740 PM,Sep 19 2019 8:00:46.5010 PM,1.3269
5V 1.5A Orion Power Voltage,5V 1.5A Orion Power Voltage,[rpc] item_OrionVoltage(60V),,PASS,,,,,,,,,Sep 19 2019 8:00:45.1790 PM,Sep 19 2019 8:00:46.4990 PM,1.3192
5V 1.5A Orion Power Voltage,5V 1.5A Orion Power Voltage,OrionPower_1A5,,PASS,,4625.3325770447,mV,4800,4400,,,mV,Sep 19 2019 8:00:46.5000 PM,Sep 19 2019 8:00:46.5000 PM,0
5V 1.5A DUT Input Voltage,,,,,,,,,,,,,Sep 19 2019 8:00:46.5050 PM,Sep 19 2019 8:00:48.0800 PM,1.5749
5V 1.5A DUT Input Voltage,5V 1.5A DUT Input Voltage,[rpc] measure_get_voltage(60V),,PASS,,,,,,,,,Sep 19 2019 8:00:46.5070 PM,Sep 19 2019 8:00:46.7300 PM,.2235
5V 1.5A DUT Input Voltage,5V 1.5A DUT Input Voltage,DUTinput_1A5,,PASS,,5000.1236739982,mV,5100,4900,,,mV,Sep 19 2019 8:00:46.7320 PM,Sep 19 2019 8:00:46.7320 PM,0
5V 1.5A DUT Input Voltage,5V 1.5A DUT Input Voltage,[rpc] cyg_eload_SetEloadOff,,PASS,,,,,,,,,Sep 19 2019 8:00:46.7330 PM,Sep 19 2019 8:00:46.9270 PM,.1936
5V 1.5A DUT Input Voltage,5V 1.5A DUT Input Voltage,"[rpc] baseboard_set_pin(2,0)",,PASS,,,,,,,,,Sep 19 2019 8:00:47.5010 PM,Sep 19 2019 8:00:47.5080 PM,.0074
Download CCG3 FW,,,,,,,,,,,,,Sep 19 2019 8:00:48.0850 PM,Sep 19 2019 8:01:22.6410 PM,34.556
Download CCG3 FW,Download CCG3 FW,[Hid] /usr/local/bin/hidreport -v 0x05ac -p 0x026E -i 0 get a0,,PASS,,,,,,,,,Sep 19 2019 8:00:48.2540 PM,Sep 19 2019 8:00:48.2540 PM,0
Download CCG3 FW,Download CCG3 FW,[rpc] item_TurnAllOffAfterInit,,PASS,,,,,,,,,Sep 19 2019 8:00:48.6530 PM,Sep 19 2019 8:00:49.8130 PM,1.1593
Download CCG3 FW,Download CCG3 FW,[rpc] psu_setPSU_init,,PASS,,,,,,,,,Sep 19 2019 8:00:49.8160 PM,Sep 19 2019 8:00:49.8220 PM,.0062
Download CCG3 FW,Download CCG3 FW,[rpc] item_PowerOffTypeC,,PASS,,,,,,,,,Sep 19 2019 8:00:49.9980 PM,Sep 19 2019 8:00:50.1140 PM,.1154
Download CCG3 FW,Download CCG3 FW,"[rpc] myiocontrol_set_Bit(24,0)",,PASS,,,,,,,,,Sep 19 2019 8:00:50.1160 PM,Sep 19 2019 8:00:50.1240 PM,.0077
Download CCG3 FW,Download CCG3 FW,"[rpc] myiocontrol_set_Bit(25,0)",,PASS,,,,,,,,,Sep 19 2019 8:00:50.1270 PM,Sep 19 2019 8:00:50.1350 PM,.0073
Download CCG3 FW,Download CCG3 FW,"[rpc] dutgpio_set_pin(7,1)",,PASS,,,,,,,,,Sep 19 2019 8:00:50.3130 PM,Sep 19 2019 8:00:50.3180 PM,.0057
Download CCG3 FW,Download CCG3 FW,"[Hid] /usr/local/bin/hidreport -p 0x026E -v 0x5ac -usage 0xff00,0xb set 0xce 0xce 6 6 0",,PASS,,,,,,,,,Sep 19 2019 8:00:53.9010 PM,Sep 19 2019 8:00:53.9010 PM,0
Download CCG3 FW,Download CCG3 FW,[Hid] /usr/local/bin/shfuc -n -v 0x05ac -p 0x026E -f /usr/local/bin/Calblob/R118-CCG3-v11_apps.afu,,PASS,,,,,,,,,Sep 19 2019 8:01:22.2110 PM,Sep 19 2019 8:01:22.2110 PM,0
Download CCG3 FW,Download CCG3 FW,downloadCCG3 pass,FW update succeeded,PASS,,,,,,,,,Sep 19 2019 8:01:22.6400 PM,Sep 19 2019 8:01:22.6400 PM,0
After Download Read CCG3 FW,,,,,,,,,,,,,Sep 19 2019 8:01:22.6450 PM,Sep 19 2019 8:01:31.1310 PM,8.4857
After Download Read CCG3 FW,After Download Read CCG3 FW,[rpc] item_TurnAllOffAfterInit,,PASS,,,,,,,,,Sep 19 2019 8:01:22.6470 PM,Sep 19 2019 8:01:23.8700 PM,1.2229
After Download Read CCG3 FW,After Download Read CCG3 FW,[rpc] psu_setPSU_init,,PASS,,,,,,,,,Sep 19 2019 8:01:23.8730 PM,Sep 19 2019 8:01:23.8780 PM,.0052
After Download Read CCG3 FW,After Download Read CCG3 FW,[rpc] item_PowerOffTypeC,,PASS,,,,,,,,,Sep 19 2019 8:01:23.9810 PM,Sep 19 2019 8:01:24.0950 PM,.1147
After Download Read CCG3 FW,After Download Read CCG3 FW,"[rpc] myiocontrol_set_Bit(24,0)",,PASS,,,,,,,,,Sep 19 2019 8:01:24.0980 PM,Sep 19 2019 8:01:24.1050 PM,.0067
After Download Read CCG3 FW,After Download Read CCG3 FW,"[rpc] myiocontrol_set_Bit(25,0)",,PASS,,,,,,,,,Sep 19 2019 8:01:24.1070 PM,Sep 19 2019 8:01:24.1140 PM,.0068
After Download Read CCG3 FW,After Download Read CCG3 FW,"[rpc] dutgpio_set_pin(7,1)",,PASS,,,,,,,,,Sep 19 2019 8:01:24.2880 PM,Sep 19 2019 8:01:24.2920 PM,.0047
After Download Read CCG3 FW,After Download Read CCG3 FW,"[rpc] item_PowerOnTypeC(5,3000)",,PASS,,,,,,,,,Sep 19 2019 8:01:27.5720 PM,Sep 19 2019 8:01:27.7200 PM,.1479
After Download Read CCG3 FW,After Download Read CCG3 FW,"[rpc] myiocontrol_set_Bit(25,1)",,PASS,,,,,,,,,Sep 19 2019 8:01:29.7910 PM,Sep 19 2019 8:01:29.8860 PM,.0946
5V 2.5A Curr CC Rp = 10kohm,,,,,,,,,,,,,Sep 19 2019 8:01:31.1380 PM,Sep 19 2019 8:01:44.3120 PM,13.1739
5V 2.5A Curr CC Rp = 10kohm,5V 2.5A Curr CC Rp = 10kohm,[rpc] myiocontrol_TurnAllOff,,PASS,,,,,,,,,Sep 19 2019 8:01:31.1410 PM,Sep 19 2019 8:01:31.2330 PM,.0923
5V 2.5A Curr CC Rp = 10kohm,5V 2.5A Curr CC Rp = 10kohm,[rpc] cyg_eload_SetEloadOff,,PASS,,,,,,,,,Sep 19 2019 8:01:31.2360 PM,Sep 19 2019 8:01:31.3900 PM,.1542
5V 2.5A Curr CC Rp = 10kohm,5V 2.5A Curr CC Rp = 10kohm,"[rpc] dutgpio_set_pin(7,0)",,PASS,,,,,,,,,Sep 19 2019 8:01:31.9640 PM,Sep 19 2019 8:01:31.9690 PM,.0049
5V 2.5A Curr CC Rp = 10kohm,5V 2.5A Curr CC Rp = 10kohm,[rpc] item_PowerOffTypeC,,PASS,,,,,,,,,Sep 19 2019 8:01:31.9720 PM,Sep 19 2019 8:01:32.0870 PM,.115
5V 2.5A Curr CC Rp = 10kohm,5V 2.5A Curr CC Rp = 10kohm,"[rpc] myiocontrol_set_Bit(29,1)",,PASS,,,,,,,,,Sep 19 2019 8:01:32.6630 PM,Sep 19 2019 8:01:32.6700 PM,.0068
5V 2.5A Curr CC Rp = 10kohm,5V 2.5A Curr CC Rp = 10kohm,"[rpc] myiocontrol_set_Bit(30,1)",,PASS,,,,,,,,,Sep 19 2019 8:01:32.7730 PM,Sep 19 2019 8:01:32.7830 PM,.0102
5V 2.5A Curr CC Rp = 10kohm,5V 2.5A Curr CC Rp = 10kohm,"[rpc] myiocontrol_set_Bit(7,1)",,PASS,,,,,,,,,Sep 19 2019 8:01:32.9530 PM,Sep 19 2019 8:01:32.9600 PM,.0068
5V 2.5A Curr CC Rp = 10kohm,5V 2.5A Curr CC Rp = 10kohm,"[rpc] myiocontrol_set_Bit(15,1)",,PASS,,,,,,,,,Sep 19 2019 8:01:33.1340 PM,Sep 19 2019 8:01:33.1400 PM,.0068
5V 2.5A Curr CC Rp = 10kohm,5V 2.5A Curr CC Rp = 10kohm,"[rpc] myiocontrol_set_Bit(18,1)",,PASS,,,,,,,,,Sep 19 2019 8:01:33.3140 PM,Sep 19 2019 8:01:33.3200 PM,.0068
5V 2.5A Curr CC Rp = 10kohm,5V 2.5A Curr CC Rp = 10kohm,"[rpc] myiocontrol_set_Bit(19,1)",,PASS,,,,,,,,,Sep 19 2019 8:01:33.4940 PM,Sep 19 2019 8:01:33.5010 PM,.0071
5V 2.5A Curr CC Rp = 10kohm,5V 2.5A Curr CC Rp = 10kohm,"[rpc] myiocontrol_set_Bit(16,1)",,PASS,,,,,,,,,Sep 19 2019 8:01:34.0770 PM,Sep 19 2019 8:01:34.0840 PM,.0069
5V 2.5A Curr CC Rp = 10kohm,5V 2.5A Curr CC Rp = 10kohm,"[rpc] dutgpio_set_pin(7,1)",,PASS,,,,,,,,,Sep 19 2019 8:01:34.6550 PM,Sep 19 2019 8:01:34.6590 PM,.0046
5V 2.5A Curr CC Rp = 10kohm,5V 2.5A Curr CC Rp = 10kohm,[rpc] psu_setPSU_Volt(4.917000),,PASS,,,,,,,,,Sep 19 2019 8:01:37.7370 PM,Sep 19 2019 8:01:37.7470 PM,.0103
5V 2.5A Curr CC Rp = 10kohm,5V 2.5A Curr CC Rp = 10kohm,"[rpc] myiocontrol_set_Bit(25,1)",,PASS,,,,,,,,,Sep 19 2019 8:01:39.8180 PM,Sep 19 2019 8:01:39.8250 PM,.0068
5V 2.5A Curr CC Rp = 10kohm,5V 2.5A Curr CC Rp = 10kohm,"[rpc] baseboard_set_pin(2,1)",,PASS,,,,,,,,,Sep 19 2019 8:01:40.4000 PM,Sep 19 2019 8:01:40.4070 PM,.0074
5V 2.5A Curr CC Rp = 10kohm,5V 2.5A Curr CC Rp = 10kohm,[rpc] cyg_eload_SetEloadCurr(2.500000),,PASS,,,,,,,,,Sep 19 2019 8:01:40.9840 PM,Sep 19 2019 8:01:41.1380 PM,.1542
5V 2.5A Curr CC Rp = 10kohm,5V 2.5A Curr CC Rp = 10kohm,[rpc] cyg_eload_SetEloadOn,,PASS,,,,,,,,,Sep 19 2019 8:01:41.7090 PM,Sep 19 2019 8:01:41.8640 PM,.1547
5V 2.5A Curr CC Rp = 10kohm,5V 2.5A Curr CC Rp = 10kohm,[rpc] item_SysCurrent(3000mA),,PASS,,,,,,,,,Sep 19 2019 8:01:42.9400 PM,Sep 19 2019 8:01:43.6770 PM,.7366
5V 2.5A Curr CC Rp = 10kohm,5V 2.5A Curr CC Rp = 10kohm,CurrCharge 5V 2.5A,,PASS,,2502.5190212848,mA,2525,2475,,,mA,Sep 19 2019 8:01:43.6780 PM,Sep 19 2019 8:01:43.6780 PM,0
5V 2.5A Curr CC Rp = 10kohm,5V 2.5A Curr CC Rp = 10kohm,"[Hid] /usr/local/bin/hidreport -p 0x026E -v 0x5ac -usage 0xFF00,0xb get 0xa3",,PASS,,,,,,,,,Sep 19 2019 8:01:43.8760 PM,Sep 19 2019 8:01:43.8760 PM,0
5V 2.5A Curr CC Rp = 10kohm,5V 2.5A Curr CC Rp = 10kohm,CurrCharge_2A5 pass,01 88 13 F4 01,PASS,,,,,,,,,Sep 19 2019 8:01:44.3110 PM,Sep 19 2019 8:01:44.3110 PM,0
5V 2.5A Charge Mode,,,,,,,,,,,,,Sep 19 2019 8:01:44.3200 PM,Sep 19 2019 8:01:44.3210 PM,.001
5V 2.5A Charge Mode,5V 2.5A Charge Mode,ChargeMode_2A5,,PASS,,1,NA,1,1,,,NA,Sep 19 2019 8:01:44.3210 PM,Sep 19 2019 8:01:44.3210 PM,0
5V 2.5A Charge Voltage ,,,,,,,,,,,,,Sep 19 2019 8:01:44.3250 PM,Sep 19 2019 8:01:44.3250 PM,.0009
5V 2.5A Charge Voltage ,5V 2.5A Charge Voltage ,ChargeVoltage_2A5,,PASS,,5000,NA,5000,5000,,,NA,Sep 19 2019 8:01:44.3250 PM,Sep 19 2019 8:01:44.3250 PM,0
5V 2.5A Charge Capability,,,,,,,,,,,,,Sep 19 2019 8:01:44.3290 PM,Sep 19 2019 8:01:44.3300 PM,.001
5V 2.5A Charge Capability,5V 2.5A Charge Capability,ChargeCapability_2A5,,PASS,,500,NA,500,500,,,NA,Sep 19 2019 8:01:44.3300 PM,Sep 19 2019 8:01:44.3300 PM,0
5V 2.5A Orion Power Voltage,,,,,,,,,,,,,Sep 19 2019 8:01:44.3330 PM,Sep 19 2019 8:01:45.6160 PM,1.2827
5V 2.5A Orion Power Voltage,5V 2.5A Orion Power Voltage,[rpc] item_OrionVoltage(60V),,PASS,,,,,,,,,Sep 19 2019 8:01:44.3350 PM,Sep 19 2019 8:01:45.6140 PM,1.2785
5V 2.5A Orion Power Voltage,5V 2.5A Orion Power Voltage,OrionPower_2A5,,PASS,,4375.8526627078,mV,4650,4150,,,mV,Sep 19 2019 8:01:45.6150 PM,Sep 19 2019 8:01:45.6150 PM,0
5V 2.5A DUT Input Voltage,,,,,,,,,,,,,Sep 19 2019 8:01:45.6190 PM,Sep 19 2019 8:01:46.5830 PM,.9632
5V 2.5A DUT Input Voltage,5V 2.5A DUT Input Voltage,[rpc] measure_get_voltage(60V),,PASS,,,,,,,,,Sep 19 2019 8:01:45.6210 PM,Sep 19 2019 8:01:45.8440 PM,.2228
5V 2.5A DUT Input Voltage,5V 2.5A DUT Input Voltage,DUTinput_2A5,,PASS,,5000.9002419277,mV,5150,4950,,,mV,Sep 19 2019 8:01:45.8450 PM,Sep 19 2019 8:01:45.8450 PM,0
5V 2.5A DUT Input Voltage,5V 2.5A DUT Input Voltage,[rpc] cyg_eload_SetEloadOff,,PASS,,,,,,,,,Sep 19 2019 8:01:45.8470 PM,Sep 19 2019 8:01:46.0010 PM,.1541
5V 2.5A DUT Input Voltage,5V 2.5A DUT Input Voltage,"[rpc] baseboard_set_pin(2,0)",,PASS,,,,,,,,,Sep 19 2019 8:01:46.5730 PM,Sep 19 2019 8:01:46.5810 PM,.008
9V 2.5A Curr USBC PD,,,,,,,,,,,,,Sep 19 2019 8:01:46.5870 PM,Sep 19 2019 8:02:04.4110 PM,17.8232
9V 2.5A Curr USBC PD,9V 2.5A Curr USBC PD,[rpc] item_TurnAllOffAfterInit,,PASS,,,,,,,,,Sep 19 2019 8:01:46.5890 PM,Sep 19 2019 8:01:47.7450 PM,1.1558
9V 2.5A Curr USBC PD,9V 2.5A Curr USBC PD,[rpc] psu_setPSU_init,,PASS,,,,,,,,,Sep 19 2019 8:01:47.7480 PM,Sep 19 2019 8:01:47.7620 PM,.0148
9V 2.5A Curr USBC PD,9V 2.5A Curr USBC PD,[rpc] item_PowerOffTypeC,,PASS,,,,,,,,,Sep 19 2019 8:01:47.9340 PM,Sep 19 2019 8:01:48.0490 PM,.1149
9V 2.5A Curr USBC PD,9V 2.5A Curr USBC PD,"[rpc] myiocontrol_set_Bit(24,0)",,PASS,,,,,,,,,Sep 19 2019 8:01:48.0510 PM,Sep 19 2019 8:01:48.0630 PM,.0116
9V 2.5A Curr USBC PD,9V 2.5A Curr USBC PD,"[rpc] myiocontrol_set_Bit(25,0)",,PASS,,,,,,,,,Sep 19 2019 8:01:48.0650 PM,Sep 19 2019 8:01:48.0770 PM,.0115
9V 2.5A Curr USBC PD,9V 2.5A Curr USBC PD,"[rpc] dutgpio_set_pin(7,1)",,PASS,,,,,,,,,Sep 19 2019 8:01:48.1800 PM,Sep 19 2019 8:01:48.1850 PM,.0046
9V 2.5A Curr USBC PD,9V 2.5A Curr USBC PD,"[rpc] item_PowerOnTypeC(9,3000)",,PASS,,,,,,,,,Sep 19 2019 8:01:51.5270 PM,Sep 19 2019 8:01:51.6680 PM,.1407
9V 2.5A Curr USBC PD,9V 2.5A Curr USBC PD,"[rpc] myiocontrol_set_Bit(25,1)",,PASS,,,,,,,,,Sep 19 2019 8:01:53.7390 PM,Sep 19 2019 8:01:53.7450 PM,.007
9V 2.5A Curr USBC PD,9V 2.5A Curr USBC PD,"[Hid] /usr/local/bin/hidreport -p 0x026E -v 0x5ac -usage 0xFF00,0xb set 0xa4 0xa4 1",,PASS,,,,,,,,,Sep 19 2019 8:01:54.9070 PM,Sep 19 2019 8:01:54.9070 PM,0
9V 2.5A Curr USBC PD,9V 2.5A Curr USBC PD,"[rpc] baseboard_set_pin(2,1)",,PASS,,,,,,,,,Sep 19 2019 8:01:56.3810 PM,Sep 19 2019 8:01:56.3880 PM,.0071
9V 2.5A Curr USBC PD,9V 2.5A Curr USBC PD,[rpc] psu_setPSU_Volt(8.951000),,PASS,,,,,,,,,Sep 19 2019 8:01:56.9640 PM,Sep 19 2019 8:01:56.9780 PM,.0142
9V 2.5A Curr USBC PD,9V 2.5A Curr USBC PD,[rpc] cyg_eload_SetEloadCurr(2.500000),,PASS,,,,,,,,,Sep 19 2019 8:01:59.0580 PM,Sep 19 2019 8:01:59.2130 PM,.1547
9V 2.5A Curr USBC PD,9V 2.5A Curr USBC PD,"[rpc] myiocontrol_set_Bit(16,1)",,PASS,,,,,,,,,Sep 19 2019 8:02:00.2910 PM,Sep 19 2019 8:02:00.2980 PM,.0078
9V 2.5A Curr USBC PD,9V 2.5A Curr USBC PD,[rpc] cyg_eload_SetEloadOn,,PASS,,,,,,,,,Sep 19 2019 8:02:01.3760 PM,Sep 19 2019 8:02:01.5300 PM,.1542
9V 2.5A Curr USBC PD,9V 2.5A Curr USBC PD,[rpc] item_SysCurrent(3000mA),,PASS,,,,,,,,,Sep 19 2019 8:02:03.6780 PM,Sep 19 2019 8:02:04.4060 PM,.7287
9V 2.5A Curr USBC PD,9V 2.5A Curr USBC PD,CurrUSBC9VTo2A5,,PASS,,2503.1078442214,mA,2525,2475,,,mA,Sep 19 2019 8:02:04.4090 PM,Sep 19 2019 8:02:04.4090 PM,0
9V 2.5A Charge Mode,,,,,,,,,,,,,Sep 19 2019 8:02:04.4230 PM,Sep 19 2019 8:02:05.1310 PM,.7084
9V 2.5A Charge Mode,9V 2.5A Charge Mode,"[Hid] /usr/local/bin/hidreport -p 0x026E -vid 0x05AC -usage 0xFF00,0xB get 0xA3",,PASS,,,,,,,,,Sep 19 2019 8:02:04.7210 PM,Sep 19 2019 8:02:04.7210 PM,0
9V 2.5A Charge Mode,9V 2.5A Charge Mode,Send9VTo3P_cmd pass,06 28 23 B8 0B,PASS,,,,,,,,,Sep 19 2019 8:02:05.1300 PM,Sep 19 2019 8:02:05.1300 PM,0
9V 2.5A Charge Mode,9V 2.5A Charge Mode,ChargeMode9V_2A5,,PASS,,6,NA,6,6,,,NA,Sep 19 2019 8:02:05.1300 PM,Sep 19 2019 8:02:05.1300 PM,0
9V 2.5A Charge Voltage ,,,,,,,,,,,,,Sep 19 2019 8:02:05.1380 PM,Sep 19 2019 8:02:05.1400 PM,.0016
9V 2.5A Charge Voltage ,9V 2.5A Charge Voltage ,ChargeVoltage9V_2A5,,PASS,,9000,mA,9000,9000,,,mA,Sep 19 2019 8:02:05.1390 PM,Sep 19 2019 8:02:05.1390 PM,0
9V 2.5A Charge Capability,,,,,,,,,,,,,Sep 19 2019 8:02:05.1460 PM,Sep 19 2019 8:02:05.1480 PM,.0017
9V 2.5A Charge Capability,9V 2.5A Charge Capability,ChargeCapability9V_2A5,,PASS,,3000,mA,3000,3000,,,mA,Sep 19 2019 8:02:05.1470 PM,Sep 19 2019 8:02:05.1470 PM,0
9V 2.5A Orion Power Voltage,,,,,,,,,,,,,Sep 19 2019 8:02:05.1550 PM,Sep 19 2019 8:02:06.4420 PM,1.2866
9V 2.5A Orion Power Voltage,9V 2.5A Orion Power Voltage,[rpc] item_OrionVoltage(60V),,PASS,,,,,,,,,Sep 19 2019 8:02:05.1580 PM,Sep 19 2019 8:02:06.4400 PM,1.282
9V 2.5A Orion Power Voltage,9V 2.5A Orion Power Voltage,OrionPower9V_2A5,,PASS,,8375.582447381101,mV,8700,8100,,,mV,Sep 19 2019 8:02:06.4420 PM,Sep 19 2019 8:02:06.4420 PM,0
9V 2.5A DUT Input Voltage,,,,,,,,,,,,,Sep 19 2019 8:02:06.4460 PM,Sep 19 2019 8:02:07.4110 PM,.9649
9V 2.5A DUT Input Voltage,9V 2.5A DUT Input Voltage,[rpc] measure_get_voltage(60V),,PASS,,,,,,,,,Sep 19 2019 8:02:06.4480 PM,Sep 19 2019 8:02:06.6730 PM,.2253
9V 2.5A DUT Input Voltage,9V 2.5A DUT Input Voltage,DUTinput9V_2A5,,PASS,,9000.459801454799,mV,9100,8600,,,mV,Sep 19 2019 8:02:06.6750 PM,Sep 19 2019 8:02:06.6750 PM,0
9V 2.5A DUT Input Voltage,9V 2.5A DUT Input Voltage,[rpc] cyg_eload_SetEloadOff,,PASS,,,,,,,,,Sep 19 2019 8:02:06.6770 PM,Sep 19 2019 8:02:06.8310 PM,.1543
9V 2.5A DUT Input Voltage,9V 2.5A DUT Input Voltage,"[rpc] baseboard_set_pin(2,0)",,PASS,,,,,,,,,Sep 19 2019 8:02:07.4030 PM,Sep 19 2019 8:02:07.4100 PM,.007
Tristar To CCG3 VID,,,,,,,,,,,,,Sep 19 2019 8:02:07.4150 PM,Sep 19 2019 8:02:18.9200 PM,11.5048
Tristar To CCG3 VID,Tristar To CCG3 VID,[rpc] item_TurnAllOffAfterInit,,PASS,,,,,,,,,Sep 19 2019 8:02:07.4180 PM,Sep 19 2019 8:02:08.5680 PM,1.1495
Tristar To CCG3 VID,Tristar To CCG3 VID,[rpc] psu_setPSU_init,,PASS,,,,,,,,,Sep 19 2019 8:02:08.5710 PM,Sep 19 2019 8:02:08.5790 PM,.008
Tristar To CCG3 VID,Tristar To CCG3 VID,[rpc] item_PowerOffTypeC,,PASS,,,,,,,,,Sep 19 2019 8:02:08.7520 PM,Sep 19 2019 8:02:08.8710 PM,.1182
Tristar To CCG3 VID,Tristar To CCG3 VID,"[rpc] myiocontrol_set_Bit(24,0)",,PASS,,,,,,,,,Sep 19 2019 8:02:08.8740 PM,Sep 19 2019 8:02:08.8810 PM,.0074
Tristar To CCG3 VID,Tristar To CCG3 VID,"[rpc] myiocontrol_set_Bit(25,0)",,PASS,,,,,,,,,Sep 19 2019 8:02:08.8840 PM,Sep 19 2019 8:02:08.8920 PM,.0083
Tristar To CCG3 VID,Tristar To CCG3 VID,"[rpc] dutgpio_set_pin(7,1)",,PASS,,,,,,,,,Sep 19 2019 8:02:09.0670 PM,Sep 19 2019 8:02:09.0720 PM,.005
Tristar To CCG3 VID,Tristar To CCG3 VID,"[rpc] item_PowerOnTypeC(5,3000)",,PASS,,,,,,,,,Sep 19 2019 8:02:12.3470 PM,Sep 19 2019 8:02:12.4870 PM,.1404
Tristar To CCG3 VID,Tristar To CCG3 VID,"[rpc] myiocontrol_set_Bit(25,1)",,PASS,,,,,,,,,Sep 19 2019 8:02:14.5580 PM,Sep 19 2019 8:02:14.5660 PM,.0072
Tristar To CCG3 VID,Tristar To CCG3 VID,"[Hid] /usr/local/bin/hidreport -p 0x026E -vid 0x05AC -usage 0xFF00,0xB set 0xa1 0xa1 0x1 0xb9",,PASS,,,,,,,,,Sep 19 2019 8:02:15.8150 PM,Sep 19 2019 8:02:15.8150 PM,0
Tristar To CCG3 VID,Tristar To CCG3 VID,"[rpc] dutgpio_set_pin(6,1)",,PASS,,,,,,,,,Sep 19 2019 8:02:17.2920 PM,Sep 19 2019 8:02:17.3080 PM,.0163
Tristar To CCG3 VID,Tristar To CCG3 VID,[Hid] /Users/gdlocal/Library/Atlas/Resources/readPidVid.sh,,PASS,,,,,,,,,Sep 19 2019 8:02:18.5250 PM,Sep 19 2019 8:02:18.5250 PM,0
Tristar To CCG3 VID,Tristar To CCG3 VID,VID,,PASS,,1452,NA,1452,1452,,,NA,Sep 19 2019 8:02:18.9190 PM,Sep 19 2019 8:02:18.9190 PM,0
Tristar To CCG3 PID,,,,,,,,,,,,,Sep 19 2019 8:02:18.9250 PM,Sep 19 2019 8:02:19.4340 PM,.5087
Tristar To CCG3 PID,Tristar To CCG3 PID,[Hid] /Users/gdlocal/Library/Atlas/Resources/readPidVid.sh,,PASS,,,,,,,,,Sep 19 2019 8:02:19.0230 PM,Sep 19 2019 8:02:19.0230 PM,0
Tristar To CCG3 PID,Tristar To CCG3 PID,PID,,PASS,,65280,NA,65280,65280,,,NA,Sep 19 2019 8:02:19.4260 PM,Sep 19 2019 8:02:19.4260 PM,0
Tristar To CCG3 PID,Tristar To CCG3 PID,"[rpc] dutgpio_set_pin(6,0)",,PASS,,,,,,,,,Sep 19 2019 8:02:19.4280 PM,Sep 19 2019 8:02:19.4330 PM,.0047
PHASE1 ORIONPWR DUT MODE,,,,,,,,,,,,,Sep 19 2019 8:02:19.4370 PM,Sep 19 2019 8:02:24.6340 PM,5.1966
PHASE1 ORIONPWR DUT MODE,PHASE1 ORIONPWR DUT MODE,[rpc] item_PowerOffTypeC,,PASS,,,,,,,,,Sep 19 2019 8:02:19.4390 PM,Sep 19 2019 8:02:19.5540 PM,.115
PHASE1 ORIONPWR DUT MODE,PHASE1 ORIONPWR DUT MODE,[rpc] item_TurnAllOffAfterInit,,PASS,,,,,,,,,Sep 19 2019 8:02:19.5570 PM,Sep 19 2019 8:02:20.7060 PM,1.1495
PHASE1 ORIONPWR DUT MODE,PHASE1 ORIONPWR DUT MODE,"[rpc] myiocontrol_set_Bit(24,0)",,PASS,,,,,,,,,Sep 19 2019 8:02:20.8810 PM,Sep 19 2019 8:02:20.8890 PM,.0072
PHASE1 ORIONPWR DUT MODE,PHASE1 ORIONPWR DUT MODE,"[rpc] myiocontrol_set_Bit(25,0)",,PASS,,,,,,,,,Sep 19 2019 8:02:20.8910 PM,Sep 19 2019 8:02:20.8980 PM,.0067
PHASE1 ORIONPWR DUT MODE,PHASE1 ORIONPWR DUT MODE,"[rpc] dutgpio_set_pin(7,1)",,PASS,,,,,,,,,Sep 19 2019 8:02:21.0710 PM,Sep 19 2019 8:02:21.0760 PM,.0047
PHASE1 ORIONPWR DUT MODE,PHASE1 ORIONPWR DUT MODE,"[Hid] /usr/local/bin/hidreport -p 0x026E -v 0x5ac -usage 0xff00,0xb get 0xf2",,PASS,,,,,,,,,Sep 19 2019 8:02:24.2290 PM,Sep 19 2019 8:02:24.2290 PM,0
PHASE1 ORIONPWR DUT MODE,PHASE1 ORIONPWR DUT MODE,RoleSwapOrion pass,04 ,PASS,,,,,,,,,Sep 19 2019 8:02:24.6330 PM,Sep 19 2019 8:02:24.6330 PM,0
PHASE2 USBCPWR DUT MODE,,,,,,,,,,,,,Sep 19 2019 8:02:24.6380 PM,Sep 19 2019 8:02:27.3360 PM,2.6974
PHASE2 USBCPWR DUT MODE,PHASE2 USBCPWR DUT MODE,"[rpc] item_PowerOnTypeC(5,2000)",,PASS,,,,,,,,,Sep 19 2019 8:02:24.6400 PM,Sep 19 2019 8:02:24.7820 PM,.1418
PHASE2 USBCPWR DUT MODE,PHASE2 USBCPWR DUT MODE,"[Hid] /usr/local/bin/hidreport -p 0x026E -v 0x5ac -usage 0xff00,0xb get 0xf2",,PASS,,,,,,,,,Sep 19 2019 8:02:26.9380 PM,Sep 19 2019 8:02:26.9380 PM,0
PHASE2 USBCPWR DUT MODE,PHASE2 USBCPWR DUT MODE,RoleSwapUSBC pass,03 ,PASS,,,,,,,,,Sep 19 2019 8:02:27.3350 PM,Sep 19 2019 8:02:27.3350 PM,0
Write And Read 0x01,,,,,,,,,,,,,Sep 19 2019 8:02:27.3400 PM,Sep 19 2019 8:02:28.4460 PM,1.1069
Write And Read 0x01,Write And Read 0x01,"[Hid] /usr/local/bin/hidreport -p 0x026E -v 0x5ac -usage 0xff00,0xb set 0xf0 0xf0 1",,PASS,,,,,,,,,Sep 19 2019 8:02:27.4630 PM,Sep 19 2019 8:02:27.4630 PM,0
Write And Read 0x01,Write And Read 0x01,"[Hid] /usr/local/bin/hidreport -p 0x026E -v 0x5ac -usage 0xff00,0xb get 0xf0",,PASS,,,,,,,,,Sep 19 2019 8:02:27.9960 PM,Sep 19 2019 8:02:27.9960 PM,0
Write And Read 0x01,Write And Read 0x01,RoleSwapWrite pass,01 ,PASS,,,,,,,,,Sep 19 2019 8:02:28.4430 PM,Sep 19 2019 8:02:28.4430 PM,0
Write And Read 0x01,Write And Read 0x01,Read0x01_PART1,,PASS,,1,,,,,,,Sep 19 2019 8:02:28.4440 PM,Sep 19 2019 8:02:28.4440 PM,0
Write And Read 0x01,Write And Read 0x01,Read0x01,,PASS,,,,,,,,,Sep 19 2019 8:02:28.4460 PM,Sep 19 2019 8:02:28.4460 PM,0
PHASE3 ORIONPWR DUT MODE,,,,,,,,,,,,,Sep 19 2019 8:02:28.4520 PM,Sep 19 2019 8:02:30.8650 PM,2.4123
PHASE3 ORIONPWR DUT MODE,PHASE3 ORIONPWR DUT MODE,[rpc] item_PowerOffTypeC,,PASS,,,,,,,,,Sep 19 2019 8:02:28.4550 PM,Sep 19 2019 8:02:28.5710 PM,.1168
PHASE3 ORIONPWR DUT MODE,PHASE3 ORIONPWR DUT MODE,"[HID] /usr/local/bin/hidreport -p 0x026E -v 0x5ac -usage 0xff00,0xb get 0xf0",,PASS,,,,,,,,,Sep 19 2019 8:02:30.6470 PM,Sep 19 2019 8:02:30.6470 PM,0
PHASE3 ORIONPWR DUT MODE,PHASE3 ORIONPWR DUT MODE,"[HID] /usr/local/bin/hidreport -p 0x026E -v 0x5ac -usage 0xff00,0xb get 0xf2",,PASS,,,,,,,,,Sep 19 2019 8:02:30.7310 PM,Sep 19 2019 8:02:30.7310 PM,0
PHASE3 ORIONPWR DUT MODE,PHASE3 ORIONPWR DUT MODE,RoleSwapOrionAfter pass,CMD GET 0xF0 response 01 -CMD GET 0xF2 response 04 ,PASS,,,,,,,,,Sep 19 2019 8:02:30.8600 PM,Sep 19 2019 8:02:30.8600 PM,0
PHASE3 ORIONPWR DUT MODE,PHASE3 ORIONPWR DUT MODE,STATUS_READ_F0_PART1,,PASS,,1,,,,,,,Sep 19 2019 8:02:30.8610 PM,Sep 19 2019 8:02:30.8610 PM,0
PHASE3 ORIONPWR DUT MODE,PHASE3 ORIONPWR DUT MODE,STATUS_READ_F0,,PASS,,,,,,,,,Sep 19 2019 8:02:30.8620 PM,Sep 19 2019 8:02:30.8620 PM,0
PHASE3 ORIONPWR DUT MODE,PHASE3 ORIONPWR DUT MODE,STATUS_READ_F2_PART1,,PASS,,4,,,,,,,Sep 19 2019 8:02:30.8630 PM,Sep 19 2019 8:02:30.8630 PM,0
PHASE3 ORIONPWR DUT MODE,PHASE3 ORIONPWR DUT MODE,STATUS_READ_F2,,PASS,,,,,,,,,Sep 19 2019 8:02:30.8640 PM,Sep 19 2019 8:02:30.8640 PM,0
System critical errors,,,,,,,,,,,,,Sep 19 2019 8:02:30.8690 PM,Sep 19 2019 8:02:37.0260 PM,6.1567
System critical errors,System critical errors,[Hid] /usr/local/bin/hidreport -v 0x05ac -p 0x026E -i 0 set 0x3D 0x3D 0x13 0x0 0x0 0x0,,PASS,,,,,,,,,Sep 19 2019 8:02:31.0210 PM,Sep 19 2019 8:02:31.0210 PM,0
System critical errors,System critical errors,[Hid] /usr/local/bin/hidreport -v 0x05ac -p 0x026E -i 0 set 0x3E 0x3E 0x13 0x0 0x0 0x0 0x0,,PASS,,,,,,,,,Sep 19 2019 8:02:31.5810 PM,Sep 19 2019 8:02:31.5810 PM,0
System critical errors,System critical errors,[rpc] item_TurnAllOffAfterInit,,PASS,,,,,,,,,Sep 19 2019 8:02:31.9800 PM,Sep 19 2019 8:02:33.1290 PM,1.1495
System critical errors,System critical errors,[rpc] item_PowerOffTypeC,,PASS,,,,,,,,,Sep 19 2019 8:02:33.1320 PM,Sep 19 2019 8:02:33.2470 PM,.1151
System critical errors,System critical errors,"[rpc] myiocontrol_set_Bit(24,0)",,PASS,,,,,,,,,Sep 19 2019 8:02:33.2500 PM,Sep 19 2019 8:02:33.2560 PM,.0067
System critical errors,System critical errors,"[rpc] myiocontrol_set_Bit(25,0)",,PASS,,,,,,,,,Sep 19 2019 8:02:33.2590 PM,Sep 19 2019 8:02:33.2660 PM,.0068
System critical errors,System critical errors,"[rpc] dutgpio_set_pin(7,1)",,PASS,,,,,,,,,Sep 19 2019 8:02:33.4400 PM,Sep 19 2019 8:02:33.4450 PM,.0047
System critical errors,System critical errors,"[Hid] /usr/local/bin/hidreport -pid 0x026E -vid 0x05ac -usage 0xff00,0xb get 0xe1",,PASS,,,,,,,,,Sep 19 2019 8:02:36.6150 PM,Sep 19 2019 8:02:36.6150 PM,0
System critical errors,System critical errors,CRIT_ERR_E1_PART1,,PASS,,8704,,,,,,,Sep 19 2019 8:02:37.0230 PM,Sep 19 2019 8:02:37.0230 PM,0
System critical errors,System critical errors,CRIT_ERR_E1_PART2,,PASS,,0,,,,,,,Sep 19 2019 8:02:37.0240 PM,Sep 19 2019 8:02:37.0240 PM,0
System critical errors,System critical errors,CRIT_ERR_E1,,PASS,,,,,,,,,Sep 19 2019 8:02:37.0250 PM,Sep 19 2019 8:02:37.0250 PM,0
KeyScan critical errors,,,,,,,,,,,,,Sep 19 2019 8:02:37.0320 PM,Sep 19 2019 8:02:37.6780 PM,.6466
KeyScan critical errors,KeyScan critical errors,"[Hid] /usr/local/bin/hidreport -pid 0x026E -vid 0x05ac -usage 0xff00,0xb get 0xE7",,PASS,,,,,,,,,Sep 19 2019 8:02:37.2580 PM,Sep 19 2019 8:02:37.2580 PM,0
KeyScan critical errors,KeyScan critical errors,CRIT_ERR_E7_PART1,,PASS,,0,,,,,,,Sep 19 2019 8:02:37.6740 PM,Sep 19 2019 8:02:37.6740 PM,0
KeyScan critical errors,KeyScan critical errors,CRIT_ERR_E7_PART2,,PASS,,0,,,,,,,Sep 19 2019 8:02:37.6740 PM,Sep 19 2019 8:02:37.6740 PM,0
KeyScan critical errors,KeyScan critical errors,CRIT_ERR_E7_PART3,,PASS,,0,,,,,,,Sep 19 2019 8:02:37.6750 PM,Sep 19 2019 8:02:37.6750 PM,0
KeyScan critical errors,KeyScan critical errors,CRIT_ERR_E7_PART4,,PASS,,0,,,,,,,Sep 19 2019 8:02:37.6760 PM,Sep 19 2019 8:02:37.6760 PM,0
KeyScan critical errors,KeyScan critical errors,CRIT_ERR_E7,,PASS,,,,,,,,,Sep 19 2019 8:02:37.6780 PM,Sep 19 2019 8:02:37.6780 PM,0
FW Update critical errors,,,,,,,,,,,,,Sep 19 2019 8:02:37.6830 PM,Sep 19 2019 8:02:39.0290 PM,1.346
FW Update critical errors,FW Update critical errors,"[Hid] /usr/local/bin/hidreport -pid 0x026E -vid 0x05ac -usage 0xff00,0xb get 0xE2",,PASS,,,,,,,,,Sep 19 2019 8:02:37.7970 PM,Sep 19 2019 8:02:37.7970 PM,0
FW Update critical errors,FW Update critical errors,"[Hid] /usr/local/bin/hidreport -pid 0x026E -vid 0x05ac -usage 0xff00,0xb get 0xE2-2",,PASS,,,,,,,,,Sep 19 2019 8:02:38.6230 PM,Sep 19 2019 8:02:38.6230 PM,0
FW Update critical errors,FW Update critical errors,CRIT_ERR_E2_PART1,,PASS,,0,,,,,,,Sep 19 2019 8:02:39.0250 PM,Sep 19 2019 8:02:39.0250 PM,0
FW Update critical errors,FW Update critical errors,CRIT_ERR_E2_PART2,,PASS,,0,,,,,,,Sep 19 2019 8:02:39.0260 PM,Sep 19 2019 8:02:39.0260 PM,0
FW Update critical errors,FW Update critical errors,CRIT_ERR_E2_PART3,,PASS,,0,,,,,,,Sep 19 2019 8:02:39.0270 PM,Sep 19 2019 8:02:39.0270 PM,0
FW Update critical errors,FW Update critical errors,CRIT_ERR_E2,,PASS,,,,,,,,,Sep 19 2019 8:02:39.0290 PM,Sep 19 2019 8:02:39.0290 PM,0
GRAPE critical errors,,,,,,,,,,,,,Sep 19 2019 8:02:39.0370 PM,Sep 19 2019 8:02:39.4770 PM,.4397
GRAPE critical errors,GRAPE critical errors,"[Hid] /usr/local/bin/hidreport -pid 0x026E -vid 0x05ac -usage 0xff00,0xb get 0xe5",,PASS,,,,,,,,,Sep 19 2019 8:02:39.1300 PM,Sep 19 2019 8:02:39.1300 PM,0
GRAPE critical errors,GRAPE critical errors,CRIT_ERR_E5_PART1,,PASS,,16777216,,,,,,,Sep 19 2019 8:02:39.4660 PM,Sep 19 2019 8:02:39.4660 PM,0
GRAPE critical errors,GRAPE critical errors,CRIT_ERR_E5_PART2,,PASS,,0,,,,,,,Sep 19 2019 8:02:39.4670 PM,Sep 19 2019 8:02:39.4670 PM,0
GRAPE critical errors,GRAPE critical errors,CRIT_ERR_E5_PART3,,PASS,,0,,,,,,,Sep 19 2019 8:02:39.4670 PM,Sep 19 2019 8:02:39.4670 PM,0
GRAPE critical errors,GRAPE critical errors,CRIT_ERR_E5_PART4,,PASS,,0,,,,,,,Sep 19 2019 8:02:39.4680 PM,Sep 19 2019 8:02:39.4680 PM,0
GRAPE critical errors,GRAPE critical errors,CRIT_ERR_E5_PART5,,PASS,,0,,,,,,,Sep 19 2019 8:02:39.4690 PM,Sep 19 2019 8:02:39.4690 PM,0
GRAPE critical errors,GRAPE critical errors,CRIT_ERR_E5_PART6,,PASS,,0,,,,,,,Sep 19 2019 8:02:39.4700 PM,Sep 19 2019 8:02:39.4700 PM,0
GRAPE critical errors,GRAPE critical errors,CRIT_ERR_E5_PART7,,PASS,,16842752,,,,,,,Sep 19 2019 8:02:39.4700 PM,Sep 19 2019 8:02:39.4700 PM,0
GRAPE critical errors,GRAPE critical errors,CRIT_ERR_E5_PART8,,PASS,,16777216,,,,,,,Sep 19 2019 8:02:39.4710 PM,Sep 19 2019 8:02:39.4710 PM,0
GRAPE critical errors,GRAPE critical errors,CRIT_ERR_E5_PART9,,PASS,,0,,,,,,,Sep 19 2019 8:02:39.4720 PM,Sep 19 2019 8:02:39.4720 PM,0
GRAPE critical errors,GRAPE critical errors,CRIT_ERR_E5_PART10,,PASS,,0,,,,,,,Sep 19 2019 8:02:39.4720 PM,Sep 19 2019 8:02:39.4720 PM,0
GRAPE critical errors,GRAPE critical errors,CRIT_ERR_E5,,PASS,,,,,,,,,Sep 19 2019 8:02:39.4760 PM,Sep 19 2019 8:02:39.4760 PM,0
USBC critical errors,,,,,,,,,,,,,Sep 19 2019 8:02:39.4910 PM,Sep 19 2019 8:02:40.0200 PM,.5296
USBC critical errors,USBC critical errors,"[Hid] /usr/local/bin/hidreport -pid 0x026E -vid 0x05ac -usage 0xff00,0xb get 0xe3",,PASS,,,,,,,,,Sep 19 2019 8:02:39.5890 PM,Sep 19 2019 8:02:39.5890 PM,0
USBC critical errors,USBC critical errors,CRIT_ERR_E3_PART1,,PASS,,0,,,,,,,Sep 19 2019 8:02:40.0150 PM,Sep 19 2019 8:02:40.0150 PM,0
USBC critical errors,USBC critical errors,CRIT_ERR_E3_PART2,,PASS,,0,,,,,,,Sep 19 2019 8:02:40.0150 PM,Sep 19 2019 8:02:40.0150 PM,0
USBC critical errors,USBC critical errors,CRIT_ERR_E3_PART3,,PASS,,0,,,,,,,Sep 19 2019 8:02:40.0160 PM,Sep 19 2019 8:02:40.0160 PM,0
USBC critical errors,USBC critical errors,CRIT_ERR_E3_PART4,,PASS,,0,,,,,,,Sep 19 2019 8:02:40.0170 PM,Sep 19 2019 8:02:40.0170 PM,0
USBC critical errors,USBC critical errors,CRIT_ERR_E3,,PASS,,,,,,,,,Sep 19 2019 8:02:40.0200 PM,Sep 19 2019 8:02:40.0200 PM,0
Critical summary,,,,,,,,,,,,,Sep 19 2019 8:02:40.0500 PM,Sep 19 2019 8:02:40.6180 PM,.5685
Critical summary,Critical summary,"[Hid] /usr/local/bin/hidreport -pid 0x026E -vid 0x05ac -usage 0xff00,0xb get 0xe0",,PASS,,,,,,,,,Sep 19 2019 8:02:40.2160 PM,Sep 19 2019 8:02:40.2160 PM,0
Critical summary,Critical summary,CRIT_ERR_E0_PART1,,PASS,,0,,,,,,,Sep 19 2019 8:02:40.6160 PM,Sep 19 2019 8:02:40.6160 PM,0
Critical summary,Critical summary,CRIT_ERR_E0,,PASS,,,,,,,,,Sep 19 2019 8:02:40.6180 PM,Sep 19 2019 8:02:40.6180 PM,0
BL Critical errors,,,,,,,,,,,,,Sep 19 2019 8:02:40.6220 PM,Sep 19 2019 8:02:43.6370 PM,3.0146
BL Critical errors,BL Critical errors,"[Hid] /usr/local/bin/hidreport -pid 0x026E -vid 0x05ac -usage 0xff00,0xf get 0x7",,PASS,,,,,,,,,Sep 19 2019 8:02:40.7850 PM,Sep 19 2019 8:02:40.7850 PM,0
BL Critical errors,BL Critical errors,"[Hid] /usr/local/bin/hidreport -pid 0x026E -vid 0x05ac -usage 0xff00,0xf get 0x7-2",,PASS,,,,,,,,,Sep 19 2019 8:02:41.6440 PM,Sep 19 2019 8:02:41.6440 PM,0
BL Critical errors,BL Critical errors,BL_CRI_ERR_PART1,,PASS,,0,,,,,,,Sep 19 2019 8:02:42.0470 PM,Sep 19 2019 8:02:42.0470 PM,0
BL Critical errors,BL Critical errors,BL_CRI_ERR,,PASS,,,,,,,,,Sep 19 2019 8:02:42.0480 PM,Sep 19 2019 8:02:42.0480 PM,0
BL Critical errors,BL Critical errors,[Hid] /usr/local/bin/hidreport -v 0x05ac -p 0x026E -i 0 set 0x3D 0x3D 0x13 0x0 0x0 0x0,,PASS,,,,,,,,,Sep 19 2019 8:02:42.1210 PM,Sep 19 2019 8:02:42.1210 PM,0
BL Critical errors,BL Critical errors,[Hid] /usr/local/bin/hidreport -v 0x05ac -p 0x026E -i 0 set 0x3E 0x3E 0x13 0x0 0x0 0x0 0x2,,PASS,,,,,,,,,Sep 19 2019 8:02:43.2460 PM,Sep 19 2019 8:02:43.2460 PM,0
Brick ID,,,,,,,,,,,,,Sep 19 2019 8:02:43.6410 PM,Sep 19 2019 8:02:57.0820 PM,13.4407
Brick ID,Brick ID,AtlasApp-Hyperion,show-form,PASS,,,,,,,,,Sep 19 2019 8:02:43.6430 PM,Sep 19 2019 8:02:55.0910 PM,11.4476
Brick ID,Brick ID,[rpc] myiocontrol_TurnAllOff,,PASS,,,,,,,,,Sep 19 2019 8:02:55.0940 PM,Sep 19 2019 8:02:55.1860 PM,.0922
Brick ID,Brick ID,"[Hid] /usr/local/bin/hidreport -p 0x026E -v 0x5ac -usage 0xff00,0xB get 0xA3",,PASS,,,,,,,,,Sep 19 2019 8:02:56.7150 PM,Sep 19 2019 8:02:56.7150 PM,0
Brick ID,Brick ID,Brick ID fail,,FAIL,the value could't match,,,,,,,,Sep 19 2019 8:02:57.0810 PM,Sep 19 2019 8:02:57.0810 PM,0
