Test,Plugin,Command,Status,Info,Start Time,End Time,Duration (s)
Scan FATP SN,com.apple.hwte.atlas.AppPlugin,show-form,PASS,,Sep 19 2019 7:57:22.9030 PM,Sep 19 2019 7:57:25.3200 PM,2.4167
Start Data Reporting,DRCB,startDataReporting,PASS,,Sep 19 2019 7:57:25.3760 PM,Sep 19 2019 7:57:25.3930 PM,.0173
Start Control Bit,DRCB,startControlBits,PASS,,Sep 19 2019 7:57:25.4020 PM,Sep 19 2019 7:57:26.1820 PM,.7795
PPORION OVP OUT 16V CURR,rpcCall,RPCSendAndGet,PASS,,Sep 19 2019 7:57:26.1890 PM,Sep 19 2019 7:57:26.2830 PM,.0935
PPORION OVP OUT 16V CURR,rpcCall,RPCSendAndGet,PASS,,Sep 19 2019 7:57:26.4540 PM,Sep 19 2019 7:57:26.4650 PM,.0102
PPORION OVP OUT 16V CURR,rpcCall,RPCSendAndGet,PASS,,Sep 19 2019 7:57:26.6350 PM,Sep 19 2019 7:57:26.6400 PM,.0048
PPORION OVP OUT 16V CURR,rpcCall,RPCSendAndGet,PASS,,Sep 19 2019 7:57:26.8130 PM,Sep 19 2019 7:57:26.8180 PM,.0047
PPORION OVP OUT 16V CURR,rpcCall,RPCSendAndGet,PASS,,Sep 19 2019 7:57:26.9210 PM,Sep 19 2019 7:57:26.9280 PM,.0068
PPORION OVP OUT 16V CURR,rpcCall,RPCSendAndGet,PASS,,Sep 19 2019 7:57:27.0310 PM,Sep 19 2019 7:57:27.0380 PM,.0068
PPORION OVP OUT 16V CURR,rpcCall,RPCSendAndGet,PASS,,Sep 19 2019 7:57:27.1410 PM,Sep 19 2019 7:57:27.1470 PM,.0068
PPORION OVP OUT 16V CURR,rpcCall,RPCSendAndGet,PASS,,Sep 19 2019 7:57:27.3240 PM,Sep 19 2019 7:57:28.2890 PM,.9656
PPORION OVP OUT 16V CURR,rpcCall,RPCSendAndGet,PASS,,Sep 19 2019 7:57:29.3650 PM,Sep 19 2019 7:57:30.2570 PM,.8921
PPORION OVP OUT 5V2 CURR,rpcCall,RPCSendAndGet,PASS,,Sep 19 2019 7:57:30.2660 PM,Sep 19 2019 7:57:31.2330 PM,.9668
PPORION OVP OUT 5V2 CURR,rpcCall,RPCSendAndGet,PASS,,Sep 19 2019 7:57:32.3070 PM,Sep 19 2019 7:57:33.1610 PM,.8542
PPORION OVP OUT 5V2 CURR,rpcCall,RPCSendAndGet,PASS,,Sep 19 2019 7:57:35.2390 PM,Sep 19 2019 7:57:36.0870 PM,.849
PPORION OVP OUT -16V CURR,rpcCall,RPCSendAndGet,PASS,,Sep 19 2019 7:57:36.0950 PM,Sep 19 2019 7:57:37.0640 PM,.9685
PPORION OVP OUT -16V CURR,rpcCall,RPCSendAndGet,PASS,,Sep 19 2019 7:57:38.1400 PM,Sep 19 2019 7:57:38.8290 PM,.6892
SYS IDBUS 6V VBUS 5V2 CURR,rpcCall,RPCSendAndGet,PASS,,Sep 19 2019 7:57:38.8370 PM,Sep 19 2019 7:57:39.0610 PM,.2247
SYS IDBUS 6V VBUS 5V2 CURR,rpcCall,RPCSendAndGet,PASS,,Sep 19 2019 7:57:39.5650 PM,Sep 19 2019 7:57:40.4300 PM,.8645
SYS IDBUS 6V VBUS 5V2 CURR,rpcCall,RPCSendAndGet,PASS,,Sep 19 2019 7:57:41.5020 PM,Sep 19 2019 7:57:42.2360 PM,.7332
SYS IDBUS 6V VBUS 0V CURR,rpcCall,RPCSendAndGet,PASS,,Sep 19 2019 7:57:42.2430 PM,Sep 19 2019 7:57:43.1110 PM,.8679
SYS IDBUS 6V VBUS 0V CURR,rpcCall,RPCSendAndGet,PASS,,Sep 19 2019 7:57:44.1840 PM,Sep 19 2019 7:57:44.1930 PM,.0084
SYS IDBUS 6V VBUS 0V CURR,rpcCall,RPCSendAndGet,PASS,,Sep 19 2019 7:57:44.7640 PM,Sep 19 2019 7:57:45.4490 PM,.6847
SYS IDBUS -4V VBUS 0V CURR,rpcCall,RPCSendAndGet,PASS,,Sep 19 2019 7:57:45.4570 PM,Sep 19 2019 7:57:45.4640 PM,.0069
SYS IDBUS -4V VBUS 0V CURR,rpcCall,RPCSendAndGet,PASS,,Sep 19 2019 7:57:45.4660 PM,Sep 19 2019 7:57:45.4720 PM,.0067
SYS IDBUS -4V VBUS 0V CURR,rpcCall,RPCSendAndGet,PASS,,Sep 19 2019 7:57:45.4750 PM,Sep 19 2019 7:57:45.4810 PM,.0067
SYS IDBUS -4V VBUS 0V CURR,rpcCall,RPCSendAndGet,PASS,,Sep 19 2019 7:57:45.4840 PM,Sep 19 2019 7:57:45.4900 PM,.0068
SYS IDBUS -4V VBUS 0V CURR,rpcCall,RPCSendAndGet,PASS,,Sep 19 2019 7:57:45.4930 PM,Sep 19 2019 7:57:46.3600 PM,.8672
SYS IDBUS -4V VBUS 0V CURR,rpcCall,RPCSendAndGet,PASS,,Sep 19 2019 7:57:46.8640 PM,Sep 19 2019 7:57:47.1790 PM,.3152
SYS IDBUS -4V VBUS 0V CURR,rpcCall,RPCSendAndGet,PASS,,Sep 19 2019 7:57:47.1810 PM,Sep 19 2019 7:57:47.3740 PM,.1926
SYS IDBUS -4V VBUS 0V CURR,rpcCall,RPCSendAndGet,PASS,,Sep 19 2019 7:57:47.9480 PM,Sep 19 2019 7:57:48.2590 PM,.3119
SYS IDBUS -4V VBUS 0V CURR,rpcCall,RPCSendAndGet,PASS,,Sep 19 2019 7:57:48.2620 PM,Sep 19 2019 7:57:48.2710 PM,.0086
SYS IDBUS -4V VBUS 0V CURR,rpcCall,RPCSendAndGet,PASS,,Sep 19 2019 7:57:49.3480 PM,Sep 19 2019 7:57:50.0780 PM,.7307
SYS IDBUS -4V VBUS 0V CURR,rpcCall,RPCSendAndGet,PASS,,Sep 19 2019 7:57:50.0810 PM,Sep 19 2019 7:57:50.3130 PM,.2324
SYS IDBUS -4V VBUS 0V CURR,rpcCall,RPCSendAndGet,PASS,,Sep 19 2019 7:57:50.3160 PM,Sep 19 2019 7:57:50.3230 PM,.0069
SYS IDBUS -4V VBUS 0V CURR,rpcCall,RPCSendAndGet,PASS,,Sep 19 2019 7:57:50.3260 PM,Sep 19 2019 7:57:50.3320 PM,.0068
SYS IDBUS -4V VBUS 0V CURR,rpcCall,RPCSendAndGet,PASS,,Sep 19 2019 7:57:50.3350 PM,Sep 19 2019 7:57:50.3410 PM,.0067
SYS IDBUS -4V VBUS 0V CURR,rpcCall,RPCSendAndGet,PASS,,Sep 19 2019 7:57:50.3440 PM,Sep 19 2019 7:57:50.3500 PM,.0068
P203 Power On Dut,rpcCall,RPCSendAndGet,PASS,,Sep 19 2019 7:57:50.3630 PM,Sep 19 2019 7:57:51.5140 PM,1.1515
P203 Power On Dut,rpcCall,RPCSendAndGet,PASS,,Sep 19 2019 7:57:51.5160 PM,Sep 19 2019 7:57:51.5220 PM,.0059
P203 Power On Dut,rpcCall,RPCSendAndGet,PASS,,Sep 19 2019 7:57:51.5240 PM,Sep 19 2019 7:57:52.4900 PM,.9652
P203 Power On Dut,rpcCall,RPCSendAndGet,PASS,,Sep 19 2019 7:57:52.4920 PM,Sep 19 2019 7:57:52.4980 PM,.0053
P203 Power On Dut,rpcCall,RPCSendAndGet,PASS,,Sep 19 2019 7:57:57.5730 PM,Sep 19 2019 7:57:57.5800 PM,.0075
P203 Power On Dut,rpcCall,RPCSendAndGet,PASS,,Sep 19 2019 7:57:58.1530 PM,Sep 19 2019 7:57:59.1200 PM,.9665
P203 Power On Dut,rpcCall,RPCSendAndGet,PASS,,Sep 19 2019 7:58:02.7560 PM,Sep 19 2019 7:58:03.9050 PM,1.1488
P203 Power On Dut,rpcCall,RPCSendAndGet,PASS,,Sep 19 2019 7:58:03.9070 PM,Sep 19 2019 7:58:03.9130 PM,.0051
P203 Power On Dut,rpcCall,RPCSendAndGet,PASS,,Sep 19 2019 7:58:03.9150 PM,Sep 19 2019 7:58:04.8810 PM,.9659
P203 Power On Dut,rpcCall,RPCSendAndGet,PASS,,Sep 19 2019 7:58:04.8830 PM,Sep 19 2019 7:58:04.8880 PM,.0047
P203 Power On Dut,rpcCall,RPCSendAndGet,PASS,,Sep 19 2019 7:58:09.9610 PM,Sep 19 2019 7:58:09.9680 PM,.007
P203 Power On Dut,rpcCall,RPCSendAndGet,PASS,,Sep 19 2019 7:58:10.5410 PM,Sep 19 2019 7:58:11.5070 PM,.9663
Query SFC SN,SFCSupport,getAttribute,PASS,,Sep 19 2019 7:58:13.8430 PM,Sep 19 2019 7:58:13.9800 PM,.1367
Query SFC SN,SFCSupport,getAttribute,PASS,,Sep 19 2019 7:58:13.9840 PM,Sep 19 2019 7:58:13.9890 PM,.0051
Query SFC SN,SFCSupport,getAttribute,PASS,,Sep 19 2019 7:58:13.9920 PM,Sep 19 2019 7:58:13.9950 PM,.0036
Query SFC SN,SFCSupport,getAttribute,PASS,,Sep 19 2019 7:58:13.9980 PM,Sep 19 2019 7:58:14.0020 PM,.0036
Query SFC SN,SFCSupport,getAttribute,PASS,,Sep 19 2019 7:58:14.0040 PM,Sep 19 2019 7:58:14.0100 PM,.0061
Query SFC SN,SFCSupport,getAttribute,PASS,,Sep 19 2019 7:58:14.0130 PM,Sep 19 2019 7:58:14.0180 PM,.0047
Query SFC SN,SFCSupport,getAttribute,PASS,,Sep 19 2019 7:58:14.0210 PM,Sep 19 2019 7:58:14.0250 PM,.0045
Query SFC SN,SFCSupport,getAttribute,PASS,,Sep 19 2019 7:58:14.0280 PM,Sep 19 2019 7:58:14.0320 PM,.0036
Query SFC SN,SFCSupport,getAttribute,PASS,,Sep 19 2019 7:58:14.0340 PM,Sep 19 2019 7:58:14.0380 PM,.004
Query SFC SN,SFCSupport,getAttribute,PASS,,Sep 19 2019 7:58:14.0410 PM,Sep 19 2019 7:58:14.0460 PM,.0047
Query SFC SN,SFCSupport,getAttribute,PASS,,Sep 19 2019 7:58:14.0480 PM,Sep 19 2019 7:58:14.0520 PM,.0041
Query SFC SN,SFCSupport,getAttribute,PASS,,Sep 19 2019 7:58:14.0550 PM,Sep 19 2019 7:58:14.0600 PM,.0049
MIX FW,rpcCall,RPCSendAndGet,PASS,,Sep 19 2019 7:58:14.5900 PM,Sep 19 2019 7:58:14.5960 PM,.0055
Read Lang Blob,rpcCall,RPCSendAndGet,PASS,,Sep 19 2019 7:58:19.5560 PM,Sep 19 2019 7:58:20.7150 PM,1.1585
Read Lang Blob,rpcCall,RPCSendAndGet,PASS,,Sep 19 2019 7:58:20.7170 PM,Sep 19 2019 7:58:20.7220 PM,.005
Read Lang Blob,rpcCall,RPCSendAndGet,PASS,,Sep 19 2019 7:58:20.7250 PM,Sep 19 2019 7:58:21.6900 PM,.9654
Read Lang Blob,rpcCall,RPCSendAndGet,PASS,,Sep 19 2019 7:58:21.6920 PM,Sep 19 2019 7:58:21.6970 PM,.0046
Read Lang Blob,rpcCall,RPCSendAndGet,PASS,,Sep 19 2019 7:58:26.7720 PM,Sep 19 2019 7:58:26.7790 PM,.0069
Read Lang Blob,rpcCall,RPCSendAndGet,PASS,,Sep 19 2019 7:58:27.3520 PM,Sep 19 2019 7:58:28.3180 PM,.9657
Power Cycle,rpcCall,RPCSendAndGet,PASS,,Sep 19 2019 7:58:30.0360 PM,Sep 19 2019 7:58:31.1860 PM,1.15
Power Cycle,rpcCall,RPCSendAndGet,PASS,,Sep 19 2019 7:58:31.1880 PM,Sep 19 2019 7:58:31.1930 PM,.0051
Power Cycle,rpcCall,RPCSendAndGet,PASS,,Sep 19 2019 7:58:31.1960 PM,Sep 19 2019 7:58:32.1610 PM,.9652
Power Cycle,rpcCall,RPCSendAndGet,PASS,,Sep 19 2019 7:58:32.1630 PM,Sep 19 2019 7:58:32.1700 PM,.0065
Power Cycle,rpcCall,RPCSendAndGet,PASS,,Sep 19 2019 7:58:37.2390 PM,Sep 19 2019 7:58:37.2460 PM,.0072
Power Cycle,rpcCall,RPCSendAndGet,PASS,,Sep 19 2019 7:58:37.8200 PM,Sep 19 2019 7:58:38.7850 PM,.9657
(Orion Power)SYS CURRENT IDLE,rpcCall,RPCSendAndGet,PASS,,Sep 19 2019 7:58:44.7080 PM,Sep 19 2019 7:58:45.5580 PM,.8502
System Curr caps lock LED is on,rpcCall,RPCSendAndGet,PASS,,Sep 19 2019 7:58:47.1650 PM,Sep 19 2019 7:58:48.0230 PM,.8575
System Curr caps lock LED is off,rpcCall,RPCSendAndGet,PASS,,Sep 19 2019 7:58:49.6270 PM,Sep 19 2019 7:58:50.4780 PM,.8505
(Orion Power)SYS CURRENT BLC ONLY,rpcCall,RPCSendAndGet,PASS,,Sep 19 2019 7:58:52.0890 PM,Sep 19 2019 7:58:52.9450 PM,.856
(Orion Power)SYS CURRENT USBC Alt power ONLY,rpcCall,RPCSendAndGet,PASS,,Sep 19 2019 7:58:55.0210 PM,Sep 19 2019 7:58:55.8710 PM,.8503
(Orion Power)SYS CURRENT Energy storage ONLY,rpcCall,RPCSendAndGet,PASS,,Sep 19 2019 7:58:57.9930 PM,Sep 19 2019 7:58:58.8420 PM,.8495
(Orion Power)SYS CURRENT MFI ONLY,rpcCall,RPCSendAndGet,PASS,,Sep 19 2019 7:59:00.9650 PM,Sep 19 2019 7:59:01.8170 PM,.8523
(Orion Power)SYS CURRENT Energy storage,rpcCall,RPCSendAndGet,PASS,,Sep 19 2019 7:59:03.9470 PM,Sep 19 2019 7:59:04.7960 PM,.8497
(Orion Power)SYS CURRENT TOUCH ONLY,rpcCall,RPCSendAndGet,PASS,,Sep 19 2019 7:59:07.1490 PM,Sep 19 2019 7:59:08.0070 PM,.8578
(Orion Power)SYS CURRENT ALL RAILS,rpcCall,RPCSendAndGet,PASS,,Sep 19 2019 7:59:13.8670 PM,Sep 19 2019 7:59:14.7170 PM,.8496
(Orion Power)SysTem Curr Leds to 0% Brightness,rpcCall,RPCSendAndGet,PASS,,Sep 19 2019 7:59:21.6180 PM,Sep 19 2019 7:59:22.4680 PM,.8501
(Orion Power)SysTem Curr Leds to 1% Brightness,rpcCall,RPCSendAndGet,PASS,,Sep 19 2019 7:59:24.0700 PM,Sep 19 2019 7:59:24.9240 PM,.8542
(Orion Power)SysTem Curr Leds to 100% Brightness,rpcCall,RPCSendAndGet,PASS,,Sep 19 2019 7:59:26.5220 PM,Sep 19 2019 7:59:27.2120 PM,.6902
(Orion Power)SysTem Curr Leds to PD 50% Brightness,rpcCall,RPCSendAndGet,PASS,,Sep 19 2019 7:59:30.9860 PM,Sep 19 2019 7:59:31.8450 PM,.8586
USBC Power On Measure Voltage,rpcCall,RPCSendAndGet,PASS,,Sep 19 2019 7:59:31.8670 PM,Sep 19 2019 7:59:33.0220 PM,1.1554
USBC Power On Measure Voltage,rpcCall,RPCSendAndGet,PASS,,Sep 19 2019 7:59:33.0240 PM,Sep 19 2019 7:59:33.0310 PM,.0063
USBC Power On Measure Voltage,rpcCall,RPCSendAndGet,PASS,,Sep 19 2019 7:59:33.1330 PM,Sep 19 2019 7:59:33.2490 PM,.1153
USBC Power On Measure Voltage,rpcCall,RPCSendAndGet,PASS,,Sep 19 2019 7:59:33.2510 PM,Sep 19 2019 7:59:33.2580 PM,.0068
USBC Power On Measure Voltage,rpcCall,RPCSendAndGet,PASS,,Sep 19 2019 7:59:33.2600 PM,Sep 19 2019 7:59:33.2670 PM,.0067
USBC Power On Measure Voltage,rpcCall,RPCSendAndGet,PASS,,Sep 19 2019 7:59:33.4360 PM,Sep 19 2019 7:59:33.4410 PM,.0047
USBC Power On Measure Voltage,rpcCall,RPCSendAndGet,PASS,,Sep 19 2019 7:59:36.8590 PM,Sep 19 2019 7:59:37.0790 PM,.2206
USBC Power On Measure Voltage,rpcCall,RPCSendAndGet,PASS,,Sep 19 2019 7:59:39.0820 PM,Sep 19 2019 7:59:39.0890 PM,.0071
USBC Power On Measure Voltage,rpcCall,RPCSendAndGet,PASS,,Sep 19 2019 7:59:40.1610 PM,Sep 19 2019 7:59:40.1710 PM,.0102
USBC Power On Measure Voltage,rpcCall,RPCSendAndGet,PASS,,Sep 19 2019 7:59:42.2430 PM,Sep 19 2019 7:59:42.2500 PM,.0069
USBC Power On Measure Voltage,rpcCall,RPCSendAndGet,PASS,,Sep 19 2019 7:59:42.8220 PM,Sep 19 2019 7:59:43.0940 PM,.2711
(USB-C Power) SYS CURRENT IDLE,rpcCall,RPCSendAndGet,PASS,,Sep 19 2019 7:59:47.4360 PM,Sep 19 2019 7:59:48.4200 PM,.9847
(USB-C Power) SYS CURRENT Capslock ONLY,rpcCall,RPCSendAndGet,PASS,,Sep 19 2019 7:59:50.3590 PM,Sep 19 2019 7:59:51.2110 PM,.8511
(USB-C Power) SYS CURRENT BLC ONLY,rpcCall,RPCSendAndGet,PASS,,Sep 19 2019 7:59:53.3600 PM,Sep 19 2019 7:59:54.2170 PM,.8573
(USB-C Power) SYS CURRENT MFI ONLY,rpcCall,RPCSendAndGet,PASS,,Sep 19 2019 7:59:56.3320 PM,Sep 19 2019 7:59:57.1820 PM,.8497
(USB-C Power) SYS CURRENT TOUCH ONLY,rpcCall,RPCSendAndGet,PASS,,Sep 19 2019 7:59:59.5780 PM,Sep 19 2019 8:00:00.4340 PM,.8567
(USB-C Power) SYS CURRENT ALL RAILS,rpcCall,RPCSendAndGet,PASS,,Sep 19 2019 8:00:07.5330 PM,Sep 19 2019 8:00:08.3840 PM,.8507
(USB-C Power)SysTem Curr Leds to 0% Brightness,rpcCall,RPCSendAndGet,PASS,,Sep 19 2019 8:00:14.7050 PM,Sep 19 2019 8:00:15.5730 PM,.868
(USB-C Power)SysTem Curr Leds to 1% Brightness,rpcCall,RPCSendAndGet,PASS,,Sep 19 2019 8:00:17.1910 PM,Sep 19 2019 8:00:18.0460 PM,.8551
(USB-C Power)SysTem Curr Leds to 100% Brightness,rpcCall,RPCSendAndGet,PASS,,Sep 19 2019 8:00:20.3030 PM,Sep 19 2019 8:00:20.9910 PM,.6874
(USB-C Power)SysTem Curr Leds to PD 50% Brightness,rpcCall,RPCSendAndGet,PASS,,Sep 19 2019 8:00:29.9270 PM,Sep 19 2019 8:00:30.9150 PM,.9889
(USB-C Power)SysTem Curr Leds to PD 50% Brightness,rpcCall,RPCSendAndGet,PASS,,Sep 19 2019 8:00:30.9190 PM,Sep 19 2019 8:00:30.9270 PM,.0083
5V 1.5A Curr CC Rp = 22kohm,rpcCall,RPCSendAndGet,PASS,,Sep 19 2019 8:00:30.9480 PM,Sep 19 2019 8:00:31.0470 PM,.099
5V 1.5A Curr CC Rp = 22kohm,rpcCall,RPCSendAndGet,PASS,,Sep 19 2019 8:00:31.0500 PM,Sep 19 2019 8:00:31.2040 PM,.1545
5V 1.5A Curr CC Rp = 22kohm,rpcCall,RPCSendAndGet,PASS,,Sep 19 2019 8:00:31.7780 PM,Sep 19 2019 8:00:31.7830 PM,.005
5V 1.5A Curr CC Rp = 22kohm,rpcCall,RPCSendAndGet,PASS,,Sep 19 2019 8:00:31.7850 PM,Sep 19 2019 8:00:31.9560 PM,.171
5V 1.5A Curr CC Rp = 22kohm,rpcCall,RPCSendAndGet,PASS,,Sep 19 2019 8:00:32.5290 PM,Sep 19 2019 8:00:32.5360 PM,.0071
5V 1.5A Curr CC Rp = 22kohm,rpcCall,RPCSendAndGet,PASS,,Sep 19 2019 8:00:32.7110 PM,Sep 19 2019 8:00:32.7570 PM,.0468
5V 1.5A Curr CC Rp = 22kohm,rpcCall,RPCSendAndGet,PASS,,Sep 19 2019 8:00:32.9310 PM,Sep 19 2019 8:00:32.9380 PM,.0072
5V 1.5A Curr CC Rp = 22kohm,rpcCall,RPCSendAndGet,PASS,,Sep 19 2019 8:00:33.1100 PM,Sep 19 2019 8:00:33.1570 PM,.0474
5V 1.5A Curr CC Rp = 22kohm,rpcCall,RPCSendAndGet,PASS,,Sep 19 2019 8:00:33.7300 PM,Sep 19 2019 8:00:33.7770 PM,.0471
5V 1.5A Curr CC Rp = 22kohm,rpcCall,RPCSendAndGet,PASS,,Sep 19 2019 8:00:34.3510 PM,Sep 19 2019 8:00:34.3560 PM,.0052
5V 1.5A Curr CC Rp = 22kohm,rpcCall,RPCSendAndGet,PASS,,Sep 19 2019 8:00:37.4330 PM,Sep 19 2019 8:00:37.4450 PM,.0115
5V 1.5A Curr CC Rp = 22kohm,rpcCall,RPCSendAndGet,PASS,,Sep 19 2019 8:00:39.5150 PM,Sep 19 2019 8:00:39.5230 PM,.0079
5V 1.5A Curr CC Rp = 22kohm,rpcCall,RPCSendAndGet,PASS,,Sep 19 2019 8:00:40.0970 PM,Sep 19 2019 8:00:40.1460 PM,.0489
5V 1.5A Curr CC Rp = 22kohm,rpcCall,RPCSendAndGet,PASS,,Sep 19 2019 8:00:40.7170 PM,Sep 19 2019 8:00:40.9050 PM,.1879
5V 1.5A Curr CC Rp = 22kohm,rpcCall,RPCSendAndGet,PASS,,Sep 19 2019 8:00:41.4770 PM,Sep 19 2019 8:00:41.7120 PM,.2348
5V 1.5A Curr CC Rp = 22kohm,rpcCall,RPCSendAndGet,PASS,,Sep 19 2019 8:00:42.7870 PM,Sep 19 2019 8:00:43.7260 PM,.9391
5V 1.5A Orion Power Voltage,rpcCall,RPCSendAndGet,PASS,,Sep 19 2019 8:00:45.1790 PM,Sep 19 2019 8:00:46.4990 PM,1.3193
5V 1.5A DUT Input Voltage,rpcCall,RPCSendAndGet,PASS,,Sep 19 2019 8:00:46.5070 PM,Sep 19 2019 8:00:46.7300 PM,.2235
5V 1.5A DUT Input Voltage,rpcCall,RPCSendAndGet,PASS,,Sep 19 2019 8:00:46.7330 PM,Sep 19 2019 8:00:46.9270 PM,.1936
5V 1.5A DUT Input Voltage,rpcCall,RPCSendAndGet,PASS,,Sep 19 2019 8:00:47.5010 PM,Sep 19 2019 8:00:47.5080 PM,.0075
Download CCG3 FW,rpcCall,RPCSendAndGet,PASS,,Sep 19 2019 8:00:48.6530 PM,Sep 19 2019 8:00:49.8130 PM,1.1593
Download CCG3 FW,rpcCall,RPCSendAndGet,PASS,,Sep 19 2019 8:00:49.8160 PM,Sep 19 2019 8:00:49.8220 PM,.0063
Download CCG3 FW,rpcCall,RPCSendAndGet,PASS,,Sep 19 2019 8:00:49.9980 PM,Sep 19 2019 8:00:50.1140 PM,.1154
Download CCG3 FW,rpcCall,RPCSendAndGet,PASS,,Sep 19 2019 8:00:50.1160 PM,Sep 19 2019 8:00:50.1240 PM,.0077
Download CCG3 FW,rpcCall,RPCSendAndGet,PASS,,Sep 19 2019 8:00:50.1270 PM,Sep 19 2019 8:00:50.1350 PM,.0073
Download CCG3 FW,rpcCall,RPCSendAndGet,PASS,,Sep 19 2019 8:00:50.3130 PM,Sep 19 2019 8:00:50.3180 PM,.0057
After Download Read CCG3 FW,rpcCall,RPCSendAndGet,PASS,,Sep 19 2019 8:01:22.6470 PM,Sep 19 2019 8:01:23.8700 PM,1.2229
After Download Read CCG3 FW,rpcCall,RPCSendAndGet,PASS,,Sep 19 2019 8:01:23.8730 PM,Sep 19 2019 8:01:23.8780 PM,.0052
After Download Read CCG3 FW,rpcCall,RPCSendAndGet,PASS,,Sep 19 2019 8:01:23.9810 PM,Sep 19 2019 8:01:24.0950 PM,.1147
After Download Read CCG3 FW,rpcCall,RPCSendAndGet,PASS,,Sep 19 2019 8:01:24.0980 PM,Sep 19 2019 8:01:24.1050 PM,.0068
After Download Read CCG3 FW,rpcCall,RPCSendAndGet,PASS,,Sep 19 2019 8:01:24.1070 PM,Sep 19 2019 8:01:24.1140 PM,.0069
After Download Read CCG3 FW,rpcCall,RPCSendAndGet,PASS,,Sep 19 2019 8:01:24.2870 PM,Sep 19 2019 8:01:24.2920 PM,.0048
After Download Read CCG3 FW,rpcCall,RPCSendAndGet,PASS,,Sep 19 2019 8:01:27.5720 PM,Sep 19 2019 8:01:27.7200 PM,.1479
After Download Read CCG3 FW,rpcCall,RPCSendAndGet,PASS,,Sep 19 2019 8:01:29.7910 PM,Sep 19 2019 8:01:29.8860 PM,.0947
5V 2.5A Curr CC Rp = 10kohm,rpcCall,RPCSendAndGet,PASS,,Sep 19 2019 8:01:31.1410 PM,Sep 19 2019 8:01:31.2330 PM,.0923
5V 2.5A Curr CC Rp = 10kohm,rpcCall,RPCSendAndGet,PASS,,Sep 19 2019 8:01:31.2360 PM,Sep 19 2019 8:01:31.3900 PM,.1542
5V 2.5A Curr CC Rp = 10kohm,rpcCall,RPCSendAndGet,PASS,,Sep 19 2019 8:01:31.9640 PM,Sep 19 2019 8:01:31.9690 PM,.005
5V 2.5A Curr CC Rp = 10kohm,rpcCall,RPCSendAndGet,PASS,,Sep 19 2019 8:01:31.9720 PM,Sep 19 2019 8:01:32.0870 PM,.1151
5V 2.5A Curr CC Rp = 10kohm,rpcCall,RPCSendAndGet,PASS,,Sep 19 2019 8:01:32.6630 PM,Sep 19 2019 8:01:32.6700 PM,.0069
5V 2.5A Curr CC Rp = 10kohm,rpcCall,RPCSendAndGet,PASS,,Sep 19 2019 8:01:32.7730 PM,Sep 19 2019 8:01:32.7830 PM,.0102
5V 2.5A Curr CC Rp = 10kohm,rpcCall,RPCSendAndGet,PASS,,Sep 19 2019 8:01:32.9530 PM,Sep 19 2019 8:01:32.9600 PM,.0069
5V 2.5A Curr CC Rp = 10kohm,rpcCall,RPCSendAndGet,PASS,,Sep 19 2019 8:01:33.1340 PM,Sep 19 2019 8:01:33.1400 PM,.0069
5V 2.5A Curr CC Rp = 10kohm,rpcCall,RPCSendAndGet,PASS,,Sep 19 2019 8:01:33.3140 PM,Sep 19 2019 8:01:33.3200 PM,.0068
5V 2.5A Curr CC Rp = 10kohm,rpcCall,RPCSendAndGet,PASS,,Sep 19 2019 8:01:33.4940 PM,Sep 19 2019 8:01:33.5010 PM,.0072
5V 2.5A Curr CC Rp = 10kohm,rpcCall,RPCSendAndGet,PASS,,Sep 19 2019 8:01:34.0770 PM,Sep 19 2019 8:01:34.0840 PM,.0069
5V 2.5A Curr CC Rp = 10kohm,rpcCall,RPCSendAndGet,PASS,,Sep 19 2019 8:01:34.6550 PM,Sep 19 2019 8:01:34.6590 PM,.0046
5V 2.5A Curr CC Rp = 10kohm,rpcCall,RPCSendAndGet,PASS,,Sep 19 2019 8:01:37.7370 PM,Sep 19 2019 8:01:37.7470 PM,.0103
5V 2.5A Curr CC Rp = 10kohm,rpcCall,RPCSendAndGet,PASS,,Sep 19 2019 8:01:39.8180 PM,Sep 19 2019 8:01:39.8250 PM,.0069
5V 2.5A Curr CC Rp = 10kohm,rpcCall,RPCSendAndGet,PASS,,Sep 19 2019 8:01:40.4000 PM,Sep 19 2019 8:01:40.4070 PM,.0075
5V 2.5A Curr CC Rp = 10kohm,rpcCall,RPCSendAndGet,PASS,,Sep 19 2019 8:01:40.9840 PM,Sep 19 2019 8:01:41.1380 PM,.1542
5V 2.5A Curr CC Rp = 10kohm,rpcCall,RPCSendAndGet,PASS,,Sep 19 2019 8:01:41.7090 PM,Sep 19 2019 8:01:41.8640 PM,.1548
5V 2.5A Curr CC Rp = 10kohm,rpcCall,RPCSendAndGet,PASS,,Sep 19 2019 8:01:42.9400 PM,Sep 19 2019 8:01:43.6770 PM,.7366
5V 2.5A Orion Power Voltage,rpcCall,RPCSendAndGet,PASS,,Sep 19 2019 8:01:44.3350 PM,Sep 19 2019 8:01:45.6140 PM,1.2786
5V 2.5A DUT Input Voltage,rpcCall,RPCSendAndGet,PASS,,Sep 19 2019 8:01:45.6210 PM,Sep 19 2019 8:01:45.8440 PM,.2228
5V 2.5A DUT Input Voltage,rpcCall,RPCSendAndGet,PASS,,Sep 19 2019 8:01:45.8470 PM,Sep 19 2019 8:01:46.0010 PM,.1541
5V 2.5A DUT Input Voltage,rpcCall,RPCSendAndGet,PASS,,Sep 19 2019 8:01:46.5730 PM,Sep 19 2019 8:01:46.5810 PM,.008
9V 2.5A Curr USBC PD,rpcCall,RPCSendAndGet,PASS,,Sep 19 2019 8:01:46.5890 PM,Sep 19 2019 8:01:47.7450 PM,1.1558
9V 2.5A Curr USBC PD,rpcCall,RPCSendAndGet,PASS,,Sep 19 2019 8:01:47.7480 PM,Sep 19 2019 8:01:47.7620 PM,.0148
9V 2.5A Curr USBC PD,rpcCall,RPCSendAndGet,PASS,,Sep 19 2019 8:01:47.9340 PM,Sep 19 2019 8:01:48.0490 PM,.115
9V 2.5A Curr USBC PD,rpcCall,RPCSendAndGet,PASS,,Sep 19 2019 8:01:48.0510 PM,Sep 19 2019 8:01:48.0630 PM,.0116
9V 2.5A Curr USBC PD,rpcCall,RPCSendAndGet,PASS,,Sep 19 2019 8:01:48.0650 PM,Sep 19 2019 8:01:48.0770 PM,.0115
9V 2.5A Curr USBC PD,rpcCall,RPCSendAndGet,PASS,,Sep 19 2019 8:01:48.1800 PM,Sep 19 2019 8:01:48.1850 PM,.0046
9V 2.5A Curr USBC PD,rpcCall,RPCSendAndGet,PASS,,Sep 19 2019 8:01:51.5270 PM,Sep 19 2019 8:01:51.6680 PM,.1408
9V 2.5A Curr USBC PD,rpcCall,RPCSendAndGet,PASS,,Sep 19 2019 8:01:53.7390 PM,Sep 19 2019 8:01:53.7450 PM,.007
9V 2.5A Curr USBC PD,rpcCall,RPCSendAndGet,PASS,,Sep 19 2019 8:01:56.3810 PM,Sep 19 2019 8:01:56.3880 PM,.0071
9V 2.5A Curr USBC PD,rpcCall,RPCSendAndGet,PASS,,Sep 19 2019 8:01:56.9640 PM,Sep 19 2019 8:01:56.9780 PM,.0143
9V 2.5A Curr USBC PD,rpcCall,RPCSendAndGet,PASS,,Sep 19 2019 8:01:59.0580 PM,Sep 19 2019 8:01:59.2130 PM,.1547
9V 2.5A Curr USBC PD,rpcCall,RPCSendAndGet,PASS,,Sep 19 2019 8:02:00.2910 PM,Sep 19 2019 8:02:00.2980 PM,.0079
9V 2.5A Curr USBC PD,rpcCall,RPCSendAndGet,PASS,,Sep 19 2019 8:02:01.3760 PM,Sep 19 2019 8:02:01.5300 PM,.1542
9V 2.5A Curr USBC PD,rpcCall,RPCSendAndGet,PASS,,Sep 19 2019 8:02:03.6780 PM,Sep 19 2019 8:02:04.4060 PM,.7287
9V 2.5A Orion Power Voltage,rpcCall,RPCSendAndGet,PASS,,Sep 19 2019 8:02:05.1580 PM,Sep 19 2019 8:02:06.4400 PM,1.2821
9V 2.5A DUT Input Voltage,rpcCall,RPCSendAndGet,PASS,,Sep 19 2019 8:02:06.4480 PM,Sep 19 2019 8:02:06.6730 PM,.2254
9V 2.5A DUT Input Voltage,rpcCall,RPCSendAndGet,PASS,,Sep 19 2019 8:02:06.6770 PM,Sep 19 2019 8:02:06.8310 PM,.1543
9V 2.5A DUT Input Voltage,rpcCall,RPCSendAndGet,PASS,,Sep 19 2019 8:02:07.4030 PM,Sep 19 2019 8:02:07.4100 PM,.007
Tristar To CCG3 VID,rpcCall,RPCSendAndGet,PASS,,Sep 19 2019 8:02:07.4180 PM,Sep 19 2019 8:02:08.5680 PM,1.1495
Tristar To CCG3 VID,rpcCall,RPCSendAndGet,PASS,,Sep 19 2019 8:02:08.5710 PM,Sep 19 2019 8:02:08.5790 PM,.008
Tristar To CCG3 VID,rpcCall,RPCSendAndGet,PASS,,Sep 19 2019 8:02:08.7520 PM,Sep 19 2019 8:02:08.8710 PM,.1183
Tristar To CCG3 VID,rpcCall,RPCSendAndGet,PASS,,Sep 19 2019 8:02:08.8740 PM,Sep 19 2019 8:02:08.8810 PM,.0075
Tristar To CCG3 VID,rpcCall,RPCSendAndGet,PASS,,Sep 19 2019 8:02:08.8840 PM,Sep 19 2019 8:02:08.8920 PM,.0084
Tristar To CCG3 VID,rpcCall,RPCSendAndGet,PASS,,Sep 19 2019 8:02:09.0670 PM,Sep 19 2019 8:02:09.0720 PM,.005
Tristar To CCG3 VID,rpcCall,RPCSendAndGet,PASS,,Sep 19 2019 8:02:12.3470 PM,Sep 19 2019 8:02:12.4870 PM,.1404
Tristar To CCG3 VID,rpcCall,RPCSendAndGet,PASS,,Sep 19 2019 8:02:14.5580 PM,Sep 19 2019 8:02:14.5660 PM,.0072
Tristar To CCG3 VID,rpcCall,RPCSendAndGet,PASS,,Sep 19 2019 8:02:17.2920 PM,Sep 19 2019 8:02:17.3080 PM,.0163
Tristar To CCG3 PID,rpcCall,RPCSendAndGet,PASS,,Sep 19 2019 8:02:19.4280 PM,Sep 19 2019 8:02:19.4330 PM,.0047
PHASE1 ORIONPWR DUT MODE,rpcCall,RPCSendAndGet,PASS,,Sep 19 2019 8:02:19.4390 PM,Sep 19 2019 8:02:19.5540 PM,.115
PHASE1 ORIONPWR DUT MODE,rpcCall,RPCSendAndGet,PASS,,Sep 19 2019 8:02:19.5570 PM,Sep 19 2019 8:02:20.7060 PM,1.1496
PHASE1 ORIONPWR DUT MODE,rpcCall,RPCSendAndGet,PASS,,Sep 19 2019 8:02:20.8810 PM,Sep 19 2019 8:02:20.8890 PM,.0072
PHASE1 ORIONPWR DUT MODE,rpcCall,RPCSendAndGet,PASS,,Sep 19 2019 8:02:20.8910 PM,Sep 19 2019 8:02:20.8980 PM,.0068
PHASE1 ORIONPWR DUT MODE,rpcCall,RPCSendAndGet,PASS,,Sep 19 2019 8:02:21.0710 PM,Sep 19 2019 8:02:21.0760 PM,.0047
PHASE2 USBCPWR DUT MODE,rpcCall,RPCSendAndGet,PASS,,Sep 19 2019 8:02:24.6400 PM,Sep 19 2019 8:02:24.7820 PM,.1418
PHASE3 ORIONPWR DUT MODE,rpcCall,RPCSendAndGet,PASS,,Sep 19 2019 8:02:28.4550 PM,Sep 19 2019 8:02:28.5710 PM,.1168
System critical errors,rpcCall,RPCSendAndGet,PASS,,Sep 19 2019 8:02:31.9800 PM,Sep 19 2019 8:02:33.1290 PM,1.1495
System critical errors,rpcCall,RPCSendAndGet,PASS,,Sep 19 2019 8:02:33.1320 PM,Sep 19 2019 8:02:33.2470 PM,.1152
System critical errors,rpcCall,RPCSendAndGet,PASS,,Sep 19 2019 8:02:33.2500 PM,Sep 19 2019 8:02:33.2560 PM,.0067
System critical errors,rpcCall,RPCSendAndGet,PASS,,Sep 19 2019 8:02:33.2590 PM,Sep 19 2019 8:02:33.2660 PM,.0068
System critical errors,rpcCall,RPCSendAndGet,PASS,,Sep 19 2019 8:02:33.4400 PM,Sep 19 2019 8:02:33.4450 PM,.0047
Brick ID,com.apple.hwte.atlas.AppPlugin,show-form,PASS,,Sep 19 2019 8:02:43.6430 PM,Sep 19 2019 8:02:55.0910 PM,11.4476
Brick ID,rpcCall,RPCSendAndGet,PASS,,Sep 19 2019 8:02:55.0940 PM,Sep 19 2019 8:02:55.1860 PM,.0922
