FATP-FWDL,V1.1.1.0_forCYG
Site, Product, SerialNumber, Special Build Name, Special Build Description, Unit Number, Station ID, Test Pass/Fail Status, StartTime, EndTime, Version, List of Failing Tests,Scan_SN,Start_Data_Reporting,Start_Data_Reporting,Start_Data_Reporting,Start_Data_Reporting,BUILD_EVENT,S_BUILD,WO_SN,SUB_SN,UNIT_LBL,EP_DISABLE_TP,Read_STFW_Version_Before_DL,Read_MTFW_Version_Before_DL,Read_Main_FW_Version_After_DL,Read_MTFW_After_DL,Read_CCG3_FW_After_DL,
Upper Limited-------->,,,,,,,,,,,,,,,,,,,,,,0,,,0,0,0,
Lower Limited-------->,,,,,,,,,,,,,,,,,,,,,,0,,,0,0,0,
Measurement Units---->,,,,,,,,,,,,,,,,,,,,,,,NA,NA,,,,
FXLH,R118,FTPZ905VP3HR,R118-P2,R118-P2_P21AEN-LHWTE,,FXLH_F05-4FT-02_2_SW-DOWNLOAD,FAIL,09-02-16:01:47,170.12,V1.1.1.0_forCYG,P203_FW_DEV; EP_DISABLE_TP; Read_MLB_SN; Check_MLB_SN; Read_Main_FW_Version_After_DL; Read_MTFW_After_DL; Read_CCG3_FW_After_DL,FTPZ905VP3HR,Atlas 1.9.2,FTPZ905VP3HR,V1.1.1.0_forCYG,1,R118-P2,R118-P2_P21AEN-LHWTE,WMT-J80004,DKB93520046N6780R,R118-P2_P21AEN-LHWTE_C00204,1,336,0,1,1,1,
