document_version, 1.0
station_name,QT0
station_id,FXLH_F05-4FT-01_2_QT0
station_sw,Atlas
station_sw_version,Atlas

tag,start_time,duration
ScanSN, 1562659680.84, 1.95
Select Wendor, 1562659682.79, 0.01
Start Data Reporting, 1562659682.80, 0.02
PPORION_OVP_OUT_16V_CURR, 1562659682.82, 5.92
PPORION_OVP_OUT_5V2_CURR, 1562659688.74, 7.29
PPORION_RVP_OUT_-16V_CURR, 1562659696.03, 3.12
SYS_IDBUS_6V_VBUS_5V2_CURR, 1562659699.15, 5.50
SYS_IDBUS_6V_VBUS_0V_CURR, 1562659704.66, 4.46
Power On Dut, 1562659709.12, 2.38
Get SFC Info, 1562659711.50, 0.07
KBM_SN, 1562659711.57, 0.00
WO_SN, 1562659711.57, 0.00
UNIT_LBL, 1562659711.57, 0.00
BUILD_EVENT, 1562659711.58, 0.00
BUILD_MATRIX_CONFIG, 1562659711.58, 0.00
UNIT#, 1562659711.58, 0.00
S_BUILD, 1562659711.58, 0.00
BACKLIGHT_SN, 1562659711.58, 0.00
TRACKPAD_SN, 1562659711.59, 0.00
TOUCH_FLEX_SN, 1562659711.59, 0.00
STFW, 1562659711.59, 1.00
TOUCH_FW, 1562659712.59, 0.44
Production_signed_check, 1562659713.03, 0.44
READ_HW_VERSION, 1562659713.47, 0.44
KBD_HW_Layout, 1562659713.92, 0.45
Read_MFI_Address, 1562659714.37, 0.44
System_Critical_Errors, 1562659714.81, 0.44
Critical_Summary, 1562659715.25, 0.44
FW_Update_Critical_Errors, 1562659715.69, 0.44
Grape_Critical_Errors, 1562659716.14, 0.44
Key_Scan_Errors, 1562659716.58, 0.43
USBC_Critical_Errors, 1562659717.01, 0.44
Query_MLB_SN, 1562659717.45, 0.00
Read_MLB_SN, 1562659717.45, 3.58
Check_MLB_SN, 1562659721.03, 0.00
System_Curr_Caps Lock LED is ON, 1562659721.04, 3.56
System_Curr_Caps Lock LED is OFF, 1562659724.60, 4.57
SYS_CURRENT_ALL_RAILS, 1562659729.17, 10.26
SYS_CURRENT_IDLLE, 1562659739.43, 8.16
SysTem_Curr_Led_Brightness_Percent_0, 1562659747.59, 18.01
SysTem_Curr_Led_Brightness_Percent_1, 1562659765.60, 3.56
SysTem_Curr_Led_Brightness_Percent_100, 1562659769.16, 3.99
SysTem_Curr_LEDs to PD 50% brightness, 1562659773.15, 4.51
Finish DRCB, 1562659777.66, 0.35
full_test_durations, 1562659680.82, 97.19
