Related Test,Type,Name,Value
ScanSN,Device,serialnumber,FTPYV07CN5T7
Start Data Reporting,Device,softwarename,Atlas 1.9.2
Start Data Reporting,Device,serialnumber,FTPYV07CN5T7
Start Data Reporting,Device,softwareversion,V2.0.9.1_forCYG
Start Data Reporting,Device,limitsversion,1
KBM_SN,Device,KBM_SN,C4P9206006XJCPQ37
WO_SN,Device,WO_SN,WCS-J6000D
UNIT_LBL,Device,UNIT_LBL,R128-P1_P12-M4_P00276
BUILD_EVENT,Device,Build_EVENT,R128-P1
S_BUILD,Device,S_BUILD,R128-P1_P12-M4
BACKLIGHT_SN,Device,BACKLIGHT_SN,GV29245009FN5TG1A
TRACKPAD_SN,Device,TRACKPAD_SN,FM79225001EKG9X4M+A7J
TOUCH_FLEX_SN,Device,TOUCH_FLEX_SN,TOU92530025JFK01A
STFW,Device,STFW,0x0080
TOUCH_FW,Device,TOUCH_FW,0x0497
Production_signed_check,Device,Production_signed_check,0x00
READ_HW_VERSION,Device,READ_HW_VERSION,0x0001
KBD_HW_Layout,Device,KBD_HW_Layout,0x21
Read_MFI_Address,Device,Read_MFI_Address,0x10
System_Critical_Errors,Device,System_Critical_Errors,00 00 22 00 00 00 00 00 00 
Critical_Summary,Device,Critical_Summary,00 00 00 01 
FW_Update_Critical_Errors,Device,FW_Update_Critical_Errors,00 00 00 00 00 00 00 00 00 00 00 00 
Grape_Critical_Errors,Device,Grape_Critical_Errors,01 00 00 00 00 00 00 00 00 00 00 00 00 00 00 00 00 00 00 00 00 00 00 00 00 00 00 00 01 00 00 00 00 00 00 00 
Key_Scan_Errors,Device,Key_Scan_Errors,01 01 00 00 00 00 00 00 00 00 00 00 00 00 00 
USBC_Critical_Errors,Device,USBC_Critical_Errors,01 00 00 00 00 00 00 00 00 00 00 00 00 00 00 
Query_MLB_SN,Device,MLB_SN,DLX9246008DN4731M
Read_MLB_SN,Device,Read_MLB_SN,DLX9246008DN4731M
