Related Test,Name-1,Name-2,Name-3,Status,Info,Measurement,Units,Upper Limit,Lower Limit,Relaxed Upper Limit,Relaxed Lower Limit,Limit Units,Start Time,End Time,Duration (s)
ScanSN,,,,,,,,,,,,,Jul 9 2019 4:08:00.8450 PM,Jul 9 2019 4:08:02.7920 PM,1.9468
ScanSN,ScanSN,AtlasApp-Hyperion,show-form,PASS,,,,,,,,,Jul 9 2019 4:08:00.8460 PM,Jul 9 2019 4:08:02.7910 PM,1.9442
Select Wendor,,,,,,,,,,,,,Jul 9 2019 4:08:02.7940 PM,Jul 9 2019 4:08:02.8020 PM,.0072
Select Wendor,Select Wendor,[rpc] test_test,,PASS,,,,,,,,,Jul 9 2019 4:08:02.7960 PM,Jul 9 2019 4:08:02.8000 PM,.0041
Start Data Reporting,,,,,,,,,,,,,Jul 9 2019 4:08:02.8040 PM,Jul 9 2019 4:08:02.8180 PM,.0133
Start Data Reporting,Start Data Reporting,DRCB,StartDataReporting,PASS,,,,,,,,,Jul 9 2019 4:08:02.8080 PM,Jul 9 2019 4:08:02.8170 PM,.0087
PPORION_OVP_OUT_16V_CURR,,,,,,,,,,,,,Jul 9 2019 4:08:02.8210 PM,Jul 9 2019 4:08:08.7380 PM,5.9165
PPORION_OVP_OUT_16V_CURR,PPORION_OVP_OUT_16V_CURR,[rpc] myiocontrol_TurnAllOff,,PASS,,,,,,,,,Jul 9 2019 4:08:02.8230 PM,Jul 9 2019 4:08:02.9130 PM,.0898
PPORION_OVP_OUT_16V_CURR,PPORION_OVP_OUT_16V_CURR,"[rpc] dutgpio_set_pin(7,0)",,PASS,,,,,,,,,Jul 9 2019 4:08:02.9140 PM,Jul 9 2019 4:08:02.9180 PM,.0034
PPORION_OVP_OUT_16V_CURR,PPORION_OVP_OUT_16V_CURR,"[rpc] dutgpio_set_pin(7,1)",,PASS,,,,,,,,,Jul 9 2019 4:08:03.4890 PM,Jul 9 2019 4:08:03.4930 PM,.0036
PPORION_OVP_OUT_16V_CURR,PPORION_OVP_OUT_16V_CURR,"[rpc] item_PowerOnDUT(16,0.200000)",,PASS,,,,,,,,,Jul 9 2019 4:08:04.5640 PM,Jul 9 2019 4:08:06.6800 PM,2.1164
PPORION_OVP_OUT_16V_CURR,PPORION_OVP_OUT_16V_CURR,[rpc] item_SysCurrent(100mA),,PASS,,,,,,,,,Jul 9 2019 4:08:06.6820 PM,Jul 9 2019 4:08:08.7370 PM,2.055
PPORION_OVP_OUT_16V_CURR,PPORION_OVP_OUT_16V_CURR,PPORION_OVP_OUT_16V_CURR,,PASS,,10.4693058816,mA,13,9,,,mA,Jul 9 2019 4:08:08.7370 PM,Jul 9 2019 4:08:08.7370 PM,0
PPORION_OVP_OUT_5V2_CURR,,,,,,,,,,,,,Jul 9 2019 4:08:08.7400 PM,Jul 9 2019 4:08:16.0260 PM,7.286
PPORION_OVP_OUT_5V2_CURR,PPORION_OVP_OUT_5V2_CURR,[rpc] item_ChangeCygPSVol(5.200000),,PASS,,,,,,,,,Jul 9 2019 4:08:08.7410 PM,Jul 9 2019 4:08:08.8950 PM,.154
PPORION_OVP_OUT_5V2_CURR,PPORION_OVP_OUT_5V2_CURR,[rpc] item_SysCurrent(100mA),,PASS,,,,,,,,,Jul 9 2019 4:08:13.9660 PM,Jul 9 2019 4:08:16.0250 PM,2.0583
PPORION_OVP_OUT_5V2_CURR,PPORION_OVP_OUT_5V2_CURR,PPORION_OVP_OUT_5V2_CURR,,PASS,,7.6379438701,mA,30,7,,,mA,Jul 9 2019 4:08:16.0260 PM,Jul 9 2019 4:08:16.0260 PM,0
PPORION_RVP_OUT_-16V_CURR,,,,,,,,,,,,,Jul 9 2019 4:08:16.0280 PM,Jul 9 2019 4:08:19.1510 PM,3.1227
PPORION_RVP_OUT_-16V_CURR,PPORION_RVP_OUT_-16V_CURR,[rpc] item_ChangeCygPSVol(-16),,PASS,,,,,,,,,Jul 9 2019 4:08:16.0290 PM,Jul 9 2019 4:08:16.1830 PM,.1538
PPORION_RVP_OUT_-16V_CURR,PPORION_RVP_OUT_-16V_CURR,[rpc] item_SysCurrent(100mA),,PASS,,,,,,,,,Jul 9 2019 4:08:17.2550 PM,Jul 9 2019 4:08:19.1500 PM,1.8949
PPORION_RVP_OUT_-16V_CURR,PPORION_RVP_OUT_-16V_CURR,PPORION_OVP_OUT_-16V_CURR,,PASS,,-0.003293666,mA,0.2,-0.2,,,mA,Jul 9 2019 4:08:19.1500 PM,Jul 9 2019 4:08:19.1500 PM,0
SYS_IDBUS_6V_VBUS_5V2_CURR,,,,,,,,,,,,,Jul 9 2019 4:08:19.1520 PM,Jul 9 2019 4:08:24.6550 PM,5.5031
SYS_IDBUS_6V_VBUS_5V2_CURR,SYS_IDBUS_6V_VBUS_5V2_CURR,"[rpc] item_PowerOnIDBusAndVus(6,5.200000)",,PASS,,,,,,,,,Jul 9 2019 4:08:19.1530 PM,Jul 9 2019 4:08:21.5220 PM,2.3686
SYS_IDBUS_6V_VBUS_5V2_CURR,SYS_IDBUS_6V_VBUS_5V2_CURR,[rpc] item_SysCurrent(100mA),,PASS,,,,,,,,,Jul 9 2019 4:08:22.5950 PM,Jul 9 2019 4:08:24.6540 PM,2.0594
SYS_IDBUS_6V_VBUS_5V2_CURR,SYS_IDBUS_6V_VBUS_5V2_CURR,SYS_IDBUS_6V_VBUS_5V2_CURR,,PASS,,0.2591579942,mA,2,0.19,,,mA,Jul 9 2019 4:08:24.6550 PM,Jul 9 2019 4:08:24.6550 PM,0
SYS_IDBUS_6V_VBUS_0V_CURR,,,,,,,,,,,,,Jul 9 2019 4:08:24.6570 PM,Jul 9 2019 4:08:29.1200 PM,4.4631
SYS_IDBUS_6V_VBUS_0V_CURR,SYS_IDBUS_6V_VBUS_0V_CURR,"[rpc] item_PowerOnIDBusAndVus(6,0)",,PASS,,,,,,,,,Jul 9 2019 4:08:24.6580 PM,Jul 9 2019 4:08:27.0340 PM,2.3756
SYS_IDBUS_6V_VBUS_0V_CURR,SYS_IDBUS_6V_VBUS_0V_CURR,[rpc] psu_setPSU_Disable,,PASS,,,,,,,,,Jul 9 2019 4:08:27.0350 PM,Jul 9 2019 4:08:27.0470 PM,.0115
SYS_IDBUS_6V_VBUS_0V_CURR,SYS_IDBUS_6V_VBUS_0V_CURR,[rpc] item_SysCurrent(100mA),,PASS,,,,,,,,,Jul 9 2019 4:08:27.0480 PM,Jul 9 2019 4:08:29.1050 PM,2.0564
SYS_IDBUS_6V_VBUS_0V_CURR,SYS_IDBUS_6V_VBUS_0V_CURR,[rpc] item_PowerOffVbus,,PASS,,,,,,,,,Jul 9 2019 4:08:29.1060 PM,Jul 9 2019 4:08:29.1190 PM,.013
SYS_IDBUS_6V_VBUS_0V_CURR,SYS_IDBUS_6V_VBUS_0V_CURR,SYS_IDBUS_6V_VBUS_0V_CURR,,PASS,,0.2013524852,mA,0.23,0.18,,,mA,Jul 9 2019 4:08:29.1200 PM,Jul 9 2019 4:08:29.1200 PM,0
Power On Dut,,,,,,,,,,,,,Jul 9 2019 4:08:29.1220 PM,Jul 9 2019 4:08:31.5010 PM,2.3789
Power On Dut,Power On Dut,[rpc] myiocontrol_TurnAllOff,,PASS,,,,,,,,,Jul 9 2019 4:08:29.1230 PM,Jul 9 2019 4:08:29.2130 PM,.0898
Power On Dut,Power On Dut,[rpc] item_PowerOnDUT(4.800000),,PASS,,,,,,,,,Jul 9 2019 4:08:29.2150 PM,Jul 9 2019 4:08:31.3310 PM,2.1157
Power On Dut,Power On Dut,[rpc] cyg_ps_SetlimitCurr(0.500000),,PASS,,,,,,,,,Jul 9 2019 4:08:31.3330 PM,Jul 9 2019 4:08:31.4870 PM,.1549
Power On Dut,Power On Dut,"[rpc] dutgpio_set_pin(7,1)",,PASS,,,,,,,,,Jul 9 2019 4:08:31.4890 PM,Jul 9 2019 4:08:31.4920 PM,.0034
Power On Dut,Power On Dut,"[rpc] myiocontrol_set_Bit(24,1)",,PASS,,,,,,,,,Jul 9 2019 4:08:31.4940 PM,Jul 9 2019 4:08:31.5000 PM,.0067
Get SFC Info,,,,,,,,,,,,,Jul 9 2019 4:08:31.5030 PM,Jul 9 2019 4:08:31.5670 PM,.0642
Get SFC Info,Get SFC Info,SFCSupport,getAttributes,PASS,,,,,,,,,Jul 9 2019 4:08:31.5050 PM,Jul 9 2019 4:08:31.5310 PM,.0258
Get SFC Info,Get SFC Info,GET SFC info - wo_no,WCS-J6000D,PASS,,,,,,,,,Jul 9 2019 4:08:31.5320 PM,Jul 9 2019 4:08:31.5320 PM,0
Get SFC Info,Get SFC Info,SFCSupport,getAttributes-2,PASS,,,,,,,,,Jul 9 2019 4:08:31.5330 PM,Jul 9 2019 4:08:31.5370 PM,.0047
Get SFC Info,Get SFC Info,GET SFC info - unit_lbl,R128-P1_P12-M4_P00276,PASS,,,,,,,,,Jul 9 2019 4:08:31.5380 PM,Jul 9 2019 4:08:31.5380 PM,0
Get SFC Info,Get SFC Info,SFCSupport,getAttributes-3,PASS,,,,,,,,,Jul 9 2019 4:08:31.5390 PM,Jul 9 2019 4:08:31.5440 PM,.0043
Get SFC Info,Get SFC Info,GET SFC info - mlb_sn,DLX9246008DN4731M,PASS,,,,,,,,,Jul 9 2019 4:08:31.5440 PM,Jul 9 2019 4:08:31.5440 PM,0
Get SFC Info,Get SFC Info,SFCSupport,getAttributes-4,PASS,,,,,,,,,Jul 9 2019 4:08:31.5450 PM,Jul 9 2019 4:08:31.5490 PM,.0037
Get SFC Info,Get SFC Info,GET SFC info - kbm_sn,C4P9206006XJCPQ37,PASS,,,,,,,,,Jul 9 2019 4:08:31.5500 PM,Jul 9 2019 4:08:31.5500 PM,0
Get SFC Info,Get SFC Info,SFCSupport,getAttributes-5,PASS,,,,,,,,,Jul 9 2019 4:08:31.5510 PM,Jul 9 2019 4:08:31.5550 PM,.0041
Get SFC Info,Get SFC Info,GET SFC info - trackpad_sn,FM79225001EKG9X4M+A7J,PASS,,,,,,,,,Jul 9 2019 4:08:31.5560 PM,Jul 9 2019 4:08:31.5560 PM,0
Get SFC Info,Get SFC Info,SFCSupport,getAttributes-6,PASS,,,,,,,,,Jul 9 2019 4:08:31.5570 PM,Jul 9 2019 4:08:31.5610 PM,.0038
Get SFC Info,Get SFC Info,GET SFC info - backlight_sn,GV29245009FN5TG1A,PASS,,,,,,,,,Jul 9 2019 4:08:31.5610 PM,Jul 9 2019 4:08:31.5610 PM,0
Get SFC Info,Get SFC Info,SFCSupport,getAttributes-7,PASS,,,,,,,,,Jul 9 2019 4:08:31.5620 PM,Jul 9 2019 4:08:31.5660 PM,.0039
Get SFC Info,Get SFC Info,GET SFC info - touch_flex_sn,TOU92530025JFK01A,PASS,,,,,,,,,Jul 9 2019 4:08:31.5670 PM,Jul 9 2019 4:08:31.5670 PM,0
KBM_SN,,,,,,,,,,,,,Jul 9 2019 4:08:31.5700 PM,Jul 9 2019 4:08:31.5700 PM,.0006
KBM_SN,KBM_SN,KBM_SN,,PASS,,,,,,,,,Jul 9 2019 4:08:31.5700 PM,Jul 9 2019 4:08:31.5700 PM,0
WO_SN,,,,,,,,,,,,,Jul 9 2019 4:08:31.5720 PM,Jul 9 2019 4:08:31.5720 PM,.0005
WO_SN,WO_SN,WO_SN,WCS-J6000D,PASS,,,,,,,,,Jul 9 2019 4:08:31.5720 PM,Jul 9 2019 4:08:31.5720 PM,0
UNIT_LBL,,,,,,,,,,,,,Jul 9 2019 4:08:31.5740 PM,Jul 9 2019 4:08:31.5740 PM,.0005
UNIT_LBL,UNIT_LBL,UNIT_LBL,R128-P1_P12-M4_P00276,PASS,,,,,,,,,Jul 9 2019 4:08:31.5740 PM,Jul 9 2019 4:08:31.5740 PM,0
BUILD_EVENT,,,,,,,,,,,,,Jul 9 2019 4:08:31.5760 PM,Jul 9 2019 4:08:31.5770 PM,.0006
BUILD_EVENT,BUILD_EVENT,BUILD_EVENT: ,R128-P1,PASS,,,,,,,,,Jul 9 2019 4:08:31.5770 PM,Jul 9 2019 4:08:31.5770 PM,0
BUILD_MATRIX_CONFIG,,,,,,,,,,,,,Jul 9 2019 4:08:31.5780 PM,Jul 9 2019 4:08:31.5790 PM,.0005
BUILD_MATRIX_CONFIG,BUILD_MATRIX_CONFIG,BUILD_MATRIC_CONFIG: ,P12-M4,PASS,,,,,,,,,Jul 9 2019 4:08:31.5790 PM,Jul 9 2019 4:08:31.5790 PM,0
UNIT#,,,,,,,,,,,,,Jul 9 2019 4:08:31.5800 PM,Jul 9 2019 4:08:31.5810 PM,.0005
UNIT#,UNIT#,UNIT#: ,P00276,PASS,,,,,,,,,Jul 9 2019 4:08:31.5810 PM,Jul 9 2019 4:08:31.5810 PM,0
S_BUILD,,,,,,,,,,,,,Jul 9 2019 4:08:31.5820 PM,Jul 9 2019 4:08:31.5830 PM,.0005
S_BUILD,S_BUILD,S_BUILD: ,R128-P1_P12-M4,PASS,,,,,,,,,Jul 9 2019 4:08:31.5830 PM,Jul 9 2019 4:08:31.5830 PM,0
BACKLIGHT_SN,,,,,,,,,,,,,Jul 9 2019 4:08:31.5850 PM,Jul 9 2019 4:08:31.5850 PM,.0005
BACKLIGHT_SN,BACKLIGHT_SN,BACKLIGHT_SN,GV29245009FN5TG1A,PASS,,,,,,,,,Jul 9 2019 4:08:31.5850 PM,Jul 9 2019 4:08:31.5850 PM,0
TRACKPAD_SN,,,,,,,,,,,,,Jul 9 2019 4:08:31.5870 PM,Jul 9 2019 4:08:31.5870 PM,.0005
TRACKPAD_SN,TRACKPAD_SN,TRACKPAD_SN,FM79225001EKG9X4M+A7J,PASS,,,,,,,,,Jul 9 2019 4:08:31.5870 PM,Jul 9 2019 4:08:31.5870 PM,0
TOUCH_FLEX_SN,,,,,,,,,,,,,Jul 9 2019 4:08:31.5890 PM,Jul 9 2019 4:08:31.5890 PM,.0005
TOUCH_FLEX_SN,TOUCH_FLEX_SN,TOUCH_FLEX_SN,TOU92530025JFK01A,PASS,,,,,,,,,Jul 9 2019 4:08:31.5890 PM,Jul 9 2019 4:08:31.5890 PM,0
STFW,,,,,,,,,,,,,Jul 9 2019 4:08:31.5910 PM,Jul 9 2019 4:08:32.5880 PM,.997
STFW,STFW,[Hid] /usr/local/bin/hidreport -v 0x05ac -p 0x026F -i 0 get 0xB4,,PASS,,,,,,,,,Jul 9 2019 4:08:31.6360 PM,Jul 9 2019 4:08:31.6360 PM,0
STFW,STFW,[Hid] /usr/local/bin/hidreport -v 0x05ac -p 0x026F -i 0 get 0xB4-2,,PASS,,,,,,,,,Jul 9 2019 4:08:32.2050 PM,Jul 9 2019 4:08:32.2050 PM,0
STFW,STFW,STFW,0x0080,PASS,,,,,,,,,Jul 9 2019 4:08:32.5870 PM,Jul 9 2019 4:08:32.5870 PM,0
TOUCH_FW,,,,,,,,,,,,,Jul 9 2019 4:08:32.5900 PM,Jul 9 2019 4:08:33.0300 PM,.4402
TOUCH_FW,TOUCH_FW,[Hid] /usr/local/bin/hidreport -v 0x05ac -p 0x026F -i 0 get 0xBB,,PASS,,,,,,,,,Jul 9 2019 4:08:32.6420 PM,Jul 9 2019 4:08:32.6420 PM,0
TOUCH_FW,TOUCH_FW,Touch_FW,0x0497,PASS,,,,,,,,,Jul 9 2019 4:08:33.0290 PM,Jul 9 2019 4:08:33.0290 PM,0
Production_signed_check,,,,,,,,,,,,,Jul 9 2019 4:08:33.0320 PM,Jul 9 2019 4:08:33.4720 PM,.44
Production_signed_check,Production_signed_check,[Hid] /usr/local/bin/hidreport -v 0x05ac -p 0x026F -i 0 get 0x13,,PASS,,,,,,,,,Jul 9 2019 4:08:33.0820 PM,Jul 9 2019 4:08:33.0820 PM,0
Production_signed_check,Production_signed_check,Production_signed_check,0x00,PASS,,,,,,,,,Jul 9 2019 4:08:33.4710 PM,Jul 9 2019 4:08:33.4710 PM,0
READ_HW_VERSION,,,,,,,,,,,,,Jul 9 2019 4:08:33.4740 PM,Jul 9 2019 4:08:33.9140 PM,.4401
READ_HW_VERSION,READ_HW_VERSION,[Hid] /usr/local/bin/hidreport -v 0x05ac -p 0x026F -i 0 get 0xbc,,PASS,,,,,,,,,Jul 9 2019 4:08:33.5230 PM,Jul 9 2019 4:08:33.5230 PM,0
READ_HW_VERSION,READ_HW_VERSION,READ_HW_VERSION,0x0001,PASS,,,,,,,,,Jul 9 2019 4:08:33.9140 PM,Jul 9 2019 4:08:33.9140 PM,0
KBD_HW_Layout,,,,,,,,,,,,,Jul 9 2019 4:08:33.9160 PM,Jul 9 2019 4:08:34.3660 PM,.4499
KBD_HW_Layout,KBD_HW_Layout,[Hid] /usr/local/bin/hidreport -v 0x05ac -p 0x026F -i 1 get 0x04,,PASS,,,,,,,,,Jul 9 2019 4:08:33.9700 PM,Jul 9 2019 4:08:33.9700 PM,0
KBD_HW_Layout,KBD_HW_Layout,KBD_HW_Layout,0x21,PASS,,,,,,,,,Jul 9 2019 4:08:34.3650 PM,Jul 9 2019 4:08:34.3650 PM,0
Read_MFI_Address,,,,,,,,,,,,,Jul 9 2019 4:08:34.3680 PM,Jul 9 2019 4:08:34.8080 PM,.4398
Read_MFI_Address,Read_MFI_Address,[Hid] /usr/local/bin/hidreport -v 0x05ac -p 0x026F -i 0 get 0x5E,,PASS,,,,,,,,,Jul 9 2019 4:08:34.4180 PM,Jul 9 2019 4:08:34.4180 PM,0
Read_MFI_Address,Read_MFI_Address,Read_MFI_Address,0x10,PASS,,,,,,,,,Jul 9 2019 4:08:34.8070 PM,Jul 9 2019 4:08:34.8070 PM,0
System_Critical_Errors,,,,,,,,,,,,,Jul 9 2019 4:08:34.8100 PM,Jul 9 2019 4:08:35.2500 PM,.4402
System_Critical_Errors,System_Critical_Errors,[Hid] /usr/local/bin/hidreport -pid 0x026F -i 0 get 0xE1,,PASS,,,,,,,,,Jul 9 2019 4:08:34.8620 PM,Jul 9 2019 4:08:34.8620 PM,0
System_Critical_Errors,System_Critical_Errors,System_Critical_Errors,00 00 22 00 00 00 00 00 00 ,PASS,,,,,,,,,Jul 9 2019 4:08:35.2500 PM,Jul 9 2019 4:08:35.2500 PM,0
Critical_Summary,,,,,,,,,,,,,Jul 9 2019 4:08:35.2520 PM,Jul 9 2019 4:08:35.6920 PM,.44
Critical_Summary,Critical_Summary,[Hid] /usr/local/bin/hidreport -pid 0x026F -i 0 get 0xE0,,PASS,,,,,,,,,Jul 9 2019 4:08:35.3060 PM,Jul 9 2019 4:08:35.3060 PM,0
Critical_Summary,Critical_Summary,Critical_Summary,00 00 00 01 ,PASS,,,,,,,,,Jul 9 2019 4:08:35.6920 PM,Jul 9 2019 4:08:35.6920 PM,0
FW_Update_Critical_Errors,,,,,,,,,,,,,Jul 9 2019 4:08:35.6940 PM,Jul 9 2019 4:08:36.1370 PM,.4431
FW_Update_Critical_Errors,FW_Update_Critical_Errors,[Hid] /usr/local/bin/hidreport -pid 0x026F -i 0 get 0xE2,,PASS,,,,,,,,,Jul 9 2019 4:08:35.7500 PM,Jul 9 2019 4:08:35.7500 PM,0
FW_Update_Critical_Errors,FW_Update_Critical_Errors,FW_Update_Critical_Errors,00 00 00 00 00 00 00 00 00 00 00 00 ,PASS,,,,,,,,,Jul 9 2019 4:08:36.1370 PM,Jul 9 2019 4:08:36.1370 PM,0
Grape_Critical_Errors,,,,,,,,,,,,,Jul 9 2019 4:08:36.1390 PM,Jul 9 2019 4:08:36.5770 PM,.4378
Grape_Critical_Errors,Grape_Critical_Errors,[Hid] /usr/local/bin/hidreport -pid 0x026F -i 0 get 0xE5,,PASS,,,,,,,,,Jul 9 2019 4:08:36.1890 PM,Jul 9 2019 4:08:36.1890 PM,0
Grape_Critical_Errors,Grape_Critical_Errors,Grape_Critical_Errors,01 00 00 00 00 00 00 00 00 00 00 00 00 00 00 00 00 00 00 00 00 00 00 00 00 00 00 00 01 00 00 00 00 00 00 00 ,PASS,,,,,,,,,Jul 9 2019 4:08:36.5760 PM,Jul 9 2019 4:08:36.5760 PM,0
Key_Scan_Errors,,,,,,,,,,,,,Jul 9 2019 4:08:36.5790 PM,Jul 9 2019 4:08:37.0080 PM,.4294
Key_Scan_Errors,Key_Scan_Errors,[Hid] /usr/local/bin/hidreport -pid 0x026F -i 0 get 0xE7,,PASS,,,,,,,,,Jul 9 2019 4:08:36.6270 PM,Jul 9 2019 4:08:36.6270 PM,0
Key_Scan_Errors,Key_Scan_Errors,Key_Scan_Errors,01 01 00 00 00 00 00 00 00 00 00 00 00 00 00 ,PASS,,,,,,,,,Jul 9 2019 4:08:37.0080 PM,Jul 9 2019 4:08:37.0080 PM,0
USBC_Critical_Errors,,,,,,,,,,,,,Jul 9 2019 4:08:37.0100 PM,Jul 9 2019 4:08:37.4500 PM,.44
USBC_Critical_Errors,USBC_Critical_Errors,[Hid] /usr/local/bin/hidreport -pid 0x026F -i 0 get 0xE3,,PASS,,,,,,,,,Jul 9 2019 4:08:37.0600 PM,Jul 9 2019 4:08:37.0600 PM,0
USBC_Critical_Errors,USBC_Critical_Errors,USBC_Critical_Errors,01 00 00 00 00 00 00 00 00 00 00 00 00 00 00 ,PASS,,,,,,,,,Jul 9 2019 4:08:37.4500 PM,Jul 9 2019 4:08:37.4500 PM,0
Query_MLB_SN,,,,,,,,,,,,,Jul 9 2019 4:08:37.4520 PM,Jul 9 2019 4:08:37.4520 PM,.0005
Query_MLB_SN,Query_MLB_SN,Query_MLB_SN,,PASS,,,,,,,,,Jul 9 2019 4:08:37.4520 PM,Jul 9 2019 4:08:37.4520 PM,0
Read_MLB_SN,,,,,,,,,,,,,Jul 9 2019 4:08:37.4540 PM,Jul 9 2019 4:08:41.0320 PM,3.5782
Read_MLB_SN,Read_MLB_SN,"[rpc] dutgpio_set_pin(7,0)",,PASS,,,,,,,,,Jul 9 2019 4:08:37.4550 PM,Jul 9 2019 4:08:37.4590 PM,.0033
Read_MLB_SN,Read_MLB_SN,"[rpc] dutgpio_set_pin(7,1)",,PASS,,,,,,,,,Jul 9 2019 4:08:38.5260 PM,Jul 9 2019 4:08:38.5290 PM,.0035
Read_MLB_SN,Read_MLB_SN,[Hid] /usr/local/bin/hidreport -v 0x05ac -p 0x026F -i 0 get 0x12,,PASS,,,,,,,,,Jul 9 2019 4:08:40.6450 PM,Jul 9 2019 4:08:40.6450 PM,0
Read_MLB_SN,Read_MLB_SN,Read_MLB_SN,DLX9246008DN4731M,PASS,,,,,,,,,Jul 9 2019 4:08:41.0320 PM,Jul 9 2019 4:08:41.0320 PM,0
Check_MLB_SN,,,,,,,,,,,,,Jul 9 2019 4:08:41.0340 PM,Jul 9 2019 4:08:41.0350 PM,.0007
Check_MLB_SN,Check_MLB_SN,Check_MLB_SN,read: DLX9246008DN4731M-sfc: DLX9246008DN4731M,PASS,,,,,,,,,Jul 9 2019 4:08:41.0350 PM,Jul 9 2019 4:08:41.0350 PM,0
System_Curr_Caps Lock LED is ON,,,,,,,,,,,,,Jul 9 2019 4:08:41.0370 PM,Jul 9 2019 4:08:44.5990 PM,3.5628
System_Curr_Caps Lock LED is ON,System_Curr_Caps Lock LED is ON,"[Hid] /usr/local/bin/hidreport -p 0x026F -v 0x5ac -usage 0xff00,0xb set 0xCE 0xCE 3 3 0",,PASS,,,,,,,,,Jul 9 2019 4:08:41.0890 PM,Jul 9 2019 4:08:41.0890 PM,0
System_Curr_Caps Lock LED is ON,System_Curr_Caps Lock LED is ON,[rpc] item_SysCurrent(100mA),,PASS,,,,,,,,,Jul 9 2019 4:08:42.5370 PM,Jul 9 2019 4:08:44.5980 PM,2.0608
System_Curr_Caps Lock LED is ON,System_Curr_Caps Lock LED is ON,System_Curr_Caps Lock LED is ON,,PASS,,27.6660141162,mA,49.9,22.9,,,mA,Jul 9 2019 4:08:44.5990 PM,Jul 9 2019 4:08:44.5990 PM,0
System_Curr_Caps Lock LED is OFF,,,,,,,,,,,,,Jul 9 2019 4:08:44.6010 PM,Jul 9 2019 4:08:49.1730 PM,4.572
System_Curr_Caps Lock LED is OFF,System_Curr_Caps Lock LED is OFF,"[Hid] /usr/local/bin/hidreport -p 0x026F -v 0x5ac -usage 0xff00,0xb set 0xCE 0xCE 3 3 1",,PASS,,,,,,,,,Jul 9 2019 4:08:44.6470 PM,Jul 9 2019 4:08:44.6470 PM,0
System_Curr_Caps Lock LED is OFF,System_Curr_Caps Lock LED is OFF,[rpc] item_SysCurrent(100mA),,PASS,,,,,,,,,Jul 9 2019 4:08:47.1130 PM,Jul 9 2019 4:08:49.1720 PM,2.059
System_Curr_Caps Lock LED is OFF,System_Curr_Caps Lock LED is OFF,System_Curr_Caps Lock LED is OFF,,PASS,,8.789381928599999,mA,30,7,,,mA,Jul 9 2019 4:08:49.1730 PM,Jul 9 2019 4:08:49.1730 PM,0
SYS_CURRENT_ALL_RAILS,,,,,,,,,,,,,Jul 9 2019 4:08:49.1750 PM,Jul 9 2019 4:08:59.4300 PM,10.2543
SYS_CURRENT_ALL_RAILS,SYS_CURRENT_ALL_RAILS,[rpc] cyg_ps_SetPsOff,,PASS,,,,,,,,,Jul 9 2019 4:08:49.1760 PM,Jul 9 2019 4:08:49.3300 PM,.1536
SYS_CURRENT_ALL_RAILS,SYS_CURRENT_ALL_RAILS,[rpc] myiocontrol_TurnAllOff,,PASS,,,,,,,,,Jul 9 2019 4:08:49.3320 PM,Jul 9 2019 4:08:49.4220 PM,.0898
SYS_CURRENT_ALL_RAILS,SYS_CURRENT_ALL_RAILS,"[rpc] dutgpio_set_pin(7,0)",,PASS,,,,,,,,,Jul 9 2019 4:08:49.4230 PM,Jul 9 2019 4:08:49.4260 PM,.0033
SYS_CURRENT_ALL_RAILS,SYS_CURRENT_ALL_RAILS,"[rpc] dutgpio_set_pin(7,1)",,PASS,,,,,,,,,Jul 9 2019 4:08:49.4280 PM,Jul 9 2019 4:08:49.4310 PM,.0033
SYS_CURRENT_ALL_RAILS,SYS_CURRENT_ALL_RAILS,[rpc] item_PowerOnDUT(4.800000),,PASS,,,,,,,,,Jul 9 2019 4:08:49.4330 PM,Jul 9 2019 4:08:51.5470 PM,2.1143
SYS_CURRENT_ALL_RAILS,SYS_CURRENT_ALL_RAILS,[rpc] cyg_ps_SetlimitCurr(0.500000),,PASS,,,,,,,,,Jul 9 2019 4:08:51.5490 PM,Jul 9 2019 4:08:51.7030 PM,.1549
SYS_CURRENT_ALL_RAILS,SYS_CURRENT_ALL_RAILS,"[rpc] myiocontrol_set_Bit(22,0)",,PASS,,,,,,,,,Jul 9 2019 4:08:51.7050 PM,Jul 9 2019 4:08:51.7120 PM,.0067
SYS_CURRENT_ALL_RAILS,SYS_CURRENT_ALL_RAILS,[rpc] item_ConnectAIDToP203,,PASS,,,,,,,,,Jul 9 2019 4:08:51.7130 PM,Jul 9 2019 4:08:51.7200 PM,.0065
SYS_CURRENT_ALL_RAILS,SYS_CURRENT_ALL_RAILS,"[Hid] /usr/local/bin/hidreport -p 0x026F -v 0x5ac -usage 0xff00,0xf set 0x1 0x1",,PASS,,,,,,,,,Jul 9 2019 4:08:54.8450 PM,Jul 9 2019 4:08:54.8450 PM,0
SYS_CURRENT_ALL_RAILS,SYS_CURRENT_ALL_RAILS,"[Hid] /usr/local/bin/hidreport -p 0x026F -v 0x5ac -usage 0xff00,0xb set 0xCE 0xCE 3 3 0",,PASS,,,,,,,,,Jul 9 2019 4:08:55.2750 PM,Jul 9 2019 4:08:55.2750 PM,0
SYS_CURRENT_ALL_RAILS,SYS_CURRENT_ALL_RAILS,"[Hid] /usr/local/bin/hidreport -p 0x026F -v 0x5ac -usage 0xFF00,0xb set 0xCE 0xCE 1 5 0",,PASS,,,,,,,,,Jul 9 2019 4:08:55.7010 PM,Jul 9 2019 4:08:55.7010 PM,0
SYS_CURRENT_ALL_RAILS,SYS_CURRENT_ALL_RAILS,"[Hid] /usr/local/bin/hidreport -p 0x026F -v 0x5ac -usage 0xff00,0xb set 0xce 0xce 1 6 0",,PASS,,,,,,,,,Jul 9 2019 4:08:56.1340 PM,Jul 9 2019 4:08:56.1340 PM,0
SYS_CURRENT_ALL_RAILS,SYS_CURRENT_ALL_RAILS,"[Hid] /usr/local/bin/hidreport -p 0x026F -v 0x5ac -usage 0xFF00,0xb set 0xce 0xce 3 7 0",,PASS,,,,,,,,,Jul 9 2019 4:08:56.5650 PM,Jul 9 2019 4:08:56.5650 PM,0
SYS_CURRENT_ALL_RAILS,SYS_CURRENT_ALL_RAILS,"[Hid] /usr/local/bin/hidreport -p 0x026F -v 0x5ac -usage 0xff00,0xb set 0xce 0xce 6 6 0",,PASS,,,,,,,,,Jul 9 2019 4:08:56.9980 PM,Jul 9 2019 4:08:56.9980 PM,0
SYS_CURRENT_ALL_RAILS,SYS_CURRENT_ALL_RAILS,[rpc] item_SysCurrent(1000mA),,PASS,,,,,,,,,Jul 9 2019 4:08:57.3880 PM,Jul 9 2019 4:08:59.4280 PM,2.0407
SYS_CURRENT_ALL_RAILS,SYS_CURRENT_ALL_RAILS,SYS_CURRENT_ALL_RAILS,,PASS,,32.0421256903,mA,35,7,,,mA,Jul 9 2019 4:08:59.4290 PM,Jul 9 2019 4:08:59.4290 PM,0
SYS_CURRENT_IDLLE,,,,,,,,,,,,,Jul 9 2019 4:08:59.4320 PM,Jul 9 2019 4:09:07.5870 PM,8.1554
SYS_CURRENT_IDLLE,SYS_CURRENT_IDLLE,"[rpc] dutgpio_set_pin(7,0)",,PASS,,,,,,,,,Jul 9 2019 4:08:59.4330 PM,Jul 9 2019 4:08:59.4370 PM,.0035
SYS_CURRENT_IDLLE,SYS_CURRENT_IDLLE,"[rpc] dutgpio_set_pin(7,1)",,PASS,,,,,,,,,Jul 9 2019 4:09:00.4390 PM,Jul 9 2019 4:09:00.4420 PM,.0034
SYS_CURRENT_IDLLE,SYS_CURRENT_IDLLE,"[Hid] /usr/local/bin/hidreport -p 0x026F -v 0x5ac -usage 0xff00,0xb set 0xce 0xce 5 2 1",,PASS,,,,,,,,,Jul 9 2019 4:09:02.5580 PM,Jul 9 2019 4:09:02.5580 PM,0
SYS_CURRENT_IDLLE,SYS_CURRENT_IDLLE,"[Hid] /usr/local/bin/hidreport -p 0x026F -v 0x5ac -usage 0xff00,0xb set 0xce 0xce 2 3 1",,PASS,,,,,,,,,Jul 9 2019 4:09:02.9890 PM,Jul 9 2019 4:09:02.9890 PM,0
SYS_CURRENT_IDLLE,SYS_CURRENT_IDLLE,"[Hid] /usr/local/bin/hidreport -p 0x026F -v 0x5ac -usage 0xff00,0xb set 0xCE 0xCE 3 3 1",,PASS,,,,,,,,,Jul 9 2019 4:09:03.4230 PM,Jul 9 2019 4:09:03.4230 PM,0
SYS_CURRENT_IDLLE,SYS_CURRENT_IDLLE,"[Hid] /usr/local/bin/hidreport -p 0x026F -v 0x5ac -usage 0xFF00,0xb set 0xCE 0xCE 1 5 1",,PASS,,,,,,,,,Jul 9 2019 4:09:03.8550 PM,Jul 9 2019 4:09:03.8550 PM,0
SYS_CURRENT_IDLLE,SYS_CURRENT_IDLLE,"[Hid] /usr/local/bin/hidreport -p 0x026F -v 0x5ac -usage 0xff00,0xb set 0xce 0xce 1 6 1",,PASS,,,,,,,,,Jul 9 2019 4:09:04.2870 PM,Jul 9 2019 4:09:04.2870 PM,0
SYS_CURRENT_IDLLE,SYS_CURRENT_IDLLE,"[Hid] /usr/local/bin/hidreport -p 0x026F -v 0x5ac -usage 0xFF00,0xb set 0xce 0xce 3 7 1",,PASS,,,,,,,,,Jul 9 2019 4:09:04.7190 PM,Jul 9 2019 4:09:04.7190 PM,0
SYS_CURRENT_IDLLE,SYS_CURRENT_IDLLE,"[Hid] /usr/local/bin/hidreport -p 0x026F -v 0x5ac -usage 0xff00,0xb set 0xce 0xce 6 6 1",,PASS,,,,,,,,,Jul 9 2019 4:09:05.1510 PM,Jul 9 2019 4:09:05.1510 PM,0
SYS_CURRENT_IDLLE,SYS_CURRENT_IDLLE,[rpc] item_SysCurrent(1000mA),,PASS,,,,,,,,,Jul 9 2019 4:09:05.5410 PM,Jul 9 2019 4:09:07.5860 PM,2.0453
SYS_CURRENT_IDLLE,SYS_CURRENT_IDLLE,SYS_CURRENT_IDLLE,,PASS,,7.8254261238,mA,30,7,,,mA,Jul 9 2019 4:09:07.5870 PM,Jul 9 2019 4:09:07.5870 PM,0
SysTem_Curr_Led_Brightness_Percent_0,,,,,,,,,,,,,Jul 9 2019 4:09:07.5900 PM,Jul 9 2019 4:09:25.5950 PM,18.0052
SysTem_Curr_Led_Brightness_Percent_0,SysTem_Curr_Led_Brightness_Percent_0,[rpc] cyg_ps_SetPsOff,,PASS,,,,,,,,,Jul 9 2019 4:09:07.5910 PM,Jul 9 2019 4:09:07.7460 PM,.1553
SysTem_Curr_Led_Brightness_Percent_0,SysTem_Curr_Led_Brightness_Percent_0,[rpc] myiocontrol_TurnAllOff,,PASS,,,,,,,,,Jul 9 2019 4:09:08.8220 PM,Jul 9 2019 4:09:08.9120 PM,.0901
SysTem_Curr_Led_Brightness_Percent_0,SysTem_Curr_Led_Brightness_Percent_0,"[rpc] dutgpio_set_pin(7,0)",,PASS,,,,,,,,,Jul 9 2019 4:09:08.9130 PM,Jul 9 2019 4:09:08.9160 PM,.0033
SysTem_Curr_Led_Brightness_Percent_0,SysTem_Curr_Led_Brightness_Percent_0,"[rpc] dutgpio_set_pin(7,1)",,PASS,,,,,,,,,Jul 9 2019 4:09:09.9850 PM,Jul 9 2019 4:09:09.9890 PM,.0035
SysTem_Curr_Led_Brightness_Percent_0,SysTem_Curr_Led_Brightness_Percent_0,[rpc] item_PowerOnDUT(4.800000),,PASS,,,,,,,,,Jul 9 2019 4:09:11.0630 PM,Jul 9 2019 4:09:13.1790 PM,2.1157
SysTem_Curr_Led_Brightness_Percent_0,SysTem_Curr_Led_Brightness_Percent_0,[rpc] cyg_ps_SetlimitCurr(0.500000),,PASS,,,,,,,,,Jul 9 2019 4:09:14.2490 PM,Jul 9 2019 4:09:14.4040 PM,.155
SysTem_Curr_Led_Brightness_Percent_0,SysTem_Curr_Led_Brightness_Percent_0,"[rpc] myiocontrol_set_Bit(22,0)",,PASS,,,,,,,,,Jul 9 2019 4:09:15.4750 PM,Jul 9 2019 4:09:15.4820 PM,.0069
SysTem_Curr_Led_Brightness_Percent_0,SysTem_Curr_Led_Brightness_Percent_0,[rpc] item_ConnectAIDToP203,,PASS,,,,,,,,,Jul 9 2019 4:09:16.5510 PM,Jul 9 2019 4:09:16.5580 PM,.0067
SysTem_Curr_Led_Brightness_Percent_0,SysTem_Curr_Led_Brightness_Percent_0,"[Hid] /usr/local/bin/hidreport -p 0x026F -v 0x5ac -usage 0xff00,0xf set 0x01 0x01",,PASS,,,,,,,,,Jul 9 2019 4:09:17.6770 PM,Jul 9 2019 4:09:17.6770 PM,0
SysTem_Curr_Led_Brightness_Percent_0,SysTem_Curr_Led_Brightness_Percent_0,"[Hid] /usr/local/bin/hidreport -p 0x026F -v 0x5ac -usage 0xff00,0xf set 0x03 0x03 0x19",,PASS,,,,,,,,,Jul 9 2019 4:09:18.1120 PM,Jul 9 2019 4:09:18.1120 PM,0
SysTem_Curr_Led_Brightness_Percent_0,SysTem_Curr_Led_Brightness_Percent_0,"[Hid] /usr/local/bin/hidreport -p 0x026F -v 0x5ac -usage 0xff00,0xf set 04 04 01 00",,PASS,,,,,,,,,Jul 9 2019 4:09:18.5440 PM,Jul 9 2019 4:09:18.5440 PM,0
SysTem_Curr_Led_Brightness_Percent_0,SysTem_Curr_Led_Brightness_Percent_0,"[Hid] /usr/local/bin/hidreport -p 0x026F -v 0x5ac -usage 0xff00,0xf set 04 04 01 01",,PASS,,,,,,,,,Jul 9 2019 4:09:18.9830 PM,Jul 9 2019 4:09:18.9830 PM,0
SysTem_Curr_Led_Brightness_Percent_0,SysTem_Curr_Led_Brightness_Percent_0,"[Hid] /usr/local/bin/hidreport -p 0x026F -v 0x5ac -usage 0xff00,0xf set 04 04 01 02",,PASS,,,,,,,,,Jul 9 2019 4:09:19.4080 PM,Jul 9 2019 4:09:19.4080 PM,0
SysTem_Curr_Led_Brightness_Percent_0,SysTem_Curr_Led_Brightness_Percent_0,"[Hid] /usr/local/bin/hidreport -p 0x026F -v 0x5ac -usage 0xff00,0xf set 04 04 00 03",,PASS,,,,,,,,,Jul 9 2019 4:09:19.8400 PM,Jul 9 2019 4:09:19.8400 PM,0
SysTem_Curr_Led_Brightness_Percent_0,SysTem_Curr_Led_Brightness_Percent_0,"[Hid] /usr/local/bin/hidreport -p 0x026F -v 0x5ac -usage 0xFF00,0xf set 04 04 00 04",,PASS,,,,,,,,,Jul 9 2019 4:09:20.2750 PM,Jul 9 2019 4:09:20.2750 PM,0
SysTem_Curr_Led_Brightness_Percent_0,SysTem_Curr_Led_Brightness_Percent_0,"[Hid] /usr/local/bin/hidreport -p 0x026F -v 0x5ac -usage 0xFF00,0xf set 04 04 00 05",,PASS,,,,,,,,,Jul 9 2019 4:09:20.7060 PM,Jul 9 2019 4:09:20.7060 PM,0
SysTem_Curr_Led_Brightness_Percent_0,SysTem_Curr_Led_Brightness_Percent_0,"[Hid] /usr/local/bin/hidreport -p 0x026F -v 0x5ac -usage 0xff00,0xf set 0x02 0x02 0x00 0x00",,PASS,,,,,,,,,Jul 9 2019 4:09:21.0940 PM,Jul 9 2019 4:09:21.0940 PM,0
SysTem_Curr_Led_Brightness_Percent_0,SysTem_Curr_Led_Brightness_Percent_0,[rpc] item_SysCurrent(1000mA),,PASS,,,,,,,,,Jul 9 2019 4:09:23.5490 PM,Jul 9 2019 4:09:25.5940 PM,2.0452
SysTem_Curr_Led_Brightness_Percent_0,SysTem_Curr_Led_Brightness_Percent_0,Brightness_Percent_0,,PASS,,10.9216352907,mA,30,7,,,mA,Jul 9 2019 4:09:25.5950 PM,Jul 9 2019 4:09:25.5950 PM,0
SysTem_Curr_Led_Brightness_Percent_1,,,,,,,,,,,,,Jul 9 2019 4:09:25.5980 PM,Jul 9 2019 4:09:29.1580 PM,3.5602
SysTem_Curr_Led_Brightness_Percent_1,SysTem_Curr_Led_Brightness_Percent_1,"[Hid] /usr/local/bin/hidreport -p 0x026F -v 0x5ac -usage 0xff00,0xf set 0x02 0x02 0x14 0x00",,PASS,,,,,,,,,Jul 9 2019 4:09:25.6490 PM,Jul 9 2019 4:09:25.6490 PM,0
SysTem_Curr_Led_Brightness_Percent_1,SysTem_Curr_Led_Brightness_Percent_1,[rpc] item_SysCurrent(1000mA),,PASS,,,,,,,,,Jul 9 2019 4:09:27.1090 PM,Jul 9 2019 4:09:29.1570 PM,2.0481
SysTem_Curr_Led_Brightness_Percent_1,SysTem_Curr_Led_Brightness_Percent_1,Brightness_Percent_1,,PASS,,13.8501462379,mA,34.4,11.4,,,mA,Jul 9 2019 4:09:29.1580 PM,Jul 9 2019 4:09:29.1580 PM,0
SysTem_Curr_Led_Brightness_Percent_100,,,,,,,,,,,,,Jul 9 2019 4:09:29.1600 PM,Jul 9 2019 4:09:33.1510 PM,3.9915
SysTem_Curr_Led_Brightness_Percent_100,SysTem_Curr_Led_Brightness_Percent_100,"[Hid] /usr/local/bin/hidreport -p 0x026F -v 0x5ac -usage 0xff00,0xf set 0x02 0x02 0xff 0x07",,PASS,,,,,,,,,Jul 9 2019 4:09:29.2110 PM,Jul 9 2019 4:09:29.2110 PM,0
SysTem_Curr_Led_Brightness_Percent_100,SysTem_Curr_Led_Brightness_Percent_100,[rpc] item_SysCurrent(1000mA),,PASS,,,,,,,,,Jul 9 2019 4:09:30.6790 PM,Jul 9 2019 4:09:32.7210 PM,2.0426
SysTem_Curr_Led_Brightness_Percent_100,SysTem_Curr_Led_Brightness_Percent_100,Brightness_Percent_100,,PASS,,271.4852455148,mA,320,215,,,mA,Jul 9 2019 4:09:32.7220 PM,Jul 9 2019 4:09:32.7220 PM,0
SysTem_Curr_Led_Brightness_Percent_100,SysTem_Curr_Led_Brightness_Percent_100,"[Hid] /usr/local/bin/hidreport -p 0x026F -v 0x5ac -usage 0xff00,0xf set 0x02 0x02 0x00 0x00",,PASS,,,,,,,,,Jul 9 2019 4:09:32.7660 PM,Jul 9 2019 4:09:32.7660 PM,0
SysTem_Curr_LEDs to PD 50% brightness,,,,,,,,,,,,,Jul 9 2019 4:09:33.1540 PM,Jul 9 2019 4:09:37.6630 PM,4.509
SysTem_Curr_LEDs to PD 50% brightness,SysTem_Curr_LEDs to PD 50% brightness,"[Hid] /usr/local/bin/hidreport -p 0x026F -v 0x5ac -usage 0xff00,0xf set 0x03 0x03 0xa",,PASS,,,,,,,,,Jul 9 2019 4:09:33.1990 PM,Jul 9 2019 4:09:33.1990 PM,0
SysTem_Curr_LEDs to PD 50% brightness,SysTem_Curr_LEDs to PD 50% brightness,"[Hid] /usr/local/bin/hidreport -p 0x026F -v 0x5ac -usage 0xff00,0xf set 0x02 0x02 0x92 0x07",,PASS,,,,,,,,,Jul 9 2019 4:09:33.6300 PM,Jul 9 2019 4:09:33.6300 PM,0
SysTem_Curr_LEDs to PD 50% brightness,SysTem_Curr_LEDs to PD 50% brightness,[rpc] item_SysCurrent(1000mA),,PASS,,,,,,,,,Jul 9 2019 4:09:35.0840 PM,Jul 9 2019 4:09:37.1250 PM,2.0404
SysTem_Curr_LEDs to PD 50% brightness,SysTem_Curr_LEDs to PD 50% brightness,LEDs to PD 50% brightness,,PASS,,81.8092870265,mA,112,67,,,mA,Jul 9 2019 4:09:37.1260 PM,Jul 9 2019 4:09:37.1260 PM,0
SysTem_Curr_LEDs to PD 50% brightness,SysTem_Curr_LEDs to PD 50% brightness,"[Hid] /usr/local/bin/hidreport -p 0x026F -v 0x5ac -usage 0xff00,0xf set 0x02 0x02 0x00 0x00",,PASS,,,,,,,,,Jul 9 2019 4:09:37.1700 PM,Jul 9 2019 4:09:37.1700 PM,0
SysTem_Curr_LEDs to PD 50% brightness,SysTem_Curr_LEDs to PD 50% brightness,[rpc] myiocontrol_TurnAllOff(0),,PASS,,,,,,,,,Jul 9 2019 4:09:37.5560 PM,Jul 9 2019 4:09:37.6460 PM,.0896
SysTem_Curr_LEDs to PD 50% brightness,SysTem_Curr_LEDs to PD 50% brightness,"[rpc] myiocontrol_set_Bit(24,0)",,PASS,,,,,,,,,Jul 9 2019 4:09:37.6470 PM,Jul 9 2019 4:09:37.6540 PM,.0066
SysTem_Curr_LEDs to PD 50% brightness,SysTem_Curr_LEDs to PD 50% brightness,"[rpc] myiocontrol_set_Bit(25,0)",,PASS,,,,,,,,,Jul 9 2019 4:09:37.6550 PM,Jul 9 2019 4:09:37.6620 PM,.0066
Finish DRCB,,,,,,,,,,,,,Jul 9 2019 4:09:37.6650 PM,Jul 9 2019 4:09:38.0100 PM,.3443
Finish DRCB,Finish DRCB,DRCB,Finish-StationFileSecurity,FAIL,station no longer secure,,,,,,,,Jul 9 2019 4:09:37.6670 PM,Jul 9 2019 4:09:37.6670 PM,0
Finish DRCB,Finish DRCB,DRCB,Finish,PASS,,,,,,,,,Jul 9 2019 4:09:37.6670 PM,Jul 9 2019 4:09:38.0080 PM,.341
Finish DRCB,Finish DRCB,,,FAIL,com.apple.hwte.rush.module.atlas.exception.PluginFailedError,,,,,,,,Jul 9 2019 4:09:38.0090 PM,Jul 9 2019 4:09:38.0090 PM,0
