Test,Plugin,Command,Status,Info,Start Time,End Time,Duration (s)
ScanSN,com.apple.hwte.atlas.AppPlugin,show-form,PASS,,Jul 9 2019 4:08:00.8460 PM,Jul 9 2019 4:08:02.7910 PM,1.9443
Select Wendor,rpcCall,RPCSendAndGet,PASS,,Jul 9 2019 4:08:02.7960 PM,Jul 9 2019 4:08:02.8000 PM,.0041
Start Data Reporting,DRCB,startDataReporting,PASS,,Jul 9 2019 4:08:02.8080 PM,Jul 9 2019 4:08:02.8170 PM,.0088
PPORION_OVP_OUT_16V_CURR,rpcCall,RPCSendAndGet,PASS,,Jul 9 2019 4:08:02.8230 PM,Jul 9 2019 4:08:02.9130 PM,.0899
PPORION_OVP_OUT_16V_CURR,rpcCall,RPCSendAndGet,PASS,,Jul 9 2019 4:08:02.9140 PM,Jul 9 2019 4:08:02.9180 PM,.0035
PPORION_OVP_OUT_16V_CURR,rpcCall,RPCSendAndGet,PASS,,Jul 9 2019 4:08:03.4890 PM,Jul 9 2019 4:08:03.4930 PM,.0036
PPORION_OVP_OUT_16V_CURR,rpcCall,RPCSendAndGet,PASS,,Jul 9 2019 4:08:04.5640 PM,Jul 9 2019 4:08:06.6800 PM,2.1164
PPORION_OVP_OUT_16V_CURR,rpcCall,RPCSendAndGet,PASS,,Jul 9 2019 4:08:06.6820 PM,Jul 9 2019 4:08:08.7370 PM,2.0551
PPORION_OVP_OUT_5V2_CURR,rpcCall,RPCSendAndGet,PASS,,Jul 9 2019 4:08:08.7410 PM,Jul 9 2019 4:08:08.8950 PM,.154
PPORION_OVP_OUT_5V2_CURR,rpcCall,RPCSendAndGet,PASS,,Jul 9 2019 4:08:13.9660 PM,Jul 9 2019 4:08:16.0250 PM,2.0583
PPORION_RVP_OUT_-16V_CURR,rpcCall,RPCSendAndGet,PASS,,Jul 9 2019 4:08:16.0290 PM,Jul 9 2019 4:08:16.1830 PM,.1538
PPORION_RVP_OUT_-16V_CURR,rpcCall,RPCSendAndGet,PASS,,Jul 9 2019 4:08:17.2550 PM,Jul 9 2019 4:08:19.1500 PM,1.8949
SYS_IDBUS_6V_VBUS_5V2_CURR,rpcCall,RPCSendAndGet,PASS,,Jul 9 2019 4:08:19.1530 PM,Jul 9 2019 4:08:21.5220 PM,2.3686
SYS_IDBUS_6V_VBUS_5V2_CURR,rpcCall,RPCSendAndGet,PASS,,Jul 9 2019 4:08:22.5950 PM,Jul 9 2019 4:08:24.6540 PM,2.0594
SYS_IDBUS_6V_VBUS_0V_CURR,rpcCall,RPCSendAndGet,PASS,,Jul 9 2019 4:08:24.6580 PM,Jul 9 2019 4:08:27.0340 PM,2.3756
SYS_IDBUS_6V_VBUS_0V_CURR,rpcCall,RPCSendAndGet,PASS,,Jul 9 2019 4:08:27.0350 PM,Jul 9 2019 4:08:27.0470 PM,.0115
SYS_IDBUS_6V_VBUS_0V_CURR,rpcCall,RPCSendAndGet,PASS,,Jul 9 2019 4:08:27.0480 PM,Jul 9 2019 4:08:29.1050 PM,2.0564
SYS_IDBUS_6V_VBUS_0V_CURR,rpcCall,RPCSendAndGet,PASS,,Jul 9 2019 4:08:29.1060 PM,Jul 9 2019 4:08:29.1190 PM,.013
Power On Dut,rpcCall,RPCSendAndGet,PASS,,Jul 9 2019 4:08:29.1230 PM,Jul 9 2019 4:08:29.2130 PM,.0898
Power On Dut,rpcCall,RPCSendAndGet,PASS,,Jul 9 2019 4:08:29.2150 PM,Jul 9 2019 4:08:31.3310 PM,2.1158
Power On Dut,rpcCall,RPCSendAndGet,PASS,,Jul 9 2019 4:08:31.3330 PM,Jul 9 2019 4:08:31.4870 PM,.1549
Power On Dut,rpcCall,RPCSendAndGet,PASS,,Jul 9 2019 4:08:31.4890 PM,Jul 9 2019 4:08:31.4920 PM,.0034
Power On Dut,rpcCall,RPCSendAndGet,PASS,,Jul 9 2019 4:08:31.4940 PM,Jul 9 2019 4:08:31.5000 PM,.0067
Get SFC Info,SFCSupport,getAttribute,PASS,,Jul 9 2019 4:08:31.5050 PM,Jul 9 2019 4:08:31.5310 PM,.0259
Get SFC Info,SFCSupport,getAttribute,PASS,,Jul 9 2019 4:08:31.5330 PM,Jul 9 2019 4:08:31.5370 PM,.0047
Get SFC Info,SFCSupport,getAttribute,PASS,,Jul 9 2019 4:08:31.5390 PM,Jul 9 2019 4:08:31.5440 PM,.0044
Get SFC Info,SFCSupport,getAttribute,PASS,,Jul 9 2019 4:08:31.5450 PM,Jul 9 2019 4:08:31.5490 PM,.0037
Get SFC Info,SFCSupport,getAttribute,PASS,,Jul 9 2019 4:08:31.5510 PM,Jul 9 2019 4:08:31.5550 PM,.0041
Get SFC Info,SFCSupport,getAttribute,PASS,,Jul 9 2019 4:08:31.5570 PM,Jul 9 2019 4:08:31.5610 PM,.0038
Get SFC Info,SFCSupport,getAttribute,PASS,,Jul 9 2019 4:08:31.5620 PM,Jul 9 2019 4:08:31.5660 PM,.004
Read_MLB_SN,rpcCall,RPCSendAndGet,PASS,,Jul 9 2019 4:08:37.4550 PM,Jul 9 2019 4:08:37.4590 PM,.0033
Read_MLB_SN,rpcCall,RPCSendAndGet,PASS,,Jul 9 2019 4:08:38.5260 PM,Jul 9 2019 4:08:38.5290 PM,.0035
System_Curr_Caps Lock LED is ON,rpcCall,RPCSendAndGet,PASS,,Jul 9 2019 4:08:42.5370 PM,Jul 9 2019 4:08:44.5980 PM,2.0608
System_Curr_Caps Lock LED is OFF,rpcCall,RPCSendAndGet,PASS,,Jul 9 2019 4:08:47.1130 PM,Jul 9 2019 4:08:49.1720 PM,2.059
SYS_CURRENT_ALL_RAILS,rpcCall,RPCSendAndGet,PASS,,Jul 9 2019 4:08:49.1760 PM,Jul 9 2019 4:08:49.3300 PM,.1537
SYS_CURRENT_ALL_RAILS,rpcCall,RPCSendAndGet,PASS,,Jul 9 2019 4:08:49.3320 PM,Jul 9 2019 4:08:49.4220 PM,.0898
SYS_CURRENT_ALL_RAILS,rpcCall,RPCSendAndGet,PASS,,Jul 9 2019 4:08:49.4230 PM,Jul 9 2019 4:08:49.4260 PM,.0033
SYS_CURRENT_ALL_RAILS,rpcCall,RPCSendAndGet,PASS,,Jul 9 2019 4:08:49.4280 PM,Jul 9 2019 4:08:49.4310 PM,.0033
SYS_CURRENT_ALL_RAILS,rpcCall,RPCSendAndGet,PASS,,Jul 9 2019 4:08:49.4330 PM,Jul 9 2019 4:08:51.5470 PM,2.1143
SYS_CURRENT_ALL_RAILS,rpcCall,RPCSendAndGet,PASS,,Jul 9 2019 4:08:51.5490 PM,Jul 9 2019 4:08:51.7030 PM,.1549
SYS_CURRENT_ALL_RAILS,rpcCall,RPCSendAndGet,PASS,,Jul 9 2019 4:08:51.7050 PM,Jul 9 2019 4:08:51.7120 PM,.0067
SYS_CURRENT_ALL_RAILS,rpcCall,RPCSendAndGet,PASS,,Jul 9 2019 4:08:51.7130 PM,Jul 9 2019 4:08:51.7200 PM,.0065
SYS_CURRENT_ALL_RAILS,rpcCall,RPCSendAndGet,PASS,,Jul 9 2019 4:08:57.3880 PM,Jul 9 2019 4:08:59.4280 PM,2.0407
SYS_CURRENT_IDLLE,rpcCall,RPCSendAndGet,PASS,,Jul 9 2019 4:08:59.4330 PM,Jul 9 2019 4:08:59.4370 PM,.0035
SYS_CURRENT_IDLLE,rpcCall,RPCSendAndGet,PASS,,Jul 9 2019 4:09:00.4390 PM,Jul 9 2019 4:09:00.4420 PM,.0034
SYS_CURRENT_IDLLE,rpcCall,RPCSendAndGet,PASS,,Jul 9 2019 4:09:05.5410 PM,Jul 9 2019 4:09:07.5860 PM,2.0454
SysTem_Curr_Led_Brightness_Percent_0,rpcCall,RPCSendAndGet,PASS,,Jul 9 2019 4:09:07.5910 PM,Jul 9 2019 4:09:07.7460 PM,.1553
SysTem_Curr_Led_Brightness_Percent_0,rpcCall,RPCSendAndGet,PASS,,Jul 9 2019 4:09:08.8220 PM,Jul 9 2019 4:09:08.9120 PM,.0901
SysTem_Curr_Led_Brightness_Percent_0,rpcCall,RPCSendAndGet,PASS,,Jul 9 2019 4:09:08.9130 PM,Jul 9 2019 4:09:08.9160 PM,.0034
SysTem_Curr_Led_Brightness_Percent_0,rpcCall,RPCSendAndGet,PASS,,Jul 9 2019 4:09:09.9850 PM,Jul 9 2019 4:09:09.9890 PM,.0035
SysTem_Curr_Led_Brightness_Percent_0,rpcCall,RPCSendAndGet,PASS,,Jul 9 2019 4:09:11.0630 PM,Jul 9 2019 4:09:13.1790 PM,2.1158
SysTem_Curr_Led_Brightness_Percent_0,rpcCall,RPCSendAndGet,PASS,,Jul 9 2019 4:09:14.2490 PM,Jul 9 2019 4:09:14.4040 PM,.155
SysTem_Curr_Led_Brightness_Percent_0,rpcCall,RPCSendAndGet,PASS,,Jul 9 2019 4:09:15.4750 PM,Jul 9 2019 4:09:15.4820 PM,.0069
SysTem_Curr_Led_Brightness_Percent_0,rpcCall,RPCSendAndGet,PASS,,Jul 9 2019 4:09:16.5510 PM,Jul 9 2019 4:09:16.5580 PM,.0068
SysTem_Curr_Led_Brightness_Percent_0,rpcCall,RPCSendAndGet,PASS,,Jul 9 2019 4:09:23.5490 PM,Jul 9 2019 4:09:25.5940 PM,2.0452
SysTem_Curr_Led_Brightness_Percent_1,rpcCall,RPCSendAndGet,PASS,,Jul 9 2019 4:09:27.1090 PM,Jul 9 2019 4:09:29.1570 PM,2.0481
SysTem_Curr_Led_Brightness_Percent_100,rpcCall,RPCSendAndGet,PASS,,Jul 9 2019 4:09:30.6790 PM,Jul 9 2019 4:09:32.7210 PM,2.0427
SysTem_Curr_LEDs to PD 50% brightness,rpcCall,RPCSendAndGet,PASS,,Jul 9 2019 4:09:35.0840 PM,Jul 9 2019 4:09:37.1250 PM,2.0404
SysTem_Curr_LEDs to PD 50% brightness,rpcCall,RPCSendAndGet,PASS,,Jul 9 2019 4:09:37.5560 PM,Jul 9 2019 4:09:37.6460 PM,.0896
SysTem_Curr_LEDs to PD 50% brightness,rpcCall,RPCSendAndGet,PASS,,Jul 9 2019 4:09:37.6470 PM,Jul 9 2019 4:09:37.6540 PM,.0066
SysTem_Curr_LEDs to PD 50% brightness,rpcCall,RPCSendAndGet,PASS,,Jul 9 2019 4:09:37.6550 PM,Jul 9 2019 4:09:37.6620 PM,.0066
Finish DRCB,DRCB,finish,FAIL,station no longer secure; ,Jul 9 2019 4:09:37.6670 PM,Jul 9 2019 4:09:38.0080 PM,.3411
