document_version, 1.0
station_name,QT1
station_id,FXLH_F05-4FT-01_3_QT1
station_sw,Atlas
station_sw_version,Atlas

tag,start_time,duration
Scan FATP SN, 1568798743.93, 73.80
Start Data Reporting, 1568798817.73, 0.02
Start Control Bit, 1568798817.74, 0.48
PPORION OVP OUT 16V CURR, 1568798818.23, 4.29
PPORION OVP OUT 5V2 CURR, 1568798822.52, 5.82
PPORION OVP OUT -16V CURR, 1568798828.34, 2.73
SYS IDBUS 6V VBUS 5V2 CURR, 1568798831.07, 3.48
SYS IDBUS 6V VBUS 0V CURR, 1568798834.55, 3.21
SYS IDBUS -4V VBUS 0V CURR, 1568798837.76, 4.92
SYS IDBUS -4V VBUS 0V VOL, 1568798842.68, 0.00
P203 Power On Dut, 1568798842.68, 22.12
Read MFI Address, 1568798864.81, 1.56
GreenPAK ID, 1568798866.36, 0.45
Query SFC SN, 1568798866.81, 0.11
Query MLB SN, 1568798866.92, 0.00
Read MLB SN, 1568798866.92, 0.45
Check MLB SN, 1568798867.37, 0.00
MIX FW, 1568798867.37, 0.01
TOUCH FW, 1568798867.38, 0.44
STFW, 1568798867.83, 0.45
Production signed check, 1568798868.27, 0.45
KBD HW Layout, 1568798868.72, 0.44
Read HW Version, 1568798869.17, 0.44
Query SFC Lang, 1568798869.61, 0.00
Write Lang Blob, 1568798869.61, 1.82
Read Lang Blob, 1568798871.43, 10.25
WO_NO, 1568798881.68, 0.00
UNIT LBL, 1568798881.68, 0.00
Read Matrix and Special Builds, 1568798881.69, 0.00
KBM_SN, 1568798881.69, 0.00
BACKLIGHT SN, 1568798881.69, 0.00
TRACKPAD SN, 1568798881.69, 0.00
TOUCH FLEX SN, 1568798881.70, 0.00
P line SN, 1568798881.70, 0.00
Power Cycle, 1568798881.70, 10.75
(Orion Power)SYS CURRENT IDLE, 1568798892.46, 4.54
System Curr caps lock LED is on, 1568798896.99, 2.42
System Curr caps lock LED is off, 1568798899.41, 2.42
(Orion Power)SYS CURRENT BLC ONLY, 1568798901.83, 2.85
(Orion Power)SYS CURRENT USBC Alt power ONLY, 1568798904.68, 2.90
(Orion Power)SYS CURRENT Energy storage ONLY, 1568798907.58, 2.89
(Orion Power)SYS CURRENT MFI ONLY, 1568798910.46, 2.89
(Orion Power)SYS CURRENT Energy storage, 1568798913.35, 2.88
(Orion Power)SYS CURRENT TOUCH ONLY, 1568798916.23, 3.10
(Orion Power)SYS CURRENT ALL RAILS, 1568798919.32, 9.46
(Orion Power)SysTem Curr Leds to 0% Brightness, 1568798928.79, 3.97
(Orion Power)SysTem Curr Leds to 1% Brightness, 1568798932.76, 2.41
(Orion Power)SysTem Curr Leds to 100% Brightness, 1568798935.16, 2.25
(Orion Power)SysTem Curr Leds to PD 50% Brightness, 1568798937.41, 4.54
USBC Power On, 1568798941.95, 8.27
(USB-C Power) SYS CURRENT IDLE, 1568798950.22, 5.05
(USB-C Power) SYS CURRENT Capslock ONLY, 1568798955.27, 2.89
(USB-C Power) SYS CURRENT BLC ONLY, 1568798958.16, 2.90
(USB-C Power) SYS CURRENT MFI ONLY, 1568798961.06, 2.90
(USB-C Power) SYS CURRENT TOUCH ONLY, 1568798963.96, 3.06
(USB-C Power) SYS CURRENT ALL RAILS, 1568798967.01, 9.56
(USB-C Power)SysTem Curr Leds to 0% Brightness, 1568798976.58, 3.88
(USB-C Power)SysTem Curr Leds to 1% Brightness, 1568798980.45, 2.36
(USB-C Power)SysTem Curr Leds to 100% Brightness, 1568798982.81, 2.18
(USB-C Power)SysTem Curr Leds to PD 50% Brightness, 1568798985.00, 8.47
5V 1.5A Curr CC Rp = 22kohm, 1568798993.47, 12.91
5V 1.5A Charge Mode, 1568799006.38, 0.00
5V 1.5A Charge Voltage , 1568799006.38, 0.00
5V 1.5A Charge Capability, 1568799006.38, 0.00
5V 1.5A Orion Power Voltage, 1568799006.39, 1.28
5V 1.5A DUT Input Voltage, 1568799007.67, 1.54
Download CCG3 FW, 1568799009.21, 33.79
After Download Read CCG3 FW, 1568799043.00, 15.45
5V 2.5A Curr CC Rp = 10kohm, 1568799058.46, 12.95
5V 2.5A Charge Mode, 1568799071.41, 0.00
5V 2.5A Charge Voltage , 1568799071.41, 0.00
5V 2.5A Charge Capability, 1568799071.41, 0.00
5V 2.5A Orion Power Voltage, 1568799071.42, 1.28
5V 2.5A DUT Input Voltage, 1568799072.70, 0.96
9V 2.5A Curr USBC PD, 1568799073.67, 15.75
9V 2.5A Charge Mode, 1568799089.42, 0.50
9V 2.5A Charge Voltage , 1568799089.91, 0.00
9V 2.5A Charge Capability, 1568799089.92, 0.00
9V 2.5A Orion Power Voltage, 1568799089.92, 1.28
9V 2.5A DUT Input Voltage, 1568799091.20, 0.96
Tristar To CCG3 VID, 1568799092.17, 11.57
Tristar To CCG3 PID, 1568799103.73, 0.44
PHASE1 ORIONPWR DUT MODE, 1568799104.17, 5.14
PHASE2 USBCPWR DUT MODE, 1568799109.31, 2.58
Write And Read 0x01, 1568799111.90, 0.92
PHASE3 ORIONPWR DUT MODE, 1568799112.81, 2.29
System critical errors, 1568799115.10, 5.84
KeyScan critical errors, 1568799120.95, 0.44
FW Update critical errors, 1568799121.39, 0.47
GRAPE critical errors, 1568799121.86, 0.46
USBC critical errors, 1568799122.32, 0.44
Critical summary, 1568799122.76, 0.44
BL Critical errors, 1568799123.20, 8.26
Brick ID, 1568799131.46, 14.75
full_test_durations, 1568798743.86, 402.35
Finish DRCB, 1568799146.21, 0.95
