Related Test,Name-1,Name-2,Name-3,Status,Info,Measurement,Units,Upper Limit,Lower Limit,Relaxed Upper Limit,Relaxed Lower Limit,Limit Units,Start Time,End Time,Duration (s)
Scan FATP SN,,,,,,,,,,,,,Sep 18 2019 5:25:43.9280 PM,Sep 18 2019 5:26:57.7260 PM,73.7987
Scan FATP SN,Scan FATP SN,AtlasApp-Hyperion,show-form,PASS,,,,,,,,,Sep 18 2019 5:25:43.9290 PM,Sep 18 2019 5:26:57.7250 PM,73.7958
Start Data Reporting,,,,,,,,,,,,,Sep 18 2019 5:26:57.7290 PM,Sep 18 2019 5:26:57.7420 PM,.013
Start Data Reporting,Start Data Reporting,DRCB,StartDataReporting,PASS,,,,,,,,,Sep 18 2019 5:26:57.7320 PM,Sep 18 2019 5:26:57.7410 PM,.0086
Start Control Bit,,,,,,,,,,,,,Sep 18 2019 5:26:57.7440 PM,Sep 18 2019 5:26:58.2270 PM,.4823
Start Control Bit,Start Control Bit,DRCB,StartControlBits,PASS,,,,,,,,,Sep 18 2019 5:26:57.7460 PM,Sep 18 2019 5:26:58.2260 PM,.48
PPORION OVP OUT 16V CURR,,,,,,,,,,,,,Sep 18 2019 5:26:58.2290 PM,Sep 18 2019 5:27:02.5190 PM,4.2895
PPORION OVP OUT 16V CURR,PPORION OVP OUT 16V CURR,[rpc] myiocontrol_TurnAllOff,,PASS,,,,,,,,,Sep 18 2019 5:26:58.2310 PM,Sep 18 2019 5:26:58.3230 PM,.0922
PPORION OVP OUT 16V CURR,PPORION OVP OUT 16V CURR,[rpc] measure_get_current_init,,PASS,,,,,,,,,Sep 18 2019 5:26:58.4980 PM,Sep 18 2019 5:26:58.5080 PM,.0099
PPORION OVP OUT 16V CURR,PPORION OVP OUT 16V CURR,"[rpc] dutgpio_set_pin(7,1)",,PASS,,,,,,,,,Sep 18 2019 5:26:58.6790 PM,Sep 18 2019 5:26:58.6830 PM,.0045
PPORION OVP OUT 16V CURR,PPORION OVP OUT 16V CURR,"[rpc] dutgpio_set_pin(6,0)",,PASS,,,,,,,,,Sep 18 2019 5:26:58.8590 PM,Sep 18 2019 5:26:58.8640 PM,.0044
PPORION OVP OUT 16V CURR,PPORION OVP OUT 16V CURR,"[rpc] myiocontrol_set_Bit(25,1)",,PASS,,,,,,,,,Sep 18 2019 5:26:59.0400 PM,Sep 18 2019 5:26:59.0470 PM,.0067
PPORION OVP OUT 16V CURR,PPORION OVP OUT 16V CURR,"[rpc] myiocontrol_set_Bit(16,0)",,PASS,,,,,,,,,Sep 18 2019 5:26:59.2220 PM,Sep 18 2019 5:26:59.2290 PM,.007
PPORION OVP OUT 16V CURR,PPORION OVP OUT 16V CURR,"[rpc] myiocontrol_set_Bit(24,1)",,PASS,,,,,,,,,Sep 18 2019 5:26:59.4030 PM,Sep 18 2019 5:26:59.4090 PM,.0066
PPORION OVP OUT 16V CURR,PPORION OVP OUT 16V CURR,"[rpc] item_PowerOnDUT(16,0.200000)",,PASS,,,,,,,,,Sep 18 2019 5:26:59.5840 PM,Sep 18 2019 5:27:00.5510 PM,.9677
PPORION OVP OUT 16V CURR,PPORION OVP OUT 16V CURR,[rpc] item_SysCurrent(1000mA),,PASS,,,,,,,,,Sep 18 2019 5:27:01.6260 PM,Sep 18 2019 5:27:02.5170 PM,.8916
PPORION OVP OUT 16V CURR,PPORION OVP OUT 16V CURR,Read_Orin_Curr_16V,,PASS,,10.8503240273,mA,11.5,10.5,,,mA,Sep 18 2019 5:27:02.5180 PM,Sep 18 2019 5:27:02.5180 PM,0
PPORION OVP OUT 5V2 CURR,,,,,,,,,,,,,Sep 18 2019 5:27:02.5220 PM,Sep 18 2019 5:27:08.3350 PM,5.8129
PPORION OVP OUT 5V2 CURR,PPORION OVP OUT 5V2 CURR,"[rpc] item_PowerOnDUT(5.200000,0.200000)",,PASS,,,,,,,,,Sep 18 2019 5:27:02.5230 PM,Sep 18 2019 5:27:03.4880 PM,.9657
PPORION OVP OUT 5V2 CURR,PPORION OVP OUT 5V2 CURR,[rpc] item_SysCurrent(1000mA),,PASS,,,,,,,,,Sep 18 2019 5:27:04.5630 PM,Sep 18 2019 5:27:05.4170 PM,.8535
PPORION OVP OUT 5V2 CURR,PPORION OVP OUT 5V2 CURR,[rpc] item_SysCurrent(1000mA)-2,,PASS,,,,,,,,,Sep 18 2019 5:27:07.4850 PM,Sep 18 2019 5:27:08.3330 PM,.8489
PPORION OVP OUT 5V2 CURR,PPORION OVP OUT 5V2 CURR,Read_Orin_Curr_5V2,,PASS,,13.4426423905,mA,15,4.5,,,mA,Sep 18 2019 5:27:08.3340 PM,Sep 18 2019 5:27:08.3340 PM,0
PPORION OVP OUT -16V CURR,,,,,,,,,,,,,Sep 18 2019 5:27:08.3370 PM,Sep 18 2019 5:27:11.0670 PM,2.7305
PPORION OVP OUT -16V CURR,PPORION OVP OUT -16V CURR,"[rpc] item_PowerOnDUT(-16,0.200000)",,PASS,,,,,,,,,Sep 18 2019 5:27:08.3380 PM,Sep 18 2019 5:27:09.3100 PM,.9719
PPORION OVP OUT -16V CURR,PPORION OVP OUT -16V CURR,[rpc] item_SysCurrent(1000mA),,PASS,,,,,,,,,Sep 18 2019 5:27:10.3810 PM,Sep 18 2019 5:27:11.0660 PM,.6851
PPORION OVP OUT -16V CURR,PPORION OVP OUT -16V CURR,Read_Orin_Curr_minus16V,,PASS,,-0.1499343597,mA,0.1,-0.3,,,mA,Sep 18 2019 5:27:11.0670 PM,Sep 18 2019 5:27:11.0670 PM,0
SYS IDBUS 6V VBUS 5V2 CURR,,,,,,,,,,,,,Sep 18 2019 5:27:11.0700 PM,Sep 18 2019 5:27:14.5490 PM,3.4794
SYS IDBUS 6V VBUS 5V2 CURR,SYS IDBUS 6V VBUS 5V2 CURR,[rpc] item_PowerOffDUT,,PASS,,,,,,,,,Sep 18 2019 5:27:11.0710 PM,Sep 18 2019 5:27:11.2940 PM,.2232
SYS IDBUS 6V VBUS 5V2 CURR,SYS IDBUS 6V VBUS 5V2 CURR,"[rpc] item_PowerOnIDBusAndVus(6,5.200000)",,PASS,,,,,,,,,Sep 18 2019 5:27:11.8690 PM,Sep 18 2019 5:27:12.7320 PM,.863
SYS IDBUS 6V VBUS 5V2 CURR,SYS IDBUS 6V VBUS 5V2 CURR,[rpc] item_SysCurrent(10mA),,PASS,,,,,,,,,Sep 18 2019 5:27:13.8090 PM,Sep 18 2019 5:27:14.5480 PM,.7385
SYS IDBUS 6V VBUS 5V2 CURR,SYS IDBUS 6V VBUS 5V2 CURR,MeasSysCurr6To5V2,,PASS,,0.2044349416,mA,0.23,0.19,,,mA,Sep 18 2019 5:27:14.5490 PM,Sep 18 2019 5:27:14.5490 PM,0
SYS IDBUS 6V VBUS 0V CURR,,,,,,,,,,,,,Sep 18 2019 5:27:14.5520 PM,Sep 18 2019 5:27:17.7630 PM,3.2115
SYS IDBUS 6V VBUS 0V CURR,SYS IDBUS 6V VBUS 0V CURR,"[rpc] item_PowerOnIDBusAndVus(6,0)",,PASS,,,,,,,,,Sep 18 2019 5:27:14.5530 PM,Sep 18 2019 5:27:15.4220 PM,.8693
SYS IDBUS 6V VBUS 0V CURR,SYS IDBUS 6V VBUS 0V CURR,[rpc] psu_setPSU_Disable,,PASS,,,,,,,,,Sep 18 2019 5:27:16.4910 PM,Sep 18 2019 5:27:16.5000 PM,.0084
SYS IDBUS 6V VBUS 0V CURR,SYS IDBUS 6V VBUS 0V CURR,[rpc] item_SysCurrent(10mA),,PASS,,,,,,,,,Sep 18 2019 5:27:17.0740 PM,Sep 18 2019 5:27:17.7620 PM,.6876
SYS IDBUS 6V VBUS 0V CURR,SYS IDBUS 6V VBUS 0V CURR,MeasSysCurr6To0,,PASS,,0.1986451289,mA,0.22,0.19,,,mA,Sep 18 2019 5:27:17.7630 PM,Sep 18 2019 5:27:17.7630 PM,0
SYS IDBUS -4V VBUS 0V CURR,,,,,,,,,,,,,Sep 18 2019 5:27:17.7660 PM,Sep 18 2019 5:27:22.6790 PM,4.9132
SYS IDBUS -4V VBUS 0V CURR,SYS IDBUS -4V VBUS 0V CURR,"[rpc] myiocontrol_set_Bit(14,1)",,PASS,,,,,,,,,Sep 18 2019 5:27:17.7670 PM,Sep 18 2019 5:27:17.7740 PM,.0068
SYS IDBUS -4V VBUS 0V CURR,SYS IDBUS -4V VBUS 0V CURR,"[rpc] myiocontrol_set_Bit(12,1)",,PASS,,,,,,,,,Sep 18 2019 5:27:17.7750 PM,Sep 18 2019 5:27:17.7820 PM,.0066
SYS IDBUS -4V VBUS 0V CURR,SYS IDBUS -4V VBUS 0V CURR,"[rpc] myiocontrol_set_Bit(9,1)",,PASS,,,,,,,,,Sep 18 2019 5:27:17.7830 PM,Sep 18 2019 5:27:17.7900 PM,.0067
SYS IDBUS -4V VBUS 0V CURR,SYS IDBUS -4V VBUS 0V CURR,"[rpc] myiocontrol_set_Bit(24,1)",,PASS,,,,,,,,,Sep 18 2019 5:27:17.7920 PM,Sep 18 2019 5:27:17.7990 PM,.0066
SYS IDBUS -4V VBUS 0V CURR,SYS IDBUS -4V VBUS 0V CURR,"[rpc] item_PowerOnIDBusAndVus(-4.700000,0)",,PASS,,,,,,,,,Sep 18 2019 5:27:17.8010 PM,Sep 18 2019 5:27:18.6680 PM,.8676
SYS IDBUS -4V VBUS 0V CURR,SYS IDBUS -4V VBUS 0V CURR,[rpc] measure_get_voltage(6V),,PASS,,,,,,,,,Sep 18 2019 5:27:19.2380 PM,Sep 18 2019 5:27:19.5520 PM,.3144
SYS IDBUS -4V VBUS 0V CURR,SYS IDBUS -4V VBUS 0V CURR,[rpc] cyg_ps_SetPsVoltage(4.884407),,PASS,,,,,,,,,Sep 18 2019 5:27:19.5540 PM,Sep 18 2019 5:27:19.7080 PM,.1545
SYS IDBUS -4V VBUS 0V CURR,SYS IDBUS -4V VBUS 0V CURR,[rpc] measure_get_voltage(6V)-2,,PASS,,,,,,,,,Sep 18 2019 5:27:20.2810 PM,Sep 18 2019 5:27:20.5930 PM,.3116
SYS IDBUS -4V VBUS 0V CURR,SYS IDBUS -4V VBUS 0V CURR,[rpc] psu_setPSU_Disable,,PASS,,,,,,,,,Sep 18 2019 5:27:20.5940 PM,Sep 18 2019 5:27:20.6030 PM,.0082
SYS IDBUS -4V VBUS 0V CURR,SYS IDBUS -4V VBUS 0V CURR,[rpc] item_SysCurrent(1000mA),,PASS,,,,,,,,,Sep 18 2019 5:27:21.6780 PM,Sep 18 2019 5:27:22.4100 PM,.7321
SYS IDBUS -4V VBUS 0V CURR,SYS IDBUS -4V VBUS 0V CURR,[rpc] item_PowerOffIDBusAndVus,,PASS,,,,,,,,,Sep 18 2019 5:27:22.4120 PM,Sep 18 2019 5:27:22.6440 PM,.2319
SYS IDBUS -4V VBUS 0V CURR,SYS IDBUS -4V VBUS 0V CURR,SYS_IDBUS_-4V_VBUS_0V_CURR,,PASS,,-28.0782362711,mA,-25,-35,,,mA,Sep 18 2019 5:27:22.6450 PM,Sep 18 2019 5:27:22.6450 PM,0
SYS IDBUS -4V VBUS 0V CURR,SYS IDBUS -4V VBUS 0V CURR,"[rpc] myiocontrol_set_Bit(14,0)",,PASS,,,,,,,,,Sep 18 2019 5:27:22.6460 PM,Sep 18 2019 5:27:22.6530 PM,.0067
SYS IDBUS -4V VBUS 0V CURR,SYS IDBUS -4V VBUS 0V CURR,"[rpc] myiocontrol_set_Bit(12,0)",,PASS,,,,,,,,,Sep 18 2019 5:27:22.6540 PM,Sep 18 2019 5:27:22.6610 PM,.0069
SYS IDBUS -4V VBUS 0V CURR,SYS IDBUS -4V VBUS 0V CURR,"[rpc] myiocontrol_set_Bit(9,0)",,PASS,,,,,,,,,Sep 18 2019 5:27:22.6630 PM,Sep 18 2019 5:27:22.6700 PM,.0069
SYS IDBUS -4V VBUS 0V CURR,SYS IDBUS -4V VBUS 0V CURR,"[rpc] myiocontrol_set_Bit(24,0)",,PASS,,,,,,,,,Sep 18 2019 5:27:22.6710 PM,Sep 18 2019 5:27:22.6780 PM,.0066
SYS IDBUS -4V VBUS 0V VOL,,,,,,,,,,,,,Sep 18 2019 5:27:22.6820 PM,Sep 18 2019 5:27:22.6830 PM,.0005
SYS IDBUS -4V VBUS 0V VOL,SYS IDBUS -4V VBUS 0V VOL,SYS IDBUS -4V VBUS 0V VOL,,PASS,,-3.9814812517411,V,-3.9,-4.1,,,V,Sep 18 2019 5:27:22.6820 PM,Sep 18 2019 5:27:22.6820 PM,0
P203 Power On Dut,,,,,,,,,,,,,Sep 18 2019 5:27:22.6850 PM,Sep 18 2019 5:27:44.8050 PM,22.1199
P203 Power On Dut,P203 Power On Dut,[rpc] item_TurnAllOffAfterInit,,PASS,,,,,,,,,Sep 18 2019 5:27:22.6860 PM,Sep 18 2019 5:27:23.8370 PM,1.1509
P203 Power On Dut,P203 Power On Dut,[rpc] psu_setPSU_init,,PASS,,,,,,,,,Sep 18 2019 5:27:23.8380 PM,Sep 18 2019 5:27:23.8450 PM,.0061
P203 Power On Dut,P203 Power On Dut,"[rpc] item_PowerOnDUT(1,1)",,PASS,,,,,,,,,Sep 18 2019 5:27:23.8460 PM,Sep 18 2019 5:27:24.8110 PM,.9648
P203 Power On Dut,P203 Power On Dut,"[rpc] dutgpio_set_pin(7,1)",,PASS,,,,,,,,,Sep 18 2019 5:27:24.8120 PM,Sep 18 2019 5:27:24.8170 PM,.0044
P203 Power On Dut,P203 Power On Dut,"[rpc] myiocontrol_set_Bit(24,0)",,PASS,,,,,,,,,Sep 18 2019 5:27:29.8900 PM,Sep 18 2019 5:27:29.9000 PM,.0104
P203 Power On Dut,P203 Power On Dut,"[rpc] item_PowerOnDUT(4.800000,1)",,PASS,,,,,,,,,Sep 18 2019 5:27:30.4730 PM,Sep 18 2019 5:27:31.4380 PM,.9651
P203 Power On Dut,P203 Power On Dut,[Hid] /usr/local/bin/hidreport -v 0x05ac -p 0x026F -i 0 set 0x3D 0x3D 0x13 0x0 0x0 0x0,,PASS,,,,,,,,,Sep 18 2019 5:27:33.5510 PM,Sep 18 2019 5:27:33.5510 PM,0
P203 Power On Dut,P203 Power On Dut,[Hid] /usr/local/bin/hidreport -v 0x05ac -p 0x026F -i 0 set 0x3E 0x3E 0x13 0x0 0x0 0x0 0x2,,PASS,,,,,,,,,Sep 18 2019 5:27:34.5560 PM,Sep 18 2019 5:27:34.5560 PM,0
P203 Power On Dut,P203 Power On Dut,[rpc] item_TurnAllOffAfterInit-2,,PASS,,,,,,,,,Sep 18 2019 5:27:34.9440 PM,Sep 18 2019 5:27:36.0940 PM,1.15
P203 Power On Dut,P203 Power On Dut,[rpc] psu_setPSU_init-2,,PASS,,,,,,,,,Sep 18 2019 5:27:36.0960 PM,Sep 18 2019 5:27:36.1110 PM,.0157
P203 Power On Dut,P203 Power On Dut,"[rpc] item_PowerOnDUT(1,1)-2",,PASS,,,,,,,,,Sep 18 2019 5:27:36.1130 PM,Sep 18 2019 5:27:37.1040 PM,.9915
P203 Power On Dut,P203 Power On Dut,"[rpc] dutgpio_set_pin(7,1)-2",,PASS,,,,,,,,,Sep 18 2019 5:27:37.1060 PM,Sep 18 2019 5:27:37.1110 PM,.0045
P203 Power On Dut,P203 Power On Dut,"[rpc] myiocontrol_set_Bit(24,0)-2",,PASS,,,,,,,,,Sep 18 2019 5:27:42.1820 PM,Sep 18 2019 5:27:42.1890 PM,.0068
P203 Power On Dut,P203 Power On Dut,"[rpc] item_PowerOnDUT(4.800000,1)-2",,PASS,,,,,,,,,Sep 18 2019 5:27:42.7650 PM,Sep 18 2019 5:27:43.7320 PM,.9671
Read MFI Address,,,,,,,,,,,,,Sep 18 2019 5:27:44.8080 PM,Sep 18 2019 5:27:46.3630 PM,1.5553
Read MFI Address,Read MFI Address,[Hid] /usr/local/bin/hidreport -p 0x026F -v 0x05ac -i 0 get 0x5E,,PASS,,,,,,,,,Sep 18 2019 5:27:44.8430 PM,Sep 18 2019 5:27:44.8430 PM,0
Read MFI Address,Read MFI Address,[Hid] /usr/local/bin/hidreport -p 0x026F -v 0x05ac -i 0 get 0x5E-2,,PASS,,,,,,,,,Sep 18 2019 5:27:45.9810 PM,Sep 18 2019 5:27:45.9810 PM,0
Read MFI Address,Read MFI Address,GetMozartAddress pass,16,PASS,,,,,,,,,Sep 18 2019 5:27:46.3620 PM,Sep 18 2019 5:27:46.3620 PM,0
Read MFI Address,Read MFI Address,Read_MFI_Address,,PASS,,16,NA,16,16,,,NA,Sep 18 2019 5:27:46.3630 PM,Sep 18 2019 5:27:46.3630 PM,0
GreenPAK ID,,,,,,,,,,,,,Sep 18 2019 5:27:46.3660 PM,Sep 18 2019 5:27:46.8120 PM,.4468
GreenPAK ID,GreenPAK ID,"[Hid] /usr/local/bin/hidreport -p 0x026F -v 0x05ac -usage 0xff00,0xb get 0x90",,PASS,,,,,,,,,Sep 18 2019 5:27:46.4200 PM,Sep 18 2019 5:27:46.4200 PM,0
GreenPAK ID,GreenPAK ID,GREEN_PAK_PART1,,PASS,,2,,,,,,,Sep 18 2019 5:27:46.8110 PM,Sep 18 2019 5:27:46.8110 PM,0
GreenPAK ID,GreenPAK ID,GREEN_PAK,,PASS,,,,,,,,,Sep 18 2019 5:27:46.8120 PM,Sep 18 2019 5:27:46.8120 PM,0
Query SFC SN,,,,,,,,,,,,,Sep 18 2019 5:27:46.8150 PM,Sep 18 2019 5:27:46.9170 PM,.1016
Query SFC SN,Query SFC SN,SFCSupport,getAttributes,PASS,,,,,,,,,Sep 18 2019 5:27:46.8170 PM,Sep 18 2019 5:27:46.8480 PM,.031
Query SFC SN,Query SFC SN,GET SFC info - pansa,DKB9374000DN5RQ0M,PASS,,,,,,,,,Sep 18 2019 5:27:46.8490 PM,Sep 18 2019 5:27:46.8490 PM,0
Query SFC SN,Query SFC SN,SFCSupport,getAttributes-2,PASS,,,,,,,,,Sep 18 2019 5:27:46.8500 PM,Sep 18 2019 5:27:46.8540 PM,.0041
Query SFC SN,Query SFC SN,GET SFC info - unit_lbl,R128-P2_P22AEN-S1_C01030,PASS,,,,,,,,,Sep 18 2019 5:27:46.8550 PM,Sep 18 2019 5:27:46.8550 PM,0
Query SFC SN,Query SFC SN,SFCSupport,getAttributes-3,PASS,,,,,,,,,Sep 18 2019 5:27:46.8560 PM,Sep 18 2019 5:27:46.8600 PM,.0037
Query SFC SN,Query SFC SN,GET SFC info - wo_no,WCR-J90002,PASS,,,,,,,,,Sep 18 2019 5:27:46.8610 PM,Sep 18 2019 5:27:46.8610 PM,0
Query SFC SN,Query SFC SN,SFCSupport,getAttributes-4,PASS,,,,,,,,,Sep 18 2019 5:27:46.8620 PM,Sep 18 2019 5:27:46.8650 PM,.0036
Query SFC SN,Query SFC SN,SFCSupport,getAttributes-5,PASS,,,,,,,,,Sep 18 2019 5:27:46.8670 PM,Sep 18 2019 5:27:46.8710 PM,.0045
Query SFC SN,Query SFC SN,GET SFC info - trackpad_sn,FM7934700ERKG9X4W+S5J,PASS,,,,,,,,,Sep 18 2019 5:27:46.8720 PM,Sep 18 2019 5:27:46.8720 PM,0
Query SFC SN,Query SFC SN,SFCSupport,getAttributes-6,PASS,,,,,,,,,Sep 18 2019 5:27:46.8730 PM,Sep 18 2019 5:27:46.8770 PM,.004
Query SFC SN,Query SFC SN,GET SFC info - touch_flex_sn,C47935506G8JFK02X,PASS,,,,,,,,,Sep 18 2019 5:27:46.8780 PM,Sep 18 2019 5:27:46.8780 PM,0
Query SFC SN,Query SFC SN,SFCSupport,getAttributes-7,PASS,,,,,,,,,Sep 18 2019 5:27:46.8790 PM,Sep 18 2019 5:27:46.8830 PM,.0042
Query SFC SN,Query SFC SN,GET SFC info - usbc_board_sn,DLX9366007WMW012X,PASS,,,,,,,,,Sep 18 2019 5:27:46.8840 PM,Sep 18 2019 5:27:46.8840 PM,0
Query SFC SN,Query SFC SN,SFCSupport,getAttributes-8,PASS,,,,,,,,,Sep 18 2019 5:27:46.8850 PM,Sep 18 2019 5:27:46.8890 PM,.0036
Query SFC SN,Query SFC SN,GET SFC info - bridge_pcb_sn,DLX9366005VP3VT62,PASS,,,,,,,,,Sep 18 2019 5:27:46.8890 PM,Sep 18 2019 5:27:46.8890 PM,0
Query SFC SN,Query SFC SN,SFCSupport,getAttributes-9,PASS,,,,,,,,,Sep 18 2019 5:27:46.8900 PM,Sep 18 2019 5:27:46.8950 PM,.0048
Query SFC SN,Query SFC SN,GET SFC info - backlight_sn,GV293570012N5TG24,PASS,,,,,,,,,Sep 18 2019 5:27:46.8960 PM,Sep 18 2019 5:27:46.8960 PM,0
Query SFC SN,Query SFC SN,SFCSupport,getAttributes-10,PASS,,,,,,,,,Sep 18 2019 5:27:46.8980 PM,Sep 18 2019 5:27:46.9010 PM,.0037
Query SFC SN,Query SFC SN,GET SFC info - orion_sn,LCN9362004MN3WT1Q,PASS,,,,,,,,,Sep 18 2019 5:27:46.9020 PM,Sep 18 2019 5:27:46.9020 PM,0
Query SFC SN,Query SFC SN,SFCSupport,getAttributes-11,PASS,,,,,,,,,Sep 18 2019 5:27:46.9040 PM,Sep 18 2019 5:27:46.9080 PM,.0042
Query SFC SN,Query SFC SN,GET SFC info - kbm_sn,C4P931500GAJCPQ3V,PASS,,,,,,,,,Sep 18 2019 5:27:46.9090 PM,Sep 18 2019 5:27:46.9090 PM,0
Query SFC SN,Query SFC SN,SFCSupport,getAttributes-12,PASS,,,,,,,,,Sep 18 2019 5:27:46.9100 PM,Sep 18 2019 5:27:46.9150 PM,.005
Query SFC SN,Query SFC SN,GET SFC info - mlb_sn,DLX93730006N47328,PASS,,,,,,,,,Sep 18 2019 5:27:46.9160 PM,Sep 18 2019 5:27:46.9160 PM,0
Query MLB SN,,,,,,,,,,,,,Sep 18 2019 5:27:46.9220 PM,Sep 18 2019 5:27:46.9230 PM,.0006
Query MLB SN,Query MLB SN,uploadInfoFromSFC pass,,PASS,,,,,,,,,Sep 18 2019 5:27:46.9230 PM,Sep 18 2019 5:27:46.9230 PM,0
Read MLB SN,,,,,,,,,,,,,Sep 18 2019 5:27:46.9250 PM,Sep 18 2019 5:27:47.3690 PM,.444
Read MLB SN,Read MLB SN,[Hid] /usr/local/bin/hidreport -p 0x026F -v 0x5ac -i 0 get 0x12,,PASS,,,,,,,,,Sep 18 2019 5:27:46.9780 PM,Sep 18 2019 5:27:46.9780 PM,0
Check MLB SN,,,,,,,,,,,,,Sep 18 2019 5:27:47.3720 PM,Sep 18 2019 5:27:47.3720 PM,.0005
Check MLB SN,Check MLB SN,ItemCheckSN pass,,PASS,,,,,,,,,Sep 18 2019 5:27:47.3720 PM,Sep 18 2019 5:27:47.3720 PM,0
MIX FW,,,,,,,,,,,,,Sep 18 2019 5:27:47.3740 PM,Sep 18 2019 5:27:47.3820 PM,.0073
MIX FW,MIX FW,[rpc] server_fw_version,,PASS,,,,,,,,,Sep 18 2019 5:27:47.3750 PM,Sep 18 2019 5:27:47.3800 PM,.005
MIX FW,MIX FW,readMixFW pass," ""1.0.3""",PASS,,,,,,,,,Sep 18 2019 5:27:47.3810 PM,Sep 18 2019 5:27:47.3810 PM,0
TOUCH FW,,,,,,,,,,,,,Sep 18 2019 5:27:47.3840 PM,Sep 18 2019 5:27:47.8250 PM,.441
TOUCH FW,TOUCH FW,[Hid] /usr/local/bin/hidreport -p 0x026F -v 0x05ac -i 0 get 0xbb,,PASS,,,,,,,,,Sep 18 2019 5:27:47.4330 PM,Sep 18 2019 5:27:47.4330 PM,0
TOUCH FW,TOUCH FW,Touch_FW,1285,PASS,,,,,,,,,Sep 18 2019 5:27:47.8240 PM,Sep 18 2019 5:27:47.8240 PM,0
TOUCH FW,TOUCH FW,TOUCH_FW,,PASS,,1285,NA,1285,1285,,,NA,Sep 18 2019 5:27:47.8240 PM,Sep 18 2019 5:27:47.8240 PM,0
STFW,,,,,,,,,,,,,Sep 18 2019 5:27:47.8270 PM,Sep 18 2019 5:27:48.2730 PM,.4457
STFW,STFW,[Hid] /usr/local/bin/hidreport -pid 0x026F -vid 0x05ac -interface 0 get 0xB4,,PASS,,,,,,,,,Sep 18 2019 5:27:47.8760 PM,Sep 18 2019 5:27:47.8760 PM,0
STFW,STFW,CheckFW pass,352,PASS,,,,,,,,,Sep 18 2019 5:27:48.2720 PM,Sep 18 2019 5:27:48.2720 PM,0
STFW,STFW,STFW,,PASS,,352,NA,352,352,,,NA,Sep 18 2019 5:27:48.2730 PM,Sep 18 2019 5:27:48.2730 PM,0
Production signed check,,,,,,,,,,,,,Sep 18 2019 5:27:48.2750 PM,Sep 18 2019 5:27:48.7230 PM,.4472
Production signed check,Production signed check,"[Hid] /usr/local/bin/hidreport -pid 0x026F -vid 0x05ac -usage 0xFF00,0x00B get 0x13",,PASS,,,,,,,,,Sep 18 2019 5:27:48.3340 PM,Sep 18 2019 5:27:48.3340 PM,0
Production signed check,Production signed check,CheckProductSign pass,0,PASS,,,,,,,,,Sep 18 2019 5:27:48.7220 PM,Sep 18 2019 5:27:48.7220 PM,0
Production signed check,Production signed check,Production_signed_check,,PASS,,0,NA,0,0,,,NA,Sep 18 2019 5:27:48.7220 PM,Sep 18 2019 5:27:48.7220 PM,0
KBD HW Layout,,,,,,,,,,,,,Sep 18 2019 5:27:48.7250 PM,Sep 18 2019 5:27:49.1650 PM,.4396
KBD HW Layout,KBD HW Layout,[Hid] /usr/local/bin/hidreport -pid 0x026F -vid 0x05ac -interface 1 get 0x04,,PASS,,,,,,,,,Sep 18 2019 5:27:48.7750 PM,Sep 18 2019 5:27:48.7750 PM,0
KBD HW Layout,KBD HW Layout,GetHWLanguage pass,33,PASS,,,,,,,,,Sep 18 2019 5:27:49.1640 PM,Sep 18 2019 5:27:49.1640 PM,0
KBD HW Layout,KBD HW Layout,KBD_HW_Layout,,PASS,,33,NA,,,,,,Sep 18 2019 5:27:49.1640 PM,Sep 18 2019 5:27:49.1640 PM,0
Read HW Version,,,,,,,,,,,,,Sep 18 2019 5:27:49.1670 PM,Sep 18 2019 5:27:49.6070 PM,.4397
Read HW Version,Read HW Version,"[Hid] /usr/local/bin/hidreport -p 0x026F -v 0x5ac -usage 0xff00,0xb get 0xbc",,PASS,,,,,,,,,Sep 18 2019 5:27:49.2160 PM,Sep 18 2019 5:27:49.2160 PM,0
Read HW Version,Read HW Version,ReadHWVesion pass,3,PASS,,,,,,,,,Sep 18 2019 5:27:49.6060 PM,Sep 18 2019 5:27:49.6060 PM,0
Read HW Version,Read HW Version,READ_HW_VERSION,,PASS,,3,NA,3,3,,,NA,Sep 18 2019 5:27:49.6070 PM,Sep 18 2019 5:27:49.6070 PM,0
Query SFC Lang,,,,,,,,,,,,,Sep 18 2019 5:27:49.6100 PM,Sep 18 2019 5:27:49.6100 PM,.0005
Query SFC Lang,Query SFC Lang,QuerySFCLang pass,US,PASS,,,,,,,,,Sep 18 2019 5:27:49.6100 PM,Sep 18 2019 5:27:49.6100 PM,0
Write Lang Blob,,,,,,,,,,,,,Sep 18 2019 5:27:49.6120 PM,Sep 18 2019 5:27:51.4310 PM,1.8188
Write Lang Blob,Write Lang Blob,QuerySFCLang pass,US,PASS,,,,,,,,,Sep 18 2019 5:27:49.6130 PM,Sep 18 2019 5:27:49.6130 PM,0
Write Lang Blob,Write Lang Blob,[Hid] /usr/local/bin/shfuc -n -v 0x05ac -p 0x026F -f /usr/local/bin/Calblob/r128-KeyCal-US.bin,,PASS,,,,,,,,,Sep 18 2019 5:27:51.0360 PM,Sep 18 2019 5:27:51.0360 PM,0
Write Lang Blob,Write Lang Blob,WriteMLBblob pass,FW update succeeded,PASS,,,,,,,,,Sep 18 2019 5:27:51.4310 PM,Sep 18 2019 5:27:51.4310 PM,0
Read Lang Blob,,,,,,,,,,,,,Sep 18 2019 5:27:51.4340 PM,Sep 18 2019 5:28:01.6800 PM,10.2455
Read Lang Blob,Read Lang Blob,[rpc] item_TurnAllOffAfterInit,,PASS,,,,,,,,,Sep 18 2019 5:27:51.4360 PM,Sep 18 2019 5:27:52.5840 PM,1.1488
Read Lang Blob,Read Lang Blob,[rpc] psu_setPSU_init,,PASS,,,,,,,,,Sep 18 2019 5:27:52.5860 PM,Sep 18 2019 5:27:52.5930 PM,.0068
Read Lang Blob,Read Lang Blob,"[rpc] item_PowerOnDUT(1,1)",,PASS,,,,,,,,,Sep 18 2019 5:27:52.5940 PM,Sep 18 2019 5:27:53.5600 PM,.9656
Read Lang Blob,Read Lang Blob,"[rpc] dutgpio_set_pin(7,1)",,PASS,,,,,,,,,Sep 18 2019 5:27:53.5620 PM,Sep 18 2019 5:27:53.5670 PM,.0045
Read Lang Blob,Read Lang Blob,"[rpc] myiocontrol_set_Bit(24,0)",,PASS,,,,,,,,,Sep 18 2019 5:27:58.6440 PM,Sep 18 2019 5:27:58.6530 PM,.0097
Read Lang Blob,Read Lang Blob,"[rpc] item_PowerOnDUT(4.800000,1)",,PASS,,,,,,,,,Sep 18 2019 5:27:59.2270 PM,Sep 18 2019 5:28:00.1920 PM,.965
Read Lang Blob,Read Lang Blob,"[Hid] /usr/local/bin/hidreport -p 0x026F -v 0x5ac -usage 0x001,0x006 get 0x02",,PASS,,,,,,,,,Sep 18 2019 5:28:01.2950 PM,Sep 18 2019 5:28:01.2950 PM,0
Read Lang Blob,Read Lang Blob,ReadBlob pass,02 01 01 05 49,PASS,,,,,,,,,Sep 18 2019 5:28:01.6790 PM,Sep 18 2019 5:28:01.6790 PM,0
WO_NO,,,,,,,,,,,,,Sep 18 2019 5:28:01.6820 PM,Sep 18 2019 5:28:01.6830 PM,.0005
WO_NO,WO_NO,uploadInfoFromSFC pass,,PASS,,,,,,,,,Sep 18 2019 5:28:01.6830 PM,Sep 18 2019 5:28:01.6830 PM,0
UNIT LBL,,,,,,,,,,,,,Sep 18 2019 5:28:01.6850 PM,Sep 18 2019 5:28:01.6850 PM,.0005
UNIT LBL,UNIT LBL,uploadInfoFromSFC pass,,PASS,,,,,,,,,Sep 18 2019 5:28:01.6850 PM,Sep 18 2019 5:28:01.6850 PM,0
Read Matrix and Special Builds,,,,,,,,,,,,,Sep 18 2019 5:28:01.6870 PM,Sep 18 2019 5:28:01.6880 PM,.0007
Read Matrix and Special Builds,Read Matrix and Special Builds,BUILD_EVENT: R128-P2,,PASS,,,,,,,,,Sep 18 2019 5:28:01.6880 PM,Sep 18 2019 5:28:01.6880 PM,0
Read Matrix and Special Builds,Read Matrix and Special Builds,S_BUILD: R128-P2_P22AEN-S1,,PASS,,,,,,,,,Sep 18 2019 5:28:01.6880 PM,Sep 18 2019 5:28:01.6880 PM,0
KBM_SN,,,,,,,,,,,,,Sep 18 2019 5:28:01.6900 PM,Sep 18 2019 5:28:01.6900 PM,.0005
KBM_SN,KBM_SN,uploadInfoFromSFC pass,,PASS,,,,,,,,,Sep 18 2019 5:28:01.6900 PM,Sep 18 2019 5:28:01.6900 PM,0
BACKLIGHT SN,,,,,,,,,,,,,Sep 18 2019 5:28:01.6920 PM,Sep 18 2019 5:28:01.6930 PM,.0005
BACKLIGHT SN,BACKLIGHT SN,uploadInfoFromSFC pass,,PASS,,,,,,,,,Sep 18 2019 5:28:01.6930 PM,Sep 18 2019 5:28:01.6930 PM,0
TRACKPAD SN,,,,,,,,,,,,,Sep 18 2019 5:28:01.6950 PM,Sep 18 2019 5:28:01.6950 PM,.0005
TRACKPAD SN,TRACKPAD SN,uploadInfoFromSFC pass,,PASS,,,,,,,,,Sep 18 2019 5:28:01.6950 PM,Sep 18 2019 5:28:01.6950 PM,0
TOUCH FLEX SN,,,,,,,,,,,,,Sep 18 2019 5:28:01.6970 PM,Sep 18 2019 5:28:01.6980 PM,.0005
TOUCH FLEX SN,TOUCH FLEX SN,uploadInfoFromSFC pass,,PASS,,,,,,,,,Sep 18 2019 5:28:01.6980 PM,Sep 18 2019 5:28:01.6980 PM,0
P line SN,,,,,,,,,,,,,Sep 18 2019 5:28:01.7000 PM,Sep 18 2019 5:28:01.7000 PM,.0005
P line SN,P line SN,uploadInfoFromSFC pass,,PASS,,,,,,,,,Sep 18 2019 5:28:01.7000 PM,Sep 18 2019 5:28:01.7000 PM,0
Power Cycle,,,,,,,,,,,,,Sep 18 2019 5:28:01.7020 PM,Sep 18 2019 5:28:12.4530 PM,10.7511
Power Cycle,Power Cycle,[rpc] item_TurnAllOffAfterInit,,PASS,,,,,,,,,Sep 18 2019 5:28:01.7040 PM,Sep 18 2019 5:28:02.8530 PM,1.1495
Power Cycle,Power Cycle,[rpc] psu_setPSU_init,,PASS,,,,,,,,,Sep 18 2019 5:28:02.8550 PM,Sep 18 2019 5:28:02.8600 PM,.0049
Power Cycle,Power Cycle,"[rpc] item_PowerOnDUT(1,1)",,PASS,,,,,,,,,Sep 18 2019 5:28:02.8610 PM,Sep 18 2019 5:28:03.8260 PM,.9647
Power Cycle,Power Cycle,"[rpc] dutgpio_set_pin(7,1)",,PASS,,,,,,,,,Sep 18 2019 5:28:03.8270 PM,Sep 18 2019 5:28:03.8320 PM,.0045
Power Cycle,Power Cycle,"[rpc] myiocontrol_set_Bit(24,0)",,PASS,,,,,,,,,Sep 18 2019 5:28:08.9050 PM,Sep 18 2019 5:28:08.9120 PM,.0073
Power Cycle,Power Cycle,"[rpc] item_PowerOnDUT(4.800000,1)",,PASS,,,,,,,,,Sep 18 2019 5:28:09.4870 PM,Sep 18 2019 5:28:10.4520 PM,.965
(Orion Power)SYS CURRENT IDLE,,,,,,,,,,,,,Sep 18 2019 5:28:12.4560 PM,Sep 18 2019 5:28:16.9920 PM,4.5362
(Orion Power)SYS CURRENT IDLE,(Orion Power)SYS CURRENT IDLE,"[Hid] /usr/local/bin/hidreport -p 0x026F -v 0x5ac -usage 0xff00,0xf set 1 1 0",,PASS,,,,,,,,,Sep 18 2019 5:28:12.5150 PM,Sep 18 2019 5:28:12.5150 PM,0
(Orion Power)SYS CURRENT IDLE,(Orion Power)SYS CURRENT IDLE,"[Hid] /usr/local/bin/hidreport -p 0x026F -v 0x5ac -usage 0xff00,0xb set 0xce 0xce 3 3 1",,PASS,,,,,,,,,Sep 18 2019 5:28:12.9570 PM,Sep 18 2019 5:28:12.9570 PM,0
(Orion Power)SYS CURRENT IDLE,(Orion Power)SYS CURRENT IDLE,"[Hid] /usr/local/bin/hidreport -p 0x026F -v 0x5ac -usage 0xFF00,0xb set 0xCE 0xCE 1 5 1",,PASS,,,,,,,,,Sep 18 2019 5:28:13.3870 PM,Sep 18 2019 5:28:13.3870 PM,0
(Orion Power)SYS CURRENT IDLE,(Orion Power)SYS CURRENT IDLE,"[Hid] /usr/local/bin/hidreport -p 0x026F -v 0x5ac -usage 0xff00,0xb set 0xce 0xce 4 7 1",,PASS,,,,,,,,,Sep 18 2019 5:28:13.8120 PM,Sep 18 2019 5:28:13.8120 PM,0
(Orion Power)SYS CURRENT IDLE,(Orion Power)SYS CURRENT IDLE,"[Hid] /usr/local/bin/hidreport -p 0x026F -v 0x5ac -usage 0xff00,0xb set 0x21 0x21 0x1",,PASS,,,,,,,,,Sep 18 2019 5:28:14.2490 PM,Sep 18 2019 5:28:14.2490 PM,0
(Orion Power)SYS CURRENT IDLE,(Orion Power)SYS CURRENT IDLE,"[Hid] /usr/local/bin/hidreport -p 0x026F -v 0x5ac -usage 0xff00,0xb set 0xce 0xce 6 6 1",,PASS,,,,,,,,,Sep 18 2019 5:28:14.6790 PM,Sep 18 2019 5:28:14.6790 PM,0
(Orion Power)SYS CURRENT IDLE,(Orion Power)SYS CURRENT IDLE,[rpc] item_SysCurrent(1000mA),,PASS,,,,,,,,,Sep 18 2019 5:28:16.1420 PM,Sep 18 2019 5:28:16.9910 PM,.8488
(Orion Power)SYS CURRENT IDLE,(Orion Power)SYS CURRENT IDLE,SYS CURRENT IDLE,,PASS,,0.9693493739,mA,1.75,0.5,,,mA,Sep 18 2019 5:28:16.9920 PM,Sep 18 2019 5:28:16.9920 PM,0
System Curr caps lock LED is on,,,,,,,,,,,,,Sep 18 2019 5:28:16.9950 PM,Sep 18 2019 5:28:19.4080 PM,2.4131
System Curr caps lock LED is on,System Curr caps lock LED is on,"[Hid] /usr/local/bin/hidreport -p 0x026F -v 0x5ac -usage 0xff00,0xb set 0xCE 0xCE 3 3 0",,PASS,,,,,,,,,Sep 18 2019 5:28:17.0910 PM,Sep 18 2019 5:28:17.0910 PM,0
System Curr caps lock LED is on,System Curr caps lock LED is on,[rpc] item_SysCurrent(1000mA),,PASS,,,,,,,,,Sep 18 2019 5:28:18.5510 PM,Sep 18 2019 5:28:19.4070 PM,.8564
System Curr caps lock LED is on,System Curr caps lock LED is on,SystemCurrentLockOn,,PASS,,20.036992376,mA,22.4,17.7,,,mA,Sep 18 2019 5:28:19.4080 PM,Sep 18 2019 5:28:19.4080 PM,0
System Curr caps lock LED is off,,,,,,,,,,,,,Sep 18 2019 5:28:19.4110 PM,Sep 18 2019 5:28:21.8290 PM,2.4184
System Curr caps lock LED is off,System Curr caps lock LED is off,"[Hid] /usr/local/bin/hidreport -p 0x026F -v 0x5ac -usage 0xff00,0xb set 0xCE 0xCE 3 3 1",,PASS,,,,,,,,,Sep 18 2019 5:28:19.5200 PM,Sep 18 2019 5:28:19.5200 PM,0
System Curr caps lock LED is off,System Curr caps lock LED is off,[rpc] item_SysCurrent(1000mA),,PASS,,,,,,,,,Sep 18 2019 5:28:20.9780 PM,Sep 18 2019 5:28:21.8280 PM,.8497
System Curr caps lock LED is off,System Curr caps lock LED is off,SystemCurrentLockOff,,PASS,,0.961337391,mA,1.75,0.5,,,mA,Sep 18 2019 5:28:21.8290 PM,Sep 18 2019 5:28:21.8290 PM,0
(Orion Power)SYS CURRENT BLC ONLY,,,,,,,,,,,,,Sep 18 2019 5:28:21.8320 PM,Sep 18 2019 5:28:24.6750 PM,2.8436
(Orion Power)SYS CURRENT BLC ONLY,(Orion Power)SYS CURRENT BLC ONLY,"[Hid] /usr/local/bin/hidreport -p 0x026F -v 0x5ac -usage 0xFF00,0xF set 0x01 0x01 0x01",,PASS,,,,,,,,,Sep 18 2019 5:28:21.8870 PM,Sep 18 2019 5:28:21.8870 PM,0
(Orion Power)SYS CURRENT BLC ONLY,(Orion Power)SYS CURRENT BLC ONLY,[rpc] item_SysCurrent(1000mA),,PASS,,,,,,,,,Sep 18 2019 5:28:23.3410 PM,Sep 18 2019 5:28:24.1930 PM,.8523
(Orion Power)SYS CURRENT BLC ONLY,(Orion Power)SYS CURRENT BLC ONLY,CurrBacklight,,PASS,,3.5808964963,mA,3.76,2.97,,,mA,Sep 18 2019 5:28:24.1940 PM,Sep 18 2019 5:28:24.1940 PM,0
(Orion Power)SYS CURRENT BLC ONLY,(Orion Power)SYS CURRENT BLC ONLY,"[Hid] /usr/local/bin/hidreport -p 0x026F -v 0x5ac -usage 0xff00,0xf set 0x1 0x1 0x0",,PASS,,,,,,,,,Sep 18 2019 5:28:24.2870 PM,Sep 18 2019 5:28:24.2870 PM,0
(Orion Power)SYS CURRENT USBC Alt power ONLY,,,,,,,,,,,,,Sep 18 2019 5:28:24.6780 PM,Sep 18 2019 5:28:27.5740 PM,2.8956
(Orion Power)SYS CURRENT USBC Alt power ONLY,(Orion Power)SYS CURRENT USBC Alt power ONLY,"[Hid] /usr/local/bin/hidreport -p 0x026F -v 0x5ac -usage 0xff00,0xb set 0xce 0xce 6 6 0",,PASS,,,,,,,,,Sep 18 2019 5:28:24.7820 PM,Sep 18 2019 5:28:24.7820 PM,0
(Orion Power)SYS CURRENT USBC Alt power ONLY,(Orion Power)SYS CURRENT USBC Alt power ONLY,[rpc] item_SysCurrent(1000mA),,PASS,,,,,,,,,Sep 18 2019 5:28:26.2370 PM,Sep 18 2019 5:28:27.0920 PM,.8556
(Orion Power)SYS CURRENT USBC Alt power ONLY,(Orion Power)SYS CURRENT USBC Alt power ONLY,CurrUSB,,PASS,,3.3670882332,mA,3.75,2.6,,,mA,Sep 18 2019 5:28:27.0930 PM,Sep 18 2019 5:28:27.0930 PM,0
(Orion Power)SYS CURRENT USBC Alt power ONLY,(Orion Power)SYS CURRENT USBC Alt power ONLY,"[Hid] /usr/local/bin/hidreport -p 0x026F -v 0x5ac -usage 0xff00,0xb set 0xce 0xce 6 6 1",,PASS,,,,,,,,,Sep 18 2019 5:28:27.1870 PM,Sep 18 2019 5:28:27.1870 PM,0
(Orion Power)SYS CURRENT Energy storage ONLY,,,,,,,,,,,,,Sep 18 2019 5:28:27.5770 PM,Sep 18 2019 5:28:30.4590 PM,2.8826
(Orion Power)SYS CURRENT Energy storage ONLY,(Orion Power)SYS CURRENT Energy storage ONLY,"[Hid] /usr/local/bin/hidreport -p 0x026F -v 0x5ac -usage 0xFF00,0xb set 0xCE 0xCE 1 5 0",,PASS,,,,,,,,,Sep 18 2019 5:28:27.6740 PM,Sep 18 2019 5:28:27.6740 PM,0
(Orion Power)SYS CURRENT Energy storage ONLY,(Orion Power)SYS CURRENT Energy storage ONLY,[rpc] item_SysCurrent(1000mA),,PASS,,,,,,,,,Sep 18 2019 5:28:29.1330 PM,Sep 18 2019 5:28:29.9820 PM,.8493
(Orion Power)SYS CURRENT Energy storage ONLY,(Orion Power)SYS CURRENT Energy storage ONLY,CurrEnergy,,PASS,,1.2265631617,mA,1.8,0.9,,,mA,Sep 18 2019 5:28:29.9830 PM,Sep 18 2019 5:28:29.9830 PM,0
(Orion Power)SYS CURRENT Energy storage ONLY,(Orion Power)SYS CURRENT Energy storage ONLY,"[Hid] /usr/local/bin/hidreport -p 0x026F -v 0x5ac -usage 0xFF00,0xb set 0xCE 0xCE 1 5 1",,PASS,,,,,,,,,Sep 18 2019 5:28:30.0790 PM,Sep 18 2019 5:28:30.0790 PM,0
(Orion Power)SYS CURRENT MFI ONLY,,,,,,,,,,,,,Sep 18 2019 5:28:30.4620 PM,Sep 18 2019 5:28:33.3510 PM,2.889
(Orion Power)SYS CURRENT MFI ONLY,(Orion Power)SYS CURRENT MFI ONLY,"[Hid] /usr/local/bin/hidreport -p 0x026F -v 0x5ac -usage 0xff00,0xb set 0xce 0xce 4 7 0",,PASS,,,,,,,,,Sep 18 2019 5:28:30.5560 PM,Sep 18 2019 5:28:30.5560 PM,0
(Orion Power)SYS CURRENT MFI ONLY,(Orion Power)SYS CURRENT MFI ONLY,[rpc] item_SysCurrent(1000mA),,PASS,,,,,,,,,Sep 18 2019 5:28:32.0170 PM,Sep 18 2019 5:28:32.8710 PM,.854
(Orion Power)SYS CURRENT MFI ONLY,(Orion Power)SYS CURRENT MFI ONLY,CurrMFI,,PASS,,0.8962606663,mA,1.75,0.5,,,mA,Sep 18 2019 5:28:32.8720 PM,Sep 18 2019 5:28:32.8720 PM,0
(Orion Power)SYS CURRENT MFI ONLY,(Orion Power)SYS CURRENT MFI ONLY,"[Hid] /usr/local/bin/hidreport -p 0x026F -v 0x5ac -usage 0xff00,0xb set 0xce 0xce 4 7 1",,PASS,,,,,,,,,Sep 18 2019 5:28:32.9670 PM,Sep 18 2019 5:28:32.9670 PM,0
(Orion Power)SYS CURRENT Energy storage,,,,,,,,,,,,,Sep 18 2019 5:28:33.3540 PM,Sep 18 2019 5:28:36.2260 PM,2.8725
(Orion Power)SYS CURRENT Energy storage,(Orion Power)SYS CURRENT Energy storage,"[Hid] /usr/local/bin/hidreport -p 0x026F -v 0x5ac -usage 0xFF00,0xb set 0xCE 0xCE 1 5 0",,PASS,,,,,,,,,Sep 18 2019 5:28:33.4480 PM,Sep 18 2019 5:28:33.4480 PM,0
(Orion Power)SYS CURRENT Energy storage,(Orion Power)SYS CURRENT Energy storage,[rpc] item_SysCurrent(1000mA),,PASS,,,,,,,,,Sep 18 2019 5:28:34.9000 PM,Sep 18 2019 5:28:35.7500 PM,.8503
(Orion Power)SYS CURRENT Energy storage,(Orion Power)SYS CURRENT Energy storage,CurrBackupDisBoostEn,,PASS,,1.224021178,mA,1.75,0.5,,,mA,Sep 18 2019 5:28:35.7510 PM,Sep 18 2019 5:28:35.7510 PM,0
(Orion Power)SYS CURRENT Energy storage,(Orion Power)SYS CURRENT Energy storage,"[Hid] /usr/local/bin/hidreport -p 0x026F -v 0x5ac -usage 0xFF00,0xb set 0xCE 0xCE 1 5 1",,PASS,,,,,,,,,Sep 18 2019 5:28:35.8450 PM,Sep 18 2019 5:28:35.8450 PM,0
(Orion Power)SYS CURRENT TOUCH ONLY,,,,,,,,,,,,,Sep 18 2019 5:28:36.2290 PM,Sep 18 2019 5:28:39.3230 PM,3.0938
(Orion Power)SYS CURRENT TOUCH ONLY,(Orion Power)SYS CURRENT TOUCH ONLY,"[Hid] /usr/local/bin/hidreport -p 0x026F -v 0x5ac -usage 0xff00,0xb set 0x21 0x21 0x4",,PASS,,,,,,,,,Sep 18 2019 5:28:36.5350 PM,Sep 18 2019 5:28:36.5350 PM,0
(Orion Power)SYS CURRENT TOUCH ONLY,(Orion Power)SYS CURRENT TOUCH ONLY,[rpc] item_SysCurrent(1000mA),,PASS,,,,,,,,,Sep 18 2019 5:28:37.9860 PM,Sep 18 2019 5:28:38.8350 PM,.8488
(Orion Power)SYS CURRENT TOUCH ONLY,(Orion Power)SYS CURRENT TOUCH ONLY,CurrTouch,,PASS,,12.7023327364,mA,15,11,,,mA,Sep 18 2019 5:28:38.8360 PM,Sep 18 2019 5:28:38.8360 PM,0
(Orion Power)SYS CURRENT TOUCH ONLY,(Orion Power)SYS CURRENT TOUCH ONLY,"[Hid] /usr/local/bin/hidreport -p 0x026F -v 0x5ac -usage 0xff00,0xb set 0x21 0x21 0x1",,PASS,,,,,,,,,Sep 18 2019 5:28:38.9360 PM,Sep 18 2019 5:28:38.9360 PM,0
(Orion Power)SYS CURRENT ALL RAILS,,,,,,,,,,,,,Sep 18 2019 5:28:39.3260 PM,Sep 18 2019 5:28:48.7850 PM,9.4593
(Orion Power)SYS CURRENT ALL RAILS,(Orion Power)SYS CURRENT ALL RAILS,"[Hid] /usr/local/bin/hidreport -p 0x026F -v 0x5ac -usage 0xFF00,0xF set 1 1 1",,PASS,,,,,,,,,Sep 18 2019 5:28:39.4270 PM,Sep 18 2019 5:28:39.4270 PM,0
(Orion Power)SYS CURRENT ALL RAILS,(Orion Power)SYS CURRENT ALL RAILS,"[Hid] /usr/local/bin/hidreport -p 0x026F -v 0x5ac -usage 0xff00,0xb set 0xce 0xce 3 3 0",,PASS,,,,,,,,,Sep 18 2019 5:28:39.9090 PM,Sep 18 2019 5:28:39.9090 PM,0
(Orion Power)SYS CURRENT ALL RAILS,(Orion Power)SYS CURRENT ALL RAILS,"[Hid] /usr/local/bin/hidreport -p 0x026F -v 0x5ac -usage 0xFF00,0xb set 0xCE 0xCE 1 5 0",,PASS,,,,,,,,,Sep 18 2019 5:28:40.3910 PM,Sep 18 2019 5:28:40.3910 PM,0
(Orion Power)SYS CURRENT ALL RAILS,(Orion Power)SYS CURRENT ALL RAILS,"[Hid] /usr/local/bin/hidreport -p 0x026F -v 0x5ac -usage 0xff00,0xb set 0xce 0xce 4 7 0",,PASS,,,,,,,,,Sep 18 2019 5:28:40.8750 PM,Sep 18 2019 5:28:40.8750 PM,0
(Orion Power)SYS CURRENT ALL RAILS,(Orion Power)SYS CURRENT ALL RAILS,"[Hid] /usr/local/bin/hidreport -p 0x026F -v 0x5ac -usage 0xff00,0xb set 0x21 0x21 0x4",,PASS,,,,,,,,,Sep 18 2019 5:28:41.5690 PM,Sep 18 2019 5:28:41.5690 PM,0
(Orion Power)SYS CURRENT ALL RAILS,(Orion Power)SYS CURRENT ALL RAILS,"[Hid] /usr/local/bin/hidreport -p 0x026F -v 0x5ac -usage 0xff00,0xb set 0xce 0xce 6 6 0",,PASS,,,,,,,,,Sep 18 2019 5:28:42.0510 PM,Sep 18 2019 5:28:42.0510 PM,0
(Orion Power)SYS CURRENT ALL RAILS,(Orion Power)SYS CURRENT ALL RAILS,[rpc] item_SysCurrent(1000mA),,PASS,,,,,,,,,Sep 18 2019 5:28:44.5120 PM,Sep 18 2019 5:28:45.3700 PM,.8575
(Orion Power)SYS CURRENT ALL RAILS,(Orion Power)SYS CURRENT ALL RAILS,SYS CURRENT ALL RAILS,,PASS,,28.6047908814,mA,35,20,,,mA,Sep 18 2019 5:28:45.3710 PM,Sep 18 2019 5:28:45.3710 PM,0
(Orion Power)SYS CURRENT ALL RAILS,(Orion Power)SYS CURRENT ALL RAILS,"[Hid] /usr/local/bin/hidreport -p 0x026F -v 0x5ac -usage 0xff00,0xf set 1 1 0",,PASS,,,,,,,,,Sep 18 2019 5:28:45.4140 PM,Sep 18 2019 5:28:45.4140 PM,0
(Orion Power)SYS CURRENT ALL RAILS,(Orion Power)SYS CURRENT ALL RAILS,"[Hid] /usr/local/bin/hidreport -p 0x026F -v 0x5ac -usage 0xff00,0xb set 0xce 0xce 3 3 1",,PASS,,,,,,,,,Sep 18 2019 5:28:45.8920 PM,Sep 18 2019 5:28:45.8920 PM,0
(Orion Power)SYS CURRENT ALL RAILS,(Orion Power)SYS CURRENT ALL RAILS,"[Hid] /usr/local/bin/hidreport -p 0x026F -v 0x5ac -usage 0xFF00,0xb set 0xCE 0xCE 1 5 1",,PASS,,,,,,,,,Sep 18 2019 5:28:46.3750 PM,Sep 18 2019 5:28:46.3750 PM,0
(Orion Power)SYS CURRENT ALL RAILS,(Orion Power)SYS CURRENT ALL RAILS,"[Hid] /usr/local/bin/hidreport -p 0x026F -v 0x5ac -usage 0xff00,0xb set 0xce 0xce 4 7 1",,PASS,,,,,,,,,Sep 18 2019 5:28:46.8580 PM,Sep 18 2019 5:28:46.8580 PM,0
(Orion Power)SYS CURRENT ALL RAILS,(Orion Power)SYS CURRENT ALL RAILS,"[Hid] /usr/local/bin/hidreport -p 0x026F -v 0x5ac -usage 0xff00,0xb set 0x21 0x21 0x1",,PASS,,,,,,,,,Sep 18 2019 5:28:47.3460 PM,Sep 18 2019 5:28:47.3460 PM,0
(Orion Power)SYS CURRENT ALL RAILS,(Orion Power)SYS CURRENT ALL RAILS,"[Hid] /usr/local/bin/hidreport -p 0x026F -v 0x5ac -usage 0xff00,0xb set 0xce 0xce 6 6 1",,PASS,,,,,,,,,Sep 18 2019 5:28:47.8220 PM,Sep 18 2019 5:28:47.8220 PM,0
(Orion Power)SysTem Curr Leds to 0% Brightness,,,,,,,,,,,,,Sep 18 2019 5:28:48.7880 PM,Sep 18 2019 5:28:52.7550 PM,3.9662
(Orion Power)SysTem Curr Leds to 0% Brightness,(Orion Power)SysTem Curr Leds to 0% Brightness,"[Hid] /usr/local/bin/hidreport -p 0x026F -v 0x5ac -usage 0xff00,0xf set 0x01 0x01 0x01",,PASS,,,,,,,,,Sep 18 2019 5:28:48.8960 PM,Sep 18 2019 5:28:48.8960 PM,0
(Orion Power)SysTem Curr Leds to 0% Brightness,(Orion Power)SysTem Curr Leds to 0% Brightness,"[Hid] /usr/local/bin/hidreport -p 0x026F -v 0x5ac -usage 0xff00,0xf set 0x3 0x3 0x19",,PASS,,,,,,,,,Sep 18 2019 5:28:49.9550 PM,Sep 18 2019 5:28:49.9550 PM,0
(Orion Power)SysTem Curr Leds to 0% Brightness,(Orion Power)SysTem Curr Leds to 0% Brightness,"[Hid] /usr/local/bin/hidreport -p 0x026F -v 0x5ac -usage 0xff00,0xf set 0x02 0x02 0x00 0x00",,PASS,,,,,,,,,Sep 18 2019 5:28:50.4360 PM,Sep 18 2019 5:28:50.4360 PM,0
(Orion Power)SysTem Curr Leds to 0% Brightness,(Orion Power)SysTem Curr Leds to 0% Brightness,[rpc] item_SysCurrent(1000mA),,PASS,,,,,,,,,Sep 18 2019 5:28:51.9020 PM,Sep 18 2019 5:28:52.7530 PM,.8512
(Orion Power)SysTem Curr Leds to 0% Brightness,(Orion Power)SysTem Curr Leds to 0% Brightness,Sys_led_percent0,,PASS,,3.5083613438,mA,3.76,2.97,,,mA,Sep 18 2019 5:28:52.7540 PM,Sep 18 2019 5:28:52.7540 PM,0
(Orion Power)SysTem Curr Leds to 1% Brightness,,,,,,,,,,,,,Sep 18 2019 5:28:52.7570 PM,Sep 18 2019 5:28:55.1620 PM,2.4046
(Orion Power)SysTem Curr Leds to 1% Brightness,(Orion Power)SysTem Curr Leds to 1% Brightness,"[Hid] /usr/local/bin/hidreport -p 0x026F -v 0x5ac -usage 0xff00,0xf set 0x02 0x02 0x14 0x00",,PASS,,,,,,,,,Sep 18 2019 5:28:52.8520 PM,Sep 18 2019 5:28:52.8520 PM,0
(Orion Power)SysTem Curr Leds to 1% Brightness,(Orion Power)SysTem Curr Leds to 1% Brightness,[rpc] item_SysCurrent(1000mA),,PASS,,,,,,,,,Sep 18 2019 5:28:54.3060 PM,Sep 18 2019 5:28:55.1600 PM,.854
(Orion Power)SysTem Curr Leds to 1% Brightness,(Orion Power)SysTem Curr Leds to 1% Brightness,Sys_led_percent1,,PASS,,6.4768835812,mA,6.95,5.75,,,mA,Sep 18 2019 5:28:55.1610 PM,Sep 18 2019 5:28:55.1610 PM,0
(Orion Power)SysTem Curr Leds to 100% Brightness,,,,,,,,,,,,,Sep 18 2019 5:28:55.1640 PM,Sep 18 2019 5:28:57.4090 PM,2.245
(Orion Power)SysTem Curr Leds to 100% Brightness,(Orion Power)SysTem Curr Leds to 100% Brightness,"[Hid] /usr/local/bin/hidreport -p 0x026F -v 0x5ac -usage 0xff00,0xf set 0x02 0x02 0xff 0x7",,PASS,,,,,,,,,Sep 18 2019 5:28:55.2600 PM,Sep 18 2019 5:28:55.2600 PM,0
(Orion Power)SysTem Curr Leds to 100% Brightness,(Orion Power)SysTem Curr Leds to 100% Brightness,[rpc] item_SysCurrent(1000mA),,PASS,,,,,,,,,Sep 18 2019 5:28:56.7200 PM,Sep 18 2019 5:28:57.4080 PM,.6882
(Orion Power)SysTem Curr Leds to 100% Brightness,(Orion Power)SysTem Curr Leds to 100% Brightness,Sys_led_percent100,,PASS,,259.6968445292,mA,280,240,,,mA,Sep 18 2019 5:28:57.4090 PM,Sep 18 2019 5:28:57.4090 PM,0
(Orion Power)SysTem Curr Leds to PD 50% Brightness,,,,,,,,,,,,,Sep 18 2019 5:28:57.4120 PM,Sep 18 2019 5:29:01.9470 PM,4.5351
(Orion Power)SysTem Curr Leds to PD 50% Brightness,(Orion Power)SysTem Curr Leds to PD 50% Brightness,"[Hid] /usr/local/bin/hidreport -p 0x026F -v 0x5ac -usage 0xff00,0xf set 0x2 0x2 0x00 0x0",,PASS,,,,,,,,,Sep 18 2019 5:28:57.5150 PM,Sep 18 2019 5:28:57.5150 PM,0
(Orion Power)SysTem Curr Leds to PD 50% Brightness,(Orion Power)SysTem Curr Leds to PD 50% Brightness,"[Hid] /usr/local/bin/hidreport -p 0x026F -v 0x5ac -usage 0xff00,0xf set 0x3 0x3 0xa",,PASS,,,,,,,,,Sep 18 2019 5:28:58.0020 PM,Sep 18 2019 5:28:58.0020 PM,0
(Orion Power)SysTem Curr Leds to PD 50% Brightness,(Orion Power)SysTem Curr Leds to PD 50% Brightness,"[Hid] /usr/local/bin/hidreport -p 0x026F -v 0x5ac -usage 0xff00,0xf set 0x1 0x1 0x1",,PASS,,,,,,,,,Sep 18 2019 5:28:58.4900 PM,Sep 18 2019 5:28:58.4900 PM,0
(Orion Power)SysTem Curr Leds to PD 50% Brightness,(Orion Power)SysTem Curr Leds to PD 50% Brightness,"[Hid] /usr/local/bin/hidreport -p 0x026F -v 0x5ac -usage 0xff00,0xf get 0x03",,PASS,,,,,,,,,Sep 18 2019 5:28:59.1540 PM,Sep 18 2019 5:28:59.1540 PM,0
(Orion Power)SysTem Curr Leds to PD 50% Brightness,(Orion Power)SysTem Curr Leds to PD 50% Brightness,"[Hid] /usr/local/bin/hidreport -p 0x026F -v 0x5ac -usage 0xff00,0xf set 0x2 0x2 0x92 0x7",,PASS,,,,,,,,,Sep 18 2019 5:28:59.6300 PM,Sep 18 2019 5:28:59.6300 PM,0
(Orion Power)SysTem Curr Leds to PD 50% Brightness,(Orion Power)SysTem Curr Leds to PD 50% Brightness,[rpc] item_SysCurrent(1000mA),,PASS,,,,,,,,,Sep 18 2019 5:29:01.0940 PM,Sep 18 2019 5:29:01.9450 PM,.8517
(Orion Power)SysTem Curr Leds to PD 50% Brightness,(Orion Power)SysTem Curr Leds to PD 50% Brightness,Sys_led_percent50,,PASS,,72.4826608222,mA,80,65,,,mA,Sep 18 2019 5:29:01.9460 PM,Sep 18 2019 5:29:01.9460 PM,0
USBC Power On,,,,,,,,,,,,,Sep 18 2019 5:29:01.9500 PM,Sep 18 2019 5:29:10.2180 PM,8.2679
USBC Power On,USBC Power On,[rpc] item_TurnAllOffAfterInit,,PASS,,,,,,,,,Sep 18 2019 5:29:01.9510 PM,Sep 18 2019 5:29:03.0990 PM,1.148
USBC Power On,USBC Power On,[rpc] psu_setPSU_init,,PASS,,,,,,,,,Sep 18 2019 5:29:03.1000 PM,Sep 18 2019 5:29:03.1060 PM,.006
USBC Power On,USBC Power On,[rpc] item_PowerOffTypeC,,PASS,,,,,,,,,Sep 18 2019 5:29:03.2750 PM,Sep 18 2019 5:29:03.3900 PM,.1145
USBC Power On,USBC Power On,"[rpc] myiocontrol_set_Bit(24,0)",,PASS,,,,,,,,,Sep 18 2019 5:29:03.3910 PM,Sep 18 2019 5:29:03.3980 PM,.0066
USBC Power On,USBC Power On,"[rpc] myiocontrol_set_Bit(25,0)",,PASS,,,,,,,,,Sep 18 2019 5:29:03.3990 PM,Sep 18 2019 5:29:03.4060 PM,.0065
USBC Power On,USBC Power On,"[rpc] dutgpio_set_pin(7,1)",,PASS,,,,,,,,,Sep 18 2019 5:29:03.5790 PM,Sep 18 2019 5:29:03.5850 PM,.0056
USBC Power On,USBC Power On,"[rpc] item_PowerOnTypeC(5,3000)",,PASS,,,,,,,,,Sep 18 2019 5:29:06.9960 PM,Sep 18 2019 5:29:07.1360 PM,.1401
USBC Power On,USBC Power On,"[rpc] myiocontrol_set_Bit(25,1)",,PASS,,,,,,,,,Sep 18 2019 5:29:09.1380 PM,Sep 18 2019 5:29:09.1450 PM,.0068
(USB-C Power) SYS CURRENT IDLE,,,,,,,,,,,,,Sep 18 2019 5:29:10.2200 PM,Sep 18 2019 5:29:15.2660 PM,5.046
(USB-C Power) SYS CURRENT IDLE,(USB-C Power) SYS CURRENT IDLE,"[Hid] /usr/local/bin/hidreport -p 0x026F -v 0x5ac -usage 0xff00,0xf set 1 1 0",,PASS,,,,,,,,,Sep 18 2019 5:29:10.4990 PM,Sep 18 2019 5:29:10.4990 PM,0
(USB-C Power) SYS CURRENT IDLE,(USB-C Power) SYS CURRENT IDLE,"[Hid] /usr/local/bin/hidreport -p 0x026F -v 0x5ac -usage 0xff00,0xb set 0xce 0xce 3 3 1",,PASS,,,,,,,,,Sep 18 2019 5:29:10.9800 PM,Sep 18 2019 5:29:10.9800 PM,0
(USB-C Power) SYS CURRENT IDLE,(USB-C Power) SYS CURRENT IDLE,"[Hid] /usr/local/bin/hidreport -p 0x026F -v 0x5ac -usage 0xff00,0xb set 0xce 0xce 4 7 1",,PASS,,,,,,,,,Sep 18 2019 5:29:11.4640 PM,Sep 18 2019 5:29:11.4640 PM,0
(USB-C Power) SYS CURRENT IDLE,(USB-C Power) SYS CURRENT IDLE,"[Hid] /usr/local/bin/hidreport -p 0x026F -v 0x5ac -usage 0xff00,0xb set 0x21 0x21 0x1",,PASS,,,,,,,,,Sep 18 2019 5:29:11.9490 PM,Sep 18 2019 5:29:11.9490 PM,0
(USB-C Power) SYS CURRENT IDLE,(USB-C Power) SYS CURRENT IDLE,[rpc] item_SysCurrent(1000mA),,PASS,,,,,,,,,Sep 18 2019 5:29:14.4050 PM,Sep 18 2019 5:29:15.2650 PM,.8594
(USB-C Power) SYS CURRENT IDLE,(USB-C Power) SYS CURRENT IDLE,(USB-C Power) SYS CURRENT IDLE,,PASS,,3.8435414373,mA,4.7,3.2,,,mA,Sep 18 2019 5:29:15.2660 PM,Sep 18 2019 5:29:15.2660 PM,0
(USB-C Power) SYS CURRENT Capslock ONLY,,,,,,,,,,,,,Sep 18 2019 5:29:15.2690 PM,Sep 18 2019 5:29:18.1550 PM,2.8865
(USB-C Power) SYS CURRENT Capslock ONLY,(USB-C Power) SYS CURRENT Capslock ONLY,"[Hid] /usr/local/bin/hidreport -p 0x026F -v 0x5ac -usage 0xff00,0xb set 0xce 0xce 3 3 0",,PASS,,,,,,,,,Sep 18 2019 5:29:15.3620 PM,Sep 18 2019 5:29:15.3620 PM,0
(USB-C Power) SYS CURRENT Capslock ONLY,(USB-C Power) SYS CURRENT Capslock ONLY,[rpc] item_SysCurrent(1000mA),,PASS,,,,,,,,,Sep 18 2019 5:29:16.8270 PM,Sep 18 2019 5:29:17.6760 PM,.849
(USB-C Power) SYS CURRENT Capslock ONLY,(USB-C Power) SYS CURRENT Capslock ONLY,Usbc_CurrCapsLock,,PASS,,22.9402703654,mA,24,21,,,mA,Sep 18 2019 5:29:17.6770 PM,Sep 18 2019 5:29:17.6770 PM,0
(USB-C Power) SYS CURRENT Capslock ONLY,(USB-C Power) SYS CURRENT Capslock ONLY,"[Hid] /usr/local/bin/hidreport -p 0x026F -v 0x5ac -usage 0xff00,0xb set 0xce 0xce 3 3 1",,PASS,,,,,,,,,Sep 18 2019 5:29:17.7720 PM,Sep 18 2019 5:29:17.7720 PM,0
(USB-C Power) SYS CURRENT BLC ONLY,,,,,,,,,,,,,Sep 18 2019 5:29:18.1580 PM,Sep 18 2019 5:29:21.0590 PM,2.901
(USB-C Power) SYS CURRENT BLC ONLY,(USB-C Power) SYS CURRENT BLC ONLY,"[Hid] /usr/local/bin/hidreport -p 0x026F -v 0x5ac -usage 0xFF00,0xF set 0x1 0x1 0x1",,PASS,,,,,,,,,Sep 18 2019 5:29:18.2590 PM,Sep 18 2019 5:29:18.2590 PM,0
(USB-C Power) SYS CURRENT BLC ONLY,(USB-C Power) SYS CURRENT BLC ONLY,[rpc] item_SysCurrent(1000mA),,PASS,,,,,,,,,Sep 18 2019 5:29:19.7140 PM,Sep 18 2019 5:29:20.5710 PM,.8571
(USB-C Power) SYS CURRENT BLC ONLY,(USB-C Power) SYS CURRENT BLC ONLY,Usbc_CurrBacklight,,PASS,,6.4363380917,mA,7.4,5.7,,,mA,Sep 18 2019 5:29:20.5720 PM,Sep 18 2019 5:29:20.5720 PM,0
(USB-C Power) SYS CURRENT BLC ONLY,(USB-C Power) SYS CURRENT BLC ONLY,"[Hid] /usr/local/bin/hidreport -p 0x026F -v 0x5ac -usage 0xff00,0xf set 0x1 0x1 0x0",,PASS,,,,,,,,,Sep 18 2019 5:29:20.6690 PM,Sep 18 2019 5:29:20.6690 PM,0
(USB-C Power) SYS CURRENT MFI ONLY,,,,,,,,,,,,,Sep 18 2019 5:29:21.0620 PM,Sep 18 2019 5:29:23.9560 PM,2.894
(USB-C Power) SYS CURRENT MFI ONLY,(USB-C Power) SYS CURRENT MFI ONLY,"[Hid] /usr/local/bin/hidreport -p 0x026F -v 0x5ac -usage 0xff00,0xb set 0xce 0xce 4 7 0",,PASS,,,,,,,,,Sep 18 2019 5:29:21.1630 PM,Sep 18 2019 5:29:21.1630 PM,0
(USB-C Power) SYS CURRENT MFI ONLY,(USB-C Power) SYS CURRENT MFI ONLY,[rpc] item_SysCurrent(1000mA),,PASS,,,,,,,,,Sep 18 2019 5:29:22.6190 PM,Sep 18 2019 5:29:23.4680 PM,.8484
(USB-C Power) SYS CURRENT MFI ONLY,(USB-C Power) SYS CURRENT MFI ONLY,Usbc_CurrMFI,,PASS,,3.8352720998,mA,4.7,3.2,,,mA,Sep 18 2019 5:29:23.4690 PM,Sep 18 2019 5:29:23.4690 PM,0
(USB-C Power) SYS CURRENT MFI ONLY,(USB-C Power) SYS CURRENT MFI ONLY,"[Hid] /usr/local/bin/hidreport -p 0x026F -v 0x5ac -usage 0xff00,0xb set 0xce 0xce 4 7 1",,PASS,,,,,,,,,Sep 18 2019 5:29:23.5640 PM,Sep 18 2019 5:29:23.5640 PM,0
(USB-C Power) SYS CURRENT TOUCH ONLY,,,,,,,,,,,,,Sep 18 2019 5:29:23.9580 PM,Sep 18 2019 5:29:27.0130 PM,3.0544
(USB-C Power) SYS CURRENT TOUCH ONLY,(USB-C Power) SYS CURRENT TOUCH ONLY,"[Hid] /usr/local/bin/hidreport -p 0x026F -v 0x5ac -usage 0xff00,0xb set 0x21 0x21 0x4",,PASS,,,,,,,,,Sep 18 2019 5:29:24.2650 PM,Sep 18 2019 5:29:24.2650 PM,0
(USB-C Power) SYS CURRENT TOUCH ONLY,(USB-C Power) SYS CURRENT TOUCH ONLY,[rpc] item_SysCurrent(1000mA),,PASS,,,,,,,,,Sep 18 2019 5:29:25.7160 PM,Sep 18 2019 5:29:26.5700 PM,.8546
(USB-C Power) SYS CURRENT TOUCH ONLY,(USB-C Power) SYS CURRENT TOUCH ONLY,Usbc_CurrTouch,,PASS,,16.0187061398,mA,18,14.5,,,mA,Sep 18 2019 5:29:26.5710 PM,Sep 18 2019 5:29:26.5710 PM,0
(USB-C Power) SYS CURRENT TOUCH ONLY,(USB-C Power) SYS CURRENT TOUCH ONLY,"[Hid] /usr/local/bin/hidreport -p 0x026F -v 0x5ac -usage 0xff00,0xb set 0x21 0x21 0x1",,PASS,,,,,,,,,Sep 18 2019 5:29:26.6270 PM,Sep 18 2019 5:29:26.6270 PM,0
(USB-C Power) SYS CURRENT ALL RAILS,,,,,,,,,,,,,Sep 18 2019 5:29:27.0150 PM,Sep 18 2019 5:29:36.5720 PM,9.5568
(USB-C Power) SYS CURRENT ALL RAILS,(USB-C Power) SYS CURRENT ALL RAILS,"[Hid] /usr/local/bin/hidreport -p 0x026F -v 0x5ac -usage 0xFF00,0xF set 1 1 1",,PASS,,,,,,,,,Sep 18 2019 5:29:27.1170 PM,Sep 18 2019 5:29:27.1170 PM,0
(USB-C Power) SYS CURRENT ALL RAILS,(USB-C Power) SYS CURRENT ALL RAILS,"[Hid] /usr/local/bin/hidreport -p 0x026F -v 0x5ac -usage 0xff00,0xb set 0xce 0xce 3 3 0",,PASS,,,,,,,,,Sep 18 2019 5:29:27.6020 PM,Sep 18 2019 5:29:27.6020 PM,0
(USB-C Power) SYS CURRENT ALL RAILS,(USB-C Power) SYS CURRENT ALL RAILS,"[Hid] /usr/local/bin/hidreport -p 0x026F -usage 0xFF00,0xb set 0xCE 0xCE 1 5 0",,PASS,,,,,,,,,Sep 18 2019 5:29:28.0820 PM,Sep 18 2019 5:29:28.0820 PM,0
(USB-C Power) SYS CURRENT ALL RAILS,(USB-C Power) SYS CURRENT ALL RAILS,"[Hid] /usr/local/bin/hidreport -p 0x026F -v 0x5ac -usage 0xff00,0xb set 0xce 0xce 4 7 0",,PASS,,,,,,,,,Sep 18 2019 5:29:28.5730 PM,Sep 18 2019 5:29:28.5730 PM,0
(USB-C Power) SYS CURRENT ALL RAILS,(USB-C Power) SYS CURRENT ALL RAILS,"[Hid] /usr/local/bin/hidreport -p 0x026F -v 0x5ac -usage 0xff00,0xb set 0x21 0x21 0x4",,PASS,,,,,,,,,Sep 18 2019 5:29:29.2660 PM,Sep 18 2019 5:29:29.2660 PM,0
(USB-C Power) SYS CURRENT ALL RAILS,(USB-C Power) SYS CURRENT ALL RAILS,"[Hid] /usr/local/bin/hidreport -p 0x026F -v 0x5ac -usage 0xff00,0xf set 0x02 0x02 0x00 0x00",,PASS,,,,,,,,,Sep 18 2019 5:29:30.8150 PM,Sep 18 2019 5:29:30.8150 PM,0
(USB-C Power) SYS CURRENT ALL RAILS,(USB-C Power) SYS CURRENT ALL RAILS,[rpc] item_SysCurrent(1000mA),,PASS,,,,,,,,,Sep 18 2019 5:29:33.2750 PM,Sep 18 2019 5:29:34.1230 PM,.8479
(USB-C Power) SYS CURRENT ALL RAILS,(USB-C Power) SYS CURRENT ALL RAILS,USBC SYS CURRENT ALL RAILS,,PASS,,28.8616186373,mA,31.5,25,,,mA,Sep 18 2019 5:29:34.1240 PM,Sep 18 2019 5:29:34.1240 PM,0
(USB-C Power) SYS CURRENT ALL RAILS,(USB-C Power) SYS CURRENT ALL RAILS,"[Hid] /usr/local/bin/hidreport -p 0x026F -v 0x5ac -usage 0xff00,0xf set 1 1 0",,PASS,,,,,,,,,Sep 18 2019 5:29:34.2170 PM,Sep 18 2019 5:29:34.2170 PM,0
(USB-C Power) SYS CURRENT ALL RAILS,(USB-C Power) SYS CURRENT ALL RAILS,"[Hid] /usr/local/bin/hidreport -p 0x026F -v 0x5ac -usage 0xff00,0xb set 0xce 0xce 3 3 1",,PASS,,,,,,,,,Sep 18 2019 5:29:34.7000 PM,Sep 18 2019 5:29:34.7000 PM,0
(USB-C Power) SYS CURRENT ALL RAILS,(USB-C Power) SYS CURRENT ALL RAILS,"[Hid] /usr/local/bin/hidreport -p 0x026F -v 0x5ac -usage 0xff00,0xb set 0xce 0xce 4 7 1",,PASS,,,,,,,,,Sep 18 2019 5:29:35.1320 PM,Sep 18 2019 5:29:35.1320 PM,0
(USB-C Power) SYS CURRENT ALL RAILS,(USB-C Power) SYS CURRENT ALL RAILS,"[Hid] /usr/local/bin/hidreport -p 0x026F -v 0x5ac -usage 0xff00,0xb set 0x21 0x21 0x1",,PASS,,,,,,,,,Sep 18 2019 5:29:35.6160 PM,Sep 18 2019 5:29:35.6160 PM,0
(USB-C Power)SysTem Curr Leds to 0% Brightness,,,,,,,,,,,,,Sep 18 2019 5:29:36.5760 PM,Sep 18 2019 5:29:40.4500 PM,3.8732
(USB-C Power)SysTem Curr Leds to 0% Brightness,(USB-C Power)SysTem Curr Leds to 0% Brightness,"[Hid] /usr/local/bin/hidreport -p 0x026F -v 0x5ac -usage 0xff00,0xf set 0x01 0x01 0x01",,PASS,,,,,,,,,Sep 18 2019 5:29:36.6790 PM,Sep 18 2019 5:29:36.6790 PM,0
(USB-C Power)SysTem Curr Leds to 0% Brightness,(USB-C Power)SysTem Curr Leds to 0% Brightness,"[Hid] /usr/local/bin/hidreport -p 0x026F -v 0x5ac -usage 0xff00,0xf set 0x3 0x3 0x19",,PASS,,,,,,,,,Sep 18 2019 5:29:37.7390 PM,Sep 18 2019 5:29:37.7390 PM,0
(USB-C Power)SysTem Curr Leds to 0% Brightness,(USB-C Power)SysTem Curr Leds to 0% Brightness,"[Hid] /usr/local/bin/hidreport -p 0x026F -v 0x5ac -usage 0xff00,0xf set 0x02 0x02 0x00 0x00",,PASS,,,,,,,,,Sep 18 2019 5:29:38.1480 PM,Sep 18 2019 5:29:38.1480 PM,0
(USB-C Power)SysTem Curr Leds to 0% Brightness,(USB-C Power)SysTem Curr Leds to 0% Brightness,[rpc] item_SysCurrent(1000mA),,PASS,,,,,,,,,Sep 18 2019 5:29:39.5990 PM,Sep 18 2019 5:29:40.4480 PM,.8492
(USB-C Power)SysTem Curr Leds to 0% Brightness,(USB-C Power)SysTem Curr Leds to 0% Brightness,Usbc_Sys_led_percent0,,PASS,,6.4660819715,mA,7.5,5.5,,,mA,Sep 18 2019 5:29:40.4490 PM,Sep 18 2019 5:29:40.4490 PM,0
(USB-C Power)SysTem Curr Leds to 1% Brightness,,,,,,,,,,,,,Sep 18 2019 5:29:40.4520 PM,Sep 18 2019 5:29:42.8120 PM,2.3601
(USB-C Power)SysTem Curr Leds to 1% Brightness,(USB-C Power)SysTem Curr Leds to 1% Brightness,"[Hid] /usr/local/bin/hidreport -p 0x026F -v 0x5ac -usage 0xff00,0xf set 0x02 0x02 0x14 0x00",,PASS,,,,,,,,,Sep 18 2019 5:29:40.4960 PM,Sep 18 2019 5:29:40.4960 PM,0
(USB-C Power)SysTem Curr Leds to 1% Brightness,(USB-C Power)SysTem Curr Leds to 1% Brightness,[rpc] item_SysCurrent(1000mA),,PASS,,,,,,,,,Sep 18 2019 5:29:41.9530 PM,Sep 18 2019 5:29:42.8110 PM,.8582
(USB-C Power)SysTem Curr Leds to 1% Brightness,(USB-C Power)SysTem Curr Leds to 1% Brightness,Usbc_Sys_led_percent1,,PASS,,9.461140867699999,mA,10.5,8.5,,,mA,Sep 18 2019 5:29:42.8120 PM,Sep 18 2019 5:29:42.8120 PM,0
(USB-C Power)SysTem Curr Leds to 100% Brightness,,,,,,,,,,,,,Sep 18 2019 5:29:42.8150 PM,Sep 18 2019 5:29:44.9950 PM,2.1802
(USB-C Power)SysTem Curr Leds to 100% Brightness,(USB-C Power)SysTem Curr Leds to 100% Brightness,"[Hid] /usr/local/bin/hidreport -p 0x026F -v 0x5ac -usage 0xff00,0xf set 0x02 0x02 0xff 0x7",,PASS,,,,,,,,,Sep 18 2019 5:29:42.8580 PM,Sep 18 2019 5:29:42.8580 PM,0
(USB-C Power)SysTem Curr Leds to 100% Brightness,(USB-C Power)SysTem Curr Leds to 100% Brightness,[rpc] item_SysCurrent(1000mA),,PASS,,,,,,,,,Sep 18 2019 5:29:44.3060 PM,Sep 18 2019 5:29:44.9940 PM,.688
(USB-C Power)SysTem Curr Leds to 100% Brightness,(USB-C Power)SysTem Curr Leds to 100% Brightness,Usbc_Sys_led_percent100,,PASS,,278.3990599085,mA,295,265,,,mA,Sep 18 2019 5:29:44.9940 PM,Sep 18 2019 5:29:44.9940 PM,0
(USB-C Power)SysTem Curr Leds to PD 50% Brightness,,,,,,,,,,,,,Sep 18 2019 5:29:44.9970 PM,Sep 18 2019 5:29:53.4670 PM,8.4692
(USB-C Power)SysTem Curr Leds to PD 50% Brightness,(USB-C Power)SysTem Curr Leds to PD 50% Brightness,"[Hid] /usr/local/bin/hidreport -p 0x026F -v 0x5ac -usage 0xff00,0xf set 0x2 0x2 0x00 0x0",,PASS,,,,,,,,,Sep 18 2019 5:29:45.0930 PM,Sep 18 2019 5:29:45.0930 PM,0
(USB-C Power)SysTem Curr Leds to PD 50% Brightness,(USB-C Power)SysTem Curr Leds to PD 50% Brightness,"[Hid] /usr/local/bin/hidreport -p 0x026F -v 0x5ac -usage 0xff00,0xf set 0x3 0x3 0xa",,PASS,,,,,,,,,Sep 18 2019 5:29:45.5250 PM,Sep 18 2019 5:29:45.5250 PM,0
(USB-C Power)SysTem Curr Leds to PD 50% Brightness,(USB-C Power)SysTem Curr Leds to PD 50% Brightness,"[Hid] /usr/local/bin/hidreport -p 0x026F -v 0x5ac -usage 0xff00,0xf set 0x1 0x1 0x1",,PASS,,,,,,,,,Sep 18 2019 5:29:46.0150 PM,Sep 18 2019 5:29:46.0150 PM,0
(USB-C Power)SysTem Curr Leds to PD 50% Brightness,(USB-C Power)SysTem Curr Leds to PD 50% Brightness,"[Hid] /usr/local/bin/hidreport -p 0x026F -v 0x5ac -usage 0xff00,0xf get 0x03",,PASS,,,,,,,,,Sep 18 2019 5:29:46.6730 PM,Sep 18 2019 5:29:46.6730 PM,0
(USB-C Power)SysTem Curr Leds to PD 50% Brightness,(USB-C Power)SysTem Curr Leds to PD 50% Brightness,"[Hid] /usr/local/bin/hidreport -p 0x026F -v 0x5ac -usage 0xff00,0xf set 0x2 0x2 0x92 0x7",,PASS,,,,,,,,,Sep 18 2019 5:29:47.1540 PM,Sep 18 2019 5:29:47.1540 PM,0
(USB-C Power)SysTem Curr Leds to PD 50% Brightness,(USB-C Power)SysTem Curr Leds to PD 50% Brightness,[rpc] item_SysCurrent(1000mA),,PASS,,,,,,,,,Sep 18 2019 5:29:52.6110 PM,Sep 18 2019 5:29:53.4650 PM,.8539
(USB-C Power)SysTem Curr Leds to PD 50% Brightness,(USB-C Power)SysTem Curr Leds to PD 50% Brightness,Usbc_Sys_led_percent50,,PASS,,77.30735071629999,mA,85,70,,,mA,Sep 18 2019 5:29:53.4660 PM,Sep 18 2019 5:29:53.4660 PM,0
5V 1.5A Curr CC Rp = 22kohm,,,,,,,,,,,,,Sep 18 2019 5:29:53.4700 PM,Sep 18 2019 5:30:06.3760 PM,12.9066
5V 1.5A Curr CC Rp = 22kohm,5V 1.5A Curr CC Rp = 22kohm,[rpc] myiocontrol_TurnAllOff,,PASS,,,,,,,,,Sep 18 2019 5:29:53.4710 PM,Sep 18 2019 5:29:53.5680 PM,.0969
5V 1.5A Curr CC Rp = 22kohm,5V 1.5A Curr CC Rp = 22kohm,[rpc] cyg_eload_SetEloadOff,,PASS,,,,,,,,,Sep 18 2019 5:29:53.5690 PM,Sep 18 2019 5:29:53.7230 PM,.1539
5V 1.5A Curr CC Rp = 22kohm,5V 1.5A Curr CC Rp = 22kohm,"[rpc] dutgpio_set_pin(7,0)",,PASS,,,,,,,,,Sep 18 2019 5:29:54.3000 PM,Sep 18 2019 5:29:54.3050 PM,.0047
5V 1.5A Curr CC Rp = 22kohm,5V 1.5A Curr CC Rp = 22kohm,[rpc] item_PowerOffTypeC,,PASS,,,,,,,,,Sep 18 2019 5:29:54.3060 PM,Sep 18 2019 5:29:54.4210 PM,.1149
5V 1.5A Curr CC Rp = 22kohm,5V 1.5A Curr CC Rp = 22kohm,"[rpc] myiocontrol_set_Bit(15,1)",,PASS,,,,,,,,,Sep 18 2019 5:29:54.9940 PM,Sep 18 2019 5:29:55.0010 PM,.0068
5V 1.5A Curr CC Rp = 22kohm,5V 1.5A Curr CC Rp = 22kohm,"[rpc] myiocontrol_set_Bit(30,1)",,PASS,,,,,,,,,Sep 18 2019 5:29:55.1750 PM,Sep 18 2019 5:29:55.1820 PM,.0068
5V 1.5A Curr CC Rp = 22kohm,5V 1.5A Curr CC Rp = 22kohm,"[rpc] myiocontrol_set_Bit(18,1)",,PASS,,,,,,,,,Sep 18 2019 5:29:55.3560 PM,Sep 18 2019 5:29:55.3630 PM,.0066
5V 1.5A Curr CC Rp = 22kohm,5V 1.5A Curr CC Rp = 22kohm,"[rpc] myiocontrol_set_Bit(19,1)",,PASS,,,,,,,,,Sep 18 2019 5:29:55.5370 PM,Sep 18 2019 5:29:55.5440 PM,.0067
5V 1.5A Curr CC Rp = 22kohm,5V 1.5A Curr CC Rp = 22kohm,"[rpc] myiocontrol_set_Bit(16,1)",,PASS,,,,,,,,,Sep 18 2019 5:29:56.1200 PM,Sep 18 2019 5:29:56.1270 PM,.0067
5V 1.5A Curr CC Rp = 22kohm,5V 1.5A Curr CC Rp = 22kohm,"[rpc] dutgpio_set_pin(7,1)",,PASS,,,,,,,,,Sep 18 2019 5:29:56.7030 PM,Sep 18 2019 5:29:56.7080 PM,.0045
5V 1.5A Curr CC Rp = 22kohm,5V 1.5A Curr CC Rp = 22kohm,[rpc] psu_setPSU_Volt(5),,PASS,,,,,,,,,Sep 18 2019 5:29:59.7810 PM,Sep 18 2019 5:29:59.7910 PM,.0101
5V 1.5A Curr CC Rp = 22kohm,5V 1.5A Curr CC Rp = 22kohm,"[rpc] myiocontrol_set_Bit(25,1)",,PASS,,,,,,,,,Sep 18 2019 5:30:01.8620 PM,Sep 18 2019 5:30:01.8680 PM,.0067
5V 1.5A Curr CC Rp = 22kohm,5V 1.5A Curr CC Rp = 22kohm,"[rpc] baseboard_set_pin(2,1)",,PASS,,,,,,,,,Sep 18 2019 5:30:02.4450 PM,Sep 18 2019 5:30:02.4520 PM,.0067
5V 1.5A Curr CC Rp = 22kohm,5V 1.5A Curr CC Rp = 22kohm,[rpc] cyg_eload_SetEloadCurr(1.500000),,PASS,,,,,,,,,Sep 18 2019 5:30:03.0280 PM,Sep 18 2019 5:30:03.1820 PM,.1538
5V 1.5A Curr CC Rp = 22kohm,5V 1.5A Curr CC Rp = 22kohm,[rpc] cyg_eload_SetEloadOn,,PASS,,,,,,,,,Sep 18 2019 5:30:03.7550 PM,Sep 18 2019 5:30:03.9090 PM,.154
5V 1.5A Curr CC Rp = 22kohm,5V 1.5A Curr CC Rp = 22kohm,[rpc] item_SysCurrent(3000mA),,PASS,,,,,,,,,Sep 18 2019 5:30:04.9790 PM,Sep 18 2019 5:30:05.8740 PM,.8952
5V 1.5A Curr CC Rp = 22kohm,5V 1.5A Curr CC Rp = 22kohm,CurrCharge 5V 1.5A,,PASS,,1506.9614286797,mA,1520,1490,,,mA,Sep 18 2019 5:30:05.8750 PM,Sep 18 2019 5:30:05.8750 PM,0
5V 1.5A Curr CC Rp = 22kohm,5V 1.5A Curr CC Rp = 22kohm,"[Hid] /usr/local/bin/hidreport -p 0x026F -v 0x5ac -usage 0xFF00,0xb get 0xa3",,PASS,,,,,,,,,Sep 18 2019 5:30:05.9860 PM,Sep 18 2019 5:30:05.9860 PM,0
5V 1.5A Curr CC Rp = 22kohm,5V 1.5A Curr CC Rp = 22kohm,CurrCharge pass,01 88 13 F4 01,PASS,,,,,,,,,Sep 18 2019 5:30:06.3760 PM,Sep 18 2019 5:30:06.3760 PM,0
5V 1.5A Charge Mode,,,,,,,,,,,,,Sep 18 2019 5:30:06.3800 PM,Sep 18 2019 5:30:06.3800 PM,.0006
5V 1.5A Charge Mode,5V 1.5A Charge Mode,ChargeMode_1A5,,PASS,,1,NA,1,1,,,NA,Sep 18 2019 5:30:06.3800 PM,Sep 18 2019 5:30:06.3800 PM,0
5V 1.5A Charge Voltage ,,,,,,,,,,,,,Sep 18 2019 5:30:06.3830 PM,Sep 18 2019 5:30:06.3830 PM,.0005
5V 1.5A Charge Voltage ,5V 1.5A Charge Voltage ,ChargeVoltage_1A5,,PASS,,5000,mV,5000,5000,,,mV,Sep 18 2019 5:30:06.3830 PM,Sep 18 2019 5:30:06.3830 PM,0
5V 1.5A Charge Capability,,,,,,,,,,,,,Sep 18 2019 5:30:06.3850 PM,Sep 18 2019 5:30:06.3860 PM,.0006
5V 1.5A Charge Capability,5V 1.5A Charge Capability,ChargeCapability_1A5,,PASS,,500,NA,500,500,,,NA,Sep 18 2019 5:30:06.3860 PM,Sep 18 2019 5:30:06.3860 PM,0
5V 1.5A Orion Power Voltage,,,,,,,,,,,,,Sep 18 2019 5:30:06.3880 PM,Sep 18 2019 5:30:07.6680 PM,1.2803
5V 1.5A Orion Power Voltage,5V 1.5A Orion Power Voltage,[rpc] item_OrionVoltage(60V),,PASS,,,,,,,,,Sep 18 2019 5:30:06.3890 PM,Sep 18 2019 5:30:07.6670 PM,1.2782
5V 1.5A Orion Power Voltage,5V 1.5A Orion Power Voltage,OrionPower_1A5,,PASS,,4637.7765024938,mV,4800,4500,,,mV,Sep 18 2019 5:30:07.6680 PM,Sep 18 2019 5:30:07.6680 PM,0
5V 1.5A DUT Input Voltage,,,,,,,,,,,,,Sep 18 2019 5:30:07.6710 PM,Sep 18 2019 5:30:09.2110 PM,1.54
5V 1.5A DUT Input Voltage,5V 1.5A DUT Input Voltage,[rpc] measure_get_voltage(60V),,PASS,,,,,,,,,Sep 18 2019 5:30:07.6720 PM,Sep 18 2019 5:30:07.8960 PM,.2243
5V 1.5A DUT Input Voltage,5V 1.5A DUT Input Voltage,DUTinput_1A5,,PASS,,5051.5034193961,mV,5100,4900,,,mV,Sep 18 2019 5:30:07.8970 PM,Sep 18 2019 5:30:07.8970 PM,0
5V 1.5A DUT Input Voltage,5V 1.5A DUT Input Voltage,[rpc] cyg_eload_SetEloadOff,,PASS,,,,,,,,,Sep 18 2019 5:30:07.8980 PM,Sep 18 2019 5:30:08.0510 PM,.1536
5V 1.5A DUT Input Voltage,5V 1.5A DUT Input Voltage,"[rpc] baseboard_set_pin(2,0)",,PASS,,,,,,,,,Sep 18 2019 5:30:08.6280 PM,Sep 18 2019 5:30:08.6350 PM,.0069
Download CCG3 FW,,,,,,,,,,,,,Sep 18 2019 5:30:09.2130 PM,Sep 18 2019 5:30:43.0000 PM,33.7871
Download CCG3 FW,Download CCG3 FW,[rpc] item_TurnAllOffAfterInit,,PASS,,,,,,,,,Sep 18 2019 5:30:09.2140 PM,Sep 18 2019 5:30:10.3640 PM,1.1493
Download CCG3 FW,Download CCG3 FW,[rpc] psu_setPSU_init,,PASS,,,,,,,,,Sep 18 2019 5:30:10.3650 PM,Sep 18 2019 5:30:10.3710 PM,.0061
Download CCG3 FW,Download CCG3 FW,[rpc] item_PowerOffTypeC,,PASS,,,,,,,,,Sep 18 2019 5:30:10.5390 PM,Sep 18 2019 5:30:10.6530 PM,.1147
Download CCG3 FW,Download CCG3 FW,"[rpc] myiocontrol_set_Bit(24,0)",,PASS,,,,,,,,,Sep 18 2019 5:30:10.6550 PM,Sep 18 2019 5:30:10.6620 PM,.0067
Download CCG3 FW,Download CCG3 FW,"[rpc] myiocontrol_set_Bit(25,0)",,PASS,,,,,,,,,Sep 18 2019 5:30:10.6630 PM,Sep 18 2019 5:30:10.6700 PM,.0066
Download CCG3 FW,Download CCG3 FW,"[rpc] dutgpio_set_pin(7,1)",,PASS,,,,,,,,,Sep 18 2019 5:30:10.8410 PM,Sep 18 2019 5:30:10.8450 PM,.0041
Download CCG3 FW,Download CCG3 FW,"[Hid] /usr/local/bin/hidreport -p 0x026F -v 0x5ac -usage 0xff00,0xb set 0xce 0xce 6 6 0",,PASS,,,,,,,,,Sep 18 2019 5:30:13.9600 PM,Sep 18 2019 5:30:13.9600 PM,0
Download CCG3 FW,Download CCG3 FW,[Hid] /usr/local/bin/shfuc -n -v 0x05ac -p 0x026F -f /usr/local/bin/Calblob/R128-CCG3-v11_apps.afu,,PASS,,,,,,,,,Sep 18 2019 5:30:42.6060 PM,Sep 18 2019 5:30:42.6060 PM,0
Download CCG3 FW,Download CCG3 FW,downloadCCG3 pass,FW update succeeded,PASS,,,,,,,,,Sep 18 2019 5:30:43.0000 PM,Sep 18 2019 5:30:43.0000 PM,0
After Download Read CCG3 FW,,,,,,,,,,,,,Sep 18 2019 5:30:43.0030 PM,Sep 18 2019 5:30:58.4540 PM,15.4503
After Download Read CCG3 FW,After Download Read CCG3 FW,[rpc] item_TurnAllOffAfterInit,,PASS,,,,,,,,,Sep 18 2019 5:30:43.0040 PM,Sep 18 2019 5:30:44.1540 PM,1.1492
After Download Read CCG3 FW,After Download Read CCG3 FW,[rpc] psu_setPSU_init,,PASS,,,,,,,,,Sep 18 2019 5:30:44.1550 PM,Sep 18 2019 5:30:44.1600 PM,.005
After Download Read CCG3 FW,After Download Read CCG3 FW,[rpc] item_PowerOffTypeC,,PASS,,,,,,,,,Sep 18 2019 5:30:44.3350 PM,Sep 18 2019 5:30:44.4490 PM,.1147
After Download Read CCG3 FW,After Download Read CCG3 FW,"[rpc] myiocontrol_set_Bit(24,0)",,PASS,,,,,,,,,Sep 18 2019 5:30:44.4510 PM,Sep 18 2019 5:30:44.4580 PM,.0066
After Download Read CCG3 FW,After Download Read CCG3 FW,"[rpc] myiocontrol_set_Bit(25,0)",,PASS,,,,,,,,,Sep 18 2019 5:30:44.4590 PM,Sep 18 2019 5:30:44.4660 PM,.0067
After Download Read CCG3 FW,After Download Read CCG3 FW,"[rpc] dutgpio_set_pin(7,1)",,PASS,,,,,,,,,Sep 18 2019 5:30:44.6360 PM,Sep 18 2019 5:30:44.6410 PM,.0044
After Download Read CCG3 FW,After Download Read CCG3 FW,"[rpc] item_PowerOnTypeC(5,3000)",,PASS,,,,,,,,,Sep 18 2019 5:30:48.0560 PM,Sep 18 2019 5:30:48.1960 PM,.1405
After Download Read CCG3 FW,After Download Read CCG3 FW,"[rpc] myiocontrol_set_Bit(25,1)",,PASS,,,,,,,,,Sep 18 2019 5:30:50.2680 PM,Sep 18 2019 5:30:50.2750 PM,.0068
After Download Read CCG3 FW,After Download Read CCG3 FW,[Hid] /usr/local/bin/hidreport -v 0x05ac -p 0x026F -i 0 get a0,,PASS,,,,,,,,,Sep 18 2019 5:30:51.5500 PM,Sep 18 2019 5:30:51.5500 PM,0
After Download Read CCG3 FW,After Download Read CCG3 FW,[Hid] /usr/local/bin/hidreport -v 0x05ac -p 0x026F -i 0 get a0-2,,PASS,,,,,,,,,Sep 18 2019 5:30:51.9710 PM,Sep 18 2019 5:30:51.9710 PM,0
After Download Read CCG3 FW,After Download Read CCG3 FW,[Hid] /usr/local/bin/hidreport -v 0x05ac -p 0x026F -i 0 get a0-3,,PASS,,,,,,,,,Sep 18 2019 5:30:52.3940 PM,Sep 18 2019 5:30:52.3940 PM,0
After Download Read CCG3 FW,After Download Read CCG3 FW,[Hid] /usr/local/bin/hidreport -v 0x05ac -p 0x026F -i 0 get a0-4,,PASS,,,,,,,,,Sep 18 2019 5:30:52.8160 PM,Sep 18 2019 5:30:52.8160 PM,0
After Download Read CCG3 FW,After Download Read CCG3 FW,[Hid] /usr/local/bin/hidreport -v 0x05ac -p 0x026F -i 0 get a0-5,,PASS,,,,,,,,,Sep 18 2019 5:30:53.2380 PM,Sep 18 2019 5:30:53.2380 PM,0
After Download Read CCG3 FW,After Download Read CCG3 FW,"[rpc] myiocontrol_set_Bit(25,0)-2",,PASS,,,,,,,,,Sep 18 2019 5:30:53.6270 PM,Sep 18 2019 5:30:53.6340 PM,.007
After Download Read CCG3 FW,After Download Read CCG3 FW,"[rpc] dutgpio_set_pin(7,0)",,PASS,,,,,,,,,Sep 18 2019 5:30:54.2100 PM,Sep 18 2019 5:30:54.2150 PM,.0045
After Download Read CCG3 FW,After Download Read CCG3 FW,"[rpc] dutgpio_set_pin(7,1)-2",,PASS,,,,,,,,,Sep 18 2019 5:30:55.2860 PM,Sep 18 2019 5:30:55.2910 PM,.0045
After Download Read CCG3 FW,After Download Read CCG3 FW,"[rpc] myiocontrol_set_Bit(25,1)-2",,PASS,,,,,,,,,Sep 18 2019 5:30:57.3580 PM,Sep 18 2019 5:30:57.3650 PM,.0068
After Download Read CCG3 FW,After Download Read CCG3 FW,[Hid] /usr/local/bin/hidreport -v 0x05ac -p 0x026F -i 0 get a0-6,,PASS,,,,,,,,,Sep 18 2019 5:30:58.0700 PM,Sep 18 2019 5:30:58.0700 PM,0
After Download Read CCG3 FW,After Download Read CCG3 FW,ReadCCG3FW pass,A0 02 00 0B 00 0B 00 0B ,PASS,,,,,,,,,Sep 18 2019 5:30:58.4530 PM,Sep 18 2019 5:30:58.4530 PM,0
5V 2.5A Curr CC Rp = 10kohm,,,,,,,,,,,,,Sep 18 2019 5:30:58.4570 PM,Sep 18 2019 5:31:11.4040 PM,12.9472
5V 2.5A Curr CC Rp = 10kohm,5V 2.5A Curr CC Rp = 10kohm,[rpc] myiocontrol_TurnAllOff,,PASS,,,,,,,,,Sep 18 2019 5:30:58.4580 PM,Sep 18 2019 5:30:58.5490 PM,.091
5V 2.5A Curr CC Rp = 10kohm,5V 2.5A Curr CC Rp = 10kohm,[rpc] cyg_eload_SetEloadOff,,PASS,,,,,,,,,Sep 18 2019 5:30:58.5510 PM,Sep 18 2019 5:30:58.7040 PM,.1537
5V 2.5A Curr CC Rp = 10kohm,5V 2.5A Curr CC Rp = 10kohm,"[rpc] dutgpio_set_pin(7,0)",,PASS,,,,,,,,,Sep 18 2019 5:30:59.2060 PM,Sep 18 2019 5:30:59.2110 PM,.0046
5V 2.5A Curr CC Rp = 10kohm,5V 2.5A Curr CC Rp = 10kohm,[rpc] item_PowerOffTypeC,,PASS,,,,,,,,,Sep 18 2019 5:30:59.2120 PM,Sep 18 2019 5:30:59.3270 PM,.1145
5V 2.5A Curr CC Rp = 10kohm,5V 2.5A Curr CC Rp = 10kohm,"[rpc] myiocontrol_set_Bit(29,1)",,PASS,,,,,,,,,Sep 18 2019 5:30:59.8290 PM,Sep 18 2019 5:30:59.8360 PM,.0068
5V 2.5A Curr CC Rp = 10kohm,5V 2.5A Curr CC Rp = 10kohm,"[rpc] myiocontrol_set_Bit(30,1)",,PASS,,,,,,,,,Sep 18 2019 5:31:00.0110 PM,Sep 18 2019 5:31:00.0180 PM,.0068
5V 2.5A Curr CC Rp = 10kohm,5V 2.5A Curr CC Rp = 10kohm,"[rpc] myiocontrol_set_Bit(7,1)",,PASS,,,,,,,,,Sep 18 2019 5:31:00.1920 PM,Sep 18 2019 5:31:00.1990 PM,.0067
5V 2.5A Curr CC Rp = 10kohm,5V 2.5A Curr CC Rp = 10kohm,"[rpc] myiocontrol_set_Bit(15,1)",,PASS,,,,,,,,,Sep 18 2019 5:31:00.3740 PM,Sep 18 2019 5:31:00.3800 PM,.0067
5V 2.5A Curr CC Rp = 10kohm,5V 2.5A Curr CC Rp = 10kohm,"[rpc] myiocontrol_set_Bit(18,1)",,PASS,,,,,,,,,Sep 18 2019 5:31:00.5560 PM,Sep 18 2019 5:31:00.5630 PM,.0066
5V 2.5A Curr CC Rp = 10kohm,5V 2.5A Curr CC Rp = 10kohm,"[rpc] myiocontrol_set_Bit(19,1)",,PASS,,,,,,,,,Sep 18 2019 5:31:00.7350 PM,Sep 18 2019 5:31:00.7420 PM,.0067
5V 2.5A Curr CC Rp = 10kohm,5V 2.5A Curr CC Rp = 10kohm,"[rpc] myiocontrol_set_Bit(16,1)",,PASS,,,,,,,,,Sep 18 2019 5:31:01.3180 PM,Sep 18 2019 5:31:01.3250 PM,.0069
5V 2.5A Curr CC Rp = 10kohm,5V 2.5A Curr CC Rp = 10kohm,"[rpc] dutgpio_set_pin(7,1)",,PASS,,,,,,,,,Sep 18 2019 5:31:01.9010 PM,Sep 18 2019 5:31:01.9060 PM,.0044
5V 2.5A Curr CC Rp = 10kohm,5V 2.5A Curr CC Rp = 10kohm,[rpc] psu_setPSU_Volt(5),,PASS,,,,,,,,,Sep 18 2019 5:31:04.9790 PM,Sep 18 2019 5:31:04.9890 PM,.0102
5V 2.5A Curr CC Rp = 10kohm,5V 2.5A Curr CC Rp = 10kohm,"[rpc] myiocontrol_set_Bit(25,1)",,PASS,,,,,,,,,Sep 18 2019 5:31:07.0600 PM,Sep 18 2019 5:31:07.0670 PM,.0066
5V 2.5A Curr CC Rp = 10kohm,5V 2.5A Curr CC Rp = 10kohm,"[rpc] baseboard_set_pin(2,1)",,PASS,,,,,,,,,Sep 18 2019 5:31:07.6440 PM,Sep 18 2019 5:31:07.6500 PM,.0068
5V 2.5A Curr CC Rp = 10kohm,5V 2.5A Curr CC Rp = 10kohm,[rpc] cyg_eload_SetEloadCurr(2.500000),,PASS,,,,,,,,,Sep 18 2019 5:31:08.2270 PM,Sep 18 2019 5:31:08.3820 PM,.155
5V 2.5A Curr CC Rp = 10kohm,5V 2.5A Curr CC Rp = 10kohm,[rpc] cyg_eload_SetEloadOn,,PASS,,,,,,,,,Sep 18 2019 5:31:08.9570 PM,Sep 18 2019 5:31:09.1110 PM,.1538
5V 2.5A Curr CC Rp = 10kohm,5V 2.5A Curr CC Rp = 10kohm,[rpc] item_SysCurrent(3000mA),,PASS,,,,,,,,,Sep 18 2019 5:31:10.1780 PM,Sep 18 2019 5:31:10.9060 PM,.7286
5V 2.5A Curr CC Rp = 10kohm,5V 2.5A Curr CC Rp = 10kohm,CurrCharge 5V 2.5A,,PASS,,2504.9147956114,mA,2525,2475,,,mA,Sep 18 2019 5:31:10.9070 PM,Sep 18 2019 5:31:10.9070 PM,0
5V 2.5A Curr CC Rp = 10kohm,5V 2.5A Curr CC Rp = 10kohm,"[Hid] /usr/local/bin/hidreport -p 0x026F -v 0x5ac -usage 0xFF00,0xb get 0xa3",,PASS,,,,,,,,,Sep 18 2019 5:31:11.0160 PM,Sep 18 2019 5:31:11.0160 PM,0
5V 2.5A Curr CC Rp = 10kohm,5V 2.5A Curr CC Rp = 10kohm,CurrCharge_2A5 pass,01 88 13 F4 01,PASS,,,,,,,,,Sep 18 2019 5:31:11.4040 PM,Sep 18 2019 5:31:11.4040 PM,0
5V 2.5A Charge Mode,,,,,,,,,,,,,Sep 18 2019 5:31:11.4080 PM,Sep 18 2019 5:31:11.4090 PM,.0007
5V 2.5A Charge Mode,5V 2.5A Charge Mode,ChargeMode_2A5,,PASS,,1,NA,1,1,,,NA,Sep 18 2019 5:31:11.4080 PM,Sep 18 2019 5:31:11.4080 PM,0
5V 2.5A Charge Voltage ,,,,,,,,,,,,,Sep 18 2019 5:31:11.4110 PM,Sep 18 2019 5:31:11.4110 PM,.0006
5V 2.5A Charge Voltage ,5V 2.5A Charge Voltage ,ChargeVoltage_2A5,,PASS,,5000,NA,5000,5000,,,NA,Sep 18 2019 5:31:11.4110 PM,Sep 18 2019 5:31:11.4110 PM,0
5V 2.5A Charge Capability,,,,,,,,,,,,,Sep 18 2019 5:31:11.4130 PM,Sep 18 2019 5:31:11.4140 PM,.0007
5V 2.5A Charge Capability,5V 2.5A Charge Capability,ChargeCapability_2A5,,PASS,,500,NA,500,500,,,NA,Sep 18 2019 5:31:11.4140 PM,Sep 18 2019 5:31:11.4140 PM,0
5V 2.5A Orion Power Voltage,,,,,,,,,,,,,Sep 18 2019 5:31:11.4170 PM,Sep 18 2019 5:31:12.6990 PM,1.2821
5V 2.5A Orion Power Voltage,5V 2.5A Orion Power Voltage,[rpc] item_OrionVoltage(60V),,PASS,,,,,,,,,Sep 18 2019 5:31:11.4190 PM,Sep 18 2019 5:31:12.6980 PM,1.2794
5V 2.5A Orion Power Voltage,5V 2.5A Orion Power Voltage,OrionPower_2A5,,PASS,,4382.6441580417,mV,4650,4150,,,mV,Sep 18 2019 5:31:12.6990 PM,Sep 18 2019 5:31:12.6990 PM,0
5V 2.5A DUT Input Voltage,,,,,,,,,,,,,Sep 18 2019 5:31:12.7010 PM,Sep 18 2019 5:31:13.6640 PM,.9624
5V 2.5A DUT Input Voltage,5V 2.5A DUT Input Voltage,[rpc] measure_get_voltage(60V),,PASS,,,,,,,,,Sep 18 2019 5:31:12.7020 PM,Sep 18 2019 5:31:12.9270 PM,.2248
5V 2.5A DUT Input Voltage,5V 2.5A DUT Input Voltage,DUTinput_2A5,,PASS,,5077.2746645714,mV,5200,4950,,,mV,Sep 18 2019 5:31:12.9280 PM,Sep 18 2019 5:31:12.9280 PM,0
5V 2.5A DUT Input Voltage,5V 2.5A DUT Input Voltage,[rpc] cyg_eload_SetEloadOff,,PASS,,,,,,,,,Sep 18 2019 5:31:12.9290 PM,Sep 18 2019 5:31:13.0830 PM,.154
5V 2.5A DUT Input Voltage,5V 2.5A DUT Input Voltage,"[rpc] baseboard_set_pin(2,0)",,PASS,,,,,,,,,Sep 18 2019 5:31:13.6560 PM,Sep 18 2019 5:31:13.6630 PM,.0069
9V 2.5A Curr USBC PD,,,,,,,,,,,,,Sep 18 2019 5:31:13.6660 PM,Sep 18 2019 5:31:29.4130 PM,15.7467
9V 2.5A Curr USBC PD,9V 2.5A Curr USBC PD,[rpc] item_TurnAllOffAfterInit,,PASS,,,,,,,,,Sep 18 2019 5:31:13.6670 PM,Sep 18 2019 5:31:14.8170 PM,1.1494
9V 2.5A Curr USBC PD,9V 2.5A Curr USBC PD,[rpc] psu_setPSU_init,,PASS,,,,,,,,,Sep 18 2019 5:31:14.8180 PM,Sep 18 2019 5:31:14.8240 PM,.006
9V 2.5A Curr USBC PD,9V 2.5A Curr USBC PD,[rpc] item_PowerOffTypeC,,PASS,,,,,,,,,Sep 18 2019 5:31:14.9990 PM,Sep 18 2019 5:31:15.1140 PM,.1144
9V 2.5A Curr USBC PD,9V 2.5A Curr USBC PD,"[rpc] myiocontrol_set_Bit(24,0)",,PASS,,,,,,,,,Sep 18 2019 5:31:15.1150 PM,Sep 18 2019 5:31:15.1220 PM,.0066
9V 2.5A Curr USBC PD,9V 2.5A Curr USBC PD,"[rpc] myiocontrol_set_Bit(25,0)",,PASS,,,,,,,,,Sep 18 2019 5:31:15.1230 PM,Sep 18 2019 5:31:15.1300 PM,.0067
9V 2.5A Curr USBC PD,9V 2.5A Curr USBC PD,"[rpc] dutgpio_set_pin(7,1)",,PASS,,,,,,,,,Sep 18 2019 5:31:15.3060 PM,Sep 18 2019 5:31:15.3100 PM,.0044
9V 2.5A Curr USBC PD,9V 2.5A Curr USBC PD,"[rpc] item_PowerOnTypeC(9,3000)",,PASS,,,,,,,,,Sep 18 2019 5:31:18.7240 PM,Sep 18 2019 5:31:18.8640 PM,.1398
9V 2.5A Curr USBC PD,9V 2.5A Curr USBC PD,"[rpc] myiocontrol_set_Bit(25,1)",,PASS,,,,,,,,,Sep 18 2019 5:31:20.8660 PM,Sep 18 2019 5:31:20.8730 PM,.0069
9V 2.5A Curr USBC PD,9V 2.5A Curr USBC PD,"[Hid] /usr/local/bin/hidreport -p 0x026F -v 0x5ac -usage 0xFF00,0xb set 0xa4 0xa4 1",,PASS,,,,,,,,,Sep 18 2019 5:31:22.0350 PM,Sep 18 2019 5:31:22.0350 PM,0
9V 2.5A Curr USBC PD,9V 2.5A Curr USBC PD,"[rpc] baseboard_set_pin(2,1)",,PASS,,,,,,,,,Sep 18 2019 5:31:23.5000 PM,Sep 18 2019 5:31:23.5070 PM,.0066
9V 2.5A Curr USBC PD,9V 2.5A Curr USBC PD,[rpc] cyg_eload_SetEloadCurr(2.500000),,PASS,,,,,,,,,Sep 18 2019 5:31:24.0830 PM,Sep 18 2019 5:31:24.2400 PM,.1568
9V 2.5A Curr USBC PD,9V 2.5A Curr USBC PD,"[rpc] myiocontrol_set_Bit(16,1)",,PASS,,,,,,,,,Sep 18 2019 5:31:25.3110 PM,Sep 18 2019 5:31:25.3170 PM,.0067
9V 2.5A Curr USBC PD,9V 2.5A Curr USBC PD,[rpc] cyg_eload_SetEloadOn,,PASS,,,,,,,,,Sep 18 2019 5:31:26.3870 PM,Sep 18 2019 5:31:26.5410 PM,.154
9V 2.5A Curr USBC PD,9V 2.5A Curr USBC PD,[rpc] item_SysCurrent(3000mA),,PASS,,,,,,,,,Sep 18 2019 5:31:28.6800 PM,Sep 18 2019 5:31:29.4120 PM,.7316
9V 2.5A Curr USBC PD,9V 2.5A Curr USBC PD,CurrUSBC9VTo2A5,,PASS,,2506.9636432323,mA,2525,2475,,,mA,Sep 18 2019 5:31:29.4120 PM,Sep 18 2019 5:31:29.4120 PM,0
9V 2.5A Charge Mode,,,,,,,,,,,,,Sep 18 2019 5:31:29.4160 PM,Sep 18 2019 5:31:29.9110 PM,.4953
9V 2.5A Charge Mode,9V 2.5A Charge Mode,"[Hid] /usr/local/bin/hidreport -p 0x026F -vid 0x05AC -usage 0xFF00,0xB get 0xA3",,PASS,,,,,,,,,Sep 18 2019 5:31:29.5250 PM,Sep 18 2019 5:31:29.5250 PM,0
9V 2.5A Charge Mode,9V 2.5A Charge Mode,Send9VTo3P_cmd pass,06 28 23 B8 0B,PASS,,,,,,,,,Sep 18 2019 5:31:29.9110 PM,Sep 18 2019 5:31:29.9110 PM,0
9V 2.5A Charge Mode,9V 2.5A Charge Mode,ChargeMode9V_2A5,,PASS,,6,NA,6,6,,,NA,Sep 18 2019 5:31:29.9110 PM,Sep 18 2019 5:31:29.9110 PM,0
9V 2.5A Charge Voltage ,,,,,,,,,,,,,Sep 18 2019 5:31:29.9140 PM,Sep 18 2019 5:31:29.9150 PM,.0005
9V 2.5A Charge Voltage ,9V 2.5A Charge Voltage ,ChargeVoltage9V_2A5,,PASS,,9000,mA,9000,9000,,,mA,Sep 18 2019 5:31:29.9140 PM,Sep 18 2019 5:31:29.9140 PM,0
9V 2.5A Charge Capability,,,,,,,,,,,,,Sep 18 2019 5:31:29.9170 PM,Sep 18 2019 5:31:29.9170 PM,.0005
9V 2.5A Charge Capability,9V 2.5A Charge Capability,ChargeCapability9V_2A5,,PASS,,3000,mA,3000,3000,,,mA,Sep 18 2019 5:31:29.9170 PM,Sep 18 2019 5:31:29.9170 PM,0
9V 2.5A Orion Power Voltage,,,,,,,,,,,,,Sep 18 2019 5:31:29.9190 PM,Sep 18 2019 5:31:31.2010 PM,1.2819
9V 2.5A Orion Power Voltage,9V 2.5A Orion Power Voltage,[rpc] item_OrionVoltage(60V),,PASS,,,,,,,,,Sep 18 2019 5:31:29.9200 PM,Sep 18 2019 5:31:31.2000 PM,1.2799
9V 2.5A Orion Power Voltage,9V 2.5A Orion Power Voltage,OrionPower9V_2A5,,PASS,,8353.621115914601,mV,,,,,,Sep 18 2019 5:31:31.2010 PM,Sep 18 2019 5:31:31.2010 PM,0
9V 2.5A DUT Input Voltage,,,,,,,,,,,,,Sep 18 2019 5:31:31.2040 PM,Sep 18 2019 5:31:32.1660 PM,.9621
9V 2.5A DUT Input Voltage,9V 2.5A DUT Input Voltage,[rpc] measure_get_voltage(60V),,PASS,,,,,,,,,Sep 18 2019 5:31:31.2050 PM,Sep 18 2019 5:31:31.4310 PM,.2258
9V 2.5A DUT Input Voltage,9V 2.5A DUT Input Voltage,DUTinput9V_2A5,,PASS,,9054.9820406496,mV,9100,8600,,,mV,Sep 18 2019 5:31:31.4310 PM,Sep 18 2019 5:31:31.4310 PM,0
9V 2.5A DUT Input Voltage,9V 2.5A DUT Input Voltage,[rpc] cyg_eload_SetEloadOff,,PASS,,,,,,,,,Sep 18 2019 5:31:31.4330 PM,Sep 18 2019 5:31:31.5860 PM,.1536
9V 2.5A DUT Input Voltage,9V 2.5A DUT Input Voltage,"[rpc] baseboard_set_pin(2,0)",,PASS,,,,,,,,,Sep 18 2019 5:31:32.1580 PM,Sep 18 2019 5:31:32.1650 PM,.0067
Tristar To CCG3 VID,,,,,,,,,,,,,Sep 18 2019 5:31:32.1680 PM,Sep 18 2019 5:31:43.7320 PM,11.5635
Tristar To CCG3 VID,Tristar To CCG3 VID,[rpc] item_TurnAllOffAfterInit,,PASS,,,,,,,,,Sep 18 2019 5:31:32.1690 PM,Sep 18 2019 5:31:33.3180 PM,1.1491
Tristar To CCG3 VID,Tristar To CCG3 VID,[rpc] psu_setPSU_init,,PASS,,,,,,,,,Sep 18 2019 5:31:33.3200 PM,Sep 18 2019 5:31:33.3260 PM,.0058
Tristar To CCG3 VID,Tristar To CCG3 VID,[rpc] item_PowerOffTypeC,,PASS,,,,,,,,,Sep 18 2019 5:31:33.4950 PM,Sep 18 2019 5:31:33.6090 PM,.1135
Tristar To CCG3 VID,Tristar To CCG3 VID,"[rpc] myiocontrol_set_Bit(24,0)",,PASS,,,,,,,,,Sep 18 2019 5:31:33.6110 PM,Sep 18 2019 5:31:33.6170 PM,.0066
Tristar To CCG3 VID,Tristar To CCG3 VID,"[rpc] myiocontrol_set_Bit(25,0)",,PASS,,,,,,,,,Sep 18 2019 5:31:33.6190 PM,Sep 18 2019 5:31:33.6260 PM,.0067
Tristar To CCG3 VID,Tristar To CCG3 VID,"[rpc] dutgpio_set_pin(7,1)",,PASS,,,,,,,,,Sep 18 2019 5:31:33.7970 PM,Sep 18 2019 5:31:33.8010 PM,.0044
Tristar To CCG3 VID,Tristar To CCG3 VID,"[rpc] item_PowerOnTypeC(5,3000)",,PASS,,,,,,,,,Sep 18 2019 5:31:37.2170 PM,Sep 18 2019 5:31:37.3570 PM,.1402
Tristar To CCG3 VID,Tristar To CCG3 VID,"[rpc] myiocontrol_set_Bit(25,1)",,PASS,,,,,,,,,Sep 18 2019 5:31:39.4280 PM,Sep 18 2019 5:31:39.4350 PM,.0068
Tristar To CCG3 VID,Tristar To CCG3 VID,"[Hid] /usr/local/bin/hidreport -p 0x026F -vid 0x05AC -usage 0xFF00,0xB set 0xa1 0xa1 0x1 0xb9",,PASS,,,,,,,,,Sep 18 2019 5:31:40.7740 PM,Sep 18 2019 5:31:40.7740 PM,0
Tristar To CCG3 VID,Tristar To CCG3 VID,"[rpc] dutgpio_set_pin(6,1)",,PASS,,,,,,,,,Sep 18 2019 5:31:42.2240 PM,Sep 18 2019 5:31:42.2280 PM,.0046
Tristar To CCG3 VID,Tristar To CCG3 VID,[Hid] /Users/gdlocal/Library/Atlas/Resources/readPidVid.sh,,PASS,,,,,,,,,Sep 18 2019 5:31:43.3460 PM,Sep 18 2019 5:31:43.3460 PM,0
Tristar To CCG3 VID,Tristar To CCG3 VID,idVendor pass,1452,PASS,,,,,,,,,Sep 18 2019 5:31:43.7310 PM,Sep 18 2019 5:31:43.7310 PM,0
Tristar To CCG3 PID,,,,,,,,,,,,,Sep 18 2019 5:31:43.7350 PM,Sep 18 2019 5:31:44.1690 PM,.4347
Tristar To CCG3 PID,Tristar To CCG3 PID,[Hid] /Users/gdlocal/Library/Atlas/Resources/readPidVid.sh,,PASS,,,,,,,,,Sep 18 2019 5:31:43.7800 PM,Sep 18 2019 5:31:43.7800 PM,0
Tristar To CCG3 PID,Tristar To CCG3 PID,idProduct pass,,PASS,,,,,,,,,Sep 18 2019 5:31:44.1630 PM,Sep 18 2019 5:31:44.1630 PM,0
Tristar To CCG3 PID,Tristar To CCG3 PID,"[rpc] dutgpio_set_pin(6,0)",,PASS,,,,,,,,,Sep 18 2019 5:31:44.1640 PM,Sep 18 2019 5:31:44.1690 PM,.0045
PHASE1 ORIONPWR DUT MODE,,,,,,,,,,,,,Sep 18 2019 5:31:44.1720 PM,Sep 18 2019 5:31:49.3110 PM,5.139
PHASE1 ORIONPWR DUT MODE,PHASE1 ORIONPWR DUT MODE,[rpc] item_PowerOffTypeC,,PASS,,,,,,,,,Sep 18 2019 5:31:44.1730 PM,Sep 18 2019 5:31:44.2870 PM,.1145
PHASE1 ORIONPWR DUT MODE,PHASE1 ORIONPWR DUT MODE,[rpc] item_TurnAllOffAfterInit,,PASS,,,,,,,,,Sep 18 2019 5:31:44.2890 PM,Sep 18 2019 5:31:45.4370 PM,1.1483
PHASE1 ORIONPWR DUT MODE,PHASE1 ORIONPWR DUT MODE,"[rpc] myiocontrol_set_Bit(24,0)",,PASS,,,,,,,,,Sep 18 2019 5:31:45.6110 PM,Sep 18 2019 5:31:45.6180 PM,.0067
PHASE1 ORIONPWR DUT MODE,PHASE1 ORIONPWR DUT MODE,"[rpc] myiocontrol_set_Bit(25,0)",,PASS,,,,,,,,,Sep 18 2019 5:31:45.6200 PM,Sep 18 2019 5:31:45.6260 PM,.0065
PHASE1 ORIONPWR DUT MODE,PHASE1 ORIONPWR DUT MODE,"[rpc] dutgpio_set_pin(7,1)",,PASS,,,,,,,,,Sep 18 2019 5:31:45.8020 PM,Sep 18 2019 5:31:45.8070 PM,.0045
PHASE1 ORIONPWR DUT MODE,PHASE1 ORIONPWR DUT MODE,"[Hid] /usr/local/bin/hidreport -p 0x026F -v 0x5ac -usage 0xff00,0xb get 0xf2",,PASS,,,,,,,,,Sep 18 2019 5:31:48.9250 PM,Sep 18 2019 5:31:48.9250 PM,0
PHASE1 ORIONPWR DUT MODE,PHASE1 ORIONPWR DUT MODE,RoleSwapOrion pass,04 ,PASS,,,,,,,,,Sep 18 2019 5:31:49.3100 PM,Sep 18 2019 5:31:49.3100 PM,0
PHASE2 USBCPWR DUT MODE,,,,,,,,,,,,,Sep 18 2019 5:31:49.3130 PM,Sep 18 2019 5:31:51.8950 PM,2.5812
PHASE2 USBCPWR DUT MODE,PHASE2 USBCPWR DUT MODE,"[rpc] item_PowerOnTypeC(5,2000)",,PASS,,,,,,,,,Sep 18 2019 5:31:49.3150 PM,Sep 18 2019 5:31:49.4550 PM,.1407
PHASE2 USBCPWR DUT MODE,PHASE2 USBCPWR DUT MODE,"[Hid] /usr/local/bin/hidreport -p 0x026F -v 0x5ac -usage 0xff00,0xb get 0xf2",,PASS,,,,,,,,,Sep 18 2019 5:31:51.5050 PM,Sep 18 2019 5:31:51.5050 PM,0
PHASE2 USBCPWR DUT MODE,PHASE2 USBCPWR DUT MODE,RoleSwapUSBC pass,03 ,PASS,,,,,,,,,Sep 18 2019 5:31:51.8940 PM,Sep 18 2019 5:31:51.8940 PM,0
Write And Read 0x01,,,,,,,,,,,,,Sep 18 2019 5:31:51.8970 PM,Sep 18 2019 5:31:52.8100 PM,.9129
Write And Read 0x01,Write And Read 0x01,"[Hid] /usr/local/bin/hidreport -p 0x026F -v 0x5ac -usage 0xff00,0xb set 0xf0 0xf0 1",,PASS,,,,,,,,,Sep 18 2019 5:31:51.9390 PM,Sep 18 2019 5:31:51.9390 PM,0
Write And Read 0x01,Write And Read 0x01,"[Hid] /usr/local/bin/hidreport -p 0x026F -v 0x5ac -usage 0xff00,0xb get 0xf0",,PASS,,,,,,,,,Sep 18 2019 5:31:52.4230 PM,Sep 18 2019 5:31:52.4230 PM,0
Write And Read 0x01,Write And Read 0x01,RoleSwapWrite pass,01 ,PASS,,,,,,,,,Sep 18 2019 5:31:52.8080 PM,Sep 18 2019 5:31:52.8080 PM,0
Write And Read 0x01,Write And Read 0x01,Read0x01_PART1,,PASS,,1,,,,,,,Sep 18 2019 5:31:52.8090 PM,Sep 18 2019 5:31:52.8090 PM,0
Write And Read 0x01,Write And Read 0x01,Read0x01,,PASS,,,,,,,,,Sep 18 2019 5:31:52.8100 PM,Sep 18 2019 5:31:52.8100 PM,0
PHASE3 ORIONPWR DUT MODE,,,,,,,,,,,,,Sep 18 2019 5:31:52.8130 PM,Sep 18 2019 5:31:55.1000 PM,2.2877
PHASE3 ORIONPWR DUT MODE,PHASE3 ORIONPWR DUT MODE,[rpc] item_PowerOffTypeC,,PASS,,,,,,,,,Sep 18 2019 5:31:52.8140 PM,Sep 18 2019 5:31:52.9280 PM,.1145
PHASE3 ORIONPWR DUT MODE,PHASE3 ORIONPWR DUT MODE,"[HID] /usr/local/bin/hidreport -p 0x026F -v 0x5ac -usage 0xff00,0xb get 0xf0",,PASS,,,,,,,,,Sep 18 2019 5:31:54.9990 PM,Sep 18 2019 5:31:54.9990 PM,0
PHASE3 ORIONPWR DUT MODE,PHASE3 ORIONPWR DUT MODE,"[HID] /usr/local/bin/hidreport -p 0x026F -v 0x5ac -usage 0xff00,0xb get 0xf2",,PASS,,,,,,,,,Sep 18 2019 5:31:55.0490 PM,Sep 18 2019 5:31:55.0490 PM,0
PHASE3 ORIONPWR DUT MODE,PHASE3 ORIONPWR DUT MODE,RoleSwapOrionAfter pass,CMD GET 0xF0 response 01 -CMD GET 0xF2 response 04 ,PASS,,,,,,,,,Sep 18 2019 5:31:55.0970 PM,Sep 18 2019 5:31:55.0970 PM,0
PHASE3 ORIONPWR DUT MODE,PHASE3 ORIONPWR DUT MODE,STATUS_READ_F0_PART1,,PASS,,1,,,,,,,Sep 18 2019 5:31:55.0980 PM,Sep 18 2019 5:31:55.0980 PM,0
PHASE3 ORIONPWR DUT MODE,PHASE3 ORIONPWR DUT MODE,STATUS_READ_F0,,PASS,,,,,,,,,Sep 18 2019 5:31:55.0990 PM,Sep 18 2019 5:31:55.0990 PM,0
PHASE3 ORIONPWR DUT MODE,PHASE3 ORIONPWR DUT MODE,STATUS_READ_F2_PART1,,PASS,,4,,,,,,,Sep 18 2019 5:31:55.0990 PM,Sep 18 2019 5:31:55.0990 PM,0
PHASE3 ORIONPWR DUT MODE,PHASE3 ORIONPWR DUT MODE,STATUS_READ_F2,,PASS,,,,,,,,,Sep 18 2019 5:31:55.1000 PM,Sep 18 2019 5:31:55.1000 PM,0
System critical errors,,,,,,,,,,,,,Sep 18 2019 5:31:55.1030 PM,Sep 18 2019 5:32:00.9430 PM,5.8397
System critical errors,System critical errors,[Hid] /usr/local/bin/hidreport -v 0x05ac -p 0x026F -i 0 set 0x3D 0x3D 0x13 0x0 0x0 0x0,,PASS,,,,,,,,,Sep 18 2019 5:31:55.1460 PM,Sep 18 2019 5:31:55.1460 PM,0
System critical errors,System critical errors,[Hid] /usr/local/bin/hidreport -v 0x05ac -p 0x026F -i 0 set 0x3E 0x3E 0x13 0x0 0x0 0x0 0x0,,PASS,,,,,,,,,Sep 18 2019 5:31:55.6620 PM,Sep 18 2019 5:31:55.6620 PM,0
System critical errors,System critical errors,[rpc] item_TurnAllOffAfterInit,,PASS,,,,,,,,,Sep 18 2019 5:31:56.0450 PM,Sep 18 2019 5:31:57.1940 PM,1.1492
System critical errors,System critical errors,[rpc] item_PowerOffTypeC,,PASS,,,,,,,,,Sep 18 2019 5:31:57.1960 PM,Sep 18 2019 5:31:57.3100 PM,.1146
System critical errors,System critical errors,"[rpc] myiocontrol_set_Bit(24,0)",,PASS,,,,,,,,,Sep 18 2019 5:31:57.3120 PM,Sep 18 2019 5:31:57.3180 PM,.0066
System critical errors,System critical errors,"[rpc] myiocontrol_set_Bit(25,0)",,PASS,,,,,,,,,Sep 18 2019 5:31:57.3200 PM,Sep 18 2019 5:31:57.3270 PM,.0066
System critical errors,System critical errors,"[rpc] dutgpio_set_pin(7,1)",,PASS,,,,,,,,,Sep 18 2019 5:31:57.5030 PM,Sep 18 2019 5:31:57.5070 PM,.0044
System critical errors,System critical errors,"[Hid] /usr/local/bin/hidreport -pid 0x026F -vid 0x05ac -usage 0xff00,0xb get 0xe1",,PASS,,,,,,,,,Sep 18 2019 5:32:00.5570 PM,Sep 18 2019 5:32:00.5570 PM,0
System critical errors,System critical errors,CRIT_ERR_E1_PART1,,PASS,,8704,,,,,,,Sep 18 2019 5:32:00.9410 PM,Sep 18 2019 5:32:00.9410 PM,0
System critical errors,System critical errors,CRIT_ERR_E1_PART2,,PASS,,0,,,,,,,Sep 18 2019 5:32:00.9420 PM,Sep 18 2019 5:32:00.9420 PM,0
System critical errors,System critical errors,CRIT_ERR_E1,,PASS,,,,,,,,,Sep 18 2019 5:32:00.9420 PM,Sep 18 2019 5:32:00.9420 PM,0
KeyScan critical errors,,,,,,,,,,,,,Sep 18 2019 5:32:00.9460 PM,Sep 18 2019 5:32:01.3850 PM,.4386
KeyScan critical errors,KeyScan critical errors,"[Hid] /usr/local/bin/hidreport -pid 0x026F -vid 0x05ac -usage 0xff00,0xb get 0xE7",,PASS,,,,,,,,,Sep 18 2019 5:32:00.9940 PM,Sep 18 2019 5:32:00.9940 PM,0
KeyScan critical errors,KeyScan critical errors,CRIT_ERR_E7_PART1,,PASS,,0,,,,,,,Sep 18 2019 5:32:01.3820 PM,Sep 18 2019 5:32:01.3820 PM,0
KeyScan critical errors,KeyScan critical errors,CRIT_ERR_E7_PART2,,PASS,,0,,,,,,,Sep 18 2019 5:32:01.3830 PM,Sep 18 2019 5:32:01.3830 PM,0
KeyScan critical errors,KeyScan critical errors,CRIT_ERR_E7_PART3,,PASS,,0,,,,,,,Sep 18 2019 5:32:01.3830 PM,Sep 18 2019 5:32:01.3830 PM,0
KeyScan critical errors,KeyScan critical errors,CRIT_ERR_E7_PART4,,PASS,,0,,,,,,,Sep 18 2019 5:32:01.3830 PM,Sep 18 2019 5:32:01.3830 PM,0
KeyScan critical errors,KeyScan critical errors,CRIT_ERR_E7,,PASS,,,,,,,,,Sep 18 2019 5:32:01.3840 PM,Sep 18 2019 5:32:01.3840 PM,0
FW Update critical errors,,,,,,,,,,,,,Sep 18 2019 5:32:01.3880 PM,Sep 18 2019 5:32:01.8310 PM,.443
FW Update critical errors,FW Update critical errors,"[Hid] /usr/local/bin/hidreport -pid 0x026F -vid 0x05ac -usage 0xff00,0xb get 0xE2",,PASS,,,,,,,,,Sep 18 2019 5:32:01.4360 PM,Sep 18 2019 5:32:01.4360 PM,0
FW Update critical errors,FW Update critical errors,CRIT_ERR_E2_PART1,,PASS,,0,,,,,,,Sep 18 2019 5:32:01.8250 PM,Sep 18 2019 5:32:01.8250 PM,0
FW Update critical errors,FW Update critical errors,CRIT_ERR_E2_PART2,,PASS,,0,,,,,,,Sep 18 2019 5:32:01.8260 PM,Sep 18 2019 5:32:01.8260 PM,0
FW Update critical errors,FW Update critical errors,CRIT_ERR_E2_PART3,,PASS,,0,,,,,,,Sep 18 2019 5:32:01.8260 PM,Sep 18 2019 5:32:01.8260 PM,0
FW Update critical errors,FW Update critical errors,CRIT_ERR_E2,,PASS,,,,,,,,,Sep 18 2019 5:32:01.8300 PM,Sep 18 2019 5:32:01.8300 PM,0
GRAPE critical errors,,,,,,,,,,,,,Sep 18 2019 5:32:01.8600 PM,Sep 18 2019 5:32:02.3210 PM,.4607
GRAPE critical errors,GRAPE critical errors,"[Hid] /usr/local/bin/hidreport -pid 0x026F -vid 0x05ac -usage 0xff00,0xb get 0xe5",,PASS,,,,,,,,,Sep 18 2019 5:32:01.9270 PM,Sep 18 2019 5:32:01.9270 PM,0
GRAPE critical errors,GRAPE critical errors,CRIT_ERR_E5_PART1,,PASS,,16777216,,,,,,,Sep 18 2019 5:32:02.3160 PM,Sep 18 2019 5:32:02.3160 PM,0
GRAPE critical errors,GRAPE critical errors,CRIT_ERR_E5_PART2,,PASS,,0,,,,,,,Sep 18 2019 5:32:02.3170 PM,Sep 18 2019 5:32:02.3170 PM,0
GRAPE critical errors,GRAPE critical errors,CRIT_ERR_E5_PART3,,PASS,,0,,,,,,,Sep 18 2019 5:32:02.3170 PM,Sep 18 2019 5:32:02.3170 PM,0
GRAPE critical errors,GRAPE critical errors,CRIT_ERR_E5_PART4,,PASS,,0,,,,,,,Sep 18 2019 5:32:02.3170 PM,Sep 18 2019 5:32:02.3170 PM,0
GRAPE critical errors,GRAPE critical errors,CRIT_ERR_E5_PART5,,PASS,,0,,,,,,,Sep 18 2019 5:32:02.3180 PM,Sep 18 2019 5:32:02.3180 PM,0
GRAPE critical errors,GRAPE critical errors,CRIT_ERR_E5_PART6,,PASS,,0,,,,,,,Sep 18 2019 5:32:02.3180 PM,Sep 18 2019 5:32:02.3180 PM,0
GRAPE critical errors,GRAPE critical errors,CRIT_ERR_E5_PART7,,PASS,,16842752,,,,,,,Sep 18 2019 5:32:02.3180 PM,Sep 18 2019 5:32:02.3180 PM,0
GRAPE critical errors,GRAPE critical errors,CRIT_ERR_E5_PART8,,PASS,,16777216,,,,,,,Sep 18 2019 5:32:02.3190 PM,Sep 18 2019 5:32:02.3190 PM,0
GRAPE critical errors,GRAPE critical errors,CRIT_ERR_E5_PART9,,PASS,,0,,,,,,,Sep 18 2019 5:32:02.3190 PM,Sep 18 2019 5:32:02.3190 PM,0
GRAPE critical errors,GRAPE critical errors,CRIT_ERR_E5_PART10,,PASS,,0,,,,,,,Sep 18 2019 5:32:02.3190 PM,Sep 18 2019 5:32:02.3190 PM,0
GRAPE critical errors,GRAPE critical errors,CRIT_ERR_E5,,PASS,,,,,,,,,Sep 18 2019 5:32:02.3210 PM,Sep 18 2019 5:32:02.3210 PM,0
USBC critical errors,,,,,,,,,,,,,Sep 18 2019 5:32:02.3250 PM,Sep 18 2019 5:32:02.7600 PM,.4353
USBC critical errors,USBC critical errors,"[Hid] /usr/local/bin/hidreport -pid 0x026F -vid 0x05ac -usage 0xff00,0xb get 0xe3",,PASS,,,,,,,,,Sep 18 2019 5:32:02.3730 PM,Sep 18 2019 5:32:02.3730 PM,0
USBC critical errors,USBC critical errors,CRIT_ERR_E3_PART1,,PASS,,0,,,,,,,Sep 18 2019 5:32:02.7580 PM,Sep 18 2019 5:32:02.7580 PM,0
USBC critical errors,USBC critical errors,CRIT_ERR_E3_PART2,,PASS,,0,,,,,,,Sep 18 2019 5:32:02.7580 PM,Sep 18 2019 5:32:02.7580 PM,0
USBC critical errors,USBC critical errors,CRIT_ERR_E3_PART3,,PASS,,0,,,,,,,Sep 18 2019 5:32:02.7580 PM,Sep 18 2019 5:32:02.7580 PM,0
USBC critical errors,USBC critical errors,CRIT_ERR_E3_PART4,,PASS,,0,,,,,,,Sep 18 2019 5:32:02.7590 PM,Sep 18 2019 5:32:02.7590 PM,0
USBC critical errors,USBC critical errors,CRIT_ERR_E3,,PASS,,,,,,,,,Sep 18 2019 5:32:02.7600 PM,Sep 18 2019 5:32:02.7600 PM,0
Critical summary,,,,,,,,,,,,,Sep 18 2019 5:32:02.7630 PM,Sep 18 2019 5:32:03.2000 PM,.4374
Critical summary,Critical summary,"[Hid] /usr/local/bin/hidreport -pid 0x026F -vid 0x05ac -usage 0xff00,0xb get 0xe0",,PASS,,,,,,,,,Sep 18 2019 5:32:02.8100 PM,Sep 18 2019 5:32:02.8100 PM,0
Critical summary,Critical summary,CRIT_ERR_E0_PART1,,PASS,,0,,,,,,,Sep 18 2019 5:32:03.1990 PM,Sep 18 2019 5:32:03.1990 PM,0
Critical summary,Critical summary,CRIT_ERR_E0,,PASS,,,,,,,,,Sep 18 2019 5:32:03.2000 PM,Sep 18 2019 5:32:03.2000 PM,0
BL Critical errors,,,,,,,,,,,,,Sep 18 2019 5:32:03.2030 PM,Sep 18 2019 5:32:11.4600 PM,8.2572
BL Critical errors,BL Critical errors,"[Hid] /usr/local/bin/hidreport -pid 0x026F -vid 0x05ac -usage 0xff00,0xf get 0x7",,PASS,,,,,,,,,Sep 18 2019 5:32:03.2570 PM,Sep 18 2019 5:32:03.2570 PM,0
BL Critical errors,BL Critical errors,"[Hid] /usr/local/bin/hidreport -pid 0x026F -vid 0x05ac -usage 0xff00,0xf get 0x7-2",,PASS,,,,,,,,,Sep 18 2019 5:32:03.9800 PM,Sep 18 2019 5:32:03.9800 PM,0
BL Critical errors,BL Critical errors,"[Hid] /usr/local/bin/hidreport -pid 0x026F -vid 0x05ac -usage 0xff00,0xf get 0x7-3",,PASS,,,,,,,,,Sep 18 2019 5:32:04.6890 PM,Sep 18 2019 5:32:04.6890 PM,0
BL Critical errors,BL Critical errors,"[Hid] /usr/local/bin/hidreport -pid 0x026F -vid 0x05ac -usage 0xff00,0xf get 0x7-4",,PASS,,,,,,,,,Sep 18 2019 5:32:05.3370 PM,Sep 18 2019 5:32:05.3370 PM,0
BL Critical errors,BL Critical errors,"[Hid] /usr/local/bin/hidreport -pid 0x026F -vid 0x05ac -usage 0xff00,0xf get 0x7-5",,PASS,,,,,,,,,Sep 18 2019 5:32:05.9580 PM,Sep 18 2019 5:32:05.9580 PM,0
BL Critical errors,BL Critical errors,"[rpc] dutgpio_set_pin(7,0)",,PASS,,,,,,,,,Sep 18 2019 5:32:06.5470 PM,Sep 18 2019 5:32:06.5520 PM,.0046
BL Critical errors,BL Critical errors,"[rpc] dutgpio_set_pin(7,1)",,PASS,,,,,,,,,Sep 18 2019 5:32:07.6230 PM,Sep 18 2019 5:32:07.6280 PM,.0045
BL Critical errors,BL Critical errors,"[Hid] /usr/local/bin/hidreport -pid 0x026F -vid 0x05ac -usage 0xff00,0xf get 0x7-6",,PASS,,,,,,,,,Sep 18 2019 5:32:09.6760 PM,Sep 18 2019 5:32:09.6760 PM,0
BL Critical errors,BL Critical errors,BL_CRI_ERR_PART1,,PASS,,0,,,,,,,Sep 18 2019 5:32:10.0650 PM,Sep 18 2019 5:32:10.0650 PM,0
BL Critical errors,BL Critical errors,BL_CRI_ERR,,PASS,,,,,,,,,Sep 18 2019 5:32:10.0650 PM,Sep 18 2019 5:32:10.0650 PM,0
BL Critical errors,BL Critical errors,[Hid] /usr/local/bin/hidreport -v 0x05ac -p 0x026F -i 0 set 0x3D 0x3D 0x13 0x0 0x0 0x0,,PASS,,,,,,,,,Sep 18 2019 5:32:10.1090 PM,Sep 18 2019 5:32:10.1090 PM,0
BL Critical errors,BL Critical errors,[Hid] /usr/local/bin/hidreport -v 0x05ac -p 0x026F -i 0 set 0x3E 0x3E 0x13 0x0 0x0 0x0 0x2,,PASS,,,,,,,,,Sep 18 2019 5:32:11.0750 PM,Sep 18 2019 5:32:11.0750 PM,0
Brick ID,,,,,,,,,,,,,Sep 18 2019 5:32:11.4640 PM,Sep 18 2019 5:32:26.2070 PM,14.7437
Brick ID,Brick ID,AtlasApp-Hyperion,show-form,PASS,,,,,,,,,Sep 18 2019 5:32:11.4650 PM,Sep 18 2019 5:32:24.0210 PM,12.5561
Brick ID,Brick ID,[rpc] myiocontrol_TurnAllOff,,PASS,,,,,,,,,Sep 18 2019 5:32:24.0230 PM,Sep 18 2019 5:32:24.1140 PM,.0911
Brick ID,Brick ID,"[Hid] /usr/local/bin/hidreport -p 0x026F -v 0x5ac -usage 0xff00,0xB get 0xA3",,PASS,,,,,,,,,Sep 18 2019 5:32:25.2760 PM,Sep 18 2019 5:32:25.2760 PM,0
Brick ID,Brick ID,"[Hid] /usr/local/bin/hidreport -p 0x026F -v 0x5ac -usage 0xff00,0xB get 0xA3-2",,PASS,,,,,,,,,Sep 18 2019 5:32:25.8190 PM,Sep 18 2019 5:32:25.8190 PM,0
Finish DRCB,,,,,,,,,,,,,Sep 18 2019 5:32:26.2100 PM,Sep 18 2019 5:32:27.1580 PM,.9485
Finish DRCB,Finish DRCB,DRCB,Finish,PASS,,,,,,,,,Sep 18 2019 5:32:26.2110 PM,Sep 18 2019 5:32:26.7580 PM,.5472
Finish DRCB,Finish DRCB,[rpc] myiocontrol_TurnAllOff,,PASS,,,,,,,,,Sep 18 2019 5:32:27.0610 PM,Sep 18 2019 5:32:27.1520 PM,.0911
Finish DRCB,Finish DRCB,[rpc] test_FinishTest,,PASS,,,,,,,,,Sep 18 2019 5:32:27.1530 PM,Sep 18 2019 5:32:27.1580 PM,.0043
