Test,Plugin,Command,Status,Info,Start Time,End Time,Duration (s)
Scan FATP SN,com.apple.hwte.atlas.AppPlugin,show-form,PASS,,Sep 18 2019 5:25:43.9290 PM,Sep 18 2019 5:26:57.7250 PM,73.7959
Start Data Reporting,DRCB,startDataReporting,PASS,,Sep 18 2019 5:26:57.7320 PM,Sep 18 2019 5:26:57.7410 PM,.0086
Start Control Bit,DRCB,startControlBits,PASS,,Sep 18 2019 5:26:57.7460 PM,Sep 18 2019 5:26:58.2260 PM,.4801
PPORION OVP OUT 16V CURR,rpcCall,RPCSendAndGet,PASS,,Sep 18 2019 5:26:58.2310 PM,Sep 18 2019 5:26:58.3230 PM,.0922
PPORION OVP OUT 16V CURR,rpcCall,RPCSendAndGet,PASS,,Sep 18 2019 5:26:58.4980 PM,Sep 18 2019 5:26:58.5080 PM,.01
PPORION OVP OUT 16V CURR,rpcCall,RPCSendAndGet,PASS,,Sep 18 2019 5:26:58.6790 PM,Sep 18 2019 5:26:58.6830 PM,.0045
PPORION OVP OUT 16V CURR,rpcCall,RPCSendAndGet,PASS,,Sep 18 2019 5:26:58.8590 PM,Sep 18 2019 5:26:58.8640 PM,.0044
PPORION OVP OUT 16V CURR,rpcCall,RPCSendAndGet,PASS,,Sep 18 2019 5:26:59.0400 PM,Sep 18 2019 5:26:59.0470 PM,.0067
PPORION OVP OUT 16V CURR,rpcCall,RPCSendAndGet,PASS,,Sep 18 2019 5:26:59.2220 PM,Sep 18 2019 5:26:59.2290 PM,.007
PPORION OVP OUT 16V CURR,rpcCall,RPCSendAndGet,PASS,,Sep 18 2019 5:26:59.4030 PM,Sep 18 2019 5:26:59.4090 PM,.0066
PPORION OVP OUT 16V CURR,rpcCall,RPCSendAndGet,PASS,,Sep 18 2019 5:26:59.5840 PM,Sep 18 2019 5:27:00.5510 PM,.9678
PPORION OVP OUT 16V CURR,rpcCall,RPCSendAndGet,PASS,,Sep 18 2019 5:27:01.6260 PM,Sep 18 2019 5:27:02.5170 PM,.8916
PPORION OVP OUT 5V2 CURR,rpcCall,RPCSendAndGet,PASS,,Sep 18 2019 5:27:02.5230 PM,Sep 18 2019 5:27:03.4880 PM,.9657
PPORION OVP OUT 5V2 CURR,rpcCall,RPCSendAndGet,PASS,,Sep 18 2019 5:27:04.5630 PM,Sep 18 2019 5:27:05.4170 PM,.8535
PPORION OVP OUT 5V2 CURR,rpcCall,RPCSendAndGet,PASS,,Sep 18 2019 5:27:07.4850 PM,Sep 18 2019 5:27:08.3330 PM,.8489
PPORION OVP OUT -16V CURR,rpcCall,RPCSendAndGet,PASS,,Sep 18 2019 5:27:08.3380 PM,Sep 18 2019 5:27:09.3100 PM,.972
PPORION OVP OUT -16V CURR,rpcCall,RPCSendAndGet,PASS,,Sep 18 2019 5:27:10.3810 PM,Sep 18 2019 5:27:11.0660 PM,.6851
SYS IDBUS 6V VBUS 5V2 CURR,rpcCall,RPCSendAndGet,PASS,,Sep 18 2019 5:27:11.0710 PM,Sep 18 2019 5:27:11.2940 PM,.2233
SYS IDBUS 6V VBUS 5V2 CURR,rpcCall,RPCSendAndGet,PASS,,Sep 18 2019 5:27:11.8690 PM,Sep 18 2019 5:27:12.7320 PM,.863
SYS IDBUS 6V VBUS 5V2 CURR,rpcCall,RPCSendAndGet,PASS,,Sep 18 2019 5:27:13.8090 PM,Sep 18 2019 5:27:14.5480 PM,.7386
SYS IDBUS 6V VBUS 0V CURR,rpcCall,RPCSendAndGet,PASS,,Sep 18 2019 5:27:14.5530 PM,Sep 18 2019 5:27:15.4220 PM,.8693
SYS IDBUS 6V VBUS 0V CURR,rpcCall,RPCSendAndGet,PASS,,Sep 18 2019 5:27:16.4910 PM,Sep 18 2019 5:27:16.5000 PM,.0084
SYS IDBUS 6V VBUS 0V CURR,rpcCall,RPCSendAndGet,PASS,,Sep 18 2019 5:27:17.0740 PM,Sep 18 2019 5:27:17.7620 PM,.6876
SYS IDBUS -4V VBUS 0V CURR,rpcCall,RPCSendAndGet,PASS,,Sep 18 2019 5:27:17.7670 PM,Sep 18 2019 5:27:17.7740 PM,.0068
SYS IDBUS -4V VBUS 0V CURR,rpcCall,RPCSendAndGet,PASS,,Sep 18 2019 5:27:17.7750 PM,Sep 18 2019 5:27:17.7820 PM,.0066
SYS IDBUS -4V VBUS 0V CURR,rpcCall,RPCSendAndGet,PASS,,Sep 18 2019 5:27:17.7830 PM,Sep 18 2019 5:27:17.7900 PM,.0068
SYS IDBUS -4V VBUS 0V CURR,rpcCall,RPCSendAndGet,PASS,,Sep 18 2019 5:27:17.7920 PM,Sep 18 2019 5:27:17.7990 PM,.0066
SYS IDBUS -4V VBUS 0V CURR,rpcCall,RPCSendAndGet,PASS,,Sep 18 2019 5:27:17.8010 PM,Sep 18 2019 5:27:18.6680 PM,.8676
SYS IDBUS -4V VBUS 0V CURR,rpcCall,RPCSendAndGet,PASS,,Sep 18 2019 5:27:19.2380 PM,Sep 18 2019 5:27:19.5520 PM,.3145
SYS IDBUS -4V VBUS 0V CURR,rpcCall,RPCSendAndGet,PASS,,Sep 18 2019 5:27:19.5540 PM,Sep 18 2019 5:27:19.7080 PM,.1545
SYS IDBUS -4V VBUS 0V CURR,rpcCall,RPCSendAndGet,PASS,,Sep 18 2019 5:27:20.2810 PM,Sep 18 2019 5:27:20.5930 PM,.3116
SYS IDBUS -4V VBUS 0V CURR,rpcCall,RPCSendAndGet,PASS,,Sep 18 2019 5:27:20.5940 PM,Sep 18 2019 5:27:20.6030 PM,.0082
SYS IDBUS -4V VBUS 0V CURR,rpcCall,RPCSendAndGet,PASS,,Sep 18 2019 5:27:21.6780 PM,Sep 18 2019 5:27:22.4100 PM,.7321
SYS IDBUS -4V VBUS 0V CURR,rpcCall,RPCSendAndGet,PASS,,Sep 18 2019 5:27:22.4120 PM,Sep 18 2019 5:27:22.6440 PM,.2319
SYS IDBUS -4V VBUS 0V CURR,rpcCall,RPCSendAndGet,PASS,,Sep 18 2019 5:27:22.6460 PM,Sep 18 2019 5:27:22.6530 PM,.0067
SYS IDBUS -4V VBUS 0V CURR,rpcCall,RPCSendAndGet,PASS,,Sep 18 2019 5:27:22.6540 PM,Sep 18 2019 5:27:22.6610 PM,.0069
SYS IDBUS -4V VBUS 0V CURR,rpcCall,RPCSendAndGet,PASS,,Sep 18 2019 5:27:22.6630 PM,Sep 18 2019 5:27:22.6700 PM,.0069
SYS IDBUS -4V VBUS 0V CURR,rpcCall,RPCSendAndGet,PASS,,Sep 18 2019 5:27:22.6710 PM,Sep 18 2019 5:27:22.6780 PM,.0067
P203 Power On Dut,rpcCall,RPCSendAndGet,PASS,,Sep 18 2019 5:27:22.6860 PM,Sep 18 2019 5:27:23.8370 PM,1.151
P203 Power On Dut,rpcCall,RPCSendAndGet,PASS,,Sep 18 2019 5:27:23.8380 PM,Sep 18 2019 5:27:23.8450 PM,.0062
P203 Power On Dut,rpcCall,RPCSendAndGet,PASS,,Sep 18 2019 5:27:23.8460 PM,Sep 18 2019 5:27:24.8110 PM,.9648
P203 Power On Dut,rpcCall,RPCSendAndGet,PASS,,Sep 18 2019 5:27:24.8120 PM,Sep 18 2019 5:27:24.8170 PM,.0044
P203 Power On Dut,rpcCall,RPCSendAndGet,PASS,,Sep 18 2019 5:27:29.8900 PM,Sep 18 2019 5:27:29.9000 PM,.0104
P203 Power On Dut,rpcCall,RPCSendAndGet,PASS,,Sep 18 2019 5:27:30.4730 PM,Sep 18 2019 5:27:31.4380 PM,.9651
P203 Power On Dut,rpcCall,RPCSendAndGet,PASS,,Sep 18 2019 5:27:34.9440 PM,Sep 18 2019 5:27:36.0940 PM,1.1501
P203 Power On Dut,rpcCall,RPCSendAndGet,PASS,,Sep 18 2019 5:27:36.0960 PM,Sep 18 2019 5:27:36.1120 PM,.0157
P203 Power On Dut,rpcCall,RPCSendAndGet,PASS,,Sep 18 2019 5:27:36.1130 PM,Sep 18 2019 5:27:37.1040 PM,.9915
P203 Power On Dut,rpcCall,RPCSendAndGet,PASS,,Sep 18 2019 5:27:37.1060 PM,Sep 18 2019 5:27:37.1110 PM,.0045
P203 Power On Dut,rpcCall,RPCSendAndGet,PASS,,Sep 18 2019 5:27:42.1820 PM,Sep 18 2019 5:27:42.1890 PM,.0069
P203 Power On Dut,rpcCall,RPCSendAndGet,PASS,,Sep 18 2019 5:27:42.7650 PM,Sep 18 2019 5:27:43.7320 PM,.9671
Query SFC SN,SFCSupport,getAttribute,PASS,,Sep 18 2019 5:27:46.8170 PM,Sep 18 2019 5:27:46.8480 PM,.031
Query SFC SN,SFCSupport,getAttribute,PASS,,Sep 18 2019 5:27:46.8500 PM,Sep 18 2019 5:27:46.8540 PM,.0041
Query SFC SN,SFCSupport,getAttribute,PASS,,Sep 18 2019 5:27:46.8560 PM,Sep 18 2019 5:27:46.8600 PM,.0037
Query SFC SN,SFCSupport,getAttribute,PASS,,Sep 18 2019 5:27:46.8620 PM,Sep 18 2019 5:27:46.8650 PM,.0036
Query SFC SN,SFCSupport,getAttribute,PASS,,Sep 18 2019 5:27:46.8670 PM,Sep 18 2019 5:27:46.8710 PM,.0046
Query SFC SN,SFCSupport,getAttribute,PASS,,Sep 18 2019 5:27:46.8730 PM,Sep 18 2019 5:27:46.8770 PM,.004
Query SFC SN,SFCSupport,getAttribute,PASS,,Sep 18 2019 5:27:46.8790 PM,Sep 18 2019 5:27:46.8830 PM,.0042
Query SFC SN,SFCSupport,getAttribute,PASS,,Sep 18 2019 5:27:46.8850 PM,Sep 18 2019 5:27:46.8890 PM,.0036
Query SFC SN,SFCSupport,getAttribute,PASS,,Sep 18 2019 5:27:46.8900 PM,Sep 18 2019 5:27:46.8950 PM,.0049
Query SFC SN,SFCSupport,getAttribute,PASS,,Sep 18 2019 5:27:46.8980 PM,Sep 18 2019 5:27:46.9010 PM,.0037
Query SFC SN,SFCSupport,getAttribute,PASS,,Sep 18 2019 5:27:46.9040 PM,Sep 18 2019 5:27:46.9080 PM,.0043
Query SFC SN,SFCSupport,getAttribute,PASS,,Sep 18 2019 5:27:46.9100 PM,Sep 18 2019 5:27:46.9150 PM,.005
MIX FW,rpcCall,RPCSendAndGet,PASS,,Sep 18 2019 5:27:47.3750 PM,Sep 18 2019 5:27:47.3800 PM,.005
Read Lang Blob,rpcCall,RPCSendAndGet,PASS,,Sep 18 2019 5:27:51.4360 PM,Sep 18 2019 5:27:52.5840 PM,1.1488
Read Lang Blob,rpcCall,RPCSendAndGet,PASS,,Sep 18 2019 5:27:52.5860 PM,Sep 18 2019 5:27:52.5930 PM,.0068
Read Lang Blob,rpcCall,RPCSendAndGet,PASS,,Sep 18 2019 5:27:52.5940 PM,Sep 18 2019 5:27:53.5600 PM,.9656
Read Lang Blob,rpcCall,RPCSendAndGet,PASS,,Sep 18 2019 5:27:53.5620 PM,Sep 18 2019 5:27:53.5670 PM,.0045
Read Lang Blob,rpcCall,RPCSendAndGet,PASS,,Sep 18 2019 5:27:58.6440 PM,Sep 18 2019 5:27:58.6530 PM,.0098
Read Lang Blob,rpcCall,RPCSendAndGet,PASS,,Sep 18 2019 5:27:59.2270 PM,Sep 18 2019 5:28:00.1920 PM,.965
Power Cycle,rpcCall,RPCSendAndGet,PASS,,Sep 18 2019 5:28:01.7040 PM,Sep 18 2019 5:28:02.8530 PM,1.1496
Power Cycle,rpcCall,RPCSendAndGet,PASS,,Sep 18 2019 5:28:02.8550 PM,Sep 18 2019 5:28:02.8600 PM,.0049
Power Cycle,rpcCall,RPCSendAndGet,PASS,,Sep 18 2019 5:28:02.8610 PM,Sep 18 2019 5:28:03.8260 PM,.9647
Power Cycle,rpcCall,RPCSendAndGet,PASS,,Sep 18 2019 5:28:03.8270 PM,Sep 18 2019 5:28:03.8320 PM,.0045
Power Cycle,rpcCall,RPCSendAndGet,PASS,,Sep 18 2019 5:28:08.9050 PM,Sep 18 2019 5:28:08.9120 PM,.0073
Power Cycle,rpcCall,RPCSendAndGet,PASS,,Sep 18 2019 5:28:09.4870 PM,Sep 18 2019 5:28:10.4520 PM,.9651
(Orion Power)SYS CURRENT IDLE,rpcCall,RPCSendAndGet,PASS,,Sep 18 2019 5:28:16.1420 PM,Sep 18 2019 5:28:16.9910 PM,.8489
System Curr caps lock LED is on,rpcCall,RPCSendAndGet,PASS,,Sep 18 2019 5:28:18.5510 PM,Sep 18 2019 5:28:19.4070 PM,.8564
System Curr caps lock LED is off,rpcCall,RPCSendAndGet,PASS,,Sep 18 2019 5:28:20.9780 PM,Sep 18 2019 5:28:21.8280 PM,.8498
(Orion Power)SYS CURRENT BLC ONLY,rpcCall,RPCSendAndGet,PASS,,Sep 18 2019 5:28:23.3410 PM,Sep 18 2019 5:28:24.1930 PM,.8524
(Orion Power)SYS CURRENT USBC Alt power ONLY,rpcCall,RPCSendAndGet,PASS,,Sep 18 2019 5:28:26.2370 PM,Sep 18 2019 5:28:27.0920 PM,.8556
(Orion Power)SYS CURRENT Energy storage ONLY,rpcCall,RPCSendAndGet,PASS,,Sep 18 2019 5:28:29.1330 PM,Sep 18 2019 5:28:29.9820 PM,.8494
(Orion Power)SYS CURRENT MFI ONLY,rpcCall,RPCSendAndGet,PASS,,Sep 18 2019 5:28:32.0170 PM,Sep 18 2019 5:28:32.8710 PM,.854
(Orion Power)SYS CURRENT Energy storage,rpcCall,RPCSendAndGet,PASS,,Sep 18 2019 5:28:34.9000 PM,Sep 18 2019 5:28:35.7500 PM,.8503
(Orion Power)SYS CURRENT TOUCH ONLY,rpcCall,RPCSendAndGet,PASS,,Sep 18 2019 5:28:37.9860 PM,Sep 18 2019 5:28:38.8350 PM,.8488
(Orion Power)SYS CURRENT ALL RAILS,rpcCall,RPCSendAndGet,PASS,,Sep 18 2019 5:28:44.5120 PM,Sep 18 2019 5:28:45.3700 PM,.8575
(Orion Power)SysTem Curr Leds to 0% Brightness,rpcCall,RPCSendAndGet,PASS,,Sep 18 2019 5:28:51.9020 PM,Sep 18 2019 5:28:52.7530 PM,.8513
(Orion Power)SysTem Curr Leds to 1% Brightness,rpcCall,RPCSendAndGet,PASS,,Sep 18 2019 5:28:54.3060 PM,Sep 18 2019 5:28:55.1600 PM,.854
(Orion Power)SysTem Curr Leds to 100% Brightness,rpcCall,RPCSendAndGet,PASS,,Sep 18 2019 5:28:56.7200 PM,Sep 18 2019 5:28:57.4080 PM,.6882
(Orion Power)SysTem Curr Leds to PD 50% Brightness,rpcCall,RPCSendAndGet,PASS,,Sep 18 2019 5:29:01.0940 PM,Sep 18 2019 5:29:01.9450 PM,.8517
USBC Power On,rpcCall,RPCSendAndGet,PASS,,Sep 18 2019 5:29:01.9510 PM,Sep 18 2019 5:29:03.0990 PM,1.148
USBC Power On,rpcCall,RPCSendAndGet,PASS,,Sep 18 2019 5:29:03.1000 PM,Sep 18 2019 5:29:03.1060 PM,.006
USBC Power On,rpcCall,RPCSendAndGet,PASS,,Sep 18 2019 5:29:03.2750 PM,Sep 18 2019 5:29:03.3900 PM,.1145
USBC Power On,rpcCall,RPCSendAndGet,PASS,,Sep 18 2019 5:29:03.3910 PM,Sep 18 2019 5:29:03.3980 PM,.0067
USBC Power On,rpcCall,RPCSendAndGet,PASS,,Sep 18 2019 5:29:03.3990 PM,Sep 18 2019 5:29:03.4060 PM,.0066
USBC Power On,rpcCall,RPCSendAndGet,PASS,,Sep 18 2019 5:29:03.5790 PM,Sep 18 2019 5:29:03.5850 PM,.0056
USBC Power On,rpcCall,RPCSendAndGet,PASS,,Sep 18 2019 5:29:06.9960 PM,Sep 18 2019 5:29:07.1360 PM,.1402
USBC Power On,rpcCall,RPCSendAndGet,PASS,,Sep 18 2019 5:29:09.1380 PM,Sep 18 2019 5:29:09.1450 PM,.0069
(USB-C Power) SYS CURRENT IDLE,rpcCall,RPCSendAndGet,PASS,,Sep 18 2019 5:29:14.4050 PM,Sep 18 2019 5:29:15.2650 PM,.8594
(USB-C Power) SYS CURRENT Capslock ONLY,rpcCall,RPCSendAndGet,PASS,,Sep 18 2019 5:29:16.8270 PM,Sep 18 2019 5:29:17.6760 PM,.8491
(USB-C Power) SYS CURRENT BLC ONLY,rpcCall,RPCSendAndGet,PASS,,Sep 18 2019 5:29:19.7140 PM,Sep 18 2019 5:29:20.5710 PM,.8571
(USB-C Power) SYS CURRENT MFI ONLY,rpcCall,RPCSendAndGet,PASS,,Sep 18 2019 5:29:22.6190 PM,Sep 18 2019 5:29:23.4680 PM,.8484
(USB-C Power) SYS CURRENT TOUCH ONLY,rpcCall,RPCSendAndGet,PASS,,Sep 18 2019 5:29:25.7160 PM,Sep 18 2019 5:29:26.5700 PM,.8546
(USB-C Power) SYS CURRENT ALL RAILS,rpcCall,RPCSendAndGet,PASS,,Sep 18 2019 5:29:33.2750 PM,Sep 18 2019 5:29:34.1230 PM,.8479
(USB-C Power)SysTem Curr Leds to 0% Brightness,rpcCall,RPCSendAndGet,PASS,,Sep 18 2019 5:29:39.5990 PM,Sep 18 2019 5:29:40.4480 PM,.8492
(USB-C Power)SysTem Curr Leds to 1% Brightness,rpcCall,RPCSendAndGet,PASS,,Sep 18 2019 5:29:41.9530 PM,Sep 18 2019 5:29:42.8110 PM,.8583
(USB-C Power)SysTem Curr Leds to 100% Brightness,rpcCall,RPCSendAndGet,PASS,,Sep 18 2019 5:29:44.3060 PM,Sep 18 2019 5:29:44.9940 PM,.688
(USB-C Power)SysTem Curr Leds to PD 50% Brightness,rpcCall,RPCSendAndGet,PASS,,Sep 18 2019 5:29:52.6110 PM,Sep 18 2019 5:29:53.4650 PM,.8539
5V 1.5A Curr CC Rp = 22kohm,rpcCall,RPCSendAndGet,PASS,,Sep 18 2019 5:29:53.4710 PM,Sep 18 2019 5:29:53.5680 PM,.0969
5V 1.5A Curr CC Rp = 22kohm,rpcCall,RPCSendAndGet,PASS,,Sep 18 2019 5:29:53.5690 PM,Sep 18 2019 5:29:53.7230 PM,.154
5V 1.5A Curr CC Rp = 22kohm,rpcCall,RPCSendAndGet,PASS,,Sep 18 2019 5:29:54.3000 PM,Sep 18 2019 5:29:54.3050 PM,.0047
5V 1.5A Curr CC Rp = 22kohm,rpcCall,RPCSendAndGet,PASS,,Sep 18 2019 5:29:54.3060 PM,Sep 18 2019 5:29:54.4210 PM,.1149
5V 1.5A Curr CC Rp = 22kohm,rpcCall,RPCSendAndGet,PASS,,Sep 18 2019 5:29:54.9940 PM,Sep 18 2019 5:29:55.0010 PM,.0068
5V 1.5A Curr CC Rp = 22kohm,rpcCall,RPCSendAndGet,PASS,,Sep 18 2019 5:29:55.1750 PM,Sep 18 2019 5:29:55.1820 PM,.0068
5V 1.5A Curr CC Rp = 22kohm,rpcCall,RPCSendAndGet,PASS,,Sep 18 2019 5:29:55.3560 PM,Sep 18 2019 5:29:55.3630 PM,.0066
5V 1.5A Curr CC Rp = 22kohm,rpcCall,RPCSendAndGet,PASS,,Sep 18 2019 5:29:55.5370 PM,Sep 18 2019 5:29:55.5440 PM,.0067
5V 1.5A Curr CC Rp = 22kohm,rpcCall,RPCSendAndGet,PASS,,Sep 18 2019 5:29:56.1200 PM,Sep 18 2019 5:29:56.1270 PM,.0068
5V 1.5A Curr CC Rp = 22kohm,rpcCall,RPCSendAndGet,PASS,,Sep 18 2019 5:29:56.7030 PM,Sep 18 2019 5:29:56.7080 PM,.0046
5V 1.5A Curr CC Rp = 22kohm,rpcCall,RPCSendAndGet,PASS,,Sep 18 2019 5:29:59.7810 PM,Sep 18 2019 5:29:59.7910 PM,.0101
5V 1.5A Curr CC Rp = 22kohm,rpcCall,RPCSendAndGet,PASS,,Sep 18 2019 5:30:01.8620 PM,Sep 18 2019 5:30:01.8680 PM,.0067
5V 1.5A Curr CC Rp = 22kohm,rpcCall,RPCSendAndGet,PASS,,Sep 18 2019 5:30:02.4450 PM,Sep 18 2019 5:30:02.4520 PM,.0068
5V 1.5A Curr CC Rp = 22kohm,rpcCall,RPCSendAndGet,PASS,,Sep 18 2019 5:30:03.0280 PM,Sep 18 2019 5:30:03.1820 PM,.1539
5V 1.5A Curr CC Rp = 22kohm,rpcCall,RPCSendAndGet,PASS,,Sep 18 2019 5:30:03.7550 PM,Sep 18 2019 5:30:03.9090 PM,.154
5V 1.5A Curr CC Rp = 22kohm,rpcCall,RPCSendAndGet,PASS,,Sep 18 2019 5:30:04.9790 PM,Sep 18 2019 5:30:05.8740 PM,.8952
5V 1.5A Orion Power Voltage,rpcCall,RPCSendAndGet,PASS,,Sep 18 2019 5:30:06.3890 PM,Sep 18 2019 5:30:07.6670 PM,1.2782
5V 1.5A DUT Input Voltage,rpcCall,RPCSendAndGet,PASS,,Sep 18 2019 5:30:07.6720 PM,Sep 18 2019 5:30:07.8960 PM,.2243
5V 1.5A DUT Input Voltage,rpcCall,RPCSendAndGet,PASS,,Sep 18 2019 5:30:07.8980 PM,Sep 18 2019 5:30:08.0510 PM,.1537
5V 1.5A DUT Input Voltage,rpcCall,RPCSendAndGet,PASS,,Sep 18 2019 5:30:08.6280 PM,Sep 18 2019 5:30:08.6350 PM,.0069
Download CCG3 FW,rpcCall,RPCSendAndGet,PASS,,Sep 18 2019 5:30:09.2140 PM,Sep 18 2019 5:30:10.3640 PM,1.1494
Download CCG3 FW,rpcCall,RPCSendAndGet,PASS,,Sep 18 2019 5:30:10.3650 PM,Sep 18 2019 5:30:10.3710 PM,.0061
Download CCG3 FW,rpcCall,RPCSendAndGet,PASS,,Sep 18 2019 5:30:10.5390 PM,Sep 18 2019 5:30:10.6530 PM,.1147
Download CCG3 FW,rpcCall,RPCSendAndGet,PASS,,Sep 18 2019 5:30:10.6550 PM,Sep 18 2019 5:30:10.6620 PM,.0067
Download CCG3 FW,rpcCall,RPCSendAndGet,PASS,,Sep 18 2019 5:30:10.6630 PM,Sep 18 2019 5:30:10.6700 PM,.0066
Download CCG3 FW,rpcCall,RPCSendAndGet,PASS,,Sep 18 2019 5:30:10.8410 PM,Sep 18 2019 5:30:10.8450 PM,.0042
After Download Read CCG3 FW,rpcCall,RPCSendAndGet,PASS,,Sep 18 2019 5:30:43.0040 PM,Sep 18 2019 5:30:44.1540 PM,1.1493
After Download Read CCG3 FW,rpcCall,RPCSendAndGet,PASS,,Sep 18 2019 5:30:44.1550 PM,Sep 18 2019 5:30:44.1600 PM,.0051
After Download Read CCG3 FW,rpcCall,RPCSendAndGet,PASS,,Sep 18 2019 5:30:44.3350 PM,Sep 18 2019 5:30:44.4490 PM,.1147
After Download Read CCG3 FW,rpcCall,RPCSendAndGet,PASS,,Sep 18 2019 5:30:44.4510 PM,Sep 18 2019 5:30:44.4580 PM,.0067
After Download Read CCG3 FW,rpcCall,RPCSendAndGet,PASS,,Sep 18 2019 5:30:44.4590 PM,Sep 18 2019 5:30:44.4660 PM,.0068
After Download Read CCG3 FW,rpcCall,RPCSendAndGet,PASS,,Sep 18 2019 5:30:44.6360 PM,Sep 18 2019 5:30:44.6410 PM,.0045
After Download Read CCG3 FW,rpcCall,RPCSendAndGet,PASS,,Sep 18 2019 5:30:48.0560 PM,Sep 18 2019 5:30:48.1960 PM,.1406
After Download Read CCG3 FW,rpcCall,RPCSendAndGet,PASS,,Sep 18 2019 5:30:50.2680 PM,Sep 18 2019 5:30:50.2750 PM,.0069
After Download Read CCG3 FW,rpcCall,RPCSendAndGet,PASS,,Sep 18 2019 5:30:53.6270 PM,Sep 18 2019 5:30:53.6340 PM,.007
After Download Read CCG3 FW,rpcCall,RPCSendAndGet,PASS,,Sep 18 2019 5:30:54.2100 PM,Sep 18 2019 5:30:54.2150 PM,.0045
After Download Read CCG3 FW,rpcCall,RPCSendAndGet,PASS,,Sep 18 2019 5:30:55.2860 PM,Sep 18 2019 5:30:55.2910 PM,.0046
After Download Read CCG3 FW,rpcCall,RPCSendAndGet,PASS,,Sep 18 2019 5:30:57.3580 PM,Sep 18 2019 5:30:57.3650 PM,.0068
5V 2.5A Curr CC Rp = 10kohm,rpcCall,RPCSendAndGet,PASS,,Sep 18 2019 5:30:58.4580 PM,Sep 18 2019 5:30:58.5490 PM,.091
5V 2.5A Curr CC Rp = 10kohm,rpcCall,RPCSendAndGet,PASS,,Sep 18 2019 5:30:58.5510 PM,Sep 18 2019 5:30:58.7040 PM,.1537
5V 2.5A Curr CC Rp = 10kohm,rpcCall,RPCSendAndGet,PASS,,Sep 18 2019 5:30:59.2060 PM,Sep 18 2019 5:30:59.2110 PM,.0046
5V 2.5A Curr CC Rp = 10kohm,rpcCall,RPCSendAndGet,PASS,,Sep 18 2019 5:30:59.2120 PM,Sep 18 2019 5:30:59.3270 PM,.1145
5V 2.5A Curr CC Rp = 10kohm,rpcCall,RPCSendAndGet,PASS,,Sep 18 2019 5:30:59.8290 PM,Sep 18 2019 5:30:59.8360 PM,.0068
5V 2.5A Curr CC Rp = 10kohm,rpcCall,RPCSendAndGet,PASS,,Sep 18 2019 5:31:00.0110 PM,Sep 18 2019 5:31:00.0180 PM,.0068
5V 2.5A Curr CC Rp = 10kohm,rpcCall,RPCSendAndGet,PASS,,Sep 18 2019 5:31:00.1920 PM,Sep 18 2019 5:31:00.1990 PM,.0068
5V 2.5A Curr CC Rp = 10kohm,rpcCall,RPCSendAndGet,PASS,,Sep 18 2019 5:31:00.3740 PM,Sep 18 2019 5:31:00.3800 PM,.0067
5V 2.5A Curr CC Rp = 10kohm,rpcCall,RPCSendAndGet,PASS,,Sep 18 2019 5:31:00.5560 PM,Sep 18 2019 5:31:00.5630 PM,.0066
5V 2.5A Curr CC Rp = 10kohm,rpcCall,RPCSendAndGet,PASS,,Sep 18 2019 5:31:00.7350 PM,Sep 18 2019 5:31:00.7420 PM,.0067
5V 2.5A Curr CC Rp = 10kohm,rpcCall,RPCSendAndGet,PASS,,Sep 18 2019 5:31:01.3180 PM,Sep 18 2019 5:31:01.3250 PM,.0069
5V 2.5A Curr CC Rp = 10kohm,rpcCall,RPCSendAndGet,PASS,,Sep 18 2019 5:31:01.9010 PM,Sep 18 2019 5:31:01.9060 PM,.0044
5V 2.5A Curr CC Rp = 10kohm,rpcCall,RPCSendAndGet,PASS,,Sep 18 2019 5:31:04.9790 PM,Sep 18 2019 5:31:04.9890 PM,.0102
5V 2.5A Curr CC Rp = 10kohm,rpcCall,RPCSendAndGet,PASS,,Sep 18 2019 5:31:07.0600 PM,Sep 18 2019 5:31:07.0670 PM,.0066
5V 2.5A Curr CC Rp = 10kohm,rpcCall,RPCSendAndGet,PASS,,Sep 18 2019 5:31:07.6440 PM,Sep 18 2019 5:31:07.6500 PM,.0068
5V 2.5A Curr CC Rp = 10kohm,rpcCall,RPCSendAndGet,PASS,,Sep 18 2019 5:31:08.2270 PM,Sep 18 2019 5:31:08.3820 PM,.155
5V 2.5A Curr CC Rp = 10kohm,rpcCall,RPCSendAndGet,PASS,,Sep 18 2019 5:31:08.9570 PM,Sep 18 2019 5:31:09.1110 PM,.1538
5V 2.5A Curr CC Rp = 10kohm,rpcCall,RPCSendAndGet,PASS,,Sep 18 2019 5:31:10.1780 PM,Sep 18 2019 5:31:10.9060 PM,.7286
5V 2.5A Orion Power Voltage,rpcCall,RPCSendAndGet,PASS,,Sep 18 2019 5:31:11.4190 PM,Sep 18 2019 5:31:12.6980 PM,1.2794
5V 2.5A DUT Input Voltage,rpcCall,RPCSendAndGet,PASS,,Sep 18 2019 5:31:12.7020 PM,Sep 18 2019 5:31:12.9270 PM,.2248
5V 2.5A DUT Input Voltage,rpcCall,RPCSendAndGet,PASS,,Sep 18 2019 5:31:12.9290 PM,Sep 18 2019 5:31:13.0830 PM,.154
5V 2.5A DUT Input Voltage,rpcCall,RPCSendAndGet,PASS,,Sep 18 2019 5:31:13.6560 PM,Sep 18 2019 5:31:13.6630 PM,.0069
9V 2.5A Curr USBC PD,rpcCall,RPCSendAndGet,PASS,,Sep 18 2019 5:31:13.6670 PM,Sep 18 2019 5:31:14.8170 PM,1.1494
9V 2.5A Curr USBC PD,rpcCall,RPCSendAndGet,PASS,,Sep 18 2019 5:31:14.8180 PM,Sep 18 2019 5:31:14.8240 PM,.006
9V 2.5A Curr USBC PD,rpcCall,RPCSendAndGet,PASS,,Sep 18 2019 5:31:14.9990 PM,Sep 18 2019 5:31:15.1140 PM,.1144
9V 2.5A Curr USBC PD,rpcCall,RPCSendAndGet,PASS,,Sep 18 2019 5:31:15.1150 PM,Sep 18 2019 5:31:15.1220 PM,.0066
9V 2.5A Curr USBC PD,rpcCall,RPCSendAndGet,PASS,,Sep 18 2019 5:31:15.1230 PM,Sep 18 2019 5:31:15.1300 PM,.0067
9V 2.5A Curr USBC PD,rpcCall,RPCSendAndGet,PASS,,Sep 18 2019 5:31:15.3060 PM,Sep 18 2019 5:31:15.3100 PM,.0044
9V 2.5A Curr USBC PD,rpcCall,RPCSendAndGet,PASS,,Sep 18 2019 5:31:18.7240 PM,Sep 18 2019 5:31:18.8640 PM,.1399
9V 2.5A Curr USBC PD,rpcCall,RPCSendAndGet,PASS,,Sep 18 2019 5:31:20.8660 PM,Sep 18 2019 5:31:20.8730 PM,.0069
9V 2.5A Curr USBC PD,rpcCall,RPCSendAndGet,PASS,,Sep 18 2019 5:31:23.5000 PM,Sep 18 2019 5:31:23.5070 PM,.0066
9V 2.5A Curr USBC PD,rpcCall,RPCSendAndGet,PASS,,Sep 18 2019 5:31:24.0830 PM,Sep 18 2019 5:31:24.2400 PM,.1568
9V 2.5A Curr USBC PD,rpcCall,RPCSendAndGet,PASS,,Sep 18 2019 5:31:25.3110 PM,Sep 18 2019 5:31:25.3170 PM,.0068
9V 2.5A Curr USBC PD,rpcCall,RPCSendAndGet,PASS,,Sep 18 2019 5:31:26.3870 PM,Sep 18 2019 5:31:26.5410 PM,.1541
9V 2.5A Curr USBC PD,rpcCall,RPCSendAndGet,PASS,,Sep 18 2019 5:31:28.6800 PM,Sep 18 2019 5:31:29.4120 PM,.7316
9V 2.5A Orion Power Voltage,rpcCall,RPCSendAndGet,PASS,,Sep 18 2019 5:31:29.9200 PM,Sep 18 2019 5:31:31.2000 PM,1.2799
9V 2.5A DUT Input Voltage,rpcCall,RPCSendAndGet,PASS,,Sep 18 2019 5:31:31.2050 PM,Sep 18 2019 5:31:31.4310 PM,.2258
9V 2.5A DUT Input Voltage,rpcCall,RPCSendAndGet,PASS,,Sep 18 2019 5:31:31.4330 PM,Sep 18 2019 5:31:31.5860 PM,.1536
9V 2.5A DUT Input Voltage,rpcCall,RPCSendAndGet,PASS,,Sep 18 2019 5:31:32.1580 PM,Sep 18 2019 5:31:32.1650 PM,.0067
Tristar To CCG3 VID,rpcCall,RPCSendAndGet,PASS,,Sep 18 2019 5:31:32.1690 PM,Sep 18 2019 5:31:33.3180 PM,1.1491
Tristar To CCG3 VID,rpcCall,RPCSendAndGet,PASS,,Sep 18 2019 5:31:33.3200 PM,Sep 18 2019 5:31:33.3260 PM,.0058
Tristar To CCG3 VID,rpcCall,RPCSendAndGet,PASS,,Sep 18 2019 5:31:33.4950 PM,Sep 18 2019 5:31:33.6090 PM,.1136
Tristar To CCG3 VID,rpcCall,RPCSendAndGet,PASS,,Sep 18 2019 5:31:33.6110 PM,Sep 18 2019 5:31:33.6170 PM,.0067
Tristar To CCG3 VID,rpcCall,RPCSendAndGet,PASS,,Sep 18 2019 5:31:33.6190 PM,Sep 18 2019 5:31:33.6260 PM,.0067
Tristar To CCG3 VID,rpcCall,RPCSendAndGet,PASS,,Sep 18 2019 5:31:33.7970 PM,Sep 18 2019 5:31:33.8010 PM,.0044
Tristar To CCG3 VID,rpcCall,RPCSendAndGet,PASS,,Sep 18 2019 5:31:37.2170 PM,Sep 18 2019 5:31:37.3570 PM,.1402
Tristar To CCG3 VID,rpcCall,RPCSendAndGet,PASS,,Sep 18 2019 5:31:39.4280 PM,Sep 18 2019 5:31:39.4350 PM,.0068
Tristar To CCG3 VID,rpcCall,RPCSendAndGet,PASS,,Sep 18 2019 5:31:42.2240 PM,Sep 18 2019 5:31:42.2280 PM,.0046
Tristar To CCG3 PID,rpcCall,RPCSendAndGet,PASS,,Sep 18 2019 5:31:44.1640 PM,Sep 18 2019 5:31:44.1690 PM,.0045
PHASE1 ORIONPWR DUT MODE,rpcCall,RPCSendAndGet,PASS,,Sep 18 2019 5:31:44.1730 PM,Sep 18 2019 5:31:44.2870 PM,.1145
PHASE1 ORIONPWR DUT MODE,rpcCall,RPCSendAndGet,PASS,,Sep 18 2019 5:31:44.2890 PM,Sep 18 2019 5:31:45.4370 PM,1.1483
PHASE1 ORIONPWR DUT MODE,rpcCall,RPCSendAndGet,PASS,,Sep 18 2019 5:31:45.6110 PM,Sep 18 2019 5:31:45.6180 PM,.0067
PHASE1 ORIONPWR DUT MODE,rpcCall,RPCSendAndGet,PASS,,Sep 18 2019 5:31:45.6190 PM,Sep 18 2019 5:31:45.6260 PM,.0066
PHASE1 ORIONPWR DUT MODE,rpcCall,RPCSendAndGet,PASS,,Sep 18 2019 5:31:45.8020 PM,Sep 18 2019 5:31:45.8070 PM,.0045
PHASE2 USBCPWR DUT MODE,rpcCall,RPCSendAndGet,PASS,,Sep 18 2019 5:31:49.3150 PM,Sep 18 2019 5:31:49.4550 PM,.1407
PHASE3 ORIONPWR DUT MODE,rpcCall,RPCSendAndGet,PASS,,Sep 18 2019 5:31:52.8140 PM,Sep 18 2019 5:31:52.9280 PM,.1145
System critical errors,rpcCall,RPCSendAndGet,PASS,,Sep 18 2019 5:31:56.0450 PM,Sep 18 2019 5:31:57.1940 PM,1.1492
System critical errors,rpcCall,RPCSendAndGet,PASS,,Sep 18 2019 5:31:57.1960 PM,Sep 18 2019 5:31:57.3100 PM,.1146
System critical errors,rpcCall,RPCSendAndGet,PASS,,Sep 18 2019 5:31:57.3120 PM,Sep 18 2019 5:31:57.3180 PM,.0066
System critical errors,rpcCall,RPCSendAndGet,PASS,,Sep 18 2019 5:31:57.3200 PM,Sep 18 2019 5:31:57.3270 PM,.0066
System critical errors,rpcCall,RPCSendAndGet,PASS,,Sep 18 2019 5:31:57.5030 PM,Sep 18 2019 5:31:57.5070 PM,.0045
BL Critical errors,rpcCall,RPCSendAndGet,PASS,,Sep 18 2019 5:32:06.5470 PM,Sep 18 2019 5:32:06.5520 PM,.0046
BL Critical errors,rpcCall,RPCSendAndGet,PASS,,Sep 18 2019 5:32:07.6230 PM,Sep 18 2019 5:32:07.6280 PM,.0046
Brick ID,com.apple.hwte.atlas.AppPlugin,show-form,PASS,,Sep 18 2019 5:32:11.4650 PM,Sep 18 2019 5:32:24.0210 PM,12.5561
Brick ID,rpcCall,RPCSendAndGet,PASS,,Sep 18 2019 5:32:24.0230 PM,Sep 18 2019 5:32:24.1140 PM,.0912
Finish DRCB,DRCB,finish,PASS,,Sep 18 2019 5:32:26.2110 PM,Sep 18 2019 5:32:26.7580 PM,.5472
Finish DRCB,rpcCall,RPCSendAndGet,PASS,,Sep 18 2019 5:32:27.0610 PM,Sep 18 2019 5:32:27.1520 PM,.0911
Finish DRCB,rpcCall,RPCSendAndGet,PASS,,Sep 18 2019 5:32:27.1530 PM,Sep 18 2019 5:32:27.1580 PM,.0043
