document_version, 1.0
station_name,SW-DOWNLOAD
station_id,FXLH_F05-4FT-02_5_SW-DOWNLOAD
station_sw,Atlas
station_sw_version,Atlas

tag,start_time,duration
Scan_SN, 1570180057.32, 2.74
Fixture_init, 1570180060.07, 7.86
EP_DISABLE_TP, 1570180067.92, 6.97
Start_Data_Reporting, 1570180074.90, 0.02
Get_SFC_Info, 1570180074.91, 0.05
BUILD_EVENT, 1570180074.96, 0.00
S_BUILD, 1570180074.96, 0.00
WO_SN, 1570180074.96, 0.00
SUB_SN, 1570180074.97, 0.00
UNIT_LBL, 1570180074.97, 0.00
Start_Control_Bit, 1570180074.97, 0.33
P203_FW, 1570180075.30, 0.05
Auth_Check, 1570180075.35, 4.49
Query_MLB_SN, 1570180079.84, 0.00
Read_MLB_SN, 1570180079.84, 1.06
Check_MLB_SN, 1570180080.89, 0.00
Read_STFW_Version_Before_DL, 1570180080.90, 0.48
Read_MTFW_Version_Before_DL, 1570180081.38, 0.48
Read_CCG3_FW_Version, 1570180081.86, 0.92
Program_STFW, 1570180082.79, 42.05
Program_MTFW, 1570180124.84, 25.50
Read_STFW_Version_After_DL, 1570180150.34, 0.42
Read_MTFW_Version_After_DL, 1570180150.77, 0.42
Finish_DRCB, 1570180151.19, 0.71
Fixture_reset, 1570180151.94, 0.32
full_test_durations, 1570180057.31, 95.00
