Related Test,Name-1,Name-2,Name-3,Status,Info,Measurement,Units,Upper Limit,Lower Limit,Relaxed Upper Limit,Relaxed Lower Limit,Limit Units,Start Time,End Time,Duration (s)
Scan_SN,,,,,,,,,,,,,Oct 4 2019 5:07:37.3250 PM,Oct 4 2019 5:07:40.0640 PM,2.7394
Scan_SN,Scan_SN,AtlasApp-Hyperion,show-form,PASS,,,,,,,,,Oct 4 2019 5:07:37.3260 PM,Oct 4 2019 5:07:40.0630 PM,2.737
Fixture_init,,,,,,,,,,,,,Oct 4 2019 5:07:40.0670 PM,Oct 4 2019 5:07:47.9220 PM,7.8552
Fixture_init,Fixture_init,Fixture,changeDelimiter,PASS,,,,,,,,,Oct 4 2019 5:07:40.0680 PM,Oct 4 2019 5:07:40.0680 PM,0
Fixture_init,Fixture_init,Fixture,changeLineTerminator,PASS,,,,,,,,,Oct 4 2019 5:07:40.0700 PM,Oct 4 2019 5:07:40.0700 PM,0
Fixture_init,Fixture_init,Fixture,open,PASS,,,,,,,,,Oct 4 2019 5:07:40.0720 PM,Oct 4 2019 5:07:41.6690 PM,1.5972
Fixture_init,Fixture_init,Fixture,read,PASS,,,,,,,,,Oct 4 2019 5:07:41.6710 PM,Oct 4 2019 5:07:41.6920 PM,.0208
Fixture_init,Fixture_init,P203,changeDelimiter,PASS,,,,,,,,,Oct 4 2019 5:07:41.6940 PM,Oct 4 2019 5:07:41.6940 PM,0
Fixture_init,Fixture_init,P203,changeLineTerminator,PASS,,,,,,,,,Oct 4 2019 5:07:41.6960 PM,Oct 4 2019 5:07:41.6960 PM,0
Fixture_init,Fixture_init,P203,open,PASS,,,,,,,,,Oct 4 2019 5:07:41.6980 PM,Oct 4 2019 5:07:43.2900 PM,1.5927
Fixture_init,Fixture_init,P203,read,PASS,,,,,,,,,Oct 4 2019 5:07:43.2920 PM,Oct 4 2019 5:07:43.3210 PM,.0287
Fixture_init,Fixture_init,[Fixture] isReady,sendCommand,PASS,,,,,,,,,Oct 4 2019 5:07:43.3220 PM,Oct 4 2019 5:07:43.3400 PM,.017
Fixture_init,Fixture_init,[Fixture] power on,sendCommand,PASS,,,,,,,,,Oct 4 2019 5:07:43.3410 PM,Oct 4 2019 5:07:43.3590 PM,.0174
Fixture_init,Fixture_init,[P203] ,sendCommand,PASS,,,,,,,,,Oct 4 2019 5:07:44.4280 PM,Oct 4 2019 5:07:44.4430 PM,.0149
Fixture_init,Fixture_init,[Fixture] Engage pogo,sendCommand,PASS,,,,,,,,,Oct 4 2019 5:07:44.4450 PM,Oct 4 2019 5:07:44.8090 PM,.3644
Fixture_init,Fixture_init,"[Hid] /usr/local/bin/hidreport -v 0x05ac -p 0x026E -u 0xff00,0xb",,PASS,,,,,,,,,Oct 4 2019 5:07:47.9160 PM,Oct 4 2019 5:07:47.9160 PM,0
Fixture_init,Fixture_init,IOFileHandle,writeToFile,PASS,,,,,,,,,Oct 4 2019 5:07:47.9180 PM,Oct 4 2019 5:07:47.9180 PM,.0004
Fixture_init,Fixture_init,StationReportPlugin,isReporting,PASS,,,,,,,,,Oct 4 2019 5:07:47.9210 PM,Oct 4 2019 5:07:47.9210 PM,0
EP_DISABLE_TP,,,,,,,,,,,,,Oct 4 2019 5:07:47.9250 PM,Oct 4 2019 5:07:54.8930 PM,6.9674
EP_DISABLE_TP,EP_DISABLE_TP,[Hid] /usr/local/bin/hidreport -p 0x026E -i 0 set 0x3D 0x3D 0x13 0x0 0x0 0x0,,PASS,,,,,,,,,Oct 4 2019 5:07:47.9720 PM,Oct 4 2019 5:07:47.9720 PM,0
EP_DISABLE_TP,EP_DISABLE_TP,IOFileHandle,writeToFile,PASS,,,,,,,,,Oct 4 2019 5:07:47.9740 PM,Oct 4 2019 5:07:47.9740 PM,.0001
EP_DISABLE_TP,EP_DISABLE_TP,[Hid] /usr/local/bin/hidreport -p 0x026E -i 0 set 0x3E 0x3E 0x13 0x0 0x0 0x0 0x2,,PASS,,,,,,,,,Oct 4 2019 5:07:48.3920 PM,Oct 4 2019 5:07:48.3920 PM,0
EP_DISABLE_TP,EP_DISABLE_TP,IOFileHandle,writeToFile-2,PASS,,,,,,,,,Oct 4 2019 5:07:48.3940 PM,Oct 4 2019 5:07:48.3940 PM,.0002
EP_DISABLE_TP,EP_DISABLE_TP,[Fixture] power off,sendCommand,PASS,,,,,,,,,Oct 4 2019 5:07:48.7660 PM,Oct 4 2019 5:07:48.7720 PM,.006
EP_DISABLE_TP,EP_DISABLE_TP,[Fixture] power on,sendCommand,PASS,,,,,,,,,Oct 4 2019 5:07:49.7740 PM,Oct 4 2019 5:07:49.7780 PM,.0044
EP_DISABLE_TP,EP_DISABLE_TP,[P203] ,sendCommand,PASS,,,,,,,,,Oct 4 2019 5:07:54.8490 PM,Oct 4 2019 5:07:54.8500 PM,.0008
EP_DISABLE_TP,EP_DISABLE_TP,"[Hid] /usr/local/bin/hidreport -v 0x05ac -p 0x026E -u 0xff00,0xb",,PASS,,,,,,,,,Oct 4 2019 5:07:54.8900 PM,Oct 4 2019 5:07:54.8900 PM,0
EP_DISABLE_TP,EP_DISABLE_TP,IOFileHandle,writeToFile-3,PASS,,,,,,,,,Oct 4 2019 5:07:54.8920 PM,Oct 4 2019 5:07:54.8920 PM,.0001
Start_Data_Reporting,,,,,,,,,,,,,Oct 4 2019 5:07:54.8960 PM,Oct 4 2019 5:07:54.9100 PM,.0139
Start_Data_Reporting,Start_Data_Reporting,DRCB,StartDataReporting,PASS,,,,,,,,,Oct 4 2019 5:07:54.9000 PM,Oct 4 2019 5:07:54.9090 PM,.0091
Get_SFC_Info,,,,,,,,,,,,,Oct 4 2019 5:07:54.9130 PM,Oct 4 2019 5:07:54.9580 PM,.0452
Get_SFC_Info,Get_SFC_Info,SFCSupport,getAttributes,PASS,,,,,,,,,Oct 4 2019 5:07:54.9140 PM,Oct 4 2019 5:07:54.9390 PM,.0252
Get_SFC_Info,Get_SFC_Info,GET SFC info - wo_no,WCT-J90049,PASS,,,,,,,,,Oct 4 2019 5:07:54.9400 PM,Oct 4 2019 5:07:54.9400 PM,0
Get_SFC_Info,Get_SFC_Info,SFCSupport,getAttributes-2,PASS,,,,,,,,,Oct 4 2019 5:07:54.9410 PM,Oct 4 2019 5:07:54.9460 PM,.0043
Get_SFC_Info,Get_SFC_Info,GET SFC info - pansa,DKB938700HKN6780T,PASS,,,,,,,,,Oct 4 2019 5:07:54.9460 PM,Oct 4 2019 5:07:54.9460 PM,0
Get_SFC_Info,Get_SFC_Info,SFCSupport,getAttributes-3,PASS,,,,,,,,,Oct 4 2019 5:07:54.9470 PM,Oct 4 2019 5:07:54.9510 PM,.0042
Get_SFC_Info,Get_SFC_Info,GET SFC info - unit_lbl,R118-P2_P21IAR-R4_C01298,PASS,,,,,,,,,Oct 4 2019 5:07:54.9520 PM,Oct 4 2019 5:07:54.9520 PM,0
Get_SFC_Info,Get_SFC_Info,SFCSupport,getAttributes-4,PASS,,,,,,,,,Oct 4 2019 5:07:54.9530 PM,Oct 4 2019 5:07:54.9570 PM,.0034
Get_SFC_Info,Get_SFC_Info,GET SFC info - mlb_sn,DLX93750073N6R52Y,PASS,,,,,,,,,Oct 4 2019 5:07:54.9570 PM,Oct 4 2019 5:07:54.9570 PM,0
BUILD_EVENT,,,,,,,,,,,,,Oct 4 2019 5:07:54.9600 PM,Oct 4 2019 5:07:54.9610 PM,.0006
BUILD_EVENT,BUILD_EVENT,Build_EVENT,R118-P2,PASS,,,,,,,,,Oct 4 2019 5:07:54.9600 PM,Oct 4 2019 5:07:54.9600 PM,0
S_BUILD,,,,,,,,,,,,,Oct 4 2019 5:07:54.9630 PM,Oct 4 2019 5:07:54.9630 PM,.0005
S_BUILD,S_BUILD,S_BUILD,R118-P2_P21IAR-R4,PASS,,,,,,,,,Oct 4 2019 5:07:54.9630 PM,Oct 4 2019 5:07:54.9630 PM,0
WO_SN,,,,,,,,,,,,,Oct 4 2019 5:07:54.9650 PM,Oct 4 2019 5:07:54.9660 PM,.0006
WO_SN,WO_SN,Get wo_no Pass,,PASS,,,,,,,,,Oct 4 2019 5:07:54.9650 PM,Oct 4 2019 5:07:54.9650 PM,0
SUB_SN,,,,,,,,,,,,,Oct 4 2019 5:07:54.9680 PM,Oct 4 2019 5:07:54.9680 PM,.0006
SUB_SN,SUB_SN,Get pansa Pass,,PASS,,,,,,,,,Oct 4 2019 5:07:54.9680 PM,Oct 4 2019 5:07:54.9680 PM,0
UNIT_LBL,,,,,,,,,,,,,Oct 4 2019 5:07:54.9700 PM,Oct 4 2019 5:07:54.9710 PM,.001
UNIT_LBL,UNIT_LBL,Get unit_lbl Pass,,PASS,,,,,,,,,Oct 4 2019 5:07:54.9710 PM,Oct 4 2019 5:07:54.9710 PM,0
Start_Control_Bit,,,,,,,,,,,,,Oct 4 2019 5:07:54.9740 PM,Oct 4 2019 5:07:55.2980 PM,.3234
Start_Control_Bit,Start_Control_Bit,DRCB,StartControlBits,PASS,,,,,,,,,Oct 4 2019 5:07:54.9770 PM,Oct 4 2019 5:07:55.2970 PM,.3203
P203_FW,,,,,,,,,,,,,Oct 4 2019 5:07:55.3000 PM,Oct 4 2019 5:07:55.3430 PM,.0432
P203_FW,P203_FW,P203,read,PASS,,,,,,,,,Oct 4 2019 5:07:55.3010 PM,Oct 4 2019 5:07:55.3010 PM,.0003
P203_FW,P203_FW,P203,read-2,PASS,,,,,,,,,Oct 4 2019 5:07:55.3030 PM,Oct 4 2019 5:07:55.3030 PM,.0002
P203_FW,P203_FW,P203,read-3,PASS,,,,,,,,,Oct 4 2019 5:07:55.3040 PM,Oct 4 2019 5:07:55.3290 PM,.0253
P203_FW,P203_FW,[P203] v,sendCommand,PASS,,,,,,,,,Oct 4 2019 5:07:55.3310 PM,Oct 4 2019 5:07:55.3420 PM,.0104
P203_FW,P203_FW,P203_FW,,PASS,,,,,,,,,Oct 4 2019 5:07:55.3430 PM,Oct 4 2019 5:07:55.3430 PM,0
Auth_Check,,,,,,,,,,,,,Oct 4 2019 5:07:55.3460 PM,Oct 4 2019 5:07:59.8260 PM,4.4805
Auth_Check,Auth_Check,P203,read,PASS,,,,,,,,,Oct 4 2019 5:07:55.3480 PM,Oct 4 2019 5:07:55.3480 PM,.0002
Auth_Check,Auth_Check,P203,read-2,PASS,,,,,,,,,Oct 4 2019 5:07:55.3500 PM,Oct 4 2019 5:07:55.3740 PM,.0243
Auth_Check,Auth_Check,[P203] aid tx bd 1 3 24 71 4 10 0 00,sendCommandChars,PASS,,,,,,,,,Oct 4 2019 5:07:55.3760 PM,Oct 4 2019 5:07:55.4430 PM,.0666
Auth_Check,Auth_Check,P203,read-3,PASS,,,,,,,,,Oct 4 2019 5:07:55.4460 PM,Oct 4 2019 5:07:55.4460 PM,.0002
Auth_Check,Auth_Check,P203,read-4,PASS,,,,,,,,,Oct 4 2019 5:07:55.4470 PM,Oct 4 2019 5:07:55.4700 PM,.0224
Auth_Check,Auth_Check,[P203] aid tx bd 1 3 24 71 4 10 0 00,sendCommandChars-2,PASS,,,,,,,,,Oct 4 2019 5:07:55.4710 PM,Oct 4 2019 5:07:55.5100 PM,.0389
Auth_Check,Auth_Check,P203,read-5,PASS,,,,,,,,,Oct 4 2019 5:07:55.5140 PM,Oct 4 2019 5:07:55.5150 PM,.0001
Auth_Check,Auth_Check,P203,read-6,PASS,,,,,,,,,Oct 4 2019 5:07:55.5160 PM,Oct 4 2019 5:07:55.5400 PM,.0242
Auth_Check,Auth_Check,[P203] aid tx bd 1 3 24 71 4 10 0 00,sendCommandChars-3,PASS,,,,,,,,,Oct 4 2019 5:07:55.5420 PM,Oct 4 2019 5:07:55.5770 PM,.0356
Auth_Check,Auth_Check,P203,read-7,PASS,,,,,,,,,Oct 4 2019 5:07:55.5800 PM,Oct 4 2019 5:07:55.5800 PM,.0001
Auth_Check,Auth_Check,P203,read-8,PASS,,,,,,,,,Oct 4 2019 5:07:55.5810 PM,Oct 4 2019 5:07:55.6100 PM,.0292
Auth_Check,Auth_Check,[P203] aid tx bd 1 3 24 71 4 10 0 00,sendCommandChars-4,PASS,,,,,,,,,Oct 4 2019 5:07:55.6120 PM,Oct 4 2019 5:07:55.6470 PM,.0348
Auth_Check,Auth_Check,P203,read-9,PASS,,,,,,,,,Oct 4 2019 5:07:55.6490 PM,Oct 4 2019 5:07:55.6490 PM,.0002
Auth_Check,Auth_Check,P203,read-10,PASS,,,,,,,,,Oct 4 2019 5:07:55.6500 PM,Oct 4 2019 5:07:55.6720 PM,.022
Auth_Check,Auth_Check,[P203] aid tx bd 1 3 24 71 4 10 0 00,sendCommandChars-5,PASS,,,,,,,,,Oct 4 2019 5:07:55.6740 PM,Oct 4 2019 5:07:55.7100 PM,.0356
Auth_Check,Auth_Check,P203,read-11,PASS,,,,,,,,,Oct 4 2019 5:07:55.7120 PM,Oct 4 2019 5:07:55.7130 PM,.0002
Auth_Check,Auth_Check,P203,read-12,PASS,,,,,,,,,Oct 4 2019 5:07:55.7140 PM,Oct 4 2019 5:07:55.7410 PM,.0269
Auth_Check,Auth_Check,[P203] aid tx bd 2 3 24 71 4 10 0 00,sendCommandChars,PASS,,,,,,,,,Oct 4 2019 5:07:55.7420 PM,Oct 4 2019 5:07:55.7770 PM,.0353
Auth_Check,Auth_Check,P203,read-13,PASS,,,,,,,,,Oct 4 2019 5:07:55.7800 PM,Oct 4 2019 5:07:55.7800 PM,.0001
Auth_Check,Auth_Check,P203,read-14,PASS,,,,,,,,,Oct 4 2019 5:07:55.7810 PM,Oct 4 2019 5:07:55.8080 PM,.0265
Auth_Check,Auth_Check,P203,read-15,PASS,,,,,,,,,Oct 4 2019 5:07:55.8100 PM,Oct 4 2019 5:07:55.8310 PM,.0212
Auth_Check,Auth_Check,[P203] aid tx bd 3 2 24 71 4 10 8,sendCommandChars,PASS,,,,,,,,,Oct 4 2019 5:07:55.8330 PM,Oct 4 2019 5:07:55.8670 PM,.0348
Auth_Check,Auth_Check,1. Fetch device info,,PASS,,,,,,,,,Oct 4 2019 5:07:55.8690 PM,Oct 4 2019 5:07:55.8690 PM,0
Auth_Check,Auth_Check,      version: 0x07,,PASS,,,,,,,,,Oct 4 2019 5:07:55.8690 PM,Oct 4 2019 5:07:55.8690 PM,0
Auth_Check,Auth_Check,auth revision: 0x01,,PASS,,,,,,,,,Oct 4 2019 5:07:55.8690 PM,Oct 4 2019 5:07:55.8690 PM,0
Auth_Check,Auth_Check,auth protocol: 0x0300,,PASS,,,,,,,,,Oct 4 2019 5:07:55.8700 PM,Oct 4 2019 5:07:55.8700 PM,0
Auth_Check,Auth_Check,    device ID: 0x00000300,,PASS,,,,,,,,,Oct 4 2019 5:07:55.8700 PM,Oct 4 2019 5:07:55.8700 PM,0
Auth_Check,Auth_Check,P203,read-16,PASS,,,,,,,,,Oct 4 2019 5:07:55.8710 PM,Oct 4 2019 5:07:55.8710 PM,.0002
Auth_Check,Auth_Check,P203,read-17,PASS,,,,,,,,,Oct 4 2019 5:07:55.8720 PM,Oct 4 2019 5:07:55.9010 PM,.0289
Auth_Check,Auth_Check,[P203] aid tx bd 4 3 24 71 4 10 0 30,sendCommandChars,PASS,,,,,,,,,Oct 4 2019 5:07:55.9030 PM,Oct 4 2019 5:07:55.9380 PM,.0356
Auth_Check,Auth_Check,P203,read-18,PASS,,,,,,,,,Oct 4 2019 5:07:55.9410 PM,Oct 4 2019 5:07:55.9410 PM,.0002
Auth_Check,Auth_Check,P203,read-19,PASS,,,,,,,,,Oct 4 2019 5:07:55.9420 PM,Oct 4 2019 5:07:55.9720 PM,.0298
Auth_Check,Auth_Check,P203,read-20,PASS,,,,,,,,,Oct 4 2019 5:07:55.9740 PM,Oct 4 2019 5:07:56.0020 PM,.0279
Auth_Check,Auth_Check,[P203] aid tx bd 5 2 24 71 4 10 2,sendCommandChars,PASS,,,,,,,,,Oct 4 2019 5:07:56.0030 PM,Oct 4 2019 5:07:56.0370 PM,.034
Auth_Check,Auth_Check,2. Fetch cert length,,PASS,,,,,,,,,Oct 4 2019 5:07:56.0390 PM,Oct 4 2019 5:07:56.0390 PM,0
Auth_Check,Auth_Check,P203,read-21,PASS,,,,,,,,,Oct 4 2019 5:07:56.0400 PM,Oct 4 2019 5:07:56.0400 PM,.0001
Auth_Check,Auth_Check,P203,read-22,PASS,,,,,,,,,Oct 4 2019 5:07:56.0420 PM,Oct 4 2019 5:07:56.0720 PM,.0303
Auth_Check,Auth_Check,[P203] aid tx bd 6 3 24 71 4 10 0 31,sendCommandChars,PASS,,,,,,,,,Oct 4 2019 5:07:56.0740 PM,Oct 4 2019 5:07:56.1080 PM,.0343
Auth_Check,Auth_Check,P203,read-23,PASS,,,,,,,,,Oct 4 2019 5:07:56.1110 PM,Oct 4 2019 5:07:56.1110 PM,.0001
Auth_Check,Auth_Check,P203,read-24,PASS,,,,,,,,,Oct 4 2019 5:07:56.1120 PM,Oct 4 2019 5:07:56.1420 PM,.0299
Auth_Check,Auth_Check,P203,read-25,PASS,,,,,,,,,Oct 4 2019 5:07:56.1440 PM,Oct 4 2019 5:07:56.1720 PM,.0281
Auth_Check,Auth_Check,[P203] aid tx bd 7 2 24 71 4 10 23,sendCommandChars,PASS,,,,,,,,,Oct 4 2019 5:07:56.1740 PM,Oct 4 2019 5:07:56.2090 PM,.035
Auth_Check,Auth_Check,P203,read-26,PASS,,,,,,,,,Oct 4 2019 5:07:56.2110 PM,Oct 4 2019 5:07:56.2110 PM,.0001
Auth_Check,Auth_Check,P203,read-27,PASS,,,,,,,,,Oct 4 2019 5:07:56.2130 PM,Oct 4 2019 5:07:56.2410 PM,.0277
Auth_Check,Auth_Check,P203,read-28,PASS,,,,,,,,,Oct 4 2019 5:07:56.2430 PM,Oct 4 2019 5:07:56.2730 PM,.0301
Auth_Check,Auth_Check,[P203] aid tx bd 8 2 24 71 4 10 23,sendCommandChars,PASS,,,,,,,,,Oct 4 2019 5:07:56.2740 PM,Oct 4 2019 5:07:56.3090 PM,.0346
Auth_Check,Auth_Check,P203,read-29,PASS,,,,,,,,,Oct 4 2019 5:07:56.3110 PM,Oct 4 2019 5:07:56.3110 PM,.0001
Auth_Check,Auth_Check,P203,read-30,PASS,,,,,,,,,Oct 4 2019 5:07:56.3130 PM,Oct 4 2019 5:07:56.3390 PM,.0264
Auth_Check,Auth_Check,P203,read-31,PASS,,,,,,,,,Oct 4 2019 5:07:56.3410 PM,Oct 4 2019 5:07:56.3630 PM,.0219
Auth_Check,Auth_Check,[P203] aid tx bd 9 2 24 71 4 10 23,sendCommandChars,PASS,,,,,,,,,Oct 4 2019 5:07:56.3650 PM,Oct 4 2019 5:07:56.3990 PM,.0342
Auth_Check,Auth_Check,P203,read-32,PASS,,,,,,,,,Oct 4 2019 5:07:56.4010 PM,Oct 4 2019 5:07:56.4020 PM,.0001
Auth_Check,Auth_Check,P203,read-33,PASS,,,,,,,,,Oct 4 2019 5:07:56.4030 PM,Oct 4 2019 5:07:56.4240 PM,.0207
Auth_Check,Auth_Check,P203,read-34,PASS,,,,,,,,,Oct 4 2019 5:07:56.4250 PM,Oct 4 2019 5:07:56.4540 PM,.028
Auth_Check,Auth_Check,[P203] aid tx bd a 2 24 71 4 10 17,sendCommandChars,PASS,,,,,,,,,Oct 4 2019 5:07:56.4550 PM,Oct 4 2019 5:07:56.4790 PM,.0245
Auth_Check,Auth_Check,P203,read-35,PASS,,,,,,,,,Oct 4 2019 5:07:56.4830 PM,Oct 4 2019 5:07:56.4830 PM,.0002
Auth_Check,Auth_Check,P203,read-36,PASS,,,,,,,,,Oct 4 2019 5:07:56.4840 PM,Oct 4 2019 5:07:56.5060 PM,.0219
Auth_Check,Auth_Check,[P203] aid tx bd b 3 24 71 4 10 0 32,sendCommandChars,PASS,,,,,,,,,Oct 4 2019 5:07:56.5070 PM,Oct 4 2019 5:07:56.5440 PM,.0365
Auth_Check,Auth_Check,P203,read-37,PASS,,,,,,,,,Oct 4 2019 5:07:56.5470 PM,Oct 4 2019 5:07:56.5470 PM,.0002
Auth_Check,Auth_Check,P203,read-38,PASS,,,,,,,,,Oct 4 2019 5:07:56.5490 PM,Oct 4 2019 5:07:56.5740 PM,.0253
Auth_Check,Auth_Check,P203,read-39,PASS,,,,,,,,,Oct 4 2019 5:07:56.5760 PM,Oct 4 2019 5:07:56.5980 PM,.0222
Auth_Check,Auth_Check,[P203] aid tx bd c 2 24 71 4 10 23,sendCommandChars,PASS,,,,,,,,,Oct 4 2019 5:07:56.6010 PM,Oct 4 2019 5:07:56.6230 PM,.0215
Auth_Check,Auth_Check,P203,read-40,PASS,,,,,,,,,Oct 4 2019 5:07:56.6250 PM,Oct 4 2019 5:07:56.6380 PM,.0128
Auth_Check,Auth_Check,P203,read-41,PASS,,,,,,,,,Oct 4 2019 5:07:56.6400 PM,Oct 4 2019 5:07:56.6640 PM,.0247
Auth_Check,Auth_Check,P203,read-42,PASS,,,,,,,,,Oct 4 2019 5:07:56.6660 PM,Oct 4 2019 5:07:56.6940 PM,.0279
Auth_Check,Auth_Check,[P203] aid tx bd d 2 24 71 4 10 23,sendCommandChars,PASS,,,,,,,,,Oct 4 2019 5:07:56.6960 PM,Oct 4 2019 5:07:56.7160 PM,.0208
Auth_Check,Auth_Check,P203,read-43,PASS,,,,,,,,,Oct 4 2019 5:07:56.7190 PM,Oct 4 2019 5:07:56.7190 PM,.0001
Auth_Check,Auth_Check,P203,read-44,PASS,,,,,,,,,Oct 4 2019 5:07:56.7200 PM,Oct 4 2019 5:07:56.7440 PM,.0234
Auth_Check,Auth_Check,P203,read-45,PASS,,,,,,,,,Oct 4 2019 5:07:56.7460 PM,Oct 4 2019 5:07:56.7660 PM,.0208
Auth_Check,Auth_Check,[P203] aid tx bd e 2 24 71 4 10 23,sendCommandChars,PASS,,,,,,,,,Oct 4 2019 5:07:56.7680 PM,Oct 4 2019 5:07:56.8030 PM,.0356
Auth_Check,Auth_Check,P203,read-46,PASS,,,,,,,,,Oct 4 2019 5:07:56.8060 PM,Oct 4 2019 5:07:56.8060 PM,.0001
Auth_Check,Auth_Check,P203,read-47,PASS,,,,,,,,,Oct 4 2019 5:07:56.8080 PM,Oct 4 2019 5:07:56.8350 PM,.0277
Auth_Check,Auth_Check,P203,read-48,PASS,,,,,,,,,Oct 4 2019 5:07:56.8380 PM,Oct 4 2019 5:07:56.8650 PM,.0273
Auth_Check,Auth_Check,[P203] aid tx bd f 2 24 71 4 10 17,sendCommandChars,PASS,,,,,,,,,Oct 4 2019 5:07:56.8670 PM,Oct 4 2019 5:07:56.9010 PM,.0346
Auth_Check,Auth_Check,P203,read-49,PASS,,,,,,,,,Oct 4 2019 5:07:56.9040 PM,Oct 4 2019 5:07:56.9050 PM,.0001
Auth_Check,Auth_Check,P203,read-50,PASS,,,,,,,,,Oct 4 2019 5:07:56.9060 PM,Oct 4 2019 5:07:56.9350 PM,.0296
Auth_Check,Auth_Check,[P203] aid tx bd 10 3 24 71 4 10 0 33,sendCommandChars,PASS,,,,,,,,,Oct 4 2019 5:07:56.9370 PM,Oct 4 2019 5:07:56.9720 PM,.0355
Auth_Check,Auth_Check,P203,read-51,PASS,,,,,,,,,Oct 4 2019 5:07:56.9750 PM,Oct 4 2019 5:07:56.9750 PM,.0001
Auth_Check,Auth_Check,P203,read-52,PASS,,,,,,,,,Oct 4 2019 5:07:56.9760 PM,Oct 4 2019 5:07:57.0060 PM,.0298
Auth_Check,Auth_Check,P203,read-53,PASS,,,,,,,,,Oct 4 2019 5:07:57.0080 PM,Oct 4 2019 5:07:57.0360 PM,.0284
Auth_Check,Auth_Check,[P203] aid tx bd 11 2 24 71 4 10 23,sendCommandChars,PASS,,,,,,,,,Oct 4 2019 5:07:57.0370 PM,Oct 4 2019 5:07:57.0720 PM,.0345
Auth_Check,Auth_Check,P203,read-54,PASS,,,,,,,,,Oct 4 2019 5:07:57.0750 PM,Oct 4 2019 5:07:57.0750 PM,.0001
Auth_Check,Auth_Check,P203,read-55,PASS,,,,,,,,,Oct 4 2019 5:07:57.0760 PM,Oct 4 2019 5:07:57.1060 PM,.0302
Auth_Check,Auth_Check,P203,read-56,PASS,,,,,,,,,Oct 4 2019 5:07:57.1080 PM,Oct 4 2019 5:07:57.1360 PM,.0281
Auth_Check,Auth_Check,[P203] aid tx bd 12 2 24 71 4 10 23,sendCommandChars,PASS,,,,,,,,,Oct 4 2019 5:07:57.1380 PM,Oct 4 2019 5:07:57.1730 PM,.0352
Auth_Check,Auth_Check,P203,read-57,PASS,,,,,,,,,Oct 4 2019 5:07:57.1760 PM,Oct 4 2019 5:07:57.1760 PM,.0002
Auth_Check,Auth_Check,P203,read-58,PASS,,,,,,,,,Oct 4 2019 5:07:57.1770 PM,Oct 4 2019 5:07:57.2070 PM,.0295
Auth_Check,Auth_Check,P203,read-59,PASS,,,,,,,,,Oct 4 2019 5:07:57.2080 PM,Oct 4 2019 5:07:57.2370 PM,.0282
Auth_Check,Auth_Check,[P203] aid tx bd 13 2 24 71 4 10 23,sendCommandChars,PASS,,,,,,,,,Oct 4 2019 5:07:57.2380 PM,Oct 4 2019 5:07:57.2730 PM,.0348
Auth_Check,Auth_Check,P203,read-60,PASS,,,,,,,,,Oct 4 2019 5:07:57.2760 PM,Oct 4 2019 5:07:57.2760 PM,.0002
Auth_Check,Auth_Check,P203,read-61,PASS,,,,,,,,,Oct 4 2019 5:07:57.2770 PM,Oct 4 2019 5:07:57.3070 PM,.0301
Auth_Check,Auth_Check,P203,read-62,PASS,,,,,,,,,Oct 4 2019 5:07:57.3090 PM,Oct 4 2019 5:07:57.3370 PM,.0282
Auth_Check,Auth_Check,[P203] aid tx bd 14 2 24 71 4 10 17,sendCommandChars,PASS,,,,,,,,,Oct 4 2019 5:07:57.3390 PM,Oct 4 2019 5:07:57.3750 PM,.0359
Auth_Check,Auth_Check,P203,read-63,PASS,,,,,,,,,Oct 4 2019 5:07:57.3780 PM,Oct 4 2019 5:07:57.3780 PM,.0002
Auth_Check,Auth_Check,P203,read-64,PASS,,,,,,,,,Oct 4 2019 5:07:57.3790 PM,Oct 4 2019 5:07:57.4070 PM,.0281
Auth_Check,Auth_Check,[P203] aid tx bd 15 3 24 71 4 10 0 34,sendCommandChars,PASS,,,,,,,,,Oct 4 2019 5:07:57.4090 PM,Oct 4 2019 5:07:57.4430 PM,.0345
Auth_Check,Auth_Check,P203,read-65,PASS,,,,,,,,,Oct 4 2019 5:07:57.4490 PM,Oct 4 2019 5:07:57.4490 PM,.0002
Auth_Check,Auth_Check,P203,read-66,PASS,,,,,,,,,Oct 4 2019 5:07:57.4510 PM,Oct 4 2019 5:07:57.4780 PM,.0273
Auth_Check,Auth_Check,P203,read-67,PASS,,,,,,,,,Oct 4 2019 5:07:57.4800 PM,Oct 4 2019 5:07:57.5080 PM,.0281
Auth_Check,Auth_Check,[P203] aid tx bd 16 2 24 71 4 10 23,sendCommandChars,PASS,,,,,,,,,Oct 4 2019 5:07:57.5100 PM,Oct 4 2019 5:07:57.5450 PM,.0357
Auth_Check,Auth_Check,P203,read-68,PASS,,,,,,,,,Oct 4 2019 5:07:57.5480 PM,Oct 4 2019 5:07:57.5480 PM,.0001
Auth_Check,Auth_Check,P203,read-69,PASS,,,,,,,,,Oct 4 2019 5:07:57.5490 PM,Oct 4 2019 5:07:57.5740 PM,.0249
Auth_Check,Auth_Check,P203,read-70,PASS,,,,,,,,,Oct 4 2019 5:07:57.5760 PM,Oct 4 2019 5:07:57.5980 PM,.0223
Auth_Check,Auth_Check,[P203] aid tx bd 17 2 24 71 4 10 23,sendCommandChars,PASS,,,,,,,,,Oct 4 2019 5:07:57.6000 PM,Oct 4 2019 5:07:57.6350 PM,.0355
Auth_Check,Auth_Check,P203,read-71,PASS,,,,,,,,,Oct 4 2019 5:07:57.6380 PM,Oct 4 2019 5:07:57.6380 PM,.0002
Auth_Check,Auth_Check,P203,read-72,PASS,,,,,,,,,Oct 4 2019 5:07:57.6400 PM,Oct 4 2019 5:07:57.6690 PM,.029
Auth_Check,Auth_Check,P203,read-73,PASS,,,,,,,,,Oct 4 2019 5:07:57.6710 PM,Oct 4 2019 5:07:57.6990 PM,.0284
Auth_Check,Auth_Check,[P203] aid tx bd 18 2 24 71 4 10 23,sendCommandChars,PASS,,,,,,,,,Oct 4 2019 5:07:57.7000 PM,Oct 4 2019 5:07:57.7350 PM,.0351
Auth_Check,Auth_Check,P203,read-74,PASS,,,,,,,,,Oct 4 2019 5:07:57.7380 PM,Oct 4 2019 5:07:57.7380 PM,.0002
Auth_Check,Auth_Check,P203,read-75,PASS,,,,,,,,,Oct 4 2019 5:07:57.7390 PM,Oct 4 2019 5:07:57.7690 PM,.0299
Auth_Check,Auth_Check,P203,read-76,PASS,,,,,,,,,Oct 4 2019 5:07:57.7710 PM,Oct 4 2019 5:07:57.7990 PM,.0284
Auth_Check,Auth_Check,[P203] aid tx bd 19 2 24 71 4 10 17,sendCommandChars,PASS,,,,,,,,,Oct 4 2019 5:07:57.8010 PM,Oct 4 2019 5:07:57.8360 PM,.0353
Auth_Check,Auth_Check,P203,read-77,PASS,,,,,,,,,Oct 4 2019 5:07:57.8390 PM,Oct 4 2019 5:07:57.8390 PM,.0001
Auth_Check,Auth_Check,P203,read-78,PASS,,,,,,,,,Oct 4 2019 5:07:57.8400 PM,Oct 4 2019 5:07:57.8700 PM,.0292
Auth_Check,Auth_Check,[P203] aid tx bd 1a 3 24 71 4 10 0 35,sendCommandChars,PASS,,,,,,,,,Oct 4 2019 5:07:57.8710 PM,Oct 4 2019 5:07:57.9060 PM,.035
Auth_Check,Auth_Check,P203,read-79,PASS,,,,,,,,,Oct 4 2019 5:07:57.9090 PM,Oct 4 2019 5:07:57.9090 PM,.0002
Auth_Check,Auth_Check,P203,read-80,PASS,,,,,,,,,Oct 4 2019 5:07:57.9100 PM,Oct 4 2019 5:07:57.9400 PM,.0298
Auth_Check,Auth_Check,P203,read-81,PASS,,,,,,,,,Oct 4 2019 5:07:57.9420 PM,Oct 4 2019 5:07:57.9640 PM,.0219
Auth_Check,Auth_Check,[P203] aid tx bd 1b 2 24 71 4 10 23,sendCommandChars,PASS,,,,,,,,,Oct 4 2019 5:07:57.9650 PM,Oct 4 2019 5:07:58.0020 PM,.0362
Auth_Check,Auth_Check,P203,read-82,PASS,,,,,,,,,Oct 4 2019 5:07:58.0040 PM,Oct 4 2019 5:07:58.0050 PM,.0001
Auth_Check,Auth_Check,P203,read-83,PASS,,,,,,,,,Oct 4 2019 5:07:58.0060 PM,Oct 4 2019 5:07:58.0280 PM,.0225
Auth_Check,Auth_Check,P203,read-84,PASS,,,,,,,,,Oct 4 2019 5:07:58.0300 PM,Oct 4 2019 5:07:58.0600 PM,.0303
Auth_Check,Auth_Check,[P203] aid tx bd 1c 2 24 71 4 10 23,sendCommandChars,PASS,,,,,,,,,Oct 4 2019 5:07:58.0620 PM,Oct 4 2019 5:07:58.0980 PM,.0359
Auth_Check,Auth_Check,P203,read-85,PASS,,,,,,,,,Oct 4 2019 5:07:58.1000 PM,Oct 4 2019 5:07:58.1000 PM,.0001
Auth_Check,Auth_Check,P203,read-86,PASS,,,,,,,,,Oct 4 2019 5:07:58.1020 PM,Oct 4 2019 5:07:58.1310 PM,.0292
Auth_Check,Auth_Check,P203,read-87,PASS,,,,,,,,,Oct 4 2019 5:07:58.1330 PM,Oct 4 2019 5:07:58.1610 PM,.0282
Auth_Check,Auth_Check,[P203] aid tx bd 1d 2 24 71 4 10 1a,sendCommandChars,PASS,,,,,,,,,Oct 4 2019 5:07:58.1620 PM,Oct 4 2019 5:07:58.1980 PM,.035
Auth_Check,Auth_Check,3. Fetch cert,,PASS,,,,,,,,,Oct 4 2019 5:07:58.1990 PM,Oct 4 2019 5:07:58.1990 PM,0
Auth_Check,Auth_Check,IOFileHandle,writeCertFile,PASS,,,,,,,,,Oct 4 2019 5:07:58.2020 PM,Oct 4 2019 5:07:58.2080 PM,.0057
Auth_Check,Auth_Check,4. Save cert,,PASS,,,,,,,,,Oct 4 2019 5:07:58.2090 PM,Oct 4 2019 5:07:58.2090 PM,0
Auth_Check,Auth_Check,[Hid] /usr/local/bin/mfi-cert validate-cert v3 /Users/gdlocal/Intelli_Log/cert.der,,PASS,,,,,,,,,Oct 4 2019 5:07:58.2500 PM,Oct 4 2019 5:07:58.2500 PM,0
Auth_Check,Auth_Check,IOFileHandle,writeToFile,PASS,,,,,,,,,Oct 4 2019 5:07:58.2520 PM,Oct 4 2019 5:07:58.2520 PM,.0001
Auth_Check,Auth_Check,5. Validate cert,,PASS,,,,,,,,,Oct 4 2019 5:07:58.2530 PM,Oct 4 2019 5:07:58.2530 PM,0
Auth_Check,Auth_Check,[Hid] /usr/local/bin/mfi-cert gen-challenge /Users/gdlocal/Intelli_Log/cert.der /Users/gdlocal/Intelli_Log/challenge.bin,,PASS,,,,,,,,,Oct 4 2019 5:07:58.2900 PM,Oct 4 2019 5:07:58.2900 PM,0
Auth_Check,Auth_Check,IOFileHandle,writeToFile-2,PASS,,,,,,,,,Oct 4 2019 5:07:58.2920 PM,Oct 4 2019 5:07:58.2920 PM,.0001
Auth_Check,Auth_Check,6. Generate challenge,,PASS,,,,,,,,,Oct 4 2019 5:07:58.2930 PM,Oct 4 2019 5:07:58.2930 PM,0
Auth_Check,Auth_Check,P203,read-88,PASS,,,,,,,,,Oct 4 2019 5:07:58.3010 PM,Oct 4 2019 5:07:58.3010 PM,.0002
Auth_Check,Auth_Check,P203,read-89,PASS,,,,,,,,,Oct 4 2019 5:07:58.3030 PM,Oct 4 2019 5:07:58.3310 PM,.0287
Auth_Check,Auth_Check,[P203] aid tx bd 1e 5 24 71 4 10 0 20 00 20,sendCommandChars,PASS,,,,,,,,,Oct 4 2019 5:07:58.3330 PM,Oct 4 2019 5:07:58.3710 PM,.0388
Auth_Check,Auth_Check,P203,read-90,PASS,,,,,,,,,Oct 4 2019 5:07:58.3760 PM,Oct 4 2019 5:07:58.3760 PM,.0002
Auth_Check,Auth_Check,P203,read-91,PASS,,,,,,,,,Oct 4 2019 5:07:58.3770 PM,Oct 4 2019 5:07:58.4020 PM,.0246
Auth_Check,Auth_Check,[P203] aid tx bd 1f 23 24 71 4 10 0 21 72 d4 86 7a d1 f8 2f 4e 71 2a 09 8e 0b 22 a3 f4 64 c8 dc 3e 8e 08 77 f3 a4 84 b7 77 56 0c f4 ce,sendCommandChars,PASS,,,,,,,,,Oct 4 2019 5:07:58.4030 PM,Oct 4 2019 5:07:58.4740 PM,.0712
Auth_Check,Auth_Check,P203,read-92,PASS,,,,,,,,,Oct 4 2019 5:07:58.4770 PM,Oct 4 2019 5:07:58.4780 PM,.0002
Auth_Check,Auth_Check,P203,read-93,PASS,,,,,,,,,Oct 4 2019 5:07:58.4790 PM,Oct 4 2019 5:07:58.5020 PM,.023
Auth_Check,Auth_Check,[P203] aid tx bd 20 4 24 71 4 10 0 10 01,sendCommandChars,PASS,,,,,,,,,Oct 4 2019 5:07:58.5030 PM,Oct 4 2019 5:07:58.5400 PM,.0369
Auth_Check,Auth_Check,P203,read-94,PASS,,,,,,,,,Oct 4 2019 5:07:59.1160 PM,Oct 4 2019 5:07:59.1160 PM,.0002
Auth_Check,Auth_Check,P203,read-95,PASS,,,,,,,,,Oct 4 2019 5:07:59.1180 PM,Oct 4 2019 5:07:59.1450 PM,.0276
Auth_Check,Auth_Check,[P203] aid tx bd 21 3 24 71 4 10 0 10,sendCommandChars,PASS,,,,,,,,,Oct 4 2019 5:07:59.1470 PM,Oct 4 2019 5:07:59.2140 PM,.0671
Auth_Check,Auth_Check,P203,read-96,PASS,,,,,,,,,Oct 4 2019 5:07:59.2170 PM,Oct 4 2019 5:07:59.2170 PM,.0001
Auth_Check,Auth_Check,P203,read-97,PASS,,,,,,,,,Oct 4 2019 5:07:59.2180 PM,Oct 4 2019 5:07:59.2460 PM,.0275
Auth_Check,Auth_Check,P203,read-98,PASS,,,,,,,,,Oct 4 2019 5:07:59.2480 PM,Oct 4 2019 5:07:59.2760 PM,.0283
Auth_Check,Auth_Check,[P203] aid tx bd 22 2 24 71 4 10 1,sendCommandChars,PASS,,,,,,,,,Oct 4 2019 5:07:59.2770 PM,Oct 4 2019 5:07:59.3120 PM,.0346
Auth_Check,Auth_Check,7. Send challenge,,PASS,,,,,,,,,Oct 4 2019 5:07:59.3140 PM,Oct 4 2019 5:07:59.3140 PM,0
Auth_Check,Auth_Check,P203,read-99,PASS,,,,,,,,,Oct 4 2019 5:07:59.3150 PM,Oct 4 2019 5:07:59.3160 PM,.0001
Auth_Check,Auth_Check,P203,read-100,PASS,,,,,,,,,Oct 4 2019 5:07:59.3170 PM,Oct 4 2019 5:07:59.3460 PM,.0292
Auth_Check,Auth_Check,[P203] aid tx bd 23 3 24 71 4 10 0 11,sendCommandChars,PASS,,,,,,,,,Oct 4 2019 5:07:59.3470 PM,Oct 4 2019 5:07:59.3830 PM,.0355
Auth_Check,Auth_Check,P203,read-101,PASS,,,,,,,,,Oct 4 2019 5:07:59.3850 PM,Oct 4 2019 5:07:59.3860 PM,.0001
Auth_Check,Auth_Check,P203,read-102,PASS,,,,,,,,,Oct 4 2019 5:07:59.3870 PM,Oct 4 2019 5:07:59.4160 PM,.0296
Auth_Check,Auth_Check,P203,read-103,PASS,,,,,,,,,Oct 4 2019 5:07:59.4180 PM,Oct 4 2019 5:07:59.4470 PM,.0289
Auth_Check,Auth_Check,[P203] aid tx bd 24 2 24 71 4 10 2,sendCommandChars,PASS,,,,,,,,,Oct 4 2019 5:07:59.4500 PM,Oct 4 2019 5:07:59.4840 PM,.0339
Auth_Check,Auth_Check,P203,read-104,PASS,,,,,,,,,Oct 4 2019 5:07:59.4870 PM,Oct 4 2019 5:07:59.4870 PM,.0002
Auth_Check,Auth_Check,P203,read-105,PASS,,,,,,,,,Oct 4 2019 5:07:59.4880 PM,Oct 4 2019 5:07:59.5170 PM,.0283
Auth_Check,Auth_Check,[P203] aid tx bd 25 3 24 71 4 10 0 12,sendCommandChars,PASS,,,,,,,,,Oct 4 2019 5:07:59.5180 PM,Oct 4 2019 5:07:59.5540 PM,.0355
Auth_Check,Auth_Check,P203,read-106,PASS,,,,,,,,,Oct 4 2019 5:07:59.5570 PM,Oct 4 2019 5:07:59.5570 PM,.0001
Auth_Check,Auth_Check,P203,read-107,PASS,,,,,,,,,Oct 4 2019 5:07:59.5580 PM,Oct 4 2019 5:07:59.5870 PM,.0292
Auth_Check,Auth_Check,P203,read-108,PASS,,,,,,,,,Oct 4 2019 5:07:59.5890 PM,Oct 4 2019 5:07:59.6170 PM,.0283
Auth_Check,Auth_Check,[P203] aid tx bd 26 2 24 71 4 10 23,sendCommandChars,PASS,,,,,,,,,Oct 4 2019 5:07:59.6190 PM,Oct 4 2019 5:07:59.6540 PM,.0348
Auth_Check,Auth_Check,P203,read-109,PASS,,,,,,,,,Oct 4 2019 5:07:59.6560 PM,Oct 4 2019 5:07:59.6560 PM,.0002
Auth_Check,Auth_Check,P203,read-110,PASS,,,,,,,,,Oct 4 2019 5:07:59.6580 PM,Oct 4 2019 5:07:59.6880 PM,.03
Auth_Check,Auth_Check,P203,read-111,PASS,,,,,,,,,Oct 4 2019 5:07:59.6900 PM,Oct 4 2019 5:07:59.7180 PM,.0281
Auth_Check,Auth_Check,[P203] aid tx bd 27 2 24 71 4 10 1d,sendCommandChars,PASS,,,,,,,,,Oct 4 2019 5:07:59.7190 PM,Oct 4 2019 5:07:59.7540 PM,.0346
Auth_Check,Auth_Check,IOFileHandle,writeCertFile-2,PASS,,,,,,,,,Oct 4 2019 5:07:59.7570 PM,Oct 4 2019 5:07:59.7580 PM,.0009
Auth_Check,Auth_Check,8. Get challenge response,,PASS,,,,,,,,,Oct 4 2019 5:07:59.7580 PM,Oct 4 2019 5:07:59.7580 PM,0
Auth_Check,Auth_Check,[Hid] /usr/local/bin/mfi-cert verify-response /Users/gdlocal/Intelli_Log/cert.der /Users/gdlocal/Intelli_Log/challenge.bin /Users/gdlocal/Intelli_Log/challenge_resp.bin,,PASS,,,,,,,,,Oct 4 2019 5:07:59.8230 PM,Oct 4 2019 5:07:59.8230 PM,0
Auth_Check,Auth_Check,IOFileHandle,writeToFile-3,PASS,,,,,,,,,Oct 4 2019 5:07:59.8250 PM,Oct 4 2019 5:07:59.8250 PM,.0002
Auth_Check,Auth_Check,9. Verify challenge response,,PASS,,,,,,,,,Oct 4 2019 5:07:59.8260 PM,Oct 4 2019 5:07:59.8260 PM,0
Query_MLB_SN,,,,,,,,,,,,,Oct 4 2019 5:07:59.8370 PM,Oct 4 2019 5:07:59.8380 PM,.0005
Query_MLB_SN,Query_MLB_SN,Query MLB SN,DLX93750073N6R52Y,PASS,,,,,,,,,Oct 4 2019 5:07:59.8380 PM,Oct 4 2019 5:07:59.8380 PM,0
Read_MLB_SN,,,,,,,,,,,,,Oct 4 2019 5:07:59.8400 PM,Oct 4 2019 5:08:00.8930 PM,1.0537
Read_MLB_SN,Read_MLB_SN,[Hid] /usr/local/bin/hidreport -v 0x05ac -p 0x026E -i 0 get 0x12,,PASS,,,,,,,,,Oct 4 2019 5:08:00.5150 PM,Oct 4 2019 5:08:00.5150 PM,0
Read_MLB_SN,Read_MLB_SN,IOFileHandle,writeToFile,PASS,,,,,,,,,Oct 4 2019 5:08:00.5160 PM,Oct 4 2019 5:08:00.5160 PM,.0001
Read_MLB_SN,Read_MLB_SN,Read_MLB_SN,DLX93750073N6R52Y,PASS,,,,,,,,,Oct 4 2019 5:08:00.8930 PM,Oct 4 2019 5:08:00.8930 PM,0
Check_MLB_SN,,,,,,,,,,,,,Oct 4 2019 5:08:00.8960 PM,Oct 4 2019 5:08:00.8970 PM,.0019
Check_MLB_SN,Check_MLB_SN,Check_MLB_SN,,PASS,,,,,,,,,Oct 4 2019 5:08:00.8960 PM,Oct 4 2019 5:08:00.8960 PM,0
Check_MLB_SN,Check_MLB_SN,StationReportPlugin,appendReportData,PASS,,,,,,,,,Oct 4 2019 5:08:00.8970 PM,Oct 4 2019 5:08:00.8970 PM,0
Read_STFW_Version_Before_DL,,,,,,,,,,,,,Oct 4 2019 5:08:00.9000 PM,Oct 4 2019 5:08:01.3760 PM,.4766
Read_STFW_Version_Before_DL,Read_STFW_Version_Before_DL,[Hid] /usr/local/bin/hidreport -p 0x026E -i 0 get 0xB4,,PASS,,,,,,,,,Oct 4 2019 5:08:01.0030 PM,Oct 4 2019 5:08:01.0030 PM,0
Read_STFW_Version_Before_DL,Read_STFW_Version_Before_DL,IOFileHandle,writeToFile,PASS,,,,,,,,,Oct 4 2019 5:08:01.0040 PM,Oct 4 2019 5:08:01.0050 PM,.0001
Read_STFW_Version_Before_DL,Read_STFW_Version_Before_DL,Read_STFW_Version_Before_DL,0x0172,PASS,,,,,,,,,Oct 4 2019 5:08:01.3760 PM,Oct 4 2019 5:08:01.3760 PM,0
Read_STFW_Version_Before_DL,Read_STFW_Version_Before_DL,,,PASS,,370,NA,,,,,NA,Oct 4 2019 5:08:01.3760 PM,Oct 4 2019 5:08:01.3760 PM,0
Read_MTFW_Version_Before_DL,,,,,,,,,,,,,Oct 4 2019 5:08:01.3790 PM,Oct 4 2019 5:08:01.8590 PM,.48
Read_MTFW_Version_Before_DL,Read_MTFW_Version_Before_DL,[Hid] /usr/local/bin/hidreport -p 0x026E -i 0 get 0xbb,,PASS,,,,,,,,,Oct 4 2019 5:08:01.4860 PM,Oct 4 2019 5:08:01.4860 PM,0
Read_MTFW_Version_Before_DL,Read_MTFW_Version_Before_DL,IOFileHandle,writeToFile,PASS,,,,,,,,,Oct 4 2019 5:08:01.4870 PM,Oct 4 2019 5:08:01.4870 PM,.0001
Read_MTFW_Version_Before_DL,Read_MTFW_Version_Before_DL,Read_MTFW_Version_Before_DL,0x0506,PASS,,,,,,,,,Oct 4 2019 5:08:01.8580 PM,Oct 4 2019 5:08:01.8580 PM,0
Read_MTFW_Version_Before_DL,Read_MTFW_Version_Before_DL,,,PASS,,1286,NA,,,,,NA,Oct 4 2019 5:08:01.8590 PM,Oct 4 2019 5:08:01.8590 PM,0
Read_CCG3_FW_Version,,,,,,,,,,,,,Oct 4 2019 5:08:01.8610 PM,Oct 4 2019 5:08:02.7830 PM,.9219
Read_CCG3_FW_Version,Read_CCG3_FW_Version,"[Hid] /usr/local/bin/hidreport -v 0x05ac -p 0x026E -usage 0xff00,0xb set 0xCE 0xCE 6 6 0",,PASS,,,,,,,,,Oct 4 2019 5:08:01.9550 PM,Oct 4 2019 5:08:01.9550 PM,0
Read_CCG3_FW_Version,Read_CCG3_FW_Version,IOFileHandle,writeToFile,PASS,,,,,,,,,Oct 4 2019 5:08:01.9560 PM,Oct 4 2019 5:08:01.9560 PM,.0001
Read_CCG3_FW_Version,Read_CCG3_FW_Version,"[Hid] /usr/local/bin/hidreport -p 0x026E -usage 0xff00,0xb get 0xA0",,PASS,,,,,,,,,Oct 4 2019 5:08:02.4060 PM,Oct 4 2019 5:08:02.4060 PM,0
Read_CCG3_FW_Version,Read_CCG3_FW_Version,IOFileHandle,writeToFile-2,PASS,,,,,,,,,Oct 4 2019 5:08:02.4070 PM,Oct 4 2019 5:08:02.4070 PM,.0001
Read_CCG3_FW_Version,Read_CCG3_FW_Version,Read_CCG3_FW_Version,A0 02 00 0B 00 0B 00 0B,PASS,,,,,,,,,Oct 4 2019 5:08:02.7830 PM,Oct 4 2019 5:08:02.7830 PM,0
Program_STFW,,,,,,,,,,,,,Oct 4 2019 5:08:02.7860 PM,Oct 4 2019 5:08:44.8330 PM,42.0471
Program_STFW,Program_STFW,[Hid] /usr/local/bin/hidreport -p 0x026E -i 0 get 0xBC,,PASS,,,,,,,,,Oct 4 2019 5:08:02.8860 PM,Oct 4 2019 5:08:02.8860 PM,0
Program_STFW,Program_STFW,IOFileHandle,writeToFile,PASS,,,,,,,,,Oct 4 2019 5:08:02.8870 PM,Oct 4 2019 5:08:02.8870 PM,.0001
Program_STFW,Program_STFW,[P203] ,sendCommand,PASS,,,,,,,,,Oct 4 2019 5:08:03.2560 PM,Oct 4 2019 5:08:03.2570 PM,.0007
Program_STFW,Program_STFW,[P203] flags ~ro,sendCommandChars,PASS,,,,,,,,,Oct 4 2019 5:08:03.2580 PM,Oct 4 2019 5:08:03.2690 PM,.0108
Program_STFW,Program_STFW,P203,read,PASS,,,,,,,,,Oct 4 2019 5:08:03.2710 PM,Oct 4 2019 5:08:03.2710 PM,.0001
Program_STFW,Program_STFW,P203,read-2,PASS,,,,,,,,,Oct 4 2019 5:08:03.2720 PM,Oct 4 2019 5:08:03.2720 PM,.0001
Program_STFW,Program_STFW,P203,read-3,PASS,,,,,,,,,Oct 4 2019 5:08:03.2730 PM,Oct 4 2019 5:08:03.2730 PM,.0001
Program_STFW,Program_STFW,P203,read-4,PASS,,,,,,,,,Oct 4 2019 5:08:03.2750 PM,Oct 4 2019 5:08:03.2960 PM,.0218
Program_STFW,Program_STFW,[P203] aid hsena 1,sendCommandChars,PASS,,,,,,,,,Oct 4 2019 5:08:03.2980 PM,Oct 4 2019 5:08:03.3330 PM,.0351
Program_STFW,Program_STFW,P203,read-5,PASS,,,,,,,,,Oct 4 2019 5:08:03.3350 PM,Oct 4 2019 5:08:03.3350 PM,.0001
Program_STFW,Program_STFW,P203,read-6,PASS,,,,,,,,,Oct 4 2019 5:08:03.3360 PM,Oct 4 2019 5:08:03.3660 PM,.0298
Program_STFW,Program_STFW,HSAID enabled,,PASS,,,,,,,,,Oct 4 2019 5:08:03.3670 PM,Oct 4 2019 5:08:03.3670 PM,0
Program_STFW,Program_STFW,[Hid] /usr/local/bin/shfuc -n -v 0x05ac -p 0x026E -f /usr/local/bin/R128-v0x0160-dev-signed.118.P2.afu,,PASS,,,,,,,,,Oct 4 2019 5:08:35.2150 PM,Oct 4 2019 5:08:35.2150 PM,0
Program_STFW,Program_STFW,IOFileHandle,writeToFile-2,PASS,,,,,,,,,Oct 4 2019 5:08:35.2160 PM,Oct 4 2019 5:08:35.2160 PM,.0002
Program_STFW,Program_STFW,Program_STFW,,PASS,,,,,,,,,Oct 4 2019 5:08:35.5850 PM,Oct 4 2019 5:08:35.5850 PM,0
Program_STFW,Program_STFW,StationReportPlugin,appendReportData,PASS,,,,,,,,,Oct 4 2019 5:08:35.5860 PM,Oct 4 2019 5:08:35.5860 PM,0
Program_STFW,Program_STFW,[Fixture] power off,sendCommand,PASS,,,,,,,,,Oct 4 2019 5:08:38.6530 PM,Oct 4 2019 5:08:38.6640 PM,.0109
Program_STFW,Program_STFW,[Fixture] power on,sendCommand,PASS,,,,,,,,,Oct 4 2019 5:08:39.7400 PM,Oct 4 2019 5:08:39.7510 PM,.0113
Program_STFW,Program_STFW,[P203] ,sendCommand-2,PASS,,,,,,,,,Oct 4 2019 5:08:44.8260 PM,Oct 4 2019 5:08:44.8320 PM,.0059
Program_MTFW,,,,,,,,,,,,,Oct 4 2019 5:08:44.8360 PM,Oct 4 2019 5:09:10.3380 PM,25.5016
Program_MTFW,Program_MTFW,[Hid] /usr/local/bin/hidreport -p 0x026E -i 0 get 0xBC,,PASS,,,,,,,,,Oct 4 2019 5:08:44.8850 PM,Oct 4 2019 5:08:44.8850 PM,0
Program_MTFW,Program_MTFW,IOFileHandle,writeToFile,PASS,,,,,,,,,Oct 4 2019 5:08:44.8860 PM,Oct 4 2019 5:08:44.8860 PM,.0001
Program_MTFW,Program_MTFW,[P203] ,sendCommand,PASS,,,,,,,,,Oct 4 2019 5:08:45.2590 PM,Oct 4 2019 5:08:45.2600 PM,.0008
Program_MTFW,Program_MTFW,[P203] flags ~ro,sendCommandChars,PASS,,,,,,,,,Oct 4 2019 5:08:45.2610 PM,Oct 4 2019 5:08:45.2640 PM,.0034
Program_MTFW,Program_MTFW,P203,read,PASS,,,,,,,,,Oct 4 2019 5:08:45.2660 PM,Oct 4 2019 5:08:45.2660 PM,.0001
Program_MTFW,Program_MTFW,P203,read-2,PASS,,,,,,,,,Oct 4 2019 5:08:45.2670 PM,Oct 4 2019 5:08:45.2790 PM,.0126
Program_MTFW,Program_MTFW,P203,read-3,PASS,,,,,,,,,Oct 4 2019 5:08:45.2810 PM,Oct 4 2019 5:08:45.2810 PM,.0002
Program_MTFW,Program_MTFW,P203,read-4,PASS,,,,,,,,,Oct 4 2019 5:08:45.2820 PM,Oct 4 2019 5:08:45.3080 PM,.0256
Program_MTFW,Program_MTFW,[P203] aid hsena 1,sendCommandChars,PASS,,,,,,,,,Oct 4 2019 5:08:45.3090 PM,Oct 4 2019 5:08:45.3440 PM,.0343
Program_MTFW,Program_MTFW,P203,read-5,PASS,,,,,,,,,Oct 4 2019 5:08:45.3450 PM,Oct 4 2019 5:08:45.3450 PM,.0001
Program_MTFW,Program_MTFW,P203,read-6,PASS,,,,,,,,,Oct 4 2019 5:08:45.3460 PM,Oct 4 2019 5:08:45.3680 PM,.0219
Program_MTFW,Program_MTFW,HSAID enabled,,PASS,,,,,,,,,Oct 4 2019 5:08:45.3690 PM,Oct 4 2019 5:08:45.3690 PM,0
Program_MTFW,Program_MTFW,[Hid] /usr/local/bin/shfuc -n -v 0x05ac -p 0x026E -f /usr/local/bin/R118-MTFW-0x0505.HW3.dev-sig.afu,,PASS,,,,,,,,,Oct 4 2019 5:08:53.7260 PM,Oct 4 2019 5:08:53.7260 PM,0
Program_MTFW,Program_MTFW,IOFileHandle,writeToFile-2,PASS,,,,,,,,,Oct 4 2019 5:08:53.7270 PM,Oct 4 2019 5:08:53.7270 PM,.0002
Program_MTFW,Program_MTFW,Program_MTFW,,PASS,,,,,,,,,Oct 4 2019 5:08:54.1030 PM,Oct 4 2019 5:08:54.1030 PM,0
Program_MTFW,Program_MTFW,StationReportPlugin,appendReportData,PASS,,,,,,,,,Oct 4 2019 5:08:54.1040 PM,Oct 4 2019 5:08:54.1040 PM,0
Program_MTFW,Program_MTFW,[Fixture] power off,sendCommand,PASS,,,,,,,,,Oct 4 2019 5:09:04.1740 PM,Oct 4 2019 5:09:04.1780 PM,.0043
Program_MTFW,Program_MTFW,[Fixture] power on,sendCommand,PASS,,,,,,,,,Oct 4 2019 5:09:05.2530 PM,Oct 4 2019 5:09:05.2650 PM,.0121
Program_MTFW,Program_MTFW,[P203] ,sendCommand-2,PASS,,,,,,,,,Oct 4 2019 5:09:10.3320 PM,Oct 4 2019 5:09:10.3370 PM,.0053
Read_STFW_Version_After_DL,,,,,,,,,,,,,Oct 4 2019 5:09:10.3410 PM,Oct 4 2019 5:09:10.7630 PM,.4223
Read_STFW_Version_After_DL,Read_STFW_Version_After_DL,[Hid] /usr/local/bin/hidreport -p 0x026E -i 0 get 0xB4,,PASS,,,,,,,,,Oct 4 2019 5:09:10.3880 PM,Oct 4 2019 5:09:10.3880 PM,0
Read_STFW_Version_After_DL,Read_STFW_Version_After_DL,IOFileHandle,writeToFile,PASS,,,,,,,,,Oct 4 2019 5:09:10.3900 PM,Oct 4 2019 5:09:10.3900 PM,.0001
Read_STFW_Version_After_DL,Read_STFW_Version_After_DL,Read_STFW_Version_After_DL,0x0160,PASS,,,,,,,,,Oct 4 2019 5:09:10.7630 PM,Oct 4 2019 5:09:10.7630 PM,0
Read_STFW_Version_After_DL,Read_STFW_Version_After_DL,,,PASS,,352,NA,352,352,,,NA,Oct 4 2019 5:09:10.7630 PM,Oct 4 2019 5:09:10.7630 PM,0
Read_MTFW_Version_After_DL,,,,,,,,,,,,,Oct 4 2019 5:09:10.7660 PM,Oct 4 2019 5:09:11.1860 PM,.4199
Read_MTFW_Version_After_DL,Read_MTFW_Version_After_DL,[Hid] /usr/local/bin/hidreport -p 0x026E -i 0 get 0xbb,,PASS,,,,,,,,,Oct 4 2019 5:09:10.8150 PM,Oct 4 2019 5:09:10.8150 PM,0
Read_MTFW_Version_After_DL,Read_MTFW_Version_After_DL,IOFileHandle,writeToFile,PASS,,,,,,,,,Oct 4 2019 5:09:10.8160 PM,Oct 4 2019 5:09:10.8170 PM,.0001
Read_MTFW_Version_After_DL,Read_MTFW_Version_After_DL,Read_MTFW_Version_After_DL,0x0505,PASS,,,,,,,,,Oct 4 2019 5:09:11.1850 PM,Oct 4 2019 5:09:11.1850 PM,0
Read_MTFW_Version_After_DL,Read_MTFW_Version_After_DL,,,PASS,,1285,,1285,1285,,,,Oct 4 2019 5:09:11.1860 PM,Oct 4 2019 5:09:11.1860 PM,0
Finish_DRCB,,,,,,,,,,,,,Oct 4 2019 5:09:11.1880 PM,Oct 4 2019 5:09:11.8980 PM,.7097
Finish_DRCB,Finish_DRCB,DRCB,Finish,PASS,,,,,,,,,Oct 4 2019 5:09:11.1890 PM,Oct 4 2019 5:09:11.8970 PM,.7072
Fixture_reset,,,,,,,,,,,,,Oct 4 2019 5:09:11.9410 PM,Oct 4 2019 5:09:12.2630 PM,.3228
Fixture_reset,Fixture_reset,[Fixture] Retract pogo,sendCommand,PASS,,,,,,,,,Oct 4 2019 5:09:11.9420 PM,Oct 4 2019 5:09:12.2630 PM,.3209
