Test,Plugin,Command,Status,Info,Start Time,End Time,Duration (s)
Scan_SN,com.apple.hwte.atlas.AppPlugin,show-form,PASS,,Oct 4 2019 5:07:37.3260 PM,Oct 4 2019 5:07:40.0630 PM,2.7371
Fixture_init,Fixture,changeDelimiter,PASS,,Oct 4 2019 5:07:40.0680 PM,Oct 4 2019 5:07:40.0680 PM,.0001
Fixture_init,Fixture,changeLineTerminator,PASS,,Oct 4 2019 5:07:40.0700 PM,Oct 4 2019 5:07:40.0700 PM,0
Fixture_init,Fixture,open,PASS,,Oct 4 2019 5:07:40.0720 PM,Oct 4 2019 5:07:41.6690 PM,1.5973
Fixture_init,Fixture,read,PASS,,Oct 4 2019 5:07:41.6710 PM,Oct 4 2019 5:07:41.6920 PM,.0209
Fixture_init,P203,changeDelimiter,PASS,,Oct 4 2019 5:07:41.6940 PM,Oct 4 2019 5:07:41.6940 PM,.0001
Fixture_init,P203,changeLineTerminator,PASS,,Oct 4 2019 5:07:41.6960 PM,Oct 4 2019 5:07:41.6960 PM,0
Fixture_init,P203,open,PASS,,Oct 4 2019 5:07:41.6980 PM,Oct 4 2019 5:07:43.2900 PM,1.5928
Fixture_init,P203,read,PASS,,Oct 4 2019 5:07:43.2920 PM,Oct 4 2019 5:07:43.3210 PM,.0287
Fixture_init,Fixture,sendCommand,PASS,,Oct 4 2019 5:07:43.3220 PM,Oct 4 2019 5:07:43.3400 PM,.0171
Fixture_init,Fixture,sendCommand,PASS,,Oct 4 2019 5:07:43.3410 PM,Oct 4 2019 5:07:43.3590 PM,.0175
Fixture_init,P203,sendCommand,PASS,,Oct 4 2019 5:07:44.4280 PM,Oct 4 2019 5:07:44.4430 PM,.015
Fixture_init,Fixture,sendCommand,PASS,,Oct 4 2019 5:07:44.4450 PM,Oct 4 2019 5:07:44.8090 PM,.3645
Fixture_init,IOFileHandle,writeToFile,PASS,,Oct 4 2019 5:07:47.9180 PM,Oct 4 2019 5:07:47.9180 PM,.0005
Fixture_init,StationReportPlugin,isReporting,PASS,,Oct 4 2019 5:07:47.9210 PM,Oct 4 2019 5:07:47.9210 PM,0
EP_DISABLE_TP,IOFileHandle,writeToFile,PASS,,Oct 4 2019 5:07:47.9740 PM,Oct 4 2019 5:07:47.9740 PM,.0002
EP_DISABLE_TP,IOFileHandle,writeToFile,PASS,,Oct 4 2019 5:07:48.3940 PM,Oct 4 2019 5:07:48.3940 PM,.0002
EP_DISABLE_TP,Fixture,sendCommand,PASS,,Oct 4 2019 5:07:48.7650 PM,Oct 4 2019 5:07:48.7720 PM,.006
EP_DISABLE_TP,Fixture,sendCommand,PASS,,Oct 4 2019 5:07:49.7740 PM,Oct 4 2019 5:07:49.7780 PM,.0044
EP_DISABLE_TP,P203,sendCommand,PASS,,Oct 4 2019 5:07:54.8490 PM,Oct 4 2019 5:07:54.8500 PM,.0008
EP_DISABLE_TP,IOFileHandle,writeToFile,PASS,,Oct 4 2019 5:07:54.8920 PM,Oct 4 2019 5:07:54.8920 PM,.0001
Start_Data_Reporting,DRCB,startDataReporting,PASS,,Oct 4 2019 5:07:54.9000 PM,Oct 4 2019 5:07:54.9090 PM,.0091
Get_SFC_Info,SFCSupport,getAttribute,PASS,,Oct 4 2019 5:07:54.9140 PM,Oct 4 2019 5:07:54.9390 PM,.0253
Get_SFC_Info,SFCSupport,getAttribute,PASS,,Oct 4 2019 5:07:54.9410 PM,Oct 4 2019 5:07:54.9460 PM,.0043
Get_SFC_Info,SFCSupport,getAttribute,PASS,,Oct 4 2019 5:07:54.9470 PM,Oct 4 2019 5:07:54.9520 PM,.0042
Get_SFC_Info,SFCSupport,getAttribute,PASS,,Oct 4 2019 5:07:54.9530 PM,Oct 4 2019 5:07:54.9570 PM,.0034
Start_Control_Bit,DRCB,startControlBits,PASS,,Oct 4 2019 5:07:54.9770 PM,Oct 4 2019 5:07:55.2970 PM,.3203
P203_FW,P203,read,PASS,,Oct 4 2019 5:07:55.3010 PM,Oct 4 2019 5:07:55.3010 PM,.0003
P203_FW,P203,read,PASS,,Oct 4 2019 5:07:55.3030 PM,Oct 4 2019 5:07:55.3030 PM,.0002
P203_FW,P203,read,PASS,,Oct 4 2019 5:07:55.3040 PM,Oct 4 2019 5:07:55.3290 PM,.0253
P203_FW,P203,sendCommand,PASS,,Oct 4 2019 5:07:55.3310 PM,Oct 4 2019 5:07:55.3420 PM,.0104
Auth_Check,P203,read,PASS,,Oct 4 2019 5:07:55.3480 PM,Oct 4 2019 5:07:55.3480 PM,.0002
Auth_Check,P203,read,PASS,,Oct 4 2019 5:07:55.3500 PM,Oct 4 2019 5:07:55.3740 PM,.0243
Auth_Check,P203,sendCommandChars,PASS,,Oct 4 2019 5:07:55.3760 PM,Oct 4 2019 5:07:55.4430 PM,.0666
Auth_Check,P203,read,PASS,,Oct 4 2019 5:07:55.4460 PM,Oct 4 2019 5:07:55.4460 PM,.0002
Auth_Check,P203,read,PASS,,Oct 4 2019 5:07:55.4470 PM,Oct 4 2019 5:07:55.4700 PM,.0224
Auth_Check,P203,sendCommandChars,PASS,,Oct 4 2019 5:07:55.4710 PM,Oct 4 2019 5:07:55.5100 PM,.039
Auth_Check,P203,read,PASS,,Oct 4 2019 5:07:55.5140 PM,Oct 4 2019 5:07:55.5150 PM,.0002
Auth_Check,P203,read,PASS,,Oct 4 2019 5:07:55.5160 PM,Oct 4 2019 5:07:55.5400 PM,.0243
Auth_Check,P203,sendCommandChars,PASS,,Oct 4 2019 5:07:55.5420 PM,Oct 4 2019 5:07:55.5770 PM,.0357
Auth_Check,P203,read,PASS,,Oct 4 2019 5:07:55.5800 PM,Oct 4 2019 5:07:55.5800 PM,.0001
Auth_Check,P203,read,PASS,,Oct 4 2019 5:07:55.5810 PM,Oct 4 2019 5:07:55.6100 PM,.0292
Auth_Check,P203,sendCommandChars,PASS,,Oct 4 2019 5:07:55.6120 PM,Oct 4 2019 5:07:55.6470 PM,.0348
Auth_Check,P203,read,PASS,,Oct 4 2019 5:07:55.6490 PM,Oct 4 2019 5:07:55.6490 PM,.0002
Auth_Check,P203,read,PASS,,Oct 4 2019 5:07:55.6500 PM,Oct 4 2019 5:07:55.6720 PM,.0221
Auth_Check,P203,sendCommandChars,PASS,,Oct 4 2019 5:07:55.6740 PM,Oct 4 2019 5:07:55.7100 PM,.0356
Auth_Check,P203,read,PASS,,Oct 4 2019 5:07:55.7120 PM,Oct 4 2019 5:07:55.7130 PM,.0002
Auth_Check,P203,read,PASS,,Oct 4 2019 5:07:55.7140 PM,Oct 4 2019 5:07:55.7410 PM,.0269
Auth_Check,P203,sendCommandChars,PASS,,Oct 4 2019 5:07:55.7420 PM,Oct 4 2019 5:07:55.7770 PM,.0353
Auth_Check,P203,read,PASS,,Oct 4 2019 5:07:55.7800 PM,Oct 4 2019 5:07:55.7800 PM,.0002
Auth_Check,P203,read,PASS,,Oct 4 2019 5:07:55.7810 PM,Oct 4 2019 5:07:55.8080 PM,.0266
Auth_Check,P203,read,PASS,,Oct 4 2019 5:07:55.8100 PM,Oct 4 2019 5:07:55.8310 PM,.0212
Auth_Check,P203,sendCommandChars,PASS,,Oct 4 2019 5:07:55.8330 PM,Oct 4 2019 5:07:55.8670 PM,.0348
Auth_Check,P203,read,PASS,,Oct 4 2019 5:07:55.8710 PM,Oct 4 2019 5:07:55.8710 PM,.0002
Auth_Check,P203,read,PASS,,Oct 4 2019 5:07:55.8720 PM,Oct 4 2019 5:07:55.9010 PM,.0289
Auth_Check,P203,sendCommandChars,PASS,,Oct 4 2019 5:07:55.9030 PM,Oct 4 2019 5:07:55.9380 PM,.0356
Auth_Check,P203,read,PASS,,Oct 4 2019 5:07:55.9410 PM,Oct 4 2019 5:07:55.9410 PM,.0002
Auth_Check,P203,read,PASS,,Oct 4 2019 5:07:55.9420 PM,Oct 4 2019 5:07:55.9720 PM,.0298
Auth_Check,P203,read,PASS,,Oct 4 2019 5:07:55.9740 PM,Oct 4 2019 5:07:56.0020 PM,.0279
Auth_Check,P203,sendCommandChars,PASS,,Oct 4 2019 5:07:56.0030 PM,Oct 4 2019 5:07:56.0370 PM,.0341
Auth_Check,P203,read,PASS,,Oct 4 2019 5:07:56.0400 PM,Oct 4 2019 5:07:56.0410 PM,.0002
Auth_Check,P203,read,PASS,,Oct 4 2019 5:07:56.0420 PM,Oct 4 2019 5:07:56.0720 PM,.0303
Auth_Check,P203,sendCommandChars,PASS,,Oct 4 2019 5:07:56.0740 PM,Oct 4 2019 5:07:56.1080 PM,.0344
Auth_Check,P203,read,PASS,,Oct 4 2019 5:07:56.1110 PM,Oct 4 2019 5:07:56.1110 PM,.0002
Auth_Check,P203,read,PASS,,Oct 4 2019 5:07:56.1120 PM,Oct 4 2019 5:07:56.1420 PM,.0299
Auth_Check,P203,read,PASS,,Oct 4 2019 5:07:56.1440 PM,Oct 4 2019 5:07:56.1720 PM,.0281
Auth_Check,P203,sendCommandChars,PASS,,Oct 4 2019 5:07:56.1740 PM,Oct 4 2019 5:07:56.2090 PM,.035
Auth_Check,P203,read,PASS,,Oct 4 2019 5:07:56.2110 PM,Oct 4 2019 5:07:56.2110 PM,.0001
Auth_Check,P203,read,PASS,,Oct 4 2019 5:07:56.2130 PM,Oct 4 2019 5:07:56.2410 PM,.0277
Auth_Check,P203,read,PASS,,Oct 4 2019 5:07:56.2430 PM,Oct 4 2019 5:07:56.2730 PM,.0301
Auth_Check,P203,sendCommandChars,PASS,,Oct 4 2019 5:07:56.2740 PM,Oct 4 2019 5:07:56.3090 PM,.0346
Auth_Check,P203,read,PASS,,Oct 4 2019 5:07:56.3110 PM,Oct 4 2019 5:07:56.3110 PM,.0002
Auth_Check,P203,read,PASS,,Oct 4 2019 5:07:56.3130 PM,Oct 4 2019 5:07:56.3390 PM,.0265
Auth_Check,P203,read,PASS,,Oct 4 2019 5:07:56.3410 PM,Oct 4 2019 5:07:56.3630 PM,.022
Auth_Check,P203,sendCommandChars,PASS,,Oct 4 2019 5:07:56.3650 PM,Oct 4 2019 5:07:56.3990 PM,.0343
Auth_Check,P203,read,PASS,,Oct 4 2019 5:07:56.4010 PM,Oct 4 2019 5:07:56.4020 PM,.0002
Auth_Check,P203,read,PASS,,Oct 4 2019 5:07:56.4030 PM,Oct 4 2019 5:07:56.4240 PM,.0208
Auth_Check,P203,read,PASS,,Oct 4 2019 5:07:56.4250 PM,Oct 4 2019 5:07:56.4540 PM,.0281
Auth_Check,P203,sendCommandChars,PASS,,Oct 4 2019 5:07:56.4550 PM,Oct 4 2019 5:07:56.4800 PM,.0245
Auth_Check,P203,read,PASS,,Oct 4 2019 5:07:56.4830 PM,Oct 4 2019 5:07:56.4830 PM,.0002
Auth_Check,P203,read,PASS,,Oct 4 2019 5:07:56.4840 PM,Oct 4 2019 5:07:56.5060 PM,.0219
Auth_Check,P203,sendCommandChars,PASS,,Oct 4 2019 5:07:56.5070 PM,Oct 4 2019 5:07:56.5440 PM,.0365
Auth_Check,P203,read,PASS,,Oct 4 2019 5:07:56.5470 PM,Oct 4 2019 5:07:56.5470 PM,.0002
Auth_Check,P203,read,PASS,,Oct 4 2019 5:07:56.5490 PM,Oct 4 2019 5:07:56.5740 PM,.0253
Auth_Check,P203,read,PASS,,Oct 4 2019 5:07:56.5760 PM,Oct 4 2019 5:07:56.5980 PM,.0223
Auth_Check,P203,sendCommandChars,PASS,,Oct 4 2019 5:07:56.6010 PM,Oct 4 2019 5:07:56.6230 PM,.0216
Auth_Check,P203,read,PASS,,Oct 4 2019 5:07:56.6250 PM,Oct 4 2019 5:07:56.6380 PM,.0129
Auth_Check,P203,read,PASS,,Oct 4 2019 5:07:56.6400 PM,Oct 4 2019 5:07:56.6640 PM,.0247
Auth_Check,P203,read,PASS,,Oct 4 2019 5:07:56.6660 PM,Oct 4 2019 5:07:56.6940 PM,.028
Auth_Check,P203,sendCommandChars,PASS,,Oct 4 2019 5:07:56.6960 PM,Oct 4 2019 5:07:56.7160 PM,.0208
Auth_Check,P203,read,PASS,,Oct 4 2019 5:07:56.7190 PM,Oct 4 2019 5:07:56.7190 PM,.0002
Auth_Check,P203,read,PASS,,Oct 4 2019 5:07:56.7200 PM,Oct 4 2019 5:07:56.7440 PM,.0234
Auth_Check,P203,read,PASS,,Oct 4 2019 5:07:56.7460 PM,Oct 4 2019 5:07:56.7660 PM,.0208
Auth_Check,P203,sendCommandChars,PASS,,Oct 4 2019 5:07:56.7680 PM,Oct 4 2019 5:07:56.8030 PM,.0356
Auth_Check,P203,read,PASS,,Oct 4 2019 5:07:56.8060 PM,Oct 4 2019 5:07:56.8060 PM,.0002
Auth_Check,P203,read,PASS,,Oct 4 2019 5:07:56.8080 PM,Oct 4 2019 5:07:56.8350 PM,.0277
Auth_Check,P203,read,PASS,,Oct 4 2019 5:07:56.8380 PM,Oct 4 2019 5:07:56.8650 PM,.0273
Auth_Check,P203,sendCommandChars,PASS,,Oct 4 2019 5:07:56.8670 PM,Oct 4 2019 5:07:56.9010 PM,.0346
Auth_Check,P203,read,PASS,,Oct 4 2019 5:07:56.9040 PM,Oct 4 2019 5:07:56.9050 PM,.0002
Auth_Check,P203,read,PASS,,Oct 4 2019 5:07:56.9060 PM,Oct 4 2019 5:07:56.9350 PM,.0296
Auth_Check,P203,sendCommandChars,PASS,,Oct 4 2019 5:07:56.9370 PM,Oct 4 2019 5:07:56.9720 PM,.0355
Auth_Check,P203,read,PASS,,Oct 4 2019 5:07:56.9750 PM,Oct 4 2019 5:07:56.9750 PM,.0001
Auth_Check,P203,read,PASS,,Oct 4 2019 5:07:56.9760 PM,Oct 4 2019 5:07:57.0060 PM,.0298
Auth_Check,P203,read,PASS,,Oct 4 2019 5:07:57.0080 PM,Oct 4 2019 5:07:57.0360 PM,.0284
Auth_Check,P203,sendCommandChars,PASS,,Oct 4 2019 5:07:57.0370 PM,Oct 4 2019 5:07:57.0720 PM,.0346
Auth_Check,P203,read,PASS,,Oct 4 2019 5:07:57.0750 PM,Oct 4 2019 5:07:57.0750 PM,.0002
Auth_Check,P203,read,PASS,,Oct 4 2019 5:07:57.0760 PM,Oct 4 2019 5:07:57.1060 PM,.0302
Auth_Check,P203,read,PASS,,Oct 4 2019 5:07:57.1080 PM,Oct 4 2019 5:07:57.1360 PM,.0282
Auth_Check,P203,sendCommandChars,PASS,,Oct 4 2019 5:07:57.1380 PM,Oct 4 2019 5:07:57.1730 PM,.0352
Auth_Check,P203,read,PASS,,Oct 4 2019 5:07:57.1760 PM,Oct 4 2019 5:07:57.1760 PM,.0002
Auth_Check,P203,read,PASS,,Oct 4 2019 5:07:57.1770 PM,Oct 4 2019 5:07:57.2070 PM,.0295
Auth_Check,P203,read,PASS,,Oct 4 2019 5:07:57.2080 PM,Oct 4 2019 5:07:57.2370 PM,.0282
Auth_Check,P203,sendCommandChars,PASS,,Oct 4 2019 5:07:57.2380 PM,Oct 4 2019 5:07:57.2730 PM,.0348
Auth_Check,P203,read,PASS,,Oct 4 2019 5:07:57.2760 PM,Oct 4 2019 5:07:57.2760 PM,.0002
Auth_Check,P203,read,PASS,,Oct 4 2019 5:07:57.2770 PM,Oct 4 2019 5:07:57.3070 PM,.0301
Auth_Check,P203,read,PASS,,Oct 4 2019 5:07:57.3090 PM,Oct 4 2019 5:07:57.3370 PM,.0283
Auth_Check,P203,sendCommandChars,PASS,,Oct 4 2019 5:07:57.3390 PM,Oct 4 2019 5:07:57.3750 PM,.036
Auth_Check,P203,read,PASS,,Oct 4 2019 5:07:57.3780 PM,Oct 4 2019 5:07:57.3780 PM,.0002
Auth_Check,P203,read,PASS,,Oct 4 2019 5:07:57.3790 PM,Oct 4 2019 5:07:57.4080 PM,.0281
Auth_Check,P203,sendCommandChars,PASS,,Oct 4 2019 5:07:57.4090 PM,Oct 4 2019 5:07:57.4430 PM,.0345
Auth_Check,P203,read,PASS,,Oct 4 2019 5:07:57.4490 PM,Oct 4 2019 5:07:57.4490 PM,.0002
Auth_Check,P203,read,PASS,,Oct 4 2019 5:07:57.4510 PM,Oct 4 2019 5:07:57.4780 PM,.0274
Auth_Check,P203,read,PASS,,Oct 4 2019 5:07:57.4800 PM,Oct 4 2019 5:07:57.5080 PM,.0281
Auth_Check,P203,sendCommandChars,PASS,,Oct 4 2019 5:07:57.5100 PM,Oct 4 2019 5:07:57.5450 PM,.0357
Auth_Check,P203,read,PASS,,Oct 4 2019 5:07:57.5480 PM,Oct 4 2019 5:07:57.5480 PM,.0001
Auth_Check,P203,read,PASS,,Oct 4 2019 5:07:57.5490 PM,Oct 4 2019 5:07:57.5740 PM,.0249
Auth_Check,P203,read,PASS,,Oct 4 2019 5:07:57.5760 PM,Oct 4 2019 5:07:57.5980 PM,.0223
Auth_Check,P203,sendCommandChars,PASS,,Oct 4 2019 5:07:57.6000 PM,Oct 4 2019 5:07:57.6350 PM,.0355
Auth_Check,P203,read,PASS,,Oct 4 2019 5:07:57.6380 PM,Oct 4 2019 5:07:57.6380 PM,.0002
Auth_Check,P203,read,PASS,,Oct 4 2019 5:07:57.6400 PM,Oct 4 2019 5:07:57.6690 PM,.0291
Auth_Check,P203,read,PASS,,Oct 4 2019 5:07:57.6710 PM,Oct 4 2019 5:07:57.6990 PM,.0284
Auth_Check,P203,sendCommandChars,PASS,,Oct 4 2019 5:07:57.7000 PM,Oct 4 2019 5:07:57.7350 PM,.0351
Auth_Check,P203,read,PASS,,Oct 4 2019 5:07:57.7380 PM,Oct 4 2019 5:07:57.7380 PM,.0002
Auth_Check,P203,read,PASS,,Oct 4 2019 5:07:57.7390 PM,Oct 4 2019 5:07:57.7690 PM,.0299
Auth_Check,P203,read,PASS,,Oct 4 2019 5:07:57.7710 PM,Oct 4 2019 5:07:57.7990 PM,.0284
Auth_Check,P203,sendCommandChars,PASS,,Oct 4 2019 5:07:57.8010 PM,Oct 4 2019 5:07:57.8360 PM,.0353
Auth_Check,P203,read,PASS,,Oct 4 2019 5:07:57.8390 PM,Oct 4 2019 5:07:57.8390 PM,.0001
Auth_Check,P203,read,PASS,,Oct 4 2019 5:07:57.8400 PM,Oct 4 2019 5:07:57.8700 PM,.0292
Auth_Check,P203,sendCommandChars,PASS,,Oct 4 2019 5:07:57.8710 PM,Oct 4 2019 5:07:57.9060 PM,.035
Auth_Check,P203,read,PASS,,Oct 4 2019 5:07:57.9090 PM,Oct 4 2019 5:07:57.9090 PM,.0002
Auth_Check,P203,read,PASS,,Oct 4 2019 5:07:57.9100 PM,Oct 4 2019 5:07:57.9400 PM,.0298
Auth_Check,P203,read,PASS,,Oct 4 2019 5:07:57.9420 PM,Oct 4 2019 5:07:57.9640 PM,.0219
Auth_Check,P203,sendCommandChars,PASS,,Oct 4 2019 5:07:57.9650 PM,Oct 4 2019 5:07:58.0020 PM,.0363
Auth_Check,P203,read,PASS,,Oct 4 2019 5:07:58.0040 PM,Oct 4 2019 5:07:58.0050 PM,.0001
Auth_Check,P203,read,PASS,,Oct 4 2019 5:07:58.0060 PM,Oct 4 2019 5:07:58.0280 PM,.0225
Auth_Check,P203,read,PASS,,Oct 4 2019 5:07:58.0300 PM,Oct 4 2019 5:07:58.0600 PM,.0303
Auth_Check,P203,sendCommandChars,PASS,,Oct 4 2019 5:07:58.0620 PM,Oct 4 2019 5:07:58.0980 PM,.036
Auth_Check,P203,read,PASS,,Oct 4 2019 5:07:58.1000 PM,Oct 4 2019 5:07:58.1000 PM,.0002
Auth_Check,P203,read,PASS,,Oct 4 2019 5:07:58.1020 PM,Oct 4 2019 5:07:58.1310 PM,.0293
Auth_Check,P203,read,PASS,,Oct 4 2019 5:07:58.1330 PM,Oct 4 2019 5:07:58.1610 PM,.0282
Auth_Check,P203,sendCommandChars,PASS,,Oct 4 2019 5:07:58.1620 PM,Oct 4 2019 5:07:58.1980 PM,.035
Auth_Check,IOFileHandle,writeCertFile,PASS,,Oct 4 2019 5:07:58.2020 PM,Oct 4 2019 5:07:58.2080 PM,.0058
Auth_Check,IOFileHandle,writeToFile,PASS,,Oct 4 2019 5:07:58.2520 PM,Oct 4 2019 5:07:58.2520 PM,.0001
Auth_Check,IOFileHandle,writeToFile,PASS,,Oct 4 2019 5:07:58.2920 PM,Oct 4 2019 5:07:58.2920 PM,.0001
Auth_Check,P203,read,PASS,,Oct 4 2019 5:07:58.3010 PM,Oct 4 2019 5:07:58.3010 PM,.0002
Auth_Check,P203,read,PASS,,Oct 4 2019 5:07:58.3030 PM,Oct 4 2019 5:07:58.3310 PM,.0288
Auth_Check,P203,sendCommandChars,PASS,,Oct 4 2019 5:07:58.3330 PM,Oct 4 2019 5:07:58.3720 PM,.0388
Auth_Check,P203,read,PASS,,Oct 4 2019 5:07:58.3760 PM,Oct 4 2019 5:07:58.3760 PM,.0002
Auth_Check,P203,read,PASS,,Oct 4 2019 5:07:58.3770 PM,Oct 4 2019 5:07:58.4020 PM,.0247
Auth_Check,P203,sendCommandChars,PASS,,Oct 4 2019 5:07:58.4030 PM,Oct 4 2019 5:07:58.4740 PM,.0712
Auth_Check,P203,read,PASS,,Oct 4 2019 5:07:58.4770 PM,Oct 4 2019 5:07:58.4780 PM,.0002
Auth_Check,P203,read,PASS,,Oct 4 2019 5:07:58.4790 PM,Oct 4 2019 5:07:58.5020 PM,.023
Auth_Check,P203,sendCommandChars,PASS,,Oct 4 2019 5:07:58.5030 PM,Oct 4 2019 5:07:58.5400 PM,.0369
Auth_Check,P203,read,PASS,,Oct 4 2019 5:07:59.1160 PM,Oct 4 2019 5:07:59.1160 PM,.0002
Auth_Check,P203,read,PASS,,Oct 4 2019 5:07:59.1180 PM,Oct 4 2019 5:07:59.1450 PM,.0276
Auth_Check,P203,sendCommandChars,PASS,,Oct 4 2019 5:07:59.1470 PM,Oct 4 2019 5:07:59.2140 PM,.0672
Auth_Check,P203,read,PASS,,Oct 4 2019 5:07:59.2170 PM,Oct 4 2019 5:07:59.2170 PM,.0002
Auth_Check,P203,read,PASS,,Oct 4 2019 5:07:59.2180 PM,Oct 4 2019 5:07:59.2460 PM,.0275
Auth_Check,P203,read,PASS,,Oct 4 2019 5:07:59.2480 PM,Oct 4 2019 5:07:59.2760 PM,.0283
Auth_Check,P203,sendCommandChars,PASS,,Oct 4 2019 5:07:59.2770 PM,Oct 4 2019 5:07:59.3120 PM,.0346
Auth_Check,P203,read,PASS,,Oct 4 2019 5:07:59.3150 PM,Oct 4 2019 5:07:59.3160 PM,.0002
Auth_Check,P203,read,PASS,,Oct 4 2019 5:07:59.3170 PM,Oct 4 2019 5:07:59.3460 PM,.0292
Auth_Check,P203,sendCommandChars,PASS,,Oct 4 2019 5:07:59.3470 PM,Oct 4 2019 5:07:59.3830 PM,.0355
Auth_Check,P203,read,PASS,,Oct 4 2019 5:07:59.3850 PM,Oct 4 2019 5:07:59.3860 PM,.0002
Auth_Check,P203,read,PASS,,Oct 4 2019 5:07:59.3870 PM,Oct 4 2019 5:07:59.4160 PM,.0297
Auth_Check,P203,read,PASS,,Oct 4 2019 5:07:59.4180 PM,Oct 4 2019 5:07:59.4470 PM,.029
Auth_Check,P203,sendCommandChars,PASS,,Oct 4 2019 5:07:59.4500 PM,Oct 4 2019 5:07:59.4840 PM,.0339
Auth_Check,P203,read,PASS,,Oct 4 2019 5:07:59.4870 PM,Oct 4 2019 5:07:59.4870 PM,.0002
Auth_Check,P203,read,PASS,,Oct 4 2019 5:07:59.4880 PM,Oct 4 2019 5:07:59.5170 PM,.0283
Auth_Check,P203,sendCommandChars,PASS,,Oct 4 2019 5:07:59.5180 PM,Oct 4 2019 5:07:59.5540 PM,.0356
Auth_Check,P203,read,PASS,,Oct 4 2019 5:07:59.5570 PM,Oct 4 2019 5:07:59.5570 PM,.0001
Auth_Check,P203,read,PASS,,Oct 4 2019 5:07:59.5580 PM,Oct 4 2019 5:07:59.5870 PM,.0293
Auth_Check,P203,read,PASS,,Oct 4 2019 5:07:59.5890 PM,Oct 4 2019 5:07:59.6170 PM,.0283
Auth_Check,P203,sendCommandChars,PASS,,Oct 4 2019 5:07:59.6190 PM,Oct 4 2019 5:07:59.6540 PM,.0349
Auth_Check,P203,read,PASS,,Oct 4 2019 5:07:59.6560 PM,Oct 4 2019 5:07:59.6560 PM,.0002
Auth_Check,P203,read,PASS,,Oct 4 2019 5:07:59.6580 PM,Oct 4 2019 5:07:59.6880 PM,.03
Auth_Check,P203,read,PASS,,Oct 4 2019 5:07:59.6890 PM,Oct 4 2019 5:07:59.7180 PM,.0282
Auth_Check,P203,sendCommandChars,PASS,,Oct 4 2019 5:07:59.7190 PM,Oct 4 2019 5:07:59.7540 PM,.0346
Auth_Check,IOFileHandle,writeCertFile,PASS,,Oct 4 2019 5:07:59.7570 PM,Oct 4 2019 5:07:59.7580 PM,.001
Auth_Check,IOFileHandle,writeToFile,PASS,,Oct 4 2019 5:07:59.8250 PM,Oct 4 2019 5:07:59.8250 PM,.0002
Read_MLB_SN,IOFileHandle,writeToFile,PASS,,Oct 4 2019 5:08:00.5160 PM,Oct 4 2019 5:08:00.5160 PM,.0001
Check_MLB_SN,StationReportPlugin,appendReportData,PASS,,Oct 4 2019 5:08:00.8970 PM,Oct 4 2019 5:08:00.8970 PM,0
Read_STFW_Version_Before_DL,IOFileHandle,writeToFile,PASS,,Oct 4 2019 5:08:01.0040 PM,Oct 4 2019 5:08:01.0050 PM,.0001
Read_MTFW_Version_Before_DL,IOFileHandle,writeToFile,PASS,,Oct 4 2019 5:08:01.4870 PM,Oct 4 2019 5:08:01.4870 PM,.0002
Read_CCG3_FW_Version,IOFileHandle,writeToFile,PASS,,Oct 4 2019 5:08:01.9560 PM,Oct 4 2019 5:08:01.9560 PM,.0001
Read_CCG3_FW_Version,IOFileHandle,writeToFile,PASS,,Oct 4 2019 5:08:02.4070 PM,Oct 4 2019 5:08:02.4070 PM,.0001
Program_STFW,IOFileHandle,writeToFile,PASS,,Oct 4 2019 5:08:02.8870 PM,Oct 4 2019 5:08:02.8870 PM,.0001
Program_STFW,P203,sendCommand,PASS,,Oct 4 2019 5:08:03.2560 PM,Oct 4 2019 5:08:03.2570 PM,.0007
Program_STFW,P203,sendCommandChars,PASS,,Oct 4 2019 5:08:03.2580 PM,Oct 4 2019 5:08:03.2690 PM,.0108
Program_STFW,P203,read,PASS,,Oct 4 2019 5:08:03.2710 PM,Oct 4 2019 5:08:03.2710 PM,.0002
Program_STFW,P203,read,PASS,,Oct 4 2019 5:08:03.2720 PM,Oct 4 2019 5:08:03.2720 PM,.0002
Program_STFW,P203,read,PASS,,Oct 4 2019 5:08:03.2730 PM,Oct 4 2019 5:08:03.2740 PM,.0002
Program_STFW,P203,read,PASS,,Oct 4 2019 5:08:03.2750 PM,Oct 4 2019 5:08:03.2970 PM,.0218
Program_STFW,P203,sendCommandChars,PASS,,Oct 4 2019 5:08:03.2980 PM,Oct 4 2019 5:08:03.3330 PM,.0352
Program_STFW,P203,read,PASS,,Oct 4 2019 5:08:03.3350 PM,Oct 4 2019 5:08:03.3350 PM,.0001
Program_STFW,P203,read,PASS,,Oct 4 2019 5:08:03.3360 PM,Oct 4 2019 5:08:03.3660 PM,.0298
Program_STFW,IOFileHandle,writeToFile,PASS,,Oct 4 2019 5:08:35.2160 PM,Oct 4 2019 5:08:35.2160 PM,.0002
Program_STFW,StationReportPlugin,appendReportData,PASS,,Oct 4 2019 5:08:35.5860 PM,Oct 4 2019 5:08:35.5860 PM,0
Program_STFW,Fixture,sendCommand,PASS,,Oct 4 2019 5:08:38.6530 PM,Oct 4 2019 5:08:38.6640 PM,.011
Program_STFW,Fixture,sendCommand,PASS,,Oct 4 2019 5:08:39.7400 PM,Oct 4 2019 5:08:39.7510 PM,.0113
Program_STFW,P203,sendCommand,PASS,,Oct 4 2019 5:08:44.8260 PM,Oct 4 2019 5:08:44.8320 PM,.0059
Program_MTFW,IOFileHandle,writeToFile,PASS,,Oct 4 2019 5:08:44.8860 PM,Oct 4 2019 5:08:44.8860 PM,.0002
Program_MTFW,P203,sendCommand,PASS,,Oct 4 2019 5:08:45.2590 PM,Oct 4 2019 5:08:45.2600 PM,.0008
Program_MTFW,P203,sendCommandChars,PASS,,Oct 4 2019 5:08:45.2610 PM,Oct 4 2019 5:08:45.2640 PM,.0034
Program_MTFW,P203,read,PASS,,Oct 4 2019 5:08:45.2660 PM,Oct 4 2019 5:08:45.2660 PM,.0001
Program_MTFW,P203,read,PASS,,Oct 4 2019 5:08:45.2670 PM,Oct 4 2019 5:08:45.2790 PM,.0126
Program_MTFW,P203,read,PASS,,Oct 4 2019 5:08:45.2810 PM,Oct 4 2019 5:08:45.2810 PM,.0002
Program_MTFW,P203,read,PASS,,Oct 4 2019 5:08:45.2820 PM,Oct 4 2019 5:08:45.3080 PM,.0256
Program_MTFW,P203,sendCommandChars,PASS,,Oct 4 2019 5:08:45.3090 PM,Oct 4 2019 5:08:45.3440 PM,.0343
Program_MTFW,P203,read,PASS,,Oct 4 2019 5:08:45.3450 PM,Oct 4 2019 5:08:45.3450 PM,.0001
Program_MTFW,P203,read,PASS,,Oct 4 2019 5:08:45.3460 PM,Oct 4 2019 5:08:45.3680 PM,.0219
Program_MTFW,IOFileHandle,writeToFile,PASS,,Oct 4 2019 5:08:53.7270 PM,Oct 4 2019 5:08:53.7270 PM,.0002
Program_MTFW,StationReportPlugin,appendReportData,PASS,,Oct 4 2019 5:08:54.1040 PM,Oct 4 2019 5:08:54.1040 PM,0
Program_MTFW,Fixture,sendCommand,PASS,,Oct 4 2019 5:09:04.1740 PM,Oct 4 2019 5:09:04.1780 PM,.0044
Program_MTFW,Fixture,sendCommand,PASS,,Oct 4 2019 5:09:05.2530 PM,Oct 4 2019 5:09:05.2650 PM,.0121
Program_MTFW,P203,sendCommand,PASS,,Oct 4 2019 5:09:10.3320 PM,Oct 4 2019 5:09:10.3370 PM,.0053
Read_STFW_Version_After_DL,IOFileHandle,writeToFile,PASS,,Oct 4 2019 5:09:10.3900 PM,Oct 4 2019 5:09:10.3900 PM,.0002
Read_MTFW_Version_After_DL,IOFileHandle,writeToFile,PASS,,Oct 4 2019 5:09:10.8160 PM,Oct 4 2019 5:09:10.8170 PM,.0001
Finish_DRCB,DRCB,finish,PASS,,Oct 4 2019 5:09:11.1890 PM,Oct 4 2019 5:09:11.8970 PM,.7072
Fixture_reset,Fixture,sendCommand,PASS,,Oct 4 2019 5:09:11.9420 PM,Oct 4 2019 5:09:12.2630 PM,.3209
