document_version, 1.0
station_name,SW-DOWNLOAD
station_id,FXLH_F05-4FT-02_5_SW-DOWNLOAD
station_sw,Atlas
station_sw_version,Atlas

tag,start_time,duration
Read_SN, 1575529468.64, 3.15
Start_Data_Reporting, 1575529471.79, 0.02
Start_Control_Bit, 1575529471.81, 0.31
Read_Bootargs, 1575529472.12, 0.45
Write_Bootargs, 1575529472.56, 0.00
Check_Bootargs, 1575529472.57, 0.00
BUILD_EVENT, 1575529472.57, 0.05
S_BUILD, 1575529472.62, 0.00
WO_SN, 1575529472.62, 0.00
SUB_SN, 1575529472.63, 0.00
UNIT_LBL, 1575529472.63, 0.00
KAI_FW, 1575529472.63, 0.02
Query_MLB_SN, 1575529472.65, 0.00
Read_MLB_SN, 1575529472.65, 1.02
Check_MLB_SN, 1575529473.67, 0.00
Read_STFW_Version_Before_DL, 1575529473.67, 0.45
Read_MTFW_Version_Before_DL, 1575529474.12, 0.45
Read_CCG3FW_Version_Before_DL, 1575529474.57, 1.35
Program_STFW, 1575529475.92, 139.42
Program_MTFW, 1575529615.34, 45.21
Program_CCG3FW, 1575529660.55, 62.55
Read_STFW_Version_After_DL, 1575529723.10, 0.45
Read_MTFW_Version_After_DL, 1575529723.55, 0.44
Read_CCG3FW_Version_After_DL, 1575529723.99, 1.34
Finish_DRCB, 1575529725.33, 0.47
full_test_durations, 1575529468.63, 257.17
