Related Test,Type,Name,Value
Read_SN,Device,serialnumber,FTPZQ01SPPHF
Start_Data_Reporting,Device,softwarename,Atlas 1.9.2
Start_Data_Reporting,Device,serialnumber,FTPZQ01SPPHF
Start_Data_Reporting,Device,softwareversion,V1.2.2.0_debug
Start_Data_Reporting,Device,limitsversion,1
BUILD_EVENT,Device,Build_EVENT,R118-EVT
S_BUILD,Device,S_BUILD,R118-EVT_E1AEN-LHWTE1
WO_SN,Device,WO_SN,WMT-JB000B
SUB_SN,Device,P_SN,DKB9475001PPQGL0F
UNIT_LBL,Device,UNIT_LBL,R118-EVT_E1AEN-LHWTE1_C01969
KAI_FW,Device,KAI_FW_VERSION,0.2.1
Read_MLB_SN,Device,MLB_SN,DLX94750012N6R54A
Read_STFW_Version_After_DL,Device,STFW,0x0270
Read_MTFW_Version_After_DL,Device,TOUCH_FW,0x0515
Read_CCG3FW_Version_After_DL,Device,ReadCCG3FW,0x0102
