Related Test,Name-1,Name-2,Name-3,Status,Info,Measurement,Units,Upper Limit,Lower Limit,Relaxed Upper Limit,Relaxed Lower Limit,Limit Units,Start Time,End Time,Duration (s)
Read_SN,,,,,,,,,,,,,Dec 5 2019 3:04:28.6430 PM,Dec 5 2019 3:04:31.7910 PM,3.1472
Read_SN,Read_SN,fixture vendor,CYG,PASS,,,,,,,,,Dec 5 2019 3:04:29.7160 PM,Dec 5 2019 3:04:29.7160 PM,0
Read_SN,Read_SN,KAI,changeDelimiter,PASS,,,,,,,,,Dec 5 2019 3:04:29.7180 PM,Dec 5 2019 3:04:29.7180 PM,0
Read_SN,Read_SN,KAI,changeLineTerminator,PASS,,,,,,,,,Dec 5 2019 3:04:29.7200 PM,Dec 5 2019 3:04:29.7200 PM,0
Read_SN,Read_SN,KAI,open,PASS,,,,,,,,,Dec 5 2019 3:04:29.7210 PM,Dec 5 2019 3:04:31.3160 PM,1.5946
Read_SN,Read_SN,KAI,read,PASS,,,,,,,,,Dec 5 2019 3:04:31.3170 PM,Dec 5 2019 3:04:31.3460 PM,.0283
Read_SN,Read_SN,StationReportPlugin,isReporting,PASS,,,,,,,,,Dec 5 2019 3:04:31.3490 PM,Dec 5 2019 3:04:31.3490 PM,0
Read_SN,Read_SN,[Hid] /usr/local/bin/hidreport -locationid 0x14750000 -i 0 get 0x11,,PASS,,,,,,,,,Dec 5 2019 3:04:31.4020 PM,Dec 5 2019 3:04:31.4020 PM,0
Read_SN,Read_SN,serialnumber,FTPZQ01SPPHF,PASS,,,,,,,,,Dec 5 2019 3:04:31.7900 PM,Dec 5 2019 3:04:31.7900 PM,0
Start_Data_Reporting,,,,,,,,,,,,,Dec 5 2019 3:04:31.7930 PM,Dec 5 2019 3:04:31.8060 PM,.0128
Start_Data_Reporting,Start_Data_Reporting,DRCB,StartDataReporting,PASS,,,,,,,,,Dec 5 2019 3:04:31.7970 PM,Dec 5 2019 3:04:31.8050 PM,.0084
Start_Control_Bit,,,,,,,,,,,,,Dec 5 2019 3:04:31.8090 PM,Dec 5 2019 3:04:32.1160 PM,.3069
Start_Control_Bit,Start_Control_Bit,DRCB,StartControlBits,PASS,,,,,,,,,Dec 5 2019 3:04:31.8100 PM,Dec 5 2019 3:04:32.1140 PM,.3044
Read_Bootargs,,,,,,,,,,,,,Dec 5 2019 3:04:32.1180 PM,Dec 5 2019 3:04:32.5610 PM,.4435
Read_Bootargs,Read_Bootargs,"[Hid] /usr/local/bin/hidreport -locationid 0x14750000 -usage 0xff00,0xb get 0xF1",,PASS,,,,,,,,,Dec 5 2019 3:04:32.1710 PM,Dec 5 2019 3:04:32.1710 PM,0
Read_Bootargs,Read_Bootargs,Read_Bootargs,,PASS,,,,,,,,,Dec 5 2019 3:04:32.5610 PM,Dec 5 2019 3:04:32.5610 PM,0
Write_Bootargs,,,,,,,,,,,,,Dec 5 2019 3:04:32.5640 PM,Dec 5 2019 3:04:32.5650 PM,.0005
Write_Bootargs,Write_Bootargs,Bootargs is 2. bypass,,PASS,,,,,,,,,Dec 5 2019 3:04:32.5650 PM,Dec 5 2019 3:04:32.5650 PM,0
Check_Bootargs,,,,,,,,,,,,,Dec 5 2019 3:04:32.5670 PM,Dec 5 2019 3:04:32.5670 PM,.0005
Check_Bootargs,Check_Bootargs,Bootargs is 2. bypass,,PASS,,,,,,,,,Dec 5 2019 3:04:32.5670 PM,Dec 5 2019 3:04:32.5670 PM,0
BUILD_EVENT,,,,,,,,,,,,,Dec 5 2019 3:04:32.5690 PM,Dec 5 2019 3:04:32.6180 PM,.0487
BUILD_EVENT,BUILD_EVENT,SFCSupport,getAttributes,PASS,,,,,,,,,Dec 5 2019 3:04:32.5710 PM,Dec 5 2019 3:04:32.6000 PM,.0284
BUILD_EVENT,BUILD_EVENT,SFCSupport,getAttributes-2,PASS,,,,,,,,,Dec 5 2019 3:04:32.6020 PM,Dec 5 2019 3:04:32.6060 PM,.0046
BUILD_EVENT,BUILD_EVENT,SFCSupport,getAttributes-3,PASS,,,,,,,,,Dec 5 2019 3:04:32.6080 PM,Dec 5 2019 3:04:32.6120 PM,.0037
BUILD_EVENT,BUILD_EVENT,SFCSupport,getAttributes-4,PASS,,,,,,,,,Dec 5 2019 3:04:32.6130 PM,Dec 5 2019 3:04:32.6170 PM,.004
BUILD_EVENT,BUILD_EVENT,Build_EVENT,R118-EVT,PASS,,,,,,,,,Dec 5 2019 3:04:32.6180 PM,Dec 5 2019 3:04:32.6180 PM,0
S_BUILD,,,,,,,,,,,,,Dec 5 2019 3:04:32.6210 PM,Dec 5 2019 3:04:32.6210 PM,.0006
S_BUILD,S_BUILD,S_BUILD,R118-EVT_E1AEN-LHWTE1,PASS,,,,,,,,,Dec 5 2019 3:04:32.6210 PM,Dec 5 2019 3:04:32.6210 PM,0
WO_SN,,,,,,,,,,,,,Dec 5 2019 3:04:32.6240 PM,Dec 5 2019 3:04:32.6240 PM,.0006
WO_SN,WO_SN,Get wo_no Pass,,PASS,,,,,,,,,Dec 5 2019 3:04:32.6240 PM,Dec 5 2019 3:04:32.6240 PM,0
SUB_SN,,,,,,,,,,,,,Dec 5 2019 3:04:32.6260 PM,Dec 5 2019 3:04:32.6270 PM,.0006
SUB_SN,SUB_SN,Get pansa Pass,,PASS,,,,,,,,,Dec 5 2019 3:04:32.6270 PM,Dec 5 2019 3:04:32.6270 PM,0
UNIT_LBL,,,,,,,,,,,,,Dec 5 2019 3:04:32.6290 PM,Dec 5 2019 3:04:32.6290 PM,.0006
UNIT_LBL,UNIT_LBL,Get unit_lbl Pass,,PASS,,,,,,,,,Dec 5 2019 3:04:32.6290 PM,Dec 5 2019 3:04:32.6290 PM,0
KAI_FW,,,,,,,,,,,,,Dec 5 2019 3:04:32.6320 PM,Dec 5 2019 3:04:32.6470 PM,.0155
KAI_FW,KAI_FW,[KAI] v,sendCommand,PASS,,,,,,,,,Dec 5 2019 3:04:32.6330 PM,Dec 5 2019 3:04:32.6460 PM,.0133
KAI_FW,KAI_FW,KAI_FW,,PASS,,,,,,,,,Dec 5 2019 3:04:32.6470 PM,Dec 5 2019 3:04:32.6470 PM,0
Query_MLB_SN,,,,,,,,,,,,,Dec 5 2019 3:04:32.6490 PM,Dec 5 2019 3:04:32.6500 PM,.0005
Query_MLB_SN,Query_MLB_SN,Query_MLB_SN,DLX94750012N6R54A,PASS,,,,,,,,,Dec 5 2019 3:04:32.6500 PM,Dec 5 2019 3:04:32.6500 PM,0
Read_MLB_SN,,,,,,,,,,,,,Dec 5 2019 3:04:32.6520 PM,Dec 5 2019 3:04:33.6670 PM,1.0153
Read_MLB_SN,Read_MLB_SN,[Hid] /usr/local/bin/hidreport -locationid 0x14750000 -v 0x05ac -i 0 get 0x12,,PASS,,,,,,,,,Dec 5 2019 3:04:33.2790 PM,Dec 5 2019 3:04:33.2790 PM,0
Read_MLB_SN,Read_MLB_SN,Read_MLB_SN,DLX94750012N6R54A,PASS,,,,,,,,,Dec 5 2019 3:04:33.6670 PM,Dec 5 2019 3:04:33.6670 PM,0
Check_MLB_SN,,,,,,,,,,,,,Dec 5 2019 3:04:33.6700 PM,Dec 5 2019 3:04:33.6720 PM,.0024
Check_MLB_SN,Check_MLB_SN,Check_MLB_SN,,PASS,,,,,,,,,Dec 5 2019 3:04:33.6700 PM,Dec 5 2019 3:04:33.6700 PM,0
Check_MLB_SN,Check_MLB_SN,StationReportPlugin,appendReportData,PASS,,,,,,,,,Dec 5 2019 3:04:33.6720 PM,Dec 5 2019 3:04:33.6720 PM,.0001
Read_STFW_Version_Before_DL,,,,,,,,,,,,,Dec 5 2019 3:04:33.6740 PM,Dec 5 2019 3:04:34.1190 PM,.4445
Read_STFW_Version_Before_DL,Read_STFW_Version_Before_DL,[Hid] /usr/local/bin/hidreport -locationid 0x14750000 -i 0 get 0xB4,,PASS,,,,,,,,,Dec 5 2019 3:04:33.7280 PM,Dec 5 2019 3:04:33.7280 PM,0
Read_STFW_Version_Before_DL,Read_STFW_Version_Before_DL,Read_STFW_Version_Before_DL,0x0270,PASS,,,,,,,,,Dec 5 2019 3:04:34.1190 PM,Dec 5 2019 3:04:34.1190 PM,0
Read_STFW_Version_Before_DL,Read_STFW_Version_Before_DL,,,PASS,,624,,,,,,,Dec 5 2019 3:04:34.1190 PM,Dec 5 2019 3:04:34.1190 PM,0
Read_MTFW_Version_Before_DL,,,,,,,,,,,,,Dec 5 2019 3:04:34.1220 PM,Dec 5 2019 3:04:34.5640 PM,.4428
Read_MTFW_Version_Before_DL,Read_MTFW_Version_Before_DL,[Hid] /usr/local/bin/hidreport -locationid 0x14750000 -i 0 get 0xbb,,PASS,,,,,,,,,Dec 5 2019 3:04:34.1760 PM,Dec 5 2019 3:04:34.1760 PM,0
Read_MTFW_Version_Before_DL,Read_MTFW_Version_Before_DL,Read_MTFW_Version_Before_DL,0x0515,PASS,,,,,,,,,Dec 5 2019 3:04:34.5640 PM,Dec 5 2019 3:04:34.5640 PM,0
Read_MTFW_Version_Before_DL,Read_MTFW_Version_Before_DL,,,PASS,,1301,,,,,,,Dec 5 2019 3:04:34.5640 PM,Dec 5 2019 3:04:34.5640 PM,0
Read_CCG3FW_Version_Before_DL,,,,,,,,,,,,,Dec 5 2019 3:04:34.5670 PM,Dec 5 2019 3:04:35.9170 PM,1.3499
Read_CCG3FW_Version_Before_DL,Read_CCG3FW_Version_Before_DL,"[Hid] /usr/local/bin/hidreport -locationid 0x14750000 -v 0x05ac -usage 0xff00,0xb set 0xCE 0xCE 6 6 0",,PASS,,,,,,,,,Dec 5 2019 3:04:34.6130 PM,Dec 5 2019 3:04:34.6130 PM,0
Read_CCG3FW_Version_Before_DL,Read_CCG3FW_Version_Before_DL,"[Hid] /usr/local/bin/hidreport -locationid 0x14750000 -usage 0xff00,0xb get 0xA0",,PASS,,,,,,,,,Dec 5 2019 3:04:35.0980 PM,Dec 5 2019 3:04:35.0980 PM,0
Read_CCG3FW_Version_Before_DL,Read_CCG3FW_Version_Before_DL,"[Hid] /usr/local/bin/hidreport -locationid 0x14750000 -v 0x05ac -usage 0xff00,0xb set 0xCE 0xCE 6 6 1",,PASS,,,,,,,,,Dec 5 2019 3:04:35.5300 PM,Dec 5 2019 3:04:35.5300 PM,0
Read_CCG3FW_Version_Before_DL,Read_CCG3FW_Version_Before_DL,Read_CCG3FW_Version_Before_DL,A0 01 01 01 02 01 02 01,PASS,,,,,,,,,Dec 5 2019 3:04:35.9160 PM,Dec 5 2019 3:04:35.9160 PM,0
Read_CCG3FW_Version_Before_DL,Read_CCG3FW_Version_Before_DL,,,PASS,,258,,,,,,,Dec 5 2019 3:04:35.9170 PM,Dec 5 2019 3:04:35.9170 PM,0
Program_STFW,,,,,,,,,,,,,Dec 5 2019 3:04:35.9200 PM,Dec 5 2019 3:06:55.3400 PM,139.4208
Program_STFW,Program_STFW,[Hid] /usr/local/bin/unit2Tool/shfuc -l 0x14750000 -n -v 0x05ac -p 0x026E -f /usr/local/bin/R128-v0x0270-dev-signed.R118.EVT.afu,,PASS,,,,,,,,,Dec 5 2019 3:06:41.7450 PM,Dec 5 2019 3:06:41.7450 PM,0
Program_STFW,Program_STFW,Program_STFW,,PASS,,,,,,,,,Dec 5 2019 3:06:41.7610 PM,Dec 5 2019 3:06:41.7610 PM,0
Program_STFW,Program_STFW,StationReportPlugin,appendReportData,PASS,,,,,,,,,Dec 5 2019 3:06:41.7630 PM,Dec 5 2019 3:06:41.7630 PM,.0001
Program_STFW,Program_STFW,[KAI] sys hrst,sendCommand,PASS,,,,,,,,,Dec 5 2019 3:06:46.8340 PM,Dec 5 2019 3:06:46.9530 PM,.1188
Program_STFW,Program_STFW,[KAI] ,sendCommand,PASS,,,,,,,,,Dec 5 2019 3:06:46.9540 PM,Dec 5 2019 3:06:46.9800 PM,.0259
Program_STFW,Program_STFW,[KAI] flags ~ro,sendCommand,PASS,,,,,,,,,Dec 5 2019 3:06:46.9820 PM,Dec 5 2019 3:06:46.9960 PM,.0144
Program_STFW,Program_STFW,[KAI] orion mode 10,sendCommand,PASS,,,,,,,,,Dec 5 2019 3:06:46.9980 PM,Dec 5 2019 3:06:47.0120 PM,.0142
Program_STFW,Program_STFW,[KAI] sys hrst,sendCommand-2,PASS,,,,,,,,,Dec 5 2019 3:06:51.0870 PM,Dec 5 2019 3:06:51.2060 PM,.1186
Program_STFW,Program_STFW,[KAI] ,sendCommand-2,PASS,,,,,,,,,Dec 5 2019 3:06:51.2080 PM,Dec 5 2019 3:06:51.2330 PM,.0252
Program_STFW,Program_STFW,[KAI] flags ~ro,sendCommand-2,PASS,,,,,,,,,Dec 5 2019 3:06:51.2340 PM,Dec 5 2019 3:06:51.2490 PM,.0144
Program_STFW,Program_STFW,[KAI] orion mode 10,sendCommand-2,PASS,,,,,,,,,Dec 5 2019 3:06:51.2500 PM,Dec 5 2019 3:06:51.2650 PM,.0146
Program_MTFW,,,,,,,,,,,,,Dec 5 2019 3:06:55.3440 PM,Dec 5 2019 3:07:40.5520 PM,45.2086
Program_MTFW,Program_MTFW,[Hid] /usr/local/bin/unit2Tool/shfuc -l 0x14750000 -n -v 0x05ac -p 0x026E -f /usr/local/bin/R118-MTFW-0x0515.HW4.dev-sig.afu,,PASS,,,,,,,,,Dec 5 2019 3:07:22.0350 PM,Dec 5 2019 3:07:22.0350 PM,0
Program_MTFW,Program_MTFW,Program_MTFW,,PASS,,,,,,,,,Dec 5 2019 3:07:22.0500 PM,Dec 5 2019 3:07:22.0500 PM,0
Program_MTFW,Program_MTFW,StationReportPlugin,appendReportData,PASS,,,,,,,,,Dec 5 2019 3:07:22.0520 PM,Dec 5 2019 3:07:22.0520 PM,.0001
Program_MTFW,Program_MTFW,[KAI] sys hrst,sendCommand,PASS,,,,,,,,,Dec 5 2019 3:07:32.0540 PM,Dec 5 2019 3:07:32.1720 PM,.1186
Program_MTFW,Program_MTFW,[KAI] ,sendCommand,PASS,,,,,,,,,Dec 5 2019 3:07:32.1740 PM,Dec 5 2019 3:07:32.2000 PM,.0258
Program_MTFW,Program_MTFW,[KAI] flags ~ro,sendCommand,PASS,,,,,,,,,Dec 5 2019 3:07:32.2010 PM,Dec 5 2019 3:07:32.2160 PM,.0145
Program_MTFW,Program_MTFW,[KAI] orion mode 10,sendCommand,PASS,,,,,,,,,Dec 5 2019 3:07:32.2170 PM,Dec 5 2019 3:07:32.2320 PM,.0145
Program_MTFW,Program_MTFW,[KAI] sys hrst,sendCommand-2,PASS,,,,,,,,,Dec 5 2019 3:07:36.2990 PM,Dec 5 2019 3:07:36.4180 PM,.1185
Program_MTFW,Program_MTFW,[KAI] ,sendCommand-2,PASS,,,,,,,,,Dec 5 2019 3:07:36.4190 PM,Dec 5 2019 3:07:36.4450 PM,.026
Program_MTFW,Program_MTFW,[KAI] flags ~ro,sendCommand-2,PASS,,,,,,,,,Dec 5 2019 3:07:36.4460 PM,Dec 5 2019 3:07:36.4610 PM,.0145
Program_MTFW,Program_MTFW,[KAI] orion mode 10,sendCommand-2,PASS,,,,,,,,,Dec 5 2019 3:07:36.4620 PM,Dec 5 2019 3:07:36.4770 PM,.0146
Program_CCG3FW,,,,,,,,,,,,,Dec 5 2019 3:07:40.5550 PM,Dec 5 2019 3:08:43.1010 PM,62.5453
Program_CCG3FW,Program_CCG3FW,[Hid] /usr/local/bin/unit2Tool/shfuc -l 0x14750000 -n -v 0x05ac -p 0x026E -f /usr/local/bin/R118-CCG3-0x0102_EVT-apps.dev-sig.afu,,PASS,,,,,,,,,Dec 5 2019 3:08:23.7550 PM,Dec 5 2019 3:08:23.7550 PM,0
Program_CCG3FW,Program_CCG3FW,Program_CCG3FW,,PASS,,,,,,,,,Dec 5 2019 3:08:23.7700 PM,Dec 5 2019 3:08:23.7700 PM,0
Program_CCG3FW,Program_CCG3FW,StationReportPlugin,appendReportData,PASS,,,,,,,,,Dec 5 2019 3:08:23.7710 PM,Dec 5 2019 3:08:23.7710 PM,.0001
Program_CCG3FW,Program_CCG3FW,[KAI] sys hrst,sendCommand,PASS,,,,,,,,,Dec 5 2019 3:08:38.8470 PM,Dec 5 2019 3:08:38.9640 PM,.1164
Program_CCG3FW,Program_CCG3FW,[KAI] ,sendCommand,PASS,,,,,,,,,Dec 5 2019 3:08:38.9660 PM,Dec 5 2019 3:08:38.9930 PM,.0275
Program_CCG3FW,Program_CCG3FW,[KAI] flags ~ro,sendCommand,PASS,,,,,,,,,Dec 5 2019 3:08:38.9950 PM,Dec 5 2019 3:08:39.0090 PM,.0146
Program_CCG3FW,Program_CCG3FW,[KAI] orion mode 10,sendCommand,PASS,,,,,,,,,Dec 5 2019 3:08:39.0110 PM,Dec 5 2019 3:08:39.0250 PM,.0144
Read_STFW_Version_After_DL,,,,,,,,,,,,,Dec 5 2019 3:08:43.1030 PM,Dec 5 2019 3:08:43.5470 PM,.4439
Read_STFW_Version_After_DL,Read_STFW_Version_After_DL,[Hid] /usr/local/bin/hidreport -locationid 0x14750000 -i 0 get 0xB4,,PASS,,,,,,,,,Dec 5 2019 3:08:43.1570 PM,Dec 5 2019 3:08:43.1570 PM,0
Read_STFW_Version_After_DL,Read_STFW_Version_After_DL,Read_STFW_Version_After_DL,0x0270,PASS,,,,,,,,,Dec 5 2019 3:08:43.5470 PM,Dec 5 2019 3:08:43.5470 PM,0
Read_STFW_Version_After_DL,Read_STFW_Version_After_DL,,,PASS,,624,,624,624,,,,Dec 5 2019 3:08:43.5470 PM,Dec 5 2019 3:08:43.5470 PM,0
Read_MTFW_Version_After_DL,,,,,,,,,,,,,Dec 5 2019 3:08:43.5500 PM,Dec 5 2019 3:08:43.9860 PM,.436
Read_MTFW_Version_After_DL,Read_MTFW_Version_After_DL,[Hid] /usr/local/bin/hidreport -locationid 0x14750000 -i 0 get 0xbb,,PASS,,,,,,,,,Dec 5 2019 3:08:43.6040 PM,Dec 5 2019 3:08:43.6040 PM,0
Read_MTFW_Version_After_DL,Read_MTFW_Version_After_DL,Read_MTFW_Version_After_DL,0x0515,PASS,,,,,,,,,Dec 5 2019 3:08:43.9860 PM,Dec 5 2019 3:08:43.9860 PM,0
Read_MTFW_Version_After_DL,Read_MTFW_Version_After_DL,,,PASS,,1301,,1301,1301,,,,Dec 5 2019 3:08:43.9860 PM,Dec 5 2019 3:08:43.9860 PM,0
Read_CCG3FW_Version_After_DL,,,,,,,,,,,,,Dec 5 2019 3:08:43.9890 PM,Dec 5 2019 3:08:45.3240 PM,1.3345
Read_CCG3FW_Version_After_DL,Read_CCG3FW_Version_After_DL,"[Hid] /usr/local/bin/hidreport -locationid 0x14750000 -v 0x05ac -usage 0xff00,0xb set 0xCE 0xCE 6 6 0",,PASS,,,,,,,,,Dec 5 2019 3:08:44.0350 PM,Dec 5 2019 3:08:44.0350 PM,0
Read_CCG3FW_Version_After_DL,Read_CCG3FW_Version_After_DL,"[Hid] /usr/local/bin/hidreport -locationid 0x14750000 -usage 0xff00,0xb get 0xA0",,PASS,,,,,,,,,Dec 5 2019 3:08:44.5020 PM,Dec 5 2019 3:08:44.5020 PM,0
Read_CCG3FW_Version_After_DL,Read_CCG3FW_Version_After_DL,"[Hid] /usr/local/bin/hidreport -locationid 0x14750000 -v 0x05ac -usage 0xff00,0xb set 0xCE 0xCE 6 6 1",,PASS,,,,,,,,,Dec 5 2019 3:08:44.9360 PM,Dec 5 2019 3:08:44.9360 PM,0
Read_CCG3FW_Version_After_DL,Read_CCG3FW_Version_After_DL,Read_CCG3FW_Version_After_DL,A0 02 01 01 02 01 02 01,PASS,,,,,,,,,Dec 5 2019 3:08:45.3230 PM,Dec 5 2019 3:08:45.3230 PM,0
Read_CCG3FW_Version_After_DL,Read_CCG3FW_Version_After_DL,,,PASS,,258,,258,258,,,,Dec 5 2019 3:08:45.3230 PM,Dec 5 2019 3:08:45.3230 PM,0
Finish_DRCB,,,,,,,,,,,,,Dec 5 2019 3:08:45.3270 PM,Dec 5 2019 3:08:45.7990 PM,.4722
Finish_DRCB,Finish_DRCB,DRCB,Finish,PASS,,,,,,,,,Dec 5 2019 3:08:45.3280 PM,Dec 5 2019 3:08:45.7970 PM,.4698
