Test,Plugin,Command,Status,Info,Start Time,End Time,Duration (s)
Read_SN,KAI,changeDelimiter,PASS,,Dec 5 2019 3:04:29.7180 PM,Dec 5 2019 3:04:29.7180 PM,.0001
Read_SN,KAI,changeLineTerminator,PASS,,Dec 5 2019 3:04:29.7200 PM,Dec 5 2019 3:04:29.7200 PM,0
Read_SN,KAI,open,PASS,,Dec 5 2019 3:04:29.7210 PM,Dec 5 2019 3:04:31.3160 PM,1.5947
Read_SN,KAI,read,PASS,,Dec 5 2019 3:04:31.3170 PM,Dec 5 2019 3:04:31.3460 PM,.0284
Read_SN,StationReportPlugin,isReporting,PASS,,Dec 5 2019 3:04:31.3490 PM,Dec 5 2019 3:04:31.3490 PM,0
Start_Data_Reporting,DRCB,startDataReporting,PASS,,Dec 5 2019 3:04:31.7970 PM,Dec 5 2019 3:04:31.8050 PM,.0084
Start_Control_Bit,DRCB,startControlBits,PASS,,Dec 5 2019 3:04:31.8100 PM,Dec 5 2019 3:04:32.1140 PM,.3044
BUILD_EVENT,SFCSupport,getAttribute,PASS,,Dec 5 2019 3:04:32.5710 PM,Dec 5 2019 3:04:32.6000 PM,.0285
BUILD_EVENT,SFCSupport,getAttribute,PASS,,Dec 5 2019 3:04:32.6020 PM,Dec 5 2019 3:04:32.6060 PM,.0046
BUILD_EVENT,SFCSupport,getAttribute,PASS,,Dec 5 2019 3:04:32.6080 PM,Dec 5 2019 3:04:32.6120 PM,.0037
BUILD_EVENT,SFCSupport,getAttribute,PASS,,Dec 5 2019 3:04:32.6130 PM,Dec 5 2019 3:04:32.6170 PM,.004
KAI_FW,KAI,sendCommand,PASS,,Dec 5 2019 3:04:32.6330 PM,Dec 5 2019 3:04:32.6460 PM,.0133
Check_MLB_SN,StationReportPlugin,appendReportData,PASS,,Dec 5 2019 3:04:33.6720 PM,Dec 5 2019 3:04:33.6720 PM,.0002
Program_STFW,StationReportPlugin,appendReportData,PASS,,Dec 5 2019 3:06:41.7630 PM,Dec 5 2019 3:06:41.7630 PM,.0002
Program_STFW,KAI,sendCommand,PASS,,Dec 5 2019 3:06:46.8340 PM,Dec 5 2019 3:06:46.9530 PM,.1189
Program_STFW,KAI,sendCommand,PASS,,Dec 5 2019 3:06:46.9540 PM,Dec 5 2019 3:06:46.9800 PM,.0259
Program_STFW,KAI,sendCommand,PASS,,Dec 5 2019 3:06:46.9820 PM,Dec 5 2019 3:06:46.9960 PM,.0145
Program_STFW,KAI,sendCommand,PASS,,Dec 5 2019 3:06:46.9980 PM,Dec 5 2019 3:06:47.0120 PM,.0143
Program_STFW,KAI,sendCommand,PASS,,Dec 5 2019 3:06:51.0870 PM,Dec 5 2019 3:06:51.2060 PM,.1186
Program_STFW,KAI,sendCommand,PASS,,Dec 5 2019 3:06:51.2080 PM,Dec 5 2019 3:06:51.2330 PM,.0253
Program_STFW,KAI,sendCommand,PASS,,Dec 5 2019 3:06:51.2340 PM,Dec 5 2019 3:06:51.2490 PM,.0145
Program_STFW,KAI,sendCommand,PASS,,Dec 5 2019 3:06:51.2500 PM,Dec 5 2019 3:06:51.2650 PM,.0146
Program_MTFW,StationReportPlugin,appendReportData,PASS,,Dec 5 2019 3:07:22.0520 PM,Dec 5 2019 3:07:22.0520 PM,.0001
Program_MTFW,KAI,sendCommand,PASS,,Dec 5 2019 3:07:32.0540 PM,Dec 5 2019 3:07:32.1720 PM,.1186
Program_MTFW,KAI,sendCommand,PASS,,Dec 5 2019 3:07:32.1740 PM,Dec 5 2019 3:07:32.2000 PM,.0259
Program_MTFW,KAI,sendCommand,PASS,,Dec 5 2019 3:07:32.2010 PM,Dec 5 2019 3:07:32.2160 PM,.0145
Program_MTFW,KAI,sendCommand,PASS,,Dec 5 2019 3:07:32.2170 PM,Dec 5 2019 3:07:32.2320 PM,.0145
Program_MTFW,KAI,sendCommand,PASS,,Dec 5 2019 3:07:36.2990 PM,Dec 5 2019 3:07:36.4180 PM,.1186
Program_MTFW,KAI,sendCommand,PASS,,Dec 5 2019 3:07:36.4190 PM,Dec 5 2019 3:07:36.4450 PM,.026
Program_MTFW,KAI,sendCommand,PASS,,Dec 5 2019 3:07:36.4460 PM,Dec 5 2019 3:07:36.4610 PM,.0146
Program_MTFW,KAI,sendCommand,PASS,,Dec 5 2019 3:07:36.4620 PM,Dec 5 2019 3:07:36.4770 PM,.0146
Program_CCG3FW,StationReportPlugin,appendReportData,PASS,,Dec 5 2019 3:08:23.7710 PM,Dec 5 2019 3:08:23.7710 PM,.0001
Program_CCG3FW,KAI,sendCommand,PASS,,Dec 5 2019 3:08:38.8470 PM,Dec 5 2019 3:08:38.9640 PM,.1164
Program_CCG3FW,KAI,sendCommand,PASS,,Dec 5 2019 3:08:38.9660 PM,Dec 5 2019 3:08:38.9930 PM,.0275
Program_CCG3FW,KAI,sendCommand,PASS,,Dec 5 2019 3:08:38.9950 PM,Dec 5 2019 3:08:39.0090 PM,.0146
Program_CCG3FW,KAI,sendCommand,PASS,,Dec 5 2019 3:08:39.0110 PM,Dec 5 2019 3:08:39.0250 PM,.0145
Finish_DRCB,DRCB,finish,PASS,,Dec 5 2019 3:08:45.3280 PM,Dec 5 2019 3:08:45.7980 PM,.4698
