Related Test,Name-1,Name-2,Name-3,Status,Info,Measurement,Units,Upper Limit,Lower Limit,Relaxed Upper Limit,Relaxed Lower Limit,Limit Units,Start Time,End Time,Duration (s)
Scan SN,,,,,,,,,,,,,Jul 24 2019 4:54:35.7550 PM,Jul 24 2019 4:54:54.6630 PM,18.9085
Scan SN,Scan SN,AtlasApp-Hyperion,show-form,PASS,,,,,,,,,Jul 24 2019 4:54:35.7560 PM,Jul 24 2019 4:54:54.6620 PM,18.9056
Fixture init,,,,,,,,,,,,,Jul 24 2019 4:54:54.6660 PM,Jul 24 2019 4:55:04.6710 PM,10.005
Fixture init,Fixture init,Fixture,changeDelimiter,PASS,,,,,,,,,Jul 24 2019 4:54:54.6680 PM,Jul 24 2019 4:54:54.6680 PM,0
Fixture init,Fixture init,Fixture,changeLineTerminator,PASS,,,,,,,,,Jul 24 2019 4:54:54.6700 PM,Jul 24 2019 4:54:54.6700 PM,0
Fixture init,Fixture init,Fixture,open,PASS,,,,,,,,,Jul 24 2019 4:54:54.6710 PM,Jul 24 2019 4:54:56.2690 PM,1.5982
Fixture init,Fixture init,Fixture,read,PASS,,,,,,,,,Jul 24 2019 4:54:56.2710 PM,Jul 24 2019 4:54:56.3000 PM,.0289
Fixture init,Fixture init,P203,changeDelimiter,PASS,,,,,,,,,Jul 24 2019 4:54:56.3020 PM,Jul 24 2019 4:54:56.3020 PM,0
Fixture init,Fixture init,P203,changeLineTerminator,PASS,,,,,,,,,Jul 24 2019 4:54:56.3040 PM,Jul 24 2019 4:54:56.3040 PM,0
Fixture init,Fixture init,P203,open,PASS,,,,,,,,,Jul 24 2019 4:54:56.3050 PM,Jul 24 2019 4:54:57.8990 PM,1.5939
Fixture init,Fixture init,P203,read,PASS,,,,,,,,,Jul 24 2019 4:54:57.9010 PM,Jul 24 2019 4:54:57.9300 PM,.0292
Fixture init,Fixture init,[Fixture] isReady,sendCommand,PASS,,,,,,,,,Jul 24 2019 4:54:57.9320 PM,Jul 24 2019 4:54:57.9370 PM,.0054
Fixture init,Fixture init,[Fixture] power on,sendCommand,PASS,,,,,,,,,Jul 24 2019 4:54:57.9390 PM,Jul 24 2019 4:54:57.9560 PM,.0173
Fixture init,Fixture init,[P203] ,sendCommand,PASS,,,,,,,,,Jul 24 2019 4:54:59.0270 PM,Jul 24 2019 4:54:59.0330 PM,.0064
Fixture init,Fixture init,[Fixture] Engage pogo,sendCommand,PASS,,,,,,,,,Jul 24 2019 4:54:59.0350 PM,Jul 24 2019 4:54:59.2630 PM,.2284
Fixture init,Fixture init,IOFileHandle,writeToFile,PASS,,,,,,,,,Jul 24 2019 4:55:01.4030 PM,Jul 24 2019 4:55:01.4030 PM,.0005
Fixture init,Fixture init,[HID] /usr/local/bin/hidreport -p 0x026F -i 0 get 0x12,,PASS,,,,,,,,,Jul 24 2019 4:55:01.4060 PM,Jul 24 2019 4:55:01.4060 PM,0
Fixture init,Fixture init,[Fixture] power off,sendCommand,PASS,,,,,,,,,Jul 24 2019 4:55:01.4090 PM,Jul 24 2019 4:55:01.4190 PM,.01
Fixture init,Fixture init,[Fixture] power on,sendCommand-2,PASS,,,,,,,,,Jul 24 2019 4:55:02.5060 PM,Jul 24 2019 4:55:02.5200 PM,.0144
Fixture init,Fixture init,[P203] ,sendCommand-2,PASS,,,,,,,,,Jul 24 2019 4:55:03.5960 PM,Jul 24 2019 4:55:03.5970 PM,.0008
Start Data Reporting,,,,,,,,,,,,,Jul 24 2019 4:55:04.6740 PM,Jul 24 2019 4:55:04.6870 PM,.0133
Start Data Reporting,Start Data Reporting,DRCB,StartDataReporting,PASS,,,,,,,,,Jul 24 2019 4:55:04.6770 PM,Jul 24 2019 4:55:04.6860 PM,.0088
Get SFC Info,,,,,,,,,,,,,Jul 24 2019 4:55:04.6890 PM,Jul 24 2019 4:55:04.7490 PM,.0595
Get SFC Info,Get SFC Info,SFCSupport,getAttributes,PASS,,,,,,,,,Jul 24 2019 4:55:04.6910 PM,Jul 24 2019 4:55:04.7180 PM,.0275
Get SFC Info,Get SFC Info,GET SFC info - pansa,DKB9247009JN5RQ0W,PASS,,,,,,,,,Jul 24 2019 4:55:04.7190 PM,Jul 24 2019 4:55:04.7190 PM,0
Get SFC Info,Get SFC Info,SFCSupport,getAttributes-2,PASS,,,,,,,,,Jul 24 2019 4:55:04.7210 PM,Jul 24 2019 4:55:04.7250 PM,.004
Get SFC Info,Get SFC Info,GET SFC info - sub_sn,,PASS,,,,,,,,,Jul 24 2019 4:55:04.7260 PM,Jul 24 2019 4:55:04.7260 PM,0
Get SFC Info,Get SFC Info,SFCSupport,getAttributes-3,PASS,,,,,,,,,Jul 24 2019 4:55:04.7270 PM,Jul 24 2019 4:55:04.7320 PM,.0045
Get SFC Info,Get SFC Info,GET SFC info - unit_lbl,R128-P1_P12-M3_P00264,PASS,,,,,,,,,Jul 24 2019 4:55:04.7340 PM,Jul 24 2019 4:55:04.7340 PM,0
Get SFC Info,Get SFC Info,SFCSupport,getAttributes-4,PASS,,,,,,,,,Jul 24 2019 4:55:04.7360 PM,Jul 24 2019 4:55:04.7400 PM,.0038
Get SFC Info,Get SFC Info,GET SFC info - wo_no,WCS-J6000C,PASS,,,,,,,,,Jul 24 2019 4:55:04.7410 PM,Jul 24 2019 4:55:04.7410 PM,0
Get SFC Info,Get SFC Info,SFCSupport,getAttributes-5,PASS,,,,,,,,,Jul 24 2019 4:55:04.7420 PM,Jul 24 2019 4:55:04.7460 PM,.004
Get SFC Info,Get SFC Info,GET SFC info - mlb_sn,DLX9246008CN4731N,PASS,,,,,,,,,Jul 24 2019 4:55:04.7480 PM,Jul 24 2019 4:55:04.7480 PM,0
BUILD EVENT,,,,,,,,,,,,,Jul 24 2019 4:55:04.7540 PM,Jul 24 2019 4:55:04.7550 PM,.0007
BUILD EVENT,BUILD EVENT,BUILD_EVENT,R128-P1,PASS,,,,,,,,,Jul 24 2019 4:55:04.7550 PM,Jul 24 2019 4:55:04.7550 PM,0
S_BUILD,,,,,,,,,,,,,Jul 24 2019 4:55:04.7570 PM,Jul 24 2019 4:55:04.7580 PM,.0007
S_BUILD,S_BUILD,S_BUILD,R128-P1_P12-M3,PASS,,,,,,,,,Jul 24 2019 4:55:04.7570 PM,Jul 24 2019 4:55:04.7570 PM,0
WO_SN,,,,,,,,,,,,,Jul 24 2019 4:55:04.7600 PM,Jul 24 2019 4:55:04.7610 PM,.0008
WO_SN,WO_SN,Get wo_no Pass,,PASS,,,,,,,,,Jul 24 2019 4:55:04.7610 PM,Jul 24 2019 4:55:04.7610 PM,0
UNIT LBL,,,,,,,,,,,,,Jul 24 2019 4:55:04.7630 PM,Jul 24 2019 4:55:04.7640 PM,.0008
UNIT LBL,UNIT LBL,Get unit_lbl Pass,,PASS,,,,,,,,,Jul 24 2019 4:55:04.7640 PM,Jul 24 2019 4:55:04.7640 PM,0
Endpoint init,,,,,,,,,,,,,Jul 24 2019 4:55:04.7660 PM,Jul 24 2019 4:55:07.3150 PM,2.5491
Endpoint init,Endpoint init,IOFileHandle,writeToFile,PASS,,,,,,,,,Jul 24 2019 4:55:05.1330 PM,Jul 24 2019 4:55:05.1330 PM,.0001
Endpoint init,Endpoint init,[HID] /usr/local/bin/hidreport -p 0x026F -i 0 set 0x3D 0x3D 0x13 0x0 0x0 0x0,,PASS,,,,,,,,,Jul 24 2019 4:55:05.1340 PM,Jul 24 2019 4:55:05.1340 PM,0
Endpoint init,Endpoint init,IOFileHandle,writeToFile-2,PASS,,,,,,,,,Jul 24 2019 4:55:05.2090 PM,Jul 24 2019 4:55:05.2090 PM,.0001
Endpoint init,Endpoint init,[HID] /usr/local/bin/hidreport -p 0x026F -i 0 set 0x3E 0x3E 0x13 0x0 0x0 0x0 0x2,,PASS,,,,,,,,,Jul 24 2019 4:55:05.2100 PM,Jul 24 2019 4:55:05.2100 PM,0
Endpoint init,Endpoint init,[Fixture] power off,sendCommand,PASS,,,,,,,,,Jul 24 2019 4:55:05.2110 PM,Jul 24 2019 4:55:05.2190 PM,.0081
Endpoint init,Endpoint init,[Fixture] power on,sendCommand,PASS,,,,,,,,,Jul 24 2019 4:55:06.2890 PM,Jul 24 2019 4:55:06.3050 PM,.0159
Endpoint init,Endpoint init,[P203] ,sendCommand,PASS,,,,,,,,,Jul 24 2019 4:55:07.3140 PM,Jul 24 2019 4:55:07.3150 PM,.0008
Auth Check,,,,,,,,,,,,,Jul 24 2019 4:55:07.3170 PM,Jul 24 2019 4:55:11.4910 PM,4.1736
Auth Check,Auth Check,P203,read,PASS,,,,,,,,,Jul 24 2019 4:55:07.3190 PM,Jul 24 2019 4:55:07.3190 PM,.0001
Auth Check,Auth Check,P203,read-2,PASS,,,,,,,,,Jul 24 2019 4:55:07.3200 PM,Jul 24 2019 4:55:07.3280 PM,.0075
Auth Check,Auth Check,P203,read-3,PASS,,,,,,,,,Jul 24 2019 4:55:07.3290 PM,Jul 24 2019 4:55:07.3300 PM,.0003
Auth Check,Auth Check,P203,read-4,PASS,,,,,,,,,Jul 24 2019 4:55:07.3310 PM,Jul 24 2019 4:55:07.3550 PM,.0238
Auth Check,Auth Check,[P203] aid tx bd 1 3 24 71 3 10 0 00,sendCommandChars,PASS,,,,,,,,,Jul 24 2019 4:55:07.3560 PM,Jul 24 2019 4:55:07.3940 PM,.0377
Auth Check,Auth Check,P203,read-5,PASS,,,,,,,,,Jul 24 2019 4:55:07.3970 PM,Jul 24 2019 4:55:07.3970 PM,.0002
Auth Check,Auth Check,P203,read-6,PASS,,,,,,,,,Jul 24 2019 4:55:07.3990 PM,Jul 24 2019 4:55:07.4240 PM,.0249
Auth Check,Auth Check,P203,read-7,PASS,,,,,,,,,Jul 24 2019 4:55:07.4280 PM,Jul 24 2019 4:55:07.4540 PM,.0262
Auth Check,Auth Check,[P203] aid tx bd 2 2 24 71 3 10 8,sendCommandChars,PASS,,,,,,,,,Jul 24 2019 4:55:07.4560 PM,Jul 24 2019 4:55:07.5210 PM,.0651
Auth Check,Auth Check,1. Fetch device info,,PASS,,,,,,,,,Jul 24 2019 4:55:07.5230 PM,Jul 24 2019 4:55:07.5230 PM,0
Auth Check,Auth Check,      version: 0x07,,PASS,,,,,,,,,Jul 24 2019 4:55:07.5230 PM,Jul 24 2019 4:55:07.5230 PM,0
Auth Check,Auth Check,auth revision: 0x01,,PASS,,,,,,,,,Jul 24 2019 4:55:07.5230 PM,Jul 24 2019 4:55:07.5230 PM,0
Auth Check,Auth Check,auth protocol: 0x0300,,PASS,,,,,,,,,Jul 24 2019 4:55:07.5230 PM,Jul 24 2019 4:55:07.5230 PM,0
Auth Check,Auth Check,    device ID: 0x00000300,,PASS,,,,,,,,,Jul 24 2019 4:55:07.5230 PM,Jul 24 2019 4:55:07.5230 PM,0
Auth Check,Auth Check,P203,read-8,PASS,,,,,,,,,Jul 24 2019 4:55:07.5240 PM,Jul 24 2019 4:55:07.5250 PM,.0001
Auth Check,Auth Check,P203,read-9,PASS,,,,,,,,,Jul 24 2019 4:55:07.5260 PM,Jul 24 2019 4:55:07.5500 PM,.0238
Auth Check,Auth Check,[P203] aid tx bd 3 3 24 71 3 10 0 30,sendCommandChars,PASS,,,,,,,,,Jul 24 2019 4:55:07.5520 PM,Jul 24 2019 4:55:07.5870 PM,.0353
Auth Check,Auth Check,P203,read-10,PASS,,,,,,,,,Jul 24 2019 4:55:07.5890 PM,Jul 24 2019 4:55:07.5900 PM,.0002
Auth Check,Auth Check,P203,read-11,PASS,,,,,,,,,Jul 24 2019 4:55:07.5910 PM,Jul 24 2019 4:55:07.6150 PM,.0238
Auth Check,Auth Check,P203,read-12,PASS,,,,,,,,,Jul 24 2019 4:55:07.6170 PM,Jul 24 2019 4:55:07.6450 PM,.0284
Auth Check,Auth Check,[P203] aid tx bd 4 2 24 71 3 10 2,sendCommandChars,PASS,,,,,,,,,Jul 24 2019 4:55:07.6470 PM,Jul 24 2019 4:55:07.6810 PM,.034
Auth Check,Auth Check,2. Fetch cert length,,PASS,,,,,,,,,Jul 24 2019 4:55:07.6830 PM,Jul 24 2019 4:55:07.6830 PM,0
Auth Check,Auth Check,P203,read-13,PASS,,,,,,,,,Jul 24 2019 4:55:07.6840 PM,Jul 24 2019 4:55:07.6840 PM,.0002
Auth Check,Auth Check,P203,read-14,PASS,,,,,,,,,Jul 24 2019 4:55:07.6860 PM,Jul 24 2019 4:55:07.7130 PM,.0277
Auth Check,Auth Check,[P203] aid tx bd 5 3 24 71 3 10 0 31,sendCommandChars,PASS,,,,,,,,,Jul 24 2019 4:55:07.7150 PM,Jul 24 2019 4:55:07.7500 PM,.0356
Auth Check,Auth Check,P203,read-15,PASS,,,,,,,,,Jul 24 2019 4:55:07.7530 PM,Jul 24 2019 4:55:07.7530 PM,.0002
Auth Check,Auth Check,P203,read-16,PASS,,,,,,,,,Jul 24 2019 4:55:07.7540 PM,Jul 24 2019 4:55:07.7750 PM,.0213
Auth Check,Auth Check,P203,read-17,PASS,,,,,,,,,Jul 24 2019 4:55:07.7770 PM,Jul 24 2019 4:55:07.8060 PM,.0287
Auth Check,Auth Check,[P203] aid tx bd 6 2 24 71 3 10 23,sendCommandChars,PASS,,,,,,,,,Jul 24 2019 4:55:07.8080 PM,Jul 24 2019 4:55:07.8450 PM,.0374
Auth Check,Auth Check,P203,read-18,PASS,,,,,,,,,Jul 24 2019 4:55:07.8480 PM,Jul 24 2019 4:55:07.8480 PM,.0001
Auth Check,Auth Check,P203,read-19,PASS,,,,,,,,,Jul 24 2019 4:55:07.8490 PM,Jul 24 2019 4:55:07.8770 PM,.0273
Auth Check,Auth Check,P203,read-20,PASS,,,,,,,,,Jul 24 2019 4:55:07.8810 PM,Jul 24 2019 4:55:07.9060 PM,.0248
Auth Check,Auth Check,[P203] aid tx bd 7 2 24 71 3 10 23,sendCommandChars,PASS,,,,,,,,,Jul 24 2019 4:55:07.9070 PM,Jul 24 2019 4:55:07.9430 PM,.0359
Auth Check,Auth Check,P203,read-21,PASS,,,,,,,,,Jul 24 2019 4:55:07.9460 PM,Jul 24 2019 4:55:07.9460 PM,.0002
Auth Check,Auth Check,P203,read-22,PASS,,,,,,,,,Jul 24 2019 4:55:07.9470 PM,Jul 24 2019 4:55:07.9750 PM,.0277
Auth Check,Auth Check,P203,read-23,PASS,,,,,,,,,Jul 24 2019 4:55:07.9770 PM,Jul 24 2019 4:55:08.0040 PM,.0271
Auth Check,Auth Check,[P203] aid tx bd 8 2 24 71 3 10 23,sendCommandChars,PASS,,,,,,,,,Jul 24 2019 4:55:08.0060 PM,Jul 24 2019 4:55:08.0410 PM,.0355
Auth Check,Auth Check,P203,read-24,PASS,,,,,,,,,Jul 24 2019 4:55:08.0440 PM,Jul 24 2019 4:55:08.0440 PM,.0001
Auth Check,Auth Check,P203,read-25,PASS,,,,,,,,,Jul 24 2019 4:55:08.0450 PM,Jul 24 2019 4:55:08.0670 PM,.0217
Auth Check,Auth Check,P203,read-26,PASS,,,,,,,,,Jul 24 2019 4:55:08.0690 PM,Jul 24 2019 4:55:08.0970 PM,.0284
Auth Check,Auth Check,[P203] aid tx bd 9 2 24 71 3 10 17,sendCommandChars,PASS,,,,,,,,,Jul 24 2019 4:55:08.0990 PM,Jul 24 2019 4:55:08.1360 PM,.0365
Auth Check,Auth Check,P203,read-27,PASS,,,,,,,,,Jul 24 2019 4:55:08.1390 PM,Jul 24 2019 4:55:08.1390 PM,.0001
Auth Check,Auth Check,P203,read-28,PASS,,,,,,,,,Jul 24 2019 4:55:08.1410 PM,Jul 24 2019 4:55:08.1670 PM,.0268
Auth Check,Auth Check,[P203] aid tx bd a 3 24 71 3 10 0 32,sendCommandChars,PASS,,,,,,,,,Jul 24 2019 4:55:08.1690 PM,Jul 24 2019 4:55:08.2030 PM,.0341
Auth Check,Auth Check,P203,read-29,PASS,,,,,,,,,Jul 24 2019 4:55:08.2060 PM,Jul 24 2019 4:55:08.2060 PM,.0001
Auth Check,Auth Check,P203,read-30,PASS,,,,,,,,,Jul 24 2019 4:55:08.2070 PM,Jul 24 2019 4:55:08.2270 PM,.0204
Auth Check,Auth Check,P203,read-31,PASS,,,,,,,,,Jul 24 2019 4:55:08.2300 PM,Jul 24 2019 4:55:08.2570 PM,.0277
Auth Check,Auth Check,[P203] aid tx bd b 2 24 71 3 10 23,sendCommandChars,PASS,,,,,,,,,Jul 24 2019 4:55:08.2590 PM,Jul 24 2019 4:55:08.2950 PM,.036
Auth Check,Auth Check,P203,read-32,PASS,,,,,,,,,Jul 24 2019 4:55:08.2970 PM,Jul 24 2019 4:55:08.2970 PM,.0001
Auth Check,Auth Check,P203,read-33,PASS,,,,,,,,,Jul 24 2019 4:55:08.2990 PM,Jul 24 2019 4:55:08.3280 PM,.0291
Auth Check,Auth Check,P203,read-34,PASS,,,,,,,,,Jul 24 2019 4:55:08.3310 PM,Jul 24 2019 4:55:08.3580 PM,.027
Auth Check,Auth Check,[P203] aid tx bd c 2 24 71 3 10 23,sendCommandChars,PASS,,,,,,,,,Jul 24 2019 4:55:08.3590 PM,Jul 24 2019 4:55:08.3950 PM,.0354
Auth Check,Auth Check,P203,read-35,PASS,,,,,,,,,Jul 24 2019 4:55:08.3970 PM,Jul 24 2019 4:55:08.3970 PM,.0001
Auth Check,Auth Check,P203,read-36,PASS,,,,,,,,,Jul 24 2019 4:55:08.3990 PM,Jul 24 2019 4:55:08.4280 PM,.0296
Auth Check,Auth Check,P203,read-37,PASS,,,,,,,,,Jul 24 2019 4:55:08.4300 PM,Jul 24 2019 4:55:08.4580 PM,.0281
Auth Check,Auth Check,[P203] aid tx bd d 2 24 71 3 10 23,sendCommandChars,PASS,,,,,,,,,Jul 24 2019 4:55:08.4600 PM,Jul 24 2019 4:55:08.4960 PM,.0358
Auth Check,Auth Check,P203,read-38,PASS,,,,,,,,,Jul 24 2019 4:55:08.4980 PM,Jul 24 2019 4:55:08.4980 PM,.0001
Auth Check,Auth Check,P203,read-39,PASS,,,,,,,,,Jul 24 2019 4:55:08.4990 PM,Jul 24 2019 4:55:08.5290 PM,.0293
Auth Check,Auth Check,P203,read-40,PASS,,,,,,,,,Jul 24 2019 4:55:08.5310 PM,Jul 24 2019 4:55:08.5540 PM,.0231
Auth Check,Auth Check,[P203] aid tx bd e 2 24 71 3 10 17,sendCommandChars,PASS,,,,,,,,,Jul 24 2019 4:55:08.5550 PM,Jul 24 2019 4:55:08.5910 PM,.0352
Auth Check,Auth Check,P203,read-41,PASS,,,,,,,,,Jul 24 2019 4:55:08.5940 PM,Jul 24 2019 4:55:08.5940 PM,.0001
Auth Check,Auth Check,P203,read-42,PASS,,,,,,,,,Jul 24 2019 4:55:08.5950 PM,Jul 24 2019 4:55:08.6190 PM,.0243
Auth Check,Auth Check,[P203] aid tx bd f 3 24 71 3 10 0 33,sendCommandChars,PASS,,,,,,,,,Jul 24 2019 4:55:08.6210 PM,Jul 24 2019 4:55:08.6560 PM,.0349
Auth Check,Auth Check,P203,read-43,PASS,,,,,,,,,Jul 24 2019 4:55:08.6580 PM,Jul 24 2019 4:55:08.6580 PM,.0001
Auth Check,Auth Check,P203,read-44,PASS,,,,,,,,,Jul 24 2019 4:55:08.6600 PM,Jul 24 2019 4:55:08.6890 PM,.0297
Auth Check,Auth Check,P203,read-45,PASS,,,,,,,,,Jul 24 2019 4:55:08.6910 PM,Jul 24 2019 4:55:08.7200 PM,.0283
Auth Check,Auth Check,[P203] aid tx bd 10 2 24 71 3 10 23,sendCommandChars,PASS,,,,,,,,,Jul 24 2019 4:55:08.7210 PM,Jul 24 2019 4:55:08.7560 PM,.0352
Auth Check,Auth Check,P203,read-46,PASS,,,,,,,,,Jul 24 2019 4:55:08.7590 PM,Jul 24 2019 4:55:08.7590 PM,.0001
Auth Check,Auth Check,P203,read-47,PASS,,,,,,,,,Jul 24 2019 4:55:08.7610 PM,Jul 24 2019 4:55:08.7830 PM,.0225
Auth Check,Auth Check,P203,read-48,PASS,,,,,,,,,Jul 24 2019 4:55:08.7850 PM,Jul 24 2019 4:55:08.8100 PM,.0251
Auth Check,Auth Check,[P203] aid tx bd 11 2 24 71 3 10 23,sendCommandChars,PASS,,,,,,,,,Jul 24 2019 4:55:08.8110 PM,Jul 24 2019 4:55:08.8470 PM,.0359
Auth Check,Auth Check,P203,read-49,PASS,,,,,,,,,Jul 24 2019 4:55:08.8500 PM,Jul 24 2019 4:55:08.8500 PM,.0001
Auth Check,Auth Check,P203,read-50,PASS,,,,,,,,,Jul 24 2019 4:55:08.8510 PM,Jul 24 2019 4:55:08.8820 PM,.031
Auth Check,Auth Check,P203,read-51,PASS,,,,,,,,,Jul 24 2019 4:55:08.8870 PM,Jul 24 2019 4:55:08.9100 PM,.0235
Auth Check,Auth Check,[P203] aid tx bd 12 2 24 71 3 10 23,sendCommandChars,PASS,,,,,,,,,Jul 24 2019 4:55:08.9120 PM,Jul 24 2019 4:55:08.9470 PM,.0354
Auth Check,Auth Check,P203,read-52,PASS,,,,,,,,,Jul 24 2019 4:55:08.9500 PM,Jul 24 2019 4:55:08.9500 PM,.0002
Auth Check,Auth Check,P203,read-53,PASS,,,,,,,,,Jul 24 2019 4:55:08.9510 PM,Jul 24 2019 4:55:08.9810 PM,.0294
Auth Check,Auth Check,P203,read-54,PASS,,,,,,,,,Jul 24 2019 4:55:08.9830 PM,Jul 24 2019 4:55:09.0110 PM,.0282
Auth Check,Auth Check,[P203] aid tx bd 13 2 24 71 3 10 17,sendCommandChars,PASS,,,,,,,,,Jul 24 2019 4:55:09.0120 PM,Jul 24 2019 4:55:09.0470 PM,.0348
Auth Check,Auth Check,P203,read-55,PASS,,,,,,,,,Jul 24 2019 4:55:09.0500 PM,Jul 24 2019 4:55:09.0500 PM,.0001
Auth Check,Auth Check,P203,read-56,PASS,,,,,,,,,Jul 24 2019 4:55:09.0520 PM,Jul 24 2019 4:55:09.0810 PM,.0294
Auth Check,Auth Check,[P203] aid tx bd 14 3 24 71 3 10 0 34,sendCommandChars,PASS,,,,,,,,,Jul 24 2019 4:55:09.0820 PM,Jul 24 2019 4:55:09.1180 PM,.0358
Auth Check,Auth Check,P203,read-57,PASS,,,,,,,,,Jul 24 2019 4:55:09.1210 PM,Jul 24 2019 4:55:09.1210 PM,.0002
Auth Check,Auth Check,P203,read-58,PASS,,,,,,,,,Jul 24 2019 4:55:09.1220 PM,Jul 24 2019 4:55:09.1510 PM,.0293
Auth Check,Auth Check,P203,read-59,PASS,,,,,,,,,Jul 24 2019 4:55:09.1530 PM,Jul 24 2019 4:55:09.1820 PM,.0282
Auth Check,Auth Check,[P203] aid tx bd 15 2 24 71 3 10 23,sendCommandChars,PASS,,,,,,,,,Jul 24 2019 4:55:09.1830 PM,Jul 24 2019 4:55:09.2180 PM,.0347
Auth Check,Auth Check,P203,read-60,PASS,,,,,,,,,Jul 24 2019 4:55:09.2210 PM,Jul 24 2019 4:55:09.2220 PM,.0002
Auth Check,Auth Check,P203,read-61,PASS,,,,,,,,,Jul 24 2019 4:55:09.2230 PM,Jul 24 2019 4:55:09.2520 PM,.0288
Auth Check,Auth Check,P203,read-62,PASS,,,,,,,,,Jul 24 2019 4:55:09.2540 PM,Jul 24 2019 4:55:09.2820 PM,.0283
Auth Check,Auth Check,[P203] aid tx bd 16 2 24 71 3 10 23,sendCommandChars,PASS,,,,,,,,,Jul 24 2019 4:55:09.2830 PM,Jul 24 2019 4:55:09.3180 PM,.0343
Auth Check,Auth Check,P203,read-63,PASS,,,,,,,,,Jul 24 2019 4:55:09.3200 PM,Jul 24 2019 4:55:09.3210 PM,.0002
Auth Check,Auth Check,P203,read-64,PASS,,,,,,,,,Jul 24 2019 4:55:09.3220 PM,Jul 24 2019 4:55:09.3520 PM,.0302
Auth Check,Auth Check,P203,read-65,PASS,,,,,,,,,Jul 24 2019 4:55:09.3540 PM,Jul 24 2019 4:55:09.3820 PM,.0275
Auth Check,Auth Check,[P203] aid tx bd 17 2 24 71 3 10 23,sendCommandChars,PASS,,,,,,,,,Jul 24 2019 4:55:09.3830 PM,Jul 24 2019 4:55:09.4200 PM,.0365
Auth Check,Auth Check,P203,read-66,PASS,,,,,,,,,Jul 24 2019 4:55:09.4220 PM,Jul 24 2019 4:55:09.4230 PM,.0002
Auth Check,Auth Check,P203,read-67,PASS,,,,,,,,,Jul 24 2019 4:55:09.4240 PM,Jul 24 2019 4:55:09.4520 PM,.0285
Auth Check,Auth Check,P203,read-68,PASS,,,,,,,,,Jul 24 2019 4:55:09.4540 PM,Jul 24 2019 4:55:09.4800 PM,.0259
Auth Check,Auth Check,[P203] aid tx bd 18 2 24 71 3 10 17,sendCommandChars,PASS,,,,,,,,,Jul 24 2019 4:55:09.4820 PM,Jul 24 2019 4:55:09.5180 PM,.0359
Auth Check,Auth Check,P203,read-69,PASS,,,,,,,,,Jul 24 2019 4:55:09.5210 PM,Jul 24 2019 4:55:09.5210 PM,.0002
Auth Check,Auth Check,P203,read-70,PASS,,,,,,,,,Jul 24 2019 4:55:09.5220 PM,Jul 24 2019 4:55:09.5440 PM,.022
Auth Check,Auth Check,[P203] aid tx bd 19 3 24 71 3 10 0 35,sendCommandChars,PASS,,,,,,,,,Jul 24 2019 4:55:09.5460 PM,Jul 24 2019 4:55:09.5830 PM,.0368
Auth Check,Auth Check,P203,read-71,PASS,,,,,,,,,Jul 24 2019 4:55:09.5850 PM,Jul 24 2019 4:55:09.5850 PM,.0001
Auth Check,Auth Check,P203,read-72,PASS,,,,,,,,,Jul 24 2019 4:55:09.5860 PM,Jul 24 2019 4:55:09.6110 PM,.0247
Auth Check,Auth Check,P203,read-73,PASS,,,,,,,,,Jul 24 2019 4:55:09.6130 PM,Jul 24 2019 4:55:09.6430 PM,.0299
Auth Check,Auth Check,[P203] aid tx bd 1a 2 24 71 3 10 23,sendCommandChars,PASS,,,,,,,,,Jul 24 2019 4:55:09.6440 PM,Jul 24 2019 4:55:09.6800 PM,.036
Auth Check,Auth Check,P203,read-74,PASS,,,,,,,,,Jul 24 2019 4:55:09.6830 PM,Jul 24 2019 4:55:09.6830 PM,.0001
Auth Check,Auth Check,P203,read-75,PASS,,,,,,,,,Jul 24 2019 4:55:09.6840 PM,Jul 24 2019 4:55:09.7130 PM,.029
Auth Check,Auth Check,P203,read-76,PASS,,,,,,,,,Jul 24 2019 4:55:09.7160 PM,Jul 24 2019 4:55:09.7440 PM,.0282
Auth Check,Auth Check,[P203] aid tx bd 1b 2 24 71 3 10 23,sendCommandChars,PASS,,,,,,,,,Jul 24 2019 4:55:09.7450 PM,Jul 24 2019 4:55:09.7800 PM,.0353
Auth Check,Auth Check,P203,read-77,PASS,,,,,,,,,Jul 24 2019 4:55:09.7830 PM,Jul 24 2019 4:55:09.7830 PM,.0002
Auth Check,Auth Check,P203,read-78,PASS,,,,,,,,,Jul 24 2019 4:55:09.7850 PM,Jul 24 2019 4:55:09.8120 PM,.0273
Auth Check,Auth Check,P203,read-79,PASS,,,,,,,,,Jul 24 2019 4:55:09.8140 PM,Jul 24 2019 4:55:09.8440 PM,.0299
Auth Check,Auth Check,[P203] aid tx bd 1c 2 24 71 3 10 1a,sendCommandChars,PASS,,,,,,,,,Jul 24 2019 4:55:09.8460 PM,Jul 24 2019 4:55:09.8800 PM,.0346
Auth Check,Auth Check,3. Fetch cert,,PASS,,,,,,,,,Jul 24 2019 4:55:09.8820 PM,Jul 24 2019 4:55:09.8820 PM,0
Auth Check,Auth Check,IOFileHandle,writeCertFile,PASS,,,,,,,,,Jul 24 2019 4:55:09.8870 PM,Jul 24 2019 4:55:09.8930 PM,.0059
Auth Check,Auth Check,4. Save cert,,PASS,,,,,,,,,Jul 24 2019 4:55:09.8940 PM,Jul 24 2019 4:55:09.8940 PM,0
Auth Check,Auth Check,[HID] /usr/local/bin/mfi-cert validate-cert v3 /Users/gdlocal/Intelli_Log/cert.der,,PASS,,,,,,,,,Jul 24 2019 4:55:09.9380 PM,Jul 24 2019 4:55:09.9380 PM,0
Auth Check,Auth Check,5. Validate cert,,PASS,,,,,,,,,Jul 24 2019 4:55:09.9380 PM,Jul 24 2019 4:55:09.9380 PM,0
Auth Check,Auth Check,[HID] /usr/local/bin/mfi-cert gen-challenge /Users/gdlocal/Intelli_Log/cert.der /Users/gdlocal/Intelli_Log/challenge.bin,,PASS,,,,,,,,,Jul 24 2019 4:55:09.9760 PM,Jul 24 2019 4:55:09.9760 PM,0
Auth Check,Auth Check,6. Generate challenge,,PASS,,,,,,,,,Jul 24 2019 4:55:09.9770 PM,Jul 24 2019 4:55:09.9770 PM,0
Auth Check,Auth Check,P203,read-80,PASS,,,,,,,,,Jul 24 2019 4:55:09.9860 PM,Jul 24 2019 4:55:09.9870 PM,.0002
Auth Check,Auth Check,P203,read-81,PASS,,,,,,,,,Jul 24 2019 4:55:09.9880 PM,Jul 24 2019 4:55:10.0140 PM,.0261
Auth Check,Auth Check,[P203] aid tx bd 1d 5 24 71 3 10 0 20 00 20,sendCommandChars,PASS,,,,,,,,,Jul 24 2019 4:55:10.0160 PM,Jul 24 2019 4:55:10.0540 PM,.0386
Auth Check,Auth Check,P203,read-82,PASS,,,,,,,,,Jul 24 2019 4:55:10.0580 PM,Jul 24 2019 4:55:10.0580 PM,.0002
Auth Check,Auth Check,P203,read-83,PASS,,,,,,,,,Jul 24 2019 4:55:10.0600 PM,Jul 24 2019 4:55:10.0810 PM,.0213
Auth Check,Auth Check,[P203] aid tx bd 1e 23 24 71 3 10 0 21 ec 65 71 8e b9 0f 11 f1 39 97 d0 13 c0 a7 ad 82 19 d3 9d b9 14 8a 57 e1 69 11 29 92 d9 43 17 e7,sendCommandChars,PASS,,,,,,,,,Jul 24 2019 4:55:10.0820 PM,Jul 24 2019 4:55:10.1580 PM,.0754
Auth Check,Auth Check,P203,read-84,PASS,,,,,,,,,Jul 24 2019 4:55:10.1610 PM,Jul 24 2019 4:55:10.1610 PM,.0001
Auth Check,Auth Check,P203,read-85,PASS,,,,,,,,,Jul 24 2019 4:55:10.1620 PM,Jul 24 2019 4:55:10.1850 PM,.0224
Auth Check,Auth Check,[P203] aid tx bd 1f 4 24 71 3 10 0 10 01,sendCommandChars,PASS,,,,,,,,,Jul 24 2019 4:55:10.1860 PM,Jul 24 2019 4:55:10.2240 PM,.0375
Auth Check,Auth Check,P203,read-86,PASS,,,,,,,,,Jul 24 2019 4:55:10.8000 PM,Jul 24 2019 4:55:10.8000 PM,.0002
Auth Check,Auth Check,P203,read-87,PASS,,,,,,,,,Jul 24 2019 4:55:10.8010 PM,Jul 24 2019 4:55:10.8290 PM,.0274
Auth Check,Auth Check,[P203] aid tx bd 20 3 24 71 3 10 0 10,sendCommandChars,PASS,,,,,,,,,Jul 24 2019 4:55:10.8300 PM,Jul 24 2019 4:55:10.8820 PM,.0516
Auth Check,Auth Check,P203,read-88,PASS,,,,,,,,,Jul 24 2019 4:55:10.8840 PM,Jul 24 2019 4:55:10.8970 PM,.013
Auth Check,Auth Check,P203,read-89,PASS,,,,,,,,,Jul 24 2019 4:55:10.8980 PM,Jul 24 2019 4:55:10.9190 PM,.0204
Auth Check,Auth Check,P203,read-90,PASS,,,,,,,,,Jul 24 2019 4:55:10.9210 PM,Jul 24 2019 4:55:10.9490 PM,.0281
Auth Check,Auth Check,[P203] aid tx bd 21 2 24 71 3 10 1,sendCommandChars,PASS,,,,,,,,,Jul 24 2019 4:55:10.9500 PM,Jul 24 2019 4:55:10.9840 PM,.0335
Auth Check,Auth Check,7. Send challenge,,PASS,,,,,,,,,Jul 24 2019 4:55:10.9870 PM,Jul 24 2019 4:55:10.9870 PM,0
Auth Check,Auth Check,P203,read-91,PASS,,,,,,,,,Jul 24 2019 4:55:10.9880 PM,Jul 24 2019 4:55:10.9880 PM,.0002
Auth Check,Auth Check,P203,read-92,PASS,,,,,,,,,Jul 24 2019 4:55:10.9900 PM,Jul 24 2019 4:55:11.0190 PM,.0295
Auth Check,Auth Check,[P203] aid tx bd 22 3 24 71 3 10 0 11,sendCommandChars,PASS,,,,,,,,,Jul 24 2019 4:55:11.0210 PM,Jul 24 2019 4:55:11.0560 PM,.0353
Auth Check,Auth Check,P203,read-93,PASS,,,,,,,,,Jul 24 2019 4:55:11.0580 PM,Jul 24 2019 4:55:11.0590 PM,.0001
Auth Check,Auth Check,P203,read-94,PASS,,,,,,,,,Jul 24 2019 4:55:11.0600 PM,Jul 24 2019 4:55:11.0810 PM,.0208
Auth Check,Auth Check,P203,read-95,PASS,,,,,,,,,Jul 24 2019 4:55:11.0830 PM,Jul 24 2019 4:55:11.1100 PM,.0271
Auth Check,Auth Check,[P203] aid tx bd 23 2 24 71 3 10 2,sendCommandChars,PASS,,,,,,,,,Jul 24 2019 4:55:11.1110 PM,Jul 24 2019 4:55:11.1470 PM,.0357
Auth Check,Auth Check,P203,read-96,PASS,,,,,,,,,Jul 24 2019 4:55:11.1500 PM,Jul 24 2019 4:55:11.1500 PM,.0002
Auth Check,Auth Check,P203,read-97,PASS,,,,,,,,,Jul 24 2019 4:55:11.1520 PM,Jul 24 2019 4:55:11.1800 PM,.0283
Auth Check,Auth Check,[P203] aid tx bd 24 3 24 71 3 10 0 12,sendCommandChars,PASS,,,,,,,,,Jul 24 2019 4:55:11.1820 PM,Jul 24 2019 4:55:11.2170 PM,.0353
Auth Check,Auth Check,P203,read-98,PASS,,,,,,,,,Jul 24 2019 4:55:11.2190 PM,Jul 24 2019 4:55:11.2190 PM,.0001
Auth Check,Auth Check,P203,read-99,PASS,,,,,,,,,Jul 24 2019 4:55:11.2210 PM,Jul 24 2019 4:55:11.2490 PM,.028
Auth Check,Auth Check,P203,read-100,PASS,,,,,,,,,Jul 24 2019 4:55:11.2510 PM,Jul 24 2019 4:55:11.2800 PM,.0296
Auth Check,Auth Check,[P203] aid tx bd 25 2 24 71 3 10 23,sendCommandChars,PASS,,,,,,,,,Jul 24 2019 4:55:11.2820 PM,Jul 24 2019 4:55:11.3180 PM,.036
Auth Check,Auth Check,P203,read-101,PASS,,,,,,,,,Jul 24 2019 4:55:11.3210 PM,Jul 24 2019 4:55:11.3210 PM,.0001
Auth Check,Auth Check,P203,read-102,PASS,,,,,,,,,Jul 24 2019 4:55:11.3220 PM,Jul 24 2019 4:55:11.3510 PM,.0284
Auth Check,Auth Check,P203,read-103,PASS,,,,,,,,,Jul 24 2019 4:55:11.3520 PM,Jul 24 2019 4:55:11.3810 PM,.0283
Auth Check,Auth Check,[P203] aid tx bd 26 2 24 71 3 10 1d,sendCommandChars,PASS,,,,,,,,,Jul 24 2019 4:55:11.3820 PM,Jul 24 2019 4:55:11.4180 PM,.0352
Auth Check,Auth Check,IOFileHandle,writeCertFile-2,PASS,,,,,,,,,Jul 24 2019 4:55:11.4200 PM,Jul 24 2019 4:55:11.4210 PM,.0009
Auth Check,Auth Check,8. Get challenge response,,PASS,,,,,,,,,Jul 24 2019 4:55:11.4220 PM,Jul 24 2019 4:55:11.4220 PM,0
Auth Check,Auth Check,[HID] /usr/local/bin/mfi-cert verify-response /Users/gdlocal/Intelli_Log/cert.der /Users/gdlocal/Intelli_Log/challenge.bin /Users/gdlocal/Intelli_Log/challenge_resp.bin,,PASS,,,,,,,,,Jul 24 2019 4:55:11.4900 PM,Jul 24 2019 4:55:11.4900 PM,0
Auth Check,Auth Check,9. Verify challenge response,,PASS,,,,,,,,,Jul 24 2019 4:55:11.4900 PM,Jul 24 2019 4:55:11.4900 PM,0
Query MLB SN,,,,,,,,,,,,,Jul 24 2019 4:55:11.4960 PM,Jul 24 2019 4:55:11.4970 PM,.0008
Query MLB SN,Query MLB SN,Query MLB SN,DLX9246008CN4731N,PASS,,,,,,,,,Jul 24 2019 4:55:11.4970 PM,Jul 24 2019 4:55:11.4970 PM,0
Read MLB SN,,,,,,,,,,,,,Jul 24 2019 4:55:11.4990 PM,Jul 24 2019 4:55:11.5650 PM,.0661
Read MLB SN,Read MLB SN,IOFileHandle,writeToFile,PASS,,,,,,,,,Jul 24 2019 4:55:11.5600 PM,Jul 24 2019 4:55:11.5600 PM,.0001
Read MLB SN,Read MLB SN,[HID] /usr/local/bin/hidreport -p 0x026F -i 0 get 0x12,,PASS,,,,,,,,,Jul 24 2019 4:55:11.5610 PM,Jul 24 2019 4:55:11.5610 PM,0
Read MLB SN,Read MLB SN,Read MLB SN,DLX9246008CN4731N,PASS,,,,,,,,,Jul 24 2019 4:55:11.5650 PM,Jul 24 2019 4:55:11.5650 PM,0
Check MLB SN,,,,,,,,,,,,,Jul 24 2019 4:55:11.5670 PM,Jul 24 2019 4:55:11.5680 PM,.0005
Check MLB SN,Check MLB SN,Check MLB SN,,PASS,,,,,,,,,Jul 24 2019 4:55:11.5670 PM,Jul 24 2019 4:55:11.5670 PM,0
Read Main FW Version Before DL,,,,,,,,,,,,,Jul 24 2019 4:55:11.5690 PM,Jul 24 2019 4:55:11.6300 PM,.0613
Read Main FW Version Before DL,Read Main FW Version Before DL,IOFileHandle,writeToFile,PASS,,,,,,,,,Jul 24 2019 4:55:11.6290 PM,Jul 24 2019 4:55:11.6290 PM,.0001
Read Main FW Version Before DL,Read Main FW Version Before DL,[HID] /usr/local/bin/hidreport -p 0x026F -i 0 get 0xB4,,PASS,,,,,,,,,Jul 24 2019 4:55:11.6300 PM,Jul 24 2019 4:55:11.6300 PM,0
Read Main FW Version Before DL,Read Main FW Version Before DL,Read FW Version Before DL,0x80,PASS,,,,,,,,,Jul 24 2019 4:55:11.6300 PM,Jul 24 2019 4:55:11.6300 PM,0
Read Main FW Version Before DL,Read Main FW Version Before DL,Read FW Version Before DL,,PASS,,128,NA,,,,,NA,Jul 24 2019 4:55:11.6300 PM,Jul 24 2019 4:55:11.6300 PM,0
Program MTFW,,,,,,,,,,,,,Jul 24 2019 4:55:11.6330 PM,Jul 24 2019 4:55:12.7670 PM,1.1344
Program MTFW,Program MTFW,IOFileHandle,writeToFile,PASS,,,,,,,,,Jul 24 2019 4:55:11.6890 PM,Jul 24 2019 4:55:11.6890 PM,.0001
Program MTFW,Program MTFW,[HID] /usr/local/bin/hidreport -p 0x026F -i 0 get 0xbb,,PASS,,,,,,,,,Jul 24 2019 4:55:11.6900 PM,Jul 24 2019 4:55:11.6900 PM,0
Program MTFW,Program MTFW,"Not downloading: already contain Touch FW, version: 0x0497",,PASS,,,,,,,,,Jul 24 2019 4:55:12.7670 PM,Jul 24 2019 4:55:12.7670 PM,0
Program Main FW,,,,,,,,,,,,,Jul 24 2019 4:55:12.7690 PM,Jul 24 2019 4:56:24.6500 PM,71.8815
Program Main FW,Program Main FW,IOFileHandle,writeToFile,PASS,,,,,,,,,Jul 24 2019 4:55:12.8310 PM,Jul 24 2019 4:55:12.8310 PM,.0001
Program Main FW,Program Main FW,[HID] /usr/local/bin/hidreport -p 0x026F -i 0 get 0xBC,,PASS,,,,,,,,,Jul 24 2019 4:55:12.8310 PM,Jul 24 2019 4:55:12.8310 PM,0
Program Main FW,Program Main FW,IOFileHandle,writeToFile-2,PASS,,,,,,,,,Jul 24 2019 4:56:19.3990 PM,Jul 24 2019 4:56:19.3990 PM,.0002
Program Main FW,Program Main FW,[HID] /usr/local/bin/shfuc -n -v 0x05ac -p 0x026F -f /usr/local/bin/R128-v0x0080-dev-signed.128.P1.afu,,PASS,,,,,,,,,Jul 24 2019 4:56:19.4000 PM,Jul 24 2019 4:56:19.4000 PM,0
Program Main FW,Program Main FW,ProgramMainFW,,PASS,,,,,,,,,Jul 24 2019 4:56:19.4010 PM,Jul 24 2019 4:56:19.4010 PM,0
Program Main FW,Program Main FW,[Fixture] power off,sendCommand,PASS,,,,,,,,,Jul 24 2019 4:56:22.4710 PM,Jul 24 2019 4:56:22.4860 PM,.0152
Program Main FW,Program Main FW,[Fixture] power on,sendCommand,PASS,,,,,,,,,Jul 24 2019 4:56:23.5570 PM,Jul 24 2019 4:56:23.5720 PM,.0151
Program Main FW,Program Main FW,[P203] ,sendCommand,PASS,,,,,,,,,Jul 24 2019 4:56:24.6490 PM,Jul 24 2019 4:56:24.6500 PM,.0008
Read Main FW Version After DL,,,,,,,,,,,,,Jul 24 2019 4:56:24.6530 PM,Jul 24 2019 4:56:31.0680 PM,6.4153
Read Main FW Version After DL,Read Main FW Version After DL,IOFileHandle,writeToFile,PASS,,,,,,,,,Jul 24 2019 4:56:24.6930 PM,Jul 24 2019 4:56:24.6930 PM,.0002
Read Main FW Version After DL,Read Main FW Version After DL,[HID] /usr/local/bin/hidreport -p 0x026F -i 0 get 0xb4,,PASS,,,,,,,,,Jul 24 2019 4:56:24.6940 PM,Jul 24 2019 4:56:24.6940 PM,0
Read Main FW Version After DL,Read Main FW Version After DL,IOFileHandle,writeToFile-2,PASS,,,,,,,,,Jul 24 2019 4:56:27.8740 PM,Jul 24 2019 4:56:27.8740 PM,.0001
Read Main FW Version After DL,Read Main FW Version After DL,[HID] /usr/local/bin/hidreport -p 0x026F -i 0 get 0xb4-2,,PASS,,,,,,,,,Jul 24 2019 4:56:27.8750 PM,Jul 24 2019 4:56:27.8750 PM,0
Read Main FW Version After DL,Read Main FW Version After DL,IOFileHandle,writeToFile-3,PASS,,,,,,,,,Jul 24 2019 4:56:31.0660 PM,Jul 24 2019 4:56:31.0660 PM,.0001
Read Main FW Version After DL,Read Main FW Version After DL,[HID] /usr/local/bin/hidreport -p 0x026F -i 0 get 0xb4-3,,PASS,,,,,,,,,Jul 24 2019 4:56:31.0670 PM,Jul 24 2019 4:56:31.0670 PM,0
Read Main FW Version After DL,Read Main FW Version After DL,Read FW Version After DL,,PASS,,,,,,,,,Jul 24 2019 4:56:31.0680 PM,Jul 24 2019 4:56:31.0680 PM,0
Read Main FW Version After DL,Read Main FW Version After DL,Read FW Version After DL-2,,PASS,,128,NA,128,128,,,NA,Jul 24 2019 4:56:31.0680 PM,Jul 24 2019 4:56:31.0680 PM,0
Touch FW,,,,,,,,,,,,,Jul 24 2019 4:56:31.0700 PM,Jul 24 2019 4:56:31.1210 PM,.051
Touch FW,Touch FW,IOFileHandle,writeToFile,PASS,,,,,,,,,Jul 24 2019 4:56:31.1200 PM,Jul 24 2019 4:56:31.1200 PM,.0001
Touch FW,Touch FW,[HID] /usr/local/bin/hidreport -p 0x026F -i 0 get 0xbb,,PASS,,,,,,,,,Jul 24 2019 4:56:31.1200 PM,Jul 24 2019 4:56:31.1200 PM,0
Touch FW,Touch FW,Touch FW,,PASS,,,,,,,,,Jul 24 2019 4:56:31.1210 PM,Jul 24 2019 4:56:31.1210 PM,0
Fixture reset,,,,,,,,,,,,,Jul 24 2019 4:56:31.1230 PM,Jul 24 2019 4:56:32.3310 PM,1.2078
Fixture reset,Fixture reset,[Fixture] Retract pogo,sendCommand,PASS,,,,,,,,,Jul 24 2019 4:56:31.1240 PM,Jul 24 2019 4:56:31.3180 PM,.1936
Fixture reset,Fixture reset,Fixture,close,PASS,,,,,,,,,Jul 24 2019 4:56:32.3200 PM,Jul 24 2019 4:56:32.3240 PM,.0044
Fixture reset,Fixture reset,P203,close,PASS,,,,,,,,,Jul 24 2019 4:56:32.3260 PM,Jul 24 2019 4:56:32.3300 PM,.0043
Finish DRCB,,,,,,,,,,,,,Jul 24 2019 4:56:32.3330 PM,Jul 24 2019 4:56:32.4720 PM,.139
Finish DRCB,Finish DRCB,DRCB,Finish,PASS,,,,,,,,,Jul 24 2019 4:56:32.3340 PM,Jul 24 2019 4:56:32.4710 PM,.137
