Test,Plugin,Command,Status,Info,Start Time,End Time,Duration (s)
Scan SN,com.apple.hwte.atlas.AppPlugin,show-form,PASS,,Jul 24 2019 4:54:35.7560 PM,Jul 24 2019 4:54:54.6620 PM,18.9056
Fixture init,Fixture,changeDelimiter,PASS,,Jul 24 2019 4:54:54.6680 PM,Jul 24 2019 4:54:54.6680 PM,.0001
Fixture init,Fixture,changeLineTerminator,PASS,,Jul 24 2019 4:54:54.6700 PM,Jul 24 2019 4:54:54.6700 PM,0
Fixture init,Fixture,open,PASS,,Jul 24 2019 4:54:54.6710 PM,Jul 24 2019 4:54:56.2700 PM,1.5983
Fixture init,Fixture,read,PASS,,Jul 24 2019 4:54:56.2710 PM,Jul 24 2019 4:54:56.3000 PM,.0289
Fixture init,P203,changeDelimiter,PASS,,Jul 24 2019 4:54:56.3020 PM,Jul 24 2019 4:54:56.3020 PM,.0001
Fixture init,P203,changeLineTerminator,PASS,,Jul 24 2019 4:54:56.3040 PM,Jul 24 2019 4:54:56.3040 PM,0
Fixture init,P203,open,PASS,,Jul 24 2019 4:54:56.3050 PM,Jul 24 2019 4:54:57.8990 PM,1.594
Fixture init,P203,read,PASS,,Jul 24 2019 4:54:57.9010 PM,Jul 24 2019 4:54:57.9300 PM,.0292
Fixture init,Fixture,sendCommand,PASS,,Jul 24 2019 4:54:57.9320 PM,Jul 24 2019 4:54:57.9370 PM,.0054
Fixture init,Fixture,sendCommand,PASS,,Jul 24 2019 4:54:57.9390 PM,Jul 24 2019 4:54:57.9560 PM,.0174
Fixture init,P203,sendCommand,PASS,,Jul 24 2019 4:54:59.0270 PM,Jul 24 2019 4:54:59.0330 PM,.0065
Fixture init,Fixture,sendCommand,PASS,,Jul 24 2019 4:54:59.0350 PM,Jul 24 2019 4:54:59.2630 PM,.2284
Fixture init,IOFileHandle,writeToFile,PASS,,Jul 24 2019 4:55:01.4030 PM,Jul 24 2019 4:55:01.4030 PM,.0006
Fixture init,Fixture,sendCommand,PASS,,Jul 24 2019 4:55:01.4090 PM,Jul 24 2019 4:55:01.4190 PM,.0101
Fixture init,Fixture,sendCommand,PASS,,Jul 24 2019 4:55:02.5060 PM,Jul 24 2019 4:55:02.5200 PM,.0144
Fixture init,P203,sendCommand,PASS,,Jul 24 2019 4:55:03.5960 PM,Jul 24 2019 4:55:03.5970 PM,.0008
Start Data Reporting,DRCB,startDataReporting,PASS,,Jul 24 2019 4:55:04.6770 PM,Jul 24 2019 4:55:04.6860 PM,.0089
Get SFC Info,SFCSupport,getAttribute,PASS,,Jul 24 2019 4:55:04.6910 PM,Jul 24 2019 4:55:04.7190 PM,.0276
Get SFC Info,SFCSupport,getAttribute,PASS,,Jul 24 2019 4:55:04.7210 PM,Jul 24 2019 4:55:04.7250 PM,.004
Get SFC Info,SFCSupport,getAttribute,PASS,,Jul 24 2019 4:55:04.7270 PM,Jul 24 2019 4:55:04.7320 PM,.0045
Get SFC Info,SFCSupport,getAttribute,PASS,,Jul 24 2019 4:55:04.7360 PM,Jul 24 2019 4:55:04.7400 PM,.0039
Get SFC Info,SFCSupport,getAttribute,PASS,,Jul 24 2019 4:55:04.7420 PM,Jul 24 2019 4:55:04.7460 PM,.004
Endpoint init,IOFileHandle,writeToFile,PASS,,Jul 24 2019 4:55:05.1330 PM,Jul 24 2019 4:55:05.1330 PM,.0002
Endpoint init,IOFileHandle,writeToFile,PASS,,Jul 24 2019 4:55:05.2090 PM,Jul 24 2019 4:55:05.2090 PM,.0002
Endpoint init,Fixture,sendCommand,PASS,,Jul 24 2019 4:55:05.2110 PM,Jul 24 2019 4:55:05.2190 PM,.0082
Endpoint init,Fixture,sendCommand,PASS,,Jul 24 2019 4:55:06.2890 PM,Jul 24 2019 4:55:06.3050 PM,.016
Endpoint init,P203,sendCommand,PASS,,Jul 24 2019 4:55:07.3140 PM,Jul 24 2019 4:55:07.3150 PM,.0008
Auth Check,P203,read,PASS,,Jul 24 2019 4:55:07.3190 PM,Jul 24 2019 4:55:07.3190 PM,.0002
Auth Check,P203,read,PASS,,Jul 24 2019 4:55:07.3200 PM,Jul 24 2019 4:55:07.3280 PM,.0076
Auth Check,P203,read,PASS,,Jul 24 2019 4:55:07.3290 PM,Jul 24 2019 4:55:07.3300 PM,.0003
Auth Check,P203,read,PASS,,Jul 24 2019 4:55:07.3310 PM,Jul 24 2019 4:55:07.3550 PM,.0238
Auth Check,P203,sendCommandChars,PASS,,Jul 24 2019 4:55:07.3560 PM,Jul 24 2019 4:55:07.3940 PM,.0377
Auth Check,P203,read,PASS,,Jul 24 2019 4:55:07.3970 PM,Jul 24 2019 4:55:07.3970 PM,.0002
Auth Check,P203,read,PASS,,Jul 24 2019 4:55:07.3990 PM,Jul 24 2019 4:55:07.4240 PM,.0249
Auth Check,P203,read,PASS,,Jul 24 2019 4:55:07.4280 PM,Jul 24 2019 4:55:07.4540 PM,.0262
Auth Check,P203,sendCommandChars,PASS,,Jul 24 2019 4:55:07.4560 PM,Jul 24 2019 4:55:07.5210 PM,.0651
Auth Check,P203,read,PASS,,Jul 24 2019 4:55:07.5240 PM,Jul 24 2019 4:55:07.5250 PM,.0002
Auth Check,P203,read,PASS,,Jul 24 2019 4:55:07.5260 PM,Jul 24 2019 4:55:07.5500 PM,.0238
Auth Check,P203,sendCommandChars,PASS,,Jul 24 2019 4:55:07.5520 PM,Jul 24 2019 4:55:07.5870 PM,.0353
Auth Check,P203,read,PASS,,Jul 24 2019 4:55:07.5890 PM,Jul 24 2019 4:55:07.5900 PM,.0002
Auth Check,P203,read,PASS,,Jul 24 2019 4:55:07.5910 PM,Jul 24 2019 4:55:07.6150 PM,.0238
Auth Check,P203,read,PASS,,Jul 24 2019 4:55:07.6170 PM,Jul 24 2019 4:55:07.6450 PM,.0285
Auth Check,P203,sendCommandChars,PASS,,Jul 24 2019 4:55:07.6470 PM,Jul 24 2019 4:55:07.6810 PM,.034
Auth Check,P203,read,PASS,,Jul 24 2019 4:55:07.6840 PM,Jul 24 2019 4:55:07.6840 PM,.0002
Auth Check,P203,read,PASS,,Jul 24 2019 4:55:07.6860 PM,Jul 24 2019 4:55:07.7130 PM,.0277
Auth Check,P203,sendCommandChars,PASS,,Jul 24 2019 4:55:07.7150 PM,Jul 24 2019 4:55:07.7500 PM,.0357
Auth Check,P203,read,PASS,,Jul 24 2019 4:55:07.7530 PM,Jul 24 2019 4:55:07.7530 PM,.0002
Auth Check,P203,read,PASS,,Jul 24 2019 4:55:07.7540 PM,Jul 24 2019 4:55:07.7750 PM,.0213
Auth Check,P203,read,PASS,,Jul 24 2019 4:55:07.7770 PM,Jul 24 2019 4:55:07.8060 PM,.0287
Auth Check,P203,sendCommandChars,PASS,,Jul 24 2019 4:55:07.8080 PM,Jul 24 2019 4:55:07.8450 PM,.0374
Auth Check,P203,read,PASS,,Jul 24 2019 4:55:07.8480 PM,Jul 24 2019 4:55:07.8480 PM,.0002
Auth Check,P203,read,PASS,,Jul 24 2019 4:55:07.8490 PM,Jul 24 2019 4:55:07.8770 PM,.0274
Auth Check,P203,read,PASS,,Jul 24 2019 4:55:07.8810 PM,Jul 24 2019 4:55:07.9060 PM,.0248
Auth Check,P203,sendCommandChars,PASS,,Jul 24 2019 4:55:07.9070 PM,Jul 24 2019 4:55:07.9430 PM,.0359
Auth Check,P203,read,PASS,,Jul 24 2019 4:55:07.9460 PM,Jul 24 2019 4:55:07.9460 PM,.0002
Auth Check,P203,read,PASS,,Jul 24 2019 4:55:07.9470 PM,Jul 24 2019 4:55:07.9750 PM,.0277
Auth Check,P203,read,PASS,,Jul 24 2019 4:55:07.9770 PM,Jul 24 2019 4:55:08.0040 PM,.0271
Auth Check,P203,sendCommandChars,PASS,,Jul 24 2019 4:55:08.0060 PM,Jul 24 2019 4:55:08.0410 PM,.0355
Auth Check,P203,read,PASS,,Jul 24 2019 4:55:08.0440 PM,Jul 24 2019 4:55:08.0440 PM,.0001
Auth Check,P203,read,PASS,,Jul 24 2019 4:55:08.0450 PM,Jul 24 2019 4:55:08.0670 PM,.0217
Auth Check,P203,read,PASS,,Jul 24 2019 4:55:08.0690 PM,Jul 24 2019 4:55:08.0970 PM,.0285
Auth Check,P203,sendCommandChars,PASS,,Jul 24 2019 4:55:08.0990 PM,Jul 24 2019 4:55:08.1360 PM,.0366
Auth Check,P203,read,PASS,,Jul 24 2019 4:55:08.1390 PM,Jul 24 2019 4:55:08.1390 PM,.0001
Auth Check,P203,read,PASS,,Jul 24 2019 4:55:08.1410 PM,Jul 24 2019 4:55:08.1670 PM,.0268
Auth Check,P203,sendCommandChars,PASS,,Jul 24 2019 4:55:08.1690 PM,Jul 24 2019 4:55:08.2030 PM,.0341
Auth Check,P203,read,PASS,,Jul 24 2019 4:55:08.2060 PM,Jul 24 2019 4:55:08.2060 PM,.0002
Auth Check,P203,read,PASS,,Jul 24 2019 4:55:08.2070 PM,Jul 24 2019 4:55:08.2270 PM,.0204
Auth Check,P203,read,PASS,,Jul 24 2019 4:55:08.2300 PM,Jul 24 2019 4:55:08.2570 PM,.0277
Auth Check,P203,sendCommandChars,PASS,,Jul 24 2019 4:55:08.2590 PM,Jul 24 2019 4:55:08.2950 PM,.0361
Auth Check,P203,read,PASS,,Jul 24 2019 4:55:08.2970 PM,Jul 24 2019 4:55:08.2970 PM,.0001
Auth Check,P203,read,PASS,,Jul 24 2019 4:55:08.2990 PM,Jul 24 2019 4:55:08.3280 PM,.0292
Auth Check,P203,read,PASS,,Jul 24 2019 4:55:08.3310 PM,Jul 24 2019 4:55:08.3580 PM,.0271
Auth Check,P203,sendCommandChars,PASS,,Jul 24 2019 4:55:08.3590 PM,Jul 24 2019 4:55:08.3950 PM,.0354
Auth Check,P203,read,PASS,,Jul 24 2019 4:55:08.3970 PM,Jul 24 2019 4:55:08.3970 PM,.0002
Auth Check,P203,read,PASS,,Jul 24 2019 4:55:08.3990 PM,Jul 24 2019 4:55:08.4280 PM,.0296
Auth Check,P203,read,PASS,,Jul 24 2019 4:55:08.4300 PM,Jul 24 2019 4:55:08.4580 PM,.0281
Auth Check,P203,sendCommandChars,PASS,,Jul 24 2019 4:55:08.4600 PM,Jul 24 2019 4:55:08.4960 PM,.0358
Auth Check,P203,read,PASS,,Jul 24 2019 4:55:08.4980 PM,Jul 24 2019 4:55:08.4980 PM,.0001
Auth Check,P203,read,PASS,,Jul 24 2019 4:55:08.4990 PM,Jul 24 2019 4:55:08.5290 PM,.0293
Auth Check,P203,read,PASS,,Jul 24 2019 4:55:08.5310 PM,Jul 24 2019 4:55:08.5540 PM,.0231
Auth Check,P203,sendCommandChars,PASS,,Jul 24 2019 4:55:08.5550 PM,Jul 24 2019 4:55:08.5910 PM,.0352
Auth Check,P203,read,PASS,,Jul 24 2019 4:55:08.5940 PM,Jul 24 2019 4:55:08.5940 PM,.0001
Auth Check,P203,read,PASS,,Jul 24 2019 4:55:08.5950 PM,Jul 24 2019 4:55:08.6190 PM,.0244
Auth Check,P203,sendCommandChars,PASS,,Jul 24 2019 4:55:08.6210 PM,Jul 24 2019 4:55:08.6560 PM,.035
Auth Check,P203,read,PASS,,Jul 24 2019 4:55:08.6580 PM,Jul 24 2019 4:55:08.6580 PM,.0001
Auth Check,P203,read,PASS,,Jul 24 2019 4:55:08.6600 PM,Jul 24 2019 4:55:08.6890 PM,.0297
Auth Check,P203,read,PASS,,Jul 24 2019 4:55:08.6910 PM,Jul 24 2019 4:55:08.7200 PM,.0284
Auth Check,P203,sendCommandChars,PASS,,Jul 24 2019 4:55:08.7210 PM,Jul 24 2019 4:55:08.7560 PM,.0353
Auth Check,P203,read,PASS,,Jul 24 2019 4:55:08.7590 PM,Jul 24 2019 4:55:08.7590 PM,.0002
Auth Check,P203,read,PASS,,Jul 24 2019 4:55:08.7610 PM,Jul 24 2019 4:55:08.7830 PM,.0225
Auth Check,P203,read,PASS,,Jul 24 2019 4:55:08.7850 PM,Jul 24 2019 4:55:08.8100 PM,.0251
Auth Check,P203,sendCommandChars,PASS,,Jul 24 2019 4:55:08.8110 PM,Jul 24 2019 4:55:08.8470 PM,.0359
Auth Check,P203,read,PASS,,Jul 24 2019 4:55:08.8500 PM,Jul 24 2019 4:55:08.8500 PM,.0001
Auth Check,P203,read,PASS,,Jul 24 2019 4:55:08.8510 PM,Jul 24 2019 4:55:08.8820 PM,.0312
Auth Check,P203,read,PASS,,Jul 24 2019 4:55:08.8870 PM,Jul 24 2019 4:55:08.9100 PM,.0235
Auth Check,P203,sendCommandChars,PASS,,Jul 24 2019 4:55:08.9120 PM,Jul 24 2019 4:55:08.9470 PM,.0355
Auth Check,P203,read,PASS,,Jul 24 2019 4:55:08.9500 PM,Jul 24 2019 4:55:08.9500 PM,.0002
Auth Check,P203,read,PASS,,Jul 24 2019 4:55:08.9510 PM,Jul 24 2019 4:55:08.9810 PM,.0294
Auth Check,P203,read,PASS,,Jul 24 2019 4:55:08.9830 PM,Jul 24 2019 4:55:09.0110 PM,.0282
Auth Check,P203,sendCommandChars,PASS,,Jul 24 2019 4:55:09.0120 PM,Jul 24 2019 4:55:09.0470 PM,.0349
Auth Check,P203,read,PASS,,Jul 24 2019 4:55:09.0500 PM,Jul 24 2019 4:55:09.0500 PM,.0002
Auth Check,P203,read,PASS,,Jul 24 2019 4:55:09.0520 PM,Jul 24 2019 4:55:09.0810 PM,.0294
Auth Check,P203,sendCommandChars,PASS,,Jul 24 2019 4:55:09.0820 PM,Jul 24 2019 4:55:09.1180 PM,.0359
Auth Check,P203,read,PASS,,Jul 24 2019 4:55:09.1210 PM,Jul 24 2019 4:55:09.1210 PM,.0002
Auth Check,P203,read,PASS,,Jul 24 2019 4:55:09.1220 PM,Jul 24 2019 4:55:09.1510 PM,.0294
Auth Check,P203,read,PASS,,Jul 24 2019 4:55:09.1530 PM,Jul 24 2019 4:55:09.1820 PM,.0282
Auth Check,P203,sendCommandChars,PASS,,Jul 24 2019 4:55:09.1830 PM,Jul 24 2019 4:55:09.2180 PM,.0348
Auth Check,P203,read,PASS,,Jul 24 2019 4:55:09.2210 PM,Jul 24 2019 4:55:09.2220 PM,.0002
Auth Check,P203,read,PASS,,Jul 24 2019 4:55:09.2230 PM,Jul 24 2019 4:55:09.2520 PM,.0288
Auth Check,P203,read,PASS,,Jul 24 2019 4:55:09.2540 PM,Jul 24 2019 4:55:09.2820 PM,.0283
Auth Check,P203,sendCommandChars,PASS,,Jul 24 2019 4:55:09.2830 PM,Jul 24 2019 4:55:09.3180 PM,.0343
Auth Check,P203,read,PASS,,Jul 24 2019 4:55:09.3200 PM,Jul 24 2019 4:55:09.3210 PM,.0002
Auth Check,P203,read,PASS,,Jul 24 2019 4:55:09.3220 PM,Jul 24 2019 4:55:09.3520 PM,.0302
Auth Check,P203,read,PASS,,Jul 24 2019 4:55:09.3540 PM,Jul 24 2019 4:55:09.3820 PM,.0275
Auth Check,P203,sendCommandChars,PASS,,Jul 24 2019 4:55:09.3830 PM,Jul 24 2019 4:55:09.4200 PM,.0365
Auth Check,P203,read,PASS,,Jul 24 2019 4:55:09.4220 PM,Jul 24 2019 4:55:09.4230 PM,.0002
Auth Check,P203,read,PASS,,Jul 24 2019 4:55:09.4240 PM,Jul 24 2019 4:55:09.4520 PM,.0285
Auth Check,P203,read,PASS,,Jul 24 2019 4:55:09.4540 PM,Jul 24 2019 4:55:09.4800 PM,.0259
Auth Check,P203,sendCommandChars,PASS,,Jul 24 2019 4:55:09.4820 PM,Jul 24 2019 4:55:09.5180 PM,.036
Auth Check,P203,read,PASS,,Jul 24 2019 4:55:09.5210 PM,Jul 24 2019 4:55:09.5210 PM,.0002
Auth Check,P203,read,PASS,,Jul 24 2019 4:55:09.5220 PM,Jul 24 2019 4:55:09.5440 PM,.0221
Auth Check,P203,sendCommandChars,PASS,,Jul 24 2019 4:55:09.5460 PM,Jul 24 2019 4:55:09.5830 PM,.0369
Auth Check,P203,read,PASS,,Jul 24 2019 4:55:09.5850 PM,Jul 24 2019 4:55:09.5850 PM,.0001
Auth Check,P203,read,PASS,,Jul 24 2019 4:55:09.5860 PM,Jul 24 2019 4:55:09.6110 PM,.0247
Auth Check,P203,read,PASS,,Jul 24 2019 4:55:09.6130 PM,Jul 24 2019 4:55:09.6430 PM,.0299
Auth Check,P203,sendCommandChars,PASS,,Jul 24 2019 4:55:09.6440 PM,Jul 24 2019 4:55:09.6810 PM,.036
Auth Check,P203,read,PASS,,Jul 24 2019 4:55:09.6830 PM,Jul 24 2019 4:55:09.6830 PM,.0002
Auth Check,P203,read,PASS,,Jul 24 2019 4:55:09.6840 PM,Jul 24 2019 4:55:09.7130 PM,.0291
Auth Check,P203,read,PASS,,Jul 24 2019 4:55:09.7150 PM,Jul 24 2019 4:55:09.7440 PM,.0282
Auth Check,P203,sendCommandChars,PASS,,Jul 24 2019 4:55:09.7450 PM,Jul 24 2019 4:55:09.7810 PM,.0353
Auth Check,P203,read,PASS,,Jul 24 2019 4:55:09.7830 PM,Jul 24 2019 4:55:09.7830 PM,.0002
Auth Check,P203,read,PASS,,Jul 24 2019 4:55:09.7850 PM,Jul 24 2019 4:55:09.8120 PM,.0274
Auth Check,P203,read,PASS,,Jul 24 2019 4:55:09.8140 PM,Jul 24 2019 4:55:09.8440 PM,.03
Auth Check,P203,sendCommandChars,PASS,,Jul 24 2019 4:55:09.8460 PM,Jul 24 2019 4:55:09.8800 PM,.0346
Auth Check,IOFileHandle,writeCertFile,PASS,,Jul 24 2019 4:55:09.8870 PM,Jul 24 2019 4:55:09.8930 PM,.0059
Auth Check,P203,read,PASS,,Jul 24 2019 4:55:09.9860 PM,Jul 24 2019 4:55:09.9870 PM,.0002
Auth Check,P203,read,PASS,,Jul 24 2019 4:55:09.9880 PM,Jul 24 2019 4:55:10.0140 PM,.0261
Auth Check,P203,sendCommandChars,PASS,,Jul 24 2019 4:55:10.0160 PM,Jul 24 2019 4:55:10.0540 PM,.0386
Auth Check,P203,read,PASS,,Jul 24 2019 4:55:10.0580 PM,Jul 24 2019 4:55:10.0590 PM,.0002
Auth Check,P203,read,PASS,,Jul 24 2019 4:55:10.0600 PM,Jul 24 2019 4:55:10.0810 PM,.0214
Auth Check,P203,sendCommandChars,PASS,,Jul 24 2019 4:55:10.0820 PM,Jul 24 2019 4:55:10.1580 PM,.0755
Auth Check,P203,read,PASS,,Jul 24 2019 4:55:10.1610 PM,Jul 24 2019 4:55:10.1610 PM,.0001
Auth Check,P203,read,PASS,,Jul 24 2019 4:55:10.1620 PM,Jul 24 2019 4:55:10.1850 PM,.0224
Auth Check,P203,sendCommandChars,PASS,,Jul 24 2019 4:55:10.1860 PM,Jul 24 2019 4:55:10.2240 PM,.0375
Auth Check,P203,read,PASS,,Jul 24 2019 4:55:10.8000 PM,Jul 24 2019 4:55:10.8000 PM,.0002
Auth Check,P203,read,PASS,,Jul 24 2019 4:55:10.8010 PM,Jul 24 2019 4:55:10.8290 PM,.0275
Auth Check,P203,sendCommandChars,PASS,,Jul 24 2019 4:55:10.8300 PM,Jul 24 2019 4:55:10.8820 PM,.0516
Auth Check,P203,read,PASS,,Jul 24 2019 4:55:10.8840 PM,Jul 24 2019 4:55:10.8970 PM,.013
Auth Check,P203,read,PASS,,Jul 24 2019 4:55:10.8980 PM,Jul 24 2019 4:55:10.9190 PM,.0205
Auth Check,P203,read,PASS,,Jul 24 2019 4:55:10.9210 PM,Jul 24 2019 4:55:10.9490 PM,.0281
Auth Check,P203,sendCommandChars,PASS,,Jul 24 2019 4:55:10.9500 PM,Jul 24 2019 4:55:10.9840 PM,.0336
Auth Check,P203,read,PASS,,Jul 24 2019 4:55:10.9880 PM,Jul 24 2019 4:55:10.9880 PM,.0002
Auth Check,P203,read,PASS,,Jul 24 2019 4:55:10.9900 PM,Jul 24 2019 4:55:11.0190 PM,.0295
Auth Check,P203,sendCommandChars,PASS,,Jul 24 2019 4:55:11.0210 PM,Jul 24 2019 4:55:11.0560 PM,.0354
Auth Check,P203,read,PASS,,Jul 24 2019 4:55:11.0580 PM,Jul 24 2019 4:55:11.0590 PM,.0001
Auth Check,P203,read,PASS,,Jul 24 2019 4:55:11.0600 PM,Jul 24 2019 4:55:11.0810 PM,.0208
Auth Check,P203,read,PASS,,Jul 24 2019 4:55:11.0830 PM,Jul 24 2019 4:55:11.1100 PM,.0271
Auth Check,P203,sendCommandChars,PASS,,Jul 24 2019 4:55:11.1110 PM,Jul 24 2019 4:55:11.1470 PM,.0358
Auth Check,P203,read,PASS,,Jul 24 2019 4:55:11.1500 PM,Jul 24 2019 4:55:11.1500 PM,.0002
Auth Check,P203,read,PASS,,Jul 24 2019 4:55:11.1520 PM,Jul 24 2019 4:55:11.1800 PM,.0283
Auth Check,P203,sendCommandChars,PASS,,Jul 24 2019 4:55:11.1820 PM,Jul 24 2019 4:55:11.2170 PM,.0354
Auth Check,P203,read,PASS,,Jul 24 2019 4:55:11.2190 PM,Jul 24 2019 4:55:11.2190 PM,.0002
Auth Check,P203,read,PASS,,Jul 24 2019 4:55:11.2210 PM,Jul 24 2019 4:55:11.2490 PM,.028
Auth Check,P203,read,PASS,,Jul 24 2019 4:55:11.2510 PM,Jul 24 2019 4:55:11.2800 PM,.0296
Auth Check,P203,sendCommandChars,PASS,,Jul 24 2019 4:55:11.2820 PM,Jul 24 2019 4:55:11.3180 PM,.036
Auth Check,P203,read,PASS,,Jul 24 2019 4:55:11.3210 PM,Jul 24 2019 4:55:11.3210 PM,.0002
Auth Check,P203,read,PASS,,Jul 24 2019 4:55:11.3220 PM,Jul 24 2019 4:55:11.3510 PM,.0285
Auth Check,P203,read,PASS,,Jul 24 2019 4:55:11.3520 PM,Jul 24 2019 4:55:11.3810 PM,.0284
Auth Check,P203,sendCommandChars,PASS,,Jul 24 2019 4:55:11.3820 PM,Jul 24 2019 4:55:11.4180 PM,.0352
Auth Check,IOFileHandle,writeCertFile,PASS,,Jul 24 2019 4:55:11.4200 PM,Jul 24 2019 4:55:11.4210 PM,.001
Read MLB SN,IOFileHandle,writeToFile,PASS,,Jul 24 2019 4:55:11.5600 PM,Jul 24 2019 4:55:11.5600 PM,.0002
Read Main FW Version Before DL,IOFileHandle,writeToFile,PASS,,Jul 24 2019 4:55:11.6290 PM,Jul 24 2019 4:55:11.6290 PM,.0002
Program MTFW,IOFileHandle,writeToFile,PASS,,Jul 24 2019 4:55:11.6890 PM,Jul 24 2019 4:55:11.6890 PM,.0002
Program Main FW,IOFileHandle,writeToFile,PASS,,Jul 24 2019 4:55:12.8310 PM,Jul 24 2019 4:55:12.8310 PM,.0001
Program Main FW,IOFileHandle,writeToFile,PASS,,Jul 24 2019 4:56:19.3990 PM,Jul 24 2019 4:56:19.3990 PM,.0002
Program Main FW,Fixture,sendCommand,PASS,,Jul 24 2019 4:56:22.4710 PM,Jul 24 2019 4:56:22.4860 PM,.0153
Program Main FW,Fixture,sendCommand,PASS,,Jul 24 2019 4:56:23.5570 PM,Jul 24 2019 4:56:23.5720 PM,.0151
Program Main FW,P203,sendCommand,PASS,,Jul 24 2019 4:56:24.6490 PM,Jul 24 2019 4:56:24.6500 PM,.0009
Read Main FW Version After DL,IOFileHandle,writeToFile,PASS,,Jul 24 2019 4:56:24.6930 PM,Jul 24 2019 4:56:24.6930 PM,.0002
Read Main FW Version After DL,IOFileHandle,writeToFile,PASS,,Jul 24 2019 4:56:27.8740 PM,Jul 24 2019 4:56:27.8740 PM,.0002
Read Main FW Version After DL,IOFileHandle,writeToFile,PASS,,Jul 24 2019 4:56:31.0660 PM,Jul 24 2019 4:56:31.0660 PM,.0001
Touch FW,IOFileHandle,writeToFile,PASS,,Jul 24 2019 4:56:31.1200 PM,Jul 24 2019 4:56:31.1200 PM,.0002
Fixture reset,Fixture,sendCommand,PASS,,Jul 24 2019 4:56:31.1240 PM,Jul 24 2019 4:56:31.3180 PM,.1936
Fixture reset,Fixture,close,PASS,,Jul 24 2019 4:56:32.3200 PM,Jul 24 2019 4:56:32.3240 PM,.0044
Fixture reset,P203,close,PASS,,Jul 24 2019 4:56:32.3260 PM,Jul 24 2019 4:56:32.3300 PM,.0044
Finish DRCB,DRCB,finish,PASS,,Jul 24 2019 4:56:32.3340 PM,Jul 24 2019 4:56:32.4710 PM,.1371
