group,name,units,upperLimit,lowerLimit,relaxedUpperLimit,relaxedLowerLimit
,Sensor ALS1_FH_RIGHT Bright -Ch_0,counts,65534,5,,
,Sensor ALS1_FH_RIGHT Bright -Ch_1,counts,65534,5,,
,Sensor ALS1_FH_RIGHT Bright -Ch_2,counts,65534,5,,
,Sensor ALS1_FH_RIGHT Bright -Ch_3,counts,65534,5,,
,Sensor ALS2_FH_LEFT Bright -Ch_0,counts,65534,5,,
,Sensor ALS2_FH_LEFT Bright -Ch_1,counts,65534,5,,
,Sensor ALS2_FH_LEFT Bright -Ch_2,counts,65534,5,,
,Sensor ALS2_FH_LEFT Bright -Ch_3,counts,65534,5,,
,ALS_C3_CHIP_ID,NA,,,,
,ALS_C4_CHIP_ID,NA,,,,
,ALS_C3_GAIN,NA,512,512,,
,ALS_C4_GAIN,NA,512,512,,
,ALS_C3_ITIME,msec,250,250,,
,ALS_C4_ITIME,msec,250,250,,
,ALS_C3_CH0_LED5,NA,,,,
,ALS_C3_CH1_LED5,NA,,,,
,ALS_C3_CH2_LED5,NA,,,,
,ALS_C3_CH3_LED5,NA,6690,1450,,
,ALS_C3_CH0_LED1,NA,,,,
,ALS_C3_CH1_LED1,NA,,,,
,ALS_C3_CH2_LED1,NA,,,,
,ALS_C3_CH3_LED1,NA,5790,725,,
,ALS_C3_CH0_LED2,NA,,,,
,ALS_C3_CH1_LED2,NA,,,,
,ALS_C3_CH2_LED2,NA,,,,
,ALS_C3_CH3_LED2,NA,5790,725,,
,ALS_C3_CH0_LED3,NA,,,,
,ALS_C3_CH1_LED3,NA,,,,
,ALS_C3_CH2_LED3,NA,,,,
,ALS_C3_CH3_LED3,NA,5790,725,,
,ALS_C3_CH0_LED4,NA,,,,
,ALS_C3_CH1_LED4,NA,,,,
,ALS_C3_CH2_LED4,NA,,,,
,ALS_C3_CH3_LED4,NA,5790,725,,
,ALS_C4_CH0_LED5,NA,,,,
,ALS_C4_CH1_LED5,NA,,,,
,ALS_C4_CH2_LED5,NA,,,,
,ALS_C4_CH3_LED5,NA,6690,1450,,
,ALS_C4_CH0_LED1,NA,,,,
,ALS_C4_CH1_LED1,NA,,,,
,ALS_C4_CH2_LED1,NA,,,,
,ALS_C4_CH3_LED1,NA,5790,725,,
,ALS_C4_CH0_LED2,NA,,,,
,ALS_C4_CH1_LED2,NA,,,,
,ALS_C4_CH2_LED2,NA,,,,
,ALS_C4_CH3_LED2,NA,5790,725,,
,ALS_C4_CH0_LED3,NA,,,,
,ALS_C4_CH1_LED3,NA,,,,
,ALS_C4_CH2_LED3,NA,,,,
,ALS_C4_CH3_LED3,NA,5790,725,,
,ALS_C4_CH0_LED4,NA,,,,
,ALS_C4_CH1_LED4,NA,,,,
,ALS_C4_CH2_LED4,NA,,,,
,ALS_C4_CH3_LED4,NA,5790,725,,
,ALS_C3_PEAK RESPONSE DEPTH,LED number,5,5,,
,ALS_C4_PEAK RESPONSE DEPTH,LED number,5,5,,
,ALS_C3_ALSAR_MIN MAX30,NA,100,60,,
,ALS_C4_ALSAR_MIN MAX30,NA,100,60,,