group,name,units,upperLimit,lowerLimit,relaxedUpperLimit,relaxedLowerLimit
,PROX_DEV_ID,NA,208,208,,
,PROX_REV_ID,NA,18,18,,
,PROX_QT_NO_TARGET_RAW_DIST_AVE,mm,105,-50,,
,PROX_QT_NO_TARGET_RAW_DIST_STD,mm,12,0.01,,
,PROX_QT_NO_TARGET_SIG_AVE,kcps/SPAD,350,0,,
,PROX_QT_NO_TARGET_SIG_STD,kcps/SPAD,7,0.01,,
,PROX_QT_NO_TARGET_AMB_AVE,kcps/SPAD,4,0.25,,
,PROX_QT_NO_TARGET_AMB_STD,kcps/SPAD,0.75,0.01,,
,PROX_QT_NO_TARGET_REF_SIG_AVE,kcps/SPAD,5000,0,,
,PROX_QT_NO_TARGET_REF_SIG_STD,kcps/SPAD,42,0.01,,
,PROX_QT_NO_TARGET_XT1PT_RXT,kcps/SPAD,60,0.01,,
,PROX_QT_TARGET_RAW_DIST_AVE,mm,20,-200,,
,PROX_QT_TARGET_RAW_DIST_STD,mm,25,0.01,,
,PROX_QT_TARGET_SIG_AVE,kcps/SPAD,2000,602.17,,
,PROX_QT_TARGET_SIG_STD,kcps/SPAD,10,0.01,,
,PROX_QT_TARGET_AMB_AVE,kcps/SPAD,15,0.25,,
,PROX_QT_TARGET_AMB_STD,kcps/SPAD,1,0.01,,
,PROX_QT_TARGET_REF_SIG_AVE,kcps/SPAD,5000,0,,
,PROX_QT_TARGET_REF_SIG_STD,kcps/SPAD,42,0.01,,