group,name,units,upperLimit,lowerLimit,relaxedUpperLimit,relaxedLowerLimit
,Rosaline Calibration Current,mA,525,250,,
,Rosaline_Post-DA_Test_Bit0_1,NA,3,2,,
,Rosaline_Pre-DA_Test,NA,7,6,,
,Rosaline_Pre-DA_Audit_Test,NA,,,,
,Rosaline_Burn_In,NA,,,,
,Rosaline_Yogi_Prog_Flag,NA,1,1,,
,Rosaline_Gimbal_Test,NA,0,0,,
,Rosaline_Post-DA_Test_Bit2,NA,1,1,,
,Rosaline Pulse Width,ms,9,9,,
,Read Yogi fault Status,NA,0,0,,
,Read Yogi temperature,deg C,40,10,,
,Read Yogi_SEL_ICWMAX,NA,0,0,,
,Read Yogi_FAULT_B_LIM,NA,59,59,,
,Read Yogi_FAULT_C_LIM,NA,4798,4798,,
,Read Yogi_FAULT_D_LIM,NA,7813,7813,,
,Read Yogi_FAULT_E_UP_COUNT,NA,16,16,,
,Read Yogi_FAULT_E_DN_COUNT,NA,6,6,,
,Read Yogi_FAULT_E_LIM,NA,1900,1900,,
,Read Yogi_POR_DELAY,NA,7,7,,
,Read Yogi_SEL_STATUS_IOL,NA,1,1,,
,Read Yogi_SEL_SDA_IOL,NA,1,1,,
,Read Yogi_DB_IPULSEMAX,NA,7,7,,
,Read Yogi_DB_ICWMAX1,NA,7,7,,
,Read Yogi_DB_ICWMAX2,NA,7,7,,
,Read Yogi_DB_PSM,NA,7,7,,
,Read Yogi_SEL_VTHR_PSM_OVLO,NA,4,4,,
,Read Yogi_SEL_VTHR_PSM_UVLO,NA,2,2,,
,Rosaline toggle interrupt test,NA,,,,
,Rosaline Pulse Width,NA,9,9,,
