document_version, 1.0
station_name,SW-DOWNLOAD
station_id,FXLH_F05-4FT-02_5_SW-DOWNLOAD
station_sw,Atlas
station_sw_version,Atlas

tag,start_time,duration
Read_SN, 1575529366.71, 3.15
Start_Data_Reporting, 1575529369.86, 0.02
Start_Control_Bit, 1575529369.87, 0.31
Read_Bootargs, 1575529370.18, 0.44
Write_Bootargs, 1575529370.62, 0.00
Check_Bootargs, 1575529370.63, 0.00
BUILD_EVENT, 1575529370.63, 0.05
S_BUILD, 1575529370.68, 0.00
WO_SN, 1575529370.68, 0.00
SUB_SN, 1575529370.68, 0.00
UNIT_LBL, 1575529370.69, 0.00
KAI_FW, 1575529370.69, 0.01
Query_MLB_SN, 1575529370.70, 0.00
Read_MLB_SN, 1575529370.70, 1.02
Check_MLB_SN, 1575529371.72, 0.00
Read_STFW_Version_Before_DL, 1575529371.73, 0.44
Read_MTFW_Version_Before_DL, 1575529372.16, 0.44
Read_CCG3FW_Version_Before_DL, 1575529372.61, 1.35
Program_STFW, 1575529373.95, 138.88
Program_MTFW, 1575529512.83, 45.09
Program_CCG3FW, 1575529557.92, 62.58
Read_STFW_Version_After_DL, 1575529620.49, 0.45
Read_MTFW_Version_After_DL, 1575529620.94, 0.44
Read_CCG3FW_Version_After_DL, 1575529621.38, 1.34
Finish_DRCB, 1575529622.71, 0.46
full_test_durations, 1575529366.69, 256.48
