Related Test,Name-1,Name-2,Name-3,Status,Info,Measurement,Units,Upper Limit,Lower Limit,Relaxed Upper Limit,Relaxed Lower Limit,Limit Units,Start Time,End Time,Duration (s)
Read_SN,,,,,,,,,,,,,Dec 5 2019 3:02:46.7100 PM,Dec 5 2019 3:02:49.8560 PM,3.1454
Read_SN,Read_SN,fixture vendor,CYG,PASS,,,,,,,,,Dec 5 2019 3:02:47.7790 PM,Dec 5 2019 3:02:47.7790 PM,0
Read_SN,Read_SN,KAI,changeDelimiter,PASS,,,,,,,,,Dec 5 2019 3:02:47.7810 PM,Dec 5 2019 3:02:47.7810 PM,0
Read_SN,Read_SN,KAI,changeLineTerminator,PASS,,,,,,,,,Dec 5 2019 3:02:47.7830 PM,Dec 5 2019 3:02:47.7830 PM,0
Read_SN,Read_SN,KAI,open,PASS,,,,,,,,,Dec 5 2019 3:02:47.7860 PM,Dec 5 2019 3:02:49.3750 PM,1.5898
Read_SN,Read_SN,KAI,read,PASS,,,,,,,,,Dec 5 2019 3:02:49.3780 PM,Dec 5 2019 3:02:49.4060 PM,.0281
Read_SN,Read_SN,StationReportPlugin,isReporting,PASS,,,,,,,,,Dec 5 2019 3:02:49.4090 PM,Dec 5 2019 3:02:49.4090 PM,0
Read_SN,Read_SN,[Hid] /usr/local/bin/hidreport -locationid 0x14770000 -i 0 get 0x11,,PASS,,,,,,,,,Dec 5 2019 3:02:49.4630 PM,Dec 5 2019 3:02:49.4630 PM,0
Read_SN,Read_SN,serialnumber,FTPZP00GP3HR,PASS,,,,,,,,,Dec 5 2019 3:02:49.8560 PM,Dec 5 2019 3:02:49.8560 PM,0
Start_Data_Reporting,,,,,,,,,,,,,Dec 5 2019 3:02:49.8590 PM,Dec 5 2019 3:02:49.8720 PM,.0127
Start_Data_Reporting,Start_Data_Reporting,DRCB,StartDataReporting,PASS,,,,,,,,,Dec 5 2019 3:02:49.8620 PM,Dec 5 2019 3:02:49.8710 PM,.0083
Start_Control_Bit,,,,,,,,,,,,,Dec 5 2019 3:02:49.8740 PM,Dec 5 2019 3:02:50.1790 PM,.3045
Start_Control_Bit,Start_Control_Bit,DRCB,StartControlBits,PASS,,,,,,,,,Dec 5 2019 3:02:49.8760 PM,Dec 5 2019 3:02:50.1780 PM,.3016
Read_Bootargs,,,,,,,,,,,,,Dec 5 2019 3:02:50.1810 PM,Dec 5 2019 3:02:50.6220 PM,.4407
Read_Bootargs,Read_Bootargs,"[Hid] /usr/local/bin/hidreport -locationid 0x14770000 -usage 0xff00,0xb get 0xF1",,PASS,,,,,,,,,Dec 5 2019 3:02:50.2330 PM,Dec 5 2019 3:02:50.2330 PM,0
Read_Bootargs,Read_Bootargs,Read_Bootargs,,PASS,,,,,,,,,Dec 5 2019 3:02:50.6220 PM,Dec 5 2019 3:02:50.6220 PM,0
Write_Bootargs,,,,,,,,,,,,,Dec 5 2019 3:02:50.6240 PM,Dec 5 2019 3:02:50.6250 PM,.0005
Write_Bootargs,Write_Bootargs,Bootargs is 2. bypass,,PASS,,,,,,,,,Dec 5 2019 3:02:50.6250 PM,Dec 5 2019 3:02:50.6250 PM,0
Check_Bootargs,,,,,,,,,,,,,Dec 5 2019 3:02:50.6270 PM,Dec 5 2019 3:02:50.6270 PM,.0005
Check_Bootargs,Check_Bootargs,Bootargs is 2. bypass,,PASS,,,,,,,,,Dec 5 2019 3:02:50.6270 PM,Dec 5 2019 3:02:50.6270 PM,0
BUILD_EVENT,,,,,,,,,,,,,Dec 5 2019 3:02:50.6290 PM,Dec 5 2019 3:02:50.6760 PM,.0462
BUILD_EVENT,BUILD_EVENT,SFCSupport,getAttributes,PASS,,,,,,,,,Dec 5 2019 3:02:50.6310 PM,Dec 5 2019 3:02:50.6570 PM,.0265
BUILD_EVENT,BUILD_EVENT,SFCSupport,getAttributes-2,PASS,,,,,,,,,Dec 5 2019 3:02:50.6590 PM,Dec 5 2019 3:02:50.6640 PM,.0047
BUILD_EVENT,BUILD_EVENT,SFCSupport,getAttributes-3,PASS,,,,,,,,,Dec 5 2019 3:02:50.6650 PM,Dec 5 2019 3:02:50.6690 PM,.0035
BUILD_EVENT,BUILD_EVENT,SFCSupport,getAttributes-4,PASS,,,,,,,,,Dec 5 2019 3:02:50.6700 PM,Dec 5 2019 3:02:50.6740 PM,.004
BUILD_EVENT,BUILD_EVENT,Build_EVENT,R118-EVT,PASS,,,,,,,,,Dec 5 2019 3:02:50.6750 PM,Dec 5 2019 3:02:50.6750 PM,0
S_BUILD,,,,,,,,,,,,,Dec 5 2019 3:02:50.6780 PM,Dec 5 2019 3:02:50.6780 PM,.0005
S_BUILD,S_BUILD,S_BUILD,R118-EVT_E1A-LHWTE2,PASS,,,,,,,,,Dec 5 2019 3:02:50.6780 PM,Dec 5 2019 3:02:50.6780 PM,0
WO_SN,,,,,,,,,,,,,Dec 5 2019 3:02:50.6800 PM,Dec 5 2019 3:02:50.6810 PM,.0006
WO_SN,WO_SN,Get wo_no Pass,,PASS,,,,,,,,,Dec 5 2019 3:02:50.6810 PM,Dec 5 2019 3:02:50.6810 PM,0
SUB_SN,,,,,,,,,,,,,Dec 5 2019 3:02:50.6830 PM,Dec 5 2019 3:02:50.6840 PM,.0006
SUB_SN,SUB_SN,Get pansa Pass,,PASS,,,,,,,,,Dec 5 2019 3:02:50.6840 PM,Dec 5 2019 3:02:50.6840 PM,0
UNIT_LBL,,,,,,,,,,,,,Dec 5 2019 3:02:50.6860 PM,Dec 5 2019 3:02:50.6860 PM,.0006
UNIT_LBL,UNIT_LBL,Get unit_lbl Pass,,PASS,,,,,,,,,Dec 5 2019 3:02:50.6860 PM,Dec 5 2019 3:02:50.6860 PM,0
KAI_FW,,,,,,,,,,,,,Dec 5 2019 3:02:50.6880 PM,Dec 5 2019 3:02:50.7010 PM,.0124
KAI_FW,KAI_FW,[KAI] v,sendCommand,PASS,,,,,,,,,Dec 5 2019 3:02:50.6900 PM,Dec 5 2019 3:02:50.7000 PM,.0101
KAI_FW,KAI_FW,KAI_FW,,PASS,,,,,,,,,Dec 5 2019 3:02:50.7010 PM,Dec 5 2019 3:02:50.7010 PM,0
Query_MLB_SN,,,,,,,,,,,,,Dec 5 2019 3:02:50.7030 PM,Dec 5 2019 3:02:50.7030 PM,.0005
Query_MLB_SN,Query_MLB_SN,Query_MLB_SN,DLX94720002N6R54G,PASS,,,,,,,,,Dec 5 2019 3:02:50.7030 PM,Dec 5 2019 3:02:50.7030 PM,0
Read_MLB_SN,,,,,,,,,,,,,Dec 5 2019 3:02:50.7050 PM,Dec 5 2019 3:02:51.7180 PM,1.0126
Read_MLB_SN,Read_MLB_SN,[Hid] /usr/local/bin/hidreport -locationid 0x14770000 -v 0x05ac -i 0 get 0x12,,PASS,,,,,,,,,Dec 5 2019 3:02:51.3290 PM,Dec 5 2019 3:02:51.3290 PM,0
Read_MLB_SN,Read_MLB_SN,Read_MLB_SN,DLX94720002N6R54G,PASS,,,,,,,,,Dec 5 2019 3:02:51.7180 PM,Dec 5 2019 3:02:51.7180 PM,0
Check_MLB_SN,,,,,,,,,,,,,Dec 5 2019 3:02:51.7220 PM,Dec 5 2019 3:02:51.7240 PM,.0024
Check_MLB_SN,Check_MLB_SN,Check_MLB_SN,,PASS,,,,,,,,,Dec 5 2019 3:02:51.7220 PM,Dec 5 2019 3:02:51.7220 PM,0
Check_MLB_SN,Check_MLB_SN,StationReportPlugin,appendReportData,PASS,,,,,,,,,Dec 5 2019 3:02:51.7230 PM,Dec 5 2019 3:02:51.7230 PM,.0001
Read_STFW_Version_Before_DL,,,,,,,,,,,,,Dec 5 2019 3:02:51.7260 PM,Dec 5 2019 3:02:52.1600 PM,.4343
Read_STFW_Version_Before_DL,Read_STFW_Version_Before_DL,[Hid] /usr/local/bin/hidreport -locationid 0x14770000 -i 0 get 0xB4,,PASS,,,,,,,,,Dec 5 2019 3:02:51.7790 PM,Dec 5 2019 3:02:51.7790 PM,0
Read_STFW_Version_Before_DL,Read_STFW_Version_Before_DL,Read_STFW_Version_Before_DL,0x0270,PASS,,,,,,,,,Dec 5 2019 3:02:52.1600 PM,Dec 5 2019 3:02:52.1600 PM,0
Read_STFW_Version_Before_DL,Read_STFW_Version_Before_DL,,,PASS,,624,,,,,,,Dec 5 2019 3:02:52.1600 PM,Dec 5 2019 3:02:52.1600 PM,0
Read_MTFW_Version_Before_DL,,,,,,,,,,,,,Dec 5 2019 3:02:52.1630 PM,Dec 5 2019 3:02:52.6040 PM,.4404
Read_MTFW_Version_Before_DL,Read_MTFW_Version_Before_DL,[Hid] /usr/local/bin/hidreport -locationid 0x14770000 -i 0 get 0xbb,,PASS,,,,,,,,,Dec 5 2019 3:02:52.2160 PM,Dec 5 2019 3:02:52.2160 PM,0
Read_MTFW_Version_Before_DL,Read_MTFW_Version_Before_DL,Read_MTFW_Version_Before_DL,0x0515,PASS,,,,,,,,,Dec 5 2019 3:02:52.6030 PM,Dec 5 2019 3:02:52.6030 PM,0
Read_MTFW_Version_Before_DL,Read_MTFW_Version_Before_DL,,,PASS,,1301,,,,,,,Dec 5 2019 3:02:52.6030 PM,Dec 5 2019 3:02:52.6030 PM,0
Read_CCG3FW_Version_Before_DL,,,,,,,,,,,,,Dec 5 2019 3:02:52.6070 PM,Dec 5 2019 3:02:53.9500 PM,1.3432
Read_CCG3FW_Version_Before_DL,Read_CCG3FW_Version_Before_DL,"[Hid] /usr/local/bin/hidreport -locationid 0x14770000 -v 0x05ac -usage 0xff00,0xb set 0xCE 0xCE 6 6 0",,PASS,,,,,,,,,Dec 5 2019 3:02:52.6530 PM,Dec 5 2019 3:02:52.6530 PM,0
Read_CCG3FW_Version_Before_DL,Read_CCG3FW_Version_Before_DL,"[Hid] /usr/local/bin/hidreport -locationid 0x14770000 -usage 0xff00,0xb get 0xA0",,PASS,,,,,,,,,Dec 5 2019 3:02:53.1290 PM,Dec 5 2019 3:02:53.1290 PM,0
Read_CCG3FW_Version_Before_DL,Read_CCG3FW_Version_Before_DL,"[Hid] /usr/local/bin/hidreport -locationid 0x14770000 -v 0x05ac -usage 0xff00,0xb set 0xCE 0xCE 6 6 1",,PASS,,,,,,,,,Dec 5 2019 3:02:53.5630 PM,Dec 5 2019 3:02:53.5630 PM,0
Read_CCG3FW_Version_Before_DL,Read_CCG3FW_Version_Before_DL,Read_CCG3FW_Version_Before_DL,A0 01 01 01 02 01 02 01,PASS,,,,,,,,,Dec 5 2019 3:02:53.9500 PM,Dec 5 2019 3:02:53.9500 PM,0
Read_CCG3FW_Version_Before_DL,Read_CCG3FW_Version_Before_DL,,,PASS,,258,,,,,,,Dec 5 2019 3:02:53.9500 PM,Dec 5 2019 3:02:53.9500 PM,0
Program_STFW,,,,,,,,,,,,,Dec 5 2019 3:02:53.9530 PM,Dec 5 2019 3:05:12.8280 PM,138.8746
Program_STFW,Program_STFW,[Hid] /usr/local/bin/unit1Tool/shfuc -l 0x14770000 -n -v 0x05ac -p 0x026E -f /usr/local/bin/R128-v0x0270-dev-signed.R118.EVT.afu,,PASS,,,,,,,,,Dec 5 2019 3:04:59.2340 PM,Dec 5 2019 3:04:59.2340 PM,0
Program_STFW,Program_STFW,Program_STFW,,PASS,,,,,,,,,Dec 5 2019 3:04:59.2510 PM,Dec 5 2019 3:04:59.2510 PM,0
Program_STFW,Program_STFW,StationReportPlugin,appendReportData,PASS,,,,,,,,,Dec 5 2019 3:04:59.2520 PM,Dec 5 2019 3:04:59.2520 PM,.0001
Program_STFW,Program_STFW,[KAI] sys hrst,sendCommand,PASS,,,,,,,,,Dec 5 2019 3:05:04.3220 PM,Dec 5 2019 3:05:04.4360 PM,.1146
Program_STFW,Program_STFW,[KAI] ,sendCommand,PASS,,,,,,,,,Dec 5 2019 3:05:04.4380 PM,Dec 5 2019 3:05:04.4670 PM,.0287
Program_STFW,Program_STFW,[KAI] flags ~ro,sendCommand,PASS,,,,,,,,,Dec 5 2019 3:05:04.4690 PM,Dec 5 2019 3:05:04.4830 PM,.0143
Program_STFW,Program_STFW,[KAI] orion mode 10,sendCommand,PASS,,,,,,,,,Dec 5 2019 3:05:04.4840 PM,Dec 5 2019 3:05:04.4990 PM,.0145
Program_STFW,Program_STFW,[KAI] sys hrst,sendCommand-2,PASS,,,,,,,,,Dec 5 2019 3:05:08.5750 PM,Dec 5 2019 3:05:08.6930 PM,.1184
Program_STFW,Program_STFW,[KAI] ,sendCommand-2,PASS,,,,,,,,,Dec 5 2019 3:05:08.6950 PM,Dec 5 2019 3:05:08.7200 PM,.0254
Program_STFW,Program_STFW,[KAI] flags ~ro,sendCommand-2,PASS,,,,,,,,,Dec 5 2019 3:05:08.7210 PM,Dec 5 2019 3:05:08.7360 PM,.0145
Program_STFW,Program_STFW,[KAI] orion mode 10,sendCommand-2,PASS,,,,,,,,,Dec 5 2019 3:05:08.7380 PM,Dec 5 2019 3:05:08.7520 PM,.0143
Program_MTFW,,,,,,,,,,,,,Dec 5 2019 3:05:12.8310 PM,Dec 5 2019 3:05:57.9130 PM,45.0825
Program_MTFW,Program_MTFW,[Hid] /usr/local/bin/unit1Tool/shfuc -l 0x14770000 -n -v 0x05ac -p 0x026E -f /usr/local/bin/R118-MTFW-0x0515.HW4.dev-sig.afu,,PASS,,,,,,,,,Dec 5 2019 3:05:39.3210 PM,Dec 5 2019 3:05:39.3210 PM,0
Program_MTFW,Program_MTFW,Program_MTFW,,PASS,,,,,,,,,Dec 5 2019 3:05:39.3370 PM,Dec 5 2019 3:05:39.3370 PM,0
Program_MTFW,Program_MTFW,StationReportPlugin,appendReportData,PASS,,,,,,,,,Dec 5 2019 3:05:39.3390 PM,Dec 5 2019 3:05:39.3390 PM,.0001
Program_MTFW,Program_MTFW,[KAI] sys hrst,sendCommand,PASS,,,,,,,,,Dec 5 2019 3:05:49.4060 PM,Dec 5 2019 3:05:49.5250 PM,.1185
Program_MTFW,Program_MTFW,[KAI] ,sendCommand,PASS,,,,,,,,,Dec 5 2019 3:05:49.5260 PM,Dec 5 2019 3:05:49.5520 PM,.0251
Program_MTFW,Program_MTFW,[KAI] flags ~ro,sendCommand,PASS,,,,,,,,,Dec 5 2019 3:05:49.5530 PM,Dec 5 2019 3:05:49.5680 PM,.0147
Program_MTFW,Program_MTFW,[KAI] orion mode 10,sendCommand,PASS,,,,,,,,,Dec 5 2019 3:05:49.5690 PM,Dec 5 2019 3:05:49.5840 PM,.0144
Program_MTFW,Program_MTFW,[KAI] sys hrst,sendCommand-2,PASS,,,,,,,,,Dec 5 2019 3:05:53.6600 PM,Dec 5 2019 3:05:53.7660 PM,.1052
Program_MTFW,Program_MTFW,[KAI] ,sendCommand-2,PASS,,,,,,,,,Dec 5 2019 3:05:53.7670 PM,Dec 5 2019 3:05:53.8060 PM,.0389
Program_MTFW,Program_MTFW,[KAI] flags ~ro,sendCommand-2,PASS,,,,,,,,,Dec 5 2019 3:05:53.8070 PM,Dec 5 2019 3:05:53.8220 PM,.0147
Program_MTFW,Program_MTFW,[KAI] orion mode 10,sendCommand-2,PASS,,,,,,,,,Dec 5 2019 3:05:53.8240 PM,Dec 5 2019 3:05:53.8380 PM,.0144
Program_CCG3FW,,,,,,,,,,,,,Dec 5 2019 3:05:57.9170 PM,Dec 5 2019 3:07:00.4890 PM,62.5723
Program_CCG3FW,Program_CCG3FW,[Hid] /usr/local/bin/unit1Tool/shfuc -l 0x14770000 -n -v 0x05ac -p 0x026E -f /usr/local/bin/R118-CCG3-0x0102_EVT-apps.dev-sig.afu,,PASS,,,,,,,,,Dec 5 2019 3:06:41.1510 PM,Dec 5 2019 3:06:41.1510 PM,0
Program_CCG3FW,Program_CCG3FW,Program_CCG3FW,,PASS,,,,,,,,,Dec 5 2019 3:06:41.1660 PM,Dec 5 2019 3:06:41.1660 PM,0
Program_CCG3FW,Program_CCG3FW,StationReportPlugin,appendReportData,PASS,,,,,,,,,Dec 5 2019 3:06:41.1680 PM,Dec 5 2019 3:06:41.1680 PM,.0001
Program_CCG3FW,Program_CCG3FW,[KAI] sys hrst,sendCommand,PASS,,,,,,,,,Dec 5 2019 3:06:56.2360 PM,Dec 5 2019 3:06:56.3550 PM,.1186
Program_CCG3FW,Program_CCG3FW,[KAI] ,sendCommand,PASS,,,,,,,,,Dec 5 2019 3:06:56.3570 PM,Dec 5 2019 3:06:56.3820 PM,.0254
Program_CCG3FW,Program_CCG3FW,[KAI] flags ~ro,sendCommand,PASS,,,,,,,,,Dec 5 2019 3:06:56.3840 PM,Dec 5 2019 3:06:56.3980 PM,.0146
Program_CCG3FW,Program_CCG3FW,[KAI] orion mode 10,sendCommand,PASS,,,,,,,,,Dec 5 2019 3:06:56.4000 PM,Dec 5 2019 3:06:56.4140 PM,.0144
Read_STFW_Version_After_DL,,,,,,,,,,,,,Dec 5 2019 3:07:00.4920 PM,Dec 5 2019 3:07:00.9350 PM,.4429
Read_STFW_Version_After_DL,Read_STFW_Version_After_DL,[Hid] /usr/local/bin/hidreport -locationid 0x14770000 -i 0 get 0xB4,,PASS,,,,,,,,,Dec 5 2019 3:07:00.5470 PM,Dec 5 2019 3:07:00.5470 PM,0
Read_STFW_Version_After_DL,Read_STFW_Version_After_DL,Read_STFW_Version_After_DL,0x0270,PASS,,,,,,,,,Dec 5 2019 3:07:00.9350 PM,Dec 5 2019 3:07:00.9350 PM,0
Read_STFW_Version_After_DL,Read_STFW_Version_After_DL,,,PASS,,624,,624,624,,,,Dec 5 2019 3:07:00.9350 PM,Dec 5 2019 3:07:00.9350 PM,0
Read_MTFW_Version_After_DL,,,,,,,,,,,,,Dec 5 2019 3:07:00.9380 PM,Dec 5 2019 3:07:01.3750 PM,.4367
Read_MTFW_Version_After_DL,Read_MTFW_Version_After_DL,[Hid] /usr/local/bin/hidreport -locationid 0x14770000 -i 0 get 0xbb,,PASS,,,,,,,,,Dec 5 2019 3:07:00.9910 PM,Dec 5 2019 3:07:00.9910 PM,0
Read_MTFW_Version_After_DL,Read_MTFW_Version_After_DL,Read_MTFW_Version_After_DL,0x0515,PASS,,,,,,,,,Dec 5 2019 3:07:01.3740 PM,Dec 5 2019 3:07:01.3740 PM,0
Read_MTFW_Version_After_DL,Read_MTFW_Version_After_DL,,,PASS,,1301,,1301,1301,,,,Dec 5 2019 3:07:01.3740 PM,Dec 5 2019 3:07:01.3740 PM,0
Read_CCG3FW_Version_After_DL,,,,,,,,,,,,,Dec 5 2019 3:07:01.3780 PM,Dec 5 2019 3:07:02.7110 PM,1.3339
Read_CCG3FW_Version_After_DL,Read_CCG3FW_Version_After_DL,"[Hid] /usr/local/bin/hidreport -locationid 0x14770000 -v 0x05ac -usage 0xff00,0xb set 0xCE 0xCE 6 6 0",,PASS,,,,,,,,,Dec 5 2019 3:07:01.4230 PM,Dec 5 2019 3:07:01.4230 PM,0
Read_CCG3FW_Version_After_DL,Read_CCG3FW_Version_After_DL,"[Hid] /usr/local/bin/hidreport -locationid 0x14770000 -usage 0xff00,0xb get 0xA0",,PASS,,,,,,,,,Dec 5 2019 3:07:01.8900 PM,Dec 5 2019 3:07:01.8900 PM,0
Read_CCG3FW_Version_After_DL,Read_CCG3FW_Version_After_DL,"[Hid] /usr/local/bin/hidreport -locationid 0x14770000 -v 0x05ac -usage 0xff00,0xb set 0xCE 0xCE 6 6 1",,PASS,,,,,,,,,Dec 5 2019 3:07:02.3240 PM,Dec 5 2019 3:07:02.3240 PM,0
Read_CCG3FW_Version_After_DL,Read_CCG3FW_Version_After_DL,Read_CCG3FW_Version_After_DL,A0 02 01 01 02 01 02 01,PASS,,,,,,,,,Dec 5 2019 3:07:02.7110 PM,Dec 5 2019 3:07:02.7110 PM,0
Read_CCG3FW_Version_After_DL,Read_CCG3FW_Version_After_DL,,,PASS,,258,,258,258,,,,Dec 5 2019 3:07:02.7110 PM,Dec 5 2019 3:07:02.7110 PM,0
Finish_DRCB,,,,,,,,,,,,,Dec 5 2019 3:07:02.7160 PM,Dec 5 2019 3:07:03.1750 PM,.4594
Finish_DRCB,Finish_DRCB,DRCB,Finish,PASS,,,,,,,,,Dec 5 2019 3:07:02.7170 PM,Dec 5 2019 3:07:03.1740 PM,.4564
