Test,Plugin,Command,Status,Info,Start Time,End Time,Duration (s)
Read_SN,KAI,changeDelimiter,PASS,,Dec 5 2019 3:02:47.7810 PM,Dec 5 2019 3:02:47.7810 PM,.0001
Read_SN,KAI,changeLineTerminator,PASS,,Dec 5 2019 3:02:47.7830 PM,Dec 5 2019 3:02:47.7830 PM,0
Read_SN,KAI,open,PASS,,Dec 5 2019 3:02:47.7860 PM,Dec 5 2019 3:02:49.3750 PM,1.5898
Read_SN,KAI,read,PASS,,Dec 5 2019 3:02:49.3780 PM,Dec 5 2019 3:02:49.4060 PM,.0282
Read_SN,StationReportPlugin,isReporting,PASS,,Dec 5 2019 3:02:49.4090 PM,Dec 5 2019 3:02:49.4090 PM,.0001
Start_Data_Reporting,DRCB,startDataReporting,PASS,,Dec 5 2019 3:02:49.8620 PM,Dec 5 2019 3:02:49.8710 PM,.0084
Start_Control_Bit,DRCB,startControlBits,PASS,,Dec 5 2019 3:02:49.8760 PM,Dec 5 2019 3:02:50.1780 PM,.3016
BUILD_EVENT,SFCSupport,getAttribute,PASS,,Dec 5 2019 3:02:50.6310 PM,Dec 5 2019 3:02:50.6580 PM,.0266
BUILD_EVENT,SFCSupport,getAttribute,PASS,,Dec 5 2019 3:02:50.6590 PM,Dec 5 2019 3:02:50.6640 PM,.0047
BUILD_EVENT,SFCSupport,getAttribute,PASS,,Dec 5 2019 3:02:50.6650 PM,Dec 5 2019 3:02:50.6690 PM,.0035
BUILD_EVENT,SFCSupport,getAttribute,PASS,,Dec 5 2019 3:02:50.6700 PM,Dec 5 2019 3:02:50.6740 PM,.004
KAI_FW,KAI,sendCommand,PASS,,Dec 5 2019 3:02:50.6900 PM,Dec 5 2019 3:02:50.7000 PM,.0102
Check_MLB_SN,StationReportPlugin,appendReportData,PASS,,Dec 5 2019 3:02:51.7230 PM,Dec 5 2019 3:02:51.7230 PM,.0001
Program_STFW,StationReportPlugin,appendReportData,PASS,,Dec 5 2019 3:04:59.2520 PM,Dec 5 2019 3:04:59.2520 PM,.0002
Program_STFW,KAI,sendCommand,PASS,,Dec 5 2019 3:05:04.3220 PM,Dec 5 2019 3:05:04.4360 PM,.1147
Program_STFW,KAI,sendCommand,PASS,,Dec 5 2019 3:05:04.4380 PM,Dec 5 2019 3:05:04.4670 PM,.0288
Program_STFW,KAI,sendCommand,PASS,,Dec 5 2019 3:05:04.4690 PM,Dec 5 2019 3:05:04.4830 PM,.0143
Program_STFW,KAI,sendCommand,PASS,,Dec 5 2019 3:05:04.4840 PM,Dec 5 2019 3:05:04.4990 PM,.0146
Program_STFW,KAI,sendCommand,PASS,,Dec 5 2019 3:05:08.5750 PM,Dec 5 2019 3:05:08.6930 PM,.1184
Program_STFW,KAI,sendCommand,PASS,,Dec 5 2019 3:05:08.6950 PM,Dec 5 2019 3:05:08.7200 PM,.0254
Program_STFW,KAI,sendCommand,PASS,,Dec 5 2019 3:05:08.7210 PM,Dec 5 2019 3:05:08.7360 PM,.0145
Program_STFW,KAI,sendCommand,PASS,,Dec 5 2019 3:05:08.7380 PM,Dec 5 2019 3:05:08.7520 PM,.0143
Program_MTFW,StationReportPlugin,appendReportData,PASS,,Dec 5 2019 3:05:39.3390 PM,Dec 5 2019 3:05:39.3390 PM,.0002
Program_MTFW,KAI,sendCommand,PASS,,Dec 5 2019 3:05:49.4060 PM,Dec 5 2019 3:05:49.5250 PM,.1185
Program_MTFW,KAI,sendCommand,PASS,,Dec 5 2019 3:05:49.5260 PM,Dec 5 2019 3:05:49.5520 PM,.0251
Program_MTFW,KAI,sendCommand,PASS,,Dec 5 2019 3:05:49.5530 PM,Dec 5 2019 3:05:49.5680 PM,.0148
Program_MTFW,KAI,sendCommand,PASS,,Dec 5 2019 3:05:49.5690 PM,Dec 5 2019 3:05:49.5840 PM,.0145
Program_MTFW,KAI,sendCommand,PASS,,Dec 5 2019 3:05:53.6600 PM,Dec 5 2019 3:05:53.7660 PM,.1053
Program_MTFW,KAI,sendCommand,PASS,,Dec 5 2019 3:05:53.7670 PM,Dec 5 2019 3:05:53.8060 PM,.0389
Program_MTFW,KAI,sendCommand,PASS,,Dec 5 2019 3:05:53.8070 PM,Dec 5 2019 3:05:53.8220 PM,.0147
Program_MTFW,KAI,sendCommand,PASS,,Dec 5 2019 3:05:53.8240 PM,Dec 5 2019 3:05:53.8380 PM,.0144
Program_CCG3FW,StationReportPlugin,appendReportData,PASS,,Dec 5 2019 3:06:41.1680 PM,Dec 5 2019 3:06:41.1680 PM,.0002
Program_CCG3FW,KAI,sendCommand,PASS,,Dec 5 2019 3:06:56.2360 PM,Dec 5 2019 3:06:56.3550 PM,.1186
Program_CCG3FW,KAI,sendCommand,PASS,,Dec 5 2019 3:06:56.3570 PM,Dec 5 2019 3:06:56.3820 PM,.0255
Program_CCG3FW,KAI,sendCommand,PASS,,Dec 5 2019 3:06:56.3840 PM,Dec 5 2019 3:06:56.3980 PM,.0146
Program_CCG3FW,KAI,sendCommand,PASS,,Dec 5 2019 3:06:56.4000 PM,Dec 5 2019 3:06:56.4140 PM,.0144
Finish_DRCB,DRCB,finish,PASS,,Dec 5 2019 3:07:02.7170 PM,Dec 5 2019 3:07:03.1740 PM,.4565
