group,name,units,upperLimit,lowerLimit,relaxedUpperLimit,relaxedLowerLimit
,VA_Magnetometer_Average_X,uT,1200,-1200,,
,VA_Magnetometer_Average_Y,uT,1200,-1200,,
,VA_Magnetometer_Average_Z,uT,1200,-1200,,
,VA_Magnetometer_ODR,Hz,110,90,,
,VA_Magnetometer_ODR_Magnesium,Hz,110,90,,
,VA_Magnetometer_ODR_Molybdenum,Hz,55,45,,
,VA_Magnetometer_Average_Temp,deg C,45,5,,
,VA_Magnetometer_std_X,uT-rms,0.5,0.001,,
,VA_Magnetometer_std_Y,uT-rms,0.5,0.001,,
,VA_Magnetometer_std_Z,uT-rms,0.5,0.001,,
,VA_Compass_Version,NA,,,,
,CRC_calculated,NA,,,,
,CRC_read,NA,,,,