group,name,units,upperLimit,lowerLimit,relaxedUpperLimit,relaxedLowerLimit
,Orion Input mode voltage wo,mV,6000,4000,,
,Orion Input mode current,mA,115,85,,
,Orion Input mode current,mA,1600,1400,,
,Orion Input mode current,mA,3100,2900,,
,Orion Input mode voltage wo,mV,10000,8000,,
,Orion output 50mA mode voltage wo,mV,4500,3300,,
,Orion output 50mA mode current,mA,60,40,,
,Orion output 50mA mode voltage w,mV,4500,3300,,
,Orion output 1000mA mode voltage wo,mV,4500,3300,,
,Orion output 1000mA mode current,mA,280,220,,
,Orion output 1000mA mode voltage w,mV,4500,3300,,
,Orion output 500mA mode voltage wo,mV,4500,3300,,
,Orion output 500mA mode current,mA,530,470,,
,Orion output 500mA mode voltage w,mV,4500,3300,,
,Orion output 1700mA mode voltage wo,mV,4500,3300,,
,Orion output 1700mA mode current,mA,1900,1600,,
,Orion output 1700mA mode voltage w,mV,4500,3000,,
,Orion voltage drop with 1700mA,mV,800,200,,
,Orion output 1700mA mode DCR,mOhms,300,100,,
,Orion output 1000mA mode voltage wo,mV,5250,4800,,
,Orion output 1000mA mode current,mA,1070,930,,
,Orion output 1000mA mode voltage w,mV,5200,4250,,
,Orion output 2000mA mode voltage wo,mV,5250,4800,,
,Orion output 2000mA mode current,mA,2100,1900,,
,Orion output 2000mA mode voltage w,mV,5000,4200,,
,Orion voltage drop with 2000mA,mV,700,30,,
,Orion output 2000mA mode DCR,mOhms,300,30,,