group,name,units,upperLimit,lowerLimit,relaxedUpperLimit,relaxedLowerLimit,
,Process,,,,,,
,DBCl,,,,,,
,DTCl,,,,,,
,WV_Phosphorus_Mfg_ID,NA,228,228,,,
,WV_Phosphorus_Chip_ID,NA,40,40,,,
,WV_Phosphorus_Trim_Rev,NA,,,,,
,WV_Phosphorus_Trim_Rev2,NA,1,1,,,
,WV_Phosphorus_Trim_Rev3,NA,,,,,
,WV_Phosphorus_ODR,Hz,30,20,,,
,WV_Phosphorus_Temp_Average,deg C,45,15,,,
,WV_Phosphorus_Temp_STD,deg C,0.2,0,,,
,WV_Phosphorus_Average,kPa,105,90,,,
,WV_Phosphorus_STD,Pa,5,0.01,,,
,Pearl_Capacitance,NA,,,,,
,Check Titus Module Capacitance(Atto Farads),NA,,,,,
,Sim Tray Test,NA,,,,,
,Sim Card Check,NA,,,,,
P2,bbsmtqt.baseband.bbon.ret,NA,0.5,0,,,
P2,bbsmtqt.baseband.bbon.execTime,s,2147483647,-2147483648,,,
P2,bbsmtqt.baseband.bbloadfw.ret,NA,0.5,0,,,
P2,bbsmtqt.baseband.bbloadfw.execTime,s,2147483647,-2147483648,,,
P2,bbsmtqt.baseband.bbcheckcalibration.ret,NA,0.5,0,,,
P2,bbsmtqt.baseband.bbcheckcalibration.execTime,s,2147483647,-2147483648,,,
P2,bbsmtqt.baseband.bbsim.ret,NA,0.5,0,,,
P2,bbsmtqt.baseband.bbsim.execTime,s,2147483647,-2147483648,,,
P2,bbsmtqt.baseband.gpson.ret,NA,0.5,0,,,
P2,bbsmtqt.baseband.gpson.execTime,s,2147483647,-2147483648,,,
P2,bbsmtqt.baseband.gpsloadfw.ret,NA,0.5,0,,,
P2,bbsmtqt.baseband.gpsloadfw.execTime,s,2147483647,-2147483648,,,
P2,bbsmtqt.wlan.wlon.ret,NA,0.5,0,,,
P2,bbsmtqt.wlan.wlon.execTime,s,2147483647,-2147483648,,,
P2,bbsmtqt.wlan.wlloadfw.ret,NA,0.5,0,,,
P2,bbsmtqt.wlan.wlloadfw.execTime,s,2147483647,-2147483648,,,
P2,bbsmtqt.wlan.wlotp.ret,NA,0.5,0,,,
P2,bbsmtqt.wlan.wlotp.execTime,s,2147483647,-2147483648,,,
P2,bbsmtqt.wlan.wlds.ret,NA,0.5,0,,,
P2,bbsmtqt.wlan.wlds.execTime,s,2147483647,-2147483648,,,
P2,bbsmtqt.wlan.wluart.ret,NA,0.5,0,,,
P2,bbsmtqt.wlan.wluart.execTime,s,2147483647,-2147483648,,,
P2,bbsmtqt.sh.shon.ret,NA,0.5,0,,,
P2,bbsmtqt.sh.shon.execTime,s,2147483647,-2147483648,,,
P2,bbsmtqt.sh.sepostdumpaclog.ret,NA,0.5,0,,,
P2,bbsmtqt.sh.sepostdumpaclog.execTime,s,2147483647,-2147483648,,,
P2,bbsmtqt.sh.shseping.ret,NA,0.5,0,,,
P2,bbsmtqt.sh.shseping.execTime,s,2147483647,-2147483648,,,
P2,bbsmtqt.sh.shswp.ret,NA,0.5,0,,,
P2,bbsmtqt.sh.shswp.execTime,s,2147483647,-2147483648,,,
P2,bbsmtqt.sh.se.selb.ret,NA,0.5,0,,,
P2,bbsmtqt.sh.se.selb.execTime,s,2147483647,-2147483648,,,
P2,bbsmtqt.sh.shsby.ret,NA,0.5,0,,,
P2,bbsmtqt.sh.shsby.execTime,s,2147483647,-2147483648,,,
P2,bbsmtqt.sh.shoff.ret,NA,0.5,0,,,
P2,bbsmtqt.sh.shoff.execTime,s,2147483647,-2147483648,,,
P2,bbsmtqt.cleanup.ret,NA,0.5,0,,,
P2,bbsmtqt.cleanup.execTime,s,2147483647,-2147483648,,,
P2,bbsmtqt.sh.shscleanup.ret,NA,0.5,0,,,
P2,bbsmtqt.sh.shscleanup.execTime,s,2147483647,-2147483648,,,
P2,mte.execTime,s,2147483647,-2147483648,,,
P2,mte.errorCount,s,2147483647,-2147483648,,,
