Test,Plugin,Command,Status,Info,Start Time,End Time,Duration (s)
5. Backlight,EFIDut,sendCommand,ERROR,"NO FAILURE MESSAGE PROVIDED (     ""[EFIDut] bl -n"" ); ",Jan 11 2020 2:51:36.0710 PM,Jan 11 2020 2:51:36.1090 PM,.0381
5. Backlight,EFIDut,sendCommand,ERROR,"NO FAILURE MESSAGE PROVIDED (     ""[EFIDut] bl -l"" ); ",Jan 11 2020 2:51:36.1120 PM,Jan 11 2020 2:51:36.1490 PM,.0365
10. Process,DRCB,startControlBits,ERROR,startControlBits needs all files to be secure; ,Jan 11 2020 2:51:36.6010 PM,Jan 11 2020 2:51:36.6010 PM,.0005
27. Grape,EFIDut,sendCommand,ERROR,"NO FAILURE MESSAGE PROVIDED (     ""[EFIDut] touch --off"" ); ",Jan 11 2020 2:51:38.1310 PM,Jan 11 2020 2:51:38.1710 PM,.0394
27. Grape,EFIDut,sendCommand,ERROR,"NO FAILURE MESSAGE PROVIDED (     ""[EFIDut] touch --on"" ); ",Jan 11 2020 2:51:38.1740 PM,Jan 11 2020 2:51:38.2110 PM,.0372
27. Grape,EFIDut,sendCommand,ERROR,"NO FAILURE MESSAGE PROVIDED (     ""[EFIDut] touch --load_firmware"" ); ",Jan 11 2020 2:51:38.2150 PM,Jan 11 2020 2:51:38.2530 PM,.0379
28. Grape,EFIDut,sendCommand,ERROR,"NO FAILURE MESSAGE PROVIDED (     ""[EFIDut] touch --test critical --run"" ); ",Jan 11 2020 2:51:38.2630 PM,Jan 11 2020 2:51:38.2930 PM,.0302
29. Grape,EFIDut,sendCommand,ERROR,"NO FAILURE MESSAGE PROVIDED (     ""[EFIDut] touch --off"" ); ",Jan 11 2020 2:51:38.3390 PM,Jan 11 2020 2:51:38.3710 PM,.032
30. OpticalSensor,EFIDut,sendCommand,ERROR,"NO FAILURE MESSAGE PROVIDED (     ""[EFIDut] i2c -v 3 0x39 0x80 0x00"" ); ",Jan 11 2020 2:51:38.4130 PM,Jan 11 2020 2:51:38.4560 PM,.0429
30. OpticalSensor,EFIDut,sendCommand,ERROR,"NO FAILURE MESSAGE PROVIDED (     ""[EFIDut] i2c -v 3 0x39 0x80 0x01"" ); ",Jan 11 2020 2:51:38.4840 PM,Jan 11 2020 2:51:38.5170 PM,.0329
30. OpticalSensor,EFIDut,sendCommand,ERROR,"NO FAILURE MESSAGE PROVIDED (     ""[EFIDut] i2c -v 3 0x39 0x81 0xFF"" ); ",Jan 11 2020 2:51:38.5220 PM,Jan 11 2020 2:51:38.5560 PM,.0338
30. OpticalSensor,EFIDut,sendCommand,ERROR,"NO FAILURE MESSAGE PROVIDED (     ""[EFIDut] i2c -v 3 0x39 0x80 0x13"" ); ",Jan 11 2020 2:51:38.5600 PM,Jan 11 2020 2:51:38.5980 PM,.038
30. OpticalSensor,EFIDut,sendCommand,ERROR,"NO FAILURE MESSAGE PROVIDED (     ""[EFIDut] socgpio --port 1 --pin 20 --get"" ); ",Jan 11 2020 2:51:38.8970 PM,Jan 11 2020 2:51:38.9210 PM,.0234
30. OpticalSensor,EFIDut,sendCommand,ERROR,"NO FAILURE MESSAGE PROVIDED (     ""[EFIDut] i2c -v 3 0x39 0x80 0x00"" ); ",Jan 11 2020 2:51:38.9240 PM,Jan 11 2020 2:51:38.9560 PM,.032
31. OpticalSensor,EFIDut,sendCommand,ERROR,"NO FAILURE MESSAGE PROVIDED (     ""[EFIDut] i2c -v 3 0x29 0x80 0x00"" ); ",Jan 11 2020 2:51:38.9930 PM,Jan 11 2020 2:51:39.0370 PM,.044
31. OpticalSensor,EFIDut,sendCommand,ERROR,"NO FAILURE MESSAGE PROVIDED (     ""[EFIDut] socgpio --port 1 --pin 21 --get"" ); ",Jan 11 2020 2:51:39.0420 PM,Jan 11 2020 2:51:39.0610 PM,.0189
31. OpticalSensor,EFIDut,sendCommand,ERROR,"NO FAILURE MESSAGE PROVIDED (     ""[EFIDut] i2c -v 3 0x29 0x80 0x01"" ); ",Jan 11 2020 2:51:39.0640 PM,Jan 11 2020 2:51:39.0960 PM,.0321
31. OpticalSensor,EFIDut,sendCommand,ERROR,"NO FAILURE MESSAGE PROVIDED (     ""[EFIDut] i2c -v 3 0x29 0x81 0xFF"" ); ",Jan 11 2020 2:51:39.0990 PM,Jan 11 2020 2:51:39.1360 PM,.0367
31. OpticalSensor,EFIDut,sendCommand,ERROR,"NO FAILURE MESSAGE PROVIDED (     ""[EFIDut] i2c -v 3 0x29 0x80 0x13"" ); ",Jan 11 2020 2:51:39.1390 PM,Jan 11 2020 2:51:39.1760 PM,.037
31. OpticalSensor,EFIDut,sendCommand,ERROR,"NO FAILURE MESSAGE PROVIDED (     ""[EFIDut] i2c -v 3 0x29 0x80 0x00"" ); ",Jan 11 2020 2:51:39.5040 PM,Jan 11 2020 2:51:39.5360 PM,.0324
36. System,EFIDut,sendCommand,ERROR,"NO FAILURE MESSAGE PROVIDED (     ""[Diags] display --on"",     sendCommand ); ",Jan 11 2020 2:51:40.9440 PM,Jan 11 2020 2:51:40.9750 PM,.0314
54. Battery,EFIDut,sendCommand,ERROR,"NO FAILURE MESSAGE PROVIDED (     ""[EFIDut] device -k GasGauge -g chem-cap-updates-en"" ); ",Jan 11 2020 2:51:56.4940 PM,Jan 11 2020 2:51:56.6490 PM,.1541
56. Battery,EFIDut,sendCommand,ERROR,"NO FAILURE MESSAGE PROVIDED (     ""[EFIDut] device -k GasGauge --get sealed"" ); ",Jan 11 2020 2:51:56.7410 PM,Jan 11 2020 2:51:56.8830 PM,.1419
57. Display,EFIDut,sendCommand,ERROR,"NO FAILURE MESSAGE PROVIDED (     ""[Diags] dptx -e alpm -t \""false\"""",     sendCommand ); ",Jan 11 2020 2:51:56.8990 PM,Jan 11 2020 2:51:57.1980 PM,.2991
57. Display,EFIDut,sendCommand,ERROR,"NO FAILURE MESSAGE PROVIDED (     ""[Diags] display --off"",     sendCommand ); ",Jan 11 2020 2:51:57.2000 PM,Jan 11 2020 2:51:57.2380 PM,.038
57. Display,EFIDut,sendCommand,ERROR,"NO FAILURE MESSAGE PROVIDED (     ""[Diags] bl -n"",     sendCommand ); ",Jan 11 2020 2:51:57.2400 PM,Jan 11 2020 2:51:57.2750 PM,.0343
57. Display,EFIDut,sendCommand,ERROR,"NO FAILURE MESSAGE PROVIDED (     ""[Diags] display --on"",     sendCommand ); ",Jan 11 2020 2:51:57.2780 PM,Jan 11 2020 2:51:57.3180 PM,.0398
57. Display,EFIDut,sendCommand,ERROR,"NO FAILURE MESSAGE PROVIDED (     ""[Diags] display --method ber --options \""-r\"""",     sendCommand ); ",Jan 11 2020 2:51:57.3200 PM,Jan 11 2020 2:51:57.3600 PM,.0404
57. Display,EFIDut,sendCommand,ERROR,"NO FAILURE MESSAGE PROVIDED (     ""[Diags] dptx -e alpm -t \""true\"""",     sendCommand ); ",Jan 11 2020 2:51:57.4000 PM,Jan 11 2020 2:51:57.6970 PM,.2972
74. Process,DRCB,finish,FAIL,station no longer secure; ,Jan 11 2020 2:51:58.5260 PM,Jan 11 2020 2:51:58.7060 PM,.1794
