Related Test,Name-1,Name-2,Name-3,Status,Info,Measurement,Units,Upper Limit,Lower Limit,Relaxed Upper Limit,Relaxed Lower Limit,Limit Units,Start Time,End Time,Duration (s)
1. SystemState,,,,,,,,,,,,,Jan 11 2020 2:51:28.4910 PM,Jan 11 2020 2:51:34.8640 PM,6.3722
1. SystemState,SystemState,Spartan_FW_Version,spartanParameterCheck,PASS,,1,NA,,,,,,Jan 11 2020 2:51:34.8610 PM,Jan 11 2020 2:51:34.8610 PM,0
1. SystemState,SystemState,Spartan_FW_Version,SpartanPlugin-spartanParameterCheck,PASS,,,,,,,,,Jan 11 2020 2:51:34.8610 PM,Jan 11 2020 2:51:34.8610 PM,.0001
1. SystemState,SystemState,Spartan_FW_Version,spartan FW Version : 0.7.0,PASS,,,,,,,,,Jan 11 2020 2:51:34.8630 PM,Jan 11 2020 2:51:34.8630 PM,0
1. SystemState,SystemState,Spartan_FW_Version,spartan Serial Number : FV49465003DKTR02T,PASS,,,,,,,,,Jan 11 2020 2:51:34.8630 PM,Jan 11 2020 2:51:34.8630 PM,0
2. SystemState,,,,,,,,,,,,,Jan 11 2020 2:51:34.8670 PM,Jan 11 2020 2:51:34.8760 PM,.0096
2. SystemState,SystemState,Spartan_Environment_Check,Power Role for Target : Source,PASS,,,,,,,,,Jan 11 2020 2:51:34.8750 PM,Jan 11 2020 2:51:34.8750 PM,0
2. SystemState,SystemState,Spartan_Environment_Check,Charging Enabled : Yes,PASS,,,,,,,,,Jan 11 2020 2:51:34.8750 PM,Jan 11 2020 2:51:34.8750 PM,0
2. SystemState,SystemState,Spartan_Environment_Check,SBU Protocol : SWD,PASS,,,,,,,,,Jan 11 2020 2:51:34.8750 PM,Jan 11 2020 2:51:34.8750 PM,0
2. SystemState,SystemState,Spartan_Environment_Check,SBU Target : 0x06,PASS,,,,,,,,,Jan 11 2020 2:51:34.8750 PM,Jan 11 2020 2:51:34.8750 PM,0
2. SystemState,SystemState,Spartan_Environment_Check,SBU Passthrough Enabled : No,PASS,,,,,,,,,Jan 11 2020 2:51:34.8750 PM,Jan 11 2020 2:51:34.8750 PM,0
2. SystemState,SystemState,Spartan_Environment_Check,Debug USB Protocol : Disabled,PASS,,,,,,,,,Jan 11 2020 2:51:34.8750 PM,Jan 11 2020 2:51:34.8750 PM,0
2. SystemState,SystemState,Spartan_Environment_Check,Debug USB Target : 0x06,PASS,,,,,,,,,Jan 11 2020 2:51:34.8760 PM,Jan 11 2020 2:51:34.8760 PM,0
2. SystemState,SystemState,Spartan_Environment_Check,Debug USB Delay : 0,PASS,,,,,,,,,Jan 11 2020 2:51:34.8760 PM,Jan 11 2020 2:51:34.8760 PM,0
2. SystemState,SystemState,Spartan_Environment_Check,SWD Clock Rate : 3000000,PASS,,,,,,,,,Jan 11 2020 2:51:34.8760 PM,Jan 11 2020 2:51:34.8760 PM,0
2. SystemState,SystemState,Spartan_Environment_Check,Dock Channels Enabled : Yes,PASS,,,,,,,,,Jan 11 2020 2:51:34.8760 PM,Jan 11 2020 2:51:34.8760 PM,0
2. SystemState,SystemState,Spartan_Environment_Check,Dock Channel Mask : 0xFFFFFC01,PASS,,,,,,,,,Jan 11 2020 2:51:34.8760 PM,Jan 11 2020 2:51:34.8760 PM,0
2. SystemState,SystemState,Spartan_Environment_Check,UART Baud Rate : 115200,PASS,,,,,,,,,Jan 11 2020 2:51:34.8760 PM,Jan 11 2020 2:51:34.8760 PM,0
3. SystemState,,,,,,,,,,,,,Jan 11 2020 2:51:34.8800 PM,Jan 11 2020 2:51:35.3300 PM,.4496
3. SystemState,SystemState,Enter_Diags,UART-open,PASS,,,,,,,,,Jan 11 2020 2:51:34.8830 PM,Jan 11 2020 2:51:34.9810 PM,.0979
3. SystemState,SystemState,Enter_Diags,UART-read,PASS,,,,,,,,,Jan 11 2020 2:51:34.9840 PM,Jan 11 2020 2:51:34.9990 PM,.015
3. SystemState,SystemState,Enter_Diags,UART-changeLineTerminator,PASS,,,,,,,,,Jan 11 2020 2:51:35.0010 PM,Jan 11 2020 2:51:35.0010 PM,0
3. SystemState,SystemState,Enter_Diags,UART-sendCommand,PASS,,,,,,,,,Jan 11 2020 2:51:35.0020 PM,Jan 11 2020 2:51:35.0150 PM,.013
3. SystemState,SystemState,Enter_Diags,UART-sendCommand-2,PASS,,,,,,,,,Jan 11 2020 2:51:35.0160 PM,Jan 11 2020 2:51:35.0320 PM,.0152
3. SystemState,SystemState,Enter_Diags,UART-changeDelimiter,PASS,,,,,,,,,Jan 11 2020 2:51:35.0330 PM,Jan 11 2020 2:51:35.0330 PM,0
3. SystemState,SystemState,Enter_Diags,UART-sendCommand-3,PASS,,,,,,,,,Jan 11 2020 2:51:35.0340 PM,Jan 11 2020 2:51:35.0350 PM,.001
3. SystemState,SystemState,Enter_Diags,UART-changeDelimiter-2,PASS,,,,,,,,,Jan 11 2020 2:51:35.0470 PM,Jan 11 2020 2:51:35.0470 PM,0
3. SystemState,SystemState,Enter_Diags,UART-sendCommand-4,PASS,,,,,,,,,Jan 11 2020 2:51:35.0490 PM,Jan 11 2020 2:51:35.3230 PM,.274
3. SystemState,SystemState,Enter_Diags,UART-read-2,PASS,,,,,,,,,Jan 11 2020 2:51:35.3240 PM,Jan 11 2020 2:51:35.3270 PM,.0032
3. SystemState,SystemState,Enter_Diags,UART-close,PASS,,,,,,,,,Jan 11 2020 2:51:35.3290 PM,Jan 11 2020 2:51:35.3290 PM,.0005
4. DUTinfo,,,,,,,,,,,,,Jan 11 2020 2:51:35.3340 PM,Jan 11 2020 2:51:36.0650 PM,.7312
4. DUTinfo,DUTinfo,Diag_Version,EFIDut-open,PASS,,,,,,,,,Jan 11 2020 2:51:35.3370 PM,Jan 11 2020 2:51:35.6340 PM,.2967
4. DUTinfo,DUTinfo,Diag_Version,EFIDut-syncCmdResp,PASS,,,,,,,,,Jan 11 2020 2:51:35.6370 PM,Jan 11 2020 2:51:35.6620 PM,.0257
4. DUTinfo,DUTinfo,Diag_Version,[EFIDut] ver,PASS,,,,,,,,,Jan 11 2020 2:51:35.6650 PM,Jan 11 2020 2:51:35.7170 PM,.0516
4. DUTinfo,DUTinfo,Diag_Version,Invalid key 'DIAG_VER' and value '[]',FAIL,"$#@!([add_device_attribute], :NIL:, ""Invalid key 'DIAG_VER' and value '[]'"")[[Raised from, /Users/gdlocal/Library/Atlas/Sequences/CSVSetup.rush, 1258], [Called from, /Users/gdlocal/Library/Atlas/Sequences/CSVSetup.rush, 719]]",,,,,,,,Jan 11 2020 2:51:35.7190 PM,Jan 11 2020 2:51:35.7190 PM,0
4. DUTinfo,DUTinfo,Diag_Version,[EFIDut] charge --auto,PASS,,,,,,,,,Jan 11 2020 2:51:35.7210 PM,Jan 11 2020 2:51:35.9690 PM,.2478
4. DUTinfo,DUTinfo,Diag_Version,[EFIDut] pmugpio --pin 15 --output 0 --pushpull,PASS,,,,,,,,,Jan 11 2020 2:51:35.9720 PM,Jan 11 2020 2:51:36.0020 PM,.0297
4. DUTinfo,DUTinfo,Diag_Version,[EFIDut] spmi --select disp_spmi0 --write --sid 0xf --addr 0x1112 --data 0x00,PASS,,,,,,,,,Jan 11 2020 2:51:36.0050 PM,Jan 11 2020 2:51:36.0640 PM,.0594
5. Backlight,,,,,,,,,,,,,Jan 11 2020 2:51:36.0690 PM,Jan 11 2020 2:51:36.1500 PM,.0813
5. Backlight,Backlight,Backlight_Set_Low,[EFIDut] bl -n,ERROR,"NO FAILURE MESSAGE PROVIDED (     ""[EFIDut] bl -n"" )",,,,,,,,Jan 11 2020 2:51:36.0710 PM,Jan 11 2020 2:51:36.1090 PM,.038
5. Backlight,Backlight,Backlight_Set_Low,[EFIDut] bl -l,ERROR,"NO FAILURE MESSAGE PROVIDED (     ""[EFIDut] bl -l"" )",,,,,,,,Jan 11 2020 2:51:36.1120 PM,Jan 11 2020 2:51:36.1490 PM,.0364
6. DUTinfo,,,,,,,,,,,,,Jan 11 2020 2:51:36.1530 PM,Jan 11 2020 2:51:36.1790 PM,.0257
6. DUTinfo,DUTinfo,SN,[Diags] sn-sendCommand,PASS,,,,,,,,,Jan 11 2020 2:51:36.1550 PM,Jan 11 2020 2:51:36.1780 PM,.0226
6. DUTinfo,DUTinfo,SN,SN length is Pass,PASS,,,,,,,,,Jan 11 2020 2:51:36.1790 PM,Jan 11 2020 2:51:36.1790 PM,0
7. DUTinfo,,,,,,,,,,,,,Jan 11 2020 2:51:36.1820 PM,Jan 11 2020 2:51:36.2240 PM,.0427
7. DUTinfo,DUTinfo,Write_Date_And_Time,[Diags] rtc --set 20200111065136-sendCommand,PASS,,,,,,,,,Jan 11 2020 2:51:36.1910 PM,Jan 11 2020 2:51:36.2220 PM,.0314
8. DUTinfo,,,,,,,,,,,,,Jan 11 2020 2:51:36.2280 PM,Jan 11 2020 2:51:36.2670 PM,.0384
8. DUTinfo,DUTinfo,Write_Incomplete_CB,[EFIDut] cbwrite 0x8A incomplete,PASS,,,,,,,,,Jan 11 2020 2:51:36.2310 PM,Jan 11 2020 2:51:36.2610 PM,.0306
8. DUTinfo,DUTinfo,Write_Incomplete_CB,EFIDut-close,PASS,,,,,,,,,Jan 11 2020 2:51:36.2650 PM,Jan 11 2020 2:51:36.2660 PM,.0008
9. Process,,,,,,,,,,,,,Jan 11 2020 2:51:36.2690 PM,Jan 11 2020 2:51:36.2930 PM,.0233
9. Process,Process,Start_Data_Reporting,DRCB-StartDataReporting,PASS,,,,,,,,,Jan 11 2020 2:51:36.2750 PM,Jan 11 2020 2:51:36.2910 PM,.0163
10. Process,,,,,,,,,,,,,Jan 11 2020 2:51:36.2960 PM,Jan 11 2020 2:51:36.6020 PM,.3065
10. Process,Process,Start_Control_Bits,EFIDut-open,PASS,,,,,,,,,Jan 11 2020 2:51:36.2980 PM,Jan 11 2020 2:51:36.5940 PM,.2953
10. Process,Process,Start_Control_Bits,EFIDut-close,PASS,,,,,,,,,Jan 11 2020 2:51:36.5970 PM,Jan 11 2020 2:51:36.5970 PM,.0006
10. Process,Process,Start_Control_Bits,DRCB-StartControlBits,ERROR,startControlBits needs all files to be secure,,,,,,,,Jan 11 2020 2:51:36.6010 PM,Jan 11 2020 2:51:36.6010 PM,.0004
11. DUTinfo,,,,,,,,,,,,,Jan 11 2020 2:51:36.6050 PM,Jan 11 2020 2:51:36.7080 PM,.1029
11. DUTinfo,DUTinfo,Get_SFC_Info,SFCSupport-getAttributes,PASS,,,,,,,,,Jan 11 2020 2:51:36.6090 PM,Jan 11 2020 2:51:36.6370 PM,.028
11. DUTinfo,DUTinfo,Get_SFC_Info,"GET SFC info - hwconfig-iPad8,12/WIFI&BT/GPS/GSM/UMTS/TD-SCDMA/TD-LTE/NAND,SIZE=256G/RAM,SIZE=6G/White;",PASS,,,,,,,,,Jan 11 2020 2:51:36.6380 PM,Jan 11 2020 2:51:36.6380 PM,0
11. DUTinfo,DUTinfo,Get_SFC_Info,SFCSupport-getAttributes-2,PASS,,,,,,,,,Jan 11 2020 2:51:36.6400 PM,Jan 11 2020 2:51:36.6430 PM,.0032
11. DUTinfo,DUTinfo,Get_SFC_Info,GET SFC info - unit_lbl-J523-P0_MINI-P0NDW-HW2_10023,PASS,,,,,,,,,Jan 11 2020 2:51:36.6440 PM,Jan 11 2020 2:51:36.6440 PM,0
11. DUTinfo,DUTinfo,Get_SFC_Info,SFCSupport-getAttributes-3,PASS,,,,,,,,,Jan 11 2020 2:51:36.6450 PM,Jan 11 2020 2:51:36.6480 PM,.0033
11. DUTinfo,DUTinfo,Get_SFC_Info,GET SFC info - lb_result-1,PASS,,,,,,,,,Jan 11 2020 2:51:36.6490 PM,Jan 11 2020 2:51:36.6490 PM,0
11. DUTinfo,DUTinfo,Get_SFC_Info,SFCSupport-getAttributes-4,PASS,,,,,,,,,Jan 11 2020 2:51:36.6500 PM,Jan 11 2020 2:51:36.6530 PM,.003
11. DUTinfo,DUTinfo,Get_SFC_Info,GET SFC info - region_code-LL/A,PASS,,,,,,,,,Jan 11 2020 2:51:36.6530 PM,Jan 11 2020 2:51:36.6530 PM,0
11. DUTinfo,DUTinfo,Get_SFC_Info,SFCSupport-getAttributes-5,PASS,,,,,,,,,Jan 11 2020 2:51:36.6540 PM,Jan 11 2020 2:51:36.6590 PM,.0042
11. DUTinfo,DUTinfo,Get_SFC_Info,GET SFC info - front_nvm_barcode-F0W9471074XJH8C45,PASS,,,,,,,,,Jan 11 2020 2:51:36.6590 PM,Jan 11 2020 2:51:36.6590 PM,0
11. DUTinfo,DUTinfo,Get_SFC_Info,SFCSupport-getAttributes-6,PASS,,,,,,,,,Jan 11 2020 2:51:36.6600 PM,Jan 11 2020 2:51:36.6650 PM,.0043
11. DUTinfo,DUTinfo,Get_SFC_Info,GET SFC info - back_nvm_barcode-DN89355AVTBLV402D,PASS,,,,,,,,,Jan 11 2020 2:51:36.6660 PM,Jan 11 2020 2:51:36.6660 PM,0
11. DUTinfo,DUTinfo,Get_SFC_Info,SFCSupport-getAttributes-7,PASS,,,,,,,,,Jan 11 2020 2:51:36.6670 PM,Jan 11 2020 2:51:36.6720 PM,.0053
11. DUTinfo,DUTinfo,Get_SFC_Info,GET SFC info - housing_sn-DQR9487002UPP3F53,PASS,,,,,,,,,Jan 11 2020 2:51:36.6730 PM,Jan 11 2020 2:51:36.6730 PM,0
11. DUTinfo,DUTinfo,Get_SFC_Info,SFCSupport-getAttributes-8,PASS,,,,,,,,,Jan 11 2020 2:51:36.6740 PM,Jan 11 2020 2:51:36.6780 PM,.0039
11. DUTinfo,DUTinfo,Get_SFC_Info,GET SFC info - lcm_sn-FN1950300ARNC3706GAAWB7FAF59AXHAFN19495000SP4LH00NABEALA1111C43946397Q7P4JK02113,PASS,,,,,,,,,Jan 11 2020 2:51:36.6790 PM,Jan 11 2020 2:51:36.6790 PM,0
11. DUTinfo,DUTinfo,Get_SFC_Info,SFCSupport-getAttributes-9,PASS,,,,,,,,,Jan 11 2020 2:51:36.6800 PM,Jan 11 2020 2:51:36.6850 PM,.0048
11. DUTinfo,DUTinfo,Get_SFC_Info,GET SFC info - juliet_sn-fwtitus_sn=F0W9471074XJH8C45,PASS,,,,,,,,,Jan 11 2020 2:51:36.6860 PM,Jan 11 2020 2:51:36.6860 PM,0
11. DUTinfo,DUTinfo,Get_SFC_Info,SFCSupport-getAttributes-10,PASS,,,,,,,,,Jan 11 2020 2:51:36.6870 PM,Jan 11 2020 2:51:36.6920 PM,.0051
11. DUTinfo,DUTinfo,Get_SFC_Info,GET SFC info - titus_sn-fwtitus_sn=F0W9471074XJH8C45,PASS,,,,,,,,,Jan 11 2020 2:51:36.6930 PM,Jan 11 2020 2:51:36.6930 PM,0
11. DUTinfo,DUTinfo,Get_SFC_Info,SFCSupport-getAttributes-11,PASS,,,,,,,,,Jan 11 2020 2:51:36.6940 PM,Jan 11 2020 2:51:36.7000 PM,.0055
11. DUTinfo,DUTinfo,Get_SFC_Info,GET SFC info - jasper_sn-DN893913X1YMJLL3J,PASS,,,,,,,,,Jan 11 2020 2:51:36.7000 PM,Jan 11 2020 2:51:36.7000 PM,0
11. DUTinfo,DUTinfo,Get_SFC_Info,SFCSupport-getAttributes-12,PASS,,,,,,,,,Jan 11 2020 2:51:36.7010 PM,Jan 11 2020 2:51:36.7070 PM,.0054
11. DUTinfo,DUTinfo,Get_SFC_Info,GET SFC info - ohio_sn-F0W938601Q9LV411E,PASS,,,,,,,,,Jan 11 2020 2:51:36.7080 PM,Jan 11 2020 2:51:36.7080 PM,0
12. DUTinfo,,,,,,,,,,,,,Jan 11 2020 2:51:36.7180 PM,Jan 11 2020 2:51:37.0430 PM,.3248
12. DUTinfo,DUTinfo,Board_ID,EFIDut-open,PASS,,,,,,,,,Jan 11 2020 2:51:36.7220 PM,Jan 11 2020 2:51:37.0130 PM,.2914
12. DUTinfo,DUTinfo,Board_ID,[EFIDut] boardid,PASS,,,,,,,,,Jan 11 2020 2:51:37.0160 PM,Jan 11 2020 2:51:37.0360 PM,.0201
12. DUTinfo,DUTinfo,Board_ID,0x1C,PASS,,,,,,,,,Jan 11 2020 2:51:37.0400 PM,Jan 11 2020 2:51:37.0400 PM,0
12. DUTinfo,DUTinfo,Board_ID,0x1C-2,PASS,,,,,,,,,Jan 11 2020 2:51:37.0410 PM,Jan 11 2020 2:51:37.0410 PM,0
13. DUTinfo,,,,,,,,,,,,,Jan 11 2020 2:51:37.0460 PM,Jan 11 2020 2:51:37.0480 PM,.0016
13. DUTinfo,DUTinfo,Compare_Grape_Color_With_HSG,Compare Grape Color With HSG,FAIL,Invalid lcm_sn:FN1950300ARNC3706GAAWB7FAF59AXHAFN19495000SP4LH00NABEALA1111C43946397Q7P4JK02113,,,,,,,,Jan 11 2020 2:51:37.0470 PM,Jan 11 2020 2:51:37.0470 PM,0
14. DUTinfo,,,,,,,,,,,,,Jan 11 2020 2:51:37.0500 PM,Jan 11 2020 2:51:37.0890 PM,.0383
14. DUTinfo,DUTinfo,Compare_HS_Color_With_CLHS,[EFIDut] syscfg print CLHS,PASS,,,,,,,,,Jan 11 2020 2:51:37.0530 PM,Jan 11 2020 2:51:37.0840 PM,.0311
14. DUTinfo,DUTinfo,Compare_HS_Color_With_CLHS,Compare HS Color with CLHS,PASS,,,,,,,,,Jan 11 2020 2:51:37.0890 PM,Jan 11 2020 2:51:37.0890 PM,0
15. DUTinfo,,,,,,,,,,,,,Jan 11 2020 2:51:37.0920 PM,Jan 11 2020 2:51:37.1320 PM,.0393
15. DUTinfo,DUTinfo,Compare_CG_Color_With_CLCG,[EFIDut] syscfg print CLCG,PASS,,,,,,,,,Jan 11 2020 2:51:37.0950 PM,Jan 11 2020 2:51:37.1250 PM,.0297
15. DUTinfo,DUTinfo,Compare_CG_Color_With_CLCG,Compare CG Color with CLCG,PASS,,,,,,,,,Jan 11 2020 2:51:37.1310 PM,Jan 11 2020 2:51:37.1310 PM,0
16. DUTinfo,,,,,,,,,,,,,Jan 11 2020 2:51:37.1360 PM,Jan 11 2020 2:51:37.1690 PM,.0329
16. DUTinfo,DUTinfo,Check-WCAL,[EFIDut] syscfg print WCAL,PASS,,,,,,,,,Jan 11 2020 2:51:37.1390 PM,Jan 11 2020 2:51:37.1610 PM,.022
16. DUTinfo,DUTinfo,Check-WCAL,Evaluate condition: NOT value CONTAINS 'Not Found!',PASS,,,,,,,,,Jan 11 2020 2:51:37.1670 PM,Jan 11 2020 2:51:37.1670 PM,.0001
16. DUTinfo,DUTinfo,Check-WCAL,,FAIL,"NO FAILURE MESSAGE PROVIDED (     """" )",,,,,,,,Jan 11 2020 2:51:37.1690 PM,Jan 11 2020 2:51:37.1690 PM,0
17. Battery,,,,,,,,,,,,,Jan 11 2020 2:51:37.1740 PM,Jan 11 2020 2:51:37.3280 PM,.1545
17. Battery,Battery,Level_Before_Test,[EFIDut] device -k GasGauge -g charge-percentage,PASS,,,,,,,,,Jan 11 2020 2:51:37.1760 PM,Jan 11 2020 2:51:37.3250 PM,.1493
17. Battery,Battery,Level_Before_Test,value: param is not a Number-Convert-Able value,FAIL,"$#@!(, [], ""value: param is not a Number-Convert-Able value"")[[Raised from, /Users/gdlocal/Library/Atlas/Sequences/CSVSetup.rush, 511], [Called from, /Users/gdlocal/Library/Atlas/Sequences/CSVSetup.rush, 988]]",,,,,,,,Jan 11 2020 2:51:37.3280 PM,Jan 11 2020 2:51:37.3280 PM,0
18. Battery,,,,,,,,,,,,,Jan 11 2020 2:51:37.3330 PM,Jan 11 2020 2:51:37.3790 PM,.0454
18. Battery,Battery,Voltage_Before_Test,[EFIDut] pmuadc --sel potomac --read vbat,PASS,,,,,,,,,Jan 11 2020 2:51:37.3350 PM,Jan 11 2020 2:51:37.3730 PM,.0373
18. Battery,Battery,Voltage_Before_Test,,PASS,,3926.1294,mV,,3750,,,mV,Jan 11 2020 2:51:37.3780 PM,Jan 11 2020 2:51:37.3780 PM,0
19. Battery,,,,,,,,,,,,,Jan 11 2020 2:51:37.3850 PM,Jan 11 2020 2:51:37.4480 PM,.0621
19. Battery,Battery,Cell_Disconnect_Check,[EFIDut] reg select Potomac,PASS,,,,,,,,,Jan 11 2020 2:51:37.3940 PM,Jan 11 2020 2:51:37.4230 PM,.0297
19. Battery,Battery,Cell_Disconnect_Check,[EFIDut] reg read 0x501C,PASS,,,,,,,,,Jan 11 2020 2:51:37.4280 PM,Jan 11 2020 2:51:37.4410 PM,.0132
19. Battery,Battery,Cell_Disconnect_Check,Evaluate condition: reg_501C[SIZE] == 1 && reg_501C[0] == '0x00',PASS,,,,,,,,,Jan 11 2020 2:51:37.4460 PM,Jan 11 2020 2:51:37.4470 PM,.0002
19. Battery,Battery,Cell_Disconnect_Check,0x00,PASS,,,,,,,,,Jan 11 2020 2:51:37.4470 PM,Jan 11 2020 2:51:37.4470 PM,0
20. Battery,,,,,,,,,,,,,Jan 11 2020 2:51:37.4520 PM,Jan 11 2020 2:51:37.7910 PM,.3398
20. Battery,Battery,Max_Lifetime_Temperature,[EFIDut] device -k gasgauge -p,PASS,,,,,,,,,Jan 11 2020 2:51:37.4560 PM,Jan 11 2020 2:51:37.6620 PM,.2053
20. Battery,Battery,Max_Lifetime_Temperature,[EFIDut] device -k GasGauge -e read_blk 59 0,PASS,,,,,,,,,Jan 11 2020 2:51:37.6640 PM,Jan 11 2020 2:51:37.7760 PM,.1114
20. Battery,Battery,Max_Lifetime_Temperature,Set 'value0' with value '0',PASS,,,,,,,,,Jan 11 2020 2:51:37.7840 PM,Jan 11 2020 2:51:37.7840 PM,0
20. Battery,Battery,Max_Lifetime_Temperature,Set 'value1' with value '0',PASS,,,,,,,,,Jan 11 2020 2:51:37.7840 PM,Jan 11 2020 2:51:37.7840 PM,0
20. Battery,Battery,Max_Lifetime_Temperature,Calculate expression: (value0 * 256 + value1) / 10.0,PASS,,,,,,,,,Jan 11 2020 2:51:37.7870 PM,Jan 11 2020 2:51:37.7870 PM,.0002
20. Battery,Battery,Max_Lifetime_Temperature,,PASS,,0,deg C,60,0,,,deg C,Jan 11 2020 2:51:37.7910 PM,Jan 11 2020 2:51:37.7910 PM,0
21. Battery,,,,,,,,,,,,,Jan 11 2020 2:51:37.7950 PM,Jan 11 2020 2:51:37.8030 PM,.0083
21. Battery,Battery,Max_Pack_Voltage,Set 'value0' with value '0',PASS,,,,,,,,,Jan 11 2020 2:51:37.7980 PM,Jan 11 2020 2:51:37.7980 PM,0
21. Battery,Battery,Max_Pack_Voltage,Set 'value1' with value '0',PASS,,,,,,,,,Jan 11 2020 2:51:37.7980 PM,Jan 11 2020 2:51:37.7980 PM,0
21. Battery,Battery,Max_Pack_Voltage,Calculate expression: (value0 * 256 + value1),PASS,,,,,,,,,Jan 11 2020 2:51:37.8010 PM,Jan 11 2020 2:51:37.8010 PM,0
21. Battery,Battery,Max_Pack_Voltage,,PASS,,0,NA,,,,,NA,Jan 11 2020 2:51:37.8030 PM,Jan 11 2020 2:51:37.8030 PM,0
22. Battery,,,,,,,,,,,,,Jan 11 2020 2:51:37.8060 PM,Jan 11 2020 2:51:37.8140 PM,.0072
22. Battery,Battery,Min_Pack_Voltage,Set 'value0' with value '17',PASS,,,,,,,,,Jan 11 2020 2:51:37.8080 PM,Jan 11 2020 2:51:37.8080 PM,0
22. Battery,Battery,Min_Pack_Voltage,Set 'value1' with value '148',PASS,,,,,,,,,Jan 11 2020 2:51:37.8080 PM,Jan 11 2020 2:51:37.8080 PM,0
22. Battery,Battery,Min_Pack_Voltage,Calculate expression: (value0 * 256 + value1),PASS,,,,,,,,,Jan 11 2020 2:51:37.8110 PM,Jan 11 2020 2:51:37.8110 PM,.0001
22. Battery,Battery,Min_Pack_Voltage,,PASS,,4500,NA,,,,,NA,Jan 11 2020 2:51:37.8130 PM,Jan 11 2020 2:51:37.8130 PM,0
23. Battery,,,,,,,,,,,,,Jan 11 2020 2:51:37.8160 PM,Jan 11 2020 2:51:37.8240 PM,.0074
23. Battery,Battery,Max_Chg_Current,Set 'value0' with value '0',PASS,,,,,,,,,Jan 11 2020 2:51:37.8180 PM,Jan 11 2020 2:51:37.8180 PM,0
23. Battery,Battery,Max_Chg_Current,Set 'value1' with value '0',PASS,,,,,,,,,Jan 11 2020 2:51:37.8190 PM,Jan 11 2020 2:51:37.8190 PM,0
23. Battery,Battery,Max_Chg_Current,Calculate expression: (value0 * 256 + value1),PASS,,,,,,,,,Jan 11 2020 2:51:37.8220 PM,Jan 11 2020 2:51:37.8220 PM,.0001
23. Battery,Battery,Max_Chg_Current,,PASS,,0,NA,,,,,NA,Jan 11 2020 2:51:37.8240 PM,Jan 11 2020 2:51:37.8240 PM,0
24. Battery,,,,,,,,,,,,,Jan 11 2020 2:51:37.8270 PM,Jan 11 2020 2:51:37.8340 PM,.0073
24. Battery,Battery,Max_Dhg_Current,Set 'value0' with value '0',PASS,,,,,,,,,Jan 11 2020 2:51:37.8290 PM,Jan 11 2020 2:51:37.8290 PM,0
24. Battery,Battery,Max_Dhg_Current,Set 'value1' with value '0',PASS,,,,,,,,,Jan 11 2020 2:51:37.8290 PM,Jan 11 2020 2:51:37.8290 PM,0
24. Battery,Battery,Max_Dhg_Current,Calculate expression: (value0 * 256 + value1) - 65536,PASS,,,,,,,,,Jan 11 2020 2:51:37.8320 PM,Jan 11 2020 2:51:37.8320 PM,.0001
24. Battery,Battery,Max_Dhg_Current,,PASS,,-65536,NA,,,,,NA,Jan 11 2020 2:51:37.8340 PM,Jan 11 2020 2:51:37.8340 PM,0
25. Battery,,,,,,,,,,,,,Jan 11 2020 2:51:37.8370 PM,Jan 11 2020 2:51:37.8450 PM,.008
25. Battery,Battery,Max_Over_Chg_Cap,Set 'value0' with value '0',PASS,,,,,,,,,Jan 11 2020 2:51:37.8390 PM,Jan 11 2020 2:51:37.8390 PM,0
25. Battery,Battery,Max_Over_Chg_Cap,Set 'value1' with value '0',PASS,,,,,,,,,Jan 11 2020 2:51:37.8390 PM,Jan 11 2020 2:51:37.8390 PM,0
25. Battery,Battery,Max_Over_Chg_Cap,Calculate expression: (value0 * 256 + value1),PASS,,,,,,,,,Jan 11 2020 2:51:37.8420 PM,Jan 11 2020 2:51:37.8420 PM,0
25. Battery,Battery,Max_Over_Chg_Cap,,PASS,,0,NA,,,,,NA,Jan 11 2020 2:51:37.8450 PM,Jan 11 2020 2:51:37.8450 PM,0
26. Process,,,,,,,,,,,,,Jan 11 2020 2:51:37.8490 PM,Jan 11 2020 2:51:38.1230 PM,.2738
26. Process,Process,Burn_MtDO_Key,[EFIDut] display --on,PASS,,,,,,,,,Jan 11 2020 2:51:37.8520 PM,Jan 11 2020 2:51:37.8940 PM,.0428
26. Process,Process,Burn_MtDO_Key,[EFIDut] i2c -v 4 0x1a 0xea 0xd0,PASS,,,,,,,,,Jan 11 2020 2:51:37.8990 PM,Jan 11 2020 2:51:37.9350 PM,.0364
26. Process,Process,Burn_MtDO_Key,[EFIDut] i2c -v 4 0x1a 0xeb 0x04,PASS,,,,,,,,,Jan 11 2020 2:51:37.9410 PM,Jan 11 2020 2:51:37.9750 PM,.0344
26. Process,Process,Burn_MtDO_Key,[EFIDut] i2c -z 2 -d 4 0x50 0x3d00 0x38,PASS,,,,,,,,,Jan 11 2020 2:51:37.9790 PM,Jan 11 2020 2:51:38.0120 PM,.0331
26. Process,Process,Burn_MtDO_Key,Index out of bounds,FAIL,"$#@!(com.apple.hwte.rush.exception.OutOfBounds, 0, ""Index out of bounds"")[[Executing, /Users/gdlocal/Library/Atlas/Sequences/CSVSetup.rush, 1061], [Called from, /Users/gdlocal/Library/Atlas/Sequences/CSVSetup.rush, 721]]",,,,,,,,Jan 11 2020 2:51:38.0150 PM,Jan 11 2020 2:51:38.0150 PM,0
26. Process,Process,Burn_MtDO_Key,[EFIDut] i2c -z 2 -d 4 0x50 0x00b0 0x11,PASS,,,,,,,,,Jan 11 2020 2:51:38.0170 PM,Jan 11 2020 2:51:38.0520 PM,.0343
26. Process,Process,Burn_MtDO_Key,Index out of bounds-2,FAIL,"$#@!(com.apple.hwte.rush.exception.OutOfBounds, 0, ""Index out of bounds"")[[Executing, /Users/gdlocal/Library/Atlas/Sequences/CSVSetup.rush, 1061], [Called from, /Users/gdlocal/Library/Atlas/Sequences/CSVSetup.rush, 721]]",,,,,,,,Jan 11 2020 2:51:38.0540 PM,Jan 11 2020 2:51:38.0540 PM,0
26. Process,Process,Burn_MtDO_Key,[EFIDut] i2c -z 2 -d 4 0x50 0x00C7 0x35,PASS,,,,,,,,,Jan 11 2020 2:51:38.0560 PM,Jan 11 2020 2:51:38.0920 PM,.0351
26. Process,Process,Burn_MtDO_Key,Index out of bounds-3,FAIL,"$#@!(com.apple.hwte.rush.exception.OutOfBounds, 0, ""Index out of bounds"")[[Executing, /Users/gdlocal/Library/Atlas/Sequences/CSVSetup.rush, 1061], [Called from, /Users/gdlocal/Library/Atlas/Sequences/CSVSetup.rush, 721]]",,,,,,,,Jan 11 2020 2:51:38.0950 PM,Jan 11 2020 2:51:38.0950 PM,0
26. Process,Process,Burn_MtDO_Key,Invalid cast: VMNihil --> VMString,FAIL,"$#@!(com.apple.hwte.rush.exception.TypeError, :NIL:, ""Invalid cast: VMNihil --> VMString"")[[Executing, /Users/gdlocal/Library/Atlas/Sequences/Modules/Process.rush, 747], [Called from, /Users/gdlocal/Library/Atlas/Sequences/CSVSetup.rush, 721]]",,,,,,,,Jan 11 2020 2:51:38.0970 PM,Jan 11 2020 2:51:38.0970 PM,0
26. Process,Process,Burn_MtDO_Key,[EFIDut] syscfg print MtDO,PASS,,,,,,,,,Jan 11 2020 2:51:38.1000 PM,Jan 11 2020 2:51:38.1220 PM,.0218
27. Grape,,,,,,,,,,,,,Jan 11 2020 2:51:38.1280 PM,Jan 11 2020 2:51:38.2550 PM,.127
27. Grape,Grape,POWER_ON,[EFIDut] touch --off,ERROR,"NO FAILURE MESSAGE PROVIDED (     ""[EFIDut] touch --off"" )",,,,,,,,Jan 11 2020 2:51:38.1310 PM,Jan 11 2020 2:51:38.1700 PM,.0394
27. Grape,Grape,POWER_ON,[EFIDut] touch --on,ERROR,"NO FAILURE MESSAGE PROVIDED (     ""[EFIDut] touch --on"" )",,,,,,,,Jan 11 2020 2:51:38.1740 PM,Jan 11 2020 2:51:38.2110 PM,.0372
27. Grape,Grape,POWER_ON,[EFIDut] touch --load_firmware,ERROR,"NO FAILURE MESSAGE PROVIDED (     ""[EFIDut] touch --load_firmware"" )",,,,,,,,Jan 11 2020 2:51:38.2150 PM,Jan 11 2020 2:51:38.2530 PM,.0378
28. Grape,,,,,,,,,,,,,Jan 11 2020 2:51:38.2600 PM,Jan 11 2020 2:51:38.2940 PM,.0345
28. Grape,Grape,FW_Critical_Error_Check,[EFIDut] touch --test critical --run,ERROR,"NO FAILURE MESSAGE PROVIDED (     ""[EFIDut] touch --test critical --run"" )",,,,,,,,Jan 11 2020 2:51:38.2630 PM,Jan 11 2020 2:51:38.2930 PM,.0301
29. Grape,,,,,,,,,,,,,Jan 11 2020 2:51:38.2990 PM,Jan 11 2020 2:51:38.3740 PM,.0748
29. Grape,Grape,Firmware_Version,[EFIDut] touch -p firmware-version,PASS,,,,,,,,,Jan 11 2020 2:51:38.3020 PM,Jan 11 2020 2:51:38.3330 PM,.0316
29. Grape,Grape,Firmware_Version,Invalid key 'touch firmware-version' and value '[]',FAIL,"$#@!([add_device_attribute], :NIL:, ""Invalid key 'touch firmware-version' and value '[]'"")[[Raised from, /Users/gdlocal/Library/Atlas/Sequences/CSVSetup.rush, 1258], [Called from, /Users/gdlocal/Library/Atlas/Sequences/CSVSetup.rush, 719]]",,,,,,,,Jan 11 2020 2:51:38.3360 PM,Jan 11 2020 2:51:38.3360 PM,0
29. Grape,Grape,Firmware_Version,[EFIDut] touch --off,ERROR,"NO FAILURE MESSAGE PROVIDED (     ""[EFIDut] touch --off"" )",,,,,,,,Jan 11 2020 2:51:38.3390 PM,Jan 11 2020 2:51:38.3710 PM,.0319
30. OpticalSensor,,,,,,,,,,,,,Jan 11 2020 2:51:38.3780 PM,Jan 11 2020 2:51:38.9570 PM,.5792
30. OpticalSensor,OpticalSensor,Interrupt_Test@FH_RIGHT,[EFIDut] sensor --sel als2 --init,PASS,,,,,,,,,Jan 11 2020 2:51:38.3810 PM,Jan 11 2020 2:51:38.4090 PM,.0278
30. OpticalSensor,OpticalSensor,Interrupt_Test@FH_RIGHT,[EFIDut] i2c -v 3 0x39 0x80 0x00,ERROR,"NO FAILURE MESSAGE PROVIDED (     ""[EFIDut] i2c -v 3 0x39 0x80 0x00"" )",,,,,,,,Jan 11 2020 2:51:38.4130 PM,Jan 11 2020 2:51:38.4560 PM,.0429
30. OpticalSensor,OpticalSensor,Interrupt_Test@FH_RIGHT,[EFIDut] socgpio --port 1 --pin 20 --get,PASS,,,,,,,,,Jan 11 2020 2:51:38.4590 PM,Jan 11 2020 2:51:38.4800 PM,.0212
30. OpticalSensor,OpticalSensor,Interrupt_Test@FH_RIGHT,[EFIDut] i2c -v 3 0x39 0x80 0x01,ERROR,"NO FAILURE MESSAGE PROVIDED (     ""[EFIDut] i2c -v 3 0x39 0x80 0x01"" )",,,,,,,,Jan 11 2020 2:51:38.4840 PM,Jan 11 2020 2:51:38.5170 PM,.0328
30. OpticalSensor,OpticalSensor,Interrupt_Test@FH_RIGHT,[EFIDut] i2c -v 3 0x39 0x81 0xFF,ERROR,"NO FAILURE MESSAGE PROVIDED (     ""[EFIDut] i2c -v 3 0x39 0x81 0xFF"" )",,,,,,,,Jan 11 2020 2:51:38.5220 PM,Jan 11 2020 2:51:38.5560 PM,.0337
30. OpticalSensor,OpticalSensor,Interrupt_Test@FH_RIGHT,[EFIDut] i2c -v 3 0x39 0x80 0x13,ERROR,"NO FAILURE MESSAGE PROVIDED (     ""[EFIDut] i2c -v 3 0x39 0x80 0x13"" )",,,,,,,,Jan 11 2020 2:51:38.5600 PM,Jan 11 2020 2:51:38.5980 PM,.038
30. OpticalSensor,OpticalSensor,Interrupt_Test@FH_RIGHT,[EFIDut] wait 100,PASS,,,,,,,,,Jan 11 2020 2:51:38.6010 PM,Jan 11 2020 2:51:38.8940 PM,.2939
30. OpticalSensor,OpticalSensor,Interrupt_Test@FH_RIGHT,[EFIDut] socgpio --port 1 --pin 20 --get-2,ERROR,"NO FAILURE MESSAGE PROVIDED (     ""[EFIDut] socgpio --port 1 --pin 20 --get"" )",,,,,,,,Jan 11 2020 2:51:38.8970 PM,Jan 11 2020 2:51:38.9210 PM,.0234
30. OpticalSensor,OpticalSensor,Interrupt_Test@FH_RIGHT,[EFIDut] i2c -v 3 0x39 0x80 0x00-2,ERROR,"NO FAILURE MESSAGE PROVIDED (     ""[EFIDut] i2c -v 3 0x39 0x80 0x00"" )",,,,,,,,Jan 11 2020 2:51:38.9240 PM,Jan 11 2020 2:51:38.9560 PM,.032
31. OpticalSensor,,,,,,,,,,,,,Jan 11 2020 2:51:38.9610 PM,Jan 11 2020 2:51:39.5720 PM,.6103
31. OpticalSensor,OpticalSensor,Interrupt_Test@FH_LEFT,[EFIDut] sensor --sel als1 --init,PASS,,,,,,,,,Jan 11 2020 2:51:38.9630 PM,Jan 11 2020 2:51:38.9890 PM,.0256
31. OpticalSensor,OpticalSensor,Interrupt_Test@FH_LEFT,[EFIDut] i2c -v 3 0x29 0x80 0x00,ERROR,"NO FAILURE MESSAGE PROVIDED (     ""[EFIDut] i2c -v 3 0x29 0x80 0x00"" )",,,,,,,,Jan 11 2020 2:51:38.9930 PM,Jan 11 2020 2:51:39.0370 PM,.044
31. OpticalSensor,OpticalSensor,Interrupt_Test@FH_LEFT,[EFIDut] socgpio --port 1 --pin 21 --get,ERROR,"NO FAILURE MESSAGE PROVIDED (     ""[EFIDut] socgpio --port 1 --pin 21 --get"" )",,,,,,,,Jan 11 2020 2:51:39.0420 PM,Jan 11 2020 2:51:39.0610 PM,.0188
31. OpticalSensor,OpticalSensor,Interrupt_Test@FH_LEFT,[EFIDut] i2c -v 3 0x29 0x80 0x01,ERROR,"NO FAILURE MESSAGE PROVIDED (     ""[EFIDut] i2c -v 3 0x29 0x80 0x01"" )",,,,,,,,Jan 11 2020 2:51:39.0640 PM,Jan 11 2020 2:51:39.0960 PM,.032
31. OpticalSensor,OpticalSensor,Interrupt_Test@FH_LEFT,[EFIDut] i2c -v 3 0x29 0x81 0xFF,ERROR,"NO FAILURE MESSAGE PROVIDED (     ""[EFIDut] i2c -v 3 0x29 0x81 0xFF"" )",,,,,,,,Jan 11 2020 2:51:39.0990 PM,Jan 11 2020 2:51:39.1360 PM,.0367
31. OpticalSensor,OpticalSensor,Interrupt_Test@FH_LEFT,[EFIDut] i2c -v 3 0x29 0x80 0x13,ERROR,"NO FAILURE MESSAGE PROVIDED (     ""[EFIDut] i2c -v 3 0x29 0x80 0x13"" )",,,,,,,,Jan 11 2020 2:51:39.1390 PM,Jan 11 2020 2:51:39.1760 PM,.037
31. OpticalSensor,OpticalSensor,Interrupt_Test@FH_LEFT,[EFIDut] wait 100,PASS,,,,,,,,,Jan 11 2020 2:51:39.1790 PM,Jan 11 2020 2:51:39.4770 PM,.2982
31. OpticalSensor,OpticalSensor,Interrupt_Test@FH_LEFT,[EFIDut] socgpio --port 1 --pin 21 --get-2,PASS,,,,,,,,,Jan 11 2020 2:51:39.4810 PM,Jan 11 2020 2:51:39.5000 PM,.0197
31. OpticalSensor,OpticalSensor,Interrupt_Test@FH_LEFT,[EFIDut] i2c -v 3 0x29 0x80 0x00-2,ERROR,"NO FAILURE MESSAGE PROVIDED (     ""[EFIDut] i2c -v 3 0x29 0x80 0x00"" )",,,,,,,,Jan 11 2020 2:51:39.5040 PM,Jan 11 2020 2:51:39.5360 PM,.0323
31. OpticalSensor,OpticalSensor,Interrupt_Test@FH_LEFT,"[EFIDut] sensor --sel als1,als2 --turnoff",PASS,,,,,,,,,Jan 11 2020 2:51:39.5460 PM,Jan 11 2020 2:51:39.5710 PM,.0248
32. System,,,,,,,,,,,,,Jan 11 2020 2:51:39.5810 PM,Jan 11 2020 2:51:39.6800 PM,.0989
32. System,System,I2C0_Sweep_Test,[Diags] i2c -s 0-sendCommand,PASS,,,,,,,,,Jan 11 2020 2:51:39.5830 PM,Jan 11 2020 2:51:39.6780 PM,.0945
32. System,System,I2C0_Sweep_Test,ACE(One-ACE) ,PASS,,,,,,,,,Jan 11 2020 2:51:39.6790 PM,Jan 11 2020 2:51:39.6790 PM,0
32. System,System,I2C0_Sweep_Test,Ace(All-Ace) ,PASS,,,,,,,,,Jan 11 2020 2:51:39.6790 PM,Jan 11 2020 2:51:39.6790 PM,0
33. System,,,,,,,,,,,,,Jan 11 2020 2:51:39.6830 PM,Jan 11 2020 2:51:40.3170 PM,.634
33. System,System,I2C1_Sweep_Test,[Diags] audio -r-sendCommand,PASS,,,,,,,,,Jan 11 2020 2:51:39.6860 PM,Jan 11 2020 2:51:39.9910 PM,.3054
33. System,System,I2C1_Sweep_Test,[Diags] i2c -s 1-sendCommand,PASS,,,,,,,,,Jan 11 2020 2:51:39.9930 PM,Jan 11 2020 2:51:40.2510 PM,.2588
33. System,System,I2C1_Sweep_Test,SKR AMP FHRT ,FAIL, i2c -s 1  (7-bit) 0x38 (8-bit) 0x70 not found,,,,,,,,Jan 11 2020 2:51:40.2580 PM,Jan 11 2020 2:51:40.2580 PM,0
33. System,System,I2C1_Sweep_Test,SKR AMP FHRW ,FAIL, i2c -s 1  (7-bit) 0x39 (8-bit) 0x72 not found,,,,,,,,Jan 11 2020 2:51:40.2580 PM,Jan 11 2020 2:51:40.2580 PM,0
33. System,System,I2C1_Sweep_Test,SKR AMP FHLT ,FAIL, i2c -s 1  (7-bit) 0x3A (8-bit) 0x74 not found,,,,,,,,Jan 11 2020 2:51:40.2590 PM,Jan 11 2020 2:51:40.2590 PM,0
33. System,System,I2C1_Sweep_Test,SKR AMP FHLW ,FAIL, i2c -s 1  (7-bit) 0x3B (8-bit) 0x76 not found,,,,,,,,Jan 11 2020 2:51:40.2590 PM,Jan 11 2020 2:51:40.2590 PM,0
33. System,System,I2C1_Sweep_Test,[Diags] audio --turnoff-sendCommand,PASS,,,,,,,,,Jan 11 2020 2:51:40.2600 PM,Jan 11 2020 2:51:40.3160 PM,.0565
34. System,,,,,,,,,,,,,Jan 11 2020 2:51:40.3210 PM,Jan 11 2020 2:51:40.3810 PM,.0598
34. System,System,I2C2_Sweep_Test,[Diags] i2c -s 2-sendCommand,PASS,,,,,,,,,Jan 11 2020 2:51:40.3230 PM,Jan 11 2020 2:51:40.3790 PM,.0561
34. System,System,I2C2_Sweep_Test,BELLATRIX ,PASS,,,,,,,,,Jan 11 2020 2:51:40.3800 PM,Jan 11 2020 2:51:40.3800 PM,0
35. System,,,,,,,,,,,,,Jan 11 2020 2:51:40.3830 PM,Jan 11 2020 2:51:40.9380 PM,.5549
35. System,System,I2C3_Sweep_Test,[Diags] audio -r-sendCommand,PASS,,,,,,,,,Jan 11 2020 2:51:40.3860 PM,Jan 11 2020 2:51:40.6910 PM,.3056
35. System,System,I2C3_Sweep_Test,[Diags] i2c -s 3-sendCommand,PASS,,,,,,,,,Jan 11 2020 2:51:40.6930 PM,Jan 11 2020 2:51:40.8740 PM,.1817
35. System,System,I2C3_Sweep_Test,[Diags] audio --turnoff-sendCommand,PASS,,,,,,,,,Jan 11 2020 2:51:40.8760 PM,Jan 11 2020 2:51:40.9360 PM,.0601
35. System,System,I2C3_Sweep_Test,Penrose ADC,FAIL, i2c -s 3 (7-bit) 0x48 (8-bit) 0x90 not found,,,,,,,,Jan 11 2020 2:51:40.9380 PM,Jan 11 2020 2:51:40.9380 PM,0
36. System,,,,,,,,,,,,,Jan 11 2020 2:51:40.9420 PM,Jan 11 2020 2:51:41.2160 PM,.2744
36. System,System,I2C4_Sweep_Test,[Diags] display --on-sendCommand,ERROR,"NO FAILURE MESSAGE PROVIDED (     ""[Diags] display --on"",     sendCommand )",,,,,,,,Jan 11 2020 2:51:40.9440 PM,Jan 11 2020 2:51:40.9750 PM,.0314
36. System,System,I2C4_Sweep_Test,[Diags] i2c -s 4-sendCommand,PASS,,,,,,,,,Jan 11 2020 2:51:40.9770 PM,Jan 11 2020 2:51:41.1940 PM,.2168
36. System,System,I2C4_Sweep_Test,Tcon,FAIL, i2c -s 4  (7-bit) 0x18~0x27 (8-bit) 0x30~0x4E  not found,,,,,,,,Jan 11 2020 2:51:41.2160 PM,Jan 11 2020 2:51:41.2160 PM,0
37. System,,,,,,,,,,,,,Jan 11 2020 2:51:41.2200 PM,Jan 11 2020 2:51:41.2420 PM,.0226
37. System,System,I2C6_Sweep_Test,[Diags] i2c -s 6-sendCommand,PASS,,,,,,,,,Jan 11 2020 2:51:41.2220 PM,Jan 11 2020 2:51:41.2410 PM,.0189
37. System,System,I2C6_Sweep_Test,ALS(C3),FAIL, i2c -s 6  (7-bit) 0x39 (8-bit) 0x72 not found,,,,,,,,Jan 11 2020 2:51:41.2420 PM,Jan 11 2020 2:51:41.2420 PM,0
38. System,,,,,,,,,,,,,Jan 11 2020 2:51:41.2460 PM,Jan 11 2020 2:51:41.3810 PM,.1345
38. System,System,I2C7_Sweep_Test,[Diags] i2c -s 7-sendCommand,PASS,,,,,,,,,Jan 11 2020 2:51:41.2490 PM,Jan 11 2020 2:51:41.3790 PM,.1306
38. System,System,I2C7_Sweep_Test,POTOMAC,PASS,,,,,,,,,Jan 11 2020 2:51:41.3800 PM,Jan 11 2020 2:51:41.3800 PM,0
39. System,,,,,,,,,,,,,Jan 11 2020 2:51:41.3840 PM,Jan 11 2020 2:51:41.5610 PM,.1773
39. System,System,I2C8_Sweep_Test,[Diags] i2c -s 8-sendCommand,PASS,,,,,,,,,Jan 11 2020 2:51:41.3870 PM,Jan 11 2020 2:51:41.5590 PM,.1724
39. System,System,I2C8_Sweep_Test,ACE2,PASS,,,,,,,,,Jan 11 2020 2:51:41.5600 PM,Jan 11 2020 2:51:41.5600 PM,0
39. System,System,I2C8_Sweep_Test,ACE(ALL-ACE),PASS,,,,,,,,,Jan 11 2020 2:51:41.5610 PM,Jan 11 2020 2:51:41.5610 PM,0
40. System,,,,,,,,,,,,,Jan 11 2020 2:51:41.5640 PM,Jan 11 2020 2:51:41.7050 PM,.1409
40. System,System,I2C9_Sweep_Test,[Diags] i2c -s 9-sendCommand,PASS,,,,,,,,,Jan 11 2020 2:51:41.5670 PM,Jan 11 2020 2:51:41.7040 PM,.1374
40. System,System,I2C9_Sweep_Test,GASGAUGE,PASS,,,,,,,,,Jan 11 2020 2:51:41.7050 PM,Jan 11 2020 2:51:41.7050 PM,0
41. System,,,,,,,,,,,,,Jan 11 2020 2:51:41.7090 PM,Jan 11 2020 2:51:48.2730 PM,6.5638
41. System,System,I2C10_Sweep_Test,[Diags] i2c -s 10-sendCommand,PASS,,,,,,,,,Jan 11 2020 2:51:41.7110 PM,Jan 11 2020 2:51:48.2710 PM,6.5603
41. System,System,I2C10_Sweep_Test,Current SNS,FAIL, i2c -s 10  (7-bit) 0x41 (8-bit) 0x82 not found,,,,,,,,Jan 11 2020 2:51:48.2720 PM,Jan 11 2020 2:51:48.2720 PM,0
42. System,,,,,,,,,,,,,Jan 11 2020 2:51:48.2760 PM,Jan 11 2020 2:51:54.8330 PM,6.5576
42. System,System,I2C11_Sweep_Test,[Diags] i2c -s 11-sendCommand,PASS,,,,,,,,,Jan 11 2020 2:51:48.2780 PM,Jan 11 2020 2:51:54.8320 PM,6.554
42. System,System,I2C11_Sweep_Test,ATHENA,FAIL, i2c -s 11  (7-bit) 0x3C (8-bit) 0x78 not found,,,,,,,,Jan 11 2020 2:51:54.8330 PM,Jan 11 2020 2:51:54.8330 PM,0
42. System,System,I2C11_Sweep_Test,APOLLO,FAIL, i2c -s 11  (7-bit) 0x40 (8-bit) 0x80 not found,,,,,,,,Jan 11 2020 2:51:54.8330 PM,Jan 11 2020 2:51:54.8330 PM,0
43. Battery,,,,,,,,,,,,,Jan 11 2020 2:51:54.8370 PM,Jan 11 2020 2:51:54.8740 PM,.0376
43. Battery,Battery,Present_Voltage,[EFIDut] pmuadc --sel potomac --read vbat,PASS,,,,,,,,,Jan 11 2020 2:51:54.8390 PM,Jan 11 2020 2:51:54.8720 PM,.0329
43. Battery,Battery,Present_Voltage,,PASS,,3924.9084,mV,,3200,,,mV,Jan 11 2020 2:51:54.8740 PM,Jan 11 2020 2:51:54.8740 PM,0
44. Battery,,,,,,,,,,,,,Jan 11 2020 2:51:54.8780 PM,Jan 11 2020 2:51:54.9140 PM,.0369
44. Battery,Battery,NTC,[EFIDut] pmuadc --sel potomac --read tbat,PASS,,,,,,,,,Jan 11 2020 2:51:54.8800 PM,Jan 11 2020 2:51:54.9110 PM,.0311
44. Battery,Battery,NTC,,PASS,,27.9694,deg C,35,15,,,deg C,Jan 11 2020 2:51:54.9140 PM,Jan 11 2020 2:51:54.9140 PM,0
45. Battery,,,,,,,,,,,,,Jan 11 2020 2:51:54.9170 PM,Jan 11 2020 2:51:55.0700 PM,.1523
45. Battery,Battery,Chem_ID,[EFIDut] device -k GasGauge --get chem-id,PASS,,,,,,,,,Jan 11 2020 2:51:54.9200 PM,Jan 11 2020 2:51:55.0640 PM,.1447
45. Battery,Battery,Chem_ID,Index out of bounds,FAIL,"$#@!(com.apple.hwte.rush.exception.OutOfBounds, 0, ""Index out of bounds"")[[Executing, /Users/gdlocal/Library/Atlas/Sequences/CSVSetup.rush, 1061], [Called from, /Users/gdlocal/Library/Atlas/Sequences/CSVSetup.rush, 721]]",,,,,,,,Jan 11 2020 2:51:55.0670 PM,Jan 11 2020 2:51:55.0670 PM,0
45. Battery,Battery,Chem_ID,:NIL:,FAIL,"; input ':NIL:' not found in allowedArray [0x2200, 0x2199, 0x2163]",,,,,,,,Jan 11 2020 2:51:55.0690 PM,Jan 11 2020 2:51:55.0690 PM,0
46. Battery,,,,,,,,,,,,,Jan 11 2020 2:51:55.0740 PM,Jan 11 2020 2:51:55.2290 PM,.1547
46. Battery,Battery,Qmax,[EFIDut] device -k GasGauge --get chem-capacity,PASS,,,,,,,,,Jan 11 2020 2:51:55.0780 PM,Jan 11 2020 2:51:55.2250 PM,.1479
46. Battery,Battery,Qmax,value: param is not a Number-Convert-Able value,FAIL,"$#@!(, [], ""value: param is not a Number-Convert-Able value"")[[Raised from, /Users/gdlocal/Library/Atlas/Sequences/CSVSetup.rush, 511], [Called from, /Users/gdlocal/Library/Atlas/Sequences/CSVSetup.rush, 988]]",,,,,,,,Jan 11 2020 2:51:55.2290 PM,Jan 11 2020 2:51:55.2290 PM,0
47. Battery,,,,,,,,,,,,,Jan 11 2020 2:51:55.2330 PM,Jan 11 2020 2:51:55.6840 PM,.4516
47. Battery,Battery,Static_Chem_ID_CheckSum,[EFIDut] device -k GasGauge -e test_checksum,PASS,,,,,,,,,Jan 11 2020 2:51:55.2350 PM,Jan 11 2020 2:51:55.6800 PM,.4452
47. Battery,Battery,Static_Chem_ID_CheckSum,0x7D75,FAIL,"; input '0x7D75' not found in allowedArray [0x7936, 0x7d13, 0x7a75]",,,,,,,,Jan 11 2020 2:51:55.6840 PM,Jan 11 2020 2:51:55.6840 PM,0
48. Battery,,,,,,,,,,,,,Jan 11 2020 2:51:55.6880 PM,Jan 11 2020 2:51:55.6910 PM,.0032
48. Battery,Battery,Static_DF_CheckSum,0x0A49,FAIL,"; input '0x0A49' not found in allowedArray [0x0511, 0x08CF, 0x0503]",,,,,,,,Jan 11 2020 2:51:55.6910 PM,Jan 11 2020 2:51:55.6910 PM,0
49. Battery,,,,,,,,,,,,,Jan 11 2020 2:51:55.6940 PM,Jan 11 2020 2:51:55.8490 PM,.1557
49. Battery,Battery,FCC,[EFIDut] device -k GasGauge --get full-capacity,PASS,,,,,,,,,Jan 11 2020 2:51:55.6960 PM,Jan 11 2020 2:51:55.8460 PM,.1501
49. Battery,Battery,FCC,value: param is not a Number-Convert-Able value,FAIL,"$#@!(, [], ""value: param is not a Number-Convert-Able value"")[[Raised from, /Users/gdlocal/Library/Atlas/Sequences/CSVSetup.rush, 511], [Called from, /Users/gdlocal/Library/Atlas/Sequences/CSVSetup.rush, 988]]",,,,,,,,Jan 11 2020 2:51:55.8490 PM,Jan 11 2020 2:51:55.8490 PM,0
50. Battery,,,,,,,,,,,,,Jan 11 2020 2:51:55.8590 PM,Jan 11 2020 2:51:56.0090 PM,.1496
50. Battery,Battery,NCC,[EFIDut] device -k GasGauge --get nominal-capacity,PASS,,,,,,,,,Jan 11 2020 2:51:55.8630 PM,Jan 11 2020 2:51:56.0060 PM,.1427
50. Battery,Battery,NCC,value: param is not a Number-Convert-Able value,FAIL,"$#@!(, [], ""value: param is not a Number-Convert-Able value"")[[Raised from, /Users/gdlocal/Library/Atlas/Sequences/CSVSetup.rush, 511], [Called from, /Users/gdlocal/Library/Atlas/Sequences/CSVSetup.rush, 988]]",,,,,,,,Jan 11 2020 2:51:56.0090 PM,Jan 11 2020 2:51:56.0090 PM,0
51. Battery,,,,,,,,,,,,,Jan 11 2020 2:51:56.0140 PM,Jan 11 2020 2:51:56.1740 PM,.1596
51. Battery,Battery,Cycle_Count,[EFIDut] device -k GasGauge --get cycle-count,PASS,,,,,,,,,Jan 11 2020 2:51:56.0170 PM,Jan 11 2020 2:51:56.1640 PM,.1477
51. Battery,Battery,Cycle_Count,,FAIL,Failed limits,2548,NA,5,0,,,NA,Jan 11 2020 2:51:56.1730 PM,Jan 11 2020 2:51:56.1730 PM,0
52. Battery,,,,,,,,,,,,,Jan 11 2020 2:51:56.1780 PM,Jan 11 2020 2:51:56.3280 PM,.1499
52. Battery,Battery,GG_Hardware_Version,[EFIDut] device -k GasGauge --get hw-version,PASS,,,,,,,,,Jan 11 2020 2:51:56.1800 PM,Jan 11 2020 2:51:56.3240 PM,.1435
52. Battery,Battery,GG_Hardware_Version,Index out of bounds,FAIL,"$#@!(com.apple.hwte.rush.exception.OutOfBounds, 0, ""Index out of bounds"")[[Executing, /Users/gdlocal/Library/Atlas/Sequences/CSVSetup.rush, 1061], [Called from, /Users/gdlocal/Library/Atlas/Sequences/CSVSetup.rush, 721]]",,,,,,,,Jan 11 2020 2:51:56.3260 PM,Jan 11 2020 2:51:56.3260 PM,0
52. Battery,Battery,GG_Hardware_Version,:NIL:,FAIL,; input ':NIL:' not found in allowedArray [0xA8],,,,,,,,Jan 11 2020 2:51:56.3280 PM,Jan 11 2020 2:51:56.3280 PM,0
53. Battery,,,,,,,,,,,,,Jan 11 2020 2:51:56.3310 PM,Jan 11 2020 2:51:56.4890 PM,.1572
53. Battery,Battery,GG_Firmware_Version,[EFIDut] device -k GasGauge --get fw-version,PASS,,,,,,,,,Jan 11 2020 2:51:56.3340 PM,Jan 11 2020 2:51:56.4840 PM,.15
53. Battery,Battery,GG_Firmware_Version,Index out of bounds,FAIL,"$#@!(com.apple.hwte.rush.exception.OutOfBounds, 0, ""Index out of bounds"")[[Executing, /Users/gdlocal/Library/Atlas/Sequences/CSVSetup.rush, 1061], [Called from, /Users/gdlocal/Library/Atlas/Sequences/CSVSetup.rush, 721]]",,,,,,,,Jan 11 2020 2:51:56.4870 PM,Jan 11 2020 2:51:56.4870 PM,0
53. Battery,Battery,GG_Firmware_Version,:NIL:,FAIL,; input ':NIL:' not found in allowedArray [0x610],,,,,,,,Jan 11 2020 2:51:56.4880 PM,Jan 11 2020 2:51:56.4880 PM,0
54. Battery,,,,,,,,,,,,,Jan 11 2020 2:51:56.4920 PM,Jan 11 2020 2:51:56.6500 PM,.1577
54. Battery,Battery,QEN_And_Impedance_Tracking_Bit,[EFIDut] device -k GasGauge -g chem-cap-updates-en,ERROR,"NO FAILURE MESSAGE PROVIDED (     ""[EFIDut] device -k GasGauge -g chem-cap-updates-en"" )",,,,,,,,Jan 11 2020 2:51:56.4940 PM,Jan 11 2020 2:51:56.6490 PM,.1541
55. Battery,,,,,,,,,,,,,Jan 11 2020 2:51:56.6540 PM,Jan 11 2020 2:51:56.7350 PM,.0815
55. Battery,Battery,Sleep_Enable_Bit,[EFIDut] device -k GasGauge -e read_sleep,PASS,,,,,,,,,Jan 11 2020 2:51:56.6570 PM,Jan 11 2020 2:51:56.7340 PM,.0778
56. Battery,,,,,,,,,,,,,Jan 11 2020 2:51:56.7380 PM,Jan 11 2020 2:51:56.8850 PM,.147
56. Battery,Battery,Sleep_Enable_Bit_Seal_Status,[EFIDut] device -k GasGauge --get sealed,ERROR,"NO FAILURE MESSAGE PROVIDED (     ""[EFIDut] device -k GasGauge --get sealed"" )",,,,,,,,Jan 11 2020 2:51:56.7410 PM,Jan 11 2020 2:51:56.8830 PM,.1418
57. Display,,,,,,,,,,,,,Jan 11 2020 2:51:56.8940 PM,Jan 11 2020 2:51:57.6990 PM,.8044
57. Display,Display,EDP_BER_Test,"[Diags] dptx -e alpm -t ""false""-sendCommand",ERROR,"NO FAILURE MESSAGE PROVIDED (     ""[Diags] dptx -e alpm -t \""false\"""",     sendCommand )",,,,,,,,Jan 11 2020 2:51:56.8990 PM,Jan 11 2020 2:51:57.1980 PM,.299
57. Display,Display,EDP_BER_Test,[Diags] display --off-sendCommand,ERROR,"NO FAILURE MESSAGE PROVIDED (     ""[Diags] display --off"",     sendCommand )",,,,,,,,Jan 11 2020 2:51:57.2000 PM,Jan 11 2020 2:51:57.2380 PM,.0379
57. Display,Display,EDP_BER_Test,[Diags] bl -n-sendCommand,ERROR,"NO FAILURE MESSAGE PROVIDED (     ""[Diags] bl -n"",     sendCommand )",,,,,,,,Jan 11 2020 2:51:57.2400 PM,Jan 11 2020 2:51:57.2740 PM,.0342
57. Display,Display,EDP_BER_Test,[Diags] display --on-sendCommand,ERROR,"NO FAILURE MESSAGE PROVIDED (     ""[Diags] display --on"",     sendCommand )",,,,,,,,Jan 11 2020 2:51:57.2780 PM,Jan 11 2020 2:51:57.3180 PM,.0397
57. Display,Display,EDP_BER_Test,"[Diags] display --method ber --options ""-r""-sendCommand",ERROR,"NO FAILURE MESSAGE PROVIDED (     ""[Diags] display --method ber --options \""-r\"""",     sendCommand )",,,,,,,,Jan 11 2020 2:51:57.3200 PM,Jan 11 2020 2:51:57.3600 PM,.0403
57. Display,Display,EDP_BER_Test,"[Diags] display --method ber --options ""-g""-sendCommand",PASS,,,,,,,,,Jan 11 2020 2:51:57.3630 PM,Jan 11 2020 2:51:57.3980 PM,.0357
57. Display,Display,EDP_BER_Test,"[Diags] dptx -e alpm -t ""true""-sendCommand",ERROR,"NO FAILURE MESSAGE PROVIDED (     ""[Diags] dptx -e alpm -t \""true\"""",     sendCommand )",,,,,,,,Jan 11 2020 2:51:57.4000 PM,Jan 11 2020 2:51:57.6970 PM,.2971
57. Display,Display,EDP_BER_Test,EDP BER Test,FAIL,Error 0 is not six.,,,,,,,,Jan 11 2020 2:51:57.6990 PM,Jan 11 2020 2:51:57.6990 PM,0
58. PMU,,,,,,,,,,,,,Jan 11 2020 2:51:57.7050 PM,Jan 11 2020 2:51:58.0070 PM,.3026
58. PMU,PMU,Temperature_TDEV1@Sera,[EFIDut] temperature --all,PASS,,,,,,,,,Jan 11 2020 2:51:57.7080 PM,Jan 11 2020 2:51:58.0030 PM,.2952
58. PMU,PMU,Temperature_TDEV1@Sera,,PASS,,28.81,deg C,50,10,,,deg C,Jan 11 2020 2:51:58.0070 PM,Jan 11 2020 2:51:58.0070 PM,0
59. PMU,,,,,,,,,,,,,Jan 11 2020 2:51:58.0100 PM,Jan 11 2020 2:51:58.0130 PM,.0033
59. PMU,PMU,Temperature_TDEV2@Sera,,PASS,,28.22,deg C,50,10,,,deg C,Jan 11 2020 2:51:58.0130 PM,Jan 11 2020 2:51:58.0130 PM,0
60. PMU,,,,,,,,,,,,,Jan 11 2020 2:51:58.0160 PM,Jan 11 2020 2:51:58.0190 PM,.0032
60. PMU,PMU,Temperature_TDEV3@Sera,,PASS,,27.57,deg C,50,10,,,deg C,Jan 11 2020 2:51:58.0190 PM,Jan 11 2020 2:51:58.0190 PM,0
61. PMU,,,,,,,,,,,,,Jan 11 2020 2:51:58.0210 PM,Jan 11 2020 2:51:58.0250 PM,.0035
61. PMU,PMU,Temperature_TDEV4@Sera,,PASS,,29.04,deg C,50,10,,,deg C,Jan 11 2020 2:51:58.0250 PM,Jan 11 2020 2:51:58.0250 PM,0
62. PMU,,,,,,,,,,,,,Jan 11 2020 2:51:58.0280 PM,Jan 11 2020 2:51:58.0310 PM,.0033
62. PMU,PMU,Temperature_TDEV5@Sera,,PASS,,28.04,deg C,50,10,,,deg C,Jan 11 2020 2:51:58.0310 PM,Jan 11 2020 2:51:58.0310 PM,0
63. PMU,,,,,,,,,,,,,Jan 11 2020 2:51:58.0340 PM,Jan 11 2020 2:51:58.0370 PM,.0038
63. PMU,PMU,Temperature_TDEV6@Sera,,PASS,,28.55,deg C,50,10,,,deg C,Jan 11 2020 2:51:58.0370 PM,Jan 11 2020 2:51:58.0370 PM,0
64. PMU,,,,,,,,,,,,,Jan 11 2020 2:51:58.0410 PM,Jan 11 2020 2:51:58.0450 PM,.0048
64. PMU,PMU,Temperature_TDEV7@Sera,,PASS,,27.93,deg C,50,10,,,deg C,Jan 11 2020 2:51:58.0450 PM,Jan 11 2020 2:51:58.0450 PM,0
65. PMU,,,,,,,,,,,,,Jan 11 2020 2:51:58.0490 PM,Jan 11 2020 2:51:58.0520 PM,.0039
65. PMU,PMU,Temperature_TDEV8@Sera,,PASS,,28.96,deg C,50,10,,,deg C,Jan 11 2020 2:51:58.0520 PM,Jan 11 2020 2:51:58.0520 PM,0
66. PMU,,,,,,,,,,,,,Jan 11 2020 2:51:58.0560 PM,Jan 11 2020 2:51:58.0590 PM,.0039
66. PMU,PMU,Temperature_TDEV1@SIMETRA,,PASS,,27.5,deg C,50,10,,,deg C,Jan 11 2020 2:51:58.0590 PM,Jan 11 2020 2:51:58.0590 PM,0
67. PMU,,,,,,,,,,,,,Jan 11 2020 2:51:58.0630 PM,Jan 11 2020 2:51:58.0670 PM,.0039
67. PMU,PMU,Temperature_TDEV2@SIMETRA,,PASS,,26.94,deg C,50,10,,,deg C,Jan 11 2020 2:51:58.0670 PM,Jan 11 2020 2:51:58.0670 PM,0
68. PMU,,,,,,,,,,,,,Jan 11 2020 2:51:58.0700 PM,Jan 11 2020 2:51:58.0740 PM,.0039
68. PMU,PMU,Temperature_TDEV3@SIMETRA,,PASS,,28.81,deg C,50,10,,,deg C,Jan 11 2020 2:51:58.0740 PM,Jan 11 2020 2:51:58.0740 PM,0
69. PMU,,,,,,,,,,,,,Jan 11 2020 2:51:58.0770 PM,Jan 11 2020 2:51:58.0810 PM,.0041
69. PMU,PMU,Temperature_TDEV4@SIMETRA,,PASS,,27.86,deg C,50,10,,,deg C,Jan 11 2020 2:51:58.0810 PM,Jan 11 2020 2:51:58.0810 PM,0
70. PMU,,,,,,,,,,,,,Jan 11 2020 2:51:58.0840 PM,Jan 11 2020 2:51:58.0880 PM,.0039
70. PMU,PMU,Temperature_TDEV5@SIMETRA,,PASS,,28.07,deg C,50,10,,,deg C,Jan 11 2020 2:51:58.0880 PM,Jan 11 2020 2:51:58.0880 PM,0
71. Battery,,,,,,,,,,,,,Jan 11 2020 2:51:58.0920 PM,Jan 11 2020 2:51:58.3060 PM,.2141
71. Battery,Battery,Temperature_Gasgauge,[EFIDut] device -k gasgauge -p,PASS,,,,,,,,,Jan 11 2020 2:51:58.0940 PM,Jan 11 2020 2:51:58.3030 PM,.2086
71. Battery,Battery,Temperature_Gasgauge,,PASS,,28,deg C,50,10,,,deg C,Jan 11 2020 2:51:58.3050 PM,Jan 11 2020 2:51:58.3050 PM,0
72. Battery,,,,,,,,,,,,,Jan 11 2020 2:51:58.3090 PM,Jan 11 2020 2:51:58.4750 PM,.166
72. Battery,Battery,Level_After_Test,[EFIDut] device -k GasGauge -g charge-percentage,PASS,,,,,,,,,Jan 11 2020 2:51:58.3120 PM,Jan 11 2020 2:51:58.4690 PM,.1571
72. Battery,Battery,Level_After_Test,value: param is not a Number-Convert-Able value,FAIL,"$#@!(, [], ""value: param is not a Number-Convert-Able value"")[[Raised from, /Users/gdlocal/Library/Atlas/Sequences/CSVSetup.rush, 511], [Called from, /Users/gdlocal/Library/Atlas/Sequences/CSVSetup.rush, 988]]",,,,,,,,Jan 11 2020 2:51:58.4750 PM,Jan 11 2020 2:51:58.4750 PM,0
73. Battery,,,,,,,,,,,,,Jan 11 2020 2:51:58.4790 PM,Jan 11 2020 2:51:58.5150 PM,.0356
73. Battery,Battery,Voltage_After_Test,[EFIDut] pmuadc --sel potomac --read vbat,PASS,,,,,,,,,Jan 11 2020 2:51:58.4830 PM,Jan 11 2020 2:51:58.5120 PM,.0294
73. Battery,Battery,Voltage_After_Test,,PASS,,3924.2979,mV,,3700,,,mV,Jan 11 2020 2:51:58.5150 PM,Jan 11 2020 2:51:58.5150 PM,0
74. Process,,,,,,,,,,,,,Jan 11 2020 2:51:58.5180 PM,Jan 11 2020 2:51:58.7080 PM,.1896
74. Process,Process,DRCB,EFIDut-close,PASS,,,,,,,,,Jan 11 2020 2:51:58.5210 PM,Jan 11 2020 2:51:58.5210 PM,.0007
74. Process,Process,DRCB,DRCB-Finish-StationFileSecurity,FAIL,station no longer secure,,,,,,,,Jan 11 2020 2:51:58.5270 PM,Jan 11 2020 2:51:58.5270 PM,0
74. Process,Process,DRCB,DRCB-Finish,PASS,,,,,,,,,Jan 11 2020 2:51:58.5260 PM,Jan 11 2020 2:51:58.7060 PM,.1794
