Test,Plugin,Command,Status,Info,Start Time,End Time,Duration (s)
,StationUtils,checkPredicateFormat,PASS,,Jan 11 2020 2:51:27.9610 PM,Jan 11 2020 2:51:27.9610 PM,.0003
,StationUtils,checkPredicateFormat,PASS,,Jan 11 2020 2:51:28.1100 PM,Jan 11 2020 2:51:28.1100 PM,.0001
,StationUtils,checkPredicateFormat,PASS,,Jan 11 2020 2:51:28.1130 PM,Jan 11 2020 2:51:28.1130 PM,0
,StationUtils,checkPredicateFormat,PASS,,Jan 11 2020 2:51:28.1150 PM,Jan 11 2020 2:51:28.1150 PM,0
1. SystemState,SpartanPlugin,spartanParameterCheck,PASS,,Jan 11 2020 2:51:28.4940 PM,Jan 11 2020 2:51:34.8610 PM,6.3667
3. SystemState,UART,open,PASS,,Jan 11 2020 2:51:34.8830 PM,Jan 11 2020 2:51:34.9810 PM,.0979
3. SystemState,UART,read,PASS,,Jan 11 2020 2:51:34.9840 PM,Jan 11 2020 2:51:34.9990 PM,.0151
3. SystemState,UART,changeLineTerminator,PASS,,Jan 11 2020 2:51:35.0000 PM,Jan 11 2020 2:51:35.0010 PM,0
3. SystemState,UART,sendCommand,PASS,,Jan 11 2020 2:51:35.0020 PM,Jan 11 2020 2:51:35.0150 PM,.0131
3. SystemState,UART,sendCommand,PASS,,Jan 11 2020 2:51:35.0160 PM,Jan 11 2020 2:51:35.0320 PM,.0153
3. SystemState,UART,changeDelimiter,PASS,,Jan 11 2020 2:51:35.0330 PM,Jan 11 2020 2:51:35.0330 PM,0
3. SystemState,UART,sendCommand,PASS,,Jan 11 2020 2:51:35.0340 PM,Jan 11 2020 2:51:35.0350 PM,.001
3. SystemState,UART,changeDelimiter,PASS,,Jan 11 2020 2:51:35.0470 PM,Jan 11 2020 2:51:35.0470 PM,0
3. SystemState,UART,sendCommand,PASS,,Jan 11 2020 2:51:35.0490 PM,Jan 11 2020 2:51:35.3230 PM,.2741
3. SystemState,UART,read,PASS,,Jan 11 2020 2:51:35.3240 PM,Jan 11 2020 2:51:35.3270 PM,.0032
3. SystemState,UART,close,PASS,,Jan 11 2020 2:51:35.3290 PM,Jan 11 2020 2:51:35.3290 PM,.0006
4. DUTinfo,EFIDut,open,PASS,,Jan 11 2020 2:51:35.3370 PM,Jan 11 2020 2:51:35.6340 PM,.2967
4. DUTinfo,EFIDut,syncCmdResp,PASS,,Jan 11 2020 2:51:35.6370 PM,Jan 11 2020 2:51:35.6620 PM,.0257
4. DUTinfo,EFIDut,sendCommand,PASS,,Jan 11 2020 2:51:35.6650 PM,Jan 11 2020 2:51:35.7170 PM,.0516
4. DUTinfo,EFIDut,sendCommand,PASS,,Jan 11 2020 2:51:35.7210 PM,Jan 11 2020 2:51:35.9690 PM,.2478
4. DUTinfo,EFIDut,sendCommand,PASS,,Jan 11 2020 2:51:35.9720 PM,Jan 11 2020 2:51:36.0020 PM,.0298
4. DUTinfo,EFIDut,sendCommand,PASS,,Jan 11 2020 2:51:36.0050 PM,Jan 11 2020 2:51:36.0640 PM,.0595
5. Backlight,EFIDut,sendCommand,ERROR,"NO FAILURE MESSAGE PROVIDED (     ""[EFIDut] bl -n"" ); ",Jan 11 2020 2:51:36.0710 PM,Jan 11 2020 2:51:36.1090 PM,.0381
5. Backlight,EFIDut,sendCommand,ERROR,"NO FAILURE MESSAGE PROVIDED (     ""[EFIDut] bl -l"" ); ",Jan 11 2020 2:51:36.1120 PM,Jan 11 2020 2:51:36.1490 PM,.0365
6. DUTinfo,EFIDut,sendCommand,PASS,,Jan 11 2020 2:51:36.1550 PM,Jan 11 2020 2:51:36.1780 PM,.0226
7. DUTinfo,EFIDut,sendCommand,PASS,,Jan 11 2020 2:51:36.1910 PM,Jan 11 2020 2:51:36.2220 PM,.0315
8. DUTinfo,EFIDut,sendCommand,PASS,,Jan 11 2020 2:51:36.2310 PM,Jan 11 2020 2:51:36.2610 PM,.0306
8. DUTinfo,EFIDut,close,PASS,,Jan 11 2020 2:51:36.2650 PM,Jan 11 2020 2:51:36.2660 PM,.0008
9. Process,DRCB,startDataReporting,PASS,,Jan 11 2020 2:51:36.2750 PM,Jan 11 2020 2:51:36.2910 PM,.0163
10. Process,EFIDut,open,PASS,,Jan 11 2020 2:51:36.2980 PM,Jan 11 2020 2:51:36.5940 PM,.2954
10. Process,EFIDut,close,PASS,,Jan 11 2020 2:51:36.5970 PM,Jan 11 2020 2:51:36.5970 PM,.0006
10. Process,DRCB,startControlBits,ERROR,startControlBits needs all files to be secure; ,Jan 11 2020 2:51:36.6010 PM,Jan 11 2020 2:51:36.6010 PM,.0005
11. DUTinfo,SFCSupport,getAttribute,PASS,,Jan 11 2020 2:51:36.6090 PM,Jan 11 2020 2:51:36.6380 PM,.0281
11. DUTinfo,SFCSupport,getAttribute,PASS,,Jan 11 2020 2:51:36.6400 PM,Jan 11 2020 2:51:36.6430 PM,.0032
11. DUTinfo,SFCSupport,getAttribute,PASS,,Jan 11 2020 2:51:36.6450 PM,Jan 11 2020 2:51:36.6480 PM,.0033
11. DUTinfo,SFCSupport,getAttribute,PASS,,Jan 11 2020 2:51:36.6500 PM,Jan 11 2020 2:51:36.6530 PM,.003
11. DUTinfo,SFCSupport,getAttribute,PASS,,Jan 11 2020 2:51:36.6540 PM,Jan 11 2020 2:51:36.6590 PM,.0043
11. DUTinfo,SFCSupport,getAttribute,PASS,,Jan 11 2020 2:51:36.6600 PM,Jan 11 2020 2:51:36.6650 PM,.0044
11. DUTinfo,SFCSupport,getAttribute,PASS,,Jan 11 2020 2:51:36.6670 PM,Jan 11 2020 2:51:36.6720 PM,.0054
11. DUTinfo,SFCSupport,getAttribute,PASS,,Jan 11 2020 2:51:36.6740 PM,Jan 11 2020 2:51:36.6780 PM,.0039
11. DUTinfo,SFCSupport,getAttribute,PASS,,Jan 11 2020 2:51:36.6800 PM,Jan 11 2020 2:51:36.6850 PM,.0048
11. DUTinfo,SFCSupport,getAttribute,PASS,,Jan 11 2020 2:51:36.6870 PM,Jan 11 2020 2:51:36.6920 PM,.0051
11. DUTinfo,SFCSupport,getAttribute,PASS,,Jan 11 2020 2:51:36.6940 PM,Jan 11 2020 2:51:36.7000 PM,.0056
11. DUTinfo,SFCSupport,getAttribute,PASS,,Jan 11 2020 2:51:36.7010 PM,Jan 11 2020 2:51:36.7070 PM,.0054
12. DUTinfo,EFIDut,open,PASS,,Jan 11 2020 2:51:36.7220 PM,Jan 11 2020 2:51:37.0130 PM,.2915
12. DUTinfo,EFIDut,sendCommand,PASS,,Jan 11 2020 2:51:37.0160 PM,Jan 11 2020 2:51:37.0360 PM,.0202
14. DUTinfo,EFIDut,sendCommand,PASS,,Jan 11 2020 2:51:37.0530 PM,Jan 11 2020 2:51:37.0840 PM,.0311
15. DUTinfo,EFIDut,sendCommand,PASS,,Jan 11 2020 2:51:37.0950 PM,Jan 11 2020 2:51:37.1250 PM,.0298
16. DUTinfo,EFIDut,sendCommand,PASS,,Jan 11 2020 2:51:37.1390 PM,Jan 11 2020 2:51:37.1610 PM,.0221
16. DUTinfo,StationUtils,evaluatePredicate,PASS,,Jan 11 2020 2:51:37.1670 PM,Jan 11 2020 2:51:37.1670 PM,.0001
17. Battery,EFIDut,sendCommand,PASS,,Jan 11 2020 2:51:37.1760 PM,Jan 11 2020 2:51:37.3250 PM,.1494
18. Battery,EFIDut,sendCommand,PASS,,Jan 11 2020 2:51:37.3350 PM,Jan 11 2020 2:51:37.3730 PM,.0374
19. Battery,EFIDut,sendCommand,PASS,,Jan 11 2020 2:51:37.3940 PM,Jan 11 2020 2:51:37.4230 PM,.0297
19. Battery,EFIDut,sendCommand,PASS,,Jan 11 2020 2:51:37.4280 PM,Jan 11 2020 2:51:37.4410 PM,.0133
19. Battery,StationUtils,evaluatePredicate,PASS,,Jan 11 2020 2:51:37.4460 PM,Jan 11 2020 2:51:37.4470 PM,.0002
20. Battery,EFIDut,sendCommand,PASS,,Jan 11 2020 2:51:37.4560 PM,Jan 11 2020 2:51:37.6620 PM,.2053
20. Battery,EFIDut,sendCommand,PASS,,Jan 11 2020 2:51:37.6640 PM,Jan 11 2020 2:51:37.7760 PM,.1115
20. Battery,StationUtils,calculateExpression,PASS,,Jan 11 2020 2:51:37.7870 PM,Jan 11 2020 2:51:37.7870 PM,.0002
21. Battery,StationUtils,calculateExpression,PASS,,Jan 11 2020 2:51:37.8010 PM,Jan 11 2020 2:51:37.8010 PM,.0001
22. Battery,StationUtils,calculateExpression,PASS,,Jan 11 2020 2:51:37.8110 PM,Jan 11 2020 2:51:37.8110 PM,.0001
23. Battery,StationUtils,calculateExpression,PASS,,Jan 11 2020 2:51:37.8220 PM,Jan 11 2020 2:51:37.8220 PM,.0001
24. Battery,StationUtils,calculateExpression,PASS,,Jan 11 2020 2:51:37.8320 PM,Jan 11 2020 2:51:37.8320 PM,.0001
25. Battery,StationUtils,calculateExpression,PASS,,Jan 11 2020 2:51:37.8420 PM,Jan 11 2020 2:51:37.8420 PM,.0001
26. Process,EFIDut,sendCommand,PASS,,Jan 11 2020 2:51:37.8520 PM,Jan 11 2020 2:51:37.8940 PM,.0428
26. Process,EFIDut,sendCommand,PASS,,Jan 11 2020 2:51:37.8990 PM,Jan 11 2020 2:51:37.9350 PM,.0364
26. Process,EFIDut,sendCommand,PASS,,Jan 11 2020 2:51:37.9410 PM,Jan 11 2020 2:51:37.9750 PM,.0344
26. Process,EFIDut,sendCommand,PASS,,Jan 11 2020 2:51:37.9790 PM,Jan 11 2020 2:51:38.0120 PM,.0331
26. Process,EFIDut,sendCommand,PASS,,Jan 11 2020 2:51:38.0170 PM,Jan 11 2020 2:51:38.0520 PM,.0343
26. Process,EFIDut,sendCommand,PASS,,Jan 11 2020 2:51:38.0560 PM,Jan 11 2020 2:51:38.0920 PM,.0351
26. Process,EFIDut,sendCommand,PASS,,Jan 11 2020 2:51:38.1000 PM,Jan 11 2020 2:51:38.1220 PM,.0218
27. Grape,EFIDut,sendCommand,ERROR,"NO FAILURE MESSAGE PROVIDED (     ""[EFIDut] touch --off"" ); ",Jan 11 2020 2:51:38.1310 PM,Jan 11 2020 2:51:38.1710 PM,.0394
27. Grape,EFIDut,sendCommand,ERROR,"NO FAILURE MESSAGE PROVIDED (     ""[EFIDut] touch --on"" ); ",Jan 11 2020 2:51:38.1740 PM,Jan 11 2020 2:51:38.2110 PM,.0372
27. Grape,EFIDut,sendCommand,ERROR,"NO FAILURE MESSAGE PROVIDED (     ""[EFIDut] touch --load_firmware"" ); ",Jan 11 2020 2:51:38.2150 PM,Jan 11 2020 2:51:38.2530 PM,.0379
28. Grape,EFIDut,sendCommand,ERROR,"NO FAILURE MESSAGE PROVIDED (     ""[EFIDut] touch --test critical --run"" ); ",Jan 11 2020 2:51:38.2630 PM,Jan 11 2020 2:51:38.2930 PM,.0302
29. Grape,EFIDut,sendCommand,PASS,,Jan 11 2020 2:51:38.3020 PM,Jan 11 2020 2:51:38.3330 PM,.0316
29. Grape,EFIDut,sendCommand,ERROR,"NO FAILURE MESSAGE PROVIDED (     ""[EFIDut] touch --off"" ); ",Jan 11 2020 2:51:38.3390 PM,Jan 11 2020 2:51:38.3710 PM,.032
30. OpticalSensor,EFIDut,sendCommand,PASS,,Jan 11 2020 2:51:38.3810 PM,Jan 11 2020 2:51:38.4090 PM,.0278
30. OpticalSensor,EFIDut,sendCommand,ERROR,"NO FAILURE MESSAGE PROVIDED (     ""[EFIDut] i2c -v 3 0x39 0x80 0x00"" ); ",Jan 11 2020 2:51:38.4130 PM,Jan 11 2020 2:51:38.4560 PM,.0429
30. OpticalSensor,EFIDut,sendCommand,PASS,,Jan 11 2020 2:51:38.4590 PM,Jan 11 2020 2:51:38.4810 PM,.0213
30. OpticalSensor,EFIDut,sendCommand,ERROR,"NO FAILURE MESSAGE PROVIDED (     ""[EFIDut] i2c -v 3 0x39 0x80 0x01"" ); ",Jan 11 2020 2:51:38.4840 PM,Jan 11 2020 2:51:38.5170 PM,.0329
30. OpticalSensor,EFIDut,sendCommand,ERROR,"NO FAILURE MESSAGE PROVIDED (     ""[EFIDut] i2c -v 3 0x39 0x81 0xFF"" ); ",Jan 11 2020 2:51:38.5220 PM,Jan 11 2020 2:51:38.5560 PM,.0338
30. OpticalSensor,EFIDut,sendCommand,ERROR,"NO FAILURE MESSAGE PROVIDED (     ""[EFIDut] i2c -v 3 0x39 0x80 0x13"" ); ",Jan 11 2020 2:51:38.5600 PM,Jan 11 2020 2:51:38.5980 PM,.038
30. OpticalSensor,EFIDut,sendCommand,PASS,,Jan 11 2020 2:51:38.6010 PM,Jan 11 2020 2:51:38.8940 PM,.2939
30. OpticalSensor,EFIDut,sendCommand,ERROR,"NO FAILURE MESSAGE PROVIDED (     ""[EFIDut] socgpio --port 1 --pin 20 --get"" ); ",Jan 11 2020 2:51:38.8970 PM,Jan 11 2020 2:51:38.9210 PM,.0234
30. OpticalSensor,EFIDut,sendCommand,ERROR,"NO FAILURE MESSAGE PROVIDED (     ""[EFIDut] i2c -v 3 0x39 0x80 0x00"" ); ",Jan 11 2020 2:51:38.9240 PM,Jan 11 2020 2:51:38.9560 PM,.032
31. OpticalSensor,EFIDut,sendCommand,PASS,,Jan 11 2020 2:51:38.9630 PM,Jan 11 2020 2:51:38.9890 PM,.0256
31. OpticalSensor,EFIDut,sendCommand,ERROR,"NO FAILURE MESSAGE PROVIDED (     ""[EFIDut] i2c -v 3 0x29 0x80 0x00"" ); ",Jan 11 2020 2:51:38.9930 PM,Jan 11 2020 2:51:39.0370 PM,.044
31. OpticalSensor,EFIDut,sendCommand,ERROR,"NO FAILURE MESSAGE PROVIDED (     ""[EFIDut] socgpio --port 1 --pin 21 --get"" ); ",Jan 11 2020 2:51:39.0420 PM,Jan 11 2020 2:51:39.0610 PM,.0189
31. OpticalSensor,EFIDut,sendCommand,ERROR,"NO FAILURE MESSAGE PROVIDED (     ""[EFIDut] i2c -v 3 0x29 0x80 0x01"" ); ",Jan 11 2020 2:51:39.0640 PM,Jan 11 2020 2:51:39.0960 PM,.0321
31. OpticalSensor,EFIDut,sendCommand,ERROR,"NO FAILURE MESSAGE PROVIDED (     ""[EFIDut] i2c -v 3 0x29 0x81 0xFF"" ); ",Jan 11 2020 2:51:39.0990 PM,Jan 11 2020 2:51:39.1360 PM,.0367
31. OpticalSensor,EFIDut,sendCommand,ERROR,"NO FAILURE MESSAGE PROVIDED (     ""[EFIDut] i2c -v 3 0x29 0x80 0x13"" ); ",Jan 11 2020 2:51:39.1390 PM,Jan 11 2020 2:51:39.1760 PM,.037
31. OpticalSensor,EFIDut,sendCommand,PASS,,Jan 11 2020 2:51:39.1790 PM,Jan 11 2020 2:51:39.4770 PM,.2982
31. OpticalSensor,EFIDut,sendCommand,PASS,,Jan 11 2020 2:51:39.4810 PM,Jan 11 2020 2:51:39.5000 PM,.0197
31. OpticalSensor,EFIDut,sendCommand,ERROR,"NO FAILURE MESSAGE PROVIDED (     ""[EFIDut] i2c -v 3 0x29 0x80 0x00"" ); ",Jan 11 2020 2:51:39.5040 PM,Jan 11 2020 2:51:39.5360 PM,.0324
31. OpticalSensor,EFIDut,sendCommand,PASS,,Jan 11 2020 2:51:39.5460 PM,Jan 11 2020 2:51:39.5710 PM,.0249
32. System,EFIDut,sendCommand,PASS,,Jan 11 2020 2:51:39.5830 PM,Jan 11 2020 2:51:39.6780 PM,.0945
33. System,EFIDut,sendCommand,PASS,,Jan 11 2020 2:51:39.6860 PM,Jan 11 2020 2:51:39.9910 PM,.3054
33. System,EFIDut,sendCommand,PASS,,Jan 11 2020 2:51:39.9930 PM,Jan 11 2020 2:51:40.2510 PM,.2588
33. System,EFIDut,sendCommand,PASS,,Jan 11 2020 2:51:40.2600 PM,Jan 11 2020 2:51:40.3160 PM,.0565
34. System,EFIDut,sendCommand,PASS,,Jan 11 2020 2:51:40.3230 PM,Jan 11 2020 2:51:40.3790 PM,.0561
35. System,EFIDut,sendCommand,PASS,,Jan 11 2020 2:51:40.3860 PM,Jan 11 2020 2:51:40.6910 PM,.3056
35. System,EFIDut,sendCommand,PASS,,Jan 11 2020 2:51:40.6930 PM,Jan 11 2020 2:51:40.8740 PM,.1817
35. System,EFIDut,sendCommand,PASS,,Jan 11 2020 2:51:40.8760 PM,Jan 11 2020 2:51:40.9360 PM,.0601
36. System,EFIDut,sendCommand,ERROR,"NO FAILURE MESSAGE PROVIDED (     ""[Diags] display --on"",     sendCommand ); ",Jan 11 2020 2:51:40.9440 PM,Jan 11 2020 2:51:40.9750 PM,.0314
36. System,EFIDut,sendCommand,PASS,,Jan 11 2020 2:51:40.9770 PM,Jan 11 2020 2:51:41.1940 PM,.2169
37. System,EFIDut,sendCommand,PASS,,Jan 11 2020 2:51:41.2220 PM,Jan 11 2020 2:51:41.2410 PM,.0189
38. System,EFIDut,sendCommand,PASS,,Jan 11 2020 2:51:41.2490 PM,Jan 11 2020 2:51:41.3790 PM,.1306
39. System,EFIDut,sendCommand,PASS,,Jan 11 2020 2:51:41.3870 PM,Jan 11 2020 2:51:41.5590 PM,.1724
40. System,EFIDut,sendCommand,PASS,,Jan 11 2020 2:51:41.5670 PM,Jan 11 2020 2:51:41.7040 PM,.1374
41. System,EFIDut,sendCommand,PASS,,Jan 11 2020 2:51:41.7110 PM,Jan 11 2020 2:51:48.2710 PM,6.5603
42. System,EFIDut,sendCommand,PASS,,Jan 11 2020 2:51:48.2780 PM,Jan 11 2020 2:51:54.8320 PM,6.554
43. Battery,EFIDut,sendCommand,PASS,,Jan 11 2020 2:51:54.8390 PM,Jan 11 2020 2:51:54.8720 PM,.033
44. Battery,EFIDut,sendCommand,PASS,,Jan 11 2020 2:51:54.8800 PM,Jan 11 2020 2:51:54.9110 PM,.0311
45. Battery,EFIDut,sendCommand,PASS,,Jan 11 2020 2:51:54.9200 PM,Jan 11 2020 2:51:55.0640 PM,.1447
46. Battery,EFIDut,sendCommand,PASS,,Jan 11 2020 2:51:55.0770 PM,Jan 11 2020 2:51:55.2250 PM,.1479
47. Battery,EFIDut,sendCommand,PASS,,Jan 11 2020 2:51:55.2350 PM,Jan 11 2020 2:51:55.6800 PM,.4453
49. Battery,EFIDut,sendCommand,PASS,,Jan 11 2020 2:51:55.6960 PM,Jan 11 2020 2:51:55.8460 PM,.1501
50. Battery,EFIDut,sendCommand,PASS,,Jan 11 2020 2:51:55.8630 PM,Jan 11 2020 2:51:56.0060 PM,.1427
51. Battery,EFIDut,sendCommand,PASS,,Jan 11 2020 2:51:56.0170 PM,Jan 11 2020 2:51:56.1640 PM,.1477
52. Battery,EFIDut,sendCommand,PASS,,Jan 11 2020 2:51:56.1800 PM,Jan 11 2020 2:51:56.3240 PM,.1435
53. Battery,EFIDut,sendCommand,PASS,,Jan 11 2020 2:51:56.3340 PM,Jan 11 2020 2:51:56.4840 PM,.15
54. Battery,EFIDut,sendCommand,ERROR,"NO FAILURE MESSAGE PROVIDED (     ""[EFIDut] device -k GasGauge -g chem-cap-updates-en"" ); ",Jan 11 2020 2:51:56.4940 PM,Jan 11 2020 2:51:56.6490 PM,.1541
55. Battery,EFIDut,sendCommand,PASS,,Jan 11 2020 2:51:56.6570 PM,Jan 11 2020 2:51:56.7340 PM,.0779
56. Battery,EFIDut,sendCommand,ERROR,"NO FAILURE MESSAGE PROVIDED (     ""[EFIDut] device -k GasGauge --get sealed"" ); ",Jan 11 2020 2:51:56.7410 PM,Jan 11 2020 2:51:56.8830 PM,.1419
57. Display,EFIDut,sendCommand,ERROR,"NO FAILURE MESSAGE PROVIDED (     ""[Diags] dptx -e alpm -t \""false\"""",     sendCommand ); ",Jan 11 2020 2:51:56.8990 PM,Jan 11 2020 2:51:57.1980 PM,.2991
57. Display,EFIDut,sendCommand,ERROR,"NO FAILURE MESSAGE PROVIDED (     ""[Diags] display --off"",     sendCommand ); ",Jan 11 2020 2:51:57.2000 PM,Jan 11 2020 2:51:57.2380 PM,.038
57. Display,EFIDut,sendCommand,ERROR,"NO FAILURE MESSAGE PROVIDED (     ""[Diags] bl -n"",     sendCommand ); ",Jan 11 2020 2:51:57.2400 PM,Jan 11 2020 2:51:57.2750 PM,.0343
57. Display,EFIDut,sendCommand,ERROR,"NO FAILURE MESSAGE PROVIDED (     ""[Diags] display --on"",     sendCommand ); ",Jan 11 2020 2:51:57.2780 PM,Jan 11 2020 2:51:57.3180 PM,.0398
57. Display,EFIDut,sendCommand,ERROR,"NO FAILURE MESSAGE PROVIDED (     ""[Diags] display --method ber --options \""-r\"""",     sendCommand ); ",Jan 11 2020 2:51:57.3200 PM,Jan 11 2020 2:51:57.3600 PM,.0404
57. Display,EFIDut,sendCommand,PASS,,Jan 11 2020 2:51:57.3630 PM,Jan 11 2020 2:51:57.3980 PM,.0358
57. Display,EFIDut,sendCommand,ERROR,"NO FAILURE MESSAGE PROVIDED (     ""[Diags] dptx -e alpm -t \""true\"""",     sendCommand ); ",Jan 11 2020 2:51:57.4000 PM,Jan 11 2020 2:51:57.6970 PM,.2972
58. PMU,EFIDut,sendCommand,PASS,,Jan 11 2020 2:51:57.7080 PM,Jan 11 2020 2:51:58.0030 PM,.2952
71. Battery,EFIDut,sendCommand,PASS,,Jan 11 2020 2:51:58.0940 PM,Jan 11 2020 2:51:58.3030 PM,.2086
72. Battery,EFIDut,sendCommand,PASS,,Jan 11 2020 2:51:58.3120 PM,Jan 11 2020 2:51:58.4690 PM,.1572
73. Battery,EFIDut,sendCommand,PASS,,Jan 11 2020 2:51:58.4830 PM,Jan 11 2020 2:51:58.5120 PM,.0294
74. Process,EFIDut,close,PASS,,Jan 11 2020 2:51:58.5210 PM,Jan 11 2020 2:51:58.5210 PM,.0007
74. Process,DRCB,finish,FAIL,station no longer secure; ,Jan 11 2020 2:51:58.5260 PM,Jan 11 2020 2:51:58.7060 PM,.1794
