Test,Plugin,Command,Status,Info,Start Time,End Time,Duration (s)
,UART,read,ERROR,Timed out trying to read; ,Nov 19 2019 7:42:54.4070 PM,Nov 19 2019 7:42:55.4130 PM,1.0057
,UART,read,ERROR,Timed out trying to read; ,Nov 19 2019 7:42:55.5190 PM,Nov 19 2019 7:42:56.5390 PM,1.0196
,Dut,read,ERROR,Timed out trying to read; ,Nov 19 2019 7:42:56.7520 PM,Nov 19 2019 7:42:57.7650 PM,1.0129
,Dut,read,ERROR,Timed out trying to read; ,Nov 19 2019 7:42:57.9180 PM,Nov 19 2019 7:42:58.9420 PM,1.0245
34. POTASSIUM,Fixture,sendCommand,NOT SET,,,,0
41. BUTTONS_CHECK,Fixture,sendCommand,NOT SET,,,,0
41. BUTTONS_CHECK,Fixture,sendCommand,NOT SET,,,,0
41. BUTTONS_CHECK,Fixture,sendCommand,NOT SET,,,,0
41. BUTTONS_CHECK,Fixture,sendCommand,NOT SET,,,,0
45. DBGPWR_ON,Fixture,sendCommand,NOT SET,,,,0
