Test,Plugin,Command,Status,Info,Start Time,End Time,Duration (s)
,UART,open,PASS,,Nov 19 2019 7:42:54.1570 PM,Nov 19 2019 7:42:54.1860 PM,.0283
,UART,changeLineTerminator,PASS,,Nov 19 2019 7:42:54.1880 PM,Nov 19 2019 7:42:54.1880 PM,.0001
,UART,sendCommand,PASS,,Nov 19 2019 7:42:54.1890 PM,Nov 19 2019 7:42:54.2970 PM,.1076
,UART,sendCommand,PASS,,Nov 19 2019 7:42:54.2980 PM,Nov 19 2019 7:42:54.4030 PM,.1043
,UART,read,PASS,,Nov 19 2019 7:42:54.4040 PM,Nov 19 2019 7:42:54.4040 PM,.0002
,UART,read,PASS,,Nov 19 2019 7:42:54.4060 PM,Nov 19 2019 7:42:54.4060 PM,.0002
,UART,read,ERROR,Timed out trying to read; ,Nov 19 2019 7:42:54.4070 PM,Nov 19 2019 7:42:55.4130 PM,1.0057
,UART,sendCommand,PASS,,Nov 19 2019 7:42:55.4150 PM,Nov 19 2019 7:42:55.5160 PM,.1011
,UART,read,PASS,,Nov 19 2019 7:42:55.5180 PM,Nov 19 2019 7:42:55.5180 PM,.0002
,UART,read,ERROR,Timed out trying to read; ,Nov 19 2019 7:42:55.5190 PM,Nov 19 2019 7:42:56.5390 PM,1.0196
,UART,changeDelimiter,PASS,,Nov 19 2019 7:42:56.5400 PM,Nov 19 2019 7:42:56.5400 PM,0
,UART,sendCommand,PASS,,Nov 19 2019 7:42:56.5420 PM,Nov 19 2019 7:42:56.5780 PM,.0363
CONSOLE_SETTING,UART,sendCommand,PASS,,Nov 19 2019 7:42:56.5840 PM,Nov 19 2019 7:42:56.6240 PM,.0398
,UART,sendCommand,PASS,,Nov 19 2019 7:42:56.6280 PM,Nov 19 2019 7:42:56.6730 PM,.0454
,UART,close,PASS,,Nov 19 2019 7:42:56.6740 PM,Nov 19 2019 7:42:56.6750 PM,.0006
,Dut,open,PASS,,Nov 19 2019 7:42:56.6790 PM,Nov 19 2019 7:42:56.7510 PM,.0717
,Dut,read,ERROR,Timed out trying to read; ,Nov 19 2019 7:42:56.7520 PM,Nov 19 2019 7:42:57.7650 PM,1.0129
,Dut,close,PASS,,Nov 19 2019 7:42:57.7680 PM,Nov 19 2019 7:42:57.7680 PM,.0004
Copy TestPlan To LogDir,RunCommand,RunCommandWithParameter,PASS,,Nov 19 2019 7:42:57.7730 PM,Nov 19 2019 7:42:57.8260 PM,.0538
DRCB startDataReporting,DRCB,startDataReporting,PASS,,Nov 19 2019 7:42:57.8310 PM,Nov 19 2019 7:42:57.8480 PM,.0174
,Dut,open,PASS,,Nov 19 2019 7:42:57.8520 PM,Nov 19 2019 7:42:57.9160 PM,.0645
,Dut,read,ERROR,Timed out trying to read; ,Nov 19 2019 7:42:57.9180 PM,Nov 19 2019 7:42:58.9420 PM,1.0245
1. ALIAS_SETTING,Dut,sendCommand,PASS,,Nov 19 2019 7:42:58.9450 PM,Nov 19 2019 7:42:59.0790 PM,.1341
2. SPAM_SETTING,Dut,sendCommand,PASS,,Nov 19 2019 7:42:59.0820 PM,Nov 19 2019 7:42:59.5260 PM,.4439
2. SPAM_SETTING,Dut,sendCommand,PASS,,Nov 19 2019 7:42:59.5280 PM,Nov 19 2019 7:42:59.5580 PM,.0305
3. GET_SW_INFO,Dut,sendCommand,PASS,,Nov 19 2019 7:42:59.5620 PM,Nov 19 2019 7:42:59.6290 PM,.0674
3. GET_SW_INFO,Dut,sendCommand,PASS,,Nov 19 2019 7:42:59.6310 PM,Nov 19 2019 7:42:59.7410 PM,.1094
4. GET_MLB_INFO,Dut,sendCommand,PASS,,Nov 19 2019 7:42:59.7450 PM,Nov 19 2019 7:42:59.9160 PM,.1715
4. GET_MLB_INFO,Dut,sendCommand,PASS,,Nov 19 2019 7:42:59.9180 PM,Nov 19 2019 7:42:59.9480 PM,.0299
4. GET_MLB_INFO,Dut,sendCommand,PASS,,Nov 19 2019 7:42:59.9500 PM,Nov 19 2019 7:42:59.9800 PM,.0299
6. GET_COMP_INFO,Dut,sendCommand,PASS,,Nov 19 2019 7:42:59.9860 PM,Nov 19 2019 7:43:00.1220 PM,.1361
6. GET_COMP_INFO,Dut,sendCommand,PASS,,Nov 19 2019 7:43:00.1250 PM,Nov 19 2019 7:43:00.1720 PM,.047
6. GET_COMP_INFO,Dut,sendCommand,PASS,,Nov 19 2019 7:43:00.1740 PM,Nov 19 2019 7:43:00.3100 PM,.1361
6. GET_COMP_INFO,Dut,sendCommand,PASS,,Nov 19 2019 7:43:00.3120 PM,Nov 19 2019 7:43:00.6080 PM,.2956
6. GET_COMP_INFO,Dut,sendCommand,PASS,,Nov 19 2019 7:43:00.6160 PM,Nov 19 2019 7:43:00.6620 PM,.0462
7. QUIESCE_SYSTEM,Dut,sendCommand,PASS,,Nov 19 2019 7:43:00.6670 PM,Nov 19 2019 7:43:00.8330 PM,.1653
7. QUIESCE_SYSTEM,Dut,sendCommand,PASS,,Nov 19 2019 7:43:00.8340 PM,Nov 19 2019 7:43:00.8740 PM,.0393
7. QUIESCE_SYSTEM,Dut,sendCommand,PASS,,Nov 19 2019 7:43:00.8750 PM,Nov 19 2019 7:43:00.9670 PM,.0923
7. QUIESCE_SYSTEM,Dut,sendCommand,PASS,,Nov 19 2019 7:43:00.9690 PM,Nov 19 2019 7:43:01.0130 PM,.0437
7. QUIESCE_SYSTEM,Dut,sendCommand,PASS,,Nov 19 2019 7:43:01.0140 PM,Nov 19 2019 7:43:01.0560 PM,.0423
8. GET_INFO2,com.apple.hwte.atlas.AppPlugin,show-form,PASS,,Nov 19 2019 7:43:01.0600 PM,Nov 19 2019 7:43:06.0080 PM,4.9478
9. QUERY_SFC_WRITE_SYSCFG,Dut,sendCommand,PASS,,Nov 19 2019 7:43:06.0130 PM,Nov 19 2019 7:43:06.1200 PM,.1061
10. GET_SYS_INFO,Dut,sendCommand,PASS,,Nov 19 2019 7:43:06.1230 PM,Nov 19 2019 7:43:06.1650 PM,.0419
11. GET_MLB_INFO,Dut,sendCommand,PASS,,Nov 19 2019 7:43:06.1690 PM,Nov 19 2019 7:43:06.2130 PM,.0438
12. SetRTC,Dut,sendCommand,PASS,,Nov 19 2019 7:43:06.2200 PM,Nov 19 2019 7:43:06.2580 PM,.0389
13. QUERY_SFC_WRITE_SYSCFG,SFCSupport,getAttribute,PASS,,Nov 19 2019 7:43:06.2620 PM,Nov 19 2019 7:43:06.3370 PM,.0749
13. QUERY_SFC_WRITE_SYSCFG,SFCSupport,getAttribute,PASS,,Nov 19 2019 7:43:06.3400 PM,Nov 19 2019 7:43:06.3470 PM,.0069
13. QUERY_SFC_WRITE_SYSCFG,SFCSupport,getAttribute,PASS,,Nov 19 2019 7:43:06.3490 PM,Nov 19 2019 7:43:06.3560 PM,.0061
13. QUERY_SFC_WRITE_SYSCFG,SFCSupport,getAttribute,PASS,,Nov 19 2019 7:43:06.3570 PM,Nov 19 2019 7:43:06.3640 PM,.0067
13. QUERY_SFC_WRITE_SYSCFG,SFCSupport,getAttribute,PASS,,Nov 19 2019 7:43:06.3660 PM,Nov 19 2019 7:43:06.3740 PM,.0077
13. QUERY_SFC_WRITE_SYSCFG,SFCSupport,getAttribute,PASS,,Nov 19 2019 7:43:06.3770 PM,Nov 19 2019 7:43:06.3820 PM,.0052
13. QUERY_SFC_WRITE_SYSCFG,SFCSupport,getAttribute,PASS,,Nov 19 2019 7:43:06.3840 PM,Nov 19 2019 7:43:06.3900 PM,.0053
13. QUERY_SFC_WRITE_SYSCFG,SFCSupport,getAttribute,PASS,,Nov 19 2019 7:43:06.3930 PM,Nov 19 2019 7:43:06.3990 PM,.0061
13. QUERY_SFC_WRITE_SYSCFG,SFCSupport,getAttribute,PASS,,Nov 19 2019 7:43:06.4010 PM,Nov 19 2019 7:43:06.4060 PM,.005
13. QUERY_SFC_WRITE_SYSCFG,Dut,sendCommand,PASS,,Nov 19 2019 7:43:06.4090 PM,Nov 19 2019 7:43:06.4820 PM,.073
13. QUERY_SFC_WRITE_SYSCFG,Dut,sendCommand,PASS,,Nov 19 2019 7:43:06.4840 PM,Nov 19 2019 7:43:06.5300 PM,.0463
13. QUERY_SFC_WRITE_SYSCFG,Dut,sendCommand,PASS,,Nov 19 2019 7:43:06.5320 PM,Nov 19 2019 7:43:06.6100 PM,.0785
13. QUERY_SFC_WRITE_SYSCFG,Dut,sendCommand,PASS,,Nov 19 2019 7:43:06.6120 PM,Nov 19 2019 7:43:06.6560 PM,.0441
13. QUERY_SFC_WRITE_SYSCFG,Dut,sendCommand,PASS,,Nov 19 2019 7:43:06.6570 PM,Nov 19 2019 7:43:06.7360 PM,.0784
13. QUERY_SFC_WRITE_SYSCFG,Dut,sendCommand,PASS,,Nov 19 2019 7:43:06.7370 PM,Nov 19 2019 7:43:06.7830 PM,.046
13. QUERY_SFC_WRITE_SYSCFG,Dut,sendCommand,PASS,,Nov 19 2019 7:43:06.7850 PM,Nov 19 2019 7:43:06.8640 PM,.0784
13. QUERY_SFC_WRITE_SYSCFG,Dut,sendCommand,PASS,,Nov 19 2019 7:43:06.8650 PM,Nov 19 2019 7:43:06.9160 PM,.0512
13. QUERY_SFC_WRITE_SYSCFG,Dut,sendCommand,PASS,,Nov 19 2019 7:43:06.9180 PM,Nov 19 2019 7:43:06.9960 PM,.0779
13. QUERY_SFC_WRITE_SYSCFG,Dut,sendCommand,PASS,,Nov 19 2019 7:43:06.9980 PM,Nov 19 2019 7:43:07.0440 PM,.0464
13. QUERY_SFC_WRITE_SYSCFG,Dut,sendCommand,PASS,,Nov 19 2019 7:43:07.0460 PM,Nov 19 2019 7:43:07.1240 PM,.0777
13. QUERY_SFC_WRITE_SYSCFG,Dut,sendCommand,PASS,,Nov 19 2019 7:43:07.1250 PM,Nov 19 2019 7:43:07.1560 PM,.0305
13. QUERY_SFC_WRITE_SYSCFG,Dut,sendCommand,PASS,,Nov 19 2019 7:43:07.1580 PM,Nov 19 2019 7:43:07.2040 PM,.0461
13. QUERY_SFC_WRITE_SYSCFG,Dut,sendCommand,PASS,,Nov 19 2019 7:43:07.2050 PM,Nov 19 2019 7:43:07.2360 PM,.0305
13. QUERY_SFC_WRITE_SYSCFG,Dut,sendCommand,PASS,,Nov 19 2019 7:43:07.2370 PM,Nov 19 2019 7:43:07.2840 PM,.0463
13. QUERY_SFC_WRITE_SYSCFG,Dut,sendCommand,PASS,,Nov 19 2019 7:43:07.2850 PM,Nov 19 2019 7:43:07.3160 PM,.0305
13. QUERY_SFC_WRITE_SYSCFG,Dut,sendCommand,PASS,,Nov 19 2019 7:43:07.3170 PM,Nov 19 2019 7:43:07.3640 PM,.0464
13. QUERY_SFC_WRITE_SYSCFG,Dut,sendCommand,PASS,,Nov 19 2019 7:43:07.3650 PM,Nov 19 2019 7:43:07.4110 PM,.0462
13. QUERY_SFC_WRITE_SYSCFG,Dut,sendCommand,PASS,,Nov 19 2019 7:43:07.4130 PM,Nov 19 2019 7:43:07.4590 PM,.0462
13. QUERY_SFC_WRITE_SYSCFG,Dut,sendCommand,PASS,,Nov 19 2019 7:43:07.4610 PM,Nov 19 2019 7:43:07.5070 PM,.0464
13. QUERY_SFC_WRITE_SYSCFG,Dut,sendCommand,PASS,,Nov 19 2019 7:43:07.5090 PM,Nov 19 2019 7:43:07.5550 PM,.0462
13. QUERY_SFC_WRITE_SYSCFG,Dut,sendCommand,PASS,,Nov 19 2019 7:43:07.5570 PM,Nov 19 2019 7:43:07.6080 PM,.0513
14. GET_INFO3,SFCSupport,getAttribute,PASS,,Nov 19 2019 7:43:07.6150 PM,Nov 19 2019 7:43:07.6200 PM,.0053
15. COMM_BUS_SWEEP,Dut,sendCommand,PASS,,Nov 19 2019 7:43:07.6250 PM,Nov 19 2019 7:43:07.7020 PM,.0764
16. QUIESCE_SYSTEM_2,Dut,sendCommand,PASS,,Nov 19 2019 7:43:07.7060 PM,Nov 19 2019 7:43:07.7490 PM,.0423
16. QUIESCE_SYSTEM_2,Dut,sendCommand,PASS,,Nov 19 2019 7:43:07.7500 PM,Nov 19 2019 7:43:08.8640 PM,1.1132
16. QUIESCE_SYSTEM_2,Dut,sendCommand,PASS,,Nov 19 2019 7:43:08.8650 PM,Nov 19 2019 7:43:08.9080 PM,.0425
16. QUIESCE_SYSTEM_2,Dut,sendCommand,PASS,,Nov 19 2019 7:43:08.9090 PM,Nov 19 2019 7:43:08.9600 PM,.0513
16. QUIESCE_SYSTEM_2,Dut,sendCommand,PASS,,Nov 19 2019 7:43:08.9620 PM,Nov 19 2019 7:43:09.0110 PM,.0493
16. QUIESCE_SYSTEM_2,Dut,sendCommand,PASS,,Nov 19 2019 7:43:09.0130 PM,Nov 19 2019 7:43:09.0530 PM,.0405
16. QUIESCE_SYSTEM_2,Dut,sendCommand,PASS,,Nov 19 2019 7:43:09.0550 PM,Nov 19 2019 7:43:09.3410 PM,.2861
16. QUIESCE_SYSTEM_2,Dut,sendCommand,PASS,,Nov 19 2019 7:43:09.3430 PM,Nov 19 2019 7:43:09.7400 PM,.3971
16. QUIESCE_SYSTEM_2,Dut,sendCommand,PASS,,Nov 19 2019 7:43:09.7420 PM,Nov 19 2019 7:43:09.7810 PM,.0394
16. QUIESCE_SYSTEM_2,Dut,sendCommand,PASS,,Nov 19 2019 7:43:09.7830 PM,Nov 19 2019 7:43:09.8290 PM,.0461
16. QUIESCE_SYSTEM_2,Dut,sendCommand,PASS,,Nov 19 2019 7:43:09.8300 PM,Nov 19 2019 7:43:09.8770 PM,.0466
16. QUIESCE_SYSTEM_2,Dut,sendCommand,PASS,,Nov 19 2019 7:43:09.8780 PM,Nov 19 2019 7:43:09.9200 PM,.0415
16. QUIESCE_SYSTEM_2,Dut,sendCommand,PASS,,Nov 19 2019 7:43:09.9220 PM,Nov 19 2019 7:43:09.9520 PM,.0302
17. CHARGER_OFF,Dut,sendCommand,PASS,,Nov 19 2019 7:43:09.9560 PM,Nov 19 2019 7:43:10.0690 PM,.1127
17. CHARGER_OFF,Dut,sendCommand,PASS,,Nov 19 2019 7:43:10.0710 PM,Nov 19 2019 7:43:10.1010 PM,.03
17. CHARGER_OFF,Dut,sendCommand,PASS,,Nov 19 2019 7:43:10.1030 PM,Nov 19 2019 7:43:10.1480 PM,.0458
17. CHARGER_OFF,Dut,sendCommand,PASS,,Nov 19 2019 7:43:10.1500 PM,Nov 19 2019 7:43:10.1800 PM,.0305
18. LISA_INIT,Dut,sendCommand,PASS,,Nov 19 2019 7:43:10.1850 PM,Nov 19 2019 7:43:10.2350 PM,.0502
18. LISA_INIT,Dut,sendCommand,PASS,,Nov 19 2019 7:43:10.2430 PM,Nov 19 2019 7:43:10.3920 PM,.1493
18. LISA_INIT,Dut,sendCommand,PASS,,Nov 19 2019 7:43:10.3940 PM,Nov 19 2019 7:43:10.4380 PM,.0436
18. LISA_INIT,Dut,sendCommand,PASS,,Nov 19 2019 7:43:10.4390 PM,Nov 19 2019 7:43:10.4820 PM,.0425
18. LISA_INIT,Dut,sendCommand,PASS,,Nov 19 2019 7:43:10.4840 PM,Nov 19 2019 7:43:10.5330 PM,.0491
18. LISA_INIT,Dut,sendCommand,PASS,,Nov 19 2019 7:43:10.5350 PM,Nov 19 2019 7:43:10.5860 PM,.0505
18. LISA_INIT,Dut,sendCommand,PASS,,Nov 19 2019 7:43:10.5870 PM,Nov 19 2019 7:43:10.6350 PM,.0475
18. LISA_INIT,Dut,sendCommand,PASS,,Nov 19 2019 7:43:10.6430 PM,Nov 19 2019 7:43:10.6870 PM,.0447
19. INIT_GG_READ,Dut,sendCommand,PASS,,Nov 19 2019 7:43:10.6910 PM,Nov 19 2019 7:43:13.7220 PM,3.0304
19. INIT_GG_READ,Dut,sendCommand,PASS,,Nov 19 2019 7:43:13.7240 PM,Nov 19 2019 7:43:14.0130 PM,.2891
20. INIT_SOC_READ,Dut,sendCommand,PASS,,Nov 19 2019 7:43:14.0980 PM,Nov 19 2019 7:43:14.1640 PM,.0661
21. INIT_PMU_READ,Dut,sendCommand,PASS,,Nov 19 2019 7:43:14.1860 PM,Nov 19 2019 7:43:14.2270 PM,.0407
21. INIT_PMU_READ,Dut,sendCommand,PASS,,Nov 19 2019 7:43:14.2290 PM,Nov 19 2019 7:43:14.2590 PM,.0301
21. INIT_PMU_READ,Dut,sendCommand,PASS,,Nov 19 2019 7:43:14.2610 PM,Nov 19 2019 7:43:14.3050 PM,.0443
21. INIT_PMU_READ,Dut,sendCommand,PASS,,Nov 19 2019 7:43:14.3070 PM,Nov 19 2019 7:43:15.7660 PM,1.4592
22. LYNX_TEST,Dut,sendCommand,PASS,,Nov 19 2019 7:43:15.8910 PM,Nov 19 2019 7:43:16.6440 PM,.7536
22. LYNX_TEST,Dut,sendCommand,PASS,,Nov 19 2019 7:43:16.6460 PM,Nov 19 2019 7:43:24.1020 PM,7.4568
22. LYNX_TEST,Dut,sendCommand,PASS,,Nov 19 2019 7:43:24.1040 PM,Nov 19 2019 7:43:24.2460 PM,.1423
22. LYNX_TEST,Dut,sendCommand,PASS,,Nov 19 2019 7:43:24.2480 PM,Nov 19 2019 7:43:24.3250 PM,.0773
22. LYNX_TEST,Dut,sendCommand,PASS,,Nov 19 2019 7:43:24.3270 PM,Nov 19 2019 7:43:24.3800 PM,.0526
22. LYNX_TEST,Dut,sendCommand,PASS,,Nov 19 2019 7:43:24.3810 PM,Nov 19 2019 7:43:24.5240 PM,.1422
23. CHARGER_ON,Dut,sendCommand,PASS,,Nov 19 2019 7:43:24.5290 PM,Nov 19 2019 7:43:24.5720 PM,.0426
23. CHARGER_ON,Dut,sendCommand,PASS,,Nov 19 2019 7:43:24.5730 PM,Nov 19 2019 7:43:24.6030 PM,.0304
23. CHARGER_ON,Dut,sendCommand,PASS,,Nov 19 2019 7:43:24.6050 PM,Nov 19 2019 7:43:24.6360 PM,.0308
24. SET_BUBO_PFM,Dut,sendCommand,PASS,,Nov 19 2019 7:43:24.6420 PM,Nov 19 2019 7:43:24.6890 PM,.0476
25. Kobol_INIT,Dut,sendCommand,PASS,,Nov 19 2019 7:43:24.6930 PM,Nov 19 2019 7:43:24.9890 PM,.2963
26. IMU_ACCEL_ID,Dut,sendCommand,PASS,,Nov 19 2019 7:43:24.9930 PM,Nov 19 2019 7:43:25.0500 PM,.0573
27. Kobol_ACCEL_ID,Dut,sendCommand,PASS,,Nov 19 2019 7:43:25.0540 PM,Nov 19 2019 7:43:25.1140 PM,.0596
28. Kobol_GYRO_DRIVE_FREQ_MEAS,Dut,sendCommand,PASS,,Nov 19 2019 7:43:25.1220 PM,Nov 19 2019 7:43:25.3750 PM,.2531
29. IMU_Connectivity,Dut,sendCommand,PASS,,Nov 19 2019 7:43:25.3790 PM,Nov 19 2019 7:43:25.4430 PM,.0633
30. IMU_OFF,Dut,sendCommand,PASS,,Nov 19 2019 7:43:25.4470 PM,Nov 19 2019 7:43:25.7430 PM,.2952
31. Kobol_ACCEL_SELFTEST,Dut,sendCommand,PASS,,Nov 19 2019 7:43:25.7470 PM,Nov 19 2019 7:43:25.8850 PM,.1379
31. Kobol_ACCEL_SELFTEST,Dut,sendCommand,PASS,,Nov 19 2019 7:43:25.8870 PM,Nov 19 2019 7:43:26.1360 PM,.249
32. IMU_Combo_LPNM25_BUBO_PFM,Dut,sendCommand,PASS,,Nov 19 2019 7:43:26.1460 PM,Nov 19 2019 7:43:26.4550 PM,.3087
32. IMU_Combo_LPNM25_BUBO_PFM,Dut,sendCommand,PASS,,Nov 19 2019 7:43:26.4570 PM,Nov 19 2019 7:43:26.5040 PM,.0472
32. IMU_Combo_LPNM25_BUBO_PFM,Dut,sendCommand,PASS,,Nov 19 2019 7:43:26.5050 PM,Nov 19 2019 7:43:26.5490 PM,.0436
32. IMU_Combo_LPNM25_BUBO_PFM,Dut,sendCommand,PASS,,Nov 19 2019 7:43:26.5500 PM,Nov 19 2019 7:43:26.5960 PM,.0456
32. IMU_Combo_LPNM25_BUBO_PFM,Dut,sendCommand,PASS,,Nov 19 2019 7:43:26.5970 PM,Nov 19 2019 7:43:26.7610 PM,.1633
32. IMU_Combo_LPNM25_BUBO_PFM,Dut,sendCommand,PASS,,Nov 19 2019 7:43:26.7620 PM,Nov 19 2019 7:43:26.9030 PM,.1412
32. IMU_Combo_LPNM25_BUBO_PFM,Dut,sendCommand,PASS,,Nov 19 2019 7:43:26.9050 PM,Nov 19 2019 7:43:27.0400 PM,.1346
32. IMU_Combo_LPNM25_BUBO_PFM,Dut,sendCommand,PASS,,Nov 19 2019 7:43:27.0410 PM,Nov 19 2019 7:43:27.0990 PM,.0583
32. IMU_Combo_LPNM25_BUBO_PFM,Dut,sendCommand,PASS,,Nov 19 2019 7:43:27.1010 PM,Nov 19 2019 7:43:27.2110 PM,.1103
32. IMU_Combo_LPNM25_BUBO_PFM,Dut,sendCommand,PASS,,Nov 19 2019 7:43:27.2130 PM,Nov 19 2019 7:43:27.8770 PM,.6646
32. IMU_Combo_LPNM25_BUBO_PFM,Dut,sendCommand,PASS,,Nov 19 2019 7:43:27.9120 PM,Nov 19 2019 7:43:27.9410 PM,.0286
32. IMU_Combo_LPNM25_BUBO_PFM,Dut,sendCommand,PASS,,Nov 19 2019 7:43:27.9420 PM,Nov 19 2019 7:43:27.9860 PM,.0433
33. TURN_OFF_IMU,Dut,sendCommand,PASS,,Nov 19 2019 7:43:27.9910 PM,Nov 19 2019 7:43:28.0980 PM,.1065
34. POTASSIUM,Fixture,sendCommand,NOT SET,,,,0
34. POTASSIUM,Dut,sendCommand,PASS,,Nov 19 2019 7:43:28.1010 PM,Nov 19 2019 7:43:28.1500 PM,.0492
34. POTASSIUM,Dut,sendCommand,PASS,,Nov 19 2019 7:43:28.1530 PM,Nov 19 2019 7:43:28.1940 PM,.0416
34. POTASSIUM,Dut,sendCommand,PASS,,Nov 19 2019 7:43:28.1960 PM,Nov 19 2019 7:43:28.2640 PM,.0683
34. POTASSIUM,Dut,sendCommand,PASS,,Nov 19 2019 7:43:28.2660 PM,Nov 19 2019 7:43:28.3200 PM,.0535
34. POTASSIUM,Dut,sendCommand,PASS,,Nov 19 2019 7:43:28.3220 PM,Nov 19 2019 7:43:30.6670 PM,2.3449
34. POTASSIUM,Dut,sendCommand,PASS,,Nov 19 2019 7:43:30.6710 PM,Nov 19 2019 7:43:30.7110 PM,.0398
35. MOLYBDENUM,Dut,sendCommand,PASS,,Nov 19 2019 7:43:30.7160 PM,Nov 19 2019 7:43:30.7670 PM,.0508
35. MOLYBDENUM,Dut,sendCommand,PASS,,Nov 19 2019 7:43:30.7690 PM,Nov 19 2019 7:43:30.8160 PM,.0466
35. MOLYBDENUM,Dut,sendCommand,PASS,,Nov 19 2019 7:43:30.8180 PM,Nov 19 2019 7:43:30.9180 PM,.0999
35. MOLYBDENUM,Dut,sendCommand,PASS,,Nov 19 2019 7:43:30.9200 PM,Nov 19 2019 7:43:33.5200 PM,2.6
36. QUIESCE_SYSTEM_3,Dut,sendCommand,PASS,,Nov 19 2019 7:43:33.5250 PM,Nov 19 2019 7:43:33.5680 PM,.0426
36. QUIESCE_SYSTEM_3,Dut,sendCommand,PASS,,Nov 19 2019 7:43:33.5690 PM,Nov 19 2019 7:43:33.6110 PM,.0414
37. ARDMORE_TEST,Dut,sendCommand,PASS,,Nov 19 2019 7:43:33.6150 PM,Nov 19 2019 7:43:33.7340 PM,.1189
37. ARDMORE_TEST,Dut,sendCommand,PASS,,Nov 19 2019 7:43:33.7360 PM,Nov 19 2019 7:43:33.7770 PM,.0409
37. ARDMORE_TEST,Dut,sendCommand,PASS,,Nov 19 2019 7:43:33.7780 PM,Nov 19 2019 7:43:33.8530 PM,.0745
37. ARDMORE_TEST,Dut,sendCommand,PASS,,Nov 19 2019 7:43:33.8550 PM,Nov 19 2019 7:43:34.0390 PM,.1842
37. ARDMORE_TEST,Dut,sendCommand,PASS,,Nov 19 2019 7:43:34.0410 PM,Nov 19 2019 7:43:34.0900 PM,.0487
38. SPEAKER_IMPEDANCE,Dut,sendCommand,PASS,,Nov 19 2019 7:43:34.0950 PM,Nov 19 2019 7:43:34.2140 PM,.1189
38. SPEAKER_IMPEDANCE,Dut,sendCommand,PASS,,Nov 19 2019 7:43:34.2150 PM,Nov 19 2019 7:43:34.2560 PM,.0403
38. SPEAKER_IMPEDANCE,Dut,sendCommand,PASS,,Nov 19 2019 7:43:34.2580 PM,Nov 19 2019 7:43:34.2980 PM,.0408
38. SPEAKER_IMPEDANCE,Dut,sendCommand,PASS,,Nov 19 2019 7:43:34.3010 PM,Nov 19 2019 7:43:34.3400 PM,.0381
38. SPEAKER_IMPEDANCE,Dut,sendCommand,PASS,,Nov 19 2019 7:43:34.3410 PM,Nov 19 2019 7:43:34.3810 PM,.0403
38. SPEAKER_IMPEDANCE,Dut,sendCommand,PASS,,Nov 19 2019 7:43:34.3830 PM,Nov 19 2019 7:43:34.4320 PM,.0487
38. SPEAKER_IMPEDANCE,Dut,sendCommand,PASS,,Nov 19 2019 7:43:34.4330 PM,Nov 19 2019 7:43:34.4850 PM,.0513
38. SPEAKER_IMPEDANCE,Dut,sendCommand,PASS,,Nov 19 2019 7:43:34.4860 PM,Nov 19 2019 7:43:34.5470 PM,.0614
38. SPEAKER_IMPEDANCE,Dut,sendCommand,PASS,,Nov 19 2019 7:43:34.5490 PM,Nov 19 2019 7:43:35.6150 PM,1.0664
38. SPEAKER_IMPEDANCE,Dut,sendCommand,PASS,,Nov 19 2019 7:43:35.6170 PM,Nov 19 2019 7:43:35.7930 PM,.1764
38. SPEAKER_IMPEDANCE,Dut,sendCommand,PASS,,Nov 19 2019 7:43:35.7960 PM,Nov 19 2019 7:43:35.8370 PM,.0412
38. SPEAKER_IMPEDANCE,Dut,sendCommand,PASS,,Nov 19 2019 7:43:35.8390 PM,Nov 19 2019 7:43:35.8950 PM,.0562
39. CARNELIAN,Dut,sendCommand,PASS,,Nov 19 2019 7:43:35.8990 PM,Nov 19 2019 7:43:36.0190 PM,.1193
39. CARNELIAN,Dut,sendCommand,PASS,,Nov 19 2019 7:43:36.0200 PM,Nov 19 2019 7:43:36.0630 PM,.0422
39. CARNELIAN,Dut,sendCommand,PASS,,Nov 19 2019 7:43:36.0640 PM,Nov 19 2019 7:43:37.5690 PM,1.505
39. CARNELIAN,Dut,sendCommand,PASS,,Nov 19 2019 7:43:37.5710 PM,Nov 19 2019 7:43:37.6110 PM,.04
39. CARNELIAN,Dut,sendCommand,PASS,,Nov 19 2019 7:43:37.6120 PM,Nov 19 2019 7:43:37.6680 PM,.0557
40. MAGNETITE_TEST_1,Dut,sendCommand,PASS,,Nov 19 2019 7:43:37.6720 PM,Nov 19 2019 7:43:37.7180 PM,.0459
40. MAGNETITE_TEST_1,Dut,sendCommand,PASS,,Nov 19 2019 7:43:37.7190 PM,Nov 19 2019 7:43:37.7610 PM,.0414
41. BUTTONS_CHECK,Dut,sendCommand,PASS,,Nov 19 2019 7:43:37.7650 PM,Nov 19 2019 7:43:37.8130 PM,.0479
41. BUTTONS_CHECK,Fixture,sendCommand,NOT SET,,,,0
41. BUTTONS_CHECK,Dut,sendCommand,PASS,,Nov 19 2019 7:43:37.8160 PM,Nov 19 2019 7:43:37.8550 PM,.0394
41. BUTTONS_CHECK,Fixture,sendCommand,NOT SET,,,,0
41. BUTTONS_CHECK,Fixture,sendCommand,NOT SET,,,,0
41. BUTTONS_CHECK,Dut,sendCommand,PASS,,Nov 19 2019 7:43:37.8580 PM,Nov 19 2019 7:43:37.9020 PM,.0432
41. BUTTONS_CHECK,Fixture,sendCommand,NOT SET,,,,0
41. BUTTONS_CHECK,Dut,sendCommand,PASS,,Nov 19 2019 7:43:37.9040 PM,Nov 19 2019 7:43:37.9460 PM,.0424
42. BATTERY_PROPERTIES,Dut,sendCommand,PASS,,Nov 19 2019 7:43:37.9530 PM,Nov 19 2019 7:43:38.0100 PM,.0577
42. BATTERY_PROPERTIES,Dut,sendCommand,PASS,,Nov 19 2019 7:43:38.0120 PM,Nov 19 2019 7:43:39.0440 PM,1.0315
42. BATTERY_PROPERTIES,Dut,sendCommand,PASS,,Nov 19 2019 7:43:39.0460 PM,Nov 19 2019 7:43:39.3910 PM,.3452
42. BATTERY_PROPERTIES,Dut,sendCommand,PASS,,Nov 19 2019 7:43:39.3930 PM,Nov 19 2019 7:43:39.5780 PM,.1846
43. MAGNETITE_TEST_2,Dut,sendCommand,PASS,,Nov 19 2019 7:43:39.5820 PM,Nov 19 2019 7:43:40.6270 PM,1.045
43. MAGNETITE_TEST_2,Dut,sendCommand,PASS,,Nov 19 2019 7:43:40.6280 PM,Nov 19 2019 7:43:44.5990 PM,3.971
43. MAGNETITE_TEST_2,Dut,sendCommand,PASS,,Nov 19 2019 7:43:44.6070 PM,Nov 19 2019 7:43:44.6470 PM,.0403
43. MAGNETITE_TEST_2,Dut,sendCommand,PASS,,Nov 19 2019 7:43:44.6490 PM,Nov 19 2019 7:43:44.6800 PM,.0306
43. MAGNETITE_TEST_2,Dut,sendCommand,PASS,,Nov 19 2019 7:43:44.6810 PM,Nov 19 2019 7:43:44.7120 PM,.0303
43. MAGNETITE_TEST_2,Dut,sendCommand,PASS,,Nov 19 2019 7:43:44.7130 PM,Nov 19 2019 7:43:59.7410 PM,15.0274
43. MAGNETITE_TEST_2,Dut,sendCommand,PASS,,Nov 19 2019 7:43:59.7420 PM,Nov 19 2019 7:44:00.7790 PM,1.0365
43. MAGNETITE_TEST_2,Dut,sendCommand,PASS,,Nov 19 2019 7:44:00.7810 PM,Nov 19 2019 7:44:01.6690 PM,.8887
43. MAGNETITE_TEST_2,Dut,sendCommand,PASS,,Nov 19 2019 7:44:01.6750 PM,Nov 19 2019 7:44:03.7140 PM,2.0387
44. PUCK_CHARGE_TEST,Dut,sendCommand,PASS,,Nov 19 2019 7:44:03.7200 PM,Nov 19 2019 7:44:03.8310 PM,.1117
44. PUCK_CHARGE_TEST,Dut,sendCommand,PASS,,Nov 19 2019 7:44:03.8340 PM,Nov 19 2019 7:44:04.1280 PM,.294
45. DBGPWR_ON,Fixture,sendCommand,NOT SET,,,,0
45. DBGPWR_ON,Dut,sendCommand,PASS,,Nov 19 2019 7:44:04.1340 PM,Nov 19 2019 7:44:04.1740 PM,.0398
46. WIFI,Dut,sendCommand,PASS,,Nov 19 2019 7:44:04.1780 PM,Nov 19 2019 7:44:04.6050 PM,.4275
46. WIFI,Dut,sendCommand,PASS,,Nov 19 2019 7:44:04.6070 PM,Nov 19 2019 7:44:04.6570 PM,.0499
47. BULETOOTH,Dut,sendCommand,PASS,,Nov 19 2019 7:44:04.6610 PM,Nov 19 2019 7:44:05.0880 PM,.4277
47. BULETOOTH,Dut,sendCommand,PASS,,Nov 19 2019 7:44:05.0900 PM,Nov 19 2019 7:44:05.1980 PM,.1083
47. BULETOOTH,Dut,sendCommand,PASS,,Nov 19 2019 7:44:05.2000 PM,Nov 19 2019 7:44:05.2500 PM,.05
48. STOCKHOLM,Dut,sendCommand,PASS,,Nov 19 2019 7:44:05.2540 PM,Nov 19 2019 7:44:05.5660 PM,.3127
48. STOCKHOLM,Dut,sendCommand,PASS,,Nov 19 2019 7:44:05.5680 PM,Nov 19 2019 7:44:05.6100 PM,.0419
48. STOCKHOLM,Dut,sendCommand,PASS,,Nov 19 2019 7:44:05.6120 PM,Nov 19 2019 7:44:05.6530 PM,.0412
48. STOCKHOLM,Dut,sendCommand,PASS,,Nov 19 2019 7:44:05.6550 PM,Nov 19 2019 7:44:05.7010 PM,.0464
48. STOCKHOLM,Dut,sendCommand,PASS,,Nov 19 2019 7:44:05.7030 PM,Nov 19 2019 7:44:05.7450 PM,.0422
48. STOCKHOLM,Dut,sendCommand,PASS,,Nov 19 2019 7:44:05.7460 PM,Nov 19 2019 7:44:05.7990 PM,.0524
48. STOCKHOLM,Dut,sendCommand,PASS,,Nov 19 2019 7:44:05.8010 PM,Nov 19 2019 7:44:06.4060 PM,.6049
48. STOCKHOLM,Dut,sendCommand,PASS,,Nov 19 2019 7:44:06.4080 PM,Nov 19 2019 7:44:07.9390 PM,1.5315
48. STOCKHOLM,Dut,sendCommand,PASS,,Nov 19 2019 7:44:07.9410 PM,Nov 19 2019 7:44:07.9710 PM,.0302
48. STOCKHOLM,Dut,sendCommand,PASS,,Nov 19 2019 7:44:07.9730 PM,Nov 19 2019 7:44:08.0030 PM,.0303
48. STOCKHOLM,Dut,sendCommand,PASS,,Nov 19 2019 7:44:08.0050 PM,Nov 19 2019 7:44:08.0450 PM,.0405
48. STOCKHOLM,Dut,sendCommand,PASS,,Nov 19 2019 7:44:08.0470 PM,Nov 19 2019 7:44:08.0770 PM,.03
48. STOCKHOLM,Dut,sendCommand,PASS,,Nov 19 2019 7:44:08.0790 PM,Nov 19 2019 7:44:08.1190 PM,.0404
49. GERMANIUM_BASEBAND_VINYL,Dut,sendCommand,PASS,,Nov 19 2019 7:44:08.1240 PM,Nov 19 2019 7:44:12.0620 PM,3.9383
49. GERMANIUM_BASEBAND_VINYL,Dut,sendCommand,PASS,,Nov 19 2019 7:44:12.0650 PM,Nov 19 2019 7:44:12.1490 PM,.0845
49. GERMANIUM_BASEBAND_VINYL,Dut,sendCommand,PASS,,Nov 19 2019 7:44:12.1510 PM,Nov 19 2019 7:44:12.5420 PM,.3916
50. GRAPE_TEST,Dut,sendCommand,PASS,,Nov 19 2019 7:44:12.5460 PM,Nov 19 2019 7:44:12.6540 PM,.1081
50. GRAPE_TEST,Dut,sendCommand,PASS,,Nov 19 2019 7:44:12.6560 PM,Nov 19 2019 7:44:12.7820 PM,.1254
50. GRAPE_TEST,Dut,sendCommand,PASS,,Nov 19 2019 7:44:12.7840 PM,Nov 19 2019 7:44:12.8260 PM,.042
51. ALS_TEST,Dut,sendCommand,PASS,,Nov 19 2019 7:44:12.8320 PM,Nov 19 2019 7:44:12.8800 PM,.0478
51. ALS_TEST,Dut,sendCommand,PASS,,Nov 19 2019 7:44:12.8820 PM,Nov 19 2019 7:44:13.1670 PM,.2849
51. ALS_TEST,Dut,sendCommand,PASS,,Nov 19 2019 7:44:13.1690 PM,Nov 19 2019 7:44:13.1990 PM,.0304
51. ALS_TEST,Dut,sendCommand,PASS,,Nov 19 2019 7:44:13.2010 PM,Nov 19 2019 7:44:13.2310 PM,.0304
51. ALS_TEST,Dut,sendCommand,PASS,,Nov 19 2019 7:44:13.2320 PM,Nov 19 2019 7:44:13.2750 PM,.0424
51. ALS_TEST,Dut,sendCommand,PASS,,Nov 19 2019 7:44:13.2770 PM,Nov 19 2019 7:44:13.3560 PM,.0794
51. ALS_TEST,Dut,sendCommand,PASS,,Nov 19 2019 7:44:13.3600 PM,Nov 19 2019 7:44:13.4090 PM,.0484
51. ALS_TEST,Dut,sendCommand,PASS,,Nov 19 2019 7:44:13.4110 PM,Nov 19 2019 7:44:13.4750 PM,.0634
51. ALS_TEST,Dut,sendCommand,PASS,,Nov 19 2019 7:44:13.4760 PM,Nov 19 2019 7:44:14.3320 PM,.8561
51. ALS_TEST,Dut,sendCommand,PASS,,Nov 19 2019 7:44:14.3350 PM,Nov 19 2019 7:44:14.5560 PM,.2208
51. ALS_TEST,Dut,sendCommand,PASS,,Nov 19 2019 7:44:14.5570 PM,Nov 19 2019 7:44:15.4040 PM,.8474
51. ALS_TEST,Dut,sendCommand,PASS,,Nov 19 2019 7:44:15.4070 PM,Nov 19 2019 7:44:15.8510 PM,.4443
51. ALS_TEST,Dut,sendCommand,PASS,,Nov 19 2019 7:44:15.8530 PM,Nov 19 2019 7:44:15.8950 PM,.0423
52. DISPLAY_TEST,Dut,sendCommand,PASS,,Nov 19 2019 7:44:15.9000 PM,Nov 19 2019 7:44:16.1990 PM,.2985
52. DISPLAY_TEST,Dut,sendCommand,PASS,,Nov 19 2019 7:44:16.2000 PM,Nov 19 2019 7:44:16.2470 PM,.0463
52. DISPLAY_TEST,Dut,sendCommand,PASS,,Nov 19 2019 7:44:16.2480 PM,Nov 19 2019 7:44:16.2790 PM,.0305
52. DISPLAY_TEST,Dut,sendCommand,PASS,,Nov 19 2019 7:44:16.2800 PM,Nov 19 2019 7:44:16.3180 PM,.0384
52. DISPLAY_TEST,Dut,sendCommand,PASS,,Nov 19 2019 7:44:16.3200 PM,Nov 19 2019 7:44:16.3660 PM,.0462
52. DISPLAY_TEST,Dut,sendCommand,PASS,,Nov 19 2019 7:44:16.3680 PM,Nov 19 2019 7:44:18.3950 PM,2.0268
52. DISPLAY_TEST,Dut,sendCommand,PASS,,Nov 19 2019 7:44:18.3970 PM,Nov 19 2019 7:44:18.4540 PM,.0569
52. DISPLAY_TEST,Dut,sendCommand,PASS,,Nov 19 2019 7:44:18.4550 PM,Nov 19 2019 7:44:20.4820 PM,2.0265
52. DISPLAY_TEST,Dut,sendCommand,PASS,,Nov 19 2019 7:44:20.4840 PM,Nov 19 2019 7:44:20.5350 PM,.0511
52. DISPLAY_TEST,Dut,sendCommand,PASS,,Nov 19 2019 7:44:20.5360 PM,Nov 19 2019 7:44:20.7890 PM,.253
52. DISPLAY_TEST,Dut,sendCommand,PASS,,Nov 19 2019 7:44:20.7930 PM,Nov 19 2019 7:44:20.8980 PM,.1048
52. DISPLAY_TEST,Dut,sendCommand,PASS,,Nov 19 2019 7:44:20.9000 PM,Nov 19 2019 7:44:21.2980 PM,.3975
53. END_QUIESCE_SYSTEM,Dut,sendCommand,PASS,,Nov 19 2019 7:44:21.3020 PM,Nov 19 2019 7:44:21.3420 PM,.0404
54. QUERY_SFC_WRITE_SYSCFG_2,Dut,sendCommand,PASS,,Nov 19 2019 7:44:21.3460 PM,Nov 19 2019 7:44:21.5360 PM,.1903
54. QUERY_SFC_WRITE_SYSCFG_2,Dut,sendCommand,PASS,,Nov 19 2019 7:44:21.5380 PM,Nov 19 2019 7:44:21.5930 PM,.0548
54. QUERY_SFC_WRITE_SYSCFG_2,Dut,sendCommand,PASS,,Nov 19 2019 7:44:21.5960 PM,Nov 19 2019 7:44:21.6500 PM,.0542
54. QUERY_SFC_WRITE_SYSCFG_2,Dut,sendCommand,PASS,,Nov 19 2019 7:44:21.6510 PM,Nov 19 2019 7:44:21.6980 PM,.0465
54. QUERY_SFC_WRITE_SYSCFG_2,Dut,sendCommand,PASS,,Nov 19 2019 7:44:21.7000 PM,Nov 19 2019 7:44:21.7460 PM,.0453
54. QUERY_SFC_WRITE_SYSCFG_2,Dut,sendCommand,PASS,,Nov 19 2019 7:44:21.7470 PM,Nov 19 2019 7:44:21.7940 PM,.0464
54. QUERY_SFC_WRITE_SYSCFG_2,Dut,sendCommand,PASS,,Nov 19 2019 7:44:21.7960 PM,Nov 19 2019 7:44:21.8420 PM,.0454
54. QUERY_SFC_WRITE_SYSCFG_2,Dut,sendCommand,PASS,,Nov 19 2019 7:44:21.8430 PM,Nov 19 2019 7:44:21.8890 PM,.0461
54. QUERY_SFC_WRITE_SYSCFG_2,Dut,sendCommand,PASS,,Nov 19 2019 7:44:21.8920 PM,Nov 19 2019 7:44:21.9370 PM,.0455
54. QUERY_SFC_WRITE_SYSCFG_2,Dut,sendCommand,PASS,,Nov 19 2019 7:44:21.9390 PM,Nov 19 2019 7:44:21.9850 PM,.0464
54. QUERY_SFC_WRITE_SYSCFG_2,Dut,sendCommand,PASS,,Nov 19 2019 7:44:21.9880 PM,Nov 19 2019 7:44:22.0490 PM,.0612
54. QUERY_SFC_WRITE_SYSCFG_2,Dut,sendCommand,PASS,,Nov 19 2019 7:44:22.0510 PM,Nov 19 2019 7:44:22.0970 PM,.0463
54. QUERY_SFC_WRITE_SYSCFG_2,Dut,sendCommand,PASS,,Nov 19 2019 7:44:22.0990 PM,Nov 19 2019 7:44:22.1610 PM,.0615
54. QUERY_SFC_WRITE_SYSCFG_2,Dut,sendCommand,PASS,,Nov 19 2019 7:44:22.1620 PM,Nov 19 2019 7:44:22.2090 PM,.0464
55. BATTERY_PROPERTIES,Dut,sendCommand,PASS,,Nov 19 2019 7:44:22.2150 PM,Nov 19 2019 7:44:22.2750 PM,.0601
55. BATTERY_PROPERTIES,Dut,sendCommand,PASS,,Nov 19 2019 7:44:22.2770 PM,Nov 19 2019 7:44:22.4630 PM,.186
55. BATTERY_PROPERTIES,Dut,sendCommand,PASS,,Nov 19 2019 7:44:22.4650 PM,Nov 19 2019 7:44:23.4970 PM,1.0313
55. BATTERY_PROPERTIES,Dut,sendCommand,PASS,,Nov 19 2019 7:44:23.4980 PM,Nov 19 2019 7:44:23.8340 PM,.3359
55. BATTERY_PROPERTIES,Dut,sendCommand,PASS,,Nov 19 2019 7:44:23.8360 PM,Nov 19 2019 7:44:24.5180 PM,.6818
55. BATTERY_PROPERTIES,Dut,sendCommand,PASS,,Nov 19 2019 7:44:24.5200 PM,Nov 19 2019 7:44:24.7050 PM,.1845
55. BATTERY_PROPERTIES,Dut,sendCommand,PASS,,Nov 19 2019 7:44:24.7070 PM,Nov 19 2019 7:44:24.8770 PM,.1704
55. BATTERY_PROPERTIES,Dut,sendCommand,PASS,,Nov 19 2019 7:44:24.8790 PM,Nov 19 2019 7:44:25.6900 PM,.811
55. BATTERY_PROPERTIES,Dut,sendCommand,PASS,,Nov 19 2019 7:44:25.6940 PM,Nov 19 2019 7:44:25.8790 PM,.1849
56. MAGNETITE_RESET,Dut,sendCommand,PASS,,Nov 19 2019 7:44:25.8860 PM,Nov 19 2019 7:44:25.9350 PM,.0497
,Dut,close,PASS,,Nov 19 2019 7:44:25.9380 PM,Nov 19 2019 7:44:25.9390 PM,.0004
Copy Log,RunCommand,RunCommandWithParameter,PASS,,Nov 19 2019 7:44:25.9470 PM,Nov 19 2019 7:44:25.9580 PM,.0112
Copy Log,RunCommand,RunCommandWithParameter,PASS,,Nov 19 2019 7:44:25.9600 PM,Nov 19 2019 7:44:25.9710 PM,.0103
Copy Log,RunCommand,RunCommandWithParameter,PASS,,Nov 19 2019 7:44:25.9720 PM,Nov 19 2019 7:44:25.9880 PM,.016
Copy Log,RunCommand,RunCommandWithParameter,PASS,,Nov 19 2019 7:44:25.9900 PM,Nov 19 2019 7:44:26.0070 PM,.0172
Copy Log,RunCommand,RunCommandWithParameter,PASS,,Nov 19 2019 7:44:26.0100 PM,Nov 19 2019 7:44:26.0250 PM,.015
Copy Log,RunCommand,RunCommandWithParameter,PASS,,Nov 19 2019 7:44:26.0270 PM,Nov 19 2019 7:44:26.0380 PM,.0119
Copy Log,DRCB,addBlob,PASS,,Nov 19 2019 7:44:26.0400 PM,Nov 19 2019 7:44:26.0400 PM,.0002
57. END_CONTROLBIT,DRCB,finish,PASS,,Nov 19 2019 7:44:26.0440 PM,Nov 19 2019 7:44:26.2980 PM,.254
,Dut,open,PASS,,Nov 19 2019 7:44:26.3010 PM,Nov 19 2019 7:44:26.3680 PM,.0665
58. UNIT STANDBY,Dut,sendCommand,PASS,,Nov 19 2019 7:44:26.3700 PM,Nov 19 2019 7:44:26.4770 PM,.1074
,Dut,close,PASS,,Nov 19 2019 7:44:26.4840 PM,Nov 19 2019 7:44:26.4840 PM,.0003
