document_version, 1.0
station_name,GATEKEEPER
station_id,FXLH_F05-4FT-01_2_GATEKEEPER
station_sw,Atlas
station_sw_version,Atlas

tag,start_time,duration
Scan_FG_SN, 1568633020.56, 4.71
Fixtureinit, 1568633025.28, 10.16
Start Data Reporting, 1568633035.44, 0.02
Start Control Bits, 1568633035.45, 0.32
Check_All_CB, 1568633035.77, 5.25
Check_Bootargs_Status, 1568633041.01, 7.27
Read_FG_SN, 1568633048.29, 0.57
Compare_FG_SN, 1568633048.85, 0.00
Get_SFC_Info, 1568633048.86, 0.07
MLB_SN, 1568633048.93, 0.46
WO_SN, 1568633049.38, 0.00
UNIT_LBL, 1568633049.38, 0.00
BUILD_EVENT, 1568633049.39, 0.00
BUILD_MATRIX_CONFIG, 1568633049.39, 0.00
UNIT#, 1568633049.40, 0.00
S_BUILD, 1568633049.40, 0.00
KBM_SN, 1568633049.40, 0.00
BACKLIGHT_SN, 1568633049.40, 0.00
TRACKPAD_SN, 1568633049.41, 0.00
TOUCH_FLEX_SN, 1568633049.41, 0.00
Check_EP_Status, 1568633049.41, 0.88
EP_Enable_All, 1568633050.29, 4.10
STFW, 1568633054.39, 0.42
Read_HW_Version, 1568633054.81, 0.46
GreenPAK_ID, 1568633055.28, 0.44
TOUCH_FW, 1568633055.72, 0.44
Read_CCG3_FW, 1568633056.16, 8.11
Production_Signed_Check, 1568633064.27, 0.46
Read_KBD_HW_Layout, 1568633064.73, 0.47
Get_KBD_HW_Layout, 1568633065.20, 0.00
Compare_KBD_HW_Layout, 1568633065.20, 0.00
Read_MLB_Lang, 1568633065.20, 0.38
Get_KBD_Lang, 1568633065.59, 0.00
Check_KBD_Lang, 1568633065.59, 0.00
Read_MFI_Address, 1568633065.59, 0.45
System_Critical_Errors, 1568633066.04, 0.45
FW_Update_Critical_Errors, 1568633066.50, 0.47
Key_Scan_Critical_Errors, 1568633066.96, 0.47
USBC_Critical_Errors, 1568633067.43, 0.45
Grape_Critical_Errors, 1568633067.88, 0.54
Critical_Errors_Summary, 1568633068.42, 0.46
Backlight_Critical_Errors, 1568633068.89, 0.43
Grape_Connector_Self_Critical_Errors, 1568633069.32, 0.50
full_test_durations, 1568633020.54, 49.28
Finish DRCB, 1568633069.82, 0.46
Fixturereset, 1568633070.28, 1.24
