Related Test,Name-1,Name-2,Name-3,Status,Info,Measurement,Units,Upper Limit,Lower Limit,Relaxed Upper Limit,Relaxed Lower Limit,Limit Units,Start Time,End Time,Duration (s)
Scan_FG_SN,,,,,,,,,,,,,Sep 16 2019 7:23:40.5650 PM,Sep 16 2019 7:23:45.2740 PM,4.7089
Scan_FG_SN,Scan_FG_SN,AtlasApp-Hyperion,show-form,PASS,,,,,,,,,Sep 16 2019 7:23:40.5660 PM,Sep 16 2019 7:23:45.2710 PM,4.7052
Scan_FG_SN,Scan_FG_SN,Scan_FG_SN,FTPZD00AP3LY,PASS,,,,,,,,,Sep 16 2019 7:23:45.2730 PM,Sep 16 2019 7:23:45.2730 PM,0
Fixtureinit,,,,,,,,,,,,,Sep 16 2019 7:23:45.2770 PM,Sep 16 2019 7:23:55.4350 PM,10.1582
Fixtureinit,Fixtureinit,Fixture,changeDelimiter,PASS,,,,,,,,,Sep 16 2019 7:23:45.2780 PM,Sep 16 2019 7:23:45.2780 PM,0
Fixtureinit,Fixtureinit,Fixture,changeLineTerminator,PASS,,,,,,,,,Sep 16 2019 7:23:45.2800 PM,Sep 16 2019 7:23:45.2800 PM,0
Fixtureinit,Fixtureinit,Fixture,open,PASS,,,,,,,,,Sep 16 2019 7:23:45.2820 PM,Sep 16 2019 7:23:46.8740 PM,1.592
Fixtureinit,Fixtureinit,Fixture,read,PASS,,,,,,,,,Sep 16 2019 7:23:46.8760 PM,Sep 16 2019 7:23:46.8970 PM,.0211
Fixtureinit,Fixtureinit,P203,changeDelimiter,PASS,,,,,,,,,Sep 16 2019 7:23:46.8990 PM,Sep 16 2019 7:23:46.8990 PM,0
Fixtureinit,Fixtureinit,P203,changeLineTerminator,PASS,,,,,,,,,Sep 16 2019 7:23:46.9000 PM,Sep 16 2019 7:23:46.9000 PM,0
Fixtureinit,Fixtureinit,P203,open,PASS,,,,,,,,,Sep 16 2019 7:23:46.9020 PM,Sep 16 2019 7:23:48.4970 PM,1.5952
Fixtureinit,Fixtureinit,P203,read,PASS,,,,,,,,,Sep 16 2019 7:23:48.4990 PM,Sep 16 2019 7:23:48.5230 PM,.0239
Fixtureinit,Fixtureinit,[Fixture] isReady,sendCommand,PASS,,,,,,,,,Sep 16 2019 7:23:48.5250 PM,Sep 16 2019 7:23:48.5280 PM,.0036
Fixtureinit,Fixtureinit,[Fixture] Power off,sendCommand,PASS,,,,,,,,,Sep 16 2019 7:23:48.5320 PM,Sep 16 2019 7:23:48.5470 PM,.0146
Fixtureinit,Fixtureinit,[Fixture] Power on,sendCommand,PASS,,,,,,,,,Sep 16 2019 7:23:49.6190 PM,Sep 16 2019 7:23:49.6320 PM,.0121
Fixtureinit,Fixtureinit,[Fixture] Engage pogo,sendCommand,PASS,,,,,,,,,Sep 16 2019 7:23:51.7080 PM,Sep 16 2019 7:23:51.7730 PM,.0645
Fixtureinit,Fixtureinit,StationReportPlugin,isReporting,PASS,,,,,,,,,Sep 16 2019 7:23:55.4340 PM,Sep 16 2019 7:23:55.4340 PM,0
Start Data Reporting,,,,,,,,,,,,,Sep 16 2019 7:23:55.4380 PM,Sep 16 2019 7:23:55.4510 PM,.0132
Start Data Reporting,Start Data Reporting,DRCB,StartDataReporting,PASS,,,,,,,,,Sep 16 2019 7:23:55.4420 PM,Sep 16 2019 7:23:55.4500 PM,.0089
Start Control Bits,,,,,,,,,,,,,Sep 16 2019 7:23:55.4540 PM,Sep 16 2019 7:23:55.7670 PM,.3133
Start Control Bits,Start Control Bits,DRCB,StartControlBits,PASS,,,,,,,,,Sep 16 2019 7:23:55.4550 PM,Sep 16 2019 7:23:55.7660 PM,.3108
Check_All_CB,,,,,,,,,,,,,Sep 16 2019 7:23:55.7690 PM,Sep 16 2019 7:24:01.0090 PM,5.2394
Check_All_CB,Check_All_CB,[Hid] /usr/local/bin/hidreport -p 0x026F -v 0x5ac -i 0 set 0x3f 0x3f 0x02 0x01,,PASS,,,,,,,,,Sep 16 2019 7:23:55.8150 PM,Sep 16 2019 7:23:55.8150 PM,0
Check_All_CB,Check_All_CB,[Hid] /usr/local/bin/hidreport -p 0x026F -v 0x5ac -i 0 get 0x3f,,PASS,,,,,,,,,Sep 16 2019 7:23:56.0660 PM,Sep 16 2019 7:23:56.0660 PM,0
Check_All_CB,Check_All_CB,CB_STATUS_MLB-FCT,,FAIL,Failed limits,0,,3,3,,,,Sep 16 2019 7:23:56.2480 PM,Sep 16 2019 7:23:56.2480 PM,0
Check_All_CB,Check_All_CB,ABS_ERASE_MLB-FCT,,PASS,,0,,,,,,,Sep 16 2019 7:23:56.2490 PM,Sep 16 2019 7:23:56.2490 PM,0
Check_All_CB,Check_All_CB,ABS_FAIL_MLB-FCT,,PASS,,0,,,,,,,Sep 16 2019 7:23:56.2490 PM,Sep 16 2019 7:23:56.2490 PM,0
Check_All_CB,Check_All_CB,REL_FAIL_MLB-FCT,,PASS,,0,,,,,,,Sep 16 2019 7:23:56.2490 PM,Sep 16 2019 7:23:56.2490 PM,0
Check_All_CB,Check_All_CB,[Hid] /usr/local/bin/hidreport -p 0x026F -v 0x5ac -i 0 set 0x3f 0x3f 0x02 0x02,,PASS,,,,,,,,,Sep 16 2019 7:23:56.2940 PM,Sep 16 2019 7:23:56.2940 PM,0
Check_All_CB,Check_All_CB,[Hid] /usr/local/bin/hidreport -p 0x026F -v 0x5ac -i 0 get 0x3f-2,,PASS,,,,,,,,,Sep 16 2019 7:23:56.5290 PM,Sep 16 2019 7:23:56.5290 PM,0
Check_All_CB,Check_All_CB,CB_STATUS_TEST1,,FAIL,Failed limits,0,,3,3,,,,Sep 16 2019 7:23:56.7230 PM,Sep 16 2019 7:23:56.7230 PM,0
Check_All_CB,Check_All_CB,ABS_ERASE_TEST1,,PASS,,0,,,,,,,Sep 16 2019 7:23:56.7240 PM,Sep 16 2019 7:23:56.7240 PM,0
Check_All_CB,Check_All_CB,ABS_FAIL_TEST1,,PASS,,0,,,,,,,Sep 16 2019 7:23:56.7240 PM,Sep 16 2019 7:23:56.7240 PM,0
Check_All_CB,Check_All_CB,REL_FAIL_TEST1,,PASS,,0,,,,,,,Sep 16 2019 7:23:56.7240 PM,Sep 16 2019 7:23:56.7240 PM,0
Check_All_CB,Check_All_CB,[Hid] /usr/local/bin/hidreport -p 0x026F -v 0x5ac -i 0 set 0x3f 0x3f 0x02 0x05,,PASS,,,,,,,,,Sep 16 2019 7:23:56.7840 PM,Sep 16 2019 7:23:56.7840 PM,0
Check_All_CB,Check_All_CB,[Hid] /usr/local/bin/hidreport -p 0x026F -v 0x5ac -i 0 get 0x3f-3,,PASS,,,,,,,,,Sep 16 2019 7:23:57.0250 PM,Sep 16 2019 7:23:57.0250 PM,0
Check_All_CB,Check_All_CB,CB_STATUS_QT0,,FAIL,Failed limits,0,,3,3,,,,Sep 16 2019 7:23:57.2120 PM,Sep 16 2019 7:23:57.2120 PM,0
Check_All_CB,Check_All_CB,ABS_ERASE_QT0,,PASS,,0,,,,,,,Sep 16 2019 7:23:57.2120 PM,Sep 16 2019 7:23:57.2120 PM,0
Check_All_CB,Check_All_CB,ABS_FAIL_QT0,,PASS,,0,,,,,,,Sep 16 2019 7:23:57.2120 PM,Sep 16 2019 7:23:57.2120 PM,0
Check_All_CB,Check_All_CB,REL_FAIL_QT0,,PASS,,0,,,,,,,Sep 16 2019 7:23:57.2130 PM,Sep 16 2019 7:23:57.2130 PM,0
Check_All_CB,Check_All_CB,[Hid] /usr/local/bin/hidreport -p 0x026F -v 0x5ac -i 0 set 0x3f 0x3f 0x02 0x06,,PASS,,,,,,,,,Sep 16 2019 7:23:57.2560 PM,Sep 16 2019 7:23:57.2560 PM,0
Check_All_CB,Check_All_CB,[Hid] /usr/local/bin/hidreport -p 0x026F -v 0x5ac -i 0 get 0x3f-4,,PASS,,,,,,,,,Sep 16 2019 7:23:57.5130 PM,Sep 16 2019 7:23:57.5130 PM,0
Check_All_CB,Check_All_CB,CB_STATUS_DFU2-FTW,,PASS,,3,,3,3,,,,Sep 16 2019 7:23:57.6940 PM,Sep 16 2019 7:23:57.6940 PM,0
Check_All_CB,Check_All_CB,ABS_ERASE_DFU2-FTW,,PASS,,0,,,,,,,Sep 16 2019 7:23:57.6950 PM,Sep 16 2019 7:23:57.6950 PM,0
Check_All_CB,Check_All_CB,ABS_FAIL_DFU2-FTW,,PASS,,0,,,,,,,Sep 16 2019 7:23:57.6950 PM,Sep 16 2019 7:23:57.6950 PM,0
Check_All_CB,Check_All_CB,REL_FAIL_DFU2-FTW,,PASS,,0,,,,,,,Sep 16 2019 7:23:57.6950 PM,Sep 16 2019 7:23:57.6950 PM,0
Check_All_CB,Check_All_CB,[Hid] /usr/local/bin/hidreport -p 0x026F -v 0x5ac -i 0 set 0x3f 0x3f 0x02 0x08,,PASS,,,,,,,,,Sep 16 2019 7:23:57.7420 PM,Sep 16 2019 7:23:57.7420 PM,0
Check_All_CB,Check_All_CB,[Hid] /usr/local/bin/hidreport -p 0x026F -v 0x5ac -i 0 get 0x3f-5,,PASS,,,,,,,,,Sep 16 2019 7:23:57.9790 PM,Sep 16 2019 7:23:57.9790 PM,0
Check_All_CB,Check_All_CB,CB_STATUS_QT1,,FAIL,Failed limits,0,,3,3,,,,Sep 16 2019 7:23:58.1610 PM,Sep 16 2019 7:23:58.1610 PM,0
Check_All_CB,Check_All_CB,ABS_ERASE_QT1,,PASS,,0,,,,,,,Sep 16 2019 7:23:58.1620 PM,Sep 16 2019 7:23:58.1620 PM,0
Check_All_CB,Check_All_CB,ABS_FAIL_QT1,,PASS,,0,,,,,,,Sep 16 2019 7:23:58.1630 PM,Sep 16 2019 7:23:58.1630 PM,0
Check_All_CB,Check_All_CB,REL_FAIL_QT1,,PASS,,0,,,,,,,Sep 16 2019 7:23:58.1630 PM,Sep 16 2019 7:23:58.1630 PM,0
Check_All_CB,Check_All_CB,[Hid] /usr/local/bin/hidreport -p 0x026F -v 0x5ac -i 0 set 0x3f 0x3f 0x02 0x09,,PASS,,,,,,,,,Sep 16 2019 7:23:58.2200 PM,Sep 16 2019 7:23:58.2200 PM,0
Check_All_CB,Check_All_CB,[Hid] /usr/local/bin/hidreport -p 0x026F -v 0x5ac -i 0 get 0x3f-6,,PASS,,,,,,,,,Sep 16 2019 7:23:58.5060 PM,Sep 16 2019 7:23:58.5060 PM,0
Check_All_CB,Check_All_CB,CB_STATUS_LED-TEST,,FAIL,Failed limits,0,,3,3,,,,Sep 16 2019 7:23:58.6880 PM,Sep 16 2019 7:23:58.6880 PM,0
Check_All_CB,Check_All_CB,ABS_ERASE_LED-TEST,,PASS,,0,,,,,,,Sep 16 2019 7:23:58.6880 PM,Sep 16 2019 7:23:58.6880 PM,0
Check_All_CB,Check_All_CB,ABS_FAIL_LED-TEST,,PASS,,0,,,,,,,Sep 16 2019 7:23:58.6880 PM,Sep 16 2019 7:23:58.6880 PM,0
Check_All_CB,Check_All_CB,REL_FAIL_LED-TEST,,PASS,,0,,,,,,,Sep 16 2019 7:23:58.6880 PM,Sep 16 2019 7:23:58.6880 PM,0
Check_All_CB,Check_All_CB,[Hid] /usr/local/bin/hidreport -p 0x026F -v 0x5ac -i 0 set 0x3f 0x3f 0x02 0x0A,,PASS,,,,,,,,,Sep 16 2019 7:23:58.7850 PM,Sep 16 2019 7:23:58.7850 PM,0
Check_All_CB,Check_All_CB,[Hid] /usr/local/bin/hidreport -p 0x026F -v 0x5ac -i 0 get 0x3f-7,,PASS,,,,,,,,,Sep 16 2019 7:23:59.0750 PM,Sep 16 2019 7:23:59.0750 PM,0
Check_All_CB,Check_All_CB,CB_STATUS_KEY-FORCE,,FAIL,Failed limits,0,,3,3,,,,Sep 16 2019 7:23:59.3000 PM,Sep 16 2019 7:23:59.3000 PM,0
Check_All_CB,Check_All_CB,ABS_ERASE_KEY-FORCE,,PASS,,0,,,,,,,Sep 16 2019 7:23:59.3010 PM,Sep 16 2019 7:23:59.3010 PM,0
Check_All_CB,Check_All_CB,ABS_FAIL_KEY-FORCE,,PASS,,0,,,,,,,Sep 16 2019 7:23:59.3010 PM,Sep 16 2019 7:23:59.3010 PM,0
Check_All_CB,Check_All_CB,REL_FAIL_KEY-FORCE,,PASS,,0,,,,,,,Sep 16 2019 7:23:59.3010 PM,Sep 16 2019 7:23:59.3010 PM,0
Check_All_CB,Check_All_CB,[Hid] /usr/local/bin/hidreport -p 0x026F -v 0x5ac -i 0 set 0x3f 0x3f 0x02 0x0B,,PASS,,,,,,,,,Sep 16 2019 7:23:59.3980 PM,Sep 16 2019 7:23:59.3980 PM,0
Check_All_CB,Check_All_CB,[Hid] /usr/local/bin/hidreport -p 0x026F -v 0x5ac -i 0 get 0x3f-8,,PASS,,,,,,,,,Sep 16 2019 7:23:59.7360 PM,Sep 16 2019 7:23:59.7360 PM,0
Check_All_CB,Check_All_CB,CB_STATUS_TEST2,,PASS,,3,,3,3,,,,Sep 16 2019 7:23:59.9230 PM,Sep 16 2019 7:23:59.9230 PM,0
Check_All_CB,Check_All_CB,ABS_ERASE_TEST2,,PASS,,0,,,,,,,Sep 16 2019 7:23:59.9230 PM,Sep 16 2019 7:23:59.9230 PM,0
Check_All_CB,Check_All_CB,ABS_FAIL_TEST2,,PASS,,0,,,,,,,Sep 16 2019 7:23:59.9230 PM,Sep 16 2019 7:23:59.9230 PM,0
Check_All_CB,Check_All_CB,REL_FAIL_TEST2,,PASS,,0,,,,,,,Sep 16 2019 7:23:59.9230 PM,Sep 16 2019 7:23:59.9230 PM,0
Check_All_CB,Check_All_CB,[Hid] /usr/local/bin/hidreport -p 0x026F -v 0x5ac -i 0 set 0x3f 0x3f 0x02 0x0C,,PASS,,,,,,,,,Sep 16 2019 7:23:59.9690 PM,Sep 16 2019 7:23:59.9690 PM,0
Check_All_CB,Check_All_CB,[Hid] /usr/local/bin/hidreport -p 0x026F -v 0x5ac -i 0 get 0x3f-9,,PASS,,,,,,,,,Sep 16 2019 7:24:00.2540 PM,Sep 16 2019 7:24:00.2540 PM,0
Check_All_CB,Check_All_CB,CB_STATUS_MMI,,FAIL,Failed limits,0,,3,3,,,,Sep 16 2019 7:24:00.4850 PM,Sep 16 2019 7:24:00.4850 PM,0
Check_All_CB,Check_All_CB,ABS_ERASE_MMI,,PASS,,0,,,,,,,Sep 16 2019 7:24:00.4850 PM,Sep 16 2019 7:24:00.4850 PM,0
Check_All_CB,Check_All_CB,ABS_FAIL_MMI,,PASS,,0,,,,,,,Sep 16 2019 7:24:00.4860 PM,Sep 16 2019 7:24:00.4860 PM,0
Check_All_CB,Check_All_CB,REL_FAIL_MMI,,PASS,,0,,,,,,,Sep 16 2019 7:24:00.4860 PM,Sep 16 2019 7:24:00.4860 PM,0
Check_All_CB,Check_All_CB,[Hid] /usr/local/bin/hidreport -p 0x026F -v 0x5ac -i 0 set 0x3f 0x3f 0x02 0x0D,,PASS,,,,,,,,,Sep 16 2019 7:24:00.5320 PM,Sep 16 2019 7:24:00.5320 PM,0
Check_All_CB,Check_All_CB,[Hid] /usr/local/bin/hidreport -p 0x026F -v 0x5ac -i 0 get 0x3f-10,,PASS,,,,,,,,,Sep 16 2019 7:24:00.8230 PM,Sep 16 2019 7:24:00.8230 PM,0
Check_All_CB,Check_All_CB,CB_STATUS_SW-DOWNLOAD,,PASS,,3,,3,3,,,,Sep 16 2019 7:24:01.0080 PM,Sep 16 2019 7:24:01.0080 PM,0
Check_All_CB,Check_All_CB,ABS_ERASE_SW-DOWNLOAD,,PASS,,0,,,,,,,Sep 16 2019 7:24:01.0080 PM,Sep 16 2019 7:24:01.0080 PM,0
Check_All_CB,Check_All_CB,ABS_FAIL_SW-DOWNLOAD,,PASS,,0,,,,,,,Sep 16 2019 7:24:01.0080 PM,Sep 16 2019 7:24:01.0080 PM,0
Check_All_CB,Check_All_CB,REL_FAIL_SW-DOWNLOAD,,PASS,,0,,,,,,,Sep 16 2019 7:24:01.0080 PM,Sep 16 2019 7:24:01.0080 PM,0
Check_Bootargs_Status,,,,,,,,,,,,,Sep 16 2019 7:24:01.0160 PM,Sep 16 2019 7:24:08.2840 PM,7.2677
Check_Bootargs_Status,Check_Bootargs_Status,"[Hid] /usr/local/bin/hidreport -v 0x05ac -p 0x026F -u 0xFF00,0x000B set 0x3d 0x3d 0x15 0x0 0x0 0x0",,PASS,,,,,,,,,Sep 16 2019 7:24:01.0780 PM,Sep 16 2019 7:24:01.0780 PM,0
Check_Bootargs_Status,Check_Bootargs_Status,"[Hid] /usr/local/bin/hidreport -v 0x05ac -p 0x026F -u 0xFF00,0x000B set 0x3d 0x3d 0x15 0x0 0x0 0x0-2",,PASS,,,,,,,,,Sep 16 2019 7:24:04.2270 PM,Sep 16 2019 7:24:04.2270 PM,0
Check_Bootargs_Status,Check_Bootargs_Status,"[Hid] /usr/local/bin/hidreport -v 0x05ac -p 0x026F -u 0xFF00,0x000B get 0x3e",,PASS,,,,,,,,,Sep 16 2019 7:24:04.6780 PM,Sep 16 2019 7:24:04.6780 PM,0
Check_Bootargs_Status,Check_Bootargs_Status,"[Hid] /usr/local/bin/hidreport -v 0x05ac -p 0x026F -u 0xFF00,0x000B get 0x3e-2",,PASS,,,,,,,,,Sep 16 2019 7:24:07.8990 PM,Sep 16 2019 7:24:07.8990 PM,0
Check_Bootargs_Status,Check_Bootargs_Status,Check_Bootargs_Status,15 00 00 00 ,PASS,,,,,,,,,Sep 16 2019 7:24:08.2830 PM,Sep 16 2019 7:24:08.2830 PM,0
Read_FG_SN,,,,,,,,,,,,,Sep 16 2019 7:24:08.2860 PM,Sep 16 2019 7:24:08.8520 PM,.5659
Read_FG_SN,Read_FG_SN,"[Hid] /usr/local/bin/hidreport -pid 0x026F -vid 0x05ac -usage 0xff00,0xb get 0x11",,PASS,,,,,,,,,Sep 16 2019 7:24:08.4600 PM,Sep 16 2019 7:24:08.4600 PM,0
Read_FG_SN,Read_FG_SN,Read_FG_SN,FTPZD00AP3LY,PASS,,,,,,,,,Sep 16 2019 7:24:08.8520 PM,Sep 16 2019 7:24:08.8520 PM,0
Compare_FG_SN,,,,,,,,,,,,,Sep 16 2019 7:24:08.8540 PM,Sep 16 2019 7:24:08.8550 PM,.001
Compare_FG_SN,Compare_FG_SN,Compare_FG_SN,,PASS,,,,,,,,,Sep 16 2019 7:24:08.8550 PM,Sep 16 2019 7:24:08.8550 PM,0
Get_SFC_Info,,,,,,,,,,,,,Sep 16 2019 7:24:08.8580 PM,Sep 16 2019 7:24:08.9240 PM,.0663
Get_SFC_Info,Get_SFC_Info,SFCSupport,getAttributes,PASS,,,,,,,,,Sep 16 2019 7:24:08.8590 PM,Sep 16 2019 7:24:08.8880 PM,.0283
Get_SFC_Info,Get_SFC_Info,GET SFC info - unit_lbl,R128-P2_P22AEN-S1_C01036,PASS,,,,,,,,,Sep 16 2019 7:24:08.8890 PM,Sep 16 2019 7:24:08.8890 PM,0
Get_SFC_Info,Get_SFC_Info,SFCSupport,getAttributes-2,PASS,,,,,,,,,Sep 16 2019 7:24:08.8900 PM,Sep 16 2019 7:24:08.8930 PM,.0032
Get_SFC_Info,Get_SFC_Info,GET SFC info - wo_no,WCR-J90002,PASS,,,,,,,,,Sep 16 2019 7:24:08.8940 PM,Sep 16 2019 7:24:08.8940 PM,0
Get_SFC_Info,Get_SFC_Info,SFCSupport,getAttributes-3,PASS,,,,,,,,,Sep 16 2019 7:24:08.8950 PM,Sep 16 2019 7:24:08.8990 PM,.0034
Get_SFC_Info,Get_SFC_Info,GET SFC info - mlb_sn,DLX93730008N47326,PASS,,,,,,,,,Sep 16 2019 7:24:08.8990 PM,Sep 16 2019 7:24:08.8990 PM,0
Get_SFC_Info,Get_SFC_Info,SFCSupport,getAttributes-4,PASS,,,,,,,,,Sep 16 2019 7:24:08.9010 PM,Sep 16 2019 7:24:08.9050 PM,.004
Get_SFC_Info,Get_SFC_Info,GET SFC info - kbm_sn,C4P931500P5JCPQ3D,PASS,,,,,,,,,Sep 16 2019 7:24:08.9050 PM,Sep 16 2019 7:24:08.9050 PM,0
Get_SFC_Info,Get_SFC_Info,SFCSupport,getAttributes-5,PASS,,,,,,,,,Sep 16 2019 7:24:08.9060 PM,Sep 16 2019 7:24:08.9100 PM,.004
Get_SFC_Info,Get_SFC_Info,GET SFC info - trackpad_sn,FM7934700E6KG9X4F+S5J,PASS,,,,,,,,,Sep 16 2019 7:24:08.9110 PM,Sep 16 2019 7:24:08.9110 PM,0
Get_SFC_Info,Get_SFC_Info,SFCSupport,getAttributes-6,PASS,,,,,,,,,Sep 16 2019 7:24:08.9130 PM,Sep 16 2019 7:24:08.9160 PM,.0034
Get_SFC_Info,Get_SFC_Info,GET SFC info - backlight_sn,GV29357002QN5TG2D,PASS,,,,,,,,,Sep 16 2019 7:24:08.9170 PM,Sep 16 2019 7:24:08.9170 PM,0
Get_SFC_Info,Get_SFC_Info,SFCSupport,getAttributes-7,PASS,,,,,,,,,Sep 16 2019 7:24:08.9180 PM,Sep 16 2019 7:24:08.9230 PM,.0049
Get_SFC_Info,Get_SFC_Info,GET SFC info - touch_flex_sn,C47935505SLJFK02Q,PASS,,,,,,,,,Sep 16 2019 7:24:08.9230 PM,Sep 16 2019 7:24:08.9230 PM,0
MLB_SN,,,,,,,,,,,,,Sep 16 2019 7:24:08.9270 PM,Sep 16 2019 7:24:09.3810 PM,.4533
MLB_SN,MLB_SN,"[Hid] /usr/local/bin/hidreport -p 0x026F -vid 0x05ac -usage 0xff00,0xb get 0x12",,PASS,,,,,,,,,Sep 16 2019 7:24:08.9840 PM,Sep 16 2019 7:24:08.9840 PM,0
MLB_SN,MLB_SN,MLB_SN,DLX93730008N47326,PASS,,,,,,,,,Sep 16 2019 7:24:09.3800 PM,Sep 16 2019 7:24:09.3800 PM,0
WO_SN,,,,,,,,,,,,,Sep 16 2019 7:24:09.3830 PM,Sep 16 2019 7:24:09.3840 PM,.0005
WO_SN,WO_SN,WO_SN,WCR-J90002,PASS,,,,,,,,,Sep 16 2019 7:24:09.3830 PM,Sep 16 2019 7:24:09.3830 PM,0
UNIT_LBL,,,,,,,,,,,,,Sep 16 2019 7:24:09.3860 PM,Sep 16 2019 7:24:09.3860 PM,.0005
UNIT_LBL,UNIT_LBL,UNIT_LBL,R128-P2_P22AEN-S1_C01036,PASS,,,,,,,,,Sep 16 2019 7:24:09.3860 PM,Sep 16 2019 7:24:09.3860 PM,0
BUILD_EVENT,,,,,,,,,,,,,Sep 16 2019 7:24:09.3880 PM,Sep 16 2019 7:24:09.3900 PM,.0011
BUILD_EVENT,BUILD_EVENT,BUILD_EVENT: ,R128-P2,PASS,,,,,,,,,Sep 16 2019 7:24:09.3890 PM,Sep 16 2019 7:24:09.3890 PM,0
BUILD_MATRIX_CONFIG,,,,,,,,,,,,,Sep 16 2019 7:24:09.3920 PM,Sep 16 2019 7:24:09.3930 PM,.0006
BUILD_MATRIX_CONFIG,BUILD_MATRIX_CONFIG,BUILD_MATRIC_CONFIG: ,P22AEN-S1,PASS,,,,,,,,,Sep 16 2019 7:24:09.3930 PM,Sep 16 2019 7:24:09.3930 PM,0
UNIT#,,,,,,,,,,,,,Sep 16 2019 7:24:09.3960 PM,Sep 16 2019 7:24:09.3960 PM,.0006
UNIT#,UNIT#,UNIT#: ,C01036,PASS,,,,,,,,,Sep 16 2019 7:24:09.3960 PM,Sep 16 2019 7:24:09.3960 PM,0
S_BUILD,,,,,,,,,,,,,Sep 16 2019 7:24:09.3990 PM,Sep 16 2019 7:24:09.4000 PM,.0006
S_BUILD,S_BUILD,S_BUILD: ,R128-P2_P22AEN-S1,PASS,,,,,,,,,Sep 16 2019 7:24:09.3990 PM,Sep 16 2019 7:24:09.3990 PM,0
KBM_SN,,,,,,,,,,,,,Sep 16 2019 7:24:09.4020 PM,Sep 16 2019 7:24:09.4030 PM,.0007
KBM_SN,KBM_SN,KBM_SN,C4P931500P5JCPQ3D,PASS,,,,,,,,,Sep 16 2019 7:24:09.4030 PM,Sep 16 2019 7:24:09.4030 PM,0
BACKLIGHT_SN,,,,,,,,,,,,,Sep 16 2019 7:24:09.4050 PM,Sep 16 2019 7:24:09.4050 PM,.0005
BACKLIGHT_SN,BACKLIGHT_SN,BACKLIGHT_SN,GV29357002QN5TG2D,PASS,,,,,,,,,Sep 16 2019 7:24:09.4050 PM,Sep 16 2019 7:24:09.4050 PM,0
TRACKPAD_SN,,,,,,,,,,,,,Sep 16 2019 7:24:09.4070 PM,Sep 16 2019 7:24:09.4080 PM,.0006
TRACKPAD_SN,TRACKPAD_SN,TRACKPAD_SN,FM7934700E6KG9X4F+S5J,PASS,,,,,,,,,Sep 16 2019 7:24:09.4080 PM,Sep 16 2019 7:24:09.4080 PM,0
TOUCH_FLEX_SN,,,,,,,,,,,,,Sep 16 2019 7:24:09.4100 PM,Sep 16 2019 7:24:09.4110 PM,.0006
TOUCH_FLEX_SN,TOUCH_FLEX_SN,TOUCH_FLEX_SN,C47935505SLJFK02Q,PASS,,,,,,,,,Sep 16 2019 7:24:09.4100 PM,Sep 16 2019 7:24:09.4100 PM,0
Check_EP_Status,,,,,,,,,,,,,Sep 16 2019 7:24:09.4130 PM,Sep 16 2019 7:24:10.2910 PM,.878
Check_EP_Status,Check_EP_Status,[Hid] /usr/local/bin/hidreport -v 0x05ac -p 0x026F -i 0 set 0x3D 0x3D 0x13 0x0 0x0 0x0,,PASS,,,,,,,,,Sep 16 2019 7:24:09.5230 PM,Sep 16 2019 7:24:09.5230 PM,0
Check_EP_Status,Check_EP_Status,[Hid] /usr/local/bin/hidreport -v 0x05ac -p 0x026F -i 0 get 0x3E,,PASS,,,,,,,,,Sep 16 2019 7:24:09.9050 PM,Sep 16 2019 7:24:09.9050 PM,0
Check_EP_Status,Check_EP_Status,Check_EP_Status,13 00 00 00 00 ,PASS,,,,,,,,,Sep 16 2019 7:24:10.2910 PM,Sep 16 2019 7:24:10.2910 PM,0
EP_Enable_All,,,,,,,,,,,,,Sep 16 2019 7:24:10.2940 PM,Sep 16 2019 7:24:14.3890 PM,4.0953
EP_Enable_All,EP_Enable_All,[Hid] /usr/local/bin/hidreport -v 0x05ac -p 0x026F -i 0 set 0x3E 0x3E 0x13 0x0 0x0 0x0 0x0,,PASS,,,,,,,,,Sep 16 2019 7:24:10.3400 PM,Sep 16 2019 7:24:10.3400 PM,0
EP_Enable_All,EP_Enable_All,EP_Enable_All,Pass,PASS,,,,,,,,,Sep 16 2019 7:24:10.7330 PM,Sep 16 2019 7:24:10.7330 PM,0
EP_Enable_All,EP_Enable_All,[Fixture] Power off,sendCommand,PASS,,,,,,,,,Sep 16 2019 7:24:10.7350 PM,Sep 16 2019 7:24:10.7470 PM,.0118
EP_Enable_All,EP_Enable_All,[Fixture] Power on,sendCommand,PASS,,,,,,,,,Sep 16 2019 7:24:11.3160 PM,Sep 16 2019 7:24:11.3220 PM,.0061
STFW,,,,,,,,,,,,,Sep 16 2019 7:24:14.3910 PM,Sep 16 2019 7:24:14.7860 PM,.3945
STFW,STFW,[Hid] /usr/local/bin/hidreport -pid 0x026F -vid 0x05ac -interface 0 get 0xb4,,PASS,,,,,,,,,Sep 16 2019 7:24:14.4470 PM,Sep 16 2019 7:24:14.4470 PM,0
STFW,STFW,STFW,,PASS,,352,,352,352,,,,Sep 16 2019 7:24:14.7850 PM,Sep 16 2019 7:24:14.7850 PM,0
Read_HW_Version,,,,,,,,,,,,,Sep 16 2019 7:24:14.8140 PM,Sep 16 2019 7:24:15.2730 PM,.4587
Read_HW_Version,Read_HW_Version,"[Hid] /usr/local/bin/hidreport -pid 0x026F -vid 0x05ac -usage 0xff00,0xb get 0xbc",,PASS,,,,,,,,,Sep 16 2019 7:24:14.8850 PM,Sep 16 2019 7:24:14.8850 PM,0
Read_HW_Version,Read_HW_Version,Read_HW_Version,,PASS,,3,,3,3,,,,Sep 16 2019 7:24:15.2730 PM,Sep 16 2019 7:24:15.2730 PM,0
GreenPAK_ID,,,,,,,,,,,,,Sep 16 2019 7:24:15.2760 PM,Sep 16 2019 7:24:15.7140 PM,.4385
GreenPAK_ID,GreenPAK_ID,"[Hid] /usr/local/bin/hidreport -pid 0x026F -vid 0x05ac -usage 0xff00,0xb get 0x90",,PASS,,,,,,,,,Sep 16 2019 7:24:15.3240 PM,Sep 16 2019 7:24:15.3240 PM,0
GreenPAK_ID,GreenPAK_ID,GreenPAK_ID,,PASS,,2,,2,2,,,,Sep 16 2019 7:24:15.7140 PM,Sep 16 2019 7:24:15.7140 PM,0
TOUCH_FW,,,,,,,,,,,,,Sep 16 2019 7:24:15.7170 PM,Sep 16 2019 7:24:16.1560 PM,.4392
TOUCH_FW,TOUCH_FW,[Hid] /usr/local/bin/hidreport -pid 0x026F -vid 0x05ac -interface 0 get 0xbb,,PASS,,,,,,,,,Sep 16 2019 7:24:15.7690 PM,Sep 16 2019 7:24:15.7690 PM,0
TOUCH_FW,TOUCH_FW,TOUCH_FW,,PASS,,1285,,1285,1285,,,,Sep 16 2019 7:24:16.1560 PM,Sep 16 2019 7:24:16.1560 PM,0
Read_CCG3_FW,,,,,,,,,,,,,Sep 16 2019 7:24:16.1590 PM,Sep 16 2019 7:24:24.2660 PM,8.1072
Read_CCG3_FW,Read_CCG3_FW,"[Hid] /usr/local/bin/hidreport -v 0x05ac -p 0x026F -usage 0xff00,0xb set 0xce 0xce 6 6 0",,PASS,,,,,,,,,Sep 16 2019 7:24:16.2130 PM,Sep 16 2019 7:24:16.2130 PM,0
Read_CCG3_FW,Read_CCG3_FW,"[Hid] /usr/local/bin/hidreport -v 0x05ac -p 0x026F -usage 0xff00,0xb set 0xce 0xce 6 6 0-2",,PASS,,,,,,,,,Sep 16 2019 7:24:19.4250 PM,Sep 16 2019 7:24:19.4250 PM,0
Read_CCG3_FW,Read_CCG3_FW,"[Hid] /usr/local/bin/hidreport -v 0x05ac -p 0x026F -usage 0xff00,0xb get 0xa0",,PASS,,,,,,,,,Sep 16 2019 7:24:19.9960 PM,Sep 16 2019 7:24:19.9960 PM,0
Read_CCG3_FW,Read_CCG3_FW,"[Hid] /usr/local/bin/hidreport -v 0x05ac -p 0x026F -usage 0xff00,0xb set 0xce 0xce 6 6 1",,PASS,,,,,,,,,Sep 16 2019 7:24:20.4820 PM,Sep 16 2019 7:24:20.4820 PM,0
Read_CCG3_FW,Read_CCG3_FW,ReadCCG3FW,,PASS,,,,,,,,,Sep 16 2019 7:24:20.8660 PM,Sep 16 2019 7:24:20.8660 PM,0
Read_CCG3_FW,Read_CCG3_FW,ReadCCG3FW,A0 02 00 0B 00 0B 00 0B ,PASS,,,,,,,,,Sep 16 2019 7:24:20.8670 PM,Sep 16 2019 7:24:20.8670 PM,0
Read_CCG3_FW,Read_CCG3_FW,[Fixture] Power off,sendCommand,PASS,,,,,,,,,Sep 16 2019 7:24:20.8680 PM,Sep 16 2019 7:24:20.8810 PM,.013
Read_CCG3_FW,Read_CCG3_FW,[Fixture] Power on,sendCommand,PASS,,,,,,,,,Sep 16 2019 7:24:21.2490 PM,Sep 16 2019 7:24:21.2650 PM,.0155
Production_Signed_Check,,,,,,,,,,,,,Sep 16 2019 7:24:24.2680 PM,Sep 16 2019 7:24:24.7230 PM,.4549
Production_Signed_Check,Production_Signed_Check,"[Hid] /usr/local/bin/hidreport -pid 0x026F -vid 0x05ac -usage 0xff00,0x000b get 0x13",,PASS,,,,,,,,,Sep 16 2019 7:24:24.3180 PM,Sep 16 2019 7:24:24.3180 PM,0
Production_Signed_Check,Production_Signed_Check,Production_Signed_Check,,PASS,,0,,0,0,,,,Sep 16 2019 7:24:24.7230 PM,Sep 16 2019 7:24:24.7230 PM,0
Read_KBD_HW_Layout,,,,,,,,,,,,,Sep 16 2019 7:24:24.7260 PM,Sep 16 2019 7:24:25.1950 PM,.4691
Read_KBD_HW_Layout,Read_KBD_HW_Layout,"[Hid] /usr/local/bin/hidreport -pid 0x026F -vid 0x05ac -usage 0x0001,0x0006 get 0x04",,PASS,,,,,,,,,Sep 16 2019 7:24:24.8430 PM,Sep 16 2019 7:24:24.8430 PM,0
Read_KBD_HW_Layout,Read_KBD_HW_Layout,Read_KBD_HW_Layout,,PASS,,33,,33,33,,,,Sep 16 2019 7:24:25.1950 PM,Sep 16 2019 7:24:25.1950 PM,0
Get_KBD_HW_Layout,,,,,,,,,,,,,Sep 16 2019 7:24:25.1980 PM,Sep 16 2019 7:24:25.1980 PM,.0008
Get_KBD_HW_Layout,Get_KBD_HW_Layout,Read_KBD_HW_Layout,,PASS,,33,,33,33,,,,Sep 16 2019 7:24:25.1980 PM,Sep 16 2019 7:24:25.1980 PM,0
Compare_KBD_HW_Layout,,,,,,,,,,,,,Sep 16 2019 7:24:25.2000 PM,Sep 16 2019 7:24:25.2010 PM,.0005
Compare_KBD_HW_Layout,Compare_KBD_HW_Layout,Compare_KBD_HW_Layout,,PASS,,,,,,,,,Sep 16 2019 7:24:25.2010 PM,Sep 16 2019 7:24:25.2010 PM,0
Read_MLB_Lang,,,,,,,,,,,,,Sep 16 2019 7:24:25.2040 PM,Sep 16 2019 7:24:25.5850 PM,.3805
Read_MLB_Lang,Read_MLB_Lang,"[Hid] /usr/local/bin/hidreport -pid 0x026F -vid 0x05ac -usage 0x0001,0x0006 get 0x02",,PASS,,,,,,,,,Sep 16 2019 7:24:25.2640 PM,Sep 16 2019 7:24:25.2640 PM,0
Read_MLB_Lang,Read_MLB_Lang,Read_MLB_Lang,02 01 01 05 49 ,PASS,,,,,,,,,Sep 16 2019 7:24:25.5840 PM,Sep 16 2019 7:24:25.5840 PM,0
Get_KBD_Lang,,,,,,,,,,,,,Sep 16 2019 7:24:25.5870 PM,Sep 16 2019 7:24:25.5880 PM,.0006
Get_KBD_Lang,Get_KBD_Lang,Get_KBD_Lang,02 01 01 05 49,PASS,,,,,,,,,Sep 16 2019 7:24:25.5870 PM,Sep 16 2019 7:24:25.5870 PM,0
Check_KBD_Lang,,,,,,,,,,,,,Sep 16 2019 7:24:25.5900 PM,Sep 16 2019 7:24:25.5900 PM,.0005
Check_KBD_Lang,Check_KBD_Lang,Check_KBD_Lang,,PASS,,,,,,,,,Sep 16 2019 7:24:25.5900 PM,Sep 16 2019 7:24:25.5900 PM,0
Read_MFI_Address,,,,,,,,,,,,,Sep 16 2019 7:24:25.5920 PM,Sep 16 2019 7:24:26.0420 PM,.4501
Read_MFI_Address,Read_MFI_Address,[Hid] /usr/local/bin/hidreport -p 0x026F -v 0x05ac -i 0 get 0x5E,,PASS,,,,,,,,,Sep 16 2019 7:24:25.6500 PM,Sep 16 2019 7:24:25.6500 PM,0
Read_MFI_Address,Read_MFI_Address,Read_MFI_Address,,PASS,,16,,16,16,,,,Sep 16 2019 7:24:26.0420 PM,Sep 16 2019 7:24:26.0420 PM,0
System_Critical_Errors,,,,,,,,,,,,,Sep 16 2019 7:24:26.0450 PM,Sep 16 2019 7:24:26.4940 PM,.4492
System_Critical_Errors,System_Critical_Errors,"[Hid] /usr/local/bin/hidreport -v 0x05ac -p 0x026F -usage 0xff00,0xb get 0xE1",,PASS,,,,,,,,,Sep 16 2019 7:24:26.0990 PM,Sep 16 2019 7:24:26.0990 PM,0
System_Critical_Errors,System_Critical_Errors,CRIT_ERR_E1_PART1,,PASS,,8704,,,,,,,Sep 16 2019 7:24:26.4930 PM,Sep 16 2019 7:24:26.4930 PM,0
System_Critical_Errors,System_Critical_Errors,CRIT_ERR_E1_PART2,,PASS,,0,,,,,,,Sep 16 2019 7:24:26.4930 PM,Sep 16 2019 7:24:26.4930 PM,0
System_Critical_Errors,System_Critical_Errors,CRIT_ERR_E1,,PASS,,,,,,,,,Sep 16 2019 7:24:26.4940 PM,Sep 16 2019 7:24:26.4940 PM,0
FW_Update_Critical_Errors,,,,,,,,,,,,,Sep 16 2019 7:24:26.4970 PM,Sep 16 2019 7:24:26.9590 PM,.4625
FW_Update_Critical_Errors,FW_Update_Critical_Errors,"[Hid] /usr/local/bin/hidreport -v 0x05ac -p 0x026F -usage 0xff00,0xb get 0xE2",,PASS,,,,,,,,,Sep 16 2019 7:24:26.5500 PM,Sep 16 2019 7:24:26.5500 PM,0
FW_Update_Critical_Errors,FW_Update_Critical_Errors,CRIT_ERR_E2_PART1,,PASS,,0,,,,,,,Sep 16 2019 7:24:26.9310 PM,Sep 16 2019 7:24:26.9310 PM,0
FW_Update_Critical_Errors,FW_Update_Critical_Errors,CRIT_ERR_E2_PART2,,PASS,,0,,,,,,,Sep 16 2019 7:24:26.9320 PM,Sep 16 2019 7:24:26.9320 PM,0
FW_Update_Critical_Errors,FW_Update_Critical_Errors,CRIT_ERR_E2_PART3,,PASS,,0,,,,,,,Sep 16 2019 7:24:26.9330 PM,Sep 16 2019 7:24:26.9330 PM,0
FW_Update_Critical_Errors,FW_Update_Critical_Errors,CRIT_ERR_E2,,PASS,,,,,,,,,Sep 16 2019 7:24:26.9590 PM,Sep 16 2019 7:24:26.9590 PM,0
Key_Scan_Critical_Errors,,,,,,,,,,,,,Sep 16 2019 7:24:26.9650 PM,Sep 16 2019 7:24:27.4290 PM,.4638
Key_Scan_Critical_Errors,Key_Scan_Critical_Errors,"[Hid] /usr/local/bin/hidreport -v 0x05ac -p 0x026F -usage 0xff00,0xb get 0xE7",,PASS,,,,,,,,,Sep 16 2019 7:24:27.0340 PM,Sep 16 2019 7:24:27.0340 PM,0
Key_Scan_Critical_Errors,Key_Scan_Critical_Errors,CRIT_ERR_E7_PART1,,PASS,,0,,,,,,,Sep 16 2019 7:24:27.4270 PM,Sep 16 2019 7:24:27.4270 PM,0
Key_Scan_Critical_Errors,Key_Scan_Critical_Errors,CRIT_ERR_E7_PART2,,PASS,,0,,,,,,,Sep 16 2019 7:24:27.4270 PM,Sep 16 2019 7:24:27.4270 PM,0
Key_Scan_Critical_Errors,Key_Scan_Critical_Errors,CRIT_ERR_E7_PART3,,PASS,,0,,,,,,,Sep 16 2019 7:24:27.4280 PM,Sep 16 2019 7:24:27.4280 PM,0
Key_Scan_Critical_Errors,Key_Scan_Critical_Errors,CRIT_ERR_E7_PART4,,PASS,,0,,,,,,,Sep 16 2019 7:24:27.4280 PM,Sep 16 2019 7:24:27.4280 PM,0
Key_Scan_Critical_Errors,Key_Scan_Critical_Errors,CRIT_ERR_E7,,PASS,,,,,,,,,Sep 16 2019 7:24:27.4290 PM,Sep 16 2019 7:24:27.4290 PM,0
USBC_Critical_Errors,,,,,,,,,,,,,Sep 16 2019 7:24:27.4320 PM,Sep 16 2019 7:24:27.8810 PM,.4488
USBC_Critical_Errors,USBC_Critical_Errors,"[Hid] /usr/local/bin/hidreport -v 0x05ac -p 0x026F -usage 0xff00,0xb get 0xE3",,PASS,,,,,,,,,Sep 16 2019 7:24:27.4900 PM,Sep 16 2019 7:24:27.4900 PM,0
USBC_Critical_Errors,USBC_Critical_Errors,CRIT_ERR_E3_PART1,,PASS,,0,,,,,,,Sep 16 2019 7:24:27.8780 PM,Sep 16 2019 7:24:27.8780 PM,0
USBC_Critical_Errors,USBC_Critical_Errors,CRIT_ERR_E3_PART2,,PASS,,0,,,,,,,Sep 16 2019 7:24:27.8790 PM,Sep 16 2019 7:24:27.8790 PM,0
USBC_Critical_Errors,USBC_Critical_Errors,CRIT_ERR_E3_PART3,,PASS,,0,,,,,,,Sep 16 2019 7:24:27.8790 PM,Sep 16 2019 7:24:27.8790 PM,0
USBC_Critical_Errors,USBC_Critical_Errors,CRIT_ERR_E3_PART4,,PASS,,0,,,,,,,Sep 16 2019 7:24:27.8790 PM,Sep 16 2019 7:24:27.8790 PM,0
USBC_Critical_Errors,USBC_Critical_Errors,CRIT_ERR_E3,,PASS,,,,,,,,,Sep 16 2019 7:24:27.8800 PM,Sep 16 2019 7:24:27.8800 PM,0
Grape_Critical_Errors,,,,,,,,,,,,,Sep 16 2019 7:24:27.8840 PM,Sep 16 2019 7:24:28.4110 PM,.5275
Grape_Critical_Errors,Grape_Critical_Errors,"[Hid] /usr/local/bin/hidreport -v 0x05ac -p 0x026F -usage 0xff00,0xb get 0xE5",,PASS,,,,,,,,,Sep 16 2019 7:24:27.9850 PM,Sep 16 2019 7:24:27.9850 PM,0
Grape_Critical_Errors,Grape_Critical_Errors,CRIT_ERR_E5_PART1,,PASS,,16777216,,,,,,,Sep 16 2019 7:24:28.3770 PM,Sep 16 2019 7:24:28.3770 PM,0
Grape_Critical_Errors,Grape_Critical_Errors,CRIT_ERR_E5_PART2,,PASS,,0,,,,,,,Sep 16 2019 7:24:28.3770 PM,Sep 16 2019 7:24:28.3770 PM,0
Grape_Critical_Errors,Grape_Critical_Errors,CRIT_ERR_E5_PART3,,PASS,,0,,,,,,,Sep 16 2019 7:24:28.3780 PM,Sep 16 2019 7:24:28.3780 PM,0
Grape_Critical_Errors,Grape_Critical_Errors,CRIT_ERR_E5_PART4,,PASS,,0,,,,,,,Sep 16 2019 7:24:28.3780 PM,Sep 16 2019 7:24:28.3780 PM,0
Grape_Critical_Errors,Grape_Critical_Errors,CRIT_ERR_E5_PART5,,PASS,,0,,,,,,,Sep 16 2019 7:24:28.3790 PM,Sep 16 2019 7:24:28.3790 PM,0
Grape_Critical_Errors,Grape_Critical_Errors,CRIT_ERR_E5_PART6,,PASS,,0,,,,,,,Sep 16 2019 7:24:28.3800 PM,Sep 16 2019 7:24:28.3800 PM,0
Grape_Critical_Errors,Grape_Critical_Errors,CRIT_ERR_E5_PART7,,PASS,,16842752,,,,,,,Sep 16 2019 7:24:28.3800 PM,Sep 16 2019 7:24:28.3800 PM,0
Grape_Critical_Errors,Grape_Critical_Errors,CRIT_ERR_E5_PART8,,PASS,,16777216,,,,,,,Sep 16 2019 7:24:28.3810 PM,Sep 16 2019 7:24:28.3810 PM,0
Grape_Critical_Errors,Grape_Critical_Errors,CRIT_ERR_E5_PART9,,PASS,,0,,,,,,,Sep 16 2019 7:24:28.3820 PM,Sep 16 2019 7:24:28.3820 PM,0
Grape_Critical_Errors,Grape_Critical_Errors,CRIT_ERR_E5_PART10,,PASS,,0,,,,,,,Sep 16 2019 7:24:28.3820 PM,Sep 16 2019 7:24:28.3820 PM,0
Grape_Critical_Errors,Grape_Critical_Errors,CRIT_ERR_E5,,PASS,,,,,,,,,Sep 16 2019 7:24:28.4100 PM,Sep 16 2019 7:24:28.4100 PM,0
Critical_Errors_Summary,,,,,,,,,,,,,Sep 16 2019 7:24:28.4230 PM,Sep 16 2019 7:24:28.8840 PM,.4607
Critical_Errors_Summary,Critical_Errors_Summary,"[Hid] /usr/local/bin/hidreport -pid 0x026F -vid 0x05ac -usage 0xff00,0xb get 0xE0",,PASS,,,,,,,,,Sep 16 2019 7:24:28.4890 PM,Sep 16 2019 7:24:28.4890 PM,0
Critical_Errors_Summary,Critical_Errors_Summary,CRIT_ERR_E0_PART1,,PASS,,0,,,,,,,Sep 16 2019 7:24:28.8830 PM,Sep 16 2019 7:24:28.8830 PM,0
Critical_Errors_Summary,Critical_Errors_Summary,CRIT_ERR_E0,,PASS,,,,,,,,,Sep 16 2019 7:24:28.8830 PM,Sep 16 2019 7:24:28.8830 PM,0
Backlight_Critical_Errors,,,,,,,,,,,,,Sep 16 2019 7:24:28.8860 PM,Sep 16 2019 7:24:29.3140 PM,.4276
Backlight_Critical_Errors,Backlight_Critical_Errors,"[Hid] /usr/local/bin/hidreport -pid 0x026F -vid 0x05ac -usage 0xff00,0xf get 0x07",,PASS,,,,,,,,,Sep 16 2019 7:24:28.9970 PM,Sep 16 2019 7:24:28.9970 PM,0
Backlight_Critical_Errors,Backlight_Critical_Errors,BL_CRI_ERR_PART1,,PASS,,0,,,,,,,Sep 16 2019 7:24:29.3130 PM,Sep 16 2019 7:24:29.3130 PM,0
Backlight_Critical_Errors,Backlight_Critical_Errors,BL_CRI_ERR,,PASS,,,,,,,,,Sep 16 2019 7:24:29.3140 PM,Sep 16 2019 7:24:29.3140 PM,0
Grape_Connector_Self_Critical_Errors,,,,,,,,,,,,,Sep 16 2019 7:24:29.3160 PM,Sep 16 2019 7:24:29.8190 PM,.5023
Grape_Connector_Self_Critical_Errors,Grape_Connector_Self_Critical_Errors,"[Hid] /usr/local/bin/hidreport -v 0x5ac -p 0x026F -usage 0x0001,0x0002 get 0xD3",,PASS,,,,,,,,,Sep 16 2019 7:24:29.4280 PM,Sep 16 2019 7:24:29.4280 PM,0
Grape_Connector_Self_Critical_Errors,Grape_Connector_Self_Critical_Errors,CRIT_ERR_D3_PART1,,PASS,,17437701,,,,,,,Sep 16 2019 7:24:29.8170 PM,Sep 16 2019 7:24:29.8170 PM,0
Grape_Connector_Self_Critical_Errors,Grape_Connector_Self_Critical_Errors,CRIT_ERR_D3_PART2,,PASS,,83888660,,,,,,,Sep 16 2019 7:24:29.8170 PM,Sep 16 2019 7:24:29.8170 PM,0
Grape_Connector_Self_Critical_Errors,Grape_Connector_Self_Critical_Errors,CRIT_ERR_D3_PART3,,PASS,,570621952,,,,,,,Sep 16 2019 7:24:29.8170 PM,Sep 16 2019 7:24:29.8170 PM,0
Grape_Connector_Self_Critical_Errors,Grape_Connector_Self_Critical_Errors,CRIT_ERR_D3,,PASS,,,,,,,,,Sep 16 2019 7:24:29.8180 PM,Sep 16 2019 7:24:29.8180 PM,0
Finish DRCB,,,,,,,,,,,,,Sep 16 2019 7:24:29.8210 PM,Sep 16 2019 7:24:30.2790 PM,.4579
Finish DRCB,Finish DRCB,DRCB,Finish,PASS,,,,,,,,,Sep 16 2019 7:24:29.8230 PM,Sep 16 2019 7:24:30.2780 PM,.4555
Fixturereset,,,,,,,,,,,,,Sep 16 2019 7:24:30.2810 PM,Sep 16 2019 7:24:31.5180 PM,1.2366
Fixturereset,Fixturereset,[Fixture] Retract pogo,sendCommand,PASS,,,,,,,,,Sep 16 2019 7:24:30.2830 PM,Sep 16 2019 7:24:30.4400 PM,.1573
Fixturereset,Fixturereset,Fixture,close,PASS,,,,,,,,,Sep 16 2019 7:24:31.5130 PM,Sep 16 2019 7:24:31.5130 PM,.0005
Fixturereset,Fixturereset,P203,close,PASS,,,,,,,,,Sep 16 2019 7:24:31.5150 PM,Sep 16 2019 7:24:31.5170 PM,.0024
