Test,Plugin,Command,Status,Info,Start Time,End Time,Duration (s)
Scan_FG_SN,com.apple.hwte.atlas.AppPlugin,show-form,PASS,,Sep 16 2019 7:23:40.5660 PM,Sep 16 2019 7:23:45.2720 PM,4.7053
Fixtureinit,Fixture,changeDelimiter,PASS,,Sep 16 2019 7:23:45.2780 PM,Sep 16 2019 7:23:45.2780 PM,.0001
Fixtureinit,Fixture,changeLineTerminator,PASS,,Sep 16 2019 7:23:45.2800 PM,Sep 16 2019 7:23:45.2800 PM,0
Fixtureinit,Fixture,open,PASS,,Sep 16 2019 7:23:45.2820 PM,Sep 16 2019 7:23:46.8740 PM,1.5921
Fixtureinit,Fixture,read,PASS,,Sep 16 2019 7:23:46.8760 PM,Sep 16 2019 7:23:46.8970 PM,.0211
Fixtureinit,P203,changeDelimiter,PASS,,Sep 16 2019 7:23:46.8990 PM,Sep 16 2019 7:23:46.8990 PM,.0001
Fixtureinit,P203,changeLineTerminator,PASS,,Sep 16 2019 7:23:46.9000 PM,Sep 16 2019 7:23:46.9000 PM,0
Fixtureinit,P203,open,PASS,,Sep 16 2019 7:23:46.9020 PM,Sep 16 2019 7:23:48.4970 PM,1.5952
Fixtureinit,P203,read,PASS,,Sep 16 2019 7:23:48.4990 PM,Sep 16 2019 7:23:48.5230 PM,.0239
Fixtureinit,Fixture,sendCommand,PASS,,Sep 16 2019 7:23:48.5250 PM,Sep 16 2019 7:23:48.5280 PM,.0036
Fixtureinit,Fixture,sendCommand,PASS,,Sep 16 2019 7:23:48.5320 PM,Sep 16 2019 7:23:48.5470 PM,.0146
Fixtureinit,Fixture,sendCommand,PASS,,Sep 16 2019 7:23:49.6190 PM,Sep 16 2019 7:23:49.6320 PM,.0121
Fixtureinit,Fixture,sendCommand,PASS,,Sep 16 2019 7:23:51.7080 PM,Sep 16 2019 7:23:51.7730 PM,.0645
Fixtureinit,StationReportPlugin,isReporting,PASS,,Sep 16 2019 7:23:55.4340 PM,Sep 16 2019 7:23:55.4340 PM,0
Start Data Reporting,DRCB,startDataReporting,PASS,,Sep 16 2019 7:23:55.4420 PM,Sep 16 2019 7:23:55.4500 PM,.0089
Start Control Bits,DRCB,startControlBits,PASS,,Sep 16 2019 7:23:55.4550 PM,Sep 16 2019 7:23:55.7660 PM,.3109
Get_SFC_Info,SFCSupport,getAttribute,PASS,,Sep 16 2019 7:24:08.8590 PM,Sep 16 2019 7:24:08.8880 PM,.0284
Get_SFC_Info,SFCSupport,getAttribute,PASS,,Sep 16 2019 7:24:08.8900 PM,Sep 16 2019 7:24:08.8930 PM,.0032
Get_SFC_Info,SFCSupport,getAttribute,PASS,,Sep 16 2019 7:24:08.8950 PM,Sep 16 2019 7:24:08.8990 PM,.0034
Get_SFC_Info,SFCSupport,getAttribute,PASS,,Sep 16 2019 7:24:08.9010 PM,Sep 16 2019 7:24:08.9050 PM,.004
Get_SFC_Info,SFCSupport,getAttribute,PASS,,Sep 16 2019 7:24:08.9060 PM,Sep 16 2019 7:24:08.9100 PM,.004
Get_SFC_Info,SFCSupport,getAttribute,PASS,,Sep 16 2019 7:24:08.9130 PM,Sep 16 2019 7:24:08.9160 PM,.0035
Get_SFC_Info,SFCSupport,getAttribute,PASS,,Sep 16 2019 7:24:08.9180 PM,Sep 16 2019 7:24:08.9230 PM,.0049
EP_Enable_All,Fixture,sendCommand,PASS,,Sep 16 2019 7:24:10.7350 PM,Sep 16 2019 7:24:10.7470 PM,.0118
EP_Enable_All,Fixture,sendCommand,PASS,,Sep 16 2019 7:24:11.3160 PM,Sep 16 2019 7:24:11.3220 PM,.0061
Read_CCG3_FW,Fixture,sendCommand,PASS,,Sep 16 2019 7:24:20.8680 PM,Sep 16 2019 7:24:20.8810 PM,.013
Read_CCG3_FW,Fixture,sendCommand,PASS,,Sep 16 2019 7:24:21.2490 PM,Sep 16 2019 7:24:21.2650 PM,.0155
Finish DRCB,DRCB,finish,PASS,,Sep 16 2019 7:24:29.8230 PM,Sep 16 2019 7:24:30.2780 PM,.4555
Fixturereset,Fixture,sendCommand,PASS,,Sep 16 2019 7:24:30.2830 PM,Sep 16 2019 7:24:30.4400 PM,.1573
Fixturereset,Fixture,close,PASS,,Sep 16 2019 7:24:31.5130 PM,Sep 16 2019 7:24:31.5130 PM,.0005
Fixturereset,P203,close,PASS,,Sep 16 2019 7:24:31.5150 PM,Sep 16 2019 7:24:31.5170 PM,.0025
