Related Test,Type,Name,Value
3.SN,Device,serialnumber,DLXZ100KN7Q6
7.Start Data Reporting,Device,softwarename,Atlas
7.Start Data Reporting,Device,serialnumber,DLXZ100KN7Q6
7.Start Data Reporting,Device,softwareversion,V22.2.14.14
7.Start Data Reporting,Device,limitsversion,1.0
9.Diag Version,Device,DIAG_VER,29D110q
16.Board Revision,Device,BOARD_REV,0x05
17.Read Back AP_CHIPID,Device,AP_CHIP_ID,8027
22.WO SN,Device,WOSN,WU9-J7000A
23.Housing SN,Device,HOUSING_SN,DQR92640003N36P1V
24.Titus SN,Device,TITUS_SN,DN892043C8UM9XR3G
25.Juliet SN,Device,JULIET_SN,DNM92130EH1J7LP3L
26.Read_Ohio_SN,Device,Ohio_SN,F0W9255006MLV4110
29.RDF resistance(start),Device,RDF_resistance(start),32314
30.RDF arm status(start),Device,RDF_arm_status(start),1
31.Will fault registers check,Device,Will fault registers 0x44,0x0
31.Will fault registers check,Device,Will fault registers 0x45,0x0
31.Will fault registers check,Device,Will fault registers 0x43,0x0
38.Riker fault registers check,Device,Riker fault registers 0x43,0x0
38.Riker fault registers check,Device,Riker fault registers 0x46,0x0
38.Riker fault registers check,Device,Riker fault registers 0x45,0x0
38.Riker fault registers check,Device,Riker fault registers 0x44,0x0
55.RDF resistance(end),Device,RDF_resistance(end),32428
56.RDF arm status (end),Device,RDF_arm_status(end),1
58.Read_Jasper_SN,Device,Jasper_SN,DN892565K0NMJLL3B
59.Camera Build Config,Device,CameraBuildConfig,C4002
60.Jasper Bin,Device,JasperBin,FF
61.Jasper DOE,Device,JasperDOE,FF
65.Check_Jasper_Vendor,Device,Jasper_Vendor,Lumentum
67.Compare Battery SN With SFC,Device,BATTERY_SN,F8Y9182M2B4LX3522+908
69.Get Battery SN,Device,BATTERY_SN,F8Y9182M2B4LX3522+908
71.Read Back HW Configuration,Device,OPTS,"iPad12,1/WIFI&BT/NAND,SIZE=256G/RAM,SIZE=6G/White"
73.Read Back MPN,Device,MPN,993-41472
75.Read Back Regn,Device,REGN,LL/A
76.Burn HS Color,Device,CLHS,0x00000001 0x00000000 0x00000000 0x00000002
78.Burn CG Color,Device,CLCG,0x00000001 0x00000000 0x00000000 0x00000001
81.Read Back NANDID and NANDCS,Device,NANDID,0x00006B76B3983C45
81.Read Back NANDID and NANDCS,Device,NANDCS,00000000000000000000000000000001000000000000000000000000000000010000000000000000000000000000000100000000000000000000000000000001
83.Read Back Matrix and Special Builds,Device,S_BUILD,J417-P2_MINI-P27DW-M3
83.Read Back Matrix and Special Builds,Device,BUILD_MATRIX_CONFIG,MINI-P27DW-M3
83.Read Back Matrix and Special Builds,Device,BUILD_EVENT,J417-P2
83.Read Back Matrix and Special Builds,Device,UNIT#,10288
84.Read Back MLBSN And Check,Device,MLBSN,DLX9265004FMHNP1K
87.Check ACE FW version,Device,ACE_FW,00 11 20 00                                      
88.Check ACE OTP FW version,Device,ACE_OTP_FW,0x4C4B603F
131.Check TX MCU FW,Device,TX_MCU_FW,B0 00 04 00 01 00 13 04 
132.Tx HW ID Check,Device,TX_HW_ID,2
