Test,Plugin,Command,Status,Info,Start Time,End Time,Duration (s)
,UART,read,ERROR,Timed out trying to read; ,Jul 19 2019 6:47:54.1850 PM,Jul 19 2019 6:47:55.2080 PM,1.0235
,UART,read,ERROR,Timed out trying to read; ,Jul 19 2019 6:47:55.5610 PM,Jul 19 2019 6:47:56.5850 PM,1.0231
,Dut,read,ERROR,Timed out trying to read; ,Jul 19 2019 6:47:58.2520 PM,Jul 19 2019 6:47:58.3560 PM,.1037
,Dut,read,ERROR,Timed out trying to read; ,Jul 19 2019 6:47:58.7420 PM,Jul 19 2019 6:47:58.8650 PM,.1223
,Dut,read,ERROR,Timed out trying to read; ,Jul 19 2019 6:48:32.4230 PM,Jul 19 2019 6:48:32.5570 PM,.1348
,fixture,close,NOT SET,,,,0
,orion,close,NOT SET,,,,0
