document_version, 1.0
station_name,SW-DOWNLOAD
station_id,FXLH_F05-4FT-01_3_SW-DOWNLOAD
station_sw,Atlas
station_sw_version,Atlas

tag,start_time,duration
Scan_SN, 1568095690.69, 7.23
Fixture_init, 1568095697.96, 6.80
Start_Data_Reporting, 1568095704.76, 0.04
Start_Control_Bit, 1568095704.80, 0.50
Get_SFC_Info, 1568095705.29, 1.09
BUILD_EVENT, 1568095706.38, 0.00
S_BUILD, 1568095706.38, 0.00
WO_SN, 1568095706.39, 0.00
SUB_SN, 1568095706.39, 0.00
UNIT_LBL, 1568095706.39, 0.00
P203_FW_DEV, 1568095706.39, 0.05
EP_DISABLE_TP, 1568095706.45, 6.95
Auth_Check, 1568095713.39, 4.64
Query_MLB_SN, 1568095718.03, 0.00
Read_MLB_SN, 1568095718.03, 1.05
Check_MLB_SN, 1568095719.08, 0.00
Read_STFW_Version_Before_DL, 1568095719.08, 0.48
Read_MTFW_Version_Before_DL, 1568095719.56, 0.48
Read_CCG3_FW_Version_Before_DL, 1568095720.04, 0.97
Program_Main_FW, 1568095721.02, 42.07
Program_MTFW, 1568095763.09, 25.44
Read_Main_FW_Version_After_DL, 1568095788.53, 0.42
Read_MTFW_After_DL, 1568095788.95, 0.43
Read_CCG3_FW_After_DL, 1568095789.38, 0.87
Finish_DRCB, 1568095790.25, 0.52
Fixture_reset, 1568095790.77, 0.18
full_test_durations, 1568095690.67, 100.28
