Related Test,Name-1,Name-2,Name-3,Status,Info,Measurement,Units,Upper Limit,Lower Limit,Relaxed Upper Limit,Relaxed Lower Limit,Limit Units,Start Time,End Time,Duration (s)
Scan_SN,,,,,,,,,,,,,Sep 10 2019 2:08:10.6880 PM,Sep 10 2019 2:08:17.9180 PM,7.2295
Scan_SN,Scan_SN,AtlasApp-Hyperion,show-form,PASS,,,,,,,,,Sep 10 2019 2:08:10.6890 PM,Sep 10 2019 2:08:17.9160 PM,7.2264
Fixture_init,,,,,,,,,,,,,Sep 10 2019 2:08:17.9600 PM,Sep 10 2019 2:08:24.7560 PM,6.7957
Fixture_init,Fixture_init,Fixture,changeDelimiter,PASS,,,,,,,,,Sep 10 2019 2:08:17.9620 PM,Sep 10 2019 2:08:17.9620 PM,0
Fixture_init,Fixture_init,Fixture,changeLineTerminator,PASS,,,,,,,,,Sep 10 2019 2:08:17.9640 PM,Sep 10 2019 2:08:17.9640 PM,0
Fixture_init,Fixture_init,Fixture,open,PASS,,,,,,,,,Sep 10 2019 2:08:17.9650 PM,Sep 10 2019 2:08:19.5590 PM,1.594
Fixture_init,Fixture_init,Fixture,read,PASS,,,,,,,,,Sep 10 2019 2:08:19.5610 PM,Sep 10 2019 2:08:19.7010 PM,.1394
Fixture_init,Fixture_init,P203,changeDelimiter,PASS,,,,,,,,,Sep 10 2019 2:08:19.7030 PM,Sep 10 2019 2:08:19.7030 PM,0
Fixture_init,Fixture_init,P203,changeLineTerminator,PASS,,,,,,,,,Sep 10 2019 2:08:19.7040 PM,Sep 10 2019 2:08:19.7040 PM,0
Fixture_init,Fixture_init,P203,open,PASS,,,,,,,,,Sep 10 2019 2:08:19.7060 PM,Sep 10 2019 2:08:21.3700 PM,1.664
Fixture_init,Fixture_init,P203,read,PASS,,,,,,,,,Sep 10 2019 2:08:21.3720 PM,Sep 10 2019 2:08:21.4000 PM,.0286
Fixture_init,Fixture_init,[Fixture] isReady,sendCommand,PASS,,,,,,,,,Sep 10 2019 2:08:21.4020 PM,Sep 10 2019 2:08:21.4180 PM,.0163
Fixture_init,Fixture_init,[Fixture] power on,sendCommand,PASS,,,,,,,,,Sep 10 2019 2:08:21.4200 PM,Sep 10 2019 2:08:21.4380 PM,.0172
Fixture_init,Fixture_init,[P203] ,sendCommand,PASS,,,,,,,,,Sep 10 2019 2:08:22.5070 PM,Sep 10 2019 2:08:22.5110 PM,.0045
Fixture_init,Fixture_init,[Fixture] Engage pogo,sendCommand,PASS,,,,,,,,,Sep 10 2019 2:08:22.5130 PM,Sep 10 2019 2:08:22.5680 PM,.0547
Fixture_init,Fixture_init,StationReportPlugin,isReporting,PASS,,,,,,,,,Sep 10 2019 2:08:24.7550 PM,Sep 10 2019 2:08:24.7550 PM,0
Start_Data_Reporting,,,,,,,,,,,,,Sep 10 2019 2:08:24.7590 PM,Sep 10 2019 2:08:24.7940 PM,.0346
Start_Data_Reporting,Start_Data_Reporting,DRCB,StartDataReporting,PASS,,,,,,,,,Sep 10 2019 2:08:24.7630 PM,Sep 10 2019 2:08:24.7930 PM,.0301
Start_Control_Bit,,,,,,,,,,,,,Sep 10 2019 2:08:24.7960 PM,Sep 10 2019 2:08:25.2930 PM,.497
Start_Control_Bit,Start_Control_Bit,DRCB,StartControlBits,PASS,,,,,,,,,Sep 10 2019 2:08:24.8560 PM,Sep 10 2019 2:08:25.2920 PM,.436
Get_SFC_Info,,,,,,,,,,,,,Sep 10 2019 2:08:25.2950 PM,Sep 10 2019 2:08:26.3790 PM,1.0841
Get_SFC_Info,Get_SFC_Info,SFCSupport,getAttributes,PASS,,,,,,,,,Sep 10 2019 2:08:25.2970 PM,Sep 10 2019 2:08:26.3590 PM,1.0623
Get_SFC_Info,Get_SFC_Info,GET SFC info - wo_no,WCR-J80006,PASS,,,,,,,,,Sep 10 2019 2:08:26.3600 PM,Sep 10 2019 2:08:26.3600 PM,0
Get_SFC_Info,Get_SFC_Info,SFCSupport,getAttributes-2,PASS,,,,,,,,,Sep 10 2019 2:08:26.3620 PM,Sep 10 2019 2:08:26.3670 PM,.0049
Get_SFC_Info,Get_SFC_Info,GET SFC info - pansa,DKB93570049N5RQ0G,PASS,,,,,,,,,Sep 10 2019 2:08:26.3670 PM,Sep 10 2019 2:08:26.3670 PM,0
Get_SFC_Info,Get_SFC_Info,SFCSupport,getAttributes-3,PASS,,,,,,,,,Sep 10 2019 2:08:26.3680 PM,Sep 10 2019 2:08:26.3730 PM,.0044
Get_SFC_Info,Get_SFC_Info,GET SFC info - unit_lbl,R128-P2_P22AEN-LHWTE_C01010,PASS,,,,,,,,,Sep 10 2019 2:08:26.3740 PM,Sep 10 2019 2:08:26.3740 PM,0
Get_SFC_Info,Get_SFC_Info,SFCSupport,getAttributes-4,PASS,,,,,,,,,Sep 10 2019 2:08:26.3750 PM,Sep 10 2019 2:08:26.3780 PM,.0038
Get_SFC_Info,Get_SFC_Info,GET SFC info - mlb_sn,DLX9362000MN4732X,PASS,,,,,,,,,Sep 10 2019 2:08:26.3790 PM,Sep 10 2019 2:08:26.3790 PM,0
BUILD_EVENT,,,,,,,,,,,,,Sep 10 2019 2:08:26.3820 PM,Sep 10 2019 2:08:26.3830 PM,.0006
BUILD_EVENT,BUILD_EVENT,Build_EVENT,R128-P2,PASS,,,,,,,,,Sep 10 2019 2:08:26.3830 PM,Sep 10 2019 2:08:26.3830 PM,0
S_BUILD,,,,,,,,,,,,,Sep 10 2019 2:08:26.3850 PM,Sep 10 2019 2:08:26.3860 PM,.0006
S_BUILD,S_BUILD,S_BUILD,R128-P2_P22AEN-LHWTE,PASS,,,,,,,,,Sep 10 2019 2:08:26.3850 PM,Sep 10 2019 2:08:26.3850 PM,0
WO_SN,,,,,,,,,,,,,Sep 10 2019 2:08:26.3880 PM,Sep 10 2019 2:08:26.3880 PM,.0006
WO_SN,WO_SN,Get wo_no Pass,,PASS,,,,,,,,,Sep 10 2019 2:08:26.3880 PM,Sep 10 2019 2:08:26.3880 PM,0
SUB_SN,,,,,,,,,,,,,Sep 10 2019 2:08:26.3900 PM,Sep 10 2019 2:08:26.3910 PM,.0006
SUB_SN,SUB_SN,Get pansa Pass,,PASS,,,,,,,,,Sep 10 2019 2:08:26.3910 PM,Sep 10 2019 2:08:26.3910 PM,0
UNIT_LBL,,,,,,,,,,,,,Sep 10 2019 2:08:26.3930 PM,Sep 10 2019 2:08:26.3930 PM,.0006
UNIT_LBL,UNIT_LBL,Get unit_lbl Pass,,PASS,,,,,,,,,Sep 10 2019 2:08:26.3930 PM,Sep 10 2019 2:08:26.3930 PM,0
P203_FW_DEV,,,,,,,,,,,,,Sep 10 2019 2:08:26.3950 PM,Sep 10 2019 2:08:26.4450 PM,.0493
P203_FW_DEV,P203_FW_DEV,P203,read,PASS,,,,,,,,,Sep 10 2019 2:08:26.3970 PM,Sep 10 2019 2:08:26.3970 PM,.0002
P203_FW_DEV,P203_FW_DEV,P203,read-2,PASS,,,,,,,,,Sep 10 2019 2:08:26.3980 PM,Sep 10 2019 2:08:26.4260 PM,.028
P203_FW_DEV,P203_FW_DEV,[P203] v,sendCommand,PASS,,,,,,,,,Sep 10 2019 2:08:26.4280 PM,Sep 10 2019 2:08:26.4430 PM,.0156
P203_FW_DEV,P203_FW_DEV,P203_FW_DEV,,PASS,,,,,,,,,Sep 10 2019 2:08:26.4440 PM,Sep 10 2019 2:08:26.4440 PM,0
EP_DISABLE_TP,,,,,,,,,,,,,Sep 10 2019 2:08:26.4480 PM,Sep 10 2019 2:08:33.3910 PM,6.9438
EP_DISABLE_TP,EP_DISABLE_TP,[Hid] /usr/local/bin/hidreport -p 0x026F -i 0 set 0x3D 0x3D 0x13 0x0 0x0 0x0,,PASS,,,,,,,,,Sep 10 2019 2:08:26.5030 PM,Sep 10 2019 2:08:26.5030 PM,0
EP_DISABLE_TP,EP_DISABLE_TP,IOFileHandle,writeToFile,PASS,,,,,,,,,Sep 10 2019 2:08:26.5060 PM,Sep 10 2019 2:08:26.5060 PM,.0004
EP_DISABLE_TP,EP_DISABLE_TP,[Hid] /usr/local/bin/hidreport -p 0x026F -i 0 set 0x3E 0x3E 0x13 0x0 0x0 0x0 0x2,,PASS,,,,,,,,,Sep 10 2019 2:08:26.9270 PM,Sep 10 2019 2:08:26.9270 PM,0
EP_DISABLE_TP,EP_DISABLE_TP,IOFileHandle,writeToFile-2,PASS,,,,,,,,,Sep 10 2019 2:08:26.9290 PM,Sep 10 2019 2:08:26.9290 PM,.0001
EP_DISABLE_TP,EP_DISABLE_TP,[Fixture] power off,sendCommand,PASS,,,,,,,,,Sep 10 2019 2:08:27.3010 PM,Sep 10 2019 2:08:27.3090 PM,.0085
EP_DISABLE_TP,EP_DISABLE_TP,[Fixture] power on,sendCommand,PASS,,,,,,,,,Sep 10 2019 2:08:28.3110 PM,Sep 10 2019 2:08:28.3150 PM,.0038
EP_DISABLE_TP,EP_DISABLE_TP,[P203] ,sendCommand,PASS,,,,,,,,,Sep 10 2019 2:08:33.3900 PM,Sep 10 2019 2:08:33.3910 PM,.0008
Auth_Check,,,,,,,,,,,,,Sep 10 2019 2:08:33.3940 PM,Sep 10 2019 2:08:38.0200 PM,4.6257
Auth_Check,Auth_Check,P203,read,PASS,,,,,,,,,Sep 10 2019 2:08:33.3960 PM,Sep 10 2019 2:08:33.3960 PM,.0003
Auth_Check,Auth_Check,P203,read-2,PASS,,,,,,,,,Sep 10 2019 2:08:33.3970 PM,Sep 10 2019 2:08:33.3970 PM,.0002
Auth_Check,Auth_Check,P203,read-3,PASS,,,,,,,,,Sep 10 2019 2:08:33.3990 PM,Sep 10 2019 2:08:33.4190 PM,.0205
Auth_Check,Auth_Check,[P203] aid tx bd 1 3 24 71 4 10 0 00,sendCommandChars,PASS,,,,,,,,,Sep 10 2019 2:08:33.4210 PM,Sep 10 2019 2:08:33.4870 PM,.0661
Auth_Check,Auth_Check,P203,read-4,PASS,,,,,,,,,Sep 10 2019 2:08:33.4890 PM,Sep 10 2019 2:08:33.4900 PM,.0002
Auth_Check,Auth_Check,P203,read-5,PASS,,,,,,,,,Sep 10 2019 2:08:33.4910 PM,Sep 10 2019 2:08:33.5200 PM,.0287
Auth_Check,Auth_Check,[P203] aid tx bd 1 3 24 71 4 10 0 00,sendCommandChars-2,PASS,,,,,,,,,Sep 10 2019 2:08:33.5210 PM,Sep 10 2019 2:08:33.5570 PM,.0355
Auth_Check,Auth_Check,P203,read-6,PASS,,,,,,,,,Sep 10 2019 2:08:33.5590 PM,Sep 10 2019 2:08:33.5590 PM,.0001
Auth_Check,Auth_Check,P203,read-7,PASS,,,,,,,,,Sep 10 2019 2:08:33.5610 PM,Sep 10 2019 2:08:33.5900 PM,.0293
Auth_Check,Auth_Check,[P203] aid tx bd 1 3 24 71 4 10 0 00,sendCommandChars-3,PASS,,,,,,,,,Sep 10 2019 2:08:33.5910 PM,Sep 10 2019 2:08:33.6270 PM,.0351
Auth_Check,Auth_Check,P203,read-8,PASS,,,,,,,,,Sep 10 2019 2:08:33.6290 PM,Sep 10 2019 2:08:33.6290 PM,.0001
Auth_Check,Auth_Check,P203,read-9,PASS,,,,,,,,,Sep 10 2019 2:08:33.6300 PM,Sep 10 2019 2:08:33.6600 PM,.0298
Auth_Check,Auth_Check,[P203] aid tx bd 1 3 24 71 4 10 0 00,sendCommandChars-4,PASS,,,,,,,,,Sep 10 2019 2:08:33.6620 PM,Sep 10 2019 2:08:33.6960 PM,.0346
Auth_Check,Auth_Check,P203,read-10,PASS,,,,,,,,,Sep 10 2019 2:08:33.7000 PM,Sep 10 2019 2:08:33.7000 PM,.0002
Auth_Check,Auth_Check,P203,read-11,PASS,,,,,,,,,Sep 10 2019 2:08:33.7010 PM,Sep 10 2019 2:08:33.7300 PM,.0292
Auth_Check,Auth_Check,[P203] aid tx bd 1 3 24 71 4 10 0 00,sendCommandChars-5,PASS,,,,,,,,,Sep 10 2019 2:08:33.7320 PM,Sep 10 2019 2:08:33.7670 PM,.0346
Auth_Check,Auth_Check,P203,read-12,PASS,,,,,,,,,Sep 10 2019 2:08:33.7690 PM,Sep 10 2019 2:08:33.7690 PM,.0001
Auth_Check,Auth_Check,P203,read-13,PASS,,,,,,,,,Sep 10 2019 2:08:33.7710 PM,Sep 10 2019 2:08:33.8010 PM,.0303
Auth_Check,Auth_Check,[P203] aid tx bd 2 3 24 71 4 10 0 00,sendCommandChars,PASS,,,,,,,,,Sep 10 2019 2:08:33.8030 PM,Sep 10 2019 2:08:33.8390 PM,.0361
Auth_Check,Auth_Check,P203,read-14,PASS,,,,,,,,,Sep 10 2019 2:08:33.8420 PM,Sep 10 2019 2:08:33.8420 PM,.0001
Auth_Check,Auth_Check,P203,read-15,PASS,,,,,,,,,Sep 10 2019 2:08:33.8430 PM,Sep 10 2019 2:08:33.8710 PM,.028
Auth_Check,Auth_Check,P203,read-16,PASS,,,,,,,,,Sep 10 2019 2:08:33.8730 PM,Sep 10 2019 2:08:33.9010 PM,.0282
Auth_Check,Auth_Check,[P203] aid tx bd 3 2 24 71 4 10 8,sendCommandChars,PASS,,,,,,,,,Sep 10 2019 2:08:33.9030 PM,Sep 10 2019 2:08:33.9370 PM,.0345
Auth_Check,Auth_Check,1. Fetch device info,,PASS,,,,,,,,,Sep 10 2019 2:08:33.9390 PM,Sep 10 2019 2:08:33.9390 PM,0
Auth_Check,Auth_Check,      version: 0x07,,PASS,,,,,,,,,Sep 10 2019 2:08:33.9390 PM,Sep 10 2019 2:08:33.9390 PM,0
Auth_Check,Auth_Check,auth revision: 0x01,,PASS,,,,,,,,,Sep 10 2019 2:08:33.9390 PM,Sep 10 2019 2:08:33.9390 PM,0
Auth_Check,Auth_Check,auth protocol: 0x0300,,PASS,,,,,,,,,Sep 10 2019 2:08:33.9390 PM,Sep 10 2019 2:08:33.9390 PM,0
Auth_Check,Auth_Check,    device ID: 0x00000300,,PASS,,,,,,,,,Sep 10 2019 2:08:33.9400 PM,Sep 10 2019 2:08:33.9400 PM,0
Auth_Check,Auth_Check,P203,read-17,PASS,,,,,,,,,Sep 10 2019 2:08:33.9410 PM,Sep 10 2019 2:08:33.9410 PM,.0001
Auth_Check,Auth_Check,P203,read-18,PASS,,,,,,,,,Sep 10 2019 2:08:33.9420 PM,Sep 10 2019 2:08:33.9710 PM,.029
Auth_Check,Auth_Check,[P203] aid tx bd 4 3 24 71 4 10 0 30,sendCommandChars,PASS,,,,,,,,,Sep 10 2019 2:08:33.9730 PM,Sep 10 2019 2:08:34.0080 PM,.0355
Auth_Check,Auth_Check,P203,read-19,PASS,,,,,,,,,Sep 10 2019 2:08:34.0110 PM,Sep 10 2019 2:08:34.0110 PM,.0001
Auth_Check,Auth_Check,P203,read-20,PASS,,,,,,,,,Sep 10 2019 2:08:34.0120 PM,Sep 10 2019 2:08:34.0420 PM,.0299
Auth_Check,Auth_Check,P203,read-21,PASS,,,,,,,,,Sep 10 2019 2:08:34.0440 PM,Sep 10 2019 2:08:34.0720 PM,.0281
Auth_Check,Auth_Check,[P203] aid tx bd 5 2 24 71 4 10 2,sendCommandChars,PASS,,,,,,,,,Sep 10 2019 2:08:34.0730 PM,Sep 10 2019 2:08:34.1080 PM,.0347
Auth_Check,Auth_Check,2. Fetch cert length,,PASS,,,,,,,,,Sep 10 2019 2:08:34.1100 PM,Sep 10 2019 2:08:34.1100 PM,0
Auth_Check,Auth_Check,P203,read-22,PASS,,,,,,,,,Sep 10 2019 2:08:34.1120 PM,Sep 10 2019 2:08:34.1120 PM,.0001
Auth_Check,Auth_Check,P203,read-23,PASS,,,,,,,,,Sep 10 2019 2:08:34.1130 PM,Sep 10 2019 2:08:34.1420 PM,.0291
Auth_Check,Auth_Check,[P203] aid tx bd 6 3 24 71 4 10 0 31,sendCommandChars,PASS,,,,,,,,,Sep 10 2019 2:08:34.1440 PM,Sep 10 2019 2:08:34.1800 PM,.0365
Auth_Check,Auth_Check,P203,read-24,PASS,,,,,,,,,Sep 10 2019 2:08:34.1830 PM,Sep 10 2019 2:08:34.1830 PM,.0001
Auth_Check,Auth_Check,P203,read-25,PASS,,,,,,,,,Sep 10 2019 2:08:34.1840 PM,Sep 10 2019 2:08:34.2120 PM,.0284
Auth_Check,Auth_Check,P203,read-26,PASS,,,,,,,,,Sep 10 2019 2:08:34.2140 PM,Sep 10 2019 2:08:34.2420 PM,.028
Auth_Check,Auth_Check,[P203] aid tx bd 7 2 24 71 4 10 23,sendCommandChars,PASS,,,,,,,,,Sep 10 2019 2:08:34.2440 PM,Sep 10 2019 2:08:34.2790 PM,.0349
Auth_Check,Auth_Check,P203,read-27,PASS,,,,,,,,,Sep 10 2019 2:08:34.2810 PM,Sep 10 2019 2:08:34.2820 PM,.0001
Auth_Check,Auth_Check,P203,read-28,PASS,,,,,,,,,Sep 10 2019 2:08:34.2830 PM,Sep 10 2019 2:08:34.3130 PM,.03
Auth_Check,Auth_Check,P203,read-29,PASS,,,,,,,,,Sep 10 2019 2:08:34.3150 PM,Sep 10 2019 2:08:34.3430 PM,.0282
Auth_Check,Auth_Check,[P203] aid tx bd 8 2 24 71 4 10 23,sendCommandChars,PASS,,,,,,,,,Sep 10 2019 2:08:34.3440 PM,Sep 10 2019 2:08:34.3800 PM,.0353
Auth_Check,Auth_Check,P203,read-30,PASS,,,,,,,,,Sep 10 2019 2:08:34.3820 PM,Sep 10 2019 2:08:34.3830 PM,.0002
Auth_Check,Auth_Check,P203,read-31,PASS,,,,,,,,,Sep 10 2019 2:08:34.3840 PM,Sep 10 2019 2:08:34.4130 PM,.0294
Auth_Check,Auth_Check,P203,read-32,PASS,,,,,,,,,Sep 10 2019 2:08:34.4150 PM,Sep 10 2019 2:08:34.4430 PM,.0282
Auth_Check,Auth_Check,[P203] aid tx bd 9 2 24 71 4 10 23,sendCommandChars,PASS,,,,,,,,,Sep 10 2019 2:08:34.4450 PM,Sep 10 2019 2:08:34.4800 PM,.0348
Auth_Check,Auth_Check,P203,read-33,PASS,,,,,,,,,Sep 10 2019 2:08:34.4820 PM,Sep 10 2019 2:08:34.4820 PM,.0002
Auth_Check,Auth_Check,P203,read-34,PASS,,,,,,,,,Sep 10 2019 2:08:34.4840 PM,Sep 10 2019 2:08:34.5140 PM,.0299
Auth_Check,Auth_Check,P203,read-35,PASS,,,,,,,,,Sep 10 2019 2:08:34.5160 PM,Sep 10 2019 2:08:34.5440 PM,.0281
Auth_Check,Auth_Check,[P203] aid tx bd a 2 24 71 4 10 17,sendCommandChars,PASS,,,,,,,,,Sep 10 2019 2:08:34.5450 PM,Sep 10 2019 2:08:34.5800 PM,.0352
Auth_Check,Auth_Check,P203,read-36,PASS,,,,,,,,,Sep 10 2019 2:08:34.5840 PM,Sep 10 2019 2:08:34.5840 PM,.0001
Auth_Check,Auth_Check,P203,read-37,PASS,,,,,,,,,Sep 10 2019 2:08:34.5850 PM,Sep 10 2019 2:08:34.6140 PM,.029
Auth_Check,Auth_Check,[P203] aid tx bd b 3 24 71 4 10 0 32,sendCommandChars,PASS,,,,,,,,,Sep 10 2019 2:08:34.6160 PM,Sep 10 2019 2:08:34.6500 PM,.0346
Auth_Check,Auth_Check,P203,read-38,PASS,,,,,,,,,Sep 10 2019 2:08:34.6530 PM,Sep 10 2019 2:08:34.6530 PM,.0001
Auth_Check,Auth_Check,P203,read-39,PASS,,,,,,,,,Sep 10 2019 2:08:34.6540 PM,Sep 10 2019 2:08:34.6820 PM,.028
Auth_Check,Auth_Check,P203,read-40,PASS,,,,,,,,,Sep 10 2019 2:08:34.6840 PM,Sep 10 2019 2:08:34.7140 PM,.0303
Auth_Check,Auth_Check,[P203] aid tx bd c 2 24 71 4 10 23,sendCommandChars,PASS,,,,,,,,,Sep 10 2019 2:08:34.7160 PM,Sep 10 2019 2:08:34.7510 PM,.0353
Auth_Check,Auth_Check,P203,read-41,PASS,,,,,,,,,Sep 10 2019 2:08:34.7540 PM,Sep 10 2019 2:08:34.7540 PM,.0002
Auth_Check,Auth_Check,P203,read-42,PASS,,,,,,,,,Sep 10 2019 2:08:34.7560 PM,Sep 10 2019 2:08:34.7850 PM,.0293
Auth_Check,Auth_Check,P203,read-43,PASS,,,,,,,,,Sep 10 2019 2:08:34.7870 PM,Sep 10 2019 2:08:34.8150 PM,.0277
Auth_Check,Auth_Check,[P203] aid tx bd d 2 24 71 4 10 23,sendCommandChars,PASS,,,,,,,,,Sep 10 2019 2:08:34.8160 PM,Sep 10 2019 2:08:34.8510 PM,.0349
Auth_Check,Auth_Check,P203,read-44,PASS,,,,,,,,,Sep 10 2019 2:08:34.8540 PM,Sep 10 2019 2:08:34.8540 PM,.0002
Auth_Check,Auth_Check,P203,read-45,PASS,,,,,,,,,Sep 10 2019 2:08:34.8550 PM,Sep 10 2019 2:08:34.8850 PM,.0298
Auth_Check,Auth_Check,P203,read-46,PASS,,,,,,,,,Sep 10 2019 2:08:34.8870 PM,Sep 10 2019 2:08:34.9150 PM,.0283
Auth_Check,Auth_Check,[P203] aid tx bd e 2 24 71 4 10 23,sendCommandChars,PASS,,,,,,,,,Sep 10 2019 2:08:34.9180 PM,Sep 10 2019 2:08:34.9550 PM,.0373
Auth_Check,Auth_Check,P203,read-47,PASS,,,,,,,,,Sep 10 2019 2:08:34.9580 PM,Sep 10 2019 2:08:34.9580 PM,.0002
Auth_Check,Auth_Check,P203,read-48,PASS,,,,,,,,,Sep 10 2019 2:08:34.9590 PM,Sep 10 2019 2:08:34.9860 PM,.0264
Auth_Check,Auth_Check,P203,read-49,PASS,,,,,,,,,Sep 10 2019 2:08:34.9880 PM,Sep 10 2019 2:08:35.0160 PM,.028
Auth_Check,Auth_Check,[P203] aid tx bd f 2 24 71 4 10 17,sendCommandChars,PASS,,,,,,,,,Sep 10 2019 2:08:35.0170 PM,Sep 10 2019 2:08:35.0530 PM,.0353
Auth_Check,Auth_Check,P203,read-50,PASS,,,,,,,,,Sep 10 2019 2:08:35.0560 PM,Sep 10 2019 2:08:35.0560 PM,.0001
Auth_Check,Auth_Check,P203,read-51,PASS,,,,,,,,,Sep 10 2019 2:08:35.0570 PM,Sep 10 2019 2:08:35.0860 PM,.0289
Auth_Check,Auth_Check,[P203] aid tx bd 10 3 24 71 4 10 0 33,sendCommandChars,PASS,,,,,,,,,Sep 10 2019 2:08:35.0880 PM,Sep 10 2019 2:08:35.1230 PM,.0352
Auth_Check,Auth_Check,P203,read-52,PASS,,,,,,,,,Sep 10 2019 2:08:35.1250 PM,Sep 10 2019 2:08:35.1260 PM,.0001
Auth_Check,Auth_Check,P203,read-53,PASS,,,,,,,,,Sep 10 2019 2:08:35.1270 PM,Sep 10 2019 2:08:35.1560 PM,.0296
Auth_Check,Auth_Check,P203,read-54,PASS,,,,,,,,,Sep 10 2019 2:08:35.1590 PM,Sep 10 2019 2:08:35.1870 PM,.028
Auth_Check,Auth_Check,[P203] aid tx bd 11 2 24 71 4 10 23,sendCommandChars,PASS,,,,,,,,,Sep 10 2019 2:08:35.1880 PM,Sep 10 2019 2:08:35.2240 PM,.0357
Auth_Check,Auth_Check,P203,read-55,PASS,,,,,,,,,Sep 10 2019 2:08:35.2260 PM,Sep 10 2019 2:08:35.2260 PM,.0002
Auth_Check,Auth_Check,P203,read-56,PASS,,,,,,,,,Sep 10 2019 2:08:35.2280 PM,Sep 10 2019 2:08:35.2540 PM,.0265
Auth_Check,Auth_Check,P203,read-57,PASS,,,,,,,,,Sep 10 2019 2:08:35.2560 PM,Sep 10 2019 2:08:35.2770 PM,.0207
Auth_Check,Auth_Check,[P203] aid tx bd 12 2 24 71 4 10 23,sendCommandChars,PASS,,,,,,,,,Sep 10 2019 2:08:35.2780 PM,Sep 10 2019 2:08:35.3150 PM,.0363
Auth_Check,Auth_Check,P203,read-58,PASS,,,,,,,,,Sep 10 2019 2:08:35.3170 PM,Sep 10 2019 2:08:35.3180 PM,.0001
Auth_Check,Auth_Check,P203,read-59,PASS,,,,,,,,,Sep 10 2019 2:08:35.3190 PM,Sep 10 2019 2:08:35.3470 PM,.0284
Auth_Check,Auth_Check,P203,read-60,PASS,,,,,,,,,Sep 10 2019 2:08:35.3490 PM,Sep 10 2019 2:08:35.3780 PM,.0283
Auth_Check,Auth_Check,[P203] aid tx bd 13 2 24 71 4 10 23,sendCommandChars,PASS,,,,,,,,,Sep 10 2019 2:08:35.3790 PM,Sep 10 2019 2:08:35.4150 PM,.0363
Auth_Check,Auth_Check,P203,read-61,PASS,,,,,,,,,Sep 10 2019 2:08:35.4180 PM,Sep 10 2019 2:08:35.4180 PM,.0001
Auth_Check,Auth_Check,P203,read-62,PASS,,,,,,,,,Sep 10 2019 2:08:35.4190 PM,Sep 10 2019 2:08:35.4480 PM,.0283
Auth_Check,Auth_Check,P203,read-63,PASS,,,,,,,,,Sep 10 2019 2:08:35.4500 PM,Sep 10 2019 2:08:35.4780 PM,.0285
Auth_Check,Auth_Check,[P203] aid tx bd 14 2 24 71 4 10 17,sendCommandChars,PASS,,,,,,,,,Sep 10 2019 2:08:35.4800 PM,Sep 10 2019 2:08:35.5140 PM,.0348
Auth_Check,Auth_Check,P203,read-64,PASS,,,,,,,,,Sep 10 2019 2:08:35.5170 PM,Sep 10 2019 2:08:35.5180 PM,.0001
Auth_Check,Auth_Check,P203,read-65,PASS,,,,,,,,,Sep 10 2019 2:08:35.5190 PM,Sep 10 2019 2:08:35.5480 PM,.0296
Auth_Check,Auth_Check,[P203] aid tx bd 15 3 24 71 4 10 0 34,sendCommandChars,PASS,,,,,,,,,Sep 10 2019 2:08:35.5500 PM,Sep 10 2019 2:08:35.5850 PM,.0356
Auth_Check,Auth_Check,P203,read-66,PASS,,,,,,,,,Sep 10 2019 2:08:35.5880 PM,Sep 10 2019 2:08:35.5880 PM,.0002
Auth_Check,Auth_Check,P203,read-67,PASS,,,,,,,,,Sep 10 2019 2:08:35.5890 PM,Sep 10 2019 2:08:35.6180 PM,.0293
Auth_Check,Auth_Check,P203,read-68,PASS,,,,,,,,,Sep 10 2019 2:08:35.6200 PM,Sep 10 2019 2:08:35.6490 PM,.0283
Auth_Check,Auth_Check,[P203] aid tx bd 16 2 24 71 4 10 23,sendCommandChars,PASS,,,,,,,,,Sep 10 2019 2:08:35.6500 PM,Sep 10 2019 2:08:35.6850 PM,.0349
Auth_Check,Auth_Check,P203,read-69,PASS,,,,,,,,,Sep 10 2019 2:08:35.6880 PM,Sep 10 2019 2:08:35.6880 PM,.0002
Auth_Check,Auth_Check,P203,read-70,PASS,,,,,,,,,Sep 10 2019 2:08:35.6890 PM,Sep 10 2019 2:08:35.7190 PM,.0299
Auth_Check,Auth_Check,P203,read-71,PASS,,,,,,,,,Sep 10 2019 2:08:35.7210 PM,Sep 10 2019 2:08:35.7480 PM,.0274
Auth_Check,Auth_Check,[P203] aid tx bd 17 2 24 71 4 10 23,sendCommandChars,PASS,,,,,,,,,Sep 10 2019 2:08:35.7500 PM,Sep 10 2019 2:08:35.7860 PM,.0361
Auth_Check,Auth_Check,P203,read-72,PASS,,,,,,,,,Sep 10 2019 2:08:35.7890 PM,Sep 10 2019 2:08:35.7890 PM,.0002
Auth_Check,Auth_Check,P203,read-73,PASS,,,,,,,,,Sep 10 2019 2:08:35.7900 PM,Sep 10 2019 2:08:35.8200 PM,.0295
Auth_Check,Auth_Check,P203,read-74,PASS,,,,,,,,,Sep 10 2019 2:08:35.8220 PM,Sep 10 2019 2:08:35.8500 PM,.0282
Auth_Check,Auth_Check,[P203] aid tx bd 18 2 24 71 4 10 23,sendCommandChars,PASS,,,,,,,,,Sep 10 2019 2:08:35.8510 PM,Sep 10 2019 2:08:35.8880 PM,.0365
Auth_Check,Auth_Check,P203,read-75,PASS,,,,,,,,,Sep 10 2019 2:08:35.8900 PM,Sep 10 2019 2:08:35.8910 PM,.0001
Auth_Check,Auth_Check,P203,read-76,PASS,,,,,,,,,Sep 10 2019 2:08:35.8920 PM,Sep 10 2019 2:08:35.9200 PM,.0281
Auth_Check,Auth_Check,P203,read-77,PASS,,,,,,,,,Sep 10 2019 2:08:35.9220 PM,Sep 10 2019 2:08:35.9500 PM,.0282
Auth_Check,Auth_Check,[P203] aid tx bd 19 2 24 71 4 10 17,sendCommandChars,PASS,,,,,,,,,Sep 10 2019 2:08:35.9520 PM,Sep 10 2019 2:08:35.9880 PM,.0364
Auth_Check,Auth_Check,P203,read-78,PASS,,,,,,,,,Sep 10 2019 2:08:35.9910 PM,Sep 10 2019 2:08:35.9910 PM,.0002
Auth_Check,Auth_Check,P203,read-79,PASS,,,,,,,,,Sep 10 2019 2:08:35.9930 PM,Sep 10 2019 2:08:36.0200 PM,.0279
Auth_Check,Auth_Check,[P203] aid tx bd 1a 3 24 71 4 10 0 35,sendCommandChars,PASS,,,,,,,,,Sep 10 2019 2:08:36.0220 PM,Sep 10 2019 2:08:36.0580 PM,.0359
Auth_Check,Auth_Check,P203,read-80,PASS,,,,,,,,,Sep 10 2019 2:08:36.0610 PM,Sep 10 2019 2:08:36.0610 PM,.0002
Auth_Check,Auth_Check,P203,read-81,PASS,,,,,,,,,Sep 10 2019 2:08:36.0620 PM,Sep 10 2019 2:08:36.0910 PM,.0287
Auth_Check,Auth_Check,P203,read-82,PASS,,,,,,,,,Sep 10 2019 2:08:36.0930 PM,Sep 10 2019 2:08:36.1210 PM,.0281
Auth_Check,Auth_Check,[P203] aid tx bd 1b 2 24 71 4 10 23,sendCommandChars,PASS,,,,,,,,,Sep 10 2019 2:08:36.1220 PM,Sep 10 2019 2:08:36.1590 PM,.0363
Auth_Check,Auth_Check,P203,read-83,PASS,,,,,,,,,Sep 10 2019 2:08:36.1610 PM,Sep 10 2019 2:08:36.1610 PM,.0001
Auth_Check,Auth_Check,P203,read-84,PASS,,,,,,,,,Sep 10 2019 2:08:36.1630 PM,Sep 10 2019 2:08:36.1900 PM,.0278
Auth_Check,Auth_Check,P203,read-85,PASS,,,,,,,,,Sep 10 2019 2:08:36.1920 PM,Sep 10 2019 2:08:36.2210 PM,.0291
Auth_Check,Auth_Check,[P203] aid tx bd 1c 2 24 71 4 10 23,sendCommandChars,PASS,,,,,,,,,Sep 10 2019 2:08:36.2230 PM,Sep 10 2019 2:08:36.2590 PM,.0356
Auth_Check,Auth_Check,P203,read-86,PASS,,,,,,,,,Sep 10 2019 2:08:36.2610 PM,Sep 10 2019 2:08:36.2610 PM,.0001
Auth_Check,Auth_Check,P203,read-87,PASS,,,,,,,,,Sep 10 2019 2:08:36.2630 PM,Sep 10 2019 2:08:36.2920 PM,.0292
Auth_Check,Auth_Check,P203,read-88,PASS,,,,,,,,,Sep 10 2019 2:08:36.2940 PM,Sep 10 2019 2:08:36.3220 PM,.0283
Auth_Check,Auth_Check,[P203] aid tx bd 1d 2 24 71 4 10 1a,sendCommandChars,PASS,,,,,,,,,Sep 10 2019 2:08:36.3230 PM,Sep 10 2019 2:08:36.3580 PM,.035
Auth_Check,Auth_Check,3. Fetch cert,,PASS,,,,,,,,,Sep 10 2019 2:08:36.3600 PM,Sep 10 2019 2:08:36.3600 PM,0
Auth_Check,Auth_Check,IOFileHandle,writeCertFile,PASS,,,,,,,,,Sep 10 2019 2:08:36.3630 PM,Sep 10 2019 2:08:36.3700 PM,.0068
Auth_Check,Auth_Check,4. Save cert,,PASS,,,,,,,,,Sep 10 2019 2:08:36.3710 PM,Sep 10 2019 2:08:36.3710 PM,0
Auth_Check,Auth_Check,[Hid] /usr/local/bin/mfi-cert validate-cert v3 /Users/gdlocal/Intelli_Log/cert.der,,PASS,,,,,,,,,Sep 10 2019 2:08:36.4200 PM,Sep 10 2019 2:08:36.4200 PM,0
Auth_Check,Auth_Check,IOFileHandle,writeToFile,PASS,,,,,,,,,Sep 10 2019 2:08:36.4220 PM,Sep 10 2019 2:08:36.4220 PM,.0001
Auth_Check,Auth_Check,5. Validate cert,,PASS,,,,,,,,,Sep 10 2019 2:08:36.4230 PM,Sep 10 2019 2:08:36.4230 PM,0
Auth_Check,Auth_Check,[Hid] /usr/local/bin/mfi-cert gen-challenge /Users/gdlocal/Intelli_Log/cert.der /Users/gdlocal/Intelli_Log/challenge.bin,,PASS,,,,,,,,,Sep 10 2019 2:08:36.4600 PM,Sep 10 2019 2:08:36.4600 PM,0
Auth_Check,Auth_Check,IOFileHandle,writeToFile-2,PASS,,,,,,,,,Sep 10 2019 2:08:36.4610 PM,Sep 10 2019 2:08:36.4610 PM,.0001
Auth_Check,Auth_Check,6. Generate challenge,,PASS,,,,,,,,,Sep 10 2019 2:08:36.4620 PM,Sep 10 2019 2:08:36.4620 PM,0
Auth_Check,Auth_Check,P203,read-89,PASS,,,,,,,,,Sep 10 2019 2:08:36.4960 PM,Sep 10 2019 2:08:36.4960 PM,.0001
Auth_Check,Auth_Check,P203,read-90,PASS,,,,,,,,,Sep 10 2019 2:08:36.4970 PM,Sep 10 2019 2:08:36.5220 PM,.0251
Auth_Check,Auth_Check,[P203] aid tx bd 1e 5 24 71 4 10 0 20 00 20,sendCommandChars,PASS,,,,,,,,,Sep 10 2019 2:08:36.5240 PM,Sep 10 2019 2:08:36.5480 PM,.0243
Auth_Check,Auth_Check,P203,read-91,PASS,,,,,,,,,Sep 10 2019 2:08:36.5520 PM,Sep 10 2019 2:08:36.5640 PM,.0116
Auth_Check,Auth_Check,P203,read-92,PASS,,,,,,,,,Sep 10 2019 2:08:36.5650 PM,Sep 10 2019 2:08:36.5930 PM,.0273
Auth_Check,Auth_Check,[P203] aid tx bd 1f 23 24 71 4 10 0 21 fd 1c 0b 6f 6c 07 3c f9 91 65 c8 aa 51 3b 62 e7 82 8d 22 14 30 77 88 04 25 e9 86 cf dc b2 62 62,sendCommandChars,PASS,,,,,,,,,Sep 10 2019 2:08:36.5940 PM,Sep 10 2019 2:08:36.6650 PM,.0708
Auth_Check,Auth_Check,P203,read-93,PASS,,,,,,,,,Sep 10 2019 2:08:36.6680 PM,Sep 10 2019 2:08:36.6680 PM,.0001
Auth_Check,Auth_Check,P203,read-94,PASS,,,,,,,,,Sep 10 2019 2:08:36.6690 PM,Sep 10 2019 2:08:36.6930 PM,.0236
Auth_Check,Auth_Check,[P203] aid tx bd 20 4 24 71 4 10 0 10 01,sendCommandChars,PASS,,,,,,,,,Sep 10 2019 2:08:36.6940 PM,Sep 10 2019 2:08:36.7310 PM,.0365
Auth_Check,Auth_Check,P203,read-95,PASS,,,,,,,,,Sep 10 2019 2:08:37.3080 PM,Sep 10 2019 2:08:37.3080 PM,.0002
Auth_Check,Auth_Check,P203,read-96,PASS,,,,,,,,,Sep 10 2019 2:08:37.3090 PM,Sep 10 2019 2:08:37.3370 PM,.0274
Auth_Check,Auth_Check,[P203] aid tx bd 21 3 24 71 4 10 0 10,sendCommandChars,PASS,,,,,,,,,Sep 10 2019 2:08:37.3380 PM,Sep 10 2019 2:08:37.4050 PM,.0669
Auth_Check,Auth_Check,P203,read-97,PASS,,,,,,,,,Sep 10 2019 2:08:37.4070 PM,Sep 10 2019 2:08:37.4080 PM,.0001
Auth_Check,Auth_Check,P203,read-98,PASS,,,,,,,,,Sep 10 2019 2:08:37.4090 PM,Sep 10 2019 2:08:37.4370 PM,.0283
Auth_Check,Auth_Check,P203,read-99,PASS,,,,,,,,,Sep 10 2019 2:08:37.4390 PM,Sep 10 2019 2:08:37.4680 PM,.0284
Auth_Check,Auth_Check,[P203] aid tx bd 22 2 24 71 4 10 1,sendCommandChars,PASS,,,,,,,,,Sep 10 2019 2:08:37.4690 PM,Sep 10 2019 2:08:37.5040 PM,.0348
Auth_Check,Auth_Check,7. Send challenge,,PASS,,,,,,,,,Sep 10 2019 2:08:37.5060 PM,Sep 10 2019 2:08:37.5060 PM,0
Auth_Check,Auth_Check,P203,read-100,PASS,,,,,,,,,Sep 10 2019 2:08:37.5070 PM,Sep 10 2019 2:08:37.5080 PM,.0001
Auth_Check,Auth_Check,P203,read-101,PASS,,,,,,,,,Sep 10 2019 2:08:37.5090 PM,Sep 10 2019 2:08:37.5380 PM,.0287
Auth_Check,Auth_Check,[P203] aid tx bd 23 3 24 71 4 10 0 11,sendCommandChars,PASS,,,,,,,,,Sep 10 2019 2:08:37.5390 PM,Sep 10 2019 2:08:37.5750 PM,.0358
Auth_Check,Auth_Check,P203,read-102,PASS,,,,,,,,,Sep 10 2019 2:08:37.5770 PM,Sep 10 2019 2:08:37.5780 PM,.0002
Auth_Check,Auth_Check,P203,read-103,PASS,,,,,,,,,Sep 10 2019 2:08:37.5790 PM,Sep 10 2019 2:08:37.6080 PM,.0291
Auth_Check,Auth_Check,P203,read-104,PASS,,,,,,,,,Sep 10 2019 2:08:37.6100 PM,Sep 10 2019 2:08:37.6380 PM,.0283
Auth_Check,Auth_Check,[P203] aid tx bd 24 2 24 71 4 10 2,sendCommandChars,PASS,,,,,,,,,Sep 10 2019 2:08:37.6400 PM,Sep 10 2019 2:08:37.6740 PM,.0342
Auth_Check,Auth_Check,P203,read-105,PASS,,,,,,,,,Sep 10 2019 2:08:37.6770 PM,Sep 10 2019 2:08:37.6770 PM,.0002
Auth_Check,Auth_Check,P203,read-106,PASS,,,,,,,,,Sep 10 2019 2:08:37.6790 PM,Sep 10 2019 2:08:37.7080 PM,.0298
Auth_Check,Auth_Check,[P203] aid tx bd 25 3 24 71 4 10 0 12,sendCommandChars,PASS,,,,,,,,,Sep 10 2019 2:08:37.7100 PM,Sep 10 2019 2:08:37.7460 PM,.0359
Auth_Check,Auth_Check,P203,read-107,PASS,,,,,,,,,Sep 10 2019 2:08:37.7480 PM,Sep 10 2019 2:08:37.7480 PM,.0002
Auth_Check,Auth_Check,P203,read-108,PASS,,,,,,,,,Sep 10 2019 2:08:37.7500 PM,Sep 10 2019 2:08:37.7790 PM,.0291
Auth_Check,Auth_Check,P203,read-109,PASS,,,,,,,,,Sep 10 2019 2:08:37.7810 PM,Sep 10 2019 2:08:37.8090 PM,.0279
Auth_Check,Auth_Check,[P203] aid tx bd 26 2 24 71 4 10 23,sendCommandChars,PASS,,,,,,,,,Sep 10 2019 2:08:37.8100 PM,Sep 10 2019 2:08:37.8460 PM,.0356
Auth_Check,Auth_Check,P203,read-110,PASS,,,,,,,,,Sep 10 2019 2:08:37.8480 PM,Sep 10 2019 2:08:37.8480 PM,.0002
Auth_Check,Auth_Check,P203,read-111,PASS,,,,,,,,,Sep 10 2019 2:08:37.8500 PM,Sep 10 2019 2:08:37.8790 PM,.0292
Auth_Check,Auth_Check,P203,read-112,PASS,,,,,,,,,Sep 10 2019 2:08:37.8810 PM,Sep 10 2019 2:08:37.9090 PM,.0282
Auth_Check,Auth_Check,[P203] aid tx bd 27 2 24 71 4 10 1d,sendCommandChars,PASS,,,,,,,,,Sep 10 2019 2:08:37.9110 PM,Sep 10 2019 2:08:37.9460 PM,.0357
Auth_Check,Auth_Check,IOFileHandle,writeCertFile-2,PASS,,,,,,,,,Sep 10 2019 2:08:37.9490 PM,Sep 10 2019 2:08:37.9500 PM,.0008
Auth_Check,Auth_Check,8. Get challenge response,,PASS,,,,,,,,,Sep 10 2019 2:08:37.9510 PM,Sep 10 2019 2:08:37.9510 PM,0
Auth_Check,Auth_Check,[Hid] /usr/local/bin/mfi-cert verify-response /Users/gdlocal/Intelli_Log/cert.der /Users/gdlocal/Intelli_Log/challenge.bin /Users/gdlocal/Intelli_Log/challenge_resp.bin,,PASS,,,,,,,,,Sep 10 2019 2:08:38.0160 PM,Sep 10 2019 2:08:38.0160 PM,0
Auth_Check,Auth_Check,IOFileHandle,writeToFile-3,PASS,,,,,,,,,Sep 10 2019 2:08:38.0180 PM,Sep 10 2019 2:08:38.0180 PM,.0001
Auth_Check,Auth_Check,9. Verify challenge response,,PASS,,,,,,,,,Sep 10 2019 2:08:38.0190 PM,Sep 10 2019 2:08:38.0190 PM,0
Query_MLB_SN,,,,,,,,,,,,,Sep 10 2019 2:08:38.0300 PM,Sep 10 2019 2:08:38.0300 PM,.0005
Query_MLB_SN,Query_MLB_SN,Query MLB SN,DLX9362000MN4732X,PASS,,,,,,,,,Sep 10 2019 2:08:38.0300 PM,Sep 10 2019 2:08:38.0300 PM,0
Read_MLB_SN,,,,,,,,,,,,,Sep 10 2019 2:08:38.0320 PM,Sep 10 2019 2:08:39.0760 PM,1.044
Read_MLB_SN,Read_MLB_SN,[Hid] /usr/local/bin/hidreport -v 0x05ac -p 0x026F -i 0 get 0x12,,PASS,,,,,,,,,Sep 10 2019 2:08:38.7010 PM,Sep 10 2019 2:08:38.7010 PM,0
Read_MLB_SN,Read_MLB_SN,IOFileHandle,writeToFile,PASS,,,,,,,,,Sep 10 2019 2:08:38.7030 PM,Sep 10 2019 2:08:38.7030 PM,.0001
Read_MLB_SN,Read_MLB_SN,Read_MLB_SN,DLX9362000MN4732X,PASS,,,,,,,,,Sep 10 2019 2:08:39.0760 PM,Sep 10 2019 2:08:39.0760 PM,0
Check_MLB_SN,,,,,,,,,,,,,Sep 10 2019 2:08:39.0780 PM,Sep 10 2019 2:08:39.0800 PM,.002
Check_MLB_SN,Check_MLB_SN,Check_MLB_SN,,PASS,,,,,,,,,Sep 10 2019 2:08:39.0790 PM,Sep 10 2019 2:08:39.0790 PM,0
Check_MLB_SN,Check_MLB_SN,StationReportPlugin,appendReportData,PASS,,,,,,,,,Sep 10 2019 2:08:39.0800 PM,Sep 10 2019 2:08:39.0800 PM,0
Read_STFW_Version_Before_DL,,,,,,,,,,,,,Sep 10 2019 2:08:39.0830 PM,Sep 10 2019 2:08:39.5580 PM,.4757
Read_STFW_Version_Before_DL,Read_STFW_Version_Before_DL,[Hid] /usr/local/bin/hidreport -p 0x026F -i 0 get 0xB4,,PASS,,,,,,,,,Sep 10 2019 2:08:39.1860 PM,Sep 10 2019 2:08:39.1860 PM,0
Read_STFW_Version_Before_DL,Read_STFW_Version_Before_DL,IOFileHandle,writeToFile,PASS,,,,,,,,,Sep 10 2019 2:08:39.1880 PM,Sep 10 2019 2:08:39.1880 PM,.0001
Read_STFW_Version_Before_DL,Read_STFW_Version_Before_DL,Read_STFW_Version_Before_DL,0x0160,PASS,,,,,,,,,Sep 10 2019 2:08:39.5580 PM,Sep 10 2019 2:08:39.5580 PM,0
Read_STFW_Version_Before_DL,Read_STFW_Version_Before_DL,,,PASS,,352,NA,,,,,NA,Sep 10 2019 2:08:39.5580 PM,Sep 10 2019 2:08:39.5580 PM,0
Read_MTFW_Version_Before_DL,,,,,,,,,,,,,Sep 10 2019 2:08:39.5610 PM,Sep 10 2019 2:08:40.0410 PM,.4799
Read_MTFW_Version_Before_DL,Read_MTFW_Version_Before_DL,[Hid] /usr/local/bin/hidreport -p 0x026F -i 0 get 0xbb,,PASS,,,,,,,,,Sep 10 2019 2:08:39.6680 PM,Sep 10 2019 2:08:39.6680 PM,0
Read_MTFW_Version_Before_DL,Read_MTFW_Version_Before_DL,IOFileHandle,writeToFile,PASS,,,,,,,,,Sep 10 2019 2:08:39.6700 PM,Sep 10 2019 2:08:39.6700 PM,.0001
Read_MTFW_Version_Before_DL,Read_MTFW_Version_Before_DL,Read_MTFW_Version_Before_DL,0x0505,PASS,,,,,,,,,Sep 10 2019 2:08:40.0400 PM,Sep 10 2019 2:08:40.0400 PM,0
Read_MTFW_Version_Before_DL,Read_MTFW_Version_Before_DL,,,PASS,,1285,NA,,,,,NA,Sep 10 2019 2:08:40.0410 PM,Sep 10 2019 2:08:40.0410 PM,0
Read_CCG3_FW_Version_Before_DL,,,,,,,,,,,,,Sep 10 2019 2:08:40.0430 PM,Sep 10 2019 2:08:41.0160 PM,.9726
Read_CCG3_FW_Version_Before_DL,Read_CCG3_FW_Version_Before_DL,"[Hid] /usr/local/bin/hidreport -v 0x05ac -p 0x026F -usage 0xff00,0xb set 0xCE 0xCE 6 6 0",,PASS,,,,,,,,,Sep 10 2019 2:08:40.1380 PM,Sep 10 2019 2:08:40.1380 PM,0
Read_CCG3_FW_Version_Before_DL,Read_CCG3_FW_Version_Before_DL,IOFileHandle,writeToFile,PASS,,,,,,,,,Sep 10 2019 2:08:40.1390 PM,Sep 10 2019 2:08:40.1390 PM,.0001
Read_CCG3_FW_Version_Before_DL,Read_CCG3_FW_Version_Before_DL,"[Hid] /usr/local/bin/hidreport -p 0x026F -usage 0xff00,0xb get 0xA0",,PASS,,,,,,,,,Sep 10 2019 2:08:40.6390 PM,Sep 10 2019 2:08:40.6390 PM,0
Read_CCG3_FW_Version_Before_DL,Read_CCG3_FW_Version_Before_DL,IOFileHandle,writeToFile-2,PASS,,,,,,,,,Sep 10 2019 2:08:40.6400 PM,Sep 10 2019 2:08:40.6400 PM,.0001
Read_CCG3_FW_Version_Before_DL,Read_CCG3_FW_Version_Before_DL,Read_CCG3_FW_Version_Before_DL,A0 02 00 0A 00 0A 00 0A,PASS,,,,,,,,,Sep 10 2019 2:08:41.0160 PM,Sep 10 2019 2:08:41.0160 PM,0
Program_Main_FW,,,,,,,,,,,,,Sep 10 2019 2:08:41.0180 PM,Sep 10 2019 2:09:23.0830 PM,42.0649
Program_Main_FW,Program_Main_FW,[Hid] /usr/local/bin/hidreport -p 0x026F -i 0 get 0xBC,,PASS,,,,,,,,,Sep 10 2019 2:08:41.1210 PM,Sep 10 2019 2:08:41.1210 PM,0
Program_Main_FW,Program_Main_FW,IOFileHandle,writeToFile,PASS,,,,,,,,,Sep 10 2019 2:08:41.1230 PM,Sep 10 2019 2:08:41.1230 PM,.0001
Program_Main_FW,Program_Main_FW,[P203] ,sendCommand,PASS,,,,,,,,,Sep 10 2019 2:08:41.4990 PM,Sep 10 2019 2:08:41.5000 PM,.0008
Program_Main_FW,Program_Main_FW,[P203] flags ~ro,sendCommandChars,PASS,,,,,,,,,Sep 10 2019 2:08:41.5020 PM,Sep 10 2019 2:08:41.5100 PM,.0085
Program_Main_FW,Program_Main_FW,P203,read,PASS,,,,,,,,,Sep 10 2019 2:08:41.5110 PM,Sep 10 2019 2:08:41.5120 PM,.0001
Program_Main_FW,Program_Main_FW,P203,read-2,PASS,,,,,,,,,Sep 10 2019 2:08:41.5130 PM,Sep 10 2019 2:08:41.5130 PM,.0001
Program_Main_FW,Program_Main_FW,P203,read-3,PASS,,,,,,,,,Sep 10 2019 2:08:41.5140 PM,Sep 10 2019 2:08:41.5140 PM,.0001
Program_Main_FW,Program_Main_FW,P203,read-4,PASS,,,,,,,,,Sep 10 2019 2:08:41.5150 PM,Sep 10 2019 2:08:41.5380 PM,.023
Program_Main_FW,Program_Main_FW,[P203] aid hsena 1,sendCommandChars,PASS,,,,,,,,,Sep 10 2019 2:08:41.5400 PM,Sep 10 2019 2:08:41.5840 PM,.0443
Program_Main_FW,Program_Main_FW,P203,read-5,PASS,,,,,,,,,Sep 10 2019 2:08:41.5860 PM,Sep 10 2019 2:08:41.5860 PM,.0001
Program_Main_FW,Program_Main_FW,P203,read-6,PASS,,,,,,,,,Sep 10 2019 2:08:41.5870 PM,Sep 10 2019 2:08:41.6090 PM,.0216
Program_Main_FW,Program_Main_FW,HSAID enabled,,PASS,,,,,,,,,Sep 10 2019 2:08:41.6100 PM,Sep 10 2019 2:08:41.6100 PM,0
Program_Main_FW,Program_Main_FW,[Hid] /usr/local/bin/shfuc -n -v 0x05ac -p 0x026F -f /usr/local/bin/R128-v0x0160-dev-signed.128.P2.afu,,PASS,,,,,,,,,Sep 10 2019 2:09:13.4510 PM,Sep 10 2019 2:09:13.4510 PM,0
Program_Main_FW,Program_Main_FW,IOFileHandle,writeToFile-2,PASS,,,,,,,,,Sep 10 2019 2:09:13.4530 PM,Sep 10 2019 2:09:13.4530 PM,.0002
Program_Main_FW,Program_Main_FW,Program_Main_FW,,PASS,,,,,,,,,Sep 10 2019 2:09:13.8220 PM,Sep 10 2019 2:09:13.8220 PM,0
Program_Main_FW,Program_Main_FW,StationReportPlugin,appendReportData,PASS,,,,,,,,,Sep 10 2019 2:09:13.8230 PM,Sep 10 2019 2:09:13.8230 PM,0
Program_Main_FW,Program_Main_FW,[Fixture] power off,sendCommand,PASS,,,,,,,,,Sep 10 2019 2:09:16.9000 PM,Sep 10 2019 2:09:16.9040 PM,.0044
Program_Main_FW,Program_Main_FW,[Fixture] power on,sendCommand,PASS,,,,,,,,,Sep 10 2019 2:09:17.9760 PM,Sep 10 2019 2:09:17.9900 PM,.0143
Program_Main_FW,Program_Main_FW,[P203] ,sendCommand-2,PASS,,,,,,,,,Sep 10 2019 2:09:23.0640 PM,Sep 10 2019 2:09:23.0820 PM,.018
Program_MTFW,,,,,,,,,,,,,Sep 10 2019 2:09:23.0870 PM,Sep 10 2019 2:09:48.5260 PM,25.4393
Program_MTFW,Program_MTFW,[Hid] /usr/local/bin/hidreport -p 0x026F -i 0 get 0xBC,,PASS,,,,,,,,,Sep 10 2019 2:09:23.1340 PM,Sep 10 2019 2:09:23.1340 PM,0
Program_MTFW,Program_MTFW,IOFileHandle,writeToFile,PASS,,,,,,,,,Sep 10 2019 2:09:23.1360 PM,Sep 10 2019 2:09:23.1360 PM,.0002
Program_MTFW,Program_MTFW,[P203] ,sendCommand,PASS,,,,,,,,,Sep 10 2019 2:09:23.5070 PM,Sep 10 2019 2:09:23.5080 PM,.0007
Program_MTFW,Program_MTFW,[P203] flags ~ro,sendCommandChars,PASS,,,,,,,,,Sep 10 2019 2:09:23.5090 PM,Sep 10 2019 2:09:23.5140 PM,.0045
Program_MTFW,Program_MTFW,P203,read,PASS,,,,,,,,,Sep 10 2019 2:09:23.5150 PM,Sep 10 2019 2:09:23.5150 PM,.0002
Program_MTFW,Program_MTFW,P203,read-2,PASS,,,,,,,,,Sep 10 2019 2:09:23.5170 PM,Sep 10 2019 2:09:23.5170 PM,.0001
Program_MTFW,Program_MTFW,P203,read-3,PASS,,,,,,,,,Sep 10 2019 2:09:23.5180 PM,Sep 10 2019 2:09:23.5180 PM,.0001
Program_MTFW,Program_MTFW,P203,read-4,PASS,,,,,,,,,Sep 10 2019 2:09:23.5190 PM,Sep 10 2019 2:09:23.5410 PM,.0215
Program_MTFW,Program_MTFW,[P203] aid hsena 1,sendCommandChars,PASS,,,,,,,,,Sep 10 2019 2:09:23.5420 PM,Sep 10 2019 2:09:23.5780 PM,.0357
Program_MTFW,Program_MTFW,P203,read-5,PASS,,,,,,,,,Sep 10 2019 2:09:23.5790 PM,Sep 10 2019 2:09:23.5790 PM,.0001
Program_MTFW,Program_MTFW,P203,read-6,PASS,,,,,,,,,Sep 10 2019 2:09:23.5810 PM,Sep 10 2019 2:09:23.6060 PM,.0257
Program_MTFW,Program_MTFW,HSAID enabled,,PASS,,,,,,,,,Sep 10 2019 2:09:23.6070 PM,Sep 10 2019 2:09:23.6070 PM,0
Program_MTFW,Program_MTFW,[Hid] /usr/local/bin/shfuc -n -v 0x05ac -p 0x026F -f /usr/local/bin/R128-MTFW-0x0505.HW3.dev-sig.afu,,PASS,,,,,,,,,Sep 10 2019 2:09:31.9020 PM,Sep 10 2019 2:09:31.9020 PM,0
Program_MTFW,Program_MTFW,IOFileHandle,writeToFile-2,PASS,,,,,,,,,Sep 10 2019 2:09:31.9030 PM,Sep 10 2019 2:09:31.9030 PM,.0001
Program_MTFW,Program_MTFW,Program_MTFW,,PASS,,,,,,,,,Sep 10 2019 2:09:32.2770 PM,Sep 10 2019 2:09:32.2770 PM,0
Program_MTFW,Program_MTFW,StationReportPlugin,appendReportData,PASS,,,,,,,,,Sep 10 2019 2:09:32.2780 PM,Sep 10 2019 2:09:32.2780 PM,0
Program_MTFW,Program_MTFW,[Fixture] power off,sendCommand,PASS,,,,,,,,,Sep 10 2019 2:09:42.3460 PM,Sep 10 2019 2:09:42.3540 PM,.0081
Program_MTFW,Program_MTFW,[Fixture] power on,sendCommand,PASS,,,,,,,,,Sep 10 2019 2:09:43.4220 PM,Sep 10 2019 2:09:43.4390 PM,.0174
Program_MTFW,Program_MTFW,[P203] ,sendCommand-2,PASS,,,,,,,,,Sep 10 2019 2:09:48.5100 PM,Sep 10 2019 2:09:48.5250 PM,.0153
Read_Main_FW_Version_After_DL,,,,,,,,,,,,,Sep 10 2019 2:09:48.5290 PM,Sep 10 2019 2:09:48.9520 PM,.4222
Read_Main_FW_Version_After_DL,Read_Main_FW_Version_After_DL,[Hid] /usr/local/bin/hidreport -p 0x026F -i 0 get 0xB4,,PASS,,,,,,,,,Sep 10 2019 2:09:48.5790 PM,Sep 10 2019 2:09:48.5790 PM,0
Read_Main_FW_Version_After_DL,Read_Main_FW_Version_After_DL,IOFileHandle,writeToFile,PASS,,,,,,,,,Sep 10 2019 2:09:48.5800 PM,Sep 10 2019 2:09:48.5800 PM,.0001
Read_Main_FW_Version_After_DL,Read_Main_FW_Version_After_DL,Read_Main_FW_Version_After_DL,0x0160,PASS,,,,,,,,,Sep 10 2019 2:09:48.9510 PM,Sep 10 2019 2:09:48.9510 PM,0
Read_Main_FW_Version_After_DL,Read_Main_FW_Version_After_DL,,,PASS,,352,NA,352,352,,,NA,Sep 10 2019 2:09:48.9510 PM,Sep 10 2019 2:09:48.9510 PM,0
Read_MTFW_After_DL,,,,,,,,,,,,,Sep 10 2019 2:09:48.9550 PM,Sep 10 2019 2:09:49.3810 PM,.4264
Read_MTFW_After_DL,Read_MTFW_After_DL,[Hid] /usr/local/bin/hidreport -p 0x026F -i 0 get 0xbb,,PASS,,,,,,,,,Sep 10 2019 2:09:49.0030 PM,Sep 10 2019 2:09:49.0030 PM,0
Read_MTFW_After_DL,Read_MTFW_After_DL,IOFileHandle,writeToFile,PASS,,,,,,,,,Sep 10 2019 2:09:49.0040 PM,Sep 10 2019 2:09:49.0040 PM,.0001
Read_MTFW_After_DL,Read_MTFW_After_DL,Read_MTFW_After_DL,0x0505,PASS,,,,,,,,,Sep 10 2019 2:09:49.3810 PM,Sep 10 2019 2:09:49.3810 PM,0
Read_MTFW_After_DL,Read_MTFW_After_DL,,,PASS,,1285,NA,1285,1285,,,NA,Sep 10 2019 2:09:49.3810 PM,Sep 10 2019 2:09:49.3810 PM,0
Read_CCG3_FW_After_DL,,,,,,,,,,,,,Sep 10 2019 2:09:49.3840 PM,Sep 10 2019 2:09:50.2480 PM,.8641
Read_CCG3_FW_After_DL,Read_CCG3_FW_After_DL,"[Hid] /usr/local/bin/hidreport -v 0x05ac -p 0x026F -usage 0xff00,0xb set 0xCE 0xCE 6 6 0",,PASS,,,,,,,,,Sep 10 2019 2:09:49.4260 PM,Sep 10 2019 2:09:49.4260 PM,0
Read_CCG3_FW_After_DL,Read_CCG3_FW_After_DL,IOFileHandle,writeToFile,PASS,,,,,,,,,Sep 10 2019 2:09:49.4270 PM,Sep 10 2019 2:09:49.4270 PM,.0002
Read_CCG3_FW_After_DL,Read_CCG3_FW_After_DL,"[Hid] /usr/local/bin/hidreport -p 0x026F -usage 0xff00,0xb get 0xA0",,PASS,,,,,,,,,Sep 10 2019 2:09:49.8780 PM,Sep 10 2019 2:09:49.8780 PM,0
Read_CCG3_FW_After_DL,Read_CCG3_FW_After_DL,IOFileHandle,writeToFile-2,PASS,,,,,,,,,Sep 10 2019 2:09:49.8790 PM,Sep 10 2019 2:09:49.8800 PM,.0005
Read_CCG3_FW_After_DL,Read_CCG3_FW_After_DL,Read_CCG3_FW_After_DL,A0 02 00 0A 00 0A 00 0A,PASS,,,,,,,,,Sep 10 2019 2:09:50.2470 PM,Sep 10 2019 2:09:50.2470 PM,0
Finish_DRCB,,,,,,,,,,,,,Sep 10 2019 2:09:50.2500 PM,Sep 10 2019 2:09:50.7710 PM,.5208
Finish_DRCB,Finish_DRCB,DRCB,Finish,PASS,,,,,,,,,Sep 10 2019 2:09:50.2510 PM,Sep 10 2019 2:09:50.7700 PM,.5186
Fixture_reset,,,,,,,,,,,,,Sep 10 2019 2:09:50.7730 PM,Sep 10 2019 2:09:50.9470 PM,.1737
Fixture_reset,Fixture_reset,[Fixture] Retract pogo,sendCommand,PASS,,,,,,,,,Sep 10 2019 2:09:50.7740 PM,Sep 10 2019 2:09:50.9450 PM,.1702
