Test,Plugin,Command,Status,Info,Start Time,End Time,Duration (s)
Scan_SN,com.apple.hwte.atlas.AppPlugin,show-form,PASS,,Sep 10 2019 2:08:10.6890 PM,Sep 10 2019 2:08:17.9160 PM,7.2266
Fixture_init,Fixture,changeDelimiter,PASS,,Sep 10 2019 2:08:17.9620 PM,Sep 10 2019 2:08:17.9620 PM,.0001
Fixture_init,Fixture,changeLineTerminator,PASS,,Sep 10 2019 2:08:17.9640 PM,Sep 10 2019 2:08:17.9640 PM,0
Fixture_init,Fixture,open,PASS,,Sep 10 2019 2:08:17.9650 PM,Sep 10 2019 2:08:19.5590 PM,1.5941
Fixture_init,Fixture,read,PASS,,Sep 10 2019 2:08:19.5610 PM,Sep 10 2019 2:08:19.7010 PM,.1394
Fixture_init,P203,changeDelimiter,PASS,,Sep 10 2019 2:08:19.7030 PM,Sep 10 2019 2:08:19.7030 PM,.0001
Fixture_init,P203,changeLineTerminator,PASS,,Sep 10 2019 2:08:19.7040 PM,Sep 10 2019 2:08:19.7040 PM,0
Fixture_init,P203,open,PASS,,Sep 10 2019 2:08:19.7060 PM,Sep 10 2019 2:08:21.3700 PM,1.6641
Fixture_init,P203,read,PASS,,Sep 10 2019 2:08:21.3720 PM,Sep 10 2019 2:08:21.4000 PM,.0286
Fixture_init,Fixture,sendCommand,PASS,,Sep 10 2019 2:08:21.4020 PM,Sep 10 2019 2:08:21.4180 PM,.0164
Fixture_init,Fixture,sendCommand,PASS,,Sep 10 2019 2:08:21.4200 PM,Sep 10 2019 2:08:21.4380 PM,.0172
Fixture_init,P203,sendCommand,PASS,,Sep 10 2019 2:08:22.5070 PM,Sep 10 2019 2:08:22.5110 PM,.0045
Fixture_init,Fixture,sendCommand,PASS,,Sep 10 2019 2:08:22.5130 PM,Sep 10 2019 2:08:22.5680 PM,.0547
Fixture_init,StationReportPlugin,isReporting,PASS,,Sep 10 2019 2:08:24.7550 PM,Sep 10 2019 2:08:24.7550 PM,0
Start_Data_Reporting,DRCB,startDataReporting,PASS,,Sep 10 2019 2:08:24.7620 PM,Sep 10 2019 2:08:24.7930 PM,.0301
Start_Control_Bit,DRCB,startControlBits,PASS,,Sep 10 2019 2:08:24.8560 PM,Sep 10 2019 2:08:25.2920 PM,.436
Get_SFC_Info,SFCSupport,getAttribute,PASS,,Sep 10 2019 2:08:25.2970 PM,Sep 10 2019 2:08:26.3600 PM,1.0623
Get_SFC_Info,SFCSupport,getAttribute,PASS,,Sep 10 2019 2:08:26.3620 PM,Sep 10 2019 2:08:26.3670 PM,.005
Get_SFC_Info,SFCSupport,getAttribute,PASS,,Sep 10 2019 2:08:26.3680 PM,Sep 10 2019 2:08:26.3730 PM,.0044
Get_SFC_Info,SFCSupport,getAttribute,PASS,,Sep 10 2019 2:08:26.3750 PM,Sep 10 2019 2:08:26.3780 PM,.0038
P203_FW_DEV,P203,read,PASS,,Sep 10 2019 2:08:26.3970 PM,Sep 10 2019 2:08:26.3970 PM,.0002
P203_FW_DEV,P203,read,PASS,,Sep 10 2019 2:08:26.3980 PM,Sep 10 2019 2:08:26.4260 PM,.028
P203_FW_DEV,P203,sendCommand,PASS,,Sep 10 2019 2:08:26.4280 PM,Sep 10 2019 2:08:26.4430 PM,.0156
EP_DISABLE_TP,IOFileHandle,writeToFile,PASS,,Sep 10 2019 2:08:26.5050 PM,Sep 10 2019 2:08:26.5060 PM,.0005
EP_DISABLE_TP,IOFileHandle,writeToFile,PASS,,Sep 10 2019 2:08:26.9280 PM,Sep 10 2019 2:08:26.9290 PM,.0002
EP_DISABLE_TP,Fixture,sendCommand,PASS,,Sep 10 2019 2:08:27.3010 PM,Sep 10 2019 2:08:27.3090 PM,.0085
EP_DISABLE_TP,Fixture,sendCommand,PASS,,Sep 10 2019 2:08:28.3110 PM,Sep 10 2019 2:08:28.3150 PM,.0039
EP_DISABLE_TP,P203,sendCommand,PASS,,Sep 10 2019 2:08:33.3900 PM,Sep 10 2019 2:08:33.3910 PM,.0008
Auth_Check,P203,read,PASS,,Sep 10 2019 2:08:33.3960 PM,Sep 10 2019 2:08:33.3960 PM,.0003
Auth_Check,P203,read,PASS,,Sep 10 2019 2:08:33.3970 PM,Sep 10 2019 2:08:33.3970 PM,.0002
Auth_Check,P203,read,PASS,,Sep 10 2019 2:08:33.3990 PM,Sep 10 2019 2:08:33.4190 PM,.0205
Auth_Check,P203,sendCommandChars,PASS,,Sep 10 2019 2:08:33.4210 PM,Sep 10 2019 2:08:33.4870 PM,.0661
Auth_Check,P203,read,PASS,,Sep 10 2019 2:08:33.4890 PM,Sep 10 2019 2:08:33.4900 PM,.0002
Auth_Check,P203,read,PASS,,Sep 10 2019 2:08:33.4910 PM,Sep 10 2019 2:08:33.5200 PM,.0287
Auth_Check,P203,sendCommandChars,PASS,,Sep 10 2019 2:08:33.5210 PM,Sep 10 2019 2:08:33.5570 PM,.0356
Auth_Check,P203,read,PASS,,Sep 10 2019 2:08:33.5590 PM,Sep 10 2019 2:08:33.5590 PM,.0002
Auth_Check,P203,read,PASS,,Sep 10 2019 2:08:33.5610 PM,Sep 10 2019 2:08:33.5900 PM,.0293
Auth_Check,P203,sendCommandChars,PASS,,Sep 10 2019 2:08:33.5910 PM,Sep 10 2019 2:08:33.6270 PM,.0351
Auth_Check,P203,read,PASS,,Sep 10 2019 2:08:33.6290 PM,Sep 10 2019 2:08:33.6290 PM,.0002
Auth_Check,P203,read,PASS,,Sep 10 2019 2:08:33.6300 PM,Sep 10 2019 2:08:33.6600 PM,.0298
Auth_Check,P203,sendCommandChars,PASS,,Sep 10 2019 2:08:33.6620 PM,Sep 10 2019 2:08:33.6960 PM,.0346
Auth_Check,P203,read,PASS,,Sep 10 2019 2:08:33.7000 PM,Sep 10 2019 2:08:33.7000 PM,.0002
Auth_Check,P203,read,PASS,,Sep 10 2019 2:08:33.7010 PM,Sep 10 2019 2:08:33.7300 PM,.0292
Auth_Check,P203,sendCommandChars,PASS,,Sep 10 2019 2:08:33.7320 PM,Sep 10 2019 2:08:33.7670 PM,.0346
Auth_Check,P203,read,PASS,,Sep 10 2019 2:08:33.7690 PM,Sep 10 2019 2:08:33.7690 PM,.0002
Auth_Check,P203,read,PASS,,Sep 10 2019 2:08:33.7710 PM,Sep 10 2019 2:08:33.8010 PM,.0303
Auth_Check,P203,sendCommandChars,PASS,,Sep 10 2019 2:08:33.8030 PM,Sep 10 2019 2:08:33.8390 PM,.0361
Auth_Check,P203,read,PASS,,Sep 10 2019 2:08:33.8420 PM,Sep 10 2019 2:08:33.8420 PM,.0002
Auth_Check,P203,read,PASS,,Sep 10 2019 2:08:33.8430 PM,Sep 10 2019 2:08:33.8710 PM,.028
Auth_Check,P203,read,PASS,,Sep 10 2019 2:08:33.8730 PM,Sep 10 2019 2:08:33.9010 PM,.0282
Auth_Check,P203,sendCommandChars,PASS,,Sep 10 2019 2:08:33.9030 PM,Sep 10 2019 2:08:33.9370 PM,.0345
Auth_Check,P203,read,PASS,,Sep 10 2019 2:08:33.9410 PM,Sep 10 2019 2:08:33.9410 PM,.0002
Auth_Check,P203,read,PASS,,Sep 10 2019 2:08:33.9420 PM,Sep 10 2019 2:08:33.9710 PM,.029
Auth_Check,P203,sendCommandChars,PASS,,Sep 10 2019 2:08:33.9730 PM,Sep 10 2019 2:08:34.0080 PM,.0355
Auth_Check,P203,read,PASS,,Sep 10 2019 2:08:34.0110 PM,Sep 10 2019 2:08:34.0110 PM,.0002
Auth_Check,P203,read,PASS,,Sep 10 2019 2:08:34.0120 PM,Sep 10 2019 2:08:34.0420 PM,.0299
Auth_Check,P203,read,PASS,,Sep 10 2019 2:08:34.0440 PM,Sep 10 2019 2:08:34.0720 PM,.0281
Auth_Check,P203,sendCommandChars,PASS,,Sep 10 2019 2:08:34.0730 PM,Sep 10 2019 2:08:34.1080 PM,.0347
Auth_Check,P203,read,PASS,,Sep 10 2019 2:08:34.1120 PM,Sep 10 2019 2:08:34.1120 PM,.0002
Auth_Check,P203,read,PASS,,Sep 10 2019 2:08:34.1130 PM,Sep 10 2019 2:08:34.1420 PM,.0291
Auth_Check,P203,sendCommandChars,PASS,,Sep 10 2019 2:08:34.1440 PM,Sep 10 2019 2:08:34.1800 PM,.0365
Auth_Check,P203,read,PASS,,Sep 10 2019 2:08:34.1830 PM,Sep 10 2019 2:08:34.1830 PM,.0002
Auth_Check,P203,read,PASS,,Sep 10 2019 2:08:34.1840 PM,Sep 10 2019 2:08:34.2120 PM,.0284
Auth_Check,P203,read,PASS,,Sep 10 2019 2:08:34.2140 PM,Sep 10 2019 2:08:34.2420 PM,.028
Auth_Check,P203,sendCommandChars,PASS,,Sep 10 2019 2:08:34.2440 PM,Sep 10 2019 2:08:34.2790 PM,.035
Auth_Check,P203,read,PASS,,Sep 10 2019 2:08:34.2810 PM,Sep 10 2019 2:08:34.2820 PM,.0002
Auth_Check,P203,read,PASS,,Sep 10 2019 2:08:34.2830 PM,Sep 10 2019 2:08:34.3130 PM,.03
Auth_Check,P203,read,PASS,,Sep 10 2019 2:08:34.3150 PM,Sep 10 2019 2:08:34.3430 PM,.0283
Auth_Check,P203,sendCommandChars,PASS,,Sep 10 2019 2:08:34.3440 PM,Sep 10 2019 2:08:34.3800 PM,.0353
Auth_Check,P203,read,PASS,,Sep 10 2019 2:08:34.3820 PM,Sep 10 2019 2:08:34.3830 PM,.0002
Auth_Check,P203,read,PASS,,Sep 10 2019 2:08:34.3840 PM,Sep 10 2019 2:08:34.4130 PM,.0295
Auth_Check,P203,read,PASS,,Sep 10 2019 2:08:34.4150 PM,Sep 10 2019 2:08:34.4430 PM,.0282
Auth_Check,P203,sendCommandChars,PASS,,Sep 10 2019 2:08:34.4450 PM,Sep 10 2019 2:08:34.4800 PM,.0348
Auth_Check,P203,read,PASS,,Sep 10 2019 2:08:34.4820 PM,Sep 10 2019 2:08:34.4820 PM,.0002
Auth_Check,P203,read,PASS,,Sep 10 2019 2:08:34.4840 PM,Sep 10 2019 2:08:34.5140 PM,.03
Auth_Check,P203,read,PASS,,Sep 10 2019 2:08:34.5160 PM,Sep 10 2019 2:08:34.5440 PM,.0282
Auth_Check,P203,sendCommandChars,PASS,,Sep 10 2019 2:08:34.5450 PM,Sep 10 2019 2:08:34.5810 PM,.0352
Auth_Check,P203,read,PASS,,Sep 10 2019 2:08:34.5840 PM,Sep 10 2019 2:08:34.5840 PM,.0002
Auth_Check,P203,read,PASS,,Sep 10 2019 2:08:34.5850 PM,Sep 10 2019 2:08:34.6140 PM,.029
Auth_Check,P203,sendCommandChars,PASS,,Sep 10 2019 2:08:34.6160 PM,Sep 10 2019 2:08:34.6500 PM,.0347
Auth_Check,P203,read,PASS,,Sep 10 2019 2:08:34.6530 PM,Sep 10 2019 2:08:34.6530 PM,.0002
Auth_Check,P203,read,PASS,,Sep 10 2019 2:08:34.6540 PM,Sep 10 2019 2:08:34.6820 PM,.028
Auth_Check,P203,read,PASS,,Sep 10 2019 2:08:34.6840 PM,Sep 10 2019 2:08:34.7150 PM,.0304
Auth_Check,P203,sendCommandChars,PASS,,Sep 10 2019 2:08:34.7160 PM,Sep 10 2019 2:08:34.7510 PM,.0353
Auth_Check,P203,read,PASS,,Sep 10 2019 2:08:34.7540 PM,Sep 10 2019 2:08:34.7540 PM,.0002
Auth_Check,P203,read,PASS,,Sep 10 2019 2:08:34.7560 PM,Sep 10 2019 2:08:34.7850 PM,.0294
Auth_Check,P203,read,PASS,,Sep 10 2019 2:08:34.7870 PM,Sep 10 2019 2:08:34.8150 PM,.0277
Auth_Check,P203,sendCommandChars,PASS,,Sep 10 2019 2:08:34.8160 PM,Sep 10 2019 2:08:34.8510 PM,.0349
Auth_Check,P203,read,PASS,,Sep 10 2019 2:08:34.8540 PM,Sep 10 2019 2:08:34.8540 PM,.0002
Auth_Check,P203,read,PASS,,Sep 10 2019 2:08:34.8550 PM,Sep 10 2019 2:08:34.8850 PM,.0299
Auth_Check,P203,read,PASS,,Sep 10 2019 2:08:34.8870 PM,Sep 10 2019 2:08:34.9150 PM,.0284
Auth_Check,P203,sendCommandChars,PASS,,Sep 10 2019 2:08:34.9180 PM,Sep 10 2019 2:08:34.9550 PM,.0373
Auth_Check,P203,read,PASS,,Sep 10 2019 2:08:34.9580 PM,Sep 10 2019 2:08:34.9580 PM,.0002
Auth_Check,P203,read,PASS,,Sep 10 2019 2:08:34.9590 PM,Sep 10 2019 2:08:34.9860 PM,.0264
Auth_Check,P203,read,PASS,,Sep 10 2019 2:08:34.9880 PM,Sep 10 2019 2:08:35.0160 PM,.0281
Auth_Check,P203,sendCommandChars,PASS,,Sep 10 2019 2:08:35.0170 PM,Sep 10 2019 2:08:35.0530 PM,.0354
Auth_Check,P203,read,PASS,,Sep 10 2019 2:08:35.0560 PM,Sep 10 2019 2:08:35.0560 PM,.0001
Auth_Check,P203,read,PASS,,Sep 10 2019 2:08:35.0570 PM,Sep 10 2019 2:08:35.0860 PM,.029
Auth_Check,P203,sendCommandChars,PASS,,Sep 10 2019 2:08:35.0880 PM,Sep 10 2019 2:08:35.1230 PM,.0352
Auth_Check,P203,read,PASS,,Sep 10 2019 2:08:35.1250 PM,Sep 10 2019 2:08:35.1260 PM,.0002
Auth_Check,P203,read,PASS,,Sep 10 2019 2:08:35.1270 PM,Sep 10 2019 2:08:35.1560 PM,.0296
Auth_Check,P203,read,PASS,,Sep 10 2019 2:08:35.1590 PM,Sep 10 2019 2:08:35.1870 PM,.028
Auth_Check,P203,sendCommandChars,PASS,,Sep 10 2019 2:08:35.1880 PM,Sep 10 2019 2:08:35.2240 PM,.0357
Auth_Check,P203,read,PASS,,Sep 10 2019 2:08:35.2260 PM,Sep 10 2019 2:08:35.2260 PM,.0002
Auth_Check,P203,read,PASS,,Sep 10 2019 2:08:35.2280 PM,Sep 10 2019 2:08:35.2540 PM,.0265
Auth_Check,P203,read,PASS,,Sep 10 2019 2:08:35.2560 PM,Sep 10 2019 2:08:35.2770 PM,.0208
Auth_Check,P203,sendCommandChars,PASS,,Sep 10 2019 2:08:35.2780 PM,Sep 10 2019 2:08:35.3150 PM,.0363
Auth_Check,P203,read,PASS,,Sep 10 2019 2:08:35.3170 PM,Sep 10 2019 2:08:35.3180 PM,.0002
Auth_Check,P203,read,PASS,,Sep 10 2019 2:08:35.3190 PM,Sep 10 2019 2:08:35.3470 PM,.0284
Auth_Check,P203,read,PASS,,Sep 10 2019 2:08:35.3490 PM,Sep 10 2019 2:08:35.3780 PM,.0283
Auth_Check,P203,sendCommandChars,PASS,,Sep 10 2019 2:08:35.3790 PM,Sep 10 2019 2:08:35.4150 PM,.0364
Auth_Check,P203,read,PASS,,Sep 10 2019 2:08:35.4180 PM,Sep 10 2019 2:08:35.4180 PM,.0002
Auth_Check,P203,read,PASS,,Sep 10 2019 2:08:35.4190 PM,Sep 10 2019 2:08:35.4480 PM,.0283
Auth_Check,P203,read,PASS,,Sep 10 2019 2:08:35.4500 PM,Sep 10 2019 2:08:35.4780 PM,.0285
Auth_Check,P203,sendCommandChars,PASS,,Sep 10 2019 2:08:35.4800 PM,Sep 10 2019 2:08:35.5140 PM,.0348
Auth_Check,P203,read,PASS,,Sep 10 2019 2:08:35.5170 PM,Sep 10 2019 2:08:35.5180 PM,.0002
Auth_Check,P203,read,PASS,,Sep 10 2019 2:08:35.5190 PM,Sep 10 2019 2:08:35.5480 PM,.0296
Auth_Check,P203,sendCommandChars,PASS,,Sep 10 2019 2:08:35.5500 PM,Sep 10 2019 2:08:35.5850 PM,.0356
Auth_Check,P203,read,PASS,,Sep 10 2019 2:08:35.5880 PM,Sep 10 2019 2:08:35.5880 PM,.0002
Auth_Check,P203,read,PASS,,Sep 10 2019 2:08:35.5890 PM,Sep 10 2019 2:08:35.6190 PM,.0293
Auth_Check,P203,read,PASS,,Sep 10 2019 2:08:35.6200 PM,Sep 10 2019 2:08:35.6490 PM,.0283
Auth_Check,P203,sendCommandChars,PASS,,Sep 10 2019 2:08:35.6500 PM,Sep 10 2019 2:08:35.6850 PM,.0349
Auth_Check,P203,read,PASS,,Sep 10 2019 2:08:35.6880 PM,Sep 10 2019 2:08:35.6880 PM,.0002
Auth_Check,P203,read,PASS,,Sep 10 2019 2:08:35.6890 PM,Sep 10 2019 2:08:35.7190 PM,.0299
Auth_Check,P203,read,PASS,,Sep 10 2019 2:08:35.7210 PM,Sep 10 2019 2:08:35.7490 PM,.0274
Auth_Check,P203,sendCommandChars,PASS,,Sep 10 2019 2:08:35.7500 PM,Sep 10 2019 2:08:35.7860 PM,.0361
Auth_Check,P203,read,PASS,,Sep 10 2019 2:08:35.7890 PM,Sep 10 2019 2:08:35.7890 PM,.0002
Auth_Check,P203,read,PASS,,Sep 10 2019 2:08:35.7900 PM,Sep 10 2019 2:08:35.8200 PM,.0295
Auth_Check,P203,read,PASS,,Sep 10 2019 2:08:35.8220 PM,Sep 10 2019 2:08:35.8500 PM,.0282
Auth_Check,P203,sendCommandChars,PASS,,Sep 10 2019 2:08:35.8510 PM,Sep 10 2019 2:08:35.8880 PM,.0366
Auth_Check,P203,read,PASS,,Sep 10 2019 2:08:35.8900 PM,Sep 10 2019 2:08:35.8910 PM,.0002
Auth_Check,P203,read,PASS,,Sep 10 2019 2:08:35.8920 PM,Sep 10 2019 2:08:35.9200 PM,.0281
Auth_Check,P203,read,PASS,,Sep 10 2019 2:08:35.9220 PM,Sep 10 2019 2:08:35.9500 PM,.0282
Auth_Check,P203,sendCommandChars,PASS,,Sep 10 2019 2:08:35.9520 PM,Sep 10 2019 2:08:35.9880 PM,.0364
Auth_Check,P203,read,PASS,,Sep 10 2019 2:08:35.9910 PM,Sep 10 2019 2:08:35.9910 PM,.0002
Auth_Check,P203,read,PASS,,Sep 10 2019 2:08:35.9930 PM,Sep 10 2019 2:08:36.0200 PM,.0279
Auth_Check,P203,sendCommandChars,PASS,,Sep 10 2019 2:08:36.0220 PM,Sep 10 2019 2:08:36.0580 PM,.036
Auth_Check,P203,read,PASS,,Sep 10 2019 2:08:36.0610 PM,Sep 10 2019 2:08:36.0610 PM,.0002
Auth_Check,P203,read,PASS,,Sep 10 2019 2:08:36.0620 PM,Sep 10 2019 2:08:36.0910 PM,.0287
Auth_Check,P203,read,PASS,,Sep 10 2019 2:08:36.0930 PM,Sep 10 2019 2:08:36.1210 PM,.0281
Auth_Check,P203,sendCommandChars,PASS,,Sep 10 2019 2:08:36.1220 PM,Sep 10 2019 2:08:36.1590 PM,.0363
Auth_Check,P203,read,PASS,,Sep 10 2019 2:08:36.1610 PM,Sep 10 2019 2:08:36.1610 PM,.0002
Auth_Check,P203,read,PASS,,Sep 10 2019 2:08:36.1630 PM,Sep 10 2019 2:08:36.1900 PM,.0278
Auth_Check,P203,read,PASS,,Sep 10 2019 2:08:36.1920 PM,Sep 10 2019 2:08:36.2210 PM,.0292
Auth_Check,P203,sendCommandChars,PASS,,Sep 10 2019 2:08:36.2230 PM,Sep 10 2019 2:08:36.2590 PM,.0356
Auth_Check,P203,read,PASS,,Sep 10 2019 2:08:36.2610 PM,Sep 10 2019 2:08:36.2610 PM,.0002
Auth_Check,P203,read,PASS,,Sep 10 2019 2:08:36.2630 PM,Sep 10 2019 2:08:36.2920 PM,.0292
Auth_Check,P203,read,PASS,,Sep 10 2019 2:08:36.2940 PM,Sep 10 2019 2:08:36.3220 PM,.0283
Auth_Check,P203,sendCommandChars,PASS,,Sep 10 2019 2:08:36.3230 PM,Sep 10 2019 2:08:36.3580 PM,.035
Auth_Check,IOFileHandle,writeCertFile,PASS,,Sep 10 2019 2:08:36.3630 PM,Sep 10 2019 2:08:36.3700 PM,.0069
Auth_Check,IOFileHandle,writeToFile,PASS,,Sep 10 2019 2:08:36.4220 PM,Sep 10 2019 2:08:36.4220 PM,.0001
Auth_Check,IOFileHandle,writeToFile,PASS,,Sep 10 2019 2:08:36.4610 PM,Sep 10 2019 2:08:36.4610 PM,.0002
Auth_Check,P203,read,PASS,,Sep 10 2019 2:08:36.4960 PM,Sep 10 2019 2:08:36.4960 PM,.0002
Auth_Check,P203,read,PASS,,Sep 10 2019 2:08:36.4970 PM,Sep 10 2019 2:08:36.5220 PM,.0251
Auth_Check,P203,sendCommandChars,PASS,,Sep 10 2019 2:08:36.5240 PM,Sep 10 2019 2:08:36.5480 PM,.0244
Auth_Check,P203,read,PASS,,Sep 10 2019 2:08:36.5520 PM,Sep 10 2019 2:08:36.5640 PM,.0116
Auth_Check,P203,read,PASS,,Sep 10 2019 2:08:36.5650 PM,Sep 10 2019 2:08:36.5930 PM,.0274
Auth_Check,P203,sendCommandChars,PASS,,Sep 10 2019 2:08:36.5940 PM,Sep 10 2019 2:08:36.6650 PM,.0709
Auth_Check,P203,read,PASS,,Sep 10 2019 2:08:36.6680 PM,Sep 10 2019 2:08:36.6680 PM,.0002
Auth_Check,P203,read,PASS,,Sep 10 2019 2:08:36.6690 PM,Sep 10 2019 2:08:36.6930 PM,.0236
Auth_Check,P203,sendCommandChars,PASS,,Sep 10 2019 2:08:36.6940 PM,Sep 10 2019 2:08:36.7310 PM,.0365
Auth_Check,P203,read,PASS,,Sep 10 2019 2:08:37.3080 PM,Sep 10 2019 2:08:37.3080 PM,.0002
Auth_Check,P203,read,PASS,,Sep 10 2019 2:08:37.3090 PM,Sep 10 2019 2:08:37.3370 PM,.0274
Auth_Check,P203,sendCommandChars,PASS,,Sep 10 2019 2:08:37.3380 PM,Sep 10 2019 2:08:37.4050 PM,.0669
Auth_Check,P203,read,PASS,,Sep 10 2019 2:08:37.4070 PM,Sep 10 2019 2:08:37.4080 PM,.0001
Auth_Check,P203,read,PASS,,Sep 10 2019 2:08:37.4090 PM,Sep 10 2019 2:08:37.4370 PM,.0283
Auth_Check,P203,read,PASS,,Sep 10 2019 2:08:37.4390 PM,Sep 10 2019 2:08:37.4680 PM,.0284
Auth_Check,P203,sendCommandChars,PASS,,Sep 10 2019 2:08:37.4690 PM,Sep 10 2019 2:08:37.5040 PM,.0349
Auth_Check,P203,read,PASS,,Sep 10 2019 2:08:37.5070 PM,Sep 10 2019 2:08:37.5080 PM,.0002
Auth_Check,P203,read,PASS,,Sep 10 2019 2:08:37.5090 PM,Sep 10 2019 2:08:37.5380 PM,.0288
Auth_Check,P203,sendCommandChars,PASS,,Sep 10 2019 2:08:37.5390 PM,Sep 10 2019 2:08:37.5750 PM,.0358
Auth_Check,P203,read,PASS,,Sep 10 2019 2:08:37.5770 PM,Sep 10 2019 2:08:37.5780 PM,.0002
Auth_Check,P203,read,PASS,,Sep 10 2019 2:08:37.5790 PM,Sep 10 2019 2:08:37.6080 PM,.0291
Auth_Check,P203,read,PASS,,Sep 10 2019 2:08:37.6100 PM,Sep 10 2019 2:08:37.6380 PM,.0284
Auth_Check,P203,sendCommandChars,PASS,,Sep 10 2019 2:08:37.6400 PM,Sep 10 2019 2:08:37.6740 PM,.0342
Auth_Check,P203,read,PASS,,Sep 10 2019 2:08:37.6770 PM,Sep 10 2019 2:08:37.6770 PM,.0002
Auth_Check,P203,read,PASS,,Sep 10 2019 2:08:37.6790 PM,Sep 10 2019 2:08:37.7080 PM,.0298
Auth_Check,P203,sendCommandChars,PASS,,Sep 10 2019 2:08:37.7100 PM,Sep 10 2019 2:08:37.7460 PM,.0359
Auth_Check,P203,read,PASS,,Sep 10 2019 2:08:37.7480 PM,Sep 10 2019 2:08:37.7480 PM,.0002
Auth_Check,P203,read,PASS,,Sep 10 2019 2:08:37.7500 PM,Sep 10 2019 2:08:37.7790 PM,.0291
Auth_Check,P203,read,PASS,,Sep 10 2019 2:08:37.7810 PM,Sep 10 2019 2:08:37.8090 PM,.028
Auth_Check,P203,sendCommandChars,PASS,,Sep 10 2019 2:08:37.8100 PM,Sep 10 2019 2:08:37.8460 PM,.0356
Auth_Check,P203,read,PASS,,Sep 10 2019 2:08:37.8480 PM,Sep 10 2019 2:08:37.8480 PM,.0002
Auth_Check,P203,read,PASS,,Sep 10 2019 2:08:37.8500 PM,Sep 10 2019 2:08:37.8790 PM,.0292
Auth_Check,P203,read,PASS,,Sep 10 2019 2:08:37.8810 PM,Sep 10 2019 2:08:37.9090 PM,.0282
Auth_Check,P203,sendCommandChars,PASS,,Sep 10 2019 2:08:37.9110 PM,Sep 10 2019 2:08:37.9460 PM,.0358
Auth_Check,IOFileHandle,writeCertFile,PASS,,Sep 10 2019 2:08:37.9490 PM,Sep 10 2019 2:08:37.9500 PM,.0009
Auth_Check,IOFileHandle,writeToFile,PASS,,Sep 10 2019 2:08:38.0180 PM,Sep 10 2019 2:08:38.0180 PM,.0002
Read_MLB_SN,IOFileHandle,writeToFile,PASS,,Sep 10 2019 2:08:38.7030 PM,Sep 10 2019 2:08:38.7030 PM,.0002
Check_MLB_SN,StationReportPlugin,appendReportData,PASS,,Sep 10 2019 2:08:39.0800 PM,Sep 10 2019 2:08:39.0800 PM,0
Read_STFW_Version_Before_DL,IOFileHandle,writeToFile,PASS,,Sep 10 2019 2:08:39.1880 PM,Sep 10 2019 2:08:39.1880 PM,.0002
Read_MTFW_Version_Before_DL,IOFileHandle,writeToFile,PASS,,Sep 10 2019 2:08:39.6700 PM,Sep 10 2019 2:08:39.6700 PM,.0002
Read_CCG3_FW_Version_Before_DL,IOFileHandle,writeToFile,PASS,,Sep 10 2019 2:08:40.1390 PM,Sep 10 2019 2:08:40.1390 PM,.0001
Read_CCG3_FW_Version_Before_DL,IOFileHandle,writeToFile,PASS,,Sep 10 2019 2:08:40.6400 PM,Sep 10 2019 2:08:40.6400 PM,.0002
Program_Main_FW,IOFileHandle,writeToFile,PASS,,Sep 10 2019 2:08:41.1230 PM,Sep 10 2019 2:08:41.1230 PM,.0002
Program_Main_FW,P203,sendCommand,PASS,,Sep 10 2019 2:08:41.4990 PM,Sep 10 2019 2:08:41.5000 PM,.0009
Program_Main_FW,P203,sendCommandChars,PASS,,Sep 10 2019 2:08:41.5020 PM,Sep 10 2019 2:08:41.5100 PM,.0085
Program_Main_FW,P203,read,PASS,,Sep 10 2019 2:08:41.5110 PM,Sep 10 2019 2:08:41.5120 PM,.0001
Program_Main_FW,P203,read,PASS,,Sep 10 2019 2:08:41.5130 PM,Sep 10 2019 2:08:41.5130 PM,.0002
Program_Main_FW,P203,read,PASS,,Sep 10 2019 2:08:41.5140 PM,Sep 10 2019 2:08:41.5140 PM,.0002
Program_Main_FW,P203,read,PASS,,Sep 10 2019 2:08:41.5150 PM,Sep 10 2019 2:08:41.5380 PM,.0231
Program_Main_FW,P203,sendCommandChars,PASS,,Sep 10 2019 2:08:41.5400 PM,Sep 10 2019 2:08:41.5840 PM,.0444
Program_Main_FW,P203,read,PASS,,Sep 10 2019 2:08:41.5860 PM,Sep 10 2019 2:08:41.5860 PM,.0002
Program_Main_FW,P203,read,PASS,,Sep 10 2019 2:08:41.5870 PM,Sep 10 2019 2:08:41.6090 PM,.0216
Program_Main_FW,IOFileHandle,writeToFile,PASS,,Sep 10 2019 2:09:13.4530 PM,Sep 10 2019 2:09:13.4530 PM,.0002
Program_Main_FW,StationReportPlugin,appendReportData,PASS,,Sep 10 2019 2:09:13.8230 PM,Sep 10 2019 2:09:13.8230 PM,0
Program_Main_FW,Fixture,sendCommand,PASS,,Sep 10 2019 2:09:16.9000 PM,Sep 10 2019 2:09:16.9040 PM,.0044
Program_Main_FW,Fixture,sendCommand,PASS,,Sep 10 2019 2:09:17.9760 PM,Sep 10 2019 2:09:17.9900 PM,.0143
Program_Main_FW,P203,sendCommand,PASS,,Sep 10 2019 2:09:23.0640 PM,Sep 10 2019 2:09:23.0820 PM,.018
Program_MTFW,IOFileHandle,writeToFile,PASS,,Sep 10 2019 2:09:23.1360 PM,Sep 10 2019 2:09:23.1360 PM,.0002
Program_MTFW,P203,sendCommand,PASS,,Sep 10 2019 2:09:23.5070 PM,Sep 10 2019 2:09:23.5080 PM,.0007
Program_MTFW,P203,sendCommandChars,PASS,,Sep 10 2019 2:09:23.5090 PM,Sep 10 2019 2:09:23.5140 PM,.0045
Program_MTFW,P203,read,PASS,,Sep 10 2019 2:09:23.5150 PM,Sep 10 2019 2:09:23.5150 PM,.0002
Program_MTFW,P203,read,PASS,,Sep 10 2019 2:09:23.5170 PM,Sep 10 2019 2:09:23.5170 PM,.0002
Program_MTFW,P203,read,PASS,,Sep 10 2019 2:09:23.5180 PM,Sep 10 2019 2:09:23.5180 PM,.0002
Program_MTFW,P203,read,PASS,,Sep 10 2019 2:09:23.5190 PM,Sep 10 2019 2:09:23.5410 PM,.0215
Program_MTFW,P203,sendCommandChars,PASS,,Sep 10 2019 2:09:23.5420 PM,Sep 10 2019 2:09:23.5780 PM,.0357
Program_MTFW,P203,read,PASS,,Sep 10 2019 2:09:23.5790 PM,Sep 10 2019 2:09:23.5790 PM,.0002
Program_MTFW,P203,read,PASS,,Sep 10 2019 2:09:23.5810 PM,Sep 10 2019 2:09:23.6060 PM,.0257
Program_MTFW,IOFileHandle,writeToFile,PASS,,Sep 10 2019 2:09:31.9030 PM,Sep 10 2019 2:09:31.9040 PM,.0002
Program_MTFW,StationReportPlugin,appendReportData,PASS,,Sep 10 2019 2:09:32.2780 PM,Sep 10 2019 2:09:32.2780 PM,0
Program_MTFW,Fixture,sendCommand,PASS,,Sep 10 2019 2:09:42.3460 PM,Sep 10 2019 2:09:42.3540 PM,.0081
Program_MTFW,Fixture,sendCommand,PASS,,Sep 10 2019 2:09:43.4220 PM,Sep 10 2019 2:09:43.4390 PM,.0174
Program_MTFW,P203,sendCommand,PASS,,Sep 10 2019 2:09:48.5100 PM,Sep 10 2019 2:09:48.5250 PM,.0153
Read_Main_FW_Version_After_DL,IOFileHandle,writeToFile,PASS,,Sep 10 2019 2:09:48.5800 PM,Sep 10 2019 2:09:48.5800 PM,.0002
Read_MTFW_After_DL,IOFileHandle,writeToFile,PASS,,Sep 10 2019 2:09:49.0040 PM,Sep 10 2019 2:09:49.0050 PM,.0001
Read_CCG3_FW_After_DL,IOFileHandle,writeToFile,PASS,,Sep 10 2019 2:09:49.4270 PM,Sep 10 2019 2:09:49.4270 PM,.0002
Read_CCG3_FW_After_DL,IOFileHandle,writeToFile,PASS,,Sep 10 2019 2:09:49.8790 PM,Sep 10 2019 2:09:49.8800 PM,.0006
Finish_DRCB,DRCB,finish,PASS,,Sep 10 2019 2:09:50.2510 PM,Sep 10 2019 2:09:50.7700 PM,.5187
Fixture_reset,Fixture,sendCommand,PASS,,Sep 10 2019 2:09:50.7740 PM,Sep 10 2019 2:09:50.9450 PM,.1702
