document_version, 1.0
station_name,GATEKEEPER
station_id,FXLH_F05-4FT-02_1_GATEKEEPER
station_sw,Atlas
station_sw_version,Atlas

tag,start_time,duration
Scan SN, 1562229231.80, 3.45
Fixture init, 1562229235.24, 6.85
Get SFC Info, 1562229242.10, 0.06
BUILD EVENT, 1562229242.16, 0.00
S_BUILD, 1562229242.16, 0.00
WO_SN, 1562229242.16, 0.00
UNIT LBL, 1562229242.17, 0.00
Query MLB SN, 1562229242.17, 0.00
Read MLB SN, 1562229242.17, 7.44
Check MLB SN, 1562229249.61, 0.00
Read Main FW Version Before DL, 1562229249.62, 0.45
Program Main FW, 1562229250.07, 1.00
Read Main FW Version After DL, 1562229251.07, 0.01
Enable all endponits, 1562229251.08, 14.10
Fixture reset, 1562229265.18, 1.78
Finish DRCB, 1562229266.96, 0.00
full_test_durations, 1562229231.78, 35.19
