Related Test,Name-1,Name-2,Name-3,Status,Info,Measurement,Units,Upper Limit,Lower Limit,Relaxed Upper Limit,Relaxed Lower Limit,Limit Units,Start Time,End Time,Duration (s)
Scan SN,,,,,,,,,,,,,Jul 4 2019 4:33:51.7960 PM,Jul 4 2019 4:33:55.2400 PM,3.444
Scan SN,Scan SN,AtlasApp-Hyperion,show-form,PASS,,,,,,,,,Jul 4 2019 4:33:51.7980 PM,Jul 4 2019 4:33:55.2390 PM,3.4415
Fixture init,,,,,,,,,,,,,Jul 4 2019 4:33:55.2420 PM,Jul 4 2019 4:34:02.0950 PM,6.8522
Fixture init,Fixture init,Fixture,changeDelimiter,PASS,,,,,,,,,Jul 4 2019 4:33:55.2440 PM,Jul 4 2019 4:33:55.2440 PM,0
Fixture init,Fixture init,Fixture,changeLineTerminator,PASS,,,,,,,,,Jul 4 2019 4:33:55.2460 PM,Jul 4 2019 4:33:55.2460 PM,0
Fixture init,Fixture init,Fixture,open,PASS,,,,,,,,,Jul 4 2019 4:33:55.2480 PM,Jul 4 2019 4:33:56.8460 PM,1.5976
Fixture init,Fixture init,Fixture,read,PASS,,,,,,,,,Jul 4 2019 4:33:56.8480 PM,Jul 4 2019 4:33:56.8770 PM,.029
Fixture init,Fixture init,P203,changeDelimiter,PASS,,,,,,,,,Jul 4 2019 4:33:56.8780 PM,Jul 4 2019 4:33:56.8790 PM,0
Fixture init,Fixture init,P203,changeLineTerminator,PASS,,,,,,,,,Jul 4 2019 4:33:56.8800 PM,Jul 4 2019 4:33:56.8800 PM,0
Fixture init,Fixture init,P203,open,PASS,,,,,,,,,Jul 4 2019 4:33:56.8820 PM,Jul 4 2019 4:33:58.4750 PM,1.5938
Fixture init,Fixture init,P203,read,PASS,,,,,,,,,Jul 4 2019 4:33:58.4770 PM,Jul 4 2019 4:33:58.5060 PM,.0289
Fixture init,Fixture init,[Fixture] isReady,sendCommand,PASS,,,,,,,,,Jul 4 2019 4:33:58.5080 PM,Jul 4 2019 4:33:58.5220 PM,.0148
Fixture init,Fixture init,[Fixture] power on,sendCommand,PASS,,,,,,,,,Jul 4 2019 4:33:58.5240 PM,Jul 4 2019 4:33:58.5420 PM,.0181
Fixture init,Fixture init,[Fixture] Engage pogo,sendCommand,PASS,,,,,,,,,Jul 4 2019 4:33:59.6140 PM,Jul 4 2019 4:34:00.0250 PM,.4112
Get SFC Info,,,,,,,,,,,,,Jul 4 2019 4:34:02.0970 PM,Jul 4 2019 4:34:02.1540 PM,.0572
Get SFC Info,Get SFC Info,SFCSupport,getAttributes,PASS,,,,,,,,,Jul 4 2019 4:34:02.0990 PM,Jul 4 2019 4:34:02.1270 PM,.0278
Get SFC Info,Get SFC Info,GET SFC info - pansa,DKB92620008N6780Z,PASS,,,,,,,,,Jul 4 2019 4:34:02.1280 PM,Jul 4 2019 4:34:02.1280 PM,0
Get SFC Info,Get SFC Info,SFCSupport,getAttributes-2,PASS,,,,,,,,,Jul 4 2019 4:34:02.1290 PM,Jul 4 2019 4:34:02.1330 PM,.004
Get SFC Info,Get SFC Info,GET SFC info - sub_sn,,PASS,,,,,,,,,Jul 4 2019 4:34:02.1340 PM,Jul 4 2019 4:34:02.1340 PM,0
Get SFC Info,Get SFC Info,SFCSupport,getAttributes-3,PASS,,,,,,,,,Jul 4 2019 4:34:02.1360 PM,Jul 4 2019 4:34:02.1410 PM,.0055
Get SFC Info,Get SFC Info,GET SFC info - unit_lbl,R118-P1_P11EN-R1_C00082,PASS,,,,,,,,,Jul 4 2019 4:34:02.1430 PM,Jul 4 2019 4:34:02.1430 PM,0
Get SFC Info,Get SFC Info,SFCSupport,getAttributes-4,PASS,,,,,,,,,Jul 4 2019 4:34:02.1440 PM,Jul 4 2019 4:34:02.1470 PM,.0035
Get SFC Info,Get SFC Info,GET SFC info - wo_no,WCT-J6000F,PASS,,,,,,,,,Jul 4 2019 4:34:02.1480 PM,Jul 4 2019 4:34:02.1480 PM,0
Get SFC Info,Get SFC Info,SFCSupport,getAttributes-5,PASS,,,,,,,,,Jul 4 2019 4:34:02.1490 PM,Jul 4 2019 4:34:02.1530 PM,.0041
Get SFC Info,Get SFC Info,GET SFC info - mlb_sn,DLX92540021N6R51S,PASS,,,,,,,,,Jul 4 2019 4:34:02.1540 PM,Jul 4 2019 4:34:02.1540 PM,0
BUILD EVENT,,,,,,,,,,,,,Jul 4 2019 4:34:02.1590 PM,Jul 4 2019 4:34:02.1600 PM,.0006
BUILD EVENT,BUILD EVENT,BUILD_EVENT,R118-P1,PASS,,,,,,,,,Jul 4 2019 4:34:02.1600 PM,Jul 4 2019 4:34:02.1600 PM,0
S_BUILD,,,,,,,,,,,,,Jul 4 2019 4:34:02.1620 PM,Jul 4 2019 4:34:02.1620 PM,.0005
S_BUILD,S_BUILD,S_BUILD,R118-P1_P11EN-R1,PASS,,,,,,,,,Jul 4 2019 4:34:02.1620 PM,Jul 4 2019 4:34:02.1620 PM,0
WO_SN,,,,,,,,,,,,,Jul 4 2019 4:34:02.1640 PM,Jul 4 2019 4:34:02.1640 PM,.0007
WO_SN,WO_SN,Get wo_no Pass,,PASS,,,,,,,,,Jul 4 2019 4:34:02.1640 PM,Jul 4 2019 4:34:02.1640 PM,0
UNIT LBL,,,,,,,,,,,,,Jul 4 2019 4:34:02.1660 PM,Jul 4 2019 4:34:02.1670 PM,.0007
UNIT LBL,UNIT LBL,Get unit_lbl Pass,,PASS,,,,,,,,,Jul 4 2019 4:34:02.1660 PM,Jul 4 2019 4:34:02.1660 PM,0
Query MLB SN,,,,,,,,,,,,,Jul 4 2019 4:34:02.1680 PM,Jul 4 2019 4:34:02.1690 PM,.0005
Query MLB SN,Query MLB SN,Query MLB SN,,PASS,,,,,,,,,Jul 4 2019 4:34:02.1690 PM,Jul 4 2019 4:34:02.1690 PM,0
Read MLB SN,,,,,,,,,,,,,Jul 4 2019 4:34:02.1700 PM,Jul 4 2019 4:34:09.6110 PM,7.4408
Read MLB SN,Read MLB SN,[Hid] /usr/local/bin/hidreport -p 0x026E -i 0 get 0x12,,PASS,,,,,,,,,Jul 4 2019 4:34:02.2050 PM,Jul 4 2019 4:34:02.2050 PM,0
Read MLB SN,Read MLB SN,[Hid] /usr/local/bin/hidreport -p 0x026E -i 0 get 0x12-2,,PASS,,,,,,,,,Jul 4 2019 4:34:02.8300 PM,Jul 4 2019 4:34:02.8300 PM,0
Read MLB SN,Read MLB SN,[Hid] /usr/local/bin/hidreport -p 0x026E -i 0 get 0x12-3,,PASS,,,,,,,,,Jul 4 2019 4:34:03.4540 PM,Jul 4 2019 4:34:03.4540 PM,0
Read MLB SN,Read MLB SN,[Fixture] Power off,sendCommand,PASS,,,,,,,,,Jul 4 2019 4:34:04.0430 PM,Jul 4 2019 4:34:04.0530 PM,.0096
Read MLB SN,Read MLB SN,[Fixture] Power on,sendCommand,PASS,,,,,,,,,Jul 4 2019 4:34:07.1230 PM,Jul 4 2019 4:34:07.1380 PM,.0157
Read MLB SN,Read MLB SN,[Hid] /usr/local/bin/hidreport -p 0x026E -i 0 get 0x12-4,,PASS,,,,,,,,,Jul 4 2019 4:34:09.2580 PM,Jul 4 2019 4:34:09.2580 PM,0
Read MLB SN,Read MLB SN,Read MLB SN,DLX92540021N6R51S,PASS,,,,,,,,,Jul 4 2019 4:34:09.6110 PM,Jul 4 2019 4:34:09.6110 PM,0
Check MLB SN,,,,,,,,,,,,,Jul 4 2019 4:34:09.6140 PM,Jul 4 2019 4:34:09.6140 PM,.0007
Check MLB SN,Check MLB SN,Check MLB SN,,PASS,,,,,,,,,Jul 4 2019 4:34:09.6140 PM,Jul 4 2019 4:34:09.6140 PM,0
Read Main FW Version Before DL,,,,,,,,,,,,,Jul 4 2019 4:34:09.6170 PM,Jul 4 2019 4:34:10.0650 PM,.4477
Read Main FW Version Before DL,Read Main FW Version Before DL,[Hid] /usr/local/bin/hidreport -p 0x026E -i 0 get 0xB4,,PASS,,,,,,,,,Jul 4 2019 4:34:09.6810 PM,Jul 4 2019 4:34:09.6810 PM,0
Read Main FW Version Before DL,Read Main FW Version Before DL,Read FW Version Before DL,0x80,PASS,,,,,,,,,Jul 4 2019 4:34:10.0640 PM,Jul 4 2019 4:34:10.0640 PM,0
Read Main FW Version Before DL,Read Main FW Version Before DL,Read FW Version Before DL,,PASS,,128,NA,,,,,NA,Jul 4 2019 4:34:10.0650 PM,Jul 4 2019 4:34:10.0650 PM,0
Program Main FW,,,,,,,,,,,,,Jul 4 2019 4:34:10.0670 PM,Jul 4 2019 4:34:11.0680 PM,1.001
Program Main FW,Program Main FW,"Not downloading: already contain latest STFW, version: 0x80",,PASS,,,,,,,,,Jul 4 2019 4:34:11.0670 PM,Jul 4 2019 4:34:11.0670 PM,0
Read Main FW Version After DL,,,,,,,,,,,,,Jul 4 2019 4:34:11.0710 PM,Jul 4 2019 4:34:11.0730 PM,.0024
Read Main FW Version After DL,Read Main FW Version After DL,Read FW Version After DL,,PASS,,,,,,,,,Jul 4 2019 4:34:11.0710 PM,Jul 4 2019 4:34:11.0710 PM,0
Read Main FW Version After DL,Read Main FW Version After DL,Read FW Version After DL-2,,PASS,,128,NA,128,128,,,NA,Jul 4 2019 4:34:11.0720 PM,Jul 4 2019 4:34:11.0720 PM,0
Enable all endponits,,,,,,,,,,,,,Jul 4 2019 4:34:11.0760 PM,Jul 4 2019 4:34:25.1740 PM,14.0978
Enable all endponits,Enable all endponits,[Hid] /usr/local/bin/hidreport -p 0x026E -vid 0x05ac -i 0 set 0x3d 0x3d 0x13 0 0 0 123,,PASS,,,,,,,,,Jul 4 2019 4:34:11.1360 PM,Jul 4 2019 4:34:11.1360 PM,0
Enable all endponits,Enable all endponits,[Hid] /usr/local/bin/hidreport -p 0x026E -vid 0x05ac -i 0 set 0x3d 0x3d 0x13 0 0 0 123-2,,PASS,,,,,,,,,Jul 4 2019 4:34:11.8140 PM,Jul 4 2019 4:34:11.8140 PM,0
Enable all endponits,Enable all endponits,[Hid] /usr/local/bin/hidreport -p 0x026E -vid 0x05ac -i 0 set 0x3d 0x3d 0x13 0 0 0 123-3,,PASS,,,,,,,,,Jul 4 2019 4:34:12.4510 PM,Jul 4 2019 4:34:12.4510 PM,0
Enable all endponits,Enable all endponits,[Fixture] Power off,sendCommand,PASS,,,,,,,,,Jul 4 2019 4:34:13.0690 PM,Jul 4 2019 4:34:13.0860 PM,.0174
Enable all endponits,Enable all endponits,[Fixture] Power on,sendCommand,PASS,,,,,,,,,Jul 4 2019 4:34:16.1550 PM,Jul 4 2019 4:34:16.1730 PM,.0184
Enable all endponits,Enable all endponits,[Hid] /usr/local/bin/hidreport -p 0x026E -vid 0x05ac -i 0 set 0x3d 0x3d 0x13 0 0 0 123-4,,PASS,,,,,,,,,Jul 4 2019 4:34:18.2880 PM,Jul 4 2019 4:34:18.2880 PM,0
Enable all endponits,Enable all endponits,[Hid] /usr/local/bin/hidreport -p 0x026E -vid 0x05ac -i 0 set 0x3d 0x3d 0x13 0 0 0 123-5,,PASS,,,,,,,,,Jul 4 2019 4:34:18.8420 PM,Jul 4 2019 4:34:18.8420 PM,0
Enable all endponits,Enable all endponits,[Hid] /usr/local/bin/hidreport -p 0x026E -vid 0x05ac -i 0 set 0x3d 0x3d 0x13 0 0 0 123-6,,PASS,,,,,,,,,Jul 4 2019 4:34:19.4710 PM,Jul 4 2019 4:34:19.4710 PM,0
Enable all endponits,Enable all endponits,[Fixture] Power off,sendCommand-2,PASS,,,,,,,,,Jul 4 2019 4:34:20.0090 PM,Jul 4 2019 4:34:20.0130 PM,.0042
Enable all endponits,Enable all endponits,[Fixture] Power on,sendCommand-2,PASS,,,,,,,,,Jul 4 2019 4:34:23.0830 PM,Jul 4 2019 4:34:23.1000 PM,.0177
Enable all endponits,Enable all endponits,CMD_RETRY,RETRY_FAIL_EnableAllEndPoints_1,FAIL,Failed limits,1,,0,0,,,,Jul 4 2019 4:34:25.1730 PM,Jul 4 2019 4:34:25.1730 PM,0
Enable all endponits,Enable all endponits,,,FAIL,"$#@!(FAIL_CMD: /usr/local/bin/hidreport -p 0x026E -vid 0x05ac -i 0 set 0x3d 0x3d 0x13 0 0 0 123, , """")",,,,,,,,Jul 4 2019 4:34:25.1740 PM,Jul 4 2019 4:34:25.1740 PM,0
Fixture reset,,,,,,,,,,,,,Jul 4 2019 4:34:25.1770 PM,Jul 4 2019 4:34:26.9580 PM,1.7815
Fixture reset,Fixture reset,[Fixture] Retract pogo,sendCommand,PASS,,,,,,,,,Jul 4 2019 4:34:25.1780 PM,Jul 4 2019 4:34:25.8840 PM,.706
Fixture reset,Fixture reset,Fixture,close,PASS,,,,,,,,,Jul 4 2019 4:34:26.9530 PM,Jul 4 2019 4:34:26.9540 PM,.0005
Fixture reset,Fixture reset,P203,close,PASS,,,,,,,,,Jul 4 2019 4:34:26.9550 PM,Jul 4 2019 4:34:26.9570 PM,.0023
Finish DRCB,,,,,,,,,,,,,Jul 4 2019 4:34:26.9600 PM,Jul 4 2019 4:34:26.9630 PM,.0025
Finish DRCB,Finish DRCB,DRCB,Finish,ERROR,"finish needs data reporting to be started before being called, did you call startDataReporting?",,,,,,,,Jul 4 2019 4:34:26.9610 PM,Jul 4 2019 4:34:26.9610 PM,0
Finish DRCB,Finish DRCB,,,FAIL,"$#@!(com.apple.hwte.rush.module.atlas.exception.PluginFailedError, :NIL:, ""DRCB.finish failed"")",,,,,,,,Jul 4 2019 4:34:26.9620 PM,Jul 4 2019 4:34:26.9620 PM,0
