Test,Plugin,Command,Status,Info,Start Time,End Time,Duration (s)
Scan SN,com.apple.hwte.atlas.AppPlugin,show-form,PASS,,Jul 4 2019 4:33:51.7980 PM,Jul 4 2019 4:33:55.2390 PM,3.4415
Fixture init,Fixture,changeDelimiter,PASS,,Jul 4 2019 4:33:55.2440 PM,Jul 4 2019 4:33:55.2440 PM,.0001
Fixture init,Fixture,changeLineTerminator,PASS,,Jul 4 2019 4:33:55.2460 PM,Jul 4 2019 4:33:55.2470 PM,0
Fixture init,Fixture,open,PASS,,Jul 4 2019 4:33:55.2480 PM,Jul 4 2019 4:33:56.8460 PM,1.5976
Fixture init,Fixture,read,PASS,,Jul 4 2019 4:33:56.8480 PM,Jul 4 2019 4:33:56.8770 PM,.029
Fixture init,P203,changeDelimiter,PASS,,Jul 4 2019 4:33:56.8780 PM,Jul 4 2019 4:33:56.8790 PM,.0001
Fixture init,P203,changeLineTerminator,PASS,,Jul 4 2019 4:33:56.8800 PM,Jul 4 2019 4:33:56.8800 PM,0
Fixture init,P203,open,PASS,,Jul 4 2019 4:33:56.8820 PM,Jul 4 2019 4:33:58.4750 PM,1.5939
Fixture init,P203,read,PASS,,Jul 4 2019 4:33:58.4770 PM,Jul 4 2019 4:33:58.5060 PM,.0289
Fixture init,Fixture,sendCommand,PASS,,Jul 4 2019 4:33:58.5080 PM,Jul 4 2019 4:33:58.5220 PM,.0148
Fixture init,Fixture,sendCommand,PASS,,Jul 4 2019 4:33:58.5240 PM,Jul 4 2019 4:33:58.5420 PM,.0181
Fixture init,Fixture,sendCommand,PASS,,Jul 4 2019 4:33:59.6140 PM,Jul 4 2019 4:34:00.0250 PM,.4112
Get SFC Info,SFCSupport,getAttribute,PASS,,Jul 4 2019 4:34:02.0990 PM,Jul 4 2019 4:34:02.1270 PM,.0278
Get SFC Info,SFCSupport,getAttribute,PASS,,Jul 4 2019 4:34:02.1290 PM,Jul 4 2019 4:34:02.1330 PM,.0041
Get SFC Info,SFCSupport,getAttribute,PASS,,Jul 4 2019 4:34:02.1360 PM,Jul 4 2019 4:34:02.1410 PM,.0055
Get SFC Info,SFCSupport,getAttribute,PASS,,Jul 4 2019 4:34:02.1440 PM,Jul 4 2019 4:34:02.1470 PM,.0035
Get SFC Info,SFCSupport,getAttribute,PASS,,Jul 4 2019 4:34:02.1490 PM,Jul 4 2019 4:34:02.1530 PM,.0041
Read MLB SN,Fixture,sendCommand,PASS,,Jul 4 2019 4:34:04.0430 PM,Jul 4 2019 4:34:04.0530 PM,.0096
Read MLB SN,Fixture,sendCommand,PASS,,Jul 4 2019 4:34:07.1230 PM,Jul 4 2019 4:34:07.1380 PM,.0157
Enable all endponits,Fixture,sendCommand,PASS,,Jul 4 2019 4:34:13.0690 PM,Jul 4 2019 4:34:13.0860 PM,.0174
Enable all endponits,Fixture,sendCommand,PASS,,Jul 4 2019 4:34:16.1550 PM,Jul 4 2019 4:34:16.1730 PM,.0185
Enable all endponits,Fixture,sendCommand,PASS,,Jul 4 2019 4:34:20.0090 PM,Jul 4 2019 4:34:20.0130 PM,.0042
Enable all endponits,Fixture,sendCommand,PASS,,Jul 4 2019 4:34:23.0830 PM,Jul 4 2019 4:34:23.1000 PM,.0177
Fixture reset,Fixture,sendCommand,PASS,,Jul 4 2019 4:34:25.1780 PM,Jul 4 2019 4:34:25.8840 PM,.7061
Fixture reset,Fixture,close,PASS,,Jul 4 2019 4:34:26.9530 PM,Jul 4 2019 4:34:26.9540 PM,.0005
Fixture reset,P203,close,PASS,,Jul 4 2019 4:34:26.9550 PM,Jul 4 2019 4:34:26.9580 PM,.0023
Finish DRCB,DRCB,finish,ERROR,"finish needs data reporting to be started before being called, did you call startDataReporting?; ",Jul 4 2019 4:34:26.9610 PM,Jul 4 2019 4:34:26.9610 PM,.0001
