document_version, 1.0
station_name,SW-DOWNLOAD
station_id,FXLH_F05-4FT-01_1_SW-DOWNLOAD
station_sw,Atlas
station_sw_version,Atlas

tag,start_time,duration
Scan SN, 1563958661.63, 2.96
Fixture init, 1563958664.58, 6.65
Start Data Reporting, 1563958671.23, 0.02
Get SFC Info, 1563958671.25, 1.06
BUILD EVENT, 1563958672.31, 0.00
S_BUILD, 1563958672.31, 0.00
WO_SN, 1563958672.31, 0.00
UNIT LBL, 1563958672.32, 0.00
Endpoint init, 1563958672.32, 2.22
Auth Check, 1563958674.54, 4.15
Query MLB SN, 1563958678.69, 0.00
Read MLB SN, 1563958678.69, 0.09
Check MLB SN, 1563958678.78, 0.00
Read Main FW Version Before DL, 1563958678.79, 0.08
Program MTFW, 1563958678.87, 1.11
Program Main FW, 1563958679.97, 71.66
Read Main FW Version After DL, 1563958751.63, 0.05
Touch FW, 1563958751.68, 0.06
Fixture reset, 1563958751.74, 1.30
Finish DRCB, 1563958753.04, 0.09
full_test_durations, 1563958661.61, 91.52
