Related Test,Name-1,Name-2,Name-3,Status,Info,Measurement,Units,Upper Limit,Lower Limit,Relaxed Upper Limit,Relaxed Lower Limit,Limit Units,Start Time,End Time,Duration (s)
Scan SN,,,,,,,,,,,,,Jul 24 2019 4:57:41.6270 PM,Jul 24 2019 4:57:44.5810 PM,2.9533
Scan SN,Scan SN,AtlasApp-Hyperion,show-form,PASS,,,,,,,,,Jul 24 2019 4:57:41.6290 PM,Jul 24 2019 4:57:44.5800 PM,2.9509
Fixture init,,,,,,,,,,,,,Jul 24 2019 4:57:44.5840 PM,Jul 24 2019 4:57:51.2310 PM,6.6477
Fixture init,Fixture init,Fixture,changeDelimiter,PASS,,,,,,,,,Jul 24 2019 4:57:44.5860 PM,Jul 24 2019 4:57:44.5860 PM,0
Fixture init,Fixture init,Fixture,changeLineTerminator,PASS,,,,,,,,,Jul 24 2019 4:57:44.5880 PM,Jul 24 2019 4:57:44.5880 PM,0
Fixture init,Fixture init,Fixture,open,PASS,,,,,,,,,Jul 24 2019 4:57:44.5900 PM,Jul 24 2019 4:57:46.1830 PM,1.5933
Fixture init,Fixture init,Fixture,read,PASS,,,,,,,,,Jul 24 2019 4:57:46.1850 PM,Jul 24 2019 4:57:46.2140 PM,.0291
Fixture init,Fixture init,P203,changeDelimiter,PASS,,,,,,,,,Jul 24 2019 4:57:46.2160 PM,Jul 24 2019 4:57:46.2160 PM,0
Fixture init,Fixture init,P203,changeLineTerminator,PASS,,,,,,,,,Jul 24 2019 4:57:46.2180 PM,Jul 24 2019 4:57:46.2180 PM,0
Fixture init,Fixture init,P203,open,PASS,,,,,,,,,Jul 24 2019 4:57:46.2200 PM,Jul 24 2019 4:57:47.8180 PM,1.5987
Fixture init,Fixture init,P203,read,PASS,,,,,,,,,Jul 24 2019 4:57:47.8200 PM,Jul 24 2019 4:57:47.8440 PM,.0238
Fixture init,Fixture init,[Fixture] isReady,sendCommand,PASS,,,,,,,,,Jul 24 2019 4:57:47.8460 PM,Jul 24 2019 4:57:47.8490 PM,.0037
Fixture init,Fixture init,[Fixture] power on,sendCommand,PASS,,,,,,,,,Jul 24 2019 4:57:47.8510 PM,Jul 24 2019 4:57:47.8680 PM,.0173
Fixture init,Fixture init,[P203] ,sendCommand,PASS,,,,,,,,,Jul 24 2019 4:57:48.9400 PM,Jul 24 2019 4:57:48.9560 PM,.0159
Fixture init,Fixture init,[Fixture] Engage pogo,sendCommand,PASS,,,,,,,,,Jul 24 2019 4:57:48.9580 PM,Jul 24 2019 4:57:49.1750 PM,.2173
Fixture init,Fixture init,IOFileHandle,writeToFile,PASS,,,,,,,,,Jul 24 2019 4:57:51.2290 PM,Jul 24 2019 4:57:51.2300 PM,.0006
Fixture init,Fixture init,[HID] /usr/local/bin/hidreport -p 0x026F -i 0 get 0x12,,PASS,,,,,,,,,Jul 24 2019 4:57:51.2310 PM,Jul 24 2019 4:57:51.2310 PM,0
Start Data Reporting,,,,,,,,,,,,,Jul 24 2019 4:57:51.2340 PM,Jul 24 2019 4:57:51.2500 PM,.0161
Start Data Reporting,Start Data Reporting,DRCB,StartDataReporting,PASS,,,,,,,,,Jul 24 2019 4:57:51.2370 PM,Jul 24 2019 4:57:51.2490 PM,.0115
Get SFC Info,,,,,,,,,,,,,Jul 24 2019 4:57:51.2520 PM,Jul 24 2019 4:57:52.3070 PM,1.055
Get SFC Info,Get SFC Info,SFCSupport,getAttributes,PASS,,,,,,,,,Jul 24 2019 4:57:51.2540 PM,Jul 24 2019 4:57:52.2830 PM,1.0297
Get SFC Info,Get SFC Info,GET SFC info - pansa,DKB9247009JN5RQ0W,PASS,,,,,,,,,Jul 24 2019 4:57:52.2840 PM,Jul 24 2019 4:57:52.2840 PM,0
Get SFC Info,Get SFC Info,SFCSupport,getAttributes-2,PASS,,,,,,,,,Jul 24 2019 4:57:52.2860 PM,Jul 24 2019 4:57:52.2890 PM,.0038
Get SFC Info,Get SFC Info,GET SFC info - sub_sn,,PASS,,,,,,,,,Jul 24 2019 4:57:52.2900 PM,Jul 24 2019 4:57:52.2900 PM,0
Get SFC Info,Get SFC Info,SFCSupport,getAttributes-3,PASS,,,,,,,,,Jul 24 2019 4:57:52.2910 PM,Jul 24 2019 4:57:52.2950 PM,.0039
Get SFC Info,Get SFC Info,GET SFC info - unit_lbl,R128-P1_P12-M3_P00264,PASS,,,,,,,,,Jul 24 2019 4:57:52.2960 PM,Jul 24 2019 4:57:52.2960 PM,0
Get SFC Info,Get SFC Info,SFCSupport,getAttributes-4,PASS,,,,,,,,,Jul 24 2019 4:57:52.2970 PM,Jul 24 2019 4:57:52.3000 PM,.0032
Get SFC Info,Get SFC Info,GET SFC info - wo_no,WCS-J6000C,PASS,,,,,,,,,Jul 24 2019 4:57:52.3010 PM,Jul 24 2019 4:57:52.3010 PM,0
Get SFC Info,Get SFC Info,SFCSupport,getAttributes-5,PASS,,,,,,,,,Jul 24 2019 4:57:52.3020 PM,Jul 24 2019 4:57:52.3060 PM,.0043
Get SFC Info,Get SFC Info,GET SFC info - mlb_sn,DLX9246008CN4731N,PASS,,,,,,,,,Jul 24 2019 4:57:52.3070 PM,Jul 24 2019 4:57:52.3070 PM,0
BUILD EVENT,,,,,,,,,,,,,Jul 24 2019 4:57:52.3090 PM,Jul 24 2019 4:57:52.3100 PM,.0006
BUILD EVENT,BUILD EVENT,BUILD_EVENT,R128-P1,PASS,,,,,,,,,Jul 24 2019 4:57:52.3090 PM,Jul 24 2019 4:57:52.3090 PM,0
S_BUILD,,,,,,,,,,,,,Jul 24 2019 4:57:52.3120 PM,Jul 24 2019 4:57:52.3120 PM,.0006
S_BUILD,S_BUILD,S_BUILD,R128-P1_P12-M3,PASS,,,,,,,,,Jul 24 2019 4:57:52.3120 PM,Jul 24 2019 4:57:52.3120 PM,0
WO_SN,,,,,,,,,,,,,Jul 24 2019 4:57:52.3140 PM,Jul 24 2019 4:57:52.3150 PM,.0008
WO_SN,WO_SN,Get wo_no Pass,,PASS,,,,,,,,,Jul 24 2019 4:57:52.3140 PM,Jul 24 2019 4:57:52.3140 PM,0
UNIT LBL,,,,,,,,,,,,,Jul 24 2019 4:57:52.3170 PM,Jul 24 2019 4:57:52.3180 PM,.0007
UNIT LBL,UNIT LBL,Get unit_lbl Pass,,PASS,,,,,,,,,Jul 24 2019 4:57:52.3170 PM,Jul 24 2019 4:57:52.3170 PM,0
Endpoint init,,,,,,,,,,,,,Jul 24 2019 4:57:52.3200 PM,Jul 24 2019 4:57:54.5390 PM,2.2188
Endpoint init,Endpoint init,IOFileHandle,writeToFile,PASS,,,,,,,,,Jul 24 2019 4:57:52.3800 PM,Jul 24 2019 4:57:52.3800 PM,.0002
Endpoint init,Endpoint init,[HID] /usr/local/bin/hidreport -p 0x026F -i 0 set 0x3D 0x3D 0x13 0x0 0x0 0x0,,PASS,,,,,,,,,Jul 24 2019 4:57:52.3810 PM,Jul 24 2019 4:57:52.3810 PM,0
Endpoint init,Endpoint init,IOFileHandle,writeToFile-2,PASS,,,,,,,,,Jul 24 2019 4:57:52.4310 PM,Jul 24 2019 4:57:52.4310 PM,.0001
Endpoint init,Endpoint init,[HID] /usr/local/bin/hidreport -p 0x026F -i 0 set 0x3E 0x3E 0x13 0x0 0x0 0x0 0x2,,PASS,,,,,,,,,Jul 24 2019 4:57:52.4320 PM,Jul 24 2019 4:57:52.4320 PM,0
Endpoint init,Endpoint init,[Fixture] power off,sendCommand,PASS,,,,,,,,,Jul 24 2019 4:57:52.4330 PM,Jul 24 2019 4:57:52.4490 PM,.0158
Endpoint init,Endpoint init,[Fixture] power on,sendCommand,PASS,,,,,,,,,Jul 24 2019 4:57:53.5260 PM,Jul 24 2019 4:57:53.5350 PM,.0095
Endpoint init,Endpoint init,[P203] ,sendCommand,PASS,,,,,,,,,Jul 24 2019 4:57:54.5370 PM,Jul 24 2019 4:57:54.5380 PM,.0007
Auth Check,,,,,,,,,,,,,Jul 24 2019 4:57:54.5410 PM,Jul 24 2019 4:57:58.6800 PM,4.1394
Auth Check,Auth Check,P203,read,PASS,,,,,,,,,Jul 24 2019 4:57:54.5430 PM,Jul 24 2019 4:57:54.5500 PM,.007
Auth Check,Auth Check,P203,read-2,PASS,,,,,,,,,Jul 24 2019 4:57:54.5510 PM,Jul 24 2019 4:57:54.5510 PM,.0002
Auth Check,Auth Check,P203,read-3,PASS,,,,,,,,,Jul 24 2019 4:57:54.5530 PM,Jul 24 2019 4:57:54.5740 PM,.0214
Auth Check,Auth Check,[P203] aid tx bd 1 3 24 71 3 10 0 00,sendCommandChars,PASS,,,,,,,,,Jul 24 2019 4:57:54.5760 PM,Jul 24 2019 4:57:54.6120 PM,.0358
Auth Check,Auth Check,P203,read-4,PASS,,,,,,,,,Jul 24 2019 4:57:54.6150 PM,Jul 24 2019 4:57:54.6150 PM,.0002
Auth Check,Auth Check,P203,read-5,PASS,,,,,,,,,Jul 24 2019 4:57:54.6170 PM,Jul 24 2019 4:57:54.6440 PM,.0274
Auth Check,Auth Check,P203,read-6,PASS,,,,,,,,,Jul 24 2019 4:57:54.6460 PM,Jul 24 2019 4:57:54.6750 PM,.0284
Auth Check,Auth Check,[P203] aid tx bd 2 2 24 71 3 10 8,sendCommandChars,PASS,,,,,,,,,Jul 24 2019 4:57:54.6760 PM,Jul 24 2019 4:57:54.7410 PM,.0649
Auth Check,Auth Check,1. Fetch device info,,PASS,,,,,,,,,Jul 24 2019 4:57:54.7430 PM,Jul 24 2019 4:57:54.7430 PM,0
Auth Check,Auth Check,      version: 0x07,,PASS,,,,,,,,,Jul 24 2019 4:57:54.7430 PM,Jul 24 2019 4:57:54.7430 PM,0
Auth Check,Auth Check,auth revision: 0x01,,PASS,,,,,,,,,Jul 24 2019 4:57:54.7430 PM,Jul 24 2019 4:57:54.7430 PM,0
Auth Check,Auth Check,auth protocol: 0x0300,,PASS,,,,,,,,,Jul 24 2019 4:57:54.7430 PM,Jul 24 2019 4:57:54.7430 PM,0
Auth Check,Auth Check,    device ID: 0x00000300,,PASS,,,,,,,,,Jul 24 2019 4:57:54.7440 PM,Jul 24 2019 4:57:54.7440 PM,0
Auth Check,Auth Check,P203,read-7,PASS,,,,,,,,,Jul 24 2019 4:57:54.7450 PM,Jul 24 2019 4:57:54.7450 PM,.0002
Auth Check,Auth Check,P203,read-8,PASS,,,,,,,,,Jul 24 2019 4:57:54.7460 PM,Jul 24 2019 4:57:54.7750 PM,.0288
Auth Check,Auth Check,[P203] aid tx bd 3 3 24 71 3 10 0 30,sendCommandChars,PASS,,,,,,,,,Jul 24 2019 4:57:54.7770 PM,Jul 24 2019 4:57:54.8140 PM,.0376
Auth Check,Auth Check,P203,read-9,PASS,,,,,,,,,Jul 24 2019 4:57:54.8170 PM,Jul 24 2019 4:57:54.8170 PM,.0002
Auth Check,Auth Check,P203,read-10,PASS,,,,,,,,,Jul 24 2019 4:57:54.8190 PM,Jul 24 2019 4:57:54.8450 PM,.0264
Auth Check,Auth Check,P203,read-11,PASS,,,,,,,,,Jul 24 2019 4:57:54.8470 PM,Jul 24 2019 4:57:54.8760 PM,.0288
Auth Check,Auth Check,[P203] aid tx bd 4 2 24 71 3 10 2,sendCommandChars,PASS,,,,,,,,,Jul 24 2019 4:57:54.8780 PM,Jul 24 2019 4:57:54.9150 PM,.0368
Auth Check,Auth Check,2. Fetch cert length,,PASS,,,,,,,,,Jul 24 2019 4:57:54.9180 PM,Jul 24 2019 4:57:54.9180 PM,0
Auth Check,Auth Check,P203,read-12,PASS,,,,,,,,,Jul 24 2019 4:57:54.9210 PM,Jul 24 2019 4:57:54.9210 PM,.0002
Auth Check,Auth Check,P203,read-13,PASS,,,,,,,,,Jul 24 2019 4:57:54.9230 PM,Jul 24 2019 4:57:54.9500 PM,.027
Auth Check,Auth Check,[P203] aid tx bd 5 3 24 71 3 10 0 31,sendCommandChars,PASS,,,,,,,,,Jul 24 2019 4:57:54.9520 PM,Jul 24 2019 4:57:54.9890 PM,.0369
Auth Check,Auth Check,P203,read-14,PASS,,,,,,,,,Jul 24 2019 4:57:54.9920 PM,Jul 24 2019 4:57:54.9920 PM,.0002
Auth Check,Auth Check,P203,read-15,PASS,,,,,,,,,Jul 24 2019 4:57:54.9930 PM,Jul 24 2019 4:57:55.0150 PM,.0219
Auth Check,Auth Check,P203,read-16,PASS,,,,,,,,,Jul 24 2019 4:57:55.0170 PM,Jul 24 2019 4:57:55.0390 PM,.0218
Auth Check,Auth Check,[P203] aid tx bd 6 2 24 71 3 10 23,sendCommandChars,PASS,,,,,,,,,Jul 24 2019 4:57:55.0410 PM,Jul 24 2019 4:57:55.0760 PM,.0355
Auth Check,Auth Check,P203,read-17,PASS,,,,,,,,,Jul 24 2019 4:57:55.0790 PM,Jul 24 2019 4:57:55.0790 PM,.0002
Auth Check,Auth Check,P203,read-18,PASS,,,,,,,,,Jul 24 2019 4:57:55.0810 PM,Jul 24 2019 4:57:55.1030 PM,.0225
Auth Check,Auth Check,P203,read-19,PASS,,,,,,,,,Jul 24 2019 4:57:55.1050 PM,Jul 24 2019 4:57:55.1350 PM,.0304
Auth Check,Auth Check,[P203] aid tx bd 7 2 24 71 3 10 23,sendCommandChars,PASS,,,,,,,,,Jul 24 2019 4:57:55.1370 PM,Jul 24 2019 4:57:55.1720 PM,.035
Auth Check,Auth Check,P203,read-20,PASS,,,,,,,,,Jul 24 2019 4:57:55.1750 PM,Jul 24 2019 4:57:55.1750 PM,.0001
Auth Check,Auth Check,P203,read-21,PASS,,,,,,,,,Jul 24 2019 4:57:55.1760 PM,Jul 24 2019 4:57:55.2060 PM,.0296
Auth Check,Auth Check,P203,read-22,PASS,,,,,,,,,Jul 24 2019 4:57:55.2080 PM,Jul 24 2019 4:57:55.2350 PM,.0275
Auth Check,Auth Check,[P203] aid tx bd 8 2 24 71 3 10 23,sendCommandChars,PASS,,,,,,,,,Jul 24 2019 4:57:55.2370 PM,Jul 24 2019 4:57:55.2720 PM,.035
Auth Check,Auth Check,P203,read-23,PASS,,,,,,,,,Jul 24 2019 4:57:55.2750 PM,Jul 24 2019 4:57:55.2750 PM,.0001
Auth Check,Auth Check,P203,read-24,PASS,,,,,,,,,Jul 24 2019 4:57:55.2760 PM,Jul 24 2019 4:57:55.3030 PM,.027
Auth Check,Auth Check,P203,read-25,PASS,,,,,,,,,Jul 24 2019 4:57:55.3050 PM,Jul 24 2019 4:57:55.3260 PM,.0205
Auth Check,Auth Check,[P203] aid tx bd 9 2 24 71 3 10 17,sendCommandChars,PASS,,,,,,,,,Jul 24 2019 4:57:55.3270 PM,Jul 24 2019 4:57:55.3630 PM,.0355
Auth Check,Auth Check,P203,read-26,PASS,,,,,,,,,Jul 24 2019 4:57:55.3660 PM,Jul 24 2019 4:57:55.3660 PM,.0001
Auth Check,Auth Check,P203,read-27,PASS,,,,,,,,,Jul 24 2019 4:57:55.3680 PM,Jul 24 2019 4:57:55.3970 PM,.0298
Auth Check,Auth Check,[P203] aid tx bd a 3 24 71 3 10 0 32,sendCommandChars,PASS,,,,,,,,,Jul 24 2019 4:57:55.3990 PM,Jul 24 2019 4:57:55.4330 PM,.034
Auth Check,Auth Check,P203,read-28,PASS,,,,,,,,,Jul 24 2019 4:57:55.4350 PM,Jul 24 2019 4:57:55.4350 PM,.0002
Auth Check,Auth Check,P203,read-29,PASS,,,,,,,,,Jul 24 2019 4:57:55.4370 PM,Jul 24 2019 4:57:55.4600 PM,.0233
Auth Check,Auth Check,P203,read-30,PASS,,,,,,,,,Jul 24 2019 4:57:55.4620 PM,Jul 24 2019 4:57:55.4830 PM,.0213
Auth Check,Auth Check,[P203] aid tx bd b 2 24 71 3 10 23,sendCommandChars,PASS,,,,,,,,,Jul 24 2019 4:57:55.4840 PM,Jul 24 2019 4:57:55.5180 PM,.0341
Auth Check,Auth Check,P203,read-31,PASS,,,,,,,,,Jul 24 2019 4:57:55.5210 PM,Jul 24 2019 4:57:55.5210 PM,.0001
Auth Check,Auth Check,P203,read-32,PASS,,,,,,,,,Jul 24 2019 4:57:55.5230 PM,Jul 24 2019 4:57:55.5510 PM,.0284
Auth Check,Auth Check,P203,read-33,PASS,,,,,,,,,Jul 24 2019 4:57:55.5530 PM,Jul 24 2019 4:57:55.5760 PM,.0228
Auth Check,Auth Check,[P203] aid tx bd c 2 24 71 3 10 23,sendCommandChars,PASS,,,,,,,,,Jul 24 2019 4:57:55.5770 PM,Jul 24 2019 4:57:55.6120 PM,.0354
Auth Check,Auth Check,P203,read-34,PASS,,,,,,,,,Jul 24 2019 4:57:55.6150 PM,Jul 24 2019 4:57:55.6150 PM,.0001
Auth Check,Auth Check,P203,read-35,PASS,,,,,,,,,Jul 24 2019 4:57:55.6160 PM,Jul 24 2019 4:57:55.6460 PM,.0294
Auth Check,Auth Check,P203,read-36,PASS,,,,,,,,,Jul 24 2019 4:57:55.6480 PM,Jul 24 2019 4:57:55.6710 PM,.0232
Auth Check,Auth Check,[P203] aid tx bd d 2 24 71 3 10 23,sendCommandChars,PASS,,,,,,,,,Jul 24 2019 4:57:55.6720 PM,Jul 24 2019 4:57:55.7070 PM,.0352
Auth Check,Auth Check,P203,read-37,PASS,,,,,,,,,Jul 24 2019 4:57:55.7110 PM,Jul 24 2019 4:57:55.7110 PM,.0002
Auth Check,Auth Check,P203,read-38,PASS,,,,,,,,,Jul 24 2019 4:57:55.7120 PM,Jul 24 2019 4:57:55.7340 PM,.0217
Auth Check,Auth Check,P203,read-39,PASS,,,,,,,,,Jul 24 2019 4:57:55.7360 PM,Jul 24 2019 4:57:55.7580 PM,.0221
Auth Check,Auth Check,[P203] aid tx bd e 2 24 71 3 10 17,sendCommandChars,PASS,,,,,,,,,Jul 24 2019 4:57:55.7590 PM,Jul 24 2019 4:57:55.7950 PM,.0357
Auth Check,Auth Check,P203,read-40,PASS,,,,,,,,,Jul 24 2019 4:57:55.8010 PM,Jul 24 2019 4:57:55.8010 PM,.0002
Auth Check,Auth Check,P203,read-41,PASS,,,,,,,,,Jul 24 2019 4:57:55.8040 PM,Jul 24 2019 4:57:55.8260 PM,.0225
Auth Check,Auth Check,[P203] aid tx bd f 3 24 71 3 10 0 33,sendCommandChars,PASS,,,,,,,,,Jul 24 2019 4:57:55.8290 PM,Jul 24 2019 4:57:55.8690 PM,.0403
Auth Check,Auth Check,P203,read-42,PASS,,,,,,,,,Jul 24 2019 4:57:55.8720 PM,Jul 24 2019 4:57:55.8720 PM,.0002
Auth Check,Auth Check,P203,read-43,PASS,,,,,,,,,Jul 24 2019 4:57:55.8740 PM,Jul 24 2019 4:57:55.8960 PM,.0223
Auth Check,Auth Check,P203,read-44,PASS,,,,,,,,,Jul 24 2019 4:57:55.8980 PM,Jul 24 2019 4:57:55.9260 PM,.028
Auth Check,Auth Check,[P203] aid tx bd 10 2 24 71 3 10 23,sendCommandChars,PASS,,,,,,,,,Jul 24 2019 4:57:55.9280 PM,Jul 24 2019 4:57:55.9630 PM,.0356
Auth Check,Auth Check,P203,read-45,PASS,,,,,,,,,Jul 24 2019 4:57:55.9680 PM,Jul 24 2019 4:57:55.9680 PM,.0002
Auth Check,Auth Check,P203,read-46,PASS,,,,,,,,,Jul 24 2019 4:57:55.9710 PM,Jul 24 2019 4:57:55.9960 PM,.0247
Auth Check,Auth Check,P203,read-47,PASS,,,,,,,,,Jul 24 2019 4:57:55.9980 PM,Jul 24 2019 4:57:56.0260 PM,.028
Auth Check,Auth Check,[P203] aid tx bd 11 2 24 71 3 10 23,sendCommandChars,PASS,,,,,,,,,Jul 24 2019 4:57:56.0280 PM,Jul 24 2019 4:57:56.0640 PM,.0359
Auth Check,Auth Check,P203,read-48,PASS,,,,,,,,,Jul 24 2019 4:57:56.0660 PM,Jul 24 2019 4:57:56.0660 PM,.0002
Auth Check,Auth Check,P203,read-49,PASS,,,,,,,,,Jul 24 2019 4:57:56.0670 PM,Jul 24 2019 4:57:56.0960 PM,.029
Auth Check,Auth Check,P203,read-50,PASS,,,,,,,,,Jul 24 2019 4:57:56.0980 PM,Jul 24 2019 4:57:56.1270 PM,.0286
Auth Check,Auth Check,[P203] aid tx bd 12 2 24 71 3 10 23,sendCommandChars,PASS,,,,,,,,,Jul 24 2019 4:57:56.1290 PM,Jul 24 2019 4:57:56.1660 PM,.0371
Auth Check,Auth Check,P203,read-51,PASS,,,,,,,,,Jul 24 2019 4:57:56.1690 PM,Jul 24 2019 4:57:56.1690 PM,.0002
Auth Check,Auth Check,P203,read-52,PASS,,,,,,,,,Jul 24 2019 4:57:56.1700 PM,Jul 24 2019 4:57:56.1970 PM,.0265
Auth Check,Auth Check,P203,read-53,PASS,,,,,,,,,Jul 24 2019 4:57:56.1990 PM,Jul 24 2019 4:57:56.2280 PM,.0285
Auth Check,Auth Check,[P203] aid tx bd 13 2 24 71 3 10 17,sendCommandChars,PASS,,,,,,,,,Jul 24 2019 4:57:56.2290 PM,Jul 24 2019 4:57:56.2650 PM,.0354
Auth Check,Auth Check,P203,read-54,PASS,,,,,,,,,Jul 24 2019 4:57:56.2680 PM,Jul 24 2019 4:57:56.2680 PM,.0002
Auth Check,Auth Check,P203,read-55,PASS,,,,,,,,,Jul 24 2019 4:57:56.2700 PM,Jul 24 2019 4:57:56.2930 PM,.0237
Auth Check,Auth Check,[P203] aid tx bd 14 3 24 71 3 10 0 34,sendCommandChars,PASS,,,,,,,,,Jul 24 2019 4:57:56.2950 PM,Jul 24 2019 4:57:56.3320 PM,.0363
Auth Check,Auth Check,P203,read-56,PASS,,,,,,,,,Jul 24 2019 4:57:56.3340 PM,Jul 24 2019 4:57:56.3350 PM,.0003
Auth Check,Auth Check,P203,read-57,PASS,,,,,,,,,Jul 24 2019 4:57:56.3370 PM,Jul 24 2019 4:57:56.3570 PM,.0209
Auth Check,Auth Check,P203,read-58,PASS,,,,,,,,,Jul 24 2019 4:57:56.3600 PM,Jul 24 2019 4:57:56.3830 PM,.0234
Auth Check,Auth Check,[P203] aid tx bd 15 2 24 71 3 10 23,sendCommandChars,PASS,,,,,,,,,Jul 24 2019 4:57:56.3850 PM,Jul 24 2019 4:57:56.4210 PM,.036
Auth Check,Auth Check,P203,read-59,PASS,,,,,,,,,Jul 24 2019 4:57:56.4230 PM,Jul 24 2019 4:57:56.4240 PM,.0001
Auth Check,Auth Check,P203,read-60,PASS,,,,,,,,,Jul 24 2019 4:57:56.4250 PM,Jul 24 2019 4:57:56.4480 PM,.0228
Auth Check,Auth Check,P203,read-61,PASS,,,,,,,,,Jul 24 2019 4:57:56.4500 PM,Jul 24 2019 4:57:56.4710 PM,.0213
Auth Check,Auth Check,[P203] aid tx bd 16 2 24 71 3 10 23,sendCommandChars,PASS,,,,,,,,,Jul 24 2019 4:57:56.4730 PM,Jul 24 2019 4:57:56.5090 PM,.0359
Auth Check,Auth Check,P203,read-62,PASS,,,,,,,,,Jul 24 2019 4:57:56.5110 PM,Jul 24 2019 4:57:56.5110 PM,.0002
Auth Check,Auth Check,P203,read-63,PASS,,,,,,,,,Jul 24 2019 4:57:56.5130 PM,Jul 24 2019 4:57:56.5380 PM,.0252
Auth Check,Auth Check,P203,read-64,PASS,,,,,,,,,Jul 24 2019 4:57:56.5400 PM,Jul 24 2019 4:57:56.5680 PM,.0279
Auth Check,Auth Check,[P203] aid tx bd 17 2 24 71 3 10 23,sendCommandChars,PASS,,,,,,,,,Jul 24 2019 4:57:56.5700 PM,Jul 24 2019 4:57:56.6080 PM,.039
Auth Check,Auth Check,P203,read-65,PASS,,,,,,,,,Jul 24 2019 4:57:56.6110 PM,Jul 24 2019 4:57:56.6110 PM,.0002
Auth Check,Auth Check,P203,read-66,PASS,,,,,,,,,Jul 24 2019 4:57:56.6120 PM,Jul 24 2019 4:57:56.6380 PM,.0259
Auth Check,Auth Check,P203,read-67,PASS,,,,,,,,,Jul 24 2019 4:57:56.6400 PM,Jul 24 2019 4:57:56.6680 PM,.0278
Auth Check,Auth Check,[P203] aid tx bd 18 2 24 71 3 10 17,sendCommandChars,PASS,,,,,,,,,Jul 24 2019 4:57:56.6700 PM,Jul 24 2019 4:57:56.7050 PM,.0357
Auth Check,Auth Check,P203,read-68,PASS,,,,,,,,,Jul 24 2019 4:57:56.7100 PM,Jul 24 2019 4:57:56.7100 PM,.0002
Auth Check,Auth Check,P203,read-69,PASS,,,,,,,,,Jul 24 2019 4:57:56.7120 PM,Jul 24 2019 4:57:56.7350 PM,.0232
Auth Check,Auth Check,[P203] aid tx bd 19 3 24 71 3 10 0 35,sendCommandChars,PASS,,,,,,,,,Jul 24 2019 4:57:56.7370 PM,Jul 24 2019 4:57:56.7720 PM,.0353
Auth Check,Auth Check,P203,read-70,PASS,,,,,,,,,Jul 24 2019 4:57:56.7750 PM,Jul 24 2019 4:57:56.7750 PM,.0002
Auth Check,Auth Check,P203,read-71,PASS,,,,,,,,,Jul 24 2019 4:57:56.7770 PM,Jul 24 2019 4:57:56.7990 PM,.0218
Auth Check,Auth Check,P203,read-72,PASS,,,,,,,,,Jul 24 2019 4:57:56.8010 PM,Jul 24 2019 4:57:56.8290 PM,.0278
Auth Check,Auth Check,[P203] aid tx bd 1a 2 24 71 3 10 23,sendCommandChars,PASS,,,,,,,,,Jul 24 2019 4:57:56.8300 PM,Jul 24 2019 4:57:56.8660 PM,.0359
Auth Check,Auth Check,P203,read-73,PASS,,,,,,,,,Jul 24 2019 4:57:56.8690 PM,Jul 24 2019 4:57:56.8690 PM,.0002
Auth Check,Auth Check,P203,read-74,PASS,,,,,,,,,Jul 24 2019 4:57:56.8700 PM,Jul 24 2019 4:57:56.8980 PM,.0275
Auth Check,Auth Check,P203,read-75,PASS,,,,,,,,,Jul 24 2019 4:57:56.9000 PM,Jul 24 2019 4:57:56.9290 PM,.0297
Auth Check,Auth Check,[P203] aid tx bd 1b 2 24 71 3 10 23,sendCommandChars,PASS,,,,,,,,,Jul 24 2019 4:57:56.9310 PM,Jul 24 2019 4:57:56.9660 PM,.0356
Auth Check,Auth Check,P203,read-76,PASS,,,,,,,,,Jul 24 2019 4:57:56.9690 PM,Jul 24 2019 4:57:56.9700 PM,.0002
Auth Check,Auth Check,P203,read-77,PASS,,,,,,,,,Jul 24 2019 4:57:56.9710 PM,Jul 24 2019 4:57:57.0000 PM,.0288
Auth Check,Auth Check,P203,read-78,PASS,,,,,,,,,Jul 24 2019 4:57:57.0020 PM,Jul 24 2019 4:57:57.0300 PM,.028
Auth Check,Auth Check,[P203] aid tx bd 1c 2 24 71 3 10 1a,sendCommandChars,PASS,,,,,,,,,Jul 24 2019 4:57:57.0320 PM,Jul 24 2019 4:57:57.0670 PM,.0356
Auth Check,Auth Check,3. Fetch cert,,PASS,,,,,,,,,Jul 24 2019 4:57:57.0690 PM,Jul 24 2019 4:57:57.0690 PM,0
Auth Check,Auth Check,IOFileHandle,writeCertFile,PASS,,,,,,,,,Jul 24 2019 4:57:57.0720 PM,Jul 24 2019 4:57:57.0780 PM,.0059
Auth Check,Auth Check,4. Save cert,,PASS,,,,,,,,,Jul 24 2019 4:57:57.0790 PM,Jul 24 2019 4:57:57.0790 PM,0
Auth Check,Auth Check,[HID] /usr/local/bin/mfi-cert validate-cert v3 /Users/gdlocal/Intelli_Log/cert.der,,PASS,,,,,,,,,Jul 24 2019 4:57:57.1240 PM,Jul 24 2019 4:57:57.1240 PM,0
Auth Check,Auth Check,5. Validate cert,,PASS,,,,,,,,,Jul 24 2019 4:57:57.1250 PM,Jul 24 2019 4:57:57.1250 PM,0
Auth Check,Auth Check,[HID] /usr/local/bin/mfi-cert gen-challenge /Users/gdlocal/Intelli_Log/cert.der /Users/gdlocal/Intelli_Log/challenge.bin,,PASS,,,,,,,,,Jul 24 2019 4:57:57.1630 PM,Jul 24 2019 4:57:57.1630 PM,0
Auth Check,Auth Check,6. Generate challenge,,PASS,,,,,,,,,Jul 24 2019 4:57:57.1640 PM,Jul 24 2019 4:57:57.1640 PM,0
Auth Check,Auth Check,P203,read-79,PASS,,,,,,,,,Jul 24 2019 4:57:57.1720 PM,Jul 24 2019 4:57:57.1720 PM,.0002
Auth Check,Auth Check,P203,read-80,PASS,,,,,,,,,Jul 24 2019 4:57:57.1740 PM,Jul 24 2019 4:57:57.2000 PM,.0265
Auth Check,Auth Check,[P203] aid tx bd 1d 5 24 71 3 10 0 20 00 20,sendCommandChars,PASS,,,,,,,,,Jul 24 2019 4:57:57.2020 PM,Jul 24 2019 4:57:57.2410 PM,.0393
Auth Check,Auth Check,P203,read-81,PASS,,,,,,,,,Jul 24 2019 4:57:57.2450 PM,Jul 24 2019 4:57:57.2460 PM,.0001
Auth Check,Auth Check,P203,read-82,PASS,,,,,,,,,Jul 24 2019 4:57:57.2470 PM,Jul 24 2019 4:57:57.2700 PM,.0232
Auth Check,Auth Check,[P203] aid tx bd 1e 23 24 71 3 10 0 21 6f 21 76 11 31 92 36 34 02 a4 64 ff ff c0 c1 a4 b5 d6 d0 ec e5 37 25 f7 e9 19 07 92 0d d7 5a 3c,sendCommandChars,PASS,,,,,,,,,Jul 24 2019 4:57:57.2720 PM,Jul 24 2019 4:57:57.3430 PM,.0715
Auth Check,Auth Check,P203,read-83,PASS,,,,,,,,,Jul 24 2019 4:57:57.3470 PM,Jul 24 2019 4:57:57.3470 PM,.0002
Auth Check,Auth Check,P203,read-84,PASS,,,,,,,,,Jul 24 2019 4:57:57.3480 PM,Jul 24 2019 4:57:57.3710 PM,.0226
Auth Check,Auth Check,[P203] aid tx bd 1f 4 24 71 3 10 0 10 01,sendCommandChars,PASS,,,,,,,,,Jul 24 2019 4:57:57.3720 PM,Jul 24 2019 4:57:57.4090 PM,.0368
Auth Check,Auth Check,P203,read-85,PASS,,,,,,,,,Jul 24 2019 4:57:57.9860 PM,Jul 24 2019 4:57:57.9860 PM,.0002
Auth Check,Auth Check,P203,read-86,PASS,,,,,,,,,Jul 24 2019 4:57:57.9870 PM,Jul 24 2019 4:57:58.0140 PM,.0263
Auth Check,Auth Check,[P203] aid tx bd 20 3 24 71 3 10 0 10,sendCommandChars,PASS,,,,,,,,,Jul 24 2019 4:57:58.0160 PM,Jul 24 2019 4:57:58.0810 PM,.0656
Auth Check,Auth Check,P203,read-87,PASS,,,,,,,,,Jul 24 2019 4:57:58.0850 PM,Jul 24 2019 4:57:58.0850 PM,.0004
Auth Check,Auth Check,P203,read-88,PASS,,,,,,,,,Jul 24 2019 4:57:58.0870 PM,Jul 24 2019 4:57:58.1140 PM,.0274
Auth Check,Auth Check,P203,read-89,PASS,,,,,,,,,Jul 24 2019 4:57:58.1160 PM,Jul 24 2019 4:57:58.1390 PM,.0231
Auth Check,Auth Check,[P203] aid tx bd 21 2 24 71 3 10 1,sendCommandChars,PASS,,,,,,,,,Jul 24 2019 4:57:58.1410 PM,Jul 24 2019 4:57:58.1760 PM,.0351
Auth Check,Auth Check,7. Send challenge,,PASS,,,,,,,,,Jul 24 2019 4:57:58.1780 PM,Jul 24 2019 4:57:58.1780 PM,0
Auth Check,Auth Check,P203,read-90,PASS,,,,,,,,,Jul 24 2019 4:57:58.1790 PM,Jul 24 2019 4:57:58.1800 PM,.0001
Auth Check,Auth Check,P203,read-91,PASS,,,,,,,,,Jul 24 2019 4:57:58.1810 PM,Jul 24 2019 4:57:58.2040 PM,.0235
Auth Check,Auth Check,[P203] aid tx bd 22 3 24 71 3 10 0 11,sendCommandChars,PASS,,,,,,,,,Jul 24 2019 4:57:58.2060 PM,Jul 24 2019 4:57:58.2420 PM,.0361
Auth Check,Auth Check,P203,read-92,PASS,,,,,,,,,Jul 24 2019 4:57:58.2440 PM,Jul 24 2019 4:57:58.2450 PM,.0001
Auth Check,Auth Check,P203,read-93,PASS,,,,,,,,,Jul 24 2019 4:57:58.2460 PM,Jul 24 2019 4:57:58.2750 PM,.0288
Auth Check,Auth Check,P203,read-94,PASS,,,,,,,,,Jul 24 2019 4:57:58.2770 PM,Jul 24 2019 4:57:58.3050 PM,.0282
Auth Check,Auth Check,[P203] aid tx bd 23 2 24 71 3 10 2,sendCommandChars,PASS,,,,,,,,,Jul 24 2019 4:57:58.3060 PM,Jul 24 2019 4:57:58.3420 PM,.0353
Auth Check,Auth Check,P203,read-95,PASS,,,,,,,,,Jul 24 2019 4:57:58.3450 PM,Jul 24 2019 4:57:58.3450 PM,.0001
Auth Check,Auth Check,P203,read-96,PASS,,,,,,,,,Jul 24 2019 4:57:58.3460 PM,Jul 24 2019 4:57:58.3680 PM,.0221
Auth Check,Auth Check,[P203] aid tx bd 24 3 24 71 3 10 0 12,sendCommandChars,PASS,,,,,,,,,Jul 24 2019 4:57:58.3700 PM,Jul 24 2019 4:57:58.4060 PM,.0361
Auth Check,Auth Check,P203,read-97,PASS,,,,,,,,,Jul 24 2019 4:57:58.4080 PM,Jul 24 2019 4:57:58.4080 PM,.0001
Auth Check,Auth Check,P203,read-98,PASS,,,,,,,,,Jul 24 2019 4:57:58.4100 PM,Jul 24 2019 4:57:58.4350 PM,.0258
Auth Check,Auth Check,P203,read-99,PASS,,,,,,,,,Jul 24 2019 4:57:58.4380 PM,Jul 24 2019 4:57:58.4650 PM,.0279
Auth Check,Auth Check,[P203] aid tx bd 25 2 24 71 3 10 23,sendCommandChars,PASS,,,,,,,,,Jul 24 2019 4:57:58.4670 PM,Jul 24 2019 4:57:58.5020 PM,.0356
Auth Check,Auth Check,P203,read-100,PASS,,,,,,,,,Jul 24 2019 4:57:58.5050 PM,Jul 24 2019 4:57:58.5050 PM,.0002
Auth Check,Auth Check,P203,read-101,PASS,,,,,,,,,Jul 24 2019 4:57:58.5060 PM,Jul 24 2019 4:57:58.5360 PM,.0293
Auth Check,Auth Check,P203,read-102,PASS,,,,,,,,,Jul 24 2019 4:57:58.5380 PM,Jul 24 2019 4:57:58.5660 PM,.0282
Auth Check,Auth Check,[P203] aid tx bd 26 2 24 71 3 10 1d,sendCommandChars,PASS,,,,,,,,,Jul 24 2019 4:57:58.5670 PM,Jul 24 2019 4:57:58.6020 PM,.0349
Auth Check,Auth Check,IOFileHandle,writeCertFile-2,PASS,,,,,,,,,Jul 24 2019 4:57:58.6050 PM,Jul 24 2019 4:57:58.6060 PM,.0008
Auth Check,Auth Check,8. Get challenge response,,PASS,,,,,,,,,Jul 24 2019 4:57:58.6070 PM,Jul 24 2019 4:57:58.6070 PM,0
Auth Check,Auth Check,[HID] /usr/local/bin/mfi-cert verify-response /Users/gdlocal/Intelli_Log/cert.der /Users/gdlocal/Intelli_Log/challenge.bin /Users/gdlocal/Intelli_Log/challenge_resp.bin,,PASS,,,,,,,,,Jul 24 2019 4:57:58.6790 PM,Jul 24 2019 4:57:58.6790 PM,0
Auth Check,Auth Check,9. Verify challenge response,,PASS,,,,,,,,,Jul 24 2019 4:57:58.6800 PM,Jul 24 2019 4:57:58.6800 PM,0
Query MLB SN,,,,,,,,,,,,,Jul 24 2019 4:57:58.6900 PM,Jul 24 2019 4:57:58.6910 PM,.0008
Query MLB SN,Query MLB SN,Query MLB SN,DLX9246008CN4731N,PASS,,,,,,,,,Jul 24 2019 4:57:58.6910 PM,Jul 24 2019 4:57:58.6910 PM,0
Read MLB SN,,,,,,,,,,,,,Jul 24 2019 4:57:58.6940 PM,Jul 24 2019 4:57:58.7800 PM,.0859
Read MLB SN,Read MLB SN,IOFileHandle,writeToFile,PASS,,,,,,,,,Jul 24 2019 4:57:58.7590 PM,Jul 24 2019 4:57:58.7590 PM,.0004
Read MLB SN,Read MLB SN,[HID] /usr/local/bin/hidreport -p 0x026F -i 0 get 0x12,,PASS,,,,,,,,,Jul 24 2019 4:57:58.7610 PM,Jul 24 2019 4:57:58.7610 PM,0
Read MLB SN,Read MLB SN,Read MLB SN,DLX9246008CN4731N,PASS,,,,,,,,,Jul 24 2019 4:57:58.7800 PM,Jul 24 2019 4:57:58.7800 PM,0
Check MLB SN,,,,,,,,,,,,,Jul 24 2019 4:57:58.7830 PM,Jul 24 2019 4:57:58.7840 PM,.0008
Check MLB SN,Check MLB SN,Check MLB SN,,PASS,,,,,,,,,Jul 24 2019 4:57:58.7830 PM,Jul 24 2019 4:57:58.7830 PM,0
Read Main FW Version Before DL,,,,,,,,,,,,,Jul 24 2019 4:57:58.7870 PM,Jul 24 2019 4:57:58.8650 PM,.0777
Read Main FW Version Before DL,Read Main FW Version Before DL,IOFileHandle,writeToFile,PASS,,,,,,,,,Jul 24 2019 4:57:58.8620 PM,Jul 24 2019 4:57:58.8620 PM,.0001
Read Main FW Version Before DL,Read Main FW Version Before DL,[HID] /usr/local/bin/hidreport -p 0x026F -i 0 get 0xB4,,PASS,,,,,,,,,Jul 24 2019 4:57:58.8630 PM,Jul 24 2019 4:57:58.8630 PM,0
Read Main FW Version Before DL,Read Main FW Version Before DL,Read FW Version Before DL,0x80,PASS,,,,,,,,,Jul 24 2019 4:57:58.8640 PM,Jul 24 2019 4:57:58.8640 PM,0
Read Main FW Version Before DL,Read Main FW Version Before DL,Read FW Version Before DL,,PASS,,128,NA,,,,,NA,Jul 24 2019 4:57:58.8640 PM,Jul 24 2019 4:57:58.8640 PM,0
Program MTFW,,,,,,,,,,,,,Jul 24 2019 4:57:58.8700 PM,Jul 24 2019 4:57:59.9730 PM,1.1031
Program MTFW,Program MTFW,IOFileHandle,writeToFile,PASS,,,,,,,,,Jul 24 2019 4:57:58.9690 PM,Jul 24 2019 4:57:58.9690 PM,.0002
Program MTFW,Program MTFW,[HID] /usr/local/bin/hidreport -p 0x026F -i 0 get 0xbb,,PASS,,,,,,,,,Jul 24 2019 4:57:58.9700 PM,Jul 24 2019 4:57:58.9700 PM,0
Program MTFW,Program MTFW,"Not downloading: already contain Touch FW, version: 0x0497",,PASS,,,,,,,,,Jul 24 2019 4:57:59.9730 PM,Jul 24 2019 4:57:59.9730 PM,0
Program Main FW,,,,,,,,,,,,,Jul 24 2019 4:57:59.9750 PM,Jul 24 2019 4:59:11.6290 PM,71.6544
Program Main FW,Program Main FW,IOFileHandle,writeToFile,PASS,,,,,,,,,Jul 24 2019 4:58:00.0300 PM,Jul 24 2019 4:58:00.0300 PM,.0001
Program Main FW,Program Main FW,[HID] /usr/local/bin/hidreport -p 0x026F -i 0 get 0xBC,,PASS,,,,,,,,,Jul 24 2019 4:58:00.0310 PM,Jul 24 2019 4:58:00.0310 PM,0
Program Main FW,Program Main FW,IOFileHandle,writeToFile-2,PASS,,,,,,,,,Jul 24 2019 4:59:06.4580 PM,Jul 24 2019 4:59:06.4580 PM,.0002
Program Main FW,Program Main FW,[HID] /usr/local/bin/shfuc -n -v 0x05ac -p 0x026F -f /usr/local/bin/R128-v0x0080-dev-signed.128.P1.afu,,PASS,,,,,,,,,Jul 24 2019 4:59:06.4590 PM,Jul 24 2019 4:59:06.4590 PM,0
Program Main FW,Program Main FW,ProgramMainFW,,PASS,,,,,,,,,Jul 24 2019 4:59:06.4600 PM,Jul 24 2019 4:59:06.4600 PM,0
Program Main FW,Program Main FW,[Fixture] power off,sendCommand,PASS,,,,,,,,,Jul 24 2019 4:59:09.5360 PM,Jul 24 2019 4:59:09.5400 PM,.0035
Program Main FW,Program Main FW,[Fixture] power on,sendCommand,PASS,,,,,,,,,Jul 24 2019 4:59:10.6150 PM,Jul 24 2019 4:59:10.6260 PM,.0111
Program Main FW,Program Main FW,[P203] ,sendCommand,PASS,,,,,,,,,Jul 24 2019 4:59:11.6280 PM,Jul 24 2019 4:59:11.6290 PM,.0008
Read Main FW Version After DL,,,,,,,,,,,,,Jul 24 2019 4:59:11.6310 PM,Jul 24 2019 4:59:11.6830 PM,.0521
Read Main FW Version After DL,Read Main FW Version After DL,IOFileHandle,writeToFile,PASS,,,,,,,,,Jul 24 2019 4:59:11.6810 PM,Jul 24 2019 4:59:11.6820 PM,.0001
Read Main FW Version After DL,Read Main FW Version After DL,[HID] /usr/local/bin/hidreport -p 0x026F -i 0 get 0xb4,,PASS,,,,,,,,,Jul 24 2019 4:59:11.6820 PM,Jul 24 2019 4:59:11.6820 PM,0
Read Main FW Version After DL,Read Main FW Version After DL,Read FW Version After DL,,PASS,,,,,,,,,Jul 24 2019 4:59:11.6830 PM,Jul 24 2019 4:59:11.6830 PM,0
Read Main FW Version After DL,Read Main FW Version After DL,Read FW Version After DL-2,,PASS,,128,NA,128,128,,,NA,Jul 24 2019 4:59:11.6830 PM,Jul 24 2019 4:59:11.6830 PM,0
Touch FW,,,,,,,,,,,,,Jul 24 2019 4:59:11.6850 PM,Jul 24 2019 4:59:11.7380 PM,.0531
Touch FW,Touch FW,IOFileHandle,writeToFile,PASS,,,,,,,,,Jul 24 2019 4:59:11.7360 PM,Jul 24 2019 4:59:11.7370 PM,.0002
Touch FW,Touch FW,[HID] /usr/local/bin/hidreport -p 0x026F -i 0 get 0xbb,,PASS,,,,,,,,,Jul 24 2019 4:59:11.7370 PM,Jul 24 2019 4:59:11.7370 PM,0
Touch FW,Touch FW,Touch FW,,PASS,,,,,,,,,Jul 24 2019 4:59:11.7380 PM,Jul 24 2019 4:59:11.7380 PM,0
Fixture reset,,,,,,,,,,,,,Jul 24 2019 4:59:11.7410 PM,Jul 24 2019 4:59:13.0360 PM,1.2952
Fixture reset,Fixture reset,[Fixture] Retract pogo,sendCommand,PASS,,,,,,,,,Jul 24 2019 4:59:11.7420 PM,Jul 24 2019 4:59:11.9530 PM,.2111
Fixture reset,Fixture reset,Fixture,close,PASS,,,,,,,,,Jul 24 2019 4:59:13.0250 PM,Jul 24 2019 4:59:13.0300 PM,.0044
Fixture reset,Fixture reset,P203,close,PASS,,,,,,,,,Jul 24 2019 4:59:13.0310 PM,Jul 24 2019 4:59:13.0360 PM,.0043
Finish DRCB,,,,,,,,,,,,,Jul 24 2019 4:59:13.0380 PM,Jul 24 2019 4:59:13.1310 PM,.0926
Finish DRCB,Finish DRCB,DRCB,Finish,PASS,,,,,,,,,Jul 24 2019 4:59:13.0390 PM,Jul 24 2019 4:59:13.1300 PM,.0905
