Test,Plugin,Command,Status,Info,Start Time,End Time,Duration (s)
Scan SN,com.apple.hwte.atlas.AppPlugin,show-form,PASS,,Jul 24 2019 4:57:41.6290 PM,Jul 24 2019 4:57:44.5800 PM,2.9509
Fixture init,Fixture,changeDelimiter,PASS,,Jul 24 2019 4:57:44.5860 PM,Jul 24 2019 4:57:44.5860 PM,.0001
Fixture init,Fixture,changeLineTerminator,PASS,,Jul 24 2019 4:57:44.5880 PM,Jul 24 2019 4:57:44.5880 PM,0
Fixture init,Fixture,open,PASS,,Jul 24 2019 4:57:44.5900 PM,Jul 24 2019 4:57:46.1830 PM,1.5933
Fixture init,Fixture,read,PASS,,Jul 24 2019 4:57:46.1850 PM,Jul 24 2019 4:57:46.2140 PM,.0291
Fixture init,P203,changeDelimiter,PASS,,Jul 24 2019 4:57:46.2160 PM,Jul 24 2019 4:57:46.2160 PM,.0001
Fixture init,P203,changeLineTerminator,PASS,,Jul 24 2019 4:57:46.2180 PM,Jul 24 2019 4:57:46.2180 PM,0
Fixture init,P203,open,PASS,,Jul 24 2019 4:57:46.2200 PM,Jul 24 2019 4:57:47.8180 PM,1.5988
Fixture init,P203,read,PASS,,Jul 24 2019 4:57:47.8200 PM,Jul 24 2019 4:57:47.8440 PM,.0238
Fixture init,Fixture,sendCommand,PASS,,Jul 24 2019 4:57:47.8460 PM,Jul 24 2019 4:57:47.8490 PM,.0037
Fixture init,Fixture,sendCommand,PASS,,Jul 24 2019 4:57:47.8510 PM,Jul 24 2019 4:57:47.8680 PM,.0173
Fixture init,P203,sendCommand,PASS,,Jul 24 2019 4:57:48.9400 PM,Jul 24 2019 4:57:48.9560 PM,.0159
Fixture init,Fixture,sendCommand,PASS,,Jul 24 2019 4:57:48.9580 PM,Jul 24 2019 4:57:49.1750 PM,.2174
Fixture init,IOFileHandle,writeToFile,PASS,,Jul 24 2019 4:57:51.2290 PM,Jul 24 2019 4:57:51.2300 PM,.0006
Start Data Reporting,DRCB,startDataReporting,PASS,,Jul 24 2019 4:57:51.2370 PM,Jul 24 2019 4:57:51.2490 PM,.0115
Get SFC Info,SFCSupport,getAttribute,PASS,,Jul 24 2019 4:57:51.2540 PM,Jul 24 2019 4:57:52.2830 PM,1.0297
Get SFC Info,SFCSupport,getAttribute,PASS,,Jul 24 2019 4:57:52.2860 PM,Jul 24 2019 4:57:52.2890 PM,.0038
Get SFC Info,SFCSupport,getAttribute,PASS,,Jul 24 2019 4:57:52.2910 PM,Jul 24 2019 4:57:52.2950 PM,.0039
Get SFC Info,SFCSupport,getAttribute,PASS,,Jul 24 2019 4:57:52.2970 PM,Jul 24 2019 4:57:52.3000 PM,.0032
Get SFC Info,SFCSupport,getAttribute,PASS,,Jul 24 2019 4:57:52.3020 PM,Jul 24 2019 4:57:52.3060 PM,.0043
Endpoint init,IOFileHandle,writeToFile,PASS,,Jul 24 2019 4:57:52.3800 PM,Jul 24 2019 4:57:52.3800 PM,.0002
Endpoint init,IOFileHandle,writeToFile,PASS,,Jul 24 2019 4:57:52.4310 PM,Jul 24 2019 4:57:52.4310 PM,.0001
Endpoint init,Fixture,sendCommand,PASS,,Jul 24 2019 4:57:52.4330 PM,Jul 24 2019 4:57:52.4490 PM,.0158
Endpoint init,Fixture,sendCommand,PASS,,Jul 24 2019 4:57:53.5260 PM,Jul 24 2019 4:57:53.5360 PM,.0096
Endpoint init,P203,sendCommand,PASS,,Jul 24 2019 4:57:54.5370 PM,Jul 24 2019 4:57:54.5380 PM,.0007
Auth Check,P203,read,PASS,,Jul 24 2019 4:57:54.5430 PM,Jul 24 2019 4:57:54.5500 PM,.007
Auth Check,P203,read,PASS,,Jul 24 2019 4:57:54.5510 PM,Jul 24 2019 4:57:54.5510 PM,.0002
Auth Check,P203,read,PASS,,Jul 24 2019 4:57:54.5530 PM,Jul 24 2019 4:57:54.5740 PM,.0214
Auth Check,P203,sendCommandChars,PASS,,Jul 24 2019 4:57:54.5760 PM,Jul 24 2019 4:57:54.6120 PM,.0358
Auth Check,P203,read,PASS,,Jul 24 2019 4:57:54.6150 PM,Jul 24 2019 4:57:54.6150 PM,.0002
Auth Check,P203,read,PASS,,Jul 24 2019 4:57:54.6170 PM,Jul 24 2019 4:57:54.6440 PM,.0275
Auth Check,P203,read,PASS,,Jul 24 2019 4:57:54.6460 PM,Jul 24 2019 4:57:54.6750 PM,.0284
Auth Check,P203,sendCommandChars,PASS,,Jul 24 2019 4:57:54.6760 PM,Jul 24 2019 4:57:54.7410 PM,.0649
Auth Check,P203,read,PASS,,Jul 24 2019 4:57:54.7450 PM,Jul 24 2019 4:57:54.7450 PM,.0002
Auth Check,P203,read,PASS,,Jul 24 2019 4:57:54.7460 PM,Jul 24 2019 4:57:54.7750 PM,.0288
Auth Check,P203,sendCommandChars,PASS,,Jul 24 2019 4:57:54.7770 PM,Jul 24 2019 4:57:54.8140 PM,.0377
Auth Check,P203,read,PASS,,Jul 24 2019 4:57:54.8170 PM,Jul 24 2019 4:57:54.8170 PM,.0002
Auth Check,P203,read,PASS,,Jul 24 2019 4:57:54.8190 PM,Jul 24 2019 4:57:54.8450 PM,.0265
Auth Check,P203,read,PASS,,Jul 24 2019 4:57:54.8470 PM,Jul 24 2019 4:57:54.8760 PM,.0288
Auth Check,P203,sendCommandChars,PASS,,Jul 24 2019 4:57:54.8780 PM,Jul 24 2019 4:57:54.9150 PM,.0369
Auth Check,P203,read,PASS,,Jul 24 2019 4:57:54.9210 PM,Jul 24 2019 4:57:54.9210 PM,.0003
Auth Check,P203,read,PASS,,Jul 24 2019 4:57:54.9230 PM,Jul 24 2019 4:57:54.9500 PM,.027
Auth Check,P203,sendCommandChars,PASS,,Jul 24 2019 4:57:54.9520 PM,Jul 24 2019 4:57:54.9890 PM,.0369
Auth Check,P203,read,PASS,,Jul 24 2019 4:57:54.9920 PM,Jul 24 2019 4:57:54.9920 PM,.0002
Auth Check,P203,read,PASS,,Jul 24 2019 4:57:54.9930 PM,Jul 24 2019 4:57:55.0150 PM,.0219
Auth Check,P203,read,PASS,,Jul 24 2019 4:57:55.0170 PM,Jul 24 2019 4:57:55.0390 PM,.0218
Auth Check,P203,sendCommandChars,PASS,,Jul 24 2019 4:57:55.0410 PM,Jul 24 2019 4:57:55.0760 PM,.0355
Auth Check,P203,read,PASS,,Jul 24 2019 4:57:55.0790 PM,Jul 24 2019 4:57:55.0790 PM,.0003
Auth Check,P203,read,PASS,,Jul 24 2019 4:57:55.0810 PM,Jul 24 2019 4:57:55.1030 PM,.0225
Auth Check,P203,read,PASS,,Jul 24 2019 4:57:55.1050 PM,Jul 24 2019 4:57:55.1350 PM,.0304
Auth Check,P203,sendCommandChars,PASS,,Jul 24 2019 4:57:55.1370 PM,Jul 24 2019 4:57:55.1720 PM,.035
Auth Check,P203,read,PASS,,Jul 24 2019 4:57:55.1750 PM,Jul 24 2019 4:57:55.1750 PM,.0002
Auth Check,P203,read,PASS,,Jul 24 2019 4:57:55.1760 PM,Jul 24 2019 4:57:55.2060 PM,.0297
Auth Check,P203,read,PASS,,Jul 24 2019 4:57:55.2080 PM,Jul 24 2019 4:57:55.2350 PM,.0275
Auth Check,P203,sendCommandChars,PASS,,Jul 24 2019 4:57:55.2370 PM,Jul 24 2019 4:57:55.2720 PM,.0351
Auth Check,P203,read,PASS,,Jul 24 2019 4:57:55.2750 PM,Jul 24 2019 4:57:55.2750 PM,.0002
Auth Check,P203,read,PASS,,Jul 24 2019 4:57:55.2760 PM,Jul 24 2019 4:57:55.3030 PM,.027
Auth Check,P203,read,PASS,,Jul 24 2019 4:57:55.3050 PM,Jul 24 2019 4:57:55.3260 PM,.0206
Auth Check,P203,sendCommandChars,PASS,,Jul 24 2019 4:57:55.3270 PM,Jul 24 2019 4:57:55.3630 PM,.0356
Auth Check,P203,read,PASS,,Jul 24 2019 4:57:55.3660 PM,Jul 24 2019 4:57:55.3660 PM,.0002
Auth Check,P203,read,PASS,,Jul 24 2019 4:57:55.3680 PM,Jul 24 2019 4:57:55.3970 PM,.0298
Auth Check,P203,sendCommandChars,PASS,,Jul 24 2019 4:57:55.3990 PM,Jul 24 2019 4:57:55.4330 PM,.034
Auth Check,P203,read,PASS,,Jul 24 2019 4:57:55.4350 PM,Jul 24 2019 4:57:55.4350 PM,.0002
Auth Check,P203,read,PASS,,Jul 24 2019 4:57:55.4370 PM,Jul 24 2019 4:57:55.4600 PM,.0233
Auth Check,P203,read,PASS,,Jul 24 2019 4:57:55.4620 PM,Jul 24 2019 4:57:55.4830 PM,.0214
Auth Check,P203,sendCommandChars,PASS,,Jul 24 2019 4:57:55.4840 PM,Jul 24 2019 4:57:55.5180 PM,.0342
Auth Check,P203,read,PASS,,Jul 24 2019 4:57:55.5210 PM,Jul 24 2019 4:57:55.5210 PM,.0002
Auth Check,P203,read,PASS,,Jul 24 2019 4:57:55.5230 PM,Jul 24 2019 4:57:55.5510 PM,.0284
Auth Check,P203,read,PASS,,Jul 24 2019 4:57:55.5530 PM,Jul 24 2019 4:57:55.5760 PM,.0228
Auth Check,P203,sendCommandChars,PASS,,Jul 24 2019 4:57:55.5770 PM,Jul 24 2019 4:57:55.6120 PM,.0354
Auth Check,P203,read,PASS,,Jul 24 2019 4:57:55.6150 PM,Jul 24 2019 4:57:55.6150 PM,.0002
Auth Check,P203,read,PASS,,Jul 24 2019 4:57:55.6160 PM,Jul 24 2019 4:57:55.6460 PM,.0294
Auth Check,P203,read,PASS,,Jul 24 2019 4:57:55.6480 PM,Jul 24 2019 4:57:55.6710 PM,.0232
Auth Check,P203,sendCommandChars,PASS,,Jul 24 2019 4:57:55.6720 PM,Jul 24 2019 4:57:55.7070 PM,.0352
Auth Check,P203,read,PASS,,Jul 24 2019 4:57:55.7110 PM,Jul 24 2019 4:57:55.7110 PM,.0002
Auth Check,P203,read,PASS,,Jul 24 2019 4:57:55.7120 PM,Jul 24 2019 4:57:55.7340 PM,.0217
Auth Check,P203,read,PASS,,Jul 24 2019 4:57:55.7360 PM,Jul 24 2019 4:57:55.7580 PM,.0222
Auth Check,P203,sendCommandChars,PASS,,Jul 24 2019 4:57:55.7590 PM,Jul 24 2019 4:57:55.7950 PM,.0357
Auth Check,P203,read,PASS,,Jul 24 2019 4:57:55.8010 PM,Jul 24 2019 4:57:55.8010 PM,.0003
Auth Check,P203,read,PASS,,Jul 24 2019 4:57:55.8040 PM,Jul 24 2019 4:57:55.8260 PM,.0225
Auth Check,P203,sendCommandChars,PASS,,Jul 24 2019 4:57:55.8290 PM,Jul 24 2019 4:57:55.8690 PM,.0403
Auth Check,P203,read,PASS,,Jul 24 2019 4:57:55.8720 PM,Jul 24 2019 4:57:55.8720 PM,.0002
Auth Check,P203,read,PASS,,Jul 24 2019 4:57:55.8740 PM,Jul 24 2019 4:57:55.8960 PM,.0223
Auth Check,P203,read,PASS,,Jul 24 2019 4:57:55.8980 PM,Jul 24 2019 4:57:55.9260 PM,.028
Auth Check,P203,sendCommandChars,PASS,,Jul 24 2019 4:57:55.9280 PM,Jul 24 2019 4:57:55.9630 PM,.0356
Auth Check,P203,read,PASS,,Jul 24 2019 4:57:55.9680 PM,Jul 24 2019 4:57:55.9680 PM,.0003
Auth Check,P203,read,PASS,,Jul 24 2019 4:57:55.9710 PM,Jul 24 2019 4:57:55.9960 PM,.0247
Auth Check,P203,read,PASS,,Jul 24 2019 4:57:55.9980 PM,Jul 24 2019 4:57:56.0260 PM,.028
Auth Check,P203,sendCommandChars,PASS,,Jul 24 2019 4:57:56.0280 PM,Jul 24 2019 4:57:56.0640 PM,.0359
Auth Check,P203,read,PASS,,Jul 24 2019 4:57:56.0660 PM,Jul 24 2019 4:57:56.0660 PM,.0002
Auth Check,P203,read,PASS,,Jul 24 2019 4:57:56.0670 PM,Jul 24 2019 4:57:56.0960 PM,.029
Auth Check,P203,read,PASS,,Jul 24 2019 4:57:56.0980 PM,Jul 24 2019 4:57:56.1270 PM,.0287
Auth Check,P203,sendCommandChars,PASS,,Jul 24 2019 4:57:56.1290 PM,Jul 24 2019 4:57:56.1660 PM,.0372
Auth Check,P203,read,PASS,,Jul 24 2019 4:57:56.1690 PM,Jul 24 2019 4:57:56.1690 PM,.0002
Auth Check,P203,read,PASS,,Jul 24 2019 4:57:56.1700 PM,Jul 24 2019 4:57:56.1970 PM,.0265
Auth Check,P203,read,PASS,,Jul 24 2019 4:57:56.1990 PM,Jul 24 2019 4:57:56.2280 PM,.0285
Auth Check,P203,sendCommandChars,PASS,,Jul 24 2019 4:57:56.2290 PM,Jul 24 2019 4:57:56.2650 PM,.0354
Auth Check,P203,read,PASS,,Jul 24 2019 4:57:56.2680 PM,Jul 24 2019 4:57:56.2680 PM,.0002
Auth Check,P203,read,PASS,,Jul 24 2019 4:57:56.2700 PM,Jul 24 2019 4:57:56.2930 PM,.0237
Auth Check,P203,sendCommandChars,PASS,,Jul 24 2019 4:57:56.2950 PM,Jul 24 2019 4:57:56.3320 PM,.0364
Auth Check,P203,read,PASS,,Jul 24 2019 4:57:56.3340 PM,Jul 24 2019 4:57:56.3350 PM,.0003
Auth Check,P203,read,PASS,,Jul 24 2019 4:57:56.3370 PM,Jul 24 2019 4:57:56.3580 PM,.0209
Auth Check,P203,read,PASS,,Jul 24 2019 4:57:56.3600 PM,Jul 24 2019 4:57:56.3830 PM,.0234
Auth Check,P203,sendCommandChars,PASS,,Jul 24 2019 4:57:56.3850 PM,Jul 24 2019 4:57:56.4210 PM,.036
Auth Check,P203,read,PASS,,Jul 24 2019 4:57:56.4230 PM,Jul 24 2019 4:57:56.4240 PM,.0002
Auth Check,P203,read,PASS,,Jul 24 2019 4:57:56.4250 PM,Jul 24 2019 4:57:56.4480 PM,.0229
Auth Check,P203,read,PASS,,Jul 24 2019 4:57:56.4500 PM,Jul 24 2019 4:57:56.4710 PM,.0214
Auth Check,P203,sendCommandChars,PASS,,Jul 24 2019 4:57:56.4730 PM,Jul 24 2019 4:57:56.5090 PM,.0359
Auth Check,P203,read,PASS,,Jul 24 2019 4:57:56.5110 PM,Jul 24 2019 4:57:56.5110 PM,.0002
Auth Check,P203,read,PASS,,Jul 24 2019 4:57:56.5130 PM,Jul 24 2019 4:57:56.5380 PM,.0252
Auth Check,P203,read,PASS,,Jul 24 2019 4:57:56.5400 PM,Jul 24 2019 4:57:56.5680 PM,.028
Auth Check,P203,sendCommandChars,PASS,,Jul 24 2019 4:57:56.5690 PM,Jul 24 2019 4:57:56.6090 PM,.039
Auth Check,P203,read,PASS,,Jul 24 2019 4:57:56.6110 PM,Jul 24 2019 4:57:56.6110 PM,.0002
Auth Check,P203,read,PASS,,Jul 24 2019 4:57:56.6120 PM,Jul 24 2019 4:57:56.6380 PM,.0259
Auth Check,P203,read,PASS,,Jul 24 2019 4:57:56.6400 PM,Jul 24 2019 4:57:56.6680 PM,.0279
Auth Check,P203,sendCommandChars,PASS,,Jul 24 2019 4:57:56.6700 PM,Jul 24 2019 4:57:56.7050 PM,.0357
Auth Check,P203,read,PASS,,Jul 24 2019 4:57:56.7100 PM,Jul 24 2019 4:57:56.7100 PM,.0002
Auth Check,P203,read,PASS,,Jul 24 2019 4:57:56.7120 PM,Jul 24 2019 4:57:56.7350 PM,.0232
Auth Check,P203,sendCommandChars,PASS,,Jul 24 2019 4:57:56.7370 PM,Jul 24 2019 4:57:56.7720 PM,.0354
Auth Check,P203,read,PASS,,Jul 24 2019 4:57:56.7750 PM,Jul 24 2019 4:57:56.7750 PM,.0002
Auth Check,P203,read,PASS,,Jul 24 2019 4:57:56.7770 PM,Jul 24 2019 4:57:56.7990 PM,.0218
Auth Check,P203,read,PASS,,Jul 24 2019 4:57:56.8010 PM,Jul 24 2019 4:57:56.8290 PM,.0278
Auth Check,P203,sendCommandChars,PASS,,Jul 24 2019 4:57:56.8300 PM,Jul 24 2019 4:57:56.8660 PM,.0359
Auth Check,P203,read,PASS,,Jul 24 2019 4:57:56.8690 PM,Jul 24 2019 4:57:56.8690 PM,.0002
Auth Check,P203,read,PASS,,Jul 24 2019 4:57:56.8700 PM,Jul 24 2019 4:57:56.8980 PM,.0276
Auth Check,P203,read,PASS,,Jul 24 2019 4:57:56.9000 PM,Jul 24 2019 4:57:56.9290 PM,.0297
Auth Check,P203,sendCommandChars,PASS,,Jul 24 2019 4:57:56.9310 PM,Jul 24 2019 4:57:56.9660 PM,.0356
Auth Check,P203,read,PASS,,Jul 24 2019 4:57:56.9690 PM,Jul 24 2019 4:57:56.9700 PM,.0002
Auth Check,P203,read,PASS,,Jul 24 2019 4:57:56.9710 PM,Jul 24 2019 4:57:57.0000 PM,.0289
Auth Check,P203,read,PASS,,Jul 24 2019 4:57:57.0020 PM,Jul 24 2019 4:57:57.0300 PM,.028
Auth Check,P203,sendCommandChars,PASS,,Jul 24 2019 4:57:57.0320 PM,Jul 24 2019 4:57:57.0670 PM,.0356
Auth Check,IOFileHandle,writeCertFile,PASS,,Jul 24 2019 4:57:57.0720 PM,Jul 24 2019 4:57:57.0780 PM,.0059
Auth Check,P203,read,PASS,,Jul 24 2019 4:57:57.1720 PM,Jul 24 2019 4:57:57.1720 PM,.0002
Auth Check,P203,read,PASS,,Jul 24 2019 4:57:57.1740 PM,Jul 24 2019 4:57:57.2000 PM,.0265
Auth Check,P203,sendCommandChars,PASS,,Jul 24 2019 4:57:57.2020 PM,Jul 24 2019 4:57:57.2410 PM,.0393
Auth Check,P203,read,PASS,,Jul 24 2019 4:57:57.2450 PM,Jul 24 2019 4:57:57.2460 PM,.0002
Auth Check,P203,read,PASS,,Jul 24 2019 4:57:57.2470 PM,Jul 24 2019 4:57:57.2700 PM,.0232
Auth Check,P203,sendCommandChars,PASS,,Jul 24 2019 4:57:57.2720 PM,Jul 24 2019 4:57:57.3430 PM,.0715
Auth Check,P203,read,PASS,,Jul 24 2019 4:57:57.3470 PM,Jul 24 2019 4:57:57.3470 PM,.0002
Auth Check,P203,read,PASS,,Jul 24 2019 4:57:57.3480 PM,Jul 24 2019 4:57:57.3710 PM,.0226
Auth Check,P203,sendCommandChars,PASS,,Jul 24 2019 4:57:57.3720 PM,Jul 24 2019 4:57:57.4090 PM,.0368
Auth Check,P203,read,PASS,,Jul 24 2019 4:57:57.9860 PM,Jul 24 2019 4:57:57.9860 PM,.0002
Auth Check,P203,read,PASS,,Jul 24 2019 4:57:57.9870 PM,Jul 24 2019 4:57:58.0140 PM,.0263
Auth Check,P203,sendCommandChars,PASS,,Jul 24 2019 4:57:58.0160 PM,Jul 24 2019 4:57:58.0810 PM,.0657
Auth Check,P203,read,PASS,,Jul 24 2019 4:57:58.0850 PM,Jul 24 2019 4:57:58.0850 PM,.0004
Auth Check,P203,read,PASS,,Jul 24 2019 4:57:58.0870 PM,Jul 24 2019 4:57:58.1140 PM,.0274
Auth Check,P203,read,PASS,,Jul 24 2019 4:57:58.1160 PM,Jul 24 2019 4:57:58.1390 PM,.0231
Auth Check,P203,sendCommandChars,PASS,,Jul 24 2019 4:57:58.1410 PM,Jul 24 2019 4:57:58.1760 PM,.0351
Auth Check,P203,read,PASS,,Jul 24 2019 4:57:58.1790 PM,Jul 24 2019 4:57:58.1800 PM,.0002
Auth Check,P203,read,PASS,,Jul 24 2019 4:57:58.1810 PM,Jul 24 2019 4:57:58.2040 PM,.0235
Auth Check,P203,sendCommandChars,PASS,,Jul 24 2019 4:57:58.2060 PM,Jul 24 2019 4:57:58.2420 PM,.0361
Auth Check,P203,read,PASS,,Jul 24 2019 4:57:58.2440 PM,Jul 24 2019 4:57:58.2450 PM,.0002
Auth Check,P203,read,PASS,,Jul 24 2019 4:57:58.2460 PM,Jul 24 2019 4:57:58.2750 PM,.0289
Auth Check,P203,read,PASS,,Jul 24 2019 4:57:58.2770 PM,Jul 24 2019 4:57:58.3050 PM,.0282
Auth Check,P203,sendCommandChars,PASS,,Jul 24 2019 4:57:58.3060 PM,Jul 24 2019 4:57:58.3420 PM,.0354
Auth Check,P203,read,PASS,,Jul 24 2019 4:57:58.3450 PM,Jul 24 2019 4:57:58.3450 PM,.0002
Auth Check,P203,read,PASS,,Jul 24 2019 4:57:58.3460 PM,Jul 24 2019 4:57:58.3680 PM,.0221
Auth Check,P203,sendCommandChars,PASS,,Jul 24 2019 4:57:58.3700 PM,Jul 24 2019 4:57:58.4060 PM,.0361
Auth Check,P203,read,PASS,,Jul 24 2019 4:57:58.4080 PM,Jul 24 2019 4:57:58.4090 PM,.0001
Auth Check,P203,read,PASS,,Jul 24 2019 4:57:58.4100 PM,Jul 24 2019 4:57:58.4350 PM,.0258
Auth Check,P203,read,PASS,,Jul 24 2019 4:57:58.4380 PM,Jul 24 2019 4:57:58.4650 PM,.0279
Auth Check,P203,sendCommandChars,PASS,,Jul 24 2019 4:57:58.4670 PM,Jul 24 2019 4:57:58.5030 PM,.0356
Auth Check,P203,read,PASS,,Jul 24 2019 4:57:58.5050 PM,Jul 24 2019 4:57:58.5050 PM,.0002
Auth Check,P203,read,PASS,,Jul 24 2019 4:57:58.5060 PM,Jul 24 2019 4:57:58.5360 PM,.0293
Auth Check,P203,read,PASS,,Jul 24 2019 4:57:58.5380 PM,Jul 24 2019 4:57:58.5660 PM,.0282
Auth Check,P203,sendCommandChars,PASS,,Jul 24 2019 4:57:58.5670 PM,Jul 24 2019 4:57:58.6020 PM,.0349
Auth Check,IOFileHandle,writeCertFile,PASS,,Jul 24 2019 4:57:58.6050 PM,Jul 24 2019 4:57:58.6060 PM,.0008
Read MLB SN,IOFileHandle,writeToFile,PASS,,Jul 24 2019 4:57:58.7590 PM,Jul 24 2019 4:57:58.7590 PM,.0004
Read Main FW Version Before DL,IOFileHandle,writeToFile,PASS,,Jul 24 2019 4:57:58.8620 PM,Jul 24 2019 4:57:58.8620 PM,.0001
Program MTFW,IOFileHandle,writeToFile,PASS,,Jul 24 2019 4:57:58.9690 PM,Jul 24 2019 4:57:58.9690 PM,.0002
Program Main FW,IOFileHandle,writeToFile,PASS,,Jul 24 2019 4:58:00.0300 PM,Jul 24 2019 4:58:00.0300 PM,.0002
Program Main FW,IOFileHandle,writeToFile,PASS,,Jul 24 2019 4:59:06.4580 PM,Jul 24 2019 4:59:06.4580 PM,.0002
Program Main FW,Fixture,sendCommand,PASS,,Jul 24 2019 4:59:09.5360 PM,Jul 24 2019 4:59:09.5400 PM,.0035
Program Main FW,Fixture,sendCommand,PASS,,Jul 24 2019 4:59:10.6150 PM,Jul 24 2019 4:59:10.6260 PM,.0111
Program Main FW,P203,sendCommand,PASS,,Jul 24 2019 4:59:11.6280 PM,Jul 24 2019 4:59:11.6290 PM,.0008
Read Main FW Version After DL,IOFileHandle,writeToFile,PASS,,Jul 24 2019 4:59:11.6810 PM,Jul 24 2019 4:59:11.6820 PM,.0002
Touch FW,IOFileHandle,writeToFile,PASS,,Jul 24 2019 4:59:11.7360 PM,Jul 24 2019 4:59:11.7370 PM,.0002
Fixture reset,Fixture,sendCommand,PASS,,Jul 24 2019 4:59:11.7420 PM,Jul 24 2019 4:59:11.9540 PM,.2112
Fixture reset,Fixture,close,PASS,,Jul 24 2019 4:59:13.0250 PM,Jul 24 2019 4:59:13.0300 PM,.0044
Fixture reset,P203,close,PASS,,Jul 24 2019 4:59:13.0310 PM,Jul 24 2019 4:59:13.0360 PM,.0044
Finish DRCB,DRCB,finish,PASS,,Jul 24 2019 4:59:13.0390 PM,Jul 24 2019 4:59:13.1300 PM,.0905
