document_version, 1.0
station_name,MMI
station_id,FXLH_F05-4FT-02_2_MMI
station_sw,Atlas
station_sw_version,Atlas

tag,start_time,duration
ScanSN, 1562739696.79, 1.96
Fixtureinit, 1562739698.76, 6.68
ReadSN, 1562739705.43, 0.00
Start Data Reporting, 1562739705.43, 0.01
get SFC Info, 1562739705.45, 0.06
WO_SN, 1562739705.50, 0.00
UNIT_LBL, 1562739705.51, 0.00
BUILD EVENT, 1562739705.51, 0.01
S_BUILD, 1562739705.52, 0.00
Query_MLB_SN, 1562739705.52, 0.00
Read_MLB_SN, 1562739705.52, 0.07
Check_MLB_SN, 1562739705.59, 0.00
STFW, 1562739705.59, 0.07
EnableAllEndPoints, 1562739705.67, 2.18
Fixturereset, 1562739707.85, 1.52
full_test_durations, 1562739696.77, 12.59
Finish DRCB, 1562739709.37, 0.14
