Related Test,Name-1,Name-2,Name-3,Status,Info,Measurement,Units,Upper Limit,Lower Limit,Relaxed Upper Limit,Relaxed Lower Limit,Limit Units,Start Time,End Time,Duration (s)
ScanSN,,,,,,,,,,,,,Jul 10 2019 2:21:36.7930 PM,Jul 10 2019 2:21:38.7540 PM,1.9606
ScanSN,ScanSN,AtlasApp-Hyperion,show-form,PASS,,,,,,,,,Jul 10 2019 2:21:36.7950 PM,Jul 10 2019 2:21:38.7520 PM,1.9577
Fixtureinit,,,,,,,,,,,,,Jul 10 2019 2:21:38.7570 PM,Jul 10 2019 2:21:45.4300 PM,6.6733
Fixtureinit,Fixtureinit,ARM,changeDelimiter,PASS,,,,,,,,,Jul 10 2019 2:21:38.7590 PM,Jul 10 2019 2:21:38.7590 PM,0
Fixtureinit,Fixtureinit,ARM,changeLineTerminator,PASS,,,,,,,,,Jul 10 2019 2:21:38.7610 PM,Jul 10 2019 2:21:38.7610 PM,0
Fixtureinit,Fixtureinit,ARM,open,PASS,,,,,,,,,Jul 10 2019 2:21:38.7630 PM,Jul 10 2019 2:21:40.3540 PM,1.5912
Fixtureinit,Fixtureinit,ARM,read,PASS,,,,,,,,,Jul 10 2019 2:21:40.3560 PM,Jul 10 2019 2:21:40.3850 PM,.0288
Fixtureinit,Fixtureinit,P203,changeDelimiter,PASS,,,,,,,,,Jul 10 2019 2:21:40.3870 PM,Jul 10 2019 2:21:40.3870 PM,0
Fixtureinit,Fixtureinit,P203,changeLineTerminator,PASS,,,,,,,,,Jul 10 2019 2:21:40.3880 PM,Jul 10 2019 2:21:40.3880 PM,0
Fixtureinit,Fixtureinit,P203,open,PASS,,,,,,,,,Jul 10 2019 2:21:40.3900 PM,Jul 10 2019 2:21:41.9830 PM,1.5926
Fixtureinit,Fixtureinit,P203,read,PASS,,,,,,,,,Jul 10 2019 2:21:41.9840 PM,Jul 10 2019 2:21:42.0130 PM,.0288
Fixtureinit,Fixtureinit,[ARM] isReady,sendCommand,PASS,,,,,,,,,Jul 10 2019 2:21:42.0150 PM,Jul 10 2019 2:21:42.0260 PM,.0112
Fixtureinit,Fixtureinit,[ARM] Engage pogo,sendCommand,PASS,,,,,,,,,Jul 10 2019 2:21:42.0270 PM,Jul 10 2019 2:21:42.3590 PM,.3312
ReadSN,,,,,,,,,,,,,Jul 10 2019 2:21:45.4320 PM,Jul 10 2019 2:21:45.4330 PM,.0008
ReadSN,ReadSN,ItemReadSN pass,,PASS,,,,,,,,,Jul 10 2019 2:21:45.4330 PM,Jul 10 2019 2:21:45.4330 PM,0
Start Data Reporting,,,,,,,,,,,,,Jul 10 2019 2:21:45.4350 PM,Jul 10 2019 2:21:45.4470 PM,.0122
Start Data Reporting,Start Data Reporting,DRCB,StartDataReporting,PASS,,,,,,,,,Jul 10 2019 2:21:45.4380 PM,Jul 10 2019 2:21:45.4460 PM,.0081
get SFC Info,,,,,,,,,,,,,Jul 10 2019 2:21:45.4490 PM,Jul 10 2019 2:21:45.5030 PM,.0542
get SFC Info,get SFC Info,SFCSupport,getAttributes,PASS,,,,,,,,,Jul 10 2019 2:21:45.4510 PM,Jul 10 2019 2:21:45.4800 PM,.029
get SFC Info,get SFC Info,GET SFC info - pansa,DKB92620012N67802,PASS,,,,,,,,,Jul 10 2019 2:21:45.4810 PM,Jul 10 2019 2:21:45.4810 PM,0
get SFC Info,get SFC Info,SFCSupport,getAttributes-2,PASS,,,,,,,,,Jul 10 2019 2:21:45.4830 PM,Jul 10 2019 2:21:45.4890 PM,.0058
get SFC Info,get SFC Info,GET SFC info - unit_lbl,R118-P1_P11EN-H1_C00066,PASS,,,,,,,,,Jul 10 2019 2:21:45.4900 PM,Jul 10 2019 2:21:45.4900 PM,0
get SFC Info,get SFC Info,SFCSupport,getAttributes-3,PASS,,,,,,,,,Jul 10 2019 2:21:45.4910 PM,Jul 10 2019 2:21:45.4940 PM,.0031
get SFC Info,get SFC Info,GET SFC info - wo_no,WCT-J6000E,PASS,,,,,,,,,Jul 10 2019 2:21:45.4950 PM,Jul 10 2019 2:21:45.4950 PM,0
get SFC Info,get SFC Info,SFCSupport,getAttributes-4,PASS,,,,,,,,,Jul 10 2019 2:21:45.4960 PM,Jul 10 2019 2:21:45.5010 PM,.0048
get SFC Info,get SFC Info,GET SFC info - mlb_sn,DLX9254000ZN6R510,PASS,,,,,,,,,Jul 10 2019 2:21:45.5020 PM,Jul 10 2019 2:21:45.5020 PM,0
WO_SN,,,,,,,,,,,,,Jul 10 2019 2:21:45.5060 PM,Jul 10 2019 2:21:45.5060 PM,.0006
WO_SN,WO_SN,WO_SN,,PASS,,,,,,,,,Jul 10 2019 2:21:45.5060 PM,Jul 10 2019 2:21:45.5060 PM,0
UNIT_LBL,,,,,,,,,,,,,Jul 10 2019 2:21:45.5090 PM,Jul 10 2019 2:21:45.5090 PM,.0006
UNIT_LBL,UNIT_LBL,UNIT_LBL,,PASS,,,,,,,,,Jul 10 2019 2:21:45.5090 PM,Jul 10 2019 2:21:45.5090 PM,0
BUILD EVENT,,,,,,,,,,,,,Jul 10 2019 2:21:45.5110 PM,Jul 10 2019 2:21:45.5150 PM,.004
BUILD EVENT,BUILD EVENT,BUILD_EVENT,R118-P1,PASS,,,,,,,,,Jul 10 2019 2:21:45.5150 PM,Jul 10 2019 2:21:45.5150 PM,0
S_BUILD,,,,,,,,,,,,,Jul 10 2019 2:21:45.5180 PM,Jul 10 2019 2:21:45.5180 PM,.0006
S_BUILD,S_BUILD,S_BUILD,R118-P1_P11EN-H1,PASS,,,,,,,,,Jul 10 2019 2:21:45.5180 PM,Jul 10 2019 2:21:45.5180 PM,0
Query_MLB_SN,,,,,,,,,,,,,Jul 10 2019 2:21:45.5200 PM,Jul 10 2019 2:21:45.5200 PM,.0005
Query_MLB_SN,Query_MLB_SN,MLB_SN,,PASS,,,,,,,,,Jul 10 2019 2:21:45.5200 PM,Jul 10 2019 2:21:45.5200 PM,0
Read_MLB_SN,,,,,,,,,,,,,Jul 10 2019 2:21:45.5220 PM,Jul 10 2019 2:21:45.5900 PM,.068
Read_MLB_SN,Read_MLB_SN,"[Hid] /usr/local/bin/hidreport -v 0x05ac -p 0x026E -usage 0xff00,0xb get 0x12",,PASS,,,,,,,,,Jul 10 2019 2:21:45.5790 PM,Jul 10 2019 2:21:45.5790 PM,0
Read_MLB_SN,Read_MLB_SN,ItemReadMlbSN pass,,PASS,,,,,,,,,Jul 10 2019 2:21:45.5900 PM,Jul 10 2019 2:21:45.5900 PM,0
Check_MLB_SN,,,,,,,,,,,,,Jul 10 2019 2:21:45.5920 PM,Jul 10 2019 2:21:45.5930 PM,.001
Check_MLB_SN,Check_MLB_SN,ItemCheckSN pass,,PASS,,,,,,,,,Jul 10 2019 2:21:45.5930 PM,Jul 10 2019 2:21:45.5930 PM,0
STFW,,,,,,,,,,,,,Jul 10 2019 2:21:45.5950 PM,Jul 10 2019 2:21:45.6680 PM,.0722
STFW,STFW,"[Hid] /usr/local/bin/hidreport -v 0x05ac -p 0x026E -usage 0xff00,0xb get 0xB4",,PASS,,,,,,,,,Jul 10 2019 2:21:45.6570 PM,Jul 10 2019 2:21:45.6570 PM,0
STFW,STFW,CheckVersionAfterProgram,,PASS,,,,,,,,,Jul 10 2019 2:21:45.6670 PM,Jul 10 2019 2:21:45.6670 PM,0
STFW,STFW,STFW,,PASS,,128,N/A,128,128,,,N/A,Jul 10 2019 2:21:45.6670 PM,Jul 10 2019 2:21:45.6670 PM,0
EnableAllEndPoints,,,,,,,,,,,,,Jul 10 2019 2:21:45.6700 PM,Jul 10 2019 2:21:47.8450 PM,2.1748
EnableAllEndPoints,EnableAllEndPoints,"[Hid] /usr/local/bin/hidreport -p 0x026E -vid 0x05ac -usage 0xff00,0xb set 0x3d 0x3d 0x13 0 0 0",,PASS,,,,,,,,,Jul 10 2019 2:21:45.7430 PM,Jul 10 2019 2:21:45.7430 PM,0
EnableAllEndPoints,EnableAllEndPoints,"[Hid] /usr/local/bin/hidreport -p 0x026E -vid 0x05ac -usage 0xff00,0xb set 0x3d 0x3d 0x13 0 0 0-2",,PASS,,,,,,,,,Jul 10 2019 2:21:46.4530 PM,Jul 10 2019 2:21:46.4530 PM,0
EnableAllEndPoints,EnableAllEndPoints,"[Hid] /usr/local/bin/hidreport -p 0x026E -vid 0x05ac -usage 0xff00,0xb set 0x3d 0x3d 0x13 0 0 0-3",,PASS,,,,,,,,,Jul 10 2019 2:21:47.0810 PM,Jul 10 2019 2:21:47.0810 PM,0
EnableAllEndPoints,EnableAllEndPoints,"[Hid] /usr/local/bin/hidreport -p 0x026E -usage 0xff00,0xb set 0x3e 0x3e 0x13 0 0 0 0",,PASS,,,,,,,,,Jul 10 2019 2:21:47.1840 PM,Jul 10 2019 2:21:47.1840 PM,0
EnableAllEndPoints,EnableAllEndPoints,"[Hid] /usr/local/bin/hidreport -p 0x026E -usage 0xff00,0xb set 0x3e 0x3e 0x13 0 0 0 0-2",,PASS,,,,,,,,,Jul 10 2019 2:21:47.8370 PM,Jul 10 2019 2:21:47.8370 PM,0
EnableAllEndPoints,EnableAllEndPoints,EnableAllEndPoints,,PASS,,,,,,,,,Jul 10 2019 2:21:47.8450 PM,Jul 10 2019 2:21:47.8450 PM,0
Fixturereset,,,,,,,,,,,,,Jul 10 2019 2:21:47.8470 PM,Jul 10 2019 2:21:49.3640 PM,1.5168
Fixturereset,Fixturereset,[ARM] Retract pogo,sendCommand,PASS,,,,,,,,,Jul 10 2019 2:21:47.8480 PM,Jul 10 2019 2:21:48.2890 PM,.4409
Fixturereset,Fixturereset,ARM,close,PASS,,,,,,,,,Jul 10 2019 2:21:49.3590 PM,Jul 10 2019 2:21:49.3600 PM,.0005
Fixturereset,Fixturereset,P203,close,PASS,,,,,,,,,Jul 10 2019 2:21:49.3610 PM,Jul 10 2019 2:21:49.3630 PM,.0024
Finish DRCB,,,,,,,,,,,,,Jul 10 2019 2:21:49.3660 PM,Jul 10 2019 2:21:49.5070 PM,.1409
Finish DRCB,Finish DRCB,DRCB,Finish,PASS,,,,,,,,,Jul 10 2019 2:21:49.3670 PM,Jul 10 2019 2:21:49.5060 PM,.1389
