Test,Plugin,Command,Status,Info,Start Time,End Time,Duration (s)
ScanSN,com.apple.hwte.atlas.AppPlugin,show-form,PASS,,Jul 10 2019 2:21:36.7950 PM,Jul 10 2019 2:21:38.7520 PM,1.9578
Fixtureinit,ARM,changeDelimiter,PASS,,Jul 10 2019 2:21:38.7590 PM,Jul 10 2019 2:21:38.7590 PM,.0001
Fixtureinit,ARM,changeLineTerminator,PASS,,Jul 10 2019 2:21:38.7610 PM,Jul 10 2019 2:21:38.7610 PM,0
Fixtureinit,ARM,open,PASS,,Jul 10 2019 2:21:38.7630 PM,Jul 10 2019 2:21:40.3540 PM,1.5912
Fixtureinit,ARM,read,PASS,,Jul 10 2019 2:21:40.3560 PM,Jul 10 2019 2:21:40.3850 PM,.0288
Fixtureinit,P203,changeDelimiter,PASS,,Jul 10 2019 2:21:40.3870 PM,Jul 10 2019 2:21:40.3870 PM,.0001
Fixtureinit,P203,changeLineTerminator,PASS,,Jul 10 2019 2:21:40.3880 PM,Jul 10 2019 2:21:40.3880 PM,0
Fixtureinit,P203,open,PASS,,Jul 10 2019 2:21:40.3900 PM,Jul 10 2019 2:21:41.9830 PM,1.5927
Fixtureinit,P203,read,PASS,,Jul 10 2019 2:21:41.9840 PM,Jul 10 2019 2:21:42.0130 PM,.0289
Fixtureinit,ARM,sendCommand,PASS,,Jul 10 2019 2:21:42.0150 PM,Jul 10 2019 2:21:42.0260 PM,.0112
Fixtureinit,ARM,sendCommand,PASS,,Jul 10 2019 2:21:42.0270 PM,Jul 10 2019 2:21:42.3590 PM,.3312
Start Data Reporting,DRCB,startDataReporting,PASS,,Jul 10 2019 2:21:45.4380 PM,Jul 10 2019 2:21:45.4460 PM,.0081
get SFC Info,SFCSupport,getAttribute,PASS,,Jul 10 2019 2:21:45.4510 PM,Jul 10 2019 2:21:45.4800 PM,.029
get SFC Info,SFCSupport,getAttribute,PASS,,Jul 10 2019 2:21:45.4830 PM,Jul 10 2019 2:21:45.4890 PM,.0058
get SFC Info,SFCSupport,getAttribute,PASS,,Jul 10 2019 2:21:45.4910 PM,Jul 10 2019 2:21:45.4940 PM,.0032
get SFC Info,SFCSupport,getAttribute,PASS,,Jul 10 2019 2:21:45.4960 PM,Jul 10 2019 2:21:45.5010 PM,.0049
Fixturereset,ARM,sendCommand,PASS,,Jul 10 2019 2:21:47.8480 PM,Jul 10 2019 2:21:48.2890 PM,.4409
Fixturereset,ARM,close,PASS,,Jul 10 2019 2:21:49.3590 PM,Jul 10 2019 2:21:49.3600 PM,.0005
Fixturereset,P203,close,PASS,,Jul 10 2019 2:21:49.3610 PM,Jul 10 2019 2:21:49.3630 PM,.0024
Finish DRCB,DRCB,finish,PASS,,Jul 10 2019 2:21:49.3670 PM,Jul 10 2019 2:21:49.5060 PM,.139
