Test,SubTest,SubSubTest,Action,DUT Command,Parameter,SAC,OutputKey,IsGlobal,Condition,SOE
WirelessPower,TX_MCU_FW_Check,,EFIDut:sendCommand,smokeyshell -r,,,,,,
,,,EFIDut:sendCommand,"smokey ScorpiusHid --run --test ""Get"" --args ""ReportID=0xBB""",,,value,,,
,,,Rush:CheckTXMCUFW,,"[""${value}""]",,,,,
WirelessPower,Flex_Connectivity_Check,,Rush:FlexConnectivityCheck,,,,,,,
WirelessPower,GPIO_KONA_S_TO_SCORPIUS_TIME_SYNC_0,,Rush:GPIO_KONA_S_TO_SCORPIUS_TIME_SYNC_0,,"[""GPIO_KONA_S_TO_SCORPIUS_TIME_SYNC_0""]",,,,,
WirelessPower,GPIO_KONA_S_TO_SCORPIUS_TIME_SYNC_1,,Rush:GPIO_KONA_S_TO_SCORPIUS_TIME_SYNC_1,,"[""GPIO_KONA_S_TO_SCORPIUS_TIME_SYNC_1""]",,,,,
WirelessPower,GPIO_BB_TO_SCORPIUS_TX_IND_0,,Rush:GPIO_BB_TO_SCORPIUS_TX_IND_0,,"[""GPIO_BB_TO_SCORPIUS_TX_IND_0""]",,,,,
WirelessPower,GPIO_BB_TO_SCORPIUS_TX_IND_1,,Rush:GPIO_BB_TO_SCORPIUS_TX_IND_1,,"[""GPIO_BB_TO_SCORPIUS_TX_IND_1""]",,,,,
WirelessPower,GPIO_BT_TO_SCORPIUS_TX_IND_0,,Rush:GPIO_BT_TO_SCORPIUS_TX_IND_0,,"[""GPIO_BT_TO_SCORPIUS_TX_IND_0""]",,,,,
WirelessPower,GPIO_BT_TO_SCORPIUS_TX_IND_1,,Rush:GPIO_BT_TO_SCORPIUS_TX_IND_1,,"[""GPIO_BT_TO_SCORPIUS_TX_IND_1""]",,,,,
WirelessPower,GPIO_WLAN_TO_SCORPIUS_TX_IND_0,,Rush:GPIO_WLAN_TO_SCORPIUS_TX_IND_0,,"[""GPIO_WLAN_TO_SCORPIUS_TX_IND_0""]",,,,,
WirelessPower,GPIO_WLAN_TO_SCORPIUS_TX_IND_1,,Rush:GPIO_WLAN_TO_SCORPIUS_TX_IND_1,,"[""GPIO_WLAN_TO_SCORPIUS_TX_IND_1""]",,,,,
WirelessPower,GPIO_SCORPIUS_TO_AOP_IRQ_0_Before,,Rush:GPIO_SCORPIUS_TO_AOP_IRQ_0_Before,,"[""GPIO_SCORPIUS_TO_AOP_IRQ_0_Before""]",,,,,
WirelessPower,GPIO_SCORPIUS_TO_AOP_IRQ_1,,Rush:GPIO_SCORPIUS_TO_AOP_IRQ_1,,"[""GPIO_SCORPIUS_TO_AOP_IRQ_1""]",,,,,
WirelessPower,GPIO_SCORPIUS_TO_AOP_IRQ_0_After,,Rush:GPIO_SCORPIUS_TO_AOP_IRQ_0_After,,"[""GPIO_SCORPIUS_TO_AOP_IRQ_0_After""]",,,,,
WirelessPower,DAC_Vboost_Calibration,,Rush:scorpiusBoostDAC,,,,,,,
WirelessPower,Boost_VBoost_1,,Rush:scorpiusBoostVBoost_1,,,,,,,
WirelessPower,Boost_VBoost_2,,Rush:scorpiusBoostVBoost_2,,,,,,,
WirelessPower,Boost_VBoost_1_CAL,,Rush:scorpiusBoostVBoost_1_CAL,,,,,,,
WirelessPower,Boost_VBoost_2_CAL,,Rush:scorpiusBoostVBoost_2_CAL,,,,,,,
WirelessPower,DAC_MAX,,Rush:scorpiusDAC_MAX,,,,,,,
WirelessPower,DAC_MIN,,Rush:scorpiusDAC_MIN,,,,,,,
WirelessPower,NTC_TEMP@Sensor_1,,Rush:NTCReadbackCheck_1,,,,,,,
WirelessPower,NTC_TEMP@Sensor_2,,Rush:NTCReadbackCheck_2,,,,,,,
WirelessPower,NTC_TEMP@Sensor_3,,Rush:NTCReadbackCheck_3,,,,,,,
WirelessPower,MCU_Reset,,Rush:ResetMCU,,,,,,,
WirelessPower,Critical_Cal_Error_Check,,Rush:TXFWCriticalerrorcheck,,,,,,,

