document_version, 1.0
station_name,GATEKEEPER
station_id,FXLH_F05-4FT-01_3_GATEKEEPER
station_sw,Atlas
station_sw_version,Atlas

tag,start_time,duration
Scan_FG_SN, 1568974173.30, 4.65
Fixtureinit, 1568974177.95, 9.63
Start Data Reporting, 1568974187.59, 0.02
Start Control Bits, 1568974187.60, 0.50
Check_All_CB, 1568974188.10, 21.03
Check_Bootargs_Status, 1568974209.12, 4.23
Read_FG_SN, 1568974213.35, 0.49
Compare_FG_SN, 1568974213.84, 0.00
Get_SFC_Info, 1568974213.84, 0.08
MLB_SN, 1568974213.93, 0.49
WO_SN, 1568974214.42, 0.00
UNIT_LBL, 1568974214.42, 0.00
BUILD_EVENT, 1568974214.42, 0.00
BUILD_MATRIX_CONFIG, 1568974214.43, 0.00
UNIT#, 1568974214.43, 0.00
S_BUILD, 1568974214.43, 0.00
KBM_SN, 1568974214.44, 0.00
BACKLIGHT_SN, 1568974214.44, 0.00
TRACKPAD_SN, 1568974214.44, 0.00
TOUCH_FLEX_SN, 1568974214.44, 0.00
Read_STFW_Version_Before_DL, 1568974214.45, 0.49
Read_MTFW_Version_Before_DL, 1568974214.93, 0.49
Program_STFW, 1568974215.43, 4.48
Program_MTFW, 1568974219.91, 4.33
Read_STFW_Version_After_DL, 1568974224.24, 0.45
Read_MTFW_Version_After_DL, 1568974224.69, 0.46
Check_EP_Status, 1568974225.15, 0.87
EP_Enable_All, 1568974226.02, 4.12
Read_HW_Version, 1568974230.14, 0.56
GreenPAK_ID, 1568974230.70, 0.44
Read_CCG3_FW, 1568974231.14, 4.83
Production_Signed_Check, 1568974235.97, 0.44
Read_KBD_HW_Layout, 1568974236.41, 0.45
Get_KBD_HW_Layout, 1568974236.85, 0.00
Compare_KBD_HW_Layout, 1568974236.86, 0.00
Read_MLB_Lang, 1568974236.86, 0.37
Get_KBD_Lang, 1568974237.23, 0.00
Check_KBD_Lang, 1568974237.23, 0.00
Read_MFI_Address, 1568974237.24, 0.43
System_Critical_Errors, 1568974237.67, 3.64
FW_Update_Critical_Errors, 1568974241.31, 3.68
Key_Scan_Critical_Errors, 1568974244.98, 0.55
USBC_Critical_Errors, 1568974245.54, 0.44
Grape_Critical_Errors, 1568974245.98, 0.54
Critical_Errors_Summary, 1568974246.52, 0.51
Backlight_Critical_Errors, 1568974247.03, 0.42
Grape_Connector_Self_Critical_Errors, 1568974247.45, 0.50
full_test_durations, 1568974173.28, 74.67
Finish DRCB, 1568974247.95, 0.53
Fixturereset, 1568974248.47, 1.25
