Related Test,Name-1,Name-2,Name-3,Status,Info,Measurement,Units,Upper Limit,Lower Limit,Relaxed Upper Limit,Relaxed Lower Limit,Limit Units,Start Time,End Time,Duration (s)
Scan_FG_SN,,,,,,,,,,,,,Sep 20 2019 6:09:33.3060 PM,Sep 20 2019 6:09:37.9520 PM,4.6466
Scan_FG_SN,Scan_FG_SN,AtlasApp-Hyperion,show-form,PASS,,,,,,,,,Sep 20 2019 6:09:33.3070 PM,Sep 20 2019 6:09:37.9510 PM,4.6441
Scan_FG_SN,Scan_FG_SN,Scan_FG_SN,FTPZD00DP3LY,PASS,,,,,,,,,Sep 20 2019 6:09:37.9520 PM,Sep 20 2019 6:09:37.9520 PM,0
Fixtureinit,,,,,,,,,,,,,Sep 20 2019 6:09:37.9550 PM,Sep 20 2019 6:09:47.5830 PM,9.6282
Fixtureinit,Fixtureinit,Fixture,changeDelimiter,PASS,,,,,,,,,Sep 20 2019 6:09:37.9560 PM,Sep 20 2019 6:09:37.9560 PM,0
Fixtureinit,Fixtureinit,Fixture,changeLineTerminator,PASS,,,,,,,,,Sep 20 2019 6:09:37.9580 PM,Sep 20 2019 6:09:37.9580 PM,0
Fixtureinit,Fixtureinit,Fixture,open,PASS,,,,,,,,,Sep 20 2019 6:09:37.9600 PM,Sep 20 2019 6:09:39.5550 PM,1.5959
Fixtureinit,Fixtureinit,Fixture,read,PASS,,,,,,,,,Sep 20 2019 6:09:39.5570 PM,Sep 20 2019 6:09:39.5860 PM,.0291
Fixtureinit,Fixtureinit,P203,changeDelimiter,PASS,,,,,,,,,Sep 20 2019 6:09:39.5880 PM,Sep 20 2019 6:09:39.5880 PM,0
Fixtureinit,Fixtureinit,P203,changeLineTerminator,PASS,,,,,,,,,Sep 20 2019 6:09:39.5900 PM,Sep 20 2019 6:09:39.5900 PM,0
Fixtureinit,Fixtureinit,P203,open,PASS,,,,,,,,,Sep 20 2019 6:09:39.5910 PM,Sep 20 2019 6:09:41.1850 PM,1.5938
Fixtureinit,Fixtureinit,P203,read,PASS,,,,,,,,,Sep 20 2019 6:09:41.1870 PM,Sep 20 2019 6:09:41.2160 PM,.029
Fixtureinit,Fixtureinit,[Fixture] isReady,sendCommand,PASS,,,,,,,,,Sep 20 2019 6:09:41.2180 PM,Sep 20 2019 6:09:41.2300 PM,.0127
Fixtureinit,Fixtureinit,[Fixture] Power off,sendCommand,PASS,,,,,,,,,Sep 20 2019 6:09:41.2320 PM,Sep 20 2019 6:09:41.2490 PM,.0172
Fixtureinit,Fixtureinit,[Fixture] Power on,sendCommand,PASS,,,,,,,,,Sep 20 2019 6:09:42.3230 PM,Sep 20 2019 6:09:42.3330 PM,.0101
Fixtureinit,Fixtureinit,[Fixture] Engage pogo,sendCommand,PASS,,,,,,,,,Sep 20 2019 6:09:44.4050 PM,Sep 20 2019 6:09:44.4580 PM,.0536
Fixtureinit,Fixtureinit,StationReportPlugin,isReporting,PASS,,,,,,,,,Sep 20 2019 6:09:47.5820 PM,Sep 20 2019 6:09:47.5820 PM,0
Start Data Reporting,,,,,,,,,,,,,Sep 20 2019 6:09:47.5860 PM,Sep 20 2019 6:09:47.5990 PM,.0128
Start Data Reporting,Start Data Reporting,DRCB,StartDataReporting,PASS,,,,,,,,,Sep 20 2019 6:09:47.5890 PM,Sep 20 2019 6:09:47.5980 PM,.0085
Start Control Bits,,,,,,,,,,,,,Sep 20 2019 6:09:47.6010 PM,Sep 20 2019 6:09:48.0940 PM,.4933
Start Control Bits,Start Control Bits,DRCB,StartControlBits,PASS,,,,,,,,,Sep 20 2019 6:09:47.6030 PM,Sep 20 2019 6:09:48.0930 PM,.4908
Check_All_CB,,,,,,,,,,,,,Sep 20 2019 6:09:48.0970 PM,Sep 20 2019 6:10:09.1160 PM,21.0194
Check_All_CB,Check_All_CB,[Hid] /usr/local/bin/hidreport -p 0x026F -v 0x5ac -i 0 set 0x3f 0x3f 0x02 0x01,,PASS,,,,,,,,,Sep 20 2019 6:09:48.1500 PM,Sep 20 2019 6:09:48.1500 PM,0
Check_All_CB,Check_All_CB,[Hid] /usr/local/bin/hidreport -p 0x026F -v 0x5ac -i 0 get 0x3f,,PASS,,,,,,,,,Sep 20 2019 6:09:48.3820 PM,Sep 20 2019 6:09:48.3820 PM,0
Check_All_CB,Check_All_CB,CB_STATUS_MLB-FCT,,FAIL,Failed limits,0,,3,3,,,,Sep 20 2019 6:09:48.5640 PM,Sep 20 2019 6:09:48.5640 PM,0
Check_All_CB,Check_All_CB,ABS_ERASE_MLB-FCT,,PASS,,0,,,,,,,Sep 20 2019 6:09:48.5640 PM,Sep 20 2019 6:09:48.5640 PM,0
Check_All_CB,Check_All_CB,ABS_FAIL_MLB-FCT,,PASS,,0,,,,,,,Sep 20 2019 6:09:48.5640 PM,Sep 20 2019 6:09:48.5640 PM,0
Check_All_CB,Check_All_CB,REL_FAIL_MLB-FCT,,PASS,,0,,,,,,,Sep 20 2019 6:09:48.5650 PM,Sep 20 2019 6:09:48.5650 PM,0
Check_All_CB,Check_All_CB,[Hid] /usr/local/bin/hidreport -p 0x026F -v 0x5ac -i 0 set 0x3f 0x3f 0x02 0x02,,PASS,,,,,,,,,Sep 20 2019 6:09:48.6440 PM,Sep 20 2019 6:09:48.6440 PM,0
Check_All_CB,Check_All_CB,[Hid] /usr/local/bin/hidreport -p 0x026F -v 0x5ac -i 0 set 0x3f 0x3f 0x02 0x02-2,,PASS,,,,,,,,,Sep 20 2019 6:09:53.8580 PM,Sep 20 2019 6:09:53.8580 PM,0
Check_All_CB,Check_All_CB,[Hid] /usr/local/bin/hidreport -p 0x026F -v 0x5ac -i 0 get 0x3f-2,,PASS,,,,,,,,,Sep 20 2019 6:09:54.0910 PM,Sep 20 2019 6:09:54.0910 PM,0
Check_All_CB,Check_All_CB,CB_STATUS_TEST1,,FAIL,Failed limits,0,,3,3,,,,Sep 20 2019 6:09:54.3130 PM,Sep 20 2019 6:09:54.3130 PM,0
Check_All_CB,Check_All_CB,ABS_ERASE_TEST1,,PASS,,0,,,,,,,Sep 20 2019 6:09:54.3130 PM,Sep 20 2019 6:09:54.3130 PM,0
Check_All_CB,Check_All_CB,ABS_FAIL_TEST1,,PASS,,0,,,,,,,Sep 20 2019 6:09:54.3130 PM,Sep 20 2019 6:09:54.3130 PM,0
Check_All_CB,Check_All_CB,REL_FAIL_TEST1,,PASS,,0,,,,,,,Sep 20 2019 6:09:54.3130 PM,Sep 20 2019 6:09:54.3130 PM,0
Check_All_CB,Check_All_CB,[Hid] /usr/local/bin/hidreport -p 0x026F -v 0x5ac -i 0 set 0x3f 0x3f 0x02 0x05,,PASS,,,,,,,,,Sep 20 2019 6:09:54.4090 PM,Sep 20 2019 6:09:54.4090 PM,0
Check_All_CB,Check_All_CB,[Hid] /usr/local/bin/hidreport -p 0x026F -v 0x5ac -i 0 get 0x3f-3,,PASS,,,,,,,,,Sep 20 2019 6:09:54.5910 PM,Sep 20 2019 6:09:54.5910 PM,0
Check_All_CB,Check_All_CB,CB_STATUS_QT0,,FAIL,Failed limits,0,,3,3,,,,Sep 20 2019 6:09:54.7750 PM,Sep 20 2019 6:09:54.7750 PM,0
Check_All_CB,Check_All_CB,ABS_ERASE_QT0,,PASS,,0,,,,,,,Sep 20 2019 6:09:54.7750 PM,Sep 20 2019 6:09:54.7750 PM,0
Check_All_CB,Check_All_CB,ABS_FAIL_QT0,,PASS,,0,,,,,,,Sep 20 2019 6:09:54.7750 PM,Sep 20 2019 6:09:54.7750 PM,0
Check_All_CB,Check_All_CB,REL_FAIL_QT0,,PASS,,0,,,,,,,Sep 20 2019 6:09:54.7750 PM,Sep 20 2019 6:09:54.7750 PM,0
Check_All_CB,Check_All_CB,[Hid] /usr/local/bin/hidreport -p 0x026F -v 0x5ac -i 0 set 0x3f 0x3f 0x02 0x06,,PASS,,,,,,,,,Sep 20 2019 6:09:54.8700 PM,Sep 20 2019 6:09:54.8700 PM,0
Check_All_CB,Check_All_CB,[Hid] /usr/local/bin/hidreport -p 0x026F -v 0x5ac -i 0 get 0x3f-4,,PASS,,,,,,,,,Sep 20 2019 6:09:55.1550 PM,Sep 20 2019 6:09:55.1550 PM,0
Check_All_CB,Check_All_CB,CB_STATUS_DFU2-FTW,,PASS,,3,,3,3,,,,Sep 20 2019 6:09:55.3370 PM,Sep 20 2019 6:09:55.3370 PM,0
Check_All_CB,Check_All_CB,ABS_ERASE_DFU2-FTW,,PASS,,0,,,,,,,Sep 20 2019 6:09:55.3370 PM,Sep 20 2019 6:09:55.3370 PM,0
Check_All_CB,Check_All_CB,ABS_FAIL_DFU2-FTW,,PASS,,0,,,,,,,Sep 20 2019 6:09:55.3370 PM,Sep 20 2019 6:09:55.3370 PM,0
Check_All_CB,Check_All_CB,REL_FAIL_DFU2-FTW,,PASS,,0,,,,,,,Sep 20 2019 6:09:55.3370 PM,Sep 20 2019 6:09:55.3370 PM,0
Check_All_CB,Check_All_CB,[Hid] /usr/local/bin/hidreport -p 0x026F -v 0x5ac -i 0 set 0x3f 0x3f 0x02 0x08,,PASS,,,,,,,,,Sep 20 2019 6:09:55.4330 PM,Sep 20 2019 6:09:55.4330 PM,0
Check_All_CB,Check_All_CB,[Hid] /usr/local/bin/hidreport -p 0x026F -v 0x5ac -i 0 get 0x3f-5,,PASS,,,,,,,,,Sep 20 2019 6:09:55.7180 PM,Sep 20 2019 6:09:55.7180 PM,0
Check_All_CB,Check_All_CB,CB_STATUS_QT1,,FAIL,Failed limits,2,,3,3,,,,Sep 20 2019 6:09:55.9000 PM,Sep 20 2019 6:09:55.9000 PM,0
Check_All_CB,Check_All_CB,ABS_ERASE_QT1,,PASS,,0,,,,,,,Sep 20 2019 6:09:55.9000 PM,Sep 20 2019 6:09:55.9000 PM,0
Check_All_CB,Check_All_CB,ABS_FAIL_QT1,,PASS,,4,,,,,,,Sep 20 2019 6:09:55.9000 PM,Sep 20 2019 6:09:55.9000 PM,0
Check_All_CB,Check_All_CB,REL_FAIL_QT1,,PASS,,4,,,,,,,Sep 20 2019 6:09:55.9000 PM,Sep 20 2019 6:09:55.9000 PM,0
Check_All_CB,Check_All_CB,[Hid] /usr/local/bin/hidreport -p 0x026F -v 0x5ac -i 0 set 0x3f 0x3f 0x02 0x09,,PASS,,,,,,,,,Sep 20 2019 6:09:55.9870 PM,Sep 20 2019 6:09:55.9870 PM,0
Check_All_CB,Check_All_CB,[Hid] /usr/local/bin/hidreport -p 0x026F -v 0x5ac -i 0 set 0x3f 0x3f 0x02 0x09-2,,PASS,,,,,,,,,Sep 20 2019 6:10:01.2020 PM,Sep 20 2019 6:10:01.2020 PM,0
Check_All_CB,Check_All_CB,[Hid] /usr/local/bin/hidreport -p 0x026F -v 0x5ac -i 0 get 0x3f-6,,PASS,,,,,,,,,Sep 20 2019 6:10:01.4870 PM,Sep 20 2019 6:10:01.4870 PM,0
Check_All_CB,Check_All_CB,CB_STATUS_LED-TEST,,PASS,,3,,3,3,,,,Sep 20 2019 6:10:01.6690 PM,Sep 20 2019 6:10:01.6690 PM,0
Check_All_CB,Check_All_CB,ABS_ERASE_LED-TEST,,PASS,,0,,,,,,,Sep 20 2019 6:10:01.6690 PM,Sep 20 2019 6:10:01.6690 PM,0
Check_All_CB,Check_All_CB,ABS_FAIL_LED-TEST,,PASS,,1,,,,,,,Sep 20 2019 6:10:01.6690 PM,Sep 20 2019 6:10:01.6690 PM,0
Check_All_CB,Check_All_CB,REL_FAIL_LED-TEST,,PASS,,1,,,,,,,Sep 20 2019 6:10:01.6690 PM,Sep 20 2019 6:10:01.6690 PM,0
Check_All_CB,Check_All_CB,[Hid] /usr/local/bin/hidreport -p 0x026F -v 0x5ac -i 0 set 0x3f 0x3f 0x02 0x0A,,PASS,,,,,,,,,Sep 20 2019 6:10:01.7690 PM,Sep 20 2019 6:10:01.7690 PM,0
Check_All_CB,Check_All_CB,[Hid] /usr/local/bin/hidreport -p 0x026F -v 0x5ac -i 0 get 0x3f-7,,PASS,,,,,,,,,Sep 20 2019 6:10:02.0490 PM,Sep 20 2019 6:10:02.0490 PM,0
Check_All_CB,Check_All_CB,CB_STATUS_KEY-FORCE,,FAIL,Failed limits,0,,3,3,,,,Sep 20 2019 6:10:02.2310 PM,Sep 20 2019 6:10:02.2310 PM,0
Check_All_CB,Check_All_CB,ABS_ERASE_KEY-FORCE,,PASS,,0,,,,,,,Sep 20 2019 6:10:02.2310 PM,Sep 20 2019 6:10:02.2310 PM,0
Check_All_CB,Check_All_CB,ABS_FAIL_KEY-FORCE,,PASS,,0,,,,,,,Sep 20 2019 6:10:02.2310 PM,Sep 20 2019 6:10:02.2310 PM,0
Check_All_CB,Check_All_CB,REL_FAIL_KEY-FORCE,,PASS,,0,,,,,,,Sep 20 2019 6:10:02.2320 PM,Sep 20 2019 6:10:02.2320 PM,0
Check_All_CB,Check_All_CB,[Hid] /usr/local/bin/hidreport -p 0x026F -v 0x5ac -i 0 set 0x3f 0x3f 0x02 0x0B,,PASS,,,,,,,,,Sep 20 2019 6:10:02.3280 PM,Sep 20 2019 6:10:02.3280 PM,0
Check_All_CB,Check_All_CB,[Hid] /usr/local/bin/hidreport -p 0x026F -v 0x5ac -i 0 get 0x3f-8,,PASS,,,,,,,,,Sep 20 2019 6:10:02.5930 PM,Sep 20 2019 6:10:02.5930 PM,0
Check_All_CB,Check_All_CB,[Hid] /usr/local/bin/hidreport -p 0x026F -v 0x5ac -i 0 get 0x3f-9,,PASS,,,,,,,,,Sep 20 2019 6:10:07.8080 PM,Sep 20 2019 6:10:07.8080 PM,0
Check_All_CB,Check_All_CB,CB_STATUS_TEST2,,PASS,,3,,3,3,,,,Sep 20 2019 6:10:07.9900 PM,Sep 20 2019 6:10:07.9900 PM,0
Check_All_CB,Check_All_CB,ABS_ERASE_TEST2,,PASS,,0,,,,,,,Sep 20 2019 6:10:07.9900 PM,Sep 20 2019 6:10:07.9900 PM,0
Check_All_CB,Check_All_CB,ABS_FAIL_TEST2,,PASS,,1,,,,,,,Sep 20 2019 6:10:07.9900 PM,Sep 20 2019 6:10:07.9900 PM,0
Check_All_CB,Check_All_CB,REL_FAIL_TEST2,,PASS,,1,,,,,,,Sep 20 2019 6:10:07.9910 PM,Sep 20 2019 6:10:07.9910 PM,0
Check_All_CB,Check_All_CB,[Hid] /usr/local/bin/hidreport -p 0x026F -v 0x5ac -i 0 set 0x3f 0x3f 0x02 0x0C,,PASS,,,,,,,,,Sep 20 2019 6:10:08.0860 PM,Sep 20 2019 6:10:08.0860 PM,0
Check_All_CB,Check_All_CB,[Hid] /usr/local/bin/hidreport -p 0x026F -v 0x5ac -i 0 get 0x3f-10,,PASS,,,,,,,,,Sep 20 2019 6:10:08.3710 PM,Sep 20 2019 6:10:08.3710 PM,0
Check_All_CB,Check_All_CB,CB_STATUS_MMI,,FAIL,Failed limits,0,,3,3,,,,Sep 20 2019 6:10:08.5530 PM,Sep 20 2019 6:10:08.5530 PM,0
Check_All_CB,Check_All_CB,ABS_ERASE_MMI,,PASS,,0,,,,,,,Sep 20 2019 6:10:08.5530 PM,Sep 20 2019 6:10:08.5530 PM,0
Check_All_CB,Check_All_CB,ABS_FAIL_MMI,,PASS,,0,,,,,,,Sep 20 2019 6:10:08.5530 PM,Sep 20 2019 6:10:08.5530 PM,0
Check_All_CB,Check_All_CB,REL_FAIL_MMI,,PASS,,0,,,,,,,Sep 20 2019 6:10:08.5530 PM,Sep 20 2019 6:10:08.5530 PM,0
Check_All_CB,Check_All_CB,[Hid] /usr/local/bin/hidreport -p 0x026F -v 0x5ac -i 0 set 0x3f 0x3f 0x02 0x0D,,PASS,,,,,,,,,Sep 20 2019 6:10:08.6490 PM,Sep 20 2019 6:10:08.6490 PM,0
Check_All_CB,Check_All_CB,[Hid] /usr/local/bin/hidreport -p 0x026F -v 0x5ac -i 0 get 0x3f-11,,PASS,,,,,,,,,Sep 20 2019 6:10:08.9340 PM,Sep 20 2019 6:10:08.9340 PM,0
Check_All_CB,Check_All_CB,CB_STATUS_SW-DOWNLOAD,,PASS,,3,,3,3,,,,Sep 20 2019 6:10:09.1150 PM,Sep 20 2019 6:10:09.1150 PM,0
Check_All_CB,Check_All_CB,ABS_ERASE_SW-DOWNLOAD,,PASS,,0,,,,,,,Sep 20 2019 6:10:09.1150 PM,Sep 20 2019 6:10:09.1150 PM,0
Check_All_CB,Check_All_CB,ABS_FAIL_SW-DOWNLOAD,,PASS,,0,,,,,,,Sep 20 2019 6:10:09.1150 PM,Sep 20 2019 6:10:09.1150 PM,0
Check_All_CB,Check_All_CB,REL_FAIL_SW-DOWNLOAD,,PASS,,0,,,,,,,Sep 20 2019 6:10:09.1160 PM,Sep 20 2019 6:10:09.1160 PM,0
Check_Bootargs_Status,,,,,,,,,,,,,Sep 20 2019 6:10:09.1230 PM,Sep 20 2019 6:10:13.3460 PM,4.2237
Check_Bootargs_Status,Check_Bootargs_Status,"[Hid] /usr/local/bin/hidreport -v 0x05ac -p 0x026F -u 0xFF00,0x000B set 0x3d 0x3d 0x15 0x0 0x0 0x0",,PASS,,,,,,,,,Sep 20 2019 6:10:09.2020 PM,Sep 20 2019 6:10:09.2020 PM,0
Check_Bootargs_Status,Check_Bootargs_Status,"[Hid] /usr/local/bin/hidreport -v 0x05ac -p 0x026F -u 0xFF00,0x000B set 0x3d 0x3d 0x15 0x0 0x0 0x0-2",,PASS,,,,,,,,,Sep 20 2019 6:10:12.4240 PM,Sep 20 2019 6:10:12.4240 PM,0
Check_Bootargs_Status,Check_Bootargs_Status,"[Hid] /usr/local/bin/hidreport -v 0x05ac -p 0x026F -u 0xFF00,0x000B get 0x3e",,PASS,,,,,,,,,Sep 20 2019 6:10:12.9590 PM,Sep 20 2019 6:10:12.9590 PM,0
Check_Bootargs_Status,Check_Bootargs_Status,Check_Bootargs_Status,15 00 00 00 ,PASS,,,,,,,,,Sep 20 2019 6:10:13.3460 PM,Sep 20 2019 6:10:13.3460 PM,0
Read_FG_SN,,,,,,,,,,,,,Sep 20 2019 6:10:13.3490 PM,Sep 20 2019 6:10:13.8400 PM,.4914
Read_FG_SN,Read_FG_SN,"[Hid] /usr/local/bin/hidreport -pid 0x026F -vid 0x05ac -usage 0xff00,0xb get 0x11",,PASS,,,,,,,,,Sep 20 2019 6:10:13.4470 PM,Sep 20 2019 6:10:13.4470 PM,0
Read_FG_SN,Read_FG_SN,Read_FG_SN,FTPZD00DP3LY,PASS,,,,,,,,,Sep 20 2019 6:10:13.8400 PM,Sep 20 2019 6:10:13.8400 PM,0
Compare_FG_SN,,,,,,,,,,,,,Sep 20 2019 6:10:13.8430 PM,Sep 20 2019 6:10:13.8430 PM,.0005
Compare_FG_SN,Compare_FG_SN,Compare_FG_SN,,PASS,,,,,,,,,Sep 20 2019 6:10:13.8430 PM,Sep 20 2019 6:10:13.8430 PM,0
Get_SFC_Info,,,,,,,,,,,,,Sep 20 2019 6:10:13.8450 PM,Sep 20 2019 6:10:13.9230 PM,.0779
Get_SFC_Info,Get_SFC_Info,SFCSupport,getAttributes,PASS,,,,,,,,,Sep 20 2019 6:10:13.8470 PM,Sep 20 2019 6:10:13.8810 PM,.0347
Get_SFC_Info,Get_SFC_Info,GET SFC info - unit_lbl,R128-P2_P22AEN-S1_C01039,PASS,,,,,,,,,Sep 20 2019 6:10:13.8830 PM,Sep 20 2019 6:10:13.8830 PM,0
Get_SFC_Info,Get_SFC_Info,SFCSupport,getAttributes-2,PASS,,,,,,,,,Sep 20 2019 6:10:13.8840 PM,Sep 20 2019 6:10:13.8880 PM,.004
Get_SFC_Info,Get_SFC_Info,GET SFC info - wo_no,WCR-J90002,PASS,,,,,,,,,Sep 20 2019 6:10:13.8890 PM,Sep 20 2019 6:10:13.8890 PM,0
Get_SFC_Info,Get_SFC_Info,SFCSupport,getAttributes-3,PASS,,,,,,,,,Sep 20 2019 6:10:13.8900 PM,Sep 20 2019 6:10:13.8940 PM,.0043
Get_SFC_Info,Get_SFC_Info,GET SFC info - mlb_sn,DLX9373000NN4732S,PASS,,,,,,,,,Sep 20 2019 6:10:13.8950 PM,Sep 20 2019 6:10:13.8950 PM,0
Get_SFC_Info,Get_SFC_Info,SFCSupport,getAttributes-4,PASS,,,,,,,,,Sep 20 2019 6:10:13.8970 PM,Sep 20 2019 6:10:13.9030 PM,.006
Get_SFC_Info,Get_SFC_Info,GET SFC info - kbm_sn,C4P9315007GJCPQ3G,PASS,,,,,,,,,Sep 20 2019 6:10:13.9030 PM,Sep 20 2019 6:10:13.9030 PM,0
Get_SFC_Info,Get_SFC_Info,SFCSupport,getAttributes-5,PASS,,,,,,,,,Sep 20 2019 6:10:13.9050 PM,Sep 20 2019 6:10:13.9090 PM,.004
Get_SFC_Info,Get_SFC_Info,GET SFC info - trackpad_sn,FM7934700BLKG9X4A+S5J,PASS,,,,,,,,,Sep 20 2019 6:10:13.9100 PM,Sep 20 2019 6:10:13.9100 PM,0
Get_SFC_Info,Get_SFC_Info,SFCSupport,getAttributes-6,PASS,,,,,,,,,Sep 20 2019 6:10:13.9110 PM,Sep 20 2019 6:10:13.9160 PM,.0048
Get_SFC_Info,Get_SFC_Info,GET SFC info - backlight_sn,GV29357002AN5TG2T,PASS,,,,,,,,,Sep 20 2019 6:10:13.9170 PM,Sep 20 2019 6:10:13.9170 PM,0
Get_SFC_Info,Get_SFC_Info,SFCSupport,getAttributes-7,PASS,,,,,,,,,Sep 20 2019 6:10:13.9180 PM,Sep 20 2019 6:10:13.9220 PM,.0041
Get_SFC_Info,Get_SFC_Info,GET SFC info - touch_flex_sn,C47935505S8JFK022,PASS,,,,,,,,,Sep 20 2019 6:10:13.9230 PM,Sep 20 2019 6:10:13.9230 PM,0
MLB_SN,,,,,,,,,,,,,Sep 20 2019 6:10:13.9260 PM,Sep 20 2019 6:10:14.4150 PM,.4895
MLB_SN,MLB_SN,"[Hid] /usr/local/bin/hidreport -p 0x026F -vid 0x05ac -usage 0xff00,0xb get 0x12",,PASS,,,,,,,,,Sep 20 2019 6:10:14.0280 PM,Sep 20 2019 6:10:14.0280 PM,0
MLB_SN,MLB_SN,MLB_SN,DLX9373000NN4732S,PASS,,,,,,,,,Sep 20 2019 6:10:14.4150 PM,Sep 20 2019 6:10:14.4150 PM,0
WO_SN,,,,,,,,,,,,,Sep 20 2019 6:10:14.4180 PM,Sep 20 2019 6:10:14.4190 PM,.0007
WO_SN,WO_SN,WO_SN,WCR-J90002,PASS,,,,,,,,,Sep 20 2019 6:10:14.4190 PM,Sep 20 2019 6:10:14.4190 PM,0
UNIT_LBL,,,,,,,,,,,,,Sep 20 2019 6:10:14.4220 PM,Sep 20 2019 6:10:14.4220 PM,.0006
UNIT_LBL,UNIT_LBL,UNIT_LBL,R128-P2_P22AEN-S1_C01039,PASS,,,,,,,,,Sep 20 2019 6:10:14.4220 PM,Sep 20 2019 6:10:14.4220 PM,0
BUILD_EVENT,,,,,,,,,,,,,Sep 20 2019 6:10:14.4260 PM,Sep 20 2019 6:10:14.4260 PM,.0006
BUILD_EVENT,BUILD_EVENT,BUILD_EVENT: ,R128-P2,PASS,,,,,,,,,Sep 20 2019 6:10:14.4260 PM,Sep 20 2019 6:10:14.4260 PM,0
BUILD_MATRIX_CONFIG,,,,,,,,,,,,,Sep 20 2019 6:10:14.4280 PM,Sep 20 2019 6:10:14.4290 PM,.0005
BUILD_MATRIX_CONFIG,BUILD_MATRIX_CONFIG,BUILD_MATRIC_CONFIG: ,P22AEN-S1,PASS,,,,,,,,,Sep 20 2019 6:10:14.4290 PM,Sep 20 2019 6:10:14.4290 PM,0
UNIT#,,,,,,,,,,,,,Sep 20 2019 6:10:14.4310 PM,Sep 20 2019 6:10:14.4310 PM,.0005
UNIT#,UNIT#,UNIT#: ,C01039,PASS,,,,,,,,,Sep 20 2019 6:10:14.4310 PM,Sep 20 2019 6:10:14.4310 PM,0
S_BUILD,,,,,,,,,,,,,Sep 20 2019 6:10:14.4330 PM,Sep 20 2019 6:10:14.4340 PM,.0005
S_BUILD,S_BUILD,S_BUILD: ,R128-P2_P22AEN-S1,PASS,,,,,,,,,Sep 20 2019 6:10:14.4340 PM,Sep 20 2019 6:10:14.4340 PM,0
KBM_SN,,,,,,,,,,,,,Sep 20 2019 6:10:14.4360 PM,Sep 20 2019 6:10:14.4360 PM,.0006
KBM_SN,KBM_SN,KBM_SN,C4P9315007GJCPQ3G,PASS,,,,,,,,,Sep 20 2019 6:10:14.4360 PM,Sep 20 2019 6:10:14.4360 PM,0
BACKLIGHT_SN,,,,,,,,,,,,,Sep 20 2019 6:10:14.4380 PM,Sep 20 2019 6:10:14.4390 PM,.0005
BACKLIGHT_SN,BACKLIGHT_SN,BACKLIGHT_SN,GV29357002AN5TG2T,PASS,,,,,,,,,Sep 20 2019 6:10:14.4390 PM,Sep 20 2019 6:10:14.4390 PM,0
TRACKPAD_SN,,,,,,,,,,,,,Sep 20 2019 6:10:14.4410 PM,Sep 20 2019 6:10:14.4410 PM,.0006
TRACKPAD_SN,TRACKPAD_SN,TRACKPAD_SN,FM7934700BLKG9X4A+S5J,PASS,,,,,,,,,Sep 20 2019 6:10:14.4410 PM,Sep 20 2019 6:10:14.4410 PM,0
TOUCH_FLEX_SN,,,,,,,,,,,,,Sep 20 2019 6:10:14.4430 PM,Sep 20 2019 6:10:14.4440 PM,.0006
TOUCH_FLEX_SN,TOUCH_FLEX_SN,TOUCH_FLEX_SN,C47935505S8JFK022,PASS,,,,,,,,,Sep 20 2019 6:10:14.4440 PM,Sep 20 2019 6:10:14.4440 PM,0
Read_STFW_Version_Before_DL,,,,,,,,,,,,,Sep 20 2019 6:10:14.4460 PM,Sep 20 2019 6:10:14.9330 PM,.4869
Read_STFW_Version_Before_DL,Read_STFW_Version_Before_DL,[Hid] /usr/local/bin/hidreport -p 0x026F -i 0 get 0xB4,,PASS,,,,,,,,,Sep 20 2019 6:10:14.5470 PM,Sep 20 2019 6:10:14.5470 PM,0
Read_STFW_Version_Before_DL,Read_STFW_Version_Before_DL,Read_STFW_Version_Before_DL,0x0171,PASS,,,,,,,,,Sep 20 2019 6:10:14.9320 PM,Sep 20 2019 6:10:14.9320 PM,0
Read_STFW_Version_Before_DL,Read_STFW_Version_Before_DL,,,PASS,,369,NA,,,,,NA,Sep 20 2019 6:10:14.9330 PM,Sep 20 2019 6:10:14.9330 PM,0
Read_MTFW_Version_Before_DL,,,,,,,,,,,,,Sep 20 2019 6:10:14.9350 PM,Sep 20 2019 6:10:15.4260 PM,.4911
Read_MTFW_Version_Before_DL,Read_MTFW_Version_Before_DL,[Hid] /usr/local/bin/hidreport -p 0x026F -i 0 get 0xbb,,PASS,,,,,,,,,Sep 20 2019 6:10:15.0360 PM,Sep 20 2019 6:10:15.0360 PM,0
Read_MTFW_Version_Before_DL,Read_MTFW_Version_Before_DL,Read_MTFW_Version_Before_DL,0x0506,PASS,,,,,,,,,Sep 20 2019 6:10:15.4260 PM,Sep 20 2019 6:10:15.4260 PM,0
Read_MTFW_Version_Before_DL,Read_MTFW_Version_Before_DL,,,PASS,,1286,NA,,,,,NA,Sep 20 2019 6:10:15.4260 PM,Sep 20 2019 6:10:15.4260 PM,0
Program_STFW,,,,,,,,,,,,,Sep 20 2019 6:10:15.4290 PM,Sep 20 2019 6:10:19.9080 PM,4.4789
Program_STFW,Program_STFW,[Hid] /usr/local/bin/hidreport -v 0x05ac -p 0x026F -i 0 set 0x3D 0x3D 0x13 0x0 0x0 0x0,,PASS,,,,,,,,,Sep 20 2019 6:10:15.5300 PM,Sep 20 2019 6:10:15.5300 PM,0
Program_STFW,Program_STFW,[Hid] /usr/local/bin/hidreport -v 0x05ac -p 0x026F -i 0 set 0x3E 0x3E 0x13 0x0 0x0 0x0 0x2,,PASS,,,,,,,,,Sep 20 2019 6:10:16.0510 PM,Sep 20 2019 6:10:16.0510 PM,0
Program_STFW,Program_STFW,Disable_Touch,Pass,PASS,,,,,,,,,Sep 20 2019 6:10:16.4390 PM,Sep 20 2019 6:10:16.4390 PM,0
Program_STFW,Program_STFW,[Fixture] Power off,sendCommand,PASS,,,,,,,,,Sep 20 2019 6:10:16.4400 PM,Sep 20 2019 6:10:16.4560 PM,.0153
Program_STFW,Program_STFW,[Fixture] Power on,sendCommand,PASS,,,,,,,,,Sep 20 2019 6:10:16.8320 PM,Sep 20 2019 6:10:16.8390 PM,.0071
Program_STFW,Program_STFW,Skip download: already contain V0x0171 ST FW,,PASS,,,,,,,,,Sep 20 2019 6:10:19.9070 PM,Sep 20 2019 6:10:19.9070 PM,0
Program_MTFW,,,,,,,,,,,,,Sep 20 2019 6:10:19.9100 PM,Sep 20 2019 6:10:24.2380 PM,4.3275
Program_MTFW,Program_MTFW,[Hid] /usr/local/bin/hidreport -v 0x05ac -p 0x026F -i 0 set 0x3D 0x3D 0x13 0x0 0x0 0x0,,PASS,,,,,,,,,Sep 20 2019 6:10:19.9530 PM,Sep 20 2019 6:10:19.9530 PM,0
Program_MTFW,Program_MTFW,[Hid] /usr/local/bin/hidreport -v 0x05ac -p 0x026F -i 0 set 0x3E 0x3E 0x13 0x0 0x0 0x0 0x2,,PASS,,,,,,,,,Sep 20 2019 6:10:20.3820 PM,Sep 20 2019 6:10:20.3820 PM,0
Program_MTFW,Program_MTFW,Disable_Touch,Pass,PASS,,,,,,,,,Sep 20 2019 6:10:20.7700 PM,Sep 20 2019 6:10:20.7700 PM,0
Program_MTFW,Program_MTFW,[Fixture] Power off,sendCommand,PASS,,,,,,,,,Sep 20 2019 6:10:20.7710 PM,Sep 20 2019 6:10:20.7870 PM,.0156
Program_MTFW,Program_MTFW,[Fixture] Power on,sendCommand,PASS,,,,,,,,,Sep 20 2019 6:10:21.1620 PM,Sep 20 2019 6:10:21.1700 PM,.008
Program_MTFW,Program_MTFW,Skip download: already contain V0x0506 MT FW,,PASS,,,,,,,,,Sep 20 2019 6:10:24.2370 PM,Sep 20 2019 6:10:24.2370 PM,0
Read_STFW_Version_After_DL,,,,,,,,,,,,,Sep 20 2019 6:10:24.2400 PM,Sep 20 2019 6:10:24.6900 PM,.4497
Read_STFW_Version_After_DL,Read_STFW_Version_After_DL,[Hid] /usr/local/bin/hidreport -p 0x026F -i 0 get 0xB4,,PASS,,,,,,,,,Sep 20 2019 6:10:24.2980 PM,Sep 20 2019 6:10:24.2980 PM,0
Read_STFW_Version_After_DL,Read_STFW_Version_After_DL,Read_STFW_Version_After_DL,0x0171,PASS,,,,,,,,,Sep 20 2019 6:10:24.6890 PM,Sep 20 2019 6:10:24.6890 PM,0
Read_STFW_Version_After_DL,Read_STFW_Version_After_DL,,,PASS,,369,NA,369,369,,,NA,Sep 20 2019 6:10:24.6900 PM,Sep 20 2019 6:10:24.6900 PM,0
Read_MTFW_Version_After_DL,,,,,,,,,,,,,Sep 20 2019 6:10:24.6920 PM,Sep 20 2019 6:10:25.1450 PM,.4532
Read_MTFW_Version_After_DL,Read_MTFW_Version_After_DL,[Hid] /usr/local/bin/hidreport -p 0x026F -i 0 get 0xbb,,PASS,,,,,,,,,Sep 20 2019 6:10:24.7530 PM,Sep 20 2019 6:10:24.7530 PM,0
Read_MTFW_Version_After_DL,Read_MTFW_Version_After_DL,Read_MTFW_Version_After_DL,0x0506,PASS,,,,,,,,,Sep 20 2019 6:10:25.1450 PM,Sep 20 2019 6:10:25.1450 PM,0
Read_MTFW_Version_After_DL,Read_MTFW_Version_After_DL,,,PASS,,1286,NA,1286,1286,,,NA,Sep 20 2019 6:10:25.1450 PM,Sep 20 2019 6:10:25.1450 PM,0
Check_EP_Status,,,,,,,,,,,,,Sep 20 2019 6:10:25.1480 PM,Sep 20 2019 6:10:26.0160 PM,.8679
Check_EP_Status,Check_EP_Status,[Hid] /usr/local/bin/hidreport -v 0x05ac -p 0x026F -i 0 set 0x3D 0x3D 0x13 0x0 0x0 0x0,,PASS,,,,,,,,,Sep 20 2019 6:10:25.1930 PM,Sep 20 2019 6:10:25.1930 PM,0
Check_EP_Status,Check_EP_Status,[Hid] /usr/local/bin/hidreport -v 0x05ac -p 0x026F -i 0 get 0x3E,,PASS,,,,,,,,,Sep 20 2019 6:10:25.6310 PM,Sep 20 2019 6:10:25.6310 PM,0
Check_EP_Status,Check_EP_Status,Check_EP_Status,13 00 00 00 02 ,PASS,,,,,,,,,Sep 20 2019 6:10:26.0160 PM,Sep 20 2019 6:10:26.0160 PM,0
EP_Enable_All,,,,,,,,,,,,,Sep 20 2019 6:10:26.0180 PM,Sep 20 2019 6:10:30.1360 PM,4.1178
EP_Enable_All,EP_Enable_All,[Hid] /usr/local/bin/hidreport -v 0x05ac -p 0x026F -i 0 set 0x3E 0x3E 0x13 0x0 0x0 0x0 0x0,,PASS,,,,,,,,,Sep 20 2019 6:10:26.0970 PM,Sep 20 2019 6:10:26.0970 PM,0
EP_Enable_All,EP_Enable_All,EP_Enable_All,Pass,PASS,,,,,,,,,Sep 20 2019 6:10:26.4870 PM,Sep 20 2019 6:10:26.4870 PM,0
EP_Enable_All,EP_Enable_All,[Fixture] Power off,sendCommand,PASS,,,,,,,,,Sep 20 2019 6:10:26.4880 PM,Sep 20 2019 6:10:26.4920 PM,.0038
EP_Enable_All,EP_Enable_All,[Fixture] Power on,sendCommand,PASS,,,,,,,,,Sep 20 2019 6:10:27.0610 PM,Sep 20 2019 6:10:27.0670 PM,.0065
Read_HW_Version,,,,,,,,,,,,,Sep 20 2019 6:10:30.1390 PM,Sep 20 2019 6:10:30.6980 PM,.5596
Read_HW_Version,Read_HW_Version,"[Hid] /usr/local/bin/hidreport -pid 0x026F -vid 0x05ac -usage 0xff00,0xb get 0xbc",,PASS,,,,,,,,,Sep 20 2019 6:10:30.3830 PM,Sep 20 2019 6:10:30.3830 PM,0
Read_HW_Version,Read_HW_Version,Read_HW_Version,,PASS,,3,,3,3,,,,Sep 20 2019 6:10:30.6980 PM,Sep 20 2019 6:10:30.6980 PM,0
GreenPAK_ID,,,,,,,,,,,,,Sep 20 2019 6:10:30.7010 PM,Sep 20 2019 6:10:31.1400 PM,.4396
GreenPAK_ID,GreenPAK_ID,"[Hid] /usr/local/bin/hidreport -pid 0x026F -vid 0x05ac -usage 0xff00,0xb get 0x90",,PASS,,,,,,,,,Sep 20 2019 6:10:30.7520 PM,Sep 20 2019 6:10:30.7520 PM,0
GreenPAK_ID,GreenPAK_ID,GreenPAK_ID,,PASS,,2,,2,2,,,,Sep 20 2019 6:10:31.1400 PM,Sep 20 2019 6:10:31.1400 PM,0
Read_CCG3_FW,,,,,,,,,,,,,Sep 20 2019 6:10:31.1430 PM,Sep 20 2019 6:10:35.9660 PM,4.8234
Read_CCG3_FW,Read_CCG3_FW,"[Hid] /usr/local/bin/hidreport -v 0x05ac -p 0x026F -usage 0xff00,0xb set 0xce 0xce 6 6 0",,PASS,,,,,,,,,Sep 20 2019 6:10:31.1910 PM,Sep 20 2019 6:10:31.1910 PM,0
Read_CCG3_FW,Read_CCG3_FW,"[Hid] /usr/local/bin/hidreport -v 0x05ac -p 0x026F -usage 0xff00,0xb get 0xa0",,PASS,,,,,,,,,Sep 20 2019 6:10:31.7060 PM,Sep 20 2019 6:10:31.7060 PM,0
Read_CCG3_FW,Read_CCG3_FW,"[Hid] /usr/local/bin/hidreport -v 0x05ac -p 0x026F -usage 0xff00,0xb set 0xce 0xce 6 6 1",,PASS,,,,,,,,,Sep 20 2019 6:10:32.1830 PM,Sep 20 2019 6:10:32.1830 PM,0
Read_CCG3_FW,Read_CCG3_FW,ReadCCG3FW,,PASS,,,,,,,,,Sep 20 2019 6:10:32.5660 PM,Sep 20 2019 6:10:32.5660 PM,0
Read_CCG3_FW,Read_CCG3_FW,ReadCCG3FW,A0 02 00 0B 00 0B 00 0B ,PASS,,,,,,,,,Sep 20 2019 6:10:32.5660 PM,Sep 20 2019 6:10:32.5660 PM,0
Read_CCG3_FW,Read_CCG3_FW,[Fixture] Power off,sendCommand,PASS,,,,,,,,,Sep 20 2019 6:10:32.5670 PM,Sep 20 2019 6:10:32.5810 PM,.0144
Read_CCG3_FW,Read_CCG3_FW,[Fixture] Power on,sendCommand,PASS,,,,,,,,,Sep 20 2019 6:10:32.9490 PM,Sep 20 2019 6:10:32.9650 PM,.0165
Production_Signed_Check,,,,,,,,,,,,,Sep 20 2019 6:10:35.9690 PM,Sep 20 2019 6:10:36.4050 PM,.4365
Production_Signed_Check,Production_Signed_Check,"[Hid] /usr/local/bin/hidreport -pid 0x026F -vid 0x05ac -usage 0xff00,0x000b get 0x13",,PASS,,,,,,,,,Sep 20 2019 6:10:36.0190 PM,Sep 20 2019 6:10:36.0190 PM,0
Production_Signed_Check,Production_Signed_Check,Production_Signed_Check,,PASS,,0,,0,0,,,,Sep 20 2019 6:10:36.4050 PM,Sep 20 2019 6:10:36.4050 PM,0
Read_KBD_HW_Layout,,,,,,,,,,,,,Sep 20 2019 6:10:36.4080 PM,Sep 20 2019 6:10:36.8520 PM,.4449
Read_KBD_HW_Layout,Read_KBD_HW_Layout,"[Hid] /usr/local/bin/hidreport -pid 0x026F -vid 0x05ac -usage 0x0001,0x0006 get 0x04",,PASS,,,,,,,,,Sep 20 2019 6:10:36.4580 PM,Sep 20 2019 6:10:36.4580 PM,0
Read_KBD_HW_Layout,Read_KBD_HW_Layout,Read_KBD_HW_Layout,,PASS,,33,,33,33,,,,Sep 20 2019 6:10:36.8520 PM,Sep 20 2019 6:10:36.8520 PM,0
Get_KBD_HW_Layout,,,,,,,,,,,,,Sep 20 2019 6:10:36.8550 PM,Sep 20 2019 6:10:36.8560 PM,.0007
Get_KBD_HW_Layout,Get_KBD_HW_Layout,Read_KBD_HW_Layout,,PASS,,33,,33,33,,,,Sep 20 2019 6:10:36.8550 PM,Sep 20 2019 6:10:36.8550 PM,0
Compare_KBD_HW_Layout,,,,,,,,,,,,,Sep 20 2019 6:10:36.8580 PM,Sep 20 2019 6:10:36.8580 PM,.0004
Compare_KBD_HW_Layout,Compare_KBD_HW_Layout,Compare_KBD_HW_Layout,,PASS,,,,,,,,,Sep 20 2019 6:10:36.8580 PM,Sep 20 2019 6:10:36.8580 PM,0
Read_MLB_Lang,,,,,,,,,,,,,Sep 20 2019 6:10:36.8600 PM,Sep 20 2019 6:10:37.2300 PM,.3697
Read_MLB_Lang,Read_MLB_Lang,"[Hid] /usr/local/bin/hidreport -pid 0x026F -vid 0x05ac -usage 0x0001,0x0006 get 0x02",,PASS,,,,,,,,,Sep 20 2019 6:10:36.9110 PM,Sep 20 2019 6:10:36.9110 PM,0
Read_MLB_Lang,Read_MLB_Lang,Read_MLB_Lang,02 01 01 05 49 ,PASS,,,,,,,,,Sep 20 2019 6:10:37.2300 PM,Sep 20 2019 6:10:37.2300 PM,0
Get_KBD_Lang,,,,,,,,,,,,,Sep 20 2019 6:10:37.2320 PM,Sep 20 2019 6:10:37.2330 PM,.0005
Get_KBD_Lang,Get_KBD_Lang,Get_KBD_Lang,02 01 01 05 49,PASS,,,,,,,,,Sep 20 2019 6:10:37.2330 PM,Sep 20 2019 6:10:37.2330 PM,0
Check_KBD_Lang,,,,,,,,,,,,,Sep 20 2019 6:10:37.2350 PM,Sep 20 2019 6:10:37.2350 PM,.0005
Check_KBD_Lang,Check_KBD_Lang,Check_KBD_Lang,,PASS,,,,,,,,,Sep 20 2019 6:10:37.2350 PM,Sep 20 2019 6:10:37.2350 PM,0
Read_MFI_Address,,,,,,,,,,,,,Sep 20 2019 6:10:37.2370 PM,Sep 20 2019 6:10:37.6690 PM,.4317
Read_MFI_Address,Read_MFI_Address,[Hid] /usr/local/bin/hidreport -p 0x026F -v 0x05ac -i 0 get 0x5E,,PASS,,,,,,,,,Sep 20 2019 6:10:37.2850 PM,Sep 20 2019 6:10:37.2850 PM,0
Read_MFI_Address,Read_MFI_Address,Read_MFI_Address,,PASS,,16,,16,16,,,,Sep 20 2019 6:10:37.6690 PM,Sep 20 2019 6:10:37.6690 PM,0
System_Critical_Errors,,,,,,,,,,,,,Sep 20 2019 6:10:37.6710 PM,Sep 20 2019 6:10:41.3060 PM,3.6348
System_Critical_Errors,System_Critical_Errors,"[Hid] /usr/local/bin/hidreport -v 0x05ac -p 0x026F -usage 0xff00,0xb get 0xE1",,PASS,,,,,,,,,Sep 20 2019 6:10:37.7530 PM,Sep 20 2019 6:10:37.7530 PM,0
System_Critical_Errors,System_Critical_Errors,"[Hid] /usr/local/bin/hidreport -v 0x05ac -p 0x026F -usage 0xff00,0xb get 0xE1-2",,PASS,,,,,,,,,Sep 20 2019 6:10:40.9170 PM,Sep 20 2019 6:10:40.9170 PM,0
System_Critical_Errors,System_Critical_Errors,CRIT_ERR_E1_PART1,,PASS,,8704,,,,,,,Sep 20 2019 6:10:41.3050 PM,Sep 20 2019 6:10:41.3050 PM,0
System_Critical_Errors,System_Critical_Errors,CRIT_ERR_E1_PART2,,PASS,,0,,,,,,,Sep 20 2019 6:10:41.3050 PM,Sep 20 2019 6:10:41.3050 PM,0
System_Critical_Errors,System_Critical_Errors,CRIT_ERR_E1,,PASS,,,,,,,,,Sep 20 2019 6:10:41.3060 PM,Sep 20 2019 6:10:41.3060 PM,0
FW_Update_Critical_Errors,,,,,,,,,,,,,Sep 20 2019 6:10:41.3090 PM,Sep 20 2019 6:10:44.9790 PM,3.6703
FW_Update_Critical_Errors,FW_Update_Critical_Errors,"[Hid] /usr/local/bin/hidreport -v 0x05ac -p 0x026F -usage 0xff00,0xb get 0xE2",,PASS,,,,,,,,,Sep 20 2019 6:10:41.3800 PM,Sep 20 2019 6:10:41.3800 PM,0
FW_Update_Critical_Errors,FW_Update_Critical_Errors,"[Hid] /usr/local/bin/hidreport -v 0x05ac -p 0x026F -usage 0xff00,0xb get 0xE2-2",,PASS,,,,,,,,,Sep 20 2019 6:10:44.5470 PM,Sep 20 2019 6:10:44.5470 PM,0
FW_Update_Critical_Errors,FW_Update_Critical_Errors,CRIT_ERR_E2_PART1,,PASS,,0,,,,,,,Sep 20 2019 6:10:44.9720 PM,Sep 20 2019 6:10:44.9720 PM,0
FW_Update_Critical_Errors,FW_Update_Critical_Errors,CRIT_ERR_E2_PART2,,PASS,,0,,,,,,,Sep 20 2019 6:10:44.9720 PM,Sep 20 2019 6:10:44.9720 PM,0
FW_Update_Critical_Errors,FW_Update_Critical_Errors,CRIT_ERR_E2_PART3,,PASS,,0,,,,,,,Sep 20 2019 6:10:44.9730 PM,Sep 20 2019 6:10:44.9730 PM,0
FW_Update_Critical_Errors,FW_Update_Critical_Errors,CRIT_ERR_E2,,PASS,,,,,,,,,Sep 20 2019 6:10:44.9740 PM,Sep 20 2019 6:10:44.9740 PM,0
Key_Scan_Critical_Errors,,,,,,,,,,,,,Sep 20 2019 6:10:44.9860 PM,Sep 20 2019 6:10:45.5370 PM,.551
Key_Scan_Critical_Errors,Key_Scan_Critical_Errors,"[Hid] /usr/local/bin/hidreport -v 0x05ac -p 0x026F -usage 0xff00,0xb get 0xE7",,PASS,,,,,,,,,Sep 20 2019 6:10:45.1440 PM,Sep 20 2019 6:10:45.1440 PM,0
Key_Scan_Critical_Errors,Key_Scan_Critical_Errors,CRIT_ERR_E7_PART1,,PASS,,0,,,,,,,Sep 20 2019 6:10:45.5350 PM,Sep 20 2019 6:10:45.5350 PM,0
Key_Scan_Critical_Errors,Key_Scan_Critical_Errors,CRIT_ERR_E7_PART2,,PASS,,0,,,,,,,Sep 20 2019 6:10:45.5350 PM,Sep 20 2019 6:10:45.5350 PM,0
Key_Scan_Critical_Errors,Key_Scan_Critical_Errors,CRIT_ERR_E7_PART3,,PASS,,0,,,,,,,Sep 20 2019 6:10:45.5350 PM,Sep 20 2019 6:10:45.5350 PM,0
Key_Scan_Critical_Errors,Key_Scan_Critical_Errors,CRIT_ERR_E7_PART4,,PASS,,0,,,,,,,Sep 20 2019 6:10:45.5360 PM,Sep 20 2019 6:10:45.5360 PM,0
Key_Scan_Critical_Errors,Key_Scan_Critical_Errors,CRIT_ERR_E7,,PASS,,,,,,,,,Sep 20 2019 6:10:45.5360 PM,Sep 20 2019 6:10:45.5360 PM,0
USBC_Critical_Errors,,,,,,,,,,,,,Sep 20 2019 6:10:45.5390 PM,Sep 20 2019 6:10:45.9780 PM,.4389
USBC_Critical_Errors,USBC_Critical_Errors,"[Hid] /usr/local/bin/hidreport -v 0x05ac -p 0x026F -usage 0xff00,0xb get 0xE3",,PASS,,,,,,,,,Sep 20 2019 6:10:45.5880 PM,Sep 20 2019 6:10:45.5880 PM,0
USBC_Critical_Errors,USBC_Critical_Errors,CRIT_ERR_E3_PART1,,PASS,,0,,,,,,,Sep 20 2019 6:10:45.9760 PM,Sep 20 2019 6:10:45.9760 PM,0
USBC_Critical_Errors,USBC_Critical_Errors,CRIT_ERR_E3_PART2,,PASS,,0,,,,,,,Sep 20 2019 6:10:45.9760 PM,Sep 20 2019 6:10:45.9760 PM,0
USBC_Critical_Errors,USBC_Critical_Errors,CRIT_ERR_E3_PART3,,PASS,,0,,,,,,,Sep 20 2019 6:10:45.9770 PM,Sep 20 2019 6:10:45.9770 PM,0
USBC_Critical_Errors,USBC_Critical_Errors,CRIT_ERR_E3_PART4,,PASS,,0,,,,,,,Sep 20 2019 6:10:45.9770 PM,Sep 20 2019 6:10:45.9770 PM,0
USBC_Critical_Errors,USBC_Critical_Errors,CRIT_ERR_E3,,PASS,,,,,,,,,Sep 20 2019 6:10:45.9780 PM,Sep 20 2019 6:10:45.9780 PM,0
Grape_Critical_Errors,,,,,,,,,,,,,Sep 20 2019 6:10:45.9810 PM,Sep 20 2019 6:10:46.5050 PM,.5242
Grape_Critical_Errors,Grape_Critical_Errors,"[Hid] /usr/local/bin/hidreport -v 0x05ac -p 0x026F -usage 0xff00,0xb get 0xE5",,PASS,,,,,,,,,Sep 20 2019 6:10:46.0820 PM,Sep 20 2019 6:10:46.0820 PM,0
Grape_Critical_Errors,Grape_Critical_Errors,CRIT_ERR_E5_PART1,,PASS,,16777216,,,,,,,Sep 20 2019 6:10:46.4700 PM,Sep 20 2019 6:10:46.4700 PM,0
Grape_Critical_Errors,Grape_Critical_Errors,CRIT_ERR_E5_PART2,,PASS,,0,,,,,,,Sep 20 2019 6:10:46.4710 PM,Sep 20 2019 6:10:46.4710 PM,0
Grape_Critical_Errors,Grape_Critical_Errors,CRIT_ERR_E5_PART3,,PASS,,0,,,,,,,Sep 20 2019 6:10:46.4710 PM,Sep 20 2019 6:10:46.4710 PM,0
Grape_Critical_Errors,Grape_Critical_Errors,CRIT_ERR_E5_PART4,,PASS,,0,,,,,,,Sep 20 2019 6:10:46.4720 PM,Sep 20 2019 6:10:46.4720 PM,0
Grape_Critical_Errors,Grape_Critical_Errors,CRIT_ERR_E5_PART5,,PASS,,0,,,,,,,Sep 20 2019 6:10:46.4730 PM,Sep 20 2019 6:10:46.4730 PM,0
Grape_Critical_Errors,Grape_Critical_Errors,CRIT_ERR_E5_PART6,,PASS,,0,,,,,,,Sep 20 2019 6:10:46.4740 PM,Sep 20 2019 6:10:46.4740 PM,0
Grape_Critical_Errors,Grape_Critical_Errors,CRIT_ERR_E5_PART7,,PASS,,16842752,,,,,,,Sep 20 2019 6:10:46.4740 PM,Sep 20 2019 6:10:46.4740 PM,0
Grape_Critical_Errors,Grape_Critical_Errors,CRIT_ERR_E5_PART8,,PASS,,16777216,,,,,,,Sep 20 2019 6:10:46.4770 PM,Sep 20 2019 6:10:46.4770 PM,0
Grape_Critical_Errors,Grape_Critical_Errors,CRIT_ERR_E5_PART9,,PASS,,0,,,,,,,Sep 20 2019 6:10:46.4780 PM,Sep 20 2019 6:10:46.4780 PM,0
Grape_Critical_Errors,Grape_Critical_Errors,CRIT_ERR_E5_PART10,,PASS,,0,,,,,,,Sep 20 2019 6:10:46.4790 PM,Sep 20 2019 6:10:46.4790 PM,0
Grape_Critical_Errors,Grape_Critical_Errors,CRIT_ERR_E5,,PASS,,,,,,,,,Sep 20 2019 6:10:46.5050 PM,Sep 20 2019 6:10:46.5050 PM,0
Critical_Errors_Summary,,,,,,,,,,,,,Sep 20 2019 6:10:46.5220 PM,Sep 20 2019 6:10:47.0240 PM,.5025
Critical_Errors_Summary,Critical_Errors_Summary,"[Hid] /usr/local/bin/hidreport -pid 0x026F -vid 0x05ac -usage 0xff00,0xb get 0xE0",,PASS,,,,,,,,,Sep 20 2019 6:10:46.6310 PM,Sep 20 2019 6:10:46.6310 PM,0
Critical_Errors_Summary,Critical_Errors_Summary,CRIT_ERR_E0_PART1,,PASS,,0,,,,,,,Sep 20 2019 6:10:47.0230 PM,Sep 20 2019 6:10:47.0230 PM,0
Critical_Errors_Summary,Critical_Errors_Summary,CRIT_ERR_E0,,PASS,,,,,,,,,Sep 20 2019 6:10:47.0240 PM,Sep 20 2019 6:10:47.0240 PM,0
Backlight_Critical_Errors,,,,,,,,,,,,,Sep 20 2019 6:10:47.0270 PM,Sep 20 2019 6:10:47.4500 PM,.4228
Backlight_Critical_Errors,Backlight_Critical_Errors,"[Hid] /usr/local/bin/hidreport -pid 0x026F -vid 0x05ac -usage 0xff00,0xf get 0x07",,PASS,,,,,,,,,Sep 20 2019 6:10:47.1280 PM,Sep 20 2019 6:10:47.1280 PM,0
Backlight_Critical_Errors,Backlight_Critical_Errors,BL_CRI_ERR_PART1,,PASS,,0,,,,,,,Sep 20 2019 6:10:47.4490 PM,Sep 20 2019 6:10:47.4490 PM,0
Backlight_Critical_Errors,Backlight_Critical_Errors,BL_CRI_ERR,,PASS,,,,,,,,,Sep 20 2019 6:10:47.4490 PM,Sep 20 2019 6:10:47.4490 PM,0
Grape_Connector_Self_Critical_Errors,,,,,,,,,,,,,Sep 20 2019 6:10:47.4520 PM,Sep 20 2019 6:10:47.9470 PM,.4944
Grape_Connector_Self_Critical_Errors,Grape_Connector_Self_Critical_Errors,"[Hid] /usr/local/bin/hidreport -v 0x5ac -p 0x026F -usage 0x0001,0x0002 get 0xD3",,PASS,,,,,,,,,Sep 20 2019 6:10:47.5550 PM,Sep 20 2019 6:10:47.5550 PM,0
Grape_Connector_Self_Critical_Errors,Grape_Connector_Self_Critical_Errors,CRIT_ERR_D3_PART1,,PASS,,17437701,,,,,,,Sep 20 2019 6:10:47.9450 PM,Sep 20 2019 6:10:47.9450 PM,0
Grape_Connector_Self_Critical_Errors,Grape_Connector_Self_Critical_Errors,CRIT_ERR_D3_PART2,,PASS,,100665876,,,,,,,Sep 20 2019 6:10:47.9450 PM,Sep 20 2019 6:10:47.9450 PM,0
Grape_Connector_Self_Critical_Errors,Grape_Connector_Self_Critical_Errors,CRIT_ERR_D3_PART3,,PASS,,704839680,,,,,,,Sep 20 2019 6:10:47.9450 PM,Sep 20 2019 6:10:47.9450 PM,0
Grape_Connector_Self_Critical_Errors,Grape_Connector_Self_Critical_Errors,CRIT_ERR_D3,,PASS,,,,,,,,,Sep 20 2019 6:10:47.9460 PM,Sep 20 2019 6:10:47.9460 PM,0
Finish DRCB,,,,,,,,,,,,,Sep 20 2019 6:10:47.9490 PM,Sep 20 2019 6:10:48.4730 PM,.5239
Finish DRCB,Finish DRCB,DRCB,Finish,PASS,,,,,,,,,Sep 20 2019 6:10:47.9500 PM,Sep 20 2019 6:10:48.4720 PM,.5217
Fixturereset,,,,,,,,,,,,,Sep 20 2019 6:10:48.4750 PM,Sep 20 2019 6:10:49.7260 PM,1.2503
Fixturereset,Fixturereset,[Fixture] Retract pogo,sendCommand,PASS,,,,,,,,,Sep 20 2019 6:10:48.4770 PM,Sep 20 2019 6:10:48.6440 PM,.1676
Fixturereset,Fixturereset,Fixture,close,PASS,,,,,,,,,Sep 20 2019 6:10:49.7210 PM,Sep 20 2019 6:10:49.7210 PM,.0005
Fixturereset,Fixturereset,P203,close,PASS,,,,,,,,,Sep 20 2019 6:10:49.7230 PM,Sep 20 2019 6:10:49.7250 PM,.0024
