Test,Plugin,Command,Status,Info,Start Time,End Time,Duration (s)
Scan_FG_SN,com.apple.hwte.atlas.AppPlugin,show-form,PASS,,Sep 20 2019 6:09:33.3070 PM,Sep 20 2019 6:09:37.9510 PM,4.6441
Fixtureinit,Fixture,changeDelimiter,PASS,,Sep 20 2019 6:09:37.9560 PM,Sep 20 2019 6:09:37.9560 PM,.0001
Fixtureinit,Fixture,changeLineTerminator,PASS,,Sep 20 2019 6:09:37.9580 PM,Sep 20 2019 6:09:37.9580 PM,0
Fixtureinit,Fixture,open,PASS,,Sep 20 2019 6:09:37.9590 PM,Sep 20 2019 6:09:39.5550 PM,1.596
Fixtureinit,Fixture,read,PASS,,Sep 20 2019 6:09:39.5570 PM,Sep 20 2019 6:09:39.5860 PM,.0291
Fixtureinit,P203,changeDelimiter,PASS,,Sep 20 2019 6:09:39.5880 PM,Sep 20 2019 6:09:39.5880 PM,.0001
Fixtureinit,P203,changeLineTerminator,PASS,,Sep 20 2019 6:09:39.5900 PM,Sep 20 2019 6:09:39.5900 PM,0
Fixtureinit,P203,open,PASS,,Sep 20 2019 6:09:39.5910 PM,Sep 20 2019 6:09:41.1850 PM,1.5939
Fixtureinit,P203,read,PASS,,Sep 20 2019 6:09:41.1870 PM,Sep 20 2019 6:09:41.2160 PM,.029
Fixtureinit,Fixture,sendCommand,PASS,,Sep 20 2019 6:09:41.2180 PM,Sep 20 2019 6:09:41.2300 PM,.0128
Fixtureinit,Fixture,sendCommand,PASS,,Sep 20 2019 6:09:41.2320 PM,Sep 20 2019 6:09:41.2490 PM,.0172
Fixtureinit,Fixture,sendCommand,PASS,,Sep 20 2019 6:09:42.3230 PM,Sep 20 2019 6:09:42.3330 PM,.0101
Fixtureinit,Fixture,sendCommand,PASS,,Sep 20 2019 6:09:44.4050 PM,Sep 20 2019 6:09:44.4580 PM,.0536
Fixtureinit,StationReportPlugin,isReporting,PASS,,Sep 20 2019 6:09:47.5820 PM,Sep 20 2019 6:09:47.5820 PM,0
Start Data Reporting,DRCB,startDataReporting,PASS,,Sep 20 2019 6:09:47.5890 PM,Sep 20 2019 6:09:47.5980 PM,.0085
Start Control Bits,DRCB,startControlBits,PASS,,Sep 20 2019 6:09:47.6030 PM,Sep 20 2019 6:09:48.0930 PM,.4908
Get_SFC_Info,SFCSupport,getAttribute,PASS,,Sep 20 2019 6:10:13.8470 PM,Sep 20 2019 6:10:13.8820 PM,.0348
Get_SFC_Info,SFCSupport,getAttribute,PASS,,Sep 20 2019 6:10:13.8840 PM,Sep 20 2019 6:10:13.8880 PM,.004
Get_SFC_Info,SFCSupport,getAttribute,PASS,,Sep 20 2019 6:10:13.8900 PM,Sep 20 2019 6:10:13.8940 PM,.0044
Get_SFC_Info,SFCSupport,getAttribute,PASS,,Sep 20 2019 6:10:13.8970 PM,Sep 20 2019 6:10:13.9030 PM,.006
Get_SFC_Info,SFCSupport,getAttribute,PASS,,Sep 20 2019 6:10:13.9050 PM,Sep 20 2019 6:10:13.9090 PM,.004
Get_SFC_Info,SFCSupport,getAttribute,PASS,,Sep 20 2019 6:10:13.9110 PM,Sep 20 2019 6:10:13.9160 PM,.0049
Get_SFC_Info,SFCSupport,getAttribute,PASS,,Sep 20 2019 6:10:13.9180 PM,Sep 20 2019 6:10:13.9220 PM,.0041
Program_STFW,Fixture,sendCommand,PASS,,Sep 20 2019 6:10:16.4400 PM,Sep 20 2019 6:10:16.4560 PM,.0153
Program_STFW,Fixture,sendCommand,PASS,,Sep 20 2019 6:10:16.8320 PM,Sep 20 2019 6:10:16.8390 PM,.0072
Program_MTFW,Fixture,sendCommand,PASS,,Sep 20 2019 6:10:20.7710 PM,Sep 20 2019 6:10:20.7870 PM,.0156
Program_MTFW,Fixture,sendCommand,PASS,,Sep 20 2019 6:10:21.1620 PM,Sep 20 2019 6:10:21.1700 PM,.008
EP_Enable_All,Fixture,sendCommand,PASS,,Sep 20 2019 6:10:26.4880 PM,Sep 20 2019 6:10:26.4920 PM,.0039
EP_Enable_All,Fixture,sendCommand,PASS,,Sep 20 2019 6:10:27.0610 PM,Sep 20 2019 6:10:27.0670 PM,.0065
Read_CCG3_FW,Fixture,sendCommand,PASS,,Sep 20 2019 6:10:32.5670 PM,Sep 20 2019 6:10:32.5810 PM,.0144
Read_CCG3_FW,Fixture,sendCommand,PASS,,Sep 20 2019 6:10:32.9490 PM,Sep 20 2019 6:10:32.9650 PM,.0166
Finish DRCB,DRCB,finish,PASS,,Sep 20 2019 6:10:47.9500 PM,Sep 20 2019 6:10:48.4720 PM,.5218
Fixturereset,Fixture,sendCommand,PASS,,Sep 20 2019 6:10:48.4770 PM,Sep 20 2019 6:10:48.6440 PM,.1676
Fixturereset,Fixture,close,PASS,,Sep 20 2019 6:10:49.7210 PM,Sep 20 2019 6:10:49.7210 PM,.0005
Fixturereset,P203,close,PASS,,Sep 20 2019 6:10:49.7230 PM,Sep 20 2019 6:10:49.7250 PM,.0024
