document_version, 1.0
station_name,SW-DOWNLOAD
station_id,FXLH_F05-4FT-01_6_SW-DOWNLOAD
station_sw,Atlas
station_sw_version,Atlas

tag,start_time,duration
Read_SN, 1575528286.36, 3.16
Start_Data_Reporting, 1575528289.52, 0.02
Start_Control_Bit, 1575528289.54, 0.33
Read_Bootargs, 1575528289.87, 0.45
Write_Bootargs, 1575528290.32, 0.00
Check_Bootargs, 1575528290.32, 0.00
BUILD_EVENT, 1575528290.32, 0.05
S_BUILD, 1575528290.38, 0.00
WO_SN, 1575528290.38, 0.00
SUB_SN, 1575528290.39, 0.00
UNIT_LBL, 1575528290.39, 0.00
KAI_FW, 1575528290.39, 0.02
Query_MLB_SN, 1575528290.42, 0.00
Read_MLB_SN, 1575528290.42, 1.01
Check_MLB_SN, 1575528291.43, 0.00
Read_STFW_Version_Before_DL, 1575528291.44, 0.45
Read_MTFW_Version_Before_DL, 1575528291.89, 0.45
Read_CCG3FW_Version_Before_DL, 1575528292.34, 1.35
Program_STFW, 1575528293.68, 138.14
Program_MTFW, 1575528431.82, 45.07
Program_CCG3FW, 1575528476.90, 62.33
Read_STFW_Version_After_DL, 1575528539.23, 0.45
Read_MTFW_Version_After_DL, 1575528539.68, 0.44
Read_CCG3FW_Version_After_DL, 1575528540.12, 1.38
Finish_DRCB, 1575528541.49, 0.42
full_test_durations, 1575528286.35, 255.57
