Related Test,Type,Name,Value
Read_SN,Device,serialnumber,FTPZP006P3M1
Start_Data_Reporting,Device,softwarename,Atlas 1.9.2
Start_Data_Reporting,Device,serialnumber,FTPZP006P3M1
Start_Data_Reporting,Device,softwareversion,V2.3.2.0_debug
Start_Data_Reporting,Device,limitsversion,1
BUILD_EVENT,Device,Build_EVENT,R128-EVT
S_BUILD,Device,S_BUILD,R128-EVT_E2ATH-LTDL2
WO_SN,Device,WO_SN,WCR-JB000A
SUB_SN,Device,P_SN,DKB94650006N5RQ0V
UNIT_LBL,Device,UNIT_LBL,R128-EVT_E2ATH-LTDL2_C02503
KAI_FW,Device,KAI_FW_VERSION,0.2.1
Read_MLB_SN,Device,MLB_SN,DLX94720008N4735X
Read_STFW_Version_After_DL,Device,STFW,0x0270
Read_MTFW_Version_After_DL,Device,TOUCH_FW,0x0515
Read_CCG3FW_Version_After_DL,Device,ReadCCG3FW,0x0102
