Related Test,Name-1,Name-2,Name-3,Status,Info,Measurement,Units,Upper Limit,Lower Limit,Relaxed Upper Limit,Relaxed Lower Limit,Limit Units,Start Time,End Time,Duration (s)
Read_SN,,,,,,,,,,,,,Dec 5 2019 2:44:46.3650 PM,Dec 5 2019 2:44:49.5180 PM,3.1527
Read_SN,Read_SN,fixture vendor,CYG,PASS,,,,,,,,,Dec 5 2019 2:44:47.4330 PM,Dec 5 2019 2:44:47.4330 PM,0
Read_SN,Read_SN,KAI,changeDelimiter,PASS,,,,,,,,,Dec 5 2019 2:44:47.4340 PM,Dec 5 2019 2:44:47.4350 PM,0
Read_SN,Read_SN,KAI,changeLineTerminator,PASS,,,,,,,,,Dec 5 2019 2:44:47.4360 PM,Dec 5 2019 2:44:47.4360 PM,0
Read_SN,Read_SN,KAI,open,PASS,,,,,,,,,Dec 5 2019 2:44:47.4380 PM,Dec 5 2019 2:44:49.0310 PM,1.5933
Read_SN,Read_SN,KAI,read,PASS,,,,,,,,,Dec 5 2019 2:44:49.0330 PM,Dec 5 2019 2:44:49.0620 PM,.0291
Read_SN,Read_SN,StationReportPlugin,isReporting,PASS,,,,,,,,,Dec 5 2019 2:44:49.0700 PM,Dec 5 2019 2:44:49.0700 PM,0
Read_SN,Read_SN,[Hid] /usr/local/bin/hidreport -locationid 0x14170000 -i 0 get 0x11,,PASS,,,,,,,,,Dec 5 2019 2:44:49.1280 PM,Dec 5 2019 2:44:49.1280 PM,0
Read_SN,Read_SN,serialnumber,FTPZP006P3M1,PASS,,,,,,,,,Dec 5 2019 2:44:49.5170 PM,Dec 5 2019 2:44:49.5170 PM,0
Start_Data_Reporting,,,,,,,,,,,,,Dec 5 2019 2:44:49.5210 PM,Dec 5 2019 2:44:49.5350 PM,.0144
Start_Data_Reporting,Start_Data_Reporting,DRCB,StartDataReporting,PASS,,,,,,,,,Dec 5 2019 2:44:49.5240 PM,Dec 5 2019 2:44:49.5340 PM,.0097
Start_Control_Bit,,,,,,,,,,,,,Dec 5 2019 2:44:49.5380 PM,Dec 5 2019 2:44:49.8630 PM,.325
Start_Control_Bit,Start_Control_Bit,DRCB,StartControlBits,PASS,,,,,,,,,Dec 5 2019 2:44:49.5390 PM,Dec 5 2019 2:44:49.8600 PM,.3208
Read_Bootargs,,,,,,,,,,,,,Dec 5 2019 2:44:49.8700 PM,Dec 5 2019 2:44:50.3160 PM,.4458
Read_Bootargs,Read_Bootargs,"[Hid] /usr/local/bin/hidreport -locationid 0x14170000 -usage 0xff00,0xb get 0xF1",,PASS,,,,,,,,,Dec 5 2019 2:44:49.9240 PM,Dec 5 2019 2:44:49.9240 PM,0
Read_Bootargs,Read_Bootargs,Read_Bootargs,,PASS,,,,,,,,,Dec 5 2019 2:44:50.3160 PM,Dec 5 2019 2:44:50.3160 PM,0
Write_Bootargs,,,,,,,,,,,,,Dec 5 2019 2:44:50.3180 PM,Dec 5 2019 2:44:50.3190 PM,.0006
Write_Bootargs,Write_Bootargs,Bootargs is 2. bypass,,PASS,,,,,,,,,Dec 5 2019 2:44:50.3190 PM,Dec 5 2019 2:44:50.3190 PM,0
Check_Bootargs,,,,,,,,,,,,,Dec 5 2019 2:44:50.3210 PM,Dec 5 2019 2:44:50.3220 PM,.0005
Check_Bootargs,Check_Bootargs,Bootargs is 2. bypass,,PASS,,,,,,,,,Dec 5 2019 2:44:50.3210 PM,Dec 5 2019 2:44:50.3210 PM,0
BUILD_EVENT,,,,,,,,,,,,,Dec 5 2019 2:44:50.3240 PM,Dec 5 2019 2:44:50.3760 PM,.0519
BUILD_EVENT,BUILD_EVENT,SFCSupport,getAttributes,PASS,,,,,,,,,Dec 5 2019 2:44:50.3250 PM,Dec 5 2019 2:44:50.3540 PM,.0286
BUILD_EVENT,BUILD_EVENT,SFCSupport,getAttributes-2,PASS,,,,,,,,,Dec 5 2019 2:44:50.3560 PM,Dec 5 2019 2:44:50.3630 PM,.0066
BUILD_EVENT,BUILD_EVENT,SFCSupport,getAttributes-3,PASS,,,,,,,,,Dec 5 2019 2:44:50.3640 PM,Dec 5 2019 2:44:50.3690 PM,.0045
BUILD_EVENT,BUILD_EVENT,SFCSupport,getAttributes-4,PASS,,,,,,,,,Dec 5 2019 2:44:50.3700 PM,Dec 5 2019 2:44:50.3740 PM,.0041
BUILD_EVENT,BUILD_EVENT,Build_EVENT,R128-EVT,PASS,,,,,,,,,Dec 5 2019 2:44:50.3750 PM,Dec 5 2019 2:44:50.3750 PM,0
S_BUILD,,,,,,,,,,,,,Dec 5 2019 2:44:50.3790 PM,Dec 5 2019 2:44:50.3800 PM,.0008
S_BUILD,S_BUILD,S_BUILD,R128-EVT_E2ATH-LTDL2,PASS,,,,,,,,,Dec 5 2019 2:44:50.3790 PM,Dec 5 2019 2:44:50.3790 PM,0
WO_SN,,,,,,,,,,,,,Dec 5 2019 2:44:50.3820 PM,Dec 5 2019 2:44:50.3830 PM,.0008
WO_SN,WO_SN,Get wo_no Pass,,PASS,,,,,,,,,Dec 5 2019 2:44:50.3830 PM,Dec 5 2019 2:44:50.3830 PM,0
SUB_SN,,,,,,,,,,,,,Dec 5 2019 2:44:50.3860 PM,Dec 5 2019 2:44:50.3870 PM,.0008
SUB_SN,SUB_SN,Get pansa Pass,,PASS,,,,,,,,,Dec 5 2019 2:44:50.3870 PM,Dec 5 2019 2:44:50.3870 PM,0
UNIT_LBL,,,,,,,,,,,,,Dec 5 2019 2:44:50.3890 PM,Dec 5 2019 2:44:50.3900 PM,.0008
UNIT_LBL,UNIT_LBL,Get unit_lbl Pass,,PASS,,,,,,,,,Dec 5 2019 2:44:50.3900 PM,Dec 5 2019 2:44:50.3900 PM,0
KAI_FW,,,,,,,,,,,,,Dec 5 2019 2:44:50.3930 PM,Dec 5 2019 2:44:50.4150 PM,.022
KAI_FW,KAI_FW,[KAI] v,sendCommand,PASS,,,,,,,,,Dec 5 2019 2:44:50.3950 PM,Dec 5 2019 2:44:50.4130 PM,.0188
KAI_FW,KAI_FW,KAI_FW,,PASS,,,,,,,,,Dec 5 2019 2:44:50.4150 PM,Dec 5 2019 2:44:50.4150 PM,0
Query_MLB_SN,,,,,,,,,,,,,Dec 5 2019 2:44:50.4180 PM,Dec 5 2019 2:44:50.4190 PM,.0006
Query_MLB_SN,Query_MLB_SN,Query_MLB_SN,DLX94720008N4735X,PASS,,,,,,,,,Dec 5 2019 2:44:50.4190 PM,Dec 5 2019 2:44:50.4190 PM,0
Read_MLB_SN,,,,,,,,,,,,,Dec 5 2019 2:44:50.4220 PM,Dec 5 2019 2:44:51.4310 PM,1.0094
Read_MLB_SN,Read_MLB_SN,[Hid] /usr/local/bin/hidreport -locationid 0x14170000 -v 0x05ac -i 0 get 0x12,,PASS,,,,,,,,,Dec 5 2019 2:44:51.0440 PM,Dec 5 2019 2:44:51.0440 PM,0
Read_MLB_SN,Read_MLB_SN,Read_MLB_SN,DLX94720008N4735X,PASS,,,,,,,,,Dec 5 2019 2:44:51.4310 PM,Dec 5 2019 2:44:51.4310 PM,0
Check_MLB_SN,,,,,,,,,,,,,Dec 5 2019 2:44:51.4330 PM,Dec 5 2019 2:44:51.4360 PM,.0024
Check_MLB_SN,Check_MLB_SN,Check_MLB_SN,,PASS,,,,,,,,,Dec 5 2019 2:44:51.4340 PM,Dec 5 2019 2:44:51.4340 PM,0
Check_MLB_SN,Check_MLB_SN,StationReportPlugin,appendReportData,PASS,,,,,,,,,Dec 5 2019 2:44:51.4350 PM,Dec 5 2019 2:44:51.4350 PM,.0001
Read_STFW_Version_Before_DL,,,,,,,,,,,,,Dec 5 2019 2:44:51.4380 PM,Dec 5 2019 2:44:51.8840 PM,.4465
Read_STFW_Version_Before_DL,Read_STFW_Version_Before_DL,[Hid] /usr/local/bin/hidreport -locationid 0x14170000 -i 0 get 0xB4,,PASS,,,,,,,,,Dec 5 2019 2:44:51.4940 PM,Dec 5 2019 2:44:51.4940 PM,0
Read_STFW_Version_Before_DL,Read_STFW_Version_Before_DL,Read_STFW_Version_Before_DL,0x0270,PASS,,,,,,,,,Dec 5 2019 2:44:51.8840 PM,Dec 5 2019 2:44:51.8840 PM,0
Read_STFW_Version_Before_DL,Read_STFW_Version_Before_DL,,,PASS,,624,,,,,,,Dec 5 2019 2:44:51.8840 PM,Dec 5 2019 2:44:51.8840 PM,0
Read_MTFW_Version_Before_DL,,,,,,,,,,,,,Dec 5 2019 2:44:51.8870 PM,Dec 5 2019 2:44:52.3340 PM,.4469
Read_MTFW_Version_Before_DL,Read_MTFW_Version_Before_DL,[Hid] /usr/local/bin/hidreport -locationid 0x14170000 -i 0 get 0xbb,,PASS,,,,,,,,,Dec 5 2019 2:44:51.9400 PM,Dec 5 2019 2:44:51.9400 PM,0
Read_MTFW_Version_Before_DL,Read_MTFW_Version_Before_DL,Read_MTFW_Version_Before_DL,0x0515,PASS,,,,,,,,,Dec 5 2019 2:44:52.3340 PM,Dec 5 2019 2:44:52.3340 PM,0
Read_MTFW_Version_Before_DL,Read_MTFW_Version_Before_DL,,,PASS,,1301,,,,,,,Dec 5 2019 2:44:52.3340 PM,Dec 5 2019 2:44:52.3340 PM,0
Read_CCG3FW_Version_Before_DL,,,,,,,,,,,,,Dec 5 2019 2:44:52.3370 PM,Dec 5 2019 2:44:53.6810 PM,1.344
Read_CCG3FW_Version_Before_DL,Read_CCG3FW_Version_Before_DL,"[Hid] /usr/local/bin/hidreport -locationid 0x14170000 -v 0x05ac -usage 0xff00,0xb set 0xCE 0xCE 6 6 0",,PASS,,,,,,,,,Dec 5 2019 2:44:52.3840 PM,Dec 5 2019 2:44:52.3840 PM,0
Read_CCG3FW_Version_Before_DL,Read_CCG3FW_Version_Before_DL,"[Hid] /usr/local/bin/hidreport -locationid 0x14170000 -usage 0xff00,0xb get 0xA0",,PASS,,,,,,,,,Dec 5 2019 2:44:52.8600 PM,Dec 5 2019 2:44:52.8600 PM,0
Read_CCG3FW_Version_Before_DL,Read_CCG3FW_Version_Before_DL,"[Hid] /usr/local/bin/hidreport -locationid 0x14170000 -v 0x05ac -usage 0xff00,0xb set 0xCE 0xCE 6 6 1",,PASS,,,,,,,,,Dec 5 2019 2:44:53.2920 PM,Dec 5 2019 2:44:53.2920 PM,0
Read_CCG3FW_Version_Before_DL,Read_CCG3FW_Version_Before_DL,Read_CCG3FW_Version_Before_DL,A0 01 01 01 02 01 02 01,PASS,,,,,,,,,Dec 5 2019 2:44:53.6800 PM,Dec 5 2019 2:44:53.6800 PM,0
Read_CCG3FW_Version_Before_DL,Read_CCG3FW_Version_Before_DL,,,PASS,,258,,,,,,,Dec 5 2019 2:44:53.6810 PM,Dec 5 2019 2:44:53.6810 PM,0
Program_STFW,,,,,,,,,,,,,Dec 5 2019 2:44:53.6830 PM,Dec 5 2019 2:47:11.8220 PM,138.1382
Program_STFW,Program_STFW,[Hid] /usr/local/bin/unit1Tool/shfuc -l 0x14170000 -n -v 0x05ac -p 0x026F -f /usr/local/bin/R128-v0x0270-dev-signed.R128.EVT.afu,,PASS,,,,,,,,,Dec 5 2019 2:46:58.3030 PM,Dec 5 2019 2:46:58.3030 PM,0
Program_STFW,Program_STFW,Program_STFW,,PASS,,,,,,,,,Dec 5 2019 2:46:58.3200 PM,Dec 5 2019 2:46:58.3200 PM,0
Program_STFW,Program_STFW,StationReportPlugin,appendReportData,PASS,,,,,,,,,Dec 5 2019 2:46:58.3220 PM,Dec 5 2019 2:46:58.3220 PM,.0001
Program_STFW,Program_STFW,[KAI] sys hrst,sendCommand,PASS,,,,,,,,,Dec 5 2019 2:47:03.3980 PM,Dec 5 2019 2:47:03.5080 PM,.1099
Program_STFW,Program_STFW,[KAI] ,sendCommand,PASS,,,,,,,,,Dec 5 2019 2:47:03.5090 PM,Dec 5 2019 2:47:03.5430 PM,.0343
Program_STFW,Program_STFW,[KAI] flags ~ro,sendCommand,PASS,,,,,,,,,Dec 5 2019 2:47:03.5450 PM,Dec 5 2019 2:47:03.5590 PM,.0144
Program_STFW,Program_STFW,[KAI] orion mode 10,sendCommand,PASS,,,,,,,,,Dec 5 2019 2:47:03.5610 PM,Dec 5 2019 2:47:03.5750 PM,.0143
Program_STFW,Program_STFW,[KAI] sys hrst,sendCommand-2,PASS,,,,,,,,,Dec 5 2019 2:47:07.5770 PM,Dec 5 2019 2:47:07.6950 PM,.1183
Program_STFW,Program_STFW,[KAI] ,sendCommand-2,PASS,,,,,,,,,Dec 5 2019 2:47:07.6970 PM,Dec 5 2019 2:47:07.7220 PM,.0259
Program_STFW,Program_STFW,[KAI] flags ~ro,sendCommand-2,PASS,,,,,,,,,Dec 5 2019 2:47:07.7240 PM,Dec 5 2019 2:47:07.7390 PM,.0143
Program_STFW,Program_STFW,[KAI] orion mode 10,sendCommand-2,PASS,,,,,,,,,Dec 5 2019 2:47:07.7400 PM,Dec 5 2019 2:47:07.7550 PM,.0144
Program_MTFW,,,,,,,,,,,,,Dec 5 2019 2:47:11.8250 PM,Dec 5 2019 2:47:56.8930 PM,45.0681
Program_MTFW,Program_MTFW,[Hid] /usr/local/bin/unit1Tool/shfuc -l 0x14170000 -n -v 0x05ac -p 0x026F -f /usr/local/bin/R128-MTFW-0x0515.HW4.dev-sig.afu,,PASS,,,,,,,,,Dec 5 2019 2:47:38.2930 PM,Dec 5 2019 2:47:38.2930 PM,0
Program_MTFW,Program_MTFW,Program_MTFW,,PASS,,,,,,,,,Dec 5 2019 2:47:38.3100 PM,Dec 5 2019 2:47:38.3100 PM,0
Program_MTFW,Program_MTFW,StationReportPlugin,appendReportData,PASS,,,,,,,,,Dec 5 2019 2:47:38.3110 PM,Dec 5 2019 2:47:38.3110 PM,.0001
Program_MTFW,Program_MTFW,[KAI] sys hrst,sendCommand,PASS,,,,,,,,,Dec 5 2019 2:47:48.3880 PM,Dec 5 2019 2:47:48.5060 PM,.1185
Program_MTFW,Program_MTFW,[KAI] ,sendCommand,PASS,,,,,,,,,Dec 5 2019 2:47:48.5080 PM,Dec 5 2019 2:47:48.5340 PM,.0257
Program_MTFW,Program_MTFW,[KAI] flags ~ro,sendCommand,PASS,,,,,,,,,Dec 5 2019 2:47:48.5350 PM,Dec 5 2019 2:47:48.5500 PM,.0144
Program_MTFW,Program_MTFW,[KAI] orion mode 10,sendCommand,PASS,,,,,,,,,Dec 5 2019 2:47:48.5510 PM,Dec 5 2019 2:47:48.5660 PM,.0145
Program_MTFW,Program_MTFW,[KAI] sys hrst,sendCommand-2,PASS,,,,,,,,,Dec 5 2019 2:47:52.6410 PM,Dec 5 2019 2:47:52.7510 PM,.1099
Program_MTFW,Program_MTFW,[KAI] ,sendCommand-2,PASS,,,,,,,,,Dec 5 2019 2:47:52.7520 PM,Dec 5 2019 2:47:52.7870 PM,.0347
Program_MTFW,Program_MTFW,[KAI] flags ~ro,sendCommand-2,PASS,,,,,,,,,Dec 5 2019 2:47:52.7880 PM,Dec 5 2019 2:47:52.8030 PM,.0144
Program_MTFW,Program_MTFW,[KAI] orion mode 10,sendCommand-2,PASS,,,,,,,,,Dec 5 2019 2:47:52.8040 PM,Dec 5 2019 2:47:52.8190 PM,.0145
Program_CCG3FW,,,,,,,,,,,,,Dec 5 2019 2:47:56.8960 PM,Dec 5 2019 2:48:59.2240 PM,62.3282
Program_CCG3FW,Program_CCG3FW,[Hid] /usr/local/bin/unit1Tool/shfuc -l 0x14170000 -n -v 0x05ac -p 0x026F -f /usr/local/bin/R128-CCG3-0x0102_EVT-apps.dev-sig.afu,,PASS,,,,,,,,,Dec 5 2019 2:48:39.8820 PM,Dec 5 2019 2:48:39.8820 PM,0
Program_CCG3FW,Program_CCG3FW,Program_CCG3FW,,PASS,,,,,,,,,Dec 5 2019 2:48:39.8970 PM,Dec 5 2019 2:48:39.8970 PM,0
Program_CCG3FW,Program_CCG3FW,StationReportPlugin,appendReportData,PASS,,,,,,,,,Dec 5 2019 2:48:39.8990 PM,Dec 5 2019 2:48:39.8990 PM,.0001
Program_CCG3FW,Program_CCG3FW,[KAI] sys hrst,sendCommand,PASS,,,,,,,,,Dec 5 2019 2:48:54.9730 PM,Dec 5 2019 2:48:55.0910 PM,.1184
Program_CCG3FW,Program_CCG3FW,[KAI] ,sendCommand,PASS,,,,,,,,,Dec 5 2019 2:48:55.0930 PM,Dec 5 2019 2:48:55.1180 PM,.0254
Program_CCG3FW,Program_CCG3FW,[KAI] flags ~ro,sendCommand,PASS,,,,,,,,,Dec 5 2019 2:48:55.1190 PM,Dec 5 2019 2:48:55.1340 PM,.0145
Program_CCG3FW,Program_CCG3FW,[KAI] orion mode 10,sendCommand,PASS,,,,,,,,,Dec 5 2019 2:48:55.1360 PM,Dec 5 2019 2:48:55.1500 PM,.0145
Read_STFW_Version_After_DL,,,,,,,,,,,,,Dec 5 2019 2:48:59.2280 PM,Dec 5 2019 2:48:59.6750 PM,.4469
Read_STFW_Version_After_DL,Read_STFW_Version_After_DL,[Hid] /usr/local/bin/hidreport -locationid 0x14170000 -i 0 get 0xB4,,PASS,,,,,,,,,Dec 5 2019 2:48:59.2830 PM,Dec 5 2019 2:48:59.2830 PM,0
Read_STFW_Version_After_DL,Read_STFW_Version_After_DL,Read_STFW_Version_After_DL,0x0270,PASS,,,,,,,,,Dec 5 2019 2:48:59.6740 PM,Dec 5 2019 2:48:59.6740 PM,0
Read_STFW_Version_After_DL,Read_STFW_Version_After_DL,,,PASS,,624,,624,624,,,,Dec 5 2019 2:48:59.6750 PM,Dec 5 2019 2:48:59.6750 PM,0
Read_MTFW_Version_After_DL,,,,,,,,,,,,,Dec 5 2019 2:48:59.6770 PM,Dec 5 2019 2:49:00.1170 PM,.4398
Read_MTFW_Version_After_DL,Read_MTFW_Version_After_DL,[Hid] /usr/local/bin/hidreport -locationid 0x14170000 -i 0 get 0xbb,,PASS,,,,,,,,,Dec 5 2019 2:48:59.7300 PM,Dec 5 2019 2:48:59.7300 PM,0
Read_MTFW_Version_After_DL,Read_MTFW_Version_After_DL,Read_MTFW_Version_After_DL,0x0515,PASS,,,,,,,,,Dec 5 2019 2:49:00.1170 PM,Dec 5 2019 2:49:00.1170 PM,0
Read_MTFW_Version_After_DL,Read_MTFW_Version_After_DL,,,PASS,,1301,,1301,1301,,,,Dec 5 2019 2:49:00.1170 PM,Dec 5 2019 2:49:00.1170 PM,0
Read_CCG3FW_Version_After_DL,,,,,,,,,,,,,Dec 5 2019 2:49:00.1200 PM,Dec 5 2019 2:49:01.4920 PM,1.3726
Read_CCG3FW_Version_After_DL,Read_CCG3FW_Version_After_DL,"[Hid] /usr/local/bin/hidreport -locationid 0x14170000 -v 0x05ac -usage 0xff00,0xb set 0xCE 0xCE 6 6 0",,PASS,,,,,,,,,Dec 5 2019 2:49:00.1640 PM,Dec 5 2019 2:49:00.1640 PM,0
Read_CCG3FW_Version_After_DL,Read_CCG3FW_Version_After_DL,"[Hid] /usr/local/bin/hidreport -locationid 0x14170000 -usage 0xff00,0xb get 0xA0",,PASS,,,,,,,,,Dec 5 2019 2:49:00.6700 PM,Dec 5 2019 2:49:00.6700 PM,0
Read_CCG3FW_Version_After_DL,Read_CCG3FW_Version_After_DL,"[Hid] /usr/local/bin/hidreport -locationid 0x14170000 -v 0x05ac -usage 0xff00,0xb set 0xCE 0xCE 6 6 1",,PASS,,,,,,,,,Dec 5 2019 2:49:01.1030 PM,Dec 5 2019 2:49:01.1030 PM,0
Read_CCG3FW_Version_After_DL,Read_CCG3FW_Version_After_DL,Read_CCG3FW_Version_After_DL,A0 02 01 01 02 01 02 01,PASS,,,,,,,,,Dec 5 2019 2:49:01.4920 PM,Dec 5 2019 2:49:01.4920 PM,0
Read_CCG3FW_Version_After_DL,Read_CCG3FW_Version_After_DL,,,PASS,,258,,258,258,,,,Dec 5 2019 2:49:01.4920 PM,Dec 5 2019 2:49:01.4920 PM,0
Finish_DRCB,,,,,,,,,,,,,Dec 5 2019 2:49:01.4950 PM,Dec 5 2019 2:49:01.9150 PM,.4196
Finish_DRCB,Finish_DRCB,DRCB,Finish,PASS,,,,,,,,,Dec 5 2019 2:49:01.4960 PM,Dec 5 2019 2:49:01.9140 PM,.4173
