Test,Plugin,Command,Status,Info,Start Time,End Time,Duration (s)
Read_SN,KAI,changeDelimiter,PASS,,Dec 5 2019 2:44:47.4340 PM,Dec 5 2019 2:44:47.4350 PM,.0001
Read_SN,KAI,changeLineTerminator,PASS,,Dec 5 2019 2:44:47.4360 PM,Dec 5 2019 2:44:47.4360 PM,0
Read_SN,KAI,open,PASS,,Dec 5 2019 2:44:47.4380 PM,Dec 5 2019 2:44:49.0310 PM,1.5933
Read_SN,KAI,read,PASS,,Dec 5 2019 2:44:49.0330 PM,Dec 5 2019 2:44:49.0620 PM,.0291
Read_SN,StationReportPlugin,isReporting,PASS,,Dec 5 2019 2:44:49.0700 PM,Dec 5 2019 2:44:49.0700 PM,.0001
Start_Data_Reporting,DRCB,startDataReporting,PASS,,Dec 5 2019 2:44:49.5240 PM,Dec 5 2019 2:44:49.5340 PM,.0097
Start_Control_Bit,DRCB,startControlBits,PASS,,Dec 5 2019 2:44:49.5390 PM,Dec 5 2019 2:44:49.8600 PM,.3208
BUILD_EVENT,SFCSupport,getAttribute,PASS,,Dec 5 2019 2:44:50.3250 PM,Dec 5 2019 2:44:50.3540 PM,.0287
BUILD_EVENT,SFCSupport,getAttribute,PASS,,Dec 5 2019 2:44:50.3560 PM,Dec 5 2019 2:44:50.3630 PM,.0067
BUILD_EVENT,SFCSupport,getAttribute,PASS,,Dec 5 2019 2:44:50.3640 PM,Dec 5 2019 2:44:50.3690 PM,.0045
BUILD_EVENT,SFCSupport,getAttribute,PASS,,Dec 5 2019 2:44:50.3700 PM,Dec 5 2019 2:44:50.3740 PM,.0042
KAI_FW,KAI,sendCommand,PASS,,Dec 5 2019 2:44:50.3950 PM,Dec 5 2019 2:44:50.4130 PM,.0189
Check_MLB_SN,StationReportPlugin,appendReportData,PASS,,Dec 5 2019 2:44:51.4350 PM,Dec 5 2019 2:44:51.4350 PM,.0002
Program_STFW,StationReportPlugin,appendReportData,PASS,,Dec 5 2019 2:46:58.3220 PM,Dec 5 2019 2:46:58.3220 PM,.0002
Program_STFW,KAI,sendCommand,PASS,,Dec 5 2019 2:47:03.3980 PM,Dec 5 2019 2:47:03.5080 PM,.1099
Program_STFW,KAI,sendCommand,PASS,,Dec 5 2019 2:47:03.5090 PM,Dec 5 2019 2:47:03.5430 PM,.0343
Program_STFW,KAI,sendCommand,PASS,,Dec 5 2019 2:47:03.5450 PM,Dec 5 2019 2:47:03.5590 PM,.0144
Program_STFW,KAI,sendCommand,PASS,,Dec 5 2019 2:47:03.5610 PM,Dec 5 2019 2:47:03.5750 PM,.0143
Program_STFW,KAI,sendCommand,PASS,,Dec 5 2019 2:47:07.5770 PM,Dec 5 2019 2:47:07.6950 PM,.1183
Program_STFW,KAI,sendCommand,PASS,,Dec 5 2019 2:47:07.6970 PM,Dec 5 2019 2:47:07.7230 PM,.0259
Program_STFW,KAI,sendCommand,PASS,,Dec 5 2019 2:47:07.7240 PM,Dec 5 2019 2:47:07.7390 PM,.0143
Program_STFW,KAI,sendCommand,PASS,,Dec 5 2019 2:47:07.7400 PM,Dec 5 2019 2:47:07.7550 PM,.0145
Program_MTFW,StationReportPlugin,appendReportData,PASS,,Dec 5 2019 2:47:38.3110 PM,Dec 5 2019 2:47:38.3110 PM,.0002
Program_MTFW,KAI,sendCommand,PASS,,Dec 5 2019 2:47:48.3880 PM,Dec 5 2019 2:47:48.5060 PM,.1185
Program_MTFW,KAI,sendCommand,PASS,,Dec 5 2019 2:47:48.5080 PM,Dec 5 2019 2:47:48.5340 PM,.0258
Program_MTFW,KAI,sendCommand,PASS,,Dec 5 2019 2:47:48.5350 PM,Dec 5 2019 2:47:48.5500 PM,.0145
Program_MTFW,KAI,sendCommand,PASS,,Dec 5 2019 2:47:48.5510 PM,Dec 5 2019 2:47:48.5660 PM,.0145
Program_MTFW,KAI,sendCommand,PASS,,Dec 5 2019 2:47:52.6410 PM,Dec 5 2019 2:47:52.7510 PM,.1099
Program_MTFW,KAI,sendCommand,PASS,,Dec 5 2019 2:47:52.7520 PM,Dec 5 2019 2:47:52.7870 PM,.0347
Program_MTFW,KAI,sendCommand,PASS,,Dec 5 2019 2:47:52.7880 PM,Dec 5 2019 2:47:52.8030 PM,.0144
Program_MTFW,KAI,sendCommand,PASS,,Dec 5 2019 2:47:52.8040 PM,Dec 5 2019 2:47:52.8190 PM,.0145
Program_CCG3FW,StationReportPlugin,appendReportData,PASS,,Dec 5 2019 2:48:39.8990 PM,Dec 5 2019 2:48:39.8990 PM,.0002
Program_CCG3FW,KAI,sendCommand,PASS,,Dec 5 2019 2:48:54.9730 PM,Dec 5 2019 2:48:55.0910 PM,.1184
Program_CCG3FW,KAI,sendCommand,PASS,,Dec 5 2019 2:48:55.0930 PM,Dec 5 2019 2:48:55.1180 PM,.0254
Program_CCG3FW,KAI,sendCommand,PASS,,Dec 5 2019 2:48:55.1190 PM,Dec 5 2019 2:48:55.1340 PM,.0146
Program_CCG3FW,KAI,sendCommand,PASS,,Dec 5 2019 2:48:55.1360 PM,Dec 5 2019 2:48:55.1500 PM,.0145
Finish_DRCB,DRCB,finish,PASS,,Dec 5 2019 2:49:01.4960 PM,Dec 5 2019 2:49:01.9140 PM,.4173
