document_version, 1.0
station_name,CONNECTIVITY-TEST
station_id,FXLH_E03-1.5FT-05A_2_CONNECTIVITY-TEST
station_sw,Atlas
station_sw_version,Atlas

tag,start_time,duration
1. Potassium FW Version, 1570606626.60, 0.08
2. Potassium Environment check, 1570606626.68, 0.44
3. Fixture On, 1570606627.12, 0.54
4. Enter Diags, 1570606627.66, 1.35
5. Dut Open, 1570606629.02, 0.21
6. SN, 1570606629.22, 0.02
7. Set RTC, 1570606629.24, 0.02
8. Dut Close, 1570606629.26, 0.17
9. Start Data Reporting, 1570606629.44, 0.02
10. Start Control Bits, 1570606629.46, 0.31
11. Dut Open-2, 1570606629.77, 0.21
12. Diags Version, 1570606629.98, 0.05
13. Get SFC Info, 1570606630.03, 0.05
14. Check Battery Level Before Test, 1570606630.08, 0.02
15. Check Battery Voltage Before Test, 1570606630.10, 0.02
16. Battery discharge path DCR, 1570606630.12, 9.38
17. Set iBoot Backlight, 1570606639.50, 1.55
18. Max battery life-time temperature, 1570606641.05, 0.47
19. Max battery pack voltage, 1570606641.52, 0.01
20. Min battery pack voltage, 1570606641.53, 0.01
21. Max battery chg current, 1570606641.54, 0.01
22. Max battery dsg current, 1570606641.55, 0.01
23. Max battery over chg cap, 1570606641.56, 0.01
24. Add Attribute - SUBSN, 1570606641.57, 0.00
25. Add Attribute - CG_SN, 1570606641.57, 0.00
26. Add Attribute - LCM_FULL_SN, 1570606641.57, 0.00
27. Add Attribute - LCM_SN, 1570606641.58, 0.00
28. Add Attribute - LCM_CFG, 1570606641.58, 0.00
29. Add Attribute - BLU_SN, 1570606641.58, 0.00
30. Add Attribute - CGS_SN, 1570606641.59, 0.00
31. Add Attribute - CGS_CFG, 1570606641.59, 0.00
32. Compare LCM 70 digits SN from SFC and EEPROM, 1570606641.59, 0.03
33. Check LCD Vendor, 1570606641.62, 0.01
34. Burn LCD SN(UpperCase), 1570606641.64, 0.04
35. Read Back LCD_SN, 1570606641.67, 0.03
36. Burn Grape SN(UpperCase), 1570606641.71, 0.03
37. Read Back Grape SN, 1570606641.73, 0.02
38. Burn Dummy MdlC, 1570606641.76, 0.08
39. Check USBC Redriver Voltage and I2C Communication, 1570606641.84, 4.76
40. NTC, 1570606646.59, 0.02
41. Graphite Initialization, 1570606646.62, 3.21
42. CM_Accel_Average_X, 1570606649.83, 0.00
43. CM_Accel_Average_Y, 1570606649.83, 0.00
44. CM_Accel_Average_Z, 1570606649.84, 0.00
45. CM_Accel_std_X, 1570606649.84, 0.00
46. CM_Accel_std_Y, 1570606649.84, 0.00
47. CM_Accel_std_Z, 1570606649.85, 0.00
48. CM_Gyro_nmDC_Temp, 1570606649.85, 0.00
49. CM_Gyro_Average_X, 1570606649.86, 0.00
50. CM_Gyro_Average_Y, 1570606649.86, 0.00
51. CM_Gyro_Average_Z, 1570606649.86, 0.00
52. CM_Gyro_std_X, 1570606649.87, 0.00
53. CM_Gyro_std_Y, 1570606649.87, 0.00
54. CM_Gyro_std_Z, 1570606649.88, 0.00
55. Accelermeter SelfTest, 1570606649.88, 0.82
56. Gyro Self Test, 1570606650.70, 0.95
57. Magnetometer Initialization, 1570606651.65, 0.02
58. Magnetometer Connectivity Test, 1570606651.68, 0.07
59. Magnetometer Self-Test, 1570606651.75, 3.22
60. VA_Magnetometer_ChipID, 1570606654.97, 0.05
61. VA_Magnetometer_Version, 1570606655.02, 0.03
62. VA_Magnetometer_CRC, 1570606655.04, 0.19
63. VA_Magnetometer_ODR, 1570606655.23, 2.09
64. VA_Magnetometer_Average_X, 1570606657.33, 0.00
65. VA_Magnetometer_Average_Y, 1570606657.33, 0.00
66. VA_Magnetometer_Average_Z, 1570606657.33, 0.00
67. VA_Magnetometer_Average_Temp, 1570606657.34, 0.00
68. VA_Magnetometer_std_X, 1570606657.34, 0.00
69. VA_Magnetometer_std_Y, 1570606657.34, 0.00
70. VA_Magnetometer_std_Z, 1570606657.35, 0.00
71. Backlight High-Low Test, 1570606657.35, 5.39
72. Orion Contamination Test 4uA DATA_GND_150K, 1570606662.74, 3.83
73. Orion Contamination Test 4uA DATA_PWR_150K, 1570606666.57, 0.25
74. Orion Contamination Test 4uA PWR_GND_150K, 1570606666.82, 1.30
75. Attach provider mode, 1570606668.11, 1.22
76. Orion output communications connection test, 1570606669.33, 0.29
77. Orion Output Bellatrix State Boost, 1570606669.62, 0.66
78. Orion output 1000mA mode voltage w/ load - B/o load - B, 1570606670.28, 0.89
79. Orion output 1000mA mode current - B, 1570606671.17, 0.84
80. Orion output 1000mA mode voltage w/ load - B, 1570606672.01, 0.89
81. Orion output 2000mA mode voltage w/ load - B/o load - B, 1570606672.90, 0.91
82. Orion output 2000mA mode current - B, 1570606673.80, 0.90
83. Orion output 2000mA mode voltage w/ load - B, 1570606674.70, 0.89
84. Orion voltage drop with 2000mA - B, 1570606675.59, 0.02
85. Orion output 2000mA mode DCR - B, 1570606675.61, 0.02
86. Orion Bellatrix ADC temperature read, 1570606675.63, 0.10
87. Orion Bellatrix ADC VP read Boost, 1570606675.73, 0.12
88. Orion output communications connection test-2, 1570606675.84, 0.30
89. Orion output HS communcations connection test, 1570606676.14, 6.25
90. Orion Output Bellatrix State, 1570606682.39, 1.30
91. Orion output communications test 330pF, 1570606683.69, 0.61
92. Orion output HS communications test 330pF, 1570606684.31, 6.26
93. Orion Output Bellatrix State3, 1570606690.57, 1.22
94. Attach consumer mode, 1570606691.79, 1.25
95. Orion input communications connection test, 1570606693.04, 0.30
96. Orion Input mode voltage w/o Charge, 1570606693.34, 1.08
97. Orion Input Bellatrix State, 1570606694.42, 0.06
98. Orion @5V Input mode current, 1570606694.47, 1.07
99. Orion Input Mode Voltage w/o Charger, 1570606695.54, 1.12
100. Orion @9V Input mode current, 1570606696.66, 0.93
101. Orion Bellatrix ADC ACCPWR read, 1570606697.59, 0.08
102. Orion Bellatrix Ext VBUS read, 1570606697.67, 0.07
103. Bellatrix HW reset, 1570606697.74, 0.30
104. Orion input HS communications connection test, 1570606698.04, 6.11
105. Transition from HSAID to AID Mode, 1570606704.15, 1.33
106. Orion input communications test 330pF, 1570606705.48, 0.33
107. Orion input HS communications test 330pF, 1570606705.81, 6.13
108. Orion Input Bellatrix State2, 1570606711.94, 1.32
109. Stop the OAB3F FW, 1570606713.26, 0.01
110. Tx Fw Version, 1570606713.27, 9.32
111. Check Sum_Sector_127_Before, 1570606722.59, 1.48
112. Check Sum_Sector_126_Before, 1570606724.07, 0.00
113. LPP Inductance_MTP_Before, 1570606724.07, 0.00
114. LPP Frequency_MTP_Before, 1570606724.08, 0.00
115. Tx HWID_MTP_Before, 1570606724.08, 0.00
116. Ctx_MTP_Before_126, 1570606724.09, 0.00
117. Ctx_MTP_Before_127, 1570606724.09, 0.00
118. VBoost_MTP_Before, 1570606724.09, 0.00
119. VSense_MTP_Before, 1570606724.10, 0.00
120. ISense_MTP_Before, 1570606724.10, 0.00
121. LFOD_MTP_Before, 1570606724.11, 0.00
122. SCRP_LPP_Inductance_Free_Air_Cal, 1570606724.11, 18.48
123. SCRP_LPP_FREQ_Free_Air_Cal, 1570606742.60, 0.00
124. Check Sum - Sector 126, 1570606742.60, 0.01
125. LPP Inductance_MTP, 1570606742.61, 0.00
126. LPP Frequency_MTP, 1570606742.61, 0.00
127. Check Sum_Sector_127_After, 1570606742.61, 11.83
128. Check Sum_Sector_126_After, 1570606754.45, 0.01
129. LPP Inductance_MTP_After, 1570606754.46, 0.01
130. LPP Frequency_MTP_After, 1570606754.47, 0.01
131. Tx HWID_MTP_After, 1570606754.48, 0.01
132. Ctx_MTP_After_126, 1570606754.49, 0.01
133. Ctx_MTP_After_127, 1570606754.50, 0.01
134. VBoost_MTP_After, 1570606754.51, 0.01
135. VSense_MTP_After, 1570606754.52, 0.01
136. ISense_MTP_After, 1570606754.53, 0.01
137. LFOD_MTP_After, 1570606754.54, 0.01
138. ALS1_FH_RIGHT_Device ID, 1570606754.55, 0.06
139. ALS1_FH_RIGHT_Revision ID, 1570606754.61, 0.03
140. ALS1_FH_RIGHT_IC vendor, 1570606754.63, 0.03
141. ALS1_FH_RIGHT_Chip ID, 1570606754.66, 0.03
142. Sensor ALS1_FH_RIGHT Bright -Ch_0, 1570606754.69, 2.82
143. Sensor ALS1_FH_RIGHT Bright -Ch_1, 1570606757.51, 0.01
144. Sensor ALS1_FH_RIGHT Bright -Ch_2, 1570606757.52, 0.01
145. Sensor ALS1_FH_RIGHT Bright -Ch_3, 1570606757.52, 0.01
146. ALS2_FH_LEFT_Device ID, 1570606757.53, 0.05
147. ALS2_FH_LEFT_Revision ID, 1570606757.58, 0.02
148. ALS2_FH_LEFT_IC vendor, 1570606757.60, 0.03
149. ALS2_FH_LEFT_Chip ID, 1570606757.64, 0.03
150. Sensor ALS2_FH_LEFT Bright -Ch_0, 1570606757.67, 1.93
151. Sensor ALS2_FH_LEFT Bright -Ch_1, 1570606759.59, 0.01
152. Sensor ALS2_FH_LEFT Bright -Ch_2, 1570606759.60, 0.01
153. Sensor ALS2_FH_LEFT Bright -Ch_3, 1570606759.61, 0.01
154. Sensor ALS1_BL_Leakage_FH_RIGHT Bright -Ch_0, 1570606759.62, 1.49
155. Sensor ALS1_BL_Leakage_FH_RIGHT Bright -Ch_1, 1570606761.10, 0.01
156. Sensor ALS1_BL_Leakage_FH_RIGHT Bright -Ch_2, 1570606761.11, 0.01
157. Sensor ALS1_BL_Leakage_FH_RIGHT Bright -Ch_3, 1570606761.12, 0.01
158. Sensor ALS2_BL_Leakage_FH_LEFT Bright -Ch_0, 1570606761.13, 1.35
159. Sensor ALS2_BL_Leakage_FH_LEFT Bright -Ch_1, 1570606762.48, 0.01
160. Sensor ALS2_BL_Leakage_FH_LEFT Bright -Ch_2, 1570606762.49, 0.01
161. Sensor ALS2_BL_Leakage_FH_LEFT Bright -Ch_3, 1570606762.49, 0.01
162. Sensor ALS1_Dark _Response_FH_RIGHT Bright -Ch_0, 1570606762.50, 1.39
163. Sensor ALS1_Dark _Response_FH_RIGHT Bright -Ch_1, 1570606763.89, 0.01
164. Sensor ALS1_Dark _Response_FH_RIGHT Bright -Ch_2, 1570606763.90, 0.01
165. Sensor ALS1_Dark _Response_FH_RIGHT Bright -Ch_3, 1570606763.91, 0.01
166. Sensor ALS2_Dark _Response_FH_LEFT Bright -Ch_0, 1570606763.91, 4.39
167. Sensor ALS2_Dark _Response_FH_LEFT Bright -Ch_1, 1570606768.31, 0.01
168. Sensor ALS2_Dark _Response_FH_LEFT Bright -Ch_2, 1570606768.31, 0.01
169. Sensor ALS2_Dark _Response_FH_LEFT Bright -Ch_3, 1570606768.32, 0.01
170. DBCl, 1570606768.33, 1.40
171. DTCl, 1570606769.73, 0.01
172. HALL_1_IRQ_L_Miss Test_IRQ, 1570606769.74, 4.13
173. HALL_2_IRQ_L_Miss Test_IRQ, 1570606773.87, 0.01
174. HALL_3_IRQ_L_Miss Test_IRQ, 1570606773.87, 0.01
175. HALL_1_IRQ_L_Detect Test_IRQ, 1570606773.88, 2.37
176. HALL_2_IRQ_L_Detect Test_IRQ, 1570606776.25, 0.01
177. HALL_3_IRQ_L_Detect Test_IRQ, 1570606776.26, 0.01
178. HALL_TO_PMU_IRQ_BUFF_R_Miss Test_IRQ, 1570606776.26, 3.56
179. HALL_TO_PMU_IRQ_BUFF_R_Detect Test_IRQ, 1570606779.82, 1.19
180. 2x SPK_CN_L_W VMON_CH2_FFT Peak Magnitude, 1570606781.01, 3.96
181. 2x SPK_CN_L_W VMON_CH2_Frequency (Hz), 1570606784.97, 0.00
182. 2x SPK_CN_L_W VMON_CH2_THD+N (dB), 1570606784.97, 0.00
183. 2x SPK_CN_L_W VMON_CH2_RMS (Root-Mean-Square), 1570606784.98, 0.00
184. 2x SPK_CN_L_W IMON_CH3_FFT Peak Magnitude, 1570606784.98, 0.00
185. 2x SPK_CN_L_W IMON_CH3_Frequency (Hz), 1570606784.99, 0.00
186. 2x SPK_CN_L_W IMON_CH3_THD+N (dB), 1570606784.99, 0.00
187. 2x SPK_CN_L_W IMON_CH3_RMS (Root-Mean-Square), 1570606784.99, 0.00
188. 2x SPK_FH_L_W VMON_CH10_FFT Peak Magnitude, 1570606785.00, 0.00
189. 2x SPK_FH_L_W VMON_CH10_Frequency (Hz), 1570606785.00, 0.00
190. 2x SPK_FH_L_W VMON_CH10_THD+N (dB), 1570606785.01, 0.00
191. 2x SPK_FH_L_W VMON_CH10_RMS (Root-Mean-Square), 1570606785.01, 0.00
192. 2x SPK_FH_L_W IMON_CH11_FFT Peak Magnitude, 1570606785.02, 0.00
193. 2x SPK_FH_L_W IMON_CH11_Frequency (Hz), 1570606785.02, 0.01
194. 2x SPK_FH_L_W IMON_CH11_THD+N (dB), 1570606785.03, 0.01
195. 2x SPK_FH_L_W IMON_CH11_RMS (Root-Mean-Square), 1570606785.03, 0.00
196. SPK to 2x_MIC Loop Test, 1570606785.04, 2.59
197. MIC_REAR_PK_MAG, 1570606787.63, 0.00
198. MIC_SPLINE_PK_MAG, 1570606787.63, 0.00
199. MIC_REAR_DC_MAG, 1570606787.64, 0.00
200. MIC_SPLINE_DC_MAG, 1570606787.64, 0.00
201. Secure DMIC disable test, 1570606787.64, 4.93
202. DMIC_REAR_PK_MAG, 1570606792.58, 0.00
203. DMIC_SPLINE_PK_MAG, 1570606792.58, 0.00
204. DMIC_REAR_DC_MAG, 1570606792.58, 0.00
205. DMIC_SPLINE_DC_MAG, 1570606792.59, 0.00
206. PMU Button Test Start, 1570606792.59, 0.28
207. PMU Power Button force sensor value, 1570606792.87, 2.59
208. PMU Volume Down force sensor value, 1570606795.46, 2.52
209. PMU Volume Up force sensor value, 1570606797.98, 2.63
210. PMU Button Test - Power, 1570606800.61, 12.00
211. PMU Button Test - Voldn, 1570606812.61, 0.01
212. PMU Button Test - Volup, 1570606812.62, 0.01
213. Button Count Test Start, 1570606812.62, 0.03
214. Cnt Power Button force sensor value, 1570606812.65, 2.73
215. Cnt Volume Down force sensor value, 1570606815.38, 2.67
216. Cnt Volume Up force sensor value, 1570606818.05, 2.56
217. Buttons Count Test - Power, 1570606820.61, 0.02
218. Buttons Count Test - Voldn, 1570606820.63, 0.01
219. Buttons Count Test - Volup, 1570606820.64, 0.01
220. Check Battery Level After Test, 1570606820.64, 0.02
221. Check Battery Voltage After Test, 1570606820.66, 0.02
222. Dut Close-2, 1570606820.69, 0.18
FULL_TEST_TIME, 1570606625.74, 195.12
223. Finish DRCB, 1570606820.87, 0.30
224. Fixture Reset, 1570606821.17, 2.05
