Related Test,Type,Name,Value
9. Start Data Reporting,Device,softwarename,1.9.2
9. Start Data Reporting,Device,serialnumber,DLXZF017P90J
9. Start Data Reporting,Device,softwareversion,V25.0.10.11
9. Start Data Reporting,Device,limitsversion,1
12. Diags Version,Device,DIAG_VER,29D136r
24. Add Attribute - SUBSN,Device,SUBSN,DLX9386001LP2DP0L
25. Add Attribute - CG_SN,Device,CG_SN,L1K79L2L99552-48045389736504
26. Add Attribute - LCM_FULL_SN,Device,LCM_FULL_SN,FP193820048N69316BPFJEEMX5DY993550092NR5K1FNDKKAV1F0F93530XBUN8PD0E123
27. Add Attribute - LCM_SN,Device,LCM_SN,FP193820048N69316
28. Add Attribute - LCM_CFG,Device,LCM_CFG,BPF
29. Add Attribute - BLU_SN,Device,BLU_SN,DY993550092NR5K1FNDKKAV1
30. Add Attribute - CGS_SN,Device,CGS_SN,F0F93530XBUN8PD0E
31. Add Attribute - CGS_CFG,Device,CGS_CFG,123
33. Check LCD Vendor,Device,CLCD_ID,BOE
37. Read Back Grape SN,Device,MT_MODULE_SN,F0F93530XBUN8PD0E
38. Burn Dummy MdlC,Device,MdlC,FN845JH45878923785627895256845TY845UJ845
60. VA_Magnetometer_ChipID,Device,VA_Magnetometer_ChipID,0x40
61. VA_Magnetometer_Version,Device,MAGNETOMETER_REV,0x52
110. Tx Fw Version,Device,SCRP_Tx_Version,0x0505
111. Check Sum_Sector_127_Before,Device,SCRP_Check Sum__S127_MTP_BEFORE,A09A9A2D
112. Check Sum_Sector_126_Before,Device,SCRP_Check Sum__S126_MTP_BEFORE,7809B1CB
113. LPP Inductance_MTP_Before,Device,SCRP_LPP_L_MTP_BEFORE,376B2512
114. LPP Frequency_MTP_Before,Device,SCRP_LPP_FREQ_MTP_BEFORE,4789AD65
115. Tx HWID_MTP_Before,Device,SCRP_TX_HWID_MTP_BEFORE,0
116. Ctx_MTP_Before_126,Device,SCRP_CTx_MTP_126_BEFORE,58CC2
117. Ctx_MTP_Before_127,Device,SCRP_CTx_MTP_127_BEFORE,58CC2
118. VBoost_MTP_Before,Device,SCRP_VBoost_MTP_BEFORE,FFA423BA
119. VSense_MTP_Before,Device,SCRP_VSense_MTP_BEFORE,1FDE2756
120. ISense_MTP_Before,Device,SCRP_Isense_MTP_BEFORE,2001278B
121. LFOD_MTP_Before,Device,SCRP_LFOD_MTP_BEFORE,1FDA2775
122. SCRP_LPP_Inductance_Free_Air_Cal,Device,Raw ADC Data,0x05  0x00  0x00  0xBF  0xA0  0x89  0x47  0x4D  0x50  0x6B  0x37  0x19  0xDC  0x8A  0x3F  0xE8  0x2C  0xB7  0x40  0x60  0x25  0x01  0x00  0x94  0x02  0x00  0x00
124. Check Sum - Sector 126,Device,SCRP_Check Sum_S126_MTP,0x780981FB
125. LPP Inductance_MTP,Device,SCRP_LPP_L_CAL_MTP,0x376B504D
126. LPP Frequency_MTP,Device,SCRP_LPP_FREQ_CAL_MTP,0x4789A0BF
127. Check Sum_Sector_127_After,Device,SCRP_Check Sum__S127_MTP_AFTER,A09A9A2D
128. Check Sum_Sector_126_After,Device,SCRP_Check Sum__S126_MTP_AFTER,0x780981FB
129. LPP Inductance_MTP_After,Device,SCRP_LPP_L_MTP_AFTER,0x376B504D
130. LPP Frequency_MTP_After,Device,SCRP_LPP_FREQ_MTP_AFTER,0x4789A0BF
131. Tx HWID_MTP_After,Device,SCRP_TX_HWID_MTP_AFTER,0
132. Ctx_MTP_After_126,Device,SCRP_CTx_MTP_126_AFTER,58CC2
133. Ctx_MTP_After_127,Device,SCRP_CTx_MTP_127_AFTER,58CC2
134. VBoost_MTP_After,Device,SCRP_VBoost_MTP_AFTER,FFA423BA
135. VSense_MTP_After,Device,SCRP_VSense_MTP_AFTER,1FDE2756
136. ISense_MTP_After,Device,SCRP_Isense_MTP_AFTER,2001278B
137. LFOD_MTP_After,Device,SCRP_LFOD_MTP_AFTER,1FDA2775
