FATP-FWDL,V1.1.4.0_forCYG
Site, Product, SerialNumber, Special Build Name, Special Build Description, Unit Number, Station ID, Test Pass/Fail Status, StartTime, EndTime, Version, List of Failing Tests,Scan_SN,Start_Data_Reporting,Start_Data_Reporting,Start_Data_Reporting,Start_Data_Reporting,BUILD_EVENT,S_BUILD,WO_SN,SUB_SN,UNIT_LBL,P203_FW_DEV,Read_MLB_SN,Check_MLB_SN,Read_STFW_Version_Before_DL,Read_MTFW_Version_Before_DL,Program_Main_FW,Program_MTFW,Read_Main_FW_Version_After_DL,Read_Main_FW_Version_After_DL,Read_MTFW_After_DL,Read_MTFW_After_DL,Read_CCG3_FW_After_DL,
Upper Limited-------->,,,,,,,,,,,,,,,,,,,,,,,,PASS,,,PASS,PASS,352,,1285,,,
Lower Limited-------->,,,,,,,,,,,,,,,,,,,,,,,,PASS,,,PASS,PASS,352,,1285,,,
Measurement Units---->,,,,,,,,,,,,,,,,,,,,,,,,,NA,NA,,,,,,,,
FXLH,R118,FTPZF00EP3J4,,R118-P2_P21AKR-R2,,FXLH_F05-4FT-02_1_SW-DOWNLOAD,PASS,09-19-13:43:34,91.44,V1.1.4.0_forCYG,PASS,FTPZF00EP3J4,Atlas 1.9.2,FTPZF00EP3J4,V1.1.4.0_forCYG,1,R118-P2,R118-P2_P21AKR-R2,WMT-J9001C,DKB9383001XN6780Z,R118-P2_P21AKR-R2_C00813,1.2.5-F(DVT),DLX938200BZN6R52Q,PASS,352,1285,PASS,PASS,352,0x0160,1285,0x0505,A0 02 00 0B 00 0B 00 0B,
FXLH,R118,FTPZF03EP3HW,,R118-P2_P21ACH-ECORELNB,,FXLH_F05-4FT-02_1_SW-DOWNLOAD,FAIL,09-19-13:45:42,92.53,V1.1.4.0_forCYG,Auth_Check,FTPZF03EP3HW,Atlas 1.9.2,FTPZF03EP3HW,V1.1.4.0_forCYG,1,R118-P2,R118-P2_P21ACH-ECORELNB,WMT-J9001D,DKB9383004DN67808,R118-P2_P21ACH-ECORELNB_C00873,1.2.5-F(DVT),DLX937600TVN6R52D,PASS,352,1285,PASS,PASS,352,0x0160,1285,0x0505,A0 02 00 0B 00 0B 00 0B,
FXLH,R118,FTPZF008P3J4,,R118-P2_P21AKR-R2,,FXLH_F05-4FT-02_1_SW-DOWNLOAD,PASS,09-19-13:52:55,94.40,V1.1.4.0_forCYG,PASS,FTPZF008P3J4,Atlas 1.9.2,FTPZF008P3J4,V1.1.4.0_forCYG,1,R118-P2,R118-P2_P21AKR-R2,WMT-J9001C,DKB93830024N6780P,R118-P2_P21AKR-R2_C00799,1.2.5-F(DVT),DLX938200A1N6R52R,PASS,352,1285,PASS,PASS,352,0x0160,1285,0x0505,A0 02 00 0B 00 0B 00 0B,
FXLH,R118,FTPZF011P3J4,,R118-P2_P21AKR-R2,,FXLH_F05-4FT-02_1_SW-DOWNLOAD,FAIL,09-19-13:55:09,26.71,V1.1.4.0_forCYG,Auth_Check; Atlas Hyperion Closed,FTPZF011P3J4,Atlas 1.9.2,FTPZF011P3J4,V1.1.4.0_forCYG,1,R118-P2,R118-P2_P21AKR-R2,WMT-J9001C,DKB93830026N6780M,R118-P2_P21AKR-R2_C00829,1.2.5-F(DVT),DLX938200C6N6R52E,PASS,352,1285,,,,,,,,
