FATP-FWDL,V1.1.4.0_forCYG
Site, Product, SerialNumber, Special Build Name, Special Build Description, Unit Number, Station ID, Test Pass/Fail Status, StartTime, EndTime, Version, List of Failing Tests,Scan_SN,Start_Data_Reporting,Start_Data_Reporting,Start_Data_Reporting,Start_Data_Reporting,BUILD_EVENT,S_BUILD,WO_SN,SUB_SN,UNIT_LBL,P203_FW_DEV,Read_MLB_SN,Check_MLB_SN,Read_STFW_Version_Before_DL,Read_MTFW_Version_Before_DL,Program_Main_FW,Program_MTFW,Read_Main_FW_Version_After_DL,Read_Main_FW_Version_After_DL,Read_MTFW_After_DL,Read_MTFW_After_DL,Read_CCG3_FW_After_DL,
Upper Limited-------->,,,,,,,,,,,,,,,,,,,,,,,,PASS,,,PASS,PASS,352,,1285,,,
Lower Limited-------->,,,,,,,,,,,,,,,,,,,,,,,,PASS,,,PASS,PASS,352,,1285,,,
Measurement Units---->,,,,,,,,,,,,,,,,,,,,,,,,,NA,NA,,,,,,,,
FXLH,R118,FTPZC008P3J4,,R118-P2_P21AK-S2,,FXLH_F05-4FT-02_1_SW-DOWNLOAD,PASS,09-16-18:18:24,91.70,V1.1.4.0_forCYG,PASS,FTPZC008P3J4,Atlas 1.9.2,FTPZC008P3J4,V1.1.4.0_forCYG,1,R118-P2,R118-P2_P21AK-S2,WCT-J90003,DKB9364000VN67809,R118-P2_P21AK-S2_C00287,1.2.5-F(DVT),DLX93630030N6R52J,PASS,352,1285,PASS,PASS,352,0x0160,1285,0x0505,A0 02 00 0B 00 00 00 0B,
FXLH,R118,FTPZD011P3J4,,R118-P2_P21AK-M4,,FXLH_F05-4FT-02_1_SW-DOWNLOAD,PASS,09-16-18:32:25,92.77,V1.1.4.0_forCYG,PASS,FTPZD011P3J4,Atlas 1.9.2,FTPZD011P3J4,V1.1.4.0_forCYG,1,R118-P2,R118-P2_P21AK-M4,WMT-J9000B,DKB9372001SN67808,R118-P2_P21AK-M4_C00397,1.2.5-F(DVT),DLX9366008FN6R52K,PASS,352,1285,PASS,PASS,352,0x0160,1285,0x0505,A0 02 00 0B 00 0B 00 0B,
FXLH,R118,FTPZD01KP3J4,,,,FXLH_F05-4FT-02_1_SW-DOWNLOAD,FAIL,09-16-18:42:59,26.01,V1.1.4.0_forCYG,Scan_SN,FTPZD01KP3J4,,,,,,,,,,,,,,,,,,,,,,
