FATP-FWDL,V1.1.4.0_forCYG
Site, Product, SerialNumber, Special Build Name, Special Build Description, Unit Number, Station ID, Test Pass/Fail Status, StartTime, EndTime, Version, List of Failing Tests,Scan_SN,Start_Data_Reporting,Start_Data_Reporting,Start_Data_Reporting,Start_Data_Reporting,BUILD_EVENT,S_BUILD,WO_SN,SUB_SN,UNIT_LBL,P203_FW_DEV,Read_MLB_SN,Check_MLB_SN,Read_STFW_Version_Before_DL,Read_MTFW_Version_Before_DL,Program_Main_FW,Program_MTFW,Read_Main_FW_Version_After_DL,Read_Main_FW_Version_After_DL,Read_MTFW_After_DL,Read_MTFW_After_DL,Read_CCG3_FW_After_DL,
Upper Limited-------->,,,,,,,,,,,,,,,,,,,,,,,,PASS,,,PASS,PASS,352,,1285,,,
Lower Limited-------->,,,,,,,,,,,,,,,,,,,,,,,,PASS,,,PASS,PASS,352,,1285,,,
Measurement Units---->,,,,,,,,,,,,,,,,,,,,,,,,,NA,NA,,,,,,,,
FXLH,R118,FTPZC00AP3J4,,R118-P2_P21AK-S2,,FXLH_F05-4FT-02_1_SW-DOWNLOAD,PASS,09-13-14:07:09,94.19,V1.1.4.0_forCYG,PASS,FTPZC00AP3J4,Atlas 1.9.2,FTPZC00AP3J4,V1.1.4.0_forCYG,1,R118-P2,R118-P2_P21AK-S2,WCT-J90003,DKB9364000YN67806,R118-P2_P21AK-S2_C00289,1.2.5-F(DVT),DLX9363002HN6R524,PASS,352,1285,PASS,PASS,352,0x0160,1285,0x0505,A0 02 00 0B 00 00 00 0B,
FXLH,R118,FTPZD001P3HW,,R118-P2_P21ACH-M3,,FXLH_F05-4FT-02_1_SW-DOWNLOAD,PASS,09-13-14:14:27,92.77,V1.1.4.0_forCYG,PASS,FTPZD001P3HW,Atlas 1.9.2,FTPZD001P3HW,V1.1.4.0_forCYG,1,R118-P2,R118-P2_P21ACH-M3,WMT-J9000A,DKB9372000NN6780F,R118-P2_P21ACH-M3_C00386,1.2.5-F(DVT),DLX9366008ZN6R521,PASS,352,1285,PASS,PASS,352,0x0160,1285,0x0505,A0 02 00 0B 00 0B 00 0B,
FXLH,R118,FTPZD002P3HW,,R118-P2_P21ACH-M3,,FXLH_F05-4FT-02_1_SW-DOWNLOAD,FAIL,09-13-14:17:03,95.50,V1.1.4.0_forCYG,Auth_Check,FTPZD002P3HW,Atlas 1.9.2,FTPZD002P3HW,V1.1.4.0_forCYG,1,R118-P2,R118-P2_P21ACH-M3,WMT-J9000A,DKB9372000YN67805,R118-P2_P21ACH-M3_C00383,1.2.5-F(DVT),DLX9366008JN6R52G,PASS,352,1285,PASS,PASS,352,0x0160,1285,0x0505,A0 02 00 0B 00 0B 00 0B,
FXLH,R118,FTPZD00LP3HW,,R118-P2_P21ACH-M3,,FXLH_F05-4FT-02_1_SW-DOWNLOAD,PASS,09-13-14:19:13,93.00,V1.1.4.0_forCYG,PASS,FTPZD00LP3HW,Atlas 1.9.2,FTPZD00LP3HW,V1.1.4.0_forCYG,1,R118-P2,R118-P2_P21ACH-M3,WMT-J9000A,DKB93720014N6780W,R118-P2_P21ACH-M3_C00388,1.2.5-F(DVT),DLX93660099N6R52N,PASS,352,1285,PASS,PASS,352,0x0160,1285,0x0505,A0 02 00 0B 00 0B 00 0B,
