FATP-FWDL,V1.1.4.0_forCYG
Site, Product, SerialNumber, Special Build Name, Special Build Description, Unit Number, Station ID, Test Pass/Fail Status, StartTime, EndTime, Version, List of Failing Tests,Scan_SN,Start_Data_Reporting,Start_Data_Reporting,Start_Data_Reporting,Start_Data_Reporting,BUILD_EVENT,S_BUILD,WO_SN,SUB_SN,UNIT_LBL,P203_FW_DEV,Read_MLB_SN,Check_MLB_SN,Read_STFW_Version_Before_DL,Read_MTFW_Version_Before_DL,Program_Main_FW,Program_MTFW,Read_Main_FW_Version_After_DL,Read_Main_FW_Version_After_DL,Read_MTFW_After_DL,Read_MTFW_After_DL,Read_CCG3_FW_After_DL,
Upper Limited-------->,,,,,,,,,,,,,,,,,,,,,,,,PASS,,,PASS,PASS,352,,1285,,,
Lower Limited-------->,,,,,,,,,,,,,,,,,,,,,,,,PASS,,,PASS,PASS,352,,1285,,,
Measurement Units---->,,,,,,,,,,,,,,,,,,,,,,,,,NA,NA,,,,,,,,
FXLH,R118,FTPZF003P3J4,,R118-P2_P21AKR-R2,,FXLH_F05-4FT-02_1_SW-DOWNLOAD,PASS,09-19-14:01:39,115.35,V1.1.4.0_forCYG,PASS,FTPZF003P3J4,Atlas 1.9.2,FTPZF003P3J4,V1.1.4.0_forCYG,1,R118-P2,R118-P2_P21AKR-R2,WMT-J9001C,DKB9383001HN6780D,R118-P2_P21AKR-R2_C00804,1.2.5-F(DVT),DLX938200BVN6R52U,PASS,352,1285,PASS,PASS,352,0x0160,1285,0x0505,A0 02 00 0B 00 0B 00 0B,
FXLH,R118,FTPZF04YP3HW,,R118-P2_P21ACH-ECORELNB,,FXLH_F05-4FT-02_1_SW-DOWNLOAD,PASS,09-19-14:12:14,93.63,V1.1.4.0_forCYG,PASS,FTPZF04YP3HW,Atlas 1.9.2,FTPZF04YP3HW,V1.1.4.0_forCYG,1,R118-P2,R118-P2_P21ACH-ECORELNB,WMT-J9001D,DKB9383002QN67803,R118-P2_P21ACH-ECORELNB_C00906,1.2.5-F(DVT),DLX937600SXN6R52E,PASS,352,1285,PASS,PASS,352,0x0160,1285,0x0505,A0 02 00 0B 00 0B 00 0B,
FXLH,R118,FTPZF00UP3J4,,R118-P2_P21AKR-R2,,FXLH_F05-4FT-02_1_SW-DOWNLOAD,FAIL,09-19-14:21:59,46.60,V1.1.4.0_forCYG,Auth_Check; Atlas Hyperion Closed,FTPZF00UP3J4,Atlas 1.9.2,FTPZF00UP3J4,V1.1.4.0_forCYG,1,R118-P2,R118-P2_P21AKR-R2,WMT-J9001C,DKB93830027N6780L,R118-P2_P21AKR-R2_C00819,1.2.5-F(DVT),DLX938200C7N6R52D,PASS,352,1285,,,,,,,,
