FATP-FWDL,V1.1.4.0_forCYG
Site, Product, SerialNumber, Special Build Name, Special Build Description, Unit Number, Station ID, Test Pass/Fail Status, StartTime, EndTime, Version, List of Failing Tests,Scan_SN,Start_Data_Reporting,Start_Data_Reporting,Start_Data_Reporting,Start_Data_Reporting,BUILD_EVENT,S_BUILD,WO_SN,SUB_SN,UNIT_LBL,P203_FW_DEV,Read_MLB_SN,Check_MLB_SN,Read_STFW_Version_Before_DL,Read_MTFW_Version_Before_DL,Program_Main_FW,Program_MTFW,Read_Main_FW_Version_After_DL,Read_Main_FW_Version_After_DL,Read_MTFW_After_DL,Read_MTFW_After_DL,Read_CCG3_FW_After_DL,+,Atlas Hyperion Closed,
Upper Limited-------->,,,,,,,,,,,,,,,,,,,,,,,,PASS,,,PASS,PASS,352,,1285,,,,PASS,
Lower Limited-------->,,,,,,,,,,,,,,,,,,,,,,,,PASS,,,PASS,PASS,352,,1285,,,,PASS,
Measurement Units---->,,,,,,,,,,,,,,,,,,,,,,,,,NA,NA,,,,,,,,,,
FXLH,R118,FTPZC00KP3HR,,R118-P2_P21AEN-S1,,FXLH_F05-4FT-02_1_SW-DOWNLOAD,PASS,09-14-10:12:23,125.12,V1.1.4.0_forCYG,PASS,FTPZC00KP3HR,Atlas 1.9.2,FTPZC00KP3HR,V1.1.4.0_forCYG,1,R118-P2,R118-P2_P21AEN-S1,WCT-J90002,DKB93640008N6780W,R118-P2_P21AEN-S1_C00277,1.2.5-F(DVT),DLX9363002LN6R521,PASS,352,1285,PASS,PASS,352,0x0160,1285,0x0505,A0 02 00 0B 00 00 00 0B,,,
FXLH,R118,FTPZD01NP3J4,,R118-P2_P21AK-M5-1,,FXLH_F05-4FT-02_1_SW-DOWNLOAD,FAIL,09-14-10:24:16,89.38,V1.1.4.0_forCYG,Auth_Check; Atlas Hyperion Closed,FTPZD01NP3J4,Atlas 1.9.2,FTPZD01NP3J4,V1.1.4.0_forCYG,1,R118-P2,R118-P2_P21AK-M5-1,WMT-J90011,DKB93750030N6780R,R118-P2_P21AK-M5-1_C00447,1.2.5-F(DVT),DLX93740026N6R52B,PASS,352,1285,PASS,,,,,,,,PASS,
