FATP-FWDL,V1.1.4.0_forCYG
Site, Product, SerialNumber, Special Build Name, Special Build Description, Unit Number, Station ID, Test Pass/Fail Status, StartTime, EndTime, Version, List of Failing Tests,Scan_SN,Start_Data_Reporting,Start_Data_Reporting,Start_Data_Reporting,Start_Data_Reporting,BUILD_EVENT,S_BUILD,WO_SN,SUB_SN,UNIT_LBL,P203_FW_DEV,Read_MLB_SN,Check_MLB_SN,Read_STFW_Version_Before_DL,Read_MTFW_Version_Before_DL,Program_Main_FW,Program_MTFW,Read_Main_FW_Version_After_DL,Read_Main_FW_Version_After_DL,Read_MTFW_After_DL,Read_MTFW_After_DL,Read_CCG3_FW_After_DL,
Upper Limited-------->,,,,,,,,,,,,,,,,,,,,,,,,PASS,,,PASS,PASS,352,,1285,,,
Lower Limited-------->,,,,,,,,,,,,,,,,,,,,,,,,PASS,,,PASS,PASS,352,,1285,,,
Measurement Units---->,,,,,,,,,,,,,,,,,,,,,,,,,NA,NA,,,,,,,,
FXLH,R118,FTPZC00BP3HW,,R118-P2_P21ACH-S3,,FXLH_F05-4FT-02_1_SW-DOWNLOAD,PASS,09-14-06:37:47,97.70,V1.1.4.0_forCYG,PASS,FTPZC00BP3HW,Atlas 1.9.2,FTPZC00BP3HW,V1.1.4.0_forCYG,1,R118-P2,R118-P2_P21ACH-S3,WCT-J90004,DKB9365001GN6780J,R118-P2_P21ACH-S3_C00305,1.2.5-F(DVT),DLX93630006N6R52M,PASS,352,1285,PASS,PASS,352,0x0160,1285,0x0505,A0 02 00 0B 00 00 00 0B,
FXLH,R118,FTPZC00FP3HW,,R118-P2_P21ACH-S3,,FXLH_F05-4FT-02_1_SW-DOWNLOAD,PASS,09-14-06:40:05,98.72,V1.1.4.0_forCYG,PASS,FTPZC00FP3HW,Atlas 1.9.2,FTPZC00FP3HW,V1.1.4.0_forCYG,1,R118-P2,R118-P2_P21ACH-S3,WCT-J90004,DKB9365001FN6780K,R118-P2_P21ACH-S3_C00309,1.2.5-F(DVT),DLX9363000EN6R52D,PASS,352,1285,PASS,PASS,352,0x0160,1285,0x0505,A0 02 00 0B 00 00 00 0B,
FXLH,R118,FTPZC00BP3HW,,,,FXLH_F05-4FT-02_1_SW-DOWNLOAD,FAIL,09-14-07:02:31,30.04,V1.1.4.0_forCYG,Scan_SN,FTPZC00BP3HW,,,,,,,,,,,,,,,,,,,,,,
