FATP-FWDL,V1.1.4.0_forCYG
Site, Product, SerialNumber, Special Build Name, Special Build Description, Unit Number, Station ID, Test Pass/Fail Status, StartTime, EndTime, Version, List of Failing Tests,Scan_SN,Start_Data_Reporting,Start_Data_Reporting,Start_Data_Reporting,Start_Data_Reporting,BUILD_EVENT,S_BUILD,WO_SN,SUB_SN,UNIT_LBL,P203_FW_DEV,Read_MLB_SN,Check_MLB_SN,Read_STFW_Version_Before_DL,Read_MTFW_Version_Before_DL,Program_Main_FW,Program_MTFW,Read_Main_FW_Version_After_DL,Read_Main_FW_Version_After_DL,Read_MTFW_After_DL,Read_MTFW_After_DL,Read_CCG3_FW_After_DL,
Upper Limited-------->,,,,,,,,,,,,,,,,,,,,,,,,PASS,,,PASS,PASS,352,,1285,,,
Lower Limited-------->,,,,,,,,,,,,,,,,,,,,,,,,PASS,,,PASS,PASS,352,,1285,,,
Measurement Units---->,,,,,,,,,,,,,,,,,,,,,,,,,NA,NA,,,,,,,,
FXLH,R118,FTPZ9069P3HR,,R118-P2_P21AEN-LHWTE2,,FXLH_F05-4FT-02_1_SW-DOWNLOAD,PASS,09-10-16:35:01,92.43,V1.1.4.0_forCYG,PASS,FTPZ9069P3HR,Atlas 1.9.2,FTPZ9069P3HR,V1.1.4.0_forCYG,1,R118-P2,R118-P2_P21AEN-LHWTE2,WMT-J80009,DKB9357006GN67804,R118-P2_P21AEN-LHWTE2_C00252,1.2.5-F(DVT),DLX9354003QN6R52W,PASS,352,1285,PASS,PASS,352,0x0160,1285,0x0505,A0 01 00 0A 00 0B 00 0A,
