document_version, 1.0
station_name,QT0
station_id,FXLH_F05-4FT-01_2_QT0
station_sw,Atlas
station_sw_version,Atlas

tag,start_time,duration
ScanSN, 1562659508.00, 2.50
Select Wendor, 1562659510.51, 0.01
Start Data Reporting, 1562659510.52, 0.02
PPORION_OVP_OUT_16V_CURR, 1562659510.53, 5.92
PPORION_OVP_OUT_5V2_CURR, 1562659516.45, 7.28
PPORION_RVP_OUT_-16V_CURR, 1562659523.74, 3.13
SYS_IDBUS_6V_VBUS_5V2_CURR, 1562659526.86, 5.50
SYS_IDBUS_6V_VBUS_0V_CURR, 1562659532.37, 4.47
Power On Dut, 1562659536.83, 2.38
Get SFC Info, 1562659539.22, 0.06
KBM_SN, 1562659539.28, 0.00
WO_SN, 1562659539.28, 0.00
UNIT_LBL, 1562659539.28, 0.00
BUILD_EVENT, 1562659539.28, 0.00
BUILD_MATRIX_CONFIG, 1562659539.29, 0.00
UNIT#, 1562659539.29, 0.00
S_BUILD, 1562659539.29, 0.00
BACKLIGHT_SN, 1562659539.29, 0.00
TRACKPAD_SN, 1562659539.30, 0.00
TOUCH_FLEX_SN, 1562659539.30, 0.00
STFW, 1562659539.30, 1.00
TOUCH_FW, 1562659540.30, 0.43
Production_signed_check, 1562659540.73, 0.44
READ_HW_VERSION, 1562659541.18, 0.44
KBD_HW_Layout, 1562659541.62, 0.46
Read_MFI_Address, 1562659542.08, 0.44
System_Critical_Errors, 1562659542.52, 0.43
Critical_Summary, 1562659542.95, 0.44
FW_Update_Critical_Errors, 1562659543.40, 0.45
Grape_Critical_Errors, 1562659543.85, 0.45
Key_Scan_Errors, 1562659544.30, 0.45
USBC_Critical_Errors, 1562659544.75, 0.44
Query_MLB_SN, 1562659545.18, 0.00
Read_MLB_SN, 1562659545.19, 3.58
Check_MLB_SN, 1562659548.77, 0.00
System_Curr_Caps Lock LED is ON, 1562659548.77, 3.56
System_Curr_Caps Lock LED is OFF, 1562659552.33, 4.57
SYS_CURRENT_ALL_RAILS, 1562659556.90, 21.03
SYS_CURRENT_IDLLE, 1562659577.93, 15.24
SysTem_Curr_Led_Brightness_Percent_0, 1562659593.17, 17.99
SysTem_Curr_Led_Brightness_Percent_1, 1562659611.16, 3.55
SysTem_Curr_Led_Brightness_Percent_100, 1562659614.71, 3.99
SysTem_Curr_LEDs to PD 50% brightness, 1562659618.71, 4.51
Finish DRCB, 1562659623.22, 0.13
full_test_durations, 1562659507.98, 115.37
