Related Test,Name-1,Name-2,Name-3,Status,Info,Measurement,Units,Upper Limit,Lower Limit,Relaxed Upper Limit,Relaxed Lower Limit,Limit Units,Start Time,End Time,Duration (s)
ScanSN,,,,,,,,,,,,,Jul 9 2019 4:05:08.0040 PM,Jul 9 2019 4:05:10.5040 PM,2.5006
ScanSN,ScanSN,AtlasApp-Hyperion,show-form,PASS,,,,,,,,,Jul 9 2019 4:05:08.0050 PM,Jul 9 2019 4:05:10.5030 PM,2.4979
Select Wendor,,,,,,,,,,,,,Jul 9 2019 4:05:10.5070 PM,Jul 9 2019 4:05:10.5140 PM,.0068
Select Wendor,Select Wendor,[rpc] test_test,,PASS,,,,,,,,,Jul 9 2019 4:05:10.5080 PM,Jul 9 2019 4:05:10.5130 PM,.0042
Start Data Reporting,,,,,,,,,,,,,Jul 9 2019 4:05:10.5170 PM,Jul 9 2019 4:05:10.5300 PM,.013
Start Data Reporting,Start Data Reporting,DRCB,StartDataReporting,PASS,,,,,,,,,Jul 9 2019 4:05:10.5200 PM,Jul 9 2019 4:05:10.5290 PM,.0088
PPORION_OVP_OUT_16V_CURR,,,,,,,,,,,,,Jul 9 2019 4:05:10.5320 PM,Jul 9 2019 4:05:16.4520 PM,5.9201
PPORION_OVP_OUT_16V_CURR,PPORION_OVP_OUT_16V_CURR,[rpc] myiocontrol_TurnAllOff,,PASS,,,,,,,,,Jul 9 2019 4:05:10.5350 PM,Jul 9 2019 4:05:10.6250 PM,.0899
PPORION_OVP_OUT_16V_CURR,PPORION_OVP_OUT_16V_CURR,"[rpc] dutgpio_set_pin(7,0)",,PASS,,,,,,,,,Jul 9 2019 4:05:10.6260 PM,Jul 9 2019 4:05:10.6290 PM,.0032
PPORION_OVP_OUT_16V_CURR,PPORION_OVP_OUT_16V_CURR,"[rpc] dutgpio_set_pin(7,1)",,PASS,,,,,,,,,Jul 9 2019 4:05:11.1970 PM,Jul 9 2019 4:05:11.2010 PM,.0034
PPORION_OVP_OUT_16V_CURR,PPORION_OVP_OUT_16V_CURR,"[rpc] item_PowerOnDUT(16,0.200000)",,PASS,,,,,,,,,Jul 9 2019 4:05:12.2730 PM,Jul 9 2019 4:05:14.3900 PM,2.1168
PPORION_OVP_OUT_16V_CURR,PPORION_OVP_OUT_16V_CURR,[rpc] item_SysCurrent(100mA),,PASS,,,,,,,,,Jul 9 2019 4:05:14.3910 PM,Jul 9 2019 4:05:16.4510 PM,2.0601
PPORION_OVP_OUT_16V_CURR,PPORION_OVP_OUT_16V_CURR,PPORION_OVP_OUT_16V_CURR,,PASS,,10.4692111727,mA,13,9,,,mA,Jul 9 2019 4:05:16.4520 PM,Jul 9 2019 4:05:16.4520 PM,0
PPORION_OVP_OUT_5V2_CURR,,,,,,,,,,,,,Jul 9 2019 4:05:16.4540 PM,Jul 9 2019 4:05:23.7370 PM,7.283
PPORION_OVP_OUT_5V2_CURR,PPORION_OVP_OUT_5V2_CURR,[rpc] item_ChangeCygPSVol(5.200000),,PASS,,,,,,,,,Jul 9 2019 4:05:16.4560 PM,Jul 9 2019 4:05:16.6100 PM,.1542
PPORION_OVP_OUT_5V2_CURR,PPORION_OVP_OUT_5V2_CURR,[rpc] item_SysCurrent(100mA),,PASS,,,,,,,,,Jul 9 2019 4:05:21.6810 PM,Jul 9 2019 4:05:23.7360 PM,2.0551
PPORION_OVP_OUT_5V2_CURR,PPORION_OVP_OUT_5V2_CURR,PPORION_OVP_OUT_5V2_CURR,,PASS,,7.6361242258,mA,30,7,,,mA,Jul 9 2019 4:05:23.7370 PM,Jul 9 2019 4:05:23.7370 PM,0
PPORION_RVP_OUT_-16V_CURR,,,,,,,,,,,,,Jul 9 2019 4:05:23.7390 PM,Jul 9 2019 4:05:26.8630 PM,3.1237
PPORION_RVP_OUT_-16V_CURR,PPORION_RVP_OUT_-16V_CURR,[rpc] item_ChangeCygPSVol(-16),,PASS,,,,,,,,,Jul 9 2019 4:05:23.7410 PM,Jul 9 2019 4:05:23.8950 PM,.154
PPORION_RVP_OUT_-16V_CURR,PPORION_RVP_OUT_-16V_CURR,[rpc] item_SysCurrent(100mA),,PASS,,,,,,,,,Jul 9 2019 4:05:24.9660 PM,Jul 9 2019 4:05:26.8620 PM,1.8958
PPORION_RVP_OUT_-16V_CURR,PPORION_RVP_OUT_-16V_CURR,PPORION_OVP_OUT_-16V_CURR,,PASS,,-0.0034752398,mA,0.2,-0.2,,,mA,Jul 9 2019 4:05:26.8630 PM,Jul 9 2019 4:05:26.8630 PM,0
SYS_IDBUS_6V_VBUS_5V2_CURR,,,,,,,,,,,,,Jul 9 2019 4:05:26.8650 PM,Jul 9 2019 4:05:32.3650 PM,5.4997
SYS_IDBUS_6V_VBUS_5V2_CURR,SYS_IDBUS_6V_VBUS_5V2_CURR,"[rpc] item_PowerOnIDBusAndVus(6,5.200000)",,PASS,,,,,,,,,Jul 9 2019 4:05:26.8660 PM,Jul 9 2019 4:05:29.2350 PM,2.369
SYS_IDBUS_6V_VBUS_5V2_CURR,SYS_IDBUS_6V_VBUS_5V2_CURR,[rpc] item_SysCurrent(100mA),,PASS,,,,,,,,,Jul 9 2019 4:05:30.3060 PM,Jul 9 2019 4:05:32.3640 PM,2.0573
SYS_IDBUS_6V_VBUS_5V2_CURR,SYS_IDBUS_6V_VBUS_5V2_CURR,SYS_IDBUS_6V_VBUS_5V2_CURR,,PASS,,0.2590857015,mA,2,0.19,,,mA,Jul 9 2019 4:05:32.3650 PM,Jul 9 2019 4:05:32.3650 PM,0
SYS_IDBUS_6V_VBUS_0V_CURR,,,,,,,,,,,,,Jul 9 2019 4:05:32.3670 PM,Jul 9 2019 4:05:36.8330 PM,4.4664
SYS_IDBUS_6V_VBUS_0V_CURR,SYS_IDBUS_6V_VBUS_0V_CURR,"[rpc] item_PowerOnIDBusAndVus(6,0)",,PASS,,,,,,,,,Jul 9 2019 4:05:32.3680 PM,Jul 9 2019 4:05:34.7460 PM,2.3787
SYS_IDBUS_6V_VBUS_0V_CURR,SYS_IDBUS_6V_VBUS_0V_CURR,[rpc] psu_setPSU_Disable,,PASS,,,,,,,,,Jul 9 2019 4:05:34.7480 PM,Jul 9 2019 4:05:34.7590 PM,.0115
SYS_IDBUS_6V_VBUS_0V_CURR,SYS_IDBUS_6V_VBUS_0V_CURR,[rpc] item_SysCurrent(100mA),,PASS,,,,,,,,,Jul 9 2019 4:05:34.7610 PM,Jul 9 2019 4:05:36.8170 PM,2.0563
SYS_IDBUS_6V_VBUS_0V_CURR,SYS_IDBUS_6V_VBUS_0V_CURR,[rpc] item_PowerOffVbus,,PASS,,,,,,,,,Jul 9 2019 4:05:36.8190 PM,Jul 9 2019 4:05:36.8320 PM,.0132
SYS_IDBUS_6V_VBUS_0V_CURR,SYS_IDBUS_6V_VBUS_0V_CURR,SYS_IDBUS_6V_VBUS_0V_CURR,,PASS,,0.2013395958,mA,0.23,0.18,,,mA,Jul 9 2019 4:05:36.8330 PM,Jul 9 2019 4:05:36.8330 PM,0
Power On Dut,,,,,,,,,,,,,Jul 9 2019 4:05:36.8350 PM,Jul 9 2019 4:05:39.2140 PM,2.3794
Power On Dut,Power On Dut,[rpc] myiocontrol_TurnAllOff,,PASS,,,,,,,,,Jul 9 2019 4:05:36.8360 PM,Jul 9 2019 4:05:36.9260 PM,.0898
Power On Dut,Power On Dut,[rpc] item_PowerOnDUT(4.800000),,PASS,,,,,,,,,Jul 9 2019 4:05:36.9270 PM,Jul 9 2019 4:05:39.0440 PM,2.1167
Power On Dut,Power On Dut,[rpc] cyg_ps_SetlimitCurr(0.500000),,PASS,,,,,,,,,Jul 9 2019 4:05:39.0460 PM,Jul 9 2019 4:05:39.2010 PM,.1549
Power On Dut,Power On Dut,"[rpc] dutgpio_set_pin(7,1)",,PASS,,,,,,,,,Jul 9 2019 4:05:39.2020 PM,Jul 9 2019 4:05:39.2050 PM,.0034
Power On Dut,Power On Dut,"[rpc] myiocontrol_set_Bit(24,1)",,PASS,,,,,,,,,Jul 9 2019 4:05:39.2070 PM,Jul 9 2019 4:05:39.2140 PM,.0066
Get SFC Info,,,,,,,,,,,,,Jul 9 2019 4:05:39.2160 PM,Jul 9 2019 4:05:39.2770 PM,.0605
Get SFC Info,Get SFC Info,SFCSupport,getAttributes,PASS,,,,,,,,,Jul 9 2019 4:05:39.2180 PM,Jul 9 2019 4:05:39.2440 PM,.0259
Get SFC Info,Get SFC Info,GET SFC info - wo_no,WCS-J6000D,PASS,,,,,,,,,Jul 9 2019 4:05:39.2450 PM,Jul 9 2019 4:05:39.2450 PM,0
Get SFC Info,Get SFC Info,SFCSupport,getAttributes-2,PASS,,,,,,,,,Jul 9 2019 4:05:39.2460 PM,Jul 9 2019 4:05:39.2490 PM,.003
Get SFC Info,Get SFC Info,GET SFC info - unit_lbl,R128-P1_P12-M4_P00276,PASS,,,,,,,,,Jul 9 2019 4:05:39.2500 PM,Jul 9 2019 4:05:39.2500 PM,0
Get SFC Info,Get SFC Info,SFCSupport,getAttributes-3,PASS,,,,,,,,,Jul 9 2019 4:05:39.2510 PM,Jul 9 2019 4:05:39.2550 PM,.0041
Get SFC Info,Get SFC Info,GET SFC info - mlb_sn,DLX9246008DN4731M,PASS,,,,,,,,,Jul 9 2019 4:05:39.2560 PM,Jul 9 2019 4:05:39.2560 PM,0
Get SFC Info,Get SFC Info,SFCSupport,getAttributes-4,PASS,,,,,,,,,Jul 9 2019 4:05:39.2570 PM,Jul 9 2019 4:05:39.2600 PM,.0036
Get SFC Info,Get SFC Info,GET SFC info - kbm_sn,C4P9206006XJCPQ37,PASS,,,,,,,,,Jul 9 2019 4:05:39.2610 PM,Jul 9 2019 4:05:39.2610 PM,0
Get SFC Info,Get SFC Info,SFCSupport,getAttributes-5,PASS,,,,,,,,,Jul 9 2019 4:05:39.2620 PM,Jul 9 2019 4:05:39.2660 PM,.0039
Get SFC Info,Get SFC Info,GET SFC info - trackpad_sn,FM79225001EKG9X4M+A7J,PASS,,,,,,,,,Jul 9 2019 4:05:39.2670 PM,Jul 9 2019 4:05:39.2670 PM,0
Get SFC Info,Get SFC Info,SFCSupport,getAttributes-6,PASS,,,,,,,,,Jul 9 2019 4:05:39.2680 PM,Jul 9 2019 4:05:39.2710 PM,.003
Get SFC Info,Get SFC Info,GET SFC info - backlight_sn,GV29245009FN5TG1A,PASS,,,,,,,,,Jul 9 2019 4:05:39.2710 PM,Jul 9 2019 4:05:39.2710 PM,0
Get SFC Info,Get SFC Info,SFCSupport,getAttributes-7,PASS,,,,,,,,,Jul 9 2019 4:05:39.2730 PM,Jul 9 2019 4:05:39.2760 PM,.0031
Get SFC Info,Get SFC Info,GET SFC info - touch_flex_sn,TOU92530025JFK01A,PASS,,,,,,,,,Jul 9 2019 4:05:39.2760 PM,Jul 9 2019 4:05:39.2760 PM,0
KBM_SN,,,,,,,,,,,,,Jul 9 2019 4:05:39.2790 PM,Jul 9 2019 4:05:39.2800 PM,.0007
KBM_SN,KBM_SN,KBM_SN,,PASS,,,,,,,,,Jul 9 2019 4:05:39.2800 PM,Jul 9 2019 4:05:39.2800 PM,0
WO_SN,,,,,,,,,,,,,Jul 9 2019 4:05:39.2810 PM,Jul 9 2019 4:05:39.2820 PM,.0005
WO_SN,WO_SN,WO_SN,WCS-J6000D,PASS,,,,,,,,,Jul 9 2019 4:05:39.2820 PM,Jul 9 2019 4:05:39.2820 PM,0
UNIT_LBL,,,,,,,,,,,,,Jul 9 2019 4:05:39.2830 PM,Jul 9 2019 4:05:39.2840 PM,.0005
UNIT_LBL,UNIT_LBL,UNIT_LBL,R128-P1_P12-M4_P00276,PASS,,,,,,,,,Jul 9 2019 4:05:39.2840 PM,Jul 9 2019 4:05:39.2840 PM,0
BUILD_EVENT,,,,,,,,,,,,,Jul 9 2019 4:05:39.2850 PM,Jul 9 2019 4:05:39.2860 PM,.0005
BUILD_EVENT,BUILD_EVENT,BUILD_EVENT: ,R128-P1,PASS,,,,,,,,,Jul 9 2019 4:05:39.2860 PM,Jul 9 2019 4:05:39.2860 PM,0
BUILD_MATRIX_CONFIG,,,,,,,,,,,,,Jul 9 2019 4:05:39.2870 PM,Jul 9 2019 4:05:39.2880 PM,.0005
BUILD_MATRIX_CONFIG,BUILD_MATRIX_CONFIG,BUILD_MATRIC_CONFIG: ,P12-M4,PASS,,,,,,,,,Jul 9 2019 4:05:39.2880 PM,Jul 9 2019 4:05:39.2880 PM,0
UNIT#,,,,,,,,,,,,,Jul 9 2019 4:05:39.2900 PM,Jul 9 2019 4:05:39.2900 PM,.0005
UNIT#,UNIT#,UNIT#: ,P00276,PASS,,,,,,,,,Jul 9 2019 4:05:39.2900 PM,Jul 9 2019 4:05:39.2900 PM,0
S_BUILD,,,,,,,,,,,,,Jul 9 2019 4:05:39.2920 PM,Jul 9 2019 4:05:39.2920 PM,.0005
S_BUILD,S_BUILD,S_BUILD: ,R128-P1_P12-M4,PASS,,,,,,,,,Jul 9 2019 4:05:39.2920 PM,Jul 9 2019 4:05:39.2920 PM,0
BACKLIGHT_SN,,,,,,,,,,,,,Jul 9 2019 4:05:39.2940 PM,Jul 9 2019 4:05:39.2940 PM,.0005
BACKLIGHT_SN,BACKLIGHT_SN,BACKLIGHT_SN,GV29245009FN5TG1A,PASS,,,,,,,,,Jul 9 2019 4:05:39.2940 PM,Jul 9 2019 4:05:39.2940 PM,0
TRACKPAD_SN,,,,,,,,,,,,,Jul 9 2019 4:05:39.2960 PM,Jul 9 2019 4:05:39.2960 PM,.0004
TRACKPAD_SN,TRACKPAD_SN,TRACKPAD_SN,FM79225001EKG9X4M+A7J,PASS,,,,,,,,,Jul 9 2019 4:05:39.2960 PM,Jul 9 2019 4:05:39.2960 PM,0
TOUCH_FLEX_SN,,,,,,,,,,,,,Jul 9 2019 4:05:39.2980 PM,Jul 9 2019 4:05:39.2980 PM,.0004
TOUCH_FLEX_SN,TOUCH_FLEX_SN,TOUCH_FLEX_SN,TOU92530025JFK01A,PASS,,,,,,,,,Jul 9 2019 4:05:39.2980 PM,Jul 9 2019 4:05:39.2980 PM,0
STFW,,,,,,,,,,,,,Jul 9 2019 4:05:39.3000 PM,Jul 9 2019 4:05:40.2980 PM,.9981
STFW,STFW,[Hid] /usr/local/bin/hidreport -v 0x05ac -p 0x026F -i 0 get 0xB4,,PASS,,,,,,,,,Jul 9 2019 4:05:39.3400 PM,Jul 9 2019 4:05:39.3400 PM,0
STFW,STFW,[Hid] /usr/local/bin/hidreport -v 0x05ac -p 0x026F -i 0 get 0xB4-2,,PASS,,,,,,,,,Jul 9 2019 4:05:39.9080 PM,Jul 9 2019 4:05:39.9080 PM,0
STFW,STFW,STFW,0x0080,PASS,,,,,,,,,Jul 9 2019 4:05:40.2980 PM,Jul 9 2019 4:05:40.2980 PM,0
TOUCH_FW,,,,,,,,,,,,,Jul 9 2019 4:05:40.3000 PM,Jul 9 2019 4:05:40.7320 PM,.432
TOUCH_FW,TOUCH_FW,[Hid] /usr/local/bin/hidreport -v 0x05ac -p 0x026F -i 0 get 0xBB,,PASS,,,,,,,,,Jul 9 2019 4:05:40.3510 PM,Jul 9 2019 4:05:40.3510 PM,0
TOUCH_FW,TOUCH_FW,Touch_FW,0x0497,PASS,,,,,,,,,Jul 9 2019 4:05:40.7320 PM,Jul 9 2019 4:05:40.7320 PM,0
Production_signed_check,,,,,,,,,,,,,Jul 9 2019 4:05:40.7340 PM,Jul 9 2019 4:05:41.1760 PM,.4418
Production_signed_check,Production_signed_check,[Hid] /usr/local/bin/hidreport -v 0x05ac -p 0x026F -i 0 get 0x13,,PASS,,,,,,,,,Jul 9 2019 4:05:40.7840 PM,Jul 9 2019 4:05:40.7840 PM,0
Production_signed_check,Production_signed_check,Production_signed_check,0x00,PASS,,,,,,,,,Jul 9 2019 4:05:41.1760 PM,Jul 9 2019 4:05:41.1760 PM,0
READ_HW_VERSION,,,,,,,,,,,,,Jul 9 2019 4:05:41.1780 PM,Jul 9 2019 4:05:41.6160 PM,.4381
READ_HW_VERSION,READ_HW_VERSION,[Hid] /usr/local/bin/hidreport -v 0x05ac -p 0x026F -i 0 get 0xbc,,PASS,,,,,,,,,Jul 9 2019 4:05:41.2280 PM,Jul 9 2019 4:05:41.2280 PM,0
READ_HW_VERSION,READ_HW_VERSION,READ_HW_VERSION,0x0001,PASS,,,,,,,,,Jul 9 2019 4:05:41.6160 PM,Jul 9 2019 4:05:41.6160 PM,0
KBD_HW_Layout,,,,,,,,,,,,,Jul 9 2019 4:05:41.6180 PM,Jul 9 2019 4:05:42.0780 PM,.4599
KBD_HW_Layout,KBD_HW_Layout,[Hid] /usr/local/bin/hidreport -v 0x05ac -p 0x026F -i 1 get 0x04,,PASS,,,,,,,,,Jul 9 2019 4:05:41.6740 PM,Jul 9 2019 4:05:41.6740 PM,0
KBD_HW_Layout,KBD_HW_Layout,KBD_HW_Layout,0x21,PASS,,,,,,,,,Jul 9 2019 4:05:42.0780 PM,Jul 9 2019 4:05:42.0780 PM,0
Read_MFI_Address,,,,,,,,,,,,,Jul 9 2019 4:05:42.0800 PM,Jul 9 2019 4:05:42.5200 PM,.4399
Read_MFI_Address,Read_MFI_Address,[Hid] /usr/local/bin/hidreport -v 0x05ac -p 0x026F -i 0 get 0x5E,,PASS,,,,,,,,,Jul 9 2019 4:05:42.1300 PM,Jul 9 2019 4:05:42.1300 PM,0
Read_MFI_Address,Read_MFI_Address,Read_MFI_Address,0x10,PASS,,,,,,,,,Jul 9 2019 4:05:42.5200 PM,Jul 9 2019 4:05:42.5200 PM,0
System_Critical_Errors,,,,,,,,,,,,,Jul 9 2019 4:05:42.5220 PM,Jul 9 2019 4:05:42.9520 PM,.4299
System_Critical_Errors,System_Critical_Errors,[Hid] /usr/local/bin/hidreport -pid 0x026F -i 0 get 0xE1,,PASS,,,,,,,,,Jul 9 2019 4:05:42.5710 PM,Jul 9 2019 4:05:42.5710 PM,0
System_Critical_Errors,System_Critical_Errors,System_Critical_Errors,00 00 22 00 00 00 00 00 00 ,PASS,,,,,,,,,Jul 9 2019 4:05:42.9510 PM,Jul 9 2019 4:05:42.9510 PM,0
Critical_Summary,,,,,,,,,,,,,Jul 9 2019 4:05:42.9540 PM,Jul 9 2019 4:05:43.3940 PM,.4403
Critical_Summary,Critical_Summary,[Hid] /usr/local/bin/hidreport -pid 0x026F -i 0 get 0xE0,,PASS,,,,,,,,,Jul 9 2019 4:05:43.0030 PM,Jul 9 2019 4:05:43.0030 PM,0
Critical_Summary,Critical_Summary,Critical_Summary,00 00 00 01 ,PASS,,,,,,,,,Jul 9 2019 4:05:43.3940 PM,Jul 9 2019 4:05:43.3940 PM,0
FW_Update_Critical_Errors,,,,,,,,,,,,,Jul 9 2019 4:05:43.3970 PM,Jul 9 2019 4:05:43.8460 PM,.4489
FW_Update_Critical_Errors,FW_Update_Critical_Errors,[Hid] /usr/local/bin/hidreport -pid 0x026F -i 0 get 0xE2,,PASS,,,,,,,,,Jul 9 2019 4:05:43.4500 PM,Jul 9 2019 4:05:43.4500 PM,0
FW_Update_Critical_Errors,FW_Update_Critical_Errors,FW_Update_Critical_Errors,00 00 00 00 00 00 00 00 00 00 00 00 ,PASS,,,,,,,,,Jul 9 2019 4:05:43.8460 PM,Jul 9 2019 4:05:43.8460 PM,0
Grape_Critical_Errors,,,,,,,,,,,,,Jul 9 2019 4:05:43.8480 PM,Jul 9 2019 4:05:44.2990 PM,.4506
Grape_Critical_Errors,Grape_Critical_Errors,[Hid] /usr/local/bin/hidreport -pid 0x026F -i 0 get 0xE5,,PASS,,,,,,,,,Jul 9 2019 4:05:43.9040 PM,Jul 9 2019 4:05:43.9040 PM,0
Grape_Critical_Errors,Grape_Critical_Errors,Grape_Critical_Errors,01 00 00 00 00 00 00 00 00 00 00 00 00 00 00 00 00 00 00 00 00 00 00 00 00 00 00 00 01 00 00 00 00 00 00 00 ,PASS,,,,,,,,,Jul 9 2019 4:05:44.2990 PM,Jul 9 2019 4:05:44.2990 PM,0
Key_Scan_Errors,,,,,,,,,,,,,Jul 9 2019 4:05:44.3010 PM,Jul 9 2019 4:05:44.7450 PM,.444
Key_Scan_Errors,Key_Scan_Errors,[Hid] /usr/local/bin/hidreport -pid 0x026F -i 0 get 0xE7,,PASS,,,,,,,,,Jul 9 2019 4:05:44.3540 PM,Jul 9 2019 4:05:44.3540 PM,0
Key_Scan_Errors,Key_Scan_Errors,Key_Scan_Errors,01 01 00 00 00 00 00 00 00 00 00 00 00 00 00 ,PASS,,,,,,,,,Jul 9 2019 4:05:44.7440 PM,Jul 9 2019 4:05:44.7440 PM,0
USBC_Critical_Errors,,,,,,,,,,,,,Jul 9 2019 4:05:44.7470 PM,Jul 9 2019 4:05:45.1820 PM,.4352
USBC_Critical_Errors,USBC_Critical_Errors,[Hid] /usr/local/bin/hidreport -pid 0x026F -i 0 get 0xE3,,PASS,,,,,,,,,Jul 9 2019 4:05:44.7960 PM,Jul 9 2019 4:05:44.7960 PM,0
USBC_Critical_Errors,USBC_Critical_Errors,USBC_Critical_Errors,01 00 00 00 00 00 00 00 00 00 00 00 00 00 00 ,PASS,,,,,,,,,Jul 9 2019 4:05:45.1820 PM,Jul 9 2019 4:05:45.1820 PM,0
Query_MLB_SN,,,,,,,,,,,,,Jul 9 2019 4:05:45.1840 PM,Jul 9 2019 4:05:45.1840 PM,.0005
Query_MLB_SN,Query_MLB_SN,Query_MLB_SN,,PASS,,,,,,,,,Jul 9 2019 4:05:45.1840 PM,Jul 9 2019 4:05:45.1840 PM,0
Read_MLB_SN,,,,,,,,,,,,,Jul 9 2019 4:05:45.1860 PM,Jul 9 2019 4:05:48.7640 PM,3.5779
Read_MLB_SN,Read_MLB_SN,"[rpc] dutgpio_set_pin(7,0)",,PASS,,,,,,,,,Jul 9 2019 4:05:45.1870 PM,Jul 9 2019 4:05:45.1910 PM,.0033
Read_MLB_SN,Read_MLB_SN,"[rpc] dutgpio_set_pin(7,1)",,PASS,,,,,,,,,Jul 9 2019 4:05:46.2580 PM,Jul 9 2019 4:05:46.2610 PM,.0034
Read_MLB_SN,Read_MLB_SN,[Hid] /usr/local/bin/hidreport -v 0x05ac -p 0x026F -i 0 get 0x12,,PASS,,,,,,,,,Jul 9 2019 4:05:48.3770 PM,Jul 9 2019 4:05:48.3770 PM,0
Read_MLB_SN,Read_MLB_SN,Read_MLB_SN,DLX9246008DN4731M,PASS,,,,,,,,,Jul 9 2019 4:05:48.7640 PM,Jul 9 2019 4:05:48.7640 PM,0
Check_MLB_SN,,,,,,,,,,,,,Jul 9 2019 4:05:48.7660 PM,Jul 9 2019 4:05:48.7670 PM,.0008
Check_MLB_SN,Check_MLB_SN,Check_MLB_SN,read: DLX9246008DN4731M-sfc: DLX9246008DN4731M,PASS,,,,,,,,,Jul 9 2019 4:05:48.7670 PM,Jul 9 2019 4:05:48.7670 PM,0
System_Curr_Caps Lock LED is ON,,,,,,,,,,,,,Jul 9 2019 4:05:48.7690 PM,Jul 9 2019 4:05:52.3300 PM,3.5609
System_Curr_Caps Lock LED is ON,System_Curr_Caps Lock LED is ON,"[Hid] /usr/local/bin/hidreport -p 0x026F -v 0x5ac -usage 0xff00,0xb set 0xCE 0xCE 3 3 0",,PASS,,,,,,,,,Jul 9 2019 4:05:48.8180 PM,Jul 9 2019 4:05:48.8180 PM,0
System_Curr_Caps Lock LED is ON,System_Curr_Caps Lock LED is ON,[rpc] item_SysCurrent(100mA),,PASS,,,,,,,,,Jul 9 2019 4:05:50.2690 PM,Jul 9 2019 4:05:52.3280 PM,2.0591
System_Curr_Caps Lock LED is ON,System_Curr_Caps Lock LED is ON,System_Curr_Caps Lock LED is ON,,PASS,,27.6552413962,mA,49.9,22.9,,,mA,Jul 9 2019 4:05:52.3290 PM,Jul 9 2019 4:05:52.3290 PM,0
System_Curr_Caps Lock LED is OFF,,,,,,,,,,,,,Jul 9 2019 4:05:52.3320 PM,Jul 9 2019 4:05:56.8980 PM,4.5659
System_Curr_Caps Lock LED is OFF,System_Curr_Caps Lock LED is OFF,"[Hid] /usr/local/bin/hidreport -p 0x026F -v 0x5ac -usage 0xff00,0xb set 0xCE 0xCE 3 3 1",,PASS,,,,,,,,,Jul 9 2019 4:05:52.3750 PM,Jul 9 2019 4:05:52.3750 PM,0
System_Curr_Caps Lock LED is OFF,System_Curr_Caps Lock LED is OFF,[rpc] item_SysCurrent(100mA),,PASS,,,,,,,,,Jul 9 2019 4:05:54.8350 PM,Jul 9 2019 4:05:56.8960 PM,2.0614
System_Curr_Caps Lock LED is OFF,System_Curr_Caps Lock LED is OFF,System_Curr_Caps Lock LED is OFF,,PASS,,8.784732785099999,mA,30,7,,,mA,Jul 9 2019 4:05:56.8970 PM,Jul 9 2019 4:05:56.8970 PM,0
SYS_CURRENT_ALL_RAILS,,,,,,,,,,,,,Jul 9 2019 4:05:56.8990 PM,Jul 9 2019 4:06:17.9310 PM,21.0314
SYS_CURRENT_ALL_RAILS,SYS_CURRENT_ALL_RAILS,[rpc] cyg_ps_SetPsOff,,PASS,,,,,,,,,Jul 9 2019 4:05:56.9010 PM,Jul 9 2019 4:05:57.0550 PM,.1548
SYS_CURRENT_ALL_RAILS,SYS_CURRENT_ALL_RAILS,[rpc] myiocontrol_TurnAllOff,,PASS,,,,,,,,,Jul 9 2019 4:05:57.0570 PM,Jul 9 2019 4:05:57.1470 PM,.0894
SYS_CURRENT_ALL_RAILS,SYS_CURRENT_ALL_RAILS,"[rpc] dutgpio_set_pin(7,0)",,PASS,,,,,,,,,Jul 9 2019 4:05:57.1480 PM,Jul 9 2019 4:05:57.1510 PM,.0033
SYS_CURRENT_ALL_RAILS,SYS_CURRENT_ALL_RAILS,"[rpc] dutgpio_set_pin(7,1)",,PASS,,,,,,,,,Jul 9 2019 4:05:57.1530 PM,Jul 9 2019 4:05:57.1560 PM,.0033
SYS_CURRENT_ALL_RAILS,SYS_CURRENT_ALL_RAILS,[rpc] item_PowerOnDUT(4.800000),,PASS,,,,,,,,,Jul 9 2019 4:05:57.1580 PM,Jul 9 2019 4:05:59.2710 PM,2.1136
SYS_CURRENT_ALL_RAILS,SYS_CURRENT_ALL_RAILS,[rpc] cyg_ps_SetlimitCurr(0.500000),,PASS,,,,,,,,,Jul 9 2019 4:05:59.2730 PM,Jul 9 2019 4:05:59.4280 PM,.155
SYS_CURRENT_ALL_RAILS,SYS_CURRENT_ALL_RAILS,"[rpc] myiocontrol_set_Bit(22,0)",,PASS,,,,,,,,,Jul 9 2019 4:05:59.4290 PM,Jul 9 2019 4:05:59.4360 PM,.0065
SYS_CURRENT_ALL_RAILS,SYS_CURRENT_ALL_RAILS,[rpc] item_ConnectAIDToP203,,PASS,,,,,,,,,Jul 9 2019 4:05:59.4370 PM,Jul 9 2019 4:05:59.4440 PM,.0065
SYS_CURRENT_ALL_RAILS,SYS_CURRENT_ALL_RAILS,"[Hid] /usr/local/bin/hidreport -p 0x026F -v 0x5ac -usage 0xff00,0xf set 0x1 0x1",,PASS,,,,,,,,,Jul 9 2019 4:06:02.5690 PM,Jul 9 2019 4:06:02.5690 PM,0
SYS_CURRENT_ALL_RAILS,SYS_CURRENT_ALL_RAILS,"[Hid] /usr/local/bin/hidreport -p 0x026F -v 0x5ac -usage 0xff00,0xb set 0xCE 0xCE 3 3 0",,PASS,,,,,,,,,Jul 9 2019 4:06:03.0010 PM,Jul 9 2019 4:06:03.0010 PM,0
SYS_CURRENT_ALL_RAILS,SYS_CURRENT_ALL_RAILS,"[Hid] /usr/local/bin/hidreport -p 0x026F -v 0x5ac -usage 0xFF00,0xb set 0xCE 0xCE 1 5 0",,PASS,,,,,,,,,Jul 9 2019 4:06:03.4320 PM,Jul 9 2019 4:06:03.4320 PM,0
SYS_CURRENT_ALL_RAILS,SYS_CURRENT_ALL_RAILS,"[Hid] /usr/local/bin/hidreport -p 0x026F -v 0x5ac -usage 0xff00,0xb set 0xce 0xce 1 6 0 123",,PASS,,,,,,,,,Jul 9 2019 4:06:03.9180 PM,Jul 9 2019 4:06:03.9180 PM,0
SYS_CURRENT_ALL_RAILS,SYS_CURRENT_ALL_RAILS,"[Hid] /usr/local/bin/hidreport -p 0x026F -v 0x5ac -usage 0xff00,0xb set 0xce 0xce 1 6 0 123-2",,PASS,,,,,,,,,Jul 9 2019 4:06:04.5450 PM,Jul 9 2019 4:06:04.5450 PM,0
SYS_CURRENT_ALL_RAILS,SYS_CURRENT_ALL_RAILS,"[Hid] /usr/local/bin/hidreport -p 0x026F -v 0x5ac -usage 0xff00,0xb set 0xce 0xce 1 6 0 123-3",,PASS,,,,,,,,,Jul 9 2019 4:06:05.1700 PM,Jul 9 2019 4:06:05.1700 PM,0
SYS_CURRENT_ALL_RAILS,SYS_CURRENT_ALL_RAILS,"[rpc] dutgpio_set_pin(7,0)-2",,PASS,,,,,,,,,Jul 9 2019 4:06:05.7550 PM,Jul 9 2019 4:06:05.7580 PM,.0036
SYS_CURRENT_ALL_RAILS,SYS_CURRENT_ALL_RAILS,"[rpc] dutgpio_set_pin(7,1)-2",,PASS,,,,,,,,,Jul 9 2019 4:06:08.8310 PM,Jul 9 2019 4:06:08.8350 PM,.0035
SYS_CURRENT_ALL_RAILS,SYS_CURRENT_ALL_RAILS,"[Hid] /usr/local/bin/hidreport -p 0x026F -v 0x5ac -usage 0xff00,0xb set 0xce 0xce 1 6 0 123-4",,PASS,,,,,,,,,Jul 9 2019 4:06:10.9460 PM,Jul 9 2019 4:06:10.9460 PM,0
SYS_CURRENT_ALL_RAILS,SYS_CURRENT_ALL_RAILS,"[Hid] /usr/local/bin/hidreport -p 0x026F -v 0x5ac -usage 0xff00,0xb set 0xce 0xce 1 6 0 123-5",,PASS,,,,,,,,,Jul 9 2019 4:06:11.5770 PM,Jul 9 2019 4:06:11.5770 PM,0
SYS_CURRENT_ALL_RAILS,SYS_CURRENT_ALL_RAILS,"[Hid] /usr/local/bin/hidreport -p 0x026F -v 0x5ac -usage 0xff00,0xb set 0xce 0xce 1 6 0 123-6",,PASS,,,,,,,,,Jul 9 2019 4:06:12.1980 PM,Jul 9 2019 4:06:12.1980 PM,0
SYS_CURRENT_ALL_RAILS,SYS_CURRENT_ALL_RAILS,"[rpc] dutgpio_set_pin(7,0)-3",,PASS,,,,,,,,,Jul 9 2019 4:06:12.7830 PM,Jul 9 2019 4:06:12.7860 PM,.0035
SYS_CURRENT_ALL_RAILS,SYS_CURRENT_ALL_RAILS,"[rpc] dutgpio_set_pin(7,1)-3",,PASS,,,,,,,,,Jul 9 2019 4:06:15.8600 PM,Jul 9 2019 4:06:15.8630 PM,.0035
SYS_CURRENT_ALL_RAILS,SYS_CURRENT_ALL_RAILS,,,FAIL,"FAIL_CMD : /usr/local/bin/hidreport -p 0x026F -v 0x5ac -usage 0xff00,0xb set 0xce 0xce 1 6 0 123",,,,,,,,Jul 9 2019 4:06:17.9310 PM,Jul 9 2019 4:06:17.9310 PM,0
SYS_CURRENT_IDLLE,,,,,,,,,,,,,Jul 9 2019 4:06:17.9340 PM,Jul 9 2019 4:06:33.1710 PM,15.2369
SYS_CURRENT_IDLLE,SYS_CURRENT_IDLLE,"[rpc] dutgpio_set_pin(7,0)",,PASS,,,,,,,,,Jul 9 2019 4:06:17.9350 PM,Jul 9 2019 4:06:17.9390 PM,.0037
SYS_CURRENT_IDLLE,SYS_CURRENT_IDLLE,"[rpc] dutgpio_set_pin(7,1)",,PASS,,,,,,,,,Jul 9 2019 4:06:19.0070 PM,Jul 9 2019 4:06:19.0100 PM,.0035
SYS_CURRENT_IDLLE,SYS_CURRENT_IDLLE,"[Hid] /usr/local/bin/hidreport -p 0x026F -v 0x5ac -usage 0xff00,0xb set 0xce 0xce 5 2 1",,PASS,,,,,,,,,Jul 9 2019 4:06:21.1150 PM,Jul 9 2019 4:06:21.1150 PM,0
SYS_CURRENT_IDLLE,SYS_CURRENT_IDLLE,"[Hid] /usr/local/bin/hidreport -p 0x026F -v 0x5ac -usage 0xff00,0xb set 0xce 0xce 5 2 1-2",,PASS,,,,,,,,,Jul 9 2019 4:06:21.7370 PM,Jul 9 2019 4:06:21.7370 PM,0
SYS_CURRENT_IDLLE,SYS_CURRENT_IDLLE,"[Hid] /usr/local/bin/hidreport -p 0x026F -v 0x5ac -usage 0xff00,0xb set 0xce 0xce 5 2 1-3",,PASS,,,,,,,,,Jul 9 2019 4:06:22.3610 PM,Jul 9 2019 4:06:22.3610 PM,0
SYS_CURRENT_IDLLE,SYS_CURRENT_IDLLE,"[rpc] dutgpio_set_pin(7,0)-2",,PASS,,,,,,,,,Jul 9 2019 4:06:22.9500 PM,Jul 9 2019 4:06:22.9530 PM,.0035
SYS_CURRENT_IDLLE,SYS_CURRENT_IDLLE,"[rpc] dutgpio_set_pin(7,1)-2",,PASS,,,,,,,,,Jul 9 2019 4:06:26.0270 PM,Jul 9 2019 4:06:26.0310 PM,.0035
SYS_CURRENT_IDLLE,SYS_CURRENT_IDLLE,"[Hid] /usr/local/bin/hidreport -p 0x026F -v 0x5ac -usage 0xff00,0xb set 0xce 0xce 5 2 1-4",,PASS,,,,,,,,,Jul 9 2019 4:06:28.1420 PM,Jul 9 2019 4:06:28.1420 PM,0
SYS_CURRENT_IDLLE,SYS_CURRENT_IDLLE,"[Hid] /usr/local/bin/hidreport -p 0x026F -v 0x5ac -usage 0xff00,0xb set 0xce 0xce 2 3 1",,PASS,,,,,,,,,Jul 9 2019 4:06:28.5720 PM,Jul 9 2019 4:06:28.5720 PM,0
SYS_CURRENT_IDLLE,SYS_CURRENT_IDLLE,"[Hid] /usr/local/bin/hidreport -p 0x026F -v 0x5ac -usage 0xff00,0xb set 0xCE 0xCE 3 3 1",,PASS,,,,,,,,,Jul 9 2019 4:06:29.0040 PM,Jul 9 2019 4:06:29.0040 PM,0
SYS_CURRENT_IDLLE,SYS_CURRENT_IDLLE,"[Hid] /usr/local/bin/hidreport -p 0x026F -v 0x5ac -usage 0xFF00,0xb set 0xCE 0xCE 1 5 1",,PASS,,,,,,,,,Jul 9 2019 4:06:29.4380 PM,Jul 9 2019 4:06:29.4380 PM,0
SYS_CURRENT_IDLLE,SYS_CURRENT_IDLLE,"[Hid] /usr/local/bin/hidreport -p 0x026F -v 0x5ac -usage 0xff00,0xb set 0xce 0xce 1 6 1",,PASS,,,,,,,,,Jul 9 2019 4:06:29.8710 PM,Jul 9 2019 4:06:29.8710 PM,0
SYS_CURRENT_IDLLE,SYS_CURRENT_IDLLE,"[Hid] /usr/local/bin/hidreport -p 0x026F -v 0x5ac -usage 0xFF00,0xb set 0xce 0xce 3 7 1",,PASS,,,,,,,,,Jul 9 2019 4:06:30.3030 PM,Jul 9 2019 4:06:30.3030 PM,0
SYS_CURRENT_IDLLE,SYS_CURRENT_IDLLE,"[Hid] /usr/local/bin/hidreport -p 0x026F -v 0x5ac -usage 0xff00,0xb set 0xce 0xce 6 6 1",,PASS,,,,,,,,,Jul 9 2019 4:06:30.7350 PM,Jul 9 2019 4:06:30.7350 PM,0
SYS_CURRENT_IDLLE,SYS_CURRENT_IDLLE,[rpc] item_SysCurrent(1000mA),,PASS,,,,,,,,,Jul 9 2019 4:06:31.1250 PM,Jul 9 2019 4:06:33.1690 PM,2.0448
SYS_CURRENT_IDLLE,SYS_CURRENT_IDLLE,SYS_CURRENT_IDLLE,,PASS,,7.8356197923,mA,30,7,,,mA,Jul 9 2019 4:06:33.1700 PM,Jul 9 2019 4:06:33.1700 PM,0
SysTem_Curr_Led_Brightness_Percent_0,,,,,,,,,,,,,Jul 9 2019 4:06:33.1730 PM,Jul 9 2019 4:06:51.1610 PM,17.9876
SysTem_Curr_Led_Brightness_Percent_0,SysTem_Curr_Led_Brightness_Percent_0,[rpc] cyg_ps_SetPsOff,,PASS,,,,,,,,,Jul 9 2019 4:06:33.1740 PM,Jul 9 2019 4:06:33.3280 PM,.1538
SysTem_Curr_Led_Brightness_Percent_0,SysTem_Curr_Led_Brightness_Percent_0,[rpc] myiocontrol_TurnAllOff,,PASS,,,,,,,,,Jul 9 2019 4:06:34.4030 PM,Jul 9 2019 4:06:34.4930 PM,.0901
SysTem_Curr_Led_Brightness_Percent_0,SysTem_Curr_Led_Brightness_Percent_0,"[rpc] dutgpio_set_pin(7,0)",,PASS,,,,,,,,,Jul 9 2019 4:06:34.4950 PM,Jul 9 2019 4:06:34.4980 PM,.0034
SysTem_Curr_Led_Brightness_Percent_0,SysTem_Curr_Led_Brightness_Percent_0,"[rpc] dutgpio_set_pin(7,1)",,PASS,,,,,,,,,Jul 9 2019 4:06:35.5700 PM,Jul 9 2019 4:06:35.5730 PM,.0034
SysTem_Curr_Led_Brightness_Percent_0,SysTem_Curr_Led_Brightness_Percent_0,[rpc] item_PowerOnDUT(4.800000),,PASS,,,,,,,,,Jul 9 2019 4:06:36.6450 PM,Jul 9 2019 4:06:38.7640 PM,2.1188
SysTem_Curr_Led_Brightness_Percent_0,SysTem_Curr_Led_Brightness_Percent_0,[rpc] cyg_ps_SetlimitCurr(0.500000),,PASS,,,,,,,,,Jul 9 2019 4:06:39.8350 PM,Jul 9 2019 4:06:39.9890 PM,.1541
SysTem_Curr_Led_Brightness_Percent_0,SysTem_Curr_Led_Brightness_Percent_0,"[rpc] myiocontrol_set_Bit(22,0)",,PASS,,,,,,,,,Jul 9 2019 4:06:41.0600 PM,Jul 9 2019 4:06:41.0670 PM,.0066
SysTem_Curr_Led_Brightness_Percent_0,SysTem_Curr_Led_Brightness_Percent_0,[rpc] item_ConnectAIDToP203,,PASS,,,,,,,,,Jul 9 2019 4:06:42.1430 PM,Jul 9 2019 4:06:42.1490 PM,.0068
SysTem_Curr_Led_Brightness_Percent_0,SysTem_Curr_Led_Brightness_Percent_0,"[Hid] /usr/local/bin/hidreport -p 0x026F -v 0x5ac -usage 0xff00,0xf set 0x01 0x01",,PASS,,,,,,,,,Jul 9 2019 4:06:43.2010 PM,Jul 9 2019 4:06:43.2010 PM,0
SysTem_Curr_Led_Brightness_Percent_0,SysTem_Curr_Led_Brightness_Percent_0,"[Hid] /usr/local/bin/hidreport -p 0x026F -v 0x5ac -usage 0xff00,0xf set 0x03 0x03 0x19",,PASS,,,,,,,,,Jul 9 2019 4:06:43.6340 PM,Jul 9 2019 4:06:43.6340 PM,0
SysTem_Curr_Led_Brightness_Percent_0,SysTem_Curr_Led_Brightness_Percent_0,"[Hid] /usr/local/bin/hidreport -p 0x026F -v 0x5ac -usage 0xff00,0xf set 04 04 01 00",,PASS,,,,,,,,,Jul 9 2019 4:06:44.0590 PM,Jul 9 2019 4:06:44.0590 PM,0
SysTem_Curr_Led_Brightness_Percent_0,SysTem_Curr_Led_Brightness_Percent_0,"[Hid] /usr/local/bin/hidreport -p 0x026F -v 0x5ac -usage 0xff00,0xf set 04 04 01 01",,PASS,,,,,,,,,Jul 9 2019 4:06:44.4910 PM,Jul 9 2019 4:06:44.4910 PM,0
SysTem_Curr_Led_Brightness_Percent_0,SysTem_Curr_Led_Brightness_Percent_0,"[Hid] /usr/local/bin/hidreport -p 0x026F -v 0x5ac -usage 0xff00,0xf set 04 04 01 02",,PASS,,,,,,,,,Jul 9 2019 4:06:44.9220 PM,Jul 9 2019 4:06:44.9220 PM,0
SysTem_Curr_Led_Brightness_Percent_0,SysTem_Curr_Led_Brightness_Percent_0,"[Hid] /usr/local/bin/hidreport -p 0x026F -v 0x5ac -usage 0xff00,0xf set 04 04 00 03",,PASS,,,,,,,,,Jul 9 2019 4:06:45.3570 PM,Jul 9 2019 4:06:45.3570 PM,0
SysTem_Curr_Led_Brightness_Percent_0,SysTem_Curr_Led_Brightness_Percent_0,"[Hid] /usr/local/bin/hidreport -p 0x026F -v 0x5ac -usage 0xFF00,0xf set 04 04 00 04",,PASS,,,,,,,,,Jul 9 2019 4:06:45.7880 PM,Jul 9 2019 4:06:45.7880 PM,0
SysTem_Curr_Led_Brightness_Percent_0,SysTem_Curr_Led_Brightness_Percent_0,"[Hid] /usr/local/bin/hidreport -p 0x026F -v 0x5ac -usage 0xFF00,0xf set 04 04 00 05",,PASS,,,,,,,,,Jul 9 2019 4:06:46.2200 PM,Jul 9 2019 4:06:46.2200 PM,0
SysTem_Curr_Led_Brightness_Percent_0,SysTem_Curr_Led_Brightness_Percent_0,"[Hid] /usr/local/bin/hidreport -p 0x026F -v 0x5ac -usage 0xff00,0xf set 0x02 0x02 0x00 0x00",,PASS,,,,,,,,,Jul 9 2019 4:06:46.6520 PM,Jul 9 2019 4:06:46.6520 PM,0
SysTem_Curr_Led_Brightness_Percent_0,SysTem_Curr_Led_Brightness_Percent_0,[rpc] item_SysCurrent(1000mA),,PASS,,,,,,,,,Jul 9 2019 4:06:49.1130 PM,Jul 9 2019 4:06:51.1600 PM,2.0467
SysTem_Curr_Led_Brightness_Percent_0,SysTem_Curr_Led_Brightness_Percent_0,Brightness_Percent_0,,PASS,,10.7926424449,mA,30,7,,,mA,Jul 9 2019 4:06:51.1610 PM,Jul 9 2019 4:06:51.1610 PM,0
SysTem_Curr_Led_Brightness_Percent_1,,,,,,,,,,,,,Jul 9 2019 4:06:51.1640 PM,Jul 9 2019 4:06:54.7120 PM,3.5479
SysTem_Curr_Led_Brightness_Percent_1,SysTem_Curr_Led_Brightness_Percent_1,"[Hid] /usr/local/bin/hidreport -p 0x026F -v 0x5ac -usage 0xff00,0xf set 0x02 0x02 0x14 0x00",,PASS,,,,,,,,,Jul 9 2019 4:06:51.2070 PM,Jul 9 2019 4:06:51.2070 PM,0
SysTem_Curr_Led_Brightness_Percent_1,SysTem_Curr_Led_Brightness_Percent_1,[rpc] item_SysCurrent(1000mA),,PASS,,,,,,,,,Jul 9 2019 4:06:52.6640 PM,Jul 9 2019 4:06:54.7100 PM,2.0466
SysTem_Curr_Led_Brightness_Percent_1,SysTem_Curr_Led_Brightness_Percent_1,Brightness_Percent_1,,PASS,,13.8438582824,mA,34.4,11.4,,,mA,Jul 9 2019 4:06:54.7110 PM,Jul 9 2019 4:06:54.7110 PM,0
SysTem_Curr_Led_Brightness_Percent_100,,,,,,,,,,,,,Jul 9 2019 4:06:54.7130 PM,Jul 9 2019 4:06:58.7060 PM,3.9927
SysTem_Curr_Led_Brightness_Percent_100,SysTem_Curr_Led_Brightness_Percent_100,"[Hid] /usr/local/bin/hidreport -p 0x026F -v 0x5ac -usage 0xff00,0xf set 0x02 0x02 0xff 0x07",,PASS,,,,,,,,,Jul 9 2019 4:06:54.7730 PM,Jul 9 2019 4:06:54.7730 PM,0
SysTem_Curr_Led_Brightness_Percent_100,SysTem_Curr_Led_Brightness_Percent_100,[rpc] item_SysCurrent(1000mA),,PASS,,,,,,,,,Jul 9 2019 4:06:56.2320 PM,Jul 9 2019 4:06:58.2760 PM,2.0435
SysTem_Curr_Led_Brightness_Percent_100,SysTem_Curr_Led_Brightness_Percent_100,Brightness_Percent_100,,PASS,,271.331290068,mA,320,215,,,mA,Jul 9 2019 4:06:58.2770 PM,Jul 9 2019 4:06:58.2770 PM,0
SysTem_Curr_Led_Brightness_Percent_100,SysTem_Curr_Led_Brightness_Percent_100,"[Hid] /usr/local/bin/hidreport -p 0x026F -v 0x5ac -usage 0xff00,0xf set 0x02 0x02 0x00 0x00",,PASS,,,,,,,,,Jul 9 2019 4:06:58.3210 PM,Jul 9 2019 4:06:58.3210 PM,0
SysTem_Curr_LEDs to PD 50% brightness,,,,,,,,,,,,,Jul 9 2019 4:06:58.7080 PM,Jul 9 2019 4:07:03.2170 PM,4.5084
SysTem_Curr_LEDs to PD 50% brightness,SysTem_Curr_LEDs to PD 50% brightness,"[Hid] /usr/local/bin/hidreport -p 0x026F -v 0x5ac -usage 0xff00,0xf set 0x03 0x03 0xa",,PASS,,,,,,,,,Jul 9 2019 4:06:58.7530 PM,Jul 9 2019 4:06:58.7530 PM,0
SysTem_Curr_LEDs to PD 50% brightness,SysTem_Curr_LEDs to PD 50% brightness,"[Hid] /usr/local/bin/hidreport -p 0x026F -v 0x5ac -usage 0xff00,0xf set 0x02 0x02 0x92 0x07",,PASS,,,,,,,,,Jul 9 2019 4:06:59.1860 PM,Jul 9 2019 4:06:59.1860 PM,0
SysTem_Curr_LEDs to PD 50% brightness,SysTem_Curr_LEDs to PD 50% brightness,[rpc] item_SysCurrent(1000mA),,PASS,,,,,,,,,Jul 9 2019 4:07:00.6360 PM,Jul 9 2019 4:07:02.6830 PM,2.0471
SysTem_Curr_LEDs to PD 50% brightness,SysTem_Curr_LEDs to PD 50% brightness,LEDs to PD 50% brightness,,PASS,,82.00564735819999,mA,112,67,,,mA,Jul 9 2019 4:07:02.6840 PM,Jul 9 2019 4:07:02.6840 PM,0
SysTem_Curr_LEDs to PD 50% brightness,SysTem_Curr_LEDs to PD 50% brightness,"[Hid] /usr/local/bin/hidreport -p 0x026F -v 0x5ac -usage 0xff00,0xf set 0x02 0x02 0x00 0x00",,PASS,,,,,,,,,Jul 9 2019 4:07:02.7270 PM,Jul 9 2019 4:07:02.7270 PM,0
SysTem_Curr_LEDs to PD 50% brightness,SysTem_Curr_LEDs to PD 50% brightness,[rpc] myiocontrol_TurnAllOff(0),,PASS,,,,,,,,,Jul 9 2019 4:07:03.1090 PM,Jul 9 2019 4:07:03.1990 PM,.0899
SysTem_Curr_LEDs to PD 50% brightness,SysTem_Curr_LEDs to PD 50% brightness,"[rpc] myiocontrol_set_Bit(24,0)",,PASS,,,,,,,,,Jul 9 2019 4:07:03.2010 PM,Jul 9 2019 4:07:03.2080 PM,.0068
SysTem_Curr_LEDs to PD 50% brightness,SysTem_Curr_LEDs to PD 50% brightness,"[rpc] myiocontrol_set_Bit(25,0)",,PASS,,,,,,,,,Jul 9 2019 4:07:03.2090 PM,Jul 9 2019 4:07:03.2160 PM,.0067
Finish DRCB,,,,,,,,,,,,,Jul 9 2019 4:07:03.2190 PM,Jul 9 2019 4:07:03.3490 PM,.1303
Finish DRCB,Finish DRCB,DRCB,Finish-StationFileSecurity,FAIL,station no longer secure,,,,,,,,Jul 9 2019 4:07:03.2200 PM,Jul 9 2019 4:07:03.2200 PM,0
Finish DRCB,Finish DRCB,DRCB,Finish,PASS,,,,,,,,,Jul 9 2019 4:07:03.2200 PM,Jul 9 2019 4:07:03.3460 PM,.1259
Finish DRCB,Finish DRCB,,,FAIL,com.apple.hwte.rush.module.atlas.exception.PluginFailedError,,,,,,,,Jul 9 2019 4:07:03.3490 PM,Jul 9 2019 4:07:03.3490 PM,0
