Test,Plugin,Command,Status,Info,Start Time,End Time,Duration (s)
ScanSN,com.apple.hwte.atlas.AppPlugin,show-form,PASS,,Jul 9 2019 4:05:08.0050 PM,Jul 9 2019 4:05:10.5030 PM,2.498
Select Wendor,rpcCall,RPCSendAndGet,PASS,,Jul 9 2019 4:05:10.5080 PM,Jul 9 2019 4:05:10.5130 PM,.0042
Start Data Reporting,DRCB,startDataReporting,PASS,,Jul 9 2019 4:05:10.5200 PM,Jul 9 2019 4:05:10.5290 PM,.0088
PPORION_OVP_OUT_16V_CURR,rpcCall,RPCSendAndGet,PASS,,Jul 9 2019 4:05:10.5350 PM,Jul 9 2019 4:05:10.6250 PM,.0899
PPORION_OVP_OUT_16V_CURR,rpcCall,RPCSendAndGet,PASS,,Jul 9 2019 4:05:10.6260 PM,Jul 9 2019 4:05:10.6290 PM,.0032
PPORION_OVP_OUT_16V_CURR,rpcCall,RPCSendAndGet,PASS,,Jul 9 2019 4:05:11.1970 PM,Jul 9 2019 4:05:11.2010 PM,.0035
PPORION_OVP_OUT_16V_CURR,rpcCall,RPCSendAndGet,PASS,,Jul 9 2019 4:05:12.2730 PM,Jul 9 2019 4:05:14.3900 PM,2.1168
PPORION_OVP_OUT_16V_CURR,rpcCall,RPCSendAndGet,PASS,,Jul 9 2019 4:05:14.3910 PM,Jul 9 2019 4:05:16.4510 PM,2.0602
PPORION_OVP_OUT_5V2_CURR,rpcCall,RPCSendAndGet,PASS,,Jul 9 2019 4:05:16.4560 PM,Jul 9 2019 4:05:16.6100 PM,.1542
PPORION_OVP_OUT_5V2_CURR,rpcCall,RPCSendAndGet,PASS,,Jul 9 2019 4:05:21.6810 PM,Jul 9 2019 4:05:23.7360 PM,2.0551
PPORION_RVP_OUT_-16V_CURR,rpcCall,RPCSendAndGet,PASS,,Jul 9 2019 4:05:23.7410 PM,Jul 9 2019 4:05:23.8950 PM,.154
PPORION_RVP_OUT_-16V_CURR,rpcCall,RPCSendAndGet,PASS,,Jul 9 2019 4:05:24.9660 PM,Jul 9 2019 4:05:26.8620 PM,1.8958
SYS_IDBUS_6V_VBUS_5V2_CURR,rpcCall,RPCSendAndGet,PASS,,Jul 9 2019 4:05:26.8660 PM,Jul 9 2019 4:05:29.2350 PM,2.369
SYS_IDBUS_6V_VBUS_5V2_CURR,rpcCall,RPCSendAndGet,PASS,,Jul 9 2019 4:05:30.3060 PM,Jul 9 2019 4:05:32.3640 PM,2.0573
SYS_IDBUS_6V_VBUS_0V_CURR,rpcCall,RPCSendAndGet,PASS,,Jul 9 2019 4:05:32.3680 PM,Jul 9 2019 4:05:34.7460 PM,2.3787
SYS_IDBUS_6V_VBUS_0V_CURR,rpcCall,RPCSendAndGet,PASS,,Jul 9 2019 4:05:34.7480 PM,Jul 9 2019 4:05:34.7590 PM,.0116
SYS_IDBUS_6V_VBUS_0V_CURR,rpcCall,RPCSendAndGet,PASS,,Jul 9 2019 4:05:34.7610 PM,Jul 9 2019 4:05:36.8170 PM,2.0563
SYS_IDBUS_6V_VBUS_0V_CURR,rpcCall,RPCSendAndGet,PASS,,Jul 9 2019 4:05:36.8190 PM,Jul 9 2019 4:05:36.8320 PM,.0132
Power On Dut,rpcCall,RPCSendAndGet,PASS,,Jul 9 2019 4:05:36.8360 PM,Jul 9 2019 4:05:36.9260 PM,.0898
Power On Dut,rpcCall,RPCSendAndGet,PASS,,Jul 9 2019 4:05:36.9270 PM,Jul 9 2019 4:05:39.0440 PM,2.1168
Power On Dut,rpcCall,RPCSendAndGet,PASS,,Jul 9 2019 4:05:39.0460 PM,Jul 9 2019 4:05:39.2010 PM,.155
Power On Dut,rpcCall,RPCSendAndGet,PASS,,Jul 9 2019 4:05:39.2020 PM,Jul 9 2019 4:05:39.2050 PM,.0034
Power On Dut,rpcCall,RPCSendAndGet,PASS,,Jul 9 2019 4:05:39.2070 PM,Jul 9 2019 4:05:39.2140 PM,.0067
Get SFC Info,SFCSupport,getAttribute,PASS,,Jul 9 2019 4:05:39.2180 PM,Jul 9 2019 4:05:39.2440 PM,.026
Get SFC Info,SFCSupport,getAttribute,PASS,,Jul 9 2019 4:05:39.2460 PM,Jul 9 2019 4:05:39.2490 PM,.003
Get SFC Info,SFCSupport,getAttribute,PASS,,Jul 9 2019 4:05:39.2510 PM,Jul 9 2019 4:05:39.2550 PM,.0042
Get SFC Info,SFCSupport,getAttribute,PASS,,Jul 9 2019 4:05:39.2570 PM,Jul 9 2019 4:05:39.2600 PM,.0036
Get SFC Info,SFCSupport,getAttribute,PASS,,Jul 9 2019 4:05:39.2620 PM,Jul 9 2019 4:05:39.2660 PM,.0039
Get SFC Info,SFCSupport,getAttribute,PASS,,Jul 9 2019 4:05:39.2680 PM,Jul 9 2019 4:05:39.2710 PM,.0031
Get SFC Info,SFCSupport,getAttribute,PASS,,Jul 9 2019 4:05:39.2730 PM,Jul 9 2019 4:05:39.2760 PM,.0031
Read_MLB_SN,rpcCall,RPCSendAndGet,PASS,,Jul 9 2019 4:05:45.1870 PM,Jul 9 2019 4:05:45.1910 PM,.0033
Read_MLB_SN,rpcCall,RPCSendAndGet,PASS,,Jul 9 2019 4:05:46.2580 PM,Jul 9 2019 4:05:46.2610 PM,.0034
System_Curr_Caps Lock LED is ON,rpcCall,RPCSendAndGet,PASS,,Jul 9 2019 4:05:50.2690 PM,Jul 9 2019 4:05:52.3280 PM,2.0591
System_Curr_Caps Lock LED is OFF,rpcCall,RPCSendAndGet,PASS,,Jul 9 2019 4:05:54.8350 PM,Jul 9 2019 4:05:56.8960 PM,2.0614
SYS_CURRENT_ALL_RAILS,rpcCall,RPCSendAndGet,PASS,,Jul 9 2019 4:05:56.9010 PM,Jul 9 2019 4:05:57.0550 PM,.1548
SYS_CURRENT_ALL_RAILS,rpcCall,RPCSendAndGet,PASS,,Jul 9 2019 4:05:57.0570 PM,Jul 9 2019 4:05:57.1470 PM,.0895
SYS_CURRENT_ALL_RAILS,rpcCall,RPCSendAndGet,PASS,,Jul 9 2019 4:05:57.1480 PM,Jul 9 2019 4:05:57.1510 PM,.0033
SYS_CURRENT_ALL_RAILS,rpcCall,RPCSendAndGet,PASS,,Jul 9 2019 4:05:57.1530 PM,Jul 9 2019 4:05:57.1560 PM,.0033
SYS_CURRENT_ALL_RAILS,rpcCall,RPCSendAndGet,PASS,,Jul 9 2019 4:05:57.1580 PM,Jul 9 2019 4:05:59.2710 PM,2.1137
SYS_CURRENT_ALL_RAILS,rpcCall,RPCSendAndGet,PASS,,Jul 9 2019 4:05:59.2730 PM,Jul 9 2019 4:05:59.4280 PM,.155
SYS_CURRENT_ALL_RAILS,rpcCall,RPCSendAndGet,PASS,,Jul 9 2019 4:05:59.4290 PM,Jul 9 2019 4:05:59.4360 PM,.0065
SYS_CURRENT_ALL_RAILS,rpcCall,RPCSendAndGet,PASS,,Jul 9 2019 4:05:59.4370 PM,Jul 9 2019 4:05:59.4440 PM,.0065
SYS_CURRENT_ALL_RAILS,rpcCall,RPCSendAndGet,PASS,,Jul 9 2019 4:06:05.7550 PM,Jul 9 2019 4:06:05.7580 PM,.0036
SYS_CURRENT_ALL_RAILS,rpcCall,RPCSendAndGet,PASS,,Jul 9 2019 4:06:08.8310 PM,Jul 9 2019 4:06:08.8350 PM,.0035
SYS_CURRENT_ALL_RAILS,rpcCall,RPCSendAndGet,PASS,,Jul 9 2019 4:06:12.7830 PM,Jul 9 2019 4:06:12.7860 PM,.0036
SYS_CURRENT_ALL_RAILS,rpcCall,RPCSendAndGet,PASS,,Jul 9 2019 4:06:15.8600 PM,Jul 9 2019 4:06:15.8630 PM,.0036
SYS_CURRENT_IDLLE,rpcCall,RPCSendAndGet,PASS,,Jul 9 2019 4:06:17.9350 PM,Jul 9 2019 4:06:17.9390 PM,.0037
SYS_CURRENT_IDLLE,rpcCall,RPCSendAndGet,PASS,,Jul 9 2019 4:06:19.0070 PM,Jul 9 2019 4:06:19.0100 PM,.0035
SYS_CURRENT_IDLLE,rpcCall,RPCSendAndGet,PASS,,Jul 9 2019 4:06:22.9500 PM,Jul 9 2019 4:06:22.9530 PM,.0035
SYS_CURRENT_IDLLE,rpcCall,RPCSendAndGet,PASS,,Jul 9 2019 4:06:26.0270 PM,Jul 9 2019 4:06:26.0310 PM,.0036
SYS_CURRENT_IDLLE,rpcCall,RPCSendAndGet,PASS,,Jul 9 2019 4:06:31.1250 PM,Jul 9 2019 4:06:33.1690 PM,2.0448
SysTem_Curr_Led_Brightness_Percent_0,rpcCall,RPCSendAndGet,PASS,,Jul 9 2019 4:06:33.1740 PM,Jul 9 2019 4:06:33.3280 PM,.1539
SysTem_Curr_Led_Brightness_Percent_0,rpcCall,RPCSendAndGet,PASS,,Jul 9 2019 4:06:34.4030 PM,Jul 9 2019 4:06:34.4930 PM,.0902
SysTem_Curr_Led_Brightness_Percent_0,rpcCall,RPCSendAndGet,PASS,,Jul 9 2019 4:06:34.4950 PM,Jul 9 2019 4:06:34.4980 PM,.0034
SysTem_Curr_Led_Brightness_Percent_0,rpcCall,RPCSendAndGet,PASS,,Jul 9 2019 4:06:35.5700 PM,Jul 9 2019 4:06:35.5730 PM,.0034
SysTem_Curr_Led_Brightness_Percent_0,rpcCall,RPCSendAndGet,PASS,,Jul 9 2019 4:06:36.6450 PM,Jul 9 2019 4:06:38.7640 PM,2.1188
SysTem_Curr_Led_Brightness_Percent_0,rpcCall,RPCSendAndGet,PASS,,Jul 9 2019 4:06:39.8350 PM,Jul 9 2019 4:06:39.9890 PM,.1541
SysTem_Curr_Led_Brightness_Percent_0,rpcCall,RPCSendAndGet,PASS,,Jul 9 2019 4:06:41.0600 PM,Jul 9 2019 4:06:41.0670 PM,.0066
SysTem_Curr_Led_Brightness_Percent_0,rpcCall,RPCSendAndGet,PASS,,Jul 9 2019 4:06:42.1430 PM,Jul 9 2019 4:06:42.1490 PM,.0068
SysTem_Curr_Led_Brightness_Percent_0,rpcCall,RPCSendAndGet,PASS,,Jul 9 2019 4:06:49.1130 PM,Jul 9 2019 4:06:51.1600 PM,2.0468
SysTem_Curr_Led_Brightness_Percent_1,rpcCall,RPCSendAndGet,PASS,,Jul 9 2019 4:06:52.6640 PM,Jul 9 2019 4:06:54.7100 PM,2.0466
SysTem_Curr_Led_Brightness_Percent_100,rpcCall,RPCSendAndGet,PASS,,Jul 9 2019 4:06:56.2320 PM,Jul 9 2019 4:06:58.2760 PM,2.0435
SysTem_Curr_LEDs to PD 50% brightness,rpcCall,RPCSendAndGet,PASS,,Jul 9 2019 4:07:00.6360 PM,Jul 9 2019 4:07:02.6830 PM,2.0471
SysTem_Curr_LEDs to PD 50% brightness,rpcCall,RPCSendAndGet,PASS,,Jul 9 2019 4:07:03.1090 PM,Jul 9 2019 4:07:03.1990 PM,.0899
SysTem_Curr_LEDs to PD 50% brightness,rpcCall,RPCSendAndGet,PASS,,Jul 9 2019 4:07:03.2010 PM,Jul 9 2019 4:07:03.2080 PM,.0068
SysTem_Curr_LEDs to PD 50% brightness,rpcCall,RPCSendAndGet,PASS,,Jul 9 2019 4:07:03.2090 PM,Jul 9 2019 4:07:03.2160 PM,.0067
Finish DRCB,DRCB,finish,FAIL,station no longer secure; ,Jul 9 2019 4:07:03.2200 PM,Jul 9 2019 4:07:03.3460 PM,.126
