document_version, 1.0
station_name,GATEKEEPER
station_id,FXLH_F05-4FT-02_2_GATEKEEPER
station_sw,Atlas
station_sw_version,Atlas

tag,start_time,duration
Read_FATP_SN, 1575271661.00, 6.16
Start Data Reporting, 1575271667.16, 0.01
Start_Control_Bits, 1575271667.18, 0.29
Check_All_CB, 1575271667.46, 8.42
Check_Bootargs_Status, 1575271675.89, 0.86
Get_SFC_Info, 1575271676.75, 0.22
MLB_SN, 1575271676.97, 0.36
WO_SN, 1575271677.33, 0.00
UNIT_LBL, 1575271677.33, 0.00
BUILD_EVENT, 1575271677.33, 0.00
BUILD_MATRIX_CONFIG, 1575271677.33, 0.00
UNIT_#, 1575271677.34, 0.00
S_BUILD, 1575271677.34, 0.00
KBM_SN, 1575271677.34, 0.00
BACKLIGHT_SN, 1575271677.35, 0.00
TRACKPAD_SN, 1575271677.35, 0.01
TOUCH_FLEX_SN, 1575271677.36, 0.00
Read_STFW_Version, 1575271677.36, 0.44
Read_MTFW_Version, 1575271677.80, 0.43
Read_CCG3FW_Version, 1575271678.24, 1.31
Read_HW_Version, 1575271679.55, 0.43
Production_Signed_Check, 1575271679.97, 0.43
GreenPAK_ID, 1575271680.40, 0.43
ID_Response, 1575271680.83, 1.11
Read_KBD_HW_Layout, 1575271681.94, 0.44
Get_KBD_HW_Layout, 1575271682.38, 0.00
Compare_KBD_HW_Layout, 1575271682.39, 0.00
Read_MLB_Lang, 1575271682.39, 0.44
Get_KBD_Lang, 1575271682.83, 0.00
Check_KBD_Lang, 1575271682.83, 0.00
Summary_Critical_Errors, 1575271682.83, 0.43
SYS_Critical_Errors, 1575271683.26, 0.43
FW_Update_Critical_Errors, 1575271683.69, 0.43
Grape_Critical_Errors, 1575271684.12, 0.43
USBC_Critical_Errors, 1575271684.55, 0.43
Backlight_Critical_Errors, 1575271684.98, 0.43
Key_Scan_Critical_Errors, 1575271685.41, 0.42
Grape_Connector_Self_Critical_Errors, 1575271685.83, 5.98
Read_MFI_Address, 1575271691.81, 0.46
Auth_Check, 1575271692.27, 7.39
full_test_durations, 1575271660.96, 38.70
Finish DRCB, 1575271699.67, 0.27
