Related Test,Type,Name,Value
Read_FATP_SN,Device,serialnumber,FTPZQ021PPHF
Start Data Reporting,Device,softwarename,Atlas 1.9.2
Start Data Reporting,Device,serialnumber,FTPZQ021PPHF
Start Data Reporting,Device,softwareversion,V1.2.0.0_debug
Start Data Reporting,Device,limitsversion,1
Check_Bootargs_Status,Device,Check_Bootargs_Status,15 00 00 00 
MLB_SN,Device,MLB_SN,DLX9475000JN6R54X
WO_SN,Device,WO_SN,WMT-JB000C
UNIT_LBL,Device,UNIT_LBL,R118-EVT_E1AEN-LREL_C01980
BUILD_EVENT,Device,BUILD_EVENT,R118-EVT
S_BUILD,Device,S_BUILD,R118-EVT_E1AEN-LREL
KBM_SN,Device,KBM_SN,C4P945700GHJCPP38
BACKLIGHT_SN,Device,BACKLIGHT_SN,GV294720022N3LN57
TRACKPAD_SN,Device,TRACKPAD_SN,FM794640069N0LH2S+N2J
TOUCH_FLEX_SN,Device,TOUCH_FLEX_SN,CR1947201A2MW5D17
Read_STFW_Version,Device,Read_STFW_Version,0x0260
Read_MTFW_Version,Device,Read_MTFW_Version,0x0515
Read_CCG3FW_Version,Device,Read_CCG3FW_Version,A0 01 01 01 02 01 02 01 
Read_HW_Version,Device,Read_HW_Version,0x04
Production_Signed_Check,Device,Production_Signed_Check,0x00
GreenPAK_ID,Device,GreenPAK_ID,03
Read_KBD_HW_Layout,Device,Read_KBD_HW_Layout,0x21
Get_KBD_HW_Layout,Device,Get_KBD_HW_Layout,0x21
Read_MLB_Lang,Device,Read_MLB_Lang,02 01 01 05 49 
Get_KBD_Lang,Device,Get_KBD_Lang,02 01 01 05 49
Read_MFI_Address,Device,Read_MFI_Address,0x10
