Related Test,Name-1,Name-2,Name-3,Status,Info,Measurement,Units,Upper Limit,Lower Limit,Relaxed Upper Limit,Relaxed Lower Limit,Limit Units,Start Time,End Time,Duration (s)
Read_FATP_SN,,,,,,,,,,,,,Dec 2 2019 3:27:41.0050 PM,Dec 2 2019 3:27:47.1620 PM,6.1569
Read_FATP_SN,Read_FATP_SN,StationReportPlugin,isReporting,PASS,,,,,,,,,Dec 2 2019 3:27:41.0090 PM,Dec 2 2019 3:27:41.0090 PM,.0003
Read_FATP_SN,Read_FATP_SN,KAI,changeDelimiter,PASS,,,,,,,,,Dec 2 2019 3:27:41.0120 PM,Dec 2 2019 3:27:41.0120 PM,0
Read_FATP_SN,Read_FATP_SN,KAI,changeLineTerminator,PASS,,,,,,,,,Dec 2 2019 3:27:41.0150 PM,Dec 2 2019 3:27:41.0150 PM,0
Read_FATP_SN,Read_FATP_SN,KAI,open,PASS,,,,,,,,,Dec 2 2019 3:27:41.0170 PM,Dec 2 2019 3:27:42.6150 PM,1.5982
Read_FATP_SN,Read_FATP_SN,KAI,read,PASS,,,,,,,,,Dec 2 2019 3:27:42.6170 PM,Dec 2 2019 3:27:42.6420 PM,.0253
Read_FATP_SN,Read_FATP_SN,[KAI] aid hsena 1,sendCommand,PASS,,,,,,,,,Dec 2 2019 3:27:42.6440 PM,Dec 2 2019 3:27:42.6670 PM,.0228
Read_FATP_SN,Read_FATP_SN,"[Hid] /usr/local/bin/hidreport -locationid 0x14730000 -vid 0x05ac -usage 0xff00,0xb get 0x11",,PASS,,,,,,,,,Dec 2 2019 3:27:46.7760 PM,Dec 2 2019 3:27:46.7760 PM,0
Read_FATP_SN,Read_FATP_SN,Read_FATP_SN,FTPZQ021PPHF,PASS,,,,,,,,,Dec 2 2019 3:27:47.1620 PM,Dec 2 2019 3:27:47.1620 PM,0
Start Data Reporting,,,,,,,,,,,,,Dec 2 2019 3:27:47.1640 PM,Dec 2 2019 3:27:47.1760 PM,.0114
Start Data Reporting,Start Data Reporting,DRCB,StartDataReporting,PASS,,,,,,,,,Dec 2 2019 3:27:47.1670 PM,Dec 2 2019 3:27:47.1750 PM,.0075
Start_Control_Bits,,,,,,,,,,,,,Dec 2 2019 3:27:47.1780 PM,Dec 2 2019 3:27:47.4630 PM,.2849
Start_Control_Bits,Start_Control_Bits,DRCB,StartControlBits,PASS,,,,,,,,,Dec 2 2019 3:27:47.1790 PM,Dec 2 2019 3:27:47.4620 PM,.2826
Check_All_CB,,,,,,,,,,,,,Dec 2 2019 3:27:47.4650 PM,Dec 2 2019 3:27:55.8800 PM,8.4146
Check_All_CB,Check_All_CB,[Hid] /usr/local/bin/hidreport -locationid 0x14730000 -v 0x5ac -i 0 set 0x3f 0x3f 0x02 0x01,,PASS,,,,,,,,,Dec 2 2019 3:27:47.5090 PM,Dec 2 2019 3:27:47.5090 PM,0
Check_All_CB,Check_All_CB,[Hid] /usr/local/bin/hidreport -locationid 0x14730000 -v 0x5ac -i 0 get 0x3f,,PASS,,,,,,,,,Dec 2 2019 3:27:47.9130 PM,Dec 2 2019 3:27:47.9130 PM,0
Check_All_CB,Check_All_CB,CB_STATUS_MLB-FCT,,FAIL,Failed limits,0,,3,3,,,,Dec 2 2019 3:27:48.3010 PM,Dec 2 2019 3:27:48.3010 PM,0
Check_All_CB,Check_All_CB,ABS_ERASE_MLB-FCT,,PASS,,0,,,,,,,Dec 2 2019 3:27:48.3010 PM,Dec 2 2019 3:27:48.3010 PM,0
Check_All_CB,Check_All_CB,ABS_FAIL_MLB-FCT,,PASS,,0,,,,,,,Dec 2 2019 3:27:48.3020 PM,Dec 2 2019 3:27:48.3020 PM,0
Check_All_CB,Check_All_CB,REL_FAIL_MLB-FCT,,PASS,,0,,,,,,,Dec 2 2019 3:27:48.3020 PM,Dec 2 2019 3:27:48.3020 PM,0
Check_All_CB,Check_All_CB,[Hid] /usr/local/bin/hidreport -locationid 0x14730000 -v 0x5ac -i 0 set 0x3f 0x3f 0x02 0x02,,PASS,,,,,,,,,Dec 2 2019 3:27:48.3410 PM,Dec 2 2019 3:27:48.3410 PM,0
Check_All_CB,Check_All_CB,[Hid] /usr/local/bin/hidreport -locationid 0x14730000 -v 0x5ac -i 0 get 0x3f-2,,PASS,,,,,,,,,Dec 2 2019 3:27:48.7580 PM,Dec 2 2019 3:27:48.7580 PM,0
Check_All_CB,Check_All_CB,CB_STATUS_TEST1,,FAIL,Failed limits,0,,3,3,,,,Dec 2 2019 3:27:49.1420 PM,Dec 2 2019 3:27:49.1420 PM,0
Check_All_CB,Check_All_CB,ABS_ERASE_TEST1,,PASS,,0,,,,,,,Dec 2 2019 3:27:49.1420 PM,Dec 2 2019 3:27:49.1420 PM,0
Check_All_CB,Check_All_CB,ABS_FAIL_TEST1,,PASS,,0,,,,,,,Dec 2 2019 3:27:49.1420 PM,Dec 2 2019 3:27:49.1420 PM,0
Check_All_CB,Check_All_CB,REL_FAIL_TEST1,,PASS,,0,,,,,,,Dec 2 2019 3:27:49.1430 PM,Dec 2 2019 3:27:49.1430 PM,0
Check_All_CB,Check_All_CB,[Hid] /usr/local/bin/hidreport -locationid 0x14730000 -v 0x5ac -i 0 set 0x3f 0x3f 0x02 0x05,,PASS,,,,,,,,,Dec 2 2019 3:27:49.1800 PM,Dec 2 2019 3:27:49.1800 PM,0
Check_All_CB,Check_All_CB,[Hid] /usr/local/bin/hidreport -locationid 0x14730000 -v 0x5ac -i 0 get 0x3f-3,,PASS,,,,,,,,,Dec 2 2019 3:27:49.6060 PM,Dec 2 2019 3:27:49.6060 PM,0
Check_All_CB,Check_All_CB,CB_STATUS_QT0,,FAIL,Failed limits,0,,3,3,,,,Dec 2 2019 3:27:49.9930 PM,Dec 2 2019 3:27:49.9930 PM,0
Check_All_CB,Check_All_CB,ABS_ERASE_QT0,,PASS,,0,,,,,,,Dec 2 2019 3:27:49.9930 PM,Dec 2 2019 3:27:49.9930 PM,0
Check_All_CB,Check_All_CB,ABS_FAIL_QT0,,PASS,,0,,,,,,,Dec 2 2019 3:27:49.9930 PM,Dec 2 2019 3:27:49.9930 PM,0
Check_All_CB,Check_All_CB,REL_FAIL_QT0,,PASS,,0,,,,,,,Dec 2 2019 3:27:49.9930 PM,Dec 2 2019 3:27:49.9930 PM,0
Check_All_CB,Check_All_CB,[Hid] /usr/local/bin/hidreport -locationid 0x14730000 -v 0x5ac -i 0 set 0x3f 0x3f 0x02 0x06,,PASS,,,,,,,,,Dec 2 2019 3:27:50.0330 PM,Dec 2 2019 3:27:50.0330 PM,0
Check_All_CB,Check_All_CB,[Hid] /usr/local/bin/hidreport -locationid 0x14730000 -v 0x5ac -i 0 get 0x3f-4,,PASS,,,,,,,,,Dec 2 2019 3:27:50.4590 PM,Dec 2 2019 3:27:50.4590 PM,0
Check_All_CB,Check_All_CB,CB_STATUS_DFU2-FTW,,PASS,,3,,3,3,,,,Dec 2 2019 3:27:50.8480 PM,Dec 2 2019 3:27:50.8480 PM,0
Check_All_CB,Check_All_CB,ABS_ERASE_DFU2-FTW,,PASS,,0,,,,,,,Dec 2 2019 3:27:50.8480 PM,Dec 2 2019 3:27:50.8480 PM,0
Check_All_CB,Check_All_CB,ABS_FAIL_DFU2-FTW,,PASS,,0,,,,,,,Dec 2 2019 3:27:50.8480 PM,Dec 2 2019 3:27:50.8480 PM,0
Check_All_CB,Check_All_CB,REL_FAIL_DFU2-FTW,,PASS,,0,,,,,,,Dec 2 2019 3:27:50.8490 PM,Dec 2 2019 3:27:50.8490 PM,0
Check_All_CB,Check_All_CB,[Hid] /usr/local/bin/hidreport -locationid 0x14730000 -v 0x5ac -i 0 set 0x3f 0x3f 0x02 0x08,,PASS,,,,,,,,,Dec 2 2019 3:27:50.8870 PM,Dec 2 2019 3:27:50.8870 PM,0
Check_All_CB,Check_All_CB,[Hid] /usr/local/bin/hidreport -locationid 0x14730000 -v 0x5ac -i 0 get 0x3f-5,,PASS,,,,,,,,,Dec 2 2019 3:27:51.3100 PM,Dec 2 2019 3:27:51.3100 PM,0
Check_All_CB,Check_All_CB,CB_STATUS_QT1,,FAIL,Failed limits,0,,3,3,,,,Dec 2 2019 3:27:51.6440 PM,Dec 2 2019 3:27:51.6440 PM,0
Check_All_CB,Check_All_CB,ABS_ERASE_QT1,,PASS,,0,,,,,,,Dec 2 2019 3:27:51.6440 PM,Dec 2 2019 3:27:51.6440 PM,0
Check_All_CB,Check_All_CB,ABS_FAIL_QT1,,PASS,,0,,,,,,,Dec 2 2019 3:27:51.6440 PM,Dec 2 2019 3:27:51.6440 PM,0
Check_All_CB,Check_All_CB,REL_FAIL_QT1,,PASS,,0,,,,,,,Dec 2 2019 3:27:51.6440 PM,Dec 2 2019 3:27:51.6440 PM,0
Check_All_CB,Check_All_CB,[Hid] /usr/local/bin/hidreport -locationid 0x14730000 -v 0x5ac -i 0 set 0x3f 0x3f 0x02 0x09,,PASS,,,,,,,,,Dec 2 2019 3:27:51.6830 PM,Dec 2 2019 3:27:51.6830 PM,0
Check_All_CB,Check_All_CB,[Hid] /usr/local/bin/hidreport -locationid 0x14730000 -v 0x5ac -i 0 get 0x3f-6,,PASS,,,,,,,,,Dec 2 2019 3:27:52.1020 PM,Dec 2 2019 3:27:52.1020 PM,0
Check_All_CB,Check_All_CB,CB_STATUS_LED-TEST,,PASS,,3,,3,3,,,,Dec 2 2019 3:27:52.4850 PM,Dec 2 2019 3:27:52.4850 PM,0
Check_All_CB,Check_All_CB,ABS_ERASE_LED-TEST,,PASS,,0,,,,,,,Dec 2 2019 3:27:52.4850 PM,Dec 2 2019 3:27:52.4850 PM,0
Check_All_CB,Check_All_CB,ABS_FAIL_LED-TEST,,PASS,,0,,,,,,,Dec 2 2019 3:27:52.4860 PM,Dec 2 2019 3:27:52.4860 PM,0
Check_All_CB,Check_All_CB,REL_FAIL_LED-TEST,,PASS,,0,,,,,,,Dec 2 2019 3:27:52.4860 PM,Dec 2 2019 3:27:52.4860 PM,0
Check_All_CB,Check_All_CB,[Hid] /usr/local/bin/hidreport -locationid 0x14730000 -v 0x5ac -i 0 set 0x3f 0x3f 0x02 0x0A,,PASS,,,,,,,,,Dec 2 2019 3:27:52.5240 PM,Dec 2 2019 3:27:52.5240 PM,0
Check_All_CB,Check_All_CB,[Hid] /usr/local/bin/hidreport -locationid 0x14730000 -v 0x5ac -i 0 get 0x3f-7,,PASS,,,,,,,,,Dec 2 2019 3:27:52.9530 PM,Dec 2 2019 3:27:52.9530 PM,0
Check_All_CB,Check_All_CB,CB_STATUS_KEY-FORCE,,FAIL,Failed limits,0,,3,3,,,,Dec 2 2019 3:27:53.3420 PM,Dec 2 2019 3:27:53.3420 PM,0
Check_All_CB,Check_All_CB,ABS_ERASE_KEY-FORCE,,PASS,,0,,,,,,,Dec 2 2019 3:27:53.3420 PM,Dec 2 2019 3:27:53.3420 PM,0
Check_All_CB,Check_All_CB,ABS_FAIL_KEY-FORCE,,PASS,,0,,,,,,,Dec 2 2019 3:27:53.3430 PM,Dec 2 2019 3:27:53.3430 PM,0
Check_All_CB,Check_All_CB,REL_FAIL_KEY-FORCE,,PASS,,0,,,,,,,Dec 2 2019 3:27:53.3430 PM,Dec 2 2019 3:27:53.3430 PM,0
Check_All_CB,Check_All_CB,[Hid] /usr/local/bin/hidreport -locationid 0x14730000 -v 0x5ac -i 0 set 0x3f 0x3f 0x02 0x0B,,PASS,,,,,,,,,Dec 2 2019 3:27:53.3800 PM,Dec 2 2019 3:27:53.3800 PM,0
Check_All_CB,Check_All_CB,[Hid] /usr/local/bin/hidreport -locationid 0x14730000 -v 0x5ac -i 0 get 0x3f-8,,PASS,,,,,,,,,Dec 2 2019 3:27:53.8030 PM,Dec 2 2019 3:27:53.8030 PM,0
Check_All_CB,Check_All_CB,CB_STATUS_TEST2,,PASS,,3,,3,3,,,,Dec 2 2019 3:27:54.1870 PM,Dec 2 2019 3:27:54.1870 PM,0
Check_All_CB,Check_All_CB,ABS_ERASE_TEST2,,PASS,,0,,,,,,,Dec 2 2019 3:27:54.1870 PM,Dec 2 2019 3:27:54.1870 PM,0
Check_All_CB,Check_All_CB,ABS_FAIL_TEST2,,PASS,,0,,,,,,,Dec 2 2019 3:27:54.1870 PM,Dec 2 2019 3:27:54.1870 PM,0
Check_All_CB,Check_All_CB,REL_FAIL_TEST2,,PASS,,0,,,,,,,Dec 2 2019 3:27:54.1870 PM,Dec 2 2019 3:27:54.1870 PM,0
Check_All_CB,Check_All_CB,[Hid] /usr/local/bin/hidreport -locationid 0x14730000 -v 0x5ac -i 0 set 0x3f 0x3f 0x02 0x0C,,PASS,,,,,,,,,Dec 2 2019 3:27:54.2240 PM,Dec 2 2019 3:27:54.2240 PM,0
Check_All_CB,Check_All_CB,[Hid] /usr/local/bin/hidreport -locationid 0x14730000 -v 0x5ac -i 0 get 0x3f-9,,PASS,,,,,,,,,Dec 2 2019 3:27:54.6500 PM,Dec 2 2019 3:27:54.6500 PM,0
Check_All_CB,Check_All_CB,CB_STATUS_MMI,,FAIL,Failed limits,0,,3,3,,,,Dec 2 2019 3:27:55.0400 PM,Dec 2 2019 3:27:55.0400 PM,0
Check_All_CB,Check_All_CB,ABS_ERASE_MMI,,PASS,,0,,,,,,,Dec 2 2019 3:27:55.0400 PM,Dec 2 2019 3:27:55.0400 PM,0
Check_All_CB,Check_All_CB,ABS_FAIL_MMI,,PASS,,0,,,,,,,Dec 2 2019 3:27:55.0410 PM,Dec 2 2019 3:27:55.0410 PM,0
Check_All_CB,Check_All_CB,REL_FAIL_MMI,,PASS,,0,,,,,,,Dec 2 2019 3:27:55.0410 PM,Dec 2 2019 3:27:55.0410 PM,0
Check_All_CB,Check_All_CB,[Hid] /usr/local/bin/hidreport -locationid 0x14730000 -v 0x5ac -i 0 set 0x3f 0x3f 0x02 0x0D,,PASS,,,,,,,,,Dec 2 2019 3:27:55.0780 PM,Dec 2 2019 3:27:55.0780 PM,0
Check_All_CB,Check_All_CB,[Hid] /usr/local/bin/hidreport -locationid 0x14730000 -v 0x5ac -i 0 get 0x3f-10,,PASS,,,,,,,,,Dec 2 2019 3:27:55.4950 PM,Dec 2 2019 3:27:55.4950 PM,0
Check_All_CB,Check_All_CB,CB_STATUS_SW-DOWNLOAD,,PASS,,3,,3,3,,,,Dec 2 2019 3:27:55.8790 PM,Dec 2 2019 3:27:55.8790 PM,0
Check_All_CB,Check_All_CB,ABS_ERASE_SW-DOWNLOAD,,PASS,,0,,,,,,,Dec 2 2019 3:27:55.8790 PM,Dec 2 2019 3:27:55.8790 PM,0
Check_All_CB,Check_All_CB,ABS_FAIL_SW-DOWNLOAD,,PASS,,0,,,,,,,Dec 2 2019 3:27:55.8790 PM,Dec 2 2019 3:27:55.8790 PM,0
Check_All_CB,Check_All_CB,REL_FAIL_SW-DOWNLOAD,,PASS,,0,,,,,,,Dec 2 2019 3:27:55.8790 PM,Dec 2 2019 3:27:55.8790 PM,0
Check_Bootargs_Status,,,,,,,,,,,,,Dec 2 2019 3:27:55.8880 PM,Dec 2 2019 3:27:56.7480 PM,.8601
Check_Bootargs_Status,Check_Bootargs_Status,"[Hid] /usr/local/bin/hidreport -locationid 0x14730000 -u 0xFF00,0x000B set 0x3d 0x3d 0x15 0x0 0x0 0x0",,PASS,,,,,,,,,Dec 2 2019 3:27:55.9380 PM,Dec 2 2019 3:27:55.9380 PM,0
Check_Bootargs_Status,Check_Bootargs_Status,"[Hid] /usr/local/bin/hidreport -locationid 0x14730000 -u 0xFF00,0x000B get 0x3e",,PASS,,,,,,,,,Dec 2 2019 3:27:56.3600 PM,Dec 2 2019 3:27:56.3600 PM,0
Check_Bootargs_Status,Check_Bootargs_Status,Check_Bootargs_Status,15 00 00 00 ,PASS,,,,,,,,,Dec 2 2019 3:27:56.7480 PM,Dec 2 2019 3:27:56.7480 PM,0
Get_SFC_Info,,,,,,,,,,,,,Dec 2 2019 3:27:56.7510 PM,Dec 2 2019 3:27:56.9640 PM,.2129
Get_SFC_Info,Get_SFC_Info,SFCSupport,getAttributes,PASS,,,,,,,,,Dec 2 2019 3:27:56.7520 PM,Dec 2 2019 3:27:56.8160 PM,.0633
Get_SFC_Info,Get_SFC_Info,GET SFC info - unit_lbl,R118-EVT_E1AEN-LREL_C01980,PASS,,,,,,,,,Dec 2 2019 3:27:56.8170 PM,Dec 2 2019 3:27:56.8170 PM,0
Get_SFC_Info,Get_SFC_Info,SFCSupport,getAttributes-2,PASS,,,,,,,,,Dec 2 2019 3:27:56.8180 PM,Dec 2 2019 3:27:56.8410 PM,.022
Get_SFC_Info,Get_SFC_Info,GET SFC info - wo_no,WMT-JB000C,PASS,,,,,,,,,Dec 2 2019 3:27:56.8420 PM,Dec 2 2019 3:27:56.8420 PM,0
Get_SFC_Info,Get_SFC_Info,SFCSupport,getAttributes-3,PASS,,,,,,,,,Dec 2 2019 3:27:56.8430 PM,Dec 2 2019 3:27:56.8660 PM,.0225
Get_SFC_Info,Get_SFC_Info,GET SFC info - mlb_sn,DLX9475000JN6R54X,PASS,,,,,,,,,Dec 2 2019 3:27:56.8660 PM,Dec 2 2019 3:27:56.8660 PM,0
Get_SFC_Info,Get_SFC_Info,SFCSupport,getAttributes-4,PASS,,,,,,,,,Dec 2 2019 3:27:56.8670 PM,Dec 2 2019 3:27:56.8900 PM,.0222
Get_SFC_Info,Get_SFC_Info,GET SFC info - kbm_sn,C4P945700GHJCPP38,PASS,,,,,,,,,Dec 2 2019 3:27:56.8900 PM,Dec 2 2019 3:27:56.8900 PM,0
Get_SFC_Info,Get_SFC_Info,SFCSupport,getAttributes-5,PASS,,,,,,,,,Dec 2 2019 3:27:56.8910 PM,Dec 2 2019 3:27:56.9130 PM,.0217
Get_SFC_Info,Get_SFC_Info,GET SFC info - trackpad_sn,FM794640069N0LH2S+N2J,PASS,,,,,,,,,Dec 2 2019 3:27:56.9140 PM,Dec 2 2019 3:27:56.9140 PM,0
Get_SFC_Info,Get_SFC_Info,SFCSupport,getAttributes-6,PASS,,,,,,,,,Dec 2 2019 3:27:56.9150 PM,Dec 2 2019 3:27:56.9370 PM,.0227
Get_SFC_Info,Get_SFC_Info,GET SFC info - backlight_sn,GV294720022N3LN57,PASS,,,,,,,,,Dec 2 2019 3:27:56.9390 PM,Dec 2 2019 3:27:56.9390 PM,0
Get_SFC_Info,Get_SFC_Info,SFCSupport,getAttributes-7,PASS,,,,,,,,,Dec 2 2019 3:27:56.9400 PM,Dec 2 2019 3:27:56.9630 PM,.0223
Get_SFC_Info,Get_SFC_Info,GET SFC info - touch_flex_sn,CR1947201A2MW5D17,PASS,,,,,,,,,Dec 2 2019 3:27:56.9630 PM,Dec 2 2019 3:27:56.9630 PM,0
MLB_SN,,,,,,,,,,,,,Dec 2 2019 3:27:56.9670 PM,Dec 2 2019 3:27:57.3260 PM,.3594
MLB_SN,MLB_SN,"[Hid] /usr/local/bin/hidreport -locationid 0x14730000 -vid 0x05ac -usage 0xff00,0xb get 0x12",,PASS,,,,,,,,,Dec 2 2019 3:27:57.0030 PM,Dec 2 2019 3:27:57.0030 PM,0
MLB_SN,MLB_SN,MLB_SN,DLX9475000JN6R54X,PASS,,,,,,,,,Dec 2 2019 3:27:57.3260 PM,Dec 2 2019 3:27:57.3260 PM,0
WO_SN,,,,,,,,,,,,,Dec 2 2019 3:27:57.3280 PM,Dec 2 2019 3:27:57.3290 PM,.0004
WO_SN,WO_SN,WO_SN,WMT-JB000C,PASS,,,,,,,,,Dec 2 2019 3:27:57.3290 PM,Dec 2 2019 3:27:57.3290 PM,0
UNIT_LBL,,,,,,,,,,,,,Dec 2 2019 3:27:57.3300 PM,Dec 2 2019 3:27:57.3310 PM,.0007
UNIT_LBL,UNIT_LBL,UNIT_LBL,R118-EVT_E1AEN-LREL_C01980,PASS,,,,,,,,,Dec 2 2019 3:27:57.3310 PM,Dec 2 2019 3:27:57.3310 PM,0
BUILD_EVENT,,,,,,,,,,,,,Dec 2 2019 3:27:57.3330 PM,Dec 2 2019 3:27:57.3330 PM,.0005
BUILD_EVENT,BUILD_EVENT,BUILD_EVENT: ,R118-EVT,PASS,,,,,,,,,Dec 2 2019 3:27:57.3330 PM,Dec 2 2019 3:27:57.3330 PM,0
BUILD_MATRIX_CONFIG,,,,,,,,,,,,,Dec 2 2019 3:27:57.3350 PM,Dec 2 2019 3:27:57.3360 PM,.0004
BUILD_MATRIX_CONFIG,BUILD_MATRIX_CONFIG,BUILD_MATRIX_CONFIG: ,E1AEN-LREL,PASS,,,,,,,,,Dec 2 2019 3:27:57.3360 PM,Dec 2 2019 3:27:57.3360 PM,0
UNIT_#,,,,,,,,,,,,,Dec 2 2019 3:27:57.3370 PM,Dec 2 2019 3:27:57.3380 PM,.0004
UNIT_#,UNIT_#,UNIT_#: ,C01980,PASS,,,,,,,,,Dec 2 2019 3:27:57.3380 PM,Dec 2 2019 3:27:57.3380 PM,0
S_BUILD,,,,,,,,,,,,,Dec 2 2019 3:27:57.3400 PM,Dec 2 2019 3:27:57.3410 PM,.0007
S_BUILD,S_BUILD,S_BUILD: ,R118-EVT_E1AEN-LREL,PASS,,,,,,,,,Dec 2 2019 3:27:57.3410 PM,Dec 2 2019 3:27:57.3410 PM,0
KBM_SN,,,,,,,,,,,,,Dec 2 2019 3:27:57.3440 PM,Dec 2 2019 3:27:57.3450 PM,.0009
KBM_SN,KBM_SN,KBM_SN,C4P945700GHJCPP38,PASS,,,,,,,,,Dec 2 2019 3:27:57.3440 PM,Dec 2 2019 3:27:57.3440 PM,0
BACKLIGHT_SN,,,,,,,,,,,,,Dec 2 2019 3:27:57.3470 PM,Dec 2 2019 3:27:57.3480 PM,.0007
BACKLIGHT_SN,BACKLIGHT_SN,BACKLIGHT_SN,GV294720022N3LN57,PASS,,,,,,,,,Dec 2 2019 3:27:57.3480 PM,Dec 2 2019 3:27:57.3480 PM,0
TRACKPAD_SN,,,,,,,,,,,,,Dec 2 2019 3:27:57.3510 PM,Dec 2 2019 3:27:57.3510 PM,.0007
TRACKPAD_SN,TRACKPAD_SN,TRACKPAD_SN,FM794640069N0LH2S+N2J,PASS,,,,,,,,,Dec 2 2019 3:27:57.3510 PM,Dec 2 2019 3:27:57.3510 PM,0
TOUCH_FLEX_SN,,,,,,,,,,,,,Dec 2 2019 3:27:57.3580 PM,Dec 2 2019 3:27:57.3590 PM,.0007
TOUCH_FLEX_SN,TOUCH_FLEX_SN,TOUCH_FLEX_SN,CR1947201A2MW5D17,PASS,,,,,,,,,Dec 2 2019 3:27:57.3590 PM,Dec 2 2019 3:27:57.3590 PM,0
Read_STFW_Version,,,,,,,,,,,,,Dec 2 2019 3:27:57.3610 PM,Dec 2 2019 3:27:57.7990 PM,.4382
Read_STFW_Version,Read_STFW_Version,[Hid] /usr/local/bin/hidreport -locationid 0x14730000 -vid 0x05ac -interface 0 get 0xb4,,PASS,,,,,,,,,Dec 2 2019 3:27:57.4160 PM,Dec 2 2019 3:27:57.4160 PM,0
Read_STFW_Version,Read_STFW_Version,Read_STFW_Version,,PASS,,608,,608,608,,,,Dec 2 2019 3:27:57.7990 PM,Dec 2 2019 3:27:57.7990 PM,0
Read_MTFW_Version,,,,,,,,,,,,,Dec 2 2019 3:27:57.8020 PM,Dec 2 2019 3:27:58.2310 PM,.429
Read_MTFW_Version,Read_MTFW_Version,[Hid] /usr/local/bin/hidreport -locationid 0x14730000 -vid 0x05ac -interface 0 get 0xbb,,PASS,,,,,,,,,Dec 2 2019 3:27:57.8440 PM,Dec 2 2019 3:27:57.8440 PM,0
Read_MTFW_Version,Read_MTFW_Version,Read_MTFW_Version,,PASS,,1301,,1301,1301,,,,Dec 2 2019 3:27:58.2300 PM,Dec 2 2019 3:27:58.2300 PM,0
Read_CCG3FW_Version,,,,,,,,,,,,,Dec 2 2019 3:27:58.2370 PM,Dec 2 2019 3:27:59.5430 PM,1.3065
Read_CCG3FW_Version,Read_CCG3FW_Version,"[Hid] /usr/local/bin/hidreport -locationid 0x14730000 -usage 0xff00,0xb set 0xce 0xce 6 6 0",,PASS,,,,,,,,,Dec 2 2019 3:27:58.2780 PM,Dec 2 2019 3:27:58.2780 PM,0
Read_CCG3FW_Version,Read_CCG3FW_Version,"[Hid] /usr/local/bin/hidreport -locationid 0x14730000 -usage 0xff00,0xb get 0xa0",,PASS,,,,,,,,,Dec 2 2019 3:27:58.7350 PM,Dec 2 2019 3:27:58.7350 PM,0
Read_CCG3FW_Version,Read_CCG3FW_Version,"[Hid] /usr/local/bin/hidreport -locationid 0x14730000 -usage 0xff00,0xb set 0xce 0xce 6 6 1",,PASS,,,,,,,,,Dec 2 2019 3:27:59.1610 PM,Dec 2 2019 3:27:59.1610 PM,0
Read_CCG3FW_Version,Read_CCG3FW_Version,Read_CCG3FW_Version,,PASS,,,,,,,,,Dec 2 2019 3:27:59.5430 PM,Dec 2 2019 3:27:59.5430 PM,0
Read_CCG3FW_Version,Read_CCG3FW_Version,Read_CCG3FW_Version,A0 01 01 01 02 01 02 01 ,PASS,,,,,,,,,Dec 2 2019 3:27:59.5430 PM,Dec 2 2019 3:27:59.5430 PM,0
Read_HW_Version,,,,,,,,,,,,,Dec 2 2019 3:27:59.5460 PM,Dec 2 2019 3:27:59.9710 PM,.4252
Read_HW_Version,Read_HW_Version,"[Hid] /usr/local/bin/hidreport -locationid 0x14730000 -vid 0x05ac -usage 0xff00,0xb get 0xbc",,PASS,,,,,,,,,Dec 2 2019 3:27:59.5820 PM,Dec 2 2019 3:27:59.5820 PM,0
Read_HW_Version,Read_HW_Version,Read_HW_Version,,PASS,,4,,4,4,,,,Dec 2 2019 3:27:59.9710 PM,Dec 2 2019 3:27:59.9710 PM,0
Production_Signed_Check,,,,,,,,,,,,,Dec 2 2019 3:27:59.9740 PM,Dec 2 2019 3:28:00.4010 PM,.4273
Production_Signed_Check,Production_Signed_Check,"[Hid] /usr/local/bin/hidreport -locationid 0x14730000 -vid 0x05ac -usage 0xff00,0x000b get 0x13",,PASS,,,,,,,,,Dec 2 2019 3:28:00.0120 PM,Dec 2 2019 3:28:00.0120 PM,0
Production_Signed_Check,Production_Signed_Check,Production_Signed_Check,,PASS,,0,,0,0,,,,Dec 2 2019 3:28:00.4010 PM,Dec 2 2019 3:28:00.4010 PM,0
GreenPAK_ID,,,,,,,,,,,,,Dec 2 2019 3:28:00.4030 PM,Dec 2 2019 3:28:00.8290 PM,.4254
GreenPAK_ID,GreenPAK_ID,"[Hid] /usr/local/bin/hidreport -locationid 0x14730000 -vid 0x05ac -usage 0xff00,0xb get 0x90",,PASS,,,,,,,,,Dec 2 2019 3:28:00.4400 PM,Dec 2 2019 3:28:00.4400 PM,0
GreenPAK_ID,GreenPAK_ID,GreenPAK_ID,,PASS,,3,,3,3,,,,Dec 2 2019 3:28:00.8290 PM,Dec 2 2019 3:28:00.8290 PM,0
ID_Response,,,,,,,,,,,,,Dec 2 2019 3:28:00.8310 PM,Dec 2 2019 3:28:01.9420 PM,1.1108
ID_Response,ID_Response,KAI,read,PASS,,,,,,,,,Dec 2 2019 3:28:00.8330 PM,Dec 2 2019 3:28:00.8570 PM,.0245
ID_Response,ID_Response,[KAI] I2c Read 1 26 74 7,sendCommand,PASS,,,,,,,,,Dec 2 2019 3:28:00.8580 PM,Dec 2 2019 3:28:00.8760 PM,.018
ID_Response,ID_Response,ID_Response,,PASS,,,,,,,,,Dec 2 2019 3:28:01.9420 PM,Dec 2 2019 3:28:01.9420 PM,0
Read_KBD_HW_Layout,,,,,,,,,,,,,Dec 2 2019 3:28:01.9440 PM,Dec 2 2019 3:28:02.3830 PM,.4384
Read_KBD_HW_Layout,Read_KBD_HW_Layout,"[Hid] /usr/local/bin/hidreport -locationid 0x14730000 -vid 0x05ac -usage 0x0001,0x0006 get 0x04",,PASS,,,,,,,,,Dec 2 2019 3:28:01.9960 PM,Dec 2 2019 3:28:01.9960 PM,0
Read_KBD_HW_Layout,Read_KBD_HW_Layout,Read_KBD_HW_Layout,,PASS,,33,,33,33,,,,Dec 2 2019 3:28:02.3830 PM,Dec 2 2019 3:28:02.3830 PM,0
Get_KBD_HW_Layout,,,,,,,,,,,,,Dec 2 2019 3:28:02.3850 PM,Dec 2 2019 3:28:02.3860 PM,.0007
Get_KBD_HW_Layout,Get_KBD_HW_Layout,Read_KBD_HW_Layout,,PASS,,33,,33,33,,,,Dec 2 2019 3:28:02.3860 PM,Dec 2 2019 3:28:02.3860 PM,0
Compare_KBD_HW_Layout,,,,,,,,,,,,,Dec 2 2019 3:28:02.3880 PM,Dec 2 2019 3:28:02.3880 PM,.0004
Compare_KBD_HW_Layout,Compare_KBD_HW_Layout,Compare_KBD_HW_Layout,,PASS,,,,,,,,,Dec 2 2019 3:28:02.3880 PM,Dec 2 2019 3:28:02.3880 PM,0
Read_MLB_Lang,,,,,,,,,,,,,Dec 2 2019 3:28:02.3900 PM,Dec 2 2019 3:28:02.8230 PM,.4331
Read_MLB_Lang,Read_MLB_Lang,"[Hid] /usr/local/bin/hidreport -locationid 0x14730000 -vid 0x05ac -usage 0x0001,0x0006 get 0x02",,PASS,,,,,,,,,Dec 2 2019 3:28:02.4350 PM,Dec 2 2019 3:28:02.4350 PM,0
Read_MLB_Lang,Read_MLB_Lang,Read_MLB_Lang,02 01 01 05 49 ,PASS,,,,,,,,,Dec 2 2019 3:28:02.8230 PM,Dec 2 2019 3:28:02.8230 PM,0
Get_KBD_Lang,,,,,,,,,,,,,Dec 2 2019 3:28:02.8260 PM,Dec 2 2019 3:28:02.8260 PM,.0005
Get_KBD_Lang,Get_KBD_Lang,Get_KBD_Lang,02 01 01 05 49,PASS,,,,,,,,,Dec 2 2019 3:28:02.8260 PM,Dec 2 2019 3:28:02.8260 PM,0
Check_KBD_Lang,,,,,,,,,,,,,Dec 2 2019 3:28:02.8280 PM,Dec 2 2019 3:28:02.8280 PM,.0005
Check_KBD_Lang,Check_KBD_Lang,Check_KBD_Lang,,PASS,,,,,,,,,Dec 2 2019 3:28:02.8280 PM,Dec 2 2019 3:28:02.8280 PM,0
Summary_Critical_Errors,,,,,,,,,,,,,Dec 2 2019 3:28:02.8300 PM,Dec 2 2019 3:28:03.2550 PM,.4247
Summary_Critical_Errors,Summary_Critical_Errors,"[Hid] /usr/local/bin/hidreport -locationid 0x14730000 -vid 0x05ac -usage 0xff00,0xb get 0xE0",,PASS,,,,,,,,,Dec 2 2019 3:28:02.8670 PM,Dec 2 2019 3:28:02.8670 PM,0
Summary_Critical_Errors,Summary_Critical_Errors,CRIT_ERR_E0_PART1,,PASS,,0,,,,,,,Dec 2 2019 3:28:03.2540 PM,Dec 2 2019 3:28:03.2540 PM,0
Summary_Critical_Errors,Summary_Critical_Errors,CRIT_ERR_E0,,PASS,,,,,,,,,Dec 2 2019 3:28:03.2550 PM,Dec 2 2019 3:28:03.2550 PM,0
SYS_Critical_Errors,,,,,,,,,,,,,Dec 2 2019 3:28:03.2570 PM,Dec 2 2019 3:28:03.6880 PM,.4306
SYS_Critical_Errors,SYS_Critical_Errors,"[Hid] /usr/local/bin/hidreport -locationid 0x14730000 -usage 0xff00,0xb get 0xE1",,PASS,,,,,,,,,Dec 2 2019 3:28:03.3080 PM,Dec 2 2019 3:28:03.3080 PM,0
SYS_Critical_Errors,SYS_Critical_Errors,CRIT_ERR_E1_PART1,,PASS,,8704,,,,,,,Dec 2 2019 3:28:03.6860 PM,Dec 2 2019 3:28:03.6860 PM,0
SYS_Critical_Errors,SYS_Critical_Errors,CRIT_ERR_E1_PART2,,PASS,,0,,,,,,,Dec 2 2019 3:28:03.6870 PM,Dec 2 2019 3:28:03.6870 PM,0
SYS_Critical_Errors,SYS_Critical_Errors,CRIT_ERR_E1_PART3,,PASS,,0,,,,,,,Dec 2 2019 3:28:03.6870 PM,Dec 2 2019 3:28:03.6870 PM,0
SYS_Critical_Errors,SYS_Critical_Errors,CRIT_ERR_E1,,PASS,,,,,,,,,Dec 2 2019 3:28:03.6880 PM,Dec 2 2019 3:28:03.6880 PM,0
FW_Update_Critical_Errors,,,,,,,,,,,,,Dec 2 2019 3:28:03.6910 PM,Dec 2 2019 3:28:04.1170 PM,.4256
FW_Update_Critical_Errors,FW_Update_Critical_Errors,"[Hid] /usr/local/bin/hidreport -locationid 0x14730000 -usage 0xff00,0xb get 0xE2",,PASS,,,,,,,,,Dec 2 2019 3:28:03.7280 PM,Dec 2 2019 3:28:03.7280 PM,0
FW_Update_Critical_Errors,FW_Update_Critical_Errors,CRIT_ERR_E2_PART1,,PASS,,0,,,,,,,Dec 2 2019 3:28:04.1150 PM,Dec 2 2019 3:28:04.1150 PM,0
FW_Update_Critical_Errors,FW_Update_Critical_Errors,CRIT_ERR_E2_PART2,,PASS,,0,,,,,,,Dec 2 2019 3:28:04.1150 PM,Dec 2 2019 3:28:04.1150 PM,0
FW_Update_Critical_Errors,FW_Update_Critical_Errors,CRIT_ERR_E2_PART3,,PASS,,0,,,,,,,Dec 2 2019 3:28:04.1160 PM,Dec 2 2019 3:28:04.1160 PM,0
FW_Update_Critical_Errors,FW_Update_Critical_Errors,CRIT_ERR_E2,,PASS,,,,,,,,,Dec 2 2019 3:28:04.1160 PM,Dec 2 2019 3:28:04.1160 PM,0
Grape_Critical_Errors,,,,,,,,,,,,,Dec 2 2019 3:28:04.1200 PM,Dec 2 2019 3:28:04.5510 PM,.4312
Grape_Critical_Errors,Grape_Critical_Errors,"[Hid] /usr/local/bin/hidreport -locationid 0x14730000 -usage 0xff00,0xb get 0xE5",,PASS,,,,,,,,,Dec 2 2019 3:28:04.1560 PM,Dec 2 2019 3:28:04.1560 PM,0
Grape_Critical_Errors,Grape_Critical_Errors,CRIT_ERR_E5_PART1,,PASS,,0,,,,,,,Dec 2 2019 3:28:04.5460 PM,Dec 2 2019 3:28:04.5460 PM,0
Grape_Critical_Errors,Grape_Critical_Errors,CRIT_ERR_E5_PART2,,PASS,,0,,,,,,,Dec 2 2019 3:28:04.5460 PM,Dec 2 2019 3:28:04.5460 PM,0
Grape_Critical_Errors,Grape_Critical_Errors,CRIT_ERR_E5_PART3,,PASS,,0,,,,,,,Dec 2 2019 3:28:04.5460 PM,Dec 2 2019 3:28:04.5460 PM,0
Grape_Critical_Errors,Grape_Critical_Errors,CRIT_ERR_E5_PART4,,PASS,,0,,,,,,,Dec 2 2019 3:28:04.5470 PM,Dec 2 2019 3:28:04.5470 PM,0
Grape_Critical_Errors,Grape_Critical_Errors,CRIT_ERR_E5_PART5,,PASS,,0,,,,,,,Dec 2 2019 3:28:04.5470 PM,Dec 2 2019 3:28:04.5470 PM,0
Grape_Critical_Errors,Grape_Critical_Errors,CRIT_ERR_E5_PART6,,PASS,,0,,,,,,,Dec 2 2019 3:28:04.5480 PM,Dec 2 2019 3:28:04.5480 PM,0
Grape_Critical_Errors,Grape_Critical_Errors,CRIT_ERR_E5_PART7,,PASS,,0,,,,,,,Dec 2 2019 3:28:04.5480 PM,Dec 2 2019 3:28:04.5480 PM,0
Grape_Critical_Errors,Grape_Critical_Errors,CRIT_ERR_E5_PART8,,PASS,,0,,,,,,,Dec 2 2019 3:28:04.5480 PM,Dec 2 2019 3:28:04.5480 PM,0
Grape_Critical_Errors,Grape_Critical_Errors,CRIT_ERR_E5_PART9,,PASS,,0,,,,,,,Dec 2 2019 3:28:04.5490 PM,Dec 2 2019 3:28:04.5490 PM,0
Grape_Critical_Errors,Grape_Critical_Errors,CRIT_ERR_E5_PART10,,PASS,,0,,,,,,,Dec 2 2019 3:28:04.5490 PM,Dec 2 2019 3:28:04.5490 PM,0
Grape_Critical_Errors,Grape_Critical_Errors,CRIT_ERR_E5,,PASS,,,,,,,,,Dec 2 2019 3:28:04.5510 PM,Dec 2 2019 3:28:04.5510 PM,0
USBC_Critical_Errors,,,,,,,,,,,,,Dec 2 2019 3:28:04.5550 PM,Dec 2 2019 3:28:04.9780 PM,.4233
USBC_Critical_Errors,USBC_Critical_Errors,"[Hid] /usr/local/bin/hidreport -locationid 0x14730000 -usage 0xff00,0xb get 0xE3",,PASS,,,,,,,,,Dec 2 2019 3:28:04.5930 PM,Dec 2 2019 3:28:04.5930 PM,0
USBC_Critical_Errors,USBC_Critical_Errors,CRIT_ERR_E3_PART1,,PASS,,0,,,,,,,Dec 2 2019 3:28:04.9760 PM,Dec 2 2019 3:28:04.9760 PM,0
USBC_Critical_Errors,USBC_Critical_Errors,CRIT_ERR_E3_PART2,,PASS,,0,,,,,,,Dec 2 2019 3:28:04.9760 PM,Dec 2 2019 3:28:04.9760 PM,0
USBC_Critical_Errors,USBC_Critical_Errors,CRIT_ERR_E3_PART3,,PASS,,0,,,,,,,Dec 2 2019 3:28:04.9770 PM,Dec 2 2019 3:28:04.9770 PM,0
USBC_Critical_Errors,USBC_Critical_Errors,CRIT_ERR_E3_PART4,,PASS,,0,,,,,,,Dec 2 2019 3:28:04.9770 PM,Dec 2 2019 3:28:04.9770 PM,0
USBC_Critical_Errors,USBC_Critical_Errors,CRIT_ERR_E3,,PASS,,,,,,,,,Dec 2 2019 3:28:04.9780 PM,Dec 2 2019 3:28:04.9780 PM,0
Backlight_Critical_Errors,,,,,,,,,,,,,Dec 2 2019 3:28:04.9810 PM,Dec 2 2019 3:28:05.4080 PM,.4265
Backlight_Critical_Errors,Backlight_Critical_Errors,"[Hid] /usr/local/bin/hidreport -locationid 0x14730000 -vid 0x05ac -usage 0xff00,0xf get 0x17",,PASS,,,,,,,,,Dec 2 2019 3:28:05.0180 PM,Dec 2 2019 3:28:05.0180 PM,0
Backlight_Critical_Errors,Backlight_Critical_Errors,BL_CRI_ERR_PART1,,PASS,,0,,,,,,,Dec 2 2019 3:28:05.4070 PM,Dec 2 2019 3:28:05.4070 PM,0
Backlight_Critical_Errors,Backlight_Critical_Errors,BL_CRI_ERR,,PASS,,,,,,,,,Dec 2 2019 3:28:05.4080 PM,Dec 2 2019 3:28:05.4080 PM,0
Key_Scan_Critical_Errors,,,,,,,,,,,,,Dec 2 2019 3:28:05.4100 PM,Dec 2 2019 3:28:05.8300 PM,.4198
Key_Scan_Critical_Errors,Key_Scan_Critical_Errors,"[Hid] /usr/local/bin/hidreport -locationid 0x14730000 -usage 0xff00,0xb get 0xE7",,PASS,,,,,,,,,Dec 2 2019 3:28:05.4470 PM,Dec 2 2019 3:28:05.4470 PM,0
Key_Scan_Critical_Errors,Key_Scan_Critical_Errors,CRIT_ERR_E7_PART1,,PASS,,0,,,,,,,Dec 2 2019 3:28:05.8270 PM,Dec 2 2019 3:28:05.8270 PM,0
Key_Scan_Critical_Errors,Key_Scan_Critical_Errors,CRIT_ERR_E7_PART2,,PASS,,0,,,,,,,Dec 2 2019 3:28:05.8280 PM,Dec 2 2019 3:28:05.8280 PM,0
Key_Scan_Critical_Errors,Key_Scan_Critical_Errors,CRIT_ERR_E7_PART3,,PASS,,0,,,,,,,Dec 2 2019 3:28:05.8280 PM,Dec 2 2019 3:28:05.8280 PM,0
Key_Scan_Critical_Errors,Key_Scan_Critical_Errors,CRIT_ERR_E7_PART4,,PASS,,0,,,,,,,Dec 2 2019 3:28:05.8280 PM,Dec 2 2019 3:28:05.8280 PM,0
Key_Scan_Critical_Errors,Key_Scan_Critical_Errors,CRIT_ERR_E7_PART5,,PASS,,0,,,,,,,Dec 2 2019 3:28:05.8290 PM,Dec 2 2019 3:28:05.8290 PM,0
Key_Scan_Critical_Errors,Key_Scan_Critical_Errors,CRIT_ERR_E7,,PASS,,,,,,,,,Dec 2 2019 3:28:05.8300 PM,Dec 2 2019 3:28:05.8300 PM,0
Grape_Connector_Self_Critical_Errors,,,,,,,,,,,,,Dec 2 2019 3:28:05.8330 PM,Dec 2 2019 3:28:11.8070 PM,5.9737
Grape_Connector_Self_Critical_Errors,Grape_Connector_Self_Critical_Errors,KAI,changeDelimiter,PASS,,,,,,,,,Dec 2 2019 3:28:05.8350 PM,Dec 2 2019 3:28:05.8350 PM,0
Grape_Connector_Self_Critical_Errors,Grape_Connector_Self_Critical_Errors,[KAI] sys hrst,sendCommand,PASS,,,,,,,,,Dec 2 2019 3:28:05.8360 PM,Dec 2 2019 3:28:05.9540 PM,.1179
Grape_Connector_Self_Critical_Errors,Grape_Connector_Self_Critical_Errors,KAI,changeDelimiter-2,PASS,,,,,,,,,Dec 2 2019 3:28:05.9550 PM,Dec 2 2019 3:28:05.9550 PM,0
Grape_Connector_Self_Critical_Errors,Grape_Connector_Self_Critical_Errors,[KAI] orion mode 10,sendCommand,PASS,,,,,,,,,Dec 2 2019 3:28:05.9560 PM,Dec 2 2019 3:28:05.9810 PM,.025
Grape_Connector_Self_Critical_Errors,Grape_Connector_Self_Critical_Errors,KAI,read,PASS,,,,,,,,,Dec 2 2019 3:28:06.9830 PM,Dec 2 2019 3:28:07.0070 PM,.0244
Grape_Connector_Self_Critical_Errors,Grape_Connector_Self_Critical_Errors,[KAI] aid tx bd 37 0c 00 01 04 00 00 00 20 05 b8 00 86 78 b8 00 86 71,sendCommand,PASS,,,,,,,,,Dec 2 2019 3:28:08.0790 PM,Dec 2 2019 3:28:08.1080 PM,.0295
Grape_Connector_Self_Critical_Errors,Grape_Connector_Self_Critical_Errors,[KAI] aid hsena 1,sendCommand,PASS,,,,,,,,,Dec 2 2019 3:28:08.2790 PM,Dec 2 2019 3:28:08.3000 PM,.0209
Grape_Connector_Self_Critical_Errors,Grape_Connector_Self_Critical_Errors,"[Hid] /usr/local/bin/hidreport -locationid 0x14730000 -usage 0x0001,0x0002 get 0xD3",,PASS,,,,,,,,,Dec 2 2019 3:28:11.4190 PM,Dec 2 2019 3:28:11.4190 PM,0
Grape_Connector_Self_Critical_Errors,Grape_Connector_Self_Critical_Errors,CRIT_ERR_D3_PART1,,PASS,,17372165,,,,,,,Dec 2 2019 3:28:11.8050 PM,Dec 2 2019 3:28:11.8050 PM,0
Grape_Connector_Self_Critical_Errors,Grape_Connector_Self_Critical_Errors,CRIT_ERR_D3_PART2,,PASS,,352323860,,,,,,,Dec 2 2019 3:28:11.8060 PM,Dec 2 2019 3:28:11.8060 PM,0
Grape_Connector_Self_Critical_Errors,Grape_Connector_Self_Critical_Errors,CRIT_ERR_D3_PART3,,PASS,,4060217344,,,,,,,Dec 2 2019 3:28:11.8060 PM,Dec 2 2019 3:28:11.8060 PM,0
Grape_Connector_Self_Critical_Errors,Grape_Connector_Self_Critical_Errors,CRIT_ERR_D3,,PASS,,,,,,,,,Dec 2 2019 3:28:11.8070 PM,Dec 2 2019 3:28:11.8070 PM,0
Read_MFI_Address,,,,,,,,,,,,,Dec 2 2019 3:28:11.8110 PM,Dec 2 2019 3:28:12.2680 PM,.4577
Read_MFI_Address,Read_MFI_Address,[Hid] /usr/local/bin/hidreport -locationid 0x14730000 -v 0x05ac -i 0 get 0x5E,,PASS,,,,,,,,,Dec 2 2019 3:28:11.8670 PM,Dec 2 2019 3:28:11.8670 PM,0
Read_MFI_Address,Read_MFI_Address,Read_MFI_Address,,PASS,,16,,16,16,,,,Dec 2 2019 3:28:12.2680 PM,Dec 2 2019 3:28:12.2680 PM,0
Auth_Check,,,,,,,,,,,,,Dec 2 2019 3:28:12.2710 PM,Dec 2 2019 3:28:19.6560 PM,7.3848
Auth_Check,Auth_Check,KAI,changeDelimiter,PASS,,,,,,,,,Dec 2 2019 3:28:12.2720 PM,Dec 2 2019 3:28:12.2720 PM,0
Auth_Check,Auth_Check,[KAI] sys hrst,sendCommand,PASS,,,,,,,,,Dec 2 2019 3:28:12.2730 PM,Dec 2 2019 3:28:12.3910 PM,.1182
Auth_Check,Auth_Check,KAI,changeDelimiter-2,PASS,,,,,,,,,Dec 2 2019 3:28:12.9640 PM,Dec 2 2019 3:28:12.9640 PM,0
Auth_Check,Auth_Check,[KAI] orion mode 10,sendCommand,PASS,,,,,,,,,Dec 2 2019 3:28:12.9650 PM,Dec 2 2019 3:28:12.9830 PM,.0175
Auth_Check,Auth_Check,KAI,read,PASS,,,,,,,,,Dec 2 2019 3:28:16.0570 PM,Dec 2 2019 3:28:16.0780 PM,.0217
Auth_Check,Auth_Check,KAI,read-2,PASS,,,,,,,,,Dec 2 2019 3:28:16.0910 PM,Dec 2 2019 3:28:16.1150 PM,.0238
Auth_Check,Auth_Check,[KAI] aid tx bd 1 3 24 71 5 10 0 00,sendCommand,PASS,,,,,,,,,Dec 2 2019 3:28:16.1160 PM,Dec 2 2019 3:28:16.1490 PM,.0326
Auth_Check,Auth_Check,KAI,read-3,PASS,,,,,,,,,Dec 2 2019 3:28:16.1510 PM,Dec 2 2019 3:28:16.1750 PM,.0236
Auth_Check,Auth_Check,KAI,read-4,PASS,,,,,,,,,Dec 2 2019 3:28:16.1770 PM,Dec 2 2019 3:28:16.1990 PM,.0226
Auth_Check,Auth_Check,[KAI] aid tx bd 2 2 24 71 5 10 8,sendCommand,PASS,,,,,,,,,Dec 2 2019 3:28:16.2000 PM,Dec 2 2019 3:28:16.2170 PM,.0163
Auth_Check,Auth_Check,1. Fetch device info,,PASS,,,,,,,,,Dec 2 2019 3:28:16.2180 PM,Dec 2 2019 3:28:16.2180 PM,0
Auth_Check,Auth_Check,      version: 0x07,,PASS,,,,,,,,,Dec 2 2019 3:28:16.2180 PM,Dec 2 2019 3:28:16.2180 PM,0
Auth_Check,Auth_Check,auth revision: 0x01,,PASS,,,,,,,,,Dec 2 2019 3:28:16.2190 PM,Dec 2 2019 3:28:16.2190 PM,0
Auth_Check,Auth_Check,auth protocol: 0x0300,,PASS,,,,,,,,,Dec 2 2019 3:28:16.2190 PM,Dec 2 2019 3:28:16.2190 PM,0
Auth_Check,Auth_Check,    device ID: 0x00000300,,PASS,,,,,,,,,Dec 2 2019 3:28:16.2190 PM,Dec 2 2019 3:28:16.2190 PM,0
Auth_Check,Auth_Check,KAI,read-5,PASS,,,,,,,,,Dec 2 2019 3:28:16.2200 PM,Dec 2 2019 3:28:16.2420 PM,.0216
Auth_Check,Auth_Check,[KAI] aid tx bd 3 3 24 71 5 10 0 30,sendCommand,PASS,,,,,,,,,Dec 2 2019 3:28:16.2430 PM,Dec 2 2019 3:28:16.2750 PM,.0322
Auth_Check,Auth_Check,KAI,read-6,PASS,,,,,,,,,Dec 2 2019 3:28:16.2770 PM,Dec 2 2019 3:28:16.3010 PM,.0233
Auth_Check,Auth_Check,KAI,read-7,PASS,,,,,,,,,Dec 2 2019 3:28:16.3020 PM,Dec 2 2019 3:28:16.3260 PM,.0239
Auth_Check,Auth_Check,[KAI] aid tx bd 4 2 24 71 5 10 2,sendCommand,PASS,,,,,,,,,Dec 2 2019 3:28:16.3270 PM,Dec 2 2019 3:28:16.3440 PM,.0163
Auth_Check,Auth_Check,2. Fetch cert length,,PASS,,,,,,,,,Dec 2 2019 3:28:16.3450 PM,Dec 2 2019 3:28:16.3450 PM,0
Auth_Check,Auth_Check,KAI,read-8,PASS,,,,,,,,,Dec 2 2019 3:28:16.3470 PM,Dec 2 2019 3:28:16.3750 PM,.0286
Auth_Check,Auth_Check,[KAI] aid tx bd 5 3 24 71 5 10 0 31,sendCommand,PASS,,,,,,,,,Dec 2 2019 3:28:16.3770 PM,Dec 2 2019 3:28:16.4090 PM,.0326
Auth_Check,Auth_Check,KAI,read-9,PASS,,,,,,,,,Dec 2 2019 3:28:16.4110 PM,Dec 2 2019 3:28:16.4350 PM,.0234
Auth_Check,Auth_Check,KAI,read-10,PASS,,,,,,,,,Dec 2 2019 3:28:16.4360 PM,Dec 2 2019 3:28:16.4590 PM,.0224
Auth_Check,Auth_Check,[KAI] aid tx bd 6 2 24 71 5 10 23,sendCommand,PASS,,,,,,,,,Dec 2 2019 3:28:16.4600 PM,Dec 2 2019 3:28:16.4770 PM,.0168
Auth_Check,Auth_Check,KAI,read-11,PASS,,,,,,,,,Dec 2 2019 3:28:16.4790 PM,Dec 2 2019 3:28:16.5060 PM,.0274
Auth_Check,Auth_Check,KAI,read-12,PASS,,,,,,,,,Dec 2 2019 3:28:16.5080 PM,Dec 2 2019 3:28:16.5360 PM,.0285
Auth_Check,Auth_Check,[KAI] aid tx bd 7 2 24 71 5 10 23,sendCommand,PASS,,,,,,,,,Dec 2 2019 3:28:16.5370 PM,Dec 2 2019 3:28:16.5540 PM,.0162
Auth_Check,Auth_Check,KAI,read-13,PASS,,,,,,,,,Dec 2 2019 3:28:16.5560 PM,Dec 2 2019 3:28:16.5850 PM,.0286
Auth_Check,Auth_Check,KAI,read-14,PASS,,,,,,,,,Dec 2 2019 3:28:16.5860 PM,Dec 2 2019 3:28:16.6110 PM,.0248
Auth_Check,Auth_Check,[KAI] aid tx bd 8 2 24 71 5 10 23,sendCommand,PASS,,,,,,,,,Dec 2 2019 3:28:16.6130 PM,Dec 2 2019 3:28:16.6300 PM,.0165
Auth_Check,Auth_Check,KAI,read-15,PASS,,,,,,,,,Dec 2 2019 3:28:16.6320 PM,Dec 2 2019 3:28:16.6570 PM,.0244
Auth_Check,Auth_Check,KAI,read-16,PASS,,,,,,,,,Dec 2 2019 3:28:16.6610 PM,Dec 2 2019 3:28:16.6840 PM,.0231
Auth_Check,Auth_Check,[KAI] aid tx bd 9 2 24 71 5 10 17,sendCommand,PASS,,,,,,,,,Dec 2 2019 3:28:16.6860 PM,Dec 2 2019 3:28:16.7030 PM,.0163
Auth_Check,Auth_Check,KAI,read-17,PASS,,,,,,,,,Dec 2 2019 3:28:16.7050 PM,Dec 2 2019 3:28:16.7260 PM,.0209
Auth_Check,Auth_Check,[KAI] aid tx bd a 3 24 71 5 10 0 32,sendCommand,PASS,,,,,,,,,Dec 2 2019 3:28:16.7280 PM,Dec 2 2019 3:28:16.7590 PM,.0319
Auth_Check,Auth_Check,KAI,read-18,PASS,,,,,,,,,Dec 2 2019 3:28:16.7620 PM,Dec 2 2019 3:28:16.7850 PM,.0235
Auth_Check,Auth_Check,KAI,read-19,PASS,,,,,,,,,Dec 2 2019 3:28:16.7870 PM,Dec 2 2019 3:28:16.8160 PM,.0292
Auth_Check,Auth_Check,[KAI] aid tx bd b 2 24 71 5 10 23,sendCommand,PASS,,,,,,,,,Dec 2 2019 3:28:16.8170 PM,Dec 2 2019 3:28:16.8330 PM,.0163
Auth_Check,Auth_Check,KAI,read-20,PASS,,,,,,,,,Dec 2 2019 3:28:16.8360 PM,Dec 2 2019 3:28:16.8560 PM,.0208
Auth_Check,Auth_Check,KAI,read-21,PASS,,,,,,,,,Dec 2 2019 3:28:16.8580 PM,Dec 2 2019 3:28:16.8860 PM,.0285
Auth_Check,Auth_Check,[KAI] aid tx bd c 2 24 71 5 10 23,sendCommand,PASS,,,,,,,,,Dec 2 2019 3:28:16.8880 PM,Dec 2 2019 3:28:16.9040 PM,.0169
Auth_Check,Auth_Check,KAI,read-22,PASS,,,,,,,,,Dec 2 2019 3:28:16.9070 PM,Dec 2 2019 3:28:16.9370 PM,.0297
Auth_Check,Auth_Check,KAI,read-23,PASS,,,,,,,,,Dec 2 2019 3:28:16.9390 PM,Dec 2 2019 3:28:16.9670 PM,.0279
Auth_Check,Auth_Check,[KAI] aid tx bd d 2 24 71 5 10 23,sendCommand,PASS,,,,,,,,,Dec 2 2019 3:28:16.9680 PM,Dec 2 2019 3:28:16.9860 PM,.0173
Auth_Check,Auth_Check,KAI,read-24,PASS,,,,,,,,,Dec 2 2019 3:28:16.9880 PM,Dec 2 2019 3:28:17.0110 PM,.0231
Auth_Check,Auth_Check,KAI,read-25,PASS,,,,,,,,,Dec 2 2019 3:28:17.0140 PM,Dec 2 2019 3:28:17.0370 PM,.023
Auth_Check,Auth_Check,[KAI] aid tx bd e 2 24 71 5 10 17,sendCommand,PASS,,,,,,,,,Dec 2 2019 3:28:17.0380 PM,Dec 2 2019 3:28:17.0540 PM,.0163
Auth_Check,Auth_Check,KAI,read-26,PASS,,,,,,,,,Dec 2 2019 3:28:17.0580 PM,Dec 2 2019 3:28:17.0830 PM,.0251
Auth_Check,Auth_Check,[KAI] aid tx bd f 3 24 71 5 10 0 33,sendCommand,PASS,,,,,,,,,Dec 2 2019 3:28:17.0840 PM,Dec 2 2019 3:28:17.1160 PM,.0314
Auth_Check,Auth_Check,KAI,read-27,PASS,,,,,,,,,Dec 2 2019 3:28:17.1180 PM,Dec 2 2019 3:28:17.1470 PM,.0291
Auth_Check,Auth_Check,KAI,read-28,PASS,,,,,,,,,Dec 2 2019 3:28:17.1480 PM,Dec 2 2019 3:28:17.1770 PM,.0285
Auth_Check,Auth_Check,[KAI] aid tx bd 10 2 24 71 5 10 23,sendCommand,PASS,,,,,,,,,Dec 2 2019 3:28:17.1780 PM,Dec 2 2019 3:28:17.2100 PM,.0323
Auth_Check,Auth_Check,KAI,read-29,PASS,,,,,,,,,Dec 2 2019 3:28:17.2130 PM,Dec 2 2019 3:28:17.2350 PM,.0218
Auth_Check,Auth_Check,KAI,read-30,PASS,,,,,,,,,Dec 2 2019 3:28:17.2360 PM,Dec 2 2019 3:28:17.2570 PM,.0204
Auth_Check,Auth_Check,[KAI] aid tx bd 11 2 24 71 5 10 23,sendCommand,PASS,,,,,,,,,Dec 2 2019 3:28:17.2580 PM,Dec 2 2019 3:28:17.2900 PM,.0321
Auth_Check,Auth_Check,KAI,read-31,PASS,,,,,,,,,Dec 2 2019 3:28:17.2930 PM,Dec 2 2019 3:28:17.3150 PM,.0222
Auth_Check,Auth_Check,KAI,read-32,PASS,,,,,,,,,Dec 2 2019 3:28:17.3160 PM,Dec 2 2019 3:28:17.3370 PM,.0205
Auth_Check,Auth_Check,[KAI] aid tx bd 12 2 24 71 5 10 23,sendCommand,PASS,,,,,,,,,Dec 2 2019 3:28:17.3380 PM,Dec 2 2019 3:28:17.3700 PM,.0318
Auth_Check,Auth_Check,KAI,read-33,PASS,,,,,,,,,Dec 2 2019 3:28:17.3720 PM,Dec 2 2019 3:28:17.3950 PM,.0224
Auth_Check,Auth_Check,KAI,read-34,PASS,,,,,,,,,Dec 2 2019 3:28:17.3960 PM,Dec 2 2019 3:28:17.4180 PM,.0212
Auth_Check,Auth_Check,[KAI] aid tx bd 13 2 24 71 5 10 17,sendCommand,PASS,,,,,,,,,Dec 2 2019 3:28:17.4190 PM,Dec 2 2019 3:28:17.4510 PM,.0317
Auth_Check,Auth_Check,KAI,read-35,PASS,,,,,,,,,Dec 2 2019 3:28:17.4540 PM,Dec 2 2019 3:28:17.4770 PM,.0234
Auth_Check,Auth_Check,[KAI] aid tx bd 14 3 24 71 5 10 0 34,sendCommand,PASS,,,,,,,,,Dec 2 2019 3:28:17.4780 PM,Dec 2 2019 3:28:17.5100 PM,.0314
Auth_Check,Auth_Check,KAI,read-36,PASS,,,,,,,,,Dec 2 2019 3:28:17.5120 PM,Dec 2 2019 3:28:17.5360 PM,.0237
Auth_Check,Auth_Check,KAI,read-37,PASS,,,,,,,,,Dec 2 2019 3:28:17.5370 PM,Dec 2 2019 3:28:17.5630 PM,.0258
Auth_Check,Auth_Check,[KAI] aid tx bd 15 2 24 71 5 10 23,sendCommand,PASS,,,,,,,,,Dec 2 2019 3:28:17.5640 PM,Dec 2 2019 3:28:17.5950 PM,.0314
Auth_Check,Auth_Check,KAI,read-38,PASS,,,,,,,,,Dec 2 2019 3:28:17.5980 PM,Dec 2 2019 3:28:17.6270 PM,.0289
Auth_Check,Auth_Check,KAI,read-39,PASS,,,,,,,,,Dec 2 2019 3:28:17.6290 PM,Dec 2 2019 3:28:17.6510 PM,.0223
Auth_Check,Auth_Check,[KAI] aid tx bd 16 2 24 71 5 10 23,sendCommand,PASS,,,,,,,,,Dec 2 2019 3:28:17.6520 PM,Dec 2 2019 3:28:17.6840 PM,.0324
Auth_Check,Auth_Check,KAI,read-40,PASS,,,,,,,,,Dec 2 2019 3:28:17.6870 PM,Dec 2 2019 3:28:17.7150 PM,.0282
Auth_Check,Auth_Check,KAI,read-41,PASS,,,,,,,,,Dec 2 2019 3:28:17.7160 PM,Dec 2 2019 3:28:17.7370 PM,.0209
Auth_Check,Auth_Check,[KAI] aid tx bd 17 2 24 71 5 10 23,sendCommand,PASS,,,,,,,,,Dec 2 2019 3:28:17.7390 PM,Dec 2 2019 3:28:17.7710 PM,.0324
Auth_Check,Auth_Check,KAI,read-42,PASS,,,,,,,,,Dec 2 2019 3:28:17.7730 PM,Dec 2 2019 3:28:17.7970 PM,.024
Auth_Check,Auth_Check,KAI,read-43,PASS,,,,,,,,,Dec 2 2019 3:28:17.7990 PM,Dec 2 2019 3:28:17.8270 PM,.0285
Auth_Check,Auth_Check,[KAI] aid tx bd 18 2 24 71 5 10 17,sendCommand,PASS,,,,,,,,,Dec 2 2019 3:28:17.8290 PM,Dec 2 2019 3:28:17.8610 PM,.0321
Auth_Check,Auth_Check,KAI,read-44,PASS,,,,,,,,,Dec 2 2019 3:28:17.8640 PM,Dec 2 2019 3:28:17.8930 PM,.029
Auth_Check,Auth_Check,[KAI] aid tx bd 19 3 24 71 5 10 0 35,sendCommand,PASS,,,,,,,,,Dec 2 2019 3:28:17.8940 PM,Dec 2 2019 3:28:17.9270 PM,.033
Auth_Check,Auth_Check,KAI,read-45,PASS,,,,,,,,,Dec 2 2019 3:28:17.9320 PM,Dec 2 2019 3:28:17.9580 PM,.0258
Auth_Check,Auth_Check,KAI,read-46,PASS,,,,,,,,,Dec 2 2019 3:28:17.9590 PM,Dec 2 2019 3:28:17.9810 PM,.0214
Auth_Check,Auth_Check,[KAI] aid tx bd 1a 2 24 71 5 10 23,sendCommand,PASS,,,,,,,,,Dec 2 2019 3:28:17.9820 PM,Dec 2 2019 3:28:18.0140 PM,.0317
Auth_Check,Auth_Check,KAI,read-47,PASS,,,,,,,,,Dec 2 2019 3:28:18.0160 PM,Dec 2 2019 3:28:18.0380 PM,.0218
Auth_Check,Auth_Check,KAI,read-48,PASS,,,,,,,,,Dec 2 2019 3:28:18.0390 PM,Dec 2 2019 3:28:18.0670 PM,.0274
Auth_Check,Auth_Check,[KAI] aid tx bd 1b 2 24 71 5 10 23,sendCommand,PASS,,,,,,,,,Dec 2 2019 3:28:18.0680 PM,Dec 2 2019 3:28:18.1000 PM,.0323
Auth_Check,Auth_Check,KAI,read-49,PASS,,,,,,,,,Dec 2 2019 3:28:18.1030 PM,Dec 2 2019 3:28:18.1280 PM,.0251
Auth_Check,Auth_Check,KAI,read-50,PASS,,,,,,,,,Dec 2 2019 3:28:18.1290 PM,Dec 2 2019 3:28:18.1580 PM,.0285
Auth_Check,Auth_Check,[KAI] aid tx bd 1c 2 24 71 5 10 19,sendCommand,PASS,,,,,,,,,Dec 2 2019 3:28:18.1590 PM,Dec 2 2019 3:28:18.1910 PM,.032
Auth_Check,Auth_Check,3. Fetch cert,,PASS,,,,,,,,,Dec 2 2019 3:28:18.1930 PM,Dec 2 2019 3:28:18.1930 PM,0
Auth_Check,Auth_Check,IOFileHandle,writeCertFile,PASS,,,,,,,,,Dec 2 2019 3:28:18.1960 PM,Dec 2 2019 3:28:18.2020 PM,.0062
Auth_Check,Auth_Check,4. Save cert,,PASS,,,,,,,,,Dec 2 2019 3:28:18.2030 PM,Dec 2 2019 3:28:18.2030 PM,0
Auth_Check,Auth_Check,[Hid] /usr/local/bin/mfi-cert validate-cert v3 /Users/gdlocal/IntelliLog_Unit_1/cert.der,,PASS,,,,,,,,,Dec 2 2019 3:28:18.2420 PM,Dec 2 2019 3:28:18.2420 PM,0
Auth_Check,Auth_Check,5. Validate cert,,PASS,,,,,,,,,Dec 2 2019 3:28:18.2550 PM,Dec 2 2019 3:28:18.2550 PM,0
Auth_Check,Auth_Check,[Hid] /usr/local/bin/mfi-cert gen-challenge /Users/gdlocal/IntelliLog_Unit_1/cert.der /Users/gdlocal/IntelliLog_Unit_1/challenge.bin,,PASS,,,,,,,,,Dec 2 2019 3:28:18.2900 PM,Dec 2 2019 3:28:18.2900 PM,0
Auth_Check,Auth_Check,6. Generate challenge,,PASS,,,,,,,,,Dec 2 2019 3:28:18.3030 PM,Dec 2 2019 3:28:18.3030 PM,0
Auth_Check,Auth_Check,KAI,read-51,PASS,,,,,,,,,Dec 2 2019 3:28:18.3110 PM,Dec 2 2019 3:28:18.3350 PM,.0237
Auth_Check,Auth_Check,[KAI] aid tx bd 1d 5 24 71 5 10 0 20 00 20,sendCommand,PASS,,,,,,,,,Dec 2 2019 3:28:18.3360 PM,Dec 2 2019 3:28:18.3680 PM,.0317
Auth_Check,Auth_Check,KAI,read-52,PASS,,,,,,,,,Dec 2 2019 3:28:18.3710 PM,Dec 2 2019 3:28:18.3980 PM,.0265
Auth_Check,Auth_Check,[KAI] aid tx bd 1e 23 24 71 5 10 0 21 04 93 e9 21 5a a2 10 8b 89 f6 bc ec 3e df 48 aa e1 95 c1 dc 7d b3 54 40 2f ec 3e ed 26 83 40 8c,sendCommand,PASS,,,,,,,,,Dec 2 2019 3:28:18.3990 PM,Dec 2 2019 3:28:18.4420 PM,.0426
Auth_Check,Auth_Check,KAI,read-53,PASS,,,,,,,,,Dec 2 2019 3:28:18.4440 PM,Dec 2 2019 3:28:18.4680 PM,.0237
Auth_Check,Auth_Check,[KAI] aid tx bd 1f 4 24 71 5 10 0 10 01,sendCommand,PASS,,,,,,,,,Dec 2 2019 3:28:18.4690 PM,Dec 2 2019 3:28:18.5000 PM,.0313
Auth_Check,Auth_Check,KAI,read-54,PASS,,,,,,,,,Dec 2 2019 3:28:19.0770 PM,Dec 2 2019 3:28:19.0990 PM,.0221
Auth_Check,Auth_Check,[KAI] aid tx bd 20 3 24 71 5 10 0 10,sendCommand,PASS,,,,,,,,,Dec 2 2019 3:28:19.1000 PM,Dec 2 2019 3:28:19.1320 PM,.0319
Auth_Check,Auth_Check,KAI,read-55,PASS,,,,,,,,,Dec 2 2019 3:28:19.1340 PM,Dec 2 2019 3:28:19.1590 PM,.0248
Auth_Check,Auth_Check,KAI,read-56,PASS,,,,,,,,,Dec 2 2019 3:28:19.1600 PM,Dec 2 2019 3:28:19.1870 PM,.0262
Auth_Check,Auth_Check,[KAI] aid tx bd 21 2 24 71 5 10 1,sendCommand,PASS,,,,,,,,,Dec 2 2019 3:28:19.1880 PM,Dec 2 2019 3:28:19.2040 PM,.0166
Auth_Check,Auth_Check,7. Send challenge,,PASS,,,,,,,,,Dec 2 2019 3:28:19.2060 PM,Dec 2 2019 3:28:19.2060 PM,0
Auth_Check,Auth_Check,KAI,read-57,PASS,,,,,,,,,Dec 2 2019 3:28:19.2070 PM,Dec 2 2019 3:28:19.2300 PM,.0223
Auth_Check,Auth_Check,[KAI] aid tx bd 22 3 24 71 5 10 0 11,sendCommand,PASS,,,,,,,,,Dec 2 2019 3:28:19.2310 PM,Dec 2 2019 3:28:19.2630 PM,.0318
Auth_Check,Auth_Check,KAI,read-58,PASS,,,,,,,,,Dec 2 2019 3:28:19.2650 PM,Dec 2 2019 3:28:19.2890 PM,.0243
Auth_Check,Auth_Check,KAI,read-59,PASS,,,,,,,,,Dec 2 2019 3:28:19.2920 PM,Dec 2 2019 3:28:19.3150 PM,.0224
Auth_Check,Auth_Check,[KAI] aid tx bd 23 2 24 71 5 10 2,sendCommand,PASS,,,,,,,,,Dec 2 2019 3:28:19.3160 PM,Dec 2 2019 3:28:19.3330 PM,.0165
Auth_Check,Auth_Check,KAI,read-60,PASS,,,,,,,,,Dec 2 2019 3:28:19.3360 PM,Dec 2 2019 3:28:19.3570 PM,.0217
Auth_Check,Auth_Check,[KAI] aid tx bd 24 3 24 71 5 10 0 12,sendCommand,PASS,,,,,,,,,Dec 2 2019 3:28:19.3590 PM,Dec 2 2019 3:28:19.3900 PM,.0317
Auth_Check,Auth_Check,KAI,read-61,PASS,,,,,,,,,Dec 2 2019 3:28:19.3930 PM,Dec 2 2019 3:28:19.4190 PM,.0264
Auth_Check,Auth_Check,KAI,read-62,PASS,,,,,,,,,Dec 2 2019 3:28:19.4210 PM,Dec 2 2019 3:28:19.4490 PM,.0281
Auth_Check,Auth_Check,[KAI] aid tx bd 25 2 24 71 5 10 23,sendCommand,PASS,,,,,,,,,Dec 2 2019 3:28:19.4500 PM,Dec 2 2019 3:28:19.4820 PM,.0321
Auth_Check,Auth_Check,KAI,read-63,PASS,,,,,,,,,Dec 2 2019 3:28:19.4840 PM,Dec 2 2019 3:28:19.5090 PM,.0247
Auth_Check,Auth_Check,KAI,read-64,PASS,,,,,,,,,Dec 2 2019 3:28:19.5110 PM,Dec 2 2019 3:28:19.5380 PM,.0276
Auth_Check,Auth_Check,[KAI] aid tx bd 26 2 24 71 5 10 1d,sendCommand,PASS,,,,,,,,,Dec 2 2019 3:28:19.5400 PM,Dec 2 2019 3:28:19.5720 PM,.0324
Auth_Check,Auth_Check,IOFileHandle,writeCertFile-2,PASS,,,,,,,,,Dec 2 2019 3:28:19.5750 PM,Dec 2 2019 3:28:19.5760 PM,.0015
Auth_Check,Auth_Check,8. Get challenge response,,PASS,,,,,,,,,Dec 2 2019 3:28:19.5770 PM,Dec 2 2019 3:28:19.5770 PM,0
Auth_Check,Auth_Check,[Hid] /usr/local/bin/mfi-cert verify-response /Users/gdlocal/IntelliLog_Unit_1/cert.der /Users/gdlocal/IntelliLog_Unit_1/challenge.bin /Users/gdlocal/IntelliLog_Unit_1/challenge_resp.bin,,PASS,,,,,,,,,Dec 2 2019 3:28:19.6410 PM,Dec 2 2019 3:28:19.6410 PM,0
Auth_Check,Auth_Check,9. Verify challenge response,,PASS,,,,,,,,,Dec 2 2019 3:28:19.6550 PM,Dec 2 2019 3:28:19.6550 PM,0
Finish DRCB,,,,,,,,,,,,,Dec 2 2019 3:28:19.6660 PM,Dec 2 2019 3:28:19.9330 PM,.2669
Finish DRCB,Finish DRCB,DRCB,Finish,PASS,,,,,,,,,Dec 2 2019 3:28:19.6680 PM,Dec 2 2019 3:28:19.9310 PM,.2635
