Test,Plugin,Command,Status,Info,Start Time,End Time,Duration (s)
Read_FATP_SN,StationReportPlugin,isReporting,PASS,,Dec 2 2019 3:27:41.0090 PM,Dec 2 2019 3:27:41.0090 PM,.0004
Read_FATP_SN,KAI,changeDelimiter,PASS,,Dec 2 2019 3:27:41.0120 PM,Dec 2 2019 3:27:41.0120 PM,.0001
Read_FATP_SN,KAI,changeLineTerminator,PASS,,Dec 2 2019 3:27:41.0150 PM,Dec 2 2019 3:27:41.0150 PM,0
Read_FATP_SN,KAI,open,PASS,,Dec 2 2019 3:27:41.0170 PM,Dec 2 2019 3:27:42.6150 PM,1.5983
Read_FATP_SN,KAI,read,PASS,,Dec 2 2019 3:27:42.6170 PM,Dec 2 2019 3:27:42.6420 PM,.0253
Read_FATP_SN,KAI,sendCommand,PASS,,Dec 2 2019 3:27:42.6440 PM,Dec 2 2019 3:27:42.6670 PM,.0229
Start Data Reporting,DRCB,startDataReporting,PASS,,Dec 2 2019 3:27:47.1670 PM,Dec 2 2019 3:27:47.1750 PM,.0075
Start_Control_Bits,DRCB,startControlBits,PASS,,Dec 2 2019 3:27:47.1790 PM,Dec 2 2019 3:27:47.4620 PM,.2827
Get_SFC_Info,SFCSupport,getAttribute,PASS,,Dec 2 2019 3:27:56.7520 PM,Dec 2 2019 3:27:56.8160 PM,.0633
Get_SFC_Info,SFCSupport,getAttribute,PASS,,Dec 2 2019 3:27:56.8180 PM,Dec 2 2019 3:27:56.8410 PM,.0221
Get_SFC_Info,SFCSupport,getAttribute,PASS,,Dec 2 2019 3:27:56.8430 PM,Dec 2 2019 3:27:56.8660 PM,.0225
Get_SFC_Info,SFCSupport,getAttribute,PASS,,Dec 2 2019 3:27:56.8670 PM,Dec 2 2019 3:27:56.8900 PM,.0222
Get_SFC_Info,SFCSupport,getAttribute,PASS,,Dec 2 2019 3:27:56.8910 PM,Dec 2 2019 3:27:56.9130 PM,.0217
Get_SFC_Info,SFCSupport,getAttribute,PASS,,Dec 2 2019 3:27:56.9150 PM,Dec 2 2019 3:27:56.9370 PM,.0227
Get_SFC_Info,SFCSupport,getAttribute,PASS,,Dec 2 2019 3:27:56.9400 PM,Dec 2 2019 3:27:56.9630 PM,.0223
ID_Response,KAI,read,PASS,,Dec 2 2019 3:28:00.8330 PM,Dec 2 2019 3:28:00.8570 PM,.0245
ID_Response,KAI,sendCommand,PASS,,Dec 2 2019 3:28:00.8580 PM,Dec 2 2019 3:28:00.8760 PM,.018
Grape_Connector_Self_Critical_Errors,KAI,changeDelimiter,PASS,,Dec 2 2019 3:28:05.8350 PM,Dec 2 2019 3:28:05.8350 PM,0
Grape_Connector_Self_Critical_Errors,KAI,sendCommand,PASS,,Dec 2 2019 3:28:05.8360 PM,Dec 2 2019 3:28:05.9540 PM,.118
Grape_Connector_Self_Critical_Errors,KAI,changeDelimiter,PASS,,Dec 2 2019 3:28:05.9550 PM,Dec 2 2019 3:28:05.9550 PM,0
Grape_Connector_Self_Critical_Errors,KAI,sendCommand,PASS,,Dec 2 2019 3:28:05.9560 PM,Dec 2 2019 3:28:05.9810 PM,.025
Grape_Connector_Self_Critical_Errors,KAI,read,PASS,,Dec 2 2019 3:28:06.9830 PM,Dec 2 2019 3:28:07.0070 PM,.0244
Grape_Connector_Self_Critical_Errors,KAI,sendCommand,PASS,,Dec 2 2019 3:28:08.0790 PM,Dec 2 2019 3:28:08.1080 PM,.0295
Grape_Connector_Self_Critical_Errors,KAI,sendCommand,PASS,,Dec 2 2019 3:28:08.2790 PM,Dec 2 2019 3:28:08.3000 PM,.0209
Auth_Check,KAI,changeDelimiter,PASS,,Dec 2 2019 3:28:12.2720 PM,Dec 2 2019 3:28:12.2720 PM,0
Auth_Check,KAI,sendCommand,PASS,,Dec 2 2019 3:28:12.2730 PM,Dec 2 2019 3:28:12.3910 PM,.1182
Auth_Check,KAI,changeDelimiter,PASS,,Dec 2 2019 3:28:12.9640 PM,Dec 2 2019 3:28:12.9640 PM,0
Auth_Check,KAI,sendCommand,PASS,,Dec 2 2019 3:28:12.9650 PM,Dec 2 2019 3:28:12.9830 PM,.0175
Auth_Check,KAI,read,PASS,,Dec 2 2019 3:28:16.0570 PM,Dec 2 2019 3:28:16.0780 PM,.0217
Auth_Check,KAI,read,PASS,,Dec 2 2019 3:28:16.0910 PM,Dec 2 2019 3:28:16.1150 PM,.0238
Auth_Check,KAI,sendCommand,PASS,,Dec 2 2019 3:28:16.1160 PM,Dec 2 2019 3:28:16.1490 PM,.0326
Auth_Check,KAI,read,PASS,,Dec 2 2019 3:28:16.1510 PM,Dec 2 2019 3:28:16.1750 PM,.0237
Auth_Check,KAI,read,PASS,,Dec 2 2019 3:28:16.1770 PM,Dec 2 2019 3:28:16.1990 PM,.0226
Auth_Check,KAI,sendCommand,PASS,,Dec 2 2019 3:28:16.2000 PM,Dec 2 2019 3:28:16.2170 PM,.0164
Auth_Check,KAI,read,PASS,,Dec 2 2019 3:28:16.2200 PM,Dec 2 2019 3:28:16.2420 PM,.0216
Auth_Check,KAI,sendCommand,PASS,,Dec 2 2019 3:28:16.2430 PM,Dec 2 2019 3:28:16.2750 PM,.0322
Auth_Check,KAI,read,PASS,,Dec 2 2019 3:28:16.2770 PM,Dec 2 2019 3:28:16.3010 PM,.0233
Auth_Check,KAI,read,PASS,,Dec 2 2019 3:28:16.3020 PM,Dec 2 2019 3:28:16.3260 PM,.0239
Auth_Check,KAI,sendCommand,PASS,,Dec 2 2019 3:28:16.3270 PM,Dec 2 2019 3:28:16.3440 PM,.0163
Auth_Check,KAI,read,PASS,,Dec 2 2019 3:28:16.3470 PM,Dec 2 2019 3:28:16.3750 PM,.0286
Auth_Check,KAI,sendCommand,PASS,,Dec 2 2019 3:28:16.3770 PM,Dec 2 2019 3:28:16.4090 PM,.0326
Auth_Check,KAI,read,PASS,,Dec 2 2019 3:28:16.4110 PM,Dec 2 2019 3:28:16.4350 PM,.0234
Auth_Check,KAI,read,PASS,,Dec 2 2019 3:28:16.4360 PM,Dec 2 2019 3:28:16.4590 PM,.0224
Auth_Check,KAI,sendCommand,PASS,,Dec 2 2019 3:28:16.4600 PM,Dec 2 2019 3:28:16.4770 PM,.0168
Auth_Check,KAI,read,PASS,,Dec 2 2019 3:28:16.4790 PM,Dec 2 2019 3:28:16.5060 PM,.0274
Auth_Check,KAI,read,PASS,,Dec 2 2019 3:28:16.5080 PM,Dec 2 2019 3:28:16.5360 PM,.0285
Auth_Check,KAI,sendCommand,PASS,,Dec 2 2019 3:28:16.5370 PM,Dec 2 2019 3:28:16.5540 PM,.0162
Auth_Check,KAI,read,PASS,,Dec 2 2019 3:28:16.5560 PM,Dec 2 2019 3:28:16.5850 PM,.0286
Auth_Check,KAI,read,PASS,,Dec 2 2019 3:28:16.5860 PM,Dec 2 2019 3:28:16.6110 PM,.0248
Auth_Check,KAI,sendCommand,PASS,,Dec 2 2019 3:28:16.6130 PM,Dec 2 2019 3:28:16.6300 PM,.0166
Auth_Check,KAI,read,PASS,,Dec 2 2019 3:28:16.6320 PM,Dec 2 2019 3:28:16.6570 PM,.0244
Auth_Check,KAI,read,PASS,,Dec 2 2019 3:28:16.6610 PM,Dec 2 2019 3:28:16.6850 PM,.0232
Auth_Check,KAI,sendCommand,PASS,,Dec 2 2019 3:28:16.6860 PM,Dec 2 2019 3:28:16.7030 PM,.0163
Auth_Check,KAI,read,PASS,,Dec 2 2019 3:28:16.7050 PM,Dec 2 2019 3:28:16.7260 PM,.0209
Auth_Check,KAI,sendCommand,PASS,,Dec 2 2019 3:28:16.7280 PM,Dec 2 2019 3:28:16.7590 PM,.0319
Auth_Check,KAI,read,PASS,,Dec 2 2019 3:28:16.7620 PM,Dec 2 2019 3:28:16.7850 PM,.0235
Auth_Check,KAI,read,PASS,,Dec 2 2019 3:28:16.7870 PM,Dec 2 2019 3:28:16.8160 PM,.0292
Auth_Check,KAI,sendCommand,PASS,,Dec 2 2019 3:28:16.8170 PM,Dec 2 2019 3:28:16.8330 PM,.0163
Auth_Check,KAI,read,PASS,,Dec 2 2019 3:28:16.8360 PM,Dec 2 2019 3:28:16.8560 PM,.0208
Auth_Check,KAI,read,PASS,,Dec 2 2019 3:28:16.8580 PM,Dec 2 2019 3:28:16.8870 PM,.0285
Auth_Check,KAI,sendCommand,PASS,,Dec 2 2019 3:28:16.8880 PM,Dec 2 2019 3:28:16.9040 PM,.0169
Auth_Check,KAI,read,PASS,,Dec 2 2019 3:28:16.9070 PM,Dec 2 2019 3:28:16.9370 PM,.0297
Auth_Check,KAI,read,PASS,,Dec 2 2019 3:28:16.9390 PM,Dec 2 2019 3:28:16.9670 PM,.0279
Auth_Check,KAI,sendCommand,PASS,,Dec 2 2019 3:28:16.9680 PM,Dec 2 2019 3:28:16.9860 PM,.0173
Auth_Check,KAI,read,PASS,,Dec 2 2019 3:28:16.9880 PM,Dec 2 2019 3:28:17.0110 PM,.0232
Auth_Check,KAI,read,PASS,,Dec 2 2019 3:28:17.0140 PM,Dec 2 2019 3:28:17.0370 PM,.023
Auth_Check,KAI,sendCommand,PASS,,Dec 2 2019 3:28:17.0380 PM,Dec 2 2019 3:28:17.0540 PM,.0163
Auth_Check,KAI,read,PASS,,Dec 2 2019 3:28:17.0580 PM,Dec 2 2019 3:28:17.0830 PM,.0251
Auth_Check,KAI,sendCommand,PASS,,Dec 2 2019 3:28:17.0840 PM,Dec 2 2019 3:28:17.1160 PM,.0314
Auth_Check,KAI,read,PASS,,Dec 2 2019 3:28:17.1180 PM,Dec 2 2019 3:28:17.1470 PM,.0291
Auth_Check,KAI,read,PASS,,Dec 2 2019 3:28:17.1480 PM,Dec 2 2019 3:28:17.1770 PM,.0286
Auth_Check,KAI,sendCommand,PASS,,Dec 2 2019 3:28:17.1780 PM,Dec 2 2019 3:28:17.2100 PM,.0324
Auth_Check,KAI,read,PASS,,Dec 2 2019 3:28:17.2130 PM,Dec 2 2019 3:28:17.2350 PM,.0218
Auth_Check,KAI,read,PASS,,Dec 2 2019 3:28:17.2360 PM,Dec 2 2019 3:28:17.2570 PM,.0205
Auth_Check,KAI,sendCommand,PASS,,Dec 2 2019 3:28:17.2580 PM,Dec 2 2019 3:28:17.2900 PM,.0321
Auth_Check,KAI,read,PASS,,Dec 2 2019 3:28:17.2930 PM,Dec 2 2019 3:28:17.3150 PM,.0222
Auth_Check,KAI,read,PASS,,Dec 2 2019 3:28:17.3160 PM,Dec 2 2019 3:28:17.3370 PM,.0205
Auth_Check,KAI,sendCommand,PASS,,Dec 2 2019 3:28:17.3380 PM,Dec 2 2019 3:28:17.3700 PM,.0318
Auth_Check,KAI,read,PASS,,Dec 2 2019 3:28:17.3720 PM,Dec 2 2019 3:28:17.3950 PM,.0224
Auth_Check,KAI,read,PASS,,Dec 2 2019 3:28:17.3960 PM,Dec 2 2019 3:28:17.4180 PM,.0213
Auth_Check,KAI,sendCommand,PASS,,Dec 2 2019 3:28:17.4190 PM,Dec 2 2019 3:28:17.4510 PM,.0317
Auth_Check,KAI,read,PASS,,Dec 2 2019 3:28:17.4540 PM,Dec 2 2019 3:28:17.4770 PM,.0234
Auth_Check,KAI,sendCommand,PASS,,Dec 2 2019 3:28:17.4780 PM,Dec 2 2019 3:28:17.5100 PM,.0314
Auth_Check,KAI,read,PASS,,Dec 2 2019 3:28:17.5120 PM,Dec 2 2019 3:28:17.5360 PM,.0237
Auth_Check,KAI,read,PASS,,Dec 2 2019 3:28:17.5370 PM,Dec 2 2019 3:28:17.5630 PM,.0258
Auth_Check,KAI,sendCommand,PASS,,Dec 2 2019 3:28:17.5640 PM,Dec 2 2019 3:28:17.5950 PM,.0314
Auth_Check,KAI,read,PASS,,Dec 2 2019 3:28:17.5980 PM,Dec 2 2019 3:28:17.6270 PM,.0289
Auth_Check,KAI,read,PASS,,Dec 2 2019 3:28:17.6290 PM,Dec 2 2019 3:28:17.6510 PM,.0223
Auth_Check,KAI,sendCommand,PASS,,Dec 2 2019 3:28:17.6520 PM,Dec 2 2019 3:28:17.6840 PM,.0324
Auth_Check,KAI,read,PASS,,Dec 2 2019 3:28:17.6870 PM,Dec 2 2019 3:28:17.7150 PM,.0282
Auth_Check,KAI,read,PASS,,Dec 2 2019 3:28:17.7160 PM,Dec 2 2019 3:28:17.7370 PM,.0209
Auth_Check,KAI,sendCommand,PASS,,Dec 2 2019 3:28:17.7390 PM,Dec 2 2019 3:28:17.7710 PM,.0324
Auth_Check,KAI,read,PASS,,Dec 2 2019 3:28:17.7730 PM,Dec 2 2019 3:28:17.7970 PM,.024
Auth_Check,KAI,read,PASS,,Dec 2 2019 3:28:17.7990 PM,Dec 2 2019 3:28:17.8270 PM,.0285
Auth_Check,KAI,sendCommand,PASS,,Dec 2 2019 3:28:17.8290 PM,Dec 2 2019 3:28:17.8610 PM,.0321
Auth_Check,KAI,read,PASS,,Dec 2 2019 3:28:17.8640 PM,Dec 2 2019 3:28:17.8930 PM,.0291
Auth_Check,KAI,sendCommand,PASS,,Dec 2 2019 3:28:17.8940 PM,Dec 2 2019 3:28:17.9270 PM,.0331
Auth_Check,KAI,read,PASS,,Dec 2 2019 3:28:17.9320 PM,Dec 2 2019 3:28:17.9580 PM,.0258
Auth_Check,KAI,read,PASS,,Dec 2 2019 3:28:17.9590 PM,Dec 2 2019 3:28:17.9810 PM,.0214
Auth_Check,KAI,sendCommand,PASS,,Dec 2 2019 3:28:17.9820 PM,Dec 2 2019 3:28:18.0140 PM,.0318
Auth_Check,KAI,read,PASS,,Dec 2 2019 3:28:18.0160 PM,Dec 2 2019 3:28:18.0380 PM,.0219
Auth_Check,KAI,read,PASS,,Dec 2 2019 3:28:18.0390 PM,Dec 2 2019 3:28:18.0670 PM,.0275
Auth_Check,KAI,sendCommand,PASS,,Dec 2 2019 3:28:18.0680 PM,Dec 2 2019 3:28:18.1000 PM,.0323
Auth_Check,KAI,read,PASS,,Dec 2 2019 3:28:18.1030 PM,Dec 2 2019 3:28:18.1280 PM,.0251
Auth_Check,KAI,read,PASS,,Dec 2 2019 3:28:18.1290 PM,Dec 2 2019 3:28:18.1580 PM,.0286
Auth_Check,KAI,sendCommand,PASS,,Dec 2 2019 3:28:18.1590 PM,Dec 2 2019 3:28:18.1910 PM,.0321
Auth_Check,IOFileHandle,writeCertFile,PASS,,Dec 2 2019 3:28:18.1960 PM,Dec 2 2019 3:28:18.2020 PM,.0062
Auth_Check,KAI,read,PASS,,Dec 2 2019 3:28:18.3110 PM,Dec 2 2019 3:28:18.3350 PM,.0237
Auth_Check,KAI,sendCommand,PASS,,Dec 2 2019 3:28:18.3360 PM,Dec 2 2019 3:28:18.3680 PM,.0317
Auth_Check,KAI,read,PASS,,Dec 2 2019 3:28:18.3710 PM,Dec 2 2019 3:28:18.3980 PM,.0265
Auth_Check,KAI,sendCommand,PASS,,Dec 2 2019 3:28:18.3990 PM,Dec 2 2019 3:28:18.4420 PM,.0426
Auth_Check,KAI,read,PASS,,Dec 2 2019 3:28:18.4440 PM,Dec 2 2019 3:28:18.4680 PM,.0237
Auth_Check,KAI,sendCommand,PASS,,Dec 2 2019 3:28:18.4690 PM,Dec 2 2019 3:28:18.5000 PM,.0313
Auth_Check,KAI,read,PASS,,Dec 2 2019 3:28:19.0770 PM,Dec 2 2019 3:28:19.0990 PM,.0221
Auth_Check,KAI,sendCommand,PASS,,Dec 2 2019 3:28:19.1000 PM,Dec 2 2019 3:28:19.1320 PM,.032
Auth_Check,KAI,read,PASS,,Dec 2 2019 3:28:19.1340 PM,Dec 2 2019 3:28:19.1590 PM,.0248
Auth_Check,KAI,read,PASS,,Dec 2 2019 3:28:19.1600 PM,Dec 2 2019 3:28:19.1870 PM,.0262
Auth_Check,KAI,sendCommand,PASS,,Dec 2 2019 3:28:19.1880 PM,Dec 2 2019 3:28:19.2040 PM,.0166
Auth_Check,KAI,read,PASS,,Dec 2 2019 3:28:19.2070 PM,Dec 2 2019 3:28:19.2300 PM,.0223
Auth_Check,KAI,sendCommand,PASS,,Dec 2 2019 3:28:19.2310 PM,Dec 2 2019 3:28:19.2630 PM,.0319
Auth_Check,KAI,read,PASS,,Dec 2 2019 3:28:19.2650 PM,Dec 2 2019 3:28:19.2890 PM,.0243
Auth_Check,KAI,read,PASS,,Dec 2 2019 3:28:19.2920 PM,Dec 2 2019 3:28:19.3150 PM,.0225
Auth_Check,KAI,sendCommand,PASS,,Dec 2 2019 3:28:19.3160 PM,Dec 2 2019 3:28:19.3330 PM,.0165
Auth_Check,KAI,read,PASS,,Dec 2 2019 3:28:19.3360 PM,Dec 2 2019 3:28:19.3570 PM,.0217
Auth_Check,KAI,sendCommand,PASS,,Dec 2 2019 3:28:19.3590 PM,Dec 2 2019 3:28:19.3900 PM,.0318
Auth_Check,KAI,read,PASS,,Dec 2 2019 3:28:19.3930 PM,Dec 2 2019 3:28:19.4190 PM,.0265
Auth_Check,KAI,read,PASS,,Dec 2 2019 3:28:19.4210 PM,Dec 2 2019 3:28:19.4490 PM,.0281
Auth_Check,KAI,sendCommand,PASS,,Dec 2 2019 3:28:19.4500 PM,Dec 2 2019 3:28:19.4820 PM,.0321
Auth_Check,KAI,read,PASS,,Dec 2 2019 3:28:19.4840 PM,Dec 2 2019 3:28:19.5090 PM,.0247
Auth_Check,KAI,read,PASS,,Dec 2 2019 3:28:19.5110 PM,Dec 2 2019 3:28:19.5380 PM,.0276
Auth_Check,KAI,sendCommand,PASS,,Dec 2 2019 3:28:19.5400 PM,Dec 2 2019 3:28:19.5720 PM,.0325
Auth_Check,IOFileHandle,writeCertFile,PASS,,Dec 2 2019 3:28:19.5750 PM,Dec 2 2019 3:28:19.5760 PM,.0015
Finish DRCB,DRCB,finish,PASS,,Dec 2 2019 3:28:19.6680 PM,Dec 2 2019 3:28:19.9310 PM,.2636
