document_version, 1.0
station_name,SW-DOWNLOAD
station_id,FXLH_F05-4FT-02_2_SW-DOWNLOAD
station_sw,Atlas
station_sw_version,Atlas

tag,start_time,duration
Scan_SN, 1567564193.52, 8.03
Get_SFC_Info, 1567564201.55, 0.05
BUILD_EVENT, 1567564201.60, 0.00
S_BUILD, 1567564201.60, 0.00
WO_SN, 1567564201.60, 0.00
SUB_SN, 1567564201.60, 0.00
UNIT_LBL, 1567564201.61, 0.00
P203_FW_DEV, 1567564201.61, 0.02
EP_DISABLE_TP, 1567564201.63, 7.15
Auth_Check, 1567564208.79, 4.13
Query_MLB_SN, 1567564212.92, 0.00
Read_MLB_SN, 1567564212.92, 1.04
Check_MLB_SN, 1567564213.97, 0.00
Read_STFW_Version_Before_DL, 1567564213.97, 0.48
Read_MTFW_Version_Before_DL, 1567564214.45, 0.48
Read_CCG3_FW_Version_Before_DL, 1567564214.93, 0.97
Program_Main_FW, 1567564215.91, 41.90
Program_MTFW, 1567564257.81, 0.00
Read_Main_FW_Version_After_DL, 1567564257.81, 0.43
Read_MTFW_After_DL, 1567564258.24, 0.42
Read_CCG3_FW_After_DL, 1567564258.66, 0.87
full_test_durations, 1567564193.50, 66.03
