Related Test,Name-1,Name-2,Name-3,Status,Info,Measurement,Units,Upper Limit,Lower Limit,Relaxed Upper Limit,Relaxed Lower Limit,Limit Units,Start Time,End Time,Duration (s)
Scan_SN,,,,,,,,,,,,,Sep 4 2019 10:29:53.5190 AM,Sep 4 2019 10:30:01.5450 AM,8.0262
Scan_SN,Scan_SN,AtlasApp-Hyperion,show-form,PASS,,,,,,,,,Sep 4 2019 10:29:53.5200 AM,Sep 4 2019 10:29:55.1330 AM,1.6132
Scan_SN,Scan_SN,ECB,changeDelimiter,PASS,,,,,,,,,Sep 4 2019 10:29:55.1350 AM,Sep 4 2019 10:29:55.1350 AM,0
Scan_SN,Scan_SN,ECB,changeLineTerminator,PASS,,,,,,,,,Sep 4 2019 10:29:55.1370 AM,Sep 4 2019 10:29:55.1370 AM,0
Scan_SN,Scan_SN,ECB,open,PASS,,,,,,,,,Sep 4 2019 10:29:55.1390 AM,Sep 4 2019 10:29:56.7290 AM,1.5903
Scan_SN,Scan_SN,ECB,read,PASS,,,,,,,,,Sep 4 2019 10:29:56.7310 AM,Sep 4 2019 10:29:56.7600 AM,.0289
Scan_SN,Scan_SN,P203,changeDelimiter,PASS,,,,,,,,,Sep 4 2019 10:29:56.7620 AM,Sep 4 2019 10:29:56.7620 AM,0
Scan_SN,Scan_SN,P203,changeLineTerminator,PASS,,,,,,,,,Sep 4 2019 10:29:56.7640 AM,Sep 4 2019 10:29:56.7640 AM,0
Scan_SN,Scan_SN,P203,open,PASS,,,,,,,,,Sep 4 2019 10:29:56.7650 AM,Sep 4 2019 10:29:58.3590 AM,1.5935
Scan_SN,Scan_SN,P203,read,PASS,,,,,,,,,Sep 4 2019 10:29:58.3610 AM,Sep 4 2019 10:29:58.3890 AM,.0288
Scan_SN,Scan_SN,[ECB] SIGNAL CONTROL(1),sendCommand,PASS,,,,,,,,,Sep 4 2019 10:29:58.9630 AM,Sep 4 2019 10:29:58.9880 AM,.0248
Scan_SN,Scan_SN,[Hid] /usr/local/bin/hidreport -v 0x05ac -p 0x026E -i 0 get 0x12,,PASS,,,,,,,,,Sep 4 2019 10:30:01.1650 AM,Sep 4 2019 10:30:01.1650 AM,0
Scan_SN,Scan_SN,IOFileHandle,writeToFile,PASS,,,,,,,,,Sep 4 2019 10:30:01.1660 AM,Sep 4 2019 10:30:01.1670 AM,.0005
Scan_SN,Scan_SN,StationReportPlugin,isReporting,PASS,,,,,,,,,Sep 4 2019 10:30:01.5440 AM,Sep 4 2019 10:30:01.5440 AM,0
Get_SFC_Info,,,,,,,,,,,,,Sep 4 2019 10:30:01.5480 AM,Sep 4 2019 10:30:01.5950 AM,.0468
Get_SFC_Info,Get_SFC_Info,SFCSupport,getAttributes,PASS,,,,,,,,,Sep 4 2019 10:30:01.5500 AM,Sep 4 2019 10:30:01.5760 AM,.0262
Get_SFC_Info,Get_SFC_Info,GET SFC info - wo_no,WMT-J80009,PASS,,,,,,,,,Sep 4 2019 10:30:01.5770 AM,Sep 4 2019 10:30:01.5770 AM,0
Get_SFC_Info,Get_SFC_Info,SFCSupport,getAttributes-2,PASS,,,,,,,,,Sep 4 2019 10:30:01.5780 AM,Sep 4 2019 10:30:01.5820 AM,.0042
Get_SFC_Info,Get_SFC_Info,GET SFC info - pansa,DKB9357006DN67807,PASS,,,,,,,,,Sep 4 2019 10:30:01.5830 AM,Sep 4 2019 10:30:01.5830 AM,0
Get_SFC_Info,Get_SFC_Info,SFCSupport,getAttributes-3,PASS,,,,,,,,,Sep 4 2019 10:30:01.5840 AM,Sep 4 2019 10:30:01.5880 AM,.0039
Get_SFC_Info,Get_SFC_Info,GET SFC info - unit_lbl,R118-P2_P21AEN-LHWTE2_C00255,PASS,,,,,,,,,Sep 4 2019 10:30:01.5890 AM,Sep 4 2019 10:30:01.5890 AM,0
Get_SFC_Info,Get_SFC_Info,SFCSupport,getAttributes-4,PASS,,,,,,,,,Sep 4 2019 10:30:01.5900 AM,Sep 4 2019 10:30:01.5940 AM,.0041
Get_SFC_Info,Get_SFC_Info,GET SFC info - mlb_sn,DLX9354003LN6R520,PASS,,,,,,,,,Sep 4 2019 10:30:01.5950 AM,Sep 4 2019 10:30:01.5950 AM,0
BUILD_EVENT,,,,,,,,,,,,,Sep 4 2019 10:30:01.5970 AM,Sep 4 2019 10:30:01.5980 AM,.0005
BUILD_EVENT,BUILD_EVENT,Build_EVENT,R118-P2,PASS,,,,,,,,,Sep 4 2019 10:30:01.5980 AM,Sep 4 2019 10:30:01.5980 AM,0
S_BUILD,,,,,,,,,,,,,Sep 4 2019 10:30:01.6000 AM,Sep 4 2019 10:30:01.6000 AM,.0005
S_BUILD,S_BUILD,S_BUILD,R118-P2_P21AEN-LHWTE2,PASS,,,,,,,,,Sep 4 2019 10:30:01.6000 AM,Sep 4 2019 10:30:01.6000 AM,0
WO_SN,,,,,,,,,,,,,Sep 4 2019 10:30:01.6020 AM,Sep 4 2019 10:30:01.6030 AM,.0007
WO_SN,WO_SN,Get wo_no Pass,,PASS,,,,,,,,,Sep 4 2019 10:30:01.6030 AM,Sep 4 2019 10:30:01.6030 AM,0
SUB_SN,,,,,,,,,,,,,Sep 4 2019 10:30:01.6050 AM,Sep 4 2019 10:30:01.6060 AM,.0006
SUB_SN,SUB_SN,Get pansa Pass,,PASS,,,,,,,,,Sep 4 2019 10:30:01.6050 AM,Sep 4 2019 10:30:01.6050 AM,0
UNIT_LBL,,,,,,,,,,,,,Sep 4 2019 10:30:01.6080 AM,Sep 4 2019 10:30:01.6090 AM,.0009
UNIT_LBL,UNIT_LBL,Get unit_lbl Pass,,PASS,,,,,,,,,Sep 4 2019 10:30:01.6080 AM,Sep 4 2019 10:30:01.6080 AM,0
P203_FW_DEV,,,,,,,,,,,,,Sep 4 2019 10:30:01.6110 AM,Sep 4 2019 10:30:01.6320 AM,.0213
P203_FW_DEV,P203_FW_DEV,[P203] v,sendCommand,PASS,,,,,,,,,Sep 4 2019 10:30:01.6120 AM,Sep 4 2019 10:30:01.6310 AM,.0188
P203_FW_DEV,P203_FW_DEV,P203_FW_DEV,,PASS,,,,,,,,,Sep 4 2019 10:30:01.6320 AM,Sep 4 2019 10:30:01.6320 AM,0
EP_DISABLE_TP,,,,,,,,,,,,,Sep 4 2019 10:30:01.6350 AM,Sep 4 2019 10:30:08.7860 AM,7.1517
EP_DISABLE_TP,EP_DISABLE_TP,[Hid] /usr/local/bin/hidreport -p 0x026E -i 0 set 0x3D 0x3D 0x13 0x0 0x0 0x0,,PASS,,,,,,,,,Sep 4 2019 10:30:01.7450 AM,Sep 4 2019 10:30:01.7450 AM,0
EP_DISABLE_TP,EP_DISABLE_TP,IOFileHandle,writeToFile,PASS,,,,,,,,,Sep 4 2019 10:30:01.7470 AM,Sep 4 2019 10:30:01.7480 AM,.0003
EP_DISABLE_TP,EP_DISABLE_TP,[Hid] /usr/local/bin/hidreport -p 0x026E -i 0 set 0x3E 0x3E 0x13 0x0 0x0 0x0 0x2,,PASS,,,,,,,,,Sep 4 2019 10:30:02.2180 AM,Sep 4 2019 10:30:02.2180 AM,0
EP_DISABLE_TP,EP_DISABLE_TP,IOFileHandle,writeToFile-2,PASS,,,,,,,,,Sep 4 2019 10:30:02.2190 AM,Sep 4 2019 10:30:02.2200 AM,.0001
EP_DISABLE_TP,EP_DISABLE_TP,[ECB] SIGNAL CONTROL(0),sendCommand,PASS,,,,,,,,,Sep 4 2019 10:30:02.5920 AM,Sep 4 2019 10:30:02.6150 AM,.0226
EP_DISABLE_TP,EP_DISABLE_TP,[ECB] SIGNAL CONTROL(1),sendCommand,PASS,,,,,,,,,Sep 4 2019 10:30:05.6900 AM,Sep 4 2019 10:30:05.7140 AM,.0243
Auth_Check,,,,,,,,,,,,,Sep 4 2019 10:30:08.7890 AM,Sep 4 2019 10:30:12.9120 AM,4.1229
Auth_Check,Auth_Check,P203,read,PASS,,,,,,,,,Sep 4 2019 10:30:08.7910 AM,Sep 4 2019 10:30:08.7910 AM,.0002
Auth_Check,Auth_Check,P203,read-2,PASS,,,,,,,,,Sep 4 2019 10:30:08.7920 AM,Sep 4 2019 10:30:08.8160 AM,.0242
Auth_Check,Auth_Check,[P203] aid tx bd 1 3 24 71 4 10 0 00,sendCommandChars,PASS,,,,,,,,,Sep 4 2019 10:30:08.8180 AM,Sep 4 2019 10:30:08.8840 AM,.0658
Auth_Check,Auth_Check,P203,read-3,PASS,,,,,,,,,Sep 4 2019 10:30:08.8880 AM,Sep 4 2019 10:30:08.8880 AM,.0004
Auth_Check,Auth_Check,P203,read-4,PASS,,,,,,,,,Sep 4 2019 10:30:08.8910 AM,Sep 4 2019 10:30:08.9140 AM,.0236
Auth_Check,Auth_Check,P203,read-5,PASS,,,,,,,,,Sep 4 2019 10:30:08.9160 AM,Sep 4 2019 10:30:08.9460 AM,.0303
Auth_Check,Auth_Check,[P203] aid tx bd 2 2 24 71 4 10 8,sendCommandChars,PASS,,,,,,,,,Sep 4 2019 10:30:08.9480 AM,Sep 4 2019 10:30:08.9820 AM,.0336
Auth_Check,Auth_Check,1. Fetch device info,,PASS,,,,,,,,,Sep 4 2019 10:30:08.9840 AM,Sep 4 2019 10:30:08.9840 AM,0
Auth_Check,Auth_Check,      version: 0x07,,PASS,,,,,,,,,Sep 4 2019 10:30:08.9840 AM,Sep 4 2019 10:30:08.9840 AM,0
Auth_Check,Auth_Check,auth revision: 0x01,,PASS,,,,,,,,,Sep 4 2019 10:30:08.9840 AM,Sep 4 2019 10:30:08.9840 AM,0
Auth_Check,Auth_Check,auth protocol: 0x0300,,PASS,,,,,,,,,Sep 4 2019 10:30:08.9840 AM,Sep 4 2019 10:30:08.9840 AM,0
Auth_Check,Auth_Check,    device ID: 0x00000300,,PASS,,,,,,,,,Sep 4 2019 10:30:08.9840 AM,Sep 4 2019 10:30:08.9840 AM,0
Auth_Check,Auth_Check,P203,read-6,PASS,,,,,,,,,Sep 4 2019 10:30:08.9860 AM,Sep 4 2019 10:30:08.9860 AM,.0002
Auth_Check,Auth_Check,P203,read-7,PASS,,,,,,,,,Sep 4 2019 10:30:08.9870 AM,Sep 4 2019 10:30:09.0100 AM,.0232
Auth_Check,Auth_Check,[P203] aid tx bd 3 3 24 71 4 10 0 30,sendCommandChars,PASS,,,,,,,,,Sep 4 2019 10:30:09.0120 AM,Sep 4 2019 10:30:09.0470 AM,.0356
Auth_Check,Auth_Check,P203,read-8,PASS,,,,,,,,,Sep 4 2019 10:30:09.0500 AM,Sep 4 2019 10:30:09.0500 AM,.0001
Auth_Check,Auth_Check,P203,read-9,PASS,,,,,,,,,Sep 4 2019 10:30:09.0510 AM,Sep 4 2019 10:30:09.0770 AM,.0262
Auth_Check,Auth_Check,P203,read-10,PASS,,,,,,,,,Sep 4 2019 10:30:09.0790 AM,Sep 4 2019 10:30:09.1070 AM,.0281
Auth_Check,Auth_Check,[P203] aid tx bd 4 2 24 71 4 10 2,sendCommandChars,PASS,,,,,,,,,Sep 4 2019 10:30:09.1090 AM,Sep 4 2019 10:30:09.1440 AM,.035
Auth_Check,Auth_Check,2. Fetch cert length,,PASS,,,,,,,,,Sep 4 2019 10:30:09.1460 AM,Sep 4 2019 10:30:09.1460 AM,0
Auth_Check,Auth_Check,P203,read-11,PASS,,,,,,,,,Sep 4 2019 10:30:09.1490 AM,Sep 4 2019 10:30:09.1490 AM,.0003
Auth_Check,Auth_Check,P203,read-12,PASS,,,,,,,,,Sep 4 2019 10:30:09.1530 AM,Sep 4 2019 10:30:09.1780 AM,.025
Auth_Check,Auth_Check,[P203] aid tx bd 5 3 24 71 4 10 0 31,sendCommandChars,PASS,,,,,,,,,Sep 4 2019 10:30:09.1800 AM,Sep 4 2019 10:30:09.2190 AM,.0393
Auth_Check,Auth_Check,P203,read-13,PASS,,,,,,,,,Sep 4 2019 10:30:09.2220 AM,Sep 4 2019 10:30:09.2230 AM,.0002
Auth_Check,Auth_Check,P203,read-14,PASS,,,,,,,,,Sep 4 2019 10:30:09.2240 AM,Sep 4 2019 10:30:09.2470 AM,.0231
Auth_Check,Auth_Check,P203,read-15,PASS,,,,,,,,,Sep 4 2019 10:30:09.2500 AM,Sep 4 2019 10:30:09.2740 AM,.0239
Auth_Check,Auth_Check,[P203] aid tx bd 6 2 24 71 4 10 23,sendCommandChars,PASS,,,,,,,,,Sep 4 2019 10:30:09.2760 AM,Sep 4 2019 10:30:09.3110 AM,.0349
Auth_Check,Auth_Check,P203,read-16,PASS,,,,,,,,,Sep 4 2019 10:30:09.3130 AM,Sep 4 2019 10:30:09.3130 AM,.0001
Auth_Check,Auth_Check,P203,read-17,PASS,,,,,,,,,Sep 4 2019 10:30:09.3150 AM,Sep 4 2019 10:30:09.3380 AM,.0231
Auth_Check,Auth_Check,P203,read-18,PASS,,,,,,,,,Sep 4 2019 10:30:09.3400 AM,Sep 4 2019 10:30:09.3640 AM,.0237
Auth_Check,Auth_Check,[P203] aid tx bd 7 2 24 71 4 10 23,sendCommandChars,PASS,,,,,,,,,Sep 4 2019 10:30:09.3650 AM,Sep 4 2019 10:30:09.4030 AM,.0375
Auth_Check,Auth_Check,P203,read-19,PASS,,,,,,,,,Sep 4 2019 10:30:09.4060 AM,Sep 4 2019 10:30:09.4060 AM,.0002
Auth_Check,Auth_Check,P203,read-20,PASS,,,,,,,,,Sep 4 2019 10:30:09.4070 AM,Sep 4 2019 10:30:09.4370 AM,.0301
Auth_Check,Auth_Check,P203,read-21,PASS,,,,,,,,,Sep 4 2019 10:30:09.4390 AM,Sep 4 2019 10:30:09.4600 AM,.0208
Auth_Check,Auth_Check,[P203] aid tx bd 8 2 24 71 4 10 23,sendCommandChars,PASS,,,,,,,,,Sep 4 2019 10:30:09.4610 AM,Sep 4 2019 10:30:09.4830 AM,.0214
Auth_Check,Auth_Check,P203,read-22,PASS,,,,,,,,,Sep 4 2019 10:30:09.4850 AM,Sep 4 2019 10:30:09.4980 AM,.0128
Auth_Check,Auth_Check,P203,read-23,PASS,,,,,,,,,Sep 4 2019 10:30:09.5000 AM,Sep 4 2019 10:30:09.5280 AM,.0281
Auth_Check,Auth_Check,P203,read-24,PASS,,,,,,,,,Sep 4 2019 10:30:09.5300 AM,Sep 4 2019 10:30:09.5540 AM,.0245
Auth_Check,Auth_Check,[P203] aid tx bd 9 2 24 71 4 10 17,sendCommandChars,PASS,,,,,,,,,Sep 4 2019 10:30:09.5550 AM,Sep 4 2019 10:30:09.5900 AM,.035
Auth_Check,Auth_Check,P203,read-25,PASS,,,,,,,,,Sep 4 2019 10:30:09.5940 AM,Sep 4 2019 10:30:09.5940 AM,.0001
Auth_Check,Auth_Check,P203,read-26,PASS,,,,,,,,,Sep 4 2019 10:30:09.5950 AM,Sep 4 2019 10:30:09.6180 AM,.0227
Auth_Check,Auth_Check,[P203] aid tx bd a 3 24 71 4 10 0 32,sendCommandChars,PASS,,,,,,,,,Sep 4 2019 10:30:09.6190 AM,Sep 4 2019 10:30:09.6550 AM,.0361
Auth_Check,Auth_Check,P203,read-27,PASS,,,,,,,,,Sep 4 2019 10:30:09.6580 AM,Sep 4 2019 10:30:09.6580 AM,.0002
Auth_Check,Auth_Check,P203,read-28,PASS,,,,,,,,,Sep 4 2019 10:30:09.6590 AM,Sep 4 2019 10:30:09.6880 AM,.0287
Auth_Check,Auth_Check,P203,read-29,PASS,,,,,,,,,Sep 4 2019 10:30:09.6900 AM,Sep 4 2019 10:30:09.7180 AM,.0282
Auth_Check,Auth_Check,[P203] aid tx bd b 2 24 71 4 10 23,sendCommandChars,PASS,,,,,,,,,Sep 4 2019 10:30:09.7190 AM,Sep 4 2019 10:30:09.7540 AM,.0348
Auth_Check,Auth_Check,P203,read-30,PASS,,,,,,,,,Sep 4 2019 10:30:09.7570 AM,Sep 4 2019 10:30:09.7570 AM,.0001
Auth_Check,Auth_Check,P203,read-31,PASS,,,,,,,,,Sep 4 2019 10:30:09.7580 AM,Sep 4 2019 10:30:09.7880 AM,.0298
Auth_Check,Auth_Check,P203,read-32,PASS,,,,,,,,,Sep 4 2019 10:30:09.7900 AM,Sep 4 2019 10:30:09.8100 AM,.0204
Auth_Check,Auth_Check,[P203] aid tx bd c 2 24 71 4 10 23,sendCommandChars,PASS,,,,,,,,,Sep 4 2019 10:30:09.8120 AM,Sep 4 2019 10:30:09.8330 AM,.0213
Auth_Check,Auth_Check,P203,read-33,PASS,,,,,,,,,Sep 4 2019 10:30:09.8360 AM,Sep 4 2019 10:30:09.8360 AM,.0002
Auth_Check,Auth_Check,P203,read-34,PASS,,,,,,,,,Sep 4 2019 10:30:09.8370 AM,Sep 4 2019 10:30:09.8580 AM,.0213
Auth_Check,Auth_Check,P203,read-35,PASS,,,,,,,,,Sep 4 2019 10:30:09.8600 AM,Sep 4 2019 10:30:09.8900 AM,.0301
Auth_Check,Auth_Check,[P203] aid tx bd d 2 24 71 4 10 23,sendCommandChars,PASS,,,,,,,,,Sep 4 2019 10:30:09.8920 AM,Sep 4 2019 10:30:09.9150 AM,.0229
Auth_Check,Auth_Check,P203,read-36,PASS,,,,,,,,,Sep 4 2019 10:30:09.9170 AM,Sep 4 2019 10:30:09.9300 AM,.013
Auth_Check,Auth_Check,P203,read-37,PASS,,,,,,,,,Sep 4 2019 10:30:09.9320 AM,Sep 4 2019 10:30:09.9520 AM,.0204
Auth_Check,Auth_Check,P203,read-38,PASS,,,,,,,,,Sep 4 2019 10:30:09.9540 AM,Sep 4 2019 10:30:09.9780 AM,.024
Auth_Check,Auth_Check,[P203] aid tx bd e 2 24 71 4 10 17,sendCommandChars,PASS,,,,,,,,,Sep 4 2019 10:30:09.9790 AM,Sep 4 2019 10:30:10.0130 AM,.034
Auth_Check,Auth_Check,P203,read-39,PASS,,,,,,,,,Sep 4 2019 10:30:10.0170 AM,Sep 4 2019 10:30:10.0170 AM,.0002
Auth_Check,Auth_Check,P203,read-40,PASS,,,,,,,,,Sep 4 2019 10:30:10.0180 AM,Sep 4 2019 10:30:10.0460 AM,.028
Auth_Check,Auth_Check,[P203] aid tx bd f 3 24 71 4 10 0 33,sendCommandChars,PASS,,,,,,,,,Sep 4 2019 10:30:10.0470 AM,Sep 4 2019 10:30:10.0820 AM,.035
Auth_Check,Auth_Check,P203,read-41,PASS,,,,,,,,,Sep 4 2019 10:30:10.0850 AM,Sep 4 2019 10:30:10.0850 AM,.0001
Auth_Check,Auth_Check,P203,read-42,PASS,,,,,,,,,Sep 4 2019 10:30:10.0860 AM,Sep 4 2019 10:30:10.1070 AM,.0203
Auth_Check,Auth_Check,P203,read-43,PASS,,,,,,,,,Sep 4 2019 10:30:10.1080 AM,Sep 4 2019 10:30:10.1330 AM,.0247
Auth_Check,Auth_Check,[P203] aid tx bd 10 2 24 71 4 10 23,sendCommandChars,PASS,,,,,,,,,Sep 4 2019 10:30:10.1350 AM,Sep 4 2019 10:30:10.1690 AM,.0348
Auth_Check,Auth_Check,P203,read-44,PASS,,,,,,,,,Sep 4 2019 10:30:10.1720 AM,Sep 4 2019 10:30:10.1720 AM,.0002
Auth_Check,Auth_Check,P203,read-45,PASS,,,,,,,,,Sep 4 2019 10:30:10.1740 AM,Sep 4 2019 10:30:10.1980 AM,.0248
Auth_Check,Auth_Check,P203,read-46,PASS,,,,,,,,,Sep 4 2019 10:30:10.2000 AM,Sep 4 2019 10:30:10.2290 AM,.0281
Auth_Check,Auth_Check,[P203] aid tx bd 11 2 24 71 4 10 23,sendCommandChars,PASS,,,,,,,,,Sep 4 2019 10:30:10.2300 AM,Sep 4 2019 10:30:10.2660 AM,.0363
Auth_Check,Auth_Check,P203,read-47,PASS,,,,,,,,,Sep 4 2019 10:30:10.2700 AM,Sep 4 2019 10:30:10.2700 AM,.0004
Auth_Check,Auth_Check,P203,read-48,PASS,,,,,,,,,Sep 4 2019 10:30:10.2720 AM,Sep 4 2019 10:30:10.2990 AM,.0266
Auth_Check,Auth_Check,P203,read-49,PASS,,,,,,,,,Sep 4 2019 10:30:10.3010 AM,Sep 4 2019 10:30:10.3290 AM,.0282
Auth_Check,Auth_Check,[P203] aid tx bd 12 2 24 71 4 10 23,sendCommandChars,PASS,,,,,,,,,Sep 4 2019 10:30:10.3300 AM,Sep 4 2019 10:30:10.3650 AM,.0348
Auth_Check,Auth_Check,P203,read-50,PASS,,,,,,,,,Sep 4 2019 10:30:10.3680 AM,Sep 4 2019 10:30:10.3680 AM,.0001
Auth_Check,Auth_Check,P203,read-51,PASS,,,,,,,,,Sep 4 2019 10:30:10.3690 AM,Sep 4 2019 10:30:10.3990 AM,.0301
Auth_Check,Auth_Check,P203,read-52,PASS,,,,,,,,,Sep 4 2019 10:30:10.4010 AM,Sep 4 2019 10:30:10.4290 AM,.0282
Auth_Check,Auth_Check,[P203] aid tx bd 13 2 24 71 4 10 17,sendCommandChars,PASS,,,,,,,,,Sep 4 2019 10:30:10.4310 AM,Sep 4 2019 10:30:10.4650 AM,.0345
Auth_Check,Auth_Check,P203,read-53,PASS,,,,,,,,,Sep 4 2019 10:30:10.4680 AM,Sep 4 2019 10:30:10.4680 AM,.0001
Auth_Check,Auth_Check,P203,read-54,PASS,,,,,,,,,Sep 4 2019 10:30:10.4700 AM,Sep 4 2019 10:30:10.4990 AM,.0298
Auth_Check,Auth_Check,[P203] aid tx bd 14 3 24 71 4 10 0 34,sendCommandChars,PASS,,,,,,,,,Sep 4 2019 10:30:10.5010 AM,Sep 4 2019 10:30:10.5360 AM,.0353
Auth_Check,Auth_Check,P203,read-55,PASS,,,,,,,,,Sep 4 2019 10:30:10.5390 AM,Sep 4 2019 10:30:10.5390 AM,.0001
Auth_Check,Auth_Check,P203,read-56,PASS,,,,,,,,,Sep 4 2019 10:30:10.5400 AM,Sep 4 2019 10:30:10.5700 AM,.0298
Auth_Check,Auth_Check,P203,read-57,PASS,,,,,,,,,Sep 4 2019 10:30:10.5720 AM,Sep 4 2019 10:30:10.6000 AM,.0283
Auth_Check,Auth_Check,[P203] aid tx bd 15 2 24 71 4 10 23,sendCommandChars,PASS,,,,,,,,,Sep 4 2019 10:30:10.6030 AM,Sep 4 2019 10:30:10.6400 AM,.0374
Auth_Check,Auth_Check,P203,read-58,PASS,,,,,,,,,Sep 4 2019 10:30:10.6420 AM,Sep 4 2019 10:30:10.6430 AM,.0001
Auth_Check,Auth_Check,P203,read-59,PASS,,,,,,,,,Sep 4 2019 10:30:10.6440 AM,Sep 4 2019 10:30:10.6700 AM,.0263
Auth_Check,Auth_Check,P203,read-60,PASS,,,,,,,,,Sep 4 2019 10:30:10.6720 AM,Sep 4 2019 10:30:10.7000 AM,.0283
Auth_Check,Auth_Check,[P203] aid tx bd 16 2 24 71 4 10 23,sendCommandChars,PASS,,,,,,,,,Sep 4 2019 10:30:10.7020 AM,Sep 4 2019 10:30:10.7380 AM,.036
Auth_Check,Auth_Check,P203,read-61,PASS,,,,,,,,,Sep 4 2019 10:30:10.7410 AM,Sep 4 2019 10:30:10.7410 AM,.0001
Auth_Check,Auth_Check,P203,read-62,PASS,,,,,,,,,Sep 4 2019 10:30:10.7420 AM,Sep 4 2019 10:30:10.7710 AM,.0285
Auth_Check,Auth_Check,P203,read-63,PASS,,,,,,,,,Sep 4 2019 10:30:10.7720 AM,Sep 4 2019 10:30:10.8010 AM,.0284
Auth_Check,Auth_Check,[P203] aid tx bd 17 2 24 71 4 10 23,sendCommandChars,PASS,,,,,,,,,Sep 4 2019 10:30:10.8020 AM,Sep 4 2019 10:30:10.8380 AM,.0352
Auth_Check,Auth_Check,P203,read-64,PASS,,,,,,,,,Sep 4 2019 10:30:10.8400 AM,Sep 4 2019 10:30:10.8400 AM,.0001
Auth_Check,Auth_Check,P203,read-65,PASS,,,,,,,,,Sep 4 2019 10:30:10.8420 AM,Sep 4 2019 10:30:10.8690 AM,.0277
Auth_Check,Auth_Check,P203,read-66,PASS,,,,,,,,,Sep 4 2019 10:30:10.8710 AM,Sep 4 2019 10:30:10.9010 AM,.03
Auth_Check,Auth_Check,[P203] aid tx bd 18 2 24 71 4 10 17,sendCommandChars,PASS,,,,,,,,,Sep 4 2019 10:30:10.9030 AM,Sep 4 2019 10:30:10.9380 AM,.0356
Auth_Check,Auth_Check,P203,read-67,PASS,,,,,,,,,Sep 4 2019 10:30:10.9430 AM,Sep 4 2019 10:30:10.9430 AM,.0001
Auth_Check,Auth_Check,P203,read-68,PASS,,,,,,,,,Sep 4 2019 10:30:10.9450 AM,Sep 4 2019 10:30:10.9710 AM,.0269
Auth_Check,Auth_Check,[P203] aid tx bd 19 3 24 71 4 10 0 35,sendCommandChars,PASS,,,,,,,,,Sep 4 2019 10:30:10.9730 AM,Sep 4 2019 10:30:11.0080 AM,.0352
Auth_Check,Auth_Check,P203,read-69,PASS,,,,,,,,,Sep 4 2019 10:30:11.0110 AM,Sep 4 2019 10:30:11.0110 AM,.0002
Auth_Check,Auth_Check,P203,read-70,PASS,,,,,,,,,Sep 4 2019 10:30:11.0120 AM,Sep 4 2019 10:30:11.0420 AM,.0294
Auth_Check,Auth_Check,P203,read-71,PASS,,,,,,,,,Sep 4 2019 10:30:11.0450 AM,Sep 4 2019 10:30:11.0720 AM,.0271
Auth_Check,Auth_Check,[P203] aid tx bd 1a 2 24 71 4 10 23,sendCommandChars,PASS,,,,,,,,,Sep 4 2019 10:30:11.0730 AM,Sep 4 2019 10:30:11.1080 AM,.0347
Auth_Check,Auth_Check,P203,read-72,PASS,,,,,,,,,Sep 4 2019 10:30:11.1110 AM,Sep 4 2019 10:30:11.1110 AM,.0001
Auth_Check,Auth_Check,P203,read-73,PASS,,,,,,,,,Sep 4 2019 10:30:11.1120 AM,Sep 4 2019 10:30:11.1350 AM,.0224
Auth_Check,Auth_Check,P203,read-74,PASS,,,,,,,,,Sep 4 2019 10:30:11.1360 AM,Sep 4 2019 10:30:11.1620 AM,.0258
Auth_Check,Auth_Check,[P203] aid tx bd 1b 2 24 71 4 10 23,sendCommandChars,PASS,,,,,,,,,Sep 4 2019 10:30:11.1640 AM,Sep 4 2019 10:30:11.1990 AM,.0348
Auth_Check,Auth_Check,P203,read-75,PASS,,,,,,,,,Sep 4 2019 10:30:11.2010 AM,Sep 4 2019 10:30:11.2020 AM,.0001
Auth_Check,Auth_Check,P203,read-76,PASS,,,,,,,,,Sep 4 2019 10:30:11.2030 AM,Sep 4 2019 10:30:11.2320 AM,.0297
Auth_Check,Auth_Check,P203,read-77,PASS,,,,,,,,,Sep 4 2019 10:30:11.2340 AM,Sep 4 2019 10:30:11.2630 AM,.0283
Auth_Check,Auth_Check,[P203] aid tx bd 1c 2 24 71 4 10 19,sendCommandChars,PASS,,,,,,,,,Sep 4 2019 10:30:11.2650 AM,Sep 4 2019 10:30:11.3010 AM,.0355
Auth_Check,Auth_Check,3. Fetch cert,,PASS,,,,,,,,,Sep 4 2019 10:30:11.3020 AM,Sep 4 2019 10:30:11.3020 AM,0
Auth_Check,Auth_Check,IOFileHandle,writeCertFile,PASS,,,,,,,,,Sep 4 2019 10:30:11.3050 AM,Sep 4 2019 10:30:11.3110 AM,.0062
Auth_Check,Auth_Check,4. Save cert,,PASS,,,,,,,,,Sep 4 2019 10:30:11.3130 AM,Sep 4 2019 10:30:11.3130 AM,0
Auth_Check,Auth_Check,[HID] /usr/local/bin/mfi-cert validate-cert v3 /Users/gdlocal/Intelli_Log/cert.der,,PASS,,,,,,,,,Sep 4 2019 10:30:11.3550 AM,Sep 4 2019 10:30:11.3550 AM,0
Auth_Check,Auth_Check,5. Validate cert,,PASS,,,,,,,,,Sep 4 2019 10:30:11.3560 AM,Sep 4 2019 10:30:11.3560 AM,0
Auth_Check,Auth_Check,[HID] /usr/local/bin/mfi-cert gen-challenge /Users/gdlocal/Intelli_Log/cert.der /Users/gdlocal/Intelli_Log/challenge.bin,,PASS,,,,,,,,,Sep 4 2019 10:30:11.3980 AM,Sep 4 2019 10:30:11.3980 AM,0
Auth_Check,Auth_Check,6. Generate challenge,,PASS,,,,,,,,,Sep 4 2019 10:30:11.3990 AM,Sep 4 2019 10:30:11.3990 AM,0
Auth_Check,Auth_Check,P203,read-78,PASS,,,,,,,,,Sep 4 2019 10:30:11.4080 AM,Sep 4 2019 10:30:11.4080 AM,.0002
Auth_Check,Auth_Check,P203,read-79,PASS,,,,,,,,,Sep 4 2019 10:30:11.4090 AM,Sep 4 2019 10:30:11.4330 AM,.0236
Auth_Check,Auth_Check,[P203] aid tx bd 1d 5 24 71 4 10 0 20 00 20,sendCommandChars,PASS,,,,,,,,,Sep 4 2019 10:30:11.4340 AM,Sep 4 2019 10:30:11.4570 AM,.0226
Auth_Check,Auth_Check,P203,read-80,PASS,,,,,,,,,Sep 4 2019 10:30:11.4610 AM,Sep 4 2019 10:30:11.4720 AM,.011
Auth_Check,Auth_Check,P203,read-81,PASS,,,,,,,,,Sep 4 2019 10:30:11.4740 AM,Sep 4 2019 10:30:11.5030 AM,.0297
Auth_Check,Auth_Check,[P203] aid tx bd 1e 23 24 71 4 10 0 21 3f 51 9a bf 8a d0 73 eb 07 10 16 3a c7 4c 0d c6 8e 61 ab 88 73 82 cc 76 65 53 1a 2d 25 05 cc 15,sendCommandChars,PASS,,,,,,,,,Sep 4 2019 10:30:11.5050 AM,Sep 4 2019 10:30:11.5750 AM,.0704
Auth_Check,Auth_Check,P203,read-82,PASS,,,,,,,,,Sep 4 2019 10:30:11.5790 AM,Sep 4 2019 10:30:11.5790 AM,.0002
Auth_Check,Auth_Check,P203,read-83,PASS,,,,,,,,,Sep 4 2019 10:30:11.5800 AM,Sep 4 2019 10:30:11.6040 AM,.0235
Auth_Check,Auth_Check,[P203] aid tx bd 1f 4 24 71 4 10 0 10 01,sendCommandChars,PASS,,,,,,,,,Sep 4 2019 10:30:11.6050 AM,Sep 4 2019 10:30:11.6410 AM,.0365
Auth_Check,Auth_Check,P203,read-84,PASS,,,,,,,,,Sep 4 2019 10:30:12.2180 AM,Sep 4 2019 10:30:12.2180 AM,.0002
Auth_Check,Auth_Check,P203,read-85,PASS,,,,,,,,,Sep 4 2019 10:30:12.2190 AM,Sep 4 2019 10:30:12.2470 AM,.0278
Auth_Check,Auth_Check,[P203] aid tx bd 20 3 24 71 4 10 0 10,sendCommandChars,PASS,,,,,,,,,Sep 4 2019 10:30:12.2490 AM,Sep 4 2019 10:30:12.3150 AM,.0665
Auth_Check,Auth_Check,P203,read-86,PASS,,,,,,,,,Sep 4 2019 10:30:12.3180 AM,Sep 4 2019 10:30:12.3180 AM,.0001
Auth_Check,Auth_Check,P203,read-87,PASS,,,,,,,,,Sep 4 2019 10:30:12.3190 AM,Sep 4 2019 10:30:12.3480 AM,.0285
Auth_Check,Auth_Check,P203,read-88,PASS,,,,,,,,,Sep 4 2019 10:30:12.3500 AM,Sep 4 2019 10:30:12.3780 AM,.028
Auth_Check,Auth_Check,[P203] aid tx bd 21 2 24 71 4 10 1,sendCommandChars,PASS,,,,,,,,,Sep 4 2019 10:30:12.3790 AM,Sep 4 2019 10:30:12.4130 AM,.0339
Auth_Check,Auth_Check,7. Send challenge,,PASS,,,,,,,,,Sep 4 2019 10:30:12.4150 AM,Sep 4 2019 10:30:12.4150 AM,0
Auth_Check,Auth_Check,P203,read-89,PASS,,,,,,,,,Sep 4 2019 10:30:12.4160 AM,Sep 4 2019 10:30:12.4170 AM,.0001
Auth_Check,Auth_Check,P203,read-90,PASS,,,,,,,,,Sep 4 2019 10:30:12.4180 AM,Sep 4 2019 10:30:12.4480 AM,.0303
Auth_Check,Auth_Check,[P203] aid tx bd 22 3 24 71 4 10 0 11,sendCommandChars,PASS,,,,,,,,,Sep 4 2019 10:30:12.4490 AM,Sep 4 2019 10:30:12.4850 AM,.0355
Auth_Check,Auth_Check,P203,read-91,PASS,,,,,,,,,Sep 4 2019 10:30:12.4870 AM,Sep 4 2019 10:30:12.4880 AM,.0001
Auth_Check,Auth_Check,P203,read-92,PASS,,,,,,,,,Sep 4 2019 10:30:12.4890 AM,Sep 4 2019 10:30:12.5140 AM,.0257
Auth_Check,Auth_Check,P203,read-93,PASS,,,,,,,,,Sep 4 2019 10:30:12.5160 AM,Sep 4 2019 10:30:12.5380 AM,.0219
Auth_Check,Auth_Check,[P203] aid tx bd 23 2 24 71 4 10 2,sendCommandChars,PASS,,,,,,,,,Sep 4 2019 10:30:12.5400 AM,Sep 4 2019 10:30:12.5750 AM,.035
Auth_Check,Auth_Check,P203,read-94,PASS,,,,,,,,,Sep 4 2019 10:30:12.5780 AM,Sep 4 2019 10:30:12.5780 AM,.0002
Auth_Check,Auth_Check,P203,read-95,PASS,,,,,,,,,Sep 4 2019 10:30:12.5790 AM,Sep 4 2019 10:30:12.6090 AM,.0292
Auth_Check,Auth_Check,[P203] aid tx bd 24 3 24 71 4 10 0 12,sendCommandChars,PASS,,,,,,,,,Sep 4 2019 10:30:12.6100 AM,Sep 4 2019 10:30:12.6460 AM,.0354
Auth_Check,Auth_Check,P203,read-96,PASS,,,,,,,,,Sep 4 2019 10:30:12.6480 AM,Sep 4 2019 10:30:12.6480 AM,.0001
Auth_Check,Auth_Check,P203,read-97,PASS,,,,,,,,,Sep 4 2019 10:30:12.6490 AM,Sep 4 2019 10:30:12.6700 AM,.0209
Auth_Check,Auth_Check,P203,read-98,PASS,,,,,,,,,Sep 4 2019 10:30:12.6720 AM,Sep 4 2019 10:30:12.6990 AM,.0266
Auth_Check,Auth_Check,[P203] aid tx bd 25 2 24 71 4 10 23,sendCommandChars,PASS,,,,,,,,,Sep 4 2019 10:30:12.7000 AM,Sep 4 2019 10:30:12.7360 AM,.0359
Auth_Check,Auth_Check,P203,read-99,PASS,,,,,,,,,Sep 4 2019 10:30:12.7390 AM,Sep 4 2019 10:30:12.7390 AM,.0001
Auth_Check,Auth_Check,P203,read-100,PASS,,,,,,,,,Sep 4 2019 10:30:12.7400 AM,Sep 4 2019 10:30:12.7690 AM,.0289
Auth_Check,Auth_Check,P203,read-101,PASS,,,,,,,,,Sep 4 2019 10:30:12.7710 AM,Sep 4 2019 10:30:12.7990 AM,.0282
Auth_Check,Auth_Check,[P203] aid tx bd 26 2 24 71 4 10 1d,sendCommandChars,PASS,,,,,,,,,Sep 4 2019 10:30:12.8010 AM,Sep 4 2019 10:30:12.8380 AM,.037
Auth_Check,Auth_Check,IOFileHandle,writeCertFile-2,PASS,,,,,,,,,Sep 4 2019 10:30:12.8410 AM,Sep 4 2019 10:30:12.8420 AM,.0009
Auth_Check,Auth_Check,8. Get challenge response,,PASS,,,,,,,,,Sep 4 2019 10:30:12.8430 AM,Sep 4 2019 10:30:12.8430 AM,0
Auth_Check,Auth_Check,[HID] /usr/local/bin/mfi-cert verify-response /Users/gdlocal/Intelli_Log/cert.der /Users/gdlocal/Intelli_Log/challenge.bin /Users/gdlocal/Intelli_Log/challenge_resp.bin,,PASS,,,,,,,,,Sep 4 2019 10:30:12.9090 AM,Sep 4 2019 10:30:12.9090 AM,0
Auth_Check,Auth_Check,9. Verify challenge response,,PASS,,,,,,,,,Sep 4 2019 10:30:12.9110 AM,Sep 4 2019 10:30:12.9110 AM,0
Query_MLB_SN,,,,,,,,,,,,,Sep 4 2019 10:30:12.9220 AM,Sep 4 2019 10:30:12.9220 AM,.0005
Query_MLB_SN,Query_MLB_SN,Query_MLB_SN,DLX9354003LN6R520,PASS,,,,,,,,,Sep 4 2019 10:30:12.9220 AM,Sep 4 2019 10:30:12.9220 AM,0
Read_MLB_SN,,,,,,,,,,,,,Sep 4 2019 10:30:12.9250 AM,Sep 4 2019 10:30:13.9650 AM,1.0409
Read_MLB_SN,Read_MLB_SN,[Hid] /usr/local/bin/hidreport -v 0x05ac -p 0x026E -i 0 get 0x12,,PASS,,,,,,,,,Sep 4 2019 10:30:13.5960 AM,Sep 4 2019 10:30:13.5960 AM,0
Read_MLB_SN,Read_MLB_SN,IOFileHandle,writeToFile,PASS,,,,,,,,,Sep 4 2019 10:30:13.5970 AM,Sep 4 2019 10:30:13.5970 AM,.0002
Read_MLB_SN,Read_MLB_SN,Read_MLB_SN,DLX9354003LN6R520,PASS,,,,,,,,,Sep 4 2019 10:30:13.9650 AM,Sep 4 2019 10:30:13.9650 AM,0
Check_MLB_SN,,,,,,,,,,,,,Sep 4 2019 10:30:13.9680 AM,Sep 4 2019 10:30:13.9680 AM,.0005
Check_MLB_SN,Check_MLB_SN,Check_MLB_SN,,PASS,,,,,,,,,Sep 4 2019 10:30:13.9680 AM,Sep 4 2019 10:30:13.9680 AM,0
Read_STFW_Version_Before_DL,,,,,,,,,,,,,Sep 4 2019 10:30:13.9700 AM,Sep 4 2019 10:30:14.4470 AM,.477
Read_STFW_Version_Before_DL,Read_STFW_Version_Before_DL,[Hid] /usr/local/bin/hidreport -p 0x026E -i 0 get 0xB4,,PASS,,,,,,,,,Sep 4 2019 10:30:14.0740 AM,Sep 4 2019 10:30:14.0740 AM,0
Read_STFW_Version_Before_DL,Read_STFW_Version_Before_DL,IOFileHandle,writeToFile,PASS,,,,,,,,,Sep 4 2019 10:30:14.0750 AM,Sep 4 2019 10:30:14.0750 AM,.0001
Read_STFW_Version_Before_DL,Read_STFW_Version_Before_DL,Read_STFW_Version_Before_DL,0x0160,PASS,,,,,,,,,Sep 4 2019 10:30:14.4470 AM,Sep 4 2019 10:30:14.4470 AM,0
Read_STFW_Version_Before_DL,Read_STFW_Version_Before_DL,Read_STFW_Version_Before_DL,,PASS,,352,NA,,,,,NA,Sep 4 2019 10:30:14.4470 AM,Sep 4 2019 10:30:14.4470 AM,0
Read_MTFW_Version_Before_DL,,,,,,,,,,,,,Sep 4 2019 10:30:14.4500 AM,Sep 4 2019 10:30:14.9290 AM,.4797
Read_MTFW_Version_Before_DL,Read_MTFW_Version_Before_DL,[Hid] /usr/local/bin/hidreport -p 0x026E -i 0 get 0xbb,,PASS,,,,,,,,,Sep 4 2019 10:30:14.5520 AM,Sep 4 2019 10:30:14.5520 AM,0
Read_MTFW_Version_Before_DL,Read_MTFW_Version_Before_DL,IOFileHandle,writeToFile,PASS,,,,,,,,,Sep 4 2019 10:30:14.5530 AM,Sep 4 2019 10:30:14.5530 AM,.0002
Read_MTFW_Version_Before_DL,Read_MTFW_Version_Before_DL,Read_MTFW_Version_Before_DL,0x0505,PASS,,,,,,,,,Sep 4 2019 10:30:14.9290 AM,Sep 4 2019 10:30:14.9290 AM,0
Read_MTFW_Version_Before_DL,Read_MTFW_Version_Before_DL,Read_MTFW_Version_Before_DL,,PASS,,1285,NA,,,,,NA,Sep 4 2019 10:30:14.9290 AM,Sep 4 2019 10:30:14.9290 AM,0
Read_CCG3_FW_Version_Before_DL,,,,,,,,,,,,,Sep 4 2019 10:30:14.9320 AM,Sep 4 2019 10:30:15.9040 AM,.9719
Read_CCG3_FW_Version_Before_DL,Read_CCG3_FW_Version_Before_DL,"[Hid] /usr/local/bin/hidreport -v 0x05ac -p 0x026E -usage 0xff00,0xb set 0xCE 0xCE 6 6 0",,PASS,,,,,,,,,Sep 4 2019 10:30:15.0300 AM,Sep 4 2019 10:30:15.0300 AM,0
Read_CCG3_FW_Version_Before_DL,Read_CCG3_FW_Version_Before_DL,IOFileHandle,writeToFile,PASS,,,,,,,,,Sep 4 2019 10:30:15.0310 AM,Sep 4 2019 10:30:15.0310 AM,.0001
Read_CCG3_FW_Version_Before_DL,Read_CCG3_FW_Version_Before_DL,"[Hid] /usr/local/bin/hidreport -p 0x026E -usage 0xff00,0xb get 0xA0",,PASS,,,,,,,,,Sep 4 2019 10:30:15.5290 AM,Sep 4 2019 10:30:15.5290 AM,0
Read_CCG3_FW_Version_Before_DL,Read_CCG3_FW_Version_Before_DL,IOFileHandle,writeToFile-2,PASS,,,,,,,,,Sep 4 2019 10:30:15.5310 AM,Sep 4 2019 10:30:15.5310 AM,.0001
Read_CCG3_FW_Version_Before_DL,Read_CCG3_FW_Version_Before_DL,Read_CCG3_FW_Version_Before_DL,A0 02 00 0A 00 0A 00 0A,PASS,,,,,,,,,Sep 4 2019 10:30:15.9040 AM,Sep 4 2019 10:30:15.9040 AM,0
Program_Main_FW,,,,,,,,,,,,,Sep 4 2019 10:30:15.9070 AM,Sep 4 2019 10:30:57.8030 AM,41.896
Program_Main_FW,Program_Main_FW,[Hid] /usr/local/bin/hidreport -p 0x026E -i 0 get 0xBC,,PASS,,,,,,,,,Sep 4 2019 10:30:15.9590 AM,Sep 4 2019 10:30:15.9590 AM,0
Program_Main_FW,Program_Main_FW,IOFileHandle,writeToFile,PASS,,,,,,,,,Sep 4 2019 10:30:15.9610 AM,Sep 4 2019 10:30:15.9610 AM,.0001
Program_Main_FW,Program_Main_FW,[P203] ,sendCommand,PASS,,,,,,,,,Sep 4 2019 10:30:16.3370 AM,Sep 4 2019 10:30:16.3380 AM,.0008
Program_Main_FW,Program_Main_FW,[P203] flags ~ro,sendCommandChars,PASS,,,,,,,,,Sep 4 2019 10:30:16.3390 AM,Sep 4 2019 10:30:16.3530 AM,.0133
Program_Main_FW,Program_Main_FW,P203,read,PASS,,,,,,,,,Sep 4 2019 10:30:16.3540 AM,Sep 4 2019 10:30:16.3540 AM,.0002
Program_Main_FW,Program_Main_FW,P203,read-2,PASS,,,,,,,,,Sep 4 2019 10:30:16.3560 AM,Sep 4 2019 10:30:16.3560 AM,.0001
Program_Main_FW,Program_Main_FW,P203,read-3,PASS,,,,,,,,,Sep 4 2019 10:30:16.3570 AM,Sep 4 2019 10:30:16.3570 AM,.0001
Program_Main_FW,Program_Main_FW,P203,read-4,PASS,,,,,,,,,Sep 4 2019 10:30:16.3580 AM,Sep 4 2019 10:30:16.3860 AM,.0276
Program_Main_FW,Program_Main_FW,[P203] aid hsena 1,sendCommandChars,PASS,,,,,,,,,Sep 4 2019 10:30:16.3890 AM,Sep 4 2019 10:30:16.4320 AM,.0437
Program_Main_FW,Program_Main_FW,P203,read-5,PASS,,,,,,,,,Sep 4 2019 10:30:16.4340 AM,Sep 4 2019 10:30:16.4340 AM,.0001
Program_Main_FW,Program_Main_FW,P203,read-6,PASS,,,,,,,,,Sep 4 2019 10:30:16.4350 AM,Sep 4 2019 10:30:16.4560 AM,.0212
Program_Main_FW,Program_Main_FW,HSAID enabled,,PASS,,,,,,,,,Sep 4 2019 10:30:16.4570 AM,Sep 4 2019 10:30:16.4570 AM,0
Program_Main_FW,Program_Main_FW,[Hid] /usr/local/bin/shfuc -n -v 0x05ac -p 0x026E -f /usr/local/bin/R128-v0x0160-dev-signed.118.P2.afu,,PASS,,,,,,,,,Sep 4 2019 10:30:48.1670 AM,Sep 4 2019 10:30:48.1670 AM,0
Program_Main_FW,Program_Main_FW,IOFileHandle,writeToFile-2,PASS,,,,,,,,,Sep 4 2019 10:30:48.1690 AM,Sep 4 2019 10:30:48.1690 AM,.0002
Program_Main_FW,Program_Main_FW,Program_Main_FW,,PASS,,,,,,,,,Sep 4 2019 10:30:48.5430 AM,Sep 4 2019 10:30:48.5430 AM,0
Program_Main_FW,Program_Main_FW,[ECB] SIGNAL CONTROL(0),sendCommand,PASS,,,,,,,,,Sep 4 2019 10:30:51.6110 AM,Sep 4 2019 10:30:51.6350 AM,.0245
Program_Main_FW,Program_Main_FW,[ECB] SIGNAL CONTROL(1),sendCommand,PASS,,,,,,,,,Sep 4 2019 10:30:54.7080 AM,Sep 4 2019 10:30:54.7350 AM,.0263
Program_MTFW,,,,,,,,,,,,,Sep 4 2019 10:30:57.8060 AM,Sep 4 2019 10:30:57.8070 AM,.0005
Program_MTFW,Program_MTFW,Skip download: already contain V0x0505 Touch FW,,PASS,,,,,,,,,Sep 4 2019 10:30:57.8070 AM,Sep 4 2019 10:30:57.8070 AM,0
Read_Main_FW_Version_After_DL,,,,,,,,,,,,,Sep 4 2019 10:30:57.8090 AM,Sep 4 2019 10:30:58.2360 AM,.4268
Read_Main_FW_Version_After_DL,Read_Main_FW_Version_After_DL,[Hid] /usr/local/bin/hidreport -p 0x026E -i 0 get 0xB4,,PASS,,,,,,,,,Sep 4 2019 10:30:57.8570 AM,Sep 4 2019 10:30:57.8570 AM,0
Read_Main_FW_Version_After_DL,Read_Main_FW_Version_After_DL,IOFileHandle,writeToFile,PASS,,,,,,,,,Sep 4 2019 10:30:57.8590 AM,Sep 4 2019 10:30:57.8590 AM,.0001
Read_Main_FW_Version_After_DL,Read_Main_FW_Version_After_DL,Read_Main_FW_Version_After_DL,0x0160,PASS,,,,,,,,,Sep 4 2019 10:30:58.2350 AM,Sep 4 2019 10:30:58.2350 AM,0
Read_Main_FW_Version_After_DL,Read_Main_FW_Version_After_DL,Read_Main_FW_Version_After_DL,,PASS,,352,,352,352,,,,Sep 4 2019 10:30:58.2350 AM,Sep 4 2019 10:30:58.2350 AM,0
Read_MTFW_After_DL,,,,,,,,,,,,,Sep 4 2019 10:30:58.2380 AM,Sep 4 2019 10:30:58.6570 AM,.4191
Read_MTFW_After_DL,Read_MTFW_After_DL,[Hid] /usr/local/bin/hidreport -p 0x026E -i 0 get 0xbb,,PASS,,,,,,,,,Sep 4 2019 10:30:58.2880 AM,Sep 4 2019 10:30:58.2880 AM,0
Read_MTFW_After_DL,Read_MTFW_After_DL,IOFileHandle,writeToFile,PASS,,,,,,,,,Sep 4 2019 10:30:58.2890 AM,Sep 4 2019 10:30:58.2890 AM,.0002
Read_MTFW_After_DL,Read_MTFW_After_DL,Read_MTFW_After_DL,0x0505,PASS,,,,,,,,,Sep 4 2019 10:30:58.6570 AM,Sep 4 2019 10:30:58.6570 AM,0
Read_MTFW_After_DL,Read_MTFW_After_DL,Read_MTFW_After_DL,,PASS,,1285,,1285,1285,,,,Sep 4 2019 10:30:58.6570 AM,Sep 4 2019 10:30:58.6570 AM,0
Read_CCG3_FW_After_DL,,,,,,,,,,,,,Sep 4 2019 10:30:58.6600 AM,Sep 4 2019 10:30:59.5310 AM,.8718
Read_CCG3_FW_After_DL,Read_CCG3_FW_After_DL,"[Hid] /usr/local/bin/hidreport -v 0x05ac -p 0x026E -usage 0xff00,0xb set 0xCE 0xCE 6 6 0",,PASS,,,,,,,,,Sep 4 2019 10:30:58.7030 AM,Sep 4 2019 10:30:58.7030 AM,0
Read_CCG3_FW_After_DL,Read_CCG3_FW_After_DL,IOFileHandle,writeToFile,PASS,,,,,,,,,Sep 4 2019 10:30:58.7050 AM,Sep 4 2019 10:30:58.7050 AM,.0001
Read_CCG3_FW_After_DL,Read_CCG3_FW_After_DL,"[Hid] /usr/local/bin/hidreport -p 0x026E -usage 0xff00,0xb get 0xA0",,PASS,,,,,,,,,Sep 4 2019 10:30:59.1550 AM,Sep 4 2019 10:30:59.1550 AM,0
Read_CCG3_FW_After_DL,Read_CCG3_FW_After_DL,IOFileHandle,writeToFile-2,PASS,,,,,,,,,Sep 4 2019 10:30:59.1570 AM,Sep 4 2019 10:30:59.1570 AM,.0002
Read_CCG3_FW_After_DL,Read_CCG3_FW_After_DL,Read_CCG3_FW_After_DL,A0 02 00 0A 00 0A 00 0A,PASS,,,,,,,,,Sep 4 2019 10:30:59.5310 AM,Sep 4 2019 10:30:59.5310 AM,0
