Test,Plugin,Command,Status,Info,Start Time,End Time,Duration (s)
Scan_SN,com.apple.hwte.atlas.AppPlugin,show-form,PASS,,Sep 4 2019 10:29:53.5200 AM,Sep 4 2019 10:29:55.1330 AM,1.6132
Scan_SN,ECB,changeDelimiter,PASS,,Sep 4 2019 10:29:55.1350 AM,Sep 4 2019 10:29:55.1350 AM,.0001
Scan_SN,ECB,changeLineTerminator,PASS,,Sep 4 2019 10:29:55.1370 AM,Sep 4 2019 10:29:55.1370 AM,0
Scan_SN,ECB,open,PASS,,Sep 4 2019 10:29:55.1390 AM,Sep 4 2019 10:29:56.7290 AM,1.5903
Scan_SN,ECB,read,PASS,,Sep 4 2019 10:29:56.7310 AM,Sep 4 2019 10:29:56.7600 AM,.0289
Scan_SN,P203,changeDelimiter,PASS,,Sep 4 2019 10:29:56.7620 AM,Sep 4 2019 10:29:56.7620 AM,.0001
Scan_SN,P203,changeLineTerminator,PASS,,Sep 4 2019 10:29:56.7640 AM,Sep 4 2019 10:29:56.7640 AM,0
Scan_SN,P203,open,PASS,,Sep 4 2019 10:29:56.7650 AM,Sep 4 2019 10:29:58.3590 AM,1.5935
Scan_SN,P203,read,PASS,,Sep 4 2019 10:29:58.3610 AM,Sep 4 2019 10:29:58.3890 AM,.0288
Scan_SN,ECB,sendCommand,PASS,,Sep 4 2019 10:29:58.9630 AM,Sep 4 2019 10:29:58.9880 AM,.0248
Scan_SN,IOFileHandle,writeToFile,PASS,,Sep 4 2019 10:30:01.1660 AM,Sep 4 2019 10:30:01.1670 AM,.0005
Scan_SN,StationReportPlugin,isReporting,PASS,,Sep 4 2019 10:30:01.5440 AM,Sep 4 2019 10:30:01.5440 AM,0
Get_SFC_Info,SFCSupport,getAttribute,PASS,,Sep 4 2019 10:30:01.5500 AM,Sep 4 2019 10:30:01.5760 AM,.0263
Get_SFC_Info,SFCSupport,getAttribute,PASS,,Sep 4 2019 10:30:01.5780 AM,Sep 4 2019 10:30:01.5820 AM,.0042
Get_SFC_Info,SFCSupport,getAttribute,PASS,,Sep 4 2019 10:30:01.5840 AM,Sep 4 2019 10:30:01.5880 AM,.0039
Get_SFC_Info,SFCSupport,getAttribute,PASS,,Sep 4 2019 10:30:01.5900 AM,Sep 4 2019 10:30:01.5940 AM,.0042
P203_FW_DEV,P203,sendCommand,PASS,,Sep 4 2019 10:30:01.6120 AM,Sep 4 2019 10:30:01.6310 AM,.0188
EP_DISABLE_TP,IOFileHandle,writeToFile,PASS,,Sep 4 2019 10:30:01.7470 AM,Sep 4 2019 10:30:01.7480 AM,.0004
EP_DISABLE_TP,IOFileHandle,writeToFile,PASS,,Sep 4 2019 10:30:02.2190 AM,Sep 4 2019 10:30:02.2200 AM,.0002
EP_DISABLE_TP,ECB,sendCommand,PASS,,Sep 4 2019 10:30:02.5920 AM,Sep 4 2019 10:30:02.6150 AM,.0227
EP_DISABLE_TP,ECB,sendCommand,PASS,,Sep 4 2019 10:30:05.6900 AM,Sep 4 2019 10:30:05.7140 AM,.0243
Auth_Check,P203,read,PASS,,Sep 4 2019 10:30:08.7910 AM,Sep 4 2019 10:30:08.7910 AM,.0002
Auth_Check,P203,read,PASS,,Sep 4 2019 10:30:08.7920 AM,Sep 4 2019 10:30:08.8160 AM,.0242
Auth_Check,P203,sendCommandChars,PASS,,Sep 4 2019 10:30:08.8180 AM,Sep 4 2019 10:30:08.8840 AM,.0658
Auth_Check,P203,read,PASS,,Sep 4 2019 10:30:08.8880 AM,Sep 4 2019 10:30:08.8880 AM,.0005
Auth_Check,P203,read,PASS,,Sep 4 2019 10:30:08.8910 AM,Sep 4 2019 10:30:08.9140 AM,.0236
Auth_Check,P203,read,PASS,,Sep 4 2019 10:30:08.9160 AM,Sep 4 2019 10:30:08.9460 AM,.0303
Auth_Check,P203,sendCommandChars,PASS,,Sep 4 2019 10:30:08.9480 AM,Sep 4 2019 10:30:08.9820 AM,.0336
Auth_Check,P203,read,PASS,,Sep 4 2019 10:30:08.9860 AM,Sep 4 2019 10:30:08.9860 AM,.0002
Auth_Check,P203,read,PASS,,Sep 4 2019 10:30:08.9870 AM,Sep 4 2019 10:30:09.0100 AM,.0232
Auth_Check,P203,sendCommandChars,PASS,,Sep 4 2019 10:30:09.0120 AM,Sep 4 2019 10:30:09.0470 AM,.0356
Auth_Check,P203,read,PASS,,Sep 4 2019 10:30:09.0500 AM,Sep 4 2019 10:30:09.0500 AM,.0001
Auth_Check,P203,read,PASS,,Sep 4 2019 10:30:09.0510 AM,Sep 4 2019 10:30:09.0770 AM,.0262
Auth_Check,P203,read,PASS,,Sep 4 2019 10:30:09.0790 AM,Sep 4 2019 10:30:09.1070 AM,.0281
Auth_Check,P203,sendCommandChars,PASS,,Sep 4 2019 10:30:09.1090 AM,Sep 4 2019 10:30:09.1440 AM,.035
Auth_Check,P203,read,PASS,,Sep 4 2019 10:30:09.1490 AM,Sep 4 2019 10:30:09.1490 AM,.0003
Auth_Check,P203,read,PASS,,Sep 4 2019 10:30:09.1530 AM,Sep 4 2019 10:30:09.1780 AM,.025
Auth_Check,P203,sendCommandChars,PASS,,Sep 4 2019 10:30:09.1800 AM,Sep 4 2019 10:30:09.2190 AM,.0393
Auth_Check,P203,read,PASS,,Sep 4 2019 10:30:09.2220 AM,Sep 4 2019 10:30:09.2230 AM,.0002
Auth_Check,P203,read,PASS,,Sep 4 2019 10:30:09.2240 AM,Sep 4 2019 10:30:09.2470 AM,.0231
Auth_Check,P203,read,PASS,,Sep 4 2019 10:30:09.2500 AM,Sep 4 2019 10:30:09.2740 AM,.0239
Auth_Check,P203,sendCommandChars,PASS,,Sep 4 2019 10:30:09.2760 AM,Sep 4 2019 10:30:09.3110 AM,.0349
Auth_Check,P203,read,PASS,,Sep 4 2019 10:30:09.3130 AM,Sep 4 2019 10:30:09.3130 AM,.0002
Auth_Check,P203,read,PASS,,Sep 4 2019 10:30:09.3150 AM,Sep 4 2019 10:30:09.3380 AM,.0232
Auth_Check,P203,read,PASS,,Sep 4 2019 10:30:09.3400 AM,Sep 4 2019 10:30:09.3640 AM,.0237
Auth_Check,P203,sendCommandChars,PASS,,Sep 4 2019 10:30:09.3650 AM,Sep 4 2019 10:30:09.4030 AM,.0375
Auth_Check,P203,read,PASS,,Sep 4 2019 10:30:09.4060 AM,Sep 4 2019 10:30:09.4060 AM,.0002
Auth_Check,P203,read,PASS,,Sep 4 2019 10:30:09.4070 AM,Sep 4 2019 10:30:09.4370 AM,.0301
Auth_Check,P203,read,PASS,,Sep 4 2019 10:30:09.4390 AM,Sep 4 2019 10:30:09.4600 AM,.0208
Auth_Check,P203,sendCommandChars,PASS,,Sep 4 2019 10:30:09.4610 AM,Sep 4 2019 10:30:09.4830 AM,.0214
Auth_Check,P203,read,PASS,,Sep 4 2019 10:30:09.4850 AM,Sep 4 2019 10:30:09.4980 AM,.0129
Auth_Check,P203,read,PASS,,Sep 4 2019 10:30:09.5000 AM,Sep 4 2019 10:30:09.5280 AM,.0281
Auth_Check,P203,read,PASS,,Sep 4 2019 10:30:09.5300 AM,Sep 4 2019 10:30:09.5540 AM,.0245
Auth_Check,P203,sendCommandChars,PASS,,Sep 4 2019 10:30:09.5550 AM,Sep 4 2019 10:30:09.5900 AM,.035
Auth_Check,P203,read,PASS,,Sep 4 2019 10:30:09.5940 AM,Sep 4 2019 10:30:09.5940 AM,.0002
Auth_Check,P203,read,PASS,,Sep 4 2019 10:30:09.5950 AM,Sep 4 2019 10:30:09.6180 AM,.0228
Auth_Check,P203,sendCommandChars,PASS,,Sep 4 2019 10:30:09.6190 AM,Sep 4 2019 10:30:09.6550 AM,.0361
Auth_Check,P203,read,PASS,,Sep 4 2019 10:30:09.6580 AM,Sep 4 2019 10:30:09.6580 AM,.0002
Auth_Check,P203,read,PASS,,Sep 4 2019 10:30:09.6590 AM,Sep 4 2019 10:30:09.6880 AM,.0287
Auth_Check,P203,read,PASS,,Sep 4 2019 10:30:09.6900 AM,Sep 4 2019 10:30:09.7180 AM,.0282
Auth_Check,P203,sendCommandChars,PASS,,Sep 4 2019 10:30:09.7190 AM,Sep 4 2019 10:30:09.7540 AM,.0349
Auth_Check,P203,read,PASS,,Sep 4 2019 10:30:09.7570 AM,Sep 4 2019 10:30:09.7570 AM,.0002
Auth_Check,P203,read,PASS,,Sep 4 2019 10:30:09.7580 AM,Sep 4 2019 10:30:09.7880 AM,.0298
Auth_Check,P203,read,PASS,,Sep 4 2019 10:30:09.7900 AM,Sep 4 2019 10:30:09.8100 AM,.0205
Auth_Check,P203,sendCommandChars,PASS,,Sep 4 2019 10:30:09.8120 AM,Sep 4 2019 10:30:09.8330 AM,.0213
Auth_Check,P203,read,PASS,,Sep 4 2019 10:30:09.8360 AM,Sep 4 2019 10:30:09.8360 AM,.0002
Auth_Check,P203,read,PASS,,Sep 4 2019 10:30:09.8370 AM,Sep 4 2019 10:30:09.8580 AM,.0213
Auth_Check,P203,read,PASS,,Sep 4 2019 10:30:09.8600 AM,Sep 4 2019 10:30:09.8900 AM,.0301
Auth_Check,P203,sendCommandChars,PASS,,Sep 4 2019 10:30:09.8920 AM,Sep 4 2019 10:30:09.9150 AM,.0229
Auth_Check,P203,read,PASS,,Sep 4 2019 10:30:09.9170 AM,Sep 4 2019 10:30:09.9300 AM,.013
Auth_Check,P203,read,PASS,,Sep 4 2019 10:30:09.9320 AM,Sep 4 2019 10:30:09.9520 AM,.0204
Auth_Check,P203,read,PASS,,Sep 4 2019 10:30:09.9540 AM,Sep 4 2019 10:30:09.9780 AM,.024
Auth_Check,P203,sendCommandChars,PASS,,Sep 4 2019 10:30:09.9790 AM,Sep 4 2019 10:30:10.0140 AM,.0341
Auth_Check,P203,read,PASS,,Sep 4 2019 10:30:10.0170 AM,Sep 4 2019 10:30:10.0170 AM,.0002
Auth_Check,P203,read,PASS,,Sep 4 2019 10:30:10.0180 AM,Sep 4 2019 10:30:10.0460 AM,.028
Auth_Check,P203,sendCommandChars,PASS,,Sep 4 2019 10:30:10.0470 AM,Sep 4 2019 10:30:10.0820 AM,.035
Auth_Check,P203,read,PASS,,Sep 4 2019 10:30:10.0850 AM,Sep 4 2019 10:30:10.0850 AM,.0002
Auth_Check,P203,read,PASS,,Sep 4 2019 10:30:10.0860 AM,Sep 4 2019 10:30:10.1070 AM,.0203
Auth_Check,P203,read,PASS,,Sep 4 2019 10:30:10.1080 AM,Sep 4 2019 10:30:10.1330 AM,.0248
Auth_Check,P203,sendCommandChars,PASS,,Sep 4 2019 10:30:10.1350 AM,Sep 4 2019 10:30:10.1700 AM,.0349
Auth_Check,P203,read,PASS,,Sep 4 2019 10:30:10.1720 AM,Sep 4 2019 10:30:10.1720 AM,.0002
Auth_Check,P203,read,PASS,,Sep 4 2019 10:30:10.1740 AM,Sep 4 2019 10:30:10.1990 AM,.0249
Auth_Check,P203,read,PASS,,Sep 4 2019 10:30:10.2000 AM,Sep 4 2019 10:30:10.2290 AM,.0281
Auth_Check,P203,sendCommandChars,PASS,,Sep 4 2019 10:30:10.2300 AM,Sep 4 2019 10:30:10.2660 AM,.0363
Auth_Check,P203,read,PASS,,Sep 4 2019 10:30:10.2700 AM,Sep 4 2019 10:30:10.2700 AM,.0004
Auth_Check,P203,read,PASS,,Sep 4 2019 10:30:10.2720 AM,Sep 4 2019 10:30:10.2990 AM,.0266
Auth_Check,P203,read,PASS,,Sep 4 2019 10:30:10.3010 AM,Sep 4 2019 10:30:10.3290 AM,.0282
Auth_Check,P203,sendCommandChars,PASS,,Sep 4 2019 10:30:10.3300 AM,Sep 4 2019 10:30:10.3650 AM,.0348
Auth_Check,P203,read,PASS,,Sep 4 2019 10:30:10.3680 AM,Sep 4 2019 10:30:10.3680 AM,.0002
Auth_Check,P203,read,PASS,,Sep 4 2019 10:30:10.3690 AM,Sep 4 2019 10:30:10.3990 AM,.0301
Auth_Check,P203,read,PASS,,Sep 4 2019 10:30:10.4010 AM,Sep 4 2019 10:30:10.4290 AM,.0282
Auth_Check,P203,sendCommandChars,PASS,,Sep 4 2019 10:30:10.4310 AM,Sep 4 2019 10:30:10.4650 AM,.0345
Auth_Check,P203,read,PASS,,Sep 4 2019 10:30:10.4680 AM,Sep 4 2019 10:30:10.4680 AM,.0002
Auth_Check,P203,read,PASS,,Sep 4 2019 10:30:10.4700 AM,Sep 4 2019 10:30:10.4990 AM,.0298
Auth_Check,P203,sendCommandChars,PASS,,Sep 4 2019 10:30:10.5010 AM,Sep 4 2019 10:30:10.5360 AM,.0353
Auth_Check,P203,read,PASS,,Sep 4 2019 10:30:10.5390 AM,Sep 4 2019 10:30:10.5390 AM,.0002
Auth_Check,P203,read,PASS,,Sep 4 2019 10:30:10.5400 AM,Sep 4 2019 10:30:10.5700 AM,.0298
Auth_Check,P203,read,PASS,,Sep 4 2019 10:30:10.5720 AM,Sep 4 2019 10:30:10.6000 AM,.0283
Auth_Check,P203,sendCommandChars,PASS,,Sep 4 2019 10:30:10.6030 AM,Sep 4 2019 10:30:10.6400 AM,.0374
Auth_Check,P203,read,PASS,,Sep 4 2019 10:30:10.6420 AM,Sep 4 2019 10:30:10.6430 AM,.0001
Auth_Check,P203,read,PASS,,Sep 4 2019 10:30:10.6440 AM,Sep 4 2019 10:30:10.6700 AM,.0263
Auth_Check,P203,read,PASS,,Sep 4 2019 10:30:10.6720 AM,Sep 4 2019 10:30:10.7000 AM,.0283
Auth_Check,P203,sendCommandChars,PASS,,Sep 4 2019 10:30:10.7020 AM,Sep 4 2019 10:30:10.7380 AM,.036
Auth_Check,P203,read,PASS,,Sep 4 2019 10:30:10.7410 AM,Sep 4 2019 10:30:10.7410 AM,.0001
Auth_Check,P203,read,PASS,,Sep 4 2019 10:30:10.7420 AM,Sep 4 2019 10:30:10.7710 AM,.0286
Auth_Check,P203,read,PASS,,Sep 4 2019 10:30:10.7720 AM,Sep 4 2019 10:30:10.8010 AM,.0285
Auth_Check,P203,sendCommandChars,PASS,,Sep 4 2019 10:30:10.8020 AM,Sep 4 2019 10:30:10.8380 AM,.0352
Auth_Check,P203,read,PASS,,Sep 4 2019 10:30:10.8400 AM,Sep 4 2019 10:30:10.8400 AM,.0001
Auth_Check,P203,read,PASS,,Sep 4 2019 10:30:10.8420 AM,Sep 4 2019 10:30:10.8690 AM,.0278
Auth_Check,P203,read,PASS,,Sep 4 2019 10:30:10.8710 AM,Sep 4 2019 10:30:10.9010 AM,.03
Auth_Check,P203,sendCommandChars,PASS,,Sep 4 2019 10:30:10.9030 AM,Sep 4 2019 10:30:10.9380 AM,.0356
Auth_Check,P203,read,PASS,,Sep 4 2019 10:30:10.9430 AM,Sep 4 2019 10:30:10.9430 AM,.0002
Auth_Check,P203,read,PASS,,Sep 4 2019 10:30:10.9450 AM,Sep 4 2019 10:30:10.9710 AM,.0269
Auth_Check,P203,sendCommandChars,PASS,,Sep 4 2019 10:30:10.9730 AM,Sep 4 2019 10:30:11.0080 AM,.0352
Auth_Check,P203,read,PASS,,Sep 4 2019 10:30:11.0110 AM,Sep 4 2019 10:30:11.0110 AM,.0002
Auth_Check,P203,read,PASS,,Sep 4 2019 10:30:11.0120 AM,Sep 4 2019 10:30:11.0420 AM,.0294
Auth_Check,P203,read,PASS,,Sep 4 2019 10:30:11.0450 AM,Sep 4 2019 10:30:11.0720 AM,.0271
Auth_Check,P203,sendCommandChars,PASS,,Sep 4 2019 10:30:11.0730 AM,Sep 4 2019 10:30:11.1080 AM,.0348
Auth_Check,P203,read,PASS,,Sep 4 2019 10:30:11.1110 AM,Sep 4 2019 10:30:11.1110 AM,.0001
Auth_Check,P203,read,PASS,,Sep 4 2019 10:30:11.1120 AM,Sep 4 2019 10:30:11.1350 AM,.0224
Auth_Check,P203,read,PASS,,Sep 4 2019 10:30:11.1360 AM,Sep 4 2019 10:30:11.1620 AM,.0259
Auth_Check,P203,sendCommandChars,PASS,,Sep 4 2019 10:30:11.1640 AM,Sep 4 2019 10:30:11.1990 AM,.0348
Auth_Check,P203,read,PASS,,Sep 4 2019 10:30:11.2010 AM,Sep 4 2019 10:30:11.2020 AM,.0002
Auth_Check,P203,read,PASS,,Sep 4 2019 10:30:11.2030 AM,Sep 4 2019 10:30:11.2320 AM,.0297
Auth_Check,P203,read,PASS,,Sep 4 2019 10:30:11.2340 AM,Sep 4 2019 10:30:11.2630 AM,.0283
Auth_Check,P203,sendCommandChars,PASS,,Sep 4 2019 10:30:11.2650 AM,Sep 4 2019 10:30:11.3010 AM,.0355
Auth_Check,IOFileHandle,writeCertFile,PASS,,Sep 4 2019 10:30:11.3050 AM,Sep 4 2019 10:30:11.3110 AM,.0062
Auth_Check,P203,read,PASS,,Sep 4 2019 10:30:11.4080 AM,Sep 4 2019 10:30:11.4080 AM,.0002
Auth_Check,P203,read,PASS,,Sep 4 2019 10:30:11.4090 AM,Sep 4 2019 10:30:11.4330 AM,.0236
Auth_Check,P203,sendCommandChars,PASS,,Sep 4 2019 10:30:11.4340 AM,Sep 4 2019 10:30:11.4570 AM,.0226
Auth_Check,P203,read,PASS,,Sep 4 2019 10:30:11.4610 AM,Sep 4 2019 10:30:11.4720 AM,.011
Auth_Check,P203,read,PASS,,Sep 4 2019 10:30:11.4740 AM,Sep 4 2019 10:30:11.5030 AM,.0298
Auth_Check,P203,sendCommandChars,PASS,,Sep 4 2019 10:30:11.5050 AM,Sep 4 2019 10:30:11.5750 AM,.0705
Auth_Check,P203,read,PASS,,Sep 4 2019 10:30:11.5790 AM,Sep 4 2019 10:30:11.5790 AM,.0002
Auth_Check,P203,read,PASS,,Sep 4 2019 10:30:11.5800 AM,Sep 4 2019 10:30:11.6040 AM,.0236
Auth_Check,P203,sendCommandChars,PASS,,Sep 4 2019 10:30:11.6050 AM,Sep 4 2019 10:30:11.6410 AM,.0365
Auth_Check,P203,read,PASS,,Sep 4 2019 10:30:12.2180 AM,Sep 4 2019 10:30:12.2180 AM,.0002
Auth_Check,P203,read,PASS,,Sep 4 2019 10:30:12.2190 AM,Sep 4 2019 10:30:12.2470 AM,.0278
Auth_Check,P203,sendCommandChars,PASS,,Sep 4 2019 10:30:12.2490 AM,Sep 4 2019 10:30:12.3150 AM,.0665
Auth_Check,P203,read,PASS,,Sep 4 2019 10:30:12.3180 AM,Sep 4 2019 10:30:12.3180 AM,.0001
Auth_Check,P203,read,PASS,,Sep 4 2019 10:30:12.3190 AM,Sep 4 2019 10:30:12.3480 AM,.0286
Auth_Check,P203,read,PASS,,Sep 4 2019 10:30:12.3500 AM,Sep 4 2019 10:30:12.3780 AM,.028
Auth_Check,P203,sendCommandChars,PASS,,Sep 4 2019 10:30:12.3790 AM,Sep 4 2019 10:30:12.4130 AM,.0339
Auth_Check,P203,read,PASS,,Sep 4 2019 10:30:12.4160 AM,Sep 4 2019 10:30:12.4170 AM,.0002
Auth_Check,P203,read,PASS,,Sep 4 2019 10:30:12.4180 AM,Sep 4 2019 10:30:12.4480 AM,.0303
Auth_Check,P203,sendCommandChars,PASS,,Sep 4 2019 10:30:12.4490 AM,Sep 4 2019 10:30:12.4850 AM,.0355
Auth_Check,P203,read,PASS,,Sep 4 2019 10:30:12.4870 AM,Sep 4 2019 10:30:12.4880 AM,.0002
Auth_Check,P203,read,PASS,,Sep 4 2019 10:30:12.4890 AM,Sep 4 2019 10:30:12.5150 AM,.0257
Auth_Check,P203,read,PASS,,Sep 4 2019 10:30:12.5160 AM,Sep 4 2019 10:30:12.5380 AM,.022
Auth_Check,P203,sendCommandChars,PASS,,Sep 4 2019 10:30:12.5400 AM,Sep 4 2019 10:30:12.5750 AM,.0351
Auth_Check,P203,read,PASS,,Sep 4 2019 10:30:12.5780 AM,Sep 4 2019 10:30:12.5780 AM,.0002
Auth_Check,P203,read,PASS,,Sep 4 2019 10:30:12.5790 AM,Sep 4 2019 10:30:12.6090 AM,.0292
Auth_Check,P203,sendCommandChars,PASS,,Sep 4 2019 10:30:12.6100 AM,Sep 4 2019 10:30:12.6460 AM,.0354
Auth_Check,P203,read,PASS,,Sep 4 2019 10:30:12.6480 AM,Sep 4 2019 10:30:12.6480 AM,.0001
Auth_Check,P203,read,PASS,,Sep 4 2019 10:30:12.6490 AM,Sep 4 2019 10:30:12.6700 AM,.0209
Auth_Check,P203,read,PASS,,Sep 4 2019 10:30:12.6720 AM,Sep 4 2019 10:30:12.6990 AM,.0266
Auth_Check,P203,sendCommandChars,PASS,,Sep 4 2019 10:30:12.7000 AM,Sep 4 2019 10:30:12.7360 AM,.036
Auth_Check,P203,read,PASS,,Sep 4 2019 10:30:12.7390 AM,Sep 4 2019 10:30:12.7390 AM,.0001
Auth_Check,P203,read,PASS,,Sep 4 2019 10:30:12.7400 AM,Sep 4 2019 10:30:12.7690 AM,.0289
Auth_Check,P203,read,PASS,,Sep 4 2019 10:30:12.7710 AM,Sep 4 2019 10:30:12.7990 AM,.0282
Auth_Check,P203,sendCommandChars,PASS,,Sep 4 2019 10:30:12.8010 AM,Sep 4 2019 10:30:12.8380 AM,.037
Auth_Check,IOFileHandle,writeCertFile,PASS,,Sep 4 2019 10:30:12.8410 AM,Sep 4 2019 10:30:12.8420 AM,.0009
Read_MLB_SN,IOFileHandle,writeToFile,PASS,,Sep 4 2019 10:30:13.5970 AM,Sep 4 2019 10:30:13.5970 AM,.0002
Read_STFW_Version_Before_DL,IOFileHandle,writeToFile,PASS,,Sep 4 2019 10:30:14.0750 AM,Sep 4 2019 10:30:14.0750 AM,.0002
Read_MTFW_Version_Before_DL,IOFileHandle,writeToFile,PASS,,Sep 4 2019 10:30:14.5530 AM,Sep 4 2019 10:30:14.5530 AM,.0002
Read_CCG3_FW_Version_Before_DL,IOFileHandle,writeToFile,PASS,,Sep 4 2019 10:30:15.0310 AM,Sep 4 2019 10:30:15.0310 AM,.0002
Read_CCG3_FW_Version_Before_DL,IOFileHandle,writeToFile,PASS,,Sep 4 2019 10:30:15.5310 AM,Sep 4 2019 10:30:15.5310 AM,.0001
Program_Main_FW,IOFileHandle,writeToFile,PASS,,Sep 4 2019 10:30:15.9610 AM,Sep 4 2019 10:30:15.9610 AM,.0002
Program_Main_FW,P203,sendCommand,PASS,,Sep 4 2019 10:30:16.3370 AM,Sep 4 2019 10:30:16.3380 AM,.0008
Program_Main_FW,P203,sendCommandChars,PASS,,Sep 4 2019 10:30:16.3390 AM,Sep 4 2019 10:30:16.3530 AM,.0133
Program_Main_FW,P203,read,PASS,,Sep 4 2019 10:30:16.3540 AM,Sep 4 2019 10:30:16.3540 AM,.0002
Program_Main_FW,P203,read,PASS,,Sep 4 2019 10:30:16.3560 AM,Sep 4 2019 10:30:16.3560 AM,.0002
Program_Main_FW,P203,read,PASS,,Sep 4 2019 10:30:16.3570 AM,Sep 4 2019 10:30:16.3570 AM,.0001
Program_Main_FW,P203,read,PASS,,Sep 4 2019 10:30:16.3580 AM,Sep 4 2019 10:30:16.3860 AM,.0276
Program_Main_FW,P203,sendCommandChars,PASS,,Sep 4 2019 10:30:16.3890 AM,Sep 4 2019 10:30:16.4320 AM,.0437
Program_Main_FW,P203,read,PASS,,Sep 4 2019 10:30:16.4340 AM,Sep 4 2019 10:30:16.4340 AM,.0002
Program_Main_FW,P203,read,PASS,,Sep 4 2019 10:30:16.4350 AM,Sep 4 2019 10:30:16.4560 AM,.0212
Program_Main_FW,IOFileHandle,writeToFile,PASS,,Sep 4 2019 10:30:48.1690 AM,Sep 4 2019 10:30:48.1690 AM,.0002
Program_Main_FW,ECB,sendCommand,PASS,,Sep 4 2019 10:30:51.6110 AM,Sep 4 2019 10:30:51.6350 AM,.0245
Program_Main_FW,ECB,sendCommand,PASS,,Sep 4 2019 10:30:54.7080 AM,Sep 4 2019 10:30:54.7350 AM,.0264
Read_Main_FW_Version_After_DL,IOFileHandle,writeToFile,PASS,,Sep 4 2019 10:30:57.8590 AM,Sep 4 2019 10:30:57.8590 AM,.0002
Read_MTFW_After_DL,IOFileHandle,writeToFile,PASS,,Sep 4 2019 10:30:58.2890 AM,Sep 4 2019 10:30:58.2890 AM,.0002
Read_CCG3_FW_After_DL,IOFileHandle,writeToFile,PASS,,Sep 4 2019 10:30:58.7050 AM,Sep 4 2019 10:30:58.7050 AM,.0002
Read_CCG3_FW_After_DL,IOFileHandle,writeToFile,PASS,,Sep 4 2019 10:30:59.1570 AM,Sep 4 2019 10:30:59.1570 AM,.0002
