GATEKEEPER,V1.2.0.0_debug
Site,Product,SerialNumber,Special Build Name,Special Build Description,Unit Number,Station ID,Test Pass/Fail Status,StartTime,EndTime,Durations,Version,List of Failing Tests,DUTINFO_FG_SN,Process_Check_All_CB - CB_STATUS_MLB-FCT,Process_Check_All_CB - ABS_ERASE_MLB-FCT,Process_Check_All_CB - ABS_FAIL_MLB-FCT,Process_Check_All_CB - REL_FAIL_MLB-FCT,Process_Check_All_CB - CB_STATUS_TEST1,Process_Check_All_CB - ABS_ERASE_TEST1,Process_Check_All_CB - ABS_FAIL_TEST1,Process_Check_All_CB - REL_FAIL_TEST1,Process_Check_All_CB - CB_STATUS_QT0,Process_Check_All_CB - ABS_ERASE_QT0,Process_Check_All_CB - ABS_FAIL_QT0,Process_Check_All_CB - REL_FAIL_QT0,Process_Check_All_CB - CB_STATUS_DFU2-FTW,Process_Check_All_CB - ABS_ERASE_DFU2-FTW,Process_Check_All_CB - ABS_FAIL_DFU2-FTW,Process_Check_All_CB - REL_FAIL_DFU2-FTW,Process_Check_All_CB - CB_STATUS_QT1,Process_Check_All_CB - ABS_ERASE_QT1,Process_Check_All_CB - ABS_FAIL_QT1,Process_Check_All_CB - REL_FAIL_QT1,Process_Check_All_CB - CB_STATUS_LED-TEST,Process_Check_All_CB - ABS_ERASE_LED-TEST,Process_Check_All_CB - ABS_FAIL_LED-TEST,Process_Check_All_CB - REL_FAIL_LED-TEST,Process_Check_All_CB - CB_STATUS_KEY-FORCE,Process_Check_All_CB - ABS_ERASE_KEY-FORCE,Process_Check_All_CB - ABS_FAIL_KEY-FORCE,Process_Check_All_CB - REL_FAIL_KEY-FORCE,Process_Check_All_CB - CB_STATUS_TEST2,Process_Check_All_CB - ABS_ERASE_TEST2,Process_Check_All_CB - ABS_FAIL_TEST2,Process_Check_All_CB - REL_FAIL_TEST2,Process_Check_All_CB - CB_STATUS_MMI,Process_Check_All_CB - ABS_ERASE_MMI,Process_Check_All_CB - ABS_FAIL_MMI,Process_Check_All_CB - REL_FAIL_MMI,Process_Check_All_CB - CB_STATUS_SW-DOWNLOAD,Process_Check_All_CB - ABS_ERASE_SW-DOWNLOAD,Process_Check_All_CB - ABS_FAIL_SW-DOWNLOAD,Process_Check_All_CB - REL_FAIL_SW-DOWNLOAD,Check_Bootargs_Status,MLB_SN,WO_SN,Unit_LBL,Build_Event,S_Build,KBM_SN,Backlight_SN,Trckpad_SN,Touch_Flex_SN,FW_Version_ST - FW_Version_ST,FW_Version_ST,FW_Version_MT - TOUCH_FW,FW_Version_MT,Read_HW_Version - Read_HW_Version,Read_HW_Version,GreenPAK_ID - GreenPAK_ID,GreenPAK_ID,FW_Version_CCG3,Production_Signed_Check - Production_Signed_Check,Production_Signed_Check,Read_KBD_HW_Layout - Read_KBD_HW_Layout,Read_KBD_HW_Layout,Get_KBD_HW_Layout - Read_KBD_HW_Layout,Get_KBD_HW_Layout,Read_MLB_Lang,Get_KBD_Lang,SYS_Critical_Errors-Summary - CRIT_ERR_E0_PART1,SYS_Critical_Errors-System - CRIT_ERR_E1_PART1,SYS_Critical_Errors-System - CRIT_ERR_E1_PART2,SYS_Critical_Errors-System - CRIT_ERR_E1_PART3,SYS_Critical_Errors-FW_Update - CRIT_ERR_E2_PART1,SYS_Critical_Errors-FW_Update - CRIT_ERR_E2_PART2,SYS_Critical_Errors-FW_Update - CRIT_ERR_E2_PART3,SYS_Critical_Errors-Grape - CRIT_ERR_E5_PART1,SYS_Critical_Errors-Grape - CRIT_ERR_E5_PART2,SYS_Critical_Errors-Grape - CRIT_ERR_E5_PART3,SYS_Critical_Errors-Grape - CRIT_ERR_E5_PART4,SYS_Critical_Errors-Grape - CRIT_ERR_E5_PART5,SYS_Critical_Errors-Grape - CRIT_ERR_E5_PART6,SYS_Critical_Errors-Grape - CRIT_ERR_E5_PART7,SYS_Critical_Errors-Grape - CRIT_ERR_E5_PART8,SYS_Critical_Errors-Grape - CRIT_ERR_E5_PART9,SYS_Critical_Errors-Grape - CRIT_ERR_E5_PART10,SYS_Critical_Errors-USBC - CRIT_ERR_E3_PART1,SYS_Critical_Errors-USBC - CRIT_ERR_E3_PART2,SYS_Critical_Errors-USBC - CRIT_ERR_E3_PART3,SYS_Critical_Errors-USBC - CRIT_ERR_E3_PART4,SYS_Critical_Errors-Backlight - BL_CRI_ERR_PART1,SYS_Critical_Errors-Key_Scan - CRIT_ERR_E7_PART1,SYS_Critical_Errors-Key_Scan - CRIT_ERR_E7_PART2,SYS_Critical_Errors-Key_Scan - CRIT_ERR_E7_PART3,SYS_Critical_Errors-Key_Scan - CRIT_ERR_E7_PART4,SYS_Critical_Errors-Key_Scan - CRIT_ERR_E7_PART5,SYS_Critical_Errors-Grape_Connector_Self - CRIT_ERR_D3_PART1,SYS_Critical_Errors-Grape_Connector_Self - CRIT_ERR_D3_PART2,SYS_Critical_Errors-Grape_Connector_Self - CRIT_ERR_D3_PART3,Read_MFI_Address - Read_MFI_Address,Read_MFI_Address,
Upper Limited-------->,,,,,,,,,,,,,,3,,,,3,,,,3,,,,3,,,,3,,,,3,,,,3,,,,3,,,,3,,,,3,,,,,,,,,,,,,,608,,1300,,4,,3,,,0,,33,,33,,,,,,,,,,,,,,,,,,,,,,,,,,,,,,,,,,16,,
Lower Limited-------->,,,,,,,,,,,,,,3,,,,3,,,,3,,,,3,,,,3,,,,3,,,,3,,,,3,,,,3,,,,3,,,,,,,,,,,,,,608,,1300,,4,,3,,,0,,33,,33,,,,,,,,,,,,,,,,,,,,,,,,,,,,,,,,,,16,,
Measurement Units---->,,,,,,,,,,,,,,,,,,,,,,,,,,,,,,,,,,,,,,,,,,,,,,,,,,,,,,,,,,,,,,,,,,,,,,,,,,,,,,,,,,,,,,,,,,,,,,,,,,,,,,,,,,,,,,,,,
FXLH,R118,FTPZR00YPPHF,,,,FXLH_F05-4FT-02_2_GATEKEEPER,FAIL,12-02-09:29:42,12-02-09:30:21,39.18,V1.2.0.0_debug,Start Control Bits; Process_Check_All_CB; FW_Version_MT; Finish DRCB,FTPZR00YPPHF,255,255,255,255,255,255,255,255,255,255,255,255,3,0,0,0,255,255,255,255,3,255,255,255,255,255,255,255,3,255,255,255,255,255,255,255,3,0,0,0,15 00 00 00 ,DLX9475002PN6R54L,WMT-JB000D,R118-EVT_E1AEN-LT1_C02009,R118-EVT,R118-EVT_E1AEN-LT1,C4P9457006ZJCPP3N,GV29472001HN3LN5V,FM7944600W9N0LH2S+N1J,CR19472011DMW5D1P,608,0x0260,1301,0x0515,4,0x04,3,03,A0 02 01 01 01 01 02 01 ,0,0x00,33,0x21,33,0x21,02 01 01 05 49 ,02 01 01 05 49,0,8704,0,0,0,0,0,0,0,0,0,0,0,0,0,0,0,0,0,0,0,0,0,0,0,0,0,17372165,352323860,4060217344,16,0x10,
