GATEKEEPER,V1.2.0.0_debug
Site,Product,SerialNumber,Special Build Name,Special Build Description,Unit Number,Station ID,Test Pass/Fail Status,StartTime,EndTime,Version,List of Failing Tests,Read_FATP_SN,Start Data Reporting,Start Data Reporting,Start Data Reporting,Start Data Reporting,Check_All_CB - CB_STATUS_MLB-FCT,Check_All_CB - ABS_ERASE_MLB-FCT,Check_All_CB - ABS_FAIL_MLB-FCT,Check_All_CB - REL_FAIL_MLB-FCT,Check_All_CB - CB_STATUS_TEST1,Check_All_CB - ABS_ERASE_TEST1,Check_All_CB - ABS_FAIL_TEST1,Check_All_CB - REL_FAIL_TEST1,Check_All_CB - CB_STATUS_QT0,Check_All_CB - ABS_ERASE_QT0,Check_All_CB - ABS_FAIL_QT0,Check_All_CB - REL_FAIL_QT0,Check_All_CB - CB_STATUS_DFU2-FTW,Check_All_CB - ABS_ERASE_DFU2-FTW,Check_All_CB - ABS_FAIL_DFU2-FTW,Check_All_CB - REL_FAIL_DFU2-FTW,Check_All_CB - CB_STATUS_QT1,Check_All_CB - ABS_ERASE_QT1,Check_All_CB - ABS_FAIL_QT1,Check_All_CB - REL_FAIL_QT1,Check_All_CB - CB_STATUS_LED-TEST,Check_All_CB - ABS_ERASE_LED-TEST,Check_All_CB - ABS_FAIL_LED-TEST,Check_All_CB - REL_FAIL_LED-TEST,Check_All_CB - CB_STATUS_KEY-FORCE,Check_All_CB - ABS_ERASE_KEY-FORCE,Check_All_CB - ABS_FAIL_KEY-FORCE,Check_All_CB - REL_FAIL_KEY-FORCE,Check_All_CB - CB_STATUS_TEST2,Check_All_CB - ABS_ERASE_TEST2,Check_All_CB - ABS_FAIL_TEST2,Check_All_CB - REL_FAIL_TEST2,Check_All_CB - CB_STATUS_MMI,Check_All_CB - ABS_ERASE_MMI,Check_All_CB - ABS_FAIL_MMI,Check_All_CB - REL_FAIL_MMI,Check_All_CB - CB_STATUS_SW-DOWNLOAD,Check_All_CB - ABS_ERASE_SW-DOWNLOAD,Check_All_CB - ABS_FAIL_SW-DOWNLOAD,Check_All_CB - REL_FAIL_SW-DOWNLOAD,Check_Bootargs_Status,MLB_SN,WO_SN,UNIT_LBL,BUILD_EVENT,S_BUILD,KBM_SN,BACKLIGHT_SN,TRACKPAD_SN,TOUCH_FLEX_SN,Read_STFW_Version - Read_STFW_Version,Read_STFW_Version,Read_MTFW_Version - Read_MTFW_Version,Read_MTFW_Version,Read_CCG3FW_Version,Read_HW_Version - Read_HW_Version,Read_HW_Version,Production_Signed_Check - Production_Signed_Check,Production_Signed_Check,GreenPAK_ID - GreenPAK_ID,GreenPAK_ID,Read_KBD_HW_Layout - Read_KBD_HW_Layout,Read_KBD_HW_Layout,Get_KBD_HW_Layout - Read_KBD_HW_Layout,Get_KBD_HW_Layout,Read_MLB_Lang,Get_KBD_Lang,Summary_Critical_Errors - CRIT_ERR_E0_PART1,SYS_Critical_Errors - CRIT_ERR_E1_PART1,SYS_Critical_Errors - CRIT_ERR_E1_PART2,SYS_Critical_Errors - CRIT_ERR_E1_PART3,FW_Update_Critical_Errors - CRIT_ERR_E2_PART1,FW_Update_Critical_Errors - CRIT_ERR_E2_PART2,FW_Update_Critical_Errors - CRIT_ERR_E2_PART3,Grape_Critical_Errors - CRIT_ERR_E5_PART1,Grape_Critical_Errors - CRIT_ERR_E5_PART2,Grape_Critical_Errors - CRIT_ERR_E5_PART3,Grape_Critical_Errors - CRIT_ERR_E5_PART4,Grape_Critical_Errors - CRIT_ERR_E5_PART5,Grape_Critical_Errors - CRIT_ERR_E5_PART6,Grape_Critical_Errors - CRIT_ERR_E5_PART7,Grape_Critical_Errors - CRIT_ERR_E5_PART8,Grape_Critical_Errors - CRIT_ERR_E5_PART9,Grape_Critical_Errors - CRIT_ERR_E5_PART10,USBC_Critical_Errors - CRIT_ERR_E3_PART1,USBC_Critical_Errors - CRIT_ERR_E3_PART2,USBC_Critical_Errors - CRIT_ERR_E3_PART3,USBC_Critical_Errors - CRIT_ERR_E3_PART4,Backlight_Critical_Errors - BL_CRI_ERR_PART1,Key_Scan_Critical_Errors - CRIT_ERR_E7_PART1,Key_Scan_Critical_Errors - CRIT_ERR_E7_PART2,Key_Scan_Critical_Errors - CRIT_ERR_E7_PART3,Key_Scan_Critical_Errors - CRIT_ERR_E7_PART4,Key_Scan_Critical_Errors - CRIT_ERR_E7_PART5,Grape_Connector_Self_Critical_Errors - CRIT_ERR_D3_PART1,Grape_Connector_Self_Critical_Errors - CRIT_ERR_D3_PART2,Grape_Connector_Self_Critical_Errors - CRIT_ERR_D3_PART3,Read_MFI_Address - Read_MFI_Address,Read_MFI_Address,
Upper Limited-------->,,,,,,,,,,,,,,,,,3,,,,3,,,,3,,,,3,,,,3,,,,3,,,,3,,,,3,,,,3,,,,3,,,,,,,,,,,,,,608,,1301,,,4,,0,,3,,33,,33,,,,,,,,,,,,,,,,,,,,,,,,,,,,,,,,,,16,,
Lower Limited-------->,,,,,,,,,,,,,,,,,3,,,,3,,,,3,,,,3,,,,3,,,,3,,,,3,,,,3,,,,3,,,,3,,,,,,,,,,,,,,608,,1301,,,4,,0,,3,,33,,33,,,,,,,,,,,,,,,,,,,,,,,,,,,,,,,,,,16,,
Measurement Units---->,,,,,,,,,,,,,,,,,,,,,,,,,,,,,,,,,,,,,,,,,,,,,,,,,,,,,,,,,,,,,,,,,,,,,,,,,,,,,,,,,,,,,,,,,,,,,,,,,,,,,,,,,,,,,,,,,,,,
FXLH,R118,FTPZQ023PPHF,R118-EVT,R118-EVT_E1AEN-LREL,,FXLH_F05-4FT-02_2_GATEKEEPER,FAIL,12-02-15:25:01,38.91,V1.2.0.0_debug,Check_All_CB,
FXLH,R118,FTPZQ022PPHF,R118-EVT,R118-EVT_E1AEN-LREL,,FXLH_F05-4FT-02_2_GATEKEEPER,FAIL,12-02-15:26:28,40.21,V1.2.0.0_debug,Check_All_CB,FTPZQ023PPHF,Atlas 1.9.2,FTPZQ023PPHF,V1.2.0.0_debug,1,0,0,0,0,0,0,0,0,0,0,0,0,3,0,0,0,0,0,0,0,3,0,0,0,0,0,0,0,3,0,0,0,0,0,0,0,3,0,1,1,15 00 00 00 ,DLX94750016N6R546,WMT-JB000C,R118-EVT_E1AEN-LREL_C01978,R118-EVT,R118-EVT_E1AEN-LREL,C4P945700GGJCPP39,GV29472003ZN3LN57,FM79464006DN0LH2N+N2J,CR1947201A7MW5D12,608,0x0260,1301,0x0515,A0 01 01 01 02 01 02 01 ,4,0x04,0,0x00,3,03,33,0x21,33,0x21,02 01 01 05 49 ,02 01 01 05 49,0,8704,0,0,0,0,0,0,0,0,0,0,0,0,0,0,0,0,0,0,0,0,0,0,0,0,0,17372165,352323860,4060217344,16,0x10,
FXLH,R118,FTPZQ021PPHF,R118-EVT,R118-EVT_E1AEN-LREL,,FXLH_F05-4FT-02_2_GATEKEEPER,FAIL,12-02-15:27:40,39.00,V1.2.0.0_debug,Check_All_CB,FTPZQ022PPHF,Atlas 1.9.2,FTPZQ022PPHF,V1.2.0.0_debug,1,0,0,0,0,0,0,0,0,0,0,0,0,3,0,0,0,0,0,0,0,3,0,1,1,0,0,0,0,3,0,0,0,0,0,0,0,3,0,0,0,15 00 00 00 ,DLX9476003UN6R54B,WMT-JB000C,R118-EVT_E1AEN-LREL_C01979,R118-EVT,R118-EVT_E1AEN-LREL,C4P945700S0JCPP3V,GV29472001DN3LN5Z,FM79464001MN0LH2V+N2J,CR1947201A2MW5D,608,0x0260,1301,0x0515,A0 01 01 01 02 01 02 01 ,4,0x04,0,0x00,3,03,33,0x21,33,0x21,02 01 01 05 49 ,02 01 01 05 49,0,8704,0,0,0,0,0,0,0,0,0,0,0,0,0,0,0,0,0,0,0,0,0,0,0,0,0,17372165,352323860,4060217344,16,0x10,
