document_version, 1.0
station_name,SW-DOWNLOAD
station_id,FXLH_F05-4FT-02_5_SW-DOWNLOAD
station_sw,Atlas
station_sw_version,Atlas

tag,start_time,duration
Scan_SN, 1568099657.47, 3.38
Fixture_init, 1568099660.85, 14.84
Start_Data_Reporting, 1568099675.70, 0.02
Start_Control_Bit, 1568099675.71, 0.30
Get_SFC_Info, 1568099676.01, 0.05
BUILD_EVENT, 1568099676.07, 0.00
S_BUILD, 1568099676.07, 0.00
WO_SN, 1568099676.07, 0.01
SUB_SN, 1568099676.08, 0.00
UNIT_LBL, 1568099676.08, 0.00
P203_FW_DEV, 1568099676.08, 0.05
EP_DISABLE_TP, 1568099676.13, 7.01
Auth_Check, 1568099683.14, 4.50
Query_MLB_SN, 1568099687.64, 0.00
Read_MLB_SN, 1568099687.64, 1.05
Check_MLB_SN, 1568099688.69, 0.00
Read_STFW_Version_Before_DL, 1568099688.70, 0.48
Read_MTFW_Version_Before_DL, 1568099689.18, 0.47
Read_CCG3_FW_Version_Before_DL, 1568099689.65, 0.98
Program_Main_FW, 1568099690.62, 41.96
Program_MTFW, 1568099732.58, 25.46
Read_Main_FW_Version_After_DL, 1568099758.05, 0.42
Read_MTFW_After_DL, 1568099758.47, 0.42
Read_CCG3_FW_After_DL, 1568099758.90, 0.92
Finish_DRCB, 1568099759.82, 0.46
Fixture_reset, 1568099760.28, 0.35
full_test_durations, 1568099657.45, 103.18
