Related Test,Name-1,Name-2,Name-3,Status,Info,Measurement,Units,Upper Limit,Lower Limit,Relaxed Upper Limit,Relaxed Lower Limit,Limit Units,Start Time,End Time,Duration (s)
Scan_SN,,,,,,,,,,,,,Sep 10 2019 3:14:17.4710 PM,Sep 10 2019 3:14:20.8510 PM,3.3801
Scan_SN,Scan_SN,AtlasApp-Hyperion,show-form,PASS,,,,,,,,,Sep 10 2019 3:14:17.4720 PM,Sep 10 2019 3:14:20.8500 PM,3.3778
Fixture_init,,,,,,,,,,,,,Sep 10 2019 3:14:20.8540 PM,Sep 10 2019 3:14:35.6930 PM,14.8391
Fixture_init,Fixture_init,Fixture,changeDelimiter,PASS,,,,,,,,,Sep 10 2019 3:14:20.8550 PM,Sep 10 2019 3:14:20.8550 PM,0
Fixture_init,Fixture_init,Fixture,changeLineTerminator,PASS,,,,,,,,,Sep 10 2019 3:14:20.8570 PM,Sep 10 2019 3:14:20.8570 PM,0
Fixture_init,Fixture_init,Fixture,open,PASS,,,,,,,,,Sep 10 2019 3:14:20.8590 PM,Sep 10 2019 3:14:22.4560 PM,1.5969
Fixture_init,Fixture_init,Fixture,read,PASS,,,,,,,,,Sep 10 2019 3:14:22.4570 PM,Sep 10 2019 3:14:22.4860 PM,.0289
Fixture_init,Fixture_init,P203,changeDelimiter,PASS,,,,,,,,,Sep 10 2019 3:14:22.4880 PM,Sep 10 2019 3:14:22.4880 PM,0
Fixture_init,Fixture_init,P203,changeLineTerminator,PASS,,,,,,,,,Sep 10 2019 3:14:22.4900 PM,Sep 10 2019 3:14:22.4900 PM,0
Fixture_init,Fixture_init,P203,open,PASS,,,,,,,,,Sep 10 2019 3:14:22.4920 PM,Sep 10 2019 3:14:24.0860 PM,1.594
Fixture_init,Fixture_init,P203,read,PASS,,,,,,,,,Sep 10 2019 3:14:24.0870 PM,Sep 10 2019 3:14:24.1160 PM,.0289
Fixture_init,Fixture_init,[Fixture] isReady,sendCommand,PASS,,,,,,,,,Sep 10 2019 3:14:24.1180 PM,Sep 10 2019 3:14:24.1320 PM,.014
Fixture_init,Fixture_init,[Fixture] power on,sendCommand,PASS,,,,,,,,,Sep 10 2019 3:14:24.1330 PM,Sep 10 2019 3:14:24.1510 PM,.0173
Fixture_init,Fixture_init,[P203] ,sendCommand,PASS,,,,,,,,,Sep 10 2019 3:14:25.2230 PM,Sep 10 2019 3:14:25.2330 PM,.0092
Fixture_init,Fixture_init,[Fixture] Engage pogo,sendCommand,PASS,,,,,,,,,Sep 10 2019 3:14:25.2340 PM,Sep 10 2019 3:14:25.5850 PM,.3511
Fixture_init,Fixture_init,[Fixture] power off,sendCommand,PASS,,,,,,,,,Sep 10 2019 3:14:29.4690 PM,Sep 10 2019 3:14:29.4830 PM,.0138
Fixture_init,Fixture_init,[Fixture] power on,sendCommand-2,PASS,,,,,,,,,Sep 10 2019 3:14:30.5550 PM,Sep 10 2019 3:14:30.5680 PM,.0137
Fixture_init,Fixture_init,[P203] ,sendCommand-2,PASS,,,,,,,,,Sep 10 2019 3:14:35.6410 PM,Sep 10 2019 3:14:35.6420 PM,.0008
Fixture_init,Fixture_init,StationReportPlugin,isReporting,PASS,,,,,,,,,Sep 10 2019 3:14:35.6920 PM,Sep 10 2019 3:14:35.6920 PM,0
Start_Data_Reporting,,,,,,,,,,,,,Sep 10 2019 3:14:35.6960 PM,Sep 10 2019 3:14:35.7090 PM,.0132
Start_Data_Reporting,Start_Data_Reporting,DRCB,StartDataReporting,PASS,,,,,,,,,Sep 10 2019 3:14:35.6990 PM,Sep 10 2019 3:14:35.7080 PM,.0088
Start_Control_Bit,,,,,,,,,,,,,Sep 10 2019 3:14:35.7120 PM,Sep 10 2019 3:14:36.0120 PM,.2996
Start_Control_Bit,Start_Control_Bit,DRCB,StartControlBits,PASS,,,,,,,,,Sep 10 2019 3:14:35.7140 PM,Sep 10 2019 3:14:36.0110 PM,.2972
Get_SFC_Info,,,,,,,,,,,,,Sep 10 2019 3:14:36.0140 PM,Sep 10 2019 3:14:36.0630 PM,.0491
Get_SFC_Info,Get_SFC_Info,SFCSupport,getAttributes,PASS,,,,,,,,,Sep 10 2019 3:14:36.0150 PM,Sep 10 2019 3:14:36.0430 PM,.0277
Get_SFC_Info,Get_SFC_Info,GET SFC info - wo_no,WMT-J80009,PASS,,,,,,,,,Sep 10 2019 3:14:36.0440 PM,Sep 10 2019 3:14:36.0440 PM,0
Get_SFC_Info,Get_SFC_Info,SFCSupport,getAttributes-2,PASS,,,,,,,,,Sep 10 2019 3:14:36.0450 PM,Sep 10 2019 3:14:36.0500 PM,.0047
Get_SFC_Info,Get_SFC_Info,GET SFC info - pansa,DKB9357006GN67804,PASS,,,,,,,,,Sep 10 2019 3:14:36.0510 PM,Sep 10 2019 3:14:36.0510 PM,0
Get_SFC_Info,Get_SFC_Info,SFCSupport,getAttributes-3,PASS,,,,,,,,,Sep 10 2019 3:14:36.0520 PM,Sep 10 2019 3:14:36.0560 PM,.0044
Get_SFC_Info,Get_SFC_Info,GET SFC info - unit_lbl,R118-P2_P21AEN-LHWTE2_C00252,PASS,,,,,,,,,Sep 10 2019 3:14:36.0570 PM,Sep 10 2019 3:14:36.0570 PM,0
Get_SFC_Info,Get_SFC_Info,SFCSupport,getAttributes-4,PASS,,,,,,,,,Sep 10 2019 3:14:36.0580 PM,Sep 10 2019 3:14:36.0620 PM,.0037
Get_SFC_Info,Get_SFC_Info,GET SFC info - mlb_sn,DLX9354003QN6R52W,PASS,,,,,,,,,Sep 10 2019 3:14:36.0620 PM,Sep 10 2019 3:14:36.0620 PM,0
BUILD_EVENT,,,,,,,,,,,,,Sep 10 2019 3:14:36.0660 PM,Sep 10 2019 3:14:36.0660 PM,.0006
BUILD_EVENT,BUILD_EVENT,Build_EVENT,R118-P2,PASS,,,,,,,,,Sep 10 2019 3:14:36.0660 PM,Sep 10 2019 3:14:36.0660 PM,0
S_BUILD,,,,,,,,,,,,,Sep 10 2019 3:14:36.0690 PM,Sep 10 2019 3:14:36.0700 PM,.0009
S_BUILD,S_BUILD,S_BUILD,R118-P2_P21AEN-LHWTE2,PASS,,,,,,,,,Sep 10 2019 3:14:36.0690 PM,Sep 10 2019 3:14:36.0690 PM,0
WO_SN,,,,,,,,,,,,,Sep 10 2019 3:14:36.0730 PM,Sep 10 2019 3:14:36.0740 PM,.001
WO_SN,WO_SN,Get wo_no Pass,,PASS,,,,,,,,,Sep 10 2019 3:14:36.0740 PM,Sep 10 2019 3:14:36.0740 PM,0
SUB_SN,,,,,,,,,,,,,Sep 10 2019 3:14:36.0780 PM,Sep 10 2019 3:14:36.0790 PM,.0009
SUB_SN,SUB_SN,Get pansa Pass,,PASS,,,,,,,,,Sep 10 2019 3:14:36.0790 PM,Sep 10 2019 3:14:36.0790 PM,0
UNIT_LBL,,,,,,,,,,,,,Sep 10 2019 3:14:36.0820 PM,Sep 10 2019 3:14:36.0820 PM,.0008
UNIT_LBL,UNIT_LBL,Get unit_lbl Pass,,PASS,,,,,,,,,Sep 10 2019 3:14:36.0820 PM,Sep 10 2019 3:14:36.0820 PM,0
P203_FW_DEV,,,,,,,,,,,,,Sep 10 2019 3:14:36.0850 PM,Sep 10 2019 3:14:36.1280 PM,.0435
P203_FW_DEV,P203_FW_DEV,P203,read,PASS,,,,,,,,,Sep 10 2019 3:14:36.0860 PM,Sep 10 2019 3:14:36.0860 PM,.0003
P203_FW_DEV,P203_FW_DEV,P203,read-2,PASS,,,,,,,,,Sep 10 2019 3:14:36.0870 PM,Sep 10 2019 3:14:36.0880 PM,.0002
P203_FW_DEV,P203_FW_DEV,P203,read-3,PASS,,,,,,,,,Sep 10 2019 3:14:36.0890 PM,Sep 10 2019 3:14:36.1110 PM,.0223
P203_FW_DEV,P203_FW_DEV,[P203] v,sendCommand,PASS,,,,,,,,,Sep 10 2019 3:14:36.1130 PM,Sep 10 2019 3:14:36.1270 PM,.0142
P203_FW_DEV,P203_FW_DEV,P203_FW_DEV,,PASS,,,,,,,,,Sep 10 2019 3:14:36.1280 PM,Sep 10 2019 3:14:36.1280 PM,0
EP_DISABLE_TP,,,,,,,,,,,,,Sep 10 2019 3:14:36.1300 PM,Sep 10 2019 3:14:43.1380 PM,7.0076
EP_DISABLE_TP,EP_DISABLE_TP,[Hid] /usr/local/bin/hidreport -p 0x026E -i 0 set 0x3D 0x3D 0x13 0x0 0x0 0x0,,PASS,,,,,,,,,Sep 10 2019 3:14:36.1760 PM,Sep 10 2019 3:14:36.1760 PM,0
EP_DISABLE_TP,EP_DISABLE_TP,IOFileHandle,writeToFile,PASS,,,,,,,,,Sep 10 2019 3:14:36.1780 PM,Sep 10 2019 3:14:36.1780 PM,.0004
EP_DISABLE_TP,EP_DISABLE_TP,[Hid] /usr/local/bin/hidreport -p 0x026E -i 0 set 0x3E 0x3E 0x13 0x0 0x0 0x0 0x2,,PASS,,,,,,,,,Sep 10 2019 3:14:36.5960 PM,Sep 10 2019 3:14:36.5960 PM,0
EP_DISABLE_TP,EP_DISABLE_TP,IOFileHandle,writeToFile-2,PASS,,,,,,,,,Sep 10 2019 3:14:36.5970 PM,Sep 10 2019 3:14:36.5970 PM,.0001
EP_DISABLE_TP,EP_DISABLE_TP,[Fixture] power off,sendCommand,PASS,,,,,,,,,Sep 10 2019 3:14:36.9660 PM,Sep 10 2019 3:14:36.9740 PM,.0075
EP_DISABLE_TP,EP_DISABLE_TP,[Fixture] power on,sendCommand,PASS,,,,,,,,,Sep 10 2019 3:14:38.0470 PM,Sep 10 2019 3:14:38.0600 PM,.0125
EP_DISABLE_TP,EP_DISABLE_TP,[P203] ,sendCommand,PASS,,,,,,,,,Sep 10 2019 3:14:43.1370 PM,Sep 10 2019 3:14:43.1380 PM,.0006
Auth_Check,,,,,,,,,,,,,Sep 10 2019 3:14:43.1410 PM,Sep 10 2019 3:14:47.6330 PM,4.4921
Auth_Check,Auth_Check,P203,read,PASS,,,,,,,,,Sep 10 2019 3:14:43.1420 PM,Sep 10 2019 3:14:43.1430 PM,.0003
Auth_Check,Auth_Check,P203,read-2,PASS,,,,,,,,,Sep 10 2019 3:14:43.1440 PM,Sep 10 2019 3:14:43.1440 PM,.0002
Auth_Check,Auth_Check,P203,read-3,PASS,,,,,,,,,Sep 10 2019 3:14:43.1450 PM,Sep 10 2019 3:14:43.1660 PM,.0211
Auth_Check,Auth_Check,[P203] aid tx bd 1 3 24 71 4 10 0 00,sendCommandChars,PASS,,,,,,,,,Sep 10 2019 3:14:43.1680 PM,Sep 10 2019 3:14:43.2340 PM,.0662
Auth_Check,Auth_Check,P203,read-4,PASS,,,,,,,,,Sep 10 2019 3:14:43.2370 PM,Sep 10 2019 3:14:43.2370 PM,.0002
Auth_Check,Auth_Check,P203,read-5,PASS,,,,,,,,,Sep 10 2019 3:14:43.2390 PM,Sep 10 2019 3:14:43.2670 PM,.0283
Auth_Check,Auth_Check,[P203] aid tx bd 1 3 24 71 4 10 0 00,sendCommandChars-2,PASS,,,,,,,,,Sep 10 2019 3:14:43.2680 PM,Sep 10 2019 3:14:43.3030 PM,.0348
Auth_Check,Auth_Check,P203,read-6,PASS,,,,,,,,,Sep 10 2019 3:14:43.3060 PM,Sep 10 2019 3:14:43.3060 PM,.0001
Auth_Check,Auth_Check,P203,read-7,PASS,,,,,,,,,Sep 10 2019 3:14:43.3070 PM,Sep 10 2019 3:14:43.3370 PM,.0304
Auth_Check,Auth_Check,[P203] aid tx bd 1 3 24 71 4 10 0 00,sendCommandChars-3,PASS,,,,,,,,,Sep 10 2019 3:14:43.3400 PM,Sep 10 2019 3:14:43.3760 PM,.0362
Auth_Check,Auth_Check,P203,read-8,PASS,,,,,,,,,Sep 10 2019 3:14:43.3780 PM,Sep 10 2019 3:14:43.3790 PM,.0001
Auth_Check,Auth_Check,P203,read-9,PASS,,,,,,,,,Sep 10 2019 3:14:43.3800 PM,Sep 10 2019 3:14:43.4080 PM,.0278
Auth_Check,Auth_Check,[P203] aid tx bd 1 3 24 71 4 10 0 00,sendCommandChars-4,PASS,,,,,,,,,Sep 10 2019 3:14:43.4090 PM,Sep 10 2019 3:14:43.4440 PM,.0345
Auth_Check,Auth_Check,P203,read-10,PASS,,,,,,,,,Sep 10 2019 3:14:43.4460 PM,Sep 10 2019 3:14:43.4460 PM,.0001
Auth_Check,Auth_Check,P203,read-11,PASS,,,,,,,,,Sep 10 2019 3:14:43.4480 PM,Sep 10 2019 3:14:43.4780 PM,.0302
Auth_Check,Auth_Check,[P203] aid tx bd 1 3 24 71 4 10 0 00,sendCommandChars-5,PASS,,,,,,,,,Sep 10 2019 3:14:43.4790 PM,Sep 10 2019 3:14:43.5140 PM,.0342
Auth_Check,Auth_Check,P203,read-12,PASS,,,,,,,,,Sep 10 2019 3:14:43.5160 PM,Sep 10 2019 3:14:43.5160 PM,.0001
Auth_Check,Auth_Check,P203,read-13,PASS,,,,,,,,,Sep 10 2019 3:14:43.5170 PM,Sep 10 2019 3:14:43.5380 PM,.0206
Auth_Check,Auth_Check,[P203] aid tx bd 2 3 24 71 4 10 0 00,sendCommandChars,PASS,,,,,,,,,Sep 10 2019 3:14:43.5390 PM,Sep 10 2019 3:14:43.5600 PM,.0211
Auth_Check,Auth_Check,P203,read-14,PASS,,,,,,,,,Sep 10 2019 3:14:43.5650 PM,Sep 10 2019 3:14:43.5750 PM,.0108
Auth_Check,Auth_Check,P203,read-15,PASS,,,,,,,,,Sep 10 2019 3:14:43.5770 PM,Sep 10 2019 3:14:43.5980 PM,.0217
Auth_Check,Auth_Check,P203,read-16,PASS,,,,,,,,,Sep 10 2019 3:14:43.6000 PM,Sep 10 2019 3:14:43.6280 PM,.0282
Auth_Check,Auth_Check,[P203] aid tx bd 3 2 24 71 4 10 8,sendCommandChars,PASS,,,,,,,,,Sep 10 2019 3:14:43.6300 PM,Sep 10 2019 3:14:43.6640 PM,.0339
Auth_Check,Auth_Check,1. Fetch device info,,PASS,,,,,,,,,Sep 10 2019 3:14:43.6660 PM,Sep 10 2019 3:14:43.6660 PM,0
Auth_Check,Auth_Check,      version: 0x07,,PASS,,,,,,,,,Sep 10 2019 3:14:43.6660 PM,Sep 10 2019 3:14:43.6660 PM,0
Auth_Check,Auth_Check,auth revision: 0x01,,PASS,,,,,,,,,Sep 10 2019 3:14:43.6660 PM,Sep 10 2019 3:14:43.6660 PM,0
Auth_Check,Auth_Check,auth protocol: 0x0300,,PASS,,,,,,,,,Sep 10 2019 3:14:43.6660 PM,Sep 10 2019 3:14:43.6660 PM,0
Auth_Check,Auth_Check,    device ID: 0x00000300,,PASS,,,,,,,,,Sep 10 2019 3:14:43.6660 PM,Sep 10 2019 3:14:43.6660 PM,0
Auth_Check,Auth_Check,P203,read-17,PASS,,,,,,,,,Sep 10 2019 3:14:43.6680 PM,Sep 10 2019 3:14:43.6680 PM,.0001
Auth_Check,Auth_Check,P203,read-18,PASS,,,,,,,,,Sep 10 2019 3:14:43.6700 PM,Sep 10 2019 3:14:43.6950 PM,.0254
Auth_Check,Auth_Check,[P203] aid tx bd 4 3 24 71 4 10 0 30,sendCommandChars,PASS,,,,,,,,,Sep 10 2019 3:14:43.6970 PM,Sep 10 2019 3:14:43.7310 PM,.0347
Auth_Check,Auth_Check,P203,read-19,PASS,,,,,,,,,Sep 10 2019 3:14:43.7340 PM,Sep 10 2019 3:14:43.7340 PM,.0002
Auth_Check,Auth_Check,P203,read-20,PASS,,,,,,,,,Sep 10 2019 3:14:43.7350 PM,Sep 10 2019 3:14:43.7590 PM,.0241
Auth_Check,Auth_Check,P203,read-21,PASS,,,,,,,,,Sep 10 2019 3:14:43.7610 PM,Sep 10 2019 3:14:43.7840 PM,.0229
Auth_Check,Auth_Check,[P203] aid tx bd 5 2 24 71 4 10 2,sendCommandChars,PASS,,,,,,,,,Sep 10 2019 3:14:43.7860 PM,Sep 10 2019 3:14:43.8200 PM,.0343
Auth_Check,Auth_Check,2. Fetch cert length,,PASS,,,,,,,,,Sep 10 2019 3:14:43.8220 PM,Sep 10 2019 3:14:43.8220 PM,0
Auth_Check,Auth_Check,P203,read-22,PASS,,,,,,,,,Sep 10 2019 3:14:43.8240 PM,Sep 10 2019 3:14:43.8240 PM,.0003
Auth_Check,Auth_Check,P203,read-23,PASS,,,,,,,,,Sep 10 2019 3:14:43.8260 PM,Sep 10 2019 3:14:43.8500 PM,.0239
Auth_Check,Auth_Check,[P203] aid tx bd 6 3 24 71 4 10 0 31,sendCommandChars,PASS,,,,,,,,,Sep 10 2019 3:14:43.8510 PM,Sep 10 2019 3:14:43.8860 PM,.0351
Auth_Check,Auth_Check,P203,read-24,PASS,,,,,,,,,Sep 10 2019 3:14:43.8890 PM,Sep 10 2019 3:14:43.8890 PM,.0001
Auth_Check,Auth_Check,P203,read-25,PASS,,,,,,,,,Sep 10 2019 3:14:43.8910 PM,Sep 10 2019 3:14:43.9200 PM,.0291
Auth_Check,Auth_Check,P203,read-26,PASS,,,,,,,,,Sep 10 2019 3:14:43.9220 PM,Sep 10 2019 3:14:43.9500 PM,.0282
Auth_Check,Auth_Check,[P203] aid tx bd 7 2 24 71 4 10 23,sendCommandChars,PASS,,,,,,,,,Sep 10 2019 3:14:43.9510 PM,Sep 10 2019 3:14:43.9860 PM,.0345
Auth_Check,Auth_Check,P203,read-27,PASS,,,,,,,,,Sep 10 2019 3:14:43.9880 PM,Sep 10 2019 3:14:43.9880 PM,.0001
Auth_Check,Auth_Check,P203,read-28,PASS,,,,,,,,,Sep 10 2019 3:14:43.9900 PM,Sep 10 2019 3:14:44.0130 PM,.0229
Auth_Check,Auth_Check,P203,read-29,PASS,,,,,,,,,Sep 10 2019 3:14:44.0150 PM,Sep 10 2019 3:14:44.0400 PM,.0257
Auth_Check,Auth_Check,[P203] aid tx bd 8 2 24 71 4 10 23,sendCommandChars,PASS,,,,,,,,,Sep 10 2019 3:14:44.0420 PM,Sep 10 2019 3:14:44.0770 PM,.0353
Auth_Check,Auth_Check,P203,read-30,PASS,,,,,,,,,Sep 10 2019 3:14:44.0790 PM,Sep 10 2019 3:14:44.0800 PM,.0001
Auth_Check,Auth_Check,P203,read-31,PASS,,,,,,,,,Sep 10 2019 3:14:44.0810 PM,Sep 10 2019 3:14:44.1110 PM,.03
Auth_Check,Auth_Check,P203,read-32,PASS,,,,,,,,,Sep 10 2019 3:14:44.1140 PM,Sep 10 2019 3:14:44.1410 PM,.0269
Auth_Check,Auth_Check,[P203] aid tx bd 9 2 24 71 4 10 23,sendCommandChars,PASS,,,,,,,,,Sep 10 2019 3:14:44.1420 PM,Sep 10 2019 3:14:44.1770 PM,.0349
Auth_Check,Auth_Check,P203,read-33,PASS,,,,,,,,,Sep 10 2019 3:14:44.1790 PM,Sep 10 2019 3:14:44.1790 PM,.0002
Auth_Check,Auth_Check,P203,read-34,PASS,,,,,,,,,Sep 10 2019 3:14:44.1810 PM,Sep 10 2019 3:14:44.2110 PM,.0303
Auth_Check,Auth_Check,P203,read-35,PASS,,,,,,,,,Sep 10 2019 3:14:44.2130 PM,Sep 10 2019 3:14:44.2410 PM,.0281
Auth_Check,Auth_Check,[P203] aid tx bd a 2 24 71 4 10 17,sendCommandChars,PASS,,,,,,,,,Sep 10 2019 3:14:44.2430 PM,Sep 10 2019 3:14:44.2760 PM,.0339
Auth_Check,Auth_Check,P203,read-36,PASS,,,,,,,,,Sep 10 2019 3:14:44.2790 PM,Sep 10 2019 3:14:44.2800 PM,.0002
Auth_Check,Auth_Check,P203,read-37,PASS,,,,,,,,,Sep 10 2019 3:14:44.2810 PM,Sep 10 2019 3:14:44.3050 PM,.024
Auth_Check,Auth_Check,[P203] aid tx bd b 3 24 71 4 10 0 32,sendCommandChars,PASS,,,,,,,,,Sep 10 2019 3:14:44.3060 PM,Sep 10 2019 3:14:44.3420 PM,.0358
Auth_Check,Auth_Check,P203,read-38,PASS,,,,,,,,,Sep 10 2019 3:14:44.3450 PM,Sep 10 2019 3:14:44.3450 PM,.0001
Auth_Check,Auth_Check,P203,read-39,PASS,,,,,,,,,Sep 10 2019 3:14:44.3460 PM,Sep 10 2019 3:14:44.3720 PM,.0256
Auth_Check,Auth_Check,P203,read-40,PASS,,,,,,,,,Sep 10 2019 3:14:44.3730 PM,Sep 10 2019 3:14:44.4020 PM,.0285
Auth_Check,Auth_Check,[P203] aid tx bd c 2 24 71 4 10 23,sendCommandChars,PASS,,,,,,,,,Sep 10 2019 3:14:44.4030 PM,Sep 10 2019 3:14:44.4380 PM,.0347
Auth_Check,Auth_Check,P203,read-41,PASS,,,,,,,,,Sep 10 2019 3:14:44.4420 PM,Sep 10 2019 3:14:44.4420 PM,.0002
Auth_Check,Auth_Check,P203,read-42,PASS,,,,,,,,,Sep 10 2019 3:14:44.4490 PM,Sep 10 2019 3:14:44.4720 PM,.0228
Auth_Check,Auth_Check,P203,read-43,PASS,,,,,,,,,Sep 10 2019 3:14:44.4740 PM,Sep 10 2019 3:14:44.4960 PM,.0224
Auth_Check,Auth_Check,[P203] aid tx bd d 2 24 71 4 10 23,sendCommandChars,PASS,,,,,,,,,Sep 10 2019 3:14:44.4980 PM,Sep 10 2019 3:14:44.5190 PM,.0215
Auth_Check,Auth_Check,P203,read-44,PASS,,,,,,,,,Sep 10 2019 3:14:44.5220 PM,Sep 10 2019 3:14:44.5350 PM,.0133
Auth_Check,Auth_Check,P203,read-45,PASS,,,,,,,,,Sep 10 2019 3:14:44.5360 PM,Sep 10 2019 3:14:44.5620 PM,.0259
Auth_Check,Auth_Check,P203,read-46,PASS,,,,,,,,,Sep 10 2019 3:14:44.5640 PM,Sep 10 2019 3:14:44.5930 PM,.0285
Auth_Check,Auth_Check,[P203] aid tx bd e 2 24 71 4 10 23,sendCommandChars,PASS,,,,,,,,,Sep 10 2019 3:14:44.5940 PM,Sep 10 2019 3:14:44.6140 PM,.0201
Auth_Check,Auth_Check,P203,read-47,PASS,,,,,,,,,Sep 10 2019 3:14:44.6170 PM,Sep 10 2019 3:14:44.6300 PM,.0131
Auth_Check,Auth_Check,P203,read-48,PASS,,,,,,,,,Sep 10 2019 3:14:44.6310 PM,Sep 10 2019 3:14:44.6530 PM,.0216
Auth_Check,Auth_Check,P203,read-49,PASS,,,,,,,,,Sep 10 2019 3:14:44.6550 PM,Sep 10 2019 3:14:44.6830 PM,.0281
Auth_Check,Auth_Check,[P203] aid tx bd f 2 24 71 4 10 17,sendCommandChars,PASS,,,,,,,,,Sep 10 2019 3:14:44.6840 PM,Sep 10 2019 3:14:44.7190 PM,.0345
Auth_Check,Auth_Check,P203,read-50,PASS,,,,,,,,,Sep 10 2019 3:14:44.7220 PM,Sep 10 2019 3:14:44.7220 PM,.0001
Auth_Check,Auth_Check,P203,read-51,PASS,,,,,,,,,Sep 10 2019 3:14:44.7240 PM,Sep 10 2019 3:14:44.7540 PM,.03
Auth_Check,Auth_Check,[P203] aid tx bd 10 3 24 71 4 10 0 33,sendCommandChars,PASS,,,,,,,,,Sep 10 2019 3:14:44.7550 PM,Sep 10 2019 3:14:44.7910 PM,.0358
Auth_Check,Auth_Check,P203,read-52,PASS,,,,,,,,,Sep 10 2019 3:14:44.7930 PM,Sep 10 2019 3:14:44.7930 PM,.0001
Auth_Check,Auth_Check,P203,read-53,PASS,,,,,,,,,Sep 10 2019 3:14:44.7950 PM,Sep 10 2019 3:14:44.8240 PM,.0291
Auth_Check,Auth_Check,P203,read-54,PASS,,,,,,,,,Sep 10 2019 3:14:44.8260 PM,Sep 10 2019 3:14:44.8540 PM,.0282
Auth_Check,Auth_Check,[P203] aid tx bd 11 2 24 71 4 10 23,sendCommandChars,PASS,,,,,,,,,Sep 10 2019 3:14:44.8560 PM,Sep 10 2019 3:14:44.8910 PM,.035
Auth_Check,Auth_Check,P203,read-55,PASS,,,,,,,,,Sep 10 2019 3:14:44.8940 PM,Sep 10 2019 3:14:44.8940 PM,.0002
Auth_Check,Auth_Check,P203,read-56,PASS,,,,,,,,,Sep 10 2019 3:14:44.8950 PM,Sep 10 2019 3:14:44.9240 PM,.0291
Auth_Check,Auth_Check,P203,read-57,PASS,,,,,,,,,Sep 10 2019 3:14:44.9260 PM,Sep 10 2019 3:14:44.9520 PM,.0262
Auth_Check,Auth_Check,[P203] aid tx bd 12 2 24 71 4 10 23,sendCommandChars,PASS,,,,,,,,,Sep 10 2019 3:14:44.9540 PM,Sep 10 2019 3:14:44.9890 PM,.0355
Auth_Check,Auth_Check,P203,read-58,PASS,,,,,,,,,Sep 10 2019 3:14:44.9920 PM,Sep 10 2019 3:14:44.9930 PM,.0002
Auth_Check,Auth_Check,P203,read-59,PASS,,,,,,,,,Sep 10 2019 3:14:44.9940 PM,Sep 10 2019 3:14:45.0240 PM,.0303
Auth_Check,Auth_Check,P203,read-60,PASS,,,,,,,,,Sep 10 2019 3:14:45.0260 PM,Sep 10 2019 3:14:45.0550 PM,.0283
Auth_Check,Auth_Check,[P203] aid tx bd 13 2 24 71 4 10 23,sendCommandChars,PASS,,,,,,,,,Sep 10 2019 3:14:45.0560 PM,Sep 10 2019 3:14:45.0920 PM,.036
Auth_Check,Auth_Check,P203,read-61,PASS,,,,,,,,,Sep 10 2019 3:14:45.0950 PM,Sep 10 2019 3:14:45.0950 PM,.0001
Auth_Check,Auth_Check,P203,read-62,PASS,,,,,,,,,Sep 10 2019 3:14:45.0960 PM,Sep 10 2019 3:14:45.1250 PM,.0285
Auth_Check,Auth_Check,P203,read-63,PASS,,,,,,,,,Sep 10 2019 3:14:45.1270 PM,Sep 10 2019 3:14:45.1550 PM,.0281
Auth_Check,Auth_Check,[P203] aid tx bd 14 2 24 71 4 10 17,sendCommandChars,PASS,,,,,,,,,Sep 10 2019 3:14:45.1560 PM,Sep 10 2019 3:14:45.1920 PM,.0363
Auth_Check,Auth_Check,P203,read-64,PASS,,,,,,,,,Sep 10 2019 3:14:45.1960 PM,Sep 10 2019 3:14:45.1960 PM,.0002
Auth_Check,Auth_Check,P203,read-65,PASS,,,,,,,,,Sep 10 2019 3:14:45.1970 PM,Sep 10 2019 3:14:45.2200 PM,.0232
Auth_Check,Auth_Check,[P203] aid tx bd 15 3 24 71 4 10 0 34,sendCommandChars,PASS,,,,,,,,,Sep 10 2019 3:14:45.2220 PM,Sep 10 2019 3:14:45.2580 PM,.0359
Auth_Check,Auth_Check,P203,read-66,PASS,,,,,,,,,Sep 10 2019 3:14:45.2600 PM,Sep 10 2019 3:14:45.2600 PM,.0001
Auth_Check,Auth_Check,P203,read-67,PASS,,,,,,,,,Sep 10 2019 3:14:45.2620 PM,Sep 10 2019 3:14:45.2850 PM,.0237
Auth_Check,Auth_Check,P203,read-68,PASS,,,,,,,,,Sep 10 2019 3:14:45.2870 PM,Sep 10 2019 3:14:45.3110 PM,.0239
Auth_Check,Auth_Check,[P203] aid tx bd 16 2 24 71 4 10 23,sendCommandChars,PASS,,,,,,,,,Sep 10 2019 3:14:45.3130 PM,Sep 10 2019 3:14:45.3480 PM,.0351
Auth_Check,Auth_Check,P203,read-69,PASS,,,,,,,,,Sep 10 2019 3:14:45.3510 PM,Sep 10 2019 3:14:45.3510 PM,.0001
Auth_Check,Auth_Check,P203,read-70,PASS,,,,,,,,,Sep 10 2019 3:14:45.3520 PM,Sep 10 2019 3:14:45.3760 PM,.0241
Auth_Check,Auth_Check,P203,read-71,PASS,,,,,,,,,Sep 10 2019 3:14:45.3780 PM,Sep 10 2019 3:14:45.4060 PM,.028
Auth_Check,Auth_Check,[P203] aid tx bd 17 2 24 71 4 10 23,sendCommandChars,PASS,,,,,,,,,Sep 10 2019 3:14:45.4070 PM,Sep 10 2019 3:14:45.4280 PM,.0209
Auth_Check,Auth_Check,P203,read-72,PASS,,,,,,,,,Sep 10 2019 3:14:45.4310 PM,Sep 10 2019 3:14:45.4440 PM,.0129
Auth_Check,Auth_Check,P203,read-73,PASS,,,,,,,,,Sep 10 2019 3:14:45.4450 PM,Sep 10 2019 3:14:45.4700 PM,.0243
Auth_Check,Auth_Check,P203,read-74,PASS,,,,,,,,,Sep 10 2019 3:14:45.4720 PM,Sep 10 2019 3:14:45.4960 PM,.0248
Auth_Check,Auth_Check,[P203] aid tx bd 18 2 24 71 4 10 23,sendCommandChars,PASS,,,,,,,,,Sep 10 2019 3:14:45.4980 PM,Sep 10 2019 3:14:45.5340 PM,.0358
Auth_Check,Auth_Check,P203,read-75,PASS,,,,,,,,,Sep 10 2019 3:14:45.5370 PM,Sep 10 2019 3:14:45.5370 PM,.0002
Auth_Check,Auth_Check,P203,read-76,PASS,,,,,,,,,Sep 10 2019 3:14:45.5380 PM,Sep 10 2019 3:14:45.5670 PM,.0284
Auth_Check,Auth_Check,P203,read-77,PASS,,,,,,,,,Sep 10 2019 3:14:45.5680 PM,Sep 10 2019 3:14:45.5970 PM,.0281
Auth_Check,Auth_Check,[P203] aid tx bd 19 2 24 71 4 10 17,sendCommandChars,PASS,,,,,,,,,Sep 10 2019 3:14:45.5980 PM,Sep 10 2019 3:14:45.6320 PM,.0342
Auth_Check,Auth_Check,P203,read-78,PASS,,,,,,,,,Sep 10 2019 3:14:45.6350 PM,Sep 10 2019 3:14:45.6350 PM,.0002
Auth_Check,Auth_Check,P203,read-79,PASS,,,,,,,,,Sep 10 2019 3:14:45.6370 PM,Sep 10 2019 3:14:45.6590 PM,.0219
Auth_Check,Auth_Check,[P203] aid tx bd 1a 3 24 71 4 10 0 35,sendCommandChars,PASS,,,,,,,,,Sep 10 2019 3:14:45.6600 PM,Sep 10 2019 3:14:45.6970 PM,.0371
Auth_Check,Auth_Check,P203,read-80,PASS,,,,,,,,,Sep 10 2019 3:14:45.7000 PM,Sep 10 2019 3:14:45.7000 PM,.0002
Auth_Check,Auth_Check,P203,read-81,PASS,,,,,,,,,Sep 10 2019 3:14:45.7010 PM,Sep 10 2019 3:14:45.7270 PM,.0261
Auth_Check,Auth_Check,P203,read-82,PASS,,,,,,,,,Sep 10 2019 3:14:45.7290 PM,Sep 10 2019 3:14:45.7570 PM,.0278
Auth_Check,Auth_Check,[P203] aid tx bd 1b 2 24 71 4 10 23,sendCommandChars,PASS,,,,,,,,,Sep 10 2019 3:14:45.7590 PM,Sep 10 2019 3:14:45.7960 PM,.0375
Auth_Check,Auth_Check,P203,read-83,PASS,,,,,,,,,Sep 10 2019 3:14:45.7990 PM,Sep 10 2019 3:14:45.7990 PM,.0001
Auth_Check,Auth_Check,P203,read-84,PASS,,,,,,,,,Sep 10 2019 3:14:45.8000 PM,Sep 10 2019 3:14:45.8280 PM,.0274
Auth_Check,Auth_Check,P203,read-85,PASS,,,,,,,,,Sep 10 2019 3:14:45.8300 PM,Sep 10 2019 3:14:45.8580 PM,.0281
Auth_Check,Auth_Check,[P203] aid tx bd 1c 2 24 71 4 10 23,sendCommandChars,PASS,,,,,,,,,Sep 10 2019 3:14:45.8590 PM,Sep 10 2019 3:14:45.8950 PM,.0361
Auth_Check,Auth_Check,P203,read-86,PASS,,,,,,,,,Sep 10 2019 3:14:45.8980 PM,Sep 10 2019 3:14:45.8980 PM,.0001
Auth_Check,Auth_Check,P203,read-87,PASS,,,,,,,,,Sep 10 2019 3:14:45.8990 PM,Sep 10 2019 3:14:45.9280 PM,.0288
Auth_Check,Auth_Check,P203,read-88,PASS,,,,,,,,,Sep 10 2019 3:14:45.9300 PM,Sep 10 2019 3:14:45.9580 PM,.028
Auth_Check,Auth_Check,[P203] aid tx bd 1d 2 24 71 4 10 19,sendCommandChars,PASS,,,,,,,,,Sep 10 2019 3:14:45.9600 PM,Sep 10 2019 3:14:45.9950 PM,.0351
Auth_Check,Auth_Check,3. Fetch cert,,PASS,,,,,,,,,Sep 10 2019 3:14:45.9970 PM,Sep 10 2019 3:14:45.9970 PM,0
Auth_Check,Auth_Check,IOFileHandle,writeCertFile,PASS,,,,,,,,,Sep 10 2019 3:14:46.0000 PM,Sep 10 2019 3:14:46.0060 PM,.006
Auth_Check,Auth_Check,4. Save cert,,PASS,,,,,,,,,Sep 10 2019 3:14:46.0070 PM,Sep 10 2019 3:14:46.0070 PM,0
Auth_Check,Auth_Check,[Hid] /usr/local/bin/mfi-cert validate-cert v3 /Users/gdlocal/Intelli_Log/cert.der,,PASS,,,,,,,,,Sep 10 2019 3:14:46.0500 PM,Sep 10 2019 3:14:46.0500 PM,0
Auth_Check,Auth_Check,IOFileHandle,writeToFile,PASS,,,,,,,,,Sep 10 2019 3:14:46.0510 PM,Sep 10 2019 3:14:46.0510 PM,.0001
Auth_Check,Auth_Check,5. Validate cert,,PASS,,,,,,,,,Sep 10 2019 3:14:46.0520 PM,Sep 10 2019 3:14:46.0520 PM,0
Auth_Check,Auth_Check,[Hid] /usr/local/bin/mfi-cert gen-challenge /Users/gdlocal/Intelli_Log/cert.der /Users/gdlocal/Intelli_Log/challenge.bin,,PASS,,,,,,,,,Sep 10 2019 3:14:46.0900 PM,Sep 10 2019 3:14:46.0900 PM,0
Auth_Check,Auth_Check,IOFileHandle,writeToFile-2,PASS,,,,,,,,,Sep 10 2019 3:14:46.0910 PM,Sep 10 2019 3:14:46.0910 PM,.0002
Auth_Check,Auth_Check,6. Generate challenge,,PASS,,,,,,,,,Sep 10 2019 3:14:46.0920 PM,Sep 10 2019 3:14:46.0920 PM,0
Auth_Check,Auth_Check,P203,read-89,PASS,,,,,,,,,Sep 10 2019 3:14:46.1020 PM,Sep 10 2019 3:14:46.1020 PM,.0002
Auth_Check,Auth_Check,P203,read-90,PASS,,,,,,,,,Sep 10 2019 3:14:46.1030 PM,Sep 10 2019 3:14:46.1280 PM,.025
Auth_Check,Auth_Check,[P203] aid tx bd 1e 5 24 71 4 10 0 20 00 20,sendCommandChars,PASS,,,,,,,,,Sep 10 2019 3:14:46.1300 PM,Sep 10 2019 3:14:46.1690 PM,.0386
Auth_Check,Auth_Check,P203,read-91,PASS,,,,,,,,,Sep 10 2019 3:14:46.1740 PM,Sep 10 2019 3:14:46.1740 PM,.0002
Auth_Check,Auth_Check,P203,read-92,PASS,,,,,,,,,Sep 10 2019 3:14:46.1750 PM,Sep 10 2019 3:14:46.1990 PM,.0232
Auth_Check,Auth_Check,[P203] aid tx bd 1f 23 24 71 4 10 0 21 9e 5a 12 8c fa d4 8a 50 dc 5a 0b 1e 62 a4 57 1e d3 48 e0 14 95 8c df c9 83 09 a4 94 1f 39 85 8c,sendCommandChars,PASS,,,,,,,,,Sep 10 2019 3:14:46.2000 PM,Sep 10 2019 3:14:46.2790 PM,.0784
Auth_Check,Auth_Check,P203,read-93,PASS,,,,,,,,,Sep 10 2019 3:14:46.2820 PM,Sep 10 2019 3:14:46.2820 PM,.0001
Auth_Check,Auth_Check,P203,read-94,PASS,,,,,,,,,Sep 10 2019 3:14:46.2830 PM,Sep 10 2019 3:14:46.3080 PM,.0248
Auth_Check,Auth_Check,[P203] aid tx bd 20 4 24 71 4 10 0 10 01,sendCommandChars,PASS,,,,,,,,,Sep 10 2019 3:14:46.3090 PM,Sep 10 2019 3:14:46.3450 PM,.036
Auth_Check,Auth_Check,P203,read-95,PASS,,,,,,,,,Sep 10 2019 3:14:46.9230 PM,Sep 10 2019 3:14:46.9230 PM,.0002
Auth_Check,Auth_Check,P203,read-96,PASS,,,,,,,,,Sep 10 2019 3:14:46.9250 PM,Sep 10 2019 3:14:46.9520 PM,.0278
Auth_Check,Auth_Check,[P203] aid tx bd 21 3 24 71 4 10 0 10,sendCommandChars,PASS,,,,,,,,,Sep 10 2019 3:14:46.9540 PM,Sep 10 2019 3:14:47.0200 PM,.0664
Auth_Check,Auth_Check,P203,read-97,PASS,,,,,,,,,Sep 10 2019 3:14:47.0230 PM,Sep 10 2019 3:14:47.0230 PM,.0002
Auth_Check,Auth_Check,P203,read-98,PASS,,,,,,,,,Sep 10 2019 3:14:47.0250 PM,Sep 10 2019 3:14:47.0530 PM,.028
Auth_Check,Auth_Check,P203,read-99,PASS,,,,,,,,,Sep 10 2019 3:14:47.0540 PM,Sep 10 2019 3:14:47.0830 PM,.0285
Auth_Check,Auth_Check,[P203] aid tx bd 22 2 24 71 4 10 1,sendCommandChars,PASS,,,,,,,,,Sep 10 2019 3:14:47.0840 PM,Sep 10 2019 3:14:47.1180 PM,.0337
Auth_Check,Auth_Check,7. Send challenge,,PASS,,,,,,,,,Sep 10 2019 3:14:47.1200 PM,Sep 10 2019 3:14:47.1200 PM,0
Auth_Check,Auth_Check,P203,read-100,PASS,,,,,,,,,Sep 10 2019 3:14:47.1220 PM,Sep 10 2019 3:14:47.1220 PM,.0002
Auth_Check,Auth_Check,P203,read-101,PASS,,,,,,,,,Sep 10 2019 3:14:47.1230 PM,Sep 10 2019 3:14:47.1530 PM,.0294
Auth_Check,Auth_Check,[P203] aid tx bd 23 3 24 71 4 10 0 11,sendCommandChars,PASS,,,,,,,,,Sep 10 2019 3:14:47.1540 PM,Sep 10 2019 3:14:47.1900 PM,.0359
Auth_Check,Auth_Check,P203,read-102,PASS,,,,,,,,,Sep 10 2019 3:14:47.1930 PM,Sep 10 2019 3:14:47.1930 PM,.0001
Auth_Check,Auth_Check,P203,read-103,PASS,,,,,,,,,Sep 10 2019 3:14:47.1940 PM,Sep 10 2019 3:14:47.2230 PM,.0294
Auth_Check,Auth_Check,P203,read-104,PASS,,,,,,,,,Sep 10 2019 3:14:47.2250 PM,Sep 10 2019 3:14:47.2540 PM,.0283
Auth_Check,Auth_Check,[P203] aid tx bd 24 2 24 71 4 10 2,sendCommandChars,PASS,,,,,,,,,Sep 10 2019 3:14:47.2550 PM,Sep 10 2019 3:14:47.2890 PM,.0342
Auth_Check,Auth_Check,P203,read-105,PASS,,,,,,,,,Sep 10 2019 3:14:47.2930 PM,Sep 10 2019 3:14:47.2930 PM,.0001
Auth_Check,Auth_Check,P203,read-106,PASS,,,,,,,,,Sep 10 2019 3:14:47.2940 PM,Sep 10 2019 3:14:47.3240 PM,.0299
Auth_Check,Auth_Check,[P203] aid tx bd 25 3 24 71 4 10 0 12,sendCommandChars,PASS,,,,,,,,,Sep 10 2019 3:14:47.3250 PM,Sep 10 2019 3:14:47.3610 PM,.0355
Auth_Check,Auth_Check,P203,read-107,PASS,,,,,,,,,Sep 10 2019 3:14:47.3630 PM,Sep 10 2019 3:14:47.3630 PM,.0001
Auth_Check,Auth_Check,P203,read-108,PASS,,,,,,,,,Sep 10 2019 3:14:47.3640 PM,Sep 10 2019 3:14:47.3940 PM,.0295
Auth_Check,Auth_Check,P203,read-109,PASS,,,,,,,,,Sep 10 2019 3:14:47.3960 PM,Sep 10 2019 3:14:47.4240 PM,.0285
Auth_Check,Auth_Check,[P203] aid tx bd 26 2 24 71 4 10 23,sendCommandChars,PASS,,,,,,,,,Sep 10 2019 3:14:47.4260 PM,Sep 10 2019 3:14:47.4610 PM,.0349
Auth_Check,Auth_Check,P203,read-110,PASS,,,,,,,,,Sep 10 2019 3:14:47.4630 PM,Sep 10 2019 3:14:47.4630 PM,.0001
Auth_Check,Auth_Check,P203,read-111,PASS,,,,,,,,,Sep 10 2019 3:14:47.4650 PM,Sep 10 2019 3:14:47.4950 PM,.0299
Auth_Check,Auth_Check,P203,read-112,PASS,,,,,,,,,Sep 10 2019 3:14:47.4970 PM,Sep 10 2019 3:14:47.5250 PM,.028
Auth_Check,Auth_Check,[P203] aid tx bd 27 2 24 71 4 10 1d,sendCommandChars,PASS,,,,,,,,,Sep 10 2019 3:14:47.5260 PM,Sep 10 2019 3:14:47.5610 PM,.0346
Auth_Check,Auth_Check,IOFileHandle,writeCertFile-2,PASS,,,,,,,,,Sep 10 2019 3:14:47.5640 PM,Sep 10 2019 3:14:47.5640 PM,.0008
Auth_Check,Auth_Check,8. Get challenge response,,PASS,,,,,,,,,Sep 10 2019 3:14:47.5650 PM,Sep 10 2019 3:14:47.5650 PM,0
Auth_Check,Auth_Check,[Hid] /usr/local/bin/mfi-cert verify-response /Users/gdlocal/Intelli_Log/cert.der /Users/gdlocal/Intelli_Log/challenge.bin /Users/gdlocal/Intelli_Log/challenge_resp.bin,,PASS,,,,,,,,,Sep 10 2019 3:14:47.6300 PM,Sep 10 2019 3:14:47.6300 PM,0
Auth_Check,Auth_Check,IOFileHandle,writeToFile-3,PASS,,,,,,,,,Sep 10 2019 3:14:47.6310 PM,Sep 10 2019 3:14:47.6310 PM,.0001
Auth_Check,Auth_Check,9. Verify challenge response,,PASS,,,,,,,,,Sep 10 2019 3:14:47.6320 PM,Sep 10 2019 3:14:47.6320 PM,0
Query_MLB_SN,,,,,,,,,,,,,Sep 10 2019 3:14:47.6430 PM,Sep 10 2019 3:14:47.6430 PM,.0005
Query_MLB_SN,Query_MLB_SN,Query MLB SN,DLX9354003QN6R52W,PASS,,,,,,,,,Sep 10 2019 3:14:47.6430 PM,Sep 10 2019 3:14:47.6430 PM,0
Read_MLB_SN,,,,,,,,,,,,,Sep 10 2019 3:14:47.6450 PM,Sep 10 2019 3:14:48.6920 PM,1.0463
Read_MLB_SN,Read_MLB_SN,[Hid] /usr/local/bin/hidreport -v 0x05ac -p 0x026E -i 0 get 0x12,,PASS,,,,,,,,,Sep 10 2019 3:14:48.3180 PM,Sep 10 2019 3:14:48.3180 PM,0
Read_MLB_SN,Read_MLB_SN,IOFileHandle,writeToFile,PASS,,,,,,,,,Sep 10 2019 3:14:48.3200 PM,Sep 10 2019 3:14:48.3200 PM,.0002
Read_MLB_SN,Read_MLB_SN,Read_MLB_SN,DLX9354003QN6R52W,PASS,,,,,,,,,Sep 10 2019 3:14:48.6910 PM,Sep 10 2019 3:14:48.6910 PM,0
Check_MLB_SN,,,,,,,,,,,,,Sep 10 2019 3:14:48.6940 PM,Sep 10 2019 3:14:48.6960 PM,.002
Check_MLB_SN,Check_MLB_SN,Check_MLB_SN,,PASS,,,,,,,,,Sep 10 2019 3:14:48.6940 PM,Sep 10 2019 3:14:48.6940 PM,0
Check_MLB_SN,Check_MLB_SN,StationReportPlugin,appendReportData,PASS,,,,,,,,,Sep 10 2019 3:14:48.6950 PM,Sep 10 2019 3:14:48.6950 PM,0
Read_STFW_Version_Before_DL,,,,,,,,,,,,,Sep 10 2019 3:14:48.6980 PM,Sep 10 2019 3:14:49.1740 PM,.476
Read_STFW_Version_Before_DL,Read_STFW_Version_Before_DL,[Hid] /usr/local/bin/hidreport -p 0x026E -i 0 get 0xB4,,PASS,,,,,,,,,Sep 10 2019 3:14:48.7980 PM,Sep 10 2019 3:14:48.7980 PM,0
Read_STFW_Version_Before_DL,Read_STFW_Version_Before_DL,IOFileHandle,writeToFile,PASS,,,,,,,,,Sep 10 2019 3:14:48.8000 PM,Sep 10 2019 3:14:48.8000 PM,.0002
Read_STFW_Version_Before_DL,Read_STFW_Version_Before_DL,Read_STFW_Version_Before_DL,0x0160,PASS,,,,,,,,,Sep 10 2019 3:14:49.1740 PM,Sep 10 2019 3:14:49.1740 PM,0
Read_STFW_Version_Before_DL,Read_STFW_Version_Before_DL,,,PASS,,352,NA,,,,,NA,Sep 10 2019 3:14:49.1740 PM,Sep 10 2019 3:14:49.1740 PM,0
Read_MTFW_Version_Before_DL,,,,,,,,,,,,,Sep 10 2019 3:14:49.1770 PM,Sep 10 2019 3:14:49.6460 PM,.4696
Read_MTFW_Version_Before_DL,Read_MTFW_Version_Before_DL,[Hid] /usr/local/bin/hidreport -p 0x026E -i 0 get 0xbb,,PASS,,,,,,,,,Sep 10 2019 3:14:49.2750 PM,Sep 10 2019 3:14:49.2750 PM,0
Read_MTFW_Version_Before_DL,Read_MTFW_Version_Before_DL,IOFileHandle,writeToFile,PASS,,,,,,,,,Sep 10 2019 3:14:49.2770 PM,Sep 10 2019 3:14:49.2770 PM,.0001
Read_MTFW_Version_Before_DL,Read_MTFW_Version_Before_DL,Read_MTFW_Version_Before_DL,0x0505,PASS,,,,,,,,,Sep 10 2019 3:14:49.6460 PM,Sep 10 2019 3:14:49.6460 PM,0
Read_MTFW_Version_Before_DL,Read_MTFW_Version_Before_DL,,,PASS,,1285,NA,,,,,NA,Sep 10 2019 3:14:49.6460 PM,Sep 10 2019 3:14:49.6460 PM,0
Read_CCG3_FW_Version_Before_DL,,,,,,,,,,,,,Sep 10 2019 3:14:49.6490 PM,Sep 10 2019 3:14:50.6210 PM,.9727
Read_CCG3_FW_Version_Before_DL,Read_CCG3_FW_Version_Before_DL,"[Hid] /usr/local/bin/hidreport -v 0x05ac -p 0x026E -usage 0xff00,0xb set 0xCE 0xCE 6 6 0",,PASS,,,,,,,,,Sep 10 2019 3:14:49.7450 PM,Sep 10 2019 3:14:49.7450 PM,0
Read_CCG3_FW_Version_Before_DL,Read_CCG3_FW_Version_Before_DL,IOFileHandle,writeToFile,PASS,,,,,,,,,Sep 10 2019 3:14:49.7460 PM,Sep 10 2019 3:14:49.7470 PM,.0001
Read_CCG3_FW_Version_Before_DL,Read_CCG3_FW_Version_Before_DL,"[Hid] /usr/local/bin/hidreport -p 0x026E -usage 0xff00,0xb get 0xA0",,PASS,,,,,,,,,Sep 10 2019 3:14:50.2500 PM,Sep 10 2019 3:14:50.2500 PM,0
Read_CCG3_FW_Version_Before_DL,Read_CCG3_FW_Version_Before_DL,IOFileHandle,writeToFile-2,PASS,,,,,,,,,Sep 10 2019 3:14:50.2510 PM,Sep 10 2019 3:14:50.2510 PM,.0001
Read_CCG3_FW_Version_Before_DL,Read_CCG3_FW_Version_Before_DL,Read_CCG3_FW_Version_Before_DL,A0 01 00 0A 00 0B 00 0A,PASS,,,,,,,,,Sep 10 2019 3:14:50.6210 PM,Sep 10 2019 3:14:50.6210 PM,0
Program_Main_FW,,,,,,,,,,,,,Sep 10 2019 3:14:50.6240 PM,Sep 10 2019 3:15:32.5820 PM,41.9578
Program_Main_FW,Program_Main_FW,[Hid] /usr/local/bin/hidreport -p 0x026E -i 0 get 0xBC,,PASS,,,,,,,,,Sep 10 2019 3:14:50.7230 PM,Sep 10 2019 3:14:50.7230 PM,0
Program_Main_FW,Program_Main_FW,IOFileHandle,writeToFile,PASS,,,,,,,,,Sep 10 2019 3:14:50.7240 PM,Sep 10 2019 3:14:50.7250 PM,.0001
Program_Main_FW,Program_Main_FW,[P203] ,sendCommand,PASS,,,,,,,,,Sep 10 2019 3:14:51.0950 PM,Sep 10 2019 3:14:51.0960 PM,.0007
Program_Main_FW,Program_Main_FW,[P203] flags ~ro,sendCommandChars,PASS,,,,,,,,,Sep 10 2019 3:14:51.0970 PM,Sep 10 2019 3:14:51.1070 PM,.0103
Program_Main_FW,Program_Main_FW,P203,read,PASS,,,,,,,,,Sep 10 2019 3:14:51.1090 PM,Sep 10 2019 3:14:51.1090 PM,.0001
Program_Main_FW,Program_Main_FW,P203,read-2,PASS,,,,,,,,,Sep 10 2019 3:14:51.1100 PM,Sep 10 2019 3:14:51.1100 PM,.0002
Program_Main_FW,Program_Main_FW,P203,read-3,PASS,,,,,,,,,Sep 10 2019 3:14:51.1110 PM,Sep 10 2019 3:14:51.1110 PM,.0001
Program_Main_FW,Program_Main_FW,P203,read-4,PASS,,,,,,,,,Sep 10 2019 3:14:51.1130 PM,Sep 10 2019 3:14:51.1330 PM,.0208
Program_Main_FW,Program_Main_FW,[P203] aid hsena 1,sendCommandChars,PASS,,,,,,,,,Sep 10 2019 3:14:51.1350 PM,Sep 10 2019 3:14:51.1710 PM,.0362
Program_Main_FW,Program_Main_FW,P203,read-5,PASS,,,,,,,,,Sep 10 2019 3:14:51.1720 PM,Sep 10 2019 3:14:51.1730 PM,.0002
Program_Main_FW,Program_Main_FW,P203,read-6,PASS,,,,,,,,,Sep 10 2019 3:14:51.1740 PM,Sep 10 2019 3:14:51.1940 PM,.0205
Program_Main_FW,Program_Main_FW,HSAID enabled,,PASS,,,,,,,,,Sep 10 2019 3:14:51.1950 PM,Sep 10 2019 3:14:51.1950 PM,0
Program_Main_FW,Program_Main_FW,[Hid] /usr/local/bin/shfuc -n -v 0x05ac -p 0x026E -f /usr/local/bin/R128-v0x0160-dev-signed.118.P2.afu,,PASS,,,,,,,,,Sep 10 2019 3:15:22.9750 PM,Sep 10 2019 3:15:22.9750 PM,0
Program_Main_FW,Program_Main_FW,IOFileHandle,writeToFile-2,PASS,,,,,,,,,Sep 10 2019 3:15:22.9760 PM,Sep 10 2019 3:15:22.9770 PM,.0002
Program_Main_FW,Program_Main_FW,Program_Main_FW,,PASS,,,,,,,,,Sep 10 2019 3:15:23.3450 PM,Sep 10 2019 3:15:23.3450 PM,0
Program_Main_FW,Program_Main_FW,StationReportPlugin,appendReportData,PASS,,,,,,,,,Sep 10 2019 3:15:23.3460 PM,Sep 10 2019 3:15:23.3460 PM,0
Program_Main_FW,Program_Main_FW,[Fixture] power off,sendCommand,PASS,,,,,,,,,Sep 10 2019 3:15:26.4130 PM,Sep 10 2019 3:15:26.4160 PM,.0033
Program_Main_FW,Program_Main_FW,[Fixture] power on,sendCommand,PASS,,,,,,,,,Sep 10 2019 3:15:27.4890 PM,Sep 10 2019 3:15:27.5030 PM,.0139
Program_Main_FW,Program_Main_FW,[P203] ,sendCommand-2,PASS,,,,,,,,,Sep 10 2019 3:15:32.5760 PM,Sep 10 2019 3:15:32.5810 PM,.0048
Program_MTFW,,,,,,,,,,,,,Sep 10 2019 3:15:32.5850 PM,Sep 10 2019 3:15:58.0470 PM,25.4615
Program_MTFW,Program_MTFW,[Hid] /usr/local/bin/hidreport -p 0x026E -i 0 get 0xBC,,PASS,,,,,,,,,Sep 10 2019 3:15:32.6350 PM,Sep 10 2019 3:15:32.6350 PM,0
Program_MTFW,Program_MTFW,IOFileHandle,writeToFile,PASS,,,,,,,,,Sep 10 2019 3:15:32.6370 PM,Sep 10 2019 3:15:32.6370 PM,.0001
Program_MTFW,Program_MTFW,[P203] ,sendCommand,PASS,,,,,,,,,Sep 10 2019 3:15:33.0130 PM,Sep 10 2019 3:15:33.0140 PM,.0007
Program_MTFW,Program_MTFW,[P203] flags ~ro,sendCommandChars,PASS,,,,,,,,,Sep 10 2019 3:15:33.0150 PM,Sep 10 2019 3:15:33.0280 PM,.0132
Program_MTFW,Program_MTFW,P203,read,PASS,,,,,,,,,Sep 10 2019 3:15:33.0300 PM,Sep 10 2019 3:15:33.0300 PM,.0001
Program_MTFW,Program_MTFW,P203,read-2,PASS,,,,,,,,,Sep 10 2019 3:15:33.0310 PM,Sep 10 2019 3:15:33.0310 PM,.0001
Program_MTFW,Program_MTFW,P203,read-3,PASS,,,,,,,,,Sep 10 2019 3:15:33.0330 PM,Sep 10 2019 3:15:33.0330 PM,.0002
Program_MTFW,Program_MTFW,P203,read-4,PASS,,,,,,,,,Sep 10 2019 3:15:33.0340 PM,Sep 10 2019 3:15:33.0570 PM,.0234
Program_MTFW,Program_MTFW,[P203] aid hsena 1,sendCommandChars,PASS,,,,,,,,,Sep 10 2019 3:15:33.0590 PM,Sep 10 2019 3:15:33.0920 PM,.0334
Program_MTFW,Program_MTFW,P203,read-5,PASS,,,,,,,,,Sep 10 2019 3:15:33.0940 PM,Sep 10 2019 3:15:33.0940 PM,.0001
Program_MTFW,Program_MTFW,P203,read-6,PASS,,,,,,,,,Sep 10 2019 3:15:33.0950 PM,Sep 10 2019 3:15:33.1200 PM,.0254
Program_MTFW,Program_MTFW,HSAID enabled,,PASS,,,,,,,,,Sep 10 2019 3:15:33.1210 PM,Sep 10 2019 3:15:33.1210 PM,0
Program_MTFW,Program_MTFW,[Hid] /usr/local/bin/shfuc -n -v 0x05ac -p 0x026E -f /usr/local/bin/R118-MTFW-0x0505.HW3.dev-sig.afu,,PASS,,,,,,,,,Sep 10 2019 3:15:41.4220 PM,Sep 10 2019 3:15:41.4220 PM,0
Program_MTFW,Program_MTFW,IOFileHandle,writeToFile-2,PASS,,,,,,,,,Sep 10 2019 3:15:41.4230 PM,Sep 10 2019 3:15:41.4230 PM,.0001
Program_MTFW,Program_MTFW,Program_MTFW,,PASS,,,,,,,,,Sep 10 2019 3:15:41.7980 PM,Sep 10 2019 3:15:41.7980 PM,0
Program_MTFW,Program_MTFW,StationReportPlugin,appendReportData,PASS,,,,,,,,,Sep 10 2019 3:15:41.8000 PM,Sep 10 2019 3:15:41.8000 PM,0
Program_MTFW,Program_MTFW,[Fixture] power off,sendCommand,PASS,,,,,,,,,Sep 10 2019 3:15:51.8740 PM,Sep 10 2019 3:15:51.8780 PM,.0046
Program_MTFW,Program_MTFW,[Fixture] power on,sendCommand,PASS,,,,,,,,,Sep 10 2019 3:15:52.9500 PM,Sep 10 2019 3:15:52.9650 PM,.0145
Program_MTFW,Program_MTFW,[P203] ,sendCommand-2,PASS,,,,,,,,,Sep 10 2019 3:15:58.0390 PM,Sep 10 2019 3:15:58.0460 PM,.0067
Read_Main_FW_Version_After_DL,,,,,,,,,,,,,Sep 10 2019 3:15:58.0500 PM,Sep 10 2019 3:15:58.4710 PM,.4214
Read_Main_FW_Version_After_DL,Read_Main_FW_Version_After_DL,[Hid] /usr/local/bin/hidreport -p 0x026E -i 0 get 0xB4,,PASS,,,,,,,,,Sep 10 2019 3:15:58.0980 PM,Sep 10 2019 3:15:58.0980 PM,0
Read_Main_FW_Version_After_DL,Read_Main_FW_Version_After_DL,IOFileHandle,writeToFile,PASS,,,,,,,,,Sep 10 2019 3:15:58.0990 PM,Sep 10 2019 3:15:58.0990 PM,.0001
Read_Main_FW_Version_After_DL,Read_Main_FW_Version_After_DL,Read_Main_FW_Version_After_DL,0x0160,PASS,,,,,,,,,Sep 10 2019 3:15:58.4710 PM,Sep 10 2019 3:15:58.4710 PM,0
Read_Main_FW_Version_After_DL,Read_Main_FW_Version_After_DL,,,PASS,,352,NA,352,352,,,NA,Sep 10 2019 3:15:58.4710 PM,Sep 10 2019 3:15:58.4710 PM,0
Read_MTFW_After_DL,,,,,,,,,,,,,Sep 10 2019 3:15:58.4740 PM,Sep 10 2019 3:15:58.8940 PM,.4197
Read_MTFW_After_DL,Read_MTFW_After_DL,[Hid] /usr/local/bin/hidreport -p 0x026E -i 0 get 0xbb,,PASS,,,,,,,,,Sep 10 2019 3:15:58.5240 PM,Sep 10 2019 3:15:58.5240 PM,0
Read_MTFW_After_DL,Read_MTFW_After_DL,IOFileHandle,writeToFile,PASS,,,,,,,,,Sep 10 2019 3:15:58.5250 PM,Sep 10 2019 3:15:58.5250 PM,.0001
Read_MTFW_After_DL,Read_MTFW_After_DL,Read_MTFW_After_DL,0x0505,PASS,,,,,,,,,Sep 10 2019 3:15:58.8930 PM,Sep 10 2019 3:15:58.8930 PM,0
Read_MTFW_After_DL,Read_MTFW_After_DL,,,PASS,,1285,NA,1285,1285,,,NA,Sep 10 2019 3:15:58.8930 PM,Sep 10 2019 3:15:58.8930 PM,0
Read_CCG3_FW_After_DL,,,,,,,,,,,,,Sep 10 2019 3:15:58.8960 PM,Sep 10 2019 3:15:59.8180 PM,.922
Read_CCG3_FW_After_DL,Read_CCG3_FW_After_DL,"[Hid] /usr/local/bin/hidreport -v 0x05ac -p 0x026E -usage 0xff00,0xb set 0xCE 0xCE 6 6 0",,PASS,,,,,,,,,Sep 10 2019 3:15:58.9370 PM,Sep 10 2019 3:15:58.9370 PM,0
Read_CCG3_FW_After_DL,Read_CCG3_FW_After_DL,IOFileHandle,writeToFile,PASS,,,,,,,,,Sep 10 2019 3:15:58.9390 PM,Sep 10 2019 3:15:58.9390 PM,.0001
Read_CCG3_FW_After_DL,Read_CCG3_FW_After_DL,"[Hid] /usr/local/bin/hidreport -p 0x026E -usage 0xff00,0xb get 0xA0",,PASS,,,,,,,,,Sep 10 2019 3:15:59.4410 PM,Sep 10 2019 3:15:59.4410 PM,0
Read_CCG3_FW_After_DL,Read_CCG3_FW_After_DL,IOFileHandle,writeToFile-2,PASS,,,,,,,,,Sep 10 2019 3:15:59.4420 PM,Sep 10 2019 3:15:59.4430 PM,.0001
Read_CCG3_FW_After_DL,Read_CCG3_FW_After_DL,Read_CCG3_FW_After_DL,A0 01 00 0A 00 0B 00 0A,PASS,,,,,,,,,Sep 10 2019 3:15:59.8180 PM,Sep 10 2019 3:15:59.8180 PM,0
Finish_DRCB,,,,,,,,,,,,,Sep 10 2019 3:15:59.8210 PM,Sep 10 2019 3:16:00.2780 PM,.4571
Finish_DRCB,Finish_DRCB,DRCB,Finish,PASS,,,,,,,,,Sep 10 2019 3:15:59.8220 PM,Sep 10 2019 3:16:00.2770 PM,.4549
Fixture_reset,,,,,,,,,,,,,Sep 10 2019 3:16:00.2800 PM,Sep 10 2019 3:16:00.6280 PM,.3481
Fixture_reset,Fixture_reset,[Fixture] Retract pogo,sendCommand,PASS,,,,,,,,,Sep 10 2019 3:16:00.2810 PM,Sep 10 2019 3:16:00.6160 PM,.3347
Fixture_reset,Fixture_reset,Fixture,close,PASS,,,,,,,,,Sep 10 2019 3:16:00.6170 PM,Sep 10 2019 3:16:00.6220 PM,.0044
Fixture_reset,Fixture_reset,P203,close,PASS,,,,,,,,,Sep 10 2019 3:16:00.6230 PM,Sep 10 2019 3:16:00.6270 PM,.0044
