Test,Plugin,Command,Status,Info,Start Time,End Time,Duration (s)
Scan_SN,com.apple.hwte.atlas.AppPlugin,show-form,PASS,,Sep 10 2019 3:14:17.4720 PM,Sep 10 2019 3:14:20.8500 PM,3.3778
Fixture_init,Fixture,changeDelimiter,PASS,,Sep 10 2019 3:14:20.8550 PM,Sep 10 2019 3:14:20.8550 PM,.0001
Fixture_init,Fixture,changeLineTerminator,PASS,,Sep 10 2019 3:14:20.8570 PM,Sep 10 2019 3:14:20.8570 PM,0
Fixture_init,Fixture,open,PASS,,Sep 10 2019 3:14:20.8590 PM,Sep 10 2019 3:14:22.4560 PM,1.5969
Fixture_init,Fixture,read,PASS,,Sep 10 2019 3:14:22.4570 PM,Sep 10 2019 3:14:22.4860 PM,.029
Fixture_init,P203,changeDelimiter,PASS,,Sep 10 2019 3:14:22.4880 PM,Sep 10 2019 3:14:22.4880 PM,.0001
Fixture_init,P203,changeLineTerminator,PASS,,Sep 10 2019 3:14:22.4900 PM,Sep 10 2019 3:14:22.4900 PM,0
Fixture_init,P203,open,PASS,,Sep 10 2019 3:14:22.4920 PM,Sep 10 2019 3:14:24.0860 PM,1.5941
Fixture_init,P203,read,PASS,,Sep 10 2019 3:14:24.0870 PM,Sep 10 2019 3:14:24.1160 PM,.0289
Fixture_init,Fixture,sendCommand,PASS,,Sep 10 2019 3:14:24.1180 PM,Sep 10 2019 3:14:24.1320 PM,.0141
Fixture_init,Fixture,sendCommand,PASS,,Sep 10 2019 3:14:24.1330 PM,Sep 10 2019 3:14:24.1510 PM,.0173
Fixture_init,P203,sendCommand,PASS,,Sep 10 2019 3:14:25.2230 PM,Sep 10 2019 3:14:25.2330 PM,.0092
Fixture_init,Fixture,sendCommand,PASS,,Sep 10 2019 3:14:25.2340 PM,Sep 10 2019 3:14:25.5850 PM,.3511
Fixture_init,Fixture,sendCommand,PASS,,Sep 10 2019 3:14:29.4690 PM,Sep 10 2019 3:14:29.4830 PM,.0139
Fixture_init,Fixture,sendCommand,PASS,,Sep 10 2019 3:14:30.5550 PM,Sep 10 2019 3:14:30.5680 PM,.0137
Fixture_init,P203,sendCommand,PASS,,Sep 10 2019 3:14:35.6410 PM,Sep 10 2019 3:14:35.6420 PM,.0008
Fixture_init,StationReportPlugin,isReporting,PASS,,Sep 10 2019 3:14:35.6920 PM,Sep 10 2019 3:14:35.6920 PM,0
Start_Data_Reporting,DRCB,startDataReporting,PASS,,Sep 10 2019 3:14:35.6990 PM,Sep 10 2019 3:14:35.7080 PM,.0088
Start_Control_Bit,DRCB,startControlBits,PASS,,Sep 10 2019 3:14:35.7140 PM,Sep 10 2019 3:14:36.0110 PM,.2972
Get_SFC_Info,SFCSupport,getAttribute,PASS,,Sep 10 2019 3:14:36.0150 PM,Sep 10 2019 3:14:36.0430 PM,.0277
Get_SFC_Info,SFCSupport,getAttribute,PASS,,Sep 10 2019 3:14:36.0450 PM,Sep 10 2019 3:14:36.0500 PM,.0047
Get_SFC_Info,SFCSupport,getAttribute,PASS,,Sep 10 2019 3:14:36.0520 PM,Sep 10 2019 3:14:36.0560 PM,.0044
Get_SFC_Info,SFCSupport,getAttribute,PASS,,Sep 10 2019 3:14:36.0580 PM,Sep 10 2019 3:14:36.0620 PM,.0037
P203_FW_DEV,P203,read,PASS,,Sep 10 2019 3:14:36.0860 PM,Sep 10 2019 3:14:36.0860 PM,.0003
P203_FW_DEV,P203,read,PASS,,Sep 10 2019 3:14:36.0870 PM,Sep 10 2019 3:14:36.0880 PM,.0002
P203_FW_DEV,P203,read,PASS,,Sep 10 2019 3:14:36.0890 PM,Sep 10 2019 3:14:36.1110 PM,.0223
P203_FW_DEV,P203,sendCommand,PASS,,Sep 10 2019 3:14:36.1130 PM,Sep 10 2019 3:14:36.1270 PM,.0142
EP_DISABLE_TP,IOFileHandle,writeToFile,PASS,,Sep 10 2019 3:14:36.1780 PM,Sep 10 2019 3:14:36.1780 PM,.0005
EP_DISABLE_TP,IOFileHandle,writeToFile,PASS,,Sep 10 2019 3:14:36.5970 PM,Sep 10 2019 3:14:36.5970 PM,.0002
EP_DISABLE_TP,Fixture,sendCommand,PASS,,Sep 10 2019 3:14:36.9660 PM,Sep 10 2019 3:14:36.9740 PM,.0075
EP_DISABLE_TP,Fixture,sendCommand,PASS,,Sep 10 2019 3:14:38.0470 PM,Sep 10 2019 3:14:38.0600 PM,.0125
EP_DISABLE_TP,P203,sendCommand,PASS,,Sep 10 2019 3:14:43.1370 PM,Sep 10 2019 3:14:43.1380 PM,.0007
Auth_Check,P203,read,PASS,,Sep 10 2019 3:14:43.1420 PM,Sep 10 2019 3:14:43.1430 PM,.0003
Auth_Check,P203,read,PASS,,Sep 10 2019 3:14:43.1440 PM,Sep 10 2019 3:14:43.1440 PM,.0002
Auth_Check,P203,read,PASS,,Sep 10 2019 3:14:43.1450 PM,Sep 10 2019 3:14:43.1660 PM,.0211
Auth_Check,P203,sendCommandChars,PASS,,Sep 10 2019 3:14:43.1680 PM,Sep 10 2019 3:14:43.2340 PM,.0662
Auth_Check,P203,read,PASS,,Sep 10 2019 3:14:43.2370 PM,Sep 10 2019 3:14:43.2370 PM,.0002
Auth_Check,P203,read,PASS,,Sep 10 2019 3:14:43.2390 PM,Sep 10 2019 3:14:43.2670 PM,.0283
Auth_Check,P203,sendCommandChars,PASS,,Sep 10 2019 3:14:43.2680 PM,Sep 10 2019 3:14:43.3030 PM,.0348
Auth_Check,P203,read,PASS,,Sep 10 2019 3:14:43.3060 PM,Sep 10 2019 3:14:43.3060 PM,.0002
Auth_Check,P203,read,PASS,,Sep 10 2019 3:14:43.3070 PM,Sep 10 2019 3:14:43.3370 PM,.0304
Auth_Check,P203,sendCommandChars,PASS,,Sep 10 2019 3:14:43.3400 PM,Sep 10 2019 3:14:43.3760 PM,.0363
Auth_Check,P203,read,PASS,,Sep 10 2019 3:14:43.3780 PM,Sep 10 2019 3:14:43.3790 PM,.0002
Auth_Check,P203,read,PASS,,Sep 10 2019 3:14:43.3800 PM,Sep 10 2019 3:14:43.4080 PM,.0279
Auth_Check,P203,sendCommandChars,PASS,,Sep 10 2019 3:14:43.4090 PM,Sep 10 2019 3:14:43.4440 PM,.0345
Auth_Check,P203,read,PASS,,Sep 10 2019 3:14:43.4460 PM,Sep 10 2019 3:14:43.4460 PM,.0002
Auth_Check,P203,read,PASS,,Sep 10 2019 3:14:43.4480 PM,Sep 10 2019 3:14:43.4780 PM,.0302
Auth_Check,P203,sendCommandChars,PASS,,Sep 10 2019 3:14:43.4790 PM,Sep 10 2019 3:14:43.5140 PM,.0342
Auth_Check,P203,read,PASS,,Sep 10 2019 3:14:43.5160 PM,Sep 10 2019 3:14:43.5160 PM,.0001
Auth_Check,P203,read,PASS,,Sep 10 2019 3:14:43.5170 PM,Sep 10 2019 3:14:43.5380 PM,.0206
Auth_Check,P203,sendCommandChars,PASS,,Sep 10 2019 3:14:43.5390 PM,Sep 10 2019 3:14:43.5610 PM,.0211
Auth_Check,P203,read,PASS,,Sep 10 2019 3:14:43.5650 PM,Sep 10 2019 3:14:43.5750 PM,.0108
Auth_Check,P203,read,PASS,,Sep 10 2019 3:14:43.5770 PM,Sep 10 2019 3:14:43.5980 PM,.0217
Auth_Check,P203,read,PASS,,Sep 10 2019 3:14:43.6000 PM,Sep 10 2019 3:14:43.6280 PM,.0282
Auth_Check,P203,sendCommandChars,PASS,,Sep 10 2019 3:14:43.6300 PM,Sep 10 2019 3:14:43.6640 PM,.0339
Auth_Check,P203,read,PASS,,Sep 10 2019 3:14:43.6680 PM,Sep 10 2019 3:14:43.6680 PM,.0002
Auth_Check,P203,read,PASS,,Sep 10 2019 3:14:43.6700 PM,Sep 10 2019 3:14:43.6950 PM,.0254
Auth_Check,P203,sendCommandChars,PASS,,Sep 10 2019 3:14:43.6970 PM,Sep 10 2019 3:14:43.7310 PM,.0347
Auth_Check,P203,read,PASS,,Sep 10 2019 3:14:43.7340 PM,Sep 10 2019 3:14:43.7340 PM,.0002
Auth_Check,P203,read,PASS,,Sep 10 2019 3:14:43.7350 PM,Sep 10 2019 3:14:43.7590 PM,.0241
Auth_Check,P203,read,PASS,,Sep 10 2019 3:14:43.7610 PM,Sep 10 2019 3:14:43.7840 PM,.0229
Auth_Check,P203,sendCommandChars,PASS,,Sep 10 2019 3:14:43.7860 PM,Sep 10 2019 3:14:43.8200 PM,.0343
Auth_Check,P203,read,PASS,,Sep 10 2019 3:14:43.8240 PM,Sep 10 2019 3:14:43.8240 PM,.0003
Auth_Check,P203,read,PASS,,Sep 10 2019 3:14:43.8260 PM,Sep 10 2019 3:14:43.8500 PM,.024
Auth_Check,P203,sendCommandChars,PASS,,Sep 10 2019 3:14:43.8510 PM,Sep 10 2019 3:14:43.8860 PM,.0352
Auth_Check,P203,read,PASS,,Sep 10 2019 3:14:43.8890 PM,Sep 10 2019 3:14:43.8890 PM,.0002
Auth_Check,P203,read,PASS,,Sep 10 2019 3:14:43.8910 PM,Sep 10 2019 3:14:43.9200 PM,.0291
Auth_Check,P203,read,PASS,,Sep 10 2019 3:14:43.9220 PM,Sep 10 2019 3:14:43.9500 PM,.0282
Auth_Check,P203,sendCommandChars,PASS,,Sep 10 2019 3:14:43.9510 PM,Sep 10 2019 3:14:43.9860 PM,.0345
Auth_Check,P203,read,PASS,,Sep 10 2019 3:14:43.9880 PM,Sep 10 2019 3:14:43.9880 PM,.0001
Auth_Check,P203,read,PASS,,Sep 10 2019 3:14:43.9900 PM,Sep 10 2019 3:14:44.0130 PM,.0229
Auth_Check,P203,read,PASS,,Sep 10 2019 3:14:44.0150 PM,Sep 10 2019 3:14:44.0400 PM,.0257
Auth_Check,P203,sendCommandChars,PASS,,Sep 10 2019 3:14:44.0420 PM,Sep 10 2019 3:14:44.0770 PM,.0353
Auth_Check,P203,read,PASS,,Sep 10 2019 3:14:44.0790 PM,Sep 10 2019 3:14:44.0800 PM,.0001
Auth_Check,P203,read,PASS,,Sep 10 2019 3:14:44.0810 PM,Sep 10 2019 3:14:44.1110 PM,.0301
Auth_Check,P203,read,PASS,,Sep 10 2019 3:14:44.1140 PM,Sep 10 2019 3:14:44.1410 PM,.0269
Auth_Check,P203,sendCommandChars,PASS,,Sep 10 2019 3:14:44.1420 PM,Sep 10 2019 3:14:44.1770 PM,.0349
Auth_Check,P203,read,PASS,,Sep 10 2019 3:14:44.1790 PM,Sep 10 2019 3:14:44.1790 PM,.0002
Auth_Check,P203,read,PASS,,Sep 10 2019 3:14:44.1810 PM,Sep 10 2019 3:14:44.2110 PM,.0304
Auth_Check,P203,read,PASS,,Sep 10 2019 3:14:44.2130 PM,Sep 10 2019 3:14:44.2410 PM,.0281
Auth_Check,P203,sendCommandChars,PASS,,Sep 10 2019 3:14:44.2430 PM,Sep 10 2019 3:14:44.2760 PM,.0339
Auth_Check,P203,read,PASS,,Sep 10 2019 3:14:44.2790 PM,Sep 10 2019 3:14:44.2800 PM,.0002
Auth_Check,P203,read,PASS,,Sep 10 2019 3:14:44.2810 PM,Sep 10 2019 3:14:44.3050 PM,.024
Auth_Check,P203,sendCommandChars,PASS,,Sep 10 2019 3:14:44.3060 PM,Sep 10 2019 3:14:44.3420 PM,.0358
Auth_Check,P203,read,PASS,,Sep 10 2019 3:14:44.3450 PM,Sep 10 2019 3:14:44.3450 PM,.0002
Auth_Check,P203,read,PASS,,Sep 10 2019 3:14:44.3460 PM,Sep 10 2019 3:14:44.3720 PM,.0256
Auth_Check,P203,read,PASS,,Sep 10 2019 3:14:44.3730 PM,Sep 10 2019 3:14:44.4020 PM,.0285
Auth_Check,P203,sendCommandChars,PASS,,Sep 10 2019 3:14:44.4030 PM,Sep 10 2019 3:14:44.4380 PM,.0347
Auth_Check,P203,read,PASS,,Sep 10 2019 3:14:44.4420 PM,Sep 10 2019 3:14:44.4420 PM,.0003
Auth_Check,P203,read,PASS,,Sep 10 2019 3:14:44.4490 PM,Sep 10 2019 3:14:44.4720 PM,.0228
Auth_Check,P203,read,PASS,,Sep 10 2019 3:14:44.4740 PM,Sep 10 2019 3:14:44.4960 PM,.0224
Auth_Check,P203,sendCommandChars,PASS,,Sep 10 2019 3:14:44.4980 PM,Sep 10 2019 3:14:44.5190 PM,.0215
Auth_Check,P203,read,PASS,,Sep 10 2019 3:14:44.5220 PM,Sep 10 2019 3:14:44.5350 PM,.0133
Auth_Check,P203,read,PASS,,Sep 10 2019 3:14:44.5360 PM,Sep 10 2019 3:14:44.5620 PM,.026
Auth_Check,P203,read,PASS,,Sep 10 2019 3:14:44.5640 PM,Sep 10 2019 3:14:44.5930 PM,.0285
Auth_Check,P203,sendCommandChars,PASS,,Sep 10 2019 3:14:44.5940 PM,Sep 10 2019 3:14:44.6140 PM,.0201
Auth_Check,P203,read,PASS,,Sep 10 2019 3:14:44.6170 PM,Sep 10 2019 3:14:44.6300 PM,.0131
Auth_Check,P203,read,PASS,,Sep 10 2019 3:14:44.6310 PM,Sep 10 2019 3:14:44.6530 PM,.0216
Auth_Check,P203,read,PASS,,Sep 10 2019 3:14:44.6550 PM,Sep 10 2019 3:14:44.6830 PM,.0281
Auth_Check,P203,sendCommandChars,PASS,,Sep 10 2019 3:14:44.6840 PM,Sep 10 2019 3:14:44.7190 PM,.0345
Auth_Check,P203,read,PASS,,Sep 10 2019 3:14:44.7220 PM,Sep 10 2019 3:14:44.7220 PM,.0002
Auth_Check,P203,read,PASS,,Sep 10 2019 3:14:44.7240 PM,Sep 10 2019 3:14:44.7540 PM,.03
Auth_Check,P203,sendCommandChars,PASS,,Sep 10 2019 3:14:44.7550 PM,Sep 10 2019 3:14:44.7910 PM,.0359
Auth_Check,P203,read,PASS,,Sep 10 2019 3:14:44.7930 PM,Sep 10 2019 3:14:44.7930 PM,.0002
Auth_Check,P203,read,PASS,,Sep 10 2019 3:14:44.7950 PM,Sep 10 2019 3:14:44.8240 PM,.0292
Auth_Check,P203,read,PASS,,Sep 10 2019 3:14:44.8260 PM,Sep 10 2019 3:14:44.8540 PM,.0282
Auth_Check,P203,sendCommandChars,PASS,,Sep 10 2019 3:14:44.8560 PM,Sep 10 2019 3:14:44.8910 PM,.035
Auth_Check,P203,read,PASS,,Sep 10 2019 3:14:44.8940 PM,Sep 10 2019 3:14:44.8940 PM,.0002
Auth_Check,P203,read,PASS,,Sep 10 2019 3:14:44.8950 PM,Sep 10 2019 3:14:44.9240 PM,.0291
Auth_Check,P203,read,PASS,,Sep 10 2019 3:14:44.9260 PM,Sep 10 2019 3:14:44.9520 PM,.0262
Auth_Check,P203,sendCommandChars,PASS,,Sep 10 2019 3:14:44.9540 PM,Sep 10 2019 3:14:44.9890 PM,.0355
Auth_Check,P203,read,PASS,,Sep 10 2019 3:14:44.9920 PM,Sep 10 2019 3:14:44.9930 PM,.0002
Auth_Check,P203,read,PASS,,Sep 10 2019 3:14:44.9940 PM,Sep 10 2019 3:14:45.0240 PM,.0304
Auth_Check,P203,read,PASS,,Sep 10 2019 3:14:45.0260 PM,Sep 10 2019 3:14:45.0550 PM,.0283
Auth_Check,P203,sendCommandChars,PASS,,Sep 10 2019 3:14:45.0560 PM,Sep 10 2019 3:14:45.0920 PM,.0361
Auth_Check,P203,read,PASS,,Sep 10 2019 3:14:45.0950 PM,Sep 10 2019 3:14:45.0950 PM,.0001
Auth_Check,P203,read,PASS,,Sep 10 2019 3:14:45.0960 PM,Sep 10 2019 3:14:45.1250 PM,.0285
Auth_Check,P203,read,PASS,,Sep 10 2019 3:14:45.1270 PM,Sep 10 2019 3:14:45.1550 PM,.0281
Auth_Check,P203,sendCommandChars,PASS,,Sep 10 2019 3:14:45.1560 PM,Sep 10 2019 3:14:45.1920 PM,.0364
Auth_Check,P203,read,PASS,,Sep 10 2019 3:14:45.1960 PM,Sep 10 2019 3:14:45.1960 PM,.0002
Auth_Check,P203,read,PASS,,Sep 10 2019 3:14:45.1970 PM,Sep 10 2019 3:14:45.2200 PM,.0232
Auth_Check,P203,sendCommandChars,PASS,,Sep 10 2019 3:14:45.2220 PM,Sep 10 2019 3:14:45.2580 PM,.0359
Auth_Check,P203,read,PASS,,Sep 10 2019 3:14:45.2600 PM,Sep 10 2019 3:14:45.2600 PM,.0002
Auth_Check,P203,read,PASS,,Sep 10 2019 3:14:45.2620 PM,Sep 10 2019 3:14:45.2850 PM,.0238
Auth_Check,P203,read,PASS,,Sep 10 2019 3:14:45.2870 PM,Sep 10 2019 3:14:45.3110 PM,.0239
Auth_Check,P203,sendCommandChars,PASS,,Sep 10 2019 3:14:45.3130 PM,Sep 10 2019 3:14:45.3480 PM,.0351
Auth_Check,P203,read,PASS,,Sep 10 2019 3:14:45.3510 PM,Sep 10 2019 3:14:45.3510 PM,.0001
Auth_Check,P203,read,PASS,,Sep 10 2019 3:14:45.3520 PM,Sep 10 2019 3:14:45.3760 PM,.0241
Auth_Check,P203,read,PASS,,Sep 10 2019 3:14:45.3780 PM,Sep 10 2019 3:14:45.4060 PM,.028
Auth_Check,P203,sendCommandChars,PASS,,Sep 10 2019 3:14:45.4070 PM,Sep 10 2019 3:14:45.4280 PM,.0209
Auth_Check,P203,read,PASS,,Sep 10 2019 3:14:45.4310 PM,Sep 10 2019 3:14:45.4440 PM,.0129
Auth_Check,P203,read,PASS,,Sep 10 2019 3:14:45.4450 PM,Sep 10 2019 3:14:45.4700 PM,.0244
Auth_Check,P203,read,PASS,,Sep 10 2019 3:14:45.4720 PM,Sep 10 2019 3:14:45.4960 PM,.0248
Auth_Check,P203,sendCommandChars,PASS,,Sep 10 2019 3:14:45.4980 PM,Sep 10 2019 3:14:45.5340 PM,.0358
Auth_Check,P203,read,PASS,,Sep 10 2019 3:14:45.5370 PM,Sep 10 2019 3:14:45.5370 PM,.0002
Auth_Check,P203,read,PASS,,Sep 10 2019 3:14:45.5380 PM,Sep 10 2019 3:14:45.5670 PM,.0285
Auth_Check,P203,read,PASS,,Sep 10 2019 3:14:45.5680 PM,Sep 10 2019 3:14:45.5970 PM,.0282
Auth_Check,P203,sendCommandChars,PASS,,Sep 10 2019 3:14:45.5980 PM,Sep 10 2019 3:14:45.6320 PM,.0342
Auth_Check,P203,read,PASS,,Sep 10 2019 3:14:45.6350 PM,Sep 10 2019 3:14:45.6350 PM,.0002
Auth_Check,P203,read,PASS,,Sep 10 2019 3:14:45.6370 PM,Sep 10 2019 3:14:45.6590 PM,.022
Auth_Check,P203,sendCommandChars,PASS,,Sep 10 2019 3:14:45.6600 PM,Sep 10 2019 3:14:45.6970 PM,.0372
Auth_Check,P203,read,PASS,,Sep 10 2019 3:14:45.7000 PM,Sep 10 2019 3:14:45.7000 PM,.0002
Auth_Check,P203,read,PASS,,Sep 10 2019 3:14:45.7010 PM,Sep 10 2019 3:14:45.7270 PM,.0261
Auth_Check,P203,read,PASS,,Sep 10 2019 3:14:45.7290 PM,Sep 10 2019 3:14:45.7570 PM,.0278
Auth_Check,P203,sendCommandChars,PASS,,Sep 10 2019 3:14:45.7590 PM,Sep 10 2019 3:14:45.7960 PM,.0376
Auth_Check,P203,read,PASS,,Sep 10 2019 3:14:45.7990 PM,Sep 10 2019 3:14:45.7990 PM,.0001
Auth_Check,P203,read,PASS,,Sep 10 2019 3:14:45.8000 PM,Sep 10 2019 3:14:45.8280 PM,.0274
Auth_Check,P203,read,PASS,,Sep 10 2019 3:14:45.8300 PM,Sep 10 2019 3:14:45.8580 PM,.0281
Auth_Check,P203,sendCommandChars,PASS,,Sep 10 2019 3:14:45.8590 PM,Sep 10 2019 3:14:45.8950 PM,.0361
Auth_Check,P203,read,PASS,,Sep 10 2019 3:14:45.8980 PM,Sep 10 2019 3:14:45.8980 PM,.0002
Auth_Check,P203,read,PASS,,Sep 10 2019 3:14:45.8990 PM,Sep 10 2019 3:14:45.9280 PM,.0288
Auth_Check,P203,read,PASS,,Sep 10 2019 3:14:45.9300 PM,Sep 10 2019 3:14:45.9580 PM,.0281
Auth_Check,P203,sendCommandChars,PASS,,Sep 10 2019 3:14:45.9600 PM,Sep 10 2019 3:14:45.9950 PM,.0352
Auth_Check,IOFileHandle,writeCertFile,PASS,,Sep 10 2019 3:14:46.0000 PM,Sep 10 2019 3:14:46.0060 PM,.006
Auth_Check,IOFileHandle,writeToFile,PASS,,Sep 10 2019 3:14:46.0510 PM,Sep 10 2019 3:14:46.0510 PM,.0002
Auth_Check,IOFileHandle,writeToFile,PASS,,Sep 10 2019 3:14:46.0910 PM,Sep 10 2019 3:14:46.0910 PM,.0002
Auth_Check,P203,read,PASS,,Sep 10 2019 3:14:46.1020 PM,Sep 10 2019 3:14:46.1020 PM,.0002
Auth_Check,P203,read,PASS,,Sep 10 2019 3:14:46.1030 PM,Sep 10 2019 3:14:46.1280 PM,.025
Auth_Check,P203,sendCommandChars,PASS,,Sep 10 2019 3:14:46.1300 PM,Sep 10 2019 3:14:46.1690 PM,.0386
Auth_Check,P203,read,PASS,,Sep 10 2019 3:14:46.1740 PM,Sep 10 2019 3:14:46.1740 PM,.0002
Auth_Check,P203,read,PASS,,Sep 10 2019 3:14:46.1750 PM,Sep 10 2019 3:14:46.1990 PM,.0232
Auth_Check,P203,sendCommandChars,PASS,,Sep 10 2019 3:14:46.2000 PM,Sep 10 2019 3:14:46.2790 PM,.0784
Auth_Check,P203,read,PASS,,Sep 10 2019 3:14:46.2820 PM,Sep 10 2019 3:14:46.2820 PM,.0001
Auth_Check,P203,read,PASS,,Sep 10 2019 3:14:46.2830 PM,Sep 10 2019 3:14:46.3080 PM,.0248
Auth_Check,P203,sendCommandChars,PASS,,Sep 10 2019 3:14:46.3090 PM,Sep 10 2019 3:14:46.3450 PM,.036
Auth_Check,P203,read,PASS,,Sep 10 2019 3:14:46.9230 PM,Sep 10 2019 3:14:46.9230 PM,.0002
Auth_Check,P203,read,PASS,,Sep 10 2019 3:14:46.9250 PM,Sep 10 2019 3:14:46.9520 PM,.0278
Auth_Check,P203,sendCommandChars,PASS,,Sep 10 2019 3:14:46.9540 PM,Sep 10 2019 3:14:47.0200 PM,.0665
Auth_Check,P203,read,PASS,,Sep 10 2019 3:14:47.0230 PM,Sep 10 2019 3:14:47.0230 PM,.0002
Auth_Check,P203,read,PASS,,Sep 10 2019 3:14:47.0250 PM,Sep 10 2019 3:14:47.0530 PM,.028
Auth_Check,P203,read,PASS,,Sep 10 2019 3:14:47.0540 PM,Sep 10 2019 3:14:47.0830 PM,.0285
Auth_Check,P203,sendCommandChars,PASS,,Sep 10 2019 3:14:47.0840 PM,Sep 10 2019 3:14:47.1180 PM,.0338
Auth_Check,P203,read,PASS,,Sep 10 2019 3:14:47.1220 PM,Sep 10 2019 3:14:47.1220 PM,.0002
Auth_Check,P203,read,PASS,,Sep 10 2019 3:14:47.1230 PM,Sep 10 2019 3:14:47.1530 PM,.0295
Auth_Check,P203,sendCommandChars,PASS,,Sep 10 2019 3:14:47.1540 PM,Sep 10 2019 3:14:47.1900 PM,.0359
Auth_Check,P203,read,PASS,,Sep 10 2019 3:14:47.1930 PM,Sep 10 2019 3:14:47.1930 PM,.0001
Auth_Check,P203,read,PASS,,Sep 10 2019 3:14:47.1940 PM,Sep 10 2019 3:14:47.2230 PM,.0294
Auth_Check,P203,read,PASS,,Sep 10 2019 3:14:47.2250 PM,Sep 10 2019 3:14:47.2540 PM,.0283
Auth_Check,P203,sendCommandChars,PASS,,Sep 10 2019 3:14:47.2550 PM,Sep 10 2019 3:14:47.2890 PM,.0342
Auth_Check,P203,read,PASS,,Sep 10 2019 3:14:47.2930 PM,Sep 10 2019 3:14:47.2930 PM,.0001
Auth_Check,P203,read,PASS,,Sep 10 2019 3:14:47.2940 PM,Sep 10 2019 3:14:47.3240 PM,.0299
Auth_Check,P203,sendCommandChars,PASS,,Sep 10 2019 3:14:47.3250 PM,Sep 10 2019 3:14:47.3610 PM,.0356
Auth_Check,P203,read,PASS,,Sep 10 2019 3:14:47.3630 PM,Sep 10 2019 3:14:47.3630 PM,.0002
Auth_Check,P203,read,PASS,,Sep 10 2019 3:14:47.3640 PM,Sep 10 2019 3:14:47.3940 PM,.0295
Auth_Check,P203,read,PASS,,Sep 10 2019 3:14:47.3960 PM,Sep 10 2019 3:14:47.4240 PM,.0286
Auth_Check,P203,sendCommandChars,PASS,,Sep 10 2019 3:14:47.4260 PM,Sep 10 2019 3:14:47.4610 PM,.0349
Auth_Check,P203,read,PASS,,Sep 10 2019 3:14:47.4630 PM,Sep 10 2019 3:14:47.4630 PM,.0001
Auth_Check,P203,read,PASS,,Sep 10 2019 3:14:47.4650 PM,Sep 10 2019 3:14:47.4950 PM,.0299
Auth_Check,P203,read,PASS,,Sep 10 2019 3:14:47.4970 PM,Sep 10 2019 3:14:47.5250 PM,.028
Auth_Check,P203,sendCommandChars,PASS,,Sep 10 2019 3:14:47.5260 PM,Sep 10 2019 3:14:47.5610 PM,.0346
Auth_Check,IOFileHandle,writeCertFile,PASS,,Sep 10 2019 3:14:47.5630 PM,Sep 10 2019 3:14:47.5640 PM,.0008
Auth_Check,IOFileHandle,writeToFile,PASS,,Sep 10 2019 3:14:47.6310 PM,Sep 10 2019 3:14:47.6310 PM,.0002
Read_MLB_SN,IOFileHandle,writeToFile,PASS,,Sep 10 2019 3:14:48.3200 PM,Sep 10 2019 3:14:48.3200 PM,.0002
Check_MLB_SN,StationReportPlugin,appendReportData,PASS,,Sep 10 2019 3:14:48.6950 PM,Sep 10 2019 3:14:48.6950 PM,0
Read_STFW_Version_Before_DL,IOFileHandle,writeToFile,PASS,,Sep 10 2019 3:14:48.8000 PM,Sep 10 2019 3:14:48.8000 PM,.0002
Read_MTFW_Version_Before_DL,IOFileHandle,writeToFile,PASS,,Sep 10 2019 3:14:49.2770 PM,Sep 10 2019 3:14:49.2770 PM,.0001
Read_CCG3_FW_Version_Before_DL,IOFileHandle,writeToFile,PASS,,Sep 10 2019 3:14:49.7460 PM,Sep 10 2019 3:14:49.7470 PM,.0002
Read_CCG3_FW_Version_Before_DL,IOFileHandle,writeToFile,PASS,,Sep 10 2019 3:14:50.2510 PM,Sep 10 2019 3:14:50.2510 PM,.0001
Program_Main_FW,IOFileHandle,writeToFile,PASS,,Sep 10 2019 3:14:50.7240 PM,Sep 10 2019 3:14:50.7250 PM,.0001
Program_Main_FW,P203,sendCommand,PASS,,Sep 10 2019 3:14:51.0950 PM,Sep 10 2019 3:14:51.0960 PM,.0008
Program_Main_FW,P203,sendCommandChars,PASS,,Sep 10 2019 3:14:51.0970 PM,Sep 10 2019 3:14:51.1070 PM,.0103
Program_Main_FW,P203,read,PASS,,Sep 10 2019 3:14:51.1090 PM,Sep 10 2019 3:14:51.1090 PM,.0002
Program_Main_FW,P203,read,PASS,,Sep 10 2019 3:14:51.1100 PM,Sep 10 2019 3:14:51.1100 PM,.0002
Program_Main_FW,P203,read,PASS,,Sep 10 2019 3:14:51.1110 PM,Sep 10 2019 3:14:51.1110 PM,.0002
Program_Main_FW,P203,read,PASS,,Sep 10 2019 3:14:51.1130 PM,Sep 10 2019 3:14:51.1330 PM,.0208
Program_Main_FW,P203,sendCommandChars,PASS,,Sep 10 2019 3:14:51.1350 PM,Sep 10 2019 3:14:51.1710 PM,.0362
Program_Main_FW,P203,read,PASS,,Sep 10 2019 3:14:51.1720 PM,Sep 10 2019 3:14:51.1730 PM,.0002
Program_Main_FW,P203,read,PASS,,Sep 10 2019 3:14:51.1740 PM,Sep 10 2019 3:14:51.1940 PM,.0205
Program_Main_FW,IOFileHandle,writeToFile,PASS,,Sep 10 2019 3:15:22.9760 PM,Sep 10 2019 3:15:22.9770 PM,.0002
Program_Main_FW,StationReportPlugin,appendReportData,PASS,,Sep 10 2019 3:15:23.3460 PM,Sep 10 2019 3:15:23.3460 PM,0
Program_Main_FW,Fixture,sendCommand,PASS,,Sep 10 2019 3:15:26.4130 PM,Sep 10 2019 3:15:26.4160 PM,.0033
Program_Main_FW,Fixture,sendCommand,PASS,,Sep 10 2019 3:15:27.4890 PM,Sep 10 2019 3:15:27.5030 PM,.0139
Program_Main_FW,P203,sendCommand,PASS,,Sep 10 2019 3:15:32.5760 PM,Sep 10 2019 3:15:32.5810 PM,.0048
Program_MTFW,IOFileHandle,writeToFile,PASS,,Sep 10 2019 3:15:32.6370 PM,Sep 10 2019 3:15:32.6370 PM,.0002
Program_MTFW,P203,sendCommand,PASS,,Sep 10 2019 3:15:33.0130 PM,Sep 10 2019 3:15:33.0140 PM,.0007
Program_MTFW,P203,sendCommandChars,PASS,,Sep 10 2019 3:15:33.0150 PM,Sep 10 2019 3:15:33.0280 PM,.0133
Program_MTFW,P203,read,PASS,,Sep 10 2019 3:15:33.0300 PM,Sep 10 2019 3:15:33.0300 PM,.0001
Program_MTFW,P203,read,PASS,,Sep 10 2019 3:15:33.0310 PM,Sep 10 2019 3:15:33.0310 PM,.0001
Program_MTFW,P203,read,PASS,,Sep 10 2019 3:15:33.0330 PM,Sep 10 2019 3:15:33.0330 PM,.0002
Program_MTFW,P203,read,PASS,,Sep 10 2019 3:15:33.0340 PM,Sep 10 2019 3:15:33.0570 PM,.0234
Program_MTFW,P203,sendCommandChars,PASS,,Sep 10 2019 3:15:33.0590 PM,Sep 10 2019 3:15:33.0920 PM,.0334
Program_MTFW,P203,read,PASS,,Sep 10 2019 3:15:33.0940 PM,Sep 10 2019 3:15:33.0940 PM,.0001
Program_MTFW,P203,read,PASS,,Sep 10 2019 3:15:33.0950 PM,Sep 10 2019 3:15:33.1200 PM,.0254
Program_MTFW,IOFileHandle,writeToFile,PASS,,Sep 10 2019 3:15:41.4230 PM,Sep 10 2019 3:15:41.4230 PM,.0002
Program_MTFW,StationReportPlugin,appendReportData,PASS,,Sep 10 2019 3:15:41.8000 PM,Sep 10 2019 3:15:41.8000 PM,0
Program_MTFW,Fixture,sendCommand,PASS,,Sep 10 2019 3:15:51.8740 PM,Sep 10 2019 3:15:51.8780 PM,.0046
Program_MTFW,Fixture,sendCommand,PASS,,Sep 10 2019 3:15:52.9500 PM,Sep 10 2019 3:15:52.9650 PM,.0146
Program_MTFW,P203,sendCommand,PASS,,Sep 10 2019 3:15:58.0390 PM,Sep 10 2019 3:15:58.0460 PM,.0067
Read_Main_FW_Version_After_DL,IOFileHandle,writeToFile,PASS,,Sep 10 2019 3:15:58.0990 PM,Sep 10 2019 3:15:58.0990 PM,.0002
Read_MTFW_After_DL,IOFileHandle,writeToFile,PASS,,Sep 10 2019 3:15:58.5250 PM,Sep 10 2019 3:15:58.5250 PM,.0001
Read_CCG3_FW_After_DL,IOFileHandle,writeToFile,PASS,,Sep 10 2019 3:15:58.9390 PM,Sep 10 2019 3:15:58.9390 PM,.0001
Read_CCG3_FW_After_DL,IOFileHandle,writeToFile,PASS,,Sep 10 2019 3:15:59.4420 PM,Sep 10 2019 3:15:59.4430 PM,.0001
Finish_DRCB,DRCB,finish,PASS,,Sep 10 2019 3:15:59.8220 PM,Sep 10 2019 3:16:00.2770 PM,.455
Fixture_reset,Fixture,sendCommand,PASS,,Sep 10 2019 3:16:00.2810 PM,Sep 10 2019 3:16:00.6160 PM,.3347
Fixture_reset,Fixture,close,PASS,,Sep 10 2019 3:16:00.6170 PM,Sep 10 2019 3:16:00.6220 PM,.0045
Fixture_reset,P203,close,PASS,,Sep 10 2019 3:16:00.6230 PM,Sep 10 2019 3:16:00.6270 PM,.0044
