Test,Plugin,Command,Status,Info,Start Time,End Time,Duration (s)
,UART,read,ERROR,Timed out trying to read; ,Nov 19 2019 7:46:35.0780 PM,Nov 19 2019 7:46:36.1430 PM,1.0641
,UART,read,ERROR,Timed out trying to read; ,Nov 19 2019 7:46:37.1570 PM,Nov 19 2019 7:46:38.1810 PM,1.0243
,Dut,read,ERROR,Timed out trying to read; ,Nov 19 2019 7:46:38.3840 PM,Nov 19 2019 7:46:39.3990 PM,1.0156
,Dut,read,ERROR,Timed out trying to read; ,Nov 19 2019 7:46:39.4860 PM,Nov 19 2019 7:46:40.4960 PM,1.0103
34. POTASSIUM,Fixture,sendCommand,NOT SET,,,,0
41. BUTTONS_CHECK,Fixture,sendCommand,NOT SET,,,,0
41. BUTTONS_CHECK,Fixture,sendCommand,NOT SET,,,,0
41. BUTTONS_CHECK,Fixture,sendCommand,NOT SET,,,,0
41. BUTTONS_CHECK,Fixture,sendCommand,NOT SET,,,,0
45. DBGPWR_ON,Fixture,sendCommand,NOT SET,,,,0
