Test,Plugin,Command,Status,Info,Start Time,End Time,Duration (s)
,UART,open,PASS,,Nov 19 2019 7:46:34.8290 PM,Nov 19 2019 7:46:34.8600 PM,.031
,UART,changeLineTerminator,PASS,,Nov 19 2019 7:46:34.8620 PM,Nov 19 2019 7:46:34.8620 PM,0
,UART,sendCommand,PASS,,Nov 19 2019 7:46:34.8630 PM,Nov 19 2019 7:46:34.9730 PM,.1098
,UART,sendCommand,PASS,,Nov 19 2019 7:46:34.9740 PM,Nov 19 2019 7:46:35.0770 PM,.1028
,UART,read,ERROR,Timed out trying to read; ,Nov 19 2019 7:46:35.0780 PM,Nov 19 2019 7:46:36.1430 PM,1.0641
,UART,sendCommand,PASS,,Nov 19 2019 7:46:36.1440 PM,Nov 19 2019 7:46:36.2500 PM,.1056
,UART,read,PASS,,Nov 19 2019 7:46:36.2510 PM,Nov 19 2019 7:46:37.1540 PM,.9023
,UART,read,PASS,,Nov 19 2019 7:46:37.1550 PM,Nov 19 2019 7:46:37.1560 PM,.0002
,UART,read,ERROR,Timed out trying to read; ,Nov 19 2019 7:46:37.1570 PM,Nov 19 2019 7:46:38.1810 PM,1.0243
,UART,changeDelimiter,PASS,,Nov 19 2019 7:46:38.1830 PM,Nov 19 2019 7:46:38.1830 PM,0
,UART,sendCommand,PASS,,Nov 19 2019 7:46:38.1840 PM,Nov 19 2019 7:46:38.2400 PM,.0564
CONSOLE_SETTING,UART,sendCommand,PASS,,Nov 19 2019 7:46:38.2430 PM,Nov 19 2019 7:46:38.2840 PM,.0408
,UART,sendCommand,PASS,,Nov 19 2019 7:46:38.2870 PM,Nov 19 2019 7:46:38.3200 PM,.0323
,UART,close,PASS,,Nov 19 2019 7:46:38.3210 PM,Nov 19 2019 7:46:38.3220 PM,.0006
,Dut,open,PASS,,Nov 19 2019 7:46:38.3260 PM,Nov 19 2019 7:46:38.3820 PM,.056
,Dut,read,ERROR,Timed out trying to read; ,Nov 19 2019 7:46:38.3840 PM,Nov 19 2019 7:46:39.3990 PM,1.0156
,Dut,close,PASS,,Nov 19 2019 7:46:39.4010 PM,Nov 19 2019 7:46:39.4020 PM,.0005
Copy TestPlan To LogDir,RunCommand,RunCommandWithParameter,PASS,,Nov 19 2019 7:46:39.4060 PM,Nov 19 2019 7:46:39.4170 PM,.0108
DRCB startDataReporting,DRCB,startDataReporting,PASS,,Nov 19 2019 7:46:39.4200 PM,Nov 19 2019 7:46:39.4310 PM,.0103
,Dut,open,PASS,,Nov 19 2019 7:46:39.4340 PM,Nov 19 2019 7:46:39.4840 PM,.05
,Dut,read,ERROR,Timed out trying to read; ,Nov 19 2019 7:46:39.4860 PM,Nov 19 2019 7:46:40.4960 PM,1.0103
1. ALIAS_SETTING,Dut,sendCommand,PASS,,Nov 19 2019 7:46:40.4990 PM,Nov 19 2019 7:46:40.6320 PM,.1331
2. SPAM_SETTING,Dut,sendCommand,PASS,,Nov 19 2019 7:46:40.6350 PM,Nov 19 2019 7:46:41.0770 PM,.4418
2. SPAM_SETTING,Dut,sendCommand,PASS,,Nov 19 2019 7:46:41.0780 PM,Nov 19 2019 7:46:41.1090 PM,.0304
3. GET_SW_INFO,Dut,sendCommand,PASS,,Nov 19 2019 7:46:41.1120 PM,Nov 19 2019 7:46:41.1780 PM,.0659
3. GET_SW_INFO,Dut,sendCommand,PASS,,Nov 19 2019 7:46:41.1800 PM,Nov 19 2019 7:46:41.2890 PM,.1086
4. GET_MLB_INFO,Dut,sendCommand,PASS,,Nov 19 2019 7:46:41.2930 PM,Nov 19 2019 7:46:41.3520 PM,.0595
4. GET_MLB_INFO,Dut,sendCommand,PASS,,Nov 19 2019 7:46:41.3540 PM,Nov 19 2019 7:46:41.3840 PM,.0301
4. GET_MLB_INFO,Dut,sendCommand,PASS,,Nov 19 2019 7:46:41.3860 PM,Nov 19 2019 7:46:41.4160 PM,.03
6. GET_COMP_INFO,Dut,sendCommand,PASS,,Nov 19 2019 7:46:41.4220 PM,Nov 19 2019 7:46:41.5570 PM,.1351
6. GET_COMP_INFO,Dut,sendCommand,PASS,,Nov 19 2019 7:46:41.5600 PM,Nov 19 2019 7:46:41.6050 PM,.0453
6. GET_COMP_INFO,Dut,sendCommand,PASS,,Nov 19 2019 7:46:41.6070 PM,Nov 19 2019 7:46:41.7470 PM,.1394
6. GET_COMP_INFO,Dut,sendCommand,PASS,,Nov 19 2019 7:46:41.7490 PM,Nov 19 2019 7:46:42.0440 PM,.2957
6. GET_COMP_INFO,Dut,sendCommand,PASS,,Nov 19 2019 7:46:42.0520 PM,Nov 19 2019 7:46:42.0900 PM,.0373
7. QUIESCE_SYSTEM,Dut,sendCommand,PASS,,Nov 19 2019 7:46:42.0950 PM,Nov 19 2019 7:46:42.2620 PM,.1676
7. QUIESCE_SYSTEM,Dut,sendCommand,PASS,,Nov 19 2019 7:46:42.2640 PM,Nov 19 2019 7:46:42.3030 PM,.0393
7. QUIESCE_SYSTEM,Dut,sendCommand,PASS,,Nov 19 2019 7:46:42.3050 PM,Nov 19 2019 7:46:42.3990 PM,.0942
7. QUIESCE_SYSTEM,Dut,sendCommand,PASS,,Nov 19 2019 7:46:42.4010 PM,Nov 19 2019 7:46:42.4420 PM,.0415
7. QUIESCE_SYSTEM,Dut,sendCommand,PASS,,Nov 19 2019 7:46:42.4440 PM,Nov 19 2019 7:46:42.4820 PM,.0381
8. GET_INFO2,com.apple.hwte.atlas.AppPlugin,show-form,PASS,,Nov 19 2019 7:46:42.4850 PM,Nov 19 2019 7:46:46.1320 PM,3.6467
9. QUERY_SFC_WRITE_SYSCFG,Dut,sendCommand,PASS,,Nov 19 2019 7:46:46.1370 PM,Nov 19 2019 7:46:46.2690 PM,.1317
10. GET_SYS_INFO,Dut,sendCommand,PASS,,Nov 19 2019 7:46:46.2720 PM,Nov 19 2019 7:46:46.3010 PM,.0286
11. GET_MLB_INFO,Dut,sendCommand,PASS,,Nov 19 2019 7:46:46.3050 PM,Nov 19 2019 7:46:46.3330 PM,.0279
12. SetRTC,Dut,sendCommand,PASS,,Nov 19 2019 7:46:46.3370 PM,Nov 19 2019 7:46:46.3770 PM,.0401
13. QUERY_SFC_WRITE_SYSCFG,SFCSupport,getAttribute,PASS,,Nov 19 2019 7:46:46.3800 PM,Nov 19 2019 7:46:46.4080 PM,.0276
13. QUERY_SFC_WRITE_SYSCFG,SFCSupport,getAttribute,PASS,,Nov 19 2019 7:46:46.4100 PM,Nov 19 2019 7:46:46.4160 PM,.0052
13. QUERY_SFC_WRITE_SYSCFG,SFCSupport,getAttribute,PASS,,Nov 19 2019 7:46:46.4180 PM,Nov 19 2019 7:46:46.4230 PM,.0049
13. QUERY_SFC_WRITE_SYSCFG,SFCSupport,getAttribute,PASS,,Nov 19 2019 7:46:46.4250 PM,Nov 19 2019 7:46:46.4300 PM,.0056
13. QUERY_SFC_WRITE_SYSCFG,SFCSupport,getAttribute,PASS,,Nov 19 2019 7:46:46.4320 PM,Nov 19 2019 7:46:46.4370 PM,.0052
13. QUERY_SFC_WRITE_SYSCFG,SFCSupport,getAttribute,PASS,,Nov 19 2019 7:46:46.4390 PM,Nov 19 2019 7:46:46.4440 PM,.0051
13. QUERY_SFC_WRITE_SYSCFG,SFCSupport,getAttribute,PASS,,Nov 19 2019 7:46:46.4470 PM,Nov 19 2019 7:46:46.4520 PM,.0051
13. QUERY_SFC_WRITE_SYSCFG,SFCSupport,getAttribute,PASS,,Nov 19 2019 7:46:46.4540 PM,Nov 19 2019 7:46:46.4590 PM,.0048
13. QUERY_SFC_WRITE_SYSCFG,SFCSupport,getAttribute,PASS,,Nov 19 2019 7:46:46.4610 PM,Nov 19 2019 7:46:46.4660 PM,.0052
13. QUERY_SFC_WRITE_SYSCFG,Dut,sendCommand,PASS,,Nov 19 2019 7:46:46.4680 PM,Nov 19 2019 7:46:46.5520 PM,.0837
13. QUERY_SFC_WRITE_SYSCFG,Dut,sendCommand,PASS,,Nov 19 2019 7:46:46.5540 PM,Nov 19 2019 7:46:46.5980 PM,.0446
13. QUERY_SFC_WRITE_SYSCFG,Dut,sendCommand,PASS,,Nov 19 2019 7:46:46.6000 PM,Nov 19 2019 7:46:46.6620 PM,.0623
13. QUERY_SFC_WRITE_SYSCFG,Dut,sendCommand,PASS,,Nov 19 2019 7:46:46.6640 PM,Nov 19 2019 7:46:46.7100 PM,.0464
13. QUERY_SFC_WRITE_SYSCFG,Dut,sendCommand,PASS,,Nov 19 2019 7:46:46.7120 PM,Nov 19 2019 7:46:46.7900 PM,.0781
13. QUERY_SFC_WRITE_SYSCFG,Dut,sendCommand,PASS,,Nov 19 2019 7:46:46.7910 PM,Nov 19 2019 7:46:46.8350 PM,.0439
13. QUERY_SFC_WRITE_SYSCFG,Dut,sendCommand,PASS,,Nov 19 2019 7:46:46.8370 PM,Nov 19 2019 7:46:46.9150 PM,.0781
13. QUERY_SFC_WRITE_SYSCFG,Dut,sendCommand,PASS,,Nov 19 2019 7:46:46.9170 PM,Nov 19 2019 7:46:46.9630 PM,.0464
13. QUERY_SFC_WRITE_SYSCFG,Dut,sendCommand,PASS,,Nov 19 2019 7:46:46.9650 PM,Nov 19 2019 7:46:47.0430 PM,.0779
13. QUERY_SFC_WRITE_SYSCFG,Dut,sendCommand,PASS,,Nov 19 2019 7:46:47.0450 PM,Nov 19 2019 7:46:47.0910 PM,.0462
13. QUERY_SFC_WRITE_SYSCFG,Dut,sendCommand,PASS,,Nov 19 2019 7:46:47.0930 PM,Nov 19 2019 7:46:47.1710 PM,.0778
13. QUERY_SFC_WRITE_SYSCFG,Dut,sendCommand,PASS,,Nov 19 2019 7:46:47.1720 PM,Nov 19 2019 7:46:47.2030 PM,.0307
13. QUERY_SFC_WRITE_SYSCFG,Dut,sendCommand,PASS,,Nov 19 2019 7:46:47.2050 PM,Nov 19 2019 7:46:47.2510 PM,.046
13. QUERY_SFC_WRITE_SYSCFG,Dut,sendCommand,PASS,,Nov 19 2019 7:46:47.2520 PM,Nov 19 2019 7:46:47.2830 PM,.0303
13. QUERY_SFC_WRITE_SYSCFG,Dut,sendCommand,PASS,,Nov 19 2019 7:46:47.2840 PM,Nov 19 2019 7:46:47.3310 PM,.0465
13. QUERY_SFC_WRITE_SYSCFG,Dut,sendCommand,PASS,,Nov 19 2019 7:46:47.3320 PM,Nov 19 2019 7:46:47.3630 PM,.0304
13. QUERY_SFC_WRITE_SYSCFG,Dut,sendCommand,PASS,,Nov 19 2019 7:46:47.3640 PM,Nov 19 2019 7:46:47.4100 PM,.0461
13. QUERY_SFC_WRITE_SYSCFG,Dut,sendCommand,PASS,,Nov 19 2019 7:46:47.4120 PM,Nov 19 2019 7:46:47.4570 PM,.0455
13. QUERY_SFC_WRITE_SYSCFG,Dut,sendCommand,PASS,,Nov 19 2019 7:46:47.4590 PM,Nov 19 2019 7:46:47.5050 PM,.0462
13. QUERY_SFC_WRITE_SYSCFG,Dut,sendCommand,PASS,,Nov 19 2019 7:46:47.5070 PM,Nov 19 2019 7:46:47.5530 PM,.0464
13. QUERY_SFC_WRITE_SYSCFG,Dut,sendCommand,PASS,,Nov 19 2019 7:46:47.5550 PM,Nov 19 2019 7:46:47.6010 PM,.0462
13. QUERY_SFC_WRITE_SYSCFG,Dut,sendCommand,PASS,,Nov 19 2019 7:46:47.6030 PM,Nov 19 2019 7:46:47.6470 PM,.0444
14. GET_INFO3,SFCSupport,getAttribute,PASS,,Nov 19 2019 7:46:47.6540 PM,Nov 19 2019 7:46:47.6600 PM,.0057
15. COMM_BUS_SWEEP,Dut,sendCommand,PASS,,Nov 19 2019 7:46:47.6650 PM,Nov 19 2019 7:46:47.7270 PM,.0623
16. QUIESCE_SYSTEM_2,Dut,sendCommand,PASS,,Nov 19 2019 7:46:47.7300 PM,Nov 19 2019 7:46:47.7690 PM,.0385
16. QUIESCE_SYSTEM_2,Dut,sendCommand,PASS,,Nov 19 2019 7:46:47.7700 PM,Nov 19 2019 7:46:48.8850 PM,1.1147
16. QUIESCE_SYSTEM_2,Dut,sendCommand,PASS,,Nov 19 2019 7:46:48.8870 PM,Nov 19 2019 7:46:48.9310 PM,.0442
16. QUIESCE_SYSTEM_2,Dut,sendCommand,PASS,,Nov 19 2019 7:46:48.9320 PM,Nov 19 2019 7:46:48.9740 PM,.0421
16. QUIESCE_SYSTEM_2,Dut,sendCommand,PASS,,Nov 19 2019 7:46:48.9760 PM,Nov 19 2019 7:46:49.0260 PM,.0501
16. QUIESCE_SYSTEM_2,Dut,sendCommand,PASS,,Nov 19 2019 7:46:49.0280 PM,Nov 19 2019 7:46:49.0670 PM,.0395
16. QUIESCE_SYSTEM_2,Dut,sendCommand,PASS,,Nov 19 2019 7:46:49.0690 PM,Nov 19 2019 7:46:49.3550 PM,.2861
16. QUIESCE_SYSTEM_2,Dut,sendCommand,PASS,,Nov 19 2019 7:46:49.3560 PM,Nov 19 2019 7:46:49.8340 PM,.4776
16. QUIESCE_SYSTEM_2,Dut,sendCommand,PASS,,Nov 19 2019 7:46:49.8350 PM,Nov 19 2019 7:46:49.8660 PM,.0304
16. QUIESCE_SYSTEM_2,Dut,sendCommand,PASS,,Nov 19 2019 7:46:49.8670 PM,Nov 19 2019 7:46:49.9120 PM,.0443
16. QUIESCE_SYSTEM_2,Dut,sendCommand,PASS,,Nov 19 2019 7:46:49.9130 PM,Nov 19 2019 7:46:49.9570 PM,.0432
16. QUIESCE_SYSTEM_2,Dut,sendCommand,PASS,,Nov 19 2019 7:46:49.9590 PM,Nov 19 2019 7:46:49.9990 PM,.0401
16. QUIESCE_SYSTEM_2,Dut,sendCommand,PASS,,Nov 19 2019 7:46:50.0000 PM,Nov 19 2019 7:46:50.0310 PM,.0306
17. CHARGER_OFF,Dut,sendCommand,PASS,,Nov 19 2019 7:46:50.0350 PM,Nov 19 2019 7:46:50.1470 PM,.1122
17. CHARGER_OFF,Dut,sendCommand,PASS,,Nov 19 2019 7:46:50.1490 PM,Nov 19 2019 7:46:50.1890 PM,.0392
17. CHARGER_OFF,Dut,sendCommand,PASS,,Nov 19 2019 7:46:50.1910 PM,Nov 19 2019 7:46:50.2290 PM,.0378
17. CHARGER_OFF,Dut,sendCommand,PASS,,Nov 19 2019 7:46:50.2300 PM,Nov 19 2019 7:46:50.2600 PM,.0303
18. LISA_INIT,Dut,sendCommand,PASS,,Nov 19 2019 7:46:50.2650 PM,Nov 19 2019 7:46:50.3120 PM,.0465
18. LISA_INIT,Dut,sendCommand,PASS,,Nov 19 2019 7:46:50.3210 PM,Nov 19 2019 7:46:50.4660 PM,.1455
18. LISA_INIT,Dut,sendCommand,PASS,,Nov 19 2019 7:46:50.4680 PM,Nov 19 2019 7:46:50.5110 PM,.0429
18. LISA_INIT,Dut,sendCommand,PASS,,Nov 19 2019 7:46:50.5130 PM,Nov 19 2019 7:46:50.5570 PM,.0444
18. LISA_INIT,Dut,sendCommand,PASS,,Nov 19 2019 7:46:50.5590 PM,Nov 19 2019 7:46:50.6080 PM,.0486
18. LISA_INIT,Dut,sendCommand,PASS,,Nov 19 2019 7:46:50.6100 PM,Nov 19 2019 7:46:50.6500 PM,.0401
18. LISA_INIT,Dut,sendCommand,PASS,,Nov 19 2019 7:46:50.6510 PM,Nov 19 2019 7:46:50.6920 PM,.0404
18. LISA_INIT,Dut,sendCommand,PASS,,Nov 19 2019 7:46:50.7000 PM,Nov 19 2019 7:46:50.7400 PM,.0399
19. INIT_GG_READ,Dut,sendCommand,PASS,,Nov 19 2019 7:46:50.7440 PM,Nov 19 2019 7:46:53.7760 PM,3.0316
19. INIT_GG_READ,Dut,sendCommand,PASS,,Nov 19 2019 7:46:53.7770 PM,Nov 19 2019 7:46:54.0650 PM,.2881
20. INIT_SOC_READ,Dut,sendCommand,PASS,,Nov 19 2019 7:46:54.1390 PM,Nov 19 2019 7:46:54.2020 PM,.0633
21. INIT_PMU_READ,Dut,sendCommand,PASS,,Nov 19 2019 7:46:54.2200 PM,Nov 19 2019 7:46:54.2500 PM,.0302
21. INIT_PMU_READ,Dut,sendCommand,PASS,,Nov 19 2019 7:46:54.2520 PM,Nov 19 2019 7:46:54.2820 PM,.0299
21. INIT_PMU_READ,Dut,sendCommand,PASS,,Nov 19 2019 7:46:54.2840 PM,Nov 19 2019 7:46:54.3350 PM,.0511
21. INIT_PMU_READ,Dut,sendCommand,PASS,,Nov 19 2019 7:46:54.3370 PM,Nov 19 2019 7:46:55.7960 PM,1.4594
22. LYNX_TEST,Dut,sendCommand,PASS,,Nov 19 2019 7:46:55.9310 PM,Nov 19 2019 7:46:56.7380 PM,.8077
22. LYNX_TEST,Dut,sendCommand,PASS,,Nov 19 2019 7:46:56.7400 PM,Nov 19 2019 7:47:04.1960 PM,7.4564
22. LYNX_TEST,Dut,sendCommand,PASS,,Nov 19 2019 7:47:04.1980 PM,Nov 19 2019 7:47:04.3400 PM,.1422
22. LYNX_TEST,Dut,sendCommand,PASS,,Nov 19 2019 7:47:04.3420 PM,Nov 19 2019 7:47:04.4210 PM,.0789
22. LYNX_TEST,Dut,sendCommand,PASS,,Nov 19 2019 7:47:04.4220 PM,Nov 19 2019 7:47:04.4780 PM,.0553
22. LYNX_TEST,Dut,sendCommand,PASS,,Nov 19 2019 7:47:04.4790 PM,Nov 19 2019 7:47:04.6220 PM,.1424
23. CHARGER_ON,Dut,sendCommand,PASS,,Nov 19 2019 7:47:04.6260 PM,Nov 19 2019 7:47:04.6670 PM,.0402
23. CHARGER_ON,Dut,sendCommand,PASS,,Nov 19 2019 7:47:04.6680 PM,Nov 19 2019 7:47:04.7070 PM,.0389
23. CHARGER_ON,Dut,sendCommand,PASS,,Nov 19 2019 7:47:04.7090 PM,Nov 19 2019 7:47:04.7530 PM,.0442
24. SET_BUBO_PFM,Dut,sendCommand,PASS,,Nov 19 2019 7:47:04.7590 PM,Nov 19 2019 7:47:04.8080 PM,.0485
25. Kobol_INIT,Dut,sendCommand,PASS,,Nov 19 2019 7:47:04.8110 PM,Nov 19 2019 7:47:05.1110 PM,.3003
26. IMU_ACCEL_ID,Dut,sendCommand,PASS,,Nov 19 2019 7:47:05.1140 PM,Nov 19 2019 7:47:05.1730 PM,.0584
27. Kobol_ACCEL_ID,Dut,sendCommand,PASS,,Nov 19 2019 7:47:05.1770 PM,Nov 19 2019 7:47:05.2360 PM,.0583
28. Kobol_GYRO_DRIVE_FREQ_MEAS,Dut,sendCommand,PASS,,Nov 19 2019 7:47:05.2430 PM,Nov 19 2019 7:47:05.4910 PM,.2485
29. IMU_Connectivity,Dut,sendCommand,PASS,,Nov 19 2019 7:47:05.4950 PM,Nov 19 2019 7:47:05.5490 PM,.0536
30. IMU_OFF,Dut,sendCommand,PASS,,Nov 19 2019 7:47:05.5530 PM,Nov 19 2019 7:47:05.8500 PM,.2967
31. Kobol_ACCEL_SELFTEST,Dut,sendCommand,PASS,,Nov 19 2019 7:47:05.8530 PM,Nov 19 2019 7:47:06.0020 PM,.1487
31. Kobol_ACCEL_SELFTEST,Dut,sendCommand,PASS,,Nov 19 2019 7:47:06.0030 PM,Nov 19 2019 7:47:06.2530 PM,.2499
32. IMU_Combo_LPNM25_BUBO_PFM,Dut,sendCommand,PASS,,Nov 19 2019 7:47:06.2630 PM,Nov 19 2019 7:47:06.5710 PM,.3077
32. IMU_Combo_LPNM25_BUBO_PFM,Dut,sendCommand,PASS,,Nov 19 2019 7:47:06.5720 PM,Nov 19 2019 7:47:06.6190 PM,.0465
32. IMU_Combo_LPNM25_BUBO_PFM,Dut,sendCommand,PASS,,Nov 19 2019 7:47:06.6210 PM,Nov 19 2019 7:47:06.6620 PM,.0413
32. IMU_Combo_LPNM25_BUBO_PFM,Dut,sendCommand,PASS,,Nov 19 2019 7:47:06.6630 PM,Nov 19 2019 7:47:06.7060 PM,.0423
32. IMU_Combo_LPNM25_BUBO_PFM,Dut,sendCommand,PASS,,Nov 19 2019 7:47:06.7070 PM,Nov 19 2019 7:47:06.8750 PM,.1682
32. IMU_Combo_LPNM25_BUBO_PFM,Dut,sendCommand,PASS,,Nov 19 2019 7:47:06.8770 PM,Nov 19 2019 7:47:07.0130 PM,.1359
32. IMU_Combo_LPNM25_BUBO_PFM,Dut,sendCommand,PASS,,Nov 19 2019 7:47:07.0140 PM,Nov 19 2019 7:47:07.1480 PM,.1335
32. IMU_Combo_LPNM25_BUBO_PFM,Dut,sendCommand,PASS,,Nov 19 2019 7:47:07.1490 PM,Nov 19 2019 7:47:07.2060 PM,.0564
32. IMU_Combo_LPNM25_BUBO_PFM,Dut,sendCommand,PASS,,Nov 19 2019 7:47:07.2070 PM,Nov 19 2019 7:47:07.3650 PM,.158
32. IMU_Combo_LPNM25_BUBO_PFM,Dut,sendCommand,PASS,,Nov 19 2019 7:47:07.3670 PM,Nov 19 2019 7:47:08.0250 PM,.6581
32. IMU_Combo_LPNM25_BUBO_PFM,Dut,sendCommand,PASS,,Nov 19 2019 7:47:08.0620 PM,Nov 19 2019 7:47:08.0890 PM,.0265
32. IMU_Combo_LPNM25_BUBO_PFM,Dut,sendCommand,PASS,,Nov 19 2019 7:47:08.0900 PM,Nov 19 2019 7:47:08.1330 PM,.0433
33. TURN_OFF_IMU,Dut,sendCommand,PASS,,Nov 19 2019 7:47:08.1390 PM,Nov 19 2019 7:47:08.2400 PM,.1014
34. POTASSIUM,Fixture,sendCommand,NOT SET,,,,0
34. POTASSIUM,Dut,sendCommand,PASS,,Nov 19 2019 7:47:08.2440 PM,Nov 19 2019 7:47:08.2950 PM,.0506
34. POTASSIUM,Dut,sendCommand,PASS,,Nov 19 2019 7:47:08.2970 PM,Nov 19 2019 7:47:08.3380 PM,.041
34. POTASSIUM,Dut,sendCommand,PASS,,Nov 19 2019 7:47:08.3400 PM,Nov 19 2019 7:47:08.4070 PM,.067
34. POTASSIUM,Dut,sendCommand,PASS,,Nov 19 2019 7:47:08.4090 PM,Nov 19 2019 7:47:08.4510 PM,.0414
34. POTASSIUM,Dut,sendCommand,PASS,,Nov 19 2019 7:47:08.4520 PM,Nov 19 2019 7:47:10.7910 PM,2.3384
34. POTASSIUM,Dut,sendCommand,PASS,,Nov 19 2019 7:47:10.7950 PM,Nov 19 2019 7:47:10.8350 PM,.0398
35. MOLYBDENUM,Dut,sendCommand,PASS,,Nov 19 2019 7:47:10.8400 PM,Nov 19 2019 7:47:10.8860 PM,.0458
35. MOLYBDENUM,Dut,sendCommand,PASS,,Nov 19 2019 7:47:10.8880 PM,Nov 19 2019 7:47:10.9300 PM,.0417
35. MOLYBDENUM,Dut,sendCommand,PASS,,Nov 19 2019 7:47:10.9320 PM,Nov 19 2019 7:47:11.0350 PM,.1029
35. MOLYBDENUM,Dut,sendCommand,PASS,,Nov 19 2019 7:47:11.0370 PM,Nov 19 2019 7:47:13.6370 PM,2.6
36. QUIESCE_SYSTEM_3,Dut,sendCommand,PASS,,Nov 19 2019 7:47:13.6420 PM,Nov 19 2019 7:47:13.6820 PM,.0405
36. QUIESCE_SYSTEM_3,Dut,sendCommand,PASS,,Nov 19 2019 7:47:13.6880 PM,Nov 19 2019 7:47:13.7250 PM,.0377
37. ARDMORE_TEST,Dut,sendCommand,PASS,,Nov 19 2019 7:47:13.7290 PM,Nov 19 2019 7:47:13.8480 PM,.1187
37. ARDMORE_TEST,Dut,sendCommand,PASS,,Nov 19 2019 7:47:13.8500 PM,Nov 19 2019 7:47:13.8940 PM,.0439
37. ARDMORE_TEST,Dut,sendCommand,PASS,,Nov 19 2019 7:47:13.8960 PM,Nov 19 2019 7:47:13.9740 PM,.0788
37. ARDMORE_TEST,Dut,sendCommand,PASS,,Nov 19 2019 7:47:13.9770 PM,Nov 19 2019 7:47:14.1510 PM,.174
37. ARDMORE_TEST,Dut,sendCommand,PASS,,Nov 19 2019 7:47:14.1530 PM,Nov 19 2019 7:47:14.1990 PM,.0458
38. SPEAKER_IMPEDANCE,Dut,sendCommand,PASS,,Nov 19 2019 7:47:14.2040 PM,Nov 19 2019 7:47:14.3210 PM,.1178
38. SPEAKER_IMPEDANCE,Dut,sendCommand,PASS,,Nov 19 2019 7:47:14.3230 PM,Nov 19 2019 7:47:14.3660 PM,.0435
38. SPEAKER_IMPEDANCE,Dut,sendCommand,PASS,,Nov 19 2019 7:47:14.3680 PM,Nov 19 2019 7:47:14.4110 PM,.0434
38. SPEAKER_IMPEDANCE,Dut,sendCommand,PASS,,Nov 19 2019 7:47:14.4130 PM,Nov 19 2019 7:47:14.4550 PM,.0426
38. SPEAKER_IMPEDANCE,Dut,sendCommand,PASS,,Nov 19 2019 7:47:14.4570 PM,Nov 19 2019 7:47:14.4920 PM,.0355
38. SPEAKER_IMPEDANCE,Dut,sendCommand,PASS,,Nov 19 2019 7:47:14.4940 PM,Nov 19 2019 7:47:14.5420 PM,.0482
38. SPEAKER_IMPEDANCE,Dut,sendCommand,PASS,,Nov 19 2019 7:47:14.5440 PM,Nov 19 2019 7:47:14.5930 PM,.0492
38. SPEAKER_IMPEDANCE,Dut,sendCommand,PASS,,Nov 19 2019 7:47:14.5950 PM,Nov 19 2019 7:47:14.6500 PM,.0556
38. SPEAKER_IMPEDANCE,Dut,sendCommand,PASS,,Nov 19 2019 7:47:14.6520 PM,Nov 19 2019 7:47:15.7120 PM,1.0599
38. SPEAKER_IMPEDANCE,Dut,sendCommand,PASS,,Nov 19 2019 7:47:15.7130 PM,Nov 19 2019 7:47:15.8840 PM,.1711
38. SPEAKER_IMPEDANCE,Dut,sendCommand,PASS,,Nov 19 2019 7:47:15.8870 PM,Nov 19 2019 7:47:15.9260 PM,.039
38. SPEAKER_IMPEDANCE,Dut,sendCommand,PASS,,Nov 19 2019 7:47:15.9280 PM,Nov 19 2019 7:47:15.9830 PM,.0557
39. CARNELIAN,Dut,sendCommand,PASS,,Nov 19 2019 7:47:15.9880 PM,Nov 19 2019 7:47:16.1050 PM,.1172
39. CARNELIAN,Dut,sendCommand,PASS,,Nov 19 2019 7:47:16.1070 PM,Nov 19 2019 7:47:16.1470 PM,.0401
39. CARNELIAN,Dut,sendCommand,PASS,,Nov 19 2019 7:47:16.1480 PM,Nov 19 2019 7:47:17.6450 PM,1.4971
39. CARNELIAN,Dut,sendCommand,PASS,,Nov 19 2019 7:47:17.6470 PM,Nov 19 2019 7:47:17.6900 PM,.0435
39. CARNELIAN,Dut,sendCommand,PASS,,Nov 19 2019 7:47:17.6920 PM,Nov 19 2019 7:47:17.7460 PM,.0543
40. MAGNETITE_TEST_1,Dut,sendCommand,PASS,,Nov 19 2019 7:47:17.7500 PM,Nov 19 2019 7:47:17.7960 PM,.0462
40. MAGNETITE_TEST_1,Dut,sendCommand,PASS,,Nov 19 2019 7:47:17.7980 PM,Nov 19 2019 7:47:17.8350 PM,.0372
41. BUTTONS_CHECK,Dut,sendCommand,PASS,,Nov 19 2019 7:47:17.8390 PM,Nov 19 2019 7:47:17.8880 PM,.0489
41. BUTTONS_CHECK,Fixture,sendCommand,NOT SET,,,,0
41. BUTTONS_CHECK,Dut,sendCommand,PASS,,Nov 19 2019 7:47:17.8900 PM,Nov 19 2019 7:47:17.9280 PM,.0376
41. BUTTONS_CHECK,Fixture,sendCommand,NOT SET,,,,0
41. BUTTONS_CHECK,Fixture,sendCommand,NOT SET,,,,0
41. BUTTONS_CHECK,Dut,sendCommand,PASS,,Nov 19 2019 7:47:17.9310 PM,Nov 19 2019 7:47:17.9680 PM,.0371
41. BUTTONS_CHECK,Fixture,sendCommand,NOT SET,,,,0
41. BUTTONS_CHECK,Dut,sendCommand,PASS,,Nov 19 2019 7:47:17.9710 PM,Nov 19 2019 7:47:18.0110 PM,.0403
42. BATTERY_PROPERTIES,Dut,sendCommand,PASS,,Nov 19 2019 7:47:18.0160 PM,Nov 19 2019 7:47:18.0750 PM,.0589
42. BATTERY_PROPERTIES,Dut,sendCommand,PASS,,Nov 19 2019 7:47:18.0770 PM,Nov 19 2019 7:47:19.1380 PM,1.0613
42. BATTERY_PROPERTIES,Dut,sendCommand,PASS,,Nov 19 2019 7:47:19.1400 PM,Nov 19 2019 7:47:19.4730 PM,.3323
42. BATTERY_PROPERTIES,Dut,sendCommand,PASS,,Nov 19 2019 7:47:19.4750 PM,Nov 19 2019 7:47:19.6590 PM,.1845
43. MAGNETITE_TEST_2,Dut,sendCommand,PASS,,Nov 19 2019 7:47:19.6640 PM,Nov 19 2019 7:47:20.6980 PM,1.0339
43. MAGNETITE_TEST_2,Dut,sendCommand,PASS,,Nov 19 2019 7:47:20.6990 PM,Nov 19 2019 7:47:24.6710 PM,3.9722
43. MAGNETITE_TEST_2,Dut,sendCommand,PASS,,Nov 19 2019 7:47:24.6790 PM,Nov 19 2019 7:47:24.7030 PM,.0242
43. MAGNETITE_TEST_2,Dut,sendCommand,PASS,,Nov 19 2019 7:47:24.7050 PM,Nov 19 2019 7:47:24.7350 PM,.0303
43. MAGNETITE_TEST_2,Dut,sendCommand,PASS,,Nov 19 2019 7:47:24.7370 PM,Nov 19 2019 7:47:24.7670 PM,.0302
43. MAGNETITE_TEST_2,Dut,sendCommand,PASS,,Nov 19 2019 7:47:24.7690 PM,Nov 19 2019 7:47:39.7980 PM,15.0294
43. MAGNETITE_TEST_2,Dut,sendCommand,PASS,,Nov 19 2019 7:47:39.8000 PM,Nov 19 2019 7:47:40.8200 PM,1.0205
43. MAGNETITE_TEST_2,Dut,sendCommand,PASS,,Nov 19 2019 7:47:40.8220 PM,Nov 19 2019 7:47:41.7080 PM,.8862
43. MAGNETITE_TEST_2,Dut,sendCommand,PASS,,Nov 19 2019 7:47:41.7140 PM,Nov 19 2019 7:47:43.7370 PM,2.0231
44. PUCK_CHARGE_TEST,Dut,sendCommand,PASS,,Nov 19 2019 7:47:43.7430 PM,Nov 19 2019 7:47:43.8510 PM,.1077
44. PUCK_CHARGE_TEST,Dut,sendCommand,PASS,,Nov 19 2019 7:47:43.8530 PM,Nov 19 2019 7:47:44.1410 PM,.2879
45. DBGPWR_ON,Fixture,sendCommand,NOT SET,,,,0
45. DBGPWR_ON,Dut,sendCommand,PASS,,Nov 19 2019 7:47:44.1470 PM,Nov 19 2019 7:47:44.1850 PM,.0377
46. WIFI,Dut,sendCommand,PASS,,Nov 19 2019 7:47:44.1890 PM,Nov 19 2019 7:47:44.5630 PM,.3748
46. WIFI,Dut,sendCommand,PASS,,Nov 19 2019 7:47:44.5650 PM,Nov 19 2019 7:47:44.6120 PM,.0471
47. BULETOOTH,Dut,sendCommand,PASS,,Nov 19 2019 7:47:44.6160 PM,Nov 19 2019 7:47:44.9960 PM,.3792
47. BULETOOTH,Dut,sendCommand,PASS,,Nov 19 2019 7:47:44.9970 PM,Nov 19 2019 7:47:45.1030 PM,.1057
47. BULETOOTH,Dut,sendCommand,PASS,,Nov 19 2019 7:47:45.1050 PM,Nov 19 2019 7:47:45.1550 PM,.0499
48. STOCKHOLM,Dut,sendCommand,PASS,,Nov 19 2019 7:47:45.1580 PM,Nov 19 2019 7:47:45.4690 PM,.3106
48. STOCKHOLM,Dut,sendCommand,PASS,,Nov 19 2019 7:47:45.4710 PM,Nov 19 2019 7:47:45.5100 PM,.0392
48. STOCKHOLM,Dut,sendCommand,PASS,,Nov 19 2019 7:47:45.5120 PM,Nov 19 2019 7:47:45.5540 PM,.0423
48. STOCKHOLM,Dut,sendCommand,PASS,,Nov 19 2019 7:47:45.5550 PM,Nov 19 2019 7:47:45.6020 PM,.0463
48. STOCKHOLM,Dut,sendCommand,PASS,,Nov 19 2019 7:47:45.6030 PM,Nov 19 2019 7:47:45.6460 PM,.0423
48. STOCKHOLM,Dut,sendCommand,PASS,,Nov 19 2019 7:47:45.6470 PM,Nov 19 2019 7:47:45.6940 PM,.0465
48. STOCKHOLM,Dut,sendCommand,PASS,,Nov 19 2019 7:47:45.6960 PM,Nov 19 2019 7:47:46.3010 PM,.605
48. STOCKHOLM,Dut,sendCommand,PASS,,Nov 19 2019 7:47:46.3030 PM,Nov 19 2019 7:47:47.8340 PM,1.5314
48. STOCKHOLM,Dut,sendCommand,PASS,,Nov 19 2019 7:47:47.8360 PM,Nov 19 2019 7:47:47.8660 PM,.0301
48. STOCKHOLM,Dut,sendCommand,PASS,,Nov 19 2019 7:47:47.8680 PM,Nov 19 2019 7:47:47.9060 PM,.0377
48. STOCKHOLM,Dut,sendCommand,PASS,,Nov 19 2019 7:47:47.9080 PM,Nov 19 2019 7:47:47.9380 PM,.0302
48. STOCKHOLM,Dut,sendCommand,PASS,,Nov 19 2019 7:47:47.9400 PM,Nov 19 2019 7:47:47.9700 PM,.0301
48. STOCKHOLM,Dut,sendCommand,PASS,,Nov 19 2019 7:47:47.9710 PM,Nov 19 2019 7:47:48.0020 PM,.0302
49. GERMANIUM_BASEBAND_VINYL,Dut,sendCommand,PASS,,Nov 19 2019 7:47:48.0070 PM,Nov 19 2019 7:47:51.9440 PM,3.9375
49. GERMANIUM_BASEBAND_VINYL,Dut,sendCommand,PASS,,Nov 19 2019 7:47:51.9460 PM,Nov 19 2019 7:47:52.0320 PM,.0855
49. GERMANIUM_BASEBAND_VINYL,Dut,sendCommand,PASS,,Nov 19 2019 7:47:52.0340 PM,Nov 19 2019 7:47:52.4260 PM,.3927
50. GRAPE_TEST,Dut,sendCommand,PASS,,Nov 19 2019 7:47:52.4300 PM,Nov 19 2019 7:47:52.5360 PM,.106
50. GRAPE_TEST,Dut,sendCommand,PASS,,Nov 19 2019 7:47:52.5380 PM,Nov 19 2019 7:47:52.6640 PM,.1256
50. GRAPE_TEST,Dut,sendCommand,PASS,,Nov 19 2019 7:47:52.6660 PM,Nov 19 2019 7:47:52.7090 PM,.0428
51. ALS_TEST,Dut,sendCommand,PASS,,Nov 19 2019 7:47:52.7140 PM,Nov 19 2019 7:47:52.7620 PM,.0474
51. ALS_TEST,Dut,sendCommand,PASS,,Nov 19 2019 7:47:52.7640 PM,Nov 19 2019 7:47:53.0490 PM,.2847
51. ALS_TEST,Dut,sendCommand,PASS,,Nov 19 2019 7:47:53.0510 PM,Nov 19 2019 7:47:53.0810 PM,.0304
51. ALS_TEST,Dut,sendCommand,PASS,,Nov 19 2019 7:47:53.0830 PM,Nov 19 2019 7:47:53.1130 PM,.0303
51. ALS_TEST,Dut,sendCommand,PASS,,Nov 19 2019 7:47:53.1150 PM,Nov 19 2019 7:47:53.1540 PM,.0395
51. ALS_TEST,Dut,sendCommand,PASS,,Nov 19 2019 7:47:53.1560 PM,Nov 19 2019 7:47:53.2390 PM,.0832
51. ALS_TEST,Dut,sendCommand,PASS,,Nov 19 2019 7:47:53.2430 PM,Nov 19 2019 7:47:53.2910 PM,.0475
51. ALS_TEST,Dut,sendCommand,PASS,,Nov 19 2019 7:47:53.2930 PM,Nov 19 2019 7:47:53.3570 PM,.0633
51. ALS_TEST,Dut,sendCommand,PASS,,Nov 19 2019 7:47:53.3580 PM,Nov 19 2019 7:47:54.2130 PM,.8544
51. ALS_TEST,Dut,sendCommand,PASS,,Nov 19 2019 7:47:54.2150 PM,Nov 19 2019 7:47:54.4520 PM,.237
51. ALS_TEST,Dut,sendCommand,PASS,,Nov 19 2019 7:47:54.4530 PM,Nov 19 2019 7:47:55.2980 PM,.8442
51. ALS_TEST,Dut,sendCommand,PASS,,Nov 19 2019 7:47:55.3000 PM,Nov 19 2019 7:47:55.7610 PM,.4604
51. ALS_TEST,Dut,sendCommand,PASS,,Nov 19 2019 7:47:55.7620 PM,Nov 19 2019 7:47:55.8080 PM,.0453
52. DISPLAY_TEST,Dut,sendCommand,PASS,,Nov 19 2019 7:47:55.8120 PM,Nov 19 2019 7:47:56.0950 PM,.2824
52. DISPLAY_TEST,Dut,sendCommand,PASS,,Nov 19 2019 7:47:56.0960 PM,Nov 19 2019 7:47:56.1270 PM,.0305
52. DISPLAY_TEST,Dut,sendCommand,PASS,,Nov 19 2019 7:47:56.1280 PM,Nov 19 2019 7:47:56.1590 PM,.0304
52. DISPLAY_TEST,Dut,sendCommand,PASS,,Nov 19 2019 7:47:56.1600 PM,Nov 19 2019 7:47:56.2000 PM,.0394
52. DISPLAY_TEST,Dut,sendCommand,PASS,,Nov 19 2019 7:47:56.2020 PM,Nov 19 2019 7:47:56.2320 PM,.0301
52. DISPLAY_TEST,Dut,sendCommand,PASS,,Nov 19 2019 7:47:56.2340 PM,Nov 19 2019 7:47:58.2760 PM,2.0424
52. DISPLAY_TEST,Dut,sendCommand,PASS,,Nov 19 2019 7:47:58.2780 PM,Nov 19 2019 7:47:58.3400 PM,.0619
52. DISPLAY_TEST,Dut,sendCommand,PASS,,Nov 19 2019 7:47:58.3420 PM,Nov 19 2019 7:48:00.3690 PM,2.0271
52. DISPLAY_TEST,Dut,sendCommand,PASS,,Nov 19 2019 7:48:00.3710 PM,Nov 19 2019 7:48:00.4120 PM,.0417
52. DISPLAY_TEST,Dut,sendCommand,PASS,,Nov 19 2019 7:48:00.4140 PM,Nov 19 2019 7:48:00.6690 PM,.2548
52. DISPLAY_TEST,Dut,sendCommand,PASS,,Nov 19 2019 7:48:00.6720 PM,Nov 19 2019 7:48:00.7750 PM,.1032
52. DISPLAY_TEST,Dut,sendCommand,PASS,,Nov 19 2019 7:48:00.7770 PM,Nov 19 2019 7:48:01.1750 PM,.3975
53. END_QUIESCE_SYSTEM,Dut,sendCommand,PASS,,Nov 19 2019 7:48:01.1790 PM,Nov 19 2019 7:48:01.2150 PM,.0358
54. QUERY_SFC_WRITE_SYSCFG_2,Dut,sendCommand,PASS,,Nov 19 2019 7:48:01.2180 PM,Nov 19 2019 7:48:01.2800 PM,.0619
54. QUERY_SFC_WRITE_SYSCFG_2,Dut,sendCommand,PASS,,Nov 19 2019 7:48:01.2820 PM,Nov 19 2019 7:48:01.3340 PM,.0519
54. QUERY_SFC_WRITE_SYSCFG_2,Dut,sendCommand,PASS,,Nov 19 2019 7:48:01.3380 PM,Nov 19 2019 7:48:01.4400 PM,.1024
54. QUERY_SFC_WRITE_SYSCFG_2,Dut,sendCommand,PASS,,Nov 19 2019 7:48:01.4410 PM,Nov 19 2019 7:48:01.4850 PM,.0434
54. QUERY_SFC_WRITE_SYSCFG_2,Dut,sendCommand,PASS,,Nov 19 2019 7:48:01.4870 PM,Nov 19 2019 7:48:01.5650 PM,.0774
54. QUERY_SFC_WRITE_SYSCFG_2,Dut,sendCommand,PASS,,Nov 19 2019 7:48:01.5660 PM,Nov 19 2019 7:48:01.6120 PM,.0454
54. QUERY_SFC_WRITE_SYSCFG_2,Dut,sendCommand,PASS,,Nov 19 2019 7:48:01.6140 PM,Nov 19 2019 7:48:01.6600 PM,.0454
54. QUERY_SFC_WRITE_SYSCFG_2,Dut,sendCommand,PASS,,Nov 19 2019 7:48:01.6610 PM,Nov 19 2019 7:48:01.7060 PM,.0443
54. QUERY_SFC_WRITE_SYSCFG_2,Dut,sendCommand,PASS,,Nov 19 2019 7:48:01.7080 PM,Nov 19 2019 7:48:01.7540 PM,.0454
54. QUERY_SFC_WRITE_SYSCFG_2,Dut,sendCommand,PASS,,Nov 19 2019 7:48:01.7550 PM,Nov 19 2019 7:48:01.8000 PM,.0443
54. QUERY_SFC_WRITE_SYSCFG_2,Dut,sendCommand,PASS,,Nov 19 2019 7:48:01.8020 PM,Nov 19 2019 7:48:01.8470 PM,.0454
54. QUERY_SFC_WRITE_SYSCFG_2,Dut,sendCommand,PASS,,Nov 19 2019 7:48:01.8490 PM,Nov 19 2019 7:48:01.8950 PM,.0464
54. QUERY_SFC_WRITE_SYSCFG_2,Dut,sendCommand,PASS,,Nov 19 2019 7:48:01.8990 PM,Nov 19 2019 7:48:01.9590 PM,.0604
54. QUERY_SFC_WRITE_SYSCFG_2,Dut,sendCommand,PASS,,Nov 19 2019 7:48:01.9610 PM,Nov 19 2019 7:48:02.0070 PM,.0465
55. BATTERY_PROPERTIES,Dut,sendCommand,PASS,,Nov 19 2019 7:48:02.0130 PM,Nov 19 2019 7:48:02.0710 PM,.0579
55. BATTERY_PROPERTIES,Dut,sendCommand,PASS,,Nov 19 2019 7:48:02.0730 PM,Nov 19 2019 7:48:02.2630 PM,.1892
55. BATTERY_PROPERTIES,Dut,sendCommand,PASS,,Nov 19 2019 7:48:02.2650 PM,Nov 19 2019 7:48:03.2950 PM,1.0305
55. BATTERY_PROPERTIES,Dut,sendCommand,PASS,,Nov 19 2019 7:48:03.2970 PM,Nov 19 2019 7:48:03.6250 PM,.3289
55. BATTERY_PROPERTIES,Dut,sendCommand,PASS,,Nov 19 2019 7:48:03.6280 PM,Nov 19 2019 7:48:04.2970 PM,.6688
55. BATTERY_PROPERTIES,Dut,sendCommand,PASS,,Nov 19 2019 7:48:04.2990 PM,Nov 19 2019 7:48:04.4820 PM,.1835
55. BATTERY_PROPERTIES,Dut,sendCommand,PASS,,Nov 19 2019 7:48:04.4840 PM,Nov 19 2019 7:48:04.6650 PM,.1808
55. BATTERY_PROPERTIES,Dut,sendCommand,PASS,,Nov 19 2019 7:48:04.6670 PM,Nov 19 2019 7:48:05.4740 PM,.8076
55. BATTERY_PROPERTIES,Dut,sendCommand,PASS,,Nov 19 2019 7:48:05.4780 PM,Nov 19 2019 7:48:05.6620 PM,.184
56. MAGNETITE_RESET,Dut,sendCommand,PASS,,Nov 19 2019 7:48:05.6680 PM,Nov 19 2019 7:48:05.7130 PM,.0449
,Dut,close,PASS,,Nov 19 2019 7:48:05.7160 PM,Nov 19 2019 7:48:05.7160 PM,.0004
Copy Log,RunCommand,RunCommandWithParameter,PASS,,Nov 19 2019 7:48:05.7230 PM,Nov 19 2019 7:48:05.7350 PM,.0117
Copy Log,RunCommand,RunCommandWithParameter,PASS,,Nov 19 2019 7:48:05.7370 PM,Nov 19 2019 7:48:05.7480 PM,.0112
Copy Log,RunCommand,RunCommandWithParameter,PASS,,Nov 19 2019 7:48:05.7500 PM,Nov 19 2019 7:48:05.7610 PM,.0113
Copy Log,RunCommand,RunCommandWithParameter,PASS,,Nov 19 2019 7:48:05.7630 PM,Nov 19 2019 7:48:05.7790 PM,.0158
Copy Log,RunCommand,RunCommandWithParameter,PASS,,Nov 19 2019 7:48:05.7800 PM,Nov 19 2019 7:48:05.7940 PM,.0137
Copy Log,RunCommand,RunCommandWithParameter,PASS,,Nov 19 2019 7:48:05.7960 PM,Nov 19 2019 7:48:05.8080 PM,.0122
Copy Log,DRCB,addBlob,PASS,,Nov 19 2019 7:48:05.8100 PM,Nov 19 2019 7:48:05.8100 PM,.0002
57. END_CONTROLBIT,DRCB,finish,PASS,,Nov 19 2019 7:48:05.8150 PM,Nov 19 2019 7:48:06.0790 PM,.2642
,Dut,open,PASS,,Nov 19 2019 7:48:06.0820 PM,Nov 19 2019 7:48:06.1300 PM,.0481
58. UNIT STANDBY,Dut,sendCommand,PASS,,Nov 19 2019 7:48:06.1320 PM,Nov 19 2019 7:48:06.2390 PM,.1069
,Dut,close,PASS,,Nov 19 2019 7:48:06.2460 PM,Nov 19 2019 7:48:06.2460 PM,.0004
