Related Test,Type,Name,Value
3. GET_SW_INFO,Device,DIAGS_VERSION,6J32h
3. GET_SW_INFO,Device,DIAGS_BUILD_TIMESTAMP,2019/11/08 21:05:27
4. GET_MLB_INFO,Device,BOARD_REV,0x0F
4. GET_MLB_INFO,Device,BOARD_ID,0x2C
4. GET_MLB_INFO,Device,MLB_SN,FN694150ZY3N49X1K
6. GET_COMP_INFO,Device,CHIPID,8006
6. GET_COMP_INFO,Device,SOC_PROP_FUSE_REV,9
6. GET_COMP_INFO,Device,SOC_PROP_PRODUCTION_MODE,0
6. GET_COMP_INFO,Device,PMU_ID2_PLATFORMID,0x11
6. GET_COMP_INFO,Device,SOC_PROP_REVISION,B1
6. GET_COMP_INFO,Device,PMU_ID1_TRIMREV,0x09
6. GET_COMP_INFO,Device,PMU_ID0_MASKREV,1
6. GET_COMP_INFO,Device,CHIPVER,11.0
8. GET_INFO2,Device,serialnumber,DVPZM00CP8KM
10. GET_SYS_INFO,Device,UNIT_SN,DVPZM00CP8KM
11. DRCB startDataReporting,Device,softwarename,Atlas
11. DRCB startDataReporting,Device,serialnumber,DVPZM00CP8KM
11. DRCB startDataReporting,Device,softwareversion,P1_1125_1027_V2.0.0.8
11. DRCB startDataReporting,Device,limitsversion,1
14. QUERY_SFC_WRITE_SYSCFG,Device,LCM_SN,DLR9431NC19KKJRLYS21-A1H19901J6B1424B#FGQ93874GJYKDVD7P810#B70710A000000070092337955140A1XD1XX00_810S21
14. QUERY_SFC_WRITE_SYSCFG,Device,CLBG,0x00000001 0x00000000 0x00000000 0x00000001
14. QUERY_SFC_WRITE_SYSCFG,Device,FCM_VENDOR,L
14. QUERY_SFC_WRITE_SYSCFG,Device,MTSN,FGQ93874GJYKDVD7P810
14. QUERY_SFC_WRITE_SYSCFG,Device,BGMt,0x00000001 0x00000000 0x00000000 0x00000001
14. QUERY_SFC_WRITE_SYSCFG,Device,SFCCGMT,0x00000001 0x00000000 0x00000000 0x00000001
14. QUERY_SFC_WRITE_SYSCFG,Device,SFCBGMT,0x00000001 0x00000000 0x00000000 0x00000001
14. QUERY_SFC_WRITE_SYSCFG,Device,SFCCLBG,0x00000001 0x00000000 0x00000000 0x00000001
14. QUERY_SFC_WRITE_SYSCFG,Device,LsBT,0x001002A5 0x00000005 0x00000002 0x00000000
14. QUERY_SFC_WRITE_SYSCFG,Device,DISPLAY_SN,DLR9431NC19KKJRLY
14. QUERY_SFC_WRITE_SYSCFG,Device,REGION_CODE,LL/A
14. QUERY_SFC_WRITE_SYSCFG,Device,CGMt,0x00000001 0x00000000 0x00000000 0x00000001
14. QUERY_SFC_WRITE_SYSCFG,Device,MPN,993-45348
20. INIT_GG_READ,Device,INIT_GG_MODEL,BQ27744
20. INIT_GG_READ,Device,INIT_GG_TYPE,GasGauge
27. IMU_ACCEL_ID,Device,ACCEL_MANU_ID,0x00E4
28. Kobol_ACCEL_ID,Device,IMU_MANU_ID,0x00E4
28. Kobol_ACCEL_ID,Device,IMU_ASIC_ID,0x3DD911922FF5
28. Kobol_ACCEL_ID,Device,IMU_REV_ID,0x10
28. Kobol_ACCEL_ID,Device,IMU_CHIP_ID,0x0C
28. Kobol_ACCEL_ID,Device,IMU_MEMS_ID,0x000000000000
35. POTASSIUM,Device,PRESSURE_CHIP_ID,0x57
36. MOLYBDENUM,Device,COMPASS_CHIP_ID,0x40
38. ARDMORE_TEST,Device,ARDMORE_CHIP_ID_HI,0x24
38. ARDMORE_TEST,Device,ARDMORE_CHIP_ID_LO,0x81
43. BATTERY_PROPERTIES,Device,BATTERY_SN,F5D94147T43N0RHB5
47. WIFI,Device,WIFT_PHY,m9.0007.0050.0013.0000
47. WIFI,Device,WIFI_FIRMWARE,Rev 1348.1
48. BULETOOTH,Device,BT_FW_FW,4.12.2.1
48. BULETOOTH,Device,BT_PHY_FW,7.13.50.0
50. GERMANIUM_BASEBAND_VINYL,Device,VINYL_CHECK_STATUS,OK
56. BATTERY_PROPERTIES,Device,BATTERY_SN,F5D94147T43N0RHB5
