Test,Plugin,Command,Status,Info,Start Time,End Time,Duration (s)
,UART,open,PASS,,Nov 25 2019 7:44:37.0560 PM,Nov 25 2019 7:44:37.0830 PM,.0274
,UART,changeLineTerminator,PASS,,Nov 25 2019 7:44:37.0850 PM,Nov 25 2019 7:44:37.0850 PM,0
,UART,sendCommand,PASS,,Nov 25 2019 7:44:37.0870 PM,Nov 25 2019 7:44:37.1940 PM,.1076
,UART,sendCommand,PASS,,Nov 25 2019 7:44:37.1960 PM,Nov 25 2019 7:44:37.3080 PM,.112
,UART,read,PASS,,Nov 25 2019 7:44:37.3090 PM,Nov 25 2019 7:44:37.3090 PM,.0002
,UART,read,PASS,,Nov 25 2019 7:44:37.3110 PM,Nov 25 2019 7:44:37.3110 PM,.0002
,UART,read,ERROR,Timed out trying to read; ,Nov 25 2019 7:44:37.3120 PM,Nov 25 2019 7:44:38.3280 PM,1.0164
,UART,sendCommand,PASS,,Nov 25 2019 7:44:38.3300 PM,Nov 25 2019 7:44:38.4390 PM,.1084
,UART,read,PASS,,Nov 25 2019 7:44:38.4400 PM,Nov 25 2019 7:44:38.4400 PM,.0001
,UART,read,ERROR,Timed out trying to read; ,Nov 25 2019 7:44:38.4410 PM,Nov 25 2019 7:44:39.4660 PM,1.0241
,UART,changeDelimiter,PASS,,Nov 25 2019 7:44:39.4680 PM,Nov 25 2019 7:44:39.4680 PM,0
CONSOLE_SETTING,UART,sendCommand,PASS,,Nov 25 2019 7:44:39.4700 PM,Nov 25 2019 7:44:39.5140 PM,.0442
,UART,close,PASS,,Nov 25 2019 7:44:39.5170 PM,Nov 25 2019 7:44:39.5180 PM,.0006
,Dut,open,PASS,,Nov 25 2019 7:44:39.5200 PM,Nov 25 2019 7:44:39.5810 PM,.0611
,Dut,read,ERROR,Timed out trying to read; ,Nov 25 2019 7:44:39.5840 PM,Nov 25 2019 7:44:40.6130 PM,1.0287
,Dut,close,PASS,,Nov 25 2019 7:44:40.6140 PM,Nov 25 2019 7:44:40.6150 PM,.0005
Copy TestPlan To LogDir,RunCommand,RunCommandWithParameter,PASS,,Nov 25 2019 7:44:40.6190 PM,Nov 25 2019 7:44:40.6300 PM,.0107
,Dut,open,PASS,,Nov 25 2019 7:44:40.6340 PM,Nov 25 2019 7:44:40.6980 PM,.0643
,Dut,read,ERROR,Timed out trying to read; ,Nov 25 2019 7:44:40.6990 PM,Nov 25 2019 7:44:41.7160 PM,1.017
1. ALIAS_SETTING,Dut,sendCommand,PASS,,Nov 25 2019 7:44:41.7190 PM,Nov 25 2019 7:44:41.8500 PM,.1306
2. SPAM_SETTING,Dut,sendCommand,PASS,,Nov 25 2019 7:44:41.8530 PM,Nov 25 2019 7:44:42.3030 PM,.4495
3. GET_SW_INFO,Dut,sendCommand,PASS,,Nov 25 2019 7:44:42.3060 PM,Nov 25 2019 7:44:42.3700 PM,.0638
3. GET_SW_INFO,Dut,sendCommand,PASS,,Nov 25 2019 7:44:42.3720 PM,Nov 25 2019 7:44:42.4830 PM,.1101
4. GET_MLB_INFO,Dut,sendCommand,PASS,,Nov 25 2019 7:44:42.4870 PM,Nov 25 2019 7:44:42.5300 PM,.0436
4. GET_MLB_INFO,Dut,sendCommand,PASS,,Nov 25 2019 7:44:42.5320 PM,Nov 25 2019 7:44:42.5620 PM,.0299
4. GET_MLB_INFO,Dut,sendCommand,PASS,,Nov 25 2019 7:44:42.5640 PM,Nov 25 2019 7:44:42.5950 PM,.0302
6. GET_COMP_INFO,Dut,sendCommand,PASS,,Nov 25 2019 7:44:42.6020 PM,Nov 25 2019 7:44:42.7380 PM,.1361
6. GET_COMP_INFO,Dut,sendCommand,PASS,,Nov 25 2019 7:44:42.7410 PM,Nov 25 2019 7:44:42.7880 PM,.0472
6. GET_COMP_INFO,Dut,sendCommand,PASS,,Nov 25 2019 7:44:42.7900 PM,Nov 25 2019 7:44:42.9280 PM,.1383
6. GET_COMP_INFO,Dut,sendCommand,PASS,,Nov 25 2019 7:44:42.9300 PM,Nov 25 2019 7:44:43.2260 PM,.2957
6. GET_COMP_INFO,Dut,sendCommand,PASS,,Nov 25 2019 7:44:43.2340 PM,Nov 25 2019 7:44:43.2720 PM,.0378
7. QUIESCE_SYSTEM,Dut,sendCommand,PASS,,Nov 25 2019 7:44:43.2790 PM,Nov 25 2019 7:44:43.5680 PM,.2883
7. QUIESCE_SYSTEM,Dut,sendCommand,PASS,,Nov 25 2019 7:44:43.5690 PM,Nov 25 2019 7:44:43.6000 PM,.0304
7. QUIESCE_SYSTEM,Dut,sendCommand,PASS,,Nov 25 2019 7:44:43.6010 PM,Nov 25 2019 7:44:43.6950 PM,.094
7. QUIESCE_SYSTEM,Dut,sendCommand,PASS,,Nov 25 2019 7:44:43.6970 PM,Nov 25 2019 7:44:43.7370 PM,.0406
7. QUIESCE_SYSTEM,Dut,sendCommand,PASS,,Nov 25 2019 7:44:43.7390 PM,Nov 25 2019 7:44:43.7810 PM,.0423
8. GET_INFO2,com.apple.hwte.atlas.AppPlugin,show-form,PASS,,Nov 25 2019 7:44:43.7850 PM,Nov 25 2019 7:44:46.6470 PM,2.8619
9. QUERY_SFC_WRITE_SYSCFG,Dut,sendCommand,PASS,,Nov 25 2019 7:44:46.6530 PM,Nov 25 2019 7:44:46.8320 PM,.1793
10. GET_SYS_INFO,Dut,sendCommand,PASS,,Nov 25 2019 7:44:46.8360 PM,Nov 25 2019 7:44:46.8640 PM,.0283
11. DRCB startDataReporting,DRCB,startDataReporting,PASS,,Nov 25 2019 7:44:46.8700 PM,Nov 25 2019 7:44:46.8880 PM,.0175
12. GET_MLB_INFO,Dut,sendCommand,PASS,,Nov 25 2019 7:44:46.8950 PM,Nov 25 2019 7:44:47.0560 PM,.1611
13. SetRTC,Dut,sendCommand,PASS,,Nov 25 2019 7:44:47.0630 PM,Nov 25 2019 7:44:47.1040 PM,.0405
14. QUERY_SFC_WRITE_SYSCFG,SFCSupport,getAttribute,PASS,,Nov 25 2019 7:44:47.1100 PM,Nov 25 2019 7:44:47.1460 PM,.0359
14. QUERY_SFC_WRITE_SYSCFG,SFCSupport,getAttribute,PASS,,Nov 25 2019 7:44:47.1490 PM,Nov 25 2019 7:44:47.1550 PM,.0061
14. QUERY_SFC_WRITE_SYSCFG,SFCSupport,getAttribute,PASS,,Nov 25 2019 7:44:47.1570 PM,Nov 25 2019 7:44:47.1620 PM,.005
14. QUERY_SFC_WRITE_SYSCFG,SFCSupport,getAttribute,PASS,,Nov 25 2019 7:44:47.1640 PM,Nov 25 2019 7:44:47.1690 PM,.0052
14. QUERY_SFC_WRITE_SYSCFG,SFCSupport,getAttribute,PASS,,Nov 25 2019 7:44:47.1710 PM,Nov 25 2019 7:44:47.1760 PM,.0051
14. QUERY_SFC_WRITE_SYSCFG,SFCSupport,getAttribute,PASS,,Nov 25 2019 7:44:47.1790 PM,Nov 25 2019 7:44:47.1830 PM,.0049
14. QUERY_SFC_WRITE_SYSCFG,SFCSupport,getAttribute,PASS,,Nov 25 2019 7:44:47.1860 PM,Nov 25 2019 7:44:47.1920 PM,.0059
14. QUERY_SFC_WRITE_SYSCFG,SFCSupport,getAttribute,PASS,,Nov 25 2019 7:44:47.1960 PM,Nov 25 2019 7:44:47.2020 PM,.0061
14. QUERY_SFC_WRITE_SYSCFG,SFCSupport,getAttribute,PASS,,Nov 25 2019 7:44:47.2050 PM,Nov 25 2019 7:44:47.2100 PM,.0054
14. QUERY_SFC_WRITE_SYSCFG,Dut,sendCommand,PASS,,Nov 25 2019 7:44:47.2140 PM,Nov 25 2019 7:44:47.3430 PM,.1296
14. QUERY_SFC_WRITE_SYSCFG,Dut,sendCommand,PASS,,Nov 25 2019 7:44:47.3450 PM,Nov 25 2019 7:44:47.3890 PM,.0444
14. QUERY_SFC_WRITE_SYSCFG,Dut,sendCommand,PASS,,Nov 25 2019 7:44:47.3910 PM,Nov 25 2019 7:44:47.4530 PM,.0624
14. QUERY_SFC_WRITE_SYSCFG,Dut,sendCommand,PASS,,Nov 25 2019 7:44:47.4540 PM,Nov 25 2019 7:44:47.5010 PM,.0464
14. QUERY_SFC_WRITE_SYSCFG,Dut,sendCommand,PASS,,Nov 25 2019 7:44:47.5020 PM,Nov 25 2019 7:44:47.5810 PM,.0782
14. QUERY_SFC_WRITE_SYSCFG,Dut,sendCommand,PASS,,Nov 25 2019 7:44:47.5820 PM,Nov 25 2019 7:44:47.6260 PM,.0436
14. QUERY_SFC_WRITE_SYSCFG,Dut,sendCommand,PASS,,Nov 25 2019 7:44:47.6280 PM,Nov 25 2019 7:44:47.7060 PM,.0775
14. QUERY_SFC_WRITE_SYSCFG,Dut,sendCommand,PASS,,Nov 25 2019 7:44:47.7070 PM,Nov 25 2019 7:44:47.7540 PM,.0463
14. QUERY_SFC_WRITE_SYSCFG,Dut,sendCommand,PASS,,Nov 25 2019 7:44:47.7560 PM,Nov 25 2019 7:44:47.8330 PM,.0776
14. QUERY_SFC_WRITE_SYSCFG,Dut,sendCommand,PASS,,Nov 25 2019 7:44:47.8350 PM,Nov 25 2019 7:44:47.8790 PM,.0445
14. QUERY_SFC_WRITE_SYSCFG,Dut,sendCommand,PASS,,Nov 25 2019 7:44:47.8810 PM,Nov 25 2019 7:44:47.9430 PM,.062
14. QUERY_SFC_WRITE_SYSCFG,Dut,sendCommand,PASS,,Nov 25 2019 7:44:47.9450 PM,Nov 25 2019 7:44:47.9750 PM,.0304
14. QUERY_SFC_WRITE_SYSCFG,Dut,sendCommand,PASS,,Nov 25 2019 7:44:47.9770 PM,Nov 25 2019 7:44:48.0230 PM,.0461
14. QUERY_SFC_WRITE_SYSCFG,Dut,sendCommand,PASS,,Nov 25 2019 7:44:48.0250 PM,Nov 25 2019 7:44:48.0550 PM,.0303
14. QUERY_SFC_WRITE_SYSCFG,Dut,sendCommand,PASS,,Nov 25 2019 7:44:48.0560 PM,Nov 25 2019 7:44:48.1030 PM,.0463
14. QUERY_SFC_WRITE_SYSCFG,Dut,sendCommand,PASS,,Nov 25 2019 7:44:48.1040 PM,Nov 25 2019 7:44:48.1350 PM,.0307
14. QUERY_SFC_WRITE_SYSCFG,Dut,sendCommand,PASS,,Nov 25 2019 7:44:48.1400 PM,Nov 25 2019 7:44:48.1830 PM,.043
14. QUERY_SFC_WRITE_SYSCFG,Dut,sendCommand,PASS,,Nov 25 2019 7:44:48.1840 PM,Nov 25 2019 7:44:48.2320 PM,.0475
14. QUERY_SFC_WRITE_SYSCFG,Dut,sendCommand,PASS,,Nov 25 2019 7:44:48.2340 PM,Nov 25 2019 7:44:48.2780 PM,.0444
14. QUERY_SFC_WRITE_SYSCFG,Dut,sendCommand,PASS,,Nov 25 2019 7:44:48.2800 PM,Nov 25 2019 7:44:48.3250 PM,.0456
14. QUERY_SFC_WRITE_SYSCFG,Dut,sendCommand,PASS,,Nov 25 2019 7:44:48.3270 PM,Nov 25 2019 7:44:48.3730 PM,.0462
14. QUERY_SFC_WRITE_SYSCFG,Dut,sendCommand,PASS,,Nov 25 2019 7:44:48.3750 PM,Nov 25 2019 7:44:48.4190 PM,.0445
15. GET_INFO3,SFCSupport,getAttribute,PASS,,Nov 25 2019 7:44:48.4270 PM,Nov 25 2019 7:44:48.4320 PM,.0052
16. COMM_BUS_SWEEP,Dut,sendCommand,PASS,,Nov 25 2019 7:44:48.4370 PM,Nov 25 2019 7:44:48.4990 PM,.0621
17. QUIESCE_SYSTEM_2,Dut,sendCommand,PASS,,Nov 25 2019 7:44:48.5040 PM,Nov 25 2019 7:44:48.5460 PM,.0419
17. QUIESCE_SYSTEM_2,Dut,sendCommand,PASS,,Nov 25 2019 7:44:48.5470 PM,Nov 25 2019 7:44:49.6600 PM,1.1127
17. QUIESCE_SYSTEM_2,Dut,sendCommand,PASS,,Nov 25 2019 7:44:49.6620 PM,Nov 25 2019 7:44:49.7020 PM,.0403
17. QUIESCE_SYSTEM_2,Dut,sendCommand,PASS,,Nov 25 2019 7:44:49.7040 PM,Nov 25 2019 7:44:49.7450 PM,.0414
17. QUIESCE_SYSTEM_2,Dut,sendCommand,PASS,,Nov 25 2019 7:44:49.7470 PM,Nov 25 2019 7:44:49.7870 PM,.0406
17. QUIESCE_SYSTEM_2,Dut,sendCommand,PASS,,Nov 25 2019 7:44:49.7890 PM,Nov 25 2019 7:44:49.8190 PM,.0303
17. QUIESCE_SYSTEM_2,Dut,sendCommand,PASS,,Nov 25 2019 7:44:49.8210 PM,Nov 25 2019 7:44:50.1060 PM,.2859
17. QUIESCE_SYSTEM_2,Dut,sendCommand,PASS,,Nov 25 2019 7:44:50.1080 PM,Nov 25 2019 7:44:50.4900 PM,.3814
17. QUIESCE_SYSTEM_2,Dut,sendCommand,PASS,,Nov 25 2019 7:44:50.4910 PM,Nov 25 2019 7:44:50.5290 PM,.0382
17. QUIESCE_SYSTEM_2,Dut,sendCommand,PASS,,Nov 25 2019 7:44:50.5310 PM,Nov 25 2019 7:44:50.5690 PM,.0384
17. QUIESCE_SYSTEM_2,Dut,sendCommand,PASS,,Nov 25 2019 7:44:50.5720 PM,Nov 25 2019 7:44:50.6110 PM,.0394
17. QUIESCE_SYSTEM_2,Dut,sendCommand,PASS,,Nov 25 2019 7:44:50.6130 PM,Nov 25 2019 7:44:50.6570 PM,.0446
17. QUIESCE_SYSTEM_2,Dut,sendCommand,PASS,,Nov 25 2019 7:44:50.6590 PM,Nov 25 2019 7:44:50.6890 PM,.0303
18. CHARGER_OFF,Dut,sendCommand,PASS,,Nov 25 2019 7:44:50.6940 PM,Nov 25 2019 7:44:50.8060 PM,.1124
18. CHARGER_OFF,Dut,sendCommand,PASS,,Nov 25 2019 7:44:50.8080 PM,Nov 25 2019 7:44:50.8460 PM,.0378
18. CHARGER_OFF,Dut,sendCommand,PASS,,Nov 25 2019 7:44:50.8480 PM,Nov 25 2019 7:44:50.8840 PM,.036
18. CHARGER_OFF,Dut,sendCommand,PASS,,Nov 25 2019 7:44:50.8850 PM,Nov 25 2019 7:44:50.9160 PM,.0305
19. LISA_INIT,Dut,sendCommand,PASS,,Nov 25 2019 7:44:50.9200 PM,Nov 25 2019 7:44:50.9680 PM,.0478
19. LISA_INIT,Dut,sendCommand,PASS,,Nov 25 2019 7:44:50.9770 PM,Nov 25 2019 7:44:51.1250 PM,.1478
19. LISA_INIT,Dut,sendCommand,PASS,,Nov 25 2019 7:44:51.1270 PM,Nov 25 2019 7:44:51.1710 PM,.0439
19. LISA_INIT,Dut,sendCommand,PASS,,Nov 25 2019 7:44:51.1720 PM,Nov 25 2019 7:44:51.2130 PM,.0412
19. LISA_INIT,Dut,sendCommand,PASS,,Nov 25 2019 7:44:51.2150 PM,Nov 25 2019 7:44:51.2620 PM,.0472
19. LISA_INIT,Dut,sendCommand,PASS,,Nov 25 2019 7:44:51.2640 PM,Nov 25 2019 7:44:51.3050 PM,.0408
19. LISA_INIT,Dut,sendCommand,PASS,,Nov 25 2019 7:44:51.3070 PM,Nov 25 2019 7:44:51.3500 PM,.0431
19. LISA_INIT,Dut,sendCommand,PASS,,Nov 25 2019 7:44:51.3580 PM,Nov 25 2019 7:44:51.3970 PM,.039
20. INIT_GG_READ,Dut,sendCommand,PASS,,Nov 25 2019 7:44:51.4010 PM,Nov 25 2019 7:44:54.4320 PM,3.0308
20. INIT_GG_READ,Dut,sendCommand,PASS,,Nov 25 2019 7:44:54.4330 PM,Nov 25 2019 7:44:54.7140 PM,.2809
21. INIT_SOC_READ,Dut,sendCommand,PASS,,Nov 25 2019 7:44:54.7870 PM,Nov 25 2019 7:44:54.8470 PM,.0601
22. INIT_PMU_READ,Dut,sendCommand,PASS,,Nov 25 2019 7:44:54.8660 PM,Nov 25 2019 7:44:54.9050 PM,.0387
22. INIT_PMU_READ,Dut,sendCommand,PASS,,Nov 25 2019 7:44:54.9070 PM,Nov 25 2019 7:44:54.9370 PM,.0296
22. INIT_PMU_READ,Dut,sendCommand,PASS,,Nov 25 2019 7:44:54.9380 PM,Nov 25 2019 7:44:54.9810 PM,.0424
22. INIT_PMU_READ,Dut,sendCommand,PASS,,Nov 25 2019 7:44:54.9830 PM,Nov 25 2019 7:44:56.4340 PM,1.4506
22. INIT_PMU_READ,Dut,sendCommand,PASS,,Nov 25 2019 7:44:56.5400 PM,Nov 25 2019 7:44:56.5770 PM,.0373
23. LYNX_TEST,Dut,sendCommand,PASS,,Nov 25 2019 7:44:56.5950 PM,Nov 25 2019 7:44:57.3600 PM,.7646
23. LYNX_TEST,Dut,sendCommand,PASS,,Nov 25 2019 7:44:57.3610 PM,Nov 25 2019 7:45:04.8190 PM,7.4574
23. LYNX_TEST,Dut,sendCommand,PASS,,Nov 25 2019 7:45:04.8200 PM,Nov 25 2019 7:45:04.9620 PM,.1422
23. LYNX_TEST,Dut,sendCommand,PASS,,Nov 25 2019 7:45:04.9640 PM,Nov 25 2019 7:45:05.0370 PM,.0727
23. LYNX_TEST,Dut,sendCommand,PASS,,Nov 25 2019 7:45:05.0390 PM,Nov 25 2019 7:45:05.0900 PM,.0517
23. LYNX_TEST,Dut,sendCommand,PASS,,Nov 25 2019 7:45:05.0920 PM,Nov 25 2019 7:45:05.2340 PM,.1422
24. CHARGER_ON,Dut,sendCommand,PASS,,Nov 25 2019 7:45:05.2390 PM,Nov 25 2019 7:45:05.2790 PM,.0402
24. CHARGER_ON,Dut,sendCommand,PASS,,Nov 25 2019 7:45:05.2810 PM,Nov 25 2019 7:45:05.3110 PM,.0298
24. CHARGER_ON,Dut,sendCommand,PASS,,Nov 25 2019 7:45:05.3130 PM,Nov 25 2019 7:45:05.3550 PM,.0423
25. SET_BUBO_PFM,Dut,sendCommand,PASS,,Nov 25 2019 7:45:05.3590 PM,Nov 25 2019 7:45:05.4050 PM,.0459
26. Kobol_INIT,Dut,sendCommand,PASS,,Nov 25 2019 7:45:05.4090 PM,Nov 25 2019 7:45:05.7020 PM,.2934
27. IMU_ACCEL_ID,Dut,sendCommand,PASS,,Nov 25 2019 7:45:05.7060 PM,Nov 25 2019 7:45:05.7640 PM,.0583
28. Kobol_ACCEL_ID,Dut,sendCommand,PASS,,Nov 25 2019 7:45:05.7680 PM,Nov 25 2019 7:45:05.8260 PM,.0575
29. Kobol_GYRO_DRIVE_FREQ_MEAS,Dut,sendCommand,PASS,,Nov 25 2019 7:45:05.8330 PM,Nov 25 2019 7:45:06.0820 PM,.2485
30. IMU_Connectivity,Dut,sendCommand,PASS,,Nov 25 2019 7:45:06.0860 PM,Nov 25 2019 7:45:06.1420 PM,.0563
31. IMU_OFF,Dut,sendCommand,PASS,,Nov 25 2019 7:45:06.1470 PM,Nov 25 2019 7:45:06.4430 PM,.2963
32. Kobol_ACCEL_SELFTEST,Dut,sendCommand,PASS,,Nov 25 2019 7:45:06.4460 PM,Nov 25 2019 7:45:06.5870 PM,.1404
32. Kobol_ACCEL_SELFTEST,Dut,sendCommand,PASS,,Nov 25 2019 7:45:06.5880 PM,Nov 25 2019 7:45:06.8260 PM,.2377
33. IMU_Combo_LPNM25_BUBO_PFM,Dut,sendCommand,PASS,,Nov 25 2019 7:45:06.8360 PM,Nov 25 2019 7:45:07.1460 PM,.3098
33. IMU_Combo_LPNM25_BUBO_PFM,Dut,sendCommand,PASS,,Nov 25 2019 7:45:07.1470 PM,Nov 25 2019 7:45:07.1940 PM,.0463
33. IMU_Combo_LPNM25_BUBO_PFM,Dut,sendCommand,PASS,,Nov 25 2019 7:45:07.1950 PM,Nov 25 2019 7:45:07.2320 PM,.0373
33. IMU_Combo_LPNM25_BUBO_PFM,Dut,sendCommand,PASS,,Nov 25 2019 7:45:07.2340 PM,Nov 25 2019 7:45:07.2850 PM,.0514
33. IMU_Combo_LPNM25_BUBO_PFM,Dut,sendCommand,PASS,,Nov 25 2019 7:45:07.2870 PM,Nov 25 2019 7:45:07.4550 PM,.1683
33. IMU_Combo_LPNM25_BUBO_PFM,Dut,sendCommand,PASS,,Nov 25 2019 7:45:07.4570 PM,Nov 25 2019 7:45:07.5980 PM,.141
33. IMU_Combo_LPNM25_BUBO_PFM,Dut,sendCommand,PASS,,Nov 25 2019 7:45:07.5990 PM,Nov 25 2019 7:45:07.7330 PM,.1332
33. IMU_Combo_LPNM25_BUBO_PFM,Dut,sendCommand,PASS,,Nov 25 2019 7:45:07.7340 PM,Nov 25 2019 7:45:07.7900 PM,.0563
33. IMU_Combo_LPNM25_BUBO_PFM,Dut,sendCommand,PASS,,Nov 25 2019 7:45:07.7920 PM,Nov 25 2019 7:45:07.9180 PM,.1263
33. IMU_Combo_LPNM25_BUBO_PFM,Dut,sendCommand,PASS,,Nov 25 2019 7:45:07.9200 PM,Nov 25 2019 7:45:08.5790 PM,.6588
33. IMU_Combo_LPNM25_BUBO_PFM,Dut,sendCommand,PASS,,Nov 25 2019 7:45:08.6140 PM,Nov 25 2019 7:45:08.6420 PM,.0284
33. IMU_Combo_LPNM25_BUBO_PFM,Dut,sendCommand,PASS,,Nov 25 2019 7:45:08.6440 PM,Nov 25 2019 7:45:08.6870 PM,.0434
34. TURN_OFF_IMU,Dut,sendCommand,PASS,,Nov 25 2019 7:45:08.6920 PM,Nov 25 2019 7:45:08.7930 PM,.1004
35. POTASSIUM,com.apple.hwte.atlas.AppPlugin,show-form,PASS,,Nov 25 2019 7:45:08.7970 PM,Nov 25 2019 7:45:18.9360 PM,10.1386
35. POTASSIUM,Dut,sendCommand,PASS,,Nov 25 2019 7:45:18.9380 PM,Nov 25 2019 7:45:18.9930 PM,.0547
35. POTASSIUM,Dut,sendCommand,PASS,,Nov 25 2019 7:45:18.9960 PM,Nov 25 2019 7:45:19.0350 PM,.0393
35. POTASSIUM,Dut,sendCommand,PASS,,Nov 25 2019 7:45:19.0370 PM,Nov 25 2019 7:45:19.1020 PM,.0648
35. POTASSIUM,Dut,sendCommand,PASS,,Nov 25 2019 7:45:19.1040 PM,Nov 25 2019 7:45:19.1520 PM,.0476
35. POTASSIUM,Dut,sendCommand,PASS,,Nov 25 2019 7:45:19.1530 PM,Nov 25 2019 7:45:21.4990 PM,2.3458
35. POTASSIUM,Dut,sendCommand,PASS,,Nov 25 2019 7:45:21.5040 PM,Nov 25 2019 7:45:21.5440 PM,.0395
36. MOLYBDENUM,Dut,sendCommand,PASS,,Nov 25 2019 7:45:21.5490 PM,Nov 25 2019 7:45:21.5970 PM,.0477
36. MOLYBDENUM,Dut,sendCommand,PASS,,Nov 25 2019 7:45:21.5990 PM,Nov 25 2019 7:45:21.6430 PM,.0445
36. MOLYBDENUM,Dut,sendCommand,PASS,,Nov 25 2019 7:45:21.6460 PM,Nov 25 2019 7:45:21.7480 PM,.1018
36. MOLYBDENUM,Dut,sendCommand,PASS,,Nov 25 2019 7:45:21.7500 PM,Nov 25 2019 7:45:24.3530 PM,2.6029
37. QUIESCE_SYSTEM_3,Dut,sendCommand,PASS,,Nov 25 2019 7:45:24.3580 PM,Nov 25 2019 7:45:24.3990 PM,.0404
37. QUIESCE_SYSTEM_3,Dut,sendCommand,PASS,,Nov 25 2019 7:45:24.4000 PM,Nov 25 2019 7:45:24.4450 PM,.0444
38. ARDMORE_TEST,Dut,sendCommand,PASS,,Nov 25 2019 7:45:24.4490 PM,Nov 25 2019 7:45:24.5640 PM,.1158
38. ARDMORE_TEST,Dut,sendCommand,PASS,,Nov 25 2019 7:45:24.5660 PM,Nov 25 2019 7:45:24.6100 PM,.0442
38. ARDMORE_TEST,Dut,sendCommand,PASS,,Nov 25 2019 7:45:24.6120 PM,Nov 25 2019 7:45:24.6900 PM,.0783
38. ARDMORE_TEST,Dut,sendCommand,PASS,,Nov 25 2019 7:45:24.6930 PM,Nov 25 2019 7:45:24.8730 PM,.1802
38. ARDMORE_TEST,Dut,sendCommand,PASS,,Nov 25 2019 7:45:24.8750 PM,Nov 25 2019 7:45:24.9220 PM,.0468
39. SPEAKER_IMPEDANCE,Dut,sendCommand,PASS,,Nov 25 2019 7:45:24.9270 PM,Nov 25 2019 7:45:25.0450 PM,.1179
39. SPEAKER_IMPEDANCE,Dut,sendCommand,PASS,,Nov 25 2019 7:45:25.0460 PM,Nov 25 2019 7:45:25.0830 PM,.037
39. SPEAKER_IMPEDANCE,Dut,sendCommand,PASS,,Nov 25 2019 7:45:25.0860 PM,Nov 25 2019 7:45:25.1210 PM,.0355
39. SPEAKER_IMPEDANCE,Dut,sendCommand,PASS,,Nov 25 2019 7:45:25.1230 PM,Nov 25 2019 7:45:25.1650 PM,.0414
39. SPEAKER_IMPEDANCE,Dut,sendCommand,PASS,,Nov 25 2019 7:45:25.1660 PM,Nov 25 2019 7:45:25.2110 PM,.0444
39. SPEAKER_IMPEDANCE,Dut,sendCommand,PASS,,Nov 25 2019 7:45:25.2120 PM,Nov 25 2019 7:45:25.2580 PM,.0463
39. SPEAKER_IMPEDANCE,Dut,sendCommand,PASS,,Nov 25 2019 7:45:25.2600 PM,Nov 25 2019 7:45:25.3110 PM,.0514
39. SPEAKER_IMPEDANCE,Dut,sendCommand,PASS,,Nov 25 2019 7:45:25.3130 PM,Nov 25 2019 7:45:25.3700 PM,.0573
39. SPEAKER_IMPEDANCE,Dut,sendCommand,PASS,,Nov 25 2019 7:45:25.3720 PM,Nov 25 2019 7:45:26.4360 PM,1.0644
39. SPEAKER_IMPEDANCE,Dut,sendCommand,PASS,,Nov 25 2019 7:45:26.4380 PM,Nov 25 2019 7:45:26.6110 PM,.1733
39. SPEAKER_IMPEDANCE,Dut,sendCommand,PASS,,Nov 25 2019 7:45:26.6140 PM,Nov 25 2019 7:45:26.6500 PM,.0362
39. SPEAKER_IMPEDANCE,Dut,sendCommand,PASS,,Nov 25 2019 7:45:26.6520 PM,Nov 25 2019 7:45:26.7060 PM,.0543
40. CARNELIAN,Dut,sendCommand,PASS,,Nov 25 2019 7:45:26.7110 PM,Nov 25 2019 7:45:26.8290 PM,.1182
40. CARNELIAN,Dut,sendCommand,PASS,,Nov 25 2019 7:45:26.8310 PM,Nov 25 2019 7:45:26.8740 PM,.0431
40. CARNELIAN,Dut,sendCommand,PASS,,Nov 25 2019 7:45:26.8750 PM,Nov 25 2019 7:45:28.3720 PM,1.4969
40. CARNELIAN,Dut,sendCommand,PASS,,Nov 25 2019 7:45:28.3740 PM,Nov 25 2019 7:45:28.4130 PM,.0395
40. CARNELIAN,Dut,sendCommand,PASS,,Nov 25 2019 7:45:28.4150 PM,Nov 25 2019 7:45:28.4690 PM,.0542
41. MAGNETITE_TEST_1,Dut,sendCommand,PASS,,Nov 25 2019 7:45:28.4730 PM,Nov 25 2019 7:45:28.5220 PM,.0493
41. MAGNETITE_TEST_1,Dut,sendCommand,PASS,,Nov 25 2019 7:45:28.5230 PM,Nov 25 2019 7:45:28.5540 PM,.0305
42. BUTTONS_CHECK,Dut,sendCommand,PASS,,Nov 25 2019 7:45:28.5620 PM,Nov 25 2019 7:45:28.6080 PM,.0454
42. BUTTONS_CHECK,com.apple.hwte.atlas.AppPlugin,show-form,PASS,,Nov 25 2019 7:45:28.6100 PM,Nov 25 2019 7:45:34.6410 PM,6.0302
42. BUTTONS_CHECK,Dut,sendCommand,PASS,,Nov 25 2019 7:45:34.6430 PM,Nov 25 2019 7:45:34.6760 PM,.0337
42. BUTTONS_CHECK,com.apple.hwte.atlas.AppPlugin,show-form,PASS,,Nov 25 2019 7:45:34.6790 PM,Nov 25 2019 7:45:36.4190 PM,1.74
42. BUTTONS_CHECK,com.apple.hwte.atlas.AppPlugin,show-form,PASS,,Nov 25 2019 7:45:36.4210 PM,Nov 25 2019 7:45:39.8750 PM,3.4541
42. BUTTONS_CHECK,Dut,sendCommand,PASS,,Nov 25 2019 7:45:39.8770 PM,Nov 25 2019 7:45:39.9150 PM,.0382
42. BUTTONS_CHECK,com.apple.hwte.atlas.AppPlugin,show-form,PASS,,Nov 25 2019 7:45:39.9180 PM,Nov 25 2019 7:45:41.7830 PM,1.8651
42. BUTTONS_CHECK,Dut,sendCommand,PASS,,Nov 25 2019 7:45:41.7850 PM,Nov 25 2019 7:45:41.8160 PM,.0312
43. BATTERY_PROPERTIES,Dut,sendCommand,PASS,,Nov 25 2019 7:45:41.8230 PM,Nov 25 2019 7:45:41.8640 PM,.0403
43. BATTERY_PROPERTIES,Dut,sendCommand,PASS,,Nov 25 2019 7:45:41.8660 PM,Nov 25 2019 7:45:42.8810 PM,1.0153
43. BATTERY_PROPERTIES,Dut,sendCommand,PASS,,Nov 25 2019 7:45:42.8830 PM,Nov 25 2019 7:45:43.2150 PM,.3324
43. BATTERY_PROPERTIES,Dut,sendCommand,PASS,,Nov 25 2019 7:45:43.2180 PM,Nov 25 2019 7:45:43.4070 PM,.1897
44. MAGNETITE_TEST_2,Dut,sendCommand,PASS,,Nov 25 2019 7:45:43.4120 PM,Nov 25 2019 7:45:43.4490 PM,.0372
44. MAGNETITE_TEST_2,Dut,sendCommand,PASS,,Nov 25 2019 7:45:43.4510 PM,Nov 25 2019 7:45:47.4210 PM,3.9708
44. MAGNETITE_TEST_2,Dut,sendCommand,PASS,,Nov 25 2019 7:45:47.4290 PM,Nov 25 2019 7:45:47.4530 PM,.0243
44. MAGNETITE_TEST_2,Dut,sendCommand,PASS,,Nov 25 2019 7:45:47.4550 PM,Nov 25 2019 7:45:47.4910 PM,.0363
44. MAGNETITE_TEST_2,Dut,sendCommand,PASS,,Nov 25 2019 7:45:47.4930 PM,Nov 25 2019 7:45:47.5230 PM,.0302
44. MAGNETITE_TEST_2,Dut,sendCommand,PASS,,Nov 25 2019 7:45:47.5250 PM,Nov 25 2019 7:46:02.5530 PM,15.0284
44. MAGNETITE_TEST_2,Dut,sendCommand,PASS,,Nov 25 2019 7:46:02.5550 PM,Nov 25 2019 7:46:03.5910 PM,1.0365
44. MAGNETITE_TEST_2,Dut,sendCommand,PASS,,Nov 25 2019 7:46:03.5930 PM,Nov 25 2019 7:46:04.4660 PM,.873
44. MAGNETITE_TEST_2,Dut,sendCommand,PASS,,Nov 25 2019 7:46:04.4720 PM,Nov 25 2019 7:46:06.5110 PM,2.0388
45. PUCK_CHARGE_TEST,Dut,sendCommand,PASS,,Nov 25 2019 7:46:06.5170 PM,Nov 25 2019 7:46:06.6280 PM,.1118
45. PUCK_CHARGE_TEST,Dut,sendCommand,PASS,,Nov 25 2019 7:46:06.6310 PM,Nov 25 2019 7:46:06.9200 PM,.2889
46. DBGPWR_ON,com.apple.hwte.atlas.AppPlugin,show-form,PASS,,Nov 25 2019 7:46:06.9260 PM,Nov 25 2019 7:46:11.9240 PM,4.998
46. DBGPWR_ON,Dut,sendCommand,PASS,,Nov 25 2019 7:46:11.9250 PM,Nov 25 2019 7:46:11.9640 PM,.0388
47. WIFI,Dut,sendCommand,PASS,,Nov 25 2019 7:46:11.9690 PM,Nov 25 2019 7:46:12.3540 PM,.3845
47. WIFI,Dut,sendCommand,PASS,,Nov 25 2019 7:46:12.3560 PM,Nov 25 2019 7:46:12.4070 PM,.0511
48. BULETOOTH,Dut,sendCommand,PASS,,Nov 25 2019 7:46:12.4100 PM,Nov 25 2019 7:46:12.8380 PM,.4274
48. BULETOOTH,Dut,sendCommand,PASS,,Nov 25 2019 7:46:12.8390 PM,Nov 25 2019 7:46:12.9490 PM,.1093
48. BULETOOTH,Dut,sendCommand,PASS,,Nov 25 2019 7:46:12.9510 PM,Nov 25 2019 7:46:12.9970 PM,.046
49. STOCKHOLM,Dut,sendCommand,PASS,,Nov 25 2019 7:46:13.0010 PM,Nov 25 2019 7:46:13.3140 PM,.3134
49. STOCKHOLM,Dut,sendCommand,PASS,,Nov 25 2019 7:46:13.3160 PM,Nov 25 2019 7:46:13.3460 PM,.0303
49. STOCKHOLM,Dut,sendCommand,PASS,,Nov 25 2019 7:46:13.3480 PM,Nov 25 2019 7:46:13.3940 PM,.0462
49. STOCKHOLM,Dut,sendCommand,PASS,,Nov 25 2019 7:46:13.3950 PM,Nov 25 2019 7:46:13.4400 PM,.0445
49. STOCKHOLM,Dut,sendCommand,PASS,,Nov 25 2019 7:46:13.4410 PM,Nov 25 2019 7:46:13.4880 PM,.0462
49. STOCKHOLM,Dut,sendCommand,PASS,,Nov 25 2019 7:46:13.4890 PM,Nov 25 2019 7:46:13.5350 PM,.0456
49. STOCKHOLM,Dut,sendCommand,PASS,,Nov 25 2019 7:46:13.5370 PM,Nov 25 2019 7:46:14.1420 PM,.6048
49. STOCKHOLM,Dut,sendCommand,PASS,,Nov 25 2019 7:46:14.1430 PM,Nov 25 2019 7:46:15.6750 PM,1.5317
49. STOCKHOLM,Dut,sendCommand,PASS,,Nov 25 2019 7:46:15.6770 PM,Nov 25 2019 7:46:15.7070 PM,.0303
49. STOCKHOLM,Dut,sendCommand,PASS,,Nov 25 2019 7:46:15.7090 PM,Nov 25 2019 7:46:15.7390 PM,.0304
49. STOCKHOLM,Dut,sendCommand,PASS,,Nov 25 2019 7:46:15.7410 PM,Nov 25 2019 7:46:15.7710 PM,.0304
49. STOCKHOLM,Dut,sendCommand,PASS,,Nov 25 2019 7:46:15.7730 PM,Nov 25 2019 7:46:15.8030 PM,.0302
49. STOCKHOLM,Dut,sendCommand,PASS,,Nov 25 2019 7:46:15.8050 PM,Nov 25 2019 7:46:15.8350 PM,.0304
50. GERMANIUM_BASEBAND_VINYL,Dut,sendCommand,PASS,,Nov 25 2019 7:46:15.8400 PM,Nov 25 2019 7:46:19.7830 PM,3.9434
50. GERMANIUM_BASEBAND_VINYL,Dut,sendCommand,PASS,,Nov 25 2019 7:46:19.7860 PM,Nov 25 2019 7:46:19.8720 PM,.0863
50. GERMANIUM_BASEBAND_VINYL,Dut,sendCommand,PASS,,Nov 25 2019 7:46:19.8740 PM,Nov 25 2019 7:46:20.2610 PM,.3878
51. GRAPE_TEST,Dut,sendCommand,PASS,,Nov 25 2019 7:46:20.2650 PM,Nov 25 2019 7:46:20.3770 PM,.1114
51. GRAPE_TEST,Dut,sendCommand,PASS,,Nov 25 2019 7:46:20.3800 PM,Nov 25 2019 7:46:20.5080 PM,.1282
51. GRAPE_TEST,Dut,sendCommand,PASS,,Nov 25 2019 7:46:20.5100 PM,Nov 25 2019 7:46:20.5540 PM,.0441
52. ALS_TEST,Dut,sendCommand,PASS,,Nov 25 2019 7:46:20.5590 PM,Nov 25 2019 7:46:20.6070 PM,.0476
52. ALS_TEST,Dut,sendCommand,PASS,,Nov 25 2019 7:46:20.6100 PM,Nov 25 2019 7:46:20.8940 PM,.284
52. ALS_TEST,Dut,sendCommand,PASS,,Nov 25 2019 7:46:20.8960 PM,Nov 25 2019 7:46:20.9260 PM,.0306
52. ALS_TEST,Dut,sendCommand,PASS,,Nov 25 2019 7:46:20.9280 PM,Nov 25 2019 7:46:20.9580 PM,.0303
52. ALS_TEST,Dut,sendCommand,PASS,,Nov 25 2019 7:46:20.9600 PM,Nov 25 2019 7:46:20.9990 PM,.0392
52. ALS_TEST,Dut,sendCommand,PASS,,Nov 25 2019 7:46:21.0000 PM,Nov 25 2019 7:46:21.0840 PM,.0834
52. ALS_TEST,Dut,sendCommand,PASS,,Nov 25 2019 7:46:21.0880 PM,Nov 25 2019 7:46:21.1350 PM,.0466
52. ALS_TEST,Dut,sendCommand,PASS,,Nov 25 2019 7:46:21.1380 PM,Nov 25 2019 7:46:21.1990 PM,.0612
52. ALS_TEST,Dut,sendCommand,PASS,,Nov 25 2019 7:46:21.2000 PM,Nov 25 2019 7:46:22.0390 PM,.8391
52. ALS_TEST,Dut,sendCommand,PASS,,Nov 25 2019 7:46:22.0420 PM,Nov 25 2019 7:46:22.2790 PM,.237
52. ALS_TEST,Dut,sendCommand,PASS,,Nov 25 2019 7:46:22.2800 PM,Nov 25 2019 7:46:23.1280 PM,.8473
52. ALS_TEST,Dut,sendCommand,PASS,,Nov 25 2019 7:46:23.1300 PM,Nov 25 2019 7:46:23.6060 PM,.4764
52. ALS_TEST,Dut,sendCommand,PASS,,Nov 25 2019 7:46:23.6080 PM,Nov 25 2019 7:46:23.6460 PM,.0381
53. DISPLAY_TEST,Dut,sendCommand,PASS,,Nov 25 2019 7:46:23.6510 PM,Nov 25 2019 7:46:23.9500 PM,.2984
53. DISPLAY_TEST,Dut,sendCommand,PASS,,Nov 25 2019 7:46:23.9510 PM,Nov 25 2019 7:46:23.9980 PM,.0463
53. DISPLAY_TEST,Dut,sendCommand,PASS,,Nov 25 2019 7:46:23.9990 PM,Nov 25 2019 7:46:24.0300 PM,.0302
53. DISPLAY_TEST,Dut,sendCommand,PASS,,Nov 25 2019 7:46:24.0310 PM,Nov 25 2019 7:46:24.0730 PM,.0425
53. DISPLAY_TEST,Dut,sendCommand,PASS,,Nov 25 2019 7:46:24.0750 PM,Nov 25 2019 7:46:24.1210 PM,.0462
53. DISPLAY_TEST,Dut,sendCommand,PASS,,Nov 25 2019 7:46:24.1230 PM,Nov 25 2019 7:46:26.1500 PM,2.0272
53. DISPLAY_TEST,Dut,sendCommand,PASS,,Nov 25 2019 7:46:26.1520 PM,Nov 25 2019 7:46:26.2090 PM,.0569
53. DISPLAY_TEST,Dut,sendCommand,PASS,,Nov 25 2019 7:46:26.2110 PM,Nov 25 2019 7:46:28.2370 PM,2.0265
53. DISPLAY_TEST,Dut,sendCommand,PASS,,Nov 25 2019 7:46:28.2390 PM,Nov 25 2019 7:46:28.2790 PM,.0401
53. DISPLAY_TEST,Dut,sendCommand,PASS,,Nov 25 2019 7:46:28.2810 PM,Nov 25 2019 7:46:28.5350 PM,.2541
53. DISPLAY_TEST,Dut,sendCommand,PASS,,Nov 25 2019 7:46:28.5380 PM,Nov 25 2019 7:46:28.6420 PM,.1042
53. DISPLAY_TEST,Dut,sendCommand,PASS,,Nov 25 2019 7:46:28.6440 PM,Nov 25 2019 7:46:29.0410 PM,.3972
54. END_QUIESCE_SYSTEM,Dut,sendCommand,PASS,,Nov 25 2019 7:46:29.0460 PM,Nov 25 2019 7:46:29.0820 PM,.0362
55. QUERY_SFC_WRITE_SYSCFG_2,Dut,sendCommand,PASS,,Nov 25 2019 7:46:29.0860 PM,Nov 25 2019 7:46:29.1480 PM,.062
55. QUERY_SFC_WRITE_SYSCFG_2,Dut,sendCommand,PASS,,Nov 25 2019 7:46:29.1490 PM,Nov 25 2019 7:46:29.2010 PM,.0513
55. QUERY_SFC_WRITE_SYSCFG_2,Dut,sendCommand,PASS,,Nov 25 2019 7:46:29.2040 PM,Nov 25 2019 7:46:29.2900 PM,.0865
55. QUERY_SFC_WRITE_SYSCFG_2,Dut,sendCommand,PASS,,Nov 25 2019 7:46:29.2920 PM,Nov 25 2019 7:46:29.3360 PM,.0436
55. QUERY_SFC_WRITE_SYSCFG_2,Dut,sendCommand,PASS,,Nov 25 2019 7:46:29.3380 PM,Nov 25 2019 7:46:29.3840 PM,.0454
55. QUERY_SFC_WRITE_SYSCFG_2,Dut,sendCommand,PASS,,Nov 25 2019 7:46:29.3850 PM,Nov 25 2019 7:46:29.4310 PM,.0463
55. QUERY_SFC_WRITE_SYSCFG_2,Dut,sendCommand,PASS,,Nov 25 2019 7:46:29.4340 PM,Nov 25 2019 7:46:29.4790 PM,.0454
55. QUERY_SFC_WRITE_SYSCFG_2,Dut,sendCommand,PASS,,Nov 25 2019 7:46:29.4810 PM,Nov 25 2019 7:46:29.5270 PM,.0464
55. QUERY_SFC_WRITE_SYSCFG_2,Dut,sendCommand,PASS,,Nov 25 2019 7:46:29.5300 PM,Nov 25 2019 7:46:29.5750 PM,.0454
55. QUERY_SFC_WRITE_SYSCFG_2,Dut,sendCommand,PASS,,Nov 25 2019 7:46:29.5770 PM,Nov 25 2019 7:46:29.6230 PM,.0463
55. QUERY_SFC_WRITE_SYSCFG_2,Dut,sendCommand,PASS,,Nov 25 2019 7:46:29.6260 PM,Nov 25 2019 7:46:29.6710 PM,.0452
55. QUERY_SFC_WRITE_SYSCFG_2,Dut,sendCommand,PASS,,Nov 25 2019 7:46:29.6720 PM,Nov 25 2019 7:46:29.7190 PM,.0465
55. QUERY_SFC_WRITE_SYSCFG_2,Dut,sendCommand,PASS,,Nov 25 2019 7:46:29.7210 PM,Nov 25 2019 7:46:29.7670 PM,.0453
55. QUERY_SFC_WRITE_SYSCFG_2,Dut,sendCommand,PASS,,Nov 25 2019 7:46:29.7680 PM,Nov 25 2019 7:46:29.8150 PM,.0464
56. BATTERY_PROPERTIES,Dut,sendCommand,PASS,,Nov 25 2019 7:46:29.8210 PM,Nov 25 2019 7:46:29.8630 PM,.0421
56. BATTERY_PROPERTIES,Dut,sendCommand,PASS,,Nov 25 2019 7:46:29.8640 PM,Nov 25 2019 7:46:30.0540 PM,.1899
56. BATTERY_PROPERTIES,Dut,sendCommand,PASS,,Nov 25 2019 7:46:30.0560 PM,Nov 25 2019 7:46:31.0870 PM,1.0311
56. BATTERY_PROPERTIES,Dut,sendCommand,PASS,,Nov 25 2019 7:46:31.0890 PM,Nov 25 2019 7:46:31.4180 PM,.3289
56. BATTERY_PROPERTIES,Dut,sendCommand,PASS,,Nov 25 2019 7:46:31.4200 PM,Nov 25 2019 7:46:32.0890 PM,.6688
56. BATTERY_PROPERTIES,Dut,sendCommand,PASS,,Nov 25 2019 7:46:32.0910 PM,Nov 25 2019 7:46:32.2730 PM,.1826
56. BATTERY_PROPERTIES,Dut,sendCommand,PASS,,Nov 25 2019 7:46:32.2750 PM,Nov 25 2019 7:46:32.4490 PM,.1738
56. BATTERY_PROPERTIES,Dut,sendCommand,PASS,,Nov 25 2019 7:46:32.4510 PM,Nov 25 2019 7:46:33.2580 PM,.8075
56. BATTERY_PROPERTIES,Dut,sendCommand,PASS,,Nov 25 2019 7:46:33.2620 PM,Nov 25 2019 7:46:33.4460 PM,.1841
57. MAGNETITE_RESET,Dut,sendCommand,PASS,,Nov 25 2019 7:46:33.4520 PM,Nov 25 2019 7:46:33.4970 PM,.0448
,Dut,close,PASS,,Nov 25 2019 7:46:33.5000 PM,Nov 25 2019 7:46:33.5000 PM,.0004
Copy Log,RunCommand,RunCommandWithParameter,PASS,,Nov 25 2019 7:46:33.5080 PM,Nov 25 2019 7:46:33.5200 PM,.0113
Copy Log,RunCommand,RunCommandWithParameter,PASS,,Nov 25 2019 7:46:33.5240 PM,Nov 25 2019 7:46:33.5380 PM,.0141
Copy Log,RunCommand,RunCommandWithParameter,PASS,,Nov 25 2019 7:46:33.5400 PM,Nov 25 2019 7:46:33.5520 PM,.0118
Copy Log,RunCommand,RunCommandWithParameter,PASS,,Nov 25 2019 7:46:33.5540 PM,Nov 25 2019 7:46:33.5680 PM,.0138
Copy Log,RunCommand,RunCommandWithParameter,PASS,,Nov 25 2019 7:46:33.5700 PM,Nov 25 2019 7:46:33.5820 PM,.012
Copy Log,RunCommand,RunCommandWithParameter,PASS,,Nov 25 2019 7:46:33.5830 PM,Nov 25 2019 7:46:33.5960 PM,.0124
Copy Log,DRCB,addBlob,PASS,,Nov 25 2019 7:46:33.5980 PM,Nov 25 2019 7:46:33.5980 PM,.0002
58. END_CONTROLBIT,DRCB,finish,PASS,,Nov 25 2019 7:46:33.6020 PM,Nov 25 2019 7:46:33.8770 PM,.2743
,Dut,open,PASS,,Nov 25 2019 7:46:33.8800 PM,Nov 25 2019 7:46:33.9460 PM,.0661
59. UNIT STANDBY,Dut,sendCommand,PASS,,Nov 25 2019 7:46:33.9490 PM,Nov 25 2019 7:46:34.0540 PM,.1052
,Dut,close,PASS,,Nov 25 2019 7:46:34.0620 PM,Nov 25 2019 7:46:34.0630 PM,.0009
