document_version, 1.0
station_name,SW-DOWNLOAD
station_id,FXLH_F05-4FT-02_5_SW-DOWNLOAD
station_sw,Atlas
station_sw_version,Atlas

tag,start_time,duration
Scan_SN, 1568099453.73, 5.98
Fixture_init, 1568099459.71, 14.88
Start_Data_Reporting, 1568099474.59, 0.02
Start_Control_Bit, 1568099474.61, 0.33
Get_SFC_Info, 1568099474.94, 0.06
BUILD_EVENT, 1568099475.00, 0.00
S_BUILD, 1568099475.00, 0.00
WO_SN, 1568099475.00, 0.00
SUB_SN, 1568099475.01, 0.00
UNIT_LBL, 1568099475.01, 0.00
P203_FW_DEV, 1568099475.01, 0.05
EP_DISABLE_TP, 1568099475.07, 7.04
Auth_Check, 1568099482.11, 4.47
Query_MLB_SN, 1568099486.58, 0.00
Read_MLB_SN, 1568099486.58, 1.05
Check_MLB_SN, 1568099487.63, 0.00
Read_STFW_Version_Before_DL, 1568099487.63, 0.48
Read_MTFW_Version_Before_DL, 1568099488.11, 0.48
Read_CCG3_FW_Version_Before_DL, 1568099488.59, 0.99
Program_Main_FW, 1568099489.58, 42.18
Program_MTFW, 1568099531.76, 25.58
Read_Main_FW_Version_After_DL, 1568099557.34, 0.42
Read_MTFW_After_DL, 1568099557.76, 0.42
Read_CCG3_FW_After_DL, 1568099558.18, 0.92
Finish_DRCB, 1568099559.10, 0.53
Fixture_reset, 1568099559.63, 0.35
full_test_durations, 1568099453.71, 106.27
