Related Test,Type,Name,Value
Scan_SN,Device,serialnumber,FTPZ9064P3HR
Start_Data_Reporting,Device,softwarename,Atlas 1.9.2
Start_Data_Reporting,Device,serialnumber,FTPZ9064P3HR
Start_Data_Reporting,Device,softwareversion,V1.1.3.0_forINN_debug
Start_Data_Reporting,Device,limitsversion,1
BUILD_EVENT,Device,Build_EVENT,R118-P2
S_BUILD,Device,S_BUILD,R118-P2_P21AEN-LHWTE2
WO_SN,Device,WO_SN,WMT-J80009
SUB_SN,Device,P_SN,DKB9357006DN67807
UNIT_LBL,Device,UNIT_LBL,R118-P2_P21AEN-LHWTE2_C00255
P203_FW_DEV,Device,P203_FW,1.2.5-F(DVT)
Read_MLB_SN,Device,MLB_SN,DLX9354003LN6R520
Read_Main_FW_Version_After_DL,Device,STFW,0x0160
Read_MTFW_After_DL,Device,TOUCH_FW,0x0505
Read_CCG3_FW_After_DL,Device,ReadCCG3FW,A0 02 00 0A 00 0A 00 0A
