Related Test,Name-1,Name-2,Name-3,Status,Info,Measurement,Units,Upper Limit,Lower Limit,Relaxed Upper Limit,Relaxed Lower Limit,Limit Units,Start Time,End Time,Duration (s)
Scan_SN,,,,,,,,,,,,,Sep 10 2019 3:10:53.7320 PM,Sep 10 2019 3:10:59.7080 PM,5.9759
Scan_SN,Scan_SN,AtlasApp-Hyperion,show-form,PASS,,,,,,,,,Sep 10 2019 3:10:53.7330 PM,Sep 10 2019 3:10:59.7060 PM,5.9731
Fixture_init,,,,,,,,,,,,,Sep 10 2019 3:10:59.7110 PM,Sep 10 2019 3:11:14.5920 PM,14.881
Fixture_init,Fixture_init,Fixture,changeDelimiter,PASS,,,,,,,,,Sep 10 2019 3:10:59.7130 PM,Sep 10 2019 3:10:59.7130 PM,0
Fixture_init,Fixture_init,Fixture,changeLineTerminator,PASS,,,,,,,,,Sep 10 2019 3:10:59.7150 PM,Sep 10 2019 3:10:59.7150 PM,0
Fixture_init,Fixture_init,Fixture,open,PASS,,,,,,,,,Sep 10 2019 3:10:59.7170 PM,Sep 10 2019 3:11:01.3070 PM,1.5905
Fixture_init,Fixture_init,Fixture,read,PASS,,,,,,,,,Sep 10 2019 3:11:01.3090 PM,Sep 10 2019 3:11:01.3370 PM,.0283
Fixture_init,Fixture_init,P203,changeDelimiter,PASS,,,,,,,,,Sep 10 2019 3:11:01.3390 PM,Sep 10 2019 3:11:01.3390 PM,0
Fixture_init,Fixture_init,P203,changeLineTerminator,PASS,,,,,,,,,Sep 10 2019 3:11:01.3410 PM,Sep 10 2019 3:11:01.3410 PM,0
Fixture_init,Fixture_init,P203,open,PASS,,,,,,,,,Sep 10 2019 3:11:01.3420 PM,Sep 10 2019 3:11:02.9360 PM,1.5932
Fixture_init,Fixture_init,P203,read,PASS,,,,,,,,,Sep 10 2019 3:11:02.9370 PM,Sep 10 2019 3:11:02.9660 PM,.0291
Fixture_init,Fixture_init,[Fixture] isReady,sendCommand,PASS,,,,,,,,,Sep 10 2019 3:11:02.9680 PM,Sep 10 2019 3:11:02.9770 PM,.0086
Fixture_init,Fixture_init,[Fixture] power on,sendCommand,PASS,,,,,,,,,Sep 10 2019 3:11:02.9780 PM,Sep 10 2019 3:11:02.9950 PM,.0171
Fixture_init,Fixture_init,[P203] ,sendCommand,PASS,,,,,,,,,Sep 10 2019 3:11:04.0630 PM,Sep 10 2019 3:11:04.0720 PM,.0082
Fixture_init,Fixture_init,[Fixture] Engage pogo,sendCommand,PASS,,,,,,,,,Sep 10 2019 3:11:04.0730 PM,Sep 10 2019 3:11:04.4780 PM,.4049
Fixture_init,Fixture_init,[Fixture] power off,sendCommand,PASS,,,,,,,,,Sep 10 2019 3:11:08.3710 PM,Sep 10 2019 3:11:08.3750 PM,.0042
Fixture_init,Fixture_init,[Fixture] power on,sendCommand-2,PASS,,,,,,,,,Sep 10 2019 3:11:09.4470 PM,Sep 10 2019 3:11:09.4610 PM,.0143
Fixture_init,Fixture_init,[P203] ,sendCommand-2,PASS,,,,,,,,,Sep 10 2019 3:11:14.5340 PM,Sep 10 2019 3:11:14.5360 PM,.0014
Fixture_init,Fixture_init,StationReportPlugin,isReporting,PASS,,,,,,,,,Sep 10 2019 3:11:14.5910 PM,Sep 10 2019 3:11:14.5910 PM,0
Start_Data_Reporting,,,,,,,,,,,,,Sep 10 2019 3:11:14.5950 PM,Sep 10 2019 3:11:14.6080 PM,.0131
Start_Data_Reporting,Start_Data_Reporting,DRCB,StartDataReporting,PASS,,,,,,,,,Sep 10 2019 3:11:14.5990 PM,Sep 10 2019 3:11:14.6070 PM,.0087
Start_Control_Bit,,,,,,,,,,,,,Sep 10 2019 3:11:14.6110 PM,Sep 10 2019 3:11:14.9360 PM,.3254
Start_Control_Bit,Start_Control_Bit,DRCB,StartControlBits,PASS,,,,,,,,,Sep 10 2019 3:11:14.6120 PM,Sep 10 2019 3:11:14.9340 PM,.3224
Get_SFC_Info,,,,,,,,,,,,,Sep 10 2019 3:11:14.9380 PM,Sep 10 2019 3:11:14.9950 PM,.0561
Get_SFC_Info,Get_SFC_Info,SFCSupport,getAttributes,PASS,,,,,,,,,Sep 10 2019 3:11:14.9400 PM,Sep 10 2019 3:11:14.9740 PM,.0334
Get_SFC_Info,Get_SFC_Info,GET SFC info - wo_no,WMT-J80009,PASS,,,,,,,,,Sep 10 2019 3:11:14.9750 PM,Sep 10 2019 3:11:14.9750 PM,0
Get_SFC_Info,Get_SFC_Info,SFCSupport,getAttributes-2,PASS,,,,,,,,,Sep 10 2019 3:11:14.9770 PM,Sep 10 2019 3:11:14.9810 PM,.0044
Get_SFC_Info,Get_SFC_Info,GET SFC info - pansa,DKB9357006DN67807,PASS,,,,,,,,,Sep 10 2019 3:11:14.9820 PM,Sep 10 2019 3:11:14.9820 PM,0
Get_SFC_Info,Get_SFC_Info,SFCSupport,getAttributes-3,PASS,,,,,,,,,Sep 10 2019 3:11:14.9830 PM,Sep 10 2019 3:11:14.9870 PM,.0043
Get_SFC_Info,Get_SFC_Info,GET SFC info - unit_lbl,R118-P2_P21AEN-LHWTE2_C00255,PASS,,,,,,,,,Sep 10 2019 3:11:14.9880 PM,Sep 10 2019 3:11:14.9880 PM,0
Get_SFC_Info,Get_SFC_Info,SFCSupport,getAttributes-4,PASS,,,,,,,,,Sep 10 2019 3:11:14.9900 PM,Sep 10 2019 3:11:14.9930 PM,.0037
Get_SFC_Info,Get_SFC_Info,GET SFC info - mlb_sn,DLX9354003LN6R520,PASS,,,,,,,,,Sep 10 2019 3:11:14.9940 PM,Sep 10 2019 3:11:14.9940 PM,0
BUILD_EVENT,,,,,,,,,,,,,Sep 10 2019 3:11:14.9980 PM,Sep 10 2019 3:11:14.9990 PM,.0006
BUILD_EVENT,BUILD_EVENT,Build_EVENT,R118-P2,PASS,,,,,,,,,Sep 10 2019 3:11:14.9980 PM,Sep 10 2019 3:11:14.9980 PM,0
S_BUILD,,,,,,,,,,,,,Sep 10 2019 3:11:15.0010 PM,Sep 10 2019 3:11:15.0020 PM,.0009
S_BUILD,S_BUILD,S_BUILD,R118-P2_P21AEN-LHWTE2,PASS,,,,,,,,,Sep 10 2019 3:11:15.0010 PM,Sep 10 2019 3:11:15.0010 PM,0
WO_SN,,,,,,,,,,,,,Sep 10 2019 3:11:15.0040 PM,Sep 10 2019 3:11:15.0050 PM,.0006
WO_SN,WO_SN,Get wo_no Pass,,PASS,,,,,,,,,Sep 10 2019 3:11:15.0050 PM,Sep 10 2019 3:11:15.0050 PM,0
SUB_SN,,,,,,,,,,,,,Sep 10 2019 3:11:15.0070 PM,Sep 10 2019 3:11:15.0080 PM,.0009
SUB_SN,SUB_SN,Get pansa Pass,,PASS,,,,,,,,,Sep 10 2019 3:11:15.0070 PM,Sep 10 2019 3:11:15.0070 PM,0
UNIT_LBL,,,,,,,,,,,,,Sep 10 2019 3:11:15.0100 PM,Sep 10 2019 3:11:15.0100 PM,.0006
UNIT_LBL,UNIT_LBL,Get unit_lbl Pass,,PASS,,,,,,,,,Sep 10 2019 3:11:15.0100 PM,Sep 10 2019 3:11:15.0100 PM,0
P203_FW_DEV,,,,,,,,,,,,,Sep 10 2019 3:11:15.0120 PM,Sep 10 2019 3:11:15.0620 PM,.05
P203_FW_DEV,P203_FW_DEV,P203,read,PASS,,,,,,,,,Sep 10 2019 3:11:15.0140 PM,Sep 10 2019 3:11:15.0140 PM,.0003
P203_FW_DEV,P203_FW_DEV,P203,read-2,PASS,,,,,,,,,Sep 10 2019 3:11:15.0160 PM,Sep 10 2019 3:11:15.0160 PM,.0002
P203_FW_DEV,P203_FW_DEV,P203,read-3,PASS,,,,,,,,,Sep 10 2019 3:11:15.0180 PM,Sep 10 2019 3:11:15.0460 PM,.0281
P203_FW_DEV,P203_FW_DEV,[P203] v,sendCommand,PASS,,,,,,,,,Sep 10 2019 3:11:15.0480 PM,Sep 10 2019 3:11:15.0610 PM,.013
P203_FW_DEV,P203_FW_DEV,P203_FW_DEV,,PASS,,,,,,,,,Sep 10 2019 3:11:15.0620 PM,Sep 10 2019 3:11:15.0620 PM,0
EP_DISABLE_TP,,,,,,,,,,,,,Sep 10 2019 3:11:15.0680 PM,Sep 10 2019 3:11:22.1030 PM,7.035
EP_DISABLE_TP,EP_DISABLE_TP,[Hid] /usr/local/bin/hidreport -p 0x026E -i 0 set 0x3D 0x3D 0x13 0x0 0x0 0x0,,PASS,,,,,,,,,Sep 10 2019 3:11:15.1260 PM,Sep 10 2019 3:11:15.1260 PM,0
EP_DISABLE_TP,EP_DISABLE_TP,IOFileHandle,writeToFile,PASS,,,,,,,,,Sep 10 2019 3:11:15.1280 PM,Sep 10 2019 3:11:15.1290 PM,.0005
EP_DISABLE_TP,EP_DISABLE_TP,[Hid] /usr/local/bin/hidreport -p 0x026E -i 0 set 0x3E 0x3E 0x13 0x0 0x0 0x0 0x2,,PASS,,,,,,,,,Sep 10 2019 3:11:15.5500 PM,Sep 10 2019 3:11:15.5500 PM,0
EP_DISABLE_TP,EP_DISABLE_TP,IOFileHandle,writeToFile-2,PASS,,,,,,,,,Sep 10 2019 3:11:15.5520 PM,Sep 10 2019 3:11:15.5520 PM,.0001
EP_DISABLE_TP,EP_DISABLE_TP,[Fixture] power off,sendCommand,PASS,,,,,,,,,Sep 10 2019 3:11:15.9290 PM,Sep 10 2019 3:11:15.9460 PM,.0177
EP_DISABLE_TP,EP_DISABLE_TP,[Fixture] power on,sendCommand,PASS,,,,,,,,,Sep 10 2019 3:11:17.0150 PM,Sep 10 2019 3:11:17.0320 PM,.0177
EP_DISABLE_TP,EP_DISABLE_TP,[P203] ,sendCommand,PASS,,,,,,,,,Sep 10 2019 3:11:22.1020 PM,Sep 10 2019 3:11:22.1030 PM,.0008
Auth_Check,,,,,,,,,,,,,Sep 10 2019 3:11:22.1060 PM,Sep 10 2019 3:11:26.5680 PM,4.462
Auth_Check,Auth_Check,P203,read,PASS,,,,,,,,,Sep 10 2019 3:11:22.1070 PM,Sep 10 2019 3:11:22.1080 PM,.0003
Auth_Check,Auth_Check,P203,read-2,PASS,,,,,,,,,Sep 10 2019 3:11:22.1090 PM,Sep 10 2019 3:11:22.1090 PM,.0001
Auth_Check,Auth_Check,P203,read-3,PASS,,,,,,,,,Sep 10 2019 3:11:22.1100 PM,Sep 10 2019 3:11:22.1320 PM,.0213
Auth_Check,Auth_Check,[P203] aid tx bd 1 3 24 71 4 10 0 00,sendCommandChars,PASS,,,,,,,,,Sep 10 2019 3:11:22.1340 PM,Sep 10 2019 3:11:22.2020 PM,.0679
Auth_Check,Auth_Check,P203,read-4,PASS,,,,,,,,,Sep 10 2019 3:11:22.2040 PM,Sep 10 2019 3:11:22.2040 PM,.0002
Auth_Check,Auth_Check,P203,read-5,PASS,,,,,,,,,Sep 10 2019 3:11:22.2050 PM,Sep 10 2019 3:11:22.2260 PM,.0207
Auth_Check,Auth_Check,[P203] aid tx bd 1 3 24 71 4 10 0 00,sendCommandChars-2,PASS,,,,,,,,,Sep 10 2019 3:11:22.2280 PM,Sep 10 2019 3:11:22.2640 PM,.0368
Auth_Check,Auth_Check,P203,read-6,PASS,,,,,,,,,Sep 10 2019 3:11:22.2670 PM,Sep 10 2019 3:11:22.2670 PM,.0002
Auth_Check,Auth_Check,P203,read-7,PASS,,,,,,,,,Sep 10 2019 3:11:22.2680 PM,Sep 10 2019 3:11:22.2920 PM,.0237
Auth_Check,Auth_Check,[P203] aid tx bd 1 3 24 71 4 10 0 00,sendCommandChars-3,PASS,,,,,,,,,Sep 10 2019 3:11:22.2940 PM,Sep 10 2019 3:11:22.3300 PM,.0368
Auth_Check,Auth_Check,P203,read-8,PASS,,,,,,,,,Sep 10 2019 3:11:22.3330 PM,Sep 10 2019 3:11:22.3330 PM,.0001
Auth_Check,Auth_Check,P203,read-9,PASS,,,,,,,,,Sep 10 2019 3:11:22.3340 PM,Sep 10 2019 3:11:22.3620 PM,.0279
Auth_Check,Auth_Check,[P203] aid tx bd 1 3 24 71 4 10 0 00,sendCommandChars-4,PASS,,,,,,,,,Sep 10 2019 3:11:22.3630 PM,Sep 10 2019 3:11:22.3970 PM,.0338
Auth_Check,Auth_Check,P203,read-10,PASS,,,,,,,,,Sep 10 2019 3:11:22.4000 PM,Sep 10 2019 3:11:22.4000 PM,.0002
Auth_Check,Auth_Check,P203,read-11,PASS,,,,,,,,,Sep 10 2019 3:11:22.4010 PM,Sep 10 2019 3:11:22.4220 PM,.0206
Auth_Check,Auth_Check,[P203] aid tx bd 1 3 24 71 4 10 0 00,sendCommandChars-5,PASS,,,,,,,,,Sep 10 2019 3:11:22.4230 PM,Sep 10 2019 3:11:22.4440 PM,.0207
Auth_Check,Auth_Check,P203,read-12,PASS,,,,,,,,,Sep 10 2019 3:11:22.4470 PM,Sep 10 2019 3:11:22.4600 PM,.0132
Auth_Check,Auth_Check,P203,read-13,PASS,,,,,,,,,Sep 10 2019 3:11:22.4610 PM,Sep 10 2019 3:11:22.4830 PM,.0213
Auth_Check,Auth_Check,[P203] aid tx bd 2 3 24 71 4 10 0 00,sendCommandChars,PASS,,,,,,,,,Sep 10 2019 3:11:22.4840 PM,Sep 10 2019 3:11:22.5180 PM,.0341
Auth_Check,Auth_Check,P203,read-14,PASS,,,,,,,,,Sep 10 2019 3:11:22.5210 PM,Sep 10 2019 3:11:22.5210 PM,.0002
Auth_Check,Auth_Check,P203,read-15,PASS,,,,,,,,,Sep 10 2019 3:11:22.5220 PM,Sep 10 2019 3:11:22.5430 PM,.021
Auth_Check,Auth_Check,P203,read-16,PASS,,,,,,,,,Sep 10 2019 3:11:22.5450 PM,Sep 10 2019 3:11:22.5740 PM,.0286
Auth_Check,Auth_Check,[P203] aid tx bd 3 2 24 71 4 10 8,sendCommandChars,PASS,,,,,,,,,Sep 10 2019 3:11:22.5760 PM,Sep 10 2019 3:11:22.5960 PM,.0204
Auth_Check,Auth_Check,1. Fetch device info,,PASS,,,,,,,,,Sep 10 2019 3:11:22.5980 PM,Sep 10 2019 3:11:22.5980 PM,0
Auth_Check,Auth_Check,      version: 0x07,,PASS,,,,,,,,,Sep 10 2019 3:11:22.5980 PM,Sep 10 2019 3:11:22.5980 PM,0
Auth_Check,Auth_Check,auth revision: 0x01,,PASS,,,,,,,,,Sep 10 2019 3:11:22.5980 PM,Sep 10 2019 3:11:22.5980 PM,0
Auth_Check,Auth_Check,auth protocol: 0x0300,,PASS,,,,,,,,,Sep 10 2019 3:11:22.5980 PM,Sep 10 2019 3:11:22.5980 PM,0
Auth_Check,Auth_Check,    device ID: 0x00000300,,PASS,,,,,,,,,Sep 10 2019 3:11:22.5980 PM,Sep 10 2019 3:11:22.5980 PM,0
Auth_Check,Auth_Check,P203,read-17,PASS,,,,,,,,,Sep 10 2019 3:11:22.6000 PM,Sep 10 2019 3:11:22.6120 PM,.0119
Auth_Check,Auth_Check,P203,read-18,PASS,,,,,,,,,Sep 10 2019 3:11:22.6130 PM,Sep 10 2019 3:11:22.6390 PM,.0256
Auth_Check,Auth_Check,[P203] aid tx bd 4 3 24 71 4 10 0 30,sendCommandChars,PASS,,,,,,,,,Sep 10 2019 3:11:22.6400 PM,Sep 10 2019 3:11:22.6770 PM,.0365
Auth_Check,Auth_Check,P203,read-19,PASS,,,,,,,,,Sep 10 2019 3:11:22.6790 PM,Sep 10 2019 3:11:22.6790 PM,.0002
Auth_Check,Auth_Check,P203,read-20,PASS,,,,,,,,,Sep 10 2019 3:11:22.6810 PM,Sep 10 2019 3:11:22.7040 PM,.023
Auth_Check,Auth_Check,P203,read-21,PASS,,,,,,,,,Sep 10 2019 3:11:22.7060 PM,Sep 10 2019 3:11:22.7340 PM,.0283
Auth_Check,Auth_Check,[P203] aid tx bd 5 2 24 71 4 10 2,sendCommandChars,PASS,,,,,,,,,Sep 10 2019 3:11:22.7350 PM,Sep 10 2019 3:11:22.7550 PM,.0194
Auth_Check,Auth_Check,2. Fetch cert length,,PASS,,,,,,,,,Sep 10 2019 3:11:22.7570 PM,Sep 10 2019 3:11:22.7570 PM,0
Auth_Check,Auth_Check,P203,read-22,PASS,,,,,,,,,Sep 10 2019 3:11:22.7580 PM,Sep 10 2019 3:11:22.7700 PM,.012
Auth_Check,Auth_Check,P203,read-23,PASS,,,,,,,,,Sep 10 2019 3:11:22.7720 PM,Sep 10 2019 3:11:22.7940 PM,.0225
Auth_Check,Auth_Check,[P203] aid tx bd 6 3 24 71 4 10 0 31,sendCommandChars,PASS,,,,,,,,,Sep 10 2019 3:11:22.7960 PM,Sep 10 2019 3:11:22.8340 PM,.0371
Auth_Check,Auth_Check,P203,read-24,PASS,,,,,,,,,Sep 10 2019 3:11:22.8360 PM,Sep 10 2019 3:11:22.8360 PM,.0002
Auth_Check,Auth_Check,P203,read-25,PASS,,,,,,,,,Sep 10 2019 3:11:22.8370 PM,Sep 10 2019 3:11:22.8640 PM,.0271
Auth_Check,Auth_Check,P203,read-26,PASS,,,,,,,,,Sep 10 2019 3:11:22.8660 PM,Sep 10 2019 3:11:22.8950 PM,.0282
Auth_Check,Auth_Check,[P203] aid tx bd 7 2 24 71 4 10 23,sendCommandChars,PASS,,,,,,,,,Sep 10 2019 3:11:22.8960 PM,Sep 10 2019 3:11:22.9310 PM,.0351
Auth_Check,Auth_Check,P203,read-27,PASS,,,,,,,,,Sep 10 2019 3:11:22.9340 PM,Sep 10 2019 3:11:22.9340 PM,.0001
Auth_Check,Auth_Check,P203,read-28,PASS,,,,,,,,,Sep 10 2019 3:11:22.9350 PM,Sep 10 2019 3:11:22.9650 PM,.0295
Auth_Check,Auth_Check,P203,read-29,PASS,,,,,,,,,Sep 10 2019 3:11:22.9670 PM,Sep 10 2019 3:11:22.9950 PM,.0282
Auth_Check,Auth_Check,[P203] aid tx bd 8 2 24 71 4 10 23,sendCommandChars,PASS,,,,,,,,,Sep 10 2019 3:11:22.9960 PM,Sep 10 2019 3:11:23.0310 PM,.035
Auth_Check,Auth_Check,P203,read-30,PASS,,,,,,,,,Sep 10 2019 3:11:23.0340 PM,Sep 10 2019 3:11:23.0340 PM,.0002
Auth_Check,Auth_Check,P203,read-31,PASS,,,,,,,,,Sep 10 2019 3:11:23.0350 PM,Sep 10 2019 3:11:23.0660 PM,.0302
Auth_Check,Auth_Check,P203,read-32,PASS,,,,,,,,,Sep 10 2019 3:11:23.0680 PM,Sep 10 2019 3:11:23.0960 PM,.028
Auth_Check,Auth_Check,[P203] aid tx bd 9 2 24 71 4 10 23,sendCommandChars,PASS,,,,,,,,,Sep 10 2019 3:11:23.0970 PM,Sep 10 2019 3:11:23.1320 PM,.0351
Auth_Check,Auth_Check,P203,read-33,PASS,,,,,,,,,Sep 10 2019 3:11:23.1350 PM,Sep 10 2019 3:11:23.1350 PM,.0002
Auth_Check,Auth_Check,P203,read-34,PASS,,,,,,,,,Sep 10 2019 3:11:23.1360 PM,Sep 10 2019 3:11:23.1660 PM,.0293
Auth_Check,Auth_Check,P203,read-35,PASS,,,,,,,,,Sep 10 2019 3:11:23.1680 PM,Sep 10 2019 3:11:23.1880 PM,.0208
Auth_Check,Auth_Check,[P203] aid tx bd a 2 24 71 4 10 17,sendCommandChars,PASS,,,,,,,,,Sep 10 2019 3:11:23.1900 PM,Sep 10 2019 3:11:23.2100 PM,.0201
Auth_Check,Auth_Check,P203,read-36,PASS,,,,,,,,,Sep 10 2019 3:11:23.2130 PM,Sep 10 2019 3:11:23.2130 PM,.0002
Auth_Check,Auth_Check,P203,read-37,PASS,,,,,,,,,Sep 10 2019 3:11:23.2140 PM,Sep 10 2019 3:11:23.2360 PM,.0218
Auth_Check,Auth_Check,[P203] aid tx bd b 3 24 71 4 10 0 32,sendCommandChars,PASS,,,,,,,,,Sep 10 2019 3:11:23.2380 PM,Sep 10 2019 3:11:23.2760 PM,.0374
Auth_Check,Auth_Check,P203,read-38,PASS,,,,,,,,,Sep 10 2019 3:11:23.2780 PM,Sep 10 2019 3:11:23.2780 PM,.0001
Auth_Check,Auth_Check,P203,read-39,PASS,,,,,,,,,Sep 10 2019 3:11:23.2800 PM,Sep 10 2019 3:11:23.3060 PM,.0266
Auth_Check,Auth_Check,P203,read-40,PASS,,,,,,,,,Sep 10 2019 3:11:23.3110 PM,Sep 10 2019 3:11:23.3370 PM,.0257
Auth_Check,Auth_Check,[P203] aid tx bd c 2 24 71 4 10 23,sendCommandChars,PASS,,,,,,,,,Sep 10 2019 3:11:23.3380 PM,Sep 10 2019 3:11:23.3740 PM,.0358
Auth_Check,Auth_Check,P203,read-41,PASS,,,,,,,,,Sep 10 2019 3:11:23.3770 PM,Sep 10 2019 3:11:23.3770 PM,.0002
Auth_Check,Auth_Check,P203,read-42,PASS,,,,,,,,,Sep 10 2019 3:11:23.3780 PM,Sep 10 2019 3:11:23.4000 PM,.0212
Auth_Check,Auth_Check,P203,read-43,PASS,,,,,,,,,Sep 10 2019 3:11:23.4020 PM,Sep 10 2019 3:11:23.4270 PM,.0249
Auth_Check,Auth_Check,[P203] aid tx bd d 2 24 71 4 10 23,sendCommandChars,PASS,,,,,,,,,Sep 10 2019 3:11:23.4280 PM,Sep 10 2019 3:11:23.4650 PM,.0365
Auth_Check,Auth_Check,P203,read-44,PASS,,,,,,,,,Sep 10 2019 3:11:23.4680 PM,Sep 10 2019 3:11:23.4680 PM,.0002
Auth_Check,Auth_Check,P203,read-45,PASS,,,,,,,,,Sep 10 2019 3:11:23.4700 PM,Sep 10 2019 3:11:23.4970 PM,.0275
Auth_Check,Auth_Check,P203,read-46,PASS,,,,,,,,,Sep 10 2019 3:11:23.5000 PM,Sep 10 2019 3:11:23.5270 PM,.0264
Auth_Check,Auth_Check,[P203] aid tx bd e 2 24 71 4 10 23,sendCommandChars,PASS,,,,,,,,,Sep 10 2019 3:11:23.5280 PM,Sep 10 2019 3:11:23.5640 PM,.036
Auth_Check,Auth_Check,P203,read-47,PASS,,,,,,,,,Sep 10 2019 3:11:23.5690 PM,Sep 10 2019 3:11:23.5690 PM,.0002
Auth_Check,Auth_Check,P203,read-48,PASS,,,,,,,,,Sep 10 2019 3:11:23.5700 PM,Sep 10 2019 3:11:23.5970 PM,.0267
Auth_Check,Auth_Check,P203,read-49,PASS,,,,,,,,,Sep 10 2019 3:11:23.5990 PM,Sep 10 2019 3:11:23.6270 PM,.0281
Auth_Check,Auth_Check,[P203] aid tx bd f 2 24 71 4 10 17,sendCommandChars,PASS,,,,,,,,,Sep 10 2019 3:11:23.6300 PM,Sep 10 2019 3:11:23.6680 PM,.0387
Auth_Check,Auth_Check,P203,read-50,PASS,,,,,,,,,Sep 10 2019 3:11:23.6710 PM,Sep 10 2019 3:11:23.6720 PM,.0002
Auth_Check,Auth_Check,P203,read-51,PASS,,,,,,,,,Sep 10 2019 3:11:23.6730 PM,Sep 10 2019 3:11:23.6970 PM,.0242
Auth_Check,Auth_Check,[P203] aid tx bd 10 3 24 71 4 10 0 33,sendCommandChars,PASS,,,,,,,,,Sep 10 2019 3:11:23.6980 PM,Sep 10 2019 3:11:23.7340 PM,.0358
Auth_Check,Auth_Check,P203,read-52,PASS,,,,,,,,,Sep 10 2019 3:11:23.7370 PM,Sep 10 2019 3:11:23.7370 PM,.0002
Auth_Check,Auth_Check,P203,read-53,PASS,,,,,,,,,Sep 10 2019 3:11:23.7380 PM,Sep 10 2019 3:11:23.7670 PM,.0291
Auth_Check,Auth_Check,P203,read-54,PASS,,,,,,,,,Sep 10 2019 3:11:23.7690 PM,Sep 10 2019 3:11:23.7970 PM,.0282
Auth_Check,Auth_Check,[P203] aid tx bd 11 2 24 71 4 10 23,sendCommandChars,PASS,,,,,,,,,Sep 10 2019 3:11:23.7990 PM,Sep 10 2019 3:11:23.8340 PM,.0349
Auth_Check,Auth_Check,P203,read-55,PASS,,,,,,,,,Sep 10 2019 3:11:23.8380 PM,Sep 10 2019 3:11:23.8380 PM,.0003
Auth_Check,Auth_Check,P203,read-56,PASS,,,,,,,,,Sep 10 2019 3:11:23.8400 PM,Sep 10 2019 3:11:23.8680 PM,.0279
Auth_Check,Auth_Check,P203,read-57,PASS,,,,,,,,,Sep 10 2019 3:11:23.8700 PM,Sep 10 2019 3:11:23.8960 PM,.0257
Auth_Check,Auth_Check,[P203] aid tx bd 12 2 24 71 4 10 23,sendCommandChars,PASS,,,,,,,,,Sep 10 2019 3:11:23.8970 PM,Sep 10 2019 3:11:23.9350 PM,.0376
Auth_Check,Auth_Check,P203,read-58,PASS,,,,,,,,,Sep 10 2019 3:11:23.9370 PM,Sep 10 2019 3:11:23.9380 PM,.0001
Auth_Check,Auth_Check,P203,read-59,PASS,,,,,,,,,Sep 10 2019 3:11:23.9390 PM,Sep 10 2019 3:11:23.9680 PM,.0295
Auth_Check,Auth_Check,P203,read-60,PASS,,,,,,,,,Sep 10 2019 3:11:23.9700 PM,Sep 10 2019 3:11:23.9980 PM,.0281
Auth_Check,Auth_Check,[P203] aid tx bd 13 2 24 71 4 10 23,sendCommandChars,PASS,,,,,,,,,Sep 10 2019 3:11:24.0000 PM,Sep 10 2019 3:11:24.0360 PM,.0359
Auth_Check,Auth_Check,P203,read-61,PASS,,,,,,,,,Sep 10 2019 3:11:24.0380 PM,Sep 10 2019 3:11:24.0380 PM,.0002
Auth_Check,Auth_Check,P203,read-62,PASS,,,,,,,,,Sep 10 2019 3:11:24.0400 PM,Sep 10 2019 3:11:24.0690 PM,.029
Auth_Check,Auth_Check,P203,read-63,PASS,,,,,,,,,Sep 10 2019 3:11:24.0710 PM,Sep 10 2019 3:11:24.0990 PM,.0283
Auth_Check,Auth_Check,[P203] aid tx bd 14 2 24 71 4 10 17,sendCommandChars,PASS,,,,,,,,,Sep 10 2019 3:11:24.1000 PM,Sep 10 2019 3:11:24.1370 PM,.0363
Auth_Check,Auth_Check,P203,read-64,PASS,,,,,,,,,Sep 10 2019 3:11:24.1400 PM,Sep 10 2019 3:11:24.1400 PM,.0002
Auth_Check,Auth_Check,P203,read-65,PASS,,,,,,,,,Sep 10 2019 3:11:24.1410 PM,Sep 10 2019 3:11:24.1690 PM,.0281
Auth_Check,Auth_Check,[P203] aid tx bd 15 3 24 71 4 10 0 34,sendCommandChars,PASS,,,,,,,,,Sep 10 2019 3:11:24.1710 PM,Sep 10 2019 3:11:24.2060 PM,.0358
Auth_Check,Auth_Check,P203,read-66,PASS,,,,,,,,,Sep 10 2019 3:11:24.2090 PM,Sep 10 2019 3:11:24.2090 PM,.0002
Auth_Check,Auth_Check,P203,read-67,PASS,,,,,,,,,Sep 10 2019 3:11:24.2100 PM,Sep 10 2019 3:11:24.2390 PM,.0291
Auth_Check,Auth_Check,P203,read-68,PASS,,,,,,,,,Sep 10 2019 3:11:24.2410 PM,Sep 10 2019 3:11:24.2690 PM,.0283
Auth_Check,Auth_Check,[P203] aid tx bd 16 2 24 71 4 10 23,sendCommandChars,PASS,,,,,,,,,Sep 10 2019 3:11:24.2710 PM,Sep 10 2019 3:11:24.3060 PM,.0353
Auth_Check,Auth_Check,P203,read-69,PASS,,,,,,,,,Sep 10 2019 3:11:24.3120 PM,Sep 10 2019 3:11:24.3120 PM,.0002
Auth_Check,Auth_Check,P203,read-70,PASS,,,,,,,,,Sep 10 2019 3:11:24.3130 PM,Sep 10 2019 3:11:24.3400 PM,.0264
Auth_Check,Auth_Check,P203,read-71,PASS,,,,,,,,,Sep 10 2019 3:11:24.3430 PM,Sep 10 2019 3:11:24.3700 PM,.0273
Auth_Check,Auth_Check,[P203] aid tx bd 17 2 24 71 4 10 23,sendCommandChars,PASS,,,,,,,,,Sep 10 2019 3:11:24.3720 PM,Sep 10 2019 3:11:24.4060 PM,.0347
Auth_Check,Auth_Check,P203,read-72,PASS,,,,,,,,,Sep 10 2019 3:11:24.4090 PM,Sep 10 2019 3:11:24.4090 PM,.0001
Auth_Check,Auth_Check,P203,read-73,PASS,,,,,,,,,Sep 10 2019 3:11:24.4100 PM,Sep 10 2019 3:11:24.4400 PM,.0299
Auth_Check,Auth_Check,P203,read-74,PASS,,,,,,,,,Sep 10 2019 3:11:24.4420 PM,Sep 10 2019 3:11:24.4700 PM,.0285
Auth_Check,Auth_Check,[P203] aid tx bd 18 2 24 71 4 10 23,sendCommandChars,PASS,,,,,,,,,Sep 10 2019 3:11:24.4720 PM,Sep 10 2019 3:11:24.5070 PM,.0349
Auth_Check,Auth_Check,P203,read-75,PASS,,,,,,,,,Sep 10 2019 3:11:24.5100 PM,Sep 10 2019 3:11:24.5100 PM,.0001
Auth_Check,Auth_Check,P203,read-76,PASS,,,,,,,,,Sep 10 2019 3:11:24.5110 PM,Sep 10 2019 3:11:24.5410 PM,.0297
Auth_Check,Auth_Check,P203,read-77,PASS,,,,,,,,,Sep 10 2019 3:11:24.5430 PM,Sep 10 2019 3:11:24.5710 PM,.0283
Auth_Check,Auth_Check,[P203] aid tx bd 19 2 24 71 4 10 17,sendCommandChars,PASS,,,,,,,,,Sep 10 2019 3:11:24.5720 PM,Sep 10 2019 3:11:24.6080 PM,.0356
Auth_Check,Auth_Check,P203,read-78,PASS,,,,,,,,,Sep 10 2019 3:11:24.6110 PM,Sep 10 2019 3:11:24.6110 PM,.0001
Auth_Check,Auth_Check,P203,read-79,PASS,,,,,,,,,Sep 10 2019 3:11:24.6120 PM,Sep 10 2019 3:11:24.6350 PM,.023
Auth_Check,Auth_Check,[P203] aid tx bd 1a 3 24 71 4 10 0 35,sendCommandChars,PASS,,,,,,,,,Sep 10 2019 3:11:24.6370 PM,Sep 10 2019 3:11:24.6720 PM,.0352
Auth_Check,Auth_Check,P203,read-80,PASS,,,,,,,,,Sep 10 2019 3:11:24.6750 PM,Sep 10 2019 3:11:24.6750 PM,.0002
Auth_Check,Auth_Check,P203,read-81,PASS,,,,,,,,,Sep 10 2019 3:11:24.6770 PM,Sep 10 2019 3:11:24.7010 PM,.0247
Auth_Check,Auth_Check,P203,read-82,PASS,,,,,,,,,Sep 10 2019 3:11:24.7030 PM,Sep 10 2019 3:11:24.7310 PM,.0282
Auth_Check,Auth_Check,[P203] aid tx bd 1b 2 24 71 4 10 23,sendCommandChars,PASS,,,,,,,,,Sep 10 2019 3:11:24.7330 PM,Sep 10 2019 3:11:24.7700 PM,.0367
Auth_Check,Auth_Check,P203,read-83,PASS,,,,,,,,,Sep 10 2019 3:11:24.7720 PM,Sep 10 2019 3:11:24.7720 PM,.0001
Auth_Check,Auth_Check,P203,read-84,PASS,,,,,,,,,Sep 10 2019 3:11:24.7740 PM,Sep 10 2019 3:11:24.8020 PM,.0282
Auth_Check,Auth_Check,P203,read-85,PASS,,,,,,,,,Sep 10 2019 3:11:24.8040 PM,Sep 10 2019 3:11:24.8320 PM,.0283
Auth_Check,Auth_Check,[P203] aid tx bd 1c 2 24 71 4 10 23,sendCommandChars,PASS,,,,,,,,,Sep 10 2019 3:11:24.8340 PM,Sep 10 2019 3:11:24.8700 PM,.0361
Auth_Check,Auth_Check,P203,read-86,PASS,,,,,,,,,Sep 10 2019 3:11:24.8720 PM,Sep 10 2019 3:11:24.8720 PM,.0001
Auth_Check,Auth_Check,P203,read-87,PASS,,,,,,,,,Sep 10 2019 3:11:24.8740 PM,Sep 10 2019 3:11:24.9020 PM,.0286
Auth_Check,Auth_Check,P203,read-88,PASS,,,,,,,,,Sep 10 2019 3:11:24.9040 PM,Sep 10 2019 3:11:24.9320 PM,.0283
Auth_Check,Auth_Check,[P203] aid tx bd 1d 2 24 71 4 10 19,sendCommandChars,PASS,,,,,,,,,Sep 10 2019 3:11:24.9340 PM,Sep 10 2019 3:11:24.9690 PM,.0353
Auth_Check,Auth_Check,3. Fetch cert,,PASS,,,,,,,,,Sep 10 2019 3:11:24.9710 PM,Sep 10 2019 3:11:24.9710 PM,0
Auth_Check,Auth_Check,IOFileHandle,writeCertFile,PASS,,,,,,,,,Sep 10 2019 3:11:24.9740 PM,Sep 10 2019 3:11:24.9800 PM,.0059
Auth_Check,Auth_Check,4. Save cert,,PASS,,,,,,,,,Sep 10 2019 3:11:24.9810 PM,Sep 10 2019 3:11:24.9810 PM,0
Auth_Check,Auth_Check,[Hid] /usr/local/bin/mfi-cert validate-cert v3 /Users/gdlocal/Intelli_Log/cert.der,,PASS,,,,,,,,,Sep 10 2019 3:11:25.0240 PM,Sep 10 2019 3:11:25.0240 PM,0
Auth_Check,Auth_Check,IOFileHandle,writeToFile,PASS,,,,,,,,,Sep 10 2019 3:11:25.0260 PM,Sep 10 2019 3:11:25.0260 PM,.0001
Auth_Check,Auth_Check,5. Validate cert,,PASS,,,,,,,,,Sep 10 2019 3:11:25.0270 PM,Sep 10 2019 3:11:25.0270 PM,0
Auth_Check,Auth_Check,[Hid] /usr/local/bin/mfi-cert gen-challenge /Users/gdlocal/Intelli_Log/cert.der /Users/gdlocal/Intelli_Log/challenge.bin,,PASS,,,,,,,,,Sep 10 2019 3:11:25.0640 PM,Sep 10 2019 3:11:25.0640 PM,0
Auth_Check,Auth_Check,IOFileHandle,writeToFile-2,PASS,,,,,,,,,Sep 10 2019 3:11:25.0650 PM,Sep 10 2019 3:11:25.0650 PM,.0001
Auth_Check,Auth_Check,6. Generate challenge,,PASS,,,,,,,,,Sep 10 2019 3:11:25.0660 PM,Sep 10 2019 3:11:25.0660 PM,0
Auth_Check,Auth_Check,P203,read-89,PASS,,,,,,,,,Sep 10 2019 3:11:25.0750 PM,Sep 10 2019 3:11:25.0750 PM,.0002
Auth_Check,Auth_Check,P203,read-90,PASS,,,,,,,,,Sep 10 2019 3:11:25.0760 PM,Sep 10 2019 3:11:25.1030 PM,.0265
Auth_Check,Auth_Check,[P203] aid tx bd 1e 5 24 71 4 10 0 20 00 20,sendCommandChars,PASS,,,,,,,,,Sep 10 2019 3:11:25.1040 PM,Sep 10 2019 3:11:25.1440 PM,.0397
Auth_Check,Auth_Check,P203,read-91,PASS,,,,,,,,,Sep 10 2019 3:11:25.1480 PM,Sep 10 2019 3:11:25.1480 PM,.0001
Auth_Check,Auth_Check,P203,read-92,PASS,,,,,,,,,Sep 10 2019 3:11:25.1490 PM,Sep 10 2019 3:11:25.1730 PM,.0237
Auth_Check,Auth_Check,[P203] aid tx bd 1f 23 24 71 4 10 0 21 ff 75 6a bf 3a 3c 31 cf dc 3c b4 31 f1 bf 28 13 c5 74 96 f2 15 49 dd 6e be 20 0c 4d f0 d5 88 23,sendCommandChars,PASS,,,,,,,,,Sep 10 2019 3:11:25.1750 PM,Sep 10 2019 3:11:25.2450 PM,.0705
Auth_Check,Auth_Check,P203,read-93,PASS,,,,,,,,,Sep 10 2019 3:11:25.2480 PM,Sep 10 2019 3:11:25.2480 PM,.0001
Auth_Check,Auth_Check,P203,read-94,PASS,,,,,,,,,Sep 10 2019 3:11:25.2490 PM,Sep 10 2019 3:11:25.2740 PM,.0244
Auth_Check,Auth_Check,[P203] aid tx bd 20 4 24 71 4 10 0 10 01,sendCommandChars,PASS,,,,,,,,,Sep 10 2019 3:11:25.2750 PM,Sep 10 2019 3:11:25.3130 PM,.0377
Auth_Check,Auth_Check,P203,read-95,PASS,,,,,,,,,Sep 10 2019 3:11:25.8880 PM,Sep 10 2019 3:11:25.8880 PM,.0002
Auth_Check,Auth_Check,P203,read-96,PASS,,,,,,,,,Sep 10 2019 3:11:25.8890 PM,Sep 10 2019 3:11:25.9100 PM,.0206
Auth_Check,Auth_Check,[P203] aid tx bd 21 3 24 71 4 10 0 10,sendCommandChars,PASS,,,,,,,,,Sep 10 2019 3:11:25.9120 PM,Sep 10 2019 3:11:25.9800 PM,.0679
Auth_Check,Auth_Check,P203,read-97,PASS,,,,,,,,,Sep 10 2019 3:11:25.9820 PM,Sep 10 2019 3:11:25.9830 PM,.0001
Auth_Check,Auth_Check,P203,read-98,PASS,,,,,,,,,Sep 10 2019 3:11:25.9840 PM,Sep 10 2019 3:11:26.0070 PM,.0234
Auth_Check,Auth_Check,P203,read-99,PASS,,,,,,,,,Sep 10 2019 3:11:26.0090 PM,Sep 10 2019 3:11:26.0370 PM,.0281
Auth_Check,Auth_Check,[P203] aid tx bd 22 2 24 71 4 10 1,sendCommandChars,PASS,,,,,,,,,Sep 10 2019 3:11:26.0390 PM,Sep 10 2019 3:11:26.0590 PM,.02
Auth_Check,Auth_Check,7. Send challenge,,PASS,,,,,,,,,Sep 10 2019 3:11:26.0610 PM,Sep 10 2019 3:11:26.0610 PM,0
Auth_Check,Auth_Check,P203,read-100,PASS,,,,,,,,,Sep 10 2019 3:11:26.0620 PM,Sep 10 2019 3:11:26.0740 PM,.0123
Auth_Check,Auth_Check,P203,read-101,PASS,,,,,,,,,Sep 10 2019 3:11:26.0760 PM,Sep 10 2019 3:11:26.0980 PM,.0218
Auth_Check,Auth_Check,[P203] aid tx bd 23 3 24 71 4 10 0 11,sendCommandChars,PASS,,,,,,,,,Sep 10 2019 3:11:26.0990 PM,Sep 10 2019 3:11:26.1200 PM,.0207
Auth_Check,Auth_Check,P203,read-102,PASS,,,,,,,,,Sep 10 2019 3:11:26.1220 PM,Sep 10 2019 3:11:26.1350 PM,.0128
Auth_Check,Auth_Check,P203,read-103,PASS,,,,,,,,,Sep 10 2019 3:11:26.1370 PM,Sep 10 2019 3:11:26.1580 PM,.0214
Auth_Check,Auth_Check,P203,read-104,PASS,,,,,,,,,Sep 10 2019 3:11:26.1600 PM,Sep 10 2019 3:11:26.1880 PM,.0282
Auth_Check,Auth_Check,[P203] aid tx bd 24 2 24 71 4 10 2,sendCommandChars,PASS,,,,,,,,,Sep 10 2019 3:11:26.1900 PM,Sep 10 2019 3:11:26.2240 PM,.0344
Auth_Check,Auth_Check,P203,read-105,PASS,,,,,,,,,Sep 10 2019 3:11:26.2270 PM,Sep 10 2019 3:11:26.2270 PM,.0001
Auth_Check,Auth_Check,P203,read-106,PASS,,,,,,,,,Sep 10 2019 3:11:26.2290 PM,Sep 10 2019 3:11:26.2580 PM,.0299
Auth_Check,Auth_Check,[P203] aid tx bd 25 3 24 71 4 10 0 12,sendCommandChars,PASS,,,,,,,,,Sep 10 2019 3:11:26.2600 PM,Sep 10 2019 3:11:26.2950 PM,.0356
Auth_Check,Auth_Check,P203,read-107,PASS,,,,,,,,,Sep 10 2019 3:11:26.2980 PM,Sep 10 2019 3:11:26.2980 PM,.0001
Auth_Check,Auth_Check,P203,read-108,PASS,,,,,,,,,Sep 10 2019 3:11:26.2990 PM,Sep 10 2019 3:11:26.3290 PM,.0294
Auth_Check,Auth_Check,P203,read-109,PASS,,,,,,,,,Sep 10 2019 3:11:26.3310 PM,Sep 10 2019 3:11:26.3590 PM,.028
Auth_Check,Auth_Check,[P203] aid tx bd 26 2 24 71 4 10 23,sendCommandChars,PASS,,,,,,,,,Sep 10 2019 3:11:26.3600 PM,Sep 10 2019 3:11:26.3950 PM,.0347
Auth_Check,Auth_Check,P203,read-110,PASS,,,,,,,,,Sep 10 2019 3:11:26.3980 PM,Sep 10 2019 3:11:26.3980 PM,.0001
Auth_Check,Auth_Check,P203,read-111,PASS,,,,,,,,,Sep 10 2019 3:11:26.3990 PM,Sep 10 2019 3:11:26.4290 PM,.03
Auth_Check,Auth_Check,P203,read-112,PASS,,,,,,,,,Sep 10 2019 3:11:26.4310 PM,Sep 10 2019 3:11:26.4590 PM,.0282
Auth_Check,Auth_Check,[P203] aid tx bd 27 2 24 71 4 10 1d,sendCommandChars,PASS,,,,,,,,,Sep 10 2019 3:11:26.4610 PM,Sep 10 2019 3:11:26.4950 PM,.0344
Auth_Check,Auth_Check,IOFileHandle,writeCertFile-2,PASS,,,,,,,,,Sep 10 2019 3:11:26.4980 PM,Sep 10 2019 3:11:26.4990 PM,.0009
Auth_Check,Auth_Check,8. Get challenge response,,PASS,,,,,,,,,Sep 10 2019 3:11:26.4990 PM,Sep 10 2019 3:11:26.4990 PM,0
Auth_Check,Auth_Check,[Hid] /usr/local/bin/mfi-cert verify-response /Users/gdlocal/Intelli_Log/cert.der /Users/gdlocal/Intelli_Log/challenge.bin /Users/gdlocal/Intelli_Log/challenge_resp.bin,,PASS,,,,,,,,,Sep 10 2019 3:11:26.5650 PM,Sep 10 2019 3:11:26.5650 PM,0
Auth_Check,Auth_Check,IOFileHandle,writeToFile-3,PASS,,,,,,,,,Sep 10 2019 3:11:26.5660 PM,Sep 10 2019 3:11:26.5660 PM,.0001
Auth_Check,Auth_Check,9. Verify challenge response,,PASS,,,,,,,,,Sep 10 2019 3:11:26.5670 PM,Sep 10 2019 3:11:26.5670 PM,0
Query_MLB_SN,,,,,,,,,,,,,Sep 10 2019 3:11:26.5790 PM,Sep 10 2019 3:11:26.5790 PM,.0006
Query_MLB_SN,Query_MLB_SN,Query MLB SN,DLX9354003LN6R520,PASS,,,,,,,,,Sep 10 2019 3:11:26.5790 PM,Sep 10 2019 3:11:26.5790 PM,0
Read_MLB_SN,,,,,,,,,,,,,Sep 10 2019 3:11:26.5810 PM,Sep 10 2019 3:11:27.6260 PM,1.0446
Read_MLB_SN,Read_MLB_SN,[Hid] /usr/local/bin/hidreport -v 0x05ac -p 0x026E -i 0 get 0x12,,PASS,,,,,,,,,Sep 10 2019 3:11:27.2570 PM,Sep 10 2019 3:11:27.2570 PM,0
Read_MLB_SN,Read_MLB_SN,IOFileHandle,writeToFile,PASS,,,,,,,,,Sep 10 2019 3:11:27.2580 PM,Sep 10 2019 3:11:27.2590 PM,.0001
Read_MLB_SN,Read_MLB_SN,Read_MLB_SN,DLX9354003LN6R520,PASS,,,,,,,,,Sep 10 2019 3:11:27.6260 PM,Sep 10 2019 3:11:27.6260 PM,0
Check_MLB_SN,,,,,,,,,,,,,Sep 10 2019 3:11:27.6280 PM,Sep 10 2019 3:11:27.6300 PM,.002
Check_MLB_SN,Check_MLB_SN,Check_MLB_SN,,PASS,,,,,,,,,Sep 10 2019 3:11:27.6290 PM,Sep 10 2019 3:11:27.6290 PM,0
Check_MLB_SN,Check_MLB_SN,StationReportPlugin,appendReportData,PASS,,,,,,,,,Sep 10 2019 3:11:27.6300 PM,Sep 10 2019 3:11:27.6300 PM,0
Read_STFW_Version_Before_DL,,,,,,,,,,,,,Sep 10 2019 3:11:27.6320 PM,Sep 10 2019 3:11:28.1080 PM,.4761
Read_STFW_Version_Before_DL,Read_STFW_Version_Before_DL,[Hid] /usr/local/bin/hidreport -p 0x026E -i 0 get 0xB4,,PASS,,,,,,,,,Sep 10 2019 3:11:27.7320 PM,Sep 10 2019 3:11:27.7320 PM,0
Read_STFW_Version_Before_DL,Read_STFW_Version_Before_DL,IOFileHandle,writeToFile,PASS,,,,,,,,,Sep 10 2019 3:11:27.7340 PM,Sep 10 2019 3:11:27.7340 PM,.0001
Read_STFW_Version_Before_DL,Read_STFW_Version_Before_DL,Read_STFW_Version_Before_DL,0x0160,PASS,,,,,,,,,Sep 10 2019 3:11:28.1080 PM,Sep 10 2019 3:11:28.1080 PM,0
Read_STFW_Version_Before_DL,Read_STFW_Version_Before_DL,,,PASS,,352,NA,,,,,NA,Sep 10 2019 3:11:28.1080 PM,Sep 10 2019 3:11:28.1080 PM,0
Read_MTFW_Version_Before_DL,,,,,,,,,,,,,Sep 10 2019 3:11:28.1110 PM,Sep 10 2019 3:11:28.5870 PM,.4767
Read_MTFW_Version_Before_DL,Read_MTFW_Version_Before_DL,[Hid] /usr/local/bin/hidreport -p 0x026E -i 0 get 0xbb,,PASS,,,,,,,,,Sep 10 2019 3:11:28.2100 PM,Sep 10 2019 3:11:28.2100 PM,0
Read_MTFW_Version_Before_DL,Read_MTFW_Version_Before_DL,IOFileHandle,writeToFile,PASS,,,,,,,,,Sep 10 2019 3:11:28.2110 PM,Sep 10 2019 3:11:28.2120 PM,.0001
Read_MTFW_Version_Before_DL,Read_MTFW_Version_Before_DL,Read_MTFW_Version_Before_DL,0x0505,PASS,,,,,,,,,Sep 10 2019 3:11:28.5870 PM,Sep 10 2019 3:11:28.5870 PM,0
Read_MTFW_Version_Before_DL,Read_MTFW_Version_Before_DL,,,PASS,,1285,NA,,,,,NA,Sep 10 2019 3:11:28.5870 PM,Sep 10 2019 3:11:28.5870 PM,0
Read_CCG3_FW_Version_Before_DL,,,,,,,,,,,,,Sep 10 2019 3:11:28.5900 PM,Sep 10 2019 3:11:29.5730 PM,.983
Read_CCG3_FW_Version_Before_DL,Read_CCG3_FW_Version_Before_DL,"[Hid] /usr/local/bin/hidreport -v 0x05ac -p 0x026E -usage 0xff00,0xb set 0xCE 0xCE 6 6 0",,PASS,,,,,,,,,Sep 10 2019 3:11:28.6850 PM,Sep 10 2019 3:11:28.6850 PM,0
Read_CCG3_FW_Version_Before_DL,Read_CCG3_FW_Version_Before_DL,IOFileHandle,writeToFile,PASS,,,,,,,,,Sep 10 2019 3:11:28.6860 PM,Sep 10 2019 3:11:28.6860 PM,.0001
Read_CCG3_FW_Version_Before_DL,Read_CCG3_FW_Version_Before_DL,"[Hid] /usr/local/bin/hidreport -p 0x026E -usage 0xff00,0xb get 0xA0",,PASS,,,,,,,,,Sep 10 2019 3:11:29.1940 PM,Sep 10 2019 3:11:29.1940 PM,0
Read_CCG3_FW_Version_Before_DL,Read_CCG3_FW_Version_Before_DL,IOFileHandle,writeToFile-2,PASS,,,,,,,,,Sep 10 2019 3:11:29.1960 PM,Sep 10 2019 3:11:29.1960 PM,.0001
Read_CCG3_FW_Version_Before_DL,Read_CCG3_FW_Version_Before_DL,Read_CCG3_FW_Version_Before_DL,A0 02 00 0A 00 0A 00 0A,PASS,,,,,,,,,Sep 10 2019 3:11:29.5730 PM,Sep 10 2019 3:11:29.5730 PM,0
Program_Main_FW,,,,,,,,,,,,,Sep 10 2019 3:11:29.5760 PM,Sep 10 2019 3:12:11.7570 PM,42.1805
Program_Main_FW,Program_Main_FW,[Hid] /usr/local/bin/hidreport -p 0x026E -i 0 get 0xBC,,PASS,,,,,,,,,Sep 10 2019 3:11:29.7010 PM,Sep 10 2019 3:11:29.7010 PM,0
Program_Main_FW,Program_Main_FW,IOFileHandle,writeToFile,PASS,,,,,,,,,Sep 10 2019 3:11:29.7030 PM,Sep 10 2019 3:11:29.7030 PM,.0001
Program_Main_FW,Program_Main_FW,[P203] ,sendCommand,PASS,,,,,,,,,Sep 10 2019 3:11:30.0750 PM,Sep 10 2019 3:11:30.0760 PM,.0008
Program_Main_FW,Program_Main_FW,[P203] flags ~ro,sendCommandChars,PASS,,,,,,,,,Sep 10 2019 3:11:30.0770 PM,Sep 10 2019 3:11:30.0890 PM,.0125
Program_Main_FW,Program_Main_FW,P203,read,PASS,,,,,,,,,Sep 10 2019 3:11:30.0910 PM,Sep 10 2019 3:11:30.0910 PM,.0001
Program_Main_FW,Program_Main_FW,P203,read-2,PASS,,,,,,,,,Sep 10 2019 3:11:30.0920 PM,Sep 10 2019 3:11:30.0920 PM,.0001
Program_Main_FW,Program_Main_FW,P203,read-3,PASS,,,,,,,,,Sep 10 2019 3:11:30.0940 PM,Sep 10 2019 3:11:30.0940 PM,.0001
Program_Main_FW,Program_Main_FW,P203,read-4,PASS,,,,,,,,,Sep 10 2019 3:11:30.0950 PM,Sep 10 2019 3:11:30.1240 PM,.0288
Program_Main_FW,Program_Main_FW,[P203] aid hsena 1,sendCommandChars,PASS,,,,,,,,,Sep 10 2019 3:11:30.1250 PM,Sep 10 2019 3:11:30.1690 PM,.0441
Program_Main_FW,Program_Main_FW,P203,read-5,PASS,,,,,,,,,Sep 10 2019 3:11:30.1710 PM,Sep 10 2019 3:11:30.1710 PM,.0001
Program_Main_FW,Program_Main_FW,P203,read-6,PASS,,,,,,,,,Sep 10 2019 3:11:30.1720 PM,Sep 10 2019 3:11:30.1940 PM,.0223
Program_Main_FW,Program_Main_FW,HSAID enabled,,PASS,,,,,,,,,Sep 10 2019 3:11:30.1950 PM,Sep 10 2019 3:11:30.1950 PM,0
Program_Main_FW,Program_Main_FW,[Hid] /usr/local/bin/shfuc -n -v 0x05ac -p 0x026E -f /usr/local/bin/R128-v0x0160-dev-signed.118.P2.afu,,PASS,,,,,,,,,Sep 10 2019 3:12:02.1170 PM,Sep 10 2019 3:12:02.1170 PM,0
Program_Main_FW,Program_Main_FW,IOFileHandle,writeToFile-2,PASS,,,,,,,,,Sep 10 2019 3:12:02.1190 PM,Sep 10 2019 3:12:02.1190 PM,.0002
Program_Main_FW,Program_Main_FW,Program_Main_FW,,PASS,,,,,,,,,Sep 10 2019 3:12:02.4940 PM,Sep 10 2019 3:12:02.4940 PM,0
Program_Main_FW,Program_Main_FW,StationReportPlugin,appendReportData,PASS,,,,,,,,,Sep 10 2019 3:12:02.4950 PM,Sep 10 2019 3:12:02.4950 PM,0
Program_Main_FW,Program_Main_FW,[Fixture] power off,sendCommand,PASS,,,,,,,,,Sep 10 2019 3:12:05.5680 PM,Sep 10 2019 3:12:05.5800 PM,.0125
Program_Main_FW,Program_Main_FW,[Fixture] power on,sendCommand,PASS,,,,,,,,,Sep 10 2019 3:12:06.6530 PM,Sep 10 2019 3:12:06.6660 PM,.0132
Program_Main_FW,Program_Main_FW,[P203] ,sendCommand-2,PASS,,,,,,,,,Sep 10 2019 3:12:11.7390 PM,Sep 10 2019 3:12:11.7560 PM,.0167
Program_MTFW,,,,,,,,,,,,,Sep 10 2019 3:12:11.7600 PM,Sep 10 2019 3:12:37.3340 PM,25.5739
Program_MTFW,Program_MTFW,[Hid] /usr/local/bin/hidreport -p 0x026E -i 0 get 0xBC,,PASS,,,,,,,,,Sep 10 2019 3:12:11.8740 PM,Sep 10 2019 3:12:11.8740 PM,0
Program_MTFW,Program_MTFW,IOFileHandle,writeToFile,PASS,,,,,,,,,Sep 10 2019 3:12:11.8750 PM,Sep 10 2019 3:12:11.8750 PM,.0001
Program_MTFW,Program_MTFW,[P203] ,sendCommand,PASS,,,,,,,,,Sep 10 2019 3:12:12.2530 PM,Sep 10 2019 3:12:12.2540 PM,.0008
Program_MTFW,Program_MTFW,[P203] flags ~ro,sendCommandChars,PASS,,,,,,,,,Sep 10 2019 3:12:12.2550 PM,Sep 10 2019 3:12:12.2670 PM,.0116
Program_MTFW,Program_MTFW,P203,read,PASS,,,,,,,,,Sep 10 2019 3:12:12.2680 PM,Sep 10 2019 3:12:12.2690 PM,.0001
Program_MTFW,Program_MTFW,P203,read-2,PASS,,,,,,,,,Sep 10 2019 3:12:12.2700 PM,Sep 10 2019 3:12:12.2700 PM,.0001
Program_MTFW,Program_MTFW,P203,read-3,PASS,,,,,,,,,Sep 10 2019 3:12:12.2710 PM,Sep 10 2019 3:12:12.2710 PM,.0002
Program_MTFW,Program_MTFW,P203,read-4,PASS,,,,,,,,,Sep 10 2019 3:12:12.2730 PM,Sep 10 2019 3:12:12.3010 PM,.0283
Program_MTFW,Program_MTFW,[P203] aid hsena 1,sendCommandChars,PASS,,,,,,,,,Sep 10 2019 3:12:12.3030 PM,Sep 10 2019 3:12:12.3310 PM,.0283
Program_MTFW,Program_MTFW,P203,read-5,PASS,,,,,,,,,Sep 10 2019 3:12:12.3320 PM,Sep 10 2019 3:12:12.3330 PM,.0001
Program_MTFW,Program_MTFW,P203,read-6,PASS,,,,,,,,,Sep 10 2019 3:12:12.3340 PM,Sep 10 2019 3:12:12.3610 PM,.0277
Program_MTFW,Program_MTFW,HSAID enabled,,PASS,,,,,,,,,Sep 10 2019 3:12:12.3620 PM,Sep 10 2019 3:12:12.3620 PM,0
Program_MTFW,Program_MTFW,[Hid] /usr/local/bin/shfuc -n -v 0x05ac -p 0x026E -f /usr/local/bin/R118-MTFW-0x0505.HW3.dev-sig.afu,,PASS,,,,,,,,,Sep 10 2019 3:12:20.6980 PM,Sep 10 2019 3:12:20.6980 PM,0
Program_MTFW,Program_MTFW,IOFileHandle,writeToFile-2,PASS,,,,,,,,,Sep 10 2019 3:12:20.7000 PM,Sep 10 2019 3:12:20.7000 PM,.0001
Program_MTFW,Program_MTFW,Program_MTFW,,PASS,,,,,,,,,Sep 10 2019 3:12:21.0690 PM,Sep 10 2019 3:12:21.0690 PM,0
Program_MTFW,Program_MTFW,StationReportPlugin,appendReportData,PASS,,,,,,,,,Sep 10 2019 3:12:21.0700 PM,Sep 10 2019 3:12:21.0700 PM,0
Program_MTFW,Program_MTFW,[Fixture] power off,sendCommand,PASS,,,,,,,,,Sep 10 2019 3:12:31.1460 PM,Sep 10 2019 3:12:31.1540 PM,.0079
Program_MTFW,Program_MTFW,[Fixture] power on,sendCommand,PASS,,,,,,,,,Sep 10 2019 3:12:32.2250 PM,Sep 10 2019 3:12:32.2400 PM,.0149
Program_MTFW,Program_MTFW,[P203] ,sendCommand-2,PASS,,,,,,,,,Sep 10 2019 3:12:37.3140 PM,Sep 10 2019 3:12:37.3330 PM,.0184
Read_Main_FW_Version_After_DL,,,,,,,,,,,,,Sep 10 2019 3:12:37.3370 PM,Sep 10 2019 3:12:37.7560 PM,.4188
Read_Main_FW_Version_After_DL,Read_Main_FW_Version_After_DL,[Hid] /usr/local/bin/hidreport -p 0x026E -i 0 get 0xB4,,PASS,,,,,,,,,Sep 10 2019 3:12:37.3860 PM,Sep 10 2019 3:12:37.3860 PM,0
Read_Main_FW_Version_After_DL,Read_Main_FW_Version_After_DL,IOFileHandle,writeToFile,PASS,,,,,,,,,Sep 10 2019 3:12:37.3870 PM,Sep 10 2019 3:12:37.3870 PM,.0001
Read_Main_FW_Version_After_DL,Read_Main_FW_Version_After_DL,Read_Main_FW_Version_After_DL,0x0160,PASS,,,,,,,,,Sep 10 2019 3:12:37.7550 PM,Sep 10 2019 3:12:37.7550 PM,0
Read_Main_FW_Version_After_DL,Read_Main_FW_Version_After_DL,,,PASS,,352,NA,352,352,,,NA,Sep 10 2019 3:12:37.7560 PM,Sep 10 2019 3:12:37.7560 PM,0
Read_MTFW_After_DL,,,,,,,,,,,,,Sep 10 2019 3:12:37.7590 PM,Sep 10 2019 3:12:38.1780 PM,.4193
Read_MTFW_After_DL,Read_MTFW_After_DL,[Hid] /usr/local/bin/hidreport -p 0x026E -i 0 get 0xbb,,PASS,,,,,,,,,Sep 10 2019 3:12:37.8060 PM,Sep 10 2019 3:12:37.8060 PM,0
Read_MTFW_After_DL,Read_MTFW_After_DL,IOFileHandle,writeToFile,PASS,,,,,,,,,Sep 10 2019 3:12:37.8080 PM,Sep 10 2019 3:12:37.8080 PM,.0001
Read_MTFW_After_DL,Read_MTFW_After_DL,Read_MTFW_After_DL,0x0505,PASS,,,,,,,,,Sep 10 2019 3:12:38.1770 PM,Sep 10 2019 3:12:38.1770 PM,0
Read_MTFW_After_DL,Read_MTFW_After_DL,,,PASS,,1285,NA,1285,1285,,,NA,Sep 10 2019 3:12:38.1780 PM,Sep 10 2019 3:12:38.1780 PM,0
Read_CCG3_FW_After_DL,,,,,,,,,,,,,Sep 10 2019 3:12:38.1800 PM,Sep 10 2019 3:12:39.1020 PM,.9221
Read_CCG3_FW_After_DL,Read_CCG3_FW_After_DL,"[Hid] /usr/local/bin/hidreport -v 0x05ac -p 0x026E -usage 0xff00,0xb set 0xCE 0xCE 6 6 0",,PASS,,,,,,,,,Sep 10 2019 3:12:38.2220 PM,Sep 10 2019 3:12:38.2220 PM,0
Read_CCG3_FW_After_DL,Read_CCG3_FW_After_DL,IOFileHandle,writeToFile,PASS,,,,,,,,,Sep 10 2019 3:12:38.2230 PM,Sep 10 2019 3:12:38.2240 PM,.0001
Read_CCG3_FW_After_DL,Read_CCG3_FW_After_DL,"[Hid] /usr/local/bin/hidreport -p 0x026E -usage 0xff00,0xb get 0xA0",,PASS,,,,,,,,,Sep 10 2019 3:12:38.7260 PM,Sep 10 2019 3:12:38.7260 PM,0
Read_CCG3_FW_After_DL,Read_CCG3_FW_After_DL,IOFileHandle,writeToFile-2,PASS,,,,,,,,,Sep 10 2019 3:12:38.7280 PM,Sep 10 2019 3:12:38.7280 PM,.0001
Read_CCG3_FW_After_DL,Read_CCG3_FW_After_DL,Read_CCG3_FW_After_DL,A0 02 00 0A 00 0A 00 0A,PASS,,,,,,,,,Sep 10 2019 3:12:39.1020 PM,Sep 10 2019 3:12:39.1020 PM,0
Finish_DRCB,,,,,,,,,,,,,Sep 10 2019 3:12:39.1050 PM,Sep 10 2019 3:12:39.6330 PM,.5274
Finish_DRCB,Finish_DRCB,DRCB,Finish,PASS,,,,,,,,,Sep 10 2019 3:12:39.1070 PM,Sep 10 2019 3:12:39.6320 PM,.5251
Fixture_reset,,,,,,,,,,,,,Sep 10 2019 3:12:39.6350 PM,Sep 10 2019 3:12:39.9830 PM,.3483
Fixture_reset,Fixture_reset,[Fixture] Retract pogo,sendCommand,PASS,,,,,,,,,Sep 10 2019 3:12:39.6360 PM,Sep 10 2019 3:12:39.9710 PM,.3349
Fixture_reset,Fixture_reset,Fixture,close,PASS,,,,,,,,,Sep 10 2019 3:12:39.9720 PM,Sep 10 2019 3:12:39.9770 PM,.0044
Fixture_reset,Fixture_reset,P203,close,PASS,,,,,,,,,Sep 10 2019 3:12:39.9780 PM,Sep 10 2019 3:12:39.9830 PM,.0044
