Test,Plugin,Command,Status,Info,Start Time,End Time,Duration (s)
Scan_SN,com.apple.hwte.atlas.AppPlugin,show-form,PASS,,Sep 10 2019 3:10:53.7330 PM,Sep 10 2019 3:10:59.7060 PM,5.9732
Fixture_init,Fixture,changeDelimiter,PASS,,Sep 10 2019 3:10:59.7130 PM,Sep 10 2019 3:10:59.7130 PM,.0001
Fixture_init,Fixture,changeLineTerminator,PASS,,Sep 10 2019 3:10:59.7150 PM,Sep 10 2019 3:10:59.7150 PM,0
Fixture_init,Fixture,open,PASS,,Sep 10 2019 3:10:59.7170 PM,Sep 10 2019 3:11:01.3070 PM,1.5905
Fixture_init,Fixture,read,PASS,,Sep 10 2019 3:11:01.3090 PM,Sep 10 2019 3:11:01.3370 PM,.0283
Fixture_init,P203,changeDelimiter,PASS,,Sep 10 2019 3:11:01.3390 PM,Sep 10 2019 3:11:01.3390 PM,.0001
Fixture_init,P203,changeLineTerminator,PASS,,Sep 10 2019 3:11:01.3410 PM,Sep 10 2019 3:11:01.3410 PM,0
Fixture_init,P203,open,PASS,,Sep 10 2019 3:11:01.3420 PM,Sep 10 2019 3:11:02.9360 PM,1.5932
Fixture_init,P203,read,PASS,,Sep 10 2019 3:11:02.9370 PM,Sep 10 2019 3:11:02.9660 PM,.0292
Fixture_init,Fixture,sendCommand,PASS,,Sep 10 2019 3:11:02.9680 PM,Sep 10 2019 3:11:02.9770 PM,.0087
Fixture_init,Fixture,sendCommand,PASS,,Sep 10 2019 3:11:02.9780 PM,Sep 10 2019 3:11:02.9960 PM,.0171
Fixture_init,P203,sendCommand,PASS,,Sep 10 2019 3:11:04.0630 PM,Sep 10 2019 3:11:04.0720 PM,.0083
Fixture_init,Fixture,sendCommand,PASS,,Sep 10 2019 3:11:04.0730 PM,Sep 10 2019 3:11:04.4780 PM,.405
Fixture_init,Fixture,sendCommand,PASS,,Sep 10 2019 3:11:08.3710 PM,Sep 10 2019 3:11:08.3750 PM,.0042
Fixture_init,Fixture,sendCommand,PASS,,Sep 10 2019 3:11:09.4470 PM,Sep 10 2019 3:11:09.4610 PM,.0143
Fixture_init,P203,sendCommand,PASS,,Sep 10 2019 3:11:14.5340 PM,Sep 10 2019 3:11:14.5360 PM,.0014
Fixture_init,StationReportPlugin,isReporting,PASS,,Sep 10 2019 3:11:14.5910 PM,Sep 10 2019 3:11:14.5910 PM,0
Start_Data_Reporting,DRCB,startDataReporting,PASS,,Sep 10 2019 3:11:14.5990 PM,Sep 10 2019 3:11:14.6070 PM,.0088
Start_Control_Bit,DRCB,startControlBits,PASS,,Sep 10 2019 3:11:14.6120 PM,Sep 10 2019 3:11:14.9340 PM,.3224
Get_SFC_Info,SFCSupport,getAttribute,PASS,,Sep 10 2019 3:11:14.9400 PM,Sep 10 2019 3:11:14.9740 PM,.0335
Get_SFC_Info,SFCSupport,getAttribute,PASS,,Sep 10 2019 3:11:14.9770 PM,Sep 10 2019 3:11:14.9810 PM,.0045
Get_SFC_Info,SFCSupport,getAttribute,PASS,,Sep 10 2019 3:11:14.9830 PM,Sep 10 2019 3:11:14.9870 PM,.0044
Get_SFC_Info,SFCSupport,getAttribute,PASS,,Sep 10 2019 3:11:14.9900 PM,Sep 10 2019 3:11:14.9930 PM,.0037
P203_FW_DEV,P203,read,PASS,,Sep 10 2019 3:11:15.0140 PM,Sep 10 2019 3:11:15.0140 PM,.0004
P203_FW_DEV,P203,read,PASS,,Sep 10 2019 3:11:15.0160 PM,Sep 10 2019 3:11:15.0160 PM,.0002
P203_FW_DEV,P203,read,PASS,,Sep 10 2019 3:11:15.0180 PM,Sep 10 2019 3:11:15.0460 PM,.0282
P203_FW_DEV,P203,sendCommand,PASS,,Sep 10 2019 3:11:15.0480 PM,Sep 10 2019 3:11:15.0610 PM,.013
EP_DISABLE_TP,IOFileHandle,writeToFile,PASS,,Sep 10 2019 3:11:15.1280 PM,Sep 10 2019 3:11:15.1290 PM,.0006
EP_DISABLE_TP,IOFileHandle,writeToFile,PASS,,Sep 10 2019 3:11:15.5520 PM,Sep 10 2019 3:11:15.5520 PM,.0002
EP_DISABLE_TP,Fixture,sendCommand,PASS,,Sep 10 2019 3:11:15.9290 PM,Sep 10 2019 3:11:15.9460 PM,.0178
EP_DISABLE_TP,Fixture,sendCommand,PASS,,Sep 10 2019 3:11:17.0150 PM,Sep 10 2019 3:11:17.0320 PM,.0177
EP_DISABLE_TP,P203,sendCommand,PASS,,Sep 10 2019 3:11:22.1020 PM,Sep 10 2019 3:11:22.1030 PM,.0008
Auth_Check,P203,read,PASS,,Sep 10 2019 3:11:22.1070 PM,Sep 10 2019 3:11:22.1080 PM,.0003
Auth_Check,P203,read,PASS,,Sep 10 2019 3:11:22.1090 PM,Sep 10 2019 3:11:22.1090 PM,.0001
Auth_Check,P203,read,PASS,,Sep 10 2019 3:11:22.1100 PM,Sep 10 2019 3:11:22.1320 PM,.0213
Auth_Check,P203,sendCommandChars,PASS,,Sep 10 2019 3:11:22.1340 PM,Sep 10 2019 3:11:22.2020 PM,.068
Auth_Check,P203,read,PASS,,Sep 10 2019 3:11:22.2040 PM,Sep 10 2019 3:11:22.2040 PM,.0002
Auth_Check,P203,read,PASS,,Sep 10 2019 3:11:22.2050 PM,Sep 10 2019 3:11:22.2260 PM,.0207
Auth_Check,P203,sendCommandChars,PASS,,Sep 10 2019 3:11:22.2280 PM,Sep 10 2019 3:11:22.2640 PM,.0369
Auth_Check,P203,read,PASS,,Sep 10 2019 3:11:22.2670 PM,Sep 10 2019 3:11:22.2670 PM,.0002
Auth_Check,P203,read,PASS,,Sep 10 2019 3:11:22.2680 PM,Sep 10 2019 3:11:22.2920 PM,.0237
Auth_Check,P203,sendCommandChars,PASS,,Sep 10 2019 3:11:22.2930 PM,Sep 10 2019 3:11:22.3300 PM,.0368
Auth_Check,P203,read,PASS,,Sep 10 2019 3:11:22.3330 PM,Sep 10 2019 3:11:22.3330 PM,.0002
Auth_Check,P203,read,PASS,,Sep 10 2019 3:11:22.3340 PM,Sep 10 2019 3:11:22.3620 PM,.028
Auth_Check,P203,sendCommandChars,PASS,,Sep 10 2019 3:11:22.3630 PM,Sep 10 2019 3:11:22.3970 PM,.0338
Auth_Check,P203,read,PASS,,Sep 10 2019 3:11:22.4000 PM,Sep 10 2019 3:11:22.4000 PM,.0002
Auth_Check,P203,read,PASS,,Sep 10 2019 3:11:22.4010 PM,Sep 10 2019 3:11:22.4220 PM,.0207
Auth_Check,P203,sendCommandChars,PASS,,Sep 10 2019 3:11:22.4230 PM,Sep 10 2019 3:11:22.4440 PM,.0207
Auth_Check,P203,read,PASS,,Sep 10 2019 3:11:22.4470 PM,Sep 10 2019 3:11:22.4600 PM,.0132
Auth_Check,P203,read,PASS,,Sep 10 2019 3:11:22.4610 PM,Sep 10 2019 3:11:22.4830 PM,.0213
Auth_Check,P203,sendCommandChars,PASS,,Sep 10 2019 3:11:22.4840 PM,Sep 10 2019 3:11:22.5180 PM,.0341
Auth_Check,P203,read,PASS,,Sep 10 2019 3:11:22.5210 PM,Sep 10 2019 3:11:22.5210 PM,.0002
Auth_Check,P203,read,PASS,,Sep 10 2019 3:11:22.5220 PM,Sep 10 2019 3:11:22.5430 PM,.021
Auth_Check,P203,read,PASS,,Sep 10 2019 3:11:22.5450 PM,Sep 10 2019 3:11:22.5740 PM,.0286
Auth_Check,P203,sendCommandChars,PASS,,Sep 10 2019 3:11:22.5760 PM,Sep 10 2019 3:11:22.5960 PM,.0204
Auth_Check,P203,read,PASS,,Sep 10 2019 3:11:22.6000 PM,Sep 10 2019 3:11:22.6120 PM,.0119
Auth_Check,P203,read,PASS,,Sep 10 2019 3:11:22.6130 PM,Sep 10 2019 3:11:22.6390 PM,.0256
Auth_Check,P203,sendCommandChars,PASS,,Sep 10 2019 3:11:22.6400 PM,Sep 10 2019 3:11:22.6770 PM,.0365
Auth_Check,P203,read,PASS,,Sep 10 2019 3:11:22.6790 PM,Sep 10 2019 3:11:22.6790 PM,.0002
Auth_Check,P203,read,PASS,,Sep 10 2019 3:11:22.6810 PM,Sep 10 2019 3:11:22.7040 PM,.023
Auth_Check,P203,read,PASS,,Sep 10 2019 3:11:22.7060 PM,Sep 10 2019 3:11:22.7340 PM,.0283
Auth_Check,P203,sendCommandChars,PASS,,Sep 10 2019 3:11:22.7350 PM,Sep 10 2019 3:11:22.7550 PM,.0194
Auth_Check,P203,read,PASS,,Sep 10 2019 3:11:22.7580 PM,Sep 10 2019 3:11:22.7700 PM,.012
Auth_Check,P203,read,PASS,,Sep 10 2019 3:11:22.7720 PM,Sep 10 2019 3:11:22.7940 PM,.0225
Auth_Check,P203,sendCommandChars,PASS,,Sep 10 2019 3:11:22.7960 PM,Sep 10 2019 3:11:22.8340 PM,.0371
Auth_Check,P203,read,PASS,,Sep 10 2019 3:11:22.8360 PM,Sep 10 2019 3:11:22.8360 PM,.0002
Auth_Check,P203,read,PASS,,Sep 10 2019 3:11:22.8370 PM,Sep 10 2019 3:11:22.8640 PM,.0272
Auth_Check,P203,read,PASS,,Sep 10 2019 3:11:22.8660 PM,Sep 10 2019 3:11:22.8950 PM,.0283
Auth_Check,P203,sendCommandChars,PASS,,Sep 10 2019 3:11:22.8960 PM,Sep 10 2019 3:11:22.9310 PM,.0352
Auth_Check,P203,read,PASS,,Sep 10 2019 3:11:22.9340 PM,Sep 10 2019 3:11:22.9340 PM,.0002
Auth_Check,P203,read,PASS,,Sep 10 2019 3:11:22.9350 PM,Sep 10 2019 3:11:22.9650 PM,.0296
Auth_Check,P203,read,PASS,,Sep 10 2019 3:11:22.9670 PM,Sep 10 2019 3:11:22.9950 PM,.0282
Auth_Check,P203,sendCommandChars,PASS,,Sep 10 2019 3:11:22.9960 PM,Sep 10 2019 3:11:23.0310 PM,.035
Auth_Check,P203,read,PASS,,Sep 10 2019 3:11:23.0340 PM,Sep 10 2019 3:11:23.0340 PM,.0002
Auth_Check,P203,read,PASS,,Sep 10 2019 3:11:23.0350 PM,Sep 10 2019 3:11:23.0660 PM,.0302
Auth_Check,P203,read,PASS,,Sep 10 2019 3:11:23.0680 PM,Sep 10 2019 3:11:23.0960 PM,.028
Auth_Check,P203,sendCommandChars,PASS,,Sep 10 2019 3:11:23.0970 PM,Sep 10 2019 3:11:23.1320 PM,.0351
Auth_Check,P203,read,PASS,,Sep 10 2019 3:11:23.1350 PM,Sep 10 2019 3:11:23.1350 PM,.0002
Auth_Check,P203,read,PASS,,Sep 10 2019 3:11:23.1360 PM,Sep 10 2019 3:11:23.1660 PM,.0293
Auth_Check,P203,read,PASS,,Sep 10 2019 3:11:23.1680 PM,Sep 10 2019 3:11:23.1880 PM,.0209
Auth_Check,P203,sendCommandChars,PASS,,Sep 10 2019 3:11:23.1900 PM,Sep 10 2019 3:11:23.2100 PM,.0202
Auth_Check,P203,read,PASS,,Sep 10 2019 3:11:23.2130 PM,Sep 10 2019 3:11:23.2130 PM,.0002
Auth_Check,P203,read,PASS,,Sep 10 2019 3:11:23.2140 PM,Sep 10 2019 3:11:23.2360 PM,.0218
Auth_Check,P203,sendCommandChars,PASS,,Sep 10 2019 3:11:23.2380 PM,Sep 10 2019 3:11:23.2760 PM,.0375
Auth_Check,P203,read,PASS,,Sep 10 2019 3:11:23.2780 PM,Sep 10 2019 3:11:23.2780 PM,.0002
Auth_Check,P203,read,PASS,,Sep 10 2019 3:11:23.2800 PM,Sep 10 2019 3:11:23.3060 PM,.0266
Auth_Check,P203,read,PASS,,Sep 10 2019 3:11:23.3110 PM,Sep 10 2019 3:11:23.3370 PM,.0257
Auth_Check,P203,sendCommandChars,PASS,,Sep 10 2019 3:11:23.3380 PM,Sep 10 2019 3:11:23.3740 PM,.0359
Auth_Check,P203,read,PASS,,Sep 10 2019 3:11:23.3770 PM,Sep 10 2019 3:11:23.3770 PM,.0002
Auth_Check,P203,read,PASS,,Sep 10 2019 3:11:23.3780 PM,Sep 10 2019 3:11:23.4000 PM,.0212
Auth_Check,P203,read,PASS,,Sep 10 2019 3:11:23.4020 PM,Sep 10 2019 3:11:23.4270 PM,.025
Auth_Check,P203,sendCommandChars,PASS,,Sep 10 2019 3:11:23.4280 PM,Sep 10 2019 3:11:23.4650 PM,.0366
Auth_Check,P203,read,PASS,,Sep 10 2019 3:11:23.4680 PM,Sep 10 2019 3:11:23.4680 PM,.0002
Auth_Check,P203,read,PASS,,Sep 10 2019 3:11:23.4700 PM,Sep 10 2019 3:11:23.4970 PM,.0275
Auth_Check,P203,read,PASS,,Sep 10 2019 3:11:23.5000 PM,Sep 10 2019 3:11:23.5270 PM,.0264
Auth_Check,P203,sendCommandChars,PASS,,Sep 10 2019 3:11:23.5280 PM,Sep 10 2019 3:11:23.5640 PM,.0361
Auth_Check,P203,read,PASS,,Sep 10 2019 3:11:23.5690 PM,Sep 10 2019 3:11:23.5690 PM,.0002
Auth_Check,P203,read,PASS,,Sep 10 2019 3:11:23.5700 PM,Sep 10 2019 3:11:23.5970 PM,.0267
Auth_Check,P203,read,PASS,,Sep 10 2019 3:11:23.5990 PM,Sep 10 2019 3:11:23.6270 PM,.0281
Auth_Check,P203,sendCommandChars,PASS,,Sep 10 2019 3:11:23.6300 PM,Sep 10 2019 3:11:23.6680 PM,.0387
Auth_Check,P203,read,PASS,,Sep 10 2019 3:11:23.6710 PM,Sep 10 2019 3:11:23.6720 PM,.0002
Auth_Check,P203,read,PASS,,Sep 10 2019 3:11:23.6730 PM,Sep 10 2019 3:11:23.6970 PM,.0242
Auth_Check,P203,sendCommandChars,PASS,,Sep 10 2019 3:11:23.6980 PM,Sep 10 2019 3:11:23.7340 PM,.0358
Auth_Check,P203,read,PASS,,Sep 10 2019 3:11:23.7370 PM,Sep 10 2019 3:11:23.7370 PM,.0002
Auth_Check,P203,read,PASS,,Sep 10 2019 3:11:23.7380 PM,Sep 10 2019 3:11:23.7670 PM,.0292
Auth_Check,P203,read,PASS,,Sep 10 2019 3:11:23.7690 PM,Sep 10 2019 3:11:23.7970 PM,.0282
Auth_Check,P203,sendCommandChars,PASS,,Sep 10 2019 3:11:23.7990 PM,Sep 10 2019 3:11:23.8340 PM,.0349
Auth_Check,P203,read,PASS,,Sep 10 2019 3:11:23.8380 PM,Sep 10 2019 3:11:23.8380 PM,.0003
Auth_Check,P203,read,PASS,,Sep 10 2019 3:11:23.8400 PM,Sep 10 2019 3:11:23.8680 PM,.0279
Auth_Check,P203,read,PASS,,Sep 10 2019 3:11:23.8700 PM,Sep 10 2019 3:11:23.8960 PM,.0257
Auth_Check,P203,sendCommandChars,PASS,,Sep 10 2019 3:11:23.8970 PM,Sep 10 2019 3:11:23.9350 PM,.0377
Auth_Check,P203,read,PASS,,Sep 10 2019 3:11:23.9370 PM,Sep 10 2019 3:11:23.9380 PM,.0002
Auth_Check,P203,read,PASS,,Sep 10 2019 3:11:23.9390 PM,Sep 10 2019 3:11:23.9680 PM,.0296
Auth_Check,P203,read,PASS,,Sep 10 2019 3:11:23.9700 PM,Sep 10 2019 3:11:23.9980 PM,.0281
Auth_Check,P203,sendCommandChars,PASS,,Sep 10 2019 3:11:24.0000 PM,Sep 10 2019 3:11:24.0360 PM,.0359
Auth_Check,P203,read,PASS,,Sep 10 2019 3:11:24.0380 PM,Sep 10 2019 3:11:24.0380 PM,.0002
Auth_Check,P203,read,PASS,,Sep 10 2019 3:11:24.0400 PM,Sep 10 2019 3:11:24.0690 PM,.029
Auth_Check,P203,read,PASS,,Sep 10 2019 3:11:24.0710 PM,Sep 10 2019 3:11:24.0990 PM,.0283
Auth_Check,P203,sendCommandChars,PASS,,Sep 10 2019 3:11:24.1000 PM,Sep 10 2019 3:11:24.1370 PM,.0363
Auth_Check,P203,read,PASS,,Sep 10 2019 3:11:24.1400 PM,Sep 10 2019 3:11:24.1400 PM,.0002
Auth_Check,P203,read,PASS,,Sep 10 2019 3:11:24.1410 PM,Sep 10 2019 3:11:24.1690 PM,.0281
Auth_Check,P203,sendCommandChars,PASS,,Sep 10 2019 3:11:24.1710 PM,Sep 10 2019 3:11:24.2060 PM,.0358
Auth_Check,P203,read,PASS,,Sep 10 2019 3:11:24.2090 PM,Sep 10 2019 3:11:24.2090 PM,.0002
Auth_Check,P203,read,PASS,,Sep 10 2019 3:11:24.2100 PM,Sep 10 2019 3:11:24.2390 PM,.0291
Auth_Check,P203,read,PASS,,Sep 10 2019 3:11:24.2410 PM,Sep 10 2019 3:11:24.2690 PM,.0283
Auth_Check,P203,sendCommandChars,PASS,,Sep 10 2019 3:11:24.2710 PM,Sep 10 2019 3:11:24.3060 PM,.0353
Auth_Check,P203,read,PASS,,Sep 10 2019 3:11:24.3120 PM,Sep 10 2019 3:11:24.3120 PM,.0002
Auth_Check,P203,read,PASS,,Sep 10 2019 3:11:24.3130 PM,Sep 10 2019 3:11:24.3400 PM,.0264
Auth_Check,P203,read,PASS,,Sep 10 2019 3:11:24.3430 PM,Sep 10 2019 3:11:24.3700 PM,.0274
Auth_Check,P203,sendCommandChars,PASS,,Sep 10 2019 3:11:24.3720 PM,Sep 10 2019 3:11:24.4060 PM,.0347
Auth_Check,P203,read,PASS,,Sep 10 2019 3:11:24.4090 PM,Sep 10 2019 3:11:24.4090 PM,.0001
Auth_Check,P203,read,PASS,,Sep 10 2019 3:11:24.4100 PM,Sep 10 2019 3:11:24.4400 PM,.0299
Auth_Check,P203,read,PASS,,Sep 10 2019 3:11:24.4420 PM,Sep 10 2019 3:11:24.4700 PM,.0285
Auth_Check,P203,sendCommandChars,PASS,,Sep 10 2019 3:11:24.4720 PM,Sep 10 2019 3:11:24.5070 PM,.035
Auth_Check,P203,read,PASS,,Sep 10 2019 3:11:24.5100 PM,Sep 10 2019 3:11:24.5100 PM,.0002
Auth_Check,P203,read,PASS,,Sep 10 2019 3:11:24.5110 PM,Sep 10 2019 3:11:24.5410 PM,.0298
Auth_Check,P203,read,PASS,,Sep 10 2019 3:11:24.5430 PM,Sep 10 2019 3:11:24.5710 PM,.0283
Auth_Check,P203,sendCommandChars,PASS,,Sep 10 2019 3:11:24.5720 PM,Sep 10 2019 3:11:24.6080 PM,.0357
Auth_Check,P203,read,PASS,,Sep 10 2019 3:11:24.6110 PM,Sep 10 2019 3:11:24.6110 PM,.0001
Auth_Check,P203,read,PASS,,Sep 10 2019 3:11:24.6120 PM,Sep 10 2019 3:11:24.6350 PM,.023
Auth_Check,P203,sendCommandChars,PASS,,Sep 10 2019 3:11:24.6370 PM,Sep 10 2019 3:11:24.6720 PM,.0352
Auth_Check,P203,read,PASS,,Sep 10 2019 3:11:24.6750 PM,Sep 10 2019 3:11:24.6750 PM,.0002
Auth_Check,P203,read,PASS,,Sep 10 2019 3:11:24.6770 PM,Sep 10 2019 3:11:24.7010 PM,.0247
Auth_Check,P203,read,PASS,,Sep 10 2019 3:11:24.7030 PM,Sep 10 2019 3:11:24.7310 PM,.0282
Auth_Check,P203,sendCommandChars,PASS,,Sep 10 2019 3:11:24.7330 PM,Sep 10 2019 3:11:24.7700 PM,.0367
Auth_Check,P203,read,PASS,,Sep 10 2019 3:11:24.7720 PM,Sep 10 2019 3:11:24.7720 PM,.0001
Auth_Check,P203,read,PASS,,Sep 10 2019 3:11:24.7740 PM,Sep 10 2019 3:11:24.8020 PM,.0283
Auth_Check,P203,read,PASS,,Sep 10 2019 3:11:24.8040 PM,Sep 10 2019 3:11:24.8320 PM,.0283
Auth_Check,P203,sendCommandChars,PASS,,Sep 10 2019 3:11:24.8330 PM,Sep 10 2019 3:11:24.8700 PM,.0361
Auth_Check,P203,read,PASS,,Sep 10 2019 3:11:24.8720 PM,Sep 10 2019 3:11:24.8720 PM,.0001
Auth_Check,P203,read,PASS,,Sep 10 2019 3:11:24.8740 PM,Sep 10 2019 3:11:24.9020 PM,.0286
Auth_Check,P203,read,PASS,,Sep 10 2019 3:11:24.9040 PM,Sep 10 2019 3:11:24.9320 PM,.0284
Auth_Check,P203,sendCommandChars,PASS,,Sep 10 2019 3:11:24.9340 PM,Sep 10 2019 3:11:24.9690 PM,.0354
Auth_Check,IOFileHandle,writeCertFile,PASS,,Sep 10 2019 3:11:24.9740 PM,Sep 10 2019 3:11:24.9800 PM,.006
Auth_Check,IOFileHandle,writeToFile,PASS,,Sep 10 2019 3:11:25.0260 PM,Sep 10 2019 3:11:25.0260 PM,.0001
Auth_Check,IOFileHandle,writeToFile,PASS,,Sep 10 2019 3:11:25.0650 PM,Sep 10 2019 3:11:25.0650 PM,.0001
Auth_Check,P203,read,PASS,,Sep 10 2019 3:11:25.0750 PM,Sep 10 2019 3:11:25.0750 PM,.0002
Auth_Check,P203,read,PASS,,Sep 10 2019 3:11:25.0760 PM,Sep 10 2019 3:11:25.1030 PM,.0266
Auth_Check,P203,sendCommandChars,PASS,,Sep 10 2019 3:11:25.1040 PM,Sep 10 2019 3:11:25.1440 PM,.0398
Auth_Check,P203,read,PASS,,Sep 10 2019 3:11:25.1480 PM,Sep 10 2019 3:11:25.1480 PM,.0001
Auth_Check,P203,read,PASS,,Sep 10 2019 3:11:25.1490 PM,Sep 10 2019 3:11:25.1730 PM,.0238
Auth_Check,P203,sendCommandChars,PASS,,Sep 10 2019 3:11:25.1750 PM,Sep 10 2019 3:11:25.2450 PM,.0705
Auth_Check,P203,read,PASS,,Sep 10 2019 3:11:25.2480 PM,Sep 10 2019 3:11:25.2480 PM,.0002
Auth_Check,P203,read,PASS,,Sep 10 2019 3:11:25.2490 PM,Sep 10 2019 3:11:25.2740 PM,.0244
Auth_Check,P203,sendCommandChars,PASS,,Sep 10 2019 3:11:25.2750 PM,Sep 10 2019 3:11:25.3130 PM,.0377
Auth_Check,P203,read,PASS,,Sep 10 2019 3:11:25.8880 PM,Sep 10 2019 3:11:25.8880 PM,.0002
Auth_Check,P203,read,PASS,,Sep 10 2019 3:11:25.8890 PM,Sep 10 2019 3:11:25.9100 PM,.0206
Auth_Check,P203,sendCommandChars,PASS,,Sep 10 2019 3:11:25.9120 PM,Sep 10 2019 3:11:25.9800 PM,.0679
Auth_Check,P203,read,PASS,,Sep 10 2019 3:11:25.9820 PM,Sep 10 2019 3:11:25.9830 PM,.0002
Auth_Check,P203,read,PASS,,Sep 10 2019 3:11:25.9840 PM,Sep 10 2019 3:11:26.0070 PM,.0234
Auth_Check,P203,read,PASS,,Sep 10 2019 3:11:26.0090 PM,Sep 10 2019 3:11:26.0380 PM,.0281
Auth_Check,P203,sendCommandChars,PASS,,Sep 10 2019 3:11:26.0390 PM,Sep 10 2019 3:11:26.0590 PM,.02
Auth_Check,P203,read,PASS,,Sep 10 2019 3:11:26.0620 PM,Sep 10 2019 3:11:26.0740 PM,.0124
Auth_Check,P203,read,PASS,,Sep 10 2019 3:11:26.0760 PM,Sep 10 2019 3:11:26.0980 PM,.0219
Auth_Check,P203,sendCommandChars,PASS,,Sep 10 2019 3:11:26.0990 PM,Sep 10 2019 3:11:26.1200 PM,.0207
Auth_Check,P203,read,PASS,,Sep 10 2019 3:11:26.1220 PM,Sep 10 2019 3:11:26.1350 PM,.0128
Auth_Check,P203,read,PASS,,Sep 10 2019 3:11:26.1370 PM,Sep 10 2019 3:11:26.1580 PM,.0214
Auth_Check,P203,read,PASS,,Sep 10 2019 3:11:26.1600 PM,Sep 10 2019 3:11:26.1880 PM,.0282
Auth_Check,P203,sendCommandChars,PASS,,Sep 10 2019 3:11:26.1900 PM,Sep 10 2019 3:11:26.2240 PM,.0344
Auth_Check,P203,read,PASS,,Sep 10 2019 3:11:26.2270 PM,Sep 10 2019 3:11:26.2270 PM,.0001
Auth_Check,P203,read,PASS,,Sep 10 2019 3:11:26.2290 PM,Sep 10 2019 3:11:26.2580 PM,.0299
Auth_Check,P203,sendCommandChars,PASS,,Sep 10 2019 3:11:26.2600 PM,Sep 10 2019 3:11:26.2950 PM,.0356
Auth_Check,P203,read,PASS,,Sep 10 2019 3:11:26.2980 PM,Sep 10 2019 3:11:26.2980 PM,.0002
Auth_Check,P203,read,PASS,,Sep 10 2019 3:11:26.2990 PM,Sep 10 2019 3:11:26.3290 PM,.0294
Auth_Check,P203,read,PASS,,Sep 10 2019 3:11:26.3310 PM,Sep 10 2019 3:11:26.3590 PM,.0281
Auth_Check,P203,sendCommandChars,PASS,,Sep 10 2019 3:11:26.3600 PM,Sep 10 2019 3:11:26.3950 PM,.0347
Auth_Check,P203,read,PASS,,Sep 10 2019 3:11:26.3980 PM,Sep 10 2019 3:11:26.3980 PM,.0001
Auth_Check,P203,read,PASS,,Sep 10 2019 3:11:26.3990 PM,Sep 10 2019 3:11:26.4290 PM,.0301
Auth_Check,P203,read,PASS,,Sep 10 2019 3:11:26.4310 PM,Sep 10 2019 3:11:26.4590 PM,.0282
Auth_Check,P203,sendCommandChars,PASS,,Sep 10 2019 3:11:26.4610 PM,Sep 10 2019 3:11:26.4950 PM,.0344
Auth_Check,IOFileHandle,writeCertFile,PASS,,Sep 10 2019 3:11:26.4980 PM,Sep 10 2019 3:11:26.4990 PM,.0009
Auth_Check,IOFileHandle,writeToFile,PASS,,Sep 10 2019 3:11:26.5660 PM,Sep 10 2019 3:11:26.5660 PM,.0001
Read_MLB_SN,IOFileHandle,writeToFile,PASS,,Sep 10 2019 3:11:27.2580 PM,Sep 10 2019 3:11:27.2590 PM,.0001
Check_MLB_SN,StationReportPlugin,appendReportData,PASS,,Sep 10 2019 3:11:27.6300 PM,Sep 10 2019 3:11:27.6300 PM,0
Read_STFW_Version_Before_DL,IOFileHandle,writeToFile,PASS,,Sep 10 2019 3:11:27.7340 PM,Sep 10 2019 3:11:27.7340 PM,.0002
Read_MTFW_Version_Before_DL,IOFileHandle,writeToFile,PASS,,Sep 10 2019 3:11:28.2110 PM,Sep 10 2019 3:11:28.2120 PM,.0002
Read_CCG3_FW_Version_Before_DL,IOFileHandle,writeToFile,PASS,,Sep 10 2019 3:11:28.6860 PM,Sep 10 2019 3:11:28.6860 PM,.0002
Read_CCG3_FW_Version_Before_DL,IOFileHandle,writeToFile,PASS,,Sep 10 2019 3:11:29.1960 PM,Sep 10 2019 3:11:29.1960 PM,.0001
Program_Main_FW,IOFileHandle,writeToFile,PASS,,Sep 10 2019 3:11:29.7030 PM,Sep 10 2019 3:11:29.7030 PM,.0001
Program_Main_FW,P203,sendCommand,PASS,,Sep 10 2019 3:11:30.0750 PM,Sep 10 2019 3:11:30.0760 PM,.0008
Program_Main_FW,P203,sendCommandChars,PASS,,Sep 10 2019 3:11:30.0770 PM,Sep 10 2019 3:11:30.0890 PM,.0126
Program_Main_FW,P203,read,PASS,,Sep 10 2019 3:11:30.0910 PM,Sep 10 2019 3:11:30.0910 PM,.0001
Program_Main_FW,P203,read,PASS,,Sep 10 2019 3:11:30.0920 PM,Sep 10 2019 3:11:30.0920 PM,.0001
Program_Main_FW,P203,read,PASS,,Sep 10 2019 3:11:30.0940 PM,Sep 10 2019 3:11:30.0940 PM,.0002
Program_Main_FW,P203,read,PASS,,Sep 10 2019 3:11:30.0950 PM,Sep 10 2019 3:11:30.1240 PM,.0288
Program_Main_FW,P203,sendCommandChars,PASS,,Sep 10 2019 3:11:30.1250 PM,Sep 10 2019 3:11:30.1690 PM,.0441
Program_Main_FW,P203,read,PASS,,Sep 10 2019 3:11:30.1710 PM,Sep 10 2019 3:11:30.1710 PM,.0001
Program_Main_FW,P203,read,PASS,,Sep 10 2019 3:11:30.1720 PM,Sep 10 2019 3:11:30.1940 PM,.0223
Program_Main_FW,IOFileHandle,writeToFile,PASS,,Sep 10 2019 3:12:02.1190 PM,Sep 10 2019 3:12:02.1190 PM,.0002
Program_Main_FW,StationReportPlugin,appendReportData,PASS,,Sep 10 2019 3:12:02.4950 PM,Sep 10 2019 3:12:02.4950 PM,0
Program_Main_FW,Fixture,sendCommand,PASS,,Sep 10 2019 3:12:05.5680 PM,Sep 10 2019 3:12:05.5800 PM,.0125
Program_Main_FW,Fixture,sendCommand,PASS,,Sep 10 2019 3:12:06.6530 PM,Sep 10 2019 3:12:06.6670 PM,.0133
Program_Main_FW,P203,sendCommand,PASS,,Sep 10 2019 3:12:11.7390 PM,Sep 10 2019 3:12:11.7560 PM,.0167
Program_MTFW,IOFileHandle,writeToFile,PASS,,Sep 10 2019 3:12:11.8750 PM,Sep 10 2019 3:12:11.8750 PM,.0002
Program_MTFW,P203,sendCommand,PASS,,Sep 10 2019 3:12:12.2530 PM,Sep 10 2019 3:12:12.2540 PM,.0008
Program_MTFW,P203,sendCommandChars,PASS,,Sep 10 2019 3:12:12.2550 PM,Sep 10 2019 3:12:12.2670 PM,.0116
Program_MTFW,P203,read,PASS,,Sep 10 2019 3:12:12.2680 PM,Sep 10 2019 3:12:12.2690 PM,.0002
Program_MTFW,P203,read,PASS,,Sep 10 2019 3:12:12.2700 PM,Sep 10 2019 3:12:12.2700 PM,.0002
Program_MTFW,P203,read,PASS,,Sep 10 2019 3:12:12.2710 PM,Sep 10 2019 3:12:12.2710 PM,.0002
Program_MTFW,P203,read,PASS,,Sep 10 2019 3:12:12.2730 PM,Sep 10 2019 3:12:12.3010 PM,.0284
Program_MTFW,P203,sendCommandChars,PASS,,Sep 10 2019 3:12:12.3030 PM,Sep 10 2019 3:12:12.3310 PM,.0283
Program_MTFW,P203,read,PASS,,Sep 10 2019 3:12:12.3320 PM,Sep 10 2019 3:12:12.3330 PM,.0001
Program_MTFW,P203,read,PASS,,Sep 10 2019 3:12:12.3340 PM,Sep 10 2019 3:12:12.3610 PM,.0277
Program_MTFW,IOFileHandle,writeToFile,PASS,,Sep 10 2019 3:12:20.7000 PM,Sep 10 2019 3:12:20.7000 PM,.0002
Program_MTFW,StationReportPlugin,appendReportData,PASS,,Sep 10 2019 3:12:21.0700 PM,Sep 10 2019 3:12:21.0700 PM,0
Program_MTFW,Fixture,sendCommand,PASS,,Sep 10 2019 3:12:31.1460 PM,Sep 10 2019 3:12:31.1540 PM,.0079
Program_MTFW,Fixture,sendCommand,PASS,,Sep 10 2019 3:12:32.2250 PM,Sep 10 2019 3:12:32.2400 PM,.015
Program_MTFW,P203,sendCommand,PASS,,Sep 10 2019 3:12:37.3140 PM,Sep 10 2019 3:12:37.3330 PM,.0185
Read_Main_FW_Version_After_DL,IOFileHandle,writeToFile,PASS,,Sep 10 2019 3:12:37.3870 PM,Sep 10 2019 3:12:37.3870 PM,.0001
Read_MTFW_After_DL,IOFileHandle,writeToFile,PASS,,Sep 10 2019 3:12:37.8080 PM,Sep 10 2019 3:12:37.8080 PM,.0001
Read_CCG3_FW_After_DL,IOFileHandle,writeToFile,PASS,,Sep 10 2019 3:12:38.2230 PM,Sep 10 2019 3:12:38.2240 PM,.0001
Read_CCG3_FW_After_DL,IOFileHandle,writeToFile,PASS,,Sep 10 2019 3:12:38.7280 PM,Sep 10 2019 3:12:38.7280 PM,.0001
Finish_DRCB,DRCB,finish,PASS,,Sep 10 2019 3:12:39.1070 PM,Sep 10 2019 3:12:39.6320 PM,.5252
Fixture_reset,Fixture,sendCommand,PASS,,Sep 10 2019 3:12:39.6360 PM,Sep 10 2019 3:12:39.9710 PM,.335
Fixture_reset,Fixture,close,PASS,,Sep 10 2019 3:12:39.9720 PM,Sep 10 2019 3:12:39.9770 PM,.0044
Fixture_reset,P203,close,PASS,,Sep 10 2019 3:12:39.9780 PM,Sep 10 2019 3:12:39.9830 PM,.0044
