FATP-FWDL,V2.2.1.0_forINN
Site, Product, SerialNumber, Special Build Name, Special Build Description, Unit Number, Station ID, Test Pass/Fail Status, StartTime, EndTime, Version, List of Failing Tests,Scan_SN,Start_Data_Reporting,Start_Data_Reporting,Start_Data_Reporting,Start_Data_Reporting,BUILD_EVENT,S_BUILD,WO_SN,SUB_SN,UNIT_LBL,P203_FW_DEV,Read_MLB_SN,Check_MLB_SN,Read_STFW_Version_Before_DL,Read_MTFW_Version_Before_DL,Program_Main_FW,Program_MTFW,Read_Main_FW_Version_After_DL,Read_Main_FW_Version_After_DL,Read_MTFW_After_DL,Read_MTFW_After_DL,Read_CCG3_FW_After_DL,
Upper Limited-------->,,,,,,,,,,,,,,,,,,,,,,,,PASS,,,PASS,PASS,352,,1285,,,
Lower Limited-------->,,,,,,,,,,,,,,,,,,,,,,,,PASS,,,PASS,PASS,352,,1285,,,
Measurement Units---->,,,,,,,,,,,,,,,,,,,,,,,,,NA,NA,,,NA,,NA,,,
FXLH,R128,FTPZ902DP3LY,,R128-P2_P22AEN-LHWTE,,FXLH_F05-4FT-01_3_SW-DOWNLOAD,PASS,09-10-14:08:10,100.36,V2.2.1.0_forINN,PASS,FTPZ902DP3LY,Atlas 1.9.2,FTPZ902DP3LY,V2.2.1.0_forINN,1,R128-P2,R128-P2_P22AEN-LHWTE,WCR-J80006,DKB93570049N5RQ0G,R128-P2_P22AEN-LHWTE_C01010,1.2.5-F(DVT),DLX9362000MN4732X,PASS,352,1285,PASS,PASS,352,0x0160,1285,0x0505,A0 02 00 0A 00 0A 00 0A,
FXLH,R128,FTPZ902DP3LY,,R128-P2_P22AEN-LHWTE,,FXLH_F05-4FT-01_3_SW-DOWNLOAD,PASS,09-10-14:11:13,96.50,V2.2.1.0_forINN,PASS,FTPZ902DP3LY,Atlas 1.9.2,FTPZ902DP3LY,V2.2.1.0_forINN,1,R128-P2,R128-P2_P22AEN-LHWTE,WCR-J80006,DKB93570049N5RQ0G,R128-P2_P22AEN-LHWTE_C01010,1.2.5-F(DVT),DLX9362000MN4732X,PASS,352,1285,PASS,PASS,352,0x0160,1285,0x0505,A0 02 00 0A 00 0A 00 0A,
