Test,Plugin,Command,Status,Info,Start Time,End Time,Duration (s)
,UART,read,ERROR,Timed out trying to read; ,Nov 12 2019 4:38:14.9460 PM,Nov 12 2019 4:38:15.9640 PM,1.0182
,UART,read,ERROR,Timed out trying to read; ,Nov 12 2019 4:38:16.0760 PM,Nov 12 2019 4:38:17.0930 PM,1.0174
,Dut,read,ERROR,Timed out trying to read; ,Nov 12 2019 4:38:17.3040 PM,Nov 12 2019 4:38:18.3190 PM,1.0155
,Dut,read,ERROR,Timed out trying to read; ,Nov 12 2019 4:38:18.4700 PM,Nov 12 2019 4:38:19.5050 PM,1.0351
34. POTASSIUM,Fixture,sendCommand,NOT SET,,,,0
41. BUTTONS_CHECK,Fixture,sendCommand,NOT SET,,,,0
41. BUTTONS_CHECK,Fixture,sendCommand,NOT SET,,,,0
41. BUTTONS_CHECK,Fixture,sendCommand,NOT SET,,,,0
41. BUTTONS_CHECK,Fixture,sendCommand,NOT SET,,,,0
45. DBGPWR_ON,Fixture,sendCommand,NOT SET,,,,0
