Test,Plugin,Command,Status,Info,Start Time,End Time,Duration (s)
,UART,open,PASS,,Nov 12 2019 4:38:14.6850 PM,Nov 12 2019 4:38:14.7140 PM,.0295
,UART,changeLineTerminator,PASS,,Nov 12 2019 4:38:14.7160 PM,Nov 12 2019 4:38:14.7160 PM,0
,UART,sendCommand,PASS,,Nov 12 2019 4:38:14.7170 PM,Nov 12 2019 4:38:14.8290 PM,.1116
,UART,sendCommand,PASS,,Nov 12 2019 4:38:14.8300 PM,Nov 12 2019 4:38:14.9420 PM,.1113
,UART,read,PASS,,Nov 12 2019 4:38:14.9430 PM,Nov 12 2019 4:38:14.9430 PM,.0002
,UART,read,PASS,,Nov 12 2019 4:38:14.9450 PM,Nov 12 2019 4:38:14.9450 PM,.0002
,UART,read,ERROR,Timed out trying to read; ,Nov 12 2019 4:38:14.9460 PM,Nov 12 2019 4:38:15.9640 PM,1.0182
,UART,sendCommand,PASS,,Nov 12 2019 4:38:15.9670 PM,Nov 12 2019 4:38:16.0730 PM,.1057
,UART,read,PASS,,Nov 12 2019 4:38:16.0740 PM,Nov 12 2019 4:38:16.0740 PM,.0002
,UART,read,ERROR,Timed out trying to read; ,Nov 12 2019 4:38:16.0760 PM,Nov 12 2019 4:38:17.0930 PM,1.0174
,UART,changeDelimiter,PASS,,Nov 12 2019 4:38:17.0960 PM,Nov 12 2019 4:38:17.0970 PM,.0001
,UART,sendCommand,PASS,,Nov 12 2019 4:38:17.1010 PM,Nov 12 2019 4:38:17.1380 PM,.0366
CONSOLE_SETTING,UART,sendCommand,PASS,,Nov 12 2019 4:38:17.1440 PM,Nov 12 2019 4:38:17.1810 PM,.0369
,UART,sendCommand,PASS,,Nov 12 2019 4:38:17.1850 PM,Nov 12 2019 4:38:17.2360 PM,.051
,UART,close,PASS,,Nov 12 2019 4:38:17.2370 PM,Nov 12 2019 4:38:17.2380 PM,.0006
,Dut,open,PASS,,Nov 12 2019 4:38:17.2420 PM,Nov 12 2019 4:38:17.3020 PM,.0603
,Dut,read,ERROR,Timed out trying to read; ,Nov 12 2019 4:38:17.3040 PM,Nov 12 2019 4:38:18.3190 PM,1.0155
,Dut,close,PASS,,Nov 12 2019 4:38:18.3210 PM,Nov 12 2019 4:38:18.3220 PM,.0006
Copy TestPlan To LogDir,RunCommand,RunCommandWithParameter,PASS,,Nov 12 2019 4:38:18.3270 PM,Nov 12 2019 4:38:18.3830 PM,.0564
DRCB startDataReporting,DRCB,startDataReporting,PASS,,Nov 12 2019 4:38:18.3870 PM,Nov 12 2019 4:38:18.4040 PM,.017
,Dut,open,PASS,,Nov 12 2019 4:38:18.4070 PM,Nov 12 2019 4:38:18.4690 PM,.0613
,Dut,read,ERROR,Timed out trying to read; ,Nov 12 2019 4:38:18.4700 PM,Nov 12 2019 4:38:19.5050 PM,1.0351
1. ALIAS_SETTING,Dut,sendCommand,PASS,,Nov 12 2019 4:38:19.5080 PM,Nov 12 2019 4:38:19.6450 PM,.1365
2. SPAM_SETTING,Dut,sendCommand,PASS,,Nov 12 2019 4:38:19.6480 PM,Nov 12 2019 4:38:20.0970 PM,.4492
3. GET_SW_INFO,Dut,sendCommand,PASS,,Nov 12 2019 4:38:20.1010 PM,Nov 12 2019 4:38:20.1630 PM,.0621
3. GET_SW_INFO,Dut,sendCommand,PASS,,Nov 12 2019 4:38:20.1650 PM,Nov 12 2019 4:38:20.2730 PM,.1083
4. GET_MLB_INFO,Dut,sendCommand,PASS,,Nov 12 2019 4:38:20.2780 PM,Nov 12 2019 4:38:20.4160 PM,.1389
4. GET_MLB_INFO,Dut,sendCommand,PASS,,Nov 12 2019 4:38:20.4180 PM,Nov 12 2019 4:38:20.4480 PM,.0299
4. GET_MLB_INFO,Dut,sendCommand,PASS,,Nov 12 2019 4:38:20.4500 PM,Nov 12 2019 4:38:20.4800 PM,.0301
6. GET_COMP_INFO,Dut,sendCommand,PASS,,Nov 12 2019 4:38:20.4860 PM,Nov 12 2019 4:38:20.6230 PM,.1374
6. GET_COMP_INFO,Dut,sendCommand,PASS,,Nov 12 2019 4:38:20.6260 PM,Nov 12 2019 4:38:20.6720 PM,.046
6. GET_COMP_INFO,Dut,sendCommand,PASS,,Nov 12 2019 4:38:20.6740 PM,Nov 12 2019 4:38:20.8110 PM,.1371
6. GET_COMP_INFO,Dut,sendCommand,PASS,,Nov 12 2019 4:38:20.8130 PM,Nov 12 2019 4:38:21.1070 PM,.2935
6. GET_COMP_INFO,Dut,sendCommand,PASS,,Nov 12 2019 4:38:21.1150 PM,Nov 12 2019 4:38:21.1590 PM,.0442
7. QUIESCE_SYSTEM,Dut,sendCommand,PASS,,Nov 12 2019 4:38:21.1650 PM,Nov 12 2019 4:38:21.3310 PM,.1664
7. QUIESCE_SYSTEM,Dut,sendCommand,PASS,,Nov 12 2019 4:38:21.3330 PM,Nov 12 2019 4:38:21.3710 PM,.0383
7. QUIESCE_SYSTEM,Dut,sendCommand,PASS,,Nov 12 2019 4:38:21.3720 PM,Nov 12 2019 4:38:21.4670 PM,.0944
7. QUIESCE_SYSTEM,Dut,sendCommand,PASS,,Nov 12 2019 4:38:21.4680 PM,Nov 12 2019 4:38:21.5120 PM,.0435
7. QUIESCE_SYSTEM,Dut,sendCommand,PASS,,Nov 12 2019 4:38:21.5140 PM,Nov 12 2019 4:38:21.5550 PM,.0411
8. GET_INFO2,com.apple.hwte.atlas.AppPlugin,show-form,PASS,,Nov 12 2019 4:38:21.5580 PM,Nov 12 2019 4:38:25.0540 PM,3.496
9. QUERY_SFC_WRITE_SYSCFG,Dut,sendCommand,PASS,,Nov 12 2019 4:38:25.0600 PM,Nov 12 2019 4:38:25.1330 PM,.0727
10. GET_SYS_INFO,Dut,sendCommand,PASS,,Nov 12 2019 4:38:25.1360 PM,Nov 12 2019 4:38:25.1650 PM,.0287
11. GET_MLB_INFO,Dut,sendCommand,PASS,,Nov 12 2019 4:38:25.1690 PM,Nov 12 2019 4:38:25.2130 PM,.0434
12. SetRTC,Dut,sendCommand,PASS,,Nov 12 2019 4:38:25.2160 PM,Nov 12 2019 4:38:25.2580 PM,.0413
13. QUERY_SFC_WRITE_SYSCFG,SFCSupport,getAttribute,PASS,,Nov 12 2019 4:38:25.2610 PM,Nov 12 2019 4:38:25.3040 PM,.0429
13. QUERY_SFC_WRITE_SYSCFG,SFCSupport,getAttribute,PASS,,Nov 12 2019 4:38:25.3070 PM,Nov 12 2019 4:38:25.3180 PM,.0106
13. QUERY_SFC_WRITE_SYSCFG,SFCSupport,getAttribute,PASS,,Nov 12 2019 4:38:25.3200 PM,Nov 12 2019 4:38:25.3270 PM,.0063
13. QUERY_SFC_WRITE_SYSCFG,SFCSupport,getAttribute,PASS,,Nov 12 2019 4:38:25.3290 PM,Nov 12 2019 4:38:25.3350 PM,.0059
13. QUERY_SFC_WRITE_SYSCFG,SFCSupport,getAttribute,PASS,,Nov 12 2019 4:38:25.3380 PM,Nov 12 2019 4:38:25.3440 PM,.006
13. QUERY_SFC_WRITE_SYSCFG,SFCSupport,getAttribute,PASS,,Nov 12 2019 4:38:25.3460 PM,Nov 12 2019 4:38:25.3520 PM,.0057
13. QUERY_SFC_WRITE_SYSCFG,SFCSupport,getAttribute,PASS,,Nov 12 2019 4:38:25.3540 PM,Nov 12 2019 4:38:25.3590 PM,.0053
13. QUERY_SFC_WRITE_SYSCFG,SFCSupport,getAttribute,PASS,,Nov 12 2019 4:38:25.3630 PM,Nov 12 2019 4:38:25.3680 PM,.005
13. QUERY_SFC_WRITE_SYSCFG,SFCSupport,getAttribute,PASS,,Nov 12 2019 4:38:25.3700 PM,Nov 12 2019 4:38:25.3750 PM,.0048
13. QUERY_SFC_WRITE_SYSCFG,Dut,sendCommand,PASS,,Nov 12 2019 4:38:25.3780 PM,Nov 12 2019 4:38:25.4490 PM,.0713
13. QUERY_SFC_WRITE_SYSCFG,Dut,sendCommand,PASS,,Nov 12 2019 4:38:25.4510 PM,Nov 12 2019 4:38:25.4970 PM,.0465
13. QUERY_SFC_WRITE_SYSCFG,Dut,sendCommand,PASS,,Nov 12 2019 4:38:25.4990 PM,Nov 12 2019 4:38:25.5770 PM,.0784
13. QUERY_SFC_WRITE_SYSCFG,Dut,sendCommand,PASS,,Nov 12 2019 4:38:25.5790 PM,Nov 12 2019 4:38:25.6230 PM,.0443
13. QUERY_SFC_WRITE_SYSCFG,Dut,sendCommand,PASS,,Nov 12 2019 4:38:25.6250 PM,Nov 12 2019 4:38:25.7030 PM,.0782
13. QUERY_SFC_WRITE_SYSCFG,Dut,sendCommand,PASS,,Nov 12 2019 4:38:25.7040 PM,Nov 12 2019 4:38:25.7510 PM,.0463
13. QUERY_SFC_WRITE_SYSCFG,Dut,sendCommand,PASS,,Nov 12 2019 4:38:25.7530 PM,Nov 12 2019 4:38:25.8310 PM,.078
13. QUERY_SFC_WRITE_SYSCFG,Dut,sendCommand,PASS,,Nov 12 2019 4:38:25.8320 PM,Nov 12 2019 4:38:25.8790 PM,.0465
13. QUERY_SFC_WRITE_SYSCFG,Dut,sendCommand,PASS,,Nov 12 2019 4:38:25.8810 PM,Nov 12 2019 4:38:25.9580 PM,.0776
13. QUERY_SFC_WRITE_SYSCFG,Dut,sendCommand,PASS,,Nov 12 2019 4:38:25.9600 PM,Nov 12 2019 4:38:26.0050 PM,.0456
13. QUERY_SFC_WRITE_SYSCFG,Dut,sendCommand,PASS,,Nov 12 2019 4:38:26.0080 PM,Nov 12 2019 4:38:26.0850 PM,.0777
13. QUERY_SFC_WRITE_SYSCFG,Dut,sendCommand,PASS,,Nov 12 2019 4:38:26.0870 PM,Nov 12 2019 4:38:26.1170 PM,.0307
13. QUERY_SFC_WRITE_SYSCFG,Dut,sendCommand,PASS,,Nov 12 2019 4:38:26.1200 PM,Nov 12 2019 4:38:26.1650 PM,.0451
13. QUERY_SFC_WRITE_SYSCFG,Dut,sendCommand,PASS,,Nov 12 2019 4:38:26.1670 PM,Nov 12 2019 4:38:26.1970 PM,.0298
13. QUERY_SFC_WRITE_SYSCFG,Dut,sendCommand,PASS,,Nov 12 2019 4:38:26.1990 PM,Nov 12 2019 4:38:26.2460 PM,.0473
13. QUERY_SFC_WRITE_SYSCFG,Dut,sendCommand,PASS,,Nov 12 2019 4:38:26.2480 PM,Nov 12 2019 4:38:26.2770 PM,.0292
13. QUERY_SFC_WRITE_SYSCFG,Dut,sendCommand,PASS,,Nov 12 2019 4:38:26.2780 PM,Nov 12 2019 4:38:26.3250 PM,.0464
13. QUERY_SFC_WRITE_SYSCFG,Dut,sendCommand,PASS,,Nov 12 2019 4:38:26.3260 PM,Nov 12 2019 4:38:26.3730 PM,.0464
13. QUERY_SFC_WRITE_SYSCFG,Dut,sendCommand,PASS,,Nov 12 2019 4:38:26.3740 PM,Nov 12 2019 4:38:26.4210 PM,.0462
13. QUERY_SFC_WRITE_SYSCFG,Dut,sendCommand,PASS,,Nov 12 2019 4:38:26.4220 PM,Nov 12 2019 4:38:26.4680 PM,.0465
13. QUERY_SFC_WRITE_SYSCFG,Dut,sendCommand,PASS,,Nov 12 2019 4:38:26.4700 PM,Nov 12 2019 4:38:26.5160 PM,.0461
13. QUERY_SFC_WRITE_SYSCFG,Dut,sendCommand,PASS,,Nov 12 2019 4:38:26.5180 PM,Nov 12 2019 4:38:26.5640 PM,.0465
14. GET_INFO3,SFCSupport,getAttribute,PASS,,Nov 12 2019 4:38:26.5720 PM,Nov 12 2019 4:38:26.5770 PM,.0057
15. COMM_BUS_SWEEP,Dut,sendCommand,PASS,,Nov 12 2019 4:38:26.5820 PM,Nov 12 2019 4:38:26.6580 PM,.0755
16. QUIESCE_SYSTEM_2,Dut,sendCommand,PASS,,Nov 12 2019 4:38:26.6610 PM,Nov 12 2019 4:38:26.7040 PM,.0427
16. QUIESCE_SYSTEM_2,Dut,sendCommand,PASS,,Nov 12 2019 4:38:26.7060 PM,Nov 12 2019 4:38:27.8200 PM,1.1145
16. QUIESCE_SYSTEM_2,Dut,sendCommand,PASS,,Nov 12 2019 4:38:27.8220 PM,Nov 12 2019 4:38:27.8620 PM,.0406
16. QUIESCE_SYSTEM_2,Dut,sendCommand,PASS,,Nov 12 2019 4:38:27.8640 PM,Nov 12 2019 4:38:27.9050 PM,.0412
16. QUIESCE_SYSTEM_2,Dut,sendCommand,PASS,,Nov 12 2019 4:38:27.9070 PM,Nov 12 2019 4:38:27.9490 PM,.0426
16. QUIESCE_SYSTEM_2,Dut,sendCommand,PASS,,Nov 12 2019 4:38:27.9510 PM,Nov 12 2019 4:38:27.9810 PM,.0303
16. QUIESCE_SYSTEM_2,Dut,sendCommand,PASS,,Nov 12 2019 4:38:27.9830 PM,Nov 12 2019 4:38:28.2690 PM,.286
16. QUIESCE_SYSTEM_2,Dut,sendCommand,PASS,,Nov 12 2019 4:38:28.2700 PM,Nov 12 2019 4:38:28.6680 PM,.3979
16. QUIESCE_SYSTEM_2,Dut,sendCommand,PASS,,Nov 12 2019 4:38:28.6690 PM,Nov 12 2019 4:38:28.7000 PM,.0305
16. QUIESCE_SYSTEM_2,Dut,sendCommand,PASS,,Nov 12 2019 4:38:28.7010 PM,Nov 12 2019 4:38:28.7450 PM,.0438
16. QUIESCE_SYSTEM_2,Dut,sendCommand,PASS,,Nov 12 2019 4:38:28.7470 PM,Nov 12 2019 4:38:28.7890 PM,.042
16. QUIESCE_SYSTEM_2,Dut,sendCommand,PASS,,Nov 12 2019 4:38:28.7900 PM,Nov 12 2019 4:38:28.8300 PM,.0396
16. QUIESCE_SYSTEM_2,Dut,sendCommand,PASS,,Nov 12 2019 4:38:28.8310 PM,Nov 12 2019 4:38:28.8620 PM,.0305
17. CHARGER_OFF,Dut,sendCommand,PASS,,Nov 12 2019 4:38:28.8660 PM,Nov 12 2019 4:38:28.9730 PM,.1068
17. CHARGER_OFF,Dut,sendCommand,PASS,,Nov 12 2019 4:38:28.9750 PM,Nov 12 2019 4:38:29.0050 PM,.03
17. CHARGER_OFF,Dut,sendCommand,PASS,,Nov 12 2019 4:38:29.0060 PM,Nov 12 2019 4:38:29.0500 PM,.0431
17. CHARGER_OFF,Dut,sendCommand,PASS,,Nov 12 2019 4:38:29.0510 PM,Nov 12 2019 4:38:29.0860 PM,.035
18. LISA_INIT,Dut,sendCommand,PASS,,Nov 12 2019 4:38:29.0920 PM,Nov 12 2019 4:38:29.1390 PM,.047
18. LISA_INIT,Dut,sendCommand,PASS,,Nov 12 2019 4:38:29.1480 PM,Nov 12 2019 4:38:29.3040 PM,.1556
18. LISA_INIT,Dut,sendCommand,PASS,,Nov 12 2019 4:38:29.3060 PM,Nov 12 2019 4:38:29.3500 PM,.0436
18. LISA_INIT,Dut,sendCommand,PASS,,Nov 12 2019 4:38:29.3510 PM,Nov 12 2019 4:38:29.3930 PM,.0416
18. LISA_INIT,Dut,sendCommand,PASS,,Nov 12 2019 4:38:29.3950 PM,Nov 12 2019 4:38:29.4430 PM,.0478
18. LISA_INIT,Dut,sendCommand,PASS,,Nov 12 2019 4:38:29.4450 PM,Nov 12 2019 4:38:29.4840 PM,.0391
18. LISA_INIT,Dut,sendCommand,PASS,,Nov 12 2019 4:38:29.4850 PM,Nov 12 2019 4:38:29.5270 PM,.0414
18. LISA_INIT,Dut,sendCommand,PASS,,Nov 12 2019 4:38:29.5350 PM,Nov 12 2019 4:38:29.5750 PM,.0399
19. INIT_GG_READ,Dut,sendCommand,PASS,,Nov 12 2019 4:38:29.5790 PM,Nov 12 2019 4:38:32.6100 PM,3.0309
19. INIT_GG_READ,Dut,sendCommand,PASS,,Nov 12 2019 4:38:32.6110 PM,Nov 12 2019 4:38:32.8990 PM,.2884
20. INIT_SOC_READ,Dut,sendCommand,PASS,,Nov 12 2019 4:38:32.9710 PM,Nov 12 2019 4:38:33.0320 PM,.061
21. INIT_PMU_READ,Dut,sendCommand,PASS,,Nov 12 2019 4:38:33.0530 PM,Nov 12 2019 4:38:33.0800 PM,.0272
21. INIT_PMU_READ,Dut,sendCommand,PASS,,Nov 12 2019 4:38:33.0820 PM,Nov 12 2019 4:38:33.1120 PM,.0302
21. INIT_PMU_READ,Dut,sendCommand,PASS,,Nov 12 2019 4:38:33.1130 PM,Nov 12 2019 4:38:33.1570 PM,.0433
21. INIT_PMU_READ,Dut,sendCommand,PASS,,Nov 12 2019 4:38:33.1580 PM,Nov 12 2019 4:38:34.6170 PM,1.4585
22. LYNX_TEST,Dut,sendCommand,PASS,,Nov 12 2019 4:38:34.7430 PM,Nov 12 2019 4:38:35.5430 PM,.8004
22. LYNX_TEST,Dut,sendCommand,PASS,,Nov 12 2019 4:38:35.5450 PM,Nov 12 2019 4:38:43.0030 PM,7.4585
22. LYNX_TEST,Dut,sendCommand,PASS,,Nov 12 2019 4:38:43.0050 PM,Nov 12 2019 4:38:43.1470 PM,.1423
22. LYNX_TEST,Dut,sendCommand,PASS,,Nov 12 2019 4:38:43.1490 PM,Nov 12 2019 4:38:43.2230 PM,.074
22. LYNX_TEST,Dut,sendCommand,PASS,,Nov 12 2019 4:38:43.2240 PM,Nov 12 2019 4:38:43.2770 PM,.0523
22. LYNX_TEST,Dut,sendCommand,PASS,,Nov 12 2019 4:38:43.2780 PM,Nov 12 2019 4:38:43.4200 PM,.1422
23. CHARGER_ON,Dut,sendCommand,PASS,,Nov 12 2019 4:38:43.4250 PM,Nov 12 2019 4:38:43.4620 PM,.0372
23. CHARGER_ON,Dut,sendCommand,PASS,,Nov 12 2019 4:38:43.4640 PM,Nov 12 2019 4:38:43.4940 PM,.0304
23. CHARGER_ON,Dut,sendCommand,PASS,,Nov 12 2019 4:38:43.4960 PM,Nov 12 2019 4:38:43.5410 PM,.0451
24. SET_BUBO_PFM,Dut,sendCommand,PASS,,Nov 12 2019 4:38:43.5460 PM,Nov 12 2019 4:38:43.5940 PM,.0479
25. Kobol_INIT,Dut,sendCommand,PASS,,Nov 12 2019 4:38:43.5970 PM,Nov 12 2019 4:38:43.8980 PM,.3005
26. IMU_ACCEL_ID,Dut,sendCommand,PASS,,Nov 12 2019 4:38:43.9010 PM,Nov 12 2019 4:38:43.9590 PM,.0573
27. Kobol_ACCEL_ID,Dut,sendCommand,PASS,,Nov 12 2019 4:38:43.9630 PM,Nov 12 2019 4:38:44.0200 PM,.0573
28. Kobol_GYRO_DRIVE_FREQ_MEAS,Dut,sendCommand,PASS,,Nov 12 2019 4:38:44.0300 PM,Nov 12 2019 4:38:44.2760 PM,.2466
29. IMU_Connectivity,Dut,sendCommand,PASS,,Nov 12 2019 4:38:44.2800 PM,Nov 12 2019 4:38:44.3410 PM,.0606
30. IMU_OFF,Dut,sendCommand,PASS,,Nov 12 2019 4:38:44.3450 PM,Nov 12 2019 4:38:44.6410 PM,.2964
31. Kobol_ACCEL_SELFTEST,Dut,sendCommand,PASS,,Nov 12 2019 4:38:44.6450 PM,Nov 12 2019 4:38:44.7920 PM,.1477
31. Kobol_ACCEL_SELFTEST,Dut,sendCommand,PASS,,Nov 12 2019 4:38:44.7940 PM,Nov 12 2019 4:38:45.0570 PM,.2629
32. IMU_Combo_LPNM25_BUBO_PFM,Dut,sendCommand,PASS,,Nov 12 2019 4:38:45.0660 PM,Nov 12 2019 4:38:45.3740 PM,.3078
32. IMU_Combo_LPNM25_BUBO_PFM,Dut,sendCommand,PASS,,Nov 12 2019 4:38:45.3760 PM,Nov 12 2019 4:38:45.4210 PM,.0455
32. IMU_Combo_LPNM25_BUBO_PFM,Dut,sendCommand,PASS,,Nov 12 2019 4:38:45.4230 PM,Nov 12 2019 4:38:45.4660 PM,.0434
32. IMU_Combo_LPNM25_BUBO_PFM,Dut,sendCommand,PASS,,Nov 12 2019 4:38:45.4680 PM,Nov 12 2019 4:38:45.5140 PM,.0465
32. IMU_Combo_LPNM25_BUBO_PFM,Dut,sendCommand,PASS,,Nov 12 2019 4:38:45.5160 PM,Nov 12 2019 4:38:45.6800 PM,.1641
32. IMU_Combo_LPNM25_BUBO_PFM,Dut,sendCommand,PASS,,Nov 12 2019 4:38:45.6810 PM,Nov 12 2019 4:38:45.8230 PM,.1421
32. IMU_Combo_LPNM25_BUBO_PFM,Dut,sendCommand,PASS,,Nov 12 2019 4:38:45.8260 PM,Nov 12 2019 4:38:45.9600 PM,.1347
32. IMU_Combo_LPNM25_BUBO_PFM,Dut,sendCommand,PASS,,Nov 12 2019 4:38:45.9620 PM,Nov 12 2019 4:38:46.0170 PM,.0554
32. IMU_Combo_LPNM25_BUBO_PFM,Dut,sendCommand,PASS,,Nov 12 2019 4:38:46.0190 PM,Nov 12 2019 4:38:46.1770 PM,.1581
32. IMU_Combo_LPNM25_BUBO_PFM,Dut,sendCommand,PASS,,Nov 12 2019 4:38:46.1790 PM,Nov 12 2019 4:38:46.8360 PM,.6577
32. IMU_Combo_LPNM25_BUBO_PFM,Dut,sendCommand,PASS,,Nov 12 2019 4:38:46.8720 PM,Nov 12 2019 4:38:46.9000 PM,.0283
32. IMU_Combo_LPNM25_BUBO_PFM,Dut,sendCommand,PASS,,Nov 12 2019 4:38:46.9010 PM,Nov 12 2019 4:38:46.9450 PM,.0433
33. TURN_OFF_IMU,Dut,sendCommand,PASS,,Nov 12 2019 4:38:46.9500 PM,Nov 12 2019 4:38:47.0520 PM,.1024
34. POTASSIUM,Fixture,sendCommand,NOT SET,,,,0
34. POTASSIUM,Dut,sendCommand,PASS,,Nov 12 2019 4:38:47.0580 PM,Nov 12 2019 4:38:47.1100 PM,.0512
34. POTASSIUM,Dut,sendCommand,PASS,,Nov 12 2019 4:38:47.1120 PM,Nov 12 2019 4:38:47.1520 PM,.0404
34. POTASSIUM,Dut,sendCommand,PASS,,Nov 12 2019 4:38:47.1540 PM,Nov 12 2019 4:38:47.2190 PM,.0651
34. POTASSIUM,Dut,sendCommand,PASS,,Nov 12 2019 4:38:47.2210 PM,Nov 12 2019 4:38:47.2660 PM,.0447
34. POTASSIUM,Dut,sendCommand,PASS,,Nov 12 2019 4:38:47.2680 PM,Nov 12 2019 4:38:49.6090 PM,2.3412
34. POTASSIUM,Dut,sendCommand,PASS,,Nov 12 2019 4:38:49.6140 PM,Nov 12 2019 4:38:49.6550 PM,.0416
35. MOLYBDENUM,Dut,sendCommand,PASS,,Nov 12 2019 4:38:49.6610 PM,Nov 12 2019 4:38:49.7080 PM,.0475
35. MOLYBDENUM,Dut,sendCommand,PASS,,Nov 12 2019 4:38:49.7100 PM,Nov 12 2019 4:38:49.7500 PM,.04
35. MOLYBDENUM,Dut,sendCommand,PASS,,Nov 12 2019 4:38:49.7520 PM,Nov 12 2019 4:38:49.8530 PM,.1009
35. MOLYBDENUM,Dut,sendCommand,PASS,,Nov 12 2019 4:38:49.8550 PM,Nov 12 2019 4:38:52.4450 PM,2.5899
36. QUIESCE_SYSTEM_3,Dut,sendCommand,PASS,,Nov 12 2019 4:38:52.4520 PM,Nov 12 2019 4:38:52.4910 PM,.0386
36. QUIESCE_SYSTEM_3,Dut,sendCommand,PASS,,Nov 12 2019 4:38:52.4920 PM,Nov 12 2019 4:38:52.5310 PM,.0393
37. ARDMORE_TEST,Dut,sendCommand,PASS,,Nov 12 2019 4:38:52.5350 PM,Nov 12 2019 4:38:52.6510 PM,.1161
37. ARDMORE_TEST,Dut,sendCommand,PASS,,Nov 12 2019 4:38:52.6530 PM,Nov 12 2019 4:38:52.6960 PM,.0433
37. ARDMORE_TEST,Dut,sendCommand,PASS,,Nov 12 2019 4:38:52.6980 PM,Nov 12 2019 4:38:52.7780 PM,.0803
37. ARDMORE_TEST,Dut,sendCommand,PASS,,Nov 12 2019 4:38:52.7810 PM,Nov 12 2019 4:38:52.9550 PM,.174
37. ARDMORE_TEST,Dut,sendCommand,PASS,,Nov 12 2019 4:38:52.9570 PM,Nov 12 2019 4:38:53.0030 PM,.0459
38. SPEAKER_IMPEDANCE,Dut,sendCommand,PASS,,Nov 12 2019 4:38:53.0080 PM,Nov 12 2019 4:38:53.1250 PM,.117
38. SPEAKER_IMPEDANCE,Dut,sendCommand,PASS,,Nov 12 2019 4:38:53.1260 PM,Nov 12 2019 4:38:53.1700 PM,.0442
38. SPEAKER_IMPEDANCE,Dut,sendCommand,PASS,,Nov 12 2019 4:38:53.1720 PM,Nov 12 2019 4:38:53.2160 PM,.0436
38. SPEAKER_IMPEDANCE,Dut,sendCommand,PASS,,Nov 12 2019 4:38:53.2170 PM,Nov 12 2019 4:38:53.2590 PM,.0424
38. SPEAKER_IMPEDANCE,Dut,sendCommand,PASS,,Nov 12 2019 4:38:53.2610 PM,Nov 12 2019 4:38:53.2960 PM,.0354
38. SPEAKER_IMPEDANCE,Dut,sendCommand,PASS,,Nov 12 2019 4:38:53.2980 PM,Nov 12 2019 4:38:53.3460 PM,.0484
38. SPEAKER_IMPEDANCE,Dut,sendCommand,PASS,,Nov 12 2019 4:38:53.3480 PM,Nov 12 2019 4:38:53.3970 PM,.0494
38. SPEAKER_IMPEDANCE,Dut,sendCommand,PASS,,Nov 12 2019 4:38:53.3990 PM,Nov 12 2019 4:38:53.4540 PM,.0555
38. SPEAKER_IMPEDANCE,Dut,sendCommand,PASS,,Nov 12 2019 4:38:53.4560 PM,Nov 12 2019 4:38:54.5150 PM,1.0597
38. SPEAKER_IMPEDANCE,Dut,sendCommand,PASS,,Nov 12 2019 4:38:54.5170 PM,Nov 12 2019 4:38:54.6890 PM,.1724
38. SPEAKER_IMPEDANCE,Dut,sendCommand,PASS,,Nov 12 2019 4:38:54.6920 PM,Nov 12 2019 4:38:54.7270 PM,.0351
38. SPEAKER_IMPEDANCE,Dut,sendCommand,PASS,,Nov 12 2019 4:38:54.7290 PM,Nov 12 2019 4:38:54.7840 PM,.0554
39. CARNELIAN,Dut,sendCommand,PASS,,Nov 12 2019 4:38:54.7880 PM,Nov 12 2019 4:38:54.9070 PM,.1183
39. CARNELIAN,Dut,sendCommand,PASS,,Nov 12 2019 4:38:54.9080 PM,Nov 12 2019 4:38:54.9450 PM,.0365
39. CARNELIAN,Dut,sendCommand,PASS,,Nov 12 2019 4:38:54.9460 PM,Nov 12 2019 4:38:56.4580 PM,1.5119
39. CARNELIAN,Dut,sendCommand,PASS,,Nov 12 2019 4:38:56.4600 PM,Nov 12 2019 4:38:56.5030 PM,.0434
39. CARNELIAN,Dut,sendCommand,PASS,,Nov 12 2019 4:38:56.5050 PM,Nov 12 2019 4:38:56.5580 PM,.0533
40. MAGNETITE_TEST_1,Dut,sendCommand,PASS,,Nov 12 2019 4:38:56.5620 PM,Nov 12 2019 4:38:56.6100 PM,.0481
40. MAGNETITE_TEST_1,Dut,sendCommand,PASS,,Nov 12 2019 4:38:56.6120 PM,Nov 12 2019 4:38:56.6420 PM,.0304
41. BUTTONS_CHECK,Dut,sendCommand,PASS,,Nov 12 2019 4:38:56.6460 PM,Nov 12 2019 4:38:56.6950 PM,.0487
41. BUTTONS_CHECK,Fixture,sendCommand,NOT SET,,,,0
41. BUTTONS_CHECK,Dut,sendCommand,PASS,,Nov 12 2019 4:38:56.6990 PM,Nov 12 2019 4:38:56.7390 PM,.0402
41. BUTTONS_CHECK,Fixture,sendCommand,NOT SET,,,,0
41. BUTTONS_CHECK,Fixture,sendCommand,NOT SET,,,,0
41. BUTTONS_CHECK,Dut,sendCommand,PASS,,Nov 12 2019 4:38:56.7420 PM,Nov 12 2019 4:38:56.7850 PM,.0431
41. BUTTONS_CHECK,Fixture,sendCommand,NOT SET,,,,0
41. BUTTONS_CHECK,Dut,sendCommand,PASS,,Nov 12 2019 4:38:56.7870 PM,Nov 12 2019 4:38:56.8270 PM,.0394
42. BATTERY_PROPERTIES,Dut,sendCommand,PASS,,Nov 12 2019 4:38:56.8320 PM,Nov 12 2019 4:38:56.8750 PM,.043
42. BATTERY_PROPERTIES,Dut,sendCommand,PASS,,Nov 12 2019 4:38:56.8770 PM,Nov 12 2019 4:38:57.9070 PM,1.0306
42. BATTERY_PROPERTIES,Dut,sendCommand,PASS,,Nov 12 2019 4:38:57.9090 PM,Nov 12 2019 4:38:58.2430 PM,.3334
42. BATTERY_PROPERTIES,Dut,sendCommand,PASS,,Nov 12 2019 4:38:58.2450 PM,Nov 12 2019 4:38:58.4340 PM,.1895
43. MAGNETITE_TEST_2,Dut,sendCommand,PASS,,Nov 12 2019 4:38:58.4390 PM,Nov 12 2019 4:38:59.4800 PM,1.0418
43. MAGNETITE_TEST_2,Dut,sendCommand,PASS,,Nov 12 2019 4:38:59.4820 PM,Nov 12 2019 4:39:03.4740 PM,3.9919
43. MAGNETITE_TEST_2,Dut,sendCommand,PASS,,Nov 12 2019 4:39:03.4820 PM,Nov 12 2019 4:39:03.5060 PM,.0242
43. MAGNETITE_TEST_2,Dut,sendCommand,PASS,,Nov 12 2019 4:39:03.5070 PM,Nov 12 2019 4:39:03.5380 PM,.0304
43. MAGNETITE_TEST_2,Dut,sendCommand,PASS,,Nov 12 2019 4:39:03.5400 PM,Nov 12 2019 4:39:03.5700 PM,.03
43. MAGNETITE_TEST_2,Dut,sendCommand,PASS,,Nov 12 2019 4:39:03.5720 PM,Nov 12 2019 4:39:18.6010 PM,15.0298
43. MAGNETITE_TEST_2,Dut,sendCommand,PASS,,Nov 12 2019 4:39:18.6030 PM,Nov 12 2019 4:39:19.6240 PM,1.0206
43. MAGNETITE_TEST_2,Dut,sendCommand,PASS,,Nov 12 2019 4:39:19.6250 PM,Nov 12 2019 4:39:20.5090 PM,.8839
43. MAGNETITE_TEST_2,Dut,sendCommand,PASS,,Nov 12 2019 4:39:20.5160 PM,Nov 12 2019 4:39:22.5380 PM,2.0222
44. PUCK_CHARGE_TEST,Dut,sendCommand,PASS,,Nov 12 2019 4:39:22.5440 PM,Nov 12 2019 4:39:22.6470 PM,.1036
44. PUCK_CHARGE_TEST,Dut,sendCommand,PASS,,Nov 12 2019 4:39:22.6500 PM,Nov 12 2019 4:39:22.9380 PM,.2881
45. DBGPWR_ON,Fixture,sendCommand,NOT SET,,,,0
45. DBGPWR_ON,Dut,sendCommand,PASS,,Nov 12 2019 4:39:22.9440 PM,Nov 12 2019 4:39:22.9830 PM,.039
46. WIFI,Dut,sendCommand,PASS,,Nov 12 2019 4:39:22.9880 PM,Nov 12 2019 4:39:23.3670 PM,.3791
46. WIFI,Dut,sendCommand,PASS,,Nov 12 2019 4:39:23.3690 PM,Nov 12 2019 4:39:23.4200 PM,.0511
47. BULETOOTH,Dut,sendCommand,PASS,,Nov 12 2019 4:39:23.4240 PM,Nov 12 2019 4:39:23.8040 PM,.3799
47. BULETOOTH,Dut,sendCommand,PASS,,Nov 12 2019 4:39:23.8050 PM,Nov 12 2019 4:39:23.9120 PM,.1062
47. BULETOOTH,Dut,sendCommand,PASS,,Nov 12 2019 4:39:23.9130 PM,Nov 12 2019 4:39:23.9640 PM,.051
48. STOCKHOLM,Dut,sendCommand,PASS,,Nov 12 2019 4:39:23.9680 PM,Nov 12 2019 4:39:24.2800 PM,.3116
48. STOCKHOLM,Dut,sendCommand,PASS,,Nov 12 2019 4:39:24.2820 PM,Nov 12 2019 4:39:24.3120 PM,.0303
48. STOCKHOLM,Dut,sendCommand,PASS,,Nov 12 2019 4:39:24.3140 PM,Nov 12 2019 4:39:24.3600 PM,.0462
48. STOCKHOLM,Dut,sendCommand,PASS,,Nov 12 2019 4:39:24.3610 PM,Nov 12 2019 4:39:24.4060 PM,.0444
48. STOCKHOLM,Dut,sendCommand,PASS,,Nov 12 2019 4:39:24.4070 PM,Nov 12 2019 4:39:24.4540 PM,.0463
48. STOCKHOLM,Dut,sendCommand,PASS,,Nov 12 2019 4:39:24.4550 PM,Nov 12 2019 4:39:24.5000 PM,.0452
48. STOCKHOLM,Dut,sendCommand,PASS,,Nov 12 2019 4:39:24.5020 PM,Nov 12 2019 4:39:25.1080 PM,.6052
48. STOCKHOLM,Dut,sendCommand,PASS,,Nov 12 2019 4:39:25.1100 PM,Nov 12 2019 4:39:26.6410 PM,1.5313
48. STOCKHOLM,Dut,sendCommand,PASS,,Nov 12 2019 4:39:26.6430 PM,Nov 12 2019 4:39:26.6730 PM,.03
48. STOCKHOLM,Dut,sendCommand,PASS,,Nov 12 2019 4:39:26.6750 PM,Nov 12 2019 4:39:26.7050 PM,.0305
48. STOCKHOLM,Dut,sendCommand,PASS,,Nov 12 2019 4:39:26.7070 PM,Nov 12 2019 4:39:26.7370 PM,.0301
48. STOCKHOLM,Dut,sendCommand,PASS,,Nov 12 2019 4:39:26.7380 PM,Nov 12 2019 4:39:26.7690 PM,.0305
48. STOCKHOLM,Dut,sendCommand,PASS,,Nov 12 2019 4:39:26.7700 PM,Nov 12 2019 4:39:26.8010 PM,.0303
49. GERMANIUM_BASEBAND_VINYL,Dut,sendCommand,PASS,,Nov 12 2019 4:39:26.8060 PM,Nov 12 2019 4:39:30.7490 PM,3.943
49. GERMANIUM_BASEBAND_VINYL,Dut,sendCommand,PASS,,Nov 12 2019 4:39:30.7510 PM,Nov 12 2019 4:39:30.8340 PM,.0831
49. GERMANIUM_BASEBAND_VINYL,Dut,sendCommand,PASS,,Nov 12 2019 4:39:30.8360 PM,Nov 12 2019 4:39:31.2250 PM,.389
50. GRAPE_TEST,Dut,sendCommand,PASS,,Nov 12 2019 4:39:31.2280 PM,Nov 12 2019 4:39:31.3360 PM,.1078
50. GRAPE_TEST,Dut,sendCommand,PASS,,Nov 12 2019 4:39:31.3390 PM,Nov 12 2019 4:39:31.4660 PM,.1269
50. GRAPE_TEST,Dut,sendCommand,PASS,,Nov 12 2019 4:39:31.4670 PM,Nov 12 2019 4:39:31.5100 PM,.0431
51. ALS_TEST,Dut,sendCommand,PASS,,Nov 12 2019 4:39:31.5160 PM,Nov 12 2019 4:39:31.5630 PM,.0472
51. ALS_TEST,Dut,sendCommand,PASS,,Nov 12 2019 4:39:31.5660 PM,Nov 12 2019 4:39:31.8510 PM,.2848
51. ALS_TEST,Dut,sendCommand,PASS,,Nov 12 2019 4:39:31.8520 PM,Nov 12 2019 4:39:31.8830 PM,.0304
51. ALS_TEST,Dut,sendCommand,PASS,,Nov 12 2019 4:39:31.8840 PM,Nov 12 2019 4:39:31.9150 PM,.0305
51. ALS_TEST,Dut,sendCommand,PASS,,Nov 12 2019 4:39:31.9160 PM,Nov 12 2019 4:39:31.9550 PM,.0382
51. ALS_TEST,Dut,sendCommand,PASS,,Nov 12 2019 4:39:31.9560 PM,Nov 12 2019 4:39:32.0390 PM,.0833
51. ALS_TEST,Dut,sendCommand,PASS,,Nov 12 2019 4:39:32.0440 PM,Nov 12 2019 4:39:32.0900 PM,.0465
51. ALS_TEST,Dut,sendCommand,PASS,,Nov 12 2019 4:39:32.0930 PM,Nov 12 2019 4:39:32.1530 PM,.0602
51. ALS_TEST,Dut,sendCommand,PASS,,Nov 12 2019 4:39:32.1550 PM,Nov 12 2019 4:39:33.0130 PM,.8584
51. ALS_TEST,Dut,sendCommand,PASS,,Nov 12 2019 4:39:33.0150 PM,Nov 12 2019 4:39:33.2520 PM,.2369
51. ALS_TEST,Dut,sendCommand,PASS,,Nov 12 2019 4:39:33.2540 PM,Nov 12 2019 4:39:34.0960 PM,.8426
51. ALS_TEST,Dut,sendCommand,PASS,,Nov 12 2019 4:39:34.0990 PM,Nov 12 2019 4:39:34.5590 PM,.4604
51. ALS_TEST,Dut,sendCommand,PASS,,Nov 12 2019 4:39:34.5610 PM,Nov 12 2019 4:39:34.6000 PM,.0393
52. DISPLAY_TEST,Dut,sendCommand,PASS,,Nov 12 2019 4:39:34.6050 PM,Nov 12 2019 4:39:34.9040 PM,.2986
52. DISPLAY_TEST,Dut,sendCommand,PASS,,Nov 12 2019 4:39:34.9050 PM,Nov 12 2019 4:39:34.9520 PM,.0464
52. DISPLAY_TEST,Dut,sendCommand,PASS,,Nov 12 2019 4:39:34.9530 PM,Nov 12 2019 4:39:34.9840 PM,.0305
52. DISPLAY_TEST,Dut,sendCommand,PASS,,Nov 12 2019 4:39:34.9850 PM,Nov 12 2019 4:39:35.0240 PM,.0386
52. DISPLAY_TEST,Dut,sendCommand,PASS,,Nov 12 2019 4:39:35.0250 PM,Nov 12 2019 4:39:35.0550 PM,.0301
52. DISPLAY_TEST,Dut,sendCommand,PASS,,Nov 12 2019 4:39:35.0570 PM,Nov 12 2019 4:39:37.0840 PM,2.0272
52. DISPLAY_TEST,Dut,sendCommand,PASS,,Nov 12 2019 4:39:37.0860 PM,Nov 12 2019 4:39:37.1480 PM,.0618
52. DISPLAY_TEST,Dut,sendCommand,PASS,,Nov 12 2019 4:39:37.1500 PM,Nov 12 2019 4:39:39.1770 PM,2.0272
52. DISPLAY_TEST,Dut,sendCommand,PASS,,Nov 12 2019 4:39:39.1790 PM,Nov 12 2019 4:39:39.2210 PM,.042
52. DISPLAY_TEST,Dut,sendCommand,PASS,,Nov 12 2019 4:39:39.2220 PM,Nov 12 2019 4:39:39.4760 PM,.2541
52. DISPLAY_TEST,Dut,sendCommand,PASS,,Nov 12 2019 4:39:39.4790 PM,Nov 12 2019 4:39:39.5820 PM,.1032
52. DISPLAY_TEST,Dut,sendCommand,PASS,,Nov 12 2019 4:39:39.5840 PM,Nov 12 2019 4:39:39.9810 PM,.3974
53. END_QUIESCE_SYSTEM,Dut,sendCommand,PASS,,Nov 12 2019 4:39:39.9860 PM,Nov 12 2019 4:39:40.0240 PM,.0384
54. QUERY_SFC_WRITE_SYSCFG_2,Dut,sendCommand,PASS,,Nov 12 2019 4:39:40.0280 PM,Nov 12 2019 4:39:40.0850 PM,.0576
54. QUERY_SFC_WRITE_SYSCFG_2,Dut,sendCommand,PASS,,Nov 12 2019 4:39:40.0870 PM,Nov 12 2019 4:39:40.1390 PM,.0522
54. QUERY_SFC_WRITE_SYSCFG_2,Dut,sendCommand,PASS,,Nov 12 2019 4:39:40.1430 PM,Nov 12 2019 4:39:40.2760 PM,.1329
54. QUERY_SFC_WRITE_SYSCFG_2,Dut,sendCommand,PASS,,Nov 12 2019 4:39:40.2780 PM,Nov 12 2019 4:39:40.3240 PM,.0463
54. QUERY_SFC_WRITE_SYSCFG_2,Dut,sendCommand,PASS,,Nov 12 2019 4:39:40.3270 PM,Nov 12 2019 4:39:40.3720 PM,.0452
54. QUERY_SFC_WRITE_SYSCFG_2,Dut,sendCommand,PASS,,Nov 12 2019 4:39:40.3730 PM,Nov 12 2019 4:39:40.4200 PM,.0464
54. QUERY_SFC_WRITE_SYSCFG_2,Dut,sendCommand,PASS,,Nov 12 2019 4:39:40.4220 PM,Nov 12 2019 4:39:40.4680 PM,.0454
54. QUERY_SFC_WRITE_SYSCFG_2,Dut,sendCommand,PASS,,Nov 12 2019 4:39:40.4690 PM,Nov 12 2019 4:39:40.5160 PM,.0465
54. QUERY_SFC_WRITE_SYSCFG_2,Dut,sendCommand,PASS,,Nov 12 2019 4:39:40.5180 PM,Nov 12 2019 4:39:40.5640 PM,.0453
54. QUERY_SFC_WRITE_SYSCFG_2,Dut,sendCommand,PASS,,Nov 12 2019 4:39:40.5650 PM,Nov 12 2019 4:39:40.6090 PM,.0443
54. QUERY_SFC_WRITE_SYSCFG_2,Dut,sendCommand,PASS,,Nov 12 2019 4:39:40.6120 PM,Nov 12 2019 4:39:40.6570 PM,.0455
54. QUERY_SFC_WRITE_SYSCFG_2,Dut,sendCommand,PASS,,Nov 12 2019 4:39:40.6590 PM,Nov 12 2019 4:39:40.7050 PM,.0459
54. QUERY_SFC_WRITE_SYSCFG_2,Dut,sendCommand,PASS,,Nov 12 2019 4:39:40.7080 PM,Nov 12 2019 4:39:40.7530 PM,.0455
54. QUERY_SFC_WRITE_SYSCFG_2,Dut,sendCommand,PASS,,Nov 12 2019 4:39:40.7550 PM,Nov 12 2019 4:39:40.8000 PM,.0454
54. QUERY_SFC_WRITE_SYSCFG_2,Dut,sendCommand,PASS,,Nov 12 2019 4:39:40.8030 PM,Nov 12 2019 4:39:40.8630 PM,.0603
54. QUERY_SFC_WRITE_SYSCFG_2,Dut,sendCommand,PASS,,Nov 12 2019 4:39:40.8650 PM,Nov 12 2019 4:39:40.9070 PM,.0422
55. BATTERY_PROPERTIES,Dut,sendCommand,PASS,,Nov 12 2019 4:39:40.9130 PM,Nov 12 2019 4:39:40.9550 PM,.0412
55. BATTERY_PROPERTIES,Dut,sendCommand,PASS,,Nov 12 2019 4:39:40.9570 PM,Nov 12 2019 4:39:41.1460 PM,.1899
55. BATTERY_PROPERTIES,Dut,sendCommand,PASS,,Nov 12 2019 4:39:41.1480 PM,Nov 12 2019 4:39:42.1790 PM,1.0306
55. BATTERY_PROPERTIES,Dut,sendCommand,PASS,,Nov 12 2019 4:39:42.1800 PM,Nov 12 2019 4:39:42.5090 PM,.3287
55. BATTERY_PROPERTIES,Dut,sendCommand,PASS,,Nov 12 2019 4:39:42.5110 PM,Nov 12 2019 4:39:43.1930 PM,.682
55. BATTERY_PROPERTIES,Dut,sendCommand,PASS,,Nov 12 2019 4:39:43.1950 PM,Nov 12 2019 4:39:43.3790 PM,.1837
55. BATTERY_PROPERTIES,Dut,sendCommand,PASS,,Nov 12 2019 4:39:43.3810 PM,Nov 12 2019 4:39:43.5550 PM,.1736
55. BATTERY_PROPERTIES,Dut,sendCommand,PASS,,Nov 12 2019 4:39:43.5570 PM,Nov 12 2019 4:39:44.3610 PM,.8049
55. BATTERY_PROPERTIES,Dut,sendCommand,PASS,,Nov 12 2019 4:39:44.3650 PM,Nov 12 2019 4:39:44.5480 PM,.183
56. MAGNETITE_RESET,Dut,sendCommand,PASS,,Nov 12 2019 4:39:44.5540 PM,Nov 12 2019 4:39:44.6000 PM,.0461
,Dut,close,PASS,,Nov 12 2019 4:39:44.6020 PM,Nov 12 2019 4:39:44.6030 PM,.0005
Copy Log,RunCommand,RunCommandWithParameter,PASS,,Nov 12 2019 4:39:44.6100 PM,Nov 12 2019 4:39:44.6200 PM,.01
Copy Log,RunCommand,RunCommandWithParameter,PASS,,Nov 12 2019 4:39:44.6220 PM,Nov 12 2019 4:39:44.6340 PM,.0121
Copy Log,RunCommand,RunCommandWithParameter,PASS,,Nov 12 2019 4:39:44.6360 PM,Nov 12 2019 4:39:44.6470 PM,.0114
Copy Log,RunCommand,RunCommandWithParameter,PASS,,Nov 12 2019 4:39:44.6490 PM,Nov 12 2019 4:39:44.6630 PM,.0143
Copy Log,RunCommand,RunCommandWithParameter,PASS,,Nov 12 2019 4:39:44.6660 PM,Nov 12 2019 4:39:44.6790 PM,.0128
Copy Log,RunCommand,RunCommandWithParameter,PASS,,Nov 12 2019 4:39:44.6800 PM,Nov 12 2019 4:39:44.6920 PM,.012
Copy Log,DRCB,addBlob,PASS,,Nov 12 2019 4:39:44.6940 PM,Nov 12 2019 4:39:44.6950 PM,.0002
57. END_CONTROLBIT,DRCB,finish,PASS,,Nov 12 2019 4:39:44.7000 PM,Nov 12 2019 4:39:45.1120 PM,.4124
,Dut,open,PASS,,Nov 12 2019 4:39:45.1150 PM,Nov 12 2019 4:39:45.1770 PM,.0614
58. UNIT STANDBY,Dut,sendCommand,PASS,,Nov 12 2019 4:39:45.1810 PM,Nov 12 2019 4:39:45.2820 PM,.1015
,Dut,close,PASS,,Nov 12 2019 4:39:45.2890 PM,Nov 12 2019 4:39:45.2890 PM,.0004
