FATP-FWDL,V1.1.3.0_forINN_debug
Site, Product, SerialNumber, Special Build Name, Special Build Description, Unit Number, Station ID, Test Pass/Fail Status, StartTime, EndTime, Version, List of Failing Tests,Scan_SN,Start_Data_Reporting,Start_Data_Reporting,Start_Data_Reporting,Start_Data_Reporting,BUILD_EVENT,S_BUILD,WO_SN,SUB_SN,UNIT_LBL,P203_FW_DEV,Read_MLB_SN,Check_MLB_SN,Read_STFW_Version_Before_DL,Read_MTFW_Version_Before_DL,Program_Main_FW,Program_MTFW,Read_Main_FW_Version_After_DL,Read_Main_FW_Version_After_DL,Read_MTFW_After_DL,Read_MTFW_After_DL,Read_CCG3_FW_After_DL,
Upper Limited-------->,,,,,,,,,,,,,,,,,,,,,,,,PASS,,,PASS,PASS,352,,1285,,,
Lower Limited-------->,,,,,,,,,,,,,,,,,,,,,,,,PASS,,,PASS,PASS,352,,1285,,,
Measurement Units---->,,,,,,,,,,,,,,,,,,,,,,,,,NA,NA,,,NA,,NA,,,
FXLH,R118,FTPZ9064P3HR,,R118-P2_P21AEN-LHWTE2,,FXLH_F05-4FT-02_5_SW-DOWNLOAD,PASS,09-10-15:10:53,106.34,V1.1.3.0_forINN_debug,PASS,FTPZ9064P3HR,Atlas 1.9.2,FTPZ9064P3HR,V1.1.3.0_forINN_debug,1,R118-P2,R118-P2_P21AEN-LHWTE2,WMT-J80009,DKB9357006DN67807,R118-P2_P21AEN-LHWTE2_C00255,1.2.5-F(DVT),DLX9354003LN6R520,PASS,352,1285,PASS,PASS,352,0x0160,1285,0x0505,A0 02 00 0A 00 0A 00 0A,
