GATEKEEPER,V2.2.3.1
Site, Product, SerialNumber, Special Build Name, Special Build Description, Unit Number, Station ID, Test Pass/Fail Status, StartTime, EndTime, Version, List of Failing Tests,Scan_FG_SN,Start Data Reporting,Start Data Reporting,Start Data Reporting,Start Data Reporting,Check_All_CB - CB_STATUS_MLB-FCT,Check_All_CB - ABS_ERASE_MLB-FCT,Check_All_CB - ABS_FAIL_MLB-FCT,Check_All_CB - REL_FAIL_MLB-FCT,Check_All_CB - CB_STATUS_TEST1,Check_All_CB - ABS_ERASE_TEST1,Check_All_CB - ABS_FAIL_TEST1,Check_All_CB - REL_FAIL_TEST1,Check_All_CB - CB_STATUS_QT0,Check_All_CB - ABS_ERASE_QT0,Check_All_CB - ABS_FAIL_QT0,Check_All_CB - REL_FAIL_QT0,Check_All_CB - CB_STATUS_DFU2-FTW,Check_All_CB - ABS_ERASE_DFU2-FTW,Check_All_CB - ABS_FAIL_DFU2-FTW,Check_All_CB - REL_FAIL_DFU2-FTW,Check_All_CB - CB_STATUS_QT1,Check_All_CB - ABS_ERASE_QT1,Check_All_CB - ABS_FAIL_QT1,Check_All_CB - REL_FAIL_QT1,Check_All_CB - CB_STATUS_LED-TEST,Check_All_CB - ABS_ERASE_LED-TEST,Check_All_CB - ABS_FAIL_LED-TEST,Check_All_CB - REL_FAIL_LED-TEST,Check_All_CB - CB_STATUS_KEY-FORCE,Check_All_CB - ABS_ERASE_KEY-FORCE,Check_All_CB - ABS_FAIL_KEY-FORCE,Check_All_CB - REL_FAIL_KEY-FORCE,Check_All_CB - CB_STATUS_TEST2,Check_All_CB - ABS_ERASE_TEST2,Check_All_CB - ABS_FAIL_TEST2,Check_All_CB - REL_FAIL_TEST2,Check_All_CB - CB_STATUS_MMI,Check_All_CB - ABS_ERASE_MMI,Check_All_CB - ABS_FAIL_MMI,Check_All_CB - REL_FAIL_MMI,Check_All_CB - CB_STATUS_SW-DOWNLOAD,Check_All_CB - ABS_ERASE_SW-DOWNLOAD,Check_All_CB - ABS_FAIL_SW-DOWNLOAD,Check_All_CB - REL_FAIL_SW-DOWNLOAD,Check_Bootargs_Status,Read_FG_SN,Compare_FG_SN,MLB_SN,WO_SN,UNIT_LBL,BUILD_EVENT,S_BUILD,KBM_SN,BACKLIGHT_SN,TRACKPAD_SN,TOUCH_FLEX_SN,Check_EP_Status,EP_Enable_All,STFW - STFW,STFW,Read_HW_Version,GreenPAK_ID,TOUCH_FW - Touch_FW,TOUCH_FW,Read_CCG3_FW,Production_Signed_Check,Read_KBD_HW_Layout,Get_KBD_HW_Layout,Compare_KBD_HW_Layout,Read_MLB_Lang,Get_KBD_Lang,Check_KBD_Lang,Read_MFI_Address,System_Critical_Errors - CRIT_ERR_E1_PART1,System_Critical_Errors - CRIT_ERR_E1_PART2,FW_Update_Critical_Errors - CRIT_ERR_E2_PART1,FW_Update_Critical_Errors - CRIT_ERR_E2_PART2,FW_Update_Critical_Errors - CRIT_ERR_E2_PART3,Key_Scan_Critical_Errors - CRIT_ERR_E7_PART1,Key_Scan_Critical_Errors - CRIT_ERR_E7_PART2,Key_Scan_Critical_Errors - CRIT_ERR_E7_PART3,Key_Scan_Critical_Errors - CRIT_ERR_E7_PART4,USBC_Critical_Errors - CRIT_ERR_E3_PART1,USBC_Critical_Errors - CRIT_ERR_E3_PART2,USBC_Critical_Errors - CRIT_ERR_E3_PART3,USBC_Critical_Errors - CRIT_ERR_E3_PART4,Grape_Critical_Errors - CRIT_ERR_E5_PART1,Grape_Critical_Errors - CRIT_ERR_E5_PART2,Grape_Critical_Errors - CRIT_ERR_E5_PART3,Grape_Critical_Errors - CRIT_ERR_E5_PART4,Grape_Critical_Errors - CRIT_ERR_E5_PART5,Grape_Critical_Errors - CRIT_ERR_E5_PART6,Grape_Critical_Errors - CRIT_ERR_E5_PART7,Grape_Critical_Errors - CRIT_ERR_E5_PART8,Grape_Critical_Errors - CRIT_ERR_E5_PART9,Grape_Critical_Errors - CRIT_ERR_E5_PART10,Critical_Errors_Summary - CRIT_ERR_E0_PART1,Backlight_Critical_Errors - BL_CRI_ERR_PART1,Grape_Connector_Self_Critical_Errors - CRIT_ERR_D3_PART1,Grape_Connector_Self_Critical_Errors - CRIT_ERR_D3_PART2,Grape_Connector_Self_Critical_Errors - CRIT_ERR_D3_PART3,
Upper Limited-------->,,,,,,,,,,,,,,,,,3,,,,3,,,,3,,,,3,,,,3,,,,3,,,,3,,,,3,,,,3,,,,3,,,,,,,,,,,,,,,,,,,,,,,,,,,,,,,,,,,,,,,,,,,,,,,,,,,,,,,,,,,,,
Lower Limited-------->,,,,,,,,,,,,,,,,,3,,,,3,,,,3,,,,3,,,,3,,,,3,,,,3,,,,3,,,,3,,,,3,,,,,,,,,,,,,,,,,,,,,,,,,,,,,,,,,,,,,,,,,,,,,,,,,,,,,,,,,,,,,
Measurement Units---->,,,,,,,,,,,,,,,,,,,,,,,,,,,,,,,,,,,,,,,,,,,,,,,,,,,,,,,,,,,,,,,,,,,,,,,NA,,,,NA,,,,,,,,,,,,,,,,,,,,,,,,,,,,,,,,,,,,,,,
FXLH,R128,FTPZD009P3LY,,R128-P2_P22AEN-S1,,FXLH_F05-4FT-01_3_GATEKEEPER,FAIL,09-14-16:13:59,62.97,V2.2.3.1,Check_All_CB; Grape_Connector_Self_Critical_Errors,FTPZD009P3LY,Atlas 1.9.2,FTPZD009P3LY,V2.2.3.1,1,0,0,0,0,0,0,0,0,0,0,0,0,3,0,0,0,0,0,0,0,0,0,0,0,0,0,0,0,0,0,0,0,0,0,0,0,0,0,0,0,15 00 00 00 ,FTPZD009P3LY,Pass,DLX9373000AN47324,WCR-J90002,R128-P2_P22AEN-S1_C01035,R128-P2,R128-P2_P22AEN-S1,C4P9315000NJCPQ3X,GV29357000TN5TG2G,FM7934700CWKG9X4X+S5J,C47935505YQJFK022,13 00 00 00 00 ,Pass,352,0x0160,0x03,02,1285,0x0505,A0 02 00 0B 00 0B 00 0B ,0x00,0x21,0x21,Pass,02 01 01 05 49 ,02 01 01 05 49,Pass,0x10,8704,0,0,0,0,0,0,0,0,0,0,0,0,16777216,0,0,0,0,0,16842752,16777216,0,0,0,0,17437701,83888660,570621952,
