document_version, 1.0
station_name,SW-DOWNLOAD
station_id,FXLH_F05-4FT-02_1_SW-DOWNLOAD
station_sw,Atlas
station_sw_version,Atlas

tag,start_time,duration
Scan_SN, 1569207664.00, 10.32
EP_DISABLE_TP, 1569207674.32, 7.21
Start_Data_Reporting, 1569207681.52, 0.02
Get_SFC_Info, 1569207681.54, 0.05
BUILD_EVENT, 1569207681.59, 0.00
S_BUILD, 1569207681.60, 0.00
WO_SN, 1569207681.60, 0.00
SUB_SN, 1569207681.60, 0.00
UNIT_LBL, 1569207681.60, 0.00
Start_Control_Bit, 1569207681.61, 0.34
P203_FW, 1569207681.95, 0.02
Auth_Check, 1569207681.97, 4.20
Query_MLB_SN, 1569207686.17, 0.00
Read_MLB_SN, 1569207686.17, 1.05
Check_MLB_SN, 1569207687.22, 0.00
Read_STFW_Version_Before_DL, 1569207687.23, 0.49
Read_MTFW_Version_Before_DL, 1569207687.71, 0.48
Read_CCG3_FW_Version, 1569207688.19, 0.97
Program_STFW, 1569207689.17, 41.96
Program_MTFW, 1569207731.13, 25.52
Read_STFW_Version_After_DL, 1569207756.65, 0.42
Read_MTFW_Version_After_DL, 1569207757.08, 0.43
