Related Test,Name-1,Name-2,Name-3,Status,Info,Measurement,Units,Upper Limit,Lower Limit,Relaxed Upper Limit,Relaxed Lower Limit,Limit Units,Start Time,End Time,Duration (s)
Scan_SN,,,,,,,,,,,,,Sep 23 2019 11:01:04.0000 AM,Sep 23 2019 11:01:14.3120 AM,10.3115
Scan_SN,Scan_SN,AtlasApp-Hyperion,show-form,PASS,,,,,,,,,Sep 23 2019 11:01:04.0020 AM,Sep 23 2019 11:01:08.3460 AM,4.344
Scan_SN,Scan_SN,ECB,changeDelimiter,PASS,,,,,,,,,Sep 23 2019 11:01:08.3490 AM,Sep 23 2019 11:01:08.3490 AM,0
Scan_SN,Scan_SN,ECB,changeLineTerminator,PASS,,,,,,,,,Sep 23 2019 11:01:08.3510 AM,Sep 23 2019 11:01:08.3510 AM,0
Scan_SN,Scan_SN,ECB,open,PASS,,,,,,,,,Sep 23 2019 11:01:08.3530 AM,Sep 23 2019 11:01:09.9500 AM,1.5972
Scan_SN,Scan_SN,ECB,read,PASS,,,,,,,,,Sep 23 2019 11:01:09.9520 AM,Sep 23 2019 11:01:09.9770 AM,.0254
Scan_SN,Scan_SN,P203,changeDelimiter,PASS,,,,,,,,,Sep 23 2019 11:01:09.9790 AM,Sep 23 2019 11:01:09.9790 AM,0
Scan_SN,Scan_SN,P203,changeLineTerminator,PASS,,,,,,,,,Sep 23 2019 11:01:09.9810 AM,Sep 23 2019 11:01:09.9810 AM,0
Scan_SN,Scan_SN,P203,open,PASS,,,,,,,,,Sep 23 2019 11:01:09.9830 AM,Sep 23 2019 11:01:11.5760 AM,1.5934
Scan_SN,Scan_SN,P203,read,PASS,,,,,,,,,Sep 23 2019 11:01:11.5780 AM,Sep 23 2019 11:01:11.6060 AM,.0287
Scan_SN,Scan_SN,[ECB] SIGNAL CONTROL(1),sendCommand,PASS,,,,,,,,,Sep 23 2019 11:01:12.1800 AM,Sep 23 2019 11:01:12.1920 AM,.0117
Scan_SN,Scan_SN,"[Hid] /usr/local/bin/hidreport -v 0x05ac -p 0x026E -u 0xff00,0xb",,PASS,,,,,,,,,Sep 23 2019 11:01:14.3050 AM,Sep 23 2019 11:01:14.3050 AM,0
Scan_SN,Scan_SN,IOFileHandle,writeToFile,PASS,,,,,,,,,Sep 23 2019 11:01:14.3070 AM,Sep 23 2019 11:01:14.3070 AM,.0005
Scan_SN,Scan_SN,StationReportPlugin,isReporting,PASS,,,,,,,,,Sep 23 2019 11:01:14.3110 AM,Sep 23 2019 11:01:14.3110 AM,0
EP_DISABLE_TP,,,,,,,,,,,,,Sep 23 2019 11:01:14.3160 AM,Sep 23 2019 11:01:21.5210 AM,7.2053
EP_DISABLE_TP,EP_DISABLE_TP,[Hid] /usr/local/bin/hidreport -p 0x026E -i 0 set 0x3D 0x3D 0x13 0x0 0x0 0x0,,PASS,,,,,,,,,Sep 23 2019 11:01:14.4150 AM,Sep 23 2019 11:01:14.4150 AM,0
EP_DISABLE_TP,EP_DISABLE_TP,IOFileHandle,writeToFile,PASS,,,,,,,,,Sep 23 2019 11:01:14.4170 AM,Sep 23 2019 11:01:14.4170 AM,.0002
EP_DISABLE_TP,EP_DISABLE_TP,[Hid] /usr/local/bin/hidreport -p 0x026E -i 0 set 0x3E 0x3E 0x13 0x0 0x0 0x0 0x2,,PASS,,,,,,,,,Sep 23 2019 11:01:14.8890 AM,Sep 23 2019 11:01:14.8890 AM,0
EP_DISABLE_TP,EP_DISABLE_TP,IOFileHandle,writeToFile-2,PASS,,,,,,,,,Sep 23 2019 11:01:14.8910 AM,Sep 23 2019 11:01:14.8910 AM,.0001
EP_DISABLE_TP,EP_DISABLE_TP,[ECB] SIGNAL CONTROL(0),sendCommand,PASS,,,,,,,,,Sep 23 2019 11:01:15.2670 AM,Sep 23 2019 11:01:15.2920 AM,.0252
EP_DISABLE_TP,EP_DISABLE_TP,[ECB] SIGNAL CONTROL(1),sendCommand,PASS,,,,,,,,,Sep 23 2019 11:01:18.3630 AM,Sep 23 2019 11:01:18.3760 AM,.0132
EP_DISABLE_TP,EP_DISABLE_TP,P203,read,PASS,,,,,,,,,Sep 23 2019 11:01:21.4500 AM,Sep 23 2019 11:01:21.4800 AM,.0295
EP_DISABLE_TP,EP_DISABLE_TP,"[Hid] /usr/local/bin/hidreport -v 0x05ac -p 0x026E -u 0xff00,0xb",,PASS,,,,,,,,,Sep 23 2019 11:01:21.5190 AM,Sep 23 2019 11:01:21.5190 AM,0
EP_DISABLE_TP,EP_DISABLE_TP,IOFileHandle,writeToFile-3,PASS,,,,,,,,,Sep 23 2019 11:01:21.5200 AM,Sep 23 2019 11:01:21.5200 AM,.0001
Start_Data_Reporting,,,,,,,,,,,,,Sep 23 2019 11:01:21.5250 AM,Sep 23 2019 11:01:21.5400 AM,.0158
Start_Data_Reporting,Start_Data_Reporting,DRCB,StartDataReporting,PASS,,,,,,,,,Sep 23 2019 11:01:21.5300 AM,Sep 23 2019 11:01:21.5400 AM,.0093
Get_SFC_Info,,,,,,,,,,,,,Sep 23 2019 11:01:21.5430 AM,Sep 23 2019 11:01:21.5910 AM,.0476
Get_SFC_Info,Get_SFC_Info,SFCSupport,getAttributes,PASS,,,,,,,,,Sep 23 2019 11:01:21.5450 AM,Sep 23 2019 11:01:21.5710 AM,.0266
Get_SFC_Info,Get_SFC_Info,GET SFC info - wo_no,WMT-J90026,PASS,,,,,,,,,Sep 23 2019 11:01:21.5720 AM,Sep 23 2019 11:01:21.5720 AM,0
Get_SFC_Info,Get_SFC_Info,SFCSupport,getAttributes-2,PASS,,,,,,,,,Sep 23 2019 11:01:21.5740 AM,Sep 23 2019 11:01:21.5780 AM,.0041
Get_SFC_Info,Get_SFC_Info,GET SFC info - pansa,DKB938400AAN6780S,PASS,,,,,,,,,Sep 23 2019 11:01:21.5780 AM,Sep 23 2019 11:01:21.5780 AM,0
Get_SFC_Info,Get_SFC_Info,SFCSupport,getAttributes-3,PASS,,,,,,,,,Sep 23 2019 11:01:21.5790 AM,Sep 23 2019 11:01:21.5840 AM,.0042
Get_SFC_Info,Get_SFC_Info,GET SFC info - unit_lbl,R118-P2_P21IAR-M7_C01041,PASS,,,,,,,,,Sep 23 2019 11:01:21.5840 AM,Sep 23 2019 11:01:21.5840 AM,0
Get_SFC_Info,Get_SFC_Info,SFCSupport,getAttributes-4,PASS,,,,,,,,,Sep 23 2019 11:01:21.5850 AM,Sep 23 2019 11:01:21.5900 AM,.0042
Get_SFC_Info,Get_SFC_Info,GET SFC info - mlb_sn,DLX93820034N6R529,PASS,,,,,,,,,Sep 23 2019 11:01:21.5900 AM,Sep 23 2019 11:01:21.5900 AM,0
BUILD_EVENT,,,,,,,,,,,,,Sep 23 2019 11:01:21.5930 AM,Sep 23 2019 11:01:21.5940 AM,.0007
BUILD_EVENT,BUILD_EVENT,Build_EVENT,R118-P2,PASS,,,,,,,,,Sep 23 2019 11:01:21.5930 AM,Sep 23 2019 11:01:21.5930 AM,0
S_BUILD,,,,,,,,,,,,,Sep 23 2019 11:01:21.5960 AM,Sep 23 2019 11:01:21.5960 AM,.0007
S_BUILD,S_BUILD,S_BUILD,R118-P2_P21IAR-M7,PASS,,,,,,,,,Sep 23 2019 11:01:21.5960 AM,Sep 23 2019 11:01:21.5960 AM,0
WO_SN,,,,,,,,,,,,,Sep 23 2019 11:01:21.5980 AM,Sep 23 2019 11:01:21.5990 AM,.0006
WO_SN,WO_SN,Get wo_no Pass,,PASS,,,,,,,,,Sep 23 2019 11:01:21.5990 AM,Sep 23 2019 11:01:21.5990 AM,0
SUB_SN,,,,,,,,,,,,,Sep 23 2019 11:01:21.6010 AM,Sep 23 2019 11:01:21.6020 AM,.0006
SUB_SN,SUB_SN,Get pansa Pass,,PASS,,,,,,,,,Sep 23 2019 11:01:21.6020 AM,Sep 23 2019 11:01:21.6020 AM,0
UNIT_LBL,,,,,,,,,,,,,Sep 23 2019 11:01:21.6040 AM,Sep 23 2019 11:01:21.6040 AM,.0006
UNIT_LBL,UNIT_LBL,Get unit_lbl Pass,,PASS,,,,,,,,,Sep 23 2019 11:01:21.6040 AM,Sep 23 2019 11:01:21.6040 AM,0
Start_Control_Bit,,,,,,,,,,,,,Sep 23 2019 11:01:21.6060 AM,Sep 23 2019 11:01:21.9480 AM,.3421
Start_Control_Bit,Start_Control_Bit,DRCB,StartControlBits,PASS,,,,,,,,,Sep 23 2019 11:01:21.6080 AM,Sep 23 2019 11:01:21.9470 AM,.3397
P203_FW,,,,,,,,,,,,,Sep 23 2019 11:01:21.9510 AM,Sep 23 2019 11:01:21.9710 AM,.0209
P203_FW,P203_FW,[P203] v,sendCommand,PASS,,,,,,,,,Sep 23 2019 11:01:21.9520 AM,Sep 23 2019 11:01:21.9700 AM,.0185
P203_FW,P203_FW,P203_FW,,PASS,,,,,,,,,Sep 23 2019 11:01:21.9710 AM,Sep 23 2019 11:01:21.9710 AM,0
Auth_Check,,,,,,,,,,,,,Sep 23 2019 11:01:21.9740 AM,Sep 23 2019 11:01:26.1610 AM,4.1873
Auth_Check,Auth_Check,P203,read,PASS,,,,,,,,,Sep 23 2019 11:01:21.9750 AM,Sep 23 2019 11:01:21.9760 AM,.0002
Auth_Check,Auth_Check,P203,read-2,PASS,,,,,,,,,Sep 23 2019 11:01:21.9780 AM,Sep 23 2019 11:01:22.0040 AM,.0261
Auth_Check,Auth_Check,[P203] aid tx bd 1 3 24 71 4 10 0 00,sendCommandChars,PASS,,,,,,,,,Sep 23 2019 11:01:22.0050 AM,Sep 23 2019 11:01:22.0760 AM,.0711
Auth_Check,Auth_Check,P203,read-3,PASS,,,,,,,,,Sep 23 2019 11:01:22.0790 AM,Sep 23 2019 11:01:22.0790 AM,.0002
Auth_Check,Auth_Check,P203,read-4,PASS,,,,,,,,,Sep 23 2019 11:01:22.0810 AM,Sep 23 2019 11:01:22.1110 AM,.0301
Auth_Check,Auth_Check,P203,read-5,PASS,,,,,,,,,Sep 23 2019 11:01:22.1130 AM,Sep 23 2019 11:01:22.1410 AM,.0282
Auth_Check,Auth_Check,[P203] aid tx bd 2 2 24 71 4 10 8,sendCommandChars,PASS,,,,,,,,,Sep 23 2019 11:01:22.1420 AM,Sep 23 2019 11:01:22.1760 AM,.0336
Auth_Check,Auth_Check,1. Fetch device info,,PASS,,,,,,,,,Sep 23 2019 11:01:22.1780 AM,Sep 23 2019 11:01:22.1780 AM,0
Auth_Check,Auth_Check,      version: 0x07,,PASS,,,,,,,,,Sep 23 2019 11:01:22.1780 AM,Sep 23 2019 11:01:22.1780 AM,0
Auth_Check,Auth_Check,auth revision: 0x01,,PASS,,,,,,,,,Sep 23 2019 11:01:22.1780 AM,Sep 23 2019 11:01:22.1780 AM,0
Auth_Check,Auth_Check,auth protocol: 0x0300,,PASS,,,,,,,,,Sep 23 2019 11:01:22.1780 AM,Sep 23 2019 11:01:22.1780 AM,0
Auth_Check,Auth_Check,    device ID: 0x00000300,,PASS,,,,,,,,,Sep 23 2019 11:01:22.1780 AM,Sep 23 2019 11:01:22.1780 AM,0
Auth_Check,Auth_Check,P203,read-6,PASS,,,,,,,,,Sep 23 2019 11:01:22.1800 AM,Sep 23 2019 11:01:22.1800 AM,.0001
Auth_Check,Auth_Check,P203,read-7,PASS,,,,,,,,,Sep 23 2019 11:01:22.1810 AM,Sep 23 2019 11:01:22.2110 AM,.0298
Auth_Check,Auth_Check,[P203] aid tx bd 3 3 24 71 4 10 0 30,sendCommandChars,PASS,,,,,,,,,Sep 23 2019 11:01:22.2120 AM,Sep 23 2019 11:01:22.2480 AM,.0352
Auth_Check,Auth_Check,P203,read-8,PASS,,,,,,,,,Sep 23 2019 11:01:22.2500 AM,Sep 23 2019 11:01:22.2500 AM,.0001
Auth_Check,Auth_Check,P203,read-9,PASS,,,,,,,,,Sep 23 2019 11:01:22.2520 AM,Sep 23 2019 11:01:22.2790 AM,.0276
Auth_Check,Auth_Check,P203,read-10,PASS,,,,,,,,,Sep 23 2019 11:01:22.2810 AM,Sep 23 2019 11:01:22.3120 AM,.0304
Auth_Check,Auth_Check,[P203] aid tx bd 4 2 24 71 4 10 2,sendCommandChars,PASS,,,,,,,,,Sep 23 2019 11:01:22.3130 AM,Sep 23 2019 11:01:22.3470 AM,.0336
Auth_Check,Auth_Check,2. Fetch cert length,,PASS,,,,,,,,,Sep 23 2019 11:01:22.3490 AM,Sep 23 2019 11:01:22.3490 AM,0
Auth_Check,Auth_Check,P203,read-11,PASS,,,,,,,,,Sep 23 2019 11:01:22.3500 AM,Sep 23 2019 11:01:22.3500 AM,.0001
Auth_Check,Auth_Check,P203,read-12,PASS,,,,,,,,,Sep 23 2019 11:01:22.3510 AM,Sep 23 2019 11:01:22.3720 AM,.0205
Auth_Check,Auth_Check,[P203] aid tx bd 5 3 24 71 4 10 0 31,sendCommandChars,PASS,,,,,,,,,Sep 23 2019 11:01:22.3730 AM,Sep 23 2019 11:01:22.3940 AM,.0205
Auth_Check,Auth_Check,P203,read-13,PASS,,,,,,,,,Sep 23 2019 11:01:22.3960 AM,Sep 23 2019 11:01:22.4090 AM,.0128
Auth_Check,Auth_Check,P203,read-14,PASS,,,,,,,,,Sep 23 2019 11:01:22.4100 AM,Sep 23 2019 11:01:22.4320 AM,.0216
Auth_Check,Auth_Check,P203,read-15,PASS,,,,,,,,,Sep 23 2019 11:01:22.4340 AM,Sep 23 2019 11:01:22.4620 AM,.0281
Auth_Check,Auth_Check,[P203] aid tx bd 6 2 24 71 4 10 23,sendCommandChars,PASS,,,,,,,,,Sep 23 2019 11:01:22.4640 AM,Sep 23 2019 11:01:22.4980 AM,.0346
Auth_Check,Auth_Check,P203,read-16,PASS,,,,,,,,,Sep 23 2019 11:01:22.5010 AM,Sep 23 2019 11:01:22.5010 AM,.0002
Auth_Check,Auth_Check,P203,read-17,PASS,,,,,,,,,Sep 23 2019 11:01:22.5020 AM,Sep 23 2019 11:01:22.5320 AM,.0301
Auth_Check,Auth_Check,P203,read-18,PASS,,,,,,,,,Sep 23 2019 11:01:22.5340 AM,Sep 23 2019 11:01:22.5630 AM,.0283
Auth_Check,Auth_Check,[P203] aid tx bd 7 2 24 71 4 10 23,sendCommandChars,PASS,,,,,,,,,Sep 23 2019 11:01:22.5640 AM,Sep 23 2019 11:01:22.5990 AM,.0348
Auth_Check,Auth_Check,P203,read-19,PASS,,,,,,,,,Sep 23 2019 11:01:22.6020 AM,Sep 23 2019 11:01:22.6020 AM,.0002
Auth_Check,Auth_Check,P203,read-20,PASS,,,,,,,,,Sep 23 2019 11:01:22.6030 AM,Sep 23 2019 11:01:22.6330 AM,.0296
Auth_Check,Auth_Check,P203,read-21,PASS,,,,,,,,,Sep 23 2019 11:01:22.6350 AM,Sep 23 2019 11:01:22.6630 AM,.0284
Auth_Check,Auth_Check,[P203] aid tx bd 8 2 24 71 4 10 23,sendCommandChars,PASS,,,,,,,,,Sep 23 2019 11:01:22.6640 AM,Sep 23 2019 11:01:22.7000 AM,.0356
Auth_Check,Auth_Check,P203,read-22,PASS,,,,,,,,,Sep 23 2019 11:01:22.7030 AM,Sep 23 2019 11:01:22.7030 AM,.0002
Auth_Check,Auth_Check,P203,read-23,PASS,,,,,,,,,Sep 23 2019 11:01:22.7040 AM,Sep 23 2019 11:01:22.7340 AM,.0294
Auth_Check,Auth_Check,P203,read-24,PASS,,,,,,,,,Sep 23 2019 11:01:22.7360 AM,Sep 23 2019 11:01:22.7640 AM,.0279
Auth_Check,Auth_Check,[P203] aid tx bd 9 2 24 71 4 10 17,sendCommandChars,PASS,,,,,,,,,Sep 23 2019 11:01:22.7650 AM,Sep 23 2019 11:01:22.8020 AM,.0366
Auth_Check,Auth_Check,P203,read-25,PASS,,,,,,,,,Sep 23 2019 11:01:22.8060 AM,Sep 23 2019 11:01:22.8060 AM,.0002
Auth_Check,Auth_Check,P203,read-26,PASS,,,,,,,,,Sep 23 2019 11:01:22.8080 AM,Sep 23 2019 11:01:22.8340 AM,.0259
Auth_Check,Auth_Check,[P203] aid tx bd a 3 24 71 4 10 0 32,sendCommandChars,PASS,,,,,,,,,Sep 23 2019 11:01:22.8350 AM,Sep 23 2019 11:01:22.8710 AM,.0355
Auth_Check,Auth_Check,P203,read-27,PASS,,,,,,,,,Sep 23 2019 11:01:22.8730 AM,Sep 23 2019 11:01:22.8730 AM,.0001
Auth_Check,Auth_Check,P203,read-28,PASS,,,,,,,,,Sep 23 2019 11:01:22.8750 AM,Sep 23 2019 11:01:22.9040 AM,.0291
Auth_Check,Auth_Check,P203,read-29,PASS,,,,,,,,,Sep 23 2019 11:01:22.9060 AM,Sep 23 2019 11:01:22.9340 AM,.0282
Auth_Check,Auth_Check,[P203] aid tx bd b 2 24 71 4 10 23,sendCommandChars,PASS,,,,,,,,,Sep 23 2019 11:01:22.9360 AM,Sep 23 2019 11:01:22.9710 AM,.035
Auth_Check,Auth_Check,P203,read-30,PASS,,,,,,,,,Sep 23 2019 11:01:22.9730 AM,Sep 23 2019 11:01:22.9730 AM,.0001
Auth_Check,Auth_Check,P203,read-31,PASS,,,,,,,,,Sep 23 2019 11:01:22.9740 AM,Sep 23 2019 11:01:23.0040 AM,.03
Auth_Check,Auth_Check,P203,read-32,PASS,,,,,,,,,Sep 23 2019 11:01:23.0060 AM,Sep 23 2019 11:01:23.0350 AM,.0282
Auth_Check,Auth_Check,[P203] aid tx bd c 2 24 71 4 10 23,sendCommandChars,PASS,,,,,,,,,Sep 23 2019 11:01:23.0360 AM,Sep 23 2019 11:01:23.0710 AM,.0352
Auth_Check,Auth_Check,P203,read-33,PASS,,,,,,,,,Sep 23 2019 11:01:23.0740 AM,Sep 23 2019 11:01:23.0740 AM,.0002
Auth_Check,Auth_Check,P203,read-34,PASS,,,,,,,,,Sep 23 2019 11:01:23.0750 AM,Sep 23 2019 11:01:23.1050 AM,.0294
Auth_Check,Auth_Check,P203,read-35,PASS,,,,,,,,,Sep 23 2019 11:01:23.1070 AM,Sep 23 2019 11:01:23.1350 AM,.0282
Auth_Check,Auth_Check,[P203] aid tx bd d 2 24 71 4 10 23,sendCommandChars,PASS,,,,,,,,,Sep 23 2019 11:01:23.1360 AM,Sep 23 2019 11:01:23.1710 AM,.0347
Auth_Check,Auth_Check,P203,read-36,PASS,,,,,,,,,Sep 23 2019 11:01:23.1740 AM,Sep 23 2019 11:01:23.1740 AM,.0001
Auth_Check,Auth_Check,P203,read-37,PASS,,,,,,,,,Sep 23 2019 11:01:23.1750 AM,Sep 23 2019 11:01:23.2050 AM,.0302
Auth_Check,Auth_Check,P203,read-38,PASS,,,,,,,,,Sep 23 2019 11:01:23.2080 AM,Sep 23 2019 11:01:23.2350 AM,.0278
Auth_Check,Auth_Check,[P203] aid tx bd e 2 24 71 4 10 17,sendCommandChars,PASS,,,,,,,,,Sep 23 2019 11:01:23.2370 AM,Sep 23 2019 11:01:23.2710 AM,.034
Auth_Check,Auth_Check,P203,read-39,PASS,,,,,,,,,Sep 23 2019 11:01:23.2740 AM,Sep 23 2019 11:01:23.2740 AM,.0001
Auth_Check,Auth_Check,P203,read-40,PASS,,,,,,,,,Sep 23 2019 11:01:23.2750 AM,Sep 23 2019 11:01:23.2960 AM,.0206
Auth_Check,Auth_Check,[P203] aid tx bd f 3 24 71 4 10 0 33,sendCommandChars,PASS,,,,,,,,,Sep 23 2019 11:01:23.2970 AM,Sep 23 2019 11:01:23.3180 AM,.0206
Auth_Check,Auth_Check,P203,read-41,PASS,,,,,,,,,Sep 23 2019 11:01:23.3210 AM,Sep 23 2019 11:01:23.3330 AM,.0119
Auth_Check,Auth_Check,P203,read-42,PASS,,,,,,,,,Sep 23 2019 11:01:23.3340 AM,Sep 23 2019 11:01:23.3560 AM,.022
Auth_Check,Auth_Check,P203,read-43,PASS,,,,,,,,,Sep 23 2019 11:01:23.3580 AM,Sep 23 2019 11:01:23.3860 AM,.0281
Auth_Check,Auth_Check,[P203] aid tx bd 10 2 24 71 4 10 23,sendCommandChars,PASS,,,,,,,,,Sep 23 2019 11:01:23.3880 AM,Sep 23 2019 11:01:23.4230 AM,.0351
Auth_Check,Auth_Check,P203,read-44,PASS,,,,,,,,,Sep 23 2019 11:01:23.4260 AM,Sep 23 2019 11:01:23.4260 AM,.0002
Auth_Check,Auth_Check,P203,read-45,PASS,,,,,,,,,Sep 23 2019 11:01:23.4270 AM,Sep 23 2019 11:01:23.4560 AM,.0293
Auth_Check,Auth_Check,P203,read-46,PASS,,,,,,,,,Sep 23 2019 11:01:23.4580 AM,Sep 23 2019 11:01:23.4870 AM,.0282
Auth_Check,Auth_Check,[P203] aid tx bd 11 2 24 71 4 10 23,sendCommandChars,PASS,,,,,,,,,Sep 23 2019 11:01:23.4880 AM,Sep 23 2019 11:01:23.5240 AM,.0365
Auth_Check,Auth_Check,P203,read-47,PASS,,,,,,,,,Sep 23 2019 11:01:23.5270 AM,Sep 23 2019 11:01:23.5270 AM,.0001
Auth_Check,Auth_Check,P203,read-48,PASS,,,,,,,,,Sep 23 2019 11:01:23.5280 AM,Sep 23 2019 11:01:23.5570 AM,.0283
Auth_Check,Auth_Check,P203,read-49,PASS,,,,,,,,,Sep 23 2019 11:01:23.5590 AM,Sep 23 2019 11:01:23.5870 AM,.0284
Auth_Check,Auth_Check,[P203] aid tx bd 12 2 24 71 4 10 23,sendCommandChars,PASS,,,,,,,,,Sep 23 2019 11:01:23.5890 AM,Sep 23 2019 11:01:23.6240 AM,.0356
Auth_Check,Auth_Check,P203,read-50,PASS,,,,,,,,,Sep 23 2019 11:01:23.6270 AM,Sep 23 2019 11:01:23.6270 AM,.0002
Auth_Check,Auth_Check,P203,read-51,PASS,,,,,,,,,Sep 23 2019 11:01:23.6280 AM,Sep 23 2019 11:01:23.6570 AM,.0287
Auth_Check,Auth_Check,P203,read-52,PASS,,,,,,,,,Sep 23 2019 11:01:23.6590 AM,Sep 23 2019 11:01:23.6850 AM,.026
Auth_Check,Auth_Check,[P203] aid tx bd 13 2 24 71 4 10 17,sendCommandChars,PASS,,,,,,,,,Sep 23 2019 11:01:23.6870 AM,Sep 23 2019 11:01:23.7220 AM,.0355
Auth_Check,Auth_Check,P203,read-53,PASS,,,,,,,,,Sep 23 2019 11:01:23.7250 AM,Sep 23 2019 11:01:23.7250 AM,.0001
Auth_Check,Auth_Check,P203,read-54,PASS,,,,,,,,,Sep 23 2019 11:01:23.7270 AM,Sep 23 2019 11:01:23.7480 AM,.021
Auth_Check,Auth_Check,[P203] aid tx bd 14 3 24 71 4 10 0 34,sendCommandChars,PASS,,,,,,,,,Sep 23 2019 11:01:23.7490 AM,Sep 23 2019 11:01:23.7870 AM,.0379
Auth_Check,Auth_Check,P203,read-55,PASS,,,,,,,,,Sep 23 2019 11:01:23.7890 AM,Sep 23 2019 11:01:23.7900 AM,.0001
Auth_Check,Auth_Check,P203,read-56,PASS,,,,,,,,,Sep 23 2019 11:01:23.7910 AM,Sep 23 2019 11:01:23.8180 AM,.0273
Auth_Check,Auth_Check,P203,read-57,PASS,,,,,,,,,Sep 23 2019 11:01:23.8200 AM,Sep 23 2019 11:01:23.8480 AM,.0281
Auth_Check,Auth_Check,[P203] aid tx bd 15 2 24 71 4 10 23,sendCommandChars,PASS,,,,,,,,,Sep 23 2019 11:01:23.8500 AM,Sep 23 2019 11:01:23.8850 AM,.0351
Auth_Check,Auth_Check,P203,read-58,PASS,,,,,,,,,Sep 23 2019 11:01:23.8870 AM,Sep 23 2019 11:01:23.8880 AM,.0001
Auth_Check,Auth_Check,P203,read-59,PASS,,,,,,,,,Sep 23 2019 11:01:23.8890 AM,Sep 23 2019 11:01:23.9190 AM,.0297
Auth_Check,Auth_Check,P203,read-60,PASS,,,,,,,,,Sep 23 2019 11:01:23.9210 AM,Sep 23 2019 11:01:23.9490 AM,.0276
Auth_Check,Auth_Check,[P203] aid tx bd 16 2 24 71 4 10 23,sendCommandChars,PASS,,,,,,,,,Sep 23 2019 11:01:23.9500 AM,Sep 23 2019 11:01:23.9860 AM,.0356
Auth_Check,Auth_Check,P203,read-61,PASS,,,,,,,,,Sep 23 2019 11:01:23.9880 AM,Sep 23 2019 11:01:23.9890 AM,.0001
Auth_Check,Auth_Check,P203,read-62,PASS,,,,,,,,,Sep 23 2019 11:01:23.9900 AM,Sep 23 2019 11:01:24.0190 AM,.029
Auth_Check,Auth_Check,P203,read-63,PASS,,,,,,,,,Sep 23 2019 11:01:24.0210 AM,Sep 23 2019 11:01:24.0490 AM,.0284
Auth_Check,Auth_Check,[P203] aid tx bd 17 2 24 71 4 10 23,sendCommandChars,PASS,,,,,,,,,Sep 23 2019 11:01:24.0510 AM,Sep 23 2019 11:01:24.0860 AM,.035
Auth_Check,Auth_Check,P203,read-64,PASS,,,,,,,,,Sep 23 2019 11:01:24.0900 AM,Sep 23 2019 11:01:24.0900 AM,.0002
Auth_Check,Auth_Check,P203,read-65,PASS,,,,,,,,,Sep 23 2019 11:01:24.0910 AM,Sep 23 2019 11:01:24.1190 AM,.0281
Auth_Check,Auth_Check,P203,read-66,PASS,,,,,,,,,Sep 23 2019 11:01:24.1210 AM,Sep 23 2019 11:01:24.1490 AM,.0282
Auth_Check,Auth_Check,[P203] aid tx bd 18 2 24 71 4 10 17,sendCommandChars,PASS,,,,,,,,,Sep 23 2019 11:01:24.1510 AM,Sep 23 2019 11:01:24.1850 AM,.0344
Auth_Check,Auth_Check,P203,read-67,PASS,,,,,,,,,Sep 23 2019 11:01:24.1890 AM,Sep 23 2019 11:01:24.1890 AM,.0002
Auth_Check,Auth_Check,P203,read-68,PASS,,,,,,,,,Sep 23 2019 11:01:24.1900 AM,Sep 23 2019 11:01:24.2200 AM,.0293
Auth_Check,Auth_Check,[P203] aid tx bd 19 3 24 71 4 10 0 35,sendCommandChars,PASS,,,,,,,,,Sep 23 2019 11:01:24.2210 AM,Sep 23 2019 11:01:24.2560 AM,.0352
Auth_Check,Auth_Check,P203,read-69,PASS,,,,,,,,,Sep 23 2019 11:01:24.2590 AM,Sep 23 2019 11:01:24.2590 AM,.0001
Auth_Check,Auth_Check,P203,read-70,PASS,,,,,,,,,Sep 23 2019 11:01:24.2600 AM,Sep 23 2019 11:01:24.2810 AM,.0208
Auth_Check,Auth_Check,P203,read-71,PASS,,,,,,,,,Sep 23 2019 11:01:24.2830 AM,Sep 23 2019 11:01:24.3100 AM,.0271
Auth_Check,Auth_Check,[P203] aid tx bd 1a 2 24 71 4 10 23,sendCommandChars,PASS,,,,,,,,,Sep 23 2019 11:01:24.3110 AM,Sep 23 2019 11:01:24.3460 AM,.0347
Auth_Check,Auth_Check,P203,read-72,PASS,,,,,,,,,Sep 23 2019 11:01:24.3490 AM,Sep 23 2019 11:01:24.3490 AM,.0002
Auth_Check,Auth_Check,P203,read-73,PASS,,,,,,,,,Sep 23 2019 11:01:24.3500 AM,Sep 23 2019 11:01:24.3800 AM,.0303
Auth_Check,Auth_Check,P203,read-74,PASS,,,,,,,,,Sep 23 2019 11:01:24.3820 AM,Sep 23 2019 11:01:24.4110 AM,.0285
Auth_Check,Auth_Check,[P203] aid tx bd 1b 2 24 71 4 10 23,sendCommandChars,PASS,,,,,,,,,Sep 23 2019 11:01:24.4120 AM,Sep 23 2019 11:01:24.4490 AM,.0365
Auth_Check,Auth_Check,P203,read-75,PASS,,,,,,,,,Sep 23 2019 11:01:24.4520 AM,Sep 23 2019 11:01:24.4520 AM,.0002
Auth_Check,Auth_Check,P203,read-76,PASS,,,,,,,,,Sep 23 2019 11:01:24.4530 AM,Sep 23 2019 11:01:24.4810 AM,.0275
Auth_Check,Auth_Check,P203,read-77,PASS,,,,,,,,,Sep 23 2019 11:01:24.4830 AM,Sep 23 2019 11:01:24.5110 AM,.0284
Auth_Check,Auth_Check,[P203] aid tx bd 1c 2 24 71 4 10 1a,sendCommandChars,PASS,,,,,,,,,Sep 23 2019 11:01:24.5130 AM,Sep 23 2019 11:01:24.5470 AM,.0348
Auth_Check,Auth_Check,3. Fetch cert,,PASS,,,,,,,,,Sep 23 2019 11:01:24.5490 AM,Sep 23 2019 11:01:24.5490 AM,0
Auth_Check,Auth_Check,IOFileHandle,writeCertFile,PASS,,,,,,,,,Sep 23 2019 11:01:24.5520 AM,Sep 23 2019 11:01:24.5580 AM,.0061
Auth_Check,Auth_Check,4. Save cert,,PASS,,,,,,,,,Sep 23 2019 11:01:24.5600 AM,Sep 23 2019 11:01:24.5600 AM,0
Auth_Check,Auth_Check,[Hid] /usr/local/bin/mfi-cert validate-cert v3 /Users/gdlocal/Intelli_Log/cert.der,,PASS,,,,,,,,,Sep 23 2019 11:01:24.6000 AM,Sep 23 2019 11:01:24.6000 AM,0
Auth_Check,Auth_Check,IOFileHandle,writeToFile,PASS,,,,,,,,,Sep 23 2019 11:01:24.6020 AM,Sep 23 2019 11:01:24.6020 AM,.0001
Auth_Check,Auth_Check,5. Validate cert,,PASS,,,,,,,,,Sep 23 2019 11:01:24.6030 AM,Sep 23 2019 11:01:24.6030 AM,0
Auth_Check,Auth_Check,[Hid] /usr/local/bin/mfi-cert gen-challenge /Users/gdlocal/Intelli_Log/cert.der /Users/gdlocal/Intelli_Log/challenge.bin,,PASS,,,,,,,,,Sep 23 2019 11:01:24.6410 AM,Sep 23 2019 11:01:24.6410 AM,0
Auth_Check,Auth_Check,IOFileHandle,writeToFile-2,PASS,,,,,,,,,Sep 23 2019 11:01:24.6420 AM,Sep 23 2019 11:01:24.6420 AM,.0001
Auth_Check,Auth_Check,6. Generate challenge,,PASS,,,,,,,,,Sep 23 2019 11:01:24.6430 AM,Sep 23 2019 11:01:24.6430 AM,0
Auth_Check,Auth_Check,P203,read-78,PASS,,,,,,,,,Sep 23 2019 11:01:24.6520 AM,Sep 23 2019 11:01:24.6520 AM,.0002
Auth_Check,Auth_Check,P203,read-79,PASS,,,,,,,,,Sep 23 2019 11:01:24.6540 AM,Sep 23 2019 11:01:24.6820 AM,.0278
Auth_Check,Auth_Check,[P203] aid tx bd 1d 5 24 71 4 10 0 20 00 20,sendCommandChars,PASS,,,,,,,,,Sep 23 2019 11:01:24.6830 AM,Sep 23 2019 11:01:24.7210 AM,.0381
Auth_Check,Auth_Check,P203,read-80,PASS,,,,,,,,,Sep 23 2019 11:01:24.7250 AM,Sep 23 2019 11:01:24.7250 AM,.0002
Auth_Check,Auth_Check,P203,read-81,PASS,,,,,,,,,Sep 23 2019 11:01:24.7270 AM,Sep 23 2019 11:01:24.7520 AM,.0252
Auth_Check,Auth_Check,[P203] aid tx bd 1e 23 24 71 4 10 0 21 c7 60 e1 2f 09 81 63 3f 75 02 ff fe 05 c7 ff 40 12 49 e7 96 b3 b2 55 c4 e0 9e 0c f2 3a 23 9f 2e,sendCommandChars,PASS,,,,,,,,,Sep 23 2019 11:01:24.7530 AM,Sep 23 2019 11:01:24.8240 AM,.0707
Auth_Check,Auth_Check,P203,read-82,PASS,,,,,,,,,Sep 23 2019 11:01:24.8270 AM,Sep 23 2019 11:01:24.8270 AM,.0001
Auth_Check,Auth_Check,P203,read-83,PASS,,,,,,,,,Sep 23 2019 11:01:24.8290 AM,Sep 23 2019 11:01:24.8520 AM,.0237
Auth_Check,Auth_Check,[P203] aid tx bd 1f 4 24 71 4 10 0 10 01,sendCommandChars,PASS,,,,,,,,,Sep 23 2019 11:01:24.8540 AM,Sep 23 2019 11:01:24.8920 AM,.0382
Auth_Check,Auth_Check,P203,read-84,PASS,,,,,,,,,Sep 23 2019 11:01:25.4670 AM,Sep 23 2019 11:01:25.4670 AM,.0002
Auth_Check,Auth_Check,P203,read-85,PASS,,,,,,,,,Sep 23 2019 11:01:25.4680 AM,Sep 23 2019 11:01:25.4960 AM,.0274
Auth_Check,Auth_Check,[P203] aid tx bd 20 3 24 71 4 10 0 10,sendCommandChars,PASS,,,,,,,,,Sep 23 2019 11:01:25.4970 AM,Sep 23 2019 11:01:25.5650 AM,.0674
Auth_Check,Auth_Check,P203,read-86,PASS,,,,,,,,,Sep 23 2019 11:01:25.5670 AM,Sep 23 2019 11:01:25.5680 AM,.0001
Auth_Check,Auth_Check,P203,read-87,PASS,,,,,,,,,Sep 23 2019 11:01:25.5690 AM,Sep 23 2019 11:01:25.5960 AM,.0278
Auth_Check,Auth_Check,P203,read-88,PASS,,,,,,,,,Sep 23 2019 11:01:25.5980 AM,Sep 23 2019 11:01:25.6220 AM,.0231
Auth_Check,Auth_Check,[P203] aid tx bd 21 2 24 71 4 10 1,sendCommandChars,PASS,,,,,,,,,Sep 23 2019 11:01:25.6230 AM,Sep 23 2019 11:01:25.6450 AM,.0218
Auth_Check,Auth_Check,7. Send challenge,,PASS,,,,,,,,,Sep 23 2019 11:01:25.6470 AM,Sep 23 2019 11:01:25.6470 AM,0
Auth_Check,Auth_Check,P203,read-89,PASS,,,,,,,,,Sep 23 2019 11:01:25.6480 AM,Sep 23 2019 11:01:25.6600 AM,.0122
Auth_Check,Auth_Check,P203,read-90,PASS,,,,,,,,,Sep 23 2019 11:01:25.6620 AM,Sep 23 2019 11:01:25.6870 AM,.0249
Auth_Check,Auth_Check,[P203] aid tx bd 22 3 24 71 4 10 0 11,sendCommandChars,PASS,,,,,,,,,Sep 23 2019 11:01:25.6880 AM,Sep 23 2019 11:01:25.7250 AM,.0364
Auth_Check,Auth_Check,P203,read-91,PASS,,,,,,,,,Sep 23 2019 11:01:25.7270 AM,Sep 23 2019 11:01:25.7270 AM,.0001
Auth_Check,Auth_Check,P203,read-92,PASS,,,,,,,,,Sep 23 2019 11:01:25.7290 AM,Sep 23 2019 11:01:25.7570 AM,.0284
Auth_Check,Auth_Check,P203,read-93,PASS,,,,,,,,,Sep 23 2019 11:01:25.7590 AM,Sep 23 2019 11:01:25.7870 AM,.0282
Auth_Check,Auth_Check,[P203] aid tx bd 23 2 24 71 4 10 2,sendCommandChars,PASS,,,,,,,,,Sep 23 2019 11:01:25.7890 AM,Sep 23 2019 11:01:25.8230 AM,.0346
Auth_Check,Auth_Check,P203,read-94,PASS,,,,,,,,,Sep 23 2019 11:01:25.8270 AM,Sep 23 2019 11:01:25.8270 AM,.0002
Auth_Check,Auth_Check,P203,read-95,PASS,,,,,,,,,Sep 23 2019 11:01:25.8280 AM,Sep 23 2019 11:01:25.8570 AM,.0292
Auth_Check,Auth_Check,[P203] aid tx bd 24 3 24 71 4 10 0 12,sendCommandChars,PASS,,,,,,,,,Sep 23 2019 11:01:25.8590 AM,Sep 23 2019 11:01:25.8940 AM,.0355
Auth_Check,Auth_Check,P203,read-96,PASS,,,,,,,,,Sep 23 2019 11:01:25.8970 AM,Sep 23 2019 11:01:25.8970 AM,.0001
Auth_Check,Auth_Check,P203,read-97,PASS,,,,,,,,,Sep 23 2019 11:01:25.8980 AM,Sep 23 2019 11:01:25.9280 AM,.0295
Auth_Check,Auth_Check,P203,read-98,PASS,,,,,,,,,Sep 23 2019 11:01:25.9300 AM,Sep 23 2019 11:01:25.9580 AM,.0285
Auth_Check,Auth_Check,[P203] aid tx bd 25 2 24 71 4 10 23,sendCommandChars,PASS,,,,,,,,,Sep 23 2019 11:01:25.9600 AM,Sep 23 2019 11:01:25.9970 AM,.0374
Auth_Check,Auth_Check,P203,read-99,PASS,,,,,,,,,Sep 23 2019 11:01:26.0000 AM,Sep 23 2019 11:01:26.0000 AM,.0002
Auth_Check,Auth_Check,P203,read-100,PASS,,,,,,,,,Sep 23 2019 11:01:26.0010 AM,Sep 23 2019 11:01:26.0290 AM,.0274
Auth_Check,Auth_Check,P203,read-101,PASS,,,,,,,,,Sep 23 2019 11:01:26.0310 AM,Sep 23 2019 11:01:26.0520 AM,.0207
Auth_Check,Auth_Check,[P203] aid tx bd 26 2 24 71 4 10 1d,sendCommandChars,PASS,,,,,,,,,Sep 23 2019 11:01:26.0530 AM,Sep 23 2019 11:01:26.0890 AM,.0358
Auth_Check,Auth_Check,IOFileHandle,writeCertFile-2,PASS,,,,,,,,,Sep 23 2019 11:01:26.0920 AM,Sep 23 2019 11:01:26.0930 AM,.0008
Auth_Check,Auth_Check,8. Get challenge response,,PASS,,,,,,,,,Sep 23 2019 11:01:26.0940 AM,Sep 23 2019 11:01:26.0940 AM,0
Auth_Check,Auth_Check,[Hid] /usr/local/bin/mfi-cert verify-response /Users/gdlocal/Intelli_Log/cert.der /Users/gdlocal/Intelli_Log/challenge.bin /Users/gdlocal/Intelli_Log/challenge_resp.bin,,PASS,,,,,,,,,Sep 23 2019 11:01:26.1580 AM,Sep 23 2019 11:01:26.1580 AM,0
Auth_Check,Auth_Check,IOFileHandle,writeToFile-3,PASS,,,,,,,,,Sep 23 2019 11:01:26.1590 AM,Sep 23 2019 11:01:26.1590 AM,.0001
Auth_Check,Auth_Check,9. Verify challenge response,,PASS,,,,,,,,,Sep 23 2019 11:01:26.1600 AM,Sep 23 2019 11:01:26.1600 AM,0
Query_MLB_SN,,,,,,,,,,,,,Sep 23 2019 11:01:26.1710 AM,Sep 23 2019 11:01:26.1710 AM,.0005
Query_MLB_SN,Query_MLB_SN,Query_MLB_SN,DLX93820034N6R529,PASS,,,,,,,,,Sep 23 2019 11:01:26.1710 AM,Sep 23 2019 11:01:26.1710 AM,0
Read_MLB_SN,,,,,,,,,,,,,Sep 23 2019 11:01:26.1730 AM,Sep 23 2019 11:01:27.2200 AM,1.0462
Read_MLB_SN,Read_MLB_SN,[Hid] /usr/local/bin/hidreport -v 0x05ac -p 0x026E -i 0 get 0x12,,PASS,,,,,,,,,Sep 23 2019 11:01:26.8420 AM,Sep 23 2019 11:01:26.8420 AM,0
Read_MLB_SN,Read_MLB_SN,IOFileHandle,writeToFile,PASS,,,,,,,,,Sep 23 2019 11:01:26.8430 AM,Sep 23 2019 11:01:26.8430 AM,.0001
Read_MLB_SN,Read_MLB_SN,Read_MLB_SN,DLX93820034N6R529,PASS,,,,,,,,,Sep 23 2019 11:01:27.2190 AM,Sep 23 2019 11:01:27.2190 AM,0
Check_MLB_SN,,,,,,,,,,,,,Sep 23 2019 11:01:27.2220 AM,Sep 23 2019 11:01:27.2240 AM,.0019
Check_MLB_SN,Check_MLB_SN,Check_MLB_SN,,PASS,,,,,,,,,Sep 23 2019 11:01:27.2220 AM,Sep 23 2019 11:01:27.2220 AM,0
Check_MLB_SN,Check_MLB_SN,StationReportPlugin,appendReportData,PASS,,,,,,,,,Sep 23 2019 11:01:27.2230 AM,Sep 23 2019 11:01:27.2230 AM,0
Read_STFW_Version_Before_DL,,,,,,,,,,,,,Sep 23 2019 11:01:27.2260 AM,Sep 23 2019 11:01:27.7120 AM,.4859
Read_STFW_Version_Before_DL,Read_STFW_Version_Before_DL,[Hid] /usr/local/bin/hidreport -p 0x026E -i 0 get 0xB4,,PASS,,,,,,,,,Sep 23 2019 11:01:27.3310 AM,Sep 23 2019 11:01:27.3310 AM,0
Read_STFW_Version_Before_DL,Read_STFW_Version_Before_DL,IOFileHandle,writeToFile,PASS,,,,,,,,,Sep 23 2019 11:01:27.3330 AM,Sep 23 2019 11:01:27.3330 AM,.0001
Read_STFW_Version_Before_DL,Read_STFW_Version_Before_DL,Read_STFW_Version_Before_DL,0x0160,PASS,,,,,,,,,Sep 23 2019 11:01:27.7110 AM,Sep 23 2019 11:01:27.7110 AM,0
Read_STFW_Version_Before_DL,Read_STFW_Version_Before_DL,,,PASS,,352,NA,,,,,NA,Sep 23 2019 11:01:27.7110 AM,Sep 23 2019 11:01:27.7110 AM,0
Read_MTFW_Version_Before_DL,,,,,,,,,,,,,Sep 23 2019 11:01:27.7140 AM,Sep 23 2019 11:01:28.1910 AM,.4763
Read_MTFW_Version_Before_DL,Read_MTFW_Version_Before_DL,[Hid] /usr/local/bin/hidreport -p 0x026E -i 0 get 0xbb,,PASS,,,,,,,,,Sep 23 2019 11:01:27.8170 AM,Sep 23 2019 11:01:27.8170 AM,0
Read_MTFW_Version_Before_DL,Read_MTFW_Version_Before_DL,IOFileHandle,writeToFile,PASS,,,,,,,,,Sep 23 2019 11:01:27.8180 AM,Sep 23 2019 11:01:27.8180 AM,.0001
Read_MTFW_Version_Before_DL,Read_MTFW_Version_Before_DL,Read_MTFW_Version_Before_DL,0x0505,PASS,,,,,,,,,Sep 23 2019 11:01:28.1900 AM,Sep 23 2019 11:01:28.1900 AM,0
Read_MTFW_Version_Before_DL,Read_MTFW_Version_Before_DL,,,PASS,,1285,NA,,,,,NA,Sep 23 2019 11:01:28.1900 AM,Sep 23 2019 11:01:28.1900 AM,0
Read_CCG3_FW_Version,,,,,,,,,,,,,Sep 23 2019 11:01:28.1930 AM,Sep 23 2019 11:01:29.1640 AM,.9709
Read_CCG3_FW_Version,Read_CCG3_FW_Version,"[Hid] /usr/local/bin/hidreport -v 0x05ac -p 0x026E -usage 0xff00,0xb set 0xCE 0xCE 6 6 0",,PASS,,,,,,,,,Sep 23 2019 11:01:28.2880 AM,Sep 23 2019 11:01:28.2880 AM,0
Read_CCG3_FW_Version,Read_CCG3_FW_Version,IOFileHandle,writeToFile,PASS,,,,,,,,,Sep 23 2019 11:01:28.2900 AM,Sep 23 2019 11:01:28.2900 AM,.0001
Read_CCG3_FW_Version,Read_CCG3_FW_Version,"[Hid] /usr/local/bin/hidreport -p 0x026E -usage 0xff00,0xb get 0xA0",,PASS,,,,,,,,,Sep 23 2019 11:01:28.7890 AM,Sep 23 2019 11:01:28.7890 AM,0
Read_CCG3_FW_Version,Read_CCG3_FW_Version,IOFileHandle,writeToFile-2,PASS,,,,,,,,,Sep 23 2019 11:01:28.7900 AM,Sep 23 2019 11:01:28.7900 AM,.0001
Read_CCG3_FW_Version,Read_CCG3_FW_Version,Read_CCG3_FW_Version,A0 02 00 0B 00 0B 00 0B,PASS,,,,,,,,,Sep 23 2019 11:01:29.1640 AM,Sep 23 2019 11:01:29.1640 AM,0
Program_STFW,,,,,,,,,,,,,Sep 23 2019 11:01:29.1660 AM,Sep 23 2019 11:02:11.1240 AM,41.9577
Program_STFW,Program_STFW,[Hid] /usr/local/bin/hidreport -p 0x026E -i 0 get 0xBC,,PASS,,,,,,,,,Sep 23 2019 11:01:29.2710 AM,Sep 23 2019 11:01:29.2710 AM,0
Program_STFW,Program_STFW,IOFileHandle,writeToFile,PASS,,,,,,,,,Sep 23 2019 11:01:29.2720 AM,Sep 23 2019 11:01:29.2720 AM,.0001
Program_STFW,Program_STFW,[P203] ,sendCommand,PASS,,,,,,,,,Sep 23 2019 11:01:29.6470 AM,Sep 23 2019 11:01:29.6480 AM,.0007
Program_STFW,Program_STFW,[P203] flags ~ro,sendCommandChars,PASS,,,,,,,,,Sep 23 2019 11:01:29.6490 AM,Sep 23 2019 11:01:29.6520 AM,.0036
Program_STFW,Program_STFW,P203,read,PASS,,,,,,,,,Sep 23 2019 11:01:29.6540 AM,Sep 23 2019 11:01:29.6540 AM,.0002
Program_STFW,Program_STFW,P203,read-2,PASS,,,,,,,,,Sep 23 2019 11:01:29.6550 AM,Sep 23 2019 11:01:29.6670 AM,.0119
Program_STFW,Program_STFW,P203,read-3,PASS,,,,,,,,,Sep 23 2019 11:01:29.6690 AM,Sep 23 2019 11:01:29.6690 AM,.0002
Program_STFW,Program_STFW,P203,read-4,PASS,,,,,,,,,Sep 23 2019 11:01:29.6700 AM,Sep 23 2019 11:01:29.6960 AM,.0259
Program_STFW,Program_STFW,[P203] aid hsena 1,sendCommandChars,PASS,,,,,,,,,Sep 23 2019 11:01:29.6970 AM,Sep 23 2019 11:01:29.7310 AM,.0334
Program_STFW,Program_STFW,P203,read-5,PASS,,,,,,,,,Sep 23 2019 11:01:29.7320 AM,Sep 23 2019 11:01:29.7320 AM,.0001
Program_STFW,Program_STFW,P203,read-6,PASS,,,,,,,,,Sep 23 2019 11:01:29.7340 AM,Sep 23 2019 11:01:29.7630 AM,.029
Program_STFW,Program_STFW,HSAID enabled,,PASS,,,,,,,,,Sep 23 2019 11:01:29.7630 AM,Sep 23 2019 11:01:29.7630 AM,0
Program_STFW,Program_STFW,[Hid] /usr/local/bin/shfuc -n -v 0x05ac -p 0x026E -f /usr/local/bin/R128-v0x0160-dev-signed.118.P2.afu,,PASS,,,,,,,,,Sep 23 2019 11:02:01.4520 AM,Sep 23 2019 11:02:01.4520 AM,0
Program_STFW,Program_STFW,IOFileHandle,writeToFile-2,PASS,,,,,,,,,Sep 23 2019 11:02:01.4540 AM,Sep 23 2019 11:02:01.4540 AM,.0002
Program_STFW,Program_STFW,Program_STFW,,PASS,,,,,,,,,Sep 23 2019 11:02:01.8300 AM,Sep 23 2019 11:02:01.8300 AM,0
Program_STFW,Program_STFW,StationReportPlugin,appendReportData,PASS,,,,,,,,,Sep 23 2019 11:02:01.8310 AM,Sep 23 2019 11:02:01.8310 AM,0
Program_STFW,Program_STFW,[ECB] SIGNAL CONTROL(0),sendCommand,PASS,,,,,,,,,Sep 23 2019 11:02:04.8980 AM,Sep 23 2019 11:02:04.9260 AM,.0277
Program_STFW,Program_STFW,[ECB] SIGNAL CONTROL(1),sendCommand,PASS,,,,,,,,,Sep 23 2019 11:02:07.9980 AM,Sep 23 2019 11:02:08.0260 AM,.0285
Program_STFW,Program_STFW,P203,read-7,PASS,,,,,,,,,Sep 23 2019 11:02:11.0940 AM,Sep 23 2019 11:02:11.1230 AM,.0294
Program_MTFW,,,,,,,,,,,,,Sep 23 2019 11:02:11.1270 AM,Sep 23 2019 11:02:36.6490 AM,25.5217
Program_MTFW,Program_MTFW,[Hid] /usr/local/bin/hidreport -p 0x026E -i 0 get 0xBC,,PASS,,,,,,,,,Sep 23 2019 11:02:11.1760 AM,Sep 23 2019 11:02:11.1760 AM,0
Program_MTFW,Program_MTFW,IOFileHandle,writeToFile,PASS,,,,,,,,,Sep 23 2019 11:02:11.1780 AM,Sep 23 2019 11:02:11.1780 AM,.0001
Program_MTFW,Program_MTFW,[P203] ,sendCommand,PASS,,,,,,,,,Sep 23 2019 11:02:11.5460 AM,Sep 23 2019 11:02:11.5570 AM,.0104
Program_MTFW,Program_MTFW,[P203] flags ~ro,sendCommandChars,PASS,,,,,,,,,Sep 23 2019 11:02:11.5580 AM,Sep 23 2019 11:02:11.5610 AM,.0032
Program_MTFW,Program_MTFW,P203,read,PASS,,,,,,,,,Sep 23 2019 11:02:11.5630 AM,Sep 23 2019 11:02:11.5720 AM,.0097
Program_MTFW,Program_MTFW,P203,read-2,PASS,,,,,,,,,Sep 23 2019 11:02:11.5740 AM,Sep 23 2019 11:02:11.5740 AM,.0001
Program_MTFW,Program_MTFW,P203,read-3,PASS,,,,,,,,,Sep 23 2019 11:02:11.5750 AM,Sep 23 2019 11:02:11.6050 AM,.0303
Program_MTFW,Program_MTFW,[P203] aid hsena 1,sendCommandChars,PASS,,,,,,,,,Sep 23 2019 11:02:11.6070 AM,Sep 23 2019 11:02:11.6360 AM,.0294
Program_MTFW,Program_MTFW,P203,read-4,PASS,,,,,,,,,Sep 23 2019 11:02:11.6380 AM,Sep 23 2019 11:02:11.6380 AM,.0001
Program_MTFW,Program_MTFW,P203,read-5,PASS,,,,,,,,,Sep 23 2019 11:02:11.6390 AM,Sep 23 2019 11:02:11.6660 AM,.0264
Program_MTFW,Program_MTFW,HSAID enabled,,PASS,,,,,,,,,Sep 23 2019 11:02:11.6660 AM,Sep 23 2019 11:02:11.6660 AM,0
Program_MTFW,Program_MTFW,[Hid] /usr/local/bin/shfuc -n -v 0x05ac -p 0x026E -f /usr/local/bin/R118-MTFW-0x0505.HW3.dev-sig.afu,,PASS,,,,,,,,,Sep 23 2019 11:02:19.9660 AM,Sep 23 2019 11:02:19.9660 AM,0
Program_MTFW,Program_MTFW,IOFileHandle,writeToFile-2,PASS,,,,,,,,,Sep 23 2019 11:02:19.9670 AM,Sep 23 2019 11:02:19.9670 AM,.0002
Program_MTFW,Program_MTFW,Program_MTFW,,PASS,,,,,,,,,Sep 23 2019 11:02:20.3430 AM,Sep 23 2019 11:02:20.3430 AM,0
Program_MTFW,Program_MTFW,StationReportPlugin,appendReportData,PASS,,,,,,,,,Sep 23 2019 11:02:20.3440 AM,Sep 23 2019 11:02:20.3440 AM,0
Program_MTFW,Program_MTFW,[ECB] SIGNAL CONTROL(0),sendCommand,PASS,,,,,,,,,Sep 23 2019 11:02:30.4130 AM,Sep 23 2019 11:02:30.4470 AM,.0342
Program_MTFW,Program_MTFW,[ECB] SIGNAL CONTROL(1),sendCommand,PASS,,,,,,,,,Sep 23 2019 11:02:33.5210 AM,Sep 23 2019 11:02:33.5470 AM,.0264
Program_MTFW,Program_MTFW,P203,read-6,PASS,,,,,,,,,Sep 23 2019 11:02:36.6190 AM,Sep 23 2019 11:02:36.6480 AM,.0296
Read_STFW_Version_After_DL,,,,,,,,,,,,,Sep 23 2019 11:02:36.6520 AM,Sep 23 2019 11:02:37.0740 AM,.4213
Read_STFW_Version_After_DL,Read_STFW_Version_After_DL,[Hid] /usr/local/bin/hidreport -p 0x026E -i 0 get 0xB4,,PASS,,,,,,,,,Sep 23 2019 11:02:36.7010 AM,Sep 23 2019 11:02:36.7010 AM,0
Read_STFW_Version_After_DL,Read_STFW_Version_After_DL,IOFileHandle,writeToFile,PASS,,,,,,,,,Sep 23 2019 11:02:36.7030 AM,Sep 23 2019 11:02:36.7030 AM,.0001
Read_STFW_Version_After_DL,Read_STFW_Version_After_DL,Read_STFW_Version_After_DL,0x0160,PASS,,,,,,,,,Sep 23 2019 11:02:37.0730 AM,Sep 23 2019 11:02:37.0730 AM,0
Read_STFW_Version_After_DL,Read_STFW_Version_After_DL,,,PASS,,352,,352,352,,,,Sep 23 2019 11:02:37.0740 AM,Sep 23 2019 11:02:37.0740 AM,0
Read_MTFW_Version_After_DL,,,,,,,,,,,,,Sep 23 2019 11:02:37.0760 AM,Sep 23 2019 11:02:37.5030 AM,.4264
Read_MTFW_Version_After_DL,Read_MTFW_Version_After_DL,[Hid] /usr/local/bin/hidreport -p 0x026E -i 0 get 0xbb,,PASS,,,,,,,,,Sep 23 2019 11:02:37.1260 AM,Sep 23 2019 11:02:37.1260 AM,0
Read_MTFW_Version_After_DL,Read_MTFW_Version_After_DL,IOFileHandle,writeToFile,PASS,,,,,,,,,Sep 23 2019 11:02:37.1280 AM,Sep 23 2019 11:02:37.1280 AM,.0001
Read_MTFW_Version_After_DL,Read_MTFW_Version_After_DL,Read_MTFW_Version_After_DL,0x0505,PASS,,,,,,,,,Sep 23 2019 11:02:37.5020 AM,Sep 23 2019 11:02:37.5020 AM,0
Read_MTFW_Version_After_DL,Read_MTFW_Version_After_DL,,,PASS,,1285,,1285,1285,,,,Sep 23 2019 11:02:37.5030 AM,Sep 23 2019 11:02:37.5030 AM,0
