Test,Plugin,Command,Status,Info,Start Time,End Time,Duration (s)
Scan_SN,com.apple.hwte.atlas.AppPlugin,show-form,PASS,,Sep 23 2019 11:01:04.0020 AM,Sep 23 2019 11:01:08.3460 AM,4.3441
Scan_SN,ECB,changeDelimiter,PASS,,Sep 23 2019 11:01:08.3490 AM,Sep 23 2019 11:01:08.3490 AM,.0001
Scan_SN,ECB,changeLineTerminator,PASS,,Sep 23 2019 11:01:08.3510 AM,Sep 23 2019 11:01:08.3510 AM,0
Scan_SN,ECB,open,PASS,,Sep 23 2019 11:01:08.3530 AM,Sep 23 2019 11:01:09.9500 AM,1.5973
Scan_SN,ECB,read,PASS,,Sep 23 2019 11:01:09.9520 AM,Sep 23 2019 11:01:09.9770 AM,.0255
Scan_SN,P203,changeDelimiter,PASS,,Sep 23 2019 11:01:09.9790 AM,Sep 23 2019 11:01:09.9790 AM,.0001
Scan_SN,P203,changeLineTerminator,PASS,,Sep 23 2019 11:01:09.9810 AM,Sep 23 2019 11:01:09.9810 AM,0
Scan_SN,P203,open,PASS,,Sep 23 2019 11:01:09.9830 AM,Sep 23 2019 11:01:11.5760 AM,1.5935
Scan_SN,P203,read,PASS,,Sep 23 2019 11:01:11.5780 AM,Sep 23 2019 11:01:11.6060 AM,.0287
Scan_SN,ECB,sendCommand,PASS,,Sep 23 2019 11:01:12.1800 AM,Sep 23 2019 11:01:12.1920 AM,.0118
Scan_SN,IOFileHandle,writeToFile,PASS,,Sep 23 2019 11:01:14.3070 AM,Sep 23 2019 11:01:14.3070 AM,.0005
Scan_SN,StationReportPlugin,isReporting,PASS,,Sep 23 2019 11:01:14.3110 AM,Sep 23 2019 11:01:14.3110 AM,.0001
EP_DISABLE_TP,IOFileHandle,writeToFile,PASS,,Sep 23 2019 11:01:14.4170 AM,Sep 23 2019 11:01:14.4170 AM,.0002
EP_DISABLE_TP,IOFileHandle,writeToFile,PASS,,Sep 23 2019 11:01:14.8900 AM,Sep 23 2019 11:01:14.8910 AM,.0001
EP_DISABLE_TP,ECB,sendCommand,PASS,,Sep 23 2019 11:01:15.2670 AM,Sep 23 2019 11:01:15.2920 AM,.0252
EP_DISABLE_TP,ECB,sendCommand,PASS,,Sep 23 2019 11:01:18.3630 AM,Sep 23 2019 11:01:18.3760 AM,.0132
EP_DISABLE_TP,P203,read,PASS,,Sep 23 2019 11:01:21.4500 AM,Sep 23 2019 11:01:21.4800 AM,.0295
EP_DISABLE_TP,IOFileHandle,writeToFile,PASS,,Sep 23 2019 11:01:21.5200 AM,Sep 23 2019 11:01:21.5200 AM,.0001
Start_Data_Reporting,DRCB,startDataReporting,PASS,,Sep 23 2019 11:01:21.5300 AM,Sep 23 2019 11:01:21.5400 AM,.0094
Get_SFC_Info,SFCSupport,getAttribute,PASS,,Sep 23 2019 11:01:21.5450 AM,Sep 23 2019 11:01:21.5710 AM,.0267
Get_SFC_Info,SFCSupport,getAttribute,PASS,,Sep 23 2019 11:01:21.5740 AM,Sep 23 2019 11:01:21.5780 AM,.0041
Get_SFC_Info,SFCSupport,getAttribute,PASS,,Sep 23 2019 11:01:21.5790 AM,Sep 23 2019 11:01:21.5840 AM,.0042
Get_SFC_Info,SFCSupport,getAttribute,PASS,,Sep 23 2019 11:01:21.5850 AM,Sep 23 2019 11:01:21.5900 AM,.0042
Start_Control_Bit,DRCB,startControlBits,PASS,,Sep 23 2019 11:01:21.6080 AM,Sep 23 2019 11:01:21.9470 AM,.3397
P203_FW,P203,sendCommand,PASS,,Sep 23 2019 11:01:21.9520 AM,Sep 23 2019 11:01:21.9700 AM,.0186
Auth_Check,P203,read,PASS,,Sep 23 2019 11:01:21.9750 AM,Sep 23 2019 11:01:21.9760 AM,.0003
Auth_Check,P203,read,PASS,,Sep 23 2019 11:01:21.9780 AM,Sep 23 2019 11:01:22.0040 AM,.0262
Auth_Check,P203,sendCommandChars,PASS,,Sep 23 2019 11:01:22.0050 AM,Sep 23 2019 11:01:22.0760 AM,.0712
Auth_Check,P203,read,PASS,,Sep 23 2019 11:01:22.0790 AM,Sep 23 2019 11:01:22.0790 AM,.0002
Auth_Check,P203,read,PASS,,Sep 23 2019 11:01:22.0810 AM,Sep 23 2019 11:01:22.1110 AM,.0301
Auth_Check,P203,read,PASS,,Sep 23 2019 11:01:22.1130 AM,Sep 23 2019 11:01:22.1410 AM,.0283
Auth_Check,P203,sendCommandChars,PASS,,Sep 23 2019 11:01:22.1420 AM,Sep 23 2019 11:01:22.1760 AM,.0336
Auth_Check,P203,read,PASS,,Sep 23 2019 11:01:22.1800 AM,Sep 23 2019 11:01:22.1800 AM,.0001
Auth_Check,P203,read,PASS,,Sep 23 2019 11:01:22.1810 AM,Sep 23 2019 11:01:22.2110 AM,.0299
Auth_Check,P203,sendCommandChars,PASS,,Sep 23 2019 11:01:22.2120 AM,Sep 23 2019 11:01:22.2480 AM,.0353
Auth_Check,P203,read,PASS,,Sep 23 2019 11:01:22.2500 AM,Sep 23 2019 11:01:22.2500 AM,.0001
Auth_Check,P203,read,PASS,,Sep 23 2019 11:01:22.2520 AM,Sep 23 2019 11:01:22.2790 AM,.0277
Auth_Check,P203,read,PASS,,Sep 23 2019 11:01:22.2810 AM,Sep 23 2019 11:01:22.3120 AM,.0305
Auth_Check,P203,sendCommandChars,PASS,,Sep 23 2019 11:01:22.3130 AM,Sep 23 2019 11:01:22.3470 AM,.0336
Auth_Check,P203,read,PASS,,Sep 23 2019 11:01:22.3500 AM,Sep 23 2019 11:01:22.3500 AM,.0001
Auth_Check,P203,read,PASS,,Sep 23 2019 11:01:22.3510 AM,Sep 23 2019 11:01:22.3720 AM,.0205
Auth_Check,P203,sendCommandChars,PASS,,Sep 23 2019 11:01:22.3730 AM,Sep 23 2019 11:01:22.3940 AM,.0205
Auth_Check,P203,read,PASS,,Sep 23 2019 11:01:22.3960 AM,Sep 23 2019 11:01:22.4090 AM,.0129
Auth_Check,P203,read,PASS,,Sep 23 2019 11:01:22.4100 AM,Sep 23 2019 11:01:22.4320 AM,.0217
Auth_Check,P203,read,PASS,,Sep 23 2019 11:01:22.4340 AM,Sep 23 2019 11:01:22.4620 AM,.0282
Auth_Check,P203,sendCommandChars,PASS,,Sep 23 2019 11:01:22.4640 AM,Sep 23 2019 11:01:22.4980 AM,.0346
Auth_Check,P203,read,PASS,,Sep 23 2019 11:01:22.5010 AM,Sep 23 2019 11:01:22.5010 AM,.0002
Auth_Check,P203,read,PASS,,Sep 23 2019 11:01:22.5020 AM,Sep 23 2019 11:01:22.5320 AM,.0301
Auth_Check,P203,read,PASS,,Sep 23 2019 11:01:22.5340 AM,Sep 23 2019 11:01:22.5630 AM,.0283
Auth_Check,P203,sendCommandChars,PASS,,Sep 23 2019 11:01:22.5640 AM,Sep 23 2019 11:01:22.5990 AM,.0349
Auth_Check,P203,read,PASS,,Sep 23 2019 11:01:22.6020 AM,Sep 23 2019 11:01:22.6020 AM,.0002
Auth_Check,P203,read,PASS,,Sep 23 2019 11:01:22.6030 AM,Sep 23 2019 11:01:22.6330 AM,.0297
Auth_Check,P203,read,PASS,,Sep 23 2019 11:01:22.6350 AM,Sep 23 2019 11:01:22.6630 AM,.0284
Auth_Check,P203,sendCommandChars,PASS,,Sep 23 2019 11:01:22.6640 AM,Sep 23 2019 11:01:22.7000 AM,.0357
Auth_Check,P203,read,PASS,,Sep 23 2019 11:01:22.7030 AM,Sep 23 2019 11:01:22.7030 AM,.0002
Auth_Check,P203,read,PASS,,Sep 23 2019 11:01:22.7040 AM,Sep 23 2019 11:01:22.7340 AM,.0294
Auth_Check,P203,read,PASS,,Sep 23 2019 11:01:22.7360 AM,Sep 23 2019 11:01:22.7640 AM,.0279
Auth_Check,P203,sendCommandChars,PASS,,Sep 23 2019 11:01:22.7650 AM,Sep 23 2019 11:01:22.8020 AM,.0366
Auth_Check,P203,read,PASS,,Sep 23 2019 11:01:22.8060 AM,Sep 23 2019 11:01:22.8060 AM,.0002
Auth_Check,P203,read,PASS,,Sep 23 2019 11:01:22.8080 AM,Sep 23 2019 11:01:22.8340 AM,.0259
Auth_Check,P203,sendCommandChars,PASS,,Sep 23 2019 11:01:22.8350 AM,Sep 23 2019 11:01:22.8710 AM,.0355
Auth_Check,P203,read,PASS,,Sep 23 2019 11:01:22.8730 AM,Sep 23 2019 11:01:22.8730 AM,.0002
Auth_Check,P203,read,PASS,,Sep 23 2019 11:01:22.8750 AM,Sep 23 2019 11:01:22.9040 AM,.0291
Auth_Check,P203,read,PASS,,Sep 23 2019 11:01:22.9060 AM,Sep 23 2019 11:01:22.9340 AM,.0282
Auth_Check,P203,sendCommandChars,PASS,,Sep 23 2019 11:01:22.9360 AM,Sep 23 2019 11:01:22.9710 AM,.035
Auth_Check,P203,read,PASS,,Sep 23 2019 11:01:22.9730 AM,Sep 23 2019 11:01:22.9730 AM,.0002
Auth_Check,P203,read,PASS,,Sep 23 2019 11:01:22.9740 AM,Sep 23 2019 11:01:23.0050 AM,.03
Auth_Check,P203,read,PASS,,Sep 23 2019 11:01:23.0060 AM,Sep 23 2019 11:01:23.0350 AM,.0283
Auth_Check,P203,sendCommandChars,PASS,,Sep 23 2019 11:01:23.0360 AM,Sep 23 2019 11:01:23.0710 AM,.0352
Auth_Check,P203,read,PASS,,Sep 23 2019 11:01:23.0740 AM,Sep 23 2019 11:01:23.0740 AM,.0002
Auth_Check,P203,read,PASS,,Sep 23 2019 11:01:23.0750 AM,Sep 23 2019 11:01:23.1050 AM,.0294
Auth_Check,P203,read,PASS,,Sep 23 2019 11:01:23.1070 AM,Sep 23 2019 11:01:23.1350 AM,.0282
Auth_Check,P203,sendCommandChars,PASS,,Sep 23 2019 11:01:23.1360 AM,Sep 23 2019 11:01:23.1710 AM,.0347
Auth_Check,P203,read,PASS,,Sep 23 2019 11:01:23.1740 AM,Sep 23 2019 11:01:23.1740 AM,.0002
Auth_Check,P203,read,PASS,,Sep 23 2019 11:01:23.1750 AM,Sep 23 2019 11:01:23.2050 AM,.0302
Auth_Check,P203,read,PASS,,Sep 23 2019 11:01:23.2080 AM,Sep 23 2019 11:01:23.2350 AM,.0278
Auth_Check,P203,sendCommandChars,PASS,,Sep 23 2019 11:01:23.2370 AM,Sep 23 2019 11:01:23.2710 AM,.034
Auth_Check,P203,read,PASS,,Sep 23 2019 11:01:23.2740 AM,Sep 23 2019 11:01:23.2740 AM,.0002
Auth_Check,P203,read,PASS,,Sep 23 2019 11:01:23.2750 AM,Sep 23 2019 11:01:23.2960 AM,.0206
Auth_Check,P203,sendCommandChars,PASS,,Sep 23 2019 11:01:23.2970 AM,Sep 23 2019 11:01:23.3180 AM,.0207
Auth_Check,P203,read,PASS,,Sep 23 2019 11:01:23.3210 AM,Sep 23 2019 11:01:23.3330 AM,.012
Auth_Check,P203,read,PASS,,Sep 23 2019 11:01:23.3340 AM,Sep 23 2019 11:01:23.3560 AM,.022
Auth_Check,P203,read,PASS,,Sep 23 2019 11:01:23.3580 AM,Sep 23 2019 11:01:23.3860 AM,.0281
Auth_Check,P203,sendCommandChars,PASS,,Sep 23 2019 11:01:23.3880 AM,Sep 23 2019 11:01:23.4230 AM,.0351
Auth_Check,P203,read,PASS,,Sep 23 2019 11:01:23.4260 AM,Sep 23 2019 11:01:23.4260 AM,.0002
Auth_Check,P203,read,PASS,,Sep 23 2019 11:01:23.4270 AM,Sep 23 2019 11:01:23.4560 AM,.0293
Auth_Check,P203,read,PASS,,Sep 23 2019 11:01:23.4580 AM,Sep 23 2019 11:01:23.4870 AM,.0282
Auth_Check,P203,sendCommandChars,PASS,,Sep 23 2019 11:01:23.4880 AM,Sep 23 2019 11:01:23.5240 AM,.0365
Auth_Check,P203,read,PASS,,Sep 23 2019 11:01:23.5270 AM,Sep 23 2019 11:01:23.5270 AM,.0001
Auth_Check,P203,read,PASS,,Sep 23 2019 11:01:23.5280 AM,Sep 23 2019 11:01:23.5570 AM,.0284
Auth_Check,P203,read,PASS,,Sep 23 2019 11:01:23.5590 AM,Sep 23 2019 11:01:23.5870 AM,.0284
Auth_Check,P203,sendCommandChars,PASS,,Sep 23 2019 11:01:23.5890 AM,Sep 23 2019 11:01:23.6240 AM,.0357
Auth_Check,P203,read,PASS,,Sep 23 2019 11:01:23.6270 AM,Sep 23 2019 11:01:23.6270 AM,.0002
Auth_Check,P203,read,PASS,,Sep 23 2019 11:01:23.6280 AM,Sep 23 2019 11:01:23.6570 AM,.0287
Auth_Check,P203,read,PASS,,Sep 23 2019 11:01:23.6590 AM,Sep 23 2019 11:01:23.6850 AM,.0261
Auth_Check,P203,sendCommandChars,PASS,,Sep 23 2019 11:01:23.6870 AM,Sep 23 2019 11:01:23.7220 AM,.0355
Auth_Check,P203,read,PASS,,Sep 23 2019 11:01:23.7250 AM,Sep 23 2019 11:01:23.7250 AM,.0002
Auth_Check,P203,read,PASS,,Sep 23 2019 11:01:23.7270 AM,Sep 23 2019 11:01:23.7480 AM,.021
Auth_Check,P203,sendCommandChars,PASS,,Sep 23 2019 11:01:23.7490 AM,Sep 23 2019 11:01:23.7870 AM,.0379
Auth_Check,P203,read,PASS,,Sep 23 2019 11:01:23.7890 AM,Sep 23 2019 11:01:23.7900 AM,.0001
Auth_Check,P203,read,PASS,,Sep 23 2019 11:01:23.7910 AM,Sep 23 2019 11:01:23.8180 AM,.0273
Auth_Check,P203,read,PASS,,Sep 23 2019 11:01:23.8200 AM,Sep 23 2019 11:01:23.8480 AM,.0281
Auth_Check,P203,sendCommandChars,PASS,,Sep 23 2019 11:01:23.8500 AM,Sep 23 2019 11:01:23.8850 AM,.0351
Auth_Check,P203,read,PASS,,Sep 23 2019 11:01:23.8870 AM,Sep 23 2019 11:01:23.8880 AM,.0001
Auth_Check,P203,read,PASS,,Sep 23 2019 11:01:23.8890 AM,Sep 23 2019 11:01:23.9190 AM,.0297
Auth_Check,P203,read,PASS,,Sep 23 2019 11:01:23.9210 AM,Sep 23 2019 11:01:23.9490 AM,.0276
Auth_Check,P203,sendCommandChars,PASS,,Sep 23 2019 11:01:23.9500 AM,Sep 23 2019 11:01:23.9860 AM,.0357
Auth_Check,P203,read,PASS,,Sep 23 2019 11:01:23.9880 AM,Sep 23 2019 11:01:23.9890 AM,.0001
Auth_Check,P203,read,PASS,,Sep 23 2019 11:01:23.9900 AM,Sep 23 2019 11:01:24.0190 AM,.029
Auth_Check,P203,read,PASS,,Sep 23 2019 11:01:24.0210 AM,Sep 23 2019 11:01:24.0490 AM,.0284
Auth_Check,P203,sendCommandChars,PASS,,Sep 23 2019 11:01:24.0510 AM,Sep 23 2019 11:01:24.0860 AM,.0351
Auth_Check,P203,read,PASS,,Sep 23 2019 11:01:24.0900 AM,Sep 23 2019 11:01:24.0900 AM,.0002
Auth_Check,P203,read,PASS,,Sep 23 2019 11:01:24.0910 AM,Sep 23 2019 11:01:24.1190 AM,.0282
Auth_Check,P203,read,PASS,,Sep 23 2019 11:01:24.1210 AM,Sep 23 2019 11:01:24.1490 AM,.0282
Auth_Check,P203,sendCommandChars,PASS,,Sep 23 2019 11:01:24.1510 AM,Sep 23 2019 11:01:24.1850 AM,.0345
Auth_Check,P203,read,PASS,,Sep 23 2019 11:01:24.1890 AM,Sep 23 2019 11:01:24.1890 AM,.0002
Auth_Check,P203,read,PASS,,Sep 23 2019 11:01:24.1900 AM,Sep 23 2019 11:01:24.2200 AM,.0293
Auth_Check,P203,sendCommandChars,PASS,,Sep 23 2019 11:01:24.2210 AM,Sep 23 2019 11:01:24.2560 AM,.0353
Auth_Check,P203,read,PASS,,Sep 23 2019 11:01:24.2590 AM,Sep 23 2019 11:01:24.2590 AM,.0002
Auth_Check,P203,read,PASS,,Sep 23 2019 11:01:24.2600 AM,Sep 23 2019 11:01:24.2810 AM,.0208
Auth_Check,P203,read,PASS,,Sep 23 2019 11:01:24.2830 AM,Sep 23 2019 11:01:24.3100 AM,.0271
Auth_Check,P203,sendCommandChars,PASS,,Sep 23 2019 11:01:24.3110 AM,Sep 23 2019 11:01:24.3460 AM,.0347
Auth_Check,P203,read,PASS,,Sep 23 2019 11:01:24.3490 AM,Sep 23 2019 11:01:24.3490 AM,.0002
Auth_Check,P203,read,PASS,,Sep 23 2019 11:01:24.3500 AM,Sep 23 2019 11:01:24.3800 AM,.0303
Auth_Check,P203,read,PASS,,Sep 23 2019 11:01:24.3820 AM,Sep 23 2019 11:01:24.4110 AM,.0285
Auth_Check,P203,sendCommandChars,PASS,,Sep 23 2019 11:01:24.4120 AM,Sep 23 2019 11:01:24.4490 AM,.0366
Auth_Check,P203,read,PASS,,Sep 23 2019 11:01:24.4520 AM,Sep 23 2019 11:01:24.4520 AM,.0002
Auth_Check,P203,read,PASS,,Sep 23 2019 11:01:24.4530 AM,Sep 23 2019 11:01:24.4810 AM,.0276
Auth_Check,P203,read,PASS,,Sep 23 2019 11:01:24.4830 AM,Sep 23 2019 11:01:24.5110 AM,.0284
Auth_Check,P203,sendCommandChars,PASS,,Sep 23 2019 11:01:24.5130 AM,Sep 23 2019 11:01:24.5470 AM,.0348
Auth_Check,IOFileHandle,writeCertFile,PASS,,Sep 23 2019 11:01:24.5520 AM,Sep 23 2019 11:01:24.5580 AM,.0061
Auth_Check,IOFileHandle,writeToFile,PASS,,Sep 23 2019 11:01:24.6020 AM,Sep 23 2019 11:01:24.6020 AM,.0002
Auth_Check,IOFileHandle,writeToFile,PASS,,Sep 23 2019 11:01:24.6420 AM,Sep 23 2019 11:01:24.6420 AM,.0002
Auth_Check,P203,read,PASS,,Sep 23 2019 11:01:24.6520 AM,Sep 23 2019 11:01:24.6520 AM,.0002
Auth_Check,P203,read,PASS,,Sep 23 2019 11:01:24.6540 AM,Sep 23 2019 11:01:24.6820 AM,.0279
Auth_Check,P203,sendCommandChars,PASS,,Sep 23 2019 11:01:24.6830 AM,Sep 23 2019 11:01:24.7210 AM,.0381
Auth_Check,P203,read,PASS,,Sep 23 2019 11:01:24.7250 AM,Sep 23 2019 11:01:24.7260 AM,.0002
Auth_Check,P203,read,PASS,,Sep 23 2019 11:01:24.7270 AM,Sep 23 2019 11:01:24.7520 AM,.0252
Auth_Check,P203,sendCommandChars,PASS,,Sep 23 2019 11:01:24.7530 AM,Sep 23 2019 11:01:24.8240 AM,.0707
Auth_Check,P203,read,PASS,,Sep 23 2019 11:01:24.8270 AM,Sep 23 2019 11:01:24.8270 AM,.0002
Auth_Check,P203,read,PASS,,Sep 23 2019 11:01:24.8290 AM,Sep 23 2019 11:01:24.8520 AM,.0237
Auth_Check,P203,sendCommandChars,PASS,,Sep 23 2019 11:01:24.8540 AM,Sep 23 2019 11:01:24.8920 AM,.0382
Auth_Check,P203,read,PASS,,Sep 23 2019 11:01:25.4670 AM,Sep 23 2019 11:01:25.4670 AM,.0002
Auth_Check,P203,read,PASS,,Sep 23 2019 11:01:25.4680 AM,Sep 23 2019 11:01:25.4960 AM,.0275
Auth_Check,P203,sendCommandChars,PASS,,Sep 23 2019 11:01:25.4970 AM,Sep 23 2019 11:01:25.5650 AM,.0674
Auth_Check,P203,read,PASS,,Sep 23 2019 11:01:25.5670 AM,Sep 23 2019 11:01:25.5680 AM,.0001
Auth_Check,P203,read,PASS,,Sep 23 2019 11:01:25.5690 AM,Sep 23 2019 11:01:25.5970 AM,.0278
Auth_Check,P203,read,PASS,,Sep 23 2019 11:01:25.5980 AM,Sep 23 2019 11:01:25.6220 AM,.0231
Auth_Check,P203,sendCommandChars,PASS,,Sep 23 2019 11:01:25.6230 AM,Sep 23 2019 11:01:25.6450 AM,.0218
Auth_Check,P203,read,PASS,,Sep 23 2019 11:01:25.6480 AM,Sep 23 2019 11:01:25.6610 AM,.0122
Auth_Check,P203,read,PASS,,Sep 23 2019 11:01:25.6620 AM,Sep 23 2019 11:01:25.6870 AM,.0249
Auth_Check,P203,sendCommandChars,PASS,,Sep 23 2019 11:01:25.6880 AM,Sep 23 2019 11:01:25.7250 AM,.0364
Auth_Check,P203,read,PASS,,Sep 23 2019 11:01:25.7270 AM,Sep 23 2019 11:01:25.7270 AM,.0001
Auth_Check,P203,read,PASS,,Sep 23 2019 11:01:25.7290 AM,Sep 23 2019 11:01:25.7570 AM,.0285
Auth_Check,P203,read,PASS,,Sep 23 2019 11:01:25.7590 AM,Sep 23 2019 11:01:25.7870 AM,.0282
Auth_Check,P203,sendCommandChars,PASS,,Sep 23 2019 11:01:25.7890 AM,Sep 23 2019 11:01:25.8230 AM,.0346
Auth_Check,P203,read,PASS,,Sep 23 2019 11:01:25.8270 AM,Sep 23 2019 11:01:25.8270 AM,.0002
Auth_Check,P203,read,PASS,,Sep 23 2019 11:01:25.8280 AM,Sep 23 2019 11:01:25.8570 AM,.0292
Auth_Check,P203,sendCommandChars,PASS,,Sep 23 2019 11:01:25.8590 AM,Sep 23 2019 11:01:25.8940 AM,.0355
Auth_Check,P203,read,PASS,,Sep 23 2019 11:01:25.8970 AM,Sep 23 2019 11:01:25.8970 AM,.0002
Auth_Check,P203,read,PASS,,Sep 23 2019 11:01:25.8980 AM,Sep 23 2019 11:01:25.9280 AM,.0296
Auth_Check,P203,read,PASS,,Sep 23 2019 11:01:25.9300 AM,Sep 23 2019 11:01:25.9580 AM,.0285
Auth_Check,P203,sendCommandChars,PASS,,Sep 23 2019 11:01:25.9600 AM,Sep 23 2019 11:01:25.9970 AM,.0374
Auth_Check,P203,read,PASS,,Sep 23 2019 11:01:26.0000 AM,Sep 23 2019 11:01:26.0000 AM,.0002
Auth_Check,P203,read,PASS,,Sep 23 2019 11:01:26.0010 AM,Sep 23 2019 11:01:26.0290 AM,.0275
Auth_Check,P203,read,PASS,,Sep 23 2019 11:01:26.0310 AM,Sep 23 2019 11:01:26.0520 AM,.0208
Auth_Check,P203,sendCommandChars,PASS,,Sep 23 2019 11:01:26.0530 AM,Sep 23 2019 11:01:26.0890 AM,.0358
Auth_Check,IOFileHandle,writeCertFile,PASS,,Sep 23 2019 11:01:26.0920 AM,Sep 23 2019 11:01:26.0930 AM,.0009
Auth_Check,IOFileHandle,writeToFile,PASS,,Sep 23 2019 11:01:26.1590 AM,Sep 23 2019 11:01:26.1590 AM,.0002
Read_MLB_SN,IOFileHandle,writeToFile,PASS,,Sep 23 2019 11:01:26.8430 AM,Sep 23 2019 11:01:26.8430 AM,.0001
Check_MLB_SN,StationReportPlugin,appendReportData,PASS,,Sep 23 2019 11:01:27.2230 AM,Sep 23 2019 11:01:27.2230 AM,0
Read_STFW_Version_Before_DL,IOFileHandle,writeToFile,PASS,,Sep 23 2019 11:01:27.3330 AM,Sep 23 2019 11:01:27.3330 AM,.0002
Read_MTFW_Version_Before_DL,IOFileHandle,writeToFile,PASS,,Sep 23 2019 11:01:27.8180 AM,Sep 23 2019 11:01:27.8180 AM,.0002
Read_CCG3_FW_Version,IOFileHandle,writeToFile,PASS,,Sep 23 2019 11:01:28.2900 AM,Sep 23 2019 11:01:28.2900 AM,.0001
Read_CCG3_FW_Version,IOFileHandle,writeToFile,PASS,,Sep 23 2019 11:01:28.7900 AM,Sep 23 2019 11:01:28.7900 AM,.0001
Program_STFW,IOFileHandle,writeToFile,PASS,,Sep 23 2019 11:01:29.2720 AM,Sep 23 2019 11:01:29.2720 AM,.0002
Program_STFW,P203,sendCommand,PASS,,Sep 23 2019 11:01:29.6470 AM,Sep 23 2019 11:01:29.6480 AM,.0007
Program_STFW,P203,sendCommandChars,PASS,,Sep 23 2019 11:01:29.6490 AM,Sep 23 2019 11:01:29.6520 AM,.0036
Program_STFW,P203,read,PASS,,Sep 23 2019 11:01:29.6540 AM,Sep 23 2019 11:01:29.6540 AM,.0002
Program_STFW,P203,read,PASS,,Sep 23 2019 11:01:29.6550 AM,Sep 23 2019 11:01:29.6670 AM,.0119
Program_STFW,P203,read,PASS,,Sep 23 2019 11:01:29.6690 AM,Sep 23 2019 11:01:29.6690 AM,.0002
Program_STFW,P203,read,PASS,,Sep 23 2019 11:01:29.6700 AM,Sep 23 2019 11:01:29.6960 AM,.026
Program_STFW,P203,sendCommandChars,PASS,,Sep 23 2019 11:01:29.6970 AM,Sep 23 2019 11:01:29.7310 AM,.0334
Program_STFW,P203,read,PASS,,Sep 23 2019 11:01:29.7320 AM,Sep 23 2019 11:01:29.7320 AM,.0001
Program_STFW,P203,read,PASS,,Sep 23 2019 11:01:29.7340 AM,Sep 23 2019 11:01:29.7630 AM,.029
Program_STFW,IOFileHandle,writeToFile,PASS,,Sep 23 2019 11:02:01.4540 AM,Sep 23 2019 11:02:01.4540 AM,.0002
Program_STFW,StationReportPlugin,appendReportData,PASS,,Sep 23 2019 11:02:01.8310 AM,Sep 23 2019 11:02:01.8310 AM,0
Program_STFW,ECB,sendCommand,PASS,,Sep 23 2019 11:02:04.8980 AM,Sep 23 2019 11:02:04.9260 AM,.0278
Program_STFW,ECB,sendCommand,PASS,,Sep 23 2019 11:02:07.9980 AM,Sep 23 2019 11:02:08.0260 AM,.0286
Program_STFW,P203,read,PASS,,Sep 23 2019 11:02:11.0940 AM,Sep 23 2019 11:02:11.1230 AM,.0294
Program_MTFW,IOFileHandle,writeToFile,PASS,,Sep 23 2019 11:02:11.1780 AM,Sep 23 2019 11:02:11.1780 AM,.0002
Program_MTFW,P203,sendCommand,PASS,,Sep 23 2019 11:02:11.5460 AM,Sep 23 2019 11:02:11.5570 AM,.0104
Program_MTFW,P203,sendCommandChars,PASS,,Sep 23 2019 11:02:11.5580 AM,Sep 23 2019 11:02:11.5610 AM,.0033
Program_MTFW,P203,read,PASS,,Sep 23 2019 11:02:11.5630 AM,Sep 23 2019 11:02:11.5720 AM,.0097
Program_MTFW,P203,read,PASS,,Sep 23 2019 11:02:11.5740 AM,Sep 23 2019 11:02:11.5740 AM,.0001
Program_MTFW,P203,read,PASS,,Sep 23 2019 11:02:11.5750 AM,Sep 23 2019 11:02:11.6050 AM,.0303
Program_MTFW,P203,sendCommandChars,PASS,,Sep 23 2019 11:02:11.6070 AM,Sep 23 2019 11:02:11.6360 AM,.0295
Program_MTFW,P203,read,PASS,,Sep 23 2019 11:02:11.6380 AM,Sep 23 2019 11:02:11.6380 AM,.0001
Program_MTFW,P203,read,PASS,,Sep 23 2019 11:02:11.6390 AM,Sep 23 2019 11:02:11.6660 AM,.0265
Program_MTFW,IOFileHandle,writeToFile,PASS,,Sep 23 2019 11:02:19.9670 AM,Sep 23 2019 11:02:19.9670 AM,.0002
Program_MTFW,StationReportPlugin,appendReportData,PASS,,Sep 23 2019 11:02:20.3440 AM,Sep 23 2019 11:02:20.3440 AM,0
Program_MTFW,ECB,sendCommand,PASS,,Sep 23 2019 11:02:30.4130 AM,Sep 23 2019 11:02:30.4470 AM,.0342
Program_MTFW,ECB,sendCommand,PASS,,Sep 23 2019 11:02:33.5210 AM,Sep 23 2019 11:02:33.5470 AM,.0264
Program_MTFW,P203,read,PASS,,Sep 23 2019 11:02:36.6190 AM,Sep 23 2019 11:02:36.6480 AM,.0296
Read_STFW_Version_After_DL,IOFileHandle,writeToFile,PASS,,Sep 23 2019 11:02:36.7030 AM,Sep 23 2019 11:02:36.7030 AM,.0001
Read_MTFW_Version_After_DL,IOFileHandle,writeToFile,PASS,,Sep 23 2019 11:02:37.1280 AM,Sep 23 2019 11:02:37.1280 AM,.0001
