Related Test,Type,Name,Value
SN,Device,serialnumber,DLXZ302BN64R
DRCB startDataReporting,Device,softwarename,Atlas
DRCB startDataReporting,Device,serialnumber,DLXZ302BN64R
DRCB startDataReporting,Device,softwareversion,V23.2.7.1
DRCB startDataReporting,Device,limitsversion,1
1. Diag Version,Device,DIAG_VER,29D110s
40. Read_Juliet_SN,Device,Juliet_SN: ,DNM92130A82J7LP3G
76. VA_Magnetometer_ChipID,Device,VA_Magnetometer_Version,0x40
77. VA_Magnetometer_Version,Device,MAGNETOMETER_REV,0x52
125. Check TX MCU FW,Device,TX_MCU_FW,B0 00 04 00 01 00 13 04 
