Test,Plugin,Command,Status,Info,Start Time,End Time,Duration (s)
,FileParser,copyDic,PASS,,Jul 19 2019 6:55:13.1900 PM,Jul 19 2019 6:55:13.2020 PM,.0116
,FileParser,copyDic,PASS,,Jul 19 2019 6:55:13.2040 PM,Jul 19 2019 6:55:13.2120 PM,.008
,FileParser,copyFile,PASS,,Jul 19 2019 6:55:13.2140 PM,Jul 19 2019 6:55:13.2320 PM,.0183
Potassium FW version,runShell,getFWversion,PASS,,Jul 19 2019 6:55:13.2380 PM,Jul 19 2019 6:55:13.3030 PM,.0652
Potassium Environment check,runShell,getEnv,PASS,,Jul 19 2019 6:55:13.8850 PM,Jul 19 2019 6:55:14.2940 PM,.4089
Fixture On,rpcCall,RPCSendAndGet,PASS,,Jul 19 2019 6:55:14.8970 PM,Jul 19 2019 6:55:15.4430 PM,.5459
Fixture On,rpcCall,RPCSendAndGet,PASS,,Jul 19 2019 6:55:15.4450 PM,Jul 19 2019 6:55:15.5040 PM,.0593
SN,DutOwn,setUnitType,PASS,,Jul 19 2019 6:55:15.5090 PM,Jul 19 2019 6:55:15.5150 PM,.0058
SN,DutOwn,enterDiags,PASS,,Jul 19 2019 6:55:15.5170 PM,Jul 19 2019 6:55:16.3640 PM,.8476
SN,DutOwn,sendCommand,PASS,,Jul 19 2019 6:55:16.3670 PM,Jul 19 2019 6:55:17.7460 PM,1.3786
,FileParser,JsonParsing,PASS,,Jul 19 2019 6:55:17.7510 PM,Jul 19 2019 6:55:17.7520 PM,.0015
DRCB startDataReporting,DRCB,startDataReporting,PASS,,Jul 19 2019 6:55:17.7570 PM,Jul 19 2019 6:55:17.7720 PM,.0154
Dut - open,Dut,open,PASS,,Jul 19 2019 6:55:19.8560 PM,Jul 19 2019 6:55:19.8740 PM,.0175
1. Diag Version,Dut,sendCommand,PASS,,Jul 19 2019 6:55:19.8780 PM,Jul 19 2019 6:55:19.9270 PM,.0482
2. Get SFC Info,SFCSupport,getAttribute,PASS,,Jul 19 2019 6:55:19.9320 PM,Jul 19 2019 6:55:19.9640 PM,.0324
2. Get SFC Info,SFCSupport,getAttribute,PASS,,Jul 19 2019 6:55:19.9670 PM,Jul 19 2019 6:55:19.9720 PM,.0051
2. Get SFC Info,SFCSupport,getAttribute,PASS,,Jul 19 2019 6:55:19.9750 PM,Jul 19 2019 6:55:19.9800 PM,.0053
2. Get SFC Info,SFCSupport,getAttribute,PASS,,Jul 19 2019 6:55:19.9820 PM,Jul 19 2019 6:55:19.9880 PM,.0051
2. Get SFC Info,SFCSupport,getAttribute,PASS,,Jul 19 2019 6:55:19.9900 PM,Jul 19 2019 6:55:20.0900 PM,.0995
3. Check Battery Level Before Test,Dut,sendCommand,PASS,,Jul 19 2019 6:55:20.0960 PM,Jul 19 2019 6:55:20.1110 PM,.0148
4. Check Battery Voltage Before Test,Dut,sendCommand,PASS,,Jul 19 2019 6:55:20.1200 PM,Jul 19 2019 6:55:20.1360 PM,.0164
5. Max battery Hex Value Check,Dut,sendCommand,PASS,,Jul 19 2019 6:55:20.1420 PM,Jul 19 2019 6:55:20.4120 PM,.2692
5. Max battery Hex Value Check,Dut,sendCommand,PASS,,Jul 19 2019 6:55:20.4140 PM,Jul 19 2019 6:55:20.6050 PM,.1905
6. Rosaline Calibration Current [250 525],Dut,sendCommand,PASS,,Jul 19 2019 6:55:20.6110 PM,Jul 19 2019 6:55:20.6710 PM,.0599
6. Rosaline Calibration Current [250 525],Dut,sendCommand,PASS,,Jul 19 2019 6:55:20.6730 PM,Jul 19 2019 6:55:20.9240 PM,.2509
7. PROX_QT_DEV_ID [208],Dut,sendCommand,PASS,,Jul 19 2019 6:55:20.9290 PM,Jul 19 2019 6:55:20.9420 PM,.0129
8. PROX_QT_REV_ID [18],Dut,sendCommand,PASS,,Jul 19 2019 6:55:20.9460 PM,Jul 19 2019 6:55:20.9620 PM,.0154
9. Rosaline Yogi device ID[0E 74],Dut,sendCommand,PASS,,Jul 19 2019 6:55:20.9660 PM,Jul 19 2019 6:55:20.9860 PM,.0196
10. Read Yogi fault Status[00],Dut,sendCommand,PASS,,Jul 19 2019 6:55:20.9910 PM,Jul 19 2019 6:55:21.0110 PM,.0198
11. Read Yogi temperature (deg C) [10 40],Dut,sendCommand,PASS,,Jul 19 2019 6:55:21.0160 PM,Jul 19 2019 6:55:21.0350 PM,.0194
11. Read Yogi temperature (deg C) [10 40],Dut,sendCommand,PASS,,Jul 19 2019 6:55:21.0370 PM,Jul 19 2019 6:55:21.0560 PM,.019
11. Read Yogi temperature (deg C) [10 40],Dut,sendCommand,PASS,,Jul 19 2019 6:55:21.0590 PM,Jul 19 2019 6:55:21.0760 PM,.0176
12. Read Yogi_SEL_ICWMAX [0 0],Dut,sendCommand,PASS,,Jul 19 2019 6:55:21.0810 PM,Jul 19 2019 6:55:21.1010 PM,.0197
13. Read Yogi_SEL_IPULSEMAX,Dut,sendCommand,PASS,,Jul 19 2019 6:55:21.1060 PM,Jul 19 2019 6:55:21.1260 PM,.0206
14. Read Yogi_SEL_ISEVERE ,Dut,sendCommand,PASS,,Jul 19 2019 6:55:21.1310 PM,Jul 19 2019 6:55:21.1520 PM,.0209
15. Read Yogi_FAULT_B_LIM [59 59],Dut,sendCommand,PASS,,Jul 19 2019 6:55:21.1570 PM,Jul 19 2019 6:55:21.1770 PM,.0196
16. Read Yogi_FAULT_C_LIM [4798 4798],Dut,sendCommand,PASS,,Jul 19 2019 6:55:21.1830 PM,Jul 19 2019 6:55:21.2010 PM,.0184
16. Read Yogi_FAULT_C_LIM [4798 4798],Dut,sendCommand,PASS,,Jul 19 2019 6:55:21.2040 PM,Jul 19 2019 6:55:21.2220 PM,.0181
16. Read Yogi_FAULT_C_LIM [4798 4798],Dut,sendCommand,PASS,,Jul 19 2019 6:55:21.2240 PM,Jul 19 2019 6:55:21.2460 PM,.0213
17. Read Yogi_FAULT_D_LIM [7813 7813],Dut,sendCommand,PASS,,Jul 19 2019 6:55:21.2510 PM,Jul 19 2019 6:55:21.2710 PM,.0199
17. Read Yogi_FAULT_D_LIM [7813 7813],Dut,sendCommand,PASS,,Jul 19 2019 6:55:21.2730 PM,Jul 19 2019 6:55:21.2930 PM,.0198
17. Read Yogi_FAULT_D_LIM [7813 7813],Dut,sendCommand,PASS,,Jul 19 2019 6:55:21.2950 PM,Jul 19 2019 6:55:21.3160 PM,.0209
18. Read Yogi_FAULT_E_UP_COUNT [16 16],Dut,sendCommand,PASS,,Jul 19 2019 6:55:21.3230 PM,Jul 19 2019 6:55:21.3420 PM,.0189
18. Read Yogi_FAULT_E_UP_COUNT [16 16],Dut,sendCommand,PASS,,Jul 19 2019 6:55:21.3440 PM,Jul 19 2019 6:55:21.3620 PM,.0177
19. Read Yogi_FAULT_E_DN_COUNT [6 6],Dut,sendCommand,PASS,,Jul 19 2019 6:55:21.3680 PM,Jul 19 2019 6:55:21.3870 PM,.0186
19. Read Yogi_FAULT_E_DN_COUNT [6 6],Dut,sendCommand,PASS,,Jul 19 2019 6:55:21.3890 PM,Jul 19 2019 6:55:21.4110 PM,.0218
20. Read Yogi_FAULT_E_LIM [1900 1900],Dut,sendCommand,PASS,,Jul 19 2019 6:55:21.4160 PM,Jul 19 2019 6:55:21.4370 PM,.0204
20. Read Yogi_FAULT_E_LIM [1900 1900],Dut,sendCommand,PASS,,Jul 19 2019 6:55:21.4390 PM,Jul 19 2019 6:55:21.4580 PM,.0193
20. Read Yogi_FAULT_E_LIM [1900 1900],Dut,sendCommand,PASS,,Jul 19 2019 6:55:21.4600 PM,Jul 19 2019 6:55:21.4810 PM,.0207
21. Read Yogi_POR_DELAY [7 7],Dut,sendCommand,PASS,,Jul 19 2019 6:55:21.4870 PM,Jul 19 2019 6:55:21.5060 PM,.0196
21. Read Yogi_POR_DELAY [7 7],Dut,sendCommand,PASS,,Jul 19 2019 6:55:21.5090 PM,Jul 19 2019 6:55:21.5260 PM,.0175
22. Read Yogi_SEL_STATUS_IOL [1 1],Dut,sendCommand,PASS,,Jul 19 2019 6:55:21.5320 PM,Jul 19 2019 6:55:21.5510 PM,.0194
22. Read Yogi_SEL_STATUS_IOL [1 1],Dut,sendCommand,PASS,,Jul 19 2019 6:55:21.5540 PM,Jul 19 2019 6:55:21.5710 PM,.0176
23. Read Yogi_SEL_SDA_IOL [1 1],Dut,sendCommand,PASS,,Jul 19 2019 6:55:21.5760 PM,Jul 19 2019 6:55:21.5960 PM,.0196
24. Read Yogi_DB_IPULSEMAX [7 7],Dut,sendCommand,PASS,,Jul 19 2019 6:55:21.6010 PM,Jul 19 2019 6:55:21.6210 PM,.0195
25. Read Yogi_DB_ICWMAX1 [7 7],Dut,sendCommand,PASS,,Jul 19 2019 6:55:21.6260 PM,Jul 19 2019 6:55:21.6460 PM,.0202
26. Read Yogi_DB_ICWMAX2 [7 7],Dut,sendCommand,PASS,,Jul 19 2019 6:55:21.6500 PM,Jul 19 2019 6:55:21.6720 PM,.0215
27. Read Yogi_DB_PSM [7 7],Dut,sendCommand,PASS,,Jul 19 2019 6:55:21.6760 PM,Jul 19 2019 6:55:21.6960 PM,.0199
27. Read Yogi_DB_PSM [7 7],Dut,sendCommand,PASS,,Jul 19 2019 6:55:21.6980 PM,Jul 19 2019 6:55:21.7170 PM,.0183
28. Read Yogi_SEL_VTHR_PSM_OVLO [4 4],Dut,sendCommand,PASS,,Jul 19 2019 6:55:21.7220 PM,Jul 19 2019 6:55:21.7420 PM,.0198
29. Read Yogi_SEL_VTHR_PSM_UVLO [2 2],Dut,sendCommand,PASS,,Jul 19 2019 6:55:21.7470 PM,Jul 19 2019 6:55:21.7660 PM,.0193
30. Rosaline_Post-DA_Test_Bit0_1[2 3],Dut,sendCommand,PASS,,Jul 19 2019 6:55:21.7730 PM,Jul 19 2019 6:55:22.0290 PM,.2565
33. Rosaline_Yogi_Prog_Flag[1 1],Dut,sendCommand,PASS,,Jul 19 2019 6:55:22.0390 PM,Jul 19 2019 6:55:22.2950 PM,.256
37. Rosaline Pulse Width(ms) [9 9],Dut,sendCommand,PASS,,Jul 19 2019 6:55:22.3100 PM,Jul 19 2019 6:55:22.3860 PM,.0757
38. Rosaline toggle interrupt test,Dut,sendCommand,PASS,,Jul 19 2019 6:55:22.3910 PM,Jul 19 2019 6:55:22.4510 PM,.0598
38. Rosaline toggle interrupt test,Dut,sendCommand,PASS,,Jul 19 2019 6:55:22.4520 PM,Jul 19 2019 6:55:24.2760 PM,1.8238
39. Find_Camera_Juliet,Dut,sendCommand,PASS,,Jul 19 2019 6:55:24.2810 PM,Jul 19 2019 6:55:25.8750 PM,1.5943
40. Read_Juliet_SN,Dut,sendCommand,PASS,,Jul 19 2019 6:55:25.8820 PM,Jul 19 2019 6:55:26.1200 PM,.2381
40. Read_Juliet_SN,Dut,sendCommand,PASS,,Jul 19 2019 6:55:26.1220 PM,Jul 19 2019 6:55:27.7150 PM,1.5931
40. Read_Juliet_SN,Dut,sendCommand,PASS,,Jul 19 2019 6:55:27.7180 PM,Jul 19 2019 6:55:27.7310 PM,.013
40. Read_Juliet_SN,Dut,sendCommand,PASS,,Jul 19 2019 6:55:27.7340 PM,Jul 19 2019 6:55:27.8510 PM,.1174
40. Read_Juliet_SN,Dut,sendCommand,PASS,,Jul 19 2019 6:55:27.8540 PM,Jul 19 2019 6:55:27.8670 PM,.0131
42. Read Juliet ID,Dut,sendCommand,PASS,,Jul 19 2019 6:55:27.8750 PM,Jul 19 2019 6:55:27.8970 PM,.022
43. Juliet Front Camera NVM check,Dut,sendCommand,PASS,,Jul 19 2019 6:55:27.9010 PM,Jul 19 2019 6:55:28.4440 PM,.5428
43. Juliet Front Camera NVM check,Dut,sendCommand,PASS,,Jul 19 2019 6:55:28.4500 PM,Jul 19 2019 6:55:28.4620 PM,.0129
43. Juliet Front Camera NVM check,Dut,sendCommand,PASS,,Jul 19 2019 6:55:28.4650 PM,Jul 19 2019 6:55:28.7060 PM,.2406
44. Camera_DLI_Juliet,Dut,sendCommand,PASS,,Jul 19 2019 6:55:28.7330 PM,Jul 19 2019 6:55:28.8560 PM,.123
44. Camera_DLI_Juliet,Dut,sendCommand,PASS,,Jul 19 2019 6:55:28.8590 PM,Jul 19 2019 6:55:30.4510 PM,1.5922
44. Camera_DLI_Juliet,Dut,sendCommand,PASS,,Jul 19 2019 6:55:30.4530 PM,Jul 19 2019 6:55:30.4660 PM,.0124
44. Camera_DLI_Juliet,Dut,sendCommand,PASS,,Jul 19 2019 6:55:30.4680 PM,Jul 19 2019 6:55:33.2800 PM,2.8121
44. Camera_DLI_Juliet,Dut,sendCommand,PASS,,Jul 19 2019 6:55:33.2830 PM,Jul 19 2019 6:55:33.4050 PM,.1222
45. WV_Phosphorus_Mfg_ID,Dut,sendCommand,PASS,,Jul 19 2019 6:55:33.4110 PM,Jul 19 2019 6:55:33.4260 PM,.015
46. WV_Phosphorus_Chip_ID,Dut,sendCommand,PASS,,Jul 19 2019 6:55:33.4310 PM,Jul 19 2019 6:55:33.4460 PM,.015
47. WV_Phosphorus_Trim_Rev,Dut,sendCommand,PASS,,Jul 19 2019 6:55:33.4500 PM,Jul 19 2019 6:55:33.4650 PM,.0152
48. WV_Phosphorus_Trim_Rev2,Dut,sendCommand,PASS,,Jul 19 2019 6:55:33.4700 PM,Jul 19 2019 6:55:33.4850 PM,.0154
49. WV_Phosphorus_Trim_Rev3,Dut,sendCommand,PASS,,Jul 19 2019 6:55:33.4910 PM,Jul 19 2019 6:55:33.5070 PM,.016
50. Presure Initialiation,Dut,sendCommand,PASS,,Jul 19 2019 6:55:33.5120 PM,Jul 19 2019 6:55:33.5710 PM,.0589
50. Presure Initialiation,Dut,sendCommand,PASS,,Jul 19 2019 6:55:33.5730 PM,Jul 19 2019 6:55:33.6040 PM,.0313
51. Presure Connectivity Test,Dut,sendCommand,PASS,,Jul 19 2019 6:55:33.6080 PM,Jul 19 2019 6:55:33.6290 PM,.0209
51. Presure Connectivity Test,Dut,sendCommand,PASS,,Jul 19 2019 6:55:33.6310 PM,Jul 19 2019 6:55:33.6450 PM,.0138
52. WV_Phosphorus_Average,Dut,sendCommand,PASS,,Jul 19 2019 6:55:33.6490 PM,Jul 19 2019 6:55:33.6790 PM,.0302
52. WV_Phosphorus_Average,Dut,sendCommand,PASS,,Jul 19 2019 6:55:33.6810 PM,Jul 19 2019 6:55:33.7100 PM,.0282
52. WV_Phosphorus_Average,Dut,sendCommand,PASS,,Jul 19 2019 6:55:33.7120 PM,Jul 19 2019 6:55:33.7290 PM,.0177
52. WV_Phosphorus_Average,Dut,sendCommand,PASS,,Jul 19 2019 6:55:33.7310 PM,Jul 19 2019 6:55:33.7500 PM,.0184
52. WV_Phosphorus_Average,Dut,sendCommand,PASS,,Jul 19 2019 6:55:33.7520 PM,Jul 19 2019 6:55:33.8050 PM,.0531
52. WV_Phosphorus_Average,Dut,sendCommand,PASS,,Jul 19 2019 6:55:33.8060 PM,Jul 19 2019 6:55:33.8290 PM,.023
52. WV_Phosphorus_Average,Dut,sendCommand,PASS,,Jul 19 2019 6:55:33.8310 PM,Jul 19 2019 6:55:35.0570 PM,1.2254
52. WV_Phosphorus_Average,Dut,sendCommand,PASS,,Jul 19 2019 6:55:35.0590 PM,Jul 19 2019 6:55:35.0750 PM,.0155
57. Graphite Initialization,Dut,sendCommand,PASS,,Jul 19 2019 6:55:35.0870 PM,Jul 19 2019 6:55:35.1450 PM,.0581
57. Graphite Initialization,Dut,sendCommand,PASS,,Jul 19 2019 6:55:35.1480 PM,Jul 19 2019 6:55:35.2790 PM,.1309
57. Graphite Initialization,Dut,sendCommand,PASS,,Jul 19 2019 6:55:35.2810 PM,Jul 19 2019 6:55:35.4450 PM,.1643
57. Graphite Initialization,Dut,sendCommand,PASS,,Jul 19 2019 6:55:35.4480 PM,Jul 19 2019 6:55:35.6600 PM,.2122
57. Graphite Initialization,Dut,sendCommand,PASS,,Jul 19 2019 6:55:35.6630 PM,Jul 19 2019 6:55:35.7300 PM,.0669
57. Graphite Initialization,Dut,sendCommand,PASS,,Jul 19 2019 6:55:35.7320 PM,Jul 19 2019 6:55:35.8000 PM,.0676
57. Graphite Initialization,Dut,sendCommand,PASS,,Jul 19 2019 6:55:35.8030 PM,Jul 19 2019 6:55:38.0030 PM,2.2005
57. Graphite Initialization,Dut,sendCommand,PASS,,Jul 19 2019 6:55:38.0060 PM,Jul 19 2019 6:55:38.0850 PM,.0789
71. Accelermeter SelfTest,Dut,sendCommand,PASS,,Jul 19 2019 6:55:38.1170 PM,Jul 19 2019 6:55:38.4490 PM,.3323
71. Accelermeter SelfTest,Dut,sendCommand,PASS,,Jul 19 2019 6:55:38.4510 PM,Jul 19 2019 6:55:38.6900 PM,.2388
71. Accelermeter SelfTest,Dut,sendCommand,PASS,,Jul 19 2019 6:55:38.6930 PM,Jul 19 2019 6:55:38.9300 PM,.237
72. Gyro Self Test,Dut,sendCommand,PASS,,Jul 19 2019 6:55:38.9350 PM,Jul 19 2019 6:55:39.3050 PM,.3695
72. Gyro Self Test,Dut,sendCommand,PASS,,Jul 19 2019 6:55:39.3080 PM,Jul 19 2019 6:55:39.4800 PM,.1728
72. Gyro Self Test,Dut,sendCommand,PASS,,Jul 19 2019 6:55:39.4830 PM,Jul 19 2019 6:55:39.7400 PM,.2566
73. Magnetometer Initialization,Dut,sendCommand,PASS,,Jul 19 2019 6:55:39.7450 PM,Jul 19 2019 6:55:39.7700 PM,.0245
74. Magnetometer Connectivity Test,Dut,sendCommand,PASS,,Jul 19 2019 6:55:39.7740 PM,Jul 19 2019 6:55:39.8440 PM,.07
75. Magnetometer Self-Test,Dut,sendCommand,PASS,,Jul 19 2019 6:55:39.8480 PM,Jul 19 2019 6:55:40.0640 PM,.2155
75. Magnetometer Self-Test,Dut,sendCommand,PASS,,Jul 19 2019 6:55:40.0660 PM,Jul 19 2019 6:55:40.2900 PM,.224
75. Magnetometer Self-Test,Dut,sendCommand,PASS,,Jul 19 2019 6:55:40.2930 PM,Jul 19 2019 6:55:42.8650 PM,2.5724
75. Magnetometer Self-Test,Dut,sendCommand,PASS,,Jul 19 2019 6:55:42.8680 PM,Jul 19 2019 6:55:43.0850 PM,.2171
76. VA_Magnetometer_ChipID,Dut,sendCommand,PASS,,Jul 19 2019 6:55:43.0900 PM,Jul 19 2019 6:55:43.1050 PM,.0148
76. VA_Magnetometer_ChipID,Dut,sendCommand,PASS,,Jul 19 2019 6:55:43.1080 PM,Jul 19 2019 6:55:43.1240 PM,.0165
77. VA_Magnetometer_Version,Dut,sendCommand,PASS,,Jul 19 2019 6:55:43.1290 PM,Jul 19 2019 6:55:43.1460 PM,.0171
78. VA_Magnetometer_CRC,Dut,sendCommand,PASS,,Jul 19 2019 6:55:43.1520 PM,Jul 19 2019 6:55:43.1690 PM,.0171
78. VA_Magnetometer_CRC,Dut,sendCommand,PASS,,Jul 19 2019 6:55:43.1720 PM,Jul 19 2019 6:55:43.1890 PM,.0172
78. VA_Magnetometer_CRC,Dut,sendCommand,PASS,,Jul 19 2019 6:55:43.1910 PM,Jul 19 2019 6:55:43.2750 PM,.0837
78. VA_Magnetometer_CRC,Dut,sendCommand,PASS,,Jul 19 2019 6:55:43.2940 PM,Jul 19 2019 6:55:43.3110 PM,.0172
78. VA_Magnetometer_CRC,Dut,sendCommand,PASS,,Jul 19 2019 6:55:43.3130 PM,Jul 19 2019 6:55:43.3300 PM,.0167
79. VA_Magnetometer_ODR,Dut,sendCommand,PASS,,Jul 19 2019 6:55:43.3360 PM,Jul 19 2019 6:55:43.3960 PM,.0593
79. VA_Magnetometer_ODR,Dut,sendCommand,PASS,,Jul 19 2019 6:55:43.3990 PM,Jul 19 2019 6:55:43.4190 PM,.0208
79. VA_Magnetometer_ODR,Dut,sendCommand,PASS,,Jul 19 2019 6:55:43.4210 PM,Jul 19 2019 6:55:45.3350 PM,1.9135
79. VA_Magnetometer_ODR,Dut,sendCommand,PASS,,Jul 19 2019 6:55:45.3370 PM,Jul 19 2019 6:55:45.3550 PM,.0173
87. Grape GPIO Test,Dut,sendCommand,PASS,,Jul 19 2019 6:55:45.3750 PM,Jul 19 2019 6:55:45.4890 PM,.1143
87. Grape GPIO Test,Dut,sendCommand,PASS,,Jul 19 2019 6:55:45.4920 PM,Jul 19 2019 6:55:50.7860 PM,5.294
88. Grape Short Test,Dut,sendCommand,PASS,,Jul 19 2019 6:55:50.7900 PM,Jul 19 2019 6:56:22.9140 PM,32.1233
89. Grape Offset Test,Dut,sendCommand,PASS,,Jul 19 2019 6:56:22.9210 PM,Jul 19 2019 6:56:40.3510 PM,17.4296
90. Grape Power On,Dut,sendCommand,PASS,,Jul 19 2019 6:56:41.0030 PM,Jul 19 2019 6:56:41.0150 PM,.0124
90. Grape Power On,Dut,sendCommand,PASS,,Jul 19 2019 6:56:41.0170 PM,Jul 19 2019 6:56:41.2850 PM,.2687
90. Grape Power On,Dut,sendCommand,PASS,,Jul 19 2019 6:56:41.2880 PM,Jul 19 2019 6:56:41.8920 PM,.6037
91. Grape Firmware version,Dut,sendCommand,PASS,,Jul 19 2019 6:56:41.9080 PM,Jul 19 2019 6:56:41.9220 PM,.0146
92. Grape FW Critical Error Check,Dut,sendCommand,PASS,,Jul 19 2019 6:56:41.9280 PM,Jul 19 2019 6:56:41.9460 PM,.0177
92. Grape FW Critical Error Check,Dut,sendCommand,PASS,,Jul 19 2019 6:56:41.9480 PM,Jul 19 2019 6:56:42.2610 PM,.3125
93. ALS1_FH_RIGHT_Device ID,Dut,sendCommand,PASS,,Jul 19 2019 6:56:42.2660 PM,Jul 19 2019 6:56:42.2960 PM,.0305
93. ALS1_FH_RIGHT_Device ID,Dut,sendCommand,PASS,,Jul 19 2019 6:56:42.2990 PM,Jul 19 2019 6:56:42.3170 PM,.0179
94. ALS1_FH_RIGHT_Revision ID,Dut,sendCommand,PASS,,Jul 19 2019 6:56:42.3210 PM,Jul 19 2019 6:56:42.3410 PM,.0192
95. ALS1_FH_RIGHT_IC vendor,Dut,sendCommand,PASS,,Jul 19 2019 6:56:42.3460 PM,Jul 19 2019 6:56:42.3650 PM,.0196
96. ALS1_FH_RIGHT_Chip ID,Dut,sendCommand,PASS,,Jul 19 2019 6:56:42.3710 PM,Jul 19 2019 6:56:42.3910 PM,.0201
97. ALS1_FH_RIGHT_Interrupt Test,Dut,sendCommand,PASS,,Jul 19 2019 6:56:42.3960 PM,Jul 19 2019 6:56:42.4200 PM,.0247
97. ALS1_FH_RIGHT_Interrupt Test,Dut,sendCommand,PASS,,Jul 19 2019 6:56:42.4220 PM,Jul 19 2019 6:56:42.4400 PM,.0178
97. ALS1_FH_RIGHT_Interrupt Test,Dut,sendCommand,PASS,,Jul 19 2019 6:56:42.4420 PM,Jul 19 2019 6:56:42.4560 PM,.014
97. ALS1_FH_RIGHT_Interrupt Test,Dut,sendCommand,PASS,,Jul 19 2019 6:56:42.4590 PM,Jul 19 2019 6:56:42.4760 PM,.0172
97. ALS1_FH_RIGHT_Interrupt Test,Dut,sendCommand,PASS,,Jul 19 2019 6:56:42.4780 PM,Jul 19 2019 6:56:42.4950 PM,.0172
97. ALS1_FH_RIGHT_Interrupt Test,Dut,sendCommand,PASS,,Jul 19 2019 6:56:42.4970 PM,Jul 19 2019 6:56:42.5150 PM,.0179
97. ALS1_FH_RIGHT_Interrupt Test,Dut,sendCommand,PASS,,Jul 19 2019 6:56:42.5170 PM,Jul 19 2019 6:56:42.6260 PM,.1087
97. ALS1_FH_RIGHT_Interrupt Test,Dut,sendCommand,PASS,,Jul 19 2019 6:56:42.6290 PM,Jul 19 2019 6:56:42.6410 PM,.0126
97. ALS1_FH_RIGHT_Interrupt Test,Dut,sendCommand,PASS,,Jul 19 2019 6:56:42.6440 PM,Jul 19 2019 6:56:42.6600 PM,.0164
98. Sensor ALS1_FH_RIGHT Bright -Ch_0,rpcCall,RPCSendAndGet,PASS,,Jul 19 2019 6:56:42.6660 PM,Jul 19 2019 6:56:42.7000 PM,.0344
98. Sensor ALS1_FH_RIGHT Bright -Ch_0,rpcCall,RPCSendAndGet,PASS,,Jul 19 2019 6:56:42.7020 PM,Jul 19 2019 6:56:42.7600 PM,.0578
98. Sensor ALS1_FH_RIGHT Bright -Ch_0,rpcCall,RPCSendAndGet,PASS,,Jul 19 2019 6:56:42.7620 PM,Jul 19 2019 6:56:42.8590 PM,.0965
98. Sensor ALS1_FH_RIGHT Bright -Ch_0,Dut,sendCommand,PASS,,Jul 19 2019 6:56:43.0350 PM,Jul 19 2019 6:56:43.0610 PM,.0263
98. Sensor ALS1_FH_RIGHT Bright -Ch_0,Dut,sendCommand,PASS,,Jul 19 2019 6:56:43.0640 PM,Jul 19 2019 6:56:43.0850 PM,.0217
98. Sensor ALS1_FH_RIGHT Bright -Ch_0,Dut,sendCommand,PASS,,Jul 19 2019 6:56:43.0870 PM,Jul 19 2019 6:56:43.1110 PM,.0239
98. Sensor ALS1_FH_RIGHT Bright -Ch_0,Dut,sendCommand,PASS,,Jul 19 2019 6:56:43.1130 PM,Jul 19 2019 6:56:44.4090 PM,1.296
102. ALS2_FH_LEFT_Device ID,Dut,sendCommand,PASS,,Jul 19 2019 6:56:44.4200 PM,Jul 19 2019 6:56:44.4400 PM,.0199
102. ALS2_FH_LEFT_Device ID,Dut,sendCommand,PASS,,Jul 19 2019 6:56:44.4430 PM,Jul 19 2019 6:56:44.4610 PM,.0178
103. ALS2_FH_LEFT_Revision ID,Dut,sendCommand,PASS,,Jul 19 2019 6:56:44.4650 PM,Jul 19 2019 6:56:44.4850 PM,.0202
104. ALS2_FH_LEFT_IC vendor,Dut,sendCommand,PASS,,Jul 19 2019 6:56:44.4900 PM,Jul 19 2019 6:56:44.5100 PM,.0198
105. ALS2_FH_LEFT_Chip ID,Dut,sendCommand,PASS,,Jul 19 2019 6:56:44.5150 PM,Jul 19 2019 6:56:44.5370 PM,.0219
106. ALS2_FH_LEFT_Interrupt Test,Dut,sendCommand,PASS,,Jul 19 2019 6:56:44.5430 PM,Jul 19 2019 6:56:44.5650 PM,.0224
106. ALS2_FH_LEFT_Interrupt Test,Dut,sendCommand,PASS,,Jul 19 2019 6:56:44.5670 PM,Jul 19 2019 6:56:44.5850 PM,.0182
106. ALS2_FH_LEFT_Interrupt Test,Dut,sendCommand,PASS,,Jul 19 2019 6:56:44.5870 PM,Jul 19 2019 6:56:44.6020 PM,.0146
106. ALS2_FH_LEFT_Interrupt Test,Dut,sendCommand,PASS,,Jul 19 2019 6:56:44.6040 PM,Jul 19 2019 6:56:44.6250 PM,.0208
106. ALS2_FH_LEFT_Interrupt Test,Dut,sendCommand,PASS,,Jul 19 2019 6:56:44.6270 PM,Jul 19 2019 6:56:44.6450 PM,.0183
106. ALS2_FH_LEFT_Interrupt Test,Dut,sendCommand,PASS,,Jul 19 2019 6:56:44.6470 PM,Jul 19 2019 6:56:44.6660 PM,.0182
106. ALS2_FH_LEFT_Interrupt Test,Dut,sendCommand,PASS,,Jul 19 2019 6:56:44.6670 PM,Jul 19 2019 6:56:44.7750 PM,.1077
106. ALS2_FH_LEFT_Interrupt Test,Dut,sendCommand,PASS,,Jul 19 2019 6:56:44.7770 PM,Jul 19 2019 6:56:44.7910 PM,.0137
106. ALS2_FH_LEFT_Interrupt Test,Dut,sendCommand,PASS,,Jul 19 2019 6:56:44.7930 PM,Jul 19 2019 6:56:44.8100 PM,.0173
106. ALS2_FH_LEFT_Interrupt Test,Dut,sendCommand,PASS,,Jul 19 2019 6:56:44.8120 PM,Jul 19 2019 6:56:44.8310 PM,.0181
107. Sensor ALS2_FH_LEFT Bright -Ch_0,Dut,sendCommand,PASS,,Jul 19 2019 6:56:45.4030 PM,Jul 19 2019 6:56:45.4360 PM,.0326
107. Sensor ALS2_FH_LEFT Bright -Ch_0,Dut,sendCommand,PASS,,Jul 19 2019 6:56:45.4390 PM,Jul 19 2019 6:56:45.4610 PM,.0222
107. Sensor ALS2_FH_LEFT Bright -Ch_0,Dut,sendCommand,PASS,,Jul 19 2019 6:56:45.4630 PM,Jul 19 2019 6:56:45.4860 PM,.0228
107. Sensor ALS2_FH_LEFT Bright -Ch_0,Dut,sendCommand,PASS,,Jul 19 2019 6:56:45.4880 PM,Jul 19 2019 6:56:46.7810 PM,1.2931
110. Sensor ALS2_FH_LEFT Bright -Ch_3,rpcCall,RPCSendAndGet,PASS,,Jul 19 2019 6:56:46.7900 PM,Jul 19 2019 6:56:46.8440 PM,.0535
110. Sensor ALS2_FH_LEFT Bright -Ch_3,rpcCall,RPCSendAndGet,PASS,,Jul 19 2019 6:56:46.8460 PM,Jul 19 2019 6:56:46.9540 PM,.1086
110. Sensor ALS2_FH_LEFT Bright -Ch_3,rpcCall,RPCSendAndGet,PASS,,Jul 19 2019 6:56:46.9570 PM,Jul 19 2019 6:56:47.0190 PM,.062
111. HALL_TCON_L_FH_Miss Test_IRQ,rpcCall,RPCSendAndGet,PASS,,Jul 19 2019 6:56:47.0240 PM,Jul 19 2019 6:56:47.0850 PM,.0606
111. HALL_TCON_L_FH_Miss Test_IRQ,Dut,sendCommand,PASS,,Jul 19 2019 6:56:47.0870 PM,Jul 19 2019 6:56:50.1220 PM,3.0344
112. HALL_TCON_L_FH_Detect Test_IRQ,rpcCall,RPCSendAndGet,PASS,,Jul 19 2019 6:56:50.1260 PM,Jul 19 2019 6:56:50.1760 PM,.0497
112. HALL_TCON_L_FH_Detect Test_IRQ,Dut,sendCommand,PASS,,Jul 19 2019 6:56:50.1780 PM,Jul 19 2019 6:56:50.2400 PM,.0614
112. HALL_TCON_L_FH_Detect Test_IRQ,rpcCall,RPCSendAndGet,PASS,,Jul 19 2019 6:56:50.2420 PM,Jul 19 2019 6:56:50.2920 PM,.0494
113. HALL_C3 Flex_Miss Test_IRQ,rpcCall,RPCSendAndGet,PASS,,Jul 19 2019 6:56:50.4700 PM,Jul 19 2019 6:56:50.5260 PM,.0555
113. HALL_C3 Flex_Miss Test_IRQ,Dut,sendCommand,PASS,,Jul 19 2019 6:56:50.5290 PM,Jul 19 2019 6:56:53.5620 PM,3.0331
114. HALL_C3 Flex_Detect Test_IRQ,rpcCall,RPCSendAndGet,PASS,,Jul 19 2019 6:56:53.5670 PM,Jul 19 2019 6:56:53.6170 PM,.05
114. HALL_C3 Flex_Detect Test_IRQ,Dut,sendCommand,PASS,,Jul 19 2019 6:56:53.6190 PM,Jul 19 2019 6:56:53.8990 PM,.2806
114. HALL_C3 Flex_Detect Test_IRQ,rpcCall,RPCSendAndGet,PASS,,Jul 19 2019 6:56:53.9020 PM,Jul 19 2019 6:56:53.9620 PM,.0604
115. I2C0 sweep test,Dut,sendCommand,PASS,,Jul 19 2019 6:56:54.1340 PM,Jul 19 2019 6:56:54.2710 PM,.1371
116. I2C1 sweep test,Dut,sendCommand,PASS,,Jul 19 2019 6:56:54.2780 PM,Jul 19 2019 6:56:54.6900 PM,.4124
116. I2C1 sweep test,Dut,sendCommand,PASS,,Jul 19 2019 6:56:54.6930 PM,Jul 19 2019 6:56:54.8700 PM,.1775
116. I2C1 sweep test,Dut,sendCommand,PASS,,Jul 19 2019 6:56:54.8780 PM,Jul 19 2019 6:56:54.9400 PM,.0626
117. I2C2 sweep test,Dut,sendCommand,PASS,,Jul 19 2019 6:56:54.9450 PM,Jul 19 2019 6:56:55.3560 PM,.4109
117. I2C2 sweep test,Dut,sendCommand,PASS,,Jul 19 2019 6:56:55.3580 PM,Jul 19 2019 6:56:55.6550 PM,.2965
117. I2C2 sweep test,Dut,sendCommand,PASS,,Jul 19 2019 6:56:55.6680 PM,Jul 19 2019 6:56:55.7300 PM,.0619
118. I2C3 sweep test,Dut,sendCommand,PASS,,Jul 19 2019 6:56:55.7350 PM,Jul 19 2019 6:56:56.1450 PM,.4102
118. I2C3 sweep test,Dut,sendCommand,PASS,,Jul 19 2019 6:56:56.1470 PM,Jul 19 2019 6:56:56.2150 PM,.0681
118. I2C3 sweep test,Dut,sendCommand,PASS,,Jul 19 2019 6:56:56.2180 PM,Jul 19 2019 6:56:56.2810 PM,.0627
119. I2C4 sweep test,Dut,sendCommand,PASS,,Jul 19 2019 6:56:56.2860 PM,Jul 19 2019 6:56:56.6800 PM,.3933
119. I2C4 sweep test,Dut,sendCommand,PASS,,Jul 19 2019 6:56:56.6820 PM,Jul 19 2019 6:56:57.4200 PM,.7382
120. I2C6 sweep test,Dut,sendCommand,PASS,,Jul 19 2019 6:56:57.4700 PM,Jul 19 2019 6:56:57.6440 PM,.1739
121. I2C8 sweep test,Dut,sendCommand,PASS,,Jul 19 2019 6:56:57.6530 PM,Jul 19 2019 6:56:57.7100 PM,.0576
122. I2C9 sweep test,Dut,sendCommand,PASS,,Jul 19 2019 6:56:57.7170 PM,Jul 19 2019 6:56:57.8150 PM,.0983
123. I2C10 sweep test,Dut,sendCommand,PASS,,Jul 19 2019 6:56:57.8210 PM,Jul 19 2019 6:56:57.9590 PM,.1382
124. I2C11 sweep test,Dut,sendCommand,PASS,,Jul 19 2019 6:56:57.9650 PM,Jul 19 2019 6:56:58.0600 PM,.0942
125. Check TX MCU FW,Dut,sendCommand,PASS,,Jul 19 2019 6:56:58.0660 PM,Jul 19 2019 6:56:58.0750 PM,.0084
125. Check TX MCU FW,Dut,sendCommand,PASS,,Jul 19 2019 6:56:58.0760 PM,Jul 19 2019 6:56:58.6710 PM,.5943
126. EDP BER test,Dut,sendCommand,PASS,,Jul 19 2019 6:56:58.6770 PM,Jul 19 2019 6:56:58.6960 PM,.0194
126. EDP BER test,Dut,sendCommand,PASS,,Jul 19 2019 6:56:58.6980 PM,Jul 19 2019 6:56:59.0710 PM,.3727
126. EDP BER test,Dut,sendCommand,PASS,,Jul 19 2019 6:56:59.0730 PM,Jul 19 2019 6:57:00.5810 PM,1.5083
126. EDP BER test,Dut,sendCommand,PASS,,Jul 19 2019 6:57:00.5840 PM,Jul 19 2019 6:57:00.9760 PM,.3915
126. EDP BER test,Dut,sendCommand,PASS,,Jul 19 2019 6:57:00.9780 PM,Jul 19 2019 6:57:00.9950 PM,.0173
126. EDP BER test,Dut,sendCommand,PASS,,Jul 19 2019 6:57:00.9980 PM,Jul 19 2019 6:57:01.0260 PM,.0277
126. EDP BER test,Dut,sendCommand,PASS,,Jul 19 2019 6:57:01.0280 PM,Jul 19 2019 6:57:01.4110 PM,.3823
127. backlight High-Low test,Dut,sendCommand,PASS,,Jul 19 2019 6:57:01.4170 PM,Jul 19 2019 6:57:01.4310 PM,.0141
127. backlight High-Low test,Dut,sendCommand,PASS,,Jul 19 2019 6:57:01.4340 PM,Jul 19 2019 6:57:01.4460 PM,.0129
127. backlight High-Low test,Dut,sendCommand,PASS,,Jul 19 2019 6:57:01.4490 PM,Jul 19 2019 6:57:01.4620 PM,.0131
127. backlight High-Low test,Dut,sendCommand,PASS,,Jul 19 2019 6:57:01.4650 PM,Jul 19 2019 6:57:01.4770 PM,.0124
127. backlight High-Low test,Dut,sendCommand,PASS,,Jul 19 2019 6:57:01.4800 PM,Jul 19 2019 6:57:01.4910 PM,.0117
127. backlight High-Low test,Dut,sendCommand,PASS,,Jul 19 2019 6:57:01.4940 PM,Jul 19 2019 6:57:01.5060 PM,.0127
127. backlight High-Low test,Dut,sendCommand,PASS,,Jul 19 2019 6:57:01.5080 PM,Jul 19 2019 6:57:01.5210 PM,.0127
127. backlight High-Low test,Dut,sendCommand,PASS,,Jul 19 2019 6:57:01.5230 PM,Jul 19 2019 6:57:01.5350 PM,.0124
127. backlight High-Low test,Dut,sendCommand,PASS,,Jul 19 2019 6:57:01.5370 PM,Jul 19 2019 6:57:01.5510 PM,.0132
127. backlight High-Low test,Dut,sendCommand,PASS,,Jul 19 2019 6:57:01.5530 PM,Jul 19 2019 6:57:01.5660 PM,.0133
127. backlight High-Low test,Dut,sendCommand,PASS,,Jul 19 2019 6:57:01.5680 PM,Jul 19 2019 6:57:01.5810 PM,.0133
127. backlight High-Low test,Dut,sendCommand,PASS,,Jul 19 2019 6:57:01.5830 PM,Jul 19 2019 6:57:01.5970 PM,.0135
127. backlight High-Low test,Dut,sendCommand,PASS,,Jul 19 2019 6:57:01.5990 PM,Jul 19 2019 6:57:01.6120 PM,.0133
127. backlight High-Low test,Dut,sendCommand,PASS,,Jul 19 2019 6:57:01.6140 PM,Jul 19 2019 6:57:01.6260 PM,.012
127. backlight High-Low test,Dut,sendCommand,PASS,,Jul 19 2019 6:57:01.6280 PM,Jul 19 2019 6:57:01.6410 PM,.0129
127. backlight High-Low test,Dut,sendCommand,PASS,,Jul 19 2019 6:57:01.6440 PM,Jul 19 2019 6:57:01.6570 PM,.0127
127. backlight High-Low test,Dut,sendCommand,PASS,,Jul 19 2019 6:57:01.6590 PM,Jul 19 2019 6:57:01.6720 PM,.013
127. backlight High-Low test,Dut,sendCommand,PASS,,Jul 19 2019 6:57:01.6750 PM,Jul 19 2019 6:57:01.6860 PM,.0113
127. backlight High-Low test,Dut,sendCommand,PASS,,Jul 19 2019 6:57:01.6890 PM,Jul 19 2019 6:57:01.7020 PM,.0131
127. backlight High-Low test,Dut,sendCommand,PASS,,Jul 19 2019 6:57:01.7040 PM,Jul 19 2019 6:57:01.7160 PM,.012
127. backlight High-Low test,Dut,sendCommand,PASS,,Jul 19 2019 6:57:01.7180 PM,Jul 19 2019 6:57:01.7310 PM,.0123
127. backlight High-Low test,Dut,sendCommand,PASS,,Jul 19 2019 6:57:01.7330 PM,Jul 19 2019 6:57:01.7450 PM,.0127
127. backlight High-Low test,Dut,sendCommand,PASS,,Jul 19 2019 6:57:01.7470 PM,Jul 19 2019 6:57:01.7610 PM,.0134
127. backlight High-Low test,Dut,sendCommand,PASS,,Jul 19 2019 6:57:01.7630 PM,Jul 19 2019 6:57:01.7760 PM,.0131
127. backlight High-Low test,Dut,sendCommand,PASS,,Jul 19 2019 6:57:01.7780 PM,Jul 19 2019 6:57:01.7910 PM,.0128
127. backlight High-Low test,Dut,sendCommand,PASS,,Jul 19 2019 6:57:01.7930 PM,Jul 19 2019 6:57:01.8070 PM,.0138
127. backlight High-Low test,Dut,sendCommand,PASS,,Jul 19 2019 6:57:01.8090 PM,Jul 19 2019 6:57:01.8210 PM,.0116
128.Orion Contamination Test 4uA DATA_GND_150K (mV),Dut,sendCommand,PASS,,Jul 19 2019 6:57:01.8290 PM,Jul 19 2019 6:57:01.8610 PM,.0324
128.Orion Contamination Test 4uA DATA_GND_150K (mV),rpcCall,RPCSendAndGet,PASS,,Jul 19 2019 6:57:01.8640 PM,Jul 19 2019 6:57:03.6650 PM,1.8014
128.Orion Contamination Test 4uA DATA_GND_150K (mV),rpcCall,RPCSendAndGet,PASS,,Jul 19 2019 6:57:03.6680 PM,Jul 19 2019 6:57:03.7310 PM,.0624
128.Orion Contamination Test 4uA DATA_GND_150K (mV),rpcCall,RPCSendAndGet,PASS,,Jul 19 2019 6:57:03.7320 PM,Jul 19 2019 6:57:03.7490 PM,.0164
128.Orion Contamination Test 4uA DATA_GND_150K (mV),rpcCall,RPCSendAndGet,PASS,,Jul 19 2019 6:57:03.7510 PM,Jul 19 2019 6:57:03.8100 PM,.0589
128.Orion Contamination Test 4uA DATA_GND_150K (mV),rpcCall,RPCSendAndGet,PASS,,Jul 19 2019 6:57:03.8120 PM,Jul 19 2019 6:57:03.8730 PM,.0612
128.Orion Contamination Test 4uA DATA_GND_150K (mV),rpcCall,RPCSendAndGet,PASS,,Jul 19 2019 6:57:03.8750 PM,Jul 19 2019 6:57:03.8870 PM,.012
128.Orion Contamination Test 4uA DATA_GND_150K (mV),Dut,sendCommand,PASS,,Jul 19 2019 6:57:04.7590 PM,Jul 19 2019 6:57:04.7760 PM,.0176
128.Orion Contamination Test 4uA DATA_GND_150K (mV),Dut,sendCommand,PASS,,Jul 19 2019 6:57:04.7790 PM,Jul 19 2019 6:57:04.7960 PM,.0171
128.Orion Contamination Test 4uA DATA_GND_150K (mV),Dut,sendCommand,PASS,,Jul 19 2019 6:57:04.7990 PM,Jul 19 2019 6:57:04.8170 PM,.0182
128.Orion Contamination Test 4uA DATA_GND_150K (mV),Dut,sendCommand,PASS,,Jul 19 2019 6:57:04.8200 PM,Jul 19 2019 6:57:04.8410 PM,.0208
128.Orion Contamination Test 4uA DATA_GND_150K (mV),Dut,sendCommand,PASS,,Jul 19 2019 6:57:04.8430 PM,Jul 19 2019 6:57:04.8610 PM,.0179
128.Orion Contamination Test 4uA DATA_GND_150K (mV),Dut,sendCommand,PASS,,Jul 19 2019 6:57:04.8640 PM,Jul 19 2019 6:57:04.8810 PM,.017
128.Orion Contamination Test 4uA DATA_GND_150K (mV),Dut,sendCommand,PASS,,Jul 19 2019 6:57:04.8840 PM,Jul 19 2019 6:57:04.9030 PM,.0187
128.Orion Contamination Test 4uA DATA_GND_150K (mV),Dut,sendCommand,PASS,,Jul 19 2019 6:57:04.9050 PM,Jul 19 2019 6:57:04.9270 PM,.0214
129.Orion Contamination Test 4uA DATA_PWR_150K (mV),rpcCall,RPCSendAndGet,PASS,,Jul 19 2019 6:57:04.9330 PM,Jul 19 2019 6:57:04.9900 PM,.0571
129.Orion Contamination Test 4uA DATA_PWR_150K (mV),rpcCall,RPCSendAndGet,PASS,,Jul 19 2019 6:57:04.9930 PM,Jul 19 2019 6:57:05.0560 PM,.0631
129.Orion Contamination Test 4uA DATA_PWR_150K (mV),rpcCall,RPCSendAndGet,PASS,,Jul 19 2019 6:57:05.0570 PM,Jul 19 2019 6:57:05.1210 PM,.0632
129.Orion Contamination Test 4uA DATA_PWR_150K (mV),Dut,sendCommand,PASS,,Jul 19 2019 6:57:05.1230 PM,Jul 19 2019 6:57:05.1400 PM,.0178
129.Orion Contamination Test 4uA DATA_PWR_150K (mV),Dut,sendCommand,PASS,,Jul 19 2019 6:57:05.1420 PM,Jul 19 2019 6:57:05.1600 PM,.0174
129.Orion Contamination Test 4uA DATA_PWR_150K (mV),Dut,sendCommand,PASS,,Jul 19 2019 6:57:05.1620 PM,Jul 19 2019 6:57:05.1800 PM,.0182
129.Orion Contamination Test 4uA DATA_PWR_150K (mV),Dut,sendCommand,PASS,,Jul 19 2019 6:57:05.1820 PM,Jul 19 2019 6:57:05.2010 PM,.0193
129.Orion Contamination Test 4uA DATA_PWR_150K (mV),Dut,sendCommand,PASS,,Jul 19 2019 6:57:05.2040 PM,Jul 19 2019 6:57:05.2210 PM,.0174
129.Orion Contamination Test 4uA DATA_PWR_150K (mV),Dut,sendCommand,PASS,,Jul 19 2019 6:57:05.2240 PM,Jul 19 2019 6:57:05.2410 PM,.0173
129.Orion Contamination Test 4uA DATA_PWR_150K (mV),Dut,sendCommand,PASS,,Jul 19 2019 6:57:05.2440 PM,Jul 19 2019 6:57:05.2610 PM,.0173
129.Orion Contamination Test 4uA DATA_PWR_150K (mV),Dut,sendCommand,PASS,,Jul 19 2019 6:57:05.2640 PM,Jul 19 2019 6:57:05.2830 PM,.0187
129.Orion Contamination Test 4uA DATA_PWR_150K (mV),Dut,sendCommand,PASS,,Jul 19 2019 6:57:05.2850 PM,Jul 19 2019 6:57:05.3070 PM,.0214
130.Orion Contamination Test 4uA PWR_GND_150K (mV),rpcCall,RPCSendAndGet,PASS,,Jul 19 2019 6:57:05.3130 PM,Jul 19 2019 6:57:05.3430 PM,.0299
130.Orion Contamination Test 4uA PWR_GND_150K (mV),rpcCall,RPCSendAndGet,PASS,,Jul 19 2019 6:57:05.3450 PM,Jul 19 2019 6:57:05.3610 PM,.0158
130.Orion Contamination Test 4uA PWR_GND_150K (mV),rpcCall,RPCSendAndGet,PASS,,Jul 19 2019 6:57:05.3630 PM,Jul 19 2019 6:57:05.4210 PM,.058
130.Orion Contamination Test 4uA PWR_GND_150K (mV),Dut,sendCommand,PASS,,Jul 19 2019 6:57:05.4230 PM,Jul 19 2019 6:57:05.4400 PM,.0171
130.Orion Contamination Test 4uA PWR_GND_150K (mV),Dut,sendCommand,PASS,,Jul 19 2019 6:57:05.4420 PM,Jul 19 2019 6:57:05.4600 PM,.018
130.Orion Contamination Test 4uA PWR_GND_150K (mV),Dut,sendCommand,PASS,,Jul 19 2019 6:57:05.4620 PM,Jul 19 2019 6:57:05.4800 PM,.0178
130.Orion Contamination Test 4uA PWR_GND_150K (mV),Dut,sendCommand,PASS,,Jul 19 2019 6:57:05.4820 PM,Jul 19 2019 6:57:05.5000 PM,.018
130.Orion Contamination Test 4uA PWR_GND_150K (mV),Dut,sendCommand,PASS,,Jul 19 2019 6:57:05.5020 PM,Jul 19 2019 6:57:05.5210 PM,.0183
130.Orion Contamination Test 4uA PWR_GND_150K (mV),Dut,sendCommand,PASS,,Jul 19 2019 6:57:05.5220 PM,Jul 19 2019 6:57:05.5410 PM,.0185
130.Orion Contamination Test 4uA PWR_GND_150K (mV),Dut,sendCommand,PASS,,Jul 19 2019 6:57:06.6110 PM,Jul 19 2019 6:57:06.6310 PM,.0205
130.Orion Contamination Test 4uA PWR_GND_150K (mV),Dut,sendCommand,PASS,,Jul 19 2019 6:57:06.6330 PM,Jul 19 2019 6:57:06.6530 PM,.0196
131.Attach provider mode,rpcCall,RPCSendAndGet,PASS,,Jul 19 2019 6:57:06.6610 PM,Jul 19 2019 6:57:06.6860 PM,.0258
131.Attach provider mode,rpcCall,RPCSendAndGet,PASS,,Jul 19 2019 6:57:06.6890 PM,Jul 19 2019 6:57:06.7570 PM,.0683
131.Attach provider mode,rpcCall,RPCSendAndGet,PASS,,Jul 19 2019 6:57:06.7600 PM,Jul 19 2019 6:57:06.8230 PM,.0621
131.Attach provider mode,rpcCall,RPCSendAndGet,PASS,,Jul 19 2019 6:57:06.8250 PM,Jul 19 2019 6:57:06.8860 PM,.0612
131.Attach provider mode,rpcCall,RPCSendAndGet,PASS,,Jul 19 2019 6:57:06.8880 PM,Jul 19 2019 6:57:06.9100 PM,.0219
131.Attach provider mode,rpcCall,RPCSendAndGet,PASS,,Jul 19 2019 6:57:06.9120 PM,Jul 19 2019 6:57:07.9640 PM,1.0527
132.Orion output communications connection test,Dut,sendCommand,PASS,,Jul 19 2019 6:57:08.0940 PM,Jul 19 2019 6:57:08.1060 PM,.0118
132.Orion output communications connection test,Dut,sendCommand,PASS,,Jul 19 2019 6:57:08.1080 PM,Jul 19 2019 6:57:08.1210 PM,.0127
132.Orion output communications connection test,Dut,sendCommand,PASS,,Jul 19 2019 6:57:08.1230 PM,Jul 19 2019 6:57:08.1460 PM,.0228
132.Orion output communications connection test,Dut,sendCommand,PASS,,Jul 19 2019 6:57:08.1480 PM,Jul 19 2019 6:57:08.1650 PM,.017
132.Orion output communications connection test,Dut,sendCommand,PASS,,Jul 19 2019 6:57:08.1670 PM,Jul 19 2019 6:57:08.1850 PM,.0179
132.Orion output communications connection test,Dut,sendCommand,PASS,,Jul 19 2019 6:57:08.1870 PM,Jul 19 2019 6:57:08.2050 PM,.0181
132.Orion output communications connection test,Dut,sendCommand,PASS,,Jul 19 2019 6:57:08.2070 PM,Jul 19 2019 6:57:08.2300 PM,.0232
132.Orion output communications connection test,Dut,sendCommand,PASS,,Jul 19 2019 6:57:08.3500 PM,Jul 19 2019 6:57:08.3700 PM,.0202
133.Orion Output Bellatrix State Boost,Dut,sendCommand,PASS,,Jul 19 2019 6:57:08.3750 PM,Jul 19 2019 6:57:08.3860 PM,.0105
133.Orion Output Bellatrix State Boost,Dut,sendCommand,PASS,,Jul 19 2019 6:57:08.3880 PM,Jul 19 2019 6:57:08.4000 PM,.012
133.Orion Output Bellatrix State Boost,Dut,sendCommand,PASS,,Jul 19 2019 6:57:08.4020 PM,Jul 19 2019 6:57:08.4160 PM,.0141
133.Orion Output Bellatrix State Boost,Dut,sendCommand,PASS,,Jul 19 2019 6:57:08.4180 PM,Jul 19 2019 6:57:08.4410 PM,.0227
133.Orion Output Bellatrix State Boost,Dut,sendCommand,PASS,,Jul 19 2019 6:57:08.4430 PM,Jul 19 2019 6:57:08.4610 PM,.0179
133.Orion Output Bellatrix State Boost,Dut,sendCommand,PASS,,Jul 19 2019 6:57:08.4630 PM,Jul 19 2019 6:57:08.4810 PM,.0181
133.Orion Output Bellatrix State Boost,Dut,sendCommand,PASS,,Jul 19 2019 6:57:08.4830 PM,Jul 19 2019 6:57:08.5020 PM,.0185
133.Orion Output Bellatrix State Boost,Dut,sendCommand,PASS,,Jul 19 2019 6:57:08.5050 PM,Jul 19 2019 6:57:08.5270 PM,.022
133.Orion Output Bellatrix State Boost,Dut,sendCommand,PASS,,Jul 19 2019 6:57:08.6540 PM,Jul 19 2019 6:57:08.6730 PM,.0186
133.Orion Output Bellatrix State Boost,Dut,sendCommand,PASS,,Jul 19 2019 6:57:08.6760 PM,Jul 19 2019 6:57:08.6860 PM,.0105
133.Orion Output Bellatrix State Boost,Dut,sendCommand,PASS,,Jul 19 2019 6:57:08.6880 PM,Jul 19 2019 6:57:08.7010 PM,.0129
133.Orion Output Bellatrix State Boost,Dut,sendCommand,PASS,,Jul 19 2019 6:57:08.7030 PM,Jul 19 2019 6:57:08.7170 PM,.013
133.Orion Output Bellatrix State Boost,Dut,sendCommand,PASS,,Jul 19 2019 6:57:08.7190 PM,Jul 19 2019 6:57:08.7420 PM,.0231
133.Orion Output Bellatrix State Boost,Dut,sendCommand,PASS,,Jul 19 2019 6:57:08.7450 PM,Jul 19 2019 6:57:08.7620 PM,.017
133.Orion Output Bellatrix State Boost,Dut,sendCommand,PASS,,Jul 19 2019 6:57:08.7650 PM,Jul 19 2019 6:57:08.7810 PM,.0164
133.Orion Output Bellatrix State Boost,Dut,sendCommand,PASS,,Jul 19 2019 6:57:08.7830 PM,Jul 19 2019 6:57:08.8010 PM,.0178
133.Orion Output Bellatrix State Boost,Dut,sendCommand,PASS,,Jul 19 2019 6:57:08.8030 PM,Jul 19 2019 6:57:08.8260 PM,.0232
133.Orion Output Bellatrix State Boost,Dut,sendCommand,PASS,,Jul 19 2019 6:57:08.9520 PM,Jul 19 2019 6:57:08.9710 PM,.0199
133.Orion Output Bellatrix State Boost,Dut,sendCommand,PASS,,Jul 19 2019 6:57:08.9740 PM,Jul 19 2019 6:57:08.9920 PM,.0177
133.Orion Output Bellatrix State Boost,rpcCall,RPCSendAndGet,PASS,,Jul 19 2019 6:57:08.9950 PM,Jul 19 2019 6:57:09.0310 PM,.0363
134.Orion output 1000mA mode voltage w/o load - B,rpcCall,RPCSendAndGet,PASS,,Jul 19 2019 6:57:09.0360 PM,Jul 19 2019 6:57:09.1380 PM,.1021
134.Orion output 1000mA mode voltage w/o load - B,rpcCall,RPCSendAndGet,PASS,,Jul 19 2019 6:57:09.1400 PM,Jul 19 2019 6:57:09.9090 PM,.7684
135.Orion output 1000mA mode current - B,rpcCall,RPCSendAndGet,PASS,,Jul 19 2019 6:57:09.9140 PM,Jul 19 2019 6:57:09.9720 PM,.0582
135.Orion output 1000mA mode current - B,rpcCall,RPCSendAndGet,PASS,,Jul 19 2019 6:57:10.0210 PM,Jul 19 2019 6:57:10.0760 PM,.055
135.Orion output 1000mA mode current - B,rpcCall,RPCSendAndGet,PASS,,Jul 19 2019 6:57:10.0780 PM,Jul 19 2019 6:57:10.7980 PM,.7205
136.Orion output 1000mA mode voltage w/ load - B,rpcCall,RPCSendAndGet,PASS,,Jul 19 2019 6:57:10.8030 PM,Jul 19 2019 6:57:10.9100 PM,.1066
136.Orion output 1000mA mode voltage w/ load - B,rpcCall,RPCSendAndGet,PASS,,Jul 19 2019 6:57:10.9120 PM,Jul 19 2019 6:57:11.6800 PM,.7684
137.Orion output 2000mA mode voltage w/o load - B,rpcCall,RPCSendAndGet,PASS,,Jul 19 2019 6:57:11.6860 PM,Jul 19 2019 6:57:11.7410 PM,.0551
137.Orion output 2000mA mode voltage w/o load - B,rpcCall,RPCSendAndGet,PASS,,Jul 19 2019 6:57:11.7430 PM,Jul 19 2019 6:57:11.8450 PM,.102
137.Orion output 2000mA mode voltage w/o load - B,rpcCall,RPCSendAndGet,PASS,,Jul 19 2019 6:57:11.8470 PM,Jul 19 2019 6:57:12.5800 PM,.7332
138.Orion output 2000mA mode current - B,rpcCall,RPCSendAndGet,PASS,,Jul 19 2019 6:57:12.5850 PM,Jul 19 2019 6:57:12.6430 PM,.0574
138.Orion output 2000mA mode current - B,rpcCall,RPCSendAndGet,PASS,,Jul 19 2019 6:57:12.6920 PM,Jul 19 2019 6:57:12.7510 PM,.0591
138.Orion output 2000mA mode current - B,rpcCall,RPCSendAndGet,PASS,,Jul 19 2019 6:57:12.7530 PM,Jul 19 2019 6:57:13.5220 PM,.7687
139.Orion output 2000mA mode voltage w/ load - B,rpcCall,RPCSendAndGet,PASS,,Jul 19 2019 6:57:13.5270 PM,Jul 19 2019 6:57:13.6240 PM,.0973
139.Orion output 2000mA mode voltage w/ load - B,rpcCall,RPCSendAndGet,PASS,,Jul 19 2019 6:57:13.6260 PM,Jul 19 2019 6:57:14.3850 PM,.7594
140.Orion voltage drop with 2000mA - B,rpcCall,RPCSendAndGet,PASS,,Jul 19 2019 6:57:14.3900 PM,Jul 19 2019 6:57:14.4430 PM,.0534
141.Orion output 2000mA mode DCR - B,rpcCall,RPCSendAndGet,PASS,,Jul 19 2019 6:57:14.4500 PM,Jul 19 2019 6:57:14.5010 PM,.0513
142.Orion Bellatrix ADC temperature read,Dut,sendCommand,PASS,,Jul 19 2019 6:57:14.5060 PM,Jul 19 2019 6:57:14.5250 PM,.0195
142.Orion Bellatrix ADC temperature read,Dut,sendCommand,PASS,,Jul 19 2019 6:57:14.5280 PM,Jul 19 2019 6:57:14.5460 PM,.0185
142.Orion Bellatrix ADC temperature read,Dut,sendCommand,PASS,,Jul 19 2019 6:57:14.5490 PM,Jul 19 2019 6:57:14.5690 PM,.0198
142.Orion Bellatrix ADC temperature read,Dut,sendCommand,PASS,,Jul 19 2019 6:57:14.5710 PM,Jul 19 2019 6:57:14.5910 PM,.0201
143.Orion Bellatrix ADC VP read Boost,Dut,sendCommand,PASS,,Jul 19 2019 6:57:14.5990 PM,Jul 19 2019 6:57:14.6210 PM,.0221
143.Orion Bellatrix ADC VP read Boost,Dut,sendCommand,PASS,,Jul 19 2019 6:57:14.6230 PM,Jul 19 2019 6:57:14.6410 PM,.0179
143.Orion Bellatrix ADC VP read Boost,Dut,sendCommand,PASS,,Jul 19 2019 6:57:14.6430 PM,Jul 19 2019 6:57:14.6610 PM,.0181
143.Orion Bellatrix ADC VP read Boost,Dut,sendCommand,PASS,,Jul 19 2019 6:57:14.6630 PM,Jul 19 2019 6:57:14.6820 PM,.0189
143.Orion Bellatrix ADC VP read Boost,Dut,sendCommand,PASS,,Jul 19 2019 6:57:14.6840 PM,Jul 19 2019 6:57:14.7020 PM,.0183
144.Orion output communications connection test,Dut,sendCommand,PASS,,Jul 19 2019 6:57:14.7090 PM,Jul 19 2019 6:57:14.7200 PM,.0117
144.Orion output communications connection test,Dut,sendCommand,PASS,,Jul 19 2019 6:57:14.7220 PM,Jul 19 2019 6:57:14.7360 PM,.0137
144.Orion output communications connection test,Dut,sendCommand,PASS,,Jul 19 2019 6:57:14.7380 PM,Jul 19 2019 6:57:14.7610 PM,.023
144.Orion output communications connection test,Dut,sendCommand,PASS,,Jul 19 2019 6:57:14.7630 PM,Jul 19 2019 6:57:14.7810 PM,.0181
144.Orion output communications connection test,Dut,sendCommand,PASS,,Jul 19 2019 6:57:14.7840 PM,Jul 19 2019 6:57:14.8010 PM,.0173
144.Orion output communications connection test,Dut,sendCommand,PASS,,Jul 19 2019 6:57:14.8030 PM,Jul 19 2019 6:57:14.8210 PM,.018
144.Orion output communications connection test,Dut,sendCommand,PASS,,Jul 19 2019 6:57:14.8230 PM,Jul 19 2019 6:57:14.8460 PM,.0229
144.Orion output communications connection test,Dut,sendCommand,PASS,,Jul 19 2019 6:57:14.9720 PM,Jul 19 2019 6:57:14.9910 PM,.0191
145.Orion output HS communcations connection test,Dut,sendCommand,PASS,,Jul 19 2019 6:57:14.9970 PM,Jul 19 2019 6:57:15.0150 PM,.0184
145.Orion output HS communcations connection test,Dut,sendCommand,PASS,,Jul 19 2019 6:57:15.0170 PM,Jul 19 2019 6:57:15.0310 PM,.0136
145.Orion output HS communcations connection test,rpcCall,RPCSendAndGet,PASS,,Jul 19 2019 6:57:15.0330 PM,Jul 19 2019 6:57:15.1000 PM,.0669
145.Orion output HS communcations connection test,rpcCall,RPCSendAndGet,PASS,,Jul 19 2019 6:57:15.1030 PM,Jul 19 2019 6:57:15.8750 PM,.7722
145.Orion output HS communcations connection test,rpcCall,RPCSendAndGet,PASS,,Jul 19 2019 6:57:15.8770 PM,Jul 19 2019 6:57:15.9410 PM,.0633
145.Orion output HS communcations connection test,rpcCall,RPCSendAndGet,PASS,,Jul 19 2019 6:57:15.9430 PM,Jul 19 2019 6:57:16.9870 PM,1.0446
145.Orion output HS communcations connection test,Dut,sendCommand,PASS,,Jul 19 2019 6:57:16.9890 PM,Jul 19 2019 6:57:17.0040 PM,.0146
145.Orion output HS communcations connection test,Dut,sendCommand,PASS,,Jul 19 2019 6:57:17.0060 PM,Jul 19 2019 6:57:17.0180 PM,.0121
145.Orion output HS communcations connection test,Dut,sendCommand,PASS,,Jul 19 2019 6:57:17.0210 PM,Jul 19 2019 6:57:17.0330 PM,.0122
145.Orion output HS communcations connection test,Dut,sendCommand,PASS,,Jul 19 2019 6:57:17.0360 PM,Jul 19 2019 6:57:17.0580 PM,.0225
145.Orion output HS communcations connection test,Dut,changeDelimiter,PASS,,Jul 19 2019 6:57:17.0610 PM,Jul 19 2019 6:57:17.0610 PM,.0001
145.Orion output HS communcations connection test,Dut,sendCommand,PASS,,Jul 19 2019 6:57:17.0630 PM,Jul 19 2019 6:57:17.0780 PM,.0149
145.Orion output HS communcations connection test,Dut,changeDelimiter,PASS,,Jul 19 2019 6:57:17.0810 PM,Jul 19 2019 6:57:17.0810 PM,0
145.Orion output HS communcations connection test,Dut,changeLineTerminator,PASS,,Jul 19 2019 6:57:17.0830 PM,Jul 19 2019 6:57:17.0830 PM,0
145.Orion output HS communcations connection test,Dut,sendCommand,PASS,,Jul 19 2019 6:57:17.0850 PM,Jul 19 2019 6:57:17.3640 PM,.2796
145.Orion output HS communcations connection test,rpcCall,RPCSendAndGet,PASS,,Jul 19 2019 6:57:17.3670 PM,Jul 19 2019 6:57:18.1120 PM,.7446
145.Orion output HS communcations connection test,Dut,syncCmdResp,PASS,,Jul 19 2019 6:57:21.1880 PM,Jul 19 2019 6:57:21.1990 PM,.0108
145.Orion output HS communcations connection test,Dut,sendCommand,PASS,,Jul 19 2019 6:57:21.2020 PM,Jul 19 2019 6:57:21.2180 PM,.0159
145.Orion output HS communcations connection test,Dut,sendCommand,PASS,,Jul 19 2019 6:57:21.2210 PM,Jul 19 2019 6:57:21.2340 PM,.013
145.Orion output HS communcations connection test,Dut,sendCommand,PASS,,Jul 19 2019 6:57:21.2360 PM,Jul 19 2019 6:57:21.2790 PM,.0425
145.Orion output HS communcations connection test,Dut,sendCommand,PASS,,Jul 19 2019 6:57:21.2820 PM,Jul 19 2019 6:57:21.3230 PM,.0419
145.Orion output HS communcations connection test,Dut,sendCommand,PASS,,Jul 19 2019 6:57:21.3260 PM,Jul 19 2019 6:57:21.3380 PM,.0119
146.Orion Output Bellatrix State,rpcCall,RPCSendAndGet,PASS,,Jul 19 2019 6:57:21.3460 PM,Jul 19 2019 6:57:21.3650 PM,.0192
146.Orion Output Bellatrix State,rpcCall,RPCSendAndGet,PASS,,Jul 19 2019 6:57:21.3670 PM,Jul 19 2019 6:57:21.4230 PM,.0557
146.Orion Output Bellatrix State,rpcCall,RPCSendAndGet,PASS,,Jul 19 2019 6:57:21.4250 PM,Jul 19 2019 6:57:22.4300 PM,1.0047
146.Orion Output Bellatrix State,Dut,sendCommand,PASS,,Jul 19 2019 6:57:22.5500 PM,Jul 19 2019 6:57:22.5730 PM,.0237
146.Orion Output Bellatrix State,Dut,sendCommand,PASS,,Jul 19 2019 6:57:22.7000 PM,Jul 19 2019 6:57:22.7190 PM,.0188
147.Orion output communications test 330pF,rpcCall,RPCSendAndGet,PASS,,Jul 19 2019 6:57:22.7250 PM,Jul 19 2019 6:57:22.7680 PM,.0432
147.Orion output communications test 330pF,rpcCall,RPCSendAndGet,PASS,,Jul 19 2019 6:57:22.7700 PM,Jul 19 2019 6:57:22.8280 PM,.0579
147.Orion output communications test 330pF,Dut,sendCommand,PASS,,Jul 19 2019 6:57:22.8300 PM,Jul 19 2019 6:57:22.8430 PM,.0132
147.Orion output communications test 330pF,Dut,sendCommand,PASS,,Jul 19 2019 6:57:22.8460 PM,Jul 19 2019 6:57:22.8580 PM,.0122
147.Orion output communications test 330pF,Dut,sendCommand,PASS,,Jul 19 2019 6:57:22.8600 PM,Jul 19 2019 6:57:22.8820 PM,.0228
147.Orion output communications test 330pF,Dut,sendCommand,PASS,,Jul 19 2019 6:57:22.8850 PM,Jul 19 2019 6:57:22.9030 PM,.0176
147.Orion output communications test 330pF,Dut,sendCommand,PASS,,Jul 19 2019 6:57:22.9040 PM,Jul 19 2019 6:57:22.9230 PM,.0181
147.Orion output communications test 330pF,Dut,sendCommand,PASS,,Jul 19 2019 6:57:22.9250 PM,Jul 19 2019 6:57:22.9430 PM,.018
147.Orion output communications test 330pF,Dut,sendCommand,PASS,,Jul 19 2019 6:57:22.9450 PM,Jul 19 2019 6:57:22.9680 PM,.0233
147.Orion output communications test 330pF,Dut,sendCommand,PASS,,Jul 19 2019 6:57:23.0900 PM,Jul 19 2019 6:57:23.1080 PM,.0181
147.Orion output communications test 330pF,Dut,sendCommand,PASS,,Jul 19 2019 6:57:23.1110 PM,Jul 19 2019 6:57:23.1220 PM,.0116
147.Orion output communications test 330pF,Dut,sendCommand,PASS,,Jul 19 2019 6:57:23.1240 PM,Jul 19 2019 6:57:23.1370 PM,.0126
147.Orion output communications test 330pF,Dut,sendCommand,PASS,,Jul 19 2019 6:57:23.1390 PM,Jul 19 2019 6:57:23.1620 PM,.0232
147.Orion output communications test 330pF,Dut,sendCommand,PASS,,Jul 19 2019 6:57:23.1640 PM,Jul 19 2019 6:57:23.1820 PM,.0181
147.Orion output communications test 330pF,Dut,sendCommand,PASS,,Jul 19 2019 6:57:23.1840 PM,Jul 19 2019 6:57:23.2030 PM,.0189
147.Orion output communications test 330pF,Dut,sendCommand,PASS,,Jul 19 2019 6:57:23.2050 PM,Jul 19 2019 6:57:23.2230 PM,.0179
147.Orion output communications test 330pF,Dut,sendCommand,PASS,,Jul 19 2019 6:57:23.2260 PM,Jul 19 2019 6:57:23.2480 PM,.0222
147.Orion output communications test 330pF,Dut,sendCommand,PASS,,Jul 19 2019 6:57:23.3760 PM,Jul 19 2019 6:57:23.3940 PM,.0177
148.Orion output HS communications test 330pF,Dut,sendCommand,PASS,,Jul 19 2019 6:57:23.4010 PM,Jul 19 2019 6:57:23.4180 PM,.0171
148.Orion output HS communications test 330pF,Dut,sendCommand,PASS,,Jul 19 2019 6:57:23.4210 PM,Jul 19 2019 6:57:23.4380 PM,.017
148.Orion output HS communications test 330pF,rpcCall,RPCSendAndGet,PASS,,Jul 19 2019 6:57:23.4420 PM,Jul 19 2019 6:57:23.4740 PM,.0316
148.Orion output HS communications test 330pF,rpcCall,RPCSendAndGet,PASS,,Jul 19 2019 6:57:23.4760 PM,Jul 19 2019 6:57:24.2770 PM,.801
148.Orion output HS communications test 330pF,rpcCall,RPCSendAndGet,PASS,,Jul 19 2019 6:57:24.2790 PM,Jul 19 2019 6:57:24.3460 PM,.0676
148.Orion output HS communications test 330pF,rpcCall,RPCSendAndGet,PASS,,Jul 19 2019 6:57:24.3480 PM,Jul 19 2019 6:57:25.3530 PM,1.0044
148.Orion output HS communications test 330pF,Dut,sendCommand,PASS,,Jul 19 2019 6:57:25.3540 PM,Jul 19 2019 6:57:25.3690 PM,.0143
148.Orion output HS communications test 330pF,Dut,sendCommand,PASS,,Jul 19 2019 6:57:25.3710 PM,Jul 19 2019 6:57:25.3830 PM,.0124
148.Orion output HS communications test 330pF,Dut,sendCommand,PASS,,Jul 19 2019 6:57:25.3860 PM,Jul 19 2019 6:57:25.3990 PM,.0121
148.Orion output HS communications test 330pF,Dut,sendCommand,PASS,,Jul 19 2019 6:57:25.4010 PM,Jul 19 2019 6:57:25.4230 PM,.0215
148.Orion output HS communications test 330pF,Dut,changeDelimiter,PASS,,Jul 19 2019 6:57:25.4260 PM,Jul 19 2019 6:57:25.4260 PM,0
148.Orion output HS communications test 330pF,Dut,sendCommand,PASS,,Jul 19 2019 6:57:25.4280 PM,Jul 19 2019 6:57:25.4430 PM,.015
148.Orion output HS communications test 330pF,Dut,changeDelimiter,PASS,,Jul 19 2019 6:57:25.4450 PM,Jul 19 2019 6:57:25.4450 PM,0
148.Orion output HS communications test 330pF,Dut,changeLineTerminator,PASS,,Jul 19 2019 6:57:25.4480 PM,Jul 19 2019 6:57:25.4480 PM,0
148.Orion output HS communications test 330pF,Dut,sendCommand,PASS,,Jul 19 2019 6:57:25.4500 PM,Jul 19 2019 6:57:25.7300 PM,.28
148.Orion output HS communications test 330pF,rpcCall,RPCSendAndGet,PASS,,Jul 19 2019 6:57:25.7330 PM,Jul 19 2019 6:57:26.4760 PM,.7438
148.Orion output HS communications test 330pF,Dut,syncCmdResp,PASS,,Jul 19 2019 6:57:29.5540 PM,Jul 19 2019 6:57:29.5640 PM,.0096
148.Orion output HS communications test 330pF,Dut,sendCommand,PASS,,Jul 19 2019 6:57:29.5660 PM,Jul 19 2019 6:57:29.5780 PM,.0119
148.Orion output HS communications test 330pF,Dut,sendCommand,PASS,,Jul 19 2019 6:57:29.5810 PM,Jul 19 2019 6:57:29.5930 PM,.0124
148.Orion output HS communications test 330pF,Dut,sendCommand,PASS,,Jul 19 2019 6:57:29.5960 PM,Jul 19 2019 6:57:29.6380 PM,.0424
148.Orion output HS communications test 330pF,Dut,sendCommand,PASS,,Jul 19 2019 6:57:29.6410 PM,Jul 19 2019 6:57:29.6830 PM,.0419
148.Orion output HS communications test 330pF,Dut,sendCommand,PASS,,Jul 19 2019 6:57:29.6850 PM,Jul 19 2019 6:57:29.6970 PM,.0117
149.Orion Output Bellatrix State3,rpcCall,RPCSendAndGet,PASS,,Jul 19 2019 6:57:29.7030 PM,Jul 19 2019 6:57:29.7380 PM,.0345
149.Orion Output Bellatrix State3,rpcCall,RPCSendAndGet,PASS,,Jul 19 2019 6:57:29.7400 PM,Jul 19 2019 6:57:29.7470 PM,.0069
149.Orion Output Bellatrix State3,rpcCall,RPCSendAndGet,PASS,,Jul 19 2019 6:57:29.7490 PM,Jul 19 2019 6:57:30.7960 PM,1.0476
149.Orion Output Bellatrix State3,Dut,sendCommand,PASS,,Jul 19 2019 6:57:30.9150 PM,Jul 19 2019 6:57:30.9380 PM,.0227
149.Orion Output Bellatrix State3,Dut,sendCommand,PASS,,Jul 19 2019 6:57:30.9400 PM,Jul 19 2019 6:57:30.9580 PM,.0179
150.Attach consumer mode,rpcCall,RPCSendAndGet,PASS,,Jul 19 2019 6:57:30.9650 PM,Jul 19 2019 6:57:31.0020 PM,.0375
150.Attach consumer mode,rpcCall,RPCSendAndGet,PASS,,Jul 19 2019 6:57:31.0040 PM,Jul 19 2019 6:57:31.0620 PM,.0581
150.Attach consumer mode,rpcCall,RPCSendAndGet,PASS,,Jul 19 2019 6:57:31.0640 PM,Jul 19 2019 6:57:31.1230 PM,.0583
150.Attach consumer mode,rpcCall,RPCSendAndGet,PASS,,Jul 19 2019 6:57:31.1250 PM,Jul 19 2019 6:57:31.1860 PM,.0607
150.Attach consumer mode,rpcCall,RPCSendAndGet,PASS,,Jul 19 2019 6:57:31.1880 PM,Jul 19 2019 6:57:31.2430 PM,.0551
150.Attach consumer mode,rpcCall,RPCSendAndGet,PASS,,Jul 19 2019 6:57:31.2440 PM,Jul 19 2019 6:57:31.3020 PM,.0579
150.Attach consumer mode,rpcCall,RPCSendAndGet,PASS,,Jul 19 2019 6:57:31.3040 PM,Jul 19 2019 6:57:31.3640 PM,.0598
150.Attach consumer mode,rpcCall,RPCSendAndGet,PASS,,Jul 19 2019 6:57:31.3660 PM,Jul 19 2019 6:57:32.4170 PM,1.0508
151.Orion input communications connection test,Dut,sendCommand,PASS,,Jul 19 2019 6:57:32.5390 PM,Jul 19 2019 6:57:32.5520 PM,.0137
151.Orion input communications connection test,Dut,sendCommand,PASS,,Jul 19 2019 6:57:32.5550 PM,Jul 19 2019 6:57:32.5680 PM,.0127
151.Orion input communications connection test,Dut,sendCommand,PASS,,Jul 19 2019 6:57:32.5700 PM,Jul 19 2019 6:57:32.5920 PM,.0216
151.Orion input communications connection test,Dut,sendCommand,PASS,,Jul 19 2019 6:57:32.5940 PM,Jul 19 2019 6:57:32.6120 PM,.0182
151.Orion input communications connection test,Dut,sendCommand,PASS,,Jul 19 2019 6:57:32.6140 PM,Jul 19 2019 6:57:32.6320 PM,.018
151.Orion input communications connection test,Dut,sendCommand,PASS,,Jul 19 2019 6:57:32.6340 PM,Jul 19 2019 6:57:32.6520 PM,.0182
151.Orion input communications connection test,Dut,sendCommand,PASS,,Jul 19 2019 6:57:32.6550 PM,Jul 19 2019 6:57:32.6770 PM,.0226
151.Orion input communications connection test,Dut,sendCommand,PASS,,Jul 19 2019 6:57:32.8050 PM,Jul 19 2019 6:57:32.8230 PM,.0179
"152.Orion Input mode voltage w/o Charge(mV)[4000,6000]",rpcCall,RPCSendAndGet,PASS,,Jul 19 2019 6:57:32.8300 PM,Jul 19 2019 6:57:32.9070 PM,.0771
"152.Orion Input mode voltage w/o Charge(mV)[4000,6000]",rpcCall,RPCSendAndGet,PASS,,Jul 19 2019 6:57:32.9090 PM,Jul 19 2019 6:57:33.6740 PM,.765
"152.Orion Input mode voltage w/o Charge(mV)[4000,6000]",Dut,sendCommand,PASS,,Jul 19 2019 6:57:33.7960 PM,Jul 19 2019 6:57:33.8170 PM,.0211
153.Orion Input Bellatrix State,Dut,sendCommand,PASS,,Jul 19 2019 6:57:33.8220 PM,Jul 19 2019 6:57:33.8470 PM,.0249
153.Orion Input Bellatrix State,Dut,sendCommand,PASS,,Jul 19 2019 6:57:33.8500 PM,Jul 19 2019 6:57:33.8670 PM,.0176
"154.Orion @5V Input mode current[85,115]",Dut,sendCommand,PASS,,Jul 19 2019 6:57:33.8720 PM,Jul 19 2019 6:57:33.8870 PM,.0152
"154.Orion @5V Input mode current[85,115]",Dut,sendCommand,PASS,,Jul 19 2019 6:57:33.8900 PM,Jul 19 2019 6:57:33.9170 PM,.0267
"154.Orion @5V Input mode current[85,115]",Dut,sendCommand,PASS,,Jul 19 2019 6:57:33.9190 PM,Jul 19 2019 6:57:34.0470 PM,.1284
"154.Orion @5V Input mode current[85,115]",rpcCall,RPCSendAndGet,PASS,,Jul 19 2019 6:57:34.0490 PM,Jul 19 2019 6:57:34.1540 PM,.1049
"154.Orion @5V Input mode current[85,115]",rpcCall,RPCSendAndGet,PASS,,Jul 19 2019 6:57:34.1560 PM,Jul 19 2019 6:57:34.8740 PM,.7183
"155.Orion Input Mode Voltage w/o Charger(mV)[8000,10000]",Dut,sendCommand,PASS,,Jul 19 2019 6:57:34.8790 PM,Jul 19 2019 6:57:35.0120 PM,.133
"155.Orion Input Mode Voltage w/o Charger(mV)[8000,10000]",Dut,sendCommand,PASS,,Jul 19 2019 6:57:35.0140 PM,Jul 19 2019 6:57:35.0280 PM,.0144
"155.Orion Input Mode Voltage w/o Charger(mV)[8000,10000]",Dut,sendCommand,PASS,,Jul 19 2019 6:57:35.0300 PM,Jul 19 2019 6:57:35.0580 PM,.0281
"155.Orion Input Mode Voltage w/o Charger(mV)[8000,10000]",rpcCall,RPCSendAndGet,PASS,,Jul 19 2019 6:57:35.0610 PM,Jul 19 2019 6:57:35.0970 PM,.0356
"155.Orion Input Mode Voltage w/o Charger(mV)[8000,10000]",rpcCall,RPCSendAndGet,PASS,,Jul 19 2019 6:57:35.0990 PM,Jul 19 2019 6:57:35.1530 PM,.0543
"155.Orion Input Mode Voltage w/o Charger(mV)[8000,10000]",rpcCall,RPCSendAndGet,PASS,,Jul 19 2019 6:57:35.1550 PM,Jul 19 2019 6:57:35.9260 PM,.7711
"156.Orion @9V Input mode current[85,115]",Dut,sendCommand,PASS,,Jul 19 2019 6:57:35.9310 PM,Jul 19 2019 6:57:35.9440 PM,.0127
"156.Orion @9V Input mode current[85,115]",rpcCall,RPCSendAndGet,PASS,,Jul 19 2019 6:57:35.9470 PM,Jul 19 2019 6:57:36.0360 PM,.089
"156.Orion @9V Input mode current[85,115]",rpcCall,RPCSendAndGet,PASS,,Jul 19 2019 6:57:36.0390 PM,Jul 19 2019 6:57:36.7940 PM,.7558
"156.Orion @9V Input mode current[85,115]",Dut,sendCommand,PASS,,Jul 19 2019 6:57:36.9180 PM,Jul 19 2019 6:57:37.0490 PM,.131
157.Orion Bellatrix ADC ACCPWR read,Dut,sendCommand,PASS,,Jul 19 2019 6:57:37.0540 PM,Jul 19 2019 6:57:37.0730 PM,.019
157.Orion Bellatrix ADC ACCPWR read,Dut,sendCommand,PASS,,Jul 19 2019 6:57:37.0760 PM,Jul 19 2019 6:57:37.0940 PM,.0182
157.Orion Bellatrix ADC ACCPWR read,Dut,sendCommand,PASS,,Jul 19 2019 6:57:37.0960 PM,Jul 19 2019 6:57:37.1140 PM,.0183
158.Orion Bellatrix Ext VBUS read,Dut,sendCommand,PASS,,Jul 19 2019 6:57:37.1200 PM,Jul 19 2019 6:57:37.1380 PM,.0179
158.Orion Bellatrix Ext VBUS read,Dut,sendCommand,PASS,,Jul 19 2019 6:57:37.1400 PM,Jul 19 2019 6:57:37.1600 PM,.0199
158.Orion Bellatrix Ext VBUS read,Dut,sendCommand,PASS,,Jul 19 2019 6:57:37.1620 PM,Jul 19 2019 6:57:37.1840 PM,.0213
159.Bellatrix HW reset,Dut,sendCommand,PASS,,Jul 19 2019 6:57:37.1890 PM,Jul 19 2019 6:57:37.2030 PM,.0143
159.Bellatrix HW reset,Dut,sendCommand,PASS,,Jul 19 2019 6:57:37.2060 PM,Jul 19 2019 6:57:37.2180 PM,.012
159.Bellatrix HW reset,Dut,sendCommand,PASS,,Jul 19 2019 6:57:37.2200 PM,Jul 19 2019 6:57:37.2420 PM,.0227
159.Bellatrix HW reset,Dut,sendCommand,PASS,,Jul 19 2019 6:57:37.2440 PM,Jul 19 2019 6:57:37.2630 PM,.0187
159.Bellatrix HW reset,Dut,sendCommand,PASS,,Jul 19 2019 6:57:37.2650 PM,Jul 19 2019 6:57:37.2830 PM,.0181
159.Bellatrix HW reset,Dut,sendCommand,PASS,,Jul 19 2019 6:57:37.2850 PM,Jul 19 2019 6:57:37.3030 PM,.0178
159.Bellatrix HW reset,Dut,sendCommand,PASS,,Jul 19 2019 6:57:37.3050 PM,Jul 19 2019 6:57:37.3280 PM,.023
159.Bellatrix HW reset,Dut,sendCommand,PASS,,Jul 19 2019 6:57:37.3300 PM,Jul 19 2019 6:57:37.3480 PM,.0181
160.Orion input HS communications connection test,Dut,sendCommand,PASS,,Jul 19 2019 6:57:37.3540 PM,Jul 19 2019 6:57:37.3720 PM,.0188
160.Orion input HS communications connection test,Dut,sendCommand,PASS,,Jul 19 2019 6:57:37.3740 PM,Jul 19 2019 6:57:37.3880 PM,.0141
160.Orion input HS communications connection test,rpcCall,RPCSendAndGet,PASS,,Jul 19 2019 6:57:37.3900 PM,Jul 19 2019 6:57:37.4570 PM,.0669
160.Orion input HS communications connection test,rpcCall,RPCSendAndGet,PASS,,Jul 19 2019 6:57:37.4590 PM,Jul 19 2019 6:57:38.2150 PM,.7561
160.Orion input HS communications connection test,rpcCall,RPCSendAndGet,PASS,,Jul 19 2019 6:57:38.2180 PM,Jul 19 2019 6:57:38.2830 PM,.0653
160.Orion input HS communications connection test,rpcCall,RPCSendAndGet,PASS,,Jul 19 2019 6:57:38.2850 PM,Jul 19 2019 6:57:39.2900 PM,1.0048
160.Orion input HS communications connection test,Dut,sendCommand,PASS,,Jul 19 2019 6:57:39.2920 PM,Jul 19 2019 6:57:39.3080 PM,.0163
160.Orion input HS communications connection test,Dut,sendCommand,PASS,,Jul 19 2019 6:57:39.3100 PM,Jul 19 2019 6:57:39.3240 PM,.0139
160.Orion input HS communications connection test,Dut,sendCommand,PASS,,Jul 19 2019 6:57:39.3270 PM,Jul 19 2019 6:57:39.3390 PM,.0118
160.Orion input HS communications connection test,Dut,sendCommand,PASS,,Jul 19 2019 6:57:39.3410 PM,Jul 19 2019 6:57:39.3630 PM,.0219
160.Orion input HS communications connection test,Dut,changeDelimiter,PASS,,Jul 19 2019 6:57:39.3660 PM,Jul 19 2019 6:57:39.3660 PM,0
160.Orion input HS communications connection test,Dut,sendCommand,PASS,,Jul 19 2019 6:57:39.3680 PM,Jul 19 2019 6:57:39.3830 PM,.0145
160.Orion input HS communications connection test,Dut,changeDelimiter,PASS,,Jul 19 2019 6:57:39.3850 PM,Jul 19 2019 6:57:39.3850 PM,0
160.Orion input HS communications connection test,Dut,changeLineTerminator,PASS,,Jul 19 2019 6:57:39.3860 PM,Jul 19 2019 6:57:39.3860 PM,0
160.Orion input HS communications connection test,Dut,sendCommand,PASS,,Jul 19 2019 6:57:39.3880 PM,Jul 19 2019 6:57:39.6570 PM,.2689
160.Orion input HS communications connection test,rpcCall,RPCSendAndGet,PASS,,Jul 19 2019 6:57:39.6590 PM,Jul 19 2019 6:57:40.4140 PM,.7551
160.Orion input HS communications connection test,Dut,syncCmdResp,PASS,,Jul 19 2019 6:57:43.4920 PM,Jul 19 2019 6:57:43.5030 PM,.0116
160.Orion input HS communications connection test,Dut,sendCommand,PASS,,Jul 19 2019 6:57:43.5060 PM,Jul 19 2019 6:57:43.5180 PM,.0128
160.Orion input HS communications connection test,Dut,sendCommand,PASS,,Jul 19 2019 6:57:43.5210 PM,Jul 19 2019 6:57:43.5340 PM,.0123
160.Orion input HS communications connection test,Dut,sendCommand,PASS,,Jul 19 2019 6:57:43.5360 PM,Jul 19 2019 6:57:43.5780 PM,.0422
160.Orion input HS communications connection test,Dut,sendCommand,PASS,,Jul 19 2019 6:57:43.5810 PM,Jul 19 2019 6:57:43.6240 PM,.0423
160.Orion input HS communications connection test,Dut,sendCommand,PASS,,Jul 19 2019 6:57:43.6260 PM,Jul 19 2019 6:57:43.6380 PM,.0114
161.Transition from HSAID to AID Mode,rpcCall,RPCSendAndGet,PASS,,Jul 19 2019 6:57:43.6440 PM,Jul 19 2019 6:57:43.6890 PM,.0456
161.Transition from HSAID to AID Mode,rpcCall,RPCSendAndGet,PASS,,Jul 19 2019 6:57:43.6910 PM,Jul 19 2019 6:57:43.7480 PM,.0565
161.Transition from HSAID to AID Mode,rpcCall,RPCSendAndGet,PASS,,Jul 19 2019 6:57:43.7500 PM,Jul 19 2019 6:57:44.8090 PM,1.0586
161.Transition from HSAID to AID Mode,Dut,sendCommand,PASS,,Jul 19 2019 6:57:44.9330 PM,Jul 19 2019 6:57:44.9430 PM,.0104
161.Transition from HSAID to AID Mode,Dut,sendCommand,PASS,,Jul 19 2019 6:57:44.9450 PM,Jul 19 2019 6:57:44.9580 PM,.0126
161.Transition from HSAID to AID Mode,Dut,sendCommand,PASS,,Jul 19 2019 6:57:44.9600 PM,Jul 19 2019 6:57:44.9830 PM,.0229
161.Transition from HSAID to AID Mode,Dut,sendCommand,PASS,,Jul 19 2019 6:57:44.9860 PM,Jul 19 2019 6:57:45.0030 PM,.017
161.Transition from HSAID to AID Mode,Dut,sendCommand,PASS,,Jul 19 2019 6:57:45.0060 PM,Jul 19 2019 6:57:45.0230 PM,.0171
161.Transition from HSAID to AID Mode,Dut,sendCommand,PASS,,Jul 19 2019 6:57:45.0260 PM,Jul 19 2019 6:57:45.0430 PM,.0169
161.Transition from HSAID to AID Mode,Dut,sendCommand,PASS,,Jul 19 2019 6:57:45.0460 PM,Jul 19 2019 6:57:45.0680 PM,.022
161.Transition from HSAID to AID Mode,Dut,sendCommand,PASS,,Jul 19 2019 6:57:45.0710 PM,Jul 19 2019 6:57:45.0890 PM,.0178
162.Orion input communications test 330pF,rpcCall,RPCSendAndGet,PASS,,Jul 19 2019 6:57:45.0960 PM,Jul 19 2019 6:57:45.1220 PM,.0257
162.Orion input communications test 330pF,rpcCall,RPCSendAndGet,PASS,,Jul 19 2019 6:57:45.1240 PM,Jul 19 2019 6:57:45.1820 PM,.0586
162.Orion input communications test 330pF,Dut,sendCommand,PASS,,Jul 19 2019 6:57:45.1840 PM,Jul 19 2019 6:57:45.1970 PM,.013
162.Orion input communications test 330pF,Dut,sendCommand,PASS,,Jul 19 2019 6:57:45.1990 PM,Jul 19 2019 6:57:45.2120 PM,.0128
162.Orion input communications test 330pF,Dut,sendCommand,PASS,,Jul 19 2019 6:57:45.2140 PM,Jul 19 2019 6:57:45.2380 PM,.024
162.Orion input communications test 330pF,Dut,sendCommand,PASS,,Jul 19 2019 6:57:45.2410 PM,Jul 19 2019 6:57:45.2580 PM,.0166
162.Orion input communications test 330pF,Dut,sendCommand,PASS,,Jul 19 2019 6:57:45.2600 PM,Jul 19 2019 6:57:45.2770 PM,.0178
162.Orion input communications test 330pF,Dut,sendCommand,PASS,,Jul 19 2019 6:57:45.2790 PM,Jul 19 2019 6:57:45.2970 PM,.018
162.Orion input communications test 330pF,Dut,sendCommand,PASS,,Jul 19 2019 6:57:45.3000 PM,Jul 19 2019 6:57:45.3230 PM,.0232
162.Orion input communications test 330pF,Dut,sendCommand,PASS,,Jul 19 2019 6:57:45.3250 PM,Jul 19 2019 6:57:45.3430 PM,.0183
163.Orion input HS communications test 330pF,Dut,sendCommand,PASS,,Jul 19 2019 6:57:45.3480 PM,Jul 19 2019 6:57:45.3680 PM,.0202
163.Orion input HS communications test 330pF,Dut,sendCommand,PASS,,Jul 19 2019 6:57:45.3700 PM,Jul 19 2019 6:57:45.3880 PM,.0178
163.Orion input HS communications test 330pF,rpcCall,RPCSendAndGet,PASS,,Jul 19 2019 6:57:45.3910 PM,Jul 19 2019 6:57:45.4440 PM,.0531
163.Orion input HS communications test 330pF,rpcCall,RPCSendAndGet,PASS,,Jul 19 2019 6:57:45.4460 PM,Jul 19 2019 6:57:46.2150 PM,.7687
163.Orion input HS communications test 330pF,rpcCall,RPCSendAndGet,PASS,,Jul 19 2019 6:57:46.2170 PM,Jul 19 2019 6:57:46.2780 PM,.061
163.Orion input HS communications test 330pF,rpcCall,RPCSendAndGet,PASS,,Jul 19 2019 6:57:46.2800 PM,Jul 19 2019 6:57:47.3250 PM,1.045
163.Orion input HS communications test 330pF,Dut,sendCommand,PASS,,Jul 19 2019 6:57:47.3270 PM,Jul 19 2019 6:57:47.3430 PM,.0157
163.Orion input HS communications test 330pF,Dut,sendCommand,PASS,,Jul 19 2019 6:57:47.3450 PM,Jul 19 2019 6:57:47.3580 PM,.0133
163.Orion input HS communications test 330pF,Dut,sendCommand,PASS,,Jul 19 2019 6:57:47.3610 PM,Jul 19 2019 6:57:47.3730 PM,.0118
163.Orion input HS communications test 330pF,Dut,sendCommand,PASS,,Jul 19 2019 6:57:47.3750 PM,Jul 19 2019 6:57:47.3980 PM,.0226
163.Orion input HS communications test 330pF,Dut,changeDelimiter,PASS,,Jul 19 2019 6:57:47.4010 PM,Jul 19 2019 6:57:47.4010 PM,0
163.Orion input HS communications test 330pF,Dut,sendCommand,PASS,,Jul 19 2019 6:57:47.4030 PM,Jul 19 2019 6:57:47.4180 PM,.0149
163.Orion input HS communications test 330pF,Dut,changeDelimiter,PASS,,Jul 19 2019 6:57:47.4200 PM,Jul 19 2019 6:57:47.4200 PM,0
163.Orion input HS communications test 330pF,Dut,changeLineTerminator,PASS,,Jul 19 2019 6:57:47.4220 PM,Jul 19 2019 6:57:47.4220 PM,0
163.Orion input HS communications test 330pF,Dut,sendCommand,PASS,,Jul 19 2019 6:57:47.4240 PM,Jul 19 2019 6:57:47.6920 PM,.2683
163.Orion input HS communications test 330pF,rpcCall,RPCSendAndGet,PASS,,Jul 19 2019 6:57:47.6950 PM,Jul 19 2019 6:57:48.4380 PM,.7423
163.Orion input HS communications test 330pF,Dut,syncCmdResp,PASS,,Jul 19 2019 6:57:51.5070 PM,Jul 19 2019 6:57:51.5180 PM,.0118
163.Orion input HS communications test 330pF,Dut,sendCommand,PASS,,Jul 19 2019 6:57:51.5210 PM,Jul 19 2019 6:57:51.5330 PM,.0123
163.Orion input HS communications test 330pF,Dut,sendCommand,PASS,,Jul 19 2019 6:57:51.5360 PM,Jul 19 2019 6:57:51.5480 PM,.0123
163.Orion input HS communications test 330pF,Dut,sendCommand,PASS,,Jul 19 2019 6:57:51.5510 PM,Jul 19 2019 6:57:51.5930 PM,.0425
163.Orion input HS communications test 330pF,Dut,sendCommand,PASS,,Jul 19 2019 6:57:51.5960 PM,Jul 19 2019 6:57:51.6380 PM,.0423
163.Orion input HS communications test 330pF,Dut,sendCommand,PASS,,Jul 19 2019 6:57:51.6410 PM,Jul 19 2019 6:57:51.6520 PM,.0112
164.Orion Input Bellatrix State2,rpcCall,RPCSendAndGet,PASS,,Jul 19 2019 6:57:51.6580 PM,Jul 19 2019 6:57:51.7250 PM,.067
164.Orion Input Bellatrix State2,rpcCall,RPCSendAndGet,PASS,,Jul 19 2019 6:57:51.7270 PM,Jul 19 2019 6:57:51.7810 PM,.0537
164.Orion Input Bellatrix State2,rpcCall,RPCSendAndGet,PASS,,Jul 19 2019 6:57:51.7830 PM,Jul 19 2019 6:57:52.7880 PM,1.0048
164.Orion Input Bellatrix State2,Dut,sendCommand,PASS,,Jul 19 2019 6:57:52.9070 PM,Jul 19 2019 6:57:52.9320 PM,.0251
164.Orion Input Bellatrix State2,Dut,sendCommand,PASS,,Jul 19 2019 6:57:52.9350 PM,Jul 19 2019 6:57:52.9530 PM,.018
164.Orion Input Bellatrix State2,Dut,sendCommand,PASS,,Jul 19 2019 6:57:52.9570 PM,Jul 19 2019 6:57:53.0970 PM,.1406
164.Orion Input Bellatrix State2,rpcCall,RPCSendAndGet,PASS,,Jul 19 2019 6:57:53.1010 PM,Jul 19 2019 6:57:53.1270 PM,.0267
164.Orion Input Bellatrix State2,rpcCall,RPCSendAndGet,PASS,,Jul 19 2019 6:57:53.1290 PM,Jul 19 2019 6:57:53.1860 PM,.0565
164.Orion Input Bellatrix State2,rpcCall,RPCSendAndGet,PASS,,Jul 19 2019 6:57:53.1870 PM,Jul 19 2019 6:57:53.2460 PM,.0587
165.Stop the OAB3F FW,rpcCall,RPCSendAndGet,PASS,,Jul 19 2019 6:57:53.2510 PM,Jul 19 2019 6:57:53.3000 PM,.0482
166. SPK_CN_L_T to 4x_MIC Loop Test,Dut,sendCommand,PASS,,Jul 19 2019 6:57:53.3040 PM,Jul 19 2019 6:57:53.7130 PM,.409
166. SPK_CN_L_T to 4x_MIC Loop Test,Dut,sendCommand,PASS,,Jul 19 2019 6:57:53.7160 PM,Jul 19 2019 6:57:53.7330 PM,.0171
166. SPK_CN_L_T to 4x_MIC Loop Test,Dut,sendCommand,PASS,,Jul 19 2019 6:57:53.7360 PM,Jul 19 2019 6:57:53.7530 PM,.0172
166. SPK_CN_L_T to 4x_MIC Loop Test,Dut,sendCommand,PASS,,Jul 19 2019 6:57:53.7560 PM,Jul 19 2019 6:57:53.7730 PM,.017
166. SPK_CN_L_T to 4x_MIC Loop Test,Dut,sendCommand,PASS,,Jul 19 2019 6:57:53.7750 PM,Jul 19 2019 6:57:53.7920 PM,.0168
166. SPK_CN_L_T to 4x_MIC Loop Test,Dut,sendCommand,PASS,,Jul 19 2019 6:57:53.7940 PM,Jul 19 2019 6:57:53.8280 PM,.0342
166. SPK_CN_L_T to 4x_MIC Loop Test,Dut,sendCommand,PASS,,Jul 19 2019 6:57:53.8300 PM,Jul 19 2019 6:57:53.8650 PM,.0349
166. SPK_CN_L_T to 4x_MIC Loop Test,Dut,sendCommand,PASS,,Jul 19 2019 6:57:53.8680 PM,Jul 19 2019 6:57:53.8990 PM,.0315
166. SPK_CN_L_T to 4x_MIC Loop Test,Dut,sendCommand,PASS,,Jul 19 2019 6:57:53.9010 PM,Jul 19 2019 6:57:55.9390 PM,2.0378
166. SPK_CN_L_T to 4x_MIC Loop Test,Dut,sendCommand,PASS,,Jul 19 2019 6:57:55.9420 PM,Jul 19 2019 6:57:55.9540 PM,.0124
166. SPK_CN_L_T to 4x_MIC Loop Test,Dut,sendCommand,PASS,,Jul 19 2019 6:57:55.9570 PM,Jul 19 2019 6:57:56.4100 PM,.4538
166. SPK_CN_L_T to 4x_MIC Loop Test,Dut,sendCommand,PASS,,Jul 19 2019 6:57:56.4150 PM,Jul 19 2019 6:57:56.8090 PM,.3938
166. SPK_CN_L_T to 4x_MIC Loop Test,Dut,sendCommand,PASS,,Jul 19 2019 6:57:56.8110 PM,Jul 19 2019 6:57:56.8740 PM,.0636
175. Power Button force sensor value,Dut,changeDelimiter,PASS,,Jul 19 2019 6:57:56.8950 PM,Jul 19 2019 6:57:56.8950 PM,0
175. Power Button force sensor value,Dut,sendCommand,PASS,,Jul 19 2019 6:57:56.8970 PM,Jul 19 2019 6:57:56.9200 PM,.0233
175. Power Button force sensor value,Dut,changeDelimiter,PASS,,Jul 19 2019 6:57:56.9230 PM,Jul 19 2019 6:57:56.9230 PM,0
175. Power Button force sensor value,rpcCall,RPCSendAndGet,PASS,,Jul 19 2019 6:57:56.9250 PM,Jul 19 2019 6:57:58.0880 PM,1.1629
175. Power Button force sensor value,rpcCall,RPCSendAndGet,PASS,,Jul 19 2019 6:57:58.9620 PM,Jul 19 2019 6:57:58.9740 PM,.0116
175. Power Button force sensor value,rpcCall,RPCSendAndGet,PASS,,Jul 19 2019 6:57:58.9770 PM,Jul 19 2019 6:57:59.4790 PM,.502
176. Volume Down force sensor value,rpcCall,RPCSendAndGet,PASS,,Jul 19 2019 6:57:59.7560 PM,Jul 19 2019 6:58:00.7840 PM,1.0289
176. Volume Down force sensor value,rpcCall,RPCSendAndGet,PASS,,Jul 19 2019 6:58:01.6530 PM,Jul 19 2019 6:58:01.6580 PM,.0044
176. Volume Down force sensor value,rpcCall,RPCSendAndGet,PASS,,Jul 19 2019 6:58:01.6600 PM,Jul 19 2019 6:58:02.0390 PM,.3785
177. Volume Up force sensor value,rpcCall,RPCSendAndGet,PASS,,Jul 19 2019 6:58:02.3170 PM,Jul 19 2019 6:58:03.1620 PM,.8453
177. Volume Up force sensor value,rpcCall,RPCSendAndGet,PASS,,Jul 19 2019 6:58:04.0370 PM,Jul 19 2019 6:58:04.0420 PM,.0046
177. Volume Up force sensor value,rpcCall,RPCSendAndGet,PASS,,Jul 19 2019 6:58:04.0440 PM,Jul 19 2019 6:58:04.3830 PM,.3388
177. Volume Up force sensor value,Dut,changeLineTerminator,PASS,,Jul 19 2019 6:58:04.6550 PM,Jul 19 2019 6:58:04.6550 PM,0
177. Volume Up force sensor value,Dut,sendCommand,PASS,,Jul 19 2019 6:58:04.6570 PM,Jul 19 2019 6:58:04.6690 PM,.0116
177. Volume Up force sensor value,Dut,changeLineTerminator,PASS,,Jul 19 2019 6:58:04.6710 PM,Jul 19 2019 6:58:04.6710 PM,0
177. Volume Up force sensor value,Dut,sendCommand,PASS,,Jul 19 2019 6:58:04.6740 PM,Jul 19 2019 6:58:04.6830 PM,.0096
181. NTC,Dut,sendCommand,PASS,,Jul 19 2019 6:58:04.9690 PM,Jul 19 2019 6:58:04.9860 PM,.0172
182. Read PMU Temp test,Dut,sendCommand,PASS,,Jul 19 2019 6:58:04.9920 PM,Jul 19 2019 6:58:05.2760 PM,.2844
183. Read Battery Temp TG0B,Dut,sendCommand,PASS,,Jul 19 2019 6:58:05.2880 PM,Jul 19 2019 6:58:05.5600 PM,.2715
184. Read CPMU C3 Temp (deg C),Dut,sendCommand,PASS,,Jul 19 2019 6:58:05.5660 PM,Jul 19 2019 6:58:07.1590 PM,1.5937
184. Read CPMU C3 Temp (deg C),Dut,sendCommand,PASS,,Jul 19 2019 6:58:07.1620 PM,Jul 19 2019 6:58:07.1740 PM,.0128
184. Read CPMU C3 Temp (deg C),Dut,sendCommand,PASS,,Jul 19 2019 6:58:07.1770 PM,Jul 19 2019 6:58:07.1940 PM,.0173
184. Read CPMU C3 Temp (deg C),Dut,sendCommand,PASS,,Jul 19 2019 6:58:07.1970 PM,Jul 19 2019 6:58:07.2090 PM,.0118
184. Read CPMU C3 Temp (deg C),Dut,sendCommand,PASS,,Jul 19 2019 6:58:07.2110 PM,Jul 19 2019 6:58:07.2280 PM,.0169
185. Read CPMU TCAL Temp (deg C),Dut,sendCommand,PASS,,Jul 19 2019 6:58:07.2350 PM,Jul 19 2019 6:58:07.2480 PM,.0135
185. Read CPMU TCAL Temp (deg C),Dut,sendCommand,PASS,,Jul 19 2019 6:58:07.2500 PM,Jul 19 2019 6:58:07.2640 PM,.0136
185. Read CPMU TCAL Temp (deg C),Dut,sendCommand,PASS,,Jul 19 2019 6:58:07.2660 PM,Jul 19 2019 6:58:07.5040 PM,.2385
186. Check Battery Level After Test,Dut,sendCommand,PASS,,Jul 19 2019 6:58:07.5110 PM,Jul 19 2019 6:58:07.5250 PM,.0136
187. Check Battery Voltage After Test,Dut,sendCommand,PASS,,Jul 19 2019 6:58:07.5300 PM,Jul 19 2019 6:58:07.5500 PM,.02
Dut - close,Dut,close,PASS,,Jul 19 2019 6:58:07.5560 PM,Jul 19 2019 6:58:07.5570 PM,.0012
DRCB finish,DRCB,finish,PASS,,Jul 19 2019 6:58:07.5610 PM,Jul 19 2019 6:58:07.8450 PM,.2849
Reset Fixture,rpcCall,RPCSendAndGet,PASS,,Jul 19 2019 6:58:07.8500 PM,Jul 19 2019 6:58:08.6630 PM,.8126
