Enable,Level,Action,Parameter,OutputKey
0,app,Rush:Atlas.Log.info,"[""bb"", ""cc"", ""dd""]",
0,station,Rush:Atlas.Log.info,"{""eee"": 12}",
0,station,Rush:Atlas.launch_plugin,"[""AtlasPluginLibrary"", ""UART""]",
0,station,UART:changeDelimiter,"{""delimiter"": ""cc""}",
0,station,UART:changeLineTerminator,"{""terminator"": ""\n""}",
0,station,Rush:string_concat,"[""Rush:System.getenv(\""HOME\"")"", ""/Extern_Station.json""]",FixturePath
0,station,UART:open,"{""uartPortURL"":""Rush:JSON.load(\""${FixturePath}\"").units.Unit_1.USB.uartPortURL"",""baudRate"":115200,""logFileDir"":""/vault/atlas"",""logFileName"":""uu.log"",""stringToSendOnOpen"":""""}",
0,station,UART:sendCommand,"{""command"": ""dummy cc"", ""timeout"": 5}",
0,station,UART:close,,
0,groups,Rush:Atlas.launch_plugin,"[""${object}"", ""AtlasPluginLibrary"", ""UART"", {""parseFiles"":[]}]",
0,units,Rush:Atlas.Log.info,"[""fff"", ""${object}.unit_identifier""]",
1,units,Rush:Atlas.launch_plugin,"[""${object}"", ""UART"", ""UART"", ""UART1""]",
