Test,Plugin,Command,Status,Info,Start Time,End Time,Duration (s)
,UART,read,ERROR,Timed out trying to read; ,Nov 12 2019 4:43:25.3980 PM,Nov 12 2019 4:43:26.4200 PM,1.0215
,UART,read,ERROR,Timed out trying to read; ,Nov 12 2019 4:43:26.5260 PM,Nov 12 2019 4:43:27.5680 PM,1.0423
,UART,read,ERROR,Timed out trying to read; ,Nov 12 2019 4:43:27.8380 PM,Nov 12 2019 4:43:28.8520 PM,1.0141
,Dut,read,ERROR,Timed out trying to read; ,Nov 12 2019 4:43:29.1290 PM,Nov 12 2019 4:43:30.1490 PM,1.0193
,Dut,read,ERROR,Timed out trying to read; ,Nov 12 2019 4:43:30.2620 PM,Nov 12 2019 4:43:31.2850 PM,1.0233
34. POTASSIUM,Fixture,sendCommand,NOT SET,,,,0
41. BUTTONS_CHECK,Fixture,sendCommand,NOT SET,,,,0
41. BUTTONS_CHECK,Fixture,sendCommand,NOT SET,,,,0
41. BUTTONS_CHECK,Fixture,sendCommand,NOT SET,,,,0
41. BUTTONS_CHECK,Fixture,sendCommand,NOT SET,,,,0
45. DBGPWR_ON,Fixture,sendCommand,NOT SET,,,,0
