Test,Plugin,Command,Status,Info,Start Time,End Time,Duration (s)
,UART,open,PASS,,Nov 12 2019 4:43:25.1500 PM,Nov 12 2019 4:43:25.1790 PM,.029
,UART,changeLineTerminator,PASS,,Nov 12 2019 4:43:25.1810 PM,Nov 12 2019 4:43:25.1810 PM,0
,UART,sendCommand,PASS,,Nov 12 2019 4:43:25.1830 PM,Nov 12 2019 4:43:25.2860 PM,.1033
,UART,sendCommand,PASS,,Nov 12 2019 4:43:25.2870 PM,Nov 12 2019 4:43:25.3970 PM,.1093
,UART,read,ERROR,Timed out trying to read; ,Nov 12 2019 4:43:25.3980 PM,Nov 12 2019 4:43:26.4200 PM,1.0215
,UART,sendCommand,PASS,,Nov 12 2019 4:43:26.4210 PM,Nov 12 2019 4:43:26.5250 PM,.1033
,UART,read,ERROR,Timed out trying to read; ,Nov 12 2019 4:43:26.5260 PM,Nov 12 2019 4:43:27.5680 PM,1.0423
,UART,sendCommand,PASS,,Nov 12 2019 4:43:27.5700 PM,Nov 12 2019 4:43:27.6760 PM,.106
,UART,read,PASS,,Nov 12 2019 4:43:27.6780 PM,Nov 12 2019 4:43:27.8330 PM,.1557
,UART,read,PASS,,Nov 12 2019 4:43:27.8350 PM,Nov 12 2019 4:43:27.8350 PM,.0002
,UART,read,PASS,,Nov 12 2019 4:43:27.8360 PM,Nov 12 2019 4:43:27.8370 PM,.0002
,UART,read,ERROR,Timed out trying to read; ,Nov 12 2019 4:43:27.8380 PM,Nov 12 2019 4:43:28.8520 PM,1.0141
,UART,changeDelimiter,PASS,,Nov 12 2019 4:43:28.8530 PM,Nov 12 2019 4:43:28.8530 PM,0
,UART,sendCommand,PASS,,Nov 12 2019 4:43:28.8550 PM,Nov 12 2019 4:43:28.9830 PM,.1281
CONSOLE_SETTING,UART,sendCommand,PASS,,Nov 12 2019 4:43:28.9870 PM,Nov 12 2019 4:43:29.0280 PM,.0411
,UART,sendCommand,PASS,,Nov 12 2019 4:43:29.0310 PM,Nov 12 2019 4:43:29.0630 PM,.0324
,UART,close,PASS,,Nov 12 2019 4:43:29.0650 PM,Nov 12 2019 4:43:29.0650 PM,.0006
,Dut,open,PASS,,Nov 12 2019 4:43:29.0690 PM,Nov 12 2019 4:43:29.1270 PM,.058
,Dut,read,ERROR,Timed out trying to read; ,Nov 12 2019 4:43:29.1290 PM,Nov 12 2019 4:43:30.1490 PM,1.0193
,Dut,close,PASS,,Nov 12 2019 4:43:30.1510 PM,Nov 12 2019 4:43:30.1510 PM,.0005
Copy TestPlan To LogDir,RunCommand,RunCommandWithParameter,PASS,,Nov 12 2019 4:43:30.1550 PM,Nov 12 2019 4:43:30.1660 PM,.0107
DRCB startDataReporting,DRCB,startDataReporting,PASS,,Nov 12 2019 4:43:30.1700 PM,Nov 12 2019 4:43:30.1940 PM,.0249
,Dut,open,PASS,,Nov 12 2019 4:43:30.1980 PM,Nov 12 2019 4:43:30.2590 PM,.0616
,Dut,read,ERROR,Timed out trying to read; ,Nov 12 2019 4:43:30.2620 PM,Nov 12 2019 4:43:31.2850 PM,1.0233
1. ALIAS_SETTING,Dut,sendCommand,PASS,,Nov 12 2019 4:43:31.2880 PM,Nov 12 2019 4:43:31.4220 PM,.134
2. SPAM_SETTING,Dut,sendCommand,PASS,,Nov 12 2019 4:43:31.4270 PM,Nov 12 2019 4:43:31.8740 PM,.4476
3. GET_SW_INFO,Dut,sendCommand,PASS,,Nov 12 2019 4:43:31.8770 PM,Nov 12 2019 4:43:31.9380 PM,.0608
3. GET_SW_INFO,Dut,sendCommand,PASS,,Nov 12 2019 4:43:31.9410 PM,Nov 12 2019 4:43:32.0500 PM,.109
4. GET_MLB_INFO,Dut,sendCommand,PASS,,Nov 12 2019 4:43:32.0590 PM,Nov 12 2019 4:43:32.0970 PM,.0383
4. GET_MLB_INFO,Dut,sendCommand,PASS,,Nov 12 2019 4:43:32.1000 PM,Nov 12 2019 4:43:32.1290 PM,.0295
4. GET_MLB_INFO,Dut,sendCommand,PASS,,Nov 12 2019 4:43:32.1310 PM,Nov 12 2019 4:43:32.1610 PM,.0302
6. GET_COMP_INFO,Dut,sendCommand,PASS,,Nov 12 2019 4:43:32.1670 PM,Nov 12 2019 4:43:32.3020 PM,.1345
6. GET_COMP_INFO,Dut,sendCommand,PASS,,Nov 12 2019 4:43:32.3040 PM,Nov 12 2019 4:43:32.3500 PM,.0454
6. GET_COMP_INFO,Dut,sendCommand,PASS,,Nov 12 2019 4:43:32.3520 PM,Nov 12 2019 4:43:32.4910 PM,.139
6. GET_COMP_INFO,Dut,sendCommand,PASS,,Nov 12 2019 4:43:32.4930 PM,Nov 12 2019 4:43:32.7880 PM,.2957
6. GET_COMP_INFO,Dut,sendCommand,PASS,,Nov 12 2019 4:43:32.7970 PM,Nov 12 2019 4:43:32.8360 PM,.039
7. QUIESCE_SYSTEM,Dut,sendCommand,PASS,,Nov 12 2019 4:43:32.8410 PM,Nov 12 2019 4:43:33.0070 PM,.1658
7. QUIESCE_SYSTEM,Dut,sendCommand,PASS,,Nov 12 2019 4:43:33.0080 PM,Nov 12 2019 4:43:33.0390 PM,.0303
7. QUIESCE_SYSTEM,Dut,sendCommand,PASS,,Nov 12 2019 4:43:33.0400 PM,Nov 12 2019 4:43:33.1340 PM,.0942
7. QUIESCE_SYSTEM,Dut,sendCommand,PASS,,Nov 12 2019 4:43:33.1360 PM,Nov 12 2019 4:43:33.1770 PM,.0414
7. QUIESCE_SYSTEM,Dut,sendCommand,PASS,,Nov 12 2019 4:43:33.1790 PM,Nov 12 2019 4:43:33.2240 PM,.0446
8. GET_INFO2,com.apple.hwte.atlas.AppPlugin,show-form,PASS,,Nov 12 2019 4:43:33.2290 PM,Nov 12 2019 4:43:37.1620 PM,3.933
9. QUERY_SFC_WRITE_SYSCFG,Dut,sendCommand,PASS,,Nov 12 2019 4:43:37.1660 PM,Nov 12 2019 4:43:37.2650 PM,.0982
10. GET_SYS_INFO,Dut,sendCommand,PASS,,Nov 12 2019 4:43:37.2690 PM,Nov 12 2019 4:43:37.3120 PM,.0425
11. GET_MLB_INFO,Dut,sendCommand,PASS,,Nov 12 2019 4:43:37.3160 PM,Nov 12 2019 4:43:37.3440 PM,.0279
12. SetRTC,Dut,sendCommand,PASS,,Nov 12 2019 4:43:37.3470 PM,Nov 12 2019 4:43:37.3890 PM,.042
13. QUERY_SFC_WRITE_SYSCFG,SFCSupport,getAttribute,PASS,,Nov 12 2019 4:43:37.3940 PM,Nov 12 2019 4:43:37.4270 PM,.0333
13. QUERY_SFC_WRITE_SYSCFG,SFCSupport,getAttribute,PASS,,Nov 12 2019 4:43:37.4300 PM,Nov 12 2019 4:43:37.4360 PM,.0063
13. QUERY_SFC_WRITE_SYSCFG,SFCSupport,getAttribute,PASS,,Nov 12 2019 4:43:37.4380 PM,Nov 12 2019 4:43:37.4440 PM,.0057
13. QUERY_SFC_WRITE_SYSCFG,SFCSupport,getAttribute,PASS,,Nov 12 2019 4:43:37.4460 PM,Nov 12 2019 4:43:37.4510 PM,.0052
13. QUERY_SFC_WRITE_SYSCFG,SFCSupport,getAttribute,PASS,,Nov 12 2019 4:43:37.4530 PM,Nov 12 2019 4:43:37.4600 PM,.0067
13. QUERY_SFC_WRITE_SYSCFG,SFCSupport,getAttribute,PASS,,Nov 12 2019 4:43:37.4620 PM,Nov 12 2019 4:43:37.4680 PM,.0057
13. QUERY_SFC_WRITE_SYSCFG,SFCSupport,getAttribute,PASS,,Nov 12 2019 4:43:37.4700 PM,Nov 12 2019 4:43:37.4760 PM,.0053
13. QUERY_SFC_WRITE_SYSCFG,SFCSupport,getAttribute,PASS,,Nov 12 2019 4:43:37.4780 PM,Nov 12 2019 4:43:37.4820 PM,.0049
13. QUERY_SFC_WRITE_SYSCFG,SFCSupport,getAttribute,PASS,,Nov 12 2019 4:43:37.4840 PM,Nov 12 2019 4:43:37.4880 PM,.004
13. QUERY_SFC_WRITE_SYSCFG,Dut,sendCommand,PASS,,Nov 12 2019 4:43:37.4910 PM,Nov 12 2019 4:43:37.5640 PM,.0724
13. QUERY_SFC_WRITE_SYSCFG,Dut,sendCommand,PASS,,Nov 12 2019 4:43:37.5650 PM,Nov 12 2019 4:43:37.6120 PM,.0465
13. QUERY_SFC_WRITE_SYSCFG,Dut,sendCommand,PASS,,Nov 12 2019 4:43:37.6130 PM,Nov 12 2019 4:43:37.6920 PM,.0783
13. QUERY_SFC_WRITE_SYSCFG,Dut,sendCommand,PASS,,Nov 12 2019 4:43:37.6930 PM,Nov 12 2019 4:43:37.7400 PM,.0464
13. QUERY_SFC_WRITE_SYSCFG,Dut,sendCommand,PASS,,Nov 12 2019 4:43:37.7410 PM,Nov 12 2019 4:43:37.8200 PM,.0786
13. QUERY_SFC_WRITE_SYSCFG,Dut,sendCommand,PASS,,Nov 12 2019 4:43:37.8210 PM,Nov 12 2019 4:43:37.8680 PM,.0463
13. QUERY_SFC_WRITE_SYSCFG,Dut,sendCommand,PASS,,Nov 12 2019 4:43:37.8690 PM,Nov 12 2019 4:43:37.9480 PM,.0781
13. QUERY_SFC_WRITE_SYSCFG,Dut,sendCommand,PASS,,Nov 12 2019 4:43:37.9490 PM,Nov 12 2019 4:43:37.9950 PM,.0462
13. QUERY_SFC_WRITE_SYSCFG,Dut,sendCommand,PASS,,Nov 12 2019 4:43:37.9980 PM,Nov 12 2019 4:43:38.0750 PM,.0775
13. QUERY_SFC_WRITE_SYSCFG,Dut,sendCommand,PASS,,Nov 12 2019 4:43:38.0770 PM,Nov 12 2019 4:43:38.1230 PM,.0464
13. QUERY_SFC_WRITE_SYSCFG,Dut,sendCommand,PASS,,Nov 12 2019 4:43:38.1250 PM,Nov 12 2019 4:43:38.2190 PM,.0938
13. QUERY_SFC_WRITE_SYSCFG,Dut,sendCommand,PASS,,Nov 12 2019 4:43:38.2200 PM,Nov 12 2019 4:43:38.2510 PM,.0305
13. QUERY_SFC_WRITE_SYSCFG,Dut,sendCommand,PASS,,Nov 12 2019 4:43:38.2530 PM,Nov 12 2019 4:43:38.2990 PM,.0462
13. QUERY_SFC_WRITE_SYSCFG,Dut,sendCommand,PASS,,Nov 12 2019 4:43:38.3000 PM,Nov 12 2019 4:43:38.3310 PM,.0304
13. QUERY_SFC_WRITE_SYSCFG,Dut,sendCommand,PASS,,Nov 12 2019 4:43:38.3320 PM,Nov 12 2019 4:43:38.3790 PM,.0466
13. QUERY_SFC_WRITE_SYSCFG,Dut,sendCommand,PASS,,Nov 12 2019 4:43:38.3800 PM,Nov 12 2019 4:43:38.4110 PM,.0304
13. QUERY_SFC_WRITE_SYSCFG,Dut,sendCommand,PASS,,Nov 12 2019 4:43:38.4120 PM,Nov 12 2019 4:43:38.4590 PM,.0463
13. QUERY_SFC_WRITE_SYSCFG,Dut,sendCommand,PASS,,Nov 12 2019 4:43:38.4600 PM,Nov 12 2019 4:43:38.5050 PM,.0454
13. QUERY_SFC_WRITE_SYSCFG,Dut,sendCommand,PASS,,Nov 12 2019 4:43:38.5070 PM,Nov 12 2019 4:43:38.5530 PM,.0462
13. QUERY_SFC_WRITE_SYSCFG,Dut,sendCommand,PASS,,Nov 12 2019 4:43:38.5550 PM,Nov 12 2019 4:43:38.5980 PM,.0434
13. QUERY_SFC_WRITE_SYSCFG,Dut,sendCommand,PASS,,Nov 12 2019 4:43:38.6000 PM,Nov 12 2019 4:43:38.6460 PM,.0463
13. QUERY_SFC_WRITE_SYSCFG,Dut,sendCommand,PASS,,Nov 12 2019 4:43:38.6480 PM,Nov 12 2019 4:43:38.6940 PM,.0462
14. GET_INFO3,SFCSupport,getAttribute,PASS,,Nov 12 2019 4:43:38.7010 PM,Nov 12 2019 4:43:38.7060 PM,.0051
15. COMM_BUS_SWEEP,Dut,sendCommand,PASS,,Nov 12 2019 4:43:38.7110 PM,Nov 12 2019 4:43:38.7900 PM,.0788
16. QUIESCE_SYSTEM_2,Dut,sendCommand,PASS,,Nov 12 2019 4:43:38.7940 PM,Nov 12 2019 4:43:38.8370 PM,.0428
16. QUIESCE_SYSTEM_2,Dut,sendCommand,PASS,,Nov 12 2019 4:43:38.8380 PM,Nov 12 2019 4:43:39.9510 PM,1.1129
16. QUIESCE_SYSTEM_2,Dut,sendCommand,PASS,,Nov 12 2019 4:43:39.9530 PM,Nov 12 2019 4:43:39.9930 PM,.0401
16. QUIESCE_SYSTEM_2,Dut,sendCommand,PASS,,Nov 12 2019 4:43:39.9950 PM,Nov 12 2019 4:43:40.0350 PM,.0407
16. QUIESCE_SYSTEM_2,Dut,sendCommand,PASS,,Nov 12 2019 4:43:40.0370 PM,Nov 12 2019 4:43:40.0880 PM,.0512
16. QUIESCE_SYSTEM_2,Dut,sendCommand,PASS,,Nov 12 2019 4:43:40.0900 PM,Nov 12 2019 4:43:40.1200 PM,.0304
16. QUIESCE_SYSTEM_2,Dut,sendCommand,PASS,,Nov 12 2019 4:43:40.1220 PM,Nov 12 2019 4:43:40.4080 PM,.2859
16. QUIESCE_SYSTEM_2,Dut,sendCommand,PASS,,Nov 12 2019 4:43:40.4090 PM,Nov 12 2019 4:43:40.8230 PM,.4138
16. QUIESCE_SYSTEM_2,Dut,sendCommand,PASS,,Nov 12 2019 4:43:40.8240 PM,Nov 12 2019 4:43:40.8640 PM,.0393
16. QUIESCE_SYSTEM_2,Dut,sendCommand,PASS,,Nov 12 2019 4:43:40.8650 PM,Nov 12 2019 4:43:40.9100 PM,.0446
16. QUIESCE_SYSTEM_2,Dut,sendCommand,PASS,,Nov 12 2019 4:43:40.9110 PM,Nov 12 2019 4:43:40.9550 PM,.0433
16. QUIESCE_SYSTEM_2,Dut,sendCommand,PASS,,Nov 12 2019 4:43:40.9560 PM,Nov 12 2019 4:43:41.0010 PM,.0443
16. QUIESCE_SYSTEM_2,Dut,sendCommand,PASS,,Nov 12 2019 4:43:41.0020 PM,Nov 12 2019 4:43:41.0330 PM,.0306
17. CHARGER_OFF,Dut,sendCommand,PASS,,Nov 12 2019 4:43:41.0370 PM,Nov 12 2019 4:43:41.1480 PM,.1117
17. CHARGER_OFF,Dut,sendCommand,PASS,,Nov 12 2019 4:43:41.1510 PM,Nov 12 2019 4:43:41.1920 PM,.041
17. CHARGER_OFF,Dut,sendCommand,PASS,,Nov 12 2019 4:43:41.1940 PM,Nov 12 2019 4:43:41.2340 PM,.0401
17. CHARGER_OFF,Dut,sendCommand,PASS,,Nov 12 2019 4:43:41.2360 PM,Nov 12 2019 4:43:41.2660 PM,.0305
18. LISA_INIT,Dut,sendCommand,PASS,,Nov 12 2019 4:43:41.2710 PM,Nov 12 2019 4:43:41.3210 PM,.0505
18. LISA_INIT,Dut,sendCommand,PASS,,Nov 12 2019 4:43:41.3310 PM,Nov 12 2019 4:43:41.4870 PM,.1561
18. LISA_INIT,Dut,sendCommand,PASS,,Nov 12 2019 4:43:41.4890 PM,Nov 12 2019 4:43:41.5330 PM,.0437
18. LISA_INIT,Dut,sendCommand,PASS,,Nov 12 2019 4:43:41.5340 PM,Nov 12 2019 4:43:41.5760 PM,.0415
18. LISA_INIT,Dut,sendCommand,PASS,,Nov 12 2019 4:43:41.5780 PM,Nov 12 2019 4:43:41.6290 PM,.0511
18. LISA_INIT,Dut,sendCommand,PASS,,Nov 12 2019 4:43:41.6310 PM,Nov 12 2019 4:43:41.6740 PM,.0439
18. LISA_INIT,Dut,sendCommand,PASS,,Nov 12 2019 4:43:41.6760 PM,Nov 12 2019 4:43:41.7190 PM,.0434
18. LISA_INIT,Dut,sendCommand,PASS,,Nov 12 2019 4:43:41.7270 PM,Nov 12 2019 4:43:41.7670 PM,.0402
19. INIT_GG_READ,Dut,sendCommand,PASS,,Nov 12 2019 4:43:41.7720 PM,Nov 12 2019 4:43:44.8020 PM,3.0309
19. INIT_GG_READ,Dut,sendCommand,PASS,,Nov 12 2019 4:43:44.8040 PM,Nov 12 2019 4:43:45.0920 PM,.2882
20. INIT_SOC_READ,Dut,sendCommand,PASS,,Nov 12 2019 4:43:45.1640 PM,Nov 12 2019 4:43:45.2250 PM,.0608
21. INIT_PMU_READ,Dut,sendCommand,PASS,,Nov 12 2019 4:43:45.2430 PM,Nov 12 2019 4:43:45.2780 PM,.0348
21. INIT_PMU_READ,Dut,sendCommand,PASS,,Nov 12 2019 4:43:45.2800 PM,Nov 12 2019 4:43:45.3180 PM,.0387
21. INIT_PMU_READ,Dut,sendCommand,PASS,,Nov 12 2019 4:43:45.3210 PM,Nov 12 2019 4:43:45.3710 PM,.0499
21. INIT_PMU_READ,Dut,sendCommand,PASS,,Nov 12 2019 4:43:45.3720 PM,Nov 12 2019 4:43:46.8220 PM,1.4495
22. LYNX_TEST,Dut,sendCommand,PASS,,Nov 12 2019 4:43:46.9430 PM,Nov 12 2019 4:43:47.7320 PM,.7888
22. LYNX_TEST,Dut,sendCommand,PASS,,Nov 12 2019 4:43:47.7330 PM,Nov 12 2019 4:43:55.1840 PM,7.4506
22. LYNX_TEST,Dut,sendCommand,PASS,,Nov 12 2019 4:43:55.1850 PM,Nov 12 2019 4:43:55.3280 PM,.1421
22. LYNX_TEST,Dut,sendCommand,PASS,,Nov 12 2019 4:43:55.3290 PM,Nov 12 2019 4:43:55.4050 PM,.0752
22. LYNX_TEST,Dut,sendCommand,PASS,,Nov 12 2019 4:43:55.4060 PM,Nov 12 2019 4:43:55.4580 PM,.0524
22. LYNX_TEST,Dut,sendCommand,PASS,,Nov 12 2019 4:43:55.4600 PM,Nov 12 2019 4:43:55.6020 PM,.1423
23. CHARGER_ON,Dut,sendCommand,PASS,,Nov 12 2019 4:43:55.6070 PM,Nov 12 2019 4:43:55.6460 PM,.0392
23. CHARGER_ON,Dut,sendCommand,PASS,,Nov 12 2019 4:43:55.6480 PM,Nov 12 2019 4:43:55.6780 PM,.0304
23. CHARGER_ON,Dut,sendCommand,PASS,,Nov 12 2019 4:43:55.6810 PM,Nov 12 2019 4:43:55.7260 PM,.0451
24. SET_BUBO_PFM,Dut,sendCommand,PASS,,Nov 12 2019 4:43:55.7300 PM,Nov 12 2019 4:43:55.7780 PM,.048
25. Kobol_INIT,Dut,sendCommand,PASS,,Nov 12 2019 4:43:55.7820 PM,Nov 12 2019 4:43:56.0910 PM,.3096
26. IMU_ACCEL_ID,Dut,sendCommand,PASS,,Nov 12 2019 4:43:56.0950 PM,Nov 12 2019 4:43:56.1520 PM,.0575
27. Kobol_ACCEL_ID,Dut,sendCommand,PASS,,Nov 12 2019 4:43:56.1570 PM,Nov 12 2019 4:43:56.2150 PM,.0583
28. Kobol_GYRO_DRIVE_FREQ_MEAS,Dut,sendCommand,PASS,,Nov 12 2019 4:43:56.2220 PM,Nov 12 2019 4:43:56.4710 PM,.2487
29. IMU_Connectivity,Dut,sendCommand,PASS,,Nov 12 2019 4:43:56.4750 PM,Nov 12 2019 4:43:56.5330 PM,.0576
30. IMU_OFF,Dut,sendCommand,PASS,,Nov 12 2019 4:43:56.5380 PM,Nov 12 2019 4:43:56.8310 PM,.2936
31. Kobol_ACCEL_SELFTEST,Dut,sendCommand,PASS,,Nov 12 2019 4:43:56.8340 PM,Nov 12 2019 4:43:56.9910 PM,.1564
31. Kobol_ACCEL_SELFTEST,Dut,sendCommand,PASS,,Nov 12 2019 4:43:56.9940 PM,Nov 12 2019 4:43:57.2420 PM,.2482
32. IMU_Combo_LPNM25_BUBO_PFM,Dut,sendCommand,PASS,,Nov 12 2019 4:43:57.2520 PM,Nov 12 2019 4:43:57.5620 PM,.3095
32. IMU_Combo_LPNM25_BUBO_PFM,Dut,sendCommand,PASS,,Nov 12 2019 4:43:57.5630 PM,Nov 12 2019 4:43:57.6150 PM,.0515
32. IMU_Combo_LPNM25_BUBO_PFM,Dut,sendCommand,PASS,,Nov 12 2019 4:43:57.6160 PM,Nov 12 2019 4:43:57.6610 PM,.0443
32. IMU_Combo_LPNM25_BUBO_PFM,Dut,sendCommand,PASS,,Nov 12 2019 4:43:57.6620 PM,Nov 12 2019 4:43:57.7050 PM,.0424
32. IMU_Combo_LPNM25_BUBO_PFM,Dut,sendCommand,PASS,,Nov 12 2019 4:43:57.7060 PM,Nov 12 2019 4:43:57.8630 PM,.1571
32. IMU_Combo_LPNM25_BUBO_PFM,Dut,sendCommand,PASS,,Nov 12 2019 4:43:57.8650 PM,Nov 12 2019 4:43:57.9980 PM,.1335
32. IMU_Combo_LPNM25_BUBO_PFM,Dut,sendCommand,PASS,,Nov 12 2019 4:43:58.0000 PM,Nov 12 2019 4:43:58.1360 PM,.136
32. IMU_Combo_LPNM25_BUBO_PFM,Dut,sendCommand,PASS,,Nov 12 2019 4:43:58.1370 PM,Nov 12 2019 4:43:58.1880 PM,.0504
32. IMU_Combo_LPNM25_BUBO_PFM,Dut,sendCommand,PASS,,Nov 12 2019 4:43:58.1890 PM,Nov 12 2019 4:43:58.3480 PM,.1582
32. IMU_Combo_LPNM25_BUBO_PFM,Dut,sendCommand,PASS,,Nov 12 2019 4:43:58.3490 PM,Nov 12 2019 4:43:59.0070 PM,.6578
32. IMU_Combo_LPNM25_BUBO_PFM,Dut,sendCommand,PASS,,Nov 12 2019 4:43:59.0420 PM,Nov 12 2019 4:43:59.0700 PM,.0284
32. IMU_Combo_LPNM25_BUBO_PFM,Dut,sendCommand,PASS,,Nov 12 2019 4:43:59.0720 PM,Nov 12 2019 4:43:59.1150 PM,.0433
33. TURN_OFF_IMU,Dut,sendCommand,PASS,,Nov 12 2019 4:43:59.1210 PM,Nov 12 2019 4:43:59.2090 PM,.0886
34. POTASSIUM,Fixture,sendCommand,NOT SET,,,,0
34. POTASSIUM,Dut,sendCommand,PASS,,Nov 12 2019 4:43:59.2150 PM,Nov 12 2019 4:43:59.2640 PM,.0489
34. POTASSIUM,Dut,sendCommand,PASS,,Nov 12 2019 4:43:59.2670 PM,Nov 12 2019 4:43:59.3090 PM,.0419
34. POTASSIUM,Dut,sendCommand,PASS,,Nov 12 2019 4:43:59.3100 PM,Nov 12 2019 4:43:59.3780 PM,.0675
34. POTASSIUM,Dut,sendCommand,PASS,,Nov 12 2019 4:43:59.3800 PM,Nov 12 2019 4:43:59.4320 PM,.0515
34. POTASSIUM,Dut,sendCommand,PASS,,Nov 12 2019 4:43:59.4340 PM,Nov 12 2019 4:44:01.7750 PM,2.3413
34. POTASSIUM,Dut,sendCommand,PASS,,Nov 12 2019 4:44:01.7790 PM,Nov 12 2019 4:44:01.8220 PM,.0426
35. MOLYBDENUM,Dut,sendCommand,PASS,,Nov 12 2019 4:44:01.8280 PM,Nov 12 2019 4:44:01.8750 PM,.0471
35. MOLYBDENUM,Dut,sendCommand,PASS,,Nov 12 2019 4:44:01.8810 PM,Nov 12 2019 4:44:01.9260 PM,.045
35. MOLYBDENUM,Dut,sendCommand,PASS,,Nov 12 2019 4:44:01.9280 PM,Nov 12 2019 4:44:02.0250 PM,.0978
35. MOLYBDENUM,Dut,sendCommand,PASS,,Nov 12 2019 4:44:02.0270 PM,Nov 12 2019 4:44:04.6160 PM,2.5891
36. QUIESCE_SYSTEM_3,Dut,sendCommand,PASS,,Nov 12 2019 4:44:04.6220 PM,Nov 12 2019 4:44:04.6580 PM,.0364
36. QUIESCE_SYSTEM_3,Dut,sendCommand,PASS,,Nov 12 2019 4:44:04.6600 PM,Nov 12 2019 4:44:04.7000 PM,.0405
37. ARDMORE_TEST,Dut,sendCommand,PASS,,Nov 12 2019 4:44:04.7040 PM,Nov 12 2019 4:44:04.8200 PM,.1156
37. ARDMORE_TEST,Dut,sendCommand,PASS,,Nov 12 2019 4:44:04.8220 PM,Nov 12 2019 4:44:04.8610 PM,.0391
37. ARDMORE_TEST,Dut,sendCommand,PASS,,Nov 12 2019 4:44:04.8620 PM,Nov 12 2019 4:44:04.9410 PM,.0786
37. ARDMORE_TEST,Dut,sendCommand,PASS,,Nov 12 2019 4:44:04.9430 PM,Nov 12 2019 4:44:05.1230 PM,.1799
37. ARDMORE_TEST,Dut,sendCommand,PASS,,Nov 12 2019 4:44:05.1250 PM,Nov 12 2019 4:44:05.1710 PM,.0459
38. SPEAKER_IMPEDANCE,Dut,sendCommand,PASS,,Nov 12 2019 4:44:05.1760 PM,Nov 12 2019 4:44:05.2920 PM,.1158
38. SPEAKER_IMPEDANCE,Dut,sendCommand,PASS,,Nov 12 2019 4:44:05.2930 PM,Nov 12 2019 4:44:05.3310 PM,.0376
38. SPEAKER_IMPEDANCE,Dut,sendCommand,PASS,,Nov 12 2019 4:44:05.3320 PM,Nov 12 2019 4:44:05.3730 PM,.0406
38. SPEAKER_IMPEDANCE,Dut,sendCommand,PASS,,Nov 12 2019 4:44:05.3750 PM,Nov 12 2019 4:44:05.4190 PM,.0443
38. SPEAKER_IMPEDANCE,Dut,sendCommand,PASS,,Nov 12 2019 4:44:05.4200 PM,Nov 12 2019 4:44:05.4610 PM,.0406
38. SPEAKER_IMPEDANCE,Dut,sendCommand,PASS,,Nov 12 2019 4:44:05.4630 PM,Nov 12 2019 4:44:05.5070 PM,.0443
38. SPEAKER_IMPEDANCE,Dut,sendCommand,PASS,,Nov 12 2019 4:44:05.5080 PM,Nov 12 2019 4:44:05.5600 PM,.0514
38. SPEAKER_IMPEDANCE,Dut,sendCommand,PASS,,Nov 12 2019 4:44:05.5610 PM,Nov 12 2019 4:44:05.6140 PM,.0523
38. SPEAKER_IMPEDANCE,Dut,sendCommand,PASS,,Nov 12 2019 4:44:05.6150 PM,Nov 12 2019 4:44:06.6800 PM,1.065
38. SPEAKER_IMPEDANCE,Dut,sendCommand,PASS,,Nov 12 2019 4:44:06.6820 PM,Nov 12 2019 4:44:06.8540 PM,.1722
38. SPEAKER_IMPEDANCE,Dut,sendCommand,PASS,,Nov 12 2019 4:44:06.8560 PM,Nov 12 2019 4:44:06.8920 PM,.0353
38. SPEAKER_IMPEDANCE,Dut,sendCommand,PASS,,Nov 12 2019 4:44:06.8930 PM,Nov 12 2019 4:44:06.9480 PM,.0544
39. CARNELIAN,Dut,sendCommand,PASS,,Nov 12 2019 4:44:06.9520 PM,Nov 12 2019 4:44:07.0690 PM,.1174
39. CARNELIAN,Dut,sendCommand,PASS,,Nov 12 2019 4:44:07.0710 PM,Nov 12 2019 4:44:07.1110 PM,.0404
39. CARNELIAN,Dut,sendCommand,PASS,,Nov 12 2019 4:44:07.1130 PM,Nov 12 2019 4:44:08.6100 PM,1.497
39. CARNELIAN,Dut,sendCommand,PASS,,Nov 12 2019 4:44:08.6120 PM,Nov 12 2019 4:44:08.6550 PM,.0433
39. CARNELIAN,Dut,sendCommand,PASS,,Nov 12 2019 4:44:08.6560 PM,Nov 12 2019 4:44:08.7110 PM,.0544
40. MAGNETITE_TEST_1,Dut,sendCommand,PASS,,Nov 12 2019 4:44:08.7150 PM,Nov 12 2019 4:44:08.7630 PM,.0481
40. MAGNETITE_TEST_1,Dut,sendCommand,PASS,,Nov 12 2019 4:44:08.7640 PM,Nov 12 2019 4:44:08.7950 PM,.0304
41. BUTTONS_CHECK,Dut,sendCommand,PASS,,Nov 12 2019 4:44:08.7980 PM,Nov 12 2019 4:44:08.8490 PM,.0512
41. BUTTONS_CHECK,Fixture,sendCommand,NOT SET,,,,0
41. BUTTONS_CHECK,Dut,sendCommand,PASS,,Nov 12 2019 4:44:08.8530 PM,Nov 12 2019 4:44:08.8920 PM,.0393
41. BUTTONS_CHECK,Fixture,sendCommand,NOT SET,,,,0
41. BUTTONS_CHECK,Fixture,sendCommand,NOT SET,,,,0
41. BUTTONS_CHECK,Dut,sendCommand,PASS,,Nov 12 2019 4:44:08.8950 PM,Nov 12 2019 4:44:08.9320 PM,.0374
41. BUTTONS_CHECK,Fixture,sendCommand,NOT SET,,,,0
41. BUTTONS_CHECK,Dut,sendCommand,PASS,,Nov 12 2019 4:44:08.9350 PM,Nov 12 2019 4:44:08.9720 PM,.0375
42. BATTERY_PROPERTIES,Dut,sendCommand,PASS,,Nov 12 2019 4:44:08.9770 PM,Nov 12 2019 4:44:09.0370 PM,.0601
42. BATTERY_PROPERTIES,Dut,sendCommand,PASS,,Nov 12 2019 4:44:09.0400 PM,Nov 12 2019 4:44:10.0690 PM,1.0287
42. BATTERY_PROPERTIES,Dut,sendCommand,PASS,,Nov 12 2019 4:44:10.0720 PM,Nov 12 2019 4:44:10.4090 PM,.3368
42. BATTERY_PROPERTIES,Dut,sendCommand,PASS,,Nov 12 2019 4:44:10.4110 PM,Nov 12 2019 4:44:10.5960 PM,.1846
43. MAGNETITE_TEST_2,Dut,sendCommand,PASS,,Nov 12 2019 4:44:10.6000 PM,Nov 12 2019 4:44:11.6340 PM,1.0341
43. MAGNETITE_TEST_2,Dut,sendCommand,PASS,,Nov 12 2019 4:44:11.6350 PM,Nov 12 2019 4:44:15.6710 PM,4.036
43. MAGNETITE_TEST_2,Dut,sendCommand,PASS,,Nov 12 2019 4:44:15.6790 PM,Nov 12 2019 4:44:15.7030 PM,.0239
43. MAGNETITE_TEST_2,Dut,sendCommand,PASS,,Nov 12 2019 4:44:15.7050 PM,Nov 12 2019 4:44:15.7350 PM,.0304
43. MAGNETITE_TEST_2,Dut,sendCommand,PASS,,Nov 12 2019 4:44:15.7370 PM,Nov 12 2019 4:44:15.7670 PM,.0302
43. MAGNETITE_TEST_2,Dut,sendCommand,PASS,,Nov 12 2019 4:44:15.7690 PM,Nov 12 2019 4:44:30.7990 PM,15.03
43. MAGNETITE_TEST_2,Dut,sendCommand,PASS,,Nov 12 2019 4:44:30.8000 PM,Nov 12 2019 4:44:31.8210 PM,1.0207
43. MAGNETITE_TEST_2,Dut,sendCommand,PASS,,Nov 12 2019 4:44:31.8230 PM,Nov 12 2019 4:44:32.7070 PM,.8842
43. MAGNETITE_TEST_2,Dut,sendCommand,PASS,,Nov 12 2019 4:44:32.7120 PM,Nov 12 2019 4:44:34.7350 PM,2.0229
44. PUCK_CHARGE_TEST,Dut,sendCommand,PASS,,Nov 12 2019 4:44:34.7410 PM,Nov 12 2019 4:44:34.8530 PM,.112
44. PUCK_CHARGE_TEST,Dut,sendCommand,PASS,,Nov 12 2019 4:44:34.8550 PM,Nov 12 2019 4:44:35.1430 PM,.2875
45. DBGPWR_ON,Fixture,sendCommand,NOT SET,,,,0
45. DBGPWR_ON,Dut,sendCommand,PASS,,Nov 12 2019 4:44:35.1490 PM,Nov 12 2019 4:44:35.1880 PM,.0388
46. WIFI,Dut,sendCommand,PASS,,Nov 12 2019 4:44:35.1930 PM,Nov 12 2019 4:44:35.5690 PM,.3763
46. WIFI,Dut,sendCommand,PASS,,Nov 12 2019 4:44:35.5710 PM,Nov 12 2019 4:44:35.6150 PM,.0441
47. BULETOOTH,Dut,sendCommand,PASS,,Nov 12 2019 4:44:35.6190 PM,Nov 12 2019 4:44:35.9820 PM,.3636
47. BULETOOTH,Dut,sendCommand,PASS,,Nov 12 2019 4:44:35.9840 PM,Nov 12 2019 4:44:36.0940 PM,.1105
47. BULETOOTH,Dut,sendCommand,PASS,,Nov 12 2019 4:44:36.0960 PM,Nov 12 2019 4:44:36.1470 PM,.0511
48. STOCKHOLM,Dut,sendCommand,PASS,,Nov 12 2019 4:44:36.1510 PM,Nov 12 2019 4:44:36.4480 PM,.2966
48. STOCKHOLM,Dut,sendCommand,PASS,,Nov 12 2019 4:44:36.4490 PM,Nov 12 2019 4:44:36.4880 PM,.0385
48. STOCKHOLM,Dut,sendCommand,PASS,,Nov 12 2019 4:44:36.4890 PM,Nov 12 2019 4:44:36.5340 PM,.0443
48. STOCKHOLM,Dut,sendCommand,PASS,,Nov 12 2019 4:44:36.5350 PM,Nov 12 2019 4:44:36.5810 PM,.0462
48. STOCKHOLM,Dut,sendCommand,PASS,,Nov 12 2019 4:44:36.5830 PM,Nov 12 2019 4:44:36.6250 PM,.0423
48. STOCKHOLM,Dut,sendCommand,PASS,,Nov 12 2019 4:44:36.6270 PM,Nov 12 2019 4:44:36.6670 PM,.0404
48. STOCKHOLM,Dut,sendCommand,PASS,,Nov 12 2019 4:44:36.6690 PM,Nov 12 2019 4:44:37.2740 PM,.6045
48. STOCKHOLM,Dut,sendCommand,PASS,,Nov 12 2019 4:44:37.2760 PM,Nov 12 2019 4:44:38.8080 PM,1.532
48. STOCKHOLM,Dut,sendCommand,PASS,,Nov 12 2019 4:44:38.8100 PM,Nov 12 2019 4:44:38.8400 PM,.0302
48. STOCKHOLM,Dut,sendCommand,PASS,,Nov 12 2019 4:44:38.8410 PM,Nov 12 2019 4:44:38.8720 PM,.0304
48. STOCKHOLM,Dut,sendCommand,PASS,,Nov 12 2019 4:44:38.8730 PM,Nov 12 2019 4:44:38.9040 PM,.0306
48. STOCKHOLM,Dut,sendCommand,PASS,,Nov 12 2019 4:44:38.9050 PM,Nov 12 2019 4:44:38.9360 PM,.0301
48. STOCKHOLM,Dut,sendCommand,PASS,,Nov 12 2019 4:44:38.9370 PM,Nov 12 2019 4:44:38.9670 PM,.0303
49. GERMANIUM_BASEBAND_VINYL,Dut,sendCommand,PASS,,Nov 12 2019 4:44:38.9720 PM,Nov 12 2019 4:44:42.9180 PM,3.9456
49. GERMANIUM_BASEBAND_VINYL,Dut,sendCommand,PASS,,Nov 12 2019 4:44:42.9200 PM,Nov 12 2019 4:44:43.0030 PM,.0823
49. GERMANIUM_BASEBAND_VINYL,Dut,sendCommand,PASS,,Nov 12 2019 4:44:43.0040 PM,Nov 12 2019 4:44:43.3940 PM,.3901
50. GRAPE_TEST,Dut,sendCommand,PASS,,Nov 12 2019 4:44:43.3980 PM,Nov 12 2019 4:44:43.5080 PM,.1098
50. GRAPE_TEST,Dut,sendCommand,PASS,,Nov 12 2019 4:44:43.5110 PM,Nov 12 2019 4:44:43.6360 PM,.1253
50. GRAPE_TEST,Dut,sendCommand,PASS,,Nov 12 2019 4:44:43.6380 PM,Nov 12 2019 4:44:43.6840 PM,.0461
51. ALS_TEST,Dut,sendCommand,PASS,,Nov 12 2019 4:44:43.6900 PM,Nov 12 2019 4:44:43.7410 PM,.0512
51. ALS_TEST,Dut,sendCommand,PASS,,Nov 12 2019 4:44:43.7430 PM,Nov 12 2019 4:44:44.0280 PM,.2849
51. ALS_TEST,Dut,sendCommand,PASS,,Nov 12 2019 4:44:44.0300 PM,Nov 12 2019 4:44:44.0600 PM,.0304
51. ALS_TEST,Dut,sendCommand,PASS,,Nov 12 2019 4:44:44.0620 PM,Nov 12 2019 4:44:44.0920 PM,.0303
51. ALS_TEST,Dut,sendCommand,PASS,,Nov 12 2019 4:44:44.0940 PM,Nov 12 2019 4:44:44.1330 PM,.0396
51. ALS_TEST,Dut,sendCommand,PASS,,Nov 12 2019 4:44:44.1350 PM,Nov 12 2019 4:44:44.2180 PM,.0835
51. ALS_TEST,Dut,sendCommand,PASS,,Nov 12 2019 4:44:44.2230 PM,Nov 12 2019 4:44:44.2690 PM,.0464
51. ALS_TEST,Dut,sendCommand,PASS,,Nov 12 2019 4:44:44.2720 PM,Nov 12 2019 4:44:44.3300 PM,.0584
51. ALS_TEST,Dut,sendCommand,PASS,,Nov 12 2019 4:44:44.3320 PM,Nov 12 2019 4:44:45.1770 PM,.8453
51. ALS_TEST,Dut,sendCommand,PASS,,Nov 12 2019 4:44:45.1790 PM,Nov 12 2019 4:44:45.4160 PM,.237
51. ALS_TEST,Dut,sendCommand,PASS,,Nov 12 2019 4:44:45.4180 PM,Nov 12 2019 4:44:46.2600 PM,.8424
51. ALS_TEST,Dut,sendCommand,PASS,,Nov 12 2019 4:44:46.2630 PM,Nov 12 2019 4:44:46.7390 PM,.4765
51. ALS_TEST,Dut,sendCommand,PASS,,Nov 12 2019 4:44:46.7410 PM,Nov 12 2019 4:44:46.7840 PM,.0433
52. DISPLAY_TEST,Dut,sendCommand,PASS,,Nov 12 2019 4:44:46.7890 PM,Nov 12 2019 4:44:47.0870 PM,.2986
52. DISPLAY_TEST,Dut,sendCommand,PASS,,Nov 12 2019 4:44:47.0890 PM,Nov 12 2019 4:44:47.1350 PM,.0464
52. DISPLAY_TEST,Dut,sendCommand,PASS,,Nov 12 2019 4:44:47.1370 PM,Nov 12 2019 4:44:47.1670 PM,.0305
52. DISPLAY_TEST,Dut,sendCommand,PASS,,Nov 12 2019 4:44:47.1690 PM,Nov 12 2019 4:44:47.2050 PM,.0362
52. DISPLAY_TEST,Dut,sendCommand,PASS,,Nov 12 2019 4:44:47.2070 PM,Nov 12 2019 4:44:47.2530 PM,.0461
52. DISPLAY_TEST,Dut,sendCommand,PASS,,Nov 12 2019 4:44:47.2550 PM,Nov 12 2019 4:44:49.2820 PM,2.0272
52. DISPLAY_TEST,Dut,sendCommand,PASS,,Nov 12 2019 4:44:49.2840 PM,Nov 12 2019 4:44:49.3460 PM,.0621
52. DISPLAY_TEST,Dut,sendCommand,PASS,,Nov 12 2019 4:44:49.3480 PM,Nov 12 2019 4:44:51.3750 PM,2.0269
52. DISPLAY_TEST,Dut,sendCommand,PASS,,Nov 12 2019 4:44:51.3760 PM,Nov 12 2019 4:44:51.4170 PM,.041
52. DISPLAY_TEST,Dut,sendCommand,PASS,,Nov 12 2019 4:44:51.4190 PM,Nov 12 2019 4:44:51.6720 PM,.253
52. DISPLAY_TEST,Dut,sendCommand,PASS,,Nov 12 2019 4:44:51.6750 PM,Nov 12 2019 4:44:51.7840 PM,.1091
52. DISPLAY_TEST,Dut,sendCommand,PASS,,Nov 12 2019 4:44:51.7860 PM,Nov 12 2019 4:44:52.1830 PM,.3974
53. END_QUIESCE_SYSTEM,Dut,sendCommand,PASS,,Nov 12 2019 4:44:52.1880 PM,Nov 12 2019 4:44:52.2150 PM,.0273
54. QUERY_SFC_WRITE_SYSCFG_2,Dut,sendCommand,PASS,,Nov 12 2019 4:44:52.2190 PM,Nov 12 2019 4:44:52.2770 PM,.0583
54. QUERY_SFC_WRITE_SYSCFG_2,Dut,sendCommand,PASS,,Nov 12 2019 4:44:52.2790 PM,Nov 12 2019 4:44:52.3330 PM,.054
54. QUERY_SFC_WRITE_SYSCFG_2,Dut,sendCommand,PASS,,Nov 12 2019 4:44:52.3350 PM,Nov 12 2019 4:44:52.4210 PM,.0854
54. QUERY_SFC_WRITE_SYSCFG_2,Dut,sendCommand,PASS,,Nov 12 2019 4:44:52.4230 PM,Nov 12 2019 4:44:52.4690 PM,.0455
54. QUERY_SFC_WRITE_SYSCFG_2,Dut,sendCommand,PASS,,Nov 12 2019 4:44:52.4710 PM,Nov 12 2019 4:44:52.5170 PM,.0455
54. QUERY_SFC_WRITE_SYSCFG_2,Dut,sendCommand,PASS,,Nov 12 2019 4:44:52.5180 PM,Nov 12 2019 4:44:52.5650 PM,.0465
54. QUERY_SFC_WRITE_SYSCFG_2,Dut,sendCommand,PASS,,Nov 12 2019 4:44:52.5670 PM,Nov 12 2019 4:44:52.6120 PM,.0453
54. QUERY_SFC_WRITE_SYSCFG_2,Dut,sendCommand,PASS,,Nov 12 2019 4:44:52.6140 PM,Nov 12 2019 4:44:52.6600 PM,.0464
54. QUERY_SFC_WRITE_SYSCFG_2,Dut,sendCommand,PASS,,Nov 12 2019 4:44:52.6630 PM,Nov 12 2019 4:44:52.7080 PM,.0454
54. QUERY_SFC_WRITE_SYSCFG_2,Dut,sendCommand,PASS,,Nov 12 2019 4:44:52.7100 PM,Nov 12 2019 4:44:52.7560 PM,.0464
54. QUERY_SFC_WRITE_SYSCFG_2,Dut,sendCommand,PASS,,Nov 12 2019 4:44:52.7590 PM,Nov 12 2019 4:44:52.8040 PM,.0453
54. QUERY_SFC_WRITE_SYSCFG_2,Dut,sendCommand,PASS,,Nov 12 2019 4:44:52.8060 PM,Nov 12 2019 4:44:52.8490 PM,.0435
54. QUERY_SFC_WRITE_SYSCFG_2,Dut,sendCommand,PASS,,Nov 12 2019 4:44:52.8520 PM,Nov 12 2019 4:44:52.8970 PM,.0454
54. QUERY_SFC_WRITE_SYSCFG_2,Dut,sendCommand,PASS,,Nov 12 2019 4:44:52.8990 PM,Nov 12 2019 4:44:52.9450 PM,.0463
54. QUERY_SFC_WRITE_SYSCFG_2,Dut,sendCommand,PASS,,Nov 12 2019 4:44:52.9470 PM,Nov 12 2019 4:44:53.0090 PM,.0612
54. QUERY_SFC_WRITE_SYSCFG_2,Dut,sendCommand,PASS,,Nov 12 2019 4:44:53.0100 PM,Nov 12 2019 4:44:53.0530 PM,.0425
55. BATTERY_PROPERTIES,Dut,sendCommand,PASS,,Nov 12 2019 4:44:53.0590 PM,Nov 12 2019 4:44:53.1010 PM,.0415
55. BATTERY_PROPERTIES,Dut,sendCommand,PASS,,Nov 12 2019 4:44:53.1030 PM,Nov 12 2019 4:44:53.2930 PM,.19
55. BATTERY_PROPERTIES,Dut,sendCommand,PASS,,Nov 12 2019 4:44:53.2950 PM,Nov 12 2019 4:44:54.3090 PM,1.0143
55. BATTERY_PROPERTIES,Dut,sendCommand,PASS,,Nov 12 2019 4:44:54.3100 PM,Nov 12 2019 4:44:54.6430 PM,.3329
55. BATTERY_PROPERTIES,Dut,sendCommand,PASS,,Nov 12 2019 4:44:54.6450 PM,Nov 12 2019 4:44:55.3260 PM,.6808
55. BATTERY_PROPERTIES,Dut,sendCommand,PASS,,Nov 12 2019 4:44:55.3280 PM,Nov 12 2019 4:44:55.5020 PM,.1739
55. BATTERY_PROPERTIES,Dut,sendCommand,PASS,,Nov 12 2019 4:44:55.5040 PM,Nov 12 2019 4:44:55.6890 PM,.1845
55. BATTERY_PROPERTIES,Dut,sendCommand,PASS,,Nov 12 2019 4:44:55.6910 PM,Nov 12 2019 4:44:56.4960 PM,.8058
55. BATTERY_PROPERTIES,Dut,sendCommand,PASS,,Nov 12 2019 4:44:56.5000 PM,Nov 12 2019 4:44:56.6830 PM,.1831
56. MAGNETITE_RESET,Dut,sendCommand,PASS,,Nov 12 2019 4:44:56.6890 PM,Nov 12 2019 4:44:56.7350 PM,.0459
,Dut,close,PASS,,Nov 12 2019 4:44:56.7380 PM,Nov 12 2019 4:44:56.7380 PM,.0004
Copy Log,RunCommand,RunCommandWithParameter,PASS,,Nov 12 2019 4:44:56.7460 PM,Nov 12 2019 4:44:56.7570 PM,.0112
Copy Log,RunCommand,RunCommandWithParameter,PASS,,Nov 12 2019 4:44:56.7590 PM,Nov 12 2019 4:44:56.7710 PM,.0114
Copy Log,RunCommand,RunCommandWithParameter,PASS,,Nov 12 2019 4:44:56.7750 PM,Nov 12 2019 4:44:56.7890 PM,.0146
Copy Log,RunCommand,RunCommandWithParameter,PASS,,Nov 12 2019 4:44:56.7910 PM,Nov 12 2019 4:44:56.8040 PM,.0132
Copy Log,RunCommand,RunCommandWithParameter,PASS,,Nov 12 2019 4:44:56.8060 PM,Nov 12 2019 4:44:56.8180 PM,.0118
Copy Log,RunCommand,RunCommandWithParameter,PASS,,Nov 12 2019 4:44:56.8200 PM,Nov 12 2019 4:44:56.8320 PM,.0125
Copy Log,DRCB,addBlob,PASS,,Nov 12 2019 4:44:56.8340 PM,Nov 12 2019 4:44:56.8350 PM,.0002
57. END_CONTROLBIT,DRCB,finish,PASS,,Nov 12 2019 4:44:56.8390 PM,Nov 12 2019 4:44:57.0530 PM,.2141
,Dut,open,PASS,,Nov 12 2019 4:44:57.0600 PM,Nov 12 2019 4:44:57.1200 PM,.0595
58. UNIT STANDBY,Dut,sendCommand,PASS,,Nov 12 2019 4:44:57.1220 PM,Nov 12 2019 4:44:57.2280 PM,.1059
,Dut,close,PASS,,Nov 12 2019 4:44:57.2340 PM,Nov 12 2019 4:44:57.2350 PM,.0004
