Test,Plugin,Command,Status,Info,Start Time,End Time,Duration (s)
,UART,read,ERROR,Timed out trying to read; ,Nov 15 2019 7:38:54.6720 PM,Nov 15 2019 7:38:55.6810 PM,1.0087
,UART,read,ERROR,Timed out trying to read; ,Nov 15 2019 7:38:55.6850 PM,Nov 15 2019 7:38:56.7450 PM,1.0602
,UART,read,ERROR,Timed out trying to read; ,Nov 15 2019 7:38:56.8500 PM,Nov 15 2019 7:38:57.8700 PM,1.0203
,UART,read,ERROR,Timed out trying to read; ,Nov 15 2019 7:38:58.0680 PM,Nov 15 2019 7:38:59.0780 PM,1.0105
,Dut,read,ERROR,Timed out trying to read; ,Nov 15 2019 7:38:59.2610 PM,Nov 15 2019 7:39:00.2850 PM,1.0237
,Dut,read,ERROR,Timed out trying to read; ,Nov 15 2019 7:39:00.3940 PM,Nov 15 2019 7:39:01.4010 PM,1.0065
34. POTASSIUM,Fixture,sendCommand,NOT SET,,,,0
41. BUTTONS_CHECK,Fixture,sendCommand,NOT SET,,,,0
41. BUTTONS_CHECK,Fixture,sendCommand,NOT SET,,,,0
41. BUTTONS_CHECK,Fixture,sendCommand,NOT SET,,,,0
41. BUTTONS_CHECK,Fixture,sendCommand,NOT SET,,,,0
45. DBGPWR_ON,Fixture,sendCommand,NOT SET,,,,0
