Test,Plugin,Command,Status,Info,Start Time,End Time,Duration (s)
,UART,open,PASS,,Nov 15 2019 7:38:54.4270 PM,Nov 15 2019 7:38:54.4590 PM,.0316
,UART,changeLineTerminator,PASS,,Nov 15 2019 7:38:54.4610 PM,Nov 15 2019 7:38:54.4610 PM,0
,UART,sendCommand,PASS,,Nov 15 2019 7:38:54.4620 PM,Nov 15 2019 7:38:54.5670 PM,.1052
,UART,sendCommand,PASS,,Nov 15 2019 7:38:54.5690 PM,Nov 15 2019 7:38:54.6710 PM,.1021
,UART,read,ERROR,Timed out trying to read; ,Nov 15 2019 7:38:54.6720 PM,Nov 15 2019 7:38:55.6810 PM,1.0087
,UART,sendCommand,PASS,,Nov 15 2019 7:38:55.6830 PM,Nov 15 2019 7:38:55.6840 PM,.0009
,UART,read,ERROR,Timed out trying to read; ,Nov 15 2019 7:38:55.6850 PM,Nov 15 2019 7:38:56.7450 PM,1.0602
,UART,sendCommand,PASS,,Nov 15 2019 7:38:56.7470 PM,Nov 15 2019 7:38:56.8480 PM,.1014
,UART,read,ERROR,Timed out trying to read; ,Nov 15 2019 7:38:56.8500 PM,Nov 15 2019 7:38:57.8700 PM,1.0203
,UART,sendCommand,PASS,,Nov 15 2019 7:38:57.8720 PM,Nov 15 2019 7:38:57.9820 PM,.1103
,UART,read,PASS,,Nov 15 2019 7:38:57.9830 PM,Nov 15 2019 7:38:58.0630 PM,.0797
,UART,read,PASS,,Nov 15 2019 7:38:58.0650 PM,Nov 15 2019 7:38:58.0650 PM,.0002
,UART,read,PASS,,Nov 15 2019 7:38:58.0660 PM,Nov 15 2019 7:38:58.0660 PM,.0002
,UART,read,ERROR,Timed out trying to read; ,Nov 15 2019 7:38:58.0680 PM,Nov 15 2019 7:38:59.0780 PM,1.0105
,UART,changeDelimiter,PASS,,Nov 15 2019 7:38:59.0800 PM,Nov 15 2019 7:38:59.0800 PM,0
,UART,sendCommand,PASS,,Nov 15 2019 7:38:59.0810 PM,Nov 15 2019 7:38:59.1170 PM,.036
CONSOLE_SETTING,UART,sendCommand,PASS,,Nov 15 2019 7:38:59.1200 PM,Nov 15 2019 7:38:59.1620 PM,.0419
,UART,sendCommand,PASS,,Nov 15 2019 7:38:59.1650 PM,Nov 15 2019 7:38:59.1980 PM,.0323
,UART,close,PASS,,Nov 15 2019 7:38:59.1990 PM,Nov 15 2019 7:38:59.2000 PM,.0006
,Dut,open,PASS,,Nov 15 2019 7:38:59.2030 PM,Nov 15 2019 7:38:59.2600 PM,.0562
,Dut,read,ERROR,Timed out trying to read; ,Nov 15 2019 7:38:59.2610 PM,Nov 15 2019 7:39:00.2850 PM,1.0237
,Dut,close,PASS,,Nov 15 2019 7:39:00.2870 PM,Nov 15 2019 7:39:00.2870 PM,.0005
Copy TestPlan To LogDir,RunCommand,RunCommandWithParameter,PASS,,Nov 15 2019 7:39:00.2920 PM,Nov 15 2019 7:39:00.3020 PM,.0106
DRCB startDataReporting,DRCB,startDataReporting,PASS,,Nov 15 2019 7:39:00.3060 PM,Nov 15 2019 7:39:00.3310 PM,.0256
,Dut,open,PASS,,Nov 15 2019 7:39:00.3350 PM,Nov 15 2019 7:39:00.3930 PM,.0583
,Dut,read,ERROR,Timed out trying to read; ,Nov 15 2019 7:39:00.3940 PM,Nov 15 2019 7:39:01.4010 PM,1.0065
1. ALIAS_SETTING,Dut,sendCommand,PASS,,Nov 15 2019 7:39:01.4040 PM,Nov 15 2019 7:39:01.5340 PM,.1303
2. SPAM_SETTING,Dut,sendCommand,PASS,,Nov 15 2019 7:39:01.5370 PM,Nov 15 2019 7:39:01.9790 PM,.4419
2. SPAM_SETTING,Dut,sendCommand,PASS,,Nov 15 2019 7:39:01.9800 PM,Nov 15 2019 7:39:02.0110 PM,.0305
3. GET_SW_INFO,Dut,sendCommand,PASS,,Nov 15 2019 7:39:02.0140 PM,Nov 15 2019 7:39:02.0750 PM,.0609
3. GET_SW_INFO,Dut,sendCommand,PASS,,Nov 15 2019 7:39:02.0770 PM,Nov 15 2019 7:39:02.1850 PM,.1074
4. GET_MLB_INFO,Dut,sendCommand,PASS,,Nov 15 2019 7:39:02.1890 PM,Nov 15 2019 7:39:02.2170 PM,.028
4. GET_MLB_INFO,Dut,sendCommand,PASS,,Nov 15 2019 7:39:02.2190 PM,Nov 15 2019 7:39:02.2490 PM,.03
4. GET_MLB_INFO,Dut,sendCommand,PASS,,Nov 15 2019 7:39:02.2500 PM,Nov 15 2019 7:39:02.2800 PM,.0299
6. GET_COMP_INFO,Dut,sendCommand,PASS,,Nov 15 2019 7:39:02.2860 PM,Nov 15 2019 7:39:02.4240 PM,.1373
6. GET_COMP_INFO,Dut,sendCommand,PASS,,Nov 15 2019 7:39:02.4260 PM,Nov 15 2019 7:39:02.4730 PM,.0473
6. GET_COMP_INFO,Dut,sendCommand,PASS,,Nov 15 2019 7:39:02.4750 PM,Nov 15 2019 7:39:02.6140 PM,.139
6. GET_COMP_INFO,Dut,sendCommand,PASS,,Nov 15 2019 7:39:02.6160 PM,Nov 15 2019 7:39:02.9130 PM,.2969
6. GET_COMP_INFO,Dut,sendCommand,PASS,,Nov 15 2019 7:39:02.9210 PM,Nov 15 2019 7:39:02.9560 PM,.0351
7. QUIESCE_SYSTEM,Dut,sendCommand,PASS,,Nov 15 2019 7:39:02.9610 PM,Nov 15 2019 7:39:03.1310 PM,.1697
7. QUIESCE_SYSTEM,Dut,sendCommand,PASS,,Nov 15 2019 7:39:03.1330 PM,Nov 15 2019 7:39:03.1630 PM,.0305
7. QUIESCE_SYSTEM,Dut,sendCommand,PASS,,Nov 15 2019 7:39:03.1640 PM,Nov 15 2019 7:39:03.2590 PM,.0944
7. QUIESCE_SYSTEM,Dut,sendCommand,PASS,,Nov 15 2019 7:39:03.2600 PM,Nov 15 2019 7:39:03.3030 PM,.0422
7. QUIESCE_SYSTEM,Dut,sendCommand,PASS,,Nov 15 2019 7:39:03.3040 PM,Nov 15 2019 7:39:03.3440 PM,.0395
8. GET_INFO2,com.apple.hwte.atlas.AppPlugin,show-form,PASS,,Nov 15 2019 7:39:03.3470 PM,Nov 15 2019 7:39:07.3400 PM,3.9926
9. QUERY_SFC_WRITE_SYSCFG,Dut,sendCommand,PASS,,Nov 15 2019 7:39:07.3450 PM,Nov 15 2019 7:39:07.4170 PM,.0716
10. GET_SYS_INFO,Dut,sendCommand,PASS,,Nov 15 2019 7:39:07.4200 PM,Nov 15 2019 7:39:07.4640 PM,.0447
11. GET_MLB_INFO,Dut,sendCommand,PASS,,Nov 15 2019 7:39:07.4680 PM,Nov 15 2019 7:39:07.4960 PM,.0281
12. SetRTC,Dut,sendCommand,PASS,,Nov 15 2019 7:39:07.5000 PM,Nov 15 2019 7:39:07.5410 PM,.0414
13. QUERY_SFC_WRITE_SYSCFG,SFCSupport,getAttribute,PASS,,Nov 15 2019 7:39:07.5450 PM,Nov 15 2019 7:39:07.5710 PM,.0259
13. QUERY_SFC_WRITE_SYSCFG,SFCSupport,getAttribute,PASS,,Nov 15 2019 7:39:07.5730 PM,Nov 15 2019 7:39:07.5790 PM,.0057
13. QUERY_SFC_WRITE_SYSCFG,SFCSupport,getAttribute,PASS,,Nov 15 2019 7:39:07.5800 PM,Nov 15 2019 7:39:07.5860 PM,.0051
13. QUERY_SFC_WRITE_SYSCFG,SFCSupport,getAttribute,PASS,,Nov 15 2019 7:39:07.5870 PM,Nov 15 2019 7:39:07.5930 PM,.0057
13. QUERY_SFC_WRITE_SYSCFG,SFCSupport,getAttribute,PASS,,Nov 15 2019 7:39:07.5950 PM,Nov 15 2019 7:39:07.6000 PM,.0056
13. QUERY_SFC_WRITE_SYSCFG,SFCSupport,getAttribute,PASS,,Nov 15 2019 7:39:07.6020 PM,Nov 15 2019 7:39:07.6080 PM,.0056
13. QUERY_SFC_WRITE_SYSCFG,SFCSupport,getAttribute,PASS,,Nov 15 2019 7:39:07.6100 PM,Nov 15 2019 7:39:07.6140 PM,.0043
13. QUERY_SFC_WRITE_SYSCFG,SFCSupport,getAttribute,PASS,,Nov 15 2019 7:39:07.6160 PM,Nov 15 2019 7:39:07.6200 PM,.0048
13. QUERY_SFC_WRITE_SYSCFG,SFCSupport,getAttribute,PASS,,Nov 15 2019 7:39:07.6220 PM,Nov 15 2019 7:39:07.6270 PM,.005
13. QUERY_SFC_WRITE_SYSCFG,Dut,sendCommand,PASS,,Nov 15 2019 7:39:07.6300 PM,Nov 15 2019 7:39:07.7010 PM,.0712
13. QUERY_SFC_WRITE_SYSCFG,Dut,sendCommand,PASS,,Nov 15 2019 7:39:07.7020 PM,Nov 15 2019 7:39:07.7490 PM,.0465
13. QUERY_SFC_WRITE_SYSCFG,Dut,sendCommand,PASS,,Nov 15 2019 7:39:07.7500 PM,Nov 15 2019 7:39:07.8290 PM,.0782
13. QUERY_SFC_WRITE_SYSCFG,Dut,sendCommand,PASS,,Nov 15 2019 7:39:07.8300 PM,Nov 15 2019 7:39:07.8750 PM,.0446
13. QUERY_SFC_WRITE_SYSCFG,Dut,sendCommand,PASS,,Nov 15 2019 7:39:07.8760 PM,Nov 15 2019 7:39:07.9540 PM,.0781
13. QUERY_SFC_WRITE_SYSCFG,Dut,sendCommand,PASS,,Nov 15 2019 7:39:07.9560 PM,Nov 15 2019 7:39:08.0020 PM,.0464
13. QUERY_SFC_WRITE_SYSCFG,Dut,sendCommand,PASS,,Nov 15 2019 7:39:08.0040 PM,Nov 15 2019 7:39:08.0820 PM,.0781
13. QUERY_SFC_WRITE_SYSCFG,Dut,sendCommand,PASS,,Nov 15 2019 7:39:08.0840 PM,Nov 15 2019 7:39:08.1280 PM,.0443
13. QUERY_SFC_WRITE_SYSCFG,Dut,sendCommand,PASS,,Nov 15 2019 7:39:08.1300 PM,Nov 15 2019 7:39:08.2080 PM,.0778
13. QUERY_SFC_WRITE_SYSCFG,Dut,sendCommand,PASS,,Nov 15 2019 7:39:08.2090 PM,Nov 15 2019 7:39:08.2560 PM,.0464
13. QUERY_SFC_WRITE_SYSCFG,Dut,sendCommand,PASS,,Nov 15 2019 7:39:08.2580 PM,Nov 15 2019 7:39:08.3360 PM,.0779
13. QUERY_SFC_WRITE_SYSCFG,Dut,sendCommand,PASS,,Nov 15 2019 7:39:08.3370 PM,Nov 15 2019 7:39:08.3680 PM,.0304
13. QUERY_SFC_WRITE_SYSCFG,Dut,sendCommand,PASS,,Nov 15 2019 7:39:08.3690 PM,Nov 15 2019 7:39:08.4160 PM,.0462
13. QUERY_SFC_WRITE_SYSCFG,Dut,sendCommand,PASS,,Nov 15 2019 7:39:08.4170 PM,Nov 15 2019 7:39:08.4480 PM,.0305
13. QUERY_SFC_WRITE_SYSCFG,Dut,sendCommand,PASS,,Nov 15 2019 7:39:08.4490 PM,Nov 15 2019 7:39:08.4950 PM,.0463
13. QUERY_SFC_WRITE_SYSCFG,Dut,sendCommand,PASS,,Nov 15 2019 7:39:08.4970 PM,Nov 15 2019 7:39:08.5270 PM,.0305
13. QUERY_SFC_WRITE_SYSCFG,Dut,sendCommand,PASS,,Nov 15 2019 7:39:08.5290 PM,Nov 15 2019 7:39:08.5750 PM,.0464
13. QUERY_SFC_WRITE_SYSCFG,Dut,sendCommand,PASS,,Nov 15 2019 7:39:08.5770 PM,Nov 15 2019 7:39:08.6210 PM,.0442
13. QUERY_SFC_WRITE_SYSCFG,Dut,sendCommand,PASS,,Nov 15 2019 7:39:08.6230 PM,Nov 15 2019 7:39:08.6690 PM,.0463
13. QUERY_SFC_WRITE_SYSCFG,Dut,sendCommand,PASS,,Nov 15 2019 7:39:08.6710 PM,Nov 15 2019 7:39:08.7140 PM,.0435
13. QUERY_SFC_WRITE_SYSCFG,Dut,sendCommand,PASS,,Nov 15 2019 7:39:08.7160 PM,Nov 15 2019 7:39:08.7620 PM,.0461
13. QUERY_SFC_WRITE_SYSCFG,Dut,sendCommand,PASS,,Nov 15 2019 7:39:08.7630 PM,Nov 15 2019 7:39:08.8100 PM,.0463
14. GET_INFO3,SFCSupport,getAttribute,PASS,,Nov 15 2019 7:39:08.8220 PM,Nov 15 2019 7:39:08.8280 PM,.0062
15. COMM_BUS_SWEEP,Dut,sendCommand,PASS,,Nov 15 2019 7:39:08.8330 PM,Nov 15 2019 7:39:08.9060 PM,.0725
16. QUIESCE_SYSTEM_2,Dut,sendCommand,PASS,,Nov 15 2019 7:39:08.9110 PM,Nov 15 2019 7:39:08.9540 PM,.0431
16. QUIESCE_SYSTEM_2,Dut,sendCommand,PASS,,Nov 15 2019 7:39:08.9560 PM,Nov 15 2019 7:39:10.0700 PM,1.1138
16. QUIESCE_SYSTEM_2,Dut,sendCommand,PASS,,Nov 15 2019 7:39:10.0710 PM,Nov 15 2019 7:39:10.1130 PM,.0415
16. QUIESCE_SYSTEM_2,Dut,sendCommand,PASS,,Nov 15 2019 7:39:10.1140 PM,Nov 15 2019 7:39:10.1640 PM,.0504
16. QUIESCE_SYSTEM_2,Dut,sendCommand,PASS,,Nov 15 2019 7:39:10.1660 PM,Nov 15 2019 7:39:10.2140 PM,.0485
16. QUIESCE_SYSTEM_2,Dut,sendCommand,PASS,,Nov 15 2019 7:39:10.2160 PM,Nov 15 2019 7:39:10.2560 PM,.0404
16. QUIESCE_SYSTEM_2,Dut,sendCommand,PASS,,Nov 15 2019 7:39:10.2580 PM,Nov 15 2019 7:39:10.5440 PM,.2859
16. QUIESCE_SYSTEM_2,Dut,sendCommand,PASS,,Nov 15 2019 7:39:10.5450 PM,Nov 15 2019 7:39:10.9430 PM,.3978
16. QUIESCE_SYSTEM_2,Dut,sendCommand,PASS,,Nov 15 2019 7:39:10.9450 PM,Nov 15 2019 7:39:10.9750 PM,.0304
16. QUIESCE_SYSTEM_2,Dut,sendCommand,PASS,,Nov 15 2019 7:39:10.9770 PM,Nov 15 2019 7:39:11.0180 PM,.0414
16. QUIESCE_SYSTEM_2,Dut,sendCommand,PASS,,Nov 15 2019 7:39:11.0200 PM,Nov 15 2019 7:39:11.0640 PM,.0444
16. QUIESCE_SYSTEM_2,Dut,sendCommand,PASS,,Nov 15 2019 7:39:11.0660 PM,Nov 15 2019 7:39:11.1020 PM,.0359
16. QUIESCE_SYSTEM_2,Dut,sendCommand,PASS,,Nov 15 2019 7:39:11.1030 PM,Nov 15 2019 7:39:11.1420 PM,.0384
17. CHARGER_OFF,Dut,sendCommand,PASS,,Nov 15 2019 7:39:11.1460 PM,Nov 15 2019 7:39:11.2570 PM,.1108
17. CHARGER_OFF,Dut,sendCommand,PASS,,Nov 15 2019 7:39:11.2590 PM,Nov 15 2019 7:39:11.2890 PM,.03
17. CHARGER_OFF,Dut,sendCommand,PASS,,Nov 15 2019 7:39:11.2910 PM,Nov 15 2019 7:39:11.3300 PM,.0398
17. CHARGER_OFF,Dut,sendCommand,PASS,,Nov 15 2019 7:39:11.3320 PM,Nov 15 2019 7:39:11.3620 PM,.0306
18. LISA_INIT,Dut,sendCommand,PASS,,Nov 15 2019 7:39:11.3670 PM,Nov 15 2019 7:39:11.4200 PM,.0532
18. LISA_INIT,Dut,sendCommand,PASS,,Nov 15 2019 7:39:11.4290 PM,Nov 15 2019 7:39:11.5750 PM,.1462
18. LISA_INIT,Dut,sendCommand,PASS,,Nov 15 2019 7:39:11.5770 PM,Nov 15 2019 7:39:11.6210 PM,.0437
18. LISA_INIT,Dut,sendCommand,PASS,,Nov 15 2019 7:39:11.6220 PM,Nov 15 2019 7:39:11.6640 PM,.0415
18. LISA_INIT,Dut,sendCommand,PASS,,Nov 15 2019 7:39:11.6660 PM,Nov 15 2019 7:39:11.7180 PM,.052
18. LISA_INIT,Dut,sendCommand,PASS,,Nov 15 2019 7:39:11.7200 PM,Nov 15 2019 7:39:11.7620 PM,.0421
18. LISA_INIT,Dut,sendCommand,PASS,,Nov 15 2019 7:39:11.7630 PM,Nov 15 2019 7:39:11.8050 PM,.0414
18. LISA_INIT,Dut,sendCommand,PASS,,Nov 15 2019 7:39:11.8130 PM,Nov 15 2019 7:39:11.8510 PM,.0383
19. INIT_GG_READ,Dut,sendCommand,PASS,,Nov 15 2019 7:39:11.8560 PM,Nov 15 2019 7:39:14.8860 PM,3.0306
19. INIT_GG_READ,Dut,sendCommand,PASS,,Nov 15 2019 7:39:14.8880 PM,Nov 15 2019 7:39:15.1790 PM,.291
20. INIT_SOC_READ,Dut,sendCommand,PASS,,Nov 15 2019 7:39:15.2560 PM,Nov 15 2019 7:39:15.3180 PM,.0619
21. INIT_PMU_READ,Dut,sendCommand,PASS,,Nov 15 2019 7:39:15.3400 PM,Nov 15 2019 7:39:15.3780 PM,.0386
21. INIT_PMU_READ,Dut,sendCommand,PASS,,Nov 15 2019 7:39:15.3810 PM,Nov 15 2019 7:39:15.4100 PM,.0295
21. INIT_PMU_READ,Dut,sendCommand,PASS,,Nov 15 2019 7:39:15.4120 PM,Nov 15 2019 7:39:15.4570 PM,.045
21. INIT_PMU_READ,Dut,sendCommand,PASS,,Nov 15 2019 7:39:15.4590 PM,Nov 15 2019 7:39:16.9130 PM,1.4534
22. LYNX_TEST,Dut,sendCommand,PASS,,Nov 15 2019 7:39:17.0780 PM,Nov 15 2019 7:39:17.8390 PM,.761
22. LYNX_TEST,Dut,sendCommand,PASS,,Nov 15 2019 7:39:17.8400 PM,Nov 15 2019 7:39:25.2910 PM,7.4504
22. LYNX_TEST,Dut,sendCommand,PASS,,Nov 15 2019 7:39:25.2920 PM,Nov 15 2019 7:39:25.4340 PM,.1418
22. LYNX_TEST,Dut,sendCommand,PASS,,Nov 15 2019 7:39:25.4360 PM,Nov 15 2019 7:39:25.5110 PM,.0748
22. LYNX_TEST,Dut,sendCommand,PASS,,Nov 15 2019 7:39:25.5120 PM,Nov 15 2019 7:39:25.5670 PM,.0544
22. LYNX_TEST,Dut,sendCommand,PASS,,Nov 15 2019 7:39:25.5680 PM,Nov 15 2019 7:39:25.7100 PM,.1423
23. CHARGER_ON,Dut,sendCommand,PASS,,Nov 15 2019 7:39:25.7160 PM,Nov 15 2019 7:39:25.7510 PM,.0351
23. CHARGER_ON,Dut,sendCommand,PASS,,Nov 15 2019 7:39:25.7520 PM,Nov 15 2019 7:39:25.7830 PM,.0301
23. CHARGER_ON,Dut,sendCommand,PASS,,Nov 15 2019 7:39:25.7860 PM,Nov 15 2019 7:39:25.8300 PM,.0448
24. SET_BUBO_PFM,Dut,sendCommand,PASS,,Nov 15 2019 7:39:25.8340 PM,Nov 15 2019 7:39:25.8830 PM,.0489
25. Kobol_INIT,Dut,sendCommand,PASS,,Nov 15 2019 7:39:25.8880 PM,Nov 15 2019 7:39:26.1830 PM,.2947
26. IMU_ACCEL_ID,Dut,sendCommand,PASS,,Nov 15 2019 7:39:26.1870 PM,Nov 15 2019 7:39:26.2490 PM,.0622
27. Kobol_ACCEL_ID,Dut,sendCommand,PASS,,Nov 15 2019 7:39:26.2540 PM,Nov 15 2019 7:39:26.3120 PM,.0579
28. Kobol_GYRO_DRIVE_FREQ_MEAS,Dut,sendCommand,PASS,,Nov 15 2019 7:39:26.3180 PM,Nov 15 2019 7:39:26.5670 PM,.2488
29. IMU_Connectivity,Dut,sendCommand,PASS,,Nov 15 2019 7:39:26.5710 PM,Nov 15 2019 7:39:26.6300 PM,.0586
30. IMU_OFF,Dut,sendCommand,PASS,,Nov 15 2019 7:39:26.6340 PM,Nov 15 2019 7:39:26.9290 PM,.2955
31. Kobol_ACCEL_SELFTEST,Dut,sendCommand,PASS,,Nov 15 2019 7:39:26.9330 PM,Nov 15 2019 7:39:27.0800 PM,.1476
31. Kobol_ACCEL_SELFTEST,Dut,sendCommand,PASS,,Nov 15 2019 7:39:27.0820 PM,Nov 15 2019 7:39:27.3320 PM,.2501
32. IMU_Combo_LPNM25_BUBO_PFM,Dut,sendCommand,PASS,,Nov 15 2019 7:39:27.3410 PM,Nov 15 2019 7:39:27.6500 PM,.3091
32. IMU_Combo_LPNM25_BUBO_PFM,Dut,sendCommand,PASS,,Nov 15 2019 7:39:27.6520 PM,Nov 15 2019 7:39:27.6980 PM,.0462
32. IMU_Combo_LPNM25_BUBO_PFM,Dut,sendCommand,PASS,,Nov 15 2019 7:39:27.7000 PM,Nov 15 2019 7:39:27.7430 PM,.0437
32. IMU_Combo_LPNM25_BUBO_PFM,Dut,sendCommand,PASS,,Nov 15 2019 7:39:27.7450 PM,Nov 15 2019 7:39:27.7860 PM,.0413
32. IMU_Combo_LPNM25_BUBO_PFM,Dut,sendCommand,PASS,,Nov 15 2019 7:39:27.7870 PM,Nov 15 2019 7:39:27.9550 PM,.1676
32. IMU_Combo_LPNM25_BUBO_PFM,Dut,sendCommand,PASS,,Nov 15 2019 7:39:27.9570 PM,Nov 15 2019 7:39:28.0980 PM,.1409
32. IMU_Combo_LPNM25_BUBO_PFM,Dut,sendCommand,PASS,,Nov 15 2019 7:39:28.0990 PM,Nov 15 2019 7:39:28.2320 PM,.1333
32. IMU_Combo_LPNM25_BUBO_PFM,Dut,sendCommand,PASS,,Nov 15 2019 7:39:28.2340 PM,Nov 15 2019 7:39:28.2900 PM,.0563
32. IMU_Combo_LPNM25_BUBO_PFM,Dut,sendCommand,PASS,,Nov 15 2019 7:39:28.2920 PM,Nov 15 2019 7:39:28.4340 PM,.142
32. IMU_Combo_LPNM25_BUBO_PFM,Dut,sendCommand,PASS,,Nov 15 2019 7:39:28.4360 PM,Nov 15 2019 7:39:29.1000 PM,.6644
32. IMU_Combo_LPNM25_BUBO_PFM,Dut,sendCommand,PASS,,Nov 15 2019 7:39:29.1350 PM,Nov 15 2019 7:39:29.1640 PM,.0288
32. IMU_Combo_LPNM25_BUBO_PFM,Dut,sendCommand,PASS,,Nov 15 2019 7:39:29.1650 PM,Nov 15 2019 7:39:29.2090 PM,.0434
33. TURN_OFF_IMU,Dut,sendCommand,PASS,,Nov 15 2019 7:39:29.2140 PM,Nov 15 2019 7:39:29.3020 PM,.0885
34. POTASSIUM,Fixture,sendCommand,NOT SET,,,,0
34. POTASSIUM,Dut,sendCommand,PASS,,Nov 15 2019 7:39:29.3060 PM,Nov 15 2019 7:39:29.3550 PM,.0495
34. POTASSIUM,Dut,sendCommand,PASS,,Nov 15 2019 7:39:29.3570 PM,Nov 15 2019 7:39:29.4000 PM,.0429
34. POTASSIUM,Dut,sendCommand,PASS,,Nov 15 2019 7:39:29.4020 PM,Nov 15 2019 7:39:29.4700 PM,.0681
34. POTASSIUM,Dut,sendCommand,PASS,,Nov 15 2019 7:39:29.4720 PM,Nov 15 2019 7:39:29.5140 PM,.0417
34. POTASSIUM,Dut,sendCommand,PASS,,Nov 15 2019 7:39:29.5160 PM,Nov 15 2019 7:39:31.8580 PM,2.3418
34. POTASSIUM,Dut,sendCommand,PASS,,Nov 15 2019 7:39:31.8620 PM,Nov 15 2019 7:39:31.9040 PM,.0417
35. MOLYBDENUM,Dut,sendCommand,PASS,,Nov 15 2019 7:39:31.9090 PM,Nov 15 2019 7:39:31.9550 PM,.0468
35. MOLYBDENUM,Dut,sendCommand,PASS,,Nov 15 2019 7:39:31.9580 PM,Nov 15 2019 7:39:32.0070 PM,.0481
35. MOLYBDENUM,Dut,sendCommand,PASS,,Nov 15 2019 7:39:32.0090 PM,Nov 15 2019 7:39:32.1060 PM,.0972
35. MOLYBDENUM,Dut,sendCommand,PASS,,Nov 15 2019 7:39:32.1080 PM,Nov 15 2019 7:39:34.7010 PM,2.5927
36. QUIESCE_SYSTEM_3,Dut,sendCommand,PASS,,Nov 15 2019 7:39:34.7060 PM,Nov 15 2019 7:39:34.7460 PM,.0404
36. QUIESCE_SYSTEM_3,Dut,sendCommand,PASS,,Nov 15 2019 7:39:34.7480 PM,Nov 15 2019 7:39:34.7910 PM,.0429
37. ARDMORE_TEST,Dut,sendCommand,PASS,,Nov 15 2019 7:39:34.7940 PM,Nov 15 2019 7:39:34.9100 PM,.1157
37. ARDMORE_TEST,Dut,sendCommand,PASS,,Nov 15 2019 7:39:34.9120 PM,Nov 15 2019 7:39:34.9540 PM,.0428
37. ARDMORE_TEST,Dut,sendCommand,PASS,,Nov 15 2019 7:39:34.9560 PM,Nov 15 2019 7:39:35.0340 PM,.0783
37. ARDMORE_TEST,Dut,sendCommand,PASS,,Nov 15 2019 7:39:35.0370 PM,Nov 15 2019 7:39:35.2130 PM,.1754
37. ARDMORE_TEST,Dut,sendCommand,PASS,,Nov 15 2019 7:39:35.2150 PM,Nov 15 2019 7:39:35.2550 PM,.04
38. SPEAKER_IMPEDANCE,Dut,sendCommand,PASS,,Nov 15 2019 7:39:35.2600 PM,Nov 15 2019 7:39:35.3760 PM,.116
38. SPEAKER_IMPEDANCE,Dut,sendCommand,PASS,,Nov 15 2019 7:39:35.3770 PM,Nov 15 2019 7:39:35.4160 PM,.0381
38. SPEAKER_IMPEDANCE,Dut,sendCommand,PASS,,Nov 15 2019 7:39:35.4170 PM,Nov 15 2019 7:39:35.4600 PM,.0425
38. SPEAKER_IMPEDANCE,Dut,sendCommand,PASS,,Nov 15 2019 7:39:35.4610 PM,Nov 15 2019 7:39:35.5040 PM,.0433
38. SPEAKER_IMPEDANCE,Dut,sendCommand,PASS,,Nov 15 2019 7:39:35.5060 PM,Nov 15 2019 7:39:35.5410 PM,.0355
38. SPEAKER_IMPEDANCE,Dut,sendCommand,PASS,,Nov 15 2019 7:39:35.5430 PM,Nov 15 2019 7:39:35.5920 PM,.0496
38. SPEAKER_IMPEDANCE,Dut,sendCommand,PASS,,Nov 15 2019 7:39:35.5940 PM,Nov 15 2019 7:39:35.6430 PM,.0488
38. SPEAKER_IMPEDANCE,Dut,sendCommand,PASS,,Nov 15 2019 7:39:35.6450 PM,Nov 15 2019 7:39:35.7040 PM,.0591
38. SPEAKER_IMPEDANCE,Dut,sendCommand,PASS,,Nov 15 2019 7:39:35.7050 PM,Nov 15 2019 7:39:36.7650 PM,1.0601
38. SPEAKER_IMPEDANCE,Dut,sendCommand,PASS,,Nov 15 2019 7:39:36.7670 PM,Nov 15 2019 7:39:36.9390 PM,.1722
38. SPEAKER_IMPEDANCE,Dut,sendCommand,PASS,,Nov 15 2019 7:39:36.9420 PM,Nov 15 2019 7:39:36.9770 PM,.0355
38. SPEAKER_IMPEDANCE,Dut,sendCommand,PASS,,Nov 15 2019 7:39:36.9790 PM,Nov 15 2019 7:39:37.0340 PM,.0554
39. CARNELIAN,Dut,sendCommand,PASS,,Nov 15 2019 7:39:37.0380 PM,Nov 15 2019 7:39:37.1570 PM,.1184
39. CARNELIAN,Dut,sendCommand,PASS,,Nov 15 2019 7:39:37.1580 PM,Nov 15 2019 7:39:37.1950 PM,.0363
39. CARNELIAN,Dut,sendCommand,PASS,,Nov 15 2019 7:39:37.1960 PM,Nov 15 2019 7:39:38.6950 PM,1.4994
39. CARNELIAN,Dut,sendCommand,PASS,,Nov 15 2019 7:39:38.6970 PM,Nov 15 2019 7:39:38.7350 PM,.0376
39. CARNELIAN,Dut,sendCommand,PASS,,Nov 15 2019 7:39:38.7360 PM,Nov 15 2019 7:39:38.7920 PM,.0555
40. MAGNETITE_TEST_1,Dut,sendCommand,PASS,,Nov 15 2019 7:39:38.7950 PM,Nov 15 2019 7:39:38.8440 PM,.0494
40. MAGNETITE_TEST_1,Dut,sendCommand,PASS,,Nov 15 2019 7:39:38.8460 PM,Nov 15 2019 7:39:38.8760 PM,.03
41. BUTTONS_CHECK,Dut,sendCommand,PASS,,Nov 15 2019 7:39:38.8800 PM,Nov 15 2019 7:39:38.9290 PM,.0494
41. BUTTONS_CHECK,Fixture,sendCommand,NOT SET,,,,0
41. BUTTONS_CHECK,Dut,sendCommand,PASS,,Nov 15 2019 7:39:38.9330 PM,Nov 15 2019 7:39:38.9720 PM,.0393
41. BUTTONS_CHECK,Fixture,sendCommand,NOT SET,,,,0
41. BUTTONS_CHECK,Fixture,sendCommand,NOT SET,,,,0
41. BUTTONS_CHECK,Dut,sendCommand,PASS,,Nov 15 2019 7:39:38.9760 PM,Nov 15 2019 7:39:39.0170 PM,.0414
41. BUTTONS_CHECK,Fixture,sendCommand,NOT SET,,,,0
41. BUTTONS_CHECK,Dut,sendCommand,PASS,,Nov 15 2019 7:39:39.0190 PM,Nov 15 2019 7:39:39.0590 PM,.0397
42. BATTERY_PROPERTIES,Dut,sendCommand,PASS,,Nov 15 2019 7:39:39.0640 PM,Nov 15 2019 7:39:39.1230 PM,.0592
42. BATTERY_PROPERTIES,Dut,sendCommand,PASS,,Nov 15 2019 7:39:39.1250 PM,Nov 15 2019 7:39:40.1540 PM,1.0289
42. BATTERY_PROPERTIES,Dut,sendCommand,PASS,,Nov 15 2019 7:39:40.1570 PM,Nov 15 2019 7:39:40.4900 PM,.333
42. BATTERY_PROPERTIES,Dut,sendCommand,PASS,,Nov 15 2019 7:39:40.4920 PM,Nov 15 2019 7:39:40.6820 PM,.1895
43. MAGNETITE_TEST_2,Dut,sendCommand,PASS,,Nov 15 2019 7:39:40.6860 PM,Nov 15 2019 7:39:41.7270 PM,1.041
43. MAGNETITE_TEST_2,Dut,sendCommand,PASS,,Nov 15 2019 7:39:41.7290 PM,Nov 15 2019 7:39:45.7490 PM,4.0201
43. MAGNETITE_TEST_2,Dut,sendCommand,PASS,,Nov 15 2019 7:39:45.7570 PM,Nov 15 2019 7:39:45.7810 PM,.0241
43. MAGNETITE_TEST_2,Dut,sendCommand,PASS,,Nov 15 2019 7:39:45.7830 PM,Nov 15 2019 7:39:45.8130 PM,.0304
43. MAGNETITE_TEST_2,Dut,sendCommand,PASS,,Nov 15 2019 7:39:45.8150 PM,Nov 15 2019 7:39:45.8450 PM,.0301
43. MAGNETITE_TEST_2,Dut,sendCommand,PASS,,Nov 15 2019 7:39:45.8470 PM,Nov 15 2019 7:40:00.8790 PM,15.0327
43. MAGNETITE_TEST_2,Dut,sendCommand,PASS,,Nov 15 2019 7:40:00.8810 PM,Nov 15 2019 7:40:01.9020 PM,1.021
43. MAGNETITE_TEST_2,Dut,sendCommand,PASS,,Nov 15 2019 7:40:01.9030 PM,Nov 15 2019 7:40:02.7900 PM,.8865
43. MAGNETITE_TEST_2,Dut,sendCommand,PASS,,Nov 15 2019 7:40:02.7960 PM,Nov 15 2019 7:40:04.8350 PM,2.0386
44. PUCK_CHARGE_TEST,Dut,sendCommand,PASS,,Nov 15 2019 7:40:04.8410 PM,Nov 15 2019 7:40:04.9480 PM,.1078
44. PUCK_CHARGE_TEST,Dut,sendCommand,PASS,,Nov 15 2019 7:40:04.9520 PM,Nov 15 2019 7:40:05.2420 PM,.2902
45. DBGPWR_ON,Fixture,sendCommand,NOT SET,,,,0
45. DBGPWR_ON,Dut,sendCommand,PASS,,Nov 15 2019 7:40:05.2480 PM,Nov 15 2019 7:40:05.2860 PM,.0381
46. WIFI,Dut,sendCommand,PASS,,Nov 15 2019 7:40:05.2900 PM,Nov 15 2019 7:40:05.6690 PM,.3797
46. WIFI,Dut,sendCommand,PASS,,Nov 15 2019 7:40:05.6710 PM,Nov 15 2019 7:40:05.7120 PM,.041
47. BULETOOTH,Dut,sendCommand,PASS,,Nov 15 2019 7:40:05.7150 PM,Nov 15 2019 7:40:06.0640 PM,.3483
47. BULETOOTH,Dut,sendCommand,PASS,,Nov 15 2019 7:40:06.0650 PM,Nov 15 2019 7:40:06.1730 PM,.1074
47. BULETOOTH,Dut,sendCommand,PASS,,Nov 15 2019 7:40:06.1740 PM,Nov 15 2019 7:40:06.2240 PM,.05
48. STOCKHOLM,Dut,sendCommand,PASS,,Nov 15 2019 7:40:06.2280 PM,Nov 15 2019 7:40:06.5390 PM,.3106
48. STOCKHOLM,Dut,sendCommand,PASS,,Nov 15 2019 7:40:06.5400 PM,Nov 15 2019 7:40:06.5790 PM,.0384
48. STOCKHOLM,Dut,sendCommand,PASS,,Nov 15 2019 7:40:06.5800 PM,Nov 15 2019 7:40:06.6260 PM,.0451
48. STOCKHOLM,Dut,sendCommand,PASS,,Nov 15 2019 7:40:06.6270 PM,Nov 15 2019 7:40:06.6740 PM,.0465
48. STOCKHOLM,Dut,sendCommand,PASS,,Nov 15 2019 7:40:06.6750 PM,Nov 15 2019 7:40:06.7170 PM,.0421
48. STOCKHOLM,Dut,sendCommand,PASS,,Nov 15 2019 7:40:06.7190 PM,Nov 15 2019 7:40:06.7660 PM,.0468
48. STOCKHOLM,Dut,sendCommand,PASS,,Nov 15 2019 7:40:06.7680 PM,Nov 15 2019 7:40:07.3730 PM,.6049
48. STOCKHOLM,Dut,sendCommand,PASS,,Nov 15 2019 7:40:07.3740 PM,Nov 15 2019 7:40:08.9060 PM,1.5317
48. STOCKHOLM,Dut,sendCommand,PASS,,Nov 15 2019 7:40:08.9080 PM,Nov 15 2019 7:40:08.9380 PM,.0303
48. STOCKHOLM,Dut,sendCommand,PASS,,Nov 15 2019 7:40:08.9400 PM,Nov 15 2019 7:40:08.9760 PM,.0364
48. STOCKHOLM,Dut,sendCommand,PASS,,Nov 15 2019 7:40:08.9780 PM,Nov 15 2019 7:40:09.0080 PM,.0303
48. STOCKHOLM,Dut,sendCommand,PASS,,Nov 15 2019 7:40:09.0100 PM,Nov 15 2019 7:40:09.0400 PM,.0301
48. STOCKHOLM,Dut,sendCommand,PASS,,Nov 15 2019 7:40:09.0420 PM,Nov 15 2019 7:40:09.0720 PM,.0304
49. GERMANIUM_BASEBAND_VINYL,Dut,sendCommand,PASS,,Nov 15 2019 7:40:09.0770 PM,Nov 15 2019 7:40:13.0300 PM,3.953
49. GERMANIUM_BASEBAND_VINYL,Dut,sendCommand,PASS,,Nov 15 2019 7:40:13.0320 PM,Nov 15 2019 7:40:13.1150 PM,.0828
49. GERMANIUM_BASEBAND_VINYL,Dut,sendCommand,PASS,,Nov 15 2019 7:40:13.1160 PM,Nov 15 2019 7:40:13.5090 PM,.3926
50. GRAPE_TEST,Dut,sendCommand,PASS,,Nov 15 2019 7:40:13.5130 PM,Nov 15 2019 7:40:13.6190 PM,.1062
50. GRAPE_TEST,Dut,sendCommand,PASS,,Nov 15 2019 7:40:13.6220 PM,Nov 15 2019 7:40:13.7460 PM,.1237
50. GRAPE_TEST,Dut,sendCommand,PASS,,Nov 15 2019 7:40:13.7470 PM,Nov 15 2019 7:40:13.7910 PM,.0432
51. ALS_TEST,Dut,sendCommand,PASS,,Nov 15 2019 7:40:13.7960 PM,Nov 15 2019 7:40:13.8430 PM,.047
51. ALS_TEST,Dut,sendCommand,PASS,,Nov 15 2019 7:40:13.8460 PM,Nov 15 2019 7:40:14.1310 PM,.2851
51. ALS_TEST,Dut,sendCommand,PASS,,Nov 15 2019 7:40:14.1330 PM,Nov 15 2019 7:40:14.1630 PM,.0305
51. ALS_TEST,Dut,sendCommand,PASS,,Nov 15 2019 7:40:14.1650 PM,Nov 15 2019 7:40:14.1950 PM,.0305
51. ALS_TEST,Dut,sendCommand,PASS,,Nov 15 2019 7:40:14.1970 PM,Nov 15 2019 7:40:14.2350 PM,.0383
51. ALS_TEST,Dut,sendCommand,PASS,,Nov 15 2019 7:40:14.2370 PM,Nov 15 2019 7:40:14.3200 PM,.0833
51. ALS_TEST,Dut,sendCommand,PASS,,Nov 15 2019 7:40:14.3240 PM,Nov 15 2019 7:40:14.3710 PM,.0465
51. ALS_TEST,Dut,sendCommand,PASS,,Nov 15 2019 7:40:14.3730 PM,Nov 15 2019 7:40:14.4320 PM,.0583
51. ALS_TEST,Dut,sendCommand,PASS,,Nov 15 2019 7:40:14.4330 PM,Nov 15 2019 7:40:15.2920 PM,.8583
51. ALS_TEST,Dut,sendCommand,PASS,,Nov 15 2019 7:40:15.2940 PM,Nov 15 2019 7:40:15.5300 PM,.2368
51. ALS_TEST,Dut,sendCommand,PASS,,Nov 15 2019 7:40:15.5320 PM,Nov 15 2019 7:40:16.3760 PM,.844
51. ALS_TEST,Dut,sendCommand,PASS,,Nov 15 2019 7:40:16.3790 PM,Nov 15 2019 7:40:16.8390 PM,.4603
51. ALS_TEST,Dut,sendCommand,PASS,,Nov 15 2019 7:40:16.8400 PM,Nov 15 2019 7:40:16.8830 PM,.0423
52. DISPLAY_TEST,Dut,sendCommand,PASS,,Nov 15 2019 7:40:16.8880 PM,Nov 15 2019 7:40:17.1860 PM,.2985
52. DISPLAY_TEST,Dut,sendCommand,PASS,,Nov 15 2019 7:40:17.1880 PM,Nov 15 2019 7:40:17.2340 PM,.0463
52. DISPLAY_TEST,Dut,sendCommand,PASS,,Nov 15 2019 7:40:17.2360 PM,Nov 15 2019 7:40:17.2660 PM,.0309
52. DISPLAY_TEST,Dut,sendCommand,PASS,,Nov 15 2019 7:40:17.2680 PM,Nov 15 2019 7:40:17.3070 PM,.0389
52. DISPLAY_TEST,Dut,sendCommand,PASS,,Nov 15 2019 7:40:17.3090 PM,Nov 15 2019 7:40:17.3390 PM,.0304
52. DISPLAY_TEST,Dut,sendCommand,PASS,,Nov 15 2019 7:40:17.3410 PM,Nov 15 2019 7:40:19.3680 PM,2.0271
52. DISPLAY_TEST,Dut,sendCommand,PASS,,Nov 15 2019 7:40:19.3700 PM,Nov 15 2019 7:40:19.4320 PM,.0619
52. DISPLAY_TEST,Dut,sendCommand,PASS,,Nov 15 2019 7:40:19.4330 PM,Nov 15 2019 7:40:21.4600 PM,2.0267
52. DISPLAY_TEST,Dut,sendCommand,PASS,,Nov 15 2019 7:40:21.4620 PM,Nov 15 2019 7:40:21.5030 PM,.0414
52. DISPLAY_TEST,Dut,sendCommand,PASS,,Nov 15 2019 7:40:21.5050 PM,Nov 15 2019 7:40:21.7580 PM,.253
52. DISPLAY_TEST,Dut,sendCommand,PASS,,Nov 15 2019 7:40:21.7600 PM,Nov 15 2019 7:40:21.8650 PM,.1045
52. DISPLAY_TEST,Dut,sendCommand,PASS,,Nov 15 2019 7:40:21.8670 PM,Nov 15 2019 7:40:22.2640 PM,.397
53. END_QUIESCE_SYSTEM,Dut,sendCommand,PASS,,Nov 15 2019 7:40:22.2690 PM,Nov 15 2019 7:40:22.3050 PM,.036
54. QUERY_SFC_WRITE_SYSCFG_2,Dut,sendCommand,PASS,,Nov 15 2019 7:40:22.3090 PM,Nov 15 2019 7:40:22.3710 PM,.0618
54. QUERY_SFC_WRITE_SYSCFG_2,Dut,sendCommand,PASS,,Nov 15 2019 7:40:22.3720 PM,Nov 15 2019 7:40:22.4230 PM,.0514
54. QUERY_SFC_WRITE_SYSCFG_2,Dut,sendCommand,PASS,,Nov 15 2019 7:40:22.4270 PM,Nov 15 2019 7:40:22.5190 PM,.0929
54. QUERY_SFC_WRITE_SYSCFG_2,Dut,sendCommand,PASS,,Nov 15 2019 7:40:22.5210 PM,Nov 15 2019 7:40:22.5640 PM,.0432
54. QUERY_SFC_WRITE_SYSCFG_2,Dut,sendCommand,PASS,,Nov 15 2019 7:40:22.5670 PM,Nov 15 2019 7:40:22.6120 PM,.0456
54. QUERY_SFC_WRITE_SYSCFG_2,Dut,sendCommand,PASS,,Nov 15 2019 7:40:22.6140 PM,Nov 15 2019 7:40:22.6600 PM,.0465
54. QUERY_SFC_WRITE_SYSCFG_2,Dut,sendCommand,PASS,,Nov 15 2019 7:40:22.6630 PM,Nov 15 2019 7:40:22.7080 PM,.0454
54. QUERY_SFC_WRITE_SYSCFG_2,Dut,sendCommand,PASS,,Nov 15 2019 7:40:22.7100 PM,Nov 15 2019 7:40:22.7550 PM,.0453
54. QUERY_SFC_WRITE_SYSCFG_2,Dut,sendCommand,PASS,,Nov 15 2019 7:40:22.7580 PM,Nov 15 2019 7:40:22.8030 PM,.0453
54. QUERY_SFC_WRITE_SYSCFG_2,Dut,sendCommand,PASS,,Nov 15 2019 7:40:22.8040 PM,Nov 15 2019 7:40:22.8510 PM,.0466
54. QUERY_SFC_WRITE_SYSCFG_2,Dut,sendCommand,PASS,,Nov 15 2019 7:40:22.8540 PM,Nov 15 2019 7:40:22.8990 PM,.0453
54. QUERY_SFC_WRITE_SYSCFG_2,Dut,sendCommand,PASS,,Nov 15 2019 7:40:22.9000 PM,Nov 15 2019 7:40:22.9470 PM,.0464
54. QUERY_SFC_WRITE_SYSCFG_2,Dut,sendCommand,PASS,,Nov 15 2019 7:40:22.9490 PM,Nov 15 2019 7:40:22.9950 PM,.0453
54. QUERY_SFC_WRITE_SYSCFG_2,Dut,sendCommand,PASS,,Nov 15 2019 7:40:22.9960 PM,Nov 15 2019 7:40:23.0430 PM,.0465
55. BATTERY_PROPERTIES,Dut,sendCommand,PASS,,Nov 15 2019 7:40:23.0480 PM,Nov 15 2019 7:40:23.1070 PM,.0583
55. BATTERY_PROPERTIES,Dut,sendCommand,PASS,,Nov 15 2019 7:40:23.1080 PM,Nov 15 2019 7:40:23.2980 PM,.1898
55. BATTERY_PROPERTIES,Dut,sendCommand,PASS,,Nov 15 2019 7:40:23.3000 PM,Nov 15 2019 7:40:24.3290 PM,1.0292
55. BATTERY_PROPERTIES,Dut,sendCommand,PASS,,Nov 15 2019 7:40:24.3310 PM,Nov 15 2019 7:40:24.6650 PM,.3341
55. BATTERY_PROPERTIES,Dut,sendCommand,PASS,,Nov 15 2019 7:40:24.6670 PM,Nov 15 2019 7:40:25.3500 PM,.6825
55. BATTERY_PROPERTIES,Dut,sendCommand,PASS,,Nov 15 2019 7:40:25.3520 PM,Nov 15 2019 7:40:25.5330 PM,.1817
55. BATTERY_PROPERTIES,Dut,sendCommand,PASS,,Nov 15 2019 7:40:25.5350 PM,Nov 15 2019 7:40:25.7040 PM,.169
55. BATTERY_PROPERTIES,Dut,sendCommand,PASS,,Nov 15 2019 7:40:25.7060 PM,Nov 15 2019 7:40:26.5120 PM,.8058
55. BATTERY_PROPERTIES,Dut,sendCommand,PASS,,Nov 15 2019 7:40:26.5150 PM,Nov 15 2019 7:40:26.6980 PM,.1831
56. MAGNETITE_RESET,Dut,sendCommand,PASS,,Nov 15 2019 7:40:26.7080 PM,Nov 15 2019 7:40:26.7530 PM,.0455
,Dut,close,PASS,,Nov 15 2019 7:40:26.7570 PM,Nov 15 2019 7:40:26.7570 PM,.0004
Copy Log,RunCommand,RunCommandWithParameter,PASS,,Nov 15 2019 7:40:26.7640 PM,Nov 15 2019 7:40:26.7770 PM,.0126
Copy Log,RunCommand,RunCommandWithParameter,PASS,,Nov 15 2019 7:40:26.7790 PM,Nov 15 2019 7:40:26.7920 PM,.0131
Copy Log,RunCommand,RunCommandWithParameter,PASS,,Nov 15 2019 7:40:26.7930 PM,Nov 15 2019 7:40:26.8070 PM,.0138
Copy Log,RunCommand,RunCommandWithParameter,PASS,,Nov 15 2019 7:40:26.8090 PM,Nov 15 2019 7:40:26.8250 PM,.0164
Copy Log,RunCommand,RunCommandWithParameter,PASS,,Nov 15 2019 7:40:26.8270 PM,Nov 15 2019 7:40:26.8440 PM,.0162
Copy Log,RunCommand,RunCommandWithParameter,PASS,,Nov 15 2019 7:40:26.8450 PM,Nov 15 2019 7:40:26.8610 PM,.0159
Copy Log,DRCB,addBlob,PASS,,Nov 15 2019 7:40:26.8630 PM,Nov 15 2019 7:40:26.8640 PM,.0002
57. END_CONTROLBIT,DRCB,finish,PASS,,Nov 15 2019 7:40:26.8720 PM,Nov 15 2019 7:40:27.1670 PM,.2946
,Dut,open,PASS,,Nov 15 2019 7:40:27.1700 PM,Nov 15 2019 7:40:27.2360 PM,.0663
58. UNIT STANDBY,Dut,sendCommand,PASS,,Nov 15 2019 7:40:27.2400 PM,Nov 15 2019 7:40:27.3450 PM,.1056
,Dut,close,PASS,,Nov 15 2019 7:40:27.3520 PM,Nov 15 2019 7:40:27.3520 PM,.0004
