group,name,units,upperLimit,lowerLimit,relaxedUpperLimit,relaxedLowerLimit
,SOC_PROP_FUSE_REV,NA,,1,,
,Check battery percentage,NA,,10,,
,BATTERY_DSG_CURRENT_MAX_INIT,mA,0,-1500,,
,INIT_DBGPWR_ON_PMUADC_READ_ICH,mA,260.13,0,,
,INIT_DBGPWR_ON_PMUADC_READ_ICH,mA,337.272,0,,
,SENSOR_LISA_BONN_CHIP_ID,NA,,,,
,LISA_FORWARD_PD0_LIGHT_MAX,"Counts",4000,0.01,,
,LISA_FORWARD_PD1_LIGHT_MAX,"Counts",4000,0.01,,
,LISA_FORWARD_PD2_LIGHT_MAX,"Counts",4000,0.01,,
,LISA_FORWARD_PD3_LIGHT_MAX,"Counts",4000,0.01,,
,LISA_FORWARD_PD4_LIGHT_MAX,"Counts",4000,0.01,,
,LISA_FORWARD_PD5_LIGHT_MAX,"Counts",4000,0.01,,
,LISA_FORWARD_PD6_LIGHT_MAX,"Counts",4000,0.01,,
,LISA_FORWARD_PD7_LIGHT_MAX,"Counts",4000,0.01,,
,LISA_FORWARD_PD0_SPAN,"Counts",3500,500,,
,LISA_FORWARD_PD1_SPAN,"Counts",3500,500,,
,LISA_FORWARD_PD2_SPAN,"Counts",3500,500,,
,LISA_FORWARD_PD3_SPAN,"Counts",3500,500,,
,LISA_FORWARD_PD4_SPAN,"Counts",3500,500,,
,LISA_FORWARD_PD5_SPAN,"Counts",3500,500,,
,LISA_FORWARD_PD6_SPAN,"Counts",3500,500,,
,LISA_FORWARD_PD7_SPAN,"Counts",3500,500,,
,LISA_FORWARD_PD_SPAN_MAX,NA,,,,
,LISA_FORWARD_PD_SPAN_MIN,NA,,,,
,LISA_FORWARD_SPAN_RATIO,NA,,0.60,,
,LISA_FORWARD_PD0_DARK_PEAK2PEAK,"Counts",54,0.01,,
,LISA_FORWARD_PD1_DARK_PEAK2PEAK,"Counts",54,0.01,,
,LISA_FORWARD_PD2_DARK_PEAK2PEAK,"Counts",54,0.01,,
,LISA_FORWARD_PD3_DARK_PEAK2PEAK,"Counts",54,0.01,,
,LISA_FORWARD_PD4_DARK_PEAK2PEAK,"Counts",54,0.01,,
,LISA_FORWARD_PD5_DARK_PEAK2PEAK,"Counts",54,0.01,,
,LISA_FORWARD_PD6_DARK_PEAK2PEAK,"Counts",54,0.01,,
,LISA_FORWARD_PD7_DARK_PEAK2PEAK,"Counts",54,0.01,,
,LISA_FORWARD_PD0_LIGHT_PEAK2PEAK,"Counts",4000,0.01,,
,LISA_FORWARD_PD1_LIGHT_PEAK2PEAK,"Counts",4000,0.01,,
,LISA_FORWARD_PD2_LIGHT_PEAK2PEAK,"Counts",4000,0.01,,
,LISA_FORWARD_PD3_LIGHT_PEAK2PEAK,"Counts",4000,0.01,,
,LISA_FORWARD_PD4_LIGHT_PEAK2PEAK,"Counts",4000,0.01,,
,LISA_FORWARD_PD5_LIGHT_PEAK2PEAK,"Counts",4000,0.01,,
,LISA_FORWARD_PD6_LIGHT_PEAK2PEAK,"Counts",4000,0.01,,
,LISA_FORWARD_PD7_LIGHT_PEAK2PEAK,"Counts",4000,0.01,,
,LISA_FORWARD_PD0_DARK_AVG,NA,200,0.1,,
,LISA_FORWARD_PD1_DARK_AVG,NA,200,0.1,,
,LISA_FORWARD_PD2_DARK_AVG,NA,200,0.1,,
,LISA_FORWARD_PD3_DARK_AVG,NA,200,0.1,,
,LISA_FORWARD_PD4_DARK_AVG,NA,200,0.1,,
,LISA_FORWARD_PD5_DARK_AVG,NA,200,0.1,,
,LISA_FORWARD_PD6_DARK_AVG,NA,200,0.1,,
,LISA_FORWARD_PD7_DARK_AVG,NA,200,0.1,,
,LISA_FORWARD_PD0_DARK_STD,"Counts",10,0.01,,
,LISA_FORWARD_PD1_DARK_STD,"Counts",10,0.01,,
,LISA_FORWARD_PD2_DARK_STD,"Counts",10,0.01,,
,LISA_FORWARD_PD3_DARK_STD,"Counts",10,0.01,,
,LISA_FORWARD_PD4_DARK_STD,"Counts",10,0.01,,
,LISA_FORWARD_PD5_DARK_STD,"Counts",10,0.01,,
,LISA_FORWARD_PD6_DARK_STD,"Counts",10,0.01,,
,LISA_FORWARD_PD7_DARK_STD,"Counts",10,0.01,,
,LISA_FORWARD_DRX,NA,3.08,1,,
,INIT_GG_CHARGE_PERCENTAGE,NA,100,10,,
,INIT_GG_TEMPERATURE,C,45,15,,
,INIT_GG_VOLTAGE,mV,4360,3000,,
,INIT_GG_VOLTAGE,mV,4450,3000,,
,INIT_GG_REMAINING_CAPACITY,mAh,287,16.4,,
,INIT_GG_REMAINING_CAPACITY,mAh,330,25,,
,INIT_GG_NOMINAL_CAPACITY,mAh,286,208,,
,INIT_GG_NOMINAL_CAPACITY,mAh,341,252,,
,INIT_GG_CURRENT,mA,75,0,,
,INIT_GG_CURRENT,mA,0,-120,,
,INIT_GG_CYCLE_COUNT,NA,10,0,,
,PMUADC_TEMP_NTC2,NA,15000,3300,,
,PMUADC_TEMP_NTC4,NA,15000,3300,,
,INIT_PMUADC_VDDOUT,mV,4750,3500,,
,INIT_PMUADC_VBAT,mV,4750,3500,,
,INIT_PMUADC_DIE_TEMP,C,50,15,,
,INIT_PMUADC_TCAL,C,120,60,,
,INIT_PMUADC_TBAT,ohm,15000,3300,,
,INIT_PMUADC_TEMP1,ohm,15000,3300,,
,INIT_PMUADC_TEMP2,ohm,15000,3300,,
,INIT_PMUADC_TEMP3,ohm,15000,3300,,
,INIT_PMUADC_TEMP4,ohm,15000,3300,,
,INIT_PMUADC_TEMP_LDO4,C,60,15,,
,INIT_PMUADC_TEMP_CHG,C,60,15,,
,INIT_PMUADC_TEMP_BUCK0,C,60,15,,
,INIT_PMUADC_TEMP_BUCK1,C,60,15,,
,INIT_PMUADC_TEMP_BUCK2,C,60,15,,
,INIT_PMUADC_TEMP_BUCK3,C,60,15,,
,INIT_PMUADC_TEMP_BUCK4,C,60,15,,
,INIT_PMUADC_TEMP_BUCK5,C,60,15,,
,INIT_PMUADC_TEMP_BUCK6,C,60,15,,
,INIT_PMUADC_TEMP_BUCK7,C,60,15,,
,INIT_PMUADC_TEMP_BUCK8,C,60,15,,
,INIT_PMUADC_TEMP_BUCK9,C,60,15,,
,INIT_PMUADC_TEMP_BUCK10,C,60,15,,
,INIT_PMUADC_TEMP_BUBO,C,60,15,,
,INIT_PMUADC_TJINT,C,50,15,,
,INIT_PMUADC_IBUCK0,mA,14,1,,
,INIT_PMUADC_IBUCK1,mA,22,0.2,,
,INIT_PMUADC_IBUCK2,mA,10,0.2,,
,INIT_PMUADC_IBUCK3,mA,27,0,,
,INIT_PMUADC_IBUCK4,mA,6.5,1,,
,INIT_PMUADC_IBUCK5,mA,30,0,,
,INIT_PMUADC_IBUCK6,mA,10,0,,
,INIT_PMUADC_IBUCK7,mA,20,0,,
,INIT_PMUADC_IBUCK8,mA,20,0,,
,INIT_PMUADC_IBUCK9,mA,5,0,,
,INIT_PMUADC_IBUCK10,mA,5,0,,
,INIT_PMUADC_ICH,mA,260.13,0,,
,INIT_PMUADC_ICH,mA,337.272,0,,
,INIT_PMUADC_BUCK0,mV,733,667,,
,INIT_PMUADC_BUCK1,mV,825.75,761.75,,
,INIT_PMUADC_BUCK2,mV,1129.5,1070.5,,
,INIT_PMUADC_BUCK3,mV,1837.5,1768.5,,
,INIT_CAL_BUCK4_DELTA,mV,30.5,-30.5,,
,INIT_CALC_BUCK5_DELTA,mV,28,-28,,
,INIT_CALC_BUCK6_DELTA,mV,29.5,-29.5,,
,INIT_CALC_BUCK7_DELTA,mV,34,-34,,
,INIT_PMUADC_BUCK8,mV,811,749,,
,INIT_PMUADC_BUCK9,mV,1024.5,975.5,,
,INIT_PMUADC_BUCK10,mV,2259.5,2140.5,,
,INIT_PMUADC_BUBO,mV,3476,3224,,
,INIT_PMUADC_STAT_SW2A,mV,60,-50,,
,INIT_PMUADC_STAT_SW2B,mV,1129.5,1070.5,,
,INIT_PMUADC_STAT_SW3A,mV,60,-50,,
,INIT_PMUADC_STAT_SW3B,mV,60,-50,,
,INIT_PMUADC_STAT_SW3C,mV,1837.5,1768.5,,
,INIT_PMUADC_STAT_SW3D,mV,1837.5,1768.5,,
,INIT_PMUADC_BUBO_SW6,mV,3476,3224,,
,INIT_PMUADC_STAT_SW8,mV,811,749,,
,INIT_CAL_ILDO0_DELTA,mV,22,-22,,
,INIT_PMUADC_LDO1,mV,1852,1748,,
,INIT_PMUADC_LDO2,mV,3076,2924,,
,INIT_PMUADC_LDO3,mV,,2037,,
,INIT_PMUADC_LDO4,mV,3076,2924,,
,INIT_PMUADC_LDO5,mV,60,-50,,
,INIT_PMUADC_LDO6,mV,1852,1748,,
,INIT_PMUADC_LDO7,mV,3076,2924,,
,INIT_PMUADC_LDO8,mV,1954,1846,,
,INIT_PMUADC_LDO9,mV,1856,1744,,
,INIT_PMUADC_LDO10,mV,4750,2900,,
,INIT_PMUADC_LDO11,mV,638,593,,
,INIT_PMUADC_LDO12,mV,622,578,,
,INIT_PMUADC_LDO13,mV,3076,2924,,
,INIT_PMUADC_LDO14,mV,642,520,,
,INIT_PMUADC_VRTC,mV,2566,2434,,
,INIT_PMUADC_CHG_HR,mV,825,0,,
,INIT_PMUADC_CHG_HR_OFF,mV,825,0,,
,INIT_PMUADC_ILDO0,mA,50,0.2,,
,INIT_PMUADC_ILDO1,mA,1,0,,
,INIT_PMUADC_ILDO2,mA,3.5,0,,
,INIT_PMUADC_ILDO3,mA,2,0,,
,INIT_PMUADC_ILDO4,mA,2,0,,
,INIT_PMUADC_ILDO5,mA,0.5,0,,
,INIT_PMUADC_ILDO6,mA,1,0,,
,INIT_PMUADC_ILDO7,mA,1,0,,
,INIT_PMUADC_ILDO8,mA,1,0,,
,INIT_PMUADC_ILDO9,mA,1,0,,
,INIT_PMUADC_ILDO10,mA,2,0,,
,INIT_PMUADC_ILDO11,mA,5,0,,
,INIT_PMUADC_ILDO12,mA,5,0,,
,INIT_PMUADC_ILDO13,mA,1,0,,
,INIT_PMUADC_ILDO14,mA,5,0,,
,INIT_PMUADC_IRTC,mA,0.8,0,,
,INIT_PMUADC_APPMUX_IN2,mV,60,-50,,
,INIT_PMUADC_APPMUX_IN3,mV,4750,3500,,
,INIT_PMUADC_APPMUX_IN6,mV,1420,1280,,
,INIT_PMUADC_APPMUX_SW2,mV,1129.5,1020.5,,
,INIT_PMUADC_APPMUX_SW3,mV,1837.5,1700,,
,INIT_PMUADC_APPMUX_SW4,mV,4750,3500,,
,INIT_PMUADC_APPMUX_SW6,mV,3476,3224,,
,INIT_PMUADC_APPMUX_SW8,mV,811,749,,
,INIT_PMUADC_APPMUX_VBUCK0,mV,733,600,,
,INIT_PMUADC_STAT_APPMUX_VBUCK1,mV,825.75,721.75,,
,INIT_CALC_VBUCK4_DELTA,mV,50,-100,,
,INIT_CALC_VBUCK5_DELTA,mV,50,-100,,
,INIT_CALC_VBUCK6_DELTA,mV,50,-100,,
,INIT_CALC_VBUCK7_DELTA,mV,50,-100,,
,INIT_PMUADC_STAT_APPMUX_VBUCK9,mV,1024.5,930,,
,INIT_PMUADC_STAT_APPMUX_VBUCK10,mV,2259.5,2140.5,,
,INIT_CALC_VLDO0_DELTA,mV,30,-50,,
,INIT_PMUADC_APPMUX_VLDO1,mV,1852,1748,,
,INIT_PMUADC_APPMUX_VLDO2,mV,3076,2924,,
,INIT_PMUADC_APPMUX_VLDO3,mV,2263,1937,,
,INIT_PMUADC_APPMUX_VLDO4,mV,3076,2924,,
,INIT_PMUADC_APPMUX_VLDO5,mV,60,-50,,
,INIT_PMUADC_APPMUX_VLDO6,mV,1852,1748,,
,INIT_PMUADC_APPMUX_VLDO7,mV,3076,2924,,
,INIT_PMUADC_APPMUX_VLDO8,mV,1954,1846,,
,INIT_PMUADC_APPMUX_VLDO9,mV,1856,1744,,
,INIT_PMUADC_APPMUX_VLDO10,mV,4750,3500,,
,INIT_PMUADC_APPMUX_VLDO11,mV,638,550,,
,INIT_PMUADC_APPMUX_VLDO12,mV,622,578,,
,INIT_PMUADC_APPMUX_VLDO13,mV,3076,2924,,
,INIT_PMUADC_APPMUX_VLDO14,mV,642,520,,
,INIT_PMUADC_APPMUX_SW2A_OUT,mV,60,-50,,
,INIT_PMUADC_APPMUX_SW2B_OUT,mV,1129.5,1020.5,,
,INIT_PMUADC_APPMUX_SW3A_OUT,mV,60,-50,,
,INIT_PMUADC_APPMUX_SW3B_OUT,mV,60,-50,,
,INIT_PMUADC_APPMUX_SW3C_OUT,mV,1837.5,1768,,
,INIT_PMUADC_APPMUX_SW3D_OUT,mV,1837.5,1760,,
,INIT_PMUADC_APPMUX_SW6_OUT,mV,3476,3224,,
,INIT_PMUADC_APPMUX_SW8_OUT,mV,811,749,,
,INIT_PMUADC_APPMUX_GPIO1,mV,1900,-50,,
,INIT_PMUADC_APPMUX_GPIO2,mV,1868.75,1600,,
,INIT_PMUADC_APPMUX_GPIO3,mV,60,-50,,
,INIT_PMUADC_APPMUX_GPIO4,mV,1868.75,1690.78,,
,INIT_PMUADC_APPMUX_GPIO5,mV,60,-50,,
,INIT_PMUADC_APPMUX_GPIO6,mV,1900,-50,,
,INIT_PMUADC_APPMUX_GPIO7,mV,1900,-50,,
,INIT_PMUADC_APPMUX_GPIO8,mV,1900,-50,,
,INIT_PMUADC_APPMUX_GPIO9,mV,60,-50,,
,INIT_PMUADC_APPMUX_GPIO10,mV,1900,-50,,
,INIT_PMUADC_APPMUX_GPIO11,mV,1868.75,1690.78,,
,INIT_PMUADC_APPMUX_GPIO12,mV,60,-50,,
,INIT_PMUADC_APPMUX_GPIO13,mV,60,-50,,
,INIT_PMUADC_APPMUX_GPIO14,mV,1868.75,1690.78,,
,INIT_PMUADC_APPMUX_GPIO15,mV,1868.75,1690.78,,
,INIT_PMUADC_APPMUX_GPIO16,mV,1868.75,1690.78,,
,INIT_PMUADC_APPMUX_GPIO17,mV,60,-50,,
,INIT_PMUADC_APPMUX_GPIO19,mV,1868.75,1690.78,,
,INIT_PMUADC_APPMUX_GPIO20,mV,1868.75,1690.78,,
,INIT_PMUADC_APPMUX_GPIO22,mV,60,-50,,
,INIT_PMUADC_APPMUX_GPIO23,mV,60,-50,,
,INIT_PMUADC_APPMUX_GPIO24,mV,1868.75,1690.78,,
,INIT_PMUADC_APPMUX_GPIO25,mV,1900,-50,,
,INIT_PMUADC_APPMUX_GPIO26,mV,1900,-50,,
,LYNX_IBUCK3_DELTA,NA,9,2,,
,CHARGER_ON_PMUADC_READ_ICH,mA,260.13,0,,
,CHARGER_ON_PMUADC_READ_ICH,mA,337.272,0,,
,Combo_LPNM25_PFM_onPUCK_accel_average_x,"g",0.118,-0.118,,
,Combo_LPNM25_PFM_onPUCK_accel_average_y,"g",0.118,-0.118,,
,Combo_LPNM25_PFM_onPUCK_accel_average_z,"g",1.118,0.882,,
,Combo_LPNM25_PFM_onPUCK_accel_average_x_B,"g",0.600,-0.600,,
,Combo_LPNM25_PFM_onPUCK_accel_average_y_B,"g",0.600,-0.600,,
,Combo_LPNM25_PFM_onPUCK_accel_average_z_B,"g",1.600,0.400,,

,Combo_LPNM25_PFM_onPUCK_accel_stdev_x,"g-rms",0.05,0.00001,,
,Combo_LPNM25_PFM_onPUCK_accel_stdev_y,"g-rms",0.05,0.00001,,
,Combo_LPNM25_PFM_onPUCK_accel_stdev_z,"g-rms",0.05,0.00001,,
,Combo_LPNM25_PFM_onPUCK_gyro_average_x,"dps",25,-25,,
,Combo_LPNM25_PFM_onPUCK_gyro_average_y,"dps",25,-25,,
,Combo_LPNM25_PFM_onPUCK_gyro_average_z,"dps",25,-25,,
,Combo_LPNM25_PFM_onPUCK_gyro_stdev_x,"dps-rms",,0.00001,,
,Combo_LPNM25_PFM_onPUCK_gyro_stdev_y,"dps-rms",,0.00001,,
,Combo_LPNM25_PFM_onPUCK_gyro_stdev_z,"dps-rms",,0.00001,,

,Combo_LPNM25_PFM_onPUCK_gyro_odr,"Hz",880,720,,
,Combo_LPNM25_PFM_onPUCK_gyro_odr_N,"Hz",220,180,,

IMU,Combo_LPNM25_PFM_onPUCK_gyro_temp,"C",,5,,
,IN_PR_odr,NA,32.5,22.5,,
,IN_PR_press_average,kPa,110,90,,
,IN_PR_temp_average,C,45,15,,
,IN_PR_temp_std,C.rms,0.175,0,,
,IN_PR_press_max,kPa,110,90,,
,IN_PR_press_min,C,110,90,,
,FR_Potassium_bad_sample,NA,0,0,,
,IN_PR_press_std,kPa.rms,4.5,0.001,,
,IN_PR_range,Pa,200,0.001,,
,INIT_ARDMORE_PMUADC_BUCK3_SW3A,mV,1810,1770,,
,INIT_ARDMORE_PMUADC_LDO6,mV,1850,1750,,
,INIT_ARDMORE_PMUADC_APPMUX_IN2,mV,2750,2400,,
,INIT_ARDMORE_PMUADC_VDDOUT,mV,5000,3500,,
,INIT_ARDMORE_PMUADC_IBUCK3,mA,22,3,,
,INIT_ARDMORE_PMUADC_ILDO6,mA,15,0,,
,SPEAKER Impedance Value,Ohms,16,8,,
,X1013_DCS_LON_SIG_AVG_HR00,NA,,20000,,
,X1013_DCS_LON_SIG_AVGG_HR10,NA,,20000,,
,X1013_DCS_LON_SIG_AVGG_HR20,NA,,20000,,
,X1013_DCS_LON_SIG_AVGG_HR30,NA,,20000,,
,X1013_DCS_LON_SIG_AVGG_HR40,NA,,20000,,
,X1013_DCS_LON_SIG_AVGG_HR50,NA,,20000,,
,X1013_DCS_LON_SIG_AVGG_HR01,NA,,20000,,
,X1013_DCS_LON_SIG_AVGG_HR11,NA,,20000,,
,X1013_DCS_LON_SIG_AVGG_HR21,NA,,20000,,
,X1013_DCS_LON_SIG_AVGG_HR31,NA,,20000,,
,X1013_DCS_LON_SIG_AVGG_HR41,NA,,20000,,
,X1013_DCS_LON_SIG_AVGG_HR51,NA,,20000,,
,BATTERY_TEMP_MIN_START,C,30,-10,,
,BATTERY_TEMP_MAX_START,C,57,20,,
,BATTERY_VOLTAGE_MIN_START,mV,3910,2340,,
,BATTERY_VOLTAGE_MAX_START,mV,4460,2345,,
,BATTERY_DSG_CURRENT_MAX_START,NA,0,-1500,,
,Parse Magnetite Rev ID,NA,,,,
,MAGNETITE_1INIT_FW_VERSION,NA,,,,
,MAGNETITE_1INIT_DIE_TEMP,C,,,,
,GG_2PRE_TEMPERATURE,C,,,,
,GG_2PRE_VOLTAGE,mV,,,,
,GG_2PRE_REMAINING_CAPACITY,mAh,341,9.35,,
,GG_2PRE_CURRENT,mA,0,-100,,
,GG_2PRE_CHARGE_PERCENTAGE,NA,,,,
,MAGNETITE_2PRE_DIE_TEMP,C,,,,
,MAGNETITE_2PRE_ILOAD,mA,0.130,0.100,,
,MAX_MV_PP_1,mV,870,25,,
,FREQUENCY_1,Hz,331500,321500,,
,MAGNETITE_3POST_FW_VERSION,NA,,,,
,MAGNETITE_3POST_DIE_TEMP,C,,,,
,MAGNETITE_3POST_ILOAD,mA,0.130,0.100,,
,GG_3POST_TEMPERATURE,C,,,,
,GG_3POST_VOLTAGE,mV,,,,
,GG_3POST_REMAINING_CAPACITY,mAh,341,9.35,,
,GG_3POST_CURRENT,mA,0,-100,,
,GG_3POST_CHARGE_PERCENTAGE,NA,,,,
,MAGNETITE_VBAT_SNS,mV,4500,2600,,
,MAGNETITE_PP1V8,mV,2000,1600,,
,MAGNETITE_HEADROOM,mV,300,0,,
,MAGNETITE_GPIO1,mV,1400,0,,
,MAGNETITE_GPIO3,mV,1400,0,,
,MAGNETITE_GPIO4,mV,,,,
,CHARGE_TEST_INIT_PMUADC_READ_ICH_S,NA,260.13,,,
,CHARGE_TEST_INIT_PMUADC_READ_ICH_B,NA,337.272,,,
,CHARGE_TEST_INIT_GG_TEMPERATURE,C,45,15,,
,CHARGE_TEST_INIT_GG_VOLTAGE,mV,4450,3000,,
,CHARGE_TEST_INIT_GG_NOMINAL_CAPACITY,mAh,286,208,,
,CHARGE_TEST_INIT_GG_NOMINAL_CAPACITY,mAh,341,252,,
,CHARGE_TEST_INIT_GG_REMAINING_CAPACITY,mAh,287,16.4,,
,CHARGE_TEST_INIT_GG_REMAINING_CAPACITY,mAh,330,25,,
,CHARGE_TEST_INIT_GG_CURRENT_SM,mA,260.13,,,
,CHARGE_TEST_INIT_GG_CURRENT_LG,mA,337.272,,,
,CHARGE_TEST_INIT_GG_CHARGE_PERCENTAGE,NA,100,10,,
,CHARGE_TEST_INIT_GG_CYCLE_COUNT,NA,10,0,,
,CONNTEST_STOCKHOLM_TO_PMU_WAKE_DRIVE_HIGH,mV,1900,1650,,
,CONNTEST_STOCKHOLM_TO_PMU_WAKE_DRIVE_LOW,mV,100,-50,,
,SENSOR_ALS_AVERAGE_IR,NA,500,0,,
,SENSOR_ALS_AVERAGE_CLEAR,NA,5000,1,,
,SENSOR_DISPON_ALS_AVERAGE_IR,NA,500,0,,
,SENSOR_DISPON_ALS_AVERAGE_CLEAR,NA,5000,1,,
,iBATT_FOR_DISPLAY_MIPI_PWRDN_CAL,mA,90,20,,
,iBATT_FOR_DISPLAY_MIPI_PWRDN_CAL,mA,60,25,,
,iBATT_FOR_DISPLAY_ON_BLVL_600,mA,95,20,,
,iBATT_FOR_DISPLAY_ON_BLVL_600,mA,65,25,,
,DISPLAY_ON_PMUADC_SW2A,mV,1129.5,1070.5,,
,DISPLAY_ON_PMUADC_SW3B,mV,1820,1770,,
,DISPLAY_ON_PMUADC_LDO5,mV,3040,2930,,
,DISPLAY_ON_PMUADC_ILDO5,mA,0.5,0,,
,DISPLAY_ISENSE_VOLTAGE_LARGE_LGD,mV,2215,1125,,
,DISPLAY_ISENSE_VOLTAGE_LARGE_JDI,mV,1545,990,,
,DISPLAY_ISENSE_VOLTAGE_LARGE,mV,2215,990,,
,DISPLAY_ISENSE_VOLTAGE_SM,mV,1515,995,,
,BATTERY_DSG_CURRENT_MAX_END,mA,0,-1500,,
,BATTERY_TEMP_MIN_END,C,,-10,,
,BATTERY_TEMP_MAX_END,C,60,20,,
,BATTERY_VOLTAGE_MIN_END,mV,3910,2340,,
,BATTERY_VOLTAGE_MAX_END,mV,4460,2345,,
,BATTERY_RESISTANCE_MAX,NA,32767,-32768,,
,BATTERY_RESISTANCE_MIN,NA,32767,-32768,,
,ALERT_IMPEDANCE_LG_20Hz,Ohm,20,8,,
,ALERT_IMPEDANCE_SM_20Hz,Ohm,16,6,,
,ALERT_HALL_X_SM_20Hz,Counts,250,-250,,
,ALERT_HALL_X_LG_20Hz,Counts,325,-325,,
,ALERT_HALL_IMPEDANCE_20Hz,Ohm,900,600,,
,ALERT_HALL_X_PK_MAG_20Hz,cts,450,100,,
,ALERT_HALL_X_FREQ_20Hz,Hz,25,15,,
,GAUSS_METER_Bx,GAUs,100,-100,,
,GAUSS_METER_Bx,GAUs,100,-100,,
,GAUSS_METER_By,GAUs,10000,0,,
,GAUSS_METER_By,GAUs,10000,0,,
,GAUSS_METER_Bz,GAUs,100,-100,,
,GAUSS_METER_Bz,GAUs,100,-100,,
,GAUSS_METER_B,GAUs,600,200,,
,GAUSS_METER_B,GAUs,600,200,,
,GAUSS_METER_B,GAUs,600,250,,
,LISA_NOROTATE_PD0_DARK_AVG,NA,200,0.01,,
,LISA_NOROTATE_PD1_DARK_AVG,NA,200,0.01,,
,LISA_NOROTATE_PD2_DARK_AVG,NA,200,0.01,,
,LISA_NOROTATE_PD3_DARK_AVG,NA,200,0.01,,
,LISA_NOROTATE_PD4_DARK_AVG,NA,200,0.01,,
,LISA_NOROTATE_PD5_DARK_AVG,NA,200,0.01,,
,LISA_NOROTATE_PD6_DARK_AVG,NA,200,0.01,,
,LISA_NOROTATE_PD7_DARK_AVG,NA,200,0.01,,
,LISA_NOROTATE_PD0_LIGHT_MAX,NA,4000,0.01,,
,LISA_NOROTATE_PD1_LIGHT_MAX,NA,4000,0.01,,
,LISA_NOROTATE_PD2_LIGHT_MAX,NA,4000,0.01,,
,LISA_NOROTATE_PD3_LIGHT_MAX,NA,4000,0.01,,
,LISA_NOROTATE_PD4_LIGHT_MAX,NA,4000,0.01,,
,LISA_NOROTATE_PD5_LIGHT_MAX,NA,4000,0.01,,
,LISA_NOROTATE_PD6_LIGHT_MAX,NA,4000,0.01,,
,LISA_NOROTATE_PD7_LIGHT_MAX,NA,4000,0.01,,
,LISA_NOROTATE_PD0_DARK_PEAK2PEAK,NA,54,0.01,,
,LISA_NOROTATE_PD1_DARK_PEAK2PEAK,NA,54,0.01,,
,LISA_NOROTATE_PD2_DARK_PEAK2PEAK,NA,54,0.01,,
,LISA_NOROTATE_PD3_DARK_PEAK2PEAK,NA,54,0.01,,
,LISA_NOROTATE_PD4_DARK_PEAK2PEAK,NA,54,0.01,,
,LISA_NOROTATE_PD5_DARK_PEAK2PEAK,NA,54,0.01,,
,LISA_NOROTATE_PD6_DARK_PEAK2PEAK,NA,54,0.01,,
,LISA_NOROTATE_PD7_DARK_PEAK2PEAK,NA,54,0.01,,
,LISA_NOROTATE_PD0_LIGHT_PEAK2PEAK,NA,58,0.01,,
,LISA_NOROTATE_PD1_LIGHT_PEAK2PEAK,NA,58,0.01,,
,LISA_NOROTATE_PD2_LIGHT_PEAK2PEAK,NA,58,0.01,,
,LISA_NOROTATE_PD3_LIGHT_PEAK2PEAK,NA,58,0.01,,
,LISA_NOROTATE_PD4_LIGHT_PEAK2PEAK,NA,58,0.01,,
,LISA_NOROTATE_PD5_LIGHT_PEAK2PEAK,NA,58,0.01,,
,LISA_NOROTATE_PD6_LIGHT_PEAK2PEAK,NA,58,0.01,,
,LISA_NOROTATE_PD7_LIGHT_PEAK2PEAK,NA,58,0.01,,
,LISA_NOROTATE_PD0_DARK_STD,NA,10,0.01,,
,LISA_NOROTATE_PD1_DARK_STD,NA,10,0.01,,
,LISA_NOROTATE_PD2_DARK_STD,NA,10,0.01,,
,LISA_NOROTATE_PD3_DARK_STD,NA,10,0.01,,
,LISA_NOROTATE_PD4_DARK_STD,NA,10,0.01,,
,LISA_NOROTATE_PD5_DARK_STD,NA,10,0.01,,
,LISA_NOROTATE_PD6_DARK_STD,NA,10,0.01,,
,LISA_NOROTATE_PD7_DARK_STD,NA,10,0.01,,
,LISA_NOROTATE_PD0_LIGHT_STD,NA,12,0.01,,
,LISA_NOROTATE_PD1_LIGHT_STD,NA,12,0.01,,
,LISA_NOROTATE_PD2_LIGHT_STD,NA,12,0.01,,
,LISA_NOROTATE_PD3_LIGHT_STD,NA,12,0.01,,
,LISA_NOROTATE_PD4_LIGHT_STD,NA,12,0.01,,
,LISA_NOROTATE_PD5_LIGHT_STD,NA,12,0.01,,
,LISA_NOROTATE_PD6_LIGHT_STD,NA,12,0.01,,
,LISA_NOROTATE_PD7_LIGHT_STD,NA,12,0.01,,
,LISA_NOROTATE_PD0_LEDDC_FIRST,NA,,200,,
,LISA_NOROTATE_PD0_LEDDC_SECOND,NA,,200,,
,LISA_NOROTATE_PD0_LEDDC_PCTSETTLED,NA,,80,,
,LISA_NOROTATE_PD1_LEDDC_FIRST,NA,,200,,
,LISA_NOROTATE_PD1_LEDDC_SECOND,NA,,200,,
,LISA_NOROTATE_PD1_LEDDC_PCTSETTLED,NA,,80,,
,LISA_NOROTATE_PD2_LEDDC_FIRST,NA,,200,,
,LISA_NOROTATE_PD2_LEDDC_SECOND,NA,,200,,
,LISA_NOROTATE_PD2_LEDDC_PCTSETTLED,NA,,80,,
,LISA_NOROTATE_PD3_LEDDC_FIRST,NA,,200,,
,LISA_NOROTATE_PD3_LEDDC_SECOND,NA,,200,,
,LISA_NOROTATE_PD3_LEDDC_PCTSETTLED,NA,,80,,
,LISA_NOROTATE_PD4_LEDDC_FIRST,NA,,200,,
,LISA_NOROTATE_PD4_LEDDC_SECOND,NA,,200,,
,LISA_NOROTATE_PD4_LEDDC_PCTSETTLED,NA,,80,,
,LISA_NOROTATE_PD5_LEDDC_FIRST,NA,,200,,
,LISA_NOROTATE_PD5_LEDDC_SECOND,NA,,200,,
,LISA_NOROTATE_PD5_LEDDC_PCTSETTLED,NA,,80,,
,LISA_NOROTATE_PD6_LEDDC_FIRST,NA,,200,,
,LISA_NOROTATE_PD6_LEDDC_SECOND,NA,,200,,
,LISA_NOROTATE_PD6_LEDDC_PCTSETTLED,NA,,80,,
,LISA_NOROTATE_PD7_LEDDC_FIRST,NA,,200,,
,LISA_NOROTATE_PD7_LEDDC_SECOND,NA,,200,,
,LISA_NOROTATE_PD7_LEDDC_PCTSETTLED,NA,,80,,

,ALERT_VMON_FREQ_1000Hz,HZ,1100,900,,
,ALERT_IMON_FREQ_1000Hz,HZ,1100,900,,
,ALERT_VMON_THDN_1000Hz,dB,-53,-80,,
,ALERT_IMON_THDN_1000Hz,dB,-41,-80,,
,ALERT_VMON_PK_MAG_1000Hz,V,5.0,3.0,,
,ALERT_IMON_PK_MAG_1000Hz,A,0.5,0.2,,
,ALERT_TRACE_IMPEDANCE_1000Hz,NA,1.125,0.2,,
,ALERT_VMON_DC_MAG_1000Hz,V,0.033,-0.033,,
,ALERT_IMON_DC_MAG_1000Hz,I,0.012,-0.012,,
,DELTA_BAT_TEMP,C,10,-10,,

,BUTTON_1_2_STAT,NA,,,,
,Fixture Press Button2,NA,,,,
,IDLEBUTTON_1_EXPECT_1_1,NA,1,1,,
,IDLEBUTTON_2_EXPECT_1_1,NA,1,1,,
,BUTTON_2_EXPECT_1_0,NA,0,0,,
,BUTTON_2_EXPECT_1_1,NA,1,1,,
,PMU_BUTTON_EVENT_DET_BUTTON_1,NA,,,,
,DOUBLE_CLICK_DET_EVENT_BUTTON_1,NA,1,1,,
,Button 2 Fixture check,NA,,,,

,TUNNER_CHECK_1,NA,32,32,,
,TUNNER_CHECK_2,NA,32,32,,
,TUNNER_CHECK_3,NA,38,38,,
,TUNNER_CHECK_4,NA,36,36,,
,TUNNER_CHECK_5,NA,34,34,,
,TUNNER_CHECK_6,NA,36,36,,

,FR_POTASSIUM_STD_kPA,NA,,,,,
