document_version, 1.0
station_name,GATEKEEPER
station_id,FXLH_F05-4FT-01_2_GATEKEEPER
station_sw,Atlas
station_sw_version,Atlas

tag,start_time,duration
Scan_FG_SN, 1568271893.83, 2.14
Fixtureinit, 1568271895.99, 9.52
Start Data Reporting, 1568271905.51, 0.04
Start Control Bits, 1568271905.55, 0.33
Check_All_CB, 1568271905.87, 4.62
Check_Bootargs_Status, 1568271910.50, 0.93
Read_FG_SN, 1568271911.43, 0.53
Compare_FG_SN, 1568271911.95, 0.00
Get_SFC_Info, 1568271911.96, 0.09
MLB_SN, 1568271912.13, 0.55
WO_SN, 1568271912.68, 0.00
UNIT_LBL, 1568271912.68, 0.00
BUILD_EVENT, 1568271912.68, 0.00
BUILD_MATRIX_CONFIG, 1568271912.69, 0.00
UNIT#, 1568271912.69, 0.00
S_BUILD, 1568271912.69, 0.00
KBM_SN, 1568271912.69, 0.00
BACKLIGHT_SN, 1568271912.70, 0.00
TRACKPAD_SN, 1568271912.70, 0.00
TOUCH_FLEX_SN, 1568271912.70, 0.00
Check_EP_Status, 1568271912.70, 0.92
EP_Enable_All, 1568271913.63, 4.01
STFW, 1568271917.64, 0.45
Read_HW_Version, 1568271918.09, 3.63
GreenPAK_ID, 1568271921.72, 3.68
TOUCH_FW, 1568271925.39, 0.54
Read_CCG3_FW, 1568271925.93, 4.89
Production_Signed_Check, 1568271930.83, 0.45
Read_KBD_HW_Layout, 1568271931.27, 0.38
Get_KBD_HW_Layout, 1568271931.65, 0.00
Compare_KBD_HW_Layout, 1568271931.65, 0.00
Read_MLB_Lang, 1568271931.66, 0.45
Get_KBD_Lang, 1568271932.10, 0.00
Check_KBD_Lang, 1568271932.11, 0.00
Read_MFI_Address, 1568271932.11, 3.70
System_Critical_Errors, 1568271935.81, 0.52
FW_Update_Critical_Errors, 1568271936.33, 0.43
Key_Scan_Critical_Errors, 1568271936.75, 0.51
USBC_Critical_Errors, 1568271937.26, 3.54
Grape_Critical_Errors, 1568271940.81, 13.31
Critical_Errors_Summary, 1568271954.12, 0.56
Backlight_Critical_Errors, 1568271954.68, 0.37
Grape_Connector_Self_Critical_Errors, 1568271955.05, 0.45
full_test_durations, 1568271893.81, 61.69
Finish DRCB, 1568271955.50, 0.28
Fixturereset, 1568271955.78, 1.18
