Related Test,Type,Name,Value
Scan_FG_SN,Device,serialnumber,FTPZ902BP3LY
Start Data Reporting,Device,softwarename,Atlas 1.9.2
Start Data Reporting,Device,serialnumber,FTPZ902BP3LY
Start Data Reporting,Device,softwareversion,V2.2.3.0
Start Data Reporting,Device,limitsversion,1
Check_Bootargs_Status,Device,Check_Bootargs_Status,15 00 00 00 
Read_FG_SN,Device,Read_FG_SN,FTPYV01MN5T7
Compare_FG_SN,Device,Compare_FG_SN,Fail
MLB_SN,Device,MLB_SN,DLX9362000CN47326
WO_SN,Device,WO_SN,WCR-J80006
UNIT_LBL,Device,UNIT_LBL,R128-P2_P22AEN-LHWTE_C01008
BUILD_EVENT,Device,Build_EVENT,R128-P2
S_BUILD,Device,S_BUILD,R128-P2_P22AEN-LHWTE
KBM_SN,Device,KBM_SN,C4P931500Z9JCPQ3D
BACKLIGHT_SN,Device,BACKLIGHT_SN,GV29357002JN5TG2K
TRACKPAD_SN,Device,TRACKPAD_SN,FM7934700E3KG9X4J+S5J
TOUCH_FLEX_SN,Device,TOUCH_FLEX_SN,C47935506LLJFK027
Check_EP_Status,Device,Check_EP_Status,13 00 00 00 00 
EP_Enable_All,Device,EP_Enable_All,Pass
STFW,Device,STFW,0x0160
Read_HW_Version,Device,READ_HW_VERSION,0x03
GreenPAK_ID,Device,GreenPAK_ID,02
TOUCH_FW,Device,TOUCH_FW,0x0505
Read_CCG3_FW,Device,ReadCCG3FW,A0 02 00 0A 00 0A 00 0A 
Production_Signed_Check,Device,Production signed check,0x00
Read_KBD_HW_Layout,Device,Read_KBD_HW_Layout,0x21
Get_KBD_HW_Layout,Device,Get_KBD_HW_Layout,0x21
Compare_KBD_HW_Layout,Device,Compare_KBD_HW_Layout,Pass
Read_MLB_Lang,Device,Read_MLB_Lang,02 01 01 05 49 
Get_KBD_Lang,Device,Get_KBD_Lang,I
Check_KBD_Lang,Device,Check_KBD_Lang,Fail
Read_MFI_Address,Device,Read_MFI_Address,0x10
