Related Test,Name-1,Name-2,Name-3,Status,Info,Measurement,Units,Upper Limit,Lower Limit,Relaxed Upper Limit,Relaxed Lower Limit,Limit Units,Start Time,End Time,Duration (s)
Scan_FG_SN,,,,,,,,,,,,,Sep 12 2019 3:04:53.8350 PM,Sep 12 2019 3:04:55.9720 PM,2.1372
Scan_FG_SN,Scan_FG_SN,AtlasApp-Hyperion,show-form,PASS,,,,,,,,,Sep 12 2019 3:04:53.8360 PM,Sep 12 2019 3:04:55.9700 PM,2.1334
Scan_FG_SN,Scan_FG_SN,Scan_FG_SN,FTPZ902BP3LY,PASS,,,,,,,,,Sep 12 2019 3:04:55.9710 PM,Sep 12 2019 3:04:55.9710 PM,0
Fixtureinit,,,,,,,,,,,,,Sep 12 2019 3:04:55.9920 PM,Sep 12 2019 3:05:05.5070 PM,9.515
Fixtureinit,Fixtureinit,Fixture,changeDelimiter,PASS,,,,,,,,,Sep 12 2019 3:04:55.9940 PM,Sep 12 2019 3:04:55.9940 PM,0
Fixtureinit,Fixtureinit,Fixture,changeLineTerminator,PASS,,,,,,,,,Sep 12 2019 3:04:55.9960 PM,Sep 12 2019 3:04:55.9960 PM,0
Fixtureinit,Fixtureinit,Fixture,open,PASS,,,,,,,,,Sep 12 2019 3:04:55.9980 PM,Sep 12 2019 3:04:57.5950 PM,1.5967
Fixtureinit,Fixtureinit,Fixture,read,PASS,,,,,,,,,Sep 12 2019 3:04:57.5970 PM,Sep 12 2019 3:04:57.6250 PM,.0285
Fixtureinit,Fixtureinit,P203,changeDelimiter,PASS,,,,,,,,,Sep 12 2019 3:04:57.6270 PM,Sep 12 2019 3:04:57.6270 PM,0
Fixtureinit,Fixtureinit,P203,changeLineTerminator,PASS,,,,,,,,,Sep 12 2019 3:04:57.6290 PM,Sep 12 2019 3:04:57.6290 PM,0
Fixtureinit,Fixtureinit,P203,open,PASS,,,,,,,,,Sep 12 2019 3:04:57.6310 PM,Sep 12 2019 3:04:59.1730 PM,1.5427
Fixtureinit,Fixtureinit,P203,read,PASS,,,,,,,,,Sep 12 2019 3:04:59.1750 PM,Sep 12 2019 3:04:59.1960 PM,.021
Fixtureinit,Fixtureinit,[Fixture] isReady,sendCommand,PASS,,,,,,,,,Sep 12 2019 3:04:59.1980 PM,Sep 12 2019 3:04:59.2100 PM,.0124
Fixtureinit,Fixtureinit,[Fixture] Power off,sendCommand,PASS,,,,,,,,,Sep 12 2019 3:04:59.2150 PM,Sep 12 2019 3:04:59.2290 PM,.0142
Fixtureinit,Fixtureinit,[Fixture] Power on,sendCommand,PASS,,,,,,,,,Sep 12 2019 3:05:00.3010 PM,Sep 12 2019 3:05:00.3130 PM,.0125
Fixtureinit,Fixtureinit,[Fixture] Engage pogo,sendCommand,PASS,,,,,,,,,Sep 12 2019 3:05:02.3860 PM,Sep 12 2019 3:05:02.4390 PM,.0534
Fixtureinit,Fixtureinit,StationReportPlugin,isReporting,PASS,,,,,,,,,Sep 12 2019 3:05:05.5060 PM,Sep 12 2019 3:05:05.5060 PM,0
Start Data Reporting,,,,,,,,,,,,,Sep 12 2019 3:05:05.5110 PM,Sep 12 2019 3:05:05.5450 PM,.0341
Start Data Reporting,Start Data Reporting,DRCB,StartDataReporting,PASS,,,,,,,,,Sep 12 2019 3:05:05.5140 PM,Sep 12 2019 3:05:05.5440 PM,.0296
Start Control Bits,,,,,,,,,,,,,Sep 12 2019 3:05:05.5480 PM,Sep 12 2019 3:05:05.8730 PM,.3252
Start Control Bits,Start Control Bits,DRCB,StartControlBits,PASS,,,,,,,,,Sep 12 2019 3:05:05.5490 PM,Sep 12 2019 3:05:05.8720 PM,.3225
Check_All_CB,,,,,,,,,,,,,Sep 12 2019 3:05:05.8750 PM,Sep 12 2019 3:05:10.4850 PM,4.61
Check_All_CB,Check_All_CB,[Hid] /usr/local/bin/hidreport -p 0x026F -v 0x5ac -i 0 set 0x3f 0x3f 0x02 0x01,,PASS,,,,,,,,,Sep 12 2019 3:05:05.9250 PM,Sep 12 2019 3:05:05.9250 PM,0
Check_All_CB,Check_All_CB,[Hid] /usr/local/bin/hidreport -p 0x026F -v 0x5ac -i 0 get 0x3f,,PASS,,,,,,,,,Sep 12 2019 3:05:06.2130 PM,Sep 12 2019 3:05:06.2130 PM,0
Check_All_CB,Check_All_CB,CB_STATUS_MLB-FCT,,FAIL,Failed limits,0,,3,3,,,,Sep 12 2019 3:05:06.3960 PM,Sep 12 2019 3:05:06.3960 PM,0
Check_All_CB,Check_All_CB,ABS_ERASE_MLB-FCT,,PASS,,0,,,,,,,Sep 12 2019 3:05:06.3960 PM,Sep 12 2019 3:05:06.3960 PM,0
Check_All_CB,Check_All_CB,ABS_FAIL_MLB-FCT,,PASS,,0,,,,,,,Sep 12 2019 3:05:06.3960 PM,Sep 12 2019 3:05:06.3960 PM,0
Check_All_CB,Check_All_CB,REL_FAIL_MLB-FCT,,PASS,,0,,,,,,,Sep 12 2019 3:05:06.3970 PM,Sep 12 2019 3:05:06.3970 PM,0
Check_All_CB,Check_All_CB,[Hid] /usr/local/bin/hidreport -p 0x026F -v 0x5ac -i 0 set 0x3f 0x3f 0x02 0x02,,PASS,,,,,,,,,Sep 12 2019 3:05:06.4420 PM,Sep 12 2019 3:05:06.4420 PM,0
Check_All_CB,Check_All_CB,[Hid] /usr/local/bin/hidreport -p 0x026F -v 0x5ac -i 0 get 0x3f-2,,PASS,,,,,,,,,Sep 12 2019 3:05:06.6760 PM,Sep 12 2019 3:05:06.6760 PM,0
Check_All_CB,Check_All_CB,CB_STATUS_TEST1,,FAIL,Failed limits,0,,3,3,,,,Sep 12 2019 3:05:06.8590 PM,Sep 12 2019 3:05:06.8590 PM,0
Check_All_CB,Check_All_CB,ABS_ERASE_TEST1,,PASS,,0,,,,,,,Sep 12 2019 3:05:06.8590 PM,Sep 12 2019 3:05:06.8590 PM,0
Check_All_CB,Check_All_CB,ABS_FAIL_TEST1,,PASS,,0,,,,,,,Sep 12 2019 3:05:06.8610 PM,Sep 12 2019 3:05:06.8610 PM,0
Check_All_CB,Check_All_CB,REL_FAIL_TEST1,,PASS,,0,,,,,,,Sep 12 2019 3:05:06.8620 PM,Sep 12 2019 3:05:06.8620 PM,0
Check_All_CB,Check_All_CB,[Hid] /usr/local/bin/hidreport -p 0x026F -v 0x5ac -i 0 set 0x3f 0x3f 0x02 0x05,,PASS,,,,,,,,,Sep 12 2019 3:05:06.9420 PM,Sep 12 2019 3:05:06.9420 PM,0
Check_All_CB,Check_All_CB,[Hid] /usr/local/bin/hidreport -p 0x026F -v 0x5ac -i 0 get 0x3f-3,,PASS,,,,,,,,,Sep 12 2019 3:05:07.1790 PM,Sep 12 2019 3:05:07.1790 PM,0
Check_All_CB,Check_All_CB,CB_STATUS_QT0,,FAIL,Failed limits,0,,3,3,,,,Sep 12 2019 3:05:07.3600 PM,Sep 12 2019 3:05:07.3600 PM,0
Check_All_CB,Check_All_CB,ABS_ERASE_QT0,,PASS,,0,,,,,,,Sep 12 2019 3:05:07.3610 PM,Sep 12 2019 3:05:07.3610 PM,0
Check_All_CB,Check_All_CB,ABS_FAIL_QT0,,PASS,,0,,,,,,,Sep 12 2019 3:05:07.3610 PM,Sep 12 2019 3:05:07.3610 PM,0
Check_All_CB,Check_All_CB,REL_FAIL_QT0,,PASS,,0,,,,,,,Sep 12 2019 3:05:07.3610 PM,Sep 12 2019 3:05:07.3610 PM,0
Check_All_CB,Check_All_CB,[Hid] /usr/local/bin/hidreport -p 0x026F -v 0x5ac -i 0 set 0x3f 0x3f 0x02 0x06,,PASS,,,,,,,,,Sep 12 2019 3:05:07.4050 PM,Sep 12 2019 3:05:07.4050 PM,0
Check_All_CB,Check_All_CB,[Hid] /usr/local/bin/hidreport -p 0x026F -v 0x5ac -i 0 get 0x3f-4,,PASS,,,,,,,,,Sep 12 2019 3:05:07.6690 PM,Sep 12 2019 3:05:07.6690 PM,0
Check_All_CB,Check_All_CB,CB_STATUS_DFU2-FTW,,FAIL,Failed limits,0,,3,3,,,,Sep 12 2019 3:05:07.8570 PM,Sep 12 2019 3:05:07.8570 PM,0
Check_All_CB,Check_All_CB,ABS_ERASE_DFU2-FTW,,PASS,,0,,,,,,,Sep 12 2019 3:05:07.8570 PM,Sep 12 2019 3:05:07.8570 PM,0
Check_All_CB,Check_All_CB,ABS_FAIL_DFU2-FTW,,PASS,,0,,,,,,,Sep 12 2019 3:05:07.8580 PM,Sep 12 2019 3:05:07.8580 PM,0
Check_All_CB,Check_All_CB,REL_FAIL_DFU2-FTW,,PASS,,0,,,,,,,Sep 12 2019 3:05:07.8580 PM,Sep 12 2019 3:05:07.8580 PM,0
Check_All_CB,Check_All_CB,[Hid] /usr/local/bin/hidreport -p 0x026F -v 0x5ac -i 0 set 0x3f 0x3f 0x02 0x08,,PASS,,,,,,,,,Sep 12 2019 3:05:07.9030 PM,Sep 12 2019 3:05:07.9030 PM,0
Check_All_CB,Check_All_CB,[Hid] /usr/local/bin/hidreport -p 0x026F -v 0x5ac -i 0 get 0x3f-5,,PASS,,,,,,,,,Sep 12 2019 3:05:08.1420 PM,Sep 12 2019 3:05:08.1420 PM,0
Check_All_CB,Check_All_CB,CB_STATUS_QT1,,FAIL,Failed limits,0,,3,3,,,,Sep 12 2019 3:05:08.3020 PM,Sep 12 2019 3:05:08.3020 PM,0
Check_All_CB,Check_All_CB,ABS_ERASE_QT1,,PASS,,0,,,,,,,Sep 12 2019 3:05:08.3030 PM,Sep 12 2019 3:05:08.3030 PM,0
Check_All_CB,Check_All_CB,ABS_FAIL_QT1,,PASS,,0,,,,,,,Sep 12 2019 3:05:08.3030 PM,Sep 12 2019 3:05:08.3030 PM,0
Check_All_CB,Check_All_CB,REL_FAIL_QT1,,PASS,,0,,,,,,,Sep 12 2019 3:05:08.3030 PM,Sep 12 2019 3:05:08.3030 PM,0
Check_All_CB,Check_All_CB,[Hid] /usr/local/bin/hidreport -p 0x026F -v 0x5ac -i 0 set 0x3f 0x3f 0x02 0x09,,PASS,,,,,,,,,Sep 12 2019 3:05:08.3850 PM,Sep 12 2019 3:05:08.3850 PM,0
Check_All_CB,Check_All_CB,[Hid] /usr/local/bin/hidreport -p 0x026F -v 0x5ac -i 0 get 0x3f-6,,PASS,,,,,,,,,Sep 12 2019 3:05:08.6250 PM,Sep 12 2019 3:05:08.6250 PM,0
Check_All_CB,Check_All_CB,CB_STATUS_LED-TEST,,PASS,,3,,3,3,,,,Sep 12 2019 3:05:08.8120 PM,Sep 12 2019 3:05:08.8120 PM,0
Check_All_CB,Check_All_CB,ABS_ERASE_LED-TEST,,PASS,,0,,,,,,,Sep 12 2019 3:05:08.8130 PM,Sep 12 2019 3:05:08.8130 PM,0
Check_All_CB,Check_All_CB,ABS_FAIL_LED-TEST,,PASS,,5,,,,,,,Sep 12 2019 3:05:08.8130 PM,Sep 12 2019 3:05:08.8130 PM,0
Check_All_CB,Check_All_CB,REL_FAIL_LED-TEST,,PASS,,5,,,,,,,Sep 12 2019 3:05:08.8130 PM,Sep 12 2019 3:05:08.8130 PM,0
Check_All_CB,Check_All_CB,[Hid] /usr/local/bin/hidreport -p 0x026F -v 0x5ac -i 0 set 0x3f 0x3f 0x02 0x0B,,PASS,,,,,,,,,Sep 12 2019 3:05:08.9100 PM,Sep 12 2019 3:05:08.9100 PM,0
Check_All_CB,Check_All_CB,[Hid] /usr/local/bin/hidreport -p 0x026F -v 0x5ac -i 0 get 0x3f-7,,PASS,,,,,,,,,Sep 12 2019 3:05:09.2090 PM,Sep 12 2019 3:05:09.2090 PM,0
Check_All_CB,Check_All_CB,CB_STATUS_TEST2,,FAIL,Failed limits,1,,3,3,,,,Sep 12 2019 3:05:09.3990 PM,Sep 12 2019 3:05:09.3990 PM,0
Check_All_CB,Check_All_CB,ABS_ERASE_TEST2,,PASS,,0,,,,,,,Sep 12 2019 3:05:09.3990 PM,Sep 12 2019 3:05:09.3990 PM,0
Check_All_CB,Check_All_CB,ABS_FAIL_TEST2,,PASS,,2,,,,,,,Sep 12 2019 3:05:09.3990 PM,Sep 12 2019 3:05:09.3990 PM,0
Check_All_CB,Check_All_CB,REL_FAIL_TEST2,,PASS,,2,,,,,,,Sep 12 2019 3:05:09.3990 PM,Sep 12 2019 3:05:09.3990 PM,0
Check_All_CB,Check_All_CB,[Hid] /usr/local/bin/hidreport -p 0x026F -v 0x5ac -i 0 set 0x3f 0x3f 0x02 0x0C,,PASS,,,,,,,,,Sep 12 2019 3:05:09.4970 PM,Sep 12 2019 3:05:09.4970 PM,0
Check_All_CB,Check_All_CB,[Hid] /usr/local/bin/hidreport -p 0x026F -v 0x5ac -i 0 get 0x3f-8,,PASS,,,,,,,,,Sep 12 2019 3:05:09.7830 PM,Sep 12 2019 3:05:09.7830 PM,0
Check_All_CB,Check_All_CB,CB_STATUS_MMI,,FAIL,Failed limits,0,,3,3,,,,Sep 12 2019 3:05:09.8990 PM,Sep 12 2019 3:05:09.8990 PM,0
Check_All_CB,Check_All_CB,ABS_ERASE_MMI,,PASS,,0,,,,,,,Sep 12 2019 3:05:09.8990 PM,Sep 12 2019 3:05:09.8990 PM,0
Check_All_CB,Check_All_CB,ABS_FAIL_MMI,,PASS,,0,,,,,,,Sep 12 2019 3:05:09.9000 PM,Sep 12 2019 3:05:09.9000 PM,0
Check_All_CB,Check_All_CB,REL_FAIL_MMI,,PASS,,0,,,,,,,Sep 12 2019 3:05:09.9000 PM,Sep 12 2019 3:05:09.9000 PM,0
Check_All_CB,Check_All_CB,[Hid] /usr/local/bin/hidreport -p 0x026F -v 0x5ac -i 0 set 0x3f 0x3f 0x02 0x0D,,PASS,,,,,,,,,Sep 12 2019 3:05:10.0070 PM,Sep 12 2019 3:05:10.0070 PM,0
Check_All_CB,Check_All_CB,[Hid] /usr/local/bin/hidreport -p 0x026F -v 0x5ac -i 0 get 0x3f-9,,PASS,,,,,,,,,Sep 12 2019 3:05:10.2940 PM,Sep 12 2019 3:05:10.2940 PM,0
Check_All_CB,Check_All_CB,CB_STATUS_SW-DOWNLOAD,,FAIL,Failed limits,0,,3,3,,,,Sep 12 2019 3:05:10.4840 PM,Sep 12 2019 3:05:10.4840 PM,0
Check_All_CB,Check_All_CB,ABS_ERASE_SW-DOWNLOAD,,PASS,,0,,,,,,,Sep 12 2019 3:05:10.4840 PM,Sep 12 2019 3:05:10.4840 PM,0
Check_All_CB,Check_All_CB,ABS_FAIL_SW-DOWNLOAD,,PASS,,0,,,,,,,Sep 12 2019 3:05:10.4840 PM,Sep 12 2019 3:05:10.4840 PM,0
Check_All_CB,Check_All_CB,REL_FAIL_SW-DOWNLOAD,,PASS,,0,,,,,,,Sep 12 2019 3:05:10.4850 PM,Sep 12 2019 3:05:10.4850 PM,0
Check_Bootargs_Status,,,,,,,,,,,,,Sep 12 2019 3:05:10.4960 PM,Sep 12 2019 3:05:11.4220 PM,.9256
Check_Bootargs_Status,Check_Bootargs_Status,"[Hid] /usr/local/bin/hidreport -v 0x05ac -p 0x026F -u 0xFF00,0x000B set 0x3d 0x3d 0x15 0x0 0x0 0x0",,PASS,,,,,,,,,Sep 12 2019 3:05:10.5950 PM,Sep 12 2019 3:05:10.5950 PM,0
Check_Bootargs_Status,Check_Bootargs_Status,"[Hid] /usr/local/bin/hidreport -v 0x05ac -p 0x026F -u 0xFF00,0x000B get 0x3e",,PASS,,,,,,,,,Sep 12 2019 3:05:11.0880 PM,Sep 12 2019 3:05:11.0880 PM,0
Check_Bootargs_Status,Check_Bootargs_Status,Check_Bootargs_Status,15 00 00 00 ,PASS,,,,,,,,,Sep 12 2019 3:05:11.4220 PM,Sep 12 2019 3:05:11.4220 PM,0
Read_FG_SN,,,,,,,,,,,,,Sep 12 2019 3:05:11.4280 PM,Sep 12 2019 3:05:11.9520 PM,.5249
Read_FG_SN,Read_FG_SN,"[Hid] /usr/local/bin/hidreport -pid 0x026F -vid 0x05ac -usage 0xff00,0xb get 0x11",,PASS,,,,,,,,,Sep 12 2019 3:05:11.5600 PM,Sep 12 2019 3:05:11.5600 PM,0
Read_FG_SN,Read_FG_SN,Read_FG_SN,FTPYV01MN5T7,PASS,,,,,,,,,Sep 12 2019 3:05:11.9520 PM,Sep 12 2019 3:05:11.9520 PM,0
Compare_FG_SN,,,,,,,,,,,,,Sep 12 2019 3:05:11.9550 PM,Sep 12 2019 3:05:11.9550 PM,.0005
Compare_FG_SN,Compare_FG_SN,Compare_FG_SN,,FAIL,Compare FAIL,,,,,,,,Sep 12 2019 3:05:11.9550 PM,Sep 12 2019 3:05:11.9550 PM,0
Get_SFC_Info,,,,,,,,,,,,,Sep 12 2019 3:05:11.9580 PM,Sep 12 2019 3:05:12.0420 PM,.0838
Get_SFC_Info,Get_SFC_Info,SFCSupport,getAttributes,PASS,,,,,,,,,Sep 12 2019 3:05:11.9590 PM,Sep 12 2019 3:05:12.0080 PM,.0486
Get_SFC_Info,Get_SFC_Info,GET SFC info - unit_lbl,R128-P2_P22AEN-LHWTE_C01008,PASS,,,,,,,,,Sep 12 2019 3:05:12.0090 PM,Sep 12 2019 3:05:12.0090 PM,0
Get_SFC_Info,Get_SFC_Info,SFCSupport,getAttributes-2,PASS,,,,,,,,,Sep 12 2019 3:05:12.0100 PM,Sep 12 2019 3:05:12.0140 PM,.0037
Get_SFC_Info,Get_SFC_Info,GET SFC info - wo_no,WCR-J80006,PASS,,,,,,,,,Sep 12 2019 3:05:12.0150 PM,Sep 12 2019 3:05:12.0150 PM,0
Get_SFC_Info,Get_SFC_Info,SFCSupport,getAttributes-3,PASS,,,,,,,,,Sep 12 2019 3:05:12.0160 PM,Sep 12 2019 3:05:12.0190 PM,.0032
Get_SFC_Info,Get_SFC_Info,GET SFC info - mlb_sn,DLX9362000CN47326,PASS,,,,,,,,,Sep 12 2019 3:05:12.0200 PM,Sep 12 2019 3:05:12.0200 PM,0
Get_SFC_Info,Get_SFC_Info,SFCSupport,getAttributes-4,PASS,,,,,,,,,Sep 12 2019 3:05:12.0210 PM,Sep 12 2019 3:05:12.0250 PM,.0038
Get_SFC_Info,Get_SFC_Info,GET SFC info - kbm_sn,C4P931500Z9JCPQ3D,PASS,,,,,,,,,Sep 12 2019 3:05:12.0250 PM,Sep 12 2019 3:05:12.0250 PM,0
Get_SFC_Info,Get_SFC_Info,SFCSupport,getAttributes-5,PASS,,,,,,,,,Sep 12 2019 3:05:12.0270 PM,Sep 12 2019 3:05:12.0300 PM,.0031
Get_SFC_Info,Get_SFC_Info,GET SFC info - trackpad_sn,FM7934700E3KG9X4J+S5J,PASS,,,,,,,,,Sep 12 2019 3:05:12.0300 PM,Sep 12 2019 3:05:12.0300 PM,0
Get_SFC_Info,Get_SFC_Info,SFCSupport,getAttributes-6,PASS,,,,,,,,,Sep 12 2019 3:05:12.0320 PM,Sep 12 2019 3:05:12.0350 PM,.0037
Get_SFC_Info,Get_SFC_Info,GET SFC info - backlight_sn,GV29357002JN5TG2K,PASS,,,,,,,,,Sep 12 2019 3:05:12.0360 PM,Sep 12 2019 3:05:12.0360 PM,0
Get_SFC_Info,Get_SFC_Info,SFCSupport,getAttributes-7,PASS,,,,,,,,,Sep 12 2019 3:05:12.0370 PM,Sep 12 2019 3:05:12.0400 PM,.0031
Get_SFC_Info,Get_SFC_Info,GET SFC info - touch_flex_sn,C47935506LLJFK027,PASS,,,,,,,,,Sep 12 2019 3:05:12.0410 PM,Sep 12 2019 3:05:12.0410 PM,0
MLB_SN,,,,,,,,,,,,,Sep 12 2019 3:05:12.1270 PM,Sep 12 2019 3:05:12.6760 PM,.5489
MLB_SN,MLB_SN,"[Hid] /usr/local/bin/hidreport -p 0x026F -vid 0x05ac -usage 0xff00,0xb get 0x12",,PASS,,,,,,,,,Sep 12 2019 3:05:12.2860 PM,Sep 12 2019 3:05:12.2860 PM,0
MLB_SN,MLB_SN,MLB_SN,DLX9362000CN47326,PASS,,,,,,,,,Sep 12 2019 3:05:12.6760 PM,Sep 12 2019 3:05:12.6760 PM,0
WO_SN,,,,,,,,,,,,,Sep 12 2019 3:05:12.6790 PM,Sep 12 2019 3:05:12.6790 PM,.0005
WO_SN,WO_SN,WO_SN,WCR-J80006,PASS,,,,,,,,,Sep 12 2019 3:05:12.6790 PM,Sep 12 2019 3:05:12.6790 PM,0
UNIT_LBL,,,,,,,,,,,,,Sep 12 2019 3:05:12.6810 PM,Sep 12 2019 3:05:12.6820 PM,.0005
UNIT_LBL,UNIT_LBL,UNIT_LBL,R128-P2_P22AEN-LHWTE_C01008,PASS,,,,,,,,,Sep 12 2019 3:05:12.6820 PM,Sep 12 2019 3:05:12.6820 PM,0
BUILD_EVENT,,,,,,,,,,,,,Sep 12 2019 3:05:12.6840 PM,Sep 12 2019 3:05:12.6840 PM,.0006
BUILD_EVENT,BUILD_EVENT,BUILD_EVENT: ,R128-P2,PASS,,,,,,,,,Sep 12 2019 3:05:12.6840 PM,Sep 12 2019 3:05:12.6840 PM,0
BUILD_MATRIX_CONFIG,,,,,,,,,,,,,Sep 12 2019 3:05:12.6860 PM,Sep 12 2019 3:05:12.6870 PM,.0005
BUILD_MATRIX_CONFIG,BUILD_MATRIX_CONFIG,BUILD_MATRIC_CONFIG: ,P22AEN-LHWTE,PASS,,,,,,,,,Sep 12 2019 3:05:12.6870 PM,Sep 12 2019 3:05:12.6870 PM,0
UNIT#,,,,,,,,,,,,,Sep 12 2019 3:05:12.6890 PM,Sep 12 2019 3:05:12.6890 PM,.0005
UNIT#,UNIT#,UNIT#: ,C01008,PASS,,,,,,,,,Sep 12 2019 3:05:12.6890 PM,Sep 12 2019 3:05:12.6890 PM,0
S_BUILD,,,,,,,,,,,,,Sep 12 2019 3:05:12.6910 PM,Sep 12 2019 3:05:12.6920 PM,.0005
S_BUILD,S_BUILD,S_BUILD: ,R128-P2_P22AEN-LHWTE,PASS,,,,,,,,,Sep 12 2019 3:05:12.6920 PM,Sep 12 2019 3:05:12.6920 PM,0
KBM_SN,,,,,,,,,,,,,Sep 12 2019 3:05:12.6940 PM,Sep 12 2019 3:05:12.6950 PM,.0007
KBM_SN,KBM_SN,KBM_SN,C4P931500Z9JCPQ3D,PASS,,,,,,,,,Sep 12 2019 3:05:12.6950 PM,Sep 12 2019 3:05:12.6950 PM,0
BACKLIGHT_SN,,,,,,,,,,,,,Sep 12 2019 3:05:12.6970 PM,Sep 12 2019 3:05:12.6970 PM,.0005
BACKLIGHT_SN,BACKLIGHT_SN,BACKLIGHT_SN,GV29357002JN5TG2K,PASS,,,,,,,,,Sep 12 2019 3:05:12.6970 PM,Sep 12 2019 3:05:12.6970 PM,0
TRACKPAD_SN,,,,,,,,,,,,,Sep 12 2019 3:05:12.6990 PM,Sep 12 2019 3:05:12.7000 PM,.0006
TRACKPAD_SN,TRACKPAD_SN,TRACKPAD_SN,FM7934700E3KG9X4J+S5J,PASS,,,,,,,,,Sep 12 2019 3:05:12.7000 PM,Sep 12 2019 3:05:12.7000 PM,0
TOUCH_FLEX_SN,,,,,,,,,,,,,Sep 12 2019 3:05:12.7020 PM,Sep 12 2019 3:05:12.7030 PM,.0007
TOUCH_FLEX_SN,TOUCH_FLEX_SN,TOUCH_FLEX_SN,C47935506LLJFK027,PASS,,,,,,,,,Sep 12 2019 3:05:12.7020 PM,Sep 12 2019 3:05:12.7020 PM,0
Check_EP_Status,,,,,,,,,,,,,Sep 12 2019 3:05:12.7050 PM,Sep 12 2019 3:05:13.6230 PM,.9182
Check_EP_Status,Check_EP_Status,[Hid] /usr/local/bin/hidreport -v 0x05ac -p 0x026F -i 0 set 0x3D 0x3D 0x13 0x0 0x0 0x0,,PASS,,,,,,,,,Sep 12 2019 3:05:12.8110 PM,Sep 12 2019 3:05:12.8110 PM,0
Check_EP_Status,Check_EP_Status,[Hid] /usr/local/bin/hidreport -v 0x05ac -p 0x026F -i 0 get 0x3E,,PASS,,,,,,,,,Sep 12 2019 3:05:13.2270 PM,Sep 12 2019 3:05:13.2270 PM,0
Check_EP_Status,Check_EP_Status,Check_EP_Status,13 00 00 00 00 ,PASS,,,,,,,,,Sep 12 2019 3:05:13.6220 PM,Sep 12 2019 3:05:13.6220 PM,0
EP_Enable_All,,,,,,,,,,,,,Sep 12 2019 3:05:13.6270 PM,Sep 12 2019 3:05:17.6380 PM,4.0109
EP_Enable_All,EP_Enable_All,[Hid] /usr/local/bin/hidreport -v 0x05ac -p 0x026F -i 0 set 0x3E 0x3E 0x13 0x0 0x0 0x0 0x0,,PASS,,,,,,,,,Sep 12 2019 3:05:13.7320 PM,Sep 12 2019 3:05:13.7320 PM,0
EP_Enable_All,EP_Enable_All,EP_Enable_All,Pass,PASS,,,,,,,,,Sep 12 2019 3:05:14.1190 PM,Sep 12 2019 3:05:14.1190 PM,0
EP_Enable_All,EP_Enable_All,[Fixture] Power off,sendCommand,PASS,,,,,,,,,Sep 12 2019 3:05:14.1200 PM,Sep 12 2019 3:05:14.1250 PM,.0046
EP_Enable_All,EP_Enable_All,[Fixture] Power on,sendCommand,PASS,,,,,,,,,Sep 12 2019 3:05:14.6270 PM,Sep 12 2019 3:05:14.6370 PM,.0096
STFW,,,,,,,,,,,,,Sep 12 2019 3:05:17.6400 PM,Sep 12 2019 3:05:18.0890 PM,.4483
STFW,STFW,[Hid] /usr/local/bin/hidreport -pid 0x026F -vid 0x05ac -interface 0 get 0xb4,,PASS,,,,,,,,,Sep 12 2019 3:05:17.6950 PM,Sep 12 2019 3:05:17.6950 PM,0
STFW,STFW,STFW,,PASS,,352,NA,,,,,,Sep 12 2019 3:05:18.0880 PM,Sep 12 2019 3:05:18.0880 PM,0
Read_HW_Version,,,,,,,,,,,,,Sep 12 2019 3:05:18.0910 PM,Sep 12 2019 3:05:21.7140 PM,3.6226
Read_HW_Version,Read_HW_Version,"[Hid] /usr/local/bin/hidreport -pid 0x026F -vid 0x05ac -usage 0xff00,0xb get 0xbc",,PASS,,,,,,,,,Sep 12 2019 3:05:18.1390 PM,Sep 12 2019 3:05:18.1390 PM,0
Read_HW_Version,Read_HW_Version,"[Hid] /usr/local/bin/hidreport -pid 0x026F -vid 0x05ac -usage 0xff00,0xb get 0xbc-2",,PASS,,,,,,,,,Sep 12 2019 3:05:21.3680 PM,Sep 12 2019 3:05:21.3680 PM,0
Read_HW_Version,Read_HW_Version,Read_HW_Version,0x03,PASS,,,,,,,,,Sep 12 2019 3:05:21.7130 PM,Sep 12 2019 3:05:21.7130 PM,0
GreenPAK_ID,,,,,,,,,,,,,Sep 12 2019 3:05:21.7170 PM,Sep 12 2019 3:05:25.3900 PM,3.6728
GreenPAK_ID,GreenPAK_ID,"[Hid] /usr/local/bin/hidreport -pid 0x026F -vid 0x05ac -usage 0xff00,0xb get 0x90",,PASS,,,,,,,,,Sep 12 2019 3:05:21.7640 PM,Sep 12 2019 3:05:21.7640 PM,0
GreenPAK_ID,GreenPAK_ID,"[Hid] /usr/local/bin/hidreport -pid 0x026F -vid 0x05ac -usage 0xff00,0xb get 0x90-2",,PASS,,,,,,,,,Sep 12 2019 3:05:25.0060 PM,Sep 12 2019 3:05:25.0060 PM,0
GreenPAK_ID,GreenPAK_ID,GreenPAK_ID,02,PASS,,,,,,,,,Sep 12 2019 3:05:25.3890 PM,Sep 12 2019 3:05:25.3890 PM,0
TOUCH_FW,,,,,,,,,,,,,Sep 12 2019 3:05:25.3960 PM,Sep 12 2019 3:05:25.9320 PM,.5357
TOUCH_FW,TOUCH_FW,[Hid] /usr/local/bin/hidreport -pid 0x026F -vid 0x05ac -interface 0 get 0xbb,,PASS,,,,,,,,,Sep 12 2019 3:05:25.5450 PM,Sep 12 2019 3:05:25.5450 PM,0
TOUCH_FW,TOUCH_FW,Touch_FW,,PASS,,1285,NA,,,,,,Sep 12 2019 3:05:25.9310 PM,Sep 12 2019 3:05:25.9310 PM,0
Read_CCG3_FW,,,,,,,,,,,,,Sep 12 2019 3:05:25.9340 PM,Sep 12 2019 3:05:30.8260 PM,4.8921
Read_CCG3_FW,Read_CCG3_FW,"[Hid] /usr/local/bin/hidreport -v 0x05ac -p 0x026F -usage 0xff00,0xb set 0xce 0xce 6 6 0",,PASS,,,,,,,,,Sep 12 2019 3:05:26.0290 PM,Sep 12 2019 3:05:26.0290 PM,0
Read_CCG3_FW,Read_CCG3_FW,"[Hid] /usr/local/bin/hidreport -v 0x05ac -p 0x026F -usage 0xff00,0xb get 0xa0",,PASS,,,,,,,,,Sep 12 2019 3:05:26.5480 PM,Sep 12 2019 3:05:26.5480 PM,0
Read_CCG3_FW,Read_CCG3_FW,"[Hid] /usr/local/bin/hidreport -v 0x05ac -p 0x026F -usage 0xff00,0xb set 0xce 0xce 6 6 1",,PASS,,,,,,,,,Sep 12 2019 3:05:27.1010 PM,Sep 12 2019 3:05:27.1010 PM,0
Read_CCG3_FW,Read_CCG3_FW,ReadCCG3FW,,PASS,,,,,,,,,Sep 12 2019 3:05:27.4940 PM,Sep 12 2019 3:05:27.4940 PM,0
Read_CCG3_FW,Read_CCG3_FW,ReadCCG3FW,A0 02 00 0A 00 0A 00 0A ,PASS,,,,,,,,,Sep 12 2019 3:05:27.4940 PM,Sep 12 2019 3:05:27.4940 PM,0
Read_CCG3_FW,Read_CCG3_FW,[Fixture] Power off,sendCommand,PASS,,,,,,,,,Sep 12 2019 3:05:27.4960 PM,Sep 12 2019 3:05:27.5060 PM,.0101
Read_CCG3_FW,Read_CCG3_FW,[Fixture] Power on,sendCommand,PASS,,,,,,,,,Sep 12 2019 3:05:27.8070 PM,Sep 12 2019 3:05:27.8250 PM,.018
Production_Signed_Check,,,,,,,,,,,,,Sep 12 2019 3:05:30.8290 PM,Sep 12 2019 3:05:31.2730 PM,.4439
Production_Signed_Check,Production_Signed_Check,"[Hid] /usr/local/bin/hidreport -pid 0x026F -vid 0x05ac -usage 0xff00,0x000b get 0x13",,PASS,,,,,,,,,Sep 12 2019 3:05:30.8830 PM,Sep 12 2019 3:05:30.8830 PM,0
Production_Signed_Check,Production_Signed_Check,Production_Signed_Check,0x00,PASS,,,,,,,,,Sep 12 2019 3:05:31.2720 PM,Sep 12 2019 3:05:31.2720 PM,0
Read_KBD_HW_Layout,,,,,,,,,,,,,Sep 12 2019 3:05:31.2750 PM,Sep 12 2019 3:05:31.6490 PM,.3733
Read_KBD_HW_Layout,Read_KBD_HW_Layout,"[Hid] /usr/local/bin/hidreport -pid 0x026F -vid 0x05ac -usage 0x0001,0x0006 get 0x04",,PASS,,,,,,,,,Sep 12 2019 3:05:31.3290 PM,Sep 12 2019 3:05:31.3290 PM,0
Read_KBD_HW_Layout,Read_KBD_HW_Layout,Read_KBD_HW_Layout,0x21,PASS,,,,,,,,,Sep 12 2019 3:05:31.6480 PM,Sep 12 2019 3:05:31.6480 PM,0
Get_KBD_HW_Layout,,,,,,,,,,,,,Sep 12 2019 3:05:31.6510 PM,Sep 12 2019 3:05:31.6520 PM,.0007
Get_KBD_HW_Layout,Get_KBD_HW_Layout,Get_KBD_HW_Layout,0x21,PASS,,,,,,,,,Sep 12 2019 3:05:31.6510 PM,Sep 12 2019 3:05:31.6510 PM,0
Compare_KBD_HW_Layout,,,,,,,,,,,,,Sep 12 2019 3:05:31.6540 PM,Sep 12 2019 3:05:31.6540 PM,.0006
Compare_KBD_HW_Layout,Compare_KBD_HW_Layout,Compare_KBD_HW_Layout,,PASS,,,,,,,,,Sep 12 2019 3:05:31.6540 PM,Sep 12 2019 3:05:31.6540 PM,0
Read_MLB_Lang,,,,,,,,,,,,,Sep 12 2019 3:05:31.6560 PM,Sep 12 2019 3:05:32.1030 PM,.4468
Read_MLB_Lang,Read_MLB_Lang,"[Hid] /usr/local/bin/hidreport -pid 0x026F -vid 0x05ac -usage 0x0001,0x0006 get 0x02",,PASS,,,,,,,,,Sep 12 2019 3:05:31.7080 PM,Sep 12 2019 3:05:31.7080 PM,0
Read_MLB_Lang,Read_MLB_Lang,Read_MLB_Lang,02 01 01 05 49 ,PASS,,,,,,,,,Sep 12 2019 3:05:32.1030 PM,Sep 12 2019 3:05:32.1030 PM,0
Get_KBD_Lang,,,,,,,,,,,,,Sep 12 2019 3:05:32.1060 PM,Sep 12 2019 3:05:32.1060 PM,.0005
Get_KBD_Lang,Get_KBD_Lang,Get_KBD_Lang,I,PASS,,,,,,,,,Sep 12 2019 3:05:32.1060 PM,Sep 12 2019 3:05:32.1060 PM,0
Check_KBD_Lang,,,,,,,,,,,,,Sep 12 2019 3:05:32.1080 PM,Sep 12 2019 3:05:32.1090 PM,.0006
Check_KBD_Lang,Check_KBD_Lang,Check_KBD_Lang,,FAIL,GetMlbLang is different from GetKbdLang,,,,,,,,Sep 12 2019 3:05:32.1090 PM,Sep 12 2019 3:05:32.1090 PM,0
Read_MFI_Address,,,,,,,,,,,,,Sep 12 2019 3:05:32.1110 PM,Sep 12 2019 3:05:35.7740 PM,3.6629
Read_MFI_Address,Read_MFI_Address,[Hid] /usr/local/bin/hidreport -p 0x026F -v 0x05ac -i 0 get 0x5E,,PASS,,,,,,,,,Sep 12 2019 3:05:32.2200 PM,Sep 12 2019 3:05:32.2200 PM,0
Read_MFI_Address,Read_MFI_Address,[Hid] /usr/local/bin/hidreport -p 0x026F -v 0x05ac -i 0 get 0x5E-2,,PASS,,,,,,,,,Sep 12 2019 3:05:35.4340 PM,Sep 12 2019 3:05:35.4340 PM,0
Read_MFI_Address,Read_MFI_Address,Read_MFI_Address,0x10,PASS,,,,,,,,,Sep 12 2019 3:05:35.7730 PM,Sep 12 2019 3:05:35.7730 PM,0
System_Critical_Errors,,,,,,,,,,,,,Sep 12 2019 3:05:35.8170 PM,Sep 12 2019 3:05:36.3260 PM,.5093
System_Critical_Errors,System_Critical_Errors,"[Hid] /usr/local/bin/hidreport -v 0x05ac -p 0x026F -usage 0xff00,0xb get 0xE1",,PASS,,,,,,,,,Sep 12 2019 3:05:35.9390 PM,Sep 12 2019 3:05:35.9390 PM,0
System_Critical_Errors,System_Critical_Errors,CRIT_ERR_E1_PART1,,PASS,,8704,,,,,,,Sep 12 2019 3:05:36.3240 PM,Sep 12 2019 3:05:36.3240 PM,0
System_Critical_Errors,System_Critical_Errors,CRIT_ERR_E1_PART2,,PASS,,0,,,,,,,Sep 12 2019 3:05:36.3250 PM,Sep 12 2019 3:05:36.3250 PM,0
System_Critical_Errors,System_Critical_Errors,CRIT_ERR_E1,,PASS,,,,,,,,,Sep 12 2019 3:05:36.3260 PM,Sep 12 2019 3:05:36.3260 PM,0
FW_Update_Critical_Errors,,,,,,,,,,,,,Sep 12 2019 3:05:36.3290 PM,Sep 12 2019 3:05:36.7520 PM,.4225
FW_Update_Critical_Errors,FW_Update_Critical_Errors,"[Hid] /usr/local/bin/hidreport -v 0x05ac -p 0x026F -usage 0xff00,0xb get 0xE2",,PASS,,,,,,,,,Sep 12 2019 3:05:36.4300 PM,Sep 12 2019 3:05:36.4300 PM,0
FW_Update_Critical_Errors,FW_Update_Critical_Errors,CRIT_ERR_E2_PART1,,PASS,,0,,,,,,,Sep 12 2019 3:05:36.7490 PM,Sep 12 2019 3:05:36.7490 PM,0
FW_Update_Critical_Errors,FW_Update_Critical_Errors,CRIT_ERR_E2_PART2,,PASS,,0,,,,,,,Sep 12 2019 3:05:36.7490 PM,Sep 12 2019 3:05:36.7490 PM,0
FW_Update_Critical_Errors,FW_Update_Critical_Errors,CRIT_ERR_E2_PART3,,PASS,,0,,,,,,,Sep 12 2019 3:05:36.7500 PM,Sep 12 2019 3:05:36.7500 PM,0
FW_Update_Critical_Errors,FW_Update_Critical_Errors,CRIT_ERR_E2,,PASS,,,,,,,,,Sep 12 2019 3:05:36.7510 PM,Sep 12 2019 3:05:36.7510 PM,0
Key_Scan_Critical_Errors,,,,,,,,,,,,,Sep 12 2019 3:05:36.7560 PM,Sep 12 2019 3:05:37.2600 PM,.5047
Key_Scan_Critical_Errors,Key_Scan_Critical_Errors,"[Hid] /usr/local/bin/hidreport -v 0x05ac -p 0x026F -usage 0xff00,0xb get 0xE7",,PASS,,,,,,,,,Sep 12 2019 3:05:36.8600 PM,Sep 12 2019 3:05:36.8600 PM,0
Key_Scan_Critical_Errors,Key_Scan_Critical_Errors,CRIT_ERR_E7_PART1,,PASS,,0,,,,,,,Sep 12 2019 3:05:37.2570 PM,Sep 12 2019 3:05:37.2570 PM,0
Key_Scan_Critical_Errors,Key_Scan_Critical_Errors,CRIT_ERR_E7_PART2,,PASS,,0,,,,,,,Sep 12 2019 3:05:37.2580 PM,Sep 12 2019 3:05:37.2580 PM,0
Key_Scan_Critical_Errors,Key_Scan_Critical_Errors,CRIT_ERR_E7_PART3,,PASS,,0,,,,,,,Sep 12 2019 3:05:37.2580 PM,Sep 12 2019 3:05:37.2580 PM,0
Key_Scan_Critical_Errors,Key_Scan_Critical_Errors,CRIT_ERR_E7_PART4,,PASS,,0,,,,,,,Sep 12 2019 3:05:37.2580 PM,Sep 12 2019 3:05:37.2580 PM,0
Key_Scan_Critical_Errors,Key_Scan_Critical_Errors,CRIT_ERR_E7,,PASS,,,,,,,,,Sep 12 2019 3:05:37.2600 PM,Sep 12 2019 3:05:37.2600 PM,0
USBC_Critical_Errors,,,,,,,,,,,,,Sep 12 2019 3:05:37.2640 PM,Sep 12 2019 3:05:40.8050 PM,3.5403
USBC_Critical_Errors,USBC_Critical_Errors,"[Hid] /usr/local/bin/hidreport -v 0x05ac -p 0x026F -usage 0xff00,0xb get 0xE3",,PASS,,,,,,,,,Sep 12 2019 3:05:37.3230 PM,Sep 12 2019 3:05:37.3230 PM,0
USBC_Critical_Errors,USBC_Critical_Errors,"[Hid] /usr/local/bin/hidreport -v 0x05ac -p 0x026F -usage 0xff00,0xb get 0xE3-2",,PASS,,,,,,,,,Sep 12 2019 3:05:40.4210 PM,Sep 12 2019 3:05:40.4210 PM,0
USBC_Critical_Errors,USBC_Critical_Errors,CRIT_ERR_E3_PART1,,PASS,,0,,,,,,,Sep 12 2019 3:05:40.8020 PM,Sep 12 2019 3:05:40.8020 PM,0
USBC_Critical_Errors,USBC_Critical_Errors,CRIT_ERR_E3_PART2,,PASS,,0,,,,,,,Sep 12 2019 3:05:40.8030 PM,Sep 12 2019 3:05:40.8030 PM,0
USBC_Critical_Errors,USBC_Critical_Errors,CRIT_ERR_E3_PART3,,PASS,,0,,,,,,,Sep 12 2019 3:05:40.8030 PM,Sep 12 2019 3:05:40.8030 PM,0
USBC_Critical_Errors,USBC_Critical_Errors,CRIT_ERR_E3_PART4,,PASS,,0,,,,,,,Sep 12 2019 3:05:40.8030 PM,Sep 12 2019 3:05:40.8030 PM,0
USBC_Critical_Errors,USBC_Critical_Errors,CRIT_ERR_E3,,PASS,,,,,,,,,Sep 12 2019 3:05:40.8040 PM,Sep 12 2019 3:05:40.8040 PM,0
Grape_Critical_Errors,,,,,,,,,,,,,Sep 12 2019 3:05:40.8080 PM,Sep 12 2019 3:05:54.1160 PM,13.3085
Grape_Critical_Errors,Grape_Critical_Errors,"[Hid] /usr/local/bin/hidreport -v 0x05ac -p 0x026F -usage 0xff00,0xb get 0xE5",,PASS,,,,,,,,,Sep 12 2019 3:05:40.9060 PM,Sep 12 2019 3:05:40.9060 PM,0
Grape_Critical_Errors,Grape_Critical_Errors,"[Hid] /usr/local/bin/hidreport -v 0x05ac -p 0x026F -usage 0xff00,0xb get 0xE5-2",,PASS,,,,,,,,,Sep 12 2019 3:05:44.1240 PM,Sep 12 2019 3:05:44.1240 PM,0
Grape_Critical_Errors,Grape_Critical_Errors,"[Hid] /usr/local/bin/hidreport -v 0x05ac -p 0x026F -usage 0xff00,0xb get 0xE5-3",,PASS,,,,,,,,,Sep 12 2019 3:05:47.2510 PM,Sep 12 2019 3:05:47.2510 PM,0
Grape_Critical_Errors,Grape_Critical_Errors,[Fixture] Power off,sendCommand,PASS,,,,,,,,,Sep 12 2019 3:05:50.3410 PM,Sep 12 2019 3:05:50.3530 PM,.0117
Grape_Critical_Errors,Grape_Critical_Errors,[Fixture] Power on,sendCommand,PASS,,,,,,,,,Sep 12 2019 3:05:50.6550 PM,Sep 12 2019 3:05:50.6730 PM,.0179
Grape_Critical_Errors,Grape_Critical_Errors,"[Hid] /usr/local/bin/hidreport -v 0x05ac -p 0x026F -usage 0xff00,0xb get 0xE5-4",,PASS,,,,,,,,,Sep 12 2019 3:05:53.7220 PM,Sep 12 2019 3:05:53.7220 PM,0
Grape_Critical_Errors,Grape_Critical_Errors,CRIT_ERR_E5_PART1,,PASS,,16777216,,,,,,,Sep 12 2019 3:05:54.1120 PM,Sep 12 2019 3:05:54.1120 PM,0
Grape_Critical_Errors,Grape_Critical_Errors,CRIT_ERR_E5_PART2,,PASS,,0,,,,,,,Sep 12 2019 3:05:54.1120 PM,Sep 12 2019 3:05:54.1120 PM,0
Grape_Critical_Errors,Grape_Critical_Errors,CRIT_ERR_E5_PART3,,PASS,,0,,,,,,,Sep 12 2019 3:05:54.1120 PM,Sep 12 2019 3:05:54.1120 PM,0
Grape_Critical_Errors,Grape_Critical_Errors,CRIT_ERR_E5_PART4,,PASS,,0,,,,,,,Sep 12 2019 3:05:54.1130 PM,Sep 12 2019 3:05:54.1130 PM,0
Grape_Critical_Errors,Grape_Critical_Errors,CRIT_ERR_E5_PART5,,PASS,,0,,,,,,,Sep 12 2019 3:05:54.1130 PM,Sep 12 2019 3:05:54.1130 PM,0
Grape_Critical_Errors,Grape_Critical_Errors,CRIT_ERR_E5_PART6,,PASS,,0,,,,,,,Sep 12 2019 3:05:54.1130 PM,Sep 12 2019 3:05:54.1130 PM,0
Grape_Critical_Errors,Grape_Critical_Errors,CRIT_ERR_E5_PART7,,PASS,,16842752,,,,,,,Sep 12 2019 3:05:54.1140 PM,Sep 12 2019 3:05:54.1140 PM,0
Grape_Critical_Errors,Grape_Critical_Errors,CRIT_ERR_E5_PART8,,PASS,,16777216,,,,,,,Sep 12 2019 3:05:54.1140 PM,Sep 12 2019 3:05:54.1140 PM,0
Grape_Critical_Errors,Grape_Critical_Errors,CRIT_ERR_E5_PART9,,PASS,,0,,,,,,,Sep 12 2019 3:05:54.1140 PM,Sep 12 2019 3:05:54.1140 PM,0
Grape_Critical_Errors,Grape_Critical_Errors,CRIT_ERR_E5_PART10,,PASS,,0,,,,,,,Sep 12 2019 3:05:54.1150 PM,Sep 12 2019 3:05:54.1150 PM,0
Grape_Critical_Errors,Grape_Critical_Errors,CRIT_ERR_E5,,PASS,,,,,,,,,Sep 12 2019 3:05:54.1160 PM,Sep 12 2019 3:05:54.1160 PM,0
Critical_Errors_Summary,,,,,,,,,,,,,Sep 12 2019 3:05:54.1200 PM,Sep 12 2019 3:05:54.6750 PM,.5544
Critical_Errors_Summary,Critical_Errors_Summary,"[Hid] /usr/local/bin/hidreport -pid 0x026F -vid 0x05ac -usage 0xff00,0xb get 0xE0",,PASS,,,,,,,,,Sep 12 2019 3:05:54.2190 PM,Sep 12 2019 3:05:54.2190 PM,0
Critical_Errors_Summary,Critical_Errors_Summary,CRIT_ERR_E0_PART1,,PASS,,64,,,,,,,Sep 12 2019 3:05:54.6740 PM,Sep 12 2019 3:05:54.6740 PM,0
Critical_Errors_Summary,Critical_Errors_Summary,CRIT_ERR_E0,,FAIL,,,,,,,,,Sep 12 2019 3:05:54.6740 PM,Sep 12 2019 3:05:54.6740 PM,0
Backlight_Critical_Errors,,,,,,,,,,,,,Sep 12 2019 3:05:54.6770 PM,Sep 12 2019 3:05:55.0450 PM,.3676
Backlight_Critical_Errors,Backlight_Critical_Errors,"[Hid] /usr/local/bin/hidreport -pid 0x026F -vid 0x05ac -usage 0xff00,0xf get 0x07",,PASS,,,,,,,,,Sep 12 2019 3:05:54.7260 PM,Sep 12 2019 3:05:54.7260 PM,0
Backlight_Critical_Errors,Backlight_Critical_Errors,BL_CRI_ERR_PART1,,PASS,,0,,,,,,,Sep 12 2019 3:05:55.0440 PM,Sep 12 2019 3:05:55.0440 PM,0
Backlight_Critical_Errors,Backlight_Critical_Errors,BL_CRI_ERR,,PASS,,,,,,,,,Sep 12 2019 3:05:55.0450 PM,Sep 12 2019 3:05:55.0450 PM,0
Grape_Connector_Self_Critical_Errors,,,,,,,,,,,,,Sep 12 2019 3:05:55.0480 PM,Sep 12 2019 3:05:55.4990 PM,.4514
Grape_Connector_Self_Critical_Errors,Grape_Connector_Self_Critical_Errors,"[Hid] /usr/local/bin/hidreport -v 0x5ac -p 0x026F -usage 0x0001,0x0002 get 0xD3",,PASS,,,,,,,,,Sep 12 2019 3:05:55.1060 PM,Sep 12 2019 3:05:55.1060 PM,0
Grape_Connector_Self_Critical_Errors,Grape_Connector_Self_Critical_Errors,CRIT_ERR_D3_PART1,,PASS,,17437701,,,,,,,Sep 12 2019 3:05:55.4970 PM,Sep 12 2019 3:05:55.4970 PM,0
Grape_Connector_Self_Critical_Errors,Grape_Connector_Self_Critical_Errors,CRIT_ERR_D3_PART2,,PASS,,83888660,,,,,,,Sep 12 2019 3:05:55.4970 PM,Sep 12 2019 3:05:55.4970 PM,0
Grape_Connector_Self_Critical_Errors,Grape_Connector_Self_Critical_Errors,CRIT_ERR_D3_PART3,,PASS,,570621952,,,,,,,Sep 12 2019 3:05:55.4980 PM,Sep 12 2019 3:05:55.4980 PM,0
Grape_Connector_Self_Critical_Errors,Grape_Connector_Self_Critical_Errors,CRIT_ERR_D3,,FAIL,,,,,,,,,Sep 12 2019 3:05:55.4990 PM,Sep 12 2019 3:05:55.4990 PM,0
Finish DRCB,,,,,,,,,,,,,Sep 12 2019 3:05:55.5020 PM,Sep 12 2019 3:05:55.7800 PM,.278
Finish DRCB,Finish DRCB,DRCB,Finish,PASS,,,,,,,,,Sep 12 2019 3:05:55.5030 PM,Sep 12 2019 3:05:55.7790 PM,.2758
Fixturereset,,,,,,,,,,,,,Sep 12 2019 3:05:55.7820 PM,Sep 12 2019 3:05:56.9600 PM,1.178
Fixturereset,Fixturereset,[Fixture] Retract pogo,sendCommand,PASS,,,,,,,,,Sep 12 2019 3:05:55.7830 PM,Sep 12 2019 3:05:55.9510 PM,.168
Fixturereset,Fixturereset,Fixture,close,PASS,,,,,,,,,Sep 12 2019 3:05:56.9530 PM,Sep 12 2019 3:05:56.9540 PM,.0005
Fixturereset,Fixturereset,P203,close,PASS,,,,,,,,,Sep 12 2019 3:05:56.9550 PM,Sep 12 2019 3:05:56.9590 PM,.0042
