Test,Plugin,Command,Status,Info,Start Time,End Time,Duration (s)
Scan_FG_SN,com.apple.hwte.atlas.AppPlugin,show-form,PASS,,Sep 12 2019 3:04:53.8360 PM,Sep 12 2019 3:04:55.9700 PM,2.1336
Fixtureinit,Fixture,changeDelimiter,PASS,,Sep 12 2019 3:04:55.9940 PM,Sep 12 2019 3:04:55.9940 PM,.0002
Fixtureinit,Fixture,changeLineTerminator,PASS,,Sep 12 2019 3:04:55.9960 PM,Sep 12 2019 3:04:55.9960 PM,0
Fixtureinit,Fixture,open,PASS,,Sep 12 2019 3:04:55.9980 PM,Sep 12 2019 3:04:57.5950 PM,1.5967
Fixtureinit,Fixture,read,PASS,,Sep 12 2019 3:04:57.5970 PM,Sep 12 2019 3:04:57.6250 PM,.0285
Fixtureinit,P203,changeDelimiter,PASS,,Sep 12 2019 3:04:57.6270 PM,Sep 12 2019 3:04:57.6270 PM,.0001
Fixtureinit,P203,changeLineTerminator,PASS,,Sep 12 2019 3:04:57.6290 PM,Sep 12 2019 3:04:57.6290 PM,0
Fixtureinit,P203,open,PASS,,Sep 12 2019 3:04:57.6310 PM,Sep 12 2019 3:04:59.1740 PM,1.5428
Fixtureinit,P203,read,PASS,,Sep 12 2019 3:04:59.1750 PM,Sep 12 2019 3:04:59.1960 PM,.021
Fixtureinit,Fixture,sendCommand,PASS,,Sep 12 2019 3:04:59.1980 PM,Sep 12 2019 3:04:59.2100 PM,.0124
Fixtureinit,Fixture,sendCommand,PASS,,Sep 12 2019 3:04:59.2150 PM,Sep 12 2019 3:04:59.2290 PM,.0142
Fixtureinit,Fixture,sendCommand,PASS,,Sep 12 2019 3:05:00.3010 PM,Sep 12 2019 3:05:00.3130 PM,.0125
Fixtureinit,Fixture,sendCommand,PASS,,Sep 12 2019 3:05:02.3860 PM,Sep 12 2019 3:05:02.4390 PM,.0534
Fixtureinit,StationReportPlugin,isReporting,PASS,,Sep 12 2019 3:05:05.5060 PM,Sep 12 2019 3:05:05.5070 PM,.0001
Start Data Reporting,DRCB,startDataReporting,PASS,,Sep 12 2019 3:05:05.5140 PM,Sep 12 2019 3:05:05.5440 PM,.0297
Start Control Bits,DRCB,startControlBits,PASS,,Sep 12 2019 3:05:05.5490 PM,Sep 12 2019 3:05:05.8720 PM,.3225
Get_SFC_Info,SFCSupport,getAttribute,PASS,,Sep 12 2019 3:05:11.9590 PM,Sep 12 2019 3:05:12.0080 PM,.0486
Get_SFC_Info,SFCSupport,getAttribute,PASS,,Sep 12 2019 3:05:12.0100 PM,Sep 12 2019 3:05:12.0140 PM,.0037
Get_SFC_Info,SFCSupport,getAttribute,PASS,,Sep 12 2019 3:05:12.0160 PM,Sep 12 2019 3:05:12.0190 PM,.0033
Get_SFC_Info,SFCSupport,getAttribute,PASS,,Sep 12 2019 3:05:12.0210 PM,Sep 12 2019 3:05:12.0250 PM,.0038
Get_SFC_Info,SFCSupport,getAttribute,PASS,,Sep 12 2019 3:05:12.0270 PM,Sep 12 2019 3:05:12.0300 PM,.0031
Get_SFC_Info,SFCSupport,getAttribute,PASS,,Sep 12 2019 3:05:12.0320 PM,Sep 12 2019 3:05:12.0350 PM,.0038
Get_SFC_Info,SFCSupport,getAttribute,PASS,,Sep 12 2019 3:05:12.0370 PM,Sep 12 2019 3:05:12.0400 PM,.0031
EP_Enable_All,Fixture,sendCommand,PASS,,Sep 12 2019 3:05:14.1200 PM,Sep 12 2019 3:05:14.1250 PM,.0046
EP_Enable_All,Fixture,sendCommand,PASS,,Sep 12 2019 3:05:14.6270 PM,Sep 12 2019 3:05:14.6370 PM,.0097
Read_CCG3_FW,Fixture,sendCommand,PASS,,Sep 12 2019 3:05:27.4950 PM,Sep 12 2019 3:05:27.5060 PM,.0101
Read_CCG3_FW,Fixture,sendCommand,PASS,,Sep 12 2019 3:05:27.8070 PM,Sep 12 2019 3:05:27.8250 PM,.018
Grape_Critical_Errors,Fixture,sendCommand,PASS,,Sep 12 2019 3:05:50.3410 PM,Sep 12 2019 3:05:50.3530 PM,.0118
Grape_Critical_Errors,Fixture,sendCommand,PASS,,Sep 12 2019 3:05:50.6550 PM,Sep 12 2019 3:05:50.6730 PM,.0179
Finish DRCB,DRCB,finish,PASS,,Sep 12 2019 3:05:55.5030 PM,Sep 12 2019 3:05:55.7790 PM,.2758
Fixturereset,Fixture,sendCommand,PASS,,Sep 12 2019 3:05:55.7830 PM,Sep 12 2019 3:05:55.9510 PM,.168
Fixturereset,Fixture,close,PASS,,Sep 12 2019 3:05:56.9530 PM,Sep 12 2019 3:05:56.9540 PM,.0005
Fixturereset,P203,close,PASS,,Sep 12 2019 3:05:56.9550 PM,Sep 12 2019 3:05:56.9590 PM,.0042
