document_version, 1.0
station_name,GATEKEEPER
station_id,FXLH_F05-4FT-01_2_GATEKEEPER
station_sw,Atlas
station_sw_version,Atlas

tag,start_time,duration
Read_FATP_SN, 1575272015.25, 6.10
Start Data Reporting, 1575272021.35, 0.02
Start_Control_Bits, 1575272021.37, 0.31
Check_All_CB, 1575272021.68, 8.65
Check_Bootargs_Status, 1575272030.33, 0.88
Get_SFC_Info, 1575272031.20, 0.08
MLB_SN, 1575272031.28, 0.44
WO_SN, 1575272031.71, 0.00
UNIT_LBL, 1575272031.72, 0.00
BUILD_EVENT, 1575272031.72, 0.00
BUILD_MATRIX_CONFIG, 1575272031.72, 0.00
UNIT_#, 1575272031.72, 0.00
S_BUILD, 1575272031.73, 0.00
KBM_SN, 1575272031.73, 0.00
BACKLIGHT_SN, 1575272031.73, 0.00
TRACKPAD_SN, 1575272031.73, 0.00
TOUCH_FLEX_SN, 1575272031.74, 0.00
Read_STFW_Version, 1575272031.74, 0.44
Read_MTFW_Version, 1575272032.18, 0.43
Read_CCG3FW_Version, 1575272032.62, 1.31
Read_HW_Version, 1575272033.93, 0.43
Production_Signed_Check, 1575272034.36, 0.43
GreenPAK_ID, 1575272034.80, 0.44
ID_Response, 1575272035.24, 1.12
Read_KBD_HW_Layout, 1575272036.35, 0.43
Get_KBD_HW_Layout, 1575272036.79, 0.00
Compare_KBD_HW_Layout, 1575272036.79, 0.00
Read_MLB_Lang, 1575272036.79, 0.44
Get_KBD_Lang, 1575272037.23, 0.00
Check_KBD_Lang, 1575272037.23, 0.00
Summary_Critical_Errors, 1575272037.23, 0.43
SYS_Critical_Errors, 1575272037.66, 0.43
FW_Update_Critical_Errors, 1575272038.09, 0.44
Grape_Critical_Errors, 1575272038.53, 0.45
USBC_Critical_Errors, 1575272038.98, 0.44
Backlight_Critical_Errors, 1575272039.42, 0.40
Key_Scan_Critical_Errors, 1575272039.82, 0.44
Grape_Connector_Self_Critical_Errors, 1575272040.26, 6.01
Read_MFI_Address, 1575272046.27, 0.43
Auth_Check, 1575272046.70, 7.54
full_test_durations, 1575272015.22, 39.01
Finish DRCB, 1575272054.23, 0.34
