Related Test,Type,Name,Value
Read_FATP_SN,Device,serialnumber,FTPZQ02CPPLC
Start Data Reporting,Device,softwarename,Atlas 1.9.2
Start Data Reporting,Device,serialnumber,FTPZQ02CPPLC
Start Data Reporting,Device,softwareversion,V2.3.0.0_debug
Start Data Reporting,Device,limitsversion,1
Check_Bootargs_Status,Device,Check_Bootargs_Status,15 00 00 00 
MLB_SN,Device,MLB_SN,DLX9475000SN4735A
WO_SN,Device,WO_SN,WCR-JB0013
UNIT_LBL,Device,UNIT_LBL,R128-EVT_E2AEN-LHWTE1_C02576
BUILD_EVENT,Device,BUILD_EVENT,R128-EVT
S_BUILD,Device,S_BUILD,R128-EVT_E2AEN-LHWTE1
KBM_SN,Device,KBM_SN,C4P945700Y4JCPQ36
BACKLIGHT_SN,Device,BACKLIGHT_SN,GV29472001RN5TG54
TRACKPAD_SN,Device,TRACKPAD_SN,FM7946400CCKG9X58+N7J
TOUCH_FLEX_SN,Device,TOUCH_FLEX_SN,CR194730201JFK01X
Read_STFW_Version,Device,Read_STFW_Version,0x0260
Read_MTFW_Version,Device,Read_MTFW_Version,0x0515
Read_CCG3FW_Version,Device,Read_CCG3FW_Version,A0 01 01 01 02 01 01 01 
Read_HW_Version,Device,Read_HW_Version,0x04
Production_Signed_Check,Device,Production_Signed_Check,0x00
GreenPAK_ID,Device,GreenPAK_ID,03
Read_KBD_HW_Layout,Device,Read_KBD_HW_Layout,0x21
Get_KBD_HW_Layout,Device,Get_KBD_HW_Layout,0x21
Read_MLB_Lang,Device,Read_MLB_Lang,02 01 01 05 49 
Get_KBD_Lang,Device,Get_KBD_Lang,02 01 01 05 49
Read_MFI_Address,Device,Read_MFI_Address,0x10
