Related Test,Name-1,Name-2,Name-3,Status,Info,Measurement,Units,Upper Limit,Lower Limit,Relaxed Upper Limit,Relaxed Lower Limit,Limit Units,Start Time,End Time,Duration (s)
Read_FATP_SN,,,,,,,,,,,,,Dec 2 2019 3:33:35.2490 PM,Dec 2 2019 3:33:41.3470 PM,6.0972
Read_FATP_SN,Read_FATP_SN,StationReportPlugin,isReporting,PASS,,,,,,,,,Dec 2 2019 3:33:35.2520 PM,Dec 2 2019 3:33:35.2530 PM,.0004
Read_FATP_SN,Read_FATP_SN,KAI,changeDelimiter,PASS,,,,,,,,,Dec 2 2019 3:33:35.2550 PM,Dec 2 2019 3:33:35.2550 PM,0
Read_FATP_SN,Read_FATP_SN,KAI,changeLineTerminator,PASS,,,,,,,,,Dec 2 2019 3:33:35.2570 PM,Dec 2 2019 3:33:35.2570 PM,0
Read_FATP_SN,Read_FATP_SN,KAI,open,PASS,,,,,,,,,Dec 2 2019 3:33:35.2590 PM,Dec 2 2019 3:33:36.8520 PM,1.5925
Read_FATP_SN,Read_FATP_SN,KAI,read,PASS,,,,,,,,,Dec 2 2019 3:33:36.8530 PM,Dec 2 2019 3:33:36.8820 PM,.0288
Read_FATP_SN,Read_FATP_SN,[KAI] aid hsena 1,sendCommand,PASS,,,,,,,,,Dec 2 2019 3:33:36.8840 PM,Dec 2 2019 3:33:36.9150 PM,.0314
Read_FATP_SN,Read_FATP_SN,"[Hid] /usr/local/bin/hidreport -locationid 0x14730000 -vid 0x05ac -usage 0xff00,0xb get 0x11",,PASS,,,,,,,,,Dec 2 2019 3:33:40.9610 PM,Dec 2 2019 3:33:40.9610 PM,0
Read_FATP_SN,Read_FATP_SN,Read_FATP_SN,FTPZQ02CPPLC,PASS,,,,,,,,,Dec 2 2019 3:33:41.3460 PM,Dec 2 2019 3:33:41.3460 PM,0
Start Data Reporting,,,,,,,,,,,,,Dec 2 2019 3:33:41.3500 PM,Dec 2 2019 3:33:41.3650 PM,.0151
Start Data Reporting,Start Data Reporting,DRCB,StartDataReporting,PASS,,,,,,,,,Dec 2 2019 3:33:41.3530 PM,Dec 2 2019 3:33:41.3640 PM,.0104
Start_Control_Bits,,,,,,,,,,,,,Dec 2 2019 3:33:41.3680 PM,Dec 2 2019 3:33:41.6760 PM,.3076
Start_Control_Bits,Start_Control_Bits,DRCB,StartControlBits,PASS,,,,,,,,,Dec 2 2019 3:33:41.3700 PM,Dec 2 2019 3:33:41.6750 PM,.3049
Check_All_CB,,,,,,,,,,,,,Dec 2 2019 3:33:41.6780 PM,Dec 2 2019 3:33:50.3190 PM,8.6403
Check_All_CB,Check_All_CB,[Hid] /usr/local/bin/hidreport -locationid 0x14730000 -v 0x5ac -i 0 set 0x3f 0x3f 0x02 0x01,,PASS,,,,,,,,,Dec 2 2019 3:33:41.7310 PM,Dec 2 2019 3:33:41.7310 PM,0
Check_All_CB,Check_All_CB,[Hid] /usr/local/bin/hidreport -locationid 0x14730000 -v 0x5ac -i 0 get 0x3f,,PASS,,,,,,,,,Dec 2 2019 3:33:42.1580 PM,Dec 2 2019 3:33:42.1580 PM,0
Check_All_CB,Check_All_CB,CB_STATUS_MLB-FCT,,FAIL,Failed limits,0,,3,3,,,,Dec 2 2019 3:33:42.5480 PM,Dec 2 2019 3:33:42.5480 PM,0
Check_All_CB,Check_All_CB,ABS_ERASE_MLB-FCT,,PASS,,0,,,,,,,Dec 2 2019 3:33:42.5480 PM,Dec 2 2019 3:33:42.5480 PM,0
Check_All_CB,Check_All_CB,ABS_FAIL_MLB-FCT,,PASS,,0,,,,,,,Dec 2 2019 3:33:42.5480 PM,Dec 2 2019 3:33:42.5480 PM,0
Check_All_CB,Check_All_CB,REL_FAIL_MLB-FCT,,PASS,,0,,,,,,,Dec 2 2019 3:33:42.5490 PM,Dec 2 2019 3:33:42.5490 PM,0
Check_All_CB,Check_All_CB,[Hid] /usr/local/bin/hidreport -locationid 0x14730000 -v 0x5ac -i 0 set 0x3f 0x3f 0x02 0x02,,PASS,,,,,,,,,Dec 2 2019 3:33:42.5910 PM,Dec 2 2019 3:33:42.5910 PM,0
Check_All_CB,Check_All_CB,[Hid] /usr/local/bin/hidreport -locationid 0x14730000 -v 0x5ac -i 0 get 0x3f-2,,PASS,,,,,,,,,Dec 2 2019 3:33:43.0230 PM,Dec 2 2019 3:33:43.0230 PM,0
Check_All_CB,Check_All_CB,CB_STATUS_TEST1,,FAIL,Failed limits,0,,3,3,,,,Dec 2 2019 3:33:43.4150 PM,Dec 2 2019 3:33:43.4150 PM,0
Check_All_CB,Check_All_CB,ABS_ERASE_TEST1,,PASS,,0,,,,,,,Dec 2 2019 3:33:43.4150 PM,Dec 2 2019 3:33:43.4150 PM,0
Check_All_CB,Check_All_CB,ABS_FAIL_TEST1,,PASS,,0,,,,,,,Dec 2 2019 3:33:43.4150 PM,Dec 2 2019 3:33:43.4150 PM,0
Check_All_CB,Check_All_CB,REL_FAIL_TEST1,,PASS,,0,,,,,,,Dec 2 2019 3:33:43.4150 PM,Dec 2 2019 3:33:43.4150 PM,0
Check_All_CB,Check_All_CB,[Hid] /usr/local/bin/hidreport -locationid 0x14730000 -v 0x5ac -i 0 set 0x3f 0x3f 0x02 0x05,,PASS,,,,,,,,,Dec 2 2019 3:33:43.4570 PM,Dec 2 2019 3:33:43.4570 PM,0
Check_All_CB,Check_All_CB,[Hid] /usr/local/bin/hidreport -locationid 0x14730000 -v 0x5ac -i 0 get 0x3f-3,,PASS,,,,,,,,,Dec 2 2019 3:33:43.8890 PM,Dec 2 2019 3:33:43.8890 PM,0
Check_All_CB,Check_All_CB,CB_STATUS_QT0,,FAIL,Failed limits,0,,3,3,,,,Dec 2 2019 3:33:44.2800 PM,Dec 2 2019 3:33:44.2800 PM,0
Check_All_CB,Check_All_CB,ABS_ERASE_QT0,,PASS,,0,,,,,,,Dec 2 2019 3:33:44.2800 PM,Dec 2 2019 3:33:44.2800 PM,0
Check_All_CB,Check_All_CB,ABS_FAIL_QT0,,PASS,,0,,,,,,,Dec 2 2019 3:33:44.2800 PM,Dec 2 2019 3:33:44.2800 PM,0
Check_All_CB,Check_All_CB,REL_FAIL_QT0,,PASS,,0,,,,,,,Dec 2 2019 3:33:44.2800 PM,Dec 2 2019 3:33:44.2800 PM,0
Check_All_CB,Check_All_CB,[Hid] /usr/local/bin/hidreport -locationid 0x14730000 -v 0x5ac -i 0 set 0x3f 0x3f 0x02 0x06,,PASS,,,,,,,,,Dec 2 2019 3:33:44.3230 PM,Dec 2 2019 3:33:44.3230 PM,0
Check_All_CB,Check_All_CB,[Hid] /usr/local/bin/hidreport -locationid 0x14730000 -v 0x5ac -i 0 get 0x3f-4,,PASS,,,,,,,,,Dec 2 2019 3:33:44.7550 PM,Dec 2 2019 3:33:44.7550 PM,0
Check_All_CB,Check_All_CB,CB_STATUS_DFU2-FTW,,PASS,,3,,3,3,,,,Dec 2 2019 3:33:45.1440 PM,Dec 2 2019 3:33:45.1440 PM,0
Check_All_CB,Check_All_CB,ABS_ERASE_DFU2-FTW,,PASS,,0,,,,,,,Dec 2 2019 3:33:45.1440 PM,Dec 2 2019 3:33:45.1440 PM,0
Check_All_CB,Check_All_CB,ABS_FAIL_DFU2-FTW,,PASS,,0,,,,,,,Dec 2 2019 3:33:45.1440 PM,Dec 2 2019 3:33:45.1440 PM,0
Check_All_CB,Check_All_CB,REL_FAIL_DFU2-FTW,,PASS,,0,,,,,,,Dec 2 2019 3:33:45.1440 PM,Dec 2 2019 3:33:45.1440 PM,0
Check_All_CB,Check_All_CB,[Hid] /usr/local/bin/hidreport -locationid 0x14730000 -v 0x5ac -i 0 set 0x3f 0x3f 0x02 0x08,,PASS,,,,,,,,,Dec 2 2019 3:33:45.1870 PM,Dec 2 2019 3:33:45.1870 PM,0
Check_All_CB,Check_All_CB,[Hid] /usr/local/bin/hidreport -locationid 0x14730000 -v 0x5ac -i 0 get 0x3f-5,,PASS,,,,,,,,,Dec 2 2019 3:33:45.6170 PM,Dec 2 2019 3:33:45.6170 PM,0
Check_All_CB,Check_All_CB,CB_STATUS_QT1,,FAIL,Failed limits,0,,3,3,,,,Dec 2 2019 3:33:45.9990 PM,Dec 2 2019 3:33:45.9990 PM,0
Check_All_CB,Check_All_CB,ABS_ERASE_QT1,,PASS,,0,,,,,,,Dec 2 2019 3:33:45.9990 PM,Dec 2 2019 3:33:45.9990 PM,0
Check_All_CB,Check_All_CB,ABS_FAIL_QT1,,PASS,,0,,,,,,,Dec 2 2019 3:33:45.9990 PM,Dec 2 2019 3:33:45.9990 PM,0
Check_All_CB,Check_All_CB,REL_FAIL_QT1,,PASS,,0,,,,,,,Dec 2 2019 3:33:45.9990 PM,Dec 2 2019 3:33:45.9990 PM,0
Check_All_CB,Check_All_CB,[Hid] /usr/local/bin/hidreport -locationid 0x14730000 -v 0x5ac -i 0 set 0x3f 0x3f 0x02 0x09,,PASS,,,,,,,,,Dec 2 2019 3:33:46.0410 PM,Dec 2 2019 3:33:46.0410 PM,0
Check_All_CB,Check_All_CB,[Hid] /usr/local/bin/hidreport -locationid 0x14730000 -v 0x5ac -i 0 get 0x3f-6,,PASS,,,,,,,,,Dec 2 2019 3:33:46.4760 PM,Dec 2 2019 3:33:46.4760 PM,0
Check_All_CB,Check_All_CB,CB_STATUS_LED-TEST,,FAIL,Failed limits,0,,3,3,,,,Dec 2 2019 3:33:46.8660 PM,Dec 2 2019 3:33:46.8660 PM,0
Check_All_CB,Check_All_CB,ABS_ERASE_LED-TEST,,PASS,,0,,,,,,,Dec 2 2019 3:33:46.8660 PM,Dec 2 2019 3:33:46.8660 PM,0
Check_All_CB,Check_All_CB,ABS_FAIL_LED-TEST,,PASS,,0,,,,,,,Dec 2 2019 3:33:46.8660 PM,Dec 2 2019 3:33:46.8660 PM,0
Check_All_CB,Check_All_CB,REL_FAIL_LED-TEST,,PASS,,0,,,,,,,Dec 2 2019 3:33:46.8660 PM,Dec 2 2019 3:33:46.8660 PM,0
Check_All_CB,Check_All_CB,[Hid] /usr/local/bin/hidreport -locationid 0x14730000 -v 0x5ac -i 0 set 0x3f 0x3f 0x02 0x0A,,PASS,,,,,,,,,Dec 2 2019 3:33:46.9080 PM,Dec 2 2019 3:33:46.9080 PM,0
Check_All_CB,Check_All_CB,[Hid] /usr/local/bin/hidreport -locationid 0x14730000 -v 0x5ac -i 0 get 0x3f-7,,PASS,,,,,,,,,Dec 2 2019 3:33:47.3400 PM,Dec 2 2019 3:33:47.3400 PM,0
Check_All_CB,Check_All_CB,CB_STATUS_KEY-FORCE,,FAIL,Failed limits,0,,3,3,,,,Dec 2 2019 3:33:47.7280 PM,Dec 2 2019 3:33:47.7280 PM,0
Check_All_CB,Check_All_CB,ABS_ERASE_KEY-FORCE,,PASS,,0,,,,,,,Dec 2 2019 3:33:47.7280 PM,Dec 2 2019 3:33:47.7280 PM,0
Check_All_CB,Check_All_CB,ABS_FAIL_KEY-FORCE,,PASS,,0,,,,,,,Dec 2 2019 3:33:47.7290 PM,Dec 2 2019 3:33:47.7290 PM,0
Check_All_CB,Check_All_CB,REL_FAIL_KEY-FORCE,,PASS,,0,,,,,,,Dec 2 2019 3:33:47.7290 PM,Dec 2 2019 3:33:47.7290 PM,0
Check_All_CB,Check_All_CB,[Hid] /usr/local/bin/hidreport -locationid 0x14730000 -v 0x5ac -i 0 set 0x3f 0x3f 0x02 0x0B,,PASS,,,,,,,,,Dec 2 2019 3:33:47.7710 PM,Dec 2 2019 3:33:47.7710 PM,0
Check_All_CB,Check_All_CB,[Hid] /usr/local/bin/hidreport -locationid 0x14730000 -v 0x5ac -i 0 get 0x3f-8,,PASS,,,,,,,,,Dec 2 2019 3:33:48.2020 PM,Dec 2 2019 3:33:48.2020 PM,0
Check_All_CB,Check_All_CB,CB_STATUS_TEST2,,FAIL,Failed limits,0,,3,3,,,,Dec 2 2019 3:33:48.5830 PM,Dec 2 2019 3:33:48.5830 PM,0
Check_All_CB,Check_All_CB,ABS_ERASE_TEST2,,PASS,,0,,,,,,,Dec 2 2019 3:33:48.5830 PM,Dec 2 2019 3:33:48.5830 PM,0
Check_All_CB,Check_All_CB,ABS_FAIL_TEST2,,PASS,,0,,,,,,,Dec 2 2019 3:33:48.5830 PM,Dec 2 2019 3:33:48.5830 PM,0
Check_All_CB,Check_All_CB,REL_FAIL_TEST2,,PASS,,0,,,,,,,Dec 2 2019 3:33:48.5840 PM,Dec 2 2019 3:33:48.5840 PM,0
Check_All_CB,Check_All_CB,[Hid] /usr/local/bin/hidreport -locationid 0x14730000 -v 0x5ac -i 0 set 0x3f 0x3f 0x02 0x0C,,PASS,,,,,,,,,Dec 2 2019 3:33:48.6250 PM,Dec 2 2019 3:33:48.6250 PM,0
Check_All_CB,Check_All_CB,[Hid] /usr/local/bin/hidreport -locationid 0x14730000 -v 0x5ac -i 0 get 0x3f-9,,PASS,,,,,,,,,Dec 2 2019 3:33:49.0560 PM,Dec 2 2019 3:33:49.0560 PM,0
Check_All_CB,Check_All_CB,CB_STATUS_MMI,,FAIL,Failed limits,0,,3,3,,,,Dec 2 2019 3:33:49.4570 PM,Dec 2 2019 3:33:49.4570 PM,0
Check_All_CB,Check_All_CB,ABS_ERASE_MMI,,PASS,,0,,,,,,,Dec 2 2019 3:33:49.4580 PM,Dec 2 2019 3:33:49.4580 PM,0
Check_All_CB,Check_All_CB,ABS_FAIL_MMI,,PASS,,0,,,,,,,Dec 2 2019 3:33:49.4580 PM,Dec 2 2019 3:33:49.4580 PM,0
Check_All_CB,Check_All_CB,REL_FAIL_MMI,,PASS,,0,,,,,,,Dec 2 2019 3:33:49.4580 PM,Dec 2 2019 3:33:49.4580 PM,0
Check_All_CB,Check_All_CB,[Hid] /usr/local/bin/hidreport -locationid 0x14730000 -v 0x5ac -i 0 set 0x3f 0x3f 0x02 0x0D,,PASS,,,,,,,,,Dec 2 2019 3:33:49.4990 PM,Dec 2 2019 3:33:49.4990 PM,0
Check_All_CB,Check_All_CB,[Hid] /usr/local/bin/hidreport -locationid 0x14730000 -v 0x5ac -i 0 get 0x3f-10,,PASS,,,,,,,,,Dec 2 2019 3:33:49.9300 PM,Dec 2 2019 3:33:49.9300 PM,0
Check_All_CB,Check_All_CB,CB_STATUS_SW-DOWNLOAD,,FAIL,Failed limits,0,,3,3,,,,Dec 2 2019 3:33:50.3180 PM,Dec 2 2019 3:33:50.3180 PM,0
Check_All_CB,Check_All_CB,ABS_ERASE_SW-DOWNLOAD,,PASS,,0,,,,,,,Dec 2 2019 3:33:50.3180 PM,Dec 2 2019 3:33:50.3180 PM,0
Check_All_CB,Check_All_CB,ABS_FAIL_SW-DOWNLOAD,,PASS,,0,,,,,,,Dec 2 2019 3:33:50.3180 PM,Dec 2 2019 3:33:50.3180 PM,0
Check_All_CB,Check_All_CB,REL_FAIL_SW-DOWNLOAD,,PASS,,0,,,,,,,Dec 2 2019 3:33:50.3180 PM,Dec 2 2019 3:33:50.3180 PM,0
Check_Bootargs_Status,,,,,,,,,,,,,Dec 2 2019 3:33:50.3260 PM,Dec 2 2019 3:33:51.2000 PM,.8739
Check_Bootargs_Status,Check_Bootargs_Status,"[Hid] /usr/local/bin/hidreport -locationid 0x14730000 -u 0xFF00,0x000B set 0x3d 0x3d 0x15 0x0 0x0 0x0",,PASS,,,,,,,,,Dec 2 2019 3:33:50.3750 PM,Dec 2 2019 3:33:50.3750 PM,0
Check_Bootargs_Status,Check_Bootargs_Status,"[Hid] /usr/local/bin/hidreport -locationid 0x14730000 -u 0xFF00,0x000B get 0x3e",,PASS,,,,,,,,,Dec 2 2019 3:33:50.8070 PM,Dec 2 2019 3:33:50.8070 PM,0
Check_Bootargs_Status,Check_Bootargs_Status,Check_Bootargs_Status,15 00 00 00 ,PASS,,,,,,,,,Dec 2 2019 3:33:51.2000 PM,Dec 2 2019 3:33:51.2000 PM,0
Get_SFC_Info,,,,,,,,,,,,,Dec 2 2019 3:33:51.2020 PM,Dec 2 2019 3:33:51.2730 PM,.0709
Get_SFC_Info,Get_SFC_Info,SFCSupport,getAttributes,PASS,,,,,,,,,Dec 2 2019 3:33:51.2040 PM,Dec 2 2019 3:33:51.2320 PM,.0274
Get_SFC_Info,Get_SFC_Info,GET SFC info - unit_lbl,R128-EVT_E2AEN-LHWTE1_C02576,PASS,,,,,,,,,Dec 2 2019 3:33:51.2330 PM,Dec 2 2019 3:33:51.2330 PM,0
Get_SFC_Info,Get_SFC_Info,SFCSupport,getAttributes-2,PASS,,,,,,,,,Dec 2 2019 3:33:51.2340 PM,Dec 2 2019 3:33:51.2380 PM,.0043
Get_SFC_Info,Get_SFC_Info,GET SFC info - wo_no,WCR-JB0013,PASS,,,,,,,,,Dec 2 2019 3:33:51.2390 PM,Dec 2 2019 3:33:51.2390 PM,0
Get_SFC_Info,Get_SFC_Info,SFCSupport,getAttributes-3,PASS,,,,,,,,,Dec 2 2019 3:33:51.2400 PM,Dec 2 2019 3:33:51.2440 PM,.0037
Get_SFC_Info,Get_SFC_Info,GET SFC info - mlb_sn,DLX9475000SN4735A,PASS,,,,,,,,,Dec 2 2019 3:33:51.2450 PM,Dec 2 2019 3:33:51.2450 PM,0
Get_SFC_Info,Get_SFC_Info,SFCSupport,getAttributes-4,PASS,,,,,,,,,Dec 2 2019 3:33:51.2460 PM,Dec 2 2019 3:33:51.2500 PM,.0035
Get_SFC_Info,Get_SFC_Info,GET SFC info - kbm_sn,C4P945700Y4JCPQ36,PASS,,,,,,,,,Dec 2 2019 3:33:51.2510 PM,Dec 2 2019 3:33:51.2510 PM,0
Get_SFC_Info,Get_SFC_Info,SFCSupport,getAttributes-5,PASS,,,,,,,,,Dec 2 2019 3:33:51.2520 PM,Dec 2 2019 3:33:51.2570 PM,.0044
Get_SFC_Info,Get_SFC_Info,GET SFC info - trackpad_sn,FM7946400CCKG9X58+N7J,PASS,,,,,,,,,Dec 2 2019 3:33:51.2570 PM,Dec 2 2019 3:33:51.2570 PM,0
Get_SFC_Info,Get_SFC_Info,SFCSupport,getAttributes-6,PASS,,,,,,,,,Dec 2 2019 3:33:51.2580 PM,Dec 2 2019 3:33:51.2630 PM,.0049
Get_SFC_Info,Get_SFC_Info,GET SFC info - backlight_sn,GV29472001RN5TG54,PASS,,,,,,,,,Dec 2 2019 3:33:51.2640 PM,Dec 2 2019 3:33:51.2640 PM,0
Get_SFC_Info,Get_SFC_Info,SFCSupport,getAttributes-7,PASS,,,,,,,,,Dec 2 2019 3:33:51.2670 PM,Dec 2 2019 3:33:51.2720 PM,.0045
Get_SFC_Info,Get_SFC_Info,GET SFC info - touch_flex_sn,CR194730201JFK01X,PASS,,,,,,,,,Dec 2 2019 3:33:51.2730 PM,Dec 2 2019 3:33:51.2730 PM,0
MLB_SN,,,,,,,,,,,,,Dec 2 2019 3:33:51.2780 PM,Dec 2 2019 3:33:51.7110 PM,.4332
MLB_SN,MLB_SN,"[Hid] /usr/local/bin/hidreport -locationid 0x14730000 -vid 0x05ac -usage 0xff00,0xb get 0x12",,PASS,,,,,,,,,Dec 2 2019 3:33:51.3240 PM,Dec 2 2019 3:33:51.3240 PM,0
MLB_SN,MLB_SN,MLB_SN,DLX9475000SN4735A,PASS,,,,,,,,,Dec 2 2019 3:33:51.7110 PM,Dec 2 2019 3:33:51.7110 PM,0
WO_SN,,,,,,,,,,,,,Dec 2 2019 3:33:51.7140 PM,Dec 2 2019 3:33:51.7140 PM,.0006
WO_SN,WO_SN,WO_SN,WCR-JB0013,PASS,,,,,,,,,Dec 2 2019 3:33:51.7140 PM,Dec 2 2019 3:33:51.7140 PM,0
UNIT_LBL,,,,,,,,,,,,,Dec 2 2019 3:33:51.7170 PM,Dec 2 2019 3:33:51.7170 PM,.0006
UNIT_LBL,UNIT_LBL,UNIT_LBL,R128-EVT_E2AEN-LHWTE1_C02576,PASS,,,,,,,,,Dec 2 2019 3:33:51.7170 PM,Dec 2 2019 3:33:51.7170 PM,0
BUILD_EVENT,,,,,,,,,,,,,Dec 2 2019 3:33:51.7190 PM,Dec 2 2019 3:33:51.7200 PM,.0006
BUILD_EVENT,BUILD_EVENT,BUILD_EVENT: ,R128-EVT,PASS,,,,,,,,,Dec 2 2019 3:33:51.7200 PM,Dec 2 2019 3:33:51.7200 PM,0
BUILD_MATRIX_CONFIG,,,,,,,,,,,,,Dec 2 2019 3:33:51.7220 PM,Dec 2 2019 3:33:51.7220 PM,.0006
BUILD_MATRIX_CONFIG,BUILD_MATRIX_CONFIG,BUILD_MATRIX_CONFIG: ,E2AEN-LHWTE1,PASS,,,,,,,,,Dec 2 2019 3:33:51.7220 PM,Dec 2 2019 3:33:51.7220 PM,0
UNIT_#,,,,,,,,,,,,,Dec 2 2019 3:33:51.7250 PM,Dec 2 2019 3:33:51.7250 PM,.0006
UNIT_#,UNIT_#,UNIT_#: ,C02576,PASS,,,,,,,,,Dec 2 2019 3:33:51.7250 PM,Dec 2 2019 3:33:51.7250 PM,0
S_BUILD,,,,,,,,,,,,,Dec 2 2019 3:33:51.7270 PM,Dec 2 2019 3:33:51.7280 PM,.0006
S_BUILD,S_BUILD,S_BUILD: ,R128-EVT_E2AEN-LHWTE1,PASS,,,,,,,,,Dec 2 2019 3:33:51.7280 PM,Dec 2 2019 3:33:51.7280 PM,0
KBM_SN,,,,,,,,,,,,,Dec 2 2019 3:33:51.7300 PM,Dec 2 2019 3:33:51.7310 PM,.0006
KBM_SN,KBM_SN,KBM_SN,C4P945700Y4JCPQ36,PASS,,,,,,,,,Dec 2 2019 3:33:51.7300 PM,Dec 2 2019 3:33:51.7300 PM,0
BACKLIGHT_SN,,,,,,,,,,,,,Dec 2 2019 3:33:51.7330 PM,Dec 2 2019 3:33:51.7330 PM,.0005
BACKLIGHT_SN,BACKLIGHT_SN,BACKLIGHT_SN,GV29472001RN5TG54,PASS,,,,,,,,,Dec 2 2019 3:33:51.7330 PM,Dec 2 2019 3:33:51.7330 PM,0
TRACKPAD_SN,,,,,,,,,,,,,Dec 2 2019 3:33:51.7350 PM,Dec 2 2019 3:33:51.7360 PM,.0007
TRACKPAD_SN,TRACKPAD_SN,TRACKPAD_SN,FM7946400CCKG9X58+N7J,PASS,,,,,,,,,Dec 2 2019 3:33:51.7360 PM,Dec 2 2019 3:33:51.7360 PM,0
TOUCH_FLEX_SN,,,,,,,,,,,,,Dec 2 2019 3:33:51.7380 PM,Dec 2 2019 3:33:51.7390 PM,.0007
TOUCH_FLEX_SN,TOUCH_FLEX_SN,TOUCH_FLEX_SN,CR194730201JFK01X,PASS,,,,,,,,,Dec 2 2019 3:33:51.7390 PM,Dec 2 2019 3:33:51.7390 PM,0
Read_STFW_Version,,,,,,,,,,,,,Dec 2 2019 3:33:51.7410 PM,Dec 2 2019 3:33:52.1800 PM,.4389
Read_STFW_Version,Read_STFW_Version,[Hid] /usr/local/bin/hidreport -locationid 0x14730000 -vid 0x05ac -interface 0 get 0xb4,,PASS,,,,,,,,,Dec 2 2019 3:33:51.7830 PM,Dec 2 2019 3:33:51.7830 PM,0
Read_STFW_Version,Read_STFW_Version,Read_STFW_Version,,PASS,,608,,608,608,,,,Dec 2 2019 3:33:52.1800 PM,Dec 2 2019 3:33:52.1800 PM,0
Read_MTFW_Version,,,,,,,,,,,,,Dec 2 2019 3:33:52.1830 PM,Dec 2 2019 3:33:52.6150 PM,.4322
Read_MTFW_Version,Read_MTFW_Version,[Hid] /usr/local/bin/hidreport -locationid 0x14730000 -vid 0x05ac -interface 0 get 0xbb,,PASS,,,,,,,,,Dec 2 2019 3:33:52.2240 PM,Dec 2 2019 3:33:52.2240 PM,0
Read_MTFW_Version,Read_MTFW_Version,Read_MTFW_Version,,PASS,,1301,,1301,1301,,,,Dec 2 2019 3:33:52.6150 PM,Dec 2 2019 3:33:52.6150 PM,0
Read_CCG3FW_Version,,,,,,,,,,,,,Dec 2 2019 3:33:52.6180 PM,Dec 2 2019 3:33:53.9290 PM,1.3114
Read_CCG3FW_Version,Read_CCG3FW_Version,"[Hid] /usr/local/bin/hidreport -locationid 0x14730000 -usage 0xff00,0xb set 0xce 0xce 6 6 0",,PASS,,,,,,,,,Dec 2 2019 3:33:52.6580 PM,Dec 2 2019 3:33:52.6580 PM,0
Read_CCG3FW_Version,Read_CCG3FW_Version,"[Hid] /usr/local/bin/hidreport -locationid 0x14730000 -usage 0xff00,0xb get 0xa0",,PASS,,,,,,,,,Dec 2 2019 3:33:53.1170 PM,Dec 2 2019 3:33:53.1170 PM,0
Read_CCG3FW_Version,Read_CCG3FW_Version,"[Hid] /usr/local/bin/hidreport -locationid 0x14730000 -usage 0xff00,0xb set 0xce 0xce 6 6 1",,PASS,,,,,,,,,Dec 2 2019 3:33:53.5460 PM,Dec 2 2019 3:33:53.5460 PM,0
Read_CCG3FW_Version,Read_CCG3FW_Version,Read_CCG3FW_Version,,PASS,,,,,,,,,Dec 2 2019 3:33:53.9280 PM,Dec 2 2019 3:33:53.9280 PM,0
Read_CCG3FW_Version,Read_CCG3FW_Version,Read_CCG3FW_Version,A0 01 01 01 02 01 01 01 ,PASS,,,,,,,,,Dec 2 2019 3:33:53.9290 PM,Dec 2 2019 3:33:53.9290 PM,0
Read_HW_Version,,,,,,,,,,,,,Dec 2 2019 3:33:53.9320 PM,Dec 2 2019 3:33:54.3610 PM,.4294
Read_HW_Version,Read_HW_Version,"[Hid] /usr/local/bin/hidreport -locationid 0x14730000 -vid 0x05ac -usage 0xff00,0xb get 0xbc",,PASS,,,,,,,,,Dec 2 2019 3:33:53.9710 PM,Dec 2 2019 3:33:53.9710 PM,0
Read_HW_Version,Read_HW_Version,Read_HW_Version,,PASS,,4,,4,4,,,,Dec 2 2019 3:33:54.3610 PM,Dec 2 2019 3:33:54.3610 PM,0
Production_Signed_Check,,,,,,,,,,,,,Dec 2 2019 3:33:54.3640 PM,Dec 2 2019 3:33:54.7950 PM,.431
Production_Signed_Check,Production_Signed_Check,"[Hid] /usr/local/bin/hidreport -locationid 0x14730000 -vid 0x05ac -usage 0xff00,0x000b get 0x13",,PASS,,,,,,,,,Dec 2 2019 3:33:54.4040 PM,Dec 2 2019 3:33:54.4040 PM,0
Production_Signed_Check,Production_Signed_Check,Production_Signed_Check,,PASS,,0,,0,0,,,,Dec 2 2019 3:33:54.7940 PM,Dec 2 2019 3:33:54.7940 PM,0
GreenPAK_ID,,,,,,,,,,,,,Dec 2 2019 3:33:54.7980 PM,Dec 2 2019 3:33:55.2350 PM,.437
GreenPAK_ID,GreenPAK_ID,"[Hid] /usr/local/bin/hidreport -locationid 0x14730000 -vid 0x05ac -usage 0xff00,0xb get 0x90",,PASS,,,,,,,,,Dec 2 2019 3:33:54.8460 PM,Dec 2 2019 3:33:54.8460 PM,0
GreenPAK_ID,GreenPAK_ID,GreenPAK_ID,,PASS,,3,,3,3,,,,Dec 2 2019 3:33:55.2350 PM,Dec 2 2019 3:33:55.2350 PM,0
ID_Response,,,,,,,,,,,,,Dec 2 2019 3:33:55.2380 PM,Dec 2 2019 3:33:56.3510 PM,1.1138
ID_Response,ID_Response,KAI,read,PASS,,,,,,,,,Dec 2 2019 3:33:55.2390 PM,Dec 2 2019 3:33:55.2650 PM,.0259
ID_Response,ID_Response,[KAI] I2c Read 1 26 74 7,sendCommand,PASS,,,,,,,,,Dec 2 2019 3:33:55.2660 PM,Dec 2 2019 3:33:55.2840 PM,.0181
ID_Response,ID_Response,ID_Response,,PASS,,,,,,,,,Dec 2 2019 3:33:56.3510 PM,Dec 2 2019 3:33:56.3510 PM,0
Read_KBD_HW_Layout,,,,,,,,,,,,,Dec 2 2019 3:33:56.3540 PM,Dec 2 2019 3:33:56.7830 PM,.4293
Read_KBD_HW_Layout,Read_KBD_HW_Layout,"[Hid] /usr/local/bin/hidreport -locationid 0x14730000 -vid 0x05ac -usage 0x0001,0x0006 get 0x04",,PASS,,,,,,,,,Dec 2 2019 3:33:56.3960 PM,Dec 2 2019 3:33:56.3960 PM,0
Read_KBD_HW_Layout,Read_KBD_HW_Layout,Read_KBD_HW_Layout,,PASS,,33,,33,33,,,,Dec 2 2019 3:33:56.7830 PM,Dec 2 2019 3:33:56.7830 PM,0
Get_KBD_HW_Layout,,,,,,,,,,,,,Dec 2 2019 3:33:56.7860 PM,Dec 2 2019 3:33:56.7870 PM,.0009
Get_KBD_HW_Layout,Get_KBD_HW_Layout,Read_KBD_HW_Layout,,PASS,,33,,33,33,,,,Dec 2 2019 3:33:56.7870 PM,Dec 2 2019 3:33:56.7870 PM,0
Compare_KBD_HW_Layout,,,,,,,,,,,,,Dec 2 2019 3:33:56.7890 PM,Dec 2 2019 3:33:56.7900 PM,.0005
Compare_KBD_HW_Layout,Compare_KBD_HW_Layout,Compare_KBD_HW_Layout,,PASS,,,,,,,,,Dec 2 2019 3:33:56.7900 PM,Dec 2 2019 3:33:56.7900 PM,0
Read_MLB_Lang,,,,,,,,,,,,,Dec 2 2019 3:33:56.7920 PM,Dec 2 2019 3:33:57.2250 PM,.4331
Read_MLB_Lang,Read_MLB_Lang,"[Hid] /usr/local/bin/hidreport -locationid 0x14730000 -vid 0x05ac -usage 0x0001,0x0006 get 0x02",,PASS,,,,,,,,,Dec 2 2019 3:33:56.8360 PM,Dec 2 2019 3:33:56.8360 PM,0
Read_MLB_Lang,Read_MLB_Lang,Read_MLB_Lang,02 01 01 05 49 ,PASS,,,,,,,,,Dec 2 2019 3:33:57.2250 PM,Dec 2 2019 3:33:57.2250 PM,0
Get_KBD_Lang,,,,,,,,,,,,,Dec 2 2019 3:33:57.2280 PM,Dec 2 2019 3:33:57.2280 PM,.0006
Get_KBD_Lang,Get_KBD_Lang,Get_KBD_Lang,02 01 01 05 49,PASS,,,,,,,,,Dec 2 2019 3:33:57.2280 PM,Dec 2 2019 3:33:57.2280 PM,0
Check_KBD_Lang,,,,,,,,,,,,,Dec 2 2019 3:33:57.2300 PM,Dec 2 2019 3:33:57.2310 PM,.0005
Check_KBD_Lang,Check_KBD_Lang,Check_KBD_Lang,,PASS,,,,,,,,,Dec 2 2019 3:33:57.2310 PM,Dec 2 2019 3:33:57.2310 PM,0
Summary_Critical_Errors,,,,,,,,,,,,,Dec 2 2019 3:33:57.2330 PM,Dec 2 2019 3:33:57.6590 PM,.4256
Summary_Critical_Errors,Summary_Critical_Errors,"[Hid] /usr/local/bin/hidreport -locationid 0x14730000 -vid 0x05ac -usage 0xff00,0xb get 0xE0",,PASS,,,,,,,,,Dec 2 2019 3:33:57.2730 PM,Dec 2 2019 3:33:57.2730 PM,0
Summary_Critical_Errors,Summary_Critical_Errors,CRIT_ERR_E0_PART1,,PASS,,0,,,,,,,Dec 2 2019 3:33:57.6570 PM,Dec 2 2019 3:33:57.6570 PM,0
Summary_Critical_Errors,Summary_Critical_Errors,CRIT_ERR_E0,,PASS,,,,,,,,,Dec 2 2019 3:33:57.6580 PM,Dec 2 2019 3:33:57.6580 PM,0
SYS_Critical_Errors,,,,,,,,,,,,,Dec 2 2019 3:33:57.6610 PM,Dec 2 2019 3:33:58.0910 PM,.4301
SYS_Critical_Errors,SYS_Critical_Errors,"[Hid] /usr/local/bin/hidreport -locationid 0x14730000 -usage 0xff00,0xb get 0xE1",,PASS,,,,,,,,,Dec 2 2019 3:33:57.7030 PM,Dec 2 2019 3:33:57.7030 PM,0
SYS_Critical_Errors,SYS_Critical_Errors,CRIT_ERR_E1_PART1,,PASS,,8704,,,,,,,Dec 2 2019 3:33:58.0890 PM,Dec 2 2019 3:33:58.0890 PM,0
SYS_Critical_Errors,SYS_Critical_Errors,CRIT_ERR_E1_PART2,,PASS,,0,,,,,,,Dec 2 2019 3:33:58.0900 PM,Dec 2 2019 3:33:58.0900 PM,0
SYS_Critical_Errors,SYS_Critical_Errors,CRIT_ERR_E1_PART3,,PASS,,0,,,,,,,Dec 2 2019 3:33:58.0900 PM,Dec 2 2019 3:33:58.0900 PM,0
SYS_Critical_Errors,SYS_Critical_Errors,CRIT_ERR_E1,,PASS,,,,,,,,,Dec 2 2019 3:33:58.0910 PM,Dec 2 2019 3:33:58.0910 PM,0
FW_Update_Critical_Errors,,,,,,,,,,,,,Dec 2 2019 3:33:58.0950 PM,Dec 2 2019 3:33:58.5320 PM,.4375
FW_Update_Critical_Errors,FW_Update_Critical_Errors,"[Hid] /usr/local/bin/hidreport -locationid 0x14730000 -usage 0xff00,0xb get 0xE2",,PASS,,,,,,,,,Dec 2 2019 3:33:58.1370 PM,Dec 2 2019 3:33:58.1370 PM,0
FW_Update_Critical_Errors,FW_Update_Critical_Errors,CRIT_ERR_E2_PART1,,PASS,,0,,,,,,,Dec 2 2019 3:33:58.5300 PM,Dec 2 2019 3:33:58.5300 PM,0
FW_Update_Critical_Errors,FW_Update_Critical_Errors,CRIT_ERR_E2_PART2,,PASS,,0,,,,,,,Dec 2 2019 3:33:58.5300 PM,Dec 2 2019 3:33:58.5300 PM,0
FW_Update_Critical_Errors,FW_Update_Critical_Errors,CRIT_ERR_E2_PART3,,PASS,,0,,,,,,,Dec 2 2019 3:33:58.5310 PM,Dec 2 2019 3:33:58.5310 PM,0
FW_Update_Critical_Errors,FW_Update_Critical_Errors,CRIT_ERR_E2,,PASS,,,,,,,,,Dec 2 2019 3:33:58.5320 PM,Dec 2 2019 3:33:58.5320 PM,0
Grape_Critical_Errors,,,,,,,,,,,,,Dec 2 2019 3:33:58.5350 PM,Dec 2 2019 3:33:58.9790 PM,.4442
Grape_Critical_Errors,Grape_Critical_Errors,"[Hid] /usr/local/bin/hidreport -locationid 0x14730000 -usage 0xff00,0xb get 0xE5",,PASS,,,,,,,,,Dec 2 2019 3:33:58.5810 PM,Dec 2 2019 3:33:58.5810 PM,0
Grape_Critical_Errors,Grape_Critical_Errors,CRIT_ERR_E5_PART1,,PASS,,0,,,,,,,Dec 2 2019 3:33:58.9740 PM,Dec 2 2019 3:33:58.9740 PM,0
Grape_Critical_Errors,Grape_Critical_Errors,CRIT_ERR_E5_PART2,,PASS,,0,,,,,,,Dec 2 2019 3:33:58.9740 PM,Dec 2 2019 3:33:58.9740 PM,0
Grape_Critical_Errors,Grape_Critical_Errors,CRIT_ERR_E5_PART3,,PASS,,0,,,,,,,Dec 2 2019 3:33:58.9750 PM,Dec 2 2019 3:33:58.9750 PM,0
Grape_Critical_Errors,Grape_Critical_Errors,CRIT_ERR_E5_PART4,,PASS,,0,,,,,,,Dec 2 2019 3:33:58.9750 PM,Dec 2 2019 3:33:58.9750 PM,0
Grape_Critical_Errors,Grape_Critical_Errors,CRIT_ERR_E5_PART5,,PASS,,0,,,,,,,Dec 2 2019 3:33:58.9750 PM,Dec 2 2019 3:33:58.9750 PM,0
Grape_Critical_Errors,Grape_Critical_Errors,CRIT_ERR_E5_PART6,,PASS,,0,,,,,,,Dec 2 2019 3:33:58.9760 PM,Dec 2 2019 3:33:58.9760 PM,0
Grape_Critical_Errors,Grape_Critical_Errors,CRIT_ERR_E5_PART7,,PASS,,0,,,,,,,Dec 2 2019 3:33:58.9760 PM,Dec 2 2019 3:33:58.9760 PM,0
Grape_Critical_Errors,Grape_Critical_Errors,CRIT_ERR_E5_PART8,,PASS,,0,,,,,,,Dec 2 2019 3:33:58.9770 PM,Dec 2 2019 3:33:58.9770 PM,0
Grape_Critical_Errors,Grape_Critical_Errors,CRIT_ERR_E5_PART9,,PASS,,0,,,,,,,Dec 2 2019 3:33:58.9770 PM,Dec 2 2019 3:33:58.9770 PM,0
Grape_Critical_Errors,Grape_Critical_Errors,CRIT_ERR_E5_PART10,,PASS,,0,,,,,,,Dec 2 2019 3:33:58.9770 PM,Dec 2 2019 3:33:58.9770 PM,0
Grape_Critical_Errors,Grape_Critical_Errors,CRIT_ERR_E5,,PASS,,,,,,,,,Dec 2 2019 3:33:58.9790 PM,Dec 2 2019 3:33:58.9790 PM,0
USBC_Critical_Errors,,,,,,,,,,,,,Dec 2 2019 3:33:58.9830 PM,Dec 2 2019 3:33:59.4180 PM,.4349
USBC_Critical_Errors,USBC_Critical_Errors,"[Hid] /usr/local/bin/hidreport -locationid 0x14730000 -usage 0xff00,0xb get 0xE3",,PASS,,,,,,,,,Dec 2 2019 3:33:59.0300 PM,Dec 2 2019 3:33:59.0300 PM,0
USBC_Critical_Errors,USBC_Critical_Errors,CRIT_ERR_E3_PART1,,PASS,,0,,,,,,,Dec 2 2019 3:33:59.4160 PM,Dec 2 2019 3:33:59.4160 PM,0
USBC_Critical_Errors,USBC_Critical_Errors,CRIT_ERR_E3_PART2,,PASS,,0,,,,,,,Dec 2 2019 3:33:59.4160 PM,Dec 2 2019 3:33:59.4160 PM,0
USBC_Critical_Errors,USBC_Critical_Errors,CRIT_ERR_E3_PART3,,PASS,,0,,,,,,,Dec 2 2019 3:33:59.4160 PM,Dec 2 2019 3:33:59.4160 PM,0
USBC_Critical_Errors,USBC_Critical_Errors,CRIT_ERR_E3_PART4,,PASS,,0,,,,,,,Dec 2 2019 3:33:59.4170 PM,Dec 2 2019 3:33:59.4170 PM,0
USBC_Critical_Errors,USBC_Critical_Errors,CRIT_ERR_E3,,PASS,,,,,,,,,Dec 2 2019 3:33:59.4180 PM,Dec 2 2019 3:33:59.4180 PM,0
Backlight_Critical_Errors,,,,,,,,,,,,,Dec 2 2019 3:33:59.4210 PM,Dec 2 2019 3:33:59.8150 PM,.3934
Backlight_Critical_Errors,Backlight_Critical_Errors,"[Hid] /usr/local/bin/hidreport -locationid 0x14730000 -vid 0x05ac -usage 0xff00,0xf get 0x17",,PASS,,,,,,,,,Dec 2 2019 3:33:59.4630 PM,Dec 2 2019 3:33:59.4630 PM,0
Backlight_Critical_Errors,Backlight_Critical_Errors,BL_CRI_ERR_PART1,,PASS,,0,,,,,,,Dec 2 2019 3:33:59.8140 PM,Dec 2 2019 3:33:59.8140 PM,0
Backlight_Critical_Errors,Backlight_Critical_Errors,BL_CRI_ERR,,PASS,,,,,,,,,Dec 2 2019 3:33:59.8150 PM,Dec 2 2019 3:33:59.8150 PM,0
Key_Scan_Critical_Errors,,,,,,,,,,,,,Dec 2 2019 3:33:59.8180 PM,Dec 2 2019 3:34:00.2540 PM,.4353
Key_Scan_Critical_Errors,Key_Scan_Critical_Errors,"[Hid] /usr/local/bin/hidreport -locationid 0x14730000 -usage 0xff00,0xb get 0xE7",,PASS,,,,,,,,,Dec 2 2019 3:33:59.8620 PM,Dec 2 2019 3:33:59.8620 PM,0
Key_Scan_Critical_Errors,Key_Scan_Critical_Errors,CRIT_ERR_E7_PART1,,PASS,,0,,,,,,,Dec 2 2019 3:34:00.2510 PM,Dec 2 2019 3:34:00.2510 PM,0
Key_Scan_Critical_Errors,Key_Scan_Critical_Errors,CRIT_ERR_E7_PART2,,PASS,,0,,,,,,,Dec 2 2019 3:34:00.2510 PM,Dec 2 2019 3:34:00.2510 PM,0
Key_Scan_Critical_Errors,Key_Scan_Critical_Errors,CRIT_ERR_E7_PART3,,PASS,,0,,,,,,,Dec 2 2019 3:34:00.2520 PM,Dec 2 2019 3:34:00.2520 PM,0
Key_Scan_Critical_Errors,Key_Scan_Critical_Errors,CRIT_ERR_E7_PART4,,PASS,,0,,,,,,,Dec 2 2019 3:34:00.2520 PM,Dec 2 2019 3:34:00.2520 PM,0
Key_Scan_Critical_Errors,Key_Scan_Critical_Errors,CRIT_ERR_E7_PART5,,PASS,,0,,,,,,,Dec 2 2019 3:34:00.2520 PM,Dec 2 2019 3:34:00.2520 PM,0
Key_Scan_Critical_Errors,Key_Scan_Critical_Errors,CRIT_ERR_E7,,PASS,,,,,,,,,Dec 2 2019 3:34:00.2540 PM,Dec 2 2019 3:34:00.2540 PM,0
Grape_Connector_Self_Critical_Errors,,,,,,,,,,,,,Dec 2 2019 3:34:00.2570 PM,Dec 2 2019 3:34:06.2640 PM,6.0075
Grape_Connector_Self_Critical_Errors,Grape_Connector_Self_Critical_Errors,KAI,changeDelimiter,PASS,,,,,,,,,Dec 2 2019 3:34:00.2590 PM,Dec 2 2019 3:34:00.2590 PM,0
Grape_Connector_Self_Critical_Errors,Grape_Connector_Self_Critical_Errors,[KAI] sys hrst,sendCommand,PASS,,,,,,,,,Dec 2 2019 3:34:00.2600 PM,Dec 2 2019 3:34:00.3780 PM,.1183
Grape_Connector_Self_Critical_Errors,Grape_Connector_Self_Critical_Errors,KAI,changeDelimiter-2,PASS,,,,,,,,,Dec 2 2019 3:34:00.3800 PM,Dec 2 2019 3:34:00.3800 PM,0
Grape_Connector_Self_Critical_Errors,Grape_Connector_Self_Critical_Errors,[KAI] orion mode 10,sendCommand,PASS,,,,,,,,,Dec 2 2019 3:34:00.3820 PM,Dec 2 2019 3:34:00.4070 PM,.0247
Grape_Connector_Self_Critical_Errors,Grape_Connector_Self_Critical_Errors,KAI,read,PASS,,,,,,,,,Dec 2 2019 3:34:01.4090 PM,Dec 2 2019 3:34:01.4340 PM,.0256
Grape_Connector_Self_Critical_Errors,Grape_Connector_Self_Critical_Errors,[KAI] aid tx bd 37 0c 00 01 04 00 00 00 20 05 b8 00 86 78 b8 00 86 71,sendCommand,PASS,,,,,,,,,Dec 2 2019 3:34:02.5110 PM,Dec 2 2019 3:34:02.5410 PM,.0296
Grape_Connector_Self_Critical_Errors,Grape_Connector_Self_Critical_Errors,[KAI] aid hsena 1,sendCommand,PASS,,,,,,,,,Dec 2 2019 3:34:02.7150 PM,Dec 2 2019 3:34:02.7480 PM,.0337
Grape_Connector_Self_Critical_Errors,Grape_Connector_Self_Critical_Errors,"[Hid] /usr/local/bin/hidreport -locationid 0x14730000 -usage 0x0001,0x0002 get 0xD3",,PASS,,,,,,,,,Dec 2 2019 3:34:05.8740 PM,Dec 2 2019 3:34:05.8740 PM,0
Grape_Connector_Self_Critical_Errors,Grape_Connector_Self_Critical_Errors,CRIT_ERR_D3_PART1,,PASS,,17437701,,,,,,,Dec 2 2019 3:34:06.2620 PM,Dec 2 2019 3:34:06.2620 PM,0
Grape_Connector_Self_Critical_Errors,Grape_Connector_Self_Critical_Errors,CRIT_ERR_D3_PART2,,PASS,,352324116,,,,,,,Dec 2 2019 3:34:06.2630 PM,Dec 2 2019 3:34:06.2630 PM,0
Grape_Connector_Self_Critical_Errors,Grape_Connector_Self_Critical_Errors,CRIT_ERR_D3_PART3,,PASS,,436404224,,,,,,,Dec 2 2019 3:34:06.2630 PM,Dec 2 2019 3:34:06.2630 PM,0
Grape_Connector_Self_Critical_Errors,Grape_Connector_Self_Critical_Errors,CRIT_ERR_D3,,PASS,,,,,,,,,Dec 2 2019 3:34:06.2640 PM,Dec 2 2019 3:34:06.2640 PM,0
Read_MFI_Address,,,,,,,,,,,,,Dec 2 2019 3:34:06.2680 PM,Dec 2 2019 3:34:06.6940 PM,.4257
Read_MFI_Address,Read_MFI_Address,[Hid] /usr/local/bin/hidreport -locationid 0x14730000 -v 0x05ac -i 0 get 0x5E,,PASS,,,,,,,,,Dec 2 2019 3:34:06.3100 PM,Dec 2 2019 3:34:06.3100 PM,0
Read_MFI_Address,Read_MFI_Address,Read_MFI_Address,,PASS,,16,,16,16,,,,Dec 2 2019 3:34:06.6930 PM,Dec 2 2019 3:34:06.6930 PM,0
Auth_Check,,,,,,,,,,,,,Dec 2 2019 3:34:06.6960 PM,Dec 2 2019 3:34:14.2240 PM,7.5276
Auth_Check,Auth_Check,KAI,changeDelimiter,PASS,,,,,,,,,Dec 2 2019 3:34:06.6970 PM,Dec 2 2019 3:34:06.6980 PM,0
Auth_Check,Auth_Check,[KAI] sys hrst,sendCommand,PASS,,,,,,,,,Dec 2 2019 3:34:06.6990 PM,Dec 2 2019 3:34:06.8170 PM,.1184
Auth_Check,Auth_Check,KAI,changeDelimiter-2,PASS,,,,,,,,,Dec 2 2019 3:34:07.3920 PM,Dec 2 2019 3:34:07.3920 PM,0
Auth_Check,Auth_Check,[KAI] orion mode 10,sendCommand,PASS,,,,,,,,,Dec 2 2019 3:34:07.3950 PM,Dec 2 2019 3:34:07.4120 PM,.0174
Auth_Check,Auth_Check,KAI,read,PASS,,,,,,,,,Dec 2 2019 3:34:10.4850 PM,Dec 2 2019 3:34:10.5140 PM,.0294
Auth_Check,Auth_Check,KAI,read-2,PASS,,,,,,,,,Dec 2 2019 3:34:10.5290 PM,Dec 2 2019 3:34:10.5550 PM,.0261
Auth_Check,Auth_Check,[KAI] aid tx bd 1 3 24 71 5 10 0 00,sendCommand,PASS,,,,,,,,,Dec 2 2019 3:34:10.5560 PM,Dec 2 2019 3:34:10.5890 PM,.0326
Auth_Check,Auth_Check,KAI,read-3,PASS,,,,,,,,,Dec 2 2019 3:34:10.5920 PM,Dec 2 2019 3:34:10.6150 PM,.0233
Auth_Check,Auth_Check,KAI,read-4,PASS,,,,,,,,,Dec 2 2019 3:34:10.6170 PM,Dec 2 2019 3:34:10.6450 PM,.028
Auth_Check,Auth_Check,[KAI] aid tx bd 2 2 24 71 5 10 8,sendCommand,PASS,,,,,,,,,Dec 2 2019 3:34:10.6470 PM,Dec 2 2019 3:34:10.6640 PM,.017
Auth_Check,Auth_Check,1. Fetch device info,,PASS,,,,,,,,,Dec 2 2019 3:34:10.6660 PM,Dec 2 2019 3:34:10.6660 PM,0
Auth_Check,Auth_Check,      version: 0x07,,PASS,,,,,,,,,Dec 2 2019 3:34:10.6660 PM,Dec 2 2019 3:34:10.6660 PM,0
Auth_Check,Auth_Check,auth revision: 0x01,,PASS,,,,,,,,,Dec 2 2019 3:34:10.6670 PM,Dec 2 2019 3:34:10.6670 PM,0
Auth_Check,Auth_Check,auth protocol: 0x0300,,PASS,,,,,,,,,Dec 2 2019 3:34:10.6670 PM,Dec 2 2019 3:34:10.6670 PM,0
Auth_Check,Auth_Check,    device ID: 0x00000300,,PASS,,,,,,,,,Dec 2 2019 3:34:10.6670 PM,Dec 2 2019 3:34:10.6670 PM,0
Auth_Check,Auth_Check,KAI,read-5,PASS,,,,,,,,,Dec 2 2019 3:34:10.6680 PM,Dec 2 2019 3:34:10.6950 PM,.0272
Auth_Check,Auth_Check,[KAI] aid tx bd 3 3 24 71 5 10 0 30,sendCommand,PASS,,,,,,,,,Dec 2 2019 3:34:10.6970 PM,Dec 2 2019 3:34:10.7300 PM,.0328
Auth_Check,Auth_Check,KAI,read-6,PASS,,,,,,,,,Dec 2 2019 3:34:10.7330 PM,Dec 2 2019 3:34:10.7560 PM,.023
Auth_Check,Auth_Check,KAI,read-7,PASS,,,,,,,,,Dec 2 2019 3:34:10.7580 PM,Dec 2 2019 3:34:10.7860 PM,.0283
Auth_Check,Auth_Check,[KAI] aid tx bd 4 2 24 71 5 10 2,sendCommand,PASS,,,,,,,,,Dec 2 2019 3:34:10.7880 PM,Dec 2 2019 3:34:10.8050 PM,.0168
Auth_Check,Auth_Check,2. Fetch cert length,,PASS,,,,,,,,,Dec 2 2019 3:34:10.8070 PM,Dec 2 2019 3:34:10.8070 PM,0
Auth_Check,Auth_Check,KAI,read-8,PASS,,,,,,,,,Dec 2 2019 3:34:10.8080 PM,Dec 2 2019 3:34:10.8300 PM,.0221
Auth_Check,Auth_Check,[KAI] aid tx bd 5 3 24 71 5 10 0 31,sendCommand,PASS,,,,,,,,,Dec 2 2019 3:34:10.8330 PM,Dec 2 2019 3:34:10.8650 PM,.0329
Auth_Check,Auth_Check,KAI,read-9,PASS,,,,,,,,,Dec 2 2019 3:34:10.8680 PM,Dec 2 2019 3:34:10.8960 PM,.028
Auth_Check,Auth_Check,KAI,read-10,PASS,,,,,,,,,Dec 2 2019 3:34:10.8980 PM,Dec 2 2019 3:34:10.9270 PM,.0281
Auth_Check,Auth_Check,[KAI] aid tx bd 6 2 24 71 5 10 23,sendCommand,PASS,,,,,,,,,Dec 2 2019 3:34:10.9280 PM,Dec 2 2019 3:34:10.9450 PM,.0165
Auth_Check,Auth_Check,KAI,read-11,PASS,,,,,,,,,Dec 2 2019 3:34:10.9480 PM,Dec 2 2019 3:34:10.9720 PM,.024
Auth_Check,Auth_Check,KAI,read-12,PASS,,,,,,,,,Dec 2 2019 3:34:10.9740 PM,Dec 2 2019 3:34:10.9970 PM,.0225
Auth_Check,Auth_Check,[KAI] aid tx bd 7 2 24 71 5 10 23,sendCommand,PASS,,,,,,,,,Dec 2 2019 3:34:10.9980 PM,Dec 2 2019 3:34:11.0160 PM,.0173
Auth_Check,Auth_Check,KAI,read-13,PASS,,,,,,,,,Dec 2 2019 3:34:11.0190 PM,Dec 2 2019 3:34:11.0410 PM,.0226
Auth_Check,Auth_Check,KAI,read-14,PASS,,,,,,,,,Dec 2 2019 3:34:11.0430 PM,Dec 2 2019 3:34:11.0670 PM,.0239
Auth_Check,Auth_Check,[KAI] aid tx bd 8 2 24 71 5 10 23,sendCommand,PASS,,,,,,,,,Dec 2 2019 3:34:11.0690 PM,Dec 2 2019 3:34:11.0860 PM,.0169
Auth_Check,Auth_Check,KAI,read-15,PASS,,,,,,,,,Dec 2 2019 3:34:11.0890 PM,Dec 2 2019 3:34:11.1110 PM,.0225
Auth_Check,Auth_Check,KAI,read-16,PASS,,,,,,,,,Dec 2 2019 3:34:11.1140 PM,Dec 2 2019 3:34:11.1380 PM,.024
Auth_Check,Auth_Check,[KAI] aid tx bd 9 2 24 71 5 10 17,sendCommand,PASS,,,,,,,,,Dec 2 2019 3:34:11.1390 PM,Dec 2 2019 3:34:11.1560 PM,.0166
Auth_Check,Auth_Check,KAI,read-17,PASS,,,,,,,,,Dec 2 2019 3:34:11.1590 PM,Dec 2 2019 3:34:11.1880 PM,.0284
Auth_Check,Auth_Check,[KAI] aid tx bd a 3 24 71 5 10 0 32,sendCommand,PASS,,,,,,,,,Dec 2 2019 3:34:11.1890 PM,Dec 2 2019 3:34:11.2220 PM,.0326
Auth_Check,Auth_Check,KAI,read-18,PASS,,,,,,,,,Dec 2 2019 3:34:11.2250 PM,Dec 2 2019 3:34:11.2480 PM,.0236
Auth_Check,Auth_Check,KAI,read-19,PASS,,,,,,,,,Dec 2 2019 3:34:11.2500 PM,Dec 2 2019 3:34:11.2780 PM,.0281
Auth_Check,Auth_Check,[KAI] aid tx bd b 2 24 71 5 10 23,sendCommand,PASS,,,,,,,,,Dec 2 2019 3:34:11.2800 PM,Dec 2 2019 3:34:11.2970 PM,.0168
Auth_Check,Auth_Check,KAI,read-20,PASS,,,,,,,,,Dec 2 2019 3:34:11.3000 PM,Dec 2 2019 3:34:11.3290 PM,.0289
Auth_Check,Auth_Check,KAI,read-21,PASS,,,,,,,,,Dec 2 2019 3:34:11.3310 PM,Dec 2 2019 3:34:11.3550 PM,.0238
Auth_Check,Auth_Check,[KAI] aid tx bd c 2 24 71 5 10 23,sendCommand,PASS,,,,,,,,,Dec 2 2019 3:34:11.3560 PM,Dec 2 2019 3:34:11.3730 PM,.0164
Auth_Check,Auth_Check,KAI,read-22,PASS,,,,,,,,,Dec 2 2019 3:34:11.3760 PM,Dec 2 2019 3:34:11.4030 PM,.0276
Auth_Check,Auth_Check,KAI,read-23,PASS,,,,,,,,,Dec 2 2019 3:34:11.4050 PM,Dec 2 2019 3:34:11.4290 PM,.0239
Auth_Check,Auth_Check,[KAI] aid tx bd d 2 24 71 5 10 23,sendCommand,PASS,,,,,,,,,Dec 2 2019 3:34:11.4310 PM,Dec 2 2019 3:34:11.4480 PM,.0168
Auth_Check,Auth_Check,KAI,read-24,PASS,,,,,,,,,Dec 2 2019 3:34:11.4510 PM,Dec 2 2019 3:34:11.4790 PM,.0286
Auth_Check,Auth_Check,KAI,read-25,PASS,,,,,,,,,Dec 2 2019 3:34:11.4810 PM,Dec 2 2019 3:34:11.5100 PM,.0283
Auth_Check,Auth_Check,[KAI] aid tx bd e 2 24 71 5 10 17,sendCommand,PASS,,,,,,,,,Dec 2 2019 3:34:11.5110 PM,Dec 2 2019 3:34:11.5290 PM,.0175
Auth_Check,Auth_Check,KAI,read-26,PASS,,,,,,,,,Dec 2 2019 3:34:11.5320 PM,Dec 2 2019 3:34:11.5540 PM,.0219
Auth_Check,Auth_Check,[KAI] aid tx bd f 3 24 71 5 10 0 33,sendCommand,PASS,,,,,,,,,Dec 2 2019 3:34:11.5560 PM,Dec 2 2019 3:34:11.5880 PM,.0322
Auth_Check,Auth_Check,KAI,read-27,PASS,,,,,,,,,Dec 2 2019 3:34:11.5910 PM,Dec 2 2019 3:34:11.6200 PM,.0293
Auth_Check,Auth_Check,KAI,read-28,PASS,,,,,,,,,Dec 2 2019 3:34:11.6220 PM,Dec 2 2019 3:34:11.6500 PM,.028
Auth_Check,Auth_Check,[KAI] aid tx bd 10 2 24 71 5 10 23,sendCommand,PASS,,,,,,,,,Dec 2 2019 3:34:11.6520 PM,Dec 2 2019 3:34:11.6850 PM,.0329
Auth_Check,Auth_Check,KAI,read-29,PASS,,,,,,,,,Dec 2 2019 3:34:11.6880 PM,Dec 2 2019 3:34:11.7110 PM,.023
Auth_Check,Auth_Check,KAI,read-30,PASS,,,,,,,,,Dec 2 2019 3:34:11.7130 PM,Dec 2 2019 3:34:11.7410 PM,.0281
Auth_Check,Auth_Check,[KAI] aid tx bd 11 2 24 71 5 10 23,sendCommand,PASS,,,,,,,,,Dec 2 2019 3:34:11.7430 PM,Dec 2 2019 3:34:11.7760 PM,.0331
Auth_Check,Auth_Check,KAI,read-31,PASS,,,,,,,,,Dec 2 2019 3:34:11.7790 PM,Dec 2 2019 3:34:11.8000 PM,.0209
Auth_Check,Auth_Check,KAI,read-32,PASS,,,,,,,,,Dec 2 2019 3:34:11.8020 PM,Dec 2 2019 3:34:11.8310 PM,.0296
Auth_Check,Auth_Check,[KAI] aid tx bd 12 2 24 71 5 10 23,sendCommand,PASS,,,,,,,,,Dec 2 2019 3:34:11.8330 PM,Dec 2 2019 3:34:11.8660 PM,.0329
Auth_Check,Auth_Check,KAI,read-33,PASS,,,,,,,,,Dec 2 2019 3:34:11.8690 PM,Dec 2 2019 3:34:11.8970 PM,.0279
Auth_Check,Auth_Check,KAI,read-34,PASS,,,,,,,,,Dec 2 2019 3:34:11.8990 PM,Dec 2 2019 3:34:11.9220 PM,.0225
Auth_Check,Auth_Check,[KAI] aid tx bd 13 2 24 71 5 10 17,sendCommand,PASS,,,,,,,,,Dec 2 2019 3:34:11.9230 PM,Dec 2 2019 3:34:11.9550 PM,.032
Auth_Check,Auth_Check,KAI,read-35,PASS,,,,,,,,,Dec 2 2019 3:34:11.9590 PM,Dec 2 2019 3:34:11.9820 PM,.0233
Auth_Check,Auth_Check,[KAI] aid tx bd 14 3 24 71 5 10 0 34,sendCommand,PASS,,,,,,,,,Dec 2 2019 3:34:11.9840 PM,Dec 2 2019 3:34:12.0160 PM,.0325
Auth_Check,Auth_Check,KAI,read-36,PASS,,,,,,,,,Dec 2 2019 3:34:12.0190 PM,Dec 2 2019 3:34:12.0420 PM,.0234
Auth_Check,Auth_Check,KAI,read-37,PASS,,,,,,,,,Dec 2 2019 3:34:12.0440 PM,Dec 2 2019 3:34:12.0730 PM,.0283
Auth_Check,Auth_Check,[KAI] aid tx bd 15 2 24 71 5 10 23,sendCommand,PASS,,,,,,,,,Dec 2 2019 3:34:12.0740 PM,Dec 2 2019 3:34:12.1070 PM,.0326
Auth_Check,Auth_Check,KAI,read-38,PASS,,,,,,,,,Dec 2 2019 3:34:12.1100 PM,Dec 2 2019 3:34:12.1330 PM,.0228
Auth_Check,Auth_Check,KAI,read-39,PASS,,,,,,,,,Dec 2 2019 3:34:12.1350 PM,Dec 2 2019 3:34:12.1630 PM,.0285
Auth_Check,Auth_Check,[KAI] aid tx bd 16 2 24 71 5 10 23,sendCommand,PASS,,,,,,,,,Dec 2 2019 3:34:12.1650 PM,Dec 2 2019 3:34:12.1970 PM,.0321
Auth_Check,Auth_Check,KAI,read-40,PASS,,,,,,,,,Dec 2 2019 3:34:12.2000 PM,Dec 2 2019 3:34:12.2240 PM,.0236
Auth_Check,Auth_Check,KAI,read-41,PASS,,,,,,,,,Dec 2 2019 3:34:12.2260 PM,Dec 2 2019 3:34:12.2540 PM,.0281
Auth_Check,Auth_Check,[KAI] aid tx bd 17 2 24 71 5 10 23,sendCommand,PASS,,,,,,,,,Dec 2 2019 3:34:12.2550 PM,Dec 2 2019 3:34:12.2880 PM,.0325
Auth_Check,Auth_Check,KAI,read-42,PASS,,,,,,,,,Dec 2 2019 3:34:12.2910 PM,Dec 2 2019 3:34:12.3140 PM,.0231
Auth_Check,Auth_Check,KAI,read-43,PASS,,,,,,,,,Dec 2 2019 3:34:12.3160 PM,Dec 2 2019 3:34:12.3440 PM,.0279
Auth_Check,Auth_Check,[KAI] aid tx bd 18 2 24 71 5 10 17,sendCommand,PASS,,,,,,,,,Dec 2 2019 3:34:12.3460 PM,Dec 2 2019 3:34:12.3780 PM,.0323
Auth_Check,Auth_Check,KAI,read-44,PASS,,,,,,,,,Dec 2 2019 3:34:12.3820 PM,Dec 2 2019 3:34:12.4070 PM,.0248
Auth_Check,Auth_Check,[KAI] aid tx bd 19 3 24 71 5 10 0 35,sendCommand,PASS,,,,,,,,,Dec 2 2019 3:34:12.4080 PM,Dec 2 2019 3:34:12.4410 PM,.0331
Auth_Check,Auth_Check,KAI,read-45,PASS,,,,,,,,,Dec 2 2019 3:34:12.4440 PM,Dec 2 2019 3:34:12.4650 PM,.021
Auth_Check,Auth_Check,KAI,read-46,PASS,,,,,,,,,Dec 2 2019 3:34:12.4670 PM,Dec 2 2019 3:34:12.4890 PM,.022
Auth_Check,Auth_Check,[KAI] aid tx bd 1a 2 24 71 5 10 23,sendCommand,PASS,,,,,,,,,Dec 2 2019 3:34:12.4910 PM,Dec 2 2019 3:34:12.5230 PM,.0328
Auth_Check,Auth_Check,KAI,read-47,PASS,,,,,,,,,Dec 2 2019 3:34:12.5260 PM,Dec 2 2019 3:34:12.5550 PM,.0291
Auth_Check,Auth_Check,KAI,read-48,PASS,,,,,,,,,Dec 2 2019 3:34:12.5570 PM,Dec 2 2019 3:34:12.5860 PM,.0282
Auth_Check,Auth_Check,[KAI] aid tx bd 1b 2 24 71 5 10 23,sendCommand,PASS,,,,,,,,,Dec 2 2019 3:34:12.5870 PM,Dec 2 2019 3:34:12.6200 PM,.0328
Auth_Check,Auth_Check,KAI,read-49,PASS,,,,,,,,,Dec 2 2019 3:34:12.6230 PM,Dec 2 2019 3:34:12.6460 PM,.0229
Auth_Check,Auth_Check,KAI,read-50,PASS,,,,,,,,,Dec 2 2019 3:34:12.6480 PM,Dec 2 2019 3:34:12.6760 PM,.0281
Auth_Check,Auth_Check,[KAI] aid tx bd 1c 2 24 71 5 10 1b,sendCommand,PASS,,,,,,,,,Dec 2 2019 3:34:12.6780 PM,Dec 2 2019 3:34:12.7100 PM,.0321
Auth_Check,Auth_Check,3. Fetch cert,,PASS,,,,,,,,,Dec 2 2019 3:34:12.7120 PM,Dec 2 2019 3:34:12.7120 PM,0
Auth_Check,Auth_Check,IOFileHandle,writeCertFile,PASS,,,,,,,,,Dec 2 2019 3:34:12.7160 PM,Dec 2 2019 3:34:12.7220 PM,.0065
Auth_Check,Auth_Check,4. Save cert,,PASS,,,,,,,,,Dec 2 2019 3:34:12.7240 PM,Dec 2 2019 3:34:12.7240 PM,0
Auth_Check,Auth_Check,[Hid] /usr/local/bin/mfi-cert validate-cert v3 /Users/gdlocal/IntelliLog_Unit_1/cert.der,,PASS,,,,,,,,,Dec 2 2019 3:34:12.7680 PM,Dec 2 2019 3:34:12.7680 PM,0
Auth_Check,Auth_Check,5. Validate cert,,PASS,,,,,,,,,Dec 2 2019 3:34:12.7840 PM,Dec 2 2019 3:34:12.7840 PM,0
Auth_Check,Auth_Check,[Hid] /usr/local/bin/mfi-cert gen-challenge /Users/gdlocal/IntelliLog_Unit_1/cert.der /Users/gdlocal/IntelliLog_Unit_1/challenge.bin,,PASS,,,,,,,,,Dec 2 2019 3:34:12.8280 PM,Dec 2 2019 3:34:12.8280 PM,0
Auth_Check,Auth_Check,6. Generate challenge,,PASS,,,,,,,,,Dec 2 2019 3:34:12.8440 PM,Dec 2 2019 3:34:12.8440 PM,0
Auth_Check,Auth_Check,KAI,read-51,PASS,,,,,,,,,Dec 2 2019 3:34:12.8530 PM,Dec 2 2019 3:34:12.8770 PM,.0234
Auth_Check,Auth_Check,[KAI] aid tx bd 1d 5 24 71 5 10 0 20 00 20,sendCommand,PASS,,,,,,,,,Dec 2 2019 3:34:12.8780 PM,Dec 2 2019 3:34:12.9120 PM,.0334
Auth_Check,Auth_Check,KAI,read-52,PASS,,,,,,,,,Dec 2 2019 3:34:12.9170 PM,Dec 2 2019 3:34:12.9370 PM,.0206
Auth_Check,Auth_Check,[KAI] aid tx bd 1e 23 24 71 5 10 0 21 40 b2 60 78 11 e2 38 81 5a f7 69 93 6f ae 41 e4 b2 b2 c5 7b c6 60 a3 aa b6 a9 ba 6a 70 35 f6 ab,sendCommand,PASS,,,,,,,,,Dec 2 2019 3:34:12.9390 PM,Dec 2 2019 3:34:12.9800 PM,.0416
Auth_Check,Auth_Check,KAI,read-53,PASS,,,,,,,,,Dec 2 2019 3:34:12.9840 PM,Dec 2 2019 3:34:13.0070 PM,.0239
Auth_Check,Auth_Check,[KAI] aid tx bd 1f 4 24 71 5 10 0 10 01,sendCommand,PASS,,,,,,,,,Dec 2 2019 3:34:13.0090 PM,Dec 2 2019 3:34:13.0420 PM,.0326
Auth_Check,Auth_Check,KAI,read-54,PASS,,,,,,,,,Dec 2 2019 3:34:13.6120 PM,Dec 2 2019 3:34:13.6410 PM,.029
Auth_Check,Auth_Check,[KAI] aid tx bd 20 3 24 71 5 10 0 10,sendCommand,PASS,,,,,,,,,Dec 2 2019 3:34:13.6430 PM,Dec 2 2019 3:34:13.6750 PM,.0323
Auth_Check,Auth_Check,KAI,read-55,PASS,,,,,,,,,Dec 2 2019 3:34:13.6780 PM,Dec 2 2019 3:34:13.7020 PM,.0237
Auth_Check,Auth_Check,KAI,read-56,PASS,,,,,,,,,Dec 2 2019 3:34:13.7040 PM,Dec 2 2019 3:34:13.7320 PM,.0279
Auth_Check,Auth_Check,[KAI] aid tx bd 21 2 24 71 5 10 1,sendCommand,PASS,,,,,,,,,Dec 2 2019 3:34:13.7330 PM,Dec 2 2019 3:34:13.7500 PM,.0165
Auth_Check,Auth_Check,7. Send challenge,,PASS,,,,,,,,,Dec 2 2019 3:34:13.7520 PM,Dec 2 2019 3:34:13.7520 PM,0
Auth_Check,Auth_Check,KAI,read-57,PASS,,,,,,,,,Dec 2 2019 3:34:13.7540 PM,Dec 2 2019 3:34:13.7820 PM,.0281
Auth_Check,Auth_Check,[KAI] aid tx bd 22 3 24 71 5 10 0 11,sendCommand,PASS,,,,,,,,,Dec 2 2019 3:34:13.7830 PM,Dec 2 2019 3:34:13.8170 PM,.0331
Auth_Check,Auth_Check,KAI,read-58,PASS,,,,,,,,,Dec 2 2019 3:34:13.8200 PM,Dec 2 2019 3:34:13.8400 PM,.0206
Auth_Check,Auth_Check,KAI,read-59,PASS,,,,,,,,,Dec 2 2019 3:34:13.8420 PM,Dec 2 2019 3:34:13.8720 PM,.0302
Auth_Check,Auth_Check,[KAI] aid tx bd 23 2 24 71 5 10 2,sendCommand,PASS,,,,,,,,,Dec 2 2019 3:34:13.8740 PM,Dec 2 2019 3:34:13.8910 PM,.0167
Auth_Check,Auth_Check,KAI,read-60,PASS,,,,,,,,,Dec 2 2019 3:34:13.8950 PM,Dec 2 2019 3:34:13.9230 PM,.0278
Auth_Check,Auth_Check,[KAI] aid tx bd 24 3 24 71 5 10 0 12,sendCommand,PASS,,,,,,,,,Dec 2 2019 3:34:13.9240 PM,Dec 2 2019 3:34:13.9560 PM,.0324
Auth_Check,Auth_Check,KAI,read-61,PASS,,,,,,,,,Dec 2 2019 3:34:13.9590 PM,Dec 2 2019 3:34:13.9830 PM,.0238
Auth_Check,Auth_Check,KAI,read-62,PASS,,,,,,,,,Dec 2 2019 3:34:13.9850 PM,Dec 2 2019 3:34:14.0130 PM,.028
Auth_Check,Auth_Check,[KAI] aid tx bd 25 2 24 71 5 10 23,sendCommand,PASS,,,,,,,,,Dec 2 2019 3:34:14.0150 PM,Dec 2 2019 3:34:14.0470 PM,.0324
Auth_Check,Auth_Check,KAI,read-63,PASS,,,,,,,,,Dec 2 2019 3:34:14.0500 PM,Dec 2 2019 3:34:14.0740 PM,.0234
Auth_Check,Auth_Check,KAI,read-64,PASS,,,,,,,,,Dec 2 2019 3:34:14.0760 PM,Dec 2 2019 3:34:14.1040 PM,.028
Auth_Check,Auth_Check,[KAI] aid tx bd 26 2 24 71 5 10 1d,sendCommand,PASS,,,,,,,,,Dec 2 2019 3:34:14.1050 PM,Dec 2 2019 3:34:14.1380 PM,.0328
Auth_Check,Auth_Check,IOFileHandle,writeCertFile-2,PASS,,,,,,,,,Dec 2 2019 3:34:14.1420 PM,Dec 2 2019 3:34:14.1430 PM,.001
Auth_Check,Auth_Check,8. Get challenge response,,PASS,,,,,,,,,Dec 2 2019 3:34:14.1440 PM,Dec 2 2019 3:34:14.1440 PM,0
Auth_Check,Auth_Check,[Hid] /usr/local/bin/mfi-cert verify-response /Users/gdlocal/IntelliLog_Unit_1/cert.der /Users/gdlocal/IntelliLog_Unit_1/challenge.bin /Users/gdlocal/IntelliLog_Unit_1/challenge_resp.bin,,PASS,,,,,,,,,Dec 2 2019 3:34:14.2080 PM,Dec 2 2019 3:34:14.2080 PM,0
Auth_Check,Auth_Check,9. Verify challenge response,,PASS,,,,,,,,,Dec 2 2019 3:34:14.2230 PM,Dec 2 2019 3:34:14.2230 PM,0
Finish DRCB,,,,,,,,,,,,,Dec 2 2019 3:34:14.2320 PM,Dec 2 2019 3:34:14.5700 PM,.3382
Finish DRCB,Finish DRCB,DRCB,Finish,PASS,,,,,,,,,Dec 2 2019 3:34:14.2340 PM,Dec 2 2019 3:34:14.5690 PM,.3358
