Test,Plugin,Command,Status,Info,Start Time,End Time,Duration (s)
Read_FATP_SN,StationReportPlugin,isReporting,PASS,,Dec 2 2019 3:33:35.2520 PM,Dec 2 2019 3:33:35.2530 PM,.0005
Read_FATP_SN,KAI,changeDelimiter,PASS,,Dec 2 2019 3:33:35.2550 PM,Dec 2 2019 3:33:35.2550 PM,.0001
Read_FATP_SN,KAI,changeLineTerminator,PASS,,Dec 2 2019 3:33:35.2570 PM,Dec 2 2019 3:33:35.2570 PM,.0001
Read_FATP_SN,KAI,open,PASS,,Dec 2 2019 3:33:35.2590 PM,Dec 2 2019 3:33:36.8520 PM,1.5925
Read_FATP_SN,KAI,read,PASS,,Dec 2 2019 3:33:36.8530 PM,Dec 2 2019 3:33:36.8820 PM,.0289
Read_FATP_SN,KAI,sendCommand,PASS,,Dec 2 2019 3:33:36.8840 PM,Dec 2 2019 3:33:36.9150 PM,.0315
Start Data Reporting,DRCB,startDataReporting,PASS,,Dec 2 2019 3:33:41.3530 PM,Dec 2 2019 3:33:41.3640 PM,.0104
Start_Control_Bits,DRCB,startControlBits,PASS,,Dec 2 2019 3:33:41.3700 PM,Dec 2 2019 3:33:41.6750 PM,.3049
Get_SFC_Info,SFCSupport,getAttribute,PASS,,Dec 2 2019 3:33:51.2040 PM,Dec 2 2019 3:33:51.2320 PM,.0275
Get_SFC_Info,SFCSupport,getAttribute,PASS,,Dec 2 2019 3:33:51.2340 PM,Dec 2 2019 3:33:51.2380 PM,.0043
Get_SFC_Info,SFCSupport,getAttribute,PASS,,Dec 2 2019 3:33:51.2400 PM,Dec 2 2019 3:33:51.2440 PM,.0037
Get_SFC_Info,SFCSupport,getAttribute,PASS,,Dec 2 2019 3:33:51.2460 PM,Dec 2 2019 3:33:51.2500 PM,.0035
Get_SFC_Info,SFCSupport,getAttribute,PASS,,Dec 2 2019 3:33:51.2520 PM,Dec 2 2019 3:33:51.2570 PM,.0044
Get_SFC_Info,SFCSupport,getAttribute,PASS,,Dec 2 2019 3:33:51.2580 PM,Dec 2 2019 3:33:51.2630 PM,.0049
Get_SFC_Info,SFCSupport,getAttribute,PASS,,Dec 2 2019 3:33:51.2670 PM,Dec 2 2019 3:33:51.2720 PM,.0046
ID_Response,KAI,read,PASS,,Dec 2 2019 3:33:55.2390 PM,Dec 2 2019 3:33:55.2650 PM,.0259
ID_Response,KAI,sendCommand,PASS,,Dec 2 2019 3:33:55.2660 PM,Dec 2 2019 3:33:55.2840 PM,.0182
Grape_Connector_Self_Critical_Errors,KAI,changeDelimiter,PASS,,Dec 2 2019 3:34:00.2590 PM,Dec 2 2019 3:34:00.2590 PM,0
Grape_Connector_Self_Critical_Errors,KAI,sendCommand,PASS,,Dec 2 2019 3:34:00.2600 PM,Dec 2 2019 3:34:00.3780 PM,.1184
Grape_Connector_Self_Critical_Errors,KAI,changeDelimiter,PASS,,Dec 2 2019 3:34:00.3800 PM,Dec 2 2019 3:34:00.3800 PM,0
Grape_Connector_Self_Critical_Errors,KAI,sendCommand,PASS,,Dec 2 2019 3:34:00.3820 PM,Dec 2 2019 3:34:00.4070 PM,.0247
Grape_Connector_Self_Critical_Errors,KAI,read,PASS,,Dec 2 2019 3:34:01.4090 PM,Dec 2 2019 3:34:01.4340 PM,.0257
Grape_Connector_Self_Critical_Errors,KAI,sendCommand,PASS,,Dec 2 2019 3:34:02.5110 PM,Dec 2 2019 3:34:02.5410 PM,.0296
Grape_Connector_Self_Critical_Errors,KAI,sendCommand,PASS,,Dec 2 2019 3:34:02.7150 PM,Dec 2 2019 3:34:02.7480 PM,.0337
Auth_Check,KAI,changeDelimiter,PASS,,Dec 2 2019 3:34:06.6970 PM,Dec 2 2019 3:34:06.6980 PM,0
Auth_Check,KAI,sendCommand,PASS,,Dec 2 2019 3:34:06.6990 PM,Dec 2 2019 3:34:06.8170 PM,.1184
Auth_Check,KAI,changeDelimiter,PASS,,Dec 2 2019 3:34:07.3920 PM,Dec 2 2019 3:34:07.3920 PM,0
Auth_Check,KAI,sendCommand,PASS,,Dec 2 2019 3:34:07.3950 PM,Dec 2 2019 3:34:07.4120 PM,.0174
Auth_Check,KAI,read,PASS,,Dec 2 2019 3:34:10.4850 PM,Dec 2 2019 3:34:10.5150 PM,.0294
Auth_Check,KAI,read,PASS,,Dec 2 2019 3:34:10.5290 PM,Dec 2 2019 3:34:10.5550 PM,.0261
Auth_Check,KAI,sendCommand,PASS,,Dec 2 2019 3:34:10.5560 PM,Dec 2 2019 3:34:10.5890 PM,.0326
Auth_Check,KAI,read,PASS,,Dec 2 2019 3:34:10.5920 PM,Dec 2 2019 3:34:10.6150 PM,.0233
Auth_Check,KAI,read,PASS,,Dec 2 2019 3:34:10.6170 PM,Dec 2 2019 3:34:10.6450 PM,.028
Auth_Check,KAI,sendCommand,PASS,,Dec 2 2019 3:34:10.6470 PM,Dec 2 2019 3:34:10.6640 PM,.017
Auth_Check,KAI,read,PASS,,Dec 2 2019 3:34:10.6680 PM,Dec 2 2019 3:34:10.6960 PM,.0272
Auth_Check,KAI,sendCommand,PASS,,Dec 2 2019 3:34:10.6970 PM,Dec 2 2019 3:34:10.7300 PM,.0328
Auth_Check,KAI,read,PASS,,Dec 2 2019 3:34:10.7330 PM,Dec 2 2019 3:34:10.7560 PM,.0231
Auth_Check,KAI,read,PASS,,Dec 2 2019 3:34:10.7580 PM,Dec 2 2019 3:34:10.7860 PM,.0284
Auth_Check,KAI,sendCommand,PASS,,Dec 2 2019 3:34:10.7880 PM,Dec 2 2019 3:34:10.8050 PM,.0169
Auth_Check,KAI,read,PASS,,Dec 2 2019 3:34:10.8080 PM,Dec 2 2019 3:34:10.8310 PM,.0222
Auth_Check,KAI,sendCommand,PASS,,Dec 2 2019 3:34:10.8330 PM,Dec 2 2019 3:34:10.8650 PM,.033
Auth_Check,KAI,read,PASS,,Dec 2 2019 3:34:10.8680 PM,Dec 2 2019 3:34:10.8960 PM,.028
Auth_Check,KAI,read,PASS,,Dec 2 2019 3:34:10.8980 PM,Dec 2 2019 3:34:10.9270 PM,.0281
Auth_Check,KAI,sendCommand,PASS,,Dec 2 2019 3:34:10.9280 PM,Dec 2 2019 3:34:10.9450 PM,.0165
Auth_Check,KAI,read,PASS,,Dec 2 2019 3:34:10.9480 PM,Dec 2 2019 3:34:10.9720 PM,.024
Auth_Check,KAI,read,PASS,,Dec 2 2019 3:34:10.9740 PM,Dec 2 2019 3:34:10.9970 PM,.0225
Auth_Check,KAI,sendCommand,PASS,,Dec 2 2019 3:34:10.9980 PM,Dec 2 2019 3:34:11.0160 PM,.0173
Auth_Check,KAI,read,PASS,,Dec 2 2019 3:34:11.0190 PM,Dec 2 2019 3:34:11.0410 PM,.0226
Auth_Check,KAI,read,PASS,,Dec 2 2019 3:34:11.0430 PM,Dec 2 2019 3:34:11.0670 PM,.0239
Auth_Check,KAI,sendCommand,PASS,,Dec 2 2019 3:34:11.0690 PM,Dec 2 2019 3:34:11.0860 PM,.0169
Auth_Check,KAI,read,PASS,,Dec 2 2019 3:34:11.0890 PM,Dec 2 2019 3:34:11.1110 PM,.0226
Auth_Check,KAI,read,PASS,,Dec 2 2019 3:34:11.1140 PM,Dec 2 2019 3:34:11.1380 PM,.0241
Auth_Check,KAI,sendCommand,PASS,,Dec 2 2019 3:34:11.1390 PM,Dec 2 2019 3:34:11.1560 PM,.0166
Auth_Check,KAI,read,PASS,,Dec 2 2019 3:34:11.1590 PM,Dec 2 2019 3:34:11.1880 PM,.0285
Auth_Check,KAI,sendCommand,PASS,,Dec 2 2019 3:34:11.1890 PM,Dec 2 2019 3:34:11.2220 PM,.0326
Auth_Check,KAI,read,PASS,,Dec 2 2019 3:34:11.2250 PM,Dec 2 2019 3:34:11.2480 PM,.0236
Auth_Check,KAI,read,PASS,,Dec 2 2019 3:34:11.2500 PM,Dec 2 2019 3:34:11.2780 PM,.0281
Auth_Check,KAI,sendCommand,PASS,,Dec 2 2019 3:34:11.2800 PM,Dec 2 2019 3:34:11.2970 PM,.0168
Auth_Check,KAI,read,PASS,,Dec 2 2019 3:34:11.3000 PM,Dec 2 2019 3:34:11.3290 PM,.029
Auth_Check,KAI,read,PASS,,Dec 2 2019 3:34:11.3310 PM,Dec 2 2019 3:34:11.3550 PM,.0238
Auth_Check,KAI,sendCommand,PASS,,Dec 2 2019 3:34:11.3560 PM,Dec 2 2019 3:34:11.3730 PM,.0165
Auth_Check,KAI,read,PASS,,Dec 2 2019 3:34:11.3760 PM,Dec 2 2019 3:34:11.4030 PM,.0276
Auth_Check,KAI,read,PASS,,Dec 2 2019 3:34:11.4050 PM,Dec 2 2019 3:34:11.4290 PM,.0239
Auth_Check,KAI,sendCommand,PASS,,Dec 2 2019 3:34:11.4310 PM,Dec 2 2019 3:34:11.4480 PM,.0169
Auth_Check,KAI,read,PASS,,Dec 2 2019 3:34:11.4510 PM,Dec 2 2019 3:34:11.4790 PM,.0287
Auth_Check,KAI,read,PASS,,Dec 2 2019 3:34:11.4810 PM,Dec 2 2019 3:34:11.5100 PM,.0283
Auth_Check,KAI,sendCommand,PASS,,Dec 2 2019 3:34:11.5110 PM,Dec 2 2019 3:34:11.5290 PM,.0175
Auth_Check,KAI,read,PASS,,Dec 2 2019 3:34:11.5320 PM,Dec 2 2019 3:34:11.5540 PM,.0219
Auth_Check,KAI,sendCommand,PASS,,Dec 2 2019 3:34:11.5560 PM,Dec 2 2019 3:34:11.5880 PM,.0322
Auth_Check,KAI,read,PASS,,Dec 2 2019 3:34:11.5910 PM,Dec 2 2019 3:34:11.6200 PM,.0293
Auth_Check,KAI,read,PASS,,Dec 2 2019 3:34:11.6220 PM,Dec 2 2019 3:34:11.6500 PM,.028
Auth_Check,KAI,sendCommand,PASS,,Dec 2 2019 3:34:11.6520 PM,Dec 2 2019 3:34:11.6850 PM,.0329
Auth_Check,KAI,read,PASS,,Dec 2 2019 3:34:11.6880 PM,Dec 2 2019 3:34:11.7110 PM,.023
Auth_Check,KAI,read,PASS,,Dec 2 2019 3:34:11.7130 PM,Dec 2 2019 3:34:11.7410 PM,.0281
Auth_Check,KAI,sendCommand,PASS,,Dec 2 2019 3:34:11.7430 PM,Dec 2 2019 3:34:11.7760 PM,.0331
Auth_Check,KAI,read,PASS,,Dec 2 2019 3:34:11.7790 PM,Dec 2 2019 3:34:11.8000 PM,.0209
Auth_Check,KAI,read,PASS,,Dec 2 2019 3:34:11.8020 PM,Dec 2 2019 3:34:11.8310 PM,.0296
Auth_Check,KAI,sendCommand,PASS,,Dec 2 2019 3:34:11.8330 PM,Dec 2 2019 3:34:11.8660 PM,.033
Auth_Check,KAI,read,PASS,,Dec 2 2019 3:34:11.8690 PM,Dec 2 2019 3:34:11.8970 PM,.0279
Auth_Check,KAI,read,PASS,,Dec 2 2019 3:34:11.8990 PM,Dec 2 2019 3:34:11.9220 PM,.0225
Auth_Check,KAI,sendCommand,PASS,,Dec 2 2019 3:34:11.9230 PM,Dec 2 2019 3:34:11.9550 PM,.032
Auth_Check,KAI,read,PASS,,Dec 2 2019 3:34:11.9590 PM,Dec 2 2019 3:34:11.9820 PM,.0233
Auth_Check,KAI,sendCommand,PASS,,Dec 2 2019 3:34:11.9840 PM,Dec 2 2019 3:34:12.0160 PM,.0325
Auth_Check,KAI,read,PASS,,Dec 2 2019 3:34:12.0190 PM,Dec 2 2019 3:34:12.0430 PM,.0234
Auth_Check,KAI,read,PASS,,Dec 2 2019 3:34:12.0440 PM,Dec 2 2019 3:34:12.0730 PM,.0283
Auth_Check,KAI,sendCommand,PASS,,Dec 2 2019 3:34:12.0740 PM,Dec 2 2019 3:34:12.1070 PM,.0326
Auth_Check,KAI,read,PASS,,Dec 2 2019 3:34:12.1100 PM,Dec 2 2019 3:34:12.1330 PM,.0228
Auth_Check,KAI,read,PASS,,Dec 2 2019 3:34:12.1350 PM,Dec 2 2019 3:34:12.1630 PM,.0285
Auth_Check,KAI,sendCommand,PASS,,Dec 2 2019 3:34:12.1650 PM,Dec 2 2019 3:34:12.1970 PM,.0321
Auth_Check,KAI,read,PASS,,Dec 2 2019 3:34:12.2000 PM,Dec 2 2019 3:34:12.2240 PM,.0237
Auth_Check,KAI,read,PASS,,Dec 2 2019 3:34:12.2260 PM,Dec 2 2019 3:34:12.2540 PM,.0281
Auth_Check,KAI,sendCommand,PASS,,Dec 2 2019 3:34:12.2550 PM,Dec 2 2019 3:34:12.2880 PM,.0325
Auth_Check,KAI,read,PASS,,Dec 2 2019 3:34:12.2910 PM,Dec 2 2019 3:34:12.3140 PM,.0231
Auth_Check,KAI,read,PASS,,Dec 2 2019 3:34:12.3160 PM,Dec 2 2019 3:34:12.3440 PM,.0279
Auth_Check,KAI,sendCommand,PASS,,Dec 2 2019 3:34:12.3460 PM,Dec 2 2019 3:34:12.3780 PM,.0324
Auth_Check,KAI,read,PASS,,Dec 2 2019 3:34:12.3820 PM,Dec 2 2019 3:34:12.4070 PM,.0248
Auth_Check,KAI,sendCommand,PASS,,Dec 2 2019 3:34:12.4080 PM,Dec 2 2019 3:34:12.4410 PM,.0331
Auth_Check,KAI,read,PASS,,Dec 2 2019 3:34:12.4440 PM,Dec 2 2019 3:34:12.4650 PM,.021
Auth_Check,KAI,read,PASS,,Dec 2 2019 3:34:12.4670 PM,Dec 2 2019 3:34:12.4890 PM,.022
Auth_Check,KAI,sendCommand,PASS,,Dec 2 2019 3:34:12.4910 PM,Dec 2 2019 3:34:12.5230 PM,.0328
Auth_Check,KAI,read,PASS,,Dec 2 2019 3:34:12.5260 PM,Dec 2 2019 3:34:12.5550 PM,.0291
Auth_Check,KAI,read,PASS,,Dec 2 2019 3:34:12.5570 PM,Dec 2 2019 3:34:12.5860 PM,.0282
Auth_Check,KAI,sendCommand,PASS,,Dec 2 2019 3:34:12.5870 PM,Dec 2 2019 3:34:12.6200 PM,.0328
Auth_Check,KAI,read,PASS,,Dec 2 2019 3:34:12.6230 PM,Dec 2 2019 3:34:12.6460 PM,.0229
Auth_Check,KAI,read,PASS,,Dec 2 2019 3:34:12.6480 PM,Dec 2 2019 3:34:12.6760 PM,.0281
Auth_Check,KAI,sendCommand,PASS,,Dec 2 2019 3:34:12.6780 PM,Dec 2 2019 3:34:12.7100 PM,.0321
Auth_Check,IOFileHandle,writeCertFile,PASS,,Dec 2 2019 3:34:12.7160 PM,Dec 2 2019 3:34:12.7220 PM,.0066
Auth_Check,KAI,read,PASS,,Dec 2 2019 3:34:12.8530 PM,Dec 2 2019 3:34:12.8770 PM,.0234
Auth_Check,KAI,sendCommand,PASS,,Dec 2 2019 3:34:12.8780 PM,Dec 2 2019 3:34:12.9120 PM,.0334
Auth_Check,KAI,read,PASS,,Dec 2 2019 3:34:12.9170 PM,Dec 2 2019 3:34:12.9370 PM,.0207
Auth_Check,KAI,sendCommand,PASS,,Dec 2 2019 3:34:12.9390 PM,Dec 2 2019 3:34:12.9800 PM,.0416
Auth_Check,KAI,read,PASS,,Dec 2 2019 3:34:12.9840 PM,Dec 2 2019 3:34:13.0080 PM,.024
Auth_Check,KAI,sendCommand,PASS,,Dec 2 2019 3:34:13.0090 PM,Dec 2 2019 3:34:13.0420 PM,.0326
Auth_Check,KAI,read,PASS,,Dec 2 2019 3:34:13.6120 PM,Dec 2 2019 3:34:13.6410 PM,.029
Auth_Check,KAI,sendCommand,PASS,,Dec 2 2019 3:34:13.6430 PM,Dec 2 2019 3:34:13.6750 PM,.0324
Auth_Check,KAI,read,PASS,,Dec 2 2019 3:34:13.6780 PM,Dec 2 2019 3:34:13.7020 PM,.0237
Auth_Check,KAI,read,PASS,,Dec 2 2019 3:34:13.7040 PM,Dec 2 2019 3:34:13.7320 PM,.0279
Auth_Check,KAI,sendCommand,PASS,,Dec 2 2019 3:34:13.7330 PM,Dec 2 2019 3:34:13.7500 PM,.0165
Auth_Check,KAI,read,PASS,,Dec 2 2019 3:34:13.7540 PM,Dec 2 2019 3:34:13.7820 PM,.0281
Auth_Check,KAI,sendCommand,PASS,,Dec 2 2019 3:34:13.7830 PM,Dec 2 2019 3:34:13.8170 PM,.0332
Auth_Check,KAI,read,PASS,,Dec 2 2019 3:34:13.8200 PM,Dec 2 2019 3:34:13.8400 PM,.0206
Auth_Check,KAI,read,PASS,,Dec 2 2019 3:34:13.8420 PM,Dec 2 2019 3:34:13.8720 PM,.0303
Auth_Check,KAI,sendCommand,PASS,,Dec 2 2019 3:34:13.8740 PM,Dec 2 2019 3:34:13.8910 PM,.0167
Auth_Check,KAI,read,PASS,,Dec 2 2019 3:34:13.8950 PM,Dec 2 2019 3:34:13.9230 PM,.0279
Auth_Check,KAI,sendCommand,PASS,,Dec 2 2019 3:34:13.9240 PM,Dec 2 2019 3:34:13.9560 PM,.0324
Auth_Check,KAI,read,PASS,,Dec 2 2019 3:34:13.9590 PM,Dec 2 2019 3:34:13.9830 PM,.0238
Auth_Check,KAI,read,PASS,,Dec 2 2019 3:34:13.9850 PM,Dec 2 2019 3:34:14.0130 PM,.028
Auth_Check,KAI,sendCommand,PASS,,Dec 2 2019 3:34:14.0150 PM,Dec 2 2019 3:34:14.0470 PM,.0324
Auth_Check,KAI,read,PASS,,Dec 2 2019 3:34:14.0500 PM,Dec 2 2019 3:34:14.0740 PM,.0234
Auth_Check,KAI,read,PASS,,Dec 2 2019 3:34:14.0760 PM,Dec 2 2019 3:34:14.1040 PM,.0281
Auth_Check,KAI,sendCommand,PASS,,Dec 2 2019 3:34:14.1050 PM,Dec 2 2019 3:34:14.1380 PM,.0328
Auth_Check,IOFileHandle,writeCertFile,PASS,,Dec 2 2019 3:34:14.1420 PM,Dec 2 2019 3:34:14.1430 PM,.001
Finish DRCB,DRCB,finish,PASS,,Dec 2 2019 3:34:14.2340 PM,Dec 2 2019 3:34:14.5700 PM,.3359
