Test,Plugin,Command,Status,Info,Start Time,End Time,Duration (s)
,UART,read,ERROR,Timed out trying to read; ,Nov 25 2019 7:49:09.8380 PM,Nov 25 2019 7:49:10.8880 PM,1.0504
,UART,read,ERROR,Timed out trying to read; ,Nov 25 2019 7:49:10.8920 PM,Nov 25 2019 7:49:11.9740 PM,1.0822
,UART,read,ERROR,Timed out trying to read; ,Nov 25 2019 7:49:12.0890 PM,Nov 25 2019 7:49:13.1150 PM,1.0262
,UART,read,ERROR,Timed out trying to read; ,Nov 25 2019 7:49:13.3530 PM,Nov 25 2019 7:49:14.3680 PM,1.0147
,Dut,read,ERROR,Timed out trying to read; ,Nov 25 2019 7:49:14.4980 PM,Nov 25 2019 7:49:15.5220 PM,1.0239
,Dut,read,ERROR,Timed out trying to read; ,Nov 25 2019 7:49:15.5990 PM,Nov 25 2019 7:49:16.6100 PM,1.0112
