Test,Plugin,Command,Status,Info,Start Time,End Time,Duration (s)
,UART,open,PASS,,Nov 25 2019 7:49:09.5900 PM,Nov 25 2019 7:49:09.6200 PM,.0303
,UART,changeLineTerminator,PASS,,Nov 25 2019 7:49:09.6220 PM,Nov 25 2019 7:49:09.6220 PM,0
,UART,sendCommand,PASS,,Nov 25 2019 7:49:09.6230 PM,Nov 25 2019 7:49:09.7340 PM,.1105
,UART,sendCommand,PASS,,Nov 25 2019 7:49:09.7350 PM,Nov 25 2019 7:49:09.8360 PM,.1014
,UART,read,ERROR,Timed out trying to read; ,Nov 25 2019 7:49:09.8380 PM,Nov 25 2019 7:49:10.8880 PM,1.0504
,UART,sendCommand,PASS,,Nov 25 2019 7:49:10.8900 PM,Nov 25 2019 7:49:10.8910 PM,.0008
,UART,read,ERROR,Timed out trying to read; ,Nov 25 2019 7:49:10.8920 PM,Nov 25 2019 7:49:11.9740 PM,1.0822
,UART,sendCommand,PASS,,Nov 25 2019 7:49:11.9760 PM,Nov 25 2019 7:49:12.0880 PM,.1119
,UART,read,ERROR,Timed out trying to read; ,Nov 25 2019 7:49:12.0890 PM,Nov 25 2019 7:49:13.1150 PM,1.0262
,UART,sendCommand,PASS,,Nov 25 2019 7:49:13.1170 PM,Nov 25 2019 7:49:13.2180 PM,.1009
,UART,read,PASS,,Nov 25 2019 7:49:13.2200 PM,Nov 25 2019 7:49:13.3480 PM,.1285
,UART,read,PASS,,Nov 25 2019 7:49:13.3500 PM,Nov 25 2019 7:49:13.3500 PM,.0002
,UART,read,PASS,,Nov 25 2019 7:49:13.3510 PM,Nov 25 2019 7:49:13.3510 PM,.0002
,UART,read,ERROR,Timed out trying to read; ,Nov 25 2019 7:49:13.3530 PM,Nov 25 2019 7:49:14.3680 PM,1.0147
,UART,changeDelimiter,PASS,,Nov 25 2019 7:49:14.3690 PM,Nov 25 2019 7:49:14.3690 PM,0
CONSOLE_SETTING,UART,sendCommand,PASS,,Nov 25 2019 7:49:14.3720 PM,Nov 25 2019 7:49:14.4140 PM,.0426
,UART,close,PASS,,Nov 25 2019 7:49:14.4180 PM,Nov 25 2019 7:49:14.4190 PM,.0005
,Dut,open,PASS,,Nov 25 2019 7:49:14.4230 PM,Nov 25 2019 7:49:14.4960 PM,.0732
,Dut,read,ERROR,Timed out trying to read; ,Nov 25 2019 7:49:14.4980 PM,Nov 25 2019 7:49:15.5220 PM,1.0239
,Dut,close,PASS,,Nov 25 2019 7:49:15.5240 PM,Nov 25 2019 7:49:15.5240 PM,.0004
Copy TestPlan To LogDir,RunCommand,RunCommandWithParameter,PASS,,Nov 25 2019 7:49:15.5280 PM,Nov 25 2019 7:49:15.5390 PM,.0108
,Dut,open,PASS,,Nov 25 2019 7:49:15.5430 PM,Nov 25 2019 7:49:15.5980 PM,.0549
,Dut,read,ERROR,Timed out trying to read; ,Nov 25 2019 7:49:15.5990 PM,Nov 25 2019 7:49:16.6100 PM,1.0112
1. ALIAS_SETTING,Dut,sendCommand,PASS,,Nov 25 2019 7:49:16.6130 PM,Nov 25 2019 7:49:16.7450 PM,.1315
2. SPAM_SETTING,Dut,sendCommand,PASS,,Nov 25 2019 7:49:16.7480 PM,Nov 25 2019 7:49:17.1970 PM,.4489
3. GET_SW_INFO,Dut,sendCommand,PASS,,Nov 25 2019 7:49:17.2000 PM,Nov 25 2019 7:49:17.2600 PM,.0598
3. GET_SW_INFO,Dut,sendCommand,PASS,,Nov 25 2019 7:49:17.2620 PM,Nov 25 2019 7:49:17.3700 PM,.1085
4. GET_MLB_INFO,Dut,sendCommand,PASS,,Nov 25 2019 7:49:17.3750 PM,Nov 25 2019 7:49:17.4180 PM,.0437
4. GET_MLB_INFO,Dut,sendCommand,PASS,,Nov 25 2019 7:49:17.4200 PM,Nov 25 2019 7:49:17.4500 PM,.0301
4. GET_MLB_INFO,Dut,sendCommand,PASS,,Nov 25 2019 7:49:17.4520 PM,Nov 25 2019 7:49:17.4820 PM,.03
6. GET_COMP_INFO,Dut,sendCommand,PASS,,Nov 25 2019 7:49:17.4940 PM,Nov 25 2019 7:49:17.6330 PM,.1388
6. GET_COMP_INFO,Dut,sendCommand,PASS,,Nov 25 2019 7:49:17.6350 PM,Nov 25 2019 7:49:17.6820 PM,.0467
6. GET_COMP_INFO,Dut,sendCommand,PASS,,Nov 25 2019 7:49:17.6840 PM,Nov 25 2019 7:49:17.8220 PM,.1382
6. GET_COMP_INFO,Dut,sendCommand,PASS,,Nov 25 2019 7:49:17.8270 PM,Nov 25 2019 7:49:18.1220 PM,.2952
6. GET_COMP_INFO,Dut,sendCommand,PASS,,Nov 25 2019 7:49:18.1310 PM,Nov 25 2019 7:49:18.1690 PM,.0386
7. QUIESCE_SYSTEM,Dut,sendCommand,PASS,,Nov 25 2019 7:49:18.1740 PM,Nov 25 2019 7:49:18.3440 PM,.1698
7. QUIESCE_SYSTEM,Dut,sendCommand,PASS,,Nov 25 2019 7:49:18.3450 PM,Nov 25 2019 7:49:18.3760 PM,.0303
7. QUIESCE_SYSTEM,Dut,sendCommand,PASS,,Nov 25 2019 7:49:18.3770 PM,Nov 25 2019 7:49:18.4720 PM,.0943
7. QUIESCE_SYSTEM,Dut,sendCommand,PASS,,Nov 25 2019 7:49:18.4730 PM,Nov 25 2019 7:49:18.5130 PM,.0394
7. QUIESCE_SYSTEM,Dut,sendCommand,PASS,,Nov 25 2019 7:49:18.5140 PM,Nov 25 2019 7:49:18.5550 PM,.0413
8. GET_INFO2,com.apple.hwte.atlas.AppPlugin,show-form,PASS,,Nov 25 2019 7:49:18.5590 PM,Nov 25 2019 7:49:21.5200 PM,2.9608
9. QUERY_SFC_WRITE_SYSCFG,Dut,sendCommand,PASS,,Nov 25 2019 7:49:21.5240 PM,Nov 25 2019 7:49:21.5900 PM,.0661
10. GET_SYS_INFO,Dut,sendCommand,PASS,,Nov 25 2019 7:49:21.5940 PM,Nov 25 2019 7:49:21.6220 PM,.0282
11. DRCB startDataReporting,DRCB,startDataReporting,PASS,,Nov 25 2019 7:49:21.6280 PM,Nov 25 2019 7:49:21.6420 PM,.0136
12. GET_MLB_INFO,Dut,sendCommand,PASS,,Nov 25 2019 7:49:21.6460 PM,Nov 25 2019 7:49:21.6850 PM,.0391
13. SetRTC,Dut,sendCommand,PASS,,Nov 25 2019 7:49:21.6900 PM,Nov 25 2019 7:49:21.7290 PM,.0386
14. QUERY_SFC_WRITE_SYSCFG,SFCSupport,getAttribute,PASS,,Nov 25 2019 7:49:21.7330 PM,Nov 25 2019 7:49:21.7660 PM,.033
14. QUERY_SFC_WRITE_SYSCFG,SFCSupport,getAttribute,PASS,,Nov 25 2019 7:49:21.7700 PM,Nov 25 2019 7:49:21.7760 PM,.0067
14. QUERY_SFC_WRITE_SYSCFG,SFCSupport,getAttribute,PASS,,Nov 25 2019 7:49:21.7780 PM,Nov 25 2019 7:49:21.7830 PM,.0052
14. QUERY_SFC_WRITE_SYSCFG,SFCSupport,getAttribute,PASS,,Nov 25 2019 7:49:21.7850 PM,Nov 25 2019 7:49:21.7900 PM,.005
14. QUERY_SFC_WRITE_SYSCFG,SFCSupport,getAttribute,PASS,,Nov 25 2019 7:49:21.7920 PM,Nov 25 2019 7:49:21.7970 PM,.0055
14. QUERY_SFC_WRITE_SYSCFG,SFCSupport,getAttribute,PASS,,Nov 25 2019 7:49:21.8000 PM,Nov 25 2019 7:49:21.8060 PM,.006
14. QUERY_SFC_WRITE_SYSCFG,SFCSupport,getAttribute,PASS,,Nov 25 2019 7:49:21.8080 PM,Nov 25 2019 7:49:21.8130 PM,.0047
14. QUERY_SFC_WRITE_SYSCFG,SFCSupport,getAttribute,PASS,,Nov 25 2019 7:49:21.8150 PM,Nov 25 2019 7:49:21.8200 PM,.005
14. QUERY_SFC_WRITE_SYSCFG,SFCSupport,getAttribute,PASS,,Nov 25 2019 7:49:21.8230 PM,Nov 25 2019 7:49:21.8280 PM,.0059
14. QUERY_SFC_WRITE_SYSCFG,Dut,sendCommand,PASS,,Nov 25 2019 7:49:21.8320 PM,Nov 25 2019 7:49:21.9050 PM,.0729
14. QUERY_SFC_WRITE_SYSCFG,Dut,sendCommand,PASS,,Nov 25 2019 7:49:21.9060 PM,Nov 25 2019 7:49:21.9530 PM,.0466
14. QUERY_SFC_WRITE_SYSCFG,Dut,sendCommand,PASS,,Nov 25 2019 7:49:21.9540 PM,Nov 25 2019 7:49:22.0320 PM,.0782
14. QUERY_SFC_WRITE_SYSCFG,Dut,sendCommand,PASS,,Nov 25 2019 7:49:22.0340 PM,Nov 25 2019 7:49:22.0800 PM,.0464
14. QUERY_SFC_WRITE_SYSCFG,Dut,sendCommand,PASS,,Nov 25 2019 7:49:22.0820 PM,Nov 25 2019 7:49:22.1600 PM,.0783
14. QUERY_SFC_WRITE_SYSCFG,Dut,sendCommand,PASS,,Nov 25 2019 7:49:22.1620 PM,Nov 25 2019 7:49:22.2050 PM,.0434
14. QUERY_SFC_WRITE_SYSCFG,Dut,sendCommand,PASS,,Nov 25 2019 7:49:22.2070 PM,Nov 25 2019 7:49:22.2850 PM,.0781
14. QUERY_SFC_WRITE_SYSCFG,Dut,sendCommand,PASS,,Nov 25 2019 7:49:22.2870 PM,Nov 25 2019 7:49:22.3330 PM,.0464
14. QUERY_SFC_WRITE_SYSCFG,Dut,sendCommand,PASS,,Nov 25 2019 7:49:22.3350 PM,Nov 25 2019 7:49:22.4130 PM,.0779
14. QUERY_SFC_WRITE_SYSCFG,Dut,sendCommand,PASS,,Nov 25 2019 7:49:22.4140 PM,Nov 25 2019 7:49:22.4610 PM,.0465
14. QUERY_SFC_WRITE_SYSCFG,Dut,sendCommand,PASS,,Nov 25 2019 7:49:22.4630 PM,Nov 25 2019 7:49:22.5250 PM,.0618
14. QUERY_SFC_WRITE_SYSCFG,Dut,sendCommand,PASS,,Nov 25 2019 7:49:22.5260 PM,Nov 25 2019 7:49:22.5730 PM,.0464
14. QUERY_SFC_WRITE_SYSCFG,Dut,sendCommand,PASS,,Nov 25 2019 7:49:22.5750 PM,Nov 25 2019 7:49:22.6200 PM,.0459
14. QUERY_SFC_WRITE_SYSCFG,Dut,sendCommand,PASS,,Nov 25 2019 7:49:22.6220 PM,Nov 25 2019 7:49:22.6520 PM,.0304
14. QUERY_SFC_WRITE_SYSCFG,Dut,sendCommand,PASS,,Nov 25 2019 7:49:22.6540 PM,Nov 25 2019 7:49:22.7000 PM,.0465
14. QUERY_SFC_WRITE_SYSCFG,Dut,sendCommand,PASS,,Nov 25 2019 7:49:22.7020 PM,Nov 25 2019 7:49:22.7320 PM,.0305
14. QUERY_SFC_WRITE_SYSCFG,Dut,sendCommand,PASS,,Nov 25 2019 7:49:22.7340 PM,Nov 25 2019 7:49:22.7800 PM,.0462
14. QUERY_SFC_WRITE_SYSCFG,Dut,sendCommand,PASS,,Nov 25 2019 7:49:22.7820 PM,Nov 25 2019 7:49:22.8270 PM,.0452
14. QUERY_SFC_WRITE_SYSCFG,Dut,sendCommand,PASS,,Nov 25 2019 7:49:22.8290 PM,Nov 25 2019 7:49:22.8740 PM,.0449
14. QUERY_SFC_WRITE_SYSCFG,Dut,sendCommand,PASS,,Nov 25 2019 7:49:22.8760 PM,Nov 25 2019 7:49:22.9200 PM,.0443
14. QUERY_SFC_WRITE_SYSCFG,Dut,sendCommand,PASS,,Nov 25 2019 7:49:22.9220 PM,Nov 25 2019 7:49:22.9680 PM,.0463
14. QUERY_SFC_WRITE_SYSCFG,Dut,sendCommand,PASS,,Nov 25 2019 7:49:22.9700 PM,Nov 25 2019 7:49:23.0140 PM,.0443
15. GET_INFO3,SFCSupport,getAttribute,PASS,,Nov 25 2019 7:49:23.0210 PM,Nov 25 2019 7:49:23.0270 PM,.0059
16. COMM_BUS_SWEEP,Dut,sendCommand,PASS,,Nov 25 2019 7:49:23.0320 PM,Nov 25 2019 7:49:23.0950 PM,.0629
17. QUIESCE_SYSTEM_2,Dut,sendCommand,PASS,,Nov 25 2019 7:49:23.0990 PM,Nov 25 2019 7:49:23.1410 PM,.0415
17. QUIESCE_SYSTEM_2,Dut,sendCommand,PASS,,Nov 25 2019 7:49:23.1440 PM,Nov 25 2019 7:49:24.2550 PM,1.1105
17. QUIESCE_SYSTEM_2,Dut,sendCommand,PASS,,Nov 25 2019 7:49:24.2560 PM,Nov 25 2019 7:49:24.2970 PM,.0405
17. QUIESCE_SYSTEM_2,Dut,sendCommand,PASS,,Nov 25 2019 7:49:24.2980 PM,Nov 25 2019 7:49:24.3400 PM,.0414
17. QUIESCE_SYSTEM_2,Dut,sendCommand,PASS,,Nov 25 2019 7:49:24.3410 PM,Nov 25 2019 7:49:24.3840 PM,.0425
17. QUIESCE_SYSTEM_2,Dut,sendCommand,PASS,,Nov 25 2019 7:49:24.3850 PM,Nov 25 2019 7:49:24.4160 PM,.0304
17. QUIESCE_SYSTEM_2,Dut,sendCommand,PASS,,Nov 25 2019 7:49:24.4170 PM,Nov 25 2019 7:49:24.7030 PM,.2858
17. QUIESCE_SYSTEM_2,Dut,sendCommand,PASS,,Nov 25 2019 7:49:24.7040 PM,Nov 25 2019 7:49:25.1020 PM,.3976
17. QUIESCE_SYSTEM_2,Dut,sendCommand,PASS,,Nov 25 2019 7:49:25.1040 PM,Nov 25 2019 7:49:25.1340 PM,.0306
17. QUIESCE_SYSTEM_2,Dut,sendCommand,PASS,,Nov 25 2019 7:49:25.1360 PM,Nov 25 2019 7:49:25.1800 PM,.0443
17. QUIESCE_SYSTEM_2,Dut,sendCommand,PASS,,Nov 25 2019 7:49:25.1820 PM,Nov 25 2019 7:49:25.2190 PM,.0374
17. QUIESCE_SYSTEM_2,Dut,sendCommand,PASS,,Nov 25 2019 7:49:25.2210 PM,Nov 25 2019 7:49:25.2600 PM,.0395
17. QUIESCE_SYSTEM_2,Dut,sendCommand,PASS,,Nov 25 2019 7:49:25.2620 PM,Nov 25 2019 7:49:25.2920 PM,.0304
18. CHARGER_OFF,Dut,sendCommand,PASS,,Nov 25 2019 7:49:25.2960 PM,Nov 25 2019 7:49:25.4030 PM,.1067
18. CHARGER_OFF,Dut,sendCommand,PASS,,Nov 25 2019 7:49:25.4050 PM,Nov 25 2019 7:49:25.4350 PM,.0299
18. CHARGER_OFF,Dut,sendCommand,PASS,,Nov 25 2019 7:49:25.4370 PM,Nov 25 2019 7:49:25.4810 PM,.044
18. CHARGER_OFF,Dut,sendCommand,PASS,,Nov 25 2019 7:49:25.4820 PM,Nov 25 2019 7:49:25.5170 PM,.0355
19. LISA_INIT,Dut,sendCommand,PASS,,Nov 25 2019 7:49:25.5220 PM,Nov 25 2019 7:49:25.5670 PM,.0455
19. LISA_INIT,Dut,sendCommand,PASS,,Nov 25 2019 7:49:25.5750 PM,Nov 25 2019 7:49:25.7220 PM,.1472
19. LISA_INIT,Dut,sendCommand,PASS,,Nov 25 2019 7:49:25.7240 PM,Nov 25 2019 7:49:25.7680 PM,.0437
19. LISA_INIT,Dut,sendCommand,PASS,,Nov 25 2019 7:49:25.7700 PM,Nov 25 2019 7:49:25.8110 PM,.0412
19. LISA_INIT,Dut,sendCommand,PASS,,Nov 25 2019 7:49:25.8130 PM,Nov 25 2019 7:49:25.8640 PM,.0513
19. LISA_INIT,Dut,sendCommand,PASS,,Nov 25 2019 7:49:25.8660 PM,Nov 25 2019 7:49:25.9100 PM,.0439
19. LISA_INIT,Dut,sendCommand,PASS,,Nov 25 2019 7:49:25.9110 PM,Nov 25 2019 7:49:25.9540 PM,.0423
19. LISA_INIT,Dut,sendCommand,PASS,,Nov 25 2019 7:49:25.9620 PM,Nov 25 2019 7:49:26.0020 PM,.0399
20. INIT_GG_READ,Dut,sendCommand,PASS,,Nov 25 2019 7:49:26.0060 PM,Nov 25 2019 7:49:29.0360 PM,3.0301
20. INIT_GG_READ,Dut,sendCommand,PASS,,Nov 25 2019 7:49:29.0380 PM,Nov 25 2019 7:49:29.3260 PM,.2882
21. INIT_SOC_READ,Dut,sendCommand,PASS,,Nov 25 2019 7:49:29.3980 PM,Nov 25 2019 7:49:29.4590 PM,.0607
22. INIT_PMU_READ,Dut,sendCommand,PASS,,Nov 25 2019 7:49:29.4800 PM,Nov 25 2019 7:49:29.5180 PM,.038
22. INIT_PMU_READ,Dut,sendCommand,PASS,,Nov 25 2019 7:49:29.5210 PM,Nov 25 2019 7:49:29.5510 PM,.0298
22. INIT_PMU_READ,Dut,sendCommand,PASS,,Nov 25 2019 7:49:29.5520 PM,Nov 25 2019 7:49:29.6030 PM,.0507
22. INIT_PMU_READ,Dut,sendCommand,PASS,,Nov 25 2019 7:49:29.6050 PM,Nov 25 2019 7:49:31.0560 PM,1.4508
22. INIT_PMU_READ,Dut,sendCommand,PASS,,Nov 25 2019 7:49:31.1630 PM,Nov 25 2019 7:49:31.2000 PM,.0368
23. LYNX_TEST,Dut,sendCommand,PASS,,Nov 25 2019 7:49:31.2180 PM,Nov 25 2019 7:49:31.9980 PM,.7803
23. LYNX_TEST,Dut,sendCommand,PASS,,Nov 25 2019 7:49:32.0000 PM,Nov 25 2019 7:49:39.4660 PM,7.4664
23. LYNX_TEST,Dut,sendCommand,PASS,,Nov 25 2019 7:49:39.4680 PM,Nov 25 2019 7:49:39.6100 PM,.1423
23. LYNX_TEST,Dut,sendCommand,PASS,,Nov 25 2019 7:49:39.6120 PM,Nov 25 2019 7:49:39.6860 PM,.0738
23. LYNX_TEST,Dut,sendCommand,PASS,,Nov 25 2019 7:49:39.6870 PM,Nov 25 2019 7:49:39.7400 PM,.0524
23. LYNX_TEST,Dut,sendCommand,PASS,,Nov 25 2019 7:49:39.7410 PM,Nov 25 2019 7:49:39.8830 PM,.1424
24. CHARGER_ON,Dut,sendCommand,PASS,,Nov 25 2019 7:49:39.8880 PM,Nov 25 2019 7:49:39.9270 PM,.039
24. CHARGER_ON,Dut,sendCommand,PASS,,Nov 25 2019 7:49:39.9290 PM,Nov 25 2019 7:49:39.9590 PM,.0302
24. CHARGER_ON,Dut,sendCommand,PASS,,Nov 25 2019 7:49:39.9610 PM,Nov 25 2019 7:49:40.0070 PM,.0458
25. SET_BUBO_PFM,Dut,sendCommand,PASS,,Nov 25 2019 7:49:40.0110 PM,Nov 25 2019 7:49:40.0600 PM,.0492
26. Kobol_INIT,Dut,sendCommand,PASS,,Nov 25 2019 7:49:40.0650 PM,Nov 25 2019 7:49:40.3610 PM,.2953
27. IMU_ACCEL_ID,Dut,sendCommand,PASS,,Nov 25 2019 7:49:40.3640 PM,Nov 25 2019 7:49:40.4230 PM,.0585
28. Kobol_ACCEL_ID,Dut,sendCommand,PASS,,Nov 25 2019 7:49:40.4270 PM,Nov 25 2019 7:49:40.4840 PM,.0572
29. Kobol_GYRO_DRIVE_FREQ_MEAS,Dut,sendCommand,PASS,,Nov 25 2019 7:49:40.4920 PM,Nov 25 2019 7:49:40.7400 PM,.2484
30. IMU_Connectivity,Dut,sendCommand,PASS,,Nov 25 2019 7:49:40.7440 PM,Nov 25 2019 7:49:40.8020 PM,.0576
31. IMU_OFF,Dut,sendCommand,PASS,,Nov 25 2019 7:49:40.8070 PM,Nov 25 2019 7:49:41.1000 PM,.2933
32. Kobol_ACCEL_SELFTEST,Dut,sendCommand,PASS,,Nov 25 2019 7:49:41.1040 PM,Nov 25 2019 7:49:41.2440 PM,.1405
32. Kobol_ACCEL_SELFTEST,Dut,sendCommand,PASS,,Nov 25 2019 7:49:41.2460 PM,Nov 25 2019 7:49:41.4840 PM,.2381
33. IMU_Combo_LPNM25_BUBO_PFM,Dut,sendCommand,PASS,,Nov 25 2019 7:49:41.4940 PM,Nov 25 2019 7:49:41.8030 PM,.3096
33. IMU_Combo_LPNM25_BUBO_PFM,Dut,sendCommand,PASS,,Nov 25 2019 7:49:41.8050 PM,Nov 25 2019 7:49:41.8560 PM,.0513
33. IMU_Combo_LPNM25_BUBO_PFM,Dut,sendCommand,PASS,,Nov 25 2019 7:49:41.8580 PM,Nov 25 2019 7:49:41.9010 PM,.0432
33. IMU_Combo_LPNM25_BUBO_PFM,Dut,sendCommand,PASS,,Nov 25 2019 7:49:41.9030 PM,Nov 25 2019 7:49:41.9420 PM,.0395
33. IMU_Combo_LPNM25_BUBO_PFM,Dut,sendCommand,PASS,,Nov 25 2019 7:49:41.9440 PM,Nov 25 2019 7:49:42.1110 PM,.1672
33. IMU_Combo_LPNM25_BUBO_PFM,Dut,sendCommand,PASS,,Nov 25 2019 7:49:42.1120 PM,Nov 25 2019 7:49:42.2490 PM,.1362
33. IMU_Combo_LPNM25_BUBO_PFM,Dut,sendCommand,PASS,,Nov 25 2019 7:49:42.2500 PM,Nov 25 2019 7:49:42.3810 PM,.1313
33. IMU_Combo_LPNM25_BUBO_PFM,Dut,sendCommand,PASS,,Nov 25 2019 7:49:42.3830 PM,Nov 25 2019 7:49:42.4370 PM,.0544
33. IMU_Combo_LPNM25_BUBO_PFM,Dut,sendCommand,PASS,,Nov 25 2019 7:49:42.4390 PM,Nov 25 2019 7:49:42.4850 PM,.0463
33. IMU_Combo_LPNM25_BUBO_PFM,Dut,sendCommand,PASS,,Nov 25 2019 7:49:42.4870 PM,Nov 25 2019 7:49:43.1460 PM,.6597
33. IMU_Combo_LPNM25_BUBO_PFM,Dut,sendCommand,PASS,,Nov 25 2019 7:49:43.1820 PM,Nov 25 2019 7:49:43.2100 PM,.0285
33. IMU_Combo_LPNM25_BUBO_PFM,Dut,sendCommand,PASS,,Nov 25 2019 7:49:43.2120 PM,Nov 25 2019 7:49:43.2550 PM,.0434
34. TURN_OFF_IMU,Dut,sendCommand,PASS,,Nov 25 2019 7:49:43.2600 PM,Nov 25 2019 7:49:43.3660 PM,.106
35. POTASSIUM,com.apple.hwte.atlas.AppPlugin,show-form,PASS,,Nov 25 2019 7:49:43.3720 PM,Nov 25 2019 7:49:49.2400 PM,5.8674
35. POTASSIUM,Dut,sendCommand,PASS,,Nov 25 2019 7:49:49.2420 PM,Nov 25 2019 7:49:49.2920 PM,.0501
35. POTASSIUM,Dut,sendCommand,PASS,,Nov 25 2019 7:49:49.2940 PM,Nov 25 2019 7:49:49.3240 PM,.0302
35. POTASSIUM,Dut,sendCommand,PASS,,Nov 25 2019 7:49:49.3260 PM,Nov 25 2019 7:49:49.3940 PM,.0682
35. POTASSIUM,Dut,sendCommand,PASS,,Nov 25 2019 7:49:49.3960 PM,Nov 25 2019 7:49:49.4470 PM,.0509
35. POTASSIUM,Dut,sendCommand,PASS,,Nov 25 2019 7:49:49.4490 PM,Nov 25 2019 7:49:51.7930 PM,2.3438
35. POTASSIUM,Dut,sendCommand,PASS,,Nov 25 2019 7:49:51.7970 PM,Nov 25 2019 7:49:51.8380 PM,.0406
36. MOLYBDENUM,Dut,sendCommand,PASS,,Nov 25 2019 7:49:51.8430 PM,Nov 25 2019 7:49:51.8950 PM,.0513
36. MOLYBDENUM,Dut,sendCommand,PASS,,Nov 25 2019 7:49:51.8970 PM,Nov 25 2019 7:49:51.9370 PM,.0401
36. MOLYBDENUM,Dut,sendCommand,PASS,,Nov 25 2019 7:49:51.9390 PM,Nov 25 2019 7:49:52.0370 PM,.0977
36. MOLYBDENUM,Dut,sendCommand,PASS,,Nov 25 2019 7:49:52.0380 PM,Nov 25 2019 7:49:54.6410 PM,2.6027
37. QUIESCE_SYSTEM_3,Dut,sendCommand,PASS,,Nov 25 2019 7:49:54.6480 PM,Nov 25 2019 7:49:54.6870 PM,.0393
37. QUIESCE_SYSTEM_3,Dut,sendCommand,PASS,,Nov 25 2019 7:49:54.6880 PM,Nov 25 2019 7:49:54.7290 PM,.0405
38. ARDMORE_TEST,Dut,sendCommand,PASS,,Nov 25 2019 7:49:54.7320 PM,Nov 25 2019 7:49:54.8480 PM,.1155
38. ARDMORE_TEST,Dut,sendCommand,PASS,,Nov 25 2019 7:49:54.8500 PM,Nov 25 2019 7:49:54.8900 PM,.0395
38. ARDMORE_TEST,Dut,sendCommand,PASS,,Nov 25 2019 7:49:54.8910 PM,Nov 25 2019 7:49:54.9710 PM,.0794
38. ARDMORE_TEST,Dut,sendCommand,PASS,,Nov 25 2019 7:49:54.9730 PM,Nov 25 2019 7:49:55.1490 PM,.1759
38. ARDMORE_TEST,Dut,sendCommand,PASS,,Nov 25 2019 7:49:55.1510 PM,Nov 25 2019 7:49:55.1980 PM,.0469
39. SPEAKER_IMPEDANCE,Dut,sendCommand,PASS,,Nov 25 2019 7:49:55.2030 PM,Nov 25 2019 7:49:55.3190 PM,.116
39. SPEAKER_IMPEDANCE,Dut,sendCommand,PASS,,Nov 25 2019 7:49:55.3210 PM,Nov 25 2019 7:49:55.3650 PM,.044
39. SPEAKER_IMPEDANCE,Dut,sendCommand,PASS,,Nov 25 2019 7:49:55.3660 PM,Nov 25 2019 7:49:55.4090 PM,.0423
39. SPEAKER_IMPEDANCE,Dut,sendCommand,PASS,,Nov 25 2019 7:49:55.4100 PM,Nov 25 2019 7:49:55.4510 PM,.0406
39. SPEAKER_IMPEDANCE,Dut,sendCommand,PASS,,Nov 25 2019 7:49:55.4520 PM,Nov 25 2019 7:49:55.4920 PM,.0392
39. SPEAKER_IMPEDANCE,Dut,sendCommand,PASS,,Nov 25 2019 7:49:55.4930 PM,Nov 25 2019 7:49:55.5380 PM,.0454
39. SPEAKER_IMPEDANCE,Dut,sendCommand,PASS,,Nov 25 2019 7:49:55.5400 PM,Nov 25 2019 7:49:55.5910 PM,.0514
39. SPEAKER_IMPEDANCE,Dut,sendCommand,PASS,,Nov 25 2019 7:49:55.5930 PM,Nov 25 2019 7:49:55.6520 PM,.0596
39. SPEAKER_IMPEDANCE,Dut,sendCommand,PASS,,Nov 25 2019 7:49:55.6540 PM,Nov 25 2019 7:49:56.7150 PM,1.0607
39. SPEAKER_IMPEDANCE,Dut,sendCommand,PASS,,Nov 25 2019 7:49:56.7160 PM,Nov 25 2019 7:49:56.8870 PM,.171
39. SPEAKER_IMPEDANCE,Dut,sendCommand,PASS,,Nov 25 2019 7:49:56.8900 PM,Nov 25 2019 7:49:56.9250 PM,.0353
39. SPEAKER_IMPEDANCE,Dut,sendCommand,PASS,,Nov 25 2019 7:49:56.9270 PM,Nov 25 2019 7:49:56.9810 PM,.0545
40. CARNELIAN,Dut,sendCommand,PASS,,Nov 25 2019 7:49:56.9860 PM,Nov 25 2019 7:49:57.1020 PM,.1166
40. CARNELIAN,Dut,sendCommand,PASS,,Nov 25 2019 7:49:57.1040 PM,Nov 25 2019 7:49:57.1450 PM,.0411
40. CARNELIAN,Dut,sendCommand,PASS,,Nov 25 2019 7:49:57.1470 PM,Nov 25 2019 7:49:58.6590 PM,1.5125
40. CARNELIAN,Dut,sendCommand,PASS,,Nov 25 2019 7:49:58.6610 PM,Nov 25 2019 7:49:58.7020 PM,.0413
40. CARNELIAN,Dut,sendCommand,PASS,,Nov 25 2019 7:49:58.7040 PM,Nov 25 2019 7:49:58.7580 PM,.0546
41. MAGNETITE_TEST_1,Dut,sendCommand,PASS,,Nov 25 2019 7:49:58.7620 PM,Nov 25 2019 7:49:58.8070 PM,.045
41. MAGNETITE_TEST_1,Dut,sendCommand,PASS,,Nov 25 2019 7:49:58.8090 PM,Nov 25 2019 7:49:58.8390 PM,.0303
42. BUTTONS_CHECK,Dut,sendCommand,PASS,,Nov 25 2019 7:49:58.8420 PM,Nov 25 2019 7:49:58.8920 PM,.0497
42. BUTTONS_CHECK,com.apple.hwte.atlas.AppPlugin,show-form,PASS,,Nov 25 2019 7:49:58.8950 PM,Nov 25 2019 7:50:04.5470 PM,5.6526
42. BUTTONS_CHECK,Dut,sendCommand,PASS,,Nov 25 2019 7:50:04.5490 PM,Nov 25 2019 7:50:04.5910 PM,.042
42. BUTTONS_CHECK,com.apple.hwte.atlas.AppPlugin,show-form,PASS,,Nov 25 2019 7:50:04.5940 PM,Nov 25 2019 7:50:06.3870 PM,1.7935
42. BUTTONS_CHECK,com.apple.hwte.atlas.AppPlugin,show-form,PASS,,Nov 25 2019 7:50:06.3890 PM,Nov 25 2019 7:50:08.7630 PM,2.374
42. BUTTONS_CHECK,Dut,sendCommand,PASS,,Nov 25 2019 7:50:08.7640 PM,Nov 25 2019 7:50:08.8030 PM,.0386
42. BUTTONS_CHECK,com.apple.hwte.atlas.AppPlugin,show-form,PASS,,Nov 25 2019 7:50:08.8060 PM,Nov 25 2019 7:50:10.8920 PM,2.086
42. BUTTONS_CHECK,Dut,sendCommand,PASS,,Nov 25 2019 7:50:10.8930 PM,Nov 25 2019 7:50:10.9320 PM,.039
43. BATTERY_PROPERTIES,Dut,sendCommand,PASS,,Nov 25 2019 7:50:10.9390 PM,Nov 25 2019 7:50:10.9960 PM,.0572
43. BATTERY_PROPERTIES,Dut,sendCommand,PASS,,Nov 25 2019 7:50:10.9980 PM,Nov 25 2019 7:50:12.0250 PM,1.0265
43. BATTERY_PROPERTIES,Dut,sendCommand,PASS,,Nov 25 2019 7:50:12.0270 PM,Nov 25 2019 7:50:12.3600 PM,.3333
43. BATTERY_PROPERTIES,Dut,sendCommand,PASS,,Nov 25 2019 7:50:12.3620 PM,Nov 25 2019 7:50:12.5470 PM,.1846
44. MAGNETITE_TEST_2,Dut,sendCommand,PASS,,Nov 25 2019 7:50:12.5510 PM,Nov 25 2019 7:50:12.5900 PM,.0385
44. MAGNETITE_TEST_2,Dut,sendCommand,PASS,,Nov 25 2019 7:50:12.5910 PM,Nov 25 2019 7:50:16.6780 PM,4.0866
44. MAGNETITE_TEST_2,Dut,sendCommand,PASS,,Nov 25 2019 7:50:16.6860 PM,Nov 25 2019 7:50:16.7260 PM,.0398
44. MAGNETITE_TEST_2,Dut,sendCommand,PASS,,Nov 25 2019 7:50:16.7270 PM,Nov 25 2019 7:50:16.7580 PM,.0305
44. MAGNETITE_TEST_2,Dut,sendCommand,PASS,,Nov 25 2019 7:50:16.7600 PM,Nov 25 2019 7:50:16.7890 PM,.0299
44. MAGNETITE_TEST_2,Dut,sendCommand,PASS,,Nov 25 2019 7:50:16.7910 PM,Nov 25 2019 7:50:31.8210 PM,15.0293
44. MAGNETITE_TEST_2,Dut,sendCommand,PASS,,Nov 25 2019 7:50:31.8240 PM,Nov 25 2019 7:50:32.8580 PM,1.0338
44. MAGNETITE_TEST_2,Dut,sendCommand,PASS,,Nov 25 2019 7:50:32.8590 PM,Nov 25 2019 7:50:33.7320 PM,.8729
44. MAGNETITE_TEST_2,Dut,sendCommand,PASS,,Nov 25 2019 7:50:33.7380 PM,Nov 25 2019 7:50:35.7770 PM,2.0387
45. PUCK_CHARGE_TEST,Dut,sendCommand,PASS,,Nov 25 2019 7:50:35.7830 PM,Nov 25 2019 7:50:35.8940 PM,.1116
45. PUCK_CHARGE_TEST,Dut,sendCommand,PASS,,Nov 25 2019 7:50:35.8970 PM,Nov 25 2019 7:50:36.1840 PM,.2874
46. DBGPWR_ON,com.apple.hwte.atlas.AppPlugin,show-form,PASS,,Nov 25 2019 7:50:36.1900 PM,Nov 25 2019 7:50:41.2500 PM,5.0602
46. DBGPWR_ON,Dut,sendCommand,PASS,,Nov 25 2019 7:50:41.2520 PM,Nov 25 2019 7:50:41.2940 PM,.0421
47. WIFI,Dut,sendCommand,PASS,,Nov 25 2019 7:50:41.2990 PM,Nov 25 2019 7:50:41.6740 PM,.3754
47. WIFI,Dut,sendCommand,PASS,,Nov 25 2019 7:50:41.6760 PM,Nov 25 2019 7:50:41.7200 PM,.0441
48. BULETOOTH,Dut,sendCommand,PASS,,Nov 25 2019 7:50:41.7240 PM,Nov 25 2019 7:50:42.1360 PM,.4116
48. BULETOOTH,Dut,sendCommand,PASS,,Nov 25 2019 7:50:42.1370 PM,Nov 25 2019 7:50:42.2460 PM,.1093
48. BULETOOTH,Dut,sendCommand,PASS,,Nov 25 2019 7:50:42.2480 PM,Nov 25 2019 7:50:42.2960 PM,.048
49. STOCKHOLM,Dut,sendCommand,PASS,,Nov 25 2019 7:50:42.3000 PM,Nov 25 2019 7:50:42.5950 PM,.2955
49. STOCKHOLM,Dut,sendCommand,PASS,,Nov 25 2019 7:50:42.5970 PM,Nov 25 2019 7:50:42.6370 PM,.0404
49. STOCKHOLM,Dut,sendCommand,PASS,,Nov 25 2019 7:50:42.6390 PM,Nov 25 2019 7:50:42.6810 PM,.0415
49. STOCKHOLM,Dut,sendCommand,PASS,,Nov 25 2019 7:50:42.6820 PM,Nov 25 2019 7:50:42.7230 PM,.0403
49. STOCKHOLM,Dut,sendCommand,PASS,,Nov 25 2019 7:50:42.7240 PM,Nov 25 2019 7:50:42.7650 PM,.041
49. STOCKHOLM,Dut,sendCommand,PASS,,Nov 25 2019 7:50:42.7670 PM,Nov 25 2019 7:50:42.8130 PM,.0463
49. STOCKHOLM,Dut,sendCommand,PASS,,Nov 25 2019 7:50:42.8150 PM,Nov 25 2019 7:50:43.4200 PM,.6048
49. STOCKHOLM,Dut,sendCommand,PASS,,Nov 25 2019 7:50:43.4220 PM,Nov 25 2019 7:50:44.9540 PM,1.5317
49. STOCKHOLM,Dut,sendCommand,PASS,,Nov 25 2019 7:50:44.9550 PM,Nov 25 2019 7:50:44.9860 PM,.03
49. STOCKHOLM,Dut,sendCommand,PASS,,Nov 25 2019 7:50:44.9870 PM,Nov 25 2019 7:50:45.0230 PM,.0364
49. STOCKHOLM,Dut,sendCommand,PASS,,Nov 25 2019 7:50:45.0250 PM,Nov 25 2019 7:50:45.0560 PM,.0306
49. STOCKHOLM,Dut,sendCommand,PASS,,Nov 25 2019 7:50:45.0570 PM,Nov 25 2019 7:50:45.0870 PM,.0299
49. STOCKHOLM,Dut,sendCommand,PASS,,Nov 25 2019 7:50:45.0890 PM,Nov 25 2019 7:50:45.1190 PM,.0306
50. GERMANIUM_BASEBAND_VINYL,Dut,sendCommand,PASS,,Nov 25 2019 7:50:45.1240 PM,Nov 25 2019 7:50:49.0650 PM,3.9406
50. GERMANIUM_BASEBAND_VINYL,Dut,sendCommand,PASS,,Nov 25 2019 7:50:49.0670 PM,Nov 25 2019 7:50:49.1510 PM,.0843
50. GERMANIUM_BASEBAND_VINYL,Dut,sendCommand,PASS,,Nov 25 2019 7:50:49.1530 PM,Nov 25 2019 7:50:49.5460 PM,.3929
51. GRAPE_TEST,Dut,sendCommand,PASS,,Nov 25 2019 7:50:49.5490 PM,Nov 25 2019 7:50:49.6560 PM,.1064
51. GRAPE_TEST,Dut,sendCommand,PASS,,Nov 25 2019 7:50:49.6590 PM,Nov 25 2019 7:50:49.7900 PM,.131
51. GRAPE_TEST,Dut,sendCommand,PASS,,Nov 25 2019 7:50:49.7920 PM,Nov 25 2019 7:50:49.8350 PM,.0428
52. ALS_TEST,Dut,sendCommand,PASS,,Nov 25 2019 7:50:49.8430 PM,Nov 25 2019 7:50:49.8930 PM,.05
52. ALS_TEST,Dut,sendCommand,PASS,,Nov 25 2019 7:50:49.8960 PM,Nov 25 2019 7:50:50.1810 PM,.285
52. ALS_TEST,Dut,sendCommand,PASS,,Nov 25 2019 7:50:50.1820 PM,Nov 25 2019 7:50:50.2130 PM,.0305
52. ALS_TEST,Dut,sendCommand,PASS,,Nov 25 2019 7:50:50.2140 PM,Nov 25 2019 7:50:50.2450 PM,.0302
52. ALS_TEST,Dut,sendCommand,PASS,,Nov 25 2019 7:50:50.2460 PM,Nov 25 2019 7:50:50.2870 PM,.0413
52. ALS_TEST,Dut,sendCommand,PASS,,Nov 25 2019 7:50:50.2890 PM,Nov 25 2019 7:50:50.3900 PM,.1013
52. ALS_TEST,Dut,sendCommand,PASS,,Nov 25 2019 7:50:50.3950 PM,Nov 25 2019 7:50:50.4400 PM,.0455
52. ALS_TEST,Dut,sendCommand,PASS,,Nov 25 2019 7:50:50.4430 PM,Nov 25 2019 7:50:50.5020 PM,.059
52. ALS_TEST,Dut,sendCommand,PASS,,Nov 25 2019 7:50:50.5030 PM,Nov 25 2019 7:50:51.3610 PM,.8574
52. ALS_TEST,Dut,sendCommand,PASS,,Nov 25 2019 7:50:51.3630 PM,Nov 25 2019 7:50:51.5840 PM,.221
52. ALS_TEST,Dut,sendCommand,PASS,,Nov 25 2019 7:50:51.5860 PM,Nov 25 2019 7:50:52.4320 PM,.8463
52. ALS_TEST,Dut,sendCommand,PASS,,Nov 25 2019 7:50:52.4350 PM,Nov 25 2019 7:50:52.9110 PM,.4764
52. ALS_TEST,Dut,sendCommand,PASS,,Nov 25 2019 7:50:52.9130 PM,Nov 25 2019 7:50:52.9550 PM,.0423
53. DISPLAY_TEST,Dut,sendCommand,PASS,,Nov 25 2019 7:50:52.9600 PM,Nov 25 2019 7:50:53.2420 PM,.2827
53. DISPLAY_TEST,Dut,sendCommand,PASS,,Nov 25 2019 7:50:53.2440 PM,Nov 25 2019 7:50:53.2900 PM,.0465
53. DISPLAY_TEST,Dut,sendCommand,PASS,,Nov 25 2019 7:50:53.2920 PM,Nov 25 2019 7:50:53.3220 PM,.0303
53. DISPLAY_TEST,Dut,sendCommand,PASS,,Nov 25 2019 7:50:53.3240 PM,Nov 25 2019 7:50:53.3670 PM,.0434
53. DISPLAY_TEST,Dut,sendCommand,PASS,,Nov 25 2019 7:50:53.3690 PM,Nov 25 2019 7:50:53.4150 PM,.0461
53. DISPLAY_TEST,Dut,sendCommand,PASS,,Nov 25 2019 7:50:53.4160 PM,Nov 25 2019 7:50:55.4430 PM,2.027
53. DISPLAY_TEST,Dut,sendCommand,PASS,,Nov 25 2019 7:50:55.4450 PM,Nov 25 2019 7:50:55.5070 PM,.062
53. DISPLAY_TEST,Dut,sendCommand,PASS,,Nov 25 2019 7:50:55.5090 PM,Nov 25 2019 7:50:57.5360 PM,2.0266
53. DISPLAY_TEST,Dut,sendCommand,PASS,,Nov 25 2019 7:50:57.5380 PM,Nov 25 2019 7:50:57.5790 PM,.0413
53. DISPLAY_TEST,Dut,sendCommand,PASS,,Nov 25 2019 7:50:57.5800 PM,Nov 25 2019 7:50:57.8350 PM,.2541
53. DISPLAY_TEST,Dut,sendCommand,PASS,,Nov 25 2019 7:50:57.8380 PM,Nov 25 2019 7:50:57.9430 PM,.1051
53. DISPLAY_TEST,Dut,sendCommand,PASS,,Nov 25 2019 7:50:57.9450 PM,Nov 25 2019 7:50:58.3420 PM,.3973
54. END_QUIESCE_SYSTEM,Dut,sendCommand,PASS,,Nov 25 2019 7:50:58.3470 PM,Nov 25 2019 7:50:58.3830 PM,.0363
55. QUERY_SFC_WRITE_SYSCFG_2,Dut,sendCommand,PASS,,Nov 25 2019 7:50:58.3880 PM,Nov 25 2019 7:50:58.4500 PM,.0623
55. QUERY_SFC_WRITE_SYSCFG_2,Dut,sendCommand,PASS,,Nov 25 2019 7:50:58.4520 PM,Nov 25 2019 7:50:58.5030 PM,.0512
55. QUERY_SFC_WRITE_SYSCFG_2,Dut,sendCommand,PASS,,Nov 25 2019 7:50:58.5070 PM,Nov 25 2019 7:50:58.5790 PM,.0718
55. QUERY_SFC_WRITE_SYSCFG_2,Dut,sendCommand,PASS,,Nov 25 2019 7:50:58.5810 PM,Nov 25 2019 7:50:58.6250 PM,.0438
55. QUERY_SFC_WRITE_SYSCFG_2,Dut,sendCommand,PASS,,Nov 25 2019 7:50:58.6280 PM,Nov 25 2019 7:50:58.6730 PM,.0453
55. QUERY_SFC_WRITE_SYSCFG_2,Dut,sendCommand,PASS,,Nov 25 2019 7:50:58.6740 PM,Nov 25 2019 7:50:58.7210 PM,.0465
55. QUERY_SFC_WRITE_SYSCFG_2,Dut,sendCommand,PASS,,Nov 25 2019 7:50:58.7230 PM,Nov 25 2019 7:50:58.7690 PM,.0452
55. QUERY_SFC_WRITE_SYSCFG_2,Dut,sendCommand,PASS,,Nov 25 2019 7:50:58.7700 PM,Nov 25 2019 7:50:58.8180 PM,.0479
55. QUERY_SFC_WRITE_SYSCFG_2,Dut,sendCommand,PASS,,Nov 25 2019 7:50:58.8210 PM,Nov 25 2019 7:50:58.8640 PM,.0435
55. QUERY_SFC_WRITE_SYSCFG_2,Dut,sendCommand,PASS,,Nov 25 2019 7:50:58.8660 PM,Nov 25 2019 7:50:58.9120 PM,.0465
55. QUERY_SFC_WRITE_SYSCFG_2,Dut,sendCommand,PASS,,Nov 25 2019 7:50:58.9150 PM,Nov 25 2019 7:50:59.1200 PM,.2053
55. QUERY_SFC_WRITE_SYSCFG_2,Dut,sendCommand,PASS,,Nov 25 2019 7:50:59.1220 PM,Nov 25 2019 7:50:59.1670 PM,.0452
55. QUERY_SFC_WRITE_SYSCFG_2,Dut,sendCommand,PASS,,Nov 25 2019 7:50:59.1700 PM,Nov 25 2019 7:50:59.2150 PM,.0453
55. QUERY_SFC_WRITE_SYSCFG_2,Dut,sendCommand,PASS,,Nov 25 2019 7:50:59.2160 PM,Nov 25 2019 7:50:59.2600 PM,.0435
56. BATTERY_PROPERTIES,Dut,sendCommand,PASS,,Nov 25 2019 7:50:59.2660 PM,Nov 25 2019 7:50:59.3240 PM,.0585
56. BATTERY_PROPERTIES,Dut,sendCommand,PASS,,Nov 25 2019 7:50:59.3270 PM,Nov 25 2019 7:50:59.5090 PM,.1824
56. BATTERY_PROPERTIES,Dut,sendCommand,PASS,,Nov 25 2019 7:50:59.5110 PM,Nov 25 2019 7:51:00.5270 PM,1.0154
56. BATTERY_PROPERTIES,Dut,sendCommand,PASS,,Nov 25 2019 7:51:00.5280 PM,Nov 25 2019 7:51:00.8620 PM,.3337
56. BATTERY_PROPERTIES,Dut,sendCommand,PASS,,Nov 25 2019 7:51:00.8640 PM,Nov 25 2019 7:51:01.5460 PM,.6817
56. BATTERY_PROPERTIES,Dut,sendCommand,PASS,,Nov 25 2019 7:51:01.5480 PM,Nov 25 2019 7:51:01.7210 PM,.1737
56. BATTERY_PROPERTIES,Dut,sendCommand,PASS,,Nov 25 2019 7:51:01.7230 PM,Nov 25 2019 7:51:01.8920 PM,.1688
56. BATTERY_PROPERTIES,Dut,sendCommand,PASS,,Nov 25 2019 7:51:01.8940 PM,Nov 25 2019 7:51:02.7030 PM,.8086
56. BATTERY_PROPERTIES,Dut,sendCommand,PASS,,Nov 25 2019 7:51:02.7060 PM,Nov 25 2019 7:51:02.8910 PM,.1841
57. MAGNETITE_RESET,Dut,sendCommand,PASS,,Nov 25 2019 7:51:02.8960 PM,Nov 25 2019 7:51:02.9420 PM,.0451
,Dut,close,PASS,,Nov 25 2019 7:51:02.9440 PM,Nov 25 2019 7:51:02.9450 PM,.0005
Copy Log,RunCommand,RunCommandWithParameter,PASS,,Nov 25 2019 7:51:02.9520 PM,Nov 25 2019 7:51:02.9620 PM,.0101
Copy Log,RunCommand,RunCommandWithParameter,PASS,,Nov 25 2019 7:51:02.9640 PM,Nov 25 2019 7:51:02.9740 PM,.0103
Copy Log,RunCommand,RunCommandWithParameter,PASS,,Nov 25 2019 7:51:02.9760 PM,Nov 25 2019 7:51:02.9860 PM,.0101
Copy Log,RunCommand,RunCommandWithParameter,PASS,,Nov 25 2019 7:51:02.9880 PM,Nov 25 2019 7:51:03.0010 PM,.0134
Copy Log,RunCommand,RunCommandWithParameter,PASS,,Nov 25 2019 7:51:03.0030 PM,Nov 25 2019 7:51:03.0150 PM,.0119
Copy Log,RunCommand,RunCommandWithParameter,PASS,,Nov 25 2019 7:51:03.0160 PM,Nov 25 2019 7:51:03.0290 PM,.0123
Copy Log,DRCB,addBlob,PASS,,Nov 25 2019 7:51:03.0310 PM,Nov 25 2019 7:51:03.0320 PM,.0005
58. END_CONTROLBIT,DRCB,finish,PASS,,Nov 25 2019 7:51:03.0390 PM,Nov 25 2019 7:51:03.3120 PM,.2736
,Dut,open,PASS,,Nov 25 2019 7:51:03.3190 PM,Nov 25 2019 7:51:03.3750 PM,.0558
59. UNIT STANDBY,Dut,sendCommand,PASS,,Nov 25 2019 7:51:03.3770 PM,Nov 25 2019 7:51:03.4780 PM,.1015
,Dut,close,PASS,,Nov 25 2019 7:51:03.4850 PM,Nov 25 2019 7:51:03.4850 PM,.0004
