Related Test,Name-1,Name-2,Name-3,Status,Info,Measurement,Units,Upper Limit,Lower Limit,Relaxed Upper Limit,Relaxed Lower Limit,Limit Units,Start Time,End Time,Duration (s)
Scan SN,,,,,,,,,,,,,Jul 10 2019 4:37:43.7610 PM,Jul 10 2019 4:37:46.5680 PM,2.8076
Scan SN,Scan SN,AtlasApp-Hyperion,show-form,PASS,,,,,,,,,Jul 10 2019 4:37:43.7630 PM,Jul 10 2019 4:37:46.5670 PM,2.8042
Start Data Reporting,,,,,,,,,,,,,Jul 10 2019 4:37:46.5710 PM,Jul 10 2019 4:37:46.5850 PM,.0137
Start Data Reporting,Start Data Reporting,DRCB,StartDataReporting,PASS,,,,,,,,,Jul 10 2019 4:37:46.5740 PM,Jul 10 2019 4:37:46.5830 PM,.0089
Get SFC Info,,,,,,,,,,,,,Jul 10 2019 4:37:46.5870 PM,Jul 10 2019 4:37:46.6410 PM,.054
Get SFC Info,Get SFC Info,SFCSupport,getAttributes,PASS,,,,,,,,,Jul 10 2019 4:37:46.5890 PM,Jul 10 2019 4:37:46.6240 PM,.0347
Get SFC Info,Get SFC Info,GET SFC info - pansa,DKB92620008N6780Z,PASS,,,,,,,,,Jul 10 2019 4:37:46.6250 PM,Jul 10 2019 4:37:46.6250 PM,0
Get SFC Info,Get SFC Info,SFCSupport,getAttributes-2,PASS,,,,,,,,,Jul 10 2019 4:37:46.6260 PM,Jul 10 2019 4:37:46.6300 PM,.0042
Get SFC Info,Get SFC Info,GET SFC info - unit_lbl,R118-P1_P11EN-R1_C00082,PASS,,,,,,,,,Jul 10 2019 4:37:46.6310 PM,Jul 10 2019 4:37:46.6310 PM,0
Get SFC Info,Get SFC Info,SFCSupport,getAttributes-3,PASS,,,,,,,,,Jul 10 2019 4:37:46.6320 PM,Jul 10 2019 4:37:46.6360 PM,.0033
Get SFC Info,Get SFC Info,GET SFC info - wo_no,WCT-J6000F,PASS,,,,,,,,,Jul 10 2019 4:37:46.6360 PM,Jul 10 2019 4:37:46.6360 PM,0
Get SFC Info,Get SFC Info,SFCSupport,getAttributes-4,PASS,,,,,,,,,Jul 10 2019 4:37:46.6370 PM,Jul 10 2019 4:37:46.6400 PM,.003
Get SFC Info,Get SFC Info,GET SFC info - mlb_sn,DLX92540021N6R51S,PASS,,,,,,,,,Jul 10 2019 4:37:46.6410 PM,Jul 10 2019 4:37:46.6410 PM,0
BUILD EVENT,,,,,,,,,,,,,Jul 10 2019 4:37:46.6440 PM,Jul 10 2019 4:37:46.6450 PM,.0014
BUILD EVENT,BUILD EVENT,BUILD_EVENT,R118-P1,PASS,,,,,,,,,Jul 10 2019 4:37:46.6450 PM,Jul 10 2019 4:37:46.6450 PM,0
S_BUILD,,,,,,,,,,,,,Jul 10 2019 4:37:46.6470 PM,Jul 10 2019 4:37:46.6480 PM,.0006
S_BUILD,S_BUILD,S_BUILD,R118-P1_P11EN-R1,PASS,,,,,,,,,Jul 10 2019 4:37:46.6470 PM,Jul 10 2019 4:37:46.6470 PM,0
WO_SN,,,,,,,,,,,,,Jul 10 2019 4:37:46.6490 PM,Jul 10 2019 4:37:46.6500 PM,.0006
WO_SN,WO_SN,Get wo_no Pass,,PASS,,,,,,,,,Jul 10 2019 4:37:46.6500 PM,Jul 10 2019 4:37:46.6500 PM,0
UNIT LBL,,,,,,,,,,,,,Jul 10 2019 4:37:46.6520 PM,Jul 10 2019 4:37:46.6530 PM,.0007
UNIT LBL,UNIT LBL,Get unit_lbl Pass,,PASS,,,,,,,,,Jul 10 2019 4:37:46.6530 PM,Jul 10 2019 4:37:46.6530 PM,0
Endpoint init,,,,,,,,,,,,,Jul 10 2019 4:37:46.6540 PM,Jul 10 2019 4:38:02.9770 PM,16.323
Endpoint init,Endpoint init,"[rpc] dutgpio_set_pin(7,0)",,PASS,,,,,,,,,Jul 10 2019 4:37:46.6560 PM,Jul 10 2019 4:37:46.6620 PM,.0058
Endpoint init,Endpoint init,"[rpc] dutgpio_set_pin(7,1)",,PASS,,,,,,,,,Jul 10 2019 4:37:49.7300 PM,Jul 10 2019 4:37:49.7350 PM,.0046
Endpoint init,Endpoint init,"[rpc] myiocontrol_set_Bit(24,1)",,PASS,,,,,,,,,Jul 10 2019 4:37:52.8100 PM,Jul 10 2019 4:37:52.8170 PM,.0068
Endpoint init,Endpoint init,"[rpc] myiocontrol_set_Bit(25,1)",,PASS,,,,,,,,,Jul 10 2019 4:37:52.8180 PM,Jul 10 2019 4:37:52.8650 PM,.0467
Endpoint init,Endpoint init,[Hid] /usr/local/bin/hidreport -p 0x026E -i 0 set 0x3D 0x3D 0x13 0x0 0x0 0x0,,PASS,,,,,,,,,Jul 10 2019 4:37:55.9860 PM,Jul 10 2019 4:37:55.9860 PM,0
Endpoint init,Endpoint init,IOFileHandle,writeToFile,PASS,,,,,,,,,Jul 10 2019 4:37:55.9880 PM,Jul 10 2019 4:37:55.9890 PM,.0011
Endpoint init,Endpoint init,[Hid] /usr/local/bin/hidreport -p 0x026E -i 0 set 0x3E 0x3E 0x13 0x0 0x0 0x0 0x2,,PASS,,,,,,,,,Jul 10 2019 4:37:56.4100 PM,Jul 10 2019 4:37:56.4100 PM,0
Endpoint init,Endpoint init,IOFileHandle,writeToFile-2,PASS,,,,,,,,,Jul 10 2019 4:37:56.4110 PM,Jul 10 2019 4:37:56.4110 PM,.0001
Endpoint init,Endpoint init,"[rpc] myiocontrol_set_Bit(24,0)",,PASS,,,,,,,,,Jul 10 2019 4:37:56.7850 PM,Jul 10 2019 4:37:56.7910 PM,.0066
Endpoint init,Endpoint init,"[rpc] myiocontrol_set_Bit(25,0)",,PASS,,,,,,,,,Jul 10 2019 4:37:56.7930 PM,Jul 10 2019 4:37:56.8000 PM,.0066
Endpoint init,Endpoint init,"[rpc] dutgpio_set_pin(7,0)-2",,PASS,,,,,,,,,Jul 10 2019 4:37:56.8010 PM,Jul 10 2019 4:37:56.8050 PM,.0044
Endpoint init,Endpoint init,"[rpc] myiocontrol_set_Bit(24,1)-2",,PASS,,,,,,,,,Jul 10 2019 4:37:59.8820 PM,Jul 10 2019 4:37:59.8890 PM,.0067
Endpoint init,Endpoint init,"[rpc] myiocontrol_set_Bit(25,1)-2",,PASS,,,,,,,,,Jul 10 2019 4:37:59.8900 PM,Jul 10 2019 4:37:59.8970 PM,.0067
Endpoint init,Endpoint init,"[rpc] dutgpio_set_pin(7,1)-2",,PASS,,,,,,,,,Jul 10 2019 4:37:59.8990 PM,Jul 10 2019 4:37:59.9030 PM,.0042
Auth Check,,,,,,,,,,,,,Jul 10 2019 4:38:02.9800 PM,Jul 10 2019 4:38:09.1300 PM,6.1505
Auth Check,Auth Check,P203,changeDelimiter,PASS,,,,,,,,,Jul 10 2019 4:38:02.9810 PM,Jul 10 2019 4:38:02.9810 PM,.0001
Auth Check,Auth Check,P203,changeLineTerminator,PASS,,,,,,,,,Jul 10 2019 4:38:02.9830 PM,Jul 10 2019 4:38:02.9830 PM,0
Auth Check,Auth Check,P203,open,PASS,,,,,,,,,Jul 10 2019 4:38:02.9850 PM,Jul 10 2019 4:38:04.5810 PM,1.5964
Auth Check,Auth Check,P203,read,PASS,,,,,,,,,Jul 10 2019 4:38:04.5830 PM,Jul 10 2019 4:38:04.6120 PM,.0288
Auth Check,Auth Check,P203,read-2,PASS,,,,,,,,,Jul 10 2019 4:38:04.6140 PM,Jul 10 2019 4:38:04.6420 PM,.0283
Auth Check,Auth Check,[P203] aid tx bd 1 3 24 71 3 10 0 00,sendCommandChars,PASS,,,,,,,,,Jul 10 2019 4:38:04.6450 PM,Jul 10 2019 4:38:04.7120 PM,.0669
Auth Check,Auth Check,P203,read-3,PASS,,,,,,,,,Jul 10 2019 4:38:04.7140 PM,Jul 10 2019 4:38:04.7140 PM,.0002
Auth Check,Auth Check,P203,read-4,PASS,,,,,,,,,Jul 10 2019 4:38:04.7150 PM,Jul 10 2019 4:38:04.7430 PM,.0271
Auth Check,Auth Check,[P203] aid tx bd 1 3 24 71 3 10 0 00,sendCommandChars-2,PASS,,,,,,,,,Jul 10 2019 4:38:04.7440 PM,Jul 10 2019 4:38:04.7780 PM,.0345
Auth Check,Auth Check,P203,read-5,PASS,,,,,,,,,Jul 10 2019 4:38:04.7810 PM,Jul 10 2019 4:38:04.7810 PM,.0001
Auth Check,Auth Check,P203,read-6,PASS,,,,,,,,,Jul 10 2019 4:38:04.7820 PM,Jul 10 2019 4:38:04.8030 PM,.0205
Auth Check,Auth Check,[P203] aid tx bd 1 3 24 71 3 10 0 00,sendCommandChars-3,PASS,,,,,,,,,Jul 10 2019 4:38:04.8040 PM,Jul 10 2019 4:38:04.8390 PM,.0351
Auth Check,Auth Check,P203,read-7,PASS,,,,,,,,,Jul 10 2019 4:38:04.8420 PM,Jul 10 2019 4:38:04.8420 PM,.0002
Auth Check,Auth Check,P203,read-8,PASS,,,,,,,,,Jul 10 2019 4:38:04.8430 PM,Jul 10 2019 4:38:04.8700 PM,.027
Auth Check,Auth Check,[P203] aid tx bd 1 3 24 71 3 10 0 00,sendCommandChars-4,PASS,,,,,,,,,Jul 10 2019 4:38:04.8720 PM,Jul 10 2019 4:38:04.9070 PM,.0352
Auth Check,Auth Check,P203,read-9,PASS,,,,,,,,,Jul 10 2019 4:38:04.9100 PM,Jul 10 2019 4:38:04.9100 PM,.0002
Auth Check,Auth Check,P203,read-10,PASS,,,,,,,,,Jul 10 2019 4:38:04.9110 PM,Jul 10 2019 4:38:04.9370 PM,.0264
Auth Check,Auth Check,[P203] aid tx bd 1 3 24 71 3 10 0 00,sendCommandChars-5,PASS,,,,,,,,,Jul 10 2019 4:38:04.9390 PM,Jul 10 2019 4:38:04.9740 PM,.0355
Auth Check,Auth Check,P203,read-11,PASS,,,,,,,,,Jul 10 2019 4:38:04.9780 PM,Jul 10 2019 4:38:04.9780 PM,.0002
Auth Check,Auth Check,P203,read-12,PASS,,,,,,,,,Jul 10 2019 4:38:04.9800 PM,Jul 10 2019 4:38:05.0040 PM,.0241
Auth Check,Auth Check,[P203] aid tx bd 2 3 24 71 3 10 0 00,sendCommandChars,PASS,,,,,,,,,Jul 10 2019 4:38:05.0060 PM,Jul 10 2019 4:38:05.0430 PM,.0372
Auth Check,Auth Check,P203,read-13,PASS,,,,,,,,,Jul 10 2019 4:38:05.0460 PM,Jul 10 2019 4:38:05.0460 PM,.0002
Auth Check,Auth Check,P203,read-14,PASS,,,,,,,,,Jul 10 2019 4:38:05.0470 PM,Jul 10 2019 4:38:05.0740 PM,.0268
Auth Check,Auth Check,P203,read-15,PASS,,,,,,,,,Jul 10 2019 4:38:05.0760 PM,Jul 10 2019 4:38:05.1040 PM,.0283
Auth Check,Auth Check,[P203] aid tx bd 3 2 24 71 3 10 8,sendCommandChars,PASS,,,,,,,,,Jul 10 2019 4:38:05.1060 PM,Jul 10 2019 4:38:05.1400 PM,.0342
Auth Check,Auth Check,1. Fetch device info,,PASS,,,,,,,,,Jul 10 2019 4:38:05.1420 PM,Jul 10 2019 4:38:05.1420 PM,0
Auth Check,Auth Check,      version: 0x07,,PASS,,,,,,,,,Jul 10 2019 4:38:05.1420 PM,Jul 10 2019 4:38:05.1420 PM,0
Auth Check,Auth Check,auth revision: 0x01,,PASS,,,,,,,,,Jul 10 2019 4:38:05.1420 PM,Jul 10 2019 4:38:05.1420 PM,0
Auth Check,Auth Check,auth protocol: 0x0300,,PASS,,,,,,,,,Jul 10 2019 4:38:05.1420 PM,Jul 10 2019 4:38:05.1420 PM,0
Auth Check,Auth Check,    device ID: 0x00000300,,PASS,,,,,,,,,Jul 10 2019 4:38:05.1420 PM,Jul 10 2019 4:38:05.1420 PM,0
Auth Check,Auth Check,P203,read-16,PASS,,,,,,,,,Jul 10 2019 4:38:05.1440 PM,Jul 10 2019 4:38:05.1440 PM,.0002
Auth Check,Auth Check,P203,read-17,PASS,,,,,,,,,Jul 10 2019 4:38:05.1450 PM,Jul 10 2019 4:38:05.1740 PM,.0295
Auth Check,Auth Check,[P203] aid tx bd 4 3 24 71 3 10 0 30,sendCommandChars,PASS,,,,,,,,,Jul 10 2019 4:38:05.1760 PM,Jul 10 2019 4:38:05.2110 PM,.0349
Auth Check,Auth Check,P203,read-18,PASS,,,,,,,,,Jul 10 2019 4:38:05.2130 PM,Jul 10 2019 4:38:05.2130 PM,.0001
Auth Check,Auth Check,P203,read-19,PASS,,,,,,,,,Jul 10 2019 4:38:05.2150 PM,Jul 10 2019 4:38:05.2450 PM,.0298
Auth Check,Auth Check,P203,read-20,PASS,,,,,,,,,Jul 10 2019 4:38:05.2460 PM,Jul 10 2019 4:38:05.2750 PM,.0284
Auth Check,Auth Check,[P203] aid tx bd 5 2 24 71 3 10 2,sendCommandChars,PASS,,,,,,,,,Jul 10 2019 4:38:05.2760 PM,Jul 10 2019 4:38:05.3100 PM,.034
Auth Check,Auth Check,2. Fetch cert length,,PASS,,,,,,,,,Jul 10 2019 4:38:05.3130 PM,Jul 10 2019 4:38:05.3130 PM,0
Auth Check,Auth Check,P203,read-21,PASS,,,,,,,,,Jul 10 2019 4:38:05.3150 PM,Jul 10 2019 4:38:05.3150 PM,.0002
Auth Check,Auth Check,P203,read-22,PASS,,,,,,,,,Jul 10 2019 4:38:05.3160 PM,Jul 10 2019 4:38:05.3450 PM,.0289
Auth Check,Auth Check,[P203] aid tx bd 6 3 24 71 3 10 0 31,sendCommandChars,PASS,,,,,,,,,Jul 10 2019 4:38:05.3460 PM,Jul 10 2019 4:38:05.3820 PM,.0352
Auth Check,Auth Check,P203,read-23,PASS,,,,,,,,,Jul 10 2019 4:38:05.3840 PM,Jul 10 2019 4:38:05.3840 PM,.0001
Auth Check,Auth Check,P203,read-24,PASS,,,,,,,,,Jul 10 2019 4:38:05.3860 PM,Jul 10 2019 4:38:05.4160 PM,.0299
Auth Check,Auth Check,P203,read-25,PASS,,,,,,,,,Jul 10 2019 4:38:05.4180 PM,Jul 10 2019 4:38:05.4400 PM,.0219
Auth Check,Auth Check,[P203] aid tx bd 7 2 24 71 3 10 23,sendCommandChars,PASS,,,,,,,,,Jul 10 2019 4:38:05.4410 PM,Jul 10 2019 4:38:05.4770 PM,.0358
Auth Check,Auth Check,P203,read-26,PASS,,,,,,,,,Jul 10 2019 4:38:05.4800 PM,Jul 10 2019 4:38:05.4800 PM,.0001
Auth Check,Auth Check,P203,read-27,PASS,,,,,,,,,Jul 10 2019 4:38:05.4810 PM,Jul 10 2019 4:38:05.5060 PM,.0243
Auth Check,Auth Check,P203,read-28,PASS,,,,,,,,,Jul 10 2019 4:38:05.5080 PM,Jul 10 2019 4:38:05.5330 PM,.0254
Auth Check,Auth Check,[P203] aid tx bd 8 2 24 71 3 10 23,sendCommandChars,PASS,,,,,,,,,Jul 10 2019 4:38:05.5350 PM,Jul 10 2019 4:38:05.5700 PM,.0356
Auth Check,Auth Check,P203,read-29,PASS,,,,,,,,,Jul 10 2019 4:38:05.5730 PM,Jul 10 2019 4:38:05.5730 PM,.0002
Auth Check,Auth Check,P203,read-30,PASS,,,,,,,,,Jul 10 2019 4:38:05.5740 PM,Jul 10 2019 4:38:05.5960 PM,.0221
Auth Check,Auth Check,P203,read-31,PASS,,,,,,,,,Jul 10 2019 4:38:05.5980 PM,Jul 10 2019 4:38:05.6260 PM,.0282
Auth Check,Auth Check,[P203] aid tx bd 9 2 24 71 3 10 23,sendCommandChars,PASS,,,,,,,,,Jul 10 2019 4:38:05.6280 PM,Jul 10 2019 4:38:05.6630 PM,.0354
Auth Check,Auth Check,P203,read-32,PASS,,,,,,,,,Jul 10 2019 4:38:05.6660 PM,Jul 10 2019 4:38:05.6660 PM,.0001
Auth Check,Auth Check,P203,read-33,PASS,,,,,,,,,Jul 10 2019 4:38:05.6670 PM,Jul 10 2019 4:38:05.6970 PM,.0295
Auth Check,Auth Check,P203,read-34,PASS,,,,,,,,,Jul 10 2019 4:38:05.6980 PM,Jul 10 2019 4:38:05.7270 PM,.0282
Auth Check,Auth Check,[P203] aid tx bd a 2 24 71 3 10 17,sendCommandChars,PASS,,,,,,,,,Jul 10 2019 4:38:05.7280 PM,Jul 10 2019 4:38:05.7640 PM,.0358
Auth Check,Auth Check,P203,read-35,PASS,,,,,,,,,Jul 10 2019 4:38:05.7670 PM,Jul 10 2019 4:38:05.7670 PM,.0001
Auth Check,Auth Check,P203,read-36,PASS,,,,,,,,,Jul 10 2019 4:38:05.7680 PM,Jul 10 2019 4:38:05.7970 PM,.0287
Auth Check,Auth Check,[P203] aid tx bd b 3 24 71 3 10 0 32,sendCommandChars,PASS,,,,,,,,,Jul 10 2019 4:38:05.7990 PM,Jul 10 2019 4:38:05.8340 PM,.0353
Auth Check,Auth Check,P203,read-37,PASS,,,,,,,,,Jul 10 2019 4:38:05.8360 PM,Jul 10 2019 4:38:05.8360 PM,.0001
Auth Check,Auth Check,P203,read-38,PASS,,,,,,,,,Jul 10 2019 4:38:05.8380 PM,Jul 10 2019 4:38:05.8670 PM,.0292
Auth Check,Auth Check,P203,read-39,PASS,,,,,,,,,Jul 10 2019 4:38:05.8690 PM,Jul 10 2019 4:38:05.8970 PM,.0284
Auth Check,Auth Check,[P203] aid tx bd c 2 24 71 3 10 23,sendCommandChars,PASS,,,,,,,,,Jul 10 2019 4:38:05.8990 PM,Jul 10 2019 4:38:05.9340 PM,.0347
Auth Check,Auth Check,P203,read-40,PASS,,,,,,,,,Jul 10 2019 4:38:05.9360 PM,Jul 10 2019 4:38:05.9360 PM,.0002
Auth Check,Auth Check,P203,read-41,PASS,,,,,,,,,Jul 10 2019 4:38:05.9380 PM,Jul 10 2019 4:38:05.9680 PM,.03
Auth Check,Auth Check,P203,read-42,PASS,,,,,,,,,Jul 10 2019 4:38:05.9700 PM,Jul 10 2019 4:38:05.9980 PM,.0273
Auth Check,Auth Check,[P203] aid tx bd d 2 24 71 3 10 23,sendCommandChars,PASS,,,,,,,,,Jul 10 2019 4:38:05.9990 PM,Jul 10 2019 4:38:06.0330 PM,.0342
Auth Check,Auth Check,P203,read-43,PASS,,,,,,,,,Jul 10 2019 4:38:06.0360 PM,Jul 10 2019 4:38:06.0360 PM,.0002
Auth Check,Auth Check,P203,read-44,PASS,,,,,,,,,Jul 10 2019 4:38:06.0370 PM,Jul 10 2019 4:38:06.0580 PM,.0207
Auth Check,Auth Check,P203,read-45,PASS,,,,,,,,,Jul 10 2019 4:38:06.0600 PM,Jul 10 2019 4:38:06.0810 PM,.021
Auth Check,Auth Check,[P203] aid tx bd e 2 24 71 3 10 23,sendCommandChars,PASS,,,,,,,,,Jul 10 2019 4:38:06.0820 PM,Jul 10 2019 4:38:06.1180 PM,.0359
Auth Check,Auth Check,P203,read-46,PASS,,,,,,,,,Jul 10 2019 4:38:06.1210 PM,Jul 10 2019 4:38:06.1210 PM,.0002
Auth Check,Auth Check,P203,read-47,PASS,,,,,,,,,Jul 10 2019 4:38:06.1220 PM,Jul 10 2019 4:38:06.1480 PM,.0262
Auth Check,Auth Check,P203,read-48,PASS,,,,,,,,,Jul 10 2019 4:38:06.1500 PM,Jul 10 2019 4:38:06.1790 PM,.0282
Auth Check,Auth Check,[P203] aid tx bd f 2 24 71 3 10 17,sendCommandChars,PASS,,,,,,,,,Jul 10 2019 4:38:06.1800 PM,Jul 10 2019 4:38:06.2160 PM,.0361
Auth Check,Auth Check,P203,read-49,PASS,,,,,,,,,Jul 10 2019 4:38:06.2190 PM,Jul 10 2019 4:38:06.2190 PM,.0001
Auth Check,Auth Check,P203,read-50,PASS,,,,,,,,,Jul 10 2019 4:38:06.2210 PM,Jul 10 2019 4:38:06.2470 PM,.0266
Auth Check,Auth Check,[P203] aid tx bd 10 3 24 71 3 10 0 33,sendCommandChars,PASS,,,,,,,,,Jul 10 2019 4:38:06.2490 PM,Jul 10 2019 4:38:06.2840 PM,.0353
Auth Check,Auth Check,P203,read-51,PASS,,,,,,,,,Jul 10 2019 4:38:06.2870 PM,Jul 10 2019 4:38:06.2870 PM,.0001
Auth Check,Auth Check,P203,read-52,PASS,,,,,,,,,Jul 10 2019 4:38:06.2880 PM,Jul 10 2019 4:38:06.3110 PM,.023
Auth Check,Auth Check,P203,read-53,PASS,,,,,,,,,Jul 10 2019 4:38:06.3130 PM,Jul 10 2019 4:38:06.3390 PM,.0263
Auth Check,Auth Check,[P203] aid tx bd 11 2 24 71 3 10 23,sendCommandChars,PASS,,,,,,,,,Jul 10 2019 4:38:06.3410 PM,Jul 10 2019 4:38:06.3770 PM,.0362
Auth Check,Auth Check,P203,read-54,PASS,,,,,,,,,Jul 10 2019 4:38:06.3830 PM,Jul 10 2019 4:38:06.3830 PM,.0002
Auth Check,Auth Check,P203,read-55,PASS,,,,,,,,,Jul 10 2019 4:38:06.3840 PM,Jul 10 2019 4:38:06.4090 PM,.0255
Auth Check,Auth Check,P203,read-56,PASS,,,,,,,,,Jul 10 2019 4:38:06.4120 PM,Jul 10 2019 4:38:06.4400 PM,.0273
Auth Check,Auth Check,[P203] aid tx bd 12 2 24 71 3 10 23,sendCommandChars,PASS,,,,,,,,,Jul 10 2019 4:38:06.4410 PM,Jul 10 2019 4:38:06.4770 PM,.0355
Auth Check,Auth Check,P203,read-57,PASS,,,,,,,,,Jul 10 2019 4:38:06.4790 PM,Jul 10 2019 4:38:06.4790 PM,.0001
Auth Check,Auth Check,P203,read-58,PASS,,,,,,,,,Jul 10 2019 4:38:06.4800 PM,Jul 10 2019 4:38:06.5100 PM,.0295
Auth Check,Auth Check,P203,read-59,PASS,,,,,,,,,Jul 10 2019 4:38:06.5120 PM,Jul 10 2019 4:38:06.5400 PM,.0282
Auth Check,Auth Check,[P203] aid tx bd 13 2 24 71 3 10 23,sendCommandChars,PASS,,,,,,,,,Jul 10 2019 4:38:06.5420 PM,Jul 10 2019 4:38:06.5770 PM,.0349
Auth Check,Auth Check,P203,read-60,PASS,,,,,,,,,Jul 10 2019 4:38:06.5790 PM,Jul 10 2019 4:38:06.5790 PM,.0002
Auth Check,Auth Check,P203,read-61,PASS,,,,,,,,,Jul 10 2019 4:38:06.5810 PM,Jul 10 2019 4:38:06.6100 PM,.0298
Auth Check,Auth Check,P203,read-62,PASS,,,,,,,,,Jul 10 2019 4:38:06.6120 PM,Jul 10 2019 4:38:06.6400 PM,.0282
Auth Check,Auth Check,[P203] aid tx bd 14 2 24 71 3 10 17,sendCommandChars,PASS,,,,,,,,,Jul 10 2019 4:38:06.6420 PM,Jul 10 2019 4:38:06.6760 PM,.0344
Auth Check,Auth Check,P203,read-63,PASS,,,,,,,,,Jul 10 2019 4:38:06.6800 PM,Jul 10 2019 4:38:06.6800 PM,.0001
Auth Check,Auth Check,P203,read-64,PASS,,,,,,,,,Jul 10 2019 4:38:06.6810 PM,Jul 10 2019 4:38:06.7110 PM,.0299
Auth Check,Auth Check,[P203] aid tx bd 15 3 24 71 3 10 0 34,sendCommandChars,PASS,,,,,,,,,Jul 10 2019 4:38:06.7120 PM,Jul 10 2019 4:38:06.7470 PM,.035
Auth Check,Auth Check,P203,read-65,PASS,,,,,,,,,Jul 10 2019 4:38:06.7500 PM,Jul 10 2019 4:38:06.7500 PM,.0001
Auth Check,Auth Check,P203,read-66,PASS,,,,,,,,,Jul 10 2019 4:38:06.7520 PM,Jul 10 2019 4:38:06.7810 PM,.0296
Auth Check,Auth Check,P203,read-67,PASS,,,,,,,,,Jul 10 2019 4:38:06.7830 PM,Jul 10 2019 4:38:06.8110 PM,.0281
Auth Check,Auth Check,[P203] aid tx bd 16 2 24 71 3 10 23,sendCommandChars,PASS,,,,,,,,,Jul 10 2019 4:38:06.8130 PM,Jul 10 2019 4:38:06.8480 PM,.0355
Auth Check,Auth Check,P203,read-68,PASS,,,,,,,,,Jul 10 2019 4:38:06.8510 PM,Jul 10 2019 4:38:06.8510 PM,.0001
Auth Check,Auth Check,P203,read-69,PASS,,,,,,,,,Jul 10 2019 4:38:06.8530 PM,Jul 10 2019 4:38:06.8810 PM,.0284
Auth Check,Auth Check,P203,read-70,PASS,,,,,,,,,Jul 10 2019 4:38:06.8840 PM,Jul 10 2019 4:38:06.9120 PM,.0277
Auth Check,Auth Check,[P203] aid tx bd 17 2 24 71 3 10 23,sendCommandChars,PASS,,,,,,,,,Jul 10 2019 4:38:06.9130 PM,Jul 10 2019 4:38:06.9490 PM,.0359
Auth Check,Auth Check,P203,read-71,PASS,,,,,,,,,Jul 10 2019 4:38:06.9520 PM,Jul 10 2019 4:38:06.9520 PM,.0001
Auth Check,Auth Check,P203,read-72,PASS,,,,,,,,,Jul 10 2019 4:38:06.9530 PM,Jul 10 2019 4:38:06.9820 PM,.029
Auth Check,Auth Check,P203,read-73,PASS,,,,,,,,,Jul 10 2019 4:38:06.9840 PM,Jul 10 2019 4:38:07.0120 PM,.0282
Auth Check,Auth Check,[P203] aid tx bd 18 2 24 71 3 10 23,sendCommandChars,PASS,,,,,,,,,Jul 10 2019 4:38:07.0130 PM,Jul 10 2019 4:38:07.0490 PM,.0353
Auth Check,Auth Check,P203,read-74,PASS,,,,,,,,,Jul 10 2019 4:38:07.0510 PM,Jul 10 2019 4:38:07.0520 PM,.0001
Auth Check,Auth Check,P203,read-75,PASS,,,,,,,,,Jul 10 2019 4:38:07.0530 PM,Jul 10 2019 4:38:07.0820 PM,.0293
Auth Check,Auth Check,P203,read-76,PASS,,,,,,,,,Jul 10 2019 4:38:07.0840 PM,Jul 10 2019 4:38:07.1120 PM,.0282
Auth Check,Auth Check,[P203] aid tx bd 19 2 24 71 3 10 17,sendCommandChars,PASS,,,,,,,,,Jul 10 2019 4:38:07.1140 PM,Jul 10 2019 4:38:07.1480 PM,.0347
Auth Check,Auth Check,P203,read-77,PASS,,,,,,,,,Jul 10 2019 4:38:07.1520 PM,Jul 10 2019 4:38:07.1520 PM,.0001
Auth Check,Auth Check,P203,read-78,PASS,,,,,,,,,Jul 10 2019 4:38:07.1530 PM,Jul 10 2019 4:38:07.1830 PM,.03
Auth Check,Auth Check,[P203] aid tx bd 1a 3 24 71 3 10 0 35,sendCommandChars,PASS,,,,,,,,,Jul 10 2019 4:38:07.1850 PM,Jul 10 2019 4:38:07.2220 PM,.0369
Auth Check,Auth Check,P203,read-79,PASS,,,,,,,,,Jul 10 2019 4:38:07.2250 PM,Jul 10 2019 4:38:07.2250 PM,.0001
Auth Check,Auth Check,P203,read-80,PASS,,,,,,,,,Jul 10 2019 4:38:07.2260 PM,Jul 10 2019 4:38:07.2500 PM,.0236
Auth Check,Auth Check,P203,read-81,PASS,,,,,,,,,Jul 10 2019 4:38:07.2520 PM,Jul 10 2019 4:38:07.2790 PM,.0275
Auth Check,Auth Check,[P203] aid tx bd 1b 2 24 71 3 10 23,sendCommandChars,PASS,,,,,,,,,Jul 10 2019 4:38:07.2810 PM,Jul 10 2019 4:38:07.3160 PM,.0357
Auth Check,Auth Check,P203,read-82,PASS,,,,,,,,,Jul 10 2019 4:38:07.3190 PM,Jul 10 2019 4:38:07.3190 PM,.0001
Auth Check,Auth Check,P203,read-83,PASS,,,,,,,,,Jul 10 2019 4:38:07.3200 PM,Jul 10 2019 4:38:07.3430 PM,.0232
Auth Check,Auth Check,P203,read-84,PASS,,,,,,,,,Jul 10 2019 4:38:07.3450 PM,Jul 10 2019 4:38:07.3740 PM,.0283
Auth Check,Auth Check,[P203] aid tx bd 1c 2 24 71 3 10 23,sendCommandChars,PASS,,,,,,,,,Jul 10 2019 4:38:07.3750 PM,Jul 10 2019 4:38:07.4160 PM,.0407
Auth Check,Auth Check,P203,read-85,PASS,,,,,,,,,Jul 10 2019 4:38:07.4190 PM,Jul 10 2019 4:38:07.4190 PM,.0002
Auth Check,Auth Check,P203,read-86,PASS,,,,,,,,,Jul 10 2019 4:38:07.4200 PM,Jul 10 2019 4:38:07.4410 PM,.0209
Auth Check,Auth Check,P203,read-87,PASS,,,,,,,,,Jul 10 2019 4:38:07.4430 PM,Jul 10 2019 4:38:07.4640 PM,.0212
Auth Check,Auth Check,[P203] aid tx bd 1d 2 24 71 3 10 1a,sendCommandChars,PASS,,,,,,,,,Jul 10 2019 4:38:07.4650 PM,Jul 10 2019 4:38:07.5010 PM,.0356
Auth Check,Auth Check,3. Fetch cert,,PASS,,,,,,,,,Jul 10 2019 4:38:07.5030 PM,Jul 10 2019 4:38:07.5030 PM,0
Auth Check,Auth Check,IOFileHandle,writeCertFile,PASS,,,,,,,,,Jul 10 2019 4:38:07.5060 PM,Jul 10 2019 4:38:07.5120 PM,.0062
Auth Check,Auth Check,4. Save cert,,PASS,,,,,,,,,Jul 10 2019 4:38:07.5130 PM,Jul 10 2019 4:38:07.5130 PM,0
Auth Check,Auth Check,[HID] /usr/local/bin/mfi-cert validate-cert v3 /Users/gdlocal/Intelli_Log/cert.der,,PASS,,,,,,,,,Jul 10 2019 4:38:07.5580 PM,Jul 10 2019 4:38:07.5580 PM,0
Auth Check,Auth Check,5. Validate cert,,PASS,,,,,,,,,Jul 10 2019 4:38:07.5590 PM,Jul 10 2019 4:38:07.5590 PM,0
Auth Check,Auth Check,[HID] /usr/local/bin/mfi-cert gen-challenge /Users/gdlocal/Intelli_Log/cert.der /Users/gdlocal/Intelli_Log/challenge.bin,,PASS,,,,,,,,,Jul 10 2019 4:38:07.5950 PM,Jul 10 2019 4:38:07.5950 PM,0
Auth Check,Auth Check,6. Generate challenge,,PASS,,,,,,,,,Jul 10 2019 4:38:07.5960 PM,Jul 10 2019 4:38:07.5960 PM,0
Auth Check,Auth Check,P203,read-88,PASS,,,,,,,,,Jul 10 2019 4:38:07.6050 PM,Jul 10 2019 4:38:07.6050 PM,.0001
Auth Check,Auth Check,P203,read-89,PASS,,,,,,,,,Jul 10 2019 4:38:07.6060 PM,Jul 10 2019 4:38:07.6340 PM,.0282
Auth Check,Auth Check,[P203] aid tx bd 1e 5 24 71 3 10 0 20 00 20,sendCommandChars,PASS,,,,,,,,,Jul 10 2019 4:38:07.6360 PM,Jul 10 2019 4:38:07.6770 PM,.0408
Auth Check,Auth Check,P203,read-90,PASS,,,,,,,,,Jul 10 2019 4:38:07.6810 PM,Jul 10 2019 4:38:07.6810 PM,.0001
Auth Check,Auth Check,P203,read-91,PASS,,,,,,,,,Jul 10 2019 4:38:07.6820 PM,Jul 10 2019 4:38:07.7090 PM,.0264
Auth Check,Auth Check,[P203] aid tx bd 1f 23 24 71 3 10 0 21 fb 44 73 76 cb 7a 02 83 01 72 b2 44 71 58 de 0d 1b 5e 83 bd 01 03 5a 9f 59 e0 e5 0f d5 49 48 85,sendCommandChars,PASS,,,,,,,,,Jul 10 2019 4:38:07.7100 PM,Jul 10 2019 4:38:07.7830 PM,.0736
Auth Check,Auth Check,P203,read-92,PASS,,,,,,,,,Jul 10 2019 4:38:07.7870 PM,Jul 10 2019 4:38:07.7870 PM,.0002
Auth Check,Auth Check,P203,read-93,PASS,,,,,,,,,Jul 10 2019 4:38:07.7880 PM,Jul 10 2019 4:38:07.8150 PM,.027
Auth Check,Auth Check,[P203] aid tx bd 20 4 24 71 3 10 0 10 01,sendCommandChars,PASS,,,,,,,,,Jul 10 2019 4:38:07.8170 PM,Jul 10 2019 4:38:07.8530 PM,.0359
Auth Check,Auth Check,P203,read-94,PASS,,,,,,,,,Jul 10 2019 4:38:08.4300 PM,Jul 10 2019 4:38:08.4300 PM,.0002
Auth Check,Auth Check,P203,read-95,PASS,,,,,,,,,Jul 10 2019 4:38:08.4310 PM,Jul 10 2019 4:38:08.4580 PM,.0274
Auth Check,Auth Check,[P203] aid tx bd 21 3 24 71 3 10 0 10,sendCommandChars,PASS,,,,,,,,,Jul 10 2019 4:38:08.4600 PM,Jul 10 2019 4:38:08.5250 PM,.0656
Auth Check,Auth Check,P203,read-96,PASS,,,,,,,,,Jul 10 2019 4:38:08.5280 PM,Jul 10 2019 4:38:08.5280 PM,.0002
Auth Check,Auth Check,P203,read-97,PASS,,,,,,,,,Jul 10 2019 4:38:08.5290 PM,Jul 10 2019 4:38:08.5590 PM,.0297
Auth Check,Auth Check,P203,read-98,PASS,,,,,,,,,Jul 10 2019 4:38:08.5610 PM,Jul 10 2019 4:38:08.5890 PM,.0281
Auth Check,Auth Check,[P203] aid tx bd 22 2 24 71 3 10 1,sendCommandChars,PASS,,,,,,,,,Jul 10 2019 4:38:08.5900 PM,Jul 10 2019 4:38:08.6240 PM,.0336
Auth Check,Auth Check,7. Send challenge,,PASS,,,,,,,,,Jul 10 2019 4:38:08.6260 PM,Jul 10 2019 4:38:08.6260 PM,0
Auth Check,Auth Check,P203,read-99,PASS,,,,,,,,,Jul 10 2019 4:38:08.6270 PM,Jul 10 2019 4:38:08.6270 PM,.0001
Auth Check,Auth Check,P203,read-100,PASS,,,,,,,,,Jul 10 2019 4:38:08.6280 PM,Jul 10 2019 4:38:08.6490 PM,.0207
Auth Check,Auth Check,[P203] aid tx bd 23 3 24 71 3 10 0 11,sendCommandChars,PASS,,,,,,,,,Jul 10 2019 4:38:08.6510 PM,Jul 10 2019 4:38:08.6860 PM,.0355
Auth Check,Auth Check,P203,read-101,PASS,,,,,,,,,Jul 10 2019 4:38:08.6890 PM,Jul 10 2019 4:38:08.6890 PM,.0002
Auth Check,Auth Check,P203,read-102,PASS,,,,,,,,,Jul 10 2019 4:38:08.6900 PM,Jul 10 2019 4:38:08.7190 PM,.0293
Auth Check,Auth Check,P203,read-103,PASS,,,,,,,,,Jul 10 2019 4:38:08.7210 PM,Jul 10 2019 4:38:08.7500 PM,.0284
Auth Check,Auth Check,[P203] aid tx bd 24 2 24 71 3 10 2,sendCommandChars,PASS,,,,,,,,,Jul 10 2019 4:38:08.7510 PM,Jul 10 2019 4:38:08.7860 PM,.0349
Auth Check,Auth Check,P203,read-104,PASS,,,,,,,,,Jul 10 2019 4:38:08.7890 PM,Jul 10 2019 4:38:08.7890 PM,.0001
Auth Check,Auth Check,P203,read-105,PASS,,,,,,,,,Jul 10 2019 4:38:08.7910 PM,Jul 10 2019 4:38:08.8200 PM,.0292
Auth Check,Auth Check,[P203] aid tx bd 25 3 24 71 3 10 0 12,sendCommandChars,PASS,,,,,,,,,Jul 10 2019 4:38:08.8210 PM,Jul 10 2019 4:38:08.8570 PM,.0353
Auth Check,Auth Check,P203,read-106,PASS,,,,,,,,,Jul 10 2019 4:38:08.8590 PM,Jul 10 2019 4:38:08.8600 PM,.0002
Auth Check,Auth Check,P203,read-107,PASS,,,,,,,,,Jul 10 2019 4:38:08.8610 PM,Jul 10 2019 4:38:08.8900 PM,.0288
Auth Check,Auth Check,P203,read-108,PASS,,,,,,,,,Jul 10 2019 4:38:08.8920 PM,Jul 10 2019 4:38:08.9200 PM,.0283
Auth Check,Auth Check,[P203] aid tx bd 26 2 24 71 3 10 23,sendCommandChars,PASS,,,,,,,,,Jul 10 2019 4:38:08.9220 PM,Jul 10 2019 4:38:08.9570 PM,.0352
Auth Check,Auth Check,P203,read-109,PASS,,,,,,,,,Jul 10 2019 4:38:08.9590 PM,Jul 10 2019 4:38:08.9600 PM,.0001
Auth Check,Auth Check,P203,read-110,PASS,,,,,,,,,Jul 10 2019 4:38:08.9610 PM,Jul 10 2019 4:38:08.9900 PM,.0296
Auth Check,Auth Check,P203,read-111,PASS,,,,,,,,,Jul 10 2019 4:38:08.9920 PM,Jul 10 2019 4:38:09.0210 PM,.0282
Auth Check,Auth Check,[P203] aid tx bd 27 2 24 71 3 10 1d,sendCommandChars,PASS,,,,,,,,,Jul 10 2019 4:38:09.0220 PM,Jul 10 2019 4:38:09.0580 PM,.0356
Auth Check,Auth Check,IOFileHandle,writeCertFile-2,PASS,,,,,,,,,Jul 10 2019 4:38:09.0610 PM,Jul 10 2019 4:38:09.0610 PM,.0008
Auth Check,Auth Check,8. Get challenge response,,PASS,,,,,,,,,Jul 10 2019 4:38:09.0620 PM,Jul 10 2019 4:38:09.0620 PM,0
Auth Check,Auth Check,[HID] /usr/local/bin/mfi-cert verify-response /Users/gdlocal/Intelli_Log/cert.der /Users/gdlocal/Intelli_Log/challenge.bin /Users/gdlocal/Intelli_Log/challenge_resp.bin,,PASS,,,,,,,,,Jul 10 2019 4:38:09.1290 PM,Jul 10 2019 4:38:09.1290 PM,0
Auth Check,Auth Check,9. Verify challenge response,,PASS,,,,,,,,,Jul 10 2019 4:38:09.1300 PM,Jul 10 2019 4:38:09.1300 PM,0
Query MLB SN,,,,,,,,,,,,,Jul 10 2019 4:38:09.1370 PM,Jul 10 2019 4:38:09.1370 PM,.0007
Query MLB SN,Query MLB SN,Query MLB SN,DLX92540021N6R51S,PASS,,,,,,,,,Jul 10 2019 4:38:09.1370 PM,Jul 10 2019 4:38:09.1370 PM,0
Read MLB SN,,,,,,,,,,,,,Jul 10 2019 4:38:09.1390 PM,Jul 10 2019 4:38:12.6340 PM,3.4942
Read MLB SN,Read MLB SN,[Hid] /usr/local/bin/hidreport -v 0x05ac -p 0x026E -i 0 get 0x12,,PASS,,,,,,,,,Jul 10 2019 4:38:12.2570 PM,Jul 10 2019 4:38:12.2570 PM,0
Read MLB SN,Read MLB SN,IOFileHandle,writeToFile,PASS,,,,,,,,,Jul 10 2019 4:38:12.2580 PM,Jul 10 2019 4:38:12.2580 PM,.0001
Read MLB SN,Read MLB SN,Read MLB SN,DLX92540021N6R51S,PASS,,,,,,,,,Jul 10 2019 4:38:12.6330 PM,Jul 10 2019 4:38:12.6330 PM,0
Check MLB SN,,,,,,,,,,,,,Jul 10 2019 4:38:12.6360 PM,Jul 10 2019 4:38:12.6360 PM,.0005
Check MLB SN,Check MLB SN,Check MLB SN,,PASS,,,,,,,,,Jul 10 2019 4:38:12.6360 PM,Jul 10 2019 4:38:12.6360 PM,0
Read Main FW Version Before DL,,,,,,,,,,,,,Jul 10 2019 4:38:12.6380 PM,Jul 10 2019 4:38:13.0720 PM,.435
Read Main FW Version Before DL,Read Main FW Version Before DL,[Hid] /usr/local/bin/hidreport -p 0x026E -i 0 get 0xB4,,PASS,,,,,,,,,Jul 10 2019 4:38:12.6980 PM,Jul 10 2019 4:38:12.6980 PM,0
Read Main FW Version Before DL,Read Main FW Version Before DL,IOFileHandle,writeToFile,PASS,,,,,,,,,Jul 10 2019 4:38:12.6990 PM,Jul 10 2019 4:38:12.7000 PM,.0001
Read Main FW Version Before DL,Read Main FW Version Before DL,Read FW Version Before DL,0x80,PASS,,,,,,,,,Jul 10 2019 4:38:13.0720 PM,Jul 10 2019 4:38:13.0720 PM,0
Read Main FW Version Before DL,Read Main FW Version Before DL,Read FW Version Before DL,,PASS,,128,NA,,,,,NA,Jul 10 2019 4:38:13.0720 PM,Jul 10 2019 4:38:13.0720 PM,0
Program Main FW,,,,,,,,,,,,,Jul 10 2019 4:38:13.0750 PM,Jul 10 2019 4:39:32.9960 PM,79.9213
Program Main FW,Program Main FW,[Hid] /usr/local/bin/hidreport -p 0x026E -i 0 get 0xBC,,PASS,,,,,,,,,Jul 10 2019 4:38:14.1970 PM,Jul 10 2019 4:38:14.1970 PM,0
Program Main FW,Program Main FW,IOFileHandle,writeToFile,PASS,,,,,,,,,Jul 10 2019 4:38:14.1980 PM,Jul 10 2019 4:38:14.1990 PM,.0002
Program Main FW,Program Main FW,[Hid] /usr/local/bin/shfuc -n -v 0x05ac -p 0x026E -f /usr/local/bin/R128-v0x0080-dev-signed.118.P1.afu,,PASS,,,,,,,,,Jul 10 2019 4:39:21.2400 PM,Jul 10 2019 4:39:21.2400 PM,0
Program Main FW,Program Main FW,IOFileHandle,writeToFile-2,PASS,,,,,,,,,Jul 10 2019 4:39:21.2420 PM,Jul 10 2019 4:39:21.2420 PM,.0002
Program Main FW,Program Main FW,ProgramMainFW,,PASS,,,,,,,,,Jul 10 2019 4:39:21.6120 PM,Jul 10 2019 4:39:21.6120 PM,0
Program Main FW,Program Main FW,"[rpc] myiocontrol_set_Bit(24,0)",,PASS,,,,,,,,,Jul 10 2019 4:39:24.6800 PM,Jul 10 2019 4:39:24.6870 PM,.0069
Program Main FW,Program Main FW,"[rpc] myiocontrol_set_Bit(25,0)",,PASS,,,,,,,,,Jul 10 2019 4:39:25.7590 PM,Jul 10 2019 4:39:25.7660 PM,.0072
Program Main FW,Program Main FW,"[rpc] myiocontrol_set_Bit(24,1)",,PASS,,,,,,,,,Jul 10 2019 4:39:28.8430 PM,Jul 10 2019 4:39:28.8500 PM,.0068
Program Main FW,Program Main FW,"[rpc] myiocontrol_set_Bit(25,1)",,PASS,,,,,,,,,Jul 10 2019 4:39:29.9190 PM,Jul 10 2019 4:39:29.9260 PM,.007
Read Main FW Version After DL,,,,,,,,,,,,,Jul 10 2019 4:39:32.9980 PM,Jul 10 2019 4:39:34.7660 PM,1.7681
Read Main FW Version After DL,Read Main FW Version After DL,[Hid] /usr/local/bin/hidreport -p 0x026E -i 0 get 0xb4,,PASS,,,,,,,,,Jul 10 2019 4:39:33.0350 PM,Jul 10 2019 4:39:33.0350 PM,0
Read Main FW Version After DL,Read Main FW Version After DL,IOFileHandle,writeToFile,PASS,,,,,,,,,Jul 10 2019 4:39:33.0360 PM,Jul 10 2019 4:39:33.0360 PM,.0001
Read Main FW Version After DL,Read Main FW Version After DL,[Hid] /usr/local/bin/hidreport -p 0x026E -i 0 get 0xb4-2,,PASS,,,,,,,,,Jul 10 2019 4:39:33.6450 PM,Jul 10 2019 4:39:33.6450 PM,0
Read Main FW Version After DL,Read Main FW Version After DL,IOFileHandle,writeToFile-2,PASS,,,,,,,,,Jul 10 2019 4:39:33.6470 PM,Jul 10 2019 4:39:33.6470 PM,.0002
Read Main FW Version After DL,Read Main FW Version After DL,[Hid] /usr/local/bin/hidreport -p 0x026E -i 0 get 0xb4-3,,PASS,,,,,,,,,Jul 10 2019 4:39:34.3890 PM,Jul 10 2019 4:39:34.3890 PM,0
Read Main FW Version After DL,Read Main FW Version After DL,IOFileHandle,writeToFile-3,PASS,,,,,,,,,Jul 10 2019 4:39:34.3910 PM,Jul 10 2019 4:39:34.3910 PM,.0001
Read Main FW Version After DL,Read Main FW Version After DL,Read FW Version After DL,,PASS,,,,,,,,,Jul 10 2019 4:39:34.7660 PM,Jul 10 2019 4:39:34.7660 PM,0
Read Main FW Version After DL,Read Main FW Version After DL,Read FW Version After DL-2,,PASS,,128,NA,128,128,,,NA,Jul 10 2019 4:39:34.7660 PM,Jul 10 2019 4:39:34.7660 PM,0
Finish DRCB,,,,,,,,,,,,,Jul 10 2019 4:39:34.7690 PM,Jul 10 2019 4:39:35.0210 PM,.2523
Finish DRCB,Finish DRCB,[rpc] test_FinishTest,,PASS,,,,,,,,,Jul 10 2019 4:39:34.7700 PM,Jul 10 2019 4:39:34.7740 PM,.0042
Finish DRCB,Finish DRCB,[rpc] myiocontrol_TurnAllOff(0),,PASS,,,,,,,,,Jul 10 2019 4:39:34.7760 PM,Jul 10 2019 4:39:34.8650 PM,.0899
Finish DRCB,Finish DRCB,DRCB,Finish,PASS,,,,,,,,,Jul 10 2019 4:39:34.8670 PM,Jul 10 2019 4:39:35.0200 PM,.153
