Test,Plugin,Command,Status,Info,Start Time,End Time,Duration (s)
Scan SN,com.apple.hwte.atlas.AppPlugin,show-form,PASS,,Jul 10 2019 4:37:43.7630 PM,Jul 10 2019 4:37:46.5670 PM,2.8043
Start Data Reporting,DRCB,startDataReporting,PASS,,Jul 10 2019 4:37:46.5740 PM,Jul 10 2019 4:37:46.5830 PM,.0089
Get SFC Info,SFCSupport,getAttribute,PASS,,Jul 10 2019 4:37:46.5890 PM,Jul 10 2019 4:37:46.6240 PM,.0347
Get SFC Info,SFCSupport,getAttribute,PASS,,Jul 10 2019 4:37:46.6260 PM,Jul 10 2019 4:37:46.6300 PM,.0042
Get SFC Info,SFCSupport,getAttribute,PASS,,Jul 10 2019 4:37:46.6320 PM,Jul 10 2019 4:37:46.6360 PM,.0033
Get SFC Info,SFCSupport,getAttribute,PASS,,Jul 10 2019 4:37:46.6370 PM,Jul 10 2019 4:37:46.6400 PM,.003
Endpoint init,rpcCall,RPCSendAndGet,PASS,,Jul 10 2019 4:37:46.6560 PM,Jul 10 2019 4:37:46.6620 PM,.0059
Endpoint init,rpcCall,RPCSendAndGet,PASS,,Jul 10 2019 4:37:49.7300 PM,Jul 10 2019 4:37:49.7350 PM,.0046
Endpoint init,rpcCall,RPCSendAndGet,PASS,,Jul 10 2019 4:37:52.8100 PM,Jul 10 2019 4:37:52.8170 PM,.0068
Endpoint init,rpcCall,RPCSendAndGet,PASS,,Jul 10 2019 4:37:52.8180 PM,Jul 10 2019 4:37:52.8650 PM,.0468
Endpoint init,IOFileHandle,writeToFile,PASS,,Jul 10 2019 4:37:55.9880 PM,Jul 10 2019 4:37:55.9890 PM,.0012
Endpoint init,IOFileHandle,writeToFile,PASS,,Jul 10 2019 4:37:56.4110 PM,Jul 10 2019 4:37:56.4120 PM,.0002
Endpoint init,rpcCall,RPCSendAndGet,PASS,,Jul 10 2019 4:37:56.7850 PM,Jul 10 2019 4:37:56.7910 PM,.0067
Endpoint init,rpcCall,RPCSendAndGet,PASS,,Jul 10 2019 4:37:56.7930 PM,Jul 10 2019 4:37:56.8000 PM,.0066
Endpoint init,rpcCall,RPCSendAndGet,PASS,,Jul 10 2019 4:37:56.8010 PM,Jul 10 2019 4:37:56.8050 PM,.0044
Endpoint init,rpcCall,RPCSendAndGet,PASS,,Jul 10 2019 4:37:59.8820 PM,Jul 10 2019 4:37:59.8890 PM,.0067
Endpoint init,rpcCall,RPCSendAndGet,PASS,,Jul 10 2019 4:37:59.8900 PM,Jul 10 2019 4:37:59.8970 PM,.0067
Endpoint init,rpcCall,RPCSendAndGet,PASS,,Jul 10 2019 4:37:59.8990 PM,Jul 10 2019 4:37:59.9030 PM,.0042
Auth Check,P203,changeDelimiter,PASS,,Jul 10 2019 4:38:02.9810 PM,Jul 10 2019 4:38:02.9820 PM,.0001
Auth Check,P203,changeLineTerminator,PASS,,Jul 10 2019 4:38:02.9830 PM,Jul 10 2019 4:38:02.9830 PM,0
Auth Check,P203,open,PASS,,Jul 10 2019 4:38:02.9850 PM,Jul 10 2019 4:38:04.5810 PM,1.5964
Auth Check,P203,read,PASS,,Jul 10 2019 4:38:04.5830 PM,Jul 10 2019 4:38:04.6120 PM,.0288
Auth Check,P203,read,PASS,,Jul 10 2019 4:38:04.6140 PM,Jul 10 2019 4:38:04.6420 PM,.0284
Auth Check,P203,sendCommandChars,PASS,,Jul 10 2019 4:38:04.6450 PM,Jul 10 2019 4:38:04.7120 PM,.067
Auth Check,P203,read,PASS,,Jul 10 2019 4:38:04.7140 PM,Jul 10 2019 4:38:04.7140 PM,.0002
Auth Check,P203,read,PASS,,Jul 10 2019 4:38:04.7150 PM,Jul 10 2019 4:38:04.7430 PM,.0271
Auth Check,P203,sendCommandChars,PASS,,Jul 10 2019 4:38:04.7440 PM,Jul 10 2019 4:38:04.7780 PM,.0345
Auth Check,P203,read,PASS,,Jul 10 2019 4:38:04.7810 PM,Jul 10 2019 4:38:04.7810 PM,.0002
Auth Check,P203,read,PASS,,Jul 10 2019 4:38:04.7820 PM,Jul 10 2019 4:38:04.8030 PM,.0206
Auth Check,P203,sendCommandChars,PASS,,Jul 10 2019 4:38:04.8040 PM,Jul 10 2019 4:38:04.8390 PM,.0351
Auth Check,P203,read,PASS,,Jul 10 2019 4:38:04.8420 PM,Jul 10 2019 4:38:04.8420 PM,.0002
Auth Check,P203,read,PASS,,Jul 10 2019 4:38:04.8430 PM,Jul 10 2019 4:38:04.8700 PM,.027
Auth Check,P203,sendCommandChars,PASS,,Jul 10 2019 4:38:04.8720 PM,Jul 10 2019 4:38:04.9070 PM,.0352
Auth Check,P203,read,PASS,,Jul 10 2019 4:38:04.9100 PM,Jul 10 2019 4:38:04.9100 PM,.0002
Auth Check,P203,read,PASS,,Jul 10 2019 4:38:04.9110 PM,Jul 10 2019 4:38:04.9370 PM,.0264
Auth Check,P203,sendCommandChars,PASS,,Jul 10 2019 4:38:04.9390 PM,Jul 10 2019 4:38:04.9740 PM,.0355
Auth Check,P203,read,PASS,,Jul 10 2019 4:38:04.9780 PM,Jul 10 2019 4:38:04.9780 PM,.0002
Auth Check,P203,read,PASS,,Jul 10 2019 4:38:04.9800 PM,Jul 10 2019 4:38:05.0040 PM,.0241
Auth Check,P203,sendCommandChars,PASS,,Jul 10 2019 4:38:05.0060 PM,Jul 10 2019 4:38:05.0430 PM,.0372
Auth Check,P203,read,PASS,,Jul 10 2019 4:38:05.0460 PM,Jul 10 2019 4:38:05.0460 PM,.0002
Auth Check,P203,read,PASS,,Jul 10 2019 4:38:05.0470 PM,Jul 10 2019 4:38:05.0740 PM,.0268
Auth Check,P203,read,PASS,,Jul 10 2019 4:38:05.0760 PM,Jul 10 2019 4:38:05.1040 PM,.0283
Auth Check,P203,sendCommandChars,PASS,,Jul 10 2019 4:38:05.1060 PM,Jul 10 2019 4:38:05.1400 PM,.0342
Auth Check,P203,read,PASS,,Jul 10 2019 4:38:05.1440 PM,Jul 10 2019 4:38:05.1440 PM,.0002
Auth Check,P203,read,PASS,,Jul 10 2019 4:38:05.1450 PM,Jul 10 2019 4:38:05.1740 PM,.0295
Auth Check,P203,sendCommandChars,PASS,,Jul 10 2019 4:38:05.1760 PM,Jul 10 2019 4:38:05.2110 PM,.035
Auth Check,P203,read,PASS,,Jul 10 2019 4:38:05.2130 PM,Jul 10 2019 4:38:05.2130 PM,.0001
Auth Check,P203,read,PASS,,Jul 10 2019 4:38:05.2150 PM,Jul 10 2019 4:38:05.2450 PM,.0298
Auth Check,P203,read,PASS,,Jul 10 2019 4:38:05.2460 PM,Jul 10 2019 4:38:05.2750 PM,.0285
Auth Check,P203,sendCommandChars,PASS,,Jul 10 2019 4:38:05.2760 PM,Jul 10 2019 4:38:05.3100 PM,.034
Auth Check,P203,read,PASS,,Jul 10 2019 4:38:05.3150 PM,Jul 10 2019 4:38:05.3150 PM,.0002
Auth Check,P203,read,PASS,,Jul 10 2019 4:38:05.3160 PM,Jul 10 2019 4:38:05.3450 PM,.0289
Auth Check,P203,sendCommandChars,PASS,,Jul 10 2019 4:38:05.3460 PM,Jul 10 2019 4:38:05.3820 PM,.0352
Auth Check,P203,read,PASS,,Jul 10 2019 4:38:05.3840 PM,Jul 10 2019 4:38:05.3840 PM,.0001
Auth Check,P203,read,PASS,,Jul 10 2019 4:38:05.3860 PM,Jul 10 2019 4:38:05.4160 PM,.03
Auth Check,P203,read,PASS,,Jul 10 2019 4:38:05.4180 PM,Jul 10 2019 4:38:05.4400 PM,.0219
Auth Check,P203,sendCommandChars,PASS,,Jul 10 2019 4:38:05.4410 PM,Jul 10 2019 4:38:05.4770 PM,.0359
Auth Check,P203,read,PASS,,Jul 10 2019 4:38:05.4800 PM,Jul 10 2019 4:38:05.4800 PM,.0001
Auth Check,P203,read,PASS,,Jul 10 2019 4:38:05.4810 PM,Jul 10 2019 4:38:05.5060 PM,.0243
Auth Check,P203,read,PASS,,Jul 10 2019 4:38:05.5080 PM,Jul 10 2019 4:38:05.5330 PM,.0255
Auth Check,P203,sendCommandChars,PASS,,Jul 10 2019 4:38:05.5350 PM,Jul 10 2019 4:38:05.5700 PM,.0356
Auth Check,P203,read,PASS,,Jul 10 2019 4:38:05.5730 PM,Jul 10 2019 4:38:05.5730 PM,.0002
Auth Check,P203,read,PASS,,Jul 10 2019 4:38:05.5740 PM,Jul 10 2019 4:38:05.5960 PM,.0221
Auth Check,P203,read,PASS,,Jul 10 2019 4:38:05.5980 PM,Jul 10 2019 4:38:05.6260 PM,.0282
Auth Check,P203,sendCommandChars,PASS,,Jul 10 2019 4:38:05.6280 PM,Jul 10 2019 4:38:05.6630 PM,.0354
Auth Check,P203,read,PASS,,Jul 10 2019 4:38:05.6660 PM,Jul 10 2019 4:38:05.6660 PM,.0002
Auth Check,P203,read,PASS,,Jul 10 2019 4:38:05.6670 PM,Jul 10 2019 4:38:05.6970 PM,.0295
Auth Check,P203,read,PASS,,Jul 10 2019 4:38:05.6980 PM,Jul 10 2019 4:38:05.7270 PM,.0283
Auth Check,P203,sendCommandChars,PASS,,Jul 10 2019 4:38:05.7280 PM,Jul 10 2019 4:38:05.7640 PM,.0358
Auth Check,P203,read,PASS,,Jul 10 2019 4:38:05.7670 PM,Jul 10 2019 4:38:05.7670 PM,.0002
Auth Check,P203,read,PASS,,Jul 10 2019 4:38:05.7680 PM,Jul 10 2019 4:38:05.7970 PM,.0287
Auth Check,P203,sendCommandChars,PASS,,Jul 10 2019 4:38:05.7990 PM,Jul 10 2019 4:38:05.8340 PM,.0353
Auth Check,P203,read,PASS,,Jul 10 2019 4:38:05.8360 PM,Jul 10 2019 4:38:05.8370 PM,.0002
Auth Check,P203,read,PASS,,Jul 10 2019 4:38:05.8380 PM,Jul 10 2019 4:38:05.8670 PM,.0292
Auth Check,P203,read,PASS,,Jul 10 2019 4:38:05.8690 PM,Jul 10 2019 4:38:05.8970 PM,.0284
Auth Check,P203,sendCommandChars,PASS,,Jul 10 2019 4:38:05.8990 PM,Jul 10 2019 4:38:05.9340 PM,.0347
Auth Check,P203,read,PASS,,Jul 10 2019 4:38:05.9360 PM,Jul 10 2019 4:38:05.9360 PM,.0002
Auth Check,P203,read,PASS,,Jul 10 2019 4:38:05.9380 PM,Jul 10 2019 4:38:05.9680 PM,.0301
Auth Check,P203,read,PASS,,Jul 10 2019 4:38:05.9700 PM,Jul 10 2019 4:38:05.9980 PM,.0273
Auth Check,P203,sendCommandChars,PASS,,Jul 10 2019 4:38:05.9990 PM,Jul 10 2019 4:38:06.0330 PM,.0343
Auth Check,P203,read,PASS,,Jul 10 2019 4:38:06.0360 PM,Jul 10 2019 4:38:06.0360 PM,.0002
Auth Check,P203,read,PASS,,Jul 10 2019 4:38:06.0370 PM,Jul 10 2019 4:38:06.0580 PM,.0207
Auth Check,P203,read,PASS,,Jul 10 2019 4:38:06.0600 PM,Jul 10 2019 4:38:06.0810 PM,.0211
Auth Check,P203,sendCommandChars,PASS,,Jul 10 2019 4:38:06.0820 PM,Jul 10 2019 4:38:06.1180 PM,.0359
Auth Check,P203,read,PASS,,Jul 10 2019 4:38:06.1210 PM,Jul 10 2019 4:38:06.1210 PM,.0002
Auth Check,P203,read,PASS,,Jul 10 2019 4:38:06.1220 PM,Jul 10 2019 4:38:06.1480 PM,.0262
Auth Check,P203,read,PASS,,Jul 10 2019 4:38:06.1500 PM,Jul 10 2019 4:38:06.1790 PM,.0282
Auth Check,P203,sendCommandChars,PASS,,Jul 10 2019 4:38:06.1800 PM,Jul 10 2019 4:38:06.2160 PM,.0361
Auth Check,P203,read,PASS,,Jul 10 2019 4:38:06.2190 PM,Jul 10 2019 4:38:06.2190 PM,.0002
Auth Check,P203,read,PASS,,Jul 10 2019 4:38:06.2210 PM,Jul 10 2019 4:38:06.2470 PM,.0267
Auth Check,P203,sendCommandChars,PASS,,Jul 10 2019 4:38:06.2490 PM,Jul 10 2019 4:38:06.2840 PM,.0354
Auth Check,P203,read,PASS,,Jul 10 2019 4:38:06.2870 PM,Jul 10 2019 4:38:06.2870 PM,.0001
Auth Check,P203,read,PASS,,Jul 10 2019 4:38:06.2880 PM,Jul 10 2019 4:38:06.3110 PM,.023
Auth Check,P203,read,PASS,,Jul 10 2019 4:38:06.3130 PM,Jul 10 2019 4:38:06.3390 PM,.0263
Auth Check,P203,sendCommandChars,PASS,,Jul 10 2019 4:38:06.3410 PM,Jul 10 2019 4:38:06.3770 PM,.0362
Auth Check,P203,read,PASS,,Jul 10 2019 4:38:06.3830 PM,Jul 10 2019 4:38:06.3830 PM,.0002
Auth Check,P203,read,PASS,,Jul 10 2019 4:38:06.3840 PM,Jul 10 2019 4:38:06.4090 PM,.0255
Auth Check,P203,read,PASS,,Jul 10 2019 4:38:06.4120 PM,Jul 10 2019 4:38:06.4400 PM,.0273
Auth Check,P203,sendCommandChars,PASS,,Jul 10 2019 4:38:06.4410 PM,Jul 10 2019 4:38:06.4770 PM,.0356
Auth Check,P203,read,PASS,,Jul 10 2019 4:38:06.4790 PM,Jul 10 2019 4:38:06.4790 PM,.0002
Auth Check,P203,read,PASS,,Jul 10 2019 4:38:06.4800 PM,Jul 10 2019 4:38:06.5100 PM,.0295
Auth Check,P203,read,PASS,,Jul 10 2019 4:38:06.5120 PM,Jul 10 2019 4:38:06.5400 PM,.0282
Auth Check,P203,sendCommandChars,PASS,,Jul 10 2019 4:38:06.5420 PM,Jul 10 2019 4:38:06.5770 PM,.0349
Auth Check,P203,read,PASS,,Jul 10 2019 4:38:06.5790 PM,Jul 10 2019 4:38:06.5790 PM,.0002
Auth Check,P203,read,PASS,,Jul 10 2019 4:38:06.5810 PM,Jul 10 2019 4:38:06.6100 PM,.0299
Auth Check,P203,read,PASS,,Jul 10 2019 4:38:06.6120 PM,Jul 10 2019 4:38:06.6400 PM,.0282
Auth Check,P203,sendCommandChars,PASS,,Jul 10 2019 4:38:06.6420 PM,Jul 10 2019 4:38:06.6760 PM,.0344
Auth Check,P203,read,PASS,,Jul 10 2019 4:38:06.6800 PM,Jul 10 2019 4:38:06.6800 PM,.0002
Auth Check,P203,read,PASS,,Jul 10 2019 4:38:06.6810 PM,Jul 10 2019 4:38:06.7110 PM,.0299
Auth Check,P203,sendCommandChars,PASS,,Jul 10 2019 4:38:06.7120 PM,Jul 10 2019 4:38:06.7470 PM,.035
Auth Check,P203,read,PASS,,Jul 10 2019 4:38:06.7500 PM,Jul 10 2019 4:38:06.7500 PM,.0001
Auth Check,P203,read,PASS,,Jul 10 2019 4:38:06.7520 PM,Jul 10 2019 4:38:06.7810 PM,.0296
Auth Check,P203,read,PASS,,Jul 10 2019 4:38:06.7830 PM,Jul 10 2019 4:38:06.8110 PM,.0281
Auth Check,P203,sendCommandChars,PASS,,Jul 10 2019 4:38:06.8130 PM,Jul 10 2019 4:38:06.8480 PM,.0355
Auth Check,P203,read,PASS,,Jul 10 2019 4:38:06.8510 PM,Jul 10 2019 4:38:06.8510 PM,.0002
Auth Check,P203,read,PASS,,Jul 10 2019 4:38:06.8530 PM,Jul 10 2019 4:38:06.8810 PM,.0285
Auth Check,P203,read,PASS,,Jul 10 2019 4:38:06.8840 PM,Jul 10 2019 4:38:06.9120 PM,.0278
Auth Check,P203,sendCommandChars,PASS,,Jul 10 2019 4:38:06.9130 PM,Jul 10 2019 4:38:06.9490 PM,.0359
Auth Check,P203,read,PASS,,Jul 10 2019 4:38:06.9520 PM,Jul 10 2019 4:38:06.9520 PM,.0001
Auth Check,P203,read,PASS,,Jul 10 2019 4:38:06.9530 PM,Jul 10 2019 4:38:06.9820 PM,.029
Auth Check,P203,read,PASS,,Jul 10 2019 4:38:06.9840 PM,Jul 10 2019 4:38:07.0120 PM,.0282
Auth Check,P203,sendCommandChars,PASS,,Jul 10 2019 4:38:07.0130 PM,Jul 10 2019 4:38:07.0490 PM,.0353
Auth Check,P203,read,PASS,,Jul 10 2019 4:38:07.0510 PM,Jul 10 2019 4:38:07.0520 PM,.0002
Auth Check,P203,read,PASS,,Jul 10 2019 4:38:07.0530 PM,Jul 10 2019 4:38:07.0820 PM,.0294
Auth Check,P203,read,PASS,,Jul 10 2019 4:38:07.0840 PM,Jul 10 2019 4:38:07.1120 PM,.0282
Auth Check,P203,sendCommandChars,PASS,,Jul 10 2019 4:38:07.1140 PM,Jul 10 2019 4:38:07.1490 PM,.0348
Auth Check,P203,read,PASS,,Jul 10 2019 4:38:07.1520 PM,Jul 10 2019 4:38:07.1520 PM,.0001
Auth Check,P203,read,PASS,,Jul 10 2019 4:38:07.1530 PM,Jul 10 2019 4:38:07.1830 PM,.03
Auth Check,P203,sendCommandChars,PASS,,Jul 10 2019 4:38:07.1850 PM,Jul 10 2019 4:38:07.2220 PM,.037
Auth Check,P203,read,PASS,,Jul 10 2019 4:38:07.2250 PM,Jul 10 2019 4:38:07.2250 PM,.0002
Auth Check,P203,read,PASS,,Jul 10 2019 4:38:07.2260 PM,Jul 10 2019 4:38:07.2500 PM,.0236
Auth Check,P203,read,PASS,,Jul 10 2019 4:38:07.2520 PM,Jul 10 2019 4:38:07.2790 PM,.0275
Auth Check,P203,sendCommandChars,PASS,,Jul 10 2019 4:38:07.2810 PM,Jul 10 2019 4:38:07.3160 PM,.0357
Auth Check,P203,read,PASS,,Jul 10 2019 4:38:07.3190 PM,Jul 10 2019 4:38:07.3190 PM,.0002
Auth Check,P203,read,PASS,,Jul 10 2019 4:38:07.3200 PM,Jul 10 2019 4:38:07.3430 PM,.0233
Auth Check,P203,read,PASS,,Jul 10 2019 4:38:07.3450 PM,Jul 10 2019 4:38:07.3740 PM,.0283
Auth Check,P203,sendCommandChars,PASS,,Jul 10 2019 4:38:07.3750 PM,Jul 10 2019 4:38:07.4160 PM,.0408
Auth Check,P203,read,PASS,,Jul 10 2019 4:38:07.4190 PM,Jul 10 2019 4:38:07.4190 PM,.0002
Auth Check,P203,read,PASS,,Jul 10 2019 4:38:07.4200 PM,Jul 10 2019 4:38:07.4410 PM,.0209
Auth Check,P203,read,PASS,,Jul 10 2019 4:38:07.4430 PM,Jul 10 2019 4:38:07.4640 PM,.0212
Auth Check,P203,sendCommandChars,PASS,,Jul 10 2019 4:38:07.4650 PM,Jul 10 2019 4:38:07.5010 PM,.0357
Auth Check,IOFileHandle,writeCertFile,PASS,,Jul 10 2019 4:38:07.5060 PM,Jul 10 2019 4:38:07.5120 PM,.0062
Auth Check,P203,read,PASS,,Jul 10 2019 4:38:07.6050 PM,Jul 10 2019 4:38:07.6050 PM,.0002
Auth Check,P203,read,PASS,,Jul 10 2019 4:38:07.6060 PM,Jul 10 2019 4:38:07.6340 PM,.0282
Auth Check,P203,sendCommandChars,PASS,,Jul 10 2019 4:38:07.6360 PM,Jul 10 2019 4:38:07.6770 PM,.0409
Auth Check,P203,read,PASS,,Jul 10 2019 4:38:07.6810 PM,Jul 10 2019 4:38:07.6810 PM,.0001
Auth Check,P203,read,PASS,,Jul 10 2019 4:38:07.6820 PM,Jul 10 2019 4:38:07.7090 PM,.0264
Auth Check,P203,sendCommandChars,PASS,,Jul 10 2019 4:38:07.7100 PM,Jul 10 2019 4:38:07.7840 PM,.0736
Auth Check,P203,read,PASS,,Jul 10 2019 4:38:07.7870 PM,Jul 10 2019 4:38:07.7870 PM,.0002
Auth Check,P203,read,PASS,,Jul 10 2019 4:38:07.7880 PM,Jul 10 2019 4:38:07.8150 PM,.027
Auth Check,P203,sendCommandChars,PASS,,Jul 10 2019 4:38:07.8170 PM,Jul 10 2019 4:38:07.8530 PM,.036
Auth Check,P203,read,PASS,,Jul 10 2019 4:38:08.4300 PM,Jul 10 2019 4:38:08.4300 PM,.0002
Auth Check,P203,read,PASS,,Jul 10 2019 4:38:08.4310 PM,Jul 10 2019 4:38:08.4580 PM,.0274
Auth Check,P203,sendCommandChars,PASS,,Jul 10 2019 4:38:08.4600 PM,Jul 10 2019 4:38:08.5250 PM,.0656
Auth Check,P203,read,PASS,,Jul 10 2019 4:38:08.5280 PM,Jul 10 2019 4:38:08.5280 PM,.0002
Auth Check,P203,read,PASS,,Jul 10 2019 4:38:08.5290 PM,Jul 10 2019 4:38:08.5590 PM,.0297
Auth Check,P203,read,PASS,,Jul 10 2019 4:38:08.5610 PM,Jul 10 2019 4:38:08.5890 PM,.0281
Auth Check,P203,sendCommandChars,PASS,,Jul 10 2019 4:38:08.5900 PM,Jul 10 2019 4:38:08.6240 PM,.0336
Auth Check,P203,read,PASS,,Jul 10 2019 4:38:08.6270 PM,Jul 10 2019 4:38:08.6270 PM,.0001
Auth Check,P203,read,PASS,,Jul 10 2019 4:38:08.6280 PM,Jul 10 2019 4:38:08.6490 PM,.0207
Auth Check,P203,sendCommandChars,PASS,,Jul 10 2019 4:38:08.6510 PM,Jul 10 2019 4:38:08.6860 PM,.0355
Auth Check,P203,read,PASS,,Jul 10 2019 4:38:08.6890 PM,Jul 10 2019 4:38:08.6890 PM,.0002
Auth Check,P203,read,PASS,,Jul 10 2019 4:38:08.6900 PM,Jul 10 2019 4:38:08.7190 PM,.0294
Auth Check,P203,read,PASS,,Jul 10 2019 4:38:08.7210 PM,Jul 10 2019 4:38:08.7500 PM,.0285
Auth Check,P203,sendCommandChars,PASS,,Jul 10 2019 4:38:08.7510 PM,Jul 10 2019 4:38:08.7860 PM,.0349
Auth Check,P203,read,PASS,,Jul 10 2019 4:38:08.7890 PM,Jul 10 2019 4:38:08.7890 PM,.0002
Auth Check,P203,read,PASS,,Jul 10 2019 4:38:08.7910 PM,Jul 10 2019 4:38:08.8200 PM,.0292
Auth Check,P203,sendCommandChars,PASS,,Jul 10 2019 4:38:08.8210 PM,Jul 10 2019 4:38:08.8570 PM,.0354
Auth Check,P203,read,PASS,,Jul 10 2019 4:38:08.8590 PM,Jul 10 2019 4:38:08.8600 PM,.0002
Auth Check,P203,read,PASS,,Jul 10 2019 4:38:08.8610 PM,Jul 10 2019 4:38:08.8900 PM,.0288
Auth Check,P203,read,PASS,,Jul 10 2019 4:38:08.8920 PM,Jul 10 2019 4:38:08.9200 PM,.0283
Auth Check,P203,sendCommandChars,PASS,,Jul 10 2019 4:38:08.9220 PM,Jul 10 2019 4:38:08.9570 PM,.0352
Auth Check,P203,read,PASS,,Jul 10 2019 4:38:08.9590 PM,Jul 10 2019 4:38:08.9600 PM,.0001
Auth Check,P203,read,PASS,,Jul 10 2019 4:38:08.9610 PM,Jul 10 2019 4:38:08.9900 PM,.0296
Auth Check,P203,read,PASS,,Jul 10 2019 4:38:08.9920 PM,Jul 10 2019 4:38:09.0210 PM,.0282
Auth Check,P203,sendCommandChars,PASS,,Jul 10 2019 4:38:09.0220 PM,Jul 10 2019 4:38:09.0580 PM,.0356
Auth Check,IOFileHandle,writeCertFile,PASS,,Jul 10 2019 4:38:09.0610 PM,Jul 10 2019 4:38:09.0610 PM,.0009
Read MLB SN,IOFileHandle,writeToFile,PASS,,Jul 10 2019 4:38:12.2580 PM,Jul 10 2019 4:38:12.2580 PM,.0001
Read Main FW Version Before DL,IOFileHandle,writeToFile,PASS,,Jul 10 2019 4:38:12.6990 PM,Jul 10 2019 4:38:12.7000 PM,.0002
Program Main FW,IOFileHandle,writeToFile,PASS,,Jul 10 2019 4:38:14.1980 PM,Jul 10 2019 4:38:14.1990 PM,.0002
Program Main FW,IOFileHandle,writeToFile,PASS,,Jul 10 2019 4:39:21.2420 PM,Jul 10 2019 4:39:21.2420 PM,.0002
Program Main FW,rpcCall,RPCSendAndGet,PASS,,Jul 10 2019 4:39:24.6800 PM,Jul 10 2019 4:39:24.6870 PM,.0069
Program Main FW,rpcCall,RPCSendAndGet,PASS,,Jul 10 2019 4:39:25.7590 PM,Jul 10 2019 4:39:25.7660 PM,.0072
Program Main FW,rpcCall,RPCSendAndGet,PASS,,Jul 10 2019 4:39:28.8430 PM,Jul 10 2019 4:39:28.8500 PM,.0068
Program Main FW,rpcCall,RPCSendAndGet,PASS,,Jul 10 2019 4:39:29.9190 PM,Jul 10 2019 4:39:29.9260 PM,.007
Read Main FW Version After DL,IOFileHandle,writeToFile,PASS,,Jul 10 2019 4:39:33.0360 PM,Jul 10 2019 4:39:33.0360 PM,.0001
Read Main FW Version After DL,IOFileHandle,writeToFile,PASS,,Jul 10 2019 4:39:33.6470 PM,Jul 10 2019 4:39:33.6470 PM,.0002
Read Main FW Version After DL,IOFileHandle,writeToFile,PASS,,Jul 10 2019 4:39:34.3910 PM,Jul 10 2019 4:39:34.3910 PM,.0002
Finish DRCB,rpcCall,RPCSendAndGet,PASS,,Jul 10 2019 4:39:34.7700 PM,Jul 10 2019 4:39:34.7740 PM,.0042
Finish DRCB,rpcCall,RPCSendAndGet,PASS,,Jul 10 2019 4:39:34.7760 PM,Jul 10 2019 4:39:34.8650 PM,.09
Finish DRCB,DRCB,finish,PASS,,Jul 10 2019 4:39:34.8670 PM,Jul 10 2019 4:39:35.0200 PM,.153
