GATEKEEPER,V1.1.3.2
Site, Product, SerialNumber, Special Build Name, Special Build Description, Unit Number, Station ID, Test Pass/Fail Status, StartTime, EndTime, Version, List of Failing Tests,Scan_FG_SN,Start Data Reporting,Start Data Reporting,Start Data Reporting,Start Data Reporting,Check_All_CB - CB_STATUS_MLB-FCT,Check_All_CB - ABS_ERASE_MLB-FCT,Check_All_CB - ABS_FAIL_MLB-FCT,Check_All_CB - REL_FAIL_MLB-FCT,Check_All_CB - CB_STATUS_TEST1,Check_All_CB - ABS_ERASE_TEST1,Check_All_CB - ABS_FAIL_TEST1,Check_All_CB - REL_FAIL_TEST1,Check_All_CB - CB_STATUS_QT0,Check_All_CB - ABS_ERASE_QT0,Check_All_CB - ABS_FAIL_QT0,Check_All_CB - REL_FAIL_QT0,Check_All_CB - CB_STATUS_DFU2-FTW,Check_All_CB - ABS_ERASE_DFU2-FTW,Check_All_CB - ABS_FAIL_DFU2-FTW,Check_All_CB - REL_FAIL_DFU2-FTW,Check_All_CB - CB_STATUS_QT1,Check_All_CB - ABS_ERASE_QT1,Check_All_CB - ABS_FAIL_QT1,Check_All_CB - REL_FAIL_QT1,Check_All_CB - CB_STATUS_LED-TEST,Check_All_CB - ABS_ERASE_LED-TEST,Check_All_CB - ABS_FAIL_LED-TEST,Check_All_CB - REL_FAIL_LED-TEST,Check_All_CB - CB_STATUS_KEY-FORCE,Check_All_CB - ABS_ERASE_KEY-FORCE,Check_All_CB - ABS_FAIL_KEY-FORCE,Check_All_CB - REL_FAIL_KEY-FORCE,Check_All_CB - CB_STATUS_TEST2,Check_All_CB - ABS_ERASE_TEST2,Check_All_CB - ABS_FAIL_TEST2,Check_All_CB - REL_FAIL_TEST2,Check_All_CB - CB_STATUS_MMI,Check_All_CB - ABS_ERASE_MMI,Check_All_CB - ABS_FAIL_MMI,Check_All_CB - REL_FAIL_MMI,Check_All_CB - CB_STATUS_SW-DOWNLOAD,Check_All_CB - ABS_ERASE_SW-DOWNLOAD,Check_All_CB - ABS_FAIL_SW-DOWNLOAD,Check_All_CB - REL_FAIL_SW-DOWNLOAD,Check_Bootargs_Status,Read_FG_SN,Compare_FG_SN,MLB_SN,WO_SN,UNIT_LBL,BUILD_EVENT,S_BUILD,KBM_SN,BACKLIGHT_SN,TRACKPAD_SN,TOUCH_FLEX_SN,Check_EP_Status,EP_Enable_All,STFW - STFW,STFW,Read_HW_Version - Read_HW_Version,Read_HW_Version,GreenPAK_ID - GreenPAK_ID,GreenPAK_ID,TOUCH_FW - TOUCH_FW,TOUCH_FW,Read_CCG3_FW,Production_Signed_Check - Production_Signed_Check,Production_Signed_Check,Read_KBD_HW_Layout - Read_KBD_HW_Layout,Read_KBD_HW_Layout,Get_KBD_HW_Layout - Read_KBD_HW_Layout,Get_KBD_HW_Layout,Compare_KBD_HW_Layout,Read_MLB_Lang,Get_KBD_Lang,Check_KBD_Lang,Read_MFI_Address - Read_MFI_Address,Read_MFI_Address,System_Critical_Errors - CRIT_ERR_E1_PART1,System_Critical_Errors - CRIT_ERR_E1_PART2,FW_Update_Critical_Errors - CRIT_ERR_E2_PART1,FW_Update_Critical_Errors - CRIT_ERR_E2_PART2,FW_Update_Critical_Errors - CRIT_ERR_E2_PART3,Key_Scan_Critical_Errors - CRIT_ERR_E7_PART1,Key_Scan_Critical_Errors - CRIT_ERR_E7_PART2,Key_Scan_Critical_Errors - CRIT_ERR_E7_PART3,Key_Scan_Critical_Errors - CRIT_ERR_E7_PART4,USBC_Critical_Errors - CRIT_ERR_E3_PART1,USBC_Critical_Errors - CRIT_ERR_E3_PART2,USBC_Critical_Errors - CRIT_ERR_E3_PART3,USBC_Critical_Errors - CRIT_ERR_E3_PART4,Grape_Critical_Errors - CRIT_ERR_E5_PART1,Grape_Critical_Errors - CRIT_ERR_E5_PART2,Grape_Critical_Errors - CRIT_ERR_E5_PART3,Grape_Critical_Errors - CRIT_ERR_E5_PART4,Grape_Critical_Errors - CRIT_ERR_E5_PART5,Grape_Critical_Errors - CRIT_ERR_E5_PART6,Grape_Critical_Errors - CRIT_ERR_E5_PART7,Grape_Critical_Errors - CRIT_ERR_E5_PART8,Grape_Critical_Errors - CRIT_ERR_E5_PART9,Grape_Critical_Errors - CRIT_ERR_E5_PART10,Critical_Errors_Summary - CRIT_ERR_E0_PART1,Backlight_Critical_Errors - BL_CRI_ERR_PART1,Grape_Connector_Self_Critical_Errors - CRIT_ERR_D3_PART1,Grape_Connector_Self_Critical_Errors - CRIT_ERR_D3_PART2,Grape_Connector_Self_Critical_Errors - CRIT_ERR_D3_PART3,+,Read_KBD_HW_Layout - Read_KBD_HW_Layout,Get_KBD_HW_Layout - Read_KBD_HW_Layout,
Upper Limited-------->,,,,,,,,,,,,,,,,,3,,,,3,,,,3,,,,3,,,,3,,,,3,,,,3,,,,3,,,,3,,,,3,,,,,,,,,,,,,,,,,,370,,3,,2,,1286,,,0,,33,,33,,,,,,16,,,,,,,,,,,,,,,,,,,,,,,,,,,,,,,15,15,
Lower Limited-------->,,,,,,,,,,,,,,,,,3,,,,3,,,,3,,,,3,,,,3,,,,3,,,,3,,,,3,,,,3,,,,3,,,,,,,,,,,,,,,,,,370,,3,,2,,1286,,,0,,33,,33,,,,,,16,,,,,,,,,,,,,,,,,,,,,,,,,,,,,,,15,15,
Measurement Units---->,,,,,,,,,,,,,,,,,,,,,,,,,,,,,,,,,,,,,,,,,,,,,,,,,,,,,,,,,,,,,,,,,,,,,,,,,,,,,,,,,,,,,,,,,,,,,,,,,,,,,,,,,,,,,,,,,,,,,,,,,,,
FXLH,R118,FTPZD08XP3HR,,R118-P2_P21AEN-1,,FXLH_F05-4FT-02_2_GATEKEEPER,FAIL,10-14-14:32:31,57.71,V1.1.3.2,Check_All_CB,FTPZD08XP3HR,Atlas 1.9.2,FTPZD08XP3HR,V1.1.3.2,1,3,0,0,0,3,0,0,0,3,0,0,0,3,0,0,0,3,0,1,1,2,0,3,3,0,0,0,0,0,0,0,0,3,0,0,0,3,0,0,0,15 00 00 00 ,FTPZD08XP3HR,Pass,DLX937500FEN6R52X,WMT-J90018,R118-P2_P21AEN-1_C00710,R118-P2,R118-P2_P21AEN-1,C4P932200E4JCPP38,GV29364008NN3LN2E,FM7934401DBN0LH1C+V1J,C47935303VEMW5D2W,13 00 00 00 00 ,13 00 00 00 00,370,0x0172,3,0x03,2,02,1286,0x0506,A0 02 00 0B 00 0B 00 0B ,0,0x00,33,0x21,33,0x21,Pass,02 01 01 05 49 ,02 01 01 05 49,Read_MLB_Lang :02 01 01 05 49  ,  Get_KBD_Lang :02 01 01 05 49,16,0x10,8704,0,0,0,0,0,0,0,0,0,0,0,0,16777216,0,0,0,0,0,16842752,16777216,0,0,0,0,17372165,100665620,33751040,,,,
FXLH,R118,FTPZD01ZP3HR,,R118-P2_P21AEN,,FXLH_F05-4FT-02_2_GATEKEEPER,FAIL,10-14-14:34:32,43.52,V1.1.3.2,Check_All_CB,FTPZD01ZP3HR,Atlas 1.9.2,FTPZD01ZP3HR,V1.1.3.2,1,3,0,0,0,3,0,0,0,3,0,1,1,3,0,0,0,3,0,0,0,2,0,3,3,0,0,0,0,3,0,0,0,3,0,0,0,3,0,0,0,15 00 00 00 ,FTPZD01ZP3HR,Pass,DLX9375005WN6R52B,WMT-J90014,R118-P2_P21AEN_C00595,R118-P2,R118-P2_P21AEN,C4P932200CWJCPP3N,GV29364003CN3LN25,FM79344013NN0LH1X+V1J,CR19356017EMW5D17,13 00 00 00 02 ,13 00 00 00 00,370,0x0172,3,0x03,2,02,1286,0x0506,A0 02 00 0B 00 0B 00 0B ,0,0x00,33,0x21,33,0x21,Pass,02 01 01 05 49 ,02 01 01 05 49,Read_MLB_Lang :02 01 01 05 49  ,  Get_KBD_Lang :02 01 01 05 49,16,0x10,8704,0,0,0,0,0,0,0,0,0,0,0,0,16777216,0,0,0,0,0,16842752,16777216,0,0,0,0,17372165,100665620,33751040,,,,
FXLH,R118,FTPZG03VP3J3,,R118-P2_P21J1-ECORELNB,,FXLH_F05-4FT-02_2_GATEKEEPER,FAIL,10-14-14:47:12,43.98,V1.1.3.2,Check_All_CB,FTPZG03VP3J3,Atlas 1.9.2,FTPZG03VP3J3,V1.1.3.2,1,3,0,0,0,3,0,0,0,3,0,0,0,3,0,0,0,3,0,0,0,3,0,0,0,0,0,0,0,0,0,0,0,3,0,0,0,3,0,0,0,15 00 00 00 ,FTPZG03VP3J3,Pass,DLX937600PCN6R528,WMT-J90054,R118-P2_P21J1-ECORELNB_C01545,R118-P2,R118-P2_P21J1-ECORELNB,C4P93740019JCQV3G,GV29372000DP2T12A,FM793440247N0LH18+V3J,CR19356016XMW5D1T,13 00 00 00 02 ,13 00 00 00 00,370,0x0172,3,0x03,2,02,1286,0x0506,A0 02 00 0B 00 0B 00 0B ,0,0x00,,0x0F,,0x0F,Pass,02 01 03 03 4B ,02 01 03 03 4B,Read_MLB_Lang :02 01 03 03 4B  ,  Get_KBD_Lang :02 01 03 03 4B,16,0x10,8704,0,0,0,0,0,0,0,0,0,0,0,0,16777216,0,0,0,0,0,16842752,16777216,0,0,0,0,17372165,100665620,33751040,,15,15,
FXLH,R118,FTPZG00ZP3J3,,R118-P2_P21J2,,FXLH_F05-4FT-02_2_GATEKEEPER,FAIL,10-14-14:53:28,57.52,V1.1.3.2,Check_All_CB,FTPZG00ZP3J3,Atlas 1.9.2,FTPZG00ZP3J3,V1.1.3.2,1,3,0,0,0,3,0,0,0,3,0,0,0,3,0,0,0,3,0,0,0,3,0,0,0,0,0,0,0,3,0,0,0,3,0,0,0,3,0,0,0,15 00 00 00 ,FTPZG00ZP3J3,Pass,DLX937500N4N6R52L,WMT-J90052,R118-P2_P21J2_C01443,R118-P2,R118-P2_P21J2,C4P9374001ZJCQV3S,GV29367000CP2T129,FM79383004CN0LH1U+VCJ,C4793530208MW5D2N,13 00 00 00 02 ,13 00 00 00 00,370,0x0172,3,0x03,2,02,1286,0x0506,A0 02 00 0B 00 0B 00 0B ,0,0x00,,0x0F,,0x0F,Pass,02 01 03 03 4B ,02 01 03 03 4B,Read_MLB_Lang :02 01 03 03 4B  ,  Get_KBD_Lang :02 01 03 03 4B,16,0x10,8704,0,0,0,0,0,0,0,0,0,0,0,0,16777216,0,0,0,0,0,16842752,16777216,0,0,0,0,17372165,100665620,33751040,,15,15,
FXLH,R118,FTPZF01BP3HR,,R118-P2_P21AEN-LO,,FXLH_F05-4FT-02_2_GATEKEEPER,FAIL,10-14-14:59:07,72.78,V1.1.3.2,Check_All_CB,FTPZF01BP3HR,Atlas 1.9.2,FTPZF01BP3HR,V1.1.3.2,1,3,0,0,0,3,0,0,0,3,0,1,1,3,0,0,0,3,0,0,0,2,0,5,5,0,0,0,0,0,0,0,0,3,0,0,0,3,0,0,0,15 00 00 00 ,FTPZF01BP3HR,Pass,DLX9382001RN6R52U,WMT-J90020,R118-P2_P21AEN-LO_C00968,R118-P2,R118-P2_P21AEN-LO,C4P9374001RJCPP39,GV29372002MN3LN2Y,FM793660032N0LH1A+VLJ,C47935303MEMW5D2L,13 00 00 00 02 ,13 00 00 00 00,370,0x0172,3,0x03,2,02,1286,0x0506,A0 02 00 0B 00 0B 00 0B ,0,0x00,33,0x21,33,0x21,Pass,02 01 01 05 49 ,02 01 01 05 49,Read_MLB_Lang :02 01 01 05 49  ,  Get_KBD_Lang :02 01 01 05 49,16,0x10,8704,0,0,0,0,0,0,0,0,0,0,0,0,16777216,0,0,0,0,0,16842752,16777216,0,0,0,0,17372165,100665620,33751040,,,,
FXLH,R118,FTPZG004P3J3,,R118-P2_P21J1,,FXLH_F05-4FT-02_2_GATEKEEPER,FAIL,10-15-16:13:52,51.95,V1.1.3.2,Check_All_CB,FTPZG004P3J3,Atlas 1.9.2,FTPZG004P3J3,V1.1.3.2,1,3,0,0,0,3,0,0,0,3,0,0,0,3,0,0,0,3,0,0,0,3,0,0,0,0,0,0,0,3,0,0,0,3,0,1,1,3,0,0,0,15 00 00 00 ,FTPZG004P3J3,Pass,DLX937500LPN6R527,WMT-J90051,R118-P2_P21J1_C01399,R118-P2,R118-P2_P21J1,C4P9374003FJCQV34,GV29363001LP2T122,FM793830043N0LH13+VCJ,CR1935601H7MW5D1J,13 00 00 00 02 ,13 00 00 00 00,370,0x0172,3,0x03,2,02,1286,0x0506,A0 02 00 0B 00 0B 00 0B ,0,0x00,,0x0F,,0x0F,Pass,02 01 03 03 4B ,02 01 03 03 4B,Read_MLB_Lang :02 01 03 03 4B  ,  Get_KBD_Lang :02 01 03 03 4B,16,0x10,8704,0,0,0,0,0,0,0,0,0,0,0,0,16777216,0,0,0,0,0,16842752,16777216,0,0,0,0,17372165,100665620,33751040,,15,15,
FXLH,R118,FTPZG03ZP3J3,,R118-P2_P21J1-ECORELNB,,FXLH_F05-4FT-02_2_GATEKEEPER,FAIL,10-15-16:18:57,57.94,V1.1.3.2,Check_All_CB,FTPZG03ZP3J3,Atlas 1.9.2,FTPZG03ZP3J3,V1.1.3.2,1,3,0,0,0,3,0,0,0,3,0,0,0,3,0,0,0,3,0,0,0,3,0,0,0,0,0,0,0,3,0,1,1,3,0,0,0,3,0,0,0,15 00 00 00 ,FTPZG03ZP3J3,Pass,DLX937600Q8N6R529,WMT-J90054,R118-P2_P21J1-ECORELNB_C01541,R118-P2,R118-P2_P21J1-ECORELNB,C4P9374001NJCQV33,GV293720003P2T12L,FM793440219N0LH1F+V3J,C47935300W4MW5D26,13 00 00 00 02 ,13 00 00 00 00,370,0x0172,3,0x03,2,02,1286,0x0506,A0 02 00 0B 00 0B 00 0B ,0,0x00,,0x0F,,0x0F,Pass,02 01 03 03 4B ,02 01 03 03 4B,Read_MLB_Lang :02 01 03 03 4B  ,  Get_KBD_Lang :02 01 03 03 4B,16,0x10,8704,0,0,0,0,0,0,0,0,0,0,0,0,16777216,0,0,0,0,0,16842752,16777216,0,0,0,0,17372165,100665620,33751040,,15,15,
FXLH,R118,FTPZG05RP3J3,,R118-P2_P21J3,,FXLH_F05-4FT-02_2_GATEKEEPER,FAIL,10-15-16:23:30,47.70,V1.1.3.2,Check_All_CB,FTPZG05RP3J3,Atlas 1.9.2,FTPZG05RP3J3,V1.1.3.2,1,3,0,0,0,3,0,0,0,3,0,0,0,3,0,0,0,3,0,1,1,3,0,0,0,0,0,0,0,3,0,0,0,3,0,0,0,3,0,0,0,15 00 00 00 ,FTPZG05RP3J3,Pass,DLX937500LQN6R526,WMT-J90057,R118-P2_P21J3_C01590,R118-P2,R118-P2_P21J3,C4P93740098JCQV3T,GV29367001HP2T121,FM79383009QN0LH11+VCJ,CR1935601J2MW5D1L,13 00 00 00 02 ,13 00 00 00 00,370,0x0172,3,0x03,2,02,1286,0x0506,A0 02 00 0B 00 0B 00 0B ,0,0x00,,0x0F,,0x0F,Pass,02 01 03 03 4B ,02 01 03 03 4B,Read_MLB_Lang :02 01 03 03 4B  ,  Get_KBD_Lang :02 01 03 03 4B,16,0x10,8704,0,0,0,0,0,0,0,0,0,0,0,0,16777216,0,0,0,0,0,16842752,16777216,0,0,0,0,17372165,100665620,33751040,,15,15,
FXLH,R118,FTPZG015P3J3,,R118-P2_P21J2,,FXLH_F05-4FT-02_2_GATEKEEPER,FAIL,10-15-16:27:59,48.37,V1.1.3.2,Check_All_CB,FTPZG015P3J3,Atlas 1.9.2,FTPZG015P3J3,V1.1.3.2,1,3,0,0,0,3,0,0,0,3,0,0,0,3,0,0,0,3,0,0,0,3,0,1,1,0,0,0,0,3,0,1,1,3,0,0,0,3,0,0,0,15 00 00 00 ,FTPZG015P3J3,Pass,DLX937500KEN6R52K,WMT-J90052,R118-P2_P21J2_C01449,R118-P2,R118-P2_P21J2,C4P9374000EJCQV3E,GV29367000RP2T12W,FM79383003JN0LH1R+VCJ,C47935301Y8MW5D2V,13 00 00 00 02 ,13 00 00 00 00,370,0x0172,3,0x03,2,02,1286,0x0506,A0 02 00 0B 00 0B 00 0B ,0,0x00,,0x0F,,0x0F,Pass,02 01 03 03 4B ,02 01 03 03 4B,Read_MLB_Lang :02 01 03 03 4B  ,  Get_KBD_Lang :02 01 03 03 4B,16,0x10,8704,0,0,0,0,0,0,0,0,0,0,0,0,16777216,0,0,0,0,0,16842752,16777216,0,0,0,0,17372165,100665620,33751040,,15,15,
FXLH,R118,FTPZG00YP3J3,,R118-P2_P21J2,,FXLH_F05-4FT-02_2_GATEKEEPER,FAIL,10-15-16:32:04,59.92,V1.1.3.2,Check_All_CB,FTPZG00YP3J3,Atlas 1.9.2,FTPZG00YP3J3,V1.1.3.2,1,3,0,0,0,3,0,0,0,3,0,0,0,3,0,0,0,3,0,0,0,3,0,0,0,0,0,0,0,3,0,0,0,3,0,0,0,3,0,0,0,15 00 00 00 ,FTPZG00YP3J3,Pass,DLX937500KAN6R52P,WMT-J90052,R118-P2_P21J2_C01441,R118-P2,R118-P2_P21J2,C4P9374003LJCQV3Z,GV29367000NP2T12Z,FM79383001NN0LH1T+VCJ,C47935303XDMW5D2R,13 00 00 00 02 ,13 00 00 00 00,370,0x0172,3,0x03,2,02,1286,0x0506,A0 02 00 0B 00 0B 00 0B ,0,0x00,,0x0F,,0x0F,Pass,02 01 03 03 4B ,02 01 03 03 4B,Read_MLB_Lang :02 01 03 03 4B  ,  Get_KBD_Lang :02 01 03 03 4B,16,0x10,8704,0,0,0,0,0,0,0,0,0,0,0,0,16777216,0,0,0,0,0,16842752,16777216,0,0,0,0,17372165,100665620,33751040,,15,15,
FXLH,R118,FTPZJ03VP3HR,,R118-POST P2_P21AEN-D11-1,,FXLH_F05-4FT-02_2_GATEKEEPER,FAIL,10-15-18:29:14,59.75,V1.1.3.2,Check_All_CB,FTPZJ03VP3HR,Atlas 1.9.2,FTPZJ03VP3HR,V1.1.3.2,1,3,0,0,0,3,0,0,0,3,0,0,0,3,0,0,0,3,0,0,0,2,0,3,3,0,0,0,0,3,0,0,0,3,0,0,0,3,0,0,0,15 00 00 00 ,FTPZJ03VP3HR,Pass,DLX93940044N6R521,WMT-JA000A,R118-POST P2_P21AEN-D11-1_C01655,R118-POST P2,R118-POST P2_P21AEN-D11-1,C4P932200M6JCPP3K,GV293720079N3LN2V,FM7934402YGN0LH1H+V6J,CR1935600SJMW5D1F,13 00 00 00 02 ,13 00 00 00 00,370,0x0172,3,0x03,2,02,1286,0x0506,A0 02 00 0B 00 0B 00 0B ,0,0x00,33,0x21,33,0x21,Pass,02 01 01 05 49 ,02 01 01 05 49,Read_MLB_Lang :02 01 01 05 49  ,  Get_KBD_Lang :02 01 01 05 49,16,0x10,8704,0,0,0,0,0,0,0,0,0,0,0,0,16777216,0,0,0,0,0,16842752,16777216,0,0,0,0,17372165,100665620,33751040,,,,
FXLH,R118,FTPZJ04BP3HR,,R118-POST P2_P21AEN-D11-1,,FXLH_F05-4FT-02_2_GATEKEEPER,FAIL,10-15-18:37:21,53.32,V1.1.3.2,Check_All_CB,FTPZJ04BP3HR,Atlas 1.9.2,FTPZJ04BP3HR,V1.1.3.2,1,3,0,0,0,3,0,0,0,3,0,0,0,3,0,0,0,3,0,0,0,2,0,3,3,0,0,0,0,3,0,0,0,3,0,0,0,3,0,0,0,15 00 00 00 ,FTPZJ04BP3HR,Pass,DLX93940058N6R52U,WMT-JA000A,R118-POST P2_P21AEN-D11-1_C01671,R118-POST P2,R118-POST P2_P21AEN-D11-1,C4P932200BBJCPP3A,GV29372006CN3LN2V,FM7934402V2N0LH16+V6J,CR1935600HEMW5D1C,13 00 00 00 02 ,13 00 00 00 00,370,0x0172,3,0x03,2,02,1286,0x0506,A0 02 00 0B 00 0B 00 0B ,0,0x00,33,0x21,33,0x21,Pass,02 01 01 05 49 ,02 01 01 05 49,Read_MLB_Lang :02 01 01 05 49  ,  Get_KBD_Lang :02 01 01 05 49,16,0x10,8704,0,0,0,0,0,0,0,0,0,0,0,0,16777216,0,0,0,0,0,16842752,16777216,0,0,0,0,17372165,100665620,33751040,,,,
FXLH,R118,FTPZJ03RP3HR,,R118-POST P2_P21AEN-D11-1,,FXLH_F05-4FT-02_2_GATEKEEPER,FAIL,10-15-18:41:16,123.61,V1.1.3.2,Check_All_CB,FTPZJ03RP3HR,Atlas 1.9.2,FTPZJ03RP3HR,V1.1.3.2,1,3,0,0,0,3,0,0,0,3,0,0,0,3,0,0,0,3,0,0,0,2,0,3,3,0,0,0,0,3,0,0,0,3,0,0,0,3,0,0,0,15 00 00 00 ,FTPZJ03RP3HR,Pass,DLX93940043N6R522,WMT-JA000A,R118-POST P2_P21AEN-D11-1_C01672,R118-POST P2,R118-POST P2_P21AEN-D11-1,C4P9322003LJCPP3R,GV29372006DN3LN2U,FM7934402XQN0LH1C+V6J,CR1935600NVMW5D1G,13 00 00 00 02 ,13 00 00 00 00,370,0x0172,3,0x03,2,02,1286,0x0506,A0 02 00 0B 00 0B 00 0B ,0,0x00,33,0x21,33,0x21,Pass,02 01 01 05 49 ,02 01 01 05 49,Read_MLB_Lang :02 01 01 05 49  ,  Get_KBD_Lang :02 01 01 05 49,16,0x10,8704,0,0,0,0,0,0,0,0,0,0,0,0,16777216,0,0,0,0,0,16842752,16777216,0,0,0,0,17372165,100665620,33751040,,,,
FXLH,R118,FTPZJ043P3HR,,R118-POST P2_P21AEN-D11-1,,FXLH_F05-4FT-02_2_GATEKEEPER,FAIL,10-16-08:08:57,49.96,V1.1.3.2,Check_All_CB,FTPZJ043P3HR,Atlas 1.9.2,FTPZJ043P3HR,V1.1.3.2,1,3,0,0,0,3,0,0,0,3,0,1,1,3,0,0,0,3,0,2,2,2,0,3,3,0,0,0,0,3,0,0,0,3,0,0,0,3,0,0,0,15 00 00 00 ,FTPZJ043P3HR,Pass,DLX93940056N6R52W,WMT-JA000A,R118-POST P2_P21AEN-D11-1_C01663,R118-POST P2,R118-POST P2_P21AEN-D11-1,C4P932200QFJCPP31,GV29372006PN3LN2J,FM7934402WBN0LH1U+V6J,CR1935600H2MW5D1Q,13 00 00 00 02 ,13 00 00 00 00,370,0x0172,3,0x03,2,02,1286,0x0506,A0 02 00 0B 00 0B 00 0B ,0,0x00,33,0x21,33,0x21,Pass,02 01 01 05 49 ,02 01 01 05 49,Read_MLB_Lang :02 01 01 05 49  ,  Get_KBD_Lang :02 01 01 05 49,16,0x10,8704,0,0,0,0,0,0,0,0,0,0,0,0,16777216,0,0,0,0,0,16842752,16777216,0,0,0,0,17372165,100665620,33751040,,,,
FXLH,R118,FTPZJ03QP3HR,,R118-POST P2_P21AEN-D11-1,,FXLH_F05-4FT-02_2_GATEKEEPER,FAIL,10-16-08:34:37,50.22,V1.1.3.2,Check_All_CB,FTPZJ03QP3HR,Atlas 1.9.2,FTPZJ03QP3HR,V1.1.3.2,1,3,0,0,0,3,0,0,0,3,0,0,0,3,0,0,0,3,0,0,0,2,0,3,3,0,0,0,0,3,0,0,0,3,0,0,0,3,0,0,0,15 00 00 00 ,FTPZJ03QP3HR,Pass,DLX9382009JN6R52B,WMT-JA000A,R118-POST P2_P21AEN-D11-1_C01673,R118-POST P2,R118-POST P2_P21AEN-D11-1,C4P932200KPJCPP38,GV29372005AN3LN20,FM793440310N0LH1P+V6J,CR1935600HBMW5D1F,13 00 00 00 02 ,13 00 00 00 00,370,0x0172,3,0x03,2,02,1286,0x0506,A0 02 00 0B 00 0B 00 0B ,0,0x00,33,0x21,33,0x21,Pass,02 01 01 05 49 ,02 01 01 05 49,Read_MLB_Lang :02 01 01 05 49  ,  Get_KBD_Lang :02 01 01 05 49,16,0x10,8704,0,0,0,0,0,0,0,0,0,0,0,0,16777216,0,0,0,0,0,16842752,16777216,0,0,0,0,17372165,100665620,33751040,,,,
FXLH,R118,FTPZJ03GP3HR,,R118-POST P2_P21AEN-D11-1,,FXLH_F05-4FT-02_2_GATEKEEPER,FAIL,10-16-08:39:36,43.88,V1.1.3.2,Check_All_CB,FTPZJ03GP3HR,Atlas 1.9.2,FTPZJ03GP3HR,V1.1.3.2,1,3,0,0,0,3,0,0,0,3,0,0,0,3,0,0,0,3,0,0,0,2,0,3,3,0,0,0,0,3,0,0,0,3,0,0,0,3,0,0,0,15 00 00 00 ,FTPZJ03GP3HR,Pass,DLX93940052N6R520,WMT-JA000A,R118-POST P2_P21AEN-D11-1_C01681,R118-POST P2,R118-POST P2_P21AEN-D11-1,C4P9382004HJCPP37,GV29372005MN3LN2P,FM7934402ZWN0LH10+V6J,CR1935600N4MW5D17,13 00 00 00 02 ,13 00 00 00 00,370,0x0172,3,0x03,2,02,1286,0x0506,A0 02 00 0B 00 0B 00 0B ,0,0x00,33,0x21,33,0x21,Pass,02 01 01 05 49 ,02 01 01 05 49,Read_MLB_Lang :02 01 01 05 49  ,  Get_KBD_Lang :02 01 01 05 49,16,0x10,8704,0,0,0,0,0,0,0,0,0,0,0,0,16777216,0,0,0,0,0,16842752,16777216,0,0,0,0,17372165,100665620,33751040,,,,
