GATEKEEPER,V1.1.3.2
Site, Product, SerialNumber, Special Build Name, Special Build Description, Unit Number, Station ID, Test Pass/Fail Status, StartTime, EndTime, Version, List of Failing Tests,Scan_FG_SN,Start Data Reporting,Start Data Reporting,Start Data Reporting,Start Data Reporting,Check_All_CB - CB_STATUS_MLB-FCT,Check_All_CB - ABS_ERASE_MLB-FCT,Check_All_CB - ABS_FAIL_MLB-FCT,Check_All_CB - REL_FAIL_MLB-FCT,Check_All_CB - CB_STATUS_TEST1,Check_All_CB - ABS_ERASE_TEST1,Check_All_CB - ABS_FAIL_TEST1,Check_All_CB - REL_FAIL_TEST1,Check_All_CB - CB_STATUS_QT0,Check_All_CB - ABS_ERASE_QT0,Check_All_CB - ABS_FAIL_QT0,Check_All_CB - REL_FAIL_QT0,Check_All_CB - CB_STATUS_DFU2-FTW,Check_All_CB - ABS_ERASE_DFU2-FTW,Check_All_CB - ABS_FAIL_DFU2-FTW,Check_All_CB - REL_FAIL_DFU2-FTW,Check_All_CB - CB_STATUS_QT1,Check_All_CB - ABS_ERASE_QT1,Check_All_CB - ABS_FAIL_QT1,Check_All_CB - REL_FAIL_QT1,Check_All_CB - CB_STATUS_LED-TEST,Check_All_CB - ABS_ERASE_LED-TEST,Check_All_CB - ABS_FAIL_LED-TEST,Check_All_CB - REL_FAIL_LED-TEST,Check_All_CB - CB_STATUS_KEY-FORCE,Check_All_CB - ABS_ERASE_KEY-FORCE,Check_All_CB - ABS_FAIL_KEY-FORCE,Check_All_CB - REL_FAIL_KEY-FORCE,Check_All_CB - CB_STATUS_TEST2,Check_All_CB - ABS_ERASE_TEST2,Check_All_CB - ABS_FAIL_TEST2,Check_All_CB - REL_FAIL_TEST2,Check_All_CB - CB_STATUS_MMI,Check_All_CB - ABS_ERASE_MMI,Check_All_CB - ABS_FAIL_MMI,Check_All_CB - REL_FAIL_MMI,Check_All_CB - CB_STATUS_SW-DOWNLOAD,Check_All_CB - ABS_ERASE_SW-DOWNLOAD,Check_All_CB - ABS_FAIL_SW-DOWNLOAD,Check_All_CB - REL_FAIL_SW-DOWNLOAD,Check_Bootargs_Status,Read_FG_SN,Compare_FG_SN,MLB_SN,WO_SN,UNIT_LBL,BUILD_EVENT,S_BUILD,KBM_SN,BACKLIGHT_SN,TRACKPAD_SN,TOUCH_FLEX_SN,Check_EP_Status,EP_Enable_All,STFW - STFW,STFW,Read_HW_Version - Read_HW_Version,Read_HW_Version,GreenPAK_ID - GreenPAK_ID,GreenPAK_ID,TOUCH_FW - TOUCH_FW,TOUCH_FW,Read_CCG3_FW,Production_Signed_Check - Production_Signed_Check,Production_Signed_Check,Read_KBD_HW_Layout - Read_KBD_HW_Layout,Read_KBD_HW_Layout,Get_KBD_HW_Layout - Read_KBD_HW_Layout,Get_KBD_HW_Layout,Compare_KBD_HW_Layout,Read_MLB_Lang,Get_KBD_Lang,Check_KBD_Lang,Read_MFI_Address - Read_MFI_Address,Read_MFI_Address,System_Critical_Errors - CRIT_ERR_E1_PART1,System_Critical_Errors - CRIT_ERR_E1_PART2,FW_Update_Critical_Errors - CRIT_ERR_E2_PART1,FW_Update_Critical_Errors - CRIT_ERR_E2_PART2,FW_Update_Critical_Errors - CRIT_ERR_E2_PART3,Key_Scan_Critical_Errors - CRIT_ERR_E7_PART1,Key_Scan_Critical_Errors - CRIT_ERR_E7_PART2,Key_Scan_Critical_Errors - CRIT_ERR_E7_PART3,Key_Scan_Critical_Errors - CRIT_ERR_E7_PART4,USBC_Critical_Errors - CRIT_ERR_E3_PART1,USBC_Critical_Errors - CRIT_ERR_E3_PART2,USBC_Critical_Errors - CRIT_ERR_E3_PART3,USBC_Critical_Errors - CRIT_ERR_E3_PART4,Grape_Critical_Errors - CRIT_ERR_E5_PART1,Grape_Critical_Errors - CRIT_ERR_E5_PART2,Grape_Critical_Errors - CRIT_ERR_E5_PART3,Grape_Critical_Errors - CRIT_ERR_E5_PART4,Grape_Critical_Errors - CRIT_ERR_E5_PART5,Grape_Critical_Errors - CRIT_ERR_E5_PART6,Grape_Critical_Errors - CRIT_ERR_E5_PART7,Grape_Critical_Errors - CRIT_ERR_E5_PART8,Grape_Critical_Errors - CRIT_ERR_E5_PART9,Grape_Critical_Errors - CRIT_ERR_E5_PART10,Critical_Errors_Summary - CRIT_ERR_E0_PART1,Backlight_Critical_Errors - BL_CRI_ERR_PART1,Grape_Connector_Self_Critical_Errors - CRIT_ERR_D3_PART1,Grape_Connector_Self_Critical_Errors - CRIT_ERR_D3_PART2,Grape_Connector_Self_Critical_Errors - CRIT_ERR_D3_PART3,+,Read_KBD_HW_Layout - Read_KBD_HW_Layout,Get_KBD_HW_Layout - Read_KBD_HW_Layout,
Upper Limited-------->,,,,,,,,,,,,,,,,,3,,,,3,,,,3,,,,3,,,,3,,,,3,,,,3,,,,3,,,,3,,,,3,,,,,,,,,,,,,,,,,,370,,3,,2,,1286,,,0,,33,,33,,,,,,16,,,,,,,,,,,,,,,,,,,,,,,,,,,,,,,13,13,
Lower Limited-------->,,,,,,,,,,,,,,,,,3,,,,3,,,,3,,,,3,,,,3,,,,3,,,,3,,,,3,,,,3,,,,3,,,,,,,,,,,,,,,,,,370,,3,,2,,1286,,,0,,33,,33,,,,,,16,,,,,,,,,,,,,,,,,,,,,,,,,,,,,,,13,13,
Measurement Units---->,,,,,,,,,,,,,,,,,,,,,,,,,,,,,,,,,,,,,,,,,,,,,,,,,,,,,,,,,,,,,,,,,,,,,,,,,,,,,,,,,,,,,,,,,,,,,,,,,,,,,,,,,,,,,,,,,,,,,,,,,,,
FXLH,R118,FTPZF04EP3HW,,R118-P2_P21ACH-ECORELNB,,FXLH_F05-4FT-02_2_GATEKEEPER,FAIL,09-27-13:42:28,66.89,V1.1.3.2,Check_All_CB,FTPZF04EP3HW,Atlas 1.9.2,FTPZF04EP3HW,V1.1.3.2,1,3,0,0,0,3,0,0,0,3,0,1,1,3,0,0,0,3,0,0,0,3,0,0,0,0,0,0,0,3,0,0,0,3,0,0,0,3,0,0,0,15 00 00 00 ,FTPZF04EP3HW,Pass,DLX937600T5N6R523,WCT-J9001D,R118-P2_P21ACH-ECORELNB_C00899,R118-P2,R118-P2_P21ACH-ECORELNB,C4P93220027JCPT33,GV293630066N3LN23,FM7934401K2N0LH13+V1J,CR1935601J6MW5D1G,13 00 00 00 00 ,13 00 00 00 00,370,0x0172,3,0x03,2,02,1286,0x0506,A0 02 00 0B 00 0B 00 0B ,0,0x00,33,0x21,33,0x21,Pass,02 01 01 0B 49 16 16 ,02 01 01 0B 49 16 16,Read_MLB_Lang :02 01 01 0B 49 16 16  ,  Get_KBD_Lang :02 01 01 0B 49 16 16,16,0x10,8704,0,0,0,0,0,0,0,0,0,0,0,0,16777216,0,0,0,0,0,16842752,16777216,0,0,0,0,17372165,100665620,33751040,,,,
FXLH,R118,FTPZF00XP3J9,,R118-P2_P21ISWI-ECORELNB,,FXLH_F05-4FT-02_2_GATEKEEPER,FAIL,09-27-15:53:06,63.40,V1.1.3.2,Check_All_CB,FTPZF00XP3J9,Atlas 1.9.2,FTPZF00XP3J9,V1.1.3.2,1,3,0,0,0,3,0,0,0,3,0,0,0,3,0,0,0,3,0,0,0,2,0,2,2,0,0,0,0,3,0,0,0,3,0,0,0,3,0,0,0,15 00 00 00 ,FTPZF00XP3J9,Pass,DLX938200ACN6R52E,WMT-J9004C,R118-P2_P21ISWI-ECORELNB_C01373,R118-P2,R118-P2_P21ISWI-ECORELNB,C4P9347000DN34G3P,GV29372007PP2T02E,FM7934402WJN0LH1M+V6J,C47935303NQMW5D27,13 00 00 00 02 ,13 00 00 00 00,370,0x0172,3,0x03,2,02,1286,0x0506,A0 02 00 0B 00 0B 00 0B ,0,0x00,,0x0D,,0x0D,Pass,02 01 02 11 4A ,02 01 02 11 4A,Read_MLB_Lang :02 01 02 11 4A  ,  Get_KBD_Lang :02 01 02 11 4A,16,0x10,8704,0,0,0,0,0,0,0,0,0,0,0,0,16777216,0,0,0,0,0,16842752,16777216,0,0,0,0,17372165,100665620,33751040,,13,13,
FXLH,R118,FTPZD00CP3J8,,R118-P2_P21ISWE-LPD1,,FXLH_F05-4FT-02_2_GATEKEEPER,FAIL,09-27-17:43:26,39.79,V1.1.3.2,Check_All_CB,FTPZD00CP3J8,Atlas 1.9.2,FTPZD00CP3J8,V1.1.3.2,1,0,0,0,0,0,0,0,0,2,0,1,1,3,0,0,0,3,0,0,0,3,0,3,3,0,0,0,0,3,0,3,3,2,0,2,2,3,0,0,0,15 00 00 00 ,FTPZD00CP3J8,Pass,DLX9363000SN6R521,WMT-J90010,R118-P2_P21ISWE-LPD1_C00438,R118-P2,R118-P2_P21ISWE-LPD1,C4P9345001DJCQM3U,GV29363001AP2T02D,FM7934400CXN0LH1W+S1J,CR1935601BEMW5D1V,13 00 00 00 02 ,13 00 00 00 00,370,0x0172,3,0x03,2,02,1286,0x0506,A0 02 00 0B 00 0B 00 0B ,0,0x00,,0x0D,,0x0D,Pass,02 01 02 08 4A ,02 01 02 08 4A,Read_MLB_Lang :02 01 02 08 4A  ,  Get_KBD_Lang :02 01 02 08 4A,16,0x10,8704,0,0,0,0,0,0,0,0,0,0,0,0,16777216,0,0,0,0,0,16842752,16777216,0,0,0,0,17372165,100665620,33751040,,13,13,
FXLH,R118,FTPZF005P3J6,,R118-P2_P21IRU,,FXLH_F05-4FT-02_2_GATEKEEPER,FAIL,09-27-17:59:13,38.07,V1.1.3.2,Check_All_CB,FTPZF005P3J6,Atlas 1.9.2,FTPZF005P3J6,V1.1.3.2,1,3,0,0,0,3,0,0,0,3,0,1,1,3,0,0,0,3,0,0,0,2,0,3,3,0,0,0,0,3,0,0,0,3,0,0,0,3,0,0,0,15 00 00 00 ,FTPZF005P3J6,Pass,DLX93820037N6R526,WMT-J90035,R118-P2_P21IRU_C01195,R118-P2,R118-P2_P21IRU,C4P9345001VJCQL3D,GV293630024P2T02G,FM7934402UXN0LH1E+V6J,C479353049MMW5D2E,13 00 00 00 02 ,13 00 00 00 00,370,0x0172,3,0x03,2,02,1286,0x0506,A0 02 00 0B 00 0B 00 0B ,0,0x00,,0x0D,,0x0D,Pass,02 01 02 1F 4A ,02 01 02 1F 4A,Read_MLB_Lang :02 01 02 1F 4A  ,  Get_KBD_Lang :02 01 02 1F 4A,16,0x10,8704,0,0,0,0,0,0,0,0,0,0,0,0,16777216,0,0,0,0,0,16842752,16777216,0,0,0,0,17372165,100665620,33751040,,13,13,
FXLH,R118,FTPZF00SP3J9,,R118-P2_P21ISWI-ECORELNB,,FXLH_F05-4FT-02_2_GATEKEEPER,FAIL,09-27-18:09:06,50.54,V1.1.3.2,Check_All_CB,FTPZF00SP3J9,Atlas 1.9.2,FTPZF00SP3J9,V1.1.3.2,1,3,0,0,0,3,0,0,0,3,0,2,2,3,0,0,0,3,0,0,0,2,0,4,4,0,0,0,0,3,0,1,1,3,0,0,0,3,0,1,1,15 00 00 00 ,FTPZF00SP3J9,Pass,DLX938200AUN6R52Y,WMT-J9004C,R118-P2_P21ISWI-ECORELNB_C01367,R118-P2,R118-P2_P21ISWI-ECORELNB,C4P93470019N34G3Q,GV293720090P2T02X,FM79344030EN0LH1C+V6J,C47935303ZEMW5D2J,13 00 00 00 02 ,13 00 00 00 00,370,0x0172,3,0x03,2,02,1286,0x0506,A0 02 00 0B 00 0B 00 0B ,0,0x00,,0x0D,,0x0D,Pass,02 01 02 11 4A ,02 01 02 11 4A,Read_MLB_Lang :02 01 02 11 4A  ,  Get_KBD_Lang :02 01 02 11 4A,16,0x10,8704,0,0,0,0,0,0,0,0,0,0,0,0,16777216,0,0,0,0,0,16842752,16777216,0,0,0,0,17372165,100665620,33751040,,13,13,
FXLH,R118,FTPZF007P3J6,,R118-P2_P21IRU,,FXLH_F05-4FT-02_2_GATEKEEPER,FAIL,09-27-18:11:41,54.25,V1.1.3.2,Check_All_CB,FTPZF007P3J6,Atlas 1.9.2,FTPZF007P3J6,V1.1.3.2,1,3,0,0,0,3,0,1,1,3,0,0,0,3,0,0,0,3,0,0,0,2,0,3,3,0,0,0,0,3,0,0,0,3,0,0,0,3,0,0,0,15 00 00 00 ,FTPZF007P3J6,Pass,DLX93820031N6R52C,WMT-J90035,R118-P2_P21IRU_C01197,R118-P2,R118-P2_P21IRU,C4P9345001WJCQL3C,GV29363000WP2T02W,FM7934402XPN0LH1D+V6J,C479353049VMW5D26,13 00 00 00 02 ,13 00 00 00 00,370,0x0172,3,0x03,2,02,1286,0x0506,A0 02 00 0B 00 0B 00 0B ,0,0x00,,0x0D,,0x0D,Pass,02 01 02 1F 4A ,02 01 02 1F 4A,Read_MLB_Lang :02 01 02 1F 4A  ,  Get_KBD_Lang :02 01 02 1F 4A,16,0x10,8704,0,0,0,0,0,0,0,0,0,0,0,0,16777216,0,0,0,0,0,16842752,16777216,0,0,0,0,17372165,100665620,33751040,,13,13,
FXLH,R118,FTPZF00CP3J9,,R118-P2_P21ISWI-ECORELNB,,FXLH_F05-4FT-02_2_GATEKEEPER,FAIL,09-27-18:15:52,53.78,V1.1.3.2,Check_All_CB,FTPZF00CP3J9,Atlas 1.9.2,FTPZF00CP3J9,V1.1.3.2,1,3,0,0,0,3,0,1,1,3,0,0,0,3,0,0,0,3,0,0,0,2,0,6,6,0,0,0,0,3,0,0,0,3,0,0,0,3,0,0,0,15 00 00 00 ,FTPZF00CP3J9,Pass,DLX9382009TN6R522,WMT-J9004C,R118-P2_P21ISWI-ECORELNB_C01351,R118-P2,R118-P2_P21ISWI-ECORELNB,C4P9347000TN34G39,GV293720092P2T02V,FM79344030PN0LH13+V6J,C47935303ZNMW5D2A,13 00 00 00 02 ,13 00 00 00 00,370,0x0172,3,0x03,2,02,1286,0x0506,A0 02 00 0B 00 0B 00 0B ,0,0x00,,0x0D,,0x0D,Pass,02 01 02 11 4A ,02 01 02 11 4A,Read_MLB_Lang :02 01 02 11 4A  ,  Get_KBD_Lang :02 01 02 11 4A,16,0x10,8704,0,0,0,0,0,0,0,0,0,0,0,0,16777216,0,0,0,0,0,16842752,16777216,0,0,0,0,17372165,100665620,33751040,,13,13,
FXLH,R118,FTPZF00QP3J9,,R118-P2_P21ISWI-ECORELNB,,FXLH_F05-4FT-02_2_GATEKEEPER,FAIL,09-27-18:21:19,48.53,V1.1.3.2,Check_All_CB,FTPZF00QP3J9,Atlas 1.9.2,FTPZF00QP3J9,V1.1.3.2,1,3,0,0,0,3,0,0,0,3,0,0,0,3,0,0,0,3,0,0,0,2,0,3,3,0,0,0,0,3,0,0,0,3,0,0,0,3,0,0,0,15 00 00 00 ,FTPZF00QP3J9,Pass,DLX938200BNN6R521,WMT-J9004C,R118-P2_P21ISWI-ECORELNB_C01364,R118-P2,R118-P2_P21ISWI-ECORELNB,C4P9347000VN34G37,GV29372007AP2T02T,FM7934402YTN0LH16+V6J,C47935304EQMW5D2W,13 00 00 00 02 ,13 00 00 00 00,370,0x0172,3,0x03,2,02,1286,0x0506,A0 02 00 0B 00 0B 00 0B ,0,0x00,,0x0D,,0x0D,Pass,02 01 02 11 4A ,02 01 02 11 4A,Read_MLB_Lang :02 01 02 11 4A  ,  Get_KBD_Lang :02 01 02 11 4A,16,0x10,8704,0,0,0,0,0,0,0,0,0,0,0,0,16777216,0,0,0,0,0,16842752,16777216,0,0,0,0,17372165,100665620,33751040,,13,13,
