GATEKEEPER,V1.1.3.2
Site, Product, SerialNumber, Special Build Name, Special Build Description, Unit Number, Station ID, Test Pass/Fail Status, StartTime, EndTime, Version, List of Failing Tests,Scan_FG_SN,Start Data Reporting,Start Data Reporting,Start Data Reporting,Start Data Reporting,Check_All_CB - CB_STATUS_MLB-FCT,Check_All_CB - ABS_ERASE_MLB-FCT,Check_All_CB - ABS_FAIL_MLB-FCT,Check_All_CB - REL_FAIL_MLB-FCT,Check_All_CB - CB_STATUS_TEST1,Check_All_CB - ABS_ERASE_TEST1,Check_All_CB - ABS_FAIL_TEST1,Check_All_CB - REL_FAIL_TEST1,Check_All_CB - CB_STATUS_QT0,Check_All_CB - ABS_ERASE_QT0,Check_All_CB - ABS_FAIL_QT0,Check_All_CB - REL_FAIL_QT0,Check_All_CB - CB_STATUS_DFU2-FTW,Check_All_CB - ABS_ERASE_DFU2-FTW,Check_All_CB - ABS_FAIL_DFU2-FTW,Check_All_CB - REL_FAIL_DFU2-FTW,Check_All_CB - CB_STATUS_QT1,Check_All_CB - ABS_ERASE_QT1,Check_All_CB - ABS_FAIL_QT1,Check_All_CB - REL_FAIL_QT1,Check_All_CB - CB_STATUS_LED-TEST,Check_All_CB - ABS_ERASE_LED-TEST,Check_All_CB - ABS_FAIL_LED-TEST,Check_All_CB - REL_FAIL_LED-TEST,Check_All_CB - CB_STATUS_KEY-FORCE,Check_All_CB - ABS_ERASE_KEY-FORCE,Check_All_CB - ABS_FAIL_KEY-FORCE,Check_All_CB - REL_FAIL_KEY-FORCE,Check_All_CB - CB_STATUS_TEST2,Check_All_CB - ABS_ERASE_TEST2,Check_All_CB - ABS_FAIL_TEST2,Check_All_CB - REL_FAIL_TEST2,Check_All_CB - CB_STATUS_MMI,Check_All_CB - ABS_ERASE_MMI,Check_All_CB - ABS_FAIL_MMI,Check_All_CB - REL_FAIL_MMI,Check_All_CB - CB_STATUS_SW-DOWNLOAD,Check_All_CB - ABS_ERASE_SW-DOWNLOAD,Check_All_CB - ABS_FAIL_SW-DOWNLOAD,Check_All_CB - REL_FAIL_SW-DOWNLOAD,Check_Bootargs_Status,Read_FG_SN,Compare_FG_SN,MLB_SN,WO_SN,UNIT_LBL,BUILD_EVENT,S_BUILD,KBM_SN,BACKLIGHT_SN,TRACKPAD_SN,TOUCH_FLEX_SN,Check_EP_Status,EP_Enable_All,STFW - STFW,STFW,Read_HW_Version - Read_HW_Version,Read_HW_Version,GreenPAK_ID - GreenPAK_ID,GreenPAK_ID,TOUCH_FW - TOUCH_FW,TOUCH_FW,Read_CCG3_FW,Production_Signed_Check - Production_Signed_Check,Production_Signed_Check,Read_KBD_HW_Layout - Read_KBD_HW_Layout,Read_KBD_HW_Layout,Get_KBD_HW_Layout - Read_KBD_HW_Layout,Get_KBD_HW_Layout,Compare_KBD_HW_Layout,Read_MLB_Lang,Get_KBD_Lang,Check_KBD_Lang,Read_MFI_Address - Read_MFI_Address,Read_MFI_Address,System_Critical_Errors - CRIT_ERR_E1_PART1,System_Critical_Errors - CRIT_ERR_E1_PART2,FW_Update_Critical_Errors - CRIT_ERR_E2_PART1,FW_Update_Critical_Errors - CRIT_ERR_E2_PART2,FW_Update_Critical_Errors - CRIT_ERR_E2_PART3,Key_Scan_Critical_Errors - CRIT_ERR_E7_PART1,Key_Scan_Critical_Errors - CRIT_ERR_E7_PART2,Key_Scan_Critical_Errors - CRIT_ERR_E7_PART3,Key_Scan_Critical_Errors - CRIT_ERR_E7_PART4,USBC_Critical_Errors - CRIT_ERR_E3_PART1,USBC_Critical_Errors - CRIT_ERR_E3_PART2,USBC_Critical_Errors - CRIT_ERR_E3_PART3,USBC_Critical_Errors - CRIT_ERR_E3_PART4,Grape_Critical_Errors - CRIT_ERR_E5_PART1,Grape_Critical_Errors - CRIT_ERR_E5_PART2,Grape_Critical_Errors - CRIT_ERR_E5_PART3,Grape_Critical_Errors - CRIT_ERR_E5_PART4,Grape_Critical_Errors - CRIT_ERR_E5_PART5,Grape_Critical_Errors - CRIT_ERR_E5_PART6,Grape_Critical_Errors - CRIT_ERR_E5_PART7,Grape_Critical_Errors - CRIT_ERR_E5_PART8,Grape_Critical_Errors - CRIT_ERR_E5_PART9,Grape_Critical_Errors - CRIT_ERR_E5_PART10,Critical_Errors_Summary - CRIT_ERR_E0_PART1,Backlight_Critical_Errors - BL_CRI_ERR_PART1,Grape_Connector_Self_Critical_Errors - CRIT_ERR_D3_PART1,Grape_Connector_Self_Critical_Errors - CRIT_ERR_D3_PART2,Grape_Connector_Self_Critical_Errors - CRIT_ERR_D3_PART3,
Upper Limited-------->,,,,,,,,,,,,,,,,,3,,,,3,,,,3,,,,3,,,,3,,,,3,,,,3,,,,3,,,,3,,,,3,,,,,,,,,,,,,,,,,,370,,3,,2,,1286,,,0,,13,,13,,,,,,16,,,,,,,,,,,,,,,,,,,,,,,,,,,,,,
Lower Limited-------->,,,,,,,,,,,,,,,,,3,,,,3,,,,3,,,,3,,,,3,,,,3,,,,3,,,,3,,,,3,,,,3,,,,,,,,,,,,,,,,,,370,,3,,2,,1286,,,0,,13,,13,,,,,,16,,,,,,,,,,,,,,,,,,,,,,,,,,,,,,
Measurement Units---->,,,,,,,,,,,,,,,,,,,,,,,,,,,,,,,,,,,,,,,,,,,,,,,,,,,,,,,,,,,,,,,,,,,,,,,,,,,,,,,,,,,,,,,,,,,,,,,,,,,,,,,,,,,,,,,,,,,,,,,,
FXLH,R118,FTPZF014P3HT,,R118-P2_P21IAR-R4,,FXLH_F05-4FT-02_2_GATEKEEPER,FAIL,10-08-09:24:08,248.49,V1.1.3.2,Check_All_CB,FTPZF014P3HT,Atlas 1.9.2,FTPZF014P3HT,V1.1.3.2,1,3,0,0,0,3,0,0,0,3,0,0,0,3,0,0,0,3,0,0,0,2,0,9,9,0,0,0,0,3,0,0,0,3,0,6,6,3,0,2,2,15 00 00 00 ,FTPZF014P3HT,Pass,DLX937600PEN6R526,WCT-J90049,R118-P2_P21IAR-R4_C01308,R118-P2,R118-P2_P21IAR-R4,C4P93750020JCPY3M,GV293670006P2T02G,FM7934401U5N0LH17+V1J,CR1935600WDMW5D18,13 00 00 00 02 ,13 00 00 00 00,370,0x0172,3,0x03,2,02,1286,0x0506,A0 02 00 0B 00 0B 00 0B ,0,0x00,13,0x0D,13,0x0D,Pass,02 01 02 13 4A ,02 01 02 13 4A,Read_MLB_Lang :02 01 02 13 4A  ,  Get_KBD_Lang :02 01 02 13 4A,16,0x10,8704,0,0,0,0,0,0,0,0,0,0,0,0,16777216,0,0,0,0,0,16842752,16777216,0,0,0,0,17372165,100665620,33751040,
