GATEKEEPER,V1.1.3.2
Site, Product, SerialNumber, Special Build Name, Special Build Description, Unit Number, Station ID, Test Pass/Fail Status, StartTime, EndTime, Version, List of Failing Tests,Scan_FG_SN,Start Data Reporting,Start Data Reporting,Start Data Reporting,Start Data Reporting,Check_All_CB - CB_STATUS_MLB-FCT,Check_All_CB - ABS_ERASE_MLB-FCT,Check_All_CB - ABS_FAIL_MLB-FCT,Check_All_CB - REL_FAIL_MLB-FCT,Check_All_CB - CB_STATUS_TEST1,Check_All_CB - ABS_ERASE_TEST1,Check_All_CB - ABS_FAIL_TEST1,Check_All_CB - REL_FAIL_TEST1,Check_All_CB - CB_STATUS_QT0,Check_All_CB - ABS_ERASE_QT0,Check_All_CB - ABS_FAIL_QT0,Check_All_CB - REL_FAIL_QT0,Check_All_CB - CB_STATUS_DFU2-FTW,Check_All_CB - ABS_ERASE_DFU2-FTW,Check_All_CB - ABS_FAIL_DFU2-FTW,Check_All_CB - REL_FAIL_DFU2-FTW,Check_All_CB - CB_STATUS_QT1,Check_All_CB - ABS_ERASE_QT1,Check_All_CB - ABS_FAIL_QT1,Check_All_CB - REL_FAIL_QT1,Check_All_CB - CB_STATUS_LED-TEST,Check_All_CB - ABS_ERASE_LED-TEST,Check_All_CB - ABS_FAIL_LED-TEST,Check_All_CB - REL_FAIL_LED-TEST,Check_All_CB - CB_STATUS_KEY-FORCE,Check_All_CB - ABS_ERASE_KEY-FORCE,Check_All_CB - ABS_FAIL_KEY-FORCE,Check_All_CB - REL_FAIL_KEY-FORCE,Check_All_CB - CB_STATUS_TEST2,Check_All_CB - ABS_ERASE_TEST2,Check_All_CB - ABS_FAIL_TEST2,Check_All_CB - REL_FAIL_TEST2,Check_All_CB - CB_STATUS_MMI,Check_All_CB - ABS_ERASE_MMI,Check_All_CB - ABS_FAIL_MMI,Check_All_CB - REL_FAIL_MMI,Check_All_CB - CB_STATUS_SW-DOWNLOAD,Check_All_CB - ABS_ERASE_SW-DOWNLOAD,Check_All_CB - ABS_FAIL_SW-DOWNLOAD,Check_All_CB - REL_FAIL_SW-DOWNLOAD,Check_Bootargs_Status,Read_FG_SN,Compare_FG_SN,MLB_SN,WO_SN,UNIT_LBL,BUILD_EVENT,S_BUILD,KBM_SN,BACKLIGHT_SN,TRACKPAD_SN,TOUCH_FLEX_SN,Check_EP_Status,EP_Enable_All,STFW - STFW,STFW,Read_HW_Version - Read_HW_Version,Read_HW_Version,GreenPAK_ID - GreenPAK_ID,GreenPAK_ID,TOUCH_FW - TOUCH_FW,TOUCH_FW,Read_CCG3_FW,Production_Signed_Check - Production_Signed_Check,Production_Signed_Check,Read_KBD_HW_Layout - Read_KBD_HW_Layout,Read_KBD_HW_Layout,Get_KBD_HW_Layout - Read_KBD_HW_Layout,Get_KBD_HW_Layout,Compare_KBD_HW_Layout,Read_MLB_Lang,Get_KBD_Lang,Check_KBD_Lang,Read_MFI_Address - Read_MFI_Address,Read_MFI_Address,System_Critical_Errors - CRIT_ERR_E1_PART1,System_Critical_Errors - CRIT_ERR_E1_PART2,FW_Update_Critical_Errors - CRIT_ERR_E2_PART1,FW_Update_Critical_Errors - CRIT_ERR_E2_PART2,FW_Update_Critical_Errors - CRIT_ERR_E2_PART3,Key_Scan_Critical_Errors - CRIT_ERR_E7_PART1,Key_Scan_Critical_Errors - CRIT_ERR_E7_PART2,Key_Scan_Critical_Errors - CRIT_ERR_E7_PART3,Key_Scan_Critical_Errors - CRIT_ERR_E7_PART4,USBC_Critical_Errors - CRIT_ERR_E3_PART1,USBC_Critical_Errors - CRIT_ERR_E3_PART2,USBC_Critical_Errors - CRIT_ERR_E3_PART3,USBC_Critical_Errors - CRIT_ERR_E3_PART4,Grape_Critical_Errors - CRIT_ERR_E5_PART1,Grape_Critical_Errors - CRIT_ERR_E5_PART2,Grape_Critical_Errors - CRIT_ERR_E5_PART3,Grape_Critical_Errors - CRIT_ERR_E5_PART4,Grape_Critical_Errors - CRIT_ERR_E5_PART5,Grape_Critical_Errors - CRIT_ERR_E5_PART6,Grape_Critical_Errors - CRIT_ERR_E5_PART7,Grape_Critical_Errors - CRIT_ERR_E5_PART8,Grape_Critical_Errors - CRIT_ERR_E5_PART9,Grape_Critical_Errors - CRIT_ERR_E5_PART10,Critical_Errors_Summary - CRIT_ERR_E0_PART1,Backlight_Critical_Errors - BL_CRI_ERR_PART1,Grape_Connector_Self_Critical_Errors - CRIT_ERR_D3_PART1,Grape_Connector_Self_Critical_Errors - CRIT_ERR_D3_PART2,Grape_Connector_Self_Critical_Errors - CRIT_ERR_D3_PART3,+,Read_KBD_HW_Layout - Read_KBD_HW_Layout,Get_KBD_HW_Layout - Read_KBD_HW_Layout,+,Read_KBD_HW_Layout - Read_KBD_HW_Layout,Get_KBD_HW_Layout - Read_KBD_HW_Layout,
Upper Limited-------->,,,,,,,,,,,,,,,,,3,,,,3,,,,3,,,,3,,,,3,,,,3,,,,3,,,,3,,,,3,,,,3,,,,,,,,,,,,,,,,,,370,,3,,2,,1286,,,0,,33,,33,,,,,,16,,,,,,,,,,,,,,,,,,,,,,,,,,,,,,,13,13,,15,15,
Lower Limited-------->,,,,,,,,,,,,,,,,,3,,,,3,,,,3,,,,3,,,,3,,,,3,,,,3,,,,3,,,,3,,,,3,,,,,,,,,,,,,,,,,,370,,3,,2,,1286,,,0,,33,,33,,,,,,16,,,,,,,,,,,,,,,,,,,,,,,,,,,,,,,13,13,,15,15,
Measurement Units---->,,,,,,,,,,,,,,,,,,,,,,,,,,,,,,,,,,,,,,,,,,,,,,,,,,,,,,,,,,,,,,,,,,,,,,,,,,,,,,,,,,,,,,,,,,,,,,,,,,,,,,,,,,,,,,,,,,,,,,,,,,,,,,
FXLH,R118,FTPZF061P3HW,,R118-P2_P21ACH-CPK,,FXLH_F05-4FT-02_2_GATEKEEPER,FAIL,10-10-13:38:27,71.64,V1.1.3.2,Check_All_CB,FTPZF061P3HW,Atlas 1.9.2,FTPZF061P3HW,V1.1.3.2,1,3,0,0,0,3,0,0,0,3,0,0,0,3,0,0,0,3,0,0,0,2,0,3,3,0,0,0,0,3,0,0,0,3,0,0,0,3,0,0,0,15 00 00 00 ,FTPZF061P3HW,Pass,DLX9382000CN6R52A,WMT-J90021,R118-P2_P21ACH-CPK_C00991,R118-P2,R118-P2_P21ACH-CPK,C4P93220047JCPT3X,GV29367002GN3LN21,FM7934401J3N0LH15+V1J,C47935302RSMW5D2X,13 00 00 00 02 ,13 00 00 00 00,370,0x0172,3,0x03,2,02,1286,0x0506,A0 02 00 0B 00 0B 00 0B ,0,0x00,33,0x21,33,0x21,Pass,02 01 01 0B 49 16 16 ,02 01 01 0B 49 16 16,Read_MLB_Lang :02 01 01 0B 49 16 16  ,  Get_KBD_Lang :02 01 01 0B 49 16 16,16,0x10,8704,0,0,0,0,0,0,0,0,0,0,0,0,16777216,0,0,0,0,0,16842752,16777216,0,0,0,0,17372165,100665620,33751040,,,,,,,
FXLH,R118,FTPZF062P3HW,,R118-P2_P21ACH-CPK,,FXLH_F05-4FT-02_2_GATEKEEPER,FAIL,10-10-13:40:11,49.63,V1.1.3.2,Check_All_CB,FTPZF062P3HW,Atlas 1.9.2,FTPZF062P3HW,V1.1.3.2,1,3,0,0,0,3,0,0,0,3,0,0,0,3,0,0,0,3,0,0,0,2,0,3,3,0,0,0,0,3,0,0,0,3,0,0,0,3,0,0,0,15 00 00 00 ,FTPZF062P3HW,Pass,DLX93820061N6R523,WMT-J90021,R118-P2_P21ACH-CPK_C00990,R118-P2,R118-P2_P21ACH-CPK,C4P9322000GJCPT30,GV293670027N3LN2A,FM7934401MKN0LH1E+V1J,C47935301CUMW5D21,13 00 00 00 02 ,13 00 00 00 00,370,0x0172,3,0x03,2,02,1286,0x0506,A0 02 00 0B 00 0B 00 0B ,0,0x00,33,0x21,33,0x21,Pass,02 01 01 0B 49 16 16 ,02 01 01 0B 49 16 16,Read_MLB_Lang :02 01 01 0B 49 16 16  ,  Get_KBD_Lang :02 01 01 0B 49 16 16,16,0x10,8704,0,0,0,0,0,0,0,0,0,0,0,0,16777216,0,0,0,0,0,16842752,16777216,0,0,0,0,17372165,100665620,33751040,,,,,,,
FXLH,R118,FTPZF06EP3HW,,R118-P2_P21ACH-CPK,,FXLH_F05-4FT-02_2_GATEKEEPER,FAIL,10-10-13:42:13,1350.62,V1.1.3.2,Check_All_CB,FTPZF06EP3HW,Atlas 1.9.2,FTPZF06EP3HW,V1.1.3.2,1,3,0,0,0,3,0,0,0,3,0,1,1,3,0,0,0,3,0,1,1,2,0,3,3,0,0,0,0,3,0,0,0,3,0,0,0,3,0,0,0,15 00 00 00 ,FTPZF06EP3HW,Pass,DLX9382000YN6R52Q,WMT-J90021,R118-P2_P21ACH-CPK_C00998,R118-P2,R118-P2_P21ACH-CPK,C4P9322000MJCPT3V,GV29367002CN3LN25,FM7934401AAN0LH1N+V1J,C47935301AQMW5D2B,13 00 00 00 02 ,13 00 00 00 00,370,0x0172,3,0x03,2,02,1286,0x0506,A0 02 00 0B 00 0B 00 0B ,0,0x00,33,0x21,33,0x21,Pass,02 01 01 0B 49 16 16 ,02 01 01 0B 49 16 16,Read_MLB_Lang :02 01 01 0B 49 16 16  ,  Get_KBD_Lang :02 01 01 0B 49 16 16,16,0x10,8704,0,0,0,0,0,0,0,0,0,0,0,0,16777216,0,0,0,0,0,16842752,16777216,0,0,0,0,17372165,100665620,33751040,,,,,,,
FXLH,R118,FTPZF063P3HW,,R118-P2_P21ACH-CPK,,FXLH_F05-4FT-02_2_GATEKEEPER,FAIL,10-10-14:06:01,59.42,V1.1.3.2,Check_All_CB,FTPZF063P3HW,Atlas 1.9.2,FTPZF063P3HW,V1.1.3.2,1,3,0,0,0,3,0,0,0,3,0,3,3,3,0,0,0,3,0,0,0,2,0,4,4,0,0,0,0,3,0,0,0,3,0,0,0,3,0,0,0,15 00 00 00 ,FTPZF063P3HW,Pass,DLX93820063N6R521,WMT-J90021,R118-P2_P21ACH-CPK_C00989,R118-P2,R118-P2_P21ACH-CPK,C4P9322003KJCPT3N,GV293670023N3LN2E,FM7934401SFN0LH13+V1J,C4793530136MW5D2G,13 00 00 00 02 ,13 00 00 00 00,370,0x0172,3,0x03,2,02,1286,0x0506,A0 02 00 0B 00 0B 00 0B ,0,0x00,33,0x21,33,0x21,Pass,02 01 01 0B 49 16 16 ,02 01 01 0B 49 16 16,Read_MLB_Lang :02 01 01 0B 49 16 16  ,  Get_KBD_Lang :02 01 01 0B 49 16 16,16,0x10,8704,0,0,0,0,0,0,0,0,0,0,0,0,16777216,0,0,0,0,0,16842752,16777216,0,0,0,0,17372165,100665620,33751040,,,,,,,
FXLH,R118,FTPZF05ZP3HW,,R118-P2_P21ACH-CPK,,FXLH_F05-4FT-02_2_GATEKEEPER,FAIL,10-10-14:08:23,63.25,V1.1.3.2,Check_All_CB,FTPZF05ZP3HW,Atlas 1.9.2,FTPZF05ZP3HW,V1.1.3.2,1,3,0,0,0,3,0,0,0,3,0,0,0,3,0,0,0,3,0,1,1,2,0,3,3,0,0,0,0,3,0,0,0,3,0,0,0,3,0,0,0,15 00 00 00 ,FTPZF05ZP3HW,Pass,DLX9382005MN6R52L,WMT-J90021,R118-P2_P21ACH-CPK_C00993,R118-P2,R118-P2_P21ACH-CPK,C4P93220026JCPT34,GV29367001KN3LN21,FM7934401L7N0LH1V+V1J,C47935302Q4MW5D2N,13 00 00 00 02 ,13 00 00 00 00,370,0x0172,3,0x03,2,02,1286,0x0506,A0 02 00 0B 00 0B 00 0B ,0,0x00,33,0x21,33,0x21,Pass,02 01 01 0B 49 16 16 ,02 01 01 0B 49 16 16,Read_MLB_Lang :02 01 01 0B 49 16 16  ,  Get_KBD_Lang :02 01 01 0B 49 16 16,16,0x10,8704,0,0,0,0,0,0,0,0,0,0,0,0,16777216,0,0,0,0,0,16842752,16777216,0,0,0,0,17372165,100665620,33751040,,,,,,,
FXLH,R118,FTPZF05XP3HW,,R118-P2_P21ACH-CPK,,FXLH_F05-4FT-02_2_GATEKEEPER,FAIL,10-10-14:10:33,52.51,V1.1.3.2,Check_All_CB,FTPZF05XP3HW,Atlas 1.9.2,FTPZF05XP3HW,V1.1.3.2,1,3,0,0,0,3,0,0,0,3,0,2,2,3,0,0,0,3,0,1,1,2,0,3,3,0,0,0,0,3,0,0,0,3,0,0,0,3,0,0,0,15 00 00 00 ,FTPZF05XP3HW,Pass,DLX9382001KN6R520,WMT-J90021,R118-P2_P21ACH-CPK_C01002,R118-P2,R118-P2_P21ACH-CPK,C4P9322001SJCPT3M,GV29367001JN3LN22,FM7934401GDN0LH11+V1J,C4793530484MW5D20,13 00 00 00 02 ,13 00 00 00 00,370,0x0172,3,0x03,2,02,1286,0x0506,A0 02 00 0B 00 0B 00 0B ,0,0x00,33,0x21,33,0x21,Pass,02 01 01 0B 49 16 16 ,02 01 01 0B 49 16 16,Read_MLB_Lang :02 01 01 0B 49 16 16  ,  Get_KBD_Lang :02 01 01 0B 49 16 16,16,0x10,8704,0,0,0,0,0,0,0,0,0,0,0,0,16777216,0,0,0,0,0,16842752,16777216,0,0,0,0,17372165,100665620,33751040,,,,,,,
FXLH,R118,FTPZF06MP3HW,,R118-P2_P21ACH-CPK,,FXLH_F05-4FT-02_2_GATEKEEPER,FAIL,10-10-14:14:04,43.43,V1.1.3.2,Check_All_CB,FTPZF06MP3HW,Atlas 1.9.2,FTPZF06MP3HW,V1.1.3.2,1,3,0,0,0,3,0,0,0,3,0,0,0,3,0,0,0,3,0,2,2,2,0,3,3,0,0,0,0,3,0,0,0,3,0,0,0,3,0,0,0,15 00 00 00 ,FTPZF06MP3HW,Pass,DLX93820056N6R521,WMT-J90021,R118-P2_P21ACH-CPK_C01012,R118-P2,R118-P2_P21ACH-CPK,C4P9322001DJCPT30,GV29367001HN3LN23,FM7934401JRN0LH1H+V1J,C47935301AUMW5D27,13 00 00 00 02 ,13 00 00 00 00,370,0x0172,3,0x03,2,02,1286,0x0506,A0 02 00 0B 00 0B 00 0B ,0,0x00,33,0x21,33,0x21,Pass,02 01 01 0B 49 16 16 ,02 01 01 0B 49 16 16,Read_MLB_Lang :02 01 01 0B 49 16 16  ,  Get_KBD_Lang :02 01 01 0B 49 16 16,16,0x10,8704,0,0,0,0,0,0,0,0,0,0,0,0,16777216,0,0,0,0,0,16842752,16777216,0,0,0,0,17372165,100665620,33751040,,,,,,,
FXLH,R118,FTPZF06JP3HW,,R118-P2_P21ACH-CPK,,FXLH_F05-4FT-02_2_GATEKEEPER,FAIL,10-10-14:15:25,53.34,V1.1.3.2,Check_All_CB,FTPZF06JP3HW,Atlas 1.9.2,FTPZF06JP3HW,V1.1.3.2,1,3,0,0,0,3,0,0,0,3,0,0,0,3,0,0,0,3,0,2,2,2,0,3,3,0,0,0,0,3,0,0,0,3,0,0,0,3,0,0,0,15 00 00 00 ,FTPZF06JP3HW,Pass,DLX9382001PN6R52W,WMT-J90021,R118-P2_P21ACH-CPK_C01014,R118-P2,R118-P2_P21ACH-CPK,C4P93220037JCPT30,GV29367002EN3LN23,FM7934401L9N0LH1T+V1J,C47935303NYMW5D2Z,13 00 00 00 02 ,13 00 00 00 00,370,0x0172,3,0x03,2,02,1286,0x0506,A0 02 00 0B 00 0B 00 0B ,0,0x00,33,0x21,33,0x21,Pass,02 01 01 0B 49 16 16 ,02 01 01 0B 49 16 16,Read_MLB_Lang :02 01 01 0B 49 16 16  ,  Get_KBD_Lang :02 01 01 0B 49 16 16,16,0x10,8704,0,0,0,0,0,0,0,0,0,0,0,0,16777216,0,0,0,0,0,16842752,16777216,0,0,0,0,17372165,100665620,33751040,,,,,,,
FXLH,R118,FTPZF06GP3HW,,R118-P2_P21ACH-CPK,,FXLH_F05-4FT-02_2_GATEKEEPER,FAIL,10-10-14:18:19,62.47,V1.1.3.2,Check_All_CB,FTPZF06GP3HW,Atlas 1.9.2,FTPZF06GP3HW,V1.1.3.2,1,3,0,0,0,3,0,0,0,3,0,0,0,3,0,0,0,3,0,1,1,2,0,3,3,0,0,0,0,3,0,0,0,3,0,0,0,3,0,0,0,15 00 00 00 ,FTPZF06GP3HW,Pass,DLX9382000ZN6R52P,WMT-J90021,R118-P2_P21ACH-CPK_C00999,R118-P2,R118-P2_P21ACH-CPK,C4P93220039JCPT3Y,GV29367001SN3LN2U,FM7934401N4N0LH1S+V1J,C47935300A4MW5D2Y,13 00 00 00 02 ,13 00 00 00 00,370,0x0172,3,0x03,2,02,1286,0x0506,A0 02 00 0B 00 0B 00 0B ,0,0x00,33,0x21,33,0x21,Pass,02 01 01 0B 49 16 16 ,02 01 01 0B 49 16 16,Read_MLB_Lang :02 01 01 0B 49 16 16  ,  Get_KBD_Lang :02 01 01 0B 49 16 16,16,0x10,8704,0,0,0,0,0,0,0,0,0,0,0,0,16777216,0,0,0,0,0,16842752,16777216,0,0,0,0,17372165,100665620,33751040,,,,,,,
FXLH,R118,FTPZF06DP3HW,,R118-P2_P21ACH-CPK,,FXLH_F05-4FT-02_2_GATEKEEPER,FAIL,10-10-14:20:01,49.51,V1.1.3.2,Check_All_CB,FTPZF06DP3HW,Atlas 1.9.2,FTPZF06DP3HW,V1.1.3.2,1,3,0,0,0,3,0,0,0,3,0,0,0,3,0,0,0,3,0,1,1,2,0,3,3,0,0,0,0,3,0,0,0,3,0,0,0,3,0,0,0,15 00 00 00 ,FTPZF06DP3HW,Pass,DLX937500L7N6R52P,WMT-J90021,R118-P2_P21ACH-CPK_C00997,R118-P2,R118-P2_P21ACH-CPK,C4P9322003QJCPT3H,GV29367001UN3LN2S,FM793440172N0LH15+V1J,C47935305C7MW5D2J,13 00 00 00 02 ,13 00 00 00 00,370,0x0172,3,0x03,2,02,1286,0x0506,A0 02 00 0B 00 0B 00 0B ,0,0x00,33,0x21,33,0x21,Pass,02 01 01 0B 49 16 16 ,02 01 01 0B 49 16 16,Read_MLB_Lang :02 01 01 0B 49 16 16  ,  Get_KBD_Lang :02 01 01 0B 49 16 16,16,0x10,8704,0,0,0,0,0,0,0,0,0,0,0,0,16777216,0,0,0,0,0,16842752,16777216,0,0,0,0,17372165,100665620,33751040,,,,,,,
FXLH,R118,FTPZF066P3HW,,R118-P2_P21ACH-CPK,,FXLH_F05-4FT-02_2_GATEKEEPER,FAIL,10-10-14:24:10,47.18,V1.1.3.2,Check_All_CB,FTPZF066P3HW,Atlas 1.9.2,FTPZF066P3HW,V1.1.3.2,1,3,0,0,0,3,0,0,0,3,0,0,0,3,0,0,0,3,0,0,0,2,0,3,3,0,0,0,0,3,0,0,0,3,0,0,0,3,0,0,0,15 00 00 00 ,FTPZF066P3HW,Pass,DLX93820068N6R52W,WMT-J90021,R118-P2_P21ACH-CPK_C00986,R118-P2,R118-P2_P21ACH-CPK,C4P9322002YJCPT3C,GV29367001LN3LN20,FM7934401GBN0LH13+V1J,C47935301AYMW5D23,13 00 00 00 02 ,13 00 00 00 00,370,0x0172,3,0x03,2,02,1286,0x0506,A0 02 00 0B 00 0B 00 0B ,0,0x00,33,0x21,33,0x21,Pass,02 01 01 0B 49 16 16 ,02 01 01 0B 49 16 16,Read_MLB_Lang :02 01 01 0B 49 16 16  ,  Get_KBD_Lang :02 01 01 0B 49 16 16,16,0x10,8704,0,0,0,0,0,0,0,0,0,0,0,0,16777216,0,0,0,0,0,16842752,16777216,0,0,0,0,17372165,100665620,33751040,,,,,,,
FXLH,R118,FTPZF068P3HW,,R118-P2_P21ACH-CPK,,FXLH_F05-4FT-02_2_GATEKEEPER,FAIL,10-10-14:25:33,46.78,V1.1.3.2,Check_All_CB,FTPZF068P3HW,Atlas 1.9.2,FTPZF068P3HW,V1.1.3.2,1,3,0,0,0,3,0,0,0,3,0,3,3,3,0,0,0,3,0,3,3,2,0,3,3,0,0,0,0,3,0,0,0,3,0,0,0,3,0,1,1,15 00 00 00 ,FTPZF068P3HW,Pass,DLX9382000BN6R52B,WMT-J90021,R118-P2_P21ACH-CPK_C01003,R118-P2,R118-P2_P21ACH-CPK,C4P9322000FJCPT31,GV29367001GN3LN24,FM7934401GRN0LH1P+V1J,C47935300PSMW5D25,13 00 00 00 02 ,13 00 00 00 00,370,0x0172,3,0x03,2,02,1286,0x0506,A0 02 00 0B 00 0B 00 0B ,0,0x00,33,0x21,33,0x21,Pass,02 01 01 0B 49 16 16 ,02 01 01 0B 49 16 16,Read_MLB_Lang :02 01 01 0B 49 16 16  ,  Get_KBD_Lang :02 01 01 0B 49 16 16,16,0x10,8704,0,0,0,0,0,0,0,0,0,0,0,0,16777216,0,0,0,0,0,16842752,16777216,0,0,0,0,17372165,100665620,33751040,,,,,,,
FXLH,R118,FTPZF060P3HW,,R118-P2_P21ACH-CPK,,FXLH_F05-4FT-02_2_GATEKEEPER,FAIL,10-10-14:28:03,56.75,V1.1.3.2,Check_All_CB,FTPZF060P3HW,Atlas 1.9.2,FTPZF060P3HW,V1.1.3.2,1,3,0,0,0,3,0,0,0,3,0,0,0,3,0,0,0,3,0,0,0,2,0,3,3,0,0,0,0,3,0,0,0,3,0,0,0,3,0,0,0,15 00 00 00 ,FTPZF060P3HW,Pass,DLX93820065N6R52Z,WMT-J90021,R118-P2_P21ACH-CPK_C00992,R118-P2,R118-P2_P21ACH-CPK,C4P9322000EJCPT32,GV29367002BN3LN26,FM7934401J0N0LH18+V1J,C479353048XMW5D27,13 00 00 00 02 ,13 00 00 00 00,370,0x0172,3,0x03,2,02,1286,0x0506,A0 02 00 0B 00 0B 00 0B ,0,0x00,33,0x21,33,0x21,Pass,02 01 01 0B 49 16 16 ,02 01 01 0B 49 16 16,Read_MLB_Lang :02 01 01 0B 49 16 16  ,  Get_KBD_Lang :02 01 01 0B 49 16 16,16,0x10,8704,0,0,0,0,0,0,0,0,0,0,0,0,16777216,0,0,0,0,0,16842752,16777216,0,0,0,0,17372165,100665620,33751040,,,,,,,
FXLH,R118,FTPZF06KP3HW,,R118-P2_P21ACH-CPK,,FXLH_F05-4FT-02_2_GATEKEEPER,FAIL,10-10-14:31:51,43.53,V1.1.3.2,Check_All_CB,FTPZF06KP3HW,Atlas 1.9.2,FTPZF06KP3HW,V1.1.3.2,1,3,0,0,0,3,0,0,0,3,0,0,0,3,0,0,0,3,0,0,0,2,0,3,3,0,0,0,0,3,0,0,0,3,0,0,0,3,0,0,0,15 00 00 00 ,FTPZF06KP3HW,Pass,DLX937600UMN6R52J,WMT-J90021,R118-P2_P21ACH-CPK_C01006,R118-P2,R118-P2_P21ACH-CPK,C4P9322004WJCPT38,GV293670021N3LN2G,FM7934401A5N0LH1T+V1J,C47935302R2MW5D2M,13 00 00 00 02 ,13 00 00 00 00,370,0x0172,3,0x03,2,02,1286,0x0506,A0 02 00 0B 00 0B 00 0B ,0,0x00,33,0x21,33,0x21,Pass,02 01 01 0B 49 16 16 ,02 01 01 0B 49 16 16,Read_MLB_Lang :02 01 01 0B 49 16 16  ,  Get_KBD_Lang :02 01 01 0B 49 16 16,16,0x10,8704,0,0,0,0,0,0,0,0,0,0,0,0,16777216,0,0,0,0,0,16842752,16777216,0,0,0,0,17372165,100665620,33751040,,,,,,,
FXLH,R118,FTPZF00VP3HT,,R118-P2_P21IAR-R4,,FXLH_F05-4FT-02_2_GATEKEEPER,FAIL,10-10-15:03:37,77.11,V1.1.3.2,Check_All_CB,FTPZF00VP3HT,Atlas 1.9.2,FTPZF00VP3HT,V1.1.3.2,1,3,0,0,0,3,0,0,0,3,0,1,1,3,0,0,0,3,0,18,18,2,0,25,25,0,0,0,0,3,0,0,0,3,0,9,9,3,0,1,1,15 00 00 00 ,FTPZF00VP3HT,Pass,DLX9375005MN6R52L,WCT-J90049,R118-P2_P21IAR-R4_C01299,R118-P2,R118-P2_P21IAR-R4,C4P93750008JCPY3K,GV29367000VP2T02T,FM7934401RRN0LH1W+V1J,CR1935600WLMW5D11,13 00 00 00 02 ,13 00 00 00 00,370,0x0172,3,0x03,2,02,1286,0x0506,A0 02 00 0B 00 0B 00 0B ,0,0x00,,0x0D,,0x0D,Pass,02 01 02 13 4A ,02 01 02 13 4A,Read_MLB_Lang :02 01 02 13 4A  ,  Get_KBD_Lang :02 01 02 13 4A,16,0x10,8704,0,0,0,0,0,0,0,0,0,0,0,0,16777216,0,0,0,0,0,16842752,16777216,0,0,0,0,17372165,100665620,33751040,,13,13,,,,
FXLH,R118,FTPZD05RP3HR,,R118-P2_P21AEN-NB,,FXLH_F05-4FT-02_2_GATEKEEPER,FAIL,10-10-17:39:44,39.98,V1.1.3.2,Check_All_CB,FTPZD05RP3HR,Atlas 1.9.2,FTPZD05RP3HR,V1.1.3.2,1,3,0,0,0,3,0,0,0,3,0,1,1,3,0,0,0,3,0,1,1,3,0,0,0,0,0,0,0,3,0,0,0,3,0,2,2,3,0,0,0,15 00 00 00 ,FTPZD05RP3HR,Pass,DLX9375005KN6R52N,WMT-J90015,R118-P2_P21AEN-NB_C00605,R118-P2,R118-P2_P21AEN-NB,C4P932200BXJCPP3Q,GV29364009SN3LN27,FM7934401E2N0LH1J+V1J,C479353080YMW5D2S,13 00 00 00 02 ,13 00 00 00 00,370,0x0172,3,0x03,2,02,1286,0x0506,A0 02 00 0B 00 0B 00 0B ,0,0x00,33,0x21,33,0x21,Pass,02 01 01 05 49 ,02 01 01 05 49,Read_MLB_Lang :02 01 01 05 49  ,  Get_KBD_Lang :02 01 01 05 49,16,0x10,8704,0,0,0,0,0,0,0,0,0,0,0,0,16777216,0,0,0,0,0,16842752,16777216,0,0,0,0,17372165,100665620,33751040,,,,,,,
FXLH,R118,FTPZJ033P3HR,,R118-POST P2_P21AEN-D11,,FXLH_F05-4FT-02_2_GATEKEEPER,FAIL,10-10-18:25:51,41.68,V1.1.3.2,Check_All_CB,FTPZJ033P3HR,Atlas 1.9.2,FTPZJ033P3HR,V1.1.3.2,1,3,0,0,0,3,0,0,0,3,0,0,0,3,0,0,0,3,0,0,0,2,0,3,3,0,0,0,0,3,0,0,0,3,0,0,0,3,0,0,0,15 00 00 00 ,FTPZJ033P3HR,Pass,DLX93940038N6R520,WMT-JA0008,R118-POST P2_P21AEN-D11_C01631,R118-POST P2,R118-POST P2_P21AEN-D11,C4P9322004MJCPP3M,GV29375000LN3LN22,FM7934402UTN0LH1J+V6J,CR1935600JYMW5D1R,13 00 00 00 02 ,13 00 00 00 00,370,0x0172,3,0x03,2,02,1286,0x0506,A0 02 00 0B 00 0B 00 0B ,0,0x00,33,0x21,33,0x21,Pass,02 01 01 05 49 ,02 01 01 05 49,Read_MLB_Lang :02 01 01 05 49  ,  Get_KBD_Lang :02 01 01 05 49,16,0x10,8704,0,0,0,0,0,0,0,0,0,0,0,0,16777216,0,0,0,0,0,16842752,16777216,0,0,0,0,17372165,100665620,33751040,,,,,,,
FXLH,R118,FTPZJ03CP3HR,,R118-POST P2_P21AEN-D11,,FXLH_F05-4FT-02_2_GATEKEEPER,FAIL,10-10-18:46:45,57.14,V1.1.3.2,Check_All_CB,FTPZJ03CP3HR,Atlas 1.9.2,FTPZJ03CP3HR,V1.1.3.2,1,3,0,0,0,3,0,0,0,3,0,0,0,3,0,0,0,3,0,0,0,2,0,3,3,0,0,0,0,3,0,0,0,3,0,0,0,3,0,0,0,15 00 00 00 ,FTPZJ03CP3HR,Pass,DLX93820064N6R520,WMT-JA0008,R118-POST P2_P21AEN-D11_C01620,R118-POST P2,R118-POST P2_P21AEN-D11,C4P932200MBJCPP3E,GV29372006KN3LN2N,FM7934402UVN0LH1G+V6J,CR1935600KMMW5D1Z,13 00 00 00 02 ,13 00 00 00 00,370,0x0172,3,0x03,2,02,1286,0x0506,A0 02 00 0B 00 0B 00 0B ,0,0x00,33,0x21,33,0x21,Pass,02 01 01 05 49 ,02 01 01 05 49,Read_MLB_Lang :02 01 01 05 49  ,  Get_KBD_Lang :02 01 01 05 49,16,0x10,8704,0,0,0,0,0,0,0,0,0,0,0,0,16777216,0,0,0,0,0,16842752,16777216,0,0,0,0,17372165,100665620,33751040,,,,,,,
FXLH,R118,FTPZJ02VP3HR,,R118-POST P2_P21AEN-D11,,FXLH_F05-4FT-02_2_GATEKEEPER,FAIL,10-10-18:51:00,48.32,V1.1.3.2,Check_All_CB,FTPZJ02VP3HR,Atlas 1.9.2,FTPZJ02VP3HR,V1.1.3.2,1,3,0,0,0,3,0,0,0,3,0,0,0,3,0,0,0,3,0,0,0,2,0,3,3,0,0,0,0,3,0,0,0,3,0,1,1,3,0,1,1,15 00 00 00 ,FTPZJ02VP3HR,Pass,DLX9394005FN6R52M,WMT-JA0008,R118-POST P2_P21AEN-D11_C01639,R118-POST P2,R118-POST P2_P21AEN-D11,C4P932200R5JCPP38,GV293750009N3LN2D,FM79344031YN0LH1R+V6J,CR1935600DKMW5D1K,13 00 00 00 02 ,13 00 00 00 00,370,0x0172,3,0x03,2,02,1286,0x0506,A0 02 00 0B 00 0B 00 0B ,0,0x00,33,0x21,33,0x21,Pass,02 01 01 05 49 ,02 01 01 05 49,Read_MLB_Lang :02 01 01 05 49  ,  Get_KBD_Lang :02 01 01 05 49,16,0x10,8704,0,0,0,0,0,0,0,0,0,0,0,0,16777216,0,0,0,0,0,16842752,16777216,0,0,0,0,17372165,100665620,33751040,,,,,,,
FXLH,R118,FTPZF00SP3HT,,R118-P2_P21IAR-R4,,FXLH_F05-4FT-02_2_GATEKEEPER,FAIL,10-11-08:59:56,54.69,V1.1.3.2,Check_All_CB,FTPZF00SP3HT,Atlas 1.9.2,FTPZF00SP3HT,V1.1.3.2,1,3,0,0,0,3,0,0,0,3,0,0,0,3,0,0,0,3,0,0,0,2,0,3,3,0,0,0,0,3,0,0,0,3,0,0,0,3,0,0,0,15 00 00 00 ,FTPZF00SP3HT,Pass,DLX93750065N6R52Z,WMT-J90049,R118-P2_P21IAR-R4_C01296,R118-P2,R118-P2_P21IAR-R4,C4P9375001KJCPY35,GV29367001CP2T027,FM7934401RUN0LH1T+V1J,CR1935601EAMW5D1Q,13 00 00 00 02 ,13 00 00 00 00,370,0x0172,3,0x03,2,02,1286,0x0506,A0 02 00 0B 00 0B 00 0B ,0,0x00,,0x0D,,0x0D,Pass,02 01 02 13 4A ,02 01 02 13 4A,Read_MLB_Lang :02 01 02 13 4A  ,  Get_KBD_Lang :02 01 02 13 4A,16,0x10,8704,0,0,0,0,0,0,0,0,0,0,0,0,16777216,0,0,0,0,0,16842752,16777216,0,0,0,0,17372165,100665620,33751040,,13,13,,,,
FXLH,R118,FTPZG01ZP3J3,,R118-P2_P21J1-D10,,FXLH_F05-4FT-02_2_GATEKEEPER,FAIL,10-11-16:26:06,53.10,V1.1.3.2,Check_All_CB,FTPZG01ZP3J3,Atlas 1.9.2,FTPZG01ZP3J3,V1.1.3.2,1,3,0,0,0,3,0,0,0,3,0,0,0,3,0,0,0,3,0,0,0,2,0,3,3,0,0,0,0,3,0,0,0,3,0,0,0,3,0,0,0,15 00 00 00 ,FTPZG01ZP3J3,Pass,DLX93750053N6R524,WMT-J90055,R118-P2_P21J1-D10_C01580,R118-P2,R118-P2_P21J1-D10,C4P9377004XJCQV3G,GV293720043P2T128,FM79344026BN0LH1Y+V3J,C47935304RMMW5D20,13 00 00 00 02 ,13 00 00 00 00,370,0x0172,3,0x03,2,02,1286,0x0506,A0 02 00 0B 00 0B 00 0B ,0,0x00,,0x0F,,0x0F,Pass,02 01 03 03 4B ,02 01 03 03 4B,Read_MLB_Lang :02 01 03 03 4B  ,  Get_KBD_Lang :02 01 03 03 4B,16,0x10,8704,0,0,0,0,0,0,0,0,0,0,0,0,16777216,0,0,0,0,0,16842752,16777216,0,0,0,0,17372165,100665620,33751040,,,,,15,15,
FXLH,R118,FTPZG00SP3J3,,R118-P2_P21J1,,FXLH_F05-4FT-02_2_GATEKEEPER,FAIL,10-11-18:43:58,54.11,V1.1.3.2,Check_All_CB,FTPZG00SP3J3,Atlas 1.9.2,FTPZG00SP3J3,V1.1.3.2,1,3,0,0,0,3,0,0,0,3,0,0,0,3,0,0,0,2,0,2,2,3,0,0,0,0,0,0,0,3,0,0,0,3,0,0,0,3,0,3,3,15 00 00 00 ,FTPZG00SP3J3,Pass,DLX937500L5N6R52R,WCT-J90051,R118-P2_P21J1_C01421,R118-P2,R118-P2_P21J1,C4P937400EDJCQV37,GV29363001PP2T12Z,FM793830024N0LH18+VCJ,CR1935601DUMW5D19,13 00 00 00 02 ,13 00 00 00 00,370,0x0172,3,0x03,2,02,1286,0x0506,A0 02 00 0B 00 0B 00 0B ,0,0x00,,0x0F,,0x0F,Pass,02 01 03 03 4B ,02 01 03 03 4B,Read_MLB_Lang :02 01 03 03 4B  ,  Get_KBD_Lang :02 01 03 03 4B,16,0x10,8704,0,0,0,0,0,0,0,0,0,0,0,0,16777216,0,0,0,0,0,16842752,16777216,0,0,0,0,17372165,100665620,33751040,,,,,15,15,
