GATEKEEPER,V1.1.3.2
Site, Product, SerialNumber, Special Build Name, Special Build Description, Unit Number, Station ID, Test Pass/Fail Status, StartTime, EndTime, Version, List of Failing Tests,Scan_FG_SN,Start Data Reporting,Start Data Reporting,Start Data Reporting,Start Data Reporting,Check_All_CB - CB_STATUS_MLB-FCT,Check_All_CB - ABS_ERASE_MLB-FCT,Check_All_CB - ABS_FAIL_MLB-FCT,Check_All_CB - REL_FAIL_MLB-FCT,Check_All_CB - CB_STATUS_TEST1,Check_All_CB - ABS_ERASE_TEST1,Check_All_CB - ABS_FAIL_TEST1,Check_All_CB - REL_FAIL_TEST1,Check_All_CB - CB_STATUS_QT0,Check_All_CB - ABS_ERASE_QT0,Check_All_CB - ABS_FAIL_QT0,Check_All_CB - REL_FAIL_QT0,Check_All_CB - CB_STATUS_DFU2-FTW,Check_All_CB - ABS_ERASE_DFU2-FTW,Check_All_CB - ABS_FAIL_DFU2-FTW,Check_All_CB - REL_FAIL_DFU2-FTW,Check_All_CB - CB_STATUS_QT1,Check_All_CB - ABS_ERASE_QT1,Check_All_CB - ABS_FAIL_QT1,Check_All_CB - REL_FAIL_QT1,Check_All_CB - CB_STATUS_LED-TEST,Check_All_CB - ABS_ERASE_LED-TEST,Check_All_CB - ABS_FAIL_LED-TEST,Check_All_CB - REL_FAIL_LED-TEST,Check_All_CB - CB_STATUS_KEY-FORCE,Check_All_CB - ABS_ERASE_KEY-FORCE,Check_All_CB - ABS_FAIL_KEY-FORCE,Check_All_CB - REL_FAIL_KEY-FORCE,Check_All_CB - CB_STATUS_TEST2,Check_All_CB - ABS_ERASE_TEST2,Check_All_CB - ABS_FAIL_TEST2,Check_All_CB - REL_FAIL_TEST2,Check_All_CB - CB_STATUS_MMI,Check_All_CB - ABS_ERASE_MMI,Check_All_CB - ABS_FAIL_MMI,Check_All_CB - REL_FAIL_MMI,Check_All_CB - CB_STATUS_SW-DOWNLOAD,Check_All_CB - ABS_ERASE_SW-DOWNLOAD,Check_All_CB - ABS_FAIL_SW-DOWNLOAD,Check_All_CB - REL_FAIL_SW-DOWNLOAD,Check_Bootargs_Status,Read_FG_SN,Compare_FG_SN,MLB_SN,WO_SN,UNIT_LBL,BUILD_EVENT,S_BUILD,KBM_SN,BACKLIGHT_SN,TRACKPAD_SN,TOUCH_FLEX_SN,Check_EP_Status,EP_Enable_All,STFW - STFW,STFW,Read_HW_Version - Read_HW_Version,Read_HW_Version,GreenPAK_ID - GreenPAK_ID,GreenPAK_ID,TOUCH_FW - TOUCH_FW,TOUCH_FW,Read_CCG3_FW,Production_Signed_Check - Production_Signed_Check,Production_Signed_Check,Read_KBD_HW_Layout - Read_KBD_HW_Layout,Read_KBD_HW_Layout,Get_KBD_HW_Layout - Read_KBD_HW_Layout,Get_KBD_HW_Layout,Compare_KBD_HW_Layout,Read_MLB_Lang,Get_KBD_Lang,Check_KBD_Lang,Read_MFI_Address - Read_MFI_Address,Read_MFI_Address,System_Critical_Errors - CRIT_ERR_E1_PART1,System_Critical_Errors - CRIT_ERR_E1_PART2,FW_Update_Critical_Errors - CRIT_ERR_E2_PART1,FW_Update_Critical_Errors - CRIT_ERR_E2_PART2,FW_Update_Critical_Errors - CRIT_ERR_E2_PART3,Key_Scan_Critical_Errors - CRIT_ERR_E7_PART1,Key_Scan_Critical_Errors - CRIT_ERR_E7_PART2,Key_Scan_Critical_Errors - CRIT_ERR_E7_PART3,Key_Scan_Critical_Errors - CRIT_ERR_E7_PART4,USBC_Critical_Errors - CRIT_ERR_E3_PART1,USBC_Critical_Errors - CRIT_ERR_E3_PART2,USBC_Critical_Errors - CRIT_ERR_E3_PART3,USBC_Critical_Errors - CRIT_ERR_E3_PART4,Grape_Critical_Errors - CRIT_ERR_E5_PART1,Grape_Critical_Errors - CRIT_ERR_E5_PART2,Grape_Critical_Errors - CRIT_ERR_E5_PART3,Grape_Critical_Errors - CRIT_ERR_E5_PART4,Grape_Critical_Errors - CRIT_ERR_E5_PART5,Grape_Critical_Errors - CRIT_ERR_E5_PART6,Grape_Critical_Errors - CRIT_ERR_E5_PART7,Grape_Critical_Errors - CRIT_ERR_E5_PART8,Grape_Critical_Errors - CRIT_ERR_E5_PART9,Grape_Critical_Errors - CRIT_ERR_E5_PART10,Critical_Errors_Summary - CRIT_ERR_E0_PART1,Backlight_Critical_Errors - BL_CRI_ERR_PART1,Grape_Connector_Self_Critical_Errors - CRIT_ERR_D3_PART1,Grape_Connector_Self_Critical_Errors - CRIT_ERR_D3_PART2,Grape_Connector_Self_Critical_Errors - CRIT_ERR_D3_PART3,+,Read_KBD_HW_Layout - Read_KBD_HW_Layout,Get_KBD_HW_Layout - Read_KBD_HW_Layout,
Upper Limited-------->,,,,,,,,,,,,,,,,,3,,,,3,,,,3,,,,3,,,,3,,,,3,,,,3,,,,3,,,,3,,,,3,,,,,,,,,,,,,,,,,,370,,3,,2,,1286,,,0,,33,,33,,,,,,16,,,,,,,,,,,,,,,,,,,,,,,,,,,,,,,15,15,
Lower Limited-------->,,,,,,,,,,,,,,,,,3,,,,3,,,,3,,,,3,,,,3,,,,3,,,,3,,,,3,,,,3,,,,3,,,,,,,,,,,,,,,,,,370,,3,,2,,1286,,,0,,33,,33,,,,,,16,,,,,,,,,,,,,,,,,,,,,,,,,,,,,,,15,15,
Measurement Units---->,,,,,,,,,,,,,,,,,,,,,,,,,,,,,,,,,,,,,,,,,,,,,,,,,,,,,,,,,,,,,,,,,,,,,,,,,,,,,,,,,,,,,,,,,,,,,,,,,,,,,,,,,,,,,,,,,,,,,,,,,,,
FXLH,R118,FTPZJ02RP3HR,,R118-POST P2_P21AEN-D11,,FXLH_F05-4FT-02_2_GATEKEEPER,FAIL,10-12-13:27:23,64.21,V1.1.3.2,Check_All_CB,FTPZJ02RP3HR,Atlas 1.9.2,FTPZJ02RP3HR,V1.1.3.2,1,3,0,0,0,3,0,0,0,3,0,0,0,3,0,0,0,3,0,0,0,2,0,2,2,0,0,0,0,3,0,0,0,3,0,0,0,3,0,0,0,15 00 00 00 ,FTPZJ02RP3HR,Pass,DLX93820073N6R52Y,WMT-JA0008,R118-POST P2_P21AEN-D11_C01643,R118-POST P2,R118-POST P2_P21AEN-D11,C4P932200SHJCPP3T,GV29372006NN3LN2K,FM79344030KN0LH17+V6J,CR1935600HQMW5D12,13 00 00 00 02 ,13 00 00 00 00,370,0x0172,3,0x03,2,02,1286,0x0506,A0 02 00 0B 00 0B 00 0B ,0,0x00,33,0x21,33,0x21,Pass,02 01 01 05 49 ,02 01 01 05 49,Read_MLB_Lang :02 01 01 05 49  ,  Get_KBD_Lang :02 01 01 05 49,16,0x10,8704,0,0,0,0,0,0,0,0,0,0,0,0,16777216,0,0,0,0,0,16842752,16777216,0,0,0,0,17372165,100665620,33751040,,,,
FXLH,R118,FTPZJ038P3HR,,R118-POST P2_P21AEN-D11,,FXLH_F05-4FT-02_2_GATEKEEPER,FAIL,10-12-13:29:48,47.75,V1.1.3.2,Check_All_CB,FTPZJ038P3HR,Atlas 1.9.2,FTPZJ038P3HR,V1.1.3.2,1,3,0,0,0,3,0,0,0,3,0,0,0,3,0,0,0,3,0,0,0,2,0,2,2,0,0,0,0,3,0,0,0,3,0,0,0,3,0,0,0,15 00 00 00 ,FTPZJ038P3HR,Pass,DLX9382009HN6R52C,WMT-JA0008,R118-POST P2_P21AEN-D11_C01624,R118-POST P2,R118-POST P2_P21AEN-D11,C4P9322006XJCPP35,GV293750005N3LN2H,FM79344030CN0LH1E+V6J,C47935304R5MW5D2G,13 00 00 00 02 ,13 00 00 00 00,370,0x0172,3,0x03,2,02,1286,0x0506,A0 02 00 0B 00 0B 00 0B ,0,0x00,33,0x21,33,0x21,Pass,02 01 01 05 49 ,02 01 01 05 49,Read_MLB_Lang :02 01 01 05 49  ,  Get_KBD_Lang :02 01 01 05 49,16,0x10,8704,0,0,0,0,0,0,0,0,0,0,0,0,16777216,0,0,0,0,0,16842752,16777216,0,0,0,0,17372165,100665620,33751040,,,,
FXLH,R118,FTPZJ02NP3HR,,R118-POST P2_P21AEN-D11,,FXLH_F05-4FT-02_2_GATEKEEPER,FAIL,10-12-13:34:49,49.93,V1.1.3.2,Check_All_CB,FTPZJ02NP3HR,Atlas 1.9.2,FTPZJ02NP3HR,V1.1.3.2,1,3,0,0,0,3,0,0,0,3,0,0,0,3,0,0,0,3,0,0,0,2,0,3,3,0,0,0,0,3,0,0,0,3,0,0,0,3,0,0,0,15 00 00 00 ,FTPZJ02NP3HR,Pass,DLX9382009FN6R52E,WMT-JA0008,R118-POST P2_P21AEN-D11_C01646,R118-POST P2,R118-POST P2_P21AEN-D11,C4P932200PFJCPP34,GV29372005TN3LN2H,FM7934402YQN0LH19+V6J,CR1935600M2MW5D1C,13 00 00 00 02 ,13 00 00 00 00,370,0x0172,3,0x03,2,02,1286,0x0506,A0 02 00 0B 00 0B 00 0B ,0,0x00,33,0x21,33,0x21,Pass,02 01 01 05 49 ,02 01 01 05 49,Read_MLB_Lang :02 01 01 05 49  ,  Get_KBD_Lang :02 01 01 05 49,16,0x10,8704,0,0,0,0,0,0,0,0,0,0,0,0,16777216,0,0,0,0,0,16842752,16777216,0,0,0,0,17372165,100665620,33751040,,,,
FXLH,R118,FTPZJ02MP3HR,,R118-POST P2_P21AEN-D11,,FXLH_F05-4FT-02_2_GATEKEEPER,FAIL,10-12-13:39:56,60.03,V1.1.3.2,Check_All_CB,FTPZJ02MP3HR,Atlas 1.9.2,FTPZJ02MP3HR,V1.1.3.2,1,3,0,0,0,3,0,0,0,3,0,0,0,3,0,0,0,3,0,0,0,2,0,3,3,0,0,0,0,3,0,0,0,3,0,0,0,3,0,0,0,15 00 00 00 ,FTPZJ02MP3HR,Pass,DLX93820011N6R52J,WMT-JA0008,R118-POST P2_P21AEN-D11_C01647,R118-POST P2,R118-POST P2_P21AEN-D11,C4P932200DJJCPP3X,GV293750006N3LN2G,FM7934402WWN0LH19+V6J,CR1935600H5MW5D1M,13 00 00 00 02 ,13 00 00 00 00,370,0x0172,3,0x03,2,02,1286,0x0506,A0 02 00 0B 00 0B 00 0B ,0,0x00,33,0x21,33,0x21,Pass,02 01 01 05 49 ,02 01 01 05 49,Read_MLB_Lang :02 01 01 05 49  ,  Get_KBD_Lang :02 01 01 05 49,16,0x10,8704,0,0,0,0,0,0,0,0,0,0,0,0,16777216,0,0,0,0,0,16842752,16777216,0,0,0,0,17372165,100665620,33751040,,,,
FXLH,R118,FTPZJ034P3HR,,R118-POST P2_P21AEN-D11,,FXLH_F05-4FT-02_2_GATEKEEPER,FAIL,10-12-13:44:10,49.96,V1.1.3.2,Check_All_CB,FTPZJ034P3HR,Atlas 1.9.2,FTPZJ034P3HR,V1.1.3.2,1,3,0,0,0,3,0,0,0,3,0,1,1,3,0,0,0,3,0,0,0,2,0,3,3,0,0,0,0,3,0,0,0,3,0,0,0,3,0,0,0,15 00 00 00 ,FTPZJ034P3HR,Pass,DLX9394003GN6R52S,WMT-JA0008,R118-POST P2_P21AEN-D11_C01629,R118-POST P2,R118-POST P2_P21AEN-D11,C4P932200R7JCPP36,GV293750001N3LN2M,FM7934402ZEN0LH1G+V6J,C47935304R9MW5D2C,13 00 00 00 02 ,13 00 00 00 00,370,0x0172,3,0x03,2,02,1286,0x0506,A0 02 00 0B 00 0B 00 0B ,0,0x00,33,0x21,33,0x21,Pass,02 01 01 05 49 ,02 01 01 05 49,Read_MLB_Lang :02 01 01 05 49  ,  Get_KBD_Lang :02 01 01 05 49,16,0x10,8704,0,0,0,0,0,0,0,0,0,0,0,0,16777216,0,0,0,0,0,16842752,16777216,0,0,0,0,17372165,100665620,33751040,,,,
FXLH,R118,FTPZJ03DP3HR,,R118-POST P2_P21AEN-D11,,FXLH_F05-4FT-02_2_GATEKEEPER,FAIL,10-12-13:54:11,44.12,V1.1.3.2,Check_All_CB,FTPZJ03DP3HR,Atlas 1.9.2,FTPZJ03DP3HR,V1.1.3.2,1,3,0,0,0,3,0,0,0,3,0,0,0,3,0,0,0,3,0,0,0,2,0,5,5,0,0,0,0,3,0,0,0,3,0,1,1,3,0,0,0,15 00 00 00 ,FTPZJ03DP3HR,Pass,DLX93820095N6R52Q,WMT-JA0008,R118-POST P2_P21AEN-D11_C01619,R118-POST P2,R118-POST P2_P21AEN-D11,C4P932200MGJCPP39,GV29372005BN3LN2Z,FM7934402WNN0LH1H+V6J,CR1935600K7MW5D1D,13 00 00 00 02 ,13 00 00 00 00,370,0x0172,3,0x03,2,02,1286,0x0506,A0 02 00 0B 00 0B 00 0B ,0,0x00,33,0x21,33,0x21,Pass,02 01 01 05 49 ,02 01 01 05 49,Read_MLB_Lang :02 01 01 05 49  ,  Get_KBD_Lang :02 01 01 05 49,16,0x10,8704,0,0,0,0,0,0,0,0,0,0,0,0,16777216,0,0,0,0,0,16842752,16777216,0,0,0,0,17372165,100665620,33751040,,,,
FXLH,R118,FTPZJ035P3HR,,R118-POST P2_P21AEN-D11,,FXLH_F05-4FT-02_2_GATEKEEPER,FAIL,10-12-13:58:50,40.81,V1.1.3.2,Check_All_CB,FTPZJ035P3HR,Atlas 1.9.2,FTPZJ035P3HR,V1.1.3.2,1,3,0,0,0,3,0,0,0,3,0,0,0,3,0,0,0,3,0,0,0,2,0,3,3,0,0,0,0,3,0,0,0,3,0,0,0,3,0,0,0,15 00 00 00 ,FTPZJ035P3HR,Pass,DLX9382006ZN6R525,WMT-JA0008,R118-POST P2_P21AEN-D11_C01630,R118-POST P2,R118-POST P2_P21AEN-D11,C4P932200KBJCPP3L,GV29372005PN3LN2M,FM7934402UWN0LH1F+V6J,CR1935600Q8MW5D1X,13 00 00 00 02 ,13 00 00 00 00,370,0x0172,3,0x03,2,02,1286,0x0506,A0 02 00 0B 00 0B 00 0B ,0,0x00,33,0x21,33,0x21,Pass,02 01 01 05 49 ,02 01 01 05 49,Read_MLB_Lang :02 01 01 05 49  ,  Get_KBD_Lang :02 01 01 05 49,16,0x10,8704,0,0,0,0,0,0,0,0,0,0,0,0,16777216,0,0,0,0,0,16842752,16777216,0,0,0,0,17372165,100665620,33751040,,,,
FXLH,R118,FTPZJ03DP3HR,,R118-POST P2_P21AEN-D11,,FXLH_F05-4FT-02_2_GATEKEEPER,FAIL,10-12-14:00:43,62.75,V1.1.3.2,Check_All_CB,FTPZJ03DP3HR,Atlas 1.9.2,FTPZJ03DP3HR,V1.1.3.2,1,3,0,0,0,3,0,0,0,3,0,0,0,3,0,0,0,3,0,0,0,2,0,5,5,0,0,0,0,3,0,0,0,3,0,1,1,3,0,0,0,15 00 00 00 ,FTPZJ03DP3HR,Pass,DLX93820095N6R52Q,WMT-JA0008,R118-POST P2_P21AEN-D11_C01619,R118-POST P2,R118-POST P2_P21AEN-D11,C4P932200MGJCPP39,GV29372005BN3LN2Z,FM7934402WNN0LH1H+V6J,CR1935600K7MW5D1D,13 00 00 00 00 ,13 00 00 00 00,370,0x0172,3,0x03,2,02,1286,0x0506,A0 02 00 0B 00 0B 00 0B ,0,0x00,33,0x21,33,0x21,Pass,02 01 01 05 49 ,02 01 01 05 49,Read_MLB_Lang :02 01 01 05 49  ,  Get_KBD_Lang :02 01 01 05 49,16,0x10,8704,0,0,0,0,0,0,0,0,0,0,0,0,16777216,0,0,0,0,0,16842752,16777216,0,0,0,0,17372165,100665620,33751040,,,,
FXLH,R118,FTPZJ034P3HR,,R118-POST P2_P21AEN-D11,,FXLH_F05-4FT-02_2_GATEKEEPER,FAIL,10-12-14:08:25,63.08,V1.1.3.2,Check_All_CB,FTPZJ034P3HR,Atlas 1.9.2,FTPZJ034P3HR,V1.1.3.2,1,3,0,0,0,3,0,0,0,3,0,1,1,3,0,0,0,3,0,0,0,2,0,3,3,0,0,0,0,3,0,0,0,3,0,0,0,3,0,0,0,15 00 00 00 ,FTPZJ034P3HR,Pass,DLX9394003GN6R52S,WMT-JA0008,R118-POST P2_P21AEN-D11_C01629,R118-POST P2,R118-POST P2_P21AEN-D11,C4P932200R7JCPP36,GV293750001N3LN2M,FM7934402ZEN0LH1G+V6J,C47935304R9MW5D2C,13 00 00 00 00 ,13 00 00 00 00,370,0x0172,3,0x03,2,02,1286,0x0506,A0 02 00 0B 00 0B 00 0B ,0,0x00,33,0x21,33,0x21,Pass,02 01 01 05 49 ,02 01 01 05 49,Read_MLB_Lang :02 01 01 05 49  ,  Get_KBD_Lang :02 01 01 05 49,16,0x10,8704,0,0,0,0,0,0,0,0,0,0,0,0,16777216,0,0,0,0,0,16842752,16777216,0,0,0,0,17372165,100665620,33751040,,,,
FXLH,R118,FTPZJ031P3HR,,R118-POST P2_P21AEN-D11,,FXLH_F05-4FT-02_2_GATEKEEPER,FAIL,10-12-14:28:51,44.30,V1.1.3.2,Check_All_CB,FTPZJ031P3HR,Atlas 1.9.2,FTPZJ031P3HR,V1.1.3.2,1,3,0,0,0,3,0,0,0,3,0,0,0,3,0,0,0,3,0,0,0,2,0,3,3,0,0,0,0,3,0,0,0,3,0,3,3,3,0,0,0,15 00 00 00 ,FTPZJ031P3HR,Pass,DLX9394003HN6R52R,WMT-JA0008,R118-POST P2_P21AEN-D11_C01633,R118-POST P2,R118-POST P2_P21AEN-D11,C4P932200TQJCPP3H,GV29375000JN3LN24,FM7934402Y9N0LH1Q+V6J,CR1935600GWMW5D1Z,13 00 00 00 02 ,13 00 00 00 00,370,0x0172,3,0x03,2,02,1286,0x0506,A0 02 00 0B 00 0B 00 0B ,0,0x00,33,0x21,33,0x21,Pass,02 01 01 05 49 ,02 01 01 05 49,Read_MLB_Lang :02 01 01 05 49  ,  Get_KBD_Lang :02 01 01 05 49,16,0x10,8704,0,0,0,0,0,0,0,0,0,0,0,0,16777216,0,0,0,0,0,16842752,16777216,0,0,0,0,17372165,100665620,33751040,,,,
FXLH,R118,FTPZJ03EP3HR,,R118-POST P2_P21AEN-D11,,FXLH_F05-4FT-02_2_GATEKEEPER,FAIL,10-12-15:30:24,47.60,V1.1.3.2,Check_All_CB,FTPZJ03EP3HR,Atlas 1.9.2,FTPZJ03EP3HR,V1.1.3.2,1,3,0,0,0,3,0,0,0,3,0,0,0,3,0,0,0,3,0,0,0,2,0,3,3,0,0,0,0,3,0,0,0,3,0,0,0,3,0,0,0,15 00 00 00 ,FTPZJ03EP3HR,Pass,DLX9394005GN6R52L,WMT-JA0008,R118-POST P2_P21AEN-D11_C01626,R118-POST P2,R118-POST P2_P21AEN-D11,C4P932200GDJCPP3T,GV29375000KN3LN23,FM7934402UYN0LH1D+V6J,CR1935600L1MW5D1G,13 00 00 00 02 ,13 00 00 00 00,370,0x0172,3,0x03,2,02,1286,0x0506,A0 02 00 0B 00 0B 00 0B ,0,0x00,33,0x21,33,0x21,Pass,02 01 01 05 49 ,02 01 01 05 49,Read_MLB_Lang :02 01 01 05 49  ,  Get_KBD_Lang :02 01 01 05 49,16,0x10,8704,0,0,0,0,0,0,0,0,0,0,0,0,16777216,0,0,0,0,0,16842752,16777216,0,0,0,0,17372165,100665620,33751040,,,,
FXLH,R118,FTPZJ046P3HR,,R118-POST P2_P21AEN-D11-1,,FXLH_F05-4FT-02_2_GATEKEEPER,FAIL,10-12-15:33:31,54.19,V1.1.3.2,Check_All_CB,FTPZJ046P3HR,Atlas 1.9.2,FTPZJ046P3HR,V1.1.3.2,1,3,0,0,0,3,0,0,0,3,0,0,0,3,0,0,0,3,0,0,0,2,0,3,3,0,0,0,0,3,0,0,0,3,0,0,0,3,0,0,0,15 00 00 00 ,FTPZJ046P3HR,Pass,DLX9394004XN6R528,WMT-JA000A,R118-POST P2_P21AEN-D11-1_C01666,R118-POST P2,R118-POST P2_P21AEN-D11-1,C4P9322004ZJCPP39,GV29372005XN3LN2D,FM7934402VDN0LH1V+V6J,CR1935600GNMW5D17,13 00 00 00 02 ,13 00 00 00 00,370,0x0172,3,0x03,2,02,1286,0x0506,A0 02 00 0B 00 0B 00 0B ,0,0x00,33,0x21,33,0x21,Pass,02 01 01 05 49 ,02 01 01 05 49,Read_MLB_Lang :02 01 01 05 49  ,  Get_KBD_Lang :02 01 01 05 49,16,0x10,8704,0,0,0,0,0,0,0,0,0,0,0,0,16777216,0,0,0,0,0,16842752,16777216,0,0,0,0,17372165,100665620,33751040,,,,
FXLH,R118,FTPZJ030P3HR,,R118-POST P2_P21AEN-D11,,FXLH_F05-4FT-02_2_GATEKEEPER,FAIL,10-12-15:38:23,40.82,V1.1.3.2,Check_All_CB,FTPZJ030P3HR,Atlas 1.9.2,FTPZJ030P3HR,V1.1.3.2,1,3,0,0,0,3,0,0,0,3,0,0,0,3,0,0,0,3,0,0,0,2,0,3,3,0,0,0,0,3,0,0,0,3,0,0,0,3,0,0,0,15 00 00 00 ,FTPZJ030P3HR,Pass,DLX93820086N6R52S,WMT-JA0008,R118-POST P2_P21AEN-D11_C01634,R118-POST P2,R118-POST P2_P21AEN-D11,C4P932200ENJCPP3Q,GV293750002N3LN2L,FM7934402XWN0LH16+V6J,CR1935600LWMW5D1M,13 00 00 00 02 ,13 00 00 00 00,370,0x0172,3,0x03,2,02,1286,0x0506,A0 02 00 0B 00 0B 00 0B ,0,0x00,33,0x21,33,0x21,Pass,02 01 01 05 49 ,02 01 01 05 49,Read_MLB_Lang :02 01 01 05 49  ,  Get_KBD_Lang :02 01 01 05 49,16,0x10,8704,0,0,0,0,0,0,0,0,0,0,0,0,16777216,0,0,0,0,0,16842752,16777216,0,0,0,0,17372165,100665620,33751040,,,,
FXLH,R118,FTPZJ02QP3HR,,R118-POST P2_P21AEN-D11,,FXLH_F05-4FT-02_2_GATEKEEPER,FAIL,10-12-15:42:24,41.30,V1.1.3.2,Check_All_CB,FTPZJ02QP3HR,Atlas 1.9.2,FTPZJ02QP3HR,V1.1.3.2,1,3,0,0,0,3,0,0,0,3,0,0,0,3,0,0,0,3,0,0,0,2,0,3,3,0,0,0,0,3,0,0,0,3,0,0,0,3,0,0,0,15 00 00 00 ,FTPZJ02QP3HR,Pass,DLX93820057N6R520,WMT-JA0008,R118-POST P2_P21AEN-D11_C01644,R118-POST P2,R118-POST P2_P21AEN-D11,C4P932200RZJCPP3E,GV29372007AN3LN2U,FM7934402WLN0LH1K+V6J,CR1935600XFMW5D13,13 00 00 00 02 ,13 00 00 00 00,370,0x0172,3,0x03,2,02,1286,0x0506,A0 02 00 0B 00 0B 00 0B ,0,0x00,33,0x21,33,0x21,Pass,02 01 01 05 49 ,02 01 01 05 49,Read_MLB_Lang :02 01 01 05 49  ,  Get_KBD_Lang :02 01 01 05 49,16,0x10,8704,0,0,0,0,0,0,0,0,0,0,0,0,16777216,0,0,0,0,0,16842752,16777216,0,0,0,0,17372165,100665620,33751040,,,,
FXLH,R118,FTPZJ02XP3HR,,R118-POST P2_P21AEN-D11,,FXLH_F05-4FT-02_2_GATEKEEPER,FAIL,10-12-16:03:29,50.59,V1.1.3.2,Check_All_CB,FTPZJ02XP3HR,Atlas 1.9.2,FTPZJ02XP3HR,V1.1.3.2,1,3,0,0,0,3,0,0,0,3,0,0,0,3,0,0,0,3,0,0,0,2,0,5,5,0,0,0,0,3,0,0,0,3,0,0,0,3,0,0,0,15 00 00 00 ,FTPZJ02XP3HR,Pass,DLX93940048N6R52X,WMT-JA0008,R118-POST P2_P21AEN-D11_C01637,R118-POST P2,R118-POST P2_P21AEN-D11,C4P932200G5JCPP31,GV29375000DN3LN29,FM7934402YAN0LH1P+V6J,CR1935600KJMW5D12,13 00 00 00 02 ,13 00 00 00 00,370,0x0172,3,0x03,2,02,1286,0x0506,A0 02 00 0B 00 0B 00 0B ,0,0x00,33,0x21,33,0x21,Pass,02 01 01 05 49 ,02 01 01 05 49,Read_MLB_Lang :02 01 01 05 49  ,  Get_KBD_Lang :02 01 01 05 49,16,0x10,8704,0,0,0,0,0,0,0,0,0,0,0,0,16777216,0,0,0,0,0,16842752,16777216,0,0,0,0,17372165,100665620,33751040,,,,
FXLH,R118,FTPZJ02WP3HR,,R118-POST P2_P21AEN-D11,,FXLH_F05-4FT-02_2_GATEKEEPER,FAIL,10-12-16:07:32,48.85,V1.1.3.2,Check_All_CB,FTPZJ02WP3HR,Atlas 1.9.2,FTPZJ02WP3HR,V1.1.3.2,1,3,0,0,0,3,0,0,0,3,0,0,0,3,0,0,0,3,0,0,0,2,0,3,3,0,0,0,0,3,0,0,0,3,0,0,0,3,0,0,0,15 00 00 00 ,FTPZJ02WP3HR,Pass,DLX93820070N6R521,WMT-JA0008,R118-POST P2_P21AEN-D11_C01638,R118-POST P2,R118-POST P2_P21AEN-D11,C4P93220052JCPP33,GV293750007N3LN2F,FM7934402Y3N0LH1W+V6J,CR1935600KZMW5D1M,13 00 00 00 02 ,13 00 00 00 00,370,0x0172,3,0x03,2,02,1286,0x0506,A0 02 00 0B 00 0B 00 0B ,0,0x00,33,0x21,33,0x21,Pass,02 01 01 05 49 ,02 01 01 05 49,Read_MLB_Lang :02 01 01 05 49  ,  Get_KBD_Lang :02 01 01 05 49,16,0x10,8704,0,0,0,0,0,0,0,0,0,0,0,0,16777216,0,0,0,0,0,16842752,16777216,0,0,0,0,17372165,100665620,33751040,,,,
FXLH,R118,FTPZJ02PP3HR,,R118-POST P2_P21AEN-D11,,FXLH_F05-4FT-02_2_GATEKEEPER,FAIL,10-12-16:11:25,47.58,V1.1.3.2,Check_All_CB,FTPZJ02PP3HR,Atlas 1.9.2,FTPZJ02PP3HR,V1.1.3.2,1,3,0,0,0,3,0,0,0,3,0,0,0,3,0,0,0,3,0,0,0,2,0,3,3,0,0,0,0,3,0,0,0,3,0,0,0,3,0,0,0,15 00 00 00 ,FTPZJ02PP3HR,Pass,DLX93820015N6R52E,WMT-JA0008,R118-POST P2_P21AEN-D11_C01645,R118-POST P2,R118-POST P2_P21AEN-D11,C4P932200MQJCPP31,GV29375000EN3LN28,FM7934402Y8N0LH1R+V6J,CR1935600HDMW5D1D,13 00 00 00 02 ,13 00 00 00 00,370,0x0172,3,0x03,2,02,1286,0x0506,A0 02 00 0B 00 0B 00 0B ,0,0x00,33,0x21,33,0x21,Pass,02 01 01 05 49 ,02 01 01 05 49,Read_MLB_Lang :02 01 01 05 49  ,  Get_KBD_Lang :02 01 01 05 49,16,0x10,8704,0,0,0,0,0,0,0,0,0,0,0,0,16777216,0,0,0,0,0,16842752,16777216,0,0,0,0,17372165,100665620,33751040,,,,
FXLH,R118,FTPZJ036P3HR,,R118-POST P2_P21AEN-D11,,FXLH_F05-4FT-02_2_GATEKEEPER,FAIL,10-12-16:26:40,56.03,V1.1.3.2,Check_All_CB,FTPZJ036P3HR,Atlas 1.9.2,FTPZJ036P3HR,V1.1.3.2,1,3,0,0,0,3,0,0,0,3,0,0,0,3,0,0,0,3,0,0,0,2,0,3,3,0,0,0,0,3,0,0,0,3,0,0,0,3,0,0,0,15 00 00 00 ,FTPZJ036P3HR,Pass,DLX93820009N6R52D,WMT-JA0008,R118-POST P2_P21AEN-D11_C01628,R118-POST P2,R118-POST P2_P21AEN-D11,C4P932200LHJCPP3B,GV29375000GN3LN26,FM7934402ZGN0LH1E+V6J,CR1935600F6MW5D1S,13 00 00 00 02 ,13 00 00 00 00,370,0x0172,3,0x03,2,02,1286,0x0506,A0 02 00 0B 00 0B 00 0B ,0,0x00,33,0x21,33,0x21,Pass,02 01 01 05 49 ,02 01 01 05 49,Read_MLB_Lang :02 01 01 05 49  ,  Get_KBD_Lang :02 01 01 05 49,16,0x10,8704,0,0,0,0,0,0,0,0,0,0,0,0,16777216,0,0,0,0,0,16842752,16777216,0,0,0,0,17372165,100665620,33751040,,,,
FXLH,R118,FTPZJ03WP3HR,,R118-POST P2_P21AEN-D11-1,,FXLH_F05-4FT-02_2_GATEKEEPER,FAIL,10-12-16:30:33,49.51,V1.1.3.2,Check_All_CB,FTPZJ03WP3HR,Atlas 1.9.2,FTPZJ03WP3HR,V1.1.3.2,1,3,0,0,0,3,0,0,0,3,0,0,0,3,0,0,0,3,0,0,0,3,0,3,3,0,0,0,0,3,0,0,0,3,0,0,0,3,0,0,0,15 00 00 00 ,FTPZJ03WP3HR,Pass,DLX9394004DN6R52S,WMT-JA000A,R118-POST P2_P21AEN-D11-1_C01656,R118-POST P2,R118-POST P2_P21AEN-D11-1,C4P932200GMJCPP3K,GV293720064N3LN23,FM793440325N0LH1F+V6J,CR1935600GUMW5D11,13 00 00 00 02 ,13 00 00 00 00,370,0x0172,3,0x03,2,02,1286,0x0506,A0 02 00 0B 00 0B 00 0B ,0,0x00,33,0x21,33,0x21,Pass,02 01 01 05 49 ,02 01 01 05 49,Read_MLB_Lang :02 01 01 05 49  ,  Get_KBD_Lang :02 01 01 05 49,16,0x10,8704,0,0,0,0,0,0,0,0,0,0,0,0,16777216,0,0,0,0,0,16842752,16777216,0,0,0,0,17372165,100665620,33751040,,,,
FXLH,R118,FTPZJ02UP3HR,,R118-POST P2_P21AEN-D11,,FXLH_F05-4FT-02_2_GATEKEEPER,FAIL,10-12-16:36:21,43.69,V1.1.3.2,Check_All_CB,FTPZJ02UP3HR,Atlas 1.9.2,FTPZJ02UP3HR,V1.1.3.2,1,3,0,0,0,3,0,0,0,3,0,0,0,3,0,0,0,3,0,0,0,2,0,3,3,0,0,0,0,3,0,0,0,3,0,2,2,3,0,0,0,15 00 00 00 ,FTPZJ02UP3HR,Pass,DLX93820016N6R52D,WMT-JA0008,R118-POST P2_P21AEN-D11_C01640,R118-POST P2,R118-POST P2_P21AEN-D11,C4P932200SVJCPP3F,GV29375000BN3LN2B,FM7934402V1N0LH17+V6J,CR1935600V5MW5D1K,13 00 00 00 02 ,13 00 00 00 00,370,0x0172,3,0x03,2,02,1286,0x0506,A0 02 00 0B 00 0B 00 0B ,0,0x00,33,0x21,33,0x21,Pass,02 01 01 05 49 ,02 01 01 05 49,Read_MLB_Lang :02 01 01 05 49  ,  Get_KBD_Lang :02 01 01 05 49,16,0x10,8704,0,0,0,0,0,0,0,0,0,0,0,0,16777216,0,0,0,0,0,16842752,16777216,0,0,0,0,17372165,100665620,33751040,,,,
FXLH,R118,FTPZJ041P3HR,,R118-POST P2_P21AEN-D11-1,,FXLH_F05-4FT-02_2_GATEKEEPER,FAIL,10-12-16:45:41,40.51,V1.1.3.2,Check_All_CB,FTPZJ041P3HR,Atlas 1.9.2,FTPZJ041P3HR,V1.1.3.2,1,3,0,0,0,3,0,0,0,3,0,0,0,3,0,0,0,3,0,0,0,2,0,3,3,0,0,0,0,3,0,0,0,3,0,0,0,3,0,0,0,15 00 00 00 ,FTPZJ041P3HR,Pass,DLX9394005AN6R52S,WMT-JA000A,R118-POST P2_P21AEN-D11-1_C01661,R118-POST P2,R118-POST P2_P21AEN-D11-1,C4P93220069JCPP3T,GV293720067N3LN20,FM7934402ZHN0LH1D+V6J,CR1935600H0MW5D1S,13 00 00 00 02 ,13 00 00 00 00,370,0x0172,3,0x03,2,02,1286,0x0506,A0 02 00 0B 00 0B 00 0B ,0,0x00,33,0x21,33,0x21,Pass,02 01 01 05 49 ,02 01 01 05 49,Read_MLB_Lang :02 01 01 05 49  ,  Get_KBD_Lang :02 01 01 05 49,16,0x10,8704,0,0,0,0,0,0,0,0,0,0,0,0,16777216,0,0,0,0,0,16842752,16777216,0,0,0,0,17372165,100665620,33751040,,,,
FXLH,R118,FTPZJ03LP3HR,,R118-POST P2_P21AEN-D11-1,,FXLH_F05-4FT-02_2_GATEKEEPER,FAIL,10-12-16:53:31,57.19,V1.1.3.2,Check_All_CB,FTPZJ03LP3HR,Atlas 1.9.2,FTPZJ03LP3HR,V1.1.3.2,1,3,0,0,0,3,0,0,0,3,0,0,0,3,0,0,0,3,0,0,0,2,0,4,4,0,0,0,0,3,0,0,0,3,0,0,0,3,0,0,0,15 00 00 00 ,FTPZJ03LP3HR,Pass,DLX93820069N6R52V,WMT-JA000A,R118-POST P2_P21AEN-D11-1_C01677,R118-POST P2,R118-POST P2_P21AEN-D11-1,C4P932200ECJCPP30,GV293720063N3LN24,FM79344031FN0LH18+V6J,CR1935600STMW5D16,13 00 00 00 02 ,13 00 00 00 00,370,0x0172,3,0x03,2,02,1286,0x0506,A0 02 00 0B 00 0B 00 0B ,0,0x00,33,0x21,33,0x21,Pass,02 01 01 05 49 ,02 01 01 05 49,Read_MLB_Lang :02 01 01 05 49  ,  Get_KBD_Lang :02 01 01 05 49,16,0x10,8704,0,0,0,0,0,0,0,0,0,0,0,0,16777216,0,0,0,0,0,16842752,16777216,0,0,0,0,17372165,100665620,33751040,,,,
FXLH,R118,FTPZJ049P3HR,,R118-POST P2_P21AEN-D11-1,,FXLH_F05-4FT-02_2_GATEKEEPER,FAIL,10-12-16:59:08,54.50,V1.1.3.2,Check_All_CB,FTPZJ049P3HR,Atlas 1.9.2,FTPZJ049P3HR,V1.1.3.2,1,3,0,0,0,3,0,0,0,3,0,0,0,3,0,0,0,3,0,0,0,2,0,3,3,0,0,0,0,3,0,0,0,3,0,0,0,3,0,0,0,15 00 00 00 ,FTPZJ049P3HR,Pass,DLX9394004VN6R52A,WMT-JA000A,R118-POST P2_P21AEN-D11-1_C01669,R118-POST P2,R118-POST P2_P21AEN-D11-1,C4P932200J7JCPP3T,GV29372005YN3LN2C,FM7934402W6N0LH1Z+V6J,CR1935600YZMW5D1G,13 00 00 00 02 ,13 00 00 00 00,370,0x0172,3,0x03,2,02,1286,0x0506,A0 02 00 0B 00 0B 00 0B ,0,0x00,33,0x21,33,0x21,Pass,02 01 01 05 49 ,02 01 01 05 49,Read_MLB_Lang :02 01 01 05 49  ,  Get_KBD_Lang :02 01 01 05 49,16,0x10,8704,0,0,0,0,0,0,0,0,0,0,0,0,16777216,0,0,0,0,0,16842752,16777216,0,0,0,0,17372165,100665620,33751040,,,,
FXLH,R118,FTPZJ040P3HR,,R118-POST P2_P21AEN-D11-1,,FXLH_F05-4FT-02_2_GATEKEEPER,FAIL,10-12-17:03:04,63.35,V1.1.3.2,Check_All_CB,FTPZJ040P3HR,Atlas 1.9.2,FTPZJ040P3HR,V1.1.3.2,1,3,0,0,0,3,0,0,0,3,0,0,0,3,0,0,0,3,0,0,0,2,0,3,3,0,0,0,0,3,0,0,0,3,0,0,0,3,0,0,0,15 00 00 00 ,FTPZJ040P3HR,Pass,DLX9394004EN6R52R,WMT-JA000A,R118-POST P2_P21AEN-D11-1_C01660,R118-POST P2,R118-POST P2_P21AEN-D11-1,C4P932200F5JCPP34,GV29372005NN3LN2N,FM7934402VKN0LH1P+V6J,CR1935600H8MW5D1J,13 00 00 00 02 ,13 00 00 00 00,370,0x0172,3,0x03,2,02,1286,0x0506,A0 02 00 0B 00 0B 00 0B ,0,0x00,33,0x21,33,0x21,Pass,02 01 01 05 49 ,02 01 01 05 49,Read_MLB_Lang :02 01 01 05 49  ,  Get_KBD_Lang :02 01 01 05 49,16,0x10,8704,0,0,0,0,0,0,0,0,0,0,0,0,16777216,0,0,0,0,0,16842752,16777216,0,0,0,0,17372165,100665620,33751040,,,,
FXLH,R118,FTPZJ03MP3HR,,R118-POST P2_P21AEN-D11-1,,FXLH_F05-4FT-02_2_GATEKEEPER,FAIL,10-12-17:07:22,43.55,V1.1.3.2,Check_All_CB,FTPZJ03MP3HR,Atlas 1.9.2,FTPZJ03MP3HR,V1.1.3.2,1,3,0,0,0,3,0,0,0,3,0,0,0,3,0,0,0,3,0,0,0,2,0,3,3,0,0,0,0,3,0,0,0,3,0,0,0,3,0,0,0,15 00 00 00 ,FTPZJ03MP3HR,Pass,DLX9394004FN6R52Q,WMT-JA000A,R118-POST P2_P21AEN-D11-1_C01676,R118-POST P2,R118-POST P2_P21AEN-D11-1,C4P932200DGJCPP3Z,GV29372005RN3LN2K,FM79344031MN0LH12+V6J,CR1935601BBMW5D1Y,13 00 00 00 02 ,13 00 00 00 00,370,0x0172,3,0x03,2,02,1286,0x0506,A0 02 00 0B 00 0B 00 0B ,0,0x00,33,0x21,33,0x21,Pass,02 01 01 05 49 ,02 01 01 05 49,Read_MLB_Lang :02 01 01 05 49  ,  Get_KBD_Lang :02 01 01 05 49,16,0x10,8704,0,0,0,0,0,0,0,0,0,0,0,0,16777216,0,0,0,0,0,16842752,16777216,0,0,0,0,17372165,100665620,33751040,,,,
FXLH,R118,FTPZJ03PP3HR,,R118-POST P2_P21AEN-D11-1,,FXLH_F05-4FT-02_2_GATEKEEPER,FAIL,10-12-17:22:00,66.93,V1.1.3.2,Check_All_CB,FTPZJ03PP3HR,Atlas 1.9.2,FTPZJ03PP3HR,V1.1.3.2,1,3,0,0,0,3,0,0,0,3,0,0,0,3,0,0,0,3,0,0,0,2,0,3,3,0,0,0,0,3,0,0,0,3,0,0,0,3,0,0,0,15 00 00 00 ,FTPZJ03PP3HR,Pass,DLX93820088N6R52Q,WMT-JA000A,R118-POST P2_P21AEN-D11-1_C01674,R118-POST P2,R118-POST P2_P21AEN-D11-1,C4P9322006YJCPP34,GV29372005WN3LN2E,FM7934402ZRN0LH15+V6J,CR1935600NAMW5D11,13 00 00 00 02 ,13 00 00 00 00,370,0x0172,3,0x03,2,02,1286,0x0506,A0 02 00 0B 00 0B 00 0B ,0,0x00,33,0x21,33,0x21,Pass,02 01 01 05 49 ,02 01 01 05 49,Read_MLB_Lang :02 01 01 05 49  ,  Get_KBD_Lang :02 01 01 05 49,16,0x10,8704,0,0,0,0,0,0,0,0,0,0,0,0,16777216,0,0,0,0,0,16842752,16777216,0,0,0,0,17372165,100665620,33751040,,,,
FXLH,R118,FTPZJ048P3HR,,R118-POST P2_P21AEN-D11-1,,FXLH_F05-4FT-02_2_GATEKEEPER,FAIL,10-12-17:31:34,59.70,V1.1.3.2,Check_All_CB,FTPZJ048P3HR,Atlas 1.9.2,FTPZJ048P3HR,V1.1.3.2,1,3,0,0,0,3,0,0,0,3,0,0,0,3,0,0,0,3,0,1,1,2,0,4,4,0,0,0,0,3,0,0,0,3,0,1,1,3,0,0,0,15 00 00 00 ,FTPZJ048P3HR,Pass,DLX9394003YN6R52A,WMT-JA000A,R118-POST P2_P21AEN-D11-1_C01668,R118-POST P2,R118-POST P2_P21AEN-D11-1,C4P9322001HJCPP30,GV293720062N3LN25,FM793440307N0LH1K+V6J,CR1935600SPMW5D1A,13 00 00 00 02 ,13 00 00 00 00,370,0x0172,3,0x03,2,02,1286,0x0506,A0 02 00 0B 00 0B 00 0B ,0,0x00,33,0x21,33,0x21,Pass,02 01 01 05 49 ,02 01 01 05 49,Read_MLB_Lang :02 01 01 05 49  ,  Get_KBD_Lang :02 01 01 05 49,16,0x10,8704,0,0,0,0,0,0,0,0,0,0,0,0,16777216,0,0,0,0,0,16842752,16777216,0,0,0,0,17372165,100665620,33751040,,,,
FXLH,R118,FTPZJ044P3HR,,R118-POST P2_P21AEN-D11-1,,FXLH_F05-4FT-02_2_GATEKEEPER,FAIL,10-12-17:41:04,48.81,V1.1.3.2,Check_All_CB,FTPZJ044P3HR,Atlas 1.9.2,FTPZJ044P3HR,V1.1.3.2,1,3,0,0,0,3,0,0,0,3,0,0,0,3,0,0,0,3,0,0,0,2,0,3,3,0,0,0,0,3,0,0,0,3,0,1,1,3,0,0,0,15 00 00 00 ,FTPZJ044P3HR,Pass,DLX93940067N6R52S,WMT-JA000A,R118-POST P2_P21AEN-D11-1_C01664,R118-POST P2,R118-POST P2_P21AEN-D11-1,C4P932200QXJCPP3K,GV293720060N3LN27,FM7934402XLN0LH1G+V6J,CR1935600NBMW5D10,13 00 00 00 02 ,13 00 00 00 00,370,0x0172,3,0x03,2,02,1286,0x0506,A0 02 00 0B 00 0B 00 0B ,0,0x00,33,0x21,33,0x21,Pass,02 01 01 05 49 ,02 01 01 05 49,Read_MLB_Lang :02 01 01 05 49  ,  Get_KBD_Lang :02 01 01 05 49,16,0x10,8704,0,0,0,0,0,0,0,0,0,0,0,0,16777216,0,0,0,0,0,16842752,16777216,0,0,0,0,17372165,100665620,33751040,,,,
FXLH,R118,FTPZJ03ZP3HR,,R118-POST P2_P21AEN-D11-1,,FXLH_F05-4FT-02_2_GATEKEEPER,FAIL,10-12-18:10:31,44.04,V1.1.3.2,Check_All_CB,FTPZJ03ZP3HR,Atlas 1.9.2,FTPZJ03ZP3HR,V1.1.3.2,1,3,0,0,0,3,0,0,0,3,0,1,1,3,0,0,0,3,0,0,0,2,0,4,4,0,0,0,0,3,0,0,0,3,0,0,0,3,0,1,1,15 00 00 00 ,FTPZJ03ZP3HR,Pass,DLX9394004ZN6R526,WMT-JA000A,R118-POST P2_P21AEN-D11-1_C01659,R118-POST P2,R118-POST P2_P21AEN-D11-1,C4P9382004RJCPP3Z,GV293720074N3LN20,FM79344031ZN0LH1Q+V6J,CR1935601LZMW5D1H,13 00 00 00 02 ,13 00 00 00 00,370,0x0172,3,0x03,2,02,1286,0x0506,A0 02 00 0B 00 0B 00 0B ,0,0x00,33,0x21,33,0x21,Pass,02 01 01 05 49 ,02 01 01 05 49,Read_MLB_Lang :02 01 01 05 49  ,  Get_KBD_Lang :02 01 01 05 49,16,0x10,8704,0,0,0,0,0,0,0,0,0,0,0,0,16777216,0,0,0,0,0,16842752,16777216,0,0,0,0,17372165,100665620,33751040,,,,
FXLH,R118,FTPZJ03SP3HR,,R118-POST P2_P21AEN-D11-1,,FXLH_F05-4FT-02_2_GATEKEEPER,FAIL,10-12-18:14:36,47.11,V1.1.3.2,Check_All_CB,FTPZJ03SP3HR,Atlas 1.9.2,FTPZJ03SP3HR,V1.1.3.2,1,3,0,0,0,3,0,0,0,3,0,0,0,3,0,0,0,3,0,0,0,2,0,3,3,0,0,0,0,3,0,0,0,3,0,0,0,3,0,0,0,15 00 00 00 ,FTPZJ03SP3HR,Pass,DLX9394003ZN6R529,WMT-JA000A,R118-POST P2_P21AEN-D11-1_C01652,R118-POST P2,R118-POST P2_P21AEN-D11-1,C4P93220053JCPP32,GV29375000AN3LN2C,FM7934402YLN0LH1D+V6J,CR1935601QSMW5D1C,13 00 00 00 02 ,13 00 00 00 00,370,0x0172,3,0x03,2,02,1286,0x0506,A0 02 00 0B 00 0B 00 0B ,0,0x00,33,0x21,33,0x21,Pass,02 01 01 05 49 ,02 01 01 05 49,Read_MLB_Lang :02 01 01 05 49  ,  Get_KBD_Lang :02 01 01 05 49,16,0x10,8704,0,0,0,0,0,0,0,0,0,0,0,0,16777216,0,0,0,0,0,16842752,16777216,0,0,0,0,17372165,100665620,33751040,,,,
FXLH,R118,FTPZJ03NP3HR,,R118-POST P2_P21AEN-D11-1,,FXLH_F05-4FT-02_2_GATEKEEPER,FAIL,10-12-18:35:46,40.28,V1.1.3.2,Check_All_CB,FTPZJ03NP3HR,Atlas 1.9.2,FTPZJ03NP3HR,V1.1.3.2,1,3,0,0,0,3,0,0,0,3,0,0,0,3,0,0,0,3,0,0,0,2,0,3,3,0,0,0,0,3,0,0,0,3,0,0,0,3,0,0,0,15 00 00 00 ,FTPZJ03NP3HR,Pass,DLX9382005RN6R52G,WMT-JA000A,R118-POST P2_P21AEN-D11-1_C01675,R118-POST P2,R118-POST P2_P21AEN-D11-1,C4P9322003ZJCPP3C,GV29372005EN3LN2W,FM7934402XRN0LH1B+V6J,CR193560181MW5D1H,13 00 00 00 02 ,13 00 00 00 00,370,0x0172,3,0x03,2,02,1286,0x0506,A0 02 00 0B 00 0B 00 0B ,0,0x00,33,0x21,33,0x21,Pass,02 01 01 05 49 ,02 01 01 05 49,Read_MLB_Lang :02 01 01 05 49  ,  Get_KBD_Lang :02 01 01 05 49,16,0x10,8704,0,0,0,0,0,0,0,0,0,0,0,0,16777216,0,0,0,0,0,16842752,16777216,0,0,0,0,17372165,100665620,33751040,,,,
FXLH,R118,FTPZJ042P3HR,,R118-POST P2_P21AEN-D11-1,,FXLH_F05-4FT-02_2_GATEKEEPER,FAIL,10-12-18:39:45,47.68,V1.1.3.2,Check_All_CB,FTPZJ042P3HR,Atlas 1.9.2,FTPZJ042P3HR,V1.1.3.2,1,3,0,0,0,3,0,0,0,3,0,0,0,3,0,0,0,3,0,0,0,2,0,3,3,0,0,0,0,3,0,0,0,3,0,0,0,3,0,0,0,15 00 00 00 ,FTPZJ042P3HR,Pass,DLX93940045N6R520,WMT-JA000A,R118-POST P2_P21AEN-D11-1_C01662,R118-POST P2,R118-POST P2_P21AEN-D11-1,C4P93220055JCPP30,GV29372006EN3LN2T,FM79344031CN0LH1B+V6J,CR1935601GDMW5D1F,13 00 00 00 02 ,13 00 00 00 00,370,0x0172,3,0x03,2,02,1286,0x0506,A0 02 00 0B 00 0B 00 0B ,0,0x00,33,0x21,33,0x21,Pass,02 01 01 05 49 ,02 01 01 05 49,Read_MLB_Lang :02 01 01 05 49  ,  Get_KBD_Lang :02 01 01 05 49,16,0x10,8704,0,0,0,0,0,0,0,0,0,0,0,0,16777216,0,0,0,0,0,16842752,16777216,0,0,0,0,17372165,100665620,33751040,,,,
FXLH,R118,FTPZJ045P3HR,,R118-POST P2_P21AEN-D11-1,,FXLH_F05-4FT-02_2_GATEKEEPER,FAIL,10-14-08:33:33,47.47,V1.1.3.2,Check_All_CB,FTPZJ045P3HR,Atlas 1.9.2,FTPZJ045P3HR,V1.1.3.2,1,3,0,0,0,3,0,0,0,3,0,0,0,3,0,0,0,3,0,0,0,2,0,3,3,0,0,0,0,3,0,1,1,3,0,0,0,3,0,0,0,15 00 00 00 ,FTPZJ045P3HR,Pass,DLX9394006JN6R52F,WMT-JA000A,R118-POST P2_P21AEN-D11-1_C01665,R118-POST P2,R118-POST P2_P21AEN-D11-1,C4P932200SQJCPP3L,GV29372005KN3LN2R,FM7934402YPN0LH1A+V6J,CR1935601D4MW5D1Z,13 00 00 00 02 ,13 00 00 00 00,370,0x0172,3,0x03,2,02,1286,0x0506,A0 02 00 0B 00 0B 00 0B ,0,0x00,33,0x21,33,0x21,Pass,02 01 01 05 49 ,02 01 01 05 49,Read_MLB_Lang :02 01 01 05 49  ,  Get_KBD_Lang :02 01 01 05 49,16,0x10,8704,0,0,0,0,0,0,0,0,0,0,0,0,16777216,0,0,0,0,0,16842752,16777216,0,0,0,0,17372165,100665620,33751040,,,,
FXLH,R118,FTPZJ04AP3HR,,R118-POST P2_P21AEN-D11-1,,FXLH_F05-4FT-02_2_GATEKEEPER,FAIL,10-14-08:37:54,43.45,V1.1.3.2,Check_All_CB,FTPZJ04AP3HR,Atlas 1.9.2,FTPZJ04AP3HR,V1.1.3.2,1,3,0,0,0,3,0,0,0,3,0,0,0,3,0,0,0,3,0,0,0,2,0,3,3,0,0,0,0,3,0,1,1,3,0,0,0,3,0,0,0,15 00 00 00 ,FTPZJ04AP3HR,Pass,DLX9394004WN6R529,WMT-JA000A,R118-POST P2_P21AEN-D11-1_C01670,R118-POST P2,R118-POST P2_P21AEN-D11-1,C4P9382000NJCPP3E,GV29372006MN3LN2L,FM7934402YEN0LH1K+V6J,CR1935600SRMW5D18,13 00 00 00 02 ,13 00 00 00 00,370,0x0172,3,0x03,2,02,1286,0x0506,A0 02 00 0B 00 0B 00 0B ,0,0x00,33,0x21,33,0x21,Pass,02 01 01 05 49 ,02 01 01 05 49,Read_MLB_Lang :02 01 01 05 49  ,  Get_KBD_Lang :02 01 01 05 49,16,0x10,8704,0,0,0,0,0,0,0,0,0,0,0,0,16777216,0,0,0,0,0,16842752,16777216,0,0,0,0,17372165,100665620,33751040,,,,
FXLH,R118,FTPZG02HP3J3,,R118-P2_P21J1-R7,,FXLH_F05-4FT-02_2_GATEKEEPER,FAIL,10-14-08:49:50,85.90,V1.1.3.2,Check_All_CB; Grape_Critical_Errors; Critical_Errors_Summary; Grape_Connector_Self_Critical_Errors,FTPZG02HP3J3,Atlas 1.9.2,FTPZG02HP3J3,V1.1.3.2,1,3,0,0,0,3,0,0,0,3,0,0,0,3,0,0,0,1,0,6,6,2,0,18,18,0,0,0,0,3,0,0,0,1,0,1,1,3,0,2,2,15 00 00 00 ,FTPZG02HP3J3,Pass,DLX9375009TN6R522,WCT-J90053,R118-P2_P21J1-R7_C01471,R118-P2,R118-P2_P21J1-R7,C4P9377002JJCQV31,GV29367004LP2T12P,FM79344024AN0LH15+V3J,CR1935601K7MW5D1C,13 00 00 00 02 ,13 00 00 00 00,370,0x0172,3,0x03,2,02,1286,0x0506,A0 02 00 0B 00 0B 00 0B ,0,0x00,,0x0F,,0x0F,Pass,02 01 03 03 4B ,02 01 03 03 4B,Read_MLB_Lang :02 01 03 03 4B  ,  Get_KBD_Lang :02 01 03 03 4B,16,0x10,8704,0,0,0,0,0,0,0,0,0,0,0,0,65808,0,0,0,0,0,0,16777216,0,0,536870912,0,,,,,15,15,
FXLH,R118,FTPZD08XP3HR,,R118-P2_P21AEN-1,,FXLH_F05-4FT-02_2_GATEKEEPER,FAIL,10-14-14:24:21,50.63,V1.1.3.2,Check_All_CB,FTPZD08XP3HR,Atlas 1.9.2,FTPZD08XP3HR,V1.1.3.2,1,3,0,0,0,3,0,0,0,3,0,0,0,3,0,0,0,3,0,1,1,2,0,3,3,0,0,0,0,0,0,0,0,3,0,0,0,3,0,0,0,15 00 00 00 ,FTPZD08XP3HR,Pass,DLX937500FEN6R52X,WMT-J90018,R118-P2_P21AEN-1_C00710,R118-P2,R118-P2_P21AEN-1,C4P932200E4JCPP38,GV29364008NN3LN2E,FM7934401DBN0LH1C+V1J,C47935303VEMW5D2W,13 00 00 00 02 ,13 00 00 00 00,370,0x0172,3,0x03,2,02,1286,0x0506,A0 02 00 0B 00 0B 00 0B ,0,0x00,33,0x21,33,0x21,Pass,02 01 01 05 49 ,02 01 01 05 49,Read_MLB_Lang :02 01 01 05 49  ,  Get_KBD_Lang :02 01 01 05 49,16,0x10,8704,0,0,0,0,0,0,0,0,0,0,0,0,16777216,0,0,0,0,0,16842752,16777216,0,0,0,0,17372165,100665620,33751040,,,,
