GATEKEEPER,V1.1.3.2
Site, Product, SerialNumber, Special Build Name, Special Build Description, Unit Number, Station ID, Test Pass/Fail Status, StartTime, EndTime, Version, List of Failing Tests,Scan_FG_SN,Start Data Reporting,Start Data Reporting,Start Data Reporting,Start Data Reporting,Check_All_CB - CB_STATUS_MLB-FCT,Check_All_CB - ABS_ERASE_MLB-FCT,Check_All_CB - ABS_FAIL_MLB-FCT,Check_All_CB - REL_FAIL_MLB-FCT,Check_All_CB - CB_STATUS_TEST1,Check_All_CB - ABS_ERASE_TEST1,Check_All_CB - ABS_FAIL_TEST1,Check_All_CB - REL_FAIL_TEST1,Check_All_CB - CB_STATUS_QT0,Check_All_CB - ABS_ERASE_QT0,Check_All_CB - ABS_FAIL_QT0,Check_All_CB - REL_FAIL_QT0,Check_All_CB - CB_STATUS_DFU2-FTW,Check_All_CB - ABS_ERASE_DFU2-FTW,Check_All_CB - ABS_FAIL_DFU2-FTW,Check_All_CB - REL_FAIL_DFU2-FTW,Check_All_CB - CB_STATUS_QT1,Check_All_CB - ABS_ERASE_QT1,Check_All_CB - ABS_FAIL_QT1,Check_All_CB - REL_FAIL_QT1,Check_All_CB - CB_STATUS_LED-TEST,Check_All_CB - ABS_ERASE_LED-TEST,Check_All_CB - ABS_FAIL_LED-TEST,Check_All_CB - REL_FAIL_LED-TEST,Check_All_CB - CB_STATUS_KEY-FORCE,Check_All_CB - ABS_ERASE_KEY-FORCE,Check_All_CB - ABS_FAIL_KEY-FORCE,Check_All_CB - REL_FAIL_KEY-FORCE,Check_All_CB - CB_STATUS_TEST2,Check_All_CB - ABS_ERASE_TEST2,Check_All_CB - ABS_FAIL_TEST2,Check_All_CB - REL_FAIL_TEST2,Check_All_CB - CB_STATUS_MMI,Check_All_CB - ABS_ERASE_MMI,Check_All_CB - ABS_FAIL_MMI,Check_All_CB - REL_FAIL_MMI,Check_All_CB - CB_STATUS_SW-DOWNLOAD,Check_All_CB - ABS_ERASE_SW-DOWNLOAD,Check_All_CB - ABS_FAIL_SW-DOWNLOAD,Check_All_CB - REL_FAIL_SW-DOWNLOAD,Check_Bootargs_Status,Read_FG_SN,Compare_FG_SN,MLB_SN,WO_SN,UNIT_LBL,BUILD_EVENT,S_BUILD,KBM_SN,BACKLIGHT_SN,TRACKPAD_SN,TOUCH_FLEX_SN,Check_EP_Status,EP_Enable_All,STFW - STFW,STFW,Read_HW_Version - Read_HW_Version,Read_HW_Version,GreenPAK_ID - GreenPAK_ID,GreenPAK_ID,TOUCH_FW - TOUCH_FW,TOUCH_FW,Read_CCG3_FW,Production_Signed_Check - Production_Signed_Check,Production_Signed_Check,Read_KBD_HW_Layout - Read_KBD_HW_Layout,Read_KBD_HW_Layout,Get_KBD_HW_Layout - Read_KBD_HW_Layout,Get_KBD_HW_Layout,Compare_KBD_HW_Layout,Read_MLB_Lang,Get_KBD_Lang,Check_KBD_Lang,Read_MFI_Address - Read_MFI_Address,Read_MFI_Address,System_Critical_Errors - CRIT_ERR_E1_PART1,System_Critical_Errors - CRIT_ERR_E1_PART2,FW_Update_Critical_Errors - CRIT_ERR_E2_PART1,FW_Update_Critical_Errors - CRIT_ERR_E2_PART2,FW_Update_Critical_Errors - CRIT_ERR_E2_PART3,Key_Scan_Critical_Errors - CRIT_ERR_E7_PART1,Key_Scan_Critical_Errors - CRIT_ERR_E7_PART2,Key_Scan_Critical_Errors - CRIT_ERR_E7_PART3,Key_Scan_Critical_Errors - CRIT_ERR_E7_PART4,USBC_Critical_Errors - CRIT_ERR_E3_PART1,USBC_Critical_Errors - CRIT_ERR_E3_PART2,USBC_Critical_Errors - CRIT_ERR_E3_PART3,USBC_Critical_Errors - CRIT_ERR_E3_PART4,Grape_Critical_Errors - CRIT_ERR_E5_PART1,Grape_Critical_Errors - CRIT_ERR_E5_PART2,Grape_Critical_Errors - CRIT_ERR_E5_PART3,Grape_Critical_Errors - CRIT_ERR_E5_PART4,Grape_Critical_Errors - CRIT_ERR_E5_PART5,Grape_Critical_Errors - CRIT_ERR_E5_PART6,Grape_Critical_Errors - CRIT_ERR_E5_PART7,Grape_Critical_Errors - CRIT_ERR_E5_PART8,Grape_Critical_Errors - CRIT_ERR_E5_PART9,Grape_Critical_Errors - CRIT_ERR_E5_PART10,Critical_Errors_Summary - CRIT_ERR_E0_PART1,Backlight_Critical_Errors - BL_CRI_ERR_PART1,Grape_Connector_Self_Critical_Errors - CRIT_ERR_D3_PART1,Grape_Connector_Self_Critical_Errors - CRIT_ERR_D3_PART2,Grape_Connector_Self_Critical_Errors - CRIT_ERR_D3_PART3,+,Read_KBD_HW_Layout - Read_KBD_HW_Layout,Get_KBD_HW_Layout - Read_KBD_HW_Layout,
Upper Limited-------->,,,,,,,,,,,,,,,,,3,,,,3,,,,3,,,,3,,,,3,,,,3,,,,3,,,,3,,,,3,,,,3,,,,,,,,,,,,,,,,,,370,,3,,2,,1286,,,0,,33,,33,,,,,,16,,,,,,,,,,,,,,,,,,,,,,,,,,,,,,,15,15,
Lower Limited-------->,,,,,,,,,,,,,,,,,3,,,,3,,,,3,,,,3,,,,3,,,,3,,,,3,,,,3,,,,3,,,,3,,,,,,,,,,,,,,,,,,370,,3,,2,,1286,,,0,,33,,33,,,,,,16,,,,,,,,,,,,,,,,,,,,,,,,,,,,,,,15,15,
Measurement Units---->,,,,,,,,,,,,,,,,,,,,,,,,,,,,,,,,,,,,,,,,,,,,,,,,,,,,,,,,,,,,,,,,,,,,,,,,,,,,,,,,,,,,,,,,,,,,,,,,,,,,,,,,,,,,,,,,,,,,,,,,,,,
FXLH,R118,FTPZF014P3HR,,R118-P2_P21AEN-D1,,FXLH_F05-4FT-02_2_GATEKEEPER,FAIL,09-30-12:34:33,41.75,V1.1.3.2,Check_All_CB,FTPZF014P3HR,Atlas 1.9.2,FTPZF014P3HR,V1.1.3.2,1,3,0,0,0,3,0,0,0,3,0,0,0,3,0,0,0,3,0,0,0,2,0,4,4,0,0,0,0,3,0,0,0,3,0,0,0,3,0,0,0,15 00 00 00 ,FTPZF014P3HR,Pass,DLX937500L1N6R52V,WMT-J9001E,R118-P2_P21AEN-D1_C00923,R118-P2,R118-P2_P21AEN-D1,C4P932200QJJCPP3Y,GV2936400BJN3LN29,FM7934401UYN0LH1E+V1J,CR1935600YNMW5D1T,13 00 00 00 02 ,13 00 00 00 00,370,0x0172,3,0x03,2,02,1286,0x0506,A0 02 00 0B 00 0B 00 0B ,0,0x00,33,0x21,33,0x21,Pass,02 01 01 05 49 ,02 01 01 05 49,Read_MLB_Lang :02 01 01 05 49  ,  Get_KBD_Lang :02 01 01 05 49,16,0x10,8704,0,0,0,0,0,0,0,0,0,0,0,0,16777216,0,0,0,0,0,16842752,16777216,0,0,0,0,17372165,100665620,33751040,,,,
FXLH,R118,FTPZF010P3HR,,R118-P2_P21AEN-D1,,FXLH_F05-4FT-02_2_GATEKEEPER,FAIL,09-30-12:36:07,53.87,V1.1.3.2,Check_All_CB,FTPZF010P3HR,Atlas 1.9.2,FTPZF010P3HR,V1.1.3.2,1,3,0,0,0,3,0,0,0,3,0,0,0,3,0,0,0,3,0,1,1,2,0,2,2,0,0,0,0,3,0,0,0,3,0,0,0,3,0,0,0,15 00 00 00 ,FTPZF010P3HR,Pass,DLX937600RQN6R52Q,WMT-J9001E,R118-P2_P21AEN-D1_C00919,R118-P2,R118-P2_P21AEN-D1,C4P932200KVJCPP32,GV2936400BRN3LN22,FM7934401A0N0LH1Y+V1J,CR19356016ZMW5D1R,13 00 00 00 00 ,13 00 00 00 00,370,0x0172,3,0x03,2,02,1286,0x0506,A0 02 00 0B 00 0B 00 0B ,0,0x00,33,0x21,33,0x21,Pass,02 01 01 05 49 ,02 01 01 05 49,Read_MLB_Lang :02 01 01 05 49  ,  Get_KBD_Lang :02 01 01 05 49,16,0x10,8704,0,0,0,0,0,0,0,0,0,0,0,0,16777216,0,0,0,0,0,16842752,16777216,0,0,0,0,17372165,100665620,33751040,,,,
FXLH,R118,FTPZG02MP3J3,,R118-P2_P21J1-R7,,FXLH_F05-4FT-02_2_GATEKEEPER,FAIL,09-30-12:38:20,50.81,V1.1.3.2,Check_All_CB,FTPZG02MP3J3,Atlas 1.9.2,FTPZG02MP3J3,V1.1.3.2,1,3,0,0,0,3,0,0,0,3,0,0,0,3,0,0,0,3,0,0,0,2,0,3,3,0,0,0,0,3,0,0,0,3,0,0,0,3,0,0,0,15 00 00 00 ,FTPZG02MP3J3,Pass,DLX937500B6N6R52H,WMT-J90053,R118-P2_P21J1-R7_C01476,R118-P2,R118-P2_P21J1-R7,C4P9377004WJCQV3H,GV29367002DP2T122,FM7937401E3N0LH18+V3J,CR1935601ESMW5D18,13 00 00 00 02 ,13 00 00 00 00,370,0x0172,3,0x03,2,02,1286,0x0506,A0 02 00 0B 00 0B 00 0B ,0,0x00,,0x0F,,0x0F,Pass,02 01 03 03 4B ,02 01 03 03 4B,Read_MLB_Lang :02 01 03 03 4B  ,  Get_KBD_Lang :02 01 03 03 4B,16,0x10,8704,0,0,0,0,0,0,0,0,0,0,0,0,16777216,0,0,0,0,0,16842752,16777216,0,0,0,0,17372165,100665620,33751040,,15,15,
FXLH,R118,FTPZG049P3J3,,R118-P2_P21J1-ECORELNB,,FXLH_F05-4FT-02_2_GATEKEEPER,FAIL,09-30-12:41:03,40.87,V1.1.3.2,Check_All_CB,FTPZG049P3J3,Atlas 1.9.2,FTPZG049P3J3,V1.1.3.2,1,3,0,0,0,3,0,0,0,3,0,0,0,3,0,0,0,3,0,0,0,3,0,0,0,0,0,0,0,3,0,0,0,3,0,0,0,3,0,0,0,15 00 00 00 ,FTPZG049P3J3,Pass,DLX937500BAN6R52D,WMT-J90054,R118-P2_P21J1-ECORELNB_C01531,R118-P2,R118-P2_P21J1-ECORELNB,C4P937400ADJCQV3K,GV29372002JP2T12Z,FM79344024NN0LH1T+V3J,CR1935600K0MW5D1L,13 00 00 00 02 ,13 00 00 00 00,370,0x0172,3,0x03,2,02,1286,0x0506,A0 02 00 0B 00 0B 00 0B ,0,0x00,,0x0F,,0x0F,Pass,02 01 03 03 4B ,02 01 03 03 4B,Read_MLB_Lang :02 01 03 03 4B  ,  Get_KBD_Lang :02 01 03 03 4B,16,0x10,8704,0,0,0,0,0,0,0,0,0,0,0,0,16777216,0,0,0,0,0,16842752,16777216,0,0,0,0,17372165,100665620,33751040,,15,15,
FXLH,R118,FTPZG04NP3J3,,R118-P2_P21J1-ECORELNB,,FXLH_F05-4FT-02_2_GATEKEEPER,FAIL,09-30-12:42:51,50.09,V1.1.3.2,Check_All_CB,FTPZG04NP3J3,Atlas 1.9.2,FTPZG04NP3J3,V1.1.3.2,1,3,0,0,0,3,0,0,0,3,0,0,0,3,0,0,0,3,0,0,0,3,0,0,0,0,0,0,0,3,0,0,0,3,0,0,0,3,0,0,0,15 00 00 00 ,FTPZG04NP3J3,Pass,DLX937600Q7N6R52A,WMT-J90054,R118-P2_P21J1-ECORELNB_C01518,R118-P2,R118-P2_P21J1-ECORELNB,C4P93740065JCQV35,GV29372002NP2T12V,FM79344022RN0LH1W+V3J,CR1935601MJMW5D1V,13 00 00 00 02 ,13 00 00 00 00,370,0x0172,3,0x03,2,02,1286,0x0506,A0 02 00 0B 00 0B 00 0B ,0,0x00,,0x0F,,0x0F,Pass,02 01 03 03 4B ,02 01 03 03 4B,Read_MLB_Lang :02 01 03 03 4B  ,  Get_KBD_Lang :02 01 03 03 4B,16,0x10,8704,0,0,0,0,0,0,0,0,0,0,0,0,16777216,0,0,0,0,0,16842752,16777216,0,0,0,0,17372165,100665620,33751040,,15,15,
FXLH,R118,FTPZG04UP3J3,,R118-P2_P21J1-ECORELNB,,FXLH_F05-4FT-02_2_GATEKEEPER,FAIL,09-30-12:44:39,46.85,V1.1.3.2,Check_All_CB,FTPZG04UP3J3,Atlas 1.9.2,FTPZG04UP3J3,V1.1.3.2,1,3,0,0,0,3,0,0,0,3,0,1,1,3,0,0,0,3,0,2,2,3,0,1,1,0,0,0,0,3,0,0,0,3,0,0,0,3,0,0,0,15 00 00 00 ,FTPZG04UP3J3,Pass,DLX937500AAN6R52G,WMT-J90054,R118-P2_P21J1-ECORELNB_C01569,R118-P2,R118-P2_P21J1-ECORELNB,C4P9374002ZJCQV3P,GV29372002RP2T12S,FM7934401ZTN0LH14+V3J,CR1935601GMMW5D17,13 00 00 00 02 ,13 00 00 00 00,370,0x0172,3,0x03,2,02,1286,0x0506,A0 02 00 0B 00 0B 00 0B ,0,0x00,,0x0F,,0x0F,Pass,02 01 03 03 4B ,02 01 03 03 4B,Read_MLB_Lang :02 01 03 03 4B  ,  Get_KBD_Lang :02 01 03 03 4B,16,0x10,8704,0,0,0,0,0,0,0,0,0,0,0,0,16777216,0,0,0,0,0,16842752,16777216,0,0,0,0,17372165,100665620,33751040,,15,15,
FXLH,R118,FTPZG05GP3J3,,R118-P2_P21J1-ECORELNB,,FXLH_F05-4FT-02_2_GATEKEEPER,FAIL,09-30-12:48:41,47.20,V1.1.3.2,Check_All_CB,FTPZG05GP3J3,Atlas 1.9.2,FTPZG05GP3J3,V1.1.3.2,1,3,0,0,0,3,0,0,0,3,0,0,0,3,0,0,0,3,0,0,0,3,0,0,0,0,0,0,0,3,0,0,0,3,0,0,0,3,0,0,0,15 00 00 00 ,FTPZG05GP3J3,Pass,DLX937500B5N6R52J,WMT-J90054,R118-P2_P21J1-ECORELNB_C01548,R118-P2,R118-P2_P21J1-ECORELNB,C4P937400E4JCQV3G,GV29372000KP2T124,FM79344025QN0LH1N+V3J,CR1935600RRMW5D1B,13 00 00 00 02 ,13 00 00 00 00,370,0x0172,3,0x03,2,02,1286,0x0506,A0 02 00 0B 00 0B 00 0B ,0,0x00,,0x0F,,0x0F,Pass,02 01 03 03 4B ,02 01 03 03 4B,Read_MLB_Lang :02 01 03 03 4B  ,  Get_KBD_Lang :02 01 03 03 4B,16,0x10,8704,0,0,0,0,0,0,0,0,0,0,0,0,16777216,0,0,0,0,0,16842752,16777216,0,0,0,0,17372165,100665620,33751040,,15,15,
FXLH,R118,FTPZG039P3J3,,R118-P2_P21J1-R7,,FXLH_F05-4FT-02_2_GATEKEEPER,FAIL,09-30-12:53:39,58.70,V1.1.3.2,Check_All_CB,FTPZG039P3J3,Atlas 1.9.2,FTPZG039P3J3,V1.1.3.2,1,3,0,0,0,3,0,0,0,3,0,0,0,3,0,0,0,3,0,0,0,2,0,4,4,0,0,0,0,3,0,0,0,3,0,0,0,3,0,0,0,15 00 00 00 ,FTPZG039P3J3,Pass,DLX9375009LN6R529,WMT-J90053,R118-P2_P21J1-R7_C01502,R118-P2,R118-P2_P21J1-R7,C4P93770037JCQV39,GV29367004YP2T12B,FM79344023RN0LH1T+V3J,CR1935601H2MW5D1P,13 00 00 00 02 ,13 00 00 00 00,370,0x0172,3,0x03,2,02,1286,0x0506,A0 02 00 0B 00 0B 00 0B ,0,0x00,,0x0F,,0x0F,Pass,02 01 03 03 4B ,02 01 03 03 4B,Read_MLB_Lang :02 01 03 03 4B  ,  Get_KBD_Lang :02 01 03 03 4B,16,0x10,8704,0,0,0,0,0,0,0,0,0,0,0,0,16777216,0,0,0,0,0,16842752,16777216,0,0,0,0,17372165,100665620,33751040,,15,15,
FXLH,R118,FTPZF001P3J3,,R118-P2_P21J-LPD1,,FXLH_F05-4FT-02_2_GATEKEEPER,FAIL,09-30-12:58:05,41.84,V1.1.3.2,Check_All_CB,FTPZF001P3J3,Atlas 1.9.2,FTPZF001P3J3,V1.1.3.2,1,3,0,0,0,3,0,0,0,3,0,0,0,3,0,0,0,3,0,0,0,3,0,0,0,0,0,0,0,3,0,0,0,3,0,0,0,3,0,1,1,15 00 00 00 ,FTPZF001P3J3,Pass,DLX9374002YN6R52K,WMT-J9001A,R118-P2_P21J-LPD1_C00938,R118-P2,R118-P2_P21J-LPD1,C4P937400G6JCQV38,GV293720068P2T12X,FM7937401C8N0LH19+V3J,C47935304D9MW5D2E,13 00 00 00 02 ,13 00 00 00 00,370,0x0172,3,0x03,2,02,1286,0x0506,A0 02 00 0B 00 0B 00 0B ,0,0x00,,0x0F,,0x0F,Pass,02 01 03 03 4B ,02 01 03 03 4B,Read_MLB_Lang :02 01 03 03 4B  ,  Get_KBD_Lang :02 01 03 03 4B,16,0x10,8704,0,0,0,0,0,0,0,0,0,0,0,0,16777216,0,0,0,0,0,16842752,16777216,0,0,0,0,17372165,100665620,33751040,,15,15,
FXLH,R118,FTPZG040P3J3,,R118-P2_P21J1-ECORELNB,,FXLH_F05-4FT-02_2_GATEKEEPER,FAIL,09-30-13:02:24,57.46,V1.1.3.2,Check_All_CB,FTPZG040P3J3,Atlas 1.9.2,FTPZG040P3J3,V1.1.3.2,1,3,0,0,0,3,0,0,0,3,0,0,0,3,0,0,0,3,0,0,0,3,0,0,0,0,0,0,0,3,0,0,0,3,0,0,0,3,0,0,0,15 00 00 00 ,FTPZG040P3J3,Pass,DLX937500B3N6R52L,WMT-J90054,R118-P2_P21J1-ECORELNB_C01540,R118-P2,R118-P2_P21J1-ECORELNB,C4P9374005PJCQV3Q,GV29372001PP2T12X,FM79344024BN0LH14+V3J,CR1935601NGMW5D1U,13 00 00 00 02 ,13 00 00 00 00,370,0x0172,3,0x03,2,02,1286,0x0506,A0 02 00 0B 00 0B 00 0B ,0,0x00,,0x0F,,0x0F,Pass,02 01 03 03 4B ,02 01 03 03 4B,Read_MLB_Lang :02 01 03 03 4B  ,  Get_KBD_Lang :02 01 03 03 4B,16,0x10,8704,0,0,0,0,0,0,0,0,0,0,0,0,16777216,0,0,0,0,0,16842752,16777216,0,0,0,0,17372165,100665620,33751040,,15,15,
FXLH,R118,FTPZG03PP3J3,,R118-P2_P21J1-R7,,FXLH_F05-4FT-02_2_GATEKEEPER,FAIL,09-30-13:06:24,54.33,V1.1.3.2,Check_All_CB,FTPZG03PP3J3,Atlas 1.9.2,FTPZG03PP3J3,V1.1.3.2,1,3,0,0,0,3,0,0,0,3,0,1,1,3,0,0,0,3,0,0,0,2,0,5,5,0,0,0,0,3,0,0,0,3,0,0,0,3,0,0,0,15 00 00 00 ,FTPZG03PP3J3,Pass,DLX937600P6N6R52E,WMT-J90053,R118-P2_P21J1-R7_C01510,R118-P2,R118-P2_P21J1-R7,C4P93770032JCQV3E,GV29367004XP2T12C,FM7934401ZEN0LH1H+V3J,CR1935601RCMW5D1P,13 00 00 00 02 ,13 00 00 00 00,370,0x0172,3,0x03,2,02,1286,0x0506,A0 02 00 0B 00 0B 00 0B ,0,0x00,,0x0F,,0x0F,Pass,02 01 03 03 4B ,02 01 03 03 4B,Read_MLB_Lang :02 01 03 03 4B  ,  Get_KBD_Lang :02 01 03 03 4B,16,0x10,8704,0,0,0,0,0,0,0,0,0,0,0,0,16777216,0,0,0,0,0,16842752,16777216,0,0,0,0,17372165,100665620,33751040,,15,15,
FXLH,R118,FTPZG02VP3J3,,R118-P2_P21J1-R7,,FXLH_F05-4FT-02_2_GATEKEEPER,FAIL,09-30-13:34:36,57.78,V1.1.3.2,Check_All_CB,FTPZG02VP3J3,Atlas 1.9.2,FTPZG02VP3J3,V1.1.3.2,1,3,0,0,0,3,0,0,0,3,0,0,0,3,0,0,0,3,0,0,0,2,0,4,4,0,0,0,0,3,0,0,0,3,0,0,0,3,0,0,0,15 00 00 00 ,FTPZG02VP3J3,Pass,DLX937600QRN6R52S,WMT-J90053,R118-P2_P21J1-R7_C01487,R118-P2,R118-P2_P21J1-R7,C4P9377004FJCQV3Y,GV293670045P2T124,FM7937401DPN0LH1R+V3J,CR1935601RDMW5D1N,13 00 00 00 02 ,13 00 00 00 00,370,0x0172,3,0x03,2,02,1286,0x0506,A0 02 00 0B 00 0B 00 0B ,0,0x00,,0x0F,,0x0F,Pass,02 01 03 03 4B ,02 01 03 03 4B,Read_MLB_Lang :02 01 03 03 4B  ,  Get_KBD_Lang :02 01 03 03 4B,16,0x10,8704,0,0,0,0,0,0,0,0,0,0,0,0,16777216,0,0,0,0,0,16842752,16777216,0,0,0,0,17372165,100665620,33751040,,15,15,
FXLH,R118,FTPZG03LP3J3,,R118-P2_P21J1-R7,,FXLH_F05-4FT-02_2_GATEKEEPER,FAIL,09-30-13:38:48,48.60,V1.1.3.2,Check_All_CB,FTPZG03LP3J3,Atlas 1.9.2,FTPZG03LP3J3,V1.1.3.2,1,3,0,0,0,3,0,0,0,3,0,0,0,3,0,0,0,3,0,0,0,2,0,3,3,0,0,0,0,3,0,0,0,3,0,0,0,3,0,0,0,15 00 00 00 ,FTPZG03LP3J3,Pass,DLX9375009SN6R523,WMT-J90053,R118-P2_P21J1-R7_C01513,R118-P2,R118-P2_P21J1-R7,C4P9377002AJCQV39,GV29367004HP2T12S,FM793440200N0LH1T+V3J,CR193560186MW5D1C,13 00 00 00 02 ,13 00 00 00 00,370,0x0172,3,0x03,2,02,1286,0x0506,A0 02 00 0B 00 0B 00 0B ,0,0x00,,0x0F,,0x0F,Pass,02 01 03 03 4B ,02 01 03 03 4B,Read_MLB_Lang :02 01 03 03 4B  ,  Get_KBD_Lang :02 01 03 03 4B,16,0x10,8704,0,0,0,0,0,0,0,0,0,0,0,0,16777216,0,0,0,0,0,16842752,16777216,0,0,0,0,17372165,100665620,33751040,,15,15,
FXLH,R118,FTPZG058P3J3,,R118-P2_P21J1-ECORELNB,,FXLH_F05-4FT-02_2_GATEKEEPER,FAIL,09-30-13:47:42,49.09,V1.1.3.2,Check_All_CB,FTPZG058P3J3,Atlas 1.9.2,FTPZG058P3J3,V1.1.3.2,1,3,0,0,0,3,0,0,0,3,0,0,0,3,0,0,0,3,0,2,2,3,0,0,0,0,0,0,0,3,0,0,0,3,0,0,0,3,0,0,0,15 00 00 00 ,FTPZG058P3J3,Pass,DLX937500C1N6R52K,WMT-J90054,R118-P2_P21J1-ECORELNB_C01556,R118-P2,R118-P2_P21J1-ECORELNB,C4P9374005GJCQV3X,GV29372002CP2T125,FM7937401CNN0LH1V+V3J,CR1935601LHMW5D1Z,13 00 00 00 02 ,13 00 00 00 00,370,0x0172,3,0x03,2,02,1286,0x0506,A0 02 00 0B 00 0B 00 0B ,0,0x00,,0x0F,,0x0F,Pass,02 01 03 03 4B ,02 01 03 03 4B,Read_MLB_Lang :02 01 03 03 4B  ,  Get_KBD_Lang :02 01 03 03 4B,16,0x10,8704,0,0,0,0,0,0,0,0,0,0,0,0,16777216,0,0,0,0,0,16842752,16777216,0,0,0,0,17372165,100665620,33751040,,15,15,
FXLH,R118,FTPZG03YP3J3,,R118-P2_P21J1-ECORELNB,,FXLH_F05-4FT-02_2_GATEKEEPER,FAIL,09-30-13:49:58,59.63,V1.1.3.2,Check_All_CB,FTPZG03YP3J3,Atlas 1.9.2,FTPZG03YP3J3,V1.1.3.2,1,3,0,0,0,3,0,0,0,3,0,0,0,3,0,0,0,3,0,0,0,3,0,0,0,0,0,0,0,3,0,0,0,3,0,0,0,3,0,0,0,15 00 00 00 ,FTPZG03YP3J3,Pass,DLX937500BJN6R525,WMT-J90054,R118-P2_P21J1-ECORELNB_C01542,R118-P2,R118-P2_P21J1-ECORELNB,C4P9374008MJCQV3H,GV29372001UP2T12S,FM7937401CFN0LH12+V3J,CR193560043MW5D1U,13 00 00 00 02 ,13 00 00 00 00,370,0x0172,3,0x03,2,02,1286,0x0506,A0 02 00 0B 00 0B 00 0B ,0,0x00,,0x0F,,0x0F,Pass,02 01 03 03 4B ,02 01 03 03 4B,Read_MLB_Lang :02 01 03 03 4B  ,  Get_KBD_Lang :02 01 03 03 4B,16,0x10,8704,0,0,0,0,0,0,0,0,0,0,0,0,16777216,0,0,0,0,0,16842752,16777216,0,0,0,0,17372165,100665620,33751040,,15,15,
