GATEKEEPER,V1.1.3.2
Site, Product, SerialNumber, Special Build Name, Special Build Description, Unit Number, Station ID, Test Pass/Fail Status, StartTime, EndTime, Version, List of Failing Tests,Scan_FG_SN,Start Data Reporting,Start Data Reporting,Start Data Reporting,Start Data Reporting,Check_All_CB - CB_STATUS_MLB-FCT,Check_All_CB - ABS_ERASE_MLB-FCT,Check_All_CB - ABS_FAIL_MLB-FCT,Check_All_CB - REL_FAIL_MLB-FCT,Check_All_CB - CB_STATUS_TEST1,Check_All_CB - ABS_ERASE_TEST1,Check_All_CB - ABS_FAIL_TEST1,Check_All_CB - REL_FAIL_TEST1,Check_All_CB - CB_STATUS_QT0,Check_All_CB - ABS_ERASE_QT0,Check_All_CB - ABS_FAIL_QT0,Check_All_CB - REL_FAIL_QT0,Check_All_CB - CB_STATUS_DFU2-FTW,Check_All_CB - ABS_ERASE_DFU2-FTW,Check_All_CB - ABS_FAIL_DFU2-FTW,Check_All_CB - REL_FAIL_DFU2-FTW,Check_All_CB - CB_STATUS_QT1,Check_All_CB - ABS_ERASE_QT1,Check_All_CB - ABS_FAIL_QT1,Check_All_CB - REL_FAIL_QT1,Check_All_CB - CB_STATUS_LED-TEST,Check_All_CB - ABS_ERASE_LED-TEST,Check_All_CB - ABS_FAIL_LED-TEST,Check_All_CB - REL_FAIL_LED-TEST,Check_All_CB - CB_STATUS_KEY-FORCE,Check_All_CB - ABS_ERASE_KEY-FORCE,Check_All_CB - ABS_FAIL_KEY-FORCE,Check_All_CB - REL_FAIL_KEY-FORCE,Check_All_CB - CB_STATUS_TEST2,Check_All_CB - ABS_ERASE_TEST2,Check_All_CB - ABS_FAIL_TEST2,Check_All_CB - REL_FAIL_TEST2,Check_All_CB - CB_STATUS_MMI,Check_All_CB - ABS_ERASE_MMI,Check_All_CB - ABS_FAIL_MMI,Check_All_CB - REL_FAIL_MMI,Check_All_CB - CB_STATUS_SW-DOWNLOAD,Check_All_CB - ABS_ERASE_SW-DOWNLOAD,Check_All_CB - ABS_FAIL_SW-DOWNLOAD,Check_All_CB - REL_FAIL_SW-DOWNLOAD,Check_Bootargs_Status,Read_FG_SN,Compare_FG_SN,MLB_SN,WO_SN,UNIT_LBL,BUILD_EVENT,S_BUILD,KBM_SN,BACKLIGHT_SN,TRACKPAD_SN,TOUCH_FLEX_SN,Check_EP_Status,EP_Enable_All,STFW - STFW,STFW,Read_HW_Version - Read_HW_Version,Read_HW_Version,GreenPAK_ID - GreenPAK_ID,GreenPAK_ID,TOUCH_FW - TOUCH_FW,TOUCH_FW,Read_CCG3_FW,Production_Signed_Check - Production_Signed_Check,Production_Signed_Check,Read_KBD_HW_Layout - Read_KBD_HW_Layout,Read_KBD_HW_Layout,Get_KBD_HW_Layout - Read_KBD_HW_Layout,Get_KBD_HW_Layout,Compare_KBD_HW_Layout,Read_MLB_Lang,Get_KBD_Lang,Check_KBD_Lang,Read_MFI_Address - Read_MFI_Address,Read_MFI_Address,System_Critical_Errors - CRIT_ERR_E1_PART1,System_Critical_Errors - CRIT_ERR_E1_PART2,FW_Update_Critical_Errors - CRIT_ERR_E2_PART1,FW_Update_Critical_Errors - CRIT_ERR_E2_PART2,FW_Update_Critical_Errors - CRIT_ERR_E2_PART3,Key_Scan_Critical_Errors - CRIT_ERR_E7_PART1,Key_Scan_Critical_Errors - CRIT_ERR_E7_PART2,Key_Scan_Critical_Errors - CRIT_ERR_E7_PART3,Key_Scan_Critical_Errors - CRIT_ERR_E7_PART4,USBC_Critical_Errors - CRIT_ERR_E3_PART1,USBC_Critical_Errors - CRIT_ERR_E3_PART2,USBC_Critical_Errors - CRIT_ERR_E3_PART3,USBC_Critical_Errors - CRIT_ERR_E3_PART4,Grape_Critical_Errors - CRIT_ERR_E5_PART1,Grape_Critical_Errors - CRIT_ERR_E5_PART2,Grape_Critical_Errors - CRIT_ERR_E5_PART3,Grape_Critical_Errors - CRIT_ERR_E5_PART4,Grape_Critical_Errors - CRIT_ERR_E5_PART5,Grape_Critical_Errors - CRIT_ERR_E5_PART6,Grape_Critical_Errors - CRIT_ERR_E5_PART7,Grape_Critical_Errors - CRIT_ERR_E5_PART8,Grape_Critical_Errors - CRIT_ERR_E5_PART9,Grape_Critical_Errors - CRIT_ERR_E5_PART10,Critical_Errors_Summary - CRIT_ERR_E0_PART1,Backlight_Critical_Errors - BL_CRI_ERR_PART1,Grape_Connector_Self_Critical_Errors - CRIT_ERR_D3_PART1,Grape_Connector_Self_Critical_Errors - CRIT_ERR_D3_PART2,Grape_Connector_Self_Critical_Errors - CRIT_ERR_D3_PART3,+,Read_KBD_HW_Layout - Read_KBD_HW_Layout,Get_KBD_HW_Layout - Read_KBD_HW_Layout,+,Read_KBD_HW_Layout - Read_KBD_HW_Layout,Get_KBD_HW_Layout - Read_KBD_HW_Layout,
Upper Limited-------->,,,,,,,,,,,,,,,,,3,,,,3,,,,3,,,,3,,,,3,,,,3,,,,3,,,,3,,,,3,,,,3,,,,,,,,,,,,,,,,,,370,,3,,2,,1286,,,0,,33,,33,,,,,,16,,,,,,,,,,,,,,,,,,,,,,,,,,,,,,,15,15,,13,13,
Lower Limited-------->,,,,,,,,,,,,,,,,,3,,,,3,,,,3,,,,3,,,,3,,,,3,,,,3,,,,3,,,,3,,,,3,,,,,,,,,,,,,,,,,,370,,3,,2,,1286,,,0,,33,,33,,,,,,16,,,,,,,,,,,,,,,,,,,,,,,,,,,,,,,15,15,,13,13,
Measurement Units---->,,,,,,,,,,,,,,,,,,,,,,,,,,,,,,,,,,,,,,,,,,,,,,,,,,,,,,,,,,,,,,,,,,,,,,,,,,,,,,,,,,,,,,,,,,,,,,,,,,,,,,,,,,,,,,,,,,,,,,,,,,,,,,
FXLH,R118,FTPZD08XP3HR,,R118-P2_P21AEN-1,,FXLH_F05-4FT-02_2_GATEKEEPER,FAIL,10-14-14:32:31,57.71,V1.1.3.2,Check_All_CB,FTPZD08XP3HR,Atlas 1.9.2,FTPZD08XP3HR,V1.1.3.2,1,3,0,0,0,3,0,0,0,3,0,0,0,3,0,0,0,3,0,1,1,2,0,3,3,0,0,0,0,0,0,0,0,3,0,0,0,3,0,0,0,15 00 00 00 ,FTPZD08XP3HR,Pass,DLX937500FEN6R52X,WMT-J90018,R118-P2_P21AEN-1_C00710,R118-P2,R118-P2_P21AEN-1,C4P932200E4JCPP38,GV29364008NN3LN2E,FM7934401DBN0LH1C+V1J,C47935303VEMW5D2W,13 00 00 00 00 ,13 00 00 00 00,370,0x0172,3,0x03,2,02,1286,0x0506,A0 02 00 0B 00 0B 00 0B ,0,0x00,33,0x21,33,0x21,Pass,02 01 01 05 49 ,02 01 01 05 49,Read_MLB_Lang :02 01 01 05 49  ,  Get_KBD_Lang :02 01 01 05 49,16,0x10,8704,0,0,0,0,0,0,0,0,0,0,0,0,16777216,0,0,0,0,0,16842752,16777216,0,0,0,0,17372165,100665620,33751040,,,,,,,
FXLH,R118,FTPZD01ZP3HR,,R118-P2_P21AEN,,FXLH_F05-4FT-02_2_GATEKEEPER,FAIL,10-14-14:34:32,43.52,V1.1.3.2,Check_All_CB,FTPZD01ZP3HR,Atlas 1.9.2,FTPZD01ZP3HR,V1.1.3.2,1,3,0,0,0,3,0,0,0,3,0,1,1,3,0,0,0,3,0,0,0,2,0,3,3,0,0,0,0,3,0,0,0,3,0,0,0,3,0,0,0,15 00 00 00 ,FTPZD01ZP3HR,Pass,DLX9375005WN6R52B,WMT-J90014,R118-P2_P21AEN_C00595,R118-P2,R118-P2_P21AEN,C4P932200CWJCPP3N,GV29364003CN3LN25,FM79344013NN0LH1X+V1J,CR19356017EMW5D17,13 00 00 00 02 ,13 00 00 00 00,370,0x0172,3,0x03,2,02,1286,0x0506,A0 02 00 0B 00 0B 00 0B ,0,0x00,33,0x21,33,0x21,Pass,02 01 01 05 49 ,02 01 01 05 49,Read_MLB_Lang :02 01 01 05 49  ,  Get_KBD_Lang :02 01 01 05 49,16,0x10,8704,0,0,0,0,0,0,0,0,0,0,0,0,16777216,0,0,0,0,0,16842752,16777216,0,0,0,0,17372165,100665620,33751040,,,,,,,
FXLH,R118,FTPZG03VP3J3,,R118-P2_P21J1-ECORELNB,,FXLH_F05-4FT-02_2_GATEKEEPER,FAIL,10-14-14:47:12,43.98,V1.1.3.2,Check_All_CB,FTPZG03VP3J3,Atlas 1.9.2,FTPZG03VP3J3,V1.1.3.2,1,3,0,0,0,3,0,0,0,3,0,0,0,3,0,0,0,3,0,0,0,3,0,0,0,0,0,0,0,0,0,0,0,3,0,0,0,3,0,0,0,15 00 00 00 ,FTPZG03VP3J3,Pass,DLX937600PCN6R528,WMT-J90054,R118-P2_P21J1-ECORELNB_C01545,R118-P2,R118-P2_P21J1-ECORELNB,C4P93740019JCQV3G,GV29372000DP2T12A,FM793440247N0LH18+V3J,CR19356016XMW5D1T,13 00 00 00 02 ,13 00 00 00 00,370,0x0172,3,0x03,2,02,1286,0x0506,A0 02 00 0B 00 0B 00 0B ,0,0x00,,0x0F,,0x0F,Pass,02 01 03 03 4B ,02 01 03 03 4B,Read_MLB_Lang :02 01 03 03 4B  ,  Get_KBD_Lang :02 01 03 03 4B,16,0x10,8704,0,0,0,0,0,0,0,0,0,0,0,0,16777216,0,0,0,0,0,16842752,16777216,0,0,0,0,17372165,100665620,33751040,,15,15,,,,
FXLH,R118,FTPZG00ZP3J3,,R118-P2_P21J2,,FXLH_F05-4FT-02_2_GATEKEEPER,FAIL,10-14-14:53:28,57.52,V1.1.3.2,Check_All_CB,FTPZG00ZP3J3,Atlas 1.9.2,FTPZG00ZP3J3,V1.1.3.2,1,3,0,0,0,3,0,0,0,3,0,0,0,3,0,0,0,3,0,0,0,3,0,0,0,0,0,0,0,3,0,0,0,3,0,0,0,3,0,0,0,15 00 00 00 ,FTPZG00ZP3J3,Pass,DLX937500N4N6R52L,WMT-J90052,R118-P2_P21J2_C01443,R118-P2,R118-P2_P21J2,C4P9374001ZJCQV3S,GV29367000CP2T129,FM79383004CN0LH1U+VCJ,C4793530208MW5D2N,13 00 00 00 02 ,13 00 00 00 00,370,0x0172,3,0x03,2,02,1286,0x0506,A0 02 00 0B 00 0B 00 0B ,0,0x00,,0x0F,,0x0F,Pass,02 01 03 03 4B ,02 01 03 03 4B,Read_MLB_Lang :02 01 03 03 4B  ,  Get_KBD_Lang :02 01 03 03 4B,16,0x10,8704,0,0,0,0,0,0,0,0,0,0,0,0,16777216,0,0,0,0,0,16842752,16777216,0,0,0,0,17372165,100665620,33751040,,15,15,,,,
FXLH,R118,FTPZF01BP3HR,,R118-P2_P21AEN-LO,,FXLH_F05-4FT-02_2_GATEKEEPER,FAIL,10-14-14:59:07,72.78,V1.1.3.2,Check_All_CB,FTPZF01BP3HR,Atlas 1.9.2,FTPZF01BP3HR,V1.1.3.2,1,3,0,0,0,3,0,0,0,3,0,1,1,3,0,0,0,3,0,0,0,2,0,5,5,0,0,0,0,0,0,0,0,3,0,0,0,3,0,0,0,15 00 00 00 ,FTPZF01BP3HR,Pass,DLX9382001RN6R52U,WMT-J90020,R118-P2_P21AEN-LO_C00968,R118-P2,R118-P2_P21AEN-LO,C4P9374001RJCPP39,GV29372002MN3LN2Y,FM793660032N0LH1A+VLJ,C47935303MEMW5D2L,13 00 00 00 02 ,13 00 00 00 00,370,0x0172,3,0x03,2,02,1286,0x0506,A0 02 00 0B 00 0B 00 0B ,0,0x00,33,0x21,33,0x21,Pass,02 01 01 05 49 ,02 01 01 05 49,Read_MLB_Lang :02 01 01 05 49  ,  Get_KBD_Lang :02 01 01 05 49,16,0x10,8704,0,0,0,0,0,0,0,0,0,0,0,0,16777216,0,0,0,0,0,16842752,16777216,0,0,0,0,17372165,100665620,33751040,,,,,,,
FXLH,R118,FTPZG004P3J3,,R118-P2_P21J1,,FXLH_F05-4FT-02_2_GATEKEEPER,FAIL,10-15-16:13:52,51.95,V1.1.3.2,Check_All_CB,FTPZG004P3J3,Atlas 1.9.2,FTPZG004P3J3,V1.1.3.2,1,3,0,0,0,3,0,0,0,3,0,0,0,3,0,0,0,3,0,0,0,3,0,0,0,0,0,0,0,3,0,0,0,3,0,1,1,3,0,0,0,15 00 00 00 ,FTPZG004P3J3,Pass,DLX937500LPN6R527,WMT-J90051,R118-P2_P21J1_C01399,R118-P2,R118-P2_P21J1,C4P9374003FJCQV34,GV29363001LP2T122,FM793830043N0LH13+VCJ,CR1935601H7MW5D1J,13 00 00 00 02 ,13 00 00 00 00,370,0x0172,3,0x03,2,02,1286,0x0506,A0 02 00 0B 00 0B 00 0B ,0,0x00,,0x0F,,0x0F,Pass,02 01 03 03 4B ,02 01 03 03 4B,Read_MLB_Lang :02 01 03 03 4B  ,  Get_KBD_Lang :02 01 03 03 4B,16,0x10,8704,0,0,0,0,0,0,0,0,0,0,0,0,16777216,0,0,0,0,0,16842752,16777216,0,0,0,0,17372165,100665620,33751040,,15,15,,,,
FXLH,R118,FTPZG03ZP3J3,,R118-P2_P21J1-ECORELNB,,FXLH_F05-4FT-02_2_GATEKEEPER,FAIL,10-15-16:18:57,57.94,V1.1.3.2,Check_All_CB,FTPZG03ZP3J3,Atlas 1.9.2,FTPZG03ZP3J3,V1.1.3.2,1,3,0,0,0,3,0,0,0,3,0,0,0,3,0,0,0,3,0,0,0,3,0,0,0,0,0,0,0,3,0,1,1,3,0,0,0,3,0,0,0,15 00 00 00 ,FTPZG03ZP3J3,Pass,DLX937600Q8N6R529,WMT-J90054,R118-P2_P21J1-ECORELNB_C01541,R118-P2,R118-P2_P21J1-ECORELNB,C4P9374001NJCQV33,GV293720003P2T12L,FM793440219N0LH1F+V3J,C47935300W4MW5D26,13 00 00 00 02 ,13 00 00 00 00,370,0x0172,3,0x03,2,02,1286,0x0506,A0 02 00 0B 00 0B 00 0B ,0,0x00,,0x0F,,0x0F,Pass,02 01 03 03 4B ,02 01 03 03 4B,Read_MLB_Lang :02 01 03 03 4B  ,  Get_KBD_Lang :02 01 03 03 4B,16,0x10,8704,0,0,0,0,0,0,0,0,0,0,0,0,16777216,0,0,0,0,0,16842752,16777216,0,0,0,0,17372165,100665620,33751040,,15,15,,,,
FXLH,R118,FTPZG05RP3J3,,R118-P2_P21J3,,FXLH_F05-4FT-02_2_GATEKEEPER,FAIL,10-15-16:23:30,47.70,V1.1.3.2,Check_All_CB,FTPZG05RP3J3,Atlas 1.9.2,FTPZG05RP3J3,V1.1.3.2,1,3,0,0,0,3,0,0,0,3,0,0,0,3,0,0,0,3,0,1,1,3,0,0,0,0,0,0,0,3,0,0,0,3,0,0,0,3,0,0,0,15 00 00 00 ,FTPZG05RP3J3,Pass,DLX937500LQN6R526,WMT-J90057,R118-P2_P21J3_C01590,R118-P2,R118-P2_P21J3,C4P93740098JCQV3T,GV29367001HP2T121,FM79383009QN0LH11+VCJ,CR1935601J2MW5D1L,13 00 00 00 02 ,13 00 00 00 00,370,0x0172,3,0x03,2,02,1286,0x0506,A0 02 00 0B 00 0B 00 0B ,0,0x00,,0x0F,,0x0F,Pass,02 01 03 03 4B ,02 01 03 03 4B,Read_MLB_Lang :02 01 03 03 4B  ,  Get_KBD_Lang :02 01 03 03 4B,16,0x10,8704,0,0,0,0,0,0,0,0,0,0,0,0,16777216,0,0,0,0,0,16842752,16777216,0,0,0,0,17372165,100665620,33751040,,15,15,,,,
FXLH,R118,FTPZG015P3J3,,R118-P2_P21J2,,FXLH_F05-4FT-02_2_GATEKEEPER,FAIL,10-15-16:27:59,48.37,V1.1.3.2,Check_All_CB,FTPZG015P3J3,Atlas 1.9.2,FTPZG015P3J3,V1.1.3.2,1,3,0,0,0,3,0,0,0,3,0,0,0,3,0,0,0,3,0,0,0,3,0,1,1,0,0,0,0,3,0,1,1,3,0,0,0,3,0,0,0,15 00 00 00 ,FTPZG015P3J3,Pass,DLX937500KEN6R52K,WMT-J90052,R118-P2_P21J2_C01449,R118-P2,R118-P2_P21J2,C4P9374000EJCQV3E,GV29367000RP2T12W,FM79383003JN0LH1R+VCJ,C47935301Y8MW5D2V,13 00 00 00 02 ,13 00 00 00 00,370,0x0172,3,0x03,2,02,1286,0x0506,A0 02 00 0B 00 0B 00 0B ,0,0x00,,0x0F,,0x0F,Pass,02 01 03 03 4B ,02 01 03 03 4B,Read_MLB_Lang :02 01 03 03 4B  ,  Get_KBD_Lang :02 01 03 03 4B,16,0x10,8704,0,0,0,0,0,0,0,0,0,0,0,0,16777216,0,0,0,0,0,16842752,16777216,0,0,0,0,17372165,100665620,33751040,,15,15,,,,
FXLH,R118,FTPZG00YP3J3,,R118-P2_P21J2,,FXLH_F05-4FT-02_2_GATEKEEPER,FAIL,10-15-16:32:04,59.92,V1.1.3.2,Check_All_CB,FTPZG00YP3J3,Atlas 1.9.2,FTPZG00YP3J3,V1.1.3.2,1,3,0,0,0,3,0,0,0,3,0,0,0,3,0,0,0,3,0,0,0,3,0,0,0,0,0,0,0,3,0,0,0,3,0,0,0,3,0,0,0,15 00 00 00 ,FTPZG00YP3J3,Pass,DLX937500KAN6R52P,WMT-J90052,R118-P2_P21J2_C01441,R118-P2,R118-P2_P21J2,C4P9374003LJCQV3Z,GV29367000NP2T12Z,FM79383001NN0LH1T+VCJ,C47935303XDMW5D2R,13 00 00 00 02 ,13 00 00 00 00,370,0x0172,3,0x03,2,02,1286,0x0506,A0 02 00 0B 00 0B 00 0B ,0,0x00,,0x0F,,0x0F,Pass,02 01 03 03 4B ,02 01 03 03 4B,Read_MLB_Lang :02 01 03 03 4B  ,  Get_KBD_Lang :02 01 03 03 4B,16,0x10,8704,0,0,0,0,0,0,0,0,0,0,0,0,16777216,0,0,0,0,0,16842752,16777216,0,0,0,0,17372165,100665620,33751040,,15,15,,,,
FXLH,R118,FTPZJ03VP3HR,,R118-POST P2_P21AEN-D11-1,,FXLH_F05-4FT-02_2_GATEKEEPER,FAIL,10-15-18:29:14,59.75,V1.1.3.2,Check_All_CB,FTPZJ03VP3HR,Atlas 1.9.2,FTPZJ03VP3HR,V1.1.3.2,1,3,0,0,0,3,0,0,0,3,0,0,0,3,0,0,0,3,0,0,0,2,0,3,3,0,0,0,0,3,0,0,0,3,0,0,0,3,0,0,0,15 00 00 00 ,FTPZJ03VP3HR,Pass,DLX93940044N6R521,WMT-JA000A,R118-POST P2_P21AEN-D11-1_C01655,R118-POST P2,R118-POST P2_P21AEN-D11-1,C4P932200M6JCPP3K,GV293720079N3LN2V,FM7934402YGN0LH1H+V6J,CR1935600SJMW5D1F,13 00 00 00 02 ,13 00 00 00 00,370,0x0172,3,0x03,2,02,1286,0x0506,A0 02 00 0B 00 0B 00 0B ,0,0x00,33,0x21,33,0x21,Pass,02 01 01 05 49 ,02 01 01 05 49,Read_MLB_Lang :02 01 01 05 49  ,  Get_KBD_Lang :02 01 01 05 49,16,0x10,8704,0,0,0,0,0,0,0,0,0,0,0,0,16777216,0,0,0,0,0,16842752,16777216,0,0,0,0,17372165,100665620,33751040,,,,,,,
FXLH,R118,FTPZJ04BP3HR,,R118-POST P2_P21AEN-D11-1,,FXLH_F05-4FT-02_2_GATEKEEPER,FAIL,10-15-18:37:21,53.32,V1.1.3.2,Check_All_CB,FTPZJ04BP3HR,Atlas 1.9.2,FTPZJ04BP3HR,V1.1.3.2,1,3,0,0,0,3,0,0,0,3,0,0,0,3,0,0,0,3,0,0,0,2,0,3,3,0,0,0,0,3,0,0,0,3,0,0,0,3,0,0,0,15 00 00 00 ,FTPZJ04BP3HR,Pass,DLX93940058N6R52U,WMT-JA000A,R118-POST P2_P21AEN-D11-1_C01671,R118-POST P2,R118-POST P2_P21AEN-D11-1,C4P932200BBJCPP3A,GV29372006CN3LN2V,FM7934402V2N0LH16+V6J,CR1935600HEMW5D1C,13 00 00 00 02 ,13 00 00 00 00,370,0x0172,3,0x03,2,02,1286,0x0506,A0 02 00 0B 00 0B 00 0B ,0,0x00,33,0x21,33,0x21,Pass,02 01 01 05 49 ,02 01 01 05 49,Read_MLB_Lang :02 01 01 05 49  ,  Get_KBD_Lang :02 01 01 05 49,16,0x10,8704,0,0,0,0,0,0,0,0,0,0,0,0,16777216,0,0,0,0,0,16842752,16777216,0,0,0,0,17372165,100665620,33751040,,,,,,,
FXLH,R118,FTPZJ03RP3HR,,R118-POST P2_P21AEN-D11-1,,FXLH_F05-4FT-02_2_GATEKEEPER,FAIL,10-15-18:41:16,123.61,V1.1.3.2,Check_All_CB,FTPZJ03RP3HR,Atlas 1.9.2,FTPZJ03RP3HR,V1.1.3.2,1,3,0,0,0,3,0,0,0,3,0,0,0,3,0,0,0,3,0,0,0,2,0,3,3,0,0,0,0,3,0,0,0,3,0,0,0,3,0,0,0,15 00 00 00 ,FTPZJ03RP3HR,Pass,DLX93940043N6R522,WMT-JA000A,R118-POST P2_P21AEN-D11-1_C01672,R118-POST P2,R118-POST P2_P21AEN-D11-1,C4P9322003LJCPP3R,GV29372006DN3LN2U,FM7934402XQN0LH1C+V6J,CR1935600NVMW5D1G,13 00 00 00 02 ,13 00 00 00 00,370,0x0172,3,0x03,2,02,1286,0x0506,A0 02 00 0B 00 0B 00 0B ,0,0x00,33,0x21,33,0x21,Pass,02 01 01 05 49 ,02 01 01 05 49,Read_MLB_Lang :02 01 01 05 49  ,  Get_KBD_Lang :02 01 01 05 49,16,0x10,8704,0,0,0,0,0,0,0,0,0,0,0,0,16777216,0,0,0,0,0,16842752,16777216,0,0,0,0,17372165,100665620,33751040,,,,,,,
FXLH,R118,FTPZJ043P3HR,,R118-POST P2_P21AEN-D11-1,,FXLH_F05-4FT-02_2_GATEKEEPER,FAIL,10-16-08:08:57,49.96,V1.1.3.2,Check_All_CB,FTPZJ043P3HR,Atlas 1.9.2,FTPZJ043P3HR,V1.1.3.2,1,3,0,0,0,3,0,0,0,3,0,1,1,3,0,0,0,3,0,2,2,2,0,3,3,0,0,0,0,3,0,0,0,3,0,0,0,3,0,0,0,15 00 00 00 ,FTPZJ043P3HR,Pass,DLX93940056N6R52W,WMT-JA000A,R118-POST P2_P21AEN-D11-1_C01663,R118-POST P2,R118-POST P2_P21AEN-D11-1,C4P932200QFJCPP31,GV29372006PN3LN2J,FM7934402WBN0LH1U+V6J,CR1935600H2MW5D1Q,13 00 00 00 02 ,13 00 00 00 00,370,0x0172,3,0x03,2,02,1286,0x0506,A0 02 00 0B 00 0B 00 0B ,0,0x00,33,0x21,33,0x21,Pass,02 01 01 05 49 ,02 01 01 05 49,Read_MLB_Lang :02 01 01 05 49  ,  Get_KBD_Lang :02 01 01 05 49,16,0x10,8704,0,0,0,0,0,0,0,0,0,0,0,0,16777216,0,0,0,0,0,16842752,16777216,0,0,0,0,17372165,100665620,33751040,,,,,,,
FXLH,R118,FTPZJ03QP3HR,,R118-POST P2_P21AEN-D11-1,,FXLH_F05-4FT-02_2_GATEKEEPER,FAIL,10-16-08:34:37,50.22,V1.1.3.2,Check_All_CB,FTPZJ03QP3HR,Atlas 1.9.2,FTPZJ03QP3HR,V1.1.3.2,1,3,0,0,0,3,0,0,0,3,0,0,0,3,0,0,0,3,0,0,0,2,0,3,3,0,0,0,0,3,0,0,0,3,0,0,0,3,0,0,0,15 00 00 00 ,FTPZJ03QP3HR,Pass,DLX9382009JN6R52B,WMT-JA000A,R118-POST P2_P21AEN-D11-1_C01673,R118-POST P2,R118-POST P2_P21AEN-D11-1,C4P932200KPJCPP38,GV29372005AN3LN20,FM793440310N0LH1P+V6J,CR1935600HBMW5D1F,13 00 00 00 02 ,13 00 00 00 00,370,0x0172,3,0x03,2,02,1286,0x0506,A0 02 00 0B 00 0B 00 0B ,0,0x00,33,0x21,33,0x21,Pass,02 01 01 05 49 ,02 01 01 05 49,Read_MLB_Lang :02 01 01 05 49  ,  Get_KBD_Lang :02 01 01 05 49,16,0x10,8704,0,0,0,0,0,0,0,0,0,0,0,0,16777216,0,0,0,0,0,16842752,16777216,0,0,0,0,17372165,100665620,33751040,,,,,,,
FXLH,R118,FTPZJ03GP3HR,,R118-POST P2_P21AEN-D11-1,,FXLH_F05-4FT-02_2_GATEKEEPER,FAIL,10-16-08:39:36,43.88,V1.1.3.2,Check_All_CB,FTPZJ03GP3HR,Atlas 1.9.2,FTPZJ03GP3HR,V1.1.3.2,1,3,0,0,0,3,0,0,0,3,0,0,0,3,0,0,0,3,0,0,0,2,0,3,3,0,0,0,0,3,0,0,0,3,0,0,0,3,0,0,0,15 00 00 00 ,FTPZJ03GP3HR,Pass,DLX93940052N6R520,WMT-JA000A,R118-POST P2_P21AEN-D11-1_C01681,R118-POST P2,R118-POST P2_P21AEN-D11-1,C4P9382004HJCPP37,GV29372005MN3LN2P,FM7934402ZWN0LH10+V6J,CR1935600N4MW5D17,13 00 00 00 02 ,13 00 00 00 00,370,0x0172,3,0x03,2,02,1286,0x0506,A0 02 00 0B 00 0B 00 0B ,0,0x00,33,0x21,33,0x21,Pass,02 01 01 05 49 ,02 01 01 05 49,Read_MLB_Lang :02 01 01 05 49  ,  Get_KBD_Lang :02 01 01 05 49,16,0x10,8704,0,0,0,0,0,0,0,0,0,0,0,0,16777216,0,0,0,0,0,16842752,16777216,0,0,0,0,17372165,100665620,33751040,,,,,,,
FXLH,R118,FTPZF00NP3J0,,R118-P2_P21ISP-NB,,FXLH_F05-4FT-02_2_GATEKEEPER,FAIL,10-16-08:44:49,52.97,V1.1.3.2,Check_All_CB,FTPZF00NP3J0,Atlas 1.9.2,FTPZF00NP3J0,V1.1.3.2,1,3,0,0,0,3,0,0,0,3,0,0,0,3,0,0,0,3,0,2,2,2,0,3,3,0,0,0,0,3,0,0,0,3,0,0,0,3,0,0,0,15 00 00 00 ,FTPZF00NP3J0,Pass,DLX9375008RN6R527,WMT-J90038,R118-P2_P21ISP-NB_C01209,R118-P2,R118-P2_P21ISP-NB,C4P9345000ZJCQ73R,GV293630028P2T02C,FM7934400FPN0LH1V+S1J,C47935304RHMW5D24,13 00 00 00 02 ,13 00 00 00 00,370,0x0172,3,0x03,2,02,1286,0x0506,A0 02 00 0B 00 0B 00 0B ,0,0x00,,0x0D,,0x0D,Pass,02 01 02 07 4A ,02 01 02 07 4A,Read_MLB_Lang :02 01 02 07 4A  ,  Get_KBD_Lang :02 01 02 07 4A,16,0x10,8704,0,0,0,0,0,0,0,0,0,0,0,0,16777216,0,0,0,0,0,16842752,16777216,0,0,0,0,17372165,100665620,33751040,,,,,13,13,
FXLH,R118,FTPZJ03JP3HR,,R118-POST P2_P21AEN-D11-1,,FXLH_F05-4FT-02_2_GATEKEEPER,FAIL,10-16-08:50:15,43.35,V1.1.3.2,Check_All_CB,FTPZJ03JP3HR,Atlas 1.9.2,FTPZJ03JP3HR,V1.1.3.2,1,3,0,0,0,3,0,0,0,3,0,0,0,3,0,0,0,3,0,0,0,2,0,3,3,0,0,0,0,3,0,0,0,3,0,0,0,3,0,0,0,15 00 00 00 ,FTPZJ03JP3HR,Pass,DLX9382006BN6R52T,WMT-JA000A,R118-POST P2_P21AEN-D11-1_C01679,R118-POST P2,R118-POST P2_P21AEN-D11-1,C4P9322005FJCPP3Q,GV29372006BN3LN2W,FM7934402VTN0LH1F+V6J,CR1935600HHMW5D19,13 00 00 00 02 ,13 00 00 00 00,370,0x0172,3,0x03,2,02,1286,0x0506,A0 02 00 0B 00 0B 00 0B ,0,0x00,33,0x21,33,0x21,Pass,02 01 01 05 49 ,02 01 01 05 49,Read_MLB_Lang :02 01 01 05 49  ,  Get_KBD_Lang :02 01 01 05 49,16,0x10,8704,0,0,0,0,0,0,0,0,0,0,0,0,16777216,0,0,0,0,0,16842752,16777216,0,0,0,0,17372165,100665620,33751040,,,,,,,
FXLH,R118,FTPZF02LP3HR,,R118-P2_P21AEN-LO,,FXLH_F05-4FT-02_2_GATEKEEPER,FAIL,10-16-08:55:28,60.36,V1.1.3.2,Check_All_CB,FTPZF02LP3HR,Atlas 1.9.2,FTPZF02LP3HR,V1.1.3.2,1,3,0,0,0,3,0,0,0,3,0,0,0,3,0,0,0,3,0,1,1,2,0,7,7,0,0,0,0,3,0,0,0,3,0,0,0,3,0,0,0,15 00 00 00 ,FTPZF02LP3HR,Pass,DLX937600T6N6R522,WMT-J90020,R118-P2_P21AEN-LO_C00981,R118-P2,R118-P2_P21AEN-LO,C4P93740047JCPP3J,GV29372002NN3LN2X,FM793660031N0LH1B+VLJ,C47935304QXMW5D2T,13 00 00 00 02 ,13 00 00 00 00,370,0x0172,3,0x03,2,02,1286,0x0506,A0 02 00 0B 00 0B 00 0B ,0,0x00,33,0x21,33,0x21,Pass,02 01 01 05 49 ,02 01 01 05 49,Read_MLB_Lang :02 01 01 05 49  ,  Get_KBD_Lang :02 01 01 05 49,16,0x10,8704,0,0,0,0,0,0,0,0,0,0,0,0,16777216,0,0,0,0,0,16842752,16777216,0,0,0,0,17372165,100665620,33751040,,,,,,,
FXLH,R118,FTPZJ03XP3HR,,R118-POST P2_P21AEN-D11-1,,FXLH_F05-4FT-02_2_GATEKEEPER,FAIL,10-16-09:00:53,51.31,V1.1.3.2,Check_All_CB,FTPZJ03XP3HR,Atlas 1.9.2,FTPZJ03XP3HR,V1.1.3.2,1,3,0,0,0,3,0,0,0,3,0,0,0,3,0,0,0,3,0,0,0,2,0,6,6,0,0,0,0,3,0,0,0,3,0,0,0,3,0,0,0,15 00 00 00 ,FTPZJ03XP3HR,Pass,DLX93940051N6R521,WMT-JA000A,R118-POST P2_P21AEN-D11-1_C01657,R118-POST P2,R118-POST P2_P21AEN-D11-1,C4P932200GPJCPP3H,GV29372005DN3LN2X,FM7934402W7N0LH1Y+V6J,CR1935600GQMW5D15,13 00 00 00 02 ,13 00 00 00 00,370,0x0172,3,0x03,2,02,1286,0x0506,A0 02 00 0B 00 0B 00 0B ,0,0x00,33,0x21,33,0x21,Pass,02 01 01 05 49 ,02 01 01 05 49,Read_MLB_Lang :02 01 01 05 49  ,  Get_KBD_Lang :02 01 01 05 49,16,0x10,8704,0,0,0,0,0,0,0,0,0,0,0,0,16777216,0,0,0,0,0,16842752,16777216,0,0,0,0,17372165,100665620,33751040,,,,,,,
FXLH,R118,FTPZF00HP3JC,,R118-P2_P21IITA-R5,,FXLH_F05-4FT-02_2_GATEKEEPER,FAIL,10-16-14:40:12,50.53,V1.1.3.2,Check_All_CB,FTPZF00HP3JC,Atlas 1.9.2,FTPZF00HP3JC,V1.1.3.2,1,3,0,0,0,3,0,0,0,3,0,0,0,3,0,0,0,3,0,0,0,2,0,2,2,0,0,0,0,3,0,0,0,3,0,0,0,3,0,0,0,15 00 00 00 ,FTPZF00HP3JC,Pass,DLX938200BJN6R525,WMT-J9004A,R118-P2_P21IITA-R5_C01318,R118-P2,R118-P2_P21IITA-R5,C4P9345001LJCQP3K,GV293720084P2T02W,FM7934402XKN0LH1H+V6J,C47935305LLMW5D2F,13 00 00 00 02 ,13 00 00 00 00,370,0x0172,3,0x03,2,02,1286,0x0506,A0 02 00 0B 00 0B 00 0B ,0,0x00,,0x0D,,0x0D,Pass,02 01 02 09 4A ,02 01 02 09 4A,Read_MLB_Lang :02 01 02 09 4A  ,  Get_KBD_Lang :02 01 02 09 4A,16,0x10,8704,0,0,0,0,0,0,0,0,0,0,0,0,16777216,0,0,0,0,0,16842752,16777216,0,0,0,0,17372165,100665620,33751040,,,,,13,13,
FXLH,R118,FTPZD02AP3HR,,R118-P2_P21AEN,,FXLH_F05-4FT-02_2_GATEKEEPER,FAIL,10-16-14:44:26,46.42,V1.1.3.2,Check_All_CB,FTPZD02AP3HR,Atlas 1.9.2,FTPZD02AP3HR,V1.1.3.2,1,3,0,0,0,3,0,0,0,3,0,0,0,3,0,0,0,3,0,0,0,2,0,4,4,0,0,0,0,3,0,0,0,3,0,0,0,3,0,0,0,15 00 00 00 ,FTPZD02AP3HR,Pass,DLX9375006JN6R52L,WMT-J90014,R118-P2_P21AEN_C00536,R118-P2,R118-P2_P21AEN,C4P932200L1JCPP3T,GV29364004JN3LN2W,FM7934401UJN0LH1U+V1J,CR193560121MW5D11,13 00 00 00 02 ,13 00 00 00 00,370,0x0172,3,0x03,2,02,1286,0x0506,A0 02 00 0B 00 0B 00 0B ,0,0x00,33,0x21,33,0x21,Pass,02 01 01 05 49 ,02 01 01 05 49,Read_MLB_Lang :02 01 01 05 49  ,  Get_KBD_Lang :02 01 01 05 49,16,0x10,8704,0,0,0,0,0,0,0,0,0,0,0,0,16777216,0,0,0,0,0,16842752,16777216,0,0,0,0,17372165,100665620,33751040,,,,,,,
FXLH,R118,FTPZF003P3J0,,R118-P2_P21ISP,,FXLH_F05-4FT-02_2_GATEKEEPER,FAIL,10-16-14:49:37,49.65,V1.1.3.2,Check_All_CB,FTPZF003P3J0,Atlas 1.9.2,FTPZF003P3J0,V1.1.3.2,1,3,0,0,0,3,0,0,0,3,0,0,0,3,0,0,0,3,0,0,0,3,0,0,0,0,0,0,0,3,0,0,0,3,0,0,0,3,0,0,0,15 00 00 00 ,FTPZF003P3J0,Pass,DLX937600RAN6R524,WMT-J9002C,R118-P2_P21ISP_C01124,R118-P2,R118-P2_P21ISP,C4P93450016JCQ73F,GV293670031P2T02C,FM7934401USN0LH1L+V1J,CR1935600C6MW5D11,13 00 00 00 02 ,13 00 00 00 00,370,0x0172,3,0x03,2,02,1286,0x0506,A0 02 00 0B 00 0B 00 0B ,0,0x00,,0x0D,,0x0D,Pass,02 01 02 07 4A ,02 01 02 07 4A,Read_MLB_Lang :02 01 02 07 4A  ,  Get_KBD_Lang :02 01 02 07 4A,16,0x10,8704,0,0,0,0,0,0,0,0,0,0,0,0,16777216,0,0,0,0,0,16842752,16777216,0,0,0,0,17372165,100665620,33751040,,,,,13,13,
FXLH,R118,FTPZG05QP3J3,,R118-P2_P21J3,,FXLH_F05-4FT-02_2_GATEKEEPER,FAIL,10-16-18:31:14,40.68,V1.1.3.2,Check_All_CB,FTPZG05QP3J3,Atlas 1.9.2,FTPZG05QP3J3,V1.1.3.2,1,3,0,0,0,3,0,1,1,3,0,0,0,3,0,0,0,3,0,1,1,3,0,0,0,0,0,0,0,3,0,0,0,3,0,0,0,3,0,0,0,15 00 00 00 ,FTPZG05QP3J3,Pass,DLX937500HKN6R52L,WCT-J90057,R118-P2_P21J3_C01589,R118-P2,R118-P2_P21J3,C4P937400DZJCQV3Q,GV29367002AP2T125,FM79383003RN0LH1J+VCJ,CR1935601BNMW5D1M,13 00 00 00 02 ,13 00 00 00 00,370,0x0172,3,0x03,2,02,1286,0x0506,A0 02 00 0B 00 0B 00 0B ,0,0x00,,0x0F,,0x0F,Pass,02 01 03 03 4B ,02 01 03 03 4B,Read_MLB_Lang :02 01 03 03 4B  ,  Get_KBD_Lang :02 01 03 03 4B,16,0x10,8704,0,0,0,0,0,0,0,0,0,0,0,0,16777216,0,0,0,0,0,16842752,16777216,0,0,0,0,17372165,100665620,33751040,,15,15,,,,
FXLH,R118,FTPZF00SP3HX,,R118-P2_P21IG,,FXLH_F05-4FT-02_2_GATEKEEPER,FAIL,10-16-18:38:15,46.47,V1.1.3.2,Check_All_CB,FTPZF00SP3HX,Atlas 1.9.2,FTPZF00SP3HX,V1.1.3.2,1,3,0,0,0,3,0,0,0,3,0,1,1,3,0,0,0,3,0,0,0,2,0,3,3,0,0,0,0,3,0,0,0,3,0,0,0,3,0,1,1,15 00 00 00 ,FTPZF00SP3HX,Pass,DLX937600R9N6R525,WCT-J90029,R118-P2_P21IG_C01076,R118-P2,R118-P2_P21IG,C4P9347001PJCQ53Y,GV29372002CP2T026,FM7934401DJN0LH15+V1J,C47935302Y3MW5D2Z,13 00 00 00 02 ,13 00 00 00 00,370,0x0172,3,0x03,2,02,1286,0x0506,A0 02 00 0B 00 0B 00 0B ,0,0x00,,0x0D,,0x0D,Pass,02 01 02 01 4A ,02 01 02 01 4A,Read_MLB_Lang :02 01 02 01 4A  ,  Get_KBD_Lang :02 01 02 01 4A,16,0x10,8704,0,0,0,0,0,0,0,0,0,0,0,0,16777216,0,0,0,0,0,16842752,16777216,0,0,0,0,17372165,100665620,33751040,,,,,13,13,
FXLH,R118,FTPZD00MP3HR,,R118-P2_P21AEN-M2,,FXLH_F05-4FT-02_2_GATEKEEPER,FAIL,10-17-14:04:45,79.69,V1.1.3.2,Check_All_CB,FTPZD00MP3HR,Atlas 1.9.2,FTPZD00MP3HR,V1.1.3.2,1,0,0,0,0,0,0,0,0,3,0,11,11,3,0,0,0,3,0,0,0,2,0,3,3,0,0,0,0,0,0,0,0,3,0,0,0,3,0,1,1,15 00 00 00 ,FTPZD00MP3HR,Pass,DLX9366007FN6R52N,WMT-J90009,R118-P2_P21AEN-M2_C00370,R118-P2,R118-P2_P21AEN-M2,C4P9322009FJCPP3C,GV29363001GN3LN28,FM7934400USN0LH1M+M1J,CR193560145MW5D1R,13 00 00 00 02 ,13 00 00 00 00,370,0x0172,3,0x03,2,02,1286,0x0506,A0 02 00 0B 00 0B 00 0B ,0,0x00,33,0x21,33,0x21,Pass,02 01 01 05 49 ,02 01 01 05 49,Read_MLB_Lang :02 01 01 05 49  ,  Get_KBD_Lang :02 01 01 05 49,16,0x10,8704,0,0,0,0,0,0,0,0,0,0,0,0,16777216,0,0,0,0,0,16842752,16777216,0,0,0,0,17372165,100665620,33751040,,,,,,,
FXLH,R118,FTPZJ06QP3HR,,R118-POST P2_P21AEN-D12-1,,FXLH_F05-4FT-02_2_GATEKEEPER,FAIL,10-17-18:20:28,41.58,V1.1.3.2,Check_All_CB,FTPZJ06QP3HR,Atlas 1.9.2,FTPZJ06QP3HR,V1.1.3.2,1,3,0,0,0,3,0,0,0,3,0,0,0,3,0,0,0,3,0,5,5,2,0,4,4,0,0,0,0,3,0,0,0,3,0,0,0,3,0,0,0,15 00 00 00 ,FTPZJ06QP3HR,Pass,DLX93940050N6R522,WMT-JA000D,R118-POST P2_P21AEN-D12-1_C01727,R118-POST P2,R118-POST P2_P21AEN-D12-1,C4P932200M9JCPP3G,GV293630002N3LN2R,FM7938300KTN0LH12+VLJ,CR1935600EXMW5D14,13 00 00 00 02 ,13 00 00 00 00,370,0x0172,3,0x03,2,02,1286,0x0506,A0 02 00 0B 00 0B 00 0B ,0,0x00,33,0x21,33,0x21,Pass,02 01 01 05 49 ,02 01 01 05 49,Read_MLB_Lang :02 01 01 05 49  ,  Get_KBD_Lang :02 01 01 05 49,16,0x10,8704,0,0,0,0,0,0,0,0,0,0,0,0,16777216,0,0,0,0,0,16842752,16777216,0,0,0,0,17372165,100665620,33751040,,,,,,,
FXLH,R118,FTPZJ06SP3HR,,R118-POST P2_P21AEN-D12-1,,FXLH_F05-4FT-02_2_GATEKEEPER,FAIL,10-18-14:57:13,62.75,V1.1.3.2,Check_All_CB,FTPZJ06SP3HR,Atlas 1.9.2,FTPZJ06SP3HR,V1.1.3.2,1,3,0,0,0,3,0,0,0,3,0,0,0,3,0,0,0,3,0,0,0,2,0,4,4,0,0,0,0,3,0,0,0,3,0,0,0,3,0,0,0,15 00 00 00 ,FTPZJ06SP3HR,Pass,DLX9394003DN6R52V,WMT-JA000D,R118-POST P2_P21AEN-D12-1_C01729,R118-POST P2,R118-POST P2_P21AEN-D12-1,C4P932200SCJCPP3Y,GV293630011N3LN2P,FM7938300K6N0LH1P+VLJ,CR1935600HWMW5D1W,13 00 00 00 02 ,13 00 00 00 00,370,0x0172,3,0x03,2,02,1286,0x0506,A0 02 00 0B 00 0B 00 0B ,0,0x00,33,0x21,33,0x21,Pass,02 01 01 05 49 ,02 01 01 05 49,Read_MLB_Lang :02 01 01 05 49  ,  Get_KBD_Lang :02 01 01 05 49,16,0x10,8704,0,0,0,0,0,0,0,0,0,0,0,0,16777216,0,0,0,0,0,16842752,16777216,0,0,0,0,17372165,100665620,33751040,,,,,,,
FXLH,R118,FTPZJ061P3HR,,R118-POST P2_P21AEN-D12-1,,FXLH_F05-4FT-02_2_GATEKEEPER,FAIL,10-18-15:12:01,51.68,V1.1.3.2,Check_All_CB,FTPZJ061P3HR,Atlas 1.9.2,FTPZJ061P3HR,V1.1.3.2,1,3,0,0,0,3,0,0,0,3,0,0,0,3,0,0,0,3,0,1,1,2,0,3,3,0,0,0,0,3,0,0,0,3,0,0,0,3,0,0,0,15 00 00 00 ,FTPZJ061P3HR,Pass,DLX9394006EN6R52K,WMT-JA000D,R118-POST P2_P21AEN-D12-1_C01704,R118-POST P2,R118-POST P2_P21AEN-D12-1,C4P93820011JCPP3Y,GV293630012N3LN2N,FM7938300LTN0LH1Z+VLJ,CR1935600JRMW5D1Y,13 00 00 00 02 ,13 00 00 00 00,370,0x0172,3,0x03,2,02,1286,0x0506,A0 02 00 0B 00 0B 00 0B ,0,0x00,33,0x21,33,0x21,Pass,02 01 01 05 49 ,02 01 01 05 49,Read_MLB_Lang :02 01 01 05 49  ,  Get_KBD_Lang :02 01 01 05 49,16,0x10,8704,0,0,0,0,0,0,0,0,0,0,0,0,16777216,0,0,0,0,0,16842752,16777216,0,0,0,0,17372165,100665620,33751040,,,,,,,
FXLH,R118,FTPZJ06TP3HR,,R118-POST P2_P21AEN-D12-1,,FXLH_F05-4FT-02_2_GATEKEEPER,FAIL,10-18-15:19:13,57.72,V1.1.3.2,Check_All_CB,FTPZJ06TP3HR,Atlas 1.9.2,FTPZJ06TP3HR,V1.1.3.2,1,3,0,0,0,3,0,0,0,3,0,0,0,3,0,0,0,3,0,0,0,2,0,3,3,0,0,0,0,3,0,0,0,3,0,0,0,3,0,0,0,15 00 00 00 ,FTPZJ06TP3HR,Pass,DLX9394006PN6R52A,WMT-JA000D,R118-POST P2_P21AEN-D12-1_C01730,R118-POST P2,R118-POST P2_P21AEN-D12-1,C4P932200RTJCPP3L,GV29363001KN3LN25,FM7938300NNN0LH1Y+VLJ,CR1935600HXMW5D1V,13 00 00 00 02 ,13 00 00 00 00,370,0x0172,3,0x03,2,02,1286,0x0506,A0 02 00 0B 00 0B 00 0B ,0,0x00,33,0x21,33,0x21,Pass,02 01 01 05 49 ,02 01 01 05 49,Read_MLB_Lang :02 01 01 05 49  ,  Get_KBD_Lang :02 01 01 05 49,16,0x10,8704,0,0,0,0,0,0,0,0,0,0,0,0,16777216,0,0,0,0,0,16842752,16777216,0,0,0,0,17372165,100665620,33751040,,,,,,,
FXLH,R118,FTPZJ05ZP3HR,,R118-POST P2_P21AEN-D12-1,,FXLH_F05-4FT-02_2_GATEKEEPER,FAIL,10-18-15:31:46,47.31,V1.1.3.2,Check_All_CB,FTPZJ05ZP3HR,Atlas 1.9.2,FTPZJ05ZP3HR,V1.1.3.2,1,3,0,0,0,3,0,0,0,3,0,0,0,3,0,0,0,3,0,0,0,2,0,3,3,0,0,0,0,3,0,0,0,3,0,0,0,3,0,0,0,15 00 00 00 ,FTPZJ05ZP3HR,Pass,DLX9394005YN6R524,WMT-JA000D,R118-POST P2_P21AEN-D12-1_C01702,R118-POST P2,R118-POST P2_P21AEN-D12-1,C4P9382005CJCPP39,GV293630001N3LN2S,FM7938300P9N0LH18+VLJ,CR1935600PZMW5D19,13 00 00 00 02 ,13 00 00 00 00,370,0x0172,3,0x03,2,02,1286,0x0506,A0 02 00 0B 00 0B 00 0B ,0,0x00,33,0x21,33,0x21,Pass,02 01 01 05 49 ,02 01 01 05 49,Read_MLB_Lang :02 01 01 05 49  ,  Get_KBD_Lang :02 01 01 05 49,16,0x10,8704,0,0,0,0,0,0,0,0,0,0,0,0,16777216,0,0,0,0,0,16842752,16777216,0,0,0,0,17372165,100665620,33751040,,,,,,,
FXLH,R118,FTPZJ06DP3HR,,R118-POST P2_P21AEN-D12-1,,FXLH_F05-4FT-02_2_GATEKEEPER,FAIL,10-18-15:39:27,53.30,V1.1.3.2,Check_All_CB,FTPZJ06DP3HR,Atlas 1.9.2,FTPZJ06DP3HR,V1.1.3.2,1,3,0,0,0,3,0,0,0,3,0,0,0,3,0,0,0,3,0,1,1,2,0,3,3,0,0,0,0,3,0,0,0,3,0,0,0,3,0,0,0,15 00 00 00 ,FTPZJ06DP3HR,Pass,DLX9394006VN6R524,WMT-JA000D,R118-POST P2_P21AEN-D12-1_C01716,R118-POST P2,R118-POST P2_P21AEN-D12-1,C4P9382000JJCPP3J,GV29363000DN3LN2E,FM7938300LMN0LH15+VLJ,CR1935600GAMW5D1K,13 00 00 00 02 ,13 00 00 00 00,370,0x0172,3,0x03,2,02,1286,0x0506,A0 02 00 0B 00 0B 00 0B ,0,0x00,33,0x21,33,0x21,Pass,02 01 01 05 49 ,02 01 01 05 49,Read_MLB_Lang :02 01 01 05 49  ,  Get_KBD_Lang :02 01 01 05 49,16,0x10,8704,0,0,0,0,0,0,0,0,0,0,0,0,16777216,0,0,0,0,0,16842752,16777216,0,0,0,0,17372165,100665620,33751040,,,,,,,
FXLH,R118,FTPZJ068P3HR,,R118-POST P2_P21AEN-D12-1,,FXLH_F05-4FT-02_2_GATEKEEPER,FAIL,10-18-15:43:40,47.42,V1.1.3.2,Check_All_CB,FTPZJ068P3HR,Atlas 1.9.2,FTPZJ068P3HR,V1.1.3.2,1,3,0,0,0,3,0,0,0,3,0,0,0,3,0,0,0,3,0,1,1,2,0,4,4,0,0,0,0,3,0,0,0,3,0,0,0,3,0,1,1,15 00 00 00 ,FTPZJ068P3HR,Pass,DLX9394006GN6R52H,WMT-JA000D,R118-POST P2_P21AEN-D12-1_C01711,R118-POST P2,R118-POST P2_P21AEN-D12-1,C4P932200QZJCPP3H,GV293630017N3LN2H,FM7938300MZN0LH1Q+VLJ,CR1935600GEMW5D1F,13 00 00 00 02 ,13 00 00 00 00,370,0x0172,3,0x03,2,02,1286,0x0506,A0 02 00 0B 00 0B 00 0B ,0,0x00,33,0x21,33,0x21,Pass,02 01 01 05 49 ,02 01 01 05 49,Read_MLB_Lang :02 01 01 05 49  ,  Get_KBD_Lang :02 01 01 05 49,16,0x10,8704,0,0,0,0,0,0,0,0,0,0,0,0,16777216,0,0,0,0,0,16842752,16777216,0,0,0,0,17372165,100665620,33751040,,,,,,,
FXLH,R118,FTPZF00AP3J2,,R118-P2_P21INO,,FXLH_F05-4FT-02_2_GATEKEEPER,FAIL,10-18-16:22:52,58.23,V1.1.3.2,Check_All_CB,FTPZF00AP3J2,Atlas 1.9.2,FTPZF00AP3J2,V1.1.3.2,1,3,0,0,0,3,0,0,0,3,0,0,0,3,0,0,0,3,0,1,1,2,0,3,3,0,0,0,0,3,0,0,0,3,0,0,0,3,0,0,0,15 00 00 00 ,FTPZF00AP3J2,Pass,DLX9382000FN6R527,WMT-J90033,R118-P2_P21INO_C01174,R118-P2,R118-P2_P21INO,C4P9345001MJCQC3V,GV29372004XP2T02F,FM7934401HWN0LH1F+V1J,C47935302NQMW5D28,13 00 00 00 02 ,13 00 00 00 00,370,0x0172,3,0x03,2,02,1286,0x0506,A0 02 00 0B 00 0B 00 0B ,0,0x00,,0x0D,,0x0D,Pass,02 01 02 0E 4A ,02 01 02 0E 4A,Read_MLB_Lang :02 01 02 0E 4A  ,  Get_KBD_Lang :02 01 02 0E 4A,16,0x10,8704,0,0,0,0,0,0,0,0,0,0,0,0,16777216,0,0,0,0,0,16842752,16777216,0,0,0,0,17372165,100665620,33751040,,,,,13,13,
FXLH,R118,FTPZJ00GP3J4,,R118-POST P2_P21AK-D12-2,,FXLH_F05-4FT-02_2_GATEKEEPER,FAIL,10-18-21:03:10,44.10,V1.1.3.2,Check_All_CB,FTPZJ00GP3J4,Atlas 1.9.2,FTPZJ00GP3J4,V1.1.3.2,1,3,0,0,0,3,0,0,0,3,0,0,0,3,0,0,0,3,0,0,0,2,0,3,3,0,0,0,0,3,0,0,0,3,0,0,0,3,0,0,0,15 00 00 00 ,FTPZJ00GP3J4,Pass,DLX93940059N6R52T,WMT-JA000E,R118-POST P2_P21AK-D12-2_C01732,R118-POST P2,R118-POST P2_P21AK-D12-2,C4P9382002ZJCPV3R,GV29363000VN3LN2Y,FM7938300K5N0LH1Q+VLJ,CR1935600UEMW5D1D,13 00 00 00 02 ,13 00 00 00 00,370,0x0172,3,0x03,2,02,1286,0x0506,A0 02 00 0B 00 0B 00 0B ,0,0x00,33,0x21,33,0x21,Pass,02 01 01 0F 49 16 16 ,02 01 01 0F 49 16 16,Read_MLB_Lang :02 01 01 0F 49 16 16  ,  Get_KBD_Lang :02 01 01 0F 49 16 16,16,0x10,8704,0,0,0,0,0,0,0,0,0,0,0,0,16777216,0,0,0,0,0,16842752,16777216,0,0,0,0,17372165,100665620,33751040,,,,,,,
FXLH,R118,FTPZJ062P3HR,,R118-POST P2_P21AEN-D12-1,,FXLH_F05-4FT-02_2_GATEKEEPER,FAIL,10-18-21:04:39,38782.14,V1.1.3.2,Check_All_CB,FTPZJ062P3HR,Atlas 1.9.2,FTPZJ062P3HR,V1.1.3.2,1,3,0,0,0,3,0,0,0,3,0,0,0,3,0,0,0,3,0,0,0,2,0,7,7,0,0,0,0,3,0,0,0,3,0,0,0,3,0,0,0,15 00 00 00 ,FTPZJ062P3HR,Pass,DLX93940060N6R52Z,WMT-JA000D,R118-POST P2_P21AEN-D12-1_C01705,R118-POST P2,R118-POST P2_P21AEN-D12-1,C4P93820014JCPP3V,GV29363001TN3LN2X,FM7938300KCN0LH1H+VLJ,CR1935600R3MW5D1Z,13 00 00 00 02 ,13 00 00 00 00,370,0x0172,3,0x03,2,02,1286,0x0506,A0 02 00 0B 00 0B 00 0B ,0,0x00,33,0x21,33,0x21,Pass,02 01 01 05 49 ,02 01 01 05 49,Read_MLB_Lang :02 01 01 05 49  ,  Get_KBD_Lang :02 01 01 05 49,16,0x10,8704,0,0,0,0,0,0,0,0,0,0,0,0,16777216,0,0,0,0,0,16842752,16777216,0,0,0,0,17372165,100665620,33751040,,,,,,,
FXLH,R118,FTPZJ06EP3HR,,R118-POST P2_P21AEN-D12-1,,FXLH_F05-4FT-02_2_GATEKEEPER,FAIL,10-19-08:30:58,48.52,V1.1.3.2,Check_All_CB,FTPZJ06EP3HR,Atlas 1.9.2,FTPZJ06EP3HR,V1.1.3.2,1,3,0,0,0,3,0,0,0,3,0,1,1,3,0,0,0,3,0,0,0,2,0,4,4,0,0,0,0,3,0,0,0,3,0,0,0,3,0,1,1,15 00 00 00 ,FTPZJ06EP3HR,Pass,DLX9394003KN6R52P,WMT-JA000D,R118-POST P2_P21AEN-D12-1_C01717,R118-POST P2,R118-POST P2_P21AEN-D12-1,C4P9382005AJCPP3B,GV293630003N3LN2Q,FM79366000PN0LH1Y+VLJ,CR1935600PXMW5D1B,13 00 00 00 02 ,13 00 00 00 00,370,0x0172,3,0x03,2,02,1286,0x0506,A0 02 00 0B 00 0B 00 0B ,0,0x00,33,0x21,33,0x21,Pass,02 01 01 05 49 ,02 01 01 05 49,Read_MLB_Lang :02 01 01 05 49  ,  Get_KBD_Lang :02 01 01 05 49,16,0x10,8704,0,0,0,0,0,0,0,0,0,0,0,0,16777216,0,0,0,0,0,16842752,16777216,0,0,0,0,17372165,100665620,33751040,,,,,,,
FXLH,R118,FTPZJ00RP3J4,,R118-POST P2_P21AK-D12-2,,FXLH_F05-4FT-02_2_GATEKEEPER,FAIL,10-19-08:36:09,41.53,V1.1.3.2,Check_All_CB,FTPZJ00RP3J4,Atlas 1.9.2,FTPZJ00RP3J4,V1.1.3.2,1,3,0,0,0,3,0,0,0,3,0,0,0,3,0,0,0,3,0,0,0,2,0,3,3,0,0,0,0,3,0,0,0,3,0,0,0,3,0,0,0,15 00 00 00 ,FTPZJ00RP3J4,Pass,DLX93940046N6R52Z,WMT-JA000E,R118-POST P2_P21AK-D12-2_C01741,R118-POST P2,R118-POST P2_P21AK-D12-2,C4P9382002KJCPV35,GV29363000LN3LN27,FM7938300NCN0LH18+VLJ,CR1935600QZMW5D16,13 00 00 00 02 ,13 00 00 00 00,370,0x0172,3,0x03,2,02,1286,0x0506,A0 02 00 0B 00 0B 00 0B ,0,0x00,33,0x21,33,0x21,Pass,02 01 01 0F 49 16 16 ,02 01 01 0F 49 16 16,Read_MLB_Lang :02 01 01 0F 49 16 16  ,  Get_KBD_Lang :02 01 01 0F 49 16 16,16,0x10,8704,0,0,0,0,0,0,0,0,0,0,0,0,16777216,0,0,0,0,0,16842752,16777216,0,0,0,0,17372165,100665620,33751040,,,,,,,
FXLH,R118,FTPZJ066P3HR,,R118-POST P2_P21AEN-D12-1,,FXLH_F05-4FT-02_2_GATEKEEPER,FAIL,10-19-08:37:56,59.12,V1.1.3.2,Check_All_CB,FTPZJ066P3HR,Atlas 1.9.2,FTPZJ066P3HR,V1.1.3.2,1,3,0,0,0,3,0,0,0,3,0,0,0,3,0,0,0,3,0,0,0,2,0,3,3,0,0,0,0,3,0,0,0,3,0,0,0,3,0,0,0,15 00 00 00 ,FTPZJ066P3HR,Pass,DLX9382009QN6R525,WMT-JA000D,R118-POST P2_P21AEN-D12-1_C01709,R118-POST P2,R118-POST P2_P21AEN-D12-1,C4P9322009AJCPP3H,GV293630018N3LN2G,FM7938300MKN0LH14+VLJ,CR19356005YMW5D1W,13 00 00 00 02 ,13 00 00 00 00,370,0x0172,3,0x03,2,02,1286,0x0506,A0 02 00 0B 00 0B 00 0B ,0,0x00,33,0x21,33,0x21,Pass,02 01 01 05 49 ,02 01 01 05 49,Read_MLB_Lang :02 01 01 05 49  ,  Get_KBD_Lang :02 01 01 05 49,16,0x10,8704,0,0,0,0,0,0,0,0,0,0,0,0,16777216,0,0,0,0,0,16842752,16777216,0,0,0,0,17372165,100665620,33751040,,,,,,,
FXLH,R118,FTPZJ00TP3J4,,R118-POST P2_P21AK-D12-2,,FXLH_F05-4FT-02_2_GATEKEEPER,FAIL,10-19-08:52:54,56.12,V1.1.3.2,Check_All_CB,FTPZJ00TP3J4,Atlas 1.9.2,FTPZJ00TP3J4,V1.1.3.2,1,3,0,0,0,3,0,0,0,3,0,0,0,3,0,0,0,3,0,1,1,2,0,3,3,0,0,0,0,3,0,0,0,3,0,0,0,3,0,0,0,15 00 00 00 ,FTPZJ00TP3J4,Pass,DLX9394004TN6R52C,WMT-JA000E,R118-POST P2_P21AK-D12-2_C01743,R118-POST P2,R118-POST P2_P21AK-D12-2,C4P9382002MJCPV33,GV29363000TN3LN20,FM793660012N0LH1G+VLJ,CR1935600UBMW5D1G,13 00 00 00 02 ,13 00 00 00 00,370,0x0172,3,0x03,2,02,1286,0x0506,A0 02 00 0B 00 0B 00 0B ,0,0x00,33,0x21,33,0x21,Pass,02 01 01 0F 49 16 16 ,02 01 01 0F 49 16 16,Read_MLB_Lang :02 01 01 0F 49 16 16  ,  Get_KBD_Lang :02 01 01 0F 49 16 16,16,0x10,8704,0,0,0,0,0,0,0,0,0,0,0,0,16777216,0,0,0,0,0,16842752,16777216,0,0,0,0,17372165,100665620,33751040,,,,,,,
FXLH,R118,FTPZJ06GP3HR,,R118-POST P2_P21AEN-D12-1,,FXLH_F05-4FT-02_2_GATEKEEPER,FAIL,10-19-08:54:59,39.95,V1.1.3.2,Check_All_CB,FTPZJ06GP3HR,Atlas 1.9.2,FTPZJ06GP3HR,V1.1.3.2,1,3,0,0,0,3,0,0,0,3,0,0,0,3,0,0,0,3,0,1,1,2,0,3,3,0,0,0,0,3,0,0,0,3,0,0,0,3,0,0,0,15 00 00 00 ,FTPZJ06GP3HR,Pass,DLX9394004NN6R52H,WMT-JA000D,R118-POST P2_P21AEN-D12-1_C01719,R118-POST P2,R118-POST P2_P21AEN-D12-1,C4P93820002JCPP30,GV29363000YN3LN2V,FM7938300NLN0LH10+VLJ,CR1935600C1MW5D16,13 00 00 00 02 ,13 00 00 00 00,370,0x0172,3,0x03,2,02,1286,0x0506,A0 02 00 0B 00 0B 00 0B ,0,0x00,33,0x21,33,0x21,Pass,02 01 01 05 49 ,02 01 01 05 49,Read_MLB_Lang :02 01 01 05 49  ,  Get_KBD_Lang :02 01 01 05 49,16,0x10,8704,0,0,0,0,0,0,0,0,0,0,0,0,16777216,0,0,0,0,0,16842752,16777216,0,0,0,0,17372165,100665620,33751040,,,,,,,
FXLH,R118,FTPZJ00JP3J4,,R118-POST P2_P21AK-D12-2,,FXLH_F05-4FT-02_2_GATEKEEPER,FAIL,10-19-09:00:01,59.68,V1.1.3.2,Check_All_CB,FTPZJ00JP3J4,Atlas 1.9.2,FTPZJ00JP3J4,V1.1.3.2,1,3,0,0,0,3,0,0,0,3,0,0,0,3,0,0,0,3,0,0,0,2,0,3,3,0,0,0,0,3,0,0,0,3,0,0,0,3,0,0,0,15 00 00 00 ,FTPZJ00JP3J4,Pass,DLX9382003EN6R52Z,WMT-JA000E,R118-POST P2_P21AK-D12-2_C01734,R118-POST P2,R118-POST P2_P21AK-D12-2,C4P9382003BJCPV3A,GV29363001NN3LN22,FM79366001ZN0LH1K+VLJ,CR1935600U6MW5D1M,13 00 00 00 02 ,13 00 00 00 00,370,0x0172,3,0x03,2,02,1286,0x0506,A0 02 00 0B 00 0B 00 0B ,0,0x00,33,0x21,33,0x21,Pass,02 01 01 0F 49 16 16 ,02 01 01 0F 49 16 16,Read_MLB_Lang :02 01 01 0F 49 16 16  ,  Get_KBD_Lang :02 01 01 0F 49 16 16,16,0x10,8704,0,0,0,0,0,0,0,0,0,0,0,0,16777216,0,0,0,0,0,16842752,16777216,0,0,0,0,17372165,100665620,33751040,,,,,,,
FXLH,R118,FTPZJ00NP3J4,,R118-POST P2_P21AK-D12-2,,FXLH_F05-4FT-02_2_GATEKEEPER,FAIL,10-19-09:05:50,42.83,V1.1.3.2,Check_All_CB,FTPZJ00NP3J4,Atlas 1.9.2,FTPZJ00NP3J4,V1.1.3.2,1,3,0,0,0,3,0,0,0,3,0,0,0,3,0,0,0,3,0,0,0,2,0,4,4,0,0,0,0,3,0,0,0,3,0,0,0,3,0,0,0,15 00 00 00 ,FTPZJ00NP3J4,Pass,DLX93940057N6R52V,WMT-JA000E,R118-POST P2_P21AK-D12-2_C01738,R118-POST P2,R118-POST P2_P21AK-D12-2,C4P9382000RJCPV35,GV29363000CN3LN2F,FM79366000ZN0LH1N+VLJ,CR1935600XVMW5D1P,13 00 00 00 02 ,13 00 00 00 00,370,0x0172,3,0x03,2,02,1286,0x0506,A0 02 00 0B 00 0B 00 0B ,0,0x00,33,0x21,33,0x21,Pass,02 01 01 0F 49 16 16 ,02 01 01 0F 49 16 16,Read_MLB_Lang :02 01 01 0F 49 16 16  ,  Get_KBD_Lang :02 01 01 0F 49 16 16,16,0x10,8704,0,0,0,0,0,0,0,0,0,0,0,0,16777216,0,0,0,0,0,16842752,16777216,0,0,0,0,17372165,100665620,33751040,,,,,,,
FXLH,R118,FTPZJ00QP3J4,,R118-POST P2_P21AK-D12-2,,FXLH_F05-4FT-02_2_GATEKEEPER,FAIL,10-19-09:11:24,49.98,V1.1.3.2,Check_All_CB,FTPZJ00QP3J4,Atlas 1.9.2,FTPZJ00QP3J4,V1.1.3.2,1,3,0,0,0,3,0,0,0,3,0,0,0,3,0,0,0,3,0,0,0,2,0,3,3,0,0,0,0,3,0,0,0,3,0,0,0,3,0,0,0,15 00 00 00 ,FTPZJ00QP3J4,Pass,DLX9394003JN6R52Q,WMT-JA000E,R118-POST P2_P21AK-D12-2_C01740,R118-POST P2,R118-POST P2_P21AK-D12-2,C4P9382001HJCPV3A,GV29363001XN3LN2T,FM7938300PEN0LH13+VLJ,CR1935600W5MW5D1G,13 00 00 00 02 ,13 00 00 00 00,370,0x0172,3,0x03,2,02,1286,0x0506,A0 02 00 0B 00 0B 00 0B ,0,0x00,33,0x21,33,0x21,Pass,02 01 01 0F 49 16 16 ,02 01 01 0F 49 16 16,Read_MLB_Lang :02 01 01 0F 49 16 16  ,  Get_KBD_Lang :02 01 01 0F 49 16 16,16,0x10,8704,0,0,0,0,0,0,0,0,0,0,0,0,16777216,0,0,0,0,0,16842752,16777216,0,0,0,0,17372165,100665620,33751040,,,,,,,
FXLH,R118,FTPZJ00NP3J4,,R118-POST P2_P21AK-D12-2,,FXLH_F05-4FT-02_2_GATEKEEPER,FAIL,10-19-09:12:27,89.35,V1.1.3.2,Check_All_CB,FTPZJ00NP3J4,Atlas 1.9.2,FTPZJ00NP3J4,V1.1.3.2,1,3,0,0,0,3,0,0,0,3,0,0,0,3,0,0,0,3,0,0,0,2,0,4,4,0,0,0,0,,,,,,,,,,,,,15 00 00 00 ,FTPZJ00NP3J4,Pass,DLX93940057N6R52V,WMT-JA000E,R118-POST P2_P21AK-D12-2_C01738,R118-POST P2,R118-POST P2_P21AK-D12-2,C4P9382000RJCPV35,GV29363000CN3LN2F,FM79366000ZN0LH1N+VLJ,CR1935600XVMW5D1P,13 00 00 00 00 ,13 00 00 00 00,370,0x0172,3,0x03,2,02,1286,0x0506,A0 02 00 0B 00 0B 00 0B ,0,0x00,33,0x21,33,0x21,Pass,02 01 01 0F 49 16 16 ,02 01 01 0F 49 16 16,Read_MLB_Lang :02 01 01 0F 49 16 16  ,  Get_KBD_Lang :02 01 01 0F 49 16 16,16,0x10,8704,0,0,0,0,0,0,0,0,0,0,0,0,16777216,0,0,0,0,0,16842752,16777216,0,0,0,0,17372165,100665620,33751040,,,,,,,
FXLH,R118,FTPZJ00MP3J4,,R118-POST P2_P21AK-D12-2,,FXLH_F05-4FT-02_2_GATEKEEPER,FAIL,10-19-09:24:08,42.93,V1.1.3.2,Check_All_CB,FTPZJ00MP3J4,Atlas 1.9.2,FTPZJ00MP3J4,V1.1.3.2,1,3,0,0,0,3,0,0,0,3,0,0,0,3,0,0,0,3,0,1,1,2,0,3,3,0,0,0,0,3,0,0,0,3,0,0,0,3,0,0,0,15 00 00 00 ,FTPZJ00MP3J4,Pass,DLX9394004RN6R52E,WMT-JA000E,R118-POST P2_P21AK-D12-2_C01737,R118-POST P2,R118-POST P2_P21AK-D12-2,C4P9382000JJCPV3C,GV29363001PN3LN21,FM7938300NEN0LH16+VLJ,CR1935600U8MW5D1K,13 00 00 00 02 ,13 00 00 00 00,370,0x0172,3,0x03,2,02,1286,0x0506,A0 02 00 0B 00 0B 00 0B ,0,0x00,33,0x21,33,0x21,Pass,02 01 01 0F 49 16 16 ,02 01 01 0F 49 16 16,Read_MLB_Lang :02 01 01 0F 49 16 16  ,  Get_KBD_Lang :02 01 01 0F 49 16 16,16,0x10,8704,0,0,0,0,0,0,0,0,0,0,0,0,16777216,0,0,0,0,0,16842752,16777216,0,0,0,0,17372165,100665620,33751040,,,,,,,
FXLH,R118,FTPZJ06UP3HR,,R118-POST P2_P21AEN-D12-1,,FXLH_F05-4FT-02_2_GATEKEEPER,FAIL,10-19-09:31:46,53.27,V1.1.3.2,Check_All_CB,FTPZJ06UP3HR,Atlas 1.9.2,FTPZJ06UP3HR,V1.1.3.2,1,3,0,0,0,3,0,0,0,3,0,0,0,3,0,0,0,3,0,0,0,2,0,1,1,0,0,0,0,3,0,0,0,3,0,0,0,3,0,0,0,15 00 00 00 ,FTPZJ06UP3HR,Pass,DLX93940053N6R52Z,WMT-JA000D,R118-POST P2_P21AEN-D12-1_C01731,R118-POST P2,R118-POST P2_P21AEN-D12-1,C4P9382004FJCPP39,GV29363000UN3LN2Z,FM79366001JN0LH10+VLJ,CR1935600C9MW5D1Y,13 00 00 00 02 ,13 00 00 00 00,370,0x0172,3,0x03,2,02,1286,0x0506,A0 02 00 0B 00 0B 00 0B ,0,0x00,33,0x21,33,0x21,Pass,02 01 01 05 49 ,02 01 01 05 49,Read_MLB_Lang :02 01 01 05 49  ,  Get_KBD_Lang :02 01 01 05 49,16,0x10,8704,0,0,0,0,0,0,0,0,0,0,0,0,16777216,0,0,0,0,0,16842752,16777216,0,0,0,0,17372165,100665620,33751040,,,,,,,
FXLH,R118,FTPZJ00WP3J4,,R118-POST P2_P21AK-D12-2,,FXLH_F05-4FT-02_2_GATEKEEPER,FAIL,10-19-10:09:19,48.77,V1.1.3.2,Check_All_CB,FTPZJ00WP3J4,Atlas 1.9.2,FTPZJ00WP3J4,V1.1.3.2,1,3,0,0,0,3,0,0,0,3,0,0,0,3,0,0,0,3,0,0,0,2,0,3,3,0,0,0,0,3,0,0,0,3,0,1,1,3,0,0,0,15 00 00 00 ,FTPZJ00WP3J4,Pass,DLX9394005QN6R52C,WMT-JA000E,R118-POST P2_P21AK-D12-2_C01746,R118-POST P2,R118-POST P2_P21AK-D12-2,C4P9382003QJCPV3X,GV29363001DN3LN2B,FM7938300P5N0LH1C+VLJ,CR1935600UNMW5D15,13 00 00 00 02 ,13 00 00 00 00,370,0x0172,3,0x03,2,02,1286,0x0506,A0 02 00 0B 00 0B 00 0B ,0,0x00,33,0x21,33,0x21,Pass,02 01 01 0F 49 16 16 ,02 01 01 0F 49 16 16,Read_MLB_Lang :02 01 01 0F 49 16 16  ,  Get_KBD_Lang :02 01 01 0F 49 16 16,16,0x10,8704,0,0,0,0,0,0,0,0,0,0,0,0,16777216,0,0,0,0,0,16842752,16777216,0,0,0,0,17372165,100665620,33751040,,,,,,,
FXLH,R118,FTPZJ00KP3J4,,R118-POST P2_P21AK-D12-2,,FXLH_F05-4FT-02_2_GATEKEEPER,FAIL,10-21-10:04:11,43.83,V1.1.3.2,Check_All_CB,FTPZJ00KP3J4,Atlas 1.9.2,FTPZJ00KP3J4,V1.1.3.2,1,3,0,0,0,3,0,0,0,3,0,0,0,3,0,0,0,3,0,0,0,2,0,3,3,0,0,0,0,3,0,0,0,3,0,0,0,3,0,0,0,15 00 00 00 ,FTPZJ00KP3J4,Pass,DLX9394006MN6R52C,WMT-JA000E,R118-POST P2_P21AK-D12-2_C01735,R118-POST P2,R118-POST P2_P21AK-D12-2,C4P9382000CJCPV3J,GV29363001SN3LN2Y,FM7938300LFN0LH1B+VLJ,CR1935600U3MW5D1Q,13 00 00 00 02 ,13 00 00 00 00,370,0x0172,3,0x03,2,02,1286,0x0506,A0 02 00 0B 00 0B 00 0B ,0,0x00,33,0x21,33,0x21,Pass,02 01 01 0F 49 16 16 ,02 01 01 0F 49 16 16,Read_MLB_Lang :02 01 01 0F 49 16 16  ,  Get_KBD_Lang :02 01 01 0F 49 16 16,16,0x10,8704,0,0,0,0,0,0,0,0,0,0,0,0,16777216,0,0,0,0,0,16842752,16777216,0,0,0,0,17372165,100665620,33751040,,,,,,,
FXLH,R118,FTPZJ02YP3HR,,R118-POST P2_P21AEN-D11,,FXLH_F05-4FT-02_2_GATEKEEPER,FAIL,10-21-10:08:01,52.80,V1.1.3.2,Check_All_CB,FTPZJ02YP3HR,Atlas 1.9.2,FTPZJ02YP3HR,V1.1.3.2,1,3,0,0,0,3,0,0,0,3,0,0,0,3,0,0,0,3,0,2,2,2,0,4,4,0,0,0,0,3,0,1,1,3,0,0,0,3,0,0,0,15 00 00 00 ,FTPZJ02YP3HR,Pass,DLX9382009LN6R529,WMT-JA0008,R118-POST P2_P21AEN-D11_C01636,R118-POST P2,R118-POST P2_P21AEN-D11,C4P932200APJCPP31,GV293720076N3LN2Y,FM7934402VYN0LH1A+V6J,CR1935600Q1MW5D14,13 00 00 00 02 ,13 00 00 00 00,370,0x0172,3,0x03,2,02,1286,0x0506,A0 02 00 0B 00 0B 00 0B ,0,0x00,33,0x21,33,0x21,Pass,02 01 01 05 49 ,02 01 01 05 49,Read_MLB_Lang :02 01 01 05 49  ,  Get_KBD_Lang :02 01 01 05 49,16,0x10,8704,0,0,0,0,0,0,0,0,0,0,0,0,16777216,0,0,0,0,0,16842752,16777216,0,0,0,0,17372165,100665620,33751040,,,,,,,
FXLH,R118,FTPZJ00HP3J4,,R118-POST P2_P21AK-D12-2,,FXLH_F05-4FT-02_2_GATEKEEPER,FAIL,10-21-13:51:40,63.55,V1.1.3.2,Check_All_CB,FTPZJ00HP3J4,Atlas 1.9.2,FTPZJ00HP3J4,V1.1.3.2,1,3,0,0,0,3,0,0,0,3,0,1,1,3,0,0,0,3,0,1,1,2,0,3,3,0,0,0,0,3,0,0,0,3,0,0,0,3,0,0,0,15 00 00 00 ,FTPZJ00HP3J4,Pass,DLX9394004AN6R52V,WMT-JA000E,R118-POST P2_P21AK-D12-2_C01733,R118-POST P2,R118-POST P2_P21AK-D12-2,C4P9382003KJCPV32,GV29363000PN3LN24,FM7938300K8N0LH1M+VLJ,CR1935600WJMW5D13,13 00 00 00 02 ,13 00 00 00 00,370,0x0172,3,0x03,2,02,1286,0x0506,A0 02 00 0B 00 0B 00 0B ,0,0x00,33,0x21,33,0x21,Pass,02 01 01 0F 49 16 16 ,02 01 01 0F 49 16 16,Read_MLB_Lang :02 01 01 0F 49 16 16  ,  Get_KBD_Lang :02 01 01 0F 49 16 16,16,0x10,8704,0,0,0,0,0,0,0,0,0,0,0,0,16777216,0,0,0,0,0,16842752,16777216,0,0,0,0,17372165,100665620,33751040,,,,,,,
FXLH,R118,FTPZJ00LP3J4,,R118-POST P2_P21AK-D12-2,,FXLH_F05-4FT-02_2_GATEKEEPER,FAIL,10-21-14:08:01,45.43,V1.1.3.2,Check_All_CB,FTPZJ00LP3J4,Atlas 1.9.2,FTPZJ00LP3J4,V1.1.3.2,1,3,0,0,0,3,0,0,0,3,0,0,0,3,0,0,0,3,0,0,0,2,0,3,3,0,0,0,0,3,0,0,0,3,0,1,1,3,0,0,0,15 00 00 00 ,FTPZJ00LP3J4,Pass,DLX9382005LN6R52M,WMT-JA000E,R118-POST P2_P21AK-D12-2_C01736,R118-POST P2,R118-POST P2_P21AK-D12-2,C4P9382002SJCPV3Y,GV29363000HN3LN2A,FM7938300L5N0LH1M+VLJ,CR1935600UKMW5D18,13 00 00 00 02 ,13 00 00 00 00,370,0x0172,3,0x03,2,02,1286,0x0506,A0 02 00 0B 00 0B 00 0B ,0,0x00,33,0x21,33,0x21,Pass,02 01 01 0F 49 16 16 ,02 01 01 0F 49 16 16,Read_MLB_Lang :02 01 01 0F 49 16 16  ,  Get_KBD_Lang :02 01 01 0F 49 16 16,16,0x10,8704,0,0,0,0,0,0,0,0,0,0,0,0,16777216,0,0,0,0,0,16842752,16777216,0,0,0,0,17372165,100665620,33751040,,,,,,,
FXLH,R118,FTPZJ00UP3J4,,R118-POST P2_P21AK-D12-2,,FXLH_F05-4FT-02_2_GATEKEEPER,FAIL,10-21-14:16:54,54.29,V1.1.3.2,Check_All_CB,FTPZJ00UP3J4,Atlas 1.9.2,FTPZJ00UP3J4,V1.1.3.2,1,3,0,0,0,3,0,0,0,3,0,0,0,3,0,0,0,3,0,0,0,2,0,5,5,0,0,0,0,3,0,0,0,3,0,0,0,3,0,0,0,15 00 00 00 ,FTPZJ00UP3J4,Pass,DLX9394004GN6R52P,WMT-JA000E,R118-POST P2_P21AK-D12-2_C01744,R118-POST P2,R118-POST P2_P21AK-D12-2,C4P9382001UJCPV3Z,GV29363000FN3LN2C,FM7938300LUN0LH1Y+VLJ,CR1935600TZMW5D1X,13 00 00 00 02 ,13 00 00 00 00,370,0x0172,3,0x03,2,02,1286,0x0506,A0 02 00 0B 00 0B 00 0B ,0,0x00,33,0x21,33,0x21,Pass,02 01 01 0F 49 16 16 ,02 01 01 0F 49 16 16,Read_MLB_Lang :02 01 01 0F 49 16 16  ,  Get_KBD_Lang :02 01 01 0F 49 16 16,16,0x10,8704,0,0,0,0,0,0,0,0,0,0,0,0,16777216,0,0,0,0,0,16842752,16777216,0,0,0,0,17372165,100665620,33751040,,,,,,,
FXLH,R118,FTPZJ00PP3J4,,R118-POST P2_P21AK-D12-2,,FXLH_F05-4FT-02_2_GATEKEEPER,FAIL,10-22-09:26:45,41.54,V1.1.3.2,Check_All_CB,FTPZJ00PP3J4,Atlas 1.9.2,FTPZJ00PP3J4,V1.1.3.2,1,3,0,0,0,3,0,0,0,3,0,0,0,3,0,0,0,3,0,0,0,2,0,3,3,0,0,0,0,3,0,0,0,3,0,1,1,3,0,0,0,15 00 00 00 ,FTPZJ00PP3J4,Pass,DLX9394003AN6R52Y,WMT-JA000E,R118-POST P2_P21AK-D12-2_C01739,R118-POST P2,R118-POST P2_P21AK-D12-2,C4P93820014JCPV3P,GV29363001QN3LN20,FM79366000LN0LH11+VLJ,CR1935600U7MW5D1L,13 00 00 00 02 ,13 00 00 00 00,370,0x0172,3,0x03,2,02,1286,0x0506,A0 02 00 0B 00 0B 00 0B ,0,0x00,33,0x21,33,0x21,Pass,02 01 01 0F 49 16 16 ,02 01 01 0F 49 16 16,Read_MLB_Lang :02 01 01 0F 49 16 16  ,  Get_KBD_Lang :02 01 01 0F 49 16 16,16,0x10,8704,0,0,0,0,0,0,0,0,0,0,0,0,16777216,0,0,0,0,0,16842752,16777216,0,0,0,0,17372165,100665620,33751040,,,,,,,
