GATEKEEPER,V1.1.3.2
Site, Product, SerialNumber, Special Build Name, Special Build Description, Unit Number, Station ID, Test Pass/Fail Status, StartTime, EndTime, Version, List of Failing Tests,Scan_FG_SN,Start Data Reporting,Start Data Reporting,Start Data Reporting,Start Data Reporting,Check_All_CB - CB_STATUS_MLB-FCT,Check_All_CB - ABS_ERASE_MLB-FCT,Check_All_CB - ABS_FAIL_MLB-FCT,Check_All_CB - REL_FAIL_MLB-FCT,Check_All_CB - CB_STATUS_TEST1,Check_All_CB - ABS_ERASE_TEST1,Check_All_CB - ABS_FAIL_TEST1,Check_All_CB - REL_FAIL_TEST1,Check_All_CB - CB_STATUS_QT0,Check_All_CB - ABS_ERASE_QT0,Check_All_CB - ABS_FAIL_QT0,Check_All_CB - REL_FAIL_QT0,Check_All_CB - CB_STATUS_DFU2-FTW,Check_All_CB - ABS_ERASE_DFU2-FTW,Check_All_CB - ABS_FAIL_DFU2-FTW,Check_All_CB - REL_FAIL_DFU2-FTW,Check_All_CB - CB_STATUS_QT1,Check_All_CB - ABS_ERASE_QT1,Check_All_CB - ABS_FAIL_QT1,Check_All_CB - REL_FAIL_QT1,Check_All_CB - CB_STATUS_LED-TEST,Check_All_CB - ABS_ERASE_LED-TEST,Check_All_CB - ABS_FAIL_LED-TEST,Check_All_CB - REL_FAIL_LED-TEST,Check_All_CB - CB_STATUS_KEY-FORCE,Check_All_CB - ABS_ERASE_KEY-FORCE,Check_All_CB - ABS_FAIL_KEY-FORCE,Check_All_CB - REL_FAIL_KEY-FORCE,Check_All_CB - CB_STATUS_TEST2,Check_All_CB - ABS_ERASE_TEST2,Check_All_CB - ABS_FAIL_TEST2,Check_All_CB - REL_FAIL_TEST2,Check_All_CB - CB_STATUS_MMI,Check_All_CB - ABS_ERASE_MMI,Check_All_CB - ABS_FAIL_MMI,Check_All_CB - REL_FAIL_MMI,Check_All_CB - CB_STATUS_SW-DOWNLOAD,Check_All_CB - ABS_ERASE_SW-DOWNLOAD,Check_All_CB - ABS_FAIL_SW-DOWNLOAD,Check_All_CB - REL_FAIL_SW-DOWNLOAD,Check_Bootargs_Status,Read_FG_SN,Compare_FG_SN,MLB_SN,WO_SN,UNIT_LBL,BUILD_EVENT,S_BUILD,KBM_SN,BACKLIGHT_SN,TRACKPAD_SN,TOUCH_FLEX_SN,Check_EP_Status,EP_Enable_All,STFW - STFW,STFW,Read_HW_Version - Read_HW_Version,Read_HW_Version,GreenPAK_ID - GreenPAK_ID,GreenPAK_ID,TOUCH_FW - TOUCH_FW,TOUCH_FW,Read_CCG3_FW,Production_Signed_Check - Production_Signed_Check,Production_Signed_Check,Read_KBD_HW_Layout - Read_KBD_HW_Layout,Read_KBD_HW_Layout,Get_KBD_HW_Layout - Read_KBD_HW_Layout,Get_KBD_HW_Layout,Compare_KBD_HW_Layout,Read_MLB_Lang,Get_KBD_Lang,Check_KBD_Lang,Read_MFI_Address - Read_MFI_Address,Read_MFI_Address,System_Critical_Errors - CRIT_ERR_E1_PART1,System_Critical_Errors - CRIT_ERR_E1_PART2,FW_Update_Critical_Errors - CRIT_ERR_E2_PART1,FW_Update_Critical_Errors - CRIT_ERR_E2_PART2,FW_Update_Critical_Errors - CRIT_ERR_E2_PART3,Key_Scan_Critical_Errors - CRIT_ERR_E7_PART1,Key_Scan_Critical_Errors - CRIT_ERR_E7_PART2,Key_Scan_Critical_Errors - CRIT_ERR_E7_PART3,Key_Scan_Critical_Errors - CRIT_ERR_E7_PART4,USBC_Critical_Errors - CRIT_ERR_E3_PART1,USBC_Critical_Errors - CRIT_ERR_E3_PART2,USBC_Critical_Errors - CRIT_ERR_E3_PART3,USBC_Critical_Errors - CRIT_ERR_E3_PART4,Grape_Critical_Errors - CRIT_ERR_E5_PART1,Grape_Critical_Errors - CRIT_ERR_E5_PART2,Grape_Critical_Errors - CRIT_ERR_E5_PART3,Grape_Critical_Errors - CRIT_ERR_E5_PART4,Grape_Critical_Errors - CRIT_ERR_E5_PART5,Grape_Critical_Errors - CRIT_ERR_E5_PART6,Grape_Critical_Errors - CRIT_ERR_E5_PART7,Grape_Critical_Errors - CRIT_ERR_E5_PART8,Grape_Critical_Errors - CRIT_ERR_E5_PART9,Grape_Critical_Errors - CRIT_ERR_E5_PART10,Critical_Errors_Summary - CRIT_ERR_E0_PART1,Backlight_Critical_Errors - BL_CRI_ERR_PART1,Grape_Connector_Self_Critical_Errors - CRIT_ERR_D3_PART1,Grape_Connector_Self_Critical_Errors - CRIT_ERR_D3_PART2,Grape_Connector_Self_Critical_Errors - CRIT_ERR_D3_PART3,
Upper Limited-------->,,,,,,,,,,,,,,,,,3,,,,3,,,,3,,,,3,,,,3,,,,3,,,,3,,,,3,,,,3,,,,3,,,,,,,,,,,,,,,,,,370,,3,,2,,1286,,,0,,33,,33,,,,,,16,,,,,,,,,,,,,,,,,,,,,,,,,,,,,,
Lower Limited-------->,,,,,,,,,,,,,,,,,3,,,,3,,,,3,,,,3,,,,3,,,,3,,,,3,,,,3,,,,3,,,,3,,,,,,,,,,,,,,,,,,370,,3,,2,,1286,,,0,,33,,33,,,,,,16,,,,,,,,,,,,,,,,,,,,,,,,,,,,,,
Measurement Units---->,,,,,,,,,,,,,,,,,,,,,,,,,,,,,,,,,,,,,,,,,,,,,,,,,,,,,,,,,,,,,,,,,,,,,,,,,,,,,,,,,,,,,,,,,,,,,,,,,,,,,,,,,,,,,,,,,,,,,,,,
FXLH,R118,FTPZD08XP3HR,,R118-P2_P21AEN-1,,FXLH_F05-4FT-02_2_GATEKEEPER,FAIL,10-14-14:32:31,57.71,V1.1.3.2,Check_All_CB,FTPZD08XP3HR,Atlas 1.9.2,FTPZD08XP3HR,V1.1.3.2,1,3,0,0,0,3,0,0,0,3,0,0,0,3,0,0,0,3,0,1,1,2,0,3,3,0,0,0,0,0,0,0,0,3,0,0,0,3,0,0,0,15 00 00 00 ,FTPZD08XP3HR,Pass,DLX937500FEN6R52X,WMT-J90018,R118-P2_P21AEN-1_C00710,R118-P2,R118-P2_P21AEN-1,C4P932200E4JCPP38,GV29364008NN3LN2E,FM7934401DBN0LH1C+V1J,C47935303VEMW5D2W,13 00 00 00 00 ,13 00 00 00 00,370,0x0172,3,0x03,2,02,1286,0x0506,A0 02 00 0B 00 0B 00 0B ,0,0x00,33,0x21,33,0x21,Pass,02 01 01 05 49 ,02 01 01 05 49,Read_MLB_Lang :02 01 01 05 49  ,  Get_KBD_Lang :02 01 01 05 49,16,0x10,8704,0,0,0,0,0,0,0,0,0,0,0,0,16777216,0,0,0,0,0,16842752,16777216,0,0,0,0,17372165,100665620,33751040,
FXLH,R118,FTPZD01ZP3HR,,R118-P2_P21AEN,,FXLH_F05-4FT-02_2_GATEKEEPER,FAIL,10-14-14:34:32,43.52,V1.1.3.2,Check_All_CB,FTPZD01ZP3HR,Atlas 1.9.2,FTPZD01ZP3HR,V1.1.3.2,1,3,0,0,0,3,0,0,0,3,0,1,1,3,0,0,0,3,0,0,0,2,0,3,3,0,0,0,0,3,0,0,0,3,0,0,0,3,0,0,0,15 00 00 00 ,FTPZD01ZP3HR,Pass,DLX9375005WN6R52B,WMT-J90014,R118-P2_P21AEN_C00595,R118-P2,R118-P2_P21AEN,C4P932200CWJCPP3N,GV29364003CN3LN25,FM79344013NN0LH1X+V1J,CR19356017EMW5D17,13 00 00 00 02 ,13 00 00 00 00,370,0x0172,3,0x03,2,02,1286,0x0506,A0 02 00 0B 00 0B 00 0B ,0,0x00,33,0x21,33,0x21,Pass,02 01 01 05 49 ,02 01 01 05 49,Read_MLB_Lang :02 01 01 05 49  ,  Get_KBD_Lang :02 01 01 05 49,16,0x10,8704,0,0,0,0,0,0,0,0,0,0,0,0,16777216,0,0,0,0,0,16842752,16777216,0,0,0,0,17372165,100665620,33751040,
