GATEKEEPER,V1.1.3.2
Site, Product, SerialNumber, Special Build Name, Special Build Description, Unit Number, Station ID, Test Pass/Fail Status, StartTime, EndTime, Version, List of Failing Tests,Scan_FG_SN,Start Data Reporting,Start Data Reporting,Start Data Reporting,Start Data Reporting,Check_All_CB - CB_STATUS_MLB-FCT,Check_All_CB - ABS_ERASE_MLB-FCT,Check_All_CB - ABS_FAIL_MLB-FCT,Check_All_CB - REL_FAIL_MLB-FCT,Check_All_CB - CB_STATUS_TEST1,Check_All_CB - ABS_ERASE_TEST1,Check_All_CB - ABS_FAIL_TEST1,Check_All_CB - REL_FAIL_TEST1,Check_All_CB - CB_STATUS_QT0,Check_All_CB - ABS_ERASE_QT0,Check_All_CB - ABS_FAIL_QT0,Check_All_CB - REL_FAIL_QT0,Check_All_CB - CB_STATUS_DFU2-FTW,Check_All_CB - ABS_ERASE_DFU2-FTW,Check_All_CB - ABS_FAIL_DFU2-FTW,Check_All_CB - REL_FAIL_DFU2-FTW,Check_All_CB - CB_STATUS_QT1,Check_All_CB - ABS_ERASE_QT1,Check_All_CB - ABS_FAIL_QT1,Check_All_CB - REL_FAIL_QT1,Check_All_CB - CB_STATUS_LED-TEST,Check_All_CB - ABS_ERASE_LED-TEST,Check_All_CB - ABS_FAIL_LED-TEST,Check_All_CB - REL_FAIL_LED-TEST,Check_All_CB - CB_STATUS_KEY-FORCE,Check_All_CB - ABS_ERASE_KEY-FORCE,Check_All_CB - ABS_FAIL_KEY-FORCE,Check_All_CB - REL_FAIL_KEY-FORCE,Check_All_CB - CB_STATUS_TEST2,Check_All_CB - ABS_ERASE_TEST2,Check_All_CB - ABS_FAIL_TEST2,Check_All_CB - REL_FAIL_TEST2,Check_All_CB - CB_STATUS_MMI,Check_All_CB - ABS_ERASE_MMI,Check_All_CB - ABS_FAIL_MMI,Check_All_CB - REL_FAIL_MMI,Check_All_CB - CB_STATUS_SW-DOWNLOAD,Check_All_CB - ABS_ERASE_SW-DOWNLOAD,Check_All_CB - ABS_FAIL_SW-DOWNLOAD,Check_All_CB - REL_FAIL_SW-DOWNLOAD,Check_Bootargs_Status,Read_FG_SN,Compare_FG_SN,MLB_SN,WO_SN,UNIT_LBL,BUILD_EVENT,S_BUILD,KBM_SN,BACKLIGHT_SN,TRACKPAD_SN,TOUCH_FLEX_SN,Check_EP_Status,EP_Enable_All,STFW - STFW,STFW,Read_HW_Version - Read_HW_Version,Read_HW_Version,GreenPAK_ID - GreenPAK_ID,GreenPAK_ID,TOUCH_FW - TOUCH_FW,TOUCH_FW,Read_CCG3_FW,Production_Signed_Check - Production_Signed_Check,Production_Signed_Check,Read_KBD_HW_Layout - Read_KBD_HW_Layout,Read_KBD_HW_Layout,Get_KBD_HW_Layout - Read_KBD_HW_Layout,Get_KBD_HW_Layout,Compare_KBD_HW_Layout,Read_MLB_Lang,Get_KBD_Lang,Check_KBD_Lang,Read_MFI_Address - Read_MFI_Address,Read_MFI_Address,System_Critical_Errors - CRIT_ERR_E1_PART1,System_Critical_Errors - CRIT_ERR_E1_PART2,FW_Update_Critical_Errors - CRIT_ERR_E2_PART1,FW_Update_Critical_Errors - CRIT_ERR_E2_PART2,FW_Update_Critical_Errors - CRIT_ERR_E2_PART3,Key_Scan_Critical_Errors - CRIT_ERR_E7_PART1,Key_Scan_Critical_Errors - CRIT_ERR_E7_PART2,Key_Scan_Critical_Errors - CRIT_ERR_E7_PART3,Key_Scan_Critical_Errors - CRIT_ERR_E7_PART4,USBC_Critical_Errors - CRIT_ERR_E3_PART1,USBC_Critical_Errors - CRIT_ERR_E3_PART2,USBC_Critical_Errors - CRIT_ERR_E3_PART3,USBC_Critical_Errors - CRIT_ERR_E3_PART4,Grape_Critical_Errors - CRIT_ERR_E5_PART1,Grape_Critical_Errors - CRIT_ERR_E5_PART2,Grape_Critical_Errors - CRIT_ERR_E5_PART3,Grape_Critical_Errors - CRIT_ERR_E5_PART4,Grape_Critical_Errors - CRIT_ERR_E5_PART5,Grape_Critical_Errors - CRIT_ERR_E5_PART6,Grape_Critical_Errors - CRIT_ERR_E5_PART7,Grape_Critical_Errors - CRIT_ERR_E5_PART8,Grape_Critical_Errors - CRIT_ERR_E5_PART9,Grape_Critical_Errors - CRIT_ERR_E5_PART10,Critical_Errors_Summary - CRIT_ERR_E0_PART1,Backlight_Critical_Errors - BL_CRI_ERR_PART1,Grape_Connector_Self_Critical_Errors - CRIT_ERR_D3_PART1,Grape_Connector_Self_Critical_Errors - CRIT_ERR_D3_PART2,Grape_Connector_Self_Critical_Errors - CRIT_ERR_D3_PART3,+,Read_KBD_HW_Layout - Read_KBD_HW_Layout,Get_KBD_HW_Layout - Read_KBD_HW_Layout,
Upper Limited-------->,,,,,,,,,,,,,,,,,3,,,,3,,,,3,,,,3,,,,3,,,,3,,,,3,,,,3,,,,3,,,,3,,,,,,,,,,,,,,,,,,370,,3,,2,,1286,,,0,,33,,33,,,,,,16,,,,,,,,,,,,,,,,,,,,,,,,,,,,,,,13,13,
Lower Limited-------->,,,,,,,,,,,,,,,,,3,,,,3,,,,3,,,,3,,,,3,,,,3,,,,3,,,,3,,,,3,,,,3,,,,,,,,,,,,,,,,,,370,,3,,2,,1286,,,0,,33,,33,,,,,,16,,,,,,,,,,,,,,,,,,,,,,,,,,,,,,,13,13,
Measurement Units---->,,,,,,,,,,,,,,,,,,,,,,,,,,,,,,,,,,,,,,,,,,,,,,,,,,,,,,,,,,,,,,,,,,,,,,,,,,,,,,,,,,,,,,,,,,,,,,,,,,,,,,,,,,,,,,,,,,,,,,,,,,,
FXLH,R118,FTPZD074P3HR,,R118-P2_P21AEN-1,,FXLH_F05-4FT-02_2_GATEKEEPER,FAIL,10-10-10:20:22,49.55,V1.1.3.2,Check_All_CB,FTPZD074P3HR,Atlas 1.9.2,FTPZD074P3HR,V1.1.3.2,1,3,0,0,0,3,0,0,0,3,0,1,1,3,0,0,0,2,0,1,1,2,0,1,1,0,0,0,0,2,0,1,1,3,0,0,0,3,0,0,0,15 00 00 00 ,FTPZD074P3HR,Pass,DLX937500FWN6R52F,WCT-J90018,R118-P2_P21AEN-1_C00651,R118-P2,R118-P2_P21AEN-1,C4P932200CMJCPP3X,GV29364009MN3LN2C,FM7934401KLN0LH1K+V1J,C47935301P6MW5D2Q,13 00 00 00 02 ,13 00 00 00 00,370,0x0172,3,0x03,2,02,1286,0x0506,A0 02 00 0B 00 0B 00 0B ,0,0x00,33,0x21,33,0x21,Pass,02 01 01 05 49 ,02 01 01 05 49,Read_MLB_Lang :02 01 01 05 49  ,  Get_KBD_Lang :02 01 01 05 49,16,0x10,8704,0,0,0,0,0,0,0,0,0,0,0,0,16777216,0,0,0,0,0,16842752,16777216,0,0,0,0,17372165,100665620,33751040,,,,
FXLH,R118,FTPZF064P3HW,,R118-P2_P21ACH-CPK,,FXLH_F05-4FT-02_2_GATEKEEPER,FAIL,10-10-10:55:56,40.72,V1.1.3.2,Check_All_CB,FTPZF064P3HW,Atlas 1.9.2,FTPZF064P3HW,V1.1.3.2,1,3,0,0,0,3,0,0,0,3,0,0,0,3,0,0,0,3,0,1,1,2,0,3,3,0,0,0,0,3,0,0,0,3,0,0,0,3,0,0,0,15 00 00 00 ,FTPZF064P3HW,Pass,DLX93820066N6R52Y,WMT-J90021,R118-P2_P21ACH-CPK_C00988,R118-P2,R118-P2_P21ACH-CPK,C4P93220014JCPT39,GV293670029N3LN28,FM7934401SHN0LH11+V1J,C47935302S0MW5D2L,13 00 00 00 02 ,13 00 00 00 00,370,0x0172,3,0x03,2,02,1286,0x0506,A0 02 00 0B 00 0B 00 0B ,0,0x00,33,0x21,33,0x21,Pass,02 01 01 0B 49 16 16 ,02 01 01 0B 49 16 16,Read_MLB_Lang :02 01 01 0B 49 16 16  ,  Get_KBD_Lang :02 01 01 0B 49 16 16,16,0x10,8704,0,0,0,0,0,0,0,0,0,0,0,0,16777216,0,0,0,0,0,16842752,16777216,0,0,0,0,17372165,100665620,33751040,,,,
FXLH,R118,FTPZF001P3J9,,R118-P2_P21ISWI,,FXLH_F05-4FT-02_2_GATEKEEPER,FAIL,10-10-11:05:06,46.79,V1.1.3.2,Check_All_CB,FTPZF001P3J9,Atlas 1.9.2,FTPZF001P3J9,V1.1.3.2,1,3,0,0,0,3,0,0,0,3,0,0,0,3,0,0,0,3,0,2,2,3,0,0,0,0,0,0,0,3,0,0,0,3,0,0,0,3,0,1,1,15 00 00 00 ,FTPZF001P3J9,Pass,DLX9382007KN6R52G,WMT-J9002E,R118-P2_P21ISWI_C01136,R118-P2,R118-P2_P21ISWI,C4P9347000KN34G3H,GV293720008P2T02G,FM7934401JVN0LH1D+V1J,C4793530499MW5D2S,13 00 00 00 01 ,13 00 00 00 00,370,0x0172,3,0x03,2,02,1286,0x0506,A0 02 00 0B 00 0B 00 0B ,0,0x00,,0x0D,,0x0D,Pass,02 01 02 11 4A ,02 01 02 11 4A,Read_MLB_Lang :02 01 02 11 4A  ,  Get_KBD_Lang :02 01 02 11 4A,16,0x10,8704,0,0,0,0,0,0,0,0,0,0,0,0,16777216,0,0,0,0,0,16842752,16777216,0,0,0,0,17372165,100665620,33751040,,13,13,
FXLH,R118,FTPZF015P3HR,,R118-P2_P21AEN-D1,,FXLH_F05-4FT-02_2_GATEKEEPER,FAIL,10-10-11:08:30,47.64,V1.1.3.2,Check_All_CB,FTPZF015P3HR,Atlas 1.9.2,FTPZF015P3HR,V1.1.3.2,1,3,0,0,0,3,0,1,1,3,0,2,2,3,0,0,0,3,0,0,0,2,0,5,5,0,0,0,0,0,0,0,0,3,0,0,0,3,0,0,0,15 00 00 00 ,FTPZF015P3HR,Pass,DLX937600T8N6R520,WMT-J9001E,R118-P2_P21AEN-D1_C00924,R118-P2,R118-P2_P21AEN-D1,C4P93220071JCPP3Y,GV2936400B8N3LN2K,FM7934401ECN0LH18+V1J,CR19356019AMW5D15,13 00 00 00 02 ,13 00 00 00 00,370,0x0172,3,0x03,2,02,1286,0x0506,A0 02 00 0B 00 0B 00 0B ,0,0x00,33,0x21,33,0x21,Pass,02 01 01 05 49 ,02 01 01 05 49,Read_MLB_Lang :02 01 01 05 49  ,  Get_KBD_Lang :02 01 01 05 49,16,0x10,8704,0,0,0,0,0,0,0,0,0,0,0,0,16777216,0,0,0,0,0,16842752,16777216,0,0,0,0,17372165,100665620,33751040,,,,
FXLH,R118,FTPZF05YP3HW,,R118-P2_P21ACH-CPK,,FXLH_F05-4FT-02_2_GATEKEEPER,FAIL,10-10-11:15:49,54.65,V1.1.3.2,Check_All_CB,FTPZF05YP3HW,Atlas 1.9.2,FTPZF05YP3HW,V1.1.3.2,1,3,0,0,0,3,0,0,0,3,0,0,0,3,0,0,0,3,0,3,3,2,0,3,3,0,0,0,0,3,0,0,0,3,0,0,0,3,0,0,0,15 00 00 00 ,FTPZF05YP3HW,Pass,DLX9382000NN6R520,WMT-J90021,R118-P2_P21ACH-CPK_C00994,R118-P2,R118-P2_P21ACH-CPK,C4P9322002WJCPT3E,GV29367002DN3LN24,FM7934401V5N0LH14+V1J,C479353048CMW5D2S,13 00 00 00 02 ,13 00 00 00 00,370,0x0172,3,0x03,2,02,1286,0x0506,A0 02 00 0B 00 0B 00 0B ,0,0x00,33,0x21,33,0x21,Pass,02 01 01 0B 49 16 16 ,02 01 01 0B 49 16 16,Read_MLB_Lang :02 01 01 0B 49 16 16  ,  Get_KBD_Lang :02 01 01 0B 49 16 16,16,0x10,8704,0,0,0,0,0,0,0,0,0,0,0,0,16777216,0,0,0,0,0,16842752,16777216,0,0,0,0,17372165,100665620,33751040,,,,
FXLH,R118,FTPZF06CP3HW,,R118-P2_P21ACH-CPK,,FXLH_F05-4FT-02_2_GATEKEEPER,FAIL,10-10-11:27:35,47.54,V1.1.3.2,Check_All_CB,FTPZF06CP3HW,Atlas 1.9.2,FTPZF06CP3HW,V1.1.3.2,1,3,0,0,0,3,0,0,0,3,0,0,0,3,0,0,0,3,0,1,1,2,0,3,3,0,0,0,0,3,0,0,0,3,0,1,1,3,0,0,0,15 00 00 00 ,FTPZF06CP3HW,Pass,DLX9382001QN6R52V,WMT-J90021,R118-P2_P21ACH-CPK_C01005,R118-P2,R118-P2_P21ACH-CPK,C4P93220018JCPT35,GV29367001YN3LN2N,FM7934401B8N0LH1M+V1J,C47935308G3MW5D27,13 00 00 00 02 ,13 00 00 00 00,370,0x0172,3,0x03,2,02,1286,0x0506,A0 02 00 0B 00 0B 00 0B ,0,0x00,33,0x21,33,0x21,Pass,02 01 01 0B 49 16 16 ,02 01 01 0B 49 16 16,Read_MLB_Lang :02 01 01 0B 49 16 16  ,  Get_KBD_Lang :02 01 01 0B 49 16 16,16,0x10,8704,0,0,0,0,0,0,0,0,0,0,0,0,16777216,0,0,0,0,0,16842752,16777216,0,0,0,0,17372165,100665620,33751040,,,,
FXLH,R118,FTPZF06SP3HW,,R118-P2_P21ACH-CPK,,FXLH_F05-4FT-02_2_GATEKEEPER,FAIL,10-10-11:30:39,69.47,V1.1.3.2,Check_All_CB,FTPZF06SP3HW,Atlas 1.9.2,FTPZF06SP3HW,V1.1.3.2,1,3,0,0,0,3,0,0,0,3,0,0,0,3,0,0,0,3,0,0,0,2,0,3,3,0,0,0,0,3,0,0,0,3,0,0,0,3,0,0,0,15 00 00 00 ,FTPZF06SP3HW,Pass,DLX93820019N6R52A,WMT-J90021,R118-P2_P21ACH-CPK_C01011,R118-P2,R118-P2_P21ACH-CPK,C4P9322003JJCPT3P,GV293670022N3LN2F,FM79344017AN0LH1X+V1J,C47935308E3MW5D2D,13 00 00 00 02 ,13 00 00 00 00,370,0x0172,3,0x03,2,02,1286,0x0506,A0 02 00 0B 00 0B 00 0B ,0,0x00,33,0x21,33,0x21,Pass,02 01 01 0B 49 16 16 ,02 01 01 0B 49 16 16,Read_MLB_Lang :02 01 01 0B 49 16 16  ,  Get_KBD_Lang :02 01 01 0B 49 16 16,16,0x10,8704,0,0,0,0,0,0,0,0,0,0,0,0,16777216,0,0,0,0,0,16842752,16777216,0,0,0,0,17372165,100665620,33751040,,,,
FXLH,R118,FTPZF06NP3HW,,R118-P2_P21ACH-CPK,,FXLH_F05-4FT-02_2_GATEKEEPER,FAIL,10-10-11:31:53,117.53,V1.1.3.2,Check_All_CB,FTPZF06NP3HW,Atlas 1.9.2,FTPZF06NP3HW,V1.1.3.2,1,3,0,0,0,3,0,0,0,3,0,0,0,3,0,0,0,3,0,0,0,2,0,3,3,0,0,0,0,3,0,0,0,3,0,0,0,3,0,0,0,15 00 00 00 ,FTPZF06NP3HW,Pass,DLX9382001AN6R529,WMT-J90021,R118-P2_P21ACH-CPK_C01007,R118-P2,R118-P2_P21ACH-CPK,C4P9322004GJCPT3N,GV29367002FN3LN22,FM7934401MVN0LH14+V1J,C47935308GBMW5D2Z,13 00 00 00 02 ,13 00 00 00 00,370,0x0172,3,0x03,2,02,1286,0x0506,A0 02 00 0B 00 0B 00 0B ,0,0x00,33,0x21,33,0x21,Pass,02 01 01 0B 49 16 16 ,02 01 01 0B 49 16 16,Read_MLB_Lang :02 01 01 0B 49 16 16  ,  Get_KBD_Lang :02 01 01 0B 49 16 16,16,0x10,8704,0,0,0,0,0,0,0,0,0,0,0,0,16777216,0,0,0,0,0,16842752,16777216,0,0,0,0,17372165,100665620,33751040,,,,
FXLH,R118,FTPZF06LP3HW,,R118-P2_P21ACH-CPK,,FXLH_F05-4FT-02_2_GATEKEEPER,FAIL,10-10-12:50:16,44.83,V1.1.3.2,Check_All_CB,FTPZF06LP3HW,Atlas 1.9.2,FTPZF06LP3HW,V1.1.3.2,1,3,0,0,0,3,0,0,0,3,0,0,0,3,0,0,0,3,0,1,1,2,0,3,3,0,0,0,0,3,0,0,0,3,0,0,0,3,0,0,0,15 00 00 00 ,FTPZF06LP3HW,Pass,DLX93820017N6R52C,WMT-J90021,R118-P2_P21ACH-CPK_C01013,R118-P2,R118-P2_P21ACH-CPK,C4P9322002SJCPT3J,GV29367001VN3LN2R,FM7934401CHN0LH19+V1J,C47935308CPMW5D2Z,13 00 00 00 02 ,13 00 00 00 00,370,0x0172,3,0x03,2,02,1286,0x0506,A0 02 00 0B 00 0B 00 0B ,0,0x00,33,0x21,33,0x21,Pass,02 01 01 0B 49 16 16 ,02 01 01 0B 49 16 16,Read_MLB_Lang :02 01 01 0B 49 16 16  ,  Get_KBD_Lang :02 01 01 0B 49 16 16,16,0x10,8704,0,0,0,0,0,0,0,0,0,0,0,0,16777216,0,0,0,0,0,16842752,16777216,0,0,0,0,17372165,100665620,33751040,,,,
FXLH,R118,FTPZF06FP3HW,,R118-P2_P21ACH-CPK,,FXLH_F05-4FT-02_2_GATEKEEPER,FAIL,10-10-12:54:41,63.76,V1.1.3.2,Check_All_CB,FTPZF06FP3HW,Atlas 1.9.2,FTPZF06FP3HW,V1.1.3.2,1,3,0,0,0,3,0,0,0,3,0,0,0,3,0,0,0,3,0,0,0,2,0,3,3,0,0,0,0,3,0,0,0,3,0,0,0,3,0,0,0,15 00 00 00 ,FTPZF06FP3HW,Pass,DLX9382003CN6R521,WMT-J90021,R118-P2_P21ACH-CPK_C01001,R118-P2,R118-P2_P21ACH-CPK,C4P9322001BJCPT32,GV29367001TN3LN2T,FM7934401KVN0LH1A+V1J,C47935305D1MW5D2M,13 00 00 00 02 ,13 00 00 00 00,370,0x0172,3,0x03,2,02,1286,0x0506,A0 02 00 0B 00 0B 00 0B ,0,0x00,33,0x21,33,0x21,Pass,02 01 01 0B 49 16 16 ,02 01 01 0B 49 16 16,Read_MLB_Lang :02 01 01 0B 49 16 16  ,  Get_KBD_Lang :02 01 01 0B 49 16 16,16,0x10,8704,0,0,0,0,0,0,0,0,0,0,0,0,16777216,0,0,0,0,0,16842752,16777216,0,0,0,0,17372165,100665620,33751040,,,,
FXLH,R118,FTPZF06BP3HW,,R118-P2_P21ACH-CPK,,FXLH_F05-4FT-02_2_GATEKEEPER,FAIL,10-10-12:56:43,797.80,V1.1.3.2,Check_All_CB,FTPZF06BP3HW,Atlas 1.9.2,FTPZF06BP3HW,V1.1.3.2,1,3,0,0,0,3,0,0,0,3,0,0,0,3,0,0,0,3,0,0,0,2,0,3,3,0,0,0,0,3,0,0,0,3,0,0,0,3,0,0,0,15 00 00 00 ,FTPZF06BP3HW,Pass,DLX9382001LN6R52Z,WMT-J90021,R118-P2_P21ACH-CPK_C00995,R118-P2,R118-P2_P21ACH-CPK,C4P93220033JCPT34,GV29367001EN3LN26,FM7934401UUN0LH1J+V1J,C47935300FJMW5D23,13 00 00 00 02 ,13 00 00 00 00,370,0x0172,3,0x03,2,02,1286,0x0506,A0 02 00 0B 00 0B 00 0B ,0,0x00,33,0x21,33,0x21,Pass,02 01 01 0B 49 16 16 ,02 01 01 0B 49 16 16,Read_MLB_Lang :02 01 01 0B 49 16 16  ,  Get_KBD_Lang :02 01 01 0B 49 16 16,16,0x10,8704,0,0,0,0,0,0,0,0,0,0,0,0,16777216,0,0,0,0,0,16842752,16777216,0,0,0,0,17372165,100665620,33751040,,,,
FXLH,R118,FTPZF06AP3HW,,R118-P2_P21ACH-CPK,,FXLH_F05-4FT-02_2_GATEKEEPER,FAIL,10-10-13:11:46,354.76,V1.1.3.2,Check_All_CB,FTPZF06AP3HW,Atlas 1.9.2,FTPZF06AP3HW,V1.1.3.2,1,3,0,0,0,3,0,0,0,3,0,0,0,3,0,0,0,3,0,1,1,2,0,3,3,0,0,0,0,3,0,0,0,3,0,1,1,3,0,0,0,15 00 00 00 ,FTPZF06AP3HW,Pass,DLX93820044N6R526,WMT-J90021,R118-P2_P21ACH-CPK_C00996,R118-P2,R118-P2_P21ACH-CPK,C4P93220058JCPT3T,GV29367001WN3LN2Q,FM7934401KRN0LH1E+V1J,C47935300A0MW5D22,13 00 00 00 02 ,13 00 00 00 00,370,0x0172,3,0x03,2,02,1286,0x0506,A0 02 00 0B 00 0B 00 0B ,0,0x00,33,0x21,33,0x21,Pass,02 01 01 0B 49 16 16 ,02 01 01 0B 49 16 16,Read_MLB_Lang :02 01 01 0B 49 16 16  ,  Get_KBD_Lang :02 01 01 0B 49 16 16,16,0x10,8704,0,0,0,0,0,0,0,0,0,0,0,0,16777216,0,0,0,0,0,16842752,16777216,0,0,0,0,17372165,100665620,33751040,,,,
FXLH,R118,FTPZF069P3HW,,R118-P2_P21ACH-CPK,,FXLH_F05-4FT-02_2_GATEKEEPER,FAIL,10-10-13:19:19,57.50,V1.1.3.2,Check_All_CB,FTPZF069P3HW,Atlas 1.9.2,FTPZF069P3HW,V1.1.3.2,1,3,0,0,0,3,0,0,0,3,0,0,0,3,0,0,0,3,0,0,0,2,0,3,3,0,0,0,0,3,0,0,0,3,0,0,0,3,0,2,2,15 00 00 00 ,FTPZF069P3HW,Pass,DLX9382005NN6R52K,WMT-J90021,R118-P2_P21ACH-CPK_C01000,R118-P2,R118-P2_P21ACH-CPK,C4P9322002PJCPT3M,GV29367001DN3LN27,FM7934401AXN0LH11+V1J,C47935301B6MW5D2S,13 00 00 00 02 ,13 00 00 00 00,370,0x0172,3,0x03,2,02,1286,0x0506,A0 02 00 0B 00 0B 00 0B ,0,0x00,33,0x21,33,0x21,Pass,02 01 01 0B 49 16 16 ,02 01 01 0B 49 16 16,Read_MLB_Lang :02 01 01 0B 49 16 16  ,  Get_KBD_Lang :02 01 01 0B 49 16 16,16,0x10,8704,0,0,0,0,0,0,0,0,0,0,0,0,16777216,0,0,0,0,0,16842752,16777216,0,0,0,0,17372165,100665620,33751040,,,,
FXLH,R118,FTPZF06RP3HW,,R118-P2_P21ACH-CPK,,FXLH_F05-4FT-02_2_GATEKEEPER,FAIL,10-10-13:20:34,130.31,V1.1.3.2,Check_All_CB,FTPZF06RP3HW,Atlas 1.9.2,FTPZF06RP3HW,V1.1.3.2,1,3,0,0,0,3,0,0,0,3,0,0,0,3,0,0,0,3,0,0,0,2,0,3,3,0,0,0,0,3,0,0,0,3,0,0,0,3,0,0,0,15 00 00 00 ,FTPZF06RP3HW,Pass,DLX9382001SN6R52T,WMT-J90021,R118-P2_P21ACH-CPK_C01010,R118-P2,R118-P2_P21ACH-CPK,C4P93220052JCPT3Z,GV29367001NN3LN2Y,FM7934401D4N0LH1K+V1J,C47935303LUMW5D29,13 00 00 00 02 ,13 00 00 00 00,370,0x0172,3,0x03,2,02,1286,0x0506,A0 02 00 0B 00 0B 00 0B ,0,0x00,33,0x21,33,0x21,Pass,02 01 01 0B 49 16 16 ,02 01 01 0B 49 16 16,Read_MLB_Lang :02 01 01 0B 49 16 16  ,  Get_KBD_Lang :02 01 01 0B 49 16 16,16,0x10,8704,0,0,0,0,0,0,0,0,0,0,0,0,16777216,0,0,0,0,0,16842752,16777216,0,0,0,0,17372165,100665620,33751040,,,,
FXLH,R118,FTPZF06PP3HW,,R118-P2_P21ACH-CPK,,FXLH_F05-4FT-02_2_GATEKEEPER,FAIL,10-10-13:23:56,46.94,V1.1.3.2,Check_All_CB,FTPZF06PP3HW,Atlas 1.9.2,FTPZF06PP3HW,V1.1.3.2,1,3,0,0,0,3,0,0,0,3,0,0,0,3,0,0,0,3,0,0,0,2,0,3,3,0,0,0,0,3,0,0,0,3,0,0,0,3,0,0,0,15 00 00 00 ,FTPZF06PP3HW,Pass,DLX9382003AN6R523,WMT-J90021,R118-P2_P21ACH-CPK_C01008,R118-P2,R118-P2_P21ACH-CPK,C4P9322002FJCPT3V,GV293670026N3LN2B,FM7934401NWN0LH10+V1J,C47935303MJMW5D2G,13 00 00 00 02 ,13 00 00 00 00,370,0x0172,3,0x03,2,02,1286,0x0506,A0 02 00 0B 00 0B 00 0B ,0,0x00,33,0x21,33,0x21,Pass,02 01 01 0B 49 16 16 ,02 01 01 0B 49 16 16,Read_MLB_Lang :02 01 01 0B 49 16 16  ,  Get_KBD_Lang :02 01 01 0B 49 16 16,16,0x10,8704,0,0,0,0,0,0,0,0,0,0,0,0,16777216,0,0,0,0,0,16842752,16777216,0,0,0,0,17372165,100665620,33751040,,,,
FXLH,R118,FTPZF06HP3HW,,R118-P2_P21ACH-CPK,,FXLH_F05-4FT-02_2_GATEKEEPER,FAIL,10-10-13:27:05,47.02,V1.1.3.2,Check_All_CB,FTPZF06HP3HW,Atlas 1.9.2,FTPZF06HP3HW,V1.1.3.2,1,3,0,0,0,3,0,0,0,3,0,0,0,3,0,0,0,3,0,4,4,2,0,3,3,0,0,0,0,3,0,0,0,3,0,0,0,3,0,0,0,15 00 00 00 ,FTPZF06HP3HW,Pass,DLX93820039N6R524,WMT-J90021,R118-P2_P21ACH-CPK_C01015,R118-P2,R118-P2_P21ACH-CPK,C4P93220051JCPT30,GV29367001PN3LN2X,FM7934401SWN0LH1N+V1J,C47935303M6MW5D2U,13 00 00 00 02 ,13 00 00 00 00,370,0x0172,3,0x03,2,02,1286,0x0506,A0 02 00 0B 00 0B 00 0B ,0,0x00,33,0x21,33,0x21,Pass,02 01 01 0B 49 16 16 ,02 01 01 0B 49 16 16,Read_MLB_Lang :02 01 01 0B 49 16 16  ,  Get_KBD_Lang :02 01 01 0B 49 16 16,16,0x10,8704,0,0,0,0,0,0,0,0,0,0,0,0,16777216,0,0,0,0,0,16842752,16777216,0,0,0,0,17372165,100665620,33751040,,,,
FXLH,R118,FTPZF067P3HW,,R118-P2_P21ACH-CPK,,FXLH_F05-4FT-02_2_GATEKEEPER,FAIL,10-10-13:30:00,55.26,V1.1.3.2,Check_All_CB,FTPZF067P3HW,Atlas 1.9.2,FTPZF067P3HW,V1.1.3.2,1,3,0,0,0,3,0,0,0,3,0,0,0,3,0,0,0,3,0,0,0,2,0,3,3,0,0,0,0,3,0,0,0,3,0,0,0,3,0,3,3,15 00 00 00 ,FTPZF067P3HW,Pass,DLX9382000VN6R52T,WMT-J90021,R118-P2_P21ACH-CPK_C01004,R118-P2,R118-P2_P21ACH-CPK,C4P9322000WJCPT3L,GV293670020N3LN2H,FM7934401JEN0LH1U+V1J,C47935302R6MW5D2H,13 00 00 00 02 ,13 00 00 00 00,370,0x0172,3,0x03,2,02,1286,0x0506,A0 02 00 0B 00 0B 00 0B ,0,0x00,33,0x21,33,0x21,Pass,02 01 01 0B 49 16 16 ,02 01 01 0B 49 16 16,Read_MLB_Lang :02 01 01 0B 49 16 16  ,  Get_KBD_Lang :02 01 01 0B 49 16 16,16,0x10,8704,0,0,0,0,0,0,0,0,0,0,0,0,16777216,0,0,0,0,0,16842752,16777216,0,0,0,0,17372165,100665620,33751040,,,,
FXLH,R118,,,,,FXLH_F05-4FT-02_2_GATEKEEPER,FAIL,10-10-13:35:54,141.31,V1.1.3.2,Scan_FG_SN; Start Data Reporting; Start Control Bits; Check_All_CB; Check_Bootargs_Status; Read_FG_SN; Compare_FG_SN; Get_SFC_Info; MLB_SN; WO_SN; UNIT_LBL; BUILD_EVENT; BUILD_MATRIX_CONFIG; UNIT#; S_BUILD; KBM_SN; BACKLIGHT_SN; TRACKPAD_SN; TOUCH_FLEX_SN; Atlas Hyperion Closed,,,,,,3,0,0,0,3,0,0,0,3,0,1,1,3,0,0,0,3,0,0,0,2,0,3,3,0,0,0,0,3,0,0,0,,,,,,,,,,,Fail,,,,,,,,,,,,,,,,,,,,,,,,,,,,,,,,,,,,,,,,,,,,,,,,,,,,,,,,,,,,,,,,
