GATEKEEPER,V1.1.3.2
Site, Product, SerialNumber, Special Build Name, Special Build Description, Unit Number, Station ID, Test Pass/Fail Status, StartTime, EndTime, Version, List of Failing Tests,Scan_FG_SN,Start Data Reporting,Start Data Reporting,Start Data Reporting,Start Data Reporting,Check_All_CB - CB_STATUS_MLB-FCT,Check_All_CB - ABS_ERASE_MLB-FCT,Check_All_CB - ABS_FAIL_MLB-FCT,Check_All_CB - REL_FAIL_MLB-FCT,Check_All_CB - CB_STATUS_TEST1,Check_All_CB - ABS_ERASE_TEST1,Check_All_CB - ABS_FAIL_TEST1,Check_All_CB - REL_FAIL_TEST1,Check_All_CB - CB_STATUS_QT0,Check_All_CB - ABS_ERASE_QT0,Check_All_CB - ABS_FAIL_QT0,Check_All_CB - REL_FAIL_QT0,Check_All_CB - CB_STATUS_DFU2-FTW,Check_All_CB - ABS_ERASE_DFU2-FTW,Check_All_CB - ABS_FAIL_DFU2-FTW,Check_All_CB - REL_FAIL_DFU2-FTW,Check_All_CB - CB_STATUS_QT1,Check_All_CB - ABS_ERASE_QT1,Check_All_CB - ABS_FAIL_QT1,Check_All_CB - REL_FAIL_QT1,Check_All_CB - CB_STATUS_LED-TEST,Check_All_CB - ABS_ERASE_LED-TEST,Check_All_CB - ABS_FAIL_LED-TEST,Check_All_CB - REL_FAIL_LED-TEST,Check_All_CB - CB_STATUS_KEY-FORCE,Check_All_CB - ABS_ERASE_KEY-FORCE,Check_All_CB - ABS_FAIL_KEY-FORCE,Check_All_CB - REL_FAIL_KEY-FORCE,Check_All_CB - CB_STATUS_TEST2,Check_All_CB - ABS_ERASE_TEST2,Check_All_CB - ABS_FAIL_TEST2,Check_All_CB - REL_FAIL_TEST2,Check_All_CB - CB_STATUS_MMI,Check_All_CB - ABS_ERASE_MMI,Check_All_CB - ABS_FAIL_MMI,Check_All_CB - REL_FAIL_MMI,Check_All_CB - CB_STATUS_SW-DOWNLOAD,Check_All_CB - ABS_ERASE_SW-DOWNLOAD,Check_All_CB - ABS_FAIL_SW-DOWNLOAD,Check_All_CB - REL_FAIL_SW-DOWNLOAD,Check_Bootargs_Status,Read_FG_SN,Compare_FG_SN,MLB_SN,WO_SN,UNIT_LBL,BUILD_EVENT,S_BUILD,KBM_SN,BACKLIGHT_SN,TRACKPAD_SN,TOUCH_FLEX_SN,Check_EP_Status,EP_Enable_All,STFW - STFW,STFW,Read_HW_Version - Read_HW_Version,Read_HW_Version,GreenPAK_ID - GreenPAK_ID,GreenPAK_ID,TOUCH_FW - TOUCH_FW,TOUCH_FW,Read_CCG3_FW,Production_Signed_Check - Production_Signed_Check,Production_Signed_Check,Read_KBD_HW_Layout - Read_KBD_HW_Layout,Read_KBD_HW_Layout,Get_KBD_HW_Layout - Read_KBD_HW_Layout,Get_KBD_HW_Layout,Compare_KBD_HW_Layout,Read_MLB_Lang,Get_KBD_Lang,Check_KBD_Lang,Read_MFI_Address - Read_MFI_Address,Read_MFI_Address,System_Critical_Errors - CRIT_ERR_E1_PART1,System_Critical_Errors - CRIT_ERR_E1_PART2,FW_Update_Critical_Errors - CRIT_ERR_E2_PART1,FW_Update_Critical_Errors - CRIT_ERR_E2_PART2,FW_Update_Critical_Errors - CRIT_ERR_E2_PART3,Key_Scan_Critical_Errors - CRIT_ERR_E7_PART1,Key_Scan_Critical_Errors - CRIT_ERR_E7_PART2,Key_Scan_Critical_Errors - CRIT_ERR_E7_PART3,Key_Scan_Critical_Errors - CRIT_ERR_E7_PART4,USBC_Critical_Errors - CRIT_ERR_E3_PART1,USBC_Critical_Errors - CRIT_ERR_E3_PART2,USBC_Critical_Errors - CRIT_ERR_E3_PART3,USBC_Critical_Errors - CRIT_ERR_E3_PART4,Grape_Critical_Errors - CRIT_ERR_E5_PART1,Grape_Critical_Errors - CRIT_ERR_E5_PART2,Grape_Critical_Errors - CRIT_ERR_E5_PART3,Grape_Critical_Errors - CRIT_ERR_E5_PART4,Grape_Critical_Errors - CRIT_ERR_E5_PART5,Grape_Critical_Errors - CRIT_ERR_E5_PART6,Grape_Critical_Errors - CRIT_ERR_E5_PART7,Grape_Critical_Errors - CRIT_ERR_E5_PART8,Grape_Critical_Errors - CRIT_ERR_E5_PART9,Grape_Critical_Errors - CRIT_ERR_E5_PART10,Critical_Errors_Summary - CRIT_ERR_E0_PART1,Backlight_Critical_Errors - BL_CRI_ERR_PART1,Grape_Connector_Self_Critical_Errors - CRIT_ERR_D3_PART1,Grape_Connector_Self_Critical_Errors - CRIT_ERR_D3_PART2,Grape_Connector_Self_Critical_Errors - CRIT_ERR_D3_PART3,+,Read_KBD_HW_Layout - Read_KBD_HW_Layout,Get_KBD_HW_Layout - Read_KBD_HW_Layout,+,Read_KBD_HW_Layout - Read_KBD_HW_Layout,Get_KBD_HW_Layout - Read_KBD_HW_Layout,
Upper Limited-------->,,,,,,,,,,,,,,,,,3,,,,3,,,,3,,,,3,,,,3,,,,3,,,,3,,,,3,,,,3,,,,3,,,,,,,,,,,,,,,,,,370,,3,,2,,1286,,,0,,33,,33,,,,,,16,,,,,,,,,,,,,,,,,,,,,,,,,,,,,,,15,15,,13,13,
Lower Limited-------->,,,,,,,,,,,,,,,,,3,,,,3,,,,3,,,,3,,,,3,,,,3,,,,3,,,,3,,,,3,,,,3,,,,,,,,,,,,,,,,,,370,,3,,2,,1286,,,0,,33,,33,,,,,,16,,,,,,,,,,,,,,,,,,,,,,,,,,,,,,,15,15,,13,13,
Measurement Units---->,,,,,,,,,,,,,,,,,,,,,,,,,,,,,,,,,,,,,,,,,,,,,,,,,,,,,,,,,,,,,,,,,,,,,,,,,,,,,,,,,,,,,,,,,,,,,,,,,,,,,,,,,,,,,,,,,,,,,,,,,,,,,,
FXLH,R118,FTPZF014P3HR,,R118-P2_P21AEN-D1,,FXLH_F05-4FT-02_2_GATEKEEPER,FAIL,09-30-12:34:33,41.75,V1.1.3.2,Check_All_CB,FTPZF014P3HR,Atlas 1.9.2,FTPZF014P3HR,V1.1.3.2,1,3,0,0,0,3,0,0,0,3,0,0,0,3,0,0,0,3,0,0,0,2,0,4,4,0,0,0,0,3,0,0,0,3,0,0,0,3,0,0,0,15 00 00 00 ,FTPZF014P3HR,Pass,DLX937500L1N6R52V,WMT-J9001E,R118-P2_P21AEN-D1_C00923,R118-P2,R118-P2_P21AEN-D1,C4P932200QJJCPP3Y,GV2936400BJN3LN29,FM7934401UYN0LH1E+V1J,CR1935600YNMW5D1T,13 00 00 00 02 ,13 00 00 00 00,370,0x0172,3,0x03,2,02,1286,0x0506,A0 02 00 0B 00 0B 00 0B ,0,0x00,33,0x21,33,0x21,Pass,02 01 01 05 49 ,02 01 01 05 49,Read_MLB_Lang :02 01 01 05 49  ,  Get_KBD_Lang :02 01 01 05 49,16,0x10,8704,0,0,0,0,0,0,0,0,0,0,0,0,16777216,0,0,0,0,0,16842752,16777216,0,0,0,0,17372165,100665620,33751040,,,,,,,
FXLH,R118,FTPZF010P3HR,,R118-P2_P21AEN-D1,,FXLH_F05-4FT-02_2_GATEKEEPER,FAIL,09-30-12:36:07,53.87,V1.1.3.2,Check_All_CB,FTPZF010P3HR,Atlas 1.9.2,FTPZF010P3HR,V1.1.3.2,1,3,0,0,0,3,0,0,0,3,0,0,0,3,0,0,0,3,0,1,1,2,0,2,2,0,0,0,0,3,0,0,0,3,0,0,0,3,0,0,0,15 00 00 00 ,FTPZF010P3HR,Pass,DLX937600RQN6R52Q,WMT-J9001E,R118-P2_P21AEN-D1_C00919,R118-P2,R118-P2_P21AEN-D1,C4P932200KVJCPP32,GV2936400BRN3LN22,FM7934401A0N0LH1Y+V1J,CR19356016ZMW5D1R,13 00 00 00 00 ,13 00 00 00 00,370,0x0172,3,0x03,2,02,1286,0x0506,A0 02 00 0B 00 0B 00 0B ,0,0x00,33,0x21,33,0x21,Pass,02 01 01 05 49 ,02 01 01 05 49,Read_MLB_Lang :02 01 01 05 49  ,  Get_KBD_Lang :02 01 01 05 49,16,0x10,8704,0,0,0,0,0,0,0,0,0,0,0,0,16777216,0,0,0,0,0,16842752,16777216,0,0,0,0,17372165,100665620,33751040,,,,,,,
FXLH,R118,FTPZG02MP3J3,,R118-P2_P21J1-R7,,FXLH_F05-4FT-02_2_GATEKEEPER,FAIL,09-30-12:38:20,50.81,V1.1.3.2,Check_All_CB,FTPZG02MP3J3,Atlas 1.9.2,FTPZG02MP3J3,V1.1.3.2,1,3,0,0,0,3,0,0,0,3,0,0,0,3,0,0,0,3,0,0,0,2,0,3,3,0,0,0,0,3,0,0,0,3,0,0,0,3,0,0,0,15 00 00 00 ,FTPZG02MP3J3,Pass,DLX937500B6N6R52H,WMT-J90053,R118-P2_P21J1-R7_C01476,R118-P2,R118-P2_P21J1-R7,C4P9377004WJCQV3H,GV29367002DP2T122,FM7937401E3N0LH18+V3J,CR1935601ESMW5D18,13 00 00 00 02 ,13 00 00 00 00,370,0x0172,3,0x03,2,02,1286,0x0506,A0 02 00 0B 00 0B 00 0B ,0,0x00,,0x0F,,0x0F,Pass,02 01 03 03 4B ,02 01 03 03 4B,Read_MLB_Lang :02 01 03 03 4B  ,  Get_KBD_Lang :02 01 03 03 4B,16,0x10,8704,0,0,0,0,0,0,0,0,0,0,0,0,16777216,0,0,0,0,0,16842752,16777216,0,0,0,0,17372165,100665620,33751040,,15,15,,,,
FXLH,R118,FTPZG049P3J3,,R118-P2_P21J1-ECORELNB,,FXLH_F05-4FT-02_2_GATEKEEPER,FAIL,09-30-12:41:03,40.87,V1.1.3.2,Check_All_CB,FTPZG049P3J3,Atlas 1.9.2,FTPZG049P3J3,V1.1.3.2,1,3,0,0,0,3,0,0,0,3,0,0,0,3,0,0,0,3,0,0,0,3,0,0,0,0,0,0,0,3,0,0,0,3,0,0,0,3,0,0,0,15 00 00 00 ,FTPZG049P3J3,Pass,DLX937500BAN6R52D,WMT-J90054,R118-P2_P21J1-ECORELNB_C01531,R118-P2,R118-P2_P21J1-ECORELNB,C4P937400ADJCQV3K,GV29372002JP2T12Z,FM79344024NN0LH1T+V3J,CR1935600K0MW5D1L,13 00 00 00 02 ,13 00 00 00 00,370,0x0172,3,0x03,2,02,1286,0x0506,A0 02 00 0B 00 0B 00 0B ,0,0x00,,0x0F,,0x0F,Pass,02 01 03 03 4B ,02 01 03 03 4B,Read_MLB_Lang :02 01 03 03 4B  ,  Get_KBD_Lang :02 01 03 03 4B,16,0x10,8704,0,0,0,0,0,0,0,0,0,0,0,0,16777216,0,0,0,0,0,16842752,16777216,0,0,0,0,17372165,100665620,33751040,,15,15,,,,
FXLH,R118,FTPZG04NP3J3,,R118-P2_P21J1-ECORELNB,,FXLH_F05-4FT-02_2_GATEKEEPER,FAIL,09-30-12:42:51,50.09,V1.1.3.2,Check_All_CB,FTPZG04NP3J3,Atlas 1.9.2,FTPZG04NP3J3,V1.1.3.2,1,3,0,0,0,3,0,0,0,3,0,0,0,3,0,0,0,3,0,0,0,3,0,0,0,0,0,0,0,3,0,0,0,3,0,0,0,3,0,0,0,15 00 00 00 ,FTPZG04NP3J3,Pass,DLX937600Q7N6R52A,WMT-J90054,R118-P2_P21J1-ECORELNB_C01518,R118-P2,R118-P2_P21J1-ECORELNB,C4P93740065JCQV35,GV29372002NP2T12V,FM79344022RN0LH1W+V3J,CR1935601MJMW5D1V,13 00 00 00 02 ,13 00 00 00 00,370,0x0172,3,0x03,2,02,1286,0x0506,A0 02 00 0B 00 0B 00 0B ,0,0x00,,0x0F,,0x0F,Pass,02 01 03 03 4B ,02 01 03 03 4B,Read_MLB_Lang :02 01 03 03 4B  ,  Get_KBD_Lang :02 01 03 03 4B,16,0x10,8704,0,0,0,0,0,0,0,0,0,0,0,0,16777216,0,0,0,0,0,16842752,16777216,0,0,0,0,17372165,100665620,33751040,,15,15,,,,
FXLH,R118,FTPZG04UP3J3,,R118-P2_P21J1-ECORELNB,,FXLH_F05-4FT-02_2_GATEKEEPER,FAIL,09-30-12:44:39,46.85,V1.1.3.2,Check_All_CB,FTPZG04UP3J3,Atlas 1.9.2,FTPZG04UP3J3,V1.1.3.2,1,3,0,0,0,3,0,0,0,3,0,1,1,3,0,0,0,3,0,2,2,3,0,1,1,0,0,0,0,3,0,0,0,3,0,0,0,3,0,0,0,15 00 00 00 ,FTPZG04UP3J3,Pass,DLX937500AAN6R52G,WMT-J90054,R118-P2_P21J1-ECORELNB_C01569,R118-P2,R118-P2_P21J1-ECORELNB,C4P9374002ZJCQV3P,GV29372002RP2T12S,FM7934401ZTN0LH14+V3J,CR1935601GMMW5D17,13 00 00 00 02 ,13 00 00 00 00,370,0x0172,3,0x03,2,02,1286,0x0506,A0 02 00 0B 00 0B 00 0B ,0,0x00,,0x0F,,0x0F,Pass,02 01 03 03 4B ,02 01 03 03 4B,Read_MLB_Lang :02 01 03 03 4B  ,  Get_KBD_Lang :02 01 03 03 4B,16,0x10,8704,0,0,0,0,0,0,0,0,0,0,0,0,16777216,0,0,0,0,0,16842752,16777216,0,0,0,0,17372165,100665620,33751040,,15,15,,,,
FXLH,R118,FTPZG05GP3J3,,R118-P2_P21J1-ECORELNB,,FXLH_F05-4FT-02_2_GATEKEEPER,FAIL,09-30-12:48:41,47.20,V1.1.3.2,Check_All_CB,FTPZG05GP3J3,Atlas 1.9.2,FTPZG05GP3J3,V1.1.3.2,1,3,0,0,0,3,0,0,0,3,0,0,0,3,0,0,0,3,0,0,0,3,0,0,0,0,0,0,0,3,0,0,0,3,0,0,0,3,0,0,0,15 00 00 00 ,FTPZG05GP3J3,Pass,DLX937500B5N6R52J,WMT-J90054,R118-P2_P21J1-ECORELNB_C01548,R118-P2,R118-P2_P21J1-ECORELNB,C4P937400E4JCQV3G,GV29372000KP2T124,FM79344025QN0LH1N+V3J,CR1935600RRMW5D1B,13 00 00 00 02 ,13 00 00 00 00,370,0x0172,3,0x03,2,02,1286,0x0506,A0 02 00 0B 00 0B 00 0B ,0,0x00,,0x0F,,0x0F,Pass,02 01 03 03 4B ,02 01 03 03 4B,Read_MLB_Lang :02 01 03 03 4B  ,  Get_KBD_Lang :02 01 03 03 4B,16,0x10,8704,0,0,0,0,0,0,0,0,0,0,0,0,16777216,0,0,0,0,0,16842752,16777216,0,0,0,0,17372165,100665620,33751040,,15,15,,,,
FXLH,R118,FTPZG039P3J3,,R118-P2_P21J1-R7,,FXLH_F05-4FT-02_2_GATEKEEPER,FAIL,09-30-12:53:39,58.70,V1.1.3.2,Check_All_CB,FTPZG039P3J3,Atlas 1.9.2,FTPZG039P3J3,V1.1.3.2,1,3,0,0,0,3,0,0,0,3,0,0,0,3,0,0,0,3,0,0,0,2,0,4,4,0,0,0,0,3,0,0,0,3,0,0,0,3,0,0,0,15 00 00 00 ,FTPZG039P3J3,Pass,DLX9375009LN6R529,WMT-J90053,R118-P2_P21J1-R7_C01502,R118-P2,R118-P2_P21J1-R7,C4P93770037JCQV39,GV29367004YP2T12B,FM79344023RN0LH1T+V3J,CR1935601H2MW5D1P,13 00 00 00 02 ,13 00 00 00 00,370,0x0172,3,0x03,2,02,1286,0x0506,A0 02 00 0B 00 0B 00 0B ,0,0x00,,0x0F,,0x0F,Pass,02 01 03 03 4B ,02 01 03 03 4B,Read_MLB_Lang :02 01 03 03 4B  ,  Get_KBD_Lang :02 01 03 03 4B,16,0x10,8704,0,0,0,0,0,0,0,0,0,0,0,0,16777216,0,0,0,0,0,16842752,16777216,0,0,0,0,17372165,100665620,33751040,,15,15,,,,
FXLH,R118,FTPZF001P3J3,,R118-P2_P21J-LPD1,,FXLH_F05-4FT-02_2_GATEKEEPER,FAIL,09-30-12:58:05,41.84,V1.1.3.2,Check_All_CB,FTPZF001P3J3,Atlas 1.9.2,FTPZF001P3J3,V1.1.3.2,1,3,0,0,0,3,0,0,0,3,0,0,0,3,0,0,0,3,0,0,0,3,0,0,0,0,0,0,0,3,0,0,0,3,0,0,0,3,0,1,1,15 00 00 00 ,FTPZF001P3J3,Pass,DLX9374002YN6R52K,WMT-J9001A,R118-P2_P21J-LPD1_C00938,R118-P2,R118-P2_P21J-LPD1,C4P937400G6JCQV38,GV293720068P2T12X,FM7937401C8N0LH19+V3J,C47935304D9MW5D2E,13 00 00 00 02 ,13 00 00 00 00,370,0x0172,3,0x03,2,02,1286,0x0506,A0 02 00 0B 00 0B 00 0B ,0,0x00,,0x0F,,0x0F,Pass,02 01 03 03 4B ,02 01 03 03 4B,Read_MLB_Lang :02 01 03 03 4B  ,  Get_KBD_Lang :02 01 03 03 4B,16,0x10,8704,0,0,0,0,0,0,0,0,0,0,0,0,16777216,0,0,0,0,0,16842752,16777216,0,0,0,0,17372165,100665620,33751040,,15,15,,,,
FXLH,R118,FTPZG040P3J3,,R118-P2_P21J1-ECORELNB,,FXLH_F05-4FT-02_2_GATEKEEPER,FAIL,09-30-13:02:24,57.46,V1.1.3.2,Check_All_CB,FTPZG040P3J3,Atlas 1.9.2,FTPZG040P3J3,V1.1.3.2,1,3,0,0,0,3,0,0,0,3,0,0,0,3,0,0,0,3,0,0,0,3,0,0,0,0,0,0,0,3,0,0,0,3,0,0,0,3,0,0,0,15 00 00 00 ,FTPZG040P3J3,Pass,DLX937500B3N6R52L,WMT-J90054,R118-P2_P21J1-ECORELNB_C01540,R118-P2,R118-P2_P21J1-ECORELNB,C4P9374005PJCQV3Q,GV29372001PP2T12X,FM79344024BN0LH14+V3J,CR1935601NGMW5D1U,13 00 00 00 02 ,13 00 00 00 00,370,0x0172,3,0x03,2,02,1286,0x0506,A0 02 00 0B 00 0B 00 0B ,0,0x00,,0x0F,,0x0F,Pass,02 01 03 03 4B ,02 01 03 03 4B,Read_MLB_Lang :02 01 03 03 4B  ,  Get_KBD_Lang :02 01 03 03 4B,16,0x10,8704,0,0,0,0,0,0,0,0,0,0,0,0,16777216,0,0,0,0,0,16842752,16777216,0,0,0,0,17372165,100665620,33751040,,15,15,,,,
FXLH,R118,FTPZG03PP3J3,,R118-P2_P21J1-R7,,FXLH_F05-4FT-02_2_GATEKEEPER,FAIL,09-30-13:06:24,54.33,V1.1.3.2,Check_All_CB,FTPZG03PP3J3,Atlas 1.9.2,FTPZG03PP3J3,V1.1.3.2,1,3,0,0,0,3,0,0,0,3,0,1,1,3,0,0,0,3,0,0,0,2,0,5,5,0,0,0,0,3,0,0,0,3,0,0,0,3,0,0,0,15 00 00 00 ,FTPZG03PP3J3,Pass,DLX937600P6N6R52E,WMT-J90053,R118-P2_P21J1-R7_C01510,R118-P2,R118-P2_P21J1-R7,C4P93770032JCQV3E,GV29367004XP2T12C,FM7934401ZEN0LH1H+V3J,CR1935601RCMW5D1P,13 00 00 00 02 ,13 00 00 00 00,370,0x0172,3,0x03,2,02,1286,0x0506,A0 02 00 0B 00 0B 00 0B ,0,0x00,,0x0F,,0x0F,Pass,02 01 03 03 4B ,02 01 03 03 4B,Read_MLB_Lang :02 01 03 03 4B  ,  Get_KBD_Lang :02 01 03 03 4B,16,0x10,8704,0,0,0,0,0,0,0,0,0,0,0,0,16777216,0,0,0,0,0,16842752,16777216,0,0,0,0,17372165,100665620,33751040,,15,15,,,,
FXLH,R118,FTPZG02VP3J3,,R118-P2_P21J1-R7,,FXLH_F05-4FT-02_2_GATEKEEPER,FAIL,09-30-13:34:36,57.78,V1.1.3.2,Check_All_CB,FTPZG02VP3J3,Atlas 1.9.2,FTPZG02VP3J3,V1.1.3.2,1,3,0,0,0,3,0,0,0,3,0,0,0,3,0,0,0,3,0,0,0,2,0,4,4,0,0,0,0,3,0,0,0,3,0,0,0,3,0,0,0,15 00 00 00 ,FTPZG02VP3J3,Pass,DLX937600QRN6R52S,WMT-J90053,R118-P2_P21J1-R7_C01487,R118-P2,R118-P2_P21J1-R7,C4P9377004FJCQV3Y,GV293670045P2T124,FM7937401DPN0LH1R+V3J,CR1935601RDMW5D1N,13 00 00 00 02 ,13 00 00 00 00,370,0x0172,3,0x03,2,02,1286,0x0506,A0 02 00 0B 00 0B 00 0B ,0,0x00,,0x0F,,0x0F,Pass,02 01 03 03 4B ,02 01 03 03 4B,Read_MLB_Lang :02 01 03 03 4B  ,  Get_KBD_Lang :02 01 03 03 4B,16,0x10,8704,0,0,0,0,0,0,0,0,0,0,0,0,16777216,0,0,0,0,0,16842752,16777216,0,0,0,0,17372165,100665620,33751040,,15,15,,,,
FXLH,R118,FTPZG03LP3J3,,R118-P2_P21J1-R7,,FXLH_F05-4FT-02_2_GATEKEEPER,FAIL,09-30-13:38:48,48.60,V1.1.3.2,Check_All_CB,FTPZG03LP3J3,Atlas 1.9.2,FTPZG03LP3J3,V1.1.3.2,1,3,0,0,0,3,0,0,0,3,0,0,0,3,0,0,0,3,0,0,0,2,0,3,3,0,0,0,0,3,0,0,0,3,0,0,0,3,0,0,0,15 00 00 00 ,FTPZG03LP3J3,Pass,DLX9375009SN6R523,WMT-J90053,R118-P2_P21J1-R7_C01513,R118-P2,R118-P2_P21J1-R7,C4P9377002AJCQV39,GV29367004HP2T12S,FM793440200N0LH1T+V3J,CR193560186MW5D1C,13 00 00 00 02 ,13 00 00 00 00,370,0x0172,3,0x03,2,02,1286,0x0506,A0 02 00 0B 00 0B 00 0B ,0,0x00,,0x0F,,0x0F,Pass,02 01 03 03 4B ,02 01 03 03 4B,Read_MLB_Lang :02 01 03 03 4B  ,  Get_KBD_Lang :02 01 03 03 4B,16,0x10,8704,0,0,0,0,0,0,0,0,0,0,0,0,16777216,0,0,0,0,0,16842752,16777216,0,0,0,0,17372165,100665620,33751040,,15,15,,,,
FXLH,R118,FTPZG058P3J3,,R118-P2_P21J1-ECORELNB,,FXLH_F05-4FT-02_2_GATEKEEPER,FAIL,09-30-13:47:42,49.09,V1.1.3.2,Check_All_CB,FTPZG058P3J3,Atlas 1.9.2,FTPZG058P3J3,V1.1.3.2,1,3,0,0,0,3,0,0,0,3,0,0,0,3,0,0,0,3,0,2,2,3,0,0,0,0,0,0,0,3,0,0,0,3,0,0,0,3,0,0,0,15 00 00 00 ,FTPZG058P3J3,Pass,DLX937500C1N6R52K,WMT-J90054,R118-P2_P21J1-ECORELNB_C01556,R118-P2,R118-P2_P21J1-ECORELNB,C4P9374005GJCQV3X,GV29372002CP2T125,FM7937401CNN0LH1V+V3J,CR1935601LHMW5D1Z,13 00 00 00 02 ,13 00 00 00 00,370,0x0172,3,0x03,2,02,1286,0x0506,A0 02 00 0B 00 0B 00 0B ,0,0x00,,0x0F,,0x0F,Pass,02 01 03 03 4B ,02 01 03 03 4B,Read_MLB_Lang :02 01 03 03 4B  ,  Get_KBD_Lang :02 01 03 03 4B,16,0x10,8704,0,0,0,0,0,0,0,0,0,0,0,0,16777216,0,0,0,0,0,16842752,16777216,0,0,0,0,17372165,100665620,33751040,,15,15,,,,
FXLH,R118,FTPZG03YP3J3,,R118-P2_P21J1-ECORELNB,,FXLH_F05-4FT-02_2_GATEKEEPER,FAIL,09-30-13:49:58,59.63,V1.1.3.2,Check_All_CB,FTPZG03YP3J3,Atlas 1.9.2,FTPZG03YP3J3,V1.1.3.2,1,3,0,0,0,3,0,0,0,3,0,0,0,3,0,0,0,3,0,0,0,3,0,0,0,0,0,0,0,3,0,0,0,3,0,0,0,3,0,0,0,15 00 00 00 ,FTPZG03YP3J3,Pass,DLX937500BJN6R525,WMT-J90054,R118-P2_P21J1-ECORELNB_C01542,R118-P2,R118-P2_P21J1-ECORELNB,C4P9374008MJCQV3H,GV29372001UP2T12S,FM7937401CFN0LH12+V3J,CR193560043MW5D1U,13 00 00 00 02 ,13 00 00 00 00,370,0x0172,3,0x03,2,02,1286,0x0506,A0 02 00 0B 00 0B 00 0B ,0,0x00,,0x0F,,0x0F,Pass,02 01 03 03 4B ,02 01 03 03 4B,Read_MLB_Lang :02 01 03 03 4B  ,  Get_KBD_Lang :02 01 03 03 4B,16,0x10,8704,0,0,0,0,0,0,0,0,0,0,0,0,16777216,0,0,0,0,0,16842752,16777216,0,0,0,0,17372165,100665620,33751040,,15,15,,,,
FXLH,R118,,,,,FXLH_F05-4FT-02_2_GATEKEEPER,FAIL,09-30-13:55:35,75.12,V1.1.3.2,Scan_FG_SN; Start Data Reporting; Start Control Bits; Check_All_CB; Compare_FG_SN; Get_SFC_Info; WO_SN; UNIT_LBL; BUILD_EVENT; BUILD_MATRIX_CONFIG; UNIT#; S_BUILD; KBM_SN; BACKLIGHT_SN; TRACKPAD_SN; TOUCH_FLEX_SN; Get_KBD_Lang; Check_KBD_Lang; Finish DRCB,,,,,,3,0,0,0,1,0,0,0,3,0,0,0,3,0,0,0,3,0,0,0,2,0,3,3,0,0,0,0,3,0,0,0,3,0,0,0,3,0,0,0,15 00 00 00 ,FTPZF00NP3JC,Fail,DLX938200A8N6R52J,,,,,,,,,13 00 00 00 00 ,13 00 00 00 00,370,0x0172,3,0x03,2,02,1286,0x0506,A0 02 00 0B 00 0B 00 0B ,0,0x00,,0x0D,,0x0D,Pass,02 01 02 09 4A ,,,16,0x10,8704,0,0,0,0,0,0,0,0,0,0,0,0,16777216,0,0,0,0,0,16842752,16777216,0,0,0,0,17372165,100665620,33751040,,,,,13,13,
FXLH,R118,FTPZF00GP3J4,,R118-P2_P21AKR-R2,,FXLH_F05-4FT-02_2_GATEKEEPER,FAIL,09-30-14:00:41,53.61,V1.1.3.2,Check_All_CB,FTPZF00GP3J4,Atlas 1.9.2,FTPZF00GP3J4,V1.1.3.2,1,3,0,0,0,3,0,0,0,3,0,6,6,3,0,0,0,3,0,0,0,2,0,3,3,0,0,0,0,3,0,0,0,3,0,0,0,3,0,0,0,15 00 00 00 ,FTPZF00GP3J4,Pass,DLX938200C3N6R52H,WMT-J9001C,R118-P2_P21AKR-R2_C00811,R118-P2,R118-P2_P21AKR-R2,C4P9322005DJCPV3L,GV293640064N3LN24,FM7934401WUN0LH1C+V1J,CR193560183MW5D1F,13 00 00 00 02 ,13 00 00 00 00,370,0x0172,3,0x03,2,02,1286,0x0506,A0 02 00 0B 00 0B 00 0B ,0,0x00,33,0x21,33,0x21,Pass,02 01 01 0F 49 16 16 ,02 01 01 0F 49 16 16,Read_MLB_Lang :02 01 01 0F 49 16 16  ,  Get_KBD_Lang :02 01 01 0F 49 16 16,16,0x10,8704,0,0,0,0,0,0,0,0,0,0,0,0,16777216,0,0,0,0,0,16842752,16777216,0,0,0,0,17372165,100665620,33751040,,,,,,,
FXLH,R118,FTPZF00NP3JC,,R118-P2_P21IITA-R5,,FXLH_F05-4FT-02_2_GATEKEEPER,FAIL,09-30-14:09:18,61.32,V1.1.3.2,Check_All_CB,FTPZF00NP3JC,Atlas 1.9.2,FTPZF00NP3JC,V1.1.3.2,1,3,0,0,0,1,0,0,0,3,0,0,0,3,0,0,0,3,0,0,0,2,0,3,3,0,0,0,0,3,0,0,0,3,0,0,0,3,0,0,0,15 00 00 00 ,FTPZF00NP3JC,Pass,DLX938200A8N6R52J,WMT-J9004A,R118-P2_P21IITA-R5_C01324,R118-P2,R118-P2_P21IITA-R5,C4P9345001SJCQP3D,GV293720085P2T02V,FM7934400N4N0LH1T+S1J,C47935305LCMW5D2P,13 00 00 00 00 ,13 00 00 00 00,370,0x0172,3,0x03,2,02,1286,0x0506,A0 02 00 0B 00 0B 00 0B ,0,0x00,,0x0D,,0x0D,Pass,02 01 02 09 4A ,02 01 02 09 4A,Read_MLB_Lang :02 01 02 09 4A  ,  Get_KBD_Lang :02 01 02 09 4A,16,0x10,8704,0,0,0,0,0,0,0,0,0,0,0,0,16777216,0,0,0,0,0,16842752,16777216,0,0,0,0,17372165,100665620,33751040,,,,,13,13,
FXLH,R118,FTPZG057P3J3,,R118-P2_P21J1-ECORELNB,,FXLH_F05-4FT-02_2_GATEKEEPER,FAIL,09-30-14:14:29,41.11,V1.1.3.2,Check_All_CB,FTPZG057P3J3,Atlas 1.9.2,FTPZG057P3J3,V1.1.3.2,1,3,0,0,0,3,0,0,0,3,0,0,0,3,0,0,0,3,0,0,0,3,0,0,0,0,0,0,0,3,0,0,0,3,0,0,0,3,0,0,0,15 00 00 00 ,FTPZG057P3J3,Pass,DLX937500BCN6R52B,WMT-J90054,R118-P2_P21J1-ECORELNB_C01557,R118-P2,R118-P2_P21J1-ECORELNB,C4P93740007JCQV3M,GV293720029P2T128,FM79344022HN0LH14+V3J,CR1935600RDMW5D1P,13 00 00 00 02 ,13 00 00 00 00,370,0x0172,3,0x03,2,02,1286,0x0506,A0 02 00 0B 00 0B 00 0B ,0,0x00,,0x0F,,0x0F,Pass,02 01 03 03 4B ,02 01 03 03 4B,Read_MLB_Lang :02 01 03 03 4B  ,  Get_KBD_Lang :02 01 03 03 4B,16,0x10,8704,0,0,0,0,0,0,0,0,0,0,0,0,16777216,0,0,0,0,0,16842752,16777216,0,0,0,0,17372165,100665620,33751040,,15,15,,,,
FXLH,R118,FTPZF00NP3JC,,R118-P2_P21IITA-R5,,FXLH_F05-4FT-02_2_GATEKEEPER,FAIL,09-30-14:17:16,61.38,V1.1.3.2,Check_All_CB,FTPZF00NP3JC,Atlas 1.9.2,FTPZF00NP3JC,V1.1.3.2,1,3,0,0,0,1,0,0,0,3,0,0,0,3,0,0,0,3,0,0,0,2,0,3,3,0,0,0,0,3,0,0,0,3,0,0,0,3,0,0,0,15 00 00 00 ,FTPZF00NP3JC,Pass,DLX938200A8N6R52J,WMT-J9004A,R118-P2_P21IITA-R5_C01324,R118-P2,R118-P2_P21IITA-R5,C4P9345001SJCQP3D,GV293720085P2T02V,FM7934400N4N0LH1T+S1J,C47935305LCMW5D2P,13 00 00 00 00 ,13 00 00 00 00,370,0x0172,3,0x03,2,02,1286,0x0506,A0 02 00 0B 00 0B 00 0B ,0,0x00,,0x0D,,0x0D,Pass,02 01 02 09 4A ,02 01 02 09 4A,Read_MLB_Lang :02 01 02 09 4A  ,  Get_KBD_Lang :02 01 02 09 4A,16,0x10,8704,0,0,0,0,0,0,0,0,0,0,0,0,16777216,0,0,0,0,0,16842752,16777216,0,0,0,0,17372165,100665620,33751040,,,,,13,13,
FXLH,R118,FTPZG04PP3J3,,R118-P2_P21J1-ECORELNB,,FXLH_F05-4FT-02_2_GATEKEEPER,FAIL,09-30-14:19:29,61.16,V1.1.3.2,Check_All_CB,FTPZG04PP3J3,Atlas 1.9.2,FTPZG04PP3J3,V1.1.3.2,1,3,0,0,0,3,0,0,0,3,0,0,0,3,0,0,0,3,0,0,0,3,0,0,0,0,0,0,0,3,0,0,0,3,0,0,0,3,0,0,0,15 00 00 00 ,FTPZG04PP3J3,Pass,DLX937500B1N6R52N,WMT-J90054,R118-P2_P21J1-ECORELNB_C01573,R118-P2,R118-P2_P21J1-ECORELNB,C4P93740006JCQV3N,GV29372002BP2T126,FM79344026DN0LH1W+V3J,CR1935600VJMW5D16,13 00 00 00 02 ,13 00 00 00 00,370,0x0172,3,0x03,2,02,1286,0x0506,A0 02 00 0B 00 0B 00 0B ,0,0x00,,0x0F,,0x0F,Pass,02 01 03 03 4B ,02 01 03 03 4B,Read_MLB_Lang :02 01 03 03 4B  ,  Get_KBD_Lang :02 01 03 03 4B,16,0x10,8704,0,0,0,0,0,0,0,0,0,0,0,0,16777216,0,0,0,0,0,16842752,16777216,0,0,0,0,17372165,100665620,33751040,,15,15,,,,
FXLH,R118,FTPZG05EP3J3,,R118-P2_P21J1-ECORELNB,,FXLH_F05-4FT-02_2_GATEKEEPER,FAIL,09-30-14:29:26,46.55,V1.1.3.2,Check_All_CB,FTPZG05EP3J3,Atlas 1.9.2,FTPZG05EP3J3,V1.1.3.2,1,3,0,0,0,3,0,0,0,3,0,0,0,3,0,0,0,3,0,0,0,3,0,0,0,0,0,0,0,3,0,0,0,3,0,0,0,3,0,0,0,15 00 00 00 ,FTPZG05EP3J3,Pass,DLX937600NQN6R52Z,WMT-J90054,R118-P2_P21J1-ECORELNB_C01550,R118-P2,R118-P2_P21J1-ECORELNB,C4P9374008ZJCQV35,GV29372000WP2T12T,FM79344022XN0LH1Q+V3J,CR1935600V9MW5D1F,13 00 00 00 02 ,13 00 00 00 00,370,0x0172,3,0x03,2,02,1286,0x0506,A0 02 00 0B 00 0B 00 0B ,0,0x00,,0x0F,,0x0F,Pass,02 01 03 03 4B ,02 01 03 03 4B,Read_MLB_Lang :02 01 03 03 4B  ,  Get_KBD_Lang :02 01 03 03 4B,16,0x10,8704,0,0,0,0,0,0,0,0,0,0,0,0,16777216,0,0,0,0,0,16842752,16777216,0,0,0,0,17372165,100665620,33751040,,15,15,,,,
FXLH,R118,FTPZG04XP3J3,,R118-P2_P21J1-ECORELNB,,FXLH_F05-4FT-02_2_GATEKEEPER,FAIL,09-30-14:35:02,51.03,V1.1.3.2,Check_All_CB,FTPZG04XP3J3,Atlas 1.9.2,FTPZG04XP3J3,V1.1.3.2,1,3,0,0,0,3,0,0,0,3,0,0,0,3,0,0,0,3,0,4,4,3,0,0,0,0,0,0,0,3,0,0,0,3,0,0,0,3,0,0,0,15 00 00 00 ,FTPZG04XP3J3,Pass,DLX937500BEN6R529,WMT-J90054,R118-P2_P21J1-ECORELNB_C01566,R118-P2,R118-P2_P21J1-ECORELNB,C4P9374003NJCQV3X,GV293720024P2T12D,FM7937401D2N0LH1C+V3J,CR1935600K6MW5D1E,13 00 00 00 02 ,13 00 00 00 00,370,0x0172,3,0x03,2,02,1286,0x0506,A0 02 00 0B 00 0B 00 0B ,0,0x00,,0x0F,,0x0F,Pass,02 01 03 03 4B ,02 01 03 03 4B,Read_MLB_Lang :02 01 03 03 4B  ,  Get_KBD_Lang :02 01 03 03 4B,16,0x10,8704,0,0,0,0,0,0,0,0,0,0,0,0,16777216,0,0,0,0,0,16842752,16777216,0,0,0,0,17372165,100665620,33751040,,15,15,,,,
FXLH,R118,FTPZG050P3J3,,R118-P2_P21J1-ECORELNB,,FXLH_F05-4FT-02_2_GATEKEEPER,FAIL,09-30-14:46:24,47.41,V1.1.3.2,Check_All_CB,FTPZG050P3J3,Atlas 1.9.2,FTPZG050P3J3,V1.1.3.2,1,3,0,0,0,3,0,0,0,3,0,0,0,3,0,0,0,3,0,1,1,3,0,0,0,0,0,0,0,3,0,0,0,3,0,0,0,3,0,0,0,15 00 00 00 ,FTPZG050P3J3,Pass,DLX9375009QN6R525,WMT-J90054,R118-P2_P21J1-ECORELNB_C01563,R118-P2,R118-P2_P21J1-ECORELNB,C4P937400AQJCQV38,GV29372002MP2T12W,FM79344022FN0LH16+V3J,CR19356019KMW5D1W,13 00 00 00 02 ,13 00 00 00 00,370,0x0172,3,0x03,2,02,1286,0x0506,A0 02 00 0B 00 0B 00 0B ,0,0x00,,0x0F,,0x0F,Pass,02 01 03 03 4B ,02 01 03 03 4B,Read_MLB_Lang :02 01 03 03 4B  ,  Get_KBD_Lang :02 01 03 03 4B,16,0x10,8704,0,0,0,0,0,0,0,0,0,0,0,0,16777216,0,0,0,0,0,16842752,16777216,0,0,0,0,17372165,100665620,33751040,,15,15,,,,
FXLH,R118,FTPZG055P3J3,,R118-P2_P21J1-ECORELNB,,FXLH_F05-4FT-02_2_GATEKEEPER,FAIL,09-30-14:56:28,48.06,V1.1.3.2,Check_All_CB,FTPZG055P3J3,Atlas 1.9.2,FTPZG055P3J3,V1.1.3.2,1,3,0,0,0,3,0,0,0,3,0,0,0,3,0,0,0,3,0,0,0,3,0,0,0,0,0,0,0,3,0,0,0,3,0,0,0,3,0,0,0,15 00 00 00 ,FTPZG055P3J3,Pass,DLX93750098N6R52M,WMT-J90054,R118-P2_P21J1-ECORELNB_C01559,R118-P2,R118-P2_P21J1-ECORELNB,C4P9374000KJCQV39,GV29372000EP2T129,FM79344024EN0LH11+V3J,CR1935600EGMW5D1K,13 00 00 00 02 ,13 00 00 00 00,370,0x0172,3,0x03,2,02,1286,0x0506,A0 02 00 0B 00 0B 00 0B ,0,0x00,,0x0F,,0x0F,Pass,02 01 03 03 4B ,02 01 03 03 4B,Read_MLB_Lang :02 01 03 03 4B  ,  Get_KBD_Lang :02 01 03 03 4B,16,0x10,8704,0,0,0,0,0,0,0,0,0,0,0,0,16777216,0,0,0,0,0,16842752,16777216,0,0,0,0,17372165,100665620,33751040,,15,15,,,,
FXLH,R118,FTPZG043P3J3,,R118-P2_P21J1-ECORELNB,,FXLH_F05-4FT-02_2_GATEKEEPER,FAIL,09-30-15:05:38,49.81,V1.1.3.2,Check_All_CB,FTPZG043P3J3,Atlas 1.9.2,FTPZG043P3J3,V1.1.3.2,1,3,0,0,0,3,0,0,0,3,0,0,0,3,0,0,0,3,0,0,0,3,0,0,0,0,0,0,0,3,0,1,1,3,0,0,0,3,0,0,0,15 00 00 00 ,FTPZG043P3J3,Pass,DLX937600R4N6R52A,WMT-J90054,R118-P2_P21J1-ECORELNB_C01538,R118-P2,R118-P2_P21J1-ECORELNB,C4P9374000VJCQV3Z,GV293720007P2T12G,FM7937401C9N0LH18+V3J,CR1935601D1MW5D12,13 00 00 00 02 ,13 00 00 00 00,370,0x0172,3,0x03,2,02,1286,0x0506,A0 02 00 0B 00 0B 00 0B ,0,0x00,,0x0F,,0x0F,Pass,02 01 03 03 4B ,02 01 03 03 4B,Read_MLB_Lang :02 01 03 03 4B  ,  Get_KBD_Lang :02 01 03 03 4B,16,0x10,8704,0,0,0,0,0,0,0,0,0,0,0,0,16777216,0,0,0,0,0,16842752,16777216,0,0,0,0,17372165,100665620,33751040,,15,15,,,,
FXLH,R118,FTPZG05HP3J3,,R118-P2_P21J1-ECORELNB,,FXLH_F05-4FT-02_2_GATEKEEPER,FAIL,09-30-15:10:02,50.60,V1.1.3.2,Check_All_CB,FTPZG05HP3J3,Atlas 1.9.2,FTPZG05HP3J3,V1.1.3.2,1,3,0,0,0,3,0,0,0,3,0,0,0,3,0,0,0,3,0,0,0,3,0,0,0,0,0,0,0,3,0,0,0,3,0,0,0,3,0,0,0,15 00 00 00 ,FTPZG05HP3J3,Pass,DLX937600PNN6R52Y,WMT-J90054,R118-P2_P21J1-ECORELNB_C01547,R118-P2,R118-P2_P21J1-ECORELNB,C4P9374005UJCQV3K,GV29372002WP2T12M,FM79344023ZN0LH1K+V3J,CR1935600KCMW5D18,13 00 00 00 02 ,13 00 00 00 00,370,0x0172,3,0x03,2,02,1286,0x0506,A0 02 00 0B 00 0B 00 0B ,0,0x00,,0x0F,,0x0F,Pass,02 01 03 03 4B ,02 01 03 03 4B,Read_MLB_Lang :02 01 03 03 4B  ,  Get_KBD_Lang :02 01 03 03 4B,16,0x10,8704,0,0,0,0,0,0,0,0,0,0,0,0,16777216,0,0,0,0,0,16842752,16777216,0,0,0,0,17372165,100665620,33751040,,15,15,,,,
FXLH,R118,FTPZG04GP3J3,,R118-P2_P21J1-ECORELNB,,FXLH_F05-4FT-02_2_GATEKEEPER,FAIL,09-30-15:11:49,49.10,V1.1.3.2,Check_All_CB,FTPZG04GP3J3,Atlas 1.9.2,FTPZG04GP3J3,V1.1.3.2,1,3,0,0,0,3,0,0,0,3,0,0,0,3,0,0,0,3,0,0,0,3,0,0,0,0,0,0,0,3,0,0,0,3,0,0,0,3,0,0,0,15 00 00 00 ,FTPZG04GP3J3,Pass,DLX937600P0N6R52L,WMT-J90054,R118-P2_P21J1-ECORELNB_C01524,R118-P2,R118-P2_P21J1-ECORELNB,C4P93740066JCQV34,GV293720031P2T12D,FM793440235N0LH1D+V3J,CR1935601M2MW5D1B,13 00 00 00 02 ,13 00 00 00 00,370,0x0172,3,0x03,2,02,1286,0x0506,A0 02 00 0B 00 0B 00 0B ,0,0x00,,0x0F,,0x0F,Pass,02 01 03 03 4B ,02 01 03 03 4B,Read_MLB_Lang :02 01 03 03 4B  ,  Get_KBD_Lang :02 01 03 03 4B,16,0x10,8704,0,0,0,0,0,0,0,0,0,0,0,0,16777216,0,0,0,0,0,16842752,16777216,0,0,0,0,17372165,100665620,33751040,,15,15,,,,
FXLH,R118,FTPZG04BP3J3,,R118-P2_P21J1-ECORELNB,,FXLH_F05-4FT-02_2_GATEKEEPER,FAIL,09-30-15:17:19,47.87,V1.1.3.2,Check_All_CB,FTPZG04BP3J3,Atlas 1.9.2,FTPZG04BP3J3,V1.1.3.2,1,3,0,0,0,3,0,0,0,3,0,0,0,3,0,0,0,3,0,0,0,3,0,0,0,0,0,0,0,3,0,0,0,3,0,1,1,3,0,0,0,15 00 00 00 ,FTPZG04BP3J3,Pass,DLX937500A9N6R52H,WMT-J90054,R118-P2_P21J1-ECORELNB_C01529,R118-P2,R118-P2_P21J1-ECORELNB,C4P93740068JCQV32,GV29372000JP2T125,FM7937401E1N0LH1A+V3J,CR1935600RQMW5D1C,13 00 00 00 02 ,13 00 00 00 00,370,0x0172,3,0x03,2,02,1286,0x0506,A0 02 00 0B 00 0B 00 0B ,0,0x00,,0x0F,,0x0F,Pass,02 01 03 03 4B ,02 01 03 03 4B,Read_MLB_Lang :02 01 03 03 4B  ,  Get_KBD_Lang :02 01 03 03 4B,16,0x10,8704,0,0,0,0,0,0,0,0,0,0,0,0,16777216,0,0,0,0,0,16842752,16777216,0,0,0,0,17372165,100665620,33751040,,15,15,,,,
FXLH,R118,FTPZG04TP3J3,,R118-P2_P21J1-ECORELNB,,FXLH_F05-4FT-02_2_GATEKEEPER,FAIL,09-30-15:26:59,44.02,V1.1.3.2,Check_All_CB,FTPZG04TP3J3,Atlas 1.9.2,FTPZG04TP3J3,V1.1.3.2,1,3,0,0,0,3,0,0,0,3,0,0,0,3,0,0,0,3,0,0,0,3,0,0,0,0,0,0,0,3,0,0,0,3,0,0,0,3,0,0,0,15 00 00 00 ,FTPZG04TP3J3,Pass,DLX9375009DN6R52G,WMT-J90054,R118-P2_P21J1-ECORELNB_C01570,R118-P2,R118-P2_P21J1-ECORELNB,C4P9374004AJCQV36,GV293720020P2T12H,FM79344021LN0LH14+V3J,CR1935601ACMW5D10,13 00 00 00 02 ,13 00 00 00 00,370,0x0172,3,0x03,2,02,1286,0x0506,A0 02 00 0B 00 0B 00 0B ,0,0x00,,0x0F,,0x0F,Pass,02 01 03 03 4B ,02 01 03 03 4B,Read_MLB_Lang :02 01 03 03 4B  ,  Get_KBD_Lang :02 01 03 03 4B,16,0x10,8704,0,0,0,0,0,0,0,0,0,0,0,0,16777216,0,0,0,0,0,16842752,16777216,0,0,0,0,17372165,100665620,33751040,,15,15,,,,
FXLH,R118,FTPZG044P3J3,,R118-P2_P21J1-ECORELNB,,FXLH_F05-4FT-02_2_GATEKEEPER,FAIL,09-30-15:31:20,59.75,V1.1.3.2,Check_All_CB,FTPZG044P3J3,Atlas 1.9.2,FTPZG044P3J3,V1.1.3.2,1,3,0,0,0,3,0,0,0,3,0,0,0,3,0,0,0,3,0,0,0,3,0,0,0,0,0,0,0,3,0,2,2,3,0,0,0,3,0,0,0,15 00 00 00 ,FTPZG044P3J3,Pass,DLX937600NJN6R525,WMT-J90054,R118-P2_P21J1-ECORELNB_C01536,R118-P2,R118-P2_P21J1-ECORELNB,C4P9374006WJCQV3E,GV29372000XP2T12S,FM79344026CN0LH1X+V3J,CR1935600Z3MW5D19,13 00 00 00 02 ,13 00 00 00 00,370,0x0172,3,0x03,2,02,1286,0x0506,A0 02 00 0B 00 0B 00 0B ,0,0x00,,0x0F,,0x0F,Pass,02 01 03 03 4B ,02 01 03 03 4B,Read_MLB_Lang :02 01 03 03 4B  ,  Get_KBD_Lang :02 01 03 03 4B,16,0x10,8704,0,0,0,0,0,0,0,0,0,0,0,0,16777216,0,0,0,0,0,16842752,16777216,0,0,0,0,17372165,100665620,33751040,,15,15,,,,
FXLH,R118,FTPZG04AP3J3,,R118-P2_P21J1-ECORELNB,,FXLH_F05-4FT-02_2_GATEKEEPER,FAIL,09-30-15:35:40,53.92,V1.1.3.2,Check_All_CB,FTPZG04AP3J3,Atlas 1.9.2,FTPZG04AP3J3,V1.1.3.2,1,3,0,0,0,3,0,0,0,3,0,0,0,3,0,0,0,3,0,0,0,3,0,0,0,0,0,0,0,3,0,0,0,3,0,0,0,3,0,0,0,15 00 00 00 ,FTPZG04AP3J3,Pass,DLX937600PHN6R523,WMT-J90054,R118-P2_P21J1-ECORELNB_C01530,R118-P2,R118-P2_P21J1-ECORELNB,C4P9374000MJCQV37,GV29372000CP2T12B,FM7934401ZQN0LH17+V3J,CR1935600S6MW5D1T,13 00 00 00 02 ,13 00 00 00 00,370,0x0172,3,0x03,2,02,1286,0x0506,A0 02 00 0B 00 0B 00 0B ,0,0x00,,0x0F,,0x0F,Pass,02 01 03 03 4B ,02 01 03 03 4B,Read_MLB_Lang :02 01 03 03 4B  ,  Get_KBD_Lang :02 01 03 03 4B,16,0x10,8704,0,0,0,0,0,0,0,0,0,0,0,0,16777216,0,0,0,0,0,16842752,16777216,0,0,0,0,17372165,100665620,33751040,,15,15,,,,
FXLH,R118,FTPZG04JP3J3,,R118-P2_P21J1-ECORELNB,,FXLH_F05-4FT-02_2_GATEKEEPER,FAIL,09-30-15:39:43,51.92,V1.1.3.2,Check_All_CB,FTPZG04JP3J3,Atlas 1.9.2,FTPZG04JP3J3,V1.1.3.2,1,3,0,0,0,3,0,0,0,3,0,0,0,3,0,0,0,3,0,3,3,3,0,4,4,0,0,0,0,3,0,0,0,3,0,0,0,3,0,0,0,15 00 00 00 ,FTPZG04JP3J3,Pass,DLX937600PLN6R520,WMT-J90054,R118-P2_P21J1-ECORELNB_C01522,R118-P2,R118-P2_P21J1-ECORELNB,C4P9374006QJCQV3L,GV293720004P2T12K,FM7937401CWN0LH1M+V3J,CR19356018CMW5D16,13 00 00 00 02 ,13 00 00 00 00,370,0x0172,3,0x03,2,02,1286,0x0506,A0 02 00 0B 00 0B 00 0B ,0,0x00,,0x0F,,0x0F,Pass,02 01 03 03 4B ,02 01 03 03 4B,Read_MLB_Lang :02 01 03 03 4B  ,  Get_KBD_Lang :02 01 03 03 4B,16,0x10,8704,0,0,0,0,0,0,0,0,0,0,0,0,16777216,0,0,0,0,0,16842752,16777216,0,0,0,0,17372165,100665620,33751040,,15,15,,,,
FXLH,R118,FTPZG02EP3J3,,R118-P2_P21J1-R7,,FXLH_F05-4FT-02_2_GATEKEEPER,FAIL,09-30-15:51:02,42.65,V1.1.3.2,Check_All_CB,FTPZG02EP3J3,Atlas 1.9.2,FTPZG02EP3J3,V1.1.3.2,1,3,0,0,0,3,0,0,0,3,0,0,0,3,0,0,0,3,0,0,0,2,0,3,3,0,0,0,0,3,0,0,0,3,0,0,0,3,0,0,0,15 00 00 00 ,FTPZG02EP3J3,Pass,DLX937500B8N6R52F,WMT-J90053,R118-P2_P21J1-R7_C01470,R118-P2,R118-P2_P21J1-R7,C4P9377003JJCQV3Y,GV29367004ZP2T12A,FM793440212N0LH1N+V3J,CR19356015YMW5D1V,13 00 00 00 02 ,13 00 00 00 00,370,0x0172,3,0x03,2,02,1286,0x0506,A0 02 00 0B 00 0B 00 0B ,0,0x00,,0x0F,,0x0F,Pass,02 01 03 03 4B ,02 01 03 03 4B,Read_MLB_Lang :02 01 03 03 4B  ,  Get_KBD_Lang :02 01 03 03 4B,16,0x10,8704,0,0,0,0,0,0,0,0,0,0,0,0,16777216,0,0,0,0,0,16842752,16777216,0,0,0,0,17372165,100665620,33751040,,15,15,,,,
FXLH,R118,FTPZF00QP3J1,,R118-P2_P21IFR-R3,,FXLH_F05-4FT-02_2_GATEKEEPER,FAIL,09-30-15:58:54,54.93,V1.1.3.2,Check_All_CB,FTPZF00QP3J1,Atlas 1.9.2,FTPZF00QP3J1,V1.1.3.2,1,3,0,0,0,3,0,0,0,3,0,0,0,3,0,0,0,3,0,0,0,2,0,3,3,0,0,0,0,3,0,0,0,3,0,0,0,3,0,0,0,15 00 00 00 ,FTPZF00QP3J1,Pass,DLX937600U1N6R524,WMT-J90048,R118-P2_P21IFR-R3_C01286,R118-P2,R118-P2_P21IFR-R3,C4P9347001PJCQ83V,GV29363001FP2T028,FM7934401JNN0LH1L+V1J,CR1935600V3MW5D1M,13 00 00 00 02 ,13 00 00 00 00,370,0x0172,3,0x03,2,02,1286,0x0506,A0 02 00 0B 00 0B 00 0B ,0,0x00,,0x0D,,0x0D,Pass,02 01 02 02 4A ,02 01 02 02 4A,Read_MLB_Lang :02 01 02 02 4A  ,  Get_KBD_Lang :02 01 02 02 4A,16,0x10,8704,0,0,0,0,0,0,0,0,0,0,0,0,16777216,0,0,0,0,0,16842752,16777216,0,0,0,0,17372165,100665620,33751040,,,,,13,13,
FXLH,R118,FTPZF013P3HT,,R118-P2_P21IAR-R4,,FXLH_F05-4FT-02_2_GATEKEEPER,FAIL,09-30-16:03:04,45.98,V1.1.3.2,Check_All_CB,FTPZF013P3HT,Atlas 1.9.2,FTPZF013P3HT,V1.1.3.2,1,3,0,0,0,3,0,0,0,3,0,0,0,3,0,0,0,3,0,0,0,2,0,3,3,0,0,0,0,3,0,1,1,3,0,0,0,3,0,0,0,15 00 00 00 ,FTPZF013P3HT,Pass,DLX93750088N6R52Q,WMT-J90049,R118-P2_P21IAR-R4_C01307,R118-P2,R118-P2_P21IAR-R4,C4P9375002KJCPY32,GV293670014P2T02F,FM7934401NEN0LH1G+V1J,CR1935600WAMW5D1B,13 00 00 00 02 ,13 00 00 00 00,370,0x0172,3,0x03,2,02,1286,0x0506,A0 02 00 0B 00 0B 00 0B ,0,0x00,,0x0D,,0x0D,Pass,02 01 02 13 4A ,02 01 02 13 4A,Read_MLB_Lang :02 01 02 13 4A  ,  Get_KBD_Lang :02 01 02 13 4A,16,0x10,8704,0,0,0,0,0,0,0,0,0,0,0,0,16777216,0,0,0,0,0,16842752,16777216,0,0,0,0,17372165,100665620,33751040,,,,,13,13,
FXLH,R118,FTPZF016P3HR,,R118-P2_P21AEN-D1,,FXLH_F05-4FT-02_2_GATEKEEPER,FAIL,09-30-16:07:20,44.84,V1.1.3.2,Check_All_CB,FTPZF016P3HR,Atlas 1.9.2,FTPZF016P3HR,V1.1.3.2,1,3,0,0,0,3,0,0,0,2,0,3,3,3,0,0,0,3,0,3,3,2,0,3,3,0,0,0,0,3,0,0,0,3,0,0,0,3,0,0,0,15 00 00 00 ,FTPZF016P3HR,Pass,DLX937500DUN6R52P,WMT-J9001E,R118-P2_P21AEN-D1_C00925,R118-P2,R118-P2_P21AEN-D1,C4P932200NZJCPP3P,GV29364009EN3LN2K,FM79344017SN0LH1F+V1J,CR1935601KFMW5D14,13 00 00 00 02 ,13 00 00 00 00,370,0x0172,3,0x03,2,02,1286,0x0506,A0 02 00 0B 00 0B 00 0B ,0,0x00,33,0x21,33,0x21,Pass,02 01 01 05 49 ,02 01 01 05 49,Read_MLB_Lang :02 01 01 05 49  ,  Get_KBD_Lang :02 01 01 05 49,16,0x10,8704,0,0,0,0,0,0,0,0,0,0,0,0,16777216,0,0,0,0,0,16842752,16777216,0,0,0,0,17372165,100665620,33751040,,,,,,,
FXLH,R118,FTPZF009P3J9,,R118-P2_P21ISWI-ECORELNB,,FXLH_F05-4FT-02_2_GATEKEEPER,FAIL,09-30-16:10:52,62.03,V1.1.3.2,Check_All_CB,FTPZF009P3J9,Atlas 1.9.2,FTPZF009P3J9,V1.1.3.2,1,3,0,0,0,3,0,0,0,3,0,0,0,3,0,0,0,3,0,0,0,2,0,2,2,0,0,0,0,3,0,0,0,3,0,2,2,3,0,0,0,15 00 00 00 ,FTPZF009P3J9,Pass,DLX938200BCN6R52B,WMT-J9004C,R118-P2_P21ISWI-ECORELNB_C01348,R118-P2,R118-P2_P21ISWI-ECORELNB,C4P93470015N34G3U,GV293720098P2T02P,FM793440311N0LH1N+V6J,C47935300AUMW5D28,13 00 00 00 02 ,13 00 00 00 00,370,0x0172,3,0x03,2,02,1286,0x0506,A0 02 00 0B 00 0B 00 0B ,0,0x00,,0x0D,,0x0D,Pass,02 01 02 11 4A ,02 01 02 11 4A,Read_MLB_Lang :02 01 02 11 4A  ,  Get_KBD_Lang :02 01 02 11 4A,16,0x10,8704,0,0,0,0,0,0,0,0,0,0,0,0,16777216,0,0,0,0,0,16842752,16777216,0,0,0,0,17372165,100665620,33751040,,,,,13,13,
FXLH,R118,FTPZF00JP3HT,,R118-P2_P21IAR,,FXLH_F05-4FT-02_2_GATEKEEPER,FAIL,09-30-16:17:21,50.68,V1.1.3.2,Check_All_CB,FTPZF00JP3HT,Atlas 1.9.2,FTPZF00JP3HT,V1.1.3.2,1,3,0,0,0,3,0,0,0,3,0,0,0,3,0,0,0,3,0,0,0,2,0,3,3,0,0,0,0,3,0,0,0,3,0,0,0,3,0,0,0,15 00 00 00 ,FTPZF00JP3HT,Pass,DLX9382008PN6R529,WMT-J90034,R118-P2_P21IAR_C01183,R118-P2,R118-P2_P21IAR,C4P9375003QJCPY3U,GV29363002CP2T028,FM7934401SCN0LH16+V1J,C4793530468MW5D22,13 00 00 00 02 ,13 00 00 00 00,370,0x0172,3,0x03,2,02,1286,0x0506,A0 02 00 0B 00 0B 00 0B ,0,0x00,,0x0D,,0x0D,Pass,02 01 02 13 4A ,02 01 02 13 4A,Read_MLB_Lang :02 01 02 13 4A  ,  Get_KBD_Lang :02 01 02 13 4A,16,0x10,8704,0,0,0,0,0,0,0,0,0,0,0,0,16777216,0,0,0,0,0,16842752,16777216,0,0,0,0,17372165,100665620,33751040,,,,,13,13,
FXLH,R118,FTPZF016P3HR,,R118-P2_P21AEN-D1,,FXLH_F05-4FT-02_2_GATEKEEPER,FAIL,09-30-16:20:23,40.97,V1.1.3.2,Check_All_CB,FTPZF016P3HR,Atlas 1.9.2,FTPZF016P3HR,V1.1.3.2,1,3,0,0,0,3,0,0,0,2,0,3,3,3,0,0,0,3,0,3,3,2,0,3,3,0,0,0,0,3,0,0,0,3,0,0,0,3,0,0,0,15 00 00 00 ,FTPZF016P3HR,Pass,DLX937500DUN6R52P,WMT-J9001E,R118-P2_P21AEN-D1_C00925,R118-P2,R118-P2_P21AEN-D1,C4P932200NZJCPP3P,GV29364009EN3LN2K,FM79344017SN0LH1F+V1J,CR1935601KFMW5D14,13 00 00 00 00 ,13 00 00 00 00,370,0x0172,3,0x03,2,02,1286,0x0506,A0 02 00 0B 00 0B 00 0B ,0,0x00,33,0x21,33,0x21,Pass,02 01 01 05 49 ,02 01 01 05 49,Read_MLB_Lang :02 01 01 05 49  ,  Get_KBD_Lang :02 01 01 05 49,16,0x10,8704,0,0,0,0,0,0,0,0,0,0,0,0,16777216,0,0,0,0,0,16842752,16777216,0,0,0,0,17372165,100665620,33751040,,,,,,,
FXLH,R118,,,,,FXLH_F05-4FT-02_2_GATEKEEPER,FAIL,09-30-16:32:59,65.06,V1.1.3.2,Scan_FG_SN; Start Data Reporting; Start Control Bits; Check_All_CB; Compare_FG_SN; Get_SFC_Info; WO_SN; UNIT_LBL; BUILD_EVENT; BUILD_MATRIX_CONFIG; UNIT#; S_BUILD; KBM_SN; BACKLIGHT_SN; TRACKPAD_SN; TOUCH_FLEX_SN; Get_KBD_Lang; Check_KBD_Lang; Finish DRCB,,,,,,3,0,0,0,3,0,0,0,2,0,3,3,3,0,0,0,3,0,3,3,2,0,3,3,0,0,0,0,3,0,0,0,3,0,0,0,3,0,0,0,15 00 00 00 ,FTPZF016P3HR,Fail,DLX937500DUN6R52P,,,,,,,,,13 00 00 00 00 ,13 00 00 00 00,370,0x0172,3,0x03,2,02,1286,0x0506,A0 02 00 0B 00 0B 00 0B ,0,0x00,33,0x21,33,0x21,Pass,02 01 01 05 49 ,,,16,0x10,8704,0,0,0,0,0,0,0,0,0,0,0,0,16777216,0,0,0,0,0,16842752,16777216,0,0,0,0,17372165,100665620,33751040,,,,,,,
FXLH,R118,FTPZG01TP3J3,,R118-P2_P21J1-D14,,FXLH_F05-4FT-02_2_GATEKEEPER,FAIL,09-30-16:57:47,45.32,V1.1.3.2,Check_All_CB,FTPZG01TP3J3,Atlas 1.9.2,FTPZG01TP3J3,V1.1.3.2,1,3,0,0,0,3,0,0,0,3,0,0,0,3,0,0,0,3,0,0,0,2,0,4,4,0,0,0,0,3,0,0,0,3,0,0,0,3,0,0,0,15 00 00 00 ,FTPZG01TP3J3,Pass,DLX937500EWN6R52J,WMT-J90056,R118-P2_P21J1-D14_C01581,R118-P2,R118-P2_P21J1-D14,C4P93770022JCQV3H,GV293720041P2T12A,FM792440064N0LH18,CR1935600QUMW5D1B,13 00 00 00 02 ,13 00 00 00 00,370,0x0172,3,0x03,2,02,1286,0x0506,A0 02 00 0B 00 0B 00 0B ,0,0x00,,0x0F,,0x0F,Pass,02 01 03 03 4B ,02 01 03 03 4B,Read_MLB_Lang :02 01 03 03 4B  ,  Get_KBD_Lang :02 01 03 03 4B,16,0x10,8704,0,0,0,0,0,0,0,0,0,0,0,0,16777216,0,0,0,0,0,16842752,16777216,0,0,0,0,17372165,100665620,33751040,,15,15,,,,
FXLH,R118,FTPZD00QP3HR,,R118-P2_P21AEN-M2,,FXLH_F05-4FT-02_2_GATEKEEPER,FAIL,09-30-16:59:57,45.02,V1.1.3.2,Check_All_CB,FTPZD00QP3HR,Atlas 1.9.2,FTPZD00QP3HR,V1.1.3.2,1,0,0,0,0,0,0,0,0,3,0,8,8,3,0,0,0,3,0,2,2,2,0,6,6,0,0,0,0,3,0,0,0,3,0,0,0,3,0,0,0,15 00 00 00 ,FTPZD00QP3HR,Pass,DLX9366006MN6R52K,WMT-J90009,R118-P2_P21AEN-M2_C00373,R118-P2,R118-P2_P21AEN-M2,C4P932200HNJCPP3F,GV293630006N3LN2M,FM7934400V3N0LH17+M1J,CR19356013ZMW5D10,13 00 00 00 02 ,13 00 00 00 00,370,0x0172,3,0x03,2,02,1286,0x0506,A0 02 00 0B 00 0B 00 0B ,0,0x00,33,0x21,33,0x21,Pass,02 01 01 05 49 ,02 01 01 05 49,Read_MLB_Lang :02 01 01 05 49  ,  Get_KBD_Lang :02 01 01 05 49,16,0x10,8704,0,0,0,0,0,0,0,0,0,0,0,0,16777216,0,0,0,0,0,16842752,16777216,0,0,0,0,17372165,100665620,33751040,,,,,,,
FXLH,R118,FTPZD00QP3HR,,R118-P2_P21AEN-M2,,FXLH_F05-4FT-02_2_GATEKEEPER,FAIL,09-30-17:04:46,55.36,V1.1.3.2,Check_All_CB,FTPZD00QP3HR,Atlas 1.9.2,FTPZD00QP3HR,V1.1.3.2,1,0,0,0,0,0,0,0,0,3,0,8,8,3,0,0,0,3,0,2,2,2,0,6,6,0,0,0,0,3,0,0,0,3,0,0,0,3,0,0,0,15 00 00 00 ,FTPZD00QP3HR,Pass,DLX9366006MN6R52K,WMT-J90009,R118-P2_P21AEN-M2_C00373,R118-P2,R118-P2_P21AEN-M2,C4P932200HNJCPP3F,GV293630006N3LN2M,FM7934400V3N0LH17+M1J,CR19356013ZMW5D10,13 00 00 00 00 ,13 00 00 00 00,370,0x0172,3,0x03,2,02,1286,0x0506,A0 02 00 0B 00 0B 00 0B ,0,0x00,33,0x21,33,0x21,Pass,02 01 01 05 49 ,02 01 01 05 49,Read_MLB_Lang :02 01 01 05 49  ,  Get_KBD_Lang :02 01 01 05 49,16,0x10,8704,0,0,0,0,0,0,0,0,0,0,0,0,16777216,0,0,0,0,0,16842752,16777216,0,0,0,0,17372165,100665620,33751040,,,,,,,
FXLH,R118,FTPZG01VP3J3,,R118-P2_P21J1-D10,,FXLH_F05-4FT-02_2_GATEKEEPER,FAIL,09-30-17:08:40,39.36,V1.1.3.2,Check_All_CB,FTPZG01VP3J3,Atlas 1.9.2,FTPZG01VP3J3,V1.1.3.2,1,3,0,0,0,3,0,0,0,3,0,0,0,3,0,0,0,3,0,0,0,2,0,3,3,0,0,0,0,3,0,0,0,3,0,0,0,3,0,0,0,15 00 00 00 ,FTPZG01VP3J3,Pass,DLX937600T4N6R524,WMT-J90055,R118-P2_P21J1-D10_C01576,R118-P2,R118-P2_P21J1-D10,C4P9377003RJCQV3R,GV29372004GP2T12V,FM7937401GRN0LH1E+V3J,CR1935600RFMW5D1M,13 00 00 00 02 ,13 00 00 00 00,370,0x0172,3,0x03,2,02,1286,0x0506,A0 02 00 0B 00 0B 00 0B ,0,0x00,,0x0F,,0x0F,Pass,02 01 03 03 4B ,02 01 03 03 4B,Read_MLB_Lang :02 01 03 03 4B  ,  Get_KBD_Lang :02 01 03 03 4B,16,0x10,8704,0,0,0,0,0,0,0,0,0,0,0,0,16777216,0,0,0,0,0,16842752,16777216,0,0,0,0,17372165,100665620,33751040,,15,15,,,,
FXLH,R118,FTPZF004P3HY,,R118-P2_P21IDA,,FXLH_F05-4FT-02_2_GATEKEEPER,FAIL,09-30-17:15:26,52.36,V1.1.3.2,Check_All_CB,FTPZF004P3HY,Atlas 1.9.2,FTPZF004P3HY,V1.1.3.2,1,3,0,0,0,3,0,0,0,3,0,0,0,3,0,0,0,3,0,0,0,2,0,3,3,0,0,0,0,3,0,0,0,3,0,0,0,3,0,0,0,15 00 00 00 ,FTPZF004P3HY,Pass,DLX9382002WN6R52L,WMT-J90032,R118-P2_P21IDA_C01166,R118-P2,R118-P2_P21IDA,C4P9345000UJCQ63X,GV29372006EP2T02S,FM7934401CBN0LH1F+V1J,C47935304SKMW5D2Z,13 00 00 00 02 ,13 00 00 00 00,370,0x0172,3,0x03,2,02,1286,0x0506,A0 02 00 0B 00 0B 00 0B ,0,0x00,,0x0D,,0x0D,Pass,02 01 02 0C 4A ,02 01 02 0C 4A,Read_MLB_Lang :02 01 02 0C 4A  ,  Get_KBD_Lang :02 01 02 0C 4A,16,0x10,8704,0,0,0,0,0,0,0,0,0,0,0,0,16777216,0,0,0,0,0,16842752,16777216,0,0,0,0,17372165,100665620,33751040,,,,,13,13,
FXLH,R118,FTPZD00QP3HR,,R118-P2_P21AEN-M2,,FXLH_F05-4FT-02_2_GATEKEEPER,FAIL,09-30-17:18:58,65.52,V1.1.3.2,Check_All_CB,FTPZD00QP3HR,Atlas 1.9.2,FTPZD00QP3HR,V1.1.3.2,1,0,0,0,0,0,0,0,0,3,0,8,8,3,0,0,0,3,0,2,2,2,0,6,6,0,0,0,0,3,0,0,0,3,0,0,0,3,0,0,0,15 00 00 00 ,FTPZD00QP3HR,Pass,DLX9366006MN6R52K,WMT-J90009,R118-P2_P21AEN-M2_C00373,R118-P2,R118-P2_P21AEN-M2,C4P932200HNJCPP3F,GV293630006N3LN2M,FM7934400V3N0LH17+M1J,CR19356013ZMW5D10,13 00 00 00 00 ,13 00 00 00 00,370,0x0172,3,0x03,2,02,1286,0x0506,A0 02 00 0B 00 0B 00 0B ,0,0x00,33,0x21,33,0x21,Pass,02 01 01 05 49 ,02 01 01 05 49,Read_MLB_Lang :02 01 01 05 49  ,  Get_KBD_Lang :02 01 01 05 49,16,0x10,8704,0,0,0,0,0,0,0,0,0,0,0,0,16777216,0,0,0,0,0,16842752,16777216,0,0,0,0,17372165,100665620,33751040,,,,,,,
FXLH,R118,FTPZF001P3J0,,R118-P2_P21ISP,,FXLH_F05-4FT-02_2_GATEKEEPER,FAIL,09-30-17:30:54,54.70,V1.1.3.2,Check_All_CB,FTPZF001P3J0,Atlas 1.9.2,FTPZF001P3J0,V1.1.3.2,1,3,0,0,0,3,0,0,0,3,0,0,0,3,0,0,0,3,0,4,4,2,0,3,3,0,0,0,0,3,0,0,0,3,0,0,0,3,0,0,0,15 00 00 00 ,FTPZF001P3J0,Pass,DLX9375009WN6R52Z,WMT-J9002C,R118-P2_P21ISP_C01126,R118-P2,R118-P2_P21ISP,C4P9345000BJCQ73D,GV29367003JP2T02V,FM7934401SAN0LH18+V1J,ADV93550051MW5D2X,13 00 00 00 02 ,13 00 00 00 00,370,0x0172,3,0x03,2,02,1286,0x0506,A0 02 00 0B 00 0B 00 0B ,0,0x00,,0x0D,,0x0D,Pass,02 01 02 07 4A ,02 01 02 07 4A,Read_MLB_Lang :02 01 02 07 4A  ,  Get_KBD_Lang :02 01 02 07 4A,16,0x10,8704,0,0,0,0,0,0,0,0,0,0,0,0,16777216,0,0,0,0,0,16842752,16777216,0,0,0,0,17372165,100665620,33751040,,,,,13,13,
FXLH,R118,FTPZD02SP3J4,,R118-P2_P21AK,,FXLH_F05-4FT-02_2_GATEKEEPER,FAIL,09-30-18:19:45,48.69,V1.1.3.2,Check_All_CB,FTPZD02SP3J4,Atlas 1.9.2,FTPZD02SP3J4,V1.1.3.2,1,3,0,0,0,3,0,0,0,3,0,0,0,3,0,0,0,3,0,0,0,2,0,3,3,0,0,0,0,3,0,0,0,3,0,0,0,3,0,0,0,15 00 00 00 ,FTPZD02SP3J4,Pass,DLX937500MVN6R52Y,WMT-J90017,R118-P2_P21AK_C00616,R118-P2,R118-P2_P21AK,C4P9322005LJCPV3D,GV29364008KN3LN2H,FM7934401E8N0LH1C+V1J,CR19356015ZMW5D1U,13 00 00 00 02 ,13 00 00 00 00,370,0x0172,3,0x03,2,02,1286,0x0506,A0 02 00 0B 00 0B 00 0B ,0,0x00,33,0x21,33,0x21,Pass,02 01 01 0F 49 16 16 ,02 01 01 0F 49 16 16,Read_MLB_Lang :02 01 01 0F 49 16 16  ,  Get_KBD_Lang :02 01 01 0F 49 16 16,16,0x10,8704,0,0,0,0,0,0,0,0,0,0,0,0,16777216,0,0,0,0,0,16842752,16777216,0,0,0,0,17372165,100665620,33751040,,,,,,,
FXLH,R118,FTPZD09DP3HR,,R118-P2_P21AEN-1,,FXLH_F05-4FT-02_2_GATEKEEPER,FAIL,09-30-18:25:24,52.97,V1.1.3.2,Check_All_CB,FTPZD09DP3HR,Atlas 1.9.2,FTPZD09DP3HR,V1.1.3.2,1,3,0,0,0,3,0,0,0,3,0,0,0,3,0,0,0,3,0,0,0,2,0,3,3,0,0,0,0,3,0,0,0,3,0,0,0,3,0,0,0,15 00 00 00 ,FTPZD09DP3HR,Pass,DLX937500G2N6R526,WMT-J90018,R118-P2_P21AEN-1_C00734,R118-P2,R118-P2_P21AEN-1,C4P932200RPJCPP3Q,GV29364008XN3LN25,FM79344017CN0LH1V+V1J,C47935303DDMW5D2B,13 00 00 00 02 ,13 00 00 00 00,370,0x0172,3,0x03,2,02,1286,0x0506,A0 02 00 0B 00 0B 00 0B ,0,0x00,33,0x21,33,0x21,Pass,02 01 01 05 49 ,02 01 01 05 49,Read_MLB_Lang :02 01 01 05 49  ,  Get_KBD_Lang :02 01 01 05 49,16,0x10,8704,0,0,0,0,0,0,0,0,0,0,0,0,16777216,0,0,0,0,0,16842752,16777216,0,0,0,0,17372165,100665620,33751040,,,,,,,
FXLH,R118,FTPZF002P3J6,,R118-P2_P21IRU,,FXLH_F05-4FT-02_2_GATEKEEPER,FAIL,09-30-18:39:25,52.62,V1.1.3.2,Check_All_CB,FTPZF002P3J6,Atlas 1.9.2,FTPZF002P3J6,V1.1.3.2,1,3,0,0,0,3,0,0,0,3,0,0,0,3,0,0,0,3,0,0,0,2,0,2,2,0,0,0,0,3,0,3,3,3,0,0,0,3,0,0,0,15 00 00 00 ,FTPZF002P3J6,Pass,DLX93820092N6R52T,WMT-J90035,R118-P2_P21IRU_C01192,R118-P2,R118-P2_P21IRU,C4P9345001PJCQL3K,GV29363001VP2T02U,FM7934402ZNN0LH18+V6J,C47935303F9MW5D29,13 00 00 00 02 ,13 00 00 00 00,370,0x0172,3,0x03,2,02,1286,0x0506,A0 02 00 0B 00 0B 00 0B ,0,0x00,,0x0D,,0x0D,Pass,02 01 02 1F 4A ,02 01 02 1F 4A,Read_MLB_Lang :02 01 02 1F 4A  ,  Get_KBD_Lang :02 01 02 1F 4A,16,0x10,8704,0,0,0,0,0,0,0,0,0,0,0,0,16777216,0,0,0,0,0,16842752,16777216,0,0,0,0,17372165,100665620,33751040,,,,,13,13,
