Related Test,Name-1,Name-2,Name-3,Status,Info,Measurement,Units,Upper Limit,Lower Limit,Relaxed Upper Limit,Relaxed Lower Limit,Limit Units,Start Time,End Time,Duration (s)
1. Process,,,,,,,,,,,,,Jan 14 2020 8:04:29.6780 PM,Jan 14 2020 8:04:29.7140 PM,.0361
1. Process,Copy TestPlan To LogDir,Copy TestPlan To LogDir,,PASS,,,,,,,,,Jan 14 2020 8:04:29.6850 PM,Jan 14 2020 8:04:29.6850 PM,0
1. Process,Copy TestPlan To LogDir,Copy rushFile To Folder,cp -r /Users/gdlocal/Library/Atlas/Sequences /vault/Atlas/Hyperion/Unit_1_34178D/AtlasLogs,PASS,,,,,,,,,Jan 14 2020 8:04:29.6860 PM,Jan 14 2020 8:04:29.6980 PM,.0115
1. Process,Copy TestPlan To LogDir,Copy CSVFile To Folder,cp -r /Users/gdlocal/Library/Atlas/Resources /vault/Atlas/Hyperion/Unit_1_34178D/AtlasLogs,PASS,,,,,,,,,Jan 14 2020 8:04:29.6990 PM,Jan 14 2020 8:04:29.7130 PM,.0133
2. SPAM,,,,,,,,,,,,,Jan 14 2020 8:04:29.7160 PM,Jan 14 2020 8:04:33.2390 PM,3.5232
2. SPAM,FIXTURE_SETUP,Disable SPAM Debug Power,/Users/gdlocal/scripts/spamtool dbgpwroff /dev/cu.usbserial-A908X8CJ,PASS,,,,,,,,,Jan 14 2020 8:04:31.2310 PM,Jan 14 2020 8:04:31.2310 PM,0
2. SPAM,FIXTURE_SETUP,Delay 2000ms,,PASS,,,,,,,,,Jan 14 2020 8:04:31.2330 PM,Jan 14 2020 8:04:31.2330 PM,0
3. INIT,,,,,,,,,,,,,Jan 14 2020 8:04:33.2410 PM,Jan 14 2020 8:04:33.5100 PM,.2688
3. INIT,CONSOLE_SETTING,Delay 100ms,,PASS,,,,,,,,,Jan 14 2020 8:04:33.2430 PM,Jan 14 2020 8:04:33.2430 PM,0
3. INIT,CONSOLE_SETTING,EFIDut,open,PASS,,,,,,,,,Jan 14 2020 8:04:33.3490 PM,Jan 14 2020 8:04:33.4190 PM,.0698
3. INIT,CONSOLE_SETTING,EFIDut,syncCmdResp,PASS,,,,,,,,,Jan 14 2020 8:04:33.4230 PM,Jan 14 2020 8:04:33.4640 PM,.041
3. INIT,CONSOLE_SETTING,Disable consoleformat color,[EFIDut] consoleformat --sink serial --dis --o color,PASS,,,,,,,,,Jan 14 2020 8:04:33.4680 PM,Jan 14 2020 8:04:33.5090 PM,.041
4. FIXTURE,,,,,,,,,,,,,Jan 14 2020 8:04:33.5120 PM,Jan 14 2020 8:04:36.1320 PM,2.6207
4. FIXTURE,FIXTURE_SETUP-2,Fixture,changeDelimiter,PASS,,,,,,,,,Jan 14 2020 8:04:33.5150 PM,Jan 14 2020 8:04:33.5150 PM,0
4. FIXTURE,FIXTURE_SETUP-2,Fixture,changeLineTerminator,PASS,,,,,,,,,Jan 14 2020 8:04:33.5160 PM,Jan 14 2020 8:04:33.5160 PM,0
4. FIXTURE,FIXTURE_SETUP-2,Fixture,open,PASS,,,,,,,,,Jan 14 2020 8:04:33.5180 PM,Jan 14 2020 8:04:33.5480 PM,.0297
4. FIXTURE,FIXTURE_SETUP-2,Fixture,read,PASS,,,,,,,,,Jan 14 2020 8:04:33.5500 PM,Jan 14 2020 8:04:33.5720 PM,.0216
4. FIXTURE,FIXTURE_SETUP-2,Fixture Reset,[Fixture] Reset,PASS,,,,,,,,,Jan 14 2020 8:04:33.7770 PM,Jan 14 2020 8:04:35.8910 PM,2.1142
4. FIXTURE,FIXTURE_SETUP-2,Fixture speaker module on,[Fixture] Push Cy on,PASS,,,,,,,,,Jan 14 2020 8:04:35.8950 PM,Jan 14 2020 8:04:36.1310 PM,.2358
5. Process,,,,,,,,,,,,,Jan 14 2020 8:04:36.1340 PM,Jan 14 2020 8:04:36.1780 PM,.0438
5. Process,Set RTC,Set 'time' with value '20200114120436',,PASS,,,,,,,,,Jan 14 2020 8:04:36.1430 PM,Jan 14 2020 8:04:36.1430 PM,0
5. Process,Set RTC,Set RTC,[EFIDut] rtc --set 20200114120436,PASS,,,,,,,,,Jan 14 2020 8:04:36.1460 PM,Jan 14 2020 8:04:36.1770 PM,.0309
6. INIT,,,,,,,,,,,,,Jan 14 2020 8:04:36.1800 PM,Jan 14 2020 8:04:36.3210 PM,.141
6. INIT,ALIAS_SETTING,Alias Setting,[EFIDut] script radios.txt,PASS,,,,,,,,,Jan 14 2020 8:04:36.1830 PM,Jan 14 2020 8:04:36.3200 PM,.1371
7. INIT,,,,,,,,,,,,,Jan 14 2020 8:04:36.3230 PM,Jan 14 2020 8:04:36.3520 PM,.0299
7. INIT,GET_SW_INFO,Turn off thermal monitor,[EFIDut] thermalmonitor --off,PASS,,,,,,,,,Jan 14 2020 8:04:36.3250 PM,Jan 14 2020 8:04:36.3510 PM,.0262
8. INIT,,,,,,,,,,,,,Jan 14 2020 8:04:36.3540 PM,Jan 14 2020 8:04:36.8050 PM,.4508
8. INIT,SPAM_SETTING,Turn off Spam device,[EFIDut] device -k Spam -e init;device -k Spam -e stop,PASS,,,,,,,,,Jan 14 2020 8:04:36.3570 PM,Jan 14 2020 8:04:36.8040 PM,.4468
9. INIT,,,,,,,,,,,,,Jan 14 2020 8:04:36.8070 PM,Jan 14 2020 8:04:39.1120 PM,2.3057
9. INIT,GET_SW_INFO_1,Delay 2000ms,,PASS,,,,,,,,,Jan 14 2020 8:04:36.8090 PM,Jan 14 2020 8:04:36.8090 PM,0
9. INIT,GET_SW_INFO_1,Read EFI Diags Version,[EFIDut] version,PASS,,,,,,,,,Jan 14 2020 8:04:38.8170 PM,Jan 14 2020 8:04:38.8770 PM,.0596
9. INIT,GET_SW_INFO_1,DIAGS_VERSION,,PASS,,,,,,,,,Jan 14 2020 8:04:38.8800 PM,Jan 14 2020 8:04:38.8800 PM,0
9. INIT,GET_SW_INFO_1,DIAGS_BUILD_TIMESTAMP,,PASS,,,,,,,,,Jan 14 2020 8:04:38.8830 PM,Jan 14 2020 8:04:38.8830 PM,0
9. INIT,GET_SW_INFO_1,Read Software Info,[EFIDut] blockdevice,PASS,,,,,,,,,Jan 14 2020 8:04:38.8860 PM,Jan 14 2020 8:04:38.9970 PM,.1109
9. INIT,GET_SW_INFO_1,BLOCK_DEVICE,,PASS,,,,,,,,,Jan 14 2020 8:04:39.0010 PM,Jan 14 2020 8:04:39.0010 PM,0
9. INIT,GET_SW_INFO_1,Read MLB Serial Number,[EFIDut] syscfg print MLB#,PASS,,,,,,,,,Jan 14 2020 8:04:39.0030 PM,Jan 14 2020 8:04:39.0450 PM,.0412
9. INIT,GET_SW_INFO_1,MLBSN,,PASS,,,,,,,,,Jan 14 2020 8:04:39.0480 PM,Jan 14 2020 8:04:39.0480 PM,0
9. INIT,GET_SW_INFO_1,Read MLB Board REV,[EFIDut] boardrev,PASS,,,,,,,,,Jan 14 2020 8:04:39.0510 PM,Jan 14 2020 8:04:39.0770 PM,.0258
9. INIT,GET_SW_INFO_1,BOARD_REV,,PASS,,,,,,,,,Jan 14 2020 8:04:39.0800 PM,Jan 14 2020 8:04:39.0800 PM,0
9. INIT,GET_SW_INFO_1,Read MLB Board ID,[EFIDut] boardid,PASS,,,,,,,,,Jan 14 2020 8:04:39.0830 PM,Jan 14 2020 8:04:39.1090 PM,.0256
9. INIT,GET_SW_INFO_1,BOARD_ID,,PASS,,,,,,,,,Jan 14 2020 8:04:39.1120 PM,Jan 14 2020 8:04:39.1120 PM,0
10. INIT,,,,,,,,,,,,,Jan 14 2020 8:04:39.1150 PM,Jan 14 2020 8:04:39.1170 PM,.0023
10. INIT,GET_INFO,Set DUT type -N142B,,PASS,,,,,,,,,Jan 14 2020 8:04:39.1170 PM,Jan 14 2020 8:04:39.1170 PM,0
11. INIT,,,,,,,,,,,,,Jan 14 2020 8:04:39.1190 PM,Jan 14 2020 8:04:39.5220 PM,.4029
11. INIT,GET_COMP_INFO,Read SOC Properties,[EFIDut] soc -p,PASS,,,,,,,,,Jan 14 2020 8:04:39.1210 PM,Jan 14 2020 8:04:39.2580 PM,.1365
11. INIT,GET_COMP_INFO,SOC_PROP_FUSE_REV,,PASS,,,,,,,,,Jan 14 2020 8:04:39.2610 PM,Jan 14 2020 8:04:39.2610 PM,0
11. INIT,GET_COMP_INFO,SOC_PROP_PRODUCTION_MODE,,PASS,,,,,,,,,Jan 14 2020 8:04:39.2670 PM,Jan 14 2020 8:04:39.2670 PM,0
11. INIT,GET_COMP_INFO,SOC_PROP_REVISION,,PASS,,,,,,,,,Jan 14 2020 8:04:39.2700 PM,Jan 14 2020 8:04:39.2700 PM,0
11. INIT,GET_COMP_INFO,Read SOC Chip ID,[EFIDut] chipid,PASS,,,,,,,,,Jan 14 2020 8:04:39.2730 PM,Jan 14 2020 8:04:39.3200 PM,.0475
11. INIT,GET_COMP_INFO,CHIPID,,PASS,,,,,,,,,Jan 14 2020 8:04:39.3240 PM,Jan 14 2020 8:04:39.3240 PM,0
11. INIT,GET_COMP_INFO,CHIPVER,,PASS,,,,,,,,,Jan 14 2020 8:04:39.3270 PM,Jan 14 2020 8:04:39.3270 PM,0
11. INIT,GET_COMP_INFO,Read SOC Bin Data,[EFIDut] soc -p list-perf-state,PASS,,,,,,,,,Jan 14 2020 8:04:39.3300 PM,Jan 14 2020 8:04:39.4640 PM,.1348
11. INIT,GET_COMP_INFO,SOC_BIN_VOLTAGE_0,,PASS,,616,NA,,,,,,Jan 14 2020 8:04:39.4680 PM,Jan 14 2020 8:04:39.4680 PM,0
11. INIT,GET_COMP_INFO,Read PMU ID Registers,[EFIDut] pmureg -r 0 0x00 3,PASS,,,,,,,,,Jan 14 2020 8:04:39.4710 PM,Jan 14 2020 8:04:39.5120 PM,.041
11. INIT,GET_COMP_INFO,PMU_ID0_MASKREV,,PASS,,,,,,,,,Jan 14 2020 8:04:39.5160 PM,Jan 14 2020 8:04:39.5160 PM,0
11. INIT,GET_COMP_INFO,PMU_ID1_TRIMREV,,PASS,,,,,,,,,Jan 14 2020 8:04:39.5180 PM,Jan 14 2020 8:04:39.5180 PM,0
11. INIT,GET_COMP_INFO,PMU_ID2_PLATFORMID,,PASS,,,,,,,,,Jan 14 2020 8:04:39.5210 PM,Jan 14 2020 8:04:39.5210 PM,0
12. POWER,,,,,,,,,,,,,Jan 14 2020 8:04:39.5240 PM,Jan 14 2020 8:04:39.9190 PM,.3947
12. POWER,QUIESCE_SYSTEM,Turn OFF General Modules (Codec),[EFIDut] audio -r;audio -f,PASS,,,,,,,,,Jan 14 2020 8:04:39.5270 PM,Jan 14 2020 8:04:39.6930 PM,.1664
12. POWER,QUIESCE_SYSTEM,Turn OFF General Modules (socpdm),[EFIDut] audio -f socpdm;,PASS,,,,,,,,,Jan 14 2020 8:04:39.6970 PM,Jan 14 2020 8:04:39.7360 PM,.0388
12. POWER,QUIESCE_SYSTEM,"Turn OFF Sensors (accel,gyro)","[EFIDut] sensor --sel accel,gyro --turnoff",PASS,,,,,,,,,Jan 14 2020 8:04:39.7390 PM,Jan 14 2020 8:04:39.8300 PM,.0903
12. POWER,QUIESCE_SYSTEM,Turn OFF Sensors (lisa),[EFIDut] sensor --sel lisa --turnoff,PASS,,,,,,,,,Jan 14 2020 8:04:39.8330 PM,Jan 14 2020 8:04:39.8750 PM,.0412
12. POWER,QUIESCE_SYSTEM,Turn OFF Sensors (platinum),[EFIDut] sensor --sel platinum --turnoff,PASS,,,,,,,,,Jan 14 2020 8:04:39.8780 PM,Jan 14 2020 8:04:39.9180 PM,.0394
13. INIT,,,,,,,,,,,,,Jan 14 2020 8:04:39.9200 PM,Jan 14 2020 8:04:40.0460 PM,.1258
13. INIT,QUERY_SFC_WRITE_SYSCFG,SFCSupport,getAttributes,PASS,,,,,,,,,Jan 14 2020 8:04:39.9240 PM,Jan 14 2020 8:04:39.9480 PM,.0235
13. INIT,QUERY_SFC_WRITE_SYSCFG,qt_fg_sn,,PASS,,,,,,,,,Jan 14 2020 8:04:39.9480 PM,Jan 14 2020 8:04:39.9480 PM,0
13. INIT,QUERY_SFC_WRITE_SYSCFG,Write SN,[EFIDut] syscfg add SrNm DVPZM010P8KR,PASS,,,,,,,,,Jan 14 2020 8:04:39.9540 PM,Jan 14 2020 8:04:40.0450 PM,.091
14. INIT,,,,,,,,,,,,,Jan 14 2020 8:04:40.0480 PM,Jan 14 2020 8:04:40.1030 PM,.055
14. INIT,GET_SYS_INFO,Read Unit Serial Number,[EFIDut] syscfg print SrNm,PASS,,,,,,,,,Jan 14 2020 8:04:40.0510 PM,Jan 14 2020 8:04:40.0930 PM,.0424
14. INIT,GET_SYS_INFO,UNIT_SN,,PASS,,,,,,,,,Jan 14 2020 8:04:40.0990 PM,Jan 14 2020 8:04:40.0990 PM,0
14. INIT,GET_SYS_INFO,The middle of SN#,,PASS,,,,,,,,,Jan 14 2020 8:04:40.1020 PM,Jan 14 2020 8:04:40.1020 PM,0
15. Process,,,,,,,,,,,,,Jan 14 2020 8:04:40.1050 PM,Jan 14 2020 8:04:40.2140 PM,.1083
15. Process,Dut Close,EFIDut,close,PASS,,,,,,,,,Jan 14 2020 8:04:40.1090 PM,Jan 14 2020 8:04:40.1090 PM,.0003
15. Process,Dut Close,Delay 100ms,,PASS,,,,,,,,,Jan 14 2020 8:04:40.1120 PM,Jan 14 2020 8:04:40.1120 PM,0
16. Process,,,,,,,,,,,,,Jan 14 2020 8:04:40.2180 PM,Jan 14 2020 8:04:40.2440 PM,.0252
16. Process,Start Data Reporting,DRCB,StartDataReporting,PASS,,,,,,,,,Jan 14 2020 8:04:40.2270 PM,Jan 14 2020 8:04:40.2420 PM,.0158
17. Process,,,,,,,,,,,,,Jan 14 2020 8:04:40.2460 PM,Jan 14 2020 8:04:40.7150 PM,.4696
17. Process,Start Control Bits,EFIDut,open,PASS,,,,,,,,,Jan 14 2020 8:04:40.2520 PM,Jan 14 2020 8:04:40.3180 PM,.0659
17. Process,Start Control Bits,EFIDut,close,PASS,,,,,,,,,Jan 14 2020 8:04:40.3220 PM,Jan 14 2020 8:04:40.3220 PM,.0003
17. Process,Start Control Bits,DRCB,StartControlBits,PASS,,,,,,,,,Jan 14 2020 8:04:40.3280 PM,Jan 14 2020 8:04:40.7140 PM,.3864
18. Process,,,,,,,,,,,,,Jan 14 2020 8:04:40.7170 PM,Jan 14 2020 8:04:40.9310 PM,.2142
18. Process,Dut Open,Delay 100ms,,PASS,,,,,,,,,Jan 14 2020 8:04:40.7190 PM,Jan 14 2020 8:04:40.7190 PM,0
18. Process,Dut Open,EFIDut,open,PASS,,,,,,,,,Jan 14 2020 8:04:40.8250 PM,Jan 14 2020 8:04:40.8870 PM,.062
18. Process,Dut Open,EFIDut,syncCmdResp,PASS,,,,,,,,,Jan 14 2020 8:04:40.8910 PM,Jan 14 2020 8:04:40.9300 PM,.0395
19. INIT,,,,,,,,,,,,,Jan 14 2020 8:04:40.9330 PM,Jan 14 2020 8:04:41.0290 PM,.0963
19. INIT,GET_MLB_INFO,GET_MLB_INFO,[EFIDut] syscfg print CFG#,PASS,,,,,,,,,Jan 14 2020 8:04:40.9360 PM,Jan 14 2020 8:04:41.0260 PM,.0904
20. INIT,,,,,,,,,,,,,Jan 14 2020 8:04:41.0310 PM,Jan 14 2020 8:04:42.3680 PM,1.3375
20. INIT,QUERY_SFC_WRITE_SYSCFG_1,SFCSupport,getAttributes,PASS,,,,,,,,,Jan 14 2020 8:04:41.0340 PM,Jan 14 2020 8:04:41.0370 PM,.0032
20. INIT,QUERY_SFC_WRITE_SYSCFG_1,sbuild,,PASS,,,,,,,,,Jan 14 2020 8:04:41.0380 PM,Jan 14 2020 8:04:41.0380 PM,0
20. INIT,QUERY_SFC_WRITE_SYSCFG_1,SFCSupport,getAttributes-2,PASS,,,,,,,,,Jan 14 2020 8:04:41.0390 PM,Jan 14 2020 8:04:41.0420 PM,.0028
20. INIT,QUERY_SFC_WRITE_SYSCFG_1,config,,PASS,,,,,,,,,Jan 14 2020 8:04:41.0430 PM,Jan 14 2020 8:04:41.0430 PM,0
20. INIT,QUERY_SFC_WRITE_SYSCFG_1,Get Housing Config,,PASS,,,,,,,,,Jan 14 2020 8:04:41.0460 PM,Jan 14 2020 8:04:41.0460 PM,0
20. INIT,QUERY_SFC_WRITE_SYSCFG_1,Read MLB CFG,[EFIDut] syscfg print CFG#,PASS,,,,,,,,,Jan 14 2020 8:04:41.0490 PM,Jan 14 2020 8:04:41.0900 PM,.0409
20. INIT,QUERY_SFC_WRITE_SYSCFG_1,MLB_CFG_INITIAL,,PASS,,,,,,,,,Jan 14 2020 8:04:41.0960 PM,Jan 14 2020 8:04:41.0960 PM,0
20. INIT,QUERY_SFC_WRITE_SYSCFG_1,Append string:config to CFG#,,PASS,,,,,,,,,Jan 14 2020 8:04:41.0960 PM,Jan 14 2020 8:04:41.0960 PM,0
20. INIT,QUERY_SFC_WRITE_SYSCFG_1,Write MLB CFG,"[EFIDut] syscfg add CFG# X1819B/PROTO1/B41T,JBW-T02a-a",PASS,,,,,,,,,Jan 14 2020 8:04:41.1000 PM,Jan 14 2020 8:04:41.1540 PM,.0533
20. INIT,QUERY_SFC_WRITE_SYSCFG_1,Read MLB CFG 2,[EFIDut] syscfg print CFG#,PASS,,,,,,,,,Jan 14 2020 8:04:41.1570 PM,Jan 14 2020 8:04:41.2020 PM,.0445
20. INIT,QUERY_SFC_WRITE_SYSCFG_1,MLB_CFG_APPENED,,PASS,,,,,,,,,Jan 14 2020 8:04:41.2050 PM,Jan 14 2020 8:04:41.2050 PM,0
20. INIT,QUERY_SFC_WRITE_SYSCFG_1,SFCSupport,getAttributes-3,PASS,,,,,,,,,Jan 14 2020 8:04:41.2090 PM,Jan 14 2020 8:04:41.2120 PM,.0031
20. INIT,QUERY_SFC_WRITE_SYSCFG_1,sbuild-2,,PASS,,,,,,,,,Jan 14 2020 8:04:41.2130 PM,Jan 14 2020 8:04:41.2130 PM,0
20. INIT,QUERY_SFC_WRITE_SYSCFG_1,SFCSupport,getAttributes-4,PASS,,,,,,,,,Jan 14 2020 8:04:41.2140 PM,Jan 14 2020 8:04:41.2170 PM,.0032
20. INIT,QUERY_SFC_WRITE_SYSCFG_1,Tigerdmin,,PASS,,,,,,,,,Jan 14 2020 8:04:41.2180 PM,Jan 14 2020 8:04:41.2180 PM,0
20. INIT,QUERY_SFC_WRITE_SYSCFG_1,SFCSupport,getAttributes-5,PASS,,,,,,,,,Jan 14 2020 8:04:41.2190 PM,Jan 14 2020 8:04:41.2220 PM,.0031
20. INIT,QUERY_SFC_WRITE_SYSCFG_1,crowndmin,,PASS,,,,,,,,,Jan 14 2020 8:04:41.2230 PM,Jan 14 2020 8:04:41.2230 PM,0
20. INIT,QUERY_SFC_WRITE_SYSCFG_1,SFCSupport,getAttributes-6,PASS,,,,,,,,,Jan 14 2020 8:04:41.2240 PM,Jan 14 2020 8:04:41.2270 PM,.0028
20. INIT,QUERY_SFC_WRITE_SYSCFG_1,lisadmin,,PASS,,,,,,,,,Jan 14 2020 8:04:41.2270 PM,Jan 14 2020 8:04:41.2270 PM,0
20. INIT,QUERY_SFC_WRITE_SYSCFG_1,SFCSupport,getAttributes-7,PASS,,,,,,,,,Jan 14 2020 8:04:41.2280 PM,Jan 14 2020 8:04:41.2320 PM,.003
20. INIT,QUERY_SFC_WRITE_SYSCFG_1,housmaterialdmin,,PASS,,,,,,,,,Jan 14 2020 8:04:41.2320 PM,Jan 14 2020 8:04:41.2320 PM,0
20. INIT,QUERY_SFC_WRITE_SYSCFG_1,SFCSupport,getAttributes-8,PASS,,,,,,,,,Jan 14 2020 8:04:41.2330 PM,Jan 14 2020 8:04:41.2360 PM,.003
20. INIT,QUERY_SFC_WRITE_SYSCFG_1,houscolordmin,,PASS,,,,,,,,,Jan 14 2020 8:04:41.2370 PM,Jan 14 2020 8:04:41.2370 PM,0
20. INIT,QUERY_SFC_WRITE_SYSCFG_1,SFCSupport,getAttributes-9,PASS,,,,,,,,,Jan 14 2020 8:04:41.2380 PM,Jan 14 2020 8:04:41.2410 PM,.003
20. INIT,QUERY_SFC_WRITE_SYSCFG_1,backcrystalmaterialdmin,,PASS,,,,,,,,,Jan 14 2020 8:04:41.2420 PM,Jan 14 2020 8:04:41.2420 PM,0
20. INIT,QUERY_SFC_WRITE_SYSCFG_1,SFCSupport,getAttributes-10,PASS,,,,,,,,,Jan 14 2020 8:04:41.2430 PM,Jan 14 2020 8:04:41.2460 PM,.0031
20. INIT,QUERY_SFC_WRITE_SYSCFG_1,backcrystalcolordmin,,PASS,,,,,,,,,Jan 14 2020 8:04:41.2470 PM,Jan 14 2020 8:04:41.2470 PM,0
20. INIT,QUERY_SFC_WRITE_SYSCFG_1,Get BART type,,PASS,,,,,,,,,Jan 14 2020 8:04:41.2500 PM,Jan 14 2020 8:04:41.2500 PM,0
20. INIT,QUERY_SFC_WRITE_SYSCFG_1,Get BART type - ICT,,PASS,,,,,,,,,Jan 14 2020 8:04:41.2500 PM,Jan 14 2020 8:04:41.2500 PM,0
20. INIT,QUERY_SFC_WRITE_SYSCFG_1,Get Lisa Dmin,,PASS,,,,,,,,,Jan 14 2020 8:04:41.2510 PM,Jan 14 2020 8:04:41.2510 PM,0
20. INIT,QUERY_SFC_WRITE_SYSCFG_1,Append string:lisadmin to crowndmin,,PASS,,,,,,,,,Jan 14 2020 8:04:41.2510 PM,Jan 14 2020 8:04:41.2510 PM,0
20. INIT,QUERY_SFC_WRITE_SYSCFG_1,Write LsBT,[EFIDut] syscfg add LsBT 0x001002A5 0x00000005 0x00000002 0x00000000,PASS,,,,,,,,,Jan 14 2020 8:04:41.2540 PM,Jan 14 2020 8:04:41.3290 PM,.075
20. INIT,QUERY_SFC_WRITE_SYSCFG_1,Read LsBT,[EFIDut] syscfg print LsBT,PASS,,,,,,,,,Jan 14 2020 8:04:41.3330 PM,Jan 14 2020 8:04:41.3770 PM,.0443
20. INIT,QUERY_SFC_WRITE_SYSCFG_1,LsBT,,PASS,,,,,,,,,Jan 14 2020 8:04:41.3810 PM,Jan 14 2020 8:04:41.3810 PM,0
20. INIT,QUERY_SFC_WRITE_SYSCFG_1,EnMt,,PASS,,,,,,,,,Jan 14 2020 8:04:41.3840 PM,Jan 14 2020 8:04:41.3840 PM,0
20. INIT,QUERY_SFC_WRITE_SYSCFG_1,Write EnMt,[EFIDut] syscfg add EnMt 0x00000001 0x00000000 0x00000000 0x00000001,PASS,,,,,,,,,Jan 14 2020 8:04:41.3870 PM,Jan 14 2020 8:04:41.5690 PM,.1826
20. INIT,QUERY_SFC_WRITE_SYSCFG_1,Read EnMt,[EFIDut] syscfg print EnMt,PASS,,,,,,,,,Jan 14 2020 8:04:41.5730 PM,Jan 14 2020 8:04:41.6160 PM,.0434
20. INIT,QUERY_SFC_WRITE_SYSCFG_1,ENMT_SYSCFG_VALUE,,PASS,,,,,,,,,Jan 14 2020 8:04:41.6190 PM,Jan 14 2020 8:04:41.6190 PM,0
20. INIT,QUERY_SFC_WRITE_SYSCFG_1,ENMT_SYSCFG_VALUE_Compare,,PASS,,,,,,,,,Jan 14 2020 8:04:41.6220 PM,Jan 14 2020 8:04:41.6220 PM,0
20. INIT,QUERY_SFC_WRITE_SYSCFG_1,CLHS,,PASS,,,,,,,,,Jan 14 2020 8:04:41.6250 PM,Jan 14 2020 8:04:41.6250 PM,0
20. INIT,QUERY_SFC_WRITE_SYSCFG_1,Write CLHS,[EFIDut] syscfg add CLHS 0x00000001 0x00000000 0x00000000 0x00000002,PASS,,,,,,,,,Jan 14 2020 8:04:41.6280 PM,Jan 14 2020 8:04:41.7120 PM,.0842
20. INIT,QUERY_SFC_WRITE_SYSCFG_1,Read CLHS,[EFIDut] syscfg print CLHS,PASS,,,,,,,,,Jan 14 2020 8:04:41.7160 PM,Jan 14 2020 8:04:41.7580 PM,.0423
20. INIT,QUERY_SFC_WRITE_SYSCFG_1,CLHS_SYSCFG_VALUE,,PASS,,,,,,,,,Jan 14 2020 8:04:41.7610 PM,Jan 14 2020 8:04:41.7610 PM,0
20. INIT,QUERY_SFC_WRITE_SYSCFG_1,CLHS_SYSCFG_VALUE_Compare,,PASS,,,,,,,,,Jan 14 2020 8:04:41.7640 PM,Jan 14 2020 8:04:41.7640 PM,0
20. INIT,QUERY_SFC_WRITE_SYSCFG_1,SFCSupport,getAttributes-11,PASS,,,,,,,,,Jan 14 2020 8:04:41.7670 PM,Jan 14 2020 8:04:41.7700 PM,.0034
20. INIT,QUERY_SFC_WRITE_SYSCFG_1,BGMt,,PASS,,,,,,,,,Jan 14 2020 8:04:41.7720 PM,Jan 14 2020 8:04:41.7720 PM,0
20. INIT,QUERY_SFC_WRITE_SYSCFG_1,Write BGMt,[EFIDut] syscfg add BGMt 0x00000001 0x00000000 0x00000000 0x00000001,PASS,,,,,,,,,Jan 14 2020 8:04:41.7750 PM,Jan 14 2020 8:04:41.8540 PM,.0791
20. INIT,QUERY_SFC_WRITE_SYSCFG_1,Read BGMt,[EFIDut] syscfg print BGMt,PASS,,,,,,,,,Jan 14 2020 8:04:41.8570 PM,Jan 14 2020 8:04:41.9000 PM,.0424
20. INIT,QUERY_SFC_WRITE_SYSCFG_1,BGMT_SYSCFG_VALUE,,PASS,,,,,,,,,Jan 14 2020 8:04:41.9030 PM,Jan 14 2020 8:04:41.9030 PM,0
20. INIT,QUERY_SFC_WRITE_SYSCFG_1,BGMT_SYSCFG_VALUE_Compare,,PASS,,,,,,,,,Jan 14 2020 8:04:41.9050 PM,Jan 14 2020 8:04:41.9050 PM,0
20. INIT,QUERY_SFC_WRITE_SYSCFG_1,CLBG,,PASS,,,,,,,,,Jan 14 2020 8:04:41.9080 PM,Jan 14 2020 8:04:41.9080 PM,0
20. INIT,QUERY_SFC_WRITE_SYSCFG_1,Write CLBG,[EFIDut] syscfg add CLBG 0x00000001 0x00000000 0x00000000 0x00000001,PASS,,,,,,,,,Jan 14 2020 8:04:41.9110 PM,Jan 14 2020 8:04:42.0920 PM,.1806
20. INIT,QUERY_SFC_WRITE_SYSCFG_1,Read CLBG,[EFIDut] syscfg print CLBG,PASS,,,,,,,,,Jan 14 2020 8:04:42.0950 PM,Jan 14 2020 8:04:42.1450 PM,.0502
20. INIT,QUERY_SFC_WRITE_SYSCFG_1,CLBG_SYSCFG_VALUE,,PASS,,,,,,,,,Jan 14 2020 8:04:42.1490 PM,Jan 14 2020 8:04:42.1490 PM,0
20. INIT,QUERY_SFC_WRITE_SYSCFG_1,CLBG_SYSCFG_VALUE_Compare,,PASS,,,,,,,,,Jan 14 2020 8:04:42.1510 PM,Jan 14 2020 8:04:42.1510 PM,0
20. INIT,QUERY_SFC_WRITE_SYSCFG_1,Read CCal,[EFIDut] syscfg print CCal,PASS,,,,,,,,,Jan 14 2020 8:04:42.1540 PM,Jan 14 2020 8:04:42.2050 PM,.0511
20. INIT,QUERY_SFC_WRITE_SYSCFG_1,CCAL,,PASS,,,,,,,,,Jan 14 2020 8:04:42.2080 PM,Jan 14 2020 8:04:42.2080 PM,0
20. INIT,QUERY_SFC_WRITE_SYSCFG_1,Write PRSq,[EFIDut] syscfg add PRSq 0x01050001,PASS,,,,,,,,,Jan 14 2020 8:04:42.2110 PM,Jan 14 2020 8:04:42.3170 PM,.1058
20. INIT,QUERY_SFC_WRITE_SYSCFG_1,Read PRSq,[EFIDut] syscfg print PRSq,PASS,,,,,,,,,Jan 14 2020 8:04:42.3210 PM,Jan 14 2020 8:04:42.3640 PM,.0433
20. INIT,QUERY_SFC_WRITE_SYSCFG_1,PRSq,,PASS,,,,,,,,,Jan 14 2020 8:04:42.3680 PM,Jan 14 2020 8:04:42.3680 PM,0
21. FIXTURE,,,,,,,,,,,,,Jan 14 2020 8:04:42.3730 PM,Jan 14 2020 8:04:45.1300 PM,2.7578
21. FIXTURE,LISA_INIT,Crown on,[Fixture] Crown on,PASS,,,,,,,,,Jan 14 2020 8:04:42.3760 PM,Jan 14 2020 8:04:45.1300 PM,2.7536
22. TRISTAR,,,,,,,,,,,,,Jan 14 2020 8:04:45.1320 PM,Jan 14 2020 8:04:46.6670 PM,1.5351
22. TRISTAR,TRISTAR,EFIDut,close,PASS,,,,,,,,,Jan 14 2020 8:04:45.1350 PM,Jan 14 2020 8:04:45.1350 PM,.0003
22. TRISTAR,TRISTAR,FileParser,JsonParsing,PASS,,,,,,,,,Jan 14 2020 8:04:45.1390 PM,Jan 14 2020 8:04:45.1400 PM,.0007
22. TRISTAR,TRISTAR,EZLink,,PASS,,1,NA,,,,,,Jan 14 2020 8:04:45.1440 PM,Jan 14 2020 8:04:45.1440 PM,0
22. TRISTAR,TRISTAR,EZLink1,EZLink,PASS,,,,,,,,,Jan 14 2020 8:04:45.1440 PM,Jan 14 2020 8:04:46.3160 PM,1.1717
22. TRISTAR,TRISTAR,Tristar Provision,,PASS,,,,,,,,,Jan 14 2020 8:04:46.3170 PM,Jan 14 2020 8:04:46.3170 PM,0
22. TRISTAR,TRISTAR,EFIDut,open,PASS,,,,,,,,,Jan 14 2020 8:04:46.3210 PM,Jan 14 2020 8:04:46.3830 PM,.062
22. TRISTAR,TRISTAR,Tristar ESN,[EFIDut] tristar --esn,PASS,,,,,,,,,Jan 14 2020 8:04:46.3860 PM,Jan 14 2020 8:04:46.6210 PM,.2352
22. TRISTAR,TRISTAR,TRISTAR_ESN,,PASS,,,,,,,,,Jan 14 2020 8:04:46.6250 PM,Jan 14 2020 8:04:46.6250 PM,0
22. TRISTAR,TRISTAR,clear the debug interrupt,[EFIDut] tristar -r '0x0d',PASS,,,,,,,,,Jan 14 2020 8:04:46.6280 PM,Jan 14 2020 8:04:46.6660 PM,.0385
23. LISA,,,,,,,,,,,,,Jan 14 2020 8:04:46.6690 PM,Jan 14 2020 8:04:47.5630 PM,.8942
23. LISA,LISA_INIT-2,Initialize Bonn,[EFIDut] sensor --sel lisa --init,PASS,,,,,,,,,Jan 14 2020 8:04:46.6720 PM,Jan 14 2020 8:04:46.7270 PM,.0552
23. LISA,LISA_INIT-2,SENSOR_LISA_INIT_STATUS,,PASS,,,,,,,,,Jan 14 2020 8:04:46.7310 PM,Jan 14 2020 8:04:46.7310 PM,0
23. LISA,LISA_INIT-2,Get lisa Info,[EFIDut] sensor --sel lisa -g,PASS,,,,,,,,,Jan 14 2020 8:04:46.7350 PM,Jan 14 2020 8:04:46.8860 PM,.1508
23. LISA,LISA_INIT-2,RTP_FW,,PASS,,,,,,,,,Jan 14 2020 8:04:46.8900 PM,Jan 14 2020 8:04:46.8900 PM,0
23. LISA,LISA_INIT-2,Set Lisa to HW Mode,[EFIDut] sensor --sel lisa --set hw-mode true,PASS,,,,,,,,,Jan 14 2020 8:04:46.8920 PM,Jan 14 2020 8:04:46.9320 PM,.0395
23. LISA,LISA_INIT-2,Bonn Chip ID,[EFIDut] sensorreg --sel lisa --read 0x00,PASS,,,,,,,,,Jan 14 2020 8:04:46.9360 PM,Jan 14 2020 8:04:46.9730 PM,.0373
23. LISA,LISA_INIT-2,SENSOR_LISA_BONN_CHIP_ID,,PASS,,169,NA,,,,,NA,Jan 14 2020 8:04:46.9770 PM,Jan 14 2020 8:04:46.9770 PM,0
23. LISA,LISA_INIT-2,Bonn Connectivity Test,[EFIDut] sensor --sel lisa --conntest,PASS,,,,,,,,,Jan 14 2020 8:04:46.9800 PM,Jan 14 2020 8:04:47.0260 PM,.0459
23. LISA,LISA_INIT-2,SENSOR_LISA_CONNTEST_SPI,,PASS,,,,,,,,,Jan 14 2020 8:04:47.0290 PM,Jan 14 2020 8:04:47.0290 PM,0
23. LISA,LISA_INIT-2,SENSOR_LISA_CONNTEST_RST,,PASS,,,,,,,,,Jan 14 2020 8:04:47.0320 PM,Jan 14 2020 8:04:47.0320 PM,0
23. LISA,LISA_INIT-2,"Disable HW mode, also turns Bonn off.",[EFIDut] sensor --sel lisa --set hw-mode false,PASS,,,,,,,,,Jan 14 2020 8:04:47.0350 PM,Jan 14 2020 8:04:47.0810 PM,.0457
23. LISA,LISA_INIT-2,Lisa Selftest,[EFIDut] sensor --sel lisa --exectest selftest,PASS,,,,,,,,,Jan 14 2020 8:04:47.0840 PM,Jan 14 2020 8:04:47.1260 PM,.0416
23. LISA,LISA_INIT-2,SENSOR_LISA_SELFTEST_STATUS,,PASS,,,,,,,,,Jan 14 2020 8:04:47.1290 PM,Jan 14 2020 8:04:47.1290 PM,0
23. LISA,LISA_INIT-2,Turn off Lisa,[EFIDut] sensor --sel lisa --turnoff,PASS,,,,,,,,,Jan 14 2020 8:04:47.1320 PM,Jan 14 2020 8:04:47.1740 PM,.0412
23. LISA,LISA_INIT-2,Run Smokey script for Lisa,"[EFIDut] smokeyshell -r;smokeyshell -f ""nandfs:\AppleInternal\Diags\Logs\Smokey\Lisa\N140\Main.lua"" -e ""initLisa([[1.8]])""",PASS,,,,,,,,,Jan 14 2020 8:04:47.1800 PM,Jan 14 2020 8:04:47.5620 PM,.3825
24. FIXTURE,,,,,,,,,,,,,Jan 14 2020 8:04:47.5660 PM,Jan 14 2020 8:04:47.7840 PM,.2181
24. FIXTURE,LISA_FORWARD,Start crown rotating forward,[Fixture] Crown forward,PASS,,,,,,,,,Jan 14 2020 8:04:47.5690 PM,Jan 14 2020 8:04:47.7830 PM,.2139
25. LISA,,,,,,,,,,,,,Jan 14 2020 8:04:47.7860 PM,Jan 14 2020 8:04:54.1550 PM,6.3697
25. LISA,LISA_FORWARD-USBFS,Make folder,[EFIDut] wait 1500;mkdir nandfs:\AppleInternal\Lisa_data\,PASS,,,,,,,,,Jan 14 2020 8:04:47.7880 PM,Jan 14 2020 8:04:49.3190 PM,1.5311
25. LISA,LISA_FORWARD-USBFS,Set the output log,[EFIDut] filelog --on nandfs:\AppleInternal\Lisa_data\DVPZM010P8KR_FORWARD_RAW.log,PASS,,,,,,,,,Jan 14 2020 8:04:49.3230 PM,Jan 14 2020 8:04:49.3770 PM,.0543
25. LISA,LISA_FORWARD-USBFS,Set consolerouter,[EFIDut] consolerouter --add --src lisa.debug.testdata --dest file,PASS,,,,,,,,,Jan 14 2020 8:04:49.3810 PM,Jan 14 2020 8:04:49.4250 PM,.0445
25. LISA,LISA_FORWARD-USBFS,Run Forward Lisa Smokey Script,"[EFIDut] smokeyshell -r;smokeyshell -f ""nandfs:\AppleInternal\Diags\Logs\Smokey\Lisa\N140\Main.lua"" -e ""startLisaTest([[FORWARD]],[[LOG]])""",PASS,,,,,,,,,Jan 14 2020 8:04:49.4290 PM,Jan 14 2020 8:04:53.2640 PM,3.8352
25. LISA,LISA_FORWARD-USBFS,LISA_FORWARD_PD0_LIGHT_MAX,,PASS,,2786,Counts,4000,0.01,,,Counts,Jan 14 2020 8:04:53.2710 PM,Jan 14 2020 8:04:53.2710 PM,0
25. LISA,LISA_FORWARD-USBFS,LISA_FORWARD_PD1_LIGHT_MAX,,PASS,,2966,Counts,4000,0.01,,,Counts,Jan 14 2020 8:04:53.2710 PM,Jan 14 2020 8:04:53.2710 PM,0
25. LISA,LISA_FORWARD-USBFS,LISA_FORWARD_PD2_LIGHT_MAX,,PASS,,3100,Counts,4000,0.01,,,Counts,Jan 14 2020 8:04:53.2710 PM,Jan 14 2020 8:04:53.2710 PM,0
25. LISA,LISA_FORWARD-USBFS,LISA_FORWARD_PD3_LIGHT_MAX,,PASS,,3209,Counts,4000,0.01,,,Counts,Jan 14 2020 8:04:53.2720 PM,Jan 14 2020 8:04:53.2720 PM,0
25. LISA,LISA_FORWARD-USBFS,LISA_FORWARD_PD4_LIGHT_MAX,,PASS,,3236,Counts,4000,0.01,,,Counts,Jan 14 2020 8:04:53.2720 PM,Jan 14 2020 8:04:53.2720 PM,0
25. LISA,LISA_FORWARD-USBFS,LISA_FORWARD_PD5_LIGHT_MAX,,PASS,,3193,Counts,4000,0.01,,,Counts,Jan 14 2020 8:04:53.2720 PM,Jan 14 2020 8:04:53.2720 PM,0
25. LISA,LISA_FORWARD-USBFS,LISA_FORWARD_PD6_LIGHT_MAX,,PASS,,3086,Counts,4000,0.01,,,Counts,Jan 14 2020 8:04:53.2720 PM,Jan 14 2020 8:04:53.2720 PM,0
25. LISA,LISA_FORWARD-USBFS,LISA_FORWARD_PD7_LIGHT_MAX,,PASS,,2963,Counts,4000,0.01,,,Counts,Jan 14 2020 8:04:53.2720 PM,Jan 14 2020 8:04:53.2720 PM,0
25. LISA,LISA_FORWARD-USBFS,LISA_FORWARD_PD0_SPAN,,PASS,,2498,Counts,3500,500,,,Counts,Jan 14 2020 8:04:53.2730 PM,Jan 14 2020 8:04:53.2730 PM,0
25. LISA,LISA_FORWARD-USBFS,LISA_FORWARD_PD1_SPAN,,PASS,,2653,Counts,3500,500,,,Counts,Jan 14 2020 8:04:53.2730 PM,Jan 14 2020 8:04:53.2730 PM,0
25. LISA,LISA_FORWARD-USBFS,LISA_FORWARD_PD2_SPAN,,PASS,,2764,Counts,3500,500,,,Counts,Jan 14 2020 8:04:53.2730 PM,Jan 14 2020 8:04:53.2730 PM,0
25. LISA,LISA_FORWARD-USBFS,LISA_FORWARD_PD3_SPAN,,PASS,,2851,Counts,3500,500,,,Counts,Jan 14 2020 8:04:53.2730 PM,Jan 14 2020 8:04:53.2730 PM,0
25. LISA,LISA_FORWARD-USBFS,LISA_FORWARD_PD4_SPAN,,PASS,,2889,Counts,3500,500,,,Counts,Jan 14 2020 8:04:53.2730 PM,Jan 14 2020 8:04:53.2730 PM,0
25. LISA,LISA_FORWARD-USBFS,LISA_FORWARD_PD5_SPAN,,PASS,,2832,Counts,3500,500,,,Counts,Jan 14 2020 8:04:53.2740 PM,Jan 14 2020 8:04:53.2740 PM,0
25. LISA,LISA_FORWARD-USBFS,LISA_FORWARD_PD6_SPAN,,PASS,,2749,Counts,3500,500,,,Counts,Jan 14 2020 8:04:53.2740 PM,Jan 14 2020 8:04:53.2740 PM,0
25. LISA,LISA_FORWARD-USBFS,LISA_FORWARD_PD7_SPAN,,PASS,,2649,Counts,3500,500,,,Counts,Jan 14 2020 8:04:53.2740 PM,Jan 14 2020 8:04:53.2740 PM,0
25. LISA,LISA_FORWARD-USBFS,LISA_FORWARD_PD_SPAN_MAX,,PASS,,2889,NA,,,,,NA,Jan 14 2020 8:04:53.2740 PM,Jan 14 2020 8:04:53.2740 PM,0
25. LISA,LISA_FORWARD-USBFS,LISA_FORWARD_PD_SPAN_MIN,,PASS,,2498,NA,,,,,NA,Jan 14 2020 8:04:53.2750 PM,Jan 14 2020 8:04:53.2750 PM,0
25. LISA,LISA_FORWARD-USBFS,LISA_FORWARD_SPAN_RATIO,,PASS,,0.8646590515749394,NA,,0.6,,,NA,Jan 14 2020 8:04:53.2750 PM,Jan 14 2020 8:04:53.2750 PM,0
25. LISA,LISA_FORWARD-USBFS,LISA_FORWARD_PD0_DARK_PEAK2PEAK,,PASS,,8,Counts,54,0.01,,,Counts,Jan 14 2020 8:04:53.2750 PM,Jan 14 2020 8:04:53.2750 PM,0
25. LISA,LISA_FORWARD-USBFS,LISA_FORWARD_PD1_DARK_PEAK2PEAK,,PASS,,9,Counts,54,0.01,,,Counts,Jan 14 2020 8:04:53.2750 PM,Jan 14 2020 8:04:53.2750 PM,0
25. LISA,LISA_FORWARD-USBFS,LISA_FORWARD_PD2_DARK_PEAK2PEAK,,PASS,,11,Counts,54,0.01,,,Counts,Jan 14 2020 8:04:53.2750 PM,Jan 14 2020 8:04:53.2750 PM,0
25. LISA,LISA_FORWARD-USBFS,LISA_FORWARD_PD3_DARK_PEAK2PEAK,,PASS,,9,Counts,54,0.01,,,Counts,Jan 14 2020 8:04:53.2760 PM,Jan 14 2020 8:04:53.2760 PM,0
25. LISA,LISA_FORWARD-USBFS,LISA_FORWARD_PD4_DARK_PEAK2PEAK,,PASS,,10,Counts,54,0.01,,,Counts,Jan 14 2020 8:04:53.2760 PM,Jan 14 2020 8:04:53.2760 PM,0
25. LISA,LISA_FORWARD-USBFS,LISA_FORWARD_PD5_DARK_PEAK2PEAK,,PASS,,10,Counts,54,0.01,,,Counts,Jan 14 2020 8:04:53.2760 PM,Jan 14 2020 8:04:53.2760 PM,0
25. LISA,LISA_FORWARD-USBFS,LISA_FORWARD_PD6_DARK_PEAK2PEAK,,PASS,,11,Counts,54,0.01,,,Counts,Jan 14 2020 8:04:53.2760 PM,Jan 14 2020 8:04:53.2760 PM,0
25. LISA,LISA_FORWARD-USBFS,LISA_FORWARD_PD7_DARK_PEAK2PEAK,,PASS,,10,Counts,54,0.01,,,Counts,Jan 14 2020 8:04:53.2770 PM,Jan 14 2020 8:04:53.2770 PM,0
25. LISA,LISA_FORWARD-USBFS,LISA_FORWARD_PD0_LIGHT_PEAK2PEAK,,PASS,,2498,Counts,4000,0.01,,,Counts,Jan 14 2020 8:04:53.2770 PM,Jan 14 2020 8:04:53.2770 PM,0
25. LISA,LISA_FORWARD-USBFS,LISA_FORWARD_PD1_LIGHT_PEAK2PEAK,,PASS,,2649,Counts,4000,0.01,,,Counts,Jan 14 2020 8:04:53.2770 PM,Jan 14 2020 8:04:53.2770 PM,0
25. LISA,LISA_FORWARD-USBFS,LISA_FORWARD_PD2_LIGHT_PEAK2PEAK,,PASS,,2761,Counts,4000,0.01,,,Counts,Jan 14 2020 8:04:53.2770 PM,Jan 14 2020 8:04:53.2770 PM,0
25. LISA,LISA_FORWARD-USBFS,LISA_FORWARD_PD3_LIGHT_PEAK2PEAK,,PASS,,2852,Counts,4000,0.01,,,Counts,Jan 14 2020 8:04:53.2770 PM,Jan 14 2020 8:04:53.2770 PM,0
25. LISA,LISA_FORWARD-USBFS,LISA_FORWARD_PD4_LIGHT_PEAK2PEAK,,PASS,,2890,Counts,4000,0.01,,,Counts,Jan 14 2020 8:04:53.2780 PM,Jan 14 2020 8:04:53.2780 PM,0
25. LISA,LISA_FORWARD-USBFS,LISA_FORWARD_PD5_LIGHT_PEAK2PEAK,,PASS,,2833,Counts,4000,0.01,,,Counts,Jan 14 2020 8:04:53.2780 PM,Jan 14 2020 8:04:53.2780 PM,0
25. LISA,LISA_FORWARD-USBFS,LISA_FORWARD_PD6_LIGHT_PEAK2PEAK,,PASS,,2751,Counts,4000,0.01,,,Counts,Jan 14 2020 8:04:53.2780 PM,Jan 14 2020 8:04:53.2780 PM,0
25. LISA,LISA_FORWARD-USBFS,LISA_FORWARD_PD7_LIGHT_PEAK2PEAK,,PASS,,2647,Counts,4000,0.01,,,Counts,Jan 14 2020 8:04:53.2780 PM,Jan 14 2020 8:04:53.2780 PM,0
25. LISA,LISA_FORWARD-USBFS,LISA_FORWARD_PD0_DARK_AVG,,PASS,,42.67,NA,200,0.1,,,NA,Jan 14 2020 8:04:53.2780 PM,Jan 14 2020 8:04:53.2780 PM,0
25. LISA,LISA_FORWARD-USBFS,LISA_FORWARD_PD1_DARK_AVG,,PASS,,50.5,NA,200,0.1,,,NA,Jan 14 2020 8:04:53.2790 PM,Jan 14 2020 8:04:53.2790 PM,0
25. LISA,LISA_FORWARD-USBFS,LISA_FORWARD_PD2_DARK_AVG,,PASS,,52.09,NA,200,0.1,,,NA,Jan 14 2020 8:04:53.2790 PM,Jan 14 2020 8:04:53.2790 PM,0
25. LISA,LISA_FORWARD-USBFS,LISA_FORWARD_PD3_DARK_AVG,,PASS,,61.339,NA,200,0.1,,,NA,Jan 14 2020 8:04:53.2790 PM,Jan 14 2020 8:04:53.2790 PM,0
25. LISA,LISA_FORWARD-USBFS,LISA_FORWARD_PD4_DARK_AVG,,PASS,,56.09,NA,200,0.1,,,NA,Jan 14 2020 8:04:53.2790 PM,Jan 14 2020 8:04:53.2790 PM,0
25. LISA,LISA_FORWARD-USBFS,LISA_FORWARD_PD5_DARK_AVG,,PASS,,70.32899999999999,NA,200,0.1,,,NA,Jan 14 2020 8:04:53.2800 PM,Jan 14 2020 8:04:53.2800 PM,0
25. LISA,LISA_FORWARD-USBFS,LISA_FORWARD_PD6_DARK_AVG,,PASS,,56.7,NA,200,0.1,,,NA,Jan 14 2020 8:04:53.2800 PM,Jan 14 2020 8:04:53.2800 PM,0
25. LISA,LISA_FORWARD-USBFS,LISA_FORWARD_PD7_DARK_AVG,,PASS,,43.8,NA,200,0.1,,,NA,Jan 14 2020 8:04:53.2800 PM,Jan 14 2020 8:04:53.2800 PM,0
25. LISA,LISA_FORWARD-USBFS,LISA_FORWARD_PD0_DARK_STD,,PASS,,1.28,Counts,10,0.01,,,Counts,Jan 14 2020 8:04:53.2800 PM,Jan 14 2020 8:04:53.2800 PM,0
25. LISA,LISA_FORWARD-USBFS,LISA_FORWARD_PD1_DARK_STD,,PASS,,1.35,Counts,10,0.01,,,Counts,Jan 14 2020 8:04:53.2810 PM,Jan 14 2020 8:04:53.2810 PM,0
25. LISA,LISA_FORWARD-USBFS,LISA_FORWARD_PD2_DARK_STD,,PASS,,1.37,Counts,10,0.01,,,Counts,Jan 14 2020 8:04:53.2810 PM,Jan 14 2020 8:04:53.2810 PM,0
25. LISA,LISA_FORWARD-USBFS,LISA_FORWARD_PD3_DARK_STD,,PASS,,1.39,Counts,10,0.01,,,Counts,Jan 14 2020 8:04:53.2810 PM,Jan 14 2020 8:04:53.2810 PM,0
25. LISA,LISA_FORWARD-USBFS,LISA_FORWARD_PD4_DARK_STD,,PASS,,1.35,Counts,10,0.01,,,Counts,Jan 14 2020 8:04:53.2810 PM,Jan 14 2020 8:04:53.2810 PM,0
25. LISA,LISA_FORWARD-USBFS,LISA_FORWARD_PD5_DARK_STD,,PASS,,1.38,Counts,10,0.01,,,Counts,Jan 14 2020 8:04:53.2810 PM,Jan 14 2020 8:04:53.2810 PM,0
25. LISA,LISA_FORWARD-USBFS,LISA_FORWARD_PD6_DARK_STD,,PASS,,1.34,Counts,10,0.01,,,Counts,Jan 14 2020 8:04:53.2820 PM,Jan 14 2020 8:04:53.2820 PM,0
25. LISA,LISA_FORWARD-USBFS,LISA_FORWARD_PD7_DARK_STD,,PASS,,1.36,Counts,10,0.01,,,Counts,Jan 14 2020 8:04:53.2820 PM,Jan 14 2020 8:04:53.2820 PM,0
25. LISA,LISA_FORWARD-USBFS,LISA_FORWARD_DRX,,PASS,,1.349,NA,3.08,1,,,NA,Jan 14 2020 8:04:53.2820 PM,Jan 14 2020 8:04:53.2820 PM,0
25. LISA,LISA_FORWARD-USBFS,Disable Lisa,"[EFIDut] smokeyshell -r;smokeyshell -f ""nandfs:\AppleInternal\Diags\Logs\Smokey\Lisa\N140\Main.lua"" -e ""DisableLisa()""",PASS,,,,,,,,,Jan 14 2020 8:04:53.2850 PM,Jan 14 2020 8:04:53.4640 PM,.1788
25. LISA,LISA_FORWARD-USBFS,Disable Lisa,[EFIDut] filelog --off,PASS,,,,,,,,,Jan 14 2020 8:04:53.4680 PM,Jan 14 2020 8:04:53.5070 PM,.039
25. LISA,LISA_FORWARD-USBFS,Disable Lisa,[EFIDut] consolerouter --rm --src lisa.debug.testdata --dest file,PASS,,,,,,,,,Jan 14 2020 8:04:53.5100 PM,Jan 14 2020 8:04:53.5590 PM,.0484
25. LISA,LISA_FORWARD-USBFS,Stop crown rorating,[Fixture] Crown Stop,PASS,,,,,,,,,Jan 14 2020 8:04:53.5630 PM,Jan 14 2020 8:04:53.5690 PM,.006
25. LISA,LISA_FORWARD-USBFS,Init Usbfs,[EFIDut] usbfs --mount,PASS,,,,,,,,,Jan 14 2020 8:04:53.5720 PM,Jan 14 2020 8:04:54.0170 PM,.4449
25. LISA,LISA_FORWARD-USBFS,Copy file to local,[EFIDut] cp -r nandfs:\AppleInternal\Lisa_data\ usbfs:\,PASS,,,,,,,,,Jan 14 2020 8:04:54.0210 PM,Jan 14 2020 8:04:54.1130 PM,.0922
25. LISA,LISA_FORWARD-USBFS,Disable Usbfs,[EFIDut] usbfs --unmount,PASS,,,,,,,,,Jan 14 2020 8:04:54.1170 PM,Jan 14 2020 8:04:54.1450 PM,.0283
25. LISA,LISA_FORWARD-USBFS,Put Data into Insight upload list,,PASS,,,,,,,,,Jan 14 2020 8:04:54.1540 PM,Jan 14 2020 8:04:54.1540 PM,0
26. POWER,,,,,,,,,,,,,Jan 14 2020 8:04:54.1620 PM,Jan 14 2020 8:04:54.2770 PM,.1158
26. POWER,INIT_PMU_READ,Read PMU ADC Values,[EFIDut] pmuadc --read temp2,PASS,,,,,,,,,Jan 14 2020 8:04:54.1650 PM,Jan 14 2020 8:04:54.2250 PM,.0603
26. POWER,INIT_PMU_READ,PMUADC_TEMP_NTC2,,PASS,,9628.811,NA,15000,3300,,,NA,Jan 14 2020 8:04:54.2280 PM,Jan 14 2020 8:04:54.2280 PM,0
26. POWER,INIT_PMU_READ,Read PMU ADC Values,[EFIDut] pmuadc --read temp4,PASS,,,,,,,,,Jan 14 2020 8:04:54.2320 PM,Jan 14 2020 8:04:54.2730 PM,.0406
26. POWER,INIT_PMU_READ,PMUADC_TEMP_NTC4,,PASS,,9797.737499999999,NA,15000,3300,,,NA,Jan 14 2020 8:04:54.2770 PM,Jan 14 2020 8:04:54.2770 PM,0
27. IMU,,,,,,,,,,,,,Jan 14 2020 8:04:54.2800 PM,Jan 14 2020 8:04:54.3300 PM,.0497
27. IMU,SET_BUBO_PFM,Set SYSTEM_TO_PMU_REQUEST_PWM to low,[EFIDut] socgpio --port 1 --pin 95 --input --nopull; socgpio --port 1 --pin 86 --input --nopull,PASS,,,,,,,,,Jan 14 2020 8:04:54.2840 PM,Jan 14 2020 8:04:54.3290 PM,.0447
28. IMU,,,,,,,,,,,,,Jan 14 2020 8:04:54.3320 PM,Jan 14 2020 8:04:54.6460 PM,.3142
28. IMU,Kobol_INIT,Init Kobol,"[EFIDut] sensor --sel accel,gyro --init",PASS,,,,,,,,,Jan 14 2020 8:04:54.3350 PM,Jan 14 2020 8:04:54.6420 PM,.3078
28. IMU,Kobol_INIT,IMU_INIT_STATUS,,PASS,,,,,,,,,Jan 14 2020 8:04:54.6460 PM,Jan 14 2020 8:04:54.6460 PM,0
29. IMU,,,,,,,,,,,,,Jan 14 2020 8:04:54.6480 PM,Jan 14 2020 8:04:54.7150 PM,.0677
29. IMU,IMU_ACCEL_ID,IMU Accel ID Information,[EFIDut] sensor --sel accel --get,PASS,,,,,,,,,Jan 14 2020 8:04:54.6500 PM,Jan 14 2020 8:04:54.7110 PM,.0608
29. IMU,IMU_ACCEL_ID,ACCEL_MANU_ID,,PASS,,,,,,,,,Jan 14 2020 8:04:54.7150 PM,Jan 14 2020 8:04:54.7150 PM,0
30. IMU,,,,,,,,,,,,,Jan 14 2020 8:04:54.7180 PM,Jan 14 2020 8:04:54.8100 PM,.0928
30. IMU,Kobol_ACCEL_ID,Evaluate condition: IMU_MANU_ID CONTAINS '0x00E4',,PASS,,,,,,,,,Jan 14 2020 8:04:54.7190 PM,Jan 14 2020 8:04:54.7200 PM,.0001
30. IMU,Kobol_ACCEL_ID,Kobol Accel ID Information,[EFIDut] sensor --sel accel --get,PASS,,,,,,,,,Jan 14 2020 8:04:54.7240 PM,Jan 14 2020 8:04:54.7830 PM,.0592
30. IMU,Kobol_ACCEL_ID,Evaluate condition: IMU_MANU_ID CONTAINS '0x00E4'-2,,PASS,,,,,,,,,Jan 14 2020 8:04:54.7850 PM,Jan 14 2020 8:04:54.7860 PM,.0001
30. IMU,Kobol_ACCEL_ID,IMU_MANU_ID,,PASS,,,,,,,,,Jan 14 2020 8:04:54.7890 PM,Jan 14 2020 8:04:54.7890 PM,0
30. IMU,Kobol_ACCEL_ID,Evaluate condition: IMU_MANU_ID CONTAINS '0x00E4'-3,,PASS,,,,,,,,,Jan 14 2020 8:04:54.7910 PM,Jan 14 2020 8:04:54.7910 PM,0
30. IMU,Kobol_ACCEL_ID,IMU_CHIP_ID,,PASS,,,,,,,,,Jan 14 2020 8:04:54.7940 PM,Jan 14 2020 8:04:54.7940 PM,0
30. IMU,Kobol_ACCEL_ID,Evaluate condition: IMU_MANU_ID CONTAINS '0x00E4'-4,,PASS,,,,,,,,,Jan 14 2020 8:04:54.7960 PM,Jan 14 2020 8:04:54.7960 PM,0
30. IMU,Kobol_ACCEL_ID,IMU_REV_ID,,PASS,,,,,,,,,Jan 14 2020 8:04:54.7990 PM,Jan 14 2020 8:04:54.7990 PM,0
30. IMU,Kobol_ACCEL_ID,Evaluate condition: IMU_MANU_ID CONTAINS '0x00E4'-5,,PASS,,,,,,,,,Jan 14 2020 8:04:54.8010 PM,Jan 14 2020 8:04:54.8010 PM,0
30. IMU,Kobol_ACCEL_ID,IMU_MEMS_ID,,PASS,,,,,,,,,Jan 14 2020 8:04:54.8040 PM,Jan 14 2020 8:04:54.8040 PM,0
30. IMU,Kobol_ACCEL_ID,Evaluate condition: IMU_MANU_ID CONTAINS '0x00E4'-6,,PASS,,,,,,,,,Jan 14 2020 8:04:54.8060 PM,Jan 14 2020 8:04:54.8060 PM,0
30. IMU,Kobol_ACCEL_ID,IMU_ASIC_ID,,PASS,,,,,,,,,Jan 14 2020 8:04:54.8100 PM,Jan 14 2020 8:04:54.8100 PM,0
31. IMU,,,,,,,,,,,,,Jan 14 2020 8:04:54.8140 PM,Jan 14 2020 8:04:55.0820 PM,.2681
31. IMU,Kobol_GYRO_DRIVE_FREQ_MEAS,Evaluate condition: IMU_MANU_ID CONTAINS '0x00E4',,PASS,,,,,,,,,Jan 14 2020 8:04:54.8150 PM,Jan 14 2020 8:04:54.8150 PM,0
31. IMU,Kobol_GYRO_DRIVE_FREQ_MEAS,Measure gyro drive frequency,[EFIDut] sensor -s gyro --exectest drive_freq_measurement,PASS,,,,,,,,,Jan 14 2020 8:04:54.8190 PM,Jan 14 2020 8:04:55.0710 PM,.2511
31. IMU,Kobol_GYRO_DRIVE_FREQ_MEAS,Evaluate condition: IMU_MANU_ID CONTAINS '0x00E4'-2,,PASS,,,,,,,,,Jan 14 2020 8:04:55.0730 PM,Jan 14 2020 8:04:55.0730 PM,0
31. IMU,Kobol_GYRO_DRIVE_FREQ_MEAS,GYRO_Drive_Freq_pos,,PASS,,25.19,NA,,,,,,Jan 14 2020 8:04:55.0760 PM,Jan 14 2020 8:04:55.0760 PM,0
31. IMU,Kobol_GYRO_DRIVE_FREQ_MEAS,Evaluate condition: IMU_MANU_ID CONTAINS '0x00E4'-3,,PASS,,,,,,,,,Jan 14 2020 8:04:55.0780 PM,Jan 14 2020 8:04:55.0780 PM,0
31. IMU,Kobol_GYRO_DRIVE_FREQ_MEAS,GYRO_Drive_Freq_vel,,PASS,,25.199999,NA,,,,,,Jan 14 2020 8:04:55.0810 PM,Jan 14 2020 8:04:55.0810 PM,0
32. IMU,,,,,,,,,,,,,Jan 14 2020 8:04:55.0840 PM,Jan 14 2020 8:04:55.1520 PM,.0682
32. IMU,IMU_Connectivity,Kobol Accel Connectivity,[EFIDut] sensor --sel accel --c,PASS,,,,,,,,,Jan 14 2020 8:04:55.0860 PM,Jan 14 2020 8:04:55.1430 PM,.0562
32. IMU,IMU_Connectivity,ACCEL_INT1_CONN_TEST,,PASS,,,,,,,,,Jan 14 2020 8:04:55.1470 PM,Jan 14 2020 8:04:55.1470 PM,0
32. IMU,IMU_Connectivity,ACCEL_INT2_CONN_TEST,,PASS,,,,,,,,,Jan 14 2020 8:04:55.1510 PM,Jan 14 2020 8:04:55.1510 PM,0
33. IMU,,,,,,,,,,,,,Jan 14 2020 8:04:55.1540 PM,Jan 14 2020 8:04:55.4470 PM,.2937
33. IMU,IMU_OFF,Turnoff IMU,"[EFIDut] sensor --sel accel,gyro --turnoff; wait 200",PASS,,,,,,,,,Jan 14 2020 8:04:55.1570 PM,Jan 14 2020 8:04:55.4460 PM,.2898
34. IMU,,,,,,,,,,,,,Jan 14 2020 8:04:55.4490 PM,Jan 14 2020 8:04:55.8600 PM,.4111
34. IMU,Kobol_ACCEL_SELFTEST,Init Accel,[EFIDut] sensor --sel accel --init,PASS,,,,,,,,,Jan 14 2020 8:04:55.4520 PM,Jan 14 2020 8:04:55.6020 PM,.1499
34. IMU,Kobol_ACCEL_SELFTEST,Kobol Accel Self Test,[EFIDut] sensor --sel accel --exectest selftest,PASS,,,,,,,,,Jan 14 2020 8:04:55.6060 PM,Jan 14 2020 8:04:55.8570 PM,.2511
34. IMU,Kobol_ACCEL_SELFTEST,Kobol_Accel_SelfTest,,PASS,,,,,,,,,Jan 14 2020 8:04:55.8600 PM,Jan 14 2020 8:04:55.8600 PM,0
35. IMU,,,,,,,,,,,,,Jan 14 2020 8:04:55.8620 PM,Jan 14 2020 8:04:57.8540 PM,1.9917
35. IMU,IMU_Combo_LPNM25_BUBO_PFM,Init accelerometer and gyro,"[EFIDut] sensor --sel accel,gyro --init",PASS,,,,,,,,,Jan 14 2020 8:04:55.8650 PM,Jan 14 2020 8:04:56.1740 PM,.3092
35. IMU,IMU_Combo_LPNM25_BUBO_PFM,Enter gyro low power mode,[EFIDut] socgpio --port 1 --pin 95 --input --nopull; socgpio --port 1 --pin 86 --input --nopull,PASS,,,,,,,,,Jan 14 2020 8:04:56.1780 PM,Jan 14 2020 8:04:56.2280 PM,.0504
35. IMU,IMU_Combo_LPNM25_BUBO_PFM,Evaluate condition: IMU_MANU_ID CONTAINS '0x00E4',,PASS,,,,,,,,,Jan 14 2020 8:04:56.2310 PM,Jan 14 2020 8:04:56.2310 PM,0
35. IMU,IMU_Combo_LPNM25_BUBO_PFM,Enter gyro low power mode,[EFIDut] sensor --sel gyro --set lpm true,PASS,,,,,,,,,Jan 14 2020 8:04:56.2340 PM,Jan 14 2020 8:04:56.2720 PM,.038
35. IMU,IMU_Combo_LPNM25_BUBO_PFM,Evaluate condition: IMU_MANU_ID CONTAINS '0x00E4'-2,,PASS,,,,,,,,,Jan 14 2020 8:04:56.2740 PM,Jan 14 2020 8:04:56.2740 PM,0
35. IMU,IMU_Combo_LPNM25_BUBO_PFM,Set gyro LPM duty cycle to 25 percent,[EFIDut] sensor --sel gyro --set lpm_duty_cycle 25,PASS,,,,,,,,,Jan 14 2020 8:04:56.2780 PM,Jan 14 2020 8:04:56.3170 PM,.0393
35. IMU,IMU_Combo_LPNM25_BUBO_PFM,Evaluate condition: IMU_MANU_ID CONTAINS '0x00E4'-3,,PASS,,,,,,,,,Jan 14 2020 8:04:56.3200 PM,Jan 14 2020 8:04:56.3200 PM,0
35. IMU,IMU_Combo_LPNM25_BUBO_PFM,Set accel/gyro dynamic range to 32g/2000dps,[EFIDut] sensor --sel accel --set dynamic_range 32; sensor --sel gyro --set dynamic_range 2000,PASS,,,,,,,,,Jan 14 2020 8:04:56.3230 PM,Jan 14 2020 8:04:56.4970 PM,.1736
35. IMU,IMU_Combo_LPNM25_BUBO_PFM,Evaluate condition: IMU_MANU_ID CONTAINS '0x00E4'-4,,PASS,,,,,,,,,Jan 14 2020 8:04:56.4990 PM,Jan 14 2020 8:04:56.4990 PM,0
35. IMU,IMU_Combo_LPNM25_BUBO_PFM,Set accel/gyro ODR to 800Hz,[EFIDut] sensor --sel accel --set rate 800; sensor --sel gyro --set rate 800,PASS,,,,,,,,,Jan 14 2020 8:04:56.5020 PM,Jan 14 2020 8:04:56.6360 PM,.1341
35. IMU,IMU_Combo_LPNM25_BUBO_PFM,Evaluate condition: IMU_MANU_ID CONTAINS '0x00E4'-5,,PASS,,,,,,,,,Jan 14 2020 8:04:56.6390 PM,Jan 14 2020 8:04:56.6390 PM,0
35. IMU,IMU_Combo_LPNM25_BUBO_PFM,Set accel/gyro BW to 50Hz/100Hz,[EFIDut] sensor --sel accel --set bw 50; sensor --sel gyro --set bw 100,PASS,,,,,,,,,Jan 14 2020 8:04:56.6420 PM,Jan 14 2020 8:04:56.7760 PM,.134
35. IMU,IMU_Combo_LPNM25_BUBO_PFM,Evaluate condition: IMU_MANU_ID CONTAINS '0x00E4'-6,,PASS,,,,,,,,,Jan 14 2020 8:04:56.7790 PM,Jan 14 2020 8:04:56.7790 PM,0
35. IMU,IMU_Combo_LPNM25_BUBO_PFM,Set accel/gyro filter rolloff to -60dB/-20dB,[EFIDut] sensorreg --sel accel --write 0x19 0x00; sensorreg --sel gyro --write 0x1B 0x08,PASS,,,,,,,,,Jan 14 2020 8:04:56.7820 PM,Jan 14 2020 8:04:56.8370 PM,.055
35. IMU,IMU_Combo_LPNM25_BUBO_PFM,"Evaluate condition: IMU_MANU_ID == ""null""",,PASS,,,,,,,,,Jan 14 2020 8:04:56.8400 PM,Jan 14 2020 8:04:56.8400 PM,0
35. IMU,IMU_Combo_LPNM25_BUBO_PFM,Set accel/gyro ODR to 200Hz,"Action[8]: EFIDut:sendCommand-Skip action because Condition not met-Condition: IMU_MANU_ID == ""null""",PASS,,,,,,,,,Jan 14 2020 8:04:56.8410 PM,Jan 14 2020 8:04:56.8410 PM,0
35. IMU,IMU_Combo_LPNM25_BUBO_PFM,Evaluate condition: ACCEL_LOT_INFO CONTAINS 'G6H948',,PASS,,,,,,,,,Jan 14 2020 8:04:56.8420 PM,Jan 14 2020 8:04:56.8420 PM,0
35. IMU,IMU_Combo_LPNM25_BUBO_PFM,Set accel/gyro dynamic range to 128g/2000dps,Action[9]: EFIDut:sendCommand-Skip action because Condition not met-Condition: ACCEL_LOT_INFO CONTAINS 'G6H948',PASS,,,,,,,,,Jan 14 2020 8:04:56.8430 PM,Jan 14 2020 8:04:56.8430 PM,0
35. IMU,IMU_Combo_LPNM25_BUBO_PFM,Evaluate condition: ACCEL_LOT_INFO CONTAINS 'G6H931',,PASS,,,,,,,,,Jan 14 2020 8:04:56.8450 PM,Jan 14 2020 8:04:56.8450 PM,0
35. IMU,IMU_Combo_LPNM25_BUBO_PFM,Set accel/gyro dynamic range to 16g/2000dps,Action[10]: EFIDut:sendCommand-Skip action because Condition not met-Condition: ACCEL_LOT_INFO CONTAINS 'G6H931',PASS,,,,,,,,,Jan 14 2020 8:04:56.8460 PM,Jan 14 2020 8:04:56.8460 PM,0
35. IMU,IMU_Combo_LPNM25_BUBO_PFM,"Evaluate condition: IMU_MANU_ID == ""null""-2",,PASS,,,,,,,,,Jan 14 2020 8:04:56.8470 PM,Jan 14 2020 8:04:56.8470 PM,0
35. IMU,IMU_Combo_LPNM25_BUBO_PFM,Set accel/gyro BW to 50Hz/100Hz,"Action[11]: EFIDut:sendCommand-Skip action because Condition not met-Condition: IMU_MANU_ID == ""null""",PASS,,,,,,,,,Jan 14 2020 8:04:56.8480 PM,Jan 14 2020 8:04:56.8480 PM,0
35. IMU,IMU_Combo_LPNM25_BUBO_PFM,"Evaluate condition: IMU_MANU_ID == ""null""-3",,PASS,,,,,,,,,Jan 14 2020 8:04:56.8500 PM,Jan 14 2020 8:04:56.8500 PM,0
35. IMU,IMU_Combo_LPNM25_BUBO_PFM,Set accel/gyro filter rolloff to -60dB/-20dB,"Action[12]: EFIDut:sendCommand-Skip action because Condition not met-Condition: IMU_MANU_ID == ""null""",PASS,,,,,,,,,Jan 14 2020 8:04:56.8510 PM,Jan 14 2020 8:04:56.8510 PM,0
35. IMU,IMU_Combo_LPNM25_BUBO_PFM,Enter BG quiesce,[EFIDut] event -s enter-bg-quiesce,PASS,,,,,,,,,Jan 14 2020 8:04:56.8530 PM,Jan 14 2020 8:04:56.9970 PM,.1435
35. IMU,IMU_Combo_LPNM25_BUBO_PFM,Collect 500ms of accelerometer and gyro data,"[EFIDut] sensor --sel accel,gyro --sample 500ms --stats --quiet",PASS,,,,,,,,,Jan 14 2020 8:04:57.0010 PM,Jan 14 2020 8:04:57.6590 PM,.6588
35. IMU,IMU_Combo_LPNM25_BUBO_PFM,"Evaluate condition: IMU_MANU_ID == ""null""-4",,PASS,,,,,,,,,Jan 14 2020 8:04:57.6640 PM,Jan 14 2020 8:04:57.6640 PM,0
35. IMU,IMU_Combo_LPNM25_BUBO_PFM,IMU_Combo_LPNM25_BUBO_PFM,"Action[16]: Rush:setACCEL_2-Skip action because Condition not met-Condition: IMU_MANU_ID == ""null""",PASS,,,,,,,,,Jan 14 2020 8:04:57.6650 PM,Jan 14 2020 8:04:57.6650 PM,0
35. IMU,IMU_Combo_LPNM25_BUBO_PFM,Combo_LPNM25_PFM_onPUCK_accel_average_x,,PASS,,0.017151,g,0.118,-0.118,,,g,Jan 14 2020 8:04:57.6680 PM,Jan 14 2020 8:04:57.6680 PM,0
35. IMU,IMU_Combo_LPNM25_BUBO_PFM,Combo_LPNM25_PFM_onPUCK_accel_average_y,,PASS,,0.004259,g,0.118,-0.118,,,g,Jan 14 2020 8:04:57.6690 PM,Jan 14 2020 8:04:57.6690 PM,0
35. IMU,IMU_Combo_LPNM25_BUBO_PFM,Combo_LPNM25_PFM_onPUCK_accel_average_z,,PASS,,0.987395,g,1.118,0.882,,,g,Jan 14 2020 8:04:57.6690 PM,Jan 14 2020 8:04:57.6690 PM,0
35. IMU,IMU_Combo_LPNM25_BUBO_PFM,Combo_LPNM25_PFM_onPUCK_accel_stdev_x,,PASS,,0.001044,g-rms,0.05,1e-05,,,g-rms,Jan 14 2020 8:04:57.6690 PM,Jan 14 2020 8:04:57.6690 PM,0
35. IMU,IMU_Combo_LPNM25_BUBO_PFM,Combo_LPNM25_PFM_onPUCK_accel_stdev_y,,PASS,,0.00103,g-rms,0.05,1e-05,,,g-rms,Jan 14 2020 8:04:57.6690 PM,Jan 14 2020 8:04:57.6690 PM,0
35. IMU,IMU_Combo_LPNM25_BUBO_PFM,Combo_LPNM25_PFM_onPUCK_accel_stdev_z,,PASS,,0.001077,g-rms,0.05,1e-05,,,g-rms,Jan 14 2020 8:04:57.6690 PM,Jan 14 2020 8:04:57.6690 PM,0
35. IMU,IMU_Combo_LPNM25_BUBO_PFM,Combo_LPNM25_PFM_onPUCK_gyro_average_x,,PASS,,0.305024,dps,25,-25,,,dps,Jan 14 2020 8:04:57.6700 PM,Jan 14 2020 8:04:57.6700 PM,0
35. IMU,IMU_Combo_LPNM25_BUBO_PFM,Combo_LPNM25_PFM_onPUCK_gyro_average_y,,PASS,,0.073363,dps,25,-25,,,dps,Jan 14 2020 8:04:57.6700 PM,Jan 14 2020 8:04:57.6700 PM,0
35. IMU,IMU_Combo_LPNM25_BUBO_PFM,Combo_LPNM25_PFM_onPUCK_gyro_average_z,,PASS,,0.258295,dps,25,-25,,,dps,Jan 14 2020 8:04:57.6700 PM,Jan 14 2020 8:04:57.6700 PM,0
35. IMU,IMU_Combo_LPNM25_BUBO_PFM,Combo_LPNM25_PFM_onPUCK_gyro_stdev_x,,PASS,,0.118401,dps-rms,,1e-05,,,dps-rms,Jan 14 2020 8:04:57.6700 PM,Jan 14 2020 8:04:57.6700 PM,0
35. IMU,IMU_Combo_LPNM25_BUBO_PFM,Combo_LPNM25_PFM_onPUCK_gyro_stdev_y,,PASS,,0.135372,dps-rms,,1e-05,,,dps-rms,Jan 14 2020 8:04:57.6700 PM,Jan 14 2020 8:04:57.6700 PM,0
35. IMU,IMU_Combo_LPNM25_BUBO_PFM,Combo_LPNM25_PFM_onPUCK_gyro_stdev_z,,PASS,,0.106784,dps-rms,,1e-05,,,dps-rms,Jan 14 2020 8:04:57.6710 PM,Jan 14 2020 8:04:57.6710 PM,0
35. IMU,IMU_Combo_LPNM25_BUBO_PFM,Combo_LPNM25_PFM_onPUCK_gyro_odr,,PASS,,799.833217,Hz,880,720,,,Hz,Jan 14 2020 8:04:57.6710 PM,Jan 14 2020 8:04:57.6710 PM,0
35. IMU,IMU_Combo_LPNM25_BUBO_PFM,Combo_LPNM25_PFM_onPUCK_gyro_temp,,PASS,,26.765321,C,,5,,,C,Jan 14 2020 8:04:57.6710 PM,Jan 14 2020 8:04:57.6710 PM,0
35. IMU,IMU_Combo_LPNM25_BUBO_PFM,Leave BG quiesce,[EFIDut] event -s leave-bg-quiesce,PASS,,,,,,,,,Jan 14 2020 8:04:57.6740 PM,Jan 14 2020 8:04:57.7070 PM,.033
35. IMU,IMU_Combo_LPNM25_BUBO_PFM,Evaluate condition: IMU_MANU_ID CONTAINS '0x00E4'-7,,PASS,,,,,,,,,Jan 14 2020 8:04:57.7100 PM,Jan 14 2020 8:04:57.7100 PM,0
35. IMU,IMU_Combo_LPNM25_BUBO_PFM,Exit gyro low noise mode,[EFIDut] sensor --sel gyro --set lpm false,PASS,,,,,,,,,Jan 14 2020 8:04:57.7130 PM,Jan 14 2020 8:04:57.7600 PM,.0468
35. IMU,IMU_Combo_LPNM25_BUBO_PFM,Turn off accelerometer and gyro,"[EFIDut] sensor --sel accel,gyro --turnoff",PASS,,,,,,,,,Jan 14 2020 8:04:57.7640 PM,Jan 14 2020 8:04:57.8530 PM,.0891
36. PRESSURE,,,,,,,,,,,,,Jan 14 2020 8:04:57.8580 PM,Jan 14 2020 8:05:00.5310 PM,2.6731
36. PRESSURE,POTASSIUM,Init Potassium,[EFIDut] sensor --sel pressure2 --init,PASS,,,,,,,,,Jan 14 2020 8:04:57.8610 PM,Jan 14 2020 8:04:57.9080 PM,.0468
36. PRESSURE,POTASSIUM,POTASSIUM_INIT_STATUS,,PASS,,,,,,,,,Jan 14 2020 8:04:57.9120 PM,Jan 14 2020 8:04:57.9120 PM,0
36. PRESSURE,POTASSIUM,Check Pressure Chip_ID,[EFIDut] sensor -s pressure2 --get chip_id,PASS,,,,,,,,,Jan 14 2020 8:04:57.9150 PM,Jan 14 2020 8:04:57.9560 PM,.0405
36. PRESSURE,POTASSIUM,PRESSURE_CHIP_ID,,PASS,,,,,,,,,Jan 14 2020 8:04:57.9590 PM,Jan 14 2020 8:04:57.9590 PM,0
36. PRESSURE,POTASSIUM,Dump Potassium Registers,[EFIDut] sensorreg -s pressure2 --dump,PASS,,,,,,,,,Jan 14 2020 8:04:57.9620 PM,Jan 14 2020 8:04:58.0260 PM,.0637
36. PRESSURE,POTASSIUM,Evaluate condition: PRESSURE_CHIP_ID!='0x30' && PRESSURE_CHIP_ID!='0x28',,PASS,,,,,,,,,Jan 14 2020 8:04:58.0280 PM,Jan 14 2020 8:04:58.0280 PM,.0001
36. PRESSURE,POTASSIUM,IN_PR_Chip_ID,,PASS,,93,NA,,,,,,Jan 14 2020 8:04:58.0320 PM,Jan 14 2020 8:04:58.0320 PM,0
36. PRESSURE,POTASSIUM,Evaluate condition: PRESSURE_CHIP_ID!='0x30' && PRESSURE_CHIP_ID!='0x28'-2,,PASS,,,,,,,,,Jan 14 2020 8:04:58.0330 PM,Jan 14 2020 8:04:58.0330 PM,0
36. PRESSURE,POTASSIUM,IN_PR_Rev_ID,,PASS,,0,NA,,,,,,Jan 14 2020 8:04:58.0370 PM,Jan 14 2020 8:04:58.0370 PM,0
36. PRESSURE,POTASSIUM,Evaluate condition: PRESSURE_CHIP_ID=='0x30',,PASS,,,,,,,,,Jan 14 2020 8:04:58.0380 PM,Jan 14 2020 8:04:58.0380 PM,0
36. PRESSURE,POTASSIUM,IN_EIGER-C_Mfg_ID,Action[7]: Rush:regexFirstMatch-Skip action because Condition not met-Condition: PRESSURE_CHIP_ID=='0x30',PASS,,,,,,,,,Jan 14 2020 8:04:58.0400 PM,Jan 14 2020 8:04:58.0400 PM,0
36. PRESSURE,POTASSIUM,Evaluate condition: PRESSURE_CHIP_ID=='0x30'-2,,PASS,,,,,,,,,Jan 14 2020 8:04:58.0410 PM,Jan 14 2020 8:04:58.0410 PM,0
36. PRESSURE,POTASSIUM,IN_PR_Chip_ID,Action[8]: Rush:regexFirstMatch-Skip action because Condition not met-Condition: PRESSURE_CHIP_ID=='0x30',PASS,,,,,,,,,Jan 14 2020 8:04:58.0420 PM,Jan 14 2020 8:04:58.0420 PM,0
36. PRESSURE,POTASSIUM,Evaluate condition: PRESSURE_CHIP_ID=='0x30'-3,,PASS,,,,,,,,,Jan 14 2020 8:04:58.0440 PM,Jan 14 2020 8:04:58.0440 PM,0
36. PRESSURE,POTASSIUM,IN_PR_Rev_ID,Action[9]: Rush:regexFirstMatch-Skip action because Condition not met-Condition: PRESSURE_CHIP_ID=='0x30',PASS,,,,,,,,,Jan 14 2020 8:04:58.0450 PM,Jan 14 2020 8:04:58.0450 PM,0
36. PRESSURE,POTASSIUM,Evaluate condition: PRESSURE_CHIP_ID=='0x28',,PASS,,,,,,,,,Jan 14 2020 8:04:58.0470 PM,Jan 14 2020 8:04:58.0470 PM,0
36. PRESSURE,POTASSIUM,IN_PR_Mfg_ID,Action[10]: Rush:regexFirstMatch-Skip action because Condition not met-Condition: PRESSURE_CHIP_ID=='0x28',PASS,,,,,,,,,Jan 14 2020 8:04:58.0480 PM,Jan 14 2020 8:04:58.0480 PM,0
36. PRESSURE,POTASSIUM,Evaluate condition: PRESSURE_CHIP_ID=='0x28'-2,,PASS,,,,,,,,,Jan 14 2020 8:04:58.0500 PM,Jan 14 2020 8:04:58.0500 PM,0
36. PRESSURE,POTASSIUM,IN_PR_Chip_ID,Action[11]: Rush:regexFirstMatch-Skip action because Condition not met-Condition: PRESSURE_CHIP_ID=='0x28',PASS,,,,,,,,,Jan 14 2020 8:04:58.0510 PM,Jan 14 2020 8:04:58.0510 PM,0
36. PRESSURE,POTASSIUM,Evaluate condition: PRESSURE_CHIP_ID=='0x28'-3,,PASS,,,,,,,,,Jan 14 2020 8:04:58.0520 PM,Jan 14 2020 8:04:58.0520 PM,0
36. PRESSURE,POTASSIUM,IN_PR_Trim_Rev,Action[12]: Rush:regexFirstMatch-Skip action because Condition not met-Condition: PRESSURE_CHIP_ID=='0x28',PASS,,,,,,,,,Jan 14 2020 8:04:58.0530 PM,Jan 14 2020 8:04:58.0530 PM,0
36. PRESSURE,POTASSIUM,Potassium Connectivty,[EFIDut] sensor --sel pressure2 --c,PASS,,,,,,,,,Jan 14 2020 8:04:58.0560 PM,Jan 14 2020 8:04:58.1000 PM,.044
36. PRESSURE,POTASSIUM,POTASSIUM_CONN_TEST_RESULT,,PASS,,,,,,,,,Jan 14 2020 8:04:58.1040 PM,Jan 14 2020 8:04:58.1040 PM,0
36. PRESSURE,POTASSIUM,Sample Potassium Data,[EFIDut] sensor --sel pressure2 --sample 50 --stats,PASS,,,,,,,,,Jan 14 2020 8:04:58.1070 PM,Jan 14 2020 8:05:00.4410 PM,2.3346
36. PRESSURE,POTASSIUM,IN_PR_odr,,PASS,,25.082511,NA,32.5,22.5,,,NA,Jan 14 2020 8:05:00.4450 PM,Jan 14 2020 8:05:00.4450 PM,0
36. PRESSURE,POTASSIUM,IN_PR_press_average,,PASS,,95.016972,kPa,110,90,,,kPa,Jan 14 2020 8:05:00.4480 PM,Jan 14 2020 8:05:00.4480 PM,0
36. PRESSURE,POTASSIUM,IN_PR_temp_average,,PASS,,23.917265,C,45,15,,,C,Jan 14 2020 8:05:00.4520 PM,Jan 14 2020 8:05:00.4520 PM,0
36. PRESSURE,POTASSIUM,FR_POTASSIUM_STD_kPA,,PASS,,0.001677,NA,,,,,NA,Jan 14 2020 8:05:00.4550 PM,Jan 14 2020 8:05:00.4550 PM,0
36. PRESSURE,POTASSIUM,IN_PR_temp_std,,PASS,,0.011814,C.rms,0.175,0,,,C.rms,Jan 14 2020 8:05:00.4580 PM,Jan 14 2020 8:05:00.4580 PM,0
36. PRESSURE,POTASSIUM,IN_PR_press_max,,PASS,,95.020645,kPa,110,90,,,kPa,Jan 14 2020 8:05:00.4610 PM,Jan 14 2020 8:05:00.4610 PM,0
36. PRESSURE,POTASSIUM,IN_PR_press_min,,PASS,,95.013229,C,110,90,,,C,Jan 14 2020 8:05:00.4640 PM,Jan 14 2020 8:05:00.4640 PM,0
36. PRESSURE,POTASSIUM,IK_Range_kPA,,PASS,,0.007415,NA,,,,,,Jan 14 2020 8:05:00.4670 PM,Jan 14 2020 8:05:00.4670 PM,0
36. PRESSURE,POTASSIUM,FR_Potassium_bad_sample,,PASS,,0,NA,0,0,,,NA,Jan 14 2020 8:05:00.4700 PM,Jan 14 2020 8:05:00.4700 PM,0
36. PRESSURE,POTASSIUM,Calculate expression: (value0*1000),,PASS,,,,,,,,,Jan 14 2020 8:05:00.4760 PM,Jan 14 2020 8:05:00.4760 PM,.0001
36. PRESSURE,POTASSIUM,IN_PR_press_std,,PASS,,1.677,kPa.rms,4.5,0.001,,,kPa.rms,Jan 14 2020 8:05:00.4770 PM,Jan 14 2020 8:05:00.4770 PM,0
36. PRESSURE,POTASSIUM,Calculate expression: (value0*1000)-2,,PASS,,,,,,,,,Jan 14 2020 8:05:00.4830 PM,Jan 14 2020 8:05:00.4830 PM,.0001
36. PRESSURE,POTASSIUM,IN_PR_range,,PASS,,7.415,Pa,200,0.001,,,Pa,Jan 14 2020 8:05:00.4840 PM,Jan 14 2020 8:05:00.4840 PM,0
36. PRESSURE,POTASSIUM,Turn OFF Sensors (Potassium),[EFIDut] sensor --sel pressure2 --turnoff,PASS,,,,,,,,,Jan 14 2020 8:05:00.4870 PM,Jan 14 2020 8:05:00.5300 PM,.0429
37. COMPASS,,,,,,,,,,,,,Jan 14 2020 8:05:00.5350 PM,Jan 14 2020 8:05:03.3520 PM,2.8173
37. COMPASS,MOLYBDENUM,Turn on compass sensor,[EFIDut] sensor --sel compass --init,PASS,,,,,,,,,Jan 14 2020 8:05:00.5380 PM,Jan 14 2020 8:05:00.5860 PM,.0478
37. COMPASS,MOLYBDENUM,COMPASS_INIT_STATUS,,PASS,,,,,,,,,Jan 14 2020 8:05:00.5890 PM,Jan 14 2020 8:05:00.5890 PM,0
37. COMPASS,MOLYBDENUM,Get compass chip info,[EFIDut] sensor --sel compass --get,PASS,,,,,,,,,Jan 14 2020 8:05:00.5930 PM,Jan 14 2020 8:05:00.6390 PM,.0461
37. COMPASS,MOLYBDENUM,COMPASS_CHIP_ID,,PASS,,,,,,,,,Jan 14 2020 8:05:00.6440 PM,Jan 14 2020 8:05:00.6440 PM,0
37. COMPASS,MOLYBDENUM,Check compass connectivity,[EFIDut] sensor --sel compass --conntest,PASS,,,,,,,,,Jan 14 2020 8:05:00.6490 PM,Jan 14 2020 8:05:00.7490 PM,.1002
37. COMPASS,MOLYBDENUM,COMPASS_CONN_STATUS,,PASS,,,,,,,,,Jan 14 2020 8:05:00.7520 PM,Jan 14 2020 8:05:00.7520 PM,0
37. COMPASS,MOLYBDENUM,Run Compass selftest,[EFIDut] sensor --sel compass --exectest selftest,PASS,,,,,,,,,Jan 14 2020 8:05:00.7550 PM,Jan 14 2020 8:05:03.3390 PM,2.584
37. COMPASS,MOLYBDENUM,Compass_Self_PMN_X,,PASS,,0,NA,,,,,,Jan 14 2020 8:05:03.3430 PM,Jan 14 2020 8:05:03.3430 PM,0
37. COMPASS,MOLYBDENUM,Compass_Self_PMN_Y,,PASS,,91.78489999999999,NA,,,,,,Jan 14 2020 8:05:03.3460 PM,Jan 14 2020 8:05:03.3460 PM,0
37. COMPASS,MOLYBDENUM,Compass_Self_PMN_Z,,PASS,,129.645,NA,,,,,,Jan 14 2020 8:05:03.3490 PM,Jan 14 2020 8:05:03.3490 PM,0
37. COMPASS,MOLYBDENUM,COMPAS_SELFTEST_STATUS,,PASS,,,,,,,,,Jan 14 2020 8:05:03.3520 PM,Jan 14 2020 8:05:03.3520 PM,0
38. COMPASS,,,,,,,,,,,,,Jan 14 2020 8:05:03.3540 PM,Jan 14 2020 8:05:03.4930 PM,.1385
38. COMPASS,QUIESCE_SYSTEM-2,Turn OFF Sensors (compass),[EFIDut] sensor --sel compass --turnoff,PASS,,,,,,,,,Jan 14 2020 8:05:03.3570 PM,Jan 14 2020 8:05:03.4000 PM,.0428
38. COMPASS,QUIESCE_SYSTEM-2,Turn OFF Sensors (lisa),[EFIDut] sensor --sel lisa --turnoff,PASS,,,,,,,,,Jan 14 2020 8:05:03.4040 PM,Jan 14 2020 8:05:03.4440 PM,.0402
38. COMPASS,QUIESCE_SYSTEM-2,Turn OFF Sensors (platinum),[EFIDut] sensor --sel platinum --turnoff,PASS,,,,,,,,,Jan 14 2020 8:05:03.4480 PM,Jan 14 2020 8:05:03.4920 PM,.0436
39. CODEC,,,,,,,,,,,,,Jan 14 2020 8:05:03.4950 PM,Jan 14 2020 8:05:03.9920 PM,.497
39. CODEC,ARDMORE_TEST,Reset and Init Ardmore (DMIC in low power mode),[EFIDut] audio -r;socgpio --port 1 --pin 103 --output 1,PASS,,,,,,,,,Jan 14 2020 8:05:03.4980 PM,Jan 14 2020 8:05:03.6150 PM,.1165
39. CODEC,ARDMORE_TEST,Enable boots1to the routeaudio,[EFIDut] audioparam --block codec --set --param enable-boost1 --value true,PASS,,,,,,,,,Jan 14 2020 8:05:03.6200 PM,Jan 14 2020 8:05:03.6610 PM,.0408
39. CODEC,ARDMORE_TEST,Read Ardmore Voltages,[EFIDut] pmuadc --read buck3;pmuadc --read ldo6;pmuadc --read appmux_in2; pmuadc --read vddout,PASS,,,,,,,,,Jan 14 2020 8:05:03.6640 PM,Jan 14 2020 8:05:03.7400 PM,.0755
39. CODEC,ARDMORE_TEST,INIT_ARDMORE_PMUADC_BUCK3_SW3A,,PASS,,1794.0057,mV,1810,1770,,,mV,Jan 14 2020 8:05:03.7430 PM,Jan 14 2020 8:05:03.7430 PM,0
39. CODEC,ARDMORE_TEST,INIT_ARDMORE_PMUADC_LDO6,,PASS,,1796.4448,mV,1850,1750,,,mV,Jan 14 2020 8:05:03.7460 PM,Jan 14 2020 8:05:03.7460 PM,0
39. CODEC,ARDMORE_TEST,INIT_ARDMORE_PMUADC_APPMUX_IN2,,PASS,,2540.3382,mV,2750,2400,,,mV,Jan 14 2020 8:05:03.7490 PM,Jan 14 2020 8:05:03.7490 PM,0
39. CODEC,ARDMORE_TEST,INIT_ARDMORE_PMUADC_VDDOUT,,PASS,,4280.0671,mV,5000,3500,,,mV,Jan 14 2020 8:05:03.7520 PM,Jan 14 2020 8:05:03.7520 PM,0
39. CODEC,ARDMORE_TEST,Read Ardmore Currents,[EFIDut] pmuadc --read ibuck3 --stats 50;pmuadc --read ildo6 --stats 50,PASS,,,,,,,,,Jan 14 2020 8:05:03.7550 PM,Jan 14 2020 8:05:03.9280 PM,.1733
39. CODEC,ARDMORE_TEST,INIT_ARDMORE_PMUADC_IBUCK3,,PASS,,14.9567,mA,22,3,,,mA,Jan 14 2020 8:05:03.9320 PM,Jan 14 2020 8:05:03.9320 PM,0
39. CODEC,ARDMORE_TEST,INIT_ARDMORE_PMUADC_ILDO6,,PASS,,6.5345,mA,15,0,,,mA,Jan 14 2020 8:05:03.9350 PM,Jan 14 2020 8:05:03.9350 PM,0
39. CODEC,ARDMORE_TEST,Read Ardmore ATE Rev and ID,[EFIDut] audioreg -b codec -r -a 0x2001;audioreg -b codec -r -a 0x2002,PASS,,,,,,,,,Jan 14 2020 8:05:03.9380 PM,Jan 14 2020 8:05:03.9850 PM,.0476
39. CODEC,ARDMORE_TEST,ARDMORE_CHIP_ID_HI,,PASS,,,,,,,,,Jan 14 2020 8:05:03.9890 PM,Jan 14 2020 8:05:03.9890 PM,0
39. CODEC,ARDMORE_TEST,ARDMORE_CHIP_ID_LO,,PASS,,,,,,,,,Jan 14 2020 8:05:03.9920 PM,Jan 14 2020 8:05:03.9920 PM,0
40. SPAM,,,,,,,,,,,,,Jan 14 2020 8:05:03.9950 PM,Jan 14 2020 8:05:07.5760 PM,3.5813
40. SPAM,BASEBAND,EFIDut,close,PASS,,,,,,,,,Jan 14 2020 8:05:03.9970 PM,Jan 14 2020 8:05:03.9980 PM,.0003
40. SPAM,BASEBAND,Evaluate condition: (DUT_TYPE CONTAINS 'N142') && (MLB_CFG!='KR11') && (MLB_CFG!='KR31') && (MLB_CFG!='KR21') && (MLB_CFG!='KR41'),,PASS,,,,,,,,,Jan 14 2020 8:05:04.0000 PM,Jan 14 2020 8:05:04.0000 PM,.0001
40. SPAM,BASEBAND,Enable SPAM Debug Power,/Users/gdlocal/scripts/spamtool dbgpwron /dev/cu.usbserial-A908X8CJ,PASS,,,,,,,,,Jan 14 2020 8:05:05.5120 PM,Jan 14 2020 8:05:05.5120 PM,0
40. SPAM,BASEBAND,Evaluate condition: (DUT_TYPE CONTAINS 'N142') && (MLB_CFG!='KR11') && (MLB_CFG!='KR31') && (MLB_CFG!='KR21') && (MLB_CFG!='KR41')-2,,PASS,,,,,,,,,Jan 14 2020 8:05:05.5140 PM,Jan 14 2020 8:05:05.5140 PM,.0001
40. SPAM,BASEBAND,Delay 2000ms,,PASS,,,,,,,,,Jan 14 2020 8:05:05.5160 PM,Jan 14 2020 8:05:05.5160 PM,0
40. SPAM,BASEBAND,EFIDut,open,PASS,,,,,,,,,Jan 14 2020 8:05:07.5220 PM,Jan 14 2020 8:05:07.5750 PM,.0523
41. SENSOR,,,,,,,,,,,,,Jan 14 2020 8:05:07.5780 PM,Jan 14 2020 8:05:09.6430 PM,2.0647
41. SENSOR,CARNELIAN,Initialize Carnelian,[EFIDut] sensor --sel platinum --init;,PASS,,,,,,,,,Jan 14 2020 8:05:07.5810 PM,Jan 14 2020 8:05:09.0830 PM,1.5026
41. SENSOR,CARNELIAN,Set up Carnelian,[EFIDut] sensorreg -s platinum --write 0xC2 0x0000; sensorreg -s platinum --write 0xC6 0x0000,PASS,,,,,,,,,Jan 14 2020 8:05:09.0870 PM,Jan 14 2020 8:05:09.1410 PM,.0541
41. SENSOR,CARNELIAN,run bcm_test for 100ms,"[EFIDut] sensor --sel platinum -e bcm_test --testopts ""--time 100 --avg 100 --start 1""",PASS,,,,,,,,,Jan 14 2020 8:05:09.1450 PM,Jan 14 2020 8:05:09.5010 PM,.356
41. SENSOR,CARNELIAN,X1013_DCS_LON_SIG_AVG_HR00,,PASS,,288115.55,NA,,20000,,,NA,Jan 14 2020 8:05:09.5050 PM,Jan 14 2020 8:05:09.5050 PM,0
41. SENSOR,CARNELIAN,X1013_DCS_LON_SIG_AVGG_HR10,,PASS,,786332.4,NA,,20000,,,NA,Jan 14 2020 8:05:09.5080 PM,Jan 14 2020 8:05:09.5080 PM,0
41. SENSOR,CARNELIAN,X1013_DCS_LON_SIG_AVGG_HR20,,PASS,,7860099.24,NA,,20000,,,NA,Jan 14 2020 8:05:09.5110 PM,Jan 14 2020 8:05:09.5110 PM,0
41. SENSOR,CARNELIAN,X1013_DCS_LON_SIG_AVGG_HR30,,PASS,,3131169.12,NA,,20000,,,NA,Jan 14 2020 8:05:09.5140 PM,Jan 14 2020 8:05:09.5140 PM,0
41. SENSOR,CARNELIAN,X1013_DCS_LON_SIG_AVGG_HR40,,PASS,,6256410.16,NA,,20000,,,NA,Jan 14 2020 8:05:09.5170 PM,Jan 14 2020 8:05:09.5170 PM,0
41. SENSOR,CARNELIAN,X1013_DCS_LON_SIG_AVGG_HR50,,PASS,,3259112,NA,,20000,,,NA,Jan 14 2020 8:05:09.5200 PM,Jan 14 2020 8:05:09.5200 PM,0
41. SENSOR,CARNELIAN,X1013_DCS_LON_SIG_AVGG_HR01,,PASS,,269779.55,NA,,20000,,,NA,Jan 14 2020 8:05:09.5230 PM,Jan 14 2020 8:05:09.5230 PM,0
41. SENSOR,CARNELIAN,X1013_DCS_LON_SIG_AVGG_HR11,,PASS,,373593.44,NA,,20000,,,NA,Jan 14 2020 8:05:09.5260 PM,Jan 14 2020 8:05:09.5260 PM,0
41. SENSOR,CARNELIAN,X1013_DCS_LON_SIG_AVGG_HR21,,PASS,,3207057.43,NA,,20000,,,NA,Jan 14 2020 8:05:09.5290 PM,Jan 14 2020 8:05:09.5290 PM,0
41. SENSOR,CARNELIAN,X1013_DCS_LON_SIG_AVGG_HR31,,PASS,,5586938.71,NA,,20000,,,NA,Jan 14 2020 8:05:09.5320 PM,Jan 14 2020 8:05:09.5320 PM,0
41. SENSOR,CARNELIAN,X1013_DCS_LON_SIG_AVGG_HR41,,PASS,,2718257.35,NA,,20000,,,NA,Jan 14 2020 8:05:09.5350 PM,Jan 14 2020 8:05:09.5350 PM,0
41. SENSOR,CARNELIAN,X1013_DCS_LON_SIG_AVGG_HR51,,PASS,,7753989.4,NA,,20000,,,NA,Jan 14 2020 8:05:09.5380 PM,Jan 14 2020 8:05:09.5380 PM,0
41. SENSOR,CARNELIAN,platinum off,[EFIDut] sensor --sel platinum --turnoff,PASS,,,,,,,,,Jan 14 2020 8:05:09.5410 PM,Jan 14 2020 8:05:09.5850 PM,.0436
41. SENSOR,CARNELIAN,Audio off,[EFIDut] audio -f,PASS,,,,,,,,,Jan 14 2020 8:05:09.5880 PM,Jan 14 2020 8:05:09.6420 PM,.0533
42. BUTTON,,,,,,,,,,,,,Jan 14 2020 8:05:09.6450 PM,Jan 14 2020 8:05:12.3810 PM,2.7357
42. BUTTON,BUTTONS_CHECK,Check IDLE Button,[EFIDut] i2c -z 2 -d 5 0x3c 0x1907 1,PASS,,,,,,,,,Jan 14 2020 8:05:09.6480 PM,Jan 14 2020 8:05:09.6940 PM,.0462
42. BUTTON,BUTTONS_CHECK,BUTTON_1_2_STAT,,PASS,,10000111,NA,,,,,,Jan 14 2020 8:05:09.7020 PM,Jan 14 2020 8:05:09.7030 PM,0
42. BUTTON,BUTTONS_CHECK,IDLEBUTTON_1_EXPECT_1_1,,PASS,,1,NA,1,1,,,NA,Jan 14 2020 8:05:09.7030 PM,Jan 14 2020 8:05:09.7030 PM,0
42. BUTTON,BUTTONS_CHECK,IDLEBUTTON_2_EXPECT_1_1,,PASS,,1,NA,1,1,,,NA,Jan 14 2020 8:05:09.7030 PM,Jan 14 2020 8:05:09.7030 PM,0
42. BUTTON,BUTTONS_CHECK,Fixture Press Button2,[Fixture] Button2 ON,PASS,,,,,,,,,Jan 14 2020 8:05:09.7070 PM,Jan 14 2020 8:05:11.6470 PM,1.9401
42. BUTTON,BUTTONS_CHECK,Check Press Button 2,[EFIDut] pmustat btn,PASS,,,,,,,,,Jan 14 2020 8:05:11.6500 PM,Jan 14 2020 8:05:11.6910 PM,.0404
42. BUTTON,BUTTONS_CHECK,BUTTON_2_EXPECT_1_0,,PASS,,0,NA,0,0,,,NA,Jan 14 2020 8:05:11.6950 PM,Jan 14 2020 8:05:11.6950 PM,0
42. BUTTON,BUTTONS_CHECK,Fixture Release Button2,[Fixture] Button2 OFF,PASS,,,,,,,,,Jan 14 2020 8:05:11.6980 PM,Jan 14 2020 8:05:12.3340 PM,.6363
42. BUTTON,BUTTONS_CHECK,Check Release Button 2,[EFIDut] pmustat btn,PASS,,,,,,,,,Jan 14 2020 8:05:12.3380 PM,Jan 14 2020 8:05:12.3770 PM,.0389
42. BUTTON,BUTTONS_CHECK,BUTTON_2_EXPECT_1_1,,PASS,,1,NA,1,1,,,NA,Jan 14 2020 8:05:12.3800 PM,Jan 14 2020 8:05:12.3800 PM,0
43. BUTTON,,,,,,,,,,,,,Jan 14 2020 8:05:12.3830 PM,Jan 14 2020 8:05:14.3480 PM,1.9649
43. BUTTON,DOUBLE_CLICK,Configure Double Click Timing to 400ms. Note 400ms is the max setting,[EFIDut] pmureg -w 0 0x1902 0x19,PASS,,,,,,,,,Jan 14 2020 8:05:12.3860 PM,Jan 14 2020 8:05:12.4090 PM,.0229
43. BUTTON,DOUBLE_CLICK,Double Click the Button1,[Fixture] Button1 Twice,PASS,,,,,,,,,Jan 14 2020 8:05:12.4120 PM,Jan 14 2020 8:05:14.3000 PM,1.8875
43. BUTTON,DOUBLE_CLICK,Read PMU register for Double Click Event Button1,[EFIDut] pmureg -r 0 0x1902,PASS,,,,,,,,,Jan 14 2020 8:05:14.3030 PM,Jan 14 2020 8:05:14.3420 PM,.0384
43. BUTTON,DOUBLE_CLICK,PMU_BUTTON_EVENT_DET_BUTTON_1,,PASS,,,,,,,,,Jan 14 2020 8:05:14.3470 PM,Jan 14 2020 8:05:14.3470 PM,0
43. BUTTON,DOUBLE_CLICK,DOUBLE_CLICK_DET_EVENT_BUTTON_1,,PASS,,1,NA,1,1,,,NA,Jan 14 2020 8:05:14.3480 PM,Jan 14 2020 8:05:14.3480 PM,0
44. RADIO,,,,,,,,,,,,,Jan 14 2020 8:05:14.3500 PM,Jan 14 2020 8:05:14.3630 PM,.0131
44. RADIO,GERMANIUM,Evaluate condition: DUT_TYPE CONTAINS '140',,PASS,,,,,,,,,Jan 14 2020 8:05:14.3520 PM,Jan 14 2020 8:05:14.3520 PM,0
44. RADIO,GERMANIUM,Turn Germanium ON,Action[0]: EFIDut:sendCommand-Skip action because Condition not met-Condition: DUT_TYPE CONTAINS '140',PASS,,,,,,,,,Jan 14 2020 8:05:14.3530 PM,Jan 14 2020 8:05:14.3530 PM,0
44. RADIO,GERMANIUM,Evaluate condition: DUT_TYPE CONTAINS '140'-2,,PASS,,,,,,,,,Jan 14 2020 8:05:14.3540 PM,Jan 14 2020 8:05:14.3540 PM,0
44. RADIO,GERMANIUM,Germanium Test,Action[1]: EFIDut:sendCommand-Skip action because Condition not met-Condition: DUT_TYPE CONTAINS '140',PASS,,,,,,,,,Jan 14 2020 8:05:14.3550 PM,Jan 14 2020 8:05:14.3550 PM,0
44. RADIO,GERMANIUM,Evaluate condition: DUT_TYPE CONTAINS '140'-3,,PASS,,,,,,,,,Jan 14 2020 8:05:14.3570 PM,Jan 14 2020 8:05:14.3570 PM,0
44. RADIO,GERMANIUM,GPS_LOAD_FIRMWARE_COMPLETE,Action[2]: Rush:regexFirstMatch-Skip action because Condition not met-Condition: DUT_TYPE CONTAINS '140',PASS,,,,,,,,,Jan 14 2020 8:05:14.3580 PM,Jan 14 2020 8:05:14.3580 PM,0
44. RADIO,GERMANIUM,Evaluate condition: DUT_TYPE CONTAINS '140'-4,,PASS,,,,,,,,,Jan 14 2020 8:05:14.3590 PM,Jan 14 2020 8:05:14.3590 PM,0
44. RADIO,GERMANIUM,GPS_FIRMWARE_VERSION,Action[3]: Rush:regexFirstMatch-Skip action because Condition not met-Condition: DUT_TYPE CONTAINS '140',PASS,,,,,,,,,Jan 14 2020 8:05:14.3600 PM,Jan 14 2020 8:05:14.3600 PM,0
44. RADIO,GERMANIUM,Evaluate condition: DUT_TYPE CONTAINS '140'-5,,PASS,,,,,,,,,Jan 14 2020 8:05:14.3620 PM,Jan 14 2020 8:05:14.3620 PM,0
44. RADIO,GERMANIUM,Germanium Test,Action[4]: EFIDut:sendCommand-Skip action because Condition not met-Condition: DUT_TYPE CONTAINS '140',PASS,,,,,,,,,Jan 14 2020 8:05:14.3630 PM,Jan 14 2020 8:05:14.3630 PM,0
45. RADIO,,,,,,,,,,,,,Jan 14 2020 8:05:14.3650 PM,Jan 14 2020 8:05:18.3640 PM,3.999
45. RADIO,BASEBAND_1,Evaluate condition: DUT_TYPE CONTAINS '142',,PASS,,,,,,,,,Jan 14 2020 8:05:14.3670 PM,Jan 14 2020 8:05:14.3670 PM,0
45. RADIO,BASEBAND_1,Baseband Quick Test and Properties,[EFIDut] bbon;baseband --properties,PASS,,,,,,,,,Jan 14 2020 8:05:14.3700 PM,Jan 14 2020 8:05:18.3580 PM,3.9873
45. RADIO,BASEBAND_1,Evaluate condition: DUT_TYPE CONTAINS '142'-2,,PASS,,,,,,,,,Jan 14 2020 8:05:18.3600 PM,Jan 14 2020 8:05:18.3600 PM,0
45. RADIO,BASEBAND_1,BASEBAND_SERIAL_NO,,PASS,,9223372036854775807,NA,,,,,,Jan 14 2020 8:05:18.3640 PM,Jan 14 2020 8:05:18.3640 PM,0
46. RADIO,,,,,,,,,,,,,Jan 14 2020 8:05:18.3660 PM,Jan 14 2020 8:05:18.4610 PM,.0948
46. RADIO,VINYL_TEST_1,Evaluate condition: DUT_TYPE CONTAINS '142',,PASS,,,,,,,,,Jan 14 2020 8:05:18.3680 PM,Jan 14 2020 8:05:18.3680 PM,0
46. RADIO,VINYL_TEST_1,Vinyl Check Test,"[EFIDut] baseband --send_cmd ""at@vinyl:get_eid(1)""",PASS,,,,,,,,,Jan 14 2020 8:05:18.3710 PM,Jan 14 2020 8:05:18.4540 PM,.0834
46. RADIO,VINYL_TEST_1,Evaluate condition: DUT_TYPE CONTAINS '142'-2,,PASS,,,,,,,,,Jan 14 2020 8:05:18.4570 PM,Jan 14 2020 8:05:18.4570 PM,0
46. RADIO,VINYL_TEST_1,VINYL_CHECK_STATUS,,PASS,,,,,,,,,Jan 14 2020 8:05:18.4610 PM,Jan 14 2020 8:05:18.4610 PM,0
47. RADIO,,,,,,,,,,,,,Jan 14 2020 8:05:18.4630 PM,Jan 14 2020 8:05:19.0260 PM,.5635
47. RADIO,BASEBAND_2,Evaluate condition: DUT_TYPE CONTAINS '142',,PASS,,,,,,,,,Jan 14 2020 8:05:18.4640 PM,Jan 14 2020 8:05:18.4640 PM,0
47. RADIO,BASEBAND_2,init BCM ANT connection test,"[EFIDut] baseband --send_cmd ""at@xns:init()""",PASS,,,,,,,,,Jan 14 2020 8:05:18.4680 PM,Jan 14 2020 8:05:18.5790 PM,.1115
47. RADIO,BASEBAND_2,Evaluate condition: DUT_TYPE CONTAINS '142'-2,,PASS,,,,,,,,,Jan 14 2020 8:05:18.5820 PM,Jan 14 2020 8:05:18.5820 PM,0
47. RADIO,BASEBAND_2,scan BCM ANT Tunner,"[EFIDut] baseband --send at@xns:rffe_scan(1,2,0,15)",PASS,,,,,,,,,Jan 14 2020 8:05:18.5850 PM,Jan 14 2020 8:05:18.9900 PM,.4049
47. RADIO,BASEBAND_2,Evaluate condition: DUT_TYPE CONTAINS '142'-3,,PASS,,,,,,,,,Jan 14 2020 8:05:18.9930 PM,Jan 14 2020 8:05:18.9930 PM,0
47. RADIO,BASEBAND_2,TUNNER_CHECK_1,,PASS,,32,NA,32,32,,,NA,Jan 14 2020 8:05:18.9970 PM,Jan 14 2020 8:05:18.9970 PM,0
47. RADIO,BASEBAND_2,Evaluate condition: DUT_TYPE CONTAINS '142'-4,,PASS,,,,,,,,,Jan 14 2020 8:05:18.9990 PM,Jan 14 2020 8:05:18.9990 PM,0
47. RADIO,BASEBAND_2,TUNNER_CHECK_2,,PASS,,32,NA,32,32,,,NA,Jan 14 2020 8:05:19.0030 PM,Jan 14 2020 8:05:19.0030 PM,0
47. RADIO,BASEBAND_2,Evaluate condition: DUT_TYPE CONTAINS '142'-5,,PASS,,,,,,,,,Jan 14 2020 8:05:19.0050 PM,Jan 14 2020 8:05:19.0050 PM,0
47. RADIO,BASEBAND_2,TUNNER_CHECK_3,,PASS,,38,NA,38,38,,,NA,Jan 14 2020 8:05:19.0090 PM,Jan 14 2020 8:05:19.0090 PM,0
47. RADIO,BASEBAND_2,Evaluate condition: DUT_TYPE CONTAINS '142'-6,,PASS,,,,,,,,,Jan 14 2020 8:05:19.0110 PM,Jan 14 2020 8:05:19.0110 PM,0
47. RADIO,BASEBAND_2,TUNNER_CHECK_4,,PASS,,36,NA,36,36,,,NA,Jan 14 2020 8:05:19.0140 PM,Jan 14 2020 8:05:19.0140 PM,0
47. RADIO,BASEBAND_2,Evaluate condition: DUT_TYPE CONTAINS '142'-7,,PASS,,,,,,,,,Jan 14 2020 8:05:19.0160 PM,Jan 14 2020 8:05:19.0160 PM,0
47. RADIO,BASEBAND_2,TUNNER_CHECK_5,,PASS,,34,NA,34,34,,,NA,Jan 14 2020 8:05:19.0200 PM,Jan 14 2020 8:05:19.0200 PM,0
47. RADIO,BASEBAND_2,Evaluate condition: DUT_TYPE CONTAINS '142'-8,,PASS,,,,,,,,,Jan 14 2020 8:05:19.0220 PM,Jan 14 2020 8:05:19.0220 PM,0
47. RADIO,BASEBAND_2,TUNNER_CHECK_6,,PASS,,36,NA,36,36,,,NA,Jan 14 2020 8:05:19.0260 PM,Jan 14 2020 8:05:19.0260 PM,0
48. RADIO,,,,,,,,,,,,,Jan 14 2020 8:05:19.0290 PM,Jan 14 2020 8:05:19.4220 PM,.3933
48. RADIO,VINYL_TEST_2,Evaluate condition: DUT_TYPE CONTAINS '142',,PASS,,,,,,,,,Jan 14 2020 8:05:19.0300 PM,Jan 14 2020 8:05:19.0310 PM,0
48. RADIO,VINYL_TEST_2,Turn off Baseband when done,[EFIDut] baseband --off,PASS,,,,,,,,,Jan 14 2020 8:05:19.0340 PM,Jan 14 2020 8:05:19.4210 PM,.3867
49. POWER,,,,,,,,,,,,,Jan 14 2020 8:05:19.4240 PM,Jan 14 2020 8:05:19.4660 PM,.0421
49. POWER,END_QUIESCE_SYSTEM,clear the debug interrupt,[EFIDut] tristar -r '0x0d',PASS,,,,,,,,,Jan 14 2020 8:05:19.4260 PM,Jan 14 2020 8:05:19.4650 PM,.0384
50. Process,,,,,,,,,,,,,Jan 14 2020 8:05:19.4680 PM,Jan 14 2020 8:05:19.6410 PM,.1738
50. Process,SET_NVRAM,Set Auto-Boot to false,[EFIDut] nvram --set auto-boot false,PASS,,,,,,,,,Jan 14 2020 8:05:19.4700 PM,Jan 14 2020 8:05:19.4970 PM,.0266
50. Process,SET_NVRAM,NVRAM save,[EFIDut] nvram --save,PASS,,,,,,,,,Jan 14 2020 8:05:19.5000 PM,Jan 14 2020 8:05:19.6400 PM,.14
51. Process,,,,,,,,,,,,,Jan 14 2020 8:05:19.6430 PM,Jan 14 2020 8:05:19.7550 PM,.1122
51. Process,Dut Close-2,EFIDut,close,PASS,,,,,,,,,Jan 14 2020 8:05:19.6460 PM,Jan 14 2020 8:05:19.6460 PM,.0003
51. Process,Dut Close-2,Delay 100ms,,PASS,,,,,,,,,Jan 14 2020 8:05:19.6500 PM,Jan 14 2020 8:05:19.6500 PM,0
52. Process,,,,,,,,,,,,,Jan 14 2020 8:05:19.7580 PM,Jan 14 2020 8:05:19.8240 PM,.0665
52. Process,Copy Log,Create Folder,mkdir -p /Users/gdlocal/TestLog/AtlasLogs-DVPZM010P8KR-2020-01-14-200519,PASS,,,,,,,,,Jan 14 2020 8:05:19.7680 PM,Jan 14 2020 8:05:19.7730 PM,.0056
52. Process,Copy Log,Copy Attributes.csv To Folder,cp /vault/Atlas/Hyperion/Unit_1_34178D/AtlasLogs/Attributes.csv /Users/gdlocal/TestLog/AtlasLogs-DVPZM010P8KR-2020-01-14-200519/Attributes-QT0-DVPZM010P8KR.csv,PASS,,,,,,,,,Jan 14 2020 8:05:19.7750 PM,Jan 14 2020 8:05:19.7810 PM,.0055
52. Process,Copy Log,Copy Failures.csv To Folder,cp /vault/Atlas/Hyperion/Unit_1_34178D/AtlasLogs/Failures.csv /Users/gdlocal/TestLog/AtlasLogs-DVPZM010P8KR-2020-01-14-200519/Failures-QT0-DVPZM010P8KR.csv,PASS,,,,,,,,,Jan 14 2020 8:05:19.7830 PM,Jan 14 2020 8:05:19.7890 PM,.006
52. Process,Copy Log,Copy unit.log To Folder,cp /vault/Atlas/Hyperion/Unit_1_34178D/AtlasLogs/unit.log /Users/gdlocal/TestLog/AtlasLogs-DVPZM010P8KR-2020-01-14-200519/unit-QT0-DVPZM010P8KR.log,PASS,,,,,,,,,Jan 14 2020 8:05:19.7900 PM,Jan 14 2020 8:05:19.7960 PM,.0063
52. Process,Copy Log,Copy pdcaSummary.csv To Folder,cp /vault/Atlas/Hyperion/Unit_1_34178D/AtlasLogs/Plugins/DRCB/pdcaSummary.csv /Users/gdlocal/TestLog/AtlasLogs-DVPZM010P8KR-2020-01-14-200519/pdcaSummary-QT0-DVPZM010P8KR.csv,PASS,,,,,,,,,Jan 14 2020 8:05:19.7980 PM,Jan 14 2020 8:05:19.8050 PM,.0073
52. Process,Copy Log,Copy rawuart.log To Folder,cp /vault/Atlas/Hyperion/Unit_1_34178D/AtlasLogs/Plugins/EFIDut/rawuart.log /Users/gdlocal/TestLog/AtlasLogs-DVPZM010P8KR-2020-01-14-200519/rawuart-QT0-DVPZM010P8KR.log,PASS,,,,,,,,,Jan 14 2020 8:05:19.8080 PM,Jan 14 2020 8:05:19.8140 PM,.0068
52. Process,Copy Log,Copy gh_station_info.json To Folder,cp /vault/data_collection/test_station_config/gh_station_info.json /Users/gdlocal/TestLog/AtlasLogs-DVPZM010P8KR-2020-01-14-200519/QT0-DVPZM010P8KR-gh_station_info.json,PASS,,,,,,,,,Jan 14 2020 8:05:19.8160 PM,Jan 14 2020 8:05:19.8210 PM,.0051
52. Process,Copy Log,DRCB,AddBlob,PASS,,,,,,,,,Jan 14 2020 8:05:19.8230 PM,Jan 14 2020 8:05:19.8230 PM,.0002
53. Process,,,,,,,,,,,,,Jan 14 2020 8:05:19.8270 PM,Jan 14 2020 8:05:20.6350 PM,.8081
53. Process,Finish DRCB,DRCB,Finish,PASS,,,,,,,,,Jan 14 2020 8:05:19.8320 PM,Jan 14 2020 8:05:20.6340 PM,.8015
54. Process,,,,,,,,,,,,,Jan 14 2020 8:05:20.6370 PM,Jan 14 2020 8:05:23.9600 PM,3.3225
54. Process,TEST_END,EFIDut,open,PASS,,,,,,,,,Jan 14 2020 8:05:20.6410 PM,Jan 14 2020 8:05:20.7060 PM,.0649
54. Process,TEST_END,Evaluate condition: DUT_TYPE CONTAINS 'N140',,PASS,,,,,,,,,Jan 14 2020 8:05:20.7080 PM,Jan 14 2020 8:05:20.7080 PM,0
54. Process,TEST_END,TEST_END,Action[1]: EFIDut:sendCommand-Skip action because Condition not met-Condition: DUT_TYPE CONTAINS 'N140',PASS,,,,,,,,,Jan 14 2020 8:05:20.7090 PM,Jan 14 2020 8:05:20.7090 PM,0
54. Process,TEST_END,TEST_END,[EFIDut] shutdown,PASS,,,,,,,,,Jan 14 2020 8:05:20.7120 PM,Jan 14 2020 8:05:21.7320 PM,1.0196
54. Process,TEST_END,TEST_END,[Fixture] Reset,PASS,,,,,,,,,Jan 14 2020 8:05:21.7360 PM,Jan 14 2020 8:05:23.9540 PM,2.2178
54. Process,TEST_END,EFIDut,close,PASS,,,,,,,,,Jan 14 2020 8:05:23.9580 PM,Jan 14 2020 8:05:23.9580 PM,.0003
