Test,Plugin,Command,Status,Info,Start Time,End Time,Duration (s)
,StationUtils,checkPredicateFormat,PASS,,Jan 14 2020 8:04:28.6700 PM,Jan 14 2020 8:04:28.6700 PM,.0004
,StationUtils,checkPredicateFormat,PASS,,Jan 14 2020 8:04:28.6730 PM,Jan 14 2020 8:04:28.6740 PM,.0004
,StationUtils,checkPredicateFormat,PASS,,Jan 14 2020 8:04:28.6790 PM,Jan 14 2020 8:04:28.6790 PM,.0003
,StationUtils,checkPredicateFormat,PASS,,Jan 14 2020 8:04:28.6820 PM,Jan 14 2020 8:04:28.6830 PM,.0003
,StationUtils,checkPredicateFormat,PASS,,Jan 14 2020 8:04:28.7140 PM,Jan 14 2020 8:04:28.7150 PM,.0003
,StationUtils,checkPredicateFormat,PASS,,Jan 14 2020 8:04:28.7180 PM,Jan 14 2020 8:04:28.7180 PM,.0003
,StationUtils,checkPredicateFormat,PASS,,Jan 14 2020 8:04:28.7440 PM,Jan 14 2020 8:04:28.7440 PM,.0004
,StationUtils,checkPredicateFormat,PASS,,Jan 14 2020 8:04:28.9280 PM,Jan 14 2020 8:04:28.9280 PM,.0003
,StationUtils,checkPredicateFormat,PASS,,Jan 14 2020 8:04:28.9310 PM,Jan 14 2020 8:04:28.9310 PM,.0004
,StationUtils,checkPredicateFormat,PASS,,Jan 14 2020 8:04:28.9350 PM,Jan 14 2020 8:04:28.9350 PM,.0003
,StationUtils,checkPredicateFormat,PASS,,Jan 14 2020 8:04:28.9380 PM,Jan 14 2020 8:04:28.9380 PM,.0003
,StationUtils,checkPredicateFormat,PASS,,Jan 14 2020 8:04:28.9410 PM,Jan 14 2020 8:04:28.9420 PM,.0005
,StationUtils,checkPredicateFormat,PASS,,Jan 14 2020 8:04:28.9450 PM,Jan 14 2020 8:04:28.9450 PM,.0003
,StationUtils,checkPredicateFormat,PASS,,Jan 14 2020 8:04:28.9490 PM,Jan 14 2020 8:04:28.9490 PM,.0003
,StationUtils,checkPredicateFormat,PASS,,Jan 14 2020 8:04:28.9520 PM,Jan 14 2020 8:04:28.9520 PM,.0003
,StationUtils,checkPredicateFormat,PASS,,Jan 14 2020 8:04:28.9550 PM,Jan 14 2020 8:04:28.9560 PM,.0004
,StationUtils,checkPredicateFormat,PASS,,Jan 14 2020 8:04:28.9600 PM,Jan 14 2020 8:04:28.9600 PM,.0004
,StationUtils,checkPredicateFormat,PASS,,Jan 14 2020 8:04:28.9640 PM,Jan 14 2020 8:04:28.9640 PM,.0003
,StationUtils,checkPredicateFormat,PASS,,Jan 14 2020 8:04:28.9670 PM,Jan 14 2020 8:04:28.9670 PM,.0003
,StationUtils,checkPredicateFormat,PASS,,Jan 14 2020 8:04:28.9710 PM,Jan 14 2020 8:04:28.9710 PM,.0003
,StationUtils,checkPredicateFormat,PASS,,Jan 14 2020 8:04:28.9870 PM,Jan 14 2020 8:04:28.9870 PM,.0003
,StationUtils,checkPredicateFormat,PASS,,Jan 14 2020 8:04:28.9900 PM,Jan 14 2020 8:04:28.9900 PM,.0003
,StationUtils,checkPredicateFormat,PASS,,Jan 14 2020 8:04:28.9930 PM,Jan 14 2020 8:04:28.9930 PM,.0003
,StationUtils,checkPredicateFormat,PASS,,Jan 14 2020 8:04:28.9960 PM,Jan 14 2020 8:04:28.9960 PM,.0003
,StationUtils,checkPredicateFormat,PASS,,Jan 14 2020 8:04:28.9990 PM,Jan 14 2020 8:04:29.0000 PM,.0003
,StationUtils,checkPredicateFormat,PASS,,Jan 14 2020 8:04:29.0020 PM,Jan 14 2020 8:04:29.0030 PM,.0003
,StationUtils,checkPredicateFormat,PASS,,Jan 14 2020 8:04:29.0050 PM,Jan 14 2020 8:04:29.0060 PM,.0006
,StationUtils,checkPredicateFormat,PASS,,Jan 14 2020 8:04:29.0090 PM,Jan 14 2020 8:04:29.0090 PM,.0003
,StationUtils,checkPredicateFormat,PASS,,Jan 14 2020 8:04:29.0120 PM,Jan 14 2020 8:04:29.0120 PM,.0003
,StationUtils,checkPredicateFormat,PASS,,Jan 14 2020 8:04:29.0150 PM,Jan 14 2020 8:04:29.0150 PM,.0003
,StationUtils,checkPredicateFormat,PASS,,Jan 14 2020 8:04:29.0180 PM,Jan 14 2020 8:04:29.0180 PM,.0003
,StationUtils,checkPredicateFormat,PASS,,Jan 14 2020 8:04:29.0250 PM,Jan 14 2020 8:04:29.0250 PM,.0003
,StationUtils,checkPredicateFormat,PASS,,Jan 14 2020 8:04:29.0310 PM,Jan 14 2020 8:04:29.0310 PM,.0003
,StationUtils,checkPredicateFormat,PASS,,Jan 14 2020 8:04:29.2120 PM,Jan 14 2020 8:04:29.2120 PM,.0003
,StationUtils,checkPredicateFormat,PASS,,Jan 14 2020 8:04:29.2150 PM,Jan 14 2020 8:04:29.2160 PM,.0003
,StationUtils,checkPredicateFormat,PASS,,Jan 14 2020 8:04:29.2690 PM,Jan 14 2020 8:04:29.2690 PM,.0003
,StationUtils,checkPredicateFormat,PASS,,Jan 14 2020 8:04:29.2720 PM,Jan 14 2020 8:04:29.2720 PM,.0003
,StationUtils,checkPredicateFormat,PASS,,Jan 14 2020 8:04:29.2760 PM,Jan 14 2020 8:04:29.2760 PM,.0004
,StationUtils,checkPredicateFormat,PASS,,Jan 14 2020 8:04:29.2790 PM,Jan 14 2020 8:04:29.2790 PM,.0003
,StationUtils,checkPredicateFormat,PASS,,Jan 14 2020 8:04:29.2820 PM,Jan 14 2020 8:04:29.2830 PM,.0004
,StationUtils,checkPredicateFormat,PASS,,Jan 14 2020 8:04:29.2860 PM,Jan 14 2020 8:04:29.2860 PM,.0003
,StationUtils,checkPredicateFormat,PASS,,Jan 14 2020 8:04:29.2910 PM,Jan 14 2020 8:04:29.2910 PM,.0004
,StationUtils,checkPredicateFormat,PASS,,Jan 14 2020 8:04:29.2940 PM,Jan 14 2020 8:04:29.2950 PM,.0004
,StationUtils,checkPredicateFormat,PASS,,Jan 14 2020 8:04:29.2980 PM,Jan 14 2020 8:04:29.2980 PM,.0003
,StationUtils,checkPredicateFormat,PASS,,Jan 14 2020 8:04:29.3010 PM,Jan 14 2020 8:04:29.3010 PM,.0003
,StationUtils,checkPredicateFormat,PASS,,Jan 14 2020 8:04:29.3040 PM,Jan 14 2020 8:04:29.3050 PM,.0003
,StationUtils,checkPredicateFormat,PASS,,Jan 14 2020 8:04:29.3080 PM,Jan 14 2020 8:04:29.3080 PM,.0003
,StationUtils,checkPredicateFormat,PASS,,Jan 14 2020 8:04:29.3140 PM,Jan 14 2020 8:04:29.3140 PM,.0003
,StationUtils,checkPredicateFormat,PASS,,Jan 14 2020 8:04:29.3170 PM,Jan 14 2020 8:04:29.3180 PM,.0003
,StationUtils,checkPredicateFormat,PASS,,Jan 14 2020 8:04:29.3550 PM,Jan 14 2020 8:04:29.3550 PM,.0003
,StationUtils,checkPredicateFormat,PASS,,Jan 14 2020 8:04:29.3590 PM,Jan 14 2020 8:04:29.3590 PM,.0003
,StationUtils,checkPredicateFormat,PASS,,Jan 14 2020 8:04:29.3620 PM,Jan 14 2020 8:04:29.3620 PM,.0003
,StationUtils,checkPredicateFormat,PASS,,Jan 14 2020 8:04:29.3650 PM,Jan 14 2020 8:04:29.3660 PM,.0003
,StationUtils,checkPredicateFormat,PASS,,Jan 14 2020 8:04:29.3690 PM,Jan 14 2020 8:04:29.3690 PM,.0003
,StationUtils,checkPredicateFormat,PASS,,Jan 14 2020 8:04:29.3720 PM,Jan 14 2020 8:04:29.3720 PM,.0003
,StationUtils,checkPredicateFormat,PASS,,Jan 14 2020 8:04:29.3760 PM,Jan 14 2020 8:04:29.3760 PM,.0003
,StationUtils,checkPredicateFormat,PASS,,Jan 14 2020 8:04:29.3790 PM,Jan 14 2020 8:04:29.3790 PM,.0003
,StationUtils,checkPredicateFormat,PASS,,Jan 14 2020 8:04:29.4330 PM,Jan 14 2020 8:04:29.4330 PM,.0003
,StationUtils,checkPredicateFormat,PASS,,Jan 14 2020 8:04:29.4430 PM,Jan 14 2020 8:04:29.4430 PM,.0003
,StationUtils,checkPredicateFormat,PASS,,Jan 14 2020 8:04:29.4460 PM,Jan 14 2020 8:04:29.4460 PM,.0003
,StationUtils,checkPredicateFormat,PASS,,Jan 14 2020 8:04:29.4490 PM,Jan 14 2020 8:04:29.4490 PM,.0003
,StationUtils,checkPredicateFormat,PASS,,Jan 14 2020 8:04:29.4520 PM,Jan 14 2020 8:04:29.4530 PM,.0003
,StationUtils,checkPredicateFormat,PASS,,Jan 14 2020 8:04:29.4560 PM,Jan 14 2020 8:04:29.4560 PM,.0003
,StationUtils,checkPredicateFormat,PASS,,Jan 14 2020 8:04:29.4590 PM,Jan 14 2020 8:04:29.4590 PM,.0003
,StationUtils,checkPredicateFormat,PASS,,Jan 14 2020 8:04:29.4620 PM,Jan 14 2020 8:04:29.4630 PM,.0003
,StationUtils,checkPredicateFormat,PASS,,Jan 14 2020 8:04:29.4660 PM,Jan 14 2020 8:04:29.4660 PM,.0004
,StationUtils,checkPredicateFormat,PASS,,Jan 14 2020 8:04:29.4690 PM,Jan 14 2020 8:04:29.4700 PM,.0004
,StationUtils,checkPredicateFormat,PASS,,Jan 14 2020 8:04:29.4730 PM,Jan 14 2020 8:04:29.4730 PM,.0004
,StationUtils,checkPredicateFormat,PASS,,Jan 14 2020 8:04:29.4760 PM,Jan 14 2020 8:04:29.4760 PM,.0003
,StationUtils,checkPredicateFormat,PASS,,Jan 14 2020 8:04:29.4790 PM,Jan 14 2020 8:04:29.4800 PM,.0004
,StationUtils,checkPredicateFormat,PASS,,Jan 14 2020 8:04:29.4830 PM,Jan 14 2020 8:04:29.4830 PM,.0003
,StationUtils,checkPredicateFormat,PASS,,Jan 14 2020 8:04:29.4860 PM,Jan 14 2020 8:04:29.4870 PM,.0003
,StationUtils,checkPredicateFormat,PASS,,Jan 14 2020 8:04:29.4900 PM,Jan 14 2020 8:04:29.4900 PM,.0003
,StationUtils,checkPredicateFormat,PASS,,Jan 14 2020 8:04:29.4930 PM,Jan 14 2020 8:04:29.4930 PM,.0004
,StationUtils,checkPredicateFormat,PASS,,Jan 14 2020 8:04:29.4970 PM,Jan 14 2020 8:04:29.4970 PM,.0003
,StationUtils,checkPredicateFormat,PASS,,Jan 14 2020 8:04:29.5000 PM,Jan 14 2020 8:04:29.5000 PM,.0003
,StationUtils,checkPredicateFormat,PASS,,Jan 14 2020 8:04:29.5340 PM,Jan 14 2020 8:04:29.5340 PM,.0003
,StationUtils,checkPredicateFormat,PASS,,Jan 14 2020 8:04:29.5370 PM,Jan 14 2020 8:04:29.5380 PM,.0003
1. Process,RunCommand,RunCommandWithParameter,PASS,,Jan 14 2020 8:04:29.6860 PM,Jan 14 2020 8:04:29.6980 PM,.0115
1. Process,RunCommand,RunCommandWithParameter,PASS,,Jan 14 2020 8:04:29.6990 PM,Jan 14 2020 8:04:29.7130 PM,.0133
3. INIT,EFIDut,open,PASS,,Jan 14 2020 8:04:33.3490 PM,Jan 14 2020 8:04:33.4190 PM,.0699
3. INIT,EFIDut,syncCmdResp,PASS,,Jan 14 2020 8:04:33.4230 PM,Jan 14 2020 8:04:33.4640 PM,.041
3. INIT,EFIDut,sendCommand,PASS,,Jan 14 2020 8:04:33.4680 PM,Jan 14 2020 8:04:33.5090 PM,.041
4. FIXTURE,Fixture,changeDelimiter,PASS,,Jan 14 2020 8:04:33.5150 PM,Jan 14 2020 8:04:33.5150 PM,.0001
4. FIXTURE,Fixture,changeLineTerminator,PASS,,Jan 14 2020 8:04:33.5160 PM,Jan 14 2020 8:04:33.5160 PM,0
4. FIXTURE,Fixture,open,PASS,,Jan 14 2020 8:04:33.5180 PM,Jan 14 2020 8:04:33.5480 PM,.0297
4. FIXTURE,Fixture,read,PASS,,Jan 14 2020 8:04:33.5500 PM,Jan 14 2020 8:04:33.5720 PM,.0217
4. FIXTURE,Fixture,sendCommand,PASS,,Jan 14 2020 8:04:33.7770 PM,Jan 14 2020 8:04:35.8920 PM,2.1142
4. FIXTURE,Fixture,sendCommand,PASS,,Jan 14 2020 8:04:35.8950 PM,Jan 14 2020 8:04:36.1310 PM,.2359
5. Process,EFIDut,sendCommand,PASS,,Jan 14 2020 8:04:36.1460 PM,Jan 14 2020 8:04:36.1770 PM,.0309
6. INIT,EFIDut,sendCommand,PASS,,Jan 14 2020 8:04:36.1830 PM,Jan 14 2020 8:04:36.3200 PM,.1371
7. INIT,EFIDut,sendCommand,PASS,,Jan 14 2020 8:04:36.3250 PM,Jan 14 2020 8:04:36.3520 PM,.0263
8. INIT,EFIDut,sendCommand,PASS,,Jan 14 2020 8:04:36.3570 PM,Jan 14 2020 8:04:36.8040 PM,.4469
9. INIT,EFIDut,sendCommand,PASS,,Jan 14 2020 8:04:38.8170 PM,Jan 14 2020 8:04:38.8770 PM,.0597
9. INIT,EFIDut,sendCommand,PASS,,Jan 14 2020 8:04:38.8860 PM,Jan 14 2020 8:04:38.9970 PM,.111
9. INIT,EFIDut,sendCommand,PASS,,Jan 14 2020 8:04:39.0030 PM,Jan 14 2020 8:04:39.0450 PM,.0413
9. INIT,EFIDut,sendCommand,PASS,,Jan 14 2020 8:04:39.0510 PM,Jan 14 2020 8:04:39.0770 PM,.0259
9. INIT,EFIDut,sendCommand,PASS,,Jan 14 2020 8:04:39.0830 PM,Jan 14 2020 8:04:39.1090 PM,.0256
11. INIT,EFIDut,sendCommand,PASS,,Jan 14 2020 8:04:39.1210 PM,Jan 14 2020 8:04:39.2580 PM,.1365
11. INIT,EFIDut,sendCommand,PASS,,Jan 14 2020 8:04:39.2730 PM,Jan 14 2020 8:04:39.3200 PM,.0475
11. INIT,EFIDut,sendCommand,PASS,,Jan 14 2020 8:04:39.3300 PM,Jan 14 2020 8:04:39.4640 PM,.1348
11. INIT,EFIDut,sendCommand,PASS,,Jan 14 2020 8:04:39.4710 PM,Jan 14 2020 8:04:39.5120 PM,.041
12. POWER,EFIDut,sendCommand,PASS,,Jan 14 2020 8:04:39.5270 PM,Jan 14 2020 8:04:39.6930 PM,.1664
12. POWER,EFIDut,sendCommand,PASS,,Jan 14 2020 8:04:39.6970 PM,Jan 14 2020 8:04:39.7360 PM,.0389
12. POWER,EFIDut,sendCommand,PASS,,Jan 14 2020 8:04:39.7390 PM,Jan 14 2020 8:04:39.8300 PM,.0903
12. POWER,EFIDut,sendCommand,PASS,,Jan 14 2020 8:04:39.8330 PM,Jan 14 2020 8:04:39.8750 PM,.0412
12. POWER,EFIDut,sendCommand,PASS,,Jan 14 2020 8:04:39.8780 PM,Jan 14 2020 8:04:39.9180 PM,.0394
13. INIT,SFCSupport,getAttribute,PASS,,Jan 14 2020 8:04:39.9240 PM,Jan 14 2020 8:04:39.9480 PM,.0235
13. INIT,EFIDut,sendCommand,PASS,,Jan 14 2020 8:04:39.9540 PM,Jan 14 2020 8:04:40.0450 PM,.091
14. INIT,EFIDut,sendCommand,PASS,,Jan 14 2020 8:04:40.0510 PM,Jan 14 2020 8:04:40.0930 PM,.0424
15. Process,EFIDut,close,PASS,,Jan 14 2020 8:04:40.1090 PM,Jan 14 2020 8:04:40.1090 PM,.0004
16. Process,DRCB,startDataReporting,PASS,,Jan 14 2020 8:04:40.2270 PM,Jan 14 2020 8:04:40.2420 PM,.0159
17. Process,EFIDut,open,PASS,,Jan 14 2020 8:04:40.2520 PM,Jan 14 2020 8:04:40.3180 PM,.0659
17. Process,EFIDut,close,PASS,,Jan 14 2020 8:04:40.3220 PM,Jan 14 2020 8:04:40.3220 PM,.0004
17. Process,DRCB,startControlBits,PASS,,Jan 14 2020 8:04:40.3280 PM,Jan 14 2020 8:04:40.7140 PM,.3864
18. Process,EFIDut,open,PASS,,Jan 14 2020 8:04:40.8250 PM,Jan 14 2020 8:04:40.8870 PM,.062
18. Process,EFIDut,syncCmdResp,PASS,,Jan 14 2020 8:04:40.8910 PM,Jan 14 2020 8:04:40.9300 PM,.0395
19. INIT,EFIDut,sendCommand,PASS,,Jan 14 2020 8:04:40.9360 PM,Jan 14 2020 8:04:41.0260 PM,.0904
20. INIT,SFCSupport,getAttribute,PASS,,Jan 14 2020 8:04:41.0340 PM,Jan 14 2020 8:04:41.0370 PM,.0032
20. INIT,SFCSupport,getAttribute,PASS,,Jan 14 2020 8:04:41.0390 PM,Jan 14 2020 8:04:41.0420 PM,.0028
20. INIT,EFIDut,sendCommand,PASS,,Jan 14 2020 8:04:41.0490 PM,Jan 14 2020 8:04:41.0900 PM,.0409
20. INIT,EFIDut,sendCommand,PASS,,Jan 14 2020 8:04:41.1000 PM,Jan 14 2020 8:04:41.1540 PM,.0534
20. INIT,EFIDut,sendCommand,PASS,,Jan 14 2020 8:04:41.1570 PM,Jan 14 2020 8:04:41.2020 PM,.0445
20. INIT,SFCSupport,getAttribute,PASS,,Jan 14 2020 8:04:41.2090 PM,Jan 14 2020 8:04:41.2120 PM,.0031
20. INIT,SFCSupport,getAttribute,PASS,,Jan 14 2020 8:04:41.2140 PM,Jan 14 2020 8:04:41.2170 PM,.0032
20. INIT,SFCSupport,getAttribute,PASS,,Jan 14 2020 8:04:41.2190 PM,Jan 14 2020 8:04:41.2220 PM,.0031
20. INIT,SFCSupport,getAttribute,PASS,,Jan 14 2020 8:04:41.2240 PM,Jan 14 2020 8:04:41.2270 PM,.0028
20. INIT,SFCSupport,getAttribute,PASS,,Jan 14 2020 8:04:41.2280 PM,Jan 14 2020 8:04:41.2320 PM,.003
20. INIT,SFCSupport,getAttribute,PASS,,Jan 14 2020 8:04:41.2330 PM,Jan 14 2020 8:04:41.2360 PM,.0031
20. INIT,SFCSupport,getAttribute,PASS,,Jan 14 2020 8:04:41.2380 PM,Jan 14 2020 8:04:41.2410 PM,.003
20. INIT,SFCSupport,getAttribute,PASS,,Jan 14 2020 8:04:41.2430 PM,Jan 14 2020 8:04:41.2460 PM,.0031
20. INIT,EFIDut,sendCommand,PASS,,Jan 14 2020 8:04:41.2540 PM,Jan 14 2020 8:04:41.3300 PM,.0751
20. INIT,EFIDut,sendCommand,PASS,,Jan 14 2020 8:04:41.3330 PM,Jan 14 2020 8:04:41.3770 PM,.0443
20. INIT,EFIDut,sendCommand,PASS,,Jan 14 2020 8:04:41.3870 PM,Jan 14 2020 8:04:41.5690 PM,.1826
20. INIT,EFIDut,sendCommand,PASS,,Jan 14 2020 8:04:41.5730 PM,Jan 14 2020 8:04:41.6160 PM,.0434
20. INIT,EFIDut,sendCommand,PASS,,Jan 14 2020 8:04:41.6280 PM,Jan 14 2020 8:04:41.7120 PM,.0843
20. INIT,EFIDut,sendCommand,PASS,,Jan 14 2020 8:04:41.7160 PM,Jan 14 2020 8:04:41.7580 PM,.0423
20. INIT,SFCSupport,getAttribute,PASS,,Jan 14 2020 8:04:41.7670 PM,Jan 14 2020 8:04:41.7700 PM,.0034
20. INIT,EFIDut,sendCommand,PASS,,Jan 14 2020 8:04:41.7750 PM,Jan 14 2020 8:04:41.8540 PM,.0791
20. INIT,EFIDut,sendCommand,PASS,,Jan 14 2020 8:04:41.8570 PM,Jan 14 2020 8:04:41.9000 PM,.0424
20. INIT,EFIDut,sendCommand,PASS,,Jan 14 2020 8:04:41.9110 PM,Jan 14 2020 8:04:42.0920 PM,.1806
20. INIT,EFIDut,sendCommand,PASS,,Jan 14 2020 8:04:42.0950 PM,Jan 14 2020 8:04:42.1450 PM,.0502
20. INIT,EFIDut,sendCommand,PASS,,Jan 14 2020 8:04:42.1540 PM,Jan 14 2020 8:04:42.2050 PM,.0511
20. INIT,EFIDut,sendCommand,PASS,,Jan 14 2020 8:04:42.2110 PM,Jan 14 2020 8:04:42.3170 PM,.1058
20. INIT,EFIDut,sendCommand,PASS,,Jan 14 2020 8:04:42.3210 PM,Jan 14 2020 8:04:42.3640 PM,.0434
21. FIXTURE,Fixture,sendCommand,PASS,,Jan 14 2020 8:04:42.3760 PM,Jan 14 2020 8:04:45.1300 PM,2.7536
22. TRISTAR,EFIDut,close,PASS,,Jan 14 2020 8:04:45.1350 PM,Jan 14 2020 8:04:45.1350 PM,.0004
22. TRISTAR,FileParser,JsonParsing,PASS,,Jan 14 2020 8:04:45.1390 PM,Jan 14 2020 8:04:45.1400 PM,.0007
22. TRISTAR,EZLink1,EZLink,PASS,,Jan 14 2020 8:04:45.1440 PM,Jan 14 2020 8:04:46.3160 PM,1.1717
22. TRISTAR,EFIDut,open,PASS,,Jan 14 2020 8:04:46.3210 PM,Jan 14 2020 8:04:46.3830 PM,.062
22. TRISTAR,EFIDut,sendCommand,PASS,,Jan 14 2020 8:04:46.3860 PM,Jan 14 2020 8:04:46.6210 PM,.2352
22. TRISTAR,EFIDut,sendCommand,PASS,,Jan 14 2020 8:04:46.6280 PM,Jan 14 2020 8:04:46.6660 PM,.0385
23. LISA,EFIDut,sendCommand,PASS,,Jan 14 2020 8:04:46.6720 PM,Jan 14 2020 8:04:46.7270 PM,.0552
23. LISA,EFIDut,sendCommand,PASS,,Jan 14 2020 8:04:46.7350 PM,Jan 14 2020 8:04:46.8860 PM,.1508
23. LISA,EFIDut,sendCommand,PASS,,Jan 14 2020 8:04:46.8920 PM,Jan 14 2020 8:04:46.9320 PM,.0395
23. LISA,EFIDut,sendCommand,PASS,,Jan 14 2020 8:04:46.9360 PM,Jan 14 2020 8:04:46.9730 PM,.0373
23. LISA,EFIDut,sendCommand,PASS,,Jan 14 2020 8:04:46.9800 PM,Jan 14 2020 8:04:47.0260 PM,.0459
23. LISA,EFIDut,sendCommand,PASS,,Jan 14 2020 8:04:47.0350 PM,Jan 14 2020 8:04:47.0810 PM,.0457
23. LISA,EFIDut,sendCommand,PASS,,Jan 14 2020 8:04:47.0840 PM,Jan 14 2020 8:04:47.1260 PM,.0416
23. LISA,EFIDut,sendCommand,PASS,,Jan 14 2020 8:04:47.1320 PM,Jan 14 2020 8:04:47.1740 PM,.0412
23. LISA,EFIDut,sendCommand,PASS,,Jan 14 2020 8:04:47.1800 PM,Jan 14 2020 8:04:47.5620 PM,.3825
24. FIXTURE,Fixture,sendCommand,PASS,,Jan 14 2020 8:04:47.5690 PM,Jan 14 2020 8:04:47.7830 PM,.214
25. LISA,EFIDut,sendCommand,PASS,,Jan 14 2020 8:04:47.7880 PM,Jan 14 2020 8:04:49.3190 PM,1.5311
25. LISA,EFIDut,sendCommand,PASS,,Jan 14 2020 8:04:49.3230 PM,Jan 14 2020 8:04:49.3770 PM,.0544
25. LISA,EFIDut,sendCommand,PASS,,Jan 14 2020 8:04:49.3810 PM,Jan 14 2020 8:04:49.4250 PM,.0445
25. LISA,EFIDut,sendCommand,PASS,,Jan 14 2020 8:04:49.4290 PM,Jan 14 2020 8:04:53.2640 PM,3.8352
25. LISA,EFIDut,sendCommand,PASS,,Jan 14 2020 8:04:53.2850 PM,Jan 14 2020 8:04:53.4640 PM,.1788
25. LISA,EFIDut,sendCommand,PASS,,Jan 14 2020 8:04:53.4680 PM,Jan 14 2020 8:04:53.5070 PM,.0391
25. LISA,EFIDut,sendCommand,PASS,,Jan 14 2020 8:04:53.5100 PM,Jan 14 2020 8:04:53.5590 PM,.0485
25. LISA,Fixture,sendCommand,PASS,,Jan 14 2020 8:04:53.5630 PM,Jan 14 2020 8:04:53.5690 PM,.006
25. LISA,EFIDut,sendCommand,PASS,,Jan 14 2020 8:04:53.5720 PM,Jan 14 2020 8:04:54.0170 PM,.4449
25. LISA,EFIDut,sendCommand,PASS,,Jan 14 2020 8:04:54.0210 PM,Jan 14 2020 8:04:54.1130 PM,.0923
25. LISA,EFIDut,sendCommand,PASS,,Jan 14 2020 8:04:54.1170 PM,Jan 14 2020 8:04:54.1450 PM,.0283
26. POWER,EFIDut,sendCommand,PASS,,Jan 14 2020 8:04:54.1650 PM,Jan 14 2020 8:04:54.2250 PM,.0603
26. POWER,EFIDut,sendCommand,PASS,,Jan 14 2020 8:04:54.2320 PM,Jan 14 2020 8:04:54.2730 PM,.0407
27. IMU,EFIDut,sendCommand,PASS,,Jan 14 2020 8:04:54.2840 PM,Jan 14 2020 8:04:54.3290 PM,.0447
28. IMU,EFIDut,sendCommand,PASS,,Jan 14 2020 8:04:54.3350 PM,Jan 14 2020 8:04:54.6420 PM,.3078
29. IMU,EFIDut,sendCommand,PASS,,Jan 14 2020 8:04:54.6500 PM,Jan 14 2020 8:04:54.7110 PM,.0608
30. IMU,StationUtils,evaluatePredicate,PASS,,Jan 14 2020 8:04:54.7190 PM,Jan 14 2020 8:04:54.7200 PM,.0001
30. IMU,EFIDut,sendCommand,PASS,,Jan 14 2020 8:04:54.7240 PM,Jan 14 2020 8:04:54.7830 PM,.0592
30. IMU,StationUtils,evaluatePredicate,PASS,,Jan 14 2020 8:04:54.7850 PM,Jan 14 2020 8:04:54.7860 PM,.0001
30. IMU,StationUtils,evaluatePredicate,PASS,,Jan 14 2020 8:04:54.7910 PM,Jan 14 2020 8:04:54.7910 PM,0
30. IMU,StationUtils,evaluatePredicate,PASS,,Jan 14 2020 8:04:54.7960 PM,Jan 14 2020 8:04:54.7960 PM,.0001
30. IMU,StationUtils,evaluatePredicate,PASS,,Jan 14 2020 8:04:54.8010 PM,Jan 14 2020 8:04:54.8010 PM,.0001
30. IMU,StationUtils,evaluatePredicate,PASS,,Jan 14 2020 8:04:54.8060 PM,Jan 14 2020 8:04:54.8060 PM,0
31. IMU,StationUtils,evaluatePredicate,PASS,,Jan 14 2020 8:04:54.8150 PM,Jan 14 2020 8:04:54.8160 PM,.0001
31. IMU,EFIDut,sendCommand,PASS,,Jan 14 2020 8:04:54.8190 PM,Jan 14 2020 8:04:55.0710 PM,.2512
31. IMU,StationUtils,evaluatePredicate,PASS,,Jan 14 2020 8:04:55.0730 PM,Jan 14 2020 8:04:55.0730 PM,.0001
31. IMU,StationUtils,evaluatePredicate,PASS,,Jan 14 2020 8:04:55.0780 PM,Jan 14 2020 8:04:55.0780 PM,.0001
32. IMU,EFIDut,sendCommand,PASS,,Jan 14 2020 8:04:55.0860 PM,Jan 14 2020 8:04:55.1430 PM,.0562
33. IMU,EFIDut,sendCommand,PASS,,Jan 14 2020 8:04:55.1570 PM,Jan 14 2020 8:04:55.4460 PM,.2898
34. IMU,EFIDut,sendCommand,PASS,,Jan 14 2020 8:04:55.4520 PM,Jan 14 2020 8:04:55.6020 PM,.15
34. IMU,EFIDut,sendCommand,PASS,,Jan 14 2020 8:04:55.6060 PM,Jan 14 2020 8:04:55.8570 PM,.2511
35. IMU,EFIDut,sendCommand,PASS,,Jan 14 2020 8:04:55.8650 PM,Jan 14 2020 8:04:56.1740 PM,.3092
35. IMU,EFIDut,sendCommand,PASS,,Jan 14 2020 8:04:56.1780 PM,Jan 14 2020 8:04:56.2280 PM,.0505
35. IMU,StationUtils,evaluatePredicate,PASS,,Jan 14 2020 8:04:56.2300 PM,Jan 14 2020 8:04:56.2310 PM,.0001
35. IMU,EFIDut,sendCommand,PASS,,Jan 14 2020 8:04:56.2340 PM,Jan 14 2020 8:04:56.2720 PM,.038
35. IMU,StationUtils,evaluatePredicate,PASS,,Jan 14 2020 8:04:56.2740 PM,Jan 14 2020 8:04:56.2740 PM,.0001
35. IMU,EFIDut,sendCommand,PASS,,Jan 14 2020 8:04:56.2780 PM,Jan 14 2020 8:04:56.3170 PM,.0393
35. IMU,StationUtils,evaluatePredicate,PASS,,Jan 14 2020 8:04:56.3200 PM,Jan 14 2020 8:04:56.3200 PM,.0001
35. IMU,EFIDut,sendCommand,PASS,,Jan 14 2020 8:04:56.3230 PM,Jan 14 2020 8:04:56.4970 PM,.1736
35. IMU,StationUtils,evaluatePredicate,PASS,,Jan 14 2020 8:04:56.4990 PM,Jan 14 2020 8:04:56.4990 PM,.0001
35. IMU,EFIDut,sendCommand,PASS,,Jan 14 2020 8:04:56.5020 PM,Jan 14 2020 8:04:56.6360 PM,.1341
35. IMU,StationUtils,evaluatePredicate,PASS,,Jan 14 2020 8:04:56.6390 PM,Jan 14 2020 8:04:56.6390 PM,.0001
35. IMU,EFIDut,sendCommand,PASS,,Jan 14 2020 8:04:56.6420 PM,Jan 14 2020 8:04:56.7760 PM,.1341
35. IMU,StationUtils,evaluatePredicate,PASS,,Jan 14 2020 8:04:56.7790 PM,Jan 14 2020 8:04:56.7790 PM,.0001
35. IMU,EFIDut,sendCommand,PASS,,Jan 14 2020 8:04:56.7820 PM,Jan 14 2020 8:04:56.8370 PM,.055
35. IMU,StationUtils,evaluatePredicate,PASS,,Jan 14 2020 8:04:56.8400 PM,Jan 14 2020 8:04:56.8400 PM,.0001
35. IMU,StationUtils,evaluatePredicate,PASS,,Jan 14 2020 8:04:56.8420 PM,Jan 14 2020 8:04:56.8420 PM,0
35. IMU,StationUtils,evaluatePredicate,PASS,,Jan 14 2020 8:04:56.8450 PM,Jan 14 2020 8:04:56.8450 PM,0
35. IMU,StationUtils,evaluatePredicate,PASS,,Jan 14 2020 8:04:56.8470 PM,Jan 14 2020 8:04:56.8470 PM,.0001
35. IMU,StationUtils,evaluatePredicate,PASS,,Jan 14 2020 8:04:56.8500 PM,Jan 14 2020 8:04:56.8500 PM,0
35. IMU,EFIDut,sendCommand,PASS,,Jan 14 2020 8:04:56.8530 PM,Jan 14 2020 8:04:56.9970 PM,.1435
35. IMU,EFIDut,sendCommand,PASS,,Jan 14 2020 8:04:57.0010 PM,Jan 14 2020 8:04:57.6590 PM,.6588
35. IMU,StationUtils,evaluatePredicate,PASS,,Jan 14 2020 8:04:57.6640 PM,Jan 14 2020 8:04:57.6640 PM,.0001
35. IMU,EFIDut,sendCommand,PASS,,Jan 14 2020 8:04:57.6740 PM,Jan 14 2020 8:04:57.7070 PM,.033
35. IMU,StationUtils,evaluatePredicate,PASS,,Jan 14 2020 8:04:57.7100 PM,Jan 14 2020 8:04:57.7100 PM,.0001
35. IMU,EFIDut,sendCommand,PASS,,Jan 14 2020 8:04:57.7130 PM,Jan 14 2020 8:04:57.7600 PM,.0468
35. IMU,EFIDut,sendCommand,PASS,,Jan 14 2020 8:04:57.7640 PM,Jan 14 2020 8:04:57.8530 PM,.0891
36. PRESSURE,EFIDut,sendCommand,PASS,,Jan 14 2020 8:04:57.8610 PM,Jan 14 2020 8:04:57.9080 PM,.0468
36. PRESSURE,EFIDut,sendCommand,PASS,,Jan 14 2020 8:04:57.9150 PM,Jan 14 2020 8:04:57.9560 PM,.0406
36. PRESSURE,EFIDut,sendCommand,PASS,,Jan 14 2020 8:04:57.9620 PM,Jan 14 2020 8:04:58.0260 PM,.0637
36. PRESSURE,StationUtils,evaluatePredicate,PASS,,Jan 14 2020 8:04:58.0280 PM,Jan 14 2020 8:04:58.0280 PM,.0001
36. PRESSURE,StationUtils,evaluatePredicate,PASS,,Jan 14 2020 8:04:58.0330 PM,Jan 14 2020 8:04:58.0330 PM,.0001
36. PRESSURE,StationUtils,evaluatePredicate,PASS,,Jan 14 2020 8:04:58.0380 PM,Jan 14 2020 8:04:58.0380 PM,0
36. PRESSURE,StationUtils,evaluatePredicate,PASS,,Jan 14 2020 8:04:58.0410 PM,Jan 14 2020 8:04:58.0410 PM,.0001
36. PRESSURE,StationUtils,evaluatePredicate,PASS,,Jan 14 2020 8:04:58.0440 PM,Jan 14 2020 8:04:58.0440 PM,.0001
36. PRESSURE,StationUtils,evaluatePredicate,PASS,,Jan 14 2020 8:04:58.0470 PM,Jan 14 2020 8:04:58.0470 PM,.0001
36. PRESSURE,StationUtils,evaluatePredicate,PASS,,Jan 14 2020 8:04:58.0500 PM,Jan 14 2020 8:04:58.0500 PM,.0001
36. PRESSURE,StationUtils,evaluatePredicate,PASS,,Jan 14 2020 8:04:58.0520 PM,Jan 14 2020 8:04:58.0520 PM,0
36. PRESSURE,EFIDut,sendCommand,PASS,,Jan 14 2020 8:04:58.0560 PM,Jan 14 2020 8:04:58.1000 PM,.044
36. PRESSURE,EFIDut,sendCommand,PASS,,Jan 14 2020 8:04:58.1070 PM,Jan 14 2020 8:05:00.4410 PM,2.3346
36. PRESSURE,StationUtils,calculateExpression,PASS,,Jan 14 2020 8:05:00.4760 PM,Jan 14 2020 8:05:00.4760 PM,.0001
36. PRESSURE,StationUtils,calculateExpression,PASS,,Jan 14 2020 8:05:00.4830 PM,Jan 14 2020 8:05:00.4830 PM,.0001
36. PRESSURE,EFIDut,sendCommand,PASS,,Jan 14 2020 8:05:00.4870 PM,Jan 14 2020 8:05:00.5300 PM,.0429
37. COMPASS,EFIDut,sendCommand,PASS,,Jan 14 2020 8:05:00.5380 PM,Jan 14 2020 8:05:00.5860 PM,.0479
37. COMPASS,EFIDut,sendCommand,PASS,,Jan 14 2020 8:05:00.5930 PM,Jan 14 2020 8:05:00.6390 PM,.0461
37. COMPASS,EFIDut,sendCommand,PASS,,Jan 14 2020 8:05:00.6490 PM,Jan 14 2020 8:05:00.7490 PM,.1002
37. COMPASS,EFIDut,sendCommand,PASS,,Jan 14 2020 8:05:00.7550 PM,Jan 14 2020 8:05:03.3390 PM,2.584
38. COMPASS,EFIDut,sendCommand,PASS,,Jan 14 2020 8:05:03.3570 PM,Jan 14 2020 8:05:03.4000 PM,.0428
38. COMPASS,EFIDut,sendCommand,PASS,,Jan 14 2020 8:05:03.4040 PM,Jan 14 2020 8:05:03.4440 PM,.0402
38. COMPASS,EFIDut,sendCommand,PASS,,Jan 14 2020 8:05:03.4480 PM,Jan 14 2020 8:05:03.4920 PM,.0436
39. CODEC,EFIDut,sendCommand,PASS,,Jan 14 2020 8:05:03.4980 PM,Jan 14 2020 8:05:03.6150 PM,.1165
39. CODEC,EFIDut,sendCommand,PASS,,Jan 14 2020 8:05:03.6200 PM,Jan 14 2020 8:05:03.6610 PM,.0408
39. CODEC,EFIDut,sendCommand,PASS,,Jan 14 2020 8:05:03.6640 PM,Jan 14 2020 8:05:03.7400 PM,.0755
39. CODEC,EFIDut,sendCommand,PASS,,Jan 14 2020 8:05:03.7550 PM,Jan 14 2020 8:05:03.9280 PM,.1733
39. CODEC,EFIDut,sendCommand,PASS,,Jan 14 2020 8:05:03.9380 PM,Jan 14 2020 8:05:03.9850 PM,.0476
40. SPAM,EFIDut,close,PASS,,Jan 14 2020 8:05:03.9970 PM,Jan 14 2020 8:05:03.9980 PM,.0003
40. SPAM,StationUtils,evaluatePredicate,PASS,,Jan 14 2020 8:05:04.0000 PM,Jan 14 2020 8:05:04.0000 PM,.0001
40. SPAM,StationUtils,evaluatePredicate,PASS,,Jan 14 2020 8:05:05.5140 PM,Jan 14 2020 8:05:05.5140 PM,.0001
40. SPAM,EFIDut,open,PASS,,Jan 14 2020 8:05:07.5220 PM,Jan 14 2020 8:05:07.5750 PM,.0523
41. SENSOR,EFIDut,sendCommand,PASS,,Jan 14 2020 8:05:07.5810 PM,Jan 14 2020 8:05:09.0830 PM,1.5027
41. SENSOR,EFIDut,sendCommand,PASS,,Jan 14 2020 8:05:09.0870 PM,Jan 14 2020 8:05:09.1410 PM,.0542
41. SENSOR,EFIDut,sendCommand,PASS,,Jan 14 2020 8:05:09.1450 PM,Jan 14 2020 8:05:09.5010 PM,.356
41. SENSOR,EFIDut,sendCommand,PASS,,Jan 14 2020 8:05:09.5410 PM,Jan 14 2020 8:05:09.5850 PM,.0436
41. SENSOR,EFIDut,sendCommand,PASS,,Jan 14 2020 8:05:09.5880 PM,Jan 14 2020 8:05:09.6420 PM,.0533
42. BUTTON,EFIDut,sendCommand,PASS,,Jan 14 2020 8:05:09.6480 PM,Jan 14 2020 8:05:09.6940 PM,.0463
42. BUTTON,Fixture,sendCommand,PASS,,Jan 14 2020 8:05:09.7070 PM,Jan 14 2020 8:05:11.6470 PM,1.9402
42. BUTTON,EFIDut,sendCommand,PASS,,Jan 14 2020 8:05:11.6500 PM,Jan 14 2020 8:05:11.6910 PM,.0404
42. BUTTON,Fixture,sendCommand,PASS,,Jan 14 2020 8:05:11.6980 PM,Jan 14 2020 8:05:12.3340 PM,.6364
42. BUTTON,EFIDut,sendCommand,PASS,,Jan 14 2020 8:05:12.3380 PM,Jan 14 2020 8:05:12.3770 PM,.039
43. BUTTON,EFIDut,sendCommand,PASS,,Jan 14 2020 8:05:12.3860 PM,Jan 14 2020 8:05:12.4090 PM,.0229
43. BUTTON,Fixture,sendCommand,PASS,,Jan 14 2020 8:05:12.4120 PM,Jan 14 2020 8:05:14.3000 PM,1.8875
43. BUTTON,EFIDut,sendCommand,PASS,,Jan 14 2020 8:05:14.3030 PM,Jan 14 2020 8:05:14.3420 PM,.0384
44. RADIO,StationUtils,evaluatePredicate,PASS,,Jan 14 2020 8:05:14.3520 PM,Jan 14 2020 8:05:14.3520 PM,0
44. RADIO,StationUtils,evaluatePredicate,PASS,,Jan 14 2020 8:05:14.3540 PM,Jan 14 2020 8:05:14.3540 PM,0
44. RADIO,StationUtils,evaluatePredicate,PASS,,Jan 14 2020 8:05:14.3570 PM,Jan 14 2020 8:05:14.3570 PM,.0001
44. RADIO,StationUtils,evaluatePredicate,PASS,,Jan 14 2020 8:05:14.3590 PM,Jan 14 2020 8:05:14.3590 PM,0
44. RADIO,StationUtils,evaluatePredicate,PASS,,Jan 14 2020 8:05:14.3620 PM,Jan 14 2020 8:05:14.3620 PM,.0001
45. RADIO,StationUtils,evaluatePredicate,PASS,,Jan 14 2020 8:05:14.3670 PM,Jan 14 2020 8:05:14.3670 PM,.0001
45. RADIO,EFIDut,sendCommand,PASS,,Jan 14 2020 8:05:14.3700 PM,Jan 14 2020 8:05:18.3580 PM,3.9874
45. RADIO,StationUtils,evaluatePredicate,PASS,,Jan 14 2020 8:05:18.3600 PM,Jan 14 2020 8:05:18.3600 PM,.0001
46. RADIO,StationUtils,evaluatePredicate,PASS,,Jan 14 2020 8:05:18.3680 PM,Jan 14 2020 8:05:18.3680 PM,.0001
46. RADIO,EFIDut,sendCommand,PASS,,Jan 14 2020 8:05:18.3710 PM,Jan 14 2020 8:05:18.4540 PM,.0834
46. RADIO,StationUtils,evaluatePredicate,PASS,,Jan 14 2020 8:05:18.4570 PM,Jan 14 2020 8:05:18.4570 PM,.0001
47. RADIO,StationUtils,evaluatePredicate,PASS,,Jan 14 2020 8:05:18.4640 PM,Jan 14 2020 8:05:18.4640 PM,.0001
47. RADIO,EFIDut,sendCommand,PASS,,Jan 14 2020 8:05:18.4680 PM,Jan 14 2020 8:05:18.5790 PM,.1116
47. RADIO,StationUtils,evaluatePredicate,PASS,,Jan 14 2020 8:05:18.5820 PM,Jan 14 2020 8:05:18.5820 PM,.0001
47. RADIO,EFIDut,sendCommand,PASS,,Jan 14 2020 8:05:18.5850 PM,Jan 14 2020 8:05:18.9900 PM,.4049
47. RADIO,StationUtils,evaluatePredicate,PASS,,Jan 14 2020 8:05:18.9930 PM,Jan 14 2020 8:05:18.9930 PM,.0001
47. RADIO,StationUtils,evaluatePredicate,PASS,,Jan 14 2020 8:05:18.9990 PM,Jan 14 2020 8:05:18.9990 PM,.0001
47. RADIO,StationUtils,evaluatePredicate,PASS,,Jan 14 2020 8:05:19.0050 PM,Jan 14 2020 8:05:19.0050 PM,0
47. RADIO,StationUtils,evaluatePredicate,PASS,,Jan 14 2020 8:05:19.0110 PM,Jan 14 2020 8:05:19.0110 PM,0
47. RADIO,StationUtils,evaluatePredicate,PASS,,Jan 14 2020 8:05:19.0160 PM,Jan 14 2020 8:05:19.0160 PM,.0001
47. RADIO,StationUtils,evaluatePredicate,PASS,,Jan 14 2020 8:05:19.0220 PM,Jan 14 2020 8:05:19.0220 PM,.0001
48. RADIO,StationUtils,evaluatePredicate,PASS,,Jan 14 2020 8:05:19.0300 PM,Jan 14 2020 8:05:19.0310 PM,.0001
48. RADIO,EFIDut,sendCommand,PASS,,Jan 14 2020 8:05:19.0340 PM,Jan 14 2020 8:05:19.4210 PM,.3868
49. POWER,EFIDut,sendCommand,PASS,,Jan 14 2020 8:05:19.4260 PM,Jan 14 2020 8:05:19.4650 PM,.0385
50. Process,EFIDut,sendCommand,PASS,,Jan 14 2020 8:05:19.4700 PM,Jan 14 2020 8:05:19.4970 PM,.0266
50. Process,EFIDut,sendCommand,PASS,,Jan 14 2020 8:05:19.5000 PM,Jan 14 2020 8:05:19.6400 PM,.1401
51. Process,EFIDut,close,PASS,,Jan 14 2020 8:05:19.6460 PM,Jan 14 2020 8:05:19.6460 PM,.0003
52. Process,RunCommand,RunCommandWithParameter,PASS,,Jan 14 2020 8:05:19.7680 PM,Jan 14 2020 8:05:19.7730 PM,.0057
52. Process,RunCommand,RunCommandWithParameter,PASS,,Jan 14 2020 8:05:19.7750 PM,Jan 14 2020 8:05:19.7810 PM,.0055
52. Process,RunCommand,RunCommandWithParameter,PASS,,Jan 14 2020 8:05:19.7830 PM,Jan 14 2020 8:05:19.7890 PM,.006
52. Process,RunCommand,RunCommandWithParameter,PASS,,Jan 14 2020 8:05:19.7900 PM,Jan 14 2020 8:05:19.7960 PM,.0063
52. Process,RunCommand,RunCommandWithParameter,PASS,,Jan 14 2020 8:05:19.7980 PM,Jan 14 2020 8:05:19.8050 PM,.0073
52. Process,RunCommand,RunCommandWithParameter,PASS,,Jan 14 2020 8:05:19.8080 PM,Jan 14 2020 8:05:19.8140 PM,.0068
52. Process,RunCommand,RunCommandWithParameter,PASS,,Jan 14 2020 8:05:19.8160 PM,Jan 14 2020 8:05:19.8220 PM,.0052
52. Process,DRCB,addBlob,PASS,,Jan 14 2020 8:05:19.8230 PM,Jan 14 2020 8:05:19.8230 PM,.0002
53. Process,DRCB,finish,PASS,,Jan 14 2020 8:05:19.8320 PM,Jan 14 2020 8:05:20.6340 PM,.8015
54. Process,EFIDut,open,PASS,,Jan 14 2020 8:05:20.6410 PM,Jan 14 2020 8:05:20.7060 PM,.0649
54. Process,StationUtils,evaluatePredicate,PASS,,Jan 14 2020 8:05:20.7080 PM,Jan 14 2020 8:05:20.7080 PM,.0001
54. Process,EFIDut,sendCommand,PASS,,Jan 14 2020 8:05:20.7120 PM,Jan 14 2020 8:05:21.7320 PM,1.0196
54. Process,Fixture,sendCommand,PASS,,Jan 14 2020 8:05:21.7360 PM,Jan 14 2020 8:05:23.9540 PM,2.2178
54. Process,EFIDut,close,PASS,,Jan 14 2020 8:05:23.9580 PM,Jan 14 2020 8:05:23.9580 PM,.0003
