TEST_GROUP,TEST_ITEM,CONDITIONAL_ITEM,DESCRIPTION,FUNCTION,PARAMETER,PDCA_NAME,COMBINEC,GLOBAL_VARIABLE,EXPECTED_VALUE,UNIT,PDCA_TYPE,TIMEOUT,ERROR_MSG,QT0
FIXTURE,FIXTURE_SETUP,,Disable SPAM Debug Power,SPAM,./spamtool dbgpwroff /dev/cu.usbserial*,,,,,,,,,TRUE
INIT,CONSOLE_SETTING,,Disable consoleformat color,DIAGS,consoleformat --sink serial --dis --o color,,,,,,,,,TRUE
FIXTURE,FIXTURE_SETUP,,Fixture Reset,FIXTURE,Reset,,,,PASS,,,10,,TRUE
FIXTURE,FIXTURE_SETUP,,Fixture speaker module on,FIXTURE,Push Cy on,,,,PASS,,,,,TRUE
INIT,ALIAS_SETTING,,Alias Setting,DIAGS,script radios.txt,,,,,,,,,TRUE
INIT,GET_SW_INFO,,Turn off thermal monitor,DIAGS,thermalmonitor --off,,,,,,,,,TRUE
INIT,SPAM_SETTING,,Turn off Spam device,DIAGS,device -k Spam -e init;device -k Spam -e stop,,,,,,,,,TRUE
INIT,GET_SW_INFO,,Read EFI Diags Version,DIAGS,version,,GET_DUT_INFO_COMBINE,,,,,,,TRUE
INIT,GET_SW_INFO,,Parse EFI Diags Version,PARSE,DIAGS_VERSION,DIAGS_VERSION,GET_DUT_INFO_COMBINE,DIAGS_VERSION,,,ATTRIBUTE,,,TRUE
INIT,GET_SW_INFO,,Parse EFI Diags Build Date,PARSE,DIAGS_BUILD_TIMESTAMP,DIAGS_BUILD_TIMESTAMP,GET_DUT_INFO_COMBINE,DIAGS_BUILD_TIMESTAMP,,,ATTRIBUTE,,,TRUE
INIT,GET_SW_INFO,,Read Software Info,DIAGS,blockdevice,,GET_DUT_INFO_COMBINE,,,,,,,TRUE
INIT,GET_SW_INFO,,Parse Software Info,PARSE,BLOCK_DEVICE_FILE_SYSTEM_DEVICE,BLOCK_DEVICE,GET_DUT_INFO_COMBINE,,,,,,,TRUE
INIT,GET_MLB_INFO,,Read MLB Serial Number,DIAGS,syscfg print MLB#,,GET_DUT_INFO_COMBINE,,,,,,,TRUE
INIT,GET_MLB_INFO,,Parse MLB Serial Number,PARSE,MLB_SN,MLBSN,GET_DUT_INFO_COMBINE,,,,ATTRIBUTE,,,TRUE
INIT,GET_MLB_INFO,,Read MLB Board REV,DIAGS,boardrev,,GET_DUT_INFO_COMBINE,,,,,,,TRUE
INIT,GET_MLB_INFO,,Parse MLB Board REV,PARSE,BOARD_REV,BOARD_REV,GET_DUT_INFO_COMBINE,BOARD_REV,,,ATTRIBUTE,,,TRUE
INIT,GET_MLB_INFO,,Read MLB Board ID,DIAGS,boardid,,GET_DUT_INFO_COMBINE,,,,,,,TRUE
INIT,GET_MLB_INFO,,Parse MLBBoard ID,PARSE,BOARD_ID,BOARD_ID,GET_DUT_INFO_COMBINE,BOARD_ID,,,ATTRIBUTE,,,TRUE
INIT,GET_INFO,BOARD_ID==0x28,Set DUT type -N140S,SetGLOBAL,N140S,,,DUT_TYPE,,,,,,TRUE
INIT,GET_INFO,BOARD_ID==0x2A,Set DUT type -N140B,SetGLOBAL,N140B,,,DUT_TYPE,,,,,,TRUE
INIT,GET_INFO,BOARD_ID==0x2C,Set DUT type -N142S,SetGLOBAL,N142S,,,DUT_TYPE,,,,,,TRUE
INIT,GET_INFO,BOARD_ID==0x2E,Set DUT type -N142B,SetGLOBAL,N142B,,,DUT_TYPE,,,,,,TRUE
INIT,GET_INFO,BOARD_ID==0x29,Set for DEV BOARD,SetGLOBAL,N140_DEVS,,,DUT_TYPE,,,,,,TRUE
INIT,GET_INFO,BOARD_ID==0x2B,Set for DEV BOARD,SetGLOBAL,N140_DEVB,,,DUT_TYPE,,,,,,TRUE
INIT,GET_INFO,BOARD_ID==0x2D,Set for DEV BOARD,SetGLOBAL,N142_DEVS,,,DUT_TYPE,,,,,,TRUE
INIT,GET_INFO,BOARD_ID==0x2F,Set for DEV BOARD,SetGLOBAL,N142_DEVB,,,DUT_TYPE,,,,,,TRUE
INIT,GET_COMP_INFO,,Read SOC Properties,DIAGS,soc -p,,,,,,,,,TRUE
INIT,GET_COMP_INFO,,Parse SOC Properties - Fuse Rev,PARSE,SOC_PROP_FUSE_REV,SOC_PROP_FUSE_REV,,,[1:],,ATTRIBUTE,,,TRUE
INIT,GET_COMP_INFO,,Parse SOC Properties - Production Mode,PARSE,SOC_PROP_PRODUCTION_MODE,SOC_PROP_PRODUCTION_MODE,,,<0|1>,,ATTRIBUTE,,,TRUE
INIT,GET_COMP_INFO,,Parse SOC Properties - Revision,PARSE,SOC_PROP_REVISION,SOC_PROP_REVISION,,,<A0|A5|B0|B1>,,ATTRIBUTE,,,TRUE
INIT,GET_COMP_INFO,,Read SOC Chip ID,DIAGS,chipid,,,,,,,,,TRUE
INIT,GET_COMP_INFO,,Parse SOC Chip ID,PARSE,SOC_CHIP_ID,CHIPID,,,<8004|8006>,,ATTRIBUTE,,,TRUE
INIT,GET_COMP_INFO,,Parse SOC Chip ID Version,PARSE,SOC_CHIP_ID_VERSION,CHIPVER,,,<0.0|8.0|11.0>,,ATTRIBUTE,,,TRUE
INIT,GET_COMP_INFO,,Read SOC Bin Data,DIAGS,soc -p list-perf-state,,,,,,,,,TRUE
INIT,GET_COMP_INFO,,Parse SOC Bin Data,PARSE,SOC_BIN_VOLTAGE_0,SOC_BIN_VOLTAGE_0,,,,,KEY,,,TRUE
INIT,GET_COMP_INFO,,Read PMU ID Registers,DIAGS,pmureg -r 0 0x00 3,,,,,,,,,TRUE
INIT,GET_COMP_INFO,,Parse PMU MASK REV,PARSE,PMU_ADDR_0,PMU_ID0_MASKREV,,PMU_ID0_MASKREV,<1|2>,,ATTRIBUTE,,,TRUE
INIT,GET_COMP_INFO,,Parse PMU TRIM REV,PARSE,PMU_ADDR_1,PMU_ID1_TRIMREV,,PMU_ID1_TRIMREV,,,ATTRIBUTE,,,TRUE
INIT,GET_COMP_INFO,,Parse PMU PLATFORM ID,PARSE,PMU_ADDR_2,PMU_ID2_PLATFORMID,,PMU_ID2_PLATFORMID,,,ATTRIBUTE,,,TRUE
POWER,QUIESCE_SYSTEM,,Turn OFF General Modules (Codec),DIAGS,audio -r;audio -f,,,,,,,10,,TRUE
POWER,QUIESCE_SYSTEM,,Turn OFF General Modules (socpdm),DIAGS,audio -f socpdm;,,,,,,,,,TRUE
POWER,QUIESCE_SYSTEM,,"Turn OFF Sensors (accel,gyro)",DIAGS,"sensor --sel accel,gyro --turnoff",,,,,,,,,TRUE
POWER,QUIESCE_SYSTEM,,Turn OFF Sensors (lisa),DIAGS,sensor --sel lisa --turnoff,,,,,,,,,TRUE
POWER,QUIESCE_SYSTEM,,Turn OFF Sensors (platinum),DIAGS,sensor --sel platinum --turnoff,,,,,,,,,TRUE
INIT,QUERY_SFC_WRITE_SYSCFG,,Get SN from SF,GLOBAL,sn,,,,,,,,,TRUE
INIT,QUERY_SFC_WRITE_SYSCFG,,Write SN,SYSCFG,syscfg add SrNm $sn$,,,,,,,,,TRUE
INIT,GET_SYS_INFO,,Read Unit Serial Number,DIAGS,syscfg print SrNm,,,,,,,,,TRUE
INIT,GET_SYS_INFO,,Parse Unit Serial Number,PARSE,SrNm,UNIT_SN,,UNIT_SN,,,ATTRIBUTE,,,TRUE
INIT,QUERY_SFC_WRITE_SYSCFG,,The middle of SN#,PARSESN,,,,,,,,,,TRUE
START_CB,START_CONTROLBIT,,Write Control Bit Information (station specific command),FIXTURE,(station specific command),,,,,,,,,TRUE
START_CB,START_CONTROLBIT,,Read Control Bit Information (station specific command),FIXTURE,(station specific command),,,,,,,,,TRUE
INIT,GET_MLB_INFO,,Read MLB CFG,DIAGS,syscfg print CFG#,,,,,,,,,TRUE
INIT,GET_MLB_INFO,,Parse MLB CFG,PARSE,MLB_CFG,MLB_CFG_INITIAL,,MLB_CFG,,,,,,TRUE
INIT,QUERY_SFC_WRITE_SYSCFG,,Config,GLOBAL,config,,,config,,,ATTRIBUTE,,,TRUE
INIT,QUERY_SFC_WRITE_SYSCFG,,Get Housing Config,"SubStr(0,2)",config,,,HOUSING,,,,,,TRUE
INIT,QUERY_SFC_WRITE_SYSCFG,,Append string:config to CFG#,AppendGlobalStr,"MLB_CFG/,/config",,,NewCFG,,,,,,TRUE
INIT,QUERY_SFC_WRITE_SYSCFG,,Write MLB CFG,SYSCFG,syscfg add CFG# $NewCFG$,,,,,,,,,TRUE
INIT,QUERY_SFC_WRITE_SYSCFG,,Read MLB CFG 2,DIAGS,syscfg print CFG#,,,,,,,,,TRUE
INIT,QUERY_SFC_WRITE_SYSCFG,,MLB_CFG_APPENED,PARSE,MLB_CFG,MLB_CFG_APPENED,,MLB_CFG_NEW,,,ATTRIBUTE,,,TRUE
INIT,QUERY_SFC_WRITE_SYSCFG,,Get BART type,GLOBAL,Tigerdmin,,,Tigerdmin,,,,,,TRUE
INIT,QUERY_SFC_WRITE_SYSCFG,,Get BART type - ICT,GLOBAL,crowndmin,,,crowndmin,,,,,,TRUE
INIT,QUERY_SFC_WRITE_SYSCFG,Tigerdmin==nil && DUT_TYPE==N142,Get Tigerdmin,SetGLOBAL,0x001002A5 0x00000005,,,Tigerdmin,,,,,,TRUE
INIT,QUERY_SFC_WRITE_SYSCFG,crowndmin==nil && DUT_TYPE==N142,Get crowndmin,SetGLOBAL,0x001002A5 0x00000005,,,crowndmin,,,,,,TRUE
INIT,QUERY_SFC_WRITE_SYSCFG,Tigerdmin==nil && DUT_TYPE==N140,Get Tigerdmin,SetGLOBAL,0x001002A5 0x00000004,,,Tigerdmin,,,,,,TRUE
INIT,QUERY_SFC_WRITE_SYSCFG,crowndmin==nil && DUT_TYPE==N140,Get crowndmin,SetGLOBAL,0x001002A5 0x00000004,,,crowndmin,,,,,,TRUE
INIT,QUERY_SFC_WRITE_SYSCFG,,Get Lisa Dmin,SetGLOBAL,0x00000002 0x00000000,,,lisadmin,,,,,,TRUE
INIT,QUERY_SFC_WRITE_SYSCFG,Tigerdmin!=N/A,Append string:lisadmin to Tigerdmin,AppendGlobalStr,Tigerdmin/ /lisadmin,,,SFCLsBT,,,,,,TRUE
INIT,QUERY_SFC_WRITE_SYSCFG,crowndmin!=N/A,Append string:lisadmin to crowndmin,AppendGlobalStr,crowndmin/ /lisadmin,,,SFCLsBT,,,,,,TRUE
INIT,QUERY_SFC_WRITE_SYSCFG,,Write LsBT,SYSCFG,syscfg add LsBT $SFCLsBT$,,,,,,,,,TRUE
INIT,QUERY_SFC_WRITE_SYSCFG,,Read LsBT,DIAGS,syscfg print LsBT,,,,,,,,,TRUE
INIT,QUERY_SFC_WRITE_SYSCFG,,LSBT_SYSCFG_VALUE,PARSE,LSBT_SYSCFG_VALUE,LsBT,,DUTLsBT,,,ATTRIBUTE,,,TRUE
INIT,QUERY_SFC_WRITE_SYSCFG,,Get EnMt,GLOBAL,housmaterialdmin,EnMt,,SFCEnMt,,,ATTRIBUTE,,,TRUE
INIT,QUERY_SFC_WRITE_SYSCFG,,Write EnMt,SYSCFG,syscfg add EnMt $SFCEnMt$,,,,,,,,,TRUE
INIT,QUERY_SFC_WRITE_SYSCFG,,Read EnMt,DIAGS,syscfg print EnMt,,,,,,,,,TRUE
INIT,QUERY_SFC_WRITE_SYSCFG,,ENMT_SYSCFG_VALUE,PARSE,ENMT_SYSCFG_VALUE,,,EnMt_Syscfg,,,,,,TRUE
INIT,QUERY_SFC_WRITE_SYSCFG,,Get CLHS,GLOBAL,houscolordmin,CLHS,,SFCCLHS,,,ATTRIBUTE,,,TRUE
INIT,QUERY_SFC_WRITE_SYSCFG,,Write CLHS,SYSCFG,syscfg add CLHS $SFCCLHS$,,,,,,,,,TRUE
INIT,QUERY_SFC_WRITE_SYSCFG,,Read CLHS,DIAGS,syscfg print CLHS,,,,,,,,,TRUE
INIT,QUERY_SFC_WRITE_SYSCFG,,CLHS_SYSCFG_VALUE,PARSE,CLHS_SYSCFG_VALUE,,,,,,,,,TRUE
INIT,QUERY_SFC_WRITE_SYSCFG,,Get BGMt,GLOBAL,backcrystalmaterialdmin,BGMt,,SFCBGMT,,,ATTRIBUTE,,,TRUE
INIT,QUERY_SFC_WRITE_SYSCFG,,Write BGMt,SYSCFG,syscfg add BGMt $SFCBGMT$,,,,,,,,,TRUE
INIT,QUERY_SFC_WRITE_SYSCFG,,Read BGMt,DIAGS,syscfg print BGMt,,,,,,,,,TRUE
INIT,QUERY_SFC_WRITE_SYSCFG,,BGMT_SYSCFG_VALUE,PARSE,BGMT_SYSCFG_VALUE,,,,,,,,,TRUE
INIT,QUERY_SFC_WRITE_SYSCFG,,Get CLBG,GLOBAL,backcrystalcolordmin,CLBG,,SFCCLBG,,,ATTRIBUTE,,,TRUE
INIT,QUERY_SFC_WRITE_SYSCFG,,Write CLBG,SYSCFG,syscfg add CLBG $SFCCLBG$,,,,,,,,,TRUE
INIT,QUERY_SFC_WRITE_SYSCFG,,Read CLBG,DIAGS,syscfg print CLBG,,,,,,,,,TRUE
INIT,QUERY_SFC_WRITE_SYSCFG,,CLBG_SYSCFG_VALUE,PARSE,CLBG_SYSCFG_VALUE,,,,,,,,,TRUE
INIT,QUERY_SFC_WRITE_SYSCFG,,Read CCal,DIAGS,syscfg print CCal,,,,,,,,,TRUE
INIT,QUERY_SFC_WRITE_SYSCFG,,CCAL_SYSCFG_VALUE,PARSE,CCAL_SYSCFG_VALUE,,,,,,,,,TRUE
INIT,QUERY_SFC_WRITE_SYSCFG,,Write PRSq,SYSCFG,syscfg add PRSq 0x01050001,,,,,,,,,TRUE
INIT,QUERY_SFC_WRITE_SYSCFG,,Read PRSq,DIAGS,syscfg print PRSq,,,,,,,,,TRUE
INIT,QUERY_SFC_WRITE_SYSCFG,,PRSq_SYSCFG_VALUE,PARSE,PRSq_SYSCFG_VALUE,,,,,,ATTRIBUTE,,,TRUE
FIXTURE,LISA_INIT,,Crown on,FIXTURE,Crown On,,,,PASS,,,10,,TRUE
TRISTAR,TRISTAR,,Tristar Provision,TRISTAR,Tristar,,,,,,,,,TRUE
TRISTAR,TRISTAR,,Tristar ESN,DIAGS,tristar --esn,,,,,,,,,TRUE
TRISTAR,TRISTAR,,Parse Tristar ESN,PARSE,TRISTAR_ESN,,,,,,ATTRIBUTE,,,TRUE
POWER,QUIESCE_SYSTEM,,clear the debug interrupt,DIAGS,tristar -r '0x0d',,,,,,,,,TRUE
LISA,LISA_INIT,,Initialize Bonn,DIAGS,sensor --sel lisa --init,,LISA_INIT_COMBINE,,,,,,,TRUE
LISA,LISA_INIT,,Parse Bonn Init,PARSE,SENSOR_LISA_INIT_STATUS,SENSOR_LISA_INIT_STATUS,LISA_INIT_COMBINE,,"""OK""",,KEY,,,TRUE
LISA,LISA_INIT,,Get lisa Info,DIAGS,sensor --sel lisa -g,,LISA_INIT_COMBINE,,,,,,,TRUE
LISA,LISA_INIT,,Parse RTP FW,PARSE,RTP_FW,,LISA_INIT_COMBINE,,,,,,,TRUE
LISA,LISA_INIT,,Set Lisa to HW Mode,DIAGS,sensor --sel lisa --set hw-mode true,,LISA_INIT_COMBINE,,,,,,,TRUE
LISA,LISA_INIT,,Bonn Chip ID,DIAGS,sensorreg --sel lisa --read 0x00,,LISA_INIT_COMBINE,,,,,,,TRUE
LISA,LISA_INIT,,Parse Bonn CHIP ID,PARSE,SENSOR_LISA_BONN_CHIP_ID,SENSOR_LISA_BONN_CHIP_ID,LISA_INIT_COMBINE,,<0x00A9>,,KEY,,,TRUE
LISA,LISA_INIT,,Bonn Connectivity Test,DIAGS,sensor --sel lisa --conntest,,LISA_INIT_COMBINE,,,,,,,TRUE
LISA,LISA_INIT,,Parse Lisa Connectivity Test,PARSE,SENSOR_LISA_CONNTEST_SPI,SENSOR_LISA_CONNTEST_SPI,LISA_INIT_COMBINE,,"""PASS""",,KEY,,,TRUE
LISA,LISA_INIT,,Parse Lisa Connectivity Test,PARSE,SENSOR_LISA_CONNTEST_RST,SENSOR_LISA_CONNTEST_RST,LISA_INIT_COMBINE,,"""PASS""",,KEY,,,TRUE
LISA,LISA_INIT,,"Disable HW mode, also turns Bonn off.",DIAGS,sensor --sel lisa --set hw-mode false,Disable HW mode and turns Bonn off,LISA_INIT_COMBINE,,,,,,,TRUE
LISA,LISA_INIT,,Lisa Selftest,DIAGS,sensor --sel lisa --exectest selftest,,LISA_INIT_COMBINE,,,,,,,TRUE
LISA,LISA_INIT,,Parse Lisa Self Test,PARSE,SENSOR_LISA_SELFTEST_STATUS,SENSOR_LISA_SELFTEST_STATUS,LISA_INIT_COMBINE,,"""PASS""",,KEY,,,TRUE
LISA,LISA_INIT,,Turn off Lisa,DIAGS,sensor --sel lisa --turnoff,,LISA_INIT_COMBINE,,,,,,,TRUE
LISA,LISA_INIT,DUTLsBT!=0x001002A5 0x00000002 && DUTLsBT!=0x001002A5 0x00000004 && DUTLsBT!=0x001002A5 0x00000005,Run Smokey script for Lisa init - default,DIAGS,"smokeyshell -r;smokeyshell -f ""nandfs:\AppleInternal\Diags\Logs\Smokey\Lisa\N140\Main.lua"" -e ""initLisa([[0]])""",,,,,,,,,TRUE
LISA,LISA_INIT,DUTLsBT==0x001002A5 0x00000005 0x00000002 0x00000000,Run Smokey script for Lisa init - Nissei,DIAGS,"smokeyshell -r;smokeyshell -f ""nandfs:\AppleInternal\Diags\Logs\Smokey\Lisa\N140\Main.lua"" -e ""initLisa([[1.8]])""",,,,,,,,,TRUE
LISA,LISA_INIT,DUTLsBT==0x001002A5 0x00000004 0x00000002 0x00000000 | DUTLsBT==0x001002A5 0x00000002 0x00000001 0x00000000 | DUTLsBT==0x001002A5 0x00000004 0x00000001 0x00000000,Run Smokey script for Lisa init - LF,DIAGS,"smokeyshell -r;smokeyshell -f ""nandfs:\AppleInternal\Diags\Logs\Smokey\Lisa\N140\Main.lua"" -e ""initLisa([[4]])""",,,,,,,,,TRUE
FIXTURE,LISA_FORWARD,,Start crown rotating forward,FIXTURE,Crown forward,,,,PASS,,,10,,TRUE
LISA,LISA_FORWARD-USBFS,,Make folder,DIAGS,wait 1500;mkdir nandfs:\AppleInternal\Lisa_data\,,,,,,,,,TRUE
LISA,LISA_FORWARD-USBFS,,Set the output log,DIAGS,filelog --on nandfs:\AppleInternal\Lisa_data\$sn$_FORWARD_RAW.log,,,,,,,,,TRUE
LISA,LISA_FORWARD-USBFS,,Set consolerouter,DIAGS,consolerouter --add --src lisa.debug.testdata --dest file,,,,,,,,,TRUE
LISA,LISA_FORWARD-USBFS,,Run Forward Lisa Smokey Script,DIAGS,"smokeyshell -r;smokeyshell -f ""nandfs:\AppleInternal\Diags\Logs\Smokey\Lisa\N140\Main.lua"" -e “startLisaTest([[FORWARD]],[[LOG]])”",,,,,,,20,,TRUE
LISA,LISA_FORWARD,,Parse Lisa FORWARD Smokey Log,PARSE,LISA_FORWARD_PD0_LIGHT_MAX,LISA_FORWARD_PD0_LIGHT_MAX,,,[0.01:4000],Counts,KEY,,,TRUE
LISA,LISA_FORWARD,,Parse Lisa FORWARD Smokey Log,PARSE,LISA_FORWARD_PD1_LIGHT_MAX,LISA_FORWARD_PD1_LIGHT_MAX,,,[0.01:4000],Counts,KEY,,,TRUE
LISA,LISA_FORWARD,,Parse Lisa FORWARD Smokey Log,PARSE,LISA_FORWARD_PD2_LIGHT_MAX,LISA_FORWARD_PD2_LIGHT_MAX,,,[0.01:4000],Counts,KEY,,,TRUE
LISA,LISA_FORWARD,,Parse Lisa FORWARD Smokey Log,PARSE,LISA_FORWARD_PD3_LIGHT_MAX,LISA_FORWARD_PD3_LIGHT_MAX,,,[0.01:4000],Counts,KEY,,,TRUE
LISA,LISA_FORWARD,,Parse Lisa FORWARD Smokey Log,PARSE,LISA_FORWARD_PD4_LIGHT_MAX,LISA_FORWARD_PD4_LIGHT_MAX,,,[0.01:4000],Counts,KEY,,,TRUE
LISA,LISA_FORWARD,,Parse Lisa FORWARD Smokey Log,PARSE,LISA_FORWARD_PD5_LIGHT_MAX,LISA_FORWARD_PD5_LIGHT_MAX,,,[0.01:4000],Counts,KEY,,,TRUE
LISA,LISA_FORWARD,,Parse Lisa FORWARD Smokey Log,PARSE,LISA_FORWARD_PD6_LIGHT_MAX,LISA_FORWARD_PD6_LIGHT_MAX,,,[0.01:4000],Counts,KEY,,,TRUE
LISA,LISA_FORWARD,,Parse Lisa FORWARD Smokey Log,PARSE,LISA_FORWARD_PD7_LIGHT_MAX,LISA_FORWARD_PD7_LIGHT_MAX,,,[0.01:4000],Counts,KEY,,,TRUE
LISA,LISA_FORWARD,,Parse Lisa FORWARD Smokey Log,PARSE,LISA_FORWARD_PD0_SPAN,LISA_FORWARD_PD0_SPAN,,LISA_FORWARD_PD0_SPAN,[500:3500],Counts,KEY,,,TRUE
LISA,LISA_FORWARD,,Parse Lisa FORWARD Smokey Log,PARSE,LISA_FORWARD_PD1_SPAN,LISA_FORWARD_PD1_SPAN,,LISA_FORWARD_PD1_SPAN,[500:3500],Counts,KEY,,,TRUE
LISA,LISA_FORWARD,,Parse Lisa FORWARD Smokey Log,PARSE,LISA_FORWARD_PD2_SPAN,LISA_FORWARD_PD2_SPAN,,LISA_FORWARD_PD2_SPAN,[500:3500],Counts,KEY,,,TRUE
LISA,LISA_FORWARD,,Parse Lisa FORWARD Smokey Log,PARSE,LISA_FORWARD_PD3_SPAN,LISA_FORWARD_PD3_SPAN,,LISA_FORWARD_PD3_SPAN,[500:3500],Counts,KEY,,,TRUE
LISA,LISA_FORWARD,,Parse Lisa FORWARD Smokey Log,PARSE,LISA_FORWARD_PD4_SPAN,LISA_FORWARD_PD4_SPAN,,LISA_FORWARD_PD4_SPAN,[500:3500],Counts,KEY,,,TRUE
LISA,LISA_FORWARD,,Parse Lisa FORWARD Smokey Log,PARSE,LISA_FORWARD_PD5_SPAN,LISA_FORWARD_PD5_SPAN,,LISA_FORWARD_PD5_SPAN,[500:3500],Counts,KEY,,,TRUE
LISA,LISA_FORWARD,,Parse Lisa FORWARD Smokey Log,PARSE,LISA_FORWARD_PD6_SPAN,LISA_FORWARD_PD6_SPAN,,LISA_FORWARD_PD6_SPAN,[500:3500],Counts,KEY,,,TRUE
LISA,LISA_FORWARD,,Parse Lisa FORWARD Smokey Log,PARSE,LISA_FORWARD_PD7_SPAN,LISA_FORWARD_PD7_SPAN,,LISA_FORWARD_PD7_SPAN,[500:3500],Counts,KEY,,,TRUE
LISA,LISA_FORWARD,,Parse Lisa FORWARD Smokey Log,CALCULATE,findmax[LISA_FORWARD_PD@_SPAN]Range[0:7],LISA_FORWARD_PD_SPAN_MAX,,LISA_FORWARD_PD_SPAN_MAX,,,KEY,,,TRUE
LISA,LISA_FORWARD,,Parse Lisa FORWARD Smokey Log,CALCULATE,findmin[LISA_FORWARD_PD@_SPAN]Range[0:7],LISA_FORWARD_PD_SPAN_MIN,,LISA_FORWARD_PD_SPAN_MIN,,,KEY,,,TRUE
LISA,LISA_FORWARD,,Parse Lisa FORWARD Smokey Log,CALCULATE,LISA_FORWARD_PD_SPAN_MIN/LISA_FORWARD_PD_SPAN_MAX,LISA_FORWARD_SPAN_RATIO,,,[0.60:],,KEY,,,TRUE
LISA,LISA_FORWARD,,Parse Lisa FORWARD Smokey Log,PARSE,LISA_FORWARD_PD0_DARK_PEAK2PEAK,LISA_FORWARD_PD0_DARK_PEAK2PEAK,,,[0.01:54],Counts,KEY,,,TRUE
LISA,LISA_FORWARD,,Parse Lisa FORWARD Smokey Log,PARSE,LISA_FORWARD_PD1_DARK_PEAK2PEAK,LISA_FORWARD_PD1_DARK_PEAK2PEAK,,,[0.01:54],Counts,KEY,,,TRUE
LISA,LISA_FORWARD,,Parse Lisa FORWARD Smokey Log,PARSE,LISA_FORWARD_PD2_DARK_PEAK2PEAK,LISA_FORWARD_PD2_DARK_PEAK2PEAK,,,[0.01:54],Counts,KEY,,,TRUE
LISA,LISA_FORWARD,,Parse Lisa FORWARD Smokey Log,PARSE,LISA_FORWARD_PD3_DARK_PEAK2PEAK,LISA_FORWARD_PD3_DARK_PEAK2PEAK,,,[0.01:54],Counts,KEY,,,TRUE
LISA,LISA_FORWARD,,Parse Lisa FORWARD Smokey Log,PARSE,LISA_FORWARD_PD4_DARK_PEAK2PEAK,LISA_FORWARD_PD4_DARK_PEAK2PEAK,,,[0.01:54],Counts,KEY,,,TRUE
LISA,LISA_FORWARD,,Parse Lisa FORWARD Smokey Log,PARSE,LISA_FORWARD_PD5_DARK_PEAK2PEAK,LISA_FORWARD_PD5_DARK_PEAK2PEAK,,,[0.01:54],Counts,KEY,,,TRUE
LISA,LISA_FORWARD,,Parse Lisa FORWARD Smokey Log,PARSE,LISA_FORWARD_PD6_DARK_PEAK2PEAK,LISA_FORWARD_PD6_DARK_PEAK2PEAK,,,[0.01:54],Counts,KEY,,,TRUE
LISA,LISA_FORWARD,,Parse Lisa FORWARD Smokey Log,PARSE,LISA_FORWARD_PD7_DARK_PEAK2PEAK,LISA_FORWARD_PD7_DARK_PEAK2PEAK,,,[0.01:54],Counts,KEY,,,TRUE
LISA,LISA_FORWARD,,Parse Lisa FORWARD Smokey Log,PARSE,LISA_FORWARD_PD0_LIGHT_PEAK2PEAK,LISA_FORWARD_PD0_LIGHT_PEAK2PEAK,,,[0.01:4000],Counts,KEY,,,TRUE
LISA,LISA_FORWARD,,Parse Lisa FORWARD Smokey Log,PARSE,LISA_FORWARD_PD1_LIGHT_PEAK2PEAK,LISA_FORWARD_PD1_LIGHT_PEAK2PEAK,,,[0.01:4000],Counts,KEY,,,TRUE
LISA,LISA_FORWARD,,Parse Lisa FORWARD Smokey Log,PARSE,LISA_FORWARD_PD2_LIGHT_PEAK2PEAK,LISA_FORWARD_PD2_LIGHT_PEAK2PEAK,,,[0.01:4000],Counts,KEY,,,TRUE
LISA,LISA_FORWARD,,Parse Lisa FORWARD Smokey Log,PARSE,LISA_FORWARD_PD3_LIGHT_PEAK2PEAK,LISA_FORWARD_PD3_LIGHT_PEAK2PEAK,,,[0.01:4000],Counts,KEY,,,TRUE
LISA,LISA_FORWARD,,Parse Lisa FORWARD Smokey Log,PARSE,LISA_FORWARD_PD4_LIGHT_PEAK2PEAK,LISA_FORWARD_PD4_LIGHT_PEAK2PEAK,,,[0.01:4000],Counts,KEY,,,TRUE
LISA,LISA_FORWARD,,Parse Lisa FORWARD Smokey Log,PARSE,LISA_FORWARD_PD5_LIGHT_PEAK2PEAK,LISA_FORWARD_PD5_LIGHT_PEAK2PEAK,,,[0.01:4000],Counts,KEY,,,TRUE
LISA,LISA_FORWARD,,Parse Lisa FORWARD Smokey Log,PARSE,LISA_FORWARD_PD6_LIGHT_PEAK2PEAK,LISA_FORWARD_PD6_LIGHT_PEAK2PEAK,,,[0.01:4000],Counts,KEY,,,TRUE
LISA,LISA_FORWARD,,Parse Lisa FORWARD Smokey Log,PARSE,LISA_FORWARD_PD7_LIGHT_PEAK2PEAK,LISA_FORWARD_PD7_LIGHT_PEAK2PEAK,,,[0.01:4000],Counts,KEY,,,TRUE
LISA,LISA_FORWARD,,Parse Lisa FORWARD Smokey Log,PARSE,LISA_FORWARD_PD0_DARK_AVG,LISA_FORWARD_PD0_DARK_AVG,,,[0.1:200],,KEY,,,TRUE
LISA,LISA_FORWARD,,Parse Lisa FORWARD Smokey Log,PARSE,LISA_FORWARD_PD1_DARK_AVG,LISA_FORWARD_PD1_DARK_AVG,,,[0.1:200],,KEY,,,TRUE
LISA,LISA_FORWARD,,Parse Lisa FORWARD Smokey Log,PARSE,LISA_FORWARD_PD2_DARK_AVG,LISA_FORWARD_PD2_DARK_AVG,,,[0.1:200],,KEY,,,TRUE
LISA,LISA_FORWARD,,Parse Lisa FORWARD Smokey Log,PARSE,LISA_FORWARD_PD3_DARK_AVG,LISA_FORWARD_PD3_DARK_AVG,,,[0.1:200],,KEY,,,TRUE
LISA,LISA_FORWARD,,Parse Lisa FORWARD Smokey Log,PARSE,LISA_FORWARD_PD4_DARK_AVG,LISA_FORWARD_PD4_DARK_AVG,,,[0.1:200],,KEY,,,TRUE
LISA,LISA_FORWARD,,Parse Lisa FORWARD Smokey Log,PARSE,LISA_FORWARD_PD5_DARK_AVG,LISA_FORWARD_PD5_DARK_AVG,,,[0.1:200],,KEY,,,TRUE
LISA,LISA_FORWARD,,Parse Lisa FORWARD Smokey Log,PARSE,LISA_FORWARD_PD6_DARK_AVG,LISA_FORWARD_PD6_DARK_AVG,,,[0.1:200],,KEY,,,TRUE
LISA,LISA_FORWARD,,Parse Lisa FORWARD Smokey Log,PARSE,LISA_FORWARD_PD7_DARK_AVG,LISA_FORWARD_PD7_DARK_AVG,,,[0.1:200],,KEY,,,TRUE
LISA,LISA_FORWARD,,Parse Lisa FORWARD Smokey Log,PARSE,LISA_FORWARD_PD0_DARK_STD,LISA_FORWARD_PD0_DARK_STD,,,[0.01:10],Counts,KEY,,,TRUE
LISA,LISA_FORWARD,,Parse Lisa FORWARD Smokey Log,PARSE,LISA_FORWARD_PD1_DARK_STD,LISA_FORWARD_PD1_DARK_STD,,,[0.01:10],Counts,KEY,,,TRUE
LISA,LISA_FORWARD,,Parse Lisa FORWARD Smokey Log,PARSE,LISA_FORWARD_PD2_DARK_STD,LISA_FORWARD_PD2_DARK_STD,,,[0.01:10],Counts,KEY,,,TRUE
LISA,LISA_FORWARD,,Parse Lisa FORWARD Smokey Log,PARSE,LISA_FORWARD_PD3_DARK_STD,LISA_FORWARD_PD3_DARK_STD,,,[0.01:10],Counts,KEY,,,TRUE
LISA,LISA_FORWARD,,Parse Lisa FORWARD Smokey Log,PARSE,LISA_FORWARD_PD4_DARK_STD,LISA_FORWARD_PD4_DARK_STD,,,[0.01:10],Counts,KEY,,,TRUE
LISA,LISA_FORWARD,,Parse Lisa FORWARD Smokey Log,PARSE,LISA_FORWARD_PD5_DARK_STD,LISA_FORWARD_PD5_DARK_STD,,,[0.01:10],Counts,KEY,,,TRUE
LISA,LISA_FORWARD,,Parse Lisa FORWARD Smokey Log,PARSE,LISA_FORWARD_PD6_DARK_STD,LISA_FORWARD_PD6_DARK_STD,,,[0.01:10],Counts,KEY,,,TRUE
LISA,LISA_FORWARD,,Parse Lisa FORWARD Smokey Log,PARSE,LISA_FORWARD_PD7_DARK_STD,LISA_FORWARD_PD7_DARK_STD,,,[0.01:10],Counts,KEY,,,TRUE
LISA,LISA_FORWARD,,Parse Lisa FORWARD Smokey Log,PARSE,LISA_FORWARD_DRX,LISA_FORWARD_DRX,,,[1:3.08],,KEY,,,TRUE
LISA,LISA_STOP,,Disable Lisa,DIAGS,"smokeyshell -r;smokeyshell -f ""nandfs:\AppleInternal\Diags\Logs\Smokey\Lisa\N140\Main.lua"" -e ""DisableLisa()""",,,,,,,,,TRUE
LISA,LISA_FORWARD-USBFS,,Disable Lisa,DIAGS,filelog --off,,,,,,,,,TRUE
LISA,LISA_FORWARD-USBFS,,Disable Lisa,DIAGS,consolerouter --rm --src lisa.debug.testdata --dest file,,,,,,,,,TRUE
FIXTURE,LISA_STOP,,Stop crown rorating,FIXTURE,Crown Stop,,,,PASS,,,,,TRUE
LISA,LISA_FORWARD-USBFS,,Init Usbfs,DIAGS,usbfs --mount,,,,,,,,,TRUE
LISA,LISA_FORWARD-USBFS,,Copy file to local,DIAGS,cp -r nandfs:\AppleInternal\Lisa_data\ usbfs:\,,,,,,,,,TRUE
LISA,LISA_FORWARD-USBFS,,Disable Usbfs,DIAGS,usbfs --unmount,,,,,,,,,TRUE
LISA,LISA_FORWARD-USBFS,,Put Data into Insight upload list,FILE_HANDLE,/Users/gdlocal/Desktop/Lisa_data@/vault/tmp/Lisa_data,,,,,,,,,TRUE
POWER,INIT_PMU_READ,,Read PMU ADC Values,DIAGS,pmuadc --read temp2,,,,,,,,,TRUE
POWER,INIT_PMU_READ,,Read value of temp2,PARSE,PMU_NTC2,PMUADC_TEMP_NTC2,,,[3300:15000],,,,,TRUE
POWER,INIT_PMU_READ,,Read PMU ADC Values,DIAGS,pmuadc --read temp4,,,,,,,,,TRUE
POWER,INIT_PMU_READ,,Read value of temp4,PARSE,PMU_NTC4,PMUADC_TEMP_NTC4,,,[3300:15000],,,,,TRUE
IMU,SET_BUBO_PFM,,Set SYSTEM_TO_PMU_REQUEST_PWM to low,DIAGS,socgpio --port 1 --pin 95 --input --nopull; socgpio --port 1 --pin 86 --input --nopull,,,,,,,,,TRUE
IMU,Kobol_INIT,,Init IMU,DIAGS,"sensor --sel accel,gyro --init",,,,,,,,,TRUE
IMU,Kobol_INIT,,Parse Init IMU,PARSE,Graphite_INIT_STATUS,IMU_INIT_STATUS,,,"""OK""",,KEY,,,TRUE
IMU,IMU_ACCEL_ID,,IMU Accel ID Information,DIAGS,sensor --sel accel --get,,,,,,,,,TRUE
IMU,IMU_ACCEL_ID,,Get IMU TYPE,PARSE,ACCEL_MANU_ID,,,IMU_MANU_ID,"""0x00E4""",,ATTRIBUTE,,,TRUE
IMU,IMU_ACCEL_ID,,Get IMU TYPE,PARSE,ACCEL_MANU_ID,,,IMU_MANU_ID,null,,ATTRIBUTE,,,TRUE
IMU,Kobol_ACCEL_ID,,Kobol Accel ID Information,DIAGS,sensor --sel accel --get,,,,,,,,,TRUE
IMU,Kobol_ACCEL_ID,IMU_MANU_ID==0x00E4,Parse Kobol IDs,PARSE,ACCEL_MANU_ID,IMU_MANU_ID,,IMU_MANU_ID,"""0x00E4""",,ATTRIBUTE,,,TRUE
IMU,Kobol_ACCEL_ID,IMU_MANU_ID==0x00E4,Parse Kobol IDs,PARSE,ACCEL_CHIP_ID,IMU_CHIP_ID,,IMU_CHIP_ID,,,ATTRIBUTE,,,TRUE
IMU,Kobol_ACCEL_ID,IMU_MANU_ID==0x00E4,Parse Kobol IDs,PARSE,ACCEL_REV_ID,IMU_REV_ID,,,,,ATTRIBUTE,,,TRUE
IMU,Kobol_ACCEL_ID,IMU_MANU_ID==0x00E4,Parse Kobol IDs,PARSE,ACCEL_MEMS_ID,IMU_MEMS_ID,,,,,ATTRIBUTE,,,TRUE
IMU,Kobol_ACCEL_ID,IMU_MANU_ID==0x00E4,Parse Kobol IDs,PARSE,ACCEL_ASIC_ID,IMU_ASIC_ID,,,,,ATTRIBUTE,,,TRUE
IMU,Arrikis_ACCEL_ID,IMU_MANU_ID==null,Parse Arrikis IDs,PARSE,ACCEL_DIE_ID,ACCEL_DIE_ID,,,,,ATTRIBUTE,,,TRUE
IMU,Arrikis_ACCEL_ID,IMU_MANU_ID==null,Parse Arrikis IDs,PARSE,ACCEL_DIE_REV,ACCEL_DIE_REV,,,,,ATTRIBUTE,,,TRUE
IMU,Arrikis_ACCEL_ID,IMU_MANU_ID==null,Parse Arrikis IDs,PARSE,ACCEL_WAFER_ID,ACCEL_WAFER_ID,,,,,ATTRIBUTE,,,TRUE
IMU,Arrikis_ACCEL_ID,IMU_MANU_ID==null,Parse Arrikis IDs,PARSE,ACCEL_LOT_INFO,ACCEL_LOT_INFO,,ACCEL_LOT_INFO,<G6H948|G6H931>,,ATTRIBUTE,,,TRUE
IMU,Kobol_GYRO_DRIVE_FREQ_MEAS,IMU_MANU_ID==0x00E4,Measure gyro drive frequency,DIAGS,sensor -s gyro --exectest drive_freq_measurement,,,,,,,,,TRUE
IMU,Kobol_GYRO_DRIVE_FREQ_MEAS,IMU_MANU_ID==0x00E4,Report gyro drive frequency,PARSE,CLK_POS_P,GYRO_Drive_Freq_pos,,,,,KEY,,,TRUE
IMU,Kobol_GYRO_DRIVE_FREQ_MEAS,IMU_MANU_ID==0x00E4,Report gyro drive frequency,PARSE,CLK_VEL_P,GYRO_Drive_Freq_vel,,,,,KEY,,,TRUE
IMU,IMU_Connectivity,,Kobol Accel Connectivity,DIAGS,sensor --sel accel --c,,,,,,,,,TRUE
IMU,IMU_Connectivity,,Parse Kobol Connectivtiy,PARSE,ACCEL_INT1_CONN_TEST,ACCEL_INT1_CONN_TEST,,,"""PASS""",,KEY,,,TRUE
IMU,IMU_Connectivity,,Parse Kobol Connectivtiy,PARSE,ACCEL_INT2_CONN_TEST,ACCEL_INT2_CONN_TEST,,,"""PASS""",,KEY,,,TRUE
IMU,IMU_OFF,,Turnoff IMU,DIAGS,"sensor --sel accel,gyro --turnoff; wait 200",,,,,,,,,TRUE
IMU,Kobol_ACCEL_SELFTEST,,Init Accel,DIAGS,sensor --sel accel --init,,,,,,,,,TRUE
IMU,Kobol_ACCEL_SELFTEST,,Kobol Accel Self Test,DIAGS,sensor --sel accel --exectest selftest,,,,,,,,,TRUE
IMU,Kobol_ACCEL_SELFTEST,,Parse Accel Self Test,PARSE,ACCEL_SELF_TEST_RESULT_AUTO,Kobol_Accel_SelfTest,,,"""PASS""",,KEY,,,TRUE
IMU,IMU_Combo_LPNM25_BUBO_PFM,,Init accelerometer and gyro,DIAGS,"sensor --sel accel,gyro --init",,,,,,,,,TRUE
IMU,IMU_Combo_LPNM25_BUBO_PFM,,Enter gyro low power mode,DIAGS,socgpio --port 1 --pin 95 --input --nopull; socgpio --port 1 --pin 86 --input --nopull,,,,,,,,,TRUE
IMU,IMU_Combo_LPNM25_BUBO_PFM,IMU_MANU_ID==0x00E4,Enter gyro low power mode,DIAGS,sensor --sel gyro --set lpm true,,,,,,,,,TRUE
IMU,IMU_Combo_LPNM25_BUBO_PFM,IMU_MANU_ID==0x00E4,Set gyro LPM duty cycle to 25 percent,DIAGS,sensor --sel gyro --set lpm_duty_cycle 25,,,,,,,,,TRUE
IMU,IMU_Combo_LPNM25_BUBO_PFM,IMU_MANU_ID==0x00E4,Set accel/gyro dynamic range to 32g/2000dps,DIAGS,sensor --sel accel --set dynamic_range 32; sensor --sel gyro --set dynamic_range 2000,,,,,,,,,TRUE
IMU,IMU_Combo_LPNM25_BUBO_PFM,IMU_MANU_ID==0x00E4,Set accel/gyro ODR to 800Hz,DIAGS,sensor --sel accel --set rate 800; sensor --sel gyro --set rate 800,,,,,,,,,TRUE
IMU,IMU_Combo_LPNM25_BUBO_PFM,IMU_MANU_ID==0x00E4,Set accel/gyro BW to 50Hz/100Hz,DIAGS,sensor --sel accel --set bw 50; sensor --sel gyro --set bw 100,,,,,,,,,TRUE
IMU,IMU_Combo_LPNM25_BUBO_PFM,IMU_MANU_ID==0x00E4,Set accel/gyro filter rolloff to -60dB/-20dB,DIAGS,sensorreg --sel accel --write 0x19 0x00; sensorreg --sel gyro --write 0x1B 0x08,,,,,,,,,TRUE
IMU,IMU_Combo_LPNM25_BUBO_PFM,IMU_MANU_ID==null,Set accel/gyro ODR to 200Hz,DIAGS,sensor --sel accel --set rate 200; sensor --sel gyro --set rate 200,,,,,,,,,TRUE
IMU,IMU_Combo_LPNM25_BUBO_PFM,ACCEL_LOT_INFO==G6H948,Set accel/gyro dynamic range to 128g/2000dps,DIAGS,sensor --sel accel --set dynamic_range 128; sensor --sel gyro --set dynamic_range 2000,,,,,,,,,TRUE
IMU,IMU_Combo_LPNM25_BUBO_PFM,ACCEL_LOT_INFO==G6H931,Set accel/gyro dynamic range to 16g/2000dps,DIAGS,sensor --sel accel --set dynamic_range 16; sensor --sel gyro --set dynamic_range 2000,,,,,,,,,TRUE
IMU,IMU_Combo_LPNM25_BUBO_PFM,IMU_MANU_ID==null,Set accel/gyro BW to 50Hz/100Hz,DIAGS,sensorreg -s accel --write 0x76 0x00; sensorreg -s accel --write 0x52 0x31,,,,,,,,,TRUE
IMU,IMU_Combo_LPNM25_BUBO_PFM,IMU_MANU_ID==null,Set accel/gyro filter rolloff to -60dB/-20dB,DIAGS,sensorreg -s accel --write 0x53 0x15; sensorreg -s gyro --write 0x51 0x12,,,,,,,,,TRUE
IMU,IMU_Combo_LPNM25_BUBO_PFM,,Enter BG quiesce,DIAGS,event -s enter-bg-quiesce,,,,,,,,,TRUE
IMU,IMU_Combo_LPNM25_BUBO_PFM,,Collect 500ms of accelerometer and gyro data,DIAGS,"sensor --sel accel,gyro --sample 500ms --stats --quiet",,,,,,,15,,TRUE
IMU,IMU_Combo_LPNM25_BUBO_PFM,IMU_MANU_ID==0x00E4,Measure average accelerometer output in X direction,PARSE,SENSOR_ACCEL_AVERAGE_X,Combo_LPNM25_PFM_onPUCK_accel_average_x,,Combo_LPNM25_PFM_onPUCK_accel_average_x,[-0.118:0.118],g,KEY,,,TRUE
IMU,IMU_Combo_LPNM25_BUBO_PFM,IMU_MANU_ID==0x00E4,Measure average accelerometer output in Y direction,PARSE,SENSOR_ACCEL_AVERAGE_Y,Combo_LPNM25_PFM_onPUCK_accel_average_y,,Combo_LPNM25_PFM_onPUCK_accel_average_y,[-0.118:0.118],g,KEY,,,TRUE
IMU,IMU_Combo_LPNM25_BUBO_PFM,IMU_MANU_ID==0x00E4,Measure average accelerometer output in Z direction,PARSE,SENSOR_ACCEL_AVERAGE_Z,Combo_LPNM25_PFM_onPUCK_accel_average_z,,Combo_LPNM25_PFM_onPUCK_accel_average_z,[0.882:1.118],g,KEY,,,TRUE
IMU,IMU_Combo_LPNM25_BUBO_PFM,ACCEL_LOT_INFO==G6H931,Measure average accelerometer output in Z direction,PARSE,SENSOR_ACCEL_AVERAGE_X,Combo_LPNM25_PFM_onPUCK_accel_average_x,,Combo_LPNM25_PFM_onPUCK_accel_average_x,[-0.118:0.118],g,KEY,,,TRUE
IMU,IMU_Combo_LPNM25_BUBO_PFM,ACCEL_LOT_INFO==G6H931,Measure average accelerometer output in Z direction,PARSE,SENSOR_ACCEL_AVERAGE_Y,Combo_LPNM25_PFM_onPUCK_accel_average_y,,Combo_LPNM25_PFM_onPUCK_accel_average_y,[-0.118:0.118],g,KEY,,,TRUE
IMU,IMU_Combo_LPNM25_BUBO_PFM,ACCEL_LOT_INFO==G6H931,Measure average accelerometer output in Z direction,PARSE,SENSOR_ACCEL_AVERAGE_Z,Combo_LPNM25_PFM_onPUCK_accel_average_z,,Combo_LPNM25_PFM_onPUCK_accel_average_z,[0.882:1.118],g,KEY,,,TRUE
IMU,IMU_Combo_LPNM25_BUBO_PFM,ACCEL_LOT_INFO==G6H948,Measure average accelerometer output in X direction,PARSE,SENSOR_ACCEL_AVERAGE_X,Combo_LPNM25_PFM_onPUCK_accel_average_x,,Combo_LPNM25_PFM_onPUCK_accel_average_x,[-0.600:0.600],g,KEY,,,TRUE
IMU,IMU_Combo_LPNM25_BUBO_PFM,ACCEL_LOT_INFO==G6H948,Measure average accelerometer output in Y direction,PARSE,SENSOR_ACCEL_AVERAGE_Y,Combo_LPNM25_PFM_onPUCK_accel_average_y,,Combo_LPNM25_PFM_onPUCK_accel_average_y,[-0.600:0.600],g,KEY,,,TRUE
IMU,IMU_Combo_LPNM25_BUBO_PFM,ACCEL_LOT_INFO==G6H948,Measure average accelerometer output in Z direction,PARSE,SENSOR_ACCEL_AVERAGE_Z,Combo_LPNM25_PFM_onPUCK_accel_average_z,,Combo_LPNM25_PFM_onPUCK_accel_average_z,[0.400:1.600],g,KEY,,,TRUE
IMU,IMU_Combo_LPNM25_BUBO_PFM,,Measure accelerometer standard deviation in X direction,PARSE,SENSOR_ACCEL_STDDEV_X,Combo_LPNM25_PFM_onPUCK_accel_stdev_x,,Combo_LPNM25_PFM_onPUCK_accel_stdev_x,[0.00001:0.05],g-rms,KEY,,,TRUE
IMU,IMU_Combo_LPNM25_BUBO_PFM,,Measure accelerometer standard deviation in Y direction,PARSE,SENSOR_ACCEL_STDDEV_Y,Combo_LPNM25_PFM_onPUCK_accel_stdev_y,,Combo_LPNM25_PFM_onPUCK_accel_stdev_y,[0.00001:0.05],g-rms,KEY,,,TRUE
IMU,IMU_Combo_LPNM25_BUBO_PFM,,Measure accelerometer standard deviation in Z direction,PARSE,SENSOR_ACCEL_STDDEV_Z,Combo_LPNM25_PFM_onPUCK_accel_stdev_z,,Combo_LPNM25_PFM_onPUCK_accel_stdev_z,[0.00001:0.05],g-rms,KEY,,,TRUE
IMU,IMU_Combo_LPNM25_BUBO_PFM,,Measure average gyro output in X direction,PARSE,SENSOR_GYRO_AVERAGE_X,Combo_LPNM25_PFM_onPUCK_gyro_average_x,,Combo_LPNM25_PFM_onPUCK_gyro_average_x,[-25:25],dps,KEY,,,TRUE
IMU,IMU_Combo_LPNM25_BUBO_PFM,,Measure average gyro output in Y direction,PARSE,SENSOR_GYRO_AVERAGE_Y,Combo_LPNM25_PFM_onPUCK_gyro_average_y,,Combo_LPNM25_PFM_onPUCK_gyro_average_y,[-25:25],dps,KEY,,,TRUE
IMU,IMU_Combo_LPNM25_BUBO_PFM,,Measure average gyro output in Z direction,PARSE,SENSOR_GYRO_AVERAGE_Z,Combo_LPNM25_PFM_onPUCK_gyro_average_z,,Combo_LPNM25_PFM_onPUCK_gyro_average_z,[-25:25],dps,KEY,,,TRUE
IMU,IMU_Combo_LPNM25_BUBO_PFM,,Measure gyro standard deviation in X direction,PARSE,SENSOR_GYRO_STDDEV_X,Combo_LPNM25_PFM_onPUCK_gyro_stdev_x,,Combo_LPNM25_PFM_onPUCK_gyro_stdev_x,[0.00001:],dps-rms,KEY,,,TRUE
IMU,IMU_Combo_LPNM25_BUBO_PFM,,Measure gyro standard deviation in Y direction,PARSE,SENSOR_GYRO_STDDEV_Y,Combo_LPNM25_PFM_onPUCK_gyro_stdev_y,,Combo_LPNM25_PFM_onPUCK_gyro_stdev_y,[0.00001:],dps-rms,KEY,,,TRUE
IMU,IMU_Combo_LPNM25_BUBO_PFM,,Measure gyro standard deviation in Z direction,PARSE,SENSOR_GYRO_STDDEV_Z,Combo_LPNM25_PFM_onPUCK_gyro_stdev_z,,Combo_LPNM25_PFM_onPUCK_gyro_stdev_z,[0.00001:],dps-rms,KEY,,,TRUE
IMU,IMU_Combo_LPNM25_BUBO_PFM,IMU_MANU_ID==0x00E4,Measure gyro ODR,PARSE,SENSOR_GYRO_ODR,Combo_LPNM25_PFM_onPUCK_gyro_odr,,Combo_LPNM25_PFM_onPUCK_gyro_odr,[720:880],Hz,KEY,,,TRUE
IMU,IMU_Combo_LPNM25_BUBO_PFM,IMU_MANU_ID==null,Measure gyro ODR,PARSE,SENSOR_GYRO_ODR,Combo_LPNM25_PFM_onPUCK_gyro_odr,,Combo_LPNM25_PFM_onPUCK_gyro_odr,[180:220],Hz,KEY,,,TRUE
IMU,IMU_Combo_LPNM25_BUBO_PFM,,Measure gyro temperature,PARSE,SENSOR_GYRO_AVERAGE_TEMP,Combo_LPNM25_PFM_onPUCK_gyro_temp,,Combo_LPNM25_PFM_onPUCK_gyro_temp,[5:],C,KEY,,,TRUE
IMU,IMU_Combo_LPNM25_BUBO_PFM,,Leave BG quiesce,DIAGS,event -s leave-bg-quiesce,,,,,,,,,TRUE
IMU,IMU_Combo_LPNM25_BUBO_PFM,IMU_MANU_ID==0x00E4,Exit gyro low noise mode,DIAGS,sensor --sel gyro --set lpm false,,,,,,,,,TRUE
IMU,TURN_OFF_IMU,,Turn off accelerometer and gyro,DIAGS,"sensor --sel accel,gyro --turnoff",,,,,,,,,TRUE
PRESSURE,POTASSIUM,,Init Potassium,DIAGS,sensor --sel pressure2 --init,,,,,,,,,TRUE
PRESSURE,POTASSIUM,,Parse Potassium Init,PARSE,POTASSIUM_INIT_RESULT,POTASSIUM_INIT_STATUS,,,"""OK""",,KEY,,,TRUE
PRESSURE,POTASSIUM,,Check Pressure Chip_ID,DIAGS,sensor -s pressure2 --get chip_id,,,,,,,,,TRUE
PRESSURE,POTASSIUM,,Parse Chip ID,PARSE,PRESSURE_CHIP_ID,PRESSURE_CHIP_ID,,PRESSURE_CHIP_ID,,,ATTRIBUTE,,,TRUE
PRESSURE,POTASSIUM,,Dump Potassium Registers,DIAGS,sensorreg -s pressure2 --dump,,,,,,,,,TRUE
PRESSURE,EIGER REGISTER,PRESSURE_CHIP_ID!==0x30 && PRESSURE_CHIP_ID!==0x28,Parse 0x00,PARSEHEX,IN_PR_Chip_ID,IN_PR_Chip_ID,,,,,KEY,,,TRUE
PRESSURE,EIGER REGISTER,PRESSURE_CHIP_ID!==0x30 && PRESSURE_CHIP_ID!==0x28,Parse 0x01,PARSEHEX,IN_PR_Rev_ID,IN_PR_Rev_ID,,,,,KEY,,,TRUE
PRESSURE,EIGER-C REGISTER,PRESSURE_CHIP_ID==0x30,Parse 0x00,PARSEHEX,IN_EIGER-C_Mfg_ID,IN_EIGER-C_Mfg_ID,,,,,KEY,,,TRUE
PRESSURE,EIGER-C REGISTER,PRESSURE_CHIP_ID==0x30,Parse 0x01,PARSEHEX,IN_PR_Chip_ID,IN_PR_Chip_ID,,,,,KEY,,,TRUE
PRESSURE,EIGER-C REGISTER,PRESSURE_CHIP_ID==0x30,Parse 0x02,PARSEHEX,IN_PR_Rev_ID,IN_PR_Rev_ID,,,,,KEY,,,TRUE
PRESSURE,POTASSIUM,PRESSURE_CHIP_ID==0x28,Parse 0x80,PARSEHEX,IN_PR_Mfg_ID,IN_PR_Mfg_ID,,,,,KEY,,,TRUE
PRESSURE,POTASSIUM,PRESSURE_CHIP_ID==0x28,Parse 0x81,PARSEHEX,IN_PR_Chip_ID,IN_PR_Chip_ID,,,,,KEY,,,TRUE
PRESSURE,POTASSIUM,PRESSURE_CHIP_ID==0x28,Parse 0x82,PARSEHEX,IN_PR_Rev_ID,IN_PR_Trim_Rev,,,,,KEY,,,TRUE
PRESSURE,POTASSIUM,,Potassium Connectivty,DIAGS,sensor --sel pressure2 --c,,,,,,,,,TRUE
PRESSURE,POTASSIUM,,Parse Potassium Connectivity,PARSE,POTASSUIM_CONN_TEST_RESULT,POTASSIUM_CONN_TEST_RESULT,,,"""PASS""",,KEY,,,TRUE
PRESSURE,POTASSIUM,,Sample Potassium Data,DIAGS,sensor --sel pressure2 --sample 50 --stats,,,,,,,,,TRUE
PRESSURE,POTASSIUM,,"Parse pressure2 ODR (K2/25, Eiger/30)",PARSE,SENSOR_PRESSURE2_ODR,IN_PR_odr,,,[22.5:32.5],,KEY,,,TRUE
PRESSURE,POTASSIUM,,Parse pressure2 average pressure,PARSE,SENSOR_PRESSURE2_AVERAGE_PRESSURE,IN_PR_press_average,,,[90:110],kPa,KEY,,,TRUE
PRESSURE,POTASSIUM,,Parse pressure2 average temp,PARSE,SENSOR_PRESSURE2_AVERAGE_TEMP,IN_PR_temp_average,,,[15:45],C,KEY,,,TRUE
PRESSURE,POTASSIUM,,Parse pressure2 std dev pressure,PARSE,SENSOR_PRESSURE2_STD_PRESSURE,FR_POTASSIUM_STD_kPA,,FR_POTASSIUM_STD_kPA,,,KEY,,,TRUE
PRESSURE,POTASSIUM,,Parse pressure2 std dev temp,PARSE,SENSOR_PRESSURE2_STD_TEMP,IN_PR_temp_std,,,[0:0.175],C.rms,KEY,,,TRUE
PRESSURE,POTASSIUM,,Parse pressure2 max pressure,PARSE,SENSOR_PRESSURE2_MAX_PRESSURE,IN_PR_press_max,,,[90:110],kPa,KEY,,,TRUE
PRESSURE,POTASSIUM,,Parse pressure2 min temp,PARSE,SENSOR_PRESSURE2_MIN_PRESSURE,IN_PR_press_min,,,[90:110],C,KEY,,,TRUE
PRESSURE,POTASSIUM,,Parse pressure2 range temp,PARSE,SENSOR_PRESSURE2_RANGE_PRESSURE,,,IK_Range_kPA,,,,,,TRUE
PRESSURE,POTASSIUM,,Parse pressure2 bad sample count,PARSE,SENSOR_PRESSURE2_BAD_SAMPLES,FR_Potassium_bad_sample,,,[0:0],,KEY,,,TRUE
PRESSURE,POTASSIUM,,Parse pressure2 std dev pressure,CACULATE,FR_POTASSIUM_STD_kPA*1000,IN_PR_press_std,,,[0.001:4.5],kPa.rms,KEY,,,TRUE
PRESSURE,POTASSIUM,,Parse pressure2 range temp,CACULATE,IK_Range_kPA*1000,IN_PR_range,,,[0.001:200],Pa,KEY,,,TRUE
PRESSURE,POTASSIUM,,Turn OFF Sensors (Potassium),DIAGS,sensor --sel pressure2 --turnoff;,,,,,,,,,TRUE
COMPASS,MOLYBDENUM,,Turn on compass sensor,DIAGS,sensor --sel compass --init,,,,,,,,,TRUE
COMPASS,MOLYBDENUM,,Parse init compass,PARSE,COMPASS_INIT_STATUS,COMPASS_INIT_STATUS,,,"""OK""",,KEY,,,TRUE
COMPASS,MOLYBDENUM,,Get compass chip info,DIAGS,sensor --sel compass --get,,,,,,,,,TRUE
COMPASS,MOLYBDENUM,,Parse compass chip id,PARSE,COMPASS_CHIP_ID,,,,,,ATTRIBUTE,,,TRUE
COMPASS,MOLYBDENUM,,Check compass connectivity,DIAGS,sensor --sel compass --conntest,,,,,,,,,TRUE
COMPASS,MOLYBDENUM,,Parse compass connectivity status,PARSE,COMPASS_CONN_STATUS,COMPASS_CONN_STATUS,,,"""PASS""",,KEY,,,TRUE
COMPASS,MOLYBDENUM,,Run Compass selftest,DIAGS,sensor --sel compass --exectest selftest,,,,,,,,,TRUE
COMPASS,MOLYBDENUM,,Run Compass selftest,PARSE,COMPASS_SELF_PMN_X,Compass_Self_PMN_X,,,,,KEY,,,TRUE
COMPASS,MOLYBDENUM,,Run Compass selftest,PARSE,COMPASS_SELF_PMN_Y,Compass_Self_PMN_Y,,,,,KEY,,,TRUE
COMPASS,MOLYBDENUM,,Run Compass selftest,PARSE,COMPASS_SELF_PMN_Z,Compass_Self_PMN_Z,,,,,KEY,,,TRUE
COMPASS,MOLYBDENUM,,Run Compass selftest,PARSE,COMPAS_SELFTEST_STATUS,COMPAS_SELFTEST_STATUS,,,,,KEY,,,TRUE
POWER,QUIESCE_SYSTEM,,Turn OFF Sensors (compass),DIAGS,sensor --sel compass --turnoff;,,,,,,,,,TRUE
POWER,QUIESCE_SYSTEM,,Turn OFF Sensors (lisa),DIAGS,sensor --sel lisa --turnoff;,,,,,,,,,TRUE
POWER,QUIESCE_SYSTEM,,Turn OFF Sensors (platinum),DIAGS,sensor --sel platinum --turnoff;,,,,,,,,,TRUE
CODEC,ARDMORE_TEST,,Reset and Init Ardmore (DMIC in low power mode),DIAGS,audio -r;socgpio --port 1 --pin 103 --output 1,,,,,,,,,TRUE
CODEC,ARDMORE_TEST,,Enable boots1to the routeaudio,DIAGS,audioparam --block codec --set --param enable-boost1 --value true,,,,,,,,,TRUE
CODEC,ARDMORE_TEST,,Read Ardmore Voltages,DIAGS,pmuadc --read buck3;pmuadc --read ldo6;pmuadc --read appmux_in2; pmuadc --read vddout,,,,,,,,,TRUE
CODEC,ARDMORE_TEST,,Parse value of buck3_sw3a,PARSE,PMUADC_STAT_BUCK3,INIT_ARDMORE_PMUADC_BUCK3_SW3A,,,[1770:1810],mV,KEY,,,TRUE
CODEC,ARDMORE_TEST,,Parse value of ldo6,PARSE,PMUADC_STAT_LDO6,INIT_ARDMORE_PMUADC_LDO6,,,[1750:1850],mV,KEY,,,TRUE
CODEC,ARDMORE_TEST,,Parse value of appmux_in2,PARSE,PMUADC_STAT_APPMUX_IN2,INIT_ARDMORE_PMUADC_APPMUX_IN2,,,[2400:2750],mV,KEY,,,TRUE
CODEC,ARDMORE_TEST,,Parse value of vddout,PARSE,PMUADC_STAT_VDDOUT,INIT_ARDMORE_PMUADC_VDDOUT,,,[3500:5000],mV,KEY,,,TRUE
CODEC,ARDMORE_TEST,,Read Ardmore Currents,DIAGS,pmuadc --read ibuck3 --stats 50;pmuadc --read ildo6 --stats 50,,,,,,,,,TRUE
CODEC,ARDMORE_TEST,,Parse mean value of ibuck3_sw3a,PARSE,PMUADC_STAT_IBUCK3,INIT_ARDMORE_PMUADC_IBUCK3,,,[3:22],mA,KEY,,,TRUE
CODEC,ARDMORE_TEST,,Parse mean value of ildo6,PARSE,PMUADC_STAT_ILDO6,INIT_ARDMORE_PMUADC_ILDO6,,,[0:15],mA,KEY,,,TRUE
CODEC,ARDMORE_TEST,,Read Ardmore ATE Rev and ID,DIAGS,audioreg -b codec -r -a 0x2001;audioreg -b codec -r -a 0x2002,,,,,,,,,TRUE
CODEC,ARDMORE_TEST,,Parse Ardmore ATE Rev,PARSE,ARDMORE_CHIP_ID_HI,ARDMORE_CHIP_ID_HI,,,<0x24>,,ATTRIBUTE,,,TRUE
CODEC,ARDMORE_TEST,,Parse Ardmore ID,PARSE,ARDMORE_CHIP_ID_LO,ARDMORE_CHIP_ID_LO,,,<0x81>,,ATTRIBUTE,,,TRUE
RADIO,BASEBAND,DUT_TYPE==N142 && MLB_CFG!=KR11 && MLB_CFG!=KR31 && MLB_CFG!=KR21 && MLB_CFG!=KR41,Enable SPAM Debug Power,SPAM,./spamtool dbgpwron /dev/cu.usbserial*,,,,,,,,,TRUE
RADIO,BASEBAND,DUT_TYPE==N142 && MLB_CFG!=KR11 && MLB_CFG!=KR31 && MLB_CFG!=KR21 && MLB_CFG!=KR41,Sleep 2s for enable SPAM Debug Power,DIAGS,wait 2000,,,,,,,,,TRUE
SENSORS,CARNELIAN,,Initialize Carnelian,DIAGS,sensor --sel platinum --init;,,,,,,,,,TRUE
SENSORS,CARNELIAN,,Set up Carnelian,DIAGS,sensorreg -s platinum --write 0xC2 0x0000; sensorreg -s platinum --write 0xC6 0x0000,,,,,,,,,TRUE
SENSORS,CARNELIAN,,run bcm_test for 100ms,DIAGS,"sensor --sel platinum -e bcm_test --testopts ""--time 100 --avg 100 --start 1""",,,,,,,,,TRUE
SENSORS,CARNELIAN,,X1013_DCS_LON_SIG_AVGG_HR00,PARSE,TIA0_HRSLOT0_ADC_avg,X1013_DCS_LON_SIG_AVG_HR00,,,[20000:],,KEY,,,TRUE
SENSORS,CARNELIAN,,X1013_DCS_LON_SIG_AVGG_HR10,PARSE,TIA0_HRSLOT1_ADC_avg,X1013_DCS_LON_SIG_AVGG_HR10,,,[20000:],,KEY,,,TRUE
SENSORS,CARNELIAN,,X1013_DCS_LON_SIG_AVGG_HR20,PARSE,TIA0_HRSLOT2_ADC_avg,X1013_DCS_LON_SIG_AVGG_HR20,,,[20000:],,KEY,,,TRUE
SENSORS,CARNELIAN,,X1013_DCS_LON_SIG_AVGG_HR30,PARSE,TIA0_HRSLOT3_ADC_avg,X1013_DCS_LON_SIG_AVGG_HR30,,,[20000:],,KEY,,,TRUE
SENSORS,CARNELIAN,,X1013_DCS_LON_SIG_AVGG_HR40,PARSE,TIA0_HRSLOT4_ADC_avg,X1013_DCS_LON_SIG_AVGG_HR40,,,[20000:],,KEY,,,TRUE
SENSORS,CARNELIAN,,X1013_DCS_LON_SIG_AVGG_HR50,PARSE,TIA0_HRSLOT5_ADC_avg,X1013_DCS_LON_SIG_AVGG_HR50,,,[20000:],,KEY,,,TRUE
SENSORS,CARNELIAN,,X1013_DCS_LON_SIG_AVGG_HR01,PARSE,TIA1_HRSLOT0_ADC_avg,X1013_DCS_LON_SIG_AVGG_HR01,,,[20000:],,KEY,,,TRUE
SENSORS,CARNELIAN,,X1013_DCS_LON_SIG_AVGG_HR11,PARSE,TIA1_HRSLOT1_ADC_avg,X1013_DCS_LON_SIG_AVGG_HR11,,,[20000:],,KEY,,,TRUE
SENSORS,CARNELIAN,,X1013_DCS_LON_SIG_AVGG_HR21,PARSE,TIA1_HRSLOT2_ADC_avg,X1013_DCS_LON_SIG_AVGG_HR21,,,[20000:],,KEY,,,TRUE
SENSORS,CARNELIAN,,X1013_DCS_LON_SIG_AVGG_HR31,PARSE,TIA1_HRSLOT3_ADC_avg,X1013_DCS_LON_SIG_AVGG_HR31,,,[20000:],,KEY,,,TRUE
SENSORS,CARNELIAN,,X1013_DCS_LON_SIG_AVGG_HR41,PARSE,TIA1_HRSLOT4_ADC_avg,X1013_DCS_LON_SIG_AVGG_HR41,,,[20000:],,KEY,,,TRUE
SENSORS,CARNELIAN,,X1013_DCS_LON_SIG_AVGG_HR51,PARSE,TIA1_HRSLOT5_ADC_avg,X1013_DCS_LON_SIG_AVGG_HR51,,,[20000:],,KEY,,,TRUE
SENSORS,CARNELIAN,,platinum off,DIAGS,sensor --sel platinum --turnoff,,,,,,,15,,TRUE
SENSORS,CARNELIAN,,Audio off,DIAGS,audio -f,,,,,,,15,,TRUE
BUTTON,BUTTONS_CHECK,,Check IDLE Button,DIAGS,i2c -z 2 -d 5 0x3c 0x1907 1,,,,,,,,,TRUE
BUTTON,BUTTONS_CHECK,,Parse Button Register,HEX2BIN,BUTTON_STAT,,,BUTTON_1_2_STAT,,,KEY,,,TRUE
BUTTON,BUTTONS_CHECK,,Parse Button 1,"SubStr(-1,1)",BUTTON_1_2_STAT,IDLEBUTTON_1_EXPECT_1_1,,,<1>,,KEY,,,TRUE
BUTTON,BUTTONS_CHECK,,Parse Button 2,"SubStr(-2,1)",BUTTON_1_2_STAT,IDLEBUTTON_2_EXPECT_1_1,,,<1>,,KEY,,,TRUE
BUTTON,BUTTONS_CHECK,,Fixture Press Button2,FIXTURE,Button2 ON,,,,PASS,,,,,TRUE
BUTTON,BUTTONS_CHECK,,Check Press Button 2,DIAGS,pmustat btn,,,,,,,,,TRUE
BUTTON,BUTTONS_CHECK,,Parse Button 2,PARSE,BUTTON_2_STAT,BUTTON_2_EXPECT_1_0,,,<0>,,KEY,,,TRUE
BUTTON,BUTTONS_CHECK,,Fixture Release Button2,FIXTURE,Button2 OFF,,,,PASS,,,,,TRUE
BUTTON,BUTTONS_CHECK,,Check Release Button 2,DIAGS,pmustat btn,,,,,,,,,TRUE
BUTTON,BUTTONS_CHECK,,Parse Button 2,PARSE,BUTTON_2_STAT,BUTTON_2_EXPECT_1_1,,,<1>,,KEY,,,TRUE
BUTTON,DOUBLE_CLICK,,Configure Double Click Timing to 400ms. Note 400ms is the max setting,DIAGS,pmureg -w 0 0x1902 0x19,Configure Double Click Timing to 400ms,,,,,,,,TRUE
BUTTON,DOUBLE_CLICK,,Double Click the Button1,FIXTURE,Button1 Twice,,,,PASS,,,,,TRUE
BUTTON,DOUBLE_CLICK,,Read PMU register for Double Click Event Button1,DIAGS,pmureg -r 0 0x1902,,,,,,,,,TRUE
BUTTON,DOUBLE_CLICK,,Parse PMU register for Double Click Event Button1,HEX2BIN,BUTTON_STAT,PMU_BUTTON_EVENT_DET_BUTTON_1,,PMU_BUTTON_EVENT_DET_BUTTON_1,,,,,,TRUE
BUTTON,DOUBLE_CLICK,,Check the last bit[0] for Button1 Double click,"SubStr(-1,1)",PMU_BUTTON_EVENT_DET_BUTTON_1,DOUBLE_CLICK_DET_EVENT_BUTTON_1,,,<1>,,KEY,,,TRUE
RADIO,GERMANIUM,DUT_TYPE==N140,Turn Germanium ON,DIAGS,gps --off;gps --on,,,,,,,10,,TRUE
RADIO,GERMANIUM,DUT_TYPE==N140,Germanium Test,DIAGS,gps --exectest load_firmware,,,,,,,10,,TRUE
RADIO,GERMANIUM,DUT_TYPE==N140,Parse Germainum Test,PARSE,GPS_LOAD_FIRMWARE_COMPLETE,GPS_LOAD_FIRMWARE_COMPLETE,,,"""complete""",,,,,TRUE
RADIO,GERMANIUM,DUT_TYPE==N140,Parse Germanium Test,PARSE,GPS_FIRMWARE_VERSION,GPS_FIRMWARE_VERSION,,,,,ATTRIBUTE,,,TRUE
RADIO,GERMANIUM,DUT_TYPE==N140,Germanium Test,DIAGS,gps --ping;gps --off,,,,,,,,,TRUE
RADIO,BASEBAND,DUT_TYPE==N142,Baseband Quick Test and Properties,DIAGS,bbon;baseband --properties,,,,,,,15,,TRUE
RADIO,BASEBAND,DUT_TYPE==N142,Parse Baseband Serial number,PARSE,BASEBAND_SERIAL_NO,BASEBAND_SERIAL_NO,,,,,KEY,,,TRUE
RADIO,VINYL_TEST,DUT_TYPE==N142,Vinyl Check Test,DIAGS,"baseband --send_cmd ""at@vinyl:get_eid(1)""",,,,,,,,,TRUE
RADIO,VINYL_TEST,DUT_TYPE==N142,Parse the vinyl check results,PARSE,VINYL_CHECK_STATUS,VINYL_CHECK_STATUS,,,"""OK""",,ATTRIBUTE,,,TRUE
RADIO,BASEBAND,DUT_TYPE==N142,init BCM ANT connection test,DIAGS,"baseband --send_cmd ""at@xns:init()""",,,,,,,,,TRUE
RADIO,BASEBAND,DUT_TYPE==N142,scan BCM ANT Tunner,DIAGS,"baseband --send at@xns:rffe_scan(1,2,0,15)",,,,,,,,,TRUE
RADIO,BASEBAND,DUT_TYPE==N142,parse BCM_TUNNER_CHECK,PARSE,TUNNER_CHECK_1,,,,<32>,,KEY,,,TRUE
RADIO,BASEBAND,DUT_TYPE==N142,parse BCM_TUNNER_CHECK,PARSE,TUNNER_CHECK_2,,,,<32>,,KEY,,,TRUE
RADIO,BASEBAND,DUT_TYPE==N142,parse BCM_TUNNER_CHECK,PARSE,TUNNER_CHECK_3,,,,<38>,,KEY,,,TRUE
RADIO,BASEBAND,DUT_TYPE==N142,parse BCM_TUNNER_CHECK,PARSE,TUNNER_CHECK_4,,,,<36>,,KEY,,,TRUE
RADIO,BASEBAND,DUT_TYPE==N142,parse BCM_TUNNER_CHECK,PARSE,TUNNER_CHECK_5,,,,<34>,,KEY,,,TRUE
RADIO,BASEBAND,DUT_TYPE==N142,parse BCM_TUNNER_CHECK,PARSE,TUNNER_CHECK_6,,,,<36>,,KEY,,,TRUE
RADIO,VINYL_TEST,DUT_TYPE==N142,Turn off Baseband when done,DIAGS,baseband --off,,,,,,,,,TRUE
POWER,END_QUIESCE_SYSTEM,,clear the debug interrupt,DIAGS,tristar -r '0x0d',,,,,,,,,TRUE
TEST_END,SET_NVRAM,,Set Auto-Boot to false,DIAGS,nvram --set auto-boot false,,,,,,,,,TRUE
TEST_END,SET_NVRAM,,NVRAM save,DIAGS,nvram --save,,,,,,,,,TRUE
END_CB,END_CONTROLBIT,,Write Control Bit Information (station specific command),DIAGS,(station specific command),,,,,,,,,TRUE
END_CB,END_CONTROLBIT,,Read Control Bit Information (station specific command),DIAGS,(station specific command),,,,,,,,,TRUE
END_CB,SKIP_CONTROLBIT,DUT_TYPE==N140,Skip Control Bit (CB SKIP),DIAGS,cbskip,,,,,,,,,TRUE
TEST_END,UNIT STANDBY,,Put unit into standby,NOPARSE,shutdown,,,,,,,,,TRUE
TEST_END,FIXTURE_SETUP,,Fixture Reset,FIXTURE,Reset,,,,PASS,,,,,TRUE
TEST_END,TEST_END,,Test End,TEST_END,End test,,,,,,,,,TRUE
