GATEKEEPER,V1.1.3.2
Site, Product, SerialNumber, Special Build Name, Special Build Description, Unit Number, Station ID, Test Pass/Fail Status, StartTime, EndTime, Version, List of Failing Tests,Scan_FG_SN,Start Data Reporting,Start Data Reporting,Start Data Reporting,Start Data Reporting,Check_All_CB - CB_STATUS_MLB-FCT,Check_All_CB - ABS_ERASE_MLB-FCT,Check_All_CB - ABS_FAIL_MLB-FCT,Check_All_CB - REL_FAIL_MLB-FCT,Check_All_CB - CB_STATUS_TEST1,Check_All_CB - ABS_ERASE_TEST1,Check_All_CB - ABS_FAIL_TEST1,Check_All_CB - REL_FAIL_TEST1,Check_All_CB - CB_STATUS_QT0,Check_All_CB - ABS_ERASE_QT0,Check_All_CB - ABS_FAIL_QT0,Check_All_CB - REL_FAIL_QT0,Check_All_CB - CB_STATUS_DFU2-FTW,Check_All_CB - ABS_ERASE_DFU2-FTW,Check_All_CB - ABS_FAIL_DFU2-FTW,Check_All_CB - REL_FAIL_DFU2-FTW,Check_All_CB - CB_STATUS_QT1,Check_All_CB - ABS_ERASE_QT1,Check_All_CB - ABS_FAIL_QT1,Check_All_CB - REL_FAIL_QT1,Check_All_CB - CB_STATUS_LED-TEST,Check_All_CB - ABS_ERASE_LED-TEST,Check_All_CB - ABS_FAIL_LED-TEST,Check_All_CB - REL_FAIL_LED-TEST,Check_All_CB - CB_STATUS_KEY-FORCE,Check_All_CB - ABS_ERASE_KEY-FORCE,Check_All_CB - ABS_FAIL_KEY-FORCE,Check_All_CB - REL_FAIL_KEY-FORCE,Check_All_CB - CB_STATUS_TEST2,Check_All_CB - ABS_ERASE_TEST2,Check_All_CB - ABS_FAIL_TEST2,Check_All_CB - REL_FAIL_TEST2,Check_All_CB - CB_STATUS_MMI,Check_All_CB - ABS_ERASE_MMI,Check_All_CB - ABS_FAIL_MMI,Check_All_CB - REL_FAIL_MMI,Check_All_CB - CB_STATUS_SW-DOWNLOAD,Check_All_CB - ABS_ERASE_SW-DOWNLOAD,Check_All_CB - ABS_FAIL_SW-DOWNLOAD,Check_All_CB - REL_FAIL_SW-DOWNLOAD,Check_Bootargs_Status,Read_FG_SN,Compare_FG_SN,MLB_SN,WO_SN,UNIT_LBL,BUILD_EVENT,S_BUILD,KBM_SN,BACKLIGHT_SN,TRACKPAD_SN,TOUCH_FLEX_SN,Check_EP_Status,EP_Enable_All,STFW - STFW,STFW,Read_HW_Version - Read_HW_Version,Read_HW_Version,GreenPAK_ID - GreenPAK_ID,GreenPAK_ID,TOUCH_FW - TOUCH_FW,TOUCH_FW,Read_CCG3_FW,Production_Signed_Check - Production_Signed_Check,Production_Signed_Check,Read_KBD_HW_Layout - Read_KBD_HW_Layout,Read_KBD_HW_Layout,Get_KBD_HW_Layout - Read_KBD_HW_Layout,Get_KBD_HW_Layout,Compare_KBD_HW_Layout,Read_MLB_Lang,Get_KBD_Lang,Check_KBD_Lang,Read_MFI_Address - Read_MFI_Address,Read_MFI_Address,System_Critical_Errors - CRIT_ERR_E1_PART1,System_Critical_Errors - CRIT_ERR_E1_PART2,FW_Update_Critical_Errors - CRIT_ERR_E2_PART1,FW_Update_Critical_Errors - CRIT_ERR_E2_PART2,FW_Update_Critical_Errors - CRIT_ERR_E2_PART3,Key_Scan_Critical_Errors - CRIT_ERR_E7_PART1,Key_Scan_Critical_Errors - CRIT_ERR_E7_PART2,Key_Scan_Critical_Errors - CRIT_ERR_E7_PART3,Key_Scan_Critical_Errors - CRIT_ERR_E7_PART4,USBC_Critical_Errors - CRIT_ERR_E3_PART1,USBC_Critical_Errors - CRIT_ERR_E3_PART2,USBC_Critical_Errors - CRIT_ERR_E3_PART3,USBC_Critical_Errors - CRIT_ERR_E3_PART4,Grape_Critical_Errors - CRIT_ERR_E5_PART1,Grape_Critical_Errors - CRIT_ERR_E5_PART2,Grape_Critical_Errors - CRIT_ERR_E5_PART3,Grape_Critical_Errors - CRIT_ERR_E5_PART4,Grape_Critical_Errors - CRIT_ERR_E5_PART5,Grape_Critical_Errors - CRIT_ERR_E5_PART6,Grape_Critical_Errors - CRIT_ERR_E5_PART7,Grape_Critical_Errors - CRIT_ERR_E5_PART8,Grape_Critical_Errors - CRIT_ERR_E5_PART9,Grape_Critical_Errors - CRIT_ERR_E5_PART10,Critical_Errors_Summary - CRIT_ERR_E0_PART1,Backlight_Critical_Errors - BL_CRI_ERR_PART1,Grape_Connector_Self_Critical_Errors - CRIT_ERR_D3_PART1,Grape_Connector_Self_Critical_Errors - CRIT_ERR_D3_PART2,Grape_Connector_Self_Critical_Errors - CRIT_ERR_D3_PART3,+,Read_KBD_HW_Layout - Read_KBD_HW_Layout,Get_KBD_HW_Layout - Read_KBD_HW_Layout,
Upper Limited-------->,,,,,,,,,,,,,,,,,3,,,,3,,,,3,,,,3,,,,3,,,,3,,,,3,,,,3,,,,3,,,,3,,,,,,,,,,,,,,,,,,370,,3,,2,,1286,,,0,,33,,33,,,,,,16,,,,,,,,,,,,,,,,,,,,,,,,,,,,,,,13,13,
Lower Limited-------->,,,,,,,,,,,,,,,,,3,,,,3,,,,3,,,,3,,,,3,,,,3,,,,3,,,,3,,,,3,,,,3,,,,,,,,,,,,,,,,,,370,,3,,2,,1286,,,0,,33,,33,,,,,,16,,,,,,,,,,,,,,,,,,,,,,,,,,,,,,,13,13,
Measurement Units---->,,,,,,,,,,,,,,,,,,,,,,,,,,,,,,,,,,,,,,,,,,,,,,,,,,,,,,,,,,,,,,,,,,,,,,,,,,,,,,,,,,,,,,,,,,,,,,,,,,,,,,,,,,,,,,,,,,,,,,,,,,,
FXLH,R118,FTPZF03QP3HW,,R118-P2_P21ACH-ECORELNB,,FXLH_F05-4FT-02_2_GATEKEEPER,FAIL,09-24-16:41:13,50.87,V1.1.3.2,Check_All_CB,FTPZF03QP3HW,Atlas 1.9.2,FTPZF03QP3HW,V1.1.3.2,1,3,0,0,0,3,0,0,0,3,0,1,1,3,0,0,0,3,0,0,0,3,0,0,0,0,0,0,0,3,0,0,0,3,0,0,0,3,0,0,0,15 00 00 00 ,FTPZF03QP3HW,Pass,DLX937500DZN6R52J,WMT-J9001D,R118-P2_P21ACH-ECORELNB_C00883,R118-P2,R118-P2_P21ACH-ECORELNB,C4P9322004PJCPT3F,GV29363005BN3LN21,FM7934401WQN0LH1G+V1J,CR19356018TMW5D1R,13 00 00 00 02 ,13 00 00 00 00,370,0x0172,3,0x03,2,02,1286,0x0506,A0 02 00 0B 00 0B 00 0B ,0,0x00,33,0x21,33,0x21,Pass,02 01 01 0B 49 16 16 ,02 01 01 0B 49 16 16,Read_MLB_Lang :02 01 01 0B 49 16 16  ,  Get_KBD_Lang :02 01 01 0B 49 16 16,16,0x10,8704,0,0,0,0,0,0,0,0,0,0,0,0,16777216,0,0,0,0,0,16842752,16777216,0,0,0,0,17372165,100665620,33751040,,,,
FXLH,R118,FTPZF04JP3HW,,R118-P2_P21ACH-ECORELNB,,FXLH_F05-4FT-02_2_GATEKEEPER,FAIL,09-24-16:45:38,47.13,V1.1.3.2,Check_All_CB,FTPZF04JP3HW,Atlas 1.9.2,FTPZF04JP3HW,V1.1.3.2,1,3,0,0,0,3,0,0,0,3,0,2,2,3,0,0,0,3,0,0,0,3,0,0,0,0,0,0,0,3,0,0,0,3,0,0,0,3,0,0,0,15 00 00 00 ,FTPZF04JP3HW,Pass,DLX937500E1N6R52D,WMT-J9001D,R118-P2_P21ACH-ECORELNB_C00895,R118-P2,R118-P2_P21ACH-ECORELNB,C4P93220005JCPT3B,GV29363003WN3LN2N,FM7934401MUN0LH15+V1J,CR1935601A9MW5D13,13 00 00 00 02 ,13 00 00 00 00,370,0x0172,3,0x03,2,02,1286,0x0506,A0 02 00 0B 00 0B 00 0B ,0,0x00,33,0x21,33,0x21,Pass,02 01 01 0B 49 16 16 ,02 01 01 0B 49 16 16,Read_MLB_Lang :02 01 01 0B 49 16 16  ,  Get_KBD_Lang :02 01 01 0B 49 16 16,16,0x10,8704,0,0,0,0,0,0,0,0,0,0,0,0,16777216,0,0,0,0,0,16842752,16777216,0,0,0,0,17372165,100665620,33751040,,,,
FXLH,R118,FTPZF03PP3HW,,R118-P2_P21ACH-ECORELNB,,FXLH_F05-4FT-02_2_GATEKEEPER,FAIL,09-24-16:53:27,47.45,V1.1.3.2,Check_All_CB,FTPZF03PP3HW,Atlas 1.9.2,FTPZF03PP3HW,V1.1.3.2,1,3,0,0,0,3,0,0,0,3,0,0,0,3,0,0,0,3,0,0,0,3,0,0,0,0,0,0,0,3,0,0,0,3,0,0,0,3,0,0,0,15 00 00 00 ,FTPZF03PP3HW,Pass,DLX937600S1N6R52A,WMT-J9001D,R118-P2_P21ACH-ECORELNB_C00864,R118-P2,R118-P2_P21ACH-ECORELNB,C4P93220011JCPT3C,GV29363006PN3LN2L,FM7934401FLN0LH1X+V1J,C479353050GMW5D2B,13 00 00 00 02 ,13 00 00 00 00,370,0x0172,3,0x03,2,02,1286,0x0506,A0 02 00 0B 00 0B 00 0B ,0,0x00,33,0x21,33,0x21,Pass,02 01 01 0B 49 16 16 ,02 01 01 0B 49 16 16,Read_MLB_Lang :02 01 01 0B 49 16 16  ,  Get_KBD_Lang :02 01 01 0B 49 16 16,16,0x10,8704,0,0,0,0,0,0,0,0,0,0,0,0,16777216,0,0,0,0,0,16842752,16777216,0,0,0,0,17372165,100665620,33751040,,,,
FXLH,R118,FTPZF008P3JD,,R118-P2_P21IINT,,FXLH_F05-4FT-02_2_GATEKEEPER,FAIL,09-24-17:27:20,53.98,V1.1.3.2,Check_All_CB,FTPZF008P3JD,Atlas 1.9.2,FTPZF008P3JD,V1.1.3.2,1,3,0,0,0,3,0,0,0,3,0,0,0,3,0,0,0,3,0,0,0,3,0,1,1,0,0,0,0,3,0,0,0,3,0,0,0,3,0,0,0,15 00 00 00 ,FTPZF008P3JD,Pass,DLX9382006FN6R52P,WMT-J90031,R118-P2_P21IINT_C01160,R118-P2,R118-P2_P21IINT,C4P9345000AJCQT3U,GV29363002ZP2T02M,FM7934402WYN0LH17+V6J,C47935308FZMW5D2E,13 00 00 00 02 ,13 00 00 00 00,370,0x0172,3,0x03,2,02,1286,0x0506,A0 02 00 0B 00 0B 00 0B ,0,0x00,,0x0D,,0x0D,Pass,02 01 02 04 4A ,02 01 02 04 4A,Read_MLB_Lang :02 01 02 04 4A  ,  Get_KBD_Lang :02 01 02 04 4A,16,0x10,8704,0,0,0,0,0,0,0,0,0,0,0,0,16777216,0,0,0,0,0,16842752,16777216,0,0,0,0,17372165,100665620,33751040,,13,13,
FXLH,R118,FTPZF004P3JD,,R118-P2_P21IINT,,FXLH_F05-4FT-02_2_GATEKEEPER,FAIL,09-24-17:39:05,44.63,V1.1.3.2,Check_All_CB,FTPZF004P3JD,Atlas 1.9.2,FTPZF004P3JD,V1.1.3.2,1,3,0,0,0,3,0,0,0,3,0,0,0,3,0,1,1,3,0,0,0,3,0,0,0,0,0,0,0,3,0,0,0,3,0,0,0,3,0,0,0,15 00 00 00 ,FTPZF004P3JD,Pass,DLX9382008VN6R523,WMT-J90031,R118-P2_P21IINT_C01156,R118-P2,R118-P2_P21IINT,C4P9345000GJCQT3N,GV293630027P2T02D,FM7934402YNN0LH1B+V6J,C47935305B5MW5D2P,13 00 00 00 02 ,13 00 00 00 00,370,0x0172,3,0x03,2,02,1286,0x0506,A0 02 00 0B 00 0B 00 0B ,0,0x00,,0x0D,,0x0D,Pass,02 01 02 04 4A ,02 01 02 04 4A,Read_MLB_Lang :02 01 02 04 4A  ,  Get_KBD_Lang :02 01 02 04 4A,16,0x10,8704,0,0,0,0,0,0,0,0,0,0,0,0,16777216,0,0,0,0,0,16842752,16777216,0,0,0,0,17372165,100665620,33751040,,13,13,
FXLH,R118,FTPZC01BP3HR,,R118-P2_P21AEN-M1,,FXLH_F05-4FT-02_2_GATEKEEPER,FAIL,09-24-18:02:52,44.08,V1.1.3.2,Check_All_CB,FTPZC01BP3HR,Atlas 1.9.2,FTPZC01BP3HR,V1.1.3.2,1,0,0,0,0,0,0,0,0,3,0,0,0,3,0,0,0,3,0,2,2,3,0,0,0,0,0,0,0,3,0,0,0,3,0,2,2,3,0,0,0,15 00 00 00 ,FTPZC01BP3HR,Pass,DLX9366007ZN6R524,WMT-J90007,R118-P2_P21AEN-M1_C00328,R118-P2,R118-P2_P21AEN-M1,C4P93220026JCPP38,GV293470062N3LN29,FM7934400Z9N0LH1P+M1J,C4793530768MW5D2Z,13 00 00 00 02 ,13 00 00 00 00,370,0x0172,3,0x03,2,02,1286,0x0506,A0 02 00 0B 00 0B 00 0B ,0,0x00,33,0x21,33,0x21,Pass,02 01 01 05 49 ,02 01 01 05 49,Read_MLB_Lang :02 01 01 05 49  ,  Get_KBD_Lang :02 01 01 05 49,16,0x10,8704,0,0,0,0,0,0,0,0,0,0,0,0,16777216,0,0,0,0,0,16842752,16777216,0,0,0,0,17372165,100665620,33751040,,,,
FXLH,R118,FTPZD00XP3HR,,R118-P2_P21AEN-M2,,FXLH_F05-4FT-02_2_GATEKEEPER,FAIL,09-24-18:05:46,42.32,V1.1.3.2,Check_All_CB,FTPZD00XP3HR,Atlas 1.9.2,FTPZD00XP3HR,V1.1.3.2,1,0,0,0,0,0,0,0,0,3,0,1,1,3,0,0,0,3,0,6,6,3,0,0,0,0,0,0,0,3,0,0,0,3,0,0,0,3,0,1,1,15 00 00 00 ,FTPZD00XP3HR,Pass,DLX93660081N6R52Z,WMT-J90009,R118-P2_P21AEN-M2_C00358,R118-P2,R118-P2_P21AEN-M2,C4P932200LPJCPP35,GV29363000JN3LN29,FM7934400XKN0LH1K+M1J,CR1935601PBMW5D1W,13 00 00 00 02 ,13 00 00 00 00,370,0x0172,3,0x03,2,02,1286,0x0506,A0 02 00 0B 00 0B 00 0B ,0,0x00,33,0x21,33,0x21,Pass,02 01 01 05 49 ,02 01 01 05 49,Read_MLB_Lang :02 01 01 05 49  ,  Get_KBD_Lang :02 01 01 05 49,16,0x10,8704,0,0,0,0,0,0,0,0,0,0,0,0,16777216,0,0,0,0,0,16842752,16777216,0,0,0,0,17372165,100665620,33751040,,,,
FXLH,R118,FTPZD00JP3J4,,R118-P2_P21AK-M4,,FXLH_F05-4FT-02_2_GATEKEEPER,FAIL,09-24-18:07:16,44.29,V1.1.3.2,Check_All_CB,FTPZD00JP3J4,Atlas 1.9.2,FTPZD00JP3J4,V1.1.3.2,1,0,0,0,0,0,0,0,0,3,0,2,2,3,0,1,1,3,0,2,2,3,0,0,0,0,0,0,0,3,0,0,0,3,0,0,0,3,0,0,0,15 00 00 00 ,FTPZD00JP3J4,Pass,DLX93660092N6R52V,WMT-J9000B,R118-P2_P21AK-M4_C00412,R118-P2,R118-P2_P21AK-M4,C4P9322005BJCPV3N,GV293630038N3LN2A,FM7934400UHN0LH1W+M1J,CR1935600ZFMW5D1X,13 00 00 00 02 ,13 00 00 00 00,370,0x0172,3,0x03,2,02,1286,0x0506,A0 02 00 0B 00 0B 00 0B ,0,0x00,33,0x21,33,0x21,Pass,02 01 01 0F 49 16 16 ,02 01 01 0F 49 16 16,Read_MLB_Lang :02 01 01 0F 49 16 16  ,  Get_KBD_Lang :02 01 01 0F 49 16 16,16,0x10,8704,0,0,0,0,0,0,0,0,0,0,0,0,16777216,0,0,0,0,0,16842752,16777216,0,0,0,0,17372165,100665620,33751040,,,,
FXLH,R118,FTPZD00LP3HW,,R118-P2_P21ACH-M3,,FXLH_F05-4FT-02_2_GATEKEEPER,FAIL,09-24-18:10:12,47.50,V1.1.3.2,Check_All_CB,FTPZD00LP3HW,Atlas 1.9.2,FTPZD00LP3HW,V1.1.3.2,1,0,0,0,0,0,0,0,0,3,0,1,1,3,0,0,0,3,0,2,2,3,0,0,0,0,0,0,0,3,0,0,0,3,0,0,0,3,0,0,0,15 00 00 00 ,FTPZD00LP3HW,Pass,DLX93660099N6R52N,WMT-J9000A,R118-P2_P21ACH-M3_C00388,R118-P2,R118-P2_P21ACH-M3,C4P93220036JCPT31,GV29347003UN3LN2S,FM7934400WZN0LH18+M1J,C479353077AMW5D2U,13 00 00 00 02 ,13 00 00 00 00,370,0x0172,3,0x03,2,02,1286,0x0506,A0 02 00 0B 00 0B 00 0B ,0,0x00,33,0x21,33,0x21,Pass,02 01 01 0B 49 16 16 ,02 01 01 0B 49 16 16,Read_MLB_Lang :02 01 01 0B 49 16 16  ,  Get_KBD_Lang :02 01 01 0B 49 16 16,16,0x10,8704,0,0,0,0,0,0,0,0,0,0,0,0,16777216,0,0,0,0,0,16842752,16777216,0,0,0,0,17372165,100665620,33751040,,,,
FXLH,R118,FTPZD002P3HW,,R118-P2_P21ACH-M3,,FXLH_F05-4FT-02_2_GATEKEEPER,FAIL,09-24-18:11:57,43.78,V1.1.3.2,Check_All_CB,FTPZD002P3HW,Atlas 1.9.2,FTPZD002P3HW,V1.1.3.2,1,0,0,0,0,0,0,0,0,3,0,0,0,3,0,0,0,3,0,0,0,3,0,0,0,0,0,0,0,3,0,0,0,3,0,0,0,3,0,1,1,15 00 00 00 ,FTPZD002P3HW,Pass,DLX9366008JN6R52G,WMT-J9000A,R118-P2_P21ACH-M3_C00383,R118-P2,R118-P2_P21ACH-M3,C4P9322004VJCPT39,GV293470034N3LN2G,FM7934400W6N0LH11+M1J,C47935305LGMW5D2K,13 00 00 00 02 ,13 00 00 00 00,370,0x0172,3,0x03,2,02,1286,0x0506,A0 02 00 0B 00 0B 00 0B ,0,0x00,33,0x21,33,0x21,Pass,02 01 01 0B 49 16 16 ,02 01 01 0B 49 16 16,Read_MLB_Lang :02 01 01 0B 49 16 16  ,  Get_KBD_Lang :02 01 01 0B 49 16 16,16,0x10,8704,0,0,0,0,0,0,0,0,0,0,0,0,16777216,0,0,0,0,0,16842752,16777216,0,0,0,0,17372165,100665620,33751040,,,,
FXLH,R118,FTPZF008P3J2,,R118-P2_P21INO,,FXLH_F05-4FT-02_2_GATEKEEPER,FAIL,09-24-18:55:25,44.13,V1.1.3.2,Check_All_CB,FTPZF008P3J2,Atlas 1.9.2,FTPZF008P3J2,V1.1.3.2,1,3,0,0,0,3,0,0,0,3,0,0,0,3,0,0,0,3,0,0,0,3,0,0,0,0,0,0,0,3,0,0,0,3,0,0,0,3,0,0,0,15 00 00 00 ,FTPZF008P3J2,Pass,DLX9382005GN6R52R,WMT-J90033,R118-P2_P21INO_C01175,R118-P2,R118-P2_P21INO,C4P9345000XJCQC3N,GV293720057P2T022,FM7934401PYN0LH1V+V1J,C47935303GXMW5D2J,13 00 00 00 02 ,13 00 00 00 00,370,0x0172,3,0x03,2,02,1286,0x0506,A0 02 00 0B 00 0B 00 0B ,0,0x00,,0x0D,,0x0D,Pass,02 01 02 0E 4A ,02 01 02 0E 4A,Read_MLB_Lang :02 01 02 0E 4A  ,  Get_KBD_Lang :02 01 02 0E 4A,16,0x10,8704,0,0,0,0,0,0,0,0,0,0,0,0,16777216,0,0,0,0,0,16842752,16777216,0,0,0,0,17372165,100665620,33751040,,13,13,
FXLH,R118,FTPZF004P3J2,,R118-P2_P21INO,,FXLH_F05-4FT-02_2_GATEKEEPER,FAIL,09-24-18:57:14,44.71,V1.1.3.2,Check_All_CB,FTPZF004P3J2,Atlas 1.9.2,FTPZF004P3J2,V1.1.3.2,1,3,0,0,0,3,0,0,0,3,0,0,0,3,0,0,0,3,0,0,0,3,0,0,0,0,0,0,0,3,0,0,0,3,0,0,0,3,0,0,0,15 00 00 00 ,FTPZF004P3J2,Pass,DLX9382007HN6R52J,WMT-J90033,R118-P2_P21INO_C01180,R118-P2,R118-P2_P21INO,C4P9345000MJCQC3Y,GV29372005JP2T02R,FM7934401C1N0LH1R+V1J,C47935300BAMW5D2P,13 00 00 00 02 ,13 00 00 00 00,370,0x0172,3,0x03,2,02,1286,0x0506,A0 02 00 0B 00 0B 00 0B ,0,0x00,,0x0D,,0x0D,Pass,02 01 02 0E 4A ,02 01 02 0E 4A,Read_MLB_Lang :02 01 02 0E 4A  ,  Get_KBD_Lang :02 01 02 0E 4A,16,0x10,8704,0,0,0,0,0,0,0,0,0,0,0,0,16777216,0,0,0,0,0,16842752,16777216,0,0,0,0,17372165,100665620,33751040,,13,13,
FXLH,R118,FTPZF009P3JD,,R118-P2_P21IINT,,FXLH_F05-4FT-02_2_GATEKEEPER,FAIL,09-24-19:11:08,48.10,V1.1.3.2,Check_All_CB,FTPZF009P3JD,Atlas 1.9.2,FTPZF009P3JD,V1.1.3.2,1,3,0,0,0,3,0,0,0,3,0,0,0,3,0,0,0,3,0,0,0,3,0,0,0,0,0,0,0,3,0,0,0,3,0,0,0,3,0,0,0,15 00 00 00 ,FTPZF009P3JD,Pass,DLX9382002DN6R523,WMT-J90031,R118-P2_P21IINT_C01161,R118-P2,R118-P2_P21IINT,C4P9345001BJCQT3Q,GV293630031P2T02G,FM7934402VQN0LH1J+V6J,C47935305CXMW5D2U,13 00 00 00 02 ,13 00 00 00 00,370,0x0172,3,0x03,2,02,1286,0x0506,A0 02 00 0B 00 0B 00 0B ,0,0x00,,0x0D,,0x0D,Pass,02 01 02 04 4A ,02 01 02 04 4A,Read_MLB_Lang :02 01 02 04 4A  ,  Get_KBD_Lang :02 01 02 04 4A,16,0x10,8704,0,0,0,0,0,0,0,0,0,0,0,0,16777216,0,0,0,0,0,16842752,16777216,0,0,0,0,17372165,100665620,33751040,,13,13,
FXLH,R118,FTPZF007P3J2,,R118-P2_P21INO,,FXLH_F05-4FT-02_2_GATEKEEPER,FAIL,09-24-19:21:43,43.54,V1.1.3.2,Check_All_CB,FTPZF007P3J2,Atlas 1.9.2,FTPZF007P3J2,V1.1.3.2,1,3,0,0,0,3,0,0,0,3,0,0,0,3,0,0,0,3,0,0,0,3,0,0,0,0,0,0,0,3,0,0,0,3,0,0,0,3,0,1,1,15 00 00 00 ,FTPZF007P3J2,Pass,DLX937600SHN6R52U,WMT-J90033,R118-P2_P21INO_C01176,R118-P2,R118-P2_P21INO,C4P9345000SJCQC3T,GV29372003CP2T023,FM7934401RNN0LH1Z+V1J,C47935303GPMW5D2S,13 00 00 00 02 ,13 00 00 00 00,370,0x0172,3,0x03,2,02,1286,0x0506,A0 02 00 0B 00 0B 00 0B ,0,0x00,,0x0D,,0x0D,Pass,02 01 02 0E 4A ,02 01 02 0E 4A,Read_MLB_Lang :02 01 02 0E 4A  ,  Get_KBD_Lang :02 01 02 0E 4A,16,0x10,8704,0,0,0,0,0,0,0,0,0,0,0,0,16777216,0,0,0,0,0,16842752,16777216,0,0,0,0,17372165,100665620,33751040,,13,13,
FXLH,R118,FTPZF005P3J2,,R118-P2_P21INO,,FXLH_F05-4FT-02_2_GATEKEEPER,FAIL,09-24-19:34:04,44.80,V1.1.3.2,Check_All_CB,FTPZF005P3J2,Atlas 1.9.2,FTPZF005P3J2,V1.1.3.2,1,3,0,0,0,3,0,0,0,3,0,0,0,3,0,0,0,3,0,0,0,3,0,0,0,0,0,0,0,3,0,0,0,3,0,0,0,3,0,0,0,15 00 00 00 ,FTPZF005P3J2,Pass,DLX9382005FN6R52S,WMT-J90033,R118-P2_P21INO_C01178,R118-P2,R118-P2_P21INO,C4P9345001RJCQC3R,GV29372004CP2T020,FM7934401FDN0LH14+V1J,C47935303FRMW5D2T,13 00 00 00 02 ,13 00 00 00 00,370,0x0172,3,0x03,2,02,1286,0x0506,A0 02 00 0B 00 0B 00 0B ,0,0x00,,0x0D,,0x0D,Pass,02 01 02 0E 4A ,02 01 02 0E 4A,Read_MLB_Lang :02 01 02 0E 4A  ,  Get_KBD_Lang :02 01 02 0E 4A,16,0x10,8704,0,0,0,0,0,0,0,0,0,0,0,0,16777216,0,0,0,0,0,16842752,16777216,0,0,0,0,17372165,100665620,33751040,,13,13,
FXLH,R118,FTPZF006P3HY,,R118-P2_P21IDA,,FXLH_F05-4FT-02_2_GATEKEEPER,FAIL,09-24-19:37:01,50.92,V1.1.3.2,Check_All_CB,FTPZF006P3HY,Atlas 1.9.2,FTPZF006P3HY,V1.1.3.2,1,3,0,0,0,3,0,0,0,3,0,0,0,3,0,0,0,3,0,1,1,3,0,0,0,0,0,0,0,3,0,0,0,3,0,0,0,3,0,0,0,15 00 00 00 ,FTPZF006P3HY,Pass,DLX9382003DN6R520,WMT-J90032,R118-P2_P21IDA_C01168,R118-P2,R118-P2_P21IDA,C4P93450013JCQ63K,GV293720089P2T02R,FM7934401HMN0LH1Q+V1J,CR1935600CRMW5D1G,13 00 00 00 02 ,13 00 00 00 00,370,0x0172,3,0x03,2,02,1286,0x0506,A0 02 00 0B 00 0B 00 0B ,0,0x00,,0x0D,,0x0D,Pass,02 01 02 0C 4A ,02 01 02 0C 4A,Read_MLB_Lang :02 01 02 0C 4A  ,  Get_KBD_Lang :02 01 02 0C 4A,16,0x10,8704,0,0,0,0,0,0,0,0,0,0,0,0,16777216,0,0,0,0,0,16842752,16777216,0,0,0,0,17372165,100665620,33751040,,13,13,
FXLH,R118,FTPZF00EP3J0,,R118-P2_P21ISP,,FXLH_F05-4FT-02_2_GATEKEEPER,FAIL,09-24-20:06:44,40.51,V1.1.3.2,Check_All_CB,FTPZF00EP3J0,Atlas 1.9.2,FTPZF00EP3J0,V1.1.3.2,1,3,0,0,0,3,0,0,0,3,0,0,0,3,0,0,0,3,0,0,0,3,0,0,0,0,0,0,0,3,0,0,0,3,0,1,1,3,0,0,0,15 00 00 00 ,FTPZF00EP3J0,Pass,DLX937500A5N6R52M,WMT-J9002C,R118-P2_P21ISP_C01113,R118-P2,R118-P2_P21ISP,C4P93450006JCQ73J,GV293670038P2T025,FM7934401HSN0LH1K+V1J,CR19356009RMW5D1R,13 00 00 00 02 ,13 00 00 00 00,370,0x0172,3,0x03,2,02,1286,0x0506,A0 02 00 0B 00 0B 00 0B ,0,0x00,,0x0D,,0x0D,Pass,02 01 02 07 4A ,02 01 02 07 4A,Read_MLB_Lang :02 01 02 07 4A  ,  Get_KBD_Lang :02 01 02 07 4A,16,0x10,8704,0,0,0,0,0,0,0,0,0,0,0,0,16777216,0,0,0,0,0,16842752,16777216,0,0,0,0,17372165,100665620,33751040,,13,13,
FXLH,R118,FTPZF007P3JD,,R118-P2_P21IINT,,FXLH_F05-4FT-02_2_GATEKEEPER,FAIL,09-24-20:10:13,47.24,V1.1.3.2,Check_All_CB,FTPZF007P3JD,Atlas 1.9.2,FTPZF007P3JD,V1.1.3.2,1,3,0,0,0,3,0,0,0,3,0,0,0,3,0,1,1,3,0,1,1,3,0,0,0,0,0,0,0,3,0,0,0,3,0,0,0,3,0,0,0,15 00 00 00 ,FTPZF007P3JD,Pass,DLX9382006PN6R52F,WMT-J90031,R118-P2_P21IINT_C01159,R118-P2,R118-P2_P21IINT,C4P93450016JCQT3V,GV29363002NP2T02Y,FM7934402XVN0LH17+V6J,C47935303HDMW5D2Z,13 00 00 00 02 ,13 00 00 00 00,370,0x0172,3,0x03,2,02,1286,0x0506,A0 02 00 0B 00 0B 00 0B ,0,0x00,,0x0D,,0x0D,Pass,02 01 02 04 4A ,02 01 02 04 4A,Read_MLB_Lang :02 01 02 04 4A  ,  Get_KBD_Lang :02 01 02 04 4A,16,0x10,8704,0,0,0,0,0,0,0,0,0,0,0,0,16777216,0,0,0,0,0,16842752,16777216,0,0,0,0,17372165,100665620,33751040,,13,13,
FXLH,R118,FTPZF009P3J2,,R118-P2_P21INO,,FXLH_F05-4FT-02_2_GATEKEEPER,FAIL,09-24-20:34:25,43.82,V1.1.3.2,Check_All_CB,FTPZF009P3J2,Atlas 1.9.2,FTPZF009P3J2,V1.1.3.2,1,3,0,0,0,3,0,0,0,3,0,0,0,3,0,0,0,3,0,0,0,3,0,0,0,0,0,0,0,3,0,0,0,3,0,0,0,3,0,1,1,15 00 00 00 ,FTPZF009P3J2,Pass,DLX9382000DN6R529,WMT-J90033,R118-P2_P21INO_C01173,R118-P2,R118-P2_P21INO,C4P93450012JCQC3E,GV293720037P2T028,FM7934401K3N0LH12+V1J,C47935303FZMW5D2K,13 00 00 00 02 ,13 00 00 00 00,370,0x0172,3,0x03,2,02,1286,0x0506,A0 02 00 0B 00 0B 00 0B ,0,0x00,,0x0D,,0x0D,Pass,02 01 02 0E 4A ,02 01 02 0E 4A,Read_MLB_Lang :02 01 02 0E 4A  ,  Get_KBD_Lang :02 01 02 0E 4A,16,0x10,8704,0,0,0,0,0,0,0,0,0,0,0,0,16777216,0,0,0,0,0,16842752,16777216,0,0,0,0,17372165,100665620,33751040,,13,13,
FXLH,R118,FTPZD08DP3HR,,R118-P2_P21AEN-1,,FXLH_F05-4FT-02_2_GATEKEEPER,FAIL,09-24-20:44:52,44.02,V1.1.3.2,Check_All_CB,FTPZD08DP3HR,Atlas 1.9.2,FTPZD08DP3HR,V1.1.3.2,1,3,0,0,0,3,0,0,0,3,0,6,6,3,0,0,0,1,0,0,0,3,0,0,0,0,0,0,0,3,0,0,0,3,0,0,0,3,0,0,0,15 00 00 00 ,FTPZD08DP3HR,Pass,DLX937500MEN6R52D,WMT-J90018,R118-P2_P21AEN-1_C00708,R118-P2,R118-P2_P21AEN-1,C4P9322009DJCPP3E,GV2936400A6N3LN2Q,FM79344014WN0LH1L+V1J,C479353075HMW5D2T,13 00 00 00 02 ,13 00 00 00 00,370,0x0172,3,0x03,2,02,1286,0x0506,A0 02 00 0B 00 0B 00 0B ,0,0x00,33,0x21,33,0x21,Pass,02 01 01 05 49 ,02 01 01 05 49,Read_MLB_Lang :02 01 01 05 49  ,  Get_KBD_Lang :02 01 01 05 49,16,0x10,8704,0,0,0,0,0,0,0,0,0,0,0,0,16777216,0,0,0,0,0,16842752,16777216,0,0,0,0,17372165,100665620,33751040,,,,
FXLH,R118,FTPZD07DP3HR,,R118-P2_P21AEN-1,,FXLH_F05-4FT-02_2_GATEKEEPER,FAIL,09-24-20:47:17,52.55,V1.1.3.2,Check_All_CB,FTPZD07DP3HR,Atlas 1.9.2,FTPZD07DP3HR,V1.1.3.2,1,3,0,0,0,3,0,0,0,3,0,1,1,3,0,0,0,2,0,8,8,3,0,0,0,0,0,0,0,3,0,0,0,3,0,0,0,3,0,0,0,15 00 00 00 ,FTPZD07DP3HR,Pass,DLX937500FKN6R52S,WMT-J90018,R118-P2_P21AEN-1_C00661,R118-P2,R118-P2_P21AEN-1,C4P93220030JCPP3B,GV29364006PN3LN2K,FM7934401ADN0LH1K+V1J,C47935302BJMW5D2D,13 00 00 00 02 ,13 00 00 00 00,370,0x0172,3,0x03,2,02,1286,0x0506,A0 02 00 0B 00 0B 00 0B ,0,0x00,33,0x21,33,0x21,Pass,02 01 01 05 49 ,02 01 01 05 49,Read_MLB_Lang :02 01 01 05 49  ,  Get_KBD_Lang :02 01 01 05 49,16,0x10,8704,0,0,0,0,0,0,0,0,0,0,0,0,16777216,0,0,0,0,0,16842752,16777216,0,0,0,0,17372165,100665620,33751040,,,,
FXLH,R118,FTPZF001P3JD,,R118-P2_P21IINT,,FXLH_F05-4FT-02_2_GATEKEEPER,FAIL,09-24-20:50:29,43.36,V1.1.3.2,Check_All_CB,FTPZF001P3JD,Atlas 1.9.2,FTPZF001P3JD,V1.1.3.2,1,3,0,0,0,3,0,0,0,3,0,0,0,3,0,0,0,3,0,0,0,3,0,0,0,0,0,0,0,3,0,0,0,3,0,0,0,3,0,0,0,15 00 00 00 ,FTPZF001P3JD,Pass,DLX9382006JN6R52L,WMT-J90031,R118-P2_P21IINT_C01155,R118-P2,R118-P2_P21IINT,C4P93450017JCQT3U,GV29363003MP2T02W,FM7934402XGN0LH1L+V6J,C47935301BSMW5D26,13 00 00 00 02 ,13 00 00 00 00,370,0x0172,3,0x03,2,02,1286,0x0506,A0 02 00 0B 00 0B 00 0B ,0,0x00,,0x0D,,0x0D,Pass,02 01 02 04 4A ,02 01 02 04 4A,Read_MLB_Lang :02 01 02 04 4A  ,  Get_KBD_Lang :02 01 02 04 4A,16,0x10,8704,0,0,0,0,0,0,0,0,0,0,0,0,16777216,0,0,0,0,0,16842752,16777216,0,0,0,0,17372165,100665620,33751040,,13,13,
FXLH,R118,FTPZC00LP3HR,,R118-P2_P21AEN-S1,,FXLH_F05-4FT-02_2_GATEKEEPER,FAIL,09-25-08:29:14,45.61,V1.1.3.2,Check_All_CB; Compare_FG_SN,FTPZC00LP3HR,Atlas 1.9.2,FTPZC00LP3HR,V1.1.3.2,1,0,0,0,0,0,0,0,0,2,0,1,1,3,0,0,0,0,0,0,0,3,0,0,0,0,0,0,0,3,0,0,0,2,0,3,3,3,0,0,0,15 00 00 00 ,FTPZC026P3HR,Fail,DLX9363002UN6R52T,WMT-J90002,R118-P2_P21AEN-S1_C00278,R118-P2,R118-P2_P21AEN-S1,C4P9322009ZJCPP3U,GV29347006PN3LN2N,FM7934400HEN0LH1Y+S1J,C4793530804MW5D2L,13 00 00 00 02 ,13 00 00 00 00,370,0x0172,3,0x03,2,02,1286,0x0506,A0 02 00 0B 00 00 00 0B ,0,0x00,33,0x21,33,0x21,Pass,02 01 01 05 49 ,02 01 01 05 49,Read_MLB_Lang :02 01 01 05 49  ,  Get_KBD_Lang :02 01 01 05 49,16,0x10,8704,0,0,0,0,0,0,0,0,0,0,0,0,16777216,0,0,0,0,0,16842752,16777216,0,0,0,0,17372165,100665620,33751040,,,,
FXLH,R118,FTPZF007P3HY,,R118-P2_P21IDA,,FXLH_F05-4FT-02_2_GATEKEEPER,FAIL,09-25-09:00:15,45.85,V1.1.3.2,Check_All_CB,FTPZF007P3HY,Atlas 1.9.2,FTPZF007P3HY,V1.1.3.2,1,3,0,0,0,3,0,0,0,3,0,0,0,3,0,0,0,3,0,1,1,3,0,0,0,0,0,0,0,3,0,0,0,3,0,0,0,3,0,0,0,15 00 00 00 ,FTPZF007P3HY,Pass,DLX9382008QN6R528,WMT-J90032,R118-P2_P21IDA_C01169,R118-P2,R118-P2_P21IDA,C4P9345000FJCQ63A,GV293720099P2T02N,FM7934401HVN0LH1G+V1J,CR1935600NMMW5D1Q,13 00 00 00 02 ,13 00 00 00 00,370,0x0172,3,0x03,2,02,1286,0x0506,A0 02 00 0B 00 0B 00 0B ,0,0x00,,0x0D,,0x0D,Pass,02 01 02 0C 4A ,02 01 02 0C 4A,Read_MLB_Lang :02 01 02 0C 4A  ,  Get_KBD_Lang :02 01 02 0C 4A,16,0x10,8704,0,0,0,0,0,0,0,0,0,0,0,0,16777216,0,0,0,0,0,16842752,16777216,0,0,0,0,17372165,100665620,33751040,,13,13,
FXLH,R118,FTPZC026P3HR,,R118-P2_P21AEN-S6,,FXLH_F05-4FT-02_2_GATEKEEPER,FAIL,09-25-09:16:15,70.12,V1.1.3.2,Check_All_CB; Compare_FG_SN,FTPZC026P3HR,Atlas 1.9.2,FTPZC026P3HR,V1.1.3.2,1,0,0,0,0,0,0,0,0,0,0,0,0,3,0,0,0,3,0,0,0,3,0,0,0,0,0,0,0,3,0,0,0,2,0,2,2,3,0,0,0,15 00 00 00 ,FTPZC00LP3HR,Fail,DLX9363002XN6R52Q,WMT-J90008,R118-P2_P21AEN-S6_C00345,R118-P2,R118-P2_P21AEN-S6,C4P932200JXJCPP33,GV29347002BN3LN2C,FM7934400JRN0LH1J+S1J,C4793530876MW5D2X,13 00 00 00 00 ,13 00 00 00 00,370,0x0172,3,0x03,2,02,1286,0x0506,A0 02 00 0B 00 0B 00 0B ,0,0x00,33,0x21,33,0x21,Pass,02 01 01 05 49 ,02 01 01 05 49,Read_MLB_Lang :02 01 01 05 49  ,  Get_KBD_Lang :02 01 01 05 49,16,0x10,8704,0,0,0,0,0,0,0,0,0,0,0,0,16777216,0,0,0,0,0,16842752,16777216,0,0,0,0,17372165,100665620,33751040,,,,
FXLH,R118,FTPZC00LP3HR,,R118-P2_P21AEN-S1,,FXLH_F05-4FT-02_2_GATEKEEPER,FAIL,09-25-09:18:12,53.07,V1.1.3.2,Check_All_CB,FTPZC00LP3HR,Atlas 1.9.2,FTPZC00LP3HR,V1.1.3.2,1,0,0,0,0,0,0,0,0,0,0,0,0,3,0,0,0,3,0,0,0,3,0,0,0,0,0,0,0,3,0,0,0,2,0,2,2,3,0,0,0,15 00 00 00 ,FTPZC00LP3HR,Pass,DLX9363002XN6R52Q,WMT-J90002,R118-P2_P21AEN-S1_C00278,R118-P2,R118-P2_P21AEN-S1,C4P9322009ZJCPP3U,GV29347006PN3LN2N,FM7934400HEN0LH1Y+S1J,C4793530804MW5D2L,13 00 00 00 00 ,13 00 00 00 00,370,0x0172,3,0x03,2,02,1286,0x0506,A0 02 00 0B 00 0B 00 0B ,0,0x00,33,0x21,33,0x21,Pass,02 01 01 05 49 ,02 01 01 05 49,Read_MLB_Lang :02 01 01 05 49  ,  Get_KBD_Lang :02 01 01 05 49,16,0x10,8704,0,0,0,0,0,0,0,0,0,0,0,0,16777216,0,0,0,0,0,16842752,16777216,0,0,0,0,17372165,100665620,33751040,,,,
FXLH,R118,FTPZC026P3HR,,R118-P2_P21AEN-S6,,FXLH_F05-4FT-02_2_GATEKEEPER,FAIL,09-25-09:19:52,75.66,V1.1.3.2,Check_All_CB,FTPZC026P3HR,Atlas 1.9.2,FTPZC026P3HR,V1.1.3.2,1,0,0,0,0,0,0,0,0,2,0,1,1,3,0,0,0,0,0,0,0,3,0,0,0,0,0,0,0,3,0,0,0,2,0,3,3,3,0,0,0,15 00 00 00 ,FTPZC026P3HR,Pass,DLX9363002UN6R52T,WMT-J90008,R118-P2_P21AEN-S6_C00345,R118-P2,R118-P2_P21AEN-S6,C4P932200JXJCPP33,GV29347002BN3LN2C,FM7934400JRN0LH1J+S1J,C4793530876MW5D2X,13 00 00 00 00 ,13 00 00 00 00,370,0x0172,3,0x03,2,02,1286,0x0506,A0 02 00 0B 00 00 00 0B ,0,0x00,33,0x21,33,0x21,Pass,02 01 01 05 49 ,02 01 01 05 49,Read_MLB_Lang :02 01 01 05 49  ,  Get_KBD_Lang :02 01 01 05 49,16,0x10,8704,0,0,0,0,0,0,0,0,0,0,0,0,16777216,0,0,0,0,0,16842752,16777216,0,0,0,0,17372165,100665620,33751040,,,,
FXLH,R118,FTPZF00AP3J2,,R118-P2_P21INO,,FXLH_F05-4FT-02_2_GATEKEEPER,FAIL,09-25-15:05:39,47.22,V1.1.3.2,Check_All_CB,FTPZF00AP3J2,Atlas 1.9.2,FTPZF00AP3J2,V1.1.3.2,1,3,0,0,0,3,0,0,0,3,0,0,0,3,0,0,0,3,0,0,0,3,0,0,0,0,0,0,0,3,0,0,0,3,0,0,0,3,0,0,0,15 00 00 00 ,FTPZF00AP3J2,Pass,DLX9382000FN6R527,WMT-J90033,R118-P2_P21INO_C01174,R118-P2,R118-P2_P21INO,C4P9345001MJCQC3V,GV29372004XP2T02F,FM7934401HWN0LH1F+V1J,C47935302NQMW5D28,13 00 00 00 02 ,13 00 00 00 00,370,0x0172,3,0x03,2,02,1286,0x0506,A0 02 00 0B 00 0B 00 0B ,0,0x00,,0x0D,,0x0D,Pass,02 01 02 0E 4A ,02 01 02 0E 4A,Read_MLB_Lang :02 01 02 0E 4A  ,  Get_KBD_Lang :02 01 02 0E 4A,16,0x10,8704,0,0,0,0,0,0,0,0,0,0,0,0,16777216,0,0,0,0,0,16842752,16777216,0,0,0,0,17372165,100665620,33751040,,13,13,
FXLH,R118,FTPZF003P3J8,,R118-P2_P21ISWE,,FXLH_F05-4FT-02_2_GATEKEEPER,FAIL,09-25-15:08:48,44.43,V1.1.3.2,Check_All_CB,FTPZF003P3J8,Atlas 1.9.2,FTPZF003P3J8,V1.1.3.2,1,3,0,0,0,3,0,0,0,3,0,0,0,3,0,0,0,3,0,1,1,3,0,0,0,0,0,0,0,3,0,0,0,3,0,0,0,3,0,0,0,15 00 00 00 ,FTPZF003P3J8,Pass,DLX9382006WN6R528,WMT-J9002F,R118-P2_P21ISWE_C01143,R118-P2,R118-P2_P21ISWE,C4P9345001KJCQM3N,GV29367001UP2T02R,FM7934401CRN0LH11+V1J,C47935303G3MW5D2C,13 00 00 00 02 ,13 00 00 00 00,370,0x0172,3,0x03,2,02,1286,0x0506,A0 02 00 0B 00 0B 00 0B ,0,0x00,,0x0D,,0x0D,Pass,02 01 02 08 4A ,02 01 02 08 4A,Read_MLB_Lang :02 01 02 08 4A  ,  Get_KBD_Lang :02 01 02 08 4A,16,0x10,8704,0,0,0,0,0,0,0,0,0,0,0,0,16777216,0,0,0,0,0,16842752,16777216,0,0,0,0,17372165,100665620,33751040,,13,13,
FXLH,R118,FTPZF002P3J2,,R118-P2_P21INO,,FXLH_F05-4FT-02_2_GATEKEEPER,FAIL,09-25-15:11:44,47.44,V1.1.3.2,Check_All_CB,FTPZF002P3J2,Atlas 1.9.2,FTPZF002P3J2,V1.1.3.2,1,3,0,0,0,3,0,0,0,3,0,0,0,3,0,0,0,3,0,0,0,3,0,0,0,0,0,0,0,3,0,0,0,3,0,0,0,3,0,0,0,15 00 00 00 ,FTPZF002P3J2,Pass,DLX9382004WN6R52E,WMT-J90033,R118-P2_P21INO_C01181,R118-P2,R118-P2_P21INO,C4P9345001VJCQC3M,GV29372003FP2T020,FM7934401E6N0LH1E+V1J,C47935303H5MW5D27,13 00 00 00 02 ,13 00 00 00 00,370,0x0172,3,0x03,2,02,1286,0x0506,A0 02 00 0B 00 0B 00 0B ,0,0x00,,0x0D,,0x0D,Pass,02 01 02 0E 4A ,02 01 02 0E 4A,Read_MLB_Lang :02 01 02 0E 4A  ,  Get_KBD_Lang :02 01 02 0E 4A,16,0x10,8704,0,0,0,0,0,0,0,0,0,0,0,0,16777216,0,0,0,0,0,16842752,16777216,0,0,0,0,17372165,100665620,33751040,,13,13,
FXLH,R118,FTPZF005P3JC,,R118-P2_P21IITA,,FXLH_F05-4FT-02_2_GATEKEEPER,FAIL,09-25-15:15:08,45.18,V1.1.3.2,Check_All_CB,FTPZF005P3JC,Atlas 1.9.2,FTPZF005P3JC,V1.1.3.2,1,3,0,0,0,3,0,0,0,3,0,0,0,3,0,0,0,3,0,1,1,3,0,0,0,0,0,0,0,3,0,0,0,3,0,0,0,3,0,0,0,15 00 00 00 ,FTPZF005P3JC,Pass,DLX9375009MN6R528,WMT-J9002D,R118-P2_P21IITA_C01131,R118-P2,R118-P2_P21IITA,C4P9345000NJCQP3L,GV29372001PP2T02Y,FM7934401S8N0LH1A+V1J,C47935305BDMW5D2F,13 00 00 00 02 ,13 00 00 00 00,370,0x0172,3,0x03,2,02,1286,0x0506,A0 02 00 0B 00 0B 00 0B ,0,0x00,,0x0D,,0x0D,Pass,02 01 02 09 4A ,02 01 02 09 4A,Read_MLB_Lang :02 01 02 09 4A  ,  Get_KBD_Lang :02 01 02 09 4A,16,0x10,8704,0,0,0,0,0,0,0,0,0,0,0,0,16777216,0,0,0,0,0,16842752,16777216,0,0,0,0,17372165,100665620,33751040,,13,13,
FXLH,R118,FTPZF005P3HY,,R118-P2_P21IDA,,FXLH_F05-4FT-02_2_GATEKEEPER,FAIL,09-25-16:17:06,44.14,V1.1.3.2,Check_All_CB,FTPZF005P3HY,Atlas 1.9.2,FTPZF005P3HY,V1.1.3.2,1,3,0,0,0,3,0,0,0,3,0,0,0,3,0,0,0,3,0,0,0,2,0,3,3,0,0,0,0,3,0,0,0,3,0,0,0,3,0,1,1,15 00 00 00 ,FTPZF005P3HY,Pass,DLX93820089N6R52P,WMT-J90032,R118-P2_P21IDA_C01167,R118-P2,R118-P2_P21IDA,C4P9345000TJCQ63Y,GV29372006FP2T02R,FM7934401J9N0LH1Z+V1J,C47935301QQMW5D23,13 00 00 00 02 ,13 00 00 00 00,370,0x0172,3,0x03,2,02,1286,0x0506,A0 02 00 0B 00 0B 00 0B ,0,0x00,,0x0D,,0x0D,Pass,02 01 02 0C 4A ,02 01 02 0C 4A,Read_MLB_Lang :02 01 02 0C 4A  ,  Get_KBD_Lang :02 01 02 0C 4A,16,0x10,8704,0,0,0,0,0,0,0,0,0,0,0,0,16777216,0,0,0,0,0,16842752,16777216,0,0,0,0,17372165,100665620,33751040,,13,13,
FXLH,R118,FTPZF00NP3HX,,R118-P2_P21IG,,FXLH_F05-4FT-02_2_GATEKEEPER,FAIL,09-25-16:19:20,53.12,V1.1.3.2,Check_All_CB,FTPZF00NP3HX,Atlas 1.9.2,FTPZF00NP3HX,V1.1.3.2,1,3,0,0,0,3,0,0,0,3,0,0,0,3,0,0,0,3,0,0,0,2,0,3,3,0,0,0,0,3,0,0,0,3,0,0,0,3,0,0,0,15 00 00 00 ,FTPZF00NP3HX,Pass,DLX9375009BN6R52J,WMT-J90029,R118-P2_P21IG_C01080,R118-P2,R118-P2_P21IG,C4P93470016JCQ53F,GV293720030P2T02F,FM7934401GNN0LH1S+V1J,C47935300M2MW5D21,13 00 00 00 02 ,13 00 00 00 00,370,0x0172,3,0x03,2,02,1286,0x0506,A0 02 00 0B 00 0B 00 0B ,0,0x00,,0x0D,,0x0D,Pass,02 01 02 01 4A ,02 01 02 01 4A,Read_MLB_Lang :02 01 02 01 4A  ,  Get_KBD_Lang :02 01 02 01 4A,16,0x10,8704,0,0,0,0,0,0,0,0,0,0,0,0,16777216,0,0,0,0,0,16842752,16777216,0,0,0,0,17372165,100665620,33751040,,13,13,
FXLH,R118,FTPZF008P3JD,,R118-P2_P21IINT,,FXLH_F05-4FT-02_2_GATEKEEPER,FAIL,09-25-16:32:52,47.27,V1.1.3.2,Check_All_CB,FTPZF008P3JD,Atlas 1.9.2,FTPZF008P3JD,V1.1.3.2,1,3,0,0,0,3,0,0,0,3,0,0,0,3,0,0,0,3,0,0,0,3,0,1,1,0,0,0,0,3,0,0,0,3,0,0,0,3,0,0,0,15 00 00 00 ,FTPZF008P3JD,Pass,DLX9382006FN6R52P,WMT-J90031,R118-P2_P21IINT_C01160,R118-P2,R118-P2_P21IINT,C4P9345000AJCQT3U,GV29363002ZP2T02M,FM7934402WYN0LH17+V6J,C47935308FZMW5D2E,13 00 00 00 02 ,13 00 00 00 00,370,0x0172,3,0x03,2,02,1286,0x0506,A0 02 00 0B 00 0B 00 0B ,0,0x00,,0x0D,,0x0D,Pass,02 01 02 04 4A ,02 01 02 04 4A,Read_MLB_Lang :02 01 02 04 4A  ,  Get_KBD_Lang :02 01 02 04 4A,16,0x10,8704,0,0,0,0,0,0,0,0,0,0,0,0,16777216,0,0,0,0,0,16842752,16777216,0,0,0,0,17372165,100665620,33751040,,13,13,
FXLH,R118,FTPZF003P3JC,,R118-P2_P21IITA,,FXLH_F05-4FT-02_2_GATEKEEPER,FAIL,09-25-16:39:39,44.19,V1.1.3.2,Check_All_CB,FTPZF003P3JC,Atlas 1.9.2,FTPZF003P3JC,V1.1.3.2,1,3,0,0,0,3,0,0,0,3,0,0,0,3,0,0,0,3,0,0,0,3,0,0,0,0,0,0,0,3,0,1,1,3,0,0,0,3,0,0,0,15 00 00 00 ,FTPZF003P3JC,Pass,DLX937500A0N6R52S,WMT-J9002D,R118-P2_P21IITA_C01129,R118-P2,R118-P2_P21IITA,C4P9345001NJCQP3H,GV29372001XP2T02Q,FM7934401TCN0LH13+V1J,C479353049HMW5D2J,13 00 00 00 02 ,13 00 00 00 00,370,0x0172,3,0x03,2,02,1286,0x0506,A0 02 00 0B 00 0B 00 0B ,0,0x00,,0x0D,,0x0D,Pass,02 01 02 09 4A ,02 01 02 09 4A,Read_MLB_Lang :02 01 02 09 4A  ,  Get_KBD_Lang :02 01 02 09 4A,16,0x10,8704,0,0,0,0,0,0,0,0,0,0,0,0,16777216,0,0,0,0,0,16842752,16777216,0,0,0,0,17372165,100665620,33751040,,13,13,
FXLH,R118,FTPZD02PP3J4,,R118-P2_P21AK,,FXLH_F05-4FT-02_2_GATEKEEPER,FAIL,09-25-16:54:45,44.86,V1.1.3.2,Check_All_CB,FTPZD02PP3J4,Atlas 1.9.2,FTPZD02PP3J4,V1.1.3.2,1,3,0,0,0,3,0,0,0,3,0,1,1,3,0,0,0,3,0,0,0,3,0,0,0,0,0,0,0,3,0,0,0,3,0,0,0,3,0,0,0,15 00 00 00 ,FTPZD02PP3J4,Pass,DLX937500E6N6R528,WMT-J90017,R118-P2_P21AK_C00619,R118-P2,R118-P2_P21AK,C4P93220002JCPV3C,GV29364006DN3LN2V,FM7934401C8N0LH1J+V1J,CR19356016MMW5D13,13 00 00 00 02 ,13 00 00 00 00,370,0x0172,3,0x03,2,02,1286,0x0506,A0 02 00 0B 00 0B 00 0B ,0,0x00,33,0x21,33,0x21,Pass,02 01 01 0F 49 16 16 ,02 01 01 0F 49 16 16,Read_MLB_Lang :02 01 01 0F 49 16 16  ,  Get_KBD_Lang :02 01 01 0F 49 16 16,16,0x10,8704,0,0,0,0,0,0,0,0,0,0,0,0,16777216,0,0,0,0,0,16842752,16777216,0,0,0,0,17372165,100665620,33751040,,,,
FXLH,R118,FTPZD03SP3HR,,R118-P2_P21AEN,,FXLH_F05-4FT-02_2_GATEKEEPER,FAIL,09-25-17:22:37,41.36,V1.1.3.2,Check_All_CB,FTPZD03SP3HR,Atlas 1.9.2,FTPZD03SP3HR,V1.1.3.2,1,3,0,0,0,3,0,0,0,3,0,0,0,3,0,0,0,3,0,0,0,3,0,1,1,0,0,0,0,3,0,0,0,3,0,0,0,3,0,0,0,15 00 00 00 ,FTPZD03SP3HR,Pass,DLX9375006YN6R526,WMT-J90014,R118-P2_P21AEN_C00539,R118-P2,R118-P2_P21AEN,C4P932200DEJCPP31,GV293640059N3LN22,FM793440192N0LH1Z+V1J,CR193560103MW5D15,13 00 00 00 02 ,13 00 00 00 00,370,0x0172,3,0x03,2,02,1286,0x0506,A0 02 00 0B 00 0B 00 0B ,0,0x00,33,0x21,33,0x21,Pass,02 01 01 05 49 ,02 01 01 05 49,Read_MLB_Lang :02 01 01 05 49  ,  Get_KBD_Lang :02 01 01 05 49,16,0x10,8704,0,0,0,0,0,0,0,0,0,0,0,0,16777216,0,0,0,0,0,16842752,16777216,0,0,0,0,17372165,100665620,33751040,,,,
FXLH,R118,FTPZD05GP3HR,,R118-P2_P21AEN,,FXLH_F05-4FT-02_2_GATEKEEPER,FAIL,09-25-17:37:27,47.85,V1.1.3.2,Check_All_CB,FTPZD05GP3HR,Atlas 1.9.2,FTPZD05GP3HR,V1.1.3.2,1,3,0,0,0,3,0,0,0,3,0,1,1,3,0,0,0,3,0,0,0,2,0,2,2,0,0,0,0,3,0,2,2,3,0,0,0,3,0,0,0,15 00 00 00 ,FTPZD05GP3HR,Pass,DLX9375006BN6R52T,WMT-J90014,R118-P2_P21AEN_C00480,R118-P2,R118-P2_P21AEN,C4P932200DMJCPP3U,GV293640016N3LN2H,FM79344016NN0LH1N+V1J,CR1935601PEMW5D1T,13 00 00 00 02 ,13 00 00 00 00,370,0x0172,3,0x03,2,02,1286,0x0506,A0 02 00 0B 00 0B 00 0B ,0,0x00,33,0x21,33,0x21,Pass,02 01 01 05 49 ,02 01 01 05 49,Read_MLB_Lang :02 01 01 05 49  ,  Get_KBD_Lang :02 01 01 05 49,16,0x10,8704,0,0,0,0,0,0,0,0,0,0,0,0,16777216,0,0,0,0,0,16842752,16777216,0,0,0,0,17372165,100665620,33751040,,,,
FXLH,R118,FTPZF00EP3JD,,R118-P2_P21IINT-NB,,FXLH_F05-4FT-02_2_GATEKEEPER,FAIL,09-25-18:05:35,44.53,V1.1.3.2,Check_All_CB,FTPZF00EP3JD,Atlas 1.9.2,FTPZF00EP3JD,V1.1.3.2,1,3,0,0,0,3,0,0,0,3,0,0,0,3,0,0,0,3,0,1,1,2,0,4,4,0,0,0,0,3,0,0,0,3,0,0,0,3,0,0,0,15 00 00 00 ,FTPZF00EP3JD,Pass,DLX93750079N6R52S,WMT-J9003D,R118-P2_P21IINT-NB_C01227,R118-P2,R118-P2_P21IINT-NB,C4P9345001EJCQT3M,GV29367000WP2T02S,FM79344031SN0LH1X+V6J,CR1935600TVMW5D11,13 00 00 00 02 ,13 00 00 00 00,370,0x0172,3,0x03,2,02,1286,0x0506,A0 02 00 0B 00 0B 00 0B ,0,0x00,,0x0D,,0x0D,Pass,02 01 02 04 4A ,02 01 02 04 4A,Read_MLB_Lang :02 01 02 04 4A  ,  Get_KBD_Lang :02 01 02 04 4A,16,0x10,8704,0,0,0,0,0,0,0,0,0,0,0,0,16777216,0,0,0,0,0,16842752,16777216,0,0,0,0,17372165,100665620,33751040,,13,13,
FXLH,R118,FTPZF002P3JD,,R118-P2_P21IINT,,FXLH_F05-4FT-02_2_GATEKEEPER,FAIL,09-25-18:08:52,47.53,V1.1.3.2,Check_All_CB,FTPZF002P3JD,Atlas 1.9.2,FTPZF002P3JD,V1.1.3.2,1,3,0,0,0,3,0,0,0,3,0,1,1,3,0,0,0,3,0,0,0,2,0,1,1,0,0,0,0,3,0,0,0,3,0,0,0,3,0,0,0,15 00 00 00 ,FTPZF002P3JD,Pass,DLX9382008DN6R52K,WMT-J90031,R118-P2_P21IINT_C01154,R118-P2,R118-P2_P21IINT,C4P9345000TJCQT3B,GV29363002VP2T02R,FM7934402XDN0LH1P+V6J,C47935305CKMW5D26,13 00 00 00 02 ,13 00 00 00 00,370,0x0172,3,0x03,2,02,1286,0x0506,A0 02 00 0B 00 0B 00 0B ,0,0x00,,0x0D,,0x0D,Pass,02 01 02 04 4A ,02 01 02 04 4A,Read_MLB_Lang :02 01 02 04 4A  ,  Get_KBD_Lang :02 01 02 04 4A,16,0x10,8704,0,0,0,0,0,0,0,0,0,0,0,0,16777216,0,0,0,0,0,16842752,16777216,0,0,0,0,17372165,100665620,33751040,,13,13,
FXLH,R118,FTPZF00AP3HX,,R118-P2_P21IG-M6,,FXLH_F05-4FT-02_2_GATEKEEPER,FAIL,09-25-18:31:06,59.61,V1.1.3.2,Check_All_CB; Compare_FG_SN; MLB_SN; Check_EP_Status; Get_KBD_HW_Layout; Compare_KBD_HW_Layout,FTPZF00AP3HX,Atlas 1.9.2,FTPZF00AP3HX,V1.1.3.2,1,3,0,0,0,3,0,0,0,3,0,0,0,3,0,0,0,3,0,0,0,3,0,0,0,0,0,0,0,3,0,0,0,3,0,1,1,3,0,0,0,15 00 00 00 ,-27-48-48-48,Fail,,WMT-J90025,R118-P2_P21IG-M6_C01040,R118-P2,R118-P2_P21IG-M6,C4P93470015JCQ53G,GV29372004RP2T02M,FM7934401TAN0LH15+V1J,CR1935600A5MW5D18,,13 00 00 00 00,370,0x0172,3,0x03,2,02,1286,0x0506,A0 02 00 0B 00 0B 00 0B ,0,0x00,,0x0D,,,,02 01 02 01 4A ,A,Read_MLB_Lang :02 01 02 01 4A  ,  Get_KBD_Lang :A,16,0x10,8704,0,0,0,0,0,0,0,0,0,0,0,0,16777216,0,0,0,0,0,16842752,16777216,0,0,0,0,17372165,100665620,33751040,,13,,
FXLH,R118,FTPZF00AP3HX,,R118-P2_P21IG-M6,,FXLH_F05-4FT-02_2_GATEKEEPER,FAIL,09-25-18:33:15,71.40,V1.1.3.2,Check_All_CB,FTPZF00AP3HX,Atlas 1.9.2,FTPZF00AP3HX,V1.1.3.2,1,3,0,0,0,3,0,0,0,3,0,0,0,3,0,0,0,3,0,0,0,3,0,0,0,0,0,0,0,3,0,0,0,3,0,1,1,3,0,0,0,15 00 00 00 ,FTPZF00AP3HX,Pass,DLX9382000EN6R528,WMT-J90025,R118-P2_P21IG-M6_C01040,R118-P2,R118-P2_P21IG-M6,C4P93470015JCQ53G,GV29372004RP2T02M,FM7934401TAN0LH15+V1J,CR1935600A5MW5D18,13 00 00 00 00 ,13 00 00 00 00,370,0x0172,3,0x03,2,02,1286,0x0506,A0 02 00 0B 00 0B 00 0B ,0,0x00,,0x0D,,0x0D,Pass,02 01 02 01 4A ,02 01 02 01 4A,Read_MLB_Lang :02 01 02 01 4A  ,  Get_KBD_Lang :02 01 02 01 4A,16,0x10,8704,0,0,0,0,0,0,0,0,0,0,0,0,16777216,0,0,0,0,0,16842752,16777216,0,0,0,0,17372165,100665620,33751040,,13,13,
FXLH,R118,FTPZD01WP3J4,,R118-P2_P21AK-M5-1,,FXLH_F05-4FT-02_2_GATEKEEPER,FAIL,09-25-18:50:53,44.64,V1.1.3.2,Check_All_CB,FTPZD01WP3J4,Atlas 1.9.2,FTPZD01WP3J4,V1.1.3.2,1,3,0,0,0,3,0,0,0,3,0,0,0,3,0,0,0,3,0,0,0,3,0,0,0,0,0,0,0,3,0,0,0,3,0,0,0,3,0,0,0,15 00 00 00 ,FTPZD01WP3J4,Pass,DLX93740030N6R52E,WMT-J90011,R118-P2_P21AK-M5-1_C00455,R118-P2,R118-P2_P21AK-M5-1,C4P9322004MJCPV3F,GV29363004TN3LN2N,FM7934400XNN0LH1G+M1J,CR193560100MW5D18,13 00 00 00 02 ,13 00 00 00 00,370,0x0172,3,0x03,2,02,1286,0x0506,A0 02 00 0B 00 0B 00 0B ,0,0x00,33,0x21,33,0x21,Pass,02 01 01 0F 49 16 16 ,02 01 01 0F 49 16 16,Read_MLB_Lang :02 01 01 0F 49 16 16  ,  Get_KBD_Lang :02 01 01 0F 49 16 16,16,0x10,8704,0,0,0,0,0,0,0,0,0,0,0,0,16777216,0,0,0,0,0,16842752,16777216,0,0,0,0,17372165,100665620,33751040,,,,
FXLH,R118,FTPZF009P3J8,,R118-P2_P21ISWE,,FXLH_F05-4FT-02_2_GATEKEEPER,FAIL,09-25-18:52:47,54.79,V1.1.3.2,Check_All_CB,FTPZF009P3J8,Atlas 1.9.2,FTPZF009P3J8,V1.1.3.2,1,3,0,0,0,3,0,0,0,3,0,0,0,3,0,0,0,3,0,0,0,3,0,1,1,0,0,0,0,3,0,0,0,3,0,0,0,3,0,0,0,15 00 00 00 ,FTPZF009P3J8,Pass,DLX9382008KN6R52D,WMT-J9002F,R118-P2_P21ISWE_C01137,R118-P2,R118-P2_P21ISWE,C4P9345001CJCQM3V,GV29367002PP2T02T,FM7934401TDN0LH12+V1J,C47935301PNMW5D28,13 00 00 00 02 ,13 00 00 00 00,370,0x0172,3,0x03,2,02,1286,0x0506,A0 02 00 0B 00 0B 00 0B ,0,0x00,,0x0D,,0x0D,Pass,02 01 02 08 4A ,02 01 02 08 4A,Read_MLB_Lang :02 01 02 08 4A  ,  Get_KBD_Lang :02 01 02 08 4A,16,0x10,8704,0,0,0,0,0,0,0,0,0,0,0,0,16777216,0,0,0,0,0,16842752,16777216,0,0,0,0,17372165,100665620,33751040,,13,13,
FXLH,R118,FTPZD046P3HR,,R118-P2_P21AEN,,FXLH_F05-4FT-02_2_GATEKEEPER,FAIL,09-26-08:35:57,44.43,V1.1.3.2,Check_All_CB,FTPZD046P3HR,Atlas 1.9.2,FTPZD046P3HR,V1.1.3.2,1,3,0,0,0,3,0,0,0,3,0,0,0,3,0,0,0,3,0,0,0,3,0,14,14,0,0,0,0,3,0,0,0,3,0,0,0,3,0,0,0,15 00 00 00 ,FTPZD046P3HR,Pass,DLX9375004TN6R52H,WMT-J90014,R118-P2_P21AEN_C00524,R118-P2,R118-P2_P21AEN,C4P9322003FJCPP3W,GV293640033N3LN2E,FM79344019KN0LH1G+V1J,CR193560107MW5D11,13 00 00 00 02 ,13 00 00 00 00,370,0x0172,3,0x03,2,02,1286,0x0506,A0 02 00 0B 00 0B 00 0B ,0,0x00,33,0x21,33,0x21,Pass,02 01 01 05 49 ,02 01 01 05 49,Read_MLB_Lang :02 01 01 05 49  ,  Get_KBD_Lang :02 01 01 05 49,16,0x10,8704,0,0,0,0,0,0,0,0,0,0,0,0,16777216,0,0,0,0,0,16842752,16777216,0,0,0,0,17372165,100665620,33751040,,,,
FXLH,R118,FTPZF03TP3HW,,R118-P2_P21ACH-ECORELNB,,FXLH_F05-4FT-02_2_GATEKEEPER,FAIL,09-26-08:38:38,54.81,V1.1.3.2,Check_All_CB,FTPZF03TP3HW,Atlas 1.9.2,FTPZF03TP3HW,V1.1.3.2,1,3,0,0,0,3,0,0,0,3,0,0,0,3,0,0,0,3,0,0,0,3,0,5,5,0,0,0,0,3,0,0,0,3,0,0,0,3,0,0,0,15 00 00 00 ,FTPZF03TP3HW,Pass,DLX937500L3N6R52T,WMT-J9001D,R118-P2_P21ACH-ECORELNB_C00880,R118-P2,R118-P2_P21ACH-ECORELNB,C4P93220003JCPT3D,GV293630033N3LN2F,FM7934401BCN0LH1H+V1J,CR1935601PHMW5D1Q,13 00 00 00 02 ,13 00 00 00 00,370,0x0172,3,0x03,2,02,1286,0x0506,A0 02 00 0B 00 0B 00 0B ,0,0x00,33,0x21,33,0x21,Pass,02 01 01 0B 49 16 16 ,02 01 01 0B 49 16 16,Read_MLB_Lang :02 01 01 0B 49 16 16  ,  Get_KBD_Lang :02 01 01 0B 49 16 16,16,0x10,8704,0,0,0,0,0,0,0,0,0,0,0,0,16777216,0,0,0,0,0,16842752,16777216,0,0,0,0,17372165,100665620,33751040,,,,
FXLH,R118,FTPZF036P3HW,,R118-P2_P21ACH-ECORELNB,,FXLH_F05-4FT-02_2_GATEKEEPER,FAIL,09-26-08:43:22,47.28,V1.1.3.2,Check_All_CB,FTPZF036P3HW,Atlas 1.9.2,FTPZF036P3HW,V1.1.3.2,1,3,0,0,0,3,0,0,0,3,0,0,0,3,0,0,0,3,0,0,0,3,0,3,3,0,0,0,0,3,0,0,0,3,0,0,0,3,0,0,0,15 00 00 00 ,FTPZF036P3HW,Pass,DLX937600S3N6R528,WMT-J9001D,R118-P2_P21ACH-ECORELNB_C00861,R118-P2,R118-P2_P21ACH-ECORELNB,C4P9322000KJCPT3X,GV29363003AN3LN28,FM7934401DYN0LH1R+V1J,C47935301BEMW5D2J,13 00 00 00 02 ,13 00 00 00 00,370,0x0172,3,0x03,2,02,1286,0x0506,A0 02 00 0B 00 0B 00 0B ,0,0x00,33,0x21,33,0x21,Pass,02 01 01 0B 49 16 16 ,02 01 01 0B 49 16 16,Read_MLB_Lang :02 01 01 0B 49 16 16  ,  Get_KBD_Lang :02 01 01 0B 49 16 16,16,0x10,8704,0,0,0,0,0,0,0,0,0,0,0,0,16777216,0,0,0,0,0,16842752,16777216,0,0,0,0,17372165,100665620,33751040,,,,
FXLH,R118,FTPZF04KP3HW,,R118-P2_P21ACH-ECORELNB,,FXLH_F05-4FT-02_2_GATEKEEPER,FAIL,09-26-08:52:43,40.65,V1.1.3.2,Check_All_CB,FTPZF04KP3HW,Atlas 1.9.2,FTPZF04KP3HW,V1.1.3.2,1,3,0,0,0,3,0,0,0,3,0,0,0,3,0,0,0,3,0,0,0,3,0,4,4,0,0,0,0,3,0,0,0,3,0,0,0,3,0,0,0,15 00 00 00 ,FTPZF04KP3HW,Pass,DLX937500FDN6R52Y,WMT-J9001D,R118-P2_P21ACH-ECORELNB_C00894,R118-P2,R118-P2_P21ACH-ECORELNB,C4P93220028JCPT32,GV29363003HN3LN21,FM7934401J6N0LH12+V1J,C47935302QCMW5D2E,13 00 00 00 02 ,13 00 00 00 00,370,0x0172,3,0x03,2,02,1286,0x0506,A0 02 00 0B 00 0B 00 0B ,0,0x00,33,0x21,33,0x21,Pass,02 01 01 0B 49 16 16 ,02 01 01 0B 49 16 16,Read_MLB_Lang :02 01 01 0B 49 16 16  ,  Get_KBD_Lang :02 01 01 0B 49 16 16,16,0x10,8704,0,0,0,0,0,0,0,0,0,0,0,0,16777216,0,0,0,0,0,16842752,16777216,0,0,0,0,17372165,100665620,33751040,,,,
FXLH,R118,FTPZD02MP3J4,,R118-P2_P21AK,,FXLH_F05-4FT-02_2_GATEKEEPER,FAIL,09-26-08:58:06,47.97,V1.1.3.2,Check_All_CB,FTPZD02MP3J4,Atlas 1.9.2,FTPZD02MP3J4,V1.1.3.2,1,3,0,0,0,3,0,0,0,3,0,1,1,3,0,0,0,3,0,0,0,3,0,6,6,0,0,0,0,3,0,0,0,3,0,0,0,3,0,0,0,15 00 00 00 ,FTPZD02MP3J4,Pass,DLX937500MCN6R52F,WMT-J90017,R118-P2_P21AK_C00621,R118-P2,R118-P2_P21AK,C4P9322001YJCPV3D,GV29364007MN3LN2J,FM7934401KTN0LH1C+V1J,CR19356016UMW5D1W,13 00 00 00 02 ,13 00 00 00 00,370,0x0172,3,0x03,2,02,1286,0x0506,A0 02 00 0B 00 0B 00 0B ,0,0x00,33,0x21,33,0x21,Pass,02 01 01 0F 49 16 16 ,02 01 01 0F 49 16 16,Read_MLB_Lang :02 01 01 0F 49 16 16  ,  Get_KBD_Lang :02 01 01 0F 49 16 16,16,0x10,8704,0,0,0,0,0,0,0,0,0,0,0,0,16777216,0,0,0,0,0,16842752,16777216,0,0,0,0,17372165,100665620,33751040,,,,
FXLH,R118,FTPZD03DP3HR,,R118-P2_P21AEN,,FXLH_F05-4FT-02_2_GATEKEEPER,FAIL,09-26-09:05:10,40.61,V1.1.3.2,Check_All_CB,FTPZD03DP3HR,Atlas 1.9.2,FTPZD03DP3HR,V1.1.3.2,1,3,0,0,0,3,0,0,0,3,0,0,0,3,0,0,0,3,0,0,0,3,0,0,0,0,0,0,0,3,0,0,0,3,0,0,0,3,0,0,0,15 00 00 00 ,FTPZD03DP3HR,Pass,DLX93750052N6R525,WMT-J90014,R118-P2_P21AEN_C00550,R118-P2,R118-P2_P21AEN,C4P932200GZJCPP37,GV29364004GN3LN2Y,FM79344018KN0LH1K+V1J,CR19356010RMW5D1H,13 00 00 00 02 ,13 00 00 00 00,370,0x0172,3,0x03,2,02,1286,0x0506,A0 02 00 0B 00 0B 00 0B ,0,0x00,33,0x21,33,0x21,Pass,02 01 01 05 49 ,02 01 01 05 49,Read_MLB_Lang :02 01 01 05 49  ,  Get_KBD_Lang :02 01 01 05 49,16,0x10,8704,0,0,0,0,0,0,0,0,0,0,0,0,16777216,0,0,0,0,0,16842752,16777216,0,0,0,0,17372165,100665620,33751040,,,,
FXLH,R118,FTPZF00AP3HY,,R118-P2_P21IDA,,FXLH_F05-4FT-02_2_GATEKEEPER,FAIL,09-26-09:10:27,40.43,V1.1.3.2,Check_All_CB,FTPZF00AP3HY,Atlas 1.9.2,FTPZF00AP3HY,V1.1.3.2,1,3,0,0,0,3,0,0,0,3,0,0,0,3,0,0,0,3,0,0,0,3,0,0,0,0,0,0,0,3,0,0,0,3,0,0,0,3,0,0,0,15 00 00 00 ,FTPZF00AP3HY,Pass,DLX9382007DN6R52N,WMT-J90032,R118-P2_P21IDA_C01172,R118-P2,R118-P2_P21IDA,C4P93450014JCQ63J,GV29372007LP2T02H,FM7934401SQN0LH1U+V1J,CR19356002UMW5D19,13 00 00 00 02 ,13 00 00 00 00,370,0x0172,3,0x03,2,02,1286,0x0506,A0 02 00 0B 00 0B 00 0B ,0,0x00,,0x0D,,0x0D,Pass,02 01 02 0C 4A ,02 01 02 0C 4A,Read_MLB_Lang :02 01 02 0C 4A  ,  Get_KBD_Lang :02 01 02 0C 4A,16,0x10,8704,0,0,0,0,0,0,0,0,0,0,0,0,16777216,0,0,0,0,0,16842752,16777216,0,0,0,0,17372165,100665620,33751040,,13,13,
FXLH,R118,FTPZD05GP3HR,,R118-P2_P21AEN,,FXLH_F05-4FT-02_2_GATEKEEPER,FAIL,09-26-09:27:30,44.34,V1.1.3.2,Check_All_CB,FTPZD05GP3HR,Atlas 1.9.2,FTPZD05GP3HR,V1.1.3.2,1,3,0,0,0,3,0,0,0,3,0,1,1,3,0,0,0,3,0,0,0,3,0,6,6,0,0,0,0,3,0,2,2,3,0,0,0,3,0,0,0,15 00 00 00 ,FTPZD05GP3HR,Pass,DLX9375006BN6R52T,WMT-J90014,R118-P2_P21AEN_C00480,R118-P2,R118-P2_P21AEN,C4P932200DMJCPP3U,GV293640016N3LN2H,FM79344016NN0LH1N+V1J,CR1935601PEMW5D1T,13 00 00 00 02 ,13 00 00 00 00,370,0x0172,3,0x03,2,02,1286,0x0506,A0 02 00 0B 00 0B 00 0B ,0,0x00,33,0x21,33,0x21,Pass,02 01 01 05 49 ,02 01 01 05 49,Read_MLB_Lang :02 01 01 05 49  ,  Get_KBD_Lang :02 01 01 05 49,16,0x10,8704,0,0,0,0,0,0,0,0,0,0,0,0,16777216,0,0,0,0,0,16842752,16777216,0,0,0,0,17372165,100665620,33751040,,,,
