GATEKEEPER,V1.1.3.2
Site, Product, SerialNumber, Special Build Name, Special Build Description, Unit Number, Station ID, Test Pass/Fail Status, StartTime, EndTime, Version, List of Failing Tests,Scan_FG_SN,Start Data Reporting,Start Data Reporting,Start Data Reporting,Start Data Reporting,Check_All_CB - CB_STATUS_MLB-FCT,Check_All_CB - ABS_ERASE_MLB-FCT,Check_All_CB - ABS_FAIL_MLB-FCT,Check_All_CB - REL_FAIL_MLB-FCT,Check_All_CB - CB_STATUS_TEST1,Check_All_CB - ABS_ERASE_TEST1,Check_All_CB - ABS_FAIL_TEST1,Check_All_CB - REL_FAIL_TEST1,Check_All_CB - CB_STATUS_QT0,Check_All_CB - ABS_ERASE_QT0,Check_All_CB - ABS_FAIL_QT0,Check_All_CB - REL_FAIL_QT0,Check_All_CB - CB_STATUS_DFU2-FTW,Check_All_CB - ABS_ERASE_DFU2-FTW,Check_All_CB - ABS_FAIL_DFU2-FTW,Check_All_CB - REL_FAIL_DFU2-FTW,Check_All_CB - CB_STATUS_QT1,Check_All_CB - ABS_ERASE_QT1,Check_All_CB - ABS_FAIL_QT1,Check_All_CB - REL_FAIL_QT1,Check_All_CB - CB_STATUS_LED-TEST,Check_All_CB - ABS_ERASE_LED-TEST,Check_All_CB - ABS_FAIL_LED-TEST,Check_All_CB - REL_FAIL_LED-TEST,Check_All_CB - CB_STATUS_KEY-FORCE,Check_All_CB - ABS_ERASE_KEY-FORCE,Check_All_CB - ABS_FAIL_KEY-FORCE,Check_All_CB - REL_FAIL_KEY-FORCE,Check_All_CB - CB_STATUS_TEST2,Check_All_CB - ABS_ERASE_TEST2,Check_All_CB - ABS_FAIL_TEST2,Check_All_CB - REL_FAIL_TEST2,Check_All_CB - CB_STATUS_MMI,Check_All_CB - ABS_ERASE_MMI,Check_All_CB - ABS_FAIL_MMI,Check_All_CB - REL_FAIL_MMI,Check_All_CB - CB_STATUS_SW-DOWNLOAD,Check_All_CB - ABS_ERASE_SW-DOWNLOAD,Check_All_CB - ABS_FAIL_SW-DOWNLOAD,Check_All_CB - REL_FAIL_SW-DOWNLOAD,Check_Bootargs_Status,Read_FG_SN,Compare_FG_SN,MLB_SN,WO_SN,UNIT_LBL,BUILD_EVENT,S_BUILD,KBM_SN,BACKLIGHT_SN,TRACKPAD_SN,TOUCH_FLEX_SN,Check_EP_Status,EP_Enable_All,STFW - STFW,STFW,Read_HW_Version - Read_HW_Version,Read_HW_Version,GreenPAK_ID - GreenPAK_ID,GreenPAK_ID,TOUCH_FW - TOUCH_FW,TOUCH_FW,Read_CCG3_FW,Production_Signed_Check - Production_Signed_Check,Production_Signed_Check,Read_KBD_HW_Layout - Read_KBD_HW_Layout,Read_KBD_HW_Layout,Get_KBD_HW_Layout - Read_KBD_HW_Layout,Get_KBD_HW_Layout,Compare_KBD_HW_Layout,Read_MLB_Lang,Get_KBD_Lang,Check_KBD_Lang,Read_MFI_Address - Read_MFI_Address,Read_MFI_Address,System_Critical_Errors - CRIT_ERR_E1_PART1,System_Critical_Errors - CRIT_ERR_E1_PART2,FW_Update_Critical_Errors - CRIT_ERR_E2_PART1,FW_Update_Critical_Errors - CRIT_ERR_E2_PART2,FW_Update_Critical_Errors - CRIT_ERR_E2_PART3,Key_Scan_Critical_Errors - CRIT_ERR_E7_PART1,Key_Scan_Critical_Errors - CRIT_ERR_E7_PART2,Key_Scan_Critical_Errors - CRIT_ERR_E7_PART3,Key_Scan_Critical_Errors - CRIT_ERR_E7_PART4,USBC_Critical_Errors - CRIT_ERR_E3_PART1,USBC_Critical_Errors - CRIT_ERR_E3_PART2,USBC_Critical_Errors - CRIT_ERR_E3_PART3,USBC_Critical_Errors - CRIT_ERR_E3_PART4,Grape_Critical_Errors - CRIT_ERR_E5_PART1,Grape_Critical_Errors - CRIT_ERR_E5_PART2,Grape_Critical_Errors - CRIT_ERR_E5_PART3,Grape_Critical_Errors - CRIT_ERR_E5_PART4,Grape_Critical_Errors - CRIT_ERR_E5_PART5,Grape_Critical_Errors - CRIT_ERR_E5_PART6,Grape_Critical_Errors - CRIT_ERR_E5_PART7,Grape_Critical_Errors - CRIT_ERR_E5_PART8,Grape_Critical_Errors - CRIT_ERR_E5_PART9,Grape_Critical_Errors - CRIT_ERR_E5_PART10,Critical_Errors_Summary - CRIT_ERR_E0_PART1,Backlight_Critical_Errors - BL_CRI_ERR_PART1,Grape_Connector_Self_Critical_Errors - CRIT_ERR_D3_PART1,Grape_Connector_Self_Critical_Errors - CRIT_ERR_D3_PART2,Grape_Connector_Self_Critical_Errors - CRIT_ERR_D3_PART3,
Upper Limited-------->,,,,,,,,,,,,,,,,,3,,,,3,,,,3,,,,3,,,,3,,,,3,,,,3,,,,3,,,,3,,,,3,,,,,,,,,,,,,,,,,,370,,3,,2,,1286,,,0,,33,,33,,,,,,16,,,,,,,,,,,,,,,,,,,,,,,,,,,,,,
Lower Limited-------->,,,,,,,,,,,,,,,,,3,,,,3,,,,3,,,,3,,,,3,,,,3,,,,3,,,,3,,,,3,,,,3,,,,,,,,,,,,,,,,,,370,,3,,2,,1286,,,0,,33,,33,,,,,,16,,,,,,,,,,,,,,,,,,,,,,,,,,,,,,
Measurement Units---->,,,,,,,,,,,,,,,,,,,,,,,,,,,,,,,,,,,,,,,,,,,,,,,,,,,,,,,,,,,,,,,,,,,,,,,,,,,,,,,,,,,,,,,,,,,,,,,,,,,,,,,,,,,,,,,,,,,,,,,,
FXLH,R118,FTPZF01LP3HR,,R118-P2_P21AEN-LO,,FXLH_F05-4FT-02_2_GATEKEEPER,FAIL,09-23-08:13:09,53.43,V1.1.3.2,Start Control Bits; Check_All_CB; Finish DRCB,FTPZF01LP3HR,Atlas 1.9.2,FTPZF01LP3HR,V1.1.3.2,1,3,0,0,0,3,0,0,0,3,0,0,0,3,0,0,0,3,0,0,0,3,0,0,0,0,0,0,0,3,0,0,0,3,0,0,0,3,0,0,0,15 00 00 00 ,FTPZF01LP3HR,Pass,DLX9382004KN6R52R,WMT-J90020,R118-P2_P21AEN-LO_C00957,R118-P2,R118-P2_P21AEN-LO,C4P9374001NJCPP3C,GV29372001QN3LN2Y,FM79366003NN0LH1Q+VLJ,C4793530288MW5D2Y,13 00 00 00 02 ,13 00 00 00 00,370,0x0172,3,0x03,2,02,1286,0x0506,A0 02 00 0B 00 0B 00 0B ,0,0x00,33,0x21,33,0x21,Pass,02 01 01 05 49 ,02 01 01 05 49,Read_MLB_Lang :02 01 01 05 49  ,  Get_KBD_Lang :02 01 01 05 49,16,0x10,8704,0,0,0,0,0,0,0,0,0,0,0,0,16777216,0,0,0,0,0,16842752,16777216,0,0,0,0,17372165,100665620,33751040,
FXLH,R118,FTPZF03NP3HW,,R118-P2_P21ACH-ECORELNB,,FXLH_F05-4FT-02_2_GATEKEEPER,FAIL,09-23-08:33:46,45.55,V1.1.3.2,Check_All_CB,FTPZF03NP3HW,Atlas 1.9.2,FTPZF03NP3HW,V1.1.3.2,1,3,0,0,0,3,0,0,0,3,0,2,2,3,0,0,0,3,0,0,0,3,0,0,0,0,0,0,0,3,0,0,0,3,0,0,0,3,0,0,0,15 00 00 00 ,FTPZF03NP3HW,Pass,DLX937600U4N6R521,WMT-J9001D,R118-P2_P21ACH-ECORELNB_C00865,R118-P2,R118-P2_P21ACH-ECORELNB,C4P9322002GJCPT3U,GV29363005UN3LN2J,FM793440189N0LH1V+V1J,CR1935601B7MW5D12,13 00 00 00 02 ,13 00 00 00 00,370,0x0172,3,0x03,2,02,1286,0x0506,A0 02 00 0B 00 0B 00 0B ,0,0x00,33,0x21,33,0x21,Pass,02 01 01 0B 49 16 16 ,02 01 01 0B 49 16 16,Read_MLB_Lang :02 01 01 0B 49 16 16  ,  Get_KBD_Lang :02 01 01 0B 49 16 16,16,0x10,8704,0,0,0,0,0,0,0,0,0,0,0,0,16777216,0,0,0,0,0,16842752,16777216,0,0,0,0,17372165,100665620,33751040,
FXLH,R118,FTPZF02TP3HW,,R118-P2_P21ACH-ECORELNB,,FXLH_F05-4FT-02_2_GATEKEEPER,FAIL,09-23-08:38:07,54.87,V1.1.3.2,Check_All_CB,FTPZF02TP3HW,Atlas 1.9.2,FTPZF02TP3HW,V1.1.3.2,1,3,0,0,0,3,0,0,0,3,0,0,0,3,0,0,0,3,0,0,0,3,0,0,0,0,0,0,0,3,0,0,0,3,0,0,0,3,0,1,1,15 00 00 00 ,FTPZF02TP3HW,Pass,DLX937600RPN6R52R,WMT-J9001D,R118-P2_P21ACH-ECORELNB_C00834,R118-P2,R118-P2_P21ACH-ECORELNB,C4P9322005AJCPT3R,GV29363006RN3LN2J,FM7934401PPN0LH14+V1J,CR1935601KCMW5D17,13 00 00 00 02 ,13 00 00 00 00,370,0x0172,3,0x03,2,02,1286,0x0506,A0 02 00 0B 00 0B 00 0B ,0,0x00,33,0x21,33,0x21,Pass,02 01 01 0B 49 16 16 ,02 01 01 0B 49 16 16,Read_MLB_Lang :02 01 01 0B 49 16 16  ,  Get_KBD_Lang :02 01 01 0B 49 16 16,16,0x10,8704,0,0,0,0,0,0,0,0,0,0,0,0,16777216,0,0,0,0,0,16842752,16777216,0,0,0,0,17372165,100665620,33751040,
FXLH,R118,FTPZF03YP3HW,,R118-P2_P21ACH-ECORELNB,,FXLH_F05-4FT-02_2_GATEKEEPER,FAIL,09-23-08:42:38,45.20,V1.1.3.2,Check_All_CB,FTPZF03YP3HW,Atlas 1.9.2,FTPZF03YP3HW,V1.1.3.2,1,3,0,0,0,3,0,0,0,3,0,0,0,3,0,0,0,3,0,0,0,3,0,0,0,0,0,0,0,3,0,0,0,3,0,0,0,3,0,0,0,15 00 00 00 ,FTPZF03YP3HW,Pass,DLX937500F8N6R523,WMT-J9001D,R118-P2_P21ACH-ECORELNB_C00875,R118-P2,R118-P2_P21ACH-ECORELNB,C4P93220023JCPT37,GV29363003RN3LN2T,FM7934401JFN0LH1T+V1J,CR1935601C2MW5D14,13 00 00 00 02 ,13 00 00 00 00,370,0x0172,3,0x03,2,02,1286,0x0506,A0 02 00 0B 00 0B 00 0B ,0,0x00,33,0x21,33,0x21,Pass,02 01 01 0B 49 16 16 ,02 01 01 0B 49 16 16,Read_MLB_Lang :02 01 01 0B 49 16 16  ,  Get_KBD_Lang :02 01 01 0B 49 16 16,16,0x10,8704,0,0,0,0,0,0,0,0,0,0,0,0,16777216,0,0,0,0,0,16842752,16777216,0,0,0,0,17372165,100665620,33751040,
FXLH,R118,FTPZF01DP3HR,,R118-P2_P21AEN-LO,,FXLH_F05-4FT-02_2_GATEKEEPER,FAIL,09-23-08:54:28,52.73,V1.1.3.2,Check_All_CB,FTPZF01DP3HR,Atlas 1.9.2,FTPZF01DP3HR,V1.1.3.2,1,3,0,0,0,3,0,0,0,3,0,0,0,3,0,0,0,3,0,0,0,3,0,0,0,0,0,0,0,3,0,0,0,3,0,0,0,3,0,0,0,15 00 00 00 ,FTPZF01DP3HR,Pass,DLX9382002VN6R52M,WMT-J90020,R118-P2_P21AEN-LO_C00970,R118-P2,R118-P2_P21AEN-LO,C4P9374001BJCPP3P,GV29372002FN3LN24,FM793660023N0LH1C+VLJ,C479353076XMW5D2A,13 00 00 00 02 ,13 00 00 00 00,370,0x0172,3,0x03,2,02,1286,0x0506,A0 02 00 0B 00 0B 00 0B ,0,0x00,33,0x21,33,0x21,Pass,02 01 01 05 49 ,02 01 01 05 49,Read_MLB_Lang :02 01 01 05 49  ,  Get_KBD_Lang :02 01 01 05 49,16,0x10,8704,0,0,0,0,0,0,0,0,0,0,0,0,16777216,0,0,0,0,0,16842752,16777216,0,0,0,0,17372165,100665620,33751040,
FXLH,R118,FTPZF01CP3HR,,R118-P2_P21AEN-LO,,FXLH_F05-4FT-02_2_GATEKEEPER,FAIL,09-23-09:04:02,44.97,V1.1.3.2,Check_All_CB,FTPZF01CP3HR,Atlas 1.9.2,FTPZF01CP3HR,V1.1.3.2,1,3,0,0,0,3,0,0,0,3,0,1,1,3,0,0,0,3,0,0,0,3,0,0,0,0,0,0,0,3,0,1,1,3,0,0,0,3,0,0,0,15 00 00 00 ,FTPZF01CP3HR,Pass,DLX9382000GN6R526,WMT-J90020,R118-P2_P21AEN-LO_C00969,R118-P2,R118-P2_P21AEN-LO,C4P9374002KJCPP3C,GV29372002SN3LN2T,FM79366002QN0LH1R+VLJ,C479353039HMW5D2K,13 00 00 00 02 ,13 00 00 00 00,370,0x0172,3,0x03,2,02,1286,0x0506,A0 02 00 0B 00 0B 00 0B ,0,0x00,33,0x21,33,0x21,Pass,02 01 01 05 49 ,02 01 01 05 49,Read_MLB_Lang :02 01 01 05 49  ,  Get_KBD_Lang :02 01 01 05 49,16,0x10,8704,0,0,0,0,0,0,0,0,0,0,0,0,16777216,0,0,0,0,0,16842752,16777216,0,0,0,0,17372165,100665620,33751040,
FXLH,R118,FTPZF01RP3HR,,R118-P2_P21AEN-LO,,FXLH_F05-4FT-02_2_GATEKEEPER,FAIL,09-23-09:36:45,50.75,V1.1.3.2,Check_All_CB,FTPZF01RP3HR,Atlas 1.9.2,FTPZF01RP3HR,V1.1.3.2,1,3,0,0,0,3,0,0,0,3,0,0,0,3,0,0,0,3,0,0,0,3,0,0,0,0,0,0,0,3,0,0,0,3,0,0,0,3,0,0,0,15 00 00 00 ,FTPZF01RP3HR,Pass,DLX9382005XN6R52A,WMT-J90020,R118-P2_P21AEN-LO_C00962,R118-P2,R118-P2_P21AEN-LO,C4P9374001HJCPP3H,GV29372001XN3LN2R,FM79366003PN0LH1P+VLJ,C4793530391MW5D21,13 00 00 00 02 ,13 00 00 00 00,370,0x0172,3,0x03,2,02,1286,0x0506,A0 02 00 0B 00 0B 00 0B ,0,0x00,33,0x21,33,0x21,Pass,02 01 01 05 49 ,02 01 01 05 49,Read_MLB_Lang :02 01 01 05 49  ,  Get_KBD_Lang :02 01 01 05 49,16,0x10,8704,0,0,0,0,0,0,0,0,0,0,0,0,16777216,0,0,0,0,0,16842752,16777216,0,0,0,0,17372165,100665620,33751040,
FXLH,R118,FTPZD03BP3HR,,R118-P2_P21AEN,,FXLH_F05-4FT-02_2_GATEKEEPER,FAIL,09-23-09:41:45,47.42,V1.1.3.2,Check_All_CB,FTPZD03BP3HR,Atlas 1.9.2,FTPZD03BP3HR,V1.1.3.2,1,3,0,0,0,3,0,0,0,3,0,2,2,3,0,1,1,3,0,0,0,3,0,0,0,0,0,0,0,3,0,0,0,3,0,0,0,3,0,0,0,15 00 00 00 ,FTPZD03BP3HR,Pass,DLX937500CZN6R52M,WMT-J90014,R118-P2_P21AEN_C00552,R118-P2,R118-P2_P21AEN,C4P932200HEJCPP3P,GV29364004UN3LN2L,FM79344017RN0LH1G+V1J,CR193560157MW5D1L,13 00 00 00 02 ,13 00 00 00 00,370,0x0172,3,0x03,2,02,1286,0x0506,A0 02 00 0B 00 0B 00 0B ,0,0x00,33,0x21,33,0x21,Pass,02 01 01 05 49 ,02 01 01 05 49,Read_MLB_Lang :02 01 01 05 49  ,  Get_KBD_Lang :02 01 01 05 49,16,0x10,8704,0,0,0,0,0,0,0,0,0,0,0,0,16777216,0,0,0,0,0,16842752,16777216,0,0,0,0,17372165,100665620,33751040,
FXLH,R118,FTPZF00GP3HR,,R118-P2_P21AEN-R1,,FXLH_F05-4FT-02_2_GATEKEEPER,FAIL,09-23-09:50:53,52.99,V1.1.3.2,Check_All_CB,FTPZF00GP3HR,Atlas 1.9.2,FTPZF00GP3HR,V1.1.3.2,1,3,0,0,0,3,0,0,0,3,0,0,0,3,0,0,0,3,0,0,0,3,0,0,0,0,0,0,0,3,0,0,0,3,0,1,1,3,0,1,1,15 00 00 00 ,FTPZF00GP3HR,Pass,DLX93820042N6R528,WMT-J9001B,R118-P2_P21AEN-R1_C00778,R118-P2,R118-P2_P21AEN-R1,C4P932200DDJCPP32,GV2936400C1N3LN2P,FM79344019GN0LH1K+V1J,C47935300K6MW5D23,13 00 00 00 02 ,13 00 00 00 00,370,0x0172,3,0x03,2,02,1286,0x0506,A0 02 00 0B 00 0B 00 0B ,0,0x00,33,0x21,33,0x21,Pass,02 01 01 05 49 ,02 01 01 05 49,Read_MLB_Lang :02 01 01 05 49  ,  Get_KBD_Lang :02 01 01 05 49,16,0x10,8704,0,0,0,0,0,0,0,0,0,0,0,0,16777216,0,0,0,0,0,16842752,16777216,0,0,0,0,17372165,100665620,33751040,
FXLH,R118,FTPZF01NP3HR,,R118-P2_P21AEN-LO,,FXLH_F05-4FT-02_2_GATEKEEPER,FAIL,09-23-09:57:13,49.72,V1.1.3.2,Check_All_CB,FTPZF01NP3HR,Atlas 1.9.2,FTPZF01NP3HR,V1.1.3.2,1,3,0,0,0,3,0,0,0,3,0,0,0,3,0,0,0,3,0,0,0,3,0,0,0,0,0,0,0,3,0,0,0,3,0,0,0,3,0,0,0,15 00 00 00 ,FTPZF01NP3HR,Pass,DLX937500DRN6R52S,WMT-J90020,R118-P2_P21AEN-LO_C00959,R118-P2,R118-P2_P21AEN-LO,C4P9374000ZJCPP34,GV29372001CN3LN2A,FM793660038N0LH14+VLJ,C479353040FMW5D2D,13 00 00 00 02 ,13 00 00 00 00,370,0x0172,3,0x03,2,02,1286,0x0506,A0 02 00 0B 00 0B 00 0B ,0,0x00,33,0x21,33,0x21,Pass,02 01 01 05 49 ,02 01 01 05 49,Read_MLB_Lang :02 01 01 05 49  ,  Get_KBD_Lang :02 01 01 05 49,16,0x10,8704,0,0,0,0,0,0,0,0,0,0,0,0,16777216,0,0,0,0,0,16842752,16777216,0,0,0,0,17372165,100665620,33751040,
FXLH,R118,FTPZF02AP3HR,,R118-P2_P21AEN-LO,,FXLH_F05-4FT-02_2_GATEKEEPER,FAIL,09-23-10:04:12,44.58,V1.1.3.2,Check_All_CB,FTPZF02AP3HR,Atlas 1.9.2,FTPZF02AP3HR,V1.1.3.2,1,3,0,0,0,3,0,0,0,3,0,0,0,3,0,0,0,3,0,0,0,3,0,0,0,0,0,0,0,3,0,0,0,3,0,0,0,3,0,0,0,15 00 00 00 ,FTPZF02AP3HR,Pass,DLX9382003ZN6R52E,WMT-J90020,R118-P2_P21AEN-LO_C00941,R118-P2,R118-P2_P21AEN-LO,C4P9374001CJCPP3N,GV29372001HN3LN25,FM793660025N0LH1A+VLJ,C479353040PMW5D25,13 00 00 00 02 ,13 00 00 00 00,370,0x0172,3,0x03,2,02,1286,0x0506,A0 02 00 0B 00 0B 00 0B ,0,0x00,33,0x21,33,0x21,Pass,02 01 01 05 49 ,02 01 01 05 49,Read_MLB_Lang :02 01 01 05 49  ,  Get_KBD_Lang :02 01 01 05 49,16,0x10,8704,0,0,0,0,0,0,0,0,0,0,0,0,16777216,0,0,0,0,0,16842752,16777216,0,0,0,0,17372165,100665620,33751040,
FXLH,R118,FTPZF02FP3HR,,R118-P2_P21AEN-LO,,FXLH_F05-4FT-02_2_GATEKEEPER,FAIL,09-23-10:05:20,48.97,V1.1.3.2,Check_All_CB,FTPZF02FP3HR,Atlas 1.9.2,FTPZF02FP3HR,V1.1.3.2,1,3,0,0,0,3,0,0,0,3,0,0,0,3,0,0,0,3,0,0,0,3,0,0,0,0,0,0,0,3,0,0,0,3,0,0,0,3,0,0,0,15 00 00 00 ,FTPZF02FP3HR,Pass,DLX937600U7N6R52Y,WMT-J90020,R118-P2_P21AEN-LO_C00946,R118-P2,R118-P2_P21AEN-LO,C4P9374001AJCPP3Q,GV29372001WN3LN2S,FM793660036N0LH16+VLJ,C47935307FMMW5D2T,13 00 00 00 02 ,13 00 00 00 00,370,0x0172,3,0x03,2,02,1286,0x0506,A0 02 00 0B 00 0B 00 0B ,0,0x00,33,0x21,33,0x21,Pass,02 01 01 05 49 ,02 01 01 05 49,Read_MLB_Lang :02 01 01 05 49  ,  Get_KBD_Lang :02 01 01 05 49,16,0x10,8704,0,0,0,0,0,0,0,0,0,0,0,0,16777216,0,0,0,0,0,16842752,16777216,0,0,0,0,17372165,100665620,33751040,
FXLH,R118,FTPZF022P3HR,,R118-P2_P21AEN-LO,,FXLH_F05-4FT-02_2_GATEKEEPER,FAIL,09-23-10:06:54,44.00,V1.1.3.2,Check_All_CB,FTPZF022P3HR,Atlas 1.9.2,FTPZF022P3HR,V1.1.3.2,1,3,0,0,0,3,0,0,0,3,0,1,1,3,0,0,0,3,0,0,0,3,0,0,0,0,0,0,0,3,0,0,0,3,0,0,0,3,0,0,0,15 00 00 00 ,FTPZF022P3HR,Pass,DLX937600SVN6R52G,WMT-J90020,R118-P2_P21AEN-LO_C00953,R118-P2,R118-P2_P21AEN-LO,C4P93740043JCPP3N,GV29372001KN3LN23,FM79366003CN0LH10+VLJ,C479353038FMW5D2Q,13 00 00 00 02 ,13 00 00 00 00,370,0x0172,3,0x03,2,02,1286,0x0506,A0 02 00 0B 00 0B 00 0B ,0,0x00,33,0x21,33,0x21,Pass,02 01 01 05 49 ,02 01 01 05 49,Read_MLB_Lang :02 01 01 05 49  ,  Get_KBD_Lang :02 01 01 05 49,16,0x10,8704,0,0,0,0,0,0,0,0,0,0,0,0,16777216,0,0,0,0,0,16842752,16777216,0,0,0,0,17372165,100665620,33751040,
FXLH,R118,FTPZF02JP3HR,,R118-P2_P21AEN-LO,,FXLH_F05-4FT-02_2_GATEKEEPER,FAIL,09-23-10:18:21,48.15,V1.1.3.2,Check_All_CB,FTPZF02JP3HR,Atlas 1.9.2,FTPZF02JP3HR,V1.1.3.2,1,3,0,0,0,3,0,0,0,3,0,0,0,3,0,0,0,3,0,0,0,3,0,0,0,0,0,0,0,3,0,0,0,3,0,0,0,3,0,1,1,15 00 00 00 ,FTPZF02JP3HR,Pass,DLX9382005TN6R52E,WMT-J90020,R118-P2_P21AEN-LO_C00983,R118-P2,R118-P2_P21AEN-LO,C4P93740040JCPP3R,GV29372001LN3LN22,FM79366006MN0LH,C479353028GMW5D2Q,13 00 00 00 02 ,13 00 00 00 00,370,0x0172,3,0x03,2,02,1286,0x0506,A0 02 00 0B 00 0B 00 0B ,0,0x00,33,0x21,33,0x21,Pass,02 01 01 05 49 ,02 01 01 05 49,Read_MLB_Lang :02 01 01 05 49  ,  Get_KBD_Lang :02 01 01 05 49,16,0x10,8704,0,0,0,0,0,0,0,0,0,0,0,0,16777216,0,0,0,0,0,16842752,16777216,0,0,0,0,17372165,100665620,33751040,
FXLH,R118,FTPZF02NP3HR,,R118-P2_P21AEN-LO,,FXLH_F05-4FT-02_2_GATEKEEPER,FAIL,09-23-10:22:34,46.15,V1.1.3.2,Check_All_CB,FTPZF02NP3HR,Atlas 1.9.2,FTPZF02NP3HR,V1.1.3.2,1,3,0,0,0,3,0,0,0,3,0,1,1,3,0,0,0,3,0,0,0,3,0,0,0,0,0,0,0,3,0,0,0,3,0,0,0,3,0,1,1,15 00 00 00 ,FTPZF02NP3HR,Pass,DLX93820021N6R52F,WMT-J90020,R118-P2_P21AEN-LO_C00979,R118-P2,R118-P2_P21AEN-LO,C4P9374001VJCPP35,GV29372001MN3LN21,FM79366002KN0LH1W+VLJ,C479353040KMW5D29,13 00 00 00 02 ,13 00 00 00 00,370,0x0172,3,0x03,2,02,1286,0x0506,A0 02 00 0B 00 0B 00 0B ,0,0x00,33,0x21,33,0x21,Pass,02 01 01 05 49 ,02 01 01 05 49,Read_MLB_Lang :02 01 01 05 49  ,  Get_KBD_Lang :02 01 01 05 49,16,0x10,8704,0,0,0,0,0,0,0,0,0,0,0,0,16777216,0,0,0,0,0,16842752,16777216,0,0,0,0,17372165,100665620,33751040,
FXLH,R118,FTPZF01AP3HR,,R118-P2_P21AEN-LO,,FXLH_F05-4FT-02_2_GATEKEEPER,FAIL,09-23-10:24:25,44.55,V1.1.3.2,Check_All_CB,FTPZF01AP3HR,Atlas 1.9.2,FTPZF01AP3HR,V1.1.3.2,1,3,0,0,0,3,0,0,0,3,0,0,0,3,0,0,0,3,0,0,0,3,0,0,0,0,0,0,0,3,0,2,2,3,0,0,0,3,0,0,0,15 00 00 00 ,FTPZF01AP3HR,Pass,DLX9382003FN6R52Y,WMT-J90020,R118-P2_P21AEN-LO_C00967,R118-P2,R118-P2_P21AEN-LO,C4P9374002DJCPP3J,GV29372001ZN3LN2P,FM793660047N0LH12+VLJ,C47935303A3MW5D2W,13 00 00 00 02 ,13 00 00 00 00,370,0x0172,3,0x03,2,02,1286,0x0506,A0 02 00 0B 00 0B 00 0B ,0,0x00,33,0x21,33,0x21,Pass,02 01 01 05 49 ,02 01 01 05 49,Read_MLB_Lang :02 01 01 05 49  ,  Get_KBD_Lang :02 01 01 05 49,16,0x10,8704,0,0,0,0,0,0,0,0,0,0,0,0,16777216,0,0,0,0,0,16842752,16777216,0,0,0,0,17372165,100665620,33751040,
FXLH,R118,FTPZF02DP3HR,,R118-P2_P21AEN-LO,,FXLH_F05-4FT-02_2_GATEKEEPER,FAIL,09-23-10:26:49,46.11,V1.1.3.2,Check_All_CB,FTPZF02DP3HR,Atlas 1.9.2,FTPZF02DP3HR,V1.1.3.2,1,3,0,0,0,3,0,0,0,3,0,2,2,3,0,0,0,3,0,0,0,3,0,0,0,0,0,0,0,3,0,0,0,3,0,0,0,3,0,0,0,15 00 00 00 ,FTPZF02DP3HR,Pass,DLX9382000SN6R52W,WMT-J90020,R118-P2_P21AEN-LO_C00944,R118-P2,R118-P2_P21AEN-LO,C4P93740046JCPP3K,GV29372002HN3LN22,FM79366002YN0LH1H+VLJ,C47935304ZRMW5D26,13 00 00 00 02 ,13 00 00 00 00,370,0x0172,3,0x03,2,02,1286,0x0506,A0 02 00 0B 00 0B 00 0B ,0,0x00,33,0x21,33,0x21,Pass,02 01 01 05 49 ,02 01 01 05 49,Read_MLB_Lang :02 01 01 05 49  ,  Get_KBD_Lang :02 01 01 05 49,16,0x10,8704,0,0,0,0,0,0,0,0,0,0,0,0,16777216,0,0,0,0,0,16842752,16777216,0,0,0,0,17372165,100665620,33751040,
FXLH,R118,FTPZD03ZP3HR,,R118-P2_P21AEN,,FXLH_F05-4FT-02_2_GATEKEEPER,FAIL,09-23-10:29:17,47.92,V1.1.3.2,Check_All_CB,FTPZD03ZP3HR,Atlas 1.9.2,FTPZD03ZP3HR,V1.1.3.2,1,3,0,0,0,3,0,0,0,3,0,1,1,3,0,0,0,3,0,1,1,3,0,0,0,0,0,0,0,3,0,0,0,3,0,0,0,3,0,0,0,15 00 00 00 ,FTPZD03ZP3HR,Pass,DLX9375008FN6R52H,WMT-J90014,R118-P2_P21AEN_C00531,R118-P2,R118-P2_P21AEN,C4P932200PKJCPP30,GV293640055N3LN26,FM793440182N0LH12+V1J,CR19356013NMW5D1B,13 00 00 00 02 ,13 00 00 00 00,370,0x0172,3,0x03,2,02,1286,0x0506,A0 02 00 0B 00 0B 00 0B ,0,0x00,33,0x21,33,0x21,Pass,02 01 01 05 49 ,02 01 01 05 49,Read_MLB_Lang :02 01 01 05 49  ,  Get_KBD_Lang :02 01 01 05 49,16,0x10,8704,0,0,0,0,0,0,0,0,0,0,0,0,16777216,0,0,0,0,0,16842752,16777216,0,0,0,0,17372165,100665620,33751040,
FXLH,R118,FTPZF01KP3HR,,R118-P2_P21AEN-LO,,FXLH_F05-4FT-02_2_GATEKEEPER,FAIL,09-23-10:32:28,50.95,V1.1.3.2,Check_All_CB,FTPZF01KP3HR,Atlas 1.9.2,FTPZF01KP3HR,V1.1.3.2,1,3,0,0,0,3,0,0,0,3,0,0,0,3,0,0,0,3,0,0,0,3,0,0,0,0,0,0,0,3,0,0,0,3,0,0,0,3,0,0,0,15 00 00 00 ,FTPZF01KP3HR,Pass,DLX9382005KN6R52N,WMT-J90020,R118-P2_P21AEN-LO_C00976,R118-P2,R118-P2_P21AEN-LO,C4P9374003KJCPP39,GV29372002PN3LN2W,FM793660045N0LH14+VLJ,C47935303ABMW5D2N,13 00 00 00 02 ,13 00 00 00 00,370,0x0172,3,0x03,2,02,1286,0x0506,A0 02 00 0B 00 0B 00 0B ,0,0x00,33,0x21,33,0x21,Pass,02 01 01 05 49 ,02 01 01 05 49,Read_MLB_Lang :02 01 01 05 49  ,  Get_KBD_Lang :02 01 01 05 49,16,0x10,8704,0,0,0,0,0,0,0,0,0,0,0,0,16777216,0,0,0,0,0,16842752,16777216,0,0,0,0,17372165,100665620,33751040,
FXLH,R118,FTPZF01MP3HR,,R118-P2_P21AEN-LO,,FXLH_F05-4FT-02_2_GATEKEEPER,FAIL,09-23-10:38:00,57.64,V1.1.3.2,Check_All_CB,FTPZF01MP3HR,Atlas 1.9.2,FTPZF01MP3HR,V1.1.3.2,1,3,0,0,0,3,0,0,0,3,0,0,0,3,0,1,1,3,0,0,0,3,0,0,0,0,0,0,0,3,0,0,0,3,0,0,0,3,0,0,0,15 00 00 00 ,FTPZF01MP3HR,Pass,DLX9382004UN6R52G,WMT-J90020,R118-P2_P21AEN-LO_C00958,R118-P2,R118-P2_P21AEN-LO,C4P9374000WJCPP37,GV29372001GN3LN26,FM793660041N0LH18+VLJ,C47935303A7MW5D2S,13 00 00 00 02 ,13 00 00 00 00,370,0x0172,3,0x03,2,02,1286,0x0506,A0 02 00 0B 00 0B 00 0B ,0,0x00,33,0x21,33,0x21,Pass,02 01 01 05 49 ,02 01 01 05 49,Read_MLB_Lang :02 01 01 05 49  ,  Get_KBD_Lang :02 01 01 05 49,16,0x10,8704,0,0,0,0,0,0,0,0,0,0,0,0,16777216,0,0,0,0,0,16842752,16777216,0,0,0,0,17372165,100665620,33751040,
FXLH,R118,FTPZF02NP3HW,,R118-P2_P21ACH-ECORELNB,,FXLH_F05-4FT-02_2_GATEKEEPER,FAIL,09-23-10:39:52,53.67,V1.1.3.2,Check_All_CB,FTPZF02NP3HW,Atlas 1.9.2,FTPZF02NP3HW,V1.1.3.2,1,3,0,0,0,3,0,0,0,3,0,0,0,3,0,0,0,3,0,0,0,3,0,0,0,0,0,0,0,3,0,0,0,3,0,0,0,3,0,0,0,15 00 00 00 ,FTPZF02NP3HW,Pass,DLX937600UFN6R52Q,WMT-J9001D,R118-P2_P21ACH-ECORELNB_C00839,R118-P2,R118-P2_P21ACH-ECORELNB,C4P9322001FJCPT3Y,GV29363005JN3LN2U,FM7934401H0N0LH1B+V1J,CR1935601FWMW5D11,13 00 00 00 02 ,13 00 00 00 00,370,0x0172,3,0x03,2,02,1286,0x0506,A0 02 00 0B 00 0B 00 0B ,0,0x00,33,0x21,33,0x21,Pass,02 01 01 0B 49 16 16 ,02 01 01 0B 49 16 16,Read_MLB_Lang :02 01 01 0B 49 16 16  ,  Get_KBD_Lang :02 01 01 0B 49 16 16,16,0x10,8704,0,0,0,0,0,0,0,0,0,0,0,0,16777216,0,0,0,0,0,16842752,16777216,0,0,0,0,17372165,100665620,33751040,
