GATEKEEPER,V1.1.3.2
Site, Product, SerialNumber, Special Build Name, Special Build Description, Unit Number, Station ID, Test Pass/Fail Status, StartTime, EndTime, Version, List of Failing Tests,Scan_FG_SN,Start Data Reporting,Start Data Reporting,Start Data Reporting,Start Data Reporting,Check_All_CB - CB_STATUS_MLB-FCT,Check_All_CB - ABS_ERASE_MLB-FCT,Check_All_CB - ABS_FAIL_MLB-FCT,Check_All_CB - REL_FAIL_MLB-FCT,Check_All_CB - CB_STATUS_TEST1,Check_All_CB - ABS_ERASE_TEST1,Check_All_CB - ABS_FAIL_TEST1,Check_All_CB - REL_FAIL_TEST1,Check_All_CB - CB_STATUS_QT0,Check_All_CB - ABS_ERASE_QT0,Check_All_CB - ABS_FAIL_QT0,Check_All_CB - REL_FAIL_QT0,Check_All_CB - CB_STATUS_DFU2-FTW,Check_All_CB - ABS_ERASE_DFU2-FTW,Check_All_CB - ABS_FAIL_DFU2-FTW,Check_All_CB - REL_FAIL_DFU2-FTW,Check_All_CB - CB_STATUS_QT1,Check_All_CB - ABS_ERASE_QT1,Check_All_CB - ABS_FAIL_QT1,Check_All_CB - REL_FAIL_QT1,Check_All_CB - CB_STATUS_LED-TEST,Check_All_CB - ABS_ERASE_LED-TEST,Check_All_CB - ABS_FAIL_LED-TEST,Check_All_CB - REL_FAIL_LED-TEST,Check_All_CB - CB_STATUS_KEY-FORCE,Check_All_CB - ABS_ERASE_KEY-FORCE,Check_All_CB - ABS_FAIL_KEY-FORCE,Check_All_CB - REL_FAIL_KEY-FORCE,Check_All_CB - CB_STATUS_TEST2,Check_All_CB - ABS_ERASE_TEST2,Check_All_CB - ABS_FAIL_TEST2,Check_All_CB - REL_FAIL_TEST2,Check_All_CB - CB_STATUS_MMI,Check_All_CB - ABS_ERASE_MMI,Check_All_CB - ABS_FAIL_MMI,Check_All_CB - REL_FAIL_MMI,Check_All_CB - CB_STATUS_SW-DOWNLOAD,Check_All_CB - ABS_ERASE_SW-DOWNLOAD,Check_All_CB - ABS_FAIL_SW-DOWNLOAD,Check_All_CB - REL_FAIL_SW-DOWNLOAD,Check_Bootargs_Status,Read_FG_SN,Compare_FG_SN,MLB_SN,WO_SN,UNIT_LBL,BUILD_EVENT,S_BUILD,KBM_SN,BACKLIGHT_SN,TRACKPAD_SN,TOUCH_FLEX_SN,Check_EP_Status,EP_Enable_All,STFW - STFW,STFW,Read_HW_Version - Read_HW_Version,Read_HW_Version,GreenPAK_ID - GreenPAK_ID,GreenPAK_ID,TOUCH_FW - TOUCH_FW,TOUCH_FW,Read_CCG3_FW,Production_Signed_Check - Production_Signed_Check,Production_Signed_Check,Read_KBD_HW_Layout - Read_KBD_HW_Layout,Read_KBD_HW_Layout,Get_KBD_HW_Layout - Read_KBD_HW_Layout,Get_KBD_HW_Layout,Compare_KBD_HW_Layout,Read_MLB_Lang,Get_KBD_Lang,Check_KBD_Lang,Read_MFI_Address - Read_MFI_Address,Read_MFI_Address,System_Critical_Errors - CRIT_ERR_E1_PART1,System_Critical_Errors - CRIT_ERR_E1_PART2,FW_Update_Critical_Errors - CRIT_ERR_E2_PART1,FW_Update_Critical_Errors - CRIT_ERR_E2_PART2,FW_Update_Critical_Errors - CRIT_ERR_E2_PART3,Key_Scan_Critical_Errors - CRIT_ERR_E7_PART1,Key_Scan_Critical_Errors - CRIT_ERR_E7_PART2,Key_Scan_Critical_Errors - CRIT_ERR_E7_PART3,Key_Scan_Critical_Errors - CRIT_ERR_E7_PART4,USBC_Critical_Errors - CRIT_ERR_E3_PART1,USBC_Critical_Errors - CRIT_ERR_E3_PART2,USBC_Critical_Errors - CRIT_ERR_E3_PART3,USBC_Critical_Errors - CRIT_ERR_E3_PART4,Grape_Critical_Errors - CRIT_ERR_E5_PART1,Grape_Critical_Errors - CRIT_ERR_E5_PART2,Grape_Critical_Errors - CRIT_ERR_E5_PART3,Grape_Critical_Errors - CRIT_ERR_E5_PART4,Grape_Critical_Errors - CRIT_ERR_E5_PART5,Grape_Critical_Errors - CRIT_ERR_E5_PART6,Grape_Critical_Errors - CRIT_ERR_E5_PART7,Grape_Critical_Errors - CRIT_ERR_E5_PART8,Grape_Critical_Errors - CRIT_ERR_E5_PART9,Grape_Critical_Errors - CRIT_ERR_E5_PART10,Critical_Errors_Summary - CRIT_ERR_E0_PART1,Backlight_Critical_Errors - BL_CRI_ERR_PART1,Grape_Connector_Self_Critical_Errors - CRIT_ERR_D3_PART1,Grape_Connector_Self_Critical_Errors - CRIT_ERR_D3_PART2,Grape_Connector_Self_Critical_Errors - CRIT_ERR_D3_PART3,+,Read_KBD_HW_Layout - Read_KBD_HW_Layout,Get_KBD_HW_Layout - Read_KBD_HW_Layout,
Upper Limited-------->,,,,,,,,,,,,,,,,,3,,,,3,,,,3,,,,3,,,,3,,,,3,,,,3,,,,3,,,,3,,,,3,,,,,,,,,,,,,,,,,,370,,3,,2,,1286,,,0,,33,,33,,,,,,16,,,,,,,,,,,,,,,,,,,,,,,,,,,,,,,13,13,
Lower Limited-------->,,,,,,,,,,,,,,,,,3,,,,3,,,,3,,,,3,,,,3,,,,3,,,,3,,,,3,,,,3,,,,3,,,,,,,,,,,,,,,,,,370,,3,,2,,1286,,,0,,33,,33,,,,,,16,,,,,,,,,,,,,,,,,,,,,,,,,,,,,,,13,13,
Measurement Units---->,,,,,,,,,,,,,,,,,,,,,,,,,,,,,,,,,,,,,,,,,,,,,,,,,,,,,,,,,,,,,,,,,,,,,,,,,,,,,,,,,,,,,,,,,,,,,,,,,,,,,,,,,,,,,,,,,,,,,,,,,,,
FXLH,R118,FTPZF01LP3HR,,R118-P2_P21AEN-LO,,FXLH_F05-4FT-02_2_GATEKEEPER,FAIL,09-23-08:13:09,53.43,V1.1.3.2,Start Control Bits; Check_All_CB; Finish DRCB,FTPZF01LP3HR,Atlas 1.9.2,FTPZF01LP3HR,V1.1.3.2,1,3,0,0,0,3,0,0,0,3,0,0,0,3,0,0,0,3,0,0,0,3,0,0,0,0,0,0,0,3,0,0,0,3,0,0,0,3,0,0,0,15 00 00 00 ,FTPZF01LP3HR,Pass,DLX9382004KN6R52R,WMT-J90020,R118-P2_P21AEN-LO_C00957,R118-P2,R118-P2_P21AEN-LO,C4P9374001NJCPP3C,GV29372001QN3LN2Y,FM79366003NN0LH1Q+VLJ,C4793530288MW5D2Y,13 00 00 00 02 ,13 00 00 00 00,370,0x0172,3,0x03,2,02,1286,0x0506,A0 02 00 0B 00 0B 00 0B ,0,0x00,33,0x21,33,0x21,Pass,02 01 01 05 49 ,02 01 01 05 49,Read_MLB_Lang :02 01 01 05 49  ,  Get_KBD_Lang :02 01 01 05 49,16,0x10,8704,0,0,0,0,0,0,0,0,0,0,0,0,16777216,0,0,0,0,0,16842752,16777216,0,0,0,0,17372165,100665620,33751040,,,,
FXLH,R118,FTPZF03NP3HW,,R118-P2_P21ACH-ECORELNB,,FXLH_F05-4FT-02_2_GATEKEEPER,FAIL,09-23-08:33:46,45.55,V1.1.3.2,Check_All_CB,FTPZF03NP3HW,Atlas 1.9.2,FTPZF03NP3HW,V1.1.3.2,1,3,0,0,0,3,0,0,0,3,0,2,2,3,0,0,0,3,0,0,0,3,0,0,0,0,0,0,0,3,0,0,0,3,0,0,0,3,0,0,0,15 00 00 00 ,FTPZF03NP3HW,Pass,DLX937600U4N6R521,WMT-J9001D,R118-P2_P21ACH-ECORELNB_C00865,R118-P2,R118-P2_P21ACH-ECORELNB,C4P9322002GJCPT3U,GV29363005UN3LN2J,FM793440189N0LH1V+V1J,CR1935601B7MW5D12,13 00 00 00 02 ,13 00 00 00 00,370,0x0172,3,0x03,2,02,1286,0x0506,A0 02 00 0B 00 0B 00 0B ,0,0x00,33,0x21,33,0x21,Pass,02 01 01 0B 49 16 16 ,02 01 01 0B 49 16 16,Read_MLB_Lang :02 01 01 0B 49 16 16  ,  Get_KBD_Lang :02 01 01 0B 49 16 16,16,0x10,8704,0,0,0,0,0,0,0,0,0,0,0,0,16777216,0,0,0,0,0,16842752,16777216,0,0,0,0,17372165,100665620,33751040,,,,
FXLH,R118,FTPZF02TP3HW,,R118-P2_P21ACH-ECORELNB,,FXLH_F05-4FT-02_2_GATEKEEPER,FAIL,09-23-08:38:07,54.87,V1.1.3.2,Check_All_CB,FTPZF02TP3HW,Atlas 1.9.2,FTPZF02TP3HW,V1.1.3.2,1,3,0,0,0,3,0,0,0,3,0,0,0,3,0,0,0,3,0,0,0,3,0,0,0,0,0,0,0,3,0,0,0,3,0,0,0,3,0,1,1,15 00 00 00 ,FTPZF02TP3HW,Pass,DLX937600RPN6R52R,WMT-J9001D,R118-P2_P21ACH-ECORELNB_C00834,R118-P2,R118-P2_P21ACH-ECORELNB,C4P9322005AJCPT3R,GV29363006RN3LN2J,FM7934401PPN0LH14+V1J,CR1935601KCMW5D17,13 00 00 00 02 ,13 00 00 00 00,370,0x0172,3,0x03,2,02,1286,0x0506,A0 02 00 0B 00 0B 00 0B ,0,0x00,33,0x21,33,0x21,Pass,02 01 01 0B 49 16 16 ,02 01 01 0B 49 16 16,Read_MLB_Lang :02 01 01 0B 49 16 16  ,  Get_KBD_Lang :02 01 01 0B 49 16 16,16,0x10,8704,0,0,0,0,0,0,0,0,0,0,0,0,16777216,0,0,0,0,0,16842752,16777216,0,0,0,0,17372165,100665620,33751040,,,,
FXLH,R118,FTPZF03YP3HW,,R118-P2_P21ACH-ECORELNB,,FXLH_F05-4FT-02_2_GATEKEEPER,FAIL,09-23-08:42:38,45.20,V1.1.3.2,Check_All_CB,FTPZF03YP3HW,Atlas 1.9.2,FTPZF03YP3HW,V1.1.3.2,1,3,0,0,0,3,0,0,0,3,0,0,0,3,0,0,0,3,0,0,0,3,0,0,0,0,0,0,0,3,0,0,0,3,0,0,0,3,0,0,0,15 00 00 00 ,FTPZF03YP3HW,Pass,DLX937500F8N6R523,WMT-J9001D,R118-P2_P21ACH-ECORELNB_C00875,R118-P2,R118-P2_P21ACH-ECORELNB,C4P93220023JCPT37,GV29363003RN3LN2T,FM7934401JFN0LH1T+V1J,CR1935601C2MW5D14,13 00 00 00 02 ,13 00 00 00 00,370,0x0172,3,0x03,2,02,1286,0x0506,A0 02 00 0B 00 0B 00 0B ,0,0x00,33,0x21,33,0x21,Pass,02 01 01 0B 49 16 16 ,02 01 01 0B 49 16 16,Read_MLB_Lang :02 01 01 0B 49 16 16  ,  Get_KBD_Lang :02 01 01 0B 49 16 16,16,0x10,8704,0,0,0,0,0,0,0,0,0,0,0,0,16777216,0,0,0,0,0,16842752,16777216,0,0,0,0,17372165,100665620,33751040,,,,
FXLH,R118,FTPZF01DP3HR,,R118-P2_P21AEN-LO,,FXLH_F05-4FT-02_2_GATEKEEPER,FAIL,09-23-08:54:28,52.73,V1.1.3.2,Check_All_CB,FTPZF01DP3HR,Atlas 1.9.2,FTPZF01DP3HR,V1.1.3.2,1,3,0,0,0,3,0,0,0,3,0,0,0,3,0,0,0,3,0,0,0,3,0,0,0,0,0,0,0,3,0,0,0,3,0,0,0,3,0,0,0,15 00 00 00 ,FTPZF01DP3HR,Pass,DLX9382002VN6R52M,WMT-J90020,R118-P2_P21AEN-LO_C00970,R118-P2,R118-P2_P21AEN-LO,C4P9374001BJCPP3P,GV29372002FN3LN24,FM793660023N0LH1C+VLJ,C479353076XMW5D2A,13 00 00 00 02 ,13 00 00 00 00,370,0x0172,3,0x03,2,02,1286,0x0506,A0 02 00 0B 00 0B 00 0B ,0,0x00,33,0x21,33,0x21,Pass,02 01 01 05 49 ,02 01 01 05 49,Read_MLB_Lang :02 01 01 05 49  ,  Get_KBD_Lang :02 01 01 05 49,16,0x10,8704,0,0,0,0,0,0,0,0,0,0,0,0,16777216,0,0,0,0,0,16842752,16777216,0,0,0,0,17372165,100665620,33751040,,,,
FXLH,R118,FTPZF01CP3HR,,R118-P2_P21AEN-LO,,FXLH_F05-4FT-02_2_GATEKEEPER,FAIL,09-23-09:04:02,44.97,V1.1.3.2,Check_All_CB,FTPZF01CP3HR,Atlas 1.9.2,FTPZF01CP3HR,V1.1.3.2,1,3,0,0,0,3,0,0,0,3,0,1,1,3,0,0,0,3,0,0,0,3,0,0,0,0,0,0,0,3,0,1,1,3,0,0,0,3,0,0,0,15 00 00 00 ,FTPZF01CP3HR,Pass,DLX9382000GN6R526,WMT-J90020,R118-P2_P21AEN-LO_C00969,R118-P2,R118-P2_P21AEN-LO,C4P9374002KJCPP3C,GV29372002SN3LN2T,FM79366002QN0LH1R+VLJ,C479353039HMW5D2K,13 00 00 00 02 ,13 00 00 00 00,370,0x0172,3,0x03,2,02,1286,0x0506,A0 02 00 0B 00 0B 00 0B ,0,0x00,33,0x21,33,0x21,Pass,02 01 01 05 49 ,02 01 01 05 49,Read_MLB_Lang :02 01 01 05 49  ,  Get_KBD_Lang :02 01 01 05 49,16,0x10,8704,0,0,0,0,0,0,0,0,0,0,0,0,16777216,0,0,0,0,0,16842752,16777216,0,0,0,0,17372165,100665620,33751040,,,,
FXLH,R118,FTPZF01RP3HR,,R118-P2_P21AEN-LO,,FXLH_F05-4FT-02_2_GATEKEEPER,FAIL,09-23-09:36:45,50.75,V1.1.3.2,Check_All_CB,FTPZF01RP3HR,Atlas 1.9.2,FTPZF01RP3HR,V1.1.3.2,1,3,0,0,0,3,0,0,0,3,0,0,0,3,0,0,0,3,0,0,0,3,0,0,0,0,0,0,0,3,0,0,0,3,0,0,0,3,0,0,0,15 00 00 00 ,FTPZF01RP3HR,Pass,DLX9382005XN6R52A,WMT-J90020,R118-P2_P21AEN-LO_C00962,R118-P2,R118-P2_P21AEN-LO,C4P9374001HJCPP3H,GV29372001XN3LN2R,FM79366003PN0LH1P+VLJ,C4793530391MW5D21,13 00 00 00 02 ,13 00 00 00 00,370,0x0172,3,0x03,2,02,1286,0x0506,A0 02 00 0B 00 0B 00 0B ,0,0x00,33,0x21,33,0x21,Pass,02 01 01 05 49 ,02 01 01 05 49,Read_MLB_Lang :02 01 01 05 49  ,  Get_KBD_Lang :02 01 01 05 49,16,0x10,8704,0,0,0,0,0,0,0,0,0,0,0,0,16777216,0,0,0,0,0,16842752,16777216,0,0,0,0,17372165,100665620,33751040,,,,
FXLH,R118,FTPZD03BP3HR,,R118-P2_P21AEN,,FXLH_F05-4FT-02_2_GATEKEEPER,FAIL,09-23-09:41:45,47.42,V1.1.3.2,Check_All_CB,FTPZD03BP3HR,Atlas 1.9.2,FTPZD03BP3HR,V1.1.3.2,1,3,0,0,0,3,0,0,0,3,0,2,2,3,0,1,1,3,0,0,0,3,0,0,0,0,0,0,0,3,0,0,0,3,0,0,0,3,0,0,0,15 00 00 00 ,FTPZD03BP3HR,Pass,DLX937500CZN6R52M,WMT-J90014,R118-P2_P21AEN_C00552,R118-P2,R118-P2_P21AEN,C4P932200HEJCPP3P,GV29364004UN3LN2L,FM79344017RN0LH1G+V1J,CR193560157MW5D1L,13 00 00 00 02 ,13 00 00 00 00,370,0x0172,3,0x03,2,02,1286,0x0506,A0 02 00 0B 00 0B 00 0B ,0,0x00,33,0x21,33,0x21,Pass,02 01 01 05 49 ,02 01 01 05 49,Read_MLB_Lang :02 01 01 05 49  ,  Get_KBD_Lang :02 01 01 05 49,16,0x10,8704,0,0,0,0,0,0,0,0,0,0,0,0,16777216,0,0,0,0,0,16842752,16777216,0,0,0,0,17372165,100665620,33751040,,,,
FXLH,R118,FTPZF00GP3HR,,R118-P2_P21AEN-R1,,FXLH_F05-4FT-02_2_GATEKEEPER,FAIL,09-23-09:50:53,52.99,V1.1.3.2,Check_All_CB,FTPZF00GP3HR,Atlas 1.9.2,FTPZF00GP3HR,V1.1.3.2,1,3,0,0,0,3,0,0,0,3,0,0,0,3,0,0,0,3,0,0,0,3,0,0,0,0,0,0,0,3,0,0,0,3,0,1,1,3,0,1,1,15 00 00 00 ,FTPZF00GP3HR,Pass,DLX93820042N6R528,WMT-J9001B,R118-P2_P21AEN-R1_C00778,R118-P2,R118-P2_P21AEN-R1,C4P932200DDJCPP32,GV2936400C1N3LN2P,FM79344019GN0LH1K+V1J,C47935300K6MW5D23,13 00 00 00 02 ,13 00 00 00 00,370,0x0172,3,0x03,2,02,1286,0x0506,A0 02 00 0B 00 0B 00 0B ,0,0x00,33,0x21,33,0x21,Pass,02 01 01 05 49 ,02 01 01 05 49,Read_MLB_Lang :02 01 01 05 49  ,  Get_KBD_Lang :02 01 01 05 49,16,0x10,8704,0,0,0,0,0,0,0,0,0,0,0,0,16777216,0,0,0,0,0,16842752,16777216,0,0,0,0,17372165,100665620,33751040,,,,
FXLH,R118,FTPZF01NP3HR,,R118-P2_P21AEN-LO,,FXLH_F05-4FT-02_2_GATEKEEPER,FAIL,09-23-09:57:13,49.72,V1.1.3.2,Check_All_CB,FTPZF01NP3HR,Atlas 1.9.2,FTPZF01NP3HR,V1.1.3.2,1,3,0,0,0,3,0,0,0,3,0,0,0,3,0,0,0,3,0,0,0,3,0,0,0,0,0,0,0,3,0,0,0,3,0,0,0,3,0,0,0,15 00 00 00 ,FTPZF01NP3HR,Pass,DLX937500DRN6R52S,WMT-J90020,R118-P2_P21AEN-LO_C00959,R118-P2,R118-P2_P21AEN-LO,C4P9374000ZJCPP34,GV29372001CN3LN2A,FM793660038N0LH14+VLJ,C479353040FMW5D2D,13 00 00 00 02 ,13 00 00 00 00,370,0x0172,3,0x03,2,02,1286,0x0506,A0 02 00 0B 00 0B 00 0B ,0,0x00,33,0x21,33,0x21,Pass,02 01 01 05 49 ,02 01 01 05 49,Read_MLB_Lang :02 01 01 05 49  ,  Get_KBD_Lang :02 01 01 05 49,16,0x10,8704,0,0,0,0,0,0,0,0,0,0,0,0,16777216,0,0,0,0,0,16842752,16777216,0,0,0,0,17372165,100665620,33751040,,,,
FXLH,R118,FTPZF02AP3HR,,R118-P2_P21AEN-LO,,FXLH_F05-4FT-02_2_GATEKEEPER,FAIL,09-23-10:04:12,44.58,V1.1.3.2,Check_All_CB,FTPZF02AP3HR,Atlas 1.9.2,FTPZF02AP3HR,V1.1.3.2,1,3,0,0,0,3,0,0,0,3,0,0,0,3,0,0,0,3,0,0,0,3,0,0,0,0,0,0,0,3,0,0,0,3,0,0,0,3,0,0,0,15 00 00 00 ,FTPZF02AP3HR,Pass,DLX9382003ZN6R52E,WMT-J90020,R118-P2_P21AEN-LO_C00941,R118-P2,R118-P2_P21AEN-LO,C4P9374001CJCPP3N,GV29372001HN3LN25,FM793660025N0LH1A+VLJ,C479353040PMW5D25,13 00 00 00 02 ,13 00 00 00 00,370,0x0172,3,0x03,2,02,1286,0x0506,A0 02 00 0B 00 0B 00 0B ,0,0x00,33,0x21,33,0x21,Pass,02 01 01 05 49 ,02 01 01 05 49,Read_MLB_Lang :02 01 01 05 49  ,  Get_KBD_Lang :02 01 01 05 49,16,0x10,8704,0,0,0,0,0,0,0,0,0,0,0,0,16777216,0,0,0,0,0,16842752,16777216,0,0,0,0,17372165,100665620,33751040,,,,
FXLH,R118,FTPZF02FP3HR,,R118-P2_P21AEN-LO,,FXLH_F05-4FT-02_2_GATEKEEPER,FAIL,09-23-10:05:20,48.97,V1.1.3.2,Check_All_CB,FTPZF02FP3HR,Atlas 1.9.2,FTPZF02FP3HR,V1.1.3.2,1,3,0,0,0,3,0,0,0,3,0,0,0,3,0,0,0,3,0,0,0,3,0,0,0,0,0,0,0,3,0,0,0,3,0,0,0,3,0,0,0,15 00 00 00 ,FTPZF02FP3HR,Pass,DLX937600U7N6R52Y,WMT-J90020,R118-P2_P21AEN-LO_C00946,R118-P2,R118-P2_P21AEN-LO,C4P9374001AJCPP3Q,GV29372001WN3LN2S,FM793660036N0LH16+VLJ,C47935307FMMW5D2T,13 00 00 00 02 ,13 00 00 00 00,370,0x0172,3,0x03,2,02,1286,0x0506,A0 02 00 0B 00 0B 00 0B ,0,0x00,33,0x21,33,0x21,Pass,02 01 01 05 49 ,02 01 01 05 49,Read_MLB_Lang :02 01 01 05 49  ,  Get_KBD_Lang :02 01 01 05 49,16,0x10,8704,0,0,0,0,0,0,0,0,0,0,0,0,16777216,0,0,0,0,0,16842752,16777216,0,0,0,0,17372165,100665620,33751040,,,,
FXLH,R118,FTPZF022P3HR,,R118-P2_P21AEN-LO,,FXLH_F05-4FT-02_2_GATEKEEPER,FAIL,09-23-10:06:54,44.00,V1.1.3.2,Check_All_CB,FTPZF022P3HR,Atlas 1.9.2,FTPZF022P3HR,V1.1.3.2,1,3,0,0,0,3,0,0,0,3,0,1,1,3,0,0,0,3,0,0,0,3,0,0,0,0,0,0,0,3,0,0,0,3,0,0,0,3,0,0,0,15 00 00 00 ,FTPZF022P3HR,Pass,DLX937600SVN6R52G,WMT-J90020,R118-P2_P21AEN-LO_C00953,R118-P2,R118-P2_P21AEN-LO,C4P93740043JCPP3N,GV29372001KN3LN23,FM79366003CN0LH10+VLJ,C479353038FMW5D2Q,13 00 00 00 02 ,13 00 00 00 00,370,0x0172,3,0x03,2,02,1286,0x0506,A0 02 00 0B 00 0B 00 0B ,0,0x00,33,0x21,33,0x21,Pass,02 01 01 05 49 ,02 01 01 05 49,Read_MLB_Lang :02 01 01 05 49  ,  Get_KBD_Lang :02 01 01 05 49,16,0x10,8704,0,0,0,0,0,0,0,0,0,0,0,0,16777216,0,0,0,0,0,16842752,16777216,0,0,0,0,17372165,100665620,33751040,,,,
FXLH,R118,FTPZF02JP3HR,,R118-P2_P21AEN-LO,,FXLH_F05-4FT-02_2_GATEKEEPER,FAIL,09-23-10:18:21,48.15,V1.1.3.2,Check_All_CB,FTPZF02JP3HR,Atlas 1.9.2,FTPZF02JP3HR,V1.1.3.2,1,3,0,0,0,3,0,0,0,3,0,0,0,3,0,0,0,3,0,0,0,3,0,0,0,0,0,0,0,3,0,0,0,3,0,0,0,3,0,1,1,15 00 00 00 ,FTPZF02JP3HR,Pass,DLX9382005TN6R52E,WMT-J90020,R118-P2_P21AEN-LO_C00983,R118-P2,R118-P2_P21AEN-LO,C4P93740040JCPP3R,GV29372001LN3LN22,FM79366006MN0LH,C479353028GMW5D2Q,13 00 00 00 02 ,13 00 00 00 00,370,0x0172,3,0x03,2,02,1286,0x0506,A0 02 00 0B 00 0B 00 0B ,0,0x00,33,0x21,33,0x21,Pass,02 01 01 05 49 ,02 01 01 05 49,Read_MLB_Lang :02 01 01 05 49  ,  Get_KBD_Lang :02 01 01 05 49,16,0x10,8704,0,0,0,0,0,0,0,0,0,0,0,0,16777216,0,0,0,0,0,16842752,16777216,0,0,0,0,17372165,100665620,33751040,,,,
FXLH,R118,FTPZF02NP3HR,,R118-P2_P21AEN-LO,,FXLH_F05-4FT-02_2_GATEKEEPER,FAIL,09-23-10:22:34,46.15,V1.1.3.2,Check_All_CB,FTPZF02NP3HR,Atlas 1.9.2,FTPZF02NP3HR,V1.1.3.2,1,3,0,0,0,3,0,0,0,3,0,1,1,3,0,0,0,3,0,0,0,3,0,0,0,0,0,0,0,3,0,0,0,3,0,0,0,3,0,1,1,15 00 00 00 ,FTPZF02NP3HR,Pass,DLX93820021N6R52F,WMT-J90020,R118-P2_P21AEN-LO_C00979,R118-P2,R118-P2_P21AEN-LO,C4P9374001VJCPP35,GV29372001MN3LN21,FM79366002KN0LH1W+VLJ,C479353040KMW5D29,13 00 00 00 02 ,13 00 00 00 00,370,0x0172,3,0x03,2,02,1286,0x0506,A0 02 00 0B 00 0B 00 0B ,0,0x00,33,0x21,33,0x21,Pass,02 01 01 05 49 ,02 01 01 05 49,Read_MLB_Lang :02 01 01 05 49  ,  Get_KBD_Lang :02 01 01 05 49,16,0x10,8704,0,0,0,0,0,0,0,0,0,0,0,0,16777216,0,0,0,0,0,16842752,16777216,0,0,0,0,17372165,100665620,33751040,,,,
FXLH,R118,FTPZF01AP3HR,,R118-P2_P21AEN-LO,,FXLH_F05-4FT-02_2_GATEKEEPER,FAIL,09-23-10:24:25,44.55,V1.1.3.2,Check_All_CB,FTPZF01AP3HR,Atlas 1.9.2,FTPZF01AP3HR,V1.1.3.2,1,3,0,0,0,3,0,0,0,3,0,0,0,3,0,0,0,3,0,0,0,3,0,0,0,0,0,0,0,3,0,2,2,3,0,0,0,3,0,0,0,15 00 00 00 ,FTPZF01AP3HR,Pass,DLX9382003FN6R52Y,WMT-J90020,R118-P2_P21AEN-LO_C00967,R118-P2,R118-P2_P21AEN-LO,C4P9374002DJCPP3J,GV29372001ZN3LN2P,FM793660047N0LH12+VLJ,C47935303A3MW5D2W,13 00 00 00 02 ,13 00 00 00 00,370,0x0172,3,0x03,2,02,1286,0x0506,A0 02 00 0B 00 0B 00 0B ,0,0x00,33,0x21,33,0x21,Pass,02 01 01 05 49 ,02 01 01 05 49,Read_MLB_Lang :02 01 01 05 49  ,  Get_KBD_Lang :02 01 01 05 49,16,0x10,8704,0,0,0,0,0,0,0,0,0,0,0,0,16777216,0,0,0,0,0,16842752,16777216,0,0,0,0,17372165,100665620,33751040,,,,
FXLH,R118,FTPZF02DP3HR,,R118-P2_P21AEN-LO,,FXLH_F05-4FT-02_2_GATEKEEPER,FAIL,09-23-10:26:49,46.11,V1.1.3.2,Check_All_CB,FTPZF02DP3HR,Atlas 1.9.2,FTPZF02DP3HR,V1.1.3.2,1,3,0,0,0,3,0,0,0,3,0,2,2,3,0,0,0,3,0,0,0,3,0,0,0,0,0,0,0,3,0,0,0,3,0,0,0,3,0,0,0,15 00 00 00 ,FTPZF02DP3HR,Pass,DLX9382000SN6R52W,WMT-J90020,R118-P2_P21AEN-LO_C00944,R118-P2,R118-P2_P21AEN-LO,C4P93740046JCPP3K,GV29372002HN3LN22,FM79366002YN0LH1H+VLJ,C47935304ZRMW5D26,13 00 00 00 02 ,13 00 00 00 00,370,0x0172,3,0x03,2,02,1286,0x0506,A0 02 00 0B 00 0B 00 0B ,0,0x00,33,0x21,33,0x21,Pass,02 01 01 05 49 ,02 01 01 05 49,Read_MLB_Lang :02 01 01 05 49  ,  Get_KBD_Lang :02 01 01 05 49,16,0x10,8704,0,0,0,0,0,0,0,0,0,0,0,0,16777216,0,0,0,0,0,16842752,16777216,0,0,0,0,17372165,100665620,33751040,,,,
FXLH,R118,FTPZD03ZP3HR,,R118-P2_P21AEN,,FXLH_F05-4FT-02_2_GATEKEEPER,FAIL,09-23-10:29:17,47.92,V1.1.3.2,Check_All_CB,FTPZD03ZP3HR,Atlas 1.9.2,FTPZD03ZP3HR,V1.1.3.2,1,3,0,0,0,3,0,0,0,3,0,1,1,3,0,0,0,3,0,1,1,3,0,0,0,0,0,0,0,3,0,0,0,3,0,0,0,3,0,0,0,15 00 00 00 ,FTPZD03ZP3HR,Pass,DLX9375008FN6R52H,WMT-J90014,R118-P2_P21AEN_C00531,R118-P2,R118-P2_P21AEN,C4P932200PKJCPP30,GV293640055N3LN26,FM793440182N0LH12+V1J,CR19356013NMW5D1B,13 00 00 00 02 ,13 00 00 00 00,370,0x0172,3,0x03,2,02,1286,0x0506,A0 02 00 0B 00 0B 00 0B ,0,0x00,33,0x21,33,0x21,Pass,02 01 01 05 49 ,02 01 01 05 49,Read_MLB_Lang :02 01 01 05 49  ,  Get_KBD_Lang :02 01 01 05 49,16,0x10,8704,0,0,0,0,0,0,0,0,0,0,0,0,16777216,0,0,0,0,0,16842752,16777216,0,0,0,0,17372165,100665620,33751040,,,,
FXLH,R118,FTPZF01KP3HR,,R118-P2_P21AEN-LO,,FXLH_F05-4FT-02_2_GATEKEEPER,FAIL,09-23-10:32:28,50.95,V1.1.3.2,Check_All_CB,FTPZF01KP3HR,Atlas 1.9.2,FTPZF01KP3HR,V1.1.3.2,1,3,0,0,0,3,0,0,0,3,0,0,0,3,0,0,0,3,0,0,0,3,0,0,0,0,0,0,0,3,0,0,0,3,0,0,0,3,0,0,0,15 00 00 00 ,FTPZF01KP3HR,Pass,DLX9382005KN6R52N,WMT-J90020,R118-P2_P21AEN-LO_C00976,R118-P2,R118-P2_P21AEN-LO,C4P9374003KJCPP39,GV29372002PN3LN2W,FM793660045N0LH14+VLJ,C47935303ABMW5D2N,13 00 00 00 02 ,13 00 00 00 00,370,0x0172,3,0x03,2,02,1286,0x0506,A0 02 00 0B 00 0B 00 0B ,0,0x00,33,0x21,33,0x21,Pass,02 01 01 05 49 ,02 01 01 05 49,Read_MLB_Lang :02 01 01 05 49  ,  Get_KBD_Lang :02 01 01 05 49,16,0x10,8704,0,0,0,0,0,0,0,0,0,0,0,0,16777216,0,0,0,0,0,16842752,16777216,0,0,0,0,17372165,100665620,33751040,,,,
FXLH,R118,FTPZF01MP3HR,,R118-P2_P21AEN-LO,,FXLH_F05-4FT-02_2_GATEKEEPER,FAIL,09-23-10:38:00,57.64,V1.1.3.2,Check_All_CB,FTPZF01MP3HR,Atlas 1.9.2,FTPZF01MP3HR,V1.1.3.2,1,3,0,0,0,3,0,0,0,3,0,0,0,3,0,1,1,3,0,0,0,3,0,0,0,0,0,0,0,3,0,0,0,3,0,0,0,3,0,0,0,15 00 00 00 ,FTPZF01MP3HR,Pass,DLX9382004UN6R52G,WMT-J90020,R118-P2_P21AEN-LO_C00958,R118-P2,R118-P2_P21AEN-LO,C4P9374000WJCPP37,GV29372001GN3LN26,FM793660041N0LH18+VLJ,C47935303A7MW5D2S,13 00 00 00 02 ,13 00 00 00 00,370,0x0172,3,0x03,2,02,1286,0x0506,A0 02 00 0B 00 0B 00 0B ,0,0x00,33,0x21,33,0x21,Pass,02 01 01 05 49 ,02 01 01 05 49,Read_MLB_Lang :02 01 01 05 49  ,  Get_KBD_Lang :02 01 01 05 49,16,0x10,8704,0,0,0,0,0,0,0,0,0,0,0,0,16777216,0,0,0,0,0,16842752,16777216,0,0,0,0,17372165,100665620,33751040,,,,
FXLH,R118,FTPZF02NP3HW,,R118-P2_P21ACH-ECORELNB,,FXLH_F05-4FT-02_2_GATEKEEPER,FAIL,09-23-10:39:52,53.67,V1.1.3.2,Check_All_CB,FTPZF02NP3HW,Atlas 1.9.2,FTPZF02NP3HW,V1.1.3.2,1,3,0,0,0,3,0,0,0,3,0,0,0,3,0,0,0,3,0,0,0,3,0,0,0,0,0,0,0,3,0,0,0,3,0,0,0,3,0,0,0,15 00 00 00 ,FTPZF02NP3HW,Pass,DLX937600UFN6R52Q,WMT-J9001D,R118-P2_P21ACH-ECORELNB_C00839,R118-P2,R118-P2_P21ACH-ECORELNB,C4P9322001FJCPT3Y,GV29363005JN3LN2U,FM7934401H0N0LH1B+V1J,CR1935601FWMW5D11,13 00 00 00 02 ,13 00 00 00 00,370,0x0172,3,0x03,2,02,1286,0x0506,A0 02 00 0B 00 0B 00 0B ,0,0x00,33,0x21,33,0x21,Pass,02 01 01 0B 49 16 16 ,02 01 01 0B 49 16 16,Read_MLB_Lang :02 01 01 0B 49 16 16  ,  Get_KBD_Lang :02 01 01 0B 49 16 16,16,0x10,8704,0,0,0,0,0,0,0,0,0,0,0,0,16777216,0,0,0,0,0,16842752,16777216,0,0,0,0,17372165,100665620,33751040,,,,
FXLH,R118,FTPZF00QP3HX,,R118-P2_P21IG,,FXLH_F05-4FT-02_2_GATEKEEPER,FAIL,09-23-15:51:01,49.01,V1.1.3.2,Check_All_CB,FTPZF00QP3HX,Atlas 1.9.2,FTPZF00QP3HX,V1.1.3.2,1,3,0,0,0,3,0,0,0,3,0,0,0,3,0,0,0,3,0,0,0,3,0,0,0,0,0,0,0,3,0,0,0,3,0,0,0,3,0,0,0,15 00 00 00 ,FTPZF00QP3HX,Pass,DLX937500BSN6R52X,WMT-J90029,R118-P2_P21IG_C01078,R118-P2,R118-P2_P21IG,C4P93470019JCQ53C,GV29372002DP2T025,FM7934401JWN0LH1C+V1J,C47935303GFMW5D20,13 00 00 00 02 ,13 00 00 00 00,370,0x0172,3,0x03,2,02,1286,0x0506,A0 02 00 0B 00 0B 00 0B ,0,0x00,,0x0D,,0x0D,Pass,02 01 02 01 4A ,02 01 02 01 4A,Read_MLB_Lang :02 01 02 01 4A  ,  Get_KBD_Lang :02 01 02 01 4A,16,0x10,8704,0,0,0,0,0,0,0,0,0,0,0,0,16777216,0,0,0,0,0,16842752,16777216,0,0,0,0,17372165,100665620,33751040,,13,13,
FXLH,R118,FTPZF00HP3HX,,R118-P2_P21IG,,FXLH_F05-4FT-02_2_GATEKEEPER,FAIL,09-23-15:58:28,46.09,V1.1.3.2,Check_All_CB,FTPZF00HP3HX,Atlas 1.9.2,FTPZF00HP3HX,V1.1.3.2,1,3,0,0,0,3,0,0,0,3,0,0,0,3,0,0,0,3,0,0,0,3,0,0,0,0,0,0,0,3,0,0,0,3,0,0,0,3,0,0,0,15 00 00 00 ,FTPZF00HP3HX,Pass,DLX9375009HN6R52C,WMT-J90029,R118-P2_P21IG_C01085,R118-P2,R118-P2_P21IG,C4P9347001EJCQ537,GV29372002YP2T02L,FM7934401CMN0LH15+V1J,C479353047MMW5D2L,13 00 00 00 02 ,13 00 00 00 00,370,0x0172,3,0x03,2,02,1286,0x0506,A0 02 00 0B 00 0B 00 0B ,0,0x00,,0x0D,,0x0D,Pass,02 01 02 01 4A ,02 01 02 01 4A,Read_MLB_Lang :02 01 02 01 4A  ,  Get_KBD_Lang :02 01 02 01 4A,16,0x10,8704,0,0,0,0,0,0,0,0,0,0,0,0,16777216,0,0,0,0,0,16842752,16777216,0,0,0,0,17372165,100665620,33751040,,13,13,
FXLH,R118,FTPZF002P3J0,,R118-P2_P21ISP,,FXLH_F05-4FT-02_2_GATEKEEPER,FAIL,09-23-16:03:12,47.74,V1.1.3.2,Check_All_CB,FTPZF002P3J0,Atlas 1.9.2,FTPZF002P3J0,V1.1.3.2,1,3,0,0,0,3,0,0,0,3,0,0,0,3,0,0,0,3,0,0,0,3,0,0,0,0,0,0,0,3,0,1,1,3,0,0,0,3,0,0,0,15 00 00 00 ,FTPZF002P3J0,Pass,DLX93750092N6R52T,WMT-J9002C,R118-P2_P21ISP_C01125,R118-P2,R118-P2_P21ISP,C4P93450019JCQ73C,GV29367003YP2T02F,FM7934401W0N0LH16+V1J,CR1935600AQMW5D1P,13 00 00 00 02 ,13 00 00 00 00,370,0x0172,3,0x03,2,02,1286,0x0506,A0 02 00 0B 00 0B 00 0B ,0,0x00,,0x0D,,0x0D,Pass,02 01 02 07 4A ,02 01 02 07 4A,Read_MLB_Lang :02 01 02 07 4A  ,  Get_KBD_Lang :02 01 02 07 4A,16,0x10,8704,0,0,0,0,0,0,0,0,0,0,0,0,16777216,0,0,0,0,0,16842752,16777216,0,0,0,0,17372165,100665620,33751040,,13,13,
FXLH,R118,FTPZF00FP3HX,,R118-P2_P21IG,,FXLH_F05-4FT-02_2_GATEKEEPER,FAIL,09-23-16:08:05,53.70,V1.1.3.2,Check_All_CB,FTPZF00FP3HX,Atlas 1.9.2,FTPZF00FP3HX,V1.1.3.2,1,3,0,0,0,3,0,0,0,3,0,0,0,3,0,0,0,3,0,0,0,3,0,0,0,0,0,0,0,3,0,0,0,3,0,0,0,3,0,0,0,15 00 00 00 ,FTPZF00FP3HX,Pass,DLX937500BPN6R520,WMT-J90029,R118-P2_P21IG_C01087,R118-P2,R118-P2_P21IG,C4P9347000JJCQ536,GV29372002AP2T028,FM7934401N2N0LH1U+V1J,C47935300NCMW5D2N,13 00 00 00 02 ,13 00 00 00 00,370,0x0172,3,0x03,2,02,1286,0x0506,A0 02 00 0B 00 0B 00 0B ,0,0x00,,0x0D,,0x0D,Pass,02 01 02 01 4A ,02 01 02 01 4A,Read_MLB_Lang :02 01 02 01 4A  ,  Get_KBD_Lang :02 01 02 01 4A,16,0x10,8704,0,0,0,0,0,0,0,0,0,0,0,0,16777216,0,0,0,0,0,16842752,16777216,0,0,0,0,17372165,100665620,33751040,,13,13,
FXLH,R118,FTPZD02KP3HR,,R118-P2_P21AEN,,FXLH_F05-4FT-02_2_GATEKEEPER,FAIL,09-23-16:09:33,48.99,V1.1.3.2,Check_All_CB,FTPZD02KP3HR,Atlas 1.9.2,FTPZD02KP3HR,V1.1.3.2,1,3,0,0,0,3,0,0,0,3,0,0,0,3,0,0,0,3,0,0,0,3,0,0,0,0,0,0,0,3,0,0,0,3,0,0,0,3,0,0,0,15 00 00 00 ,FTPZD02KP3HR,Pass,DLX937500BRN6R52Y,WMT-J90014,R118-P2_P21AEN_C00578,R118-P2,R118-P2_P21AEN,C4P932200E6JCPP36,GV29364004MN3LN2T,FM7934401JBN0LH1X+V1J,CR1935601QBMW5D1T,13 00 00 00 02 ,13 00 00 00 00,370,0x0172,3,0x03,2,02,1286,0x0506,A0 02 00 0B 00 0B 00 0B ,0,0x00,33,0x21,33,0x21,Pass,02 01 01 05 49 ,02 01 01 05 49,Read_MLB_Lang :02 01 01 05 49  ,  Get_KBD_Lang :02 01 01 05 49,16,0x10,8704,0,0,0,0,0,0,0,0,0,0,0,0,16777216,0,0,0,0,0,16842752,16777216,0,0,0,0,17372165,100665620,33751040,,,,
FXLH,R118,FTPZF00MP3HX,,R118-P2_P21IG,,FXLH_F05-4FT-02_2_GATEKEEPER,FAIL,09-23-17:03:08,48.33,V1.1.3.2,Check_All_CB,FTPZF00MP3HX,Atlas 1.9.2,FTPZF00MP3HX,V1.1.3.2,1,3,0,0,0,3,0,0,0,3,0,0,0,3,0,0,0,3,0,0,0,3,0,0,0,0,0,0,0,3,0,0,0,3,0,1,1,3,0,0,0,15 00 00 00 ,FTPZF00MP3HX,Pass,DLX937600QVN6R52N,WMT-J90029,R118-P2_P21IG_C01081,R118-P2,R118-P2_P21IG,C4P9347001KJCQ532,GV29372002PP2T02V,FM7934401SXN0LH1M+V1J,C47935300N0MW5D20,13 00 00 00 02 ,13 00 00 00 00,370,0x0172,3,0x03,2,02,1286,0x0506,A0 02 00 0B 00 0B 00 0B ,0,0x00,,0x0D,,0x0D,Pass,02 01 02 01 4A ,02 01 02 01 4A,Read_MLB_Lang :02 01 02 01 4A  ,  Get_KBD_Lang :02 01 02 01 4A,16,0x10,8704,0,0,0,0,0,0,0,0,0,0,0,0,16777216,0,0,0,0,0,16842752,16777216,0,0,0,0,17372165,100665620,33751040,,13,13,
FXLH,R118,FTPZF006P3J0,,R118-P2_P21ISP,,FXLH_F05-4FT-02_2_GATEKEEPER,FAIL,09-23-17:46:09,53.32,V1.1.3.2,Check_All_CB,FTPZF006P3J0,Atlas 1.9.2,FTPZF006P3J0,V1.1.3.2,1,3,0,0,0,3,0,0,0,3,0,0,0,3,0,0,0,3,0,0,0,3,0,0,0,0,0,0,0,3,0,0,0,3,0,0,0,3,0,0,0,15 00 00 00 ,FTPZF006P3J0,Pass,DLX937500CPN6R52X,WMT-J9002C,R118-P2_P21ISP_C01121,R118-P2,R118-P2_P21ISP,C4P9345000WJCQ73U,GV29367003GP2T02X,FM7934401SUN0LH1Q+V1J,CR1935600AXMW5D1G,13 00 00 00 02 ,13 00 00 00 00,370,0x0172,3,0x03,2,02,1286,0x0506,A0 02 00 0B 00 0B 00 0B ,0,0x00,,0x0D,,0x0D,Pass,02 01 02 07 4A ,02 01 02 07 4A,Read_MLB_Lang :02 01 02 07 4A  ,  Get_KBD_Lang :02 01 02 07 4A,16,0x10,8704,0,0,0,0,0,0,0,0,0,0,0,0,16777216,0,0,0,0,0,16842752,16777216,0,0,0,0,17372165,100665620,33751040,,13,13,
FXLH,R118,FTPZF026P3HR,,R118-P2_P21AEN-LO,,FXLH_F05-4FT-02_2_GATEKEEPER,FAIL,09-23-17:52:52,54.75,V1.1.3.2,Check_All_CB,FTPZF026P3HR,Atlas 1.9.2,FTPZF026P3HR,V1.1.3.2,1,3,0,0,0,3,0,0,0,3,0,1,1,3,0,0,0,3,0,0,0,3,0,0,0,0,0,0,0,3,0,0,0,3,0,0,0,3,0,0,0,15 00 00 00 ,FTPZF026P3HR,Pass,DLX9382000HN6R525,WMT-J90020,R118-P2_P21AEN-LO_C00978,R118-P2,R118-P2_P21AEN-LO,C4P9374003MJCPP37,GV293720020N3LN2K,FM79366003GN0LH1W+VLJ,C47935303N4MW5D2T,13 00 00 00 02 ,13 00 00 00 00,370,0x0172,3,0x03,2,02,1286,0x0506,A0 02 00 0B 00 0B 00 0B ,0,0x00,33,0x21,33,0x21,Pass,02 01 01 05 49 ,02 01 01 05 49,Read_MLB_Lang :02 01 01 05 49  ,  Get_KBD_Lang :02 01 01 05 49,16,0x10,8704,0,0,0,0,0,0,0,0,0,0,0,0,16777216,0,0,0,0,0,16842752,16777216,0,0,0,0,17372165,100665620,33751040,,,,
FXLH,R118,FTPZF03WP3HW,,R118-P2_P21ACH-ECORELNB,,FXLH_F05-4FT-02_2_GATEKEEPER,FAIL,09-23-17:58:41,43.61,V1.1.3.2,Check_All_CB,FTPZF03WP3HW,Atlas 1.9.2,FTPZF03WP3HW,V1.1.3.2,1,3,0,0,0,3,0,1,1,3,0,0,0,3,0,0,0,3,0,0,0,3,0,0,0,0,0,0,0,3,0,0,0,3,0,0,0,3,0,0,0,15 00 00 00 ,FTPZF03WP3HW,Pass,DLX937600SBN6R520,WMT-J9001D,R118-P2_P21ACH-ECORELNB_C00877,R118-P2,R118-P2_P21ACH-ECORELNB,C4P9322004XJCPT37,GV29363005LN3LN2S,FM79344015FN0LH1Y+V1J,CR1935601HUMW5D1X,13 00 00 00 02 ,13 00 00 00 00,370,0x0172,3,0x03,2,02,1286,0x0506,A0 02 00 0B 00 0B 00 0B ,0,0x00,33,0x21,33,0x21,Pass,02 01 01 0B 49 16 16 ,02 01 01 0B 49 16 16,Read_MLB_Lang :02 01 01 0B 49 16 16  ,  Get_KBD_Lang :02 01 01 0B 49 16 16,16,0x10,8704,0,0,0,0,0,0,0,0,0,0,0,0,16777216,0,0,0,0,0,16842752,16777216,0,0,0,0,17372165,100665620,33751040,,,,
FXLH,R118,FTPZF01YP3HR,,R118-P2_P21AEN-LO,,FXLH_F05-4FT-02_2_GATEKEEPER,FAIL,09-23-18:03:12,45.99,V1.1.3.2,Check_All_CB; Compare_FG_SN; Check_KBD_Lang,FTPZF01YP3HR,Atlas 1.9.2,FTPZF01YP3HR,V1.1.3.2,1,3,0,0,0,3,0,0,0,3,0,0,0,3,0,0,0,3,0,1,1,3,0,0,0,0,0,0,0,3,0,0,0,3,0,0,0,3,0,0,0,15 00 00 00 ,FTPZF00CP3HX,Fail,DLX937600NRN6R52Y,WMT-J90020,R118-P2_P21AEN-LO_C00949,R118-P2,R118-P2_P21AEN-LO,C4P9374001TJCPP37,GV29372002RN3LN2U,FM79366003JN0LH1U+VLJ,C47935303LQMW5D2D,13 00 00 00 02 ,13 00 00 00 00,370,0x0172,3,0x03,2,02,1286,0x0506,A0 02 00 0B 00 0B 00 0B ,0,0x00,,0x0D,,0x0D,Pass,02 01 02 01 4A ,I,Read_MLB_Lang :02 01 02 01 4A  ,  Get_KBD_Lang :I,16,0x10,8704,0,0,0,0,0,0,0,0,0,0,0,0,16777216,0,0,0,0,0,16842752,16777216,0,0,0,0,17372165,100665620,33751040,,13,13,
FXLH,R118,FTPZF01YP3HR,,R118-P2_P21AEN-LO,,FXLH_F05-4FT-02_2_GATEKEEPER,FAIL,09-23-18:07:46,57.70,V1.1.3.2,Check_All_CB,FTPZF01YP3HR,Atlas 1.9.2,FTPZF01YP3HR,V1.1.3.2,1,3,0,0,0,3,0,0,0,3,0,0,0,3,0,0,0,3,0,0,0,3,0,0,0,0,0,0,0,3,0,0,0,3,0,0,0,3,0,0,0,15 00 00 00 ,FTPZF01YP3HR,Pass,DLX93820053N6R524,WMT-J90020,R118-P2_P21AEN-LO_C00949,R118-P2,R118-P2_P21AEN-LO,C4P9374001TJCPP37,GV29372002RN3LN2U,FM79366003JN0LH1U+VLJ,C47935303LQMW5D2D,13 00 00 00 02 ,13 00 00 00 00,370,0x0172,3,0x03,2,02,1286,0x0506,A0 02 00 0B 00 0B 00 0B ,0,0x00,33,0x21,33,0x21,Pass,02 01 01 05 49 ,02 01 01 05 49,Read_MLB_Lang :02 01 01 05 49  ,  Get_KBD_Lang :02 01 01 05 49,16,0x10,8704,0,0,0,0,0,0,0,0,0,0,0,0,16777216,0,0,0,0,0,16842752,16777216,0,0,0,0,17372165,100665620,33751040,,,,
FXLH,R118,FTPZF00PP3HX,,R118-P2_P21IG,,FXLH_F05-4FT-02_2_GATEKEEPER,FAIL,09-23-18:10:39,42.45,V1.1.3.2,Check_All_CB,FTPZF00PP3HX,Atlas 1.9.2,FTPZF00PP3HX,V1.1.3.2,1,3,0,0,0,3,0,0,0,3,0,0,0,3,0,0,0,3,0,0,0,3,0,0,0,0,0,0,0,3,0,0,0,3,0,0,0,3,0,0,0,15 00 00 00 ,FTPZF00PP3HX,Pass,DLX937500AJN6R528,WMT-J90029,R118-P2_P21IG_C01079,R118-P2,R118-P2_P21IG,C4P93470016JCQ5,GV29372002LP2T02Y,FM7934401UAN0LH12+V1J,CR19356008GMW5D13,13 00 00 00 02 ,13 00 00 00 00,370,0x0172,3,0x03,2,02,1286,0x0506,A0 02 00 0B 00 0B 00 0B ,0,0x00,,0x0D,,0x0D,Pass,02 01 02 01 4A ,02 01 02 01 4A,Read_MLB_Lang :02 01 02 01 4A  ,  Get_KBD_Lang :02 01 02 01 4A,16,0x10,8704,0,0,0,0,0,0,0,0,0,0,0,0,16777216,0,0,0,0,0,16842752,16777216,0,0,0,0,17372165,100665620,33751040,,13,13,
FXLH,R118,FTPZF03WP3HW,,R118-P2_P21ACH-ECORELNB,,FXLH_F05-4FT-02_2_GATEKEEPER,FAIL,09-23-18:16:26,45.30,V1.1.3.2,Check_All_CB,FTPZF03WP3HW,Atlas 1.9.2,FTPZF03WP3HW,V1.1.3.2,1,3,0,0,0,3,0,1,1,3,0,0,0,3,0,0,0,3,0,0,0,3,0,0,0,0,0,0,0,3,0,0,0,3,0,0,0,3,0,0,0,15 00 00 00 ,FTPZF03WP3HW,Pass,DLX937600SBN6R520,WMT-J9001D,R118-P2_P21ACH-ECORELNB_C00877,R118-P2,R118-P2_P21ACH-ECORELNB,C4P9322004XJCPT37,GV29363005LN3LN2S,FM79344015FN0LH1Y+V1J,CR1935601HUMW5D1X,13 00 00 00 02 ,13 00 00 00 00,370,0x0172,3,0x03,2,02,1286,0x0506,A0 02 00 0B 00 0B 00 0B ,0,0x00,33,0x21,33,0x21,Pass,02 01 01 0B 49 16 16 ,02 01 01 0B 49 16 16,Read_MLB_Lang :02 01 01 0B 49 16 16  ,  Get_KBD_Lang :02 01 01 0B 49 16 16,16,0x10,8704,0,0,0,0,0,0,0,0,0,0,0,0,16777216,0,0,0,0,0,16842752,16777216,0,0,0,0,17372165,100665620,33751040,,,,
FXLH,R118,FTPZF00CP3HX,,R118-P2_P21IG,,FXLH_F05-4FT-02_2_GATEKEEPER,FAIL,09-23-18:21:35,44.60,V1.1.3.2,Check_All_CB,FTPZF00CP3HX,Atlas 1.9.2,FTPZF00CP3HX,V1.1.3.2,1,3,0,0,0,3,0,0,0,3,0,0,0,3,0,0,0,3,0,1,1,3,0,0,0,0,0,0,0,3,0,0,0,3,0,0,0,3,0,0,0,15 00 00 00 ,FTPZF00CP3HX,Pass,DLX937600NRN6R52Y,WMT-J90029,R118-P2_P21IG_C01090,R118-P2,R118-P2_P21IG,C4P9347001PJCQ5,GV29372002QP2T02U,FM7934401JUN0LH1E+V1J,C479353017JMW5D2S,13 00 00 00 02 ,13 00 00 00 00,370,0x0172,3,0x03,2,02,1286,0x0506,A0 02 00 0B 00 0B 00 0B ,0,0x00,,0x0D,,0x0D,Pass,02 01 02 01 4A ,02 01 02 01 4A,Read_MLB_Lang :02 01 02 01 4A  ,  Get_KBD_Lang :02 01 02 01 4A,16,0x10,8704,0,0,0,0,0,0,0,0,0,0,0,0,16777216,0,0,0,0,0,16842752,16777216,0,0,0,0,17372165,100665620,33751040,,13,13,
FXLH,R118,FTPZF00JP3HV,,R118-P2_P21IB,,FXLH_F05-4FT-02_2_GATEKEEPER,FAIL,09-23-18:35:42,49.47,V1.1.3.2,Check_All_CB,FTPZF00JP3HV,Atlas 1.9.2,FTPZF00JP3HV,V1.1.3.2,1,3,0,0,0,3,0,0,0,3,0,0,0,3,0,0,0,3,0,0,0,3,0,0,0,0,0,0,0,3,0,0,0,3,0,0,0,3,0,0,0,15 00 00 00 ,FTPZF00JP3HV,Pass,DLX93820097N6R52N,WMT-J9002A,R118-P2_P21IB_C01094,R118-P2,R118-P2_P21IB,C4P9345000WJCQ031,GV29372000JP2T026,FM7934401V7N0LH12+V1J,CR19356008SMW5D1T,13 00 00 00 02 ,13 00 00 00 00,370,0x0172,3,0x03,2,02,1286,0x0506,A0 02 00 0B 00 0B 00 0B ,0,0x00,,0x0D,,0x0D,Pass,02 01 02 06 4A ,02 01 02 06 4A,Read_MLB_Lang :02 01 02 06 4A  ,  Get_KBD_Lang :02 01 02 06 4A,16,0x10,8704,0,0,0,0,0,0,0,0,0,0,0,0,16777216,0,0,0,0,0,16842752,16777216,0,0,0,0,17372165,100665620,33751040,,13,13,
FXLH,R118,FTPZD06LP3HR,,R118-P2_P21AEN-1,,FXLH_F05-4FT-02_2_GATEKEEPER,FAIL,09-23-18:43:48,44.69,V1.1.3.2,Check_All_CB,FTPZD06LP3HR,Atlas 1.9.2,FTPZD06LP3HR,V1.1.3.2,1,3,0,0,0,3,0,0,0,3,0,1,1,3,0,0,0,3,0,1,1,3,0,0,0,0,0,0,0,3,0,0,0,3,0,0,0,3,0,0,0,15 00 00 00 ,FTPZD06LP3HR,Pass,DLX937500JCN6R52Q,WMT-J90018,R118-P2_P21AEN-1_C00638,R118-P2,R118-P2_P21AEN-1,C4P9322004DJCPP3V,GV293640072N3LN23,FM7934401H8N0LH13+V1J,C479353077MMW5D2H,13 00 00 00 02 ,13 00 00 00 00,370,0x0172,3,0x03,2,02,1286,0x0506,A0 02 00 0B 00 0B 00 0B ,0,0x00,33,0x21,33,0x21,Pass,02 01 01 05 49 ,02 01 01 05 49,Read_MLB_Lang :02 01 01 05 49  ,  Get_KBD_Lang :02 01 01 05 49,16,0x10,8704,0,0,0,0,0,0,0,0,0,0,0,0,16777216,0,0,0,0,0,16842752,16777216,0,0,0,0,17372165,100665620,33751040,,,,
FXLH,R118,FTPZD06VP3HR,,R118-P2_P21AEN-1,,FXLH_F05-4FT-02_2_GATEKEEPER,FAIL,09-23-18:49:56,44.42,V1.1.3.2,Check_All_CB,FTPZD06VP3HR,Atlas 1.9.2,FTPZD06VP3HR,V1.1.3.2,1,3,0,0,0,3,0,0,0,3,0,1,1,3,0,0,0,3,0,1,1,3,0,0,0,0,0,0,0,3,0,0,0,3,0,0,0,3,0,0,0,15 00 00 00 ,FTPZD06VP3HR,Pass,DLX937500EHN6R52X,WMT-J90018,R118-P2_P21AEN-1_C00640,R118-P2,R118-P2_P21AEN-1,C4P9322001JJCPP3Z,GV29364006QN3LN2J,FM7934401V9N0LH10+V1J,C479353075DMW5D2X,13 00 00 00 02 ,13 00 00 00 00,370,0x0172,3,0x03,2,02,1286,0x0506,A0 02 00 0B 00 0B 00 0B ,0,0x00,33,0x21,33,0x21,Pass,02 01 01 05 49 ,02 01 01 05 49,Read_MLB_Lang :02 01 01 05 49  ,  Get_KBD_Lang :02 01 01 05 49,16,0x10,8704,0,0,0,0,0,0,0,0,0,0,0,0,16777216,0,0,0,0,0,16842752,16777216,0,0,0,0,17372165,100665620,33751040,,,,
FXLH,R118,FTPZD03BP3HR,,R118-P2_P21AEN,,FXLH_F05-4FT-02_2_GATEKEEPER,FAIL,09-23-18:56:01,47.56,V1.1.3.2,Check_All_CB,FTPZD03BP3HR,Atlas 1.9.2,FTPZD03BP3HR,V1.1.3.2,1,3,0,0,0,3,0,0,0,3,0,2,2,3,0,1,1,3,0,0,0,3,0,0,0,0,0,0,0,3,0,0,0,3,0,0,0,3,0,0,0,15 00 00 00 ,FTPZD03BP3HR,Pass,DLX937500CZN6R52M,WMT-J90014,R118-P2_P21AEN_C00552,R118-P2,R118-P2_P21AEN,C4P932200HEJCPP3P,GV29364004UN3LN2L,FM79344017RN0LH1G+V1J,CR193560157MW5D1L,13 00 00 00 02 ,13 00 00 00 00,370,0x0172,3,0x03,2,02,1286,0x0506,A0 02 00 0B 00 0B 00 0B ,0,0x00,33,0x21,33,0x21,Pass,02 01 01 05 49 ,02 01 01 05 49,Read_MLB_Lang :02 01 01 05 49  ,  Get_KBD_Lang :02 01 01 05 49,16,0x10,8704,0,0,0,0,0,0,0,0,0,0,0,0,16777216,0,0,0,0,0,16842752,16777216,0,0,0,0,17372165,100665620,33751040,,,,
FXLH,R118,FTPZD06ZP3HR,,R118-P2_P21AEN-1,,FXLH_F05-4FT-02_2_GATEKEEPER,FAIL,09-23-19:02:50,49.73,V1.1.3.2,Check_All_CB,FTPZD06ZP3HR,Atlas 1.9.2,FTPZD06ZP3HR,V1.1.3.2,1,3,0,0,0,3,0,0,0,3,0,0,0,3,0,0,0,3,0,1,1,3,0,0,0,0,0,0,0,3,0,0,0,3,0,0,0,3,0,0,0,15 00 00 00 ,FTPZD06ZP3HR,Pass,DLX937500GSN6R52G,WMT-J90018,R118-P2_P21AEN-1_C00656,R118-P2,R118-P2_P21AEN-1,C4P9322009XJCPP3W,GV2936400B1N3LN2S,FM79344019RN0LH1A+V1J,C47935305KRMW5D2D,13 00 00 00 02 ,13 00 00 00 00,370,0x0172,3,0x03,2,02,1286,0x0506,A0 02 00 0B 00 0B 00 0B ,0,0x00,33,0x21,33,0x21,Pass,02 01 01 05 49 ,02 01 01 05 49,Read_MLB_Lang :02 01 01 05 49  ,  Get_KBD_Lang :02 01 01 05 49,16,0x10,8704,0,0,0,0,0,0,0,0,0,0,0,0,16777216,0,0,0,0,0,16842752,16777216,0,0,0,0,17372165,100665620,33751040,,,,
FXLH,R118,FTPZD078P3HR,,R118-P2_P21AEN-1,,FXLH_F05-4FT-02_2_GATEKEEPER,FAIL,09-23-19:07:46,41.65,V1.1.3.2,Check_All_CB,FTPZD078P3HR,Atlas 1.9.2,FTPZD078P3HR,V1.1.3.2,1,3,0,0,0,3,0,0,0,3,0,1,1,3,0,0,0,3,0,1,1,3,0,0,0,0,0,0,0,3,0,0,0,2,0,1,1,3,0,0,0,15 00 00 00 ,FTPZD078P3HR,Pass,DLX937500G9N6R52Z,WMT-J90018,R118-P2_P21AEN-1_C00667,R118-P2,R118-P2_P21AEN-1,C4P932200FVJCPP3E,GV29364006BN3LN2X,FM7934401D6N0LH1H+V1J,C47935308LPMW5D29,13 00 00 00 02 ,13 00 00 00 00,370,0x0172,3,0x03,2,02,1286,0x0506,A0 02 00 0B 00 0B 00 0B ,0,0x00,33,0x21,33,0x21,Pass,02 01 01 05 49 ,02 01 01 05 49,Read_MLB_Lang :02 01 01 05 49  ,  Get_KBD_Lang :02 01 01 05 49,16,0x10,8704,0,0,0,0,0,0,0,0,0,0,0,0,16777216,0,0,0,0,0,16842752,16777216,0,0,0,0,17372165,100665620,33751040,,,,
FXLH,R118,FTPZD09BP3HR,,R118-P2_P21AEN-1,,FXLH_F05-4FT-02_2_GATEKEEPER,FAIL,09-23-19:17:03,47.16,V1.1.3.2,Check_All_CB,FTPZD09BP3HR,Atlas 1.9.2,FTPZD09BP3HR,V1.1.3.2,1,3,0,0,0,3,0,0,0,3,0,2,2,3,0,0,0,3,0,0,0,3,0,0,0,0,0,0,0,3,0,0,0,3,0,0,0,3,0,0,0,15 00 00 00 ,FTPZD09BP3HR,Pass,DLX937500DHN6R520,WMT-J90018,R118-P2_P21AEN-1_C00736,R118-P2,R118-P2_P21AEN-1,C4P932200QKJCPP3X,GV2936400C2N3LN2N,FM7934401C7N0LH1K+V1J,C47935305LBMW5D2Q,13 00 00 00 02 ,13 00 00 00 00,370,0x0172,3,0x03,2,02,1286,0x0506,A0 02 00 0B 00 0B 00 0B ,0,0x00,33,0x21,33,0x21,Pass,02 01 01 05 49 ,02 01 01 05 49,Read_MLB_Lang :02 01 01 05 49  ,  Get_KBD_Lang :02 01 01 05 49,16,0x10,8704,0,0,0,0,0,0,0,0,0,0,0,0,16777216,0,0,0,0,0,16842752,16777216,0,0,0,0,17372165,100665620,33751040,,,,
FXLH,R118,FTPZF00JP3J1,,R118-P2_P21IFR,,FXLH_F05-4FT-02_2_GATEKEEPER,FAIL,09-23-19:37:13,51.00,V1.1.3.2,Check_All_CB,FTPZF00JP3J1,Atlas 1.9.2,FTPZF00JP3J1,V1.1.3.2,1,3,0,0,0,3,0,0,0,3,0,0,0,3,0,0,0,3,0,0,0,3,0,0,0,0,0,0,0,3,0,0,0,3,0,1,1,3,0,0,0,15 00 00 00 ,FTPZF00JP3J1,Pass,DLX9382007QN6R52B,WMT-J9002B,R118-P2_P21IFR_C01102,R118-P2,R118-P2_P21IFR,C4P9347001MJCQ83X,GV293720002P2T02N,FM7934401U8N0LH14+V1J,C47935301BNMW5D2A,13 00 00 00 02 ,13 00 00 00 00,370,0x0172,3,0x03,2,02,1286,0x0506,A0 02 00 0B 00 0B 00 0B ,0,0x00,,0x0D,,0x0D,Pass,02 01 02 02 4A ,02 01 02 02 4A,Read_MLB_Lang :02 01 02 02 4A  ,  Get_KBD_Lang :02 01 02 02 4A,16,0x10,8704,0,0,0,0,0,0,0,0,0,0,0,0,16777216,0,0,0,0,0,16842752,16777216,0,0,0,0,17372165,100665620,33751040,,13,13,
FXLH,R118,FTPZF02HP3HR,,R118-P2_P21AEN-LO,,FXLH_F05-4FT-02_2_GATEKEEPER,FAIL,09-23-19:39:13,62.45,V1.1.3.2,Check_All_CB,FTPZF02HP3HR,Atlas 1.9.2,FTPZF02HP3HR,V1.1.3.2,1,3,0,0,0,3,0,0,0,3,0,0,0,3,0,0,0,3,0,1,1,3,0,0,0,0,0,0,0,3,0,0,0,3,0,0,0,3,0,0,0,15 00 00 00 ,FTPZF02HP3HR,Pass,DLX9382002RN6R52R,WMT-J90020,R118-P2_P21AEN-LO_C00984,R118-P2,R118-P2_P21AEN-LO,C4P9374000SJCPP3B,GV293720019N3LN2D,FM793660029N0LH16+VLJ,C47935303MWMW5D24,13 00 00 00 02 ,13 00 00 00 00,370,0x0172,3,0x03,2,02,1286,0x0506,A0 02 00 0B 00 0B 00 0B ,0,0x00,33,0x21,33,0x21,Pass,02 01 01 05 49 ,02 01 01 05 49,Read_MLB_Lang :02 01 01 05 49  ,  Get_KBD_Lang :02 01 01 05 49,16,0x10,8704,0,0,0,0,0,0,0,0,0,0,0,0,16777216,0,0,0,0,0,16842752,16777216,0,0,0,0,17372165,100665620,33751040,,,,
FXLH,R118,FTPZF00CP3J1,,R118-P2_P21IFR,,FXLH_F05-4FT-02_2_GATEKEEPER,FAIL,09-23-19:40:43,54.77,V1.1.3.2,Check_All_CB,FTPZF00CP3J1,Atlas 1.9.2,FTPZF00CP3J1,V1.1.3.2,1,3,0,0,0,3,0,0,0,3,0,0,0,3,0,0,0,3,0,0,0,3,0,0,0,0,0,0,0,3,0,0,0,3,0,0,0,3,0,0,0,15 00 00 00 ,FTPZF00CP3J1,Pass,DLX9382008AN6R52N,WMT-J9002B,R118-P2_P21IFR_C01108,R118-P2,R118-P2_P21IFR,C4P9347000GJCQ835,GV29372000CP2T02C,FM7934401QBN0LH1D+V1J,C4793530495MW5D2W,13 00 00 00 02 ,13 00 00 00 00,370,0x0172,3,0x03,2,02,1286,0x0506,A0 02 00 0B 00 0B 00 0B ,0,0x00,,0x0D,,0x0D,Pass,02 01 02 02 4A ,02 01 02 02 4A,Read_MLB_Lang :02 01 02 02 4A  ,  Get_KBD_Lang :02 01 02 02 4A,16,0x10,8704,0,0,0,0,0,0,0,0,0,0,0,0,16777216,0,0,0,0,0,16842752,16777216,0,0,0,0,17372165,100665620,33751040,,13,13,
FXLH,R118,FTPZF02CP3HR,,R118-P2_P21AEN-LO,,FXLH_F05-4FT-02_2_GATEKEEPER,FAIL,09-23-19:49:26,49.27,V1.1.3.2,Check_All_CB,FTPZF02CP3HR,Atlas 1.9.2,FTPZF02CP3HR,V1.1.3.2,1,3,0,0,0,3,0,0,0,3,0,0,0,3,0,1,1,3,0,0,0,3,0,0,0,0,0,0,0,3,0,1,1,3,0,0,0,3,0,0,0,15 00 00 00 ,FTPZF02CP3HR,Pass,DLX9382002SN6R52Q,WMT-J90020,R118-P2_P21AEN-LO_C00943,R118-P2,R118-P2_P21AEN-LO,C4P9374004RJCPP30,GV293720013N3LN2K,FM79366002TN0LH1N+VLJ,C4793530387MW5D2Y,13 00 00 00 02 ,13 00 00 00 00,370,0x0172,3,0x03,2,02,1286,0x0506,A0 02 00 0B 00 0B 00 0B ,0,0x00,33,0x21,33,0x21,Pass,02 01 01 05 49 ,02 01 01 05 49,Read_MLB_Lang :02 01 01 05 49  ,  Get_KBD_Lang :02 01 01 05 49,16,0x10,8704,0,0,0,0,0,0,0,0,0,0,0,0,16777216,0,0,0,0,0,16842752,16777216,0,0,0,0,17372165,100665620,33751040,,,,
FXLH,R118,FTPZF00KP3HX,,R118-P2_P21IG,,FXLH_F05-4FT-02_2_GATEKEEPER,FAIL,09-23-19:53:47,44.58,V1.1.3.2,Check_All_CB,FTPZF00KP3HX,Atlas 1.9.2,FTPZF00KP3HX,V1.1.3.2,1,3,0,0,0,3,0,0,0,3,0,0,0,3,0,0,0,3,0,0,0,0,0,0,0,0,0,0,0,3,0,0,0,3,0,0,0,3,0,0,0,15 00 00 00 ,FTPZF00KP3HX,Pass,DLX9375009JN6R52B,WMT-J90029,R118-P2_P21IG_C01083,R118-P2,R118-P2_P21IG,C4P9347000MJCQ53,GV29372001ZP2T02N,FM7934401LXN0LH15+V1J,CR193560091MW5D1F,13 00 00 00 02 ,13 00 00 00 00,370,0x0172,3,0x03,2,02,1286,0x0506,A0 02 00 0B 00 0B 00 0B ,0,0x00,,0x0D,,0x0D,Pass,02 01 02 01 4A ,02 01 02 01 4A,Read_MLB_Lang :02 01 02 01 4A  ,  Get_KBD_Lang :02 01 02 01 4A,16,0x10,8704,0,0,0,0,0,0,0,0,0,0,0,0,16777216,0,0,0,0,0,16842752,16777216,0,0,0,0,17372165,100665620,33751040,,13,13,
FXLH,R118,FTPZF00EP3HV,,R118-P2_P21IB,,FXLH_F05-4FT-02_2_GATEKEEPER,FAIL,09-23-19:56:04,44.52,V1.1.3.2,Check_All_CB,FTPZF00EP3HV,Atlas 1.9.2,FTPZF00EP3HV,V1.1.3.2,1,3,0,0,0,3,0,0,0,3,0,0,0,3,0,0,0,3,0,0,0,3,0,0,0,0,0,0,0,3,0,0,0,3,0,0,0,3,0,0,0,15 00 00 00 ,FTPZF00EP3HV,Pass,DLX9382005PN6R52J,WMT-J9002A,R118-P2_P21IB_C01098,R118-P2,R118-P2_P21IB,C4P9345000UJCQ033,GV29372000XP2T02T,FM7934401KYN0LH17+V1J,CR19356009VMW5D1M,13 00 00 00 02 ,13 00 00 00 00,370,0x0172,3,0x03,2,02,1286,0x0506,A0 02 00 0B 00 0B 00 0B ,0,0x00,,0x0D,,0x0D,Pass,02 01 02 06 4A ,02 01 02 06 4A,Read_MLB_Lang :02 01 02 06 4A  ,  Get_KBD_Lang :02 01 02 06 4A,16,0x10,8704,0,0,0,0,0,0,0,0,0,0,0,0,16777216,0,0,0,0,0,16842752,16777216,0,0,0,0,17372165,100665620,33751040,,13,13,
FXLH,R118,,,,,FXLH_F05-4FT-02_2_GATEKEEPER,FAIL,09-23-20:02:53,49.43,V1.1.3.2,Scan_FG_SN; Start Data Reporting; Start Control Bits; Check_All_CB; Compare_FG_SN; Get_SFC_Info; WO_SN; UNIT_LBL; BUILD_EVENT; BUILD_MATRIX_CONFIG; UNIT#; S_BUILD; KBM_SN; BACKLIGHT_SN; TRACKPAD_SN; TOUCH_FLEX_SN; Get_KBD_Lang; Check_KBD_Lang; Finish DRCB,,,,,,3,0,0,0,3,0,0,0,3,0,0,0,3,0,0,0,3,0,0,0,3,0,0,0,0,0,0,0,3,0,0,0,3,0,0,0,3,0,0,0,15 00 00 00 ,FTPZF00RP3HX,Fail,DLX93750095N6R52Q,,,,,,,,,13 00 00 00 02 ,13 00 00 00 00,370,0x0172,3,0x03,2,02,1286,0x0506,A0 02 00 0B 00 0B 00 0B ,0,0x00,,0x0D,,0x0D,Pass,02 01 02 01 4A ,,,16,0x10,8704,0,0,0,0,0,0,0,0,0,0,0,0,16777216,0,0,0,0,0,16842752,16777216,0,0,0,0,17372165,100665620,33751040,,13,13,
FXLH,R118,FTPZF00HP3J1,,R118-P2_P21IFR,,FXLH_F05-4FT-02_2_GATEKEEPER,FAIL,09-23-20:06:59,55.93,V1.1.3.2,Check_All_CB,FTPZF00HP3J1,Atlas 1.9.2,FTPZF00HP3J1,V1.1.3.2,1,3,0,0,0,3,0,0,0,3,0,0,0,3,0,0,0,3,0,0,0,3,0,0,0,0,0,0,0,3,0,0,0,3,0,0,0,3,0,0,0,15 00 00 00 ,FTPZF00HP3J1,Pass,DLX9382007JN6R52H,WMT-J9002B,R118-P2_P21IFR_C01103,R118-P2,R118-P2_P21IFR,C4P9347000RJCQ83W,GV293720005P2T02K,FM7934401TFN0LH10+V1J,C47935304AKMW5D2D,13 00 00 00 02 ,13 00 00 00 00,370,0x0172,3,0x03,2,02,1286,0x0506,A0 02 00 0B 00 0B 00 0B ,0,0x00,,0x0D,,0x0D,Pass,02 01 02 02 4A ,02 01 02 02 4A,Read_MLB_Lang :02 01 02 02 4A  ,  Get_KBD_Lang :02 01 02 02 4A,16,0x10,8704,0,0,0,0,0,0,0,0,0,0,0,0,16777216,0,0,0,0,0,16842752,16777216,0,0,0,0,17372165,100665620,33751040,,13,13,
FXLH,R118,FTPZF00BP3HX,,R118-P2_P21IG,,FXLH_F05-4FT-02_2_GATEKEEPER,FAIL,09-23-20:09:20,49.51,V1.1.3.2,Check_All_CB,FTPZF00BP3HX,Atlas 1.9.2,FTPZF00BP3HX,V1.1.3.2,1,3,0,0,0,3,0,0,0,3,0,0,0,3,0,0,0,3,0,1,1,3,0,0,0,0,0,0,0,3,0,0,0,3,0,0,0,3,0,0,0,15 00 00 00 ,FTPZF00BP3HX,Pass,DLX93750094N6R52R,WMT-J90029,R118-P2_P21IG_C01091,R118-P2,R118-P2_P21IG,C4P93470013JCQ53J,GV29372002VP2T02P,FM79344016XN0LH1D+V1J,C47935304A7MW5D2R,13 00 00 00 02 ,13 00 00 00 00,370,0x0172,3,0x03,2,02,1286,0x0506,A0 02 00 0B 00 0B 00 0B ,0,0x00,,0x0D,,0x0D,Pass,02 01 02 01 4A ,02 01 02 01 4A,Read_MLB_Lang :02 01 02 01 4A  ,  Get_KBD_Lang :02 01 02 01 4A,16,0x10,8704,0,0,0,0,0,0,0,0,0,0,0,0,16777216,0,0,0,0,0,16842752,16777216,0,0,0,0,17372165,100665620,33751040,,13,13,
FXLH,R118,FTPZF00JP3HX,,R118-P2_P21IG,,FXLH_F05-4FT-02_2_GATEKEEPER,FAIL,09-23-20:14:57,51.12,V1.1.3.2,Check_All_CB,FTPZF00JP3HX,Atlas 1.9.2,FTPZF00JP3HX,V1.1.3.2,1,3,0,0,0,3,0,0,0,3,0,0,0,3,0,0,0,3,0,1,1,3,0,0,0,0,0,0,0,3,0,0,0,3,0,0,0,3,0,3,3,15 00 00 00 ,FTPZF00JP3HX,Pass,DLX9375009VN6R520,WMT-J90029,R118-P2_P21IG_C01084,R118-P2,R118-P2_P21IG,C4P9347001JJCQ533,GV293720029P2T029,FM7934401L4N0LH1Y+V1J,C47935303GTMW5D2N,13 00 00 00 02 ,13 00 00 00 00,370,0x0172,3,0x03,2,02,1286,0x0506,A0 02 00 0B 00 0B 00 0B ,0,0x00,,0x0D,,0x0D,Pass,02 01 02 01 4A ,02 01 02 01 4A,Read_MLB_Lang :02 01 02 01 4A  ,  Get_KBD_Lang :02 01 02 01 4A,16,0x10,8704,0,0,0,0,0,0,0,0,0,0,0,0,16777216,0,0,0,0,0,16842752,16777216,0,0,0,0,17372165,100665620,33751040,,13,13,
FXLH,R118,FTPZF00GP3HX,,R118-P2_P21IG,,FXLH_F05-4FT-02_2_GATEKEEPER,FAIL,09-23-20:25:21,42.65,V1.1.3.2,Check_All_CB,FTPZF00GP3HX,Atlas 1.9.2,FTPZF00GP3HX,V1.1.3.2,1,3,0,0,0,3,0,0,0,3,0,0,0,3,0,0,0,3,0,0,0,3,0,0,0,0,0,0,0,3,0,0,0,3,0,0,0,3,0,0,0,15 00 00 00 ,FTPZF00GP3HX,Pass,DLX937600Q1N6R52G,WMT-J90029,R118-P2_P21IG_C01086,R118-P2,R118-P2_P21IG,C4P93470018JCQ53D,GV29372002EP2T024,FM7934401N6N0LH1Q+V1J,C479353047DMW5D2U,13 00 00 00 02 ,13 00 00 00 00,370,0x0172,3,0x03,2,02,1286,0x0506,A0 02 00 0B 00 0B 00 0B ,0,0x00,,0x0D,,0x0D,Pass,02 01 02 01 4A ,02 01 02 01 4A,Read_MLB_Lang :02 01 02 01 4A  ,  Get_KBD_Lang :02 01 02 01 4A,16,0x10,8704,0,0,0,0,0,0,0,0,0,0,0,0,16777216,0,0,0,0,0,16842752,16777216,0,0,0,0,17372165,100665620,33751040,,13,13,
FXLH,R118,FTPZF00BP3J1,,R118-P2_P21IFR,,FXLH_F05-4FT-02_2_GATEKEEPER,FAIL,09-23-20:39:11,50.62,V1.1.3.2,Check_All_CB,FTPZF00BP3J1,Atlas 1.9.2,FTPZF00BP3J1,V1.1.3.2,1,3,0,0,0,3,0,0,0,3,0,0,0,3,0,0,0,3,0,0,0,3,0,0,0,0,0,0,0,3,0,0,0,3,0,0,0,3,0,0,0,15 00 00 00 ,FTPZF00BP3J1,Pass,DLX93820023N6R52D,WMT-J9002B,R118-P2_P21IFR_C01109,R118-P2,R118-P2_P21IFR,C4P9347000XJCQ83Q,GV293720001P2T02P,FM7934401LZN0LH13+V1J,C479353047ZMW5D28,13 00 00 00 02 ,13 00 00 00 00,370,0x0172,3,0x03,2,02,1286,0x0506,A0 02 00 0B 00 0B 00 0B ,0,0x00,,0x0D,,0x0D,Pass,02 01 02 02 4A ,02 01 02 02 4A,Read_MLB_Lang :02 01 02 02 4A  ,  Get_KBD_Lang :02 01 02 02 4A,16,0x10,8704,0,0,0,0,0,0,0,0,0,0,0,0,16777216,0,0,0,0,0,16842752,16777216,0,0,0,0,17372165,100665620,33751040,,13,13,
FXLH,R118,FTPZF00HP3HV,,R118-P2_P21IB,,FXLH_F05-4FT-02_2_GATEKEEPER,FAIL,09-23-20:43:32,44.67,V1.1.3.2,Check_All_CB,FTPZF00HP3HV,Atlas 1.9.2,FTPZF00HP3HV,V1.1.3.2,1,3,0,0,0,3,0,0,0,3,0,0,0,3,0,0,0,3,0,0,0,3,0,0,0,0,0,0,0,3,0,0,0,3,0,0,0,3,0,0,0,15 00 00 00 ,FTPZF00HP3HV,Pass,DLX9382002BN6R525,WMT-J9002A,R118-P2_P21IB_C01095,R118-P2,R118-P2_P21IB,C4P93450018JCQ03L,GV29372000UP2T02W,FM7934401AMN0LH1B+V1J,C479353017WMW5D2E,13 00 00 00 02 ,13 00 00 00 00,370,0x0172,3,0x03,2,02,1286,0x0506,A0 02 00 0B 00 0B 00 0B ,0,0x00,,0x0D,,0x0D,Pass,02 01 02 06 4A ,02 01 02 06 4A,Read_MLB_Lang :02 01 02 06 4A  ,  Get_KBD_Lang :02 01 02 06 4A,16,0x10,8704,0,0,0,0,0,0,0,0,0,0,0,0,16777216,0,0,0,0,0,16842752,16777216,0,0,0,0,17372165,100665620,33751040,,13,13,
FXLH,R118,FT%ZF00DP3HX,,,,FXLH_F05-4FT-02_2_GATEKEEPER,FAIL,09-23-20:50:14,50.98,V1.1.3.2,Start Data Reporting; Start Control Bits; Check_All_CB; Compare_FG_SN; WO_SN; UNIT_LBL; BUILD_EVENT; BUILD_MATRIX_CONFIG; UNIT#; S_BUILD; KBM_SN; BACKLIGHT_SN; TRACKPAD_SN; TOUCH_FLEX_SN; Finish DRCB,FT%ZF00DP3HX,,,,,3,0,0,0,3,0,0,0,3,0,0,0,3,0,0,0,3,0,0,0,3,0,0,0,0,0,0,0,3,0,0,0,3,0,0,0,3,0,0,0,15 00 00 00 ,FTPZF00DP3HX,Fail,DLX937600QNN6R52V,,,,,,,,,13 00 00 00 02 ,13 00 00 00 00,370,0x0172,3,0x03,2,02,1286,0x0506,A0 02 00 0B 00 0B 00 0B ,0,0x00,,0x0D,,0x0D,Pass,02 01 02 01 4A ,02 01 02 01 4A,Read_MLB_Lang :02 01 02 01 4A  ,  Get_KBD_Lang :02 01 02 01 4A,16,0x10,8704,0,0,0,0,0,0,0,0,0,0,0,0,16777216,0,0,0,0,0,16842752,16777216,0,0,0,0,17372165,100665620,33751040,,13,13,
FXLH,R118,FTPZF00DP3HX,,R118-P2_P21IG,,FXLH_F05-4FT-02_2_GATEKEEPER,FAIL,09-24-08:10:09,54.31,V1.1.3.2,Check_All_CB,FTPZF00DP3HX,Atlas 1.9.2,FTPZF00DP3HX,V1.1.3.2,1,3,0,0,0,3,0,0,0,3,0,0,0,3,0,0,0,3,0,0,0,3,0,0,0,0,0,0,0,3,0,0,0,3,0,0,0,3,0,0,0,15 00 00 00 ,FTPZF00DP3HX,Pass,DLX937600QNN6R52V,WMT-J90029,R118-P2_P21IG_C01089,R118-P2,R118-P2_P21IG,C4P9347000HJCQ537,GV293720023P2T02F,FM7934401K1N0LH14+V1J,C479353047RMW5D2G,13 00 00 00 00 ,13 00 00 00 00,370,0x0172,3,0x03,2,02,1286,0x0506,A0 02 00 0B 00 0B 00 0B ,0,0x00,,0x0D,,0x0D,Pass,02 01 02 01 4A ,02 01 02 01 4A,Read_MLB_Lang :02 01 02 01 4A  ,  Get_KBD_Lang :02 01 02 01 4A,16,0x10,8704,0,0,0,0,0,0,0,0,0,0,0,0,16777216,0,0,0,0,0,16842752,16777216,0,0,0,0,17372165,100665620,33751040,,13,13,
FXLH,R118,FTPZF005P3J0,,R118-P2_P21ISP,,FXLH_F05-4FT-02_2_GATEKEEPER,FAIL,09-24-08:24:46,60.34,V1.1.3.2,Check_All_CB,FTPZF005P3J0,Atlas 1.9.2,FTPZF005P3J0,V1.1.3.2,1,3,0,0,0,3,0,0,0,3,0,0,0,3,0,0,0,3,0,0,0,3,0,0,0,0,0,0,0,3,0,0,0,3,0,0,0,3,0,0,0,15 00 00 00 ,FTPZF005P3J0,Pass,DLX9375008CN6R52L,WMT-J9002C,R118-P2_P21ISP_C01122,R118-P2,R118-P2_P21ISP,C4P9345000CJCQ73C,GV29367003SP2T02M,FM7934401MWN0LH13+V1J,CR1935600AGMW5D1X,13 00 00 00 02 ,13 00 00 00 00,370,0x0172,3,0x03,2,02,1286,0x0506,A0 02 00 0B 00 0B 00 0B ,0,0x00,,0x0D,,0x0D,Pass,02 01 02 07 4A ,02 01 02 07 4A,Read_MLB_Lang :02 01 02 07 4A  ,  Get_KBD_Lang :02 01 02 07 4A,16,0x10,8704,0,0,0,0,0,0,0,0,0,0,0,0,16777216,0,0,0,0,0,16842752,16777216,0,0,0,0,17372165,100665620,33751040,,13,13,
FXLH,R118,FTPZF00LP3HX,,R118-P2_P21IG,,FXLH_F05-4FT-02_2_GATEKEEPER,FAIL,09-24-08:30:51,45.21,V1.1.3.2,Check_All_CB,FTPZF00LP3HX,Atlas 1.9.2,FTPZF00LP3HX,V1.1.3.2,1,3,0,0,0,3,0,0,0,3,0,0,0,3,0,0,0,3,0,0,0,3,0,0,0,0,0,0,0,3,0,0,0,3,0,0,0,3,0,0,0,15 00 00 00 ,FTPZF00LP3HX,Pass,DLX937500CNN6R52Y,WMT-J90029,R118-P2_P21IG_C01082,R118-P2,R118-P2_P21IG,C4P93470010JCQ53M,GV29372002KP2T02Z,FM7934401KDN0LH1S+V1J,C479353048BMW5D2T,13 00 00 00 02 ,13 00 00 00 00,370,0x0172,3,0x03,2,02,1286,0x0506,A0 02 00 0B 00 0B 00 0B ,0,0x00,,0x0D,,0x0D,Pass,02 01 02 01 4A ,02 01 02 01 4A,Read_MLB_Lang :02 01 02 01 4A  ,  Get_KBD_Lang :02 01 02 01 4A,16,0x10,8704,0,0,0,0,0,0,0,0,0,0,0,0,16777216,0,0,0,0,0,16842752,16777216,0,0,0,0,17372165,100665620,33751040,,13,13,
FXLH,R118,FTPZF00EP3HX,,R118-P2_P21IG,,FXLH_F05-4FT-02_2_GATEKEEPER,FAIL,09-24-08:37:18,47.41,V1.1.3.2,Check_All_CB,FTPZF00EP3HX,Atlas 1.9.2,FTPZF00EP3HX,V1.1.3.2,1,3,0,0,0,3,0,0,0,3,0,0,0,3,0,0,0,3,0,0,0,3,0,0,0,0,0,0,0,3,0,0,0,3,0,0,0,3,0,0,0,15 00 00 00 ,FTPZF00EP3HX,Pass,DLX937500CEN6R526,WMT-J90029,R118-P2_P21IG_C01088,R118-P2,R118-P2_P21IG,C4P9347001LJCQ531,GV29372002FP2T023,FM7934401WDN0LH1T+V1J,C479353009NMW5D2H,13 00 00 00 02 ,13 00 00 00 00,370,0x0172,3,0x03,2,02,1286,0x0506,A0 02 00 0B 00 0B 00 0B ,0,0x00,,0x0D,,0x0D,Pass,02 01 02 01 4A ,02 01 02 01 4A,Read_MLB_Lang :02 01 02 01 4A  ,  Get_KBD_Lang :02 01 02 01 4A,16,0x10,8704,0,0,0,0,0,0,0,0,0,0,0,0,16777216,0,0,0,0,0,16842752,16777216,0,0,0,0,17372165,100665620,33751040,,13,13,
FXLH,R118,FTPZF00BP3HV,,R118-P2_P21IB,,FXLH_F05-4FT-02_2_GATEKEEPER,FAIL,09-24-08:38:54,44.07,V1.1.3.2,Check_All_CB,FTPZF00BP3HV,Atlas 1.9.2,FTPZF00BP3HV,V1.1.3.2,1,3,0,0,0,3,0,0,0,3,0,0,0,3,0,0,0,3,0,0,0,3,0,0,0,0,0,0,0,3,0,0,0,3,0,0,0,3,0,0,0,15 00 00 00 ,FTPZF00BP3HV,Pass,DLX93820020N6R52G,WMT-J9002A,R118-P2_P21IB_C01101,R118-P2,R118-P2_P21IB,C4P9345001HJCQ03B,GV29372000VP2T02V,FM7934401AUN0LH14+V1J,CR193560190MW5D1F,13 00 00 00 02 ,13 00 00 00 00,370,0x0172,3,0x03,2,02,1286,0x0506,A0 02 00 0B 00 0B 00 0B ,0,0x00,,0x0D,,0x0D,Pass,02 01 02 06 4A ,02 01 02 06 4A,Read_MLB_Lang :02 01 02 06 4A  ,  Get_KBD_Lang :02 01 02 06 4A,16,0x10,8704,0,0,0,0,0,0,0,0,0,0,0,0,16777216,0,0,0,0,0,16842752,16777216,0,0,0,0,17372165,100665620,33751040,,13,13,
FXLH,R118,FTPZF00CP3HV,,R118-P2_P21IB,,FXLH_F05-4FT-02_2_GATEKEEPER,FAIL,09-24-08:49:59,44.50,V1.1.3.2,Check_All_CB,FTPZF00CP3HV,Atlas 1.9.2,FTPZF00CP3HV,V1.1.3.2,1,3,0,0,0,3,0,0,0,3,0,0,0,3,0,0,0,3,0,0,0,3,0,2,2,0,0,0,0,3,0,0,0,3,0,0,0,3,0,0,0,15 00 00 00 ,FTPZF00CP3HV,Pass,DLX9382008YN6R520,WMT-J9002A,R118-P2_P21IB_C01100,R118-P2,R118-P2_P21IB,C4P93450013JCQ03R,GV293720016P2T02F,FM7934401T4N0LH1B+V1J,CR1935600BKMW5D1R,13 00 00 00 02 ,13 00 00 00 00,370,0x0172,3,0x03,2,02,1286,0x0506,A0 02 00 0B 00 0B 00 0B ,0,0x00,,0x0D,,0x0D,Pass,02 01 02 06 4A ,02 01 02 06 4A,Read_MLB_Lang :02 01 02 06 4A  ,  Get_KBD_Lang :02 01 02 06 4A,16,0x10,8704,0,0,0,0,0,0,0,0,0,0,0,0,16777216,0,0,0,0,0,16842752,16777216,0,0,0,0,17372165,100665620,33751040,,13,13,
FXLH,R118,FTPZF005P3J9,,R118-P2_P21ISWI,,FXLH_F05-4FT-02_2_GATEKEEPER,FAIL,09-24-08:52:11,44.47,V1.1.3.2,Check_All_CB,FTPZF005P3J9,Atlas 1.9.2,FTPZF005P3J9,V1.1.3.2,1,3,0,0,0,3,0,0,0,3,0,0,0,3,0,0,0,3,0,0,0,3,0,0,0,0,0,0,0,3,0,0,0,3,0,0,0,3,0,0,0,15 00 00 00 ,FTPZF005P3J9,Pass,DLX9382008ZN6R52Z,WMT-J9002E,R118-P2_P21ISWI_C01132,R118-P2,R118-P2_P21ISWI,C4P9347001NN34G3B,GV293720007P2T02H,FM7934401M7N0LH1S+V1J,CR1935600ADMW5D10,13 00 00 00 02 ,13 00 00 00 00,370,0x0172,3,0x03,2,02,1286,0x0506,A0 02 00 0B 00 0B 00 0B ,0,0x00,,0x0D,,0x0D,Pass,02 01 02 11 4A ,02 01 02 11 4A,Read_MLB_Lang :02 01 02 11 4A  ,  Get_KBD_Lang :02 01 02 11 4A,16,0x10,8704,0,0,0,0,0,0,0,0,0,0,0,0,16777216,0,0,0,0,0,16842752,16777216,0,0,0,0,17372165,100665620,33751040,,13,13,
FXLH,R118,FTPZF020P3HR,,R118-P2_P21AEN-LO,,FXLH_F05-4FT-02_2_GATEKEEPER,FAIL,09-24-08:59:12,50.70,V1.1.3.2,Check_All_CB,FTPZF020P3HR,Atlas 1.9.2,FTPZF020P3HR,V1.1.3.2,1,3,0,0,0,3,0,0,0,3,0,0,0,3,0,0,0,3,0,0,0,3,0,0,0,0,0,0,0,3,0,0,0,3,0,0,0,3,0,0,0,15 00 00 00 ,FTPZF020P3HR,Pass,DLX9382004HN6R52T,WMT-J90020,R118-P2_P21AEN-LO_C00951,R118-P2,R118-P2_P21AEN-LO,C4P9374004QJCPP31,GV293720018N3LN2E,FM79366002CN0LH13+VLJ,C479353056XMW5D2C,13 00 00 00 02 ,13 00 00 00 00,370,0x0172,3,0x03,2,02,1286,0x0506,A0 02 00 0B 00 0B 00 0B ,0,0x00,33,0x21,33,0x21,Pass,02 01 01 05 49 ,02 01 01 05 49,Read_MLB_Lang :02 01 01 05 49  ,  Get_KBD_Lang :02 01 01 05 49,16,0x10,8704,0,0,0,0,0,0,0,0,0,0,0,0,16777216,0,0,0,0,0,16842752,16777216,0,0,0,0,17372165,100665620,33751040,,,,
FXLH,R118,FTPZF00LP3HV,,R118-P2_P21IB,,FXLH_F05-4FT-02_2_GATEKEEPER,FAIL,09-24-09:05:03,56.77,V1.1.3.2,Check_All_CB,FTPZF00LP3HV,Atlas 1.9.2,FTPZF00LP3HV,V1.1.3.2,1,3,0,0,0,3,0,0,0,3,0,0,0,3,0,0,0,3,0,2,2,3,0,1,1,0,0,0,0,3,0,0,0,3,0,0,0,3,0,0,0,15 00 00 00 ,FTPZF00LP3HV,Pass,DLX9382008WN6R522,WMT-J9002A,R118-P2_P21IB_C01092,R118-P2,R118-P2_P21IB,C4P9345000YJCQ03Z,GV29372000YP2T02S,FM7934401T9N0LH16+V1J,CR1935600AUMW5D1K,13 00 00 00 02 ,13 00 00 00 00,370,0x0172,3,0x03,2,02,1286,0x0506,A0 02 00 0B 00 0B 00 0B ,0,0x00,,0x0D,,0x0D,Pass,02 01 02 06 4A ,02 01 02 06 4A,Read_MLB_Lang :02 01 02 06 4A  ,  Get_KBD_Lang :02 01 02 06 4A,16,0x10,8704,0,0,0,0,0,0,0,0,0,0,0,0,16777216,0,0,0,0,0,16842752,16777216,0,0,0,0,17372165,100665620,33751040,,13,13,
FXLH,R118,FTPZF006P3J8,,R118-P2_P21ISWE,,FXLH_F05-4FT-02_2_GATEKEEPER,FAIL,09-24-09:41:19,53.64,V1.1.3.2,Check_All_CB,FTPZF006P3J8,Atlas 1.9.2,FTPZF006P3J8,V1.1.3.2,1,3,0,0,0,3,0,0,0,3,0,0,0,3,0,0,0,3,0,0,0,3,0,0,0,0,0,0,0,3,0,0,0,3,0,0,0,3,0,0,0,15 00 00 00 ,FTPZF006P3J8,Pass,DLX9382007VN6R526,WMT-J9002F,R118-P2_P21ISWE_C01140,R118-P2,R118-P2_P21ISWE,C4P9345001HJCQM3Q,GV29367001XP2T02N,FM7934401J7N0LH11+V1J,C47935308FVMW5D2J,13 00 00 00 02 ,13 00 00 00 00,370,0x0172,3,0x03,2,02,1286,0x0506,A0 02 00 0B 00 0B 00 0B ,0,0x00,,0x0D,,0x0D,Pass,02 01 02 08 4A ,02 01 02 08 4A,Read_MLB_Lang :02 01 02 08 4A  ,  Get_KBD_Lang :02 01 02 08 4A,16,0x10,8704,0,0,0,0,0,0,0,0,0,0,0,0,16777216,0,0,0,0,0,16842752,16777216,0,0,0,0,17372165,100665620,33751040,,13,13,
FXLH,R118,FTPZF002P3J8,,R118-P2_P21ISWE,,FXLH_F05-4FT-02_2_GATEKEEPER,FAIL,09-24-09:45:36,43.86,V1.1.3.2,Check_All_CB,FTPZF002P3J8,Atlas 1.9.2,FTPZF002P3J8,V1.1.3.2,1,3,0,0,0,3,0,0,0,3,0,0,0,3,0,1,1,3,0,0,0,3,0,0,0,0,0,0,0,3,0,0,0,3,0,0,0,3,0,0,0,15 00 00 00 ,FTPZF002P3J8,Pass,DLX9382006GN6R52N,WMT-J9002F,R118-P2_P21ISWE_C01144,R118-P2,R118-P2_P21ISWE,C4P93450008JCQM32,GV29367002JP2T02Y,FM7934401DWN0LH1T+V1J,C47935308CTMW5D2V,13 00 00 00 02 ,13 00 00 00 00,370,0x0172,3,0x03,2,02,1286,0x0506,A0 02 00 0B 00 0B 00 0B ,0,0x00,,0x0D,,0x0D,Pass,02 01 02 08 4A ,02 01 02 08 4A,Read_MLB_Lang :02 01 02 08 4A  ,  Get_KBD_Lang :02 01 02 08 4A,16,0x10,8704,0,0,0,0,0,0,0,0,0,0,0,0,16777216,0,0,0,0,0,16842752,16777216,0,0,0,0,17372165,100665620,33751040,,13,13,
FXLH,R118,FTPZF008P3J8,,R118-P2_P21ISWE,,FXLH_F05-4FT-02_2_GATEKEEPER,FAIL,09-24-09:56:39,43.92,V1.1.3.2,Check_All_CB,FTPZF008P3J8,Atlas 1.9.2,FTPZF008P3J8,V1.1.3.2,1,3,0,0,0,3,0,0,0,3,0,0,0,3,0,0,0,3,0,0,0,3,0,0,0,0,0,0,0,3,0,0,0,3,0,0,0,3,0,0,0,15 00 00 00 ,FTPZF008P3J8,Pass,DLX9382006KN6R52K,WMT-J9002F,R118-P2_P21ISWE_C01138,R118-P2,R118-P2_P21ISWE,C4P9345001MJCQM3L,GV293670025P2T02B,FM7934401T0N0LH1F+V1J,C47935305D5MW5D2H,13 00 00 00 02 ,13 00 00 00 00,370,0x0172,3,0x03,2,02,1286,0x0506,A0 02 00 0B 00 0B 00 0B ,0,0x00,,0x0D,,0x0D,Pass,02 01 02 08 4A ,02 01 02 08 4A,Read_MLB_Lang :02 01 02 08 4A  ,  Get_KBD_Lang :02 01 02 08 4A,16,0x10,8704,0,0,0,0,0,0,0,0,0,0,0,0,16777216,0,0,0,0,0,16842752,16777216,0,0,0,0,17372165,100665620,33751040,,13,13,
FXLH,R118,FTPZF00GP3HV,,R118-P2_P21IB,,FXLH_F05-4FT-02_2_GATEKEEPER,FAIL,09-24-10:10:44,44.51,V1.1.3.2,Check_All_CB,FTPZF00GP3HV,Atlas 1.9.2,FTPZF00GP3HV,V1.1.3.2,1,3,0,0,0,3,0,0,0,3,0,0,0,3,0,0,0,3,0,1,1,3,0,0,0,0,0,0,0,3,0,0,0,3,0,0,0,3,0,0,0,15 00 00 00 ,FTPZF00GP3HV,Pass,DLX9382005ZN6R528,WMT-J9002A,R118-P2_P21IB_C01096,R118-P2,R118-P2_P21IB,C4P93450012JCQ03S,GV29372000NP2T022,FM7934401JJN0LH1Q+V1J,C4793530479MW5D2Y,13 00 00 00 02 ,13 00 00 00 00,370,0x0172,3,0x03,2,02,1286,0x0506,A0 02 00 0B 00 0B 00 0B ,0,0x00,,0x0D,,0x0D,Pass,02 01 02 06 4A ,02 01 02 06 4A,Read_MLB_Lang :02 01 02 06 4A  ,  Get_KBD_Lang :02 01 02 06 4A,16,0x10,8704,0,0,0,0,0,0,0,0,0,0,0,0,16777216,0,0,0,0,0,16842752,16777216,0,0,0,0,17372165,100665620,33751040,,13,13,
FXLH,R118,FTPZD078P3HR,,R118-P2_P21AEN-1,,FXLH_F05-4FT-02_2_GATEKEEPER,FAIL,09-24-10:19:44,44.65,V1.1.3.2,Check_All_CB,FTPZD078P3HR,Atlas 1.9.2,FTPZD078P3HR,V1.1.3.2,1,3,0,0,0,3,0,0,0,3,0,1,1,3,0,0,0,3,0,1,1,3,0,0,0,0,0,0,0,3,0,0,0,3,0,1,1,3,0,0,0,15 00 00 00 ,FTPZD078P3HR,Pass,DLX937500G9N6R52Z,WMT-J90018,R118-P2_P21AEN-1_C00667,R118-P2,R118-P2_P21AEN-1,C4P932200FVJCPP3E,GV29364006BN3LN2X,FM7934401D6N0LH1H+V1J,C47935308LPMW5D29,13 00 00 00 02 ,13 00 00 00 00,370,0x0172,3,0x03,2,02,1286,0x0506,A0 02 00 0B 00 0B 00 0B ,0,0x00,33,0x21,33,0x21,Pass,02 01 01 05 49 ,02 01 01 05 49,Read_MLB_Lang :02 01 01 05 49  ,  Get_KBD_Lang :02 01 01 05 49,16,0x10,8704,0,0,0,0,0,0,0,0,0,0,0,0,16777216,0,0,0,0,0,16842752,16777216,0,0,0,0,17372165,100665620,33751040,,,,
FXLH,R118,FTPZF00CP3J0,,R118-P2_P21ISP,,FXLH_F05-4FT-02_2_GATEKEEPER,FAIL,09-24-10:33:38,40.91,V1.1.3.2,Check_All_CB,FTPZF00CP3J0,Atlas 1.9.2,FTPZF00CP3J0,V1.1.3.2,1,3,0,0,0,3,0,0,0,3,0,0,0,3,0,0,0,3,0,0,0,3,0,0,0,0,0,0,0,3,0,0,0,3,0,0,0,3,0,0,0,15 00 00 00 ,FTPZF00CP3J0,Pass,DLX937600QZN6R52J,WMT-J9002C,R118-P2_P21ISP_C01115,R118-P2,R118-P2_P21ISP,C4P9345000RJCQ73Z,GV29367003QP2T02P,FM7934400BFN0LH1F+S1J,CR19356008LMW5D1Z,13 00 00 00 02 ,13 00 00 00 00,370,0x0172,3,0x03,2,02,1286,0x0506,A0 02 00 0B 00 0B 00 0B ,0,0x00,,0x0D,,0x0D,Pass,02 01 02 07 4A ,02 01 02 07 4A,Read_MLB_Lang :02 01 02 07 4A  ,  Get_KBD_Lang :02 01 02 07 4A,16,0x10,8704,0,0,0,0,0,0,0,0,0,0,0,0,16777216,0,0,0,0,0,16842752,16777216,0,0,0,0,17372165,100665620,33751040,,13,13,
FXLH,R118,FTPZF008P3J0,,R118-P2_P21ISP,,FXLH_F05-4FT-02_2_GATEKEEPER,FAIL,09-24-10:49:11,44.56,V1.1.3.2,Check_All_CB,FTPZF008P3J0,Atlas 1.9.2,FTPZF008P3J0,V1.1.3.2,1,3,0,0,0,3,0,0,0,3,0,0,0,3,0,0,0,3,0,2,2,3,0,0,0,0,0,0,0,3,0,0,0,3,0,1,1,3,0,0,0,15 00 00 00 ,FTPZF008P3J0,Pass,DLX937600Q3N6R52E,WMT-J9002C,R118-P2_P21ISP_C01119,R118-P2,R118-P2_P21ISP,C4P9345000YJCQ73S,GV29367003FP2T02Y,FM79344016ZN0LH1B+V1J,CR1935600AVMW5D1J,13 00 00 00 02 ,13 00 00 00 00,370,0x0172,3,0x03,2,02,1286,0x0506,A0 02 00 0B 00 0B 00 0B ,0,0x00,,0x0D,,0x0D,Pass,02 01 02 07 4A ,02 01 02 07 4A,Read_MLB_Lang :02 01 02 07 4A  ,  Get_KBD_Lang :02 01 02 07 4A,16,0x10,8704,0,0,0,0,0,0,0,0,0,0,0,0,16777216,0,0,0,0,0,16842752,16777216,0,0,0,0,17372165,100665620,33751040,,13,13,
FXLH,R118,FTPZF00DP3J0,,R118-P2_P21ISP,,FXLH_F05-4FT-02_2_GATEKEEPER,FAIL,09-24-10:53:00,43.45,V1.1.3.2,Check_All_CB,FTPZF00DP3J0,Atlas 1.9.2,FTPZF00DP3J0,V1.1.3.2,1,3,0,0,0,3,0,0,0,3,0,0,0,3,0,0,0,3,0,0,0,3,0,0,0,0,0,0,0,3,0,0,0,3,0,0,0,3,0,0,0,15 00 00 00 ,FTPZF00DP3J0,Pass,DLX937600QPN6R52U,WMT-J9002C,R118-P2_P21ISP_C01114,R118-P2,R118-P2_P21ISP,C4P9345000HJCQ737,GV293670044P2T026,FM7934401LJN0LH1J+V1J,CR1935600BYMW5D1C,13 00 00 00 02 ,13 00 00 00 00,370,0x0172,3,0x03,2,02,1286,0x0506,A0 02 00 0B 00 0B 00 0B ,0,0x00,,0x0D,,0x0D,Pass,02 01 02 07 4A ,02 01 02 07 4A,Read_MLB_Lang :02 01 02 07 4A  ,  Get_KBD_Lang :02 01 02 07 4A,16,0x10,8704,0,0,0,0,0,0,0,0,0,0,0,0,16777216,0,0,0,0,0,16842752,16777216,0,0,0,0,17372165,100665620,33751040,,13,13,
FXLH,R118,FTPZF00BP3J0,,R118-P2_P21ISP,,FXLH_F05-4FT-02_2_GATEKEEPER,FAIL,09-24-10:55:08,45.07,V1.1.3.2,Check_All_CB,FTPZF00BP3J0,Atlas 1.9.2,FTPZF00BP3J0,V1.1.3.2,1,3,0,0,0,3,0,0,0,3,0,0,0,3,0,0,0,3,0,0,0,3,0,0,0,0,0,0,0,3,0,0,0,3,0,0,0,3,0,0,0,15 00 00 00 ,FTPZF00BP3J0,Pass,DLX937600QDN6R524,WMT-J9002C,R118-P2_P21ISP_C01116,R118-P2,R118-P2_P21ISP,C4P9345000NJCQ732,GV29367003PP2T02Q,FM79344019UN0LH17+V1J,CR1935600AJMW5D1V,13 00 00 00 02 ,13 00 00 00 00,370,0x0172,3,0x03,2,02,1286,0x0506,A0 02 00 0B 00 0B 00 0B ,0,0x00,,0x0D,,0x0D,Pass,02 01 02 07 4A ,02 01 02 07 4A,Read_MLB_Lang :02 01 02 07 4A  ,  Get_KBD_Lang :02 01 02 07 4A,16,0x10,8704,0,0,0,0,0,0,0,0,0,0,0,0,16777216,0,0,0,0,0,16842752,16777216,0,0,0,0,17372165,100665620,33751040,,13,13,
FXLH,R118,FTPZF004P3J0,,R118-P2_P21ISP,,FXLH_F05-4FT-02_2_GATEKEEPER,FAIL,09-24-11:13:50,47.29,V1.1.3.2,Check_All_CB,FTPZF004P3J0,Atlas 1.9.2,FTPZF004P3J0,V1.1.3.2,1,3,0,0,0,3,0,0,0,3,0,0,0,3,0,0,0,3,0,0,0,3,0,0,0,0,0,0,0,3,0,0,0,3,0,0,0,3,0,0,0,15 00 00 00 ,FTPZF004P3J0,Pass,DLX937500A1N6R52R,WMT-J9002C,R118-P2_P21ISP_C01123,R118-P2,R118-P2_P21ISP,C4P9345001FJCQ736,GV29367003NP2T02R,FM7934401GTN0LH1M+V1J,C47935305B9MW5D2K,13 00 00 00 02 ,13 00 00 00 00,370,0x0172,3,0x03,2,02,1286,0x0506,A0 02 00 0B 00 0B 00 0B ,0,0x00,,0x0D,,0x0D,Pass,02 01 02 07 4A ,02 01 02 07 4A,Read_MLB_Lang :02 01 02 07 4A  ,  Get_KBD_Lang :02 01 02 07 4A,16,0x10,8704,0,0,0,0,0,0,0,0,0,0,0,0,16777216,0,0,0,0,0,16842752,16777216,0,0,0,0,17372165,100665620,33751040,,13,13,
FXLH,R118,FTPZF007P3J8,,R118-P2_P21ISWE,,FXLH_F05-4FT-02_2_GATEKEEPER,FAIL,09-24-11:17:48,40.34,V1.1.3.2,Check_All_CB,FTPZF007P3J8,Atlas 1.9.2,FTPZF007P3J8,V1.1.3.2,1,3,0,0,0,3,0,0,0,3,0,0,0,3,0,0,0,3,0,2,2,3,0,1,1,0,0,0,0,3,0,0,0,3,0,0,0,3,0,0,0,15 00 00 00 ,FTPZF007P3J8,Pass,DLX93820059N6R52Y,WMT-J9002F,R118-P2_P21ISWE_C01139,R118-P2,R118-P2_P21ISWE,C4P9345000PJCQM3M,GV29367001ZP2T02L,FM7934401JTN0LH1F+V1J,C47935305C3MW5D2N,13 00 00 00 02 ,13 00 00 00 00,370,0x0172,3,0x03,2,02,1286,0x0506,A0 02 00 0B 00 0B 00 0B ,0,0x00,,0x0D,,0x0D,Pass,02 01 02 08 4A ,02 01 02 08 4A,Read_MLB_Lang :02 01 02 08 4A  ,  Get_KBD_Lang :02 01 02 08 4A,16,0x10,8704,0,0,0,0,0,0,0,0,0,0,0,0,16777216,0,0,0,0,0,16842752,16777216,0,0,0,0,17372165,100665620,33751040,,13,13,
FXLH,R118,FTPZF001P3JC,,R118-P2_P21IITA,,FXLH_F05-4FT-02_2_GATEKEEPER,FAIL,09-24-11:27:58,48.20,V1.1.3.2,Check_All_CB,FTPZF001P3JC,Atlas 1.9.2,FTPZF001P3JC,V1.1.3.2,1,3,0,0,0,3,0,0,0,3,0,0,0,3,0,0,0,3,0,0,0,3,0,0,0,0,0,0,0,3,0,0,0,3,0,0,0,3,0,0,0,15 00 00 00 ,FTPZF001P3JC,Pass,DLX937500ANN6R524,WMT-J9002D,R118-P2_P21IITA_C01127,R118-P2,R118-P2_P21IITA,C4P9345001PJCQP3G,GV29372001VP2T02S,FM7934401WPN0LH1H+V1J,C47935305CTMW5D2Y,13 00 00 00 02 ,13 00 00 00 00,370,0x0172,3,0x03,2,02,1286,0x0506,A0 02 00 0B 00 0B 00 0B ,0,0x00,,0x0D,,0x0D,Pass,02 01 02 09 4A ,02 01 02 09 4A,Read_MLB_Lang :02 01 02 09 4A  ,  Get_KBD_Lang :02 01 02 09 4A,16,0x10,8704,0,0,0,0,0,0,0,0,0,0,0,0,16777216,0,0,0,0,0,16842752,16777216,0,0,0,0,17372165,100665620,33751040,,13,13,
FXLH,R118,FTPZF004P3JC,,R118-P2_P21IITA,,FXLH_F05-4FT-02_2_GATEKEEPER,FAIL,09-24-13:27:39,38.12,V1.1.3.2,Check_All_CB,FTPZF004P3JC,Atlas 1.9.2,FTPZF004P3JC,V1.1.3.2,1,3,0,0,0,3,0,0,0,3,0,0,0,3,0,0,0,3,0,0,0,3,0,0,0,0,0,0,0,3,0,0,0,3,0,3,3,3,0,0,0,15 00 00 00 ,FTPZF004P3JC,Pass,DLX937500A8N6R52J,WMT-J9002D,R118-P2_P21IITA_C01130,R118-P2,R118-P2_P21IITA,C4P9345001DJCQP3S,GV29372001UP2T02T,FM7934401D7N0LH1G+V1J,C479353021NMW5D25,13 00 00 00 02 ,13 00 00 00 00,370,0x0172,3,0x03,2,02,1286,0x0506,A0 02 00 0B 00 0B 00 0B ,0,0x00,,0x0D,,0x0D,Pass,02 01 02 09 4A ,02 01 02 09 4A,Read_MLB_Lang :02 01 02 09 4A  ,  Get_KBD_Lang :02 01 02 09 4A,16,0x10,8704,0,0,0,0,0,0,0,0,0,0,0,0,16777216,0,0,0,0,0,16842752,16777216,0,0,0,0,17372165,100665620,33751040,,13,13,
FXLH,R118,FTPZD03WP3HR,,R118-P2_P21AEN,,FXLH_F05-4FT-02_2_GATEKEEPER,FAIL,09-24-14:29:29,44.51,V1.1.3.2,Check_All_CB,FTPZD03WP3HR,Atlas 1.9.2,FTPZD03WP3HR,V1.1.3.2,1,3,0,0,0,3,0,0,0,3,0,1,1,3,0,0,0,3,0,0,0,3,0,0,0,0,0,0,0,3,0,0,0,3,0,0,0,3,0,0,0,15 00 00 00 ,FTPZD03WP3HR,Pass,DLX93750066N6R52Y,WMT-J90014,R118-P2_P21AEN_C00474,R118-P2,R118-P2_P21AEN,C4P932200RDJCPP30,GV29364003DN3LN24,FM7934401GVN0LH1K+V1J,CR19356014NMW5D18,13 00 00 00 02 ,13 00 00 00 00,370,0x0172,3,0x03,2,02,1286,0x0506,A0 02 00 0B 00 0B 00 0B ,0,0x00,33,0x21,33,0x21,Pass,02 01 01 05 49 ,02 01 01 05 49,Read_MLB_Lang :02 01 01 05 49  ,  Get_KBD_Lang :02 01 01 05 49,16,0x10,8704,0,0,0,0,0,0,0,0,0,0,0,0,16777216,0,0,0,0,0,16842752,16777216,0,0,0,0,17372165,100665620,33751040,,,,
FXLH,R118,FTPZD00HP3J4,,R118-P2_P21AK-M4,,FXLH_F05-4FT-02_2_GATEKEEPER,FAIL,09-24-15:45:25,51.82,V1.1.3.2,Check_All_CB; STFW; TOUCH_FW; Grape_Connector_Self_Critical_Errors,FTPZD00HP3J4,Atlas 1.9.2,FTPZD00HP3J4,V1.1.3.2,1,0,0,0,0,0,0,0,0,3,0,0,0,3,0,0,0,3,0,5,5,3,0,0,0,0,0,0,0,3,0,0,0,2,0,6,6,3,0,0,0,15 00 00 00 ,FTPZD00HP3J4,Pass,DLX936700AAN6R52H,WMT-J9000B,R118-P2_P21AK-M4_C00413,R118-P2,R118-P2_P21AK-M4,C4P9322002PJCPV3K,GV29363003YN3LN2L,FM7934400WVN0LH1C+M1J,CR193560143MW5D1T,13 00 00 00 02 ,13 00 00 00 00,352,0x0160,3,0x03,2,02,1285,0x0505,A0 02 00 0B 00 0B 00 0B ,0,0x00,33,0x21,33,0x21,Pass,02 01 01 0F 49 16 16 ,02 01 01 0F 49 16 16,Read_MLB_Lang :02 01 01 0F 49 16 16  ,  Get_KBD_Lang :02 01 01 0F 49 16 16,16,0x10,8704,0,0,0,0,0,0,0,0,0,0,0,0,16777216,0,0,0,0,0,16842752,16777216,0,0,0,0,17372165,83888404,4194435072,,,,
FXLH,R118,FTPZF03VP3HW,,R118-P2_P21ACH-ECORELNB,,FXLH_F05-4FT-02_2_GATEKEEPER,FAIL,09-24-16:34:49,44.48,V1.1.3.2,Check_All_CB,FTPZF03VP3HW,Atlas 1.9.2,FTPZF03VP3HW,V1.1.3.2,1,3,0,0,0,3,0,0,0,3,0,1,1,3,0,0,0,3,0,0,0,3,0,0,0,0,0,0,0,3,0,0,0,3,0,0,0,3,0,0,0,15 00 00 00 ,FTPZF03VP3HW,Pass,DLX937500E3N6R52B,WMT-J9001D,R118-P2_P21ACH-ECORELNB_C00878,R118-P2,R118-P2_P21ACH-ECORELNB,C4P93220017JCPT36,GV29363005CN3LN20,FM7934401CPN0LH13+V1J,CR1935601HWMW5D1V,13 00 00 00 02 ,13 00 00 00 00,370,0x0172,3,0x03,2,02,1286,0x0506,A0 02 00 0B 00 0B 00 0B ,0,0x00,33,0x21,33,0x21,Pass,02 01 01 0B 49 16 16 ,02 01 01 0B 49 16 16,Read_MLB_Lang :02 01 01 0B 49 16 16  ,  Get_KBD_Lang :02 01 01 0B 49 16 16,16,0x10,8704,0,0,0,0,0,0,0,0,0,0,0,0,16777216,0,0,0,0,0,16842752,16777216,0,0,0,0,17372165,100665620,33751040,,,,
FXLH,R118,FTPZF00EP3J4,,R118-P2_P21AKR-R2,,FXLH_F05-4FT-02_2_GATEKEEPER,FAIL,09-24-16:37:04,48.04,V1.1.3.2,Check_All_CB,FTPZF00EP3J4,Atlas 1.9.2,FTPZF00EP3J4,V1.1.3.2,1,3,0,0,0,3,0,0,0,3,0,1,1,3,0,0,0,3,0,0,0,3,0,0,0,0,0,0,0,3,0,0,0,3,0,0,0,3,0,1,1,15 00 00 00 ,FTPZF00EP3J4,Pass,DLX938200BZN6R52Q,WMT-J9001C,R118-P2_P21AKR-R2_C00813,R118-P2,R118-P2_P21AKR-R2,C4P9322001MJCPV3Q,GV29364005LN3LN2R,FM7934401MMN0LH1C+V1J,C479353010GMW5D2F,13 00 00 00 02 ,13 00 00 00 00,370,0x0172,3,0x03,2,02,1286,0x0506,A0 02 00 0B 00 0B 00 0B ,0,0x00,33,0x21,33,0x21,Pass,02 01 01 0F 49 16 16 ,02 01 01 0F 49 16 16,Read_MLB_Lang :02 01 01 0F 49 16 16  ,  Get_KBD_Lang :02 01 01 0F 49 16 16,16,0x10,8704,0,0,0,0,0,0,0,0,0,0,0,0,16777216,0,0,0,0,0,16842752,16777216,0,0,0,0,17372165,100665620,33751040,,,,
FXLH,R118,FTPZF039P3HW,,R118-P2_P21ACH-ECORELNB,,FXLH_F05-4FT-02_2_GATEKEEPER,FAIL,09-24-16:38:35,45.05,V1.1.3.2,Check_All_CB,FTPZF039P3HW,Atlas 1.9.2,FTPZF039P3HW,V1.1.3.2,1,3,0,0,0,3,0,0,0,3,0,0,0,3,0,0,0,3,0,0,0,3,0,1,1,0,0,0,0,3,0,0,0,3,0,0,0,3,0,0,0,15 00 00 00 ,FTPZF039P3HW,Pass,DLX937600RZN6R52F,WMT-J9001D,R118-P2_P21ACH-ECORELNB_C00858,R118-P2,R118-P2_P21ACH-ECORELNB,C4P93220045JCPT3Z,GV29363006LN3LN2P,FM7934401QGN0LH18+V1J,CR1935601KMMW5D1Y,13 00 00 00 02 ,13 00 00 00 00,370,0x0172,3,0x03,2,02,1286,0x0506,A0 02 00 0B 00 0B 00 0B ,0,0x00,33,0x21,33,0x21,Pass,02 01 01 0B 49 16 16 ,02 01 01 0B 49 16 16,Read_MLB_Lang :02 01 01 0B 49 16 16  ,  Get_KBD_Lang :02 01 01 0B 49 16 16,16,0x10,8704,0,0,0,0,0,0,0,0,0,0,0,0,16777216,0,0,0,0,0,16842752,16777216,0,0,0,0,17372165,100665620,33751040,,,,
