GATEKEEPER,V1.1.3.2
Site, Product, SerialNumber, Special Build Name, Special Build Description, Unit Number, Station ID, Test Pass/Fail Status, StartTime, EndTime, Version, List of Failing Tests,Scan_FG_SN,Start Data Reporting,Start Data Reporting,Start Data Reporting,Start Data Reporting,Check_All_CB - CB_STATUS_MLB-FCT,Check_All_CB - ABS_ERASE_MLB-FCT,Check_All_CB - ABS_FAIL_MLB-FCT,Check_All_CB - REL_FAIL_MLB-FCT,Check_All_CB - CB_STATUS_TEST1,Check_All_CB - ABS_ERASE_TEST1,Check_All_CB - ABS_FAIL_TEST1,Check_All_CB - REL_FAIL_TEST1,Check_All_CB - CB_STATUS_QT0,Check_All_CB - ABS_ERASE_QT0,Check_All_CB - ABS_FAIL_QT0,Check_All_CB - REL_FAIL_QT0,Check_All_CB - CB_STATUS_DFU2-FTW,Check_All_CB - ABS_ERASE_DFU2-FTW,Check_All_CB - ABS_FAIL_DFU2-FTW,Check_All_CB - REL_FAIL_DFU2-FTW,Check_All_CB - CB_STATUS_QT1,Check_All_CB - ABS_ERASE_QT1,Check_All_CB - ABS_FAIL_QT1,Check_All_CB - REL_FAIL_QT1,Check_All_CB - CB_STATUS_LED-TEST,Check_All_CB - ABS_ERASE_LED-TEST,Check_All_CB - ABS_FAIL_LED-TEST,Check_All_CB - REL_FAIL_LED-TEST,Check_All_CB - CB_STATUS_KEY-FORCE,Check_All_CB - ABS_ERASE_KEY-FORCE,Check_All_CB - ABS_FAIL_KEY-FORCE,Check_All_CB - REL_FAIL_KEY-FORCE,Check_All_CB - CB_STATUS_TEST2,Check_All_CB - ABS_ERASE_TEST2,Check_All_CB - ABS_FAIL_TEST2,Check_All_CB - REL_FAIL_TEST2,Check_All_CB - CB_STATUS_MMI,Check_All_CB - ABS_ERASE_MMI,Check_All_CB - ABS_FAIL_MMI,Check_All_CB - REL_FAIL_MMI,Check_All_CB - CB_STATUS_SW-DOWNLOAD,Check_All_CB - ABS_ERASE_SW-DOWNLOAD,Check_All_CB - ABS_FAIL_SW-DOWNLOAD,Check_All_CB - REL_FAIL_SW-DOWNLOAD,Check_Bootargs_Status,Read_FG_SN,Compare_FG_SN,MLB_SN,WO_SN,UNIT_LBL,BUILD_EVENT,S_BUILD,KBM_SN,BACKLIGHT_SN,TRACKPAD_SN,TOUCH_FLEX_SN,Check_EP_Status,EP_Enable_All,STFW - STFW,STFW,Read_HW_Version - Read_HW_Version,Read_HW_Version,GreenPAK_ID - GreenPAK_ID,GreenPAK_ID,TOUCH_FW - TOUCH_FW,TOUCH_FW,Read_CCG3_FW,Production_Signed_Check - Production_Signed_Check,Production_Signed_Check,Read_KBD_HW_Layout - Read_KBD_HW_Layout,Read_KBD_HW_Layout,Get_KBD_HW_Layout - Read_KBD_HW_Layout,Get_KBD_HW_Layout,Compare_KBD_HW_Layout,Read_MLB_Lang,Get_KBD_Lang,Check_KBD_Lang,Read_MFI_Address - Read_MFI_Address,Read_MFI_Address,System_Critical_Errors - CRIT_ERR_E1_PART1,System_Critical_Errors - CRIT_ERR_E1_PART2,FW_Update_Critical_Errors - CRIT_ERR_E2_PART1,FW_Update_Critical_Errors - CRIT_ERR_E2_PART2,FW_Update_Critical_Errors - CRIT_ERR_E2_PART3,Key_Scan_Critical_Errors - CRIT_ERR_E7_PART1,Key_Scan_Critical_Errors - CRIT_ERR_E7_PART2,Key_Scan_Critical_Errors - CRIT_ERR_E7_PART3,Key_Scan_Critical_Errors - CRIT_ERR_E7_PART4,USBC_Critical_Errors - CRIT_ERR_E3_PART1,USBC_Critical_Errors - CRIT_ERR_E3_PART2,USBC_Critical_Errors - CRIT_ERR_E3_PART3,USBC_Critical_Errors - CRIT_ERR_E3_PART4,Grape_Critical_Errors - CRIT_ERR_E5_PART1,Grape_Critical_Errors - CRIT_ERR_E5_PART2,Grape_Critical_Errors - CRIT_ERR_E5_PART3,Grape_Critical_Errors - CRIT_ERR_E5_PART4,Grape_Critical_Errors - CRIT_ERR_E5_PART5,Grape_Critical_Errors - CRIT_ERR_E5_PART6,Grape_Critical_Errors - CRIT_ERR_E5_PART7,Grape_Critical_Errors - CRIT_ERR_E5_PART8,Grape_Critical_Errors - CRIT_ERR_E5_PART9,Grape_Critical_Errors - CRIT_ERR_E5_PART10,Critical_Errors_Summary - CRIT_ERR_E0_PART1,Backlight_Critical_Errors - BL_CRI_ERR_PART1,Grape_Connector_Self_Critical_Errors - CRIT_ERR_D3_PART1,Grape_Connector_Self_Critical_Errors - CRIT_ERR_D3_PART2,Grape_Connector_Self_Critical_Errors - CRIT_ERR_D3_PART3,+,Read_KBD_HW_Layout - Read_KBD_HW_Layout,Get_KBD_HW_Layout - Read_KBD_HW_Layout,
Upper Limited-------->,,,,,,,,,,,,,,,,,3,,,,3,,,,3,,,,3,,,,3,,,,3,,,,3,,,,3,,,,3,,,,3,,,,,,,,,,,,,,,,,,370,,3,,2,,1286,,,0,,33,,33,,,,,,16,,,,,,,,,,,,,,,,,,,,,,,,,,,,,,,13,13,
Lower Limited-------->,,,,,,,,,,,,,,,,,3,,,,3,,,,3,,,,3,,,,3,,,,3,,,,3,,,,3,,,,3,,,,3,,,,,,,,,,,,,,,,,,370,,3,,2,,1286,,,0,,33,,33,,,,,,16,,,,,,,,,,,,,,,,,,,,,,,,,,,,,,,13,13,
Measurement Units---->,,,,,,,,,,,,,,,,,,,,,,,,,,,,,,,,,,,,,,,,,,,,,,,,,,,,,,,,,,,,,,,,,,,,,,,,,,,,,,,,,,,,,,,,,,,,,,,,,,,,,,,,,,,,,,,,,,,,,,,,,,,
FXLH,R118,FTPZD07RP3HR,,R118-P2_P21AEN-1,,FXLH_F05-4FT-02_2_GATEKEEPER,FAIL,09-21-14:38:18,55.03,V1.1.3.2,Check_All_CB,FTPZD07RP3HR,Atlas 1.9.2,FTPZD07RP3HR,V1.1.3.2,1,3,0,0,0,3,0,0,0,3,0,0,0,3,0,0,0,3,0,0,0,3,0,0,0,0,0,0,0,3,0,0,0,3,0,0,0,3,0,0,0,15 00 00 00 ,FTPZD07RP3HR,Pass,DLX937500G1N6R527,WMT-J90018,R118-P2_P21AEN-1_C00670,R118-P2,R118-P2_P21AEN-1,C4P9322007XJCPP32,GV29364009VN3LN24,FM79344016BN0LH1Z+V1J,C47935302BAMW5D2M,13 00 00 00 02 ,13 00 00 00 00,370,0x0172,3,0x03,2,02,1286,0x0506,A0 02 00 0B 00 0B 00 0B ,0,0x00,33,0x21,33,0x21,Pass,02 01 01 05 49 ,02 01 01 05 49,Read_MLB_Lang :02 01 01 05 49  ,  Get_KBD_Lang :02 01 01 05 49,16,0x10,8704,0,0,0,0,0,0,0,0,0,0,0,0,16777216,0,0,0,0,0,16842752,16777216,0,0,0,0,17372165,100665620,33751040,,,,
FXLH,R118,FTPZD083P3HR,,R118-P2_P21AEN-1,,FXLH_F05-4FT-02_2_GATEKEEPER,FAIL,09-21-14:44:25,52.70,V1.1.3.2,Check_All_CB,FTPZD083P3HR,Atlas 1.9.2,FTPZD083P3HR,V1.1.3.2,1,3,0,0,0,3,0,0,0,3,0,10,10,3,0,0,0,3,0,0,0,3,0,0,0,0,0,0,0,3,0,0,0,3,0,0,0,3,0,0,0,15 00 00 00 ,FTPZD083P3HR,Pass,DLX937500F9N6R522,WMT-J90018,R118-P2_P21AEN-1_C00698,R118-P2,R118-P2_P21AEN-1,C4P932200C6JCPP3C,GV2936400AZN3LN2X,FM7934401F5N0LH1C+V1J,C47935305JFMW5D2S,13 00 00 00 02 ,13 00 00 00 00,370,0x0172,3,0x03,2,02,1286,0x0506,A0 02 00 0B 00 0B 00 0B ,0,0x00,33,0x21,33,0x21,Pass,02 01 01 05 49 ,02 01 01 05 49,Read_MLB_Lang :02 01 01 05 49  ,  Get_KBD_Lang :02 01 01 05 49,16,0x10,8704,0,0,0,0,0,0,0,0,0,0,0,0,16777216,0,0,0,0,0,16842752,16777216,0,0,0,0,17372165,100665620,33751040,,,,
FXLH,R118,FTPZD077P3HR,,R118-P2_P21AEN-1,,FXLH_F05-4FT-02_2_GATEKEEPER,FAIL,09-21-14:47:20,58.55,V1.1.3.2,Check_All_CB,FTPZD077P3HR,Atlas 1.9.2,FTPZD077P3HR,V1.1.3.2,1,3,0,0,0,3,0,0,0,0,0,0,0,3,0,0,0,3,0,0,0,3,0,0,0,0,0,0,0,3,0,0,0,3,0,0,0,3,0,0,0,15 00 00 00 ,FTPZD077P3HR,Pass,DLX937500GBN6R52X,WMT-J90018,R118-P2_P21AEN-1_C00668,R118-P2,R118-P2_P21AEN-1,C4P9314002VJCPP3L,GV2936400A8N3LN2N,FM7934401C2N0LH1Q+V1J,C4793530751MW5D29,13 00 00 00 02 ,13 00 00 00 00,370,0x0172,3,0x03,2,02,1286,0x0506,A0 02 00 0B 00 0B 00 0B ,0,0x00,33,0x21,33,0x21,Pass,02 01 01 05 49 ,02 01 01 05 49,Read_MLB_Lang :02 01 01 05 49  ,  Get_KBD_Lang :02 01 01 05 49,16,0x10,8704,0,0,0,0,0,0,0,0,0,0,0,0,16777216,0,0,0,0,0,16842752,16777216,0,0,0,0,17372165,100665620,33751040,,,,
FXLH,R118,FTPZD07QP3HR,,R118-P2_P21AEN-1,,FXLH_F05-4FT-02_2_GATEKEEPER,FAIL,09-21-14:50:18,66.81,V1.1.3.2,Check_All_CB,FTPZD07QP3HR,Atlas 1.9.2,FTPZD07QP3HR,V1.1.3.2,1,3,0,0,0,3,0,0,0,3,0,2,2,3,0,0,0,3,0,0,0,3,0,0,0,0,0,0,0,3,0,0,0,3,0,0,0,3,0,1,1,15 00 00 00 ,FTPZD07QP3HR,Pass,DLX937500J9N6R52T,WMT-J90018,R118-P2_P21AEN-1_C00671,R118-P2,R118-P2_P21AEN-1,C4P93220061JCPP31,GV2936400B4N3LN2P,FM7934401CQN0LH12+V1J,C47935303DMMW5D23,13 00 00 00 02 ,13 00 00 00 00,370,0x0172,3,0x03,2,02,1286,0x0506,A0 02 00 0B 00 0B 00 0B ,0,0x00,33,0x21,33,0x21,Pass,02 01 01 05 49 ,02 01 01 05 49,Read_MLB_Lang :02 01 01 05 49  ,  Get_KBD_Lang :02 01 01 05 49,16,0x10,8704,0,0,0,0,0,0,0,0,0,0,0,0,16777216,0,0,0,0,0,16842752,16777216,0,0,0,0,17372165,100665620,33751040,,,,
FXLH,R118,FTPZD03AP3HR,,R118-P2_P21AEN,,FXLH_F05-4FT-02_2_GATEKEEPER,FAIL,09-21-14:51:59,40.85,V1.1.3.2,Check_All_CB,FTPZD03AP3HR,Atlas 1.9.2,FTPZD03AP3HR,V1.1.3.2,1,3,0,0,0,3,0,0,0,3,0,0,0,3,0,0,0,3,0,1,1,3,0,0,0,0,0,0,0,3,0,0,0,3,0,0,0,3,0,0,0,15 00 00 00 ,FTPZD03AP3HR,Pass,DLX9375006TN6R52B,WMT-J90014,R118-P2_P21AEN_C00553,R118-P2,R118-P2_P21AEN,C4P93220062JCPP30,GV29364002BN3LN29,FM79344016MN0LH1P+V1J,CR19356010PMW5D1K,13 00 00 00 02 ,13 00 00 00 00,370,0x0172,3,0x03,2,02,1286,0x0506,A0 02 00 0B 00 0B 00 0B ,0,0x00,33,0x21,33,0x21,Pass,02 01 01 05 49 ,02 01 01 05 49,Read_MLB_Lang :02 01 01 05 49  ,  Get_KBD_Lang :02 01 01 05 49,16,0x10,8704,0,0,0,0,0,0,0,0,0,0,0,0,16777216,0,0,0,0,0,16842752,16777216,0,0,0,0,17372165,100665620,33751040,,,,
FXLH,R118,FTPZD04MP3HR,,R118-P2_P21AEN,,FXLH_F05-4FT-02_2_GATEKEEPER,FAIL,09-21-14:53:20,44.92,V1.1.3.2,Check_All_CB,FTPZD04MP3HR,Atlas 1.9.2,FTPZD04MP3HR,V1.1.3.2,1,3,0,0,0,3,0,0,0,2,0,4,4,3,0,0,0,3,0,0,0,3,0,0,0,0,0,0,0,3,0,0,0,3,0,0,0,3,0,0,0,15 00 00 00 ,FTPZD04MP3HR,Pass,DLX93750057N6R520,WMT-J90014,R118-P2_P21AEN_C00509,R118-P2,R118-P2_P21AEN,C4P932200NEJCPP38,GV29364005CN3LN2Z,FM79344015CN0LH11+V1J,CR19356014EMW5D1G,13 00 00 00 02 ,13 00 00 00 00,370,0x0172,3,0x03,2,02,1286,0x0506,A0 02 00 0B 00 0B 00 0B ,0,0x00,33,0x21,33,0x21,Pass,02 01 01 05 49 ,02 01 01 05 49,Read_MLB_Lang :02 01 01 05 49  ,  Get_KBD_Lang :02 01 01 05 49,16,0x10,8704,0,0,0,0,0,0,0,0,0,0,0,0,16777216,0,0,0,0,0,16842752,16777216,0,0,0,0,17372165,100665620,33751040,,,,
FXLH,R118,FTPZD06HP3HR,,R118-P2_P21AEN-1,,FXLH_F05-4FT-02_2_GATEKEEPER,FAIL,09-21-14:55:27,63.76,V1.1.3.2,Check_All_CB,FTPZD06HP3HR,Atlas 1.9.2,FTPZD06HP3HR,V1.1.3.2,1,3,0,0,0,3,0,0,0,3,0,10,10,3,0,0,0,3,0,0,0,3,0,0,0,0,0,0,0,3,0,0,0,3,0,0,0,3,0,0,0,15 00 00 00 ,FTPZD06HP3HR,Pass,DLX937500FHN6R52U,WMT-J90018,R118-P2_P21AEN-1_C00635,R118-P2,R118-P2_P21AEN-1,C4P9322008VJCPP31,GV2936400A1N3LN2V,FM7934401VJN0LH1R+V1J,C479353075MMW5D2P,13 00 00 00 02 ,13 00 00 00 00,370,0x0172,3,0x03,2,02,1286,0x0506,A0 02 00 0B 00 0B 00 0B ,0,0x00,33,0x21,33,0x21,Pass,02 01 01 05 49 ,02 01 01 05 49,Read_MLB_Lang :02 01 01 05 49  ,  Get_KBD_Lang :02 01 01 05 49,16,0x10,8704,0,0,0,0,0,0,0,0,0,0,0,0,16777216,0,0,0,0,0,16842752,16777216,0,0,0,0,17372165,100665620,33751040,,,,
FXLH,R118,FTPZD058P3HR,,R118-P2_P21AEN,,FXLH_F05-4FT-02_2_GATEKEEPER,FAIL,09-21-14:57:09,57.52,V1.1.3.2,Check_All_CB,FTPZD058P3HR,Atlas 1.9.2,FTPZD058P3HR,V1.1.3.2,1,3,0,0,0,3,0,0,0,3,0,0,0,3,0,0,0,3,0,0,0,3,0,0,0,0,0,0,0,3,0,0,0,3,0,0,0,3,0,1,1,15 00 00 00 ,FTPZD058P3HR,Pass,DLX9375007SN6R529,WMT-J90014,R118-P2_P21AEN_C00488,R118-P2,R118-P2_P21AEN,C4P932200EDJCPP3Z,GV293640043N3LN2B,FM7934401LWN0LH16+V1J,CR193560105MW5D13,13 00 00 00 00 ,13 00 00 00 00,370,0x0172,3,0x03,2,02,1286,0x0506,A0 02 00 0B 00 0B 00 0B ,0,0x00,33,0x21,33,0x21,Pass,02 01 01 05 49 ,02 01 01 05 49,Read_MLB_Lang :02 01 01 05 49  ,  Get_KBD_Lang :02 01 01 05 49,16,0x10,8704,0,0,0,0,0,0,0,0,0,0,0,0,16777216,0,0,0,0,0,16842752,16777216,0,0,0,0,17372165,100665620,33751040,,,,
FXLH,R118,FTPZD085P3HR,,R118-P2_P21AEN-1,,FXLH_F05-4FT-02_2_GATEKEEPER,FAIL,09-21-15:00:45,68.43,V1.1.3.2,Check_All_CB,FTPZD085P3HR,Atlas 1.9.2,FTPZD085P3HR,V1.1.3.2,1,3,0,0,0,3,0,0,0,3,0,0,0,3,0,0,0,3,0,0,0,3,0,0,0,0,0,0,0,3,0,0,0,3,0,0,0,3,0,0,0,15 00 00 00 ,FTPZD085P3HR,Pass,DLX937500H1N6R524,WMT-J90018,R118-P2_P21AEN-1_C00696,R118-P2,R118-P2_P21AEN-1,C4P932200GVJCPP3B,GV29364006XN3LN2B,FM79344017JN0LH1P+V1J,C47935303ETMW5D2U,13 00 00 00 02 ,13 00 00 00 00,370,0x0172,3,0x03,2,02,1286,0x0506,A0 02 00 0B 00 0B 00 0B ,0,0x00,33,0x21,33,0x21,Pass,02 01 01 05 49 ,02 01 01 05 49,Read_MLB_Lang :02 01 01 05 49  ,  Get_KBD_Lang :02 01 01 05 49,16,0x10,8704,0,0,0,0,0,0,0,0,0,0,0,0,16777216,0,0,0,0,0,16842752,16777216,0,0,0,0,17372165,100665620,33751040,,,,
FXLH,R118,FTPZD08HP3HR,,R118-P2_P21AEN-1,,FXLH_F05-4FT-02_2_GATEKEEPER,FAIL,09-21-15:03:14,44.89,V1.1.3.2,Check_All_CB,FTPZD08HP3HR,Atlas 1.9.2,FTPZD08HP3HR,V1.1.3.2,1,3,0,0,0,3,0,0,0,3,0,0,0,3,0,0,0,3,0,1,1,3,0,0,0,0,0,0,0,3,0,0,0,3,0,0,0,3,0,0,0,15 00 00 00 ,FTPZD08HP3HR,Pass,DLX937500JKN6R52H,WMT-J90018,R118-P2_P21AEN-1_C00704,R118-P2,R118-P2_P21AEN-1,C4P932200C5JCPP3D,GV29364006ZN3LN29,FM7934401A1N0LH1X+V1J,C47935303B6MW5D2Q,13 00 00 00 02 ,13 00 00 00 00,370,0x0172,3,0x03,2,02,1286,0x0506,A0 02 00 0B 00 0B 00 0B ,0,0x00,33,0x21,33,0x21,Pass,02 01 01 05 49 ,02 01 01 05 49,Read_MLB_Lang :02 01 01 05 49  ,  Get_KBD_Lang :02 01 01 05 49,16,0x10,8704,0,0,0,0,0,0,0,0,0,0,0,0,16777216,0,0,0,0,0,16842752,16777216,0,0,0,0,17372165,100665620,33751040,,,,
FXLH,R118,FTPZD07XP3HR,,R118-P2_P21AEN-1,,FXLH_F05-4FT-02_2_GATEKEEPER,FAIL,09-21-15:11:19,58.92,V1.1.3.2,Check_All_CB,FTPZD07XP3HR,Atlas 1.9.2,FTPZD07XP3HR,V1.1.3.2,1,3,0,0,0,3,0,0,0,3,0,2,2,3,0,0,0,3,0,0,0,3,0,0,0,0,0,0,0,3,0,0,0,3,0,0,0,3,0,0,0,15 00 00 00 ,FTPZD07XP3HR,Pass,DLX937500KKN6R52E,WMT-J90018,R118-P2_P21AEN-1_C00684,R118-P2,R118-P2_P21AEN-1,C4P9322005KJCPP3L,GV293640096N3LN2T,FM7934401JCN0LH1W+V1J,C4793530824MW5D2E,13 00 00 00 02 ,13 00 00 00 00,370,0x0172,3,0x03,2,02,1286,0x0506,A0 02 00 0B 00 0B 00 0B ,0,0x00,33,0x21,33,0x21,Pass,02 01 01 05 49 ,02 01 01 05 49,Read_MLB_Lang :02 01 01 05 49  ,  Get_KBD_Lang :02 01 01 05 49,16,0x10,8704,0,0,0,0,0,0,0,0,0,0,0,0,16777216,0,0,0,0,0,16842752,16777216,0,0,0,0,17372165,100665620,33751040,,,,
FXLH,R118,FTPZD09MP3HR,,R118-P2_P21AEN-1,,FXLH_F05-4FT-02_2_GATEKEEPER,FAIL,09-21-15:18:39,49.35,V1.1.3.2,Check_All_CB,FTPZD09MP3HR,Atlas 1.9.2,FTPZD09MP3HR,V1.1.3.2,1,3,0,0,0,3,0,0,0,3,0,0,0,3,0,0,0,3,0,0,0,3,0,0,0,0,0,0,0,3,0,0,0,3,0,0,0,3,0,0,0,15 00 00 00 ,FTPZD09MP3HR,Pass,DLX937500JLN6R52G,WMT-J90018,R118-P2_P21AEN-1_C00745,R118-P2,R118-P2_P21AEN-1,C4P93220066JCPP3W,GV29364007PN3LN2G,FM7934401JYN0LH1A+V1J,C479353077VMW5D29,13 00 00 00 02 ,13 00 00 00 00,370,0x0172,3,0x03,2,02,1286,0x0506,A0 02 00 0B 00 0B 00 0B ,0,0x00,33,0x21,33,0x21,Pass,02 01 01 05 49 ,02 01 01 05 49,Read_MLB_Lang :02 01 01 05 49  ,  Get_KBD_Lang :02 01 01 05 49,16,0x10,8704,0,0,0,0,0,0,0,0,0,0,0,0,16777216,0,0,0,0,0,16842752,16777216,0,0,0,0,17372165,100665620,33751040,,,,
FXLH,R118,FTPZD06YP3HR,,R118-P2_P21AEN-1,,FXLH_F05-4FT-02_2_GATEKEEPER,FAIL,09-21-15:23:34,41.00,V1.1.3.2,Check_All_CB,FTPZD06YP3HR,Atlas 1.9.2,FTPZD06YP3HR,V1.1.3.2,1,3,0,0,0,3,0,0,0,3,0,1,1,3,0,0,0,3,0,0,0,3,0,0,0,0,0,0,0,3,0,0,0,3,0,0,0,3,0,0,0,15 00 00 00 ,FTPZD06YP3HR,Pass,DLX937500GUN6R52E,WMT-J90018,R118-P2_P21AEN-1_C00657,R118-P2,R118-P2_P21AEN-1,C4P9322003KJCPP3S,GV293640091N3LN2Y,FM79344016DN0LH1X+V1J,C47935308MDMW5D2G,13 00 00 00 02 ,13 00 00 00 00,370,0x0172,3,0x03,2,02,1286,0x0506,A0 02 00 0B 00 0B 00 0B ,0,0x00,33,0x21,33,0x21,Pass,02 01 01 05 49 ,02 01 01 05 49,Read_MLB_Lang :02 01 01 05 49  ,  Get_KBD_Lang :02 01 01 05 49,16,0x10,8704,0,0,0,0,0,0,0,0,0,0,0,0,16777216,0,0,0,0,0,16842752,16777216,0,0,0,0,17372165,100665620,33751040,,,,
FXLH,R118,FTPZD06RP3HR,,R118-P2_P21AEN-1,,FXLH_F05-4FT-02_2_GATEKEEPER,FAIL,09-21-15:25:55,51.19,V1.1.3.2,Check_All_CB,FTPZD06RP3HR,Atlas 1.9.2,FTPZD06RP3HR,V1.1.3.2,1,3,0,0,0,3,0,0,0,3,0,0,0,3,0,0,0,3,0,0,0,3,0,0,0,0,0,0,0,3,0,0,0,3,0,0,0,3,0,0,0,15 00 00 00 ,FTPZD06RP3HR,Pass,DLX937500G0N6R528,WMT-J90018,R118-P2_P21AEN-1_C00644,R118-P2,R118-P2_P21AEN-1,C4P93220087JCPP3P,GV29364009NN3LN2B,FM79344018LN0LH1J+V1J,C47935302BEMW5D2H,13 00 00 00 02 ,13 00 00 00 00,370,0x0172,3,0x03,2,02,1286,0x0506,A0 02 00 0B 00 0B 00 0B ,0,0x00,33,0x21,33,0x21,Pass,02 01 01 05 49 ,02 01 01 05 49,Read_MLB_Lang :02 01 01 05 49  ,  Get_KBD_Lang :02 01 01 05 49,16,0x10,8704,0,0,0,0,0,0,0,0,0,0,0,0,16777216,0,0,0,0,0,16842752,16777216,0,0,0,0,17372165,100665620,33751040,,,,
FXLH,R118,FTPZD07TP3HR,,R118-P2_P21AEN-1,,FXLH_F05-4FT-02_2_GATEKEEPER,FAIL,09-21-15:27:55,41.43,V1.1.3.2,Check_All_CB,FTPZD07TP3HR,Atlas 1.9.2,FTPZD07TP3HR,V1.1.3.2,1,3,0,0,0,3,0,0,0,3,0,0,0,3,0,0,0,3,0,0,0,3,0,0,0,0,0,0,0,3,0,0,0,3,0,0,0,3,0,0,0,15 00 00 00 ,FTPZD07TP3HR,Pass,DLX937500ENN6R52S,WMT-J90018,R118-P2_P21AEN-1_C00688,R118-P2,R118-P2_P21AEN-1,C4P932200RBJCPP32,GV2936400C0N3LN2Q,FM7934401CSN0LH10+V1J,C47935305JKMW5D2N,13 00 00 00 02 ,13 00 00 00 00,370,0x0172,3,0x03,2,02,1286,0x0506,A0 02 00 0B 00 0B 00 0B ,0,0x00,33,0x21,33,0x21,Pass,02 01 01 05 49 ,02 01 01 05 49,Read_MLB_Lang :02 01 01 05 49  ,  Get_KBD_Lang :02 01 01 05 49,16,0x10,8704,0,0,0,0,0,0,0,0,0,0,0,0,16777216,0,0,0,0,0,16842752,16777216,0,0,0,0,17372165,100665620,33751040,,,,
FXLH,R118,FTPZD08YP3HR,,R118-P2_P21AEN-1,,FXLH_F05-4FT-02_2_GATEKEEPER,FAIL,09-21-15:32:21,44.38,V1.1.3.2,Check_All_CB,FTPZD08YP3HR,Atlas 1.9.2,FTPZD08YP3HR,V1.1.3.2,1,3,0,0,0,3,0,0,0,3,0,0,0,3,0,0,0,3,0,1,1,3,0,0,0,0,0,0,0,3,0,0,0,3,0,0,0,3,0,0,0,15 00 00 00 ,FTPZD08YP3HR,Pass,DLX937500F7N6R524,WMT-J90018,R118-P2_P21AEN-1_C00709,R118-P2,R118-P2_P21AEN-1,C4P932200SNJCPP3N,GV29364007RN3LN2E,FM7934401SPN0LH1V+V1J,C479353075ZMW5D2B,13 00 00 00 02 ,13 00 00 00 00,370,0x0172,3,0x03,2,02,1286,0x0506,A0 02 00 0B 00 0B 00 0B ,0,0x00,33,0x21,33,0x21,Pass,02 01 01 05 49 ,02 01 01 05 49,Read_MLB_Lang :02 01 01 05 49  ,  Get_KBD_Lang :02 01 01 05 49,16,0x10,8704,0,0,0,0,0,0,0,0,0,0,0,0,16777216,0,0,0,0,0,16842752,16777216,0,0,0,0,17372165,100665620,33751040,,,,
FXLH,R118,FTPZD03KP3HR,,R118-P2_P21AEN,,FXLH_F05-4FT-02_2_GATEKEEPER,FAIL,09-21-15:34:25,38.63,V1.1.3.2,Check_All_CB,FTPZD03KP3HR,Atlas 1.9.2,FTPZD03KP3HR,V1.1.3.2,1,3,0,0,0,3,0,0,0,3,0,0,0,3,0,0,0,3,0,0,0,3,0,0,0,0,0,0,0,3,0,0,0,3,0,0,0,3,0,0,0,15 00 00 00 ,FTPZD03KP3HR,Pass,DLX937500C8N6R52C,WMT-J90014,R118-P2_P21AEN_C00544,R118-P2,R118-P2_P21AEN,C4P932200JUJCPP36,GV29364002KN3LN21,FM7934401JXN0LH1B+V1J,CR1935601AZMW5D1D,13 00 00 00 02 ,13 00 00 00 00,370,0x0172,3,0x03,2,02,1286,0x0506,A0 02 00 0B 00 0B 00 0B ,0,0x00,33,0x21,33,0x21,Pass,02 01 01 05 49 ,02 01 01 05 49,Read_MLB_Lang :02 01 01 05 49  ,  Get_KBD_Lang :02 01 01 05 49,16,0x10,8704,0,0,0,0,0,0,0,0,0,0,0,0,16777216,0,0,0,0,0,16842752,16777216,0,0,0,0,17372165,100665620,33751040,,,,
FXLH,R118,FTPZF00CP3J4,,R118-P2_P21AKR-R2,,FXLH_F05-4FT-02_2_GATEKEEPER,FAIL,09-21-15:36:11,54.74,V1.1.3.2,Check_All_CB,FTPZF00CP3J4,Atlas 1.9.2,FTPZF00CP3J4,V1.1.3.2,1,3,0,0,0,3,0,0,0,3,0,1,1,3,0,0,0,3,0,0,0,3,0,0,0,0,0,0,0,3,0,0,0,3,0,0,0,3,0,0,0,15 00 00 00 ,FTPZF00CP3J4,Pass,DLX938200A3N6R52P,WMT-J9001C,R118-P2_P21AKR-R2_C00815,R118-P2,R118-P2_P21AKR-R2,C4P9322003HJCPV3N,GV293640028N3LN2C,FM7934401L2N0LH10+V1J,C47935302DSMW5D2Z,13 00 00 00 02 ,13 00 00 00 00,370,0x0172,3,0x03,2,02,1286,0x0506,A0 02 00 0B 00 0B 00 0B ,0,0x00,33,0x21,33,0x21,Pass,02 01 01 0F 49 16 16 ,02 01 01 0F 49 16 16,Read_MLB_Lang :02 01 01 0F 49 16 16  ,  Get_KBD_Lang :02 01 01 0F 49 16 16,16,0x10,8704,0,0,0,0,0,0,0,0,0,0,0,0,16777216,0,0,0,0,0,16842752,16777216,0,0,0,0,17372165,100665620,33751040,,,,
FXLH,R118,FTPZF04SP3HW,,R118-P2_P21ACH-ECORELNB,,FXLH_F05-4FT-02_2_GATEKEEPER,FAIL,09-21-15:38:52,46.22,V1.1.3.2,Check_All_CB,FTPZF04SP3HW,Atlas 1.9.2,FTPZF04SP3HW,V1.1.3.2,1,3,0,0,0,3,0,0,0,3,0,0,0,3,0,0,0,3,0,0,0,3,0,0,0,0,0,0,0,3,0,0,0,3,0,0,0,3,0,0,0,15 00 00 00 ,FTPZF04SP3HW,Pass,DLX937600TBN6R52X,WMT-J9001D,R118-P2_P21ACH-ECORELNB_C00912,R118-P2,R118-P2_P21ACH-ECORELNB,C4P9322000TJCPT3P,GV29363005EN3LN2Y,FM7934401UPN0LH1P+V1J,CR1935601EVMW5D15,13 00 00 00 02 ,13 00 00 00 00,370,0x0172,3,0x03,2,02,1286,0x0506,A0 02 00 0B 00 0B 00 0B ,0,0x00,33,0x21,33,0x21,Pass,02 01 01 0B 49 16 16 ,02 01 01 0B 49 16 16,Read_MLB_Lang :02 01 01 0B 49 16 16  ,  Get_KBD_Lang :02 01 01 0B 49 16 16,16,0x10,8704,0,0,0,0,0,0,0,0,0,0,0,0,16777216,0,0,0,0,0,16842752,16777216,0,0,0,0,17372165,100665620,33751040,,,,
FXLH,R118,FTPZF006P3HX,,R118-P2_P21IG-M6,,FXLH_F05-4FT-02_2_GATEKEEPER,FAIL,09-21-15:45:44,48.00,V1.1.3.2,Check_All_CB,FTPZF006P3HX,Atlas 1.9.2,FTPZF006P3HX,V1.1.3.2,1,3,0,0,0,3,0,0,0,3,0,1,1,3,0,0,0,3,0,0,0,3,0,0,0,0,0,0,0,3,0,0,0,3,0,0,0,3,0,0,0,15 00 00 00 ,FTPZF006P3HX,Pass,DLX93820001N6R52M,WMT-J90025,R118-P2_P21IG-M6_C01036,R118-P2,R118-P2_P21IG-M6,C4P9347001QJCQ53X,GV29372003LP2T02V,FM7934401N7N0LH1P+V1J,C47935304ZDMW5D2J,13 00 00 00 02 ,13 00 00 00 00,370,0x0172,3,0x03,2,02,1286,0x0506,A0 02 00 0B 00 0B 00 0B ,0,0x00,,0x0D,,0x0D,Pass,02 01 02 01 4A ,02 01 02 01 4A,Read_MLB_Lang :02 01 02 01 4A  ,  Get_KBD_Lang :02 01 02 01 4A,16,0x10,8704,0,0,0,0,0,0,0,0,0,0,0,0,16777216,0,0,0,0,0,16842752,16777216,0,0,0,0,17372165,100665620,33751040,,13,13,
FXLH,R118,FTPZF009P3HX,,R118-P2_P21IG-M6,,FXLH_F05-4FT-02_2_GATEKEEPER,FAIL,09-21-15:50:48,42.40,V1.1.3.2,Check_All_CB,FTPZF009P3HX,Atlas 1.9.2,FTPZF009P3HX,V1.1.3.2,1,3,0,0,0,3,0,0,0,3,0,0,0,3,0,0,0,3,0,0,0,3,0,0,0,0,0,0,0,3,0,0,0,3,0,1,1,3,0,0,0,15 00 00 00 ,FTPZF009P3HX,Pass,DLX93820078N6R52T,WMT-J90025,R118-P2_P21IG-M6_C01039,R118-P2,R118-P2_P21IG-M6,C4P93470017JCQ53E,GV29372004KP2T02T,FM7934401EKN0LH11+V1J,CR193560081MW5D1J,13 00 00 00 02 ,13 00 00 00 00,370,0x0172,3,0x03,2,02,1286,0x0506,A0 02 00 0B 00 0B 00 0B ,0,0x00,,0x0D,,0x0D,Pass,02 01 02 01 4A ,02 01 02 01 4A,Read_MLB_Lang :02 01 02 01 4A  ,  Get_KBD_Lang :02 01 02 01 4A,16,0x10,8704,0,0,0,0,0,0,0,0,0,0,0,0,16777216,0,0,0,0,0,16842752,16777216,0,0,0,0,17372165,100665620,33751040,,13,13,
FXLH,R118,FTPZF00UP3J4,,R118-P2_P21AKR-R2,,FXLH_F05-4FT-02_2_GATEKEEPER,FAIL,09-21-15:54:16,53.32,V1.1.3.2,Check_All_CB,FTPZF00UP3J4,Atlas 1.9.2,FTPZF00UP3J4,V1.1.3.2,1,3,0,0,0,3,0,0,0,3,0,0,0,3,0,0,0,3,0,0,0,3,0,0,0,0,0,0,0,3,0,0,0,3,0,0,0,3,0,1,1,15 00 00 00 ,FTPZF00UP3J4,Pass,DLX938200C7N6R52D,WMT-J9001C,R118-P2_P21AKR-R2_C00819,R118-P2,R118-P2_P21AKR-R2,C4P9322002GJCPV3S,GV29364005ZN3LN2C,FM7934401QYN0LH1S+V1J,C47935303GGMW5D2Z,13 00 00 00 02 ,13 00 00 00 00,370,0x0172,3,0x03,2,02,1286,0x0506,A0 02 00 0B 00 0B 00 0B ,0,0x00,33,0x21,33,0x21,Pass,02 01 01 0F 49 16 16 ,02 01 01 0F 49 16 16,Read_MLB_Lang :02 01 01 0F 49 16 16  ,  Get_KBD_Lang :02 01 01 0F 49 16 16,16,0x10,8704,0,0,0,0,0,0,0,0,0,0,0,0,16777216,0,0,0,0,0,16842752,16777216,0,0,0,0,17372165,100665620,33751040,,,,
FXLH,R118,FTPZF03ZP3HW,,R118-P2_P21ACH-ECORELNB,,FXLH_F05-4FT-02_2_GATEKEEPER,FAIL,09-21-15:56:20,51.98,V1.1.3.2,Check_All_CB,FTPZF03ZP3HW,Atlas 1.9.2,FTPZF03ZP3HW,V1.1.3.2,1,3,0,0,0,3,0,0,0,3,0,0,0,3,0,0,0,3,0,0,0,3,0,0,0,0,0,0,0,3,0,0,0,3,0,0,0,3,0,0,0,15 00 00 00 ,FTPZF03ZP3HW,Pass,DLX937600SSN6R52K,WMT-J9001D,R118-P2_P21ACH-ECORELNB_C00874,R118-P2,R118-P2_P21ACH-ECORELNB,C4P9322002QJCPT3L,GV29363005MN3LN2R,FM7934401HFN0LH1W+V1J,CR19356019UMW5D1M,13 00 00 00 02 ,13 00 00 00 00,370,0x0172,3,0x03,2,02,1286,0x0506,A0 02 00 0B 00 0B 00 0B ,0,0x00,33,0x21,33,0x21,Pass,02 01 01 0B 49 16 16 ,02 01 01 0B 49 16 16,Read_MLB_Lang :02 01 01 0B 49 16 16  ,  Get_KBD_Lang :02 01 01 0B 49 16 16,16,0x10,8704,0,0,0,0,0,0,0,0,0,0,0,0,16777216,0,0,0,0,0,16842752,16777216,0,0,0,0,17372165,100665620,33751040,,,,
FXLH,R118,FTPZF02UP3HW,,R118-P2_P21ACH-ECORELNB,,FXLH_F05-4FT-02_2_GATEKEEPER,FAIL,09-21-15:59:29,41.96,V1.1.3.2,Check_All_CB,FTPZF02UP3HW,Atlas 1.9.2,FTPZF02UP3HW,V1.1.3.2,1,3,0,0,0,3,0,0,0,3,0,0,0,3,0,0,0,3,0,0,0,3,0,0,0,0,0,0,0,3,0,0,0,3,0,0,0,3,0,0,0,15 00 00 00 ,FTPZF02UP3HW,Pass,DLX937600SUN6R52H,WMT-J9001D,R118-P2_P21ACH-ECORELNB_C00853,R118-P2,R118-P2_P21ACH-ECORELNB,C4P9322003GJCPT3R,GV29363006TN3LN2G,FM7934401D1N0LH1N+V1J,CR1935601FJMW5D1D,13 00 00 00 02 ,13 00 00 00 00,370,0x0172,3,0x03,2,02,1286,0x0506,A0 02 00 0B 00 0B 00 0B ,0,0x00,33,0x21,33,0x21,Pass,02 01 01 0B 49 16 16 ,02 01 01 0B 49 16 16,Read_MLB_Lang :02 01 01 0B 49 16 16  ,  Get_KBD_Lang :02 01 01 0B 49 16 16,16,0x10,8704,0,0,0,0,0,0,0,0,0,0,0,0,16777216,0,0,0,0,0,16842752,16777216,0,0,0,0,17372165,100665620,33751040,,,,
FXLH,R118,FTPZD04GP3HR,,R118-P2_P21AEN,,FXLH_F05-4FT-02_2_GATEKEEPER,FAIL,09-21-16:02:56,44.80,V1.1.3.2,Check_All_CB,FTPZD04GP3HR,Atlas 1.9.2,FTPZD04GP3HR,V1.1.3.2,1,3,0,0,0,3,0,0,0,3,0,3,3,3,0,0,0,3,0,0,0,3,0,0,0,0,0,0,0,3,0,0,0,3,0,0,0,3,0,0,0,15 00 00 00 ,FTPZD04GP3HR,Pass,DLX9375005EN6R52T,WMT-J90014,R118-P2_P21AEN_C00514,R118-P2,R118-P2_P21AEN,C4P9322007CJCPP3M,GV293640037N3LN2A,FM7934401N1N0LH1V+V1J,CR19356015BMW5D1G,13 00 00 00 02 ,13 00 00 00 00,370,0x0172,3,0x03,2,02,1286,0x0506,A0 02 00 0B 00 0B 00 0B ,0,0x00,33,0x21,33,0x21,Pass,02 01 01 05 49 ,02 01 01 05 49,Read_MLB_Lang :02 01 01 05 49  ,  Get_KBD_Lang :02 01 01 05 49,16,0x10,8704,0,0,0,0,0,0,0,0,0,0,0,0,16777216,0,0,0,0,0,16842752,16777216,0,0,0,0,17372165,100665620,33751040,,,,
FXLH,R118,FTPZF03QP3HR,,R118-P2_P21AEN-ID3,,FXLH_F05-4FT-02_2_GATEKEEPER,FAIL,09-21-17:42:44,47.70,V1.1.3.2,Check_All_CB,FTPZF03QP3HR,Atlas 1.9.2,FTPZF03QP3HR,V1.1.3.2,1,3,0,0,0,3,0,0,0,3,0,0,0,3,0,0,0,2,0,1,1,3,0,0,0,0,0,0,0,3,0,0,0,3,0,0,0,3,0,0,0,15 00 00 00 ,FTPZF03QP3HR,Pass,DLX937600Q4N6R52D,WMT-J90028,R118-P2_P21AEN-ID3_C01072,R118-P2,R118-P2_P21AEN-ID3,C4P9374000YJCPP35,GV29372006AN3LN2X,FM79366002NN0LH1T+VLJ,C47935308B9MW5D2G,13 00 00 00 02 ,13 00 00 00 00,370,0x0172,3,0x03,2,02,1286,0x0506,A0 02 00 0B 00 0B 00 0B ,0,0x00,33,0x21,33,0x21,Pass,02 01 01 05 49 ,02 01 01 05 49,Read_MLB_Lang :02 01 01 05 49  ,  Get_KBD_Lang :02 01 01 05 49,16,0x10,8704,0,0,0,0,0,0,0,0,0,0,0,0,16777216,0,0,0,0,0,16842752,16777216,0,0,0,0,17372165,100665620,33751040,,,,
FXLH,R118,FTPZF03SP3HR,,R118-P2_P21AEN-ID3,,FXLH_F05-4FT-02_2_GATEKEEPER,FAIL,09-21-18:10:09,61.27,V1.1.3.2,Check_All_CB,FTPZF03SP3HR,Atlas 1.9.2,FTPZF03SP3HR,V1.1.3.2,1,3,0,0,0,3,0,0,0,3,0,0,0,3,0,0,0,2,0,1,1,3,0,0,0,0,0,0,0,3,0,0,0,3,0,2,2,3,0,0,0,15 00 00 00 ,FTPZF03SP3HR,Pass,DLX937500AQN6R522,WMT-J90028,R118-P2_P21AEN-ID3_C01073,R118-P2,R118-P2_P21AEN-ID3,C4P9374003JJCPP3A,GV29372005JN3LN2S,FM793660043N0LH16+VLJ,C479353050KMW5D28,13 00 00 00 02 ,13 00 00 00 00,370,0x0172,3,0x03,2,02,1286,0x0506,A0 02 00 0B 00 0B 00 0B ,0,0x00,33,0x21,33,0x21,Pass,02 01 01 05 49 ,02 01 01 05 49,Read_MLB_Lang :02 01 01 05 49  ,  Get_KBD_Lang :02 01 01 05 49,16,0x10,8704,0,0,0,0,0,0,0,0,0,0,0,0,16777216,0,0,0,0,0,16842752,16777216,0,0,0,0,17372165,100665620,33751040,,,,
FXLH,R118,FTPZF01GP3HR,,R118-P2_P21AEN-LO,,FXLH_F05-4FT-02_2_GATEKEEPER,FAIL,09-21-18:33:58,65.26,V1.1.3.2,Check_All_CB,FTPZF01GP3HR,Atlas 1.9.2,FTPZF01GP3HR,V1.1.3.2,1,3,0,0,0,3,0,0,0,3,0,0,0,3,0,0,0,3,0,1,1,3,0,0,0,0,0,0,0,3,0,0,0,3,0,0,0,3,0,1,1,15 00 00 00 ,FTPZF01GP3HR,Pass,DLX9382004TN6R52H,WMT-J90020,R118-P2_P21AEN-LO_C00973,R118-P2,R118-P2_P21AEN-LO,C4P93740048JCPP3H,GV29372001NN3LN20,FM79366003SN0LH1L+VLJ,C479353039VMW5D27,13 00 00 00 02 ,13 00 00 00 00,370,0x0172,3,0x03,2,02,1286,0x0506,A0 02 00 0B 00 0B 00 0B ,0,0x00,33,0x21,33,0x21,Pass,02 01 01 05 49 ,02 01 01 05 49,Read_MLB_Lang :02 01 01 05 49  ,  Get_KBD_Lang :02 01 01 05 49,16,0x10,8704,0,0,0,0,0,0,0,0,0,0,0,0,16777216,0,0,0,0,0,16842752,16777216,0,0,0,0,17372165,100665620,33751040,,,,
FXLH,R118,FTPZF033P3HR,,R118-P2_P21AEN-D5,,FXLH_F05-4FT-02_2_GATEKEEPER,FAIL,09-21-18:36:42,79.31,V1.1.3.2,Check_All_CB,FTPZF033P3HR,Atlas 1.9.2,FTPZF033P3HR,V1.1.3.2,1,3,0,0,0,3,0,0,0,3,0,1,1,3,0,0,0,3,0,1,1,3,0,0,0,0,0,0,0,3,0,0,0,3,0,0,0,3,0,0,0,15 00 00 00 ,FTPZF033P3HR,Pass,DLX9382001ZN6R52L,WMT-J90024,R118-P2_P21AEN-D5_C01030,R118-P2,R118-P2_P21AEN-D5,C4P932200GLJCPP3L,GV29367002HN3LN20,FM7934401H5N0LH16+V1J,CR193560053MW5D1R,13 00 00 00 02 ,13 00 00 00 00,370,0x0172,3,0x03,2,02,1286,0x0506,A0 02 00 0B 00 0B 00 0B ,0,0x00,33,0x21,33,0x21,Pass,02 01 01 05 49 ,02 01 01 05 49,Read_MLB_Lang :02 01 01 05 49  ,  Get_KBD_Lang :02 01 01 05 49,16,0x10,8704,0,0,0,0,0,0,0,0,0,0,0,0,16777216,0,0,0,0,0,16842752,16777216,0,0,0,0,17372165,100665620,33751040,,,,
FXLH,R118,FTPZF02BP3HR,,R118-P2_P21AEN-LO,,FXLH_F05-4FT-02_2_GATEKEEPER,FAIL,09-21-18:39:07,63.33,V1.1.3.2,Check_All_CB,FTPZF02BP3HR,Atlas 1.9.2,FTPZF02BP3HR,V1.1.3.2,1,3,0,0,0,3,0,0,0,3,0,0,0,3,0,0,0,3,0,0,0,3,0,0,0,0,0,0,0,3,0,1,1,3,0,0,0,3,0,0,0,15 00 00 00 ,FTPZF02BP3HR,Pass,DLX9382004RN6R52K,WMT-J90020,R118-P2_P21AEN-LO_C00942,R118-P2,R118-P2_P21AEN-LO,C4P9374000BJCPP3S,GV29372002JN3LN21,FM79366002PN0LH1S+VLJ,C479353049NMW5D2D,13 00 00 00 02 ,13 00 00 00 00,370,0x0172,3,0x03,2,02,1286,0x0506,A0 02 00 0B 00 0B 00 0B ,0,0x00,33,0x21,33,0x21,Pass,02 01 01 05 49 ,02 01 01 05 49,Read_MLB_Lang :02 01 01 05 49  ,  Get_KBD_Lang :02 01 01 05 49,16,0x10,8704,0,0,0,0,0,0,0,0,0,0,0,0,16777216,0,0,0,0,0,16842752,16777216,0,0,0,0,17372165,100665620,33751040,,,,
FXLH,R118,FTPZF032P3HR,,R118-P2_P21AEN-D5,,FXLH_F05-4FT-02_2_GATEKEEPER,FAIL,09-21-18:41:38,49.42,V1.1.3.2,Check_All_CB,FTPZF032P3HR,Atlas 1.9.2,FTPZF032P3HR,V1.1.3.2,1,3,0,0,0,3,0,0,0,3,0,1,1,3,0,0,0,3,0,0,0,3,0,0,0,0,0,0,0,3,0,0,0,3,0,0,0,3,0,0,0,15 00 00 00 ,FTPZF032P3HR,Pass,DLX93820026N6R52A,WMT-J90024,R118-P2_P21AEN-D5_C01029,R118-P2,R118-P2_P21AEN-D5,C4P9322009LJCPP37,GV29367001RN3LN2V,FM7934401PZN0LH1U+V1J,CR1935600AMMW5D1S,13 00 00 00 02 ,13 00 00 00 00,370,0x0172,3,0x03,2,02,1286,0x0506,A0 02 00 0B 00 0B 00 0B ,0,0x00,33,0x21,33,0x21,Pass,02 01 01 05 49 ,02 01 01 05 49,Read_MLB_Lang :02 01 01 05 49  ,  Get_KBD_Lang :02 01 01 05 49,16,0x10,8704,0,0,0,0,0,0,0,0,0,0,0,0,16777216,0,0,0,0,0,16842752,16777216,0,0,0,0,17372165,100665620,33751040,,,,
FXLH,R118,FTPZF01JP3HR,,R118-P2_P21AEN-LO,,FXLH_F05-4FT-02_2_GATEKEEPER,FAIL,09-21-18:47:05,64.64,V1.1.3.2,Check_All_CB,FTPZF01JP3HR,Atlas 1.9.2,FTPZF01JP3HR,V1.1.3.2,1,3,0,0,0,3,0,0,0,3,0,0,0,3,0,0,0,3,0,1,1,3,0,0,0,0,0,0,0,3,0,0,0,3,0,0,0,3,0,0,0,15 00 00 00 ,FTPZF01JP3HR,Pass,DLX9382000QN6R52Y,WMT-J90020,R118-P2_P21AEN-LO_C00975,R118-P2,R118-P2_P21AEN-LO,C4P93740036JCPP3N,GV293720028N3LN2B,FM79366002RN0LH1Q+VLJ,C47935303KNMW5D2J,13 00 00 00 02 ,13 00 00 00 00,370,0x0172,3,0x03,2,02,1286,0x0506,A0 02 00 0B 00 0B 00 0B ,0,0x00,33,0x21,33,0x21,Pass,02 01 01 05 49 ,02 01 01 05 49,Read_MLB_Lang :02 01 01 05 49  ,  Get_KBD_Lang :02 01 01 05 49,16,0x10,8704,0,0,0,0,0,0,0,0,0,0,0,0,16777216,0,0,0,0,0,16842752,16777216,0,0,0,0,17372165,100665620,33751040,,,,
FXLH,R118,FTPZF024P3HR,,R118-P2_P21AEN-LO,,FXLH_F05-4FT-02_2_GATEKEEPER,FAIL,09-21-19:01:47,62.52,V1.1.3.2,Check_All_CB,FTPZF024P3HR,Atlas 1.9.2,FTPZF024P3HR,V1.1.3.2,1,3,0,0,0,3,0,0,0,3,0,1,1,3,0,0,0,3,0,0,0,3,0,0,0,0,0,0,0,3,0,0,0,3,0,0,0,3,0,0,0,15 00 00 00 ,FTPZF024P3HR,Pass,DLX9382004CN6R52Y,WMT-J90020,R118-P2_P21AEN-LO_C00955,R118-P2,R118-P2_P21AEN-LO,C4P93740031JCPP3T,GV29372001TN3LN2V,FM793660037N0LH15+VLJ,C479353039RMW5D2B,13 00 00 00 02 ,13 00 00 00 00,370,0x0172,3,0x03,2,02,1286,0x0506,A0 02 00 0B 00 0B 00 0B ,0,0x00,33,0x21,33,0x21,Pass,02 01 01 05 49 ,02 01 01 05 49,Read_MLB_Lang :02 01 01 05 49  ,  Get_KBD_Lang :02 01 01 05 49,16,0x10,8704,0,0,0,0,0,0,0,0,0,0,0,0,16777216,0,0,0,0,0,16842752,16777216,0,0,0,0,17372165,100665620,33751040,,,,
FXLH,R118,FTPZF02EP3HR,,R118-P2_P21AEN-LO,,FXLH_F05-4FT-02_2_GATEKEEPER,FAIL,09-21-19:07:11,54.80,V1.1.3.2,Check_All_CB,FTPZF02EP3HR,Atlas 1.9.2,FTPZF02EP3HR,V1.1.3.2,1,3,0,0,0,3,0,0,0,3,0,0,0,3,0,0,0,3,0,1,1,3,0,0,0,0,0,0,0,3,0,0,0,3,0,0,0,3,0,1,1,15 00 00 00 ,FTPZF02EP3HR,Pass,DLX9382003JN6R52V,WMT-J90020,R118-P2_P21AEN-LO_C00945,R118-P2,R118-P2_P21AEN-LO,C4P9374004VJCPP3W,GV29372000WN3LN2V,FM793660022N0LH1D+VLJ,C479353039MMW5D2F,13 00 00 00 02 ,13 00 00 00 00,370,0x0172,3,0x03,2,02,1286,0x0506,A0 02 00 0B 00 0B 00 0B ,0,0x00,33,0x21,33,0x21,Pass,02 01 01 05 49 ,02 01 01 05 49,Read_MLB_Lang :02 01 01 05 49  ,  Get_KBD_Lang :02 01 01 05 49,16,0x10,8704,0,0,0,0,0,0,0,0,0,0,0,0,16777216,0,0,0,0,0,16842752,16777216,0,0,0,0,17372165,100665620,33751040,,,,
FXLH,R118,FTPZF02MP3HR,,R118-P2_P21AEN-LO,,FXLH_F05-4FT-02_2_GATEKEEPER,FAIL,09-21-19:31:53,53.99,V1.1.3.2,Check_All_CB,FTPZF02MP3HR,Atlas 1.9.2,FTPZF02MP3HR,V1.1.3.2,1,3,0,0,0,3,0,0,0,3,0,1,1,3,0,0,0,3,0,1,1,3,0,0,0,0,0,0,0,3,0,0,0,3,0,0,0,3,0,0,0,15 00 00 00 ,FTPZF02MP3HR,Pass,DLX9382004ZN6R52B,WMT-J90020,R118-P2_P21AEN-LO_C00980,R118-P2,R118-P2_P21AEN-LO,C4P93740033JCPP3R,GV29372000ZN3LN2S,FM79366003RN0LH1M+VLJ,C4793530399MW5D2T,13 00 00 00 02 ,13 00 00 00 00,370,0x0172,3,0x03,2,02,1286,0x0506,A0 02 00 0B 00 0B 00 0B ,0,0x00,33,0x21,33,0x21,Pass,02 01 01 05 49 ,02 01 01 05 49,Read_MLB_Lang :02 01 01 05 49  ,  Get_KBD_Lang :02 01 01 05 49,16,0x10,8704,0,0,0,0,0,0,0,0,0,0,0,0,16777216,0,0,0,0,0,16842752,16777216,0,0,0,0,17372165,100665620,33751040,,,,
FXLH,R118,FTPZF01WP3HR,,R118-P2_P21AEN-LO,,FXLH_F05-4FT-02_2_GATEKEEPER,FAIL,09-21-20:05:42,45.09,V1.1.3.2,Check_All_CB,FTPZF01WP3HR,Atlas 1.9.2,FTPZF01WP3HR,V1.1.3.2,1,3,0,0,0,3,0,0,0,3,0,0,0,3,0,0,0,3,0,0,0,3,0,0,0,0,0,0,0,3,0,0,0,3,0,0,0,3,0,0,0,15 00 00 00 ,FTPZF01WP3HR,Pass,DLX9382000PN6R52Z,WMT-J90020,R118-P2_P21AEN-LO_C00947,R118-P2,R118-P2_P21AEN-LO,C4P93740010JCPP30,GV293720011N3LN2M,FM79366003DN0LH1Z+VLJ,C47935303N0MW5D2X,13 00 00 00 02 ,13 00 00 00 00,370,0x0172,3,0x03,2,02,1286,0x0506,A0 02 00 0B 00 0B 00 0B ,0,0x00,33,0x21,33,0x21,Pass,02 01 01 05 49 ,02 01 01 05 49,Read_MLB_Lang :02 01 01 05 49  ,  Get_KBD_Lang :02 01 01 05 49,16,0x10,8704,0,0,0,0,0,0,0,0,0,0,0,0,16777216,0,0,0,0,0,16842752,16777216,0,0,0,0,17372165,100665620,33751040,,,,
FXLH,R118,FTPZF025P3HR,,R118-P2_P21AEN-LO,,FXLH_F05-4FT-02_2_GATEKEEPER,FAIL,09-21-20:09:43,43.52,V1.1.3.2,Check_All_CB,FTPZF025P3HR,Atlas 1.9.2,FTPZF025P3HR,V1.1.3.2,1,3,0,0,0,3,0,0,0,3,0,0,0,3,0,0,0,3,0,0,0,3,0,0,0,0,0,0,0,3,0,0,0,3,0,0,0,3,0,0,0,15 00 00 00 ,FTPZF025P3HR,Pass,DLX93820040N6R52A,WMT-J90020,R118-P2_P21AEN-LO_C00956,R118-P2,R118-P2_P21AEN-LO,C4P9374004HJCPP38,GV29372001DN3LN29,FM79366002HN0LH1Y+VLJ,C47935307F9MW5D25,13 00 00 00 02 ,13 00 00 00 00,370,0x0172,3,0x03,2,02,1286,0x0506,A0 02 00 0B 00 0B 00 0B ,0,0x00,33,0x21,33,0x21,Pass,02 01 01 05 49 ,02 01 01 05 49,Read_MLB_Lang :02 01 01 05 49  ,  Get_KBD_Lang :02 01 01 05 49,16,0x10,8704,0,0,0,0,0,0,0,0,0,0,0,0,16777216,0,0,0,0,0,16842752,16777216,0,0,0,0,17372165,100665620,33751040,,,,
FXLH,R118,FTPZF01HP3HR,,R118-P2_P21AEN-LO,,FXLH_F05-4FT-02_2_GATEKEEPER,FAIL,09-21-20:13:46,54.72,V1.1.3.2,Check_All_CB,FTPZF01HP3HR,Atlas 1.9.2,FTPZF01HP3HR,V1.1.3.2,1,3,0,0,0,3,0,0,0,3,0,0,0,3,0,0,0,3,0,0,0,3,0,0,0,0,0,0,0,3,0,0,0,3,0,0,0,3,0,0,0,15 00 00 00 ,FTPZF01HP3HR,Pass,DLX9382001JN6R521,WMT-J90020,R118-P2_P21AEN-LO_C00974,R118-P2,R118-P2_P21AEN-LO,C4P93740049JCPP3G,GV293720026N3LN2D,FM79366003YN0LH1E+VLJ,C479353049EMW5D2M,13 00 00 00 02 ,13 00 00 00 00,370,0x0172,3,0x03,2,02,1286,0x0506,A0 02 00 0B 00 0B 00 0B ,0,0x00,33,0x21,33,0x21,Pass,02 01 01 05 49 ,02 01 01 05 49,Read_MLB_Lang :02 01 01 05 49  ,  Get_KBD_Lang :02 01 01 05 49,16,0x10,8704,0,0,0,0,0,0,0,0,0,0,0,0,16777216,0,0,0,0,0,16842752,16777216,0,0,0,0,17372165,100665620,33751040,,,,
