FATP-FWDL,V1.1.6.0_forCYG
Site, Product, SerialNumber, Special Build Name, Special Build Description, Unit Number, Station ID, Test Pass/Fail Status, StartTime, EndTime, Version, List of Failing Tests,Scan_SN,Start_Data_Reporting,Start_Data_Reporting,Start_Data_Reporting,Start_Data_Reporting,BUILD_EVENT,S_BUILD,WO_SN,SUB_SN,UNIT_LBL,P203_FW,Read_MLB_SN,Check_MLB_SN,Read_STFW_Version_Before_DL,Read_MTFW_Version_Before_DL,Read_CCG3_FW_Version,Program_STFW,Program_MTFW,Read_STFW_Version_After_DL,Read_STFW_Version_After_DL,Read_MTFW_Version_After_DL,Read_MTFW_Version_After_DL,
Upper Limited-------->,,,,,,,,,,,,,,,,,,,,,,,,PASS,,,,PASS,PASS,352,,1285,,
Lower Limited-------->,,,,,,,,,,,,,,,,,,,,,,,,PASS,,,,PASS,PASS,352,,1285,,
Measurement Units---->,,,,,,,,,,,,,,,,,,,,,,,,,NA,NA,,,,,,,,
FXLH,R118,FTPZF009P3J2,,R118-P2_P21INO,,FXLH_F05-4FT-02_1_SW-DOWNLOAD,PASS,09-24-19:38:33,126.80,V1.1.6.0_forCYG,PASS,FTPZF009P3J2,Atlas 1.9.2,FTPZF009P3J2,V1.1.6.0_forCYG,1,R118-P2,R118-P2_P21INO,WMT-J90033,DKB938500E3N6780L,R118-P2_P21INO_C01173,1.2.5-F(DVT),DLX9382000DN6R529,PASS,352,1285,A0 02 00 0B 00 0B 00 0B,PASS,PASS,352,0x0160,1285,0x0505,
FXLH,R118,FTPZF007P3HY,,R118-P2_P21IDA,,FXLH_F05-4FT-02_1_SW-DOWNLOAD,PASS,09-24-20:06:05,91.05,V1.1.6.0_forCYG,PASS,FTPZF007P3HY,Atlas 1.9.2,FTPZF007P3HY,V1.1.6.0_forCYG,1,R118-P2,R118-P2_P21IDA,WMT-J90032,DKB938500DNN67804,R118-P2_P21IDA_C01169,1.2.5-F(DVT),DLX9382008QN6R528,PASS,352,1285,A0 02 00 0B 00 0B 00 0B,PASS,PASS,352,0x0160,1285,0x0505,
FXLH,R118,FTPZF003P3J6,,R118-P2_P21IRU,,FXLH_F05-4FT-02_1_SW-DOWNLOAD,PASS,09-24-20:07:54,91.04,V1.1.6.0_forCYG,PASS,FTPZF003P3J6,Atlas 1.9.2,FTPZF003P3J6,V1.1.6.0_forCYG,1,R118-P2,R118-P2_P21IRU,WMT-J90035,DKB938500EMN67802,R118-P2_P21IRU_C01193,1.2.5-F(DVT),DLX93820024N6R52C,PASS,352,1285,A0 02 00 0B 00 0B 00 0B,PASS,PASS,352,0x0160,1285,0x0505,
FXLH,R118,FTPZF00DP3HT,,R118-P2_P21IAR,,FXLH_F05-4FT-02_1_SW-DOWNLOAD,PASS,09-24-20:09:44,92.69,V1.1.6.0_forCYG,PASS,FTPZF00DP3HT,Atlas 1.9.2,FTPZF00DP3HT,V1.1.6.0_forCYG,1,R118-P2,R118-P2_P21IAR,WMT-J90034,DKB938500EAN6780D,R118-P2_P21IAR_C01188,1.2.5-F(DVT),DLX9382006XN6R527,PASS,352,1285,A0 02 00 0B 00 0B 00 0B,PASS,PASS,352,0x0160,1285,0x0505,
