FATP-FWDL,V1.1.6.0_forCYG
Site, Product, SerialNumber, Special Build Name, Special Build Description, Unit Number, Station ID, Test Pass/Fail Status, StartTime, EndTime, Version, List of Failing Tests,Scan_SN,P203_FW,Read_MLB_SN,Check_MLB_SN,Read_STFW_Version_Before_DL,Read_MTFW_Version_Before_DL,Read_CCG3_FW_Version,
Upper Limited-------->,,,,,,,,,,,,,,,PASS,,,,
Lower Limited-------->,,,,,,,,,,,,,,,PASS,,,,
Measurement Units---->,,,,,,,,,,,,,,,,NA,NA,,
FXLH,R118,FT/ZF00NP3J9,,,,FXLH_F05-4FT-02_1_SW-DOWNLOAD,FAIL,09-26-13:46:50,59.80,V1.1.6.0_forCYG,Start_Data_Reporting; BUILD_EVENT; S_BUILD; WO_SN; SUB_SN; UNIT_LBL; Start_Control_Bit; Query_MLB_SN; Check_MLB_SN; Atlas Hyperion Closed,FT/ZF00NP3J9,1.2.5-F(DVT),DLX938200CMN6R52Z,FAIL,352,1285,A0 02 00 0B 00 0B 00 0B,
