document_version, 1.0
station_name,SW-DOWNLOAD
station_id,FXLH_F05-4FT-01_6_SW-DOWNLOAD
station_sw,Atlas
station_sw_version,Atlas

tag,start_time,duration
Read_SN, 1575528286.63, 3.15
Start_Data_Reporting, 1575528289.78, 0.02
Start_Control_Bit, 1575528289.80, 0.32
Read_Bootargs, 1575528290.12, 0.44
Write_Bootargs, 1575528290.57, 0.00
Check_Bootargs, 1575528290.57, 0.00
BUILD_EVENT, 1575528290.57, 0.05
S_BUILD, 1575528290.62, 0.00
WO_SN, 1575528290.63, 0.00
SUB_SN, 1575528290.63, 0.00
UNIT_LBL, 1575528290.63, 0.00
KAI_FW, 1575528290.63, 0.02
Query_MLB_SN, 1575528290.65, 0.00
Read_MLB_SN, 1575528290.66, 1.02
Check_MLB_SN, 1575528291.67, 0.00
Read_STFW_Version_Before_DL, 1575528291.68, 0.45
Read_MTFW_Version_Before_DL, 1575528292.13, 0.44
Read_CCG3FW_Version_Before_DL, 1575528292.57, 1.38
Program_STFW, 1575528293.94, 137.31
Program_MTFW, 1575528431.25, 44.93
Program_CCG3FW, 1575528476.18, 62.04
Read_STFW_Version_After_DL, 1575528538.22, 0.41
Read_MTFW_Version_After_DL, 1575528538.63, 0.45
Read_CCG3FW_Version_After_DL, 1575528539.08, 1.35
Finish_DRCB, 1575528540.43, 0.43
full_test_durations, 1575528286.62, 254.24
