Related Test,Name-1,Name-2,Name-3,Status,Info,Measurement,Units,Upper Limit,Lower Limit,Relaxed Upper Limit,Relaxed Lower Limit,Limit Units,Start Time,End Time,Duration (s)
Read_SN,,,,,,,,,,,,,Dec 5 2019 2:44:46.6330 PM,Dec 5 2019 2:44:49.7810 PM,3.1478
Read_SN,Read_SN,fixture vendor,CYG,PASS,,,,,,,,,Dec 5 2019 2:44:47.7070 PM,Dec 5 2019 2:44:47.7070 PM,0
Read_SN,Read_SN,KAI,changeDelimiter,PASS,,,,,,,,,Dec 5 2019 2:44:47.7080 PM,Dec 5 2019 2:44:47.7080 PM,0
Read_SN,Read_SN,KAI,changeLineTerminator,PASS,,,,,,,,,Dec 5 2019 2:44:47.7100 PM,Dec 5 2019 2:44:47.7100 PM,0
Read_SN,Read_SN,KAI,open,PASS,,,,,,,,,Dec 5 2019 2:44:47.7120 PM,Dec 5 2019 2:44:49.3050 PM,1.5936
Read_SN,Read_SN,KAI,read,PASS,,,,,,,,,Dec 5 2019 2:44:49.3070 PM,Dec 5 2019 2:44:49.3330 PM,.0258
Read_SN,Read_SN,StationReportPlugin,isReporting,PASS,,,,,,,,,Dec 5 2019 2:44:49.3360 PM,Dec 5 2019 2:44:49.3360 PM,0
Read_SN,Read_SN,[Hid] /usr/local/bin/hidreport -locationid 0x14110000 -i 0 get 0x11,,PASS,,,,,,,,,Dec 5 2019 2:44:49.3920 PM,Dec 5 2019 2:44:49.3920 PM,0
Read_SN,Read_SN,serialnumber,FTPZP005P3M1,PASS,,,,,,,,,Dec 5 2019 2:44:49.7810 PM,Dec 5 2019 2:44:49.7810 PM,0
Start_Data_Reporting,,,,,,,,,,,,,Dec 5 2019 2:44:49.7840 PM,Dec 5 2019 2:44:49.7980 PM,.0136
Start_Data_Reporting,Start_Data_Reporting,DRCB,StartDataReporting,PASS,,,,,,,,,Dec 5 2019 2:44:49.7880 PM,Dec 5 2019 2:44:49.7970 PM,.0088
Start_Control_Bit,,,,,,,,,,,,,Dec 5 2019 2:44:49.8010 PM,Dec 5 2019 2:44:50.1230 PM,.3217
Start_Control_Bit,Start_Control_Bit,DRCB,StartControlBits,PASS,,,,,,,,,Dec 5 2019 2:44:49.8030 PM,Dec 5 2019 2:44:50.1220 PM,.3189
Read_Bootargs,,,,,,,,,,,,,Dec 5 2019 2:44:50.1250 PM,Dec 5 2019 2:44:50.5660 PM,.4408
Read_Bootargs,Read_Bootargs,"[Hid] /usr/local/bin/hidreport -locationid 0x14110000 -usage 0xff00,0xb get 0xF1",,PASS,,,,,,,,,Dec 5 2019 2:44:50.1770 PM,Dec 5 2019 2:44:50.1770 PM,0
Read_Bootargs,Read_Bootargs,Read_Bootargs,,PASS,,,,,,,,,Dec 5 2019 2:44:50.5660 PM,Dec 5 2019 2:44:50.5660 PM,0
Write_Bootargs,,,,,,,,,,,,,Dec 5 2019 2:44:50.5690 PM,Dec 5 2019 2:44:50.5690 PM,.0005
Write_Bootargs,Write_Bootargs,Bootargs is 2. bypass,,PASS,,,,,,,,,Dec 5 2019 2:44:50.5690 PM,Dec 5 2019 2:44:50.5690 PM,0
Check_Bootargs,,,,,,,,,,,,,Dec 5 2019 2:44:50.5710 PM,Dec 5 2019 2:44:50.5720 PM,.0005
Check_Bootargs,Check_Bootargs,Bootargs is 2. bypass,,PASS,,,,,,,,,Dec 5 2019 2:44:50.5720 PM,Dec 5 2019 2:44:50.5720 PM,0
BUILD_EVENT,,,,,,,,,,,,,Dec 5 2019 2:44:50.5740 PM,Dec 5 2019 2:44:50.6210 PM,.0476
BUILD_EVENT,BUILD_EVENT,SFCSupport,getAttributes,PASS,,,,,,,,,Dec 5 2019 2:44:50.5750 PM,Dec 5 2019 2:44:50.6030 PM,.0276
BUILD_EVENT,BUILD_EVENT,SFCSupport,getAttributes-2,PASS,,,,,,,,,Dec 5 2019 2:44:50.6050 PM,Dec 5 2019 2:44:50.6090 PM,.0042
BUILD_EVENT,BUILD_EVENT,SFCSupport,getAttributes-3,PASS,,,,,,,,,Dec 5 2019 2:44:50.6110 PM,Dec 5 2019 2:44:50.6150 PM,.004
BUILD_EVENT,BUILD_EVENT,SFCSupport,getAttributes-4,PASS,,,,,,,,,Dec 5 2019 2:44:50.6160 PM,Dec 5 2019 2:44:50.6200 PM,.0041
BUILD_EVENT,BUILD_EVENT,Build_EVENT,R128-EVT,PASS,,,,,,,,,Dec 5 2019 2:44:50.6210 PM,Dec 5 2019 2:44:50.6210 PM,0
S_BUILD,,,,,,,,,,,,,Dec 5 2019 2:44:50.6240 PM,Dec 5 2019 2:44:50.6240 PM,.0006
S_BUILD,S_BUILD,S_BUILD,R128-EVT_E2ATH-LTDL2,PASS,,,,,,,,,Dec 5 2019 2:44:50.6240 PM,Dec 5 2019 2:44:50.6240 PM,0
WO_SN,,,,,,,,,,,,,Dec 5 2019 2:44:50.6270 PM,Dec 5 2019 2:44:50.6270 PM,.0008
WO_SN,WO_SN,Get wo_no Pass,,PASS,,,,,,,,,Dec 5 2019 2:44:50.6270 PM,Dec 5 2019 2:44:50.6270 PM,0
SUB_SN,,,,,,,,,,,,,Dec 5 2019 2:44:50.6300 PM,Dec 5 2019 2:44:50.6300 PM,.0006
SUB_SN,SUB_SN,Get pansa Pass,,PASS,,,,,,,,,Dec 5 2019 2:44:50.6300 PM,Dec 5 2019 2:44:50.6300 PM,0
UNIT_LBL,,,,,,,,,,,,,Dec 5 2019 2:44:50.6320 PM,Dec 5 2019 2:44:50.6330 PM,.0007
UNIT_LBL,UNIT_LBL,Get unit_lbl Pass,,PASS,,,,,,,,,Dec 5 2019 2:44:50.6330 PM,Dec 5 2019 2:44:50.6330 PM,0
KAI_FW,,,,,,,,,,,,,Dec 5 2019 2:44:50.6350 PM,Dec 5 2019 2:44:50.6520 PM,.0173
KAI_FW,KAI_FW,[KAI] v,sendCommand,PASS,,,,,,,,,Dec 5 2019 2:44:50.6360 PM,Dec 5 2019 2:44:50.6510 PM,.0149
KAI_FW,KAI_FW,KAI_FW,,PASS,,,,,,,,,Dec 5 2019 2:44:50.6520 PM,Dec 5 2019 2:44:50.6520 PM,0
Query_MLB_SN,,,,,,,,,,,,,Dec 5 2019 2:44:50.6550 PM,Dec 5 2019 2:44:50.6550 PM,.0005
Query_MLB_SN,Query_MLB_SN,Query_MLB_SN,DLX94720003N47352,PASS,,,,,,,,,Dec 5 2019 2:44:50.6550 PM,Dec 5 2019 2:44:50.6550 PM,0
Read_MLB_SN,,,,,,,,,,,,,Dec 5 2019 2:44:50.6570 PM,Dec 5 2019 2:44:51.6720 PM,1.0147
Read_MLB_SN,Read_MLB_SN,[Hid] /usr/local/bin/hidreport -locationid 0x14110000 -v 0x05ac -i 0 get 0x12,,PASS,,,,,,,,,Dec 5 2019 2:44:51.2840 PM,Dec 5 2019 2:44:51.2840 PM,0
Read_MLB_SN,Read_MLB_SN,Read_MLB_SN,DLX94720003N47352,PASS,,,,,,,,,Dec 5 2019 2:44:51.6720 PM,Dec 5 2019 2:44:51.6720 PM,0
Check_MLB_SN,,,,,,,,,,,,,Dec 5 2019 2:44:51.6740 PM,Dec 5 2019 2:44:51.6760 PM,.0021
Check_MLB_SN,Check_MLB_SN,Check_MLB_SN,,PASS,,,,,,,,,Dec 5 2019 2:44:51.6750 PM,Dec 5 2019 2:44:51.6750 PM,0
Check_MLB_SN,Check_MLB_SN,StationReportPlugin,appendReportData,PASS,,,,,,,,,Dec 5 2019 2:44:51.6760 PM,Dec 5 2019 2:44:51.6760 PM,.0001
Read_STFW_Version_Before_DL,,,,,,,,,,,,,Dec 5 2019 2:44:51.6780 PM,Dec 5 2019 2:44:52.1230 PM,.4446
Read_STFW_Version_Before_DL,Read_STFW_Version_Before_DL,[Hid] /usr/local/bin/hidreport -locationid 0x14110000 -i 0 get 0xB4,,PASS,,,,,,,,,Dec 5 2019 2:44:51.7360 PM,Dec 5 2019 2:44:51.7360 PM,0
Read_STFW_Version_Before_DL,Read_STFW_Version_Before_DL,Read_STFW_Version_Before_DL,0x0270,PASS,,,,,,,,,Dec 5 2019 2:44:52.1230 PM,Dec 5 2019 2:44:52.1230 PM,0
Read_STFW_Version_Before_DL,Read_STFW_Version_Before_DL,,,PASS,,624,,,,,,,Dec 5 2019 2:44:52.1230 PM,Dec 5 2019 2:44:52.1230 PM,0
Read_MTFW_Version_Before_DL,,,,,,,,,,,,,Dec 5 2019 2:44:52.1260 PM,Dec 5 2019 2:44:52.5650 PM,.439
Read_MTFW_Version_Before_DL,Read_MTFW_Version_Before_DL,[Hid] /usr/local/bin/hidreport -locationid 0x14110000 -i 0 get 0xbb,,PASS,,,,,,,,,Dec 5 2019 2:44:52.1810 PM,Dec 5 2019 2:44:52.1810 PM,0
Read_MTFW_Version_Before_DL,Read_MTFW_Version_Before_DL,Read_MTFW_Version_Before_DL,0x0515,PASS,,,,,,,,,Dec 5 2019 2:44:52.5640 PM,Dec 5 2019 2:44:52.5640 PM,0
Read_MTFW_Version_Before_DL,Read_MTFW_Version_Before_DL,,,PASS,,1301,,,,,,,Dec 5 2019 2:44:52.5650 PM,Dec 5 2019 2:44:52.5650 PM,0
Read_CCG3FW_Version_Before_DL,,,,,,,,,,,,,Dec 5 2019 2:44:52.5670 PM,Dec 5 2019 2:44:53.9410 PM,1.3735
Read_CCG3FW_Version_Before_DL,Read_CCG3FW_Version_Before_DL,"[Hid] /usr/local/bin/hidreport -locationid 0x14110000 -v 0x05ac -usage 0xff00,0xb set 0xCE 0xCE 6 6 0",,PASS,,,,,,,,,Dec 5 2019 2:44:52.6120 PM,Dec 5 2019 2:44:52.6120 PM,0
Read_CCG3FW_Version_Before_DL,Read_CCG3FW_Version_Before_DL,"[Hid] /usr/local/bin/hidreport -locationid 0x14110000 -usage 0xff00,0xb get 0xA0",,PASS,,,,,,,,,Dec 5 2019 2:44:53.1210 PM,Dec 5 2019 2:44:53.1210 PM,0
Read_CCG3FW_Version_Before_DL,Read_CCG3FW_Version_Before_DL,"[Hid] /usr/local/bin/hidreport -locationid 0x14110000 -v 0x05ac -usage 0xff00,0xb set 0xCE 0xCE 6 6 1",,PASS,,,,,,,,,Dec 5 2019 2:44:53.5550 PM,Dec 5 2019 2:44:53.5550 PM,0
Read_CCG3FW_Version_Before_DL,Read_CCG3FW_Version_Before_DL,Read_CCG3FW_Version_Before_DL,A0 02 01 01 02 01 02 01,PASS,,,,,,,,,Dec 5 2019 2:44:53.9400 PM,Dec 5 2019 2:44:53.9400 PM,0
Read_CCG3FW_Version_Before_DL,Read_CCG3FW_Version_Before_DL,,,PASS,,258,,,,,,,Dec 5 2019 2:44:53.9410 PM,Dec 5 2019 2:44:53.9410 PM,0
Program_STFW,,,,,,,,,,,,,Dec 5 2019 2:44:53.9440 PM,Dec 5 2019 2:47:11.2480 PM,137.3049
Program_STFW,Program_STFW,[Hid] /usr/local/bin/unit2Tool/shfuc -l 0x14110000 -n -v 0x05ac -p 0x026F -f /usr/local/bin/R128-v0x0270-dev-signed.R128.EVT.afu,,PASS,,,,,,,,,Dec 5 2019 2:46:57.6510 PM,Dec 5 2019 2:46:57.6510 PM,0
Program_STFW,Program_STFW,Program_STFW,,PASS,,,,,,,,,Dec 5 2019 2:46:57.6680 PM,Dec 5 2019 2:46:57.6680 PM,0
Program_STFW,Program_STFW,StationReportPlugin,appendReportData,PASS,,,,,,,,,Dec 5 2019 2:46:57.6690 PM,Dec 5 2019 2:46:57.6690 PM,.0001
Program_STFW,Program_STFW,[KAI] sys hrst,sendCommand,PASS,,,,,,,,,Dec 5 2019 2:47:02.7440 PM,Dec 5 2019 2:47:02.8630 PM,.1187
Program_STFW,Program_STFW,[KAI] ,sendCommand,PASS,,,,,,,,,Dec 5 2019 2:47:02.8640 PM,Dec 5 2019 2:47:02.8900 PM,.0261
Program_STFW,Program_STFW,[KAI] flags ~ro,sendCommand,PASS,,,,,,,,,Dec 5 2019 2:47:02.8920 PM,Dec 5 2019 2:47:02.9060 PM,.0143
Program_STFW,Program_STFW,[KAI] orion mode 10,sendCommand,PASS,,,,,,,,,Dec 5 2019 2:47:02.9080 PM,Dec 5 2019 2:47:02.9220 PM,.0146
Program_STFW,Program_STFW,[KAI] sys hrst,sendCommand-2,PASS,,,,,,,,,Dec 5 2019 2:47:06.9970 PM,Dec 5 2019 2:47:07.1070 PM,.1099
Program_STFW,Program_STFW,[KAI] ,sendCommand-2,PASS,,,,,,,,,Dec 5 2019 2:47:07.1080 PM,Dec 5 2019 2:47:07.1430 PM,.0346
Program_STFW,Program_STFW,[KAI] flags ~ro,sendCommand-2,PASS,,,,,,,,,Dec 5 2019 2:47:07.1440 PM,Dec 5 2019 2:47:07.1590 PM,.0143
Program_STFW,Program_STFW,[KAI] orion mode 10,sendCommand-2,PASS,,,,,,,,,Dec 5 2019 2:47:07.1600 PM,Dec 5 2019 2:47:07.1750 PM,.0147
Program_MTFW,,,,,,,,,,,,,Dec 5 2019 2:47:11.2520 PM,Dec 5 2019 2:47:56.1790 PM,44.9273
Program_MTFW,Program_MTFW,[Hid] /usr/local/bin/unit2Tool/shfuc -l 0x14110000 -n -v 0x05ac -p 0x026F -f /usr/local/bin/R128-MTFW-0x0515.HW4.dev-sig.afu,,PASS,,,,,,,,,Dec 5 2019 2:47:37.5880 PM,Dec 5 2019 2:47:37.5880 PM,0
Program_MTFW,Program_MTFW,Program_MTFW,,PASS,,,,,,,,,Dec 5 2019 2:47:37.6040 PM,Dec 5 2019 2:47:37.6040 PM,0
Program_MTFW,Program_MTFW,StationReportPlugin,appendReportData,PASS,,,,,,,,,Dec 5 2019 2:47:37.6050 PM,Dec 5 2019 2:47:37.6050 PM,.0001
Program_MTFW,Program_MTFW,[KAI] sys hrst,sendCommand,PASS,,,,,,,,,Dec 5 2019 2:47:47.6740 PM,Dec 5 2019 2:47:47.7930 PM,.1186
Program_MTFW,Program_MTFW,[KAI] ,sendCommand,PASS,,,,,,,,,Dec 5 2019 2:47:47.7940 PM,Dec 5 2019 2:47:47.8200 PM,.0254
Program_MTFW,Program_MTFW,[KAI] flags ~ro,sendCommand,PASS,,,,,,,,,Dec 5 2019 2:47:47.8210 PM,Dec 5 2019 2:47:47.8350 PM,.0144
Program_MTFW,Program_MTFW,[KAI] orion mode 10,sendCommand,PASS,,,,,,,,,Dec 5 2019 2:47:47.8370 PM,Dec 5 2019 2:47:47.8510 PM,.0145
Program_MTFW,Program_MTFW,[KAI] sys hrst,sendCommand-2,PASS,,,,,,,,,Dec 5 2019 2:47:51.9270 PM,Dec 5 2019 2:47:52.0450 PM,.1187
Program_MTFW,Program_MTFW,[KAI] ,sendCommand-2,PASS,,,,,,,,,Dec 5 2019 2:47:52.0470 PM,Dec 5 2019 2:47:52.0720 PM,.0254
Program_MTFW,Program_MTFW,[KAI] flags ~ro,sendCommand-2,PASS,,,,,,,,,Dec 5 2019 2:47:52.0740 PM,Dec 5 2019 2:47:52.0880 PM,.0145
Program_MTFW,Program_MTFW,[KAI] orion mode 10,sendCommand-2,PASS,,,,,,,,,Dec 5 2019 2:47:52.0920 PM,Dec 5 2019 2:47:52.1040 PM,.0126
Program_CCG3FW,,,,,,,,,,,,,Dec 5 2019 2:47:56.1820 PM,Dec 5 2019 2:48:58.2180 PM,62.036
Program_CCG3FW,Program_CCG3FW,[Hid] /usr/local/bin/unit2Tool/shfuc -l 0x14110000 -n -v 0x05ac -p 0x026F -f /usr/local/bin/R128-CCG3-0x0102_EVT-apps.dev-sig.afu,,PASS,,,,,,,,,Dec 5 2019 2:48:38.8770 PM,Dec 5 2019 2:48:38.8770 PM,0
Program_CCG3FW,Program_CCG3FW,Program_CCG3FW,,PASS,,,,,,,,,Dec 5 2019 2:48:38.8920 PM,Dec 5 2019 2:48:38.8920 PM,0
Program_CCG3FW,Program_CCG3FW,StationReportPlugin,appendReportData,PASS,,,,,,,,,Dec 5 2019 2:48:38.8930 PM,Dec 5 2019 2:48:38.8940 PM,.0001
Program_CCG3FW,Program_CCG3FW,[KAI] sys hrst,sendCommand,PASS,,,,,,,,,Dec 5 2019 2:48:53.9650 PM,Dec 5 2019 2:48:54.0840 PM,.1184
Program_CCG3FW,Program_CCG3FW,[KAI] ,sendCommand,PASS,,,,,,,,,Dec 5 2019 2:48:54.0850 PM,Dec 5 2019 2:48:54.1110 PM,.0257
Program_CCG3FW,Program_CCG3FW,[KAI] flags ~ro,sendCommand,PASS,,,,,,,,,Dec 5 2019 2:48:54.1130 PM,Dec 5 2019 2:48:54.1270 PM,.0144
Program_CCG3FW,Program_CCG3FW,[KAI] orion mode 10,sendCommand,PASS,,,,,,,,,Dec 5 2019 2:48:54.1280 PM,Dec 5 2019 2:48:54.1430 PM,.0145
Read_STFW_Version_After_DL,,,,,,,,,,,,,Dec 5 2019 2:48:58.2210 PM,Dec 5 2019 2:48:58.6310 PM,.4101
Read_STFW_Version_After_DL,Read_STFW_Version_After_DL,[Hid] /usr/local/bin/hidreport -locationid 0x14110000 -i 0 get 0xB4,,PASS,,,,,,,,,Dec 5 2019 2:48:58.2750 PM,Dec 5 2019 2:48:58.2750 PM,0
Read_STFW_Version_After_DL,Read_STFW_Version_After_DL,Read_STFW_Version_After_DL,0x0270,PASS,,,,,,,,,Dec 5 2019 2:48:58.6300 PM,Dec 5 2019 2:48:58.6300 PM,0
Read_STFW_Version_After_DL,Read_STFW_Version_After_DL,,,PASS,,624,,624,624,,,,Dec 5 2019 2:48:58.6310 PM,Dec 5 2019 2:48:58.6310 PM,0
Read_MTFW_Version_After_DL,,,,,,,,,,,,,Dec 5 2019 2:48:58.6340 PM,Dec 5 2019 2:48:59.0810 PM,.4471
Read_MTFW_Version_After_DL,Read_MTFW_Version_After_DL,[Hid] /usr/local/bin/hidreport -locationid 0x14110000 -i 0 get 0xbb,,PASS,,,,,,,,,Dec 5 2019 2:48:58.6900 PM,Dec 5 2019 2:48:58.6900 PM,0
Read_MTFW_Version_After_DL,Read_MTFW_Version_After_DL,Read_MTFW_Version_After_DL,0x0515,PASS,,,,,,,,,Dec 5 2019 2:48:59.0810 PM,Dec 5 2019 2:48:59.0810 PM,0
Read_MTFW_Version_After_DL,Read_MTFW_Version_After_DL,,,PASS,,1301,,1301,1301,,,,Dec 5 2019 2:48:59.0810 PM,Dec 5 2019 2:48:59.0810 PM,0
Read_CCG3FW_Version_After_DL,,,,,,,,,,,,,Dec 5 2019 2:48:59.0840 PM,Dec 5 2019 2:49:00.4290 PM,1.3447
Read_CCG3FW_Version_After_DL,Read_CCG3FW_Version_After_DL,"[Hid] /usr/local/bin/hidreport -locationid 0x14110000 -v 0x05ac -usage 0xff00,0xb set 0xCE 0xCE 6 6 0",,PASS,,,,,,,,,Dec 5 2019 2:48:59.1300 PM,Dec 5 2019 2:48:59.1300 PM,0
Read_CCG3FW_Version_After_DL,Read_CCG3FW_Version_After_DL,"[Hid] /usr/local/bin/hidreport -locationid 0x14110000 -usage 0xff00,0xb get 0xA0",,PASS,,,,,,,,,Dec 5 2019 2:48:59.6080 PM,Dec 5 2019 2:48:59.6080 PM,0
Read_CCG3FW_Version_After_DL,Read_CCG3FW_Version_After_DL,"[Hid] /usr/local/bin/hidreport -locationid 0x14110000 -v 0x05ac -usage 0xff00,0xb set 0xCE 0xCE 6 6 1",,PASS,,,,,,,,,Dec 5 2019 2:49:00.0430 PM,Dec 5 2019 2:49:00.0430 PM,0
Read_CCG3FW_Version_After_DL,Read_CCG3FW_Version_After_DL,Read_CCG3FW_Version_After_DL,A0 01 01 01 02 01 02 01,PASS,,,,,,,,,Dec 5 2019 2:49:00.4280 PM,Dec 5 2019 2:49:00.4280 PM,0
Read_CCG3FW_Version_After_DL,Read_CCG3FW_Version_After_DL,,,PASS,,258,,258,258,,,,Dec 5 2019 2:49:00.4280 PM,Dec 5 2019 2:49:00.4280 PM,0
Finish_DRCB,,,,,,,,,,,,,Dec 5 2019 2:49:00.4310 PM,Dec 5 2019 2:49:00.8550 PM,.4232
Finish_DRCB,Finish_DRCB,DRCB,Finish,PASS,,,,,,,,,Dec 5 2019 2:49:00.4320 PM,Dec 5 2019 2:49:00.8530 PM,.4208
