Test,Plugin,Command,Status,Info,Start Time,End Time,Duration (s)
Read_SN,KAI,changeDelimiter,PASS,,Dec 5 2019 2:44:47.7080 PM,Dec 5 2019 2:44:47.7080 PM,.0001
Read_SN,KAI,changeLineTerminator,PASS,,Dec 5 2019 2:44:47.7100 PM,Dec 5 2019 2:44:47.7100 PM,0
Read_SN,KAI,open,PASS,,Dec 5 2019 2:44:47.7120 PM,Dec 5 2019 2:44:49.3050 PM,1.5937
Read_SN,KAI,read,PASS,,Dec 5 2019 2:44:49.3070 PM,Dec 5 2019 2:44:49.3330 PM,.0258
Read_SN,StationReportPlugin,isReporting,PASS,,Dec 5 2019 2:44:49.3360 PM,Dec 5 2019 2:44:49.3370 PM,0
Start_Data_Reporting,DRCB,startDataReporting,PASS,,Dec 5 2019 2:44:49.7880 PM,Dec 5 2019 2:44:49.7970 PM,.0089
Start_Control_Bit,DRCB,startControlBits,PASS,,Dec 5 2019 2:44:49.8030 PM,Dec 5 2019 2:44:50.1220 PM,.3189
BUILD_EVENT,SFCSupport,getAttribute,PASS,,Dec 5 2019 2:44:50.5750 PM,Dec 5 2019 2:44:50.6030 PM,.0277
BUILD_EVENT,SFCSupport,getAttribute,PASS,,Dec 5 2019 2:44:50.6050 PM,Dec 5 2019 2:44:50.6090 PM,.0042
BUILD_EVENT,SFCSupport,getAttribute,PASS,,Dec 5 2019 2:44:50.6110 PM,Dec 5 2019 2:44:50.6150 PM,.004
BUILD_EVENT,SFCSupport,getAttribute,PASS,,Dec 5 2019 2:44:50.6160 PM,Dec 5 2019 2:44:50.6200 PM,.0041
KAI_FW,KAI,sendCommand,PASS,,Dec 5 2019 2:44:50.6360 PM,Dec 5 2019 2:44:50.6510 PM,.015
Check_MLB_SN,StationReportPlugin,appendReportData,PASS,,Dec 5 2019 2:44:51.6760 PM,Dec 5 2019 2:44:51.6760 PM,.0002
Program_STFW,StationReportPlugin,appendReportData,PASS,,Dec 5 2019 2:46:57.6690 PM,Dec 5 2019 2:46:57.6690 PM,.0002
Program_STFW,KAI,sendCommand,PASS,,Dec 5 2019 2:47:02.7440 PM,Dec 5 2019 2:47:02.8630 PM,.1187
Program_STFW,KAI,sendCommand,PASS,,Dec 5 2019 2:47:02.8640 PM,Dec 5 2019 2:47:02.8900 PM,.0261
Program_STFW,KAI,sendCommand,PASS,,Dec 5 2019 2:47:02.8920 PM,Dec 5 2019 2:47:02.9060 PM,.0143
Program_STFW,KAI,sendCommand,PASS,,Dec 5 2019 2:47:02.9080 PM,Dec 5 2019 2:47:02.9220 PM,.0146
Program_STFW,KAI,sendCommand,PASS,,Dec 5 2019 2:47:06.9970 PM,Dec 5 2019 2:47:07.1070 PM,.1099
Program_STFW,KAI,sendCommand,PASS,,Dec 5 2019 2:47:07.1080 PM,Dec 5 2019 2:47:07.1430 PM,.0347
Program_STFW,KAI,sendCommand,PASS,,Dec 5 2019 2:47:07.1440 PM,Dec 5 2019 2:47:07.1590 PM,.0144
Program_STFW,KAI,sendCommand,PASS,,Dec 5 2019 2:47:07.1600 PM,Dec 5 2019 2:47:07.1750 PM,.0147
Program_MTFW,StationReportPlugin,appendReportData,PASS,,Dec 5 2019 2:47:37.6050 PM,Dec 5 2019 2:47:37.6050 PM,.0002
Program_MTFW,KAI,sendCommand,PASS,,Dec 5 2019 2:47:47.6740 PM,Dec 5 2019 2:47:47.7930 PM,.1186
Program_MTFW,KAI,sendCommand,PASS,,Dec 5 2019 2:47:47.7940 PM,Dec 5 2019 2:47:47.8200 PM,.0254
Program_MTFW,KAI,sendCommand,PASS,,Dec 5 2019 2:47:47.8210 PM,Dec 5 2019 2:47:47.8350 PM,.0144
Program_MTFW,KAI,sendCommand,PASS,,Dec 5 2019 2:47:47.8370 PM,Dec 5 2019 2:47:47.8510 PM,.0145
Program_MTFW,KAI,sendCommand,PASS,,Dec 5 2019 2:47:51.9270 PM,Dec 5 2019 2:47:52.0450 PM,.1187
Program_MTFW,KAI,sendCommand,PASS,,Dec 5 2019 2:47:52.0470 PM,Dec 5 2019 2:47:52.0720 PM,.0254
Program_MTFW,KAI,sendCommand,PASS,,Dec 5 2019 2:47:52.0740 PM,Dec 5 2019 2:47:52.0880 PM,.0145
Program_MTFW,KAI,sendCommand,PASS,,Dec 5 2019 2:47:52.0920 PM,Dec 5 2019 2:47:52.1040 PM,.0127
Program_CCG3FW,StationReportPlugin,appendReportData,PASS,,Dec 5 2019 2:48:38.8930 PM,Dec 5 2019 2:48:38.8940 PM,.0002
Program_CCG3FW,KAI,sendCommand,PASS,,Dec 5 2019 2:48:53.9650 PM,Dec 5 2019 2:48:54.0840 PM,.1185
Program_CCG3FW,KAI,sendCommand,PASS,,Dec 5 2019 2:48:54.0850 PM,Dec 5 2019 2:48:54.1110 PM,.0258
Program_CCG3FW,KAI,sendCommand,PASS,,Dec 5 2019 2:48:54.1130 PM,Dec 5 2019 2:48:54.1270 PM,.0144
Program_CCG3FW,KAI,sendCommand,PASS,,Dec 5 2019 2:48:54.1280 PM,Dec 5 2019 2:48:54.1430 PM,.0146
Finish_DRCB,DRCB,finish,PASS,,Dec 5 2019 2:49:00.4320 PM,Dec 5 2019 2:49:00.8530 PM,.4208
