FATP-FWDL,V1.2.2.0
Site,Product,SerialNumber,Special Build Name,Special Build Description,Unit Number,Station ID,Test Pass/Fail Status,StartTime,EndTime,Version,List of Failing Tests,Read_SN,Start_Data_Reporting,Start_Data_Reporting,Start_Data_Reporting,Start_Data_Reporting,BUILD_EVENT,S_BUILD,WO_SN,SUB_SN,UNIT_LBL,KAI_FW,Read_MLB_SN,Read_STFW_Version_Before_DL,Read_MTFW_Version_Before_DL,Read_CCG3FW_Version_Before_DL,Read_STFW_Version_After_DL,Read_STFW_Version_After_DL,Read_MTFW_Version_After_DL,Read_MTFW_Version_After_DL,Read_CCG3FW_Version_After_DL,Read_CCG3FW_Version_After_DL,
Upper Limited-------->,,,,,,,,,,,,,,,,,,,,,,,,,,,624,,1301,,258,,
Lower Limited-------->,,,,,,,,,,,,,,,,,,,,,,,,,,,624,,1301,,258,,
Measurement Units---->,,,,,,,,,,,,,,,,,,,,,,,,,,,,,,,,,
FXLH,R118,FTPZR014PPHF,,R118-EVT_E1AEN-LT1,,FXLH_F05-4FT-02_5_SW-DOWNLOAD,PASS,12-04-11:20:54,256.20,V1.2.2.0,PASS,
FXLH,R118,FTPZQ01SPPHF,,R118-EVT_E1AEN-LHWTE1,,FXLH_F05-4FT-02_5_SW-DOWNLOAD,PASS,12-04-11:30:20,257.36,V1.2.2.0,PASS,FTPZR014PPHF,Atlas 1.9.2,FTPZR014PPHF,V1.2.2.0,1,R118-EVT,R118-EVT_E1AEN-LT1,WMT-JB000D,DKB94820004PQGL03,R118-EVT_E1AEN-LT1_C02004,0.2.1,DLX9475003JN6R54N,608,1300,257,624,0x0270,1301,0x0515,258,0x0102,
FXLH,R118,FTPZQ01SPPHF,,R118-EVT_E1AEN-LHWTE1,,FXLH_F05-4FT-02_5_SW-DOWNLOAD,PASS,12-04-11:35:32,257.34,V1.2.2.0,PASS,FTPZQ01SPPHF,Atlas 1.9.2,FTPZQ01SPPHF,V1.2.2.0,1,R118-EVT,R118-EVT_E1AEN-LHWTE1,WMT-JB000B,DKB9475001PPQGL0F,R118-EVT_E1AEN-LHWTE1_C01969,0.2.1,DLX94750012N6R54A,624,1301,258,624,0x0270,1301,0x0515,258,0x0102,
