FATP-FWDL,V1.2.2.0
Site,Product,SerialNumber,Special Build Name,Special Build Description,Unit Number,Station ID,Test Pass/Fail Status,StartTime,EndTime,Version,List of Failing Tests,Read_SN,Start_Data_Reporting,Start_Data_Reporting,Start_Data_Reporting,Start_Data_Reporting,BUILD_EVENT,S_BUILD,WO_SN,SUB_SN,UNIT_LBL,KAI_FW,Read_MLB_SN,Read_STFW_Version_Before_DL,Read_MTFW_Version_Before_DL,Read_CCG3FW_Version_Before_DL,Read_STFW_Version_After_DL,Read_STFW_Version_After_DL,Read_MTFW_Version_After_DL,Read_MTFW_Version_After_DL,Read_CCG3FW_Version_After_DL,Read_CCG3FW_Version_After_DL,
Upper Limited-------->,,,,,,,,,,,,,,,,,,,,,,,,,,,624,,1301,,258,,
Lower Limited-------->,,,,,,,,,,,,,,,,,,,,,,,,,,,624,,1301,,258,,
Measurement Units---->,,,,,,,,,,,,,,,,,,,,,,,,,,,,,,,,,
FXLH,R118,FTPZT00EPPHG,,R118-EVT_E1ATW-S3,,FXLH_F05-4FT-02_5_SW-DOWNLOAD,PASS,12-05-08:17:11,255.59,V1.2.2.0,PASS,
