FATP-FWDL,V1.2.2.0
Site,Product,SerialNumber,Special Build Name,Special Build Description,Unit Number,Station ID,Test Pass/Fail Status,StartTime,EndTime,Version,List of Failing Tests,Read_SN,Start_Data_Reporting,Start_Data_Reporting,Start_Data_Reporting,Start_Data_Reporting,BUILD_EVENT,S_BUILD,WO_SN,SUB_SN,UNIT_LBL,KAI_FW,Read_MLB_SN,Read_STFW_Version_Before_DL,Read_MTFW_Version_Before_DL,Read_CCG3FW_Version_Before_DL,Read_STFW_Version_After_DL,Read_STFW_Version_After_DL,Read_MTFW_Version_After_DL,Read_MTFW_Version_After_DL,Read_CCG3FW_Version_After_DL,Read_CCG3FW_Version_After_DL,
Upper Limited-------->,,,,,,,,,,,,,,,,,,,,,,,,,,,624,,1301,,258,,
Lower Limited-------->,,,,,,,,,,,,,,,,,,,,,,,,,,,624,,1301,,258,,
Measurement Units---->,,,,,,,,,,,,,,,,,,,,,,,,,,,,,,,,,
FXLH,R118,FTPZQ01SPPHF,,R118-EVT_E1AEN-LHWTE1,,FXLH_F05-4FT-02_5_SW-DOWNLOAD,PASS,12-04-18:29:08,257.05,V1.2.2.0,PASS,
FXLH,R118,FTPZR009PPHH,,R118-EVT_E1ATH-S2,,FXLH_F05-4FT-02_5_SW-DOWNLOAD,PASS,12-04-19:53:58,256.15,V1.2.2.0,PASS,FTPZQ01SPPHF,Atlas 1.9.2,FTPZQ01SPPHF,V1.2.2.0,1,R118-EVT,R118-EVT_E1AEN-LHWTE1,WMT-JB000B,DKB9475001PPQGL0F,R118-EVT_E1AEN-LHWTE1_C01969,0.2.1,DLX94750012N6R54A,624,1301,258,624,0x0270,1301,0x0515,258,0x0102,
FXLH,R118,FTPZR002PPHH,,R118-EVT_E1ATH-S2,,FXLH_F05-4FT-02_5_SW-DOWNLOAD,PASS,12-04-20:09:02,255.30,V1.2.2.0,PASS,FTPZR009PPHH,Atlas 1.9.2,FTPZR009PPHH,V1.2.2.0,1,R118-EVT,R118-EVT_E1ATH-S2,WMT-JB0011,DKB9487002RPQGL05,R118-EVT_E1ATH-S2_C02040,0.2.1,DLX94850043N6R54X,608,1301,258,624,0x0270,1301,0x0515,258,0x0102,
FXLH,R118,FTPZT004PPHG,,R118-EVT_E1ATW-S3,,FXLH_F05-4FT-02_5_SW-DOWNLOAD,PASS,12-04-20:51:44,256.71,V1.2.2.0,PASS,FTPZR002PPHH,Atlas 1.9.2,FTPZR002PPHH,V1.2.2.0,1,R118-EVT,R118-EVT_E1ATH-S2,WMT-JB0011,DKB9487002HPQGL0D,R118-EVT_E1ATH-S2_C02033,0.2.1,DLX94850040N6R540,608,1301,258,624,0x0270,1301,0x0515,258,0x0102,
