FATP-FWDL,V1.2.2.0
Site,Product,SerialNumber,Special Build Name,Special Build Description,Unit Number,Station ID,Test Pass/Fail Status,StartTime,EndTime,Version,List of Failing Tests,Read_SN,Start_Data_Reporting,Start_Data_Reporting,Start_Data_Reporting,Start_Data_Reporting,BUILD_EVENT,S_BUILD,WO_SN,SUB_SN,UNIT_LBL,KAI_FW,Read_MLB_SN,Read_STFW_Version_Before_DL,Read_MTFW_Version_Before_DL,Read_CCG3FW_Version_Before_DL,Read_STFW_Version_After_DL,Read_STFW_Version_After_DL,Read_MTFW_Version_After_DL,Read_MTFW_Version_After_DL,Read_CCG3FW_Version_After_DL,Read_CCG3FW_Version_After_DL,
Upper Limited-------->,,,,,,,,,,,,,,,,,,,,,,,,,,,624,,1301,,258,,
Lower Limited-------->,,,,,,,,,,,,,,,,,,,,,,,,,,,624,,1301,,258,,
Measurement Units---->,,,,,,,,,,,,,,,,,,,,,,,,,,,,,,,,,
FXLH,R118,FTPZT005PPHG,,R118-EVT_E1ATW-S3,,FXLH_F05-4FT-02_5_SW-DOWNLOAD,PASS,12-05-10:08:34,255.63,V1.2.2.0,PASS,
FXLH,R118,FTPZT008PPHG,,R118-EVT_E1ATW-S3,,FXLH_F05-4FT-02_5_SW-DOWNLOAD,PASS,12-05-10:08:38,255.99,V1.2.2.0,PASS,FTPZT005PPHG,Atlas 1.9.2,FTPZT005PPHG,V1.2.2.0,1,R118-EVT,R118-EVT_E1ATW-S3,WMT-JC0001,DKB9492000DPQGL0R,R118-EVT_E1ATW-S3_C02057,0.2.1,DLX9485002RN6R54F,624,1301,258,624,0x0270,1301,0x0515,258,0x0102,
FXLH,R118,FTPZQ01LPPHF,,R118-EVT_E1AEN-LHWTE1,,FXLH_F05-4FT-02_5_SW-DOWNLOAD,PASS,12-05-11:32:04,256.15,V1.2.2.0,PASS,FTPZT008PPHG,Atlas 1.9.2,FTPZT008PPHG,V1.2.2.0,1,R118-EVT,R118-EVT_E1ATW-S3,WMT-JC0001,DKB9492000BPQGL0T,R118-EVT_E1ATW-S3_C02054,0.2.1,DLX94850025N6R541,624,1301,258,624,0x0270,1301,0x0515,258,0x0102,
FXLH,R118,FTPZQ01PPPHF,,R118-EVT_E1AEN-LHWTE1,,FXLH_F05-4FT-02_5_SW-DOWNLOAD,PASS,12-05-11:32:18,257.15,V1.2.2.0,PASS,FTPZQ01LPPHF,Atlas 1.9.2,FTPZQ01LPPHF,V1.2.2.0,1,R118-EVT,R118-EVT_E1AEN-LHWTE1,WMT-JB000B,DKB9475001XPQGL07,R118-EVT_E1AEN-LHWTE1_C01975,0.2.1,DLX94750019N6R543,608,1300,257,624,0x0270,1301,0x0515,258,0x0102,
