FATP-FWDL,V1.2.2.0_debug
Site,Product,SerialNumber,Special Build Name,Special Build Description,Unit Number,Station ID,Test Pass/Fail Status,StartTime,EndTime,Durations,Version,List of Failing Tests,Read_SN,BUILD_EVENT,S_BUILD,WO_SN,SUB_SN,UNIT_LBL,KAI_FW,Read_MLB_SN,Check_MLB_SN,Read_STFW_Version_Before_DL,Read_MTFW_Version_Before_DL,Read_CCG3FW_Version_Before_DL,Program_STFW,Program_MTFW,Program_CCG3FW,Read_STFW_Version_After_DL,Read_STFW_Version_After_DL,Read_MTFW_Version_After_DL,Read_MTFW_Version_After_DL,Read_CCG3FW_Version_After_DL,Read_CCG3FW_Version_After_DL,
Upper Limited-------->,,,,,,,,,,,,,,,,,,,,,PASS,,,,PASS,PASS,PASS,624,,1301,,258,,
Lower Limited-------->,,,,,,,,,,,,,,,,,,,,,PASS,,,,PASS,PASS,PASS,624,,1301,,258,,
Measurement Units---->,,,,,,,,,,,,,,,,,,,,,,,,,,,,,,,,,,
FXLH,R118,FTPZP00GP3HR,,R118-EVT_E1A-LHWTE2,,FXLH_F05-4FT-02_5_SW-DOWNLOAD,PASS,12-05-15:02:46,12-05-15:07:03,256.57,V1.2.2.0_debug,PASS,FTPZP00GP3HR,R118-EVT,R118-EVT_E1A-LHWTE2,WMT-JB0002,DKB9465000UN67808,R118-EVT_E1A-LHWTE2_C01909,0.2.1,DLX94720002N6R54G,PASS,624,1301,258,PASS,PASS,PASS,624,0x0270,1301,0x0515,258,0x0102,
