FATP-FWDL,V1.2.2.0
Site,Product,SerialNumber,Special Build Name,Special Build Description,Unit Number,Station ID,Test Pass/Fail Status,StartTime,EndTime,Durations,Version,List of Failing Tests,Read_SN,BUILD_EVENT,S_BUILD,WO_SN,SUB_SN,UNIT_LBL,KAI_FW,Read_MLB_SN,Check_MLB_SN,Read_STFW_Version_Before_DL,Read_MTFW_Version_Before_DL,Read_CCG3FW_Version_Before_DL,Read_STFW_Version_After_DL,Read_STFW_Version_After_DL,Read_MTFW_Version_After_DL,Read_MTFW_Version_After_DL,Read_CCG3FW_Version_After_DL,Read_CCG3FW_Version_After_DL,
Upper Limited-------->,,,,,,,,,,,,,,,,,,,,,PASS,,,,624,,1301,,258,,
Lower Limited-------->,,,,,,,,,,,,,,,,,,,,,PASS,,,,624,,1301,,258,,
Measurement Units---->,,,,,,,,,,,,,,,,,,,,,,,,,,,,,,,
FXLH,R118,FTPZQ01QPPHF,,R118-EVT_E1AEN-LHWTE1,,FXLH_F05-4FT-02_5_SW-DOWNLOAD,PASS,12-04-16:55:10,12-04-16:55:19,9.00,V1.2.2.0,PASS,FTPZQ01QPPHF,R118-EVT,R118-EVT_E1AEN-LHWTE1,WMT-JB000B,DKB9475001ZPQGL05,R118-EVT_E1AEN-LHWTE1_C01971,0.2.1,DLX9475000HN6R54Y,PASS,624,1301,258,624,0x0270,1301,0x0515,258,0x0102,
FXLH,R118,FTPZQ01SPPHF,,R118-EVT_E1AEN-LHWTE1,,FXLH_F05-4FT-02_5_SW-DOWNLOAD,PASS,12-04-16:55:11,12-04-16:55:20,9.08,V1.2.2.0,PASS,FTPZQ01SPPHF,R118-EVT,R118-EVT_E1AEN-LHWTE1,WMT-JB000B,DKB9475001PPQGL0F,R118-EVT_E1AEN-LHWTE1_C01969,0.2.1,DLX94750012N6R54A,PASS,624,1301,258,624,0x0270,1301,0x0515,258,0x0102,
FXLH,R118,FTPZQ01QPPHF,,R118-EVT_E1AEN-LHWTE1,,FXLH_F05-4FT-02_5_SW-DOWNLOAD,PASS,12-04-16:55:56,12-04-16:56:05,8.81,V1.2.2.0,PASS,FTPZQ01QPPHF,R118-EVT,R118-EVT_E1AEN-LHWTE1,WMT-JB000B,DKB9475001ZPQGL05,R118-EVT_E1AEN-LHWTE1_C01971,0.2.1,DLX9475000HN6R54Y,PASS,624,1301,258,624,0x0270,1301,0x0515,258,0x0102,
FXLH,R118,FTPZQ01SPPHF,,R118-EVT_E1AEN-LHWTE1,,FXLH_F05-4FT-02_5_SW-DOWNLOAD,PASS,12-04-16:55:57,12-04-16:56:05,8.76,V1.2.2.0,PASS,FTPZQ01SPPHF,R118-EVT,R118-EVT_E1AEN-LHWTE1,WMT-JB000B,DKB9475001PPQGL0F,R118-EVT_E1AEN-LHWTE1_C01969,0.2.1,DLX94750012N6R54A,PASS,624,1301,258,624,0x0270,1301,0x0515,258,0x0102,
