Related Test,Type,Name,Value
3.SN,Device,serialnumber,DLXYP002MK2R
7.Start Data Reporting,Device,softwarename,Atlas
7.Start Data Reporting,Device,serialnumber,DLXYP002MK2R
7.Start Data Reporting,Device,softwareversion,V23.2.14.14
7.Start Data Reporting,Device,limitsversion,1.0
9.Diag Version,Device,DIAG_VER,29D110q
16.Board Revision,Device,BOARD_REV,0x01
17.Read Back AP_CHIPID,Device,AP_CHIP_ID,8027
22.WOSN,Device,WOSN,WU7-J50034
23.Housing SN,Device,HOUSING_SN,RSH9197004AMFWL1D
24.Titus SN,Device,TITUS_SN,DN890930MKXM9XRZ2
25.Juliet SN,Device,JULIET_SN,DNM91240KWXJ7LP8W
26.Read_Ohio_SN,Device,Ohio_SN,F0W916100MQLV412K
29.RDF resistance(start),Device,RDF_resistance(start),34201
30.RDF arm status(start),Device,RDF_arm_status(start),1
31.Will fault registers check,Device,Will fault registers 0x44,0x0
31.Will fault registers check,Device,Will fault registers 0x45,0x0
31.Will fault registers check,Device,Will fault registers 0x43,0x0
55.RDF resistance(end),Device,RDF_resistance(end),34323
56.RDF arm status (end),Device,RDF_arm_status(end),1
58.Read_Jasper_SN,Device,Jasper_SN,DN8914432EHK7QD66
59.Camera Build Config,Device,CameraBuildConfig,C5070
60.Jasper Bin,Device,JasperBin,FF
61.Jasper DOE,Device,JasperDOE,FF
65.Check_Jasper_Vendor,Device,Jasper_Vendor,II-IV
69.Get Battery SN,Device,BATTERY_SN,F8Y9182B5N6J6K0AS+836
71.Read Back HW Configuration,Device,OPTS,"iPad12,4/WIFI&BT/GPS/GSM/UMTS/TD-SCDMA/TD-LTE/NAND,SIZE=64G/RAM,SIZE=6G/White"
73.Read Back MPN,Device,MPN,993-38810
75.Read Back Regn,Device,REGN,LL/A
76.Burn HS Color,Device,CLHS,0x00000001 0x00000000 0x00000000 0x00000002
78.Burn CG Color,Device,CLCG,0x00000001 0x00000000 0x00000000 0x00000001
81.Read Back NANDID and NANDCS,Device,NANDID,0x00006B76B3983C45
81.Read Back NANDID and NANDCS,Device,NANDCS,00000000000000000000000000000001000000000000000000000000000000010000000000000000000000000000000100000000000000000000000000000001
83.Read Back Matrix and Special Builds,Device,S_BUILD,J421-P1_MAIN-P1NBS-15
83.Read Back Matrix and Special Builds,Device,BUILD_MATRIX_CONFIG,MAIN-P1NBS-15
83.Read Back Matrix and Special Builds,Device,BUILD_EVENT,J421-P1
83.Read Back Matrix and Special Builds,Device,UNIT#,11471
87.Check ACE FW version,Device,ACE_FW,00 11 20 00                                      
88.Check ACE OTP FW version,Device,ACE_OTP_FW,0x4C4B603F
131.Check TX MCU FW,Device,TX_MCU_FW,B0 00 01 00 01 00 13 04 
132.Tx HW ID Check,Device,TX_HW_ID,0
