Test,Plugin,Command,Status,Info,Start Time,End Time,Duration (s)
,UART,read,ERROR,Timed out trying to read; ,Jul 19 2019 3:45:30.0150 PM,Jul 19 2019 3:45:31.0340 PM,1.0191
,UART,read,ERROR,Timed out trying to read; ,Jul 19 2019 3:45:31.1460 PM,Jul 19 2019 3:45:32.1750 PM,1.0292
,Dut,read,ERROR,Timed out trying to read; ,Jul 19 2019 3:45:33.8540 PM,Jul 19 2019 3:45:33.9980 PM,.144
8.Start Control Bits,DRCB,startControlBits,ERROR,startControlBits needs all files to be secure; ,Jul 19 2019 3:45:34.0830 PM,Jul 19 2019 3:45:34.0830 PM,.0005
,Dut,read,ERROR,Timed out trying to read; ,Jul 19 2019 3:45:34.1020 PM,Jul 19 2019 3:45:34.2480 PM,.146
37.Riker ID,Dut,sendCommand,ERROR,"NO FAILURE MESSAGE PROVIDED (     ""[Diags] camisp --i2cread 5 0x33 0x00 1 4"",     sendCommand ); ",Jul 19 2019 3:45:40.3040 PM,Jul 19 2019 3:45:40.3900 PM,.0854
38.Riker fault registers check,Dut,sendCommand,ERROR,"NO FAILURE MESSAGE PROVIDED (     ""[Diags] camisp --i2cread 5 0x33 0x43 1 1"",     sendCommand ); ",Jul 19 2019 3:45:40.3960 PM,Jul 19 2019 3:45:40.4800 PM,.0845
38.Riker fault registers check,Dut,sendCommand,ERROR,"NO FAILURE MESSAGE PROVIDED (     ""[Diags] camisp --i2cread 5 0x33 0x44 1 1"",     sendCommand ); ",Jul 19 2019 3:45:40.4830 PM,Jul 19 2019 3:45:40.5700 PM,.0869
38.Riker fault registers check,Dut,sendCommand,ERROR,"NO FAILURE MESSAGE PROVIDED (     ""[Diags] camisp --i2cread 5 0x33 0x45 1 1"",     sendCommand ); ",Jul 19 2019 3:45:40.5720 PM,Jul 19 2019 3:45:40.6600 PM,.0882
38.Riker fault registers check,Dut,sendCommand,ERROR,"NO FAILURE MESSAGE PROVIDED (     ""[Diags] camisp --i2cread 5 0x33 0x46 1 1"",     sendCommand ); ",Jul 19 2019 3:45:40.6620 PM,Jul 19 2019 3:45:40.7500 PM,.0875
39.Riker INT response 0x44,Dut,sendCommand,ERROR,"NO FAILURE MESSAGE PROVIDED (     ""[Diags] camisp --i2cread 5 0x33 0x44 1 1"",     sendCommand ); ",Jul 19 2019 3:45:40.7950 PM,Jul 19 2019 3:45:40.8800 PM,.085
40.Riker INT response 0x45,Dut,sendCommand,ERROR,"NO FAILURE MESSAGE PROVIDED (     ""[Diags] camisp --i2cread 5 0x33 0x45 1 1"",     sendCommand ); ",Jul 19 2019 3:45:40.8860 PM,Jul 19 2019 3:45:40.9700 PM,.0843
41.Riker INT response 0x46,Dut,sendCommand,ERROR,"NO FAILURE MESSAGE PROVIDED (     ""[Diags] camisp --i2cread 5 0x33 0x46 1 1"",     sendCommand ); ",Jul 19 2019 3:45:40.9750 PM,Jul 19 2019 3:45:41.0600 PM,.0855
,Dut,read,ERROR,Timed out trying to read; ,Jul 19 2019 3:46:08.8430 PM,Jul 19 2019 3:46:08.9870 PM,.1435
224.SPK_CN_L_T to 4x_MIC Loop Test,Dut,sendCommand,ERROR,"NO FAILURE MESSAGE PROVIDED (     ""[Diags] audio -r"",     sendCommand ); ",Jul 19 2019 3:48:08.8900 PM,Jul 19 2019 3:48:09.4180 PM,.5286
326.DRCB finish,DRCB,finish,FAIL,station no longer secure; ,Jul 19 2019 3:49:02.6790 PM,Jul 19 2019 3:49:02.8700 PM,.191
,fixture,close,NOT SET,,,,0
,orion,close,NOT SET,,,,0
