Related Test,Name-1,Name-2,Name-3,Status,Info,Measurement,Units,Upper Limit,Lower Limit,Relaxed Upper Limit,Relaxed Lower Limit,Limit Units,Start Time,End Time,Duration (s)
Scan FATP SN,,,,,,,,,,,,,Sep 18 2019 3:58:45.2070 PM,Sep 18 2019 3:58:48.9290 PM,3.7222
Scan FATP SN,Scan FATP SN,AtlasApp-Hyperion,show-form,PASS,,,,,,,,,Sep 18 2019 3:58:45.2090 PM,Sep 18 2019 3:58:48.9170 PM,3.7075
Start Data Reporting,,,,,,,,,,,,,Sep 18 2019 3:58:48.9860 PM,Sep 18 2019 3:58:49.0530 PM,.0674
Start Data Reporting,Start Data Reporting,DRCB,StartDataReporting,PASS,,,,,,,,,Sep 18 2019 3:58:48.9920 PM,Sep 18 2019 3:58:49.0520 PM,.0593
Start Control Bit,,,,,,,,,,,,,Sep 18 2019 3:58:49.0570 PM,Sep 18 2019 3:58:49.8300 PM,.7727
Start Control Bit,Start Control Bit,DRCB,StartControlBits,PASS,,,,,,,,,Sep 18 2019 3:58:49.0590 PM,Sep 18 2019 3:58:49.8280 PM,.7698
PPORION OVP OUT 16V CURR,,,,,,,,,,,,,Sep 18 2019 3:58:49.9060 PM,Sep 18 2019 3:58:55.0500 PM,5.1444
PPORION OVP OUT 16V CURR,PPORION OVP OUT 16V CURR,[rpc] myiocontrol_TurnAllOff,,PASS,,,,,,,,,Sep 18 2019 3:58:49.9080 PM,Sep 18 2019 3:58:50.0400 PM,.1323
PPORION OVP OUT 16V CURR,PPORION OVP OUT 16V CURR,[rpc] measure_get_current_init,,PASS,,,,,,,,,Sep 18 2019 3:58:50.2180 PM,Sep 18 2019 3:58:50.3150 PM,.0978
PPORION OVP OUT 16V CURR,PPORION OVP OUT 16V CURR,"[rpc] dutgpio_set_pin(7,1)",,PASS,,,,,,,,,Sep 18 2019 3:58:50.4890 PM,Sep 18 2019 3:58:50.5740 PM,.0851
PPORION OVP OUT 16V CURR,PPORION OVP OUT 16V CURR,"[rpc] dutgpio_set_pin(6,0)",,PASS,,,,,,,,,Sep 18 2019 3:58:50.7500 PM,Sep 18 2019 3:58:50.7950 PM,.0447
PPORION OVP OUT 16V CURR,PPORION OVP OUT 16V CURR,"[rpc] myiocontrol_set_Bit(25,1)",,PASS,,,,,,,,,Sep 18 2019 3:58:50.9710 PM,Sep 18 2019 3:58:51.0600 PM,.0885
PPORION OVP OUT 16V CURR,PPORION OVP OUT 16V CURR,"[rpc] myiocontrol_set_Bit(16,0)",,PASS,,,,,,,,,Sep 18 2019 3:58:51.2320 PM,Sep 18 2019 3:58:51.3470 PM,.1158
PPORION OVP OUT 16V CURR,PPORION OVP OUT 16V CURR,"[rpc] myiocontrol_set_Bit(24,1)",,PASS,,,,,,,,,Sep 18 2019 3:58:51.5230 PM,Sep 18 2019 3:58:51.7930 PM,.2703
PPORION OVP OUT 16V CURR,PPORION OVP OUT 16V CURR,"[rpc] item_PowerOnDUT(16,0.200000)",,PASS,,,,,,,,,Sep 18 2019 3:58:52.0170 PM,Sep 18 2019 3:58:53.0620 PM,1.0455
PPORION OVP OUT 16V CURR,PPORION OVP OUT 16V CURR,[rpc] item_SysCurrent(1000mA),,PASS,,,,,,,,,Sep 18 2019 3:58:54.1360 PM,Sep 18 2019 3:58:55.0250 PM,.8886
PPORION OVP OUT 16V CURR,PPORION OVP OUT 16V CURR,Read_Orin_Curr_16V,,PASS,,10.9661992106,mA,11.5,10.5,,,mA,Sep 18 2019 3:58:55.0500 PM,Sep 18 2019 3:58:55.0500 PM,0
PPORION OVP OUT 5V2 CURR,,,,,,,,,,,,,Sep 18 2019 3:58:55.0540 PM,Sep 18 2019 3:59:01.2570 PM,6.2028
PPORION OVP OUT 5V2 CURR,PPORION OVP OUT 5V2 CURR,"[rpc] item_PowerOnDUT(5.200000,0.200000)",,PASS,,,,,,,,,Sep 18 2019 3:58:55.0560 PM,Sep 18 2019 3:58:56.0610 PM,1.005
PPORION OVP OUT 5V2 CURR,PPORION OVP OUT 5V2 CURR,[rpc] item_SysCurrent(1000mA),,PASS,,,,,,,,,Sep 18 2019 3:58:57.1350 PM,Sep 18 2019 3:58:58.0890 PM,.954
PPORION OVP OUT 5V2 CURR,PPORION OVP OUT 5V2 CURR,[rpc] item_SysCurrent(1000mA)-2,,PASS,,,,,,,,,Sep 18 2019 3:59:00.1660 PM,Sep 18 2019 3:59:01.2560 PM,1.0895
PPORION OVP OUT 5V2 CURR,PPORION OVP OUT 5V2 CURR,Read_Orin_Curr_5V2,,PASS,,10.1706968652,mA,15,4.5,,,mA,Sep 18 2019 3:59:01.2570 PM,Sep 18 2019 3:59:01.2570 PM,0
PPORION OVP OUT -16V CURR,,,,,,,,,,,,,Sep 18 2019 3:59:01.3420 PM,Sep 18 2019 3:59:04.0760 PM,2.7345
PPORION OVP OUT -16V CURR,PPORION OVP OUT -16V CURR,"[rpc] item_PowerOnDUT(-16,0.200000)",,PASS,,,,,,,,,Sep 18 2019 3:59:01.3430 PM,Sep 18 2019 3:59:02.3130 PM,.97
PPORION OVP OUT -16V CURR,PPORION OVP OUT -16V CURR,[rpc] item_SysCurrent(1000mA),,PASS,,,,,,,,,Sep 18 2019 3:59:03.3900 PM,Sep 18 2019 3:59:04.0750 PM,.6842
PPORION OVP OUT -16V CURR,PPORION OVP OUT -16V CURR,Read_Orin_Curr_minus16V,,PASS,,-0.115821922,mA,0.1,-0.3,,,mA,Sep 18 2019 3:59:04.0760 PM,Sep 18 2019 3:59:04.0760 PM,0
SYS IDBUS 6V VBUS 5V2 CURR,,,,,,,,,,,,,Sep 18 2019 3:59:04.0790 PM,Sep 18 2019 3:59:07.6700 PM,3.5908
SYS IDBUS 6V VBUS 5V2 CURR,SYS IDBUS 6V VBUS 5V2 CURR,[rpc] item_PowerOffDUT,,PASS,,,,,,,,,Sep 18 2019 3:59:04.0800 PM,Sep 18 2019 3:59:04.3040 PM,.2234
SYS IDBUS 6V VBUS 5V2 CURR,SYS IDBUS 6V VBUS 5V2 CURR,"[rpc] item_PowerOnIDBusAndVus(6,5.200000)",,PASS,,,,,,,,,Sep 18 2019 3:59:04.8800 PM,Sep 18 2019 3:59:05.7610 PM,.8806
SYS IDBUS 6V VBUS 5V2 CURR,SYS IDBUS 6V VBUS 5V2 CURR,[rpc] item_SysCurrent(10mA),,PASS,,,,,,,,,Sep 18 2019 3:59:06.8350 PM,Sep 18 2019 3:59:07.6680 PM,.8331
SYS IDBUS 6V VBUS 5V2 CURR,SYS IDBUS 6V VBUS 5V2 CURR,MeasSysCurr6To5V2,,PASS,,0.2045036191,mA,0.23,0.19,,,mA,Sep 18 2019 3:59:07.6700 PM,Sep 18 2019 3:59:07.6700 PM,0
SYS IDBUS 6V VBUS 0V CURR,,,,,,,,,,,,,Sep 18 2019 3:59:07.7920 PM,Sep 18 2019 3:59:11.0460 PM,3.2531
SYS IDBUS 6V VBUS 0V CURR,SYS IDBUS 6V VBUS 0V CURR,"[rpc] item_PowerOnIDBusAndVus(6,0)",,PASS,,,,,,,,,Sep 18 2019 3:59:07.7940 PM,Sep 18 2019 3:59:08.7030 PM,.9092
SYS IDBUS 6V VBUS 0V CURR,SYS IDBUS 6V VBUS 0V CURR,[rpc] psu_setPSU_Disable,,PASS,,,,,,,,,Sep 18 2019 3:59:09.7760 PM,Sep 18 2019 3:59:09.7840 PM,.0085
SYS IDBUS 6V VBUS 0V CURR,SYS IDBUS 6V VBUS 0V CURR,[rpc] item_SysCurrent(10mA),,PASS,,,,,,,,,Sep 18 2019 3:59:10.3580 PM,Sep 18 2019 3:59:11.0440 PM,.6859
SYS IDBUS 6V VBUS 0V CURR,SYS IDBUS 6V VBUS 0V CURR,MeasSysCurr6To0,,PASS,,0.1985553386,mA,0.22,0.19,,,mA,Sep 18 2019 3:59:11.0450 PM,Sep 18 2019 3:59:11.0450 PM,0
SYS IDBUS -4V VBUS 0V CURR,,,,,,,,,,,,,Sep 18 2019 3:59:11.0490 PM,Sep 18 2019 3:59:15.8940 PM,4.8451
SYS IDBUS -4V VBUS 0V CURR,SYS IDBUS -4V VBUS 0V CURR,"[rpc] myiocontrol_set_Bit(14,1)",,PASS,,,,,,,,,Sep 18 2019 3:59:11.0500 PM,Sep 18 2019 3:59:11.0570 PM,.0066
SYS IDBUS -4V VBUS 0V CURR,SYS IDBUS -4V VBUS 0V CURR,"[rpc] myiocontrol_set_Bit(12,1)",,PASS,,,,,,,,,Sep 18 2019 3:59:11.0590 PM,Sep 18 2019 3:59:11.0650 PM,.0068
SYS IDBUS -4V VBUS 0V CURR,SYS IDBUS -4V VBUS 0V CURR,"[rpc] myiocontrol_set_Bit(9,1)",,PASS,,,,,,,,,Sep 18 2019 3:59:11.0670 PM,Sep 18 2019 3:59:11.0740 PM,.0067
SYS IDBUS -4V VBUS 0V CURR,SYS IDBUS -4V VBUS 0V CURR,"[rpc] myiocontrol_set_Bit(24,1)",,PASS,,,,,,,,,Sep 18 2019 3:59:11.0760 PM,Sep 18 2019 3:59:11.0830 PM,.0067
SYS IDBUS -4V VBUS 0V CURR,SYS IDBUS -4V VBUS 0V CURR,"[rpc] item_PowerOnIDBusAndVus(-4.700000,0)",,PASS,,,,,,,,,Sep 18 2019 3:59:11.0840 PM,Sep 18 2019 3:59:11.9510 PM,.8663
SYS IDBUS -4V VBUS 0V CURR,SYS IDBUS -4V VBUS 0V CURR,[rpc] measure_get_voltage(6V),,PASS,,,,,,,,,Sep 18 2019 3:59:12.5200 PM,Sep 18 2019 3:59:12.8340 PM,.3143
SYS IDBUS -4V VBUS 0V CURR,SYS IDBUS -4V VBUS 0V CURR,[rpc] cyg_ps_SetPsVoltage(4.900136),,PASS,,,,,,,,,Sep 18 2019 3:59:12.8360 PM,Sep 18 2019 3:59:12.9900 PM,.1539
SYS IDBUS -4V VBUS 0V CURR,SYS IDBUS -4V VBUS 0V CURR,[rpc] measure_get_voltage(6V)-2,,PASS,,,,,,,,,Sep 18 2019 3:59:13.5040 PM,Sep 18 2019 3:59:13.8140 PM,.3092
SYS IDBUS -4V VBUS 0V CURR,SYS IDBUS -4V VBUS 0V CURR,[rpc] psu_setPSU_Disable,,PASS,,,,,,,,,Sep 18 2019 3:59:13.8150 PM,Sep 18 2019 3:59:13.8240 PM,.0083
SYS IDBUS -4V VBUS 0V CURR,SYS IDBUS -4V VBUS 0V CURR,[rpc] item_SysCurrent(1000mA),,PASS,,,,,,,,,Sep 18 2019 3:59:14.8930 PM,Sep 18 2019 3:59:15.6240 PM,.7306
SYS IDBUS -4V VBUS 0V CURR,SYS IDBUS -4V VBUS 0V CURR,[rpc] item_PowerOffIDBusAndVus,,PASS,,,,,,,,,Sep 18 2019 3:59:15.6250 PM,Sep 18 2019 3:59:15.8560 PM,.2302
SYS IDBUS -4V VBUS 0V CURR,SYS IDBUS -4V VBUS 0V CURR,SYS_IDBUS_-4V_VBUS_0V_CURR,,PASS,,-28.0689610971,mA,-25,-35,,,mA,Sep 18 2019 3:59:15.8570 PM,Sep 18 2019 3:59:15.8570 PM,0
SYS IDBUS -4V VBUS 0V CURR,SYS IDBUS -4V VBUS 0V CURR,"[rpc] myiocontrol_set_Bit(14,0)",,PASS,,,,,,,,,Sep 18 2019 3:59:15.8580 PM,Sep 18 2019 3:59:15.8650 PM,.0068
SYS IDBUS -4V VBUS 0V CURR,SYS IDBUS -4V VBUS 0V CURR,"[rpc] myiocontrol_set_Bit(12,0)",,PASS,,,,,,,,,Sep 18 2019 3:59:15.8670 PM,Sep 18 2019 3:59:15.8730 PM,.0069
SYS IDBUS -4V VBUS 0V CURR,SYS IDBUS -4V VBUS 0V CURR,"[rpc] myiocontrol_set_Bit(9,0)",,PASS,,,,,,,,,Sep 18 2019 3:59:15.8750 PM,Sep 18 2019 3:59:15.8830 PM,.0075
SYS IDBUS -4V VBUS 0V CURR,SYS IDBUS -4V VBUS 0V CURR,"[rpc] myiocontrol_set_Bit(24,0)",,PASS,,,,,,,,,Sep 18 2019 3:59:15.8860 PM,Sep 18 2019 3:59:15.8930 PM,.0069
SYS IDBUS -4V VBUS 0V VOL,,,,,,,,,,,,,Sep 18 2019 3:59:15.8980 PM,Sep 18 2019 3:59:15.8990 PM,.0007
SYS IDBUS -4V VBUS 0V VOL,SYS IDBUS -4V VBUS 0V VOL,SYS IDBUS -4V VBUS 0V VOL,,PASS,,-3.9797453448004,V,-3.9,-4.1,,,V,Sep 18 2019 3:59:15.8980 PM,Sep 18 2019 3:59:15.8980 PM,0
P203 Power On Dut,,,,,,,,,,,,,Sep 18 2019 3:59:15.9010 PM,Sep 18 2019 3:59:38.5730 PM,22.6715
P203 Power On Dut,P203 Power On Dut,[rpc] item_TurnAllOffAfterInit,,PASS,,,,,,,,,Sep 18 2019 3:59:15.9030 PM,Sep 18 2019 3:59:17.0530 PM,1.1505
P203 Power On Dut,P203 Power On Dut,[rpc] psu_setPSU_init,,PASS,,,,,,,,,Sep 18 2019 3:59:17.0550 PM,Sep 18 2019 3:59:17.0620 PM,.0066
P203 Power On Dut,P203 Power On Dut,"[rpc] item_PowerOnDUT(1,1)",,PASS,,,,,,,,,Sep 18 2019 3:59:17.0640 PM,Sep 18 2019 3:59:18.0310 PM,.9677
P203 Power On Dut,P203 Power On Dut,"[rpc] dutgpio_set_pin(7,1)",,PASS,,,,,,,,,Sep 18 2019 3:59:18.0330 PM,Sep 18 2019 3:59:18.0380 PM,.0045
P203 Power On Dut,P203 Power On Dut,"[rpc] myiocontrol_set_Bit(24,0)",,PASS,,,,,,,,,Sep 18 2019 3:59:23.1140 PM,Sep 18 2019 3:59:23.1210 PM,.0068
P203 Power On Dut,P203 Power On Dut,"[rpc] item_PowerOnDUT(4.800000,1)",,PASS,,,,,,,,,Sep 18 2019 3:59:23.6950 PM,Sep 18 2019 3:59:24.6600 PM,.9646
P203 Power On Dut,P203 Power On Dut,[Hid] /usr/local/bin/hidreport -v 0x05ac -p 0x026E -i 0 set 0x3D 0x3D 0x13 0x0 0x0 0x0,,PASS,,,,,,,,,Sep 18 2019 3:59:26.8210 PM,Sep 18 2019 3:59:26.8210 PM,0
P203 Power On Dut,P203 Power On Dut,[Hid] /usr/local/bin/hidreport -v 0x05ac -p 0x026E -i 0 set 0x3E 0x3E 0x13 0x0 0x0 0x0 0x2,,PASS,,,,,,,,,Sep 18 2019 3:59:28.0860 PM,Sep 18 2019 3:59:28.0860 PM,0
P203 Power On Dut,P203 Power On Dut,[rpc] item_TurnAllOffAfterInit-2,,PASS,,,,,,,,,Sep 18 2019 3:59:28.4250 PM,Sep 18 2019 3:59:29.5970 PM,1.1725
P203 Power On Dut,P203 Power On Dut,[rpc] psu_setPSU_init-2,,PASS,,,,,,,,,Sep 18 2019 3:59:29.5990 PM,Sep 18 2019 3:59:29.6410 PM,.0424
P203 Power On Dut,P203 Power On Dut,"[rpc] item_PowerOnDUT(1,1)-2",,PASS,,,,,,,,,Sep 18 2019 3:59:29.6430 PM,Sep 18 2019 3:59:30.8080 PM,1.1644
P203 Power On Dut,P203 Power On Dut,"[rpc] dutgpio_set_pin(7,1)-2",,PASS,,,,,,,,,Sep 18 2019 3:59:30.8100 PM,Sep 18 2019 3:59:30.8390 PM,.0291
P203 Power On Dut,P203 Power On Dut,"[rpc] myiocontrol_set_Bit(24,0)-2",,PASS,,,,,,,,,Sep 18 2019 3:59:35.9130 PM,Sep 18 2019 3:59:35.9610 PM,.0475
P203 Power On Dut,P203 Power On Dut,"[rpc] item_PowerOnDUT(4.800000,1)-2",,PASS,,,,,,,,,Sep 18 2019 3:59:36.5360 PM,Sep 18 2019 3:59:37.5050 PM,.9691
Read MFI Address,,,,,,,,,,,,,Sep 18 2019 3:59:38.5770 PM,Sep 18 2019 3:59:39.3890 PM,.8117
Read MFI Address,Read MFI Address,[Hid] /usr/local/bin/hidreport -p 0x026E -v 0x05ac -i 0 get 0x5E,,PASS,,,,,,,,,Sep 18 2019 3:59:38.7920 PM,Sep 18 2019 3:59:38.7920 PM,0
Read MFI Address,Read MFI Address,GetMozartAddress pass,16,PASS,,,,,,,,,Sep 18 2019 3:59:39.3770 PM,Sep 18 2019 3:59:39.3770 PM,0
Read MFI Address,Read MFI Address,Read_MFI_Address,,PASS,,16,NA,16,16,,,NA,Sep 18 2019 3:59:39.3880 PM,Sep 18 2019 3:59:39.3880 PM,0
GreenPAK ID,,,,,,,,,,,,,Sep 18 2019 3:59:39.3920 PM,Sep 18 2019 3:59:39.9390 PM,.5464
GreenPAK ID,GreenPAK ID,"[Hid] /usr/local/bin/hidreport -p 0x026E -v 0x05ac -usage 0xff00,0xb get 0x90",,PASS,,,,,,,,,Sep 18 2019 3:59:39.5180 PM,Sep 18 2019 3:59:39.5180 PM,0
GreenPAK ID,GreenPAK ID,GREEN_PAK_PART1,,PASS,,2,,,,,,,Sep 18 2019 3:59:39.9370 PM,Sep 18 2019 3:59:39.9370 PM,0
GreenPAK ID,GreenPAK ID,GREEN_PAK,,PASS,,,,,,,,,Sep 18 2019 3:59:39.9380 PM,Sep 18 2019 3:59:39.9380 PM,0
Query SFC SN,,,,,,,,,,,,,Sep 18 2019 3:59:39.9420 PM,Sep 18 2019 3:59:40.4670 PM,.5258
Query SFC SN,Query SFC SN,SFCSupport,getAttributes,PASS,,,,,,,,,Sep 18 2019 3:59:39.9440 PM,Sep 18 2019 3:59:40.3960 PM,.4521
Query SFC SN,Query SFC SN,GET SFC info - pansa,DKB9364000NN6780G,PASS,,,,,,,,,Sep 18 2019 3:59:40.3970 PM,Sep 18 2019 3:59:40.3970 PM,0
Query SFC SN,Query SFC SN,SFCSupport,getAttributes-2,PASS,,,,,,,,,Sep 18 2019 3:59:40.3990 PM,Sep 18 2019 3:59:40.4040 PM,.0053
Query SFC SN,Query SFC SN,GET SFC info - unit_lbl,R118-P2_P21AK-S2_C00288,PASS,,,,,,,,,Sep 18 2019 3:59:40.4050 PM,Sep 18 2019 3:59:40.4050 PM,0
Query SFC SN,Query SFC SN,SFCSupport,getAttributes-3,PASS,,,,,,,,,Sep 18 2019 3:59:40.4060 PM,Sep 18 2019 3:59:40.4100 PM,.0039
Query SFC SN,Query SFC SN,GET SFC info - wo_no,WMT-J90003,PASS,,,,,,,,,Sep 18 2019 3:59:40.4110 PM,Sep 18 2019 3:59:40.4110 PM,0
Query SFC SN,Query SFC SN,SFCSupport,getAttributes-4,PASS,,,,,,,,,Sep 18 2019 3:59:40.4120 PM,Sep 18 2019 3:59:40.4160 PM,.0036
Query SFC SN,Query SFC SN,SFCSupport,getAttributes-5,PASS,,,,,,,,,Sep 18 2019 3:59:40.4180 PM,Sep 18 2019 3:59:40.4220 PM,.0044
Query SFC SN,Query SFC SN,GET SFC info - trackpad_sn,FM7934400L6N0LH1X+S1J,PASS,,,,,,,,,Sep 18 2019 3:59:40.4230 PM,Sep 18 2019 3:59:40.4230 PM,0
Query SFC SN,Query SFC SN,SFCSupport,getAttributes-6,PASS,,,,,,,,,Sep 18 2019 3:59:40.4250 PM,Sep 18 2019 3:59:40.4290 PM,.0048
Query SFC SN,Query SFC SN,GET SFC info - touch_flex_sn,C479353087AMW5D2T,PASS,,,,,,,,,Sep 18 2019 3:59:40.4300 PM,Sep 18 2019 3:59:40.4300 PM,0
Query SFC SN,Query SFC SN,SFCSupport,getAttributes-7,PASS,,,,,,,,,Sep 18 2019 3:59:40.4320 PM,Sep 18 2019 3:59:40.4350 PM,.0038
Query SFC SN,Query SFC SN,GET SFC info - usbc_board_sn,DLX9363004JMW012M,PASS,,,,,,,,,Sep 18 2019 3:59:40.4360 PM,Sep 18 2019 3:59:40.4360 PM,0
Query SFC SN,Query SFC SN,SFCSupport,getAttributes-8,PASS,,,,,,,,,Sep 18 2019 3:59:40.4370 PM,Sep 18 2019 3:59:40.4420 PM,.0046
Query SFC SN,Query SFC SN,SFCSupport,getAttributes-9,PASS,,,,,,,,,Sep 18 2019 3:59:40.4440 PM,Sep 18 2019 3:59:40.4480 PM,.0042
Query SFC SN,Query SFC SN,GET SFC info - backlight_sn,GV293470059N3LN25,PASS,,,,,,,,,Sep 18 2019 3:59:40.4490 PM,Sep 18 2019 3:59:40.4490 PM,0
Query SFC SN,Query SFC SN,SFCSupport,getAttributes-10,PASS,,,,,,,,,Sep 18 2019 3:59:40.4500 PM,Sep 18 2019 3:59:40.4540 PM,.0038
Query SFC SN,Query SFC SN,SFCSupport,getAttributes-11,PASS,,,,,,,,,Sep 18 2019 3:59:40.4560 PM,Sep 18 2019 3:59:40.4600 PM,.0041
Query SFC SN,Query SFC SN,GET SFC info - kbm_sn,C4P9322001VJCPV3G,PASS,,,,,,,,,Sep 18 2019 3:59:40.4610 PM,Sep 18 2019 3:59:40.4610 PM,0
Query SFC SN,Query SFC SN,SFCSupport,getAttributes-12,PASS,,,,,,,,,Sep 18 2019 3:59:40.4620 PM,Sep 18 2019 3:59:40.4660 PM,.0037
Query SFC SN,Query SFC SN,GET SFC info - mlb_sn,DLX9363001UN6R52W,PASS,,,,,,,,,Sep 18 2019 3:59:40.4670 PM,Sep 18 2019 3:59:40.4670 PM,0
Query MLB SN,,,,,,,,,,,,,Sep 18 2019 3:59:40.4720 PM,Sep 18 2019 3:59:40.4720 PM,.0007
Query MLB SN,Query MLB SN,uploadInfoFromSFC pass,,PASS,,,,,,,,,Sep 18 2019 3:59:40.4720 PM,Sep 18 2019 3:59:40.4720 PM,0
Read MLB SN,,,,,,,,,,,,,Sep 18 2019 3:59:40.4750 PM,Sep 18 2019 3:59:41.0060 PM,.5311
Read MLB SN,Read MLB SN,[Hid] /usr/local/bin/hidreport -p 0x026E -v 0x5ac -i 0 get 0x12,,PASS,,,,,,,,,Sep 18 2019 3:59:40.5320 PM,Sep 18 2019 3:59:40.5320 PM,0
Check MLB SN,,,,,,,,,,,,,Sep 18 2019 3:59:41.0840 PM,Sep 18 2019 3:59:41.0850 PM,.0007
Check MLB SN,Check MLB SN,ItemCheckSN pass,,PASS,,,,,,,,,Sep 18 2019 3:59:41.0840 PM,Sep 18 2019 3:59:41.0840 PM,0
MIX FW,,,,,,,,,,,,,Sep 18 2019 3:59:41.2050 PM,Sep 18 2019 3:59:41.2950 PM,.0899
MIX FW,MIX FW,[rpc] server_fw_version,,PASS,,,,,,,,,Sep 18 2019 3:59:41.2070 PM,Sep 18 2019 3:59:41.2930 PM,.0865
MIX FW,MIX FW,readMixFW pass," ""1.0.3""",PASS,,,,,,,,,Sep 18 2019 3:59:41.2950 PM,Sep 18 2019 3:59:41.2950 PM,0
TOUCH FW,,,,,,,,,,,,,Sep 18 2019 3:59:41.3800 PM,Sep 18 2019 3:59:41.9680 PM,.5877
TOUCH FW,TOUCH FW,[Hid] /usr/local/bin/hidreport -p 0x026E -v 0x05ac -i 0 get 0xbb,,PASS,,,,,,,,,Sep 18 2019 3:59:41.4420 PM,Sep 18 2019 3:59:41.4420 PM,0
TOUCH FW,TOUCH FW,Touch_FW,1285,PASS,,,,,,,,,Sep 18 2019 3:59:41.9670 PM,Sep 18 2019 3:59:41.9670 PM,0
TOUCH FW,TOUCH FW,TOUCH_FW,,PASS,,1285,NA,1285,1285,,,NA,Sep 18 2019 3:59:41.9670 PM,Sep 18 2019 3:59:41.9670 PM,0
STFW,,,,,,,,,,,,,Sep 18 2019 3:59:41.9710 PM,Sep 18 2019 3:59:42.4090 PM,.4383
STFW,STFW,[Hid] /usr/local/bin/hidreport -pid 0x026E -vid 0x05ac -interface 0 get 0xB4,,PASS,,,,,,,,,Sep 18 2019 3:59:42.0250 PM,Sep 18 2019 3:59:42.0250 PM,0
STFW,STFW,CheckFW pass,352,PASS,,,,,,,,,Sep 18 2019 3:59:42.4080 PM,Sep 18 2019 3:59:42.4080 PM,0
STFW,STFW,STFW,,PASS,,352,NA,352,352,,,NA,Sep 18 2019 3:59:42.4090 PM,Sep 18 2019 3:59:42.4090 PM,0
Production signed check,,,,,,,,,,,,,Sep 18 2019 3:59:42.4120 PM,Sep 18 2019 3:59:42.8630 PM,.451
Production signed check,Production signed check,"[Hid] /usr/local/bin/hidreport -pid 0x026E -vid 0x05ac -usage 0xFF00,0x00B get 0x13",,PASS,,,,,,,,,Sep 18 2019 3:59:42.4670 PM,Sep 18 2019 3:59:42.4670 PM,0
Production signed check,Production signed check,CheckProductSign pass,0,PASS,,,,,,,,,Sep 18 2019 3:59:42.8620 PM,Sep 18 2019 3:59:42.8620 PM,0
Production signed check,Production signed check,Production_signed_check,,PASS,,0,NA,0,0,,,NA,Sep 18 2019 3:59:42.8630 PM,Sep 18 2019 3:59:42.8630 PM,0
KBD HW Layout,,,,,,,,,,,,,Sep 18 2019 3:59:42.8670 PM,Sep 18 2019 3:59:43.3240 PM,.4568
KBD HW Layout,KBD HW Layout,[Hid] /usr/local/bin/hidreport -pid 0x026E -vid 0x05ac -interface 1 get 0x04,,PASS,,,,,,,,,Sep 18 2019 3:59:42.9310 PM,Sep 18 2019 3:59:42.9310 PM,0
KBD HW Layout,KBD HW Layout,GetHWLanguage pass,33,PASS,,,,,,,,,Sep 18 2019 3:59:43.3230 PM,Sep 18 2019 3:59:43.3230 PM,0
KBD HW Layout,KBD HW Layout,KBD_HW_Layout,,PASS,,33,NA,,,,,,Sep 18 2019 3:59:43.3230 PM,Sep 18 2019 3:59:43.3230 PM,0
Read HW Version,,,,,,,,,,,,,Sep 18 2019 3:59:43.3270 PM,Sep 18 2019 3:59:43.7650 PM,.4386
Read HW Version,Read HW Version,"[Hid] /usr/local/bin/hidreport -p 0x026E -v 0x5ac -usage 0xff00,0xb get 0xbc",,PASS,,,,,,,,,Sep 18 2019 3:59:43.3810 PM,Sep 18 2019 3:59:43.3810 PM,0
Read HW Version,Read HW Version,ReadHWVesion pass,3,PASS,,,,,,,,,Sep 18 2019 3:59:43.7650 PM,Sep 18 2019 3:59:43.7650 PM,0
Read HW Version,Read HW Version,READ_HW_VERSION,,PASS,,3,NA,3,3,,,NA,Sep 18 2019 3:59:43.7650 PM,Sep 18 2019 3:59:43.7650 PM,0
Query SFC Lang,,,,,,,,,,,,,Sep 18 2019 3:59:43.7680 PM,Sep 18 2019 3:59:43.7690 PM,.0007
Query SFC Lang,Query SFC Lang,QuerySFCLang pass,KH,PASS,,,,,,,,,Sep 18 2019 3:59:43.7690 PM,Sep 18 2019 3:59:43.7690 PM,0
Write Lang Blob,,,,,,,,,,,,,Sep 18 2019 3:59:43.7720 PM,Sep 18 2019 3:59:45.9750 PM,2.2031
Write Lang Blob,Write Lang Blob,QuerySFCLang pass,KH,PASS,,,,,,,,,Sep 18 2019 3:59:43.7720 PM,Sep 18 2019 3:59:43.7720 PM,0
Write Lang Blob,Write Lang Blob,[Hid] /usr/local/bin/shfuc -n -v 0x05ac -p 0x026E -f /usr/local/bin/Calblob/r118-KeyCal-KH.bin,,PASS,,,,,,,,,Sep 18 2019 3:59:45.5790 PM,Sep 18 2019 3:59:45.5790 PM,0
Write Lang Blob,Write Lang Blob,WriteMLBblob pass,FW update succeeded,PASS,,,,,,,,,Sep 18 2019 3:59:45.9750 PM,Sep 18 2019 3:59:45.9750 PM,0
Read Lang Blob,,,,,,,,,,,,,Sep 18 2019 3:59:45.9780 PM,Sep 18 2019 3:59:56.5320 PM,10.5537
Read Lang Blob,Read Lang Blob,[rpc] item_TurnAllOffAfterInit,,PASS,,,,,,,,,Sep 18 2019 3:59:45.9790 PM,Sep 18 2019 3:59:47.1280 PM,1.1489
Read Lang Blob,Read Lang Blob,[rpc] psu_setPSU_init,,PASS,,,,,,,,,Sep 18 2019 3:59:47.1300 PM,Sep 18 2019 3:59:47.1510 PM,.0213
Read Lang Blob,Read Lang Blob,"[rpc] item_PowerOnDUT(1,1)",,PASS,,,,,,,,,Sep 18 2019 3:59:47.1530 PM,Sep 18 2019 3:59:48.1410 PM,.9881
Read Lang Blob,Read Lang Blob,"[rpc] dutgpio_set_pin(7,1)",,PASS,,,,,,,,,Sep 18 2019 3:59:48.1430 PM,Sep 18 2019 3:59:48.1480 PM,.0046
Read Lang Blob,Read Lang Blob,"[rpc] myiocontrol_set_Bit(24,0)",,PASS,,,,,,,,,Sep 18 2019 3:59:53.2240 PM,Sep 18 2019 3:59:53.2560 PM,.0326
Read Lang Blob,Read Lang Blob,"[rpc] item_PowerOnDUT(4.800000,1)",,PASS,,,,,,,,,Sep 18 2019 3:59:53.8270 PM,Sep 18 2019 3:59:54.7950 PM,.9677
Read Lang Blob,Read Lang Blob,"[Hid] /usr/local/bin/hidreport -p 0x026E -v 0x5ac -usage 0x001,0x006 get 0x02",,PASS,,,,,,,,,Sep 18 2019 3:59:56.0010 PM,Sep 18 2019 3:59:56.0010 PM,0
Read Lang Blob,Read Lang Blob,ReadBlob pass,02 01 01 0F 49 16 16,PASS,,,,,,,,,Sep 18 2019 3:59:56.5310 PM,Sep 18 2019 3:59:56.5310 PM,0
WO_NO,,,,,,,,,,,,,Sep 18 2019 3:59:56.5350 PM,Sep 18 2019 3:59:56.5360 PM,.0006
WO_NO,WO_NO,uploadInfoFromSFC pass,,PASS,,,,,,,,,Sep 18 2019 3:59:56.5350 PM,Sep 18 2019 3:59:56.5350 PM,0
UNIT LBL,,,,,,,,,,,,,Sep 18 2019 3:59:56.5440 PM,Sep 18 2019 3:59:56.5440 PM,.0008
UNIT LBL,UNIT LBL,uploadInfoFromSFC pass,,PASS,,,,,,,,,Sep 18 2019 3:59:56.5440 PM,Sep 18 2019 3:59:56.5440 PM,0
Read Matrix and Special Builds,,,,,,,,,,,,,Sep 18 2019 3:59:56.5470 PM,Sep 18 2019 3:59:56.5480 PM,.0008
Read Matrix and Special Builds,Read Matrix and Special Builds,BUILD_EVENT: R118-P2,,PASS,,,,,,,,,Sep 18 2019 3:59:56.5470 PM,Sep 18 2019 3:59:56.5470 PM,0
Read Matrix and Special Builds,Read Matrix and Special Builds,S_BUILD: R118-P2_P21AK-S2,,PASS,,,,,,,,,Sep 18 2019 3:59:56.5470 PM,Sep 18 2019 3:59:56.5470 PM,0
KBM_SN,,,,,,,,,,,,,Sep 18 2019 3:59:56.5760 PM,Sep 18 2019 3:59:56.5760 PM,.0006
KBM_SN,KBM_SN,uploadInfoFromSFC pass,,PASS,,,,,,,,,Sep 18 2019 3:59:56.5760 PM,Sep 18 2019 3:59:56.5760 PM,0
BACKLIGHT SN,,,,,,,,,,,,,Sep 18 2019 3:59:56.5790 PM,Sep 18 2019 3:59:56.5790 PM,.0006
BACKLIGHT SN,BACKLIGHT SN,uploadInfoFromSFC pass,,PASS,,,,,,,,,Sep 18 2019 3:59:56.5790 PM,Sep 18 2019 3:59:56.5790 PM,0
TRACKPAD SN,,,,,,,,,,,,,Sep 18 2019 3:59:56.5820 PM,Sep 18 2019 3:59:56.5830 PM,.0006
TRACKPAD SN,TRACKPAD SN,uploadInfoFromSFC pass,,PASS,,,,,,,,,Sep 18 2019 3:59:56.5830 PM,Sep 18 2019 3:59:56.5830 PM,0
TOUCH FLEX SN,,,,,,,,,,,,,Sep 18 2019 3:59:56.5850 PM,Sep 18 2019 3:59:56.5860 PM,.0006
TOUCH FLEX SN,TOUCH FLEX SN,uploadInfoFromSFC pass,,PASS,,,,,,,,,Sep 18 2019 3:59:56.5860 PM,Sep 18 2019 3:59:56.5860 PM,0
P line SN,,,,,,,,,,,,,Sep 18 2019 3:59:56.5880 PM,Sep 18 2019 3:59:56.5890 PM,.0006
P line SN,P line SN,uploadInfoFromSFC pass,,PASS,,,,,,,,,Sep 18 2019 3:59:56.5890 PM,Sep 18 2019 3:59:56.5890 PM,0
Power Cycle,,,,,,,,,,,,,Sep 18 2019 3:59:56.5920 PM,Sep 18 2019 4:00:07.4370 PM,10.8455
Power Cycle,Power Cycle,[rpc] item_TurnAllOffAfterInit,,PASS,,,,,,,,,Sep 18 2019 3:59:56.5930 PM,Sep 18 2019 3:59:57.7400 PM,1.1467
Power Cycle,Power Cycle,[rpc] psu_setPSU_init,,PASS,,,,,,,,,Sep 18 2019 3:59:57.7420 PM,Sep 18 2019 3:59:57.7470 PM,.005
Power Cycle,Power Cycle,"[rpc] item_PowerOnDUT(1,1)",,PASS,,,,,,,,,Sep 18 2019 3:59:57.7490 PM,Sep 18 2019 3:59:58.7330 PM,.9846
Power Cycle,Power Cycle,"[rpc] dutgpio_set_pin(7,1)",,PASS,,,,,,,,,Sep 18 2019 3:59:58.7350 PM,Sep 18 2019 3:59:58.7400 PM,.0045
Power Cycle,Power Cycle,"[rpc] myiocontrol_set_Bit(24,0)",,PASS,,,,,,,,,Sep 18 2019 4:00:03.8090 PM,Sep 18 2019 4:00:03.8160 PM,.0071
Power Cycle,Power Cycle,"[rpc] item_PowerOnDUT(4.800000,1)",,PASS,,,,,,,,,Sep 18 2019 4:00:04.3920 PM,Sep 18 2019 4:00:05.3620 PM,.9697
(Orion Power)SYS CURRENT IDLE,,,,,,,,,,,,,Sep 18 2019 4:00:07.4400 PM,Sep 18 2019 4:00:12.5380 PM,5.0977
(Orion Power)SYS CURRENT IDLE,(Orion Power)SYS CURRENT IDLE,"[Hid] /usr/local/bin/hidreport -p 0x026E -v 0x5ac -usage 0xff00,0xf set 1 1 0",,PASS,,,,,,,,,Sep 18 2019 4:00:07.9330 PM,Sep 18 2019 4:00:07.9330 PM,0
(Orion Power)SYS CURRENT IDLE,(Orion Power)SYS CURRENT IDLE,"[Hid] /usr/local/bin/hidreport -p 0x026E -v 0x5ac -usage 0xff00,0xb set 0xce 0xce 3 3 1",,PASS,,,,,,,,,Sep 18 2019 4:00:08.3690 PM,Sep 18 2019 4:00:08.3690 PM,0
(Orion Power)SYS CURRENT IDLE,(Orion Power)SYS CURRENT IDLE,"[Hid] /usr/local/bin/hidreport -p 0x026E -v 0x5ac -usage 0xFF00,0xb set 0xCE 0xCE 1 5 1",,PASS,,,,,,,,,Sep 18 2019 4:00:08.9200 PM,Sep 18 2019 4:00:08.9200 PM,0
(Orion Power)SYS CURRENT IDLE,(Orion Power)SYS CURRENT IDLE,"[Hid] /usr/local/bin/hidreport -p 0x026E -v 0x5ac -usage 0xff00,0xb set 0xce 0xce 4 7 1",,PASS,,,,,,,,,Sep 18 2019 4:00:09.3640 PM,Sep 18 2019 4:00:09.3640 PM,0
(Orion Power)SYS CURRENT IDLE,(Orion Power)SYS CURRENT IDLE,"[Hid] /usr/local/bin/hidreport -p 0x026E -v 0x5ac -usage 0xff00,0xb set 0x21 0x21 0x1",,PASS,,,,,,,,,Sep 18 2019 4:00:09.8010 PM,Sep 18 2019 4:00:09.8010 PM,0
(Orion Power)SYS CURRENT IDLE,(Orion Power)SYS CURRENT IDLE,"[Hid] /usr/local/bin/hidreport -p 0x026E -v 0x5ac -usage 0xff00,0xb set 0xce 0xce 6 6 1",,PASS,,,,,,,,,Sep 18 2019 4:00:10.2380 PM,Sep 18 2019 4:00:10.2380 PM,0
(Orion Power)SYS CURRENT IDLE,(Orion Power)SYS CURRENT IDLE,[rpc] item_SysCurrent(1000mA),,PASS,,,,,,,,,Sep 18 2019 4:00:11.6890 PM,Sep 18 2019 4:00:12.5360 PM,.8476
(Orion Power)SYS CURRENT IDLE,(Orion Power)SYS CURRENT IDLE,SYS CURRENT IDLE,,PASS,,0.9161994006,mA,1.65,0.5,,,mA,Sep 18 2019 4:00:12.5370 PM,Sep 18 2019 4:00:12.5370 PM,0
System Curr caps lock LED is on,,,,,,,,,,,,,Sep 18 2019 4:00:12.5420 PM,Sep 18 2019 4:00:14.9660 PM,2.424
System Curr caps lock LED is on,System Curr caps lock LED is on,"[Hid] /usr/local/bin/hidreport -p 0x026E -v 0x5ac -usage 0xff00,0xb set 0xCE 0xCE 3 3 0",,PASS,,,,,,,,,Sep 18 2019 4:00:12.6470 PM,Sep 18 2019 4:00:12.6470 PM,0
System Curr caps lock LED is on,System Curr caps lock LED is on,[rpc] item_SysCurrent(1000mA),,PASS,,,,,,,,,Sep 18 2019 4:00:14.1180 PM,Sep 18 2019 4:00:14.9640 PM,.8466
System Curr caps lock LED is on,System Curr caps lock LED is on,SystemCurrentLockOn,,PASS,,19.6441760904,mA,21,18,,,mA,Sep 18 2019 4:00:14.9650 PM,Sep 18 2019 4:00:14.9650 PM,0
System Curr caps lock LED is off,,,,,,,,,,,,,Sep 18 2019 4:00:14.9690 PM,Sep 18 2019 4:00:17.3860 PM,2.417
System Curr caps lock LED is off,System Curr caps lock LED is off,"[Hid] /usr/local/bin/hidreport -p 0x026E -v 0x5ac -usage 0xff00,0xb set 0xCE 0xCE 3 3 1",,PASS,,,,,,,,,Sep 18 2019 4:00:15.0740 PM,Sep 18 2019 4:00:15.0740 PM,0
System Curr caps lock LED is off,System Curr caps lock LED is off,[rpc] item_SysCurrent(1000mA),,PASS,,,,,,,,,Sep 18 2019 4:00:16.5310 PM,Sep 18 2019 4:00:17.3840 PM,.8535
System Curr caps lock LED is off,System Curr caps lock LED is off,SystemCurrentLockOff,,PASS,,0.9264498703,mA,1.65,0.5,,,mA,Sep 18 2019 4:00:17.3850 PM,Sep 18 2019 4:00:17.3850 PM,0
(Orion Power)SYS CURRENT BLC ONLY,,,,,,,,,,,,,Sep 18 2019 4:00:17.3890 PM,Sep 18 2019 4:00:20.2900 PM,2.9015
(Orion Power)SYS CURRENT BLC ONLY,(Orion Power)SYS CURRENT BLC ONLY,"[Hid] /usr/local/bin/hidreport -p 0x026E -v 0x5ac -usage 0xFF00,0xF set 0x01 0x01 0x01",,PASS,,,,,,,,,Sep 18 2019 4:00:17.4990 PM,Sep 18 2019 4:00:17.4990 PM,0
(Orion Power)SYS CURRENT BLC ONLY,(Orion Power)SYS CURRENT BLC ONLY,[rpc] item_SysCurrent(1000mA),,PASS,,,,,,,,,Sep 18 2019 4:00:18.9570 PM,Sep 18 2019 4:00:19.8040 PM,.8464
(Orion Power)SYS CURRENT BLC ONLY,(Orion Power)SYS CURRENT BLC ONLY,CurrBacklight,,PASS,,3.58158999,mA,4.2,2.9,,,mA,Sep 18 2019 4:00:19.8050 PM,Sep 18 2019 4:00:19.8050 PM,0
(Orion Power)SYS CURRENT BLC ONLY,(Orion Power)SYS CURRENT BLC ONLY,"[Hid] /usr/local/bin/hidreport -p 0x026E -v 0x5ac -usage 0xff00,0xf set 0x1 0x1 0x0",,PASS,,,,,,,,,Sep 18 2019 4:00:19.9060 PM,Sep 18 2019 4:00:19.9060 PM,0
(Orion Power)SYS CURRENT USBC Alt power ONLY,,,,,,,,,,,,,Sep 18 2019 4:00:20.2930 PM,Sep 18 2019 4:00:23.2050 PM,2.9121
(Orion Power)SYS CURRENT USBC Alt power ONLY,(Orion Power)SYS CURRENT USBC Alt power ONLY,"[Hid] /usr/local/bin/hidreport -p 0x026E -v 0x5ac -usage 0xff00,0xb set 0xce 0xce 6 6 0",,PASS,,,,,,,,,Sep 18 2019 4:00:20.3920 PM,Sep 18 2019 4:00:20.3920 PM,0
(Orion Power)SYS CURRENT USBC Alt power ONLY,(Orion Power)SYS CURRENT USBC Alt power ONLY,[rpc] item_SysCurrent(1000mA),,PASS,,,,,,,,,Sep 18 2019 4:00:21.8500 PM,Sep 18 2019 4:00:22.7020 PM,.8529
(Orion Power)SYS CURRENT USBC Alt power ONLY,(Orion Power)SYS CURRENT USBC Alt power ONLY,CurrUSB,,PASS,,3.3287475111,mA,3.96,2.6,,,mA,Sep 18 2019 4:00:22.7030 PM,Sep 18 2019 4:00:22.7030 PM,0
(Orion Power)SYS CURRENT USBC Alt power ONLY,(Orion Power)SYS CURRENT USBC Alt power ONLY,"[Hid] /usr/local/bin/hidreport -p 0x026E -v 0x5ac -usage 0xff00,0xb set 0xce 0xce 6 6 1",,PASS,,,,,,,,,Sep 18 2019 4:00:22.8160 PM,Sep 18 2019 4:00:22.8160 PM,0
(Orion Power)SYS CURRENT Energy storage ONLY,,,,,,,,,,,,,Sep 18 2019 4:00:23.2090 PM,Sep 18 2019 4:00:26.0500 PM,2.8413
(Orion Power)SYS CURRENT Energy storage ONLY,(Orion Power)SYS CURRENT Energy storage ONLY,"[Hid] /usr/local/bin/hidreport -p 0x026E -v 0x5ac -usage 0xFF00,0xb set 0xCE 0xCE 1 5 0",,PASS,,,,,,,,,Sep 18 2019 4:00:23.3090 PM,Sep 18 2019 4:00:23.3090 PM,0
(Orion Power)SYS CURRENT Energy storage ONLY,(Orion Power)SYS CURRENT Energy storage ONLY,[rpc] item_SysCurrent(1000mA),,PASS,,,,,,,,,Sep 18 2019 4:00:24.7650 PM,Sep 18 2019 4:00:25.6110 PM,.8462
(Orion Power)SYS CURRENT Energy storage ONLY,(Orion Power)SYS CURRENT Energy storage ONLY,CurrEnergy,,PASS,,1.1802392974,mA,1.85,0.9,,,mA,Sep 18 2019 4:00:25.6120 PM,Sep 18 2019 4:00:25.6120 PM,0
(Orion Power)SYS CURRENT Energy storage ONLY,(Orion Power)SYS CURRENT Energy storage ONLY,"[Hid] /usr/local/bin/hidreport -p 0x026E -v 0x5ac -usage 0xFF00,0xb set 0xCE 0xCE 1 5 1",,PASS,,,,,,,,,Sep 18 2019 4:00:25.6610 PM,Sep 18 2019 4:00:25.6610 PM,0
(Orion Power)SYS CURRENT MFI ONLY,,,,,,,,,,,,,Sep 18 2019 4:00:26.0540 PM,Sep 18 2019 4:00:28.9460 PM,2.8919
(Orion Power)SYS CURRENT MFI ONLY,(Orion Power)SYS CURRENT MFI ONLY,"[Hid] /usr/local/bin/hidreport -p 0x026E -v 0x5ac -usage 0xff00,0xb set 0xce 0xce 4 7 0",,PASS,,,,,,,,,Sep 18 2019 4:00:26.1540 PM,Sep 18 2019 4:00:26.1540 PM,0
(Orion Power)SYS CURRENT MFI ONLY,(Orion Power)SYS CURRENT MFI ONLY,[rpc] item_SysCurrent(1000mA),,PASS,,,,,,,,,Sep 18 2019 4:00:27.6090 PM,Sep 18 2019 4:00:28.4560 PM,.8464
(Orion Power)SYS CURRENT MFI ONLY,(Orion Power)SYS CURRENT MFI ONLY,CurrMFI,,PASS,,0.8295365604,mA,1.65,0.5,,,mA,Sep 18 2019 4:00:28.4570 PM,Sep 18 2019 4:00:28.4570 PM,0
(Orion Power)SYS CURRENT MFI ONLY,(Orion Power)SYS CURRENT MFI ONLY,"[Hid] /usr/local/bin/hidreport -p 0x026E -v 0x5ac -usage 0xff00,0xb set 0xce 0xce 4 7 1",,PASS,,,,,,,,,Sep 18 2019 4:00:28.5580 PM,Sep 18 2019 4:00:28.5580 PM,0
(Orion Power)SYS CURRENT Energy storage,,,,,,,,,,,,,Sep 18 2019 4:00:28.9490 PM,Sep 18 2019 4:00:31.8040 PM,2.8551
(Orion Power)SYS CURRENT Energy storage,(Orion Power)SYS CURRENT Energy storage,"[Hid] /usr/local/bin/hidreport -p 0x026E -v 0x5ac -usage 0xFF00,0xb set 0xCE 0xCE 1 5 0",,PASS,,,,,,,,,Sep 18 2019 4:00:29.0480 PM,Sep 18 2019 4:00:29.0480 PM,0
(Orion Power)SYS CURRENT Energy storage,(Orion Power)SYS CURRENT Energy storage,[rpc] item_SysCurrent(1000mA),,PASS,,,,,,,,,Sep 18 2019 4:00:30.5140 PM,Sep 18 2019 4:00:31.3650 PM,.8511
(Orion Power)SYS CURRENT Energy storage,(Orion Power)SYS CURRENT Energy storage,CurrBackupDisBoostEn,,PASS,,1.1547595584,mA,1.85,0.9,,,mA,Sep 18 2019 4:00:31.3660 PM,Sep 18 2019 4:00:31.3660 PM,0
(Orion Power)SYS CURRENT Energy storage,(Orion Power)SYS CURRENT Energy storage,"[Hid] /usr/local/bin/hidreport -p 0x026E -v 0x5ac -usage 0xFF00,0xb set 0xCE 0xCE 1 5 1",,PASS,,,,,,,,,Sep 18 2019 4:00:31.4140 PM,Sep 18 2019 4:00:31.4140 PM,0
(Orion Power)SYS CURRENT TOUCH ONLY,,,,,,,,,,,,,Sep 18 2019 4:00:31.8080 PM,Sep 18 2019 4:00:34.9170 PM,3.1092
(Orion Power)SYS CURRENT TOUCH ONLY,(Orion Power)SYS CURRENT TOUCH ONLY,"[Hid] /usr/local/bin/hidreport -p 0x026E -v 0x5ac -usage 0xff00,0xb set 0x21 0x21 0x4",,PASS,,,,,,,,,Sep 18 2019 4:00:32.1200 PM,Sep 18 2019 4:00:32.1200 PM,0
(Orion Power)SYS CURRENT TOUCH ONLY,(Orion Power)SYS CURRENT TOUCH ONLY,[rpc] item_SysCurrent(1000mA),,PASS,,,,,,,,,Sep 18 2019 4:00:33.5700 PM,Sep 18 2019 4:00:34.4190 PM,.849
(Orion Power)SYS CURRENT TOUCH ONLY,(Orion Power)SYS CURRENT TOUCH ONLY,CurrTouch,,PASS,,12.6253377973,mA,14.5,10.9,,,mA,Sep 18 2019 4:00:34.4210 PM,Sep 18 2019 4:00:34.4210 PM,0
(Orion Power)SYS CURRENT TOUCH ONLY,(Orion Power)SYS CURRENT TOUCH ONLY,"[Hid] /usr/local/bin/hidreport -p 0x026E -v 0x5ac -usage 0xff00,0xb set 0x21 0x21 0x1",,PASS,,,,,,,,,Sep 18 2019 4:00:34.5260 PM,Sep 18 2019 4:00:34.5260 PM,0
(Orion Power)SYS CURRENT ALL RAILS,,,,,,,,,,,,,Sep 18 2019 4:00:34.9200 PM,Sep 18 2019 4:00:44.2750 PM,9.3554
(Orion Power)SYS CURRENT ALL RAILS,(Orion Power)SYS CURRENT ALL RAILS,"[Hid] /usr/local/bin/hidreport -p 0x026E -v 0x5ac -usage 0xFF00,0xF set 1 1 1",,PASS,,,,,,,,,Sep 18 2019 4:00:35.0330 PM,Sep 18 2019 4:00:35.0330 PM,0
(Orion Power)SYS CURRENT ALL RAILS,(Orion Power)SYS CURRENT ALL RAILS,"[Hid] /usr/local/bin/hidreport -p 0x026E -v 0x5ac -usage 0xff00,0xb set 0xce 0xce 3 3 0",,PASS,,,,,,,,,Sep 18 2019 4:00:35.5190 PM,Sep 18 2019 4:00:35.5190 PM,0
(Orion Power)SYS CURRENT ALL RAILS,(Orion Power)SYS CURRENT ALL RAILS,"[Hid] /usr/local/bin/hidreport -p 0x026E -v 0x5ac -usage 0xFF00,0xb set 0xCE 0xCE 1 5 0",,PASS,,,,,,,,,Sep 18 2019 4:00:36.0000 PM,Sep 18 2019 4:00:36.0000 PM,0
(Orion Power)SYS CURRENT ALL RAILS,(Orion Power)SYS CURRENT ALL RAILS,"[Hid] /usr/local/bin/hidreport -p 0x026E -v 0x5ac -usage 0xff00,0xb set 0xce 0xce 4 7 0",,PASS,,,,,,,,,Sep 18 2019 4:00:36.4320 PM,Sep 18 2019 4:00:36.4320 PM,0
(Orion Power)SYS CURRENT ALL RAILS,(Orion Power)SYS CURRENT ALL RAILS,"[Hid] /usr/local/bin/hidreport -p 0x026E -v 0x5ac -usage 0xff00,0xb set 0x21 0x21 0x4",,PASS,,,,,,,,,Sep 18 2019 4:00:37.1280 PM,Sep 18 2019 4:00:37.1280 PM,0
(Orion Power)SYS CURRENT ALL RAILS,(Orion Power)SYS CURRENT ALL RAILS,"[Hid] /usr/local/bin/hidreport -p 0x026E -v 0x5ac -usage 0xff00,0xb set 0xce 0xce 6 6 0",,PASS,,,,,,,,,Sep 18 2019 4:00:37.5560 PM,Sep 18 2019 4:00:37.5560 PM,0
(Orion Power)SYS CURRENT ALL RAILS,(Orion Power)SYS CURRENT ALL RAILS,[rpc] item_SysCurrent(1000mA),,PASS,,,,,,,,,Sep 18 2019 4:00:40.0150 PM,Sep 18 2019 4:00:40.8700 PM,.8555
(Orion Power)SYS CURRENT ALL RAILS,(Orion Power)SYS CURRENT ALL RAILS,SYS CURRENT ALL RAILS,,PASS,,28.1795957829,mA,31.6,22,,,mA,Sep 18 2019 4:00:40.8710 PM,Sep 18 2019 4:00:40.8710 PM,0
(Orion Power)SYS CURRENT ALL RAILS,(Orion Power)SYS CURRENT ALL RAILS,"[Hid] /usr/local/bin/hidreport -p 0x026E -v 0x5ac -usage 0xff00,0xf set 1 1 0",,PASS,,,,,,,,,Sep 18 2019 4:00:40.9730 PM,Sep 18 2019 4:00:40.9730 PM,0
(Orion Power)SYS CURRENT ALL RAILS,(Orion Power)SYS CURRENT ALL RAILS,"[Hid] /usr/local/bin/hidreport -p 0x026E -v 0x5ac -usage 0xff00,0xb set 0xce 0xce 3 3 1",,PASS,,,,,,,,,Sep 18 2019 4:00:41.4610 PM,Sep 18 2019 4:00:41.4610 PM,0
(Orion Power)SYS CURRENT ALL RAILS,(Orion Power)SYS CURRENT ALL RAILS,"[Hid] /usr/local/bin/hidreport -p 0x026E -v 0x5ac -usage 0xFF00,0xb set 0xCE 0xCE 1 5 1",,PASS,,,,,,,,,Sep 18 2019 4:00:41.9010 PM,Sep 18 2019 4:00:41.9010 PM,0
(Orion Power)SYS CURRENT ALL RAILS,(Orion Power)SYS CURRENT ALL RAILS,"[Hid] /usr/local/bin/hidreport -p 0x026E -v 0x5ac -usage 0xff00,0xb set 0xce 0xce 4 7 1",,PASS,,,,,,,,,Sep 18 2019 4:00:42.3870 PM,Sep 18 2019 4:00:42.3870 PM,0
(Orion Power)SYS CURRENT ALL RAILS,(Orion Power)SYS CURRENT ALL RAILS,"[Hid] /usr/local/bin/hidreport -p 0x026E -v 0x5ac -usage 0xff00,0xb set 0x21 0x21 0x1",,PASS,,,,,,,,,Sep 18 2019 4:00:42.8300 PM,Sep 18 2019 4:00:42.8300 PM,0
(Orion Power)SYS CURRENT ALL RAILS,(Orion Power)SYS CURRENT ALL RAILS,"[Hid] /usr/local/bin/hidreport -p 0x026E -v 0x5ac -usage 0xff00,0xb set 0xce 0xce 6 6 1",,PASS,,,,,,,,,Sep 18 2019 4:00:43.3190 PM,Sep 18 2019 4:00:43.3190 PM,0
(Orion Power)SysTem Curr Leds to 0% Brightness,,,,,,,,,,,,,Sep 18 2019 4:00:44.2800 PM,Sep 18 2019 4:00:48.2710 PM,3.9917
(Orion Power)SysTem Curr Leds to 0% Brightness,(Orion Power)SysTem Curr Leds to 0% Brightness,"[Hid] /usr/local/bin/hidreport -p 0x026E -v 0x5ac -usage 0xff00,0xf set 0x01 0x01 0x01",,PASS,,,,,,,,,Sep 18 2019 4:00:44.3870 PM,Sep 18 2019 4:00:44.3870 PM,0
(Orion Power)SysTem Curr Leds to 0% Brightness,(Orion Power)SysTem Curr Leds to 0% Brightness,"[Hid] /usr/local/bin/hidreport -p 0x026E -v 0x5ac -usage 0xff00,0xf set 0x3 0x3 0x19",,PASS,,,,,,,,,Sep 18 2019 4:00:45.4710 PM,Sep 18 2019 4:00:45.4710 PM,0
(Orion Power)SysTem Curr Leds to 0% Brightness,(Orion Power)SysTem Curr Leds to 0% Brightness,"[Hid] /usr/local/bin/hidreport -p 0x026E -v 0x5ac -usage 0xff00,0xf set 0x02 0x02 0x00 0x00",,PASS,,,,,,,,,Sep 18 2019 4:00:45.9610 PM,Sep 18 2019 4:00:45.9610 PM,0
(Orion Power)SysTem Curr Leds to 0% Brightness,(Orion Power)SysTem Curr Leds to 0% Brightness,[rpc] item_SysCurrent(1000mA),,PASS,,,,,,,,,Sep 18 2019 4:00:47.4230 PM,Sep 18 2019 4:00:48.2700 PM,.847
(Orion Power)SysTem Curr Leds to 0% Brightness,(Orion Power)SysTem Curr Leds to 0% Brightness,Sys_led_percent0,,PASS,,3.4949222686,mA,4.2,2.9,,,mA,Sep 18 2019 4:00:48.2710 PM,Sep 18 2019 4:00:48.2710 PM,0
(Orion Power)SysTem Curr Leds to 1% Brightness,,,,,,,,,,,,,Sep 18 2019 4:00:48.2740 PM,Sep 18 2019 4:00:50.6360 PM,2.3616
(Orion Power)SysTem Curr Leds to 1% Brightness,(Orion Power)SysTem Curr Leds to 1% Brightness,"[Hid] /usr/local/bin/hidreport -p 0x026E -v 0x5ac -usage 0xff00,0xf set 0x02 0x02 0x14 0x00",,PASS,,,,,,,,,Sep 18 2019 4:00:48.3240 PM,Sep 18 2019 4:00:48.3240 PM,0
(Orion Power)SysTem Curr Leds to 1% Brightness,(Orion Power)SysTem Curr Leds to 1% Brightness,[rpc] item_SysCurrent(1000mA),,PASS,,,,,,,,,Sep 18 2019 4:00:49.7860 PM,Sep 18 2019 4:00:50.6350 PM,.8489
(Orion Power)SysTem Curr Leds to 1% Brightness,(Orion Power)SysTem Curr Leds to 1% Brightness,Sys_led_percent1,,PASS,,6.3099892405,mA,6.75,5.75,,,mA,Sep 18 2019 4:00:50.6360 PM,Sep 18 2019 4:00:50.6360 PM,0
(Orion Power)SysTem Curr Leds to 100% Brightness,,,,,,,,,,,,,Sep 18 2019 4:00:50.6390 PM,Sep 18 2019 4:00:52.8940 PM,2.2553
(Orion Power)SysTem Curr Leds to 100% Brightness,(Orion Power)SysTem Curr Leds to 100% Brightness,"[Hid] /usr/local/bin/hidreport -p 0x026E -v 0x5ac -usage 0xff00,0xf set 0x02 0x02 0xff 0x7",,PASS,,,,,,,,,Sep 18 2019 4:00:50.7430 PM,Sep 18 2019 4:00:50.7430 PM,0
(Orion Power)SysTem Curr Leds to 100% Brightness,(Orion Power)SysTem Curr Leds to 100% Brightness,[rpc] item_SysCurrent(1000mA),,PASS,,,,,,,,,Sep 18 2019 4:00:52.1990 PM,Sep 18 2019 4:00:52.8930 PM,.6939
(Orion Power)SysTem Curr Leds to 100% Brightness,(Orion Power)SysTem Curr Leds to 100% Brightness,Sys_led_percent100,,PASS,,208.585089093,mA,220,195,,,mA,Sep 18 2019 4:00:52.8940 PM,Sep 18 2019 4:00:52.8940 PM,0
(Orion Power)SysTem Curr Leds to PD 50% Brightness,,,,,,,,,,,,,Sep 18 2019 4:00:52.8970 PM,Sep 18 2019 4:00:57.3520 PM,4.4541
(Orion Power)SysTem Curr Leds to PD 50% Brightness,(Orion Power)SysTem Curr Leds to PD 50% Brightness,"[Hid] /usr/local/bin/hidreport -p 0x026E -v 0x5ac -usage 0xff00,0xf set 0x2 0x2 0x00 0x0",,PASS,,,,,,,,,Sep 18 2019 4:00:53.0160 PM,Sep 18 2019 4:00:53.0160 PM,0
(Orion Power)SysTem Curr Leds to PD 50% Brightness,(Orion Power)SysTem Curr Leds to PD 50% Brightness,"[Hid] /usr/local/bin/hidreport -p 0x026E -v 0x5ac -usage 0xff00,0xf set 0x3 0x3 0xa",,PASS,,,,,,,,,Sep 18 2019 4:00:53.4530 PM,Sep 18 2019 4:00:53.4530 PM,0
(Orion Power)SysTem Curr Leds to PD 50% Brightness,(Orion Power)SysTem Curr Leds to PD 50% Brightness,"[Hid] /usr/local/bin/hidreport -p 0x026E -v 0x5ac -usage 0xff00,0xf set 0x1 0x1 0x1",,PASS,,,,,,,,,Sep 18 2019 4:00:53.9450 PM,Sep 18 2019 4:00:53.9450 PM,0
(Orion Power)SysTem Curr Leds to PD 50% Brightness,(Orion Power)SysTem Curr Leds to PD 50% Brightness,"[Hid] /usr/local/bin/hidreport -p 0x026E -v 0x5ac -usage 0xff00,0xf get 0x03",,PASS,,,,,,,,,Sep 18 2019 4:00:54.5530 PM,Sep 18 2019 4:00:54.5530 PM,0
(Orion Power)SysTem Curr Leds to PD 50% Brightness,(Orion Power)SysTem Curr Leds to PD 50% Brightness,"[Hid] /usr/local/bin/hidreport -p 0x026E -v 0x5ac -usage 0xff00,0xf set 0x2 0x2 0x92 0x7",,PASS,,,,,,,,,Sep 18 2019 4:00:55.0420 PM,Sep 18 2019 4:00:55.0420 PM,0
(Orion Power)SysTem Curr Leds to PD 50% Brightness,(Orion Power)SysTem Curr Leds to PD 50% Brightness,[rpc] item_SysCurrent(1000mA),,PASS,,,,,,,,,Sep 18 2019 4:00:56.5010 PM,Sep 18 2019 4:00:57.3490 PM,.8475
(Orion Power)SysTem Curr Leds to PD 50% Brightness,(Orion Power)SysTem Curr Leds to PD 50% Brightness,Sys_led_percent50,,PASS,,59.4333877565,mA,68,58,,,mA,Sep 18 2019 4:00:57.3510 PM,Sep 18 2019 4:00:57.3510 PM,0
USBC Power On,,,,,,,,,,,,,Sep 18 2019 4:00:57.3600 PM,Sep 18 2019 4:01:05.7400 PM,8.3802
USBC Power On,USBC Power On,[rpc] item_TurnAllOffAfterInit,,PASS,,,,,,,,,Sep 18 2019 4:00:57.3610 PM,Sep 18 2019 4:00:58.5100 PM,1.1489
USBC Power On,USBC Power On,[rpc] psu_setPSU_init,,PASS,,,,,,,,,Sep 18 2019 4:00:58.5120 PM,Sep 18 2019 4:00:58.5190 PM,.0067
USBC Power On,USBC Power On,[rpc] item_PowerOffTypeC,,PASS,,,,,,,,,Sep 18 2019 4:00:58.6880 PM,Sep 18 2019 4:00:58.8030 PM,.1147
USBC Power On,USBC Power On,"[rpc] myiocontrol_set_Bit(24,0)",,PASS,,,,,,,,,Sep 18 2019 4:00:58.8050 PM,Sep 18 2019 4:00:58.8110 PM,.0067
USBC Power On,USBC Power On,"[rpc] myiocontrol_set_Bit(25,0)",,PASS,,,,,,,,,Sep 18 2019 4:00:58.8130 PM,Sep 18 2019 4:00:58.8200 PM,.0068
USBC Power On,USBC Power On,"[rpc] dutgpio_set_pin(7,1)",,PASS,,,,,,,,,Sep 18 2019 4:00:58.9900 PM,Sep 18 2019 4:00:58.9940 PM,.0046
USBC Power On,USBC Power On,"[rpc] item_PowerOnTypeC(5,3000)",,PASS,,,,,,,,,Sep 18 2019 4:01:02.4040 PM,Sep 18 2019 4:01:02.5850 PM,.1808
USBC Power On,USBC Power On,"[rpc] myiocontrol_set_Bit(25,1)",,PASS,,,,,,,,,Sep 18 2019 4:01:04.6610 PM,Sep 18 2019 4:01:04.6680 PM,.0069
(USB-C Power) SYS CURRENT IDLE,,,,,,,,,,,,,Sep 18 2019 4:01:05.7430 PM,Sep 18 2019 4:01:10.8050 PM,5.0616
(USB-C Power) SYS CURRENT IDLE,(USB-C Power) SYS CURRENT IDLE,"[Hid] /usr/local/bin/hidreport -p 0x026E -v 0x5ac -usage 0xff00,0xf set 1 1 0",,PASS,,,,,,,,,Sep 18 2019 4:01:06.0220 PM,Sep 18 2019 4:01:06.0220 PM,0
(USB-C Power) SYS CURRENT IDLE,(USB-C Power) SYS CURRENT IDLE,"[Hid] /usr/local/bin/hidreport -p 0x026E -v 0x5ac -usage 0xff00,0xb set 0xce 0xce 3 3 1",,PASS,,,,,,,,,Sep 18 2019 4:01:06.5110 PM,Sep 18 2019 4:01:06.5110 PM,0
(USB-C Power) SYS CURRENT IDLE,(USB-C Power) SYS CURRENT IDLE,"[Hid] /usr/local/bin/hidreport -p 0x026E -v 0x5ac -usage 0xff00,0xb set 0xce 0xce 4 7 1",,PASS,,,,,,,,,Sep 18 2019 4:01:06.9920 PM,Sep 18 2019 4:01:06.9920 PM,0
(USB-C Power) SYS CURRENT IDLE,(USB-C Power) SYS CURRENT IDLE,"[Hid] /usr/local/bin/hidreport -p 0x026E -v 0x5ac -usage 0xff00,0xb set 0x21 0x21 0x1",,PASS,,,,,,,,,Sep 18 2019 4:01:07.4830 PM,Sep 18 2019 4:01:07.4830 PM,0
(USB-C Power) SYS CURRENT IDLE,(USB-C Power) SYS CURRENT IDLE,[rpc] item_SysCurrent(1000mA),,PASS,,,,,,,,,Sep 18 2019 4:01:09.9470 PM,Sep 18 2019 4:01:10.8030 PM,.8558
(USB-C Power) SYS CURRENT IDLE,(USB-C Power) SYS CURRENT IDLE,(USB-C Power) SYS CURRENT IDLE,,PASS,,3.8661503509,mA,4.7,3.2,,,mA,Sep 18 2019 4:01:10.8040 PM,Sep 18 2019 4:01:10.8040 PM,0
(USB-C Power) SYS CURRENT Capslock ONLY,,,,,,,,,,,,,Sep 18 2019 4:01:10.8080 PM,Sep 18 2019 4:01:13.7120 PM,2.9043
(USB-C Power) SYS CURRENT Capslock ONLY,(USB-C Power) SYS CURRENT Capslock ONLY,"[Hid] /usr/local/bin/hidreport -p 0x026E -v 0x5ac -usage 0xff00,0xb set 0xce 0xce 3 3 0",,PASS,,,,,,,,,Sep 18 2019 4:01:10.9070 PM,Sep 18 2019 4:01:10.9070 PM,0
(USB-C Power) SYS CURRENT Capslock ONLY,(USB-C Power) SYS CURRENT Capslock ONLY,[rpc] item_SysCurrent(1000mA),,PASS,,,,,,,,,Sep 18 2019 4:01:12.3710 PM,Sep 18 2019 4:01:13.2200 PM,.8493
(USB-C Power) SYS CURRENT Capslock ONLY,(USB-C Power) SYS CURRENT Capslock ONLY,Usbc_CurrCapsLock,,PASS,,22.5307522914,mA,24,21,,,mA,Sep 18 2019 4:01:13.2210 PM,Sep 18 2019 4:01:13.2210 PM,0
(USB-C Power) SYS CURRENT Capslock ONLY,(USB-C Power) SYS CURRENT Capslock ONLY,"[Hid] /usr/local/bin/hidreport -p 0x026E -v 0x5ac -usage 0xff00,0xb set 0xce 0xce 3 3 1",,PASS,,,,,,,,,Sep 18 2019 4:01:13.3230 PM,Sep 18 2019 4:01:13.3230 PM,0
(USB-C Power) SYS CURRENT BLC ONLY,,,,,,,,,,,,,Sep 18 2019 4:01:13.7150 PM,Sep 18 2019 4:01:16.6320 PM,2.9165
(USB-C Power) SYS CURRENT BLC ONLY,(USB-C Power) SYS CURRENT BLC ONLY,"[Hid] /usr/local/bin/hidreport -p 0x026E -v 0x5ac -usage 0xFF00,0xF set 0x1 0x1 0x1",,PASS,,,,,,,,,Sep 18 2019 4:01:13.8290 PM,Sep 18 2019 4:01:13.8290 PM,0
(USB-C Power) SYS CURRENT BLC ONLY,(USB-C Power) SYS CURRENT BLC ONLY,[rpc] item_SysCurrent(1000mA),,PASS,,,,,,,,,Sep 18 2019 4:01:15.2890 PM,Sep 18 2019 4:01:16.1420 PM,.8529
(USB-C Power) SYS CURRENT BLC ONLY,(USB-C Power) SYS CURRENT BLC ONLY,Usbc_CurrBacklight,,PASS,,6.4859751619,mA,7.4,5.7,,,mA,Sep 18 2019 4:01:16.1430 PM,Sep 18 2019 4:01:16.1430 PM,0
(USB-C Power) SYS CURRENT BLC ONLY,(USB-C Power) SYS CURRENT BLC ONLY,"[Hid] /usr/local/bin/hidreport -p 0x026E -v 0x5ac -usage 0xff00,0xf set 0x1 0x1 0x0",,PASS,,,,,,,,,Sep 18 2019 4:01:16.2420 PM,Sep 18 2019 4:01:16.2420 PM,0
(USB-C Power) SYS CURRENT MFI ONLY,,,,,,,,,,,,,Sep 18 2019 4:01:16.6350 PM,Sep 18 2019 4:01:19.5230 PM,2.8876
(USB-C Power) SYS CURRENT MFI ONLY,(USB-C Power) SYS CURRENT MFI ONLY,"[Hid] /usr/local/bin/hidreport -p 0x026E -v 0x5ac -usage 0xff00,0xb set 0xce 0xce 4 7 0",,PASS,,,,,,,,,Sep 18 2019 4:01:16.7340 PM,Sep 18 2019 4:01:16.7340 PM,0
(USB-C Power) SYS CURRENT MFI ONLY,(USB-C Power) SYS CURRENT MFI ONLY,[rpc] item_SysCurrent(1000mA),,PASS,,,,,,,,,Sep 18 2019 4:01:18.1860 PM,Sep 18 2019 4:01:19.0320 PM,.8462
(USB-C Power) SYS CURRENT MFI ONLY,(USB-C Power) SYS CURRENT MFI ONLY,Usbc_CurrMFI,,PASS,,3.8590872892,mA,4.7,3.2,,,mA,Sep 18 2019 4:01:19.0330 PM,Sep 18 2019 4:01:19.0330 PM,0
(USB-C Power) SYS CURRENT MFI ONLY,(USB-C Power) SYS CURRENT MFI ONLY,"[Hid] /usr/local/bin/hidreport -p 0x026E -v 0x5ac -usage 0xff00,0xb set 0xce 0xce 4 7 1",,PASS,,,,,,,,,Sep 18 2019 4:01:19.1360 PM,Sep 18 2019 4:01:19.1360 PM,0
(USB-C Power) SYS CURRENT TOUCH ONLY,,,,,,,,,,,,,Sep 18 2019 4:01:19.5260 PM,Sep 18 2019 4:01:22.6490 PM,3.1234
(USB-C Power) SYS CURRENT TOUCH ONLY,(USB-C Power) SYS CURRENT TOUCH ONLY,"[Hid] /usr/local/bin/hidreport -p 0x026E -v 0x5ac -usage 0xff00,0xb set 0x21 0x21 0x4",,PASS,,,,,,,,,Sep 18 2019 4:01:19.8420 PM,Sep 18 2019 4:01:19.8420 PM,0
(USB-C Power) SYS CURRENT TOUCH ONLY,(USB-C Power) SYS CURRENT TOUCH ONLY,[rpc] item_SysCurrent(1000mA),,PASS,,,,,,,,,Sep 18 2019 4:01:21.3030 PM,Sep 18 2019 4:01:22.1510 PM,.848
(USB-C Power) SYS CURRENT TOUCH ONLY,(USB-C Power) SYS CURRENT TOUCH ONLY,Usbc_CurrTouch,,PASS,,15.8092410752,mA,18,14.5,,,mA,Sep 18 2019 4:01:22.1520 PM,Sep 18 2019 4:01:22.1520 PM,0
(USB-C Power) SYS CURRENT TOUCH ONLY,(USB-C Power) SYS CURRENT TOUCH ONLY,"[Hid] /usr/local/bin/hidreport -p 0x026E -v 0x5ac -usage 0xff00,0xb set 0x21 0x21 0x1",,PASS,,,,,,,,,Sep 18 2019 4:01:22.2580 PM,Sep 18 2019 4:01:22.2580 PM,0
(USB-C Power) SYS CURRENT ALL RAILS,,,,,,,,,,,,,Sep 18 2019 4:01:22.6520 PM,Sep 18 2019 4:01:32.1080 PM,9.4557
(USB-C Power) SYS CURRENT ALL RAILS,(USB-C Power) SYS CURRENT ALL RAILS,"[Hid] /usr/local/bin/hidreport -p 0x026E -v 0x5ac -usage 0xFF00,0xF set 1 1 1",,PASS,,,,,,,,,Sep 18 2019 4:01:22.7590 PM,Sep 18 2019 4:01:22.7590 PM,0
(USB-C Power) SYS CURRENT ALL RAILS,(USB-C Power) SYS CURRENT ALL RAILS,"[Hid] /usr/local/bin/hidreport -p 0x026E -v 0x5ac -usage 0xff00,0xb set 0xce 0xce 3 3 0",,PASS,,,,,,,,,Sep 18 2019 4:01:23.2000 PM,Sep 18 2019 4:01:23.2000 PM,0
(USB-C Power) SYS CURRENT ALL RAILS,(USB-C Power) SYS CURRENT ALL RAILS,"[Hid] /usr/local/bin/hidreport -p 0x026E -usage 0xFF00,0xb set 0xCE 0xCE 1 5 0",,PASS,,,,,,,,,Sep 18 2019 4:01:23.6820 PM,Sep 18 2019 4:01:23.6820 PM,0
(USB-C Power) SYS CURRENT ALL RAILS,(USB-C Power) SYS CURRENT ALL RAILS,"[Hid] /usr/local/bin/hidreport -p 0x026E -v 0x5ac -usage 0xff00,0xb set 0xce 0xce 4 7 0",,PASS,,,,,,,,,Sep 18 2019 4:01:24.1680 PM,Sep 18 2019 4:01:24.1680 PM,0
(USB-C Power) SYS CURRENT ALL RAILS,(USB-C Power) SYS CURRENT ALL RAILS,"[Hid] /usr/local/bin/hidreport -p 0x026E -v 0x5ac -usage 0xff00,0xb set 0x21 0x21 0x4",,PASS,,,,,,,,,Sep 18 2019 4:01:24.8710 PM,Sep 18 2019 4:01:24.8710 PM,0
(USB-C Power) SYS CURRENT ALL RAILS,(USB-C Power) SYS CURRENT ALL RAILS,"[Hid] /usr/local/bin/hidreport -p 0x026E -v 0x5ac -usage 0xff00,0xf set 0x02 0x02 0x00 0x00",,PASS,,,,,,,,,Sep 18 2019 4:01:26.3760 PM,Sep 18 2019 4:01:26.3760 PM,0
(USB-C Power) SYS CURRENT ALL RAILS,(USB-C Power) SYS CURRENT ALL RAILS,[rpc] item_SysCurrent(1000mA),,PASS,,,,,,,,,Sep 18 2019 4:01:28.8320 PM,Sep 18 2019 4:01:29.6830 PM,.8504
(USB-C Power) SYS CURRENT ALL RAILS,(USB-C Power) SYS CURRENT ALL RAILS,USBC SYS CURRENT ALL RAILS,,PASS,,28.5279872831,mA,33,24,,,mA,Sep 18 2019 4:01:29.6840 PM,Sep 18 2019 4:01:29.6840 PM,0
(USB-C Power) SYS CURRENT ALL RAILS,(USB-C Power) SYS CURRENT ALL RAILS,"[Hid] /usr/local/bin/hidreport -p 0x026E -v 0x5ac -usage 0xff00,0xf set 1 1 0",,PASS,,,,,,,,,Sep 18 2019 4:01:29.7830 PM,Sep 18 2019 4:01:29.7830 PM,0
(USB-C Power) SYS CURRENT ALL RAILS,(USB-C Power) SYS CURRENT ALL RAILS,"[Hid] /usr/local/bin/hidreport -p 0x026E -v 0x5ac -usage 0xff00,0xb set 0xce 0xce 3 3 1",,PASS,,,,,,,,,Sep 18 2019 4:01:30.2690 PM,Sep 18 2019 4:01:30.2690 PM,0
(USB-C Power) SYS CURRENT ALL RAILS,(USB-C Power) SYS CURRENT ALL RAILS,"[Hid] /usr/local/bin/hidreport -p 0x026E -v 0x5ac -usage 0xff00,0xb set 0xce 0xce 4 7 1",,PASS,,,,,,,,,Sep 18 2019 4:01:30.7070 PM,Sep 18 2019 4:01:30.7070 PM,0
(USB-C Power) SYS CURRENT ALL RAILS,(USB-C Power) SYS CURRENT ALL RAILS,"[Hid] /usr/local/bin/hidreport -p 0x026E -v 0x5ac -usage 0xff00,0xb set 0x21 0x21 0x1",,PASS,,,,,,,,,Sep 18 2019 4:01:31.1450 PM,Sep 18 2019 4:01:31.1450 PM,0
(USB-C Power)SysTem Curr Leds to 0% Brightness,,,,,,,,,,,,,Sep 18 2019 4:01:32.1120 PM,Sep 18 2019 4:01:35.9750 PM,3.8631
(USB-C Power)SysTem Curr Leds to 0% Brightness,(USB-C Power)SysTem Curr Leds to 0% Brightness,"[Hid] /usr/local/bin/hidreport -p 0x026E -v 0x5ac -usage 0xff00,0xf set 0x01 0x01 0x01",,PASS,,,,,,,,,Sep 18 2019 4:01:32.1670 PM,Sep 18 2019 4:01:32.1670 PM,0
(USB-C Power)SysTem Curr Leds to 0% Brightness,(USB-C Power)SysTem Curr Leds to 0% Brightness,"[Hid] /usr/local/bin/hidreport -p 0x026E -v 0x5ac -usage 0xff00,0xf set 0x3 0x3 0x19",,PASS,,,,,,,,,Sep 18 2019 4:01:33.2350 PM,Sep 18 2019 4:01:33.2350 PM,0
(USB-C Power)SysTem Curr Leds to 0% Brightness,(USB-C Power)SysTem Curr Leds to 0% Brightness,"[Hid] /usr/local/bin/hidreport -p 0x026E -v 0x5ac -usage 0xff00,0xf set 0x02 0x02 0x00 0x00",,PASS,,,,,,,,,Sep 18 2019 4:01:33.6750 PM,Sep 18 2019 4:01:33.6750 PM,0
(USB-C Power)SysTem Curr Leds to 0% Brightness,(USB-C Power)SysTem Curr Leds to 0% Brightness,[rpc] item_SysCurrent(1000mA),,PASS,,,,,,,,,Sep 18 2019 4:01:35.1240 PM,Sep 18 2019 4:01:35.9740 PM,.8491
(USB-C Power)SysTem Curr Leds to 0% Brightness,(USB-C Power)SysTem Curr Leds to 0% Brightness,Usbc_Sys_led_percent0,,PASS,,6.4693425545,mA,7.5,5.5,,,mA,Sep 18 2019 4:01:35.9750 PM,Sep 18 2019 4:01:35.9750 PM,0
(USB-C Power)SysTem Curr Leds to 1% Brightness,,,,,,,,,,,,,Sep 18 2019 4:01:35.9780 PM,Sep 18 2019 4:01:38.3900 PM,2.4117
(USB-C Power)SysTem Curr Leds to 1% Brightness,(USB-C Power)SysTem Curr Leds to 1% Brightness,"[Hid] /usr/local/bin/hidreport -p 0x026E -v 0x5ac -usage 0xff00,0xf set 0x02 0x02 0x14 0x00",,PASS,,,,,,,,,Sep 18 2019 4:01:36.0800 PM,Sep 18 2019 4:01:36.0800 PM,0
(USB-C Power)SysTem Curr Leds to 1% Brightness,(USB-C Power)SysTem Curr Leds to 1% Brightness,[rpc] item_SysCurrent(1000mA),,PASS,,,,,,,,,Sep 18 2019 4:01:37.5370 PM,Sep 18 2019 4:01:38.3880 PM,.8514
(USB-C Power)SysTem Curr Leds to 1% Brightness,(USB-C Power)SysTem Curr Leds to 1% Brightness,Usbc_Sys_led_percent1,,PASS,,9.2945404072,mA,10,8.5,,,mA,Sep 18 2019 4:01:38.3890 PM,Sep 18 2019 4:01:38.3890 PM,0
(USB-C Power)SysTem Curr Leds to 100% Brightness,,,,,,,,,,,,,Sep 18 2019 4:01:38.3930 PM,Sep 18 2019 4:01:40.6470 PM,2.2542
(USB-C Power)SysTem Curr Leds to 100% Brightness,(USB-C Power)SysTem Curr Leds to 100% Brightness,"[Hid] /usr/local/bin/hidreport -p 0x026E -v 0x5ac -usage 0xff00,0xf set 0x02 0x02 0xff 0x7",,PASS,,,,,,,,,Sep 18 2019 4:01:38.4980 PM,Sep 18 2019 4:01:38.4980 PM,0
(USB-C Power)SysTem Curr Leds to 100% Brightness,(USB-C Power)SysTem Curr Leds to 100% Brightness,[rpc] item_SysCurrent(1000mA),,PASS,,,,,,,,,Sep 18 2019 4:01:39.9600 PM,Sep 18 2019 4:01:40.6460 PM,.6861
(USB-C Power)SysTem Curr Leds to 100% Brightness,(USB-C Power)SysTem Curr Leds to 100% Brightness,Usbc_Sys_led_percent100,,PASS,,224.7665301633,mA,240,210,,,mA,Sep 18 2019 4:01:40.6470 PM,Sep 18 2019 4:01:40.6470 PM,0
(USB-C Power)SysTem Curr Leds to PD 50% Brightness,,,,,,,,,,,,,Sep 18 2019 4:01:40.6500 PM,Sep 18 2019 4:01:49.1350 PM,8.485
(USB-C Power)SysTem Curr Leds to PD 50% Brightness,(USB-C Power)SysTem Curr Leds to PD 50% Brightness,"[Hid] /usr/local/bin/hidreport -p 0x026E -v 0x5ac -usage 0xff00,0xf set 0x2 0x2 0x00 0x0",,PASS,,,,,,,,,Sep 18 2019 4:01:40.7520 PM,Sep 18 2019 4:01:40.7520 PM,0
(USB-C Power)SysTem Curr Leds to PD 50% Brightness,(USB-C Power)SysTem Curr Leds to PD 50% Brightness,"[Hid] /usr/local/bin/hidreport -p 0x026E -v 0x5ac -usage 0xff00,0xf set 0x3 0x3 0xa",,PASS,,,,,,,,,Sep 18 2019 4:01:41.2430 PM,Sep 18 2019 4:01:41.2430 PM,0
(USB-C Power)SysTem Curr Leds to PD 50% Brightness,(USB-C Power)SysTem Curr Leds to PD 50% Brightness,"[Hid] /usr/local/bin/hidreport -p 0x026E -v 0x5ac -usage 0xff00,0xf set 0x1 0x1 0x1",,PASS,,,,,,,,,Sep 18 2019 4:01:41.6810 PM,Sep 18 2019 4:01:41.6810 PM,0
(USB-C Power)SysTem Curr Leds to PD 50% Brightness,(USB-C Power)SysTem Curr Leds to PD 50% Brightness,"[Hid] /usr/local/bin/hidreport -p 0x026E -v 0x5ac -usage 0xff00,0xf get 0x03",,PASS,,,,,,,,,Sep 18 2019 4:01:42.3440 PM,Sep 18 2019 4:01:42.3440 PM,0
(USB-C Power)SysTem Curr Leds to PD 50% Brightness,(USB-C Power)SysTem Curr Leds to PD 50% Brightness,"[Hid] /usr/local/bin/hidreport -p 0x026E -v 0x5ac -usage 0xff00,0xf set 0x2 0x2 0x92 0x7",,PASS,,,,,,,,,Sep 18 2019 4:01:42.7910 PM,Sep 18 2019 4:01:42.7910 PM,0
(USB-C Power)SysTem Curr Leds to PD 50% Brightness,(USB-C Power)SysTem Curr Leds to PD 50% Brightness,[rpc] item_SysCurrent(1000mA),,PASS,,,,,,,,,Sep 18 2019 4:01:48.2870 PM,Sep 18 2019 4:01:49.1340 PM,.8462
(USB-C Power)SysTem Curr Leds to PD 50% Brightness,(USB-C Power)SysTem Curr Leds to PD 50% Brightness,Usbc_Sys_led_percent50,,PASS,,63.9612984546,mA,69,60,,,mA,Sep 18 2019 4:01:49.1350 PM,Sep 18 2019 4:01:49.1350 PM,0
5V 1.5A Curr CC Rp = 22kohm,,,,,,,,,,,,,Sep 18 2019 4:01:49.1390 PM,Sep 18 2019 4:02:01.9710 PM,12.832
5V 1.5A Curr CC Rp = 22kohm,5V 1.5A Curr CC Rp = 22kohm,[rpc] myiocontrol_TurnAllOff,,PASS,,,,,,,,,Sep 18 2019 4:01:49.1400 PM,Sep 18 2019 4:01:49.2310 PM,.0912
5V 1.5A Curr CC Rp = 22kohm,5V 1.5A Curr CC Rp = 22kohm,[rpc] cyg_eload_SetEloadOff,,PASS,,,,,,,,,Sep 18 2019 4:01:49.2330 PM,Sep 18 2019 4:01:49.3880 PM,.1545
5V 1.5A Curr CC Rp = 22kohm,5V 1.5A Curr CC Rp = 22kohm,"[rpc] dutgpio_set_pin(7,0)",,PASS,,,,,,,,,Sep 18 2019 4:01:49.9640 PM,Sep 18 2019 4:01:49.9680 PM,.0043
5V 1.5A Curr CC Rp = 22kohm,5V 1.5A Curr CC Rp = 22kohm,[rpc] item_PowerOffTypeC,,PASS,,,,,,,,,Sep 18 2019 4:01:49.9700 PM,Sep 18 2019 4:01:50.0840 PM,.1141
5V 1.5A Curr CC Rp = 22kohm,5V 1.5A Curr CC Rp = 22kohm,"[rpc] myiocontrol_set_Bit(15,1)",,PASS,,,,,,,,,Sep 18 2019 4:01:50.6570 PM,Sep 18 2019 4:01:50.6640 PM,.0069
5V 1.5A Curr CC Rp = 22kohm,5V 1.5A Curr CC Rp = 22kohm,"[rpc] myiocontrol_set_Bit(30,1)",,PASS,,,,,,,,,Sep 18 2019 4:01:50.8380 PM,Sep 18 2019 4:01:50.8460 PM,.0073
5V 1.5A Curr CC Rp = 22kohm,5V 1.5A Curr CC Rp = 22kohm,"[rpc] myiocontrol_set_Bit(18,1)",,PASS,,,,,,,,,Sep 18 2019 4:01:51.0190 PM,Sep 18 2019 4:01:51.0260 PM,.0068
5V 1.5A Curr CC Rp = 22kohm,5V 1.5A Curr CC Rp = 22kohm,"[rpc] myiocontrol_set_Bit(19,1)",,PASS,,,,,,,,,Sep 18 2019 4:01:51.2000 PM,Sep 18 2019 4:01:51.2070 PM,.0069
5V 1.5A Curr CC Rp = 22kohm,5V 1.5A Curr CC Rp = 22kohm,"[rpc] myiocontrol_set_Bit(16,1)",,PASS,,,,,,,,,Sep 18 2019 4:01:51.7840 PM,Sep 18 2019 4:01:51.7910 PM,.0071
5V 1.5A Curr CC Rp = 22kohm,5V 1.5A Curr CC Rp = 22kohm,"[rpc] dutgpio_set_pin(7,1)",,PASS,,,,,,,,,Sep 18 2019 4:01:52.3670 PM,Sep 18 2019 4:01:52.3710 PM,.0047
5V 1.5A Curr CC Rp = 22kohm,5V 1.5A Curr CC Rp = 22kohm,[rpc] psu_setPSU_Volt(5),,PASS,,,,,,,,,Sep 18 2019 4:01:55.4470 PM,Sep 18 2019 4:01:55.4570 PM,.0102
5V 1.5A Curr CC Rp = 22kohm,5V 1.5A Curr CC Rp = 22kohm,"[rpc] myiocontrol_set_Bit(25,1)",,PASS,,,,,,,,,Sep 18 2019 4:01:57.4600 PM,Sep 18 2019 4:01:57.4670 PM,.0068
5V 1.5A Curr CC Rp = 22kohm,5V 1.5A Curr CC Rp = 22kohm,"[rpc] baseboard_set_pin(2,1)",,PASS,,,,,,,,,Sep 18 2019 4:01:58.0380 PM,Sep 18 2019 4:01:58.0450 PM,.0067
5V 1.5A Curr CC Rp = 22kohm,5V 1.5A Curr CC Rp = 22kohm,[rpc] cyg_eload_SetEloadCurr(1.500000),,PASS,,,,,,,,,Sep 18 2019 4:01:58.6220 PM,Sep 18 2019 4:01:58.7770 PM,.1549
5V 1.5A Curr CC Rp = 22kohm,5V 1.5A Curr CC Rp = 22kohm,[rpc] cyg_eload_SetEloadOn,,PASS,,,,,,,,,Sep 18 2019 4:01:59.3450 PM,Sep 18 2019 4:01:59.5000 PM,.1552
5V 1.5A Curr CC Rp = 22kohm,5V 1.5A Curr CC Rp = 22kohm,[rpc] item_SysCurrent(3000mA),,PASS,,,,,,,,,Sep 18 2019 4:02:00.5720 PM,Sep 18 2019 4:02:01.4690 PM,.8971
5V 1.5A Curr CC Rp = 22kohm,5V 1.5A Curr CC Rp = 22kohm,CurrCharge 5V 1.5A,,PASS,,1504.8145167252,mA,1520,1490,,,mA,Sep 18 2019 4:02:01.4700 PM,Sep 18 2019 4:02:01.4700 PM,0
5V 1.5A Curr CC Rp = 22kohm,5V 1.5A Curr CC Rp = 22kohm,"[Hid] /usr/local/bin/hidreport -p 0x026E -v 0x5ac -usage 0xFF00,0xb get 0xa3",,PASS,,,,,,,,,Sep 18 2019 4:02:01.5860 PM,Sep 18 2019 4:02:01.5860 PM,0
5V 1.5A Curr CC Rp = 22kohm,5V 1.5A Curr CC Rp = 22kohm,CurrCharge pass,01 88 13 F4 01,PASS,,,,,,,,,Sep 18 2019 4:02:01.9700 PM,Sep 18 2019 4:02:01.9700 PM,0
5V 1.5A Charge Mode,,,,,,,,,,,,,Sep 18 2019 4:02:01.9800 PM,Sep 18 2019 4:02:01.9810 PM,.0008
5V 1.5A Charge Mode,5V 1.5A Charge Mode,ChargeMode_1A5,,PASS,,1,NA,1,1,,,NA,Sep 18 2019 4:02:01.9810 PM,Sep 18 2019 4:02:01.9810 PM,0
5V 1.5A Charge Voltage ,,,,,,,,,,,,,Sep 18 2019 4:02:01.9840 PM,Sep 18 2019 4:02:01.9850 PM,.0008
5V 1.5A Charge Voltage ,5V 1.5A Charge Voltage ,ChargeVoltage_1A5,,PASS,,5000,mV,5000,5000,,,mV,Sep 18 2019 4:02:01.9850 PM,Sep 18 2019 4:02:01.9850 PM,0
5V 1.5A Charge Capability,,,,,,,,,,,,,Sep 18 2019 4:02:01.9870 PM,Sep 18 2019 4:02:01.9880 PM,.0007
5V 1.5A Charge Capability,5V 1.5A Charge Capability,ChargeCapability_1A5,,PASS,,500,NA,500,500,,,NA,Sep 18 2019 4:02:01.9880 PM,Sep 18 2019 4:02:01.9880 PM,0
5V 1.5A Orion Power Voltage,,,,,,,,,,,,,Sep 18 2019 4:02:01.9910 PM,Sep 18 2019 4:02:03.2720 PM,1.2806
5V 1.5A Orion Power Voltage,5V 1.5A Orion Power Voltage,[rpc] item_OrionVoltage(60V),,PASS,,,,,,,,,Sep 18 2019 4:02:01.9920 PM,Sep 18 2019 4:02:03.2700 PM,1.2779
5V 1.5A Orion Power Voltage,5V 1.5A Orion Power Voltage,OrionPower_1A5,,PASS,,4676.4367204024,mV,4800,4400,,,mV,Sep 18 2019 4:02:03.2710 PM,Sep 18 2019 4:02:03.2710 PM,0
5V 1.5A DUT Input Voltage,,,,,,,,,,,,,Sep 18 2019 4:02:03.2740 PM,Sep 18 2019 4:02:04.8140 PM,1.5396
5V 1.5A DUT Input Voltage,5V 1.5A DUT Input Voltage,[rpc] measure_get_voltage(60V),,PASS,,,,,,,,,Sep 18 2019 4:02:03.2760 PM,Sep 18 2019 4:02:03.4990 PM,.2229
5V 1.5A DUT Input Voltage,5V 1.5A DUT Input Voltage,DUTinput_1A5,,PASS,,5051.2427513545,mV,5100,4900,,,mV,Sep 18 2019 4:02:03.5000 PM,Sep 18 2019 4:02:03.5000 PM,0
5V 1.5A DUT Input Voltage,5V 1.5A DUT Input Voltage,[rpc] cyg_eload_SetEloadOff,,PASS,,,,,,,,,Sep 18 2019 4:02:03.5010 PM,Sep 18 2019 4:02:03.6550 PM,.1539
5V 1.5A DUT Input Voltage,5V 1.5A DUT Input Voltage,"[rpc] baseboard_set_pin(2,0)",,PASS,,,,,,,,,Sep 18 2019 4:02:04.2320 PM,Sep 18 2019 4:02:04.2390 PM,.0068
Download CCG3 FW,,,,,,,,,,,,,Sep 18 2019 4:02:04.8170 PM,Sep 18 2019 4:02:38.6570 PM,33.8402
Download CCG3 FW,Download CCG3 FW,[rpc] item_TurnAllOffAfterInit,,PASS,,,,,,,,,Sep 18 2019 4:02:04.8180 PM,Sep 18 2019 4:02:05.9680 PM,1.1493
Download CCG3 FW,Download CCG3 FW,[rpc] psu_setPSU_init,,PASS,,,,,,,,,Sep 18 2019 4:02:05.9700 PM,Sep 18 2019 4:02:05.9760 PM,.006
Download CCG3 FW,Download CCG3 FW,[rpc] item_PowerOffTypeC,,PASS,,,,,,,,,Sep 18 2019 4:02:06.1530 PM,Sep 18 2019 4:02:06.2670 PM,.1145
Download CCG3 FW,Download CCG3 FW,"[rpc] myiocontrol_set_Bit(24,0)",,PASS,,,,,,,,,Sep 18 2019 4:02:06.2690 PM,Sep 18 2019 4:02:06.2760 PM,.0068
Download CCG3 FW,Download CCG3 FW,"[rpc] myiocontrol_set_Bit(25,0)",,PASS,,,,,,,,,Sep 18 2019 4:02:06.2780 PM,Sep 18 2019 4:02:06.2840 PM,.0067
Download CCG3 FW,Download CCG3 FW,"[rpc] dutgpio_set_pin(7,1)",,PASS,,,,,,,,,Sep 18 2019 4:02:06.4540 PM,Sep 18 2019 4:02:06.4590 PM,.0046
Download CCG3 FW,Download CCG3 FW,"[Hid] /usr/local/bin/hidreport -p 0x026E -v 0x5ac -usage 0xff00,0xb set 0xce 0xce 6 6 0",,PASS,,,,,,,,,Sep 18 2019 4:02:09.5780 PM,Sep 18 2019 4:02:09.5780 PM,0
Download CCG3 FW,Download CCG3 FW,[Hid] /usr/local/bin/shfuc -n -v 0x05ac -p 0x026E -f /usr/local/bin/Calblob/R118-CCG3-v11_apps.afu,,PASS,,,,,,,,,Sep 18 2019 4:02:38.2500 PM,Sep 18 2019 4:02:38.2500 PM,0
Download CCG3 FW,Download CCG3 FW,downloadCCG3 pass,FW update succeeded,PASS,,,,,,,,,Sep 18 2019 4:02:38.6570 PM,Sep 18 2019 4:02:38.6570 PM,0
After Download Read CCG3 FW,,,,,,,,,,,,,Sep 18 2019 4:02:38.6610 PM,Sep 18 2019 4:02:54.0750 PM,15.4141
After Download Read CCG3 FW,After Download Read CCG3 FW,[rpc] item_TurnAllOffAfterInit,,PASS,,,,,,,,,Sep 18 2019 4:02:38.6620 PM,Sep 18 2019 4:02:39.8110 PM,1.1491
After Download Read CCG3 FW,After Download Read CCG3 FW,[rpc] psu_setPSU_init,,PASS,,,,,,,,,Sep 18 2019 4:02:39.8130 PM,Sep 18 2019 4:02:39.8180 PM,.0051
After Download Read CCG3 FW,After Download Read CCG3 FW,[rpc] item_PowerOffTypeC,,PASS,,,,,,,,,Sep 18 2019 4:02:39.9900 PM,Sep 18 2019 4:02:40.1040 PM,.1145
After Download Read CCG3 FW,After Download Read CCG3 FW,"[rpc] myiocontrol_set_Bit(24,0)",,PASS,,,,,,,,,Sep 18 2019 4:02:40.1060 PM,Sep 18 2019 4:02:40.1130 PM,.0067
After Download Read CCG3 FW,After Download Read CCG3 FW,"[rpc] myiocontrol_set_Bit(25,0)",,PASS,,,,,,,,,Sep 18 2019 4:02:40.1150 PM,Sep 18 2019 4:02:40.1210 PM,.0066
After Download Read CCG3 FW,After Download Read CCG3 FW,"[rpc] dutgpio_set_pin(7,1)",,PASS,,,,,,,,,Sep 18 2019 4:02:40.2910 PM,Sep 18 2019 4:02:40.2960 PM,.0046
After Download Read CCG3 FW,After Download Read CCG3 FW,"[rpc] item_PowerOnTypeC(5,3000)",,PASS,,,,,,,,,Sep 18 2019 4:02:43.7110 PM,Sep 18 2019 4:02:43.8500 PM,.1398
After Download Read CCG3 FW,After Download Read CCG3 FW,"[rpc] myiocontrol_set_Bit(25,1)",,PASS,,,,,,,,,Sep 18 2019 4:02:45.9230 PM,Sep 18 2019 4:02:45.9300 PM,.0067
After Download Read CCG3 FW,After Download Read CCG3 FW,[Hid] /usr/local/bin/hidreport -v 0x05ac -p 0x026E -i 0 get a0,,PASS,,,,,,,,,Sep 18 2019 4:02:47.2180 PM,Sep 18 2019 4:02:47.2180 PM,0
After Download Read CCG3 FW,After Download Read CCG3 FW,[Hid] /usr/local/bin/hidreport -v 0x05ac -p 0x026E -i 0 get a0-2,,PASS,,,,,,,,,Sep 18 2019 4:02:47.6390 PM,Sep 18 2019 4:02:47.6390 PM,0
After Download Read CCG3 FW,After Download Read CCG3 FW,[Hid] /usr/local/bin/hidreport -v 0x05ac -p 0x026E -i 0 get a0-3,,PASS,,,,,,,,,Sep 18 2019 4:02:48.0630 PM,Sep 18 2019 4:02:48.0630 PM,0
After Download Read CCG3 FW,After Download Read CCG3 FW,[Hid] /usr/local/bin/hidreport -v 0x05ac -p 0x026E -i 0 get a0-4,,PASS,,,,,,,,,Sep 18 2019 4:02:48.4940 PM,Sep 18 2019 4:02:48.4940 PM,0
After Download Read CCG3 FW,After Download Read CCG3 FW,[Hid] /usr/local/bin/hidreport -v 0x05ac -p 0x026E -i 0 get a0-5,,PASS,,,,,,,,,Sep 18 2019 4:02:48.9120 PM,Sep 18 2019 4:02:48.9120 PM,0
After Download Read CCG3 FW,After Download Read CCG3 FW,"[rpc] myiocontrol_set_Bit(25,0)-2",,PASS,,,,,,,,,Sep 18 2019 4:02:49.3000 PM,Sep 18 2019 4:02:49.3070 PM,.0073
After Download Read CCG3 FW,After Download Read CCG3 FW,"[rpc] dutgpio_set_pin(7,0)",,PASS,,,,,,,,,Sep 18 2019 4:02:49.8830 PM,Sep 18 2019 4:02:49.8870 PM,.0046
After Download Read CCG3 FW,After Download Read CCG3 FW,"[rpc] dutgpio_set_pin(7,1)-2",,PASS,,,,,,,,,Sep 18 2019 4:02:50.9590 PM,Sep 18 2019 4:02:50.9640 PM,.0048
After Download Read CCG3 FW,After Download Read CCG3 FW,"[rpc] myiocontrol_set_Bit(25,1)-2",,PASS,,,,,,,,,Sep 18 2019 4:02:53.0410 PM,Sep 18 2019 4:02:53.0480 PM,.0069
After Download Read CCG3 FW,After Download Read CCG3 FW,[Hid] /usr/local/bin/hidreport -v 0x05ac -p 0x026E -i 0 get a0-6,,PASS,,,,,,,,,Sep 18 2019 4:02:53.6880 PM,Sep 18 2019 4:02:53.6880 PM,0
After Download Read CCG3 FW,After Download Read CCG3 FW,ReadCCG3FW pass,A0 02 00 0B 00 00 00 0B ,PASS,,,,,,,,,Sep 18 2019 4:02:54.0740 PM,Sep 18 2019 4:02:54.0740 PM,0
5V 2.5A Curr CC Rp = 10kohm,,,,,,,,,,,,,Sep 18 2019 4:02:54.0790 PM,Sep 18 2019 4:03:08.2220 PM,14.1429
5V 2.5A Curr CC Rp = 10kohm,5V 2.5A Curr CC Rp = 10kohm,[rpc] myiocontrol_TurnAllOff,,PASS,,,,,,,,,Sep 18 2019 4:02:54.0800 PM,Sep 18 2019 4:02:54.1710 PM,.0911
5V 2.5A Curr CC Rp = 10kohm,5V 2.5A Curr CC Rp = 10kohm,[rpc] cyg_eload_SetEloadOff,,PASS,,,,,,,,,Sep 18 2019 4:02:54.1730 PM,Sep 18 2019 4:02:54.3270 PM,.1539
5V 2.5A Curr CC Rp = 10kohm,5V 2.5A Curr CC Rp = 10kohm,"[rpc] dutgpio_set_pin(7,0)",,PASS,,,,,,,,,Sep 18 2019 4:02:54.8990 PM,Sep 18 2019 4:02:54.9030 PM,.0048
5V 2.5A Curr CC Rp = 10kohm,5V 2.5A Curr CC Rp = 10kohm,[rpc] item_PowerOffTypeC,,PASS,,,,,,,,,Sep 18 2019 4:02:54.9060 PM,Sep 18 2019 4:02:55.0200 PM,.1143
5V 2.5A Curr CC Rp = 10kohm,5V 2.5A Curr CC Rp = 10kohm,"[rpc] myiocontrol_set_Bit(29,1)",,PASS,,,,,,,,,Sep 18 2019 4:02:55.5970 PM,Sep 18 2019 4:02:55.6030 PM,.0068
5V 2.5A Curr CC Rp = 10kohm,5V 2.5A Curr CC Rp = 10kohm,"[rpc] myiocontrol_set_Bit(30,1)",,PASS,,,,,,,,,Sep 18 2019 4:02:55.7770 PM,Sep 18 2019 4:02:55.7840 PM,.0068
5V 2.5A Curr CC Rp = 10kohm,5V 2.5A Curr CC Rp = 10kohm,"[rpc] myiocontrol_set_Bit(7,1)",,PASS,,,,,,,,,Sep 18 2019 4:02:55.9540 PM,Sep 18 2019 4:02:55.9600 PM,.0068
5V 2.5A Curr CC Rp = 10kohm,5V 2.5A Curr CC Rp = 10kohm,"[rpc] myiocontrol_set_Bit(15,1)",,PASS,,,,,,,,,Sep 18 2019 4:02:56.1350 PM,Sep 18 2019 4:02:56.1410 PM,.0067
5V 2.5A Curr CC Rp = 10kohm,5V 2.5A Curr CC Rp = 10kohm,"[rpc] myiocontrol_set_Bit(18,1)",,PASS,,,,,,,,,Sep 18 2019 4:02:56.3180 PM,Sep 18 2019 4:02:56.3250 PM,.0067
5V 2.5A Curr CC Rp = 10kohm,5V 2.5A Curr CC Rp = 10kohm,"[rpc] myiocontrol_set_Bit(19,1)",,PASS,,,,,,,,,Sep 18 2019 4:02:56.4970 PM,Sep 18 2019 4:02:56.5030 PM,.0069
5V 2.5A Curr CC Rp = 10kohm,5V 2.5A Curr CC Rp = 10kohm,"[rpc] myiocontrol_set_Bit(16,1)",,PASS,,,,,,,,,Sep 18 2019 4:02:57.0800 PM,Sep 18 2019 4:02:57.0860 PM,.0065
5V 2.5A Curr CC Rp = 10kohm,5V 2.5A Curr CC Rp = 10kohm,"[rpc] dutgpio_set_pin(7,1)",,PASS,,,,,,,,,Sep 18 2019 4:02:57.6100 PM,Sep 18 2019 4:02:57.6140 PM,.0044
5V 2.5A Curr CC Rp = 10kohm,5V 2.5A Curr CC Rp = 10kohm,[rpc] psu_setPSU_Volt(5),,PASS,,,,,,,,,Sep 18 2019 4:03:00.6880 PM,Sep 18 2019 4:03:00.6990 PM,.0102
5V 2.5A Curr CC Rp = 10kohm,5V 2.5A Curr CC Rp = 10kohm,"[rpc] myiocontrol_set_Bit(25,1)",,PASS,,,,,,,,,Sep 18 2019 4:03:02.7690 PM,Sep 18 2019 4:03:02.7760 PM,.0071
5V 2.5A Curr CC Rp = 10kohm,5V 2.5A Curr CC Rp = 10kohm,"[rpc] baseboard_set_pin(2,1)",,PASS,,,,,,,,,Sep 18 2019 4:03:03.3510 PM,Sep 18 2019 4:03:03.3580 PM,.0068
5V 2.5A Curr CC Rp = 10kohm,5V 2.5A Curr CC Rp = 10kohm,[rpc] cyg_eload_SetEloadCurr(2.500000),,PASS,,,,,,,,,Sep 18 2019 4:03:03.9340 PM,Sep 18 2019 4:03:04.0880 PM,.1539
5V 2.5A Curr CC Rp = 10kohm,5V 2.5A Curr CC Rp = 10kohm,[rpc] cyg_eload_SetEloadOn,,PASS,,,,,,,,,Sep 18 2019 4:03:04.6580 PM,Sep 18 2019 4:03:04.8120 PM,.1544
5V 2.5A Curr CC Rp = 10kohm,5V 2.5A Curr CC Rp = 10kohm,[rpc] item_SysCurrent(3000mA),,PASS,,,,,,,,,Sep 18 2019 4:03:05.8840 PM,Sep 18 2019 4:03:06.6510 PM,.7669
5V 2.5A Curr CC Rp = 10kohm,5V 2.5A Curr CC Rp = 10kohm,CurrCharge 5V 2.5A,,PASS,,2502.4359660715,mA,2525,2475,,,mA,Sep 18 2019 4:03:06.6520 PM,Sep 18 2019 4:03:06.6520 PM,0
5V 2.5A Curr CC Rp = 10kohm,5V 2.5A Curr CC Rp = 10kohm,"[Hid] /usr/local/bin/hidreport -p 0x026E -v 0x5ac -usage 0xFF00,0xb get 0xa3",,PASS,,,,,,,,,Sep 18 2019 4:03:07.8290 PM,Sep 18 2019 4:03:07.8290 PM,0
5V 2.5A Curr CC Rp = 10kohm,5V 2.5A Curr CC Rp = 10kohm,CurrCharge_2A5 pass,01 88 13 F4 01,PASS,,,,,,,,,Sep 18 2019 4:03:08.2220 PM,Sep 18 2019 4:03:08.2220 PM,0
5V 2.5A Charge Mode,,,,,,,,,,,,,Sep 18 2019 4:03:08.2260 PM,Sep 18 2019 4:03:08.2270 PM,.0007
5V 2.5A Charge Mode,5V 2.5A Charge Mode,ChargeMode_2A5,,PASS,,1,NA,1,1,,,NA,Sep 18 2019 4:03:08.2270 PM,Sep 18 2019 4:03:08.2270 PM,0
5V 2.5A Charge Voltage ,,,,,,,,,,,,,Sep 18 2019 4:03:08.2300 PM,Sep 18 2019 4:03:08.2300 PM,.0007
5V 2.5A Charge Voltage ,5V 2.5A Charge Voltage ,ChargeVoltage_2A5,,PASS,,5000,NA,5000,5000,,,NA,Sep 18 2019 4:03:08.2300 PM,Sep 18 2019 4:03:08.2300 PM,0
5V 2.5A Charge Capability,,,,,,,,,,,,,Sep 18 2019 4:03:08.2330 PM,Sep 18 2019 4:03:08.2340 PM,.0007
5V 2.5A Charge Capability,5V 2.5A Charge Capability,ChargeCapability_2A5,,PASS,,500,NA,500,500,,,NA,Sep 18 2019 4:03:08.2330 PM,Sep 18 2019 4:03:08.2330 PM,0
5V 2.5A Orion Power Voltage,,,,,,,,,,,,,Sep 18 2019 4:03:08.2360 PM,Sep 18 2019 4:03:09.5180 PM,1.2814
5V 2.5A Orion Power Voltage,5V 2.5A Orion Power Voltage,[rpc] item_OrionVoltage(60V),,PASS,,,,,,,,,Sep 18 2019 4:03:08.2380 PM,Sep 18 2019 4:03:09.5170 PM,1.2785
5V 2.5A Orion Power Voltage,5V 2.5A Orion Power Voltage,OrionPower_2A5,,PASS,,4457.8701832572,mV,4650,4150,,,mV,Sep 18 2019 4:03:09.5180 PM,Sep 18 2019 4:03:09.5180 PM,0
5V 2.5A DUT Input Voltage,,,,,,,,,,,,,Sep 18 2019 4:03:09.5220 PM,Sep 18 2019 4:03:10.4890 PM,.9677
5V 2.5A DUT Input Voltage,5V 2.5A DUT Input Voltage,[rpc] measure_get_voltage(60V),,PASS,,,,,,,,,Sep 18 2019 4:03:09.5240 PM,Sep 18 2019 4:03:09.7530 PM,.2282
5V 2.5A DUT Input Voltage,5V 2.5A DUT Input Voltage,DUTinput_2A5,,PASS,,5083.4628534276,mV,5150,4950,,,mV,Sep 18 2019 4:03:09.7540 PM,Sep 18 2019 4:03:09.7540 PM,0
5V 2.5A DUT Input Voltage,5V 2.5A DUT Input Voltage,[rpc] cyg_eload_SetEloadOff,,PASS,,,,,,,,,Sep 18 2019 4:03:09.7550 PM,Sep 18 2019 4:03:09.9090 PM,.1537
5V 2.5A DUT Input Voltage,5V 2.5A DUT Input Voltage,"[rpc] baseboard_set_pin(2,0)",,PASS,,,,,,,,,Sep 18 2019 4:03:10.4820 PM,Sep 18 2019 4:03:10.4880 PM,.0068
9V 2.5A Curr USBC PD,,,,,,,,,,,,,Sep 18 2019 4:03:10.4920 PM,Sep 18 2019 4:03:26.3990 PM,15.9065
9V 2.5A Curr USBC PD,9V 2.5A Curr USBC PD,[rpc] item_TurnAllOffAfterInit,,PASS,,,,,,,,,Sep 18 2019 4:03:10.4940 PM,Sep 18 2019 4:03:11.6430 PM,1.1493
9V 2.5A Curr USBC PD,9V 2.5A Curr USBC PD,[rpc] psu_setPSU_init,,PASS,,,,,,,,,Sep 18 2019 4:03:11.6450 PM,Sep 18 2019 4:03:11.6520 PM,.0069
9V 2.5A Curr USBC PD,9V 2.5A Curr USBC PD,[rpc] item_PowerOffTypeC,,PASS,,,,,,,,,Sep 18 2019 4:03:11.8290 PM,Sep 18 2019 4:03:11.9430 PM,.1146
9V 2.5A Curr USBC PD,9V 2.5A Curr USBC PD,"[rpc] myiocontrol_set_Bit(24,0)",,PASS,,,,,,,,,Sep 18 2019 4:03:11.9450 PM,Sep 18 2019 4:03:11.9520 PM,.0067
9V 2.5A Curr USBC PD,9V 2.5A Curr USBC PD,"[rpc] myiocontrol_set_Bit(25,0)",,PASS,,,,,,,,,Sep 18 2019 4:03:11.9540 PM,Sep 18 2019 4:03:11.9600 PM,.0069
9V 2.5A Curr USBC PD,9V 2.5A Curr USBC PD,"[rpc] dutgpio_set_pin(7,1)",,PASS,,,,,,,,,Sep 18 2019 4:03:12.1300 PM,Sep 18 2019 4:03:12.1350 PM,.0048
9V 2.5A Curr USBC PD,9V 2.5A Curr USBC PD,"[rpc] item_PowerOnTypeC(9,3000)",,PASS,,,,,,,,,Sep 18 2019 4:03:15.5480 PM,Sep 18 2019 4:03:15.7280 PM,.1808
9V 2.5A Curr USBC PD,9V 2.5A Curr USBC PD,"[rpc] myiocontrol_set_Bit(25,1)",,PASS,,,,,,,,,Sep 18 2019 4:03:17.7980 PM,Sep 18 2019 4:03:17.8130 PM,.0143
9V 2.5A Curr USBC PD,9V 2.5A Curr USBC PD,"[Hid] /usr/local/bin/hidreport -p 0x026E -v 0x5ac -usage 0xFF00,0xb set 0xa4 0xa4 1",,PASS,,,,,,,,,Sep 18 2019 4:03:19.0050 PM,Sep 18 2019 4:03:19.0050 PM,0
9V 2.5A Curr USBC PD,9V 2.5A Curr USBC PD,"[rpc] baseboard_set_pin(2,1)",,PASS,,,,,,,,,Sep 18 2019 4:03:20.4810 PM,Sep 18 2019 4:03:20.4880 PM,.0068
9V 2.5A Curr USBC PD,9V 2.5A Curr USBC PD,[rpc] cyg_eload_SetEloadCurr(2.500000),,PASS,,,,,,,,,Sep 18 2019 4:03:21.0640 PM,Sep 18 2019 4:03:21.2190 PM,.1552
9V 2.5A Curr USBC PD,9V 2.5A Curr USBC PD,"[rpc] myiocontrol_set_Bit(16,1)",,PASS,,,,,,,,,Sep 18 2019 4:03:22.2910 PM,Sep 18 2019 4:03:22.2980 PM,.0071
9V 2.5A Curr USBC PD,9V 2.5A Curr USBC PD,[rpc] cyg_eload_SetEloadOn,,PASS,,,,,,,,,Sep 18 2019 4:03:23.3670 PM,Sep 18 2019 4:03:23.5210 PM,.1542
9V 2.5A Curr USBC PD,9V 2.5A Curr USBC PD,[rpc] item_SysCurrent(3000mA),,PASS,,,,,,,,,Sep 18 2019 4:03:25.6650 PM,Sep 18 2019 4:03:26.3970 PM,.7318
9V 2.5A Curr USBC PD,9V 2.5A Curr USBC PD,CurrUSBC9VTo2A5,,PASS,,2504.0795095815,mA,2525,2475,,,mA,Sep 18 2019 4:03:26.3980 PM,Sep 18 2019 4:03:26.3980 PM,0
9V 2.5A Charge Mode,,,,,,,,,,,,,Sep 18 2019 4:03:26.4030 PM,Sep 18 2019 4:03:26.9110 PM,.5081
9V 2.5A Charge Mode,9V 2.5A Charge Mode,"[Hid] /usr/local/bin/hidreport -p 0x026E -vid 0x05AC -usage 0xFF00,0xB get 0xA3",,PASS,,,,,,,,,Sep 18 2019 4:03:26.5200 PM,Sep 18 2019 4:03:26.5200 PM,0
9V 2.5A Charge Mode,9V 2.5A Charge Mode,Send9VTo3P_cmd pass,06 28 23 B8 0B,PASS,,,,,,,,,Sep 18 2019 4:03:26.9100 PM,Sep 18 2019 4:03:26.9100 PM,0
9V 2.5A Charge Mode,9V 2.5A Charge Mode,ChargeMode9V_2A5,,PASS,,6,NA,6,6,,,NA,Sep 18 2019 4:03:26.9110 PM,Sep 18 2019 4:03:26.9110 PM,0
9V 2.5A Charge Voltage ,,,,,,,,,,,,,Sep 18 2019 4:03:26.9140 PM,Sep 18 2019 4:03:26.9150 PM,.0007
9V 2.5A Charge Voltage ,9V 2.5A Charge Voltage ,ChargeVoltage9V_2A5,,PASS,,9000,mA,9000,9000,,,mA,Sep 18 2019 4:03:26.9140 PM,Sep 18 2019 4:03:26.9140 PM,0
9V 2.5A Charge Capability,,,,,,,,,,,,,Sep 18 2019 4:03:26.9170 PM,Sep 18 2019 4:03:26.9180 PM,.0006
9V 2.5A Charge Capability,9V 2.5A Charge Capability,ChargeCapability9V_2A5,,PASS,,3000,mA,3000,3000,,,mA,Sep 18 2019 4:03:26.9180 PM,Sep 18 2019 4:03:26.9180 PM,0
9V 2.5A Orion Power Voltage,,,,,,,,,,,,,Sep 18 2019 4:03:26.9200 PM,Sep 18 2019 4:03:28.2020 PM,1.2815
9V 2.5A Orion Power Voltage,9V 2.5A Orion Power Voltage,[rpc] item_OrionVoltage(60V),,PASS,,,,,,,,,Sep 18 2019 4:03:26.9220 PM,Sep 18 2019 4:03:28.2010 PM,1.2788
9V 2.5A Orion Power Voltage,9V 2.5A Orion Power Voltage,OrionPower9V_2A5,,PASS,,8424.167346611801,mV,,,,,,Sep 18 2019 4:03:28.2020 PM,Sep 18 2019 4:03:28.2020 PM,0
9V 2.5A DUT Input Voltage,,,,,,,,,,,,,Sep 18 2019 4:03:28.2050 PM,Sep 18 2019 4:03:29.1690 PM,.9646
9V 2.5A DUT Input Voltage,9V 2.5A DUT Input Voltage,[rpc] measure_get_voltage(60V),,PASS,,,,,,,,,Sep 18 2019 4:03:28.2060 PM,Sep 18 2019 4:03:28.4310 PM,.2248
9V 2.5A DUT Input Voltage,9V 2.5A DUT Input Voltage,DUTinput9V_2A5,,PASS,,9049.9928079692,mV,9100,8600,,,mV,Sep 18 2019 4:03:28.4320 PM,Sep 18 2019 4:03:28.4320 PM,0
9V 2.5A DUT Input Voltage,9V 2.5A DUT Input Voltage,[rpc] cyg_eload_SetEloadOff,,PASS,,,,,,,,,Sep 18 2019 4:03:28.4330 PM,Sep 18 2019 4:03:28.5870 PM,.1539
9V 2.5A DUT Input Voltage,9V 2.5A DUT Input Voltage,"[rpc] baseboard_set_pin(2,0)",,PASS,,,,,,,,,Sep 18 2019 4:03:29.1620 PM,Sep 18 2019 4:03:29.1680 PM,.0068
Tristar To CCG3 VID,,,,,,,,,,,,,Sep 18 2019 4:03:29.1720 PM,Sep 18 2019 4:03:41.8050 PM,12.6328
Tristar To CCG3 VID,Tristar To CCG3 VID,[rpc] item_TurnAllOffAfterInit,,PASS,,,,,,,,,Sep 18 2019 4:03:29.1740 PM,Sep 18 2019 4:03:30.3230 PM,1.1489
Tristar To CCG3 VID,Tristar To CCG3 VID,[rpc] psu_setPSU_init,,PASS,,,,,,,,,Sep 18 2019 4:03:30.3240 PM,Sep 18 2019 4:03:30.3310 PM,.0062
Tristar To CCG3 VID,Tristar To CCG3 VID,[rpc] item_PowerOffTypeC,,PASS,,,,,,,,,Sep 18 2019 4:03:30.5030 PM,Sep 18 2019 4:03:30.6180 PM,.1147
Tristar To CCG3 VID,Tristar To CCG3 VID,"[rpc] myiocontrol_set_Bit(24,0)",,PASS,,,,,,,,,Sep 18 2019 4:03:30.6200 PM,Sep 18 2019 4:03:30.6260 PM,.0068
Tristar To CCG3 VID,Tristar To CCG3 VID,"[rpc] myiocontrol_set_Bit(25,0)",,PASS,,,,,,,,,Sep 18 2019 4:03:30.6280 PM,Sep 18 2019 4:03:30.6350 PM,.0067
Tristar To CCG3 VID,Tristar To CCG3 VID,"[rpc] dutgpio_set_pin(7,1)",,PASS,,,,,,,,,Sep 18 2019 4:03:30.8100 PM,Sep 18 2019 4:03:30.8140 PM,.0045
Tristar To CCG3 VID,Tristar To CCG3 VID,"[rpc] item_PowerOnTypeC(5,3000)",,PASS,,,,,,,,,Sep 18 2019 4:03:34.2280 PM,Sep 18 2019 4:03:34.3690 PM,.1404
Tristar To CCG3 VID,Tristar To CCG3 VID,"[rpc] myiocontrol_set_Bit(25,1)",,PASS,,,,,,,,,Sep 18 2019 4:03:36.4410 PM,Sep 18 2019 4:03:36.4480 PM,.0069
Tristar To CCG3 VID,Tristar To CCG3 VID,"[Hid] /usr/local/bin/hidreport -p 0x026E -vid 0x05AC -usage 0xFF00,0xB set 0xa1 0xa1 0x1 0xb9",,PASS,,,,,,,,,Sep 18 2019 4:03:38.2800 PM,Sep 18 2019 4:03:38.2800 PM,0
Tristar To CCG3 VID,Tristar To CCG3 VID,"[rpc] dutgpio_set_pin(6,1)",,PASS,,,,,,,,,Sep 18 2019 4:03:39.9500 PM,Sep 18 2019 4:03:39.9680 PM,.0179
Tristar To CCG3 VID,Tristar To CCG3 VID,[Hid] /Users/gdlocal/Library/Atlas/Resources/readPidVid.sh,,PASS,,,,,,,,,Sep 18 2019 4:03:41.3760 PM,Sep 18 2019 4:03:41.3760 PM,0
Tristar To CCG3 VID,Tristar To CCG3 VID,idVendor pass,1452,PASS,,,,,,,,,Sep 18 2019 4:03:41.8040 PM,Sep 18 2019 4:03:41.8040 PM,0
Tristar To CCG3 PID,,,,,,,,,,,,,Sep 18 2019 4:03:41.8090 PM,Sep 18 2019 4:03:42.3030 PM,.4943
Tristar To CCG3 PID,Tristar To CCG3 PID,[Hid] /Users/gdlocal/Library/Atlas/Resources/readPidVid.sh,,PASS,,,,,,,,,Sep 18 2019 4:03:41.8680 PM,Sep 18 2019 4:03:41.8680 PM,0
Tristar To CCG3 PID,Tristar To CCG3 PID,idProduct pass,,PASS,,,,,,,,,Sep 18 2019 4:03:42.2560 PM,Sep 18 2019 4:03:42.2560 PM,0
Tristar To CCG3 PID,Tristar To CCG3 PID,"[rpc] dutgpio_set_pin(6,0)",,PASS,,,,,,,,,Sep 18 2019 4:03:42.2570 PM,Sep 18 2019 4:03:42.3020 PM,.045
PHASE1 ORIONPWR DUT MODE,,,,,,,,,,,,,Sep 18 2019 4:03:42.3060 PM,Sep 18 2019 4:03:47.4730 PM,5.1671
PHASE1 ORIONPWR DUT MODE,PHASE1 ORIONPWR DUT MODE,[rpc] item_PowerOffTypeC,,PASS,,,,,,,,,Sep 18 2019 4:03:42.3070 PM,Sep 18 2019 4:03:42.4220 PM,.1145
PHASE1 ORIONPWR DUT MODE,PHASE1 ORIONPWR DUT MODE,[rpc] item_TurnAllOffAfterInit,,PASS,,,,,,,,,Sep 18 2019 4:03:42.4240 PM,Sep 18 2019 4:03:43.5800 PM,1.156
PHASE1 ORIONPWR DUT MODE,PHASE1 ORIONPWR DUT MODE,"[rpc] myiocontrol_set_Bit(24,0)",,PASS,,,,,,,,,Sep 18 2019 4:03:43.7540 PM,Sep 18 2019 4:03:43.7600 PM,.0069
PHASE1 ORIONPWR DUT MODE,PHASE1 ORIONPWR DUT MODE,"[rpc] myiocontrol_set_Bit(25,0)",,PASS,,,,,,,,,Sep 18 2019 4:03:43.7620 PM,Sep 18 2019 4:03:43.7690 PM,.0069
PHASE1 ORIONPWR DUT MODE,PHASE1 ORIONPWR DUT MODE,"[rpc] dutgpio_set_pin(7,1)",,PASS,,,,,,,,,Sep 18 2019 4:03:43.9450 PM,Sep 18 2019 4:03:43.9490 PM,.0047
PHASE1 ORIONPWR DUT MODE,PHASE1 ORIONPWR DUT MODE,"[Hid] /usr/local/bin/hidreport -p 0x026E -v 0x5ac -usage 0xff00,0xb get 0xf2",,PASS,,,,,,,,,Sep 18 2019 4:03:47.0810 PM,Sep 18 2019 4:03:47.0810 PM,0
PHASE1 ORIONPWR DUT MODE,PHASE1 ORIONPWR DUT MODE,RoleSwapOrion pass,04 ,PASS,,,,,,,,,Sep 18 2019 4:03:47.4730 PM,Sep 18 2019 4:03:47.4730 PM,0
PHASE2 USBCPWR DUT MODE,,,,,,,,,,,,,Sep 18 2019 4:03:47.5170 PM,Sep 18 2019 4:03:50.5080 PM,2.9907
PHASE2 USBCPWR DUT MODE,PHASE2 USBCPWR DUT MODE,"[rpc] item_PowerOnTypeC(5,2000)",,PASS,,,,,,,,,Sep 18 2019 4:03:47.5190 PM,Sep 18 2019 4:03:47.7030 PM,.1842
PHASE2 USBCPWR DUT MODE,PHASE2 USBCPWR DUT MODE,"[Hid] /usr/local/bin/hidreport -p 0x026E -v 0x5ac -usage 0xff00,0xb get 0xf2",,PASS,,,,,,,,,Sep 18 2019 4:03:50.1190 PM,Sep 18 2019 4:03:50.1190 PM,0
PHASE2 USBCPWR DUT MODE,PHASE2 USBCPWR DUT MODE,RoleSwapUSBC pass,03 ,PASS,,,,,,,,,Sep 18 2019 4:03:50.5070 PM,Sep 18 2019 4:03:50.5070 PM,0
Write And Read 0x01,,,,,,,,,,,,,Sep 18 2019 4:03:50.5110 PM,Sep 18 2019 4:03:51.5040 PM,.9935
Write And Read 0x01,Write And Read 0x01,"[Hid] /usr/local/bin/hidreport -p 0x026E -v 0x5ac -usage 0xff00,0xb set 0xf0 0xf0 1",,PASS,,,,,,,,,Sep 18 2019 4:03:50.6200 PM,Sep 18 2019 4:03:50.6200 PM,0
Write And Read 0x01,Write And Read 0x01,"[Hid] /usr/local/bin/hidreport -p 0x026E -v 0x5ac -usage 0xff00,0xb get 0xf0",,PASS,,,,,,,,,Sep 18 2019 4:03:51.1140 PM,Sep 18 2019 4:03:51.1140 PM,0
Write And Read 0x01,Write And Read 0x01,RoleSwapWrite pass,01 ,PASS,,,,,,,,,Sep 18 2019 4:03:51.5010 PM,Sep 18 2019 4:03:51.5010 PM,0
Write And Read 0x01,Write And Read 0x01,Read0x01_PART1,,PASS,,1,,,,,,,Sep 18 2019 4:03:51.5030 PM,Sep 18 2019 4:03:51.5030 PM,0
Write And Read 0x01,Write And Read 0x01,Read0x01,,PASS,,,,,,,,,Sep 18 2019 4:03:51.5040 PM,Sep 18 2019 4:03:51.5040 PM,0
PHASE3 ORIONPWR DUT MODE,,,,,,,,,,,,,Sep 18 2019 4:03:51.5080 PM,Sep 18 2019 4:03:53.8570 PM,2.3483
PHASE3 ORIONPWR DUT MODE,PHASE3 ORIONPWR DUT MODE,[rpc] item_PowerOffTypeC,,PASS,,,,,,,,,Sep 18 2019 4:03:51.5100 PM,Sep 18 2019 4:03:51.6240 PM,.1146
PHASE3 ORIONPWR DUT MODE,PHASE3 ORIONPWR DUT MODE,"[HID] /usr/local/bin/hidreport -p 0x026E -v 0x5ac -usage 0xff00,0xb get 0xf0",,PASS,,,,,,,,,Sep 18 2019 4:03:53.6920 PM,Sep 18 2019 4:03:53.6920 PM,0
PHASE3 ORIONPWR DUT MODE,PHASE3 ORIONPWR DUT MODE,"[HID] /usr/local/bin/hidreport -p 0x026E -v 0x5ac -usage 0xff00,0xb get 0xf2",,PASS,,,,,,,,,Sep 18 2019 4:03:53.7990 PM,Sep 18 2019 4:03:53.7990 PM,0
PHASE3 ORIONPWR DUT MODE,PHASE3 ORIONPWR DUT MODE,RoleSwapOrionAfter pass,CMD GET 0xF0 response 01 -CMD GET 0xF2 response 04 ,PASS,,,,,,,,,Sep 18 2019 4:03:53.8530 PM,Sep 18 2019 4:03:53.8530 PM,0
PHASE3 ORIONPWR DUT MODE,PHASE3 ORIONPWR DUT MODE,STATUS_READ_F0_PART1,,PASS,,1,,,,,,,Sep 18 2019 4:03:53.8540 PM,Sep 18 2019 4:03:53.8540 PM,0
PHASE3 ORIONPWR DUT MODE,PHASE3 ORIONPWR DUT MODE,STATUS_READ_F0,,PASS,,,,,,,,,Sep 18 2019 4:03:53.8550 PM,Sep 18 2019 4:03:53.8550 PM,0
PHASE3 ORIONPWR DUT MODE,PHASE3 ORIONPWR DUT MODE,STATUS_READ_F2_PART1,,PASS,,4,,,,,,,Sep 18 2019 4:03:53.8550 PM,Sep 18 2019 4:03:53.8550 PM,0
PHASE3 ORIONPWR DUT MODE,PHASE3 ORIONPWR DUT MODE,STATUS_READ_F2,,PASS,,,,,,,,,Sep 18 2019 4:03:53.8560 PM,Sep 18 2019 4:03:53.8560 PM,0
System critical errors,,,,,,,,,,,,,Sep 18 2019 4:03:53.8600 PM,Sep 18 2019 4:03:59.9220 PM,6.0624
System critical errors,System critical errors,[Hid] /usr/local/bin/hidreport -v 0x05ac -p 0x026E -i 0 set 0x3D 0x3D 0x13 0x0 0x0 0x0,,PASS,,,,,,,,,Sep 18 2019 4:03:53.9120 PM,Sep 18 2019 4:03:53.9120 PM,0
System critical errors,System critical errors,[Hid] /usr/local/bin/hidreport -v 0x05ac -p 0x026E -i 0 set 0x3E 0x3E 0x13 0x0 0x0 0x0 0x0,,PASS,,,,,,,,,Sep 18 2019 4:03:54.3960 PM,Sep 18 2019 4:03:54.3960 PM,0
System critical errors,System critical errors,[rpc] item_TurnAllOffAfterInit,,PASS,,,,,,,,,Sep 18 2019 4:03:54.7910 PM,Sep 18 2019 4:03:55.9400 PM,1.1496
System critical errors,System critical errors,[rpc] item_PowerOffTypeC,,PASS,,,,,,,,,Sep 18 2019 4:03:55.9430 PM,Sep 18 2019 4:03:56.0570 PM,.1146
System critical errors,System critical errors,"[rpc] myiocontrol_set_Bit(24,0)",,PASS,,,,,,,,,Sep 18 2019 4:03:56.0590 PM,Sep 18 2019 4:03:56.0680 PM,.0089
System critical errors,System critical errors,"[rpc] myiocontrol_set_Bit(25,0)",,PASS,,,,,,,,,Sep 18 2019 4:03:56.0700 PM,Sep 18 2019 4:03:56.0770 PM,.0072
System critical errors,System critical errors,"[rpc] dutgpio_set_pin(7,1)",,PASS,,,,,,,,,Sep 18 2019 4:03:56.2540 PM,Sep 18 2019 4:03:56.2580 PM,.0048
System critical errors,System critical errors,"[Hid] /usr/local/bin/hidreport -pid 0x026E -vid 0x05ac -usage 0xff00,0xb get 0xe1",,PASS,,,,,,,,,Sep 18 2019 4:03:59.3790 PM,Sep 18 2019 4:03:59.3790 PM,0
System critical errors,System critical errors,CRIT_ERR_E1_PART1,,PASS,,8704,,,,,,,Sep 18 2019 4:03:59.9200 PM,Sep 18 2019 4:03:59.9200 PM,0
System critical errors,System critical errors,CRIT_ERR_E1_PART2,,PASS,,0,,,,,,,Sep 18 2019 4:03:59.9210 PM,Sep 18 2019 4:03:59.9210 PM,0
System critical errors,System critical errors,CRIT_ERR_E1,,PASS,,,,,,,,,Sep 18 2019 4:03:59.9220 PM,Sep 18 2019 4:03:59.9220 PM,0
KeyScan critical errors,,,,,,,,,,,,,Sep 18 2019 4:03:59.9260 PM,Sep 18 2019 4:04:00.3770 PM,.4504
KeyScan critical errors,KeyScan critical errors,"[Hid] /usr/local/bin/hidreport -pid 0x026E -vid 0x05ac -usage 0xff00,0xb get 0xE7",,PASS,,,,,,,,,Sep 18 2019 4:03:59.9810 PM,Sep 18 2019 4:03:59.9810 PM,0
KeyScan critical errors,KeyScan critical errors,CRIT_ERR_E7_PART1,,PASS,,0,,,,,,,Sep 18 2019 4:04:00.3740 PM,Sep 18 2019 4:04:00.3740 PM,0
KeyScan critical errors,KeyScan critical errors,CRIT_ERR_E7_PART2,,PASS,,0,,,,,,,Sep 18 2019 4:04:00.3740 PM,Sep 18 2019 4:04:00.3740 PM,0
KeyScan critical errors,KeyScan critical errors,CRIT_ERR_E7_PART3,,PASS,,0,,,,,,,Sep 18 2019 4:04:00.3750 PM,Sep 18 2019 4:04:00.3750 PM,0
KeyScan critical errors,KeyScan critical errors,CRIT_ERR_E7_PART4,,PASS,,0,,,,,,,Sep 18 2019 4:04:00.3750 PM,Sep 18 2019 4:04:00.3750 PM,0
KeyScan critical errors,KeyScan critical errors,CRIT_ERR_E7,,PASS,,,,,,,,,Sep 18 2019 4:04:00.3760 PM,Sep 18 2019 4:04:00.3760 PM,0
FW Update critical errors,,,,,,,,,,,,,Sep 18 2019 4:04:00.3800 PM,Sep 18 2019 4:04:07.7480 PM,7.3683
FW Update critical errors,FW Update critical errors,"[Hid] /usr/local/bin/hidreport -pid 0x026E -vid 0x05ac -usage 0xff00,0xb get 0xE2",,PASS,,,,,,,,,Sep 18 2019 4:04:00.4520 PM,Sep 18 2019 4:04:00.4520 PM,0
FW Update critical errors,FW Update critical errors,"[Hid] /usr/local/bin/hidreport -pid 0x026E -vid 0x05ac -usage 0xff00,0xb get 0xE2-2",,PASS,,,,,,,,,Sep 18 2019 4:04:01.1680 PM,Sep 18 2019 4:04:01.1680 PM,0
FW Update critical errors,FW Update critical errors,"[Hid] /usr/local/bin/hidreport -pid 0x026E -vid 0x05ac -usage 0xff00,0xb get 0xE2-3",,PASS,,,,,,,,,Sep 18 2019 4:04:01.8880 PM,Sep 18 2019 4:04:01.8880 PM,0
FW Update critical errors,FW Update critical errors,"[Hid] /usr/local/bin/hidreport -pid 0x026E -vid 0x05ac -usage 0xff00,0xb get 0xE2-4",,PASS,,,,,,,,,Sep 18 2019 4:04:02.6220 PM,Sep 18 2019 4:04:02.6220 PM,0
FW Update critical errors,FW Update critical errors,"[Hid] /usr/local/bin/hidreport -pid 0x026E -vid 0x05ac -usage 0xff00,0xb get 0xE2-5",,PASS,,,,,,,,,Sep 18 2019 4:04:03.3430 PM,Sep 18 2019 4:04:03.3430 PM,0
FW Update critical errors,FW Update critical errors,"[rpc] dutgpio_set_pin(7,0)",,PASS,,,,,,,,,Sep 18 2019 4:04:03.9780 PM,Sep 18 2019 4:04:03.9820 PM,.0048
FW Update critical errors,FW Update critical errors,"[rpc] dutgpio_set_pin(7,1)",,PASS,,,,,,,,,Sep 18 2019 4:04:05.0570 PM,Sep 18 2019 4:04:05.0620 PM,.0047
FW Update critical errors,FW Update critical errors,"[Hid] /usr/local/bin/hidreport -pid 0x026E -vid 0x05ac -usage 0xff00,0xb get 0xE2-6",,PASS,,,,,,,,,Sep 18 2019 4:04:07.3620 PM,Sep 18 2019 4:04:07.3620 PM,0
FW Update critical errors,FW Update critical errors,CRIT_ERR_E2_PART1,,PASS,,0,,,,,,,Sep 18 2019 4:04:07.7460 PM,Sep 18 2019 4:04:07.7460 PM,0
FW Update critical errors,FW Update critical errors,CRIT_ERR_E2_PART2,,PASS,,0,,,,,,,Sep 18 2019 4:04:07.7460 PM,Sep 18 2019 4:04:07.7460 PM,0
FW Update critical errors,FW Update critical errors,CRIT_ERR_E2_PART3,,PASS,,0,,,,,,,Sep 18 2019 4:04:07.7470 PM,Sep 18 2019 4:04:07.7470 PM,0
FW Update critical errors,FW Update critical errors,CRIT_ERR_E2,,PASS,,,,,,,,,Sep 18 2019 4:04:07.7480 PM,Sep 18 2019 4:04:07.7480 PM,0
GRAPE critical errors,,,,,,,,,,,,,Sep 18 2019 4:04:07.7530 PM,Sep 18 2019 4:04:08.2040 PM,.4518
GRAPE critical errors,GRAPE critical errors,"[Hid] /usr/local/bin/hidreport -pid 0x026E -vid 0x05ac -usage 0xff00,0xb get 0xe5",,PASS,,,,,,,,,Sep 18 2019 4:04:07.8070 PM,Sep 18 2019 4:04:07.8070 PM,0
GRAPE critical errors,GRAPE critical errors,CRIT_ERR_E5_PART1,,PASS,,16777216,,,,,,,Sep 18 2019 4:04:08.1990 PM,Sep 18 2019 4:04:08.1990 PM,0
GRAPE critical errors,GRAPE critical errors,CRIT_ERR_E5_PART2,,PASS,,0,,,,,,,Sep 18 2019 4:04:08.1990 PM,Sep 18 2019 4:04:08.1990 PM,0
GRAPE critical errors,GRAPE critical errors,CRIT_ERR_E5_PART3,,PASS,,0,,,,,,,Sep 18 2019 4:04:08.2000 PM,Sep 18 2019 4:04:08.2000 PM,0
GRAPE critical errors,GRAPE critical errors,CRIT_ERR_E5_PART4,,PASS,,0,,,,,,,Sep 18 2019 4:04:08.2000 PM,Sep 18 2019 4:04:08.2000 PM,0
GRAPE critical errors,GRAPE critical errors,CRIT_ERR_E5_PART5,,PASS,,0,,,,,,,Sep 18 2019 4:04:08.2000 PM,Sep 18 2019 4:04:08.2000 PM,0
GRAPE critical errors,GRAPE critical errors,CRIT_ERR_E5_PART6,,PASS,,0,,,,,,,Sep 18 2019 4:04:08.2010 PM,Sep 18 2019 4:04:08.2010 PM,0
GRAPE critical errors,GRAPE critical errors,CRIT_ERR_E5_PART7,,PASS,,16842752,,,,,,,Sep 18 2019 4:04:08.2010 PM,Sep 18 2019 4:04:08.2010 PM,0
GRAPE critical errors,GRAPE critical errors,CRIT_ERR_E5_PART8,,PASS,,16777216,,,,,,,Sep 18 2019 4:04:08.2020 PM,Sep 18 2019 4:04:08.2020 PM,0
GRAPE critical errors,GRAPE critical errors,CRIT_ERR_E5_PART9,,PASS,,0,,,,,,,Sep 18 2019 4:04:08.2020 PM,Sep 18 2019 4:04:08.2020 PM,0
GRAPE critical errors,GRAPE critical errors,CRIT_ERR_E5_PART10,,PASS,,0,,,,,,,Sep 18 2019 4:04:08.2020 PM,Sep 18 2019 4:04:08.2020 PM,0
GRAPE critical errors,GRAPE critical errors,CRIT_ERR_E5,,PASS,,,,,,,,,Sep 18 2019 4:04:08.2040 PM,Sep 18 2019 4:04:08.2040 PM,0
USBC critical errors,,,,,,,,,,,,,Sep 18 2019 4:04:08.2080 PM,Sep 18 2019 4:04:08.6620 PM,.4534
USBC critical errors,USBC critical errors,"[Hid] /usr/local/bin/hidreport -pid 0x026E -vid 0x05ac -usage 0xff00,0xb get 0xe3",,PASS,,,,,,,,,Sep 18 2019 4:04:08.2660 PM,Sep 18 2019 4:04:08.2660 PM,0
USBC critical errors,USBC critical errors,CRIT_ERR_E3_PART1,,PASS,,0,,,,,,,Sep 18 2019 4:04:08.6590 PM,Sep 18 2019 4:04:08.6590 PM,0
USBC critical errors,USBC critical errors,CRIT_ERR_E3_PART2,,PASS,,0,,,,,,,Sep 18 2019 4:04:08.6590 PM,Sep 18 2019 4:04:08.6590 PM,0
USBC critical errors,USBC critical errors,CRIT_ERR_E3_PART3,,PASS,,0,,,,,,,Sep 18 2019 4:04:08.6600 PM,Sep 18 2019 4:04:08.6600 PM,0
USBC critical errors,USBC critical errors,CRIT_ERR_E3_PART4,,PASS,,0,,,,,,,Sep 18 2019 4:04:08.6600 PM,Sep 18 2019 4:04:08.6600 PM,0
USBC critical errors,USBC critical errors,CRIT_ERR_E3,,PASS,,,,,,,,,Sep 18 2019 4:04:08.6610 PM,Sep 18 2019 4:04:08.6610 PM,0
Critical summary,,,,,,,,,,,,,Sep 18 2019 4:04:08.6650 PM,Sep 18 2019 4:04:09.2020 PM,.5366
Critical summary,Critical summary,"[Hid] /usr/local/bin/hidreport -pid 0x026E -vid 0x05ac -usage 0xff00,0xb get 0xe0",,PASS,,,,,,,,,Sep 18 2019 4:04:08.8070 PM,Sep 18 2019 4:04:08.8070 PM,0
Critical summary,Critical summary,CRIT_ERR_E0_PART1,,PASS,,0,,,,,,,Sep 18 2019 4:04:09.2010 PM,Sep 18 2019 4:04:09.2010 PM,0
Critical summary,Critical summary,CRIT_ERR_E0,,PASS,,,,,,,,,Sep 18 2019 4:04:09.2020 PM,Sep 18 2019 4:04:09.2020 PM,0
BL Critical errors,,,,,,,,,,,,,Sep 18 2019 4:04:09.2050 PM,Sep 18 2019 4:04:11.1380 PM,1.9325
BL Critical errors,BL Critical errors,"[Hid] /usr/local/bin/hidreport -pid 0x026E -vid 0x05ac -usage 0xff00,0xf get 0x7",,PASS,,,,,,,,,Sep 18 2019 4:04:09.2590 PM,Sep 18 2019 4:04:09.2590 PM,0
BL Critical errors,BL Critical errors,BL_CRI_ERR_PART1,,PASS,,0,,,,,,,Sep 18 2019 4:04:09.6520 PM,Sep 18 2019 4:04:09.6520 PM,0
BL Critical errors,BL Critical errors,BL_CRI_ERR,,PASS,,,,,,,,,Sep 18 2019 4:04:09.6530 PM,Sep 18 2019 4:04:09.6530 PM,0
BL Critical errors,BL Critical errors,[Hid] /usr/local/bin/hidreport -v 0x05ac -p 0x026E -i 0 set 0x3D 0x3D 0x13 0x0 0x0 0x0,,PASS,,,,,,,,,Sep 18 2019 4:04:09.7030 PM,Sep 18 2019 4:04:09.7030 PM,0
BL Critical errors,BL Critical errors,[Hid] /usr/local/bin/hidreport -v 0x05ac -p 0x026E -i 0 set 0x3E 0x3E 0x13 0x0 0x0 0x0 0x2,,PASS,,,,,,,,,Sep 18 2019 4:04:10.7500 PM,Sep 18 2019 4:04:10.7500 PM,0
Brick ID,,,,,,,,,,,,,Sep 18 2019 4:04:11.1410 PM,Sep 18 2019 4:04:23.4670 PM,12.3263
Brick ID,Brick ID,AtlasApp-Hyperion,show-form,PASS,,,,,,,,,Sep 18 2019 4:04:11.1430 PM,Sep 18 2019 4:04:21.2480 PM,10.105
Brick ID,Brick ID,[rpc] myiocontrol_TurnAllOff,,PASS,,,,,,,,,Sep 18 2019 4:04:21.2500 PM,Sep 18 2019 4:04:21.3420 PM,.0915
Brick ID,Brick ID,"[Hid] /usr/local/bin/hidreport -p 0x026E -v 0x5ac -usage 0xff00,0xB get 0xA3",,PASS,,,,,,,,,Sep 18 2019 4:04:22.4960 PM,Sep 18 2019 4:04:22.4960 PM,0
Brick ID,Brick ID,"[Hid] /usr/local/bin/hidreport -p 0x026E -v 0x5ac -usage 0xff00,0xB get 0xA3-2",,PASS,,,,,,,,,Sep 18 2019 4:04:23.0830 PM,Sep 18 2019 4:04:23.0830 PM,0
Finish DRCB,,,,,,,,,,,,,Sep 18 2019 4:04:23.4700 PM,Sep 18 2019 4:04:25.2800 PM,1.8098
Finish DRCB,Finish DRCB,DRCB,Finish,PASS,,,,,,,,,Sep 18 2019 4:04:23.4720 PM,Sep 18 2019 4:04:24.6090 PM,1.1368
Finish DRCB,Finish DRCB,[rpc] myiocontrol_TurnAllOff,,PASS,,,,,,,,,Sep 18 2019 4:04:25.1820 PM,Sep 18 2019 4:04:25.2730 PM,.0913
Finish DRCB,Finish DRCB,[rpc] test_FinishTest,,PASS,,,,,,,,,Sep 18 2019 4:04:25.2750 PM,Sep 18 2019 4:04:25.2790 PM,.0044
