Test,Plugin,Command,Status,Info,Start Time,End Time,Duration (s)
Scan FATP SN,com.apple.hwte.atlas.AppPlugin,show-form,PASS,,Sep 18 2019 3:58:45.2090 PM,Sep 18 2019 3:58:48.9280 PM,3.7186
Start Data Reporting,DRCB,startDataReporting,PASS,,Sep 18 2019 3:58:48.9920 PM,Sep 18 2019 3:58:49.0520 PM,.0593
Start Control Bit,DRCB,startControlBits,PASS,,Sep 18 2019 3:58:49.0590 PM,Sep 18 2019 3:58:49.8290 PM,.7698
PPORION OVP OUT 16V CURR,rpcCall,RPCSendAndGet,PASS,,Sep 18 2019 3:58:49.9080 PM,Sep 18 2019 3:58:50.0400 PM,.1323
PPORION OVP OUT 16V CURR,rpcCall,RPCSendAndGet,PASS,,Sep 18 2019 3:58:50.2180 PM,Sep 18 2019 3:58:50.3150 PM,.0979
PPORION OVP OUT 16V CURR,rpcCall,RPCSendAndGet,PASS,,Sep 18 2019 3:58:50.4890 PM,Sep 18 2019 3:58:50.5740 PM,.0851
PPORION OVP OUT 16V CURR,rpcCall,RPCSendAndGet,PASS,,Sep 18 2019 3:58:50.7500 PM,Sep 18 2019 3:58:50.7950 PM,.0447
PPORION OVP OUT 16V CURR,rpcCall,RPCSendAndGet,PASS,,Sep 18 2019 3:58:50.9710 PM,Sep 18 2019 3:58:51.0600 PM,.0885
PPORION OVP OUT 16V CURR,rpcCall,RPCSendAndGet,PASS,,Sep 18 2019 3:58:51.2320 PM,Sep 18 2019 3:58:51.3470 PM,.1158
PPORION OVP OUT 16V CURR,rpcCall,RPCSendAndGet,PASS,,Sep 18 2019 3:58:51.5230 PM,Sep 18 2019 3:58:51.7930 PM,.2703
PPORION OVP OUT 16V CURR,rpcCall,RPCSendAndGet,PASS,,Sep 18 2019 3:58:52.0170 PM,Sep 18 2019 3:58:53.0620 PM,1.0456
PPORION OVP OUT 16V CURR,rpcCall,RPCSendAndGet,PASS,,Sep 18 2019 3:58:54.1360 PM,Sep 18 2019 3:58:55.0250 PM,.8887
PPORION OVP OUT 5V2 CURR,rpcCall,RPCSendAndGet,PASS,,Sep 18 2019 3:58:55.0560 PM,Sep 18 2019 3:58:56.0610 PM,1.005
PPORION OVP OUT 5V2 CURR,rpcCall,RPCSendAndGet,PASS,,Sep 18 2019 3:58:57.1350 PM,Sep 18 2019 3:58:58.0890 PM,.9541
PPORION OVP OUT 5V2 CURR,rpcCall,RPCSendAndGet,PASS,,Sep 18 2019 3:59:00.1660 PM,Sep 18 2019 3:59:01.2560 PM,1.0895
PPORION OVP OUT -16V CURR,rpcCall,RPCSendAndGet,PASS,,Sep 18 2019 3:59:01.3430 PM,Sep 18 2019 3:59:02.3130 PM,.97
PPORION OVP OUT -16V CURR,rpcCall,RPCSendAndGet,PASS,,Sep 18 2019 3:59:03.3900 PM,Sep 18 2019 3:59:04.0750 PM,.6842
SYS IDBUS 6V VBUS 5V2 CURR,rpcCall,RPCSendAndGet,PASS,,Sep 18 2019 3:59:04.0800 PM,Sep 18 2019 3:59:04.3040 PM,.2235
SYS IDBUS 6V VBUS 5V2 CURR,rpcCall,RPCSendAndGet,PASS,,Sep 18 2019 3:59:04.8800 PM,Sep 18 2019 3:59:05.7610 PM,.8807
SYS IDBUS 6V VBUS 5V2 CURR,rpcCall,RPCSendAndGet,PASS,,Sep 18 2019 3:59:06.8350 PM,Sep 18 2019 3:59:07.6680 PM,.8332
SYS IDBUS 6V VBUS 0V CURR,rpcCall,RPCSendAndGet,PASS,,Sep 18 2019 3:59:07.7940 PM,Sep 18 2019 3:59:08.7030 PM,.9092
SYS IDBUS 6V VBUS 0V CURR,rpcCall,RPCSendAndGet,PASS,,Sep 18 2019 3:59:09.7760 PM,Sep 18 2019 3:59:09.7840 PM,.0085
SYS IDBUS 6V VBUS 0V CURR,rpcCall,RPCSendAndGet,PASS,,Sep 18 2019 3:59:10.3580 PM,Sep 18 2019 3:59:11.0440 PM,.6859
SYS IDBUS -4V VBUS 0V CURR,rpcCall,RPCSendAndGet,PASS,,Sep 18 2019 3:59:11.0500 PM,Sep 18 2019 3:59:11.0570 PM,.0066
SYS IDBUS -4V VBUS 0V CURR,rpcCall,RPCSendAndGet,PASS,,Sep 18 2019 3:59:11.0590 PM,Sep 18 2019 3:59:11.0650 PM,.0068
SYS IDBUS -4V VBUS 0V CURR,rpcCall,RPCSendAndGet,PASS,,Sep 18 2019 3:59:11.0670 PM,Sep 18 2019 3:59:11.0740 PM,.0067
SYS IDBUS -4V VBUS 0V CURR,rpcCall,RPCSendAndGet,PASS,,Sep 18 2019 3:59:11.0760 PM,Sep 18 2019 3:59:11.0830 PM,.0067
SYS IDBUS -4V VBUS 0V CURR,rpcCall,RPCSendAndGet,PASS,,Sep 18 2019 3:59:11.0840 PM,Sep 18 2019 3:59:11.9510 PM,.8664
SYS IDBUS -4V VBUS 0V CURR,rpcCall,RPCSendAndGet,PASS,,Sep 18 2019 3:59:12.5200 PM,Sep 18 2019 3:59:12.8340 PM,.3143
SYS IDBUS -4V VBUS 0V CURR,rpcCall,RPCSendAndGet,PASS,,Sep 18 2019 3:59:12.8360 PM,Sep 18 2019 3:59:12.9900 PM,.1539
SYS IDBUS -4V VBUS 0V CURR,rpcCall,RPCSendAndGet,PASS,,Sep 18 2019 3:59:13.5040 PM,Sep 18 2019 3:59:13.8140 PM,.3092
SYS IDBUS -4V VBUS 0V CURR,rpcCall,RPCSendAndGet,PASS,,Sep 18 2019 3:59:13.8150 PM,Sep 18 2019 3:59:13.8240 PM,.0084
SYS IDBUS -4V VBUS 0V CURR,rpcCall,RPCSendAndGet,PASS,,Sep 18 2019 3:59:14.8930 PM,Sep 18 2019 3:59:15.6240 PM,.7306
SYS IDBUS -4V VBUS 0V CURR,rpcCall,RPCSendAndGet,PASS,,Sep 18 2019 3:59:15.6250 PM,Sep 18 2019 3:59:15.8560 PM,.2302
SYS IDBUS -4V VBUS 0V CURR,rpcCall,RPCSendAndGet,PASS,,Sep 18 2019 3:59:15.8580 PM,Sep 18 2019 3:59:15.8650 PM,.0068
SYS IDBUS -4V VBUS 0V CURR,rpcCall,RPCSendAndGet,PASS,,Sep 18 2019 3:59:15.8670 PM,Sep 18 2019 3:59:15.8740 PM,.0069
SYS IDBUS -4V VBUS 0V CURR,rpcCall,RPCSendAndGet,PASS,,Sep 18 2019 3:59:15.8750 PM,Sep 18 2019 3:59:15.8830 PM,.0076
SYS IDBUS -4V VBUS 0V CURR,rpcCall,RPCSendAndGet,PASS,,Sep 18 2019 3:59:15.8860 PM,Sep 18 2019 3:59:15.8930 PM,.0069
P203 Power On Dut,rpcCall,RPCSendAndGet,PASS,,Sep 18 2019 3:59:15.9030 PM,Sep 18 2019 3:59:17.0530 PM,1.1505
P203 Power On Dut,rpcCall,RPCSendAndGet,PASS,,Sep 18 2019 3:59:17.0550 PM,Sep 18 2019 3:59:17.0620 PM,.0067
P203 Power On Dut,rpcCall,RPCSendAndGet,PASS,,Sep 18 2019 3:59:17.0640 PM,Sep 18 2019 3:59:18.0310 PM,.9677
P203 Power On Dut,rpcCall,RPCSendAndGet,PASS,,Sep 18 2019 3:59:18.0330 PM,Sep 18 2019 3:59:18.0380 PM,.0046
P203 Power On Dut,rpcCall,RPCSendAndGet,PASS,,Sep 18 2019 3:59:23.1140 PM,Sep 18 2019 3:59:23.1210 PM,.0069
P203 Power On Dut,rpcCall,RPCSendAndGet,PASS,,Sep 18 2019 3:59:23.6950 PM,Sep 18 2019 3:59:24.6600 PM,.9646
P203 Power On Dut,rpcCall,RPCSendAndGet,PASS,,Sep 18 2019 3:59:28.4250 PM,Sep 18 2019 3:59:29.5970 PM,1.1725
P203 Power On Dut,rpcCall,RPCSendAndGet,PASS,,Sep 18 2019 3:59:29.5990 PM,Sep 18 2019 3:59:29.6410 PM,.0424
P203 Power On Dut,rpcCall,RPCSendAndGet,PASS,,Sep 18 2019 3:59:29.6430 PM,Sep 18 2019 3:59:30.8080 PM,1.1645
P203 Power On Dut,rpcCall,RPCSendAndGet,PASS,,Sep 18 2019 3:59:30.8100 PM,Sep 18 2019 3:59:30.8390 PM,.0291
P203 Power On Dut,rpcCall,RPCSendAndGet,PASS,,Sep 18 2019 3:59:35.9130 PM,Sep 18 2019 3:59:35.9610 PM,.0475
P203 Power On Dut,rpcCall,RPCSendAndGet,PASS,,Sep 18 2019 3:59:36.5360 PM,Sep 18 2019 3:59:37.5050 PM,.9691
Query SFC SN,SFCSupport,getAttribute,PASS,,Sep 18 2019 3:59:39.9440 PM,Sep 18 2019 3:59:40.3960 PM,.4521
Query SFC SN,SFCSupport,getAttribute,PASS,,Sep 18 2019 3:59:40.3990 PM,Sep 18 2019 3:59:40.4040 PM,.0053
Query SFC SN,SFCSupport,getAttribute,PASS,,Sep 18 2019 3:59:40.4060 PM,Sep 18 2019 3:59:40.4100 PM,.0039
Query SFC SN,SFCSupport,getAttribute,PASS,,Sep 18 2019 3:59:40.4120 PM,Sep 18 2019 3:59:40.4160 PM,.0036
Query SFC SN,SFCSupport,getAttribute,PASS,,Sep 18 2019 3:59:40.4180 PM,Sep 18 2019 3:59:40.4220 PM,.0044
Query SFC SN,SFCSupport,getAttribute,PASS,,Sep 18 2019 3:59:40.4250 PM,Sep 18 2019 3:59:40.4290 PM,.0048
Query SFC SN,SFCSupport,getAttribute,PASS,,Sep 18 2019 3:59:40.4320 PM,Sep 18 2019 3:59:40.4350 PM,.0038
Query SFC SN,SFCSupport,getAttribute,PASS,,Sep 18 2019 3:59:40.4370 PM,Sep 18 2019 3:59:40.4420 PM,.0046
Query SFC SN,SFCSupport,getAttribute,PASS,,Sep 18 2019 3:59:40.4440 PM,Sep 18 2019 3:59:40.4480 PM,.0042
Query SFC SN,SFCSupport,getAttribute,PASS,,Sep 18 2019 3:59:40.4500 PM,Sep 18 2019 3:59:40.4540 PM,.0038
Query SFC SN,SFCSupport,getAttribute,PASS,,Sep 18 2019 3:59:40.4560 PM,Sep 18 2019 3:59:40.4600 PM,.0041
Query SFC SN,SFCSupport,getAttribute,PASS,,Sep 18 2019 3:59:40.4620 PM,Sep 18 2019 3:59:40.4660 PM,.0037
MIX FW,rpcCall,RPCSendAndGet,PASS,,Sep 18 2019 3:59:41.2070 PM,Sep 18 2019 3:59:41.2930 PM,.0866
Read Lang Blob,rpcCall,RPCSendAndGet,PASS,,Sep 18 2019 3:59:45.9790 PM,Sep 18 2019 3:59:47.1280 PM,1.1489
Read Lang Blob,rpcCall,RPCSendAndGet,PASS,,Sep 18 2019 3:59:47.1300 PM,Sep 18 2019 3:59:47.1510 PM,.0214
Read Lang Blob,rpcCall,RPCSendAndGet,PASS,,Sep 18 2019 3:59:47.1530 PM,Sep 18 2019 3:59:48.1410 PM,.9881
Read Lang Blob,rpcCall,RPCSendAndGet,PASS,,Sep 18 2019 3:59:48.1430 PM,Sep 18 2019 3:59:48.1480 PM,.0047
Read Lang Blob,rpcCall,RPCSendAndGet,PASS,,Sep 18 2019 3:59:53.2240 PM,Sep 18 2019 3:59:53.2560 PM,.0326
Read Lang Blob,rpcCall,RPCSendAndGet,PASS,,Sep 18 2019 3:59:53.8270 PM,Sep 18 2019 3:59:54.7950 PM,.9677
Power Cycle,rpcCall,RPCSendAndGet,PASS,,Sep 18 2019 3:59:56.5930 PM,Sep 18 2019 3:59:57.7400 PM,1.1467
Power Cycle,rpcCall,RPCSendAndGet,PASS,,Sep 18 2019 3:59:57.7420 PM,Sep 18 2019 3:59:57.7470 PM,.005
Power Cycle,rpcCall,RPCSendAndGet,PASS,,Sep 18 2019 3:59:57.7490 PM,Sep 18 2019 3:59:58.7330 PM,.9846
Power Cycle,rpcCall,RPCSendAndGet,PASS,,Sep 18 2019 3:59:58.7350 PM,Sep 18 2019 3:59:58.7400 PM,.0045
Power Cycle,rpcCall,RPCSendAndGet,PASS,,Sep 18 2019 4:00:03.8090 PM,Sep 18 2019 4:00:03.8160 PM,.0072
Power Cycle,rpcCall,RPCSendAndGet,PASS,,Sep 18 2019 4:00:04.3920 PM,Sep 18 2019 4:00:05.3620 PM,.9697
(Orion Power)SYS CURRENT IDLE,rpcCall,RPCSendAndGet,PASS,,Sep 18 2019 4:00:11.6890 PM,Sep 18 2019 4:00:12.5360 PM,.8477
System Curr caps lock LED is on,rpcCall,RPCSendAndGet,PASS,,Sep 18 2019 4:00:14.1180 PM,Sep 18 2019 4:00:14.9640 PM,.8466
System Curr caps lock LED is off,rpcCall,RPCSendAndGet,PASS,,Sep 18 2019 4:00:16.5310 PM,Sep 18 2019 4:00:17.3840 PM,.8535
(Orion Power)SYS CURRENT BLC ONLY,rpcCall,RPCSendAndGet,PASS,,Sep 18 2019 4:00:18.9570 PM,Sep 18 2019 4:00:19.8040 PM,.8465
(Orion Power)SYS CURRENT USBC Alt power ONLY,rpcCall,RPCSendAndGet,PASS,,Sep 18 2019 4:00:21.8500 PM,Sep 18 2019 4:00:22.7020 PM,.8529
(Orion Power)SYS CURRENT Energy storage ONLY,rpcCall,RPCSendAndGet,PASS,,Sep 18 2019 4:00:24.7650 PM,Sep 18 2019 4:00:25.6110 PM,.8462
(Orion Power)SYS CURRENT MFI ONLY,rpcCall,RPCSendAndGet,PASS,,Sep 18 2019 4:00:27.6090 PM,Sep 18 2019 4:00:28.4560 PM,.8464
(Orion Power)SYS CURRENT Energy storage,rpcCall,RPCSendAndGet,PASS,,Sep 18 2019 4:00:30.5140 PM,Sep 18 2019 4:00:31.3650 PM,.8511
(Orion Power)SYS CURRENT TOUCH ONLY,rpcCall,RPCSendAndGet,PASS,,Sep 18 2019 4:00:33.5700 PM,Sep 18 2019 4:00:34.4200 PM,.849
(Orion Power)SYS CURRENT ALL RAILS,rpcCall,RPCSendAndGet,PASS,,Sep 18 2019 4:00:40.0150 PM,Sep 18 2019 4:00:40.8700 PM,.8556
(Orion Power)SysTem Curr Leds to 0% Brightness,rpcCall,RPCSendAndGet,PASS,,Sep 18 2019 4:00:47.4230 PM,Sep 18 2019 4:00:48.2700 PM,.8471
(Orion Power)SysTem Curr Leds to 1% Brightness,rpcCall,RPCSendAndGet,PASS,,Sep 18 2019 4:00:49.7860 PM,Sep 18 2019 4:00:50.6350 PM,.8489
(Orion Power)SysTem Curr Leds to 100% Brightness,rpcCall,RPCSendAndGet,PASS,,Sep 18 2019 4:00:52.1990 PM,Sep 18 2019 4:00:52.8930 PM,.6939
(Orion Power)SysTem Curr Leds to PD 50% Brightness,rpcCall,RPCSendAndGet,PASS,,Sep 18 2019 4:00:56.5010 PM,Sep 18 2019 4:00:57.3490 PM,.8476
USBC Power On,rpcCall,RPCSendAndGet,PASS,,Sep 18 2019 4:00:57.3610 PM,Sep 18 2019 4:00:58.5100 PM,1.1489
USBC Power On,rpcCall,RPCSendAndGet,PASS,,Sep 18 2019 4:00:58.5120 PM,Sep 18 2019 4:00:58.5190 PM,.0068
USBC Power On,rpcCall,RPCSendAndGet,PASS,,Sep 18 2019 4:00:58.6880 PM,Sep 18 2019 4:00:58.8030 PM,.1147
USBC Power On,rpcCall,RPCSendAndGet,PASS,,Sep 18 2019 4:00:58.8050 PM,Sep 18 2019 4:00:58.8110 PM,.0067
USBC Power On,rpcCall,RPCSendAndGet,PASS,,Sep 18 2019 4:00:58.8130 PM,Sep 18 2019 4:00:58.8200 PM,.0068
USBC Power On,rpcCall,RPCSendAndGet,PASS,,Sep 18 2019 4:00:58.9900 PM,Sep 18 2019 4:00:58.9940 PM,.0046
USBC Power On,rpcCall,RPCSendAndGet,PASS,,Sep 18 2019 4:01:02.4040 PM,Sep 18 2019 4:01:02.5850 PM,.1808
USBC Power On,rpcCall,RPCSendAndGet,PASS,,Sep 18 2019 4:01:04.6610 PM,Sep 18 2019 4:01:04.6680 PM,.007
(USB-C Power) SYS CURRENT IDLE,rpcCall,RPCSendAndGet,PASS,,Sep 18 2019 4:01:09.9470 PM,Sep 18 2019 4:01:10.8030 PM,.8558
(USB-C Power) SYS CURRENT Capslock ONLY,rpcCall,RPCSendAndGet,PASS,,Sep 18 2019 4:01:12.3710 PM,Sep 18 2019 4:01:13.2200 PM,.8493
(USB-C Power) SYS CURRENT BLC ONLY,rpcCall,RPCSendAndGet,PASS,,Sep 18 2019 4:01:15.2890 PM,Sep 18 2019 4:01:16.1420 PM,.8529
(USB-C Power) SYS CURRENT MFI ONLY,rpcCall,RPCSendAndGet,PASS,,Sep 18 2019 4:01:18.1860 PM,Sep 18 2019 4:01:19.0320 PM,.8463
(USB-C Power) SYS CURRENT TOUCH ONLY,rpcCall,RPCSendAndGet,PASS,,Sep 18 2019 4:01:21.3030 PM,Sep 18 2019 4:01:22.1510 PM,.848
(USB-C Power) SYS CURRENT ALL RAILS,rpcCall,RPCSendAndGet,PASS,,Sep 18 2019 4:01:28.8320 PM,Sep 18 2019 4:01:29.6830 PM,.8504
(USB-C Power)SysTem Curr Leds to 0% Brightness,rpcCall,RPCSendAndGet,PASS,,Sep 18 2019 4:01:35.1240 PM,Sep 18 2019 4:01:35.9740 PM,.8492
(USB-C Power)SysTem Curr Leds to 1% Brightness,rpcCall,RPCSendAndGet,PASS,,Sep 18 2019 4:01:37.5370 PM,Sep 18 2019 4:01:38.3890 PM,.8514
(USB-C Power)SysTem Curr Leds to 100% Brightness,rpcCall,RPCSendAndGet,PASS,,Sep 18 2019 4:01:39.9600 PM,Sep 18 2019 4:01:40.6460 PM,.6861
(USB-C Power)SysTem Curr Leds to PD 50% Brightness,rpcCall,RPCSendAndGet,PASS,,Sep 18 2019 4:01:48.2870 PM,Sep 18 2019 4:01:49.1340 PM,.8462
5V 1.5A Curr CC Rp = 22kohm,rpcCall,RPCSendAndGet,PASS,,Sep 18 2019 4:01:49.1400 PM,Sep 18 2019 4:01:49.2310 PM,.0912
5V 1.5A Curr CC Rp = 22kohm,rpcCall,RPCSendAndGet,PASS,,Sep 18 2019 4:01:49.2330 PM,Sep 18 2019 4:01:49.3880 PM,.1545
5V 1.5A Curr CC Rp = 22kohm,rpcCall,RPCSendAndGet,PASS,,Sep 18 2019 4:01:49.9640 PM,Sep 18 2019 4:01:49.9680 PM,.0044
5V 1.5A Curr CC Rp = 22kohm,rpcCall,RPCSendAndGet,PASS,,Sep 18 2019 4:01:49.9700 PM,Sep 18 2019 4:01:50.0840 PM,.1141
5V 1.5A Curr CC Rp = 22kohm,rpcCall,RPCSendAndGet,PASS,,Sep 18 2019 4:01:50.6570 PM,Sep 18 2019 4:01:50.6640 PM,.007
5V 1.5A Curr CC Rp = 22kohm,rpcCall,RPCSendAndGet,PASS,,Sep 18 2019 4:01:50.8380 PM,Sep 18 2019 4:01:50.8460 PM,.0074
5V 1.5A Curr CC Rp = 22kohm,rpcCall,RPCSendAndGet,PASS,,Sep 18 2019 4:01:51.0190 PM,Sep 18 2019 4:01:51.0260 PM,.0068
5V 1.5A Curr CC Rp = 22kohm,rpcCall,RPCSendAndGet,PASS,,Sep 18 2019 4:01:51.2000 PM,Sep 18 2019 4:01:51.2070 PM,.0069
5V 1.5A Curr CC Rp = 22kohm,rpcCall,RPCSendAndGet,PASS,,Sep 18 2019 4:01:51.7840 PM,Sep 18 2019 4:01:51.7910 PM,.0071
5V 1.5A Curr CC Rp = 22kohm,rpcCall,RPCSendAndGet,PASS,,Sep 18 2019 4:01:52.3670 PM,Sep 18 2019 4:01:52.3710 PM,.0048
5V 1.5A Curr CC Rp = 22kohm,rpcCall,RPCSendAndGet,PASS,,Sep 18 2019 4:01:55.4470 PM,Sep 18 2019 4:01:55.4570 PM,.0103
5V 1.5A Curr CC Rp = 22kohm,rpcCall,RPCSendAndGet,PASS,,Sep 18 2019 4:01:57.4600 PM,Sep 18 2019 4:01:57.4670 PM,.0069
5V 1.5A Curr CC Rp = 22kohm,rpcCall,RPCSendAndGet,PASS,,Sep 18 2019 4:01:58.0380 PM,Sep 18 2019 4:01:58.0450 PM,.0067
5V 1.5A Curr CC Rp = 22kohm,rpcCall,RPCSendAndGet,PASS,,Sep 18 2019 4:01:58.6220 PM,Sep 18 2019 4:01:58.7770 PM,.155
5V 1.5A Curr CC Rp = 22kohm,rpcCall,RPCSendAndGet,PASS,,Sep 18 2019 4:01:59.3450 PM,Sep 18 2019 4:01:59.5000 PM,.1552
5V 1.5A Curr CC Rp = 22kohm,rpcCall,RPCSendAndGet,PASS,,Sep 18 2019 4:02:00.5720 PM,Sep 18 2019 4:02:01.4690 PM,.8971
5V 1.5A Orion Power Voltage,rpcCall,RPCSendAndGet,PASS,,Sep 18 2019 4:02:01.9920 PM,Sep 18 2019 4:02:03.2700 PM,1.278
5V 1.5A DUT Input Voltage,rpcCall,RPCSendAndGet,PASS,,Sep 18 2019 4:02:03.2760 PM,Sep 18 2019 4:02:03.4990 PM,.2229
5V 1.5A DUT Input Voltage,rpcCall,RPCSendAndGet,PASS,,Sep 18 2019 4:02:03.5010 PM,Sep 18 2019 4:02:03.6550 PM,.1539
5V 1.5A DUT Input Voltage,rpcCall,RPCSendAndGet,PASS,,Sep 18 2019 4:02:04.2320 PM,Sep 18 2019 4:02:04.2390 PM,.0068
Download CCG3 FW,rpcCall,RPCSendAndGet,PASS,,Sep 18 2019 4:02:04.8180 PM,Sep 18 2019 4:02:05.9680 PM,1.1494
Download CCG3 FW,rpcCall,RPCSendAndGet,PASS,,Sep 18 2019 4:02:05.9700 PM,Sep 18 2019 4:02:05.9760 PM,.0061
Download CCG3 FW,rpcCall,RPCSendAndGet,PASS,,Sep 18 2019 4:02:06.1520 PM,Sep 18 2019 4:02:06.2670 PM,.1146
Download CCG3 FW,rpcCall,RPCSendAndGet,PASS,,Sep 18 2019 4:02:06.2690 PM,Sep 18 2019 4:02:06.2760 PM,.0069
Download CCG3 FW,rpcCall,RPCSendAndGet,PASS,,Sep 18 2019 4:02:06.2780 PM,Sep 18 2019 4:02:06.2840 PM,.0067
Download CCG3 FW,rpcCall,RPCSendAndGet,PASS,,Sep 18 2019 4:02:06.4540 PM,Sep 18 2019 4:02:06.4590 PM,.0046
After Download Read CCG3 FW,rpcCall,RPCSendAndGet,PASS,,Sep 18 2019 4:02:38.6620 PM,Sep 18 2019 4:02:39.8110 PM,1.1492
After Download Read CCG3 FW,rpcCall,RPCSendAndGet,PASS,,Sep 18 2019 4:02:39.8130 PM,Sep 18 2019 4:02:39.8180 PM,.0051
After Download Read CCG3 FW,rpcCall,RPCSendAndGet,PASS,,Sep 18 2019 4:02:39.9900 PM,Sep 18 2019 4:02:40.1040 PM,.1145
After Download Read CCG3 FW,rpcCall,RPCSendAndGet,PASS,,Sep 18 2019 4:02:40.1060 PM,Sep 18 2019 4:02:40.1130 PM,.0067
After Download Read CCG3 FW,rpcCall,RPCSendAndGet,PASS,,Sep 18 2019 4:02:40.1150 PM,Sep 18 2019 4:02:40.1210 PM,.0066
After Download Read CCG3 FW,rpcCall,RPCSendAndGet,PASS,,Sep 18 2019 4:02:40.2910 PM,Sep 18 2019 4:02:40.2960 PM,.0046
After Download Read CCG3 FW,rpcCall,RPCSendAndGet,PASS,,Sep 18 2019 4:02:43.7110 PM,Sep 18 2019 4:02:43.8500 PM,.1398
After Download Read CCG3 FW,rpcCall,RPCSendAndGet,PASS,,Sep 18 2019 4:02:45.9230 PM,Sep 18 2019 4:02:45.9300 PM,.0067
After Download Read CCG3 FW,rpcCall,RPCSendAndGet,PASS,,Sep 18 2019 4:02:49.3000 PM,Sep 18 2019 4:02:49.3070 PM,.0074
After Download Read CCG3 FW,rpcCall,RPCSendAndGet,PASS,,Sep 18 2019 4:02:49.8830 PM,Sep 18 2019 4:02:49.8870 PM,.0047
After Download Read CCG3 FW,rpcCall,RPCSendAndGet,PASS,,Sep 18 2019 4:02:50.9590 PM,Sep 18 2019 4:02:50.9640 PM,.0048
After Download Read CCG3 FW,rpcCall,RPCSendAndGet,PASS,,Sep 18 2019 4:02:53.0410 PM,Sep 18 2019 4:02:53.0480 PM,.0069
5V 2.5A Curr CC Rp = 10kohm,rpcCall,RPCSendAndGet,PASS,,Sep 18 2019 4:02:54.0800 PM,Sep 18 2019 4:02:54.1720 PM,.0911
5V 2.5A Curr CC Rp = 10kohm,rpcCall,RPCSendAndGet,PASS,,Sep 18 2019 4:02:54.1730 PM,Sep 18 2019 4:02:54.3270 PM,.1539
5V 2.5A Curr CC Rp = 10kohm,rpcCall,RPCSendAndGet,PASS,,Sep 18 2019 4:02:54.8990 PM,Sep 18 2019 4:02:54.9030 PM,.0048
5V 2.5A Curr CC Rp = 10kohm,rpcCall,RPCSendAndGet,PASS,,Sep 18 2019 4:02:54.9060 PM,Sep 18 2019 4:02:55.0200 PM,.1143
5V 2.5A Curr CC Rp = 10kohm,rpcCall,RPCSendAndGet,PASS,,Sep 18 2019 4:02:55.5970 PM,Sep 18 2019 4:02:55.6030 PM,.0068
5V 2.5A Curr CC Rp = 10kohm,rpcCall,RPCSendAndGet,PASS,,Sep 18 2019 4:02:55.7770 PM,Sep 18 2019 4:02:55.7840 PM,.0068
5V 2.5A Curr CC Rp = 10kohm,rpcCall,RPCSendAndGet,PASS,,Sep 18 2019 4:02:55.9540 PM,Sep 18 2019 4:02:55.9600 PM,.0068
5V 2.5A Curr CC Rp = 10kohm,rpcCall,RPCSendAndGet,PASS,,Sep 18 2019 4:02:56.1350 PM,Sep 18 2019 4:02:56.1410 PM,.0067
5V 2.5A Curr CC Rp = 10kohm,rpcCall,RPCSendAndGet,PASS,,Sep 18 2019 4:02:56.3180 PM,Sep 18 2019 4:02:56.3250 PM,.0068
5V 2.5A Curr CC Rp = 10kohm,rpcCall,RPCSendAndGet,PASS,,Sep 18 2019 4:02:56.4970 PM,Sep 18 2019 4:02:56.5040 PM,.0069
5V 2.5A Curr CC Rp = 10kohm,rpcCall,RPCSendAndGet,PASS,,Sep 18 2019 4:02:57.0800 PM,Sep 18 2019 4:02:57.0860 PM,.0066
5V 2.5A Curr CC Rp = 10kohm,rpcCall,RPCSendAndGet,PASS,,Sep 18 2019 4:02:57.6100 PM,Sep 18 2019 4:02:57.6140 PM,.0045
5V 2.5A Curr CC Rp = 10kohm,rpcCall,RPCSendAndGet,PASS,,Sep 18 2019 4:03:00.6880 PM,Sep 18 2019 4:03:00.6990 PM,.0102
5V 2.5A Curr CC Rp = 10kohm,rpcCall,RPCSendAndGet,PASS,,Sep 18 2019 4:03:02.7690 PM,Sep 18 2019 4:03:02.7760 PM,.0071
5V 2.5A Curr CC Rp = 10kohm,rpcCall,RPCSendAndGet,PASS,,Sep 18 2019 4:03:03.3510 PM,Sep 18 2019 4:03:03.3580 PM,.0068
5V 2.5A Curr CC Rp = 10kohm,rpcCall,RPCSendAndGet,PASS,,Sep 18 2019 4:03:03.9340 PM,Sep 18 2019 4:03:04.0880 PM,.1539
5V 2.5A Curr CC Rp = 10kohm,rpcCall,RPCSendAndGet,PASS,,Sep 18 2019 4:03:04.6580 PM,Sep 18 2019 4:03:04.8120 PM,.1544
5V 2.5A Curr CC Rp = 10kohm,rpcCall,RPCSendAndGet,PASS,,Sep 18 2019 4:03:05.8840 PM,Sep 18 2019 4:03:06.6510 PM,.7669
5V 2.5A Orion Power Voltage,rpcCall,RPCSendAndGet,PASS,,Sep 18 2019 4:03:08.2380 PM,Sep 18 2019 4:03:09.5170 PM,1.2786
5V 2.5A DUT Input Voltage,rpcCall,RPCSendAndGet,PASS,,Sep 18 2019 4:03:09.5240 PM,Sep 18 2019 4:03:09.7530 PM,.2283
5V 2.5A DUT Input Voltage,rpcCall,RPCSendAndGet,PASS,,Sep 18 2019 4:03:09.7550 PM,Sep 18 2019 4:03:09.9090 PM,.1537
5V 2.5A DUT Input Voltage,rpcCall,RPCSendAndGet,PASS,,Sep 18 2019 4:03:10.4820 PM,Sep 18 2019 4:03:10.4880 PM,.0068
9V 2.5A Curr USBC PD,rpcCall,RPCSendAndGet,PASS,,Sep 18 2019 4:03:10.4940 PM,Sep 18 2019 4:03:11.6430 PM,1.1494
9V 2.5A Curr USBC PD,rpcCall,RPCSendAndGet,PASS,,Sep 18 2019 4:03:11.6450 PM,Sep 18 2019 4:03:11.6520 PM,.0069
9V 2.5A Curr USBC PD,rpcCall,RPCSendAndGet,PASS,,Sep 18 2019 4:03:11.8290 PM,Sep 18 2019 4:03:11.9430 PM,.1147
9V 2.5A Curr USBC PD,rpcCall,RPCSendAndGet,PASS,,Sep 18 2019 4:03:11.9450 PM,Sep 18 2019 4:03:11.9520 PM,.0067
9V 2.5A Curr USBC PD,rpcCall,RPCSendAndGet,PASS,,Sep 18 2019 4:03:11.9540 PM,Sep 18 2019 4:03:11.9600 PM,.0069
9V 2.5A Curr USBC PD,rpcCall,RPCSendAndGet,PASS,,Sep 18 2019 4:03:12.1300 PM,Sep 18 2019 4:03:12.1350 PM,.0048
9V 2.5A Curr USBC PD,rpcCall,RPCSendAndGet,PASS,,Sep 18 2019 4:03:15.5480 PM,Sep 18 2019 4:03:15.7280 PM,.1808
9V 2.5A Curr USBC PD,rpcCall,RPCSendAndGet,PASS,,Sep 18 2019 4:03:17.7980 PM,Sep 18 2019 4:03:17.8130 PM,.0143
9V 2.5A Curr USBC PD,rpcCall,RPCSendAndGet,PASS,,Sep 18 2019 4:03:20.4810 PM,Sep 18 2019 4:03:20.4880 PM,.0068
9V 2.5A Curr USBC PD,rpcCall,RPCSendAndGet,PASS,,Sep 18 2019 4:03:21.0640 PM,Sep 18 2019 4:03:21.2190 PM,.1552
9V 2.5A Curr USBC PD,rpcCall,RPCSendAndGet,PASS,,Sep 18 2019 4:03:22.2910 PM,Sep 18 2019 4:03:22.2980 PM,.0071
9V 2.5A Curr USBC PD,rpcCall,RPCSendAndGet,PASS,,Sep 18 2019 4:03:23.3670 PM,Sep 18 2019 4:03:23.5210 PM,.1543
9V 2.5A Curr USBC PD,rpcCall,RPCSendAndGet,PASS,,Sep 18 2019 4:03:25.6650 PM,Sep 18 2019 4:03:26.3970 PM,.7319
9V 2.5A Orion Power Voltage,rpcCall,RPCSendAndGet,PASS,,Sep 18 2019 4:03:26.9220 PM,Sep 18 2019 4:03:28.2010 PM,1.2788
9V 2.5A DUT Input Voltage,rpcCall,RPCSendAndGet,PASS,,Sep 18 2019 4:03:28.2060 PM,Sep 18 2019 4:03:28.4310 PM,.2248
9V 2.5A DUT Input Voltage,rpcCall,RPCSendAndGet,PASS,,Sep 18 2019 4:03:28.4330 PM,Sep 18 2019 4:03:28.5870 PM,.1539
9V 2.5A DUT Input Voltage,rpcCall,RPCSendAndGet,PASS,,Sep 18 2019 4:03:29.1620 PM,Sep 18 2019 4:03:29.1680 PM,.0069
Tristar To CCG3 VID,rpcCall,RPCSendAndGet,PASS,,Sep 18 2019 4:03:29.1740 PM,Sep 18 2019 4:03:30.3230 PM,1.1489
Tristar To CCG3 VID,rpcCall,RPCSendAndGet,PASS,,Sep 18 2019 4:03:30.3240 PM,Sep 18 2019 4:03:30.3310 PM,.0063
Tristar To CCG3 VID,rpcCall,RPCSendAndGet,PASS,,Sep 18 2019 4:03:30.5030 PM,Sep 18 2019 4:03:30.6180 PM,.1147
Tristar To CCG3 VID,rpcCall,RPCSendAndGet,PASS,,Sep 18 2019 4:03:30.6200 PM,Sep 18 2019 4:03:30.6260 PM,.0069
Tristar To CCG3 VID,rpcCall,RPCSendAndGet,PASS,,Sep 18 2019 4:03:30.6280 PM,Sep 18 2019 4:03:30.6350 PM,.0067
Tristar To CCG3 VID,rpcCall,RPCSendAndGet,PASS,,Sep 18 2019 4:03:30.8100 PM,Sep 18 2019 4:03:30.8140 PM,.0045
Tristar To CCG3 VID,rpcCall,RPCSendAndGet,PASS,,Sep 18 2019 4:03:34.2280 PM,Sep 18 2019 4:03:34.3690 PM,.1404
Tristar To CCG3 VID,rpcCall,RPCSendAndGet,PASS,,Sep 18 2019 4:03:36.4410 PM,Sep 18 2019 4:03:36.4480 PM,.0069
Tristar To CCG3 VID,rpcCall,RPCSendAndGet,PASS,,Sep 18 2019 4:03:39.9500 PM,Sep 18 2019 4:03:39.9680 PM,.0179
Tristar To CCG3 PID,rpcCall,RPCSendAndGet,PASS,,Sep 18 2019 4:03:42.2570 PM,Sep 18 2019 4:03:42.3020 PM,.045
PHASE1 ORIONPWR DUT MODE,rpcCall,RPCSendAndGet,PASS,,Sep 18 2019 4:03:42.3070 PM,Sep 18 2019 4:03:42.4220 PM,.1145
PHASE1 ORIONPWR DUT MODE,rpcCall,RPCSendAndGet,PASS,,Sep 18 2019 4:03:42.4240 PM,Sep 18 2019 4:03:43.5800 PM,1.156
PHASE1 ORIONPWR DUT MODE,rpcCall,RPCSendAndGet,PASS,,Sep 18 2019 4:03:43.7540 PM,Sep 18 2019 4:03:43.7610 PM,.0069
PHASE1 ORIONPWR DUT MODE,rpcCall,RPCSendAndGet,PASS,,Sep 18 2019 4:03:43.7620 PM,Sep 18 2019 4:03:43.7690 PM,.0069
PHASE1 ORIONPWR DUT MODE,rpcCall,RPCSendAndGet,PASS,,Sep 18 2019 4:03:43.9450 PM,Sep 18 2019 4:03:43.9490 PM,.0047
PHASE2 USBCPWR DUT MODE,rpcCall,RPCSendAndGet,PASS,,Sep 18 2019 4:03:47.5190 PM,Sep 18 2019 4:03:47.7030 PM,.1842
PHASE3 ORIONPWR DUT MODE,rpcCall,RPCSendAndGet,PASS,,Sep 18 2019 4:03:51.5100 PM,Sep 18 2019 4:03:51.6240 PM,.1147
System critical errors,rpcCall,RPCSendAndGet,PASS,,Sep 18 2019 4:03:54.7910 PM,Sep 18 2019 4:03:55.9400 PM,1.1497
System critical errors,rpcCall,RPCSendAndGet,PASS,,Sep 18 2019 4:03:55.9430 PM,Sep 18 2019 4:03:56.0570 PM,.1146
System critical errors,rpcCall,RPCSendAndGet,PASS,,Sep 18 2019 4:03:56.0590 PM,Sep 18 2019 4:03:56.0680 PM,.0089
System critical errors,rpcCall,RPCSendAndGet,PASS,,Sep 18 2019 4:03:56.0700 PM,Sep 18 2019 4:03:56.0770 PM,.0072
System critical errors,rpcCall,RPCSendAndGet,PASS,,Sep 18 2019 4:03:56.2540 PM,Sep 18 2019 4:03:56.2580 PM,.0048
FW Update critical errors,rpcCall,RPCSendAndGet,PASS,,Sep 18 2019 4:04:03.9780 PM,Sep 18 2019 4:04:03.9820 PM,.0048
FW Update critical errors,rpcCall,RPCSendAndGet,PASS,,Sep 18 2019 4:04:05.0570 PM,Sep 18 2019 4:04:05.0620 PM,.0047
Brick ID,com.apple.hwte.atlas.AppPlugin,show-form,PASS,,Sep 18 2019 4:04:11.1430 PM,Sep 18 2019 4:04:21.2480 PM,10.1051
Brick ID,rpcCall,RPCSendAndGet,PASS,,Sep 18 2019 4:04:21.2500 PM,Sep 18 2019 4:04:21.3420 PM,.0915
Finish DRCB,DRCB,finish,PASS,,Sep 18 2019 4:04:23.4720 PM,Sep 18 2019 4:04:24.6090 PM,1.1368
Finish DRCB,rpcCall,RPCSendAndGet,PASS,,Sep 18 2019 4:04:25.1820 PM,Sep 18 2019 4:04:25.2730 PM,.0913
Finish DRCB,rpcCall,RPCSendAndGet,PASS,,Sep 18 2019 4:04:25.2750 PM,Sep 18 2019 4:04:25.2790 PM,.0044
