Related Test,Name-1,Name-2,Name-3,Status,Info,Measurement,Units,Upper Limit,Lower Limit,Relaxed Upper Limit,Relaxed Lower Limit,Limit Units,Start Time,End Time,Duration (s)
Scan SN,,,,,,,,,,,,,Jul 4 2019 4:27:00.5240 PM,Jul 4 2019 4:27:02.6040 PM,2.0803
Scan SN,Scan SN,AtlasApp-Hyperion,show-form,PASS,,,,,,,,,Jul 4 2019 4:27:00.5250 PM,Jul 4 2019 4:27:02.6030 PM,2.0776
Get SFC Info,,,,,,,,,,,,,Jul 4 2019 4:27:02.6060 PM,Jul 4 2019 4:27:02.6560 PM,.0499
Get SFC Info,Get SFC Info,SFCSupport,getAttributes,PASS,,,,,,,,,Jul 4 2019 4:27:02.6080 PM,Jul 4 2019 4:27:02.6370 PM,.0287
Get SFC Info,Get SFC Info,GET SFC info - pansa,DKB9247009KN5RQ0V,PASS,,,,,,,,,Jul 4 2019 4:27:02.6380 PM,Jul 4 2019 4:27:02.6380 PM,0
Get SFC Info,Get SFC Info,SFCSupport,getAttributes-2,PASS,,,,,,,,,Jul 4 2019 4:27:02.6390 PM,Jul 4 2019 4:27:02.6440 PM,.0045
Get SFC Info,Get SFC Info,GET SFC info - unit_lbl,R128-P1_P12-M3_P00263,PASS,,,,,,,,,Jul 4 2019 4:27:02.6450 PM,Jul 4 2019 4:27:02.6450 PM,0
Get SFC Info,Get SFC Info,SFCSupport,getAttributes-3,PASS,,,,,,,,,Jul 4 2019 4:27:02.6460 PM,Jul 4 2019 4:27:02.6490 PM,.0036
Get SFC Info,Get SFC Info,GET SFC info - wo_no,WCS-J6000C,PASS,,,,,,,,,Jul 4 2019 4:27:02.6500 PM,Jul 4 2019 4:27:02.6500 PM,0
Get SFC Info,Get SFC Info,SFCSupport,getAttributes-4,PASS,,,,,,,,,Jul 4 2019 4:27:02.6510 PM,Jul 4 2019 4:27:02.6550 PM,.0039
Get SFC Info,Get SFC Info,GET SFC info - mlb_sn,DLX92460084N4731W,PASS,,,,,,,,,Jul 4 2019 4:27:02.6560 PM,Jul 4 2019 4:27:02.6560 PM,0
BUILD EVENT,,,,,,,,,,,,,Jul 4 2019 4:27:02.6580 PM,Jul 4 2019 4:27:02.6590 PM,.0006
BUILD EVENT,BUILD EVENT,BUILD_EVENT,R128-P1,PASS,,,,,,,,,Jul 4 2019 4:27:02.6590 PM,Jul 4 2019 4:27:02.6590 PM,0
S_BUILD,,,,,,,,,,,,,Jul 4 2019 4:27:02.6600 PM,Jul 4 2019 4:27:02.6610 PM,.0005
S_BUILD,S_BUILD,S_BUILD,R128-P1_P12-M3,PASS,,,,,,,,,Jul 4 2019 4:27:02.6610 PM,Jul 4 2019 4:27:02.6610 PM,0
WO_SN,,,,,,,,,,,,,Jul 4 2019 4:27:02.6620 PM,Jul 4 2019 4:27:02.6630 PM,.0006
WO_SN,WO_SN,Get wo_no Pass,,PASS,,,,,,,,,Jul 4 2019 4:27:02.6630 PM,Jul 4 2019 4:27:02.6630 PM,0
UNIT LBL,,,,,,,,,,,,,Jul 4 2019 4:27:02.6650 PM,Jul 4 2019 4:27:02.6660 PM,.0012
UNIT LBL,UNIT LBL,Get unit_lbl Pass,,PASS,,,,,,,,,Jul 4 2019 4:27:02.6660 PM,Jul 4 2019 4:27:02.6660 PM,0
Endpoint init,,,,,,,,,,,,,Jul 4 2019 4:27:02.6680 PM,Jul 4 2019 4:27:18.8670 PM,16.1986
Endpoint init,Endpoint init,"[rpc] dutgpio_set_pin(7,0)",,PASS,,,,,,,,,Jul 4 2019 4:27:02.6700 PM,Jul 4 2019 4:27:02.6750 PM,.0051
Endpoint init,Endpoint init,"[rpc] dutgpio_set_pin(7,1)",,PASS,,,,,,,,,Jul 4 2019 4:27:05.7490 PM,Jul 4 2019 4:27:05.7540 PM,.0044
Endpoint init,Endpoint init,"[rpc] myiocontrol_set_Bit(24,1)",,PASS,,,,,,,,,Jul 4 2019 4:27:08.7560 PM,Jul 4 2019 4:27:08.7630 PM,.0072
Endpoint init,Endpoint init,"[rpc] myiocontrol_set_Bit(25,1)",,PASS,,,,,,,,,Jul 4 2019 4:27:08.7710 PM,Jul 4 2019 4:27:08.7780 PM,.0071
Endpoint init,Endpoint init,[Hid] /usr/local/bin/hidreport -p 0x026F -i 0 set 0x3D 0x3D 0x13 0x0 0x0 0x0,,PASS,,,,,,,,,Jul 4 2019 4:27:11.8850 PM,Jul 4 2019 4:27:11.8850 PM,0
Endpoint init,Endpoint init,IOFileHandle,writeToFile,PASS,,,,,,,,,Jul 4 2019 4:27:11.8870 PM,Jul 4 2019 4:27:11.8870 PM,.0005
Endpoint init,Endpoint init,[Hid] /usr/local/bin/hidreport -p 0x026F -i 0 set 0x3E 0x3E 0x13 0x0 0x0 0x0 0x2,,PASS,,,,,,,,,Jul 4 2019 4:27:12.3060 PM,Jul 4 2019 4:27:12.3060 PM,0
Endpoint init,Endpoint init,IOFileHandle,writeToFile-2,PASS,,,,,,,,,Jul 4 2019 4:27:12.3070 PM,Jul 4 2019 4:27:12.3070 PM,.0002
Endpoint init,Endpoint init,"[rpc] myiocontrol_set_Bit(24,0)",,PASS,,,,,,,,,Jul 4 2019 4:27:12.6790 PM,Jul 4 2019 4:27:12.6860 PM,.0066
Endpoint init,Endpoint init,"[rpc] myiocontrol_set_Bit(25,0)",,PASS,,,,,,,,,Jul 4 2019 4:27:12.6870 PM,Jul 4 2019 4:27:12.6940 PM,.0065
Endpoint init,Endpoint init,"[rpc] dutgpio_set_pin(7,0)-2",,PASS,,,,,,,,,Jul 4 2019 4:27:12.6950 PM,Jul 4 2019 4:27:12.6990 PM,.0044
Endpoint init,Endpoint init,"[rpc] myiocontrol_set_Bit(24,1)-2",,PASS,,,,,,,,,Jul 4 2019 4:27:15.7740 PM,Jul 4 2019 4:27:15.7800 PM,.0066
Endpoint init,Endpoint init,"[rpc] myiocontrol_set_Bit(25,1)-2",,PASS,,,,,,,,,Jul 4 2019 4:27:15.7820 PM,Jul 4 2019 4:27:15.7880 PM,.0065
Endpoint init,Endpoint init,"[rpc] dutgpio_set_pin(7,1)-2",,PASS,,,,,,,,,Jul 4 2019 4:27:15.7900 PM,Jul 4 2019 4:27:15.7940 PM,.0043
Auth Check,,,,,,,,,,,,,Jul 4 2019 4:27:18.8690 PM,Jul 4 2019 4:27:24.9270 PM,6.058
Auth Check,Auth Check,P203,changeDelimiter,PASS,,,,,,,,,Jul 4 2019 4:27:18.8710 PM,Jul 4 2019 4:27:18.8710 PM,0
Auth Check,Auth Check,P203,changeLineTerminator,PASS,,,,,,,,,Jul 4 2019 4:27:18.8720 PM,Jul 4 2019 4:27:18.8720 PM,0
Auth Check,Auth Check,P203,open,PASS,,,,,,,,,Jul 4 2019 4:27:18.8740 PM,Jul 4 2019 4:27:20.4650 PM,1.5916
Auth Check,Auth Check,P203,read,PASS,,,,,,,,,Jul 4 2019 4:27:20.4670 PM,Jul 4 2019 4:27:20.4960 PM,.029
Auth Check,Auth Check,P203,read-2,PASS,,,,,,,,,Jul 4 2019 4:27:20.4980 PM,Jul 4 2019 4:27:20.5260 PM,.0281
Auth Check,Auth Check,[P203] aid tx bd 1 3 24 71 3 10 0 00,sendCommandChars,PASS,,,,,,,,,Jul 4 2019 4:27:20.5270 PM,Jul 4 2019 4:27:20.5630 PM,.0358
Auth Check,Auth Check,P203,read-3,PASS,,,,,,,,,Jul 4 2019 4:27:20.5660 PM,Jul 4 2019 4:27:20.5660 PM,.0001
Auth Check,Auth Check,P203,read-4,PASS,,,,,,,,,Jul 4 2019 4:27:20.5670 PM,Jul 4 2019 4:27:20.5960 PM,.0292
Auth Check,Auth Check,[P203] aid tx bd 1 3 24 71 3 10 0 00,sendCommandChars-2,PASS,,,,,,,,,Jul 4 2019 4:27:20.5980 PM,Jul 4 2019 4:27:20.6330 PM,.0353
Auth Check,Auth Check,P203,read-5,PASS,,,,,,,,,Jul 4 2019 4:27:20.6360 PM,Jul 4 2019 4:27:20.6360 PM,.0002
Auth Check,Auth Check,P203,read-6,PASS,,,,,,,,,Jul 4 2019 4:27:20.6380 PM,Jul 4 2019 4:27:20.6660 PM,.0286
Auth Check,Auth Check,[P203] aid tx bd 1 3 24 71 3 10 0 00,sendCommandChars-3,PASS,,,,,,,,,Jul 4 2019 4:27:20.6680 PM,Jul 4 2019 4:27:20.7030 PM,.0353
Auth Check,Auth Check,P203,read-7,PASS,,,,,,,,,Jul 4 2019 4:27:20.7060 PM,Jul 4 2019 4:27:20.7060 PM,.0001
Auth Check,Auth Check,P203,read-8,PASS,,,,,,,,,Jul 4 2019 4:27:20.7070 PM,Jul 4 2019 4:27:20.7370 PM,.0297
Auth Check,Auth Check,[P203] aid tx bd 1 3 24 71 3 10 0 00,sendCommandChars-4,PASS,,,,,,,,,Jul 4 2019 4:27:20.7380 PM,Jul 4 2019 4:27:20.7740 PM,.036
Auth Check,Auth Check,P203,read-9,PASS,,,,,,,,,Jul 4 2019 4:27:20.7770 PM,Jul 4 2019 4:27:20.7770 PM,.0002
Auth Check,Auth Check,P203,read-10,PASS,,,,,,,,,Jul 4 2019 4:27:20.7780 PM,Jul 4 2019 4:27:20.8070 PM,.029
Auth Check,Auth Check,[P203] aid tx bd 1 3 24 71 3 10 0 00,sendCommandChars-5,PASS,,,,,,,,,Jul 4 2019 4:27:20.8090 PM,Jul 4 2019 4:27:20.8440 PM,.0356
Auth Check,Auth Check,P203,read-11,PASS,,,,,,,,,Jul 4 2019 4:27:20.8470 PM,Jul 4 2019 4:27:20.8470 PM,.0002
Auth Check,Auth Check,P203,read-12,PASS,,,,,,,,,Jul 4 2019 4:27:20.8480 PM,Jul 4 2019 4:27:20.8760 PM,.0276
Auth Check,Auth Check,[P203] aid tx bd 2 3 24 71 3 10 0 00,sendCommandChars,PASS,,,,,,,,,Jul 4 2019 4:27:20.8770 PM,Jul 4 2019 4:27:20.9130 PM,.0358
Auth Check,Auth Check,P203,read-13,PASS,,,,,,,,,Jul 4 2019 4:27:20.9150 PM,Jul 4 2019 4:27:20.9160 PM,.0002
Auth Check,Auth Check,P203,read-14,PASS,,,,,,,,,Jul 4 2019 4:27:20.9170 PM,Jul 4 2019 4:27:20.9380 PM,.0207
Auth Check,Auth Check,P203,read-15,PASS,,,,,,,,,Jul 4 2019 4:27:20.9390 PM,Jul 4 2019 4:27:20.9680 PM,.0284
Auth Check,Auth Check,[P203] aid tx bd 3 2 24 71 3 10 8,sendCommandChars,PASS,,,,,,,,,Jul 4 2019 4:27:20.9690 PM,Jul 4 2019 4:27:21.0050 PM,.0357
Auth Check,Auth Check,1. Fetch device info,,PASS,,,,,,,,,Jul 4 2019 4:27:21.0070 PM,Jul 4 2019 4:27:21.0070 PM,0
Auth Check,Auth Check,      version: 0x07,,PASS,,,,,,,,,Jul 4 2019 4:27:21.0070 PM,Jul 4 2019 4:27:21.0070 PM,0
Auth Check,Auth Check,auth revision: 0x01,,PASS,,,,,,,,,Jul 4 2019 4:27:21.0070 PM,Jul 4 2019 4:27:21.0070 PM,0
Auth Check,Auth Check,auth protocol: 0x0300,,PASS,,,,,,,,,Jul 4 2019 4:27:21.0070 PM,Jul 4 2019 4:27:21.0070 PM,0
Auth Check,Auth Check,    device ID: 0x00000300,,PASS,,,,,,,,,Jul 4 2019 4:27:21.0070 PM,Jul 4 2019 4:27:21.0070 PM,0
Auth Check,Auth Check,P203,read-16,PASS,,,,,,,,,Jul 4 2019 4:27:21.0090 PM,Jul 4 2019 4:27:21.0090 PM,.0002
Auth Check,Auth Check,P203,read-17,PASS,,,,,,,,,Jul 4 2019 4:27:21.0100 PM,Jul 4 2019 4:27:21.0380 PM,.0278
Auth Check,Auth Check,[P203] aid tx bd 4 3 24 71 3 10 0 30,sendCommandChars,PASS,,,,,,,,,Jul 4 2019 4:27:21.0390 PM,Jul 4 2019 4:27:21.0750 PM,.0355
Auth Check,Auth Check,P203,read-18,PASS,,,,,,,,,Jul 4 2019 4:27:21.0770 PM,Jul 4 2019 4:27:21.0780 PM,.0002
Auth Check,Auth Check,P203,read-19,PASS,,,,,,,,,Jul 4 2019 4:27:21.0790 PM,Jul 4 2019 4:27:21.1080 PM,.0294
Auth Check,Auth Check,P203,read-20,PASS,,,,,,,,,Jul 4 2019 4:27:21.1100 PM,Jul 4 2019 4:27:21.1380 PM,.0283
Auth Check,Auth Check,[P203] aid tx bd 5 2 24 71 3 10 2,sendCommandChars,PASS,,,,,,,,,Jul 4 2019 4:27:21.1400 PM,Jul 4 2019 4:27:21.1740 PM,.034
Auth Check,Auth Check,2. Fetch cert length,,PASS,,,,,,,,,Jul 4 2019 4:27:21.1760 PM,Jul 4 2019 4:27:21.1760 PM,0
Auth Check,Auth Check,P203,read-21,PASS,,,,,,,,,Jul 4 2019 4:27:21.1770 PM,Jul 4 2019 4:27:21.1770 PM,.0002
Auth Check,Auth Check,P203,read-22,PASS,,,,,,,,,Jul 4 2019 4:27:21.1780 PM,Jul 4 2019 4:27:21.2080 PM,.03
Auth Check,Auth Check,[P203] aid tx bd 6 3 24 71 3 10 0 31,sendCommandChars,PASS,,,,,,,,,Jul 4 2019 4:27:21.2100 PM,Jul 4 2019 4:27:21.2450 PM,.0348
Auth Check,Auth Check,P203,read-23,PASS,,,,,,,,,Jul 4 2019 4:27:21.2470 PM,Jul 4 2019 4:27:21.2470 PM,.0002
Auth Check,Auth Check,P203,read-24,PASS,,,,,,,,,Jul 4 2019 4:27:21.2490 PM,Jul 4 2019 4:27:21.2770 PM,.028
Auth Check,Auth Check,P203,read-25,PASS,,,,,,,,,Jul 4 2019 4:27:21.2780 PM,Jul 4 2019 4:27:21.2990 PM,.0205
Auth Check,Auth Check,[P203] aid tx bd 7 2 24 71 3 10 23,sendCommandChars,PASS,,,,,,,,,Jul 4 2019 4:27:21.3000 PM,Jul 4 2019 4:27:21.3380 PM,.0372
Auth Check,Auth Check,P203,read-26,PASS,,,,,,,,,Jul 4 2019 4:27:21.3400 PM,Jul 4 2019 4:27:21.3410 PM,.0002
Auth Check,Auth Check,P203,read-27,PASS,,,,,,,,,Jul 4 2019 4:27:21.3420 PM,Jul 4 2019 4:27:21.3690 PM,.0275
Auth Check,Auth Check,P203,read-28,PASS,,,,,,,,,Jul 4 2019 4:27:21.3710 PM,Jul 4 2019 4:27:21.3990 PM,.0283
Auth Check,Auth Check,[P203] aid tx bd 8 2 24 71 3 10 23,sendCommandChars,PASS,,,,,,,,,Jul 4 2019 4:27:21.4010 PM,Jul 4 2019 4:27:21.4370 PM,.0356
Auth Check,Auth Check,P203,read-29,PASS,,,,,,,,,Jul 4 2019 4:27:21.4390 PM,Jul 4 2019 4:27:21.4390 PM,.0002
Auth Check,Auth Check,P203,read-30,PASS,,,,,,,,,Jul 4 2019 4:27:21.4400 PM,Jul 4 2019 4:27:21.4700 PM,.0294
Auth Check,Auth Check,P203,read-31,PASS,,,,,,,,,Jul 4 2019 4:27:21.4720 PM,Jul 4 2019 4:27:21.4960 PM,.0241
Auth Check,Auth Check,[P203] aid tx bd 9 2 24 71 3 10 23,sendCommandChars,PASS,,,,,,,,,Jul 4 2019 4:27:21.4970 PM,Jul 4 2019 4:27:21.5330 PM,.0353
Auth Check,Auth Check,P203,read-32,PASS,,,,,,,,,Jul 4 2019 4:27:21.5360 PM,Jul 4 2019 4:27:21.5360 PM,.0001
Auth Check,Auth Check,P203,read-33,PASS,,,,,,,,,Jul 4 2019 4:27:21.5370 PM,Jul 4 2019 4:27:21.5600 PM,.0229
Auth Check,Auth Check,P203,read-34,PASS,,,,,,,,,Jul 4 2019 4:27:21.5620 PM,Jul 4 2019 4:27:21.5900 PM,.0284
Auth Check,Auth Check,[P203] aid tx bd a 2 24 71 3 10 17,sendCommandChars,PASS,,,,,,,,,Jul 4 2019 4:27:21.5920 PM,Jul 4 2019 4:27:21.6280 PM,.0359
Auth Check,Auth Check,P203,read-35,PASS,,,,,,,,,Jul 4 2019 4:27:21.6310 PM,Jul 4 2019 4:27:21.6310 PM,.0001
Auth Check,Auth Check,P203,read-36,PASS,,,,,,,,,Jul 4 2019 4:27:21.6320 PM,Jul 4 2019 4:27:21.6610 PM,.0284
Auth Check,Auth Check,[P203] aid tx bd b 3 24 71 3 10 0 32,sendCommandChars,PASS,,,,,,,,,Jul 4 2019 4:27:21.6620 PM,Jul 4 2019 4:27:21.6960 PM,.0345
Auth Check,Auth Check,P203,read-37,PASS,,,,,,,,,Jul 4 2019 4:27:21.6990 PM,Jul 4 2019 4:27:21.6990 PM,.0001
Auth Check,Auth Check,P203,read-38,PASS,,,,,,,,,Jul 4 2019 4:27:21.7000 PM,Jul 4 2019 4:27:21.7280 PM,.0279
Auth Check,Auth Check,P203,read-39,PASS,,,,,,,,,Jul 4 2019 4:27:21.7300 PM,Jul 4 2019 4:27:21.7510 PM,.0206
Auth Check,Auth Check,[P203] aid tx bd c 2 24 71 3 10 23,sendCommandChars,PASS,,,,,,,,,Jul 4 2019 4:27:21.7520 PM,Jul 4 2019 4:27:21.7880 PM,.0361
Auth Check,Auth Check,P203,read-40,PASS,,,,,,,,,Jul 4 2019 4:27:21.7910 PM,Jul 4 2019 4:27:21.7910 PM,.0001
Auth Check,Auth Check,P203,read-41,PASS,,,,,,,,,Jul 4 2019 4:27:21.7920 PM,Jul 4 2019 4:27:21.8210 PM,.0289
Auth Check,Auth Check,P203,read-42,PASS,,,,,,,,,Jul 4 2019 4:27:21.8230 PM,Jul 4 2019 4:27:21.8510 PM,.0283
Auth Check,Auth Check,[P203] aid tx bd d 2 24 71 3 10 23,sendCommandChars,PASS,,,,,,,,,Jul 4 2019 4:27:21.8530 PM,Jul 4 2019 4:27:21.8870 PM,.0345
Auth Check,Auth Check,P203,read-43,PASS,,,,,,,,,Jul 4 2019 4:27:21.8900 PM,Jul 4 2019 4:27:21.8900 PM,.0001
Auth Check,Auth Check,P203,read-44,PASS,,,,,,,,,Jul 4 2019 4:27:21.8910 PM,Jul 4 2019 4:27:21.9220 PM,.0302
Auth Check,Auth Check,P203,read-45,PASS,,,,,,,,,Jul 4 2019 4:27:21.9240 PM,Jul 4 2019 4:27:21.9520 PM,.0283
Auth Check,Auth Check,[P203] aid tx bd e 2 24 71 3 10 23,sendCommandChars,PASS,,,,,,,,,Jul 4 2019 4:27:21.9530 PM,Jul 4 2019 4:27:21.9880 PM,.0348
Auth Check,Auth Check,P203,read-46,PASS,,,,,,,,,Jul 4 2019 4:27:21.9910 PM,Jul 4 2019 4:27:21.9910 PM,.0002
Auth Check,Auth Check,P203,read-47,PASS,,,,,,,,,Jul 4 2019 4:27:21.9920 PM,Jul 4 2019 4:27:22.0200 PM,.028
Auth Check,Auth Check,P203,read-48,PASS,,,,,,,,,Jul 4 2019 4:27:22.0220 PM,Jul 4 2019 4:27:22.0480 PM,.0258
Auth Check,Auth Check,[P203] aid tx bd f 2 24 71 3 10 17,sendCommandChars,PASS,,,,,,,,,Jul 4 2019 4:27:22.0490 PM,Jul 4 2019 4:27:22.0850 PM,.0359
Auth Check,Auth Check,P203,read-49,PASS,,,,,,,,,Jul 4 2019 4:27:22.0880 PM,Jul 4 2019 4:27:22.0880 PM,.0001
Auth Check,Auth Check,P203,read-50,PASS,,,,,,,,,Jul 4 2019 4:27:22.0900 PM,Jul 4 2019 4:27:22.1130 PM,.0238
Auth Check,Auth Check,[P203] aid tx bd 10 3 24 71 3 10 0 33,sendCommandChars,PASS,,,,,,,,,Jul 4 2019 4:27:22.1150 PM,Jul 4 2019 4:27:22.1510 PM,.0365
Auth Check,Auth Check,P203,read-51,PASS,,,,,,,,,Jul 4 2019 4:27:22.1540 PM,Jul 4 2019 4:27:22.1540 PM,.0001
Auth Check,Auth Check,P203,read-52,PASS,,,,,,,,,Jul 4 2019 4:27:22.1550 PM,Jul 4 2019 4:27:22.1800 PM,.0248
Auth Check,Auth Check,P203,read-53,PASS,,,,,,,,,Jul 4 2019 4:27:22.1820 PM,Jul 4 2019 4:27:22.2060 PM,.0239
Auth Check,Auth Check,[P203] aid tx bd 11 2 24 71 3 10 23,sendCommandChars,PASS,,,,,,,,,Jul 4 2019 4:27:22.2070 PM,Jul 4 2019 4:27:22.2430 PM,.0359
Auth Check,Auth Check,P203,read-54,PASS,,,,,,,,,Jul 4 2019 4:27:22.2460 PM,Jul 4 2019 4:27:22.2460 PM,.0001
Auth Check,Auth Check,P203,read-55,PASS,,,,,,,,,Jul 4 2019 4:27:22.2470 PM,Jul 4 2019 4:27:22.2730 PM,.0262
Auth Check,Auth Check,P203,read-56,PASS,,,,,,,,,Jul 4 2019 4:27:22.2750 PM,Jul 4 2019 4:27:22.3030 PM,.0282
Auth Check,Auth Check,[P203] aid tx bd 12 2 24 71 3 10 23,sendCommandChars,PASS,,,,,,,,,Jul 4 2019 4:27:22.3050 PM,Jul 4 2019 4:27:22.3410 PM,.0365
Auth Check,Auth Check,P203,read-57,PASS,,,,,,,,,Jul 4 2019 4:27:22.3440 PM,Jul 4 2019 4:27:22.3440 PM,.0001
Auth Check,Auth Check,P203,read-58,PASS,,,,,,,,,Jul 4 2019 4:27:22.3450 PM,Jul 4 2019 4:27:22.3740 PM,.0285
Auth Check,Auth Check,P203,read-59,PASS,,,,,,,,,Jul 4 2019 4:27:22.3750 PM,Jul 4 2019 4:27:22.4040 PM,.0282
Auth Check,Auth Check,[P203] aid tx bd 13 2 24 71 3 10 23,sendCommandChars,PASS,,,,,,,,,Jul 4 2019 4:27:22.4050 PM,Jul 4 2019 4:27:22.4410 PM,.036
Auth Check,Auth Check,P203,read-60,PASS,,,,,,,,,Jul 4 2019 4:27:22.4440 PM,Jul 4 2019 4:27:22.4440 PM,.0002
Auth Check,Auth Check,P203,read-61,PASS,,,,,,,,,Jul 4 2019 4:27:22.4450 PM,Jul 4 2019 4:27:22.4740 PM,.0287
Auth Check,Auth Check,P203,read-62,PASS,,,,,,,,,Jul 4 2019 4:27:22.4760 PM,Jul 4 2019 4:27:22.5040 PM,.0284
Auth Check,Auth Check,[P203] aid tx bd 14 2 24 71 3 10 17,sendCommandChars,PASS,,,,,,,,,Jul 4 2019 4:27:22.5050 PM,Jul 4 2019 4:27:22.5420 PM,.0365
Auth Check,Auth Check,P203,read-63,PASS,,,,,,,,,Jul 4 2019 4:27:22.5450 PM,Jul 4 2019 4:27:22.5450 PM,.0001
Auth Check,Auth Check,P203,read-64,PASS,,,,,,,,,Jul 4 2019 4:27:22.5460 PM,Jul 4 2019 4:27:22.5740 PM,.0278
Auth Check,Auth Check,[P203] aid tx bd 15 3 24 71 3 10 0 34,sendCommandChars,PASS,,,,,,,,,Jul 4 2019 4:27:22.5760 PM,Jul 4 2019 4:27:22.6120 PM,.0361
Auth Check,Auth Check,P203,read-65,PASS,,,,,,,,,Jul 4 2019 4:27:22.6150 PM,Jul 4 2019 4:27:22.6150 PM,.0001
Auth Check,Auth Check,P203,read-66,PASS,,,,,,,,,Jul 4 2019 4:27:22.6160 PM,Jul 4 2019 4:27:22.6450 PM,.0288
Auth Check,Auth Check,P203,read-67,PASS,,,,,,,,,Jul 4 2019 4:27:22.6470 PM,Jul 4 2019 4:27:22.6750 PM,.0283
Auth Check,Auth Check,[P203] aid tx bd 16 2 24 71 3 10 23,sendCommandChars,PASS,,,,,,,,,Jul 4 2019 4:27:22.6760 PM,Jul 4 2019 4:27:22.7130 PM,.0366
Auth Check,Auth Check,P203,read-68,PASS,,,,,,,,,Jul 4 2019 4:27:22.7150 PM,Jul 4 2019 4:27:22.7160 PM,.0002
Auth Check,Auth Check,P203,read-69,PASS,,,,,,,,,Jul 4 2019 4:27:22.7170 PM,Jul 4 2019 4:27:22.7450 PM,.0284
Auth Check,Auth Check,P203,read-70,PASS,,,,,,,,,Jul 4 2019 4:27:22.7470 PM,Jul 4 2019 4:27:22.7750 PM,.0283
Auth Check,Auth Check,[P203] aid tx bd 17 2 24 71 3 10 23,sendCommandChars,PASS,,,,,,,,,Jul 4 2019 4:27:22.7770 PM,Jul 4 2019 4:27:22.8130 PM,.0359
Auth Check,Auth Check,P203,read-71,PASS,,,,,,,,,Jul 4 2019 4:27:22.8150 PM,Jul 4 2019 4:27:22.8160 PM,.0002
Auth Check,Auth Check,P203,read-72,PASS,,,,,,,,,Jul 4 2019 4:27:22.8170 PM,Jul 4 2019 4:27:22.8450 PM,.0276
Auth Check,Auth Check,P203,read-73,PASS,,,,,,,,,Jul 4 2019 4:27:22.8460 PM,Jul 4 2019 4:27:22.8710 PM,.0243
Auth Check,Auth Check,[P203] aid tx bd 18 2 24 71 3 10 23,sendCommandChars,PASS,,,,,,,,,Jul 4 2019 4:27:22.8720 PM,Jul 4 2019 4:27:22.9090 PM,.0365
Auth Check,Auth Check,P203,read-74,PASS,,,,,,,,,Jul 4 2019 4:27:22.9110 PM,Jul 4 2019 4:27:22.9120 PM,.0001
Auth Check,Auth Check,P203,read-75,PASS,,,,,,,,,Jul 4 2019 4:27:22.9130 PM,Jul 4 2019 4:27:22.9360 PM,.0231
Auth Check,Auth Check,P203,read-76,PASS,,,,,,,,,Jul 4 2019 4:27:22.9380 PM,Jul 4 2019 4:27:22.9660 PM,.0284
Auth Check,Auth Check,[P203] aid tx bd 19 2 24 71 3 10 17,sendCommandChars,PASS,,,,,,,,,Jul 4 2019 4:27:22.9670 PM,Jul 4 2019 4:27:23.0040 PM,.036
Auth Check,Auth Check,P203,read-77,PASS,,,,,,,,,Jul 4 2019 4:27:23.0070 PM,Jul 4 2019 4:27:23.0070 PM,.0001
Auth Check,Auth Check,P203,read-78,PASS,,,,,,,,,Jul 4 2019 4:27:23.0080 PM,Jul 4 2019 4:27:23.0360 PM,.0283
Auth Check,Auth Check,[P203] aid tx bd 1a 3 24 71 3 10 0 35,sendCommandChars,PASS,,,,,,,,,Jul 4 2019 4:27:23.0380 PM,Jul 4 2019 4:27:23.0730 PM,.0356
Auth Check,Auth Check,P203,read-79,PASS,,,,,,,,,Jul 4 2019 4:27:23.0760 PM,Jul 4 2019 4:27:23.0760 PM,.0002
Auth Check,Auth Check,P203,read-80,PASS,,,,,,,,,Jul 4 2019 4:27:23.0770 PM,Jul 4 2019 4:27:23.1070 PM,.0296
Auth Check,Auth Check,P203,read-81,PASS,,,,,,,,,Jul 4 2019 4:27:23.1090 PM,Jul 4 2019 4:27:23.1370 PM,.0283
Auth Check,Auth Check,[P203] aid tx bd 1b 2 24 71 3 10 23,sendCommandChars,PASS,,,,,,,,,Jul 4 2019 4:27:23.1380 PM,Jul 4 2019 4:27:23.1740 PM,.0362
Auth Check,Auth Check,P203,read-82,PASS,,,,,,,,,Jul 4 2019 4:27:23.1770 PM,Jul 4 2019 4:27:23.1770 PM,.0001
Auth Check,Auth Check,P203,read-83,PASS,,,,,,,,,Jul 4 2019 4:27:23.1780 PM,Jul 4 2019 4:27:23.2070 PM,.0287
Auth Check,Auth Check,P203,read-84,PASS,,,,,,,,,Jul 4 2019 4:27:23.2090 PM,Jul 4 2019 4:27:23.2360 PM,.0269
Auth Check,Auth Check,[P203] aid tx bd 1c 2 24 71 3 10 23,sendCommandChars,PASS,,,,,,,,,Jul 4 2019 4:27:23.2380 PM,Jul 4 2019 4:27:23.2730 PM,.0357
Auth Check,Auth Check,P203,read-85,PASS,,,,,,,,,Jul 4 2019 4:27:23.2760 PM,Jul 4 2019 4:27:23.2760 PM,.0001
Auth Check,Auth Check,P203,read-86,PASS,,,,,,,,,Jul 4 2019 4:27:23.2770 PM,Jul 4 2019 4:27:23.3080 PM,.0304
Auth Check,Auth Check,P203,read-87,PASS,,,,,,,,,Jul 4 2019 4:27:23.3090 PM,Jul 4 2019 4:27:23.3340 PM,.0243
Auth Check,Auth Check,[P203] aid tx bd 1d 2 24 71 3 10 1b,sendCommandChars,PASS,,,,,,,,,Jul 4 2019 4:27:23.3350 PM,Jul 4 2019 4:27:23.3710 PM,.0359
Auth Check,Auth Check,3. Fetch cert,,PASS,,,,,,,,,Jul 4 2019 4:27:23.3730 PM,Jul 4 2019 4:27:23.3730 PM,0
Auth Check,Auth Check,IOFileHandle,writeCertFile,PASS,,,,,,,,,Jul 4 2019 4:27:23.3760 PM,Jul 4 2019 4:27:23.3820 PM,.0063
Auth Check,Auth Check,4. Save cert,,PASS,,,,,,,,,Jul 4 2019 4:27:23.3830 PM,Jul 4 2019 4:27:23.3830 PM,0
Auth Check,Auth Check,[HID] /usr/local/bin/mfi-cert validate-cert v3 /Users/gdlocal/Intelli_Log/cert.der,,PASS,,,,,,,,,Jul 4 2019 4:27:23.4210 PM,Jul 4 2019 4:27:23.4210 PM,0
Auth Check,Auth Check,5. Validate cert,,PASS,,,,,,,,,Jul 4 2019 4:27:23.4210 PM,Jul 4 2019 4:27:23.4210 PM,0
Auth Check,Auth Check,[HID] /usr/local/bin/mfi-cert gen-challenge /Users/gdlocal/Intelli_Log/cert.der /Users/gdlocal/Intelli_Log/challenge.bin,,PASS,,,,,,,,,Jul 4 2019 4:27:23.4550 PM,Jul 4 2019 4:27:23.4550 PM,0
Auth Check,Auth Check,6. Generate challenge,,PASS,,,,,,,,,Jul 4 2019 4:27:23.4560 PM,Jul 4 2019 4:27:23.4560 PM,0
Auth Check,Auth Check,P203,read-88,PASS,,,,,,,,,Jul 4 2019 4:27:23.4640 PM,Jul 4 2019 4:27:23.4640 PM,.0002
Auth Check,Auth Check,P203,read-89,PASS,,,,,,,,,Jul 4 2019 4:27:23.4650 PM,Jul 4 2019 4:27:23.4880 PM,.0226
Auth Check,Auth Check,[P203] aid tx bd 1e 5 24 71 3 10 0 20 00 20,sendCommandChars,PASS,,,,,,,,,Jul 4 2019 4:27:23.4890 PM,Jul 4 2019 4:27:23.5280 PM,.0386
Auth Check,Auth Check,P203,read-90,PASS,,,,,,,,,Jul 4 2019 4:27:23.5320 PM,Jul 4 2019 4:27:23.5320 PM,.0002
Auth Check,Auth Check,P203,read-91,PASS,,,,,,,,,Jul 4 2019 4:27:23.5330 PM,Jul 4 2019 4:27:23.5580 PM,.0247
Auth Check,Auth Check,[P203] aid tx bd 1f 23 24 71 3 10 0 21 18 ab c8 1a 4f 98 5a 1e 00 e7 52 4f 7d 15 8b 47 93 f1 86 22 c5 1a 5e 39 67 28 db e9 73 6e 77 82,sendCommandChars,PASS,,,,,,,,,Jul 4 2019 4:27:23.5600 PM,Jul 4 2019 4:27:23.6280 PM,.0685
Auth Check,Auth Check,P203,read-92,PASS,,,,,,,,,Jul 4 2019 4:27:23.6310 PM,Jul 4 2019 4:27:23.6310 PM,.0002
Auth Check,Auth Check,P203,read-93,PASS,,,,,,,,,Jul 4 2019 4:27:23.6320 PM,Jul 4 2019 4:27:23.6580 PM,.0259
Auth Check,Auth Check,[P203] aid tx bd 20 4 24 71 3 10 0 10 01,sendCommandChars,PASS,,,,,,,,,Jul 4 2019 4:27:23.6600 PM,Jul 4 2019 4:27:23.6970 PM,.0371
Auth Check,Auth Check,P203,read-94,PASS,,,,,,,,,Jul 4 2019 4:27:24.2740 PM,Jul 4 2019 4:27:24.2740 PM,.0002
Auth Check,Auth Check,P203,read-95,PASS,,,,,,,,,Jul 4 2019 4:27:24.2750 PM,Jul 4 2019 4:27:24.2980 PM,.0229
Auth Check,Auth Check,[P203] aid tx bd 21 3 24 71 3 10 0 10,sendCommandChars,PASS,,,,,,,,,Jul 4 2019 4:27:24.2990 PM,Jul 4 2019 4:27:24.3350 PM,.0354
Auth Check,Auth Check,P203,read-96,PASS,,,,,,,,,Jul 4 2019 4:27:24.3370 PM,Jul 4 2019 4:27:24.3370 PM,.0001
Auth Check,Auth Check,P203,read-97,PASS,,,,,,,,,Jul 4 2019 4:27:24.3380 PM,Jul 4 2019 4:27:24.3620 PM,.0236
Auth Check,Auth Check,P203,read-98,PASS,,,,,,,,,Jul 4 2019 4:27:24.3640 PM,Jul 4 2019 4:27:24.3920 PM,.0282
Auth Check,Auth Check,[P203] aid tx bd 22 2 24 71 3 10 1,sendCommandChars,PASS,,,,,,,,,Jul 4 2019 4:27:24.3940 PM,Jul 4 2019 4:27:24.4290 PM,.0355
Auth Check,Auth Check,7. Send challenge,,PASS,,,,,,,,,Jul 4 2019 4:27:24.4310 PM,Jul 4 2019 4:27:24.4310 PM,0
Auth Check,Auth Check,P203,read-99,PASS,,,,,,,,,Jul 4 2019 4:27:24.4330 PM,Jul 4 2019 4:27:24.4330 PM,.0001
Auth Check,Auth Check,P203,read-100,PASS,,,,,,,,,Jul 4 2019 4:27:24.4340 PM,Jul 4 2019 4:27:24.4620 PM,.0284
Auth Check,Auth Check,[P203] aid tx bd 23 3 24 71 3 10 0 11,sendCommandChars,PASS,,,,,,,,,Jul 4 2019 4:27:24.4640 PM,Jul 4 2019 4:27:24.4990 PM,.0354
Auth Check,Auth Check,P203,read-101,PASS,,,,,,,,,Jul 4 2019 4:27:24.5020 PM,Jul 4 2019 4:27:24.5020 PM,.0001
Auth Check,Auth Check,P203,read-102,PASS,,,,,,,,,Jul 4 2019 4:27:24.5030 PM,Jul 4 2019 4:27:24.5240 PM,.0208
Auth Check,Auth Check,P203,read-103,PASS,,,,,,,,,Jul 4 2019 4:27:24.5260 PM,Jul 4 2019 4:27:24.5530 PM,.027
Auth Check,Auth Check,[P203] aid tx bd 24 2 24 71 3 10 2,sendCommandChars,PASS,,,,,,,,,Jul 4 2019 4:27:24.5540 PM,Jul 4 2019 4:27:24.5890 PM,.0349
Auth Check,Auth Check,P203,read-104,PASS,,,,,,,,,Jul 4 2019 4:27:24.5930 PM,Jul 4 2019 4:27:24.5930 PM,.0001
Auth Check,Auth Check,P203,read-105,PASS,,,,,,,,,Jul 4 2019 4:27:24.5940 PM,Jul 4 2019 4:27:24.6230 PM,.0293
Auth Check,Auth Check,[P203] aid tx bd 25 3 24 71 3 10 0 12,sendCommandChars,PASS,,,,,,,,,Jul 4 2019 4:27:24.6250 PM,Jul 4 2019 4:27:24.6600 PM,.0355
Auth Check,Auth Check,P203,read-106,PASS,,,,,,,,,Jul 4 2019 4:27:24.6630 PM,Jul 4 2019 4:27:24.6630 PM,.0002
Auth Check,Auth Check,P203,read-107,PASS,,,,,,,,,Jul 4 2019 4:27:24.6640 PM,Jul 4 2019 4:27:24.6930 PM,.0295
Auth Check,Auth Check,P203,read-108,PASS,,,,,,,,,Jul 4 2019 4:27:24.6950 PM,Jul 4 2019 4:27:24.7240 PM,.0283
Auth Check,Auth Check,[P203] aid tx bd 26 2 24 71 3 10 23,sendCommandChars,PASS,,,,,,,,,Jul 4 2019 4:27:24.7250 PM,Jul 4 2019 4:27:24.7600 PM,.0349
Auth Check,Auth Check,P203,read-109,PASS,,,,,,,,,Jul 4 2019 4:27:24.7630 PM,Jul 4 2019 4:27:24.7630 PM,.0001
Auth Check,Auth Check,P203,read-110,PASS,,,,,,,,,Jul 4 2019 4:27:24.7640 PM,Jul 4 2019 4:27:24.7940 PM,.0299
Auth Check,Auth Check,P203,read-111,PASS,,,,,,,,,Jul 4 2019 4:27:24.7960 PM,Jul 4 2019 4:27:24.8240 PM,.0282
Auth Check,Auth Check,[P203] aid tx bd 27 2 24 71 3 10 1d,sendCommandChars,PASS,,,,,,,,,Jul 4 2019 4:27:24.8250 PM,Jul 4 2019 4:27:24.8610 PM,.0357
Auth Check,Auth Check,IOFileHandle,writeCertFile-2,PASS,,,,,,,,,Jul 4 2019 4:27:24.8640 PM,Jul 4 2019 4:27:24.8660 PM,.0016
Auth Check,Auth Check,8. Get challenge response,,PASS,,,,,,,,,Jul 4 2019 4:27:24.8660 PM,Jul 4 2019 4:27:24.8660 PM,0
Auth Check,Auth Check,[HID] /usr/local/bin/mfi-cert verify-response /Users/gdlocal/Intelli_Log/cert.der /Users/gdlocal/Intelli_Log/challenge.bin /Users/gdlocal/Intelli_Log/challenge_resp.bin,,PASS,,,,,,,,,Jul 4 2019 4:27:24.9260 PM,Jul 4 2019 4:27:24.9260 PM,0
Auth Check,Auth Check,9. Verify challenge response,,PASS,,,,,,,,,Jul 4 2019 4:27:24.9260 PM,Jul 4 2019 4:27:24.9260 PM,0
Query MLB SN,,,,,,,,,,,,,Jul 4 2019 4:27:24.9320 PM,Jul 4 2019 4:27:24.9330 PM,.0005
Query MLB SN,Query MLB SN,Query MLB SN,DLX92460084N4731W,PASS,,,,,,,,,Jul 4 2019 4:27:24.9330 PM,Jul 4 2019 4:27:24.9330 PM,0
Read MLB SN,,,,,,,,,,,,,Jul 4 2019 4:27:24.9340 PM,Jul 4 2019 4:27:28.4260 PM,3.4917
Read MLB SN,Read MLB SN,[Hid] /usr/local/bin/hidreport -v 0x05ac -p 0x026F -i 0 get 0x12,,PASS,,,,,,,,,Jul 4 2019 4:27:28.0460 PM,Jul 4 2019 4:27:28.0460 PM,0
Read MLB SN,Read MLB SN,IOFileHandle,writeToFile,PASS,,,,,,,,,Jul 4 2019 4:27:28.0470 PM,Jul 4 2019 4:27:28.0470 PM,.0002
Read MLB SN,Read MLB SN,Read MLB SN,DLX92460084N4731W,PASS,,,,,,,,,Jul 4 2019 4:27:28.4260 PM,Jul 4 2019 4:27:28.4260 PM,0
Check MLB SN,,,,,,,,,,,,,Jul 4 2019 4:27:28.4280 PM,Jul 4 2019 4:27:28.4280 PM,.0004
Check MLB SN,Check MLB SN,Check MLB SN,,PASS,,,,,,,,,Jul 4 2019 4:27:28.4280 PM,Jul 4 2019 4:27:28.4280 PM,0
Read Main FW Version Before DL,,,,,,,,,,,,,Jul 4 2019 4:27:28.4300 PM,Jul 4 2019 4:27:28.8550 PM,.4249
Read Main FW Version Before DL,Read Main FW Version Before DL,[Hid] /usr/local/bin/hidreport -p 0x026F -i 0 get 0xB4,,PASS,,,,,,,,,Jul 4 2019 4:27:28.4800 PM,Jul 4 2019 4:27:28.4800 PM,0
Read Main FW Version Before DL,Read Main FW Version Before DL,IOFileHandle,writeToFile,PASS,,,,,,,,,Jul 4 2019 4:27:28.4820 PM,Jul 4 2019 4:27:28.4830 PM,.0003
Read Main FW Version Before DL,Read Main FW Version Before DL,Read FW Version Before DL,0x80,PASS,,,,,,,,,Jul 4 2019 4:27:28.8540 PM,Jul 4 2019 4:27:28.8540 PM,0
Read Main FW Version Before DL,Read Main FW Version Before DL,Read FW Version Before DL,,PASS,,128,NA,,,,,NA,Jul 4 2019 4:27:28.8550 PM,Jul 4 2019 4:27:28.8550 PM,0
Program MTFW,,,,,,,,,,,,,Jul 4 2019 4:27:28.8570 PM,Jul 4 2019 4:27:29.2770 PM,.4199
Program MTFW,Program MTFW,[Hid] /usr/local/bin/hidreport -p 0x026F -i 0 get 0xbb,,PASS,,,,,,,,,Jul 4 2019 4:27:28.9070 PM,Jul 4 2019 4:27:28.9070 PM,0
Program MTFW,Program MTFW,IOFileHandle,writeToFile,PASS,,,,,,,,,Jul 4 2019 4:27:28.9090 PM,Jul 4 2019 4:27:28.9090 PM,.0002
Program MTFW,Program MTFW,"Skip download: already contain Touch FW, version: 0x0497",,PASS,,,,,,,,,Jul 4 2019 4:27:29.2770 PM,Jul 4 2019 4:27:29.2770 PM,0
Program Main FW,,,,,,,,,,,,,Jul 4 2019 4:27:29.2790 PM,Jul 4 2019 4:28:48.9180 PM,79.6391
Program Main FW,Program Main FW,[Hid] /usr/local/bin/hidreport -p 0x026F -i 0 get 0xBC,,PASS,,,,,,,,,Jul 4 2019 4:27:30.3980 PM,Jul 4 2019 4:27:30.3980 PM,0
Program Main FW,Program Main FW,IOFileHandle,writeToFile,PASS,,,,,,,,,Jul 4 2019 4:27:30.4000 PM,Jul 4 2019 4:27:30.4000 PM,.0001
Program Main FW,Program Main FW,[Hid] /usr/local/bin/shfuc -n -v 0x05ac -p 0x026F -f /usr/local/bin/R128-v0x0080-dev-signed.128.P1.afu,,PASS,,,,,,,,,Jul 4 2019 4:28:37.1560 PM,Jul 4 2019 4:28:37.1560 PM,0
Program Main FW,Program Main FW,IOFileHandle,writeToFile-2,PASS,,,,,,,,,Jul 4 2019 4:28:37.1580 PM,Jul 4 2019 4:28:37.1580 PM,.0002
Program Main FW,Program Main FW,ProgramMainFW,,PASS,,,,,,,,,Jul 4 2019 4:28:37.5360 PM,Jul 4 2019 4:28:37.5360 PM,0
Program Main FW,Program Main FW,"[rpc] myiocontrol_set_Bit(24,0)",,PASS,,,,,,,,,Jul 4 2019 4:28:40.6110 PM,Jul 4 2019 4:28:40.6180 PM,.0068
Program Main FW,Program Main FW,"[rpc] myiocontrol_set_Bit(25,0)",,PASS,,,,,,,,,Jul 4 2019 4:28:41.6870 PM,Jul 4 2019 4:28:41.6930 PM,.0064
Program Main FW,Program Main FW,"[rpc] myiocontrol_set_Bit(24,1)",,PASS,,,,,,,,,Jul 4 2019 4:28:44.7690 PM,Jul 4 2019 4:28:44.7760 PM,.0068
Program Main FW,Program Main FW,"[rpc] myiocontrol_set_Bit(25,1)",,PASS,,,,,,,,,Jul 4 2019 4:28:45.8450 PM,Jul 4 2019 4:28:45.8520 PM,.007
Read Main FW Version After DL,,,,,,,,,,,,,Jul 4 2019 4:28:48.9200 PM,Jul 4 2019 4:28:49.3400 PM,.4201
Read Main FW Version After DL,Read Main FW Version After DL,[Hid] /usr/local/bin/hidreport -p 0x026F -i 0 get 0xb4,,PASS,,,,,,,,,Jul 4 2019 4:28:48.9690 PM,Jul 4 2019 4:28:48.9690 PM,0
Read Main FW Version After DL,Read Main FW Version After DL,IOFileHandle,writeToFile,PASS,,,,,,,,,Jul 4 2019 4:28:48.9700 PM,Jul 4 2019 4:28:48.9700 PM,.0002
Read Main FW Version After DL,Read Main FW Version After DL,Read FW Version After DL,,PASS,,,,,,,,,Jul 4 2019 4:28:49.3400 PM,Jul 4 2019 4:28:49.3400 PM,0
Read Main FW Version After DL,Read Main FW Version After DL,Read FW Version After DL-2,,PASS,,128,NA,128,128,,,NA,Jul 4 2019 4:28:49.3400 PM,Jul 4 2019 4:28:49.3400 PM,0
Touch FW,,,,,,,,,,,,,Jul 4 2019 4:28:49.3420 PM,Jul 4 2019 4:28:49.7620 PM,.4198
Touch FW,Touch FW,[Hid] /usr/local/bin/hidreport -p 0x026F -i 0 get 0xbb,,PASS,,,,,,,,,Jul 4 2019 4:28:49.3880 PM,Jul 4 2019 4:28:49.3880 PM,0
Touch FW,Touch FW,IOFileHandle,writeToFile,PASS,,,,,,,,,Jul 4 2019 4:28:49.3890 PM,Jul 4 2019 4:28:49.3890 PM,.0002
Touch FW,Touch FW,Touch FW,,PASS,,,,,,,,,Jul 4 2019 4:28:49.7620 PM,Jul 4 2019 4:28:49.7620 PM,0
