Test,Plugin,Command,Status,Info,Start Time,End Time,Duration (s)
Scan SN,com.apple.hwte.atlas.AppPlugin,show-form,PASS,,Jul 4 2019 4:27:00.5250 PM,Jul 4 2019 4:27:02.6030 PM,2.0776
Get SFC Info,SFCSupport,getAttribute,PASS,,Jul 4 2019 4:27:02.6080 PM,Jul 4 2019 4:27:02.6370 PM,.0288
Get SFC Info,SFCSupport,getAttribute,PASS,,Jul 4 2019 4:27:02.6390 PM,Jul 4 2019 4:27:02.6440 PM,.0046
Get SFC Info,SFCSupport,getAttribute,PASS,,Jul 4 2019 4:27:02.6460 PM,Jul 4 2019 4:27:02.6490 PM,.0036
Get SFC Info,SFCSupport,getAttribute,PASS,,Jul 4 2019 4:27:02.6510 PM,Jul 4 2019 4:27:02.6550 PM,.0039
Endpoint init,rpcCall,RPCSendAndGet,PASS,,Jul 4 2019 4:27:02.6700 PM,Jul 4 2019 4:27:02.6750 PM,.0051
Endpoint init,rpcCall,RPCSendAndGet,PASS,,Jul 4 2019 4:27:05.7490 PM,Jul 4 2019 4:27:05.7540 PM,.0045
Endpoint init,rpcCall,RPCSendAndGet,PASS,,Jul 4 2019 4:27:08.7560 PM,Jul 4 2019 4:27:08.7630 PM,.0072
Endpoint init,rpcCall,RPCSendAndGet,PASS,,Jul 4 2019 4:27:08.7710 PM,Jul 4 2019 4:27:08.7780 PM,.0072
Endpoint init,IOFileHandle,writeToFile,PASS,,Jul 4 2019 4:27:11.8870 PM,Jul 4 2019 4:27:11.8870 PM,.0005
Endpoint init,IOFileHandle,writeToFile,PASS,,Jul 4 2019 4:27:12.3070 PM,Jul 4 2019 4:27:12.3070 PM,.0002
Endpoint init,rpcCall,RPCSendAndGet,PASS,,Jul 4 2019 4:27:12.6790 PM,Jul 4 2019 4:27:12.6860 PM,.0066
Endpoint init,rpcCall,RPCSendAndGet,PASS,,Jul 4 2019 4:27:12.6870 PM,Jul 4 2019 4:27:12.6940 PM,.0065
Endpoint init,rpcCall,RPCSendAndGet,PASS,,Jul 4 2019 4:27:12.6950 PM,Jul 4 2019 4:27:12.6990 PM,.0044
Endpoint init,rpcCall,RPCSendAndGet,PASS,,Jul 4 2019 4:27:15.7740 PM,Jul 4 2019 4:27:15.7800 PM,.0067
Endpoint init,rpcCall,RPCSendAndGet,PASS,,Jul 4 2019 4:27:15.7820 PM,Jul 4 2019 4:27:15.7880 PM,.0065
Endpoint init,rpcCall,RPCSendAndGet,PASS,,Jul 4 2019 4:27:15.7900 PM,Jul 4 2019 4:27:15.7940 PM,.0043
Auth Check,P203,changeDelimiter,PASS,,Jul 4 2019 4:27:18.8710 PM,Jul 4 2019 4:27:18.8710 PM,.0001
Auth Check,P203,changeLineTerminator,PASS,,Jul 4 2019 4:27:18.8720 PM,Jul 4 2019 4:27:18.8720 PM,0
Auth Check,P203,open,PASS,,Jul 4 2019 4:27:18.8740 PM,Jul 4 2019 4:27:20.4650 PM,1.5917
Auth Check,P203,read,PASS,,Jul 4 2019 4:27:20.4670 PM,Jul 4 2019 4:27:20.4960 PM,.029
Auth Check,P203,read,PASS,,Jul 4 2019 4:27:20.4980 PM,Jul 4 2019 4:27:20.5260 PM,.0281
Auth Check,P203,sendCommandChars,PASS,,Jul 4 2019 4:27:20.5270 PM,Jul 4 2019 4:27:20.5630 PM,.0358
Auth Check,P203,read,PASS,,Jul 4 2019 4:27:20.5660 PM,Jul 4 2019 4:27:20.5660 PM,.0002
Auth Check,P203,read,PASS,,Jul 4 2019 4:27:20.5670 PM,Jul 4 2019 4:27:20.5960 PM,.0292
Auth Check,P203,sendCommandChars,PASS,,Jul 4 2019 4:27:20.5980 PM,Jul 4 2019 4:27:20.6330 PM,.0354
Auth Check,P203,read,PASS,,Jul 4 2019 4:27:20.6360 PM,Jul 4 2019 4:27:20.6360 PM,.0002
Auth Check,P203,read,PASS,,Jul 4 2019 4:27:20.6380 PM,Jul 4 2019 4:27:20.6660 PM,.0286
Auth Check,P203,sendCommandChars,PASS,,Jul 4 2019 4:27:20.6680 PM,Jul 4 2019 4:27:20.7030 PM,.0353
Auth Check,P203,read,PASS,,Jul 4 2019 4:27:20.7060 PM,Jul 4 2019 4:27:20.7060 PM,.0002
Auth Check,P203,read,PASS,,Jul 4 2019 4:27:20.7070 PM,Jul 4 2019 4:27:20.7370 PM,.0297
Auth Check,P203,sendCommandChars,PASS,,Jul 4 2019 4:27:20.7380 PM,Jul 4 2019 4:27:20.7740 PM,.0361
Auth Check,P203,read,PASS,,Jul 4 2019 4:27:20.7770 PM,Jul 4 2019 4:27:20.7770 PM,.0002
Auth Check,P203,read,PASS,,Jul 4 2019 4:27:20.7780 PM,Jul 4 2019 4:27:20.8070 PM,.0291
Auth Check,P203,sendCommandChars,PASS,,Jul 4 2019 4:27:20.8090 PM,Jul 4 2019 4:27:20.8440 PM,.0356
Auth Check,P203,read,PASS,,Jul 4 2019 4:27:20.8470 PM,Jul 4 2019 4:27:20.8470 PM,.0002
Auth Check,P203,read,PASS,,Jul 4 2019 4:27:20.8480 PM,Jul 4 2019 4:27:20.8760 PM,.0276
Auth Check,P203,sendCommandChars,PASS,,Jul 4 2019 4:27:20.8770 PM,Jul 4 2019 4:27:20.9130 PM,.0358
Auth Check,P203,read,PASS,,Jul 4 2019 4:27:20.9150 PM,Jul 4 2019 4:27:20.9160 PM,.0002
Auth Check,P203,read,PASS,,Jul 4 2019 4:27:20.9170 PM,Jul 4 2019 4:27:20.9380 PM,.0208
Auth Check,P203,read,PASS,,Jul 4 2019 4:27:20.9390 PM,Jul 4 2019 4:27:20.9680 PM,.0284
Auth Check,P203,sendCommandChars,PASS,,Jul 4 2019 4:27:20.9690 PM,Jul 4 2019 4:27:21.0050 PM,.0357
Auth Check,P203,read,PASS,,Jul 4 2019 4:27:21.0090 PM,Jul 4 2019 4:27:21.0090 PM,.0002
Auth Check,P203,read,PASS,,Jul 4 2019 4:27:21.0100 PM,Jul 4 2019 4:27:21.0380 PM,.0278
Auth Check,P203,sendCommandChars,PASS,,Jul 4 2019 4:27:21.0390 PM,Jul 4 2019 4:27:21.0750 PM,.0355
Auth Check,P203,read,PASS,,Jul 4 2019 4:27:21.0770 PM,Jul 4 2019 4:27:21.0780 PM,.0002
Auth Check,P203,read,PASS,,Jul 4 2019 4:27:21.0790 PM,Jul 4 2019 4:27:21.1080 PM,.0294
Auth Check,P203,read,PASS,,Jul 4 2019 4:27:21.1100 PM,Jul 4 2019 4:27:21.1380 PM,.0283
Auth Check,P203,sendCommandChars,PASS,,Jul 4 2019 4:27:21.1400 PM,Jul 4 2019 4:27:21.1740 PM,.034
Auth Check,P203,read,PASS,,Jul 4 2019 4:27:21.1770 PM,Jul 4 2019 4:27:21.1770 PM,.0002
Auth Check,P203,read,PASS,,Jul 4 2019 4:27:21.1780 PM,Jul 4 2019 4:27:21.2080 PM,.0301
Auth Check,P203,sendCommandChars,PASS,,Jul 4 2019 4:27:21.2100 PM,Jul 4 2019 4:27:21.2450 PM,.0348
Auth Check,P203,read,PASS,,Jul 4 2019 4:27:21.2470 PM,Jul 4 2019 4:27:21.2470 PM,.0002
Auth Check,P203,read,PASS,,Jul 4 2019 4:27:21.2490 PM,Jul 4 2019 4:27:21.2770 PM,.028
Auth Check,P203,read,PASS,,Jul 4 2019 4:27:21.2780 PM,Jul 4 2019 4:27:21.2990 PM,.0205
Auth Check,P203,sendCommandChars,PASS,,Jul 4 2019 4:27:21.3000 PM,Jul 4 2019 4:27:21.3380 PM,.0373
Auth Check,P203,read,PASS,,Jul 4 2019 4:27:21.3400 PM,Jul 4 2019 4:27:21.3410 PM,.0002
Auth Check,P203,read,PASS,,Jul 4 2019 4:27:21.3420 PM,Jul 4 2019 4:27:21.3690 PM,.0276
Auth Check,P203,read,PASS,,Jul 4 2019 4:27:21.3710 PM,Jul 4 2019 4:27:21.4000 PM,.0283
Auth Check,P203,sendCommandChars,PASS,,Jul 4 2019 4:27:21.4010 PM,Jul 4 2019 4:27:21.4370 PM,.0357
Auth Check,P203,read,PASS,,Jul 4 2019 4:27:21.4390 PM,Jul 4 2019 4:27:21.4390 PM,.0002
Auth Check,P203,read,PASS,,Jul 4 2019 4:27:21.4400 PM,Jul 4 2019 4:27:21.4700 PM,.0294
Auth Check,P203,read,PASS,,Jul 4 2019 4:27:21.4720 PM,Jul 4 2019 4:27:21.4960 PM,.0241
Auth Check,P203,sendCommandChars,PASS,,Jul 4 2019 4:27:21.4970 PM,Jul 4 2019 4:27:21.5330 PM,.0353
Auth Check,P203,read,PASS,,Jul 4 2019 4:27:21.5360 PM,Jul 4 2019 4:27:21.5360 PM,.0002
Auth Check,P203,read,PASS,,Jul 4 2019 4:27:21.5370 PM,Jul 4 2019 4:27:21.5600 PM,.023
Auth Check,P203,read,PASS,,Jul 4 2019 4:27:21.5620 PM,Jul 4 2019 4:27:21.5900 PM,.0285
Auth Check,P203,sendCommandChars,PASS,,Jul 4 2019 4:27:21.5920 PM,Jul 4 2019 4:27:21.6280 PM,.0359
Auth Check,P203,read,PASS,,Jul 4 2019 4:27:21.6310 PM,Jul 4 2019 4:27:21.6310 PM,.0002
Auth Check,P203,read,PASS,,Jul 4 2019 4:27:21.6320 PM,Jul 4 2019 4:27:21.6610 PM,.0284
Auth Check,P203,sendCommandChars,PASS,,Jul 4 2019 4:27:21.6620 PM,Jul 4 2019 4:27:21.6960 PM,.0345
Auth Check,P203,read,PASS,,Jul 4 2019 4:27:21.6990 PM,Jul 4 2019 4:27:21.6990 PM,.0002
Auth Check,P203,read,PASS,,Jul 4 2019 4:27:21.7000 PM,Jul 4 2019 4:27:21.7280 PM,.0279
Auth Check,P203,read,PASS,,Jul 4 2019 4:27:21.7300 PM,Jul 4 2019 4:27:21.7510 PM,.0207
Auth Check,P203,sendCommandChars,PASS,,Jul 4 2019 4:27:21.7520 PM,Jul 4 2019 4:27:21.7880 PM,.0361
Auth Check,P203,read,PASS,,Jul 4 2019 4:27:21.7910 PM,Jul 4 2019 4:27:21.7910 PM,.0002
Auth Check,P203,read,PASS,,Jul 4 2019 4:27:21.7920 PM,Jul 4 2019 4:27:21.8210 PM,.0289
Auth Check,P203,read,PASS,,Jul 4 2019 4:27:21.8230 PM,Jul 4 2019 4:27:21.8510 PM,.0283
Auth Check,P203,sendCommandChars,PASS,,Jul 4 2019 4:27:21.8530 PM,Jul 4 2019 4:27:21.8870 PM,.0346
Auth Check,P203,read,PASS,,Jul 4 2019 4:27:21.8900 PM,Jul 4 2019 4:27:21.8900 PM,.0002
Auth Check,P203,read,PASS,,Jul 4 2019 4:27:21.8910 PM,Jul 4 2019 4:27:21.9220 PM,.0302
Auth Check,P203,read,PASS,,Jul 4 2019 4:27:21.9230 PM,Jul 4 2019 4:27:21.9520 PM,.0284
Auth Check,P203,sendCommandChars,PASS,,Jul 4 2019 4:27:21.9530 PM,Jul 4 2019 4:27:21.9880 PM,.0349
Auth Check,P203,read,PASS,,Jul 4 2019 4:27:21.9910 PM,Jul 4 2019 4:27:21.9910 PM,.0002
Auth Check,P203,read,PASS,,Jul 4 2019 4:27:21.9920 PM,Jul 4 2019 4:27:22.0200 PM,.0281
Auth Check,P203,read,PASS,,Jul 4 2019 4:27:22.0220 PM,Jul 4 2019 4:27:22.0480 PM,.0258
Auth Check,P203,sendCommandChars,PASS,,Jul 4 2019 4:27:22.0490 PM,Jul 4 2019 4:27:22.0850 PM,.036
Auth Check,P203,read,PASS,,Jul 4 2019 4:27:22.0880 PM,Jul 4 2019 4:27:22.0880 PM,.0001
Auth Check,P203,read,PASS,,Jul 4 2019 4:27:22.0900 PM,Jul 4 2019 4:27:22.1130 PM,.0238
Auth Check,P203,sendCommandChars,PASS,,Jul 4 2019 4:27:22.1150 PM,Jul 4 2019 4:27:22.1510 PM,.0365
Auth Check,P203,read,PASS,,Jul 4 2019 4:27:22.1540 PM,Jul 4 2019 4:27:22.1540 PM,.0002
Auth Check,P203,read,PASS,,Jul 4 2019 4:27:22.1550 PM,Jul 4 2019 4:27:22.1800 PM,.0248
Auth Check,P203,read,PASS,,Jul 4 2019 4:27:22.1820 PM,Jul 4 2019 4:27:22.2060 PM,.0239
Auth Check,P203,sendCommandChars,PASS,,Jul 4 2019 4:27:22.2070 PM,Jul 4 2019 4:27:22.2430 PM,.0359
Auth Check,P203,read,PASS,,Jul 4 2019 4:27:22.2460 PM,Jul 4 2019 4:27:22.2460 PM,.0001
Auth Check,P203,read,PASS,,Jul 4 2019 4:27:22.2470 PM,Jul 4 2019 4:27:22.2730 PM,.0262
Auth Check,P203,read,PASS,,Jul 4 2019 4:27:22.2750 PM,Jul 4 2019 4:27:22.3030 PM,.0282
Auth Check,P203,sendCommandChars,PASS,,Jul 4 2019 4:27:22.3050 PM,Jul 4 2019 4:27:22.3410 PM,.0366
Auth Check,P203,read,PASS,,Jul 4 2019 4:27:22.3440 PM,Jul 4 2019 4:27:22.3440 PM,.0002
Auth Check,P203,read,PASS,,Jul 4 2019 4:27:22.3450 PM,Jul 4 2019 4:27:22.3740 PM,.0285
Auth Check,P203,read,PASS,,Jul 4 2019 4:27:22.3750 PM,Jul 4 2019 4:27:22.4040 PM,.0282
Auth Check,P203,sendCommandChars,PASS,,Jul 4 2019 4:27:22.4050 PM,Jul 4 2019 4:27:22.4410 PM,.036
Auth Check,P203,read,PASS,,Jul 4 2019 4:27:22.4440 PM,Jul 4 2019 4:27:22.4440 PM,.0002
Auth Check,P203,read,PASS,,Jul 4 2019 4:27:22.4450 PM,Jul 4 2019 4:27:22.4740 PM,.0287
Auth Check,P203,read,PASS,,Jul 4 2019 4:27:22.4760 PM,Jul 4 2019 4:27:22.5040 PM,.0284
Auth Check,P203,sendCommandChars,PASS,,Jul 4 2019 4:27:22.5050 PM,Jul 4 2019 4:27:22.5420 PM,.0365
Auth Check,P203,read,PASS,,Jul 4 2019 4:27:22.5450 PM,Jul 4 2019 4:27:22.5450 PM,.0002
Auth Check,P203,read,PASS,,Jul 4 2019 4:27:22.5460 PM,Jul 4 2019 4:27:22.5740 PM,.0279
Auth Check,P203,sendCommandChars,PASS,,Jul 4 2019 4:27:22.5760 PM,Jul 4 2019 4:27:22.6120 PM,.0361
Auth Check,P203,read,PASS,,Jul 4 2019 4:27:22.6150 PM,Jul 4 2019 4:27:22.6150 PM,.0002
Auth Check,P203,read,PASS,,Jul 4 2019 4:27:22.6160 PM,Jul 4 2019 4:27:22.6450 PM,.0288
Auth Check,P203,read,PASS,,Jul 4 2019 4:27:22.6470 PM,Jul 4 2019 4:27:22.6750 PM,.0283
Auth Check,P203,sendCommandChars,PASS,,Jul 4 2019 4:27:22.6760 PM,Jul 4 2019 4:27:22.7130 PM,.0366
Auth Check,P203,read,PASS,,Jul 4 2019 4:27:22.7150 PM,Jul 4 2019 4:27:22.7160 PM,.0002
Auth Check,P203,read,PASS,,Jul 4 2019 4:27:22.7170 PM,Jul 4 2019 4:27:22.7450 PM,.0284
Auth Check,P203,read,PASS,,Jul 4 2019 4:27:22.7470 PM,Jul 4 2019 4:27:22.7750 PM,.0284
Auth Check,P203,sendCommandChars,PASS,,Jul 4 2019 4:27:22.7770 PM,Jul 4 2019 4:27:22.8130 PM,.0359
Auth Check,P203,read,PASS,,Jul 4 2019 4:27:22.8150 PM,Jul 4 2019 4:27:22.8160 PM,.0002
Auth Check,P203,read,PASS,,Jul 4 2019 4:27:22.8170 PM,Jul 4 2019 4:27:22.8450 PM,.0276
Auth Check,P203,read,PASS,,Jul 4 2019 4:27:22.8460 PM,Jul 4 2019 4:27:22.8710 PM,.0243
Auth Check,P203,sendCommandChars,PASS,,Jul 4 2019 4:27:22.8720 PM,Jul 4 2019 4:27:22.9090 PM,.0365
Auth Check,P203,read,PASS,,Jul 4 2019 4:27:22.9110 PM,Jul 4 2019 4:27:22.9120 PM,.0002
Auth Check,P203,read,PASS,,Jul 4 2019 4:27:22.9130 PM,Jul 4 2019 4:27:22.9360 PM,.0231
Auth Check,P203,read,PASS,,Jul 4 2019 4:27:22.9380 PM,Jul 4 2019 4:27:22.9660 PM,.0284
Auth Check,P203,sendCommandChars,PASS,,Jul 4 2019 4:27:22.9670 PM,Jul 4 2019 4:27:23.0040 PM,.036
Auth Check,P203,read,PASS,,Jul 4 2019 4:27:23.0070 PM,Jul 4 2019 4:27:23.0070 PM,.0002
Auth Check,P203,read,PASS,,Jul 4 2019 4:27:23.0080 PM,Jul 4 2019 4:27:23.0360 PM,.0283
Auth Check,P203,sendCommandChars,PASS,,Jul 4 2019 4:27:23.0380 PM,Jul 4 2019 4:27:23.0730 PM,.0357
Auth Check,P203,read,PASS,,Jul 4 2019 4:27:23.0760 PM,Jul 4 2019 4:27:23.0760 PM,.0002
Auth Check,P203,read,PASS,,Jul 4 2019 4:27:23.0770 PM,Jul 4 2019 4:27:23.1070 PM,.0296
Auth Check,P203,read,PASS,,Jul 4 2019 4:27:23.1090 PM,Jul 4 2019 4:27:23.1370 PM,.0283
Auth Check,P203,sendCommandChars,PASS,,Jul 4 2019 4:27:23.1380 PM,Jul 4 2019 4:27:23.1750 PM,.0362
Auth Check,P203,read,PASS,,Jul 4 2019 4:27:23.1770 PM,Jul 4 2019 4:27:23.1770 PM,.0002
Auth Check,P203,read,PASS,,Jul 4 2019 4:27:23.1780 PM,Jul 4 2019 4:27:23.2070 PM,.0287
Auth Check,P203,read,PASS,,Jul 4 2019 4:27:23.2090 PM,Jul 4 2019 4:27:23.2360 PM,.027
Auth Check,P203,sendCommandChars,PASS,,Jul 4 2019 4:27:23.2380 PM,Jul 4 2019 4:27:23.2730 PM,.0358
Auth Check,P203,read,PASS,,Jul 4 2019 4:27:23.2760 PM,Jul 4 2019 4:27:23.2760 PM,.0001
Auth Check,P203,read,PASS,,Jul 4 2019 4:27:23.2770 PM,Jul 4 2019 4:27:23.3080 PM,.0304
Auth Check,P203,read,PASS,,Jul 4 2019 4:27:23.3090 PM,Jul 4 2019 4:27:23.3340 PM,.0243
Auth Check,P203,sendCommandChars,PASS,,Jul 4 2019 4:27:23.3350 PM,Jul 4 2019 4:27:23.3710 PM,.0359
Auth Check,IOFileHandle,writeCertFile,PASS,,Jul 4 2019 4:27:23.3760 PM,Jul 4 2019 4:27:23.3820 PM,.0063
Auth Check,P203,read,PASS,,Jul 4 2019 4:27:23.4640 PM,Jul 4 2019 4:27:23.4640 PM,.0002
Auth Check,P203,read,PASS,,Jul 4 2019 4:27:23.4650 PM,Jul 4 2019 4:27:23.4880 PM,.0226
Auth Check,P203,sendCommandChars,PASS,,Jul 4 2019 4:27:23.4890 PM,Jul 4 2019 4:27:23.5280 PM,.0387
Auth Check,P203,read,PASS,,Jul 4 2019 4:27:23.5320 PM,Jul 4 2019 4:27:23.5320 PM,.0002
Auth Check,P203,read,PASS,,Jul 4 2019 4:27:23.5330 PM,Jul 4 2019 4:27:23.5580 PM,.0247
Auth Check,P203,sendCommandChars,PASS,,Jul 4 2019 4:27:23.5600 PM,Jul 4 2019 4:27:23.6280 PM,.0685
Auth Check,P203,read,PASS,,Jul 4 2019 4:27:23.6310 PM,Jul 4 2019 4:27:23.6310 PM,.0002
Auth Check,P203,read,PASS,,Jul 4 2019 4:27:23.6320 PM,Jul 4 2019 4:27:23.6580 PM,.0259
Auth Check,P203,sendCommandChars,PASS,,Jul 4 2019 4:27:23.6600 PM,Jul 4 2019 4:27:23.6970 PM,.0371
Auth Check,P203,read,PASS,,Jul 4 2019 4:27:24.2740 PM,Jul 4 2019 4:27:24.2740 PM,.0002
Auth Check,P203,read,PASS,,Jul 4 2019 4:27:24.2750 PM,Jul 4 2019 4:27:24.2980 PM,.0229
Auth Check,P203,sendCommandChars,PASS,,Jul 4 2019 4:27:24.2990 PM,Jul 4 2019 4:27:24.3350 PM,.0354
Auth Check,P203,read,PASS,,Jul 4 2019 4:27:24.3370 PM,Jul 4 2019 4:27:24.3370 PM,.0002
Auth Check,P203,read,PASS,,Jul 4 2019 4:27:24.3380 PM,Jul 4 2019 4:27:24.3620 PM,.0236
Auth Check,P203,read,PASS,,Jul 4 2019 4:27:24.3640 PM,Jul 4 2019 4:27:24.3920 PM,.0283
Auth Check,P203,sendCommandChars,PASS,,Jul 4 2019 4:27:24.3940 PM,Jul 4 2019 4:27:24.4290 PM,.0356
Auth Check,P203,read,PASS,,Jul 4 2019 4:27:24.4330 PM,Jul 4 2019 4:27:24.4330 PM,.0002
Auth Check,P203,read,PASS,,Jul 4 2019 4:27:24.4340 PM,Jul 4 2019 4:27:24.4620 PM,.0284
Auth Check,P203,sendCommandChars,PASS,,Jul 4 2019 4:27:24.4640 PM,Jul 4 2019 4:27:24.4990 PM,.0354
Auth Check,P203,read,PASS,,Jul 4 2019 4:27:24.5020 PM,Jul 4 2019 4:27:24.5020 PM,.0001
Auth Check,P203,read,PASS,,Jul 4 2019 4:27:24.5030 PM,Jul 4 2019 4:27:24.5240 PM,.0208
Auth Check,P203,read,PASS,,Jul 4 2019 4:27:24.5260 PM,Jul 4 2019 4:27:24.5530 PM,.027
Auth Check,P203,sendCommandChars,PASS,,Jul 4 2019 4:27:24.5540 PM,Jul 4 2019 4:27:24.5890 PM,.0349
Auth Check,P203,read,PASS,,Jul 4 2019 4:27:24.5930 PM,Jul 4 2019 4:27:24.5930 PM,.0002
Auth Check,P203,read,PASS,,Jul 4 2019 4:27:24.5940 PM,Jul 4 2019 4:27:24.6230 PM,.0293
Auth Check,P203,sendCommandChars,PASS,,Jul 4 2019 4:27:24.6250 PM,Jul 4 2019 4:27:24.6600 PM,.0355
Auth Check,P203,read,PASS,,Jul 4 2019 4:27:24.6630 PM,Jul 4 2019 4:27:24.6630 PM,.0002
Auth Check,P203,read,PASS,,Jul 4 2019 4:27:24.6640 PM,Jul 4 2019 4:27:24.6930 PM,.0295
Auth Check,P203,read,PASS,,Jul 4 2019 4:27:24.6950 PM,Jul 4 2019 4:27:24.7240 PM,.0283
Auth Check,P203,sendCommandChars,PASS,,Jul 4 2019 4:27:24.7250 PM,Jul 4 2019 4:27:24.7600 PM,.0349
Auth Check,P203,read,PASS,,Jul 4 2019 4:27:24.7630 PM,Jul 4 2019 4:27:24.7630 PM,.0001
Auth Check,P203,read,PASS,,Jul 4 2019 4:27:24.7640 PM,Jul 4 2019 4:27:24.7940 PM,.0299
Auth Check,P203,read,PASS,,Jul 4 2019 4:27:24.7960 PM,Jul 4 2019 4:27:24.8240 PM,.0282
Auth Check,P203,sendCommandChars,PASS,,Jul 4 2019 4:27:24.8250 PM,Jul 4 2019 4:27:24.8610 PM,.0357
Auth Check,IOFileHandle,writeCertFile,PASS,,Jul 4 2019 4:27:24.8640 PM,Jul 4 2019 4:27:24.8660 PM,.0016
Read MLB SN,IOFileHandle,writeToFile,PASS,,Jul 4 2019 4:27:28.0470 PM,Jul 4 2019 4:27:28.0470 PM,.0002
Read Main FW Version Before DL,IOFileHandle,writeToFile,PASS,,Jul 4 2019 4:27:28.4820 PM,Jul 4 2019 4:27:28.4830 PM,.0004
Program MTFW,IOFileHandle,writeToFile,PASS,,Jul 4 2019 4:27:28.9090 PM,Jul 4 2019 4:27:28.9090 PM,.0002
Program Main FW,IOFileHandle,writeToFile,PASS,,Jul 4 2019 4:27:30.4000 PM,Jul 4 2019 4:27:30.4000 PM,.0002
Program Main FW,IOFileHandle,writeToFile,PASS,,Jul 4 2019 4:28:37.1580 PM,Jul 4 2019 4:28:37.1580 PM,.0003
Program Main FW,rpcCall,RPCSendAndGet,PASS,,Jul 4 2019 4:28:40.6110 PM,Jul 4 2019 4:28:40.6180 PM,.0069
Program Main FW,rpcCall,RPCSendAndGet,PASS,,Jul 4 2019 4:28:41.6870 PM,Jul 4 2019 4:28:41.6930 PM,.0065
Program Main FW,rpcCall,RPCSendAndGet,PASS,,Jul 4 2019 4:28:44.7690 PM,Jul 4 2019 4:28:44.7760 PM,.0068
Program Main FW,rpcCall,RPCSendAndGet,PASS,,Jul 4 2019 4:28:45.8450 PM,Jul 4 2019 4:28:45.8520 PM,.007
Read Main FW Version After DL,IOFileHandle,writeToFile,PASS,,Jul 4 2019 4:28:48.9700 PM,Jul 4 2019 4:28:48.9700 PM,.0002
Touch FW,IOFileHandle,writeToFile,PASS,,Jul 4 2019 4:28:49.3890 PM,Jul 4 2019 4:28:49.3890 PM,.0002
