FATP-QT,,,,,,,,,,,,Parametric,,,,,,,,,,,,,,,,,,,,,,,,,,,,,,,,,,,,,,,,,,,,,,,,,,,,,,,,,,,,,,,,,,,,,,,,,,,,,,,,,,,,,,,,,,,,,,,,,,,,,
Site,Product,SerialNumber,Special Build Name,Special Build Description,Unit Number,Station ID,Test Pass/Fail Status,StartTime,EndTime,Version,List of Failing Tests,2V4_DUT_Applied_Voltage,2V4_MCU_AID_Fall_Time,2V4_MCU_AID_Rise_Time,2V4_MCU_Bits_period,2V4_MCU_VOH,2V4_MCU_VOL,4V8_DUT_Applied_Voltage,4V8_MCU_AID_Fall_Time,4V8_MCU_AID_Rise_Time,4V8_MCU_Bits_period,4V8_MCU_VOH,4V8_MCU_VOL,5V_2P5A_Charge_Capability,5V_2P5A_Charge_Type,5V_2P5A_Charge_Voltage,5V_2P5A_CURR_USBC_PD [rpc] cyg_eload_SetEloadOn,5V_2P5A_CURR_USBC_PD,5V_2P5A_DCR,5V_2P5A_DUT_Input_Voltage,5V_2P5A_Orion_Power_Voltage,5W_5V_1P0A_BRICKID_CAPABILITY_Curr,5W_5V_1P0A_BRICKID_CAPABILITY_DM_Vol,5W_5V_1P0A_BRICKID_CAPABILITY_DP_Vol,5W_5V_1P0A_BRICKID_CAPABILITY_Type,5W_5V_1P0A_BRICKID_CAPABILITY_Vol,5W_5V_1P0A_BRICKID_System_Curr,9V_2P5A_Charge_Capability,9V_2P5A_Charge_Type,9V_2P5A_Charge_Voltage,9V_2P5A_CURR_USBC_PD,9V_2P5A_DCR,9V_2P5A_DUT_Input_Voltage,9V_2P5A_Orion_Power_Voltage,10W_5V_1P5A_BRICKID_CAPABILITY_Curr,10W_5V_1P5A_BRICKID_CAPABILITY_DM_Vol,10W_5V_1P5A_BRICKID_CAPABILITY_DP_Vol,10W_5V_1P5A_BRICKID_CAPABILITY_Type,10W_5V_1P5A_BRICKID_CAPABILITY_Vol,10W_5V_1P5A_BRICKID_System_Curr,12.5W_5V_1P5A_BRICKID_CAPABILITY_Curr,12.5W_5V_1P5A_BRICKID_CAPABILITY_DM_Vol,12.5W_5V_1P5A_BRICKID_CAPABILITY_DP_Vol,12.5W_5V_1P5A_BRICKID_CAPABILITY_Type,12.5W_5V_1P5A_BRICKID_CAPABILITY_Vol,12.5W_5V_1P5A_BRICKID_System_Curr,CC_Rp _SYS_Curr-56kohm_5V,CC_Rp_Capability_CURR-10kohm_5V,CC_Rp_Capability_CURR-22kohm_5V,CC_Rp_Capability_CURR-56kohm_5V,CC_Rp_Capability_Type-10kohm_5V,CC_Rp_Capability_Type-22kohm_5V,CC_Rp_Capability_Type-56kohm_5V,CC_Rp_Capability_VOL-10kohm_5V,CC_Rp_Capability_VOL-22kohm_5V,CC_Rp_Capability_VOL-56kohm_5V,CC_Rp_SYS_CURR-10kohm_5V,CC_Rp_SYS_CURR-22kohm_5V,FW_VERSION_CCG3,FW_VERSION_L4R5,FW_VERSION_MTFW,GreenPAK ID,KBD_HW_Layout,MIX FW,OrionPWR_On_Sys Voltage,OrionPWR_SYS_CURRENT_ALL_RAILS,OrionPWR_SYS_CURRENT_BLC_ONLY,OrionPWR_SYS_CURRENT_CAPSLOCK_ONLY,OrionPWR_SYS_CURRENT_Energy_Storage,OrionPWR_SYS_CURRENT_Energy_Storage_ONLY,OrionPWR_SYS_CURRENT_IDLE,OrionPWR_SYS_CURRENT_LEDs_to_0PCT_brightness,OrionPWR_SYS_CURRENT_LEDs_to_3P8PCT_brightness,OrionPWR_SYS_CURRENT_LEDs_to_100PCT_brightness,OrionPWR_SYS_CURRENT_LEDs_to_UserMax_brightness,OrionPWR_SYS_CURRENT_MFI_ONLY,OrionPWR_SYS_CURRENT_TOUCH_ONLY,OrionPWR_SYS_CURRENT_USBC_AltPWR_ONLY,PHASE1_CONSUMER_DUT_MODE,PHASE2_C2P_DUT_MODE,PHASE2_SYS_CURRENT_pre_swap_consumer,PHASE2_SYS_CURRENT_pre_swap_provide,PHASE3_Vol_IDBUS_provider,PHASE5:P2C_DUT_MODE,PORION_RVP_OUT_-16V_CURR,PPORION_OVP_OUT_5V2_CURR,PPORION_OVP_OUT_16V_CURR,Production signed check,READ_HW_VERSION,Read_PHASE5_BROWNOUT_STATUS,SYS_IDBUS_6V_VBUS_0V_CURR,SYS_IDBUS_6V_VBUS_5V2_CURR,SYS_IDBUS_-5V2_VBUS_0V_CURR,USBC_PWR_On_Sys Voltage,USBC_PWR_SYS_CURRENT_ALL_RAILS,USBC_PWR_SYS_CURRENT_BLC_ONLY,USBC_PWR_SYS_CURRENT_CAPSLOCK_ONLY,USBC_PWR_SYS_CURRENT_Energy_Storage,USBC_PWR_SYS_CURRENT_Energy_Storage_ONLY,USBC_PWR_SYS_CURRENT_IDLE,USBC_PWR_SYS_CURRENT_LEDs_to_100PCT_brightness,USBC_PWR_SYS_CURRENT_MFI_ONLY,USBC_PWR_SYS_CURRENT_TOUCH_ONLY
Display Name ----->,,,,,,,,,,,,,,,,,,,,,,,,,,,,,,,,,,,,,,,,,,,,,,,,,,,,,,,,,,,,,,,,,,,,,,,,,,,,,,,,,,,,,,,,,,,,,,,,,,,,,,,,,,,,,,,,,
PDCA Priority ----->,,,,,,,,,,,,0,0,0,0,0,0,0,0,0,0,0,0,0,0,0,NA,0,0,0,0,0,0,0,0,0,0,0,0,0,0,0,0,0,0,0,0,0,0,0,0,0,0,0,0,0,0,0,0,0,0,0,0,0,0,0,0,0,0,0,0,0,0,NA,0,0,0,0,0,0,0,0,0,0,0,0,0,0,0,0,0,0,0,0,0,0,0,0,0,0,0,0,0,0,0,0,0,0,0,0,0,0,0
Upper Limit ----->,,,,,,,,,,,,2.5,88,84,10.15,1.85,0.08,4.9,66,77,10.15,1.95,0.08,3000,6,5000,NA,2540,0.19,5.25,5.15,1,3.6,1.426,4,5000,1040,3000,6,9000,2540,0.19,9.45,9.1,1500,1.426,3.6,4,5000,1540,1500,3.6,3.6,4,5000,1540,20,3001,1591,501,5,5,5,5001,5001,5001,20,20,258,624,1301,3,NA,NA,4900,11.5,3.84,20,4.16,0.7,0.24,3.84,18,235,88.5,0.24,9,3.35,5,4,140,165,2960,5,0.1,8,11.5,0,4,1,0.22,0.23,-30,9100,13,9.61,16.75,9.5,8.5,8.2,146,8.2,12
Lower Limit ----->,,,,,,,,,,,,2.35,54,13,9.9,1.5,0,4.7,43,25,9.9,1.8,0,3000,6,5000,NA,2480,0.08,4.75,4.4,1,1.398,0.25,4,5000,980,3000,6,9000,2480,0.08,8.75,8.6,1500,0.25,1.398,4,5000,1480,1500,1.398,1.398,4,5000,1480,1,2999,1499,499,5,5,5,4999,4999,4999,1,1,258,624,1301,3,NA,NA,4750,5.7,2.07,17.5,2.24,0.1,0.08,2.07,15,205,73.5,0.08,1,2.75,5,4,80,80,2740,5,-0.3,2,10.5,0,4,1,0.19,0.19,-40,8900,7,6.79,14.25,6.5,6.5,6.2,116,6.2,8
Measurement Unit ----->,,,,,,,,,,,,V,ns,ns,us,V,V,V,ns,ns,us,V,V,mA,NA,mV,NA,mA,ohms,V,V,A,V,V,NA,mV,mA,mA,NA,mV,mA,ohms,V,V,mA,V,V,NA,mV,mA,mA,V,V,NA,mV,mA,mA,NA,NA,NA,NA,NA,NA,NA,NA,NA,mA,mA,NA,NA,NA,NA,NA,NA,mV,mA,mA,mA,mA,mA,mA,mA,mA,mA,mA,mA,mA,mA,NA,NA,mA,mA,mV,NA,mA,mA,mA,NA,NA,NA,mA,mA,mA,mV,mA,mA,mA,mA,mA,mA,mA,mA,mA
FXLH,R118,FTPZQ01LPPHF,R118-EVT,R118-EVT_E1AEN-LHWTE1,,FXLH_F05-4FT-02_2_QT1,FAIL,2019/12/5 12:32,2019/12/5 12:37,V1.2.1.0,USBC_PWR_SYS_CURRENT_Energy_Storage;CB Error Could not set FAIL CB,2.427005059,73,53.5,10.002,1.685459773,0.000029,4.813711857,51,53,10.003,1.902209025,0.001509,3000,6,5000,,2513.623081,0.146945394,5.065372611,4.696007278,1,1.786,0.868,4,5000,1010.645077,3000,6,9000,2508.626392,0.146965277,9.035749827,8.667068856,1500,0.868,1.786,4,5000,1520.866763,1500,1.786,1.786,4,5000,1510.728398,16.42177794,3000,1500,500,5,5,5,5000,5000,5000,16.44844847,16.4327979,258,624,1301,3,33,,4806.519629,7.493912769,2.684730334,18.91537081,2.708637667,0.403883517,0.137174241,2.703521425,16.55514098,219.0789236,81.15133323,0.159710935,2.12238282,3.057556142,5,4,116.9482679,122.6651292,2822.204158,5,-0.021102502,3.232250607,11.00610206,0,4,1,0.199335659,0.205357375,-36.61782518,8984.856083,9.387851377,8.111316285,15.55602555,6.421651335,7.356162384,7.292528368,131.7927469,7.308020222,9.371272716
FXLH,R118,FTPZQ01LPPHF,R118-EVT,R118-EVT_E1AEN-LHWTE1,,FXLH_F05-4FT-02_2_QT1,FAIL,2019/12/5 12:50,2019/12/5 12:54,V1.2.1.0,USBC_PWR_SYS_CURRENT_Energy_Storage,2.427079745,70,54.5,10.009,1.678751977,0.000192,4.813726794,50,50,10.014,1.897031468,0.002262,3000,6,5000,,2513.635933,0.146002766,5.065253114,4.698255316,1,1.786,0.868,4,5000,1010.590756,3000,6,9000,2508.637016,0.146128275,9.035675159,8.66909236,1500,0.868,1.786,4,5000,1513.904952,1500,1.786,1.786,4,5000,1509.121332,16.41772615,3000,1500,500,5,5,5,5000,5000,5000,16.44751344,16.4382077,258,624,1301,3,33,,4806.542034,8.943929457,2.696381975,18.93146914,2.718035638,0.397910929,0.147518317,2.683376677,16.55591727,219.0488012,81.16031637,0.176430299,2.532533662,3.056217041,5,4,116.9706301,123.1615311,2821.980101,5,-0.021063604,3.231960876,11.0054901,0,4,1,0.19935123,0.205288743,-36.61405696,8984.968086,10.21647878,8.116100178,15.55479076,6.395524296,7.351303289,7.292802496,131.819388,7.325714802,8.603045592
FXLH,R118,FTPZQ01LPPHF,R118-EVT,R118-EVT_E1AEN-LHWTE1,,FXLH_F05-4FT-02_2_QT1,FAIL,2019/12/5 12:55,2019/12/5 12:59,V1.2.1.0,USBC_PWR_SYS_CURRENT_Energy_Storage,2.427012528,73,55.5,10.002,1.691584972,0.000918,4.813726794,51,53,10.002,1.897377865,0.002387,3000,6,5000,,2513.706894,0.145847116,5.065260582,4.698643681,1,1.786,0.868,4,5000,1010.68958,3000,6,9000,2510.522384,0.145902541,9.035772228,8.669480634,1500,0.868,1.786,4,5000,1519.277996,1500,1.786,1.786,4,5000,1510.73501,16.41703601,3000,1500,500,5,5,5,5000,5000,5000,16.4412354,16.43598144,258,624,1301,3,33,,4806.609252,8.953417187,2.686137362,18.93550343,2.723416304,0.386977358,0.152539948,2.683721156,16.55563344,219.0558902,81.16240265,0.180988582,2.201287933,3.051192983,5,4,116.2498029,123.1987949,2821.905415,5,-0.020959977,3.230659609,11.00620406,0,4,1,0.199404474,0.205394377,-36.6151167,8985.087554,10.21828608,8.112427352,15.56350948,6.397477153,7.36926957,7.296189065,131.8551123,7.31978588,8.624294128
FXLH,R118,FTPZQ01LPPHF,R118-EVT,R118-EVT_E1AEN-LHWTE1,,FXLH_F05-4FT-02_2_QT1,FAIL,2019/12/5 13:30,2019/12/5 13:35,V1.2.1.0,USBC_PWR_SYS_CURRENT_Energy_Storage,2.427079745,70,52.5,10.003,1.684728947,0.000627,4.813726794,49,54,10.003,1.898696831,0.001936,3000,6,5000,,2512.587852,0.144413953,5.065521982,4.702669237,1,1.786,0.868,4,5000,1010.438213,3000,6,9000,2508.662563,0.144376658,9.036026099,8.673833781,1500,0.868,1.786,4,5000,1521.030838,1500,1.786,1.786,4,5000,1510.728331,16.42266844,3000,1500,500,5,5,5,5000,5000,5000,16.42634176,16.4322636,258,624,1301,3,33,,4806.45988,8.601689509,2.681736763,18.90837691,2.712834489,0.398662961,0.147256319,2.681739189,16.55130319,218.96504,81.17169145,0.155368558,2.297332092,3.053398135,5,4,117.1494776,123.145109,2822.278843,5,-0.021181886,3.232893395,11.00554165,0,4,1,0.199369548,0.205275188,-36.61686127,8985.042754,10.20661989,8.108383362,15.55767031,6.396147755,7.349064175,7.29402758,131.8123935,7.308789235,8.644070137
FXLH,R118,FTPZQ01LPPHF,R118-EVT,R118-EVT_E1AEN-LHWTE1,,FXLH_F05-4FT-02_2_QT1,FAIL,2019/12/5 13:35,2019/12/5 13:40,V1.2.1.0,USBC_PWR_SYS_CURRENT_Energy_Storage,2.426975185,74,55.5,10.002,1.695186803,0.000057,4.813644639,52,57,10.003,1.902486136,0.000862,3000,6,5000,,2512.315898,0.143840975,5.065492108,4.704118139,1,1.786,0.868,4,5000,1010.575195,3000,6,9000,2510.661301,0.143833458,9.036018632,8.674901534,1500,0.868,1.786,4,5000,1520.807055,1500,1.786,1.786,4,5000,1510.532065,16.42208961,3000,1500,500,5,5,5,5000,5000,5000,16.44726855,16.42956983,258,624,1301,3,33,,4806.392663,8.226345607,2.68079551,18.90935456,2.714105665,0.387947721,0.13240733,2.682367499,16.55894965,219.0318815,81.13679475,0.158621702,2.253978674,3.0545747,5,4,117.115048,123.1717876,2822.353529,5,-0.020995944,3.233873548,11.00541836,0,4,1,0.199316547,0.205384974,-36.61496539,8984.878484,10.19224638,8.121206716,15.56926131,6.399184993,7.369698956,7.293404121,131.8143854,7.320241951,8.681021581
FXLH,R118,FTPZQ01LPPHF,R118-EVT,R118-EVT_E1AEN-LHWTE1,,FXLH_F05-4FT-02_2_QT1,FAIL,2019/12/5 13:40,2019/12/5 13:45,V1.2.1.0,USBC_PWR_SYS_CURRENT_Energy_Storage;CB Error Could not set FAIL CB,2.426967717,74,53.5,10.004,1.686973211,0.000635,4.813614765,52,56,10.005,1.898497522,0.001789,3000,6,5000,,2513.708008,0.14346123,5.065462234,4.70484259,1,1.786,0.868,4,5000,1008.987408,3000,6,9000,2508.741343,0.143562567,9.035936498,8.675775151,1500,0.868,1.786,4,5000,1517.153303,1500,1.786,1.786,4,5000,1510.800462,16.41961847,3000,1500,500,5,5,5,5000,5000,5000,16.42754394,16.4317293,258,624,1301,3,33,,4806.415069,8.924973405,2.682661034,18.91667352,2.710406154,0.40459916,0.132235091,2.699052901,16.54543491,219.0065385,81.1575945,0.163150874,2.122824336,3.043861887,5,4,116.4283857,122.1999085,2822.263906,5,-0.020852075,3.232319537,11.0060124,0,4,1,0.199344635,0.20538644,-36.61387034,8984.945685,10.20268264,8.109732167,15.5585024,6.407348176,7.352770964,7.290810825,131.7991616,7.309461212,8.580307548
FXLH,R118,FTPZQ01LPPHF,R118-EVT,R118-EVT_E1AEN-LHWTE1,,FXLH_F05-4FT-02_2_QT1,FAIL,2019/12/5 13:46,2019/12/5 13:51,V1.2.1.0,USBC_PWR_SYS_CURRENT_Energy_Storage,2.427005059,70,54.5,9.997,1.682751059,0.000105,4.813614765,49,53,10.004,1.89799578,0.001787,3000,6,5000,,2513.469932,0.14328762,5.065619073,4.705469949,1,1.786,0.868,4,5000,1008.96815,3000,6,9000,2510.809862,0.143304522,9.0360933,8.676282893,1500,0.868,1.786,4,5000,1518.889492,1500,1.786,1.786,4,5000,1509.244889,16.41839403,3000,1500,500,5,5,5,5000,5000,5000,16.44005549,16.41990788,258,624,1301,3,33,,4806.35532,8.95754851,2.679609241,18.92939499,2.710704541,0.395210893,0.132543181,2.694067658,16.55067245,219.0453973,81.1359287,0.156896881,2.357957981,3.055506249,5,4,116.1996065,123.2220331,2822.263906,5,-0.020956557,3.230421436,11.00592777,0,4,1,0.199363686,0.20524191,-36.61448232,8984.908351,10.24642177,8.11102275,15.5591671,6.399607101,7.351393047,7.301011772,131.794336,7.30851996,8.748820883
FXLH,R118,FTPZQ01LPPHF,R118-EVT,R118-EVT_E1AEN-LHWTE1,,FXLH_F05-4FT-02_2_QT1,FAIL,2019/12/5 13:51,2019/12/5 13:56,V1.2.1.0,USBC_PWR_SYS_CURRENT_Energy_Storage,2.426990122,73,53.5,9.998,1.679686401,0.000083,4.813644639,51,52,10.002,1.899260531,0.001812,3000,6,5000,,2513.346405,0.143122312,5.065544388,4.70582844,1,1.786,0.868,4,5000,1010.691316,3000,6,9000,2508.776445,0.143265907,9.036055966,8.676633833,1500,0.868,1.786,4,5000,1514.856075,1500,1.786,1.786,4,5000,1510.826198,16.4048584,3000,1500,500,5,5,5,5000,5000,5000,16.42694285,16.42266844,258,624,1301,3,33,,4806.4076,8.943019742,2.698822439,18.91085862,2.695421315,0.412151014,0.13183239,2.679813017,16.56199902,219.0512418,81.12981299,0.161867568,2.776747485,3.064695592,5,4,116.9842371,122.0995476,2822.34606,5,-0.020950145,3.233105789,11.00608749,0,4,1,0.199337308,0.205342842,-36.61190778,8985.095021,10.19488577,8.109213022,15.55746411,6.396504364,7.355507389,7.293474473,131.8095623,7.304626376,9.038137203
FXLH,R118,FTPZQ01LPPHF,R118-EVT,R118-EVT_E1AEN-LHWTE1,,FXLH_F05-4FT-02_2_QT1,FAIL,2019/12/5 13:56,2019/12/5 14:00,V1.2.1.0,USBC_PWR_SYS_CURRENT_Energy_Storage;CB Error Could not set FAIL CB,2.426997591,73,52.5,9.998,1.686413847,0.000797,4.813637171,51,52,10.005,1.897405246,0.002283,3000,6,5000,,2512.810382,0.143075565,5.065462234,4.705940469,1,1.786,0.868,4,5000,1010.665558,3000,6,9000,2508.814821,0.143207167,9.035973832,8.676693568,1500,0.868,1.786,4,5000,1513.116836,1500,1.786,1.786,4,5000,1509.091344,16.42173341,3000,1500,500,5,5,5,5000,5000,5000,16.44165839,16.43756208,258,624,1301,3,33,,4806.549503,8.946661031,2.701922751,18.92227495,2.71845532,0.412774473,0.135490661,2.68559881,16.56539529,219.0685593,81.14753183,0.161920938,3.436686888,3.070258201,5,4,117.1868797,122.2354823,2822.413277,5,-0.020747959,3.234474866,11.00565205,0,4,1,0.199394277,0.205487189,-36.61179177,8985.117422,10.16290016,8.115389386,15.56898475,6.399131623,7.368379261,7.295893104,131.7493027,7.318267261,8.733469732
FXLH,R118,FTPZQ01LPPHF,R118-EVT,R118-EVT_E1AEN-LHWTE1,,FXLH_F05-4FT-02_2_QT1,FAIL,2019/12/5 14:07,2019/12/5 14:11,V1.2.1.0,USBC_PWR_SYS_CURRENT_Energy_Storage,2.427042402,75,55.5,10.002,1.686475408,0.000082,4.813674514,50,54,10.002,1.897413891,0.002388,3000,6,5000,,2513.727942,0.142955004,5.065514513,4.706164526,1,1.786,0.868,4,5000,1010.664557,3000,6,9000,2508.784775,0.143143405,9.036123168,8.677007173,1500,0.868,1.786,4,5000,1513.937344,1500,1.786,1.786,4,5000,1510.833166,16.42854575,3000,1500,500,5,5,5,5000,5000,5000,16.43506868,16.43364387,258,624,1301,3,33,,4806.444943,8.930892623,2.686139788,18.9132166,2.723091232,0.39635107,0.149063621,2.688027145,16.56613762,219.0615309,81.13540471,0.163036856,2.15051366,3.05361404,5,4,116.6392358,123.1267012,2822.644803,5,-0.02078069,3.233676285,11.00606732,0,4,1,0.199337674,0.205381738,-36.60900092,8985.072621,10.20830832,8.109669093,15.55766789,6.414955827,7.351252345,7.30319509,131.8245483,7.309310806,8.551397992
FXLH,R118,FTPZQ01LPPHF,R118-EVT,R118-EVT_E1AEN-LHWTE1,,FXLH_F05-4FT-02_5_QT1,FAIL,2019/12/5 14:14,2019/12/5 14:18,V1.2.1.0,USBC_PWR_SYS_CURRENT_Energy_Storage,2.428064391,75,56.5,10.003,1.687167588,0.000846,4.818289914,55,58,10.004,1.906229909,0.003207,3000,6,5000,,2512.872457,0.14307614,5.082818674,4.723286581,1,1.786,0.868,4,5000,1010.410769,3000,6,9000,2507.309931,0.14304889,9.076023151,8.717355248,1500,0.868,1.76,4,5000,1525.039332,1500,1.786,1.76,4,5000,1510.354257,16.33938058,3000,1500,500,5,5,5,5000,5000,5000,16.34494312,16.3570917,258,624,1301,3,33,,4809.593426,8.807257188,2.666302704,18.89259601,2.701543808,0.377445053,0.134586776,2.669249366,16.52186239,221.0357612,81.26386574,0.156634596,3.430720097,3.03897416,5,4,116.3678408,122.6744586,2822.74136,5,-0.022132868,3.243701223,11.01327556,0,4,1,0.1985319,0.204422005,-36.40169326,9028.36374,9.84611428,8.139466046,15.54397573,6.405567861,7.375322705,7.319935166,131.1655245,7.349942611,9.346282853
FXLH,R118,FTPZQ01LPPHF,R118-EVT,R118-EVT_E1AEN-LHWTE1,,FXLH_F05-4FT-02_5_QT1,FAIL,2019/12/5 14:20,2019/12/5 14:24,V1.2.1.0,USBC_PWR_SYS_CURRENT_Energy_Storage,2.428086823,75,56.5,10.004,1.687956491,0.000337,4.818274959,51,59,10.006,1.90759,0.003027,3000,6,5000,,2513.022777,0.153740892,5.082848585,4.696494221,1,1.76,0.868,4,5000,1010.445435,3000,6,9000,2507.269441,0.153117501,9.075985771,8.692078939,1500,0.868,1.76,4,5000,1524.891457,1500,1.786,1.76,4,5000,1509.247935,16.34567737,3000,1500,500,5,5,5,5000,5000,5000,16.37035278,16.35611269,258,624,1301,3,33,,4809.683158,8.927405802,2.664990652,18.88675362,2.690176727,0.381955992,0.131443671,2.669518567,16.52023748,221.0479392,81.24166028,0.143303074,3.45536777,3.035639461,5,4,117.4184581,122.6860391,2822.853525,5,-0.022020518,3.233363181,11.01336193,0,4,1,0.198533123,0.204569323,-36.378962,9028.341312,10.19333774,8.127233156,15.54243813,6.391828899,7.423061049,7.319554404,131.1579621,7.33611149,9.366974967
FXLH,R118,FTPZQ01LPPHF,R118-EVT,R118-EVT_E1AEN-LHWTE1,,FXLH_F05-4FT-02_5_QT1,FAIL,2019/12/5 14:25,2019/12/5 14:30,V1.2.1.0,USBC_PWR_SYS_CURRENT_Energy_Storage,2.428071868,76,57.5,10.002,1.696371041,0.001083,4.818252526,54,57,10.004,1.906674827,0.00297,3000,6,5000,,2513.039605,0.151686745,5.08289345,4.701698654,1,1.76,0.868,4,5000,1010.4706,3000,6,9000,2507.323844,0.151769451,9.076090435,8.695555273,1500,0.868,1.76,4,5000,1511.188571,1500,1.786,1.76,4,5000,1508.856199,16.34247335,3000,1500,500,5,5,5,5000,5000,5000,16.36688176,16.35902746,258,624,1301,3,33,,4809.67568,8.883327139,2.668589702,18.88973181,2.697651304,0.37864797,0.137232709,2.669993913,16.52151558,221.1588356,81.25569997,0.144908581,3.45778088,3.043538454,5,4,117.4432227,121.6582904,2822.890913,5,-0.021813606,3.234764246,11.01478319,0,4,1,0.198719808,0.204695491,-36.37062847,9028.520736,9.430729569,8.127184651,15.55036623,6.411386002,7.377961362,7.318140492,131.1627862,7.339582003,9.37780607
FXLH,R118,FTPZQ01LPPHF,R118-EVT,R118-EVT_E1AEN-LHWTE1,,FXLH_F05-4FT-02_5_QT1,FAIL,2019/12/5 14:31,2019/12/5 14:36,V1.2.1.0,USBC_PWR_SYS_CURRENT_Energy_Storage,2.42803448,74,59.5,10.004,1.695625947,0.001009,4.818192705,55,57,10.006,1.908275985,0.002427,3000,6,5000,,2513.09078,0.15085945,5.082900928,4.703777436,1,1.76,0.868,4,5000,1010.42383,3000,6,9000,2508.236292,0.150793242,9.076135291,8.697910208,1500,0.868,1.76,4,5000,1519.625893,1500,1.786,1.76,4,5000,1510.03232,16.34721263,3000,1500,500,5,5,5,5000,5000,5000,16.35150691,16.36265423,258,624,1301,3,33,,4809.660725,8.923253798,2.664224277,18.88988702,2.69817273,0.376186356,0.116564848,2.666528251,16.52587131,221.1124208,81.235214,0.15919322,3.434239114,3.044923264,5,4,117.2113667,122.0694526,2822.898391,5,-0.021970761,3.235041879,11.01371977,0,4,1,0.198547916,0.204445233,-36.36598384,9028.520736,10.07599512,8.146254281,15.54295228,6.41866656,7.381247556,7.318322385,131.1578796,7.337763076,8.502356525
FXLH,R118,FTPZQ01LPPHF,R118-EVT,R118-EVT_E1AEN-LHWTE1,,FXLH_F05-4FT-02_5_QT1,FAIL,2019/12/5 14:36,2019/12/5 14:41,V1.2.1.0,USBC_PWR_SYS_CURRENT_Energy_Storage,2.428049435,75,57.5,10.009,1.697854037,0.001072,4.818192705,52,57,10.002,1.907480661,0.002974,3000,6,5000,,2513.136902,0.150231843,5.082945794,4.705392605,1,1.76,0.868,4,5000,1010.440428,3000,6,9000,2508.303583,0.150258669,9.076180147,8.69928579,1500,0.868,1.76,4,5000,1513.924338,1500,1.786,1.76,4,5000,1510.41876,16.33935833,3000,1500,500,5,5,5,5000,5000,5000,16.37075329,16.35411018,258,624,1301,3,33,,4809.728024,8.934080052,2.671764335,18.89296707,2.694993245,0.380061883,0.122174419,2.671587293,16.52878402,221.1194544,81.25843806,0.145432432,3.454419503,3.058618571,5,4,117.4300194,122.0529101,2822.853525,5,-0.021658285,3.239991598,11.01651742,0,4,1,0.198862236,0.204857725,-36.37512111,9028.66278,10.21749309,8.133829798,15.54546725,6.406140216,7.422944638,7.318530955,131.1389736,7.347187543,9.347172915
FXLH,R118,FTPZQ01LPPHF,R118-EVT,R118-EVT_E1AEN-LHWTE1,,FXLH_F05-4FT-02_5_QT1,FAIL,2019/12/5 14:45,2019/12/5 14:50,V1.2.1.0,USBC_PWR_SYS_CURRENT_Energy_Storage,2.428079346,74,56.5,10.005,1.696982058,0.00042,4.818185227,54,57,10.006,1.906787241,0.002418,3000,6,5000,,2511.989592,0.150136736,5.08270651,4.70556459,1,1.76,0.868,4,5000,1010.400445,3000,6,9000,2508.127086,0.150060593,9.075896059,8.699525021,1500,0.868,1.76,4,5000,1525.055174,1500,1.786,1.76,4,5000,1510.229834,16.31490542,3000,1500,500,5,5,5,5000,5000,5000,16.36134147,16.34710138,258,624,1301,3,33,,4809.458829,8.888616579,2.662948603,18.88908184,2.709809012,0.381225996,0.113152541,2.667980967,16.52526257,221.1324812,81.24524235,0.157250606,2.84439263,3.033670169,5,4,116.768251,122.7126955,2822.823614,5,-0.02216771,3.236061549,11.01289136,0,4,1,0.198427861,0.204372674,-36.36466746,9028.004893,9.504248171,8.128700424,15.54447533,6.420233262,7.37938255,7.316333691,131.1384328,7.334045189,9.36310914
FXLH,R118,FTPZQ01LPPHF,R118-EVT,R118-EVT_E1AEN-LHWTE1,,FXLH_F05-4FT-02_5_QT1,FAIL,2019/12/5 14:50,2019/12/5 14:55,V1.2.1.0,USBC_PWR_SYS_CURRENT_Energy_Storage,2.428049435,72,58.5,10.002,1.695855725,0.001308,4.818200183,54,58,10.002,1.906643641,0.002819,3000,6,5000,,2512.34686,0.149701673,5.082878495,4.706775967,1,1.76,0.868,4,5000,1010.471401,3000,6,9000,2507.322285,0.149795685,9.076120339,8.700534279,1500,0.868,1.76,4,5000,1525.109486,1500,1.786,1.76,4,5000,1510.323685,16.34147209,3000,1500,500,5,5,5,5000,5000,5000,16.36407824,16.35395442,258,624,1301,3,33,,4809.64577,8.562107063,2.666984195,18.9071644,2.703074132,0.380830683,0.119089519,2.673178248,16.5271106,221.1752531,81.25175169,0.145946582,3.015975648,3.038261141,5,4,117.3791398,122.0602108,2822.883435,5,-0.021584689,3.235833273,11.01629643,0,4,1,0.198838579,0.204834924,-36.3721692,9028.453452,10.21727724,8.130613935,15.54601778,6.414257481,7.378504614,7.321322401,131.164775,7.334792162,9.358906207
FXLH,R118,FTPZQ01LPPHF,R118-EVT,R118-EVT_E1AEN-LHWTE1,,FXLH_F05-4FT-02_5_QT1,FAIL,2019/12/5 14:56,2019/12/5 15:01,V1.2.1.0,USBC_PWR_SYS_CURRENT_Energy_Storage,2.428041958,73,53.5,10.003,1.68825743,0.000846,4.818125406,54,58,10.002,1.907251694,0.002947,3000,6,5000,,2513.112016,0.15016192,5.082930839,4.705557113,1,1.786,0.868,4,5000,1010.456538,3000,6,9000,2508.238072,0.150095681,9.076038103,8.699562401,1500,0.868,1.76,4,5000,1522.650333,1500,1.786,1.76,4,5000,1510.295873,16.34790238,3000,1500,500,5,5,5,5000,5000,5000,16.3575812,16.35253042,258,624,1301,3,33,,4809.638292,8.892409648,2.670071521,18.89163562,2.692626215,0.394778215,0.118509887,2.670052119,16.52268455,221.1218046,81.26424408,0.159726772,3.422154164,3.056785093,5,4,117.4113717,122.6983359,2822.958212,5,-0.021998085,3.235154054,11.01349598,0,4,1,0.198540458,0.204543038,-36.35803564,9028.393644,9.444628596,8.125520939,15.54204524,6.414667346,7.374044606,7.317534183,131.1686096,7.332599749,9.401090761
FXLH,R118,FTPZQ01LPPHF,R118-EVT,R118-EVT_E1AEN-LHWTE1,,FXLH_F05-4FT-02_5_QT1,FAIL,2019/12/5 15:01,2019/12/5 15:06,V1.2.1.0,USBC_PWR_SYS_CURRENT_Energy_Storage,2.428064391,76,56.5,10.008,1.68786404,0.000888,4.818252526,55,56,10.004,1.908628312,0.00269,3000,6,5000,,2512.994418,0.149835681,5.083065436,4.706529205,1,1.786,0.868,4,5000,1010.481903,3000,6,9000,2508.277806,0.149857842,9.076269858,8.70038476,1500,0.868,1.76,4,5000,1511.342141,1500,1.786,1.76,4,5000,1510.345001,16.35157366,3000,1500,500,5,5,5,5000,5000,5000,16.365569,16.35660219,258,624,1301,3,33,,4809.436396,8.933859355,2.669113553,18.88886842,2.700408797,0.385572019,0.133573028,2.671686728,16.52778482,221.1576132,81.2567404,0.143240018,3.424545446,3.055557924,5,4,117.2346678,122.0082055,2822.980644,5,-0.021597404,3.237799139,11.0166896,0,4,1,0.198821402,0.204789873,-36.36184737,9028.6254,9.633513247,8.125319645,15.54428374,6.408897709,7.384812653,7.318494576,131.1368393,7.335505181,9.345788105
FXLH,R118,FTPZQ01LPPHF,R118-EVT,R118-EVT_E1AEN-LHWTE1,,FXLH_F05-4FT-02_5_QT1,FAIL,2019/12/5 15:06,2019/12/5 15:11,V1.2.1.0,USBC_PWR_SYS_CURRENT_Energy_Storage,2.428056913,75,55.5,10.004,1.695240015,0.001468,4.818230093,53,61,10.004,1.907383963,0.002941,3000,6,5000,,2513.13432,0.149431609,5.08302057,4.707478864,1,1.76,0.868,4,5000,1009.36341,3000,6,9000,2509.303601,0.149513546,9.07624743,8.70107255,1500,0.868,1.76,4,5000,1524.433171,1500,1.786,1.76,4,5000,1510.397133,16.32400573,3000,1500,500,5,5,5,5000,5000,5000,16.3652575,16.35609044,258,624,1301,3,33,,4809.735501,8.896845404,2.668061,18.90638833,2.70228593,0.36867055,0.120112968,2.672312439,16.52401843,221.1569778,81.25787298,0.146591694,3.336623368,3.056074499,5,4,117.4263896,122.1507004,2822.928301,5,-0.021570753,3.238128933,11.0161635,0,4,1,0.198776351,0.204741581,-36.36295061,9028.66278,10.18700787,8.138881564,15.55023042,6.392760189,7.389376947,7.331806696,131.1570259,7.335881093,9.377796369
FXLH,R118,FTPZQ01LPPHF,R118-EVT,R118-EVT_E1AEN-LHWTE1,,FXLH_F05-4FT-02_6_QT1,FAIL,2019/12/5 15:19,2019/12/5 15:23,V1.2.1.0,USBC_PWR_SYS_CURRENT_Energy_Storage,2.424202498,71,58.5,10.005,1.700385837,0.00016,4.80642115,52,52,10.005,1.912534266,0.000885,3000,6,5000,,2513.009126,0.166522342,5.083791278,4.665319113,1,1.76,0.868,4,5000,1010.627671,3000,6,9000,2508.89638,0.164453992,9.06467777,8.652079743,1500,0.868,1.786,4,5000,1520.868176,1500,1.76,1.806,4,5000,1510.787256,16.41204702,3000,1500,500,5,5,5,5000,5000,5000,16.44424317,16.44038321,258,624,1301,3,33,,4798.588365,8.995691941,2.720920772,18.95301066,2.762558496,0.433325707,0.17980893,2.735801633,16.60644887,221.8317326,81.52981976,0.205094968,3.486999459,3.105236451,5,4,117.6427477,122.6933482,2822.577974,5,-0.01982342,3.244057223,11.02745579,0,4,1,0.200796646,0.206668687,-36.43008664,9014.385859,10.26851974,8.189623828,15.61204463,6.466390461,7.435708014,7.367670802,131.4186614,7.381246154,9.000250284
FXLH,R118,FTPZQ01LPPHF,R118-EVT,R118-EVT_E1AEN-LHWTE1,,FXLH_F05-4FT-02_6_QT1,FAIL,2019/12/5 15:24,2019/12/5 15:28,V1.2.1.0,USBC_PWR_SYS_CURRENT_Energy_Storage,2.424195039,74,55.5,10.009,1.701121321,0.000954,4.806525587,51,54,10.004,1.913281037,0.001196,3000,6,5000,,2513.944979,0.150092359,5.083925554,4.706601623,1,1.76,0.868,4,5000,1010.203766,3000,6,9000,2509.07502,0.149540817,9.064886605,8.689677478,1500,0.868,1.786,4,5000,1514.897341,1500,1.76,1.786,4,5000,1510.934694,16.4304767,3000,1500,500,5,5,5,5000,5000,5000,16.46363226,16.45410506,258,624,1301,3,33,,4798.469008,7.43903135,2.719153351,18.94388668,2.761967735,0.435304635,0.193430473,2.737129022,16.60546184,221.9063007,81.52591782,0.200310532,2.704204418,3.083332096,5,4,117.5505242,121.8562272,2822.525755,5,-0.019905139,3.235466348,11.02595054,0,4,1,0.200555388,0.206637232,-36.40387927,9014.631986,9.927332059,8.192915559,15.60862162,6.459376692,7.427451944,7.377689431,131.4130013,7.385021677,9.196808443
FXLH,R118,FTPZQ01LPPHF,R118-EVT,R118-EVT_E1AEN-LHWTE1,,FXLH_F05-4FT-02_6_QT1,FAIL,2019/12/5 15:30,2019/12/5 15:34,V1.2.1.0,USBC_PWR_SYS_CURRENT_Energy_Storage,2.424180119,75,54.5,10.008,1.692594744,0.000732,4.806503208,52,56,10.009,1.913069638,0.000558,3000,6,5000,,2514.011118,0.147818435,5.083962853,4.712345665,1,1.76,0.868,4,5000,1010.474276,3000,6,9000,2509.147408,0.146861271,9.064894063,8.696397485,1500,0.868,1.786,4,5000,1514.272941,1500,1.76,1.786,4,5000,1510.628707,16.41800432,3000,1500,500,5,5,5,5000,5000,5000,16.44533646,16.43442591,258,624,1301,3,33,,4798.364571,8.989407506,2.714062594,18.94204632,2.744563375,0.426307075,0.171774092,2.729692239,16.59491566,220.8188001,81.40288876,0.19379271,2.589446019,3.094403398,5,4,117.6337572,122.7886841,2822.525755,5,-0.020224928,3.234610288,11.02347823,0,4,1,0.200345646,0.206307044,-36.39345003,9014.460443,10.26253433,8.183541175,15.60654788,6.46076729,7.4321051,7.363931746,131.4280268,7.380990887,9.403193174
FXLH,R118,FTPZQ01LPPHF,R118-EVT,R118-EVT_E1AEN-LHWTE1,,FXLH_F05-4FT-02_6_QT1,FAIL,2019/12/5 15:37,2019/12/5 15:42,V1.2.1.0,USBC_PWR_SYS_CURRENT_Energy_Storage,2.424187579,72,55.5,10.006,1.691023188,0.000756,4.806495748,52,54,10.005,1.914266837,0.000608,3000,6,5000,,2514.012613,0.147468207,5.083836037,4.713099105,1,1.76,0.868,4,5000,1010.630661,3000,6,9000,2509.119596,0.14764467,9.064774729,8.694316595,1500,0.868,1.786,4,5000,1514.116668,1500,1.76,1.786,4,5000,1510.94248,16.41586237,3000,1500,500,5,5,5,5000,5000,5000,16.45272172,16.42916029,258,624,1301,3,33,,4798.058719,8.951800573,2.727932111,18.95757629,2.74635997,0.45191402,0.188142796,2.721521258,16.59325521,220.5217652,81.35886125,0.19886888,3.476304979,3.089390437,5,4,116.5599771,121.7467069,2822.33926,5,-0.020313793,3.235618836,11.02251565,0,4,1,0.200231797,0.206258304,-36.39575811,9014.221775,10.26663076,8.188157865,15.60472211,6.464695973,7.422854704,7.371886357,131.4143313,7.380842588,9.396879566
FXLH,R118,FTPZQ01LPPHF,R118-EVT,R118-EVT_E1AEN-LHWTE1,,FXLH_F05-4FT-02_6_QT1,FAIL,2019/12/5 15:42,2019/12/5 15:47,V1.2.1.0,USBC_PWR_SYS_CURRENT_Energy_Storage;CB Error Could not set FAIL CB,2.424187579,72,52.5,10.003,1.700287902,0.000797,4.806450989,52,55,10.006,1.911987897,0.001079,3000,6,5000,,2514.067011,0.147459082,5.084015072,4.713293059,1,1.76,0.868,4,5000,1010.814801,3000,6,9000,2511.173223,0.147568478,9.065020856,8.694450846,1500,0.868,1.786,4,5000,1518.786025,1500,1.76,1.786,4,5000,1511.000491,16.43255171,3000,1500,500,5,5,5,5000,5000,5000,16.45894675,16.43105681,258,624,1301,3,33,,4798.625664,8.401882134,2.732171977,18.94983562,2.74202529,0.414465109,0.19067845,2.722547189,16.60254936,220.7289051,81.40711161,0.201917499,2.82343364,3.08569271,5,4,116.9509692,122.7528591,2822.443697,5,-0.01988022,3.233279947,11.02718277,0,4,1,0.200644012,0.20658782,-36.4030944,9014.75132,10.27279607,8.184443119,15.61153653,6.46983049,7.427396029,7.362635961,131.4179539,7.383414709,9.426546474
FXLH,R118,FTPZQ01LPPHF,R118-EVT,R118-EVT_E1AEN-LHWTE1,,FXLH_F05-4FT-02_6_QT1,FAIL,2019/12/5 15:47,2019/12/5 15:52,V1.2.1.0,USBC_PWR_SYS_CURRENT_Energy_Storage;CB Error Could not set FAIL CB,2.42415028,74,54.5,10.003,1.700447569,0.000981,4.806473369,52,53,10.006,1.912734598,0.000353,3000,6,5000,,2513.346002,0.146403196,5.084000152,4.716038264,1,1.76,0.868,4,5000,1010.866141,3000,6,9000,2510.309066,0.146573449,9.064976105,8.697031448,1500,0.868,1.786,4,5000,1518.985226,1500,1.76,1.786,4,5000,1510.106831,16.42135111,3000,1500,500,5,5,5,5000,5000,5000,16.43556382,16.43891062,258,624,1301,3,33,,4798.573445,8.539590269,2.731819465,18.94545232,2.753436948,0.449582579,0.190576343,2.718173611,16.59586866,220.7635147,81.40972749,0.199430468,3.483591034,3.087185415,5,4,117.581932,122.3051089,2822.451157,5,-0.019715317,3.235407484,11.02779609,0,4,1,0.200697578,0.206640774,-36.40231177,9014.736403,10.27166804,8.186324803,15.61110379,6.453204088,7.427699918,7.366464968,131.3957488,7.381034647,9.424480026
FXLH,R118,FTPZQ01LPPHF,R118-EVT,R118-EVT_E1AEN-LHWTE1,,FXLH_F05-4FT-02_6_QT1,FAIL,2019/12/5 15:52,2019/12/5 15:56,V1.2.1.0,USBC_PWR_SYS_CURRENT_Energy_Storage,2.424195039,72,53.5,10.004,1.691470486,0.000949,4.806518128,52,55,10.012,1.913032876,0.00064,3000,6,5000,,2514.146453,0.148157632,5.08407475,4.711584766,1,1.76,0.868,4,5000,1010.392168,3000,6,9000,2511.177218,0.147592004,9.065058148,8.694428471,1500,0.868,1.786,4,5000,1515.016554,1500,1.76,1.786,4,5000,1511.053661,16.41775888,3000,1500,500,5,5,5,5000,5000,5000,16.45278865,16.4394461,258,624,1301,3,33,,4798.483927,8.246460889,2.713848656,18.9616557,2.747140358,0.460286783,0.191507461,2.721445893,16.5988881,220.715353,81.41013105,0.196423177,3.532371377,3.096608421,5,4,117.5365239,122.3029552,2822.570514,5,-0.019827818,3.238382111,11.02736666,0,4,1,0.200586721,0.206535232,-36.40012815,9014.781154,9.531903748,8.176313468,15.61096279,6.464163559,7.42748598,7.365986039,131.4477155,7.383806119,9.40810889
FXLH,R118,FTPZQ01LPPHF,R118-EVT,R118-EVT_E1AEN-LHWTE1,,FXLH_F05-4FT-02_6_QT1,FAIL,2019/12/5 16:02,2019/12/5 16:07,V1.2.1.0,USBC_PWR_SYS_CURRENT_Energy_Storage,2.424187579,73,53.5,10.006,1.691187455,0.000744,4.806510668,51,53,10.008,1.914111655,0.00092,3000,6,5000,,2514.224735,0.163575673,5.083985232,4.67271923,1,1.76,0.868,4,5000,1010.868551,3000,6,9000,2509.349128,0.161841444,9.064931355,8.658814668,1500,0.868,1.786,4,5000,1519.4374,1500,1.76,1.786,4,5000,1510.928468,16.4261928,3000,1500,500,5,5,5,5000,5000,5000,16.45423893,16.43560845,258,624,1301,3,33,,4798.334732,8.180857223,2.731624976,18.94770596,2.773544709,0.439245474,0.193367264,2.720242491,16.59951533,220.9804357,81.4179009,0.201997726,2.803962832,3.097495778,5,4,117.4555192,122.7959492,2822.771928,5,-0.01989384,3.236907691,11.02650443,0,4,1,0.20053621,0.206433537,-36.37591828,9014.602153,10.23572399,8.185420428,15.60998305,6.467873442,7.431810935,7.363834501,131.4136529,7.380735619,9.099111616
FXLH,R118,FTPZQ01LPPHF,R118-EVT,R118-EVT_E1AEN-LHWTE1,,FXLH_F05-4FT-02_6_QT1,FAIL,2019/12/5 16:07,2019/12/5 16:12,V1.2.1.0,USBC_PWR_SYS_CURRENT_Energy_Storage;CB Error Could not set FAIL CB,2.424165199,71,55.5,9.995,1.699904477,0.000221,4.806473369,53,51,10.005,1.913098109,0.00049,3000,6,5000,,2512.675575,0.160764066,5.084186647,4.680238704,1,1.76,0.868,4,5000,1010.886958,3000,6,9000,2509.380981,0.165322811,9.065110356,8.650252438,1500,0.868,1.786,4,5000,1511.341954,1500,1.76,1.806,4,5000,1511.095786,16.42168579,3000,1500,500,5,5,5,5000,5000,5000,16.45182924,16.42775464,258,624,1301,3,33,,4798.521226,8.957671718,2.715995331,18.94740936,2.743372128,0.433687943,0.195348624,2.72004557,16.60435082,220.9011922,81.41991873,0.201545539,3.48445408,3.09447147,5,4,117.59952,122.7626113,2822.853986,5,-0.019756543,3.235327876,11.02753708,0,4,1,0.200711137,0.206728116,-36.37910037,9014.728945,9.566447475,8.190345869,15.61028694,6.460852379,7.430255021,7.361952817,131.3920143,7.385152957,9.042101946
FXLH,R118,FTPZQ01LPPHF,R118-EVT,R118-EVT_E1AEN-LHWTE1,,FXLH_F05-4FT-02_6_QT1,FAIL,2019/12/5 16:12,2019/12/5 16:16,V1.2.1.0,USBC_PWR_SYS_CURRENT_Energy_Storage,2.42415774,73,55.5,10.004,1.700500487,0.000154,4.80643607,53,53,10.003,1.912850875,0.00065,3000,6,5000,,2514.242034,0.165167835,5.083955393,4.66868348,1,1.76,0.868,4,5000,1010.818438,3000,6,9000,2509.348593,0.164240077,9.065020856,8.652885249,1500,0.868,1.786,4,5000,1519.523658,1500,1.76,1.806,4,5000,1510.593187,16.41858443,3000,1500,500,5,5,5,5000,5000,5000,16.45031203,16.43804045,258,624,1301,3,33,,4798.439169,8.586802542,2.735237614,18.96079752,2.747563372,0.438795718,0.189550412,2.72013309,16.6002082,220.8721332,81.4302923,0.200971795,3.512018073,3.097177302,5,4,117.0002716,121.9443945,2822.71225,5,-0.019697606,3.236518624,11.02770471,0,4,1,0.200657877,0.206729154,-36.38116009,9014.691653,9.504018848,8.170629518,15.60794334,6.455263243,7.425606727,7.361121375,131.378399,7.379055718,8.846790949
FXLH,R118,FTPZQ01NPPHF,R118-EVT,R118-EVT_E1AEN-LHWTE1,,FXLH_F05-4FT-02_6_QT1,FAIL,2019/12/5 11:44,2019/12/5 11:48,V1.2.1.0,USBC_PWR_SYS_CURRENT_Energy_Storage,2.424098061,76,48.5,9.997,1.804041235,0.000907,4.80644353,53,53,9.998,1.920963096,0.001601,3000,6,5000,,2513.639441,0.155829413,5.083925554,4.692226596,1,1.806,0.902,4,5000,1009.129356,3000,6,9000,2509.108368,0.154945852,9.064759812,8.675983877,1500,0.902,1.806,4,5000,1514.444877,1500,1.806,1.806,4,5000,1509.74357,16.34049259,3000,1500,500,5,5,5,5000,5000,5000,16.33980092,16.33625332,258,624,1301,3,33,,4798.454088,7.709828499,2.722437788,18.55344215,2.74945478,0.449665237,0.19457796,2.723558533,16.57762313,220.3863173,81.37758327,0.200422363,3.283656054,3.130094612,5,4,119.5471164,121.3817591,2821.60074,5,-0.027215894,3.3364338,11.08896655,0,4,1,0.200544455,0.20629037,-36.44919654,9014.363484,10.21834394,8.167087382,15.44791513,6.42371222,7.409323112,7.356494962,131.2898582,7.367213752,8.94615066
FXLH,R118,FTPZQ01NPPHF,R118-EVT,R118-EVT_E1AEN-LHWTE1,,FXLH_F05-4FT-02_6_QT1,FAIL,2019/12/5 11:51,2019/12/5 11:56,V1.2.1.0,USBC_PWR_SYS_CURRENT_Energy_Storage,2.424053302,72,48.5,9.997,1.800958972,0.000244,4.806383851,52,54,9.998,1.921308285,0.001481,3000,6,5000,,2513.70846,0.15391397,5.083806197,4.696911348,1,1.806,0.902,4,5000,1010.746727,3000,6,9000,2509.117587,0.153586844,9.064610644,8.679243193,1500,0.902,1.806,4,5000,1511.284612,1500,1.806,1.806,4,5000,1510.903479,16.35151469,3000,1500,500,5,5,5,5000,5000,5000,16.34214367,16.33150087,258,624,1301,3,33,,4798.245214,8.735436111,2.714189012,18.54746404,2.73703664,0.446777072,0.172773281,2.736064194,16.5698387,220.3305893,81.38441714,0.195217344,3.251976182,3.133272081,5,4,116.302604,121.3623032,2821.302349,5,-0.025395122,3.335753773,11.08577721,0,4,1,0.200060962,0.205952975,-36.44603295,9014.035315,10.20527183,8.152590638,15.44425873,6.430978826,7.401635924,7.351686214,131.2893014,7.36324374,9.36806841
FXLH,R118,FTPZQ01NPPHF,R118-EVT,R118-EVT_E1AEN-LHWTE1,,FXLH_F05-4FT-02_6_QT1,FAIL,2019/12/5 11:56,2019/12/5 12:00,V1.2.1.0,USBC_PWR_SYS_CURRENT_Energy_Storage,2.424098061,73,54.5,9.994,1.686436409,0.000083,4.806450989,54,52,10.002,1.922602468,0.000967,3000,6,5000,,2512.646289,0.153631673,5.083828577,4.697806523,1,1.806,0.902,4,5000,1010.821294,3000,6,9000,2508.264591,0.153594472,9.064826938,8.679571362,1500,0.902,1.806,4,5000,1512.155447,1500,1.806,1.806,4,5000,1511.018787,16.35278647,3000,1500,500,5,5,5,5000,5000,5000,16.35300959,16.33161243,258,624,1301,3,33,,4798.476468,8.654557744,2.737357547,18.55642757,2.767989609,0.46106474,0.190921562,2.738013949,16.5784643,220.4510313,81.39151843,0.201506641,3.475468675,3.137837717,5,4,116.082318,121.3435331,2821.212831,5,-0.02301081,3.335346766,11.09080257,0,4,1,0.200563512,0.206584827,-36.44548242,9014.542485,10.20693228,8.172105206,15.45604478,6.436018529,7.427967341,7.34609951,131.358156,7.366715373,9.229244393
FXLH,R118,FTPZQ01NPPHF,R118-EVT,R118-EVT_E1AEN-LHWTE1,,FXLH_F05-4FT-02_6_QT1,FAIL,2019/12/5 12:01,2019/12/5 12:05,V1.2.1.0,USBC_PWR_SYS_CURRENT_Energy_Storage;CC_Rp_SYS_CURR-10kohm_5V,2.424075682,72,47.5,9.998,1.802244801,0.000445,4.806480829,52,52,9.994,1.923156119,0.001069,3000,6,5000,,2514.204377,0.153426684,5.083821117,4.698075076,1,1.806,0.902,4,5000,1010.784769,3000,6,9000,2509.23819,0.153294114,9.064692687,8.68004124,1500,0.902,1.806,4,5000,1518.350049,1500,1.806,1.806,4,5000,1511.052322,16.34613751,3000,1500,500,5,5,5,5000,5000,5000,30.16223517,16.3410727,258,624,1301,3,33,,4798.416789,8.988094704,2.737741664,18.55487894,2.758744075,0.446079341,0.196428039,2.724156587,16.5785737,220.6115363,81.39881907,0.20318168,3.477792822,3.139439822,5,4,116.4482491,122.4077014,2821.153153,5,-0.022257631,3.334364006,11.09110138,0,4,1,0.200542379,0.206484781,-36.44443798,9014.572319,9.640983061,8.165446379,15.45185111,6.431175746,7.402537868,7.360068702,131.2803834,7.372866097,9.379958998
FXLH,R118,FTPZQ01NPPHF,R118-EVT,R118-EVT_E1AEN-LHWTE1,,FXLH_F05-4FT-02_6_QT1,FAIL,2019/12/5 12:06,2019/12/5 12:10,V1.2.1.0,USBC_PWR_SYS_CURRENT_Energy_Storage,2.424045843,74,47.5,10,1.802283008,0.000367,4.80643607,54,56,9.997,1.923332855,0.000937,3000,6,5000,,2514.217971,0.15331014,5.083671921,4.698216812,1,1.806,0.902,4,5000,1010.067485,3000,6,9000,2511.187419,0.153145424,9.064670311,8.680093449,1500,0.902,1.806,4,5000,1524.946467,1500,1.806,1.806,4,5000,1509.382607,16.35593246,3000,1500,500,5,5,5,5000,5000,5000,16.35791822,16.3522733,258,624,1301,3,33,,4798.424249,8.092894584,2.735344583,18.55698672,2.761318627,0.441445634,0.200162234,2.721776525,16.57445539,220.641118,81.43132066,0.201620903,3.072764035,3.139240471,5,4,117.0684776,121.7767209,2821.033796,5,-0.022110135,3.33463142,11.08924069,0,4,1,0.200441478,0.206463343,-36.44114433,9014.438068,9.820705742,8.165108454,15.45238352,6.42196911,7.407380651,7.347101129,131.3536799,7.364768049,9.375050575
FXLH,R118,FTPZQ01NPPHF,R118-EVT,R118-EVT_E1AEN-LHWTE1,,FXLH_F05-4FT-02_6_QT1,FAIL,2019/12/5 12:16,2019/12/5 12:20,V1.2.1.0,USBC_PWR_SYS_CURRENT_Energy_Storage,2.424083142,74,49.5,9.992,1.803102688,0.00037,4.806406231,52,54,9.997,1.92257375,0.000949,3000,6,5000,,2512.860152,0.154960427,5.083574944,4.694181063,1,1.806,0.902,4,5000,1010.769843,3000,6,9000,2508.190372,0.154443523,9.064439101,8.677065343,1500,0.902,1.806,4,5000,1513.602824,1500,1.806,1.806,4,5000,1510.921998,16.33569552,3000,1500,500,5,5,5,5000,5000,5000,16.34542353,16.34337083,258,624,1301,3,33,,4798.275053,8.981693575,2.716476692,18.55332546,2.75036888,0.449606891,0.186847011,2.731588509,16.57115879,220.4479484,81.40823721,0.197650891,3.106225915,3.115031418,5,4,116.2557948,121.5605183,2820.817462,5,-0.021979678,3.331707809,11.08536796,0,4,1,0.200070001,0.205970626,-36.44168813,9013.736979,10.21378803,8.16570894,15.44498563,6.429804597,7.407033001,7.341443923,131.3077259,7.359093825,9.270087142
FXLH,R118,FTPZQ01NPPHF,R118-EVT,R118-EVT_E1AEN-LHWTE1,,FXLH_F05-4FT-02_6_QT1,FAIL,2019/12/5 12:22,2019/12/5 12:26,V1.2.1.0,USBC_PWR_SYS_CURRENT_Energy_Storage,2.424090601,74,48.5,10.003,1.801527713,0.000246,4.806480829,53,55,10,1.923447712,0.000577,3000,6,5000,,2514.161409,0.154447025,5.083545105,4.695240354,1,1.806,0.902,4,5000,1009.426708,3000,6,9000,2510.311611,0.154012936,9.064431643,8.677811182,1500,0.902,1.806,4,5000,1514.526316,1500,1.806,1.806,4,5000,1510.95415,16.36075184,3000,1500,500,5,5,5,5000,5000,5000,16.36012711,16.35225099,258,624,1301,3,33,,4798.424249,8.651035057,2.715890793,18.55484491,2.755950722,0.441820026,0.178768413,2.736375376,16.57856154,220.576545,81.43575745,0.203135488,3.528408657,3.135277752,5,4,116.5374187,121.6317332,2820.727944,5,-0.021864613,3.325137393,11.08642136,0,4,1,0.200316146,0.20619857,-36.43562614,9014.191941,9.260374833,8.152505549,15.45951642,6.430093899,7.405039486,7.348399345,131.3260871,7.365480366,9.096554082
FXLH,R118,FTPZQ01NPPHF,R118-EVT,R118-EVT_E1AEN-LHWTE1,,FXLH_F05-4FT-02_6_QT1,FAIL,2019/12/5 12:28,2019/12/5 12:32,V1.2.1.0,USBC_PWR_SYS_CURRENT_Energy_Storage,2.424105521,76,54.5,10,1.691568964,0.000148,4.806503208,53,55,10,1.921946704,0.001469,3000,6,5000,,2513.421047,0.153691164,5.083545105,4.697254498,1,1.806,0.902,4,5000,1009.410777,3000,6,9000,2509.13319,0.153475907,9.064357059,8.679265568,1500,0.902,1.806,4,5000,1516.713601,1500,1.806,1.806,4,5000,1509.334859,16.33330814,3000,1500,500,5,5,5,5000,5000,5000,16.34660606,16.35356739,258,624,1301,3,33,,4798.364571,8.977662785,2.731853501,18.55451914,2.746923989,0.447409162,0.191519616,2.71706016,16.57512394,220.5834207,81.44497867,0.200208425,3.515346271,3.114192683,5,4,116.3934774,121.3716765,2820.556369,5,-0.021897044,3.330422878,11.0862969,0,4,1,0.200129064,0.206139568,-36.43873142,9014.01294,10.03653779,8.163686251,15.45545402,6.415767333,7.401302861,7.355702418,131.3619634,7.362008733,9.380603244
FXLH,R118,FTPZQ01NPPHF,R118-EVT,R118-EVT_E1AEN-LHWTE1,,FXLH_F05-4FT-02_6_QT1,FAIL,2019/12/5 12:35,2019/12/5 12:39,V1.2.1.0,USBC_PWR_SYS_CURRENT_Energy_Storage,2.424090601,72,48.5,10.006,1.80086428,0.0006,4.806458449,52,54,9.998,1.92095686,0.001177,3000,6,5000,,2512.455172,0.154777566,5.083552564,4.694680869,1,1.806,0.902,4,5000,1010.797487,3000,6,9000,2509.101091,0.154063459,9.064327226,8.677766432,1500,0.902,1.806,4,5000,1520.918222,1500,1.806,1.806,4,5000,1510.921284,16.35093458,3000,1500,500,5,5,5,5000,5000,5000,16.33524928,16.36061797,258,624,1301,3,33,,4798.342191,8.976770566,2.732349448,18.54844135,2.735371326,0.43838729,0.191947493,2.717342169,16.57880708,220.611123,81.43744707,0.196615235,3.1373442,3.118906616,5,4,116.1507581,122.0784922,2820.496691,5,-0.021772206,3.322741882,11.08626943,0,4,1,0.200183179,0.206228376,-36.43225904,9014.050232,10.17458142,8.162212995,15.44760638,6.409028279,7.411751797,7.343274553,131.3576138,7.359079238,9.375152682
FXLH,R118,FTPZQ01NPPHF,R118-EVT,R118-EVT_E1AEN-LHWTE1,,FXLH_F05-4FT-02_6_QT1,FAIL,2019/12/5 12:40,2019/12/5 12:45,V1.2.1.0,USBC_PWR_SYS_CURRENT_Energy_Storage;CB Error Could not set FAIL CB,2.4241279,73,56.5,9.996,1.697219849,0.000014,4.806510668,52,56,9.998,1.921045479,0.000929,3000,6,5000,,2514.15806,0.154195026,5.083612243,4.695941574,1,1.806,0.902,4,5000,1010.256891,3000,6,9000,2510.351634,0.153903522,9.064580811,8.678228852,1500,0.902,1.806,4,5000,1526.214946,1500,1.806,1.806,4,5000,1510.969121,16.35834215,3000,1500,500,5,5,5,5000,5000,5000,16.35381282,16.3507784,258,624,1301,3,33,,4798.424249,8.955641736,2.717142818,18.55584653,2.751596594,0.430743862,0.193301624,2.73875787,16.57929331,220.7356058,81.46359616,0.202411016,3.303878077,3.135440636,5,4,116.7217304,122.4563606,2820.51161,5,-0.021186923,3.324271242,11.08976879,0,4,1,0.200585011,0.206498157,-36.43170907,9014.333651,9.996767163,8.15910846,15.44926197,6.407401863,7.40698681,7.341434198,131.339469,7.359237261,9.370898229
FXLH,R118,FTPZQ01NPPHF,R118-EVT,R118-EVT_E1AEN-LHWTE1,,FXLH_F05-4FT-02_5_QT1,FAIL,2019/12/5 13:22,2019/12/5 13:26,V1.2.1.0,USBC_PWR_SYS_CURRENT_Energy_Storage,2.427540956,74,50.5,10,1.79556112,0.001252,4.818110451,54,59,9.995,1.915558802,0.002603,3000,6,5000,,2512.624328,0.154884258,5.0826093,4.693443346,1,1.806,0.902,4,5000,1010.20767,3000,6,9000,2506.964349,0.153816051,9.075709159,8.690097803,1500,0.902,1.806,4,5000,1510.930692,1500,1.806,1.806,4,5000,1509.736615,16.25556428,3000,1500,500,5,5,5,5000,5000,5000,16.25422927,16.28675898,258,624,1301,3,33,,4809.301799,8.947421274,2.664233978,18.50846774,2.712775075,0.377852493,0.128783187,2.665965596,16.50683078,221.1046377,81.26288837,0.141440493,3.428534959,3.080457821,5,4,116.528215,122.391571,2821.06637,5,-0.022922249,3.330192019,11.074937,0,4,1,0.198286716,0.204238804,-36.40547863,9027.930133,9.942694451,8.105813472,15.39532332,6.372958138,7.36705265,7.299454049,131.1381539,7.316333691,9.319234197
FXLH,R118,FTPZQ01NPPHF,R118-EVT,R118-EVT_E1AEN-LHWTE1,,FXLH_F05-4FT-02_5_QT1,FAIL,2019/12/5 13:28,2019/12/5 13:32,V1.2.1.0,USBC_PWR_SYS_CURRENT_Energy_Storage,2.42787745,76,49.5,10.002,1.796786867,0.000947,4.81817775,53,57,10.001,1.916668278,0.002457,3000,6,5000,,2512.840091,0.152493319,5.08270651,4.699515185,1,1.806,0.902,4,5000,1010.295491,3000,6,9000,2507.115893,0.15208023,9.076127815,8.694845054,1500,0.902,1.806,4,5000,1519.121193,1500,1.806,1.806,4,5000,1510.18302,16.27512215,3000,1500,500,5,5,5,5000,5000,5000,16.30578286,16.28181945,258,624,1301,3,33,,4809.563516,8.899064495,2.667525023,18.49693332,2.703808978,0.387194502,0.133847079,2.669838698,16.50604015,221.1018509,81.27436216,0.143012046,3.433467889,3.076623523,5,4,117.0770832,122.3137763,2821.328087,5,-0.02318283,3.322759308,11.0763347,0,4,1,0.198468511,0.204455808,-36.3970935,9028.408596,10.18076046,8.111216898,15.39137504,6.3633154,7.370695355,7.302068453,131.0972835,7.328590834,9.34742999
FXLH,R118,FTPZQ01NPPHF,R118-EVT,R118-EVT_E1AEN-LHWTE1,,FXLH_F05-4FT-02_5_QT1,FAIL,2019/12/5 13:33,2019/12/5 13:37,V1.2.1.0,USBC_PWR_SYS_CURRENT_Energy_Storage,2.427899883,78,55.5,10.004,1.685061548,0.001327,4.81820766,54,54,10.003,1.915432138,0.002868,3000,6,5000,,2511.838359,0.151583646,5.082848585,4.702094968,1,1.806,0.902,4,5000,1010.34542,3000,6,9000,2508.0896,0.151341577,9.076187623,8.696609387,1500,0.876,1.806,4,5000,1510.858356,1500,1.806,1.806,4,5000,1510.252974,16.26288457,3000,1500,500,5,5,5,5000,5000,5000,16.2599253,16.26682285,258,624,1301,3,33,,4809.623337,8.919257009,2.670408629,18.51688573,2.70280008,0.391763646,0.138748481,2.671713406,16.50459956,221.0809585,81.28400975,0.141430792,3.411546182,3.076456182,5,4,117.0738875,122.3760137,2821.425297,5,-0.022564601,3.325615843,11.07946662,0,4,1,0.198763269,0.204761265,-36.39674015,9028.827251,9.297736906,8.116338996,15.39431685,6.379329233,7.358593427,7.300814606,131.0642714,7.320240746,9.332965883
FXLH,R118,FTPZQ01NPPHF,R118-EVT,R118-EVT_E1AEN-LHWTE1,,FXLH_F05-4FT-02_5_QT1,FAIL,2019/12/5 13:38,2019/12/5 13:42,V1.2.1.0,USBC_PWR_SYS_CURRENT_Energy_Storage;CB Error Could not set FAIL CB,2.427892405,73,53.5,9.998,1.68642326,0.000966,4.81817775,54,57,10.002,1.916974611,0.002132,3000,6,5000,,2513.02222,0.150824883,5.082885973,4.70385969,1,1.806,0.902,4,5000,1010.395305,3000,6,9000,2508.158494,0.150628021,9.076172671,8.698373719,1500,0.902,1.806,4,5000,1519.477396,1500,1.806,1.78,4,5000,1508.856333,16.25084724,3000,1500,500,5,5,5,5000,5000,5000,16.2737649,16.26304032,258,624,1301,3,33,,4809.630815,8.905064529,2.668938936,18.50108047,2.713883408,0.382409511,0.119965029,2.674296282,16.50175234,221.0542355,81.27467502,0.142951415,3.449059731,3.079553208,5,4,116.8749906,122.0442345,2821.44773,5,-0.022667293,3.326272627,11.07835945,0,4,1,0.198710272,0.204629167,-36.39307257,9028.707636,10.16030117,8.110460224,15.40145674,6.369417294,7.364355788,7.302378883,131.1000315,7.329832554,9.329136435
FXLH,R118,FTPZQ01NPPHF,R118-EVT,R118-EVT_E1AEN-LHWTE1,,FXLH_F05-4FT-02_5_QT1,FAIL,2019/12/5 13:43,2019/12/5 13:47,V1.2.1.0,USBC_PWR_SYS_CURRENT_Energy_Storage;CB Error Could not set FAIL CB,2.42790736,74,58.5,9.996,1.68452382,0.001189,4.818260004,53,57,9.998,1.915832826,0.00272,3000,6,5000,,2512.23919,0.150633775,5.082923361,4.704495289,1,1.806,0.902,4,5000,1010.41295,3000,6,9000,2510.129904,0.150363783,9.076269858,8.698837231,1500,0.902,1.806,4,5000,1519.074713,1500,1.806,1.806,4,5000,1510.104343,16.25042449,3000,1500,500,5,5,5,5000,5000,5000,16.27518891,16.25999205,258,624,1301,3,33,,4809.683158,8.923627285,2.666390013,18.50144668,2.702535729,0.373620456,0.122528503,2.670806367,16.49952354,221.1922188,81.28418437,0.161358956,3.471495589,3.067851445,5,4,116.8795504,122.2240125,2821.537461,5,-0.022358301,3.326592325,11.07999665,0,4,1,0.19876003,0.204816035,-36.39393688,9028.77492,9.682406004,8.105289621,15.40299919,6.36434855,7.35307359,7.304925381,131.0993693,7.318984474,9.352023387
FXLH,R118,FTPZQ01NPPHF,R118-EVT,R118-EVT_E1AEN-LHWTE1,,FXLH_F05-4FT-02_5_QT1,FAIL,2019/12/5 13:48,2019/12/5 13:52,V1.2.1.0,USBC_PWR_SYS_CURRENT_Energy_Storage;CB Error Could not set FAIL CB,2.427914838,74,57.5,9.998,1.686658604,0.000534,4.818230093,57,54,10,1.915348457,0.002894,3000,6,5000,,2513.083034,0.149919662,5.082900928,4.706140368,1,1.806,0.902,4,5000,1010.420136,3000,6,9000,2507.28874,0.149902049,9.076269858,8.70042214,1500,0.902,1.806,4,5000,1511.696653,1500,1.806,1.78,4,5000,1508.700648,16.25480777,3000,1500,500,5,5,5,5000,5000,5000,16.27825943,16.2600143,258,624,1301,3,33,,4809.653248,8.925858502,2.669523417,18.50005945,2.700888994,0.381235697,0.11997473,2.676069129,16.49609911,221.1440189,81.27167257,0.144418683,3.469846428,3.07211986,5,4,117.0505201,122.3463598,2821.60476,5,-0.022255914,3.327100478,11.07930004,0,4,1,0.198719624,0.204749528,-36.39326775,9028.730064,9.512690418,8.10502527,15.39487465,6.364899079,7.363781007,7.299650493,131.1129103,7.325910948,9.332592397
FXLH,R118,FTPZQ01NPPHF,R118-EVT,R118-EVT_E1AEN-LHWTE1,,FXLH_F05-4FT-02_5_QT1,FAIL,2019/12/5 13:53,2019/12/5 13:57,V1.2.1.0,USBC_PWR_SYS_CURRENT_Energy_Storage,2.427899883,75,55.5,10.001,1.686179042,0.000371,4.818215138,54,57,9.996,1.91638603,0.003017,3000,6,5000,,2512.231666,0.149419818,5.082885973,4.707508775,1,1.806,0.902,4,5000,1009.987415,3000,6,9000,2507.379426,0.149395719,9.076232478,8.701640725,1500,0.902,1.806,4,5000,1513.609231,1500,1.806,1.806,4,5000,1510.351765,16.24848873,3000,1500,500,5,5,5,5000,5000,5000,16.25380651,16.28771574,258,624,1301,3,33,,4809.67568,8.743075744,2.667937313,18.50549197,2.716347448,0.379474976,0.123852682,2.671616396,16.49451301,221.0422759,81.27375585,0.164295917,3.430300531,3.08677071,5,4,116.3172617,122.3149923,2821.642148,5,-0.022135924,3.327104965,11.08070728,0,4,1,0.198736495,0.204745188,-36.39287121,9028.767444,9.425954279,8.1148402,15.39977363,6.369169919,7.371381697,7.305820293,131.066755,7.331549621,9.340062123
FXLH,R118,FTPZQ01NPPHF,R118-EVT,R118-EVT_E1AEN-LHWTE1,,FXLH_F05-4FT-02_5_QT1,FAIL,2019/12/5 13:57,2019/12/5 14:02,V1.2.1.0,USBC_PWR_SYS_CURRENT_Energy_Storage;CB Error Could not set FAIL CB,2.427922315,75,54.5,10.001,1.685057804,0.001513,4.81820766,57,59,9.998,1.915824281,0.002543,3000,6,5000,,2512.416823,0.149167728,5.082968227,4.708196717,1,1.806,0.902,4,5000,1010.529296,3000,6,9000,2508.272753,0.149104069,9.076187623,8.702193948,1500,0.902,1.806,4,5000,1510.774763,1500,1.806,1.806,4,5000,1510.41273,16.27136188,3000,1500,500,5,5,5,5000,5000,5000,16.27612341,16.24305969,258,624,1301,3,33,,4809.668203,8.945476235,2.668788571,18.50312252,2.702455696,0.391167038,0.118226135,2.672018985,16.49664964,221.0444733,81.26970813,0.16201377,3.467506076,3.07253215,5,4,117.0555736,121.9746915,2821.784223,5,-0.022141853,3.328285045,11.08064726,0,4,1,0.198792305,0.204721348,-36.39170963,9028.73754,9.519371943,8.109604116,15.39416406,6.369138391,7.364307283,7.301534901,131.0720812,7.330615906,9.356849606
FXLH,R118,FTPZQ01NPPHF,R118-EVT,R118-EVT_E1AEN-LHWTE1,,FXLH_F05-4FT-02_5_QT1,FAIL,2019/12/5 14:02,2019/12/5 14:07,V1.2.1.0,USBC_PWR_SYS_CURRENT_Energy_Storage,2.427922315,75,55.5,10.002,1.686581907,0.001204,4.818185227,54,55,10.002,1.915727129,0.002716,3000,6,5000,,2513.268457,0.148822631,5.082841107,4.708809883,1,1.806,0.902,4,5000,1010.452132,3000,6,9000,2509.372762,0.148824204,9.076165195,8.702709791,1500,0.902,1.806,4,5000,1521.264172,1500,1.806,1.806,4,5000,1510.35982,16.28560197,3000,1500,500,5,5,5,5000,5000,5000,16.28099619,16.27182913,258,624,1301,3,33,,4809.690636,8.925371029,2.667010873,18.49910148,2.687065149,0.399842107,0.117925406,2.671175003,16.52317687,221.0190502,81.27834197,0.14809049,3.416032868,3.081544327,5,4,117.0235177,122.3224377,2821.978642,5,-0.022054626,3.328238492,11.08075719,0,4,1,0.198766265,0.204764749,-36.39132599,9028.804823,9.803233684,8.110254079,15.39570408,6.37827183,7.364413994,7.304023193,131.0765197,7.329277175,9.337387088
FXLH,R118,FTPZQ01NPPHF,R118-EVT,R118-EVT_E1AEN-LHWTE1,,FXLH_F05-4FT-02_5_QT1,FAIL,2019/12/5 14:07,2019/12/5 14:12,V1.2.1.0,USBC_PWR_SYS_CURRENT_Energy_Storage,2.427937271,74,56.5,10.002,1.686306281,0.000943,4.81820766,54,58,10.004,1.915478408,0.002713,3000,6,5000,,2513.221979,0.148614136,5.082923361,4.709423049,1,1.806,0.902,4,5000,1010.467863,3000,6,9000,2508.333077,0.148665336,9.076127815,8.703225634,1500,0.902,1.806,4,5000,1519.066369,1500,1.806,1.806,4,5000,1510.422431,16.26938162,3000,1500,500,5,5,5,5000,5000,5000,16.25736654,16.24234769,258,624,1301,3,33,,4809.630815,8.909691879,2.66811193,18.50362939,2.701548658,0.386636698,0.117624676,2.672397322,16.49651868,220.9790045,81.27140095,0.161060652,3.472594221,3.083950161,5,4,117.0285467,121.5491992,2822.060896,5,-0.02214546,3.330072553,11.08018847,0,4,1,0.198752633,0.20477618,-36.38836175,9028.66278,10.18681143,8.109577438,15.39723683,6.364821471,7.374924966,7.305194582,131.0757581,7.330853579,9.328115411
FXLH,R118,FTPZQ01NPPHF,R118-EVT,R118-EVT_E1AEN-LHWTE1,,FXLH_F05-4FT-02_2_QT1,FAIL,2019/12/5 14:57,2019/12/5 15:01,V1.2.1.0,USBC_PWR_SYS_CURRENT_Energy_Storage,2.426870625,74,56.5,10.003,1.692815923,0.000052,4.813577422,51,54,10.004,1.907080249,0.000537,3000,6,5000,,2513.778079,0.152718,5.065581731,4.681682571,1,1.806,0.902,4,5000,1010.542513,3000,6,9000,2508.714971,0.152418707,9.035988765,8.653613673,1500,0.876,1.806,4,5000,1522.446892,1500,1.806,1.806,4,5000,1509.174094,16.34973633,3000,1500,500,5,5,5,5000,5000,5000,16.35525744,16.34045285,258,624,1301,3,33,,4806.317978,7.859642793,2.681331636,18.52463452,2.710311544,0.405455506,0.136407654,2.68202302,16.52177017,218.9177067,81.11384323,0.159196642,3.412097875,3.099349701,5,4,116.2166471,122.7123375,2821.987569,5,-0.021248019,3.324068394,11.06843791,0,4,1,0.199154188,0.205121743,-36.60127226,8984.848617,10.1912469,8.086108666,15.41495652,6.371347688,7.341890762,7.275432988,131.6790283,7.295728142,9.314506448
FXLH,R118,FTPZQ01NPPHF,R118-EVT,R118-EVT_E1AEN-LHWTE1,,FXLH_F05-4FT-02_2_QT1,FAIL,2019/12/5 15:03,2019/12/5 15:07,V1.2.1.0,USBC_PWR_SYS_CURRENT_Energy_Storage,2.426863157,72,57.5,10,1.684399302,0.000385,4.813569954,52,56,9.998,1.903095966,0.002436,3000,6,5000,,2513.800263,0.152475999,5.065611605,4.682317399,1,1.806,0.902,4,5000,1010.63891,3000,6,9000,2512.290552,0.15227311,9.036167969,8.653613673,1500,0.876,1.806,4,5000,1521.574578,1500,1.806,1.806,4,5000,1510.647184,16.36549821,3000,1500,500,5,5,5,5000,5000,5000,16.37751999,16.37157589,258,624,1301,3,33,,4806.273166,8.948320353,2.680312754,18.52234203,2.719367462,0.401287794,0.135924898,2.680193885,16.52550365,218.8896755,81.12198701,0.160916612,3.438872632,3.101011448,5,4,116.1759257,122.0691798,2821.972632,5,-0.021276293,3.324393431,11.06969379,0,4,1,0.199195037,0.205221943,-36.58913428,8984.953152,10.1658913,8.088832962,15.42190675,6.362590157,7.338378046,7.276987996,131.665641,7.296616025,9.109354611
FXLH,R118,FTPZQ01NPPHF,R118-EVT,R118-EVT_E1AEN-LHWTE1,,FXLH_F05-4FT-02_2_QT1,FAIL,2019/12/5 15:08,2019/12/5 15:12,V1.2.1.0,USBC_PWR_SYS_CURRENT_Energy_Storage;CB Error Could not set FAIL CB,2.426863157,73,56.5,10,1.681167564,0.000623,4.813547548,50,52,9.998,1.904277487,0.001525,3000,6,5000,,2513.856681,0.152053672,5.065566793,4.683325655,1,1.806,0.876,4,5000,1010.537816,3000,6,9000,2508.765464,0.152112058,9.0360709,8.654457422,1500,0.876,1.806,4,5000,1514.328364,1500,1.806,1.806,4,5000,1510.767669,16.34096488,3000,1500,500,5,5,5,5000,5000,5000,16.3347759,16.34474952,258,624,1301,3,33,,4806.295572,8.950578874,2.69726258,18.5461499,2.717581993,0.399895323,0.138430862,2.684228171,16.54270334,218.9512355,81.14122446,0.182866235,3.457610352,3.08468023,5,4,116.7601689,122.2775034,2821.890478,5,-0.021100243,3.323493976,11.06887503,0,4,1,0.199297069,0.205195931,-36.59214818,8985.042754,10.16757246,8.09025697,15.41010713,6.3728469,7.348870102,7.278157284,131.7149613,7.299143822,9.319074434
FXLH,R118,FTPZQ01NPPHF,R118-EVT,R118-EVT_E1AEN-LHWTE1,,FXLH_F05-4FT-02_2_QT1,FAIL,2019/12/5 15:14,2019/12/5 15:18,V1.2.1.0,USBC_PWR_SYS_CURRENT_Energy_Storage;CB Error Could not set FAIL CB,2.426855688,75,55.5,9.997,1.688390918,0.000589,4.813525142,51,54,10.002,1.905188769,0.001907,3000,6,5000,,2513.781309,0.151636342,5.065626542,4.68444594,1,1.806,0.902,4,5000,1010.062911,3000,6,9000,2508.82696,0.151614278,9.036160502,8.655786513,1500,0.876,1.806,4,5000,1521.627853,1500,1.806,1.806,4,5000,1510.77348,16.35214068,3000,1500,500,5,5,5,5000,5000,5000,16.34448237,16.34221159,258,624,1301,3,33,,4806.243292,8.097039812,2.695603258,18.52362291,2.719408702,0.412240773,0.135265051,2.698434294,16.51951893,218.8594536,81.1247768,0.158325741,3.476532441,3.103131693,5,4,116.7623793,122.1629834,2821.860604,5,-0.021126073,3.323882339,11.06936707,0,4,1,0.199186916,0.205136336,-36.59500685,8984.975552,9.756786028,8.096860294,15.42169327,6.375420789,7.343363289,7.277630862,131.6921777,7.308005667,9.374169251
FXLH,R118,FTPZQ01NPPHF,R118-EVT,R118-EVT_E1AEN-LHWTE1,,FXLH_F05-4FT-02_2_QT1,FAIL,2019/12/5 15:19,2019/12/5 15:23,V1.2.1.0,USBC_PWR_SYS_CURRENT_Energy_Storage;CB Error Could not set FAIL CB,2.426840751,70,54.5,10.001,1.684296613,0.000505,4.813510205,54,56,10,1.903648622,0.002051,3000,6,5000,,2513.824229,0.151434696,5.065708696,4.685028488,1,1.806,0.902,4,5000,1010.628313,3000,6,9000,2510.840978,0.151320182,9.036175435,8.656234522,1500,0.876,1.806,4,5000,1511.967376,1500,1.806,1.806,4,5000,1510.814844,16.36349458,3000,1500,500,5,5,5,5000,5000,5000,16.35697166,16.33212665,258,624,1301,3,33,,4806.265698,7.929724875,2.682845403,18.53853255,2.71664074,0.400771076,0.134728925,2.683449455,16.53862054,218.938906,81.13641874,0.177121683,3.440439769,3.057536735,5,4,116.4327151,121.7013711,2821.972632,5,-0.021001256,3.323431771,11.07007206,0,4,1,0.199250541,0.205219195,-36.59435901,8985.080088,10.15978044,8.083292186,15.41234624,6.371301596,7.344510744,7.2768667,131.6548352,7.296041084,9.319661504
FXLH,R118,FTPZQ01NPPHF,R118-EVT,R118-EVT_E1AEN-LHWTE1,,FXLH_F05-4FT-02_2_QT1,FAIL,2019/12/5 15:24,2019/12/5 15:28,V1.2.1.0,USBC_PWR_SYS_CURRENT_Energy_Storage,2.426818345,72,56.5,9.998,1.682126047,0.000702,4.813465394,52,55,9.998,1.903164342,0.002811,3000,6,5000,,2513.839375,0.158192762,5.065701228,4.668030035,1,1.806,0.902,4,5000,1009.111454,3000,6,9000,2508.916431,0.156686111,9.036324771,8.643212413,1500,0.876,1.806,4,5000,1520.595048,1500,1.806,1.806,4,5000,1509.363771,16.367346,3000,1500,500,5,5,5,5000,5000,5000,16.34045285,16.33954008,258,624,1301,3,33,,4806.213418,8.946602809,2.68218313,18.52680813,2.712029087,0.394691748,0.148949603,2.684254856,16.5349938,218.9360384,81.13301761,0.159308234,3.47484886,3.101365631,5,4,116.4476563,122.0140158,2822.316186,5,-0.021060489,3.323200883,11.07000986,0,4,1,0.199283208,0.205263403,-36.58538007,8985.177156,10.16434842,8.086414331,15.41308129,6.366619592,7.339748685,7.277123847,131.6625065,7.298772658,9.321721101
FXLH,R118,FTPZQ01NPPHF,R118-EVT,R118-EVT_E1AEN-LHWTE1,,FXLH_F05-4FT-02_2_QT1,FAIL,2019/12/5 15:29,2019/12/5 15:33,V1.2.1.0,USBC_PWR_SYS_CURRENT_Energy_Storage,2.42679594,73,54.5,10.002,1.68239781,0.000058,4.8134878,52,52,10.001,1.904980267,0.0019,3000,6,5000,,2513.238671,0.157220198,5.065746039,4.670614158,1,1.806,0.876,4,5000,1010.600218,3000,6,9000,2510.856168,0.159027378,9.03623517,8.636940297,1500,0.876,1.806,4,5000,1521.35714,1500,1.806,1.806,4,5000,1510.857699,16.35102756,3000,1500,500,5,5,5,5000,5000,5000,16.35133923,16.34098715,258,624,1301,3,33,,4806.243292,9.004021647,2.699797655,18.52342156,2.726499634,0.41403352,0.134855073,2.699302769,16.51357303,218.9635334,81.11513139,0.176362374,3.457049967,3.084879154,5,4,115.7185254,121.8248113,2822.390872,5,-0.021042536,3.323360039,11.06941414,0,4,1,0.199179162,0.205228721,-36.57452039,8985.02782,10.1672862,8.085555559,15.41618403,6.366527407,7.341716097,7.285903211,131.6484618,7.295407922,9.315132332
FXLH,R118,FTPZQ01NPPHF,R118-EVT,R118-EVT_E1AEN-LHWTE1,,FXLH_F05-4FT-02_2_QT1,FAIL,2019/12/5 15:35,2019/12/5 15:40,V1.2.1.0,USBC_PWR_SYS_CURRENT_Energy_Storage,2.426855688,73,55.5,9.988,1.68919074,0.000751,4.813577422,51,54,9.997,1.904594179,0.002056,3000,6,5000,,2513.803426,0.155568641,5.065663885,4.674594903,1,1.806,0.902,4,5000,1009.358235,3000,6,9000,2510.786542,0.154624482,9.036130635,8.647901567,1500,0.876,1.806,4,5000,1521.511842,1500,1.806,1.806,4,5000,1510.757874,16.36422925,3000,1500,500,5,5,5,5000,5000,5000,16.33506531,16.33971818,258,624,1301,3,33,,4806.310509,8.948999607,2.698465831,18.53857379,2.710566264,0.398151094,0.150853942,2.685268886,16.51946071,218.9145965,81.11514352,0.175797137,3.438423838,3.093529945,5,4,115.8111015,122.7638812,2822.234032,5,-0.02117639,3.324369894,11.07004964,0,4,1,0.199191923,0.205180178,-36.56449124,8984.86355,10.14929081,8.08849576,15.41322685,6.386878357,7.337866179,7.280170788,131.6382673,7.300689126,9.343491207
FXLH,R118,FTPZQ01NPPHF,R118-EVT,R118-EVT_E1AEN-LHWTE1,,FXLH_F05-4FT-02_2_QT1,FAIL,2019/12/5 15:41,2019/12/5 15:46,V1.2.1.0,USBC_PWR_SYS_CURRENT_Energy_Storage,2.426825814,73,56.5,9.998,1.681922575,0.000151,4.813525142,53,54,9.998,1.908400305,0.000071,3000,6,5000,,2513.633282,0.152967466,5.065648948,4.681144834,1,1.806,0.902,4,5000,1009.400155,3000,6,9000,2508.85714,0.152710664,9.036100767,8.652971528,1500,0.876,1.806,4,5000,1523.288194,1500,1.806,1.806,4,5000,1510.282234,16.35047099,3000,1500,500,5,5,5,5000,5000,5000,16.33684631,16.34541739,258,624,1301,3,33,,4806.310509,8.948732757,2.696833194,18.52359865,2.713967388,0.422211259,0.134709518,2.683995284,16.5362674,218.8769118,81.1384468,0.161365405,2.222204119,3.115996288,5,4,115.9206259,122.7618348,2822.166815,5,-0.021089739,3.325387594,11.07025083,0,4,1,0.199288704,0.205261754,-36.56806107,8984.915818,10.16261633,8.083767664,15.41593659,6.364654606,7.327398383,7.275173416,131.650638,7.29413432,9.345364009
FXLH,R118,FTPZQ01NPPHF,R118-EVT,R118-EVT_E1AEN-LHWTE1,,FXLH_F05-4FT-02_2_QT1,FAIL,2019/12/5 15:47,2019/12/5 15:51,V1.2.1.0,USBC_PWR_SYS_CURRENT_Energy_Storage,2.4269005,70,53.5,9.998,1.681122989,0.000624,4.813525142,50,57,9.997,1.904891374,0.002188,3000,6,5000,,2513.83561,0.152233205,5.065671353,4.682982101,1,1.806,0.902,4,5000,1010.172688,3000,6,9000,2508.855715,0.152160157,9.036108234,8.654360353,1500,0.876,1.806,4,5000,1512.370172,1500,1.806,1.806,4,5000,1509.309472,16.35327607,3000,1500,500,5,5,5,5000,5000,5000,16.34336924,16.34221159,258,624,1301,3,33,,4806.295572,8.466081202,2.683306326,18.52400621,2.717625659,0.389342619,0.13358147,2.698133481,16.51919871,218.9092736,81.10878764,0.162122289,3.439534905,3.060251327,5,4,116.3739059,122.7668174,2822.248969,5,-0.021122165,3.32521723,11.06948083,0,4,1,0.199221415,0.205170347,-36.57150145,8985.117422,9.716790068,8.089555883,15.41326566,6.364923882,7.337647848,7.278271302,131.6045372,7.305725313,9.315998382
FXLH,R118,FTPZQ01PPPHF,R118-EVT,R118-EVT_E1AEN-LHWTE1,,FXLH_F05-4FT-02_5_QT1,FAIL,2019/12/5 11:50,2019/12/5 11:55,V1.2.1.0,USBC_PWR_SYS_CURRENT_Energy_Storage;CB Error Could not set FAIL CB,2.427959704,75,56.5,10.012,1.705639941,0.000944,4.818192705,51,59,10.019,1.919031448,0.002743,3000,6,5000,,2513.201722,0.141054991,5.08299066,4.728491014,1,1.78,0.876,4,5000,1010.381844,3000,6,9000,2507.186702,0.141228064,9.076352094,8.722266971,1500,0.876,1.78,4,5000,1520.3308,1500,1.78,1.78,4,5000,1509.713942,16.43643572,3000,1500,500,5,5,5,5000,5000,5000,16.43434421,16.43214144,258,624,1301,3,33,,4809.428919,8.944280594,2.686381233,18.88739145,2.723249669,0.366398104,0.117064447,2.689078095,16.58788459,221.533933,81.39465629,0.142238396,3.490274191,3.005088764,5,4,116.8054746,123.2894401,2825.93431,5,-0.021978097,3.325274831,11.04690673,0,4,1,0.198584715,0.20451932,-36.27179672,9028.498308,10.26138258,8.172667526,15.56326848,6.483805972,7.428641517,7.367666235,131.3995632,7.379125475,9.194608598
FXLH,R118,FTPZQ01PPPHF,R118-EVT,R118-EVT_E1AEN-LHWTE1,,FXLH_F05-4FT-02_5_QT1,FAIL,2019/12/5 11:55,2019/12/5 12:00,V1.2.1.0,USBC_PWR_SYS_CURRENT_Energy_Storage,2.427937271,77,55.5,10.011,1.703952851,0.001044,4.818237571,56,57,10.011,1.916787232,0.003034,3000,6,5000,,2513.277851,0.140916832,5.083028048,4.728864896,1,1.78,0.876,4,5000,1010.587391,3000,6,9000,2508.266476,0.141054007,9.076456758,8.722655722,1500,0.876,1.78,4,5000,1518.493227,1500,1.78,1.78,4,5000,1509.913014,16.43850498,3000,1500,500,5,5,5,5000,5000,5000,16.46306914,16.43915024,258,624,1301,3,33,,4809.593426,8.968663916,2.689366698,18.88596299,2.722805851,0.380913141,0.119332042,2.692779005,16.5965063,221.5660162,81.39553665,0.16130075,3.539601065,3.022140597,5,4,117.8056266,123.315067,2825.949265,5,-0.021408707,3.324104285,11.04967184,0,4,1,0.198933816,0.204856196,-36.27134689,9028.864631,10.2893795,8.187691863,15.56626365,6.487921597,7.430562304,7.377541796,131.4259879,7.384136012,9.442552594
FXLH,R118,FTPZQ01PPPHF,R118-EVT,R118-EVT_E1AEN-LHWTE1,,FXLH_F05-4FT-02_5_QT1,FAIL,2019/12/5 12:03,2019/12/5 12:07,V1.2.1.0,USBC_PWR_SYS_CURRENT_Energy_Storage,2.427922315,74,56.5,10.006,1.705716001,0.001031,4.818215138,54,57,10.013,1.918885268,0.002798,3000,6,5000,,2513.287022,0.140714001,5.08299066,4.729335987,1,1.78,0.876,4,5000,1009.541723,3000,6,9000,2509.251758,0.140846673,9.076307238,8.722887477,1500,0.876,1.78,4,5000,1519.868865,1500,1.78,1.78,4,5000,1510.42123,16.4411305,3000,1500,500,5,5,5,5000,5000,5000,16.45924212,16.45098731,258,624,1301,3,33,,4809.436396,8.990151507,2.687581724,18.89800186,2.732703239,0.383086152,0.116363554,2.687550196,16.58221439,221.4378145,81.3998948,0.141047605,3.523994671,3.014515656,5,4,117.6223629,123.2790013,2825.754846,5,-0.021894476,3.3161365,11.04729878,0,4,1,0.198459892,0.204513085,-36.26449577,9028.58802,10.18588256,8.171003814,15.56126039,6.456691834,7.42096322,7.363252306,131.4619105,7.392992974,9.430419139
FXLH,R118,FTPZQ01PPPHF,R118-EVT,R118-EVT_E1AEN-LHWTE1,,FXLH_F05-4FT-02_5_QT1,FAIL,2019/12/5 12:07,2019/12/5 12:12,V1.2.1.0,USBC_PWR_SYS_CURRENT_Energy_Storage,2.427952226,77,58.5,10.01,1.704554345,0.000763,4.818245048,52,56,10.013,1.918616125,0.002959,3000,6,5000,,2513.34463,0.140660198,5.083110302,4.729582749,1,1.78,0.876,4,5000,1010.592152,3000,6,9000,2507.350956,0.140828219,9.076464234,8.723358465,1500,0.876,1.78,4,5000,1513.064481,1500,1.78,1.78,4,5000,1509.907897,16.42114987,3000,1500,500,5,5,5,5000,5000,5000,16.43545671,16.45114307,258,624,1301,3,33,,4809.578471,8.947363069,2.69061812,18.90448937,2.740085657,0.403863149,0.122664317,2.694879259,16.5828595,221.5025896,81.39950191,0.144365328,2.675373087,3.030112348,5,4,120.6010266,122.2128604,2825.732414,5,-0.021317813,3.324002206,11.0509669,0,4,1,0.19903101,0.204852834,-36.2694472,9028.909487,10.26406004,8.179948084,15.60902541,6.480236025,7.430632636,7.366288701,131.4793054,7.382719675,9.348897258
FXLH,R118,FTPZQ01PPPHF,R118-EVT,R118-EVT_E1AEN-LHWTE1,,FXLH_F05-4FT-02_5_QT1,FAIL,2019/12/5 12:12,2019/12/5 12:17,V1.2.1.0,USBC_PWR_SYS_CURRENT_Energy_Storage,2.427974659,77,55.5,10.018,1.694983681,0.001293,4.818274959,53,61,10.009,1.91763492,0.002835,3000,6,5000,,2513.359054,0.140596912,5.083050481,4.729679958,1,1.78,0.876,4,5000,1010.580248,3000,6,9000,2507.385792,0.140766631,9.076449282,8.723493032,1500,0.876,1.78,4,5000,1511.527507,1500,1.78,1.78,4,5000,1509.827574,16.43556796,3000,1500,500,5,5,5,5000,5000,5000,16.4643819,16.44382277,258,624,1301,3,33,,4809.668203,8.916514068,2.689635899,18.88746906,2.720618288,0.391775773,0.121606914,2.692956047,16.58341973,221.5810876,81.40158519,0.146092096,3.529315639,3.012328093,5,4,117.9080784,123.2830234,2825.717458,5,-0.021282238,3.324768922,11.05126977,0,4,1,0.198984981,0.204971545,-36.26874105,9029.036579,10.28203832,8.170836473,15.56512379,6.485021015,7.425617248,7.363126193,131.4598659,7.378436708,9.461289967
FXLH,R118,FTPZQ01PPPHF,R118-EVT,R118-EVT_E1AEN-LHWTE1,,FXLH_F05-4FT-02_5_QT1,FAIL,2019/12/5 12:23,2019/12/5 12:28,V1.2.1.0,USBC_PWR_SYS_CURRENT_Energy_Storage,2.427937271,74,56.5,10.013,1.705244429,0.001394,4.818162794,56,55,10.006,1.918460968,0.002062,3000,6,5000,,2513.136746,0.140588521,5.082833629,4.72951545,1,1.78,0.876,4,5000,1010.452622,3000,6,9000,2508.150926,0.140711766,9.076187623,8.723261277,1500,0.876,1.78,4,5000,1520.452397,1500,1.78,1.78,4,5000,1510.364225,16.42057136,3000,1500,500,5,5,5,5000,5000,5000,16.43559021,16.45189957,258,624,1301,3,33,,4809.301799,8.733243838,2.6842446,18.88019578,2.71282358,0.364792597,0.118956131,2.701682046,16.58630091,221.4776444,81.40517211,0.14305085,3.530802309,3.012376598,5,4,117.9736744,122.5758866,2825.463219,5,-0.021799609,3.314346188,11.04688766,0,4,1,0.198489967,0.204437164,-36.26457317,9028.2516,10.01623973,8.174898743,15.56484004,6.471936867,7.418809611,7.365005751,131.4519106,7.381400346,9.446040084
FXLH,R118,FTPZQ01PPPHF,R118-EVT,R118-EVT_E1AEN-LHWTE1,,FXLH_F05-4FT-02_5_QT1,FAIL,2019/12/5 12:28,2019/12/5 12:33,V1.2.1.0,USBC_PWR_SYS_CURRENT_Energy_Storage,2.427974659,76,56.5,10.012,1.696564257,0.000978,4.818260004,54,58,10.006,1.916992536,0.002534,3000,6,5000,,2513.338776,0.140467139,5.083043003,4.730001496,1,1.78,0.876,4,5000,1010.530364,3000,6,9000,2508.258307,0.1405895,9.076449282,8.7238145,1500,0.876,1.78,4,5000,1518.134533,1500,1.78,1.78,4,5000,1509.893412,16.44362252,3000,1500,500,5,5,5,5000,5000,5000,16.46273539,16.45230007,258,624,1301,3,33,,4809.615859,8.947969378,2.692538907,18.8994667,2.723450964,0.372691591,0.138893995,2.696302873,16.58565337,221.5210954,81.40580995,0.144581174,3.529412648,3.017923112,5,4,117.0206381,122.5809556,2825.418353,5,-0.021266712,3.316210536,11.05073077,0,4,1,0.198905881,0.204961031,-36.26379467,9028.834727,10.27714176,8.171127501,15.56750295,6.483269995,7.420548505,7.366007374,131.4847723,7.392512777,9.441560673
FXLH,R118,FTPZQ01PPPHF,R118-EVT,R118-EVT_E1AEN-LHWTE1,,FXLH_F05-4FT-02_5_QT1,FAIL,2019/12/5 12:33,2019/12/5 12:37,V1.2.1.0,USBC_PWR_SYS_CURRENT_Energy_Storage,2.427944748,74,57.5,10.009,1.705008082,0.000965,4.818245048,53,58,10.013,1.918864381,0.003002,3000,6,5000,,2512.976254,0.140410037,5.082960749,4.730113661,1,1.78,0.876,4,5000,1010.616983,3000,6,9000,2510.299144,0.140475203,9.076419378,8.723784596,1500,0.876,1.78,4,5000,1517.024428,1500,1.78,1.78,4,5000,1510.50607,16.44417877,3000,1500,500,5,5,5,5000,5000,5000,16.46266864,16.45550409,258,624,1301,3,33,,4809.630815,8.963738262,2.691146821,18.90055806,2.718079066,0.378141096,0.136878624,2.695698989,16.59592182,221.5669548,81.39538871,0.149598987,3.53575464,3.019147856,5,4,117.8176852,122.7138181,2825.403398,5,-0.021222212,3.314446585,11.05116376,0,4,1,0.199015972,0.204925638,-36.26266282,9028.969295,10.26496223,8.183144545,15.57127419,6.488445448,7.429999649,7.366916837,131.4662034,7.37979969,9.441909907
FXLH,R118,FTPZQ01PPPHF,R118-EVT,R118-EVT_E1AEN-LHWTE1,,FXLH_F05-4FT-02_5_QT1,FAIL,2019/12/5 12:37,2019/12/5 12:42,V1.2.1.0,USBC_PWR_SYS_CURRENT_Energy_Storage,2.427914838,75,56.5,10.013,1.705726261,0.000685,4.818237571,52,61,10.016,1.919635183,0.002454,3000,6,5000,,2513.361992,0.140328984,5.082953271,4.730255736,1,1.78,0.876,4,5000,1009.892763,3000,6,9000,2508.337685,0.140519481,9.07639695,8.723926639,1500,0.876,1.78,4,5000,1520.547606,1500,1.78,1.78,4,5000,1510.49292,16.4331872,3000,1500,500,5,5,5,5000,5000,5000,16.44306626,16.45356833,258,624,1301,3,33,,4809.593426,8.947375195,2.690741807,18.88798079,2.727416225,0.386195305,0.12218412,2.696443536,16.58675928,221.6031418,81.40878086,0.145243263,3.368352729,3.018796197,5,4,117.7423067,122.6227851,2825.328621,5,-0.021216894,3.317106813,11.05132474,0,4,1,0.19899525,0.204944159,-36.26264992,9028.976771,9.547587138,8.17903377,15.57212545,6.492468915,7.425673028,7.367122982,131.4885462,7.394688214,9.453812965
FXLH,R118,FTPZQ01PPPHF,R118-EVT,R118-EVT_E1AEN-LHWTE1,,FXLH_F05-4FT-02_5_QT1,FAIL,2019/12/5 12:42,2019/12/5 12:47,V1.2.1.0,USBC_PWR_SYS_CURRENT_Energy_Storage,2.427967181,76,57.5,10.013,1.704894051,0.000906,4.818274959,55,57,10.01,1.917847593,0.002998,3000,6,5000,,2513.376216,0.140301414,5.082945794,4.730315557,1,1.78,0.876,4,5000,1010.172715,3000,6,9000,2509.39816,0.140534578,9.076449282,8.723792072,1500,0.876,1.78,4,5000,1521.281549,1500,1.78,1.78,4,5000,1510.530389,16.43894999,3000,1500,500,5,5,5,5000,5000,5000,16.441442,16.45000831,258,624,1301,3,33,,4809.668203,8.970354306,2.692546182,18.90115467,2.728907745,0.386180753,0.138052439,2.696186461,16.58928395,221.6070175,81.39080501,0.146026614,3.509569368,3.018934436,5,4,116.9216117,122.3477525,2825.283756,5,-0.021127405,3.317387812,11.05149244,0,4,1,0.199004847,0.20496372,-36.26390236,9029.014151,10.26717889,8.179909281,15.57365334,6.485971708,7.421926039,7.369555494,131.5309252,7.382845787,9.461294818
FXLH,R118,FTPZQ01PPPHF,R118-EVT,R118-EVT_E1AEN-LHWTE1,,FXLH_F05-4FT-02_6_QT1,PASS,2019/12/5 13:27,2019/12/5 13:31,V1.2.1.0,,2.42415774,74,54.5,10.018,1.707457587,0.000578,4.806570346,51,56,10.01,1.923731029,0.001472,3000,6,5000,,2514.082837,0.141051961,5.083686841,4.729070528,1,1.78,0.876,4,5000,1010.882451,3000,6,9000,2511.261058,0.140969967,9.064707603,8.710695215,1500,0.876,1.798,4,5000,1511.1932,1500,1.78,1.78,4,5000,1510.94605,16.51459277,3000,1500,500,5,5,5,5000,5000,5000,16.56010915,16.55241153,258,624,1301,3,33,,4798.558525,9.024651395,2.758019602,18.9445528,2.774013914,0.434254393,0.195929661,2.763083617,16.66644152,221.1238024,81.52952559,0.199471797,3.594073101,3.067335353,5,4,116.9852651,123.4164174,2825.28588,5,-0.019634271,3.313833698,11.05763318,0,4,1,0.200715352,0.206605899,-36.29433162,9014.52011,9.763178244,8.230884728,15.63808189,6.53174129,7.465768764,7.411192641,131.8055281,7.426931686,9.511399716
FXLH,R118,FTPZQ01PPPHF,R118-EVT,R118-EVT_E1AEN-LHWTE1,,FXLH_F05-4FT-02_6_QT1,PASS,2019/12/5 13:33,2019/12/5 13:37,V1.2.1.0,,2.42415028,76,53.5,10.014,1.699435321,0.000679,4.806592725,51,54,10.008,1.924126917,0.000839,3000,6,5000,,2514.217168,0.140706181,5.083873336,4.730107439,1,1.78,0.876,4,5000,1010.908958,3000,6,9000,2509.142431,0.140776886,9.064901521,8.711672264,1500,0.876,1.78,4,5000,1512.146545,1500,1.78,1.78,4,5000,1510.063345,16.51608767,3000,1500,500,5,5,5,5000,5000,5000,16.5318176,16.54676661,258,624,1301,3,33,,4798.439169,8.014646685,2.74039158,18.94187858,2.766873727,0.433277084,0.195504215,2.759602259,16.67870407,221.0386022,81.5477541,0.203171955,3.612923974,3.070551719,5,4,119.2636421,122.840015,2825.509673,5,-0.019831604,3.315129281,11.05724635,0,4,1,0.200497608,0.206418267,-36.28436994,9014.490277,10.32936571,8.229601099,15.63567508,6.534872568,7.46547703,7.414805279,131.779501,7.430172363,9.507519655
FXLH,R118,FTPZQ01PPPHF,R118-EVT,R118-EVT_E1AEN-LHWTE1,,FXLH_F05-4FT-02_6_QT1,PASS,2019/12/5 13:44,2019/12/5 13:48,V1.2.1.0,,2.424090601,73,54.5,10.021,1.709755642,0.000809,4.806510668,50,54,10.013,1.92444808,0.001224,3000,6,5000,,2514.37824,0.140281808,5.083850956,4.731129431,1,1.78,0.876,4,5000,1010.827965,3000,6,9000,2509.257409,0.14043456,9.064819479,8.712433019,1500,0.876,1.78,4,5000,1521.174832,1500,1.78,1.78,4,5000,1511.20594,16.53063506,3000,1500,500,5,5,5,5000,5000,5000,16.5430182,16.52708746,258,624,1301,3,33,,4798.588365,9.058533859,2.759718952,18.94196366,2.792923135,0.431779517,0.194137928,2.745820262,16.66620813,221.1762165,81.55835376,0.202622523,3.554504257,3.052425318,5,4,117.0559403,122.8677184,2825.427616,5,-0.019792638,3.317057239,11.05773465,0,4,1,0.200578903,0.206485636,-36.28786205,9014.505193,10.3570391,8.231990886,15.63079097,6.546534631,7.471156117,7.414929266,131.8021462,7.429348215,9.517676857
FXLH,R118,FTPZQ01PPPHF,R118-EVT,R118-EVT_E1AEN-LHWTE1,,FXLH_F05-4FT-02_6_QT1,PASS,2019/12/5 13:49,2019/12/5 13:53,V1.2.1.0,,2.424120441,76,53.5,10.01,1.699538739,0.000254,4.806607645,53,54,10.013,1.924289886,0.000748,3000,6,5000,,2514.417392,0.140235121,5.083947933,4.731338305,1,1.78,0.876,4,5000,1011.010432,3000,6,9000,2509.318704,0.140386545,9.065013397,8.712738813,1500,0.876,1.78,4,5000,1512.877842,1500,1.78,1.78,4,5000,1511.188157,16.5198807,3000,1500,500,5,5,5,5000,5000,5000,16.55375025,16.52867161,258,624,1301,3,33,,4798.39441,9.03117651,2.75574894,18.94465734,2.764148446,0.428166879,0.198202754,2.763419111,16.66649987,221.2724086,81.53808555,0.19723517,3.590582018,3.073896935,5,4,118.1008342,123.3768874,2825.464915,5,-0.019399803,3.316542033,11.06111348,0,4,1,0.20088582,0.206735262,-36.28487225,9014.676736,10.32660153,8.234937399,15.63348221,6.53437662,7.486277658,7.412152931,131.7500701,7.431611584,9.484424053
FXLH,R118,FTPZQ01PPPHF,R118-EVT,R118-EVT_E1AEN-LHWTE1,,FXLH_F05-4FT-02_6_QT1,PASS,2019/12/5 13:54,2019/12/5 13:59,V1.2.1.0,,2.4241279,74,57.5,10.011,1.708485183,0.000654,4.806562886,50,52,10.013,1.924210451,0.000717,3000,6,5000,,2514.388753,0.140067609,5.083761439,4.731577019,1,1.78,0.876,4,5000,1010.956281,3000,6,9000,2508.416824,0.1402943,9.064782187,8.712865606,1500,0.876,1.78,4,5000,1521.046114,1500,1.78,1.78,4,5000,1511.18394,16.53514208,3000,1500,500,5,5,5,5000,5000,5000,16.53594531,16.54652117,258,624,1301,3,33,,4798.424249,9.029550094,2.760698692,18.9583348,2.786045507,0.461033136,0.200507452,2.752245702,16.67078836,221.1959854,81.57562684,0.202277305,3.554482377,3.055311053,5,4,117.3145138,123.3698823,2825.405236,5,-0.019567088,3.313730545,11.05896744,0,4,1,0.200746013,0.206626726,-36.28206522,9014.602153,10.33004642,8.222191058,15.63378367,6.549002214,7.470545907,7.414943853,131.7067977,7.427318233,9.496776553
FXLH,R118,FTPZQ01PPPHF,R118-EVT,R118-EVT_E1AEN-LHWTE1,,FXLH_F05-4FT-02_6_QT1,PASS,2019/12/5 13:59,2019/12/5 14:03,V1.2.1.0,,2.42414282,75,56.5,10.012,1.709099778,0.000916,4.806533047,52,54,10.011,1.925212926,0.000991,3000,6,5000,,2514.460249,0.140030992,5.083798738,4.731696376,1,1.78,0.876,4,5000,1010.97567,3000,6,9000,2509.329039,0.140231409,9.064797104,8.712910356,1500,0.876,1.78,4,5000,1520.689458,1500,1.78,1.78,4,5000,1511.210447,16.53757408,3000,1500,500,5,5,5,5000,5000,5000,16.53295551,16.54748059,258,624,1301,3,33,,4798.454088,9.067409863,2.75980161,18.94568813,2.776252972,0.43836541,0.198134683,2.758282163,16.66685481,221.2306972,81.52825169,0.202634679,3.589434531,3.076379104,5,4,119.2303169,123.0429643,2825.517133,5,-0.019446587,3.318416732,11.06174866,0,4,1,0.200768489,0.20681222,-36.28385024,9014.766237,10.332779,8.234969003,15.63965239,6.525308557,7.476246874,7.414853901,131.7588009,7.430714502,9.516254654
FXLH,R118,FTPZQ01PPPHF,R118-EVT,R118-EVT_E1AEN-LHWTE1,,FXLH_F05-4FT-02_6_QT1,PASS,2019/12/5 14:04,2019/12/5 14:08,V1.2.1.0,,2.42415028,72,55.5,10.01,1.708754987,0.000105,4.806503208,52,58,10.018,1.924191111,0.000878,3000,6,5000,,2513.309283,0.140098087,5.083955393,4.731845572,1,1.78,0.876,4,5000,1011.097761,3000,6,9000,2508.503767,0.140229972,9.064849313,8.713081899,1500,0.876,1.78,4,5000,1518.761794,1500,1.78,1.78,4,5000,1511.23586,16.52831462,3000,1500,500,5,5,5,5000,5000,5000,16.530702,16.52387454,258,624,1301,3,33,,4798.416789,8.035719598,2.760579567,18.96150741,2.76354796,0.455585005,0.200142785,2.751290273,16.66615465,221.2803638,81.56442669,0.204375358,3.587774079,3.074030646,5,4,119.4918894,122.5331527,2825.599191,5,-0.019255422,3.318240138,11.06226835,0,4,1,0.200846853,0.206810877,-36.2834707,9014.878113,10.34399617,8.233573543,15.63761268,6.532969004,7.472315759,7.423571883,131.772336,7.431728277,9.49239082
FXLH,R118,FTPZQ01PPPHF,R118-EVT,R118-EVT_E1AEN-LHWTE1,,FXLH_F05-4FT-02_6_QT1,PASS,2019/12/5 14:08,2019/12/5 14:13,V1.2.1.0,,2.4241279,76,54.5,10.013,1.699578096,0.000681,4.806525587,51,53,10.01,1.92412049,0.001188,3000,6,5000,,2514.458888,0.140045901,5.083798738,4.731659077,1,1.78,0.876,4,5000,1011.052624,3000,6,9000,2509.398347,0.140203759,9.064774729,8.712947648,1500,0.876,1.78,4,5000,1513.020103,1500,1.78,1.78,4,5000,1509.846361,16.51309787,3000,1500,500,5,5,5,5000,5000,5000,16.55247847,16.53324556,258,624,1301,3,33,,4798.38695,8.644215777,2.742263539,18.95038262,2.765237586,0.427950509,0.199671148,2.764838883,16.67124298,221.2094208,81.55097533,0.205722196,3.598045544,3.076529834,5,4,120.8568688,123.4267556,2825.584271,5,-0.019248031,3.318010846,11.06217024,0,4,1,0.200992463,0.206911289,-36.28299922,9014.654361,10.32278954,8.238958465,15.64004623,6.5499309,7.479699058,7.422635904,131.7389396,7.430400888,9.495142843
FXLH,R118,FTPZQ01PPPHF,R118-EVT,R118-EVT_E1AEN-LHWTE1,,FXLH_F05-4FT-02_6_QT1,PASS,2019/12/5 14:27,2019/12/5 14:32,V1.2.1.0,,2.424030923,76,53.5,10.005,1.699835551,0.000094,4.806368932,51,54,10.006,1.923710209,0.001181,3000,6,5000,,2514.256922,0.150649334,5.083746519,4.704975387,1,1.78,0.876,4,5000,1009.486057,3000,6,9000,2509.137274,0.149751126,9.064588269,8.688842138,1500,0.876,1.78,4,5000,1520.730467,1500,1.78,1.78,4,5000,1511.058882,16.50843467,3000,1500,500,5,5,5,5000,5000,5000,16.51793956,16.52797994,258,624,1301,3,33,,4798.140777,9.060118946,2.73498964,18.93838263,2.767802413,0.423749541,0.171176038,2.741295955,16.66017654,221.2198876,81.5537784,0.199287032,2.911972454,3.089064668,5,4,117.4944289,123.3851558,2825.912502,5,-0.019957969,3.31760496,11.05515021,0,4,1,0.200248716,0.206133338,-36.2739805,9014.080065,10.32708289,8.232401745,15.63634364,6.537889583,7.466823868,7.410691831,131.7373714,7.430957614,9.482916761
FXLH,R118,FTPZQ01PPPHF,R118-EVT,R118-EVT_E1AEN-LHWTE1,,FXLH_F05-4FT-02_6_QT1,PASS,2019/12/5 14:32,2019/12/5 14:37,V1.2.1.0,,2.424023463,75,55.5,10.008,1.700308539,0.000026,4.80641369,54,53,10.01,1.92604336,0.001027,3000,6,5000,,2514.366231,0.149637016,5.083955393,4.707713132,1,1.78,0.876,4,5000,1010.982632,3000,6,9000,2509.2254,0.149008714,9.064931355,8.691034904,1500,0.876,1.78,4,5000,1521.592735,1500,1.78,1.78,4,5000,1511.150517,16.49741256,3000,1500,500,5,5,5,5000,5000,5000,16.53596762,16.51869817,258,624,1301,3,33,,4798.334732,9.029204875,2.758172762,18.94654389,2.774473395,0.438438344,0.194874556,2.761073084,16.66440182,221.2766756,81.53051019,0.200750564,3.404448484,3.076162735,5,4,119.757485,123.3363387,2825.972181,5,-0.019468757,3.321513012,11.06107872,0,4,1,0.200741188,0.206778444,-36.27402591,9014.572319,10.33015826,8.232292344,15.63656244,6.549507886,7.479178799,7.41138713,131.7100751,7.430067825,9.43154728