Related Test,Name-1,Name-2,Name-3,Status,Info,Measurement,Units,Upper Limit,Lower Limit,Relaxed Upper Limit,Relaxed Lower Limit,Limit Units,Start Time,End Time,Duration (s)
Scan SN,,,,,,,,,,,,,Jul 5 2019 9:18:58.4390 AM,Jul 5 2019 9:19:01.6920 AM,3.2532
Scan SN,Scan SN,AtlasApp-Hyperion,show-form,PASS,,,,,,,,,Jul 5 2019 9:18:58.4400 AM,Jul 5 2019 9:19:01.6910 AM,3.2503
Fixture init,,,,,,,,,,,,,Jul 5 2019 9:19:01.6950 AM,Jul 5 2019 9:19:08.3950 AM,6.7004
Fixture init,Fixture init,Fixture,changeDelimiter,PASS,,,,,,,,,Jul 5 2019 9:19:01.6960 AM,Jul 5 2019 9:19:01.6960 AM,0
Fixture init,Fixture init,Fixture,changeLineTerminator,PASS,,,,,,,,,Jul 5 2019 9:19:01.6980 AM,Jul 5 2019 9:19:01.6980 AM,0
Fixture init,Fixture init,Fixture,open,PASS,,,,,,,,,Jul 5 2019 9:19:01.7000 AM,Jul 5 2019 9:19:03.2880 AM,1.5888
Fixture init,Fixture init,Fixture,read,PASS,,,,,,,,,Jul 5 2019 9:19:03.2900 AM,Jul 5 2019 9:19:03.3190 AM,.0289
Fixture init,Fixture init,P203,changeDelimiter,PASS,,,,,,,,,Jul 5 2019 9:19:03.3210 AM,Jul 5 2019 9:19:03.3210 AM,0
Fixture init,Fixture init,P203,changeLineTerminator,PASS,,,,,,,,,Jul 5 2019 9:19:03.3230 AM,Jul 5 2019 9:19:03.3230 AM,0
Fixture init,Fixture init,P203,open,PASS,,,,,,,,,Jul 5 2019 9:19:03.3240 AM,Jul 5 2019 9:19:04.9190 AM,1.595
Fixture init,Fixture init,P203,read,PASS,,,,,,,,,Jul 5 2019 9:19:04.9210 AM,Jul 5 2019 9:19:04.9480 AM,.0269
Fixture init,Fixture init,[Fixture] isReady,sendCommand,PASS,,,,,,,,,Jul 5 2019 9:19:04.9500 AM,Jul 5 2019 9:19:04.9650 AM,.0157
Fixture init,Fixture init,[Fixture] Power on,sendCommand,PASS,,,,,,,,,Jul 5 2019 9:19:04.9670 AM,Jul 5 2019 9:19:04.9840 AM,.0172
Fixture init,Fixture init,[Fixture] Engage pogo,sendCommand,PASS,,,,,,,,,Jul 5 2019 9:19:06.0550 AM,Jul 5 2019 9:19:06.3240 AM,.2683
Start Data Reporting,,,,,,,,,,,,,Jul 5 2019 9:19:08.3980 AM,Jul 5 2019 9:19:08.4100 AM,.0126
Start Data Reporting,Start Data Reporting,DRCB,StartDataReporting,PASS,,,,,,,,,Jul 5 2019 9:19:08.4010 AM,Jul 5 2019 9:19:08.4090 AM,.0084
Get SFC Info,,,,,,,,,,,,,Jul 5 2019 9:19:08.4130 AM,Jul 5 2019 9:19:08.4740 AM,.0617
Get SFC Info,Get SFC Info,SFCSupport,getAttributes,PASS,,,,,,,,,Jul 5 2019 9:19:08.4140 AM,Jul 5 2019 9:19:08.4420 AM,.0278
Get SFC Info,Get SFC Info,GET SFC info - pansa,DKB9247009KN5RQ0V,PASS,,,,,,,,,Jul 5 2019 9:19:08.4440 AM,Jul 5 2019 9:19:08.4440 AM,0
Get SFC Info,Get SFC Info,SFCSupport,getAttributes-2,PASS,,,,,,,,,Jul 5 2019 9:19:08.4460 AM,Jul 5 2019 9:19:08.4520 AM,.0061
Get SFC Info,Get SFC Info,GET SFC info - sub_sn,,PASS,,,,,,,,,Jul 5 2019 9:19:08.4530 AM,Jul 5 2019 9:19:08.4530 AM,0
Get SFC Info,Get SFC Info,SFCSupport,getAttributes-3,PASS,,,,,,,,,Jul 5 2019 9:19:08.4550 AM,Jul 5 2019 9:19:08.4590 AM,.0038
Get SFC Info,Get SFC Info,GET SFC info - unit_lbl,R128-P1_P12-M3_P00263,PASS,,,,,,,,,Jul 5 2019 9:19:08.4590 AM,Jul 5 2019 9:19:08.4590 AM,0
Get SFC Info,Get SFC Info,SFCSupport,getAttributes-4,PASS,,,,,,,,,Jul 5 2019 9:19:08.4610 AM,Jul 5 2019 9:19:08.4640 AM,.0028
Get SFC Info,Get SFC Info,GET SFC info - wo_no,WCS-J6000C,PASS,,,,,,,,,Jul 5 2019 9:19:08.4650 AM,Jul 5 2019 9:19:08.4650 AM,0
Get SFC Info,Get SFC Info,SFCSupport,getAttributes-5,PASS,,,,,,,,,Jul 5 2019 9:19:08.4670 AM,Jul 5 2019 9:19:08.4730 AM,.0062
Get SFC Info,Get SFC Info,GET SFC info - mlb_sn,DLX92460084N4731W,PASS,,,,,,,,,Jul 5 2019 9:19:08.4740 AM,Jul 5 2019 9:19:08.4740 AM,0
BUILD EVENT,,,,,,,,,,,,,Jul 5 2019 9:19:08.4780 AM,Jul 5 2019 9:19:08.4790 AM,.0008
BUILD EVENT,BUILD EVENT,BUILD_EVENT,R128-P1,PASS,,,,,,,,,Jul 5 2019 9:19:08.4780 AM,Jul 5 2019 9:19:08.4780 AM,0
S_BUILD,,,,,,,,,,,,,Jul 5 2019 9:19:08.4820 AM,Jul 5 2019 9:19:08.4830 AM,.0011
S_BUILD,S_BUILD,S_BUILD,R128-P1_P12-M3,PASS,,,,,,,,,Jul 5 2019 9:19:08.4830 AM,Jul 5 2019 9:19:08.4830 AM,0
WO_SN,,,,,,,,,,,,,Jul 5 2019 9:19:08.4900 AM,Jul 5 2019 9:19:08.4910 AM,.0011
WO_SN,WO_SN,Get wo_no Pass,,PASS,,,,,,,,,Jul 5 2019 9:19:08.4910 AM,Jul 5 2019 9:19:08.4910 AM,0
UNIT LBL,,,,,,,,,,,,,Jul 5 2019 9:19:08.4940 AM,Jul 5 2019 9:19:08.4950 AM,.0011
UNIT LBL,UNIT LBL,Get unit_lbl Pass,,PASS,,,,,,,,,Jul 5 2019 9:19:08.4950 AM,Jul 5 2019 9:19:08.4950 AM,0
Query MLB SN,,,,,,,,,,,,,Jul 5 2019 9:19:08.4980 AM,Jul 5 2019 9:19:08.4990 AM,.0009
Query MLB SN,Query MLB SN,Query MLB SN,,PASS,,,,,,,,,Jul 5 2019 9:19:08.4980 AM,Jul 5 2019 9:19:08.4980 AM,0
Read MLB SN,,,,,,,,,,,,,Jul 5 2019 9:19:08.5010 AM,Jul 5 2019 9:19:15.9910 AM,7.49
Read MLB SN,Read MLB SN,[Hid] /usr/local/bin/hidreport -p 0x026F -i 0 get 0x12,,PASS,,,,,,,,,Jul 5 2019 9:19:08.5480 AM,Jul 5 2019 9:19:08.5480 AM,0
Read MLB SN,Read MLB SN,[Hid] /usr/local/bin/hidreport -p 0x026F -i 0 get 0x12-2,,PASS,,,,,,,,,Jul 5 2019 9:19:09.1730 AM,Jul 5 2019 9:19:09.1730 AM,0
Read MLB SN,Read MLB SN,[Hid] /usr/local/bin/hidreport -p 0x026F -i 0 get 0x12-3,,PASS,,,,,,,,,Jul 5 2019 9:19:09.7960 AM,Jul 5 2019 9:19:09.7960 AM,0
Read MLB SN,Read MLB SN,[Fixture] Power off,sendCommand,PASS,,,,,,,,,Jul 5 2019 9:19:10.3860 AM,Jul 5 2019 9:19:10.3990 AM,.0131
Read MLB SN,Read MLB SN,[Fixture] Power on,sendCommand,PASS,,,,,,,,,Jul 5 2019 9:19:13.4730 AM,Jul 5 2019 9:19:13.4830 AM,.0103
Read MLB SN,Read MLB SN,[Hid] /usr/local/bin/hidreport -p 0x026F -i 0 get 0x12-4,,PASS,,,,,,,,,Jul 5 2019 9:19:15.6020 AM,Jul 5 2019 9:19:15.6020 AM,0
Read MLB SN,Read MLB SN,Read MLB SN,DLX92460084N4731W,PASS,,,,,,,,,Jul 5 2019 9:19:15.9910 AM,Jul 5 2019 9:19:15.9910 AM,0
Check MLB SN,,,,,,,,,,,,,Jul 5 2019 9:19:15.9930 AM,Jul 5 2019 9:19:15.9930 AM,.0005
Check MLB SN,Check MLB SN,Check MLB SN,,PASS,,,,,,,,,Jul 5 2019 9:19:15.9930 AM,Jul 5 2019 9:19:15.9930 AM,0
Program MTFW,,,,,,,,,,,,,Jul 5 2019 9:19:15.9950 AM,Jul 5 2019 9:19:17.4970 AM,1.5014
Program MTFW,Program MTFW,[Hid] /usr/local/bin/hidreport -p 0x026F -i 0 get 0xbb,,PASS,,,,,,,,,Jul 5 2019 9:19:16.0440 AM,Jul 5 2019 9:19:16.0440 AM,0
Program MTFW,Program MTFW,"Not downloading: already contain Touch FW, version: 0x0497",,PASS,,,,,,,,,Jul 5 2019 9:19:17.4960 AM,Jul 5 2019 9:19:17.4960 AM,0
Read Main FW Version Before DL,,,,,,,,,,,,,Jul 5 2019 9:19:17.4990 AM,Jul 5 2019 9:19:17.9350 AM,.4361
Read Main FW Version Before DL,Read Main FW Version Before DL,[Hid] /usr/local/bin/hidreport -p 0x026F -i 0 get 0xB4,,PASS,,,,,,,,,Jul 5 2019 9:19:17.5530 AM,Jul 5 2019 9:19:17.5530 AM,0
Read Main FW Version Before DL,Read Main FW Version Before DL,Read FW Version Before DL,0x80,PASS,,,,,,,,,Jul 5 2019 9:19:17.9350 AM,Jul 5 2019 9:19:17.9350 AM,0
Read Main FW Version Before DL,Read Main FW Version Before DL,Read FW Version Before DL,,PASS,,128,NA,,,,,NA,Jul 5 2019 9:19:17.9350 AM,Jul 5 2019 9:19:17.9350 AM,0
Program Main FW,,,,,,,,,,,,,Jul 5 2019 9:19:17.9370 AM,Jul 5 2019 9:19:19.0110 AM,1.0733
Program Main FW,Program Main FW,"Not downloading: already contain latest STFW, version: 0x80",,PASS,,,,,,,,,Jul 5 2019 9:19:19.0100 AM,Jul 5 2019 9:19:19.0100 AM,0
Read Main FW Version After DL,,,,,,,,,,,,,Jul 5 2019 9:19:19.0130 AM,Jul 5 2019 9:19:19.0130 AM,.0006
Read Main FW Version After DL,Read Main FW Version After DL,Read FW Version After DL,,PASS,,,,,,,,,Jul 5 2019 9:19:19.0130 AM,Jul 5 2019 9:19:19.0130 AM,0
Read Main FW Version After DL,Read Main FW Version After DL,Read FW Version After DL-2,,PASS,,128,NA,128,128,,,NA,Jul 5 2019 9:19:19.0130 AM,Jul 5 2019 9:19:19.0130 AM,0
Touch FW,,,,,,,,,,,,,Jul 5 2019 9:19:19.0150 AM,Jul 5 2019 9:19:19.4640 AM,.4489
Touch FW,Touch FW,[Hid] /usr/local/bin/hidreport -p 0x026F -i 0 get 0xbb,,PASS,,,,,,,,,Jul 5 2019 9:19:19.0710 AM,Jul 5 2019 9:19:19.0710 AM,0
Touch FW,Touch FW,Touch FW,,PASS,,,,,,,,,Jul 5 2019 9:19:19.4640 AM,Jul 5 2019 9:19:19.4640 AM,0
Enable all endponits,,,,,,,,,,,,,Jul 5 2019 9:19:19.4660 AM,Jul 5 2019 9:19:20.3670 AM,.9012
Enable all endponits,Enable all endponits,[Hid] /usr/local/bin/hidreport -p 0x026F -vid 0x05ac -i 0 set 0x3d 0x3d 0x13 0 0 0,,PASS,,,,,,,,,Jul 5 2019 9:19:19.5150 AM,Jul 5 2019 9:19:19.5150 AM,0
Enable all endponits,Enable all endponits,[Hid] /usr/local/bin/hidreport -p 0x026F -i 0 set 0x3e 0x3e 0x13 0 0 0 0,,PASS,,,,,,,,,Jul 5 2019 9:19:19.9800 AM,Jul 5 2019 9:19:19.9800 AM,0
Enable all endponits,Enable all endponits,Enable all endponits,,PASS,,,,,,,,,Jul 5 2019 9:19:20.3670 AM,Jul 5 2019 9:19:20.3670 AM,0
Fixture reset,,,,,,,,,,,,,Jul 5 2019 9:19:20.3690 AM,Jul 5 2019 9:19:21.6900 AM,1.3208
Fixture reset,Fixture reset,[Fixture] Retract pogo,sendCommand,PASS,,,,,,,,,Jul 5 2019 9:19:20.3700 AM,Jul 5 2019 9:19:20.6110 AM,.2409
Fixture reset,Fixture reset,Fixture,close,PASS,,,,,,,,,Jul 5 2019 9:19:21.6850 AM,Jul 5 2019 9:19:21.6850 AM,.0005
Fixture reset,Fixture reset,P203,close,PASS,,,,,,,,,Jul 5 2019 9:19:21.6870 AM,Jul 5 2019 9:19:21.6890 AM,.0024
Finish DRCB,,,,,,,,,,,,,Jul 5 2019 9:19:21.6920 AM,Jul 5 2019 9:19:21.7750 AM,.0832
Finish DRCB,Finish DRCB,DRCB,Finish-StationFileSecurity,FAIL,station no longer secure,,,,,,,,Jul 5 2019 9:19:21.6930 AM,Jul 5 2019 9:19:21.6930 AM,0
Finish DRCB,Finish DRCB,DRCB,Finish,PASS,,,,,,,,,Jul 5 2019 9:19:21.6930 AM,Jul 5 2019 9:19:21.7730 AM,.0804
Finish DRCB,Finish DRCB,,,FAIL,"$#@!(com.apple.hwte.rush.module.atlas.exception.PluginFailedError, :NIL:, ""DRCB.finish failed"")",,,,,,,,Jul 5 2019 9:19:21.7750 AM,Jul 5 2019 9:19:21.7750 AM,0
