Test,Plugin,Command,Status,Info,Start Time,End Time,Duration (s)
Scan SN,com.apple.hwte.atlas.AppPlugin,show-form,PASS,,Jul 5 2019 9:18:58.4400 AM,Jul 5 2019 9:19:01.6910 AM,3.2504
Fixture init,Fixture,changeDelimiter,PASS,,Jul 5 2019 9:19:01.6960 AM,Jul 5 2019 9:19:01.6960 AM,.0001
Fixture init,Fixture,changeLineTerminator,PASS,,Jul 5 2019 9:19:01.6980 AM,Jul 5 2019 9:19:01.6980 AM,0
Fixture init,Fixture,open,PASS,,Jul 5 2019 9:19:01.7000 AM,Jul 5 2019 9:19:03.2890 AM,1.5889
Fixture init,Fixture,read,PASS,,Jul 5 2019 9:19:03.2900 AM,Jul 5 2019 9:19:03.3190 AM,.029
Fixture init,P203,changeDelimiter,PASS,,Jul 5 2019 9:19:03.3210 AM,Jul 5 2019 9:19:03.3210 AM,.0001
Fixture init,P203,changeLineTerminator,PASS,,Jul 5 2019 9:19:03.3230 AM,Jul 5 2019 9:19:03.3230 AM,0
Fixture init,P203,open,PASS,,Jul 5 2019 9:19:03.3240 AM,Jul 5 2019 9:19:04.9190 AM,1.595
Fixture init,P203,read,PASS,,Jul 5 2019 9:19:04.9210 AM,Jul 5 2019 9:19:04.9480 AM,.027
Fixture init,Fixture,sendCommand,PASS,,Jul 5 2019 9:19:04.9500 AM,Jul 5 2019 9:19:04.9650 AM,.0158
Fixture init,Fixture,sendCommand,PASS,,Jul 5 2019 9:19:04.9670 AM,Jul 5 2019 9:19:04.9840 AM,.0172
Fixture init,Fixture,sendCommand,PASS,,Jul 5 2019 9:19:06.0550 AM,Jul 5 2019 9:19:06.3240 AM,.2683
Start Data Reporting,DRCB,startDataReporting,PASS,,Jul 5 2019 9:19:08.4010 AM,Jul 5 2019 9:19:08.4100 AM,.0085
Get SFC Info,SFCSupport,getAttribute,PASS,,Jul 5 2019 9:19:08.4140 AM,Jul 5 2019 9:19:08.4420 AM,.0279
Get SFC Info,SFCSupport,getAttribute,PASS,,Jul 5 2019 9:19:08.4460 AM,Jul 5 2019 9:19:08.4520 AM,.0061
Get SFC Info,SFCSupport,getAttribute,PASS,,Jul 5 2019 9:19:08.4550 AM,Jul 5 2019 9:19:08.4590 AM,.0038
Get SFC Info,SFCSupport,getAttribute,PASS,,Jul 5 2019 9:19:08.4610 AM,Jul 5 2019 9:19:08.4640 AM,.0028
Get SFC Info,SFCSupport,getAttribute,PASS,,Jul 5 2019 9:19:08.4670 AM,Jul 5 2019 9:19:08.4730 AM,.0062
Read MLB SN,Fixture,sendCommand,PASS,,Jul 5 2019 9:19:10.3860 AM,Jul 5 2019 9:19:10.3990 AM,.0132
Read MLB SN,Fixture,sendCommand,PASS,,Jul 5 2019 9:19:13.4730 AM,Jul 5 2019 9:19:13.4830 AM,.0103
Fixture reset,Fixture,sendCommand,PASS,,Jul 5 2019 9:19:20.3700 AM,Jul 5 2019 9:19:20.6110 AM,.2409
Fixture reset,Fixture,close,PASS,,Jul 5 2019 9:19:21.6850 AM,Jul 5 2019 9:19:21.6860 AM,.0005
Fixture reset,P203,close,PASS,,Jul 5 2019 9:19:21.6870 AM,Jul 5 2019 9:19:21.6890 AM,.0024
Finish DRCB,DRCB,finish,FAIL,station no longer secure; ,Jul 5 2019 9:19:21.6930 AM,Jul 5 2019 9:19:21.7730 AM,.0804
