NAME,ADDRESS,HIGHBIT,LOWBIT,ALLOWABLE_VALUE,UPPERLIMIT,LOWLIMIT
Header_Revision,0x302,7,0,0x04,,
Camera_Project,0x201,7,0,0x2E,,
Project_Version,0x202,7,0,0x0,,
Integrator,0x203,7,0,0x28,,
IRCF_Vendor,0x206,15,12,0x1|0x3,,
IRCF_Variant,0x206,11,8,0x0,,
IRCF_Design_Revision,0x206,7,0,0x2,,
Substrate_Vendor,0x207,15,12,0x1,,
Substrate_Variant,0x207,11,8,0x0,,
Substrate_Revision,0x207,7,0,0x1,,
Sensor_Vendor,0x208,15,13,0x1,,
Sensor_Revision,0x208,7,0,0x0,,
Sensor_Variant,0x208,12,8,0x0,,
Lens_Vendor,0x20A,15,12,0x2|0x8,,
Lens_Variant,0x20A,11,8,0x0,,
Lens_Revision,0x20A,4,2,0x1|0x2,,
Flex_Vendor,0x20E,15,11,0x8|0xA,,
Flex_Revision,0x20E,7,0,,1,0
Stiffener_Vendor,0x20F,15,11,0x6|0xE,,
Stiffener_Variant,0x36D,10,8,0x0,,
Stiffener_Revision,0x20F,7,0,0x0,,
Camera_Build,0x204,7,0,0x50,,
Config_Number,0x205,7,0,NoLimitSet,,
Test_Software_Revision,0x220,7,0,NoLimitSet,,
Process_DoE_Code,0x21F,7,0,NoLimitSet,,
Col_Cal_1_B/G_'A',0x249|0x24A,11:8|7:0,,,1000,500
Col_Cal_1_R/G_'A',0x247|0x248,11:8|7:0,,,2000,1300
Col_Cal_1_B/G_'D50',0x24D|0x24E,11:8|7:0,,,2000,900
Col_Cal_1_R/G_'D50',0x24B|0x24C,11:8|7:0,,,1200,700
General_Info_Checksum,0x200~0x239,7,0,,NA,NA
Color_Cal_1_Checksum,0x247~0x24E,7,0,,NA,NA
Color_Cal_2_Checksum,0x251~0x258,7,0,,NA,NA
Color_Shading_Checksum,0x260~0x4F6,7,0,,NA,NA
Component_machine_Info_Checksum,0x546~0x5AA,7,0,,NA,NA
SN_PPPYWW,0x213|0x214|0x215|0x216,31:24|23:16|15:8|7:0,,,,
SN_DSSSS,0x217|0x218|0x219,23:16|15:8|7:0,,,,
SN_EEEERX,0x21A|0x21B|0x21C|0x21D,31:24|23:16|15:8|7:0,,,,

