NAME,ADDRESS,HIGHBIT,LOWBIT,UPPER,LOWER
Camera Project,0x22,7,0,34,34
Project Version,0x23,7,0,3,3
Integrator,0x24,7,3,1,1
Plant Code,0x24,2,0,0,0
Camera Build,0x25,7,0,48,48
Config Number,0x26,7,0,255,1
IRCF vendor,0x32,7,5,1,1
IRCF Revision,0x32,4,2,1,1
IRCF Variant,0x32,1,0,0,0
Substrate vendor,0x33,7,5,1,1
Substrate Revision,0x33,4,2,1,1
Substrate Variant,0x33,1,0,0,0
Sensor vendor,0x34,7,5,1,1
Sensor Revision,0x34,4,2,1,1
Sensor Variant,0x34,1,0,0,0
Actuator vendor,0x35,7,5,2,2
Actuator Revision,0x35,4,2,1,1
Actuator Variant,0x35,1,0,3,0
Lens vendor,0x36,7,5,1,1
Lens Revision,0x36,4,2,1,1
Lens Variant,0x36,1,0,0,0
AF Driver vendor,0x37,7,5,2,2
AF Driver Revision,0x37,4,2,1,1
AF Driver Variant,0x37,1,0,0,0
Sphere Sensor,0x38,7,0,0,0
APS Sensor,0x39,7,0,0,0
Flex vendor,0x3A,7,3,8,2
Flex Variant,0x3A,2,0,7,3
Stiffener vendor,0x3B,7,3,6,6
Stiffener Variant,0x3B,2,0,1,1
Trim vendor,0x3C,7,0,0,0
NVM_Sensor_SlaveAdd,0x17DB|0x17DC,15:8|7:0,,NA,NA
NVM_Sensor_Model,0x17E0|0x17E1,15:8|7:0,,NA,NA
NVM_Sensor_TOP,0x17E2,7,0,NA,NA
NVM_Sensor_BOT,0x17E8,7,0,NA,NA
NVM_Sensor_TestRev,0x17EF,7,0,NA,NA
SN_PPPYWW,0x027|0x028|0x029|0x02A,31:24|23:16|15:8|7:0,,,
SN_DSSSS,0x02B|0x02C|0x02D,23:16|15:8|7:0,,,
SN_EEEERX,0x02E|0x02F|0x030|0x031,31:24|23:16|15:8|7:0,,,
