NAME,ADDRESS,HIGHBIT,LOWBIT,UPPER,LOWER
Header Type,0x01,7,0,0,0
Header Revision,0x02,7,0,2,2
NVM Map Revision,0x04,7,0,18,18
Camera Project,0x3F|0x3E,15:8|7:0,,53,53
Project Version,0x40,7,0,12,12
Integrator,0x41,7,3,5,5
Plant Code,0x41,2,0,0,0
Camera Build,0x42,7,0,48,48
Config Number,0x43,7,0,255,1
IRCF Revision Vendor,0x50,7,4,1,1
IRCF Variant,0x50,3,0,0,0
IRCF Revision,0x4F,7,0,3,3
Substrate Vendor,0x52,7,4,1,1
Substrate Variant,0x52,3,0,0,0
Substrate Revision,0x51,7,0,3,3
Sensor Vendor,0x54,7,4,1,1
Sensor Variant,0x54,3,0,5,0
Sensor Revision,0x53,7,0,0,0
Lens Holder Vendor,0x64,7,4,3,1
Lens Holder Variant,0x64,3,0,1,0
Lens Holder Revision,0x63,7,0,5,5
Flex Vendor,0x60,7,4,8,1
Flex Variant,0x60,3,0,5,3
Flex Revision,0x5F,7,0,5,5
Stiffener Vendor,0x62,7,4,6,6
Stiffener Variant,0x62,3,0,1,1
Stiffener Revision,0x61,7,0,1,1
