Test,Plugin,Command,Status,Info,Start Time,End Time,Duration (s)
,FileParser,copyDic,PASS,,Jul 19 2019 6:42:29.3040 PM,Jul 19 2019 6:42:29.3140 PM,.0104
,FileParser,copyDic,PASS,,Jul 19 2019 6:42:29.3170 PM,Jul 19 2019 6:42:29.3240 PM,.0074
,FileParser,copyFile,PASS,,Jul 19 2019 6:42:29.3260 PM,Jul 19 2019 6:42:29.3400 PM,.0141
Potassium FW version,runShell,getFWversion,PASS,,Jul 19 2019 6:42:29.3460 PM,Jul 19 2019 6:42:29.4120 PM,.066
Potassium Environment check,runShell,getEnv,PASS,,Jul 19 2019 6:42:29.9940 PM,Jul 19 2019 6:42:30.4160 PM,.4216
Fixture On,rpcCall,RPCSendAndGet,PASS,,Jul 19 2019 6:42:31.0160 PM,Jul 19 2019 6:42:31.5520 PM,.5358
Fixture On,rpcCall,RPCSendAndGet,PASS,,Jul 19 2019 6:42:31.5550 PM,Jul 19 2019 6:42:31.6120 PM,.0578
SN,DutOwn,setUnitType,PASS,,Jul 19 2019 6:42:31.6170 PM,Jul 19 2019 6:42:31.6230 PM,.0055
SN,DutOwn,enterDiags,PASS,,Jul 19 2019 6:42:31.6250 PM,Jul 19 2019 6:42:32.4740 PM,.8492
SN,DutOwn,sendCommand,PASS,,Jul 19 2019 6:42:32.4770 PM,Jul 19 2019 6:42:33.8460 PM,1.369
,FileParser,JsonParsing,PASS,,Jul 19 2019 6:42:33.8510 PM,Jul 19 2019 6:42:33.8520 PM,.001
DRCB startDataReporting,DRCB,startDataReporting,PASS,,Jul 19 2019 6:42:33.8560 PM,Jul 19 2019 6:42:33.8690 PM,.0126
Dut - open,Dut,open,PASS,,Jul 19 2019 6:42:35.9510 PM,Jul 19 2019 6:42:35.9690 PM,.0171
1. Diag Version,Dut,sendCommand,PASS,,Jul 19 2019 6:42:35.9750 PM,Jul 19 2019 6:42:36.0250 PM,.0495
2. Get SFC Info,SFCSupport,getAttribute,PASS,,Jul 19 2019 6:42:36.0300 PM,Jul 19 2019 6:42:36.0620 PM,.0319
2. Get SFC Info,SFCSupport,getAttribute,PASS,,Jul 19 2019 6:42:36.0650 PM,Jul 19 2019 6:42:36.0700 PM,.005
2. Get SFC Info,SFCSupport,getAttribute,PASS,,Jul 19 2019 6:42:36.0730 PM,Jul 19 2019 6:42:36.0780 PM,.0051
2. Get SFC Info,SFCSupport,getAttribute,PASS,,Jul 19 2019 6:42:36.0810 PM,Jul 19 2019 6:42:36.0860 PM,.0047
2. Get SFC Info,SFCSupport,getAttribute,PASS,,Jul 19 2019 6:42:36.0890 PM,Jul 19 2019 6:42:36.1930 PM,.1039
3. Check Battery Level Before Test,Dut,sendCommand,PASS,,Jul 19 2019 6:42:36.2000 PM,Jul 19 2019 6:42:36.2130 PM,.0129
4. Check Battery Voltage Before Test,Dut,sendCommand,PASS,,Jul 19 2019 6:42:36.2210 PM,Jul 19 2019 6:42:36.2390 PM,.0179
5. Max battery Hex Value Check,Dut,sendCommand,PASS,,Jul 19 2019 6:42:36.2450 PM,Jul 19 2019 6:42:36.5170 PM,.2722
5. Max battery Hex Value Check,Dut,sendCommand,PASS,,Jul 19 2019 6:42:36.5190 PM,Jul 19 2019 6:42:36.7100 PM,.1906
6. Rosaline Calibration Current [250 525],Dut,sendCommand,PASS,,Jul 19 2019 6:42:36.7160 PM,Jul 19 2019 6:42:36.7770 PM,.0615
6. Rosaline Calibration Current [250 525],Dut,sendCommand,PASS,,Jul 19 2019 6:42:36.7800 PM,Jul 19 2019 6:42:37.0300 PM,.2501
7. PROX_QT_DEV_ID [208],Dut,sendCommand,PASS,,Jul 19 2019 6:42:37.0350 PM,Jul 19 2019 6:42:37.0490 PM,.0143
8. PROX_QT_REV_ID [18],Dut,sendCommand,PASS,,Jul 19 2019 6:42:37.0550 PM,Jul 19 2019 6:42:37.0680 PM,.0124
9. Rosaline Yogi device ID[0E 74],Dut,sendCommand,PASS,,Jul 19 2019 6:42:37.0730 PM,Jul 19 2019 6:42:37.0930 PM,.0205
10. Read Yogi fault Status[00],Dut,sendCommand,PASS,,Jul 19 2019 6:42:37.0980 PM,Jul 19 2019 6:42:37.1180 PM,.0194
11. Read Yogi temperature (deg C) [10 40],Dut,sendCommand,PASS,,Jul 19 2019 6:42:37.1220 PM,Jul 19 2019 6:42:37.1430 PM,.0206
11. Read Yogi temperature (deg C) [10 40],Dut,sendCommand,PASS,,Jul 19 2019 6:42:37.1450 PM,Jul 19 2019 6:42:37.1640 PM,.0191
11. Read Yogi temperature (deg C) [10 40],Dut,sendCommand,PASS,,Jul 19 2019 6:42:37.1670 PM,Jul 19 2019 6:42:37.1880 PM,.0209
12. Read Yogi_SEL_ICWMAX [0 0],Dut,sendCommand,PASS,,Jul 19 2019 6:42:37.1930 PM,Jul 19 2019 6:42:37.2120 PM,.0197
13. Read Yogi_SEL_IPULSEMAX,Dut,sendCommand,PASS,,Jul 19 2019 6:42:37.2180 PM,Jul 19 2019 6:42:37.2380 PM,.0199
14. Read Yogi_SEL_ISEVERE ,Dut,sendCommand,PASS,,Jul 19 2019 6:42:37.2420 PM,Jul 19 2019 6:42:37.2620 PM,.0204
15. Read Yogi_FAULT_B_LIM [59 59],Dut,sendCommand,PASS,,Jul 19 2019 6:42:37.2670 PM,Jul 19 2019 6:42:37.2880 PM,.0207
16. Read Yogi_FAULT_C_LIM [4798 4798],Dut,sendCommand,PASS,,Jul 19 2019 6:42:37.2920 PM,Jul 19 2019 6:42:37.3130 PM,.021
16. Read Yogi_FAULT_C_LIM [4798 4798],Dut,sendCommand,PASS,,Jul 19 2019 6:42:37.3160 PM,Jul 19 2019 6:42:37.3340 PM,.0187
16. Read Yogi_FAULT_C_LIM [4798 4798],Dut,sendCommand,PASS,,Jul 19 2019 6:42:37.3370 PM,Jul 19 2019 6:42:37.3580 PM,.0205
17. Read Yogi_FAULT_D_LIM [7813 7813],Dut,sendCommand,PASS,,Jul 19 2019 6:42:37.3630 PM,Jul 19 2019 6:42:37.3830 PM,.0208
17. Read Yogi_FAULT_D_LIM [7813 7813],Dut,sendCommand,PASS,,Jul 19 2019 6:42:37.3860 PM,Jul 19 2019 6:42:37.4040 PM,.0181
17. Read Yogi_FAULT_D_LIM [7813 7813],Dut,sendCommand,PASS,,Jul 19 2019 6:42:37.4060 PM,Jul 19 2019 6:42:37.4230 PM,.0173
18. Read Yogi_FAULT_E_UP_COUNT [16 16],Dut,sendCommand,PASS,,Jul 19 2019 6:42:37.4290 PM,Jul 19 2019 6:42:37.4480 PM,.0193
18. Read Yogi_FAULT_E_UP_COUNT [16 16],Dut,sendCommand,PASS,,Jul 19 2019 6:42:37.4500 PM,Jul 19 2019 6:42:37.4690 PM,.0187
19. Read Yogi_FAULT_E_DN_COUNT [6 6],Dut,sendCommand,PASS,,Jul 19 2019 6:42:37.4740 PM,Jul 19 2019 6:42:37.4930 PM,.0193
19. Read Yogi_FAULT_E_DN_COUNT [6 6],Dut,sendCommand,PASS,,Jul 19 2019 6:42:37.4950 PM,Jul 19 2019 6:42:37.5140 PM,.0183
20. Read Yogi_FAULT_E_LIM [1900 1900],Dut,sendCommand,PASS,,Jul 19 2019 6:42:37.5180 PM,Jul 19 2019 6:42:37.5380 PM,.0201
20. Read Yogi_FAULT_E_LIM [1900 1900],Dut,sendCommand,PASS,,Jul 19 2019 6:42:37.5400 PM,Jul 19 2019 6:42:37.5590 PM,.0191
20. Read Yogi_FAULT_E_LIM [1900 1900],Dut,sendCommand,PASS,,Jul 19 2019 6:42:37.5620 PM,Jul 19 2019 6:42:37.5830 PM,.0209
21. Read Yogi_POR_DELAY [7 7],Dut,sendCommand,PASS,,Jul 19 2019 6:42:37.5890 PM,Jul 19 2019 6:42:37.6080 PM,.0193
21. Read Yogi_POR_DELAY [7 7],Dut,sendCommand,PASS,,Jul 19 2019 6:42:37.6100 PM,Jul 19 2019 6:42:37.6280 PM,.0185
22. Read Yogi_SEL_STATUS_IOL [1 1],Dut,sendCommand,PASS,,Jul 19 2019 6:42:37.6350 PM,Jul 19 2019 6:42:37.6530 PM,.0186
22. Read Yogi_SEL_STATUS_IOL [1 1],Dut,sendCommand,PASS,,Jul 19 2019 6:42:37.6550 PM,Jul 19 2019 6:42:37.6740 PM,.0181
23. Read Yogi_SEL_SDA_IOL [1 1],Dut,sendCommand,PASS,,Jul 19 2019 6:42:37.6780 PM,Jul 19 2019 6:42:37.6980 PM,.0195
24. Read Yogi_DB_IPULSEMAX [7 7],Dut,sendCommand,PASS,,Jul 19 2019 6:42:37.7030 PM,Jul 19 2019 6:42:37.7230 PM,.02
25. Read Yogi_DB_ICWMAX1 [7 7],Dut,sendCommand,PASS,,Jul 19 2019 6:42:37.7270 PM,Jul 19 2019 6:42:37.7480 PM,.0205
26. Read Yogi_DB_ICWMAX2 [7 7],Dut,sendCommand,PASS,,Jul 19 2019 6:42:37.7530 PM,Jul 19 2019 6:42:37.7730 PM,.0206
27. Read Yogi_DB_PSM [7 7],Dut,sendCommand,PASS,,Jul 19 2019 6:42:37.7780 PM,Jul 19 2019 6:42:37.7980 PM,.0201
27. Read Yogi_DB_PSM [7 7],Dut,sendCommand,PASS,,Jul 19 2019 6:42:37.8000 PM,Jul 19 2019 6:42:37.8200 PM,.02
28. Read Yogi_SEL_VTHR_PSM_OVLO [4 4],Dut,sendCommand,PASS,,Jul 19 2019 6:42:37.8260 PM,Jul 19 2019 6:42:37.8430 PM,.0177
29. Read Yogi_SEL_VTHR_PSM_UVLO [2 2],Dut,sendCommand,PASS,,Jul 19 2019 6:42:37.8490 PM,Jul 19 2019 6:42:37.8680 PM,.0194
30. Rosaline_Post-DA_Test_Bit0_1[2 3],Dut,sendCommand,PASS,,Jul 19 2019 6:42:37.8730 PM,Jul 19 2019 6:42:38.1610 PM,.2877
33. Rosaline_Yogi_Prog_Flag[1 1],Dut,sendCommand,PASS,,Jul 19 2019 6:42:38.1710 PM,Jul 19 2019 6:42:38.4570 PM,.2861
37. Rosaline Pulse Width(ms) [9 9],Dut,sendCommand,PASS,,Jul 19 2019 6:42:38.4730 PM,Jul 19 2019 6:42:38.5490 PM,.0761
38. Rosaline toggle interrupt test,Dut,sendCommand,PASS,,Jul 19 2019 6:42:38.5540 PM,Jul 19 2019 6:42:38.6170 PM,.0631
38. Rosaline toggle interrupt test,Dut,sendCommand,PASS,,Jul 19 2019 6:42:38.6190 PM,Jul 19 2019 6:42:40.4530 PM,1.834
39. Find_Camera_Juliet,Dut,sendCommand,PASS,,Jul 19 2019 6:42:40.4580 PM,Jul 19 2019 6:42:42.4540 PM,1.9967
40. Read_Juliet_SN,Dut,sendCommand,PASS,,Jul 19 2019 6:42:42.4620 PM,Jul 19 2019 6:42:42.7130 PM,.2514
40. Read_Juliet_SN,Dut,sendCommand,PASS,,Jul 19 2019 6:42:42.7150 PM,Jul 19 2019 6:42:44.5930 PM,1.8777
40. Read_Juliet_SN,Dut,sendCommand,PASS,,Jul 19 2019 6:42:44.5960 PM,Jul 19 2019 6:42:44.6090 PM,.0129
40. Read_Juliet_SN,Dut,sendCommand,PASS,,Jul 19 2019 6:42:44.6110 PM,Jul 19 2019 6:42:44.7290 PM,.1178
40. Read_Juliet_SN,Dut,sendCommand,PASS,,Jul 19 2019 6:42:44.7320 PM,Jul 19 2019 6:42:44.7450 PM,.0127
42. Read Juliet ID,Dut,sendCommand,PASS,,Jul 19 2019 6:42:44.7520 PM,Jul 19 2019 6:42:44.7640 PM,.0124
43. Juliet Front Camera NVM check,Dut,sendCommand,PASS,,Jul 19 2019 6:42:44.7700 PM,Jul 19 2019 6:42:45.3120 PM,.5417
43. Juliet Front Camera NVM check,Dut,sendCommand,PASS,,Jul 19 2019 6:42:45.3170 PM,Jul 19 2019 6:42:45.3290 PM,.0117
43. Juliet Front Camera NVM check,Dut,sendCommand,PASS,,Jul 19 2019 6:42:45.3310 PM,Jul 19 2019 6:42:45.5840 PM,.2529
44. Camera_DLI_Juliet,Dut,sendCommand,PASS,,Jul 19 2019 6:42:45.6130 PM,Jul 19 2019 6:42:45.7330 PM,.1202
44. Camera_DLI_Juliet,Dut,sendCommand,PASS,,Jul 19 2019 6:42:45.7350 PM,Jul 19 2019 6:42:47.6130 PM,1.8774
44. Camera_DLI_Juliet,Dut,sendCommand,PASS,,Jul 19 2019 6:42:47.6150 PM,Jul 19 2019 6:42:47.6280 PM,.0129
44. Camera_DLI_Juliet,Dut,sendCommand,PASS,,Jul 19 2019 6:42:47.6300 PM,Jul 19 2019 6:42:50.8140 PM,3.1839
44. Camera_DLI_Juliet,Dut,sendCommand,PASS,,Jul 19 2019 6:42:50.8160 PM,Jul 19 2019 6:42:50.9390 PM,.1223
45. WV_Phosphorus_Mfg_ID,Dut,sendCommand,PASS,,Jul 19 2019 6:42:50.9430 PM,Jul 19 2019 6:42:50.9600 PM,.017
46. WV_Phosphorus_Chip_ID,Dut,sendCommand,PASS,,Jul 19 2019 6:42:50.9660 PM,Jul 19 2019 6:42:50.9840 PM,.0176
47. WV_Phosphorus_Trim_Rev,Dut,sendCommand,PASS,,Jul 19 2019 6:42:50.9890 PM,Jul 19 2019 6:42:51.0040 PM,.0153
48. WV_Phosphorus_Trim_Rev2,Dut,sendCommand,PASS,,Jul 19 2019 6:42:51.0090 PM,Jul 19 2019 6:42:51.0240 PM,.0149
49. WV_Phosphorus_Trim_Rev3,Dut,sendCommand,PASS,,Jul 19 2019 6:42:51.0300 PM,Jul 19 2019 6:42:51.0490 PM,.0188
50. Presure Initialiation,Dut,sendCommand,PASS,,Jul 19 2019 6:42:51.0530 PM,Jul 19 2019 6:42:51.1140 PM,.0611
50. Presure Initialiation,Dut,sendCommand,PASS,,Jul 19 2019 6:42:51.1170 PM,Jul 19 2019 6:42:51.1480 PM,.0311
51. Presure Connectivity Test,Dut,sendCommand,PASS,,Jul 19 2019 6:42:51.1520 PM,Jul 19 2019 6:42:51.1730 PM,.0208
51. Presure Connectivity Test,Dut,sendCommand,PASS,,Jul 19 2019 6:42:51.1750 PM,Jul 19 2019 6:42:51.1890 PM,.0138
52. WV_Phosphorus_Average,Dut,sendCommand,PASS,,Jul 19 2019 6:42:51.1920 PM,Jul 19 2019 6:42:51.2230 PM,.0304
52. WV_Phosphorus_Average,Dut,sendCommand,PASS,,Jul 19 2019 6:42:51.2250 PM,Jul 19 2019 6:42:51.2530 PM,.0285
52. WV_Phosphorus_Average,Dut,sendCommand,PASS,,Jul 19 2019 6:42:51.2550 PM,Jul 19 2019 6:42:51.2690 PM,.0144
52. WV_Phosphorus_Average,Dut,sendCommand,PASS,,Jul 19 2019 6:42:51.2730 PM,Jul 19 2019 6:42:51.2880 PM,.0155
52. WV_Phosphorus_Average,Dut,sendCommand,PASS,,Jul 19 2019 6:42:51.2900 PM,Jul 19 2019 6:42:51.3430 PM,.0533
52. WV_Phosphorus_Average,Dut,sendCommand,PASS,,Jul 19 2019 6:42:51.3450 PM,Jul 19 2019 6:42:51.3680 PM,.0227
52. WV_Phosphorus_Average,Dut,sendCommand,PASS,,Jul 19 2019 6:42:51.3700 PM,Jul 19 2019 6:42:52.5960 PM,1.2265
52. WV_Phosphorus_Average,Dut,sendCommand,PASS,,Jul 19 2019 6:42:52.5990 PM,Jul 19 2019 6:42:52.6140 PM,.0148
57. Graphite Initialization,Dut,sendCommand,PASS,,Jul 19 2019 6:42:52.6280 PM,Jul 19 2019 6:42:52.6840 PM,.0556
57. Graphite Initialization,Dut,sendCommand,PASS,,Jul 19 2019 6:42:52.6860 PM,Jul 19 2019 6:42:52.8190 PM,.1325
57. Graphite Initialization,Dut,sendCommand,PASS,,Jul 19 2019 6:42:52.8210 PM,Jul 19 2019 6:42:52.9890 PM,.1679
57. Graphite Initialization,Dut,sendCommand,PASS,,Jul 19 2019 6:42:52.9920 PM,Jul 19 2019 6:42:53.2040 PM,.2124
57. Graphite Initialization,Dut,sendCommand,PASS,,Jul 19 2019 6:42:53.2070 PM,Jul 19 2019 6:42:53.2740 PM,.0668
57. Graphite Initialization,Dut,sendCommand,PASS,,Jul 19 2019 6:42:53.2770 PM,Jul 19 2019 6:42:53.3450 PM,.068
57. Graphite Initialization,Dut,sendCommand,PASS,,Jul 19 2019 6:42:53.3470 PM,Jul 19 2019 6:42:55.5210 PM,2.1736
57. Graphite Initialization,Dut,sendCommand,PASS,,Jul 19 2019 6:42:55.5240 PM,Jul 19 2019 6:42:55.6040 PM,.0807
71. Accelermeter SelfTest,Dut,sendCommand,PASS,,Jul 19 2019 6:42:55.6360 PM,Jul 19 2019 6:42:55.9680 PM,.3325
71. Accelermeter SelfTest,Dut,sendCommand,PASS,,Jul 19 2019 6:42:55.9700 PM,Jul 19 2019 6:42:56.2090 PM,.2389
71. Accelermeter SelfTest,Dut,sendCommand,PASS,,Jul 19 2019 6:42:56.2120 PM,Jul 19 2019 6:42:56.4490 PM,.2376
72. Gyro Self Test,Dut,sendCommand,PASS,,Jul 19 2019 6:42:56.4540 PM,Jul 19 2019 6:42:56.8210 PM,.367
72. Gyro Self Test,Dut,sendCommand,PASS,,Jul 19 2019 6:42:56.8240 PM,Jul 19 2019 6:42:56.9970 PM,.1727
72. Gyro Self Test,Dut,sendCommand,PASS,,Jul 19 2019 6:42:56.9990 PM,Jul 19 2019 6:42:57.2570 PM,.2577
73. Magnetometer Initialization,Dut,sendCommand,PASS,,Jul 19 2019 6:42:57.2640 PM,Jul 19 2019 6:42:57.2860 PM,.0222
74. Magnetometer Connectivity Test,Dut,sendCommand,PASS,,Jul 19 2019 6:42:57.2900 PM,Jul 19 2019 6:42:57.3610 PM,.0713
75. Magnetometer Self-Test,Dut,sendCommand,PASS,,Jul 19 2019 6:42:57.3660 PM,Jul 19 2019 6:42:57.5810 PM,.2151
75. Magnetometer Self-Test,Dut,sendCommand,PASS,,Jul 19 2019 6:42:57.5840 PM,Jul 19 2019 6:42:57.8060 PM,.2224
75. Magnetometer Self-Test,Dut,sendCommand,PASS,,Jul 19 2019 6:42:57.8100 PM,Jul 19 2019 6:43:00.3920 PM,2.5821
75. Magnetometer Self-Test,Dut,sendCommand,PASS,,Jul 19 2019 6:43:00.3940 PM,Jul 19 2019 6:43:00.6110 PM,.2169
76. VA_Magnetometer_ChipID,Dut,sendCommand,PASS,,Jul 19 2019 6:43:00.6150 PM,Jul 19 2019 6:43:00.6310 PM,.0157
76. VA_Magnetometer_ChipID,Dut,sendCommand,PASS,,Jul 19 2019 6:43:00.6330 PM,Jul 19 2019 6:43:00.6460 PM,.0135
77. VA_Magnetometer_Version,Dut,sendCommand,PASS,,Jul 19 2019 6:43:00.6520 PM,Jul 19 2019 6:43:00.6670 PM,.0153
78. VA_Magnetometer_CRC,Dut,sendCommand,PASS,,Jul 19 2019 6:43:00.6720 PM,Jul 19 2019 6:43:00.6870 PM,.0154
78. VA_Magnetometer_CRC,Dut,sendCommand,PASS,,Jul 19 2019 6:43:00.6900 PM,Jul 19 2019 6:43:00.7060 PM,.0168
78. VA_Magnetometer_CRC,Dut,sendCommand,PASS,,Jul 19 2019 6:43:00.7080 PM,Jul 19 2019 6:43:00.7910 PM,.0828
78. VA_Magnetometer_CRC,Dut,sendCommand,PASS,,Jul 19 2019 6:43:00.8160 PM,Jul 19 2019 6:43:00.8330 PM,.0163
78. VA_Magnetometer_CRC,Dut,sendCommand,PASS,,Jul 19 2019 6:43:00.8350 PM,Jul 19 2019 6:43:00.8520 PM,.017
79. VA_Magnetometer_ODR,Dut,sendCommand,PASS,,Jul 19 2019 6:43:00.8580 PM,Jul 19 2019 6:43:00.9170 PM,.0591
79. VA_Magnetometer_ODR,Dut,sendCommand,PASS,,Jul 19 2019 6:43:00.9200 PM,Jul 19 2019 6:43:00.9420 PM,.0218
79. VA_Magnetometer_ODR,Dut,sendCommand,PASS,,Jul 19 2019 6:43:00.9440 PM,Jul 19 2019 6:43:02.8180 PM,1.8735
79. VA_Magnetometer_ODR,Dut,sendCommand,PASS,,Jul 19 2019 6:43:02.8200 PM,Jul 19 2019 6:43:02.8370 PM,.0166
87. Grape GPIO Test,Dut,sendCommand,PASS,,Jul 19 2019 6:43:02.8560 PM,Jul 19 2019 6:43:02.8660 PM,.0101
87. Grape GPIO Test,Dut,sendCommand,PASS,,Jul 19 2019 6:43:02.8680 PM,Jul 19 2019 6:43:08.0090 PM,5.1415
88. Grape Short Test,Dut,sendCommand,PASS,,Jul 19 2019 6:43:08.0140 PM,Jul 19 2019 6:43:37.0360 PM,29.0223
89. Grape Offset Test,Dut,sendCommand,PASS,,Jul 19 2019 6:43:37.0440 PM,Jul 19 2019 6:43:50.5870 PM,13.5435
90. Grape Power On,Dut,sendCommand,PASS,,Jul 19 2019 6:43:51.1250 PM,Jul 19 2019 6:43:51.1360 PM,.0114
90. Grape Power On,Dut,sendCommand,PASS,,Jul 19 2019 6:43:51.1380 PM,Jul 19 2019 6:43:51.4070 PM,.2687
90. Grape Power On,Dut,sendCommand,PASS,,Jul 19 2019 6:43:51.4090 PM,Jul 19 2019 6:43:52.0280 PM,.6187
91. Grape Firmware version,Dut,sendCommand,PASS,,Jul 19 2019 6:43:52.0430 PM,Jul 19 2019 6:43:52.0570 PM,.0138
92. Grape FW Critical Error Check,Dut,sendCommand,PASS,,Jul 19 2019 6:43:52.0620 PM,Jul 19 2019 6:43:52.0770 PM,.0143
92. Grape FW Critical Error Check,Dut,sendCommand,PASS,,Jul 19 2019 6:43:52.0790 PM,Jul 19 2019 6:43:52.3920 PM,.3128
93. ALS1_FH_RIGHT_Device ID,Dut,sendCommand,PASS,,Jul 19 2019 6:43:52.3970 PM,Jul 19 2019 6:43:52.4270 PM,.0297
93. ALS1_FH_RIGHT_Device ID,Dut,sendCommand,PASS,,Jul 19 2019 6:43:52.4290 PM,Jul 19 2019 6:43:52.4470 PM,.0184
94. ALS1_FH_RIGHT_Revision ID,Dut,sendCommand,PASS,,Jul 19 2019 6:43:52.4510 PM,Jul 19 2019 6:43:52.4710 PM,.0203
95. ALS1_FH_RIGHT_IC vendor,Dut,sendCommand,PASS,,Jul 19 2019 6:43:52.4750 PM,Jul 19 2019 6:43:52.4930 PM,.0178
96. ALS1_FH_RIGHT_Chip ID,Dut,sendCommand,PASS,,Jul 19 2019 6:43:52.4990 PM,Jul 19 2019 6:43:52.5230 PM,.0236
97. ALS1_FH_RIGHT_Interrupt Test,Dut,sendCommand,PASS,,Jul 19 2019 6:43:52.5280 PM,Jul 19 2019 6:43:52.5560 PM,.0277
97. ALS1_FH_RIGHT_Interrupt Test,Dut,sendCommand,PASS,,Jul 19 2019 6:43:52.5580 PM,Jul 19 2019 6:43:52.5770 PM,.0183
97. ALS1_FH_RIGHT_Interrupt Test,Dut,sendCommand,PASS,,Jul 19 2019 6:43:52.5790 PM,Jul 19 2019 6:43:52.5920 PM,.0137
97. ALS1_FH_RIGHT_Interrupt Test,Dut,sendCommand,PASS,,Jul 19 2019 6:43:52.5960 PM,Jul 19 2019 6:43:52.6160 PM,.0201
97. ALS1_FH_RIGHT_Interrupt Test,Dut,sendCommand,PASS,,Jul 19 2019 6:43:52.6180 PM,Jul 19 2019 6:43:52.6360 PM,.0184
97. ALS1_FH_RIGHT_Interrupt Test,Dut,sendCommand,PASS,,Jul 19 2019 6:43:52.6380 PM,Jul 19 2019 6:43:52.6570 PM,.0182
97. ALS1_FH_RIGHT_Interrupt Test,Dut,sendCommand,PASS,,Jul 19 2019 6:43:52.6590 PM,Jul 19 2019 6:43:52.7660 PM,.1077
97. ALS1_FH_RIGHT_Interrupt Test,Dut,sendCommand,PASS,,Jul 19 2019 6:43:52.7680 PM,Jul 19 2019 6:43:52.7830 PM,.0142
97. ALS1_FH_RIGHT_Interrupt Test,Dut,sendCommand,PASS,,Jul 19 2019 6:43:52.7850 PM,Jul 19 2019 6:43:52.8030 PM,.0174
98. Sensor ALS1_FH_RIGHT Bright -Ch_0,rpcCall,RPCSendAndGet,PASS,,Jul 19 2019 6:43:52.8090 PM,Jul 19 2019 6:43:52.8260 PM,.017
98. Sensor ALS1_FH_RIGHT Bright -Ch_0,rpcCall,RPCSendAndGet,PASS,,Jul 19 2019 6:43:52.8280 PM,Jul 19 2019 6:43:52.9060 PM,.0779
98. Sensor ALS1_FH_RIGHT Bright -Ch_0,rpcCall,RPCSendAndGet,PASS,,Jul 19 2019 6:43:52.9080 PM,Jul 19 2019 6:43:52.9790 PM,.0711
98. Sensor ALS1_FH_RIGHT Bright -Ch_0,Dut,sendCommand,PASS,,Jul 19 2019 6:43:53.1540 PM,Jul 19 2019 6:43:53.1810 PM,.0276
98. Sensor ALS1_FH_RIGHT Bright -Ch_0,Dut,sendCommand,PASS,,Jul 19 2019 6:43:53.1840 PM,Jul 19 2019 6:43:53.2060 PM,.0227
98. Sensor ALS1_FH_RIGHT Bright -Ch_0,Dut,sendCommand,PASS,,Jul 19 2019 6:43:53.2090 PM,Jul 19 2019 6:43:53.2320 PM,.0235
98. Sensor ALS1_FH_RIGHT Bright -Ch_0,Dut,sendCommand,PASS,,Jul 19 2019 6:43:53.2340 PM,Jul 19 2019 6:43:54.5200 PM,1.2861
102. ALS2_FH_LEFT_Device ID,Dut,sendCommand,PASS,,Jul 19 2019 6:43:54.5320 PM,Jul 19 2019 6:43:54.5530 PM,.0204
102. ALS2_FH_LEFT_Device ID,Dut,sendCommand,PASS,,Jul 19 2019 6:43:54.5550 PM,Jul 19 2019 6:43:54.5730 PM,.0178
103. ALS2_FH_LEFT_Revision ID,Dut,sendCommand,PASS,,Jul 19 2019 6:43:54.5780 PM,Jul 19 2019 6:43:54.5980 PM,.0192
104. ALS2_FH_LEFT_IC vendor,Dut,sendCommand,PASS,,Jul 19 2019 6:43:54.6030 PM,Jul 19 2019 6:43:54.6220 PM,.0188
105. ALS2_FH_LEFT_Chip ID,Dut,sendCommand,PASS,,Jul 19 2019 6:43:54.6260 PM,Jul 19 2019 6:43:54.6480 PM,.0215
106. ALS2_FH_LEFT_Interrupt Test,Dut,sendCommand,PASS,,Jul 19 2019 6:43:54.6530 PM,Jul 19 2019 6:43:54.6720 PM,.0186
106. ALS2_FH_LEFT_Interrupt Test,Dut,sendCommand,PASS,,Jul 19 2019 6:43:54.6740 PM,Jul 19 2019 6:43:54.6920 PM,.018
106. ALS2_FH_LEFT_Interrupt Test,Dut,sendCommand,PASS,,Jul 19 2019 6:43:54.6940 PM,Jul 19 2019 6:43:54.7070 PM,.0135
106. ALS2_FH_LEFT_Interrupt Test,Dut,sendCommand,PASS,,Jul 19 2019 6:43:54.7090 PM,Jul 19 2019 6:43:54.7270 PM,.0174
106. ALS2_FH_LEFT_Interrupt Test,Dut,sendCommand,PASS,,Jul 19 2019 6:43:54.7290 PM,Jul 19 2019 6:43:54.7470 PM,.0182
106. ALS2_FH_LEFT_Interrupt Test,Dut,sendCommand,PASS,,Jul 19 2019 6:43:54.7500 PM,Jul 19 2019 6:43:54.7670 PM,.0169
106. ALS2_FH_LEFT_Interrupt Test,Dut,sendCommand,PASS,,Jul 19 2019 6:43:54.7690 PM,Jul 19 2019 6:43:54.8760 PM,.1076
106. ALS2_FH_LEFT_Interrupt Test,Dut,sendCommand,PASS,,Jul 19 2019 6:43:54.8780 PM,Jul 19 2019 6:43:54.8920 PM,.0138
106. ALS2_FH_LEFT_Interrupt Test,Dut,sendCommand,PASS,,Jul 19 2019 6:43:54.8940 PM,Jul 19 2019 6:43:54.9130 PM,.0186
106. ALS2_FH_LEFT_Interrupt Test,Dut,sendCommand,PASS,,Jul 19 2019 6:43:54.9150 PM,Jul 19 2019 6:43:54.9370 PM,.0218
107. Sensor ALS2_FH_LEFT Bright -Ch_0,Dut,sendCommand,PASS,,Jul 19 2019 6:43:55.5170 PM,Jul 19 2019 6:43:55.5480 PM,.0305
107. Sensor ALS2_FH_LEFT Bright -Ch_0,Dut,sendCommand,PASS,,Jul 19 2019 6:43:55.5500 PM,Jul 19 2019 6:43:55.5730 PM,.0223
107. Sensor ALS2_FH_LEFT Bright -Ch_0,Dut,sendCommand,PASS,,Jul 19 2019 6:43:55.5750 PM,Jul 19 2019 6:43:55.5980 PM,.0226
107. Sensor ALS2_FH_LEFT Bright -Ch_0,Dut,sendCommand,PASS,,Jul 19 2019 6:43:55.6000 PM,Jul 19 2019 6:43:56.9000 PM,1.2993
110. Sensor ALS2_FH_LEFT Bright -Ch_3,rpcCall,RPCSendAndGet,PASS,,Jul 19 2019 6:43:56.9100 PM,Jul 19 2019 6:43:56.9460 PM,.0364
110. Sensor ALS2_FH_LEFT Bright -Ch_3,rpcCall,RPCSendAndGet,PASS,,Jul 19 2019 6:43:56.9480 PM,Jul 19 2019 6:43:57.0320 PM,.0839
110. Sensor ALS2_FH_LEFT Bright -Ch_3,rpcCall,RPCSendAndGet,PASS,,Jul 19 2019 6:43:57.0350 PM,Jul 19 2019 6:43:57.0630 PM,.0284
111. HALL_TCON_L_FH_Miss Test_IRQ,rpcCall,RPCSendAndGet,PASS,,Jul 19 2019 6:43:57.0670 PM,Jul 19 2019 6:43:57.0790 PM,.0115
111. HALL_TCON_L_FH_Miss Test_IRQ,Dut,sendCommand,PASS,,Jul 19 2019 6:43:57.0810 PM,Jul 19 2019 6:44:00.1120 PM,3.0309
112. HALL_TCON_L_FH_Detect Test_IRQ,rpcCall,RPCSendAndGet,PASS,,Jul 19 2019 6:44:00.1160 PM,Jul 19 2019 6:44:00.1510 PM,.0355
112. HALL_TCON_L_FH_Detect Test_IRQ,Dut,sendCommand,PASS,,Jul 19 2019 6:44:00.1540 PM,Jul 19 2019 6:44:00.1970 PM,.0431
112. HALL_TCON_L_FH_Detect Test_IRQ,rpcCall,RPCSendAndGet,PASS,,Jul 19 2019 6:44:00.2010 PM,Jul 19 2019 6:44:00.2130 PM,.012
113. HALL_C3 Flex_Miss Test_IRQ,rpcCall,RPCSendAndGet,PASS,,Jul 19 2019 6:44:00.3930 PM,Jul 19 2019 6:44:00.4390 PM,.0459
113. HALL_C3 Flex_Miss Test_IRQ,Dut,sendCommand,PASS,,Jul 19 2019 6:44:00.4420 PM,Jul 19 2019 6:44:03.4730 PM,3.0316
114. HALL_C3 Flex_Detect Test_IRQ,rpcCall,RPCSendAndGet,PASS,,Jul 19 2019 6:44:03.4780 PM,Jul 19 2019 6:44:03.5300 PM,.052
114. HALL_C3 Flex_Detect Test_IRQ,Dut,sendCommand,PASS,,Jul 19 2019 6:44:03.5320 PM,Jul 19 2019 6:44:03.7020 PM,.17
114. HALL_C3 Flex_Detect Test_IRQ,rpcCall,RPCSendAndGet,PASS,,Jul 19 2019 6:44:03.7060 PM,Jul 19 2019 6:44:03.7540 PM,.0483
115. I2C0 sweep test,Dut,sendCommand,PASS,,Jul 19 2019 6:44:03.9280 PM,Jul 19 2019 6:44:04.0610 PM,.1329
116. I2C1 sweep test,Dut,sendCommand,PASS,,Jul 19 2019 6:44:04.0670 PM,Jul 19 2019 6:44:04.5460 PM,.4794
116. I2C1 sweep test,Dut,sendCommand,PASS,,Jul 19 2019 6:44:04.5490 PM,Jul 19 2019 6:44:04.7210 PM,.1727
116. I2C1 sweep test,Dut,sendCommand,PASS,,Jul 19 2019 6:44:04.7270 PM,Jul 19 2019 6:44:04.7870 PM,.0602
117. I2C2 sweep test,Dut,sendCommand,PASS,,Jul 19 2019 6:44:04.7920 PM,Jul 19 2019 6:44:05.2430 PM,.4507
117. I2C2 sweep test,Dut,sendCommand,PASS,,Jul 19 2019 6:44:05.2460 PM,Jul 19 2019 6:44:05.5420 PM,.2965
117. I2C2 sweep test,Dut,sendCommand,PASS,,Jul 19 2019 6:44:05.5560 PM,Jul 19 2019 6:44:05.6170 PM,.0611
118. I2C3 sweep test,Dut,sendCommand,PASS,,Jul 19 2019 6:44:05.6210 PM,Jul 19 2019 6:44:06.0680 PM,.4463
118. I2C3 sweep test,Dut,sendCommand,PASS,,Jul 19 2019 6:44:06.0700 PM,Jul 19 2019 6:44:06.1370 PM,.0667
118. I2C3 sweep test,Dut,sendCommand,PASS,,Jul 19 2019 6:44:06.1400 PM,Jul 19 2019 6:44:06.2030 PM,.0628
119. I2C4 sweep test,Dut,sendCommand,PASS,,Jul 19 2019 6:44:06.2090 PM,Jul 19 2019 6:44:06.5420 PM,.3327
119. I2C4 sweep test,Dut,sendCommand,PASS,,Jul 19 2019 6:44:06.5430 PM,Jul 19 2019 6:44:07.2770 PM,.7338
120. I2C6 sweep test,Dut,sendCommand,PASS,,Jul 19 2019 6:44:07.3340 PM,Jul 19 2019 6:44:07.5120 PM,.1785
121. I2C8 sweep test,Dut,sendCommand,PASS,,Jul 19 2019 6:44:07.5220 PM,Jul 19 2019 6:44:07.5770 PM,.0547
122. I2C9 sweep test,Dut,sendCommand,PASS,,Jul 19 2019 6:44:07.5820 PM,Jul 19 2019 6:44:07.6770 PM,.0953
123. I2C10 sweep test,Dut,sendCommand,PASS,,Jul 19 2019 6:44:07.6840 PM,Jul 19 2019 6:44:07.8220 PM,.1374
124. I2C11 sweep test,Dut,sendCommand,PASS,,Jul 19 2019 6:44:07.8290 PM,Jul 19 2019 6:44:07.9270 PM,.0976
125. Check TX MCU FW,Dut,sendCommand,PASS,,Jul 19 2019 6:44:07.9330 PM,Jul 19 2019 6:44:07.9420 PM,.0092
125. Check TX MCU FW,Dut,sendCommand,PASS,,Jul 19 2019 6:44:07.9440 PM,Jul 19 2019 6:44:08.4740 PM,.5303
126. EDP BER test,Dut,sendCommand,PASS,,Jul 19 2019 6:44:08.4800 PM,Jul 19 2019 6:44:08.5000 PM,.0192
126. EDP BER test,Dut,sendCommand,PASS,,Jul 19 2019 6:44:08.5020 PM,Jul 19 2019 6:44:08.7980 PM,.2963
126. EDP BER test,Dut,sendCommand,PASS,,Jul 19 2019 6:44:08.8010 PM,Jul 19 2019 6:44:10.3090 PM,1.5082
126. EDP BER test,Dut,sendCommand,PASS,,Jul 19 2019 6:44:10.3120 PM,Jul 19 2019 6:44:10.6440 PM,.3322
126. EDP BER test,Dut,sendCommand,PASS,,Jul 19 2019 6:44:10.6470 PM,Jul 19 2019 6:44:10.6640 PM,.0171
126. EDP BER test,Dut,sendCommand,PASS,,Jul 19 2019 6:44:10.6660 PM,Jul 19 2019 6:44:10.6910 PM,.0245
126. EDP BER test,Dut,sendCommand,PASS,,Jul 19 2019 6:44:10.6930 PM,Jul 19 2019 6:44:10.7040 PM,.0101
127. backlight High-Low test,Dut,sendCommand,PASS,,Jul 19 2019 6:44:10.7080 PM,Jul 19 2019 6:44:10.7190 PM,.0104
127. backlight High-Low test,Dut,sendCommand,PASS,,Jul 19 2019 6:44:10.7210 PM,Jul 19 2019 6:44:10.7350 PM,.014
127. backlight High-Low test,Dut,sendCommand,PASS,,Jul 19 2019 6:44:10.7370 PM,Jul 19 2019 6:44:10.7490 PM,.0117
127. backlight High-Low test,Dut,sendCommand,PASS,,Jul 19 2019 6:44:10.7510 PM,Jul 19 2019 6:44:10.7640 PM,.0131
127. backlight High-Low test,Dut,sendCommand,PASS,,Jul 19 2019 6:44:10.7660 PM,Jul 19 2019 6:44:10.7790 PM,.0126
127. backlight High-Low test,Dut,sendCommand,PASS,,Jul 19 2019 6:44:10.7810 PM,Jul 19 2019 6:44:10.7930 PM,.0126
127. backlight High-Low test,Dut,sendCommand,PASS,,Jul 19 2019 6:44:10.7960 PM,Jul 19 2019 6:44:10.8080 PM,.0128
127. backlight High-Low test,Dut,sendCommand,PASS,,Jul 19 2019 6:44:10.8110 PM,Jul 19 2019 6:44:10.8240 PM,.0126
127. backlight High-Low test,Dut,sendCommand,PASS,,Jul 19 2019 6:44:10.8260 PM,Jul 19 2019 6:44:10.8390 PM,.0128
127. backlight High-Low test,Dut,sendCommand,PASS,,Jul 19 2019 6:44:10.8410 PM,Jul 19 2019 6:44:10.8550 PM,.0135
127. backlight High-Low test,Dut,sendCommand,PASS,,Jul 19 2019 6:44:10.8570 PM,Jul 19 2019 6:44:10.8690 PM,.0118
127. backlight High-Low test,Dut,sendCommand,PASS,,Jul 19 2019 6:44:10.8710 PM,Jul 19 2019 6:44:10.8840 PM,.0128
127. backlight High-Low test,Dut,sendCommand,PASS,,Jul 19 2019 6:44:10.8850 PM,Jul 19 2019 6:44:10.8990 PM,.0136
127. backlight High-Low test,Dut,sendCommand,PASS,,Jul 19 2019 6:44:10.9010 PM,Jul 19 2019 6:44:10.9150 PM,.014
127. backlight High-Low test,Dut,sendCommand,PASS,,Jul 19 2019 6:44:10.9170 PM,Jul 19 2019 6:44:10.9290 PM,.0121
127. backlight High-Low test,Dut,sendCommand,PASS,,Jul 19 2019 6:44:10.9320 PM,Jul 19 2019 6:44:10.9440 PM,.0117
127. backlight High-Low test,Dut,sendCommand,PASS,,Jul 19 2019 6:44:10.9470 PM,Jul 19 2019 6:44:10.9590 PM,.0124
127. backlight High-Low test,Dut,sendCommand,PASS,,Jul 19 2019 6:44:10.9610 PM,Jul 19 2019 6:44:10.9740 PM,.0126
127. backlight High-Low test,Dut,sendCommand,PASS,,Jul 19 2019 6:44:10.9750 PM,Jul 19 2019 6:44:10.9880 PM,.0128
127. backlight High-Low test,Dut,sendCommand,PASS,,Jul 19 2019 6:44:10.9900 PM,Jul 19 2019 6:44:11.0030 PM,.0134
127. backlight High-Low test,Dut,sendCommand,PASS,,Jul 19 2019 6:44:11.0050 PM,Jul 19 2019 6:44:11.0200 PM,.015
127. backlight High-Low test,Dut,sendCommand,PASS,,Jul 19 2019 6:44:11.0230 PM,Jul 19 2019 6:44:11.0350 PM,.012
127. backlight High-Low test,Dut,sendCommand,PASS,,Jul 19 2019 6:44:11.0370 PM,Jul 19 2019 6:44:11.0500 PM,.0131
127. backlight High-Low test,Dut,sendCommand,PASS,,Jul 19 2019 6:44:11.0530 PM,Jul 19 2019 6:44:11.0640 PM,.0111
127. backlight High-Low test,Dut,sendCommand,PASS,,Jul 19 2019 6:44:11.0660 PM,Jul 19 2019 6:44:11.0790 PM,.0129
127. backlight High-Low test,Dut,sendCommand,PASS,,Jul 19 2019 6:44:11.0820 PM,Jul 19 2019 6:44:11.0950 PM,.0128
127. backlight High-Low test,Dut,sendCommand,PASS,,Jul 19 2019 6:44:11.0970 PM,Jul 19 2019 6:44:11.1080 PM,.0107
128.Orion Contamination Test 4uA DATA_GND_150K (mV),Dut,sendCommand,PASS,,Jul 19 2019 6:44:11.1140 PM,Jul 19 2019 6:44:11.1430 PM,.0291
128.Orion Contamination Test 4uA DATA_GND_150K (mV),rpcCall,RPCSendAndGet,PASS,,Jul 19 2019 6:44:11.1450 PM,Jul 19 2019 6:44:12.9190 PM,1.7735
128.Orion Contamination Test 4uA DATA_GND_150K (mV),rpcCall,RPCSendAndGet,PASS,,Jul 19 2019 6:44:12.9210 PM,Jul 19 2019 6:44:12.9890 PM,.0677
128.Orion Contamination Test 4uA DATA_GND_150K (mV),rpcCall,RPCSendAndGet,PASS,,Jul 19 2019 6:44:12.9910 PM,Jul 19 2019 6:44:13.0490 PM,.0584
128.Orion Contamination Test 4uA DATA_GND_150K (mV),rpcCall,RPCSendAndGet,PASS,,Jul 19 2019 6:44:13.0510 PM,Jul 19 2019 6:44:13.1080 PM,.0567
128.Orion Contamination Test 4uA DATA_GND_150K (mV),rpcCall,RPCSendAndGet,PASS,,Jul 19 2019 6:44:13.1100 PM,Jul 19 2019 6:44:13.1260 PM,.0165
128.Orion Contamination Test 4uA DATA_GND_150K (mV),rpcCall,RPCSendAndGet,PASS,,Jul 19 2019 6:44:13.1280 PM,Jul 19 2019 6:44:13.1390 PM,.0112
128.Orion Contamination Test 4uA DATA_GND_150K (mV),Dut,sendCommand,PASS,,Jul 19 2019 6:44:14.0140 PM,Jul 19 2019 6:44:14.0340 PM,.0199
128.Orion Contamination Test 4uA DATA_GND_150K (mV),Dut,sendCommand,PASS,,Jul 19 2019 6:44:14.0370 PM,Jul 19 2019 6:44:14.0540 PM,.0168
128.Orion Contamination Test 4uA DATA_GND_150K (mV),Dut,sendCommand,PASS,,Jul 19 2019 6:44:14.0560 PM,Jul 19 2019 6:44:14.0750 PM,.019
128.Orion Contamination Test 4uA DATA_GND_150K (mV),Dut,sendCommand,PASS,,Jul 19 2019 6:44:14.0780 PM,Jul 19 2019 6:44:14.0990 PM,.0216
128.Orion Contamination Test 4uA DATA_GND_150K (mV),Dut,sendCommand,PASS,,Jul 19 2019 6:44:14.1010 PM,Jul 19 2019 6:44:14.1190 PM,.0175
128.Orion Contamination Test 4uA DATA_GND_150K (mV),Dut,sendCommand,PASS,,Jul 19 2019 6:44:14.1210 PM,Jul 19 2019 6:44:14.1400 PM,.0187
128.Orion Contamination Test 4uA DATA_GND_150K (mV),Dut,sendCommand,PASS,,Jul 19 2019 6:44:14.1430 PM,Jul 19 2019 6:44:14.1640 PM,.0211
128.Orion Contamination Test 4uA DATA_GND_150K (mV),Dut,sendCommand,PASS,,Jul 19 2019 6:44:14.1660 PM,Jul 19 2019 6:44:14.1850 PM,.0191
129.Orion Contamination Test 4uA DATA_PWR_150K (mV),rpcCall,RPCSendAndGet,PASS,,Jul 19 2019 6:44:14.1920 PM,Jul 19 2019 6:44:14.2400 PM,.0475
129.Orion Contamination Test 4uA DATA_PWR_150K (mV),rpcCall,RPCSendAndGet,PASS,,Jul 19 2019 6:44:14.2410 PM,Jul 19 2019 6:44:14.3090 PM,.0674
129.Orion Contamination Test 4uA DATA_PWR_150K (mV),rpcCall,RPCSendAndGet,PASS,,Jul 19 2019 6:44:14.3110 PM,Jul 19 2019 6:44:14.3310 PM,.0197
129.Orion Contamination Test 4uA DATA_PWR_150K (mV),Dut,sendCommand,PASS,,Jul 19 2019 6:44:14.3320 PM,Jul 19 2019 6:44:14.3490 PM,.0168
129.Orion Contamination Test 4uA DATA_PWR_150K (mV),Dut,sendCommand,PASS,,Jul 19 2019 6:44:14.3520 PM,Jul 19 2019 6:44:14.3690 PM,.0168
129.Orion Contamination Test 4uA DATA_PWR_150K (mV),Dut,sendCommand,PASS,,Jul 19 2019 6:44:14.3730 PM,Jul 19 2019 6:44:14.3890 PM,.0162
129.Orion Contamination Test 4uA DATA_PWR_150K (mV),Dut,sendCommand,PASS,,Jul 19 2019 6:44:14.3910 PM,Jul 19 2019 6:44:14.4080 PM,.0175
129.Orion Contamination Test 4uA DATA_PWR_150K (mV),Dut,sendCommand,PASS,,Jul 19 2019 6:44:14.4100 PM,Jul 19 2019 6:44:14.4290 PM,.0184
129.Orion Contamination Test 4uA DATA_PWR_150K (mV),Dut,sendCommand,PASS,,Jul 19 2019 6:44:14.4330 PM,Jul 19 2019 6:44:14.4550 PM,.0225
129.Orion Contamination Test 4uA DATA_PWR_150K (mV),Dut,sendCommand,PASS,,Jul 19 2019 6:44:14.4600 PM,Jul 19 2019 6:44:14.4780 PM,.0189
129.Orion Contamination Test 4uA DATA_PWR_150K (mV),Dut,sendCommand,PASS,,Jul 19 2019 6:44:14.4810 PM,Jul 19 2019 6:44:14.5000 PM,.0191
129.Orion Contamination Test 4uA DATA_PWR_150K (mV),Dut,sendCommand,PASS,,Jul 19 2019 6:44:14.5020 PM,Jul 19 2019 6:44:14.5200 PM,.018
130.Orion Contamination Test 4uA PWR_GND_150K (mV),rpcCall,RPCSendAndGet,PASS,,Jul 19 2019 6:44:14.5290 PM,Jul 19 2019 6:44:14.5610 PM,.0321
130.Orion Contamination Test 4uA PWR_GND_150K (mV),rpcCall,RPCSendAndGet,PASS,,Jul 19 2019 6:44:14.5630 PM,Jul 19 2019 6:44:14.6290 PM,.0655
130.Orion Contamination Test 4uA PWR_GND_150K (mV),rpcCall,RPCSendAndGet,PASS,,Jul 19 2019 6:44:14.6310 PM,Jul 19 2019 6:44:14.6510 PM,.0204
130.Orion Contamination Test 4uA PWR_GND_150K (mV),Dut,sendCommand,PASS,,Jul 19 2019 6:44:14.6540 PM,Jul 19 2019 6:44:14.6730 PM,.0189
130.Orion Contamination Test 4uA PWR_GND_150K (mV),Dut,sendCommand,PASS,,Jul 19 2019 6:44:14.6760 PM,Jul 19 2019 6:44:14.6940 PM,.0181
130.Orion Contamination Test 4uA PWR_GND_150K (mV),Dut,sendCommand,PASS,,Jul 19 2019 6:44:14.6960 PM,Jul 19 2019 6:44:14.7140 PM,.0182
130.Orion Contamination Test 4uA PWR_GND_150K (mV),Dut,sendCommand,PASS,,Jul 19 2019 6:44:14.7160 PM,Jul 19 2019 6:44:14.7340 PM,.0178
130.Orion Contamination Test 4uA PWR_GND_150K (mV),Dut,sendCommand,PASS,,Jul 19 2019 6:44:14.7360 PM,Jul 19 2019 6:44:14.7540 PM,.018
130.Orion Contamination Test 4uA PWR_GND_150K (mV),Dut,sendCommand,PASS,,Jul 19 2019 6:44:14.7560 PM,Jul 19 2019 6:44:14.7730 PM,.0177
130.Orion Contamination Test 4uA PWR_GND_150K (mV),Dut,sendCommand,PASS,,Jul 19 2019 6:44:15.8450 PM,Jul 19 2019 6:44:15.8650 PM,.0202
130.Orion Contamination Test 4uA PWR_GND_150K (mV),Dut,sendCommand,PASS,,Jul 19 2019 6:44:15.8680 PM,Jul 19 2019 6:44:15.8860 PM,.0185
131.Attach provider mode,rpcCall,RPCSendAndGet,PASS,,Jul 19 2019 6:44:15.8930 PM,Jul 19 2019 6:44:15.9100 PM,.0172
131.Attach provider mode,rpcCall,RPCSendAndGet,PASS,,Jul 19 2019 6:44:15.9120 PM,Jul 19 2019 6:44:15.9780 PM,.0657
131.Attach provider mode,rpcCall,RPCSendAndGet,PASS,,Jul 19 2019 6:44:15.9800 PM,Jul 19 2019 6:44:16.0440 PM,.0642
131.Attach provider mode,rpcCall,RPCSendAndGet,PASS,,Jul 19 2019 6:44:16.0460 PM,Jul 19 2019 6:44:16.1080 PM,.0616
131.Attach provider mode,rpcCall,RPCSendAndGet,PASS,,Jul 19 2019 6:44:16.1100 PM,Jul 19 2019 6:44:16.1750 PM,.0656
131.Attach provider mode,rpcCall,RPCSendAndGet,PASS,,Jul 19 2019 6:44:16.1770 PM,Jul 19 2019 6:44:17.2340 PM,1.057
132.Orion output communications connection test,Dut,sendCommand,PASS,,Jul 19 2019 6:44:17.3590 PM,Jul 19 2019 6:44:17.3740 PM,.0145
132.Orion output communications connection test,Dut,sendCommand,PASS,,Jul 19 2019 6:44:17.3760 PM,Jul 19 2019 6:44:17.3890 PM,.0125
132.Orion output communications connection test,Dut,sendCommand,PASS,,Jul 19 2019 6:44:17.3910 PM,Jul 19 2019 6:44:17.4150 PM,.0232
132.Orion output communications connection test,Dut,sendCommand,PASS,,Jul 19 2019 6:44:17.4170 PM,Jul 19 2019 6:44:17.4350 PM,.0174
132.Orion output communications connection test,Dut,sendCommand,PASS,,Jul 19 2019 6:44:17.4380 PM,Jul 19 2019 6:44:17.4580 PM,.0206
132.Orion output communications connection test,Dut,sendCommand,PASS,,Jul 19 2019 6:44:17.4600 PM,Jul 19 2019 6:44:17.4790 PM,.0186
132.Orion output communications connection test,Dut,sendCommand,PASS,,Jul 19 2019 6:44:17.4810 PM,Jul 19 2019 6:44:17.5040 PM,.0232
132.Orion output communications connection test,Dut,sendCommand,PASS,,Jul 19 2019 6:44:17.6260 PM,Jul 19 2019 6:44:17.6440 PM,.0178
133.Orion Output Bellatrix State Boost,Dut,sendCommand,PASS,,Jul 19 2019 6:44:17.6480 PM,Jul 19 2019 6:44:17.6590 PM,.0104
133.Orion Output Bellatrix State Boost,Dut,sendCommand,PASS,,Jul 19 2019 6:44:17.6600 PM,Jul 19 2019 6:44:17.6730 PM,.0128
133.Orion Output Bellatrix State Boost,Dut,sendCommand,PASS,,Jul 19 2019 6:44:17.6750 PM,Jul 19 2019 6:44:17.6880 PM,.0131
133.Orion Output Bellatrix State Boost,Dut,sendCommand,PASS,,Jul 19 2019 6:44:17.6900 PM,Jul 19 2019 6:44:17.7130 PM,.0228
133.Orion Output Bellatrix State Boost,Dut,sendCommand,PASS,,Jul 19 2019 6:44:17.7150 PM,Jul 19 2019 6:44:17.7330 PM,.0182
133.Orion Output Bellatrix State Boost,Dut,sendCommand,PASS,,Jul 19 2019 6:44:17.7350 PM,Jul 19 2019 6:44:17.7540 PM,.0185
133.Orion Output Bellatrix State Boost,Dut,sendCommand,PASS,,Jul 19 2019 6:44:17.7560 PM,Jul 19 2019 6:44:17.7740 PM,.0184
133.Orion Output Bellatrix State Boost,Dut,sendCommand,PASS,,Jul 19 2019 6:44:17.7770 PM,Jul 19 2019 6:44:17.7990 PM,.0226
133.Orion Output Bellatrix State Boost,Dut,sendCommand,PASS,,Jul 19 2019 6:44:17.9260 PM,Jul 19 2019 6:44:17.9450 PM,.0191
133.Orion Output Bellatrix State Boost,Dut,sendCommand,PASS,,Jul 19 2019 6:44:17.9480 PM,Jul 19 2019 6:44:17.9590 PM,.0117
133.Orion Output Bellatrix State Boost,Dut,sendCommand,PASS,,Jul 19 2019 6:44:17.9620 PM,Jul 19 2019 6:44:17.9740 PM,.0118
133.Orion Output Bellatrix State Boost,Dut,sendCommand,PASS,,Jul 19 2019 6:44:17.9770 PM,Jul 19 2019 6:44:17.9890 PM,.0128
133.Orion Output Bellatrix State Boost,Dut,sendCommand,PASS,,Jul 19 2019 6:44:17.9920 PM,Jul 19 2019 6:44:18.0140 PM,.0217
133.Orion Output Bellatrix State Boost,Dut,sendCommand,PASS,,Jul 19 2019 6:44:18.0160 PM,Jul 19 2019 6:44:18.0340 PM,.0178
133.Orion Output Bellatrix State Boost,Dut,sendCommand,PASS,,Jul 19 2019 6:44:18.0360 PM,Jul 19 2019 6:44:18.0540 PM,.0185
133.Orion Output Bellatrix State Boost,Dut,sendCommand,PASS,,Jul 19 2019 6:44:18.0560 PM,Jul 19 2019 6:44:18.0750 PM,.0187
133.Orion Output Bellatrix State Boost,Dut,sendCommand,PASS,,Jul 19 2019 6:44:18.0780 PM,Jul 19 2019 6:44:18.1040 PM,.0262
133.Orion Output Bellatrix State Boost,Dut,sendCommand,PASS,,Jul 19 2019 6:44:18.2270 PM,Jul 19 2019 6:44:18.2450 PM,.0177
133.Orion Output Bellatrix State Boost,Dut,sendCommand,PASS,,Jul 19 2019 6:44:18.2480 PM,Jul 19 2019 6:44:18.2690 PM,.0205
133.Orion Output Bellatrix State Boost,rpcCall,RPCSendAndGet,PASS,,Jul 19 2019 6:44:18.2710 PM,Jul 19 2019 6:44:18.3270 PM,.0555
134.Orion output 1000mA mode voltage w/o load - B,rpcCall,RPCSendAndGet,PASS,,Jul 19 2019 6:44:18.3320 PM,Jul 19 2019 6:44:18.4360 PM,.1034
134.Orion output 1000mA mode voltage w/o load - B,rpcCall,RPCSendAndGet,PASS,,Jul 19 2019 6:44:18.4380 PM,Jul 19 2019 6:44:19.2010 PM,.7627
135.Orion output 1000mA mode current - B,rpcCall,RPCSendAndGet,PASS,,Jul 19 2019 6:44:19.2050 PM,Jul 19 2019 6:44:19.2610 PM,.0559
135.Orion output 1000mA mode current - B,rpcCall,RPCSendAndGet,PASS,,Jul 19 2019 6:44:19.3070 PM,Jul 19 2019 6:44:19.3760 PM,.0689
135.Orion output 1000mA mode current - B,rpcCall,RPCSendAndGet,PASS,,Jul 19 2019 6:44:19.3780 PM,Jul 19 2019 6:44:20.0960 PM,.7184
136.Orion output 1000mA mode voltage w/ load - B,rpcCall,RPCSendAndGet,PASS,,Jul 19 2019 6:44:20.1010 PM,Jul 19 2019 6:44:20.2050 PM,.1035
136.Orion output 1000mA mode voltage w/ load - B,rpcCall,RPCSendAndGet,PASS,,Jul 19 2019 6:44:20.2070 PM,Jul 19 2019 6:44:20.9830 PM,.7762
137.Orion output 2000mA mode voltage w/o load - B,rpcCall,RPCSendAndGet,PASS,,Jul 19 2019 6:44:20.9880 PM,Jul 19 2019 6:44:21.0480 PM,.0597
137.Orion output 2000mA mode voltage w/o load - B,rpcCall,RPCSendAndGet,PASS,,Jul 19 2019 6:44:21.0500 PM,Jul 19 2019 6:44:21.1580 PM,.1073
137.Orion output 2000mA mode voltage w/o load - B,rpcCall,RPCSendAndGet,PASS,,Jul 19 2019 6:44:21.1600 PM,Jul 19 2019 6:44:21.8830 PM,.7234
138.Orion output 2000mA mode current - B,rpcCall,RPCSendAndGet,PASS,,Jul 19 2019 6:44:21.8890 PM,Jul 19 2019 6:44:21.9500 PM,.0605
138.Orion output 2000mA mode current - B,rpcCall,RPCSendAndGet,PASS,,Jul 19 2019 6:44:21.9980 PM,Jul 19 2019 6:44:22.0570 PM,.0586
138.Orion output 2000mA mode current - B,rpcCall,RPCSendAndGet,PASS,,Jul 19 2019 6:44:22.0590 PM,Jul 19 2019 6:44:22.8350 PM,.776
139.Orion output 2000mA mode voltage w/ load - B,rpcCall,RPCSendAndGet,PASS,,Jul 19 2019 6:44:22.8400 PM,Jul 19 2019 6:44:22.9460 PM,.1056
139.Orion output 2000mA mode voltage w/ load - B,rpcCall,RPCSendAndGet,PASS,,Jul 19 2019 6:44:22.9470 PM,Jul 19 2019 6:44:23.7080 PM,.7607
140.Orion voltage drop with 2000mA - B,rpcCall,RPCSendAndGet,PASS,,Jul 19 2019 6:44:23.7130 PM,Jul 19 2019 6:44:23.7700 PM,.0565
141.Orion output 2000mA mode DCR - B,rpcCall,RPCSendAndGet,PASS,,Jul 19 2019 6:44:23.7750 PM,Jul 19 2019 6:44:23.8280 PM,.0524
142.Orion Bellatrix ADC temperature read,Dut,sendCommand,PASS,,Jul 19 2019 6:44:23.8320 PM,Jul 19 2019 6:44:23.8490 PM,.0171
142.Orion Bellatrix ADC temperature read,Dut,sendCommand,PASS,,Jul 19 2019 6:44:23.8510 PM,Jul 19 2019 6:44:23.8690 PM,.0181
142.Orion Bellatrix ADC temperature read,Dut,sendCommand,PASS,,Jul 19 2019 6:44:23.8710 PM,Jul 19 2019 6:44:23.8900 PM,.0191
142.Orion Bellatrix ADC temperature read,Dut,sendCommand,PASS,,Jul 19 2019 6:44:23.8920 PM,Jul 19 2019 6:44:23.9100 PM,.0181
143.Orion Bellatrix ADC VP read Boost,Dut,sendCommand,PASS,,Jul 19 2019 6:44:23.9160 PM,Jul 19 2019 6:44:23.9390 PM,.0228
143.Orion Bellatrix ADC VP read Boost,Dut,sendCommand,PASS,,Jul 19 2019 6:44:23.9410 PM,Jul 19 2019 6:44:23.9600 PM,.0196
143.Orion Bellatrix ADC VP read Boost,Dut,sendCommand,PASS,,Jul 19 2019 6:44:23.9620 PM,Jul 19 2019 6:44:23.9800 PM,.0178
143.Orion Bellatrix ADC VP read Boost,Dut,sendCommand,PASS,,Jul 19 2019 6:44:23.9830 PM,Jul 19 2019 6:44:24.0000 PM,.0176
143.Orion Bellatrix ADC VP read Boost,Dut,sendCommand,PASS,,Jul 19 2019 6:44:24.0020 PM,Jul 19 2019 6:44:24.0210 PM,.0181
144.Orion output communications connection test,Dut,sendCommand,PASS,,Jul 19 2019 6:44:24.0260 PM,Jul 19 2019 6:44:24.0390 PM,.0124
144.Orion output communications connection test,Dut,sendCommand,PASS,,Jul 19 2019 6:44:24.0410 PM,Jul 19 2019 6:44:24.0540 PM,.0131
144.Orion output communications connection test,Dut,sendCommand,PASS,,Jul 19 2019 6:44:24.0560 PM,Jul 19 2019 6:44:24.0790 PM,.0231
144.Orion output communications connection test,Dut,sendCommand,PASS,,Jul 19 2019 6:44:24.0810 PM,Jul 19 2019 6:44:24.0990 PM,.0185
144.Orion output communications connection test,Dut,sendCommand,PASS,,Jul 19 2019 6:44:24.1010 PM,Jul 19 2019 6:44:24.1190 PM,.0179
144.Orion output communications connection test,Dut,sendCommand,PASS,,Jul 19 2019 6:44:24.1210 PM,Jul 19 2019 6:44:24.1390 PM,.0181
144.Orion output communications connection test,Dut,sendCommand,PASS,,Jul 19 2019 6:44:24.1410 PM,Jul 19 2019 6:44:24.1640 PM,.0231
144.Orion output communications connection test,Dut,sendCommand,PASS,,Jul 19 2019 6:44:24.2900 PM,Jul 19 2019 6:44:24.3100 PM,.0201
145.Orion output HS communcations connection test,Dut,sendCommand,PASS,,Jul 19 2019 6:44:24.3160 PM,Jul 19 2019 6:44:24.3340 PM,.0183
145.Orion output HS communcations connection test,Dut,sendCommand,PASS,,Jul 19 2019 6:44:24.3370 PM,Jul 19 2019 6:44:24.3490 PM,.0126
145.Orion output HS communcations connection test,rpcCall,RPCSendAndGet,PASS,,Jul 19 2019 6:44:24.3510 PM,Jul 19 2019 6:44:24.3730 PM,.0217
145.Orion output HS communcations connection test,rpcCall,RPCSendAndGet,PASS,,Jul 19 2019 6:44:24.3750 PM,Jul 19 2019 6:44:25.1920 PM,.8168
145.Orion output HS communcations connection test,rpcCall,RPCSendAndGet,PASS,,Jul 19 2019 6:44:25.1940 PM,Jul 19 2019 6:44:25.2490 PM,.0557
145.Orion output HS communcations connection test,rpcCall,RPCSendAndGet,PASS,,Jul 19 2019 6:44:25.2520 PM,Jul 19 2019 6:44:26.3030 PM,1.0513
145.Orion output HS communcations connection test,Dut,sendCommand,PASS,,Jul 19 2019 6:44:26.3050 PM,Jul 19 2019 6:44:26.3200 PM,.015
145.Orion output HS communcations connection test,Dut,sendCommand,PASS,,Jul 19 2019 6:44:26.3230 PM,Jul 19 2019 6:44:26.3400 PM,.017
145.Orion output HS communcations connection test,Dut,sendCommand,PASS,,Jul 19 2019 6:44:26.3430 PM,Jul 19 2019 6:44:26.3550 PM,.0119
145.Orion output HS communcations connection test,Dut,sendCommand,PASS,,Jul 19 2019 6:44:26.3570 PM,Jul 19 2019 6:44:26.3800 PM,.0225
145.Orion output HS communcations connection test,Dut,changeDelimiter,PASS,,Jul 19 2019 6:44:26.3820 PM,Jul 19 2019 6:44:26.3820 PM,.0001
145.Orion output HS communcations connection test,Dut,sendCommand,PASS,,Jul 19 2019 6:44:26.3850 PM,Jul 19 2019 6:44:26.4000 PM,.0152
145.Orion output HS communcations connection test,Dut,changeDelimiter,PASS,,Jul 19 2019 6:44:26.4020 PM,Jul 19 2019 6:44:26.4020 PM,0
145.Orion output HS communcations connection test,Dut,changeLineTerminator,PASS,,Jul 19 2019 6:44:26.4040 PM,Jul 19 2019 6:44:26.4040 PM,0
145.Orion output HS communcations connection test,Dut,sendCommand,PASS,,Jul 19 2019 6:44:26.4060 PM,Jul 19 2019 6:44:26.6800 PM,.2743
145.Orion output HS communcations connection test,rpcCall,RPCSendAndGet,PASS,,Jul 19 2019 6:44:26.6830 PM,Jul 19 2019 6:44:27.4300 PM,.747
145.Orion output HS communcations connection test,Dut,syncCmdResp,PASS,,Jul 19 2019 6:44:30.5050 PM,Jul 19 2019 6:44:30.5160 PM,.011
145.Orion output HS communcations connection test,Dut,sendCommand,PASS,,Jul 19 2019 6:44:30.5190 PM,Jul 19 2019 6:44:30.5300 PM,.0119
145.Orion output HS communcations connection test,Dut,sendCommand,PASS,,Jul 19 2019 6:44:30.5330 PM,Jul 19 2019 6:44:30.5460 PM,.0125
145.Orion output HS communcations connection test,Dut,sendCommand,PASS,,Jul 19 2019 6:44:30.5480 PM,Jul 19 2019 6:44:30.5910 PM,.0422
145.Orion output HS communcations connection test,Dut,sendCommand,PASS,,Jul 19 2019 6:44:30.5940 PM,Jul 19 2019 6:44:30.6350 PM,.0419
145.Orion output HS communcations connection test,Dut,sendCommand,PASS,,Jul 19 2019 6:44:30.6380 PM,Jul 19 2019 6:44:30.6500 PM,.0126
146.Orion Output Bellatrix State,rpcCall,RPCSendAndGet,PASS,,Jul 19 2019 6:44:30.6570 PM,Jul 19 2019 6:44:30.7160 PM,.0595
146.Orion Output Bellatrix State,rpcCall,RPCSendAndGet,PASS,,Jul 19 2019 6:44:30.7180 PM,Jul 19 2019 6:44:30.7730 PM,.0547
146.Orion Output Bellatrix State,rpcCall,RPCSendAndGet,PASS,,Jul 19 2019 6:44:30.7750 PM,Jul 19 2019 6:44:31.8280 PM,1.0527
146.Orion Output Bellatrix State,Dut,sendCommand,PASS,,Jul 19 2019 6:44:31.9560 PM,Jul 19 2019 6:44:31.9810 PM,.0246
146.Orion Output Bellatrix State,Dut,sendCommand,PASS,,Jul 19 2019 6:44:32.1080 PM,Jul 19 2019 6:44:32.1260 PM,.0179
147.Orion output communications test 330pF,rpcCall,RPCSendAndGet,PASS,,Jul 19 2019 6:44:32.1320 PM,Jul 19 2019 6:44:32.1640 PM,.0315
147.Orion output communications test 330pF,rpcCall,RPCSendAndGet,PASS,,Jul 19 2019 6:44:32.1660 PM,Jul 19 2019 6:44:32.2230 PM,.0577
147.Orion output communications test 330pF,Dut,sendCommand,PASS,,Jul 19 2019 6:44:32.2250 PM,Jul 19 2019 6:44:32.2350 PM,.0095
147.Orion output communications test 330pF,Dut,sendCommand,PASS,,Jul 19 2019 6:44:32.2370 PM,Jul 19 2019 6:44:32.2490 PM,.0126
147.Orion output communications test 330pF,Dut,sendCommand,PASS,,Jul 19 2019 6:44:32.2510 PM,Jul 19 2019 6:44:32.2750 PM,.0234
147.Orion output communications test 330pF,Dut,sendCommand,PASS,,Jul 19 2019 6:44:32.2770 PM,Jul 19 2019 6:44:32.2950 PM,.0185
147.Orion output communications test 330pF,Dut,sendCommand,PASS,,Jul 19 2019 6:44:32.2970 PM,Jul 19 2019 6:44:32.3150 PM,.0179
147.Orion output communications test 330pF,Dut,sendCommand,PASS,,Jul 19 2019 6:44:32.3170 PM,Jul 19 2019 6:44:32.3350 PM,.0179
147.Orion output communications test 330pF,Dut,sendCommand,PASS,,Jul 19 2019 6:44:32.3370 PM,Jul 19 2019 6:44:32.3600 PM,.0229
147.Orion output communications test 330pF,Dut,sendCommand,PASS,,Jul 19 2019 6:44:32.4880 PM,Jul 19 2019 6:44:32.5060 PM,.0176
147.Orion output communications test 330pF,Dut,sendCommand,PASS,,Jul 19 2019 6:44:32.5090 PM,Jul 19 2019 6:44:32.5200 PM,.0112
147.Orion output communications test 330pF,Dut,sendCommand,PASS,,Jul 19 2019 6:44:32.5230 PM,Jul 19 2019 6:44:32.5350 PM,.0118
147.Orion output communications test 330pF,Dut,sendCommand,PASS,,Jul 19 2019 6:44:32.5370 PM,Jul 19 2019 6:44:32.5600 PM,.023
147.Orion output communications test 330pF,Dut,sendCommand,PASS,,Jul 19 2019 6:44:32.5620 PM,Jul 19 2019 6:44:32.5800 PM,.0181
147.Orion output communications test 330pF,Dut,sendCommand,PASS,,Jul 19 2019 6:44:32.5820 PM,Jul 19 2019 6:44:32.6010 PM,.0189
147.Orion output communications test 330pF,Dut,sendCommand,PASS,,Jul 19 2019 6:44:32.6030 PM,Jul 19 2019 6:44:32.6200 PM,.0169
147.Orion output communications test 330pF,Dut,sendCommand,PASS,,Jul 19 2019 6:44:32.6220 PM,Jul 19 2019 6:44:32.6460 PM,.0232
147.Orion output communications test 330pF,Dut,sendCommand,PASS,,Jul 19 2019 6:44:32.7700 PM,Jul 19 2019 6:44:32.7900 PM,.0201
148.Orion output HS communications test 330pF,Dut,sendCommand,PASS,,Jul 19 2019 6:44:32.7970 PM,Jul 19 2019 6:44:32.8160 PM,.0183
148.Orion output HS communications test 330pF,Dut,sendCommand,PASS,,Jul 19 2019 6:44:32.8190 PM,Jul 19 2019 6:44:32.8350 PM,.0168
148.Orion output HS communications test 330pF,rpcCall,RPCSendAndGet,PASS,,Jul 19 2019 6:44:32.8380 PM,Jul 19 2019 6:44:32.8570 PM,.0195
148.Orion output HS communications test 330pF,rpcCall,RPCSendAndGet,PASS,,Jul 19 2019 6:44:32.8590 PM,Jul 19 2019 6:44:33.6660 PM,.8068
148.Orion output HS communications test 330pF,rpcCall,RPCSendAndGet,PASS,,Jul 19 2019 6:44:33.6680 PM,Jul 19 2019 6:44:33.7330 PM,.0644
148.Orion output HS communications test 330pF,rpcCall,RPCSendAndGet,PASS,,Jul 19 2019 6:44:33.7350 PM,Jul 19 2019 6:44:34.7810 PM,1.0464
148.Orion output HS communications test 330pF,Dut,sendCommand,PASS,,Jul 19 2019 6:44:34.7830 PM,Jul 19 2019 6:44:34.7950 PM,.0125
148.Orion output HS communications test 330pF,Dut,sendCommand,PASS,,Jul 19 2019 6:44:34.7970 PM,Jul 19 2019 6:44:34.8110 PM,.0138
148.Orion output HS communications test 330pF,Dut,sendCommand,PASS,,Jul 19 2019 6:44:34.8140 PM,Jul 19 2019 6:44:34.8260 PM,.0123
148.Orion output HS communications test 330pF,Dut,sendCommand,PASS,,Jul 19 2019 6:44:34.8290 PM,Jul 19 2019 6:44:34.8500 PM,.0214
148.Orion output HS communications test 330pF,Dut,changeDelimiter,PASS,,Jul 19 2019 6:44:34.8530 PM,Jul 19 2019 6:44:34.8530 PM,0
148.Orion output HS communications test 330pF,Dut,sendCommand,PASS,,Jul 19 2019 6:44:34.8550 PM,Jul 19 2019 6:44:34.8710 PM,.0155
148.Orion output HS communications test 330pF,Dut,changeDelimiter,PASS,,Jul 19 2019 6:44:34.8730 PM,Jul 19 2019 6:44:34.8730 PM,0
148.Orion output HS communications test 330pF,Dut,changeLineTerminator,PASS,,Jul 19 2019 6:44:34.8750 PM,Jul 19 2019 6:44:34.8750 PM,0
148.Orion output HS communications test 330pF,Dut,sendCommand,PASS,,Jul 19 2019 6:44:34.8770 PM,Jul 19 2019 6:44:35.1480 PM,.2708
148.Orion output HS communications test 330pF,rpcCall,RPCSendAndGet,PASS,,Jul 19 2019 6:44:35.1510 PM,Jul 19 2019 6:44:35.8980 PM,.7469
148.Orion output HS communications test 330pF,Dut,syncCmdResp,PASS,,Jul 19 2019 6:44:38.9710 PM,Jul 19 2019 6:44:38.9820 PM,.0107
148.Orion output HS communications test 330pF,Dut,sendCommand,PASS,,Jul 19 2019 6:44:38.9840 PM,Jul 19 2019 6:44:38.9970 PM,.0121
148.Orion output HS communications test 330pF,Dut,sendCommand,PASS,,Jul 19 2019 6:44:38.9990 PM,Jul 19 2019 6:44:39.0160 PM,.0168
148.Orion output HS communications test 330pF,Dut,sendCommand,PASS,,Jul 19 2019 6:44:39.0190 PM,Jul 19 2019 6:44:39.0610 PM,.0425
148.Orion output HS communications test 330pF,Dut,sendCommand,PASS,,Jul 19 2019 6:44:39.0640 PM,Jul 19 2019 6:44:39.1060 PM,.0426
148.Orion output HS communications test 330pF,Dut,sendCommand,PASS,,Jul 19 2019 6:44:39.1100 PM,Jul 19 2019 6:44:39.1210 PM,.0109
149.Orion Output Bellatrix State3,rpcCall,RPCSendAndGet,PASS,,Jul 19 2019 6:44:39.1260 PM,Jul 19 2019 6:44:39.1810 PM,.0548
149.Orion Output Bellatrix State3,rpcCall,RPCSendAndGet,PASS,,Jul 19 2019 6:44:39.1840 PM,Jul 19 2019 6:44:39.2360 PM,.0517
149.Orion Output Bellatrix State3,rpcCall,RPCSendAndGet,PASS,,Jul 19 2019 6:44:39.2380 PM,Jul 19 2019 6:44:40.2430 PM,1.0048
149.Orion Output Bellatrix State3,Dut,sendCommand,PASS,,Jul 19 2019 6:44:40.3630 PM,Jul 19 2019 6:44:40.3860 PM,.0232
149.Orion Output Bellatrix State3,Dut,sendCommand,PASS,,Jul 19 2019 6:44:40.3890 PM,Jul 19 2019 6:44:40.4070 PM,.0178
150.Attach consumer mode,rpcCall,RPCSendAndGet,PASS,,Jul 19 2019 6:44:40.4120 PM,Jul 19 2019 6:44:40.4610 PM,.0485
150.Attach consumer mode,rpcCall,RPCSendAndGet,PASS,,Jul 19 2019 6:44:40.4630 PM,Jul 19 2019 6:44:40.5200 PM,.0571
150.Attach consumer mode,rpcCall,RPCSendAndGet,PASS,,Jul 19 2019 6:44:40.5220 PM,Jul 19 2019 6:44:40.5790 PM,.0572
150.Attach consumer mode,rpcCall,RPCSendAndGet,PASS,,Jul 19 2019 6:44:40.5810 PM,Jul 19 2019 6:44:40.5970 PM,.0158
150.Attach consumer mode,rpcCall,RPCSendAndGet,PASS,,Jul 19 2019 6:44:40.5990 PM,Jul 19 2019 6:44:40.6100 PM,.0113
150.Attach consumer mode,rpcCall,RPCSendAndGet,PASS,,Jul 19 2019 6:44:40.6130 PM,Jul 19 2019 6:44:40.6700 PM,.0574
150.Attach consumer mode,rpcCall,RPCSendAndGet,PASS,,Jul 19 2019 6:44:40.6720 PM,Jul 19 2019 6:44:40.7310 PM,.0594
150.Attach consumer mode,rpcCall,RPCSendAndGet,PASS,,Jul 19 2019 6:44:40.7330 PM,Jul 19 2019 6:44:41.7380 PM,1.0049
151.Orion input communications connection test,Dut,sendCommand,PASS,,Jul 19 2019 6:44:41.8660 PM,Jul 19 2019 6:44:41.8760 PM,.0105
151.Orion input communications connection test,Dut,sendCommand,PASS,,Jul 19 2019 6:44:41.8790 PM,Jul 19 2019 6:44:41.8910 PM,.0117
151.Orion input communications connection test,Dut,sendCommand,PASS,,Jul 19 2019 6:44:41.8940 PM,Jul 19 2019 6:44:41.9160 PM,.0221
151.Orion input communications connection test,Dut,sendCommand,PASS,,Jul 19 2019 6:44:41.9180 PM,Jul 19 2019 6:44:41.9360 PM,.0176
151.Orion input communications connection test,Dut,sendCommand,PASS,,Jul 19 2019 6:44:41.9380 PM,Jul 19 2019 6:44:41.9560 PM,.0181
151.Orion input communications connection test,Dut,sendCommand,PASS,,Jul 19 2019 6:44:41.9580 PM,Jul 19 2019 6:44:41.9760 PM,.0187
151.Orion input communications connection test,Dut,sendCommand,PASS,,Jul 19 2019 6:44:41.9790 PM,Jul 19 2019 6:44:42.0020 PM,.0224
151.Orion input communications connection test,Dut,sendCommand,PASS,,Jul 19 2019 6:44:42.1230 PM,Jul 19 2019 6:44:42.1410 PM,.0182
"152.Orion Input mode voltage w/o Charge(mV)[4000,6000]",rpcCall,RPCSendAndGet,PASS,,Jul 19 2019 6:44:42.1460 PM,Jul 19 2019 6:44:42.2090 PM,.063
"152.Orion Input mode voltage w/o Charge(mV)[4000,6000]",rpcCall,RPCSendAndGet,PASS,,Jul 19 2019 6:44:42.2110 PM,Jul 19 2019 6:44:42.9900 PM,.7786
"152.Orion Input mode voltage w/o Charge(mV)[4000,6000]",Dut,sendCommand,PASS,,Jul 19 2019 6:44:43.1130 PM,Jul 19 2019 6:44:43.1320 PM,.0182
153.Orion Input Bellatrix State,Dut,sendCommand,PASS,,Jul 19 2019 6:44:43.1370 PM,Jul 19 2019 6:44:43.1610 PM,.0241
153.Orion Input Bellatrix State,Dut,sendCommand,PASS,,Jul 19 2019 6:44:43.1640 PM,Jul 19 2019 6:44:43.1820 PM,.0183
"154.Orion @5V Input mode current[85,115]",Dut,sendCommand,PASS,,Jul 19 2019 6:44:43.1890 PM,Jul 19 2019 6:44:43.2010 PM,.0128
"154.Orion @5V Input mode current[85,115]",Dut,sendCommand,PASS,,Jul 19 2019 6:44:43.2030 PM,Jul 19 2019 6:44:43.2360 PM,.0321
"154.Orion @5V Input mode current[85,115]",Dut,sendCommand,PASS,,Jul 19 2019 6:44:43.2370 PM,Jul 19 2019 6:44:43.3660 PM,.1284
"154.Orion @5V Input mode current[85,115]",rpcCall,RPCSendAndGet,PASS,,Jul 19 2019 6:44:43.3680 PM,Jul 19 2019 6:44:43.4780 PM,.1101
"154.Orion @5V Input mode current[85,115]",rpcCall,RPCSendAndGet,PASS,,Jul 19 2019 6:44:43.4800 PM,Jul 19 2019 6:44:44.2070 PM,.7269
"155.Orion Input Mode Voltage w/o Charger(mV)[8000,10000]",Dut,sendCommand,PASS,,Jul 19 2019 6:44:44.2120 PM,Jul 19 2019 6:44:44.3460 PM,.1341
"155.Orion Input Mode Voltage w/o Charger(mV)[8000,10000]",Dut,sendCommand,PASS,,Jul 19 2019 6:44:44.3480 PM,Jul 19 2019 6:44:44.3610 PM,.0126
"155.Orion Input Mode Voltage w/o Charger(mV)[8000,10000]",Dut,sendCommand,PASS,,Jul 19 2019 6:44:44.3630 PM,Jul 19 2019 6:44:44.3870 PM,.0245
"155.Orion Input Mode Voltage w/o Charger(mV)[8000,10000]",rpcCall,RPCSendAndGet,PASS,,Jul 19 2019 6:44:44.3900 PM,Jul 19 2019 6:44:44.4240 PM,.0336
"155.Orion Input Mode Voltage w/o Charger(mV)[8000,10000]",rpcCall,RPCSendAndGet,PASS,,Jul 19 2019 6:44:44.4260 PM,Jul 19 2019 6:44:44.4790 PM,.0533
"155.Orion Input Mode Voltage w/o Charger(mV)[8000,10000]",rpcCall,RPCSendAndGet,PASS,,Jul 19 2019 6:44:44.4810 PM,Jul 19 2019 6:44:45.2530 PM,.7714
"156.Orion @9V Input mode current[85,115]",Dut,sendCommand,PASS,,Jul 19 2019 6:44:45.2580 PM,Jul 19 2019 6:44:45.2730 PM,.0153
"156.Orion @9V Input mode current[85,115]",rpcCall,RPCSendAndGet,PASS,,Jul 19 2019 6:44:45.2760 PM,Jul 19 2019 6:44:45.3630 PM,.0863
"156.Orion @9V Input mode current[85,115]",rpcCall,RPCSendAndGet,PASS,,Jul 19 2019 6:44:45.3650 PM,Jul 19 2019 6:44:46.1440 PM,.7789
"156.Orion @9V Input mode current[85,115]",Dut,sendCommand,PASS,,Jul 19 2019 6:44:46.2690 PM,Jul 19 2019 6:44:46.3980 PM,.1291
157.Orion Bellatrix ADC ACCPWR read,Dut,sendCommand,PASS,,Jul 19 2019 6:44:46.4030 PM,Jul 19 2019 6:44:46.4220 PM,.0191
157.Orion Bellatrix ADC ACCPWR read,Dut,sendCommand,PASS,,Jul 19 2019 6:44:46.4250 PM,Jul 19 2019 6:44:46.4450 PM,.0198
157.Orion Bellatrix ADC ACCPWR read,Dut,sendCommand,PASS,,Jul 19 2019 6:44:46.4470 PM,Jul 19 2019 6:44:46.4690 PM,.0218
158.Orion Bellatrix Ext VBUS read,Dut,sendCommand,PASS,,Jul 19 2019 6:44:46.4750 PM,Jul 19 2019 6:44:46.4920 PM,.0173
158.Orion Bellatrix Ext VBUS read,Dut,sendCommand,PASS,,Jul 19 2019 6:44:46.4940 PM,Jul 19 2019 6:44:46.5130 PM,.0186
158.Orion Bellatrix Ext VBUS read,Dut,sendCommand,PASS,,Jul 19 2019 6:44:46.5150 PM,Jul 19 2019 6:44:46.5330 PM,.0181
159.Bellatrix HW reset,Dut,sendCommand,PASS,,Jul 19 2019 6:44:46.5390 PM,Jul 19 2019 6:44:46.5530 PM,.0136
159.Bellatrix HW reset,Dut,sendCommand,PASS,,Jul 19 2019 6:44:46.5550 PM,Jul 19 2019 6:44:46.5680 PM,.0131
159.Bellatrix HW reset,Dut,sendCommand,PASS,,Jul 19 2019 6:44:46.5700 PM,Jul 19 2019 6:44:46.5930 PM,.0231
159.Bellatrix HW reset,Dut,sendCommand,PASS,,Jul 19 2019 6:44:46.5950 PM,Jul 19 2019 6:44:46.6130 PM,.0186
159.Bellatrix HW reset,Dut,sendCommand,PASS,,Jul 19 2019 6:44:46.6150 PM,Jul 19 2019 6:44:46.6340 PM,.0184
159.Bellatrix HW reset,Dut,sendCommand,PASS,,Jul 19 2019 6:44:46.6350 PM,Jul 19 2019 6:44:46.6540 PM,.0187
159.Bellatrix HW reset,Dut,sendCommand,PASS,,Jul 19 2019 6:44:46.6570 PM,Jul 19 2019 6:44:46.6790 PM,.0225
159.Bellatrix HW reset,Dut,sendCommand,PASS,,Jul 19 2019 6:44:46.6810 PM,Jul 19 2019 6:44:46.6990 PM,.0173
160.Orion input HS communications connection test,Dut,sendCommand,PASS,,Jul 19 2019 6:44:46.7040 PM,Jul 19 2019 6:44:46.7230 PM,.0186
160.Orion input HS communications connection test,Dut,sendCommand,PASS,,Jul 19 2019 6:44:46.7250 PM,Jul 19 2019 6:44:46.7390 PM,.014
160.Orion input HS communications connection test,rpcCall,RPCSendAndGet,PASS,,Jul 19 2019 6:44:46.7420 PM,Jul 19 2019 6:44:46.7960 PM,.0541
160.Orion input HS communications connection test,rpcCall,RPCSendAndGet,PASS,,Jul 19 2019 6:44:46.7980 PM,Jul 19 2019 6:44:47.5730 PM,.7747
160.Orion input HS communications connection test,rpcCall,RPCSendAndGet,PASS,,Jul 19 2019 6:44:47.5750 PM,Jul 19 2019 6:44:47.6410 PM,.0664
160.Orion input HS communications connection test,rpcCall,RPCSendAndGet,PASS,,Jul 19 2019 6:44:47.6430 PM,Jul 19 2019 6:44:48.6480 PM,1.0047
160.Orion input HS communications connection test,Dut,sendCommand,PASS,,Jul 19 2019 6:44:48.6500 PM,Jul 19 2019 6:44:48.6640 PM,.0135
160.Orion input HS communications connection test,Dut,sendCommand,PASS,,Jul 19 2019 6:44:48.6650 PM,Jul 19 2019 6:44:48.6790 PM,.0138
160.Orion input HS communications connection test,Dut,sendCommand,PASS,,Jul 19 2019 6:44:48.6820 PM,Jul 19 2019 6:44:48.6940 PM,.0122
160.Orion input HS communications connection test,Dut,sendCommand,PASS,,Jul 19 2019 6:44:48.6970 PM,Jul 19 2019 6:44:48.7190 PM,.022
160.Orion input HS communications connection test,Dut,changeDelimiter,PASS,,Jul 19 2019 6:44:48.7210 PM,Jul 19 2019 6:44:48.7210 PM,0
160.Orion input HS communications connection test,Dut,sendCommand,PASS,,Jul 19 2019 6:44:48.7240 PM,Jul 19 2019 6:44:48.7390 PM,.0154
160.Orion input HS communications connection test,Dut,changeDelimiter,PASS,,Jul 19 2019 6:44:48.7420 PM,Jul 19 2019 6:44:48.7420 PM,0
160.Orion input HS communications connection test,Dut,changeLineTerminator,PASS,,Jul 19 2019 6:44:48.7440 PM,Jul 19 2019 6:44:48.7440 PM,0
160.Orion input HS communications connection test,Dut,sendCommand,PASS,,Jul 19 2019 6:44:48.7460 PM,Jul 19 2019 6:44:49.0150 PM,.2694
160.Orion input HS communications connection test,rpcCall,RPCSendAndGet,PASS,,Jul 19 2019 6:44:49.0180 PM,Jul 19 2019 6:44:49.7690 PM,.7505
160.Orion input HS communications connection test,Dut,syncCmdResp,PASS,,Jul 19 2019 6:44:52.8400 PM,Jul 19 2019 6:44:52.8500 PM,.0102
160.Orion input HS communications connection test,Dut,sendCommand,PASS,,Jul 19 2019 6:44:52.8530 PM,Jul 19 2019 6:44:52.8640 PM,.0113
160.Orion input HS communications connection test,Dut,sendCommand,PASS,,Jul 19 2019 6:44:52.8660 PM,Jul 19 2019 6:44:52.8790 PM,.013
160.Orion input HS communications connection test,Dut,sendCommand,PASS,,Jul 19 2019 6:44:52.8820 PM,Jul 19 2019 6:44:52.9250 PM,.043
160.Orion input HS communications connection test,Dut,sendCommand,PASS,,Jul 19 2019 6:44:52.9270 PM,Jul 19 2019 6:44:52.9690 PM,.042
160.Orion input HS communications connection test,Dut,sendCommand,PASS,,Jul 19 2019 6:44:52.9710 PM,Jul 19 2019 6:44:52.9840 PM,.0129
161.Transition from HSAID to AID Mode,rpcCall,RPCSendAndGet,PASS,,Jul 19 2019 6:44:52.9910 PM,Jul 19 2019 6:44:53.0550 PM,.064
161.Transition from HSAID to AID Mode,rpcCall,RPCSendAndGet,PASS,,Jul 19 2019 6:44:53.0570 PM,Jul 19 2019 6:44:53.0630 PM,.0061
161.Transition from HSAID to AID Mode,rpcCall,RPCSendAndGet,PASS,,Jul 19 2019 6:44:53.0650 PM,Jul 19 2019 6:44:54.0700 PM,1.0053
161.Transition from HSAID to AID Mode,Dut,sendCommand,PASS,,Jul 19 2019 6:44:54.1910 PM,Jul 19 2019 6:44:54.2050 PM,.0132
161.Transition from HSAID to AID Mode,Dut,sendCommand,PASS,,Jul 19 2019 6:44:54.2070 PM,Jul 19 2019 6:44:54.2190 PM,.0118
161.Transition from HSAID to AID Mode,Dut,sendCommand,PASS,,Jul 19 2019 6:44:54.2220 PM,Jul 19 2019 6:44:54.2440 PM,.0226
161.Transition from HSAID to AID Mode,Dut,sendCommand,PASS,,Jul 19 2019 6:44:54.2460 PM,Jul 19 2019 6:44:54.2650 PM,.0182
161.Transition from HSAID to AID Mode,Dut,sendCommand,PASS,,Jul 19 2019 6:44:54.2670 PM,Jul 19 2019 6:44:54.2840 PM,.0166
161.Transition from HSAID to AID Mode,Dut,sendCommand,PASS,,Jul 19 2019 6:44:54.2860 PM,Jul 19 2019 6:44:54.3050 PM,.0186
161.Transition from HSAID to AID Mode,Dut,sendCommand,PASS,,Jul 19 2019 6:44:54.3070 PM,Jul 19 2019 6:44:54.3300 PM,.0226
161.Transition from HSAID to AID Mode,Dut,sendCommand,PASS,,Jul 19 2019 6:44:54.3320 PM,Jul 19 2019 6:44:54.3500 PM,.0177
162.Orion input communications test 330pF,rpcCall,RPCSendAndGet,PASS,,Jul 19 2019 6:44:54.3570 PM,Jul 19 2019 6:44:54.3900 PM,.0329
162.Orion input communications test 330pF,rpcCall,RPCSendAndGet,PASS,,Jul 19 2019 6:44:54.3920 PM,Jul 19 2019 6:44:54.4480 PM,.0562
162.Orion input communications test 330pF,Dut,sendCommand,PASS,,Jul 19 2019 6:44:54.4500 PM,Jul 19 2019 6:44:54.4630 PM,.0133
162.Orion input communications test 330pF,Dut,sendCommand,PASS,,Jul 19 2019 6:44:54.4650 PM,Jul 19 2019 6:44:54.4790 PM,.0136
162.Orion input communications test 330pF,Dut,sendCommand,PASS,,Jul 19 2019 6:44:54.4810 PM,Jul 19 2019 6:44:54.5040 PM,.023
162.Orion input communications test 330pF,Dut,sendCommand,PASS,,Jul 19 2019 6:44:54.5060 PM,Jul 19 2019 6:44:54.5240 PM,.0177
162.Orion input communications test 330pF,Dut,sendCommand,PASS,,Jul 19 2019 6:44:54.5260 PM,Jul 19 2019 6:44:54.5440 PM,.0179
162.Orion input communications test 330pF,Dut,sendCommand,PASS,,Jul 19 2019 6:44:54.5460 PM,Jul 19 2019 6:44:54.5640 PM,.0182
162.Orion input communications test 330pF,Dut,sendCommand,PASS,,Jul 19 2019 6:44:54.5660 PM,Jul 19 2019 6:44:54.5900 PM,.0237
162.Orion input communications test 330pF,Dut,sendCommand,PASS,,Jul 19 2019 6:44:54.5920 PM,Jul 19 2019 6:44:54.6100 PM,.0173
163.Orion input HS communications test 330pF,Dut,sendCommand,PASS,,Jul 19 2019 6:44:54.6150 PM,Jul 19 2019 6:44:54.6340 PM,.0193
163.Orion input HS communications test 330pF,Dut,sendCommand,PASS,,Jul 19 2019 6:44:54.6370 PM,Jul 19 2019 6:44:54.6540 PM,.0172
163.Orion input HS communications test 330pF,rpcCall,RPCSendAndGet,PASS,,Jul 19 2019 6:44:54.6570 PM,Jul 19 2019 6:44:54.6720 PM,.0153
163.Orion input HS communications test 330pF,rpcCall,RPCSendAndGet,PASS,,Jul 19 2019 6:44:54.6740 PM,Jul 19 2019 6:44:55.4770 PM,.8035
163.Orion input HS communications test 330pF,rpcCall,RPCSendAndGet,PASS,,Jul 19 2019 6:44:55.4790 PM,Jul 19 2019 6:44:55.5380 PM,.0588
163.Orion input HS communications test 330pF,rpcCall,RPCSendAndGet,PASS,,Jul 19 2019 6:44:55.5400 PM,Jul 19 2019 6:44:56.5840 PM,1.0441
163.Orion input HS communications test 330pF,Dut,sendCommand,PASS,,Jul 19 2019 6:44:56.5860 PM,Jul 19 2019 6:44:56.6000 PM,.0142
163.Orion input HS communications test 330pF,Dut,sendCommand,PASS,,Jul 19 2019 6:44:56.6030 PM,Jul 19 2019 6:44:56.6200 PM,.0166
163.Orion input HS communications test 330pF,Dut,sendCommand,PASS,,Jul 19 2019 6:44:56.6230 PM,Jul 19 2019 6:44:56.6340 PM,.0116
163.Orion input HS communications test 330pF,Dut,sendCommand,PASS,,Jul 19 2019 6:44:56.6360 PM,Jul 19 2019 6:44:56.6590 PM,.0232
163.Orion input HS communications test 330pF,Dut,changeDelimiter,PASS,,Jul 19 2019 6:44:56.6620 PM,Jul 19 2019 6:44:56.6620 PM,0
163.Orion input HS communications test 330pF,Dut,sendCommand,PASS,,Jul 19 2019 6:44:56.6640 PM,Jul 19 2019 6:44:56.6800 PM,.0154
163.Orion input HS communications test 330pF,Dut,changeDelimiter,PASS,,Jul 19 2019 6:44:56.6820 PM,Jul 19 2019 6:44:56.6820 PM,0
163.Orion input HS communications test 330pF,Dut,changeLineTerminator,PASS,,Jul 19 2019 6:44:56.6840 PM,Jul 19 2019 6:44:56.6840 PM,0
163.Orion input HS communications test 330pF,Dut,sendCommand,PASS,,Jul 19 2019 6:44:56.6860 PM,Jul 19 2019 6:44:56.9610 PM,.275
163.Orion input HS communications test 330pF,rpcCall,RPCSendAndGet,PASS,,Jul 19 2019 6:44:56.9640 PM,Jul 19 2019 6:44:57.7030 PM,.7392
163.Orion input HS communications test 330pF,Dut,syncCmdResp,PASS,,Jul 19 2019 6:45:00.7760 PM,Jul 19 2019 6:45:00.7870 PM,.0115
163.Orion input HS communications test 330pF,Dut,sendCommand,PASS,,Jul 19 2019 6:45:00.7900 PM,Jul 19 2019 6:45:00.8020 PM,.0123
163.Orion input HS communications test 330pF,Dut,sendCommand,PASS,,Jul 19 2019 6:45:00.8050 PM,Jul 19 2019 6:45:00.8220 PM,.0167
163.Orion input HS communications test 330pF,Dut,sendCommand,PASS,,Jul 19 2019 6:45:00.8250 PM,Jul 19 2019 6:45:00.8670 PM,.0428
163.Orion input HS communications test 330pF,Dut,sendCommand,PASS,,Jul 19 2019 6:45:00.8700 PM,Jul 19 2019 6:45:00.9120 PM,.0424
163.Orion input HS communications test 330pF,Dut,sendCommand,PASS,,Jul 19 2019 6:45:00.9150 PM,Jul 19 2019 6:45:00.9270 PM,.0116
164.Orion Input Bellatrix State2,rpcCall,RPCSendAndGet,PASS,,Jul 19 2019 6:45:00.9340 PM,Jul 19 2019 6:45:00.9650 PM,.0308
164.Orion Input Bellatrix State2,rpcCall,RPCSendAndGet,PASS,,Jul 19 2019 6:45:00.9660 PM,Jul 19 2019 6:45:01.0210 PM,.054
164.Orion Input Bellatrix State2,rpcCall,RPCSendAndGet,PASS,,Jul 19 2019 6:45:01.0230 PM,Jul 19 2019 6:45:02.0280 PM,1.0051
164.Orion Input Bellatrix State2,Dut,sendCommand,PASS,,Jul 19 2019 6:45:02.1470 PM,Jul 19 2019 6:45:02.1720 PM,.0248
164.Orion Input Bellatrix State2,Dut,sendCommand,PASS,,Jul 19 2019 6:45:02.1740 PM,Jul 19 2019 6:45:02.1930 PM,.0183
164.Orion Input Bellatrix State2,Dut,sendCommand,PASS,,Jul 19 2019 6:45:02.1960 PM,Jul 19 2019 6:45:02.3270 PM,.1306
164.Orion Input Bellatrix State2,rpcCall,RPCSendAndGet,PASS,,Jul 19 2019 6:45:02.3300 PM,Jul 19 2019 6:45:02.3660 PM,.0365
164.Orion Input Bellatrix State2,rpcCall,RPCSendAndGet,PASS,,Jul 19 2019 6:45:02.3680 PM,Jul 19 2019 6:45:02.4250 PM,.0567
164.Orion Input Bellatrix State2,rpcCall,RPCSendAndGet,PASS,,Jul 19 2019 6:45:02.4270 PM,Jul 19 2019 6:45:02.4850 PM,.058
165.Stop the OAB3F FW,rpcCall,RPCSendAndGet,PASS,,Jul 19 2019 6:45:02.4890 PM,Jul 19 2019 6:45:02.5400 PM,.0509
166. SPK_CN_L_T to 4x_MIC Loop Test,Dut,sendCommand,PASS,,Jul 19 2019 6:45:02.5440 PM,Jul 19 2019 6:45:02.9920 PM,.4475
166. SPK_CN_L_T to 4x_MIC Loop Test,Dut,sendCommand,PASS,,Jul 19 2019 6:45:02.9940 PM,Jul 19 2019 6:45:03.0110 PM,.0169
166. SPK_CN_L_T to 4x_MIC Loop Test,Dut,sendCommand,PASS,,Jul 19 2019 6:45:03.0130 PM,Jul 19 2019 6:45:03.0310 PM,.0178
166. SPK_CN_L_T to 4x_MIC Loop Test,Dut,sendCommand,PASS,,Jul 19 2019 6:45:03.0330 PM,Jul 19 2019 6:45:03.0520 PM,.0188
166. SPK_CN_L_T to 4x_MIC Loop Test,Dut,sendCommand,PASS,,Jul 19 2019 6:45:03.0540 PM,Jul 19 2019 6:45:03.0730 PM,.0191
166. SPK_CN_L_T to 4x_MIC Loop Test,Dut,sendCommand,PASS,,Jul 19 2019 6:45:03.0750 PM,Jul 19 2019 6:45:03.1120 PM,.0367
166. SPK_CN_L_T to 4x_MIC Loop Test,Dut,sendCommand,PASS,,Jul 19 2019 6:45:03.1150 PM,Jul 19 2019 6:45:03.1520 PM,.0375
166. SPK_CN_L_T to 4x_MIC Loop Test,Dut,sendCommand,PASS,,Jul 19 2019 6:45:03.1550 PM,Jul 19 2019 6:45:03.1870 PM,.0316
166. SPK_CN_L_T to 4x_MIC Loop Test,Dut,sendCommand,PASS,,Jul 19 2019 6:45:03.1890 PM,Jul 19 2019 6:45:05.2270 PM,2.0381
166. SPK_CN_L_T to 4x_MIC Loop Test,Dut,sendCommand,PASS,,Jul 19 2019 6:45:05.2300 PM,Jul 19 2019 6:45:05.2430 PM,.0129
166. SPK_CN_L_T to 4x_MIC Loop Test,Dut,sendCommand,PASS,,Jul 19 2019 6:45:05.2450 PM,Jul 19 2019 6:45:05.7390 PM,.4931
166. SPK_CN_L_T to 4x_MIC Loop Test,Dut,sendCommand,PASS,,Jul 19 2019 6:45:05.7430 PM,Jul 19 2019 6:45:05.7570 PM,.0143
166. SPK_CN_L_T to 4x_MIC Loop Test,Dut,sendCommand,PASS,,Jul 19 2019 6:45:05.7590 PM,Jul 19 2019 6:45:05.8220 PM,.0627
175. Power Button force sensor value,Dut,changeDelimiter,PASS,,Jul 19 2019 6:45:05.8440 PM,Jul 19 2019 6:45:05.8440 PM,0
175. Power Button force sensor value,Dut,sendCommand,PASS,,Jul 19 2019 6:45:05.8450 PM,Jul 19 2019 6:45:05.8720 PM,.0264
175. Power Button force sensor value,Dut,changeDelimiter,PASS,,Jul 19 2019 6:45:05.8740 PM,Jul 19 2019 6:45:05.8740 PM,0
175. Power Button force sensor value,rpcCall,RPCSendAndGet,PASS,,Jul 19 2019 6:45:05.8760 PM,Jul 19 2019 6:45:06.4280 PM,.5529
175. Power Button force sensor value,rpcCall,RPCSendAndGet,PASS,,Jul 19 2019 6:45:07.3060 PM,Jul 19 2019 6:45:07.3140 PM,.0078
175. Power Button force sensor value,rpcCall,RPCSendAndGet,PASS,,Jul 19 2019 6:45:07.3160 PM,Jul 19 2019 6:45:07.5990 PM,.2826
176. Volume Down force sensor value,rpcCall,RPCSendAndGet,PASS,,Jul 19 2019 6:45:07.8750 PM,Jul 19 2019 6:45:08.4790 PM,.6039
176. Volume Down force sensor value,rpcCall,RPCSendAndGet,PASS,,Jul 19 2019 6:45:09.3530 PM,Jul 19 2019 6:45:09.4050 PM,.0517
176. Volume Down force sensor value,rpcCall,RPCSendAndGet,PASS,,Jul 19 2019 6:45:09.4080 PM,Jul 19 2019 6:45:09.8680 PM,.4596
177. Volume Up force sensor value,rpcCall,RPCSendAndGet,PASS,,Jul 19 2019 6:45:10.1470 PM,Jul 19 2019 6:45:11.0060 PM,.8586
177. Volume Up force sensor value,rpcCall,RPCSendAndGet,PASS,,Jul 19 2019 6:45:11.8750 PM,Jul 19 2019 6:45:11.9080 PM,.0328
177. Volume Up force sensor value,rpcCall,RPCSendAndGet,PASS,,Jul 19 2019 6:45:11.9100 PM,Jul 19 2019 6:45:12.4120 PM,.5018
177. Volume Up force sensor value,Dut,changeLineTerminator,PASS,,Jul 19 2019 6:45:12.6870 PM,Jul 19 2019 6:45:12.6870 PM,.0001
177. Volume Up force sensor value,Dut,sendCommand,PASS,,Jul 19 2019 6:45:12.6890 PM,Jul 19 2019 6:45:12.7020 PM,.0129
177. Volume Up force sensor value,Dut,changeLineTerminator,PASS,,Jul 19 2019 6:45:12.7040 PM,Jul 19 2019 6:45:12.7040 PM,0
177. Volume Up force sensor value,Dut,sendCommand,PASS,,Jul 19 2019 6:45:12.7060 PM,Jul 19 2019 6:45:12.7170 PM,.0115
181. NTC,Dut,sendCommand,PASS,,Jul 19 2019 6:45:13.0060 PM,Jul 19 2019 6:45:13.0240 PM,.0179
182. Read PMU Temp test,Dut,sendCommand,PASS,,Jul 19 2019 6:45:13.0300 PM,Jul 19 2019 6:45:13.3350 PM,.3058
183. Read Battery Temp TG0B,Dut,sendCommand,PASS,,Jul 19 2019 6:45:13.3470 PM,Jul 19 2019 6:45:13.6180 PM,.2708
184. Read CPMU C3 Temp (deg C),Dut,sendCommand,PASS,,Jul 19 2019 6:45:13.6250 PM,Jul 19 2019 6:45:15.5030 PM,1.8783
184. Read CPMU C3 Temp (deg C),Dut,sendCommand,PASS,,Jul 19 2019 6:45:15.5050 PM,Jul 19 2019 6:45:15.5180 PM,.0132
184. Read CPMU C3 Temp (deg C),Dut,sendCommand,PASS,,Jul 19 2019 6:45:15.5210 PM,Jul 19 2019 6:45:15.5380 PM,.0171
184. Read CPMU C3 Temp (deg C),Dut,sendCommand,PASS,,Jul 19 2019 6:45:15.5410 PM,Jul 19 2019 6:45:15.5530 PM,.0121
184. Read CPMU C3 Temp (deg C),Dut,sendCommand,PASS,,Jul 19 2019 6:45:15.5550 PM,Jul 19 2019 6:45:15.5730 PM,.0176
185. Read CPMU TCAL Temp (deg C),Dut,sendCommand,PASS,,Jul 19 2019 6:45:15.5800 PM,Jul 19 2019 6:45:15.5930 PM,.0133
185. Read CPMU TCAL Temp (deg C),Dut,sendCommand,PASS,,Jul 19 2019 6:45:15.5950 PM,Jul 19 2019 6:45:15.6140 PM,.0182
185. Read CPMU TCAL Temp (deg C),Dut,sendCommand,PASS,,Jul 19 2019 6:45:15.6170 PM,Jul 19 2019 6:45:15.8680 PM,.2514
186. Check Battery Level After Test,Dut,sendCommand,PASS,,Jul 19 2019 6:45:15.8740 PM,Jul 19 2019 6:45:15.8880 PM,.0138
187. Check Battery Voltage After Test,Dut,sendCommand,PASS,,Jul 19 2019 6:45:15.8930 PM,Jul 19 2019 6:45:15.9080 PM,.0156
Dut - close,Dut,close,PASS,,Jul 19 2019 6:45:15.9140 PM,Jul 19 2019 6:45:15.9150 PM,.001
DRCB finish,DRCB,finish,PASS,,Jul 19 2019 6:45:15.9180 PM,Jul 19 2019 6:45:16.4400 PM,.5212
Reset Fixture,rpcCall,RPCSendAndGet,PASS,,Jul 19 2019 6:45:16.4440 PM,Jul 19 2019 6:45:17.2490 PM,.8044
