document_version, 1.0
station_name,GATEKEEPER
station_id,FXLH_F05-4FT-02_2_GATEKEEPER
station_sw,Atlas
station_sw_version,Atlas

tag,start_time,duration
Scan_FG_SN, 1568257684.26, 1.46
Fixtureinit, 1568257685.72, 9.87
Start Data Reporting, 1568257695.59, 0.01
Start Control Bits, 1568257695.61, 0.32
Check_All_CB, 1568257695.93, 15.10
Check_Bootargs_Status, 1568257711.03, 4.18
Read_FG_SN, 1568257715.21, 0.41
Compare_FG_SN, 1568257715.62, 0.00
Get_SFC_Info, 1568257715.63, 0.07
MLB_SN, 1568257715.69, 0.49
WO_SN, 1568257716.19, 0.00
UNIT_LBL, 1568257716.19, 0.00
BUILD_EVENT, 1568257716.19, 0.00
BUILD_MATRIX_CONFIG, 1568257716.19, 0.00
UNIT#, 1568257716.20, 0.00
S_BUILD, 1568257716.20, 0.00
KBM_SN, 1568257716.20, 0.00
BACKLIGHT_SN, 1568257716.20, 0.00
TRACKPAD_SN, 1568257716.21, 0.00
TOUCH_FLEX_SN, 1568257716.21, 0.00
Check_EP_Status, 1568257716.21, 0.93
EP_Enable_All, 1568257717.14, 4.14
STFW, 1568257721.28, 0.43
Read_HW_Version, 1568257721.71, 0.36
GreenPAK_ID, 1568257722.07, 0.44
TOUCH_FW, 1568257722.51, 0.49
Read_CCG3_FW, 1568257723.01, 4.70
Production_Signed_Check, 1568257727.71, 0.43
Read_KBD_HW_Layout, 1568257728.14, 3.58
Get_KBD_HW_Layout, 1568257731.72, 0.00
Compare_KBD_HW_Layout, 1568257731.72, 0.00
Read_MLB_Lang, 1568257731.72, 11.81
Get_KBD_Lang, 1568257743.54, 0.00
Check_KBD_Lang, 1568257743.54, 0.00
Read_MFI_Address, 1568257743.54, 13.16
System_Critical_Errors, 1568257756.70, 0.46
FW_Update_Critical_Errors, 1568257757.16, 0.36
Key_Scan_Critical_Errors, 1568257757.52, 0.44
USBC_Critical_Errors, 1568257757.96, 0.43
Grape_Critical_Errors, 1568257758.39, 0.46
Critical_Errors_Summary, 1568257758.85, 0.45
Backlight_Critical_Errors, 1568257759.30, 0.44
Grape_Connector_Self_Critical_Errors, 1568257759.74, 0.49
full_test_durations, 1568257684.24, 75.99
Finish DRCB, 1568257760.23, 0.43
Fixturereset, 1568257760.66, 1.48
