Related Test,Type,Name,Value
Scan_FG_SN,Device,serialnumber,FTPZC005P3J4
Start Data Reporting,Device,softwarename,Atlas 1.9.2
Start Data Reporting,Device,serialnumber,FTPZC005P3J4
Start Data Reporting,Device,softwareversion,V1.1.3.0
Start Data Reporting,Device,limitsversion,1
Check_Bootargs_Status,Device,Check_Bootargs_Status,15 00 00 00 
Read_FG_SN,Device,Read_FG_SN,FTPZC005P3J4
Compare_FG_SN,Device,Compare_FG_SN,Pass
MLB_SN,Device,MLB_SN,DLX93630032N6R52G
WO_SN,Device,WO_SN,WMT-J90003
UNIT_LBL,Device,UNIT_LBL,R118-P2_P21AK-S2_C00284
BUILD_EVENT,Device,Build_EVENT,R118-P2
S_BUILD,Device,S_BUILD,R118-P2_P21AK-S2
KBM_SN,Device,KBM_SN,C4P9322002ZJCPV39
BACKLIGHT_SN,Device,BACKLIGHT_SN,GV29347005EN3LN20
TRACKPAD_SN,Device,TRACKPAD_SN,FM7934400JGN0LH1T+S1J
TOUCH_FLEX_SN,Device,TOUCH_FLEX_SN,C47935307Z2MW5D2S
Check_EP_Status,Device,Check_EP_Status,13 00 00 00 00 
EP_Enable_All,Device,EP_Enable_All,Pass
STFW,Device,STFW,0x0160
Read_HW_Version,Device,READ_HW_VERSION,0x03
GreenPAK_ID,Device,GreenPAK_ID,02
TOUCH_FW,Device,TOUCH_FW,0x0505
Read_CCG3_FW,Device,ReadCCG3FW,A0 01 00 0B 00 0B 00 0B 
Production_Signed_Check,Device,Production signed check,0x00
Read_KBD_HW_Layout,Device,Read_KBD_HW_Layout,0x21
Get_KBD_HW_Layout,Device,Get_KBD_HW_Layout,0x21
Compare_KBD_HW_Layout,Device,Compare_KBD_HW_Layout,Pass
Read_MLB_Lang,Device,Read_MLB_Lang,95 01 B1 42 09 04 66 01 10 55 0D 15 00 27 FF FF 
Get_KBD_Lang,Device,Get_KBD_Lang,02 01 01 0F 49 16 16
Check_KBD_Lang,Device,Check_KBD_Lang,Fail
Read_MFI_Address,Device,Read_MFI_Address,0x10
