Related Test,Name-1,Name-2,Name-3,Status,Info,Measurement,Units,Upper Limit,Lower Limit,Relaxed Upper Limit,Relaxed Lower Limit,Limit Units,Start Time,End Time,Duration (s)
Scan_FG_SN,,,,,,,,,,,,,Sep 12 2019 11:08:04.2660 AM,Sep 12 2019 11:08:05.7190 AM,1.4533
Scan_FG_SN,Scan_FG_SN,AtlasApp-Hyperion,show-form,PASS,,,,,,,,,Sep 12 2019 11:08:04.2670 AM,Sep 12 2019 11:08:05.7180 AM,1.451
Scan_FG_SN,Scan_FG_SN,Scan_FG_SN,FTPZC005P3J4,PASS,,,,,,,,,Sep 12 2019 11:08:05.7190 AM,Sep 12 2019 11:08:05.7190 AM,0
Fixtureinit,,,,,,,,,,,,,Sep 12 2019 11:08:05.7210 AM,Sep 12 2019 11:08:15.5910 AM,9.8695
Fixtureinit,Fixtureinit,Fixture,changeDelimiter,PASS,,,,,,,,,Sep 12 2019 11:08:05.7230 AM,Sep 12 2019 11:08:05.7230 AM,0
Fixtureinit,Fixtureinit,Fixture,changeLineTerminator,PASS,,,,,,,,,Sep 12 2019 11:08:05.7240 AM,Sep 12 2019 11:08:05.7240 AM,0
Fixtureinit,Fixtureinit,Fixture,open,PASS,,,,,,,,,Sep 12 2019 11:08:05.7260 AM,Sep 12 2019 11:08:07.3170 AM,1.5905
Fixtureinit,Fixtureinit,Fixture,read,PASS,,,,,,,,,Sep 12 2019 11:08:07.3180 AM,Sep 12 2019 11:08:07.3470 AM,.029
Fixtureinit,Fixtureinit,P203,changeDelimiter,PASS,,,,,,,,,Sep 12 2019 11:08:07.3490 AM,Sep 12 2019 11:08:07.3490 AM,0
Fixtureinit,Fixtureinit,P203,changeLineTerminator,PASS,,,,,,,,,Sep 12 2019 11:08:07.3510 AM,Sep 12 2019 11:08:07.3510 AM,0
Fixtureinit,Fixtureinit,P203,open,PASS,,,,,,,,,Sep 12 2019 11:08:07.3520 AM,Sep 12 2019 11:08:08.9460 AM,1.5936
Fixtureinit,Fixtureinit,P203,read,PASS,,,,,,,,,Sep 12 2019 11:08:08.9480 AM,Sep 12 2019 11:08:08.9740 AM,.0259
Fixtureinit,Fixtureinit,[Fixture] isReady,sendCommand,PASS,,,,,,,,,Sep 12 2019 11:08:08.9750 AM,Sep 12 2019 11:08:08.9900 AM,.0146
Fixtureinit,Fixtureinit,[Fixture] Power off,sendCommand,PASS,,,,,,,,,Sep 12 2019 11:08:08.9920 AM,Sep 12 2019 11:08:09.0090 AM,.0168
Fixtureinit,Fixtureinit,[Fixture] Power on,sendCommand,PASS,,,,,,,,,Sep 12 2019 11:08:10.0840 AM,Sep 12 2019 11:08:10.0930 AM,.009
Fixtureinit,Fixtureinit,[Fixture] Engage pogo,sendCommand,PASS,,,,,,,,,Sep 12 2019 11:08:12.1650 AM,Sep 12 2019 11:08:12.4740 AM,.3099
Fixtureinit,Fixtureinit,StationReportPlugin,isReporting,PASS,,,,,,,,,Sep 12 2019 11:08:15.5900 AM,Sep 12 2019 11:08:15.5900 AM,0
Start Data Reporting,,,,,,,,,,,,,Sep 12 2019 11:08:15.5940 AM,Sep 12 2019 11:08:15.6060 AM,.0121
Start Data Reporting,Start Data Reporting,DRCB,StartDataReporting,PASS,,,,,,,,,Sep 12 2019 11:08:15.5970 AM,Sep 12 2019 11:08:15.6050 AM,.008
Start Control Bits,,,,,,,,,,,,,Sep 12 2019 11:08:15.6080 AM,Sep 12 2019 11:08:15.9300 AM,.3221
Start Control Bits,Start Control Bits,DRCB,StartControlBits,PASS,,,,,,,,,Sep 12 2019 11:08:15.6090 AM,Sep 12 2019 11:08:15.9290 AM,.3197
Check_All_CB,,,,,,,,,,,,,Sep 12 2019 11:08:15.9320 AM,Sep 12 2019 11:08:31.0290 AM,15.0968
Check_All_CB,Check_All_CB,[Hid] /usr/local/bin/hidreport -p 0x026E -v 0x5ac -i 0 set 0x3f 0x3f 0x02 0x01,,PASS,,,,,,,,,Sep 12 2019 11:08:15.9730 AM,Sep 12 2019 11:08:15.9730 AM,0
Check_All_CB,Check_All_CB,[Hid] /usr/local/bin/hidreport -p 0x026E -v 0x5ac -i 0 get 0x3f,,PASS,,,,,,,,,Sep 12 2019 11:08:16.2010 AM,Sep 12 2019 11:08:16.2010 AM,0
Check_All_CB,Check_All_CB,CB_STATUS_MLB-FCT,,FAIL,Failed limits,0,,3,3,,,,Sep 12 2019 11:08:16.3860 AM,Sep 12 2019 11:08:16.3860 AM,0
Check_All_CB,Check_All_CB,ABS_ERASE_MLB-FCT,,PASS,,0,,,,,,,Sep 12 2019 11:08:16.3860 AM,Sep 12 2019 11:08:16.3860 AM,0
Check_All_CB,Check_All_CB,ABS_FAIL_MLB-FCT,,PASS,,0,,,,,,,Sep 12 2019 11:08:16.3860 AM,Sep 12 2019 11:08:16.3860 AM,0
Check_All_CB,Check_All_CB,REL_FAIL_MLB-FCT,,PASS,,0,,,,,,,Sep 12 2019 11:08:16.3860 AM,Sep 12 2019 11:08:16.3860 AM,0
Check_All_CB,Check_All_CB,[Hid] /usr/local/bin/hidreport -p 0x026E -v 0x5ac -i 0 set 0x3f 0x3f 0x02 0x02,,PASS,,,,,,,,,Sep 12 2019 11:08:16.4570 AM,Sep 12 2019 11:08:16.4570 AM,0
Check_All_CB,Check_All_CB,[Hid] /usr/local/bin/hidreport -p 0x026E -v 0x5ac -i 0 set 0x3f 0x3f 0x02 0x02-2,,PASS,,,,,,,,,Sep 12 2019 11:08:21.6530 AM,Sep 12 2019 11:08:21.6530 AM,0
Check_All_CB,Check_All_CB,[Hid] /usr/local/bin/hidreport -p 0x026E -v 0x5ac -i 0 get 0x3f-2,,PASS,,,,,,,,,Sep 12 2019 11:08:21.9310 AM,Sep 12 2019 11:08:21.9310 AM,0
Check_All_CB,Check_All_CB,CB_STATUS_TEST1,,FAIL,Failed limits,0,,3,3,,,,Sep 12 2019 11:08:22.1150 AM,Sep 12 2019 11:08:22.1150 AM,0
Check_All_CB,Check_All_CB,ABS_ERASE_TEST1,,PASS,,0,,,,,,,Sep 12 2019 11:08:22.1150 AM,Sep 12 2019 11:08:22.1150 AM,0
Check_All_CB,Check_All_CB,ABS_FAIL_TEST1,,PASS,,0,,,,,,,Sep 12 2019 11:08:22.1150 AM,Sep 12 2019 11:08:22.1150 AM,0
Check_All_CB,Check_All_CB,REL_FAIL_TEST1,,PASS,,0,,,,,,,Sep 12 2019 11:08:22.1160 AM,Sep 12 2019 11:08:22.1160 AM,0
Check_All_CB,Check_All_CB,[Hid] /usr/local/bin/hidreport -p 0x026E -v 0x5ac -i 0 set 0x3f 0x3f 0x02 0x05,,PASS,,,,,,,,,Sep 12 2019 11:08:22.2090 AM,Sep 12 2019 11:08:22.2090 AM,0
Check_All_CB,Check_All_CB,[Hid] /usr/local/bin/hidreport -p 0x026E -v 0x5ac -i 0 get 0x3f-3,,PASS,,,,,,,,,Sep 12 2019 11:08:22.4310 AM,Sep 12 2019 11:08:22.4310 AM,0
Check_All_CB,Check_All_CB,CB_STATUS_QT0,,FAIL,Failed limits,0,,3,3,,,,Sep 12 2019 11:08:22.6170 AM,Sep 12 2019 11:08:22.6170 AM,0
Check_All_CB,Check_All_CB,ABS_ERASE_QT0,,PASS,,0,,,,,,,Sep 12 2019 11:08:22.6170 AM,Sep 12 2019 11:08:22.6170 AM,0
Check_All_CB,Check_All_CB,ABS_FAIL_QT0,,PASS,,0,,,,,,,Sep 12 2019 11:08:22.6170 AM,Sep 12 2019 11:08:22.6170 AM,0
Check_All_CB,Check_All_CB,REL_FAIL_QT0,,PASS,,0,,,,,,,Sep 12 2019 11:08:22.6180 AM,Sep 12 2019 11:08:22.6180 AM,0
Check_All_CB,Check_All_CB,[Hid] /usr/local/bin/hidreport -p 0x026E -v 0x5ac -i 0 set 0x3f 0x3f 0x02 0x06,,PASS,,,,,,,,,Sep 12 2019 11:08:22.6590 AM,Sep 12 2019 11:08:22.6590 AM,0
Check_All_CB,Check_All_CB,[Hid] /usr/local/bin/hidreport -p 0x026E -v 0x5ac -i 0 get 0x3f-4,,PASS,,,,,,,,,Sep 12 2019 11:08:22.9460 AM,Sep 12 2019 11:08:22.9460 AM,0
Check_All_CB,Check_All_CB,CB_STATUS_DFU2-FTW,,FAIL,Failed limits,0,,3,3,,,,Sep 12 2019 11:08:23.1290 AM,Sep 12 2019 11:08:23.1290 AM,0
Check_All_CB,Check_All_CB,ABS_ERASE_DFU2-FTW,,PASS,,0,,,,,,,Sep 12 2019 11:08:23.1290 AM,Sep 12 2019 11:08:23.1290 AM,0
Check_All_CB,Check_All_CB,ABS_FAIL_DFU2-FTW,,PASS,,0,,,,,,,Sep 12 2019 11:08:23.1290 AM,Sep 12 2019 11:08:23.1290 AM,0
Check_All_CB,Check_All_CB,REL_FAIL_DFU2-FTW,,PASS,,0,,,,,,,Sep 12 2019 11:08:23.1300 AM,Sep 12 2019 11:08:23.1300 AM,0
Check_All_CB,Check_All_CB,[Hid] /usr/local/bin/hidreport -p 0x026E -v 0x5ac -i 0 set 0x3f 0x3f 0x02 0x08,,PASS,,,,,,,,,Sep 12 2019 11:08:23.2220 AM,Sep 12 2019 11:08:23.2220 AM,0
Check_All_CB,Check_All_CB,[Hid] /usr/local/bin/hidreport -p 0x026E -v 0x5ac -i 0 get 0x3f-5,,PASS,,,,,,,,,Sep 12 2019 11:08:23.5110 AM,Sep 12 2019 11:08:23.5110 AM,0
Check_All_CB,Check_All_CB,CB_STATUS_QT1,,FAIL,Failed limits,0,,3,3,,,,Sep 12 2019 11:08:23.6920 AM,Sep 12 2019 11:08:23.6920 AM,0
Check_All_CB,Check_All_CB,ABS_ERASE_QT1,,PASS,,0,,,,,,,Sep 12 2019 11:08:23.6920 AM,Sep 12 2019 11:08:23.6920 AM,0
Check_All_CB,Check_All_CB,ABS_FAIL_QT1,,PASS,,0,,,,,,,Sep 12 2019 11:08:23.6920 AM,Sep 12 2019 11:08:23.6920 AM,0
Check_All_CB,Check_All_CB,REL_FAIL_QT1,,PASS,,0,,,,,,,Sep 12 2019 11:08:23.6930 AM,Sep 12 2019 11:08:23.6930 AM,0
Check_All_CB,Check_All_CB,[Hid] /usr/local/bin/hidreport -p 0x026E -v 0x5ac -i 0 set 0x3f 0x3f 0x02 0x09,,PASS,,,,,,,,,Sep 12 2019 11:08:23.7840 AM,Sep 12 2019 11:08:23.7840 AM,0
Check_All_CB,Check_All_CB,[Hid] /usr/local/bin/hidreport -p 0x026E -v 0x5ac -i 0 set 0x3f 0x3f 0x02 0x09-2,,PASS,,,,,,,,,Sep 12 2019 11:08:28.9940 AM,Sep 12 2019 11:08:28.9940 AM,0
Check_All_CB,Check_All_CB,[Hid] /usr/local/bin/hidreport -p 0x026E -v 0x5ac -i 0 get 0x3f-6,,PASS,,,,,,,,,Sep 12 2019 11:08:29.2790 AM,Sep 12 2019 11:08:29.2790 AM,0
Check_All_CB,Check_All_CB,CB_STATUS_LED-TEST,,FAIL,Failed limits,0,,3,3,,,,Sep 12 2019 11:08:29.4610 AM,Sep 12 2019 11:08:29.4610 AM,0
Check_All_CB,Check_All_CB,ABS_ERASE_LED-TEST,,PASS,,0,,,,,,,Sep 12 2019 11:08:29.4610 AM,Sep 12 2019 11:08:29.4610 AM,0
Check_All_CB,Check_All_CB,ABS_FAIL_LED-TEST,,PASS,,0,,,,,,,Sep 12 2019 11:08:29.4610 AM,Sep 12 2019 11:08:29.4610 AM,0
Check_All_CB,Check_All_CB,REL_FAIL_LED-TEST,,PASS,,0,,,,,,,Sep 12 2019 11:08:29.4610 AM,Sep 12 2019 11:08:29.4610 AM,0
Check_All_CB,Check_All_CB,[Hid] /usr/local/bin/hidreport -p 0x026E -v 0x5ac -i 0 set 0x3f 0x3f 0x02 0x0B,,PASS,,,,,,,,,Sep 12 2019 11:08:29.5530 AM,Sep 12 2019 11:08:29.5530 AM,0
Check_All_CB,Check_All_CB,[Hid] /usr/local/bin/hidreport -p 0x026E -v 0x5ac -i 0 get 0x3f-7,,PASS,,,,,,,,,Sep 12 2019 11:08:29.7720 AM,Sep 12 2019 11:08:29.7720 AM,0
Check_All_CB,Check_All_CB,CB_STATUS_TEST2,,PASS,,3,,3,3,,,,Sep 12 2019 11:08:29.9570 AM,Sep 12 2019 11:08:29.9570 AM,0
Check_All_CB,Check_All_CB,ABS_ERASE_TEST2,,PASS,,0,,,,,,,Sep 12 2019 11:08:29.9570 AM,Sep 12 2019 11:08:29.9570 AM,0
Check_All_CB,Check_All_CB,ABS_FAIL_TEST2,,PASS,,0,,,,,,,Sep 12 2019 11:08:29.9570 AM,Sep 12 2019 11:08:29.9570 AM,0
Check_All_CB,Check_All_CB,REL_FAIL_TEST2,,PASS,,0,,,,,,,Sep 12 2019 11:08:29.9570 AM,Sep 12 2019 11:08:29.9570 AM,0
Check_All_CB,Check_All_CB,[Hid] /usr/local/bin/hidreport -p 0x026E -v 0x5ac -i 0 set 0x3f 0x3f 0x02 0x0C,,PASS,,,,,,,,,Sep 12 2019 11:08:29.9990 AM,Sep 12 2019 11:08:29.9990 AM,0
Check_All_CB,Check_All_CB,[Hid] /usr/local/bin/hidreport -p 0x026E -v 0x5ac -i 0 get 0x3f-8,,PASS,,,,,,,,,Sep 12 2019 11:08:30.2800 AM,Sep 12 2019 11:08:30.2800 AM,0
Check_All_CB,Check_All_CB,CB_STATUS_MMI,,FAIL,Failed limits,2,,3,3,,,,Sep 12 2019 11:08:30.4650 AM,Sep 12 2019 11:08:30.4650 AM,0
Check_All_CB,Check_All_CB,ABS_ERASE_MMI,,PASS,,0,,,,,,,Sep 12 2019 11:08:30.4650 AM,Sep 12 2019 11:08:30.4650 AM,0
Check_All_CB,Check_All_CB,ABS_FAIL_MMI,,PASS,,1,,,,,,,Sep 12 2019 11:08:30.4650 AM,Sep 12 2019 11:08:30.4650 AM,0
Check_All_CB,Check_All_CB,REL_FAIL_MMI,,PASS,,1,,,,,,,Sep 12 2019 11:08:30.4650 AM,Sep 12 2019 11:08:30.4650 AM,0
Check_All_CB,Check_All_CB,[Hid] /usr/local/bin/hidreport -p 0x026E -v 0x5ac -i 0 set 0x3f 0x3f 0x02 0x0D,,PASS,,,,,,,,,Sep 12 2019 11:08:30.5580 AM,Sep 12 2019 11:08:30.5580 AM,0
Check_All_CB,Check_All_CB,[Hid] /usr/local/bin/hidreport -p 0x026E -v 0x5ac -i 0 get 0x3f-9,,PASS,,,,,,,,,Sep 12 2019 11:08:30.8430 AM,Sep 12 2019 11:08:30.8430 AM,0
Check_All_CB,Check_All_CB,CB_STATUS_SW-DOWNLOAD,,PASS,,3,,3,3,,,,Sep 12 2019 11:08:31.0280 AM,Sep 12 2019 11:08:31.0280 AM,0
Check_All_CB,Check_All_CB,ABS_ERASE_SW-DOWNLOAD,,PASS,,0,,,,,,,Sep 12 2019 11:08:31.0280 AM,Sep 12 2019 11:08:31.0280 AM,0
Check_All_CB,Check_All_CB,ABS_FAIL_SW-DOWNLOAD,,PASS,,0,,,,,,,Sep 12 2019 11:08:31.0290 AM,Sep 12 2019 11:08:31.0290 AM,0
Check_All_CB,Check_All_CB,REL_FAIL_SW-DOWNLOAD,,PASS,,0,,,,,,,Sep 12 2019 11:08:31.0290 AM,Sep 12 2019 11:08:31.0290 AM,0
Check_Bootargs_Status,,,,,,,,,,,,,Sep 12 2019 11:08:31.0350 AM,Sep 12 2019 11:08:35.2090 AM,4.174
Check_Bootargs_Status,Check_Bootargs_Status,"[Hid] /usr/local/bin/hidreport -v 0x05ac -p 0x026E -u 0xFF00,0x000B set 0x3d 0x3d 0x15 0x0 0x0 0x0",,PASS,,,,,,,,,Sep 12 2019 11:08:31.1060 AM,Sep 12 2019 11:08:31.1060 AM,0
Check_Bootargs_Status,Check_Bootargs_Status,"[Hid] /usr/local/bin/hidreport -v 0x05ac -p 0x026E -u 0xFF00,0x000B set 0x3d 0x3d 0x15 0x0 0x0 0x0-2",,PASS,,,,,,,,,Sep 12 2019 11:08:34.3050 AM,Sep 12 2019 11:08:34.3050 AM,0
Check_Bootargs_Status,Check_Bootargs_Status,"[Hid] /usr/local/bin/hidreport -v 0x05ac -p 0x026E -u 0xFF00,0x000B get 0x3e",,PASS,,,,,,,,,Sep 12 2019 11:08:34.8240 AM,Sep 12 2019 11:08:34.8240 AM,0
Check_Bootargs_Status,Check_Bootargs_Status,Check_Bootargs_Status,15 00 00 00 ,PASS,,,,,,,,,Sep 12 2019 11:08:35.2090 AM,Sep 12 2019 11:08:35.2090 AM,0
Read_FG_SN,,,,,,,,,,,,,Sep 12 2019 11:08:35.2110 AM,Sep 12 2019 11:08:35.6220 AM,.411
Read_FG_SN,Read_FG_SN,"[Hid] /usr/local/bin/hidreport -pid 0x026E -vid 0x05ac -usage 0xff00,0xb get 0x11",,PASS,,,,,,,,,Sep 12 2019 11:08:35.3070 AM,Sep 12 2019 11:08:35.3070 AM,0
Read_FG_SN,Read_FG_SN,Read_FG_SN,FTPZC005P3J4,PASS,,,,,,,,,Sep 12 2019 11:08:35.6220 AM,Sep 12 2019 11:08:35.6220 AM,0
Compare_FG_SN,,,,,,,,,,,,,Sep 12 2019 11:08:35.6240 AM,Sep 12 2019 11:08:35.6250 AM,.0005
Compare_FG_SN,Compare_FG_SN,Compare_FG_SN,,PASS,,,,,,,,,Sep 12 2019 11:08:35.6250 AM,Sep 12 2019 11:08:35.6250 AM,0
Get_SFC_Info,,,,,,,,,,,,,Sep 12 2019 11:08:35.6270 AM,Sep 12 2019 11:08:35.6880 AM,.0609
Get_SFC_Info,Get_SFC_Info,SFCSupport,getAttributes,PASS,,,,,,,,,Sep 12 2019 11:08:35.6280 AM,Sep 12 2019 11:08:35.6540 AM,.0253
Get_SFC_Info,Get_SFC_Info,GET SFC info - unit_lbl,R118-P2_P21AK-S2_C00284,PASS,,,,,,,,,Sep 12 2019 11:08:35.6550 AM,Sep 12 2019 11:08:35.6550 AM,0
Get_SFC_Info,Get_SFC_Info,SFCSupport,getAttributes-2,PASS,,,,,,,,,Sep 12 2019 11:08:35.6560 AM,Sep 12 2019 11:08:35.6590 AM,.0034
Get_SFC_Info,Get_SFC_Info,GET SFC info - wo_no,WMT-J90003,PASS,,,,,,,,,Sep 12 2019 11:08:35.6600 AM,Sep 12 2019 11:08:35.6600 AM,0
Get_SFC_Info,Get_SFC_Info,SFCSupport,getAttributes-3,PASS,,,,,,,,,Sep 12 2019 11:08:35.6610 AM,Sep 12 2019 11:08:35.6640 AM,.0034
Get_SFC_Info,Get_SFC_Info,GET SFC info - mlb_sn,DLX93630032N6R52G,PASS,,,,,,,,,Sep 12 2019 11:08:35.6650 AM,Sep 12 2019 11:08:35.6650 AM,0
Get_SFC_Info,Get_SFC_Info,SFCSupport,getAttributes-4,PASS,,,,,,,,,Sep 12 2019 11:08:35.6660 AM,Sep 12 2019 11:08:35.6700 AM,.0033
Get_SFC_Info,Get_SFC_Info,GET SFC info - kbm_sn,C4P9322002ZJCPV39,PASS,,,,,,,,,Sep 12 2019 11:08:35.6700 AM,Sep 12 2019 11:08:35.6700 AM,0
Get_SFC_Info,Get_SFC_Info,SFCSupport,getAttributes-5,PASS,,,,,,,,,Sep 12 2019 11:08:35.6710 AM,Sep 12 2019 11:08:35.6750 AM,.0034
Get_SFC_Info,Get_SFC_Info,GET SFC info - trackpad_sn,FM7934400JGN0LH1T+S1J,PASS,,,,,,,,,Sep 12 2019 11:08:35.6760 AM,Sep 12 2019 11:08:35.6760 AM,0
Get_SFC_Info,Get_SFC_Info,SFCSupport,getAttributes-6,PASS,,,,,,,,,Sep 12 2019 11:08:35.6770 AM,Sep 12 2019 11:08:35.6810 AM,.004
Get_SFC_Info,Get_SFC_Info,GET SFC info - backlight_sn,GV29347005EN3LN20,PASS,,,,,,,,,Sep 12 2019 11:08:35.6820 AM,Sep 12 2019 11:08:35.6820 AM,0
Get_SFC_Info,Get_SFC_Info,SFCSupport,getAttributes-7,PASS,,,,,,,,,Sep 12 2019 11:08:35.6830 AM,Sep 12 2019 11:08:35.6870 AM,.004
Get_SFC_Info,Get_SFC_Info,GET SFC info - touch_flex_sn,C47935307Z2MW5D2S,PASS,,,,,,,,,Sep 12 2019 11:08:35.6870 AM,Sep 12 2019 11:08:35.6870 AM,0
MLB_SN,,,,,,,,,,,,,Sep 12 2019 11:08:35.6940 AM,Sep 12 2019 11:08:36.1860 AM,.4915
MLB_SN,MLB_SN,"[Hid] /usr/local/bin/hidreport -p 0x026E -vid 0x05ac -usage 0xff00,0xb get 0x12",,PASS,,,,,,,,,Sep 12 2019 11:08:35.7950 AM,Sep 12 2019 11:08:35.7950 AM,0
MLB_SN,MLB_SN,MLB_SN,DLX93630032N6R52G,PASS,,,,,,,,,Sep 12 2019 11:08:36.1850 AM,Sep 12 2019 11:08:36.1850 AM,0
WO_SN,,,,,,,,,,,,,Sep 12 2019 11:08:36.1880 AM,Sep 12 2019 11:08:36.1880 AM,.0006
WO_SN,WO_SN,WO_SN,WMT-J90003,PASS,,,,,,,,,Sep 12 2019 11:08:36.1880 AM,Sep 12 2019 11:08:36.1880 AM,0
UNIT_LBL,,,,,,,,,,,,,Sep 12 2019 11:08:36.1900 AM,Sep 12 2019 11:08:36.1910 AM,.0005
UNIT_LBL,UNIT_LBL,UNIT_LBL,R118-P2_P21AK-S2_C00284,PASS,,,,,,,,,Sep 12 2019 11:08:36.1910 AM,Sep 12 2019 11:08:36.1910 AM,0
BUILD_EVENT,,,,,,,,,,,,,Sep 12 2019 11:08:36.1930 AM,Sep 12 2019 11:08:36.1930 AM,.0005
BUILD_EVENT,BUILD_EVENT,BUILD_EVENT: ,R118-P2,PASS,,,,,,,,,Sep 12 2019 11:08:36.1930 AM,Sep 12 2019 11:08:36.1930 AM,0
BUILD_MATRIX_CONFIG,,,,,,,,,,,,,Sep 12 2019 11:08:36.1950 AM,Sep 12 2019 11:08:36.1960 AM,.0005
BUILD_MATRIX_CONFIG,BUILD_MATRIX_CONFIG,BUILD_MATRIC_CONFIG: ,P21AK-S2,PASS,,,,,,,,,Sep 12 2019 11:08:36.1950 AM,Sep 12 2019 11:08:36.1950 AM,0
UNIT#,,,,,,,,,,,,,Sep 12 2019 11:08:36.1970 AM,Sep 12 2019 11:08:36.1980 AM,.0005
UNIT#,UNIT#,UNIT#: ,C00284,PASS,,,,,,,,,Sep 12 2019 11:08:36.1980 AM,Sep 12 2019 11:08:36.1980 AM,0
S_BUILD,,,,,,,,,,,,,Sep 12 2019 11:08:36.2000 AM,Sep 12 2019 11:08:36.2000 AM,.0005
S_BUILD,S_BUILD,S_BUILD: ,R118-P2_P21AK-S2,PASS,,,,,,,,,Sep 12 2019 11:08:36.2000 AM,Sep 12 2019 11:08:36.2000 AM,0
KBM_SN,,,,,,,,,,,,,Sep 12 2019 11:08:36.2020 AM,Sep 12 2019 11:08:36.2030 AM,.0007
KBM_SN,KBM_SN,KBM_SN,C4P9322002ZJCPV39,PASS,,,,,,,,,Sep 12 2019 11:08:36.2020 AM,Sep 12 2019 11:08:36.2020 AM,0
BACKLIGHT_SN,,,,,,,,,,,,,Sep 12 2019 11:08:36.2040 AM,Sep 12 2019 11:08:36.2050 AM,.0005
BACKLIGHT_SN,BACKLIGHT_SN,BACKLIGHT_SN,GV29347005EN3LN20,PASS,,,,,,,,,Sep 12 2019 11:08:36.2050 AM,Sep 12 2019 11:08:36.2050 AM,0
TRACKPAD_SN,,,,,,,,,,,,,Sep 12 2019 11:08:36.2070 AM,Sep 12 2019 11:08:36.2070 AM,.0006
TRACKPAD_SN,TRACKPAD_SN,TRACKPAD_SN,FM7934400JGN0LH1T+S1J,PASS,,,,,,,,,Sep 12 2019 11:08:36.2070 AM,Sep 12 2019 11:08:36.2070 AM,0
TOUCH_FLEX_SN,,,,,,,,,,,,,Sep 12 2019 11:08:36.2090 AM,Sep 12 2019 11:08:36.2100 AM,.0006
TOUCH_FLEX_SN,TOUCH_FLEX_SN,TOUCH_FLEX_SN,C47935307Z2MW5D2S,PASS,,,,,,,,,Sep 12 2019 11:08:36.2090 AM,Sep 12 2019 11:08:36.2090 AM,0
Check_EP_Status,,,,,,,,,,,,,Sep 12 2019 11:08:36.2110 AM,Sep 12 2019 11:08:37.1360 AM,.9244
Check_EP_Status,Check_EP_Status,[Hid] /usr/local/bin/hidreport -v 0x05ac -p 0x026E -i 0 set 0x3D 0x3D 0x13 0x0 0x0 0x0,,PASS,,,,,,,,,Sep 12 2019 11:08:36.3400 AM,Sep 12 2019 11:08:36.3400 AM,0
Check_EP_Status,Check_EP_Status,[Hid] /usr/local/bin/hidreport -v 0x05ac -p 0x026E -i 0 get 0x3E,,PASS,,,,,,,,,Sep 12 2019 11:08:36.8220 AM,Sep 12 2019 11:08:36.8220 AM,0
Check_EP_Status,Check_EP_Status,Check_EP_Status,13 00 00 00 00 ,PASS,,,,,,,,,Sep 12 2019 11:08:37.1360 AM,Sep 12 2019 11:08:37.1360 AM,0
EP_Enable_All,,,,,,,,,,,,,Sep 12 2019 11:08:37.1380 AM,Sep 12 2019 11:08:41.2770 AM,4.1388
EP_Enable_All,EP_Enable_All,[Hid] /usr/local/bin/hidreport -v 0x05ac -p 0x026E -i 0 set 0x3E 0x3E 0x13 0x0 0x0 0x0 0x0,,PASS,,,,,,,,,Sep 12 2019 11:08:37.2330 AM,Sep 12 2019 11:08:37.2330 AM,0
EP_Enable_All,EP_Enable_All,EP_Enable_All,Pass,PASS,,,,,,,,,Sep 12 2019 11:08:37.6190 AM,Sep 12 2019 11:08:37.6190 AM,0
EP_Enable_All,EP_Enable_All,[Fixture] Power off,sendCommand,PASS,,,,,,,,,Sep 12 2019 11:08:37.6200 AM,Sep 12 2019 11:08:37.6320 AM,.0117
EP_Enable_All,EP_Enable_All,[Fixture] Power on,sendCommand,PASS,,,,,,,,,Sep 12 2019 11:08:38.2030 AM,Sep 12 2019 11:08:38.2070 AM,.0042
STFW,,,,,,,,,,,,,Sep 12 2019 11:08:41.2790 AM,Sep 12 2019 11:08:41.7110 AM,.4321
STFW,STFW,[Hid] /usr/local/bin/hidreport -pid 0x026E -vid 0x05ac -interface 0 get 0xb4,,PASS,,,,,,,,,Sep 12 2019 11:08:41.3250 AM,Sep 12 2019 11:08:41.3250 AM,0
STFW,STFW,STFW,,PASS,,352,NA,,,,,,Sep 12 2019 11:08:41.7110 AM,Sep 12 2019 11:08:41.7110 AM,0
Read_HW_Version,,,,,,,,,,,,,Sep 12 2019 11:08:41.7140 AM,Sep 12 2019 11:08:42.0720 AM,.3583
Read_HW_Version,Read_HW_Version,"[Hid] /usr/local/bin/hidreport -pid 0x026E -vid 0x05ac -usage 0xff00,0xb get 0xbc",,PASS,,,,,,,,,Sep 12 2019 11:08:41.7580 AM,Sep 12 2019 11:08:41.7580 AM,0
Read_HW_Version,Read_HW_Version,Read_HW_Version,0x03,PASS,,,,,,,,,Sep 12 2019 11:08:42.0720 AM,Sep 12 2019 11:08:42.0720 AM,0
GreenPAK_ID,,,,,,,,,,,,,Sep 12 2019 11:08:42.0740 AM,Sep 12 2019 11:08:42.5130 AM,.4385
GreenPAK_ID,GreenPAK_ID,"[Hid] /usr/local/bin/hidreport -pid 0x026E -vid 0x05ac -usage 0xff00,0xb get 0x90",,PASS,,,,,,,,,Sep 12 2019 11:08:42.1210 AM,Sep 12 2019 11:08:42.1210 AM,0
GreenPAK_ID,GreenPAK_ID,GreenPAK_ID,02,PASS,,,,,,,,,Sep 12 2019 11:08:42.5130 AM,Sep 12 2019 11:08:42.5130 AM,0
TOUCH_FW,,,,,,,,,,,,,Sep 12 2019 11:08:42.5150 AM,Sep 12 2019 11:08:43.0050 AM,.4901
TOUCH_FW,TOUCH_FW,[Hid] /usr/local/bin/hidreport -pid 0x026E -vid 0x05ac -interface 0 get 0xbb,,PASS,,,,,,,,,Sep 12 2019 11:08:42.6180 AM,Sep 12 2019 11:08:42.6180 AM,0
TOUCH_FW,TOUCH_FW,Touch_FW,,PASS,,1285,NA,,,,,,Sep 12 2019 11:08:43.0050 AM,Sep 12 2019 11:08:43.0050 AM,0
Read_CCG3_FW,,,,,,,,,,,,,Sep 12 2019 11:08:43.0080 AM,Sep 12 2019 11:08:47.7060 AM,4.6986
Read_CCG3_FW,Read_CCG3_FW,"[Hid] /usr/local/bin/hidreport -v 0x05ac -p 0x026E -usage 0xff00,0xb set 0xce 0xce 6 6 0",,PASS,,,,,,,,,Sep 12 2019 11:08:43.0470 AM,Sep 12 2019 11:08:43.0470 AM,0
Read_CCG3_FW,Read_CCG3_FW,"[Hid] /usr/local/bin/hidreport -v 0x05ac -p 0x026E -usage 0xff00,0xb get 0xa0",,PASS,,,,,,,,,Sep 12 2019 11:08:43.4320 AM,Sep 12 2019 11:08:43.4320 AM,0
Read_CCG3_FW,Read_CCG3_FW,"[Hid] /usr/local/bin/hidreport -v 0x05ac -p 0x026E -usage 0xff00,0xb set 0xce 0xce 6 6 1",,PASS,,,,,,,,,Sep 12 2019 11:08:43.8570 AM,Sep 12 2019 11:08:43.8570 AM,0
Read_CCG3_FW,Read_CCG3_FW,ReadCCG3FW,,PASS,,,,,,,,,Sep 12 2019 11:08:44.2400 AM,Sep 12 2019 11:08:44.2400 AM,0
Read_CCG3_FW,Read_CCG3_FW,ReadCCG3FW,A0 01 00 0B 00 0B 00 0B ,PASS,,,,,,,,,Sep 12 2019 11:08:44.2400 AM,Sep 12 2019 11:08:44.2400 AM,0
Read_CCG3_FW,Read_CCG3_FW,[Fixture] Power off,sendCommand,PASS,,,,,,,,,Sep 12 2019 11:08:44.2420 AM,Sep 12 2019 11:08:44.2490 AM,.007
Read_CCG3_FW,Read_CCG3_FW,[Fixture] Power on,sendCommand,PASS,,,,,,,,,Sep 12 2019 11:08:44.6230 AM,Sep 12 2019 11:08:44.6320 AM,.0094
Production_Signed_Check,,,,,,,,,,,,,Sep 12 2019 11:08:47.7090 AM,Sep 12 2019 11:08:48.1390 AM,.4299
Production_Signed_Check,Production_Signed_Check,"[Hid] /usr/local/bin/hidreport -pid 0x026E -vid 0x05ac -usage 0xff00,0x000b get 0x13",,PASS,,,,,,,,,Sep 12 2019 11:08:47.7540 AM,Sep 12 2019 11:08:47.7540 AM,0
Production_Signed_Check,Production_Signed_Check,Production_Signed_Check,0x00,PASS,,,,,,,,,Sep 12 2019 11:08:48.1380 AM,Sep 12 2019 11:08:48.1380 AM,0
Read_KBD_HW_Layout,,,,,,,,,,,,,Sep 12 2019 11:08:48.1410 AM,Sep 12 2019 11:08:51.7170 AM,3.5757
Read_KBD_HW_Layout,Read_KBD_HW_Layout,"[Hid] /usr/local/bin/hidreport -pid 0x026E -vid 0x05ac -usage 0x0001,0x0006 get 0x04",,PASS,,,,,,,,,Sep 12 2019 11:08:48.2380 AM,Sep 12 2019 11:08:48.2380 AM,0
Read_KBD_HW_Layout,Read_KBD_HW_Layout,"[Hid] /usr/local/bin/hidreport -pid 0x026E -vid 0x05ac -usage 0x0001,0x0006 get 0x04-2",,PASS,,,,,,,,,Sep 12 2019 11:08:51.3380 AM,Sep 12 2019 11:08:51.3380 AM,0
Read_KBD_HW_Layout,Read_KBD_HW_Layout,Read_KBD_HW_Layout,0x21,PASS,,,,,,,,,Sep 12 2019 11:08:51.7160 AM,Sep 12 2019 11:08:51.7160 AM,0
Get_KBD_HW_Layout,,,,,,,,,,,,,Sep 12 2019 11:08:51.7190 AM,Sep 12 2019 11:08:51.7200 AM,.0007
Get_KBD_HW_Layout,Get_KBD_HW_Layout,Get_KBD_HW_Layout,0x21,PASS,,,,,,,,,Sep 12 2019 11:08:51.7200 AM,Sep 12 2019 11:08:51.7200 AM,0
Compare_KBD_HW_Layout,,,,,,,,,,,,,Sep 12 2019 11:08:51.7220 AM,Sep 12 2019 11:08:51.7220 AM,.0005
Compare_KBD_HW_Layout,Compare_KBD_HW_Layout,Compare_KBD_HW_Layout,,PASS,,,,,,,,,Sep 12 2019 11:08:51.7220 AM,Sep 12 2019 11:08:51.7220 AM,0
Read_MLB_Lang,,,,,,,,,,,,,Sep 12 2019 11:08:51.7240 AM,Sep 12 2019 11:09:03.5340 AM,11.8103
Read_MLB_Lang,Read_MLB_Lang,"[Hid] /usr/local/bin/hidreport -pid 0x026E -vid 0x05ac -usage 0x0001,0x0006 get 0x02",,PASS,,,,,,,,,Sep 12 2019 11:08:51.8180 AM,Sep 12 2019 11:08:51.8180 AM,0
Read_MLB_Lang,Read_MLB_Lang,"[Hid] /usr/local/bin/hidreport -pid 0x026E -vid 0x05ac -usage 0x0001,0x0006 get 0x02-2",,PASS,,,,,,,,,Sep 12 2019 11:08:59.9650 AM,Sep 12 2019 11:08:59.9650 AM,0
Read_MLB_Lang,Read_MLB_Lang,"[Hid] /usr/local/bin/hidreport -pid 0x026E -vid 0x05ac -usage 0x0001,0x0006 get 0x02-3",,PASS,,,,,,,,,Sep 12 2019 11:09:03.1460 AM,Sep 12 2019 11:09:03.1460 AM,0
Read_MLB_Lang,Read_MLB_Lang,Read_MLB_Lang,95 01 B1 42 09 04 66 01 10 55 0D 15 00 27 FF FF ,PASS,,,,,,,,,Sep 12 2019 11:09:03.5340 AM,Sep 12 2019 11:09:03.5340 AM,0
Get_KBD_Lang,,,,,,,,,,,,,Sep 12 2019 11:09:03.5370 AM,Sep 12 2019 11:09:03.5370 AM,.0005
Get_KBD_Lang,Get_KBD_Lang,Get_KBD_Lang,02 01 01 0F 49 16 16,PASS,,,,,,,,,Sep 12 2019 11:09:03.5370 AM,Sep 12 2019 11:09:03.5370 AM,0
Check_KBD_Lang,,,,,,,,,,,,,Sep 12 2019 11:09:03.5390 AM,Sep 12 2019 11:09:03.5400 AM,.0007
Check_KBD_Lang,Check_KBD_Lang,Check_KBD_Lang,,FAIL,GetMlbLang is different from GetKbdLang,,,,,,,,Sep 12 2019 11:09:03.5390 AM,Sep 12 2019 11:09:03.5390 AM,0
Read_MFI_Address,,,,,,,,,,,,,Sep 12 2019 11:09:03.5420 AM,Sep 12 2019 11:09:16.6950 AM,13.1528
Read_MFI_Address,Read_MFI_Address,[Hid] /usr/local/bin/hidreport -p 0x026E -v 0x05ac -i 0 get 0x5E,,PASS,,,,,,,,,Sep 12 2019 11:09:03.5790 AM,Sep 12 2019 11:09:03.5790 AM,0
Read_MFI_Address,Read_MFI_Address,[Hid] /usr/local/bin/hidreport -p 0x026E -v 0x05ac -i 0 get 0x5E-2,,PASS,,,,,,,,,Sep 12 2019 11:09:06.7140 AM,Sep 12 2019 11:09:06.7140 AM,0
Read_MFI_Address,Read_MFI_Address,[Hid] /usr/local/bin/hidreport -p 0x026E -v 0x05ac -i 0 get 0x5E-3,,PASS,,,,,,,,,Sep 12 2019 11:09:09.8470 AM,Sep 12 2019 11:09:09.8470 AM,0
Read_MFI_Address,Read_MFI_Address,[Fixture] Power off,sendCommand,PASS,,,,,,,,,Sep 12 2019 11:09:12.9340 AM,Sep 12 2019 11:09:12.9400 AM,.0064
Read_MFI_Address,Read_MFI_Address,[Fixture] Power on,sendCommand,PASS,,,,,,,,,Sep 12 2019 11:09:13.2420 AM,Sep 12 2019 11:09:13.2600 AM,.0177
Read_MFI_Address,Read_MFI_Address,[Hid] /usr/local/bin/hidreport -p 0x026E -v 0x05ac -i 0 get 0x5E-4,,PASS,,,,,,,,,Sep 12 2019 11:09:16.3770 AM,Sep 12 2019 11:09:16.3770 AM,0
Read_MFI_Address,Read_MFI_Address,Read_MFI_Address,0x10,PASS,,,,,,,,,Sep 12 2019 11:09:16.6940 AM,Sep 12 2019 11:09:16.6940 AM,0
System_Critical_Errors,,,,,,,,,,,,,Sep 12 2019 11:09:16.7010 AM,Sep 12 2019 11:09:17.1540 AM,.4532
System_Critical_Errors,System_Critical_Errors,"[Hid] /usr/local/bin/hidreport -v 0x05ac -p 0x026E -usage 0xff00,0xb get 0xE1",,PASS,,,,,,,,,Sep 12 2019 11:09:16.7610 AM,Sep 12 2019 11:09:16.7610 AM,0
System_Critical_Errors,System_Critical_Errors,CRIT_ERR_E1_PART1,,PASS,,8704,,,,,,,Sep 12 2019 11:09:17.1520 AM,Sep 12 2019 11:09:17.1520 AM,0
System_Critical_Errors,System_Critical_Errors,CRIT_ERR_E1_PART2,,PASS,,0,,,,,,,Sep 12 2019 11:09:17.1530 AM,Sep 12 2019 11:09:17.1530 AM,0
System_Critical_Errors,System_Critical_Errors,CRIT_ERR_E1,,PASS,,,,,,,,,Sep 12 2019 11:09:17.1540 AM,Sep 12 2019 11:09:17.1540 AM,0
FW_Update_Critical_Errors,,,,,,,,,,,,,Sep 12 2019 11:09:17.1570 AM,Sep 12 2019 11:09:17.5200 AM,.3621
FW_Update_Critical_Errors,FW_Update_Critical_Errors,"[Hid] /usr/local/bin/hidreport -v 0x05ac -p 0x026E -usage 0xff00,0xb get 0xE2",,PASS,,,,,,,,,Sep 12 2019 11:09:17.2020 AM,Sep 12 2019 11:09:17.2020 AM,0
FW_Update_Critical_Errors,FW_Update_Critical_Errors,CRIT_ERR_E2_PART1,,PASS,,0,,,,,,,Sep 12 2019 11:09:17.5170 AM,Sep 12 2019 11:09:17.5170 AM,0
FW_Update_Critical_Errors,FW_Update_Critical_Errors,CRIT_ERR_E2_PART2,,PASS,,0,,,,,,,Sep 12 2019 11:09:17.5180 AM,Sep 12 2019 11:09:17.5180 AM,0
FW_Update_Critical_Errors,FW_Update_Critical_Errors,CRIT_ERR_E2_PART3,,PASS,,0,,,,,,,Sep 12 2019 11:09:17.5180 AM,Sep 12 2019 11:09:17.5180 AM,0
FW_Update_Critical_Errors,FW_Update_Critical_Errors,CRIT_ERR_E2,,PASS,,,,,,,,,Sep 12 2019 11:09:17.5190 AM,Sep 12 2019 11:09:17.5190 AM,0
Key_Scan_Critical_Errors,,,,,,,,,,,,,Sep 12 2019 11:09:17.5230 AM,Sep 12 2019 11:09:17.9560 AM,.4338
Key_Scan_Critical_Errors,Key_Scan_Critical_Errors,"[Hid] /usr/local/bin/hidreport -v 0x05ac -p 0x026E -usage 0xff00,0xb get 0xE7",,PASS,,,,,,,,,Sep 12 2019 11:09:17.5700 AM,Sep 12 2019 11:09:17.5700 AM,0
Key_Scan_Critical_Errors,Key_Scan_Critical_Errors,CRIT_ERR_E7_PART1,,PASS,,0,,,,,,,Sep 12 2019 11:09:17.9540 AM,Sep 12 2019 11:09:17.9540 AM,0
Key_Scan_Critical_Errors,Key_Scan_Critical_Errors,CRIT_ERR_E7_PART2,,PASS,,0,,,,,,,Sep 12 2019 11:09:17.9540 AM,Sep 12 2019 11:09:17.9540 AM,0
Key_Scan_Critical_Errors,Key_Scan_Critical_Errors,CRIT_ERR_E7_PART3,,PASS,,0,,,,,,,Sep 12 2019 11:09:17.9550 AM,Sep 12 2019 11:09:17.9550 AM,0
Key_Scan_Critical_Errors,Key_Scan_Critical_Errors,CRIT_ERR_E7_PART4,,PASS,,0,,,,,,,Sep 12 2019 11:09:17.9550 AM,Sep 12 2019 11:09:17.9550 AM,0
Key_Scan_Critical_Errors,Key_Scan_Critical_Errors,CRIT_ERR_E7,,PASS,,,,,,,,,Sep 12 2019 11:09:17.9560 AM,Sep 12 2019 11:09:17.9560 AM,0
USBC_Critical_Errors,,,,,,,,,,,,,Sep 12 2019 11:09:17.9590 AM,Sep 12 2019 11:09:18.3890 AM,.4299
USBC_Critical_Errors,USBC_Critical_Errors,"[Hid] /usr/local/bin/hidreport -v 0x05ac -p 0x026E -usage 0xff00,0xb get 0xE3",,PASS,,,,,,,,,Sep 12 2019 11:09:18.0050 AM,Sep 12 2019 11:09:18.0050 AM,0
USBC_Critical_Errors,USBC_Critical_Errors,CRIT_ERR_E3_PART1,,PASS,,0,,,,,,,Sep 12 2019 11:09:18.3870 AM,Sep 12 2019 11:09:18.3870 AM,0
USBC_Critical_Errors,USBC_Critical_Errors,CRIT_ERR_E3_PART2,,PASS,,0,,,,,,,Sep 12 2019 11:09:18.3870 AM,Sep 12 2019 11:09:18.3870 AM,0
USBC_Critical_Errors,USBC_Critical_Errors,CRIT_ERR_E3_PART3,,PASS,,0,,,,,,,Sep 12 2019 11:09:18.3880 AM,Sep 12 2019 11:09:18.3880 AM,0
USBC_Critical_Errors,USBC_Critical_Errors,CRIT_ERR_E3_PART4,,PASS,,0,,,,,,,Sep 12 2019 11:09:18.3880 AM,Sep 12 2019 11:09:18.3880 AM,0
USBC_Critical_Errors,USBC_Critical_Errors,CRIT_ERR_E3,,PASS,,,,,,,,,Sep 12 2019 11:09:18.3890 AM,Sep 12 2019 11:09:18.3890 AM,0
Grape_Critical_Errors,,,,,,,,,,,,,Sep 12 2019 11:09:18.3920 AM,Sep 12 2019 11:09:18.8430 AM,.4512
Grape_Critical_Errors,Grape_Critical_Errors,"[Hid] /usr/local/bin/hidreport -v 0x05ac -p 0x026E -usage 0xff00,0xb get 0xE5",,PASS,,,,,,,,,Sep 12 2019 11:09:18.4400 AM,Sep 12 2019 11:09:18.4400 AM,0
Grape_Critical_Errors,Grape_Critical_Errors,CRIT_ERR_E5_PART1,,PASS,,16777216,,,,,,,Sep 12 2019 11:09:18.8150 AM,Sep 12 2019 11:09:18.8150 AM,0
Grape_Critical_Errors,Grape_Critical_Errors,CRIT_ERR_E5_PART2,,PASS,,0,,,,,,,Sep 12 2019 11:09:18.8160 AM,Sep 12 2019 11:09:18.8160 AM,0
Grape_Critical_Errors,Grape_Critical_Errors,CRIT_ERR_E5_PART3,,PASS,,0,,,,,,,Sep 12 2019 11:09:18.8160 AM,Sep 12 2019 11:09:18.8160 AM,0
Grape_Critical_Errors,Grape_Critical_Errors,CRIT_ERR_E5_PART4,,PASS,,0,,,,,,,Sep 12 2019 11:09:18.8170 AM,Sep 12 2019 11:09:18.8170 AM,0
Grape_Critical_Errors,Grape_Critical_Errors,CRIT_ERR_E5_PART5,,PASS,,0,,,,,,,Sep 12 2019 11:09:18.8180 AM,Sep 12 2019 11:09:18.8180 AM,0
Grape_Critical_Errors,Grape_Critical_Errors,CRIT_ERR_E5_PART6,,PASS,,0,,,,,,,Sep 12 2019 11:09:18.8180 AM,Sep 12 2019 11:09:18.8180 AM,0
Grape_Critical_Errors,Grape_Critical_Errors,CRIT_ERR_E5_PART7,,PASS,,16842752,,,,,,,Sep 12 2019 11:09:18.8390 AM,Sep 12 2019 11:09:18.8390 AM,0
Grape_Critical_Errors,Grape_Critical_Errors,CRIT_ERR_E5_PART8,,PASS,,16777216,,,,,,,Sep 12 2019 11:09:18.8400 AM,Sep 12 2019 11:09:18.8400 AM,0
Grape_Critical_Errors,Grape_Critical_Errors,CRIT_ERR_E5_PART9,,PASS,,0,,,,,,,Sep 12 2019 11:09:18.8400 AM,Sep 12 2019 11:09:18.8400 AM,0
Grape_Critical_Errors,Grape_Critical_Errors,CRIT_ERR_E5_PART10,,PASS,,0,,,,,,,Sep 12 2019 11:09:18.8410 AM,Sep 12 2019 11:09:18.8410 AM,0
Grape_Critical_Errors,Grape_Critical_Errors,CRIT_ERR_E5,,PASS,,,,,,,,,Sep 12 2019 11:09:18.8430 AM,Sep 12 2019 11:09:18.8430 AM,0
Critical_Errors_Summary,,,,,,,,,,,,,Sep 12 2019 11:09:18.8500 AM,Sep 12 2019 11:09:19.3000 AM,.4494
Critical_Errors_Summary,Critical_Errors_Summary,"[Hid] /usr/local/bin/hidreport -pid 0x026E -vid 0x05ac -usage 0xff00,0xb get 0xE0",,PASS,,,,,,,,,Sep 12 2019 11:09:18.9110 AM,Sep 12 2019 11:09:18.9110 AM,0
Critical_Errors_Summary,Critical_Errors_Summary,CRIT_ERR_E0_PART1,,PASS,,0,,,,,,,Sep 12 2019 11:09:19.2990 AM,Sep 12 2019 11:09:19.2990 AM,0
Critical_Errors_Summary,Critical_Errors_Summary,CRIT_ERR_E0,,PASS,,,,,,,,,Sep 12 2019 11:09:19.3000 AM,Sep 12 2019 11:09:19.3000 AM,0
Backlight_Critical_Errors,,,,,,,,,,,,,Sep 12 2019 11:09:19.3030 AM,Sep 12 2019 11:09:19.7360 AM,.4338
Backlight_Critical_Errors,Backlight_Critical_Errors,"[Hid] /usr/local/bin/hidreport -pid 0x026E -vid 0x05ac -usage 0xff00,0xf get 0x07",,PASS,,,,,,,,,Sep 12 2019 11:09:19.3480 AM,Sep 12 2019 11:09:19.3480 AM,0
Backlight_Critical_Errors,Backlight_Critical_Errors,BL_CRI_ERR_PART1,,PASS,,0,,,,,,,Sep 12 2019 11:09:19.7350 AM,Sep 12 2019 11:09:19.7350 AM,0
Backlight_Critical_Errors,Backlight_Critical_Errors,BL_CRI_ERR,,PASS,,,,,,,,,Sep 12 2019 11:09:19.7360 AM,Sep 12 2019 11:09:19.7360 AM,0
Grape_Connector_Self_Critical_Errors,,,,,,,,,,,,,Sep 12 2019 11:09:19.7390 AM,Sep 12 2019 11:09:20.2270 AM,.4882
Grape_Connector_Self_Critical_Errors,Grape_Connector_Self_Critical_Errors,"[Hid] /usr/local/bin/hidreport -v 0x5ac -p 0x026E -usage 0x0001,0x0002 get 0xD3",,PASS,,,,,,,,,Sep 12 2019 11:09:19.8390 AM,Sep 12 2019 11:09:19.8390 AM,0
Grape_Connector_Self_Critical_Errors,Grape_Connector_Self_Critical_Errors,CRIT_ERR_D3_PART1,,PASS,,17372165,,,,,,,Sep 12 2019 11:09:20.2250 AM,Sep 12 2019 11:09:20.2250 AM,0
Grape_Connector_Self_Critical_Errors,Grape_Connector_Self_Critical_Errors,CRIT_ERR_D3_PART2,,PASS,,83888404,,,,,,,Sep 12 2019 11:09:20.2250 AM,Sep 12 2019 11:09:20.2250 AM,0
Grape_Connector_Self_Critical_Errors,Grape_Connector_Self_Critical_Errors,CRIT_ERR_D3_PART3,,PASS,,4194435072,,,,,,,Sep 12 2019 11:09:20.2260 AM,Sep 12 2019 11:09:20.2260 AM,0
Grape_Connector_Self_Critical_Errors,Grape_Connector_Self_Critical_Errors,CRIT_ERR_D3,,PASS,,,,,,,,,Sep 12 2019 11:09:20.2260 AM,Sep 12 2019 11:09:20.2260 AM,0
Finish DRCB,,,,,,,,,,,,,Sep 12 2019 11:09:20.2290 AM,Sep 12 2019 11:09:20.6550 AM,.426
Finish DRCB,Finish DRCB,DRCB,Finish,PASS,,,,,,,,,Sep 12 2019 11:09:20.2310 AM,Sep 12 2019 11:09:20.6540 AM,.4235
Fixturereset,,,,,,,,,,,,,Sep 12 2019 11:09:20.6570 AM,Sep 12 2019 11:09:22.1360 AM,1.4784
Fixturereset,Fixturereset,[Fixture] Retract pogo,sendCommand,PASS,,,,,,,,,Sep 12 2019 11:09:20.6590 AM,Sep 12 2019 11:09:21.0600 AM,.4015
Fixturereset,Fixturereset,Fixture,close,PASS,,,,,,,,,Sep 12 2019 11:09:22.1310 AM,Sep 12 2019 11:09:22.1310 AM,.0005
Fixturereset,Fixturereset,P203,close,PASS,,,,,,,,,Sep 12 2019 11:09:22.1330 AM,Sep 12 2019 11:09:22.1350 AM,.0025
