Test,Plugin,Command,Status,Info,Start Time,End Time,Duration (s)
Scan_FG_SN,com.apple.hwte.atlas.AppPlugin,show-form,PASS,,Sep 12 2019 11:08:04.2670 AM,Sep 12 2019 11:08:05.7180 AM,1.4511
Fixtureinit,Fixture,changeDelimiter,PASS,,Sep 12 2019 11:08:05.7230 AM,Sep 12 2019 11:08:05.7230 AM,.0001
Fixtureinit,Fixture,changeLineTerminator,PASS,,Sep 12 2019 11:08:05.7240 AM,Sep 12 2019 11:08:05.7250 AM,0
Fixtureinit,Fixture,open,PASS,,Sep 12 2019 11:08:05.7260 AM,Sep 12 2019 11:08:07.3170 AM,1.5906
Fixtureinit,Fixture,read,PASS,,Sep 12 2019 11:08:07.3180 AM,Sep 12 2019 11:08:07.3470 AM,.029
Fixtureinit,P203,changeDelimiter,PASS,,Sep 12 2019 11:08:07.3490 AM,Sep 12 2019 11:08:07.3490 AM,.0001
Fixtureinit,P203,changeLineTerminator,PASS,,Sep 12 2019 11:08:07.3510 AM,Sep 12 2019 11:08:07.3510 AM,0
Fixtureinit,P203,open,PASS,,Sep 12 2019 11:08:07.3520 AM,Sep 12 2019 11:08:08.9460 AM,1.5937
Fixtureinit,P203,read,PASS,,Sep 12 2019 11:08:08.9480 AM,Sep 12 2019 11:08:08.9740 AM,.0259
Fixtureinit,Fixture,sendCommand,PASS,,Sep 12 2019 11:08:08.9750 AM,Sep 12 2019 11:08:08.9900 AM,.0146
Fixtureinit,Fixture,sendCommand,PASS,,Sep 12 2019 11:08:08.9920 AM,Sep 12 2019 11:08:09.0090 AM,.0169
Fixtureinit,Fixture,sendCommand,PASS,,Sep 12 2019 11:08:10.0840 AM,Sep 12 2019 11:08:10.0930 AM,.009
Fixtureinit,Fixture,sendCommand,PASS,,Sep 12 2019 11:08:12.1650 AM,Sep 12 2019 11:08:12.4750 AM,.3099
Fixtureinit,StationReportPlugin,isReporting,PASS,,Sep 12 2019 11:08:15.5900 AM,Sep 12 2019 11:08:15.5900 AM,0
Start Data Reporting,DRCB,startDataReporting,PASS,,Sep 12 2019 11:08:15.5970 AM,Sep 12 2019 11:08:15.6050 AM,.008
Start Control Bits,DRCB,startControlBits,PASS,,Sep 12 2019 11:08:15.6090 AM,Sep 12 2019 11:08:15.9290 AM,.3197
Get_SFC_Info,SFCSupport,getAttribute,PASS,,Sep 12 2019 11:08:35.6280 AM,Sep 12 2019 11:08:35.6540 AM,.0253
Get_SFC_Info,SFCSupport,getAttribute,PASS,,Sep 12 2019 11:08:35.6560 AM,Sep 12 2019 11:08:35.6590 AM,.0034
Get_SFC_Info,SFCSupport,getAttribute,PASS,,Sep 12 2019 11:08:35.6610 AM,Sep 12 2019 11:08:35.6640 AM,.0034
Get_SFC_Info,SFCSupport,getAttribute,PASS,,Sep 12 2019 11:08:35.6660 AM,Sep 12 2019 11:08:35.6700 AM,.0033
Get_SFC_Info,SFCSupport,getAttribute,PASS,,Sep 12 2019 11:08:35.6710 AM,Sep 12 2019 11:08:35.6750 AM,.0034
Get_SFC_Info,SFCSupport,getAttribute,PASS,,Sep 12 2019 11:08:35.6770 AM,Sep 12 2019 11:08:35.6810 AM,.004
Get_SFC_Info,SFCSupport,getAttribute,PASS,,Sep 12 2019 11:08:35.6830 AM,Sep 12 2019 11:08:35.6870 AM,.004
EP_Enable_All,Fixture,sendCommand,PASS,,Sep 12 2019 11:08:37.6200 AM,Sep 12 2019 11:08:37.6320 AM,.0117
EP_Enable_All,Fixture,sendCommand,PASS,,Sep 12 2019 11:08:38.2030 AM,Sep 12 2019 11:08:38.2070 AM,.0042
Read_CCG3_FW,Fixture,sendCommand,PASS,,Sep 12 2019 11:08:44.2420 AM,Sep 12 2019 11:08:44.2490 AM,.007
Read_CCG3_FW,Fixture,sendCommand,PASS,,Sep 12 2019 11:08:44.6230 AM,Sep 12 2019 11:08:44.6320 AM,.0094
Read_MFI_Address,Fixture,sendCommand,PASS,,Sep 12 2019 11:09:12.9340 AM,Sep 12 2019 11:09:12.9400 AM,.0064
Read_MFI_Address,Fixture,sendCommand,PASS,,Sep 12 2019 11:09:13.2420 AM,Sep 12 2019 11:09:13.2600 AM,.0177
Finish DRCB,DRCB,finish,PASS,,Sep 12 2019 11:09:20.2310 AM,Sep 12 2019 11:09:20.6540 AM,.4235
Fixturereset,Fixture,sendCommand,PASS,,Sep 12 2019 11:09:20.6590 AM,Sep 12 2019 11:09:21.0600 AM,.4016
Fixturereset,Fixture,close,PASS,,Sep 12 2019 11:09:22.1310 AM,Sep 12 2019 11:09:22.1310 AM,.0005
Fixturereset,P203,close,PASS,,Sep 12 2019 11:09:22.1330 AM,Sep 12 2019 11:09:22.1350 AM,.0025
