document_version, 1.0
station_name,SW-DOWNLOAD
station_id,FXLH_F05-4FT-02_1_SW-DOWNLOAD
station_sw,Atlas
station_sw_version,Atlas

tag,start_time,duration
Scan SN, 1562292546.46, 3.61
Get SFC Info, 1562292550.07, 0.05
BUILD EVENT, 1562292550.12, 0.00
S_BUILD, 1562292550.12, 0.00
WO_SN, 1562292550.13, 0.00
UNIT LBL, 1562292550.13, 0.00
Endpoint init, 1562292550.13, 16.27
Auth Check, 1562292566.41, 6.23
Query MLB SN, 1562292572.63, 0.00
Read MLB SN, 1562292572.64, 3.50
Check MLB SN, 1562292576.13, 0.00
Read Main FW Version Before DL, 1562292576.13, 0.43
Program Main FW, 1562292576.56, 79.99
Read Main FW Version After DL, 1562292656.55, 1.69
full_test_durations, 1562292546.44, 111.80
