Related Test,Name-1,Name-2,Name-3,Status,Info,Measurement,Units,Upper Limit,Lower Limit,Relaxed Upper Limit,Relaxed Lower Limit,Limit Units,Start Time,End Time,Duration (s)
Scan SN,,,,,,,,,,,,,Jul 5 2019 10:09:06.4580 AM,Jul 5 2019 10:09:10.0670 AM,3.609
Scan SN,Scan SN,AtlasApp-Hyperion,show-form,PASS,,,,,,,,,Jul 5 2019 10:09:06.4590 AM,Jul 5 2019 10:09:10.0650 AM,3.6061
Get SFC Info,,,,,,,,,,,,,Jul 5 2019 10:09:10.0700 AM,Jul 5 2019 10:09:10.1210 AM,.0514
Get SFC Info,Get SFC Info,SFCSupport,getAttributes,PASS,,,,,,,,,Jul 5 2019 10:09:10.0710 AM,Jul 5 2019 10:09:10.1010 AM,.0296
Get SFC Info,Get SFC Info,GET SFC info - pansa,DKB9255000WN6780B,PASS,,,,,,,,,Jul 5 2019 10:09:10.1020 AM,Jul 5 2019 10:09:10.1020 AM,0
Get SFC Info,Get SFC Info,SFCSupport,getAttributes-2,PASS,,,,,,,,,Jul 5 2019 10:09:10.1040 AM,Jul 5 2019 10:09:10.1090 AM,.0045
Get SFC Info,Get SFC Info,GET SFC info - unit_lbl,R118-P1_P11-LDFX_P00032,PASS,,,,,,,,,Jul 5 2019 10:09:10.1090 AM,Jul 5 2019 10:09:10.1090 AM,0
Get SFC Info,Get SFC Info,SFCSupport,getAttributes-3,PASS,,,,,,,,,Jul 5 2019 10:09:10.1100 AM,Jul 5 2019 10:09:10.1140 AM,.0038
Get SFC Info,Get SFC Info,GET SFC info - wo_no,WCT-J60007,PASS,,,,,,,,,Jul 5 2019 10:09:10.1150 AM,Jul 5 2019 10:09:10.1150 AM,0
Get SFC Info,Get SFC Info,SFCSupport,getAttributes-4,PASS,,,,,,,,,Jul 5 2019 10:09:10.1160 AM,Jul 5 2019 10:09:10.1200 AM,.0036
Get SFC Info,Get SFC Info,GET SFC info - mlb_sn,DLX9254001VN6R511,PASS,,,,,,,,,Jul 5 2019 10:09:10.1210 AM,Jul 5 2019 10:09:10.1210 AM,0
BUILD EVENT,,,,,,,,,,,,,Jul 5 2019 10:09:10.1230 AM,Jul 5 2019 10:09:10.1240 AM,.0007
BUILD EVENT,BUILD EVENT,BUILD_EVENT,R118-P1,PASS,,,,,,,,,Jul 5 2019 10:09:10.1240 AM,Jul 5 2019 10:09:10.1240 AM,0
S_BUILD,,,,,,,,,,,,,Jul 5 2019 10:09:10.1250 AM,Jul 5 2019 10:09:10.1260 AM,.0006
S_BUILD,S_BUILD,S_BUILD,R118-P1_P11-LDFX,PASS,,,,,,,,,Jul 5 2019 10:09:10.1260 AM,Jul 5 2019 10:09:10.1260 AM,0
WO_SN,,,,,,,,,,,,,Jul 5 2019 10:09:10.1280 AM,Jul 5 2019 10:09:10.1280 AM,.0007
WO_SN,WO_SN,Get wo_no Pass,,PASS,,,,,,,,,Jul 5 2019 10:09:10.1280 AM,Jul 5 2019 10:09:10.1280 AM,0
UNIT LBL,,,,,,,,,,,,,Jul 5 2019 10:09:10.1310 AM,Jul 5 2019 10:09:10.1320 AM,.0008
UNIT LBL,UNIT LBL,Get unit_lbl Pass,,PASS,,,,,,,,,Jul 5 2019 10:09:10.1320 AM,Jul 5 2019 10:09:10.1320 AM,0
Endpoint init,,,,,,,,,,,,,Jul 5 2019 10:09:10.1340 AM,Jul 5 2019 10:09:26.4030 AM,16.2691
Endpoint init,Endpoint init,"[rpc] dutgpio_set_pin(7,0)",,PASS,,,,,,,,,Jul 5 2019 10:09:10.1350 AM,Jul 5 2019 10:09:10.1410 AM,.0056
Endpoint init,Endpoint init,"[rpc] dutgpio_set_pin(7,1)",,PASS,,,,,,,,,Jul 5 2019 10:09:13.2150 AM,Jul 5 2019 10:09:13.2190 AM,.0046
Endpoint init,Endpoint init,"[rpc] myiocontrol_set_Bit(24,1)",,PASS,,,,,,,,,Jul 5 2019 10:09:16.2870 AM,Jul 5 2019 10:09:16.2940 AM,.0068
Endpoint init,Endpoint init,"[rpc] myiocontrol_set_Bit(25,1)",,PASS,,,,,,,,,Jul 5 2019 10:09:16.2950 AM,Jul 5 2019 10:09:16.3020 AM,.0066
Endpoint init,Endpoint init,[Hid] /usr/local/bin/hidreport -p 0x026E -i 0 set 0x3D 0x3D 0x13 0x0 0x0 0x0,,PASS,,,,,,,,,Jul 5 2019 10:09:19.4180 AM,Jul 5 2019 10:09:19.4180 AM,0
Endpoint init,Endpoint init,IOFileHandle,writeToFile,PASS,,,,,,,,,Jul 5 2019 10:09:19.4200 AM,Jul 5 2019 10:09:19.4200 AM,.0004
Endpoint init,Endpoint init,[Hid] /usr/local/bin/hidreport -p 0x026E -i 0 set 0x3E 0x3E 0x13 0x0 0x0 0x0 0x2,,PASS,,,,,,,,,Jul 5 2019 10:09:19.8380 AM,Jul 5 2019 10:09:19.8380 AM,0
Endpoint init,Endpoint init,IOFileHandle,writeToFile-2,PASS,,,,,,,,,Jul 5 2019 10:09:19.8400 AM,Jul 5 2019 10:09:19.8400 AM,.0001
Endpoint init,Endpoint init,"[rpc] myiocontrol_set_Bit(24,0)",,PASS,,,,,,,,,Jul 5 2019 10:09:20.2170 AM,Jul 5 2019 10:09:20.2230 AM,.0068
Endpoint init,Endpoint init,"[rpc] myiocontrol_set_Bit(25,0)",,PASS,,,,,,,,,Jul 5 2019 10:09:20.2250 AM,Jul 5 2019 10:09:20.2310 AM,.0065
Endpoint init,Endpoint init,"[rpc] dutgpio_set_pin(7,0)-2",,PASS,,,,,,,,,Jul 5 2019 10:09:20.2330 AM,Jul 5 2019 10:09:20.2370 AM,.0042
Endpoint init,Endpoint init,"[rpc] myiocontrol_set_Bit(24,1)-2",,PASS,,,,,,,,,Jul 5 2019 10:09:23.3110 AM,Jul 5 2019 10:09:23.3180 AM,.0067
Endpoint init,Endpoint init,"[rpc] myiocontrol_set_Bit(25,1)-2",,PASS,,,,,,,,,Jul 5 2019 10:09:23.3200 AM,Jul 5 2019 10:09:23.3260 AM,.0066
Endpoint init,Endpoint init,"[rpc] dutgpio_set_pin(7,1)-2",,PASS,,,,,,,,,Jul 5 2019 10:09:23.3280 AM,Jul 5 2019 10:09:23.3320 AM,.0044
Auth Check,,,,,,,,,,,,,Jul 5 2019 10:09:26.4060 AM,Jul 5 2019 10:09:32.6280 AM,6.2212
Auth Check,Auth Check,P203,changeDelimiter,PASS,,,,,,,,,Jul 5 2019 10:09:26.4090 AM,Jul 5 2019 10:09:26.4090 AM,0
Auth Check,Auth Check,P203,changeLineTerminator,PASS,,,,,,,,,Jul 5 2019 10:09:26.4110 AM,Jul 5 2019 10:09:26.4110 AM,0
Auth Check,Auth Check,P203,open,PASS,,,,,,,,,Jul 5 2019 10:09:26.4130 AM,Jul 5 2019 10:09:28.0110 AM,1.5978
Auth Check,Auth Check,P203,read,PASS,,,,,,,,,Jul 5 2019 10:09:28.0130 AM,Jul 5 2019 10:09:28.0410 AM,.0274
Auth Check,Auth Check,P203,read-2,PASS,,,,,,,,,Jul 5 2019 10:09:28.0430 AM,Jul 5 2019 10:09:28.0710 AM,.0277
Auth Check,Auth Check,[P203] aid tx bd 1 3 24 71 3 10 0 00,sendCommandChars,PASS,,,,,,,,,Jul 5 2019 10:09:28.0720 AM,Jul 5 2019 10:09:28.1410 AM,.069
Auth Check,Auth Check,P203,read-3,PASS,,,,,,,,,Jul 5 2019 10:09:28.1440 AM,Jul 5 2019 10:09:28.1440 AM,.0002
Auth Check,Auth Check,P203,read-4,PASS,,,,,,,,,Jul 5 2019 10:09:28.1450 AM,Jul 5 2019 10:09:28.1710 AM,.026
Auth Check,Auth Check,[P203] aid tx bd 1 3 24 71 3 10 0 00,sendCommandChars-2,PASS,,,,,,,,,Jul 5 2019 10:09:28.1730 AM,Jul 5 2019 10:09:28.2100 AM,.0368
Auth Check,Auth Check,P203,read-5,PASS,,,,,,,,,Jul 5 2019 10:09:28.2130 AM,Jul 5 2019 10:09:28.2140 AM,.0002
Auth Check,Auth Check,P203,read-6,PASS,,,,,,,,,Jul 5 2019 10:09:28.2160 AM,Jul 5 2019 10:09:28.2420 AM,.0255
Auth Check,Auth Check,[P203] aid tx bd 1 3 24 71 3 10 0 00,sendCommandChars-3,PASS,,,,,,,,,Jul 5 2019 10:09:28.2430 AM,Jul 5 2019 10:09:28.2810 AM,.0382
Auth Check,Auth Check,P203,read-7,PASS,,,,,,,,,Jul 5 2019 10:09:28.2840 AM,Jul 5 2019 10:09:28.2850 AM,.0002
Auth Check,Auth Check,P203,read-8,PASS,,,,,,,,,Jul 5 2019 10:09:28.2860 AM,Jul 5 2019 10:09:28.3120 AM,.0257
Auth Check,Auth Check,[P203] aid tx bd 1 3 24 71 3 10 0 00,sendCommandChars-4,PASS,,,,,,,,,Jul 5 2019 10:09:28.3140 AM,Jul 5 2019 10:09:28.3510 AM,.0372
Auth Check,Auth Check,P203,read-9,PASS,,,,,,,,,Jul 5 2019 10:09:28.3530 AM,Jul 5 2019 10:09:28.3540 AM,.0001
Auth Check,Auth Check,P203,read-10,PASS,,,,,,,,,Jul 5 2019 10:09:28.3550 AM,Jul 5 2019 10:09:28.3800 AM,.0256
Auth Check,Auth Check,[P203] aid tx bd 1 3 24 71 3 10 0 00,sendCommandChars-5,PASS,,,,,,,,,Jul 5 2019 10:09:28.3830 AM,Jul 5 2019 10:09:28.4180 AM,.0347
Auth Check,Auth Check,P203,read-11,PASS,,,,,,,,,Jul 5 2019 10:09:28.4210 AM,Jul 5 2019 10:09:28.4210 AM,.0002
Auth Check,Auth Check,P203,read-12,PASS,,,,,,,,,Jul 5 2019 10:09:28.4220 AM,Jul 5 2019 10:09:28.4520 AM,.0302
Auth Check,Auth Check,[P203] aid tx bd 2 3 24 71 3 10 0 00,sendCommandChars,PASS,,,,,,,,,Jul 5 2019 10:09:28.4540 AM,Jul 5 2019 10:09:28.4900 AM,.0355
Auth Check,Auth Check,P203,read-13,PASS,,,,,,,,,Jul 5 2019 10:09:28.4920 AM,Jul 5 2019 10:09:28.4920 AM,.0001
Auth Check,Auth Check,P203,read-14,PASS,,,,,,,,,Jul 5 2019 10:09:28.4940 AM,Jul 5 2019 10:09:28.5230 AM,.0291
Auth Check,Auth Check,P203,read-15,PASS,,,,,,,,,Jul 5 2019 10:09:28.5250 AM,Jul 5 2019 10:09:28.5530 AM,.0274
Auth Check,Auth Check,[P203] aid tx bd 3 2 24 71 3 10 8,sendCommandChars,PASS,,,,,,,,,Jul 5 2019 10:09:28.5540 AM,Jul 5 2019 10:09:28.5900 AM,.0352
Auth Check,Auth Check,1. Fetch device info,,PASS,,,,,,,,,Jul 5 2019 10:09:28.5910 AM,Jul 5 2019 10:09:28.5910 AM,0
Auth Check,Auth Check,      version: 0x07,,PASS,,,,,,,,,Jul 5 2019 10:09:28.5920 AM,Jul 5 2019 10:09:28.5920 AM,0
Auth Check,Auth Check,auth revision: 0x01,,PASS,,,,,,,,,Jul 5 2019 10:09:28.5920 AM,Jul 5 2019 10:09:28.5920 AM,0
Auth Check,Auth Check,auth protocol: 0x0300,,PASS,,,,,,,,,Jul 5 2019 10:09:28.5920 AM,Jul 5 2019 10:09:28.5920 AM,0
Auth Check,Auth Check,    device ID: 0x00000300,,PASS,,,,,,,,,Jul 5 2019 10:09:28.5920 AM,Jul 5 2019 10:09:28.5920 AM,0
Auth Check,Auth Check,P203,read-16,PASS,,,,,,,,,Jul 5 2019 10:09:28.5930 AM,Jul 5 2019 10:09:28.5940 AM,.0002
Auth Check,Auth Check,P203,read-17,PASS,,,,,,,,,Jul 5 2019 10:09:28.5950 AM,Jul 5 2019 10:09:28.6230 AM,.028
Auth Check,Auth Check,[P203] aid tx bd 4 3 24 71 3 10 0 30,sendCommandChars,PASS,,,,,,,,,Jul 5 2019 10:09:28.6240 AM,Jul 5 2019 10:09:28.6590 AM,.0352
Auth Check,Auth Check,P203,read-18,PASS,,,,,,,,,Jul 5 2019 10:09:28.6620 AM,Jul 5 2019 10:09:28.6620 AM,.0002
Auth Check,Auth Check,P203,read-19,PASS,,,,,,,,,Jul 5 2019 10:09:28.6630 AM,Jul 5 2019 10:09:28.6930 AM,.0299
Auth Check,Auth Check,P203,read-20,PASS,,,,,,,,,Jul 5 2019 10:09:28.6950 AM,Jul 5 2019 10:09:28.7240 AM,.0284
Auth Check,Auth Check,[P203] aid tx bd 5 2 24 71 3 10 2,sendCommandChars,PASS,,,,,,,,,Jul 5 2019 10:09:28.7250 AM,Jul 5 2019 10:09:28.7600 AM,.0351
Auth Check,Auth Check,2. Fetch cert length,,PASS,,,,,,,,,Jul 5 2019 10:09:28.7620 AM,Jul 5 2019 10:09:28.7620 AM,0
Auth Check,Auth Check,P203,read-21,PASS,,,,,,,,,Jul 5 2019 10:09:28.7640 AM,Jul 5 2019 10:09:28.7640 AM,.0002
Auth Check,Auth Check,P203,read-22,PASS,,,,,,,,,Jul 5 2019 10:09:28.7650 AM,Jul 5 2019 10:09:28.7940 AM,.0283
Auth Check,Auth Check,[P203] aid tx bd 6 3 24 71 3 10 0 31,sendCommandChars,PASS,,,,,,,,,Jul 5 2019 10:09:28.7950 AM,Jul 5 2019 10:09:28.8300 AM,.0351
Auth Check,Auth Check,P203,read-23,PASS,,,,,,,,,Jul 5 2019 10:09:28.8320 AM,Jul 5 2019 10:09:28.8330 AM,.0001
Auth Check,Auth Check,P203,read-24,PASS,,,,,,,,,Jul 5 2019 10:09:28.8340 AM,Jul 5 2019 10:09:28.8640 AM,.0301
Auth Check,Auth Check,P203,read-25,PASS,,,,,,,,,Jul 5 2019 10:09:28.8660 AM,Jul 5 2019 10:09:28.8940 AM,.0283
Auth Check,Auth Check,[P203] aid tx bd 7 2 24 71 3 10 23,sendCommandChars,PASS,,,,,,,,,Jul 5 2019 10:09:28.8960 AM,Jul 5 2019 10:09:28.9310 AM,.0352
Auth Check,Auth Check,P203,read-26,PASS,,,,,,,,,Jul 5 2019 10:09:28.9340 AM,Jul 5 2019 10:09:28.9340 AM,.0002
Auth Check,Auth Check,P203,read-27,PASS,,,,,,,,,Jul 5 2019 10:09:28.9350 AM,Jul 5 2019 10:09:28.9640 AM,.0295
Auth Check,Auth Check,P203,read-28,PASS,,,,,,,,,Jul 5 2019 10:09:28.9660 AM,Jul 5 2019 10:09:28.9950 AM,.0282
Auth Check,Auth Check,[P203] aid tx bd 8 2 24 71 3 10 23,sendCommandChars,PASS,,,,,,,,,Jul 5 2019 10:09:28.9960 AM,Jul 5 2019 10:09:29.0310 AM,.0343
Auth Check,Auth Check,P203,read-29,PASS,,,,,,,,,Jul 5 2019 10:09:29.0330 AM,Jul 5 2019 10:09:29.0330 AM,.0001
Auth Check,Auth Check,P203,read-30,PASS,,,,,,,,,Jul 5 2019 10:09:29.0350 AM,Jul 5 2019 10:09:29.0650 AM,.03
Auth Check,Auth Check,P203,read-31,PASS,,,,,,,,,Jul 5 2019 10:09:29.0660 AM,Jul 5 2019 10:09:29.0920 AM,.026
Auth Check,Auth Check,[P203] aid tx bd 9 2 24 71 3 10 23,sendCommandChars,PASS,,,,,,,,,Jul 5 2019 10:09:29.0940 AM,Jul 5 2019 10:09:29.1310 AM,.0366
Auth Check,Auth Check,P203,read-32,PASS,,,,,,,,,Jul 5 2019 10:09:29.1340 AM,Jul 5 2019 10:09:29.1340 AM,.0002
Auth Check,Auth Check,P203,read-33,PASS,,,,,,,,,Jul 5 2019 10:09:29.1350 AM,Jul 5 2019 10:09:29.1650 AM,.0298
Auth Check,Auth Check,P203,read-34,PASS,,,,,,,,,Jul 5 2019 10:09:29.1670 AM,Jul 5 2019 10:09:29.1950 AM,.0284
Auth Check,Auth Check,[P203] aid tx bd a 2 24 71 3 10 17,sendCommandChars,PASS,,,,,,,,,Jul 5 2019 10:09:29.1970 AM,Jul 5 2019 10:09:29.2310 AM,.0347
Auth Check,Auth Check,P203,read-35,PASS,,,,,,,,,Jul 5 2019 10:09:29.2340 AM,Jul 5 2019 10:09:29.2350 AM,.0001
Auth Check,Auth Check,P203,read-36,PASS,,,,,,,,,Jul 5 2019 10:09:29.2360 AM,Jul 5 2019 10:09:29.2650 AM,.0295
Auth Check,Auth Check,[P203] aid tx bd b 3 24 71 3 10 0 32,sendCommandChars,PASS,,,,,,,,,Jul 5 2019 10:09:29.2670 AM,Jul 5 2019 10:09:29.3020 AM,.0355
Auth Check,Auth Check,P203,read-37,PASS,,,,,,,,,Jul 5 2019 10:09:29.3050 AM,Jul 5 2019 10:09:29.3050 AM,.0001
Auth Check,Auth Check,P203,read-38,PASS,,,,,,,,,Jul 5 2019 10:09:29.3060 AM,Jul 5 2019 10:09:29.3360 AM,.0295
Auth Check,Auth Check,P203,read-39,PASS,,,,,,,,,Jul 5 2019 10:09:29.3370 AM,Jul 5 2019 10:09:29.3660 AM,.0282
Auth Check,Auth Check,[P203] aid tx bd c 2 24 71 3 10 23,sendCommandChars,PASS,,,,,,,,,Jul 5 2019 10:09:29.3670 AM,Jul 5 2019 10:09:29.4020 AM,.0351
Auth Check,Auth Check,P203,read-40,PASS,,,,,,,,,Jul 5 2019 10:09:29.4050 AM,Jul 5 2019 10:09:29.4050 AM,.0001
Auth Check,Auth Check,P203,read-41,PASS,,,,,,,,,Jul 5 2019 10:09:29.4070 AM,Jul 5 2019 10:09:29.4360 AM,.0297
Auth Check,Auth Check,P203,read-42,PASS,,,,,,,,,Jul 5 2019 10:09:29.4380 AM,Jul 5 2019 10:09:29.4660 AM,.0281
Auth Check,Auth Check,[P203] aid tx bd d 2 24 71 3 10 23,sendCommandChars,PASS,,,,,,,,,Jul 5 2019 10:09:29.4680 AM,Jul 5 2019 10:09:29.5030 AM,.0347
Auth Check,Auth Check,P203,read-43,PASS,,,,,,,,,Jul 5 2019 10:09:29.5050 AM,Jul 5 2019 10:09:29.5050 AM,.0001
Auth Check,Auth Check,P203,read-44,PASS,,,,,,,,,Jul 5 2019 10:09:29.5070 AM,Jul 5 2019 10:09:29.5320 AM,.0257
Auth Check,Auth Check,P203,read-45,PASS,,,,,,,,,Jul 5 2019 10:09:29.5340 AM,Jul 5 2019 10:09:29.5560 AM,.0222
Auth Check,Auth Check,[P203] aid tx bd e 2 24 71 3 10 23,sendCommandChars,PASS,,,,,,,,,Jul 5 2019 10:09:29.5580 AM,Jul 5 2019 10:09:29.5950 AM,.0368
Auth Check,Auth Check,P203,read-46,PASS,,,,,,,,,Jul 5 2019 10:09:29.5980 AM,Jul 5 2019 10:09:29.5980 AM,.0002
Auth Check,Auth Check,P203,read-47,PASS,,,,,,,,,Jul 5 2019 10:09:29.6000 AM,Jul 5 2019 10:09:29.6230 AM,.0225
Auth Check,Auth Check,P203,read-48,PASS,,,,,,,,,Jul 5 2019 10:09:29.6450 AM,Jul 5 2019 10:09:29.6670 AM,.0218
Auth Check,Auth Check,[P203] aid tx bd f 2 24 71 3 10 17,sendCommandChars,PASS,,,,,,,,,Jul 5 2019 10:09:29.6700 AM,Jul 5 2019 10:09:29.7140 AM,.0449
Auth Check,Auth Check,P203,read-49,PASS,,,,,,,,,Jul 5 2019 10:09:29.7190 AM,Jul 5 2019 10:09:29.7190 AM,.0002
Auth Check,Auth Check,P203,read-50,PASS,,,,,,,,,Jul 5 2019 10:09:29.7200 AM,Jul 5 2019 10:09:29.7470 AM,.0265
Auth Check,Auth Check,[P203] aid tx bd 10 3 24 71 3 10 0 33,sendCommandChars,PASS,,,,,,,,,Jul 5 2019 10:09:29.7490 AM,Jul 5 2019 10:09:29.7890 AM,.0399
Auth Check,Auth Check,P203,read-51,PASS,,,,,,,,,Jul 5 2019 10:09:29.7920 AM,Jul 5 2019 10:09:29.7920 AM,.0002
Auth Check,Auth Check,P203,read-52,PASS,,,,,,,,,Jul 5 2019 10:09:29.7940 AM,Jul 5 2019 10:09:29.8170 AM,.0227
Auth Check,Auth Check,P203,read-53,PASS,,,,,,,,,Jul 5 2019 10:09:29.8200 AM,Jul 5 2019 10:09:29.8470 AM,.0274
Auth Check,Auth Check,[P203] aid tx bd 11 2 24 71 3 10 23,sendCommandChars,PASS,,,,,,,,,Jul 5 2019 10:09:29.8490 AM,Jul 5 2019 10:09:29.8870 AM,.0387
Auth Check,Auth Check,P203,read-54,PASS,,,,,,,,,Jul 5 2019 10:09:29.8900 AM,Jul 5 2019 10:09:29.8910 AM,.0001
Auth Check,Auth Check,P203,read-55,PASS,,,,,,,,,Jul 5 2019 10:09:29.8920 AM,Jul 5 2019 10:09:29.9130 AM,.0212
Auth Check,Auth Check,P203,read-56,PASS,,,,,,,,,Jul 5 2019 10:09:29.9170 AM,Jul 5 2019 10:09:29.9440 AM,.0271
Auth Check,Auth Check,[P203] aid tx bd 12 2 24 71 3 10 23,sendCommandChars,PASS,,,,,,,,,Jul 5 2019 10:09:29.9460 AM,Jul 5 2019 10:09:29.9860 AM,.0403
Auth Check,Auth Check,P203,read-57,PASS,,,,,,,,,Jul 5 2019 10:09:29.9890 AM,Jul 5 2019 10:09:29.9890 AM,.0002
Auth Check,Auth Check,P203,read-58,PASS,,,,,,,,,Jul 5 2019 10:09:29.9900 AM,Jul 5 2019 10:09:30.0180 AM,.0274
Auth Check,Auth Check,P203,read-59,PASS,,,,,,,,,Jul 5 2019 10:09:30.0200 AM,Jul 5 2019 10:09:30.0480 AM,.0279
Auth Check,Auth Check,[P203] aid tx bd 13 2 24 71 3 10 23,sendCommandChars,PASS,,,,,,,,,Jul 5 2019 10:09:30.0490 AM,Jul 5 2019 10:09:30.0850 AM,.0359
Auth Check,Auth Check,P203,read-60,PASS,,,,,,,,,Jul 5 2019 10:09:30.0880 AM,Jul 5 2019 10:09:30.0880 AM,.0001
Auth Check,Auth Check,P203,read-61,PASS,,,,,,,,,Jul 5 2019 10:09:30.0890 AM,Jul 5 2019 10:09:30.1180 AM,.0288
Auth Check,Auth Check,P203,read-62,PASS,,,,,,,,,Jul 5 2019 10:09:30.1200 AM,Jul 5 2019 10:09:30.1480 AM,.0284
Auth Check,Auth Check,[P203] aid tx bd 14 2 24 71 3 10 17,sendCommandChars,PASS,,,,,,,,,Jul 5 2019 10:09:30.1500 AM,Jul 5 2019 10:09:30.1860 AM,.0361
Auth Check,Auth Check,P203,read-63,PASS,,,,,,,,,Jul 5 2019 10:09:30.1890 AM,Jul 5 2019 10:09:30.1900 AM,.0002
Auth Check,Auth Check,P203,read-64,PASS,,,,,,,,,Jul 5 2019 10:09:30.1910 AM,Jul 5 2019 10:09:30.2140 AM,.0231
Auth Check,Auth Check,[P203] aid tx bd 15 3 24 71 3 10 0 34,sendCommandChars,PASS,,,,,,,,,Jul 5 2019 10:09:30.2150 AM,Jul 5 2019 10:09:30.2520 AM,.0363
Auth Check,Auth Check,P203,read-65,PASS,,,,,,,,,Jul 5 2019 10:09:30.2540 AM,Jul 5 2019 10:09:30.2540 AM,.0001
Auth Check,Auth Check,P203,read-66,PASS,,,,,,,,,Jul 5 2019 10:09:30.2560 AM,Jul 5 2019 10:09:30.2780 AM,.0227
Auth Check,Auth Check,P203,read-67,PASS,,,,,,,,,Jul 5 2019 10:09:30.2800 AM,Jul 5 2019 10:09:30.3090 AM,.0283
Auth Check,Auth Check,[P203] aid tx bd 16 2 24 71 3 10 23,sendCommandChars,PASS,,,,,,,,,Jul 5 2019 10:09:30.3100 AM,Jul 5 2019 10:09:30.3460 AM,.0365
Auth Check,Auth Check,P203,read-68,PASS,,,,,,,,,Jul 5 2019 10:09:30.3490 AM,Jul 5 2019 10:09:30.3490 AM,.0002
Auth Check,Auth Check,P203,read-69,PASS,,,,,,,,,Jul 5 2019 10:09:30.3510 AM,Jul 5 2019 10:09:30.3790 AM,.028
Auth Check,Auth Check,P203,read-70,PASS,,,,,,,,,Jul 5 2019 10:09:30.3810 AM,Jul 5 2019 10:09:30.4090 AM,.0284
Auth Check,Auth Check,[P203] aid tx bd 17 2 24 71 3 10 23,sendCommandChars,PASS,,,,,,,,,Jul 5 2019 10:09:30.4100 AM,Jul 5 2019 10:09:30.4470 AM,.0368
Auth Check,Auth Check,P203,read-71,PASS,,,,,,,,,Jul 5 2019 10:09:30.4500 AM,Jul 5 2019 10:09:30.4500 AM,.0002
Auth Check,Auth Check,P203,read-72,PASS,,,,,,,,,Jul 5 2019 10:09:30.4510 AM,Jul 5 2019 10:09:30.4790 AM,.0278
Auth Check,Auth Check,P203,read-73,PASS,,,,,,,,,Jul 5 2019 10:09:30.4810 AM,Jul 5 2019 10:09:30.5090 AM,.0284
Auth Check,Auth Check,[P203] aid tx bd 18 2 24 71 3 10 23,sendCommandChars,PASS,,,,,,,,,Jul 5 2019 10:09:30.5110 AM,Jul 5 2019 10:09:30.5460 AM,.0353
Auth Check,Auth Check,P203,read-74,PASS,,,,,,,,,Jul 5 2019 10:09:30.5510 AM,Jul 5 2019 10:09:30.5520 AM,.0002
Auth Check,Auth Check,P203,read-75,PASS,,,,,,,,,Jul 5 2019 10:09:30.5530 AM,Jul 5 2019 10:09:30.5790 AM,.0266
Auth Check,Auth Check,P203,read-76,PASS,,,,,,,,,Jul 5 2019 10:09:30.5840 AM,Jul 5 2019 10:09:30.6100 AM,.0256
Auth Check,Auth Check,[P203] aid tx bd 19 2 24 71 3 10 17,sendCommandChars,PASS,,,,,,,,,Jul 5 2019 10:09:30.6110 AM,Jul 5 2019 10:09:30.6500 AM,.0393
Auth Check,Auth Check,P203,read-77,PASS,,,,,,,,,Jul 5 2019 10:09:30.6540 AM,Jul 5 2019 10:09:30.6550 AM,.0002
Auth Check,Auth Check,P203,read-78,PASS,,,,,,,,,Jul 5 2019 10:09:30.6560 AM,Jul 5 2019 10:09:30.6800 AM,.0241
Auth Check,Auth Check,[P203] aid tx bd 1a 3 24 71 3 10 0 35,sendCommandChars,PASS,,,,,,,,,Jul 5 2019 10:09:30.6820 AM,Jul 5 2019 10:09:30.7210 AM,.0382
Auth Check,Auth Check,P203,read-79,PASS,,,,,,,,,Jul 5 2019 10:09:30.7230 AM,Jul 5 2019 10:09:30.7230 AM,.0002
Auth Check,Auth Check,P203,read-80,PASS,,,,,,,,,Jul 5 2019 10:09:30.7250 AM,Jul 5 2019 10:09:30.7510 AM,.0264
Auth Check,Auth Check,P203,read-81,PASS,,,,,,,,,Jul 5 2019 10:09:30.7540 AM,Jul 5 2019 10:09:30.7800 AM,.0265
Auth Check,Auth Check,[P203] aid tx bd 1b 2 24 71 3 10 23,sendCommandChars,PASS,,,,,,,,,Jul 5 2019 10:09:30.7820 AM,Jul 5 2019 10:09:30.8180 AM,.036
Auth Check,Auth Check,P203,read-82,PASS,,,,,,,,,Jul 5 2019 10:09:30.8200 AM,Jul 5 2019 10:09:30.8200 AM,.0001
Auth Check,Auth Check,P203,read-83,PASS,,,,,,,,,Jul 5 2019 10:09:30.8220 AM,Jul 5 2019 10:09:30.8510 AM,.0289
Auth Check,Auth Check,P203,read-84,PASS,,,,,,,,,Jul 5 2019 10:09:30.8530 AM,Jul 5 2019 10:09:30.8810 AM,.028
Auth Check,Auth Check,[P203] aid tx bd 1c 2 24 71 3 10 23,sendCommandChars,PASS,,,,,,,,,Jul 5 2019 10:09:30.8820 AM,Jul 5 2019 10:09:30.9180 AM,.0355
Auth Check,Auth Check,P203,read-85,PASS,,,,,,,,,Jul 5 2019 10:09:30.9200 AM,Jul 5 2019 10:09:30.9200 AM,.0001
Auth Check,Auth Check,P203,read-86,PASS,,,,,,,,,Jul 5 2019 10:09:30.9220 AM,Jul 5 2019 10:09:30.9510 AM,.0295
Auth Check,Auth Check,P203,read-87,PASS,,,,,,,,,Jul 5 2019 10:09:30.9530 AM,Jul 5 2019 10:09:30.9810 AM,.0281
Auth Check,Auth Check,[P203] aid tx bd 1d 2 24 71 3 10 1a,sendCommandChars,PASS,,,,,,,,,Jul 5 2019 10:09:30.9830 AM,Jul 5 2019 10:09:31.0180 AM,.0356
Auth Check,Auth Check,3. Fetch cert,,PASS,,,,,,,,,Jul 5 2019 10:09:31.0200 AM,Jul 5 2019 10:09:31.0200 AM,0
Auth Check,Auth Check,IOFileHandle,writeCertFile,PASS,,,,,,,,,Jul 5 2019 10:09:31.0230 AM,Jul 5 2019 10:09:31.0300 AM,.0062
Auth Check,Auth Check,4. Save cert,,PASS,,,,,,,,,Jul 5 2019 10:09:31.0310 AM,Jul 5 2019 10:09:31.0310 AM,0
Auth Check,Auth Check,[HID] /usr/local/bin/mfi-cert validate-cert v3 /Users/gdlocal/Intelli_Log/cert.der,,PASS,,,,,,,,,Jul 5 2019 10:09:31.0740 AM,Jul 5 2019 10:09:31.0740 AM,0
Auth Check,Auth Check,5. Validate cert,,PASS,,,,,,,,,Jul 5 2019 10:09:31.0750 AM,Jul 5 2019 10:09:31.0750 AM,0
Auth Check,Auth Check,[HID] /usr/local/bin/mfi-cert gen-challenge /Users/gdlocal/Intelli_Log/cert.der /Users/gdlocal/Intelli_Log/challenge.bin,,PASS,,,,,,,,,Jul 5 2019 10:09:31.1140 AM,Jul 5 2019 10:09:31.1140 AM,0
Auth Check,Auth Check,6. Generate challenge,,PASS,,,,,,,,,Jul 5 2019 10:09:31.1140 AM,Jul 5 2019 10:09:31.1140 AM,0
Auth Check,Auth Check,P203,read-88,PASS,,,,,,,,,Jul 5 2019 10:09:31.1230 AM,Jul 5 2019 10:09:31.1230 AM,.0002
Auth Check,Auth Check,P203,read-89,PASS,,,,,,,,,Jul 5 2019 10:09:31.1250 AM,Jul 5 2019 10:09:31.1520 AM,.0266
Auth Check,Auth Check,[P203] aid tx bd 1e 5 24 71 3 10 0 20 00 20,sendCommandChars,PASS,,,,,,,,,Jul 5 2019 10:09:31.1530 AM,Jul 5 2019 10:09:31.1910 AM,.038
Auth Check,Auth Check,P203,read-90,PASS,,,,,,,,,Jul 5 2019 10:09:31.1950 AM,Jul 5 2019 10:09:31.1950 AM,.0001
Auth Check,Auth Check,P203,read-91,PASS,,,,,,,,,Jul 5 2019 10:09:31.1970 AM,Jul 5 2019 10:09:31.2220 AM,.0252
Auth Check,Auth Check,[P203] aid tx bd 1f 23 24 71 3 10 0 21 f9 00 20 a4 57 4b 7a bb c1 8c 10 ba ea 15 af d5 cb fc 22 1a e8 29 c7 9f a5 03 73 76 7d ee 57 5f,sendCommandChars,PASS,,,,,,,,,Jul 5 2019 10:09:31.2230 AM,Jul 5 2019 10:09:31.2940 AM,.0707
Auth Check,Auth Check,P203,read-92,PASS,,,,,,,,,Jul 5 2019 10:09:31.2970 AM,Jul 5 2019 10:09:31.2970 AM,.0001
Auth Check,Auth Check,P203,read-93,PASS,,,,,,,,,Jul 5 2019 10:09:31.2980 AM,Jul 5 2019 10:09:31.3220 AM,.0238
Auth Check,Auth Check,[P203] aid tx bd 20 4 24 71 3 10 0 10 01,sendCommandChars,PASS,,,,,,,,,Jul 5 2019 10:09:31.3240 AM,Jul 5 2019 10:09:31.3600 AM,.036
Auth Check,Auth Check,P203,read-94,PASS,,,,,,,,,Jul 5 2019 10:09:31.9360 AM,Jul 5 2019 10:09:31.9360 AM,.0001
Auth Check,Auth Check,P203,read-95,PASS,,,,,,,,,Jul 5 2019 10:09:31.9380 AM,Jul 5 2019 10:09:31.9650 AM,.0276
Auth Check,Auth Check,[P203] aid tx bd 21 3 24 71 3 10 0 10,sendCommandChars,PASS,,,,,,,,,Jul 5 2019 10:09:31.9670 AM,Jul 5 2019 10:09:32.0330 AM,.0661
Auth Check,Auth Check,P203,read-96,PASS,,,,,,,,,Jul 5 2019 10:09:32.0350 AM,Jul 5 2019 10:09:32.0350 AM,.0001
Auth Check,Auth Check,P203,read-97,PASS,,,,,,,,,Jul 5 2019 10:09:32.0370 AM,Jul 5 2019 10:09:32.0660 AM,.0292
Auth Check,Auth Check,P203,read-98,PASS,,,,,,,,,Jul 5 2019 10:09:32.0680 AM,Jul 5 2019 10:09:32.0940 AM,.0266
Auth Check,Auth Check,[P203] aid tx bd 22 2 24 71 3 10 1,sendCommandChars,PASS,,,,,,,,,Jul 5 2019 10:09:32.0960 AM,Jul 5 2019 10:09:32.1310 AM,.0346
Auth Check,Auth Check,7. Send challenge,,PASS,,,,,,,,,Jul 5 2019 10:09:32.1320 AM,Jul 5 2019 10:09:32.1320 AM,0
Auth Check,Auth Check,P203,read-99,PASS,,,,,,,,,Jul 5 2019 10:09:32.1340 AM,Jul 5 2019 10:09:32.1340 AM,.0001
Auth Check,Auth Check,P203,read-100,PASS,,,,,,,,,Jul 5 2019 10:09:32.1350 AM,Jul 5 2019 10:09:32.1560 AM,.021
Auth Check,Auth Check,[P203] aid tx bd 23 3 24 71 3 10 0 11,sendCommandChars,PASS,,,,,,,,,Jul 5 2019 10:09:32.1580 AM,Jul 5 2019 10:09:32.1930 AM,.0356
Auth Check,Auth Check,P203,read-101,PASS,,,,,,,,,Jul 5 2019 10:09:32.1960 AM,Jul 5 2019 10:09:32.1960 AM,.0001
Auth Check,Auth Check,P203,read-102,PASS,,,,,,,,,Jul 5 2019 10:09:32.1970 AM,Jul 5 2019 10:09:32.2270 AM,.0293
Auth Check,Auth Check,P203,read-103,PASS,,,,,,,,,Jul 5 2019 10:09:32.2290 AM,Jul 5 2019 10:09:32.2570 AM,.0279
Auth Check,Auth Check,[P203] aid tx bd 24 2 24 71 3 10 2,sendCommandChars,PASS,,,,,,,,,Jul 5 2019 10:09:32.2580 AM,Jul 5 2019 10:09:32.2930 AM,.035
Auth Check,Auth Check,P203,read-104,PASS,,,,,,,,,Jul 5 2019 10:09:32.2970 AM,Jul 5 2019 10:09:32.2970 AM,.0002
Auth Check,Auth Check,P203,read-105,PASS,,,,,,,,,Jul 5 2019 10:09:32.2980 AM,Jul 5 2019 10:09:32.3250 AM,.0264
Auth Check,Auth Check,[P203] aid tx bd 25 3 24 71 3 10 0 12,sendCommandChars,PASS,,,,,,,,,Jul 5 2019 10:09:32.3260 AM,Jul 5 2019 10:09:32.3620 AM,.036
Auth Check,Auth Check,P203,read-106,PASS,,,,,,,,,Jul 5 2019 10:09:32.3650 AM,Jul 5 2019 10:09:32.3650 AM,.0002
Auth Check,Auth Check,P203,read-107,PASS,,,,,,,,,Jul 5 2019 10:09:32.3660 AM,Jul 5 2019 10:09:32.3870 AM,.0209
Auth Check,Auth Check,P203,read-108,PASS,,,,,,,,,Jul 5 2019 10:09:32.3890 AM,Jul 5 2019 10:09:32.4170 AM,.0278
Auth Check,Auth Check,[P203] aid tx bd 26 2 24 71 3 10 23,sendCommandChars,PASS,,,,,,,,,Jul 5 2019 10:09:32.4190 AM,Jul 5 2019 10:09:32.4550 AM,.0361
Auth Check,Auth Check,P203,read-109,PASS,,,,,,,,,Jul 5 2019 10:09:32.4580 AM,Jul 5 2019 10:09:32.4580 AM,.0001
Auth Check,Auth Check,P203,read-110,PASS,,,,,,,,,Jul 5 2019 10:09:32.4590 AM,Jul 5 2019 10:09:32.4880 AM,.0285
Auth Check,Auth Check,P203,read-111,PASS,,,,,,,,,Jul 5 2019 10:09:32.4890 AM,Jul 5 2019 10:09:32.5180 AM,.0282
Auth Check,Auth Check,[P203] aid tx bd 27 2 24 71 3 10 1d,sendCommandChars,PASS,,,,,,,,,Jul 5 2019 10:09:32.5190 AM,Jul 5 2019 10:09:32.5540 AM,.0345
Auth Check,Auth Check,IOFileHandle,writeCertFile-2,PASS,,,,,,,,,Jul 5 2019 10:09:32.5570 AM,Jul 5 2019 10:09:32.5580 AM,.0009
Auth Check,Auth Check,8. Get challenge response,,PASS,,,,,,,,,Jul 5 2019 10:09:32.5590 AM,Jul 5 2019 10:09:32.5590 AM,0
Auth Check,Auth Check,[HID] /usr/local/bin/mfi-cert verify-response /Users/gdlocal/Intelli_Log/cert.der /Users/gdlocal/Intelli_Log/challenge.bin /Users/gdlocal/Intelli_Log/challenge_resp.bin,,PASS,,,,,,,,,Jul 5 2019 10:09:32.6260 AM,Jul 5 2019 10:09:32.6260 AM,0
Auth Check,Auth Check,9. Verify challenge response,,PASS,,,,,,,,,Jul 5 2019 10:09:32.6270 AM,Jul 5 2019 10:09:32.6270 AM,0
Query MLB SN,,,,,,,,,,,,,Jul 5 2019 10:09:32.6340 AM,Jul 5 2019 10:09:32.6350 AM,.0005
Query MLB SN,Query MLB SN,Query MLB SN,DLX9254001VN6R511,PASS,,,,,,,,,Jul 5 2019 10:09:32.6340 AM,Jul 5 2019 10:09:32.6340 AM,0
Read MLB SN,,,,,,,,,,,,,Jul 5 2019 10:09:32.6360 AM,Jul 5 2019 10:09:36.1300 AM,3.4938
Read MLB SN,Read MLB SN,[Hid] /usr/local/bin/hidreport -v 0x05ac -p 0x026E -i 0 get 0x12,,PASS,,,,,,,,,Jul 5 2019 10:09:35.7540 AM,Jul 5 2019 10:09:35.7540 AM,0
Read MLB SN,Read MLB SN,IOFileHandle,writeToFile,PASS,,,,,,,,,Jul 5 2019 10:09:35.7560 AM,Jul 5 2019 10:09:35.7560 AM,.0002
Read MLB SN,Read MLB SN,Read MLB SN,DLX9254001VN6R511,PASS,,,,,,,,,Jul 5 2019 10:09:36.1300 AM,Jul 5 2019 10:09:36.1300 AM,0
Check MLB SN,,,,,,,,,,,,,Jul 5 2019 10:09:36.1320 AM,Jul 5 2019 10:09:36.1330 AM,.0005
Check MLB SN,Check MLB SN,Check MLB SN,,PASS,,,,,,,,,Jul 5 2019 10:09:36.1320 AM,Jul 5 2019 10:09:36.1320 AM,0
Read Main FW Version Before DL,,,,,,,,,,,,,Jul 5 2019 10:09:36.1340 AM,Jul 5 2019 10:09:36.5590 AM,.4249
Read Main FW Version Before DL,Read Main FW Version Before DL,[Hid] /usr/local/bin/hidreport -p 0x026E -i 0 get 0xB4,,PASS,,,,,,,,,Jul 5 2019 10:09:36.1840 AM,Jul 5 2019 10:09:36.1840 AM,0
Read Main FW Version Before DL,Read Main FW Version Before DL,IOFileHandle,writeToFile,PASS,,,,,,,,,Jul 5 2019 10:09:36.1860 AM,Jul 5 2019 10:09:36.1860 AM,.0001
Read Main FW Version Before DL,Read Main FW Version Before DL,Read FW Version Before DL,0x80,PASS,,,,,,,,,Jul 5 2019 10:09:36.5590 AM,Jul 5 2019 10:09:36.5590 AM,0
Read Main FW Version Before DL,Read Main FW Version Before DL,Read FW Version Before DL,,PASS,,128,NA,,,,,NA,Jul 5 2019 10:09:36.5590 AM,Jul 5 2019 10:09:36.5590 AM,0
Program Main FW,,,,,,,,,,,,,Jul 5 2019 10:09:36.5610 AM,Jul 5 2019 10:10:56.5500 AM,79.9888
Program Main FW,Program Main FW,[Hid] /usr/local/bin/hidreport -p 0x026E -i 0 get 0xBC,,PASS,,,,,,,,,Jul 5 2019 10:09:37.6840 AM,Jul 5 2019 10:09:37.6840 AM,0
Program Main FW,Program Main FW,IOFileHandle,writeToFile,PASS,,,,,,,,,Jul 5 2019 10:09:37.6860 AM,Jul 5 2019 10:09:37.6860 AM,.0002
Program Main FW,Program Main FW,[Hid] /usr/local/bin/shfuc -n -v 0x05ac -p 0x026E -f /usr/local/bin/R128-v0x0080-dev-signed.118.P1.afu,,PASS,,,,,,,,,Jul 5 2019 10:10:44.7870 AM,Jul 5 2019 10:10:44.7870 AM,0
Program Main FW,Program Main FW,IOFileHandle,writeToFile-2,PASS,,,,,,,,,Jul 5 2019 10:10:44.7890 AM,Jul 5 2019 10:10:44.7890 AM,.0002
Program Main FW,Program Main FW,ProgramMainFW,,PASS,,,,,,,,,Jul 5 2019 10:10:45.1600 AM,Jul 5 2019 10:10:45.1600 AM,0
Program Main FW,Program Main FW,"[rpc] myiocontrol_set_Bit(24,0)",,PASS,,,,,,,,,Jul 5 2019 10:10:48.2360 AM,Jul 5 2019 10:10:48.2430 AM,.0068
Program Main FW,Program Main FW,"[rpc] myiocontrol_set_Bit(25,0)",,PASS,,,,,,,,,Jul 5 2019 10:10:49.3110 AM,Jul 5 2019 10:10:49.3180 AM,.0068
Program Main FW,Program Main FW,"[rpc] myiocontrol_set_Bit(24,1)",,PASS,,,,,,,,,Jul 5 2019 10:10:52.3910 AM,Jul 5 2019 10:10:52.3980 AM,.0067
Program Main FW,Program Main FW,"[rpc] myiocontrol_set_Bit(25,1)",,PASS,,,,,,,,,Jul 5 2019 10:10:53.4750 AM,Jul 5 2019 10:10:53.4820 AM,.007
Read Main FW Version After DL,,,,,,,,,,,,,Jul 5 2019 10:10:56.5530 AM,Jul 5 2019 10:10:58.2380 AM,1.6852
Read Main FW Version After DL,Read Main FW Version After DL,[Hid] /usr/local/bin/hidreport -p 0x026E -i 0 get 0xb4,,PASS,,,,,,,,,Jul 5 2019 10:10:56.5900 AM,Jul 5 2019 10:10:56.5900 AM,0
Read Main FW Version After DL,Read Main FW Version After DL,IOFileHandle,writeToFile,PASS,,,,,,,,,Jul 5 2019 10:10:56.5910 AM,Jul 5 2019 10:10:56.5910 AM,.0001
Read Main FW Version After DL,Read Main FW Version After DL,[Hid] /usr/local/bin/hidreport -p 0x026E -i 0 get 0xb4-2,,PASS,,,,,,,,,Jul 5 2019 10:10:57.2020 AM,Jul 5 2019 10:10:57.2020 AM,0
Read Main FW Version After DL,Read Main FW Version After DL,IOFileHandle,writeToFile-2,PASS,,,,,,,,,Jul 5 2019 10:10:57.2030 AM,Jul 5 2019 10:10:57.2030 AM,.0001
Read Main FW Version After DL,Read Main FW Version After DL,[Hid] /usr/local/bin/hidreport -p 0x026E -i 0 get 0xb4-3,,PASS,,,,,,,,,Jul 5 2019 10:10:57.8210 AM,Jul 5 2019 10:10:57.8210 AM,0
Read Main FW Version After DL,Read Main FW Version After DL,IOFileHandle,writeToFile-3,PASS,,,,,,,,,Jul 5 2019 10:10:57.8230 AM,Jul 5 2019 10:10:57.8630 AM,.0403
Read Main FW Version After DL,Read Main FW Version After DL,Read FW Version After DL,,PASS,,,,,,,,,Jul 5 2019 10:10:58.2370 AM,Jul 5 2019 10:10:58.2370 AM,0
Read Main FW Version After DL,Read Main FW Version After DL,Read FW Version After DL-2,,PASS,,128,NA,128,128,,,NA,Jul 5 2019 10:10:58.2380 AM,Jul 5 2019 10:10:58.2380 AM,0
