Test,Plugin,Command,Status,Info,Start Time,End Time,Duration (s)
Scan SN,com.apple.hwte.atlas.AppPlugin,show-form,PASS,,Jul 5 2019 10:09:06.4590 AM,Jul 5 2019 10:09:10.0660 AM,3.6063
Get SFC Info,SFCSupport,getAttribute,PASS,,Jul 5 2019 10:09:10.0710 AM,Jul 5 2019 10:09:10.1010 AM,.0297
Get SFC Info,SFCSupport,getAttribute,PASS,,Jul 5 2019 10:09:10.1040 AM,Jul 5 2019 10:09:10.1090 AM,.0046
Get SFC Info,SFCSupport,getAttribute,PASS,,Jul 5 2019 10:09:10.1100 AM,Jul 5 2019 10:09:10.1140 AM,.0038
Get SFC Info,SFCSupport,getAttribute,PASS,,Jul 5 2019 10:09:10.1160 AM,Jul 5 2019 10:09:10.1200 AM,.0036
Endpoint init,rpcCall,RPCSendAndGet,PASS,,Jul 5 2019 10:09:10.1350 AM,Jul 5 2019 10:09:10.1410 AM,.0057
Endpoint init,rpcCall,RPCSendAndGet,PASS,,Jul 5 2019 10:09:13.2150 AM,Jul 5 2019 10:09:13.2190 AM,.0046
Endpoint init,rpcCall,RPCSendAndGet,PASS,,Jul 5 2019 10:09:16.2870 AM,Jul 5 2019 10:09:16.2940 AM,.0069
Endpoint init,rpcCall,RPCSendAndGet,PASS,,Jul 5 2019 10:09:16.2950 AM,Jul 5 2019 10:09:16.3020 AM,.0066
Endpoint init,IOFileHandle,writeToFile,PASS,,Jul 5 2019 10:09:19.4200 AM,Jul 5 2019 10:09:19.4210 AM,.0005
Endpoint init,IOFileHandle,writeToFile,PASS,,Jul 5 2019 10:09:19.8400 AM,Jul 5 2019 10:09:19.8400 AM,.0002
Endpoint init,rpcCall,RPCSendAndGet,PASS,,Jul 5 2019 10:09:20.2170 AM,Jul 5 2019 10:09:20.2230 AM,.0068
Endpoint init,rpcCall,RPCSendAndGet,PASS,,Jul 5 2019 10:09:20.2250 AM,Jul 5 2019 10:09:20.2320 AM,.0066
Endpoint init,rpcCall,RPCSendAndGet,PASS,,Jul 5 2019 10:09:20.2330 AM,Jul 5 2019 10:09:20.2370 AM,.0042
Endpoint init,rpcCall,RPCSendAndGet,PASS,,Jul 5 2019 10:09:23.3110 AM,Jul 5 2019 10:09:23.3180 AM,.0067
Endpoint init,rpcCall,RPCSendAndGet,PASS,,Jul 5 2019 10:09:23.3200 AM,Jul 5 2019 10:09:23.3260 AM,.0066
Endpoint init,rpcCall,RPCSendAndGet,PASS,,Jul 5 2019 10:09:23.3280 AM,Jul 5 2019 10:09:23.3320 AM,.0044
Auth Check,P203,changeDelimiter,PASS,,Jul 5 2019 10:09:26.4090 AM,Jul 5 2019 10:09:26.4090 AM,.0001
Auth Check,P203,changeLineTerminator,PASS,,Jul 5 2019 10:09:26.4110 AM,Jul 5 2019 10:09:26.4110 AM,0
Auth Check,P203,open,PASS,,Jul 5 2019 10:09:26.4130 AM,Jul 5 2019 10:09:28.0110 AM,1.5978
Auth Check,P203,read,PASS,,Jul 5 2019 10:09:28.0130 AM,Jul 5 2019 10:09:28.0410 AM,.0274
Auth Check,P203,read,PASS,,Jul 5 2019 10:09:28.0430 AM,Jul 5 2019 10:09:28.0710 AM,.0277
Auth Check,P203,sendCommandChars,PASS,,Jul 5 2019 10:09:28.0720 AM,Jul 5 2019 10:09:28.1410 AM,.069
Auth Check,P203,read,PASS,,Jul 5 2019 10:09:28.1440 AM,Jul 5 2019 10:09:28.1440 AM,.0002
Auth Check,P203,read,PASS,,Jul 5 2019 10:09:28.1450 AM,Jul 5 2019 10:09:28.1710 AM,.026
Auth Check,P203,sendCommandChars,PASS,,Jul 5 2019 10:09:28.1730 AM,Jul 5 2019 10:09:28.2100 AM,.0369
Auth Check,P203,read,PASS,,Jul 5 2019 10:09:28.2130 AM,Jul 5 2019 10:09:28.2140 AM,.0002
Auth Check,P203,read,PASS,,Jul 5 2019 10:09:28.2160 AM,Jul 5 2019 10:09:28.2420 AM,.0256
Auth Check,P203,sendCommandChars,PASS,,Jul 5 2019 10:09:28.2430 AM,Jul 5 2019 10:09:28.2810 AM,.0382
Auth Check,P203,read,PASS,,Jul 5 2019 10:09:28.2840 AM,Jul 5 2019 10:09:28.2850 AM,.0002
Auth Check,P203,read,PASS,,Jul 5 2019 10:09:28.2860 AM,Jul 5 2019 10:09:28.3120 AM,.0257
Auth Check,P203,sendCommandChars,PASS,,Jul 5 2019 10:09:28.3140 AM,Jul 5 2019 10:09:28.3510 AM,.0372
Auth Check,P203,read,PASS,,Jul 5 2019 10:09:28.3530 AM,Jul 5 2019 10:09:28.3540 AM,.0002
Auth Check,P203,read,PASS,,Jul 5 2019 10:09:28.3550 AM,Jul 5 2019 10:09:28.3800 AM,.0256
Auth Check,P203,sendCommandChars,PASS,,Jul 5 2019 10:09:28.3830 AM,Jul 5 2019 10:09:28.4180 AM,.0347
Auth Check,P203,read,PASS,,Jul 5 2019 10:09:28.4210 AM,Jul 5 2019 10:09:28.4210 AM,.0002
Auth Check,P203,read,PASS,,Jul 5 2019 10:09:28.4220 AM,Jul 5 2019 10:09:28.4520 AM,.0302
Auth Check,P203,sendCommandChars,PASS,,Jul 5 2019 10:09:28.4540 AM,Jul 5 2019 10:09:28.4900 AM,.0356
Auth Check,P203,read,PASS,,Jul 5 2019 10:09:28.4920 AM,Jul 5 2019 10:09:28.4920 AM,.0001
Auth Check,P203,read,PASS,,Jul 5 2019 10:09:28.4940 AM,Jul 5 2019 10:09:28.5230 AM,.0291
Auth Check,P203,read,PASS,,Jul 5 2019 10:09:28.5250 AM,Jul 5 2019 10:09:28.5530 AM,.0274
Auth Check,P203,sendCommandChars,PASS,,Jul 5 2019 10:09:28.5540 AM,Jul 5 2019 10:09:28.5900 AM,.0352
Auth Check,P203,read,PASS,,Jul 5 2019 10:09:28.5930 AM,Jul 5 2019 10:09:28.5940 AM,.0002
Auth Check,P203,read,PASS,,Jul 5 2019 10:09:28.5950 AM,Jul 5 2019 10:09:28.6230 AM,.028
Auth Check,P203,sendCommandChars,PASS,,Jul 5 2019 10:09:28.6240 AM,Jul 5 2019 10:09:28.6590 AM,.0352
Auth Check,P203,read,PASS,,Jul 5 2019 10:09:28.6620 AM,Jul 5 2019 10:09:28.6620 AM,.0002
Auth Check,P203,read,PASS,,Jul 5 2019 10:09:28.6630 AM,Jul 5 2019 10:09:28.6930 AM,.03
Auth Check,P203,read,PASS,,Jul 5 2019 10:09:28.6950 AM,Jul 5 2019 10:09:28.7240 AM,.0284
Auth Check,P203,sendCommandChars,PASS,,Jul 5 2019 10:09:28.7250 AM,Jul 5 2019 10:09:28.7600 AM,.0351
Auth Check,P203,read,PASS,,Jul 5 2019 10:09:28.7640 AM,Jul 5 2019 10:09:28.7640 AM,.0002
Auth Check,P203,read,PASS,,Jul 5 2019 10:09:28.7650 AM,Jul 5 2019 10:09:28.7940 AM,.0283
Auth Check,P203,sendCommandChars,PASS,,Jul 5 2019 10:09:28.7950 AM,Jul 5 2019 10:09:28.8300 AM,.0351
Auth Check,P203,read,PASS,,Jul 5 2019 10:09:28.8320 AM,Jul 5 2019 10:09:28.8330 AM,.0002
Auth Check,P203,read,PASS,,Jul 5 2019 10:09:28.8340 AM,Jul 5 2019 10:09:28.8640 AM,.0302
Auth Check,P203,read,PASS,,Jul 5 2019 10:09:28.8660 AM,Jul 5 2019 10:09:28.8940 AM,.0283
Auth Check,P203,sendCommandChars,PASS,,Jul 5 2019 10:09:28.8960 AM,Jul 5 2019 10:09:28.9310 AM,.0352
Auth Check,P203,read,PASS,,Jul 5 2019 10:09:28.9340 AM,Jul 5 2019 10:09:28.9340 AM,.0002
Auth Check,P203,read,PASS,,Jul 5 2019 10:09:28.9350 AM,Jul 5 2019 10:09:28.9640 AM,.0295
Auth Check,P203,read,PASS,,Jul 5 2019 10:09:28.9660 AM,Jul 5 2019 10:09:28.9950 AM,.0282
Auth Check,P203,sendCommandChars,PASS,,Jul 5 2019 10:09:28.9960 AM,Jul 5 2019 10:09:29.0310 AM,.0343
Auth Check,P203,read,PASS,,Jul 5 2019 10:09:29.0330 AM,Jul 5 2019 10:09:29.0330 AM,.0002
Auth Check,P203,read,PASS,,Jul 5 2019 10:09:29.0350 AM,Jul 5 2019 10:09:29.0650 AM,.03
Auth Check,P203,read,PASS,,Jul 5 2019 10:09:29.0660 AM,Jul 5 2019 10:09:29.0930 AM,.026
Auth Check,P203,sendCommandChars,PASS,,Jul 5 2019 10:09:29.0940 AM,Jul 5 2019 10:09:29.1310 AM,.0366
Auth Check,P203,read,PASS,,Jul 5 2019 10:09:29.1340 AM,Jul 5 2019 10:09:29.1340 AM,.0002
Auth Check,P203,read,PASS,,Jul 5 2019 10:09:29.1350 AM,Jul 5 2019 10:09:29.1650 AM,.0298
Auth Check,P203,read,PASS,,Jul 5 2019 10:09:29.1670 AM,Jul 5 2019 10:09:29.1950 AM,.0284
Auth Check,P203,sendCommandChars,PASS,,Jul 5 2019 10:09:29.1970 AM,Jul 5 2019 10:09:29.2310 AM,.0347
Auth Check,P203,read,PASS,,Jul 5 2019 10:09:29.2340 AM,Jul 5 2019 10:09:29.2350 AM,.0001
Auth Check,P203,read,PASS,,Jul 5 2019 10:09:29.2360 AM,Jul 5 2019 10:09:29.2650 AM,.0295
Auth Check,P203,sendCommandChars,PASS,,Jul 5 2019 10:09:29.2670 AM,Jul 5 2019 10:09:29.3020 AM,.0355
Auth Check,P203,read,PASS,,Jul 5 2019 10:09:29.3050 AM,Jul 5 2019 10:09:29.3050 AM,.0002
Auth Check,P203,read,PASS,,Jul 5 2019 10:09:29.3060 AM,Jul 5 2019 10:09:29.3360 AM,.0295
Auth Check,P203,read,PASS,,Jul 5 2019 10:09:29.3370 AM,Jul 5 2019 10:09:29.3660 AM,.0282
Auth Check,P203,sendCommandChars,PASS,,Jul 5 2019 10:09:29.3670 AM,Jul 5 2019 10:09:29.4020 AM,.0351
Auth Check,P203,read,PASS,,Jul 5 2019 10:09:29.4050 AM,Jul 5 2019 10:09:29.4050 AM,.0002
Auth Check,P203,read,PASS,,Jul 5 2019 10:09:29.4070 AM,Jul 5 2019 10:09:29.4360 AM,.0297
Auth Check,P203,read,PASS,,Jul 5 2019 10:09:29.4380 AM,Jul 5 2019 10:09:29.4660 AM,.0281
Auth Check,P203,sendCommandChars,PASS,,Jul 5 2019 10:09:29.4680 AM,Jul 5 2019 10:09:29.5030 AM,.0347
Auth Check,P203,read,PASS,,Jul 5 2019 10:09:29.5050 AM,Jul 5 2019 10:09:29.5050 AM,.0001
Auth Check,P203,read,PASS,,Jul 5 2019 10:09:29.5070 AM,Jul 5 2019 10:09:29.5320 AM,.0257
Auth Check,P203,read,PASS,,Jul 5 2019 10:09:29.5340 AM,Jul 5 2019 10:09:29.5570 AM,.0222
Auth Check,P203,sendCommandChars,PASS,,Jul 5 2019 10:09:29.5580 AM,Jul 5 2019 10:09:29.5950 AM,.0368
Auth Check,P203,read,PASS,,Jul 5 2019 10:09:29.5980 AM,Jul 5 2019 10:09:29.5980 AM,.0002
Auth Check,P203,read,PASS,,Jul 5 2019 10:09:29.6000 AM,Jul 5 2019 10:09:29.6230 AM,.0225
Auth Check,P203,read,PASS,,Jul 5 2019 10:09:29.6450 AM,Jul 5 2019 10:09:29.6670 AM,.0218
Auth Check,P203,sendCommandChars,PASS,,Jul 5 2019 10:09:29.6700 AM,Jul 5 2019 10:09:29.7140 AM,.0449
Auth Check,P203,read,PASS,,Jul 5 2019 10:09:29.7190 AM,Jul 5 2019 10:09:29.7190 AM,.0002
Auth Check,P203,read,PASS,,Jul 5 2019 10:09:29.7200 AM,Jul 5 2019 10:09:29.7470 AM,.0265
Auth Check,P203,sendCommandChars,PASS,,Jul 5 2019 10:09:29.7490 AM,Jul 5 2019 10:09:29.7890 AM,.0399
Auth Check,P203,read,PASS,,Jul 5 2019 10:09:29.7920 AM,Jul 5 2019 10:09:29.7920 AM,.0003
Auth Check,P203,read,PASS,,Jul 5 2019 10:09:29.7940 AM,Jul 5 2019 10:09:29.8170 AM,.0228
Auth Check,P203,read,PASS,,Jul 5 2019 10:09:29.8190 AM,Jul 5 2019 10:09:29.8470 AM,.0274
Auth Check,P203,sendCommandChars,PASS,,Jul 5 2019 10:09:29.8490 AM,Jul 5 2019 10:09:29.8870 AM,.0387
Auth Check,P203,read,PASS,,Jul 5 2019 10:09:29.8900 AM,Jul 5 2019 10:09:29.8910 AM,.0001
Auth Check,P203,read,PASS,,Jul 5 2019 10:09:29.8920 AM,Jul 5 2019 10:09:29.9130 AM,.0212
Auth Check,P203,read,PASS,,Jul 5 2019 10:09:29.9170 AM,Jul 5 2019 10:09:29.9440 AM,.0272
Auth Check,P203,sendCommandChars,PASS,,Jul 5 2019 10:09:29.9460 AM,Jul 5 2019 10:09:29.9860 AM,.0404
Auth Check,P203,read,PASS,,Jul 5 2019 10:09:29.9890 AM,Jul 5 2019 10:09:29.9890 AM,.0002
Auth Check,P203,read,PASS,,Jul 5 2019 10:09:29.9900 AM,Jul 5 2019 10:09:30.0180 AM,.0274
Auth Check,P203,read,PASS,,Jul 5 2019 10:09:30.0200 AM,Jul 5 2019 10:09:30.0480 AM,.0279
Auth Check,P203,sendCommandChars,PASS,,Jul 5 2019 10:09:30.0490 AM,Jul 5 2019 10:09:30.0850 AM,.0359
Auth Check,P203,read,PASS,,Jul 5 2019 10:09:30.0880 AM,Jul 5 2019 10:09:30.0880 AM,.0002
Auth Check,P203,read,PASS,,Jul 5 2019 10:09:30.0890 AM,Jul 5 2019 10:09:30.1180 AM,.0289
Auth Check,P203,read,PASS,,Jul 5 2019 10:09:30.1200 AM,Jul 5 2019 10:09:30.1480 AM,.0284
Auth Check,P203,sendCommandChars,PASS,,Jul 5 2019 10:09:30.1500 AM,Jul 5 2019 10:09:30.1860 AM,.0362
Auth Check,P203,read,PASS,,Jul 5 2019 10:09:30.1890 AM,Jul 5 2019 10:09:30.1900 AM,.0002
Auth Check,P203,read,PASS,,Jul 5 2019 10:09:30.1910 AM,Jul 5 2019 10:09:30.2140 AM,.0231
Auth Check,P203,sendCommandChars,PASS,,Jul 5 2019 10:09:30.2150 AM,Jul 5 2019 10:09:30.2520 AM,.0363
Auth Check,P203,read,PASS,,Jul 5 2019 10:09:30.2540 AM,Jul 5 2019 10:09:30.2540 AM,.0001
Auth Check,P203,read,PASS,,Jul 5 2019 10:09:30.2560 AM,Jul 5 2019 10:09:30.2780 AM,.0228
Auth Check,P203,read,PASS,,Jul 5 2019 10:09:30.2800 AM,Jul 5 2019 10:09:30.3090 AM,.0283
Auth Check,P203,sendCommandChars,PASS,,Jul 5 2019 10:09:30.3100 AM,Jul 5 2019 10:09:30.3460 AM,.0365
Auth Check,P203,read,PASS,,Jul 5 2019 10:09:30.3490 AM,Jul 5 2019 10:09:30.3490 AM,.0002
Auth Check,P203,read,PASS,,Jul 5 2019 10:09:30.3510 AM,Jul 5 2019 10:09:30.3790 AM,.0281
Auth Check,P203,read,PASS,,Jul 5 2019 10:09:30.3810 AM,Jul 5 2019 10:09:30.4090 AM,.0284
Auth Check,P203,sendCommandChars,PASS,,Jul 5 2019 10:09:30.4100 AM,Jul 5 2019 10:09:30.4470 AM,.0368
Auth Check,P203,read,PASS,,Jul 5 2019 10:09:30.4500 AM,Jul 5 2019 10:09:30.4500 AM,.0002
Auth Check,P203,read,PASS,,Jul 5 2019 10:09:30.4510 AM,Jul 5 2019 10:09:30.4790 AM,.0278
Auth Check,P203,read,PASS,,Jul 5 2019 10:09:30.4810 AM,Jul 5 2019 10:09:30.5090 AM,.0285
Auth Check,P203,sendCommandChars,PASS,,Jul 5 2019 10:09:30.5110 AM,Jul 5 2019 10:09:30.5460 AM,.0353
Auth Check,P203,read,PASS,,Jul 5 2019 10:09:30.5510 AM,Jul 5 2019 10:09:30.5520 AM,.0002
Auth Check,P203,read,PASS,,Jul 5 2019 10:09:30.5530 AM,Jul 5 2019 10:09:30.5790 AM,.0266
Auth Check,P203,read,PASS,,Jul 5 2019 10:09:30.5840 AM,Jul 5 2019 10:09:30.6100 AM,.0256
Auth Check,P203,sendCommandChars,PASS,,Jul 5 2019 10:09:30.6110 AM,Jul 5 2019 10:09:30.6500 AM,.0393
Auth Check,P203,read,PASS,,Jul 5 2019 10:09:30.6540 AM,Jul 5 2019 10:09:30.6550 AM,.0002
Auth Check,P203,read,PASS,,Jul 5 2019 10:09:30.6560 AM,Jul 5 2019 10:09:30.6800 AM,.0241
Auth Check,P203,sendCommandChars,PASS,,Jul 5 2019 10:09:30.6820 AM,Jul 5 2019 10:09:30.7210 AM,.0382
Auth Check,P203,read,PASS,,Jul 5 2019 10:09:30.7230 AM,Jul 5 2019 10:09:30.7230 AM,.0002
Auth Check,P203,read,PASS,,Jul 5 2019 10:09:30.7250 AM,Jul 5 2019 10:09:30.7510 AM,.0265
Auth Check,P203,read,PASS,,Jul 5 2019 10:09:30.7540 AM,Jul 5 2019 10:09:30.7800 AM,.0266
Auth Check,P203,sendCommandChars,PASS,,Jul 5 2019 10:09:30.7820 AM,Jul 5 2019 10:09:30.8180 AM,.0361
Auth Check,P203,read,PASS,,Jul 5 2019 10:09:30.8200 AM,Jul 5 2019 10:09:30.8200 AM,.0001
Auth Check,P203,read,PASS,,Jul 5 2019 10:09:30.8220 AM,Jul 5 2019 10:09:30.8510 AM,.0289
Auth Check,P203,read,PASS,,Jul 5 2019 10:09:30.8530 AM,Jul 5 2019 10:09:30.8810 AM,.028
Auth Check,P203,sendCommandChars,PASS,,Jul 5 2019 10:09:30.8820 AM,Jul 5 2019 10:09:30.9180 AM,.0355
Auth Check,P203,read,PASS,,Jul 5 2019 10:09:30.9200 AM,Jul 5 2019 10:09:30.9200 AM,.0002
Auth Check,P203,read,PASS,,Jul 5 2019 10:09:30.9220 AM,Jul 5 2019 10:09:30.9510 AM,.0295
Auth Check,P203,read,PASS,,Jul 5 2019 10:09:30.9530 AM,Jul 5 2019 10:09:30.9810 AM,.0281
Auth Check,P203,sendCommandChars,PASS,,Jul 5 2019 10:09:30.9830 AM,Jul 5 2019 10:09:31.0180 AM,.0356
Auth Check,IOFileHandle,writeCertFile,PASS,,Jul 5 2019 10:09:31.0230 AM,Jul 5 2019 10:09:31.0300 AM,.0063
Auth Check,P203,read,PASS,,Jul 5 2019 10:09:31.1230 AM,Jul 5 2019 10:09:31.1230 AM,.0002
Auth Check,P203,read,PASS,,Jul 5 2019 10:09:31.1250 AM,Jul 5 2019 10:09:31.1520 AM,.0266
Auth Check,P203,sendCommandChars,PASS,,Jul 5 2019 10:09:31.1530 AM,Jul 5 2019 10:09:31.1910 AM,.038
Auth Check,P203,read,PASS,,Jul 5 2019 10:09:31.1950 AM,Jul 5 2019 10:09:31.1950 AM,.0001
Auth Check,P203,read,PASS,,Jul 5 2019 10:09:31.1970 AM,Jul 5 2019 10:09:31.2220 AM,.0252
Auth Check,P203,sendCommandChars,PASS,,Jul 5 2019 10:09:31.2230 AM,Jul 5 2019 10:09:31.2940 AM,.0707
Auth Check,P203,read,PASS,,Jul 5 2019 10:09:31.2970 AM,Jul 5 2019 10:09:31.2970 AM,.0002
Auth Check,P203,read,PASS,,Jul 5 2019 10:09:31.2980 AM,Jul 5 2019 10:09:31.3220 AM,.0238
Auth Check,P203,sendCommandChars,PASS,,Jul 5 2019 10:09:31.3240 AM,Jul 5 2019 10:09:31.3600 AM,.036
Auth Check,P203,read,PASS,,Jul 5 2019 10:09:31.9360 AM,Jul 5 2019 10:09:31.9360 AM,.0002
Auth Check,P203,read,PASS,,Jul 5 2019 10:09:31.9380 AM,Jul 5 2019 10:09:31.9650 AM,.0276
Auth Check,P203,sendCommandChars,PASS,,Jul 5 2019 10:09:31.9670 AM,Jul 5 2019 10:09:32.0330 AM,.0661
Auth Check,P203,read,PASS,,Jul 5 2019 10:09:32.0350 AM,Jul 5 2019 10:09:32.0350 AM,.0001
Auth Check,P203,read,PASS,,Jul 5 2019 10:09:32.0370 AM,Jul 5 2019 10:09:32.0660 AM,.0293
Auth Check,P203,read,PASS,,Jul 5 2019 10:09:32.0680 AM,Jul 5 2019 10:09:32.0940 AM,.0266
Auth Check,P203,sendCommandChars,PASS,,Jul 5 2019 10:09:32.0960 AM,Jul 5 2019 10:09:32.1310 AM,.0346
Auth Check,P203,read,PASS,,Jul 5 2019 10:09:32.1340 AM,Jul 5 2019 10:09:32.1340 AM,.0001
Auth Check,P203,read,PASS,,Jul 5 2019 10:09:32.1350 AM,Jul 5 2019 10:09:32.1560 AM,.0211
Auth Check,P203,sendCommandChars,PASS,,Jul 5 2019 10:09:32.1580 AM,Jul 5 2019 10:09:32.1930 AM,.0357
Auth Check,P203,read,PASS,,Jul 5 2019 10:09:32.1960 AM,Jul 5 2019 10:09:32.1960 AM,.0002
Auth Check,P203,read,PASS,,Jul 5 2019 10:09:32.1970 AM,Jul 5 2019 10:09:32.2270 AM,.0293
Auth Check,P203,read,PASS,,Jul 5 2019 10:09:32.2290 AM,Jul 5 2019 10:09:32.2570 AM,.028
Auth Check,P203,sendCommandChars,PASS,,Jul 5 2019 10:09:32.2580 AM,Jul 5 2019 10:09:32.2930 AM,.0351
Auth Check,P203,read,PASS,,Jul 5 2019 10:09:32.2970 AM,Jul 5 2019 10:09:32.2970 AM,.0002
Auth Check,P203,read,PASS,,Jul 5 2019 10:09:32.2980 AM,Jul 5 2019 10:09:32.3250 AM,.0265
Auth Check,P203,sendCommandChars,PASS,,Jul 5 2019 10:09:32.3260 AM,Jul 5 2019 10:09:32.3620 AM,.0361
Auth Check,P203,read,PASS,,Jul 5 2019 10:09:32.3650 AM,Jul 5 2019 10:09:32.3650 AM,.0002
Auth Check,P203,read,PASS,,Jul 5 2019 10:09:32.3660 AM,Jul 5 2019 10:09:32.3870 AM,.0209
Auth Check,P203,read,PASS,,Jul 5 2019 10:09:32.3890 AM,Jul 5 2019 10:09:32.4170 AM,.0278
Auth Check,P203,sendCommandChars,PASS,,Jul 5 2019 10:09:32.4190 AM,Jul 5 2019 10:09:32.4550 AM,.0361
Auth Check,P203,read,PASS,,Jul 5 2019 10:09:32.4580 AM,Jul 5 2019 10:09:32.4580 AM,.0002
Auth Check,P203,read,PASS,,Jul 5 2019 10:09:32.4590 AM,Jul 5 2019 10:09:32.4880 AM,.0286
Auth Check,P203,read,PASS,,Jul 5 2019 10:09:32.4890 AM,Jul 5 2019 10:09:32.5180 AM,.0283
Auth Check,P203,sendCommandChars,PASS,,Jul 5 2019 10:09:32.5190 AM,Jul 5 2019 10:09:32.5540 AM,.0345
Auth Check,IOFileHandle,writeCertFile,PASS,,Jul 5 2019 10:09:32.5570 AM,Jul 5 2019 10:09:32.5580 AM,.0009
Read MLB SN,IOFileHandle,writeToFile,PASS,,Jul 5 2019 10:09:35.7560 AM,Jul 5 2019 10:09:35.7560 AM,.0002
Read Main FW Version Before DL,IOFileHandle,writeToFile,PASS,,Jul 5 2019 10:09:36.1860 AM,Jul 5 2019 10:09:36.1860 AM,.0002
Program Main FW,IOFileHandle,writeToFile,PASS,,Jul 5 2019 10:09:37.6860 AM,Jul 5 2019 10:09:37.6860 AM,.0002
Program Main FW,IOFileHandle,writeToFile,PASS,,Jul 5 2019 10:10:44.7890 AM,Jul 5 2019 10:10:44.7890 AM,.0002
Program Main FW,rpcCall,RPCSendAndGet,PASS,,Jul 5 2019 10:10:48.2360 AM,Jul 5 2019 10:10:48.2430 AM,.0068
Program Main FW,rpcCall,RPCSendAndGet,PASS,,Jul 5 2019 10:10:49.3110 AM,Jul 5 2019 10:10:49.3180 AM,.0068
Program Main FW,rpcCall,RPCSendAndGet,PASS,,Jul 5 2019 10:10:52.3910 AM,Jul 5 2019 10:10:52.3980 AM,.0068
Program Main FW,rpcCall,RPCSendAndGet,PASS,,Jul 5 2019 10:10:53.4750 AM,Jul 5 2019 10:10:53.4820 AM,.007
Read Main FW Version After DL,IOFileHandle,writeToFile,PASS,,Jul 5 2019 10:10:56.5910 AM,Jul 5 2019 10:10:56.5910 AM,.0001
Read Main FW Version After DL,IOFileHandle,writeToFile,PASS,,Jul 5 2019 10:10:57.2030 AM,Jul 5 2019 10:10:57.2030 AM,.0002
Read Main FW Version After DL,IOFileHandle,writeToFile,PASS,,Jul 5 2019 10:10:57.8230 AM,Jul 5 2019 10:10:57.8630 AM,.0403
