Related Test,Type,Name,Value
9. INIT,Device,DIAGS_VERSION,6J32i
9. INIT,Device,BOARD_REV,0x0F
9. INIT,Device,BOARD_ID,0x28
9. INIT,Device,DIAGS_BUILD_TIMESTAMP,2019/11/20 00:13:40
9. INIT,Device,MLBSN,FN694430XVBN6X616
11. INIT,Device,CHIPID,8006
11. INIT,Device,PMU_ID0_MASKREV,0x01
11. INIT,Device,SOC_PROP_FUSE_REV,9
11. INIT,Device,PMU_ID2_PLATFORMID,0x11
11. INIT,Device,SOC_PROP_REVISION,B1
11. INIT,Device,PMU_ID1_TRIMREV,0x09
11. INIT,Device,CHIPVER,11.0
11. INIT,Device,SOC_PROP_PRODUCTION_MODE,0
14. INIT,Device,UNIT_SN,N0G72YP765
16. Process,Device,softwarename,1.18.0
16. Process,Device,serialnumber,N0G72YP765
16. Process,Device,softwareversion,PreEVT_0114_1530_V1.13
16. Process,Device,limitsversion,1
20. INIT,Device,config,JSX-G66a-a
20. INIT,Device,MLB_CFG_APPENED,"X1818S/PROTO1/K51P,JSX-G66a-a"
20. INIT,Device,S_BUILD,FA1S-PROTO1_JSX-G66A-A
20. INIT,Device,PRSq,0x01050001 0x00000000 0x00000000 0x00000000
20. INIT,Device,CLBG,0x00000001 0x00000000 0x00000000 0x00000001
20. INIT,Device,CLHS,0x00000001 0x00000000 0x00000000 0x00000002
20. INIT,Device,EnMt,0x00000001 0x00000000 0x00000000 0x00000001
20. INIT,Device,LsBT,0x001002A5 0x00000004 0x00000002 0x00000000
20. INIT,Device,BGMt,0x00000001 0x00000000 0x00000000 0x00000001
20. INIT,Device,CCAL,0x00000004 0x41059F64 0x412D7CF2 0xB89F2E2E 0x421A46AC 0x3ED2035F 0x40FEE22C 0x412F0795 0xBA01AEED 0x40A9A794 0x3EE673A5 
22. TRISTAR,Device,TRISTAR_ESN,CA4FDE080E49BC01
29. IMU,Device,ACCEL_MANU_ID,0x00E4
30. IMU,Device,IMU_MANU_ID,0x00E4
30. IMU,Device,IMU_ASIC_ID,0x104B399414EE
30. IMU,Device,IMU_REV_ID,0x10
30. IMU,Device,IMU_CHIP_ID,0x0C
30. IMU,Device,IMU_MEMS_ID,0x000000000000
36. PRESSURE,Device,PRESSURE_CHIP_ID,0x5D
37. COMPASS,Device,COMPASS_CHIP_ID,0x40
39. CODEC,Device,ARDMORE_CHIP_ID_HI,0x24
39. CODEC,Device,ARDMORE_CHIP_ID_LO,0x81
44. RADIO,Device,GPS_FIRMWARE_VERSION,0x74775B0
