Related Test,Name-1,Name-2,Name-3,Status,Info,Measurement,Units,Upper Limit,Lower Limit,Relaxed Upper Limit,Relaxed Lower Limit,Limit Units,Start Time,End Time,Duration (s)
1. Process,,,,,,,,,,,,,Jan 14 2020 7:28:02.0460 PM,Jan 14 2020 7:28:02.0840 PM,.0376
1. Process,Copy TestPlan To LogDir,Copy TestPlan To LogDir,,PASS,,,,,,,,,Jan 14 2020 7:28:02.0540 PM,Jan 14 2020 7:28:02.0540 PM,0
1. Process,Copy TestPlan To LogDir,Copy rushFile To Folder,cp -r /Users/gdlocal/Library/Atlas/Sequences /vault/Atlas/Hyperion/Unit_1_F79462/AtlasLogs,PASS,,,,,,,,,Jan 14 2020 7:28:02.0560 PM,Jan 14 2020 7:28:02.0680 PM,.0119
1. Process,Copy TestPlan To LogDir,Copy CSVFile To Folder,cp -r /Users/gdlocal/Library/Atlas/Resources /vault/Atlas/Hyperion/Unit_1_F79462/AtlasLogs,PASS,,,,,,,,,Jan 14 2020 7:28:02.0700 PM,Jan 14 2020 7:28:02.0830 PM,.0134
2. SPAM,,,,,,,,,,,,,Jan 14 2020 7:28:02.0860 PM,Jan 14 2020 7:28:05.6080 PM,3.522
2. SPAM,FIXTURE_SETUP,Disable SPAM Debug Power,/Users/gdlocal/scripts/spamtool dbgpwroff /dev/cu.usbserial-A507W04C,PASS,,,,,,,,,Jan 14 2020 7:28:03.6000 PM,Jan 14 2020 7:28:03.6000 PM,0
2. SPAM,FIXTURE_SETUP,Delay 2000ms,,PASS,,,,,,,,,Jan 14 2020 7:28:03.6030 PM,Jan 14 2020 7:28:03.6030 PM,0
3. INIT,,,,,,,,,,,,,Jan 14 2020 7:28:05.6110 PM,Jan 14 2020 7:28:05.8800 PM,.2697
3. INIT,CONSOLE_SETTING,Delay 100ms,,PASS,,,,,,,,,Jan 14 2020 7:28:05.6150 PM,Jan 14 2020 7:28:05.6150 PM,0
3. INIT,CONSOLE_SETTING,EFIDut,open,PASS,,,,,,,,,Jan 14 2020 7:28:05.7210 PM,Jan 14 2020 7:28:05.7910 PM,.0701
3. INIT,CONSOLE_SETTING,EFIDut,syncCmdResp,PASS,,,,,,,,,Jan 14 2020 7:28:05.7950 PM,Jan 14 2020 7:28:05.8350 PM,.0409
3. INIT,CONSOLE_SETTING,Disable consoleformat color,[EFIDut] consoleformat --sink serial --dis --o color,PASS,,,,,,,,,Jan 14 2020 7:28:05.8390 PM,Jan 14 2020 7:28:05.8790 PM,.0403
4. FIXTURE,,,,,,,,,,,,,Jan 14 2020 7:28:05.8820 PM,Jan 14 2020 7:28:08.5040 PM,2.6219
4. FIXTURE,FIXTURE_SETUP-2,Fixture,changeDelimiter,PASS,,,,,,,,,Jan 14 2020 7:28:05.8860 PM,Jan 14 2020 7:28:05.8860 PM,0
4. FIXTURE,FIXTURE_SETUP-2,Fixture,changeLineTerminator,PASS,,,,,,,,,Jan 14 2020 7:28:05.8870 PM,Jan 14 2020 7:28:05.8870 PM,0
4. FIXTURE,FIXTURE_SETUP-2,Fixture,open,PASS,,,,,,,,,Jan 14 2020 7:28:05.8890 PM,Jan 14 2020 7:28:05.9170 PM,.0278
4. FIXTURE,FIXTURE_SETUP-2,Fixture,read,PASS,,,,,,,,,Jan 14 2020 7:28:05.9190 PM,Jan 14 2020 7:28:05.9400 PM,.021
4. FIXTURE,FIXTURE_SETUP-2,Fixture Reset,[Fixture] Reset,PASS,,,,,,,,,Jan 14 2020 7:28:06.1490 PM,Jan 14 2020 7:28:08.3590 PM,2.2103
4. FIXTURE,FIXTURE_SETUP-2,Fixture speaker module on,[Fixture] Push Cy on,PASS,,,,,,,,,Jan 14 2020 7:28:08.3630 PM,Jan 14 2020 7:28:08.5030 PM,.1402
5. Process,,,,,,,,,,,,,Jan 14 2020 7:28:08.5060 PM,Jan 14 2020 7:28:08.5620 PM,.0555
5. Process,Set RTC,Set 'time' with value '20200114112808',,PASS,,,,,,,,,Jan 14 2020 7:28:08.5150 PM,Jan 14 2020 7:28:08.5150 PM,0
5. Process,Set RTC,Set RTC,[EFIDut] rtc --set 20200114112808,PASS,,,,,,,,,Jan 14 2020 7:28:08.5180 PM,Jan 14 2020 7:28:08.5600 PM,.0425
6. INIT,,,,,,,,,,,,,Jan 14 2020 7:28:08.5640 PM,Jan 14 2020 7:28:08.7040 PM,.141
6. INIT,ALIAS_SETTING,Alias Setting,[EFIDut] script radios.txt,PASS,,,,,,,,,Jan 14 2020 7:28:08.5660 PM,Jan 14 2020 7:28:08.7030 PM,.1371
7. INIT,,,,,,,,,,,,,Jan 14 2020 7:28:08.7060 PM,Jan 14 2020 7:28:08.7360 PM,.03
7. INIT,GET_SW_INFO,Turn off thermal monitor,[EFIDut] thermalmonitor --off,PASS,,,,,,,,,Jan 14 2020 7:28:08.7090 PM,Jan 14 2020 7:28:08.7350 PM,.0262
8. INIT,,,,,,,,,,,,,Jan 14 2020 7:28:08.7380 PM,Jan 14 2020 7:28:09.1890 PM,.4507
8. INIT,SPAM_SETTING,Turn off Spam device,[EFIDut] device -k Spam -e init;device -k Spam -e stop,PASS,,,,,,,,,Jan 14 2020 7:28:08.7410 PM,Jan 14 2020 7:28:09.1870 PM,.4467
9. INIT,,,,,,,,,,,,,Jan 14 2020 7:28:09.1900 PM,Jan 14 2020 7:28:11.4780 PM,2.2879
9. INIT,GET_SW_INFO_1,Delay 2000ms,,PASS,,,,,,,,,Jan 14 2020 7:28:09.1920 PM,Jan 14 2020 7:28:09.1920 PM,0
9. INIT,GET_SW_INFO_1,Read EFI Diags Version,[EFIDut] version,PASS,,,,,,,,,Jan 14 2020 7:28:11.1970 PM,Jan 14 2020 7:28:11.2560 PM,.059
9. INIT,GET_SW_INFO_1,DIAGS_VERSION,,PASS,,,,,,,,,Jan 14 2020 7:28:11.2590 PM,Jan 14 2020 7:28:11.2590 PM,0
9. INIT,GET_SW_INFO_1,DIAGS_BUILD_TIMESTAMP,,PASS,,,,,,,,,Jan 14 2020 7:28:11.2620 PM,Jan 14 2020 7:28:11.2620 PM,0
9. INIT,GET_SW_INFO_1,Read Software Info,[EFIDut] blockdevice,PASS,,,,,,,,,Jan 14 2020 7:28:11.2640 PM,Jan 14 2020 7:28:11.3630 PM,.0983
9. INIT,GET_SW_INFO_1,BLOCK_DEVICE,,PASS,,,,,,,,,Jan 14 2020 7:28:11.3660 PM,Jan 14 2020 7:28:11.3660 PM,0
9. INIT,GET_SW_INFO_1,Read MLB Serial Number,[EFIDut] syscfg print MLB#,PASS,,,,,,,,,Jan 14 2020 7:28:11.3690 PM,Jan 14 2020 7:28:11.4110 PM,.0415
9. INIT,GET_SW_INFO_1,MLBSN,,PASS,,,,,,,,,Jan 14 2020 7:28:11.4140 PM,Jan 14 2020 7:28:11.4140 PM,0
9. INIT,GET_SW_INFO_1,Read MLB Board REV,[EFIDut] boardrev,PASS,,,,,,,,,Jan 14 2020 7:28:11.4170 PM,Jan 14 2020 7:28:11.4430 PM,.0255
9. INIT,GET_SW_INFO_1,BOARD_REV,,PASS,,,,,,,,,Jan 14 2020 7:28:11.4460 PM,Jan 14 2020 7:28:11.4460 PM,0
9. INIT,GET_SW_INFO_1,Read MLB Board ID,[EFIDut] boardid,PASS,,,,,,,,,Jan 14 2020 7:28:11.4490 PM,Jan 14 2020 7:28:11.4740 PM,.0256
9. INIT,GET_SW_INFO_1,BOARD_ID,,PASS,,,,,,,,,Jan 14 2020 7:28:11.4780 PM,Jan 14 2020 7:28:11.4780 PM,0
10. INIT,,,,,,,,,,,,,Jan 14 2020 7:28:11.4810 PM,Jan 14 2020 7:28:11.4830 PM,.0026
10. INIT,GET_INFO,Set DUT type -N140S,,PASS,,,,,,,,,Jan 14 2020 7:28:11.4830 PM,Jan 14 2020 7:28:11.4830 PM,0
11. INIT,,,,,,,,,,,,,Jan 14 2020 7:28:11.4850 PM,Jan 14 2020 7:28:11.8830 PM,.3981
11. INIT,GET_COMP_INFO,Read SOC Properties,[EFIDut] soc -p,PASS,,,,,,,,,Jan 14 2020 7:28:11.4880 PM,Jan 14 2020 7:28:11.6200 PM,.1326
11. INIT,GET_COMP_INFO,SOC_PROP_FUSE_REV,,PASS,,,,,,,,,Jan 14 2020 7:28:11.6240 PM,Jan 14 2020 7:28:11.6240 PM,0
11. INIT,GET_COMP_INFO,SOC_PROP_PRODUCTION_MODE,,PASS,,,,,,,,,Jan 14 2020 7:28:11.6270 PM,Jan 14 2020 7:28:11.6270 PM,0
11. INIT,GET_COMP_INFO,SOC_PROP_REVISION,,PASS,,,,,,,,,Jan 14 2020 7:28:11.6300 PM,Jan 14 2020 7:28:11.6300 PM,0
11. INIT,GET_COMP_INFO,Read SOC Chip ID,[EFIDut] chipid,PASS,,,,,,,,,Jan 14 2020 7:28:11.6320 PM,Jan 14 2020 7:28:11.6820 PM,.0498
11. INIT,GET_COMP_INFO,CHIPID,,PASS,,,,,,,,,Jan 14 2020 7:28:11.6860 PM,Jan 14 2020 7:28:11.6860 PM,0
11. INIT,GET_COMP_INFO,CHIPVER,,PASS,,,,,,,,,Jan 14 2020 7:28:11.6890 PM,Jan 14 2020 7:28:11.6890 PM,0
11. INIT,GET_COMP_INFO,Read SOC Bin Data,[EFIDut] soc -p list-perf-state,PASS,,,,,,,,,Jan 14 2020 7:28:11.6920 PM,Jan 14 2020 7:28:11.8280 PM,.1363
11. INIT,GET_COMP_INFO,SOC_BIN_VOLTAGE_0,,PASS,,622,NA,,,,,,Jan 14 2020 7:28:11.8320 PM,Jan 14 2020 7:28:11.8320 PM,0
11. INIT,GET_COMP_INFO,Read PMU ID Registers,[EFIDut] pmureg -r 0 0x00 3,PASS,,,,,,,,,Jan 14 2020 7:28:11.8350 PM,Jan 14 2020 7:28:11.8730 PM,.0377
11. INIT,GET_COMP_INFO,PMU_ID0_MASKREV,,PASS,,,,,,,,,Jan 14 2020 7:28:11.8770 PM,Jan 14 2020 7:28:11.8770 PM,0
11. INIT,GET_COMP_INFO,PMU_ID1_TRIMREV,,PASS,,,,,,,,,Jan 14 2020 7:28:11.8800 PM,Jan 14 2020 7:28:11.8800 PM,0
11. INIT,GET_COMP_INFO,PMU_ID2_PLATFORMID,,PASS,,,,,,,,,Jan 14 2020 7:28:11.8830 PM,Jan 14 2020 7:28:11.8830 PM,0
12. POWER,,,,,,,,,,,,,Jan 14 2020 7:28:11.8850 PM,Jan 14 2020 7:28:12.2870 PM,.4019
12. POWER,QUIESCE_SYSTEM,Turn OFF General Modules (Codec),[EFIDut] audio -r;audio -f,PASS,,,,,,,,,Jan 14 2020 7:28:11.8880 PM,Jan 14 2020 7:28:12.0510 PM,.1627
12. POWER,QUIESCE_SYSTEM,Turn OFF General Modules (socpdm),[EFIDut] audio -f socpdm;,PASS,,,,,,,,,Jan 14 2020 7:28:12.0540 PM,Jan 14 2020 7:28:12.0930 PM,.0381
12. POWER,QUIESCE_SYSTEM,"Turn OFF Sensors (accel,gyro)","[EFIDut] sensor --sel accel,gyro --turnoff",PASS,,,,,,,,,Jan 14 2020 7:28:12.0960 PM,Jan 14 2020 7:28:12.1960 PM,.1001
12. POWER,QUIESCE_SYSTEM,Turn OFF Sensors (lisa),[EFIDut] sensor --sel lisa --turnoff,PASS,,,,,,,,,Jan 14 2020 7:28:12.2000 PM,Jan 14 2020 7:28:12.2420 PM,.0425
12. POWER,QUIESCE_SYSTEM,Turn OFF Sensors (platinum),[EFIDut] sensor --sel platinum --turnoff,PASS,,,,,,,,,Jan 14 2020 7:28:12.2460 PM,Jan 14 2020 7:28:12.2860 PM,.0401
13. INIT,,,,,,,,,,,,,Jan 14 2020 7:28:12.2890 PM,Jan 14 2020 7:28:12.4630 PM,.1736
13. INIT,QUERY_SFC_WRITE_SYSCFG,SFCSupport,getAttributes,PASS,,,,,,,,,Jan 14 2020 7:28:12.2930 PM,Jan 14 2020 7:28:12.3320 PM,.0395
13. INIT,QUERY_SFC_WRITE_SYSCFG,qt_fg_sn,,PASS,,,,,,,,,Jan 14 2020 7:28:12.3330 PM,Jan 14 2020 7:28:12.3330 PM,0
13. INIT,QUERY_SFC_WRITE_SYSCFG,Write SN,[EFIDut] syscfg add SrNm N0G72YP765,PASS,,,,,,,,,Jan 14 2020 7:28:12.3390 PM,Jan 14 2020 7:28:12.4620 PM,.1228
14. INIT,,,,,,,,,,,,,Jan 14 2020 7:28:12.4650 PM,Jan 14 2020 7:28:12.5120 PM,.0478
14. INIT,GET_SYS_INFO,Read Unit Serial Number,[EFIDut] syscfg print SrNm,PASS,,,,,,,,,Jan 14 2020 7:28:12.4680 PM,Jan 14 2020 7:28:12.5060 PM,.0385
14. INIT,GET_SYS_INFO,UNIT_SN,,PASS,,,,,,,,,Jan 14 2020 7:28:12.5090 PM,Jan 14 2020 7:28:12.5090 PM,0
14. INIT,GET_SYS_INFO,The middle of SN#,,PASS,,,,,,,,,Jan 14 2020 7:28:12.5120 PM,Jan 14 2020 7:28:12.5120 PM,0
15. Process,,,,,,,,,,,,,Jan 14 2020 7:28:12.5140 PM,Jan 14 2020 7:28:12.6240 PM,.1096
15. Process,Dut Close,EFIDut,close,PASS,,,,,,,,,Jan 14 2020 7:28:12.5170 PM,Jan 14 2020 7:28:12.5170 PM,.0003
15. Process,Dut Close,Delay 100ms,,PASS,,,,,,,,,Jan 14 2020 7:28:12.5200 PM,Jan 14 2020 7:28:12.5200 PM,0
16. Process,,,,,,,,,,,,,Jan 14 2020 7:28:12.6260 PM,Jan 14 2020 7:28:12.6640 PM,.0388
16. Process,Start Data Reporting,DRCB,StartDataReporting,PASS,,,,,,,,,Jan 14 2020 7:28:12.6360 PM,Jan 14 2020 7:28:12.6630 PM,.0271
17. Process,,,,,,,,,,,,,Jan 14 2020 7:28:12.6660 PM,Jan 14 2020 7:28:13.1260 PM,.4601
17. Process,Start Control Bits,EFIDut,open,PASS,,,,,,,,,Jan 14 2020 7:28:12.6700 PM,Jan 14 2020 7:28:12.7320 PM,.062
17. Process,Start Control Bits,EFIDut,close,PASS,,,,,,,,,Jan 14 2020 7:28:12.7360 PM,Jan 14 2020 7:28:12.7360 PM,.0003
17. Process,Start Control Bits,DRCB,StartControlBits,PASS,,,,,,,,,Jan 14 2020 7:28:12.7410 PM,Jan 14 2020 7:28:13.1250 PM,.3845
18. Process,,,,,,,,,,,,,Jan 14 2020 7:28:13.1280 PM,Jan 14 2020 7:28:13.3440 PM,.2156
18. Process,Dut Open,Delay 100ms,,PASS,,,,,,,,,Jan 14 2020 7:28:13.1300 PM,Jan 14 2020 7:28:13.1300 PM,0
18. Process,Dut Open,EFIDut,open,PASS,,,,,,,,,Jan 14 2020 7:28:13.2380 PM,Jan 14 2020 7:28:13.2990 PM,.0613
18. Process,Dut Open,EFIDut,syncCmdResp,PASS,,,,,,,,,Jan 14 2020 7:28:13.3020 PM,Jan 14 2020 7:28:13.3430 PM,.0404
19. INIT,,,,,,,,,,,,,Jan 14 2020 7:28:13.3460 PM,Jan 14 2020 7:28:13.4580 PM,.1124
19. INIT,GET_MLB_INFO,GET_MLB_INFO,[EFIDut] syscfg print CFG#,PASS,,,,,,,,,Jan 14 2020 7:28:13.3480 PM,Jan 14 2020 7:28:13.4550 PM,.1063
20. INIT,,,,,,,,,,,,,Jan 14 2020 7:28:13.4600 PM,Jan 14 2020 7:28:14.8110 PM,1.3516
20. INIT,QUERY_SFC_WRITE_SYSCFG_1,SFCSupport,getAttributes,PASS,,,,,,,,,Jan 14 2020 7:28:13.4630 PM,Jan 14 2020 7:28:13.4670 PM,.004
20. INIT,QUERY_SFC_WRITE_SYSCFG_1,sbuild,,PASS,,,,,,,,,Jan 14 2020 7:28:13.4680 PM,Jan 14 2020 7:28:13.4680 PM,0
20. INIT,QUERY_SFC_WRITE_SYSCFG_1,SFCSupport,getAttributes-2,PASS,,,,,,,,,Jan 14 2020 7:28:13.4690 PM,Jan 14 2020 7:28:13.4730 PM,.0035
20. INIT,QUERY_SFC_WRITE_SYSCFG_1,config,,PASS,,,,,,,,,Jan 14 2020 7:28:13.4730 PM,Jan 14 2020 7:28:13.4730 PM,0
20. INIT,QUERY_SFC_WRITE_SYSCFG_1,Get Housing Config,,PASS,,,,,,,,,Jan 14 2020 7:28:13.4760 PM,Jan 14 2020 7:28:13.4760 PM,0
20. INIT,QUERY_SFC_WRITE_SYSCFG_1,Read MLB CFG,[EFIDut] syscfg print CFG#,PASS,,,,,,,,,Jan 14 2020 7:28:13.4790 PM,Jan 14 2020 7:28:13.5190 PM,.0391
20. INIT,QUERY_SFC_WRITE_SYSCFG_1,MLB_CFG_INITIAL,,PASS,,,,,,,,,Jan 14 2020 7:28:13.5240 PM,Jan 14 2020 7:28:13.5240 PM,0
20. INIT,QUERY_SFC_WRITE_SYSCFG_1,Append string:config to CFG#,,PASS,,,,,,,,,Jan 14 2020 7:28:13.5240 PM,Jan 14 2020 7:28:13.5240 PM,0
20. INIT,QUERY_SFC_WRITE_SYSCFG_1,Write MLB CFG,"[EFIDut] syscfg add CFG# X1818S/PROTO1/K51P,JSX-G66a-a",PASS,,,,,,,,,Jan 14 2020 7:28:13.5270 PM,Jan 14 2020 7:28:13.5660 PM,.0387
20. INIT,QUERY_SFC_WRITE_SYSCFG_1,Read MLB CFG 2,[EFIDut] syscfg print CFG#,PASS,,,,,,,,,Jan 14 2020 7:28:13.5700 PM,Jan 14 2020 7:28:13.6140 PM,.0433
20. INIT,QUERY_SFC_WRITE_SYSCFG_1,MLB_CFG_APPENED,,PASS,,,,,,,,,Jan 14 2020 7:28:13.6180 PM,Jan 14 2020 7:28:13.6180 PM,0
20. INIT,QUERY_SFC_WRITE_SYSCFG_1,SFCSupport,getAttributes-3,PASS,,,,,,,,,Jan 14 2020 7:28:13.6220 PM,Jan 14 2020 7:28:13.6250 PM,.0032
20. INIT,QUERY_SFC_WRITE_SYSCFG_1,sbuild-2,,PASS,,,,,,,,,Jan 14 2020 7:28:13.6260 PM,Jan 14 2020 7:28:13.6260 PM,0
20. INIT,QUERY_SFC_WRITE_SYSCFG_1,SFCSupport,getAttributes-4,PASS,,,,,,,,,Jan 14 2020 7:28:13.6270 PM,Jan 14 2020 7:28:13.6300 PM,.0035
20. INIT,QUERY_SFC_WRITE_SYSCFG_1,Tigerdmin,,PASS,,,,,,,,,Jan 14 2020 7:28:13.6310 PM,Jan 14 2020 7:28:13.6310 PM,0
20. INIT,QUERY_SFC_WRITE_SYSCFG_1,SFCSupport,getAttributes-5,PASS,,,,,,,,,Jan 14 2020 7:28:13.6320 PM,Jan 14 2020 7:28:13.6370 PM,.0044
20. INIT,QUERY_SFC_WRITE_SYSCFG_1,crowndmin,,PASS,,,,,,,,,Jan 14 2020 7:28:13.6380 PM,Jan 14 2020 7:28:13.6380 PM,0
20. INIT,QUERY_SFC_WRITE_SYSCFG_1,SFCSupport,getAttributes-6,PASS,,,,,,,,,Jan 14 2020 7:28:13.6390 PM,Jan 14 2020 7:28:13.6420 PM,.0033
20. INIT,QUERY_SFC_WRITE_SYSCFG_1,lisadmin,,PASS,,,,,,,,,Jan 14 2020 7:28:13.6430 PM,Jan 14 2020 7:28:13.6430 PM,0
20. INIT,QUERY_SFC_WRITE_SYSCFG_1,SFCSupport,getAttributes-7,PASS,,,,,,,,,Jan 14 2020 7:28:13.6440 PM,Jan 14 2020 7:28:13.6480 PM,.0037
20. INIT,QUERY_SFC_WRITE_SYSCFG_1,housmaterialdmin,,PASS,,,,,,,,,Jan 14 2020 7:28:13.6480 PM,Jan 14 2020 7:28:13.6480 PM,0
20. INIT,QUERY_SFC_WRITE_SYSCFG_1,SFCSupport,getAttributes-8,PASS,,,,,,,,,Jan 14 2020 7:28:13.6500 PM,Jan 14 2020 7:28:13.6530 PM,.0033
20. INIT,QUERY_SFC_WRITE_SYSCFG_1,houscolordmin,,PASS,,,,,,,,,Jan 14 2020 7:28:13.6530 PM,Jan 14 2020 7:28:13.6530 PM,0
20. INIT,QUERY_SFC_WRITE_SYSCFG_1,SFCSupport,getAttributes-9,PASS,,,,,,,,,Jan 14 2020 7:28:13.6550 PM,Jan 14 2020 7:28:13.6590 PM,.0039
20. INIT,QUERY_SFC_WRITE_SYSCFG_1,backcrystalmaterialdmin,,PASS,,,,,,,,,Jan 14 2020 7:28:13.6590 PM,Jan 14 2020 7:28:13.6590 PM,0
20. INIT,QUERY_SFC_WRITE_SYSCFG_1,SFCSupport,getAttributes-10,PASS,,,,,,,,,Jan 14 2020 7:28:13.6600 PM,Jan 14 2020 7:28:13.6640 PM,.0034
20. INIT,QUERY_SFC_WRITE_SYSCFG_1,backcrystalcolordmin,,PASS,,,,,,,,,Jan 14 2020 7:28:13.6640 PM,Jan 14 2020 7:28:13.6640 PM,0
20. INIT,QUERY_SFC_WRITE_SYSCFG_1,Get BART type,,PASS,,,,,,,,,Jan 14 2020 7:28:13.6670 PM,Jan 14 2020 7:28:13.6670 PM,0
20. INIT,QUERY_SFC_WRITE_SYSCFG_1,Get BART type - ICT,,PASS,,,,,,,,,Jan 14 2020 7:28:13.6680 PM,Jan 14 2020 7:28:13.6680 PM,0
20. INIT,QUERY_SFC_WRITE_SYSCFG_1,Get Lisa Dmin,,PASS,,,,,,,,,Jan 14 2020 7:28:13.6680 PM,Jan 14 2020 7:28:13.6680 PM,0
20. INIT,QUERY_SFC_WRITE_SYSCFG_1,Append string:lisadmin to crowndmin,,PASS,,,,,,,,,Jan 14 2020 7:28:13.6680 PM,Jan 14 2020 7:28:13.6680 PM,0
20. INIT,QUERY_SFC_WRITE_SYSCFG_1,Write LsBT,[EFIDut] syscfg add LsBT 0x001002A5 0x00000004 0x00000002 0x00000000,PASS,,,,,,,,,Jan 14 2020 7:28:13.6720 PM,Jan 14 2020 7:28:13.7570 PM,.0856
20. INIT,QUERY_SFC_WRITE_SYSCFG_1,Read LsBT,[EFIDut] syscfg print LsBT,PASS,,,,,,,,,Jan 14 2020 7:28:13.7610 PM,Jan 14 2020 7:28:13.8030 PM,.0421
20. INIT,QUERY_SFC_WRITE_SYSCFG_1,LsBT,,PASS,,,,,,,,,Jan 14 2020 7:28:13.8060 PM,Jan 14 2020 7:28:13.8060 PM,0
20. INIT,QUERY_SFC_WRITE_SYSCFG_1,EnMt,,PASS,,,,,,,,,Jan 14 2020 7:28:13.8090 PM,Jan 14 2020 7:28:13.8090 PM,0
20. INIT,QUERY_SFC_WRITE_SYSCFG_1,Write EnMt,[EFIDut] syscfg add EnMt 0x00000001 0x00000000 0x00000000 0x00000001,PASS,,,,,,,,,Jan 14 2020 7:28:13.8120 PM,Jan 14 2020 7:28:14.0110 PM,.1986
20. INIT,QUERY_SFC_WRITE_SYSCFG_1,Read EnMt,[EFIDut] syscfg print EnMt,PASS,,,,,,,,,Jan 14 2020 7:28:14.0140 PM,Jan 14 2020 7:28:14.0580 PM,.0442
20. INIT,QUERY_SFC_WRITE_SYSCFG_1,ENMT_SYSCFG_VALUE,,PASS,,,,,,,,,Jan 14 2020 7:28:14.0620 PM,Jan 14 2020 7:28:14.0620 PM,0
20. INIT,QUERY_SFC_WRITE_SYSCFG_1,ENMT_SYSCFG_VALUE_Compare,,PASS,,,,,,,,,Jan 14 2020 7:28:14.0640 PM,Jan 14 2020 7:28:14.0640 PM,0
20. INIT,QUERY_SFC_WRITE_SYSCFG_1,CLHS,,PASS,,,,,,,,,Jan 14 2020 7:28:14.0670 PM,Jan 14 2020 7:28:14.0670 PM,0
20. INIT,QUERY_SFC_WRITE_SYSCFG_1,Write CLHS,[EFIDut] syscfg add CLHS 0x00000001 0x00000000 0x00000000 0x00000002,PASS,,,,,,,,,Jan 14 2020 7:28:14.0700 PM,Jan 14 2020 7:28:14.2500 PM,.1803
20. INIT,QUERY_SFC_WRITE_SYSCFG_1,Read CLHS,[EFIDut] syscfg print CLHS,PASS,,,,,,,,,Jan 14 2020 7:28:14.2540 PM,Jan 14 2020 7:28:14.2970 PM,.0433
20. INIT,QUERY_SFC_WRITE_SYSCFG_1,CLHS_SYSCFG_VALUE,,PASS,,,,,,,,,Jan 14 2020 7:28:14.3010 PM,Jan 14 2020 7:28:14.3010 PM,0
20. INIT,QUERY_SFC_WRITE_SYSCFG_1,CLHS_SYSCFG_VALUE_Compare,,PASS,,,,,,,,,Jan 14 2020 7:28:14.3030 PM,Jan 14 2020 7:28:14.3030 PM,0
20. INIT,QUERY_SFC_WRITE_SYSCFG_1,SFCSupport,getAttributes-11,PASS,,,,,,,,,Jan 14 2020 7:28:14.3060 PM,Jan 14 2020 7:28:14.3100 PM,.0033
20. INIT,QUERY_SFC_WRITE_SYSCFG_1,BGMt,,PASS,,,,,,,,,Jan 14 2020 7:28:14.3110 PM,Jan 14 2020 7:28:14.3110 PM,0
20. INIT,QUERY_SFC_WRITE_SYSCFG_1,Write BGMt,[EFIDut] syscfg add BGMt 0x00000001 0x00000000 0x00000000 0x00000001,PASS,,,,,,,,,Jan 14 2020 7:28:14.3140 PM,Jan 14 2020 7:28:14.3930 PM,.0791
20. INIT,QUERY_SFC_WRITE_SYSCFG_1,Read BGMt,[EFIDut] syscfg print BGMt,PASS,,,,,,,,,Jan 14 2020 7:28:14.3970 PM,Jan 14 2020 7:28:14.4390 PM,.042
20. INIT,QUERY_SFC_WRITE_SYSCFG_1,BGMT_SYSCFG_VALUE,,PASS,,,,,,,,,Jan 14 2020 7:28:14.4420 PM,Jan 14 2020 7:28:14.4420 PM,0
20. INIT,QUERY_SFC_WRITE_SYSCFG_1,BGMT_SYSCFG_VALUE_Compare,,PASS,,,,,,,,,Jan 14 2020 7:28:14.4450 PM,Jan 14 2020 7:28:14.4450 PM,0
20. INIT,QUERY_SFC_WRITE_SYSCFG_1,CLBG,,PASS,,,,,,,,,Jan 14 2020 7:28:14.4470 PM,Jan 14 2020 7:28:14.4470 PM,0
20. INIT,QUERY_SFC_WRITE_SYSCFG_1,Write CLBG,[EFIDut] syscfg add CLBG 0x00000001 0x00000000 0x00000000 0x00000001,PASS,,,,,,,,,Jan 14 2020 7:28:14.4500 PM,Jan 14 2020 7:28:14.5350 PM,.0845
20. INIT,QUERY_SFC_WRITE_SYSCFG_1,Read CLBG,[EFIDut] syscfg print CLBG,PASS,,,,,,,,,Jan 14 2020 7:28:14.5380 PM,Jan 14 2020 7:28:14.5830 PM,.0444
20. INIT,QUERY_SFC_WRITE_SYSCFG_1,CLBG_SYSCFG_VALUE,,PASS,,,,,,,,,Jan 14 2020 7:28:14.5860 PM,Jan 14 2020 7:28:14.5860 PM,0
20. INIT,QUERY_SFC_WRITE_SYSCFG_1,CLBG_SYSCFG_VALUE_Compare,,PASS,,,,,,,,,Jan 14 2020 7:28:14.5890 PM,Jan 14 2020 7:28:14.5890 PM,0
20. INIT,QUERY_SFC_WRITE_SYSCFG_1,Read CCal,[EFIDut] syscfg print CCal,PASS,,,,,,,,,Jan 14 2020 7:28:14.5920 PM,Jan 14 2020 7:28:14.6480 PM,.056
20. INIT,QUERY_SFC_WRITE_SYSCFG_1,CCAL,,PASS,,,,,,,,,Jan 14 2020 7:28:14.6510 PM,Jan 14 2020 7:28:14.6510 PM,0
20. INIT,QUERY_SFC_WRITE_SYSCFG_1,Write PRSq,[EFIDut] syscfg add PRSq 0x01050001,PASS,,,,,,,,,Jan 14 2020 7:28:14.6540 PM,Jan 14 2020 7:28:14.7590 PM,.1055
20. INIT,QUERY_SFC_WRITE_SYSCFG_1,Read PRSq,[EFIDut] syscfg print PRSq,PASS,,,,,,,,,Jan 14 2020 7:28:14.7630 PM,Jan 14 2020 7:28:14.8070 PM,.0444
20. INIT,QUERY_SFC_WRITE_SYSCFG_1,PRSq,,PASS,,,,,,,,,Jan 14 2020 7:28:14.8110 PM,Jan 14 2020 7:28:14.8110 PM,0
21. FIXTURE,,,,,,,,,,,,,Jan 14 2020 7:28:14.8160 PM,Jan 14 2020 7:28:17.9190 PM,3.1029
21. FIXTURE,LISA_INIT,Crown on,[Fixture] Crown on,PASS,,,,,,,,,Jan 14 2020 7:28:14.8190 PM,Jan 14 2020 7:28:17.9180 PM,3.099
22. TRISTAR,,,,,,,,,,,,,Jan 14 2020 7:28:17.9200 PM,Jan 14 2020 7:28:19.4760 PM,1.5553
22. TRISTAR,TRISTAR,EFIDut,close,PASS,,,,,,,,,Jan 14 2020 7:28:17.9230 PM,Jan 14 2020 7:28:17.9230 PM,.0004
22. TRISTAR,TRISTAR,FileParser,JsonParsing,PASS,,,,,,,,,Jan 14 2020 7:28:17.9270 PM,Jan 14 2020 7:28:17.9280 PM,.0006
22. TRISTAR,TRISTAR,EZLink,,PASS,,1,NA,,,,,,Jan 14 2020 7:28:17.9310 PM,Jan 14 2020 7:28:17.9310 PM,0
22. TRISTAR,TRISTAR,EZLink1,EZLink,PASS,,,,,,,,,Jan 14 2020 7:28:17.9310 PM,Jan 14 2020 7:28:19.1280 PM,1.1973
22. TRISTAR,TRISTAR,Tristar Provision,,PASS,,,,,,,,,Jan 14 2020 7:28:19.1300 PM,Jan 14 2020 7:28:19.1300 PM,0
22. TRISTAR,TRISTAR,EFIDut,open,PASS,,,,,,,,,Jan 14 2020 7:28:19.1340 PM,Jan 14 2020 7:28:19.1900 PM,.0567
22. TRISTAR,TRISTAR,Tristar ESN,[EFIDut] tristar --esn,PASS,,,,,,,,,Jan 14 2020 7:28:19.1940 PM,Jan 14 2020 7:28:19.4290 PM,.2351
22. TRISTAR,TRISTAR,TRISTAR_ESN,,PASS,,,,,,,,,Jan 14 2020 7:28:19.4320 PM,Jan 14 2020 7:28:19.4320 PM,0
22. TRISTAR,TRISTAR,clear the debug interrupt,[EFIDut] tristar -r '0x0d',PASS,,,,,,,,,Jan 14 2020 7:28:19.4350 PM,Jan 14 2020 7:28:19.4750 PM,.0392
23. LISA,,,,,,,,,,,,,Jan 14 2020 7:28:19.4780 PM,Jan 14 2020 7:28:20.4950 PM,1.0178
23. LISA,LISA_INIT-2,Initialize Bonn,[EFIDut] sensor --sel lisa --init,PASS,,,,,,,,,Jan 14 2020 7:28:19.4800 PM,Jan 14 2020 7:28:19.5300 PM,.0498
23. LISA,LISA_INIT-2,SENSOR_LISA_INIT_STATUS,,PASS,,,,,,,,,Jan 14 2020 7:28:19.5340 PM,Jan 14 2020 7:28:19.5340 PM,0
23. LISA,LISA_INIT-2,Get lisa Info,[EFIDut] sensor --sel lisa -g,PASS,,,,,,,,,Jan 14 2020 7:28:19.5360 PM,Jan 14 2020 7:28:19.6900 PM,.1534
23. LISA,LISA_INIT-2,RTP_FW,,PASS,,,,,,,,,Jan 14 2020 7:28:19.6930 PM,Jan 14 2020 7:28:19.6930 PM,0
23. LISA,LISA_INIT-2,Set Lisa to HW Mode,[EFIDut] sensor --sel lisa --set hw-mode true,PASS,,,,,,,,,Jan 14 2020 7:28:19.6960 PM,Jan 14 2020 7:28:19.7330 PM,.0372
23. LISA,LISA_INIT-2,Bonn Chip ID,[EFIDut] sensorreg --sel lisa --read 0x00,PASS,,,,,,,,,Jan 14 2020 7:28:19.7370 PM,Jan 14 2020 7:28:19.7740 PM,.0374
23. LISA,LISA_INIT-2,SENSOR_LISA_BONN_CHIP_ID,,PASS,,169,NA,,,,,NA,Jan 14 2020 7:28:19.7780 PM,Jan 14 2020 7:28:19.7780 PM,0
23. LISA,LISA_INIT-2,Bonn Connectivity Test,[EFIDut] sensor --sel lisa --conntest,PASS,,,,,,,,,Jan 14 2020 7:28:19.7810 PM,Jan 14 2020 7:28:19.8260 PM,.0456
23. LISA,LISA_INIT-2,SENSOR_LISA_CONNTEST_SPI,,PASS,,,,,,,,,Jan 14 2020 7:28:19.8300 PM,Jan 14 2020 7:28:19.8300 PM,0
23. LISA,LISA_INIT-2,SENSOR_LISA_CONNTEST_RST,,PASS,,,,,,,,,Jan 14 2020 7:28:19.8330 PM,Jan 14 2020 7:28:19.8330 PM,0
23. LISA,LISA_INIT-2,"Disable HW mode, also turns Bonn off.",[EFIDut] sensor --sel lisa --set hw-mode false,PASS,,,,,,,,,Jan 14 2020 7:28:19.8360 PM,Jan 14 2020 7:28:19.8810 PM,.0456
23. LISA,LISA_INIT-2,Lisa Selftest,[EFIDut] sensor --sel lisa --exectest selftest,PASS,,,,,,,,,Jan 14 2020 7:28:19.8850 PM,Jan 14 2020 7:28:19.9320 PM,.0471
23. LISA,LISA_INIT-2,SENSOR_LISA_SELFTEST_STATUS,,PASS,,,,,,,,,Jan 14 2020 7:28:19.9350 PM,Jan 14 2020 7:28:19.9350 PM,0
23. LISA,LISA_INIT-2,Turn off Lisa,[EFIDut] sensor --sel lisa --turnoff,PASS,,,,,,,,,Jan 14 2020 7:28:19.9380 PM,Jan 14 2020 7:28:19.9780 PM,.0396
23. LISA,LISA_INIT-2,Run Smokey script for Lisa,"[EFIDut] smokeyshell -r;smokeyshell -f ""nandfs:\AppleInternal\Diags\Logs\Smokey\Lisa\N140\Main.lua"" -e ""initLisa([[4]])""",PASS,,,,,,,,,Jan 14 2020 7:28:19.9840 PM,Jan 14 2020 7:28:20.4940 PM,.5102
24. FIXTURE,,,,,,,,,,,,,Jan 14 2020 7:28:20.4980 PM,Jan 14 2020 7:28:20.7160 PM,.218
24. FIXTURE,LISA_FORWARD,Start crown rotating forward,[Fixture] Crown forward,PASS,,,,,,,,,Jan 14 2020 7:28:20.5010 PM,Jan 14 2020 7:28:20.7150 PM,.2142
25. LISA,,,,,,,,,,,,,Jan 14 2020 7:28:20.7180 PM,Jan 14 2020 7:28:27.2570 PM,6.5397
25. LISA,LISA_FORWARD-USBFS,Make folder,[EFIDut] wait 1500;mkdir nandfs:\AppleInternal\Lisa_data\,PASS,,,,,,,,,Jan 14 2020 7:28:20.7200 PM,Jan 14 2020 7:28:22.2510 PM,1.5307
25. LISA,LISA_FORWARD-USBFS,Set the output log,[EFIDut] filelog --on nandfs:\AppleInternal\Lisa_data\N0G72YP765_FORWARD_RAW.log,PASS,,,,,,,,,Jan 14 2020 7:28:22.2550 PM,Jan 14 2020 7:28:22.2950 PM,.0403
25. LISA,LISA_FORWARD-USBFS,Set consolerouter,[EFIDut] consolerouter --add --src lisa.debug.testdata --dest file,PASS,,,,,,,,,Jan 14 2020 7:28:22.2990 PM,Jan 14 2020 7:28:22.3470 PM,.048
25. LISA,LISA_FORWARD-USBFS,Run Forward Lisa Smokey Script,"[EFIDut] smokeyshell -r;smokeyshell -f ""nandfs:\AppleInternal\Diags\Logs\Smokey\Lisa\N140\Main.lua"" -e ""startLisaTest([[FORWARD]],[[LOG]])""",PASS,,,,,,,,,Jan 14 2020 7:28:22.3510 PM,Jan 14 2020 7:28:26.1980 PM,3.8477
25. LISA,LISA_FORWARD-USBFS,LISA_FORWARD_PD0_LIGHT_MAX,,PASS,,2135,Counts,4000,0.01,,,Counts,Jan 14 2020 7:28:26.2020 PM,Jan 14 2020 7:28:26.2020 PM,0
25. LISA,LISA_FORWARD-USBFS,LISA_FORWARD_PD1_LIGHT_MAX,,PASS,,2241,Counts,4000,0.01,,,Counts,Jan 14 2020 7:28:26.2030 PM,Jan 14 2020 7:28:26.2030 PM,0
25. LISA,LISA_FORWARD-USBFS,LISA_FORWARD_PD2_LIGHT_MAX,,PASS,,2320,Counts,4000,0.01,,,Counts,Jan 14 2020 7:28:26.2030 PM,Jan 14 2020 7:28:26.2030 PM,0
25. LISA,LISA_FORWARD-USBFS,LISA_FORWARD_PD3_LIGHT_MAX,,PASS,,2336,Counts,4000,0.01,,,Counts,Jan 14 2020 7:28:26.2030 PM,Jan 14 2020 7:28:26.2030 PM,0
25. LISA,LISA_FORWARD-USBFS,LISA_FORWARD_PD4_LIGHT_MAX,,PASS,,2385,Counts,4000,0.01,,,Counts,Jan 14 2020 7:28:26.2030 PM,Jan 14 2020 7:28:26.2030 PM,0
25. LISA,LISA_FORWARD-USBFS,LISA_FORWARD_PD5_LIGHT_MAX,,PASS,,2346,Counts,4000,0.01,,,Counts,Jan 14 2020 7:28:26.2040 PM,Jan 14 2020 7:28:26.2040 PM,0
25. LISA,LISA_FORWARD-USBFS,LISA_FORWARD_PD6_LIGHT_MAX,,PASS,,2294,Counts,4000,0.01,,,Counts,Jan 14 2020 7:28:26.2040 PM,Jan 14 2020 7:28:26.2040 PM,0
25. LISA,LISA_FORWARD-USBFS,LISA_FORWARD_PD7_LIGHT_MAX,,PASS,,2247,Counts,4000,0.01,,,Counts,Jan 14 2020 7:28:26.2040 PM,Jan 14 2020 7:28:26.2040 PM,0
25. LISA,LISA_FORWARD-USBFS,LISA_FORWARD_PD0_SPAN,,PASS,,1637,Counts,3500,500,,,Counts,Jan 14 2020 7:28:26.2040 PM,Jan 14 2020 7:28:26.2040 PM,0
25. LISA,LISA_FORWARD-USBFS,LISA_FORWARD_PD1_SPAN,,PASS,,1737,Counts,3500,500,,,Counts,Jan 14 2020 7:28:26.2040 PM,Jan 14 2020 7:28:26.2040 PM,0
25. LISA,LISA_FORWARD-USBFS,LISA_FORWARD_PD2_SPAN,,PASS,,1776,Counts,3500,500,,,Counts,Jan 14 2020 7:28:26.2050 PM,Jan 14 2020 7:28:26.2050 PM,0
25. LISA,LISA_FORWARD-USBFS,LISA_FORWARD_PD3_SPAN,,PASS,,1816,Counts,3500,500,,,Counts,Jan 14 2020 7:28:26.2050 PM,Jan 14 2020 7:28:26.2050 PM,0
25. LISA,LISA_FORWARD-USBFS,LISA_FORWARD_PD4_SPAN,,PASS,,1835,Counts,3500,500,,,Counts,Jan 14 2020 7:28:26.2050 PM,Jan 14 2020 7:28:26.2050 PM,0
25. LISA,LISA_FORWARD-USBFS,LISA_FORWARD_PD5_SPAN,,PASS,,1807,Counts,3500,500,,,Counts,Jan 14 2020 7:28:26.2050 PM,Jan 14 2020 7:28:26.2050 PM,0
25. LISA,LISA_FORWARD-USBFS,LISA_FORWARD_PD6_SPAN,,PASS,,1775,Counts,3500,500,,,Counts,Jan 14 2020 7:28:26.2050 PM,Jan 14 2020 7:28:26.2050 PM,0
25. LISA,LISA_FORWARD-USBFS,LISA_FORWARD_PD7_SPAN,,PASS,,1761,Counts,3500,500,,,Counts,Jan 14 2020 7:28:26.2060 PM,Jan 14 2020 7:28:26.2060 PM,0
25. LISA,LISA_FORWARD-USBFS,LISA_FORWARD_PD_SPAN_MAX,,PASS,,1835,NA,,,,,NA,Jan 14 2020 7:28:26.2060 PM,Jan 14 2020 7:28:26.2060 PM,0
25. LISA,LISA_FORWARD-USBFS,LISA_FORWARD_PD_SPAN_MIN,,PASS,,1637,NA,,,,,NA,Jan 14 2020 7:28:26.2060 PM,Jan 14 2020 7:28:26.2060 PM,0
25. LISA,LISA_FORWARD-USBFS,LISA_FORWARD_SPAN_RATIO,,PASS,,0.8920980926430517,NA,,0.6,,,NA,Jan 14 2020 7:28:26.2070 PM,Jan 14 2020 7:28:26.2070 PM,0
25. LISA,LISA_FORWARD-USBFS,LISA_FORWARD_PD0_DARK_PEAK2PEAK,,PASS,,13,Counts,54,0.01,,,Counts,Jan 14 2020 7:28:26.2070 PM,Jan 14 2020 7:28:26.2070 PM,0
25. LISA,LISA_FORWARD-USBFS,LISA_FORWARD_PD1_DARK_PEAK2PEAK,,PASS,,11,Counts,54,0.01,,,Counts,Jan 14 2020 7:28:26.2070 PM,Jan 14 2020 7:28:26.2070 PM,0
25. LISA,LISA_FORWARD-USBFS,LISA_FORWARD_PD2_DARK_PEAK2PEAK,,PASS,,12,Counts,54,0.01,,,Counts,Jan 14 2020 7:28:26.2070 PM,Jan 14 2020 7:28:26.2070 PM,0
25. LISA,LISA_FORWARD-USBFS,LISA_FORWARD_PD3_DARK_PEAK2PEAK,,PASS,,10,Counts,54,0.01,,,Counts,Jan 14 2020 7:28:26.2070 PM,Jan 14 2020 7:28:26.2070 PM,0
25. LISA,LISA_FORWARD-USBFS,LISA_FORWARD_PD4_DARK_PEAK2PEAK,,PASS,,11,Counts,54,0.01,,,Counts,Jan 14 2020 7:28:26.2080 PM,Jan 14 2020 7:28:26.2080 PM,0
25. LISA,LISA_FORWARD-USBFS,LISA_FORWARD_PD5_DARK_PEAK2PEAK,,PASS,,12,Counts,54,0.01,,,Counts,Jan 14 2020 7:28:26.2080 PM,Jan 14 2020 7:28:26.2080 PM,0
25. LISA,LISA_FORWARD-USBFS,LISA_FORWARD_PD6_DARK_PEAK2PEAK,,PASS,,13,Counts,54,0.01,,,Counts,Jan 14 2020 7:28:26.2080 PM,Jan 14 2020 7:28:26.2080 PM,0
25. LISA,LISA_FORWARD-USBFS,LISA_FORWARD_PD7_DARK_PEAK2PEAK,,PASS,,10,Counts,54,0.01,,,Counts,Jan 14 2020 7:28:26.2080 PM,Jan 14 2020 7:28:26.2080 PM,0
25. LISA,LISA_FORWARD-USBFS,LISA_FORWARD_PD0_LIGHT_PEAK2PEAK,,PASS,,1634,Counts,4000,0.01,,,Counts,Jan 14 2020 7:28:26.2080 PM,Jan 14 2020 7:28:26.2080 PM,0
25. LISA,LISA_FORWARD-USBFS,LISA_FORWARD_PD1_LIGHT_PEAK2PEAK,,PASS,,1735,Counts,4000,0.01,,,Counts,Jan 14 2020 7:28:26.2090 PM,Jan 14 2020 7:28:26.2090 PM,0
25. LISA,LISA_FORWARD-USBFS,LISA_FORWARD_PD2_LIGHT_PEAK2PEAK,,PASS,,1774,Counts,4000,0.01,,,Counts,Jan 14 2020 7:28:26.2090 PM,Jan 14 2020 7:28:26.2090 PM,0
25. LISA,LISA_FORWARD-USBFS,LISA_FORWARD_PD3_LIGHT_PEAK2PEAK,,PASS,,1817,Counts,4000,0.01,,,Counts,Jan 14 2020 7:28:26.2090 PM,Jan 14 2020 7:28:26.2090 PM,0
25. LISA,LISA_FORWARD-USBFS,LISA_FORWARD_PD4_LIGHT_PEAK2PEAK,,PASS,,1833,Counts,4000,0.01,,,Counts,Jan 14 2020 7:28:26.2090 PM,Jan 14 2020 7:28:26.2090 PM,0
25. LISA,LISA_FORWARD-USBFS,LISA_FORWARD_PD5_LIGHT_PEAK2PEAK,,PASS,,1802,Counts,4000,0.01,,,Counts,Jan 14 2020 7:28:26.2090 PM,Jan 14 2020 7:28:26.2090 PM,0
25. LISA,LISA_FORWARD-USBFS,LISA_FORWARD_PD6_LIGHT_PEAK2PEAK,,PASS,,1776,Counts,4000,0.01,,,Counts,Jan 14 2020 7:28:26.2100 PM,Jan 14 2020 7:28:26.2100 PM,0
25. LISA,LISA_FORWARD-USBFS,LISA_FORWARD_PD7_LIGHT_PEAK2PEAK,,PASS,,1759,Counts,4000,0.01,,,Counts,Jan 14 2020 7:28:26.2100 PM,Jan 14 2020 7:28:26.2100 PM,0
25. LISA,LISA_FORWARD-USBFS,LISA_FORWARD_PD0_DARK_AVG,,PASS,,68.32899999999999,NA,200,0.1,,,NA,Jan 14 2020 7:28:26.2100 PM,Jan 14 2020 7:28:26.2100 PM,0
25. LISA,LISA_FORWARD-USBFS,LISA_FORWARD_PD1_DARK_AVG,,PASS,,51.77,NA,200,0.1,,,NA,Jan 14 2020 7:28:26.2100 PM,Jan 14 2020 7:28:26.2100 PM,0
25. LISA,LISA_FORWARD-USBFS,LISA_FORWARD_PD2_DARK_AVG,,PASS,,69.44,NA,200,0.1,,,NA,Jan 14 2020 7:28:26.2110 PM,Jan 14 2020 7:28:26.2110 PM,0
25. LISA,LISA_FORWARD-USBFS,LISA_FORWARD_PD3_DARK_AVG,,PASS,,47.22,NA,200,0.1,,,NA,Jan 14 2020 7:28:26.2110 PM,Jan 14 2020 7:28:26.2110 PM,0
25. LISA,LISA_FORWARD-USBFS,LISA_FORWARD_PD4_DARK_AVG,,PASS,,67.819,NA,200,0.1,,,NA,Jan 14 2020 7:28:26.2110 PM,Jan 14 2020 7:28:26.2110 PM,0
25. LISA,LISA_FORWARD-USBFS,LISA_FORWARD_PD5_DARK_AVG,,PASS,,50.649,NA,200,0.1,,,NA,Jan 14 2020 7:28:26.2110 PM,Jan 14 2020 7:28:26.2110 PM,0
25. LISA,LISA_FORWARD-USBFS,LISA_FORWARD_PD6_DARK_AVG,,PASS,,40.179,NA,200,0.1,,,NA,Jan 14 2020 7:28:26.2110 PM,Jan 14 2020 7:28:26.2110 PM,0
25. LISA,LISA_FORWARD-USBFS,LISA_FORWARD_PD7_DARK_AVG,,PASS,,36.53,NA,200,0.1,,,NA,Jan 14 2020 7:28:26.2120 PM,Jan 14 2020 7:28:26.2120 PM,0
25. LISA,LISA_FORWARD-USBFS,LISA_FORWARD_PD0_DARK_STD,,PASS,,1.74,Counts,10,0.01,,,Counts,Jan 14 2020 7:28:26.2120 PM,Jan 14 2020 7:28:26.2120 PM,0
25. LISA,LISA_FORWARD-USBFS,LISA_FORWARD_PD1_DARK_STD,,PASS,,1.5,Counts,10,0.01,,,Counts,Jan 14 2020 7:28:26.2120 PM,Jan 14 2020 7:28:26.2120 PM,0
25. LISA,LISA_FORWARD-USBFS,LISA_FORWARD_PD2_DARK_STD,,PASS,,1.6,Counts,10,0.01,,,Counts,Jan 14 2020 7:28:26.2120 PM,Jan 14 2020 7:28:26.2120 PM,0
25. LISA,LISA_FORWARD-USBFS,LISA_FORWARD_PD3_DARK_STD,,PASS,,1.409,Counts,10,0.01,,,Counts,Jan 14 2020 7:28:26.2120 PM,Jan 14 2020 7:28:26.2120 PM,0
25. LISA,LISA_FORWARD-USBFS,LISA_FORWARD_PD4_DARK_STD,,PASS,,1.65,Counts,10,0.01,,,Counts,Jan 14 2020 7:28:26.2130 PM,Jan 14 2020 7:28:26.2130 PM,0
25. LISA,LISA_FORWARD-USBFS,LISA_FORWARD_PD5_DARK_STD,,PASS,,1.66,Counts,10,0.01,,,Counts,Jan 14 2020 7:28:26.2130 PM,Jan 14 2020 7:28:26.2130 PM,0
25. LISA,LISA_FORWARD-USBFS,LISA_FORWARD_PD6_DARK_STD,,PASS,,1.59,Counts,10,0.01,,,Counts,Jan 14 2020 7:28:26.2130 PM,Jan 14 2020 7:28:26.2130 PM,0
25. LISA,LISA_FORWARD-USBFS,LISA_FORWARD_PD7_DARK_STD,,PASS,,1.39,Counts,10,0.01,,,Counts,Jan 14 2020 7:28:26.2130 PM,Jan 14 2020 7:28:26.2130 PM,0
25. LISA,LISA_FORWARD-USBFS,LISA_FORWARD_DRX,,PASS,,1.402,NA,3.08,1,,,NA,Jan 14 2020 7:28:26.2140 PM,Jan 14 2020 7:28:26.2140 PM,0
25. LISA,LISA_FORWARD-USBFS,Disable Lisa,"[EFIDut] smokeyshell -r;smokeyshell -f ""nandfs:\AppleInternal\Diags\Logs\Smokey\Lisa\N140\Main.lua"" -e ""DisableLisa()""",PASS,,,,,,,,,Jan 14 2020 7:28:26.2170 PM,Jan 14 2020 7:28:26.4000 PM,.1835
25. LISA,LISA_FORWARD-USBFS,Disable Lisa,[EFIDut] filelog --off,PASS,,,,,,,,,Jan 14 2020 7:28:26.4040 PM,Jan 14 2020 7:28:26.4460 PM,.042
25. LISA,LISA_FORWARD-USBFS,Disable Lisa,[EFIDut] consolerouter --rm --src lisa.debug.testdata --dest file,PASS,,,,,,,,,Jan 14 2020 7:28:26.4490 PM,Jan 14 2020 7:28:26.4980 PM,.0483
25. LISA,LISA_FORWARD-USBFS,Stop crown rorating,[Fixture] Crown Stop,PASS,,,,,,,,,Jan 14 2020 7:28:26.5020 PM,Jan 14 2020 7:28:26.5170 PM,.0154
25. LISA,LISA_FORWARD-USBFS,Init Usbfs,[EFIDut] usbfs --mount,PASS,,,,,,,,,Jan 14 2020 7:28:26.5210 PM,Jan 14 2020 7:28:27.1050 PM,.5842
25. LISA,LISA_FORWARD-USBFS,Copy file to local,[EFIDut] cp -r nandfs:\AppleInternal\Lisa_data\ usbfs:\,PASS,,,,,,,,,Jan 14 2020 7:28:27.1080 PM,Jan 14 2020 7:28:27.2170 PM,.1082
25. LISA,LISA_FORWARD-USBFS,Disable Usbfs,[EFIDut] usbfs --unmount,PASS,,,,,,,,,Jan 14 2020 7:28:27.2210 PM,Jan 14 2020 7:28:27.2480 PM,.0277
25. LISA,LISA_FORWARD-USBFS,Put Data into Insight upload list,,PASS,,,,,,,,,Jan 14 2020 7:28:27.2570 PM,Jan 14 2020 7:28:27.2570 PM,0
26. POWER,,,,,,,,,,,,,Jan 14 2020 7:28:27.2630 PM,Jan 14 2020 7:28:27.3800 PM,.1173
26. POWER,INIT_PMU_READ,Read PMU ADC Values,[EFIDut] pmuadc --read temp2,PASS,,,,,,,,,Jan 14 2020 7:28:27.2660 PM,Jan 14 2020 7:28:27.3290 PM,.0627
26. POWER,INIT_PMU_READ,PMUADC_TEMP_NTC2,,PASS,,9375.5461,NA,15000,3300,,,NA,Jan 14 2020 7:28:27.3340 PM,Jan 14 2020 7:28:27.3340 PM,0
26. POWER,INIT_PMU_READ,Read PMU ADC Values,[EFIDut] pmuadc --read temp4,PASS,,,,,,,,,Jan 14 2020 7:28:27.3370 PM,Jan 14 2020 7:28:27.3760 PM,.0394
26. POWER,INIT_PMU_READ,PMUADC_TEMP_NTC4,,PASS,,9249.3369,NA,15000,3300,,,NA,Jan 14 2020 7:28:27.3800 PM,Jan 14 2020 7:28:27.3800 PM,0
27. IMU,,,,,,,,,,,,,Jan 14 2020 7:28:27.3820 PM,Jan 14 2020 7:28:27.4310 PM,.049
27. IMU,SET_BUBO_PFM,Set SYSTEM_TO_PMU_REQUEST_PWM to low,[EFIDut] socgpio --port 1 --pin 95 --input --nopull; socgpio --port 1 --pin 86 --input --nopull,PASS,,,,,,,,,Jan 14 2020 7:28:27.3850 PM,Jan 14 2020 7:28:27.4300 PM,.0448
28. IMU,,,,,,,,,,,,,Jan 14 2020 7:28:27.4330 PM,Jan 14 2020 7:28:27.7350 PM,.3024
28. IMU,Kobol_INIT,Init Kobol,"[EFIDut] sensor --sel accel,gyro --init",PASS,,,,,,,,,Jan 14 2020 7:28:27.4360 PM,Jan 14 2020 7:28:27.7320 PM,.2961
28. IMU,Kobol_INIT,IMU_INIT_STATUS,,PASS,,,,,,,,,Jan 14 2020 7:28:27.7350 PM,Jan 14 2020 7:28:27.7350 PM,0
29. IMU,,,,,,,,,,,,,Jan 14 2020 7:28:27.7370 PM,Jan 14 2020 7:28:27.8020 PM,.065
29. IMU,IMU_ACCEL_ID,IMU Accel ID Information,[EFIDut] sensor --sel accel --get,PASS,,,,,,,,,Jan 14 2020 7:28:27.7400 PM,Jan 14 2020 7:28:27.7990 PM,.0588
29. IMU,IMU_ACCEL_ID,ACCEL_MANU_ID,,PASS,,,,,,,,,Jan 14 2020 7:28:27.8020 PM,Jan 14 2020 7:28:27.8020 PM,0
30. IMU,,,,,,,,,,,,,Jan 14 2020 7:28:27.8040 PM,Jan 14 2020 7:28:27.8970 PM,.093
30. IMU,Kobol_ACCEL_ID,Evaluate condition: IMU_MANU_ID CONTAINS '0x00E4',,PASS,,,,,,,,,Jan 14 2020 7:28:27.8050 PM,Jan 14 2020 7:28:27.8060 PM,.0001
30. IMU,Kobol_ACCEL_ID,Kobol Accel ID Information,[EFIDut] sensor --sel accel --get,PASS,,,,,,,,,Jan 14 2020 7:28:27.8090 PM,Jan 14 2020 7:28:27.8650 PM,.0558
30. IMU,Kobol_ACCEL_ID,Evaluate condition: IMU_MANU_ID CONTAINS '0x00E4'-2,,PASS,,,,,,,,,Jan 14 2020 7:28:27.8680 PM,Jan 14 2020 7:28:27.8680 PM,.0001
30. IMU,Kobol_ACCEL_ID,IMU_MANU_ID,,PASS,,,,,,,,,Jan 14 2020 7:28:27.8720 PM,Jan 14 2020 7:28:27.8720 PM,0
30. IMU,Kobol_ACCEL_ID,Evaluate condition: IMU_MANU_ID CONTAINS '0x00E4'-3,,PASS,,,,,,,,,Jan 14 2020 7:28:27.8740 PM,Jan 14 2020 7:28:27.8740 PM,0
30. IMU,Kobol_ACCEL_ID,IMU_CHIP_ID,,PASS,,,,,,,,,Jan 14 2020 7:28:27.8780 PM,Jan 14 2020 7:28:27.8780 PM,0
30. IMU,Kobol_ACCEL_ID,Evaluate condition: IMU_MANU_ID CONTAINS '0x00E4'-4,,PASS,,,,,,,,,Jan 14 2020 7:28:27.8800 PM,Jan 14 2020 7:28:27.8800 PM,0
30. IMU,Kobol_ACCEL_ID,IMU_REV_ID,,PASS,,,,,,,,,Jan 14 2020 7:28:27.8840 PM,Jan 14 2020 7:28:27.8840 PM,0
30. IMU,Kobol_ACCEL_ID,Evaluate condition: IMU_MANU_ID CONTAINS '0x00E4'-5,,PASS,,,,,,,,,Jan 14 2020 7:28:27.8860 PM,Jan 14 2020 7:28:27.8860 PM,0
30. IMU,Kobol_ACCEL_ID,IMU_MEMS_ID,,PASS,,,,,,,,,Jan 14 2020 7:28:27.8900 PM,Jan 14 2020 7:28:27.8900 PM,0
30. IMU,Kobol_ACCEL_ID,Evaluate condition: IMU_MANU_ID CONTAINS '0x00E4'-6,,PASS,,,,,,,,,Jan 14 2020 7:28:27.8920 PM,Jan 14 2020 7:28:27.8920 PM,0
30. IMU,Kobol_ACCEL_ID,IMU_ASIC_ID,,PASS,,,,,,,,,Jan 14 2020 7:28:27.8960 PM,Jan 14 2020 7:28:27.8960 PM,0
31. IMU,,,,,,,,,,,,,Jan 14 2020 7:28:27.9000 PM,Jan 14 2020 7:28:28.1640 PM,.2639
31. IMU,Kobol_GYRO_DRIVE_FREQ_MEAS,Evaluate condition: IMU_MANU_ID CONTAINS '0x00E4',,PASS,,,,,,,,,Jan 14 2020 7:28:27.9020 PM,Jan 14 2020 7:28:27.9020 PM,0
31. IMU,Kobol_GYRO_DRIVE_FREQ_MEAS,Measure gyro drive frequency,[EFIDut] sensor -s gyro --exectest drive_freq_measurement,PASS,,,,,,,,,Jan 14 2020 7:28:27.9060 PM,Jan 14 2020 7:28:28.1520 PM,.2463
31. IMU,Kobol_GYRO_DRIVE_FREQ_MEAS,Evaluate condition: IMU_MANU_ID CONTAINS '0x00E4'-2,,PASS,,,,,,,,,Jan 14 2020 7:28:28.1540 PM,Jan 14 2020 7:28:28.1550 PM,0
31. IMU,Kobol_GYRO_DRIVE_FREQ_MEAS,GYRO_Drive_Freq_pos,,PASS,,24.879999,NA,,,,,,Jan 14 2020 7:28:28.1580 PM,Jan 14 2020 7:28:28.1580 PM,0
31. IMU,Kobol_GYRO_DRIVE_FREQ_MEAS,Evaluate condition: IMU_MANU_ID CONTAINS '0x00E4'-3,,PASS,,,,,,,,,Jan 14 2020 7:28:28.1600 PM,Jan 14 2020 7:28:28.1600 PM,0
31. IMU,Kobol_GYRO_DRIVE_FREQ_MEAS,GYRO_Drive_Freq_vel,,PASS,,24.87,NA,,,,,,Jan 14 2020 7:28:28.1630 PM,Jan 14 2020 7:28:28.1630 PM,0
32. IMU,,,,,,,,,,,,,Jan 14 2020 7:28:28.1660 PM,Jan 14 2020 7:28:28.2320 PM,.0666
32. IMU,IMU_Connectivity,Kobol Accel Connectivity,[EFIDut] sensor --sel accel --c,PASS,,,,,,,,,Jan 14 2020 7:28:28.1680 PM,Jan 14 2020 7:28:28.2240 PM,.0552
32. IMU,IMU_Connectivity,ACCEL_INT1_CONN_TEST,,PASS,,,,,,,,,Jan 14 2020 7:28:28.2270 PM,Jan 14 2020 7:28:28.2270 PM,0
32. IMU,IMU_Connectivity,ACCEL_INT2_CONN_TEST,,PASS,,,,,,,,,Jan 14 2020 7:28:28.2320 PM,Jan 14 2020 7:28:28.2320 PM,0
33. IMU,,,,,,,,,,,,,Jan 14 2020 7:28:28.2340 PM,Jan 14 2020 7:28:28.5330 PM,.2991
33. IMU,IMU_OFF,Turnoff IMU,"[EFIDut] sensor --sel accel,gyro --turnoff; wait 200",PASS,,,,,,,,,Jan 14 2020 7:28:28.2370 PM,Jan 14 2020 7:28:28.5320 PM,.2953
34. IMU,,,,,,,,,,,,,Jan 14 2020 7:28:28.5350 PM,Jan 14 2020 7:28:28.9450 PM,.4094
34. IMU,Kobol_ACCEL_SELFTEST,Init Accel,[EFIDut] sensor --sel accel --init,PASS,,,,,,,,,Jan 14 2020 7:28:28.5380 PM,Jan 14 2020 7:28:28.6880 PM,.1504
34. IMU,Kobol_ACCEL_SELFTEST,Kobol Accel Self Test,[EFIDut] sensor --sel accel --exectest selftest,PASS,,,,,,,,,Jan 14 2020 7:28:28.6920 PM,Jan 14 2020 7:28:28.9410 PM,.2482
34. IMU,Kobol_ACCEL_SELFTEST,Kobol_Accel_SelfTest,,PASS,,,,,,,,,Jan 14 2020 7:28:28.9440 PM,Jan 14 2020 7:28:28.9440 PM,0
35. IMU,,,,,,,,,,,,,Jan 14 2020 7:28:28.9460 PM,Jan 14 2020 7:28:30.8550 PM,1.9083
35. IMU,IMU_Combo_LPNM25_BUBO_PFM,Init accelerometer and gyro,"[EFIDut] sensor --sel accel,gyro --init",PASS,,,,,,,,,Jan 14 2020 7:28:28.9490 PM,Jan 14 2020 7:28:29.2430 PM,.294
35. IMU,IMU_Combo_LPNM25_BUBO_PFM,Enter gyro low power mode,[EFIDut] socgpio --port 1 --pin 95 --input --nopull; socgpio --port 1 --pin 86 --input --nopull,PASS,,,,,,,,,Jan 14 2020 7:28:29.2470 PM,Jan 14 2020 7:28:29.2950 PM,.0485
35. IMU,IMU_Combo_LPNM25_BUBO_PFM,Evaluate condition: IMU_MANU_ID CONTAINS '0x00E4',,PASS,,,,,,,,,Jan 14 2020 7:28:29.2980 PM,Jan 14 2020 7:28:29.2980 PM,0
35. IMU,IMU_Combo_LPNM25_BUBO_PFM,Enter gyro low power mode,[EFIDut] sensor --sel gyro --set lpm true,PASS,,,,,,,,,Jan 14 2020 7:28:29.3010 PM,Jan 14 2020 7:28:29.3400 PM,.0389
35. IMU,IMU_Combo_LPNM25_BUBO_PFM,Evaluate condition: IMU_MANU_ID CONTAINS '0x00E4'-2,,PASS,,,,,,,,,Jan 14 2020 7:28:29.3420 PM,Jan 14 2020 7:28:29.3430 PM,0
35. IMU,IMU_Combo_LPNM25_BUBO_PFM,Set gyro LPM duty cycle to 25 percent,[EFIDut] sensor --sel gyro --set lpm_duty_cycle 25,PASS,,,,,,,,,Jan 14 2020 7:28:29.3460 PM,Jan 14 2020 7:28:29.3930 PM,.047
35. IMU,IMU_Combo_LPNM25_BUBO_PFM,Evaluate condition: IMU_MANU_ID CONTAINS '0x00E4'-3,,PASS,,,,,,,,,Jan 14 2020 7:28:29.3950 PM,Jan 14 2020 7:28:29.3960 PM,0
35. IMU,IMU_Combo_LPNM25_BUBO_PFM,Set accel/gyro dynamic range to 32g/2000dps,[EFIDut] sensor --sel accel --set dynamic_range 32; sensor --sel gyro --set dynamic_range 2000,PASS,,,,,,,,,Jan 14 2020 7:28:29.3990 PM,Jan 14 2020 7:28:29.5770 PM,.178
35. IMU,IMU_Combo_LPNM25_BUBO_PFM,Evaluate condition: IMU_MANU_ID CONTAINS '0x00E4'-4,,PASS,,,,,,,,,Jan 14 2020 7:28:29.5800 PM,Jan 14 2020 7:28:29.5800 PM,0
35. IMU,IMU_Combo_LPNM25_BUBO_PFM,Set accel/gyro ODR to 800Hz,[EFIDut] sensor --sel accel --set rate 800; sensor --sel gyro --set rate 800,PASS,,,,,,,,,Jan 14 2020 7:28:29.5830 PM,Jan 14 2020 7:28:29.7160 PM,.1332
35. IMU,IMU_Combo_LPNM25_BUBO_PFM,Evaluate condition: IMU_MANU_ID CONTAINS '0x00E4'-5,,PASS,,,,,,,,,Jan 14 2020 7:28:29.7190 PM,Jan 14 2020 7:28:29.7190 PM,0
35. IMU,IMU_Combo_LPNM25_BUBO_PFM,Set accel/gyro BW to 50Hz/100Hz,[EFIDut] sensor --sel accel --set bw 50; sensor --sel gyro --set bw 100,PASS,,,,,,,,,Jan 14 2020 7:28:29.7220 PM,Jan 14 2020 7:28:29.8580 PM,.1356
35. IMU,IMU_Combo_LPNM25_BUBO_PFM,Evaluate condition: IMU_MANU_ID CONTAINS '0x00E4'-6,,PASS,,,,,,,,,Jan 14 2020 7:28:29.8600 PM,Jan 14 2020 7:28:29.8600 PM,0
35. IMU,IMU_Combo_LPNM25_BUBO_PFM,Set accel/gyro filter rolloff to -60dB/-20dB,[EFIDut] sensorreg --sel accel --write 0x19 0x00; sensorreg --sel gyro --write 0x1B 0x08,PASS,,,,,,,,,Jan 14 2020 7:28:29.8640 PM,Jan 14 2020 7:28:29.9170 PM,.0534
35. IMU,IMU_Combo_LPNM25_BUBO_PFM,"Evaluate condition: IMU_MANU_ID == ""null""",,PASS,,,,,,,,,Jan 14 2020 7:28:29.9200 PM,Jan 14 2020 7:28:29.9200 PM,0
35. IMU,IMU_Combo_LPNM25_BUBO_PFM,Set accel/gyro ODR to 200Hz,"Action[8]: EFIDut:sendCommand-Skip action because Condition not met-Condition: IMU_MANU_ID == ""null""",PASS,,,,,,,,,Jan 14 2020 7:28:29.9210 PM,Jan 14 2020 7:28:29.9210 PM,0
35. IMU,IMU_Combo_LPNM25_BUBO_PFM,Evaluate condition: ACCEL_LOT_INFO CONTAINS 'G6H948',,PASS,,,,,,,,,Jan 14 2020 7:28:29.9220 PM,Jan 14 2020 7:28:29.9220 PM,0
35. IMU,IMU_Combo_LPNM25_BUBO_PFM,Set accel/gyro dynamic range to 128g/2000dps,Action[9]: EFIDut:sendCommand-Skip action because Condition not met-Condition: ACCEL_LOT_INFO CONTAINS 'G6H948',PASS,,,,,,,,,Jan 14 2020 7:28:29.9230 PM,Jan 14 2020 7:28:29.9230 PM,0
35. IMU,IMU_Combo_LPNM25_BUBO_PFM,Evaluate condition: ACCEL_LOT_INFO CONTAINS 'G6H931',,PASS,,,,,,,,,Jan 14 2020 7:28:29.9250 PM,Jan 14 2020 7:28:29.9250 PM,0
35. IMU,IMU_Combo_LPNM25_BUBO_PFM,Set accel/gyro dynamic range to 16g/2000dps,Action[10]: EFIDut:sendCommand-Skip action because Condition not met-Condition: ACCEL_LOT_INFO CONTAINS 'G6H931',PASS,,,,,,,,,Jan 14 2020 7:28:29.9260 PM,Jan 14 2020 7:28:29.9260 PM,0
35. IMU,IMU_Combo_LPNM25_BUBO_PFM,"Evaluate condition: IMU_MANU_ID == ""null""-2",,PASS,,,,,,,,,Jan 14 2020 7:28:29.9280 PM,Jan 14 2020 7:28:29.9280 PM,0
35. IMU,IMU_Combo_LPNM25_BUBO_PFM,Set accel/gyro BW to 50Hz/100Hz,"Action[11]: EFIDut:sendCommand-Skip action because Condition not met-Condition: IMU_MANU_ID == ""null""",PASS,,,,,,,,,Jan 14 2020 7:28:29.9280 PM,Jan 14 2020 7:28:29.9280 PM,0
35. IMU,IMU_Combo_LPNM25_BUBO_PFM,"Evaluate condition: IMU_MANU_ID == ""null""-3",,PASS,,,,,,,,,Jan 14 2020 7:28:29.9300 PM,Jan 14 2020 7:28:29.9300 PM,0
35. IMU,IMU_Combo_LPNM25_BUBO_PFM,Set accel/gyro filter rolloff to -60dB/-20dB,"Action[12]: EFIDut:sendCommand-Skip action because Condition not met-Condition: IMU_MANU_ID == ""null""",PASS,,,,,,,,,Jan 14 2020 7:28:29.9310 PM,Jan 14 2020 7:28:29.9310 PM,0
35. IMU,IMU_Combo_LPNM25_BUBO_PFM,Enter BG quiesce,[EFIDut] event -s enter-bg-quiesce,PASS,,,,,,,,,Jan 14 2020 7:28:29.9340 PM,Jan 14 2020 7:28:29.9970 PM,.0631
35. IMU,IMU_Combo_LPNM25_BUBO_PFM,Collect 500ms of accelerometer and gyro data,"[EFIDut] sensor --sel accel,gyro --sample 500ms --stats --quiet",PASS,,,,,,,,,Jan 14 2020 7:28:30.0010 PM,Jan 14 2020 7:28:30.6600 PM,.6596
35. IMU,IMU_Combo_LPNM25_BUBO_PFM,"Evaluate condition: IMU_MANU_ID == ""null""-4",,PASS,,,,,,,,,Jan 14 2020 7:28:30.6650 PM,Jan 14 2020 7:28:30.6650 PM,0
35. IMU,IMU_Combo_LPNM25_BUBO_PFM,IMU_Combo_LPNM25_BUBO_PFM,"Action[16]: Rush:setACCEL_2-Skip action because Condition not met-Condition: IMU_MANU_ID == ""null""",PASS,,,,,,,,,Jan 14 2020 7:28:30.6660 PM,Jan 14 2020 7:28:30.6660 PM,0
35. IMU,IMU_Combo_LPNM25_BUBO_PFM,Combo_LPNM25_PFM_onPUCK_accel_average_x,,PASS,,-0.004822,g,0.118,-0.118,,,g,Jan 14 2020 7:28:30.6690 PM,Jan 14 2020 7:28:30.6690 PM,0
35. IMU,IMU_Combo_LPNM25_BUBO_PFM,Combo_LPNM25_PFM_onPUCK_accel_average_y,,PASS,,0.011231,g,0.118,-0.118,,,g,Jan 14 2020 7:28:30.6700 PM,Jan 14 2020 7:28:30.6700 PM,0
35. IMU,IMU_Combo_LPNM25_BUBO_PFM,Combo_LPNM25_PFM_onPUCK_accel_average_z,,PASS,,0.989704,g,1.118,0.882,,,g,Jan 14 2020 7:28:30.6700 PM,Jan 14 2020 7:28:30.6700 PM,0
35. IMU,IMU_Combo_LPNM25_BUBO_PFM,Combo_LPNM25_PFM_onPUCK_accel_stdev_x,,PASS,,0.000869,g-rms,0.05,1e-05,,,g-rms,Jan 14 2020 7:28:30.6700 PM,Jan 14 2020 7:28:30.6700 PM,0
35. IMU,IMU_Combo_LPNM25_BUBO_PFM,Combo_LPNM25_PFM_onPUCK_accel_stdev_y,,PASS,,0.000712,g-rms,0.05,1e-05,,,g-rms,Jan 14 2020 7:28:30.6700 PM,Jan 14 2020 7:28:30.6700 PM,0
35. IMU,IMU_Combo_LPNM25_BUBO_PFM,Combo_LPNM25_PFM_onPUCK_accel_stdev_z,,PASS,,0.001026,g-rms,0.05,1e-05,,,g-rms,Jan 14 2020 7:28:30.6700 PM,Jan 14 2020 7:28:30.6700 PM,0
35. IMU,IMU_Combo_LPNM25_BUBO_PFM,Combo_LPNM25_PFM_onPUCK_gyro_average_x,,PASS,,0.587039,dps,25,-25,,,dps,Jan 14 2020 7:28:30.6710 PM,Jan 14 2020 7:28:30.6710 PM,0
35. IMU,IMU_Combo_LPNM25_BUBO_PFM,Combo_LPNM25_PFM_onPUCK_gyro_average_y,,PASS,,0.438153,dps,25,-25,,,dps,Jan 14 2020 7:28:30.6710 PM,Jan 14 2020 7:28:30.6710 PM,0
35. IMU,IMU_Combo_LPNM25_BUBO_PFM,Combo_LPNM25_PFM_onPUCK_gyro_average_z,,PASS,,0.438457,dps,25,-25,,,dps,Jan 14 2020 7:28:30.6710 PM,Jan 14 2020 7:28:30.6710 PM,0
35. IMU,IMU_Combo_LPNM25_BUBO_PFM,Combo_LPNM25_PFM_onPUCK_gyro_stdev_x,,PASS,,0.099789,dps-rms,,1e-05,,,dps-rms,Jan 14 2020 7:28:30.6710 PM,Jan 14 2020 7:28:30.6710 PM,0
35. IMU,IMU_Combo_LPNM25_BUBO_PFM,Combo_LPNM25_PFM_onPUCK_gyro_stdev_y,,PASS,,0.100435,dps-rms,,1e-05,,,dps-rms,Jan 14 2020 7:28:30.6710 PM,Jan 14 2020 7:28:30.6710 PM,0
35. IMU,IMU_Combo_LPNM25_BUBO_PFM,Combo_LPNM25_PFM_onPUCK_gyro_stdev_z,,PASS,,0.132476,dps-rms,,1e-05,,,dps-rms,Jan 14 2020 7:28:30.6720 PM,Jan 14 2020 7:28:30.6720 PM,0
35. IMU,IMU_Combo_LPNM25_BUBO_PFM,Combo_LPNM25_PFM_onPUCK_gyro_odr,,PASS,,802.353035,Hz,880,720,,,Hz,Jan 14 2020 7:28:30.6720 PM,Jan 14 2020 7:28:30.6720 PM,0
35. IMU,IMU_Combo_LPNM25_BUBO_PFM,Combo_LPNM25_PFM_onPUCK_gyro_temp,,PASS,,28.485253,C,,5,,,C,Jan 14 2020 7:28:30.6720 PM,Jan 14 2020 7:28:30.6720 PM,0
35. IMU,IMU_Combo_LPNM25_BUBO_PFM,Leave BG quiesce,[EFIDut] event -s leave-bg-quiesce,PASS,,,,,,,,,Jan 14 2020 7:28:30.6750 PM,Jan 14 2020 7:28:30.7080 PM,.0326
35. IMU,IMU_Combo_LPNM25_BUBO_PFM,Evaluate condition: IMU_MANU_ID CONTAINS '0x00E4'-7,,PASS,,,,,,,,,Jan 14 2020 7:28:30.7100 PM,Jan 14 2020 7:28:30.7100 PM,0
35. IMU,IMU_Combo_LPNM25_BUBO_PFM,Exit gyro low noise mode,[EFIDut] sensor --sel gyro --set lpm false,PASS,,,,,,,,,Jan 14 2020 7:28:30.7140 PM,Jan 14 2020 7:28:30.7610 PM,.0471
35. IMU,IMU_Combo_LPNM25_BUBO_PFM,Turn off accelerometer and gyro,"[EFIDut] sensor --sel accel,gyro --turnoff",PASS,,,,,,,,,Jan 14 2020 7:28:30.7640 PM,Jan 14 2020 7:28:30.8540 PM,.0892
36. PRESSURE,,,,,,,,,,,,,Jan 14 2020 7:28:30.8590 PM,Jan 14 2020 7:28:33.5450 PM,2.6865
36. PRESSURE,POTASSIUM,Init Potassium,[EFIDut] sensor --sel pressure2 --init,PASS,,,,,,,,,Jan 14 2020 7:28:30.8620 PM,Jan 14 2020 7:28:30.9090 PM,.047
36. PRESSURE,POTASSIUM,POTASSIUM_INIT_STATUS,,PASS,,,,,,,,,Jan 14 2020 7:28:30.9130 PM,Jan 14 2020 7:28:30.9130 PM,0
36. PRESSURE,POTASSIUM,Check Pressure Chip_ID,[EFIDut] sensor -s pressure2 --get chip_id,PASS,,,,,,,,,Jan 14 2020 7:28:30.9160 PM,Jan 14 2020 7:28:30.9560 PM,.0406
36. PRESSURE,POTASSIUM,PRESSURE_CHIP_ID,,PASS,,,,,,,,,Jan 14 2020 7:28:30.9600 PM,Jan 14 2020 7:28:30.9600 PM,0
36. PRESSURE,POTASSIUM,Dump Potassium Registers,[EFIDut] sensorreg -s pressure2 --dump,PASS,,,,,,,,,Jan 14 2020 7:28:30.9650 PM,Jan 14 2020 7:28:31.0310 PM,.0665
36. PRESSURE,POTASSIUM,Evaluate condition: PRESSURE_CHIP_ID!='0x30' && PRESSURE_CHIP_ID!='0x28',,PASS,,,,,,,,,Jan 14 2020 7:28:31.0340 PM,Jan 14 2020 7:28:31.0340 PM,.0001
36. PRESSURE,POTASSIUM,IN_PR_Chip_ID,,PASS,,93,NA,,,,,,Jan 14 2020 7:28:31.0370 PM,Jan 14 2020 7:28:31.0370 PM,0
36. PRESSURE,POTASSIUM,Evaluate condition: PRESSURE_CHIP_ID!='0x30' && PRESSURE_CHIP_ID!='0x28'-2,,PASS,,,,,,,,,Jan 14 2020 7:28:31.0390 PM,Jan 14 2020 7:28:31.0390 PM,0
36. PRESSURE,POTASSIUM,IN_PR_Rev_ID,,PASS,,0,NA,,,,,,Jan 14 2020 7:28:31.0420 PM,Jan 14 2020 7:28:31.0420 PM,0
36. PRESSURE,POTASSIUM,Evaluate condition: PRESSURE_CHIP_ID=='0x30',,PASS,,,,,,,,,Jan 14 2020 7:28:31.0440 PM,Jan 14 2020 7:28:31.0440 PM,0
36. PRESSURE,POTASSIUM,IN_EIGER-C_Mfg_ID,Action[7]: Rush:regexFirstMatch-Skip action because Condition not met-Condition: PRESSURE_CHIP_ID=='0x30',PASS,,,,,,,,,Jan 14 2020 7:28:31.0450 PM,Jan 14 2020 7:28:31.0450 PM,0
36. PRESSURE,POTASSIUM,Evaluate condition: PRESSURE_CHIP_ID=='0x30'-2,,PASS,,,,,,,,,Jan 14 2020 7:28:31.0470 PM,Jan 14 2020 7:28:31.0470 PM,0
36. PRESSURE,POTASSIUM,IN_PR_Chip_ID,Action[8]: Rush:regexFirstMatch-Skip action because Condition not met-Condition: PRESSURE_CHIP_ID=='0x30',PASS,,,,,,,,,Jan 14 2020 7:28:31.0480 PM,Jan 14 2020 7:28:31.0480 PM,0
36. PRESSURE,POTASSIUM,Evaluate condition: PRESSURE_CHIP_ID=='0x30'-3,,PASS,,,,,,,,,Jan 14 2020 7:28:31.0490 PM,Jan 14 2020 7:28:31.0490 PM,0
36. PRESSURE,POTASSIUM,IN_PR_Rev_ID,Action[9]: Rush:regexFirstMatch-Skip action because Condition not met-Condition: PRESSURE_CHIP_ID=='0x30',PASS,,,,,,,,,Jan 14 2020 7:28:31.0500 PM,Jan 14 2020 7:28:31.0500 PM,0
36. PRESSURE,POTASSIUM,Evaluate condition: PRESSURE_CHIP_ID=='0x28',,PASS,,,,,,,,,Jan 14 2020 7:28:31.0520 PM,Jan 14 2020 7:28:31.0520 PM,0
36. PRESSURE,POTASSIUM,IN_PR_Mfg_ID,Action[10]: Rush:regexFirstMatch-Skip action because Condition not met-Condition: PRESSURE_CHIP_ID=='0x28',PASS,,,,,,,,,Jan 14 2020 7:28:31.0530 PM,Jan 14 2020 7:28:31.0530 PM,0
36. PRESSURE,POTASSIUM,Evaluate condition: PRESSURE_CHIP_ID=='0x28'-2,,PASS,,,,,,,,,Jan 14 2020 7:28:31.0540 PM,Jan 14 2020 7:28:31.0540 PM,0
36. PRESSURE,POTASSIUM,IN_PR_Chip_ID,Action[11]: Rush:regexFirstMatch-Skip action because Condition not met-Condition: PRESSURE_CHIP_ID=='0x28',PASS,,,,,,,,,Jan 14 2020 7:28:31.0560 PM,Jan 14 2020 7:28:31.0560 PM,0
36. PRESSURE,POTASSIUM,Evaluate condition: PRESSURE_CHIP_ID=='0x28'-3,,PASS,,,,,,,,,Jan 14 2020 7:28:31.0570 PM,Jan 14 2020 7:28:31.0570 PM,0
36. PRESSURE,POTASSIUM,IN_PR_Trim_Rev,Action[12]: Rush:regexFirstMatch-Skip action because Condition not met-Condition: PRESSURE_CHIP_ID=='0x28',PASS,,,,,,,,,Jan 14 2020 7:28:31.0580 PM,Jan 14 2020 7:28:31.0580 PM,0
36. PRESSURE,POTASSIUM,Potassium Connectivty,[EFIDut] sensor --sel pressure2 --c,PASS,,,,,,,,,Jan 14 2020 7:28:31.0610 PM,Jan 14 2020 7:28:31.1130 PM,.0523
36. PRESSURE,POTASSIUM,POTASSIUM_CONN_TEST_RESULT,,PASS,,,,,,,,,Jan 14 2020 7:28:31.1170 PM,Jan 14 2020 7:28:31.1170 PM,0
36. PRESSURE,POTASSIUM,Sample Potassium Data,[EFIDut] sensor --sel pressure2 --sample 50 --stats,PASS,,,,,,,,,Jan 14 2020 7:28:31.1200 PM,Jan 14 2020 7:28:33.4530 PM,2.3335
36. PRESSURE,POTASSIUM,IN_PR_odr,,PASS,,25.078854,NA,32.5,22.5,,,NA,Jan 14 2020 7:28:33.4570 PM,Jan 14 2020 7:28:33.4570 PM,0
36. PRESSURE,POTASSIUM,IN_PR_press_average,,PASS,,94.99949700000001,kPa,110,90,,,kPa,Jan 14 2020 7:28:33.4600 PM,Jan 14 2020 7:28:33.4600 PM,0
36. PRESSURE,POTASSIUM,IN_PR_temp_average,,PASS,,24.501328,C,45,15,,,C,Jan 14 2020 7:28:33.4630 PM,Jan 14 2020 7:28:33.4630 PM,0
36. PRESSURE,POTASSIUM,FR_POTASSIUM_STD_kPA,,PASS,,0.001877,NA,,,,,NA,Jan 14 2020 7:28:33.4670 PM,Jan 14 2020 7:28:33.4670 PM,0
36. PRESSURE,POTASSIUM,IN_PR_temp_std,,PASS,,0.011202,C.rms,0.175,0,,,C.rms,Jan 14 2020 7:28:33.4700 PM,Jan 14 2020 7:28:33.4700 PM,0
36. PRESSURE,POTASSIUM,IN_PR_press_max,,PASS,,95.003479,kPa,110,90,,,kPa,Jan 14 2020 7:28:33.4730 PM,Jan 14 2020 7:28:33.4730 PM,0
36. PRESSURE,POTASSIUM,IN_PR_press_min,,PASS,,94.99533,C,110,90,,,C,Jan 14 2020 7:28:33.4770 PM,Jan 14 2020 7:28:33.4770 PM,0
36. PRESSURE,POTASSIUM,IK_Range_kPA,,PASS,,0.008148000000000001,NA,,,,,,Jan 14 2020 7:28:33.4800 PM,Jan 14 2020 7:28:33.4800 PM,0
36. PRESSURE,POTASSIUM,FR_Potassium_bad_sample,,PASS,,0,NA,0,0,,,NA,Jan 14 2020 7:28:33.4830 PM,Jan 14 2020 7:28:33.4830 PM,0
36. PRESSURE,POTASSIUM,Calculate expression: (value0*1000),,PASS,,,,,,,,,Jan 14 2020 7:28:33.4890 PM,Jan 14 2020 7:28:33.4890 PM,.0001
36. PRESSURE,POTASSIUM,IN_PR_press_std,,PASS,,1.877,kPa.rms,4.5,0.001,,,kPa.rms,Jan 14 2020 7:28:33.4900 PM,Jan 14 2020 7:28:33.4900 PM,0
36. PRESSURE,POTASSIUM,Calculate expression: (value0*1000)-2,,PASS,,,,,,,,,Jan 14 2020 7:28:33.4960 PM,Jan 14 2020 7:28:33.4960 PM,.0001
36. PRESSURE,POTASSIUM,IN_PR_range,,PASS,,8.148000000000001,Pa,200,0.001,,,Pa,Jan 14 2020 7:28:33.4970 PM,Jan 14 2020 7:28:33.4970 PM,0
36. PRESSURE,POTASSIUM,Turn OFF Sensors (Potassium),[EFIDut] sensor --sel pressure2 --turnoff,PASS,,,,,,,,,Jan 14 2020 7:28:33.5000 PM,Jan 14 2020 7:28:33.5440 PM,.0441
37. COMPASS,,,,,,,,,,,,,Jan 14 2020 7:28:33.5490 PM,Jan 14 2020 7:28:36.4080 PM,2.8591
37. COMPASS,MOLYBDENUM,Turn on compass sensor,[EFIDut] sensor --sel compass --init,PASS,,,,,,,,,Jan 14 2020 7:28:33.5520 PM,Jan 14 2020 7:28:33.6020 PM,.05
37. COMPASS,MOLYBDENUM,COMPASS_INIT_STATUS,,PASS,,,,,,,,,Jan 14 2020 7:28:33.6050 PM,Jan 14 2020 7:28:33.6050 PM,0
37. COMPASS,MOLYBDENUM,Get compass chip info,[EFIDut] sensor --sel compass --get,PASS,,,,,,,,,Jan 14 2020 7:28:33.6080 PM,Jan 14 2020 7:28:33.6550 PM,.0464
37. COMPASS,MOLYBDENUM,COMPASS_CHIP_ID,,PASS,,,,,,,,,Jan 14 2020 7:28:33.6580 PM,Jan 14 2020 7:28:33.6580 PM,0
37. COMPASS,MOLYBDENUM,Check compass connectivity,[EFIDut] sensor --sel compass --conntest,PASS,,,,,,,,,Jan 14 2020 7:28:33.6620 PM,Jan 14 2020 7:28:33.7620 PM,.0997
37. COMPASS,MOLYBDENUM,COMPASS_CONN_STATUS,,PASS,,,,,,,,,Jan 14 2020 7:28:33.7650 PM,Jan 14 2020 7:28:33.7650 PM,0
37. COMPASS,MOLYBDENUM,Run Compass selftest,[EFIDut] sensor --sel compass --exectest selftest,PASS,,,,,,,,,Jan 14 2020 7:28:33.7680 PM,Jan 14 2020 7:28:36.3950 PM,2.6273
37. COMPASS,MOLYBDENUM,Compass_Self_PMN_X,,PASS,,0,NA,,,,,,Jan 14 2020 7:28:36.3990 PM,Jan 14 2020 7:28:36.3990 PM,0
37. COMPASS,MOLYBDENUM,Compass_Self_PMN_Y,,PASS,,90.375,NA,,,,,,Jan 14 2020 7:28:36.4020 PM,Jan 14 2020 7:28:36.4020 PM,0
37. COMPASS,MOLYBDENUM,Compass_Self_PMN_Z,,PASS,,135.8699,NA,,,,,,Jan 14 2020 7:28:36.4050 PM,Jan 14 2020 7:28:36.4050 PM,0
37. COMPASS,MOLYBDENUM,COMPAS_SELFTEST_STATUS,,PASS,,,,,,,,,Jan 14 2020 7:28:36.4080 PM,Jan 14 2020 7:28:36.4080 PM,0
38. COMPASS,,,,,,,,,,,,,Jan 14 2020 7:28:36.4100 PM,Jan 14 2020 7:28:36.5460 PM,.1355
38. COMPASS,QUIESCE_SYSTEM-2,Turn OFF Sensors (compass),[EFIDut] sensor --sel compass --turnoff,PASS,,,,,,,,,Jan 14 2020 7:28:36.4130 PM,Jan 14 2020 7:28:36.4570 PM,.044
38. COMPASS,QUIESCE_SYSTEM-2,Turn OFF Sensors (lisa),[EFIDut] sensor --sel lisa --turnoff,PASS,,,,,,,,,Jan 14 2020 7:28:36.4610 PM,Jan 14 2020 7:28:36.4980 PM,.0371
38. COMPASS,QUIESCE_SYSTEM-2,Turn OFF Sensors (platinum),[EFIDut] sensor --sel platinum --turnoff,PASS,,,,,,,,,Jan 14 2020 7:28:36.5020 PM,Jan 14 2020 7:28:36.5450 PM,.0427
39. CODEC,,,,,,,,,,,,,Jan 14 2020 7:28:36.5480 PM,Jan 14 2020 7:28:37.0370 PM,.4885
39. CODEC,ARDMORE_TEST,Reset and Init Ardmore (DMIC in low power mode),[EFIDut] audio -r;socgpio --port 1 --pin 103 --output 1,PASS,,,,,,,,,Jan 14 2020 7:28:36.5520 PM,Jan 14 2020 7:28:36.6500 PM,.0989
39. CODEC,ARDMORE_TEST,Enable boots1to the routeaudio,[EFIDut] audioparam --block codec --set --param enable-boost1 --value true,PASS,,,,,,,,,Jan 14 2020 7:28:36.6550 PM,Jan 14 2020 7:28:36.6950 PM,.0403
39. CODEC,ARDMORE_TEST,Read Ardmore Voltages,[EFIDut] pmuadc --read buck3;pmuadc --read ldo6;pmuadc --read appmux_in2; pmuadc --read vddout,PASS,,,,,,,,,Jan 14 2020 7:28:36.6990 PM,Jan 14 2020 7:28:36.7740 PM,.0753
39. CODEC,ARDMORE_TEST,INIT_ARDMORE_PMUADC_BUCK3_SW3A,,PASS,,1795.9861,mV,1810,1770,,,mV,Jan 14 2020 7:28:36.7780 PM,Jan 14 2020 7:28:36.7780 PM,0
39. CODEC,ARDMORE_TEST,INIT_ARDMORE_PMUADC_LDO6,,PASS,,1800.5535,mV,1850,1750,,,mV,Jan 14 2020 7:28:36.7820 PM,Jan 14 2020 7:28:36.7820 PM,0
39. CODEC,ARDMORE_TEST,INIT_ARDMORE_PMUADC_APPMUX_IN2,,PASS,,2547.7667,mV,2750,2400,,,mV,Jan 14 2020 7:28:36.7840 PM,Jan 14 2020 7:28:36.7840 PM,0
39. CODEC,ARDMORE_TEST,INIT_ARDMORE_PMUADC_VDDOUT,,PASS,,3944.597,mV,5000,3500,,,mV,Jan 14 2020 7:28:36.7880 PM,Jan 14 2020 7:28:36.7880 PM,0
39. CODEC,ARDMORE_TEST,Read Ardmore Currents,[EFIDut] pmuadc --read ibuck3 --stats 50;pmuadc --read ildo6 --stats 50,PASS,,,,,,,,,Jan 14 2020 7:28:36.7910 PM,Jan 14 2020 7:28:36.9740 PM,.1833
39. CODEC,ARDMORE_TEST,INIT_ARDMORE_PMUADC_IBUCK3,,PASS,,14.7692,mA,22,3,,,mA,Jan 14 2020 7:28:36.9780 PM,Jan 14 2020 7:28:36.9780 PM,0
39. CODEC,ARDMORE_TEST,INIT_ARDMORE_PMUADC_ILDO6,,PASS,,7.0034,mA,15,0,,,mA,Jan 14 2020 7:28:36.9810 PM,Jan 14 2020 7:28:36.9810 PM,0
39. CODEC,ARDMORE_TEST,Read Ardmore ATE Rev and ID,[EFIDut] audioreg -b codec -r -a 0x2001;audioreg -b codec -r -a 0x2002,PASS,,,,,,,,,Jan 14 2020 7:28:36.9840 PM,Jan 14 2020 7:28:37.0300 PM,.046
39. CODEC,ARDMORE_TEST,ARDMORE_CHIP_ID_HI,,PASS,,,,,,,,,Jan 14 2020 7:28:37.0340 PM,Jan 14 2020 7:28:37.0340 PM,0
39. CODEC,ARDMORE_TEST,ARDMORE_CHIP_ID_LO,,PASS,,,,,,,,,Jan 14 2020 7:28:37.0370 PM,Jan 14 2020 7:28:37.0370 PM,0
40. SPAM,,,,,,,,,,,,,Jan 14 2020 7:28:37.0400 PM,Jan 14 2020 7:28:37.1120 PM,.0718
40. SPAM,BASEBAND,EFIDut,close,PASS,,,,,,,,,Jan 14 2020 7:28:37.0440 PM,Jan 14 2020 7:28:37.0440 PM,.0003
40. SPAM,BASEBAND,Evaluate condition: (DUT_TYPE CONTAINS 'N142') && (MLB_CFG!='KR11') && (MLB_CFG!='KR31') && (MLB_CFG!='KR21') && (MLB_CFG!='KR41'),,PASS,,,,,,,,,Jan 14 2020 7:28:37.0470 PM,Jan 14 2020 7:28:37.0470 PM,.0001
40. SPAM,BASEBAND,BASEBAND,Action[1]: Rush:system_command-Skip action because Condition not met-Condition: (DUT_TYPE CONTAINS 'N142') && (MLB_CFG!='KR11') && (MLB_CFG!='KR31') && (MLB_CFG!='KR21') && (MLB_CFG!='KR41'),PASS,,,,,,,,,Jan 14 2020 7:28:37.0480 PM,Jan 14 2020 7:28:37.0480 PM,0
40. SPAM,BASEBAND,Evaluate condition: (DUT_TYPE CONTAINS 'N142') && (MLB_CFG!='KR11') && (MLB_CFG!='KR31') && (MLB_CFG!='KR21') && (MLB_CFG!='KR41')-2,,PASS,,,,,,,,,Jan 14 2020 7:28:37.0500 PM,Jan 14 2020 7:28:37.0500 PM,.0001
40. SPAM,BASEBAND,Sleep 2s for enable SPAM Debug Power,Action[2]: Rush:sleep_ms-Skip action because Condition not met-Condition: (DUT_TYPE CONTAINS 'N142') && (MLB_CFG!='KR11') && (MLB_CFG!='KR31') && (MLB_CFG!='KR21') && (MLB_CFG!='KR41'),PASS,,,,,,,,,Jan 14 2020 7:28:37.0510 PM,Jan 14 2020 7:28:37.0510 PM,0
40. SPAM,BASEBAND,EFIDut,open,PASS,,,,,,,,,Jan 14 2020 7:28:37.0540 PM,Jan 14 2020 7:28:37.1110 PM,.0563
41. SENSOR,,,,,,,,,,,,,Jan 14 2020 7:28:37.1140 PM,Jan 14 2020 7:28:39.1850 PM,2.0708
41. SENSOR,CARNELIAN,Initialize Carnelian,[EFIDut] sensor --sel platinum --init;,PASS,,,,,,,,,Jan 14 2020 7:28:37.1170 PM,Jan 14 2020 7:28:38.6160 PM,1.4995
41. SENSOR,CARNELIAN,Set up Carnelian,[EFIDut] sensorreg -s platinum --write 0xC2 0x0000; sensorreg -s platinum --write 0xC6 0x0000,PASS,,,,,,,,,Jan 14 2020 7:28:38.6200 PM,Jan 14 2020 7:28:38.6740 PM,.0543
41. SENSOR,CARNELIAN,run bcm_test for 100ms,"[EFIDut] sensor --sel platinum -e bcm_test --testopts ""--time 100 --avg 100 --start 1""",PASS,,,,,,,,,Jan 14 2020 7:28:38.6780 PM,Jan 14 2020 7:28:39.0460 PM,.3684
41. SENSOR,CARNELIAN,X1013_DCS_LON_SIG_AVG_HR00,,PASS,,2351030.56,NA,,20000,,,NA,Jan 14 2020 7:28:39.0500 PM,Jan 14 2020 7:28:39.0500 PM,0
41. SENSOR,CARNELIAN,X1013_DCS_LON_SIG_AVGG_HR10,,PASS,,7703907.08,NA,,20000,,,NA,Jan 14 2020 7:28:39.0530 PM,Jan 14 2020 7:28:39.0530 PM,0
41. SENSOR,CARNELIAN,X1013_DCS_LON_SIG_AVGG_HR20,,PASS,,6884930.71,NA,,20000,,,NA,Jan 14 2020 7:28:39.0560 PM,Jan 14 2020 7:28:39.0560 PM,0
41. SENSOR,CARNELIAN,X1013_DCS_LON_SIG_AVGG_HR30,,PASS,,7076750.91,NA,,20000,,,NA,Jan 14 2020 7:28:39.0590 PM,Jan 14 2020 7:28:39.0590 PM,0
41. SENSOR,CARNELIAN,X1013_DCS_LON_SIG_AVGG_HR40,,PASS,,6863665.71,NA,,20000,,,NA,Jan 14 2020 7:28:39.0620 PM,Jan 14 2020 7:28:39.0620 PM,0
41. SENSOR,CARNELIAN,X1013_DCS_LON_SIG_AVGG_HR50,,PASS,,6909869.24,NA,,20000,,,NA,Jan 14 2020 7:28:39.0650 PM,Jan 14 2020 7:28:39.0650 PM,0
41. SENSOR,CARNELIAN,X1013_DCS_LON_SIG_AVGG_HR01,,PASS,,2475945.39,NA,,20000,,,NA,Jan 14 2020 7:28:39.0680 PM,Jan 14 2020 7:28:39.0680 PM,0
41. SENSOR,CARNELIAN,X1013_DCS_LON_SIG_AVGG_HR11,,PASS,,5219196.55,NA,,20000,,,NA,Jan 14 2020 7:28:39.0710 PM,Jan 14 2020 7:28:39.0710 PM,0
41. SENSOR,CARNELIAN,X1013_DCS_LON_SIG_AVGG_HR21,,PASS,,7140306.87,NA,,20000,,,NA,Jan 14 2020 7:28:39.0740 PM,Jan 14 2020 7:28:39.0740 PM,0
41. SENSOR,CARNELIAN,X1013_DCS_LON_SIG_AVGG_HR31,,PASS,,6920423.87,NA,,20000,,,NA,Jan 14 2020 7:28:39.0770 PM,Jan 14 2020 7:28:39.0770 PM,0
41. SENSOR,CARNELIAN,X1013_DCS_LON_SIG_AVGG_HR41,,PASS,,7203075.51,NA,,20000,,,NA,Jan 14 2020 7:28:39.0800 PM,Jan 14 2020 7:28:39.0800 PM,0
41. SENSOR,CARNELIAN,X1013_DCS_LON_SIG_AVGG_HR51,,PASS,,6747749.63,NA,,20000,,,NA,Jan 14 2020 7:28:39.0830 PM,Jan 14 2020 7:28:39.0830 PM,0
41. SENSOR,CARNELIAN,platinum off,[EFIDut] sensor --sel platinum --turnoff,PASS,,,,,,,,,Jan 14 2020 7:28:39.0860 PM,Jan 14 2020 7:28:39.1300 PM,.0439
41. SENSOR,CARNELIAN,Audio off,[EFIDut] audio -f,PASS,,,,,,,,,Jan 14 2020 7:28:39.1330 PM,Jan 14 2020 7:28:39.1840 PM,.0506
42. BUTTON,,,,,,,,,,,,,Jan 14 2020 7:28:39.1870 PM,Jan 14 2020 7:28:42.1480 PM,2.9604
42. BUTTON,BUTTONS_CHECK,Check IDLE Button,[EFIDut] i2c -z 2 -d 5 0x3c 0x1907 1,PASS,,,,,,,,,Jan 14 2020 7:28:39.1900 PM,Jan 14 2020 7:28:39.2420 PM,.0515
42. BUTTON,BUTTONS_CHECK,BUTTON_1_2_STAT,,PASS,,10000111,NA,,,,,,Jan 14 2020 7:28:39.2470 PM,Jan 14 2020 7:28:39.2470 PM,0
42. BUTTON,BUTTONS_CHECK,IDLEBUTTON_1_EXPECT_1_1,,PASS,,1,NA,1,1,,,NA,Jan 14 2020 7:28:39.2480 PM,Jan 14 2020 7:28:39.2480 PM,0
42. BUTTON,BUTTONS_CHECK,IDLEBUTTON_2_EXPECT_1_1,,PASS,,1,NA,1,1,,,NA,Jan 14 2020 7:28:39.2480 PM,Jan 14 2020 7:28:39.2480 PM,0
42. BUTTON,BUTTONS_CHECK,Fixture Press Button2,[Fixture] Button2 ON,PASS,,,,,,,,,Jan 14 2020 7:28:39.2510 PM,Jan 14 2020 7:28:41.3180 PM,2.0667
42. BUTTON,BUTTONS_CHECK,Check Press Button 2,[EFIDut] pmustat btn,PASS,,,,,,,,,Jan 14 2020 7:28:41.3220 PM,Jan 14 2020 7:28:41.3630 PM,.0415
42. BUTTON,BUTTONS_CHECK,BUTTON_2_EXPECT_1_0,,PASS,,0,NA,0,0,,,NA,Jan 14 2020 7:28:41.3670 PM,Jan 14 2020 7:28:41.3670 PM,0
42. BUTTON,BUTTONS_CHECK,Fixture Release Button2,[Fixture] Button2 OFF,PASS,,,,,,,,,Jan 14 2020 7:28:41.3700 PM,Jan 14 2020 7:28:42.1010 PM,.7312
42. BUTTON,BUTTONS_CHECK,Check Release Button 2,[EFIDut] pmustat btn,PASS,,,,,,,,,Jan 14 2020 7:28:42.1050 PM,Jan 14 2020 7:28:42.1440 PM,.0391
42. BUTTON,BUTTONS_CHECK,BUTTON_2_EXPECT_1_1,,PASS,,1,NA,1,1,,,NA,Jan 14 2020 7:28:42.1470 PM,Jan 14 2020 7:28:42.1470 PM,0
43. BUTTON,,,,,,,,,,,,,Jan 14 2020 7:28:42.1500 PM,Jan 14 2020 7:28:44.0990 PM,1.9491
43. BUTTON,DOUBLE_CLICK,Configure Double Click Timing to 400ms. Note 400ms is the max setting,[EFIDut] pmureg -w 0 0x1902 0x19,PASS,,,,,,,,,Jan 14 2020 7:28:42.1530 PM,Jan 14 2020 7:28:42.1910 PM,.0385
43. BUTTON,DOUBLE_CLICK,Double Click the Button1,[Fixture] Button1 Twice,PASS,,,,,,,,,Jan 14 2020 7:28:42.1960 PM,Jan 14 2020 7:28:44.0510 PM,1.8555
43. BUTTON,DOUBLE_CLICK,Read PMU register for Double Click Event Button1,[EFIDut] pmureg -r 0 0x1902,PASS,,,,,,,,,Jan 14 2020 7:28:44.0550 PM,Jan 14 2020 7:28:44.0920 PM,.0373
43. BUTTON,DOUBLE_CLICK,PMU_BUTTON_EVENT_DET_BUTTON_1,,PASS,,,,,,,,,Jan 14 2020 7:28:44.0980 PM,Jan 14 2020 7:28:44.0980 PM,0
43. BUTTON,DOUBLE_CLICK,DOUBLE_CLICK_DET_EVENT_BUTTON_1,,PASS,,1,NA,1,1,,,NA,Jan 14 2020 7:28:44.0990 PM,Jan 14 2020 7:28:44.0990 PM,0
44. RADIO,,,,,,,,,,,,,Jan 14 2020 7:28:44.1010 PM,Jan 14 2020 7:28:45.6740 PM,1.5729
44. RADIO,GERMANIUM,Evaluate condition: DUT_TYPE CONTAINS '140',,PASS,,,,,,,,,Jan 14 2020 7:28:44.1020 PM,Jan 14 2020 7:28:44.1020 PM,0
44. RADIO,GERMANIUM,Turn Germanium ON,[EFIDut] gps --off;gps --on,PASS,,,,,,,,,Jan 14 2020 7:28:44.1060 PM,Jan 14 2020 7:28:44.2040 PM,.0982
44. RADIO,GERMANIUM,Evaluate condition: DUT_TYPE CONTAINS '140'-2,,PASS,,,,,,,,,Jan 14 2020 7:28:44.2070 PM,Jan 14 2020 7:28:44.2070 PM,0
44. RADIO,GERMANIUM,Germanium Test,[EFIDut] gps --exectest load_firmware,PASS,,,,,,,,,Jan 14 2020 7:28:44.2100 PM,Jan 14 2020 7:28:45.5940 PM,1.3837
44. RADIO,GERMANIUM,Evaluate condition: DUT_TYPE CONTAINS '140'-3,,PASS,,,,,,,,,Jan 14 2020 7:28:45.5960 PM,Jan 14 2020 7:28:45.5970 PM,0
44. RADIO,GERMANIUM,Evaluate condition: DUT_TYPE CONTAINS '140'-4,,PASS,,,,,,,,,Jan 14 2020 7:28:45.6020 PM,Jan 14 2020 7:28:45.6020 PM,0
44. RADIO,GERMANIUM,GPS_FIRMWARE_VERSION,,PASS,,,,,,,,,Jan 14 2020 7:28:45.6050 PM,Jan 14 2020 7:28:45.6050 PM,0
44. RADIO,GERMANIUM,Evaluate condition: DUT_TYPE CONTAINS '140'-5,,PASS,,,,,,,,,Jan 14 2020 7:28:45.6070 PM,Jan 14 2020 7:28:45.6070 PM,0
44. RADIO,GERMANIUM,Germanium Test,[EFIDut] gps --ping;gps --off,PASS,,,,,,,,,Jan 14 2020 7:28:45.6100 PM,Jan 14 2020 7:28:45.6730 PM,.0629
45. RADIO,,,,,,,,,,,,,Jan 14 2020 7:28:45.6760 PM,Jan 14 2020 7:28:45.6810 PM,.0055
45. RADIO,BASEBAND_1,Evaluate condition: DUT_TYPE CONTAINS '142',,PASS,,,,,,,,,Jan 14 2020 7:28:45.6770 PM,Jan 14 2020 7:28:45.6770 PM,0
45. RADIO,BASEBAND_1,Baseband Quick Test and Properties,Action[0]: EFIDut:sendCommand-Skip action because Condition not met-Condition: DUT_TYPE CONTAINS '142',PASS,,,,,,,,,Jan 14 2020 7:28:45.6790 PM,Jan 14 2020 7:28:45.6790 PM,0
45. RADIO,BASEBAND_1,Evaluate condition: DUT_TYPE CONTAINS '142'-2,,PASS,,,,,,,,,Jan 14 2020 7:28:45.6800 PM,Jan 14 2020 7:28:45.6800 PM,0
45. RADIO,BASEBAND_1,BASEBAND_SERIAL_NO,Action[1]: Rush:regexFirstMatch-Skip action because Condition not met-Condition: DUT_TYPE CONTAINS '142',PASS,,,,,,,,,Jan 14 2020 7:28:45.6810 PM,Jan 14 2020 7:28:45.6810 PM,0
46. RADIO,,,,,,,,,,,,,Jan 14 2020 7:28:45.6830 PM,Jan 14 2020 7:28:45.6890 PM,.0061
46. RADIO,VINYL_TEST_1,Evaluate condition: DUT_TYPE CONTAINS '142',,PASS,,,,,,,,,Jan 14 2020 7:28:45.6850 PM,Jan 14 2020 7:28:45.6850 PM,0
46. RADIO,VINYL_TEST_1,Vinyl Check Test,Action[0]: EFIDut:sendCommand-Skip action because Condition not met-Condition: DUT_TYPE CONTAINS '142',PASS,,,,,,,,,Jan 14 2020 7:28:45.6860 PM,Jan 14 2020 7:28:45.6860 PM,0
46. RADIO,VINYL_TEST_1,Evaluate condition: DUT_TYPE CONTAINS '142'-2,,PASS,,,,,,,,,Jan 14 2020 7:28:45.6880 PM,Jan 14 2020 7:28:45.6880 PM,0
46. RADIO,VINYL_TEST_1,VINYL_CHECK_STATUS,Action[1]: Rush:regexFirstMatch-Skip action because Condition not met-Condition: DUT_TYPE CONTAINS '142',PASS,,,,,,,,,Jan 14 2020 7:28:45.6890 PM,Jan 14 2020 7:28:45.6890 PM,0
47. RADIO,,,,,,,,,,,,,Jan 14 2020 7:28:45.6920 PM,Jan 14 2020 7:28:45.7170 PM,.0251
47. RADIO,BASEBAND_2,Evaluate condition: DUT_TYPE CONTAINS '142',,PASS,,,,,,,,,Jan 14 2020 7:28:45.6940 PM,Jan 14 2020 7:28:45.6940 PM,0
47. RADIO,BASEBAND_2,init BCM ANT connection test,Action[0]: EFIDut:sendCommand-Skip action because Condition not met-Condition: DUT_TYPE CONTAINS '142',PASS,,,,,,,,,Jan 14 2020 7:28:45.6950 PM,Jan 14 2020 7:28:45.6950 PM,0
47. RADIO,BASEBAND_2,Evaluate condition: DUT_TYPE CONTAINS '142'-2,,PASS,,,,,,,,,Jan 14 2020 7:28:45.6970 PM,Jan 14 2020 7:28:45.6970 PM,0
47. RADIO,BASEBAND_2,scan BCM ANT Tunner,Action[1]: EFIDut:sendCommand-Skip action because Condition not met-Condition: DUT_TYPE CONTAINS '142',PASS,,,,,,,,,Jan 14 2020 7:28:45.6980 PM,Jan 14 2020 7:28:45.6980 PM,0
47. RADIO,BASEBAND_2,Evaluate condition: DUT_TYPE CONTAINS '142'-3,,PASS,,,,,,,,,Jan 14 2020 7:28:45.7000 PM,Jan 14 2020 7:28:45.7000 PM,0
47. RADIO,BASEBAND_2,TUNNER_CHECK_1,Action[2]: Rush:regexFirstMatch-Skip action because Condition not met-Condition: DUT_TYPE CONTAINS '142',PASS,,,,,,,,,Jan 14 2020 7:28:45.7010 PM,Jan 14 2020 7:28:45.7010 PM,0
47. RADIO,BASEBAND_2,Evaluate condition: DUT_TYPE CONTAINS '142'-4,,PASS,,,,,,,,,Jan 14 2020 7:28:45.7030 PM,Jan 14 2020 7:28:45.7030 PM,0
47. RADIO,BASEBAND_2,TUNNER_CHECK_2,Action[3]: Rush:regexFirstMatch-Skip action because Condition not met-Condition: DUT_TYPE CONTAINS '142',PASS,,,,,,,,,Jan 14 2020 7:28:45.7040 PM,Jan 14 2020 7:28:45.7040 PM,0
47. RADIO,BASEBAND_2,Evaluate condition: DUT_TYPE CONTAINS '142'-5,,PASS,,,,,,,,,Jan 14 2020 7:28:45.7060 PM,Jan 14 2020 7:28:45.7060 PM,0
47. RADIO,BASEBAND_2,TUNNER_CHECK_3,Action[4]: Rush:regexFirstMatch-Skip action because Condition not met-Condition: DUT_TYPE CONTAINS '142',PASS,,,,,,,,,Jan 14 2020 7:28:45.7080 PM,Jan 14 2020 7:28:45.7080 PM,0
47. RADIO,BASEBAND_2,Evaluate condition: DUT_TYPE CONTAINS '142'-6,,PASS,,,,,,,,,Jan 14 2020 7:28:45.7090 PM,Jan 14 2020 7:28:45.7090 PM,0
47. RADIO,BASEBAND_2,TUNNER_CHECK_4,Action[5]: Rush:regexFirstMatch-Skip action because Condition not met-Condition: DUT_TYPE CONTAINS '142',PASS,,,,,,,,,Jan 14 2020 7:28:45.7110 PM,Jan 14 2020 7:28:45.7110 PM,0
47. RADIO,BASEBAND_2,Evaluate condition: DUT_TYPE CONTAINS '142'-7,,PASS,,,,,,,,,Jan 14 2020 7:28:45.7120 PM,Jan 14 2020 7:28:45.7120 PM,0
47. RADIO,BASEBAND_2,TUNNER_CHECK_5,Action[6]: Rush:regexFirstMatch-Skip action because Condition not met-Condition: DUT_TYPE CONTAINS '142',PASS,,,,,,,,,Jan 14 2020 7:28:45.7140 PM,Jan 14 2020 7:28:45.7140 PM,0
47. RADIO,BASEBAND_2,Evaluate condition: DUT_TYPE CONTAINS '142'-8,,PASS,,,,,,,,,Jan 14 2020 7:28:45.7160 PM,Jan 14 2020 7:28:45.7160 PM,0
47. RADIO,BASEBAND_2,TUNNER_CHECK_6,Action[7]: Rush:regexFirstMatch-Skip action because Condition not met-Condition: DUT_TYPE CONTAINS '142',PASS,,,,,,,,,Jan 14 2020 7:28:45.7170 PM,Jan 14 2020 7:28:45.7170 PM,0
48. RADIO,,,,,,,,,,,,,Jan 14 2020 7:28:45.7200 PM,Jan 14 2020 7:28:45.7230 PM,.003
48. RADIO,VINYL_TEST_2,Evaluate condition: DUT_TYPE CONTAINS '142',,PASS,,,,,,,,,Jan 14 2020 7:28:45.7220 PM,Jan 14 2020 7:28:45.7220 PM,0
48. RADIO,VINYL_TEST_2,Turn off Baseband when done,Action[0]: EFIDut:sendCommand-Skip action because Condition not met-Condition: DUT_TYPE CONTAINS '142',PASS,,,,,,,,,Jan 14 2020 7:28:45.7230 PM,Jan 14 2020 7:28:45.7230 PM,0
49. POWER,,,,,,,,,,,,,Jan 14 2020 7:28:45.7250 PM,Jan 14 2020 7:28:45.7690 PM,.0446
49. POWER,END_QUIESCE_SYSTEM,clear the debug interrupt,[EFIDut] tristar -r '0x0d',PASS,,,,,,,,,Jan 14 2020 7:28:45.7280 PM,Jan 14 2020 7:28:45.7680 PM,.0401
50. Process,,,,,,,,,,,,,Jan 14 2020 7:28:45.7720 PM,Jan 14 2020 7:28:45.8810 PM,.1096
50. Process,SET_NVRAM,Set Auto-Boot to false,[EFIDut] nvram --set auto-boot false,PASS,,,,,,,,,Jan 14 2020 7:28:45.7750 PM,Jan 14 2020 7:28:45.8010 PM,.0258
50. Process,SET_NVRAM,NVRAM save,[EFIDut] nvram --save,PASS,,,,,,,,,Jan 14 2020 7:28:45.8040 PM,Jan 14 2020 7:28:45.8800 PM,.0759
51. Process,,,,,,,,,,,,,Jan 14 2020 7:28:45.8830 PM,Jan 14 2020 7:28:45.9940 PM,.1104
51. Process,Dut Close-2,EFIDut,close,PASS,,,,,,,,,Jan 14 2020 7:28:45.8860 PM,Jan 14 2020 7:28:45.8870 PM,.0003
51. Process,Dut Close-2,Delay 100ms,,PASS,,,,,,,,,Jan 14 2020 7:28:45.8890 PM,Jan 14 2020 7:28:45.8890 PM,0
52. Process,,,,,,,,,,,,,Jan 14 2020 7:28:45.9960 PM,Jan 14 2020 7:28:46.0550 PM,.0587
52. Process,Copy Log,Create Folder,mkdir -p /Users/gdlocal/TestLog/AtlasLogs-N0G72YP765-2020-01-14-192845,PASS,,,,,,,,,Jan 14 2020 7:28:46.0060 PM,Jan 14 2020 7:28:46.0100 PM,.0044
52. Process,Copy Log,Copy Attributes.csv To Folder,cp /vault/Atlas/Hyperion/Unit_1_F79462/AtlasLogs/Attributes.csv /Users/gdlocal/TestLog/AtlasLogs-N0G72YP765-2020-01-14-192845/Attributes-QT0-N0G72YP765.csv,PASS,,,,,,,,,Jan 14 2020 7:28:46.0130 PM,Jan 14 2020 7:28:46.0190 PM,.0057
52. Process,Copy Log,Copy Failures.csv To Folder,cp /vault/Atlas/Hyperion/Unit_1_F79462/AtlasLogs/Failures.csv /Users/gdlocal/TestLog/AtlasLogs-N0G72YP765-2020-01-14-192845/Failures-QT0-N0G72YP765.csv,PASS,,,,,,,,,Jan 14 2020 7:28:46.0200 PM,Jan 14 2020 7:28:46.0250 PM,.0046
52. Process,Copy Log,Copy unit.log To Folder,cp /vault/Atlas/Hyperion/Unit_1_F79462/AtlasLogs/unit.log /Users/gdlocal/TestLog/AtlasLogs-N0G72YP765-2020-01-14-192845/unit-QT0-N0G72YP765.log,PASS,,,,,,,,,Jan 14 2020 7:28:46.0260 PM,Jan 14 2020 7:28:46.0320 PM,.006
52. Process,Copy Log,Copy pdcaSummary.csv To Folder,cp /vault/Atlas/Hyperion/Unit_1_F79462/AtlasLogs/Plugins/DRCB/pdcaSummary.csv /Users/gdlocal/TestLog/AtlasLogs-N0G72YP765-2020-01-14-192845/pdcaSummary-QT0-N0G72YP765.csv,PASS,,,,,,,,,Jan 14 2020 7:28:46.0340 PM,Jan 14 2020 7:28:46.0390 PM,.0047
52. Process,Copy Log,Copy rawuart.log To Folder,cp /vault/Atlas/Hyperion/Unit_1_F79462/AtlasLogs/Plugins/EFIDut/rawuart.log /Users/gdlocal/TestLog/AtlasLogs-N0G72YP765-2020-01-14-192845/rawuart-QT0-N0G72YP765.log,PASS,,,,,,,,,Jan 14 2020 7:28:46.0400 PM,Jan 14 2020 7:28:46.0450 PM,.005
52. Process,Copy Log,Copy gh_station_info.json To Folder,cp /vault/data_collection/test_station_config/gh_station_info.json /Users/gdlocal/TestLog/AtlasLogs-N0G72YP765-2020-01-14-192845/QT0-N0G72YP765-gh_station_info.json,PASS,,,,,,,,,Jan 14 2020 7:28:46.0470 PM,Jan 14 2020 7:28:46.0520 PM,.0051
52. Process,Copy Log,DRCB,AddBlob,PASS,,,,,,,,,Jan 14 2020 7:28:46.0540 PM,Jan 14 2020 7:28:46.0540 PM,.0002
53. Process,,,,,,,,,,,,,Jan 14 2020 7:28:46.0580 PM,Jan 14 2020 7:28:46.8160 PM,.758
53. Process,Finish DRCB,DRCB,Finish,PASS,,,,,,,,,Jan 14 2020 7:28:46.0630 PM,Jan 14 2020 7:28:46.8150 PM,.7514
54. Process,,,,,,,,,,,,,Jan 14 2020 7:28:46.8170 PM,Jan 14 2020 7:28:50.1780 PM,3.3611
54. Process,TEST_END,EFIDut,open,PASS,,,,,,,,,Jan 14 2020 7:28:46.8200 PM,Jan 14 2020 7:28:46.8820 PM,.0619
54. Process,TEST_END,Evaluate condition: DUT_TYPE CONTAINS 'N140',,PASS,,,,,,,,,Jan 14 2020 7:28:46.8850 PM,Jan 14 2020 7:28:46.8850 PM,0
54. Process,TEST_END,TEST_END,[EFIDut] cbskip,PASS,,,,,,,,,Jan 14 2020 7:28:46.8890 PM,Jan 14 2020 7:28:46.9450 PM,.0553
54. Process,TEST_END,TEST_END,[EFIDut] shutdown,PASS,,,,,,,,,Jan 14 2020 7:28:46.9480 PM,Jan 14 2020 7:28:47.9510 PM,1.0032
54. Process,TEST_END,TEST_END,[Fixture] Reset,PASS,,,,,,,,,Jan 14 2020 7:28:47.9550 PM,Jan 14 2020 7:28:50.1730 PM,2.218
54. Process,TEST_END,EFIDut,close,PASS,,,,,,,,,Jan 14 2020 7:28:50.1770 PM,Jan 14 2020 7:28:50.1770 PM,.0004
