Test,Plugin,Command,Status,Info,Start Time,End Time,Duration (s)
,StationUtils,checkPredicateFormat,PASS,,Jan 14 2020 7:28:01.0100 PM,Jan 14 2020 7:28:01.0100 PM,.0005
,StationUtils,checkPredicateFormat,PASS,,Jan 14 2020 7:28:01.0140 PM,Jan 14 2020 7:28:01.0150 PM,.0003
,StationUtils,checkPredicateFormat,PASS,,Jan 14 2020 7:28:01.0210 PM,Jan 14 2020 7:28:01.0210 PM,.0003
,StationUtils,checkPredicateFormat,PASS,,Jan 14 2020 7:28:01.0240 PM,Jan 14 2020 7:28:01.0240 PM,.0003
,StationUtils,checkPredicateFormat,PASS,,Jan 14 2020 7:28:01.0580 PM,Jan 14 2020 7:28:01.0580 PM,.0004
,StationUtils,checkPredicateFormat,PASS,,Jan 14 2020 7:28:01.0610 PM,Jan 14 2020 7:28:01.0620 PM,.0003
,StationUtils,checkPredicateFormat,PASS,,Jan 14 2020 7:28:01.0890 PM,Jan 14 2020 7:28:01.0890 PM,.0004
,StationUtils,checkPredicateFormat,PASS,,Jan 14 2020 7:28:01.2820 PM,Jan 14 2020 7:28:01.2830 PM,.0003
,StationUtils,checkPredicateFormat,PASS,,Jan 14 2020 7:28:01.2860 PM,Jan 14 2020 7:28:01.2860 PM,.0003
,StationUtils,checkPredicateFormat,PASS,,Jan 14 2020 7:28:01.2890 PM,Jan 14 2020 7:28:01.2900 PM,.0004
,StationUtils,checkPredicateFormat,PASS,,Jan 14 2020 7:28:01.2930 PM,Jan 14 2020 7:28:01.2930 PM,.0003
,StationUtils,checkPredicateFormat,PASS,,Jan 14 2020 7:28:01.2960 PM,Jan 14 2020 7:28:01.2970 PM,.0004
,StationUtils,checkPredicateFormat,PASS,,Jan 14 2020 7:28:01.3000 PM,Jan 14 2020 7:28:01.3010 PM,.0004
,StationUtils,checkPredicateFormat,PASS,,Jan 14 2020 7:28:01.3040 PM,Jan 14 2020 7:28:01.3040 PM,.0003
,StationUtils,checkPredicateFormat,PASS,,Jan 14 2020 7:28:01.3070 PM,Jan 14 2020 7:28:01.3080 PM,.0003
,StationUtils,checkPredicateFormat,PASS,,Jan 14 2020 7:28:01.3110 PM,Jan 14 2020 7:28:01.3120 PM,.0007
,StationUtils,checkPredicateFormat,PASS,,Jan 14 2020 7:28:01.3170 PM,Jan 14 2020 7:28:01.3180 PM,.0003
,StationUtils,checkPredicateFormat,PASS,,Jan 14 2020 7:28:01.3210 PM,Jan 14 2020 7:28:01.3210 PM,.0003
,StationUtils,checkPredicateFormat,PASS,,Jan 14 2020 7:28:01.3240 PM,Jan 14 2020 7:28:01.3250 PM,.0004
,StationUtils,checkPredicateFormat,PASS,,Jan 14 2020 7:28:01.3280 PM,Jan 14 2020 7:28:01.3290 PM,.0003
,StationUtils,checkPredicateFormat,PASS,,Jan 14 2020 7:28:01.3450 PM,Jan 14 2020 7:28:01.3450 PM,.0003
,StationUtils,checkPredicateFormat,PASS,,Jan 14 2020 7:28:01.3480 PM,Jan 14 2020 7:28:01.3490 PM,.0003
,StationUtils,checkPredicateFormat,PASS,,Jan 14 2020 7:28:01.3510 PM,Jan 14 2020 7:28:01.3520 PM,.0003
,StationUtils,checkPredicateFormat,PASS,,Jan 14 2020 7:28:01.3550 PM,Jan 14 2020 7:28:01.3550 PM,.0003
,StationUtils,checkPredicateFormat,PASS,,Jan 14 2020 7:28:01.3580 PM,Jan 14 2020 7:28:01.3580 PM,.0003
,StationUtils,checkPredicateFormat,PASS,,Jan 14 2020 7:28:01.3610 PM,Jan 14 2020 7:28:01.3610 PM,.0003
,StationUtils,checkPredicateFormat,PASS,,Jan 14 2020 7:28:01.3640 PM,Jan 14 2020 7:28:01.3640 PM,.0004
,StationUtils,checkPredicateFormat,PASS,,Jan 14 2020 7:28:01.3670 PM,Jan 14 2020 7:28:01.3680 PM,.0003
,StationUtils,checkPredicateFormat,PASS,,Jan 14 2020 7:28:01.3710 PM,Jan 14 2020 7:28:01.3710 PM,.0003
,StationUtils,checkPredicateFormat,PASS,,Jan 14 2020 7:28:01.3740 PM,Jan 14 2020 7:28:01.3740 PM,.0003
,StationUtils,checkPredicateFormat,PASS,,Jan 14 2020 7:28:01.3770 PM,Jan 14 2020 7:28:01.3770 PM,.0003
,StationUtils,checkPredicateFormat,PASS,,Jan 14 2020 7:28:01.3840 PM,Jan 14 2020 7:28:01.3840 PM,.0003
,StationUtils,checkPredicateFormat,PASS,,Jan 14 2020 7:28:01.3900 PM,Jan 14 2020 7:28:01.3900 PM,.0003
,StationUtils,checkPredicateFormat,PASS,,Jan 14 2020 7:28:01.5700 PM,Jan 14 2020 7:28:01.5700 PM,.0003
,StationUtils,checkPredicateFormat,PASS,,Jan 14 2020 7:28:01.5730 PM,Jan 14 2020 7:28:01.5730 PM,.0003
,StationUtils,checkPredicateFormat,PASS,,Jan 14 2020 7:28:01.6300 PM,Jan 14 2020 7:28:01.6310 PM,.0005
,StationUtils,checkPredicateFormat,PASS,,Jan 14 2020 7:28:01.6350 PM,Jan 14 2020 7:28:01.6350 PM,.0005
,StationUtils,checkPredicateFormat,PASS,,Jan 14 2020 7:28:01.6380 PM,Jan 14 2020 7:28:01.6390 PM,.0003
,StationUtils,checkPredicateFormat,PASS,,Jan 14 2020 7:28:01.6420 PM,Jan 14 2020 7:28:01.6420 PM,.0003
,StationUtils,checkPredicateFormat,PASS,,Jan 14 2020 7:28:01.6470 PM,Jan 14 2020 7:28:01.6480 PM,.0006
,StationUtils,checkPredicateFormat,PASS,,Jan 14 2020 7:28:01.6520 PM,Jan 14 2020 7:28:01.6520 PM,.0003
,StationUtils,checkPredicateFormat,PASS,,Jan 14 2020 7:28:01.6570 PM,Jan 14 2020 7:28:01.6570 PM,.0003
,StationUtils,checkPredicateFormat,PASS,,Jan 14 2020 7:28:01.6610 PM,Jan 14 2020 7:28:01.6610 PM,.0003
,StationUtils,checkPredicateFormat,PASS,,Jan 14 2020 7:28:01.6640 PM,Jan 14 2020 7:28:01.6640 PM,.0003
,StationUtils,checkPredicateFormat,PASS,,Jan 14 2020 7:28:01.6680 PM,Jan 14 2020 7:28:01.6680 PM,.0003
,StationUtils,checkPredicateFormat,PASS,,Jan 14 2020 7:28:01.6730 PM,Jan 14 2020 7:28:01.6730 PM,.0004
,StationUtils,checkPredicateFormat,PASS,,Jan 14 2020 7:28:01.6770 PM,Jan 14 2020 7:28:01.6770 PM,.0003
,StationUtils,checkPredicateFormat,PASS,,Jan 14 2020 7:28:01.6840 PM,Jan 14 2020 7:28:01.6840 PM,.0003
,StationUtils,checkPredicateFormat,PASS,,Jan 14 2020 7:28:01.6870 PM,Jan 14 2020 7:28:01.6870 PM,.0003
,StationUtils,checkPredicateFormat,PASS,,Jan 14 2020 7:28:01.7260 PM,Jan 14 2020 7:28:01.7270 PM,.0003
,StationUtils,checkPredicateFormat,PASS,,Jan 14 2020 7:28:01.7300 PM,Jan 14 2020 7:28:01.7300 PM,.0003
,StationUtils,checkPredicateFormat,PASS,,Jan 14 2020 7:28:01.7330 PM,Jan 14 2020 7:28:01.7340 PM,.0003
,StationUtils,checkPredicateFormat,PASS,,Jan 14 2020 7:28:01.7370 PM,Jan 14 2020 7:28:01.7370 PM,.0003
,StationUtils,checkPredicateFormat,PASS,,Jan 14 2020 7:28:01.7400 PM,Jan 14 2020 7:28:01.7410 PM,.0003
,StationUtils,checkPredicateFormat,PASS,,Jan 14 2020 7:28:01.7440 PM,Jan 14 2020 7:28:01.7440 PM,.0003
,StationUtils,checkPredicateFormat,PASS,,Jan 14 2020 7:28:01.7470 PM,Jan 14 2020 7:28:01.7470 PM,.0003
,StationUtils,checkPredicateFormat,PASS,,Jan 14 2020 7:28:01.7510 PM,Jan 14 2020 7:28:01.7510 PM,.0003
,StationUtils,checkPredicateFormat,PASS,,Jan 14 2020 7:28:01.8020 PM,Jan 14 2020 7:28:01.8030 PM,.0003
,StationUtils,checkPredicateFormat,PASS,,Jan 14 2020 7:28:01.8120 PM,Jan 14 2020 7:28:01.8120 PM,.0003
,StationUtils,checkPredicateFormat,PASS,,Jan 14 2020 7:28:01.8150 PM,Jan 14 2020 7:28:01.8150 PM,.0003
,StationUtils,checkPredicateFormat,PASS,,Jan 14 2020 7:28:01.8180 PM,Jan 14 2020 7:28:01.8180 PM,.0003
,StationUtils,checkPredicateFormat,PASS,,Jan 14 2020 7:28:01.8210 PM,Jan 14 2020 7:28:01.8220 PM,.0003
,StationUtils,checkPredicateFormat,PASS,,Jan 14 2020 7:28:01.8250 PM,Jan 14 2020 7:28:01.8250 PM,.0003
,StationUtils,checkPredicateFormat,PASS,,Jan 14 2020 7:28:01.8280 PM,Jan 14 2020 7:28:01.8280 PM,.0003
,StationUtils,checkPredicateFormat,PASS,,Jan 14 2020 7:28:01.8310 PM,Jan 14 2020 7:28:01.8310 PM,.0003
,StationUtils,checkPredicateFormat,PASS,,Jan 14 2020 7:28:01.8350 PM,Jan 14 2020 7:28:01.8350 PM,.0003
,StationUtils,checkPredicateFormat,PASS,,Jan 14 2020 7:28:01.8380 PM,Jan 14 2020 7:28:01.8380 PM,.0003
,StationUtils,checkPredicateFormat,PASS,,Jan 14 2020 7:28:01.8410 PM,Jan 14 2020 7:28:01.8420 PM,.0005
,StationUtils,checkPredicateFormat,PASS,,Jan 14 2020 7:28:01.8450 PM,Jan 14 2020 7:28:01.8450 PM,.0003
,StationUtils,checkPredicateFormat,PASS,,Jan 14 2020 7:28:01.8480 PM,Jan 14 2020 7:28:01.8480 PM,.0003
,StationUtils,checkPredicateFormat,PASS,,Jan 14 2020 7:28:01.8510 PM,Jan 14 2020 7:28:01.8520 PM,.0003
,StationUtils,checkPredicateFormat,PASS,,Jan 14 2020 7:28:01.8550 PM,Jan 14 2020 7:28:01.8550 PM,.0003
,StationUtils,checkPredicateFormat,PASS,,Jan 14 2020 7:28:01.8580 PM,Jan 14 2020 7:28:01.8590 PM,.0003
,StationUtils,checkPredicateFormat,PASS,,Jan 14 2020 7:28:01.8620 PM,Jan 14 2020 7:28:01.8620 PM,.0003
,StationUtils,checkPredicateFormat,PASS,,Jan 14 2020 7:28:01.8650 PM,Jan 14 2020 7:28:01.8660 PM,.0004
,StationUtils,checkPredicateFormat,PASS,,Jan 14 2020 7:28:01.8690 PM,Jan 14 2020 7:28:01.8690 PM,.0003
,StationUtils,checkPredicateFormat,PASS,,Jan 14 2020 7:28:01.9040 PM,Jan 14 2020 7:28:01.9040 PM,.0003
,StationUtils,checkPredicateFormat,PASS,,Jan 14 2020 7:28:01.9070 PM,Jan 14 2020 7:28:01.9070 PM,.0003
1. Process,RunCommand,RunCommandWithParameter,PASS,,Jan 14 2020 7:28:02.0560 PM,Jan 14 2020 7:28:02.0680 PM,.012
1. Process,RunCommand,RunCommandWithParameter,PASS,,Jan 14 2020 7:28:02.0700 PM,Jan 14 2020 7:28:02.0830 PM,.0134
3. INIT,EFIDut,open,PASS,,Jan 14 2020 7:28:05.7210 PM,Jan 14 2020 7:28:05.7910 PM,.0702
3. INIT,EFIDut,syncCmdResp,PASS,,Jan 14 2020 7:28:05.7950 PM,Jan 14 2020 7:28:05.8350 PM,.041
3. INIT,EFIDut,sendCommand,PASS,,Jan 14 2020 7:28:05.8390 PM,Jan 14 2020 7:28:05.8790 PM,.0403
4. FIXTURE,Fixture,changeDelimiter,PASS,,Jan 14 2020 7:28:05.8860 PM,Jan 14 2020 7:28:05.8860 PM,.0001
4. FIXTURE,Fixture,changeLineTerminator,PASS,,Jan 14 2020 7:28:05.8870 PM,Jan 14 2020 7:28:05.8870 PM,0
4. FIXTURE,Fixture,open,PASS,,Jan 14 2020 7:28:05.8890 PM,Jan 14 2020 7:28:05.9170 PM,.0278
4. FIXTURE,Fixture,read,PASS,,Jan 14 2020 7:28:05.9190 PM,Jan 14 2020 7:28:05.9400 PM,.021
4. FIXTURE,Fixture,sendCommand,PASS,,Jan 14 2020 7:28:06.1490 PM,Jan 14 2020 7:28:08.3590 PM,2.2103
4. FIXTURE,Fixture,sendCommand,PASS,,Jan 14 2020 7:28:08.3630 PM,Jan 14 2020 7:28:08.5030 PM,.1402
5. Process,EFIDut,sendCommand,PASS,,Jan 14 2020 7:28:08.5180 PM,Jan 14 2020 7:28:08.5600 PM,.0425
6. INIT,EFIDut,sendCommand,PASS,,Jan 14 2020 7:28:08.5660 PM,Jan 14 2020 7:28:08.7030 PM,.1371
7. INIT,EFIDut,sendCommand,PASS,,Jan 14 2020 7:28:08.7090 PM,Jan 14 2020 7:28:08.7350 PM,.0262
8. INIT,EFIDut,sendCommand,PASS,,Jan 14 2020 7:28:08.7410 PM,Jan 14 2020 7:28:09.1870 PM,.4468
9. INIT,EFIDut,sendCommand,PASS,,Jan 14 2020 7:28:11.1970 PM,Jan 14 2020 7:28:11.2560 PM,.059
9. INIT,EFIDut,sendCommand,PASS,,Jan 14 2020 7:28:11.2640 PM,Jan 14 2020 7:28:11.3630 PM,.0983
9. INIT,EFIDut,sendCommand,PASS,,Jan 14 2020 7:28:11.3690 PM,Jan 14 2020 7:28:11.4110 PM,.0415
9. INIT,EFIDut,sendCommand,PASS,,Jan 14 2020 7:28:11.4170 PM,Jan 14 2020 7:28:11.4430 PM,.0255
9. INIT,EFIDut,sendCommand,PASS,,Jan 14 2020 7:28:11.4490 PM,Jan 14 2020 7:28:11.4740 PM,.0256
11. INIT,EFIDut,sendCommand,PASS,,Jan 14 2020 7:28:11.4880 PM,Jan 14 2020 7:28:11.6200 PM,.1327
11. INIT,EFIDut,sendCommand,PASS,,Jan 14 2020 7:28:11.6320 PM,Jan 14 2020 7:28:11.6820 PM,.0498
11. INIT,EFIDut,sendCommand,PASS,,Jan 14 2020 7:28:11.6920 PM,Jan 14 2020 7:28:11.8280 PM,.1363
11. INIT,EFIDut,sendCommand,PASS,,Jan 14 2020 7:28:11.8350 PM,Jan 14 2020 7:28:11.8730 PM,.0377
12. POWER,EFIDut,sendCommand,PASS,,Jan 14 2020 7:28:11.8880 PM,Jan 14 2020 7:28:12.0510 PM,.1628
12. POWER,EFIDut,sendCommand,PASS,,Jan 14 2020 7:28:12.0540 PM,Jan 14 2020 7:28:12.0930 PM,.0381
12. POWER,EFIDut,sendCommand,PASS,,Jan 14 2020 7:28:12.0960 PM,Jan 14 2020 7:28:12.1960 PM,.1001
12. POWER,EFIDut,sendCommand,PASS,,Jan 14 2020 7:28:12.2000 PM,Jan 14 2020 7:28:12.2420 PM,.0425
12. POWER,EFIDut,sendCommand,PASS,,Jan 14 2020 7:28:12.2460 PM,Jan 14 2020 7:28:12.2860 PM,.0401
13. INIT,SFCSupport,getAttribute,PASS,,Jan 14 2020 7:28:12.2930 PM,Jan 14 2020 7:28:12.3320 PM,.0397
13. INIT,EFIDut,sendCommand,PASS,,Jan 14 2020 7:28:12.3390 PM,Jan 14 2020 7:28:12.4620 PM,.1229
14. INIT,EFIDut,sendCommand,PASS,,Jan 14 2020 7:28:12.4680 PM,Jan 14 2020 7:28:12.5060 PM,.0386
15. Process,EFIDut,close,PASS,,Jan 14 2020 7:28:12.5170 PM,Jan 14 2020 7:28:12.5170 PM,.0003
16. Process,DRCB,startDataReporting,PASS,,Jan 14 2020 7:28:12.6360 PM,Jan 14 2020 7:28:12.6630 PM,.0271
17. Process,EFIDut,open,PASS,,Jan 14 2020 7:28:12.6700 PM,Jan 14 2020 7:28:12.7320 PM,.062
17. Process,EFIDut,close,PASS,,Jan 14 2020 7:28:12.7360 PM,Jan 14 2020 7:28:12.7360 PM,.0004
17. Process,DRCB,startControlBits,PASS,,Jan 14 2020 7:28:12.7410 PM,Jan 14 2020 7:28:13.1250 PM,.3845
18. Process,EFIDut,open,PASS,,Jan 14 2020 7:28:13.2380 PM,Jan 14 2020 7:28:13.2990 PM,.0613
18. Process,EFIDut,syncCmdResp,PASS,,Jan 14 2020 7:28:13.3020 PM,Jan 14 2020 7:28:13.3430 PM,.0404
19. INIT,EFIDut,sendCommand,PASS,,Jan 14 2020 7:28:13.3480 PM,Jan 14 2020 7:28:13.4550 PM,.1063
20. INIT,SFCSupport,getAttribute,PASS,,Jan 14 2020 7:28:13.4630 PM,Jan 14 2020 7:28:13.4670 PM,.004
20. INIT,SFCSupport,getAttribute,PASS,,Jan 14 2020 7:28:13.4690 PM,Jan 14 2020 7:28:13.4730 PM,.0036
20. INIT,EFIDut,sendCommand,PASS,,Jan 14 2020 7:28:13.4790 PM,Jan 14 2020 7:28:13.5190 PM,.0391
20. INIT,EFIDut,sendCommand,PASS,,Jan 14 2020 7:28:13.5270 PM,Jan 14 2020 7:28:13.5660 PM,.0387
20. INIT,EFIDut,sendCommand,PASS,,Jan 14 2020 7:28:13.5700 PM,Jan 14 2020 7:28:13.6140 PM,.0433
20. INIT,SFCSupport,getAttribute,PASS,,Jan 14 2020 7:28:13.6220 PM,Jan 14 2020 7:28:13.6250 PM,.0032
20. INIT,SFCSupport,getAttribute,PASS,,Jan 14 2020 7:28:13.6270 PM,Jan 14 2020 7:28:13.6300 PM,.0035
20. INIT,SFCSupport,getAttribute,PASS,,Jan 14 2020 7:28:13.6320 PM,Jan 14 2020 7:28:13.6370 PM,.0044
20. INIT,SFCSupport,getAttribute,PASS,,Jan 14 2020 7:28:13.6390 PM,Jan 14 2020 7:28:13.6420 PM,.0033
20. INIT,SFCSupport,getAttribute,PASS,,Jan 14 2020 7:28:13.6440 PM,Jan 14 2020 7:28:13.6480 PM,.0037
20. INIT,SFCSupport,getAttribute,PASS,,Jan 14 2020 7:28:13.6500 PM,Jan 14 2020 7:28:13.6530 PM,.0033
20. INIT,SFCSupport,getAttribute,PASS,,Jan 14 2020 7:28:13.6550 PM,Jan 14 2020 7:28:13.6590 PM,.0039
20. INIT,SFCSupport,getAttribute,PASS,,Jan 14 2020 7:28:13.6600 PM,Jan 14 2020 7:28:13.6640 PM,.0035
20. INIT,EFIDut,sendCommand,PASS,,Jan 14 2020 7:28:13.6720 PM,Jan 14 2020 7:28:13.7570 PM,.0856
20. INIT,EFIDut,sendCommand,PASS,,Jan 14 2020 7:28:13.7610 PM,Jan 14 2020 7:28:13.8030 PM,.0422
20. INIT,EFIDut,sendCommand,PASS,,Jan 14 2020 7:28:13.8120 PM,Jan 14 2020 7:28:14.0110 PM,.1986
20. INIT,EFIDut,sendCommand,PASS,,Jan 14 2020 7:28:14.0140 PM,Jan 14 2020 7:28:14.0580 PM,.0442
20. INIT,EFIDut,sendCommand,PASS,,Jan 14 2020 7:28:14.0700 PM,Jan 14 2020 7:28:14.2500 PM,.1803
20. INIT,EFIDut,sendCommand,PASS,,Jan 14 2020 7:28:14.2540 PM,Jan 14 2020 7:28:14.2970 PM,.0433
20. INIT,SFCSupport,getAttribute,PASS,,Jan 14 2020 7:28:14.3060 PM,Jan 14 2020 7:28:14.3100 PM,.0033
20. INIT,EFIDut,sendCommand,PASS,,Jan 14 2020 7:28:14.3140 PM,Jan 14 2020 7:28:14.3930 PM,.0791
20. INIT,EFIDut,sendCommand,PASS,,Jan 14 2020 7:28:14.3970 PM,Jan 14 2020 7:28:14.4390 PM,.0421
20. INIT,EFIDut,sendCommand,PASS,,Jan 14 2020 7:28:14.4500 PM,Jan 14 2020 7:28:14.5350 PM,.0845
20. INIT,EFIDut,sendCommand,PASS,,Jan 14 2020 7:28:14.5380 PM,Jan 14 2020 7:28:14.5830 PM,.0444
20. INIT,EFIDut,sendCommand,PASS,,Jan 14 2020 7:28:14.5920 PM,Jan 14 2020 7:28:14.6480 PM,.056
20. INIT,EFIDut,sendCommand,PASS,,Jan 14 2020 7:28:14.6540 PM,Jan 14 2020 7:28:14.7590 PM,.1055
20. INIT,EFIDut,sendCommand,PASS,,Jan 14 2020 7:28:14.7630 PM,Jan 14 2020 7:28:14.8070 PM,.0444
21. FIXTURE,Fixture,sendCommand,PASS,,Jan 14 2020 7:28:14.8190 PM,Jan 14 2020 7:28:17.9180 PM,3.099
22. TRISTAR,EFIDut,close,PASS,,Jan 14 2020 7:28:17.9230 PM,Jan 14 2020 7:28:17.9230 PM,.0004
22. TRISTAR,FileParser,JsonParsing,PASS,,Jan 14 2020 7:28:17.9270 PM,Jan 14 2020 7:28:17.9280 PM,.0006
22. TRISTAR,EZLink1,EZLink,PASS,,Jan 14 2020 7:28:17.9310 PM,Jan 14 2020 7:28:19.1280 PM,1.1973
22. TRISTAR,EFIDut,open,PASS,,Jan 14 2020 7:28:19.1340 PM,Jan 14 2020 7:28:19.1900 PM,.0567
22. TRISTAR,EFIDut,sendCommand,PASS,,Jan 14 2020 7:28:19.1940 PM,Jan 14 2020 7:28:19.4290 PM,.2351
22. TRISTAR,EFIDut,sendCommand,PASS,,Jan 14 2020 7:28:19.4350 PM,Jan 14 2020 7:28:19.4750 PM,.0392
23. LISA,EFIDut,sendCommand,PASS,,Jan 14 2020 7:28:19.4800 PM,Jan 14 2020 7:28:19.5300 PM,.0498
23. LISA,EFIDut,sendCommand,PASS,,Jan 14 2020 7:28:19.5360 PM,Jan 14 2020 7:28:19.6900 PM,.1534
23. LISA,EFIDut,sendCommand,PASS,,Jan 14 2020 7:28:19.6960 PM,Jan 14 2020 7:28:19.7330 PM,.0372
23. LISA,EFIDut,sendCommand,PASS,,Jan 14 2020 7:28:19.7370 PM,Jan 14 2020 7:28:19.7740 PM,.0374
23. LISA,EFIDut,sendCommand,PASS,,Jan 14 2020 7:28:19.7810 PM,Jan 14 2020 7:28:19.8260 PM,.0456
23. LISA,EFIDut,sendCommand,PASS,,Jan 14 2020 7:28:19.8350 PM,Jan 14 2020 7:28:19.8810 PM,.0456
23. LISA,EFIDut,sendCommand,PASS,,Jan 14 2020 7:28:19.8850 PM,Jan 14 2020 7:28:19.9320 PM,.0471
23. LISA,EFIDut,sendCommand,PASS,,Jan 14 2020 7:28:19.9380 PM,Jan 14 2020 7:28:19.9780 PM,.0396
23. LISA,EFIDut,sendCommand,PASS,,Jan 14 2020 7:28:19.9840 PM,Jan 14 2020 7:28:20.4940 PM,.5103
24. FIXTURE,Fixture,sendCommand,PASS,,Jan 14 2020 7:28:20.5010 PM,Jan 14 2020 7:28:20.7150 PM,.2142
25. LISA,EFIDut,sendCommand,PASS,,Jan 14 2020 7:28:20.7200 PM,Jan 14 2020 7:28:22.2510 PM,1.5308
25. LISA,EFIDut,sendCommand,PASS,,Jan 14 2020 7:28:22.2550 PM,Jan 14 2020 7:28:22.2950 PM,.0403
25. LISA,EFIDut,sendCommand,PASS,,Jan 14 2020 7:28:22.2990 PM,Jan 14 2020 7:28:22.3470 PM,.048
25. LISA,EFIDut,sendCommand,PASS,,Jan 14 2020 7:28:22.3510 PM,Jan 14 2020 7:28:26.1980 PM,3.8478
25. LISA,EFIDut,sendCommand,PASS,,Jan 14 2020 7:28:26.2170 PM,Jan 14 2020 7:28:26.4000 PM,.1835
25. LISA,EFIDut,sendCommand,PASS,,Jan 14 2020 7:28:26.4040 PM,Jan 14 2020 7:28:26.4460 PM,.042
25. LISA,EFIDut,sendCommand,PASS,,Jan 14 2020 7:28:26.4490 PM,Jan 14 2020 7:28:26.4980 PM,.0483
25. LISA,Fixture,sendCommand,PASS,,Jan 14 2020 7:28:26.5020 PM,Jan 14 2020 7:28:26.5170 PM,.0155
25. LISA,EFIDut,sendCommand,PASS,,Jan 14 2020 7:28:26.5210 PM,Jan 14 2020 7:28:27.1050 PM,.5843
25. LISA,EFIDut,sendCommand,PASS,,Jan 14 2020 7:28:27.1080 PM,Jan 14 2020 7:28:27.2170 PM,.1083
25. LISA,EFIDut,sendCommand,PASS,,Jan 14 2020 7:28:27.2210 PM,Jan 14 2020 7:28:27.2480 PM,.0277
26. POWER,EFIDut,sendCommand,PASS,,Jan 14 2020 7:28:27.2660 PM,Jan 14 2020 7:28:27.3290 PM,.0627
26. POWER,EFIDut,sendCommand,PASS,,Jan 14 2020 7:28:27.3370 PM,Jan 14 2020 7:28:27.3760 PM,.0394
27. IMU,EFIDut,sendCommand,PASS,,Jan 14 2020 7:28:27.3850 PM,Jan 14 2020 7:28:27.4300 PM,.0448
28. IMU,EFIDut,sendCommand,PASS,,Jan 14 2020 7:28:27.4360 PM,Jan 14 2020 7:28:27.7320 PM,.2961
29. IMU,EFIDut,sendCommand,PASS,,Jan 14 2020 7:28:27.7400 PM,Jan 14 2020 7:28:27.7990 PM,.0588
30. IMU,StationUtils,evaluatePredicate,PASS,,Jan 14 2020 7:28:27.8050 PM,Jan 14 2020 7:28:27.8060 PM,.0001
30. IMU,EFIDut,sendCommand,PASS,,Jan 14 2020 7:28:27.8090 PM,Jan 14 2020 7:28:27.8650 PM,.0558
30. IMU,StationUtils,evaluatePredicate,PASS,,Jan 14 2020 7:28:27.8680 PM,Jan 14 2020 7:28:27.8680 PM,.0001
30. IMU,StationUtils,evaluatePredicate,PASS,,Jan 14 2020 7:28:27.8740 PM,Jan 14 2020 7:28:27.8740 PM,.0001
30. IMU,StationUtils,evaluatePredicate,PASS,,Jan 14 2020 7:28:27.8800 PM,Jan 14 2020 7:28:27.8800 PM,.0001
30. IMU,StationUtils,evaluatePredicate,PASS,,Jan 14 2020 7:28:27.8860 PM,Jan 14 2020 7:28:27.8860 PM,.0001
30. IMU,StationUtils,evaluatePredicate,PASS,,Jan 14 2020 7:28:27.8920 PM,Jan 14 2020 7:28:27.8920 PM,.0001
31. IMU,StationUtils,evaluatePredicate,PASS,,Jan 14 2020 7:28:27.9020 PM,Jan 14 2020 7:28:27.9020 PM,.0001
31. IMU,EFIDut,sendCommand,PASS,,Jan 14 2020 7:28:27.9060 PM,Jan 14 2020 7:28:28.1520 PM,.2464
31. IMU,StationUtils,evaluatePredicate,PASS,,Jan 14 2020 7:28:28.1540 PM,Jan 14 2020 7:28:28.1550 PM,.0001
31. IMU,StationUtils,evaluatePredicate,PASS,,Jan 14 2020 7:28:28.1600 PM,Jan 14 2020 7:28:28.1600 PM,.0001
32. IMU,EFIDut,sendCommand,PASS,,Jan 14 2020 7:28:28.1680 PM,Jan 14 2020 7:28:28.2240 PM,.0552
33. IMU,EFIDut,sendCommand,PASS,,Jan 14 2020 7:28:28.2370 PM,Jan 14 2020 7:28:28.5320 PM,.2953
34. IMU,EFIDut,sendCommand,PASS,,Jan 14 2020 7:28:28.5380 PM,Jan 14 2020 7:28:28.6880 PM,.1504
34. IMU,EFIDut,sendCommand,PASS,,Jan 14 2020 7:28:28.6920 PM,Jan 14 2020 7:28:28.9410 PM,.2482
35. IMU,EFIDut,sendCommand,PASS,,Jan 14 2020 7:28:28.9490 PM,Jan 14 2020 7:28:29.2430 PM,.294
35. IMU,EFIDut,sendCommand,PASS,,Jan 14 2020 7:28:29.2470 PM,Jan 14 2020 7:28:29.2950 PM,.0485
35. IMU,StationUtils,evaluatePredicate,PASS,,Jan 14 2020 7:28:29.2980 PM,Jan 14 2020 7:28:29.2980 PM,.0001
35. IMU,EFIDut,sendCommand,PASS,,Jan 14 2020 7:28:29.3010 PM,Jan 14 2020 7:28:29.3400 PM,.0389
35. IMU,StationUtils,evaluatePredicate,PASS,,Jan 14 2020 7:28:29.3420 PM,Jan 14 2020 7:28:29.3430 PM,.0001
35. IMU,EFIDut,sendCommand,PASS,,Jan 14 2020 7:28:29.3460 PM,Jan 14 2020 7:28:29.3930 PM,.047
35. IMU,StationUtils,evaluatePredicate,PASS,,Jan 14 2020 7:28:29.3950 PM,Jan 14 2020 7:28:29.3960 PM,.0001
35. IMU,EFIDut,sendCommand,PASS,,Jan 14 2020 7:28:29.3990 PM,Jan 14 2020 7:28:29.5770 PM,.178
35. IMU,StationUtils,evaluatePredicate,PASS,,Jan 14 2020 7:28:29.5800 PM,Jan 14 2020 7:28:29.5800 PM,0
35. IMU,EFIDut,sendCommand,PASS,,Jan 14 2020 7:28:29.5830 PM,Jan 14 2020 7:28:29.7160 PM,.1333
35. IMU,StationUtils,evaluatePredicate,PASS,,Jan 14 2020 7:28:29.7190 PM,Jan 14 2020 7:28:29.7190 PM,.0001
35. IMU,EFIDut,sendCommand,PASS,,Jan 14 2020 7:28:29.7220 PM,Jan 14 2020 7:28:29.8580 PM,.1356
35. IMU,StationUtils,evaluatePredicate,PASS,,Jan 14 2020 7:28:29.8600 PM,Jan 14 2020 7:28:29.8600 PM,.0001
35. IMU,EFIDut,sendCommand,PASS,,Jan 14 2020 7:28:29.8640 PM,Jan 14 2020 7:28:29.9170 PM,.0534
35. IMU,StationUtils,evaluatePredicate,PASS,,Jan 14 2020 7:28:29.9200 PM,Jan 14 2020 7:28:29.9200 PM,.0001
35. IMU,StationUtils,evaluatePredicate,PASS,,Jan 14 2020 7:28:29.9220 PM,Jan 14 2020 7:28:29.9220 PM,0
35. IMU,StationUtils,evaluatePredicate,PASS,,Jan 14 2020 7:28:29.9250 PM,Jan 14 2020 7:28:29.9250 PM,0
35. IMU,StationUtils,evaluatePredicate,PASS,,Jan 14 2020 7:28:29.9270 PM,Jan 14 2020 7:28:29.9280 PM,0
35. IMU,StationUtils,evaluatePredicate,PASS,,Jan 14 2020 7:28:29.9300 PM,Jan 14 2020 7:28:29.9300 PM,0
35. IMU,EFIDut,sendCommand,PASS,,Jan 14 2020 7:28:29.9340 PM,Jan 14 2020 7:28:29.9970 PM,.0631
35. IMU,EFIDut,sendCommand,PASS,,Jan 14 2020 7:28:30.0010 PM,Jan 14 2020 7:28:30.6600 PM,.6596
35. IMU,StationUtils,evaluatePredicate,PASS,,Jan 14 2020 7:28:30.6650 PM,Jan 14 2020 7:28:30.6650 PM,.0001
35. IMU,EFIDut,sendCommand,PASS,,Jan 14 2020 7:28:30.6750 PM,Jan 14 2020 7:28:30.7080 PM,.0326
35. IMU,StationUtils,evaluatePredicate,PASS,,Jan 14 2020 7:28:30.7100 PM,Jan 14 2020 7:28:30.7100 PM,.0001
35. IMU,EFIDut,sendCommand,PASS,,Jan 14 2020 7:28:30.7140 PM,Jan 14 2020 7:28:30.7610 PM,.0471
35. IMU,EFIDut,sendCommand,PASS,,Jan 14 2020 7:28:30.7640 PM,Jan 14 2020 7:28:30.8540 PM,.0893
36. PRESSURE,EFIDut,sendCommand,PASS,,Jan 14 2020 7:28:30.8620 PM,Jan 14 2020 7:28:30.9090 PM,.047
36. PRESSURE,EFIDut,sendCommand,PASS,,Jan 14 2020 7:28:30.9160 PM,Jan 14 2020 7:28:30.9560 PM,.0406
36. PRESSURE,EFIDut,sendCommand,PASS,,Jan 14 2020 7:28:30.9650 PM,Jan 14 2020 7:28:31.0310 PM,.0666
36. PRESSURE,StationUtils,evaluatePredicate,PASS,,Jan 14 2020 7:28:31.0340 PM,Jan 14 2020 7:28:31.0340 PM,.0001
36. PRESSURE,StationUtils,evaluatePredicate,PASS,,Jan 14 2020 7:28:31.0390 PM,Jan 14 2020 7:28:31.0390 PM,.0001
36. PRESSURE,StationUtils,evaluatePredicate,PASS,,Jan 14 2020 7:28:31.0440 PM,Jan 14 2020 7:28:31.0440 PM,0
36. PRESSURE,StationUtils,evaluatePredicate,PASS,,Jan 14 2020 7:28:31.0470 PM,Jan 14 2020 7:28:31.0470 PM,0
36. PRESSURE,StationUtils,evaluatePredicate,PASS,,Jan 14 2020 7:28:31.0490 PM,Jan 14 2020 7:28:31.0490 PM,0
36. PRESSURE,StationUtils,evaluatePredicate,PASS,,Jan 14 2020 7:28:31.0520 PM,Jan 14 2020 7:28:31.0520 PM,0
36. PRESSURE,StationUtils,evaluatePredicate,PASS,,Jan 14 2020 7:28:31.0540 PM,Jan 14 2020 7:28:31.0540 PM,0
36. PRESSURE,StationUtils,evaluatePredicate,PASS,,Jan 14 2020 7:28:31.0570 PM,Jan 14 2020 7:28:31.0570 PM,0
36. PRESSURE,EFIDut,sendCommand,PASS,,Jan 14 2020 7:28:31.0610 PM,Jan 14 2020 7:28:31.1130 PM,.0523
36. PRESSURE,EFIDut,sendCommand,PASS,,Jan 14 2020 7:28:31.1200 PM,Jan 14 2020 7:28:33.4530 PM,2.3335
36. PRESSURE,StationUtils,calculateExpression,PASS,,Jan 14 2020 7:28:33.4890 PM,Jan 14 2020 7:28:33.4890 PM,.0001
36. PRESSURE,StationUtils,calculateExpression,PASS,,Jan 14 2020 7:28:33.4960 PM,Jan 14 2020 7:28:33.4960 PM,.0001
36. PRESSURE,EFIDut,sendCommand,PASS,,Jan 14 2020 7:28:33.5000 PM,Jan 14 2020 7:28:33.5440 PM,.0441
37. COMPASS,EFIDut,sendCommand,PASS,,Jan 14 2020 7:28:33.5520 PM,Jan 14 2020 7:28:33.6020 PM,.05
37. COMPASS,EFIDut,sendCommand,PASS,,Jan 14 2020 7:28:33.6080 PM,Jan 14 2020 7:28:33.6550 PM,.0465
37. COMPASS,EFIDut,sendCommand,PASS,,Jan 14 2020 7:28:33.6620 PM,Jan 14 2020 7:28:33.7620 PM,.0997
37. COMPASS,EFIDut,sendCommand,PASS,,Jan 14 2020 7:28:33.7680 PM,Jan 14 2020 7:28:36.3950 PM,2.6273
38. COMPASS,EFIDut,sendCommand,PASS,,Jan 14 2020 7:28:36.4130 PM,Jan 14 2020 7:28:36.4570 PM,.044
38. COMPASS,EFIDut,sendCommand,PASS,,Jan 14 2020 7:28:36.4610 PM,Jan 14 2020 7:28:36.4980 PM,.0371
38. COMPASS,EFIDut,sendCommand,PASS,,Jan 14 2020 7:28:36.5020 PM,Jan 14 2020 7:28:36.5450 PM,.0427
39. CODEC,EFIDut,sendCommand,PASS,,Jan 14 2020 7:28:36.5520 PM,Jan 14 2020 7:28:36.6510 PM,.0989
39. CODEC,EFIDut,sendCommand,PASS,,Jan 14 2020 7:28:36.6550 PM,Jan 14 2020 7:28:36.6950 PM,.0403
39. CODEC,EFIDut,sendCommand,PASS,,Jan 14 2020 7:28:36.6990 PM,Jan 14 2020 7:28:36.7740 PM,.0753
39. CODEC,EFIDut,sendCommand,PASS,,Jan 14 2020 7:28:36.7910 PM,Jan 14 2020 7:28:36.9740 PM,.1833
39. CODEC,EFIDut,sendCommand,PASS,,Jan 14 2020 7:28:36.9840 PM,Jan 14 2020 7:28:37.0300 PM,.046
40. SPAM,EFIDut,close,PASS,,Jan 14 2020 7:28:37.0440 PM,Jan 14 2020 7:28:37.0440 PM,.0003
40. SPAM,StationUtils,evaluatePredicate,PASS,,Jan 14 2020 7:28:37.0470 PM,Jan 14 2020 7:28:37.0470 PM,.0001
40. SPAM,StationUtils,evaluatePredicate,PASS,,Jan 14 2020 7:28:37.0500 PM,Jan 14 2020 7:28:37.0500 PM,.0001
40. SPAM,EFIDut,open,PASS,,Jan 14 2020 7:28:37.0540 PM,Jan 14 2020 7:28:37.1110 PM,.0563
41. SENSOR,EFIDut,sendCommand,PASS,,Jan 14 2020 7:28:37.1170 PM,Jan 14 2020 7:28:38.6160 PM,1.4995
41. SENSOR,EFIDut,sendCommand,PASS,,Jan 14 2020 7:28:38.6200 PM,Jan 14 2020 7:28:38.6740 PM,.0543
41. SENSOR,EFIDut,sendCommand,PASS,,Jan 14 2020 7:28:38.6780 PM,Jan 14 2020 7:28:39.0460 PM,.3684
41. SENSOR,EFIDut,sendCommand,PASS,,Jan 14 2020 7:28:39.0860 PM,Jan 14 2020 7:28:39.1300 PM,.0439
41. SENSOR,EFIDut,sendCommand,PASS,,Jan 14 2020 7:28:39.1330 PM,Jan 14 2020 7:28:39.1840 PM,.0506
42. BUTTON,EFIDut,sendCommand,PASS,,Jan 14 2020 7:28:39.1900 PM,Jan 14 2020 7:28:39.2420 PM,.0516
42. BUTTON,Fixture,sendCommand,PASS,,Jan 14 2020 7:28:39.2510 PM,Jan 14 2020 7:28:41.3180 PM,2.0667
42. BUTTON,EFIDut,sendCommand,PASS,,Jan 14 2020 7:28:41.3210 PM,Jan 14 2020 7:28:41.3630 PM,.0415
42. BUTTON,Fixture,sendCommand,PASS,,Jan 14 2020 7:28:41.3700 PM,Jan 14 2020 7:28:42.1010 PM,.7312
42. BUTTON,EFIDut,sendCommand,PASS,,Jan 14 2020 7:28:42.1050 PM,Jan 14 2020 7:28:42.1440 PM,.0391
43. BUTTON,EFIDut,sendCommand,PASS,,Jan 14 2020 7:28:42.1530 PM,Jan 14 2020 7:28:42.1910 PM,.0385
43. BUTTON,Fixture,sendCommand,PASS,,Jan 14 2020 7:28:42.1960 PM,Jan 14 2020 7:28:44.0510 PM,1.8555
43. BUTTON,EFIDut,sendCommand,PASS,,Jan 14 2020 7:28:44.0550 PM,Jan 14 2020 7:28:44.0920 PM,.0374
44. RADIO,StationUtils,evaluatePredicate,PASS,,Jan 14 2020 7:28:44.1020 PM,Jan 14 2020 7:28:44.1030 PM,.0001
44. RADIO,EFIDut,sendCommand,PASS,,Jan 14 2020 7:28:44.1060 PM,Jan 14 2020 7:28:44.2040 PM,.0982
44. RADIO,StationUtils,evaluatePredicate,PASS,,Jan 14 2020 7:28:44.2070 PM,Jan 14 2020 7:28:44.2070 PM,.0001
44. RADIO,EFIDut,sendCommand,PASS,,Jan 14 2020 7:28:44.2100 PM,Jan 14 2020 7:28:45.5940 PM,1.3837
44. RADIO,StationUtils,evaluatePredicate,PASS,,Jan 14 2020 7:28:45.5960 PM,Jan 14 2020 7:28:45.5970 PM,.0001
44. RADIO,StationUtils,evaluatePredicate,PASS,,Jan 14 2020 7:28:45.6020 PM,Jan 14 2020 7:28:45.6020 PM,0
44. RADIO,StationUtils,evaluatePredicate,PASS,,Jan 14 2020 7:28:45.6070 PM,Jan 14 2020 7:28:45.6070 PM,.0001
44. RADIO,EFIDut,sendCommand,PASS,,Jan 14 2020 7:28:45.6100 PM,Jan 14 2020 7:28:45.6730 PM,.0629
45. RADIO,StationUtils,evaluatePredicate,PASS,,Jan 14 2020 7:28:45.6770 PM,Jan 14 2020 7:28:45.6770 PM,.0001
45. RADIO,StationUtils,evaluatePredicate,PASS,,Jan 14 2020 7:28:45.6800 PM,Jan 14 2020 7:28:45.6800 PM,.0001
46. RADIO,StationUtils,evaluatePredicate,PASS,,Jan 14 2020 7:28:45.6850 PM,Jan 14 2020 7:28:45.6850 PM,.0001
46. RADIO,StationUtils,evaluatePredicate,PASS,,Jan 14 2020 7:28:45.6880 PM,Jan 14 2020 7:28:45.6880 PM,.0001
47. RADIO,StationUtils,evaluatePredicate,PASS,,Jan 14 2020 7:28:45.6940 PM,Jan 14 2020 7:28:45.6940 PM,.0001
47. RADIO,StationUtils,evaluatePredicate,PASS,,Jan 14 2020 7:28:45.6970 PM,Jan 14 2020 7:28:45.6970 PM,.0001
47. RADIO,StationUtils,evaluatePredicate,PASS,,Jan 14 2020 7:28:45.7000 PM,Jan 14 2020 7:28:45.7000 PM,.0001
47. RADIO,StationUtils,evaluatePredicate,PASS,,Jan 14 2020 7:28:45.7030 PM,Jan 14 2020 7:28:45.7030 PM,.0001
47. RADIO,StationUtils,evaluatePredicate,PASS,,Jan 14 2020 7:28:45.7060 PM,Jan 14 2020 7:28:45.7060 PM,.0001
47. RADIO,StationUtils,evaluatePredicate,PASS,,Jan 14 2020 7:28:45.7090 PM,Jan 14 2020 7:28:45.7090 PM,.0001
47. RADIO,StationUtils,evaluatePredicate,PASS,,Jan 14 2020 7:28:45.7120 PM,Jan 14 2020 7:28:45.7130 PM,.0001
47. RADIO,StationUtils,evaluatePredicate,PASS,,Jan 14 2020 7:28:45.7160 PM,Jan 14 2020 7:28:45.7160 PM,0
48. RADIO,StationUtils,evaluatePredicate,PASS,,Jan 14 2020 7:28:45.7220 PM,Jan 14 2020 7:28:45.7220 PM,.0001
49. POWER,EFIDut,sendCommand,PASS,,Jan 14 2020 7:28:45.7280 PM,Jan 14 2020 7:28:45.7680 PM,.0401
50. Process,EFIDut,sendCommand,PASS,,Jan 14 2020 7:28:45.7750 PM,Jan 14 2020 7:28:45.8010 PM,.0258
50. Process,EFIDut,sendCommand,PASS,,Jan 14 2020 7:28:45.8040 PM,Jan 14 2020 7:28:45.8800 PM,.0759
51. Process,EFIDut,close,PASS,,Jan 14 2020 7:28:45.8860 PM,Jan 14 2020 7:28:45.8870 PM,.0003
52. Process,RunCommand,RunCommandWithParameter,PASS,,Jan 14 2020 7:28:46.0060 PM,Jan 14 2020 7:28:46.0100 PM,.0045
52. Process,RunCommand,RunCommandWithParameter,PASS,,Jan 14 2020 7:28:46.0130 PM,Jan 14 2020 7:28:46.0190 PM,.0057
52. Process,RunCommand,RunCommandWithParameter,PASS,,Jan 14 2020 7:28:46.0200 PM,Jan 14 2020 7:28:46.0250 PM,.0046
52. Process,RunCommand,RunCommandWithParameter,PASS,,Jan 14 2020 7:28:46.0260 PM,Jan 14 2020 7:28:46.0320 PM,.006
52. Process,RunCommand,RunCommandWithParameter,PASS,,Jan 14 2020 7:28:46.0340 PM,Jan 14 2020 7:28:46.0390 PM,.0047
52. Process,RunCommand,RunCommandWithParameter,PASS,,Jan 14 2020 7:28:46.0400 PM,Jan 14 2020 7:28:46.0450 PM,.0051
52. Process,RunCommand,RunCommandWithParameter,PASS,,Jan 14 2020 7:28:46.0470 PM,Jan 14 2020 7:28:46.0520 PM,.0051
52. Process,DRCB,addBlob,PASS,,Jan 14 2020 7:28:46.0540 PM,Jan 14 2020 7:28:46.0540 PM,.0002
53. Process,DRCB,finish,PASS,,Jan 14 2020 7:28:46.0630 PM,Jan 14 2020 7:28:46.8150 PM,.7514
54. Process,EFIDut,open,PASS,,Jan 14 2020 7:28:46.8200 PM,Jan 14 2020 7:28:46.8820 PM,.0619
54. Process,StationUtils,evaluatePredicate,PASS,,Jan 14 2020 7:28:46.8850 PM,Jan 14 2020 7:28:46.8850 PM,.0001
54. Process,EFIDut,sendCommand,PASS,,Jan 14 2020 7:28:46.8890 PM,Jan 14 2020 7:28:46.9450 PM,.0553
54. Process,EFIDut,sendCommand,PASS,,Jan 14 2020 7:28:46.9480 PM,Jan 14 2020 7:28:47.9520 PM,1.0032
54. Process,Fixture,sendCommand,PASS,,Jan 14 2020 7:28:47.9550 PM,Jan 14 2020 7:28:50.1730 PM,2.218
54. Process,EFIDut,close,PASS,,Jan 14 2020 7:28:50.1770 PM,Jan 14 2020 7:28:50.1770 PM,.0004
