document_version, 1.0
station_name,GATEKEEPER
station_id,FXLH_F05-4FT-02_2_GATEKEEPER
station_sw,Atlas
station_sw_version,Atlas

tag,start_time,duration
Scan_FG_SN, 1568880261.02, 2.32
Fixtureinit, 1568880263.35, 9.90
Start Data Reporting, 1568880273.25, 0.01
Start Control Bits, 1568880273.26, 0.32
Check_All_CB, 1568880273.59, 4.95
Check_Bootargs_Status, 1568880278.54, 7.23
Read_FG_SN, 1568880285.76, 3.58
Compare_FG_SN, 1568880289.34, 0.00
Get_SFC_Info, 1568880289.35, 1.10
MLB_SN, 1568880290.44, 0.49
WO_SN, 1568880290.93, 0.00
UNIT_LBL, 1568880290.94, 0.00
BUILD_EVENT, 1568880290.94, 0.00
BUILD_MATRIX_CONFIG, 1568880290.94, 0.00
UNIT#, 1568880290.94, 0.00
S_BUILD, 1568880290.95, 0.00
KBM_SN, 1568880290.95, 0.00
BACKLIGHT_SN, 1568880290.95, 0.00
TRACKPAD_SN, 1568880290.95, 0.00
TOUCH_FLEX_SN, 1568880290.95, 0.00
Check_EP_Status, 1568880290.96, 0.84
EP_Enable_All, 1568880291.80, 4.16
STFW, 1568880295.96, 0.43
Read_HW_Version, 1568880296.40, 3.70
GreenPAK_ID, 1568880300.09, 0.54
TOUCH_FW, 1568880300.64, 0.42
Read_CCG3_FW, 1568880301.05, 8.16
Production_Signed_Check, 1568880309.22, 0.43
Read_KBD_HW_Layout, 1568880309.65, 0.43
Get_KBD_HW_Layout, 1568880310.08, 0.00
Compare_KBD_HW_Layout, 1568880310.09, 0.00
Read_MLB_Lang, 1568880310.09, 0.36
Get_KBD_Lang, 1568880310.45, 0.00
Check_KBD_Lang, 1568880310.45, 0.00
Read_MFI_Address, 1568880310.45, 0.43
System_Critical_Errors, 1568880310.89, 3.66
FW_Update_Critical_Errors, 1568880314.55, 3.57
Key_Scan_Critical_Errors, 1568880318.11, 3.62
USBC_Critical_Errors, 1568880321.73, 3.54
Grape_Critical_Errors, 1568880325.27, 13.42
Critical_Errors_Summary, 1568880338.69, 0.48
Backlight_Critical_Errors, 1568880339.17, 0.37
Grape_Connector_Self_Critical_Errors, 1568880339.53, 0.44
full_test_durations, 1568880261.00, 78.97
Finish DRCB, 1568880339.97, 0.35
Fixturereset, 1568880340.32, 1.36
