Related Test,Type,Name,Value
Scan_FG_SN,Device,serialnumber,FTPZD028P3J4
Start Data Reporting,Device,softwarename,Atlas 1.9.2
Start Data Reporting,Device,serialnumber,FTPZD028P3J4
Start Data Reporting,Device,softwareversion,V1.1.3.2
Start Data Reporting,Device,limitsversion,1
Check_Bootargs_Status,Device,Check_Bootargs_Status,15 00 00 00 
Read_FG_SN,Device,Read_FG_SN,FTPZD028P3J4
Compare_FG_SN,Device,Compare_FG_SN,Pass
MLB_SN,Device,MLB_SN,DLX937500KPN6R52A
WO_SN,Device,WO_SN,WMT-J90016
UNIT_LBL,Device,UNIT_LBL,R118-P2_P21AK-NB_C00610
BUILD_EVENT,Device,Build_EVENT,R118-P2
S_BUILD,Device,S_BUILD,R118-P2_P21AK-NB
KBM_SN,Device,KBM_SN,C4P9322004FJCPV3M
BACKLIGHT_SN,Device,BACKLIGHT_SN,GV29364009FN3LN2J
TRACKPAD_SN,Device,TRACKPAD_SN,FM7934401EDN0LH17+V1J
TOUCH_FLEX_SN,Device,TOUCH_FLEX_SN,C47935308KHMW5D2J
Check_EP_Status,Device,Check_EP_Status,13 00 00 00 00 
EP_Enable_All,Device,EP_Enable_All,13 00 00 00 00
STFW,Device,STFW,0x0172
Read_HW_Version,Device,Read_HW_Version,0x03
GreenPAK_ID,Device,GreenPAK_ID,02
TOUCH_FW,Device,TOUCH_FW,0x0506
Read_CCG3_FW,Device,ReadCCG3FW,A0 02 00 0B 00 0B 00 0B 
Production_Signed_Check,Device,Production_Signed_Check,0x00
Read_KBD_HW_Layout,Device,Read_KBD_HW_Layout,0x21
Get_KBD_HW_Layout,Device,Get_KBD_HW_Layout,0x21
Compare_KBD_HW_Layout,Device,Compare_KBD_HW_Layout,Pass
Read_MLB_Lang,Device,Read_MLB_Lang,02 01 01 0F 49 16 16 
Get_KBD_Lang,Device,Get_KBD_Lang,02 01 01 0F 49 16 16
Check_KBD_Lang,Device,Check_KBD_Lang,"Read_MLB_Lang :02 01 01 0F 49 16 16  ,  Get_KBD_Lang :02 01 01 0F 49 16 16"
Read_MFI_Address,Device,Read_MFI_Address,0x10
