Related Test,Name-1,Name-2,Name-3,Status,Info,Measurement,Units,Upper Limit,Lower Limit,Relaxed Upper Limit,Relaxed Lower Limit,Limit Units,Start Time,End Time,Duration (s)
Scan_FG_SN,,,,,,,,,,,,,Sep 19 2019 4:04:21.0260 PM,Sep 19 2019 4:04:23.3460 PM,2.3205
Scan_FG_SN,Scan_FG_SN,AtlasApp-Hyperion,show-form,PASS,,,,,,,,,Sep 19 2019 4:04:21.0270 PM,Sep 19 2019 4:04:23.3450 PM,2.3183
Scan_FG_SN,Scan_FG_SN,Scan_FG_SN,FTPZD028P3J4,PASS,,,,,,,,,Sep 19 2019 4:04:23.3460 PM,Sep 19 2019 4:04:23.3460 PM,0
Fixtureinit,,,,,,,,,,,,,Sep 19 2019 4:04:23.3480 PM,Sep 19 2019 4:04:33.2440 PM,9.8957
Fixtureinit,Fixtureinit,Fixture,changeDelimiter,PASS,,,,,,,,,Sep 19 2019 4:04:23.3500 PM,Sep 19 2019 4:04:23.3500 PM,0
Fixtureinit,Fixtureinit,Fixture,changeLineTerminator,PASS,,,,,,,,,Sep 19 2019 4:04:23.3520 PM,Sep 19 2019 4:04:23.3520 PM,0
Fixtureinit,Fixtureinit,Fixture,open,PASS,,,,,,,,,Sep 19 2019 4:04:23.3540 PM,Sep 19 2019 4:04:24.9470 PM,1.5937
Fixtureinit,Fixtureinit,Fixture,read,PASS,,,,,,,,,Sep 19 2019 4:04:24.9490 PM,Sep 19 2019 4:04:24.9780 PM,.0289
Fixtureinit,Fixtureinit,P203,changeDelimiter,PASS,,,,,,,,,Sep 19 2019 4:04:24.9800 PM,Sep 19 2019 4:04:24.9800 PM,0
Fixtureinit,Fixtureinit,P203,changeLineTerminator,PASS,,,,,,,,,Sep 19 2019 4:04:24.9810 PM,Sep 19 2019 4:04:24.9810 PM,0
Fixtureinit,Fixtureinit,P203,open,PASS,,,,,,,,,Sep 19 2019 4:04:24.9830 PM,Sep 19 2019 4:04:26.5770 PM,1.5934
Fixtureinit,Fixtureinit,P203,read,PASS,,,,,,,,,Sep 19 2019 4:04:26.5780 PM,Sep 19 2019 4:04:26.6040 PM,.0261
Fixtureinit,Fixtureinit,[Fixture] isReady,sendCommand,PASS,,,,,,,,,Sep 19 2019 4:04:26.6060 PM,Sep 19 2019 4:04:26.6170 PM,.0112
Fixtureinit,Fixtureinit,[Fixture] Power off,sendCommand,PASS,,,,,,,,,Sep 19 2019 4:04:26.6190 PM,Sep 19 2019 4:04:26.6360 PM,.0171
Fixtureinit,Fixtureinit,[Fixture] Power on,sendCommand,PASS,,,,,,,,,Sep 19 2019 4:04:27.7040 PM,Sep 19 2019 4:04:27.7200 PM,.0164
Fixtureinit,Fixtureinit,[Fixture] Engage pogo,sendCommand,PASS,,,,,,,,,Sep 19 2019 4:04:29.7960 PM,Sep 19 2019 4:04:30.1180 PM,.3218
Fixtureinit,Fixtureinit,StationReportPlugin,isReporting,PASS,,,,,,,,,Sep 19 2019 4:04:33.2420 PM,Sep 19 2019 4:04:33.2420 PM,0
Start Data Reporting,,,,,,,,,,,,,Sep 19 2019 4:04:33.2480 PM,Sep 19 2019 4:04:33.2600 PM,.0124
Start Data Reporting,Start Data Reporting,DRCB,StartDataReporting,PASS,,,,,,,,,Sep 19 2019 4:04:33.2510 PM,Sep 19 2019 4:04:33.2590 PM,.0082
Start Control Bits,,,,,,,,,,,,,Sep 19 2019 4:04:33.2620 PM,Sep 19 2019 4:04:33.5860 PM,.323
Start Control Bits,Start Control Bits,DRCB,StartControlBits,PASS,,,,,,,,,Sep 19 2019 4:04:33.2640 PM,Sep 19 2019 4:04:33.5840 PM,.3207
Check_All_CB,,,,,,,,,,,,,Sep 19 2019 4:04:33.5880 PM,Sep 19 2019 4:04:38.5300 PM,4.9428
Check_All_CB,Check_All_CB,[Hid] /usr/local/bin/hidreport -p 0x026E -v 0x5ac -i 0 set 0x3f 0x3f 0x02 0x01,,PASS,,,,,,,,,Sep 19 2019 4:04:33.6310 PM,Sep 19 2019 4:04:33.6310 PM,0
Check_All_CB,Check_All_CB,[Hid] /usr/local/bin/hidreport -p 0x026E -v 0x5ac -i 0 get 0x3f,,PASS,,,,,,,,,Sep 19 2019 4:04:33.8610 PM,Sep 19 2019 4:04:33.8610 PM,0
Check_All_CB,Check_All_CB,CB_STATUS_MLB-FCT,,PASS,,3,,3,3,,,,Sep 19 2019 4:04:34.0470 PM,Sep 19 2019 4:04:34.0470 PM,0
Check_All_CB,Check_All_CB,ABS_ERASE_MLB-FCT,,PASS,,0,,,,,,,Sep 19 2019 4:04:34.0470 PM,Sep 19 2019 4:04:34.0470 PM,0
Check_All_CB,Check_All_CB,ABS_FAIL_MLB-FCT,,PASS,,0,,,,,,,Sep 19 2019 4:04:34.0470 PM,Sep 19 2019 4:04:34.0470 PM,0
Check_All_CB,Check_All_CB,REL_FAIL_MLB-FCT,,PASS,,0,,,,,,,Sep 19 2019 4:04:34.0470 PM,Sep 19 2019 4:04:34.0470 PM,0
Check_All_CB,Check_All_CB,[Hid] /usr/local/bin/hidreport -p 0x026E -v 0x5ac -i 0 set 0x3f 0x3f 0x02 0x02,,PASS,,,,,,,,,Sep 19 2019 4:04:34.0890 PM,Sep 19 2019 4:04:34.0890 PM,0
Check_All_CB,Check_All_CB,[Hid] /usr/local/bin/hidreport -p 0x026E -v 0x5ac -i 0 get 0x3f-2,,PASS,,,,,,,,,Sep 19 2019 4:04:34.2610 PM,Sep 19 2019 4:04:34.2610 PM,0
Check_All_CB,Check_All_CB,CB_STATUS_TEST1,,PASS,,3,,3,3,,,,Sep 19 2019 4:04:34.4480 PM,Sep 19 2019 4:04:34.4480 PM,0
Check_All_CB,Check_All_CB,ABS_ERASE_TEST1,,PASS,,0,,,,,,,Sep 19 2019 4:04:34.4490 PM,Sep 19 2019 4:04:34.4490 PM,0
Check_All_CB,Check_All_CB,ABS_FAIL_TEST1,,PASS,,0,,,,,,,Sep 19 2019 4:04:34.4490 PM,Sep 19 2019 4:04:34.4490 PM,0
Check_All_CB,Check_All_CB,REL_FAIL_TEST1,,PASS,,0,,,,,,,Sep 19 2019 4:04:34.4490 PM,Sep 19 2019 4:04:34.4490 PM,0
Check_All_CB,Check_All_CB,[Hid] /usr/local/bin/hidreport -p 0x026E -v 0x5ac -i 0 set 0x3f 0x3f 0x02 0x05,,PASS,,,,,,,,,Sep 19 2019 4:04:34.4890 PM,Sep 19 2019 4:04:34.4890 PM,0
Check_All_CB,Check_All_CB,[Hid] /usr/local/bin/hidreport -p 0x026E -v 0x5ac -i 0 get 0x3f-3,,PASS,,,,,,,,,Sep 19 2019 4:04:34.7240 PM,Sep 19 2019 4:04:34.7240 PM,0
Check_All_CB,Check_All_CB,CB_STATUS_QT0,,PASS,,3,,3,3,,,,Sep 19 2019 4:04:34.9210 PM,Sep 19 2019 4:04:34.9210 PM,0
Check_All_CB,Check_All_CB,ABS_ERASE_QT0,,PASS,,0,,,,,,,Sep 19 2019 4:04:34.9210 PM,Sep 19 2019 4:04:34.9210 PM,0
Check_All_CB,Check_All_CB,ABS_FAIL_QT0,,PASS,,1,,,,,,,Sep 19 2019 4:04:34.9210 PM,Sep 19 2019 4:04:34.9210 PM,0
Check_All_CB,Check_All_CB,REL_FAIL_QT0,,PASS,,1,,,,,,,Sep 19 2019 4:04:34.9210 PM,Sep 19 2019 4:04:34.9210 PM,0
Check_All_CB,Check_All_CB,[Hid] /usr/local/bin/hidreport -p 0x026E -v 0x5ac -i 0 set 0x3f 0x3f 0x02 0x06,,PASS,,,,,,,,,Sep 19 2019 4:04:34.9770 PM,Sep 19 2019 4:04:34.9770 PM,0
Check_All_CB,Check_All_CB,[Hid] /usr/local/bin/hidreport -p 0x026E -v 0x5ac -i 0 get 0x3f-4,,PASS,,,,,,,,,Sep 19 2019 4:04:35.2060 PM,Sep 19 2019 4:04:35.2060 PM,0
Check_All_CB,Check_All_CB,CB_STATUS_DFU2-FTW,,PASS,,3,,3,3,,,,Sep 19 2019 4:04:35.3920 PM,Sep 19 2019 4:04:35.3920 PM,0
Check_All_CB,Check_All_CB,ABS_ERASE_DFU2-FTW,,PASS,,0,,,,,,,Sep 19 2019 4:04:35.3930 PM,Sep 19 2019 4:04:35.3930 PM,0
Check_All_CB,Check_All_CB,ABS_FAIL_DFU2-FTW,,PASS,,0,,,,,,,Sep 19 2019 4:04:35.3930 PM,Sep 19 2019 4:04:35.3930 PM,0
Check_All_CB,Check_All_CB,REL_FAIL_DFU2-FTW,,PASS,,0,,,,,,,Sep 19 2019 4:04:35.3930 PM,Sep 19 2019 4:04:35.3930 PM,0
Check_All_CB,Check_All_CB,[Hid] /usr/local/bin/hidreport -p 0x026E -v 0x5ac -i 0 set 0x3f 0x3f 0x02 0x08,,PASS,,,,,,,,,Sep 19 2019 4:04:35.4350 PM,Sep 19 2019 4:04:35.4350 PM,0
Check_All_CB,Check_All_CB,[Hid] /usr/local/bin/hidreport -p 0x026E -v 0x5ac -i 0 get 0x3f-5,,PASS,,,,,,,,,Sep 19 2019 4:04:35.7150 PM,Sep 19 2019 4:04:35.7150 PM,0
Check_All_CB,Check_All_CB,CB_STATUS_QT1,,PASS,,3,,3,3,,,,Sep 19 2019 4:04:35.9040 PM,Sep 19 2019 4:04:35.9040 PM,0
Check_All_CB,Check_All_CB,ABS_ERASE_QT1,,PASS,,0,,,,,,,Sep 19 2019 4:04:35.9040 PM,Sep 19 2019 4:04:35.9040 PM,0
Check_All_CB,Check_All_CB,ABS_FAIL_QT1,,PASS,,2,,,,,,,Sep 19 2019 4:04:35.9050 PM,Sep 19 2019 4:04:35.9050 PM,0
Check_All_CB,Check_All_CB,REL_FAIL_QT1,,PASS,,2,,,,,,,Sep 19 2019 4:04:35.9050 PM,Sep 19 2019 4:04:35.9050 PM,0
Check_All_CB,Check_All_CB,[Hid] /usr/local/bin/hidreport -p 0x026E -v 0x5ac -i 0 set 0x3f 0x3f 0x02 0x09,,PASS,,,,,,,,,Sep 19 2019 4:04:35.9470 PM,Sep 19 2019 4:04:35.9470 PM,0
Check_All_CB,Check_All_CB,[Hid] /usr/local/bin/hidreport -p 0x026E -v 0x5ac -i 0 get 0x3f-6,,PASS,,,,,,,,,Sep 19 2019 4:04:36.1800 PM,Sep 19 2019 4:04:36.1800 PM,0
Check_All_CB,Check_All_CB,CB_STATUS_LED-TEST,,PASS,,3,,3,3,,,,Sep 19 2019 4:04:36.3660 PM,Sep 19 2019 4:04:36.3660 PM,0
Check_All_CB,Check_All_CB,ABS_ERASE_LED-TEST,,PASS,,0,,,,,,,Sep 19 2019 4:04:36.3660 PM,Sep 19 2019 4:04:36.3660 PM,0
Check_All_CB,Check_All_CB,ABS_FAIL_LED-TEST,,PASS,,0,,,,,,,Sep 19 2019 4:04:36.3660 PM,Sep 19 2019 4:04:36.3660 PM,0
Check_All_CB,Check_All_CB,REL_FAIL_LED-TEST,,PASS,,0,,,,,,,Sep 19 2019 4:04:36.3670 PM,Sep 19 2019 4:04:36.3670 PM,0
Check_All_CB,Check_All_CB,[Hid] /usr/local/bin/hidreport -p 0x026E -v 0x5ac -i 0 set 0x3f 0x3f 0x02 0x0A,,PASS,,,,,,,,,Sep 19 2019 4:04:36.4690 PM,Sep 19 2019 4:04:36.4690 PM,0
Check_All_CB,Check_All_CB,[Hid] /usr/local/bin/hidreport -p 0x026E -v 0x5ac -i 0 get 0x3f-7,,PASS,,,,,,,,,Sep 19 2019 4:04:36.7540 PM,Sep 19 2019 4:04:36.7540 PM,0
Check_All_CB,Check_All_CB,CB_STATUS_KEY-FORCE,,FAIL,Failed limits,0,,3,3,,,,Sep 19 2019 4:04:36.9390 PM,Sep 19 2019 4:04:36.9390 PM,0
Check_All_CB,Check_All_CB,ABS_ERASE_KEY-FORCE,,PASS,,0,,,,,,,Sep 19 2019 4:04:36.9390 PM,Sep 19 2019 4:04:36.9390 PM,0
Check_All_CB,Check_All_CB,ABS_FAIL_KEY-FORCE,,PASS,,0,,,,,,,Sep 19 2019 4:04:36.9390 PM,Sep 19 2019 4:04:36.9390 PM,0
Check_All_CB,Check_All_CB,REL_FAIL_KEY-FORCE,,PASS,,0,,,,,,,Sep 19 2019 4:04:36.9390 PM,Sep 19 2019 4:04:36.9390 PM,0
Check_All_CB,Check_All_CB,[Hid] /usr/local/bin/hidreport -p 0x026E -v 0x5ac -i 0 set 0x3f 0x3f 0x02 0x0B,,PASS,,,,,,,,,Sep 19 2019 4:04:36.9810 PM,Sep 19 2019 4:04:36.9810 PM,0
Check_All_CB,Check_All_CB,[Hid] /usr/local/bin/hidreport -p 0x026E -v 0x5ac -i 0 get 0x3f-8,,PASS,,,,,,,,,Sep 19 2019 4:04:37.2170 PM,Sep 19 2019 4:04:37.2170 PM,0
Check_All_CB,Check_All_CB,CB_STATUS_TEST2,,PASS,,3,,3,3,,,,Sep 19 2019 4:04:37.4030 PM,Sep 19 2019 4:04:37.4030 PM,0
Check_All_CB,Check_All_CB,ABS_ERASE_TEST2,,PASS,,0,,,,,,,Sep 19 2019 4:04:37.4040 PM,Sep 19 2019 4:04:37.4040 PM,0
Check_All_CB,Check_All_CB,ABS_FAIL_TEST2,,PASS,,0,,,,,,,Sep 19 2019 4:04:37.4040 PM,Sep 19 2019 4:04:37.4040 PM,0
Check_All_CB,Check_All_CB,REL_FAIL_TEST2,,PASS,,0,,,,,,,Sep 19 2019 4:04:37.4040 PM,Sep 19 2019 4:04:37.4040 PM,0
Check_All_CB,Check_All_CB,[Hid] /usr/local/bin/hidreport -p 0x026E -v 0x5ac -i 0 set 0x3f 0x3f 0x02 0x0C,,PASS,,,,,,,,,Sep 19 2019 4:04:37.4960 PM,Sep 19 2019 4:04:37.4960 PM,0
Check_All_CB,Check_All_CB,[Hid] /usr/local/bin/hidreport -p 0x026E -v 0x5ac -i 0 get 0x3f-9,,PASS,,,,,,,,,Sep 19 2019 4:04:37.7780 PM,Sep 19 2019 4:04:37.7780 PM,0
Check_All_CB,Check_All_CB,CB_STATUS_MMI,,PASS,,3,,3,3,,,,Sep 19 2019 4:04:37.9630 PM,Sep 19 2019 4:04:37.9630 PM,0
Check_All_CB,Check_All_CB,ABS_ERASE_MMI,,PASS,,0,,,,,,,Sep 19 2019 4:04:37.9630 PM,Sep 19 2019 4:04:37.9630 PM,0
Check_All_CB,Check_All_CB,ABS_FAIL_MMI,,PASS,,0,,,,,,,Sep 19 2019 4:04:37.9630 PM,Sep 19 2019 4:04:37.9630 PM,0
Check_All_CB,Check_All_CB,REL_FAIL_MMI,,PASS,,0,,,,,,,Sep 19 2019 4:04:37.9630 PM,Sep 19 2019 4:04:37.9630 PM,0
Check_All_CB,Check_All_CB,[Hid] /usr/local/bin/hidreport -p 0x026E -v 0x5ac -i 0 set 0x3f 0x3f 0x02 0x0D,,PASS,,,,,,,,,Sep 19 2019 4:04:38.0560 PM,Sep 19 2019 4:04:38.0560 PM,0
Check_All_CB,Check_All_CB,[Hid] /usr/local/bin/hidreport -p 0x026E -v 0x5ac -i 0 get 0x3f-10,,PASS,,,,,,,,,Sep 19 2019 4:04:38.3420 PM,Sep 19 2019 4:04:38.3420 PM,0
Check_All_CB,Check_All_CB,CB_STATUS_SW-DOWNLOAD,,PASS,,3,,3,3,,,,Sep 19 2019 4:04:38.5290 PM,Sep 19 2019 4:04:38.5290 PM,0
Check_All_CB,Check_All_CB,ABS_ERASE_SW-DOWNLOAD,,PASS,,0,,,,,,,Sep 19 2019 4:04:38.5300 PM,Sep 19 2019 4:04:38.5300 PM,0
Check_All_CB,Check_All_CB,ABS_FAIL_SW-DOWNLOAD,,PASS,,1,,,,,,,Sep 19 2019 4:04:38.5300 PM,Sep 19 2019 4:04:38.5300 PM,0
Check_All_CB,Check_All_CB,REL_FAIL_SW-DOWNLOAD,,PASS,,1,,,,,,,Sep 19 2019 4:04:38.5300 PM,Sep 19 2019 4:04:38.5300 PM,0
Check_Bootargs_Status,,,,,,,,,,,,,Sep 19 2019 4:04:38.5360 PM,Sep 19 2019 4:04:45.7620 PM,7.2262
Check_Bootargs_Status,Check_Bootargs_Status,"[Hid] /usr/local/bin/hidreport -v 0x05ac -p 0x026E -u 0xFF00,0x000B set 0x3d 0x3d 0x15 0x0 0x0 0x0",,PASS,,,,,,,,,Sep 19 2019 4:04:38.6200 PM,Sep 19 2019 4:04:38.6200 PM,0
Check_Bootargs_Status,Check_Bootargs_Status,"[Hid] /usr/local/bin/hidreport -v 0x05ac -p 0x026E -u 0xFF00,0x000B set 0x3d 0x3d 0x15 0x0 0x0 0x0-2",,PASS,,,,,,,,,Sep 19 2019 4:04:41.7610 PM,Sep 19 2019 4:04:41.7610 PM,0
Check_Bootargs_Status,Check_Bootargs_Status,"[Hid] /usr/local/bin/hidreport -v 0x05ac -p 0x026E -u 0xFF00,0x000B get 0x3e",,PASS,,,,,,,,,Sep 19 2019 4:04:42.2110 PM,Sep 19 2019 4:04:42.2110 PM,0
Check_Bootargs_Status,Check_Bootargs_Status,"[Hid] /usr/local/bin/hidreport -v 0x05ac -p 0x026E -u 0xFF00,0x000B get 0x3e-2",,PASS,,,,,,,,,Sep 19 2019 4:04:45.3750 PM,Sep 19 2019 4:04:45.3750 PM,0
Check_Bootargs_Status,Check_Bootargs_Status,Check_Bootargs_Status,15 00 00 00 ,PASS,,,,,,,,,Sep 19 2019 4:04:45.7620 PM,Sep 19 2019 4:04:45.7620 PM,0
Read_FG_SN,,,,,,,,,,,,,Sep 19 2019 4:04:45.7650 PM,Sep 19 2019 4:04:49.3420 PM,3.577
Read_FG_SN,Read_FG_SN,"[Hid] /usr/local/bin/hidreport -pid 0x026E -vid 0x05ac -usage 0xff00,0xb get 0x11",,PASS,,,,,,,,,Sep 19 2019 4:04:45.8130 PM,Sep 19 2019 4:04:45.8130 PM,0
Read_FG_SN,Read_FG_SN,"[Hid] /usr/local/bin/hidreport -pid 0x026E -vid 0x05ac -usage 0xff00,0xb get 0x11-2",,PASS,,,,,,,,,Sep 19 2019 4:04:48.9580 PM,Sep 19 2019 4:04:48.9580 PM,0
Read_FG_SN,Read_FG_SN,Read_FG_SN,FTPZD028P3J4,PASS,,,,,,,,,Sep 19 2019 4:04:49.3410 PM,Sep 19 2019 4:04:49.3410 PM,0
Compare_FG_SN,,,,,,,,,,,,,Sep 19 2019 4:04:49.3440 PM,Sep 19 2019 4:04:49.3440 PM,.0006
Compare_FG_SN,Compare_FG_SN,Compare_FG_SN,,PASS,,,,,,,,,Sep 19 2019 4:04:49.3440 PM,Sep 19 2019 4:04:49.3440 PM,0
Get_SFC_Info,,,,,,,,,,,,,Sep 19 2019 4:04:49.3460 PM,Sep 19 2019 4:04:50.4430 PM,1.0962
Get_SFC_Info,Get_SFC_Info,SFCSupport,getAttributes,PASS,,,,,,,,,Sep 19 2019 4:04:49.3480 PM,Sep 19 2019 4:04:50.3790 PM,1.0307
Get_SFC_Info,Get_SFC_Info,GET SFC info - unit_lbl,R118-P2_P21AK-NB_C00610,PASS,,,,,,,,,Sep 19 2019 4:04:50.3800 PM,Sep 19 2019 4:04:50.3800 PM,0
Get_SFC_Info,Get_SFC_Info,SFCSupport,getAttributes-2,PASS,,,,,,,,,Sep 19 2019 4:04:50.3810 PM,Sep 19 2019 4:04:50.3880 PM,.007
Get_SFC_Info,Get_SFC_Info,GET SFC info - wo_no,WMT-J90016,PASS,,,,,,,,,Sep 19 2019 4:04:50.3890 PM,Sep 19 2019 4:04:50.3890 PM,0
Get_SFC_Info,Get_SFC_Info,SFCSupport,getAttributes-3,PASS,,,,,,,,,Sep 19 2019 4:04:50.3900 PM,Sep 19 2019 4:04:50.3980 PM,.0078
Get_SFC_Info,Get_SFC_Info,GET SFC info - mlb_sn,DLX937500KPN6R52A,PASS,,,,,,,,,Sep 19 2019 4:04:50.3980 PM,Sep 19 2019 4:04:50.3980 PM,0
Get_SFC_Info,Get_SFC_Info,SFCSupport,getAttributes-4,PASS,,,,,,,,,Sep 19 2019 4:04:50.3990 PM,Sep 19 2019 4:04:50.4070 PM,.0078
Get_SFC_Info,Get_SFC_Info,GET SFC info - kbm_sn,C4P9322004FJCPV3M,PASS,,,,,,,,,Sep 19 2019 4:04:50.4080 PM,Sep 19 2019 4:04:50.4080 PM,0
Get_SFC_Info,Get_SFC_Info,SFCSupport,getAttributes-5,PASS,,,,,,,,,Sep 19 2019 4:04:50.4090 PM,Sep 19 2019 4:04:50.4180 PM,.0093
Get_SFC_Info,Get_SFC_Info,GET SFC info - trackpad_sn,FM7934401EDN0LH17+V1J,PASS,,,,,,,,,Sep 19 2019 4:04:50.4190 PM,Sep 19 2019 4:04:50.4190 PM,0
Get_SFC_Info,Get_SFC_Info,SFCSupport,getAttributes-6,PASS,,,,,,,,,Sep 19 2019 4:04:50.4200 PM,Sep 19 2019 4:04:50.4290 PM,.009
Get_SFC_Info,Get_SFC_Info,GET SFC info - backlight_sn,GV29364009FN3LN2J,PASS,,,,,,,,,Sep 19 2019 4:04:50.4300 PM,Sep 19 2019 4:04:50.4300 PM,0
Get_SFC_Info,Get_SFC_Info,SFCSupport,getAttributes-7,PASS,,,,,,,,,Sep 19 2019 4:04:50.4310 PM,Sep 19 2019 4:04:50.4420 PM,.0104
Get_SFC_Info,Get_SFC_Info,GET SFC info - touch_flex_sn,C47935308KHMW5D2J,PASS,,,,,,,,,Sep 19 2019 4:04:50.4420 PM,Sep 19 2019 4:04:50.4420 PM,0
MLB_SN,,,,,,,,,,,,,Sep 19 2019 4:04:50.4450 PM,Sep 19 2019 4:04:50.9300 PM,.4847
MLB_SN,MLB_SN,"[Hid] /usr/local/bin/hidreport -p 0x026E -vid 0x05ac -usage 0xff00,0xb get 0x12",,PASS,,,,,,,,,Sep 19 2019 4:04:50.5420 PM,Sep 19 2019 4:04:50.5420 PM,0
MLB_SN,MLB_SN,MLB_SN,DLX937500KPN6R52A,PASS,,,,,,,,,Sep 19 2019 4:04:50.9300 PM,Sep 19 2019 4:04:50.9300 PM,0
WO_SN,,,,,,,,,,,,,Sep 19 2019 4:04:50.9340 PM,Sep 19 2019 4:04:50.9350 PM,.0006
WO_SN,WO_SN,WO_SN,WMT-J90016,PASS,,,,,,,,,Sep 19 2019 4:04:50.9340 PM,Sep 19 2019 4:04:50.9340 PM,0
UNIT_LBL,,,,,,,,,,,,,Sep 19 2019 4:04:50.9360 PM,Sep 19 2019 4:04:50.9370 PM,.0004
UNIT_LBL,UNIT_LBL,UNIT_LBL,R118-P2_P21AK-NB_C00610,PASS,,,,,,,,,Sep 19 2019 4:04:50.9370 PM,Sep 19 2019 4:04:50.9370 PM,0
BUILD_EVENT,,,,,,,,,,,,,Sep 19 2019 4:04:50.9390 PM,Sep 19 2019 4:04:50.9390 PM,.0005
BUILD_EVENT,BUILD_EVENT,BUILD_EVENT: ,R118-P2,PASS,,,,,,,,,Sep 19 2019 4:04:50.9390 PM,Sep 19 2019 4:04:50.9390 PM,0
BUILD_MATRIX_CONFIG,,,,,,,,,,,,,Sep 19 2019 4:04:50.9410 PM,Sep 19 2019 4:04:50.9410 PM,.0005
BUILD_MATRIX_CONFIG,BUILD_MATRIX_CONFIG,BUILD_MATRIC_CONFIG: ,P21AK-NB,PASS,,,,,,,,,Sep 19 2019 4:04:50.9410 PM,Sep 19 2019 4:04:50.9410 PM,0
UNIT#,,,,,,,,,,,,,Sep 19 2019 4:04:50.9430 PM,Sep 19 2019 4:04:50.9440 PM,.0005
UNIT#,UNIT#,UNIT#: ,C00610,PASS,,,,,,,,,Sep 19 2019 4:04:50.9440 PM,Sep 19 2019 4:04:50.9440 PM,0
S_BUILD,,,,,,,,,,,,,Sep 19 2019 4:04:50.9460 PM,Sep 19 2019 4:04:50.9460 PM,.0005
S_BUILD,S_BUILD,S_BUILD: ,R118-P2_P21AK-NB,PASS,,,,,,,,,Sep 19 2019 4:04:50.9460 PM,Sep 19 2019 4:04:50.9460 PM,0
KBM_SN,,,,,,,,,,,,,Sep 19 2019 4:04:50.9480 PM,Sep 19 2019 4:04:50.9490 PM,.0008
KBM_SN,KBM_SN,KBM_SN,C4P9322004FJCPV3M,PASS,,,,,,,,,Sep 19 2019 4:04:50.9490 PM,Sep 19 2019 4:04:50.9490 PM,0
BACKLIGHT_SN,,,,,,,,,,,,,Sep 19 2019 4:04:50.9510 PM,Sep 19 2019 4:04:50.9510 PM,.0004
BACKLIGHT_SN,BACKLIGHT_SN,BACKLIGHT_SN,GV29364009FN3LN2J,PASS,,,,,,,,,Sep 19 2019 4:04:50.9510 PM,Sep 19 2019 4:04:50.9510 PM,0
TRACKPAD_SN,,,,,,,,,,,,,Sep 19 2019 4:04:50.9530 PM,Sep 19 2019 4:04:50.9530 PM,.0006
TRACKPAD_SN,TRACKPAD_SN,TRACKPAD_SN,FM7934401EDN0LH17+V1J,PASS,,,,,,,,,Sep 19 2019 4:04:50.9530 PM,Sep 19 2019 4:04:50.9530 PM,0
TOUCH_FLEX_SN,,,,,,,,,,,,,Sep 19 2019 4:04:50.9550 PM,Sep 19 2019 4:04:50.9560 PM,.0006
TOUCH_FLEX_SN,TOUCH_FLEX_SN,TOUCH_FLEX_SN,C47935308KHMW5D2J,PASS,,,,,,,,,Sep 19 2019 4:04:50.9560 PM,Sep 19 2019 4:04:50.9560 PM,0
Check_EP_Status,,,,,,,,,,,,,Sep 19 2019 4:04:50.9580 PM,Sep 19 2019 4:04:51.7990 PM,.8419
Check_EP_Status,Check_EP_Status,[Hid] /usr/local/bin/hidreport -v 0x05ac -p 0x026E -i 0 set 0x3D 0x3D 0x13 0x0 0x0 0x0,,PASS,,,,,,,,,Sep 19 2019 4:04:50.9990 PM,Sep 19 2019 4:04:50.9990 PM,0
Check_EP_Status,Check_EP_Status,[Hid] /usr/local/bin/hidreport -v 0x05ac -p 0x026E -i 0 get 0x3E,,PASS,,,,,,,,,Sep 19 2019 4:04:51.4850 PM,Sep 19 2019 4:04:51.4850 PM,0
Check_EP_Status,Check_EP_Status,Check_EP_Status,13 00 00 00 00 ,PASS,,,,,,,,,Sep 19 2019 4:04:51.7990 PM,Sep 19 2019 4:04:51.7990 PM,0
EP_Enable_All,,,,,,,,,,,,,Sep 19 2019 4:04:51.8020 PM,Sep 19 2019 4:04:55.9610 PM,4.1597
EP_Enable_All,EP_Enable_All,[Hid] /usr/local/bin/hidreport -v 0x05ac -p 0x026E -i 0 set 0x3E 0x3E 0x13 0x0 0x0 0x0 0x0,,PASS,,,,,,,,,Sep 19 2019 4:04:51.8950 PM,Sep 19 2019 4:04:51.8950 PM,0
EP_Enable_All,EP_Enable_All,EP_Enable_All,Pass,PASS,,,,,,,,,Sep 19 2019 4:04:52.2820 PM,Sep 19 2019 4:04:52.2820 PM,0
EP_Enable_All,EP_Enable_All,[Fixture] Power off,sendCommand,PASS,,,,,,,,,Sep 19 2019 4:04:52.2830 PM,Sep 19 2019 4:04:52.3020 PM,.0186
EP_Enable_All,EP_Enable_All,[Fixture] Power on,sendCommand,PASS,,,,,,,,,Sep 19 2019 4:04:52.8760 PM,Sep 19 2019 4:04:52.8930 PM,.0171
STFW,,,,,,,,,,,,,Sep 19 2019 4:04:55.9640 PM,Sep 19 2019 4:04:56.3940 PM,.4304
STFW,STFW,[Hid] /usr/local/bin/hidreport -pid 0x026E -vid 0x05ac -interface 0 get 0xb4,,PASS,,,,,,,,,Sep 19 2019 4:04:56.0100 PM,Sep 19 2019 4:04:56.0100 PM,0
STFW,STFW,STFW,,PASS,,370,,370,370,,,,Sep 19 2019 4:04:56.3940 PM,Sep 19 2019 4:04:56.3940 PM,0
Read_HW_Version,,,,,,,,,,,,,Sep 19 2019 4:04:56.3960 PM,Sep 19 2019 4:05:00.0920 PM,3.6959
Read_HW_Version,Read_HW_Version,"[Hid] /usr/local/bin/hidreport -pid 0x026E -vid 0x05ac -usage 0xff00,0xb get 0xbc",,PASS,,,,,,,,,Sep 19 2019 4:04:56.4870 PM,Sep 19 2019 4:04:56.4870 PM,0
Read_HW_Version,Read_HW_Version,"[Hid] /usr/local/bin/hidreport -pid 0x026E -vid 0x05ac -usage 0xff00,0xb get 0xbc-2",,PASS,,,,,,,,,Sep 19 2019 4:04:59.7050 PM,Sep 19 2019 4:04:59.7050 PM,0
Read_HW_Version,Read_HW_Version,Read_HW_Version,,PASS,,3,,3,3,,,,Sep 19 2019 4:05:00.0920 PM,Sep 19 2019 4:05:00.0920 PM,0
GreenPAK_ID,,,,,,,,,,,,,Sep 19 2019 4:05:00.0950 PM,Sep 19 2019 4:05:00.6350 PM,.5398
GreenPAK_ID,GreenPAK_ID,"[Hid] /usr/local/bin/hidreport -pid 0x026E -vid 0x05ac -usage 0xff00,0xb get 0x90",,PASS,,,,,,,,,Sep 19 2019 4:05:00.2470 PM,Sep 19 2019 4:05:00.2470 PM,0
GreenPAK_ID,GreenPAK_ID,GreenPAK_ID,,PASS,,2,,2,2,,,,Sep 19 2019 4:05:00.6350 PM,Sep 19 2019 4:05:00.6350 PM,0
TOUCH_FW,,,,,,,,,,,,,Sep 19 2019 4:05:00.6370 PM,Sep 19 2019 4:05:01.0530 PM,.4154
TOUCH_FW,TOUCH_FW,[Hid] /usr/local/bin/hidreport -pid 0x026E -vid 0x05ac -interface 0 get 0xbb,,PASS,,,,,,,,,Sep 19 2019 4:05:00.7370 PM,Sep 19 2019 4:05:00.7370 PM,0
TOUCH_FW,TOUCH_FW,TOUCH_FW,,PASS,,1286,,1286,1286,,,,Sep 19 2019 4:05:01.0520 PM,Sep 19 2019 4:05:01.0520 PM,0
Read_CCG3_FW,,,,,,,,,,,,,Sep 19 2019 4:05:01.0550 PM,Sep 19 2019 4:05:09.2170 PM,8.1624
Read_CCG3_FW,Read_CCG3_FW,"[Hid] /usr/local/bin/hidreport -v 0x05ac -p 0x026E -usage 0xff00,0xb set 0xce 0xce 6 6 0",,PASS,,,,,,,,,Sep 19 2019 4:05:01.1470 PM,Sep 19 2019 4:05:01.1470 PM,0
Read_CCG3_FW,Read_CCG3_FW,"[Hid] /usr/local/bin/hidreport -v 0x05ac -p 0x026E -usage 0xff00,0xb get 0xa0",,PASS,,,,,,,,,Sep 19 2019 4:05:01.6020 PM,Sep 19 2019 4:05:01.6020 PM,0
Read_CCG3_FW,Read_CCG3_FW,"[Hid] /usr/local/bin/hidreport -v 0x05ac -p 0x026E -usage 0xff00,0xb get 0xa0-2",,PASS,,,,,,,,,Sep 19 2019 4:05:04.8370 PM,Sep 19 2019 4:05:04.8370 PM,0
Read_CCG3_FW,Read_CCG3_FW,"[Hid] /usr/local/bin/hidreport -v 0x05ac -p 0x026E -usage 0xff00,0xb set 0xce 0xce 6 6 1",,PASS,,,,,,,,,Sep 19 2019 4:05:05.3620 PM,Sep 19 2019 4:05:05.3620 PM,0
Read_CCG3_FW,Read_CCG3_FW,ReadCCG3FW,,PASS,,,,,,,,,Sep 19 2019 4:05:05.7490 PM,Sep 19 2019 4:05:05.7490 PM,0
Read_CCG3_FW,Read_CCG3_FW,ReadCCG3FW,A0 02 00 0B 00 0B 00 0B ,PASS,,,,,,,,,Sep 19 2019 4:05:05.7490 PM,Sep 19 2019 4:05:05.7490 PM,0
Read_CCG3_FW,Read_CCG3_FW,[Fixture] Power off,sendCommand,PASS,,,,,,,,,Sep 19 2019 4:05:05.7510 PM,Sep 19 2019 4:05:05.7600 PM,.0093
Read_CCG3_FW,Read_CCG3_FW,[Fixture] Power on,sendCommand,PASS,,,,,,,,,Sep 19 2019 4:05:06.1320 PM,Sep 19 2019 4:05:06.1440 PM,.0116
Production_Signed_Check,,,,,,,,,,,,,Sep 19 2019 4:05:09.2200 PM,Sep 19 2019 4:05:09.6500 PM,.4297
Production_Signed_Check,Production_Signed_Check,"[Hid] /usr/local/bin/hidreport -pid 0x026E -vid 0x05ac -usage 0xff00,0x000b get 0x13",,PASS,,,,,,,,,Sep 19 2019 4:05:09.2680 PM,Sep 19 2019 4:05:09.2680 PM,0
Production_Signed_Check,Production_Signed_Check,Production_Signed_Check,,PASS,,0,,0,0,,,,Sep 19 2019 4:05:09.6490 PM,Sep 19 2019 4:05:09.6490 PM,0
Read_KBD_HW_Layout,,,,,,,,,,,,,Sep 19 2019 4:05:09.6520 PM,Sep 19 2019 4:05:10.0820 PM,.4296
Read_KBD_HW_Layout,Read_KBD_HW_Layout,"[Hid] /usr/local/bin/hidreport -pid 0x026E -vid 0x05ac -usage 0x0001,0x0006 get 0x04",,PASS,,,,,,,,,Sep 19 2019 4:05:09.6970 PM,Sep 19 2019 4:05:09.6970 PM,0
Read_KBD_HW_Layout,Read_KBD_HW_Layout,Read_KBD_HW_Layout,,PASS,,33,,33,33,,,,Sep 19 2019 4:05:10.0810 PM,Sep 19 2019 4:05:10.0810 PM,0
Get_KBD_HW_Layout,,,,,,,,,,,,,Sep 19 2019 4:05:10.0840 PM,Sep 19 2019 4:05:10.0850 PM,.0008
Get_KBD_HW_Layout,Get_KBD_HW_Layout,Read_KBD_HW_Layout,,PASS,,33,,33,33,,,,Sep 19 2019 4:05:10.0850 PM,Sep 19 2019 4:05:10.0850 PM,0
Compare_KBD_HW_Layout,,,,,,,,,,,,,Sep 19 2019 4:05:10.0870 PM,Sep 19 2019 4:05:10.0870 PM,.0005
Compare_KBD_HW_Layout,Compare_KBD_HW_Layout,Compare_KBD_HW_Layout,,PASS,,,,,,,,,Sep 19 2019 4:05:10.0870 PM,Sep 19 2019 4:05:10.0870 PM,0
Read_MLB_Lang,,,,,,,,,,,,,Sep 19 2019 4:05:10.0890 PM,Sep 19 2019 4:05:10.4470 PM,.3583
Read_MLB_Lang,Read_MLB_Lang,"[Hid] /usr/local/bin/hidreport -pid 0x026E -vid 0x05ac -usage 0x0001,0x0006 get 0x02",,PASS,,,,,,,,,Sep 19 2019 4:05:10.1330 PM,Sep 19 2019 4:05:10.1330 PM,0
Read_MLB_Lang,Read_MLB_Lang,Read_MLB_Lang,02 01 01 0F 49 16 16 ,PASS,,,,,,,,,Sep 19 2019 4:05:10.4470 PM,Sep 19 2019 4:05:10.4470 PM,0
Get_KBD_Lang,,,,,,,,,,,,,Sep 19 2019 4:05:10.4490 PM,Sep 19 2019 4:05:10.4500 PM,.0006
Get_KBD_Lang,Get_KBD_Lang,Get_KBD_Lang,02 01 01 0F 49 16 16,PASS,,,,,,,,,Sep 19 2019 4:05:10.4500 PM,Sep 19 2019 4:05:10.4500 PM,0
Check_KBD_Lang,,,,,,,,,,,,,Sep 19 2019 4:05:10.4520 PM,Sep 19 2019 4:05:10.4520 PM,.0005
Check_KBD_Lang,Check_KBD_Lang,Check_KBD_Lang,,PASS,,,,,,,,,Sep 19 2019 4:05:10.4520 PM,Sep 19 2019 4:05:10.4520 PM,0
Read_MFI_Address,,,,,,,,,,,,,Sep 19 2019 4:05:10.4540 PM,Sep 19 2019 4:05:10.8840 PM,.4299
Read_MFI_Address,Read_MFI_Address,[Hid] /usr/local/bin/hidreport -p 0x026E -v 0x05ac -i 0 get 0x5E,,PASS,,,,,,,,,Sep 19 2019 4:05:10.4990 PM,Sep 19 2019 4:05:10.4990 PM,0
Read_MFI_Address,Read_MFI_Address,Read_MFI_Address,,PASS,,16,,16,16,,,,Sep 19 2019 4:05:10.8840 PM,Sep 19 2019 4:05:10.8840 PM,0
System_Critical_Errors,,,,,,,,,,,,,Sep 19 2019 4:05:10.8870 PM,Sep 19 2019 4:05:14.5440 PM,3.6577
System_Critical_Errors,System_Critical_Errors,"[Hid] /usr/local/bin/hidreport -v 0x05ac -p 0x026E -usage 0xff00,0xb get 0xE1",,PASS,,,,,,,,,Sep 19 2019 4:05:10.9860 PM,Sep 19 2019 4:05:10.9860 PM,0
System_Critical_Errors,System_Critical_Errors,"[Hid] /usr/local/bin/hidreport -v 0x05ac -p 0x026E -usage 0xff00,0xb get 0xE1-2",,PASS,,,,,,,,,Sep 19 2019 4:05:14.1550 PM,Sep 19 2019 4:05:14.1550 PM,0
System_Critical_Errors,System_Critical_Errors,CRIT_ERR_E1_PART1,,PASS,,8704,,,,,,,Sep 19 2019 4:05:14.5430 PM,Sep 19 2019 4:05:14.5430 PM,0
System_Critical_Errors,System_Critical_Errors,CRIT_ERR_E1_PART2,,PASS,,0,,,,,,,Sep 19 2019 4:05:14.5430 PM,Sep 19 2019 4:05:14.5430 PM,0
System_Critical_Errors,System_Critical_Errors,CRIT_ERR_E1,,PASS,,,,,,,,,Sep 19 2019 4:05:14.5440 PM,Sep 19 2019 4:05:14.5440 PM,0
FW_Update_Critical_Errors,,,,,,,,,,,,,Sep 19 2019 4:05:14.5470 PM,Sep 19 2019 4:05:18.1130 PM,3.5657
FW_Update_Critical_Errors,FW_Update_Critical_Errors,"[Hid] /usr/local/bin/hidreport -v 0x05ac -p 0x026E -usage 0xff00,0xb get 0xE2",,PASS,,,,,,,,,Sep 19 2019 4:05:14.6080 PM,Sep 19 2019 4:05:14.6080 PM,0
FW_Update_Critical_Errors,FW_Update_Critical_Errors,"[Hid] /usr/local/bin/hidreport -v 0x05ac -p 0x026E -usage 0xff00,0xb get 0xE2-2",,PASS,,,,,,,,,Sep 19 2019 4:05:17.7280 PM,Sep 19 2019 4:05:17.7280 PM,0
FW_Update_Critical_Errors,FW_Update_Critical_Errors,CRIT_ERR_E2_PART1,,PASS,,0,,,,,,,Sep 19 2019 4:05:18.1110 PM,Sep 19 2019 4:05:18.1110 PM,0
FW_Update_Critical_Errors,FW_Update_Critical_Errors,CRIT_ERR_E2_PART2,,PASS,,0,,,,,,,Sep 19 2019 4:05:18.1110 PM,Sep 19 2019 4:05:18.1110 PM,0
FW_Update_Critical_Errors,FW_Update_Critical_Errors,CRIT_ERR_E2_PART3,,PASS,,0,,,,,,,Sep 19 2019 4:05:18.1110 PM,Sep 19 2019 4:05:18.1110 PM,0
FW_Update_Critical_Errors,FW_Update_Critical_Errors,CRIT_ERR_E2,,PASS,,,,,,,,,Sep 19 2019 4:05:18.1120 PM,Sep 19 2019 4:05:18.1120 PM,0
Key_Scan_Critical_Errors,,,,,,,,,,,,,Sep 19 2019 4:05:18.1150 PM,Sep 19 2019 4:05:21.7300 PM,3.6153
Key_Scan_Critical_Errors,Key_Scan_Critical_Errors,"[Hid] /usr/local/bin/hidreport -v 0x05ac -p 0x026E -usage 0xff00,0xb get 0xE7",,PASS,,,,,,,,,Sep 19 2019 4:05:18.1750 PM,Sep 19 2019 4:05:18.1750 PM,0
Key_Scan_Critical_Errors,Key_Scan_Critical_Errors,"[Hid] /usr/local/bin/hidreport -v 0x05ac -p 0x026E -usage 0xff00,0xb get 0xE7-2",,PASS,,,,,,,,,Sep 19 2019 4:05:21.3390 PM,Sep 19 2019 4:05:21.3390 PM,0
Key_Scan_Critical_Errors,Key_Scan_Critical_Errors,CRIT_ERR_E7_PART1,,PASS,,0,,,,,,,Sep 19 2019 4:05:21.7280 PM,Sep 19 2019 4:05:21.7280 PM,0
Key_Scan_Critical_Errors,Key_Scan_Critical_Errors,CRIT_ERR_E7_PART2,,PASS,,0,,,,,,,Sep 19 2019 4:05:21.7290 PM,Sep 19 2019 4:05:21.7290 PM,0
Key_Scan_Critical_Errors,Key_Scan_Critical_Errors,CRIT_ERR_E7_PART3,,PASS,,0,,,,,,,Sep 19 2019 4:05:21.7290 PM,Sep 19 2019 4:05:21.7290 PM,0
Key_Scan_Critical_Errors,Key_Scan_Critical_Errors,CRIT_ERR_E7_PART4,,PASS,,0,,,,,,,Sep 19 2019 4:05:21.7290 PM,Sep 19 2019 4:05:21.7290 PM,0
Key_Scan_Critical_Errors,Key_Scan_Critical_Errors,CRIT_ERR_E7,,PASS,,,,,,,,,Sep 19 2019 4:05:21.7300 PM,Sep 19 2019 4:05:21.7300 PM,0
USBC_Critical_Errors,,,,,,,,,,,,,Sep 19 2019 4:05:21.7330 PM,Sep 19 2019 4:05:25.2680 PM,3.5355
USBC_Critical_Errors,USBC_Critical_Errors,"[Hid] /usr/local/bin/hidreport -v 0x05ac -p 0x026E -usage 0xff00,0xb get 0xE3",,PASS,,,,,,,,,Sep 19 2019 4:05:21.7800 PM,Sep 19 2019 4:05:21.7800 PM,0
USBC_Critical_Errors,USBC_Critical_Errors,"[Hid] /usr/local/bin/hidreport -v 0x05ac -p 0x026E -usage 0xff00,0xb get 0xE3-2",,PASS,,,,,,,,,Sep 19 2019 4:05:24.8790 PM,Sep 19 2019 4:05:24.8790 PM,0
USBC_Critical_Errors,USBC_Critical_Errors,CRIT_ERR_E3_PART1,,PASS,,0,,,,,,,Sep 19 2019 4:05:25.2660 PM,Sep 19 2019 4:05:25.2660 PM,0
USBC_Critical_Errors,USBC_Critical_Errors,CRIT_ERR_E3_PART2,,PASS,,0,,,,,,,Sep 19 2019 4:05:25.2660 PM,Sep 19 2019 4:05:25.2660 PM,0
USBC_Critical_Errors,USBC_Critical_Errors,CRIT_ERR_E3_PART3,,PASS,,0,,,,,,,Sep 19 2019 4:05:25.2670 PM,Sep 19 2019 4:05:25.2670 PM,0
USBC_Critical_Errors,USBC_Critical_Errors,CRIT_ERR_E3_PART4,,PASS,,0,,,,,,,Sep 19 2019 4:05:25.2670 PM,Sep 19 2019 4:05:25.2670 PM,0
USBC_Critical_Errors,USBC_Critical_Errors,CRIT_ERR_E3,,PASS,,,,,,,,,Sep 19 2019 4:05:25.2680 PM,Sep 19 2019 4:05:25.2680 PM,0
Grape_Critical_Errors,,,,,,,,,,,,,Sep 19 2019 4:05:25.2710 PM,Sep 19 2019 4:05:38.6860 PM,13.4145
Grape_Critical_Errors,Grape_Critical_Errors,"[Hid] /usr/local/bin/hidreport -v 0x05ac -p 0x026E -usage 0xff00,0xb get 0xE5",,PASS,,,,,,,,,Sep 19 2019 4:05:25.3670 PM,Sep 19 2019 4:05:25.3670 PM,0
Grape_Critical_Errors,Grape_Critical_Errors,"[Hid] /usr/local/bin/hidreport -v 0x05ac -p 0x026E -usage 0xff00,0xb get 0xE5-2",,PASS,,,,,,,,,Sep 19 2019 4:05:28.5670 PM,Sep 19 2019 4:05:28.5670 PM,0
Grape_Critical_Errors,Grape_Critical_Errors,"[Hid] /usr/local/bin/hidreport -v 0x05ac -p 0x026E -usage 0xff00,0xb get 0xE5-3",,PASS,,,,,,,,,Sep 19 2019 4:05:31.6850 PM,Sep 19 2019 4:05:31.6850 PM,0
Grape_Critical_Errors,Grape_Critical_Errors,[Fixture] Power off,sendCommand,PASS,,,,,,,,,Sep 19 2019 4:05:34.7740 PM,Sep 19 2019 4:05:34.7890 PM,.0151
Grape_Critical_Errors,Grape_Critical_Errors,[Fixture] Power on,sendCommand,PASS,,,,,,,,,Sep 19 2019 4:05:35.1620 PM,Sep 19 2019 4:05:35.1730 PM,.0113
Grape_Critical_Errors,Grape_Critical_Errors,"[Hid] /usr/local/bin/hidreport -v 0x05ac -p 0x026E -usage 0xff00,0xb get 0xE5-4",,PASS,,,,,,,,,Sep 19 2019 4:05:38.2920 PM,Sep 19 2019 4:05:38.2920 PM,0
Grape_Critical_Errors,Grape_Critical_Errors,CRIT_ERR_E5_PART1,,PASS,,16777216,,,,,,,Sep 19 2019 4:05:38.6810 PM,Sep 19 2019 4:05:38.6810 PM,0
Grape_Critical_Errors,Grape_Critical_Errors,CRIT_ERR_E5_PART2,,PASS,,0,,,,,,,Sep 19 2019 4:05:38.6820 PM,Sep 19 2019 4:05:38.6820 PM,0
Grape_Critical_Errors,Grape_Critical_Errors,CRIT_ERR_E5_PART3,,PASS,,0,,,,,,,Sep 19 2019 4:05:38.6820 PM,Sep 19 2019 4:05:38.6820 PM,0
Grape_Critical_Errors,Grape_Critical_Errors,CRIT_ERR_E5_PART4,,PASS,,0,,,,,,,Sep 19 2019 4:05:38.6820 PM,Sep 19 2019 4:05:38.6820 PM,0
Grape_Critical_Errors,Grape_Critical_Errors,CRIT_ERR_E5_PART5,,PASS,,0,,,,,,,Sep 19 2019 4:05:38.6820 PM,Sep 19 2019 4:05:38.6820 PM,0
Grape_Critical_Errors,Grape_Critical_Errors,CRIT_ERR_E5_PART6,,PASS,,0,,,,,,,Sep 19 2019 4:05:38.6830 PM,Sep 19 2019 4:05:38.6830 PM,0
Grape_Critical_Errors,Grape_Critical_Errors,CRIT_ERR_E5_PART7,,PASS,,16842752,,,,,,,Sep 19 2019 4:05:38.6830 PM,Sep 19 2019 4:05:38.6830 PM,0
Grape_Critical_Errors,Grape_Critical_Errors,CRIT_ERR_E5_PART8,,PASS,,16777216,,,,,,,Sep 19 2019 4:05:38.6830 PM,Sep 19 2019 4:05:38.6830 PM,0
Grape_Critical_Errors,Grape_Critical_Errors,CRIT_ERR_E5_PART9,,PASS,,0,,,,,,,Sep 19 2019 4:05:38.6840 PM,Sep 19 2019 4:05:38.6840 PM,0
Grape_Critical_Errors,Grape_Critical_Errors,CRIT_ERR_E5_PART10,,PASS,,0,,,,,,,Sep 19 2019 4:05:38.6840 PM,Sep 19 2019 4:05:38.6840 PM,0
Grape_Critical_Errors,Grape_Critical_Errors,CRIT_ERR_E5,,PASS,,,,,,,,,Sep 19 2019 4:05:38.6850 PM,Sep 19 2019 4:05:38.6850 PM,0
Critical_Errors_Summary,,,,,,,,,,,,,Sep 19 2019 4:05:38.6890 PM,Sep 19 2019 4:05:39.1640 PM,.4749
Critical_Errors_Summary,Critical_Errors_Summary,"[Hid] /usr/local/bin/hidreport -pid 0x026E -vid 0x05ac -usage 0xff00,0xb get 0xE0",,PASS,,,,,,,,,Sep 19 2019 4:05:38.7690 PM,Sep 19 2019 4:05:38.7690 PM,0
Critical_Errors_Summary,Critical_Errors_Summary,CRIT_ERR_E0_PART1,,PASS,,0,,,,,,,Sep 19 2019 4:05:39.1630 PM,Sep 19 2019 4:05:39.1630 PM,0
Critical_Errors_Summary,Critical_Errors_Summary,CRIT_ERR_E0,,PASS,,,,,,,,,Sep 19 2019 4:05:39.1640 PM,Sep 19 2019 4:05:39.1640 PM,0
Backlight_Critical_Errors,,,,,,,,,,,,,Sep 19 2019 4:05:39.1660 PM,Sep 19 2019 4:05:39.5310 PM,.3648
Backlight_Critical_Errors,Backlight_Critical_Errors,"[Hid] /usr/local/bin/hidreport -pid 0x026E -vid 0x05ac -usage 0xff00,0xf get 0x07",,PASS,,,,,,,,,Sep 19 2019 4:05:39.2140 PM,Sep 19 2019 4:05:39.2140 PM,0
Backlight_Critical_Errors,Backlight_Critical_Errors,BL_CRI_ERR_PART1,,PASS,,0,,,,,,,Sep 19 2019 4:05:39.5300 PM,Sep 19 2019 4:05:39.5300 PM,0
Backlight_Critical_Errors,Backlight_Critical_Errors,BL_CRI_ERR,,PASS,,,,,,,,,Sep 19 2019 4:05:39.5310 PM,Sep 19 2019 4:05:39.5310 PM,0
Grape_Connector_Self_Critical_Errors,,,,,,,,,,,,,Sep 19 2019 4:05:39.5330 PM,Sep 19 2019 4:05:39.9690 PM,.4356
Grape_Connector_Self_Critical_Errors,Grape_Connector_Self_Critical_Errors,"[Hid] /usr/local/bin/hidreport -v 0x5ac -p 0x026E -usage 0x0001,0x0002 get 0xD3",,PASS,,,,,,,,,Sep 19 2019 4:05:39.5810 PM,Sep 19 2019 4:05:39.5810 PM,0
Grape_Connector_Self_Critical_Errors,Grape_Connector_Self_Critical_Errors,CRIT_ERR_D3_PART1,,PASS,,17372165,,,,,,,Sep 19 2019 4:05:39.9670 PM,Sep 19 2019 4:05:39.9670 PM,0
Grape_Connector_Self_Critical_Errors,Grape_Connector_Self_Critical_Errors,CRIT_ERR_D3_PART2,,PASS,,100665620,,,,,,,Sep 19 2019 4:05:39.9670 PM,Sep 19 2019 4:05:39.9670 PM,0
Grape_Connector_Self_Critical_Errors,Grape_Connector_Self_Critical_Errors,CRIT_ERR_D3_PART3,,PASS,,33751040,,,,,,,Sep 19 2019 4:05:39.9680 PM,Sep 19 2019 4:05:39.9680 PM,0
Grape_Connector_Self_Critical_Errors,Grape_Connector_Self_Critical_Errors,CRIT_ERR_D3,,PASS,,,,,,,,,Sep 19 2019 4:05:39.9690 PM,Sep 19 2019 4:05:39.9690 PM,0
Finish DRCB,,,,,,,,,,,,,Sep 19 2019 4:05:39.9710 PM,Sep 19 2019 4:05:40.3160 PM,.3444
Finish DRCB,Finish DRCB,DRCB,Finish,PASS,,,,,,,,,Sep 19 2019 4:05:39.9730 PM,Sep 19 2019 4:05:40.3150 PM,.3422
Fixturereset,,,,,,,,,,,,,Sep 19 2019 4:05:40.3180 PM,Sep 19 2019 4:05:41.6750 PM,1.357
Fixturereset,Fixturereset,[Fixture] Retract pogo,sendCommand,PASS,,,,,,,,,Sep 19 2019 4:05:40.3190 PM,Sep 19 2019 4:05:40.5960 PM,.2765
Fixturereset,Fixturereset,Fixture,close,PASS,,,,,,,,,Sep 19 2019 4:05:41.6700 PM,Sep 19 2019 4:05:41.6700 PM,.0005
Fixturereset,Fixturereset,P203,close,PASS,,,,,,,,,Sep 19 2019 4:05:41.6720 PM,Sep 19 2019 4:05:41.6740 PM,.0023
