Test,Plugin,Command,Status,Info,Start Time,End Time,Duration (s)
Scan_FG_SN,com.apple.hwte.atlas.AppPlugin,show-form,PASS,,Sep 19 2019 4:04:21.0270 PM,Sep 19 2019 4:04:23.3450 PM,2.3183
Fixtureinit,Fixture,changeDelimiter,PASS,,Sep 19 2019 4:04:23.3500 PM,Sep 19 2019 4:04:23.3500 PM,.0001
Fixtureinit,Fixture,changeLineTerminator,PASS,,Sep 19 2019 4:04:23.3520 PM,Sep 19 2019 4:04:23.3520 PM,0
Fixtureinit,Fixture,open,PASS,,Sep 19 2019 4:04:23.3540 PM,Sep 19 2019 4:04:24.9470 PM,1.5938
Fixtureinit,Fixture,read,PASS,,Sep 19 2019 4:04:24.9490 PM,Sep 19 2019 4:04:24.9780 PM,.0289
Fixtureinit,P203,changeDelimiter,PASS,,Sep 19 2019 4:04:24.9800 PM,Sep 19 2019 4:04:24.9800 PM,.0001
Fixtureinit,P203,changeLineTerminator,PASS,,Sep 19 2019 4:04:24.9810 PM,Sep 19 2019 4:04:24.9810 PM,0
Fixtureinit,P203,open,PASS,,Sep 19 2019 4:04:24.9830 PM,Sep 19 2019 4:04:26.5770 PM,1.5935
Fixtureinit,P203,read,PASS,,Sep 19 2019 4:04:26.5780 PM,Sep 19 2019 4:04:26.6040 PM,.0261
Fixtureinit,Fixture,sendCommand,PASS,,Sep 19 2019 4:04:26.6060 PM,Sep 19 2019 4:04:26.6170 PM,.0112
Fixtureinit,Fixture,sendCommand,PASS,,Sep 19 2019 4:04:26.6190 PM,Sep 19 2019 4:04:26.6360 PM,.0171
Fixtureinit,Fixture,sendCommand,PASS,,Sep 19 2019 4:04:27.7040 PM,Sep 19 2019 4:04:27.7200 PM,.0164
Fixtureinit,Fixture,sendCommand,PASS,,Sep 19 2019 4:04:29.7960 PM,Sep 19 2019 4:04:30.1180 PM,.3218
Fixtureinit,StationReportPlugin,isReporting,PASS,,Sep 19 2019 4:04:33.2420 PM,Sep 19 2019 4:04:33.2420 PM,0
Start Data Reporting,DRCB,startDataReporting,PASS,,Sep 19 2019 4:04:33.2510 PM,Sep 19 2019 4:04:33.2590 PM,.0082
Start Control Bits,DRCB,startControlBits,PASS,,Sep 19 2019 4:04:33.2640 PM,Sep 19 2019 4:04:33.5840 PM,.3207
Get_SFC_Info,SFCSupport,getAttribute,PASS,,Sep 19 2019 4:04:49.3480 PM,Sep 19 2019 4:04:50.3790 PM,1.0308
Get_SFC_Info,SFCSupport,getAttribute,PASS,,Sep 19 2019 4:04:50.3810 PM,Sep 19 2019 4:04:50.3880 PM,.007
Get_SFC_Info,SFCSupport,getAttribute,PASS,,Sep 19 2019 4:04:50.3900 PM,Sep 19 2019 4:04:50.3980 PM,.0078
Get_SFC_Info,SFCSupport,getAttribute,PASS,,Sep 19 2019 4:04:50.3990 PM,Sep 19 2019 4:04:50.4070 PM,.0078
Get_SFC_Info,SFCSupport,getAttribute,PASS,,Sep 19 2019 4:04:50.4090 PM,Sep 19 2019 4:04:50.4180 PM,.0094
Get_SFC_Info,SFCSupport,getAttribute,PASS,,Sep 19 2019 4:04:50.4200 PM,Sep 19 2019 4:04:50.4290 PM,.0091
Get_SFC_Info,SFCSupport,getAttribute,PASS,,Sep 19 2019 4:04:50.4310 PM,Sep 19 2019 4:04:50.4420 PM,.0104
EP_Enable_All,Fixture,sendCommand,PASS,,Sep 19 2019 4:04:52.2830 PM,Sep 19 2019 4:04:52.3020 PM,.0186
EP_Enable_All,Fixture,sendCommand,PASS,,Sep 19 2019 4:04:52.8760 PM,Sep 19 2019 4:04:52.8930 PM,.0171
Read_CCG3_FW,Fixture,sendCommand,PASS,,Sep 19 2019 4:05:05.7510 PM,Sep 19 2019 4:05:05.7600 PM,.0094
Read_CCG3_FW,Fixture,sendCommand,PASS,,Sep 19 2019 4:05:06.1320 PM,Sep 19 2019 4:05:06.1440 PM,.0117
Grape_Critical_Errors,Fixture,sendCommand,PASS,,Sep 19 2019 4:05:34.7740 PM,Sep 19 2019 4:05:34.7890 PM,.0152
Grape_Critical_Errors,Fixture,sendCommand,PASS,,Sep 19 2019 4:05:35.1620 PM,Sep 19 2019 4:05:35.1730 PM,.0113
Finish DRCB,DRCB,finish,PASS,,Sep 19 2019 4:05:39.9730 PM,Sep 19 2019 4:05:40.3150 PM,.3423
Fixturereset,Fixture,sendCommand,PASS,,Sep 19 2019 4:05:40.3190 PM,Sep 19 2019 4:05:40.5960 PM,.2766
Fixturereset,Fixture,close,PASS,,Sep 19 2019 4:05:41.6700 PM,Sep 19 2019 4:05:41.6710 PM,.0005
Fixturereset,P203,close,PASS,,Sep 19 2019 4:05:41.6720 PM,Sep 19 2019 4:05:41.6740 PM,.0023
