Related Test,Type,Name,Value
9. INIT,Device,DIAGS_VERSION,6J32i
9. INIT,Device,BOARD_REV,0x0F
9. INIT,Device,BOARD_ID,0x2E
9. INIT,Device,DIAGS_BUILD_TIMESTAMP,2019/11/20 00:13:40
9. INIT,Device,MLBSN,FN6946219G8P1VK1P
11. INIT,Device,CHIPID,8006
11. INIT,Device,PMU_ID0_MASKREV,0x01
11. INIT,Device,SOC_PROP_FUSE_REV,9
11. INIT,Device,PMU_ID2_PLATFORMID,0x12
11. INIT,Device,SOC_PROP_REVISION,B1
11. INIT,Device,PMU_ID1_TRIMREV,0x09
11. INIT,Device,CHIPVER,11.0
11. INIT,Device,SOC_PROP_PRODUCTION_MODE,0
14. INIT,Device,UNIT_SN,NGQ97FH9XC
16. Process,Device,softwarename,1.18.0
16. Process,Device,serialnumber,NGQ97FH9XC
16. Process,Device,softwareversion,PreEVT_0114_1530_V1.13
16. Process,Device,limitsversion,1
20. INIT,Device,config,JBN-G11a-a
20. INIT,Device,MLB_CFG_APPENED,"X1819B/PROTO1/K21P,JBN-G11a-a"
20. INIT,Device,S_BUILD,FA2B-PROTO1_JBN-G11A-A
20. INIT,Device,PRSq,0x01050001 0x00000000 0x00000000 0x00000000
20. INIT,Device,CLBG,0x00000001 0x00000000 0x00000000 0x00000001
20. INIT,Device,CLHS,0x00000001 0x00000000 0x00000000 0x00000002
20. INIT,Device,EnMt,0x00000001 0x00000000 0x00000000 0x00000001
20. INIT,Device,LsBT,0x001002A5 0x00000005 0x00000002 0x00000000
20. INIT,Device,BGMt,0x00000001 0x00000000 0x00000000 0x00000001
20. INIT,Device,CCAL,0x00000004 0x4105EC2A 0x412EE2D5 0xB9BCB778 0x3FC8691E 0x3F0E4248 0x40FF1668 0x41303876 0xBA59351F 0x41063489 0x3EB04321 
22. TRISTAR,Device,TRISTAR_ESN,B64FDE080E49BC01
29. IMU,Device,ACCEL_MANU_ID,0x00E4
30. IMU,Device,IMU_MANU_ID,0x00E4
30. IMU,Device,IMU_ASIC_ID,0x0FA839AF03F3
30. IMU,Device,IMU_REV_ID,0x10
30. IMU,Device,IMU_CHIP_ID,0x0C
30. IMU,Device,IMU_MEMS_ID,0x000000000000
36. PRESSURE,Device,PRESSURE_CHIP_ID,0x5D
37. COMPASS,Device,COMPASS_CHIP_ID,0x40
39. CODEC,Device,ARDMORE_CHIP_ID_HI,0x24
39. CODEC,Device,ARDMORE_CHIP_ID_LO,0x81
46. RADIO,Device,VINYL_CHECK_STATUS,OK
