Related Test,Name-1,Name-2,Name-3,Status,Info,Measurement,Units,Upper Limit,Lower Limit,Relaxed Upper Limit,Relaxed Lower Limit,Limit Units,Start Time,End Time,Duration (s)
1. Process,,,,,,,,,,,,,Jan 14 2020 7:45:39.8250 PM,Jan 14 2020 7:45:39.8610 PM,.0354
1. Process,Copy TestPlan To LogDir,Copy TestPlan To LogDir,,PASS,,,,,,,,,Jan 14 2020 7:45:39.8320 PM,Jan 14 2020 7:45:39.8320 PM,0
1. Process,Copy TestPlan To LogDir,Copy rushFile To Folder,cp -r /Users/gdlocal/Library/Atlas/Sequences /vault/Atlas/Hyperion/Unit_1_303F9A/AtlasLogs,PASS,,,,,,,,,Jan 14 2020 7:45:39.8330 PM,Jan 14 2020 7:45:39.8450 PM,.0113
1. Process,Copy TestPlan To LogDir,Copy CSVFile To Folder,cp -r /Users/gdlocal/Library/Atlas/Resources /vault/Atlas/Hyperion/Unit_1_303F9A/AtlasLogs,PASS,,,,,,,,,Jan 14 2020 7:45:39.8460 PM,Jan 14 2020 7:45:39.8600 PM,.0132
2. SPAM,,,,,,,,,,,,,Jan 14 2020 7:45:39.8630 PM,Jan 14 2020 7:45:43.3890 PM,3.5261
2. SPAM,FIXTURE_SETUP,Disable SPAM Debug Power,/Users/gdlocal/scripts/spamtool dbgpwroff /dev/cu.usbserial-A908X8CJ,PASS,,,,,,,,,Jan 14 2020 7:45:41.3810 PM,Jan 14 2020 7:45:41.3810 PM,0
2. SPAM,FIXTURE_SETUP,Delay 2000ms,,PASS,,,,,,,,,Jan 14 2020 7:45:41.3840 PM,Jan 14 2020 7:45:41.3840 PM,0
3. INIT,,,,,,,,,,,,,Jan 14 2020 7:45:43.3910 PM,Jan 14 2020 7:45:43.6570 PM,.266
3. INIT,CONSOLE_SETTING,Delay 100ms,,PASS,,,,,,,,,Jan 14 2020 7:45:43.3930 PM,Jan 14 2020 7:45:43.3930 PM,0
3. INIT,CONSOLE_SETTING,EFIDut,open,PASS,,,,,,,,,Jan 14 2020 7:45:43.5020 PM,Jan 14 2020 7:45:43.5660 PM,.0639
3. INIT,CONSOLE_SETTING,EFIDut,syncCmdResp,PASS,,,,,,,,,Jan 14 2020 7:45:43.5700 PM,Jan 14 2020 7:45:43.6110 PM,.0408
3. INIT,CONSOLE_SETTING,Disable consoleformat color,[EFIDut] consoleformat --sink serial --dis --o color,PASS,,,,,,,,,Jan 14 2020 7:45:43.6150 PM,Jan 14 2020 7:45:43.6560 PM,.041
4. FIXTURE,,,,,,,,,,,,,Jan 14 2020 7:45:43.6590 PM,Jan 14 2020 7:45:46.2730 PM,2.6138
4. FIXTURE,FIXTURE_SETUP-2,Fixture,changeDelimiter,PASS,,,,,,,,,Jan 14 2020 7:45:43.6620 PM,Jan 14 2020 7:45:43.6620 PM,0
4. FIXTURE,FIXTURE_SETUP-2,Fixture,changeLineTerminator,PASS,,,,,,,,,Jan 14 2020 7:45:43.6640 PM,Jan 14 2020 7:45:43.6640 PM,0
4. FIXTURE,FIXTURE_SETUP-2,Fixture,open,PASS,,,,,,,,,Jan 14 2020 7:45:43.6660 PM,Jan 14 2020 7:45:43.6920 PM,.0266
4. FIXTURE,FIXTURE_SETUP-2,Fixture,read,PASS,,,,,,,,,Jan 14 2020 7:45:43.6940 PM,Jan 14 2020 7:45:43.7150 PM,.021
4. FIXTURE,FIXTURE_SETUP-2,Fixture Reset,[Fixture] Reset,PASS,,,,,,,,,Jan 14 2020 7:45:43.9200 PM,Jan 14 2020 7:45:46.0320 PM,2.1119
4. FIXTURE,FIXTURE_SETUP-2,Fixture speaker module on,[Fixture] Push Cy on,PASS,,,,,,,,,Jan 14 2020 7:45:46.0350 PM,Jan 14 2020 7:45:46.2710 PM,.2361
5. Process,,,,,,,,,,,,,Jan 14 2020 7:45:46.2740 PM,Jan 14 2020 7:45:46.3250 PM,.051
5. Process,Set RTC,Set 'time' with value '20200114114546',,PASS,,,,,,,,,Jan 14 2020 7:45:46.2830 PM,Jan 14 2020 7:45:46.2830 PM,0
5. Process,Set RTC,Set RTC,[EFIDut] rtc --set 20200114114546,PASS,,,,,,,,,Jan 14 2020 7:45:46.2860 PM,Jan 14 2020 7:45:46.3240 PM,.0379
6. INIT,,,,,,,,,,,,,Jan 14 2020 7:45:46.3270 PM,Jan 14 2020 7:45:46.4680 PM,.1409
6. INIT,ALIAS_SETTING,Alias Setting,[EFIDut] script radios.txt,PASS,,,,,,,,,Jan 14 2020 7:45:46.3300 PM,Jan 14 2020 7:45:46.4670 PM,.137
7. INIT,,,,,,,,,,,,,Jan 14 2020 7:45:46.4700 PM,Jan 14 2020 7:45:46.5000 PM,.0299
7. INIT,GET_SW_INFO,Turn off thermal monitor,[EFIDut] thermalmonitor --off,PASS,,,,,,,,,Jan 14 2020 7:45:46.4730 PM,Jan 14 2020 7:45:46.4990 PM,.0261
8. INIT,,,,,,,,,,,,,Jan 14 2020 7:45:46.5020 PM,Jan 14 2020 7:45:46.9530 PM,.4508
8. INIT,SPAM_SETTING,Turn off Spam device,[EFIDut] device -k Spam -e init;device -k Spam -e stop,PASS,,,,,,,,,Jan 14 2020 7:45:46.5050 PM,Jan 14 2020 7:45:46.9510 PM,.4467
9. INIT,,,,,,,,,,,,,Jan 14 2020 7:45:46.9540 PM,Jan 14 2020 7:45:49.2610 PM,2.3066
9. INIT,GET_SW_INFO_1,Delay 2000ms,,PASS,,,,,,,,,Jan 14 2020 7:45:46.9560 PM,Jan 14 2020 7:45:46.9560 PM,0
9. INIT,GET_SW_INFO_1,Read EFI Diags Version,[EFIDut] version,PASS,,,,,,,,,Jan 14 2020 7:45:48.9650 PM,Jan 14 2020 7:45:49.0250 PM,.0603
9. INIT,GET_SW_INFO_1,DIAGS_VERSION,,PASS,,,,,,,,,Jan 14 2020 7:45:49.0290 PM,Jan 14 2020 7:45:49.0290 PM,0
9. INIT,GET_SW_INFO_1,DIAGS_BUILD_TIMESTAMP,,PASS,,,,,,,,,Jan 14 2020 7:45:49.0320 PM,Jan 14 2020 7:45:49.0320 PM,0
9. INIT,GET_SW_INFO_1,Read Software Info,[EFIDut] blockdevice,PASS,,,,,,,,,Jan 14 2020 7:45:49.0350 PM,Jan 14 2020 7:45:49.1450 PM,.1105
9. INIT,GET_SW_INFO_1,BLOCK_DEVICE,,PASS,,,,,,,,,Jan 14 2020 7:45:49.1490 PM,Jan 14 2020 7:45:49.1490 PM,0
9. INIT,GET_SW_INFO_1,Read MLB Serial Number,[EFIDut] syscfg print MLB#,PASS,,,,,,,,,Jan 14 2020 7:45:49.1520 PM,Jan 14 2020 7:45:49.1930 PM,.0413
9. INIT,GET_SW_INFO_1,MLBSN,,PASS,,,,,,,,,Jan 14 2020 7:45:49.1970 PM,Jan 14 2020 7:45:49.1970 PM,0
9. INIT,GET_SW_INFO_1,Read MLB Board REV,[EFIDut] boardrev,PASS,,,,,,,,,Jan 14 2020 7:45:49.2000 PM,Jan 14 2020 7:45:49.2250 PM,.0254
9. INIT,GET_SW_INFO_1,BOARD_REV,,PASS,,,,,,,,,Jan 14 2020 7:45:49.2280 PM,Jan 14 2020 7:45:49.2280 PM,0
9. INIT,GET_SW_INFO_1,Read MLB Board ID,[EFIDut] boardid,PASS,,,,,,,,,Jan 14 2020 7:45:49.2310 PM,Jan 14 2020 7:45:49.2570 PM,.0256
9. INIT,GET_SW_INFO_1,BOARD_ID,,PASS,,,,,,,,,Jan 14 2020 7:45:49.2600 PM,Jan 14 2020 7:45:49.2600 PM,0
10. INIT,,,,,,,,,,,,,Jan 14 2020 7:45:49.2630 PM,Jan 14 2020 7:45:49.2650 PM,.0023
10. INIT,GET_INFO,Set DUT type -N142B,,PASS,,,,,,,,,Jan 14 2020 7:45:49.2650 PM,Jan 14 2020 7:45:49.2650 PM,0
11. INIT,,,,,,,,,,,,,Jan 14 2020 7:45:49.2670 PM,Jan 14 2020 7:45:49.6650 PM,.398
11. INIT,GET_COMP_INFO,Read SOC Properties,[EFIDut] soc -p,PASS,,,,,,,,,Jan 14 2020 7:45:49.2700 PM,Jan 14 2020 7:45:49.4020 PM,.1325
11. INIT,GET_COMP_INFO,SOC_PROP_FUSE_REV,,PASS,,,,,,,,,Jan 14 2020 7:45:49.4060 PM,Jan 14 2020 7:45:49.4060 PM,0
11. INIT,GET_COMP_INFO,SOC_PROP_PRODUCTION_MODE,,PASS,,,,,,,,,Jan 14 2020 7:45:49.4090 PM,Jan 14 2020 7:45:49.4090 PM,0
11. INIT,GET_COMP_INFO,SOC_PROP_REVISION,,PASS,,,,,,,,,Jan 14 2020 7:45:49.4120 PM,Jan 14 2020 7:45:49.4120 PM,0
11. INIT,GET_COMP_INFO,Read SOC Chip ID,[EFIDut] chipid,PASS,,,,,,,,,Jan 14 2020 7:45:49.4150 PM,Jan 14 2020 7:45:49.4620 PM,.0467
11. INIT,GET_COMP_INFO,CHIPID,,PASS,,,,,,,,,Jan 14 2020 7:45:49.4650 PM,Jan 14 2020 7:45:49.4650 PM,0
11. INIT,GET_COMP_INFO,CHIPVER,,PASS,,,,,,,,,Jan 14 2020 7:45:49.4680 PM,Jan 14 2020 7:45:49.4680 PM,0
11. INIT,GET_COMP_INFO,Read SOC Bin Data,[EFIDut] soc -p list-perf-state,PASS,,,,,,,,,Jan 14 2020 7:45:49.4710 PM,Jan 14 2020 7:45:49.6080 PM,.1368
11. INIT,GET_COMP_INFO,SOC_BIN_VOLTAGE_0,,PASS,,600,NA,,,,,,Jan 14 2020 7:45:49.6120 PM,Jan 14 2020 7:45:49.6120 PM,0
11. INIT,GET_COMP_INFO,Read PMU ID Registers,[EFIDut] pmureg -r 0 0x00 3,PASS,,,,,,,,,Jan 14 2020 7:45:49.6150 PM,Jan 14 2020 7:45:49.6560 PM,.0408
11. INIT,GET_COMP_INFO,PMU_ID0_MASKREV,,PASS,,,,,,,,,Jan 14 2020 7:45:49.6590 PM,Jan 14 2020 7:45:49.6590 PM,0
11. INIT,GET_COMP_INFO,PMU_ID1_TRIMREV,,PASS,,,,,,,,,Jan 14 2020 7:45:49.6620 PM,Jan 14 2020 7:45:49.6620 PM,0
11. INIT,GET_COMP_INFO,PMU_ID2_PLATFORMID,,PASS,,,,,,,,,Jan 14 2020 7:45:49.6650 PM,Jan 14 2020 7:45:49.6650 PM,0
12. POWER,,,,,,,,,,,,,Jan 14 2020 7:45:49.6670 PM,Jan 14 2020 7:45:50.1940 PM,.5264
12. POWER,QUIESCE_SYSTEM,Turn OFF General Modules (Codec),[EFIDut] audio -r;audio -f,PASS,,,,,,,,,Jan 14 2020 7:45:49.6700 PM,Jan 14 2020 7:45:49.9610 PM,.2907
12. POWER,QUIESCE_SYSTEM,Turn OFF General Modules (socpdm),[EFIDut] audio -f socpdm;,PASS,,,,,,,,,Jan 14 2020 7:45:49.9650 PM,Jan 14 2020 7:45:49.9930 PM,.0285
12. POWER,QUIESCE_SYSTEM,"Turn OFF Sensors (accel,gyro)","[EFIDut] sensor --sel accel,gyro --turnoff",PASS,,,,,,,,,Jan 14 2020 7:45:49.9970 PM,Jan 14 2020 7:45:50.1050 PM,.1079
12. POWER,QUIESCE_SYSTEM,Turn OFF Sensors (lisa),[EFIDut] sensor --sel lisa --turnoff,PASS,,,,,,,,,Jan 14 2020 7:45:50.1080 PM,Jan 14 2020 7:45:50.1500 PM,.0413
12. POWER,QUIESCE_SYSTEM,Turn OFF Sensors (platinum),[EFIDut] sensor --sel platinum --turnoff,PASS,,,,,,,,,Jan 14 2020 7:45:50.1530 PM,Jan 14 2020 7:45:50.1930 PM,.0395
13. INIT,,,,,,,,,,,,,Jan 14 2020 7:45:50.1960 PM,Jan 14 2020 7:45:50.3860 PM,.1899
13. INIT,QUERY_SFC_WRITE_SYSCFG,SFCSupport,getAttributes,PASS,,,,,,,,,Jan 14 2020 7:45:50.1990 PM,Jan 14 2020 7:45:50.2230 PM,.0242
13. INIT,QUERY_SFC_WRITE_SYSCFG,qt_fg_sn,,PASS,,,,,,,,,Jan 14 2020 7:45:50.2240 PM,Jan 14 2020 7:45:50.2240 PM,0
13. INIT,QUERY_SFC_WRITE_SYSCFG,Write SN,[EFIDut] syscfg add SrNm NGQ97FH9XC,PASS,,,,,,,,,Jan 14 2020 7:45:50.2300 PM,Jan 14 2020 7:45:50.3850 PM,.155
14. INIT,,,,,,,,,,,,,Jan 14 2020 7:45:50.3870 PM,Jan 14 2020 7:45:50.4350 PM,.048
14. INIT,GET_SYS_INFO,Read Unit Serial Number,[EFIDut] syscfg print SrNm,PASS,,,,,,,,,Jan 14 2020 7:45:50.3900 PM,Jan 14 2020 7:45:50.4290 PM,.0393
14. INIT,GET_SYS_INFO,UNIT_SN,,PASS,,,,,,,,,Jan 14 2020 7:45:50.4330 PM,Jan 14 2020 7:45:50.4330 PM,0
14. INIT,GET_SYS_INFO,The middle of SN#,,PASS,,,,,,,,,Jan 14 2020 7:45:50.4350 PM,Jan 14 2020 7:45:50.4350 PM,0
15. Process,,,,,,,,,,,,,Jan 14 2020 7:45:50.4370 PM,Jan 14 2020 7:45:50.5490 PM,.1114
15. Process,Dut Close,EFIDut,close,PASS,,,,,,,,,Jan 14 2020 7:45:50.4400 PM,Jan 14 2020 7:45:50.4410 PM,.0003
15. Process,Dut Close,Delay 100ms,,PASS,,,,,,,,,Jan 14 2020 7:45:50.4440 PM,Jan 14 2020 7:45:50.4440 PM,0
16. Process,,,,,,,,,,,,,Jan 14 2020 7:45:50.5510 PM,Jan 14 2020 7:45:50.5760 PM,.0255
16. Process,Start Data Reporting,DRCB,StartDataReporting,PASS,,,,,,,,,Jan 14 2020 7:45:50.5590 PM,Jan 14 2020 7:45:50.5730 PM,.0141
17. Process,,,,,,,,,,,,,Jan 14 2020 7:45:50.5800 PM,Jan 14 2020 7:45:51.0000 PM,.4204
17. Process,Start Control Bits,EFIDut,open,PASS,,,,,,,,,Jan 14 2020 7:45:50.5840 PM,Jan 14 2020 7:45:50.6380 PM,.0543
17. Process,Start Control Bits,EFIDut,close,PASS,,,,,,,,,Jan 14 2020 7:45:50.6410 PM,Jan 14 2020 7:45:50.6420 PM,.0003
17. Process,Start Control Bits,DRCB,StartControlBits,PASS,,,,,,,,,Jan 14 2020 7:45:50.6460 PM,Jan 14 2020 7:45:50.9990 PM,.3532
18. Process,,,,,,,,,,,,,Jan 14 2020 7:45:51.0020 PM,Jan 14 2020 7:45:51.2200 PM,.2178
18. Process,Dut Open,Delay 100ms,,PASS,,,,,,,,,Jan 14 2020 7:45:51.0040 PM,Jan 14 2020 7:45:51.0040 PM,0
18. Process,Dut Open,EFIDut,open,PASS,,,,,,,,,Jan 14 2020 7:45:51.1080 PM,Jan 14 2020 7:45:51.1730 PM,.0646
18. Process,Dut Open,EFIDut,syncCmdResp,PASS,,,,,,,,,Jan 14 2020 7:45:51.1770 PM,Jan 14 2020 7:45:51.2190 PM,.0423
19. INIT,,,,,,,,,,,,,Jan 14 2020 7:45:51.2220 PM,Jan 14 2020 7:45:51.3980 PM,.1762
19. INIT,GET_MLB_INFO,GET_MLB_INFO,[EFIDut] syscfg print CFG#,PASS,,,,,,,,,Jan 14 2020 7:45:51.2250 PM,Jan 14 2020 7:45:51.3950 PM,.17
20. INIT,,,,,,,,,,,,,Jan 14 2020 7:45:51.4000 PM,Jan 14 2020 7:45:52.7930 PM,1.3936
20. INIT,QUERY_SFC_WRITE_SYSCFG_1,SFCSupport,getAttributes,PASS,,,,,,,,,Jan 14 2020 7:45:51.4030 PM,Jan 14 2020 7:45:51.4070 PM,.0036
20. INIT,QUERY_SFC_WRITE_SYSCFG_1,sbuild,,PASS,,,,,,,,,Jan 14 2020 7:45:51.4070 PM,Jan 14 2020 7:45:51.4070 PM,0
20. INIT,QUERY_SFC_WRITE_SYSCFG_1,SFCSupport,getAttributes-2,PASS,,,,,,,,,Jan 14 2020 7:45:51.4090 PM,Jan 14 2020 7:45:51.4120 PM,.0037
20. INIT,QUERY_SFC_WRITE_SYSCFG_1,config,,PASS,,,,,,,,,Jan 14 2020 7:45:51.4130 PM,Jan 14 2020 7:45:51.4130 PM,0
20. INIT,QUERY_SFC_WRITE_SYSCFG_1,Get Housing Config,,PASS,,,,,,,,,Jan 14 2020 7:45:51.4170 PM,Jan 14 2020 7:45:51.4170 PM,0
20. INIT,QUERY_SFC_WRITE_SYSCFG_1,Read MLB CFG,[EFIDut] syscfg print CFG#,PASS,,,,,,,,,Jan 14 2020 7:45:51.4200 PM,Jan 14 2020 7:45:51.4590 PM,.0389
20. INIT,QUERY_SFC_WRITE_SYSCFG_1,MLB_CFG_INITIAL,,PASS,,,,,,,,,Jan 14 2020 7:45:51.4650 PM,Jan 14 2020 7:45:51.4650 PM,0
20. INIT,QUERY_SFC_WRITE_SYSCFG_1,Append string:config to CFG#,,PASS,,,,,,,,,Jan 14 2020 7:45:51.4650 PM,Jan 14 2020 7:45:51.4650 PM,0
20. INIT,QUERY_SFC_WRITE_SYSCFG_1,Write MLB CFG,"[EFIDut] syscfg add CFG# X1819B/PROTO1/K21P,JBN-G11a-a",PASS,,,,,,,,,Jan 14 2020 7:45:51.4680 PM,Jan 14 2020 7:45:51.5060 PM,.0378
20. INIT,QUERY_SFC_WRITE_SYSCFG_1,Read MLB CFG 2,[EFIDut] syscfg print CFG#,PASS,,,,,,,,,Jan 14 2020 7:45:51.5100 PM,Jan 14 2020 7:45:51.5530 PM,.0431
20. INIT,QUERY_SFC_WRITE_SYSCFG_1,MLB_CFG_APPENED,,PASS,,,,,,,,,Jan 14 2020 7:45:51.5560 PM,Jan 14 2020 7:45:51.5560 PM,0
20. INIT,QUERY_SFC_WRITE_SYSCFG_1,SFCSupport,getAttributes-3,PASS,,,,,,,,,Jan 14 2020 7:45:51.5600 PM,Jan 14 2020 7:45:51.5640 PM,.0037
20. INIT,QUERY_SFC_WRITE_SYSCFG_1,sbuild-2,,PASS,,,,,,,,,Jan 14 2020 7:45:51.5650 PM,Jan 14 2020 7:45:51.5650 PM,0
20. INIT,QUERY_SFC_WRITE_SYSCFG_1,SFCSupport,getAttributes-4,PASS,,,,,,,,,Jan 14 2020 7:45:51.5660 PM,Jan 14 2020 7:45:51.5690 PM,.003
20. INIT,QUERY_SFC_WRITE_SYSCFG_1,Tigerdmin,,PASS,,,,,,,,,Jan 14 2020 7:45:51.5700 PM,Jan 14 2020 7:45:51.5700 PM,0
20. INIT,QUERY_SFC_WRITE_SYSCFG_1,SFCSupport,getAttributes-5,PASS,,,,,,,,,Jan 14 2020 7:45:51.5710 PM,Jan 14 2020 7:45:51.5750 PM,.0039
20. INIT,QUERY_SFC_WRITE_SYSCFG_1,crowndmin,,PASS,,,,,,,,,Jan 14 2020 7:45:51.5760 PM,Jan 14 2020 7:45:51.5760 PM,0
20. INIT,QUERY_SFC_WRITE_SYSCFG_1,SFCSupport,getAttributes-6,PASS,,,,,,,,,Jan 14 2020 7:45:51.5770 PM,Jan 14 2020 7:45:51.5800 PM,.0033
20. INIT,QUERY_SFC_WRITE_SYSCFG_1,lisadmin,,PASS,,,,,,,,,Jan 14 2020 7:45:51.5810 PM,Jan 14 2020 7:45:51.5810 PM,0
20. INIT,QUERY_SFC_WRITE_SYSCFG_1,SFCSupport,getAttributes-7,PASS,,,,,,,,,Jan 14 2020 7:45:51.5820 PM,Jan 14 2020 7:45:51.5860 PM,.0034
20. INIT,QUERY_SFC_WRITE_SYSCFG_1,housmaterialdmin,,PASS,,,,,,,,,Jan 14 2020 7:45:51.5860 PM,Jan 14 2020 7:45:51.5860 PM,0
20. INIT,QUERY_SFC_WRITE_SYSCFG_1,SFCSupport,getAttributes-8,PASS,,,,,,,,,Jan 14 2020 7:45:51.5870 PM,Jan 14 2020 7:45:51.5910 PM,.0033
20. INIT,QUERY_SFC_WRITE_SYSCFG_1,houscolordmin,,PASS,,,,,,,,,Jan 14 2020 7:45:51.5910 PM,Jan 14 2020 7:45:51.5910 PM,0
20. INIT,QUERY_SFC_WRITE_SYSCFG_1,SFCSupport,getAttributes-9,PASS,,,,,,,,,Jan 14 2020 7:45:51.5930 PM,Jan 14 2020 7:45:51.5960 PM,.0036
20. INIT,QUERY_SFC_WRITE_SYSCFG_1,backcrystalmaterialdmin,,PASS,,,,,,,,,Jan 14 2020 7:45:51.5970 PM,Jan 14 2020 7:45:51.5970 PM,0
20. INIT,QUERY_SFC_WRITE_SYSCFG_1,SFCSupport,getAttributes-10,PASS,,,,,,,,,Jan 14 2020 7:45:51.5980 PM,Jan 14 2020 7:45:51.6020 PM,.0035
20. INIT,QUERY_SFC_WRITE_SYSCFG_1,backcrystalcolordmin,,PASS,,,,,,,,,Jan 14 2020 7:45:51.6020 PM,Jan 14 2020 7:45:51.6020 PM,0
20. INIT,QUERY_SFC_WRITE_SYSCFG_1,Get BART type,,PASS,,,,,,,,,Jan 14 2020 7:45:51.6060 PM,Jan 14 2020 7:45:51.6060 PM,0
20. INIT,QUERY_SFC_WRITE_SYSCFG_1,Get BART type - ICT,,PASS,,,,,,,,,Jan 14 2020 7:45:51.6060 PM,Jan 14 2020 7:45:51.6060 PM,0
20. INIT,QUERY_SFC_WRITE_SYSCFG_1,Get Lisa Dmin,,PASS,,,,,,,,,Jan 14 2020 7:45:51.6060 PM,Jan 14 2020 7:45:51.6060 PM,0
20. INIT,QUERY_SFC_WRITE_SYSCFG_1,Append string:lisadmin to crowndmin,,PASS,,,,,,,,,Jan 14 2020 7:45:51.6060 PM,Jan 14 2020 7:45:51.6060 PM,0
20. INIT,QUERY_SFC_WRITE_SYSCFG_1,Write LsBT,[EFIDut] syscfg add LsBT 0x001002A5 0x00000005 0x00000002 0x00000000,PASS,,,,,,,,,Jan 14 2020 7:45:51.6100 PM,Jan 14 2020 7:45:51.6810 PM,.0712
20. INIT,QUERY_SFC_WRITE_SYSCFG_1,Read LsBT,[EFIDut] syscfg print LsBT,PASS,,,,,,,,,Jan 14 2020 7:45:51.6850 PM,Jan 14 2020 7:45:51.7290 PM,.0438
20. INIT,QUERY_SFC_WRITE_SYSCFG_1,LsBT,,PASS,,,,,,,,,Jan 14 2020 7:45:51.7320 PM,Jan 14 2020 7:45:51.7320 PM,0
20. INIT,QUERY_SFC_WRITE_SYSCFG_1,EnMt,,PASS,,,,,,,,,Jan 14 2020 7:45:51.7350 PM,Jan 14 2020 7:45:51.7350 PM,0
20. INIT,QUERY_SFC_WRITE_SYSCFG_1,Write EnMt,[EFIDut] syscfg add EnMt 0x00000001 0x00000000 0x00000000 0x00000001,PASS,,,,,,,,,Jan 14 2020 7:45:51.7380 PM,Jan 14 2020 7:45:51.9370 PM,.1986
20. INIT,QUERY_SFC_WRITE_SYSCFG_1,Read EnMt,[EFIDut] syscfg print EnMt,PASS,,,,,,,,,Jan 14 2020 7:45:51.9400 PM,Jan 14 2020 7:45:51.9850 PM,.0445
20. INIT,QUERY_SFC_WRITE_SYSCFG_1,ENMT_SYSCFG_VALUE,,PASS,,,,,,,,,Jan 14 2020 7:45:51.9880 PM,Jan 14 2020 7:45:51.9880 PM,0
20. INIT,QUERY_SFC_WRITE_SYSCFG_1,ENMT_SYSCFG_VALUE_Compare,,PASS,,,,,,,,,Jan 14 2020 7:45:51.9900 PM,Jan 14 2020 7:45:51.9900 PM,0
20. INIT,QUERY_SFC_WRITE_SYSCFG_1,CLHS,,PASS,,,,,,,,,Jan 14 2020 7:45:51.9930 PM,Jan 14 2020 7:45:51.9930 PM,0
20. INIT,QUERY_SFC_WRITE_SYSCFG_1,Write CLHS,[EFIDut] syscfg add CLHS 0x00000001 0x00000000 0x00000000 0x00000002,PASS,,,,,,,,,Jan 14 2020 7:45:51.9960 PM,Jan 14 2020 7:45:52.1920 PM,.1961
20. INIT,QUERY_SFC_WRITE_SYSCFG_1,Read CLHS,[EFIDut] syscfg print CLHS,PASS,,,,,,,,,Jan 14 2020 7:45:52.1960 PM,Jan 14 2020 7:45:52.2390 PM,.0432
20. INIT,QUERY_SFC_WRITE_SYSCFG_1,CLHS_SYSCFG_VALUE,,PASS,,,,,,,,,Jan 14 2020 7:45:52.2430 PM,Jan 14 2020 7:45:52.2430 PM,0
20. INIT,QUERY_SFC_WRITE_SYSCFG_1,CLHS_SYSCFG_VALUE_Compare,,PASS,,,,,,,,,Jan 14 2020 7:45:52.2450 PM,Jan 14 2020 7:45:52.2450 PM,0
20. INIT,QUERY_SFC_WRITE_SYSCFG_1,SFCSupport,getAttributes-11,PASS,,,,,,,,,Jan 14 2020 7:45:52.2480 PM,Jan 14 2020 7:45:52.2510 PM,.0034
20. INIT,QUERY_SFC_WRITE_SYSCFG_1,BGMt,,PASS,,,,,,,,,Jan 14 2020 7:45:52.2530 PM,Jan 14 2020 7:45:52.2530 PM,0
20. INIT,QUERY_SFC_WRITE_SYSCFG_1,Write BGMt,[EFIDut] syscfg add BGMt 0x00000001 0x00000000 0x00000000 0x00000001,PASS,,,,,,,,,Jan 14 2020 7:45:52.2560 PM,Jan 14 2020 7:45:52.4470 PM,.1913
20. INIT,QUERY_SFC_WRITE_SYSCFG_1,Read BGMt,[EFIDut] syscfg print BGMt,PASS,,,,,,,,,Jan 14 2020 7:45:52.4510 PM,Jan 14 2020 7:45:52.4950 PM,.0444
20. INIT,QUERY_SFC_WRITE_SYSCFG_1,BGMT_SYSCFG_VALUE,,PASS,,,,,,,,,Jan 14 2020 7:45:52.4980 PM,Jan 14 2020 7:45:52.4980 PM,0
20. INIT,QUERY_SFC_WRITE_SYSCFG_1,BGMT_SYSCFG_VALUE_Compare,,PASS,,,,,,,,,Jan 14 2020 7:45:52.5010 PM,Jan 14 2020 7:45:52.5010 PM,0
20. INIT,QUERY_SFC_WRITE_SYSCFG_1,CLBG,,PASS,,,,,,,,,Jan 14 2020 7:45:52.5040 PM,Jan 14 2020 7:45:52.5040 PM,0
20. INIT,QUERY_SFC_WRITE_SYSCFG_1,Write CLBG,[EFIDut] syscfg add CLBG 0x00000001 0x00000000 0x00000000 0x00000001,PASS,,,,,,,,,Jan 14 2020 7:45:52.5070 PM,Jan 14 2020 7:45:52.5750 PM,.0683
20. INIT,QUERY_SFC_WRITE_SYSCFG_1,Read CLBG,[EFIDut] syscfg print CLBG,PASS,,,,,,,,,Jan 14 2020 7:45:52.5790 PM,Jan 14 2020 7:45:52.6230 PM,.0443
20. INIT,QUERY_SFC_WRITE_SYSCFG_1,CLBG_SYSCFG_VALUE,,PASS,,,,,,,,,Jan 14 2020 7:45:52.6260 PM,Jan 14 2020 7:45:52.6260 PM,0
20. INIT,QUERY_SFC_WRITE_SYSCFG_1,CLBG_SYSCFG_VALUE_Compare,,PASS,,,,,,,,,Jan 14 2020 7:45:52.6290 PM,Jan 14 2020 7:45:52.6290 PM,0
20. INIT,QUERY_SFC_WRITE_SYSCFG_1,Read CCal,[EFIDut] syscfg print CCal,PASS,,,,,,,,,Jan 14 2020 7:45:52.6320 PM,Jan 14 2020 7:45:52.6870 PM,.055
20. INIT,QUERY_SFC_WRITE_SYSCFG_1,CCAL,,PASS,,,,,,,,,Jan 14 2020 7:45:52.6900 PM,Jan 14 2020 7:45:52.6900 PM,0
20. INIT,QUERY_SFC_WRITE_SYSCFG_1,Write PRSq,[EFIDut] syscfg add PRSq 0x01050001,PASS,,,,,,,,,Jan 14 2020 7:45:52.6930 PM,Jan 14 2020 7:45:52.7350 PM,.0416
20. INIT,QUERY_SFC_WRITE_SYSCFG_1,Read PRSq,[EFIDut] syscfg print PRSq,PASS,,,,,,,,,Jan 14 2020 7:45:52.7380 PM,Jan 14 2020 7:45:52.7900 PM,.0511
20. INIT,QUERY_SFC_WRITE_SYSCFG_1,PRSq,,PASS,,,,,,,,,Jan 14 2020 7:45:52.7930 PM,Jan 14 2020 7:45:52.7930 PM,0
21. FIXTURE,,,,,,,,,,,,,Jan 14 2020 7:45:52.7980 PM,Jan 14 2020 7:45:55.5110 PM,2.7134
21. FIXTURE,LISA_INIT,Crown on,[Fixture] Crown on,PASS,,,,,,,,,Jan 14 2020 7:45:52.8010 PM,Jan 14 2020 7:45:55.5100 PM,2.7094
22. TRISTAR,,,,,,,,,,,,,Jan 14 2020 7:45:55.5130 PM,Jan 14 2020 7:45:57.1010 PM,1.5878
22. TRISTAR,TRISTAR,EFIDut,close,PASS,,,,,,,,,Jan 14 2020 7:45:55.5150 PM,Jan 14 2020 7:45:55.5160 PM,.0004
22. TRISTAR,TRISTAR,FileParser,JsonParsing,PASS,,,,,,,,,Jan 14 2020 7:45:55.5190 PM,Jan 14 2020 7:45:55.5200 PM,.0005
22. TRISTAR,TRISTAR,EZLink,,PASS,,1,NA,,,,,,Jan 14 2020 7:45:55.5230 PM,Jan 14 2020 7:45:55.5230 PM,0
22. TRISTAR,TRISTAR,EZLink1,EZLink,PASS,,,,,,,,,Jan 14 2020 7:45:55.5230 PM,Jan 14 2020 7:45:56.7560 PM,1.2331
22. TRISTAR,TRISTAR,Tristar Provision,,PASS,,,,,,,,,Jan 14 2020 7:45:56.7570 PM,Jan 14 2020 7:45:56.7570 PM,0
22. TRISTAR,TRISTAR,EFIDut,open,PASS,,,,,,,,,Jan 14 2020 7:45:56.7610 PM,Jan 14 2020 7:45:56.8150 PM,.0542
22. TRISTAR,TRISTAR,Tristar ESN,[EFIDut] tristar --esn,PASS,,,,,,,,,Jan 14 2020 7:45:56.8180 PM,Jan 14 2020 7:45:57.0540 PM,.2353
22. TRISTAR,TRISTAR,TRISTAR_ESN,,PASS,,,,,,,,,Jan 14 2020 7:45:57.0570 PM,Jan 14 2020 7:45:57.0570 PM,0
22. TRISTAR,TRISTAR,clear the debug interrupt,[EFIDut] tristar -r '0x0d',PASS,,,,,,,,,Jan 14 2020 7:45:57.0600 PM,Jan 14 2020 7:45:57.1000 PM,.0395
23. LISA,,,,,,,,,,,,,Jan 14 2020 7:45:57.1020 PM,Jan 14 2020 7:45:57.9340 PM,.8313
23. LISA,LISA_INIT-2,Initialize Bonn,[EFIDut] sensor --sel lisa --init,PASS,,,,,,,,,Jan 14 2020 7:45:57.1050 PM,Jan 14 2020 7:45:57.1600 PM,.0551
23. LISA,LISA_INIT-2,SENSOR_LISA_INIT_STATUS,,PASS,,,,,,,,,Jan 14 2020 7:45:57.1650 PM,Jan 14 2020 7:45:57.1650 PM,0
23. LISA,LISA_INIT-2,Get lisa Info,[EFIDut] sensor --sel lisa -g,PASS,,,,,,,,,Jan 14 2020 7:45:57.1680 PM,Jan 14 2020 7:45:57.3190 PM,.1511
23. LISA,LISA_INIT-2,RTP_FW,,PASS,,,,,,,,,Jan 14 2020 7:45:57.3220 PM,Jan 14 2020 7:45:57.3220 PM,0
23. LISA,LISA_INIT-2,Set Lisa to HW Mode,[EFIDut] sensor --sel lisa --set hw-mode true,PASS,,,,,,,,,Jan 14 2020 7:45:57.3250 PM,Jan 14 2020 7:45:57.3640 PM,.0387
23. LISA,LISA_INIT-2,Bonn Chip ID,[EFIDut] sensorreg --sel lisa --read 0x00,PASS,,,,,,,,,Jan 14 2020 7:45:57.3680 PM,Jan 14 2020 7:45:57.4070 PM,.0393
23. LISA,LISA_INIT-2,SENSOR_LISA_BONN_CHIP_ID,,PASS,,169,NA,,,,,NA,Jan 14 2020 7:45:57.4110 PM,Jan 14 2020 7:45:57.4110 PM,0
23. LISA,LISA_INIT-2,Bonn Connectivity Test,[EFIDut] sensor --sel lisa --conntest,PASS,,,,,,,,,Jan 14 2020 7:45:57.4140 PM,Jan 14 2020 7:45:57.4600 PM,.0464
23. LISA,LISA_INIT-2,SENSOR_LISA_CONNTEST_SPI,,PASS,,,,,,,,,Jan 14 2020 7:45:57.4630 PM,Jan 14 2020 7:45:57.4630 PM,0
23. LISA,LISA_INIT-2,SENSOR_LISA_CONNTEST_RST,,PASS,,,,,,,,,Jan 14 2020 7:45:57.4660 PM,Jan 14 2020 7:45:57.4660 PM,0
23. LISA,LISA_INIT-2,"Disable HW mode, also turns Bonn off.",[EFIDut] sensor --sel lisa --set hw-mode false,PASS,,,,,,,,,Jan 14 2020 7:45:57.4690 PM,Jan 14 2020 7:45:57.5080 PM,.0389
23. LISA,LISA_INIT-2,Lisa Selftest,[EFIDut] sensor --sel lisa --exectest selftest,PASS,,,,,,,,,Jan 14 2020 7:45:57.5110 PM,Jan 14 2020 7:45:57.5520 PM,.0405
23. LISA,LISA_INIT-2,SENSOR_LISA_SELFTEST_STATUS,,PASS,,,,,,,,,Jan 14 2020 7:45:57.5550 PM,Jan 14 2020 7:45:57.5550 PM,0
23. LISA,LISA_INIT-2,Turn off Lisa,[EFIDut] sensor --sel lisa --turnoff,PASS,,,,,,,,,Jan 14 2020 7:45:57.5580 PM,Jan 14 2020 7:45:57.6000 PM,.0415
23. LISA,LISA_INIT-2,Run Smokey script for Lisa,"[EFIDut] smokeyshell -r;smokeyshell -f ""nandfs:\AppleInternal\Diags\Logs\Smokey\Lisa\N140\Main.lua"" -e ""initLisa([[1.8]])""",PASS,,,,,,,,,Jan 14 2020 7:45:57.6060 PM,Jan 14 2020 7:45:57.9330 PM,.3269
24. FIXTURE,,,,,,,,,,,,,Jan 14 2020 7:45:57.9360 PM,Jan 14 2020 7:45:58.1480 PM,.212
24. FIXTURE,LISA_FORWARD,Start crown rotating forward,[Fixture] Crown forward,PASS,,,,,,,,,Jan 14 2020 7:45:57.9390 PM,Jan 14 2020 7:45:58.1470 PM,.2082
25. LISA,,,,,,,,,,,,,Jan 14 2020 7:45:58.1500 PM,Jan 14 2020 7:46:04.6700 PM,6.5198
25. LISA,LISA_FORWARD-USBFS,Make folder,[EFIDut] wait 1500;mkdir nandfs:\AppleInternal\Lisa_data\,PASS,,,,,,,,,Jan 14 2020 7:45:58.1530 PM,Jan 14 2020 7:45:59.6900 PM,1.5371
25. LISA,LISA_FORWARD-USBFS,Set the output log,[EFIDut] filelog --on nandfs:\AppleInternal\Lisa_data\NGQ97FH9XC_FORWARD_RAW.log,PASS,,,,,,,,,Jan 14 2020 7:45:59.6940 PM,Jan 14 2020 7:45:59.7340 PM,.04
25. LISA,LISA_FORWARD-USBFS,Set consolerouter,[EFIDut] consolerouter --add --src lisa.debug.testdata --dest file,PASS,,,,,,,,,Jan 14 2020 7:45:59.7370 PM,Jan 14 2020 7:45:59.7840 PM,.0465
25. LISA,LISA_FORWARD-USBFS,Run Forward Lisa Smokey Script,"[EFIDut] smokeyshell -r;smokeyshell -f ""nandfs:\AppleInternal\Diags\Logs\Smokey\Lisa\N140\Main.lua"" -e ""startLisaTest([[FORWARD]],[[LOG]])""",PASS,,,,,,,,,Jan 14 2020 7:45:59.7870 PM,Jan 14 2020 7:46:03.6220 PM,3.835
25. LISA,LISA_FORWARD-USBFS,LISA_FORWARD_PD0_LIGHT_MAX,,PASS,,2261,Counts,4000,0.01,,,Counts,Jan 14 2020 7:46:03.6260 PM,Jan 14 2020 7:46:03.6260 PM,0
25. LISA,LISA_FORWARD-USBFS,LISA_FORWARD_PD1_LIGHT_MAX,,PASS,,2399,Counts,4000,0.01,,,Counts,Jan 14 2020 7:46:03.6270 PM,Jan 14 2020 7:46:03.6270 PM,0
25. LISA,LISA_FORWARD-USBFS,LISA_FORWARD_PD2_LIGHT_MAX,,PASS,,2506,Counts,4000,0.01,,,Counts,Jan 14 2020 7:46:03.6270 PM,Jan 14 2020 7:46:03.6270 PM,0
25. LISA,LISA_FORWARD-USBFS,LISA_FORWARD_PD3_LIGHT_MAX,,PASS,,2578,Counts,4000,0.01,,,Counts,Jan 14 2020 7:46:03.6270 PM,Jan 14 2020 7:46:03.6270 PM,0
25. LISA,LISA_FORWARD-USBFS,LISA_FORWARD_PD4_LIGHT_MAX,,PASS,,2579,Counts,4000,0.01,,,Counts,Jan 14 2020 7:46:03.6270 PM,Jan 14 2020 7:46:03.6270 PM,0
25. LISA,LISA_FORWARD-USBFS,LISA_FORWARD_PD5_LIGHT_MAX,,PASS,,2521,Counts,4000,0.01,,,Counts,Jan 14 2020 7:46:03.6270 PM,Jan 14 2020 7:46:03.6270 PM,0
25. LISA,LISA_FORWARD-USBFS,LISA_FORWARD_PD6_LIGHT_MAX,,PASS,,2434,Counts,4000,0.01,,,Counts,Jan 14 2020 7:46:03.6280 PM,Jan 14 2020 7:46:03.6280 PM,0
25. LISA,LISA_FORWARD-USBFS,LISA_FORWARD_PD7_LIGHT_MAX,,PASS,,2370,Counts,4000,0.01,,,Counts,Jan 14 2020 7:46:03.6280 PM,Jan 14 2020 7:46:03.6280 PM,0
25. LISA,LISA_FORWARD-USBFS,LISA_FORWARD_PD0_SPAN,,PASS,,2048,Counts,3500,500,,,Counts,Jan 14 2020 7:46:03.6280 PM,Jan 14 2020 7:46:03.6280 PM,0
25. LISA,LISA_FORWARD-USBFS,LISA_FORWARD_PD1_SPAN,,PASS,,2159,Counts,3500,500,,,Counts,Jan 14 2020 7:46:03.6280 PM,Jan 14 2020 7:46:03.6280 PM,0
25. LISA,LISA_FORWARD-USBFS,LISA_FORWARD_PD2_SPAN,,PASS,,2250,Counts,3500,500,,,Counts,Jan 14 2020 7:46:03.6290 PM,Jan 14 2020 7:46:03.6290 PM,0
25. LISA,LISA_FORWARD-USBFS,LISA_FORWARD_PD3_SPAN,,PASS,,2315,Counts,3500,500,,,Counts,Jan 14 2020 7:46:03.6290 PM,Jan 14 2020 7:46:03.6290 PM,0
25. LISA,LISA_FORWARD-USBFS,LISA_FORWARD_PD4_SPAN,,PASS,,2330,Counts,3500,500,,,Counts,Jan 14 2020 7:46:03.6290 PM,Jan 14 2020 7:46:03.6290 PM,0
25. LISA,LISA_FORWARD-USBFS,LISA_FORWARD_PD5_SPAN,,PASS,,2281,Counts,3500,500,,,Counts,Jan 14 2020 7:46:03.6290 PM,Jan 14 2020 7:46:03.6290 PM,0
25. LISA,LISA_FORWARD-USBFS,LISA_FORWARD_PD6_SPAN,,PASS,,2203,Counts,3500,500,,,Counts,Jan 14 2020 7:46:03.6290 PM,Jan 14 2020 7:46:03.6290 PM,0
25. LISA,LISA_FORWARD-USBFS,LISA_FORWARD_PD7_SPAN,,PASS,,2147,Counts,3500,500,,,Counts,Jan 14 2020 7:46:03.6300 PM,Jan 14 2020 7:46:03.6300 PM,0
25. LISA,LISA_FORWARD-USBFS,LISA_FORWARD_PD_SPAN_MAX,,PASS,,2330,NA,,,,,NA,Jan 14 2020 7:46:03.6300 PM,Jan 14 2020 7:46:03.6300 PM,0
25. LISA,LISA_FORWARD-USBFS,LISA_FORWARD_PD_SPAN_MIN,,PASS,,2048,NA,,,,,NA,Jan 14 2020 7:46:03.6300 PM,Jan 14 2020 7:46:03.6300 PM,0
25. LISA,LISA_FORWARD-USBFS,LISA_FORWARD_SPAN_RATIO,,PASS,,0.878969957081545,NA,,0.6,,,NA,Jan 14 2020 7:46:03.6300 PM,Jan 14 2020 7:46:03.6300 PM,0
25. LISA,LISA_FORWARD-USBFS,LISA_FORWARD_PD0_DARK_PEAK2PEAK,,PASS,,10,Counts,54,0.01,,,Counts,Jan 14 2020 7:46:03.6310 PM,Jan 14 2020 7:46:03.6310 PM,0
25. LISA,LISA_FORWARD-USBFS,LISA_FORWARD_PD1_DARK_PEAK2PEAK,,PASS,,10,Counts,54,0.01,,,Counts,Jan 14 2020 7:46:03.6310 PM,Jan 14 2020 7:46:03.6310 PM,0
25. LISA,LISA_FORWARD-USBFS,LISA_FORWARD_PD2_DARK_PEAK2PEAK,,PASS,,10,Counts,54,0.01,,,Counts,Jan 14 2020 7:46:03.6310 PM,Jan 14 2020 7:46:03.6310 PM,0
25. LISA,LISA_FORWARD-USBFS,LISA_FORWARD_PD3_DARK_PEAK2PEAK,,PASS,,10,Counts,54,0.01,,,Counts,Jan 14 2020 7:46:03.6310 PM,Jan 14 2020 7:46:03.6310 PM,0
25. LISA,LISA_FORWARD-USBFS,LISA_FORWARD_PD4_DARK_PEAK2PEAK,,PASS,,10,Counts,54,0.01,,,Counts,Jan 14 2020 7:46:03.6310 PM,Jan 14 2020 7:46:03.6310 PM,0
25. LISA,LISA_FORWARD-USBFS,LISA_FORWARD_PD5_DARK_PEAK2PEAK,,PASS,,10,Counts,54,0.01,,,Counts,Jan 14 2020 7:46:03.6320 PM,Jan 14 2020 7:46:03.6320 PM,0
25. LISA,LISA_FORWARD-USBFS,LISA_FORWARD_PD6_DARK_PEAK2PEAK,,PASS,,12,Counts,54,0.01,,,Counts,Jan 14 2020 7:46:03.6320 PM,Jan 14 2020 7:46:03.6320 PM,0
25. LISA,LISA_FORWARD-USBFS,LISA_FORWARD_PD7_DARK_PEAK2PEAK,,PASS,,10,Counts,54,0.01,,,Counts,Jan 14 2020 7:46:03.6320 PM,Jan 14 2020 7:46:03.6320 PM,0
25. LISA,LISA_FORWARD-USBFS,LISA_FORWARD_PD0_LIGHT_PEAK2PEAK,,PASS,,2046,Counts,4000,0.01,,,Counts,Jan 14 2020 7:46:03.6320 PM,Jan 14 2020 7:46:03.6320 PM,0
25. LISA,LISA_FORWARD-USBFS,LISA_FORWARD_PD1_LIGHT_PEAK2PEAK,,PASS,,2156,Counts,4000,0.01,,,Counts,Jan 14 2020 7:46:03.6320 PM,Jan 14 2020 7:46:03.6320 PM,0
25. LISA,LISA_FORWARD-USBFS,LISA_FORWARD_PD2_LIGHT_PEAK2PEAK,,PASS,,2250,Counts,4000,0.01,,,Counts,Jan 14 2020 7:46:03.6330 PM,Jan 14 2020 7:46:03.6330 PM,0
25. LISA,LISA_FORWARD-USBFS,LISA_FORWARD_PD3_LIGHT_PEAK2PEAK,,PASS,,2315,Counts,4000,0.01,,,Counts,Jan 14 2020 7:46:03.6330 PM,Jan 14 2020 7:46:03.6330 PM,0
25. LISA,LISA_FORWARD-USBFS,LISA_FORWARD_PD4_LIGHT_PEAK2PEAK,,PASS,,2330,Counts,4000,0.01,,,Counts,Jan 14 2020 7:46:03.6330 PM,Jan 14 2020 7:46:03.6330 PM,0
25. LISA,LISA_FORWARD-USBFS,LISA_FORWARD_PD5_LIGHT_PEAK2PEAK,,PASS,,2280,Counts,4000,0.01,,,Counts,Jan 14 2020 7:46:03.6330 PM,Jan 14 2020 7:46:03.6330 PM,0
25. LISA,LISA_FORWARD-USBFS,LISA_FORWARD_PD6_LIGHT_PEAK2PEAK,,PASS,,2203,Counts,4000,0.01,,,Counts,Jan 14 2020 7:46:03.6330 PM,Jan 14 2020 7:46:03.6330 PM,0
25. LISA,LISA_FORWARD-USBFS,LISA_FORWARD_PD7_LIGHT_PEAK2PEAK,,PASS,,2146,Counts,4000,0.01,,,Counts,Jan 14 2020 7:46:03.6340 PM,Jan 14 2020 7:46:03.6340 PM,0
25. LISA,LISA_FORWARD-USBFS,LISA_FORWARD_PD0_DARK_AVG,,PASS,,48.26,NA,200,0.1,,,NA,Jan 14 2020 7:46:03.6340 PM,Jan 14 2020 7:46:03.6340 PM,0
25. LISA,LISA_FORWARD-USBFS,LISA_FORWARD_PD1_DARK_AVG,,PASS,,49.409,NA,200,0.1,,,NA,Jan 14 2020 7:46:03.6340 PM,Jan 14 2020 7:46:03.6340 PM,0
25. LISA,LISA_FORWARD-USBFS,LISA_FORWARD_PD2_DARK_AVG,,PASS,,46.29,NA,200,0.1,,,NA,Jan 14 2020 7:46:03.6340 PM,Jan 14 2020 7:46:03.6340 PM,0
25. LISA,LISA_FORWARD-USBFS,LISA_FORWARD_PD3_DARK_AVG,,PASS,,52.28,NA,200,0.1,,,NA,Jan 14 2020 7:46:03.6340 PM,Jan 14 2020 7:46:03.6340 PM,0
25. LISA,LISA_FORWARD-USBFS,LISA_FORWARD_PD4_DARK_AVG,,PASS,,45.14,NA,200,0.1,,,NA,Jan 14 2020 7:46:03.6350 PM,Jan 14 2020 7:46:03.6350 PM,0
25. LISA,LISA_FORWARD-USBFS,LISA_FORWARD_PD5_DARK_AVG,,PASS,,40.42,NA,200,0.1,,,NA,Jan 14 2020 7:46:03.6350 PM,Jan 14 2020 7:46:03.6350 PM,0
25. LISA,LISA_FORWARD-USBFS,LISA_FORWARD_PD6_DARK_AVG,,PASS,,46.469,NA,200,0.1,,,NA,Jan 14 2020 7:46:03.6350 PM,Jan 14 2020 7:46:03.6350 PM,0
25. LISA,LISA_FORWARD-USBFS,LISA_FORWARD_PD7_DARK_AVG,,PASS,,54.26,NA,200,0.1,,,NA,Jan 14 2020 7:46:03.6350 PM,Jan 14 2020 7:46:03.6350 PM,0
25. LISA,LISA_FORWARD-USBFS,LISA_FORWARD_PD0_DARK_STD,,PASS,,1.27,Counts,10,0.01,,,Counts,Jan 14 2020 7:46:03.6360 PM,Jan 14 2020 7:46:03.6360 PM,0
25. LISA,LISA_FORWARD-USBFS,LISA_FORWARD_PD1_DARK_STD,,PASS,,1.409,Counts,10,0.01,,,Counts,Jan 14 2020 7:46:03.6360 PM,Jan 14 2020 7:46:03.6360 PM,0
25. LISA,LISA_FORWARD-USBFS,LISA_FORWARD_PD2_DARK_STD,,PASS,,1.35,Counts,10,0.01,,,Counts,Jan 14 2020 7:46:03.6360 PM,Jan 14 2020 7:46:03.6360 PM,0
25. LISA,LISA_FORWARD-USBFS,LISA_FORWARD_PD3_DARK_STD,,PASS,,1.38,Counts,10,0.01,,,Counts,Jan 14 2020 7:46:03.6360 PM,Jan 14 2020 7:46:03.6360 PM,0
25. LISA,LISA_FORWARD-USBFS,LISA_FORWARD_PD4_DARK_STD,,PASS,,1.29,Counts,10,0.01,,,Counts,Jan 14 2020 7:46:03.6360 PM,Jan 14 2020 7:46:03.6360 PM,0
25. LISA,LISA_FORWARD-USBFS,LISA_FORWARD_PD5_DARK_STD,,PASS,,1.24,Counts,10,0.01,,,Counts,Jan 14 2020 7:46:03.6370 PM,Jan 14 2020 7:46:03.6370 PM,0
25. LISA,LISA_FORWARD-USBFS,LISA_FORWARD_PD6_DARK_STD,,PASS,,1.229,Counts,10,0.01,,,Counts,Jan 14 2020 7:46:03.6370 PM,Jan 14 2020 7:46:03.6370 PM,0
25. LISA,LISA_FORWARD-USBFS,LISA_FORWARD_PD7_DARK_STD,,PASS,,1.28,Counts,10,0.01,,,Counts,Jan 14 2020 7:46:03.6370 PM,Jan 14 2020 7:46:03.6370 PM,0
25. LISA,LISA_FORWARD-USBFS,LISA_FORWARD_DRX,,PASS,,1.392,NA,3.08,1,,,NA,Jan 14 2020 7:46:03.6370 PM,Jan 14 2020 7:46:03.6370 PM,0
25. LISA,LISA_FORWARD-USBFS,Disable Lisa,"[EFIDut] smokeyshell -r;smokeyshell -f ""nandfs:\AppleInternal\Diags\Logs\Smokey\Lisa\N140\Main.lua"" -e ""DisableLisa()""",PASS,,,,,,,,,Jan 14 2020 7:46:03.6400 PM,Jan 14 2020 7:46:03.8240 PM,.1838
25. LISA,LISA_FORWARD-USBFS,Disable Lisa,[EFIDut] filelog --off,PASS,,,,,,,,,Jan 14 2020 7:46:03.8280 PM,Jan 14 2020 7:46:03.8560 PM,.0283
25. LISA,LISA_FORWARD-USBFS,Disable Lisa,[EFIDut] consolerouter --rm --src lisa.debug.testdata --dest file,PASS,,,,,,,,,Jan 14 2020 7:46:03.8600 PM,Jan 14 2020 7:46:03.8990 PM,.0395
25. LISA,LISA_FORWARD-USBFS,Stop crown rorating,[Fixture] Crown Stop,PASS,,,,,,,,,Jan 14 2020 7:46:03.9030 PM,Jan 14 2020 7:46:03.9490 PM,.0458
25. LISA,LISA_FORWARD-USBFS,Init Usbfs,[EFIDut] usbfs --mount,PASS,,,,,,,,,Jan 14 2020 7:46:03.9520 PM,Jan 14 2020 7:46:04.5320 PM,.5799
25. LISA,LISA_FORWARD-USBFS,Copy file to local,[EFIDut] cp -r nandfs:\AppleInternal\Lisa_data\ usbfs:\,PASS,,,,,,,,,Jan 14 2020 7:46:04.5360 PM,Jan 14 2020 7:46:04.6280 PM,.0921
25. LISA,LISA_FORWARD-USBFS,Disable Usbfs,[EFIDut] usbfs --unmount,PASS,,,,,,,,,Jan 14 2020 7:46:04.6310 PM,Jan 14 2020 7:46:04.6600 PM,.0286
25. LISA,LISA_FORWARD-USBFS,Put Data into Insight upload list,,PASS,,,,,,,,,Jan 14 2020 7:46:04.6680 PM,Jan 14 2020 7:46:04.6680 PM,0
26. POWER,,,,,,,,,,,,,Jan 14 2020 7:46:04.6760 PM,Jan 14 2020 7:46:04.7920 PM,.1156
26. POWER,INIT_PMU_READ,Read PMU ADC Values,[EFIDut] pmuadc --read temp2,PASS,,,,,,,,,Jan 14 2020 7:46:04.6790 PM,Jan 14 2020 7:46:04.7400 PM,.0607
26. POWER,INIT_PMU_READ,PMUADC_TEMP_NTC2,,PASS,,8272.509700000001,NA,15000,3300,,,NA,Jan 14 2020 7:46:04.7460 PM,Jan 14 2020 7:46:04.7460 PM,0
26. POWER,INIT_PMU_READ,Read PMU ADC Values,[EFIDut] pmuadc --read temp4,PASS,,,,,,,,,Jan 14 2020 7:46:04.7500 PM,Jan 14 2020 7:46:04.7880 PM,.0383
26. POWER,INIT_PMU_READ,PMUADC_TEMP_NTC4,,PASS,,8735.477800000001,NA,15000,3300,,,NA,Jan 14 2020 7:46:04.7920 PM,Jan 14 2020 7:46:04.7920 PM,0
27. IMU,,,,,,,,,,,,,Jan 14 2020 7:46:04.7940 PM,Jan 14 2020 7:46:04.8450 PM,.0508
27. IMU,SET_BUBO_PFM,Set SYSTEM_TO_PMU_REQUEST_PWM to low,[EFIDut] socgpio --port 1 --pin 95 --input --nopull; socgpio --port 1 --pin 86 --input --nopull,PASS,,,,,,,,,Jan 14 2020 7:46:04.7970 PM,Jan 14 2020 7:46:04.8430 PM,.0465
28. IMU,,,,,,,,,,,,,Jan 14 2020 7:46:04.8470 PM,Jan 14 2020 7:46:05.1500 PM,.3033
28. IMU,Kobol_INIT,Init Kobol,"[EFIDut] sensor --sel accel,gyro --init",PASS,,,,,,,,,Jan 14 2020 7:46:04.8500 PM,Jan 14 2020 7:46:05.1460 PM,.2965
28. IMU,Kobol_INIT,IMU_INIT_STATUS,,PASS,,,,,,,,,Jan 14 2020 7:46:05.1500 PM,Jan 14 2020 7:46:05.1500 PM,0
29. IMU,,,,,,,,,,,,,Jan 14 2020 7:46:05.1520 PM,Jan 14 2020 7:46:05.2150 PM,.0629
29. IMU,IMU_ACCEL_ID,IMU Accel ID Information,[EFIDut] sensor --sel accel --get,PASS,,,,,,,,,Jan 14 2020 7:46:05.1540 PM,Jan 14 2020 7:46:05.2110 PM,.0568
29. IMU,IMU_ACCEL_ID,ACCEL_MANU_ID,,PASS,,,,,,,,,Jan 14 2020 7:46:05.2140 PM,Jan 14 2020 7:46:05.2140 PM,0
30. IMU,,,,,,,,,,,,,Jan 14 2020 7:46:05.2160 PM,Jan 14 2020 7:46:05.3060 PM,.0898
30. IMU,Kobol_ACCEL_ID,Evaluate condition: IMU_MANU_ID CONTAINS '0x00E4',,PASS,,,,,,,,,Jan 14 2020 7:46:05.2180 PM,Jan 14 2020 7:46:05.2180 PM,.0001
30. IMU,Kobol_ACCEL_ID,Kobol Accel ID Information,[EFIDut] sensor --sel accel --get,PASS,,,,,,,,,Jan 14 2020 7:46:05.2210 PM,Jan 14 2020 7:46:05.2770 PM,.0555
30. IMU,Kobol_ACCEL_ID,Evaluate condition: IMU_MANU_ID CONTAINS '0x00E4'-2,,PASS,,,,,,,,,Jan 14 2020 7:46:05.2800 PM,Jan 14 2020 7:46:05.2800 PM,.0001
30. IMU,Kobol_ACCEL_ID,IMU_MANU_ID,,PASS,,,,,,,,,Jan 14 2020 7:46:05.2840 PM,Jan 14 2020 7:46:05.2840 PM,0
30. IMU,Kobol_ACCEL_ID,Evaluate condition: IMU_MANU_ID CONTAINS '0x00E4'-3,,PASS,,,,,,,,,Jan 14 2020 7:46:05.2860 PM,Jan 14 2020 7:46:05.2860 PM,0
30. IMU,Kobol_ACCEL_ID,IMU_CHIP_ID,,PASS,,,,,,,,,Jan 14 2020 7:46:05.2900 PM,Jan 14 2020 7:46:05.2900 PM,0
30. IMU,Kobol_ACCEL_ID,Evaluate condition: IMU_MANU_ID CONTAINS '0x00E4'-4,,PASS,,,,,,,,,Jan 14 2020 7:46:05.2920 PM,Jan 14 2020 7:46:05.2920 PM,0
30. IMU,Kobol_ACCEL_ID,IMU_REV_ID,,PASS,,,,,,,,,Jan 14 2020 7:46:05.2950 PM,Jan 14 2020 7:46:05.2950 PM,0
30. IMU,Kobol_ACCEL_ID,Evaluate condition: IMU_MANU_ID CONTAINS '0x00E4'-5,,PASS,,,,,,,,,Jan 14 2020 7:46:05.2970 PM,Jan 14 2020 7:46:05.2970 PM,0
30. IMU,Kobol_ACCEL_ID,IMU_MEMS_ID,,PASS,,,,,,,,,Jan 14 2020 7:46:05.3010 PM,Jan 14 2020 7:46:05.3010 PM,0
30. IMU,Kobol_ACCEL_ID,Evaluate condition: IMU_MANU_ID CONTAINS '0x00E4'-6,,PASS,,,,,,,,,Jan 14 2020 7:46:05.3020 PM,Jan 14 2020 7:46:05.3020 PM,0
30. IMU,Kobol_ACCEL_ID,IMU_ASIC_ID,,PASS,,,,,,,,,Jan 14 2020 7:46:05.3060 PM,Jan 14 2020 7:46:05.3060 PM,0
31. IMU,,,,,,,,,,,,,Jan 14 2020 7:46:05.3120 PM,Jan 14 2020 7:46:05.5760 PM,.2638
31. IMU,Kobol_GYRO_DRIVE_FREQ_MEAS,Evaluate condition: IMU_MANU_ID CONTAINS '0x00E4',,PASS,,,,,,,,,Jan 14 2020 7:46:05.3140 PM,Jan 14 2020 7:46:05.3140 PM,0
31. IMU,Kobol_GYRO_DRIVE_FREQ_MEAS,Measure gyro drive frequency,[EFIDut] sensor -s gyro --exectest drive_freq_measurement,PASS,,,,,,,,,Jan 14 2020 7:46:05.3180 PM,Jan 14 2020 7:46:05.5650 PM,.2464
31. IMU,Kobol_GYRO_DRIVE_FREQ_MEAS,Evaluate condition: IMU_MANU_ID CONTAINS '0x00E4'-2,,PASS,,,,,,,,,Jan 14 2020 7:46:05.5670 PM,Jan 14 2020 7:46:05.5670 PM,0
31. IMU,Kobol_GYRO_DRIVE_FREQ_MEAS,GYRO_Drive_Freq_pos,,PASS,,24.98,NA,,,,,,Jan 14 2020 7:46:05.5710 PM,Jan 14 2020 7:46:05.5710 PM,0
31. IMU,Kobol_GYRO_DRIVE_FREQ_MEAS,Evaluate condition: IMU_MANU_ID CONTAINS '0x00E4'-3,,PASS,,,,,,,,,Jan 14 2020 7:46:05.5720 PM,Jan 14 2020 7:46:05.5720 PM,0
31. IMU,Kobol_GYRO_DRIVE_FREQ_MEAS,GYRO_Drive_Freq_vel,,PASS,,24.98,NA,,,,,,Jan 14 2020 7:46:05.5760 PM,Jan 14 2020 7:46:05.5760 PM,0
32. IMU,,,,,,,,,,,,,Jan 14 2020 7:46:05.5780 PM,Jan 14 2020 7:46:05.6490 PM,.0711
32. IMU,IMU_Connectivity,Kobol Accel Connectivity,[EFIDut] sensor --sel accel --c,PASS,,,,,,,,,Jan 14 2020 7:46:05.5810 PM,Jan 14 2020 7:46:05.6410 PM,.0605
32. IMU,IMU_Connectivity,ACCEL_INT1_CONN_TEST,,PASS,,,,,,,,,Jan 14 2020 7:46:05.6460 PM,Jan 14 2020 7:46:05.6460 PM,0
32. IMU,IMU_Connectivity,ACCEL_INT2_CONN_TEST,,PASS,,,,,,,,,Jan 14 2020 7:46:05.6490 PM,Jan 14 2020 7:46:05.6490 PM,0
33. IMU,,,,,,,,,,,,,Jan 14 2020 7:46:05.6520 PM,Jan 14 2020 7:46:05.9510 PM,.2997
33. IMU,IMU_OFF,Turnoff IMU,"[EFIDut] sensor --sel accel,gyro --turnoff; wait 200",PASS,,,,,,,,,Jan 14 2020 7:46:05.6550 PM,Jan 14 2020 7:46:05.9500 PM,.2955
34. IMU,,,,,,,,,,,,,Jan 14 2020 7:46:05.9530 PM,Jan 14 2020 7:46:06.3600 PM,.4074
34. IMU,Kobol_ACCEL_SELFTEST,Init Accel,[EFIDut] sensor --sel accel --init,PASS,,,,,,,,,Jan 14 2020 7:46:05.9560 PM,Jan 14 2020 7:46:06.1060 PM,.1504
34. IMU,Kobol_ACCEL_SELFTEST,Kobol Accel Self Test,[EFIDut] sensor --sel accel --exectest selftest,PASS,,,,,,,,,Jan 14 2020 7:46:06.1100 PM,Jan 14 2020 7:46:06.3570 PM,.2469
34. IMU,Kobol_ACCEL_SELFTEST,Kobol_Accel_SelfTest,,PASS,,,,,,,,,Jan 14 2020 7:46:06.3600 PM,Jan 14 2020 7:46:06.3600 PM,0
35. IMU,,,,,,,,,,,,,Jan 14 2020 7:46:06.3620 PM,Jan 14 2020 7:46:08.2600 PM,1.8979
35. IMU,IMU_Combo_LPNM25_BUBO_PFM,Init accelerometer and gyro,"[EFIDut] sensor --sel accel,gyro --init",PASS,,,,,,,,,Jan 14 2020 7:46:06.3650 PM,Jan 14 2020 7:46:06.6590 PM,.2941
35. IMU,IMU_Combo_LPNM25_BUBO_PFM,Enter gyro low power mode,[EFIDut] socgpio --port 1 --pin 95 --input --nopull; socgpio --port 1 --pin 86 --input --nopull,PASS,,,,,,,,,Jan 14 2020 7:46:06.6630 PM,Jan 14 2020 7:46:06.7140 PM,.0513
35. IMU,IMU_Combo_LPNM25_BUBO_PFM,Evaluate condition: IMU_MANU_ID CONTAINS '0x00E4',,PASS,,,,,,,,,Jan 14 2020 7:46:06.7160 PM,Jan 14 2020 7:46:06.7160 PM,0
35. IMU,IMU_Combo_LPNM25_BUBO_PFM,Enter gyro low power mode,[EFIDut] sensor --sel gyro --set lpm true,PASS,,,,,,,,,Jan 14 2020 7:46:06.7200 PM,Jan 14 2020 7:46:06.7580 PM,.0383
35. IMU,IMU_Combo_LPNM25_BUBO_PFM,Evaluate condition: IMU_MANU_ID CONTAINS '0x00E4'-2,,PASS,,,,,,,,,Jan 14 2020 7:46:06.7600 PM,Jan 14 2020 7:46:06.7600 PM,0
35. IMU,IMU_Combo_LPNM25_BUBO_PFM,Set gyro LPM duty cycle to 25 percent,[EFIDut] sensor --sel gyro --set lpm_duty_cycle 25,PASS,,,,,,,,,Jan 14 2020 7:46:06.7640 PM,Jan 14 2020 7:46:06.8040 PM,.0399
35. IMU,IMU_Combo_LPNM25_BUBO_PFM,Evaluate condition: IMU_MANU_ID CONTAINS '0x00E4'-3,,PASS,,,,,,,,,Jan 14 2020 7:46:06.8060 PM,Jan 14 2020 7:46:06.8060 PM,0
35. IMU,IMU_Combo_LPNM25_BUBO_PFM,Set accel/gyro dynamic range to 32g/2000dps,[EFIDut] sensor --sel accel --set dynamic_range 32; sensor --sel gyro --set dynamic_range 2000,PASS,,,,,,,,,Jan 14 2020 7:46:06.8100 PM,Jan 14 2020 7:46:06.9840 PM,.174
35. IMU,IMU_Combo_LPNM25_BUBO_PFM,Evaluate condition: IMU_MANU_ID CONTAINS '0x00E4'-4,,PASS,,,,,,,,,Jan 14 2020 7:46:06.9860 PM,Jan 14 2020 7:46:06.9860 PM,0
35. IMU,IMU_Combo_LPNM25_BUBO_PFM,Set accel/gyro ODR to 800Hz,[EFIDut] sensor --sel accel --set rate 800; sensor --sel gyro --set rate 800,PASS,,,,,,,,,Jan 14 2020 7:46:06.9900 PM,Jan 14 2020 7:46:07.1230 PM,.1328
35. IMU,IMU_Combo_LPNM25_BUBO_PFM,Evaluate condition: IMU_MANU_ID CONTAINS '0x00E4'-5,,PASS,,,,,,,,,Jan 14 2020 7:46:07.1250 PM,Jan 14 2020 7:46:07.1250 PM,0
35. IMU,IMU_Combo_LPNM25_BUBO_PFM,Set accel/gyro BW to 50Hz/100Hz,[EFIDut] sensor --sel accel --set bw 50; sensor --sel gyro --set bw 100,PASS,,,,,,,,,Jan 14 2020 7:46:07.1280 PM,Jan 14 2020 7:46:07.2630 PM,.1348
35. IMU,IMU_Combo_LPNM25_BUBO_PFM,Evaluate condition: IMU_MANU_ID CONTAINS '0x00E4'-6,,PASS,,,,,,,,,Jan 14 2020 7:46:07.2660 PM,Jan 14 2020 7:46:07.2660 PM,0
35. IMU,IMU_Combo_LPNM25_BUBO_PFM,Set accel/gyro filter rolloff to -60dB/-20dB,[EFIDut] sensorreg --sel accel --write 0x19 0x00; sensorreg --sel gyro --write 0x1B 0x08,PASS,,,,,,,,,Jan 14 2020 7:46:07.2690 PM,Jan 14 2020 7:46:07.3260 PM,.0571
35. IMU,IMU_Combo_LPNM25_BUBO_PFM,"Evaluate condition: IMU_MANU_ID == ""null""",,PASS,,,,,,,,,Jan 14 2020 7:46:07.3290 PM,Jan 14 2020 7:46:07.3290 PM,0
35. IMU,IMU_Combo_LPNM25_BUBO_PFM,Set accel/gyro ODR to 200Hz,"Action[8]: EFIDut:sendCommand-Skip action because Condition not met-Condition: IMU_MANU_ID == ""null""",PASS,,,,,,,,,Jan 14 2020 7:46:07.3300 PM,Jan 14 2020 7:46:07.3300 PM,0
35. IMU,IMU_Combo_LPNM25_BUBO_PFM,Evaluate condition: ACCEL_LOT_INFO CONTAINS 'G6H948',,PASS,,,,,,,,,Jan 14 2020 7:46:07.3310 PM,Jan 14 2020 7:46:07.3310 PM,0
35. IMU,IMU_Combo_LPNM25_BUBO_PFM,Set accel/gyro dynamic range to 128g/2000dps,Action[9]: EFIDut:sendCommand-Skip action because Condition not met-Condition: ACCEL_LOT_INFO CONTAINS 'G6H948',PASS,,,,,,,,,Jan 14 2020 7:46:07.3320 PM,Jan 14 2020 7:46:07.3320 PM,0
35. IMU,IMU_Combo_LPNM25_BUBO_PFM,Evaluate condition: ACCEL_LOT_INFO CONTAINS 'G6H931',,PASS,,,,,,,,,Jan 14 2020 7:46:07.3340 PM,Jan 14 2020 7:46:07.3340 PM,0
35. IMU,IMU_Combo_LPNM25_BUBO_PFM,Set accel/gyro dynamic range to 16g/2000dps,Action[10]: EFIDut:sendCommand-Skip action because Condition not met-Condition: ACCEL_LOT_INFO CONTAINS 'G6H931',PASS,,,,,,,,,Jan 14 2020 7:46:07.3350 PM,Jan 14 2020 7:46:07.3350 PM,0
35. IMU,IMU_Combo_LPNM25_BUBO_PFM,"Evaluate condition: IMU_MANU_ID == ""null""-2",,PASS,,,,,,,,,Jan 14 2020 7:46:07.3360 PM,Jan 14 2020 7:46:07.3360 PM,0
35. IMU,IMU_Combo_LPNM25_BUBO_PFM,Set accel/gyro BW to 50Hz/100Hz,"Action[11]: EFIDut:sendCommand-Skip action because Condition not met-Condition: IMU_MANU_ID == ""null""",PASS,,,,,,,,,Jan 14 2020 7:46:07.3370 PM,Jan 14 2020 7:46:07.3370 PM,0
35. IMU,IMU_Combo_LPNM25_BUBO_PFM,"Evaluate condition: IMU_MANU_ID == ""null""-3",,PASS,,,,,,,,,Jan 14 2020 7:46:07.3390 PM,Jan 14 2020 7:46:07.3390 PM,0
35. IMU,IMU_Combo_LPNM25_BUBO_PFM,Set accel/gyro filter rolloff to -60dB/-20dB,"Action[12]: EFIDut:sendCommand-Skip action because Condition not met-Condition: IMU_MANU_ID == ""null""",PASS,,,,,,,,,Jan 14 2020 7:46:07.3400 PM,Jan 14 2020 7:46:07.3400 PM,0
35. IMU,IMU_Combo_LPNM25_BUBO_PFM,Enter BG quiesce,[EFIDut] event -s enter-bg-quiesce,PASS,,,,,,,,,Jan 14 2020 7:46:07.3430 PM,Jan 14 2020 7:46:07.4060 PM,.0633
35. IMU,IMU_Combo_LPNM25_BUBO_PFM,Collect 500ms of accelerometer and gyro data,"[EFIDut] sensor --sel accel,gyro --sample 500ms --stats --quiet",PASS,,,,,,,,,Jan 14 2020 7:46:07.4100 PM,Jan 14 2020 7:46:08.0680 PM,.658
35. IMU,IMU_Combo_LPNM25_BUBO_PFM,"Evaluate condition: IMU_MANU_ID == ""null""-4",,PASS,,,,,,,,,Jan 14 2020 7:46:08.0720 PM,Jan 14 2020 7:46:08.0720 PM,0
35. IMU,IMU_Combo_LPNM25_BUBO_PFM,IMU_Combo_LPNM25_BUBO_PFM,"Action[16]: Rush:setACCEL_2-Skip action because Condition not met-Condition: IMU_MANU_ID == ""null""",PASS,,,,,,,,,Jan 14 2020 7:46:08.0730 PM,Jan 14 2020 7:46:08.0730 PM,0
35. IMU,IMU_Combo_LPNM25_BUBO_PFM,Combo_LPNM25_PFM_onPUCK_accel_average_x,,PASS,,0.020575,g,0.118,-0.118,,,g,Jan 14 2020 7:46:08.0770 PM,Jan 14 2020 7:46:08.0770 PM,0
35. IMU,IMU_Combo_LPNM25_BUBO_PFM,Combo_LPNM25_PFM_onPUCK_accel_average_y,,PASS,,0.008333999999999999,g,0.118,-0.118,,,g,Jan 14 2020 7:46:08.0770 PM,Jan 14 2020 7:46:08.0770 PM,0
35. IMU,IMU_Combo_LPNM25_BUBO_PFM,Combo_LPNM25_PFM_onPUCK_accel_average_z,,PASS,,0.998776,g,1.118,0.882,,,g,Jan 14 2020 7:46:08.0770 PM,Jan 14 2020 7:46:08.0770 PM,0
35. IMU,IMU_Combo_LPNM25_BUBO_PFM,Combo_LPNM25_PFM_onPUCK_accel_stdev_x,,PASS,,0.001046,g-rms,0.05,1e-05,,,g-rms,Jan 14 2020 7:46:08.0780 PM,Jan 14 2020 7:46:08.0780 PM,0
35. IMU,IMU_Combo_LPNM25_BUBO_PFM,Combo_LPNM25_PFM_onPUCK_accel_stdev_y,,PASS,,0.000998,g-rms,0.05,1e-05,,,g-rms,Jan 14 2020 7:46:08.0780 PM,Jan 14 2020 7:46:08.0780 PM,0
35. IMU,IMU_Combo_LPNM25_BUBO_PFM,Combo_LPNM25_PFM_onPUCK_accel_stdev_z,,PASS,,0.001129,g-rms,0.05,1e-05,,,g-rms,Jan 14 2020 7:46:08.0780 PM,Jan 14 2020 7:46:08.0780 PM,0
35. IMU,IMU_Combo_LPNM25_BUBO_PFM,Combo_LPNM25_PFM_onPUCK_gyro_average_x,,PASS,,0.426342,dps,25,-25,,,dps,Jan 14 2020 7:46:08.0780 PM,Jan 14 2020 7:46:08.0780 PM,0
35. IMU,IMU_Combo_LPNM25_BUBO_PFM,Combo_LPNM25_PFM_onPUCK_gyro_average_y,,PASS,,-0.304572,dps,25,-25,,,dps,Jan 14 2020 7:46:08.0780 PM,Jan 14 2020 7:46:08.0780 PM,0
35. IMU,IMU_Combo_LPNM25_BUBO_PFM,Combo_LPNM25_PFM_onPUCK_gyro_average_z,,PASS,,-0.293997,dps,25,-25,,,dps,Jan 14 2020 7:46:08.0780 PM,Jan 14 2020 7:46:08.0780 PM,0
35. IMU,IMU_Combo_LPNM25_BUBO_PFM,Combo_LPNM25_PFM_onPUCK_gyro_stdev_x,,PASS,,0.116029,dps-rms,,1e-05,,,dps-rms,Jan 14 2020 7:46:08.0790 PM,Jan 14 2020 7:46:08.0790 PM,0
35. IMU,IMU_Combo_LPNM25_BUBO_PFM,Combo_LPNM25_PFM_onPUCK_gyro_stdev_y,,PASS,,0.153522,dps-rms,,1e-05,,,dps-rms,Jan 14 2020 7:46:08.0790 PM,Jan 14 2020 7:46:08.0790 PM,0
35. IMU,IMU_Combo_LPNM25_BUBO_PFM,Combo_LPNM25_PFM_onPUCK_gyro_stdev_z,,PASS,,0.14571,dps-rms,,1e-05,,,dps-rms,Jan 14 2020 7:46:08.0790 PM,Jan 14 2020 7:46:08.0790 PM,0
35. IMU,IMU_Combo_LPNM25_BUBO_PFM,Combo_LPNM25_PFM_onPUCK_gyro_odr,,PASS,,805.943936,Hz,880,720,,,Hz,Jan 14 2020 7:46:08.0790 PM,Jan 14 2020 7:46:08.0790 PM,0
35. IMU,IMU_Combo_LPNM25_BUBO_PFM,Combo_LPNM25_PFM_onPUCK_gyro_temp,,PASS,,31.568047,C,,5,,,C,Jan 14 2020 7:46:08.0790 PM,Jan 14 2020 7:46:08.0790 PM,0
35. IMU,IMU_Combo_LPNM25_BUBO_PFM,Leave BG quiesce,[EFIDut] event -s leave-bg-quiesce,PASS,,,,,,,,,Jan 14 2020 7:46:08.0820 PM,Jan 14 2020 7:46:08.1150 PM,.0327
35. IMU,IMU_Combo_LPNM25_BUBO_PFM,Evaluate condition: IMU_MANU_ID CONTAINS '0x00E4'-7,,PASS,,,,,,,,,Jan 14 2020 7:46:08.1180 PM,Jan 14 2020 7:46:08.1180 PM,0
35. IMU,IMU_Combo_LPNM25_BUBO_PFM,Exit gyro low noise mode,[EFIDut] sensor --sel gyro --set lpm false,PASS,,,,,,,,,Jan 14 2020 7:46:08.1210 PM,Jan 14 2020 7:46:08.1630 PM,.042
35. IMU,IMU_Combo_LPNM25_BUBO_PFM,Turn off accelerometer and gyro,"[EFIDut] sensor --sel accel,gyro --turnoff",PASS,,,,,,,,,Jan 14 2020 7:46:08.1670 PM,Jan 14 2020 7:46:08.2590 PM,.0922
36. PRESSURE,,,,,,,,,,,,,Jan 14 2020 7:46:08.2640 PM,Jan 14 2020 7:46:10.9630 PM,2.6996
36. PRESSURE,POTASSIUM,Init Potassium,[EFIDut] sensor --sel pressure2 --init,PASS,,,,,,,,,Jan 14 2020 7:46:08.2670 PM,Jan 14 2020 7:46:08.3170 PM,.05
36. PRESSURE,POTASSIUM,POTASSIUM_INIT_STATUS,,PASS,,,,,,,,,Jan 14 2020 7:46:08.3200 PM,Jan 14 2020 7:46:08.3200 PM,0
36. PRESSURE,POTASSIUM,Check Pressure Chip_ID,[EFIDut] sensor -s pressure2 --get chip_id,PASS,,,,,,,,,Jan 14 2020 7:46:08.3230 PM,Jan 14 2020 7:46:08.3630 PM,.0396
36. PRESSURE,POTASSIUM,PRESSURE_CHIP_ID,,PASS,,,,,,,,,Jan 14 2020 7:46:08.3670 PM,Jan 14 2020 7:46:08.3670 PM,0
36. PRESSURE,POTASSIUM,Dump Potassium Registers,[EFIDut] sensorreg -s pressure2 --dump,PASS,,,,,,,,,Jan 14 2020 7:46:08.3710 PM,Jan 14 2020 7:46:08.4350 PM,.0639
36. PRESSURE,POTASSIUM,Evaluate condition: PRESSURE_CHIP_ID!='0x30' && PRESSURE_CHIP_ID!='0x28',,PASS,,,,,,,,,Jan 14 2020 7:46:08.4370 PM,Jan 14 2020 7:46:08.4370 PM,.0001
36. PRESSURE,POTASSIUM,IN_PR_Chip_ID,,PASS,,93,NA,,,,,,Jan 14 2020 7:46:08.4410 PM,Jan 14 2020 7:46:08.4410 PM,0
36. PRESSURE,POTASSIUM,Evaluate condition: PRESSURE_CHIP_ID!='0x30' && PRESSURE_CHIP_ID!='0x28'-2,,PASS,,,,,,,,,Jan 14 2020 7:46:08.4420 PM,Jan 14 2020 7:46:08.4420 PM,0
36. PRESSURE,POTASSIUM,IN_PR_Rev_ID,,PASS,,0,NA,,,,,,Jan 14 2020 7:46:08.4460 PM,Jan 14 2020 7:46:08.4460 PM,0
36. PRESSURE,POTASSIUM,Evaluate condition: PRESSURE_CHIP_ID=='0x30',,PASS,,,,,,,,,Jan 14 2020 7:46:08.4470 PM,Jan 14 2020 7:46:08.4470 PM,0
36. PRESSURE,POTASSIUM,IN_EIGER-C_Mfg_ID,Action[7]: Rush:regexFirstMatch-Skip action because Condition not met-Condition: PRESSURE_CHIP_ID=='0x30',PASS,,,,,,,,,Jan 14 2020 7:46:08.4480 PM,Jan 14 2020 7:46:08.4480 PM,0
36. PRESSURE,POTASSIUM,Evaluate condition: PRESSURE_CHIP_ID=='0x30'-2,,PASS,,,,,,,,,Jan 14 2020 7:46:08.4500 PM,Jan 14 2020 7:46:08.4500 PM,0
36. PRESSURE,POTASSIUM,IN_PR_Chip_ID,Action[8]: Rush:regexFirstMatch-Skip action because Condition not met-Condition: PRESSURE_CHIP_ID=='0x30',PASS,,,,,,,,,Jan 14 2020 7:46:08.4510 PM,Jan 14 2020 7:46:08.4510 PM,0
36. PRESSURE,POTASSIUM,Evaluate condition: PRESSURE_CHIP_ID=='0x30'-3,,PASS,,,,,,,,,Jan 14 2020 7:46:08.4530 PM,Jan 14 2020 7:46:08.4530 PM,0
36. PRESSURE,POTASSIUM,IN_PR_Rev_ID,Action[9]: Rush:regexFirstMatch-Skip action because Condition not met-Condition: PRESSURE_CHIP_ID=='0x30',PASS,,,,,,,,,Jan 14 2020 7:46:08.4540 PM,Jan 14 2020 7:46:08.4540 PM,0
36. PRESSURE,POTASSIUM,Evaluate condition: PRESSURE_CHIP_ID=='0x28',,PASS,,,,,,,,,Jan 14 2020 7:46:08.4550 PM,Jan 14 2020 7:46:08.4550 PM,0
36. PRESSURE,POTASSIUM,IN_PR_Mfg_ID,Action[10]: Rush:regexFirstMatch-Skip action because Condition not met-Condition: PRESSURE_CHIP_ID=='0x28',PASS,,,,,,,,,Jan 14 2020 7:46:08.4560 PM,Jan 14 2020 7:46:08.4560 PM,0
36. PRESSURE,POTASSIUM,Evaluate condition: PRESSURE_CHIP_ID=='0x28'-2,,PASS,,,,,,,,,Jan 14 2020 7:46:08.4580 PM,Jan 14 2020 7:46:08.4580 PM,0
36. PRESSURE,POTASSIUM,IN_PR_Chip_ID,Action[11]: Rush:regexFirstMatch-Skip action because Condition not met-Condition: PRESSURE_CHIP_ID=='0x28',PASS,,,,,,,,,Jan 14 2020 7:46:08.4590 PM,Jan 14 2020 7:46:08.4590 PM,0
36. PRESSURE,POTASSIUM,Evaluate condition: PRESSURE_CHIP_ID=='0x28'-3,,PASS,,,,,,,,,Jan 14 2020 7:46:08.4600 PM,Jan 14 2020 7:46:08.4600 PM,0
36. PRESSURE,POTASSIUM,IN_PR_Trim_Rev,Action[12]: Rush:regexFirstMatch-Skip action because Condition not met-Condition: PRESSURE_CHIP_ID=='0x28',PASS,,,,,,,,,Jan 14 2020 7:46:08.4610 PM,Jan 14 2020 7:46:08.4610 PM,0
36. PRESSURE,POTASSIUM,Potassium Connectivty,[EFIDut] sensor --sel pressure2 --c,PASS,,,,,,,,,Jan 14 2020 7:46:08.4640 PM,Jan 14 2020 7:46:08.5090 PM,.0455
36. PRESSURE,POTASSIUM,POTASSIUM_CONN_TEST_RESULT,,PASS,,,,,,,,,Jan 14 2020 7:46:08.5130 PM,Jan 14 2020 7:46:08.5130 PM,0
36. PRESSURE,POTASSIUM,Sample Potassium Data,[EFIDut] sensor --sel pressure2 --sample 50 --stats,PASS,,,,,,,,,Jan 14 2020 7:46:08.5160 PM,Jan 14 2020 7:46:10.8740 PM,2.3582
36. PRESSURE,POTASSIUM,IN_PR_odr,,PASS,,24.842058,NA,32.5,22.5,,,NA,Jan 14 2020 7:46:10.8780 PM,Jan 14 2020 7:46:10.8780 PM,0
36. PRESSURE,POTASSIUM,IN_PR_press_average,,PASS,,95.07282600000001,kPa,110,90,,,kPa,Jan 14 2020 7:46:10.8810 PM,Jan 14 2020 7:46:10.8810 PM,0
36. PRESSURE,POTASSIUM,IN_PR_temp_average,,PASS,,27.016249,C,45,15,,,C,Jan 14 2020 7:46:10.8840 PM,Jan 14 2020 7:46:10.8840 PM,0
36. PRESSURE,POTASSIUM,FR_POTASSIUM_STD_kPA,,PASS,,0.002047,NA,,,,,NA,Jan 14 2020 7:46:10.8870 PM,Jan 14 2020 7:46:10.8870 PM,0
36. PRESSURE,POTASSIUM,IN_PR_temp_std,,PASS,,0.008815999999999999,C.rms,0.175,0,,,C.rms,Jan 14 2020 7:46:10.8900 PM,Jan 14 2020 7:46:10.8900 PM,0
36. PRESSURE,POTASSIUM,IN_PR_press_max,,PASS,,95.07783499999999,kPa,110,90,,,kPa,Jan 14 2020 7:46:10.8930 PM,Jan 14 2020 7:46:10.8930 PM,0
36. PRESSURE,POTASSIUM,IN_PR_press_min,,PASS,,95.06901499999999,C,110,90,,,C,Jan 14 2020 7:46:10.8960 PM,Jan 14 2020 7:46:10.8960 PM,0
36. PRESSURE,POTASSIUM,IK_Range_kPA,,PASS,,0.008819,NA,,,,,,Jan 14 2020 7:46:10.8990 PM,Jan 14 2020 7:46:10.8990 PM,0
36. PRESSURE,POTASSIUM,FR_Potassium_bad_sample,,PASS,,0,NA,0,0,,,NA,Jan 14 2020 7:46:10.9020 PM,Jan 14 2020 7:46:10.9020 PM,0
36. PRESSURE,POTASSIUM,Calculate expression: (value0*1000),,PASS,,,,,,,,,Jan 14 2020 7:46:10.9070 PM,Jan 14 2020 7:46:10.9080 PM,.0001
36. PRESSURE,POTASSIUM,IN_PR_press_std,,PASS,,2.047,kPa.rms,4.5,0.001,,,kPa.rms,Jan 14 2020 7:46:10.9090 PM,Jan 14 2020 7:46:10.9090 PM,0
36. PRESSURE,POTASSIUM,Calculate expression: (value0*1000)-2,,PASS,,,,,,,,,Jan 14 2020 7:46:10.9140 PM,Jan 14 2020 7:46:10.9140 PM,.0001
36. PRESSURE,POTASSIUM,IN_PR_range,,PASS,,8.819000000000001,Pa,200,0.001,,,Pa,Jan 14 2020 7:46:10.9150 PM,Jan 14 2020 7:46:10.9150 PM,0
36. PRESSURE,POTASSIUM,Turn OFF Sensors (Potassium),[EFIDut] sensor --sel pressure2 --turnoff,PASS,,,,,,,,,Jan 14 2020 7:46:10.9180 PM,Jan 14 2020 7:46:10.9620 PM,.0439
37. COMPASS,,,,,,,,,,,,,Jan 14 2020 7:46:10.9670 PM,Jan 14 2020 7:46:13.8100 PM,2.8432
37. COMPASS,MOLYBDENUM,Turn on compass sensor,[EFIDut] sensor --sel compass --init,PASS,,,,,,,,,Jan 14 2020 7:46:10.9700 PM,Jan 14 2020 7:46:11.0210 PM,.0515
37. COMPASS,MOLYBDENUM,COMPASS_INIT_STATUS,,PASS,,,,,,,,,Jan 14 2020 7:46:11.0240 PM,Jan 14 2020 7:46:11.0240 PM,0
37. COMPASS,MOLYBDENUM,Get compass chip info,[EFIDut] sensor --sel compass --get,PASS,,,,,,,,,Jan 14 2020 7:46:11.0270 PM,Jan 14 2020 7:46:11.0730 PM,.0457
37. COMPASS,MOLYBDENUM,COMPASS_CHIP_ID,,PASS,,,,,,,,,Jan 14 2020 7:46:11.0770 PM,Jan 14 2020 7:46:11.0770 PM,0
37. COMPASS,MOLYBDENUM,Check compass connectivity,[EFIDut] sensor --sel compass --conntest,PASS,,,,,,,,,Jan 14 2020 7:46:11.0800 PM,Jan 14 2020 7:46:11.1800 PM,.1001
37. COMPASS,MOLYBDENUM,COMPASS_CONN_STATUS,,PASS,,,,,,,,,Jan 14 2020 7:46:11.1830 PM,Jan 14 2020 7:46:11.1830 PM,0
37. COMPASS,MOLYBDENUM,Run Compass selftest,[EFIDut] sensor --sel compass --exectest selftest,PASS,,,,,,,,,Jan 14 2020 7:46:11.1860 PM,Jan 14 2020 7:46:13.7970 PM,2.6113
37. COMPASS,MOLYBDENUM,Compass_Self_PMN_X,,PASS,,0,NA,,,,,,Jan 14 2020 7:46:13.8010 PM,Jan 14 2020 7:46:13.8010 PM,0
37. COMPASS,MOLYBDENUM,Compass_Self_PMN_Y,,PASS,,93.8699,NA,,,,,,Jan 14 2020 7:46:13.8040 PM,Jan 14 2020 7:46:13.8040 PM,0
37. COMPASS,MOLYBDENUM,Compass_Self_PMN_Z,,PASS,,131.9249,NA,,,,,,Jan 14 2020 7:46:13.8070 PM,Jan 14 2020 7:46:13.8070 PM,0
37. COMPASS,MOLYBDENUM,COMPAS_SELFTEST_STATUS,,PASS,,,,,,,,,Jan 14 2020 7:46:13.8100 PM,Jan 14 2020 7:46:13.8100 PM,0
38. COMPASS,,,,,,,,,,,,,Jan 14 2020 7:46:13.8130 PM,Jan 14 2020 7:46:13.9580 PM,.1446
38. COMPASS,QUIESCE_SYSTEM-2,Turn OFF Sensors (compass),[EFIDut] sensor --sel compass --turnoff,PASS,,,,,,,,,Jan 14 2020 7:46:13.8170 PM,Jan 14 2020 7:46:13.8600 PM,.0429
38. COMPASS,QUIESCE_SYSTEM-2,Turn OFF Sensors (lisa),[EFIDut] sensor --sel lisa --turnoff,PASS,,,,,,,,,Jan 14 2020 7:46:13.8640 PM,Jan 14 2020 7:46:13.9040 PM,.0397
38. COMPASS,QUIESCE_SYSTEM-2,Turn OFF Sensors (platinum),[EFIDut] sensor --sel platinum --turnoff,PASS,,,,,,,,,Jan 14 2020 7:46:13.9080 PM,Jan 14 2020 7:46:13.9570 PM,.0487
39. CODEC,,,,,,,,,,,,,Jan 14 2020 7:46:13.9600 PM,Jan 14 2020 7:46:14.4740 PM,.5133
39. CODEC,ARDMORE_TEST,Reset and Init Ardmore (DMIC in low power mode),[EFIDut] audio -r;socgpio --port 1 --pin 103 --output 1,PASS,,,,,,,,,Jan 14 2020 7:46:13.9640 PM,Jan 14 2020 7:46:14.0840 PM,.12
39. CODEC,ARDMORE_TEST,Enable boots1to the routeaudio,[EFIDut] audioparam --block codec --set --param enable-boost1 --value true,PASS,,,,,,,,,Jan 14 2020 7:46:14.0870 PM,Jan 14 2020 7:46:14.1320 PM,.0443
39. CODEC,ARDMORE_TEST,Read Ardmore Voltages,[EFIDut] pmuadc --read buck3;pmuadc --read ldo6;pmuadc --read appmux_in2; pmuadc --read vddout,PASS,,,,,,,,,Jan 14 2020 7:46:14.1350 PM,Jan 14 2020 7:46:14.2110 PM,.0754
39. CODEC,ARDMORE_TEST,INIT_ARDMORE_PMUADC_BUCK3_SW3A,,PASS,,1790.4781,mV,1810,1770,,,mV,Jan 14 2020 7:46:14.2140 PM,Jan 14 2020 7:46:14.2140 PM,0
39. CODEC,ARDMORE_TEST,INIT_ARDMORE_PMUADC_LDO6,,PASS,,1798.8476,mV,1850,1750,,,mV,Jan 14 2020 7:46:14.2170 PM,Jan 14 2020 7:46:14.2170 PM,0
39. CODEC,ARDMORE_TEST,INIT_ARDMORE_PMUADC_APPMUX_IN2,,PASS,,2534.6393,mV,2750,2400,,,mV,Jan 14 2020 7:46:14.2200 PM,Jan 14 2020 7:46:14.2200 PM,0
39. CODEC,ARDMORE_TEST,INIT_ARDMORE_PMUADC_VDDOUT,,PASS,,4183.7606,mV,5000,3500,,,mV,Jan 14 2020 7:46:14.2230 PM,Jan 14 2020 7:46:14.2230 PM,0
39. CODEC,ARDMORE_TEST,Read Ardmore Currents,[EFIDut] pmuadc --read ibuck3 --stats 50;pmuadc --read ildo6 --stats 50,PASS,,,,,,,,,Jan 14 2020 7:46:14.2260 PM,Jan 14 2020 7:46:14.4110 PM,.1857
39. CODEC,ARDMORE_TEST,INIT_ARDMORE_PMUADC_IBUCK3,,PASS,,14.3296,mA,22,3,,,mA,Jan 14 2020 7:46:14.4150 PM,Jan 14 2020 7:46:14.4150 PM,0
39. CODEC,ARDMORE_TEST,INIT_ARDMORE_PMUADC_ILDO6,,PASS,,7.2568,mA,15,0,,,mA,Jan 14 2020 7:46:14.4180 PM,Jan 14 2020 7:46:14.4180 PM,0
39. CODEC,ARDMORE_TEST,Read Ardmore ATE Rev and ID,[EFIDut] audioreg -b codec -r -a 0x2001;audioreg -b codec -r -a 0x2002,PASS,,,,,,,,,Jan 14 2020 7:46:14.4210 PM,Jan 14 2020 7:46:14.4670 PM,.046
39. CODEC,ARDMORE_TEST,ARDMORE_CHIP_ID_HI,,PASS,,,,,,,,,Jan 14 2020 7:46:14.4710 PM,Jan 14 2020 7:46:14.4710 PM,0
39. CODEC,ARDMORE_TEST,ARDMORE_CHIP_ID_LO,,PASS,,,,,,,,,Jan 14 2020 7:46:14.4730 PM,Jan 14 2020 7:46:14.4730 PM,0
40. SPAM,,,,,,,,,,,,,Jan 14 2020 7:46:14.4760 PM,Jan 14 2020 7:46:18.0820 PM,3.6057
40. SPAM,BASEBAND,EFIDut,close,PASS,,,,,,,,,Jan 14 2020 7:46:14.4790 PM,Jan 14 2020 7:46:14.4790 PM,.0004
40. SPAM,BASEBAND,Evaluate condition: (DUT_TYPE CONTAINS 'N142') && (MLB_CFG!='KR11') && (MLB_CFG!='KR31') && (MLB_CFG!='KR21') && (MLB_CFG!='KR41'),,PASS,,,,,,,,,Jan 14 2020 7:46:14.4820 PM,Jan 14 2020 7:46:14.4820 PM,.0001
40. SPAM,BASEBAND,Enable SPAM Debug Power,/Users/gdlocal/scripts/spamtool dbgpwron /dev/cu.usbserial-A908X8CJ,PASS,,,,,,,,,Jan 14 2020 7:46:15.9990 PM,Jan 14 2020 7:46:15.9990 PM,0
40. SPAM,BASEBAND,Evaluate condition: (DUT_TYPE CONTAINS 'N142') && (MLB_CFG!='KR11') && (MLB_CFG!='KR31') && (MLB_CFG!='KR21') && (MLB_CFG!='KR41')-2,,PASS,,,,,,,,,Jan 14 2020 7:46:16.0020 PM,Jan 14 2020 7:46:16.0020 PM,.0001
40. SPAM,BASEBAND,Delay 2000ms,,PASS,,,,,,,,,Jan 14 2020 7:46:16.0040 PM,Jan 14 2020 7:46:16.0040 PM,0
40. SPAM,BASEBAND,EFIDut,open,PASS,,,,,,,,,Jan 14 2020 7:46:18.0130 PM,Jan 14 2020 7:46:18.0810 PM,.0674
41. SENSOR,,,,,,,,,,,,,Jan 14 2020 7:46:18.0840 PM,Jan 14 2020 7:46:20.1470 PM,2.0632
41. SENSOR,CARNELIAN,Initialize Carnelian,[EFIDut] sensor --sel platinum --init;,PASS,,,,,,,,,Jan 14 2020 7:46:18.0860 PM,Jan 14 2020 7:46:19.5870 PM,1.5003
41. SENSOR,CARNELIAN,Set up Carnelian,[EFIDut] sensorreg -s platinum --write 0xC2 0x0000; sensorreg -s platinum --write 0xC6 0x0000,PASS,,,,,,,,,Jan 14 2020 7:46:19.5900 PM,Jan 14 2020 7:46:19.6450 PM,.0542
41. SENSOR,CARNELIAN,run bcm_test for 100ms,"[EFIDut] sensor --sel platinum -e bcm_test --testopts ""--time 100 --avg 100 --start 1""",PASS,,,,,,,,,Jan 14 2020 7:46:19.6480 PM,Jan 14 2020 7:46:20.0030 PM,.3544
41. SENSOR,CARNELIAN,X1013_DCS_LON_SIG_AVG_HR00,,PASS,,424702.84,NA,,20000,,,NA,Jan 14 2020 7:46:20.0070 PM,Jan 14 2020 7:46:20.0070 PM,0
41. SENSOR,CARNELIAN,X1013_DCS_LON_SIG_AVGG_HR10,,PASS,,1846806.32,NA,,20000,,,NA,Jan 14 2020 7:46:20.0100 PM,Jan 14 2020 7:46:20.0100 PM,0
41. SENSOR,CARNELIAN,X1013_DCS_LON_SIG_AVGG_HR20,,PASS,,7813570.91,NA,,20000,,,NA,Jan 14 2020 7:46:20.0130 PM,Jan 14 2020 7:46:20.0130 PM,0
41. SENSOR,CARNELIAN,X1013_DCS_LON_SIG_AVGG_HR30,,PASS,,3599628.31,NA,,20000,,,NA,Jan 14 2020 7:46:20.0160 PM,Jan 14 2020 7:46:20.0160 PM,0
41. SENSOR,CARNELIAN,X1013_DCS_LON_SIG_AVGG_HR40,,PASS,,7810675.32,NA,,20000,,,NA,Jan 14 2020 7:46:20.0180 PM,Jan 14 2020 7:46:20.0180 PM,0
41. SENSOR,CARNELIAN,X1013_DCS_LON_SIG_AVGG_HR50,,PASS,,6865873.67,NA,,20000,,,NA,Jan 14 2020 7:46:20.0210 PM,Jan 14 2020 7:46:20.0210 PM,0
41. SENSOR,CARNELIAN,X1013_DCS_LON_SIG_AVGG_HR01,,PASS,,436228.23,NA,,20000,,,NA,Jan 14 2020 7:46:20.0240 PM,Jan 14 2020 7:46:20.0240 PM,0
41. SENSOR,CARNELIAN,X1013_DCS_LON_SIG_AVGG_HR11,,PASS,,1012738.07,NA,,20000,,,NA,Jan 14 2020 7:46:20.0270 PM,Jan 14 2020 7:46:20.0270 PM,0
41. SENSOR,CARNELIAN,X1013_DCS_LON_SIG_AVGG_HR21,,PASS,,4265860.44,NA,,20000,,,NA,Jan 14 2020 7:46:20.0300 PM,Jan 14 2020 7:46:20.0300 PM,0
41. SENSOR,CARNELIAN,X1013_DCS_LON_SIG_AVGG_HR31,,PASS,,6088571.04,NA,,20000,,,NA,Jan 14 2020 7:46:20.0330 PM,Jan 14 2020 7:46:20.0330 PM,0
41. SENSOR,CARNELIAN,X1013_DCS_LON_SIG_AVGG_HR41,,PASS,,3357975.79,NA,,20000,,,NA,Jan 14 2020 7:46:20.0360 PM,Jan 14 2020 7:46:20.0360 PM,0
41. SENSOR,CARNELIAN,X1013_DCS_LON_SIG_AVGG_HR51,,PASS,,7380850.32,NA,,20000,,,NA,Jan 14 2020 7:46:20.0390 PM,Jan 14 2020 7:46:20.0390 PM,0
41. SENSOR,CARNELIAN,platinum off,[EFIDut] sensor --sel platinum --turnoff,PASS,,,,,,,,,Jan 14 2020 7:46:20.0420 PM,Jan 14 2020 7:46:20.0870 PM,.0447
41. SENSOR,CARNELIAN,Audio off,[EFIDut] audio -f,PASS,,,,,,,,,Jan 14 2020 7:46:20.0900 PM,Jan 14 2020 7:46:20.1460 PM,.0554
42. BUTTON,,,,,,,,,,,,,Jan 14 2020 7:46:20.1500 PM,Jan 14 2020 7:46:22.8720 PM,2.7226
42. BUTTON,BUTTONS_CHECK,Check IDLE Button,[EFIDut] i2c -z 2 -d 5 0x3c 0x1907 1,PASS,,,,,,,,,Jan 14 2020 7:46:20.1520 PM,Jan 14 2020 7:46:20.2020 PM,.0494
42. BUTTON,BUTTONS_CHECK,BUTTON_1_2_STAT,,PASS,,10000111,NA,,,,,,Jan 14 2020 7:46:20.2080 PM,Jan 14 2020 7:46:20.2080 PM,0
42. BUTTON,BUTTONS_CHECK,IDLEBUTTON_1_EXPECT_1_1,,PASS,,1,NA,1,1,,,NA,Jan 14 2020 7:46:20.2080 PM,Jan 14 2020 7:46:20.2080 PM,0
42. BUTTON,BUTTONS_CHECK,IDLEBUTTON_2_EXPECT_1_1,,PASS,,1,NA,1,1,,,NA,Jan 14 2020 7:46:20.2080 PM,Jan 14 2020 7:46:20.2080 PM,0
42. BUTTON,BUTTONS_CHECK,Fixture Press Button2,[Fixture] Button2 ON,PASS,,,,,,,,,Jan 14 2020 7:46:20.2110 PM,Jan 14 2020 7:46:22.1390 PM,1.928
42. BUTTON,BUTTONS_CHECK,Check Press Button 2,[EFIDut] pmustat btn,PASS,,,,,,,,,Jan 14 2020 7:46:22.1430 PM,Jan 14 2020 7:46:22.1810 PM,.0381
42. BUTTON,BUTTONS_CHECK,BUTTON_2_EXPECT_1_0,,PASS,,0,NA,0,0,,,NA,Jan 14 2020 7:46:22.1850 PM,Jan 14 2020 7:46:22.1850 PM,0
42. BUTTON,BUTTONS_CHECK,Fixture Release Button2,[Fixture] Button2 OFF,PASS,,,,,,,,,Jan 14 2020 7:46:22.1880 PM,Jan 14 2020 7:46:22.8260 PM,.6385
42. BUTTON,BUTTONS_CHECK,Check Release Button 2,[EFIDut] pmustat btn,PASS,,,,,,,,,Jan 14 2020 7:46:22.8300 PM,Jan 14 2020 7:46:22.8680 PM,.038
42. BUTTON,BUTTONS_CHECK,BUTTON_2_EXPECT_1_1,,PASS,,1,NA,1,1,,,NA,Jan 14 2020 7:46:22.8720 PM,Jan 14 2020 7:46:22.8720 PM,0
43. BUTTON,,,,,,,,,,,,,Jan 14 2020 7:46:22.8740 PM,Jan 14 2020 7:46:24.8400 PM,1.9652
43. BUTTON,DOUBLE_CLICK,Configure Double Click Timing to 400ms. Note 400ms is the max setting,[EFIDut] pmureg -w 0 0x1902 0x19,PASS,,,,,,,,,Jan 14 2020 7:46:22.8770 PM,Jan 14 2020 7:46:22.9160 PM,.0388
43. BUTTON,DOUBLE_CLICK,Double Click the Button1,[Fixture] Button1 Twice,PASS,,,,,,,,,Jan 14 2020 7:46:22.9200 PM,Jan 14 2020 7:46:24.7920 PM,1.8725
43. BUTTON,DOUBLE_CLICK,Read PMU register for Double Click Event Button1,[EFIDut] pmureg -r 0 0x1902,PASS,,,,,,,,,Jan 14 2020 7:46:24.7960 PM,Jan 14 2020 7:46:24.8330 PM,.0375
43. BUTTON,DOUBLE_CLICK,PMU_BUTTON_EVENT_DET_BUTTON_1,,PASS,,,,,,,,,Jan 14 2020 7:46:24.8390 PM,Jan 14 2020 7:46:24.8390 PM,0
43. BUTTON,DOUBLE_CLICK,DOUBLE_CLICK_DET_EVENT_BUTTON_1,,PASS,,1,NA,1,1,,,NA,Jan 14 2020 7:46:24.8390 PM,Jan 14 2020 7:46:24.8390 PM,0
44. RADIO,,,,,,,,,,,,,Jan 14 2020 7:46:24.8420 PM,Jan 14 2020 7:46:24.8550 PM,.0134
44. RADIO,GERMANIUM,Evaluate condition: DUT_TYPE CONTAINS '140',,PASS,,,,,,,,,Jan 14 2020 7:46:24.8430 PM,Jan 14 2020 7:46:24.8430 PM,0
44. RADIO,GERMANIUM,Turn Germanium ON,Action[0]: EFIDut:sendCommand-Skip action because Condition not met-Condition: DUT_TYPE CONTAINS '140',PASS,,,,,,,,,Jan 14 2020 7:46:24.8440 PM,Jan 14 2020 7:46:24.8440 PM,0
44. RADIO,GERMANIUM,Evaluate condition: DUT_TYPE CONTAINS '140'-2,,PASS,,,,,,,,,Jan 14 2020 7:46:24.8460 PM,Jan 14 2020 7:46:24.8460 PM,0
44. RADIO,GERMANIUM,Germanium Test,Action[1]: EFIDut:sendCommand-Skip action because Condition not met-Condition: DUT_TYPE CONTAINS '140',PASS,,,,,,,,,Jan 14 2020 7:46:24.8470 PM,Jan 14 2020 7:46:24.8470 PM,0
44. RADIO,GERMANIUM,Evaluate condition: DUT_TYPE CONTAINS '140'-3,,PASS,,,,,,,,,Jan 14 2020 7:46:24.8490 PM,Jan 14 2020 7:46:24.8490 PM,0
44. RADIO,GERMANIUM,GPS_LOAD_FIRMWARE_COMPLETE,Action[2]: Rush:regexFirstMatch-Skip action because Condition not met-Condition: DUT_TYPE CONTAINS '140',PASS,,,,,,,,,Jan 14 2020 7:46:24.8500 PM,Jan 14 2020 7:46:24.8500 PM,0
44. RADIO,GERMANIUM,Evaluate condition: DUT_TYPE CONTAINS '140'-4,,PASS,,,,,,,,,Jan 14 2020 7:46:24.8510 PM,Jan 14 2020 7:46:24.8510 PM,0
44. RADIO,GERMANIUM,GPS_FIRMWARE_VERSION,Action[3]: Rush:regexFirstMatch-Skip action because Condition not met-Condition: DUT_TYPE CONTAINS '140',PASS,,,,,,,,,Jan 14 2020 7:46:24.8520 PM,Jan 14 2020 7:46:24.8520 PM,0
44. RADIO,GERMANIUM,Evaluate condition: DUT_TYPE CONTAINS '140'-5,,PASS,,,,,,,,,Jan 14 2020 7:46:24.8540 PM,Jan 14 2020 7:46:24.8540 PM,0
44. RADIO,GERMANIUM,Germanium Test,Action[4]: EFIDut:sendCommand-Skip action because Condition not met-Condition: DUT_TYPE CONTAINS '140',PASS,,,,,,,,,Jan 14 2020 7:46:24.8550 PM,Jan 14 2020 7:46:24.8550 PM,0
45. RADIO,,,,,,,,,,,,,Jan 14 2020 7:46:24.8570 PM,Jan 14 2020 7:46:28.8120 PM,3.9548
45. RADIO,BASEBAND_1,Evaluate condition: DUT_TYPE CONTAINS '142',,PASS,,,,,,,,,Jan 14 2020 7:46:24.8590 PM,Jan 14 2020 7:46:24.8590 PM,0
45. RADIO,BASEBAND_1,Baseband Quick Test and Properties,[EFIDut] bbon;baseband --properties,PASS,,,,,,,,,Jan 14 2020 7:46:24.8620 PM,Jan 14 2020 7:46:28.8060 PM,3.9434
45. RADIO,BASEBAND_1,Evaluate condition: DUT_TYPE CONTAINS '142'-2,,PASS,,,,,,,,,Jan 14 2020 7:46:28.8080 PM,Jan 14 2020 7:46:28.8080 PM,0
45. RADIO,BASEBAND_1,BASEBAND_SERIAL_NO,,PASS,,9223372036854775807,NA,,,,,,Jan 14 2020 7:46:28.8120 PM,Jan 14 2020 7:46:28.8120 PM,0
46. RADIO,,,,,,,,,,,,,Jan 14 2020 7:46:28.8140 PM,Jan 14 2020 7:46:28.9120 PM,.098
46. RADIO,VINYL_TEST_1,Evaluate condition: DUT_TYPE CONTAINS '142',,PASS,,,,,,,,,Jan 14 2020 7:46:28.8150 PM,Jan 14 2020 7:46:28.8150 PM,0
46. RADIO,VINYL_TEST_1,Vinyl Check Test,"[EFIDut] baseband --send_cmd ""at@vinyl:get_eid(1)""",PASS,,,,,,,,,Jan 14 2020 7:46:28.8190 PM,Jan 14 2020 7:46:28.9040 PM,.0846
46. RADIO,VINYL_TEST_1,Evaluate condition: DUT_TYPE CONTAINS '142'-2,,PASS,,,,,,,,,Jan 14 2020 7:46:28.9060 PM,Jan 14 2020 7:46:28.9060 PM,0
46. RADIO,VINYL_TEST_1,VINYL_CHECK_STATUS,,PASS,,,,,,,,,Jan 14 2020 7:46:28.9110 PM,Jan 14 2020 7:46:28.9110 PM,0
47. RADIO,,,,,,,,,,,,,Jan 14 2020 7:46:28.9140 PM,Jan 14 2020 7:46:29.4690 PM,.5546
47. RADIO,BASEBAND_2,Evaluate condition: DUT_TYPE CONTAINS '142',,PASS,,,,,,,,,Jan 14 2020 7:46:28.9160 PM,Jan 14 2020 7:46:28.9160 PM,0
47. RADIO,BASEBAND_2,init BCM ANT connection test,"[EFIDut] baseband --send_cmd ""at@xns:init()""",PASS,,,,,,,,,Jan 14 2020 7:46:28.9200 PM,Jan 14 2020 7:46:29.0230 PM,.1034
47. RADIO,BASEBAND_2,Evaluate condition: DUT_TYPE CONTAINS '142'-2,,PASS,,,,,,,,,Jan 14 2020 7:46:29.0260 PM,Jan 14 2020 7:46:29.0260 PM,0
47. RADIO,BASEBAND_2,scan BCM ANT Tunner,"[EFIDut] baseband --send at@xns:rffe_scan(1,2,0,15)",PASS,,,,,,,,,Jan 14 2020 7:46:29.0290 PM,Jan 14 2020 7:46:29.4340 PM,.405
47. RADIO,BASEBAND_2,Evaluate condition: DUT_TYPE CONTAINS '142'-3,,PASS,,,,,,,,,Jan 14 2020 7:46:29.4370 PM,Jan 14 2020 7:46:29.4370 PM,0
47. RADIO,BASEBAND_2,TUNNER_CHECK_1,,PASS,,32,NA,32,32,,,NA,Jan 14 2020 7:46:29.4410 PM,Jan 14 2020 7:46:29.4410 PM,0
47. RADIO,BASEBAND_2,Evaluate condition: DUT_TYPE CONTAINS '142'-4,,PASS,,,,,,,,,Jan 14 2020 7:46:29.4430 PM,Jan 14 2020 7:46:29.4430 PM,0
47. RADIO,BASEBAND_2,TUNNER_CHECK_2,,PASS,,32,NA,32,32,,,NA,Jan 14 2020 7:46:29.4460 PM,Jan 14 2020 7:46:29.4460 PM,0
47. RADIO,BASEBAND_2,Evaluate condition: DUT_TYPE CONTAINS '142'-5,,PASS,,,,,,,,,Jan 14 2020 7:46:29.4480 PM,Jan 14 2020 7:46:29.4480 PM,0
47. RADIO,BASEBAND_2,TUNNER_CHECK_3,,PASS,,38,NA,38,38,,,NA,Jan 14 2020 7:46:29.4520 PM,Jan 14 2020 7:46:29.4520 PM,0
47. RADIO,BASEBAND_2,Evaluate condition: DUT_TYPE CONTAINS '142'-6,,PASS,,,,,,,,,Jan 14 2020 7:46:29.4540 PM,Jan 14 2020 7:46:29.4540 PM,0
47. RADIO,BASEBAND_2,TUNNER_CHECK_4,,PASS,,36,NA,36,36,,,NA,Jan 14 2020 7:46:29.4570 PM,Jan 14 2020 7:46:29.4570 PM,0
47. RADIO,BASEBAND_2,Evaluate condition: DUT_TYPE CONTAINS '142'-7,,PASS,,,,,,,,,Jan 14 2020 7:46:29.4590 PM,Jan 14 2020 7:46:29.4590 PM,0
47. RADIO,BASEBAND_2,TUNNER_CHECK_5,,PASS,,34,NA,34,34,,,NA,Jan 14 2020 7:46:29.4630 PM,Jan 14 2020 7:46:29.4630 PM,0
47. RADIO,BASEBAND_2,Evaluate condition: DUT_TYPE CONTAINS '142'-8,,PASS,,,,,,,,,Jan 14 2020 7:46:29.4650 PM,Jan 14 2020 7:46:29.4650 PM,0
47. RADIO,BASEBAND_2,TUNNER_CHECK_6,,PASS,,36,NA,36,36,,,NA,Jan 14 2020 7:46:29.4680 PM,Jan 14 2020 7:46:29.4680 PM,0
48. RADIO,,,,,,,,,,,,,Jan 14 2020 7:46:29.4710 PM,Jan 14 2020 7:46:29.8710 PM,.3997
48. RADIO,VINYL_TEST_2,Evaluate condition: DUT_TYPE CONTAINS '142',,PASS,,,,,,,,,Jan 14 2020 7:46:29.4730 PM,Jan 14 2020 7:46:29.4730 PM,0
48. RADIO,VINYL_TEST_2,Turn off Baseband when done,[EFIDut] baseband --off,PASS,,,,,,,,,Jan 14 2020 7:46:29.4770 PM,Jan 14 2020 7:46:29.8700 PM,.3933
49. POWER,,,,,,,,,,,,,Jan 14 2020 7:46:29.8730 PM,Jan 14 2020 7:46:29.9030 PM,.0303
49. POWER,END_QUIESCE_SYSTEM,clear the debug interrupt,[EFIDut] tristar -r '0x0d',PASS,,,,,,,,,Jan 14 2020 7:46:29.8750 PM,Jan 14 2020 7:46:29.9020 PM,.0266
50. Process,,,,,,,,,,,,,Jan 14 2020 7:46:29.9050 PM,Jan 14 2020 7:46:29.9990 PM,.0943
50. Process,SET_NVRAM,Set Auto-Boot to false,[EFIDut] nvram --set auto-boot false,PASS,,,,,,,,,Jan 14 2020 7:46:29.9070 PM,Jan 14 2020 7:46:29.9340 PM,.0264
50. Process,SET_NVRAM,NVRAM save,[EFIDut] nvram --save,PASS,,,,,,,,,Jan 14 2020 7:46:29.9370 PM,Jan 14 2020 7:46:29.9980 PM,.0606
51. Process,,,,,,,,,,,,,Jan 14 2020 7:46:30.0010 PM,Jan 14 2020 7:46:30.1120 PM,.1114
51. Process,Dut Close-2,EFIDut,close,PASS,,,,,,,,,Jan 14 2020 7:46:30.0030 PM,Jan 14 2020 7:46:30.0040 PM,.0004
51. Process,Dut Close-2,Delay 100ms,,PASS,,,,,,,,,Jan 14 2020 7:46:30.0060 PM,Jan 14 2020 7:46:30.0060 PM,0
52. Process,,,,,,,,,,,,,Jan 14 2020 7:46:30.1140 PM,Jan 14 2020 7:46:30.1680 PM,.0539
52. Process,Copy Log,Create Folder,mkdir -p /Users/gdlocal/TestLog/AtlasLogs-NGQ97FH9XC-2020-01-14-194630,PASS,,,,,,,,,Jan 14 2020 7:46:30.1220 PM,Jan 14 2020 7:46:30.1270 PM,.0043
52. Process,Copy Log,Copy Attributes.csv To Folder,cp /vault/Atlas/Hyperion/Unit_1_303F9A/AtlasLogs/Attributes.csv /Users/gdlocal/TestLog/AtlasLogs-NGQ97FH9XC-2020-01-14-194630/Attributes-QT0-NGQ97FH9XC.csv,PASS,,,,,,,,,Jan 14 2020 7:46:30.1280 PM,Jan 14 2020 7:46:30.1330 PM,.0047
52. Process,Copy Log,Copy Failures.csv To Folder,cp /vault/Atlas/Hyperion/Unit_1_303F9A/AtlasLogs/Failures.csv /Users/gdlocal/TestLog/AtlasLogs-NGQ97FH9XC-2020-01-14-194630/Failures-QT0-NGQ97FH9XC.csv,PASS,,,,,,,,,Jan 14 2020 7:46:30.1350 PM,Jan 14 2020 7:46:30.1390 PM,.0046
52. Process,Copy Log,Copy unit.log To Folder,cp /vault/Atlas/Hyperion/Unit_1_303F9A/AtlasLogs/unit.log /Users/gdlocal/TestLog/AtlasLogs-NGQ97FH9XC-2020-01-14-194630/unit-QT0-NGQ97FH9XC.log,PASS,,,,,,,,,Jan 14 2020 7:46:30.1410 PM,Jan 14 2020 7:46:30.1470 PM,.0059
52. Process,Copy Log,Copy pdcaSummary.csv To Folder,cp /vault/Atlas/Hyperion/Unit_1_303F9A/AtlasLogs/Plugins/DRCB/pdcaSummary.csv /Users/gdlocal/TestLog/AtlasLogs-NGQ97FH9XC-2020-01-14-194630/pdcaSummary-QT0-NGQ97FH9XC.csv,PASS,,,,,,,,,Jan 14 2020 7:46:30.1480 PM,Jan 14 2020 7:46:30.1530 PM,.0048
52. Process,Copy Log,Copy rawuart.log To Folder,cp /vault/Atlas/Hyperion/Unit_1_303F9A/AtlasLogs/Plugins/EFIDut/rawuart.log /Users/gdlocal/TestLog/AtlasLogs-NGQ97FH9XC-2020-01-14-194630/rawuart-QT0-NGQ97FH9XC.log,PASS,,,,,,,,,Jan 14 2020 7:46:30.1540 PM,Jan 14 2020 7:46:30.1590 PM,.0048
52. Process,Copy Log,Copy gh_station_info.json To Folder,cp /vault/data_collection/test_station_config/gh_station_info.json /Users/gdlocal/TestLog/AtlasLogs-NGQ97FH9XC-2020-01-14-194630/QT0-NGQ97FH9XC-gh_station_info.json,PASS,,,,,,,,,Jan 14 2020 7:46:30.1610 PM,Jan 14 2020 7:46:30.1650 PM,.0047
52. Process,Copy Log,DRCB,AddBlob,PASS,,,,,,,,,Jan 14 2020 7:46:30.1670 PM,Jan 14 2020 7:46:30.1670 PM,.0002
53. Process,,,,,,,,,,,,,Jan 14 2020 7:46:30.1700 PM,Jan 14 2020 7:46:30.8680 PM,.6981
53. Process,Finish DRCB,DRCB,Finish,PASS,,,,,,,,,Jan 14 2020 7:46:30.1750 PM,Jan 14 2020 7:46:30.8670 PM,.6922
54. Process,,,,,,,,,,,,,Jan 14 2020 7:46:30.8700 PM,Jan 14 2020 7:46:34.2270 PM,3.357
54. Process,TEST_END,EFIDut,open,PASS,,,,,,,,,Jan 14 2020 7:46:30.8730 PM,Jan 14 2020 7:46:30.9370 PM,.0635
54. Process,TEST_END,Evaluate condition: DUT_TYPE CONTAINS 'N140',,PASS,,,,,,,,,Jan 14 2020 7:46:30.9390 PM,Jan 14 2020 7:46:30.9390 PM,0
54. Process,TEST_END,TEST_END,Action[1]: EFIDut:sendCommand-Skip action because Condition not met-Condition: DUT_TYPE CONTAINS 'N140',PASS,,,,,,,,,Jan 14 2020 7:46:30.9400 PM,Jan 14 2020 7:46:30.9400 PM,0
54. Process,TEST_END,TEST_END,[EFIDut] shutdown,PASS,,,,,,,,,Jan 14 2020 7:46:30.9430 PM,Jan 14 2020 7:46:32.0100 PM,1.0665
54. Process,TEST_END,TEST_END,[Fixture] Reset,PASS,,,,,,,,,Jan 14 2020 7:46:32.0140 PM,Jan 14 2020 7:46:34.2220 PM,2.2085
54. Process,TEST_END,EFIDut,close,PASS,,,,,,,,,Jan 14 2020 7:46:34.2260 PM,Jan 14 2020 7:46:34.2260 PM,.0004
