Test,Plugin,Command,Status,Info,Start Time,End Time,Duration (s)
,StationUtils,checkPredicateFormat,PASS,,Jan 14 2020 7:45:38.8120 PM,Jan 14 2020 7:45:38.8130 PM,.0005
,StationUtils,checkPredicateFormat,PASS,,Jan 14 2020 7:45:38.8160 PM,Jan 14 2020 7:45:38.8160 PM,.0003
,StationUtils,checkPredicateFormat,PASS,,Jan 14 2020 7:45:38.8220 PM,Jan 14 2020 7:45:38.8220 PM,.0003
,StationUtils,checkPredicateFormat,PASS,,Jan 14 2020 7:45:38.8250 PM,Jan 14 2020 7:45:38.8250 PM,.0003
,StationUtils,checkPredicateFormat,PASS,,Jan 14 2020 7:45:38.8560 PM,Jan 14 2020 7:45:38.8560 PM,.0003
,StationUtils,checkPredicateFormat,PASS,,Jan 14 2020 7:45:38.8590 PM,Jan 14 2020 7:45:38.8590 PM,.0003
,StationUtils,checkPredicateFormat,PASS,,Jan 14 2020 7:45:38.8840 PM,Jan 14 2020 7:45:38.8850 PM,.0003
,StationUtils,checkPredicateFormat,PASS,,Jan 14 2020 7:45:39.0670 PM,Jan 14 2020 7:45:39.0680 PM,.0003
,StationUtils,checkPredicateFormat,PASS,,Jan 14 2020 7:45:39.0710 PM,Jan 14 2020 7:45:39.0710 PM,.0003
,StationUtils,checkPredicateFormat,PASS,,Jan 14 2020 7:45:39.0740 PM,Jan 14 2020 7:45:39.0750 PM,.0003
,StationUtils,checkPredicateFormat,PASS,,Jan 14 2020 7:45:39.0780 PM,Jan 14 2020 7:45:39.0780 PM,.0004
,StationUtils,checkPredicateFormat,PASS,,Jan 14 2020 7:45:39.0810 PM,Jan 14 2020 7:45:39.0820 PM,.0003
,StationUtils,checkPredicateFormat,PASS,,Jan 14 2020 7:45:39.0850 PM,Jan 14 2020 7:45:39.0850 PM,.0003
,StationUtils,checkPredicateFormat,PASS,,Jan 14 2020 7:45:39.0880 PM,Jan 14 2020 7:45:39.0890 PM,.0003
,StationUtils,checkPredicateFormat,PASS,,Jan 14 2020 7:45:39.0910 PM,Jan 14 2020 7:45:39.0920 PM,.0003
,StationUtils,checkPredicateFormat,PASS,,Jan 14 2020 7:45:39.0950 PM,Jan 14 2020 7:45:39.0950 PM,.0003
,StationUtils,checkPredicateFormat,PASS,,Jan 14 2020 7:45:39.0990 PM,Jan 14 2020 7:45:39.1000 PM,.0003
,StationUtils,checkPredicateFormat,PASS,,Jan 14 2020 7:45:39.1030 PM,Jan 14 2020 7:45:39.1030 PM,.0003
,StationUtils,checkPredicateFormat,PASS,,Jan 14 2020 7:45:39.1060 PM,Jan 14 2020 7:45:39.1070 PM,.0003
,StationUtils,checkPredicateFormat,PASS,,Jan 14 2020 7:45:39.1100 PM,Jan 14 2020 7:45:39.1100 PM,.0003
,StationUtils,checkPredicateFormat,PASS,,Jan 14 2020 7:45:39.1260 PM,Jan 14 2020 7:45:39.1260 PM,.0003
,StationUtils,checkPredicateFormat,PASS,,Jan 14 2020 7:45:39.1290 PM,Jan 14 2020 7:45:39.1290 PM,.0003
,StationUtils,checkPredicateFormat,PASS,,Jan 14 2020 7:45:39.1320 PM,Jan 14 2020 7:45:39.1320 PM,.0005
,StationUtils,checkPredicateFormat,PASS,,Jan 14 2020 7:45:39.1350 PM,Jan 14 2020 7:45:39.1360 PM,.0003
,StationUtils,checkPredicateFormat,PASS,,Jan 14 2020 7:45:39.1380 PM,Jan 14 2020 7:45:39.1380 PM,.0003
,StationUtils,checkPredicateFormat,PASS,,Jan 14 2020 7:45:39.1410 PM,Jan 14 2020 7:45:39.1420 PM,.0004
,StationUtils,checkPredicateFormat,PASS,,Jan 14 2020 7:45:39.1440 PM,Jan 14 2020 7:45:39.1450 PM,.0003
,StationUtils,checkPredicateFormat,PASS,,Jan 14 2020 7:45:39.1470 PM,Jan 14 2020 7:45:39.1480 PM,.0003
,StationUtils,checkPredicateFormat,PASS,,Jan 14 2020 7:45:39.1510 PM,Jan 14 2020 7:45:39.1510 PM,.0003
,StationUtils,checkPredicateFormat,PASS,,Jan 14 2020 7:45:39.1540 PM,Jan 14 2020 7:45:39.1540 PM,.0003
,StationUtils,checkPredicateFormat,PASS,,Jan 14 2020 7:45:39.1570 PM,Jan 14 2020 7:45:39.1570 PM,.0003
,StationUtils,checkPredicateFormat,PASS,,Jan 14 2020 7:45:39.1630 PM,Jan 14 2020 7:45:39.1640 PM,.0003
,StationUtils,checkPredicateFormat,PASS,,Jan 14 2020 7:45:39.1700 PM,Jan 14 2020 7:45:39.1700 PM,.0003
,StationUtils,checkPredicateFormat,PASS,,Jan 14 2020 7:45:39.3520 PM,Jan 14 2020 7:45:39.3530 PM,.0003
,StationUtils,checkPredicateFormat,PASS,,Jan 14 2020 7:45:39.3560 PM,Jan 14 2020 7:45:39.3560 PM,.0005
,StationUtils,checkPredicateFormat,PASS,,Jan 14 2020 7:45:39.4110 PM,Jan 14 2020 7:45:39.4120 PM,.0004
,StationUtils,checkPredicateFormat,PASS,,Jan 14 2020 7:45:39.4150 PM,Jan 14 2020 7:45:39.4160 PM,.0003
,StationUtils,checkPredicateFormat,PASS,,Jan 14 2020 7:45:39.4190 PM,Jan 14 2020 7:45:39.4190 PM,.0003
,StationUtils,checkPredicateFormat,PASS,,Jan 14 2020 7:45:39.4220 PM,Jan 14 2020 7:45:39.4230 PM,.0003
,StationUtils,checkPredicateFormat,PASS,,Jan 14 2020 7:45:39.4260 PM,Jan 14 2020 7:45:39.4260 PM,.0003
,StationUtils,checkPredicateFormat,PASS,,Jan 14 2020 7:45:39.4290 PM,Jan 14 2020 7:45:39.4300 PM,.0004
,StationUtils,checkPredicateFormat,PASS,,Jan 14 2020 7:45:39.4340 PM,Jan 14 2020 7:45:39.4350 PM,.0003
,StationUtils,checkPredicateFormat,PASS,,Jan 14 2020 7:45:39.4380 PM,Jan 14 2020 7:45:39.4380 PM,.0003
,StationUtils,checkPredicateFormat,PASS,,Jan 14 2020 7:45:39.4410 PM,Jan 14 2020 7:45:39.4420 PM,.0003
,StationUtils,checkPredicateFormat,PASS,,Jan 14 2020 7:45:39.4450 PM,Jan 14 2020 7:45:39.4450 PM,.0004
,StationUtils,checkPredicateFormat,PASS,,Jan 14 2020 7:45:39.4480 PM,Jan 14 2020 7:45:39.4480 PM,.0003
,StationUtils,checkPredicateFormat,PASS,,Jan 14 2020 7:45:39.4510 PM,Jan 14 2020 7:45:39.4520 PM,.0003
,StationUtils,checkPredicateFormat,PASS,,Jan 14 2020 7:45:39.4580 PM,Jan 14 2020 7:45:39.4580 PM,.0003
,StationUtils,checkPredicateFormat,PASS,,Jan 14 2020 7:45:39.4620 PM,Jan 14 2020 7:45:39.4620 PM,.0003
,StationUtils,checkPredicateFormat,PASS,,Jan 14 2020 7:45:39.4990 PM,Jan 14 2020 7:45:39.5000 PM,.0003
,StationUtils,checkPredicateFormat,PASS,,Jan 14 2020 7:45:39.5030 PM,Jan 14 2020 7:45:39.5030 PM,.0003
,StationUtils,checkPredicateFormat,PASS,,Jan 14 2020 7:45:39.5060 PM,Jan 14 2020 7:45:39.5070 PM,.0003
,StationUtils,checkPredicateFormat,PASS,,Jan 14 2020 7:45:39.5100 PM,Jan 14 2020 7:45:39.5100 PM,.0003
,StationUtils,checkPredicateFormat,PASS,,Jan 14 2020 7:45:39.5130 PM,Jan 14 2020 7:45:39.5130 PM,.0003
,StationUtils,checkPredicateFormat,PASS,,Jan 14 2020 7:45:39.5170 PM,Jan 14 2020 7:45:39.5170 PM,.0003
,StationUtils,checkPredicateFormat,PASS,,Jan 14 2020 7:45:39.5200 PM,Jan 14 2020 7:45:39.5200 PM,.0003
,StationUtils,checkPredicateFormat,PASS,,Jan 14 2020 7:45:39.5230 PM,Jan 14 2020 7:45:39.5240 PM,.0004
,StationUtils,checkPredicateFormat,PASS,,Jan 14 2020 7:45:39.5750 PM,Jan 14 2020 7:45:39.5760 PM,.0003
,StationUtils,checkPredicateFormat,PASS,,Jan 14 2020 7:45:39.5850 PM,Jan 14 2020 7:45:39.5850 PM,.0003
,StationUtils,checkPredicateFormat,PASS,,Jan 14 2020 7:45:39.5880 PM,Jan 14 2020 7:45:39.5880 PM,.0004
,StationUtils,checkPredicateFormat,PASS,,Jan 14 2020 7:45:39.5910 PM,Jan 14 2020 7:45:39.5920 PM,.0003
,StationUtils,checkPredicateFormat,PASS,,Jan 14 2020 7:45:39.5950 PM,Jan 14 2020 7:45:39.5950 PM,.0003
,StationUtils,checkPredicateFormat,PASS,,Jan 14 2020 7:45:39.5980 PM,Jan 14 2020 7:45:39.5980 PM,.0003
,StationUtils,checkPredicateFormat,PASS,,Jan 14 2020 7:45:39.6010 PM,Jan 14 2020 7:45:39.6010 PM,.0003
,StationUtils,checkPredicateFormat,PASS,,Jan 14 2020 7:45:39.6040 PM,Jan 14 2020 7:45:39.6040 PM,.0003
,StationUtils,checkPredicateFormat,PASS,,Jan 14 2020 7:45:39.6070 PM,Jan 14 2020 7:45:39.6080 PM,.0004
,StationUtils,checkPredicateFormat,PASS,,Jan 14 2020 7:45:39.6100 PM,Jan 14 2020 7:45:39.6110 PM,.0003
,StationUtils,checkPredicateFormat,PASS,,Jan 14 2020 7:45:39.6140 PM,Jan 14 2020 7:45:39.6140 PM,.0003
,StationUtils,checkPredicateFormat,PASS,,Jan 14 2020 7:45:39.6170 PM,Jan 14 2020 7:45:39.6170 PM,.0003
,StationUtils,checkPredicateFormat,PASS,,Jan 14 2020 7:45:39.6200 PM,Jan 14 2020 7:45:39.6200 PM,.0003
,StationUtils,checkPredicateFormat,PASS,,Jan 14 2020 7:45:39.6230 PM,Jan 14 2020 7:45:39.6230 PM,.0003
,StationUtils,checkPredicateFormat,PASS,,Jan 14 2020 7:45:39.6260 PM,Jan 14 2020 7:45:39.6270 PM,.0003
,StationUtils,checkPredicateFormat,PASS,,Jan 14 2020 7:45:39.6300 PM,Jan 14 2020 7:45:39.6300 PM,.0003
,StationUtils,checkPredicateFormat,PASS,,Jan 14 2020 7:45:39.6330 PM,Jan 14 2020 7:45:39.6330 PM,.0003
,StationUtils,checkPredicateFormat,PASS,,Jan 14 2020 7:45:39.6360 PM,Jan 14 2020 7:45:39.6370 PM,.0003
,StationUtils,checkPredicateFormat,PASS,,Jan 14 2020 7:45:39.6400 PM,Jan 14 2020 7:45:39.6400 PM,.0003
,StationUtils,checkPredicateFormat,PASS,,Jan 14 2020 7:45:39.6720 PM,Jan 14 2020 7:45:39.6730 PM,.0003
,StationUtils,checkPredicateFormat,PASS,,Jan 14 2020 7:45:39.6760 PM,Jan 14 2020 7:45:39.6760 PM,.0003
1. Process,RunCommand,RunCommandWithParameter,PASS,,Jan 14 2020 7:45:39.8330 PM,Jan 14 2020 7:45:39.8450 PM,.0114
1. Process,RunCommand,RunCommandWithParameter,PASS,,Jan 14 2020 7:45:39.8460 PM,Jan 14 2020 7:45:39.8600 PM,.0133
3. INIT,EFIDut,open,PASS,,Jan 14 2020 7:45:43.5020 PM,Jan 14 2020 7:45:43.5660 PM,.0639
3. INIT,EFIDut,syncCmdResp,PASS,,Jan 14 2020 7:45:43.5700 PM,Jan 14 2020 7:45:43.6110 PM,.0409
3. INIT,EFIDut,sendCommand,PASS,,Jan 14 2020 7:45:43.6150 PM,Jan 14 2020 7:45:43.6560 PM,.0411
4. FIXTURE,Fixture,changeDelimiter,PASS,,Jan 14 2020 7:45:43.6620 PM,Jan 14 2020 7:45:43.6620 PM,.0001
4. FIXTURE,Fixture,changeLineTerminator,PASS,,Jan 14 2020 7:45:43.6640 PM,Jan 14 2020 7:45:43.6640 PM,0
4. FIXTURE,Fixture,open,PASS,,Jan 14 2020 7:45:43.6660 PM,Jan 14 2020 7:45:43.6920 PM,.0267
4. FIXTURE,Fixture,read,PASS,,Jan 14 2020 7:45:43.6940 PM,Jan 14 2020 7:45:43.7150 PM,.0211
4. FIXTURE,Fixture,sendCommand,PASS,,Jan 14 2020 7:45:43.9200 PM,Jan 14 2020 7:45:46.0320 PM,2.1119
4. FIXTURE,Fixture,sendCommand,PASS,,Jan 14 2020 7:45:46.0350 PM,Jan 14 2020 7:45:46.2710 PM,.2361
5. Process,EFIDut,sendCommand,PASS,,Jan 14 2020 7:45:46.2860 PM,Jan 14 2020 7:45:46.3240 PM,.0379
6. INIT,EFIDut,sendCommand,PASS,,Jan 14 2020 7:45:46.3300 PM,Jan 14 2020 7:45:46.4670 PM,.137
7. INIT,EFIDut,sendCommand,PASS,,Jan 14 2020 7:45:46.4730 PM,Jan 14 2020 7:45:46.4990 PM,.0262
8. INIT,EFIDut,sendCommand,PASS,,Jan 14 2020 7:45:46.5050 PM,Jan 14 2020 7:45:46.9510 PM,.4468
9. INIT,EFIDut,sendCommand,PASS,,Jan 14 2020 7:45:48.9650 PM,Jan 14 2020 7:45:49.0250 PM,.0603
9. INIT,EFIDut,sendCommand,PASS,,Jan 14 2020 7:45:49.0350 PM,Jan 14 2020 7:45:49.1450 PM,.1106
9. INIT,EFIDut,sendCommand,PASS,,Jan 14 2020 7:45:49.1520 PM,Jan 14 2020 7:45:49.1930 PM,.0413
9. INIT,EFIDut,sendCommand,PASS,,Jan 14 2020 7:45:49.2000 PM,Jan 14 2020 7:45:49.2250 PM,.0255
9. INIT,EFIDut,sendCommand,PASS,,Jan 14 2020 7:45:49.2310 PM,Jan 14 2020 7:45:49.2570 PM,.0256
11. INIT,EFIDut,sendCommand,PASS,,Jan 14 2020 7:45:49.2700 PM,Jan 14 2020 7:45:49.4020 PM,.1325
11. INIT,EFIDut,sendCommand,PASS,,Jan 14 2020 7:45:49.4150 PM,Jan 14 2020 7:45:49.4620 PM,.0467
11. INIT,EFIDut,sendCommand,PASS,,Jan 14 2020 7:45:49.4710 PM,Jan 14 2020 7:45:49.6080 PM,.1368
11. INIT,EFIDut,sendCommand,PASS,,Jan 14 2020 7:45:49.6150 PM,Jan 14 2020 7:45:49.6560 PM,.0408
12. POWER,EFIDut,sendCommand,PASS,,Jan 14 2020 7:45:49.6700 PM,Jan 14 2020 7:45:49.9610 PM,.2907
12. POWER,EFIDut,sendCommand,PASS,,Jan 14 2020 7:45:49.9650 PM,Jan 14 2020 7:45:49.9930 PM,.0285
12. POWER,EFIDut,sendCommand,PASS,,Jan 14 2020 7:45:49.9970 PM,Jan 14 2020 7:45:50.1050 PM,.108
12. POWER,EFIDut,sendCommand,PASS,,Jan 14 2020 7:45:50.1080 PM,Jan 14 2020 7:45:50.1500 PM,.0414
12. POWER,EFIDut,sendCommand,PASS,,Jan 14 2020 7:45:50.1530 PM,Jan 14 2020 7:45:50.1930 PM,.0395
13. INIT,SFCSupport,getAttribute,PASS,,Jan 14 2020 7:45:50.1990 PM,Jan 14 2020 7:45:50.2230 PM,.0242
13. INIT,EFIDut,sendCommand,PASS,,Jan 14 2020 7:45:50.2300 PM,Jan 14 2020 7:45:50.3850 PM,.155
14. INIT,EFIDut,sendCommand,PASS,,Jan 14 2020 7:45:50.3900 PM,Jan 14 2020 7:45:50.4290 PM,.0393
15. Process,EFIDut,close,PASS,,Jan 14 2020 7:45:50.4400 PM,Jan 14 2020 7:45:50.4410 PM,.0004
16. Process,DRCB,startDataReporting,PASS,,Jan 14 2020 7:45:50.5590 PM,Jan 14 2020 7:45:50.5730 PM,.0142
17. Process,EFIDut,open,PASS,,Jan 14 2020 7:45:50.5840 PM,Jan 14 2020 7:45:50.6380 PM,.0543
17. Process,EFIDut,close,PASS,,Jan 14 2020 7:45:50.6410 PM,Jan 14 2020 7:45:50.6420 PM,.0004
17. Process,DRCB,startControlBits,PASS,,Jan 14 2020 7:45:50.6460 PM,Jan 14 2020 7:45:50.9990 PM,.3532
18. Process,EFIDut,open,PASS,,Jan 14 2020 7:45:51.1080 PM,Jan 14 2020 7:45:51.1730 PM,.0646
18. Process,EFIDut,syncCmdResp,PASS,,Jan 14 2020 7:45:51.1770 PM,Jan 14 2020 7:45:51.2190 PM,.0424
19. INIT,EFIDut,sendCommand,PASS,,Jan 14 2020 7:45:51.2250 PM,Jan 14 2020 7:45:51.3950 PM,.17
20. INIT,SFCSupport,getAttribute,PASS,,Jan 14 2020 7:45:51.4030 PM,Jan 14 2020 7:45:51.4070 PM,.0036
20. INIT,SFCSupport,getAttribute,PASS,,Jan 14 2020 7:45:51.4090 PM,Jan 14 2020 7:45:51.4120 PM,.0037
20. INIT,EFIDut,sendCommand,PASS,,Jan 14 2020 7:45:51.4200 PM,Jan 14 2020 7:45:51.4590 PM,.0389
20. INIT,EFIDut,sendCommand,PASS,,Jan 14 2020 7:45:51.4680 PM,Jan 14 2020 7:45:51.5060 PM,.0378
20. INIT,EFIDut,sendCommand,PASS,,Jan 14 2020 7:45:51.5100 PM,Jan 14 2020 7:45:51.5530 PM,.0431
20. INIT,SFCSupport,getAttribute,PASS,,Jan 14 2020 7:45:51.5600 PM,Jan 14 2020 7:45:51.5640 PM,.0037
20. INIT,SFCSupport,getAttribute,PASS,,Jan 14 2020 7:45:51.5660 PM,Jan 14 2020 7:45:51.5690 PM,.0031
20. INIT,SFCSupport,getAttribute,PASS,,Jan 14 2020 7:45:51.5710 PM,Jan 14 2020 7:45:51.5750 PM,.0039
20. INIT,SFCSupport,getAttribute,PASS,,Jan 14 2020 7:45:51.5770 PM,Jan 14 2020 7:45:51.5800 PM,.0033
20. INIT,SFCSupport,getAttribute,PASS,,Jan 14 2020 7:45:51.5820 PM,Jan 14 2020 7:45:51.5860 PM,.0034
20. INIT,SFCSupport,getAttribute,PASS,,Jan 14 2020 7:45:51.5870 PM,Jan 14 2020 7:45:51.5910 PM,.0033
20. INIT,SFCSupport,getAttribute,PASS,,Jan 14 2020 7:45:51.5930 PM,Jan 14 2020 7:45:51.5960 PM,.0036
20. INIT,SFCSupport,getAttribute,PASS,,Jan 14 2020 7:45:51.5980 PM,Jan 14 2020 7:45:51.6020 PM,.0036
20. INIT,EFIDut,sendCommand,PASS,,Jan 14 2020 7:45:51.6100 PM,Jan 14 2020 7:45:51.6810 PM,.0712
20. INIT,EFIDut,sendCommand,PASS,,Jan 14 2020 7:45:51.6850 PM,Jan 14 2020 7:45:51.7290 PM,.0438
20. INIT,EFIDut,sendCommand,PASS,,Jan 14 2020 7:45:51.7380 PM,Jan 14 2020 7:45:51.9370 PM,.1986
20. INIT,EFIDut,sendCommand,PASS,,Jan 14 2020 7:45:51.9400 PM,Jan 14 2020 7:45:51.9850 PM,.0445
20. INIT,EFIDut,sendCommand,PASS,,Jan 14 2020 7:45:51.9960 PM,Jan 14 2020 7:45:52.1920 PM,.1961
20. INIT,EFIDut,sendCommand,PASS,,Jan 14 2020 7:45:52.1960 PM,Jan 14 2020 7:45:52.2390 PM,.0433
20. INIT,SFCSupport,getAttribute,PASS,,Jan 14 2020 7:45:52.2480 PM,Jan 14 2020 7:45:52.2510 PM,.0034
20. INIT,EFIDut,sendCommand,PASS,,Jan 14 2020 7:45:52.2560 PM,Jan 14 2020 7:45:52.4470 PM,.1914
20. INIT,EFIDut,sendCommand,PASS,,Jan 14 2020 7:45:52.4510 PM,Jan 14 2020 7:45:52.4950 PM,.0444
20. INIT,EFIDut,sendCommand,PASS,,Jan 14 2020 7:45:52.5070 PM,Jan 14 2020 7:45:52.5750 PM,.0683
20. INIT,EFIDut,sendCommand,PASS,,Jan 14 2020 7:45:52.5790 PM,Jan 14 2020 7:45:52.6230 PM,.0443
20. INIT,EFIDut,sendCommand,PASS,,Jan 14 2020 7:45:52.6320 PM,Jan 14 2020 7:45:52.6870 PM,.055
20. INIT,EFIDut,sendCommand,PASS,,Jan 14 2020 7:45:52.6930 PM,Jan 14 2020 7:45:52.7350 PM,.0417
20. INIT,EFIDut,sendCommand,PASS,,Jan 14 2020 7:45:52.7380 PM,Jan 14 2020 7:45:52.7900 PM,.0511
21. FIXTURE,Fixture,sendCommand,PASS,,Jan 14 2020 7:45:52.8010 PM,Jan 14 2020 7:45:55.5100 PM,2.7095
22. TRISTAR,EFIDut,close,PASS,,Jan 14 2020 7:45:55.5150 PM,Jan 14 2020 7:45:55.5160 PM,.0005
22. TRISTAR,FileParser,JsonParsing,PASS,,Jan 14 2020 7:45:55.5190 PM,Jan 14 2020 7:45:55.5200 PM,.0005
22. TRISTAR,EZLink1,EZLink,PASS,,Jan 14 2020 7:45:55.5230 PM,Jan 14 2020 7:45:56.7560 PM,1.2331
22. TRISTAR,EFIDut,open,PASS,,Jan 14 2020 7:45:56.7610 PM,Jan 14 2020 7:45:56.8150 PM,.0542
22. TRISTAR,EFIDut,sendCommand,PASS,,Jan 14 2020 7:45:56.8180 PM,Jan 14 2020 7:45:57.0540 PM,.2354
22. TRISTAR,EFIDut,sendCommand,PASS,,Jan 14 2020 7:45:57.0600 PM,Jan 14 2020 7:45:57.1000 PM,.0396
23. LISA,EFIDut,sendCommand,PASS,,Jan 14 2020 7:45:57.1050 PM,Jan 14 2020 7:45:57.1600 PM,.0551
23. LISA,EFIDut,sendCommand,PASS,,Jan 14 2020 7:45:57.1680 PM,Jan 14 2020 7:45:57.3190 PM,.1511
23. LISA,EFIDut,sendCommand,PASS,,Jan 14 2020 7:45:57.3250 PM,Jan 14 2020 7:45:57.3640 PM,.0387
23. LISA,EFIDut,sendCommand,PASS,,Jan 14 2020 7:45:57.3680 PM,Jan 14 2020 7:45:57.4070 PM,.0393
23. LISA,EFIDut,sendCommand,PASS,,Jan 14 2020 7:45:57.4140 PM,Jan 14 2020 7:45:57.4600 PM,.0464
23. LISA,EFIDut,sendCommand,PASS,,Jan 14 2020 7:45:57.4690 PM,Jan 14 2020 7:45:57.5080 PM,.039
23. LISA,EFIDut,sendCommand,PASS,,Jan 14 2020 7:45:57.5110 PM,Jan 14 2020 7:45:57.5520 PM,.0406
23. LISA,EFIDut,sendCommand,PASS,,Jan 14 2020 7:45:57.5580 PM,Jan 14 2020 7:45:57.6000 PM,.0416
23. LISA,EFIDut,sendCommand,PASS,,Jan 14 2020 7:45:57.6060 PM,Jan 14 2020 7:45:57.9330 PM,.3269
24. FIXTURE,Fixture,sendCommand,PASS,,Jan 14 2020 7:45:57.9390 PM,Jan 14 2020 7:45:58.1470 PM,.2082
25. LISA,EFIDut,sendCommand,PASS,,Jan 14 2020 7:45:58.1530 PM,Jan 14 2020 7:45:59.6900 PM,1.5371
25. LISA,EFIDut,sendCommand,PASS,,Jan 14 2020 7:45:59.6940 PM,Jan 14 2020 7:45:59.7340 PM,.04
25. LISA,EFIDut,sendCommand,PASS,,Jan 14 2020 7:45:59.7370 PM,Jan 14 2020 7:45:59.7840 PM,.0465
25. LISA,EFIDut,sendCommand,PASS,,Jan 14 2020 7:45:59.7870 PM,Jan 14 2020 7:46:03.6220 PM,3.835
25. LISA,EFIDut,sendCommand,PASS,,Jan 14 2020 7:46:03.6400 PM,Jan 14 2020 7:46:03.8240 PM,.1838
25. LISA,EFIDut,sendCommand,PASS,,Jan 14 2020 7:46:03.8280 PM,Jan 14 2020 7:46:03.8560 PM,.0283
25. LISA,EFIDut,sendCommand,PASS,,Jan 14 2020 7:46:03.8600 PM,Jan 14 2020 7:46:03.8990 PM,.0396
25. LISA,Fixture,sendCommand,PASS,,Jan 14 2020 7:46:03.9030 PM,Jan 14 2020 7:46:03.9490 PM,.0459
25. LISA,EFIDut,sendCommand,PASS,,Jan 14 2020 7:46:03.9520 PM,Jan 14 2020 7:46:04.5320 PM,.5799
25. LISA,EFIDut,sendCommand,PASS,,Jan 14 2020 7:46:04.5360 PM,Jan 14 2020 7:46:04.6280 PM,.0921
25. LISA,EFIDut,sendCommand,PASS,,Jan 14 2020 7:46:04.6310 PM,Jan 14 2020 7:46:04.6600 PM,.0286
26. POWER,EFIDut,sendCommand,PASS,,Jan 14 2020 7:46:04.6790 PM,Jan 14 2020 7:46:04.7400 PM,.0608
26. POWER,EFIDut,sendCommand,PASS,,Jan 14 2020 7:46:04.7490 PM,Jan 14 2020 7:46:04.7880 PM,.0384
27. IMU,EFIDut,sendCommand,PASS,,Jan 14 2020 7:46:04.7970 PM,Jan 14 2020 7:46:04.8430 PM,.0465
28. IMU,EFIDut,sendCommand,PASS,,Jan 14 2020 7:46:04.8500 PM,Jan 14 2020 7:46:05.1460 PM,.2966
29. IMU,EFIDut,sendCommand,PASS,,Jan 14 2020 7:46:05.1540 PM,Jan 14 2020 7:46:05.2110 PM,.0568
30. IMU,StationUtils,evaluatePredicate,PASS,,Jan 14 2020 7:46:05.2180 PM,Jan 14 2020 7:46:05.2180 PM,.0001
30. IMU,EFIDut,sendCommand,PASS,,Jan 14 2020 7:46:05.2210 PM,Jan 14 2020 7:46:05.2770 PM,.0556
30. IMU,StationUtils,evaluatePredicate,PASS,,Jan 14 2020 7:46:05.2800 PM,Jan 14 2020 7:46:05.2800 PM,.0001
30. IMU,StationUtils,evaluatePredicate,PASS,,Jan 14 2020 7:46:05.2860 PM,Jan 14 2020 7:46:05.2860 PM,.0001
30. IMU,StationUtils,evaluatePredicate,PASS,,Jan 14 2020 7:46:05.2920 PM,Jan 14 2020 7:46:05.2920 PM,.0001
30. IMU,StationUtils,evaluatePredicate,PASS,,Jan 14 2020 7:46:05.2970 PM,Jan 14 2020 7:46:05.2970 PM,.0001
30. IMU,StationUtils,evaluatePredicate,PASS,,Jan 14 2020 7:46:05.3020 PM,Jan 14 2020 7:46:05.3020 PM,.0001
31. IMU,StationUtils,evaluatePredicate,PASS,,Jan 14 2020 7:46:05.3140 PM,Jan 14 2020 7:46:05.3140 PM,.0001
31. IMU,EFIDut,sendCommand,PASS,,Jan 14 2020 7:46:05.3180 PM,Jan 14 2020 7:46:05.5650 PM,.2464
31. IMU,StationUtils,evaluatePredicate,PASS,,Jan 14 2020 7:46:05.5670 PM,Jan 14 2020 7:46:05.5670 PM,.0001
31. IMU,StationUtils,evaluatePredicate,PASS,,Jan 14 2020 7:46:05.5720 PM,Jan 14 2020 7:46:05.5720 PM,.0001
32. IMU,EFIDut,sendCommand,PASS,,Jan 14 2020 7:46:05.5810 PM,Jan 14 2020 7:46:05.6410 PM,.0605
33. IMU,EFIDut,sendCommand,PASS,,Jan 14 2020 7:46:05.6550 PM,Jan 14 2020 7:46:05.9500 PM,.2955
34. IMU,EFIDut,sendCommand,PASS,,Jan 14 2020 7:46:05.9560 PM,Jan 14 2020 7:46:06.1060 PM,.1505
34. IMU,EFIDut,sendCommand,PASS,,Jan 14 2020 7:46:06.1100 PM,Jan 14 2020 7:46:06.3570 PM,.2469
35. IMU,EFIDut,sendCommand,PASS,,Jan 14 2020 7:46:06.3650 PM,Jan 14 2020 7:46:06.6590 PM,.2941
35. IMU,EFIDut,sendCommand,PASS,,Jan 14 2020 7:46:06.6630 PM,Jan 14 2020 7:46:06.7140 PM,.0513
35. IMU,StationUtils,evaluatePredicate,PASS,,Jan 14 2020 7:46:06.7160 PM,Jan 14 2020 7:46:06.7160 PM,.0001
35. IMU,EFIDut,sendCommand,PASS,,Jan 14 2020 7:46:06.7200 PM,Jan 14 2020 7:46:06.7580 PM,.0383
35. IMU,StationUtils,evaluatePredicate,PASS,,Jan 14 2020 7:46:06.7600 PM,Jan 14 2020 7:46:06.7600 PM,.0001
35. IMU,EFIDut,sendCommand,PASS,,Jan 14 2020 7:46:06.7640 PM,Jan 14 2020 7:46:06.8040 PM,.04
35. IMU,StationUtils,evaluatePredicate,PASS,,Jan 14 2020 7:46:06.8060 PM,Jan 14 2020 7:46:06.8060 PM,.0001
35. IMU,EFIDut,sendCommand,PASS,,Jan 14 2020 7:46:06.8100 PM,Jan 14 2020 7:46:06.9840 PM,.174
35. IMU,StationUtils,evaluatePredicate,PASS,,Jan 14 2020 7:46:06.9860 PM,Jan 14 2020 7:46:06.9860 PM,.0001
35. IMU,EFIDut,sendCommand,PASS,,Jan 14 2020 7:46:06.9900 PM,Jan 14 2020 7:46:07.1230 PM,.1329
35. IMU,StationUtils,evaluatePredicate,PASS,,Jan 14 2020 7:46:07.1250 PM,Jan 14 2020 7:46:07.1250 PM,.0001
35. IMU,EFIDut,sendCommand,PASS,,Jan 14 2020 7:46:07.1280 PM,Jan 14 2020 7:46:07.2630 PM,.1349
35. IMU,StationUtils,evaluatePredicate,PASS,,Jan 14 2020 7:46:07.2660 PM,Jan 14 2020 7:46:07.2660 PM,.0001
35. IMU,EFIDut,sendCommand,PASS,,Jan 14 2020 7:46:07.2690 PM,Jan 14 2020 7:46:07.3260 PM,.0572
35. IMU,StationUtils,evaluatePredicate,PASS,,Jan 14 2020 7:46:07.3290 PM,Jan 14 2020 7:46:07.3290 PM,.0001
35. IMU,StationUtils,evaluatePredicate,PASS,,Jan 14 2020 7:46:07.3310 PM,Jan 14 2020 7:46:07.3310 PM,0
35. IMU,StationUtils,evaluatePredicate,PASS,,Jan 14 2020 7:46:07.3340 PM,Jan 14 2020 7:46:07.3340 PM,0
35. IMU,StationUtils,evaluatePredicate,PASS,,Jan 14 2020 7:46:07.3360 PM,Jan 14 2020 7:46:07.3360 PM,.0001
35. IMU,StationUtils,evaluatePredicate,PASS,,Jan 14 2020 7:46:07.3390 PM,Jan 14 2020 7:46:07.3390 PM,0
35. IMU,EFIDut,sendCommand,PASS,,Jan 14 2020 7:46:07.3430 PM,Jan 14 2020 7:46:07.4060 PM,.0633
35. IMU,EFIDut,sendCommand,PASS,,Jan 14 2020 7:46:07.4100 PM,Jan 14 2020 7:46:08.0680 PM,.6581
35. IMU,StationUtils,evaluatePredicate,PASS,,Jan 14 2020 7:46:08.0720 PM,Jan 14 2020 7:46:08.0720 PM,.0001
35. IMU,EFIDut,sendCommand,PASS,,Jan 14 2020 7:46:08.0820 PM,Jan 14 2020 7:46:08.1150 PM,.0327
35. IMU,StationUtils,evaluatePredicate,PASS,,Jan 14 2020 7:46:08.1180 PM,Jan 14 2020 7:46:08.1180 PM,.0001
35. IMU,EFIDut,sendCommand,PASS,,Jan 14 2020 7:46:08.1210 PM,Jan 14 2020 7:46:08.1630 PM,.0421
35. IMU,EFIDut,sendCommand,PASS,,Jan 14 2020 7:46:08.1670 PM,Jan 14 2020 7:46:08.2590 PM,.0922
36. PRESSURE,EFIDut,sendCommand,PASS,,Jan 14 2020 7:46:08.2670 PM,Jan 14 2020 7:46:08.3170 PM,.0501
36. PRESSURE,EFIDut,sendCommand,PASS,,Jan 14 2020 7:46:08.3230 PM,Jan 14 2020 7:46:08.3630 PM,.0396
36. PRESSURE,EFIDut,sendCommand,PASS,,Jan 14 2020 7:46:08.3710 PM,Jan 14 2020 7:46:08.4350 PM,.064
36. PRESSURE,StationUtils,evaluatePredicate,PASS,,Jan 14 2020 7:46:08.4370 PM,Jan 14 2020 7:46:08.4370 PM,.0001
36. PRESSURE,StationUtils,evaluatePredicate,PASS,,Jan 14 2020 7:46:08.4420 PM,Jan 14 2020 7:46:08.4420 PM,.0001
36. PRESSURE,StationUtils,evaluatePredicate,PASS,,Jan 14 2020 7:46:08.4470 PM,Jan 14 2020 7:46:08.4470 PM,0
36. PRESSURE,StationUtils,evaluatePredicate,PASS,,Jan 14 2020 7:46:08.4500 PM,Jan 14 2020 7:46:08.4500 PM,.0001
36. PRESSURE,StationUtils,evaluatePredicate,PASS,,Jan 14 2020 7:46:08.4530 PM,Jan 14 2020 7:46:08.4530 PM,0
36. PRESSURE,StationUtils,evaluatePredicate,PASS,,Jan 14 2020 7:46:08.4550 PM,Jan 14 2020 7:46:08.4550 PM,.0001
36. PRESSURE,StationUtils,evaluatePredicate,PASS,,Jan 14 2020 7:46:08.4580 PM,Jan 14 2020 7:46:08.4580 PM,0
36. PRESSURE,StationUtils,evaluatePredicate,PASS,,Jan 14 2020 7:46:08.4600 PM,Jan 14 2020 7:46:08.4600 PM,0
36. PRESSURE,EFIDut,sendCommand,PASS,,Jan 14 2020 7:46:08.4640 PM,Jan 14 2020 7:46:08.5100 PM,.0455
36. PRESSURE,EFIDut,sendCommand,PASS,,Jan 14 2020 7:46:08.5160 PM,Jan 14 2020 7:46:10.8740 PM,2.3582
36. PRESSURE,StationUtils,calculateExpression,PASS,,Jan 14 2020 7:46:10.9070 PM,Jan 14 2020 7:46:10.9080 PM,.0001
36. PRESSURE,StationUtils,calculateExpression,PASS,,Jan 14 2020 7:46:10.9140 PM,Jan 14 2020 7:46:10.9140 PM,.0001
36. PRESSURE,EFIDut,sendCommand,PASS,,Jan 14 2020 7:46:10.9180 PM,Jan 14 2020 7:46:10.9620 PM,.0439
37. COMPASS,EFIDut,sendCommand,PASS,,Jan 14 2020 7:46:10.9700 PM,Jan 14 2020 7:46:11.0210 PM,.0515
37. COMPASS,EFIDut,sendCommand,PASS,,Jan 14 2020 7:46:11.0270 PM,Jan 14 2020 7:46:11.0730 PM,.0457
37. COMPASS,EFIDut,sendCommand,PASS,,Jan 14 2020 7:46:11.0800 PM,Jan 14 2020 7:46:11.1800 PM,.1001
37. COMPASS,EFIDut,sendCommand,PASS,,Jan 14 2020 7:46:11.1860 PM,Jan 14 2020 7:46:13.7970 PM,2.6113
38. COMPASS,EFIDut,sendCommand,PASS,,Jan 14 2020 7:46:13.8170 PM,Jan 14 2020 7:46:13.8600 PM,.0429
38. COMPASS,EFIDut,sendCommand,PASS,,Jan 14 2020 7:46:13.8640 PM,Jan 14 2020 7:46:13.9040 PM,.0397
38. COMPASS,EFIDut,sendCommand,PASS,,Jan 14 2020 7:46:13.9080 PM,Jan 14 2020 7:46:13.9570 PM,.0488
39. CODEC,EFIDut,sendCommand,PASS,,Jan 14 2020 7:46:13.9640 PM,Jan 14 2020 7:46:14.0840 PM,.12
39. CODEC,EFIDut,sendCommand,PASS,,Jan 14 2020 7:46:14.0870 PM,Jan 14 2020 7:46:14.1320 PM,.0443
39. CODEC,EFIDut,sendCommand,PASS,,Jan 14 2020 7:46:14.1350 PM,Jan 14 2020 7:46:14.2110 PM,.0754
39. CODEC,EFIDut,sendCommand,PASS,,Jan 14 2020 7:46:14.2260 PM,Jan 14 2020 7:46:14.4110 PM,.1858
39. CODEC,EFIDut,sendCommand,PASS,,Jan 14 2020 7:46:14.4210 PM,Jan 14 2020 7:46:14.4670 PM,.0461
40. SPAM,EFIDut,close,PASS,,Jan 14 2020 7:46:14.4790 PM,Jan 14 2020 7:46:14.4790 PM,.0004
40. SPAM,StationUtils,evaluatePredicate,PASS,,Jan 14 2020 7:46:14.4820 PM,Jan 14 2020 7:46:14.4820 PM,.0001
40. SPAM,StationUtils,evaluatePredicate,PASS,,Jan 14 2020 7:46:16.0020 PM,Jan 14 2020 7:46:16.0020 PM,.0001
40. SPAM,EFIDut,open,PASS,,Jan 14 2020 7:46:18.0130 PM,Jan 14 2020 7:46:18.0810 PM,.0674
41. SENSOR,EFIDut,sendCommand,PASS,,Jan 14 2020 7:46:18.0860 PM,Jan 14 2020 7:46:19.5870 PM,1.5004
41. SENSOR,EFIDut,sendCommand,PASS,,Jan 14 2020 7:46:19.5900 PM,Jan 14 2020 7:46:19.6450 PM,.0542
41. SENSOR,EFIDut,sendCommand,PASS,,Jan 14 2020 7:46:19.6480 PM,Jan 14 2020 7:46:20.0030 PM,.3544
41. SENSOR,EFIDut,sendCommand,PASS,,Jan 14 2020 7:46:20.0420 PM,Jan 14 2020 7:46:20.0870 PM,.0447
41. SENSOR,EFIDut,sendCommand,PASS,,Jan 14 2020 7:46:20.0900 PM,Jan 14 2020 7:46:20.1460 PM,.0554
42. BUTTON,EFIDut,sendCommand,PASS,,Jan 14 2020 7:46:20.1520 PM,Jan 14 2020 7:46:20.2020 PM,.0494
42. BUTTON,Fixture,sendCommand,PASS,,Jan 14 2020 7:46:20.2110 PM,Jan 14 2020 7:46:22.1390 PM,1.928
42. BUTTON,EFIDut,sendCommand,PASS,,Jan 14 2020 7:46:22.1430 PM,Jan 14 2020 7:46:22.1810 PM,.0381
42. BUTTON,Fixture,sendCommand,PASS,,Jan 14 2020 7:46:22.1880 PM,Jan 14 2020 7:46:22.8260 PM,.6386
42. BUTTON,EFIDut,sendCommand,PASS,,Jan 14 2020 7:46:22.8300 PM,Jan 14 2020 7:46:22.8680 PM,.0381
43. BUTTON,EFIDut,sendCommand,PASS,,Jan 14 2020 7:46:22.8770 PM,Jan 14 2020 7:46:22.9160 PM,.0388
43. BUTTON,Fixture,sendCommand,PASS,,Jan 14 2020 7:46:22.9200 PM,Jan 14 2020 7:46:24.7920 PM,1.8726
43. BUTTON,EFIDut,sendCommand,PASS,,Jan 14 2020 7:46:24.7960 PM,Jan 14 2020 7:46:24.8330 PM,.0375
44. RADIO,StationUtils,evaluatePredicate,PASS,,Jan 14 2020 7:46:24.8430 PM,Jan 14 2020 7:46:24.8430 PM,.0001
44. RADIO,StationUtils,evaluatePredicate,PASS,,Jan 14 2020 7:46:24.8460 PM,Jan 14 2020 7:46:24.8460 PM,0
44. RADIO,StationUtils,evaluatePredicate,PASS,,Jan 14 2020 7:46:24.8490 PM,Jan 14 2020 7:46:24.8490 PM,.0001
44. RADIO,StationUtils,evaluatePredicate,PASS,,Jan 14 2020 7:46:24.8510 PM,Jan 14 2020 7:46:24.8510 PM,0
44. RADIO,StationUtils,evaluatePredicate,PASS,,Jan 14 2020 7:46:24.8540 PM,Jan 14 2020 7:46:24.8540 PM,0
45. RADIO,StationUtils,evaluatePredicate,PASS,,Jan 14 2020 7:46:24.8590 PM,Jan 14 2020 7:46:24.8590 PM,.0001
45. RADIO,EFIDut,sendCommand,PASS,,Jan 14 2020 7:46:24.8620 PM,Jan 14 2020 7:46:28.8060 PM,3.9435
45. RADIO,StationUtils,evaluatePredicate,PASS,,Jan 14 2020 7:46:28.8080 PM,Jan 14 2020 7:46:28.8080 PM,.0001
46. RADIO,StationUtils,evaluatePredicate,PASS,,Jan 14 2020 7:46:28.8150 PM,Jan 14 2020 7:46:28.8150 PM,.0001
46. RADIO,EFIDut,sendCommand,PASS,,Jan 14 2020 7:46:28.8190 PM,Jan 14 2020 7:46:28.9040 PM,.0846
46. RADIO,StationUtils,evaluatePredicate,PASS,,Jan 14 2020 7:46:28.9060 PM,Jan 14 2020 7:46:28.9070 PM,.0001
47. RADIO,StationUtils,evaluatePredicate,PASS,,Jan 14 2020 7:46:28.9160 PM,Jan 14 2020 7:46:28.9160 PM,0
47. RADIO,EFIDut,sendCommand,PASS,,Jan 14 2020 7:46:28.9200 PM,Jan 14 2020 7:46:29.0230 PM,.1034
47. RADIO,StationUtils,evaluatePredicate,PASS,,Jan 14 2020 7:46:29.0260 PM,Jan 14 2020 7:46:29.0260 PM,.0001
47. RADIO,EFIDut,sendCommand,PASS,,Jan 14 2020 7:46:29.0290 PM,Jan 14 2020 7:46:29.4340 PM,.405
47. RADIO,StationUtils,evaluatePredicate,PASS,,Jan 14 2020 7:46:29.4370 PM,Jan 14 2020 7:46:29.4370 PM,.0001
47. RADIO,StationUtils,evaluatePredicate,PASS,,Jan 14 2020 7:46:29.4430 PM,Jan 14 2020 7:46:29.4430 PM,.0001
47. RADIO,StationUtils,evaluatePredicate,PASS,,Jan 14 2020 7:46:29.4480 PM,Jan 14 2020 7:46:29.4480 PM,.0001
47. RADIO,StationUtils,evaluatePredicate,PASS,,Jan 14 2020 7:46:29.4540 PM,Jan 14 2020 7:46:29.4540 PM,.0001
47. RADIO,StationUtils,evaluatePredicate,PASS,,Jan 14 2020 7:46:29.4590 PM,Jan 14 2020 7:46:29.4590 PM,.0001
47. RADIO,StationUtils,evaluatePredicate,PASS,,Jan 14 2020 7:46:29.4650 PM,Jan 14 2020 7:46:29.4650 PM,0
48. RADIO,StationUtils,evaluatePredicate,PASS,,Jan 14 2020 7:46:29.4730 PM,Jan 14 2020 7:46:29.4730 PM,.0001
48. RADIO,EFIDut,sendCommand,PASS,,Jan 14 2020 7:46:29.4770 PM,Jan 14 2020 7:46:29.8700 PM,.3933
49. POWER,EFIDut,sendCommand,PASS,,Jan 14 2020 7:46:29.8750 PM,Jan 14 2020 7:46:29.9020 PM,.0266
50. Process,EFIDut,sendCommand,PASS,,Jan 14 2020 7:46:29.9070 PM,Jan 14 2020 7:46:29.9340 PM,.0265
50. Process,EFIDut,sendCommand,PASS,,Jan 14 2020 7:46:29.9370 PM,Jan 14 2020 7:46:29.9980 PM,.0606
51. Process,EFIDut,close,PASS,,Jan 14 2020 7:46:30.0030 PM,Jan 14 2020 7:46:30.0040 PM,.0004
52. Process,RunCommand,RunCommandWithParameter,PASS,,Jan 14 2020 7:46:30.1220 PM,Jan 14 2020 7:46:30.1270 PM,.0043
52. Process,RunCommand,RunCommandWithParameter,PASS,,Jan 14 2020 7:46:30.1280 PM,Jan 14 2020 7:46:30.1330 PM,.0048
52. Process,RunCommand,RunCommandWithParameter,PASS,,Jan 14 2020 7:46:30.1350 PM,Jan 14 2020 7:46:30.1390 PM,.0046
52. Process,RunCommand,RunCommandWithParameter,PASS,,Jan 14 2020 7:46:30.1410 PM,Jan 14 2020 7:46:30.1470 PM,.006
52. Process,RunCommand,RunCommandWithParameter,PASS,,Jan 14 2020 7:46:30.1480 PM,Jan 14 2020 7:46:30.1530 PM,.0048
52. Process,RunCommand,RunCommandWithParameter,PASS,,Jan 14 2020 7:46:30.1540 PM,Jan 14 2020 7:46:30.1590 PM,.0048
52. Process,RunCommand,RunCommandWithParameter,PASS,,Jan 14 2020 7:46:30.1610 PM,Jan 14 2020 7:46:30.1650 PM,.0047
52. Process,DRCB,addBlob,PASS,,Jan 14 2020 7:46:30.1670 PM,Jan 14 2020 7:46:30.1670 PM,.0002
53. Process,DRCB,finish,PASS,,Jan 14 2020 7:46:30.1750 PM,Jan 14 2020 7:46:30.8670 PM,.6922
54. Process,EFIDut,open,PASS,,Jan 14 2020 7:46:30.8730 PM,Jan 14 2020 7:46:30.9370 PM,.0635
54. Process,StationUtils,evaluatePredicate,PASS,,Jan 14 2020 7:46:30.9390 PM,Jan 14 2020 7:46:30.9390 PM,.0001
54. Process,EFIDut,sendCommand,PASS,,Jan 14 2020 7:46:30.9430 PM,Jan 14 2020 7:46:32.0100 PM,1.0665
54. Process,Fixture,sendCommand,PASS,,Jan 14 2020 7:46:32.0140 PM,Jan 14 2020 7:46:34.2220 PM,2.2085
54. Process,EFIDut,close,PASS,,Jan 14 2020 7:46:34.2260 PM,Jan 14 2020 7:46:34.2260 PM,.0004
