Related Test,Name-1,Name-2,Name-3,Status,Info,Measurement,Units,Upper Limit,Lower Limit,Relaxed Upper Limit,Relaxed Lower Limit,Limit Units,Start Time,End Time,Duration (s)
1. Process,,,,,,,,,,,,,Jan 14 2020 8:03:00.2460 PM,Jan 14 2020 8:03:00.2840 PM,.0378
1. Process,Copy TestPlan To LogDir,Copy TestPlan To LogDir,,PASS,,,,,,,,,Jan 14 2020 8:03:00.2540 PM,Jan 14 2020 8:03:00.2540 PM,0
1. Process,Copy TestPlan To LogDir,Copy rushFile To Folder,cp -r /Users/gdlocal/Library/Atlas/Sequences /vault/Atlas/Hyperion/Unit_1_34FF02/AtlasLogs,PASS,,,,,,,,,Jan 14 2020 8:03:00.2550 PM,Jan 14 2020 8:03:00.2680 PM,.0126
1. Process,Copy TestPlan To LogDir,Copy CSVFile To Folder,cp -r /Users/gdlocal/Library/Atlas/Resources /vault/Atlas/Hyperion/Unit_1_34FF02/AtlasLogs,PASS,,,,,,,,,Jan 14 2020 8:03:00.2700 PM,Jan 14 2020 8:03:00.2830 PM,.013
2. SPAM,,,,,,,,,,,,,Jan 14 2020 8:03:00.2860 PM,Jan 14 2020 8:03:03.8120 PM,3.5253
2. SPAM,FIXTURE_SETUP,Disable SPAM Debug Power,/Users/gdlocal/scripts/spamtool dbgpwroff /dev/cu.usbserial-A908X8CJ,PASS,,,,,,,,,Jan 14 2020 8:03:01.8020 PM,Jan 14 2020 8:03:01.8020 PM,0
2. SPAM,FIXTURE_SETUP,Delay 2000ms,,PASS,,,,,,,,,Jan 14 2020 8:03:01.8040 PM,Jan 14 2020 8:03:01.8040 PM,0
3. INIT,,,,,,,,,,,,,Jan 14 2020 8:03:03.8140 PM,Jan 14 2020 8:03:04.0800 PM,.2669
3. INIT,CONSOLE_SETTING,Delay 100ms,,PASS,,,,,,,,,Jan 14 2020 8:03:03.8150 PM,Jan 14 2020 8:03:03.8150 PM,0
3. INIT,CONSOLE_SETTING,EFIDut,open,PASS,,,,,,,,,Jan 14 2020 8:03:03.9210 PM,Jan 14 2020 8:03:03.9900 PM,.0688
3. INIT,CONSOLE_SETTING,EFIDut,syncCmdResp,PASS,,,,,,,,,Jan 14 2020 8:03:03.9940 PM,Jan 14 2020 8:03:04.0340 PM,.0408
3. INIT,CONSOLE_SETTING,Disable consoleformat color,[EFIDut] consoleformat --sink serial --dis --o color,PASS,,,,,,,,,Jan 14 2020 8:03:04.0380 PM,Jan 14 2020 8:03:04.0790 PM,.0413
4. FIXTURE,,,,,,,,,,,,,Jan 14 2020 8:03:04.0820 PM,Jan 14 2020 8:03:06.8380 PM,2.7561
4. FIXTURE,FIXTURE_SETUP-2,Fixture,changeDelimiter,PASS,,,,,,,,,Jan 14 2020 8:03:04.0860 PM,Jan 14 2020 8:03:04.0860 PM,0
4. FIXTURE,FIXTURE_SETUP-2,Fixture,changeLineTerminator,PASS,,,,,,,,,Jan 14 2020 8:03:04.0870 PM,Jan 14 2020 8:03:04.0870 PM,0
4. FIXTURE,FIXTURE_SETUP-2,Fixture,open,PASS,,,,,,,,,Jan 14 2020 8:03:04.0890 PM,Jan 14 2020 8:03:04.1180 PM,.0292
4. FIXTURE,FIXTURE_SETUP-2,Fixture,read,PASS,,,,,,,,,Jan 14 2020 8:03:04.1200 PM,Jan 14 2020 8:03:04.1410 PM,.0214
4. FIXTURE,FIXTURE_SETUP-2,Fixture Reset,[Fixture] Reset,PASS,,,,,,,,,Jan 14 2020 8:03:04.3510 PM,Jan 14 2020 8:03:06.5970 PM,2.2468
4. FIXTURE,FIXTURE_SETUP-2,Fixture speaker module on,[Fixture] Push Cy on,PASS,,,,,,,,,Jan 14 2020 8:03:06.6010 PM,Jan 14 2020 8:03:06.8370 PM,.2361
5. Process,,,,,,,,,,,,,Jan 14 2020 8:03:06.8400 PM,Jan 14 2020 8:03:06.8920 PM,.0517
5. Process,Set RTC,Set 'time' with value '20200114120306',,PASS,,,,,,,,,Jan 14 2020 8:03:06.8490 PM,Jan 14 2020 8:03:06.8490 PM,0
5. Process,Set RTC,Set RTC,[EFIDut] rtc --set 20200114120306,PASS,,,,,,,,,Jan 14 2020 8:03:06.8520 PM,Jan 14 2020 8:03:06.8910 PM,.0389
6. INIT,,,,,,,,,,,,,Jan 14 2020 8:03:06.8940 PM,Jan 14 2020 8:03:07.0340 PM,.1401
6. INIT,ALIAS_SETTING,Alias Setting,[EFIDut] script radios.txt,PASS,,,,,,,,,Jan 14 2020 8:03:06.8960 PM,Jan 14 2020 8:03:07.0330 PM,.1363
7. INIT,,,,,,,,,,,,,Jan 14 2020 8:03:07.0360 PM,Jan 14 2020 8:03:07.0660 PM,.0306
7. INIT,GET_SW_INFO,Turn off thermal monitor,[EFIDut] thermalmonitor --off,PASS,,,,,,,,,Jan 14 2020 8:03:07.0380 PM,Jan 14 2020 8:03:07.0650 PM,.0267
8. INIT,,,,,,,,,,,,,Jan 14 2020 8:03:07.0680 PM,Jan 14 2020 8:03:07.5210 PM,.4534
8. INIT,SPAM_SETTING,Turn off Spam device,[EFIDut] device -k Spam -e init;device -k Spam -e stop,PASS,,,,,,,,,Jan 14 2020 8:03:07.0720 PM,Jan 14 2020 8:03:07.5200 PM,.4484
9. INIT,,,,,,,,,,,,,Jan 14 2020 8:03:07.5230 PM,Jan 14 2020 8:03:09.8540 PM,2.3307
9. INIT,GET_SW_INFO_1,Delay 2000ms,,PASS,,,,,,,,,Jan 14 2020 8:03:07.5250 PM,Jan 14 2020 8:03:07.5250 PM,0
9. INIT,GET_SW_INFO_1,Read EFI Diags Version,[EFIDut] version,PASS,,,,,,,,,Jan 14 2020 8:03:09.5340 PM,Jan 14 2020 8:03:09.6010 PM,.0667
9. INIT,GET_SW_INFO_1,DIAGS_VERSION,,PASS,,,,,,,,,Jan 14 2020 8:03:09.6050 PM,Jan 14 2020 8:03:09.6050 PM,0
9. INIT,GET_SW_INFO_1,DIAGS_BUILD_TIMESTAMP,,PASS,,,,,,,,,Jan 14 2020 8:03:09.6070 PM,Jan 14 2020 8:03:09.6070 PM,0
9. INIT,GET_SW_INFO_1,Read Software Info,[EFIDut] blockdevice,PASS,,,,,,,,,Jan 14 2020 8:03:09.6100 PM,Jan 14 2020 8:03:09.7220 PM,.1117
9. INIT,GET_SW_INFO_1,BLOCK_DEVICE,,PASS,,,,,,,,,Jan 14 2020 8:03:09.7250 PM,Jan 14 2020 8:03:09.7250 PM,0
9. INIT,GET_SW_INFO_1,Read MLB Serial Number,[EFIDut] syscfg print MLB#,PASS,,,,,,,,,Jan 14 2020 8:03:09.7280 PM,Jan 14 2020 8:03:09.7860 PM,.0574
9. INIT,GET_SW_INFO_1,MLBSN,,PASS,,,,,,,,,Jan 14 2020 8:03:09.7900 PM,Jan 14 2020 8:03:09.7900 PM,0
9. INIT,GET_SW_INFO_1,Read MLB Board REV,[EFIDut] boardrev,PASS,,,,,,,,,Jan 14 2020 8:03:09.7930 PM,Jan 14 2020 8:03:09.8180 PM,.0252
9. INIT,GET_SW_INFO_1,BOARD_REV,,PASS,,,,,,,,,Jan 14 2020 8:03:09.8210 PM,Jan 14 2020 8:03:09.8210 PM,0
9. INIT,GET_SW_INFO_1,Read MLB Board ID,[EFIDut] boardid,PASS,,,,,,,,,Jan 14 2020 8:03:09.8240 PM,Jan 14 2020 8:03:09.8500 PM,.0257
9. INIT,GET_SW_INFO_1,BOARD_ID,,PASS,,,,,,,,,Jan 14 2020 8:03:09.8530 PM,Jan 14 2020 8:03:09.8530 PM,0
10. INIT,,,,,,,,,,,,,Jan 14 2020 8:03:09.8560 PM,Jan 14 2020 8:03:09.8580 PM,.0023
10. INIT,GET_INFO,Set DUT type -N142B,,PASS,,,,,,,,,Jan 14 2020 8:03:09.8580 PM,Jan 14 2020 8:03:09.8580 PM,0
11. INIT,,,,,,,,,,,,,Jan 14 2020 8:03:09.8600 PM,Jan 14 2020 8:03:10.2610 PM,.4013
11. INIT,GET_COMP_INFO,Read SOC Properties,[EFIDut] soc -p,PASS,,,,,,,,,Jan 14 2020 8:03:09.8630 PM,Jan 14 2020 8:03:09.9970 PM,.1341
11. INIT,GET_COMP_INFO,SOC_PROP_FUSE_REV,,PASS,,,,,,,,,Jan 14 2020 8:03:10.0000 PM,Jan 14 2020 8:03:10.0000 PM,0
11. INIT,GET_COMP_INFO,SOC_PROP_PRODUCTION_MODE,,PASS,,,,,,,,,Jan 14 2020 8:03:10.0030 PM,Jan 14 2020 8:03:10.0030 PM,0
11. INIT,GET_COMP_INFO,SOC_PROP_REVISION,,PASS,,,,,,,,,Jan 14 2020 8:03:10.0060 PM,Jan 14 2020 8:03:10.0060 PM,0
11. INIT,GET_COMP_INFO,Read SOC Chip ID,[EFIDut] chipid,PASS,,,,,,,,,Jan 14 2020 8:03:10.0090 PM,Jan 14 2020 8:03:10.0570 PM,.0474
11. INIT,GET_COMP_INFO,CHIPID,,PASS,,,,,,,,,Jan 14 2020 8:03:10.0600 PM,Jan 14 2020 8:03:10.0600 PM,0
11. INIT,GET_COMP_INFO,CHIPVER,,PASS,,,,,,,,,Jan 14 2020 8:03:10.0630 PM,Jan 14 2020 8:03:10.0630 PM,0
11. INIT,GET_COMP_INFO,Read SOC Bin Data,[EFIDut] soc -p list-perf-state,PASS,,,,,,,,,Jan 14 2020 8:03:10.0660 PM,Jan 14 2020 8:03:10.2050 PM,.1389
11. INIT,GET_COMP_INFO,SOC_BIN_VOLTAGE_0,,PASS,,616,NA,,,,,,Jan 14 2020 8:03:10.2090 PM,Jan 14 2020 8:03:10.2090 PM,0
11. INIT,GET_COMP_INFO,Read PMU ID Registers,[EFIDut] pmureg -r 0 0x00 3,PASS,,,,,,,,,Jan 14 2020 8:03:10.2120 PM,Jan 14 2020 8:03:10.2510 PM,.0395
11. INIT,GET_COMP_INFO,PMU_ID0_MASKREV,,PASS,,,,,,,,,Jan 14 2020 8:03:10.2550 PM,Jan 14 2020 8:03:10.2550 PM,0
11. INIT,GET_COMP_INFO,PMU_ID1_TRIMREV,,PASS,,,,,,,,,Jan 14 2020 8:03:10.2580 PM,Jan 14 2020 8:03:10.2580 PM,0
11. INIT,GET_COMP_INFO,PMU_ID2_PLATFORMID,,PASS,,,,,,,,,Jan 14 2020 8:03:10.2610 PM,Jan 14 2020 8:03:10.2610 PM,0
12. POWER,,,,,,,,,,,,,Jan 14 2020 8:03:10.2640 PM,Jan 14 2020 8:03:10.6570 PM,.3935
12. POWER,QUIESCE_SYSTEM,Turn OFF General Modules (Codec),[EFIDut] audio -r;audio -f,PASS,,,,,,,,,Jan 14 2020 8:03:10.2660 PM,Jan 14 2020 8:03:10.4310 PM,.1646
12. POWER,QUIESCE_SYSTEM,Turn OFF General Modules (socpdm),[EFIDut] audio -f socpdm;,PASS,,,,,,,,,Jan 14 2020 8:03:10.4350 PM,Jan 14 2020 8:03:10.4740 PM,.0393
12. POWER,QUIESCE_SYSTEM,"Turn OFF Sensors (accel,gyro)","[EFIDut] sensor --sel accel,gyro --turnoff",PASS,,,,,,,,,Jan 14 2020 8:03:10.4780 PM,Jan 14 2020 8:03:10.5670 PM,.0896
12. POWER,QUIESCE_SYSTEM,Turn OFF Sensors (lisa),[EFIDut] sensor --sel lisa --turnoff,PASS,,,,,,,,,Jan 14 2020 8:03:10.5710 PM,Jan 14 2020 8:03:10.6120 PM,.0414
12. POWER,QUIESCE_SYSTEM,Turn OFF Sensors (platinum),[EFIDut] sensor --sel platinum --turnoff,PASS,,,,,,,,,Jan 14 2020 8:03:10.6160 PM,Jan 14 2020 8:03:10.6560 PM,.0405
13. INIT,,,,,,,,,,,,,Jan 14 2020 8:03:10.6590 PM,Jan 14 2020 8:03:10.8490 PM,.1899
13. INIT,QUERY_SFC_WRITE_SYSCFG,SFCSupport,getAttributes,PASS,,,,,,,,,Jan 14 2020 8:03:10.6630 PM,Jan 14 2020 8:03:10.6850 PM,.0229
13. INIT,QUERY_SFC_WRITE_SYSCFG,qt_fg_sn,,PASS,,,,,,,,,Jan 14 2020 8:03:10.6860 PM,Jan 14 2020 8:03:10.6860 PM,0
13. INIT,QUERY_SFC_WRITE_SYSCFG,Write SN,[EFIDut] syscfg add SrNm DVPZM010P8KR,PASS,,,,,,,,,Jan 14 2020 8:03:10.6920 PM,Jan 14 2020 8:03:10.8480 PM,.1558
14. INIT,,,,,,,,,,,,,Jan 14 2020 8:03:10.8510 PM,Jan 14 2020 8:03:10.9010 PM,.0502
14. INIT,GET_SYS_INFO,Read Unit Serial Number,[EFIDut] syscfg print SrNm,PASS,,,,,,,,,Jan 14 2020 8:03:10.8530 PM,Jan 14 2020 8:03:10.8950 PM,.0415
14. INIT,GET_SYS_INFO,UNIT_SN,,PASS,,,,,,,,,Jan 14 2020 8:03:10.8980 PM,Jan 14 2020 8:03:10.8980 PM,0
14. INIT,GET_SYS_INFO,The middle of SN#,,PASS,,,,,,,,,Jan 14 2020 8:03:10.9000 PM,Jan 14 2020 8:03:10.9000 PM,0
15. Process,,,,,,,,,,,,,Jan 14 2020 8:03:10.9030 PM,Jan 14 2020 8:03:11.0110 PM,.1083
15. Process,Dut Close,EFIDut,close,PASS,,,,,,,,,Jan 14 2020 8:03:10.9050 PM,Jan 14 2020 8:03:10.9060 PM,.0006
15. Process,Dut Close,Delay 100ms,,PASS,,,,,,,,,Jan 14 2020 8:03:10.9080 PM,Jan 14 2020 8:03:10.9080 PM,0
16. Process,,,,,,,,,,,,,Jan 14 2020 8:03:11.0130 PM,Jan 14 2020 8:03:11.0350 PM,.0221
16. Process,Start Data Reporting,DRCB,StartDataReporting,PASS,,,,,,,,,Jan 14 2020 8:03:11.0200 PM,Jan 14 2020 8:03:11.0340 PM,.0138
17. Process,,,,,,,,,,,,,Jan 14 2020 8:03:11.0370 PM,Jan 14 2020 8:03:11.4980 PM,.461
17. Process,Start Control Bits,EFIDut,open,PASS,,,,,,,,,Jan 14 2020 8:03:11.0410 PM,Jan 14 2020 8:03:11.1040 PM,.0631
17. Process,Start Control Bits,EFIDut,close,PASS,,,,,,,,,Jan 14 2020 8:03:11.1100 PM,Jan 14 2020 8:03:11.1100 PM,.0004
17. Process,Start Control Bits,DRCB,StartControlBits,PASS,,,,,,,,,Jan 14 2020 8:03:11.1140 PM,Jan 14 2020 8:03:11.4970 PM,.3825
18. Process,,,,,,,,,,,,,Jan 14 2020 8:03:11.5000 PM,Jan 14 2020 8:03:11.7170 PM,.2176
18. Process,Dut Open,Delay 100ms,,PASS,,,,,,,,,Jan 14 2020 8:03:11.5010 PM,Jan 14 2020 8:03:11.5010 PM,0
18. Process,Dut Open,EFIDut,open,PASS,,,,,,,,,Jan 14 2020 8:03:11.6080 PM,Jan 14 2020 8:03:11.6700 PM,.0622
18. Process,Dut Open,EFIDut,syncCmdResp,PASS,,,,,,,,,Jan 14 2020 8:03:11.6740 PM,Jan 14 2020 8:03:11.7160 PM,.0424
19. INIT,,,,,,,,,,,,,Jan 14 2020 8:03:11.7190 PM,Jan 14 2020 8:03:11.8470 PM,.1281
19. INIT,GET_MLB_INFO,GET_MLB_INFO,[EFIDut] syscfg print CFG#,PASS,,,,,,,,,Jan 14 2020 8:03:11.7220 PM,Jan 14 2020 8:03:11.8440 PM,.1222
20. INIT,,,,,,,,,,,,,Jan 14 2020 8:03:11.8490 PM,Jan 14 2020 8:03:13.2560 PM,1.4072
20. INIT,QUERY_SFC_WRITE_SYSCFG_1,SFCSupport,getAttributes,PASS,,,,,,,,,Jan 14 2020 8:03:11.8520 PM,Jan 14 2020 8:03:11.8550 PM,.0031
20. INIT,QUERY_SFC_WRITE_SYSCFG_1,sbuild,,PASS,,,,,,,,,Jan 14 2020 8:03:11.8560 PM,Jan 14 2020 8:03:11.8560 PM,0
20. INIT,QUERY_SFC_WRITE_SYSCFG_1,SFCSupport,getAttributes-2,PASS,,,,,,,,,Jan 14 2020 8:03:11.8570 PM,Jan 14 2020 8:03:11.8600 PM,.0032
20. INIT,QUERY_SFC_WRITE_SYSCFG_1,config,,PASS,,,,,,,,,Jan 14 2020 8:03:11.8610 PM,Jan 14 2020 8:03:11.8610 PM,0
20. INIT,QUERY_SFC_WRITE_SYSCFG_1,Get Housing Config,,PASS,,,,,,,,,Jan 14 2020 8:03:11.8640 PM,Jan 14 2020 8:03:11.8640 PM,0
20. INIT,QUERY_SFC_WRITE_SYSCFG_1,Read MLB CFG,[EFIDut] syscfg print CFG#,PASS,,,,,,,,,Jan 14 2020 8:03:11.8670 PM,Jan 14 2020 8:03:11.9090 PM,.0415
20. INIT,QUERY_SFC_WRITE_SYSCFG_1,MLB_CFG_INITIAL,,PASS,,,,,,,,,Jan 14 2020 8:03:11.9150 PM,Jan 14 2020 8:03:11.9150 PM,0
20. INIT,QUERY_SFC_WRITE_SYSCFG_1,Append string:config to CFG#,,PASS,,,,,,,,,Jan 14 2020 8:03:11.9150 PM,Jan 14 2020 8:03:11.9150 PM,0
20. INIT,QUERY_SFC_WRITE_SYSCFG_1,Write MLB CFG,"[EFIDut] syscfg add CFG# X1819B/PROTO1/B41T,JBW-T02a-a",PASS,,,,,,,,,Jan 14 2020 8:03:11.9190 PM,Jan 14 2020 8:03:11.9720 PM,.0528
20. INIT,QUERY_SFC_WRITE_SYSCFG_1,Read MLB CFG 2,[EFIDut] syscfg print CFG#,PASS,,,,,,,,,Jan 14 2020 8:03:11.9760 PM,Jan 14 2020 8:03:12.0180 PM,.0417
20. INIT,QUERY_SFC_WRITE_SYSCFG_1,MLB_CFG_APPENED,,PASS,,,,,,,,,Jan 14 2020 8:03:12.0210 PM,Jan 14 2020 8:03:12.0210 PM,0
20. INIT,QUERY_SFC_WRITE_SYSCFG_1,SFCSupport,getAttributes-3,PASS,,,,,,,,,Jan 14 2020 8:03:12.0250 PM,Jan 14 2020 8:03:12.0280 PM,.003
20. INIT,QUERY_SFC_WRITE_SYSCFG_1,sbuild-2,,PASS,,,,,,,,,Jan 14 2020 8:03:12.0290 PM,Jan 14 2020 8:03:12.0290 PM,0
20. INIT,QUERY_SFC_WRITE_SYSCFG_1,SFCSupport,getAttributes-4,PASS,,,,,,,,,Jan 14 2020 8:03:12.0300 PM,Jan 14 2020 8:03:12.0330 PM,.0032
20. INIT,QUERY_SFC_WRITE_SYSCFG_1,Tigerdmin,,PASS,,,,,,,,,Jan 14 2020 8:03:12.0340 PM,Jan 14 2020 8:03:12.0340 PM,0
20. INIT,QUERY_SFC_WRITE_SYSCFG_1,SFCSupport,getAttributes-5,PASS,,,,,,,,,Jan 14 2020 8:03:12.0350 PM,Jan 14 2020 8:03:12.0390 PM,.0038
20. INIT,QUERY_SFC_WRITE_SYSCFG_1,crowndmin,,PASS,,,,,,,,,Jan 14 2020 8:03:12.0400 PM,Jan 14 2020 8:03:12.0400 PM,0
20. INIT,QUERY_SFC_WRITE_SYSCFG_1,SFCSupport,getAttributes-6,PASS,,,,,,,,,Jan 14 2020 8:03:12.0410 PM,Jan 14 2020 8:03:12.0430 PM,.0026
20. INIT,QUERY_SFC_WRITE_SYSCFG_1,lisadmin,,PASS,,,,,,,,,Jan 14 2020 8:03:12.0440 PM,Jan 14 2020 8:03:12.0440 PM,0
20. INIT,QUERY_SFC_WRITE_SYSCFG_1,SFCSupport,getAttributes-7,PASS,,,,,,,,,Jan 14 2020 8:03:12.0450 PM,Jan 14 2020 8:03:12.0480 PM,.0034
20. INIT,QUERY_SFC_WRITE_SYSCFG_1,housmaterialdmin,,PASS,,,,,,,,,Jan 14 2020 8:03:12.0490 PM,Jan 14 2020 8:03:12.0490 PM,0
20. INIT,QUERY_SFC_WRITE_SYSCFG_1,SFCSupport,getAttributes-8,PASS,,,,,,,,,Jan 14 2020 8:03:12.0500 PM,Jan 14 2020 8:03:12.0530 PM,.0029
20. INIT,QUERY_SFC_WRITE_SYSCFG_1,houscolordmin,,PASS,,,,,,,,,Jan 14 2020 8:03:12.0540 PM,Jan 14 2020 8:03:12.0540 PM,0
20. INIT,QUERY_SFC_WRITE_SYSCFG_1,SFCSupport,getAttributes-9,PASS,,,,,,,,,Jan 14 2020 8:03:12.0550 PM,Jan 14 2020 8:03:12.0590 PM,.0035
20. INIT,QUERY_SFC_WRITE_SYSCFG_1,backcrystalmaterialdmin,,PASS,,,,,,,,,Jan 14 2020 8:03:12.0590 PM,Jan 14 2020 8:03:12.0590 PM,0
20. INIT,QUERY_SFC_WRITE_SYSCFG_1,SFCSupport,getAttributes-10,PASS,,,,,,,,,Jan 14 2020 8:03:12.0600 PM,Jan 14 2020 8:03:12.0640 PM,.0031
20. INIT,QUERY_SFC_WRITE_SYSCFG_1,backcrystalcolordmin,,PASS,,,,,,,,,Jan 14 2020 8:03:12.0640 PM,Jan 14 2020 8:03:12.0640 PM,0
20. INIT,QUERY_SFC_WRITE_SYSCFG_1,Get BART type,,PASS,,,,,,,,,Jan 14 2020 8:03:12.0670 PM,Jan 14 2020 8:03:12.0670 PM,0
20. INIT,QUERY_SFC_WRITE_SYSCFG_1,Get BART type - ICT,,PASS,,,,,,,,,Jan 14 2020 8:03:12.0680 PM,Jan 14 2020 8:03:12.0680 PM,0
20. INIT,QUERY_SFC_WRITE_SYSCFG_1,Get Lisa Dmin,,PASS,,,,,,,,,Jan 14 2020 8:03:12.0680 PM,Jan 14 2020 8:03:12.0680 PM,0
20. INIT,QUERY_SFC_WRITE_SYSCFG_1,Append string:lisadmin to crowndmin,,PASS,,,,,,,,,Jan 14 2020 8:03:12.0680 PM,Jan 14 2020 8:03:12.0680 PM,0
20. INIT,QUERY_SFC_WRITE_SYSCFG_1,Write LsBT,[EFIDut] syscfg add LsBT 0x001002A5 0x00000005 0x00000002 0x00000000,PASS,,,,,,,,,Jan 14 2020 8:03:12.0720 PM,Jan 14 2020 8:03:12.1460 PM,.0739
20. INIT,QUERY_SFC_WRITE_SYSCFG_1,Read LsBT,[EFIDut] syscfg print LsBT,PASS,,,,,,,,,Jan 14 2020 8:03:12.1490 PM,Jan 14 2020 8:03:12.1940 PM,.0445
20. INIT,QUERY_SFC_WRITE_SYSCFG_1,LsBT,,PASS,,,,,,,,,Jan 14 2020 8:03:12.1970 PM,Jan 14 2020 8:03:12.1970 PM,0
20. INIT,QUERY_SFC_WRITE_SYSCFG_1,EnMt,,PASS,,,,,,,,,Jan 14 2020 8:03:12.2000 PM,Jan 14 2020 8:03:12.2000 PM,0
20. INIT,QUERY_SFC_WRITE_SYSCFG_1,Write EnMt,[EFIDut] syscfg add EnMt 0x00000001 0x00000000 0x00000000 0x00000001,PASS,,,,,,,,,Jan 14 2020 8:03:12.2030 PM,Jan 14 2020 8:03:12.4010 PM,.1987
20. INIT,QUERY_SFC_WRITE_SYSCFG_1,Read EnMt,[EFIDut] syscfg print EnMt,PASS,,,,,,,,,Jan 14 2020 8:03:12.4050 PM,Jan 14 2020 8:03:12.4490 PM,.0442
20. INIT,QUERY_SFC_WRITE_SYSCFG_1,ENMT_SYSCFG_VALUE,,PASS,,,,,,,,,Jan 14 2020 8:03:12.4530 PM,Jan 14 2020 8:03:12.4530 PM,0
20. INIT,QUERY_SFC_WRITE_SYSCFG_1,ENMT_SYSCFG_VALUE_Compare,,PASS,,,,,,,,,Jan 14 2020 8:03:12.4550 PM,Jan 14 2020 8:03:12.4550 PM,0
20. INIT,QUERY_SFC_WRITE_SYSCFG_1,CLHS,,PASS,,,,,,,,,Jan 14 2020 8:03:12.4580 PM,Jan 14 2020 8:03:12.4580 PM,0
20. INIT,QUERY_SFC_WRITE_SYSCFG_1,Write CLHS,[EFIDut] syscfg add CLHS 0x00000001 0x00000000 0x00000000 0x00000002,PASS,,,,,,,,,Jan 14 2020 8:03:12.4610 PM,Jan 14 2020 8:03:12.6570 PM,.1959
20. INIT,QUERY_SFC_WRITE_SYSCFG_1,Read CLHS,[EFIDut] syscfg print CLHS,PASS,,,,,,,,,Jan 14 2020 8:03:12.6610 PM,Jan 14 2020 8:03:12.7100 PM,.0492
20. INIT,QUERY_SFC_WRITE_SYSCFG_1,CLHS_SYSCFG_VALUE,,PASS,,,,,,,,,Jan 14 2020 8:03:12.7140 PM,Jan 14 2020 8:03:12.7140 PM,0
20. INIT,QUERY_SFC_WRITE_SYSCFG_1,CLHS_SYSCFG_VALUE_Compare,,PASS,,,,,,,,,Jan 14 2020 8:03:12.7160 PM,Jan 14 2020 8:03:12.7160 PM,0
20. INIT,QUERY_SFC_WRITE_SYSCFG_1,SFCSupport,getAttributes-11,PASS,,,,,,,,,Jan 14 2020 8:03:12.7190 PM,Jan 14 2020 8:03:12.7230 PM,.0033
20. INIT,QUERY_SFC_WRITE_SYSCFG_1,BGMt,,PASS,,,,,,,,,Jan 14 2020 8:03:12.7240 PM,Jan 14 2020 8:03:12.7240 PM,0
20. INIT,QUERY_SFC_WRITE_SYSCFG_1,Write BGMt,[EFIDut] syscfg add BGMt 0x00000001 0x00000000 0x00000000 0x00000001,PASS,,,,,,,,,Jan 14 2020 8:03:12.7270 PM,Jan 14 2020 8:03:12.9020 PM,.1747
20. INIT,QUERY_SFC_WRITE_SYSCFG_1,Read BGMt,[EFIDut] syscfg print BGMt,PASS,,,,,,,,,Jan 14 2020 8:03:12.9060 PM,Jan 14 2020 8:03:12.9500 PM,.044
20. INIT,QUERY_SFC_WRITE_SYSCFG_1,BGMT_SYSCFG_VALUE,,PASS,,,,,,,,,Jan 14 2020 8:03:12.9530 PM,Jan 14 2020 8:03:12.9530 PM,0
20. INIT,QUERY_SFC_WRITE_SYSCFG_1,BGMT_SYSCFG_VALUE_Compare,,PASS,,,,,,,,,Jan 14 2020 8:03:12.9560 PM,Jan 14 2020 8:03:12.9560 PM,0
20. INIT,QUERY_SFC_WRITE_SYSCFG_1,CLBG,,PASS,,,,,,,,,Jan 14 2020 8:03:12.9610 PM,Jan 14 2020 8:03:12.9610 PM,0
20. INIT,QUERY_SFC_WRITE_SYSCFG_1,Write CLBG,[EFIDut] syscfg add CLBG 0x00000001 0x00000000 0x00000000 0x00000001,PASS,,,,,,,,,Jan 14 2020 8:03:12.9640 PM,Jan 14 2020 8:03:13.0460 PM,.0814
20. INIT,QUERY_SFC_WRITE_SYSCFG_1,Read CLBG,[EFIDut] syscfg print CLBG,PASS,,,,,,,,,Jan 14 2020 8:03:13.0500 PM,Jan 14 2020 8:03:13.0940 PM,.0441
20. INIT,QUERY_SFC_WRITE_SYSCFG_1,CLBG_SYSCFG_VALUE,,PASS,,,,,,,,,Jan 14 2020 8:03:13.0970 PM,Jan 14 2020 8:03:13.0970 PM,0
20. INIT,QUERY_SFC_WRITE_SYSCFG_1,CLBG_SYSCFG_VALUE_Compare,,PASS,,,,,,,,,Jan 14 2020 8:03:13.1000 PM,Jan 14 2020 8:03:13.1000 PM,0
20. INIT,QUERY_SFC_WRITE_SYSCFG_1,Read CCal,[EFIDut] syscfg print CCal,PASS,,,,,,,,,Jan 14 2020 8:03:13.1030 PM,Jan 14 2020 8:03:13.1590 PM,.0558
20. INIT,QUERY_SFC_WRITE_SYSCFG_1,CCAL,,PASS,,,,,,,,,Jan 14 2020 8:03:13.1620 PM,Jan 14 2020 8:03:13.1620 PM,0
20. INIT,QUERY_SFC_WRITE_SYSCFG_1,Write PRSq,[EFIDut] syscfg add PRSq 0x01050001,PASS,,,,,,,,,Jan 14 2020 8:03:13.1650 PM,Jan 14 2020 8:03:13.2070 PM,.0414
20. INIT,QUERY_SFC_WRITE_SYSCFG_1,Read PRSq,[EFIDut] syscfg print PRSq,PASS,,,,,,,,,Jan 14 2020 8:03:13.2100 PM,Jan 14 2020 8:03:13.2520 PM,.0424
20. INIT,QUERY_SFC_WRITE_SYSCFG_1,PRSq,,PASS,,,,,,,,,Jan 14 2020 8:03:13.2560 PM,Jan 14 2020 8:03:13.2560 PM,0
21. FIXTURE,,,,,,,,,,,,,Jan 14 2020 8:03:13.2600 PM,Jan 14 2020 8:03:16.0000 PM,2.7393
21. FIXTURE,LISA_INIT,Crown on,[Fixture] Crown on,PASS,,,,,,,,,Jan 14 2020 8:03:13.2630 PM,Jan 14 2020 8:03:15.9990 PM,2.7354
22. TRISTAR,,,,,,,,,,,,,Jan 14 2020 8:03:16.0020 PM,Jan 14 2020 8:03:17.6250 PM,1.6232
22. TRISTAR,TRISTAR,EFIDut,close,PASS,,,,,,,,,Jan 14 2020 8:03:16.0040 PM,Jan 14 2020 8:03:16.0050 PM,.0004
22. TRISTAR,TRISTAR,FileParser,JsonParsing,PASS,,,,,,,,,Jan 14 2020 8:03:16.0080 PM,Jan 14 2020 8:03:16.0090 PM,.0006
22. TRISTAR,TRISTAR,EZLink,,PASS,,1,NA,,,,,,Jan 14 2020 8:03:16.0120 PM,Jan 14 2020 8:03:16.0120 PM,0
22. TRISTAR,TRISTAR,EZLink1,EZLink,PASS,,,,,,,,,Jan 14 2020 8:03:16.0120 PM,Jan 14 2020 8:03:17.2760 PM,1.2642
22. TRISTAR,TRISTAR,Tristar Provision,,PASS,,,,,,,,,Jan 14 2020 8:03:17.2780 PM,Jan 14 2020 8:03:17.2780 PM,0
22. TRISTAR,TRISTAR,EFIDut,open,PASS,,,,,,,,,Jan 14 2020 8:03:17.2820 PM,Jan 14 2020 8:03:17.3400 PM,.0583
22. TRISTAR,TRISTAR,Tristar ESN,[EFIDut] tristar --esn,PASS,,,,,,,,,Jan 14 2020 8:03:17.3430 PM,Jan 14 2020 8:03:17.5780 PM,.235
22. TRISTAR,TRISTAR,TRISTAR_ESN,,PASS,,,,,,,,,Jan 14 2020 8:03:17.5820 PM,Jan 14 2020 8:03:17.5820 PM,0
22. TRISTAR,TRISTAR,clear the debug interrupt,[EFIDut] tristar -r '0x0d',PASS,,,,,,,,,Jan 14 2020 8:03:17.5850 PM,Jan 14 2020 8:03:17.6230 PM,.0385
23. LISA,,,,,,,,,,,,,Jan 14 2020 8:03:17.6270 PM,Jan 14 2020 8:03:18.6380 PM,1.0109
23. LISA,LISA_INIT-2,Initialize Bonn,[EFIDut] sensor --sel lisa --init,PASS,,,,,,,,,Jan 14 2020 8:03:17.6290 PM,Jan 14 2020 8:03:17.6820 PM,.053
23. LISA,LISA_INIT-2,SENSOR_LISA_INIT_STATUS,,PASS,,,,,,,,,Jan 14 2020 8:03:17.6860 PM,Jan 14 2020 8:03:17.6860 PM,0
23. LISA,LISA_INIT-2,Get lisa Info,[EFIDut] sensor --sel lisa -g,PASS,,,,,,,,,Jan 14 2020 8:03:17.6890 PM,Jan 14 2020 8:03:17.8420 PM,.1535
23. LISA,LISA_INIT-2,RTP_FW,,PASS,,,,,,,,,Jan 14 2020 8:03:17.8450 PM,Jan 14 2020 8:03:17.8450 PM,0
23. LISA,LISA_INIT-2,Set Lisa to HW Mode,[EFIDut] sensor --sel lisa --set hw-mode true,PASS,,,,,,,,,Jan 14 2020 8:03:17.8480 PM,Jan 14 2020 8:03:17.8890 PM,.0405
23. LISA,LISA_INIT-2,Bonn Chip ID,[EFIDut] sensorreg --sel lisa --read 0x00,PASS,,,,,,,,,Jan 14 2020 8:03:17.8930 PM,Jan 14 2020 8:03:17.9340 PM,.0414
23. LISA,LISA_INIT-2,SENSOR_LISA_BONN_CHIP_ID,,PASS,,169,NA,,,,,NA,Jan 14 2020 8:03:17.9380 PM,Jan 14 2020 8:03:17.9380 PM,0
23. LISA,LISA_INIT-2,Bonn Connectivity Test,[EFIDut] sensor --sel lisa --conntest,PASS,,,,,,,,,Jan 14 2020 8:03:17.9400 PM,Jan 14 2020 8:03:17.9870 PM,.0462
23. LISA,LISA_INIT-2,SENSOR_LISA_CONNTEST_SPI,,PASS,,,,,,,,,Jan 14 2020 8:03:17.9900 PM,Jan 14 2020 8:03:17.9900 PM,0
23. LISA,LISA_INIT-2,SENSOR_LISA_CONNTEST_RST,,PASS,,,,,,,,,Jan 14 2020 8:03:17.9930 PM,Jan 14 2020 8:03:17.9930 PM,0
23. LISA,LISA_INIT-2,"Disable HW mode, also turns Bonn off.",[EFIDut] sensor --sel lisa --set hw-mode false,PASS,,,,,,,,,Jan 14 2020 8:03:17.9960 PM,Jan 14 2020 8:03:18.0420 PM,.0456
23. LISA,LISA_INIT-2,Lisa Selftest,[EFIDut] sensor --sel lisa --exectest selftest,PASS,,,,,,,,,Jan 14 2020 8:03:18.0450 PM,Jan 14 2020 8:03:18.0880 PM,.0427
23. LISA,LISA_INIT-2,SENSOR_LISA_SELFTEST_STATUS,,PASS,,,,,,,,,Jan 14 2020 8:03:18.0920 PM,Jan 14 2020 8:03:18.0920 PM,0
23. LISA,LISA_INIT-2,Turn off Lisa,[EFIDut] sensor --sel lisa --turnoff,PASS,,,,,,,,,Jan 14 2020 8:03:18.0950 PM,Jan 14 2020 8:03:18.1360 PM,.041
23. LISA,LISA_INIT-2,Run Smokey script for Lisa,"[EFIDut] smokeyshell -r;smokeyshell -f ""nandfs:\AppleInternal\Diags\Logs\Smokey\Lisa\N140\Main.lua"" -e ""initLisa([[1.8]])""",PASS,,,,,,,,,Jan 14 2020 8:03:18.1420 PM,Jan 14 2020 8:03:18.6360 PM,.4946
24. FIXTURE,,,,,,,,,,,,,Jan 14 2020 8:03:18.6400 PM,Jan 14 2020 8:03:18.8620 PM,.2216
24. FIXTURE,LISA_FORWARD,Start crown rotating forward,[Fixture] Crown forward,PASS,,,,,,,,,Jan 14 2020 8:03:18.6430 PM,Jan 14 2020 8:03:18.8600 PM,.2178
25. LISA,,,,,,,,,,,,,Jan 14 2020 8:03:18.8630 PM,Jan 14 2020 8:03:25.3920 PM,6.5289
25. LISA,LISA_FORWARD-USBFS,Make folder,[EFIDut] wait 1500;mkdir nandfs:\AppleInternal\Lisa_data\,PASS,,,,,,,,,Jan 14 2020 8:03:18.8660 PM,Jan 14 2020 8:03:20.3940 PM,1.528
25. LISA,LISA_FORWARD-USBFS,Set the output log,[EFIDut] filelog --on nandfs:\AppleInternal\Lisa_data\DVPZM010P8KR_FORWARD_RAW.log,PASS,,,,,,,,,Jan 14 2020 8:03:20.3970 PM,Jan 14 2020 8:03:20.4500 PM,.0525
25. LISA,LISA_FORWARD-USBFS,Set consolerouter,[EFIDut] consolerouter --add --src lisa.debug.testdata --dest file,PASS,,,,,,,,,Jan 14 2020 8:03:20.4540 PM,Jan 14 2020 8:03:20.5030 PM,.0495
25. LISA,LISA_FORWARD-USBFS,Run Forward Lisa Smokey Script,"[EFIDut] smokeyshell -r;smokeyshell -f ""nandfs:\AppleInternal\Diags\Logs\Smokey\Lisa\N140\Main.lua"" -e ""startLisaTest([[FORWARD]],[[LOG]])""",PASS,,,,,,,,,Jan 14 2020 8:03:20.5070 PM,Jan 14 2020 8:03:24.3420 PM,3.8354
25. LISA,LISA_FORWARD-USBFS,LISA_FORWARD_PD0_LIGHT_MAX,,PASS,,2787,Counts,4000,0.01,,,Counts,Jan 14 2020 8:03:24.3480 PM,Jan 14 2020 8:03:24.3480 PM,0
25. LISA,LISA_FORWARD-USBFS,LISA_FORWARD_PD1_LIGHT_MAX,,PASS,,2965,Counts,4000,0.01,,,Counts,Jan 14 2020 8:03:24.3480 PM,Jan 14 2020 8:03:24.3480 PM,0
25. LISA,LISA_FORWARD-USBFS,LISA_FORWARD_PD2_LIGHT_MAX,,PASS,,3100,Counts,4000,0.01,,,Counts,Jan 14 2020 8:03:24.3490 PM,Jan 14 2020 8:03:24.3490 PM,0
25. LISA,LISA_FORWARD-USBFS,LISA_FORWARD_PD3_LIGHT_MAX,,PASS,,3206,Counts,4000,0.01,,,Counts,Jan 14 2020 8:03:24.3490 PM,Jan 14 2020 8:03:24.3490 PM,0
25. LISA,LISA_FORWARD-USBFS,LISA_FORWARD_PD4_LIGHT_MAX,,PASS,,3233,Counts,4000,0.01,,,Counts,Jan 14 2020 8:03:24.3490 PM,Jan 14 2020 8:03:24.3490 PM,0
25. LISA,LISA_FORWARD-USBFS,LISA_FORWARD_PD5_LIGHT_MAX,,PASS,,3196,Counts,4000,0.01,,,Counts,Jan 14 2020 8:03:24.3490 PM,Jan 14 2020 8:03:24.3490 PM,0
25. LISA,LISA_FORWARD-USBFS,LISA_FORWARD_PD6_LIGHT_MAX,,PASS,,3083,Counts,4000,0.01,,,Counts,Jan 14 2020 8:03:24.3490 PM,Jan 14 2020 8:03:24.3490 PM,0
25. LISA,LISA_FORWARD-USBFS,LISA_FORWARD_PD7_LIGHT_MAX,,PASS,,2963,Counts,4000,0.01,,,Counts,Jan 14 2020 8:03:24.3500 PM,Jan 14 2020 8:03:24.3500 PM,0
25. LISA,LISA_FORWARD-USBFS,LISA_FORWARD_PD0_SPAN,,PASS,,2502,Counts,3500,500,,,Counts,Jan 14 2020 8:03:24.3500 PM,Jan 14 2020 8:03:24.3500 PM,0
25. LISA,LISA_FORWARD-USBFS,LISA_FORWARD_PD1_SPAN,,PASS,,2650,Counts,3500,500,,,Counts,Jan 14 2020 8:03:24.3500 PM,Jan 14 2020 8:03:24.3500 PM,0
25. LISA,LISA_FORWARD-USBFS,LISA_FORWARD_PD2_SPAN,,PASS,,2760,Counts,3500,500,,,Counts,Jan 14 2020 8:03:24.3500 PM,Jan 14 2020 8:03:24.3500 PM,0
25. LISA,LISA_FORWARD-USBFS,LISA_FORWARD_PD3_SPAN,,PASS,,2850,Counts,3500,500,,,Counts,Jan 14 2020 8:03:24.3500 PM,Jan 14 2020 8:03:24.3500 PM,0
25. LISA,LISA_FORWARD-USBFS,LISA_FORWARD_PD4_SPAN,,PASS,,2886,Counts,3500,500,,,Counts,Jan 14 2020 8:03:24.3510 PM,Jan 14 2020 8:03:24.3510 PM,0
25. LISA,LISA_FORWARD-USBFS,LISA_FORWARD_PD5_SPAN,,PASS,,2840,Counts,3500,500,,,Counts,Jan 14 2020 8:03:24.3510 PM,Jan 14 2020 8:03:24.3510 PM,0
25. LISA,LISA_FORWARD-USBFS,LISA_FORWARD_PD6_SPAN,,PASS,,2750,Counts,3500,500,,,Counts,Jan 14 2020 8:03:24.3510 PM,Jan 14 2020 8:03:24.3510 PM,0
25. LISA,LISA_FORWARD-USBFS,LISA_FORWARD_PD7_SPAN,,PASS,,2646,Counts,3500,500,,,Counts,Jan 14 2020 8:03:24.3510 PM,Jan 14 2020 8:03:24.3510 PM,0
25. LISA,LISA_FORWARD-USBFS,LISA_FORWARD_PD_SPAN_MAX,,PASS,,2886,NA,,,,,NA,Jan 14 2020 8:03:24.3520 PM,Jan 14 2020 8:03:24.3520 PM,0
25. LISA,LISA_FORWARD-USBFS,LISA_FORWARD_PD_SPAN_MIN,,PASS,,2502,NA,,,,,NA,Jan 14 2020 8:03:24.3520 PM,Jan 14 2020 8:03:24.3520 PM,0
25. LISA,LISA_FORWARD-USBFS,LISA_FORWARD_SPAN_RATIO,,PASS,,0.8669438669438669,NA,,0.6,,,NA,Jan 14 2020 8:03:24.3520 PM,Jan 14 2020 8:03:24.3520 PM,0
25. LISA,LISA_FORWARD-USBFS,LISA_FORWARD_PD0_DARK_PEAK2PEAK,,PASS,,10,Counts,54,0.01,,,Counts,Jan 14 2020 8:03:24.3520 PM,Jan 14 2020 8:03:24.3520 PM,0
25. LISA,LISA_FORWARD-USBFS,LISA_FORWARD_PD1_DARK_PEAK2PEAK,,PASS,,11,Counts,54,0.01,,,Counts,Jan 14 2020 8:03:24.3520 PM,Jan 14 2020 8:03:24.3520 PM,0
25. LISA,LISA_FORWARD-USBFS,LISA_FORWARD_PD2_DARK_PEAK2PEAK,,PASS,,10,Counts,54,0.01,,,Counts,Jan 14 2020 8:03:24.3530 PM,Jan 14 2020 8:03:24.3530 PM,0
25. LISA,LISA_FORWARD-USBFS,LISA_FORWARD_PD3_DARK_PEAK2PEAK,,PASS,,10,Counts,54,0.01,,,Counts,Jan 14 2020 8:03:24.3530 PM,Jan 14 2020 8:03:24.3530 PM,0
25. LISA,LISA_FORWARD-USBFS,LISA_FORWARD_PD4_DARK_PEAK2PEAK,,PASS,,10,Counts,54,0.01,,,Counts,Jan 14 2020 8:03:24.3530 PM,Jan 14 2020 8:03:24.3530 PM,0
25. LISA,LISA_FORWARD-USBFS,LISA_FORWARD_PD5_DARK_PEAK2PEAK,,PASS,,11,Counts,54,0.01,,,Counts,Jan 14 2020 8:03:24.3530 PM,Jan 14 2020 8:03:24.3530 PM,0
25. LISA,LISA_FORWARD-USBFS,LISA_FORWARD_PD6_DARK_PEAK2PEAK,,PASS,,11,Counts,54,0.01,,,Counts,Jan 14 2020 8:03:24.3540 PM,Jan 14 2020 8:03:24.3540 PM,0
25. LISA,LISA_FORWARD-USBFS,LISA_FORWARD_PD7_DARK_PEAK2PEAK,,PASS,,10,Counts,54,0.01,,,Counts,Jan 14 2020 8:03:24.3540 PM,Jan 14 2020 8:03:24.3540 PM,0
25. LISA,LISA_FORWARD-USBFS,LISA_FORWARD_PD0_LIGHT_PEAK2PEAK,,PASS,,2499,Counts,4000,0.01,,,Counts,Jan 14 2020 8:03:24.3540 PM,Jan 14 2020 8:03:24.3540 PM,0
25. LISA,LISA_FORWARD-USBFS,LISA_FORWARD_PD1_LIGHT_PEAK2PEAK,,PASS,,2649,Counts,4000,0.01,,,Counts,Jan 14 2020 8:03:24.3540 PM,Jan 14 2020 8:03:24.3540 PM,0
25. LISA,LISA_FORWARD-USBFS,LISA_FORWARD_PD2_LIGHT_PEAK2PEAK,,PASS,,2761,Counts,4000,0.01,,,Counts,Jan 14 2020 8:03:24.3540 PM,Jan 14 2020 8:03:24.3540 PM,0
25. LISA,LISA_FORWARD-USBFS,LISA_FORWARD_PD3_LIGHT_PEAK2PEAK,,PASS,,2848,Counts,4000,0.01,,,Counts,Jan 14 2020 8:03:24.3550 PM,Jan 14 2020 8:03:24.3550 PM,0
25. LISA,LISA_FORWARD-USBFS,LISA_FORWARD_PD4_LIGHT_PEAK2PEAK,,PASS,,2886,Counts,4000,0.01,,,Counts,Jan 14 2020 8:03:24.3550 PM,Jan 14 2020 8:03:24.3550 PM,0
25. LISA,LISA_FORWARD-USBFS,LISA_FORWARD_PD5_LIGHT_PEAK2PEAK,,PASS,,2839,Counts,4000,0.01,,,Counts,Jan 14 2020 8:03:24.3550 PM,Jan 14 2020 8:03:24.3550 PM,0
25. LISA,LISA_FORWARD-USBFS,LISA_FORWARD_PD6_LIGHT_PEAK2PEAK,,PASS,,2747,Counts,4000,0.01,,,Counts,Jan 14 2020 8:03:24.3550 PM,Jan 14 2020 8:03:24.3550 PM,0
25. LISA,LISA_FORWARD-USBFS,LISA_FORWARD_PD7_LIGHT_PEAK2PEAK,,PASS,,2648,Counts,4000,0.01,,,Counts,Jan 14 2020 8:03:24.3550 PM,Jan 14 2020 8:03:24.3550 PM,0
25. LISA,LISA_FORWARD-USBFS,LISA_FORWARD_PD0_DARK_AVG,,PASS,,42.549,NA,200,0.1,,,NA,Jan 14 2020 8:03:24.3560 PM,Jan 14 2020 8:03:24.3560 PM,0
25. LISA,LISA_FORWARD-USBFS,LISA_FORWARD_PD1_DARK_AVG,,PASS,,50.24,NA,200,0.1,,,NA,Jan 14 2020 8:03:24.3560 PM,Jan 14 2020 8:03:24.3560 PM,0
25. LISA,LISA_FORWARD-USBFS,LISA_FORWARD_PD2_DARK_AVG,,PASS,,52.109,NA,200,0.1,,,NA,Jan 14 2020 8:03:24.3560 PM,Jan 14 2020 8:03:24.3560 PM,0
25. LISA,LISA_FORWARD-USBFS,LISA_FORWARD_PD3_DARK_AVG,,PASS,,61.42,NA,200,0.1,,,NA,Jan 14 2020 8:03:24.3560 PM,Jan 14 2020 8:03:24.3560 PM,0
25. LISA,LISA_FORWARD-USBFS,LISA_FORWARD_PD4_DARK_AVG,,PASS,,55.939,NA,200,0.1,,,NA,Jan 14 2020 8:03:24.3570 PM,Jan 14 2020 8:03:24.3570 PM,0
25. LISA,LISA_FORWARD-USBFS,LISA_FORWARD_PD5_DARK_AVG,,PASS,,70.18899999999999,NA,200,0.1,,,NA,Jan 14 2020 8:03:24.3570 PM,Jan 14 2020 8:03:24.3570 PM,0
25. LISA,LISA_FORWARD-USBFS,LISA_FORWARD_PD6_DARK_AVG,,PASS,,56.66,NA,200,0.1,,,NA,Jan 14 2020 8:03:24.3570 PM,Jan 14 2020 8:03:24.3570 PM,0
25. LISA,LISA_FORWARD-USBFS,LISA_FORWARD_PD7_DARK_AVG,,PASS,,43.71,NA,200,0.1,,,NA,Jan 14 2020 8:03:24.3570 PM,Jan 14 2020 8:03:24.3570 PM,0
25. LISA,LISA_FORWARD-USBFS,LISA_FORWARD_PD0_DARK_STD,,PASS,,1.29,Counts,10,0.01,,,Counts,Jan 14 2020 8:03:24.3570 PM,Jan 14 2020 8:03:24.3570 PM,0
25. LISA,LISA_FORWARD-USBFS,LISA_FORWARD_PD1_DARK_STD,,PASS,,1.37,Counts,10,0.01,,,Counts,Jan 14 2020 8:03:24.3580 PM,Jan 14 2020 8:03:24.3580 PM,0
25. LISA,LISA_FORWARD-USBFS,LISA_FORWARD_PD2_DARK_STD,,PASS,,1.38,Counts,10,0.01,,,Counts,Jan 14 2020 8:03:24.3580 PM,Jan 14 2020 8:03:24.3580 PM,0
25. LISA,LISA_FORWARD-USBFS,LISA_FORWARD_PD3_DARK_STD,,PASS,,1.37,Counts,10,0.01,,,Counts,Jan 14 2020 8:03:24.3580 PM,Jan 14 2020 8:03:24.3580 PM,0
25. LISA,LISA_FORWARD-USBFS,LISA_FORWARD_PD4_DARK_STD,,PASS,,1.35,Counts,10,0.01,,,Counts,Jan 14 2020 8:03:24.3580 PM,Jan 14 2020 8:03:24.3580 PM,0
25. LISA,LISA_FORWARD-USBFS,LISA_FORWARD_PD5_DARK_STD,,PASS,,1.38,Counts,10,0.01,,,Counts,Jan 14 2020 8:03:24.3580 PM,Jan 14 2020 8:03:24.3580 PM,0
25. LISA,LISA_FORWARD-USBFS,LISA_FORWARD_PD6_DARK_STD,,PASS,,1.32,Counts,10,0.01,,,Counts,Jan 14 2020 8:03:24.3590 PM,Jan 14 2020 8:03:24.3590 PM,0
25. LISA,LISA_FORWARD-USBFS,LISA_FORWARD_PD7_DARK_STD,,PASS,,1.37,Counts,10,0.01,,,Counts,Jan 14 2020 8:03:24.3590 PM,Jan 14 2020 8:03:24.3590 PM,0
25. LISA,LISA_FORWARD-USBFS,LISA_FORWARD_DRX,,PASS,,1.353,NA,3.08,1,,,NA,Jan 14 2020 8:03:24.3590 PM,Jan 14 2020 8:03:24.3590 PM,0
25. LISA,LISA_FORWARD-USBFS,Disable Lisa,"[EFIDut] smokeyshell -r;smokeyshell -f ""nandfs:\AppleInternal\Diags\Logs\Smokey\Lisa\N140\Main.lua"" -e ""DisableLisa()""",PASS,,,,,,,,,Jan 14 2020 8:03:24.3620 PM,Jan 14 2020 8:03:24.5420 PM,.1801
25. LISA,LISA_FORWARD-USBFS,Disable Lisa,[EFIDut] filelog --off,PASS,,,,,,,,,Jan 14 2020 8:03:24.5480 PM,Jan 14 2020 8:03:24.5900 PM,.0425
25. LISA,LISA_FORWARD-USBFS,Disable Lisa,[EFIDut] consolerouter --rm --src lisa.debug.testdata --dest file,PASS,,,,,,,,,Jan 14 2020 8:03:24.5940 PM,Jan 14 2020 8:03:24.6330 PM,.0391
25. LISA,LISA_FORWARD-USBFS,Stop crown rorating,[Fixture] Crown Stop,PASS,,,,,,,,,Jan 14 2020 8:03:24.6370 PM,Jan 14 2020 8:03:24.6470 PM,.0108
25. LISA,LISA_FORWARD-USBFS,Init Usbfs,[EFIDut] usbfs --mount,PASS,,,,,,,,,Jan 14 2020 8:03:24.6510 PM,Jan 14 2020 8:03:25.2540 PM,.6031
25. LISA,LISA_FORWARD-USBFS,Copy file to local,[EFIDut] cp -r nandfs:\AppleInternal\Lisa_data\ usbfs:\,PASS,,,,,,,,,Jan 14 2020 8:03:25.2580 PM,Jan 14 2020 8:03:25.3500 PM,.0922
25. LISA,LISA_FORWARD-USBFS,Disable Usbfs,[EFIDut] usbfs --unmount,PASS,,,,,,,,,Jan 14 2020 8:03:25.3540 PM,Jan 14 2020 8:03:25.3820 PM,.0283
25. LISA,LISA_FORWARD-USBFS,Put Data into Insight upload list,,PASS,,,,,,,,,Jan 14 2020 8:03:25.3910 PM,Jan 14 2020 8:03:25.3910 PM,0
26. POWER,,,,,,,,,,,,,Jan 14 2020 8:03:25.3990 PM,Jan 14 2020 8:03:25.5160 PM,.117
26. POWER,INIT_PMU_READ,Read PMU ADC Values,[EFIDut] pmuadc --read temp2,PASS,,,,,,,,,Jan 14 2020 8:03:25.4020 PM,Jan 14 2020 8:03:25.4620 PM,.0598
26. POWER,INIT_PMU_READ,PMUADC_TEMP_NTC2,,PASS,,10140.9348,NA,15000,3300,,,NA,Jan 14 2020 8:03:25.4660 PM,Jan 14 2020 8:03:25.4660 PM,0
26. POWER,INIT_PMU_READ,Read PMU ADC Values,[EFIDut] pmuadc --read temp4,PASS,,,,,,,,,Jan 14 2020 8:03:25.4690 PM,Jan 14 2020 8:03:25.5100 PM,.0405
26. POWER,INIT_PMU_READ,PMUADC_TEMP_NTC4,,PASS,,10411.2796,NA,15000,3300,,,NA,Jan 14 2020 8:03:25.5160 PM,Jan 14 2020 8:03:25.5160 PM,0
27. IMU,,,,,,,,,,,,,Jan 14 2020 8:03:25.5180 PM,Jan 14 2020 8:03:25.5710 PM,.0525
27. IMU,SET_BUBO_PFM,Set SYSTEM_TO_PMU_REQUEST_PWM to low,[EFIDut] socgpio --port 1 --pin 95 --input --nopull; socgpio --port 1 --pin 86 --input --nopull,PASS,,,,,,,,,Jan 14 2020 8:03:25.5210 PM,Jan 14 2020 8:03:25.5700 PM,.0488
28. IMU,,,,,,,,,,,,,Jan 14 2020 8:03:25.5720 PM,Jan 14 2020 8:03:25.8760 PM,.3039
28. IMU,Kobol_INIT,Init Kobol,"[EFIDut] sensor --sel accel,gyro --init",PASS,,,,,,,,,Jan 14 2020 8:03:25.5760 PM,Jan 14 2020 8:03:25.8730 PM,.2968
28. IMU,Kobol_INIT,IMU_INIT_STATUS,,PASS,,,,,,,,,Jan 14 2020 8:03:25.8760 PM,Jan 14 2020 8:03:25.8760 PM,0
29. IMU,,,,,,,,,,,,,Jan 14 2020 8:03:25.8780 PM,Jan 14 2020 8:03:25.9420 PM,.0634
29. IMU,IMU_ACCEL_ID,IMU Accel ID Information,[EFIDut] sensor --sel accel --get,PASS,,,,,,,,,Jan 14 2020 8:03:25.8810 PM,Jan 14 2020 8:03:25.9370 PM,.0564
29. IMU,IMU_ACCEL_ID,ACCEL_MANU_ID,,PASS,,,,,,,,,Jan 14 2020 8:03:25.9410 PM,Jan 14 2020 8:03:25.9410 PM,0
30. IMU,,,,,,,,,,,,,Jan 14 2020 8:03:25.9460 PM,Jan 14 2020 8:03:26.0410 PM,.0948
30. IMU,Kobol_ACCEL_ID,Evaluate condition: IMU_MANU_ID CONTAINS '0x00E4',,PASS,,,,,,,,,Jan 14 2020 8:03:25.9480 PM,Jan 14 2020 8:03:25.9480 PM,.0001
30. IMU,Kobol_ACCEL_ID,Kobol Accel ID Information,[EFIDut] sensor --sel accel --get,PASS,,,,,,,,,Jan 14 2020 8:03:25.9520 PM,Jan 14 2020 8:03:26.0130 PM,.0602
30. IMU,Kobol_ACCEL_ID,Evaluate condition: IMU_MANU_ID CONTAINS '0x00E4'-2,,PASS,,,,,,,,,Jan 14 2020 8:03:26.0150 PM,Jan 14 2020 8:03:26.0150 PM,.0001
30. IMU,Kobol_ACCEL_ID,IMU_MANU_ID,,PASS,,,,,,,,,Jan 14 2020 8:03:26.0180 PM,Jan 14 2020 8:03:26.0180 PM,0
30. IMU,Kobol_ACCEL_ID,Evaluate condition: IMU_MANU_ID CONTAINS '0x00E4'-3,,PASS,,,,,,,,,Jan 14 2020 8:03:26.0200 PM,Jan 14 2020 8:03:26.0200 PM,0
30. IMU,Kobol_ACCEL_ID,IMU_CHIP_ID,,PASS,,,,,,,,,Jan 14 2020 8:03:26.0240 PM,Jan 14 2020 8:03:26.0240 PM,0
30. IMU,Kobol_ACCEL_ID,Evaluate condition: IMU_MANU_ID CONTAINS '0x00E4'-4,,PASS,,,,,,,,,Jan 14 2020 8:03:26.0250 PM,Jan 14 2020 8:03:26.0250 PM,0
30. IMU,Kobol_ACCEL_ID,IMU_REV_ID,,PASS,,,,,,,,,Jan 14 2020 8:03:26.0290 PM,Jan 14 2020 8:03:26.0290 PM,0
30. IMU,Kobol_ACCEL_ID,Evaluate condition: IMU_MANU_ID CONTAINS '0x00E4'-5,,PASS,,,,,,,,,Jan 14 2020 8:03:26.0300 PM,Jan 14 2020 8:03:26.0300 PM,0
30. IMU,Kobol_ACCEL_ID,IMU_MEMS_ID,,PASS,,,,,,,,,Jan 14 2020 8:03:26.0340 PM,Jan 14 2020 8:03:26.0340 PM,0
30. IMU,Kobol_ACCEL_ID,Evaluate condition: IMU_MANU_ID CONTAINS '0x00E4'-6,,PASS,,,,,,,,,Jan 14 2020 8:03:26.0360 PM,Jan 14 2020 8:03:26.0360 PM,0
30. IMU,Kobol_ACCEL_ID,IMU_ASIC_ID,,PASS,,,,,,,,,Jan 14 2020 8:03:26.0400 PM,Jan 14 2020 8:03:26.0400 PM,0
31. IMU,,,,,,,,,,,,,Jan 14 2020 8:03:26.0440 PM,Jan 14 2020 8:03:26.3110 PM,.2672
31. IMU,Kobol_GYRO_DRIVE_FREQ_MEAS,Evaluate condition: IMU_MANU_ID CONTAINS '0x00E4',,PASS,,,,,,,,,Jan 14 2020 8:03:26.0460 PM,Jan 14 2020 8:03:26.0460 PM,0
31. IMU,Kobol_GYRO_DRIVE_FREQ_MEAS,Measure gyro drive frequency,[EFIDut] sensor -s gyro --exectest drive_freq_measurement,PASS,,,,,,,,,Jan 14 2020 8:03:26.0500 PM,Jan 14 2020 8:03:26.3000 PM,.2502
31. IMU,Kobol_GYRO_DRIVE_FREQ_MEAS,Evaluate condition: IMU_MANU_ID CONTAINS '0x00E4'-2,,PASS,,,,,,,,,Jan 14 2020 8:03:26.3020 PM,Jan 14 2020 8:03:26.3020 PM,0
31. IMU,Kobol_GYRO_DRIVE_FREQ_MEAS,GYRO_Drive_Freq_pos,,PASS,,25.19,NA,,,,,,Jan 14 2020 8:03:26.3060 PM,Jan 14 2020 8:03:26.3060 PM,0
31. IMU,Kobol_GYRO_DRIVE_FREQ_MEAS,Evaluate condition: IMU_MANU_ID CONTAINS '0x00E4'-3,,PASS,,,,,,,,,Jan 14 2020 8:03:26.3070 PM,Jan 14 2020 8:03:26.3070 PM,0
31. IMU,Kobol_GYRO_DRIVE_FREQ_MEAS,GYRO_Drive_Freq_vel,,PASS,,25.199999,NA,,,,,,Jan 14 2020 8:03:26.3110 PM,Jan 14 2020 8:03:26.3110 PM,0
32. IMU,,,,,,,,,,,,,Jan 14 2020 8:03:26.3130 PM,Jan 14 2020 8:03:26.3760 PM,.0631
32. IMU,IMU_Connectivity,Kobol Accel Connectivity,[EFIDut] sensor --sel accel --c,PASS,,,,,,,,,Jan 14 2020 8:03:26.3160 PM,Jan 14 2020 8:03:26.3700 PM,.0537
32. IMU,IMU_Connectivity,ACCEL_INT1_CONN_TEST,,PASS,,,,,,,,,Jan 14 2020 8:03:26.3730 PM,Jan 14 2020 8:03:26.3730 PM,0
32. IMU,IMU_Connectivity,ACCEL_INT2_CONN_TEST,,PASS,,,,,,,,,Jan 14 2020 8:03:26.3760 PM,Jan 14 2020 8:03:26.3760 PM,0
33. IMU,,,,,,,,,,,,,Jan 14 2020 8:03:26.3780 PM,Jan 14 2020 8:03:26.6750 PM,.2963
33. IMU,IMU_OFF,Turnoff IMU,"[EFIDut] sensor --sel accel,gyro --turnoff; wait 200",PASS,,,,,,,,,Jan 14 2020 8:03:26.3810 PM,Jan 14 2020 8:03:26.6740 PM,.2927
34. IMU,,,,,,,,,,,,,Jan 14 2020 8:03:26.6760 PM,Jan 14 2020 8:03:27.0870 PM,.4104
34. IMU,Kobol_ACCEL_SELFTEST,Init Accel,[EFIDut] sensor --sel accel --init,PASS,,,,,,,,,Jan 14 2020 8:03:26.6790 PM,Jan 14 2020 8:03:26.8300 PM,.1513
34. IMU,Kobol_ACCEL_SELFTEST,Kobol Accel Self Test,[EFIDut] sensor --sel accel --exectest selftest,PASS,,,,,,,,,Jan 14 2020 8:03:26.8340 PM,Jan 14 2020 8:03:27.0830 PM,.2489
34. IMU,Kobol_ACCEL_SELFTEST,Kobol_Accel_SelfTest,,PASS,,,,,,,,,Jan 14 2020 8:03:27.0860 PM,Jan 14 2020 8:03:27.0860 PM,0
35. IMU,,,,,,,,,,,,,Jan 14 2020 8:03:27.0880 PM,Jan 14 2020 8:03:29.0150 PM,1.9271
35. IMU,IMU_Combo_LPNM25_BUBO_PFM,Init accelerometer and gyro,"[EFIDut] sensor --sel accel,gyro --init",PASS,,,,,,,,,Jan 14 2020 8:03:27.0910 PM,Jan 14 2020 8:03:27.4030 PM,.3113
35. IMU,IMU_Combo_LPNM25_BUBO_PFM,Enter gyro low power mode,[EFIDut] socgpio --port 1 --pin 95 --input --nopull; socgpio --port 1 --pin 86 --input --nopull,PASS,,,,,,,,,Jan 14 2020 8:03:27.4060 PM,Jan 14 2020 8:03:27.4550 PM,.0493
35. IMU,IMU_Combo_LPNM25_BUBO_PFM,Evaluate condition: IMU_MANU_ID CONTAINS '0x00E4',,PASS,,,,,,,,,Jan 14 2020 8:03:27.4580 PM,Jan 14 2020 8:03:27.4580 PM,0
35. IMU,IMU_Combo_LPNM25_BUBO_PFM,Enter gyro low power mode,[EFIDut] sensor --sel gyro --set lpm true,PASS,,,,,,,,,Jan 14 2020 8:03:27.4610 PM,Jan 14 2020 8:03:27.5010 PM,.04
35. IMU,IMU_Combo_LPNM25_BUBO_PFM,Evaluate condition: IMU_MANU_ID CONTAINS '0x00E4'-2,,PASS,,,,,,,,,Jan 14 2020 8:03:27.5040 PM,Jan 14 2020 8:03:27.5040 PM,0
35. IMU,IMU_Combo_LPNM25_BUBO_PFM,Set gyro LPM duty cycle to 25 percent,[EFIDut] sensor --sel gyro --set lpm_duty_cycle 25,PASS,,,,,,,,,Jan 14 2020 8:03:27.5070 PM,Jan 14 2020 8:03:27.5480 PM,.041
35. IMU,IMU_Combo_LPNM25_BUBO_PFM,Evaluate condition: IMU_MANU_ID CONTAINS '0x00E4'-3,,PASS,,,,,,,,,Jan 14 2020 8:03:27.5510 PM,Jan 14 2020 8:03:27.5510 PM,0
35. IMU,IMU_Combo_LPNM25_BUBO_PFM,Set accel/gyro dynamic range to 32g/2000dps,[EFIDut] sensor --sel accel --set dynamic_range 32; sensor --sel gyro --set dynamic_range 2000,PASS,,,,,,,,,Jan 14 2020 8:03:27.5540 PM,Jan 14 2020 8:03:27.7120 PM,.158
35. IMU,IMU_Combo_LPNM25_BUBO_PFM,Evaluate condition: IMU_MANU_ID CONTAINS '0x00E4'-4,,PASS,,,,,,,,,Jan 14 2020 8:03:27.7150 PM,Jan 14 2020 8:03:27.7150 PM,0
35. IMU,IMU_Combo_LPNM25_BUBO_PFM,Set accel/gyro ODR to 800Hz,[EFIDut] sensor --sel accel --set rate 800; sensor --sel gyro --set rate 800,PASS,,,,,,,,,Jan 14 2020 8:03:27.7180 PM,Jan 14 2020 8:03:27.8660 PM,.1479
35. IMU,IMU_Combo_LPNM25_BUBO_PFM,Evaluate condition: IMU_MANU_ID CONTAINS '0x00E4'-5,,PASS,,,,,,,,,Jan 14 2020 8:03:27.8680 PM,Jan 14 2020 8:03:27.8680 PM,0
35. IMU,IMU_Combo_LPNM25_BUBO_PFM,Set accel/gyro BW to 50Hz/100Hz,[EFIDut] sensor --sel accel --set bw 50; sensor --sel gyro --set bw 100,PASS,,,,,,,,,Jan 14 2020 8:03:27.8720 PM,Jan 14 2020 8:03:28.0080 PM,.1357
35. IMU,IMU_Combo_LPNM25_BUBO_PFM,Evaluate condition: IMU_MANU_ID CONTAINS '0x00E4'-6,,PASS,,,,,,,,,Jan 14 2020 8:03:28.0100 PM,Jan 14 2020 8:03:28.0100 PM,0
35. IMU,IMU_Combo_LPNM25_BUBO_PFM,Set accel/gyro filter rolloff to -60dB/-20dB,[EFIDut] sensorreg --sel accel --write 0x19 0x00; sensorreg --sel gyro --write 0x1B 0x08,PASS,,,,,,,,,Jan 14 2020 8:03:28.0130 PM,Jan 14 2020 8:03:28.0700 PM,.0562
35. IMU,IMU_Combo_LPNM25_BUBO_PFM,"Evaluate condition: IMU_MANU_ID == ""null""",,PASS,,,,,,,,,Jan 14 2020 8:03:28.0720 PM,Jan 14 2020 8:03:28.0720 PM,0
35. IMU,IMU_Combo_LPNM25_BUBO_PFM,Set accel/gyro ODR to 200Hz,"Action[8]: EFIDut:sendCommand-Skip action because Condition not met-Condition: IMU_MANU_ID == ""null""",PASS,,,,,,,,,Jan 14 2020 8:03:28.0730 PM,Jan 14 2020 8:03:28.0730 PM,0
35. IMU,IMU_Combo_LPNM25_BUBO_PFM,Evaluate condition: ACCEL_LOT_INFO CONTAINS 'G6H948',,PASS,,,,,,,,,Jan 14 2020 8:03:28.0750 PM,Jan 14 2020 8:03:28.0750 PM,0
35. IMU,IMU_Combo_LPNM25_BUBO_PFM,Set accel/gyro dynamic range to 128g/2000dps,Action[9]: EFIDut:sendCommand-Skip action because Condition not met-Condition: ACCEL_LOT_INFO CONTAINS 'G6H948',PASS,,,,,,,,,Jan 14 2020 8:03:28.0760 PM,Jan 14 2020 8:03:28.0760 PM,0
35. IMU,IMU_Combo_LPNM25_BUBO_PFM,Evaluate condition: ACCEL_LOT_INFO CONTAINS 'G6H931',,PASS,,,,,,,,,Jan 14 2020 8:03:28.0770 PM,Jan 14 2020 8:03:28.0770 PM,0
35. IMU,IMU_Combo_LPNM25_BUBO_PFM,Set accel/gyro dynamic range to 16g/2000dps,Action[10]: EFIDut:sendCommand-Skip action because Condition not met-Condition: ACCEL_LOT_INFO CONTAINS 'G6H931',PASS,,,,,,,,,Jan 14 2020 8:03:28.0780 PM,Jan 14 2020 8:03:28.0780 PM,0
35. IMU,IMU_Combo_LPNM25_BUBO_PFM,"Evaluate condition: IMU_MANU_ID == ""null""-2",,PASS,,,,,,,,,Jan 14 2020 8:03:28.0790 PM,Jan 14 2020 8:03:28.0800 PM,0
35. IMU,IMU_Combo_LPNM25_BUBO_PFM,Set accel/gyro BW to 50Hz/100Hz,"Action[11]: EFIDut:sendCommand-Skip action because Condition not met-Condition: IMU_MANU_ID == ""null""",PASS,,,,,,,,,Jan 14 2020 8:03:28.0800 PM,Jan 14 2020 8:03:28.0800 PM,0
35. IMU,IMU_Combo_LPNM25_BUBO_PFM,"Evaluate condition: IMU_MANU_ID == ""null""-3",,PASS,,,,,,,,,Jan 14 2020 8:03:28.0820 PM,Jan 14 2020 8:03:28.0820 PM,0
35. IMU,IMU_Combo_LPNM25_BUBO_PFM,Set accel/gyro filter rolloff to -60dB/-20dB,"Action[12]: EFIDut:sendCommand-Skip action because Condition not met-Condition: IMU_MANU_ID == ""null""",PASS,,,,,,,,,Jan 14 2020 8:03:28.0830 PM,Jan 14 2020 8:03:28.0830 PM,0
35. IMU,IMU_Combo_LPNM25_BUBO_PFM,Enter BG quiesce,[EFIDut] event -s enter-bg-quiesce,PASS,,,,,,,,,Jan 14 2020 8:03:28.0860 PM,Jan 14 2020 8:03:28.1500 PM,.0637
35. IMU,IMU_Combo_LPNM25_BUBO_PFM,Collect 500ms of accelerometer and gyro data,"[EFIDut] sensor --sel accel,gyro --sample 500ms --stats --quiet",PASS,,,,,,,,,Jan 14 2020 8:03:28.1530 PM,Jan 14 2020 8:03:28.8130 PM,.66
35. IMU,IMU_Combo_LPNM25_BUBO_PFM,"Evaluate condition: IMU_MANU_ID == ""null""-4",,PASS,,,,,,,,,Jan 14 2020 8:03:28.8180 PM,Jan 14 2020 8:03:28.8180 PM,0
35. IMU,IMU_Combo_LPNM25_BUBO_PFM,IMU_Combo_LPNM25_BUBO_PFM,"Action[16]: Rush:setACCEL_2-Skip action because Condition not met-Condition: IMU_MANU_ID == ""null""",PASS,,,,,,,,,Jan 14 2020 8:03:28.8190 PM,Jan 14 2020 8:03:28.8190 PM,0
35. IMU,IMU_Combo_LPNM25_BUBO_PFM,Combo_LPNM25_PFM_onPUCK_accel_average_x,,PASS,,0.017332,g,0.118,-0.118,,,g,Jan 14 2020 8:03:28.8230 PM,Jan 14 2020 8:03:28.8230 PM,0
35. IMU,IMU_Combo_LPNM25_BUBO_PFM,Combo_LPNM25_PFM_onPUCK_accel_average_y,,PASS,,0.004096,g,0.118,-0.118,,,g,Jan 14 2020 8:03:28.8230 PM,Jan 14 2020 8:03:28.8230 PM,0
35. IMU,IMU_Combo_LPNM25_BUBO_PFM,Combo_LPNM25_PFM_onPUCK_accel_average_z,,PASS,,0.986803,g,1.118,0.882,,,g,Jan 14 2020 8:03:28.8230 PM,Jan 14 2020 8:03:28.8230 PM,0
35. IMU,IMU_Combo_LPNM25_BUBO_PFM,Combo_LPNM25_PFM_onPUCK_accel_stdev_x,,PASS,,0.000742,g-rms,0.05,1e-05,,,g-rms,Jan 14 2020 8:03:28.8230 PM,Jan 14 2020 8:03:28.8230 PM,0
35. IMU,IMU_Combo_LPNM25_BUBO_PFM,Combo_LPNM25_PFM_onPUCK_accel_stdev_y,,PASS,,0.000865,g-rms,0.05,1e-05,,,g-rms,Jan 14 2020 8:03:28.8230 PM,Jan 14 2020 8:03:28.8230 PM,0
35. IMU,IMU_Combo_LPNM25_BUBO_PFM,Combo_LPNM25_PFM_onPUCK_accel_stdev_z,,PASS,,0.000975,g-rms,0.05,1e-05,,,g-rms,Jan 14 2020 8:03:28.8240 PM,Jan 14 2020 8:03:28.8240 PM,0
35. IMU,IMU_Combo_LPNM25_BUBO_PFM,Combo_LPNM25_PFM_onPUCK_gyro_average_x,,PASS,,0.329529,dps,25,-25,,,dps,Jan 14 2020 8:03:28.8240 PM,Jan 14 2020 8:03:28.8240 PM,0
35. IMU,IMU_Combo_LPNM25_BUBO_PFM,Combo_LPNM25_PFM_onPUCK_gyro_average_y,,PASS,,0.078082,dps,25,-25,,,dps,Jan 14 2020 8:03:28.8240 PM,Jan 14 2020 8:03:28.8240 PM,0
35. IMU,IMU_Combo_LPNM25_BUBO_PFM,Combo_LPNM25_PFM_onPUCK_gyro_average_z,,PASS,,0.260426,dps,25,-25,,,dps,Jan 14 2020 8:03:28.8240 PM,Jan 14 2020 8:03:28.8240 PM,0
35. IMU,IMU_Combo_LPNM25_BUBO_PFM,Combo_LPNM25_PFM_onPUCK_gyro_stdev_x,,PASS,,0.101738,dps-rms,,1e-05,,,dps-rms,Jan 14 2020 8:03:28.8240 PM,Jan 14 2020 8:03:28.8240 PM,0
35. IMU,IMU_Combo_LPNM25_BUBO_PFM,Combo_LPNM25_PFM_onPUCK_gyro_stdev_y,,PASS,,0.143374,dps-rms,,1e-05,,,dps-rms,Jan 14 2020 8:03:28.8250 PM,Jan 14 2020 8:03:28.8250 PM,0
35. IMU,IMU_Combo_LPNM25_BUBO_PFM,Combo_LPNM25_PFM_onPUCK_gyro_stdev_z,,PASS,,0.106567,dps-rms,,1e-05,,,dps-rms,Jan 14 2020 8:03:28.8250 PM,Jan 14 2020 8:03:28.8250 PM,0
35. IMU,IMU_Combo_LPNM25_BUBO_PFM,Combo_LPNM25_PFM_onPUCK_gyro_odr,,PASS,,800.110692,Hz,880,720,,,Hz,Jan 14 2020 8:03:28.8250 PM,Jan 14 2020 8:03:28.8250 PM,0
35. IMU,IMU_Combo_LPNM25_BUBO_PFM,Combo_LPNM25_PFM_onPUCK_gyro_temp,,PASS,,24.093676,C,,5,,,C,Jan 14 2020 8:03:28.8250 PM,Jan 14 2020 8:03:28.8250 PM,0
35. IMU,IMU_Combo_LPNM25_BUBO_PFM,Leave BG quiesce,[EFIDut] event -s leave-bg-quiesce,PASS,,,,,,,,,Jan 14 2020 8:03:28.8280 PM,Jan 14 2020 8:03:28.8610 PM,.0326
35. IMU,IMU_Combo_LPNM25_BUBO_PFM,Evaluate condition: IMU_MANU_ID CONTAINS '0x00E4'-7,,PASS,,,,,,,,,Jan 14 2020 8:03:28.8630 PM,Jan 14 2020 8:03:28.8630 PM,0
35. IMU,IMU_Combo_LPNM25_BUBO_PFM,Exit gyro low noise mode,[EFIDut] sensor --sel gyro --set lpm false,PASS,,,,,,,,,Jan 14 2020 8:03:28.8670 PM,Jan 14 2020 8:03:28.9080 PM,.0411
35. IMU,IMU_Combo_LPNM25_BUBO_PFM,Turn off accelerometer and gyro,"[EFIDut] sensor --sel accel,gyro --turnoff",PASS,,,,,,,,,Jan 14 2020 8:03:28.9110 PM,Jan 14 2020 8:03:29.0140 PM,.1031
36. PRESSURE,,,,,,,,,,,,,Jan 14 2020 8:03:29.0200 PM,Jan 14 2020 8:03:31.6990 PM,2.6794
36. PRESSURE,POTASSIUM,Init Potassium,[EFIDut] sensor --sel pressure2 --init,PASS,,,,,,,,,Jan 14 2020 8:03:29.0220 PM,Jan 14 2020 8:03:29.0690 PM,.0468
36. PRESSURE,POTASSIUM,POTASSIUM_INIT_STATUS,,PASS,,,,,,,,,Jan 14 2020 8:03:29.0730 PM,Jan 14 2020 8:03:29.0730 PM,0
36. PRESSURE,POTASSIUM,Check Pressure Chip_ID,[EFIDut] sensor -s pressure2 --get chip_id,PASS,,,,,,,,,Jan 14 2020 8:03:29.0770 PM,Jan 14 2020 8:03:29.1170 PM,.0406
36. PRESSURE,POTASSIUM,PRESSURE_CHIP_ID,,PASS,,,,,,,,,Jan 14 2020 8:03:29.1210 PM,Jan 14 2020 8:03:29.1210 PM,0
36. PRESSURE,POTASSIUM,Dump Potassium Registers,[EFIDut] sensorreg -s pressure2 --dump,PASS,,,,,,,,,Jan 14 2020 8:03:29.1240 PM,Jan 14 2020 8:03:29.1890 PM,.0654
36. PRESSURE,POTASSIUM,Evaluate condition: PRESSURE_CHIP_ID!='0x30' && PRESSURE_CHIP_ID!='0x28',,PASS,,,,,,,,,Jan 14 2020 8:03:29.1920 PM,Jan 14 2020 8:03:29.1920 PM,.0001
36. PRESSURE,POTASSIUM,IN_PR_Chip_ID,,PASS,,93,NA,,,,,,Jan 14 2020 8:03:29.1950 PM,Jan 14 2020 8:03:29.1950 PM,0
36. PRESSURE,POTASSIUM,Evaluate condition: PRESSURE_CHIP_ID!='0x30' && PRESSURE_CHIP_ID!='0x28'-2,,PASS,,,,,,,,,Jan 14 2020 8:03:29.1970 PM,Jan 14 2020 8:03:29.1970 PM,0
36. PRESSURE,POTASSIUM,IN_PR_Rev_ID,,PASS,,0,NA,,,,,,Jan 14 2020 8:03:29.2010 PM,Jan 14 2020 8:03:29.2010 PM,0
36. PRESSURE,POTASSIUM,Evaluate condition: PRESSURE_CHIP_ID=='0x30',,PASS,,,,,,,,,Jan 14 2020 8:03:29.2020 PM,Jan 14 2020 8:03:29.2020 PM,0
36. PRESSURE,POTASSIUM,IN_EIGER-C_Mfg_ID,Action[7]: Rush:regexFirstMatch-Skip action because Condition not met-Condition: PRESSURE_CHIP_ID=='0x30',PASS,,,,,,,,,Jan 14 2020 8:03:29.2030 PM,Jan 14 2020 8:03:29.2030 PM,0
36. PRESSURE,POTASSIUM,Evaluate condition: PRESSURE_CHIP_ID=='0x30'-2,,PASS,,,,,,,,,Jan 14 2020 8:03:29.2050 PM,Jan 14 2020 8:03:29.2050 PM,0
36. PRESSURE,POTASSIUM,IN_PR_Chip_ID,Action[8]: Rush:regexFirstMatch-Skip action because Condition not met-Condition: PRESSURE_CHIP_ID=='0x30',PASS,,,,,,,,,Jan 14 2020 8:03:29.2060 PM,Jan 14 2020 8:03:29.2060 PM,0
36. PRESSURE,POTASSIUM,Evaluate condition: PRESSURE_CHIP_ID=='0x30'-3,,PASS,,,,,,,,,Jan 14 2020 8:03:29.2070 PM,Jan 14 2020 8:03:29.2070 PM,0
36. PRESSURE,POTASSIUM,IN_PR_Rev_ID,Action[9]: Rush:regexFirstMatch-Skip action because Condition not met-Condition: PRESSURE_CHIP_ID=='0x30',PASS,,,,,,,,,Jan 14 2020 8:03:29.2090 PM,Jan 14 2020 8:03:29.2090 PM,0
36. PRESSURE,POTASSIUM,Evaluate condition: PRESSURE_CHIP_ID=='0x28',,PASS,,,,,,,,,Jan 14 2020 8:03:29.2100 PM,Jan 14 2020 8:03:29.2100 PM,0
36. PRESSURE,POTASSIUM,IN_PR_Mfg_ID,Action[10]: Rush:regexFirstMatch-Skip action because Condition not met-Condition: PRESSURE_CHIP_ID=='0x28',PASS,,,,,,,,,Jan 14 2020 8:03:29.2110 PM,Jan 14 2020 8:03:29.2110 PM,0
36. PRESSURE,POTASSIUM,Evaluate condition: PRESSURE_CHIP_ID=='0x28'-2,,PASS,,,,,,,,,Jan 14 2020 8:03:29.2130 PM,Jan 14 2020 8:03:29.2130 PM,0
36. PRESSURE,POTASSIUM,IN_PR_Chip_ID,Action[11]: Rush:regexFirstMatch-Skip action because Condition not met-Condition: PRESSURE_CHIP_ID=='0x28',PASS,,,,,,,,,Jan 14 2020 8:03:29.2140 PM,Jan 14 2020 8:03:29.2140 PM,0
36. PRESSURE,POTASSIUM,Evaluate condition: PRESSURE_CHIP_ID=='0x28'-3,,PASS,,,,,,,,,Jan 14 2020 8:03:29.2150 PM,Jan 14 2020 8:03:29.2150 PM,0
36. PRESSURE,POTASSIUM,IN_PR_Trim_Rev,Action[12]: Rush:regexFirstMatch-Skip action because Condition not met-Condition: PRESSURE_CHIP_ID=='0x28',PASS,,,,,,,,,Jan 14 2020 8:03:29.2160 PM,Jan 14 2020 8:03:29.2160 PM,0
36. PRESSURE,POTASSIUM,Potassium Connectivty,[EFIDut] sensor --sel pressure2 --c,PASS,,,,,,,,,Jan 14 2020 8:03:29.2190 PM,Jan 14 2020 8:03:29.2670 PM,.0478
36. PRESSURE,POTASSIUM,POTASSIUM_CONN_TEST_RESULT,,PASS,,,,,,,,,Jan 14 2020 8:03:29.2700 PM,Jan 14 2020 8:03:29.2700 PM,0
36. PRESSURE,POTASSIUM,Sample Potassium Data,[EFIDut] sensor --sel pressure2 --sample 50 --stats,PASS,,,,,,,,,Jan 14 2020 8:03:29.2730 PM,Jan 14 2020 8:03:31.6090 PM,2.336
36. PRESSURE,POTASSIUM,IN_PR_odr,,PASS,,25.086351,NA,32.5,22.5,,,NA,Jan 14 2020 8:03:31.6130 PM,Jan 14 2020 8:03:31.6130 PM,0
36. PRESSURE,POTASSIUM,IN_PR_press_average,,PASS,,95.014623,kPa,110,90,,,kPa,Jan 14 2020 8:03:31.6160 PM,Jan 14 2020 8:03:31.6160 PM,0
36. PRESSURE,POTASSIUM,IN_PR_temp_average,,PASS,,22.304218,C,45,15,,,C,Jan 14 2020 8:03:31.6190 PM,Jan 14 2020 8:03:31.6190 PM,0
36. PRESSURE,POTASSIUM,FR_POTASSIUM_STD_kPA,,PASS,,0.001918,NA,,,,,NA,Jan 14 2020 8:03:31.6220 PM,Jan 14 2020 8:03:31.6220 PM,0
36. PRESSURE,POTASSIUM,IN_PR_temp_std,,PASS,,0.014938,C.rms,0.175,0,,,C.rms,Jan 14 2020 8:03:31.6250 PM,Jan 14 2020 8:03:31.6250 PM,0
36. PRESSURE,POTASSIUM,IN_PR_press_max,,PASS,,95.019256,kPa,110,90,,,kPa,Jan 14 2020 8:03:31.6280 PM,Jan 14 2020 8:03:31.6280 PM,0
36. PRESSURE,POTASSIUM,IN_PR_press_min,,PASS,,95.010955,C,110,90,,,C,Jan 14 2020 8:03:31.6310 PM,Jan 14 2020 8:03:31.6310 PM,0
36. PRESSURE,POTASSIUM,IK_Range_kPA,,PASS,,0.0083,NA,,,,,,Jan 14 2020 8:03:31.6350 PM,Jan 14 2020 8:03:31.6350 PM,0
36. PRESSURE,POTASSIUM,FR_Potassium_bad_sample,,PASS,,0,NA,0,0,,,NA,Jan 14 2020 8:03:31.6380 PM,Jan 14 2020 8:03:31.6380 PM,0
36. PRESSURE,POTASSIUM,Calculate expression: (value0*1000),,PASS,,,,,,,,,Jan 14 2020 8:03:31.6430 PM,Jan 14 2020 8:03:31.6430 PM,.0001
36. PRESSURE,POTASSIUM,IN_PR_press_std,,PASS,,1.918,kPa.rms,4.5,0.001,,,kPa.rms,Jan 14 2020 8:03:31.6440 PM,Jan 14 2020 8:03:31.6440 PM,0
36. PRESSURE,POTASSIUM,Calculate expression: (value0*1000)-2,,PASS,,,,,,,,,Jan 14 2020 8:03:31.6500 PM,Jan 14 2020 8:03:31.6500 PM,.0001
36. PRESSURE,POTASSIUM,IN_PR_range,,PASS,,8.300000000000001,Pa,200,0.001,,,Pa,Jan 14 2020 8:03:31.6510 PM,Jan 14 2020 8:03:31.6510 PM,0
36. PRESSURE,POTASSIUM,Turn OFF Sensors (Potassium),[EFIDut] sensor --sel pressure2 --turnoff,PASS,,,,,,,,,Jan 14 2020 8:03:31.6540 PM,Jan 14 2020 8:03:31.6980 PM,.0436
37. COMPASS,,,,,,,,,,,,,Jan 14 2020 8:03:31.7030 PM,Jan 14 2020 8:03:34.5250 PM,2.8223
37. COMPASS,MOLYBDENUM,Turn on compass sensor,[EFIDut] sensor --sel compass --init,PASS,,,,,,,,,Jan 14 2020 8:03:31.7050 PM,Jan 14 2020 8:03:31.7560 PM,.0506
37. COMPASS,MOLYBDENUM,COMPASS_INIT_STATUS,,PASS,,,,,,,,,Jan 14 2020 8:03:31.7590 PM,Jan 14 2020 8:03:31.7590 PM,0
37. COMPASS,MOLYBDENUM,Get compass chip info,[EFIDut] sensor --sel compass --get,PASS,,,,,,,,,Jan 14 2020 8:03:31.7660 PM,Jan 14 2020 8:03:31.8110 PM,.0451
37. COMPASS,MOLYBDENUM,COMPASS_CHIP_ID,,PASS,,,,,,,,,Jan 14 2020 8:03:31.8160 PM,Jan 14 2020 8:03:31.8160 PM,0
37. COMPASS,MOLYBDENUM,Check compass connectivity,[EFIDut] sensor --sel compass --conntest,PASS,,,,,,,,,Jan 14 2020 8:03:31.8190 PM,Jan 14 2020 8:03:31.9210 PM,.1017
37. COMPASS,MOLYBDENUM,COMPASS_CONN_STATUS,,PASS,,,,,,,,,Jan 14 2020 8:03:31.9240 PM,Jan 14 2020 8:03:31.9240 PM,0
37. COMPASS,MOLYBDENUM,Run Compass selftest,[EFIDut] sensor --sel compass --exectest selftest,PASS,,,,,,,,,Jan 14 2020 8:03:31.9270 PM,Jan 14 2020 8:03:34.5120 PM,2.5854
37. COMPASS,MOLYBDENUM,Compass_Self_PMN_X,,PASS,,0,NA,,,,,,Jan 14 2020 8:03:34.5160 PM,Jan 14 2020 8:03:34.5160 PM,0
37. COMPASS,MOLYBDENUM,Compass_Self_PMN_Y,,PASS,,91.875,NA,,,,,,Jan 14 2020 8:03:34.5190 PM,Jan 14 2020 8:03:34.5190 PM,0
37. COMPASS,MOLYBDENUM,Compass_Self_PMN_Z,,PASS,,129.66,NA,,,,,,Jan 14 2020 8:03:34.5220 PM,Jan 14 2020 8:03:34.5220 PM,0
37. COMPASS,MOLYBDENUM,COMPAS_SELFTEST_STATUS,,PASS,,,,,,,,,Jan 14 2020 8:03:34.5250 PM,Jan 14 2020 8:03:34.5250 PM,0
38. COMPASS,,,,,,,,,,,,,Jan 14 2020 8:03:34.5270 PM,Jan 14 2020 8:03:34.6660 PM,.1393
38. COMPASS,QUIESCE_SYSTEM-2,Turn OFF Sensors (compass),[EFIDut] sensor --sel compass --turnoff,PASS,,,,,,,,,Jan 14 2020 8:03:34.5300 PM,Jan 14 2020 8:03:34.5740 PM,.044
38. COMPASS,QUIESCE_SYSTEM-2,Turn OFF Sensors (lisa),[EFIDut] sensor --sel lisa --turnoff,PASS,,,,,,,,,Jan 14 2020 8:03:34.5780 PM,Jan 14 2020 8:03:34.6200 PM,.0424
38. COMPASS,QUIESCE_SYSTEM-2,Turn OFF Sensors (platinum),[EFIDut] sensor --sel platinum --turnoff,PASS,,,,,,,,,Jan 14 2020 8:03:34.6240 PM,Jan 14 2020 8:03:34.6650 PM,.0404
39. CODEC,,,,,,,,,,,,,Jan 14 2020 8:03:34.6690 PM,Jan 14 2020 8:03:35.1670 PM,.4986
39. CODEC,ARDMORE_TEST,Reset and Init Ardmore (DMIC in low power mode),[EFIDut] audio -r;socgpio --port 1 --pin 103 --output 1,PASS,,,,,,,,,Jan 14 2020 8:03:34.6720 PM,Jan 14 2020 8:03:34.7890 PM,.1167
39. CODEC,ARDMORE_TEST,Enable boots1to the routeaudio,[EFIDut] audioparam --block codec --set --param enable-boost1 --value true,PASS,,,,,,,,,Jan 14 2020 8:03:34.7930 PM,Jan 14 2020 8:03:34.8330 PM,.0398
39. CODEC,ARDMORE_TEST,Read Ardmore Voltages,[EFIDut] pmuadc --read buck3;pmuadc --read ldo6;pmuadc --read appmux_in2; pmuadc --read vddout,PASS,,,,,,,,,Jan 14 2020 8:03:34.8360 PM,Jan 14 2020 8:03:34.9120 PM,.0754
39. CODEC,ARDMORE_TEST,INIT_ARDMORE_PMUADC_BUCK3_SW3A,,PASS,,1793.3959,mV,1810,1770,,,mV,Jan 14 2020 8:03:34.9150 PM,Jan 14 2020 8:03:34.9150 PM,0
39. CODEC,ARDMORE_TEST,INIT_ARDMORE_PMUADC_LDO6,,PASS,,1796.5973,mV,1850,1750,,,mV,Jan 14 2020 8:03:34.9180 PM,Jan 14 2020 8:03:34.9180 PM,0
39. CODEC,ARDMORE_TEST,INIT_ARDMORE_PMUADC_APPMUX_IN2,,PASS,,2543.3829,mV,2750,2400,,,mV,Jan 14 2020 8:03:34.9210 PM,Jan 14 2020 8:03:34.9210 PM,0
39. CODEC,ARDMORE_TEST,INIT_ARDMORE_PMUADC_VDDOUT,,PASS,,4278.8461,mV,5000,3500,,,mV,Jan 14 2020 8:03:34.9240 PM,Jan 14 2020 8:03:34.9240 PM,0
39. CODEC,ARDMORE_TEST,Read Ardmore Currents,[EFIDut] pmuadc --read ibuck3 --stats 50;pmuadc --read ildo6 --stats 50,PASS,,,,,,,,,Jan 14 2020 8:03:34.9270 PM,Jan 14 2020 8:03:35.1080 PM,.1806
39. CODEC,ARDMORE_TEST,INIT_ARDMORE_PMUADC_IBUCK3,,PASS,,15.0681,mA,22,3,,,mA,Jan 14 2020 8:03:35.1110 PM,Jan 14 2020 8:03:35.1110 PM,0
39. CODEC,ARDMORE_TEST,INIT_ARDMORE_PMUADC_ILDO6,,PASS,,6.4346,mA,15,0,,,mA,Jan 14 2020 8:03:35.1140 PM,Jan 14 2020 8:03:35.1140 PM,0
39. CODEC,ARDMORE_TEST,Read Ardmore ATE Rev and ID,[EFIDut] audioreg -b codec -r -a 0x2001;audioreg -b codec -r -a 0x2002,PASS,,,,,,,,,Jan 14 2020 8:03:35.1170 PM,Jan 14 2020 8:03:35.1600 PM,.043
39. CODEC,ARDMORE_TEST,ARDMORE_CHIP_ID_HI,,PASS,,,,,,,,,Jan 14 2020 8:03:35.1640 PM,Jan 14 2020 8:03:35.1640 PM,0
39. CODEC,ARDMORE_TEST,ARDMORE_CHIP_ID_LO,,PASS,,,,,,,,,Jan 14 2020 8:03:35.1670 PM,Jan 14 2020 8:03:35.1670 PM,0
40. SPAM,,,,,,,,,,,,,Jan 14 2020 8:03:35.1700 PM,Jan 14 2020 8:03:38.7710 PM,3.6016
40. SPAM,BASEBAND,EFIDut,close,PASS,,,,,,,,,Jan 14 2020 8:03:35.1730 PM,Jan 14 2020 8:03:35.1730 PM,.0004
40. SPAM,BASEBAND,Evaluate condition: (DUT_TYPE CONTAINS 'N142') && (MLB_CFG!='KR11') && (MLB_CFG!='KR31') && (MLB_CFG!='KR21') && (MLB_CFG!='KR41'),,PASS,,,,,,,,,Jan 14 2020 8:03:35.1760 PM,Jan 14 2020 8:03:35.1760 PM,.0001
40. SPAM,BASEBAND,Enable SPAM Debug Power,/Users/gdlocal/scripts/spamtool dbgpwron /dev/cu.usbserial-A908X8CJ,PASS,,,,,,,,,Jan 14 2020 8:03:36.6920 PM,Jan 14 2020 8:03:36.6920 PM,0
40. SPAM,BASEBAND,Evaluate condition: (DUT_TYPE CONTAINS 'N142') && (MLB_CFG!='KR11') && (MLB_CFG!='KR31') && (MLB_CFG!='KR21') && (MLB_CFG!='KR41')-2,,PASS,,,,,,,,,Jan 14 2020 8:03:36.6940 PM,Jan 14 2020 8:03:36.6940 PM,.0001
40. SPAM,BASEBAND,Delay 2000ms,,PASS,,,,,,,,,Jan 14 2020 8:03:36.6970 PM,Jan 14 2020 8:03:36.6970 PM,0
40. SPAM,BASEBAND,EFIDut,open,PASS,,,,,,,,,Jan 14 2020 8:03:38.7020 PM,Jan 14 2020 8:03:38.7700 PM,.0677
41. SENSOR,,,,,,,,,,,,,Jan 14 2020 8:03:38.7730 PM,Jan 14 2020 8:03:40.8390 PM,2.0662
41. SENSOR,CARNELIAN,Initialize Carnelian,[EFIDut] sensor --sel platinum --init;,PASS,,,,,,,,,Jan 14 2020 8:03:38.7760 PM,Jan 14 2020 8:03:40.2760 PM,1.5001
41. SENSOR,CARNELIAN,Set up Carnelian,[EFIDut] sensorreg -s platinum --write 0xC2 0x0000; sensorreg -s platinum --write 0xC6 0x0000,PASS,,,,,,,,,Jan 14 2020 8:03:40.2790 PM,Jan 14 2020 8:03:40.3360 PM,.0566
41. SENSOR,CARNELIAN,run bcm_test for 100ms,"[EFIDut] sensor --sel platinum -e bcm_test --testopts ""--time 100 --avg 100 --start 1""",PASS,,,,,,,,,Jan 14 2020 8:03:40.3400 PM,Jan 14 2020 8:03:40.6950 PM,.3557
41. SENSOR,CARNELIAN,X1013_DCS_LON_SIG_AVG_HR00,,PASS,,290666.55,NA,,20000,,,NA,Jan 14 2020 8:03:40.7000 PM,Jan 14 2020 8:03:40.7000 PM,0
41. SENSOR,CARNELIAN,X1013_DCS_LON_SIG_AVGG_HR10,,PASS,,792338.64,NA,,20000,,,NA,Jan 14 2020 8:03:40.7030 PM,Jan 14 2020 8:03:40.7030 PM,0
41. SENSOR,CARNELIAN,X1013_DCS_LON_SIG_AVGG_HR20,,PASS,,7882946.48,NA,,20000,,,NA,Jan 14 2020 8:03:40.7060 PM,Jan 14 2020 8:03:40.7060 PM,0
41. SENSOR,CARNELIAN,X1013_DCS_LON_SIG_AVGG_HR30,,PASS,,3166702.6,NA,,20000,,,NA,Jan 14 2020 8:03:40.7090 PM,Jan 14 2020 8:03:40.7090 PM,0
41. SENSOR,CARNELIAN,X1013_DCS_LON_SIG_AVGG_HR40,,PASS,,6316020.87,NA,,20000,,,NA,Jan 14 2020 8:03:40.7120 PM,Jan 14 2020 8:03:40.7120 PM,0
41. SENSOR,CARNELIAN,X1013_DCS_LON_SIG_AVGG_HR50,,PASS,,3297335.08,NA,,20000,,,NA,Jan 14 2020 8:03:40.7150 PM,Jan 14 2020 8:03:40.7150 PM,0
41. SENSOR,CARNELIAN,X1013_DCS_LON_SIG_AVGG_HR01,,PASS,,272228.91,NA,,20000,,,NA,Jan 14 2020 8:03:40.7190 PM,Jan 14 2020 8:03:40.7190 PM,0
41. SENSOR,CARNELIAN,X1013_DCS_LON_SIG_AVGG_HR11,,PASS,,377244.03,NA,,20000,,,NA,Jan 14 2020 8:03:40.7210 PM,Jan 14 2020 8:03:40.7210 PM,0
41. SENSOR,CARNELIAN,X1013_DCS_LON_SIG_AVGG_HR21,,PASS,,3258070.39,NA,,20000,,,NA,Jan 14 2020 8:03:40.7250 PM,Jan 14 2020 8:03:40.7250 PM,0
41. SENSOR,CARNELIAN,X1013_DCS_LON_SIG_AVGG_HR31,,PASS,,5640482.08,NA,,20000,,,NA,Jan 14 2020 8:03:40.7280 PM,Jan 14 2020 8:03:40.7280 PM,0
41. SENSOR,CARNELIAN,X1013_DCS_LON_SIG_AVGG_HR41,,PASS,,2742015.2,NA,,20000,,,NA,Jan 14 2020 8:03:40.7310 PM,Jan 14 2020 8:03:40.7310 PM,0
41. SENSOR,CARNELIAN,X1013_DCS_LON_SIG_AVGG_HR51,,PASS,,7875929.12,NA,,20000,,,NA,Jan 14 2020 8:03:40.7340 PM,Jan 14 2020 8:03:40.7340 PM,0
41. SENSOR,CARNELIAN,platinum off,[EFIDut] sensor --sel platinum --turnoff,PASS,,,,,,,,,Jan 14 2020 8:03:40.7370 PM,Jan 14 2020 8:03:40.7800 PM,.0429
41. SENSOR,CARNELIAN,Audio off,[EFIDut] audio -f,PASS,,,,,,,,,Jan 14 2020 8:03:40.7840 PM,Jan 14 2020 8:03:40.8380 PM,.0546
42. BUTTON,,,,,,,,,,,,,Jan 14 2020 8:03:40.8420 PM,Jan 14 2020 8:03:43.5900 PM,2.7481
42. BUTTON,BUTTONS_CHECK,Check IDLE Button,[EFIDut] i2c -z 2 -d 5 0x3c 0x1907 1,PASS,,,,,,,,,Jan 14 2020 8:03:40.8450 PM,Jan 14 2020 8:03:40.8970 PM,.0521
42. BUTTON,BUTTONS_CHECK,BUTTON_1_2_STAT,,PASS,,10000111,NA,,,,,,Jan 14 2020 8:03:40.9020 PM,Jan 14 2020 8:03:40.9020 PM,0
42. BUTTON,BUTTONS_CHECK,IDLEBUTTON_1_EXPECT_1_1,,PASS,,1,NA,1,1,,,NA,Jan 14 2020 8:03:40.9030 PM,Jan 14 2020 8:03:40.9030 PM,0
42. BUTTON,BUTTONS_CHECK,IDLEBUTTON_2_EXPECT_1_1,,PASS,,1,NA,1,1,,,NA,Jan 14 2020 8:03:40.9030 PM,Jan 14 2020 8:03:40.9030 PM,0
42. BUTTON,BUTTONS_CHECK,Fixture Press Button2,[Fixture] Button2 ON,PASS,,,,,,,,,Jan 14 2020 8:03:40.9060 PM,Jan 14 2020 8:03:42.8550 PM,1.949
42. BUTTON,BUTTONS_CHECK,Check Press Button 2,[EFIDut] pmustat btn,PASS,,,,,,,,,Jan 14 2020 8:03:42.8590 PM,Jan 14 2020 8:03:42.8990 PM,.0405
42. BUTTON,BUTTONS_CHECK,BUTTON_2_EXPECT_1_0,,PASS,,0,NA,0,0,,,NA,Jan 14 2020 8:03:42.9030 PM,Jan 14 2020 8:03:42.9030 PM,0
42. BUTTON,BUTTONS_CHECK,Fixture Release Button2,[Fixture] Button2 OFF,PASS,,,,,,,,,Jan 14 2020 8:03:42.9070 PM,Jan 14 2020 8:03:43.5420 PM,.6357
42. BUTTON,BUTTONS_CHECK,Check Release Button 2,[EFIDut] pmustat btn,PASS,,,,,,,,,Jan 14 2020 8:03:43.5460 PM,Jan 14 2020 8:03:43.5860 PM,.0397
42. BUTTON,BUTTONS_CHECK,BUTTON_2_EXPECT_1_1,,PASS,,1,NA,1,1,,,NA,Jan 14 2020 8:03:43.5890 PM,Jan 14 2020 8:03:43.5890 PM,0
43. BUTTON,,,,,,,,,,,,,Jan 14 2020 8:03:43.5920 PM,Jan 14 2020 8:03:45.5720 PM,1.98
43. BUTTON,DOUBLE_CLICK,Configure Double Click Timing to 400ms. Note 400ms is the max setting,[EFIDut] pmureg -w 0 0x1902 0x19,PASS,,,,,,,,,Jan 14 2020 8:03:43.5950 PM,Jan 14 2020 8:03:43.6330 PM,.0385
43. BUTTON,DOUBLE_CLICK,Double Click the Button1,[Fixture] Button1 Twice,PASS,,,,,,,,,Jan 14 2020 8:03:43.6370 PM,Jan 14 2020 8:03:45.5240 PM,1.887
43. BUTTON,DOUBLE_CLICK,Read PMU register for Double Click Event Button1,[EFIDut] pmureg -r 0 0x1902,PASS,,,,,,,,,Jan 14 2020 8:03:45.5280 PM,Jan 14 2020 8:03:45.5650 PM,.0375
43. BUTTON,DOUBLE_CLICK,PMU_BUTTON_EVENT_DET_BUTTON_1,,PASS,,,,,,,,,Jan 14 2020 8:03:45.5710 PM,Jan 14 2020 8:03:45.5710 PM,0
43. BUTTON,DOUBLE_CLICK,DOUBLE_CLICK_DET_EVENT_BUTTON_1,,PASS,,1,NA,1,1,,,NA,Jan 14 2020 8:03:45.5710 PM,Jan 14 2020 8:03:45.5710 PM,0
44. RADIO,,,,,,,,,,,,,Jan 14 2020 8:03:45.5740 PM,Jan 14 2020 8:03:45.5870 PM,.0135
44. RADIO,GERMANIUM,Evaluate condition: DUT_TYPE CONTAINS '140',,PASS,,,,,,,,,Jan 14 2020 8:03:45.5760 PM,Jan 14 2020 8:03:45.5760 PM,0
44. RADIO,GERMANIUM,Turn Germanium ON,Action[0]: EFIDut:sendCommand-Skip action because Condition not met-Condition: DUT_TYPE CONTAINS '140',PASS,,,,,,,,,Jan 14 2020 8:03:45.5770 PM,Jan 14 2020 8:03:45.5770 PM,0
44. RADIO,GERMANIUM,Evaluate condition: DUT_TYPE CONTAINS '140'-2,,PASS,,,,,,,,,Jan 14 2020 8:03:45.5780 PM,Jan 14 2020 8:03:45.5780 PM,0
44. RADIO,GERMANIUM,Germanium Test,Action[1]: EFIDut:sendCommand-Skip action because Condition not met-Condition: DUT_TYPE CONTAINS '140',PASS,,,,,,,,,Jan 14 2020 8:03:45.5790 PM,Jan 14 2020 8:03:45.5790 PM,0
44. RADIO,GERMANIUM,Evaluate condition: DUT_TYPE CONTAINS '140'-3,,PASS,,,,,,,,,Jan 14 2020 8:03:45.5810 PM,Jan 14 2020 8:03:45.5810 PM,0
44. RADIO,GERMANIUM,GPS_LOAD_FIRMWARE_COMPLETE,Action[2]: Rush:regexFirstMatch-Skip action because Condition not met-Condition: DUT_TYPE CONTAINS '140',PASS,,,,,,,,,Jan 14 2020 8:03:45.5820 PM,Jan 14 2020 8:03:45.5820 PM,0
44. RADIO,GERMANIUM,Evaluate condition: DUT_TYPE CONTAINS '140'-4,,PASS,,,,,,,,,Jan 14 2020 8:03:45.5840 PM,Jan 14 2020 8:03:45.5840 PM,0
44. RADIO,GERMANIUM,GPS_FIRMWARE_VERSION,Action[3]: Rush:regexFirstMatch-Skip action because Condition not met-Condition: DUT_TYPE CONTAINS '140',PASS,,,,,,,,,Jan 14 2020 8:03:45.5850 PM,Jan 14 2020 8:03:45.5850 PM,0
44. RADIO,GERMANIUM,Evaluate condition: DUT_TYPE CONTAINS '140'-5,,PASS,,,,,,,,,Jan 14 2020 8:03:45.5860 PM,Jan 14 2020 8:03:45.5860 PM,0
44. RADIO,GERMANIUM,Germanium Test,Action[4]: EFIDut:sendCommand-Skip action because Condition not met-Condition: DUT_TYPE CONTAINS '140',PASS,,,,,,,,,Jan 14 2020 8:03:45.5870 PM,Jan 14 2020 8:03:45.5870 PM,0
45. RADIO,,,,,,,,,,,,,Jan 14 2020 8:03:45.5900 PM,Jan 14 2020 8:03:49.5420 PM,3.9522
45. RADIO,BASEBAND_1,Evaluate condition: DUT_TYPE CONTAINS '142',,PASS,,,,,,,,,Jan 14 2020 8:03:45.5910 PM,Jan 14 2020 8:03:45.5910 PM,0
45. RADIO,BASEBAND_1,Baseband Quick Test and Properties,[EFIDut] bbon;baseband --properties,PASS,,,,,,,,,Jan 14 2020 8:03:45.5950 PM,Jan 14 2020 8:03:49.5350 PM,3.9406
45. RADIO,BASEBAND_1,Evaluate condition: DUT_TYPE CONTAINS '142'-2,,PASS,,,,,,,,,Jan 14 2020 8:03:49.5380 PM,Jan 14 2020 8:03:49.5380 PM,0
45. RADIO,BASEBAND_1,BASEBAND_SERIAL_NO,,PASS,,9223372036854775807,NA,,,,,,Jan 14 2020 8:03:49.5420 PM,Jan 14 2020 8:03:49.5420 PM,0
46. RADIO,,,,,,,,,,,,,Jan 14 2020 8:03:49.5440 PM,Jan 14 2020 8:03:49.6450 PM,.1011
46. RADIO,VINYL_TEST_1,Evaluate condition: DUT_TYPE CONTAINS '142',,PASS,,,,,,,,,Jan 14 2020 8:03:49.5450 PM,Jan 14 2020 8:03:49.5450 PM,0
46. RADIO,VINYL_TEST_1,Vinyl Check Test,"[EFIDut] baseband --send_cmd ""at@vinyl:get_eid(1)""",PASS,,,,,,,,,Jan 14 2020 8:03:49.5490 PM,Jan 14 2020 8:03:49.6380 PM,.0891
46. RADIO,VINYL_TEST_1,Evaluate condition: DUT_TYPE CONTAINS '142'-2,,PASS,,,,,,,,,Jan 14 2020 8:03:49.6400 PM,Jan 14 2020 8:03:49.6400 PM,0
46. RADIO,VINYL_TEST_1,VINYL_CHECK_STATUS,,PASS,,,,,,,,,Jan 14 2020 8:03:49.6440 PM,Jan 14 2020 8:03:49.6440 PM,0
47. RADIO,,,,,,,,,,,,,Jan 14 2020 8:03:49.6470 PM,Jan 14 2020 8:03:50.2160 PM,.5694
47. RADIO,BASEBAND_2,Evaluate condition: DUT_TYPE CONTAINS '142',,PASS,,,,,,,,,Jan 14 2020 8:03:49.6480 PM,Jan 14 2020 8:03:49.6480 PM,0
47. RADIO,BASEBAND_2,init BCM ANT connection test,"[EFIDut] baseband --send_cmd ""at@xns:init()""",PASS,,,,,,,,,Jan 14 2020 8:03:49.6520 PM,Jan 14 2020 8:03:49.7680 PM,.1159
47. RADIO,BASEBAND_2,Evaluate condition: DUT_TYPE CONTAINS '142'-2,,PASS,,,,,,,,,Jan 14 2020 8:03:49.7700 PM,Jan 14 2020 8:03:49.7700 PM,0
47. RADIO,BASEBAND_2,scan BCM ANT Tunner,"[EFIDut] baseband --send at@xns:rffe_scan(1,2,0,15)",PASS,,,,,,,,,Jan 14 2020 8:03:49.7740 PM,Jan 14 2020 8:03:50.1820 PM,.4081
47. RADIO,BASEBAND_2,Evaluate condition: DUT_TYPE CONTAINS '142'-3,,PASS,,,,,,,,,Jan 14 2020 8:03:50.1850 PM,Jan 14 2020 8:03:50.1850 PM,0
47. RADIO,BASEBAND_2,TUNNER_CHECK_1,,PASS,,32,NA,32,32,,,NA,Jan 14 2020 8:03:50.1880 PM,Jan 14 2020 8:03:50.1880 PM,0
47. RADIO,BASEBAND_2,Evaluate condition: DUT_TYPE CONTAINS '142'-4,,PASS,,,,,,,,,Jan 14 2020 8:03:50.1900 PM,Jan 14 2020 8:03:50.1900 PM,0
47. RADIO,BASEBAND_2,TUNNER_CHECK_2,,PASS,,32,NA,32,32,,,NA,Jan 14 2020 8:03:50.1940 PM,Jan 14 2020 8:03:50.1940 PM,0
47. RADIO,BASEBAND_2,Evaluate condition: DUT_TYPE CONTAINS '142'-5,,PASS,,,,,,,,,Jan 14 2020 8:03:50.1960 PM,Jan 14 2020 8:03:50.1960 PM,0
47. RADIO,BASEBAND_2,TUNNER_CHECK_3,,PASS,,38,NA,38,38,,,NA,Jan 14 2020 8:03:50.1990 PM,Jan 14 2020 8:03:50.1990 PM,0
47. RADIO,BASEBAND_2,Evaluate condition: DUT_TYPE CONTAINS '142'-6,,PASS,,,,,,,,,Jan 14 2020 8:03:50.2010 PM,Jan 14 2020 8:03:50.2010 PM,0
47. RADIO,BASEBAND_2,TUNNER_CHECK_4,,PASS,,36,NA,36,36,,,NA,Jan 14 2020 8:03:50.2050 PM,Jan 14 2020 8:03:50.2050 PM,0
47. RADIO,BASEBAND_2,Evaluate condition: DUT_TYPE CONTAINS '142'-7,,PASS,,,,,,,,,Jan 14 2020 8:03:50.2060 PM,Jan 14 2020 8:03:50.2060 PM,0
47. RADIO,BASEBAND_2,TUNNER_CHECK_5,,PASS,,34,NA,34,34,,,NA,Jan 14 2020 8:03:50.2100 PM,Jan 14 2020 8:03:50.2100 PM,0
47. RADIO,BASEBAND_2,Evaluate condition: DUT_TYPE CONTAINS '142'-8,,PASS,,,,,,,,,Jan 14 2020 8:03:50.2120 PM,Jan 14 2020 8:03:50.2120 PM,0
47. RADIO,BASEBAND_2,TUNNER_CHECK_6,,PASS,,36,NA,36,36,,,NA,Jan 14 2020 8:03:50.2160 PM,Jan 14 2020 8:03:50.2160 PM,0
48. RADIO,,,,,,,,,,,,,Jan 14 2020 8:03:50.2190 PM,Jan 14 2020 8:03:50.6150 PM,.3961
48. RADIO,VINYL_TEST_2,Evaluate condition: DUT_TYPE CONTAINS '142',,PASS,,,,,,,,,Jan 14 2020 8:03:50.2200 PM,Jan 14 2020 8:03:50.2200 PM,0
48. RADIO,VINYL_TEST_2,Turn off Baseband when done,[EFIDut] baseband --off,PASS,,,,,,,,,Jan 14 2020 8:03:50.2240 PM,Jan 14 2020 8:03:50.6140 PM,.3898
49. POWER,,,,,,,,,,,,,Jan 14 2020 8:03:50.6160 PM,Jan 14 2020 8:03:50.6560 PM,.0399
49. POWER,END_QUIESCE_SYSTEM,clear the debug interrupt,[EFIDut] tristar -r '0x0d',PASS,,,,,,,,,Jan 14 2020 8:03:50.6190 PM,Jan 14 2020 8:03:50.6550 PM,.0363
50. Process,,,,,,,,,,,,,Jan 14 2020 8:03:50.6590 PM,Jan 14 2020 8:03:50.7370 PM,.078
50. Process,SET_NVRAM,Set Auto-Boot to false,[EFIDut] nvram --set auto-boot false,PASS,,,,,,,,,Jan 14 2020 8:03:50.6620 PM,Jan 14 2020 8:03:50.7030 PM,.0411
50. Process,SET_NVRAM,NVRAM save,[EFIDut] nvram --save,PASS,,,,,,,,,Jan 14 2020 8:03:50.7070 PM,Jan 14 2020 8:03:50.7360 PM,.0284
51. Process,,,,,,,,,,,,,Jan 14 2020 8:03:50.7380 PM,Jan 14 2020 8:03:50.8460 PM,.108
51. Process,Dut Close-2,EFIDut,close,PASS,,,,,,,,,Jan 14 2020 8:03:50.7410 PM,Jan 14 2020 8:03:50.7410 PM,.0004
51. Process,Dut Close-2,Delay 100ms,,PASS,,,,,,,,,Jan 14 2020 8:03:50.7440 PM,Jan 14 2020 8:03:50.7440 PM,0
52. Process,,,,,,,,,,,,,Jan 14 2020 8:03:50.8490 PM,Jan 14 2020 8:03:50.9110 PM,.0626
52. Process,Copy Log,Create Folder,mkdir -p /Users/gdlocal/TestLog/AtlasLogs-DVPZM010P8KR-2020-01-14-200350,PASS,,,,,,,,,Jan 14 2020 8:03:50.8580 PM,Jan 14 2020 8:03:50.8640 PM,.0054
52. Process,Copy Log,Copy Attributes.csv To Folder,cp /vault/Atlas/Hyperion/Unit_1_34FF02/AtlasLogs/Attributes.csv /Users/gdlocal/TestLog/AtlasLogs-DVPZM010P8KR-2020-01-14-200350/Attributes-QT0-DVPZM010P8KR.csv,PASS,,,,,,,,,Jan 14 2020 8:03:50.8660 PM,Jan 14 2020 8:03:50.8720 PM,.0056
52. Process,Copy Log,Copy Failures.csv To Folder,cp /vault/Atlas/Hyperion/Unit_1_34FF02/AtlasLogs/Failures.csv /Users/gdlocal/TestLog/AtlasLogs-DVPZM010P8KR-2020-01-14-200350/Failures-QT0-DVPZM010P8KR.csv,PASS,,,,,,,,,Jan 14 2020 8:03:50.8730 PM,Jan 14 2020 8:03:50.8790 PM,.0055
52. Process,Copy Log,Copy unit.log To Folder,cp /vault/Atlas/Hyperion/Unit_1_34FF02/AtlasLogs/unit.log /Users/gdlocal/TestLog/AtlasLogs-DVPZM010P8KR-2020-01-14-200350/unit-QT0-DVPZM010P8KR.log,PASS,,,,,,,,,Jan 14 2020 8:03:50.8810 PM,Jan 14 2020 8:03:50.8870 PM,.0067
52. Process,Copy Log,Copy pdcaSummary.csv To Folder,cp /vault/Atlas/Hyperion/Unit_1_34FF02/AtlasLogs/Plugins/DRCB/pdcaSummary.csv /Users/gdlocal/TestLog/AtlasLogs-DVPZM010P8KR-2020-01-14-200350/pdcaSummary-QT0-DVPZM010P8KR.csv,PASS,,,,,,,,,Jan 14 2020 8:03:50.8890 PM,Jan 14 2020 8:03:50.8940 PM,.0049
52. Process,Copy Log,Copy rawuart.log To Folder,cp /vault/Atlas/Hyperion/Unit_1_34FF02/AtlasLogs/Plugins/EFIDut/rawuart.log /Users/gdlocal/TestLog/AtlasLogs-DVPZM010P8KR-2020-01-14-200350/rawuart-QT0-DVPZM010P8KR.log,PASS,,,,,,,,,Jan 14 2020 8:03:50.8960 PM,Jan 14 2020 8:03:50.9020 PM,.0059
52. Process,Copy Log,Copy gh_station_info.json To Folder,cp /vault/data_collection/test_station_config/gh_station_info.json /Users/gdlocal/TestLog/AtlasLogs-DVPZM010P8KR-2020-01-14-200350/QT0-DVPZM010P8KR-gh_station_info.json,PASS,,,,,,,,,Jan 14 2020 8:03:50.9040 PM,Jan 14 2020 8:03:50.9090 PM,.0046
52. Process,Copy Log,DRCB,AddBlob,PASS,,,,,,,,,Jan 14 2020 8:03:50.9100 PM,Jan 14 2020 8:03:50.9100 PM,.0002
53. Process,,,,,,,,,,,,,Jan 14 2020 8:03:50.9130 PM,Jan 14 2020 8:03:51.7150 PM,.8013
53. Process,Finish DRCB,DRCB,Finish,PASS,,,,,,,,,Jan 14 2020 8:03:50.9180 PM,Jan 14 2020 8:03:51.7130 PM,.7954
54. Process,,,,,,,,,,,,,Jan 14 2020 8:03:51.7160 PM,Jan 14 2020 8:03:55.1040 PM,3.3874
54. Process,TEST_END,EFIDut,open,PASS,,,,,,,,,Jan 14 2020 8:03:51.7200 PM,Jan 14 2020 8:03:51.7730 PM,.053
54. Process,TEST_END,Evaluate condition: DUT_TYPE CONTAINS 'N140',,PASS,,,,,,,,,Jan 14 2020 8:03:51.7760 PM,Jan 14 2020 8:03:51.7760 PM,0
54. Process,TEST_END,TEST_END,Action[1]: EFIDut:sendCommand-Skip action because Condition not met-Condition: DUT_TYPE CONTAINS 'N140',PASS,,,,,,,,,Jan 14 2020 8:03:51.7780 PM,Jan 14 2020 8:03:51.7780 PM,0
54. Process,TEST_END,TEST_END,[EFIDut] shutdown,PASS,,,,,,,,,Jan 14 2020 8:03:51.7820 PM,Jan 14 2020 8:03:52.8860 PM,1.1032
54. Process,TEST_END,TEST_END,[Fixture] Reset,PASS,,,,,,,,,Jan 14 2020 8:03:52.8900 PM,Jan 14 2020 8:03:55.0990 PM,2.209
54. Process,TEST_END,EFIDut,close,PASS,,,,,,,,,Jan 14 2020 8:03:55.1020 PM,Jan 14 2020 8:03:55.1030 PM,.0004
