Test,Plugin,Command,Status,Info,Start Time,End Time,Duration (s)
,StationUtils,checkPredicateFormat,PASS,,Jan 14 2020 8:02:59.2380 PM,Jan 14 2020 8:02:59.2390 PM,.0004
,StationUtils,checkPredicateFormat,PASS,,Jan 14 2020 8:02:59.2420 PM,Jan 14 2020 8:02:59.2430 PM,.0004
,StationUtils,checkPredicateFormat,PASS,,Jan 14 2020 8:02:59.2480 PM,Jan 14 2020 8:02:59.2490 PM,.0003
,StationUtils,checkPredicateFormat,PASS,,Jan 14 2020 8:02:59.2520 PM,Jan 14 2020 8:02:59.2520 PM,.0003
,StationUtils,checkPredicateFormat,PASS,,Jan 14 2020 8:02:59.2840 PM,Jan 14 2020 8:02:59.2850 PM,.0003
,StationUtils,checkPredicateFormat,PASS,,Jan 14 2020 8:02:59.2880 PM,Jan 14 2020 8:02:59.2880 PM,.0003
,StationUtils,checkPredicateFormat,PASS,,Jan 14 2020 8:02:59.3140 PM,Jan 14 2020 8:02:59.3140 PM,.0003
,StationUtils,checkPredicateFormat,PASS,,Jan 14 2020 8:02:59.5000 PM,Jan 14 2020 8:02:59.5000 PM,.0003
,StationUtils,checkPredicateFormat,PASS,,Jan 14 2020 8:02:59.5030 PM,Jan 14 2020 8:02:59.5040 PM,.0005
,StationUtils,checkPredicateFormat,PASS,,Jan 14 2020 8:02:59.5070 PM,Jan 14 2020 8:02:59.5070 PM,.0004
,StationUtils,checkPredicateFormat,PASS,,Jan 14 2020 8:02:59.5100 PM,Jan 14 2020 8:02:59.5110 PM,.0003
,StationUtils,checkPredicateFormat,PASS,,Jan 14 2020 8:02:59.5140 PM,Jan 14 2020 8:02:59.5140 PM,.0003
,StationUtils,checkPredicateFormat,PASS,,Jan 14 2020 8:02:59.5170 PM,Jan 14 2020 8:02:59.5180 PM,.0003
,StationUtils,checkPredicateFormat,PASS,,Jan 14 2020 8:02:59.5210 PM,Jan 14 2020 8:02:59.5220 PM,.0003
,StationUtils,checkPredicateFormat,PASS,,Jan 14 2020 8:02:59.5240 PM,Jan 14 2020 8:02:59.5250 PM,.0003
,StationUtils,checkPredicateFormat,PASS,,Jan 14 2020 8:02:59.5280 PM,Jan 14 2020 8:02:59.5280 PM,.0003
,StationUtils,checkPredicateFormat,PASS,,Jan 14 2020 8:02:59.5330 PM,Jan 14 2020 8:02:59.5330 PM,.0003
,StationUtils,checkPredicateFormat,PASS,,Jan 14 2020 8:02:59.5360 PM,Jan 14 2020 8:02:59.5360 PM,.0003
,StationUtils,checkPredicateFormat,PASS,,Jan 14 2020 8:02:59.5390 PM,Jan 14 2020 8:02:59.5400 PM,.0003
,StationUtils,checkPredicateFormat,PASS,,Jan 14 2020 8:02:59.5430 PM,Jan 14 2020 8:02:59.5430 PM,.0003
,StationUtils,checkPredicateFormat,PASS,,Jan 14 2020 8:02:59.5590 PM,Jan 14 2020 8:02:59.5590 PM,.0003
,StationUtils,checkPredicateFormat,PASS,,Jan 14 2020 8:02:59.5620 PM,Jan 14 2020 8:02:59.5620 PM,.0003
,StationUtils,checkPredicateFormat,PASS,,Jan 14 2020 8:02:59.5650 PM,Jan 14 2020 8:02:59.5650 PM,.0003
,StationUtils,checkPredicateFormat,PASS,,Jan 14 2020 8:02:59.5680 PM,Jan 14 2020 8:02:59.5680 PM,.0003
,StationUtils,checkPredicateFormat,PASS,,Jan 14 2020 8:02:59.5710 PM,Jan 14 2020 8:02:59.5710 PM,.0003
,StationUtils,checkPredicateFormat,PASS,,Jan 14 2020 8:02:59.5740 PM,Jan 14 2020 8:02:59.5740 PM,.0003
,StationUtils,checkPredicateFormat,PASS,,Jan 14 2020 8:02:59.5770 PM,Jan 14 2020 8:02:59.5780 PM,.0003
,StationUtils,checkPredicateFormat,PASS,,Jan 14 2020 8:02:59.5800 PM,Jan 14 2020 8:02:59.5810 PM,.0003
,StationUtils,checkPredicateFormat,PASS,,Jan 14 2020 8:02:59.5830 PM,Jan 14 2020 8:02:59.5840 PM,.0004
,StationUtils,checkPredicateFormat,PASS,,Jan 14 2020 8:02:59.5860 PM,Jan 14 2020 8:02:59.5860 PM,.0003
,StationUtils,checkPredicateFormat,PASS,,Jan 14 2020 8:02:59.5890 PM,Jan 14 2020 8:02:59.5890 PM,.0003
,StationUtils,checkPredicateFormat,PASS,,Jan 14 2020 8:02:59.5960 PM,Jan 14 2020 8:02:59.5960 PM,.0003
,StationUtils,checkPredicateFormat,PASS,,Jan 14 2020 8:02:59.6020 PM,Jan 14 2020 8:02:59.6020 PM,.0003
,StationUtils,checkPredicateFormat,PASS,,Jan 14 2020 8:02:59.7780 PM,Jan 14 2020 8:02:59.7780 PM,.0003
,StationUtils,checkPredicateFormat,PASS,,Jan 14 2020 8:02:59.7810 PM,Jan 14 2020 8:02:59.7810 PM,.0003
,StationUtils,checkPredicateFormat,PASS,,Jan 14 2020 8:02:59.8340 PM,Jan 14 2020 8:02:59.8340 PM,.0003
,StationUtils,checkPredicateFormat,PASS,,Jan 14 2020 8:02:59.8370 PM,Jan 14 2020 8:02:59.8380 PM,.0003
,StationUtils,checkPredicateFormat,PASS,,Jan 14 2020 8:02:59.8410 PM,Jan 14 2020 8:02:59.8410 PM,.0003
,StationUtils,checkPredicateFormat,PASS,,Jan 14 2020 8:02:59.8440 PM,Jan 14 2020 8:02:59.8450 PM,.0004
,StationUtils,checkPredicateFormat,PASS,,Jan 14 2020 8:02:59.8480 PM,Jan 14 2020 8:02:59.8480 PM,.0003
,StationUtils,checkPredicateFormat,PASS,,Jan 14 2020 8:02:59.8510 PM,Jan 14 2020 8:02:59.8510 PM,.0003
,StationUtils,checkPredicateFormat,PASS,,Jan 14 2020 8:02:59.8560 PM,Jan 14 2020 8:02:59.8560 PM,.0003
,StationUtils,checkPredicateFormat,PASS,,Jan 14 2020 8:02:59.8600 PM,Jan 14 2020 8:02:59.8600 PM,.0004
,StationUtils,checkPredicateFormat,PASS,,Jan 14 2020 8:02:59.8650 PM,Jan 14 2020 8:02:59.8650 PM,.0005
,StationUtils,checkPredicateFormat,PASS,,Jan 14 2020 8:02:59.8690 PM,Jan 14 2020 8:02:59.8690 PM,.0003
,StationUtils,checkPredicateFormat,PASS,,Jan 14 2020 8:02:59.8730 PM,Jan 14 2020 8:02:59.8730 PM,.0003
,StationUtils,checkPredicateFormat,PASS,,Jan 14 2020 8:02:59.8760 PM,Jan 14 2020 8:02:59.8760 PM,.0003
,StationUtils,checkPredicateFormat,PASS,,Jan 14 2020 8:02:59.8830 PM,Jan 14 2020 8:02:59.8830 PM,.0003
,StationUtils,checkPredicateFormat,PASS,,Jan 14 2020 8:02:59.8860 PM,Jan 14 2020 8:02:59.8870 PM,.0004
,StationUtils,checkPredicateFormat,PASS,,Jan 14 2020 8:02:59.9260 PM,Jan 14 2020 8:02:59.9260 PM,.0003
,StationUtils,checkPredicateFormat,PASS,,Jan 14 2020 8:02:59.9300 PM,Jan 14 2020 8:02:59.9300 PM,.0003
,StationUtils,checkPredicateFormat,PASS,,Jan 14 2020 8:02:59.9330 PM,Jan 14 2020 8:02:59.9330 PM,.0003
,StationUtils,checkPredicateFormat,PASS,,Jan 14 2020 8:02:59.9360 PM,Jan 14 2020 8:02:59.9370 PM,.0003
,StationUtils,checkPredicateFormat,PASS,,Jan 14 2020 8:02:59.9400 PM,Jan 14 2020 8:02:59.9400 PM,.0003
,StationUtils,checkPredicateFormat,PASS,,Jan 14 2020 8:02:59.9430 PM,Jan 14 2020 8:02:59.9440 PM,.0003
,StationUtils,checkPredicateFormat,PASS,,Jan 14 2020 8:02:59.9470 PM,Jan 14 2020 8:02:59.9470 PM,.0003
,StationUtils,checkPredicateFormat,PASS,,Jan 14 2020 8:02:59.9500 PM,Jan 14 2020 8:02:59.9500 PM,.0003
,StationUtils,checkPredicateFormat,PASS,,Jan 14 2020 8:03:00.0050 PM,Jan 14 2020 8:03:00.0060 PM,.0003
,StationUtils,checkPredicateFormat,PASS,,Jan 14 2020 8:03:00.0150 PM,Jan 14 2020 8:03:00.0150 PM,.0003
,StationUtils,checkPredicateFormat,PASS,,Jan 14 2020 8:03:00.0180 PM,Jan 14 2020 8:03:00.0190 PM,.0004
,StationUtils,checkPredicateFormat,PASS,,Jan 14 2020 8:03:00.0220 PM,Jan 14 2020 8:03:00.0220 PM,.0003
,StationUtils,checkPredicateFormat,PASS,,Jan 14 2020 8:03:00.0250 PM,Jan 14 2020 8:03:00.0260 PM,.0003
,StationUtils,checkPredicateFormat,PASS,,Jan 14 2020 8:03:00.0290 PM,Jan 14 2020 8:03:00.0290 PM,.0003
,StationUtils,checkPredicateFormat,PASS,,Jan 14 2020 8:03:00.0320 PM,Jan 14 2020 8:03:00.0330 PM,.0003
,StationUtils,checkPredicateFormat,PASS,,Jan 14 2020 8:03:00.0350 PM,Jan 14 2020 8:03:00.0360 PM,.0004
,StationUtils,checkPredicateFormat,PASS,,Jan 14 2020 8:03:00.0390 PM,Jan 14 2020 8:03:00.0390 PM,.0003
,StationUtils,checkPredicateFormat,PASS,,Jan 14 2020 8:03:00.0420 PM,Jan 14 2020 8:03:00.0420 PM,.0003
,StationUtils,checkPredicateFormat,PASS,,Jan 14 2020 8:03:00.0450 PM,Jan 14 2020 8:03:00.0460 PM,.0003
,StationUtils,checkPredicateFormat,PASS,,Jan 14 2020 8:03:00.0490 PM,Jan 14 2020 8:03:00.0490 PM,.0003
,StationUtils,checkPredicateFormat,PASS,,Jan 14 2020 8:03:00.0520 PM,Jan 14 2020 8:03:00.0520 PM,.0003
,StationUtils,checkPredicateFormat,PASS,,Jan 14 2020 8:03:00.0550 PM,Jan 14 2020 8:03:00.0560 PM,.0004
,StationUtils,checkPredicateFormat,PASS,,Jan 14 2020 8:03:00.0590 PM,Jan 14 2020 8:03:00.0590 PM,.0003
,StationUtils,checkPredicateFormat,PASS,,Jan 14 2020 8:03:00.0630 PM,Jan 14 2020 8:03:00.0630 PM,.0003
,StationUtils,checkPredicateFormat,PASS,,Jan 14 2020 8:03:00.0660 PM,Jan 14 2020 8:03:00.0670 PM,.0003
,StationUtils,checkPredicateFormat,PASS,,Jan 14 2020 8:03:00.0700 PM,Jan 14 2020 8:03:00.0700 PM,.0003
,StationUtils,checkPredicateFormat,PASS,,Jan 14 2020 8:03:00.0730 PM,Jan 14 2020 8:03:00.0740 PM,.0003
,StationUtils,checkPredicateFormat,PASS,,Jan 14 2020 8:03:00.1080 PM,Jan 14 2020 8:03:00.1090 PM,.0004
,StationUtils,checkPredicateFormat,PASS,,Jan 14 2020 8:03:00.1120 PM,Jan 14 2020 8:03:00.1120 PM,.0003
1. Process,RunCommand,RunCommandWithParameter,PASS,,Jan 14 2020 8:03:00.2550 PM,Jan 14 2020 8:03:00.2680 PM,.0127
1. Process,RunCommand,RunCommandWithParameter,PASS,,Jan 14 2020 8:03:00.2700 PM,Jan 14 2020 8:03:00.2830 PM,.013
3. INIT,EFIDut,open,PASS,,Jan 14 2020 8:03:03.9210 PM,Jan 14 2020 8:03:03.9900 PM,.0688
3. INIT,EFIDut,syncCmdResp,PASS,,Jan 14 2020 8:03:03.9940 PM,Jan 14 2020 8:03:04.0350 PM,.0409
3. INIT,EFIDut,sendCommand,PASS,,Jan 14 2020 8:03:04.0380 PM,Jan 14 2020 8:03:04.0790 PM,.0413
4. FIXTURE,Fixture,changeDelimiter,PASS,,Jan 14 2020 8:03:04.0860 PM,Jan 14 2020 8:03:04.0860 PM,.0001
4. FIXTURE,Fixture,changeLineTerminator,PASS,,Jan 14 2020 8:03:04.0870 PM,Jan 14 2020 8:03:04.0870 PM,0
4. FIXTURE,Fixture,open,PASS,,Jan 14 2020 8:03:04.0890 PM,Jan 14 2020 8:03:04.1180 PM,.0292
4. FIXTURE,Fixture,read,PASS,,Jan 14 2020 8:03:04.1200 PM,Jan 14 2020 8:03:04.1410 PM,.0214
4. FIXTURE,Fixture,sendCommand,PASS,,Jan 14 2020 8:03:04.3510 PM,Jan 14 2020 8:03:06.5980 PM,2.2468
4. FIXTURE,Fixture,sendCommand,PASS,,Jan 14 2020 8:03:06.6010 PM,Jan 14 2020 8:03:06.8370 PM,.2361
5. Process,EFIDut,sendCommand,PASS,,Jan 14 2020 8:03:06.8520 PM,Jan 14 2020 8:03:06.8910 PM,.0389
6. INIT,EFIDut,sendCommand,PASS,,Jan 14 2020 8:03:06.8960 PM,Jan 14 2020 8:03:07.0330 PM,.1364
7. INIT,EFIDut,sendCommand,PASS,,Jan 14 2020 8:03:07.0380 PM,Jan 14 2020 8:03:07.0650 PM,.0267
8. INIT,EFIDut,sendCommand,PASS,,Jan 14 2020 8:03:07.0720 PM,Jan 14 2020 8:03:07.5200 PM,.4485
9. INIT,EFIDut,sendCommand,PASS,,Jan 14 2020 8:03:09.5340 PM,Jan 14 2020 8:03:09.6010 PM,.0667
9. INIT,EFIDut,sendCommand,PASS,,Jan 14 2020 8:03:09.6100 PM,Jan 14 2020 8:03:09.7220 PM,.1118
9. INIT,EFIDut,sendCommand,PASS,,Jan 14 2020 8:03:09.7280 PM,Jan 14 2020 8:03:09.7860 PM,.0575
9. INIT,EFIDut,sendCommand,PASS,,Jan 14 2020 8:03:09.7930 PM,Jan 14 2020 8:03:09.8180 PM,.0252
9. INIT,EFIDut,sendCommand,PASS,,Jan 14 2020 8:03:09.8240 PM,Jan 14 2020 8:03:09.8500 PM,.0257
11. INIT,EFIDut,sendCommand,PASS,,Jan 14 2020 8:03:09.8630 PM,Jan 14 2020 8:03:09.9970 PM,.1341
11. INIT,EFIDut,sendCommand,PASS,,Jan 14 2020 8:03:10.0090 PM,Jan 14 2020 8:03:10.0570 PM,.0475
11. INIT,EFIDut,sendCommand,PASS,,Jan 14 2020 8:03:10.0660 PM,Jan 14 2020 8:03:10.2050 PM,.139
11. INIT,EFIDut,sendCommand,PASS,,Jan 14 2020 8:03:10.2120 PM,Jan 14 2020 8:03:10.2510 PM,.0396
12. POWER,EFIDut,sendCommand,PASS,,Jan 14 2020 8:03:10.2660 PM,Jan 14 2020 8:03:10.4310 PM,.1647
12. POWER,EFIDut,sendCommand,PASS,,Jan 14 2020 8:03:10.4350 PM,Jan 14 2020 8:03:10.4740 PM,.0393
12. POWER,EFIDut,sendCommand,PASS,,Jan 14 2020 8:03:10.4780 PM,Jan 14 2020 8:03:10.5670 PM,.0897
12. POWER,EFIDut,sendCommand,PASS,,Jan 14 2020 8:03:10.5710 PM,Jan 14 2020 8:03:10.6120 PM,.0414
12. POWER,EFIDut,sendCommand,PASS,,Jan 14 2020 8:03:10.6160 PM,Jan 14 2020 8:03:10.6560 PM,.0405
13. INIT,SFCSupport,getAttribute,PASS,,Jan 14 2020 8:03:10.6620 PM,Jan 14 2020 8:03:10.6850 PM,.0231
13. INIT,EFIDut,sendCommand,PASS,,Jan 14 2020 8:03:10.6920 PM,Jan 14 2020 8:03:10.8480 PM,.1558
14. INIT,EFIDut,sendCommand,PASS,,Jan 14 2020 8:03:10.8530 PM,Jan 14 2020 8:03:10.8950 PM,.0415
15. Process,EFIDut,close,PASS,,Jan 14 2020 8:03:10.9050 PM,Jan 14 2020 8:03:10.9060 PM,.0006
16. Process,DRCB,startDataReporting,PASS,,Jan 14 2020 8:03:11.0200 PM,Jan 14 2020 8:03:11.0340 PM,.0138
17. Process,EFIDut,open,PASS,,Jan 14 2020 8:03:11.0410 PM,Jan 14 2020 8:03:11.1040 PM,.0631
17. Process,EFIDut,close,PASS,,Jan 14 2020 8:03:11.1100 PM,Jan 14 2020 8:03:11.1100 PM,.0005
17. Process,DRCB,startControlBits,PASS,,Jan 14 2020 8:03:11.1140 PM,Jan 14 2020 8:03:11.4970 PM,.3825
18. Process,EFIDut,open,PASS,,Jan 14 2020 8:03:11.6080 PM,Jan 14 2020 8:03:11.6700 PM,.0622
18. Process,EFIDut,syncCmdResp,PASS,,Jan 14 2020 8:03:11.6740 PM,Jan 14 2020 8:03:11.7160 PM,.0425
19. INIT,EFIDut,sendCommand,PASS,,Jan 14 2020 8:03:11.7220 PM,Jan 14 2020 8:03:11.8440 PM,.1223
20. INIT,SFCSupport,getAttribute,PASS,,Jan 14 2020 8:03:11.8520 PM,Jan 14 2020 8:03:11.8550 PM,.0032
20. INIT,SFCSupport,getAttribute,PASS,,Jan 14 2020 8:03:11.8570 PM,Jan 14 2020 8:03:11.8600 PM,.0032
20. INIT,EFIDut,sendCommand,PASS,,Jan 14 2020 8:03:11.8670 PM,Jan 14 2020 8:03:11.9090 PM,.0417
20. INIT,EFIDut,sendCommand,PASS,,Jan 14 2020 8:03:11.9190 PM,Jan 14 2020 8:03:11.9720 PM,.0528
20. INIT,EFIDut,sendCommand,PASS,,Jan 14 2020 8:03:11.9760 PM,Jan 14 2020 8:03:12.0180 PM,.0417
20. INIT,SFCSupport,getAttribute,PASS,,Jan 14 2020 8:03:12.0250 PM,Jan 14 2020 8:03:12.0280 PM,.0031
20. INIT,SFCSupport,getAttribute,PASS,,Jan 14 2020 8:03:12.0300 PM,Jan 14 2020 8:03:12.0330 PM,.0032
20. INIT,SFCSupport,getAttribute,PASS,,Jan 14 2020 8:03:12.0350 PM,Jan 14 2020 8:03:12.0390 PM,.0038
20. INIT,SFCSupport,getAttribute,PASS,,Jan 14 2020 8:03:12.0410 PM,Jan 14 2020 8:03:12.0430 PM,.0026
20. INIT,SFCSupport,getAttribute,PASS,,Jan 14 2020 8:03:12.0450 PM,Jan 14 2020 8:03:12.0480 PM,.0034
20. INIT,SFCSupport,getAttribute,PASS,,Jan 14 2020 8:03:12.0500 PM,Jan 14 2020 8:03:12.0530 PM,.003
20. INIT,SFCSupport,getAttribute,PASS,,Jan 14 2020 8:03:12.0550 PM,Jan 14 2020 8:03:12.0590 PM,.0035
20. INIT,SFCSupport,getAttribute,PASS,,Jan 14 2020 8:03:12.0600 PM,Jan 14 2020 8:03:12.0640 PM,.0031
20. INIT,EFIDut,sendCommand,PASS,,Jan 14 2020 8:03:12.0720 PM,Jan 14 2020 8:03:12.1460 PM,.0739
20. INIT,EFIDut,sendCommand,PASS,,Jan 14 2020 8:03:12.1490 PM,Jan 14 2020 8:03:12.1940 PM,.0445
20. INIT,EFIDut,sendCommand,PASS,,Jan 14 2020 8:03:12.2030 PM,Jan 14 2020 8:03:12.4010 PM,.1987
20. INIT,EFIDut,sendCommand,PASS,,Jan 14 2020 8:03:12.4050 PM,Jan 14 2020 8:03:12.4490 PM,.0443
20. INIT,EFIDut,sendCommand,PASS,,Jan 14 2020 8:03:12.4610 PM,Jan 14 2020 8:03:12.6570 PM,.196
20. INIT,EFIDut,sendCommand,PASS,,Jan 14 2020 8:03:12.6610 PM,Jan 14 2020 8:03:12.7100 PM,.0492
20. INIT,SFCSupport,getAttribute,PASS,,Jan 14 2020 8:03:12.7190 PM,Jan 14 2020 8:03:12.7230 PM,.0033
20. INIT,EFIDut,sendCommand,PASS,,Jan 14 2020 8:03:12.7270 PM,Jan 14 2020 8:03:12.9020 PM,.1748
20. INIT,EFIDut,sendCommand,PASS,,Jan 14 2020 8:03:12.9060 PM,Jan 14 2020 8:03:12.9500 PM,.044
20. INIT,EFIDut,sendCommand,PASS,,Jan 14 2020 8:03:12.9640 PM,Jan 14 2020 8:03:13.0460 PM,.0814
20. INIT,EFIDut,sendCommand,PASS,,Jan 14 2020 8:03:13.0500 PM,Jan 14 2020 8:03:13.0940 PM,.0441
20. INIT,EFIDut,sendCommand,PASS,,Jan 14 2020 8:03:13.1030 PM,Jan 14 2020 8:03:13.1590 PM,.0558
20. INIT,EFIDut,sendCommand,PASS,,Jan 14 2020 8:03:13.1650 PM,Jan 14 2020 8:03:13.2070 PM,.0414
20. INIT,EFIDut,sendCommand,PASS,,Jan 14 2020 8:03:13.2100 PM,Jan 14 2020 8:03:13.2520 PM,.0425
21. FIXTURE,Fixture,sendCommand,PASS,,Jan 14 2020 8:03:13.2630 PM,Jan 14 2020 8:03:15.9990 PM,2.7354
22. TRISTAR,EFIDut,close,PASS,,Jan 14 2020 8:03:16.0040 PM,Jan 14 2020 8:03:16.0050 PM,.0004
22. TRISTAR,FileParser,JsonParsing,PASS,,Jan 14 2020 8:03:16.0080 PM,Jan 14 2020 8:03:16.0090 PM,.0006
22. TRISTAR,EZLink1,EZLink,PASS,,Jan 14 2020 8:03:16.0120 PM,Jan 14 2020 8:03:17.2760 PM,1.2642
22. TRISTAR,EFIDut,open,PASS,,Jan 14 2020 8:03:17.2820 PM,Jan 14 2020 8:03:17.3400 PM,.0583
22. TRISTAR,EFIDut,sendCommand,PASS,,Jan 14 2020 8:03:17.3430 PM,Jan 14 2020 8:03:17.5780 PM,.235
22. TRISTAR,EFIDut,sendCommand,PASS,,Jan 14 2020 8:03:17.5850 PM,Jan 14 2020 8:03:17.6230 PM,.0385
23. LISA,EFIDut,sendCommand,PASS,,Jan 14 2020 8:03:17.6290 PM,Jan 14 2020 8:03:17.6820 PM,.053
23. LISA,EFIDut,sendCommand,PASS,,Jan 14 2020 8:03:17.6890 PM,Jan 14 2020 8:03:17.8420 PM,.1535
23. LISA,EFIDut,sendCommand,PASS,,Jan 14 2020 8:03:17.8480 PM,Jan 14 2020 8:03:17.8890 PM,.0406
23. LISA,EFIDut,sendCommand,PASS,,Jan 14 2020 8:03:17.8930 PM,Jan 14 2020 8:03:17.9340 PM,.0414
23. LISA,EFIDut,sendCommand,PASS,,Jan 14 2020 8:03:17.9400 PM,Jan 14 2020 8:03:17.9870 PM,.0463
23. LISA,EFIDut,sendCommand,PASS,,Jan 14 2020 8:03:17.9960 PM,Jan 14 2020 8:03:18.0420 PM,.0457
23. LISA,EFIDut,sendCommand,PASS,,Jan 14 2020 8:03:18.0450 PM,Jan 14 2020 8:03:18.0880 PM,.0428
23. LISA,EFIDut,sendCommand,PASS,,Jan 14 2020 8:03:18.0950 PM,Jan 14 2020 8:03:18.1360 PM,.041
23. LISA,EFIDut,sendCommand,PASS,,Jan 14 2020 8:03:18.1420 PM,Jan 14 2020 8:03:18.6360 PM,.4947
24. FIXTURE,Fixture,sendCommand,PASS,,Jan 14 2020 8:03:18.6430 PM,Jan 14 2020 8:03:18.8600 PM,.2178
25. LISA,EFIDut,sendCommand,PASS,,Jan 14 2020 8:03:18.8660 PM,Jan 14 2020 8:03:20.3940 PM,1.528
25. LISA,EFIDut,sendCommand,PASS,,Jan 14 2020 8:03:20.3970 PM,Jan 14 2020 8:03:20.4500 PM,.0525
25. LISA,EFIDut,sendCommand,PASS,,Jan 14 2020 8:03:20.4540 PM,Jan 14 2020 8:03:20.5030 PM,.0495
25. LISA,EFIDut,sendCommand,PASS,,Jan 14 2020 8:03:20.5070 PM,Jan 14 2020 8:03:24.3420 PM,3.8354
25. LISA,EFIDut,sendCommand,PASS,,Jan 14 2020 8:03:24.3620 PM,Jan 14 2020 8:03:24.5420 PM,.1801
25. LISA,EFIDut,sendCommand,PASS,,Jan 14 2020 8:03:24.5480 PM,Jan 14 2020 8:03:24.5900 PM,.0425
25. LISA,EFIDut,sendCommand,PASS,,Jan 14 2020 8:03:24.5940 PM,Jan 14 2020 8:03:24.6330 PM,.0392
25. LISA,Fixture,sendCommand,PASS,,Jan 14 2020 8:03:24.6370 PM,Jan 14 2020 8:03:24.6470 PM,.0109
25. LISA,EFIDut,sendCommand,PASS,,Jan 14 2020 8:03:24.6510 PM,Jan 14 2020 8:03:25.2540 PM,.6031
25. LISA,EFIDut,sendCommand,PASS,,Jan 14 2020 8:03:25.2580 PM,Jan 14 2020 8:03:25.3500 PM,.0923
25. LISA,EFIDut,sendCommand,PASS,,Jan 14 2020 8:03:25.3540 PM,Jan 14 2020 8:03:25.3820 PM,.0283
26. POWER,EFIDut,sendCommand,PASS,,Jan 14 2020 8:03:25.4020 PM,Jan 14 2020 8:03:25.4620 PM,.0598
26. POWER,EFIDut,sendCommand,PASS,,Jan 14 2020 8:03:25.4690 PM,Jan 14 2020 8:03:25.5100 PM,.0405
27. IMU,EFIDut,sendCommand,PASS,,Jan 14 2020 8:03:25.5210 PM,Jan 14 2020 8:03:25.5700 PM,.0489
28. IMU,EFIDut,sendCommand,PASS,,Jan 14 2020 8:03:25.5760 PM,Jan 14 2020 8:03:25.8730 PM,.2969
29. IMU,EFIDut,sendCommand,PASS,,Jan 14 2020 8:03:25.8810 PM,Jan 14 2020 8:03:25.9370 PM,.0564
30. IMU,StationUtils,evaluatePredicate,PASS,,Jan 14 2020 8:03:25.9480 PM,Jan 14 2020 8:03:25.9480 PM,.0001
30. IMU,EFIDut,sendCommand,PASS,,Jan 14 2020 8:03:25.9520 PM,Jan 14 2020 8:03:26.0130 PM,.0602
30. IMU,StationUtils,evaluatePredicate,PASS,,Jan 14 2020 8:03:26.0150 PM,Jan 14 2020 8:03:26.0150 PM,.0001
30. IMU,StationUtils,evaluatePredicate,PASS,,Jan 14 2020 8:03:26.0200 PM,Jan 14 2020 8:03:26.0200 PM,.0001
30. IMU,StationUtils,evaluatePredicate,PASS,,Jan 14 2020 8:03:26.0250 PM,Jan 14 2020 8:03:26.0250 PM,.0001
30. IMU,StationUtils,evaluatePredicate,PASS,,Jan 14 2020 8:03:26.0300 PM,Jan 14 2020 8:03:26.0300 PM,.0001
30. IMU,StationUtils,evaluatePredicate,PASS,,Jan 14 2020 8:03:26.0360 PM,Jan 14 2020 8:03:26.0360 PM,.0001
31. IMU,StationUtils,evaluatePredicate,PASS,,Jan 14 2020 8:03:26.0460 PM,Jan 14 2020 8:03:26.0460 PM,.0001
31. IMU,EFIDut,sendCommand,PASS,,Jan 14 2020 8:03:26.0500 PM,Jan 14 2020 8:03:26.3000 PM,.2502
31. IMU,StationUtils,evaluatePredicate,PASS,,Jan 14 2020 8:03:26.3020 PM,Jan 14 2020 8:03:26.3030 PM,.0001
31. IMU,StationUtils,evaluatePredicate,PASS,,Jan 14 2020 8:03:26.3070 PM,Jan 14 2020 8:03:26.3080 PM,.0001
32. IMU,EFIDut,sendCommand,PASS,,Jan 14 2020 8:03:26.3160 PM,Jan 14 2020 8:03:26.3700 PM,.0538
33. IMU,EFIDut,sendCommand,PASS,,Jan 14 2020 8:03:26.3810 PM,Jan 14 2020 8:03:26.6740 PM,.2927
34. IMU,EFIDut,sendCommand,PASS,,Jan 14 2020 8:03:26.6790 PM,Jan 14 2020 8:03:26.8300 PM,.1514
34. IMU,EFIDut,sendCommand,PASS,,Jan 14 2020 8:03:26.8340 PM,Jan 14 2020 8:03:27.0830 PM,.249
35. IMU,EFIDut,sendCommand,PASS,,Jan 14 2020 8:03:27.0910 PM,Jan 14 2020 8:03:27.4030 PM,.3113
35. IMU,EFIDut,sendCommand,PASS,,Jan 14 2020 8:03:27.4060 PM,Jan 14 2020 8:03:27.4550 PM,.0494
35. IMU,StationUtils,evaluatePredicate,PASS,,Jan 14 2020 8:03:27.4580 PM,Jan 14 2020 8:03:27.4580 PM,0
35. IMU,EFIDut,sendCommand,PASS,,Jan 14 2020 8:03:27.4610 PM,Jan 14 2020 8:03:27.5010 PM,.04
35. IMU,StationUtils,evaluatePredicate,PASS,,Jan 14 2020 8:03:27.5040 PM,Jan 14 2020 8:03:27.5040 PM,.0001
35. IMU,EFIDut,sendCommand,PASS,,Jan 14 2020 8:03:27.5070 PM,Jan 14 2020 8:03:27.5480 PM,.0411
35. IMU,StationUtils,evaluatePredicate,PASS,,Jan 14 2020 8:03:27.5510 PM,Jan 14 2020 8:03:27.5510 PM,.0001
35. IMU,EFIDut,sendCommand,PASS,,Jan 14 2020 8:03:27.5540 PM,Jan 14 2020 8:03:27.7120 PM,.1581
35. IMU,StationUtils,evaluatePredicate,PASS,,Jan 14 2020 8:03:27.7150 PM,Jan 14 2020 8:03:27.7150 PM,.0001
35. IMU,EFIDut,sendCommand,PASS,,Jan 14 2020 8:03:27.7180 PM,Jan 14 2020 8:03:27.8660 PM,.1479
35. IMU,StationUtils,evaluatePredicate,PASS,,Jan 14 2020 8:03:27.8680 PM,Jan 14 2020 8:03:27.8680 PM,.0001
35. IMU,EFIDut,sendCommand,PASS,,Jan 14 2020 8:03:27.8720 PM,Jan 14 2020 8:03:28.0080 PM,.1357
35. IMU,StationUtils,evaluatePredicate,PASS,,Jan 14 2020 8:03:28.0100 PM,Jan 14 2020 8:03:28.0100 PM,.0001
35. IMU,EFIDut,sendCommand,PASS,,Jan 14 2020 8:03:28.0130 PM,Jan 14 2020 8:03:28.0700 PM,.0563
35. IMU,StationUtils,evaluatePredicate,PASS,,Jan 14 2020 8:03:28.0720 PM,Jan 14 2020 8:03:28.0720 PM,.0001
35. IMU,StationUtils,evaluatePredicate,PASS,,Jan 14 2020 8:03:28.0750 PM,Jan 14 2020 8:03:28.0750 PM,0
35. IMU,StationUtils,evaluatePredicate,PASS,,Jan 14 2020 8:03:28.0770 PM,Jan 14 2020 8:03:28.0770 PM,0
35. IMU,StationUtils,evaluatePredicate,PASS,,Jan 14 2020 8:03:28.0790 PM,Jan 14 2020 8:03:28.0800 PM,.0001
35. IMU,StationUtils,evaluatePredicate,PASS,,Jan 14 2020 8:03:28.0820 PM,Jan 14 2020 8:03:28.0820 PM,0
35. IMU,EFIDut,sendCommand,PASS,,Jan 14 2020 8:03:28.0860 PM,Jan 14 2020 8:03:28.1500 PM,.0637
35. IMU,EFIDut,sendCommand,PASS,,Jan 14 2020 8:03:28.1530 PM,Jan 14 2020 8:03:28.8130 PM,.66
35. IMU,StationUtils,evaluatePredicate,PASS,,Jan 14 2020 8:03:28.8180 PM,Jan 14 2020 8:03:28.8180 PM,.0001
35. IMU,EFIDut,sendCommand,PASS,,Jan 14 2020 8:03:28.8280 PM,Jan 14 2020 8:03:28.8610 PM,.0326
35. IMU,StationUtils,evaluatePredicate,PASS,,Jan 14 2020 8:03:28.8630 PM,Jan 14 2020 8:03:28.8630 PM,.0001
35. IMU,EFIDut,sendCommand,PASS,,Jan 14 2020 8:03:28.8670 PM,Jan 14 2020 8:03:28.9080 PM,.0411
35. IMU,EFIDut,sendCommand,PASS,,Jan 14 2020 8:03:28.9110 PM,Jan 14 2020 8:03:29.0140 PM,.1031
36. PRESSURE,EFIDut,sendCommand,PASS,,Jan 14 2020 8:03:29.0220 PM,Jan 14 2020 8:03:29.0690 PM,.0469
36. PRESSURE,EFIDut,sendCommand,PASS,,Jan 14 2020 8:03:29.0770 PM,Jan 14 2020 8:03:29.1170 PM,.0406
36. PRESSURE,EFIDut,sendCommand,PASS,,Jan 14 2020 8:03:29.1240 PM,Jan 14 2020 8:03:29.1890 PM,.0654
36. PRESSURE,StationUtils,evaluatePredicate,PASS,,Jan 14 2020 8:03:29.1920 PM,Jan 14 2020 8:03:29.1920 PM,.0001
36. PRESSURE,StationUtils,evaluatePredicate,PASS,,Jan 14 2020 8:03:29.1970 PM,Jan 14 2020 8:03:29.1970 PM,.0001
36. PRESSURE,StationUtils,evaluatePredicate,PASS,,Jan 14 2020 8:03:29.2020 PM,Jan 14 2020 8:03:29.2020 PM,.0001
36. PRESSURE,StationUtils,evaluatePredicate,PASS,,Jan 14 2020 8:03:29.2050 PM,Jan 14 2020 8:03:29.2050 PM,0
36. PRESSURE,StationUtils,evaluatePredicate,PASS,,Jan 14 2020 8:03:29.2070 PM,Jan 14 2020 8:03:29.2070 PM,0
36. PRESSURE,StationUtils,evaluatePredicate,PASS,,Jan 14 2020 8:03:29.2100 PM,Jan 14 2020 8:03:29.2100 PM,0
36. PRESSURE,StationUtils,evaluatePredicate,PASS,,Jan 14 2020 8:03:29.2130 PM,Jan 14 2020 8:03:29.2130 PM,0
36. PRESSURE,StationUtils,evaluatePredicate,PASS,,Jan 14 2020 8:03:29.2150 PM,Jan 14 2020 8:03:29.2150 PM,0
36. PRESSURE,EFIDut,sendCommand,PASS,,Jan 14 2020 8:03:29.2190 PM,Jan 14 2020 8:03:29.2670 PM,.0478
36. PRESSURE,EFIDut,sendCommand,PASS,,Jan 14 2020 8:03:29.2730 PM,Jan 14 2020 8:03:31.6090 PM,2.336
36. PRESSURE,StationUtils,calculateExpression,PASS,,Jan 14 2020 8:03:31.6430 PM,Jan 14 2020 8:03:31.6430 PM,.0001
36. PRESSURE,StationUtils,calculateExpression,PASS,,Jan 14 2020 8:03:31.6500 PM,Jan 14 2020 8:03:31.6500 PM,.0001
36. PRESSURE,EFIDut,sendCommand,PASS,,Jan 14 2020 8:03:31.6540 PM,Jan 14 2020 8:03:31.6980 PM,.0437
37. COMPASS,EFIDut,sendCommand,PASS,,Jan 14 2020 8:03:31.7050 PM,Jan 14 2020 8:03:31.7560 PM,.0506
37. COMPASS,EFIDut,sendCommand,PASS,,Jan 14 2020 8:03:31.7660 PM,Jan 14 2020 8:03:31.8110 PM,.0451
37. COMPASS,EFIDut,sendCommand,PASS,,Jan 14 2020 8:03:31.8190 PM,Jan 14 2020 8:03:31.9210 PM,.1017
37. COMPASS,EFIDut,sendCommand,PASS,,Jan 14 2020 8:03:31.9270 PM,Jan 14 2020 8:03:34.5120 PM,2.5854
38. COMPASS,EFIDut,sendCommand,PASS,,Jan 14 2020 8:03:34.5300 PM,Jan 14 2020 8:03:34.5740 PM,.044
38. COMPASS,EFIDut,sendCommand,PASS,,Jan 14 2020 8:03:34.5780 PM,Jan 14 2020 8:03:34.6200 PM,.0424
38. COMPASS,EFIDut,sendCommand,PASS,,Jan 14 2020 8:03:34.6240 PM,Jan 14 2020 8:03:34.6650 PM,.0405
39. CODEC,EFIDut,sendCommand,PASS,,Jan 14 2020 8:03:34.6720 PM,Jan 14 2020 8:03:34.7890 PM,.1167
39. CODEC,EFIDut,sendCommand,PASS,,Jan 14 2020 8:03:34.7930 PM,Jan 14 2020 8:03:34.8330 PM,.0399
39. CODEC,EFIDut,sendCommand,PASS,,Jan 14 2020 8:03:34.8360 PM,Jan 14 2020 8:03:34.9120 PM,.0754
39. CODEC,EFIDut,sendCommand,PASS,,Jan 14 2020 8:03:34.9270 PM,Jan 14 2020 8:03:35.1080 PM,.1806
39. CODEC,EFIDut,sendCommand,PASS,,Jan 14 2020 8:03:35.1170 PM,Jan 14 2020 8:03:35.1600 PM,.043
40. SPAM,EFIDut,close,PASS,,Jan 14 2020 8:03:35.1730 PM,Jan 14 2020 8:03:35.1730 PM,.0004
40. SPAM,StationUtils,evaluatePredicate,PASS,,Jan 14 2020 8:03:35.1750 PM,Jan 14 2020 8:03:35.1760 PM,.0001
40. SPAM,StationUtils,evaluatePredicate,PASS,,Jan 14 2020 8:03:36.6940 PM,Jan 14 2020 8:03:36.6940 PM,.0001
40. SPAM,EFIDut,open,PASS,,Jan 14 2020 8:03:38.7020 PM,Jan 14 2020 8:03:38.7700 PM,.0677
41. SENSOR,EFIDut,sendCommand,PASS,,Jan 14 2020 8:03:38.7760 PM,Jan 14 2020 8:03:40.2760 PM,1.5001
41. SENSOR,EFIDut,sendCommand,PASS,,Jan 14 2020 8:03:40.2790 PM,Jan 14 2020 8:03:40.3360 PM,.0566
41. SENSOR,EFIDut,sendCommand,PASS,,Jan 14 2020 8:03:40.3400 PM,Jan 14 2020 8:03:40.6960 PM,.3557
41. SENSOR,EFIDut,sendCommand,PASS,,Jan 14 2020 8:03:40.7370 PM,Jan 14 2020 8:03:40.7800 PM,.043
41. SENSOR,EFIDut,sendCommand,PASS,,Jan 14 2020 8:03:40.7840 PM,Jan 14 2020 8:03:40.8380 PM,.0547
42. BUTTON,EFIDut,sendCommand,PASS,,Jan 14 2020 8:03:40.8450 PM,Jan 14 2020 8:03:40.8970 PM,.0521
42. BUTTON,Fixture,sendCommand,PASS,,Jan 14 2020 8:03:40.9060 PM,Jan 14 2020 8:03:42.8550 PM,1.9491
42. BUTTON,EFIDut,sendCommand,PASS,,Jan 14 2020 8:03:42.8590 PM,Jan 14 2020 8:03:42.9000 PM,.0405
42. BUTTON,Fixture,sendCommand,PASS,,Jan 14 2020 8:03:42.9070 PM,Jan 14 2020 8:03:43.5420 PM,.6357
42. BUTTON,EFIDut,sendCommand,PASS,,Jan 14 2020 8:03:43.5460 PM,Jan 14 2020 8:03:43.5860 PM,.0398
43. BUTTON,EFIDut,sendCommand,PASS,,Jan 14 2020 8:03:43.5950 PM,Jan 14 2020 8:03:43.6330 PM,.0385
43. BUTTON,Fixture,sendCommand,PASS,,Jan 14 2020 8:03:43.6370 PM,Jan 14 2020 8:03:45.5240 PM,1.887
43. BUTTON,EFIDut,sendCommand,PASS,,Jan 14 2020 8:03:45.5280 PM,Jan 14 2020 8:03:45.5660 PM,.0375
44. RADIO,StationUtils,evaluatePredicate,PASS,,Jan 14 2020 8:03:45.5760 PM,Jan 14 2020 8:03:45.5760 PM,0
44. RADIO,StationUtils,evaluatePredicate,PASS,,Jan 14 2020 8:03:45.5780 PM,Jan 14 2020 8:03:45.5780 PM,0
44. RADIO,StationUtils,evaluatePredicate,PASS,,Jan 14 2020 8:03:45.5810 PM,Jan 14 2020 8:03:45.5810 PM,.0001
44. RADIO,StationUtils,evaluatePredicate,PASS,,Jan 14 2020 8:03:45.5840 PM,Jan 14 2020 8:03:45.5840 PM,0
44. RADIO,StationUtils,evaluatePredicate,PASS,,Jan 14 2020 8:03:45.5860 PM,Jan 14 2020 8:03:45.5860 PM,0
45. RADIO,StationUtils,evaluatePredicate,PASS,,Jan 14 2020 8:03:45.5910 PM,Jan 14 2020 8:03:45.5910 PM,.0001
45. RADIO,EFIDut,sendCommand,PASS,,Jan 14 2020 8:03:45.5950 PM,Jan 14 2020 8:03:49.5350 PM,3.9406
45. RADIO,StationUtils,evaluatePredicate,PASS,,Jan 14 2020 8:03:49.5380 PM,Jan 14 2020 8:03:49.5380 PM,.0001
46. RADIO,StationUtils,evaluatePredicate,PASS,,Jan 14 2020 8:03:49.5450 PM,Jan 14 2020 8:03:49.5450 PM,.0001
46. RADIO,EFIDut,sendCommand,PASS,,Jan 14 2020 8:03:49.5490 PM,Jan 14 2020 8:03:49.6380 PM,.0892
46. RADIO,StationUtils,evaluatePredicate,PASS,,Jan 14 2020 8:03:49.6400 PM,Jan 14 2020 8:03:49.6400 PM,.0001
47. RADIO,StationUtils,evaluatePredicate,PASS,,Jan 14 2020 8:03:49.6480 PM,Jan 14 2020 8:03:49.6480 PM,.0001
47. RADIO,EFIDut,sendCommand,PASS,,Jan 14 2020 8:03:49.6520 PM,Jan 14 2020 8:03:49.7680 PM,.1159
47. RADIO,StationUtils,evaluatePredicate,PASS,,Jan 14 2020 8:03:49.7700 PM,Jan 14 2020 8:03:49.7700 PM,.0001
47. RADIO,EFIDut,sendCommand,PASS,,Jan 14 2020 8:03:49.7740 PM,Jan 14 2020 8:03:50.1820 PM,.4081
47. RADIO,StationUtils,evaluatePredicate,PASS,,Jan 14 2020 8:03:50.1850 PM,Jan 14 2020 8:03:50.1850 PM,.0001
47. RADIO,StationUtils,evaluatePredicate,PASS,,Jan 14 2020 8:03:50.1900 PM,Jan 14 2020 8:03:50.1900 PM,.0001
47. RADIO,StationUtils,evaluatePredicate,PASS,,Jan 14 2020 8:03:50.1960 PM,Jan 14 2020 8:03:50.1960 PM,.0001
47. RADIO,StationUtils,evaluatePredicate,PASS,,Jan 14 2020 8:03:50.2010 PM,Jan 14 2020 8:03:50.2010 PM,.0001
47. RADIO,StationUtils,evaluatePredicate,PASS,,Jan 14 2020 8:03:50.2060 PM,Jan 14 2020 8:03:50.2060 PM,.0001
47. RADIO,StationUtils,evaluatePredicate,PASS,,Jan 14 2020 8:03:50.2120 PM,Jan 14 2020 8:03:50.2120 PM,0
48. RADIO,StationUtils,evaluatePredicate,PASS,,Jan 14 2020 8:03:50.2200 PM,Jan 14 2020 8:03:50.2200 PM,.0001
48. RADIO,EFIDut,sendCommand,PASS,,Jan 14 2020 8:03:50.2240 PM,Jan 14 2020 8:03:50.6140 PM,.3898
49. POWER,EFIDut,sendCommand,PASS,,Jan 14 2020 8:03:50.6190 PM,Jan 14 2020 8:03:50.6550 PM,.0363
50. Process,EFIDut,sendCommand,PASS,,Jan 14 2020 8:03:50.6620 PM,Jan 14 2020 8:03:50.7030 PM,.0411
50. Process,EFIDut,sendCommand,PASS,,Jan 14 2020 8:03:50.7070 PM,Jan 14 2020 8:03:50.7360 PM,.0284
51. Process,EFIDut,close,PASS,,Jan 14 2020 8:03:50.7410 PM,Jan 14 2020 8:03:50.7410 PM,.0004
52. Process,RunCommand,RunCommandWithParameter,PASS,,Jan 14 2020 8:03:50.8580 PM,Jan 14 2020 8:03:50.8640 PM,.0055
52. Process,RunCommand,RunCommandWithParameter,PASS,,Jan 14 2020 8:03:50.8660 PM,Jan 14 2020 8:03:50.8720 PM,.0056
52. Process,RunCommand,RunCommandWithParameter,PASS,,Jan 14 2020 8:03:50.8730 PM,Jan 14 2020 8:03:50.8790 PM,.0055
52. Process,RunCommand,RunCommandWithParameter,PASS,,Jan 14 2020 8:03:50.8810 PM,Jan 14 2020 8:03:50.8870 PM,.0067
52. Process,RunCommand,RunCommandWithParameter,PASS,,Jan 14 2020 8:03:50.8890 PM,Jan 14 2020 8:03:50.8940 PM,.005
52. Process,RunCommand,RunCommandWithParameter,PASS,,Jan 14 2020 8:03:50.8960 PM,Jan 14 2020 8:03:50.9020 PM,.006
52. Process,RunCommand,RunCommandWithParameter,PASS,,Jan 14 2020 8:03:50.9040 PM,Jan 14 2020 8:03:50.9090 PM,.0046
52. Process,DRCB,addBlob,PASS,,Jan 14 2020 8:03:50.9100 PM,Jan 14 2020 8:03:50.9100 PM,.0002
53. Process,DRCB,finish,PASS,,Jan 14 2020 8:03:50.9180 PM,Jan 14 2020 8:03:51.7130 PM,.7954
54. Process,EFIDut,open,PASS,,Jan 14 2020 8:03:51.7200 PM,Jan 14 2020 8:03:51.7730 PM,.053
54. Process,StationUtils,evaluatePredicate,PASS,,Jan 14 2020 8:03:51.7760 PM,Jan 14 2020 8:03:51.7760 PM,.0001
54. Process,EFIDut,sendCommand,PASS,,Jan 14 2020 8:03:51.7820 PM,Jan 14 2020 8:03:52.8860 PM,1.1033
54. Process,Fixture,sendCommand,PASS,,Jan 14 2020 8:03:52.8900 PM,Jan 14 2020 8:03:55.0990 PM,2.209
54. Process,EFIDut,close,PASS,,Jan 14 2020 8:03:55.1020 PM,Jan 14 2020 8:03:55.1030 PM,.0004
