Related Test,Type,Name,Value
Scan SN,Device,serialnumber,FTPYV06WN5T7
Start Data Reporting,Device,softwarename,Atlas 1.9.2
Start Data Reporting,Device,serialnumber,FTPYV06WN5T7
Start Data Reporting,Device,softwareversion,V2.0.6.1_forCYG_debug
Start Data Reporting,Device,limitsversion,1
BUILD EVENT,Device,BUILD_EVENT,R128-P1
S_BUILD,Device,S_BUILD,R128-P1_P12-M3
WO_SN,Device,WO_SN,WCS-J6000C
UNIT LBL,Device,UNIT_LBL,R128-P1_P12-M3_P00263
Read MLB SN,Device,mlbsn,DLX92460084N4731W
Read Main FW Version After DL,Device,STFW,0x80
Touch FW,Device,TOUCH_FW,0x0497
