Related Test,Name-1,Name-2,Name-3,Status,Info,Measurement,Units,Upper Limit,Lower Limit,Relaxed Upper Limit,Relaxed Lower Limit,Limit Units,Start Time,End Time,Duration (s)
Scan SN,,,,,,,,,,,,,Jul 10 2019 4:33:43.8730 PM,Jul 10 2019 4:33:56.7070 PM,12.8346
Scan SN,Scan SN,AtlasApp-Hyperion,show-form,PASS,,,,,,,,,Jul 10 2019 4:33:43.8740 PM,Jul 10 2019 4:33:56.7060 PM,12.8325
Start Data Reporting,,,,,,,,,,,,,Jul 10 2019 4:33:56.7090 PM,Jul 10 2019 4:33:56.7220 PM,.0125
Start Data Reporting,Start Data Reporting,DRCB,StartDataReporting,PASS,,,,,,,,,Jul 10 2019 4:33:56.7130 PM,Jul 10 2019 4:33:56.7210 PM,.0078
Get SFC Info,,,,,,,,,,,,,Jul 10 2019 4:33:56.7230 PM,Jul 10 2019 4:33:56.7710 PM,.0477
Get SFC Info,Get SFC Info,SFCSupport,getAttributes,PASS,,,,,,,,,Jul 10 2019 4:33:56.7250 PM,Jul 10 2019 4:33:56.7530 PM,.028
Get SFC Info,Get SFC Info,GET SFC info - pansa,DKB9247009KN5RQ0V,PASS,,,,,,,,,Jul 10 2019 4:33:56.7540 PM,Jul 10 2019 4:33:56.7540 PM,0
Get SFC Info,Get SFC Info,SFCSupport,getAttributes-2,PASS,,,,,,,,,Jul 10 2019 4:33:56.7550 PM,Jul 10 2019 4:33:56.7590 PM,.0042
Get SFC Info,Get SFC Info,GET SFC info - unit_lbl,R128-P1_P12-M3_P00263,PASS,,,,,,,,,Jul 10 2019 4:33:56.7600 PM,Jul 10 2019 4:33:56.7600 PM,0
Get SFC Info,Get SFC Info,SFCSupport,getAttributes-3,PASS,,,,,,,,,Jul 10 2019 4:33:56.7610 PM,Jul 10 2019 4:33:56.7640 PM,.0033
Get SFC Info,Get SFC Info,GET SFC info - wo_no,WCS-J6000C,PASS,,,,,,,,,Jul 10 2019 4:33:56.7650 PM,Jul 10 2019 4:33:56.7650 PM,0
Get SFC Info,Get SFC Info,SFCSupport,getAttributes-4,PASS,,,,,,,,,Jul 10 2019 4:33:56.7660 PM,Jul 10 2019 4:33:56.7700 PM,.004
Get SFC Info,Get SFC Info,GET SFC info - mlb_sn,DLX92460084N4731W,PASS,,,,,,,,,Jul 10 2019 4:33:56.7710 PM,Jul 10 2019 4:33:56.7710 PM,0
BUILD EVENT,,,,,,,,,,,,,Jul 10 2019 4:33:56.7730 PM,Jul 10 2019 4:33:56.7730 PM,.0005
BUILD EVENT,BUILD EVENT,BUILD_EVENT,R128-P1,PASS,,,,,,,,,Jul 10 2019 4:33:56.7730 PM,Jul 10 2019 4:33:56.7730 PM,0
S_BUILD,,,,,,,,,,,,,Jul 10 2019 4:33:56.7750 PM,Jul 10 2019 4:33:56.7750 PM,.0005
S_BUILD,S_BUILD,S_BUILD,R128-P1_P12-M3,PASS,,,,,,,,,Jul 10 2019 4:33:56.7750 PM,Jul 10 2019 4:33:56.7750 PM,0
WO_SN,,,,,,,,,,,,,Jul 10 2019 4:33:56.7770 PM,Jul 10 2019 4:33:56.7770 PM,.0006
WO_SN,WO_SN,Get wo_no Pass,,PASS,,,,,,,,,Jul 10 2019 4:33:56.7770 PM,Jul 10 2019 4:33:56.7770 PM,0
UNIT LBL,,,,,,,,,,,,,Jul 10 2019 4:33:56.7800 PM,Jul 10 2019 4:33:56.7800 PM,.0006
UNIT LBL,UNIT LBL,Get unit_lbl Pass,,PASS,,,,,,,,,Jul 10 2019 4:33:56.7800 PM,Jul 10 2019 4:33:56.7800 PM,0
Endpoint init,,,,,,,,,,,,,Jul 10 2019 4:33:56.7820 PM,Jul 10 2019 4:34:12.9690 PM,16.1869
Endpoint init,Endpoint init,"[rpc] dutgpio_set_pin(7,0)",,PASS,,,,,,,,,Jul 10 2019 4:33:56.7830 PM,Jul 10 2019 4:33:56.7880 PM,.0049
Endpoint init,Endpoint init,"[rpc] dutgpio_set_pin(7,1)",,PASS,,,,,,,,,Jul 10 2019 4:33:59.8650 PM,Jul 10 2019 4:33:59.8700 PM,.0045
Endpoint init,Endpoint init,"[rpc] myiocontrol_set_Bit(24,1)",,PASS,,,,,,,,,Jul 10 2019 4:34:02.9400 PM,Jul 10 2019 4:34:02.9470 PM,.0067
Endpoint init,Endpoint init,"[rpc] myiocontrol_set_Bit(25,1)",,PASS,,,,,,,,,Jul 10 2019 4:34:02.9480 PM,Jul 10 2019 4:34:02.9550 PM,.0067
Endpoint init,Endpoint init,[Hid] /usr/local/bin/hidreport -p 0x026F -i 0 set 0x3D 0x3D 0x13 0x0 0x0 0x0,,PASS,,,,,,,,,Jul 10 2019 4:34:06.0680 PM,Jul 10 2019 4:34:06.0680 PM,0
Endpoint init,Endpoint init,IOFileHandle,writeToFile,PASS,,,,,,,,,Jul 10 2019 4:34:06.0690 PM,Jul 10 2019 4:34:06.0700 PM,.0004
Endpoint init,Endpoint init,[Hid] /usr/local/bin/hidreport -p 0x026F -i 0 set 0x3E 0x3E 0x13 0x0 0x0 0x0 0x2,,PASS,,,,,,,,,Jul 10 2019 4:34:06.4760 PM,Jul 10 2019 4:34:06.4760 PM,0
Endpoint init,Endpoint init,IOFileHandle,writeToFile-2,PASS,,,,,,,,,Jul 10 2019 4:34:06.4780 PM,Jul 10 2019 4:34:06.4780 PM,.0002
Endpoint init,Endpoint init,"[rpc] myiocontrol_set_Bit(24,0)",,PASS,,,,,,,,,Jul 10 2019 4:34:06.8500 PM,Jul 10 2019 4:34:06.8570 PM,.0067
Endpoint init,Endpoint init,"[rpc] myiocontrol_set_Bit(25,0)",,PASS,,,,,,,,,Jul 10 2019 4:34:06.8580 PM,Jul 10 2019 4:34:06.8650 PM,.0065
Endpoint init,Endpoint init,"[rpc] dutgpio_set_pin(7,0)-2",,PASS,,,,,,,,,Jul 10 2019 4:34:06.8660 PM,Jul 10 2019 4:34:06.8710 PM,.0044
Endpoint init,Endpoint init,"[rpc] myiocontrol_set_Bit(24,1)-2",,PASS,,,,,,,,,Jul 10 2019 4:34:09.9470 PM,Jul 10 2019 4:34:09.9540 PM,.0067
Endpoint init,Endpoint init,"[rpc] myiocontrol_set_Bit(25,1)-2",,PASS,,,,,,,,,Jul 10 2019 4:34:09.9560 PM,Jul 10 2019 4:34:09.9620 PM,.0066
Endpoint init,Endpoint init,"[rpc] dutgpio_set_pin(7,1)-2",,PASS,,,,,,,,,Jul 10 2019 4:34:09.9640 PM,Jul 10 2019 4:34:09.9680 PM,.0043
Auth Check,,,,,,,,,,,,,Jul 10 2019 4:34:12.9710 PM,Jul 10 2019 4:34:19.1000 PM,6.1295
Auth Check,Auth Check,P203,changeDelimiter,PASS,,,,,,,,,Jul 10 2019 4:34:12.9730 PM,Jul 10 2019 4:34:12.9730 PM,0
Auth Check,Auth Check,P203,changeLineTerminator,PASS,,,,,,,,,Jul 10 2019 4:34:12.9740 PM,Jul 10 2019 4:34:12.9740 PM,0
Auth Check,Auth Check,P203,open,PASS,,,,,,,,,Jul 10 2019 4:34:12.9760 PM,Jul 10 2019 4:34:14.5710 PM,1.5956
Auth Check,Auth Check,P203,read,PASS,,,,,,,,,Jul 10 2019 4:34:14.5730 PM,Jul 10 2019 4:34:14.6020 PM,.0288
Auth Check,Auth Check,P203,read-2,PASS,,,,,,,,,Jul 10 2019 4:34:14.6040 PM,Jul 10 2019 4:34:14.6320 PM,.0279
Auth Check,Auth Check,[P203] aid tx bd 1 3 24 71 3 10 0 00,sendCommandChars,PASS,,,,,,,,,Jul 10 2019 4:34:14.6330 PM,Jul 10 2019 4:34:14.6990 PM,.0659
Auth Check,Auth Check,P203,read-3,PASS,,,,,,,,,Jul 10 2019 4:34:14.7020 PM,Jul 10 2019 4:34:14.7020 PM,.0002
Auth Check,Auth Check,P203,read-4,PASS,,,,,,,,,Jul 10 2019 4:34:14.7030 PM,Jul 10 2019 4:34:14.7320 PM,.0292
Auth Check,Auth Check,[P203] aid tx bd 1 3 24 71 3 10 0 00,sendCommandChars-2,PASS,,,,,,,,,Jul 10 2019 4:34:14.7340 PM,Jul 10 2019 4:34:14.7680 PM,.0346
Auth Check,Auth Check,P203,read-5,PASS,,,,,,,,,Jul 10 2019 4:34:14.7710 PM,Jul 10 2019 4:34:14.7710 PM,.0002
Auth Check,Auth Check,P203,read-6,PASS,,,,,,,,,Jul 10 2019 4:34:14.7720 PM,Jul 10 2019 4:34:14.7930 PM,.0205
Auth Check,Auth Check,[P203] aid tx bd 1 3 24 71 3 10 0 00,sendCommandChars-3,PASS,,,,,,,,,Jul 10 2019 4:34:14.7940 PM,Jul 10 2019 4:34:14.8300 PM,.0362
Auth Check,Auth Check,P203,read-7,PASS,,,,,,,,,Jul 10 2019 4:34:14.8330 PM,Jul 10 2019 4:34:14.8330 PM,.0001
Auth Check,Auth Check,P203,read-8,PASS,,,,,,,,,Jul 10 2019 4:34:14.8340 PM,Jul 10 2019 4:34:14.8630 PM,.0289
Auth Check,Auth Check,[P203] aid tx bd 1 3 24 71 3 10 0 00,sendCommandChars-4,PASS,,,,,,,,,Jul 10 2019 4:34:14.8640 PM,Jul 10 2019 4:34:14.8990 PM,.0345
Auth Check,Auth Check,P203,read-9,PASS,,,,,,,,,Jul 10 2019 4:34:14.9010 PM,Jul 10 2019 4:34:14.9020 PM,.0001
Auth Check,Auth Check,P203,read-10,PASS,,,,,,,,,Jul 10 2019 4:34:14.9030 PM,Jul 10 2019 4:34:14.9330 PM,.0305
Auth Check,Auth Check,[P203] aid tx bd 1 3 24 71 3 10 0 00,sendCommandChars-5,PASS,,,,,,,,,Jul 10 2019 4:34:14.9350 PM,Jul 10 2019 4:34:14.9710 PM,.0363
Auth Check,Auth Check,P203,read-11,PASS,,,,,,,,,Jul 10 2019 4:34:14.9740 PM,Jul 10 2019 4:34:14.9740 PM,.0002
Auth Check,Auth Check,P203,read-12,PASS,,,,,,,,,Jul 10 2019 4:34:14.9750 PM,Jul 10 2019 4:34:15.0040 PM,.0286
Auth Check,Auth Check,[P203] aid tx bd 2 3 24 71 3 10 0 00,sendCommandChars,PASS,,,,,,,,,Jul 10 2019 4:34:15.0050 PM,Jul 10 2019 4:34:15.0410 PM,.0359
Auth Check,Auth Check,P203,read-13,PASS,,,,,,,,,Jul 10 2019 4:34:15.0440 PM,Jul 10 2019 4:34:15.0440 PM,.0001
Auth Check,Auth Check,P203,read-14,PASS,,,,,,,,,Jul 10 2019 4:34:15.0450 PM,Jul 10 2019 4:34:15.0740 PM,.0289
Auth Check,Auth Check,P203,read-15,PASS,,,,,,,,,Jul 10 2019 4:34:15.0760 PM,Jul 10 2019 4:34:15.1040 PM,.0283
Auth Check,Auth Check,[P203] aid tx bd 3 2 24 71 3 10 8,sendCommandChars,PASS,,,,,,,,,Jul 10 2019 4:34:15.1060 PM,Jul 10 2019 4:34:15.1400 PM,.0344
Auth Check,Auth Check,1. Fetch device info,,PASS,,,,,,,,,Jul 10 2019 4:34:15.1420 PM,Jul 10 2019 4:34:15.1420 PM,0
Auth Check,Auth Check,      version: 0x07,,PASS,,,,,,,,,Jul 10 2019 4:34:15.1420 PM,Jul 10 2019 4:34:15.1420 PM,0
Auth Check,Auth Check,auth revision: 0x01,,PASS,,,,,,,,,Jul 10 2019 4:34:15.1420 PM,Jul 10 2019 4:34:15.1420 PM,0
Auth Check,Auth Check,auth protocol: 0x0300,,PASS,,,,,,,,,Jul 10 2019 4:34:15.1420 PM,Jul 10 2019 4:34:15.1420 PM,0
Auth Check,Auth Check,    device ID: 0x00000300,,PASS,,,,,,,,,Jul 10 2019 4:34:15.1420 PM,Jul 10 2019 4:34:15.1420 PM,0
Auth Check,Auth Check,P203,read-16,PASS,,,,,,,,,Jul 10 2019 4:34:15.1440 PM,Jul 10 2019 4:34:15.1440 PM,.0002
Auth Check,Auth Check,P203,read-17,PASS,,,,,,,,,Jul 10 2019 4:34:15.1450 PM,Jul 10 2019 4:34:15.1740 PM,.0292
Auth Check,Auth Check,[P203] aid tx bd 4 3 24 71 3 10 0 30,sendCommandChars,PASS,,,,,,,,,Jul 10 2019 4:34:15.1760 PM,Jul 10 2019 4:34:15.2120 PM,.0362
Auth Check,Auth Check,P203,read-18,PASS,,,,,,,,,Jul 10 2019 4:34:15.2140 PM,Jul 10 2019 4:34:15.2150 PM,.0001
Auth Check,Auth Check,P203,read-19,PASS,,,,,,,,,Jul 10 2019 4:34:15.2160 PM,Jul 10 2019 4:34:15.2450 PM,.0289
Auth Check,Auth Check,P203,read-20,PASS,,,,,,,,,Jul 10 2019 4:34:15.2470 PM,Jul 10 2019 4:34:15.2750 PM,.0282
Auth Check,Auth Check,[P203] aid tx bd 5 2 24 71 3 10 2,sendCommandChars,PASS,,,,,,,,,Jul 10 2019 4:34:15.2760 PM,Jul 10 2019 4:34:15.3100 PM,.0337
Auth Check,Auth Check,2. Fetch cert length,,PASS,,,,,,,,,Jul 10 2019 4:34:15.3120 PM,Jul 10 2019 4:34:15.3120 PM,0
Auth Check,Auth Check,P203,read-21,PASS,,,,,,,,,Jul 10 2019 4:34:15.3130 PM,Jul 10 2019 4:34:15.3130 PM,.0001
Auth Check,Auth Check,P203,read-22,PASS,,,,,,,,,Jul 10 2019 4:34:15.3150 PM,Jul 10 2019 4:34:15.3350 PM,.0205
Auth Check,Auth Check,[P203] aid tx bd 6 3 24 71 3 10 0 31,sendCommandChars,PASS,,,,,,,,,Jul 10 2019 4:34:15.3370 PM,Jul 10 2019 4:34:15.3720 PM,.0353
Auth Check,Auth Check,P203,read-23,PASS,,,,,,,,,Jul 10 2019 4:34:15.3740 PM,Jul 10 2019 4:34:15.3740 PM,.0001
Auth Check,Auth Check,P203,read-24,PASS,,,,,,,,,Jul 10 2019 4:34:15.3760 PM,Jul 10 2019 4:34:15.4050 PM,.0296
Auth Check,Auth Check,P203,read-25,PASS,,,,,,,,,Jul 10 2019 4:34:15.4070 PM,Jul 10 2019 4:34:15.4350 PM,.0283
Auth Check,Auth Check,[P203] aid tx bd 7 2 24 71 3 10 23,sendCommandChars,PASS,,,,,,,,,Jul 10 2019 4:34:15.4370 PM,Jul 10 2019 4:34:15.4730 PM,.0359
Auth Check,Auth Check,P203,read-26,PASS,,,,,,,,,Jul 10 2019 4:34:15.4760 PM,Jul 10 2019 4:34:15.4760 PM,.0001
Auth Check,Auth Check,P203,read-27,PASS,,,,,,,,,Jul 10 2019 4:34:15.4770 PM,Jul 10 2019 4:34:15.5060 PM,.0289
Auth Check,Auth Check,P203,read-28,PASS,,,,,,,,,Jul 10 2019 4:34:15.5080 PM,Jul 10 2019 4:34:15.5360 PM,.0282
Auth Check,Auth Check,[P203] aid tx bd 8 2 24 71 3 10 23,sendCommandChars,PASS,,,,,,,,,Jul 10 2019 4:34:15.5370 PM,Jul 10 2019 4:34:15.5730 PM,.0353
Auth Check,Auth Check,P203,read-29,PASS,,,,,,,,,Jul 10 2019 4:34:15.5750 PM,Jul 10 2019 4:34:15.5760 PM,.0002
Auth Check,Auth Check,P203,read-30,PASS,,,,,,,,,Jul 10 2019 4:34:15.5770 PM,Jul 10 2019 4:34:15.6060 PM,.0294
Auth Check,Auth Check,P203,read-31,PASS,,,,,,,,,Jul 10 2019 4:34:15.6080 PM,Jul 10 2019 4:34:15.6360 PM,.0282
Auth Check,Auth Check,[P203] aid tx bd 9 2 24 71 3 10 23,sendCommandChars,PASS,,,,,,,,,Jul 10 2019 4:34:15.6380 PM,Jul 10 2019 4:34:15.6740 PM,.0359
Auth Check,Auth Check,P203,read-32,PASS,,,,,,,,,Jul 10 2019 4:34:15.6760 PM,Jul 10 2019 4:34:15.6770 PM,.0001
Auth Check,Auth Check,P203,read-33,PASS,,,,,,,,,Jul 10 2019 4:34:15.6780 PM,Jul 10 2019 4:34:15.7070 PM,.029
Auth Check,Auth Check,P203,read-34,PASS,,,,,,,,,Jul 10 2019 4:34:15.7090 PM,Jul 10 2019 4:34:15.7370 PM,.0281
Auth Check,Auth Check,[P203] aid tx bd a 2 24 71 3 10 17,sendCommandChars,PASS,,,,,,,,,Jul 10 2019 4:34:15.7380 PM,Jul 10 2019 4:34:15.7740 PM,.0355
Auth Check,Auth Check,P203,read-35,PASS,,,,,,,,,Jul 10 2019 4:34:15.7770 PM,Jul 10 2019 4:34:15.7770 PM,.0002
Auth Check,Auth Check,P203,read-36,PASS,,,,,,,,,Jul 10 2019 4:34:15.7780 PM,Jul 10 2019 4:34:15.8070 PM,.0288
Auth Check,Auth Check,[P203] aid tx bd b 3 24 71 3 10 0 32,sendCommandChars,PASS,,,,,,,,,Jul 10 2019 4:34:15.8090 PM,Jul 10 2019 4:34:15.8440 PM,.0353
Auth Check,Auth Check,P203,read-37,PASS,,,,,,,,,Jul 10 2019 4:34:15.8460 PM,Jul 10 2019 4:34:15.8470 PM,.0001
Auth Check,Auth Check,P203,read-38,PASS,,,,,,,,,Jul 10 2019 4:34:15.8480 PM,Jul 10 2019 4:34:15.8770 PM,.0297
Auth Check,Auth Check,P203,read-39,PASS,,,,,,,,,Jul 10 2019 4:34:15.8790 PM,Jul 10 2019 4:34:15.9080 PM,.0283
Auth Check,Auth Check,[P203] aid tx bd c 2 24 71 3 10 23,sendCommandChars,PASS,,,,,,,,,Jul 10 2019 4:34:15.9090 PM,Jul 10 2019 4:34:15.9450 PM,.0357
Auth Check,Auth Check,P203,read-40,PASS,,,,,,,,,Jul 10 2019 4:34:15.9470 PM,Jul 10 2019 4:34:15.9480 PM,.0002
Auth Check,Auth Check,P203,read-41,PASS,,,,,,,,,Jul 10 2019 4:34:15.9490 PM,Jul 10 2019 4:34:15.9780 PM,.029
Auth Check,Auth Check,P203,read-42,PASS,,,,,,,,,Jul 10 2019 4:34:15.9800 PM,Jul 10 2019 4:34:16.0080 PM,.0284
Auth Check,Auth Check,[P203] aid tx bd d 2 24 71 3 10 23,sendCommandChars,PASS,,,,,,,,,Jul 10 2019 4:34:16.0090 PM,Jul 10 2019 4:34:16.0450 PM,.0352
Auth Check,Auth Check,P203,read-43,PASS,,,,,,,,,Jul 10 2019 4:34:16.0470 PM,Jul 10 2019 4:34:16.0470 PM,.0002
Auth Check,Auth Check,P203,read-44,PASS,,,,,,,,,Jul 10 2019 4:34:16.0490 PM,Jul 10 2019 4:34:16.0780 PM,.0295
Auth Check,Auth Check,P203,read-45,PASS,,,,,,,,,Jul 10 2019 4:34:16.0800 PM,Jul 10 2019 4:34:16.1080 PM,.0283
Auth Check,Auth Check,[P203] aid tx bd e 2 24 71 3 10 23,sendCommandChars,PASS,,,,,,,,,Jul 10 2019 4:34:16.1100 PM,Jul 10 2019 4:34:16.1460 PM,.036
Auth Check,Auth Check,P203,read-46,PASS,,,,,,,,,Jul 10 2019 4:34:16.1490 PM,Jul 10 2019 4:34:16.1490 PM,.0002
Auth Check,Auth Check,P203,read-47,PASS,,,,,,,,,Jul 10 2019 4:34:16.1510 PM,Jul 10 2019 4:34:16.1790 PM,.0273
Auth Check,Auth Check,P203,read-48,PASS,,,,,,,,,Jul 10 2019 4:34:16.1810 PM,Jul 10 2019 4:34:16.2090 PM,.0283
Auth Check,Auth Check,[P203] aid tx bd f 2 24 71 3 10 17,sendCommandChars,PASS,,,,,,,,,Jul 10 2019 4:34:16.2100 PM,Jul 10 2019 4:34:16.2460 PM,.0362
Auth Check,Auth Check,P203,read-49,PASS,,,,,,,,,Jul 10 2019 4:34:16.2500 PM,Jul 10 2019 4:34:16.2500 PM,.0001
Auth Check,Auth Check,P203,read-50,PASS,,,,,,,,,Jul 10 2019 4:34:16.2510 PM,Jul 10 2019 4:34:16.2790 PM,.0282
Auth Check,Auth Check,[P203] aid tx bd 10 3 24 71 3 10 0 33,sendCommandChars,PASS,,,,,,,,,Jul 10 2019 4:34:16.2810 PM,Jul 10 2019 4:34:16.3160 PM,.0358
Auth Check,Auth Check,P203,read-51,PASS,,,,,,,,,Jul 10 2019 4:34:16.3190 PM,Jul 10 2019 4:34:16.3190 PM,.0001
Auth Check,Auth Check,P203,read-52,PASS,,,,,,,,,Jul 10 2019 4:34:16.3200 PM,Jul 10 2019 4:34:16.3490 PM,.0291
Auth Check,Auth Check,P203,read-53,PASS,,,,,,,,,Jul 10 2019 4:34:16.3510 PM,Jul 10 2019 4:34:16.3720 PM,.0208
Auth Check,Auth Check,[P203] aid tx bd 11 2 24 71 3 10 23,sendCommandChars,PASS,,,,,,,,,Jul 10 2019 4:34:16.3740 PM,Jul 10 2019 4:34:16.4110 PM,.037
Auth Check,Auth Check,P203,read-54,PASS,,,,,,,,,Jul 10 2019 4:34:16.4130 PM,Jul 10 2019 4:34:16.4140 PM,.0002
Auth Check,Auth Check,P203,read-55,PASS,,,,,,,,,Jul 10 2019 4:34:16.4150 PM,Jul 10 2019 4:34:16.4400 PM,.0251
Auth Check,Auth Check,P203,read-56,PASS,,,,,,,,,Jul 10 2019 4:34:16.4420 PM,Jul 10 2019 4:34:16.4700 PM,.0284
Auth Check,Auth Check,[P203] aid tx bd 12 2 24 71 3 10 23,sendCommandChars,PASS,,,,,,,,,Jul 10 2019 4:34:16.4710 PM,Jul 10 2019 4:34:16.5070 PM,.0358
Auth Check,Auth Check,P203,read-57,PASS,,,,,,,,,Jul 10 2019 4:34:16.5100 PM,Jul 10 2019 4:34:16.5100 PM,.0001
Auth Check,Auth Check,P203,read-58,PASS,,,,,,,,,Jul 10 2019 4:34:16.5110 PM,Jul 10 2019 4:34:16.5400 PM,.029
Auth Check,Auth Check,P203,read-59,PASS,,,,,,,,,Jul 10 2019 4:34:16.5420 PM,Jul 10 2019 4:34:16.5700 PM,.0281
Auth Check,Auth Check,[P203] aid tx bd 13 2 24 71 3 10 23,sendCommandChars,PASS,,,,,,,,,Jul 10 2019 4:34:16.5720 PM,Jul 10 2019 4:34:16.6080 PM,.0358
Auth Check,Auth Check,P203,read-60,PASS,,,,,,,,,Jul 10 2019 4:34:16.6100 PM,Jul 10 2019 4:34:16.6100 PM,.0001
Auth Check,Auth Check,P203,read-61,PASS,,,,,,,,,Jul 10 2019 4:34:16.6120 PM,Jul 10 2019 4:34:16.6410 PM,.029
Auth Check,Auth Check,P203,read-62,PASS,,,,,,,,,Jul 10 2019 4:34:16.6430 PM,Jul 10 2019 4:34:16.6710 PM,.0282
Auth Check,Auth Check,[P203] aid tx bd 14 2 24 71 3 10 17,sendCommandChars,PASS,,,,,,,,,Jul 10 2019 4:34:16.6720 PM,Jul 10 2019 4:34:16.7070 PM,.0351
Auth Check,Auth Check,P203,read-63,PASS,,,,,,,,,Jul 10 2019 4:34:16.7100 PM,Jul 10 2019 4:34:16.7100 PM,.0001
Auth Check,Auth Check,P203,read-64,PASS,,,,,,,,,Jul 10 2019 4:34:16.7120 PM,Jul 10 2019 4:34:16.7410 PM,.0295
Auth Check,Auth Check,[P203] aid tx bd 15 3 24 71 3 10 0 34,sendCommandChars,PASS,,,,,,,,,Jul 10 2019 4:34:16.7430 PM,Jul 10 2019 4:34:16.7780 PM,.0357
Auth Check,Auth Check,P203,read-65,PASS,,,,,,,,,Jul 10 2019 4:34:16.7810 PM,Jul 10 2019 4:34:16.7810 PM,.0002
Auth Check,Auth Check,P203,read-66,PASS,,,,,,,,,Jul 10 2019 4:34:16.7820 PM,Jul 10 2019 4:34:16.8110 PM,.0292
Auth Check,Auth Check,P203,read-67,PASS,,,,,,,,,Jul 10 2019 4:34:16.8130 PM,Jul 10 2019 4:34:16.8410 PM,.0283
Auth Check,Auth Check,[P203] aid tx bd 16 2 24 71 3 10 23,sendCommandChars,PASS,,,,,,,,,Jul 10 2019 4:34:16.8430 PM,Jul 10 2019 4:34:16.8780 PM,.0353
Auth Check,Auth Check,P203,read-68,PASS,,,,,,,,,Jul 10 2019 4:34:16.8810 PM,Jul 10 2019 4:34:16.8810 PM,.0002
Auth Check,Auth Check,P203,read-69,PASS,,,,,,,,,Jul 10 2019 4:34:16.8820 PM,Jul 10 2019 4:34:16.9120 PM,.0295
Auth Check,Auth Check,P203,read-70,PASS,,,,,,,,,Jul 10 2019 4:34:16.9140 PM,Jul 10 2019 4:34:16.9350 PM,.0209
Auth Check,Auth Check,[P203] aid tx bd 17 2 24 71 3 10 23,sendCommandChars,PASS,,,,,,,,,Jul 10 2019 4:34:16.9360 PM,Jul 10 2019 4:34:16.9720 PM,.0361
Auth Check,Auth Check,P203,read-71,PASS,,,,,,,,,Jul 10 2019 4:34:16.9750 PM,Jul 10 2019 4:34:16.9750 PM,.0001
Auth Check,Auth Check,P203,read-72,PASS,,,,,,,,,Jul 10 2019 4:34:16.9760 PM,Jul 10 2019 4:34:17.0020 PM,.0261
Auth Check,Auth Check,P203,read-73,PASS,,,,,,,,,Jul 10 2019 4:34:17.0040 PM,Jul 10 2019 4:34:17.0300 PM,.0259
Auth Check,Auth Check,[P203] aid tx bd 18 2 24 71 3 10 23,sendCommandChars,PASS,,,,,,,,,Jul 10 2019 4:34:17.0320 PM,Jul 10 2019 4:34:17.0690 PM,.0373
Auth Check,Auth Check,P203,read-74,PASS,,,,,,,,,Jul 10 2019 4:34:17.0720 PM,Jul 10 2019 4:34:17.0720 PM,.0002
Auth Check,Auth Check,P203,read-75,PASS,,,,,,,,,Jul 10 2019 4:34:17.0730 PM,Jul 10 2019 4:34:17.1010 PM,.0278
Auth Check,Auth Check,P203,read-76,PASS,,,,,,,,,Jul 10 2019 4:34:17.1030 PM,Jul 10 2019 4:34:17.1240 PM,.0208
Auth Check,Auth Check,[P203] aid tx bd 19 2 24 71 3 10 17,sendCommandChars,PASS,,,,,,,,,Jul 10 2019 4:34:17.1250 PM,Jul 10 2019 4:34:17.1610 PM,.0361
Auth Check,Auth Check,P203,read-77,PASS,,,,,,,,,Jul 10 2019 4:34:17.1640 PM,Jul 10 2019 4:34:17.1640 PM,.0001
Auth Check,Auth Check,P203,read-78,PASS,,,,,,,,,Jul 10 2019 4:34:17.1660 PM,Jul 10 2019 4:34:17.1870 PM,.0213
Auth Check,Auth Check,[P203] aid tx bd 1a 3 24 71 3 10 0 35,sendCommandChars,PASS,,,,,,,,,Jul 10 2019 4:34:17.1880 PM,Jul 10 2019 4:34:17.2250 PM,.0366
Auth Check,Auth Check,P203,read-79,PASS,,,,,,,,,Jul 10 2019 4:34:17.2280 PM,Jul 10 2019 4:34:17.2280 PM,.0002
Auth Check,Auth Check,P203,read-80,PASS,,,,,,,,,Jul 10 2019 4:34:17.2290 PM,Jul 10 2019 4:34:17.2530 PM,.0243
Auth Check,Auth Check,P203,read-81,PASS,,,,,,,,,Jul 10 2019 4:34:17.2550 PM,Jul 10 2019 4:34:17.2830 PM,.0284
Auth Check,Auth Check,[P203] aid tx bd 1b 2 24 71 3 10 23,sendCommandChars,PASS,,,,,,,,,Jul 10 2019 4:34:17.2850 PM,Jul 10 2019 4:34:17.3210 PM,.0359
Auth Check,Auth Check,P203,read-82,PASS,,,,,,,,,Jul 10 2019 4:34:17.3230 PM,Jul 10 2019 4:34:17.3240 PM,.0002
Auth Check,Auth Check,P203,read-83,PASS,,,,,,,,,Jul 10 2019 4:34:17.3250 PM,Jul 10 2019 4:34:17.3540 PM,.0289
Auth Check,Auth Check,P203,read-84,PASS,,,,,,,,,Jul 10 2019 4:34:17.3560 PM,Jul 10 2019 4:34:17.3840 PM,.0283
Auth Check,Auth Check,[P203] aid tx bd 1c 2 24 71 3 10 23,sendCommandChars,PASS,,,,,,,,,Jul 10 2019 4:34:17.3850 PM,Jul 10 2019 4:34:17.4210 PM,.0355
Auth Check,Auth Check,P203,read-85,PASS,,,,,,,,,Jul 10 2019 4:34:17.4240 PM,Jul 10 2019 4:34:17.4240 PM,.0001
Auth Check,Auth Check,P203,read-86,PASS,,,,,,,,,Jul 10 2019 4:34:17.4250 PM,Jul 10 2019 4:34:17.4540 PM,.0294
Auth Check,Auth Check,P203,read-87,PASS,,,,,,,,,Jul 10 2019 4:34:17.4560 PM,Jul 10 2019 4:34:17.4840 PM,.0284
Auth Check,Auth Check,[P203] aid tx bd 1d 2 24 71 3 10 1b,sendCommandChars,PASS,,,,,,,,,Jul 10 2019 4:34:17.4860 PM,Jul 10 2019 4:34:17.5210 PM,.035
Auth Check,Auth Check,3. Fetch cert,,PASS,,,,,,,,,Jul 10 2019 4:34:17.5230 PM,Jul 10 2019 4:34:17.5230 PM,0
Auth Check,Auth Check,IOFileHandle,writeCertFile,PASS,,,,,,,,,Jul 10 2019 4:34:17.5250 PM,Jul 10 2019 4:34:17.5320 PM,.0063
Auth Check,Auth Check,4. Save cert,,PASS,,,,,,,,,Jul 10 2019 4:34:17.5330 PM,Jul 10 2019 4:34:17.5330 PM,0
Auth Check,Auth Check,[HID] /usr/local/bin/mfi-cert validate-cert v3 /Users/gdlocal/Intelli_Log/cert.der,,PASS,,,,,,,,,Jul 10 2019 4:34:17.5730 PM,Jul 10 2019 4:34:17.5730 PM,0
Auth Check,Auth Check,5. Validate cert,,PASS,,,,,,,,,Jul 10 2019 4:34:17.5740 PM,Jul 10 2019 4:34:17.5740 PM,0
Auth Check,Auth Check,[HID] /usr/local/bin/mfi-cert gen-challenge /Users/gdlocal/Intelli_Log/cert.der /Users/gdlocal/Intelli_Log/challenge.bin,,PASS,,,,,,,,,Jul 10 2019 4:34:17.6070 PM,Jul 10 2019 4:34:17.6070 PM,0
Auth Check,Auth Check,6. Generate challenge,,PASS,,,,,,,,,Jul 10 2019 4:34:17.6080 PM,Jul 10 2019 4:34:17.6080 PM,0
Auth Check,Auth Check,P203,read-88,PASS,,,,,,,,,Jul 10 2019 4:34:17.6160 PM,Jul 10 2019 4:34:17.6160 PM,.0001
Auth Check,Auth Check,P203,read-89,PASS,,,,,,,,,Jul 10 2019 4:34:17.6180 PM,Jul 10 2019 4:34:17.6450 PM,.0271
Auth Check,Auth Check,[P203] aid tx bd 1e 5 24 71 3 10 0 20 00 20,sendCommandChars,PASS,,,,,,,,,Jul 10 2019 4:34:17.6460 PM,Jul 10 2019 4:34:17.6700 PM,.0241
Auth Check,Auth Check,P203,read-90,PASS,,,,,,,,,Jul 10 2019 4:34:17.6740 PM,Jul 10 2019 4:34:17.6740 PM,.0002
Auth Check,Auth Check,P203,read-91,PASS,,,,,,,,,Jul 10 2019 4:34:17.6760 PM,Jul 10 2019 4:34:17.7020 PM,.0261
Auth Check,Auth Check,[P203] aid tx bd 1f 23 24 71 3 10 0 21 46 c9 c8 81 12 c4 6d 76 57 25 c3 e0 2b 9f b4 1a e1 be b1 b5 75 77 48 70 fa 8e 8b 3f 56 bc 55 b2,sendCommandChars,PASS,,,,,,,,,Jul 10 2019 4:34:17.7030 PM,Jul 10 2019 4:34:17.7730 PM,.0696
Auth Check,Auth Check,P203,read-92,PASS,,,,,,,,,Jul 10 2019 4:34:17.7760 PM,Jul 10 2019 4:34:17.7760 PM,.0001
Auth Check,Auth Check,P203,read-93,PASS,,,,,,,,,Jul 10 2019 4:34:17.7770 PM,Jul 10 2019 4:34:17.8050 PM,.0279
Auth Check,Auth Check,[P203] aid tx bd 20 4 24 71 3 10 0 10 01,sendCommandChars,PASS,,,,,,,,,Jul 10 2019 4:34:17.8070 PM,Jul 10 2019 4:34:17.8440 PM,.037
Auth Check,Auth Check,P203,read-94,PASS,,,,,,,,,Jul 10 2019 4:34:18.4200 PM,Jul 10 2019 4:34:18.4200 PM,.0001
Auth Check,Auth Check,P203,read-95,PASS,,,,,,,,,Jul 10 2019 4:34:18.4210 PM,Jul 10 2019 4:34:18.4490 PM,.0272
Auth Check,Auth Check,[P203] aid tx bd 21 3 24 71 3 10 0 10,sendCommandChars,PASS,,,,,,,,,Jul 10 2019 4:34:18.4500 PM,Jul 10 2019 4:34:18.5020 PM,.0519
Auth Check,Auth Check,P203,read-96,PASS,,,,,,,,,Jul 10 2019 4:34:18.5040 PM,Jul 10 2019 4:34:18.5170 PM,.0126
Auth Check,Auth Check,P203,read-97,PASS,,,,,,,,,Jul 10 2019 4:34:18.5190 PM,Jul 10 2019 4:34:18.5490 PM,.0303
Auth Check,Auth Check,P203,read-98,PASS,,,,,,,,,Jul 10 2019 4:34:18.5510 PM,Jul 10 2019 4:34:18.5790 PM,.0281
Auth Check,Auth Check,[P203] aid tx bd 22 2 24 71 3 10 1,sendCommandChars,PASS,,,,,,,,,Jul 10 2019 4:34:18.5800 PM,Jul 10 2019 4:34:18.6150 PM,.0348
Auth Check,Auth Check,7. Send challenge,,PASS,,,,,,,,,Jul 10 2019 4:34:18.6170 PM,Jul 10 2019 4:34:18.6170 PM,0
Auth Check,Auth Check,P203,read-99,PASS,,,,,,,,,Jul 10 2019 4:34:18.6190 PM,Jul 10 2019 4:34:18.6190 PM,.0001
Auth Check,Auth Check,P203,read-100,PASS,,,,,,,,,Jul 10 2019 4:34:18.6200 PM,Jul 10 2019 4:34:18.6490 PM,.029
Auth Check,Auth Check,[P203] aid tx bd 23 3 24 71 3 10 0 11,sendCommandChars,PASS,,,,,,,,,Jul 10 2019 4:34:18.6510 PM,Jul 10 2019 4:34:18.6860 PM,.0356
Auth Check,Auth Check,P203,read-101,PASS,,,,,,,,,Jul 10 2019 4:34:18.6890 PM,Jul 10 2019 4:34:18.6890 PM,.0002
Auth Check,Auth Check,P203,read-102,PASS,,,,,,,,,Jul 10 2019 4:34:18.6900 PM,Jul 10 2019 4:34:18.7190 PM,.0293
Auth Check,Auth Check,P203,read-103,PASS,,,,,,,,,Jul 10 2019 4:34:18.7210 PM,Jul 10 2019 4:34:18.7490 PM,.0281
Auth Check,Auth Check,[P203] aid tx bd 24 2 24 71 3 10 2,sendCommandChars,PASS,,,,,,,,,Jul 10 2019 4:34:18.7510 PM,Jul 10 2019 4:34:18.7850 PM,.0342
Auth Check,Auth Check,P203,read-104,PASS,,,,,,,,,Jul 10 2019 4:34:18.7880 PM,Jul 10 2019 4:34:18.7880 PM,.0002
Auth Check,Auth Check,P203,read-105,PASS,,,,,,,,,Jul 10 2019 4:34:18.7900 PM,Jul 10 2019 4:34:18.8200 PM,.0302
Auth Check,Auth Check,[P203] aid tx bd 25 3 24 71 3 10 0 12,sendCommandChars,PASS,,,,,,,,,Jul 10 2019 4:34:18.8210 PM,Jul 10 2019 4:34:18.8550 PM,.0335
Auth Check,Auth Check,P203,read-106,PASS,,,,,,,,,Jul 10 2019 4:34:18.8570 PM,Jul 10 2019 4:34:18.8570 PM,.0001
Auth Check,Auth Check,P203,read-107,PASS,,,,,,,,,Jul 10 2019 4:34:18.8590 PM,Jul 10 2019 4:34:18.8800 PM,.0212
Auth Check,Auth Check,P203,read-108,PASS,,,,,,,,,Jul 10 2019 4:34:18.8820 PM,Jul 10 2019 4:34:18.9100 PM,.0282
Auth Check,Auth Check,[P203] aid tx bd 26 2 24 71 3 10 23,sendCommandChars,PASS,,,,,,,,,Jul 10 2019 4:34:18.9110 PM,Jul 10 2019 4:34:18.9450 PM,.0338
Auth Check,Auth Check,P203,read-109,PASS,,,,,,,,,Jul 10 2019 4:34:18.9480 PM,Jul 10 2019 4:34:18.9480 PM,.0002
Auth Check,Auth Check,P203,read-110,PASS,,,,,,,,,Jul 10 2019 4:34:18.9490 PM,Jul 10 2019 4:34:18.9700 PM,.0212
Auth Check,Auth Check,P203,read-111,PASS,,,,,,,,,Jul 10 2019 4:34:18.9720 PM,Jul 10 2019 4:34:19.0000 PM,.0276
Auth Check,Auth Check,[P203] aid tx bd 27 2 24 71 3 10 1d,sendCommandChars,PASS,,,,,,,,,Jul 10 2019 4:34:19.0010 PM,Jul 10 2019 4:34:19.0360 PM,.0344
Auth Check,Auth Check,IOFileHandle,writeCertFile-2,PASS,,,,,,,,,Jul 10 2019 4:34:19.0380 PM,Jul 10 2019 4:34:19.0400 PM,.0015
Auth Check,Auth Check,8. Get challenge response,,PASS,,,,,,,,,Jul 10 2019 4:34:19.0410 PM,Jul 10 2019 4:34:19.0410 PM,0
Auth Check,Auth Check,[HID] /usr/local/bin/mfi-cert verify-response /Users/gdlocal/Intelli_Log/cert.der /Users/gdlocal/Intelli_Log/challenge.bin /Users/gdlocal/Intelli_Log/challenge_resp.bin,,PASS,,,,,,,,,Jul 10 2019 4:34:19.0990 PM,Jul 10 2019 4:34:19.0990 PM,0
Auth Check,Auth Check,9. Verify challenge response,,PASS,,,,,,,,,Jul 10 2019 4:34:19.1000 PM,Jul 10 2019 4:34:19.1000 PM,0
Query MLB SN,,,,,,,,,,,,,Jul 10 2019 4:34:19.1080 PM,Jul 10 2019 4:34:19.1080 PM,.0006
Query MLB SN,Query MLB SN,Query MLB SN,DLX92460084N4731W,PASS,,,,,,,,,Jul 10 2019 4:34:19.1080 PM,Jul 10 2019 4:34:19.1080 PM,0
Read MLB SN,,,,,,,,,,,,,Jul 10 2019 4:34:19.1100 PM,Jul 10 2019 4:34:22.6110 PM,3.5013
Read MLB SN,Read MLB SN,[Hid] /usr/local/bin/hidreport -v 0x05ac -p 0x026F -i 0 get 0x12,,PASS,,,,,,,,,Jul 10 2019 4:34:22.2310 PM,Jul 10 2019 4:34:22.2310 PM,0
Read MLB SN,Read MLB SN,IOFileHandle,writeToFile,PASS,,,,,,,,,Jul 10 2019 4:34:22.2320 PM,Jul 10 2019 4:34:22.2320 PM,.0001
Read MLB SN,Read MLB SN,Read MLB SN,DLX92460084N4731W,PASS,,,,,,,,,Jul 10 2019 4:34:22.6110 PM,Jul 10 2019 4:34:22.6110 PM,0
Check MLB SN,,,,,,,,,,,,,Jul 10 2019 4:34:22.6130 PM,Jul 10 2019 4:34:22.6140 PM,.0005
Check MLB SN,Check MLB SN,Check MLB SN,,PASS,,,,,,,,,Jul 10 2019 4:34:22.6140 PM,Jul 10 2019 4:34:22.6140 PM,0
Read Main FW Version Before DL,,,,,,,,,,,,,Jul 10 2019 4:34:22.6150 PM,Jul 10 2019 4:34:23.0400 PM,.4249
Read Main FW Version Before DL,Read Main FW Version Before DL,[Hid] /usr/local/bin/hidreport -p 0x026F -i 0 get 0xB4,,PASS,,,,,,,,,Jul 10 2019 4:34:22.6700 PM,Jul 10 2019 4:34:22.6700 PM,0
Read Main FW Version Before DL,Read Main FW Version Before DL,IOFileHandle,writeToFile,PASS,,,,,,,,,Jul 10 2019 4:34:22.6710 PM,Jul 10 2019 4:34:22.6710 PM,.0001
Read Main FW Version Before DL,Read Main FW Version Before DL,Read FW Version Before DL,0x80,PASS,,,,,,,,,Jul 10 2019 4:34:23.0400 PM,Jul 10 2019 4:34:23.0400 PM,0
Read Main FW Version Before DL,Read Main FW Version Before DL,Read FW Version Before DL,,PASS,,128,NA,,,,,NA,Jul 10 2019 4:34:23.0400 PM,Jul 10 2019 4:34:23.0400 PM,0
Program MTFW,,,,,,,,,,,,,Jul 10 2019 4:34:23.0420 PM,Jul 10 2019 4:34:23.4720 PM,.4301
Program MTFW,Program MTFW,[Hid] /usr/local/bin/hidreport -p 0x026F -i 0 get 0xbb,,PASS,,,,,,,,,Jul 10 2019 4:34:23.0960 PM,Jul 10 2019 4:34:23.0960 PM,0
Program MTFW,Program MTFW,IOFileHandle,writeToFile,PASS,,,,,,,,,Jul 10 2019 4:34:23.0970 PM,Jul 10 2019 4:34:23.0970 PM,.0001
Program MTFW,Program MTFW,"Skip download: already contain Touch FW, version: 0x0497",,PASS,,,,,,,,,Jul 10 2019 4:34:23.4720 PM,Jul 10 2019 4:34:23.4720 PM,0
Program Main FW,,,,,,,,,,,,,Jul 10 2019 4:34:23.4740 PM,Jul 10 2019 4:35:43.1430 PM,79.6691
Program Main FW,Program Main FW,[Hid] /usr/local/bin/hidreport -p 0x026F -i 0 get 0xBC,,PASS,,,,,,,,,Jul 10 2019 4:34:24.5950 PM,Jul 10 2019 4:34:24.5950 PM,0
Program Main FW,Program Main FW,IOFileHandle,writeToFile,PASS,,,,,,,,,Jul 10 2019 4:34:24.5960 PM,Jul 10 2019 4:34:24.5960 PM,.0002
Program Main FW,Program Main FW,[Hid] /usr/local/bin/shfuc -n -v 0x05ac -p 0x026F -f /usr/local/bin/R128-v0x0080-dev-signed.128.P1.afu,,PASS,,,,,,,,,Jul 10 2019 4:35:31.3860 PM,Jul 10 2019 4:35:31.3860 PM,0
Program Main FW,Program Main FW,IOFileHandle,writeToFile-2,PASS,,,,,,,,,Jul 10 2019 4:35:31.3880 PM,Jul 10 2019 4:35:31.3880 PM,.0002
Program Main FW,Program Main FW,ProgramMainFW,,PASS,,,,,,,,,Jul 10 2019 4:35:31.7570 PM,Jul 10 2019 4:35:31.7570 PM,0
Program Main FW,Program Main FW,"[rpc] myiocontrol_set_Bit(24,0)",,PASS,,,,,,,,,Jul 10 2019 4:35:34.8240 PM,Jul 10 2019 4:35:34.8310 PM,.0068
Program Main FW,Program Main FW,"[rpc] myiocontrol_set_Bit(25,0)",,PASS,,,,,,,,,Jul 10 2019 4:35:35.9000 PM,Jul 10 2019 4:35:35.9060 PM,.0066
Program Main FW,Program Main FW,"[rpc] myiocontrol_set_Bit(24,1)",,PASS,,,,,,,,,Jul 10 2019 4:35:38.9810 PM,Jul 10 2019 4:35:38.9880 PM,.0067
Program Main FW,Program Main FW,"[rpc] myiocontrol_set_Bit(25,1)",,PASS,,,,,,,,,Jul 10 2019 4:35:40.0610 PM,Jul 10 2019 4:35:40.0680 PM,.007
Read Main FW Version After DL,,,,,,,,,,,,,Jul 10 2019 4:35:43.1450 PM,Jul 10 2019 4:35:43.5660 PM,.4206
Read Main FW Version After DL,Read Main FW Version After DL,[Hid] /usr/local/bin/hidreport -p 0x026F -i 0 get 0xb4,,PASS,,,,,,,,,Jul 10 2019 4:35:43.1920 PM,Jul 10 2019 4:35:43.1920 PM,0
Read Main FW Version After DL,Read Main FW Version After DL,IOFileHandle,writeToFile,PASS,,,,,,,,,Jul 10 2019 4:35:43.1930 PM,Jul 10 2019 4:35:43.1940 PM,.0001
Read Main FW Version After DL,Read Main FW Version After DL,Read FW Version After DL,,PASS,,,,,,,,,Jul 10 2019 4:35:43.5660 PM,Jul 10 2019 4:35:43.5660 PM,0
Read Main FW Version After DL,Read Main FW Version After DL,Read FW Version After DL-2,,PASS,,128,NA,128,128,,,NA,Jul 10 2019 4:35:43.5660 PM,Jul 10 2019 4:35:43.5660 PM,0
Touch FW,,,,,,,,,,,,,Jul 10 2019 4:35:43.5680 PM,Jul 10 2019 4:35:43.9880 PM,.4201
Touch FW,Touch FW,[Hid] /usr/local/bin/hidreport -p 0x026F -i 0 get 0xbb,,PASS,,,,,,,,,Jul 10 2019 4:35:43.6150 PM,Jul 10 2019 4:35:43.6150 PM,0
Touch FW,Touch FW,IOFileHandle,writeToFile,PASS,,,,,,,,,Jul 10 2019 4:35:43.6160 PM,Jul 10 2019 4:35:43.6170 PM,.0001
Touch FW,Touch FW,Touch FW,,PASS,,,,,,,,,Jul 10 2019 4:35:43.9880 PM,Jul 10 2019 4:35:43.9880 PM,0
Finish DRCB,,,,,,,,,,,,,Jul 10 2019 4:35:43.9900 PM,Jul 10 2019 4:35:44.1470 PM,.1573
Finish DRCB,Finish DRCB,[rpc] test_FinishTest,,PASS,,,,,,,,,Jul 10 2019 4:35:43.9910 PM,Jul 10 2019 4:35:43.9950 PM,.0042
Finish DRCB,Finish DRCB,[rpc] myiocontrol_TurnAllOff(0),,PASS,,,,,,,,,Jul 10 2019 4:35:43.9970 PM,Jul 10 2019 4:35:44.0030 PM,.0063
Finish DRCB,Finish DRCB,DRCB,Finish,PASS,,,,,,,,,Jul 10 2019 4:35:44.0050 PM,Jul 10 2019 4:35:44.1470 PM,.1416
