Test,Plugin,Command,Status,Info,Start Time,End Time,Duration (s)
Scan SN,com.apple.hwte.atlas.AppPlugin,show-form,PASS,,Jul 10 2019 4:33:43.8740 PM,Jul 10 2019 4:33:56.7060 PM,12.8325
Start Data Reporting,DRCB,startDataReporting,PASS,,Jul 10 2019 4:33:56.7130 PM,Jul 10 2019 4:33:56.7210 PM,.0078
Get SFC Info,SFCSupport,getAttribute,PASS,,Jul 10 2019 4:33:56.7250 PM,Jul 10 2019 4:33:56.7530 PM,.0281
Get SFC Info,SFCSupport,getAttribute,PASS,,Jul 10 2019 4:33:56.7550 PM,Jul 10 2019 4:33:56.7590 PM,.0043
Get SFC Info,SFCSupport,getAttribute,PASS,,Jul 10 2019 4:33:56.7610 PM,Jul 10 2019 4:33:56.7640 PM,.0033
Get SFC Info,SFCSupport,getAttribute,PASS,,Jul 10 2019 4:33:56.7660 PM,Jul 10 2019 4:33:56.7700 PM,.004
Endpoint init,rpcCall,RPCSendAndGet,PASS,,Jul 10 2019 4:33:56.7830 PM,Jul 10 2019 4:33:56.7880 PM,.005
Endpoint init,rpcCall,RPCSendAndGet,PASS,,Jul 10 2019 4:33:59.8650 PM,Jul 10 2019 4:33:59.8700 PM,.0045
Endpoint init,rpcCall,RPCSendAndGet,PASS,,Jul 10 2019 4:34:02.9400 PM,Jul 10 2019 4:34:02.9470 PM,.0067
Endpoint init,rpcCall,RPCSendAndGet,PASS,,Jul 10 2019 4:34:02.9480 PM,Jul 10 2019 4:34:02.9550 PM,.0067
Endpoint init,IOFileHandle,writeToFile,PASS,,Jul 10 2019 4:34:06.0690 PM,Jul 10 2019 4:34:06.0700 PM,.0004
Endpoint init,IOFileHandle,writeToFile,PASS,,Jul 10 2019 4:34:06.4780 PM,Jul 10 2019 4:34:06.4780 PM,.0002
Endpoint init,rpcCall,RPCSendAndGet,PASS,,Jul 10 2019 4:34:06.8500 PM,Jul 10 2019 4:34:06.8570 PM,.0067
Endpoint init,rpcCall,RPCSendAndGet,PASS,,Jul 10 2019 4:34:06.8580 PM,Jul 10 2019 4:34:06.8650 PM,.0065
Endpoint init,rpcCall,RPCSendAndGet,PASS,,Jul 10 2019 4:34:06.8660 PM,Jul 10 2019 4:34:06.8710 PM,.0044
Endpoint init,rpcCall,RPCSendAndGet,PASS,,Jul 10 2019 4:34:09.9470 PM,Jul 10 2019 4:34:09.9540 PM,.0067
Endpoint init,rpcCall,RPCSendAndGet,PASS,,Jul 10 2019 4:34:09.9560 PM,Jul 10 2019 4:34:09.9620 PM,.0066
Endpoint init,rpcCall,RPCSendAndGet,PASS,,Jul 10 2019 4:34:09.9640 PM,Jul 10 2019 4:34:09.9680 PM,.0043
Auth Check,P203,changeDelimiter,PASS,,Jul 10 2019 4:34:12.9730 PM,Jul 10 2019 4:34:12.9730 PM,.0001
Auth Check,P203,changeLineTerminator,PASS,,Jul 10 2019 4:34:12.9740 PM,Jul 10 2019 4:34:12.9740 PM,0
Auth Check,P203,open,PASS,,Jul 10 2019 4:34:12.9760 PM,Jul 10 2019 4:34:14.5710 PM,1.5957
Auth Check,P203,read,PASS,,Jul 10 2019 4:34:14.5730 PM,Jul 10 2019 4:34:14.6020 PM,.0288
Auth Check,P203,read,PASS,,Jul 10 2019 4:34:14.6040 PM,Jul 10 2019 4:34:14.6320 PM,.028
Auth Check,P203,sendCommandChars,PASS,,Jul 10 2019 4:34:14.6330 PM,Jul 10 2019 4:34:14.6990 PM,.0659
Auth Check,P203,read,PASS,,Jul 10 2019 4:34:14.7020 PM,Jul 10 2019 4:34:14.7020 PM,.0002
Auth Check,P203,read,PASS,,Jul 10 2019 4:34:14.7030 PM,Jul 10 2019 4:34:14.7320 PM,.0293
Auth Check,P203,sendCommandChars,PASS,,Jul 10 2019 4:34:14.7340 PM,Jul 10 2019 4:34:14.7680 PM,.0346
Auth Check,P203,read,PASS,,Jul 10 2019 4:34:14.7710 PM,Jul 10 2019 4:34:14.7710 PM,.0002
Auth Check,P203,read,PASS,,Jul 10 2019 4:34:14.7720 PM,Jul 10 2019 4:34:14.7930 PM,.0206
Auth Check,P203,sendCommandChars,PASS,,Jul 10 2019 4:34:14.7940 PM,Jul 10 2019 4:34:14.8300 PM,.0362
Auth Check,P203,read,PASS,,Jul 10 2019 4:34:14.8330 PM,Jul 10 2019 4:34:14.8330 PM,.0002
Auth Check,P203,read,PASS,,Jul 10 2019 4:34:14.8340 PM,Jul 10 2019 4:34:14.8630 PM,.0289
Auth Check,P203,sendCommandChars,PASS,,Jul 10 2019 4:34:14.8640 PM,Jul 10 2019 4:34:14.8990 PM,.0345
Auth Check,P203,read,PASS,,Jul 10 2019 4:34:14.9010 PM,Jul 10 2019 4:34:14.9020 PM,.0002
Auth Check,P203,read,PASS,,Jul 10 2019 4:34:14.9030 PM,Jul 10 2019 4:34:14.9330 PM,.0305
Auth Check,P203,sendCommandChars,PASS,,Jul 10 2019 4:34:14.9350 PM,Jul 10 2019 4:34:14.9710 PM,.0363
Auth Check,P203,read,PASS,,Jul 10 2019 4:34:14.9740 PM,Jul 10 2019 4:34:14.9740 PM,.0002
Auth Check,P203,read,PASS,,Jul 10 2019 4:34:14.9750 PM,Jul 10 2019 4:34:15.0040 PM,.0287
Auth Check,P203,sendCommandChars,PASS,,Jul 10 2019 4:34:15.0050 PM,Jul 10 2019 4:34:15.0410 PM,.0359
Auth Check,P203,read,PASS,,Jul 10 2019 4:34:15.0440 PM,Jul 10 2019 4:34:15.0440 PM,.0002
Auth Check,P203,read,PASS,,Jul 10 2019 4:34:15.0450 PM,Jul 10 2019 4:34:15.0740 PM,.0289
Auth Check,P203,read,PASS,,Jul 10 2019 4:34:15.0760 PM,Jul 10 2019 4:34:15.1040 PM,.0283
Auth Check,P203,sendCommandChars,PASS,,Jul 10 2019 4:34:15.1060 PM,Jul 10 2019 4:34:15.1400 PM,.0344
Auth Check,P203,read,PASS,,Jul 10 2019 4:34:15.1440 PM,Jul 10 2019 4:34:15.1440 PM,.0002
Auth Check,P203,read,PASS,,Jul 10 2019 4:34:15.1450 PM,Jul 10 2019 4:34:15.1740 PM,.0293
Auth Check,P203,sendCommandChars,PASS,,Jul 10 2019 4:34:15.1760 PM,Jul 10 2019 4:34:15.2120 PM,.0362
Auth Check,P203,read,PASS,,Jul 10 2019 4:34:15.2140 PM,Jul 10 2019 4:34:15.2150 PM,.0002
Auth Check,P203,read,PASS,,Jul 10 2019 4:34:15.2160 PM,Jul 10 2019 4:34:15.2450 PM,.0289
Auth Check,P203,read,PASS,,Jul 10 2019 4:34:15.2470 PM,Jul 10 2019 4:34:15.2750 PM,.0282
Auth Check,P203,sendCommandChars,PASS,,Jul 10 2019 4:34:15.2760 PM,Jul 10 2019 4:34:15.3100 PM,.0337
Auth Check,P203,read,PASS,,Jul 10 2019 4:34:15.3130 PM,Jul 10 2019 4:34:15.3130 PM,.0001
Auth Check,P203,read,PASS,,Jul 10 2019 4:34:15.3150 PM,Jul 10 2019 4:34:15.3350 PM,.0205
Auth Check,P203,sendCommandChars,PASS,,Jul 10 2019 4:34:15.3370 PM,Jul 10 2019 4:34:15.3720 PM,.0353
Auth Check,P203,read,PASS,,Jul 10 2019 4:34:15.3740 PM,Jul 10 2019 4:34:15.3740 PM,.0002
Auth Check,P203,read,PASS,,Jul 10 2019 4:34:15.3760 PM,Jul 10 2019 4:34:15.4050 PM,.0296
Auth Check,P203,read,PASS,,Jul 10 2019 4:34:15.4070 PM,Jul 10 2019 4:34:15.4350 PM,.0283
Auth Check,P203,sendCommandChars,PASS,,Jul 10 2019 4:34:15.4370 PM,Jul 10 2019 4:34:15.4730 PM,.0359
Auth Check,P203,read,PASS,,Jul 10 2019 4:34:15.4760 PM,Jul 10 2019 4:34:15.4760 PM,.0002
Auth Check,P203,read,PASS,,Jul 10 2019 4:34:15.4770 PM,Jul 10 2019 4:34:15.5060 PM,.0289
Auth Check,P203,read,PASS,,Jul 10 2019 4:34:15.5080 PM,Jul 10 2019 4:34:15.5360 PM,.0282
Auth Check,P203,sendCommandChars,PASS,,Jul 10 2019 4:34:15.5370 PM,Jul 10 2019 4:34:15.5730 PM,.0354
Auth Check,P203,read,PASS,,Jul 10 2019 4:34:15.5750 PM,Jul 10 2019 4:34:15.5760 PM,.0002
Auth Check,P203,read,PASS,,Jul 10 2019 4:34:15.5770 PM,Jul 10 2019 4:34:15.6060 PM,.0294
Auth Check,P203,read,PASS,,Jul 10 2019 4:34:15.6080 PM,Jul 10 2019 4:34:15.6360 PM,.0282
Auth Check,P203,sendCommandChars,PASS,,Jul 10 2019 4:34:15.6380 PM,Jul 10 2019 4:34:15.6740 PM,.036
Auth Check,P203,read,PASS,,Jul 10 2019 4:34:15.6760 PM,Jul 10 2019 4:34:15.6770 PM,.0002
Auth Check,P203,read,PASS,,Jul 10 2019 4:34:15.6780 PM,Jul 10 2019 4:34:15.7070 PM,.029
Auth Check,P203,read,PASS,,Jul 10 2019 4:34:15.7090 PM,Jul 10 2019 4:34:15.7370 PM,.0281
Auth Check,P203,sendCommandChars,PASS,,Jul 10 2019 4:34:15.7380 PM,Jul 10 2019 4:34:15.7740 PM,.0355
Auth Check,P203,read,PASS,,Jul 10 2019 4:34:15.7770 PM,Jul 10 2019 4:34:15.7770 PM,.0002
Auth Check,P203,read,PASS,,Jul 10 2019 4:34:15.7780 PM,Jul 10 2019 4:34:15.8070 PM,.0288
Auth Check,P203,sendCommandChars,PASS,,Jul 10 2019 4:34:15.8090 PM,Jul 10 2019 4:34:15.8440 PM,.0353
Auth Check,P203,read,PASS,,Jul 10 2019 4:34:15.8460 PM,Jul 10 2019 4:34:15.8470 PM,.0001
Auth Check,P203,read,PASS,,Jul 10 2019 4:34:15.8480 PM,Jul 10 2019 4:34:15.8770 PM,.0297
Auth Check,P203,read,PASS,,Jul 10 2019 4:34:15.8790 PM,Jul 10 2019 4:34:15.9080 PM,.0283
Auth Check,P203,sendCommandChars,PASS,,Jul 10 2019 4:34:15.9090 PM,Jul 10 2019 4:34:15.9450 PM,.0357
Auth Check,P203,read,PASS,,Jul 10 2019 4:34:15.9470 PM,Jul 10 2019 4:34:15.9480 PM,.0002
Auth Check,P203,read,PASS,,Jul 10 2019 4:34:15.9490 PM,Jul 10 2019 4:34:15.9780 PM,.029
Auth Check,P203,read,PASS,,Jul 10 2019 4:34:15.9800 PM,Jul 10 2019 4:34:16.0080 PM,.0284
Auth Check,P203,sendCommandChars,PASS,,Jul 10 2019 4:34:16.0090 PM,Jul 10 2019 4:34:16.0450 PM,.0352
Auth Check,P203,read,PASS,,Jul 10 2019 4:34:16.0470 PM,Jul 10 2019 4:34:16.0470 PM,.0002
Auth Check,P203,read,PASS,,Jul 10 2019 4:34:16.0490 PM,Jul 10 2019 4:34:16.0780 PM,.0295
Auth Check,P203,read,PASS,,Jul 10 2019 4:34:16.0800 PM,Jul 10 2019 4:34:16.1080 PM,.0283
Auth Check,P203,sendCommandChars,PASS,,Jul 10 2019 4:34:16.1100 PM,Jul 10 2019 4:34:16.1460 PM,.036
Auth Check,P203,read,PASS,,Jul 10 2019 4:34:16.1490 PM,Jul 10 2019 4:34:16.1490 PM,.0002
Auth Check,P203,read,PASS,,Jul 10 2019 4:34:16.1510 PM,Jul 10 2019 4:34:16.1790 PM,.0273
Auth Check,P203,read,PASS,,Jul 10 2019 4:34:16.1800 PM,Jul 10 2019 4:34:16.2090 PM,.0284
Auth Check,P203,sendCommandChars,PASS,,Jul 10 2019 4:34:16.2100 PM,Jul 10 2019 4:34:16.2460 PM,.0362
Auth Check,P203,read,PASS,,Jul 10 2019 4:34:16.2500 PM,Jul 10 2019 4:34:16.2500 PM,.0002
Auth Check,P203,read,PASS,,Jul 10 2019 4:34:16.2510 PM,Jul 10 2019 4:34:16.2790 PM,.0282
Auth Check,P203,sendCommandChars,PASS,,Jul 10 2019 4:34:16.2810 PM,Jul 10 2019 4:34:16.3160 PM,.0358
Auth Check,P203,read,PASS,,Jul 10 2019 4:34:16.3190 PM,Jul 10 2019 4:34:16.3190 PM,.0002
Auth Check,P203,read,PASS,,Jul 10 2019 4:34:16.3200 PM,Jul 10 2019 4:34:16.3490 PM,.0291
Auth Check,P203,read,PASS,,Jul 10 2019 4:34:16.3510 PM,Jul 10 2019 4:34:16.3720 PM,.0208
Auth Check,P203,sendCommandChars,PASS,,Jul 10 2019 4:34:16.3740 PM,Jul 10 2019 4:34:16.4110 PM,.037
Auth Check,P203,read,PASS,,Jul 10 2019 4:34:16.4130 PM,Jul 10 2019 4:34:16.4140 PM,.0002
Auth Check,P203,read,PASS,,Jul 10 2019 4:34:16.4150 PM,Jul 10 2019 4:34:16.4400 PM,.0251
Auth Check,P203,read,PASS,,Jul 10 2019 4:34:16.4420 PM,Jul 10 2019 4:34:16.4700 PM,.0284
Auth Check,P203,sendCommandChars,PASS,,Jul 10 2019 4:34:16.4710 PM,Jul 10 2019 4:34:16.5070 PM,.0359
Auth Check,P203,read,PASS,,Jul 10 2019 4:34:16.5100 PM,Jul 10 2019 4:34:16.5100 PM,.0002
Auth Check,P203,read,PASS,,Jul 10 2019 4:34:16.5110 PM,Jul 10 2019 4:34:16.5400 PM,.0291
Auth Check,P203,read,PASS,,Jul 10 2019 4:34:16.5420 PM,Jul 10 2019 4:34:16.5700 PM,.0281
Auth Check,P203,sendCommandChars,PASS,,Jul 10 2019 4:34:16.5720 PM,Jul 10 2019 4:34:16.6080 PM,.0358
Auth Check,P203,read,PASS,,Jul 10 2019 4:34:16.6100 PM,Jul 10 2019 4:34:16.6100 PM,.0002
Auth Check,P203,read,PASS,,Jul 10 2019 4:34:16.6120 PM,Jul 10 2019 4:34:16.6410 PM,.029
Auth Check,P203,read,PASS,,Jul 10 2019 4:34:16.6430 PM,Jul 10 2019 4:34:16.6710 PM,.0282
Auth Check,P203,sendCommandChars,PASS,,Jul 10 2019 4:34:16.6720 PM,Jul 10 2019 4:34:16.7070 PM,.0352
Auth Check,P203,read,PASS,,Jul 10 2019 4:34:16.7100 PM,Jul 10 2019 4:34:16.7100 PM,.0002
Auth Check,P203,read,PASS,,Jul 10 2019 4:34:16.7120 PM,Jul 10 2019 4:34:16.7410 PM,.0295
Auth Check,P203,sendCommandChars,PASS,,Jul 10 2019 4:34:16.7430 PM,Jul 10 2019 4:34:16.7780 PM,.0358
Auth Check,P203,read,PASS,,Jul 10 2019 4:34:16.7810 PM,Jul 10 2019 4:34:16.7810 PM,.0002
Auth Check,P203,read,PASS,,Jul 10 2019 4:34:16.7820 PM,Jul 10 2019 4:34:16.8110 PM,.0293
Auth Check,P203,read,PASS,,Jul 10 2019 4:34:16.8130 PM,Jul 10 2019 4:34:16.8410 PM,.0283
Auth Check,P203,sendCommandChars,PASS,,Jul 10 2019 4:34:16.8430 PM,Jul 10 2019 4:34:16.8780 PM,.0354
Auth Check,P203,read,PASS,,Jul 10 2019 4:34:16.8810 PM,Jul 10 2019 4:34:16.8810 PM,.0002
Auth Check,P203,read,PASS,,Jul 10 2019 4:34:16.8820 PM,Jul 10 2019 4:34:16.9120 PM,.0295
Auth Check,P203,read,PASS,,Jul 10 2019 4:34:16.9140 PM,Jul 10 2019 4:34:16.9350 PM,.0209
Auth Check,P203,sendCommandChars,PASS,,Jul 10 2019 4:34:16.9360 PM,Jul 10 2019 4:34:16.9720 PM,.0362
Auth Check,P203,read,PASS,,Jul 10 2019 4:34:16.9750 PM,Jul 10 2019 4:34:16.9750 PM,.0002
Auth Check,P203,read,PASS,,Jul 10 2019 4:34:16.9760 PM,Jul 10 2019 4:34:17.0020 PM,.0261
Auth Check,P203,read,PASS,,Jul 10 2019 4:34:17.0040 PM,Jul 10 2019 4:34:17.0300 PM,.0259
Auth Check,P203,sendCommandChars,PASS,,Jul 10 2019 4:34:17.0320 PM,Jul 10 2019 4:34:17.0690 PM,.0374
Auth Check,P203,read,PASS,,Jul 10 2019 4:34:17.0720 PM,Jul 10 2019 4:34:17.0720 PM,.0002
Auth Check,P203,read,PASS,,Jul 10 2019 4:34:17.0730 PM,Jul 10 2019 4:34:17.1010 PM,.0278
Auth Check,P203,read,PASS,,Jul 10 2019 4:34:17.1030 PM,Jul 10 2019 4:34:17.1240 PM,.0208
Auth Check,P203,sendCommandChars,PASS,,Jul 10 2019 4:34:17.1250 PM,Jul 10 2019 4:34:17.1610 PM,.0361
Auth Check,P203,read,PASS,,Jul 10 2019 4:34:17.1640 PM,Jul 10 2019 4:34:17.1640 PM,.0002
Auth Check,P203,read,PASS,,Jul 10 2019 4:34:17.1660 PM,Jul 10 2019 4:34:17.1870 PM,.0214
Auth Check,P203,sendCommandChars,PASS,,Jul 10 2019 4:34:17.1880 PM,Jul 10 2019 4:34:17.2250 PM,.0367
Auth Check,P203,read,PASS,,Jul 10 2019 4:34:17.2280 PM,Jul 10 2019 4:34:17.2280 PM,.0002
Auth Check,P203,read,PASS,,Jul 10 2019 4:34:17.2290 PM,Jul 10 2019 4:34:17.2530 PM,.0243
Auth Check,P203,read,PASS,,Jul 10 2019 4:34:17.2550 PM,Jul 10 2019 4:34:17.2830 PM,.0284
Auth Check,P203,sendCommandChars,PASS,,Jul 10 2019 4:34:17.2850 PM,Jul 10 2019 4:34:17.3210 PM,.0359
Auth Check,P203,read,PASS,,Jul 10 2019 4:34:17.3230 PM,Jul 10 2019 4:34:17.3240 PM,.0002
Auth Check,P203,read,PASS,,Jul 10 2019 4:34:17.3250 PM,Jul 10 2019 4:34:17.3540 PM,.0289
Auth Check,P203,read,PASS,,Jul 10 2019 4:34:17.3560 PM,Jul 10 2019 4:34:17.3840 PM,.0283
Auth Check,P203,sendCommandChars,PASS,,Jul 10 2019 4:34:17.3850 PM,Jul 10 2019 4:34:17.4210 PM,.0355
Auth Check,P203,read,PASS,,Jul 10 2019 4:34:17.4240 PM,Jul 10 2019 4:34:17.4240 PM,.0001
Auth Check,P203,read,PASS,,Jul 10 2019 4:34:17.4250 PM,Jul 10 2019 4:34:17.4540 PM,.0294
Auth Check,P203,read,PASS,,Jul 10 2019 4:34:17.4560 PM,Jul 10 2019 4:34:17.4840 PM,.0284
Auth Check,P203,sendCommandChars,PASS,,Jul 10 2019 4:34:17.4860 PM,Jul 10 2019 4:34:17.5210 PM,.035
Auth Check,IOFileHandle,writeCertFile,PASS,,Jul 10 2019 4:34:17.5250 PM,Jul 10 2019 4:34:17.5320 PM,.0063
Auth Check,P203,read,PASS,,Jul 10 2019 4:34:17.6160 PM,Jul 10 2019 4:34:17.6160 PM,.0002
Auth Check,P203,read,PASS,,Jul 10 2019 4:34:17.6180 PM,Jul 10 2019 4:34:17.6450 PM,.0271
Auth Check,P203,sendCommandChars,PASS,,Jul 10 2019 4:34:17.6460 PM,Jul 10 2019 4:34:17.6700 PM,.0241
Auth Check,P203,read,PASS,,Jul 10 2019 4:34:17.6740 PM,Jul 10 2019 4:34:17.6740 PM,.0002
Auth Check,P203,read,PASS,,Jul 10 2019 4:34:17.6760 PM,Jul 10 2019 4:34:17.7020 PM,.0261
Auth Check,P203,sendCommandChars,PASS,,Jul 10 2019 4:34:17.7030 PM,Jul 10 2019 4:34:17.7730 PM,.0697
Auth Check,P203,read,PASS,,Jul 10 2019 4:34:17.7760 PM,Jul 10 2019 4:34:17.7760 PM,.0002
Auth Check,P203,read,PASS,,Jul 10 2019 4:34:17.7770 PM,Jul 10 2019 4:34:17.8050 PM,.0279
Auth Check,P203,sendCommandChars,PASS,,Jul 10 2019 4:34:17.8070 PM,Jul 10 2019 4:34:17.8440 PM,.0371
Auth Check,P203,read,PASS,,Jul 10 2019 4:34:18.4200 PM,Jul 10 2019 4:34:18.4200 PM,.0002
Auth Check,P203,read,PASS,,Jul 10 2019 4:34:18.4210 PM,Jul 10 2019 4:34:18.4490 PM,.0272
Auth Check,P203,sendCommandChars,PASS,,Jul 10 2019 4:34:18.4500 PM,Jul 10 2019 4:34:18.5020 PM,.052
Auth Check,P203,read,PASS,,Jul 10 2019 4:34:18.5040 PM,Jul 10 2019 4:34:18.5170 PM,.0127
Auth Check,P203,read,PASS,,Jul 10 2019 4:34:18.5190 PM,Jul 10 2019 4:34:18.5490 PM,.0304
Auth Check,P203,read,PASS,,Jul 10 2019 4:34:18.5510 PM,Jul 10 2019 4:34:18.5790 PM,.0281
Auth Check,P203,sendCommandChars,PASS,,Jul 10 2019 4:34:18.5800 PM,Jul 10 2019 4:34:18.6150 PM,.0349
Auth Check,P203,read,PASS,,Jul 10 2019 4:34:18.6190 PM,Jul 10 2019 4:34:18.6190 PM,.0002
Auth Check,P203,read,PASS,,Jul 10 2019 4:34:18.6200 PM,Jul 10 2019 4:34:18.6490 PM,.029
Auth Check,P203,sendCommandChars,PASS,,Jul 10 2019 4:34:18.6510 PM,Jul 10 2019 4:34:18.6860 PM,.0356
Auth Check,P203,read,PASS,,Jul 10 2019 4:34:18.6890 PM,Jul 10 2019 4:34:18.6890 PM,.0002
Auth Check,P203,read,PASS,,Jul 10 2019 4:34:18.6900 PM,Jul 10 2019 4:34:18.7190 PM,.0294
Auth Check,P203,read,PASS,,Jul 10 2019 4:34:18.7210 PM,Jul 10 2019 4:34:18.7500 PM,.0282
Auth Check,P203,sendCommandChars,PASS,,Jul 10 2019 4:34:18.7510 PM,Jul 10 2019 4:34:18.7850 PM,.0342
Auth Check,P203,read,PASS,,Jul 10 2019 4:34:18.7880 PM,Jul 10 2019 4:34:18.7880 PM,.0002
Auth Check,P203,read,PASS,,Jul 10 2019 4:34:18.7900 PM,Jul 10 2019 4:34:18.8200 PM,.0303
Auth Check,P203,sendCommandChars,PASS,,Jul 10 2019 4:34:18.8210 PM,Jul 10 2019 4:34:18.8550 PM,.0335
Auth Check,P203,read,PASS,,Jul 10 2019 4:34:18.8570 PM,Jul 10 2019 4:34:18.8570 PM,.0002
Auth Check,P203,read,PASS,,Jul 10 2019 4:34:18.8590 PM,Jul 10 2019 4:34:18.8800 PM,.0212
Auth Check,P203,read,PASS,,Jul 10 2019 4:34:18.8820 PM,Jul 10 2019 4:34:18.9100 PM,.0282
Auth Check,P203,sendCommandChars,PASS,,Jul 10 2019 4:34:18.9110 PM,Jul 10 2019 4:34:18.9450 PM,.0338
Auth Check,P203,read,PASS,,Jul 10 2019 4:34:18.9480 PM,Jul 10 2019 4:34:18.9480 PM,.0002
Auth Check,P203,read,PASS,,Jul 10 2019 4:34:18.9490 PM,Jul 10 2019 4:34:18.9700 PM,.0212
Auth Check,P203,read,PASS,,Jul 10 2019 4:34:18.9720 PM,Jul 10 2019 4:34:19.0000 PM,.0276
Auth Check,P203,sendCommandChars,PASS,,Jul 10 2019 4:34:19.0010 PM,Jul 10 2019 4:34:19.0360 PM,.0345
Auth Check,IOFileHandle,writeCertFile,PASS,,Jul 10 2019 4:34:19.0380 PM,Jul 10 2019 4:34:19.0400 PM,.0015
Read MLB SN,IOFileHandle,writeToFile,PASS,,Jul 10 2019 4:34:22.2320 PM,Jul 10 2019 4:34:22.2320 PM,.0002
Read Main FW Version Before DL,IOFileHandle,writeToFile,PASS,,Jul 10 2019 4:34:22.6710 PM,Jul 10 2019 4:34:22.6710 PM,.0002
Program MTFW,IOFileHandle,writeToFile,PASS,,Jul 10 2019 4:34:23.0970 PM,Jul 10 2019 4:34:23.0970 PM,.0002
Program Main FW,IOFileHandle,writeToFile,PASS,,Jul 10 2019 4:34:24.5960 PM,Jul 10 2019 4:34:24.5960 PM,.0002
Program Main FW,IOFileHandle,writeToFile,PASS,,Jul 10 2019 4:35:31.3880 PM,Jul 10 2019 4:35:31.3880 PM,.0002
Program Main FW,rpcCall,RPCSendAndGet,PASS,,Jul 10 2019 4:35:34.8240 PM,Jul 10 2019 4:35:34.8310 PM,.0068
Program Main FW,rpcCall,RPCSendAndGet,PASS,,Jul 10 2019 4:35:35.9000 PM,Jul 10 2019 4:35:35.9060 PM,.0067
Program Main FW,rpcCall,RPCSendAndGet,PASS,,Jul 10 2019 4:35:38.9810 PM,Jul 10 2019 4:35:38.9880 PM,.0067
Program Main FW,rpcCall,RPCSendAndGet,PASS,,Jul 10 2019 4:35:40.0610 PM,Jul 10 2019 4:35:40.0680 PM,.007
Read Main FW Version After DL,IOFileHandle,writeToFile,PASS,,Jul 10 2019 4:35:43.1930 PM,Jul 10 2019 4:35:43.1940 PM,.0002
Touch FW,IOFileHandle,writeToFile,PASS,,Jul 10 2019 4:35:43.6160 PM,Jul 10 2019 4:35:43.6170 PM,.0001
Finish DRCB,rpcCall,RPCSendAndGet,PASS,,Jul 10 2019 4:35:43.9910 PM,Jul 10 2019 4:35:43.9950 PM,.0043
Finish DRCB,rpcCall,RPCSendAndGet,PASS,,Jul 10 2019 4:35:43.9970 PM,Jul 10 2019 4:35:44.0030 PM,.0063
Finish DRCB,DRCB,finish,PASS,,Jul 10 2019 4:35:44.0050 PM,Jul 10 2019 4:35:44.1470 PM,.1416
