Test,SubTest,SubSubTest,Action,Parameter,"DUT Command",OutputKey,IsGlobal,SAC,Condition,SOE
Accelerometer,Initialization,,EFIDut:sendCommand,"{""expect"":""OK""}","sensor -l",,,,,
,,,EFIDut:sendCommand,"{""expect"":""OK""}","sensor --sel accel --init",,,,,
,,,EFIDut:sendCommand,"{""expect"":""OK""}","sensor --sel gyro --init",,,,,
,,,EFIDut:sendCommand,,"wait 200",,,,,
,,,EFIDut:sendCommand,"{""expect"":""OK""}","sensor --sel accel --set rate 200",,,,,
,,,EFIDut:sendCommand,"{""expect"":""OK""}","sensor --sel gyro --set rate 200",,,,,
,,,EFIDut:sendCommand,"{""expect"":""OK""}","sensor --sel accel,gyro --sample 500ms --stats",accel_gyro_resp,1,,,
,,,Rush:regexGroups,"{""input"": ""${accel_gyro_resp}"", ""regex"":""accel:\\s*.+\\s*.+\\s*calculated odr:\\s*(-?\\d+\\.\\d+)Hz\\s*average:\\s*X = (-?\\d+\\.\\d+), Y = (-?\\d+\\.\\d+), Z = (-?\\d+\\.\\d+), T = (-?\\d+\\.\\d+)\\s*std-dev:\\s*X = (-?\\d+\\.\\d+), Y = (-?\\d+\\.\\d+), Z = (-?\\d+\\.\\d+), T = (-?\\d+\\.\\d+)""}",,accel_sample_data,1,,,
Accelerometer,CM_Average_X,,Rush:createRecord,"{""value"":""${accel_sample_data}[1]""}",,,,,,
Accelerometer,CM_Average_Y,,Rush:createRecord,"{""value"":""${accel_sample_data}[2]""}",,,,,,
Accelerometer,CM_Average_Z,,Rush:createRecord,"{""value"":""${accel_sample_data}[3]""}",,,,,,
Accelerometer,CM_STD_X,,Rush:createRecord,"{""value"":""${accel_sample_data}[5]""}",,,,,,
Accelerometer,CM_STD_Y,,Rush:createRecord,"{""value"":""${accel_sample_data}[6]""}",,,,,,
Accelerometer,CM_STD_Z,,Rush:createRecord,"{""value"":""${accel_sample_data}[7]""}",,,,,,
Accelerometer,Self_Test,,EFIDut:sendCommand,"{""expect"":""OK""}","sensor --sel accel --init; wait 200",,,,,
,,,EFIDut:sendCommand,"{""expect"":""PASS""}","sensor --sel accel --exectest selftest_manual",,,,,
,,,EFIDut:sendCommand,"{""expect"":""OK""}","sensor --sel accel --turnoff; wait 200",,,,,
