Test,SubTest,SubSubTest,Action,Parameter,"DUT Command",OutputKey,IsGlobal,SAC,Condition,SOE
Backlight,Set_Iboot_Backlight,,EFIDut:sendCommand,"{""expect"":""OK""}","bl -n",,,,,
,,,EFIDut:sendCommand,"{""expect"":""OK""}","bl -l",,,,,
,,,EFIDut:sendCommand,,"nvram --set backlight-level 824",,,,,
,,,EFIDut:sendCommand,,"nvram --save",,,,,
Backlight,High_Low_Test,,EFIDut:sendCommand,"{""expect"":""OK""}","bl -r",,,,,
,,,EFIDut:sendCommand,"{""expect"":""OK""}","reg select Potomac",,,,,
,,,EFIDut:sendCommand,"{""expect"":""OK""}","reg read 0x1E3C 3",,,,,
,,,EFIDut:sendCommand,"{""expect"":""OK""}","reg read 0x1EC3 1",,,,,
,,,EFIDut:sendCommand,"{""expect"":""OK""}","reg write 0x1E3C 0xff",,,,,
,,,EFIDut:sendCommand,"{""expect"":""OK""}","reg write 0x1E3D 0xff",,,,,
,,,EFIDut:sendCommand,"{""expect"":""OK""}","reg write 0x1E3E 0xff",,,,,
,,,EFIDut:sendCommand,"{""expect"":""OK""}","reg write 0x1E00 0xF3",,,,,
,,,EFIDut:sendCommand,"{""expect"":""OK""}","reg write 0x1E01 0x07",,,,,
,,,EFIDut:sendCommand,"{""expect"":""OK""}","reg read 0x1E3C 3",,,,,
,,,EFIDut:sendCommand,"{""expect"":""OK""}","reg read 0x1EC3 1",,,,,
,,,EFIDut:sendCommand,"{""expect"":""OK""}","reg write 0x1E3C 0xff",,,,,
,,,EFIDut:sendCommand,"{""expect"":""OK""}","reg write 0x1E3D 0xff",,,,,
,,,EFIDut:sendCommand,"{""expect"":""OK""}","reg write 0x1E3E 0xff",,,,,
,,,EFIDut:sendCommand,"{""expect"":""OK""}","reg write 0x1E00 0xf4",,,,,
,,,EFIDut:sendCommand,"{""expect"":""OK""}","reg write 0x1E01 0x01",,,,,
,,,EFIDut:sendCommand,"{""expect"":""OK""}","reg read 0x1E3C 3",,,,,
,,,EFIDut:sendCommand,"{""expect"":""OK""}","reg read 0x1EC3 1",,,,,
,,,EFIDut:sendCommand,"{""expect"":""OK""}","reg write 0x1E3C 0xff",,,,,
,,,EFIDut:sendCommand,"{""expect"":""OK""}","reg write 0x1E3D 0xff",,,,,
,,,EFIDut:sendCommand,"{""expect"":""OK""}","reg write 0x1E3E 0xff",,,,,
,,,EFIDut:sendCommand,"{""expect"":""OK""}","reg write 0x1E00 0xF3",,,,,
,,,EFIDut:sendCommand,"{""expect"":""OK""}","reg write 0x1E01 0x07",,,,,
,,,EFIDut:sendCommand,"{""expect"":""OK""}","reg read 0x1E3C 3",,,,,
,,,EFIDut:sendCommand,"{""expect"":""OK""}","reg read 0x1EC3 1",,,,,
,,,EFIDut:sendCommand,"{""expect"":""OK""}","reg write 0x1E3C 0xff",,,,,
,,,EFIDut:sendCommand,"{""expect"":""OK""}","reg write 0x1E3D 0xff",,,,,
,,,EFIDut:sendCommand,"{""expect"":""OK""}","reg write 0x1E3E 0xff",,,,,
,,,EFIDut:sendCommand,"{""expect"":""OK""}","bl -r",,,,,
,,,EFIDut:sendCommand,"{""expect"":""OK""}","bl -l",,,,,
