Test,SubTest,SubSubTest,Action,Parameter,"DUT Command",OutputKey,IsGlobal,SAC,Condition,SOE
Battery,Level_Before_Test,,EFIDut:sendCommand,"{""regex"":""(\\d+)%""}","device -k GasGauge -g charge-percentage",,,,,
,,,Rush:createRecord,,,,,,,
Battery,Voltage_Before_Test,,EFIDut:sendCommand,"{""regex"":""vbat:\\s*(-?(?:\\d+\\.\\d+|\\d+))\\s*mV""}","pmuadc --sel potomac --read vbat",,,,,
,,,Rush:createRecord,,,,,,,
Battery,Cell_Disconnect_Check,,EFIDut:sendCommand,"{""expect"":""OK""}","reg select Potomac",,,,,
,,,EFIDut:sendCommand,"{""expect"":""OK""}","reg read 0x501C",,,,,
,,,Rush:regexGroups,"{""regex"": ""0x501C => (0x\\w+)""}",,reg_501C,,,,
,,,Rush:createPassFailRecord,"{""condition"": ""reg_501C[SIZE] == 1 && reg_501C[0] == '0x00'"", ""failMessage"": ""reg value > 0 or no reg value found""}",,,,,,
Battery,Discharge_Path_DCR,,EFIDut:sendCommand,"{""expect"":""Writing 1 bytes""}","i2c -v 7 0x75 0x1932 0x1C -z 2",,,,,
,,,EFIDut:sendCommand,"{""expect"":""Data""}","i2c -d 7 0x75 0x1932 1 -z 2",,,,,
,,,EFIDut:sendCommand,"{""expect"":""OK""}","bl -p 100",,,,,
,,,Rush:sleep_ms,[3000],,,,,,
,,,Rush:setActionSharedVariables,"{""vsys_lo_1_sum"":0}",,,,,,
,,,Rush:____START_FOR_LOOP____,"{""belowItemCount"":2,""times"":10}",,,,,,
,,,EFIDut:sendCommand,"{""regex"":""vsys_lo:\\s*(-?(?:\\d+\\.\\d+|\\d+))\\s*mV""}","pmuadc --sel potomac --read vsys_lo",,,,,
,,,Rush:CSV_sum,"[""${vsys_lo_1_sum}"",""Rush:numerify(\""${DefaultOutputKey}\"")""]",,vsys_lo_1_sum,,,,
,,,Rush:CSV_divide,"{""input"":""${vsys_lo_1_sum}"",""divider"":10}",,vsys_lo_1,,,,
,,,EFIDut:sendCommand,,"device -k gasgauge -p",gasgauge_p_resp,,,,
,,,Rush:regexFirstMatch,"{""input"":""${gasgauge_p_resp}"",""regex"":""voltage:\\s*\\\""(-?(?:\\d+\\.\\d+|\\d+))\\s*mV\\\""""}",,,,,,
,,,Rush:numerify,"[""${DefaultOutputKey}""]",,gasgauge_voltage_1,,,,
,,,Rush:regexFirstMatch,"{""input"":""${gasgauge_p_resp}"",""regex"":""current:\\s*\\\""(-?(?:\\d+\\.\\d+|\\d+))\\s*mA\\\""""}",,,,,,
,,,Rush:numerify,"[""${DefaultOutputKey}""]",,gasgauge_current_1,,,,
,,,EFIDut:sendCommand,"{""expect"":""OK""}","bl -p 90",,,,,
,,,Rush:sleep_ms,[3000],,,,,,
,,,Rush:setActionSharedVariables,"{""vsys_lo_2_sum"":0}",,,,,,
,,,Rush:____START_FOR_LOOP____,"{""belowItemCount"":2,""times"":10}",,,,,,
,,,EFIDut:sendCommand,"{""regex"":""vsys_lo:\\s*(-?(?:\\d+\\.\\d+|\\d+))\\s*mV""}","pmuadc --sel potomac --read vsys_lo",,,,,
,,,Rush:CSV_sum,"[""${vsys_lo_2_sum}"",""Rush:numerify(\""${DefaultOutputKey}\"")""]",,vsys_lo_2_sum,,,,
,,,Rush:CSV_divide,"{""input"":""${vsys_lo_2_sum}"",""divider"":10}",,vsys_lo_2,,,,
,,,EFIDut:sendCommand,,"device -k gasgauge -p",gasgauge_p_resp,,,,
,,,Rush:regexFirstMatch,"{""input"":""${gasgauge_p_resp}"",""regex"":""voltage:\\s*\\\""(-?(?:\\d+\\.\\d+|\\d+))\\s*mV\\\""""}",,,,,,
,,,Rush:numerify,"[""${DefaultOutputKey}""]",,gasgauge_voltage_2,,,,
,,,Rush:regexFirstMatch,"{""input"":""${gasgauge_p_resp}"",""regex"":""current:\\s*\\\""(-?(?:\\d+\\.\\d+|\\d+))\\s*mA\\\""""}",,,,,,
,,,Rush:numerify,"[""${DefaultOutputKey}""]",,gasgauge_current_2,,,,
,,,Rush:CSV_calculate,"{""expression"":""((gasgauge_voltage_1 - vsys_lo_1) - (gasgauge_voltage_2 - vsys_lo_2)) / (abs(gasgauge_current_1)  - abs(gasgauge_current_2)) * 1000""}",,,,,,
,,,Rush:createRecord,,,,,,,
Battery,Max_Temperature_Life_Time,,EFIDut:sendCommand,,"device -k gasgauge -p",,,,,
,,,EFIDut:sendCommand,"{""expect"":""OK""}","device -k GasGauge -e read_blk 59 0",,,,,
,,,Rush:CSV_mutiRegex,"{""regexArray"":[""0000000:\\s*((?:\\w\\w\\s){16})"",""(\\w\\w)""]}",,,,,,1
,,,Rush:LambdaUtils.map,"[""Rush:lookup(\""hexToNumber\"")"",""${DefaultOutputKey}""]",,max_battery_bytes,,,,
,,,Rush:keepVariablesAlive,"[""max_battery_bytes""]",,,,,,
,,,Rush:setActionSharedVariables,"{""value1"":""${max_battery_bytes}[1]"",""value0"":""${max_battery_bytes}[0]""}",,,,,,
,,,Rush:CSV_calculate,"{""expression"":""(value0 * 256 + value1) / 10.0""}",,,,,,
,,,Rush:createRecord,,,,,,,
Battery,Max_Pack_Voltage,,Rush:setActionSharedVariables,"{""value1"":""${max_battery_bytes}[5]"",""value0"":""${max_battery_bytes}[4]""}",,,,,,
,,,Rush:CSV_calculate,"{""expression"":""(value0 * 256 + value1)""}",,,,,,
,,,Rush:createRecord,,,,,,,
Battery,Min_Pack_Voltage,,Rush:setActionSharedVariables,"{""value1"":""${max_battery_bytes}[7]"",""value0"":""${max_battery_bytes}[6]""}",,,,,,
,,,Rush:CSV_calculate,"{""expression"":""(value0 * 256 + value1)""}",,,,,,
,,,Rush:createRecord,,,,,,,
Battery,Max_Chg_Current,,Rush:setActionSharedVariables,"{""value1"":""${max_battery_bytes}[9]"",""value0"":""${max_battery_bytes}[8]""}",,,,,,
,,,Rush:CSV_calculate,"{""expression"":""(value0 * 256 + value1)""}",,,,,,
,,,Rush:createRecord,,,,,,,
Battery,Max_Dsg_Current,,Rush:setActionSharedVariables,"{""value1"":""${max_battery_bytes}[11]"",""value0"":""${max_battery_bytes}[10]""}",,,,,,
,,,Rush:CSV_calculate,"{""expression"":""(value0 * 256 + value1) - 65536""}",,,,,,
,,,Rush:createRecord,,,,,,,
Battery,Max_Over_Chg_Cap,,Rush:setActionSharedVariables,"{""value1"":""${max_battery_bytes}[13]"",""value0"":""${max_battery_bytes}[12]""}",,,,,,
,,,Rush:CSV_calculate,"{""expression"":""(value0 * 256 + value1)""}",,,,,,
,,,Rush:createRecord,,,,,,,
Battery,Level_After_Test,,EFIDut:sendCommand,"{""regex"":""(\\d+)%""}","device -k GasGauge -g charge-percentage",,,,,
,,,Rush:createRecord,,,,,,,
Battery,Voltage_After_Test,,EFIDut:sendCommand,"{""regex"":""vbat:\\s*(-?(?:\\d+\\.\\d+|\\d+))\\s*mV""}","pmuadc --sel potomac --read vbat",,,,,
,,,Rush:createRecord,,,,,,,
