Test,SubTest,SubSubTest,Action,Parameter,"DUT Command",OutputKey,IsGlobal,SAC,Condition,SOE
Button,Force_Sensor_Value@Power_Button,,EFIDut:sendCommand,"{""expect"":""OK""}","memrw --32 0x23c1002c8 0x74201",,,,,
,,,EFIDut:sendCommand,"{""ignoreResp"":1,""timeout"":0.2}",pmubutton,,,,,
,,,Fixture:sendCommand,,motor_POWERON,,,,,
,,,Fixture:sendCommand,,motor_READPOWER,,,,,
,,,Rush:regexFirstMatch,"{""regex"":""(-?(?:\\d+\\.\\d+|\\d+))""}",,,,,,
,,,Rush:createRecord,"{""name"":""Force_Sensor_Value@Power_Button""}",,,,,,
Button,Force_Sensor_Value@Volume_Down,,Fixture:sendCommand,,motor_VOLDNON,,,,,
,,,Fixture:sendCommand,,motor_READVOLDN,,,,,
,,,Rush:regexFirstMatch,"{""regex"":""(-?(?:\\d+\\.\\d+|\\d+))""}",,,,,,
,,,Rush:createRecord,"{""name"":""Force_Sensor_Value@Volume_Down""}",,,,,,
Button,Force_Sensor_Value@Volume_Up,,Fixture:sendCommand,,motor_VOLUPON,,,,,
,,,Fixture:sendCommand,,motor_READVOLUP,,,,,
,,,Rush:regexFirstMatch,"{""regex"":""(-?(?:\\d+\\.\\d+|\\d+))""}",,,,,,
,,,Rush:createRecord,"{""name"":""Force_Sensor_Value@Volume_Up""}",,,,,,
Button,PMU_Button_Test@Power,,EFIDut:read,"{""timeout"":25,""delimiter"":""] :-) ""}",,pmubutton_resp,,,,
,,,Rush:regexGroups,"{""input"":""${pmubutton_resp}"",""regex"":""Hold:(\\w+),Ringer:(\\w+)\\.,VolDown:(\\w+)""}",,pmubutton_status,1,,,
,,,Rush:createPassFailRecord,"{""condition"":""pmubutton_status[0] == 'PASS'"", ""failMessage"": ""Button not pressed""}",,,,,,
Button,PMU_Button_Test@Voldn,,Rush:createPassFailRecord,"{""condition"":""pmubutton_status[2] == 'PASS'"", ""failMessage"": ""Button not pressed""}",,,,,,
,,,Fixture:sendCommand,,motor_POWEROFF,,,,,
,,,Fixture:sendCommand,,motor_VOLDNOFF,,,,,
,,,Fixture:sendCommand,,motor_VOLUPOFF,,,,,
Button,PMU_Button_Test@Volup,,Rush:createPassFailRecord,"{""condition"":""pmubutton_status[1] == 'PASS'"", ""failMessage"": ""Button not pressed""}",,,,,,
Button,Force_Sensor_Value2@Power_Button,,EFIDut:changeDelimiter,"{""delimiter"": ""To Stop Test""}",,,,,,
,,,EFIDut:sendCommand,"{""expect"":""Done""}",buttoncnt,,,,,
,,,EFIDut:changeDelimiter,"{""delimiter"": ""] :-) ""}",,,,,,
,,,Fixture:sendCommand,,motor_POWERON,,,,,
,,,Rush:sleep_ms,[800],,,,,,
,,,Fixture:sendCommand,,motor_READPOWER,,,,,
,,,Rush:regexFirstMatch,"{""regex"":""(-?(?:\\d+\\.\\d+|\\d+))""}",,,,,,
,,,Rush:createRecord,"{""name"":""Force_Sensor_Value2@Power_Button""}",,,,,,
,,,Fixture:sendCommand,,motor_POWEROFF,,,,,
Button,Force_Sensor_Value2@Volume_Down,,Rush:sleep_ms,[200],,,,,,
,,,Fixture:sendCommand,,motor_VOLDNON,,,,,
,,,Rush:sleep_ms,[800],,,,,,
,,,Fixture:sendCommand,,motor_READVOLDN,,,,,
,,,Rush:regexFirstMatch,"{""regex"":""(-?(?:\\d+\\.\\d+|\\d+))""}",,,,,,
,,,Rush:createRecord,"{""name"":""Force_Sensor_Value2@Volume_Down""}",,,,,,
,,,Fixture:sendCommand,,motor_VOLDNOFF,,,,,
Button,Force_Sensor_Value2@Volume_UP,,Rush:sleep_ms,[200],,,,,,
,,,Fixture:sendCommand,,motor_VOLUPON,,,,,
,,,Rush:sleep_ms,[800],,,,,,
,,,Fixture:sendCommand,,motor_READVOLUP,,,,,
,,,Rush:regexFirstMatch,"{""regex"":""(-?(?:\\d+\\.\\d+|\\d+))""}",,,,,,
,,,Rush:createRecord,"{""name"":""Force_Sensor_Value2@Volume_UP""}",,,,,,
,,,Fixture:sendCommand,,motor_VOLUPOFF,,,,,
Button,Power_Test,,EFIDut:changeLineTerminator,"{""terminator"": """"}",,,,,,
,,,EFIDut:sendCommand,"{""timeout"":25}",Q,buttoncnt_resp,1,,,
,,,EFIDut:changeLineTerminator,"{""terminator"": ""\n""}",,,,,,
,,,Rush:regexGroups,"{""input"":""${buttoncnt_resp}"",""regex"":""(Hold gets pressed \\d+ times)""}",,Hold_pressed,,,,
,,,Rush:createPassFailRecord,"{""condition"":""Hold_pressed[SIZE] == 1""}",,,,,,
Button,VolDn_Test,,Rush:regexGroups,"{""input"":""${buttoncnt_resp}"",""regex"":""(VolDn gets pressed \\d+ times)""}",,VolDn_pressed,,,,
,,,Rush:createPassFailRecord,"{""condition"":""VolDn_pressed[SIZE] == 1""}",,,,,,
Button,VolUp_Test,,Rush:regexGroups,"{""input"":""${buttoncnt_resp}"",""regex"":""(VolUp gets pressed \\d+ times)""}",,VolUp_pressed,,,,
,,,Rush:createPassFailRecord,"{""condition"":""VolUp_pressed[SIZE] == 1""}",,,,,,
