Test,SubTest,SubSubTest,Action,Parameter,"DUT Command",OutputKey,IsGlobal,SAC,Condition,SOE
DUTinfo,SN,,EFIDut:syncCmdResp,,,,,,,
,,,EFIDut:sendCommand,"{""regex"":""Serial:\\s*(\\w+)""}",sn,serialnumber,1,,,
DUTinfo,LCM_DP855,,Rush:LCMDP855,,,,,,,
DUTinfo,Write_Date_And_Time,,Rush:System.command,"[""date"", ""-u"", ""+%Y%m%d%H%M%S""]",,,,,,
,,,Rush:setActionSharedVariables,"{""time"": ""${DefaultOutputKey}['out'][:-1]""}",,,,,,
,,,EFIDut:sendCommand,,"rtc --set ${time}",,,,,
DUTinfo,Diag_Version,,EFIDut:open,,,,,,,
,,,EFIDut:syncCmdResp,,,,,,,
,,,EFIDut:sendCommand,"{""regex"":""Version\\s*-\\s*(\\w+\\_\\w+\\-\\w+)""}",version,diag_version,,,,
,,,Rush:add_device_attribute,"[""DIAG_VERSION"",""${diag_version}""]",,,,,,
DUTinfo,Get_SFC_Info,,Rush:getSFCInfo,"{""keysToQuery"":[""sub_sn"",""grp_sn"",""cg_sn"",""lcm_sn"",""unit_lbl""],""serialnumber"":""${serialnumber}""}",,SFC_queried,1,,,
,,,EFIDut:open,,,,,,,
DUTinfo,Add_Attribute_SUB_SN,,Rush:add_device_attribute,"[""SUB_SN"",""${SFC_queried}.sub_sn""]",,,,,,
DUTinfo,Add_Attribute_CG_SN,,Rush:add_device_attribute,"[""CG_SN"",""${SFC_queried}.cg_sn""]",,,,,,
DUTinfo,Add_Attribute_LCM_FULL_SN,,Rush:add_device_attribute,"[""LCM_FULL_SN"",""${SFC_queried}.lcm_sn""]",,,,,,
DUTinfo,Add_Attribute_LCM_SN,,Rush:add_device_attribute,"[""LCM_SN"",""${SFC_queried}.lcm_sn[0:17]""]",,,,,,
DUTinfo,Add_Attribute_LCM_CFG,,Rush:add_device_attribute,"[""LCM_CFG"",""${SFC_queried}.lcm_sn[17:20]""]",,,,,,
DUTinfo,Add_Attribute_BLU_SN,,Rush:add_device_attribute,"[""BLU_SN"",""${SFC_queried}.lcm_sn[32:60]""]",,,,,,
DUTinfo,Add_Attribute_CGS_SN,,Rush:add_device_attribute,"[""CGS_SN"",""${SFC_queried}.lcm_sn[60:77]""]",,,,,,
DUTinfo,Add_Attribute_CGS_CFG,,Rush:add_device_attribute,"[""CGS_CFG"",""${SFC_queried}.lcm_sn[77:80]""]",,,,,,
DUTinfo,LCM_80_Digits_SN_From_SFC_And_EEPROM_Compare,,Rush:setActionSharedVariables,"{""SFC_lcm_sn"":""${SFC_queried}.lcm_sn""}",,,,,,
,,,EFIDut:sendCommand,"{""expect"":""Finish""}","syscfg add LCM# ${SFC_lcm_sn}",,,,,
DUTinfo,LCD_Vendor,,Rush:setActionSharedVariables,"{""SFC_LCD_vendor"":""${SFC_queried}.lcm_sn[0:3]""}",,,,,,
,,,Rush:valueAllowedCheck,"{""input"":""${SFC_LCD_vendor}"",""allowedArray"":[""FOY"",""FN1"",""F5G"",""FMX""],""failMessage"":""Unknown LCD vendor""}",,,,,,
,,,Rush:add_device_attribute,"[""CLCD_ID"",""LGD""]",,,,,"SFC_LCD_vendor IN {""F0Y"", ""FN1""}",
,,,Rush:add_device_attribute,"[""CLCD_ID"",""GIS""]",,,,,"SFC_LCD_vendor IN {""F5G"", ""FMX""}",
DUTinfo,Burn_LCD_SN,,EFIDut:sendCommand,"{""regex"":""#\\s*(\\w+)\\s*""}","syscfg print LCM#",lcm_sn_read,,,,
,,,Rush:Atlas.create_record,"[[""lcm_sn_read"",""Rush:stringify(\""${lcm_sn_read}\"")""],true]",,,,,,
,,,Rush:Atlas.create_record,"[[""lcm_sn from SFC"",""Rush:stringify(\""${SFC_LCD_vendor}\"")""],true]",,,,,,
,,,Rush:checkConditionPassFail,"{""condition"":""SFC_lcm_sn MATCHES '[a-zA-Z0-9]{80}'"",""failmessage"":""LCM from SFC is invalid"", ""stopActionIfFail"": true}",,,,,,1
,,,EFIDut:sendCommand,"{""expect"":""Finish""}","syscfg add LCM# ${SFC_lcm_sn}",,,,"SFC_lcm_sn != lcm_sn_read",
DUTinfo,Read_LCD_SN,,Rush:Atlas.create_record,"[[""SFC_lcm_sn"",""Rush:stringify(\""${SFC_lcm_sn}\"")""],true]",,,,,,
,,,EFIDut:sendCommand,,"syscfg print LCM#",,,,,
,,,Rush:regexFirstMatch,"{""regex"":""#\\s*(\\w+)\\s*""}",,lcm_sn_read,,,,1
,,,Rush:checkConditionPassFail,"{""condition"":""SFC_lcm_sn == lcm_sn_read""}",,,,,,
,,,Rush:checkConditionPassFail,"{""condition"":""SFC_grape_sn == grape_sn_read""}",,,,,,
DUTinfo,Burn_Grape_SN,,EFIDut:sendCommand,"{""regex"":""(\\w{17})""}","syscfg print MtSN",grape_sn_read,,,,
,,,Rush:Atlas.create_record,"[[""grape_sn_read"",""Rush:stringify(\""${grape_sn_read}\"")""],true]",,,,,,
,,,Rush:setActionSharedVariables,"{""SFC_grape_sn"":""${SFC_queried}.lcm_sn[60:77]""}",,,,,,1
,,,Rush:Atlas.create_record,"[[""GrapeSN from SFC"",""Rush:stringify(\""${SFC_grape_sn}\"")""],true]",,,,,,
,,,Rush:checkConditionPassFail,"{""condition"":""SFC_grape_sn MATCHES '[a-zA-Z0-9]{17}'"",""failmessage"":""GrapeSN from SFC is invalid"", ""stopActionIfFail"": true}",,,,,,
,,,Rush:add_device_attribute,"[""MT_MODULE_SN "",""${SFC_grape_sn}""]",,,,,,
,,,EFIDut:sendCommand,"{""expect"":""Finish""}","syscfg add MtSN ${SFC_grape_sn}",,,,"SFC_grape_sn != grape_sn_read",
DUTinfo,Read_Grape_SN,,Rush:Atlas.create_record,"[[""SFC_grape_sn"",""Rush:stringify(\""${SFC_grape_sn}\"")""],true]",,,,,,
,,,EFIDut:sendCommand,,"syscfg print MtSN",,,,,
,,,Rush:regexFirstMatch,"{""regex"":""(\\w{17})""}",,grape_sn_read,,,,1
,,,Rush:add_device_attribute,"[""MT_MODULE_SN"",""${grape_sn_read}""]",,,,,,
DUTinfo,"Burn Dummy MdlC",,Rush:setActionSharedVariables,"{""dummy_mdlc"": ""FN845JH45878923785627895256845TY845UJ845""}",,,,,,
,,,EFIDut:sendCommand,"{""expect"": ""Finish""}","syscfg add MdlC 0x${dummy_mdlc}",,,,,
,,,EFIDut:sendCommand,"{""regex"": ""0x(\\w{40})""}","syscfg print MdlC",mdlc_read,,,,
,,,Rush:checkConditionPassFail,"{""condition"": ""mdlc_read == dummy_mdlc""}",,,,,,
,,,Rush:add_device_attribute,"[""MdlC"",""${mdlc_read}""]",,,,,"mdlc_read == dummy_mdlc",
DUTinfo,NTC,,EFIDut:sendCommand,,"pmuadc --sel potomac --read tbat",,,,,
,,,Rush:regexFirstMatch,"{""regex"":""tbat:\\s*(-?(?:\\d+\\.\\d+|\\d+))\\s*C""}",,,,,,
,,,Rush:createRecord,,,,,,,
