Test,SubTest,SubSubTest,Action,Parameter,"DUT Command",OutputKey,IsGlobal,SAC,Condition,SOE
Fixture,Fixture_On,,Fixture:sendCommand,"{""expect"":""pass""}",cylinder_LOCKON,,,,,
,,,Fixture:sendCommand,"{""expect"":""pass""}",cylinder_CABLEON,,,,,
Fixture,Reset,,Fixture:sendCommand,"{""expect"":""pass""}",test_RESET,,,,,
Fixture,Xavier_FW_Version,,Fixture:sendCommand,"{""expect"":""PASS""}",version_info,version,,,,
,,,Rush:regexFirstMatch,"{""input"":""${version}"",""regex"":""Project\\s*version:\\s*([.\\d\\w]+)""}",,version_1,,,,
,,,Rush:add_device_attribute,"[""Xavier_FW_Version"",""${version_1}""]",,,,,,
