Test,SubTest,SubSubTest,Action,Parameter,"DUT Command",OutputKey,IsGlobal,SAC,Condition,SOE
Gyro,Initialization,,Rush:regexGroups,"{""input"": ""${accel_gyro_resp}"", ""regex"":""gyro:\\s*.+\\s*.+\\s*calculated odr:\\s*(-?\\d+\\.\\d+)Hz\\s*average:\\s*X = (-?\\d+\\.\\d+), Y = (-?\\d+\\.\\d+), Z = (-?\\d+\\.\\d+), T = (-?\\d+\\.\\d+)\\s*std-dev:\\s*X = (-?\\d+\\.\\d+), Y = (-?\\d+\\.\\d+), Z = (-?\\d+\\.\\d+), T = (-?\\d+\\.\\d+)""}",,gyro_sample_data,1,,,
,,,EFIDut:sendCommand,"{""expect"":""OK""}","sensor --sel accel,gyro --turnoff",,,,,
Gyro,CM_NmDC_Temp,,Rush:createRecord,"{""value"":""${gyro_sample_data}[4]""}",,,,,,
Gyro,CM_Average_X,,Rush:createRecord,"{""value"":""${gyro_sample_data}[1]""}",,,,,,
Gyro,CM_Average_Y,,Rush:createRecord,"{""value"":""${gyro_sample_data}[2]""}",,,,,,
Gyro,CM_Average_Z,,Rush:createRecord,"{""value"":""${gyro_sample_data}[3]""}",,,,,,
Gyro,CM_STD_X,,Rush:createRecord,"{""value"":""${gyro_sample_data}[5]""}",,,,,,
Gyro,CM_STD_Y,,Rush:createRecord,"{""value"":""${gyro_sample_data}[6]""}",,,,,,
Gyro,CM_STD_Z,,Rush:createRecord,"{""value"":""${gyro_sample_data}[7]""}",,,,,,
Gyro,Self_Test,,EFIDut:sendCommand,"{""expect"":""OK""}","sensor --sel accel,gyro --init;wait 200",,,,,
,,,EFIDut:sendCommand,"{""expect"":""PASS""}","sensor --sel gyro --exectest selftest",,,,,
,,,EFIDut:sendCommand,"{""expect"":""OK""}","sensor --sel accel,gyro --turnoff;wait 200",,,,,
