Test,SubTest,SubSubTest,Action,Parameter,"DUT Command",OutputKey,IsGlobal,SAC,Condition,SOE
HALL,Test_IRQ@TCON_L_FH-Miss,,Fixture:sendCommand,"{""expect"":""pass""}",hall_HALL0OFF,,,,,
,,,EFIDut:sendCommand,,"hallsensor --irqindex 1 --meas 6 --delay 500",,,,,
,,,Rush:regexGroups,"{""regex"":""(missed intr)""}",,missed_intrs,,,,
,,,Rush:CSV_compare,"{""right"":6,""left"":""Rush:size(\""${missed_intrs}\"")"",""failMessage"":""Not all missed""}",,,,,,
HALL,Test_IRQ@TCON_L_FH-Detect,,Fixture:sendCommand,"{""expect"":""pass""}",hall_HALL0ON,,,,,
,,,EFIDut:sendCommand,,"hallsensor --irqindex 1 --meas 6 --delay 500",,,,,
,,,Rush:regexGroups,"{""regex"":""(detect intr)""}",,detected_intrs,,,,
,,,Rush:HallDetectTest,"[""${detected_intrs}""]",,,,,,
,,,Fixture:sendCommand,"{""expect"":""pass""}",hall_HALL0OFF,,,,,
HALL,Test_IRQ@C3_Flex-Miss,,Fixture:sendCommand,"{""expect"":""pass""}",cylinder_ALSOFF,,,,,
,,,EFIDut:sendCommand,,"hallsensor --irqindex 0 --meas 6 --delay 500",,,,,
,,,Rush:regexGroups,"{""regex"":""(missed intr)""}",,missed_intrs,,,,
,,,Rush:CSV_compare,"{""right"":6,""left"":""Rush:size(\""${missed_intrs}\"")"",""failMessage"":""Not all missed""}",,,,,,
HALL,Test_IRQ@C3_Flex-Detect,,Fixture:sendCommand,"{""expect"":""pass""}",cylinder_ALSON,,,,,
,,,EFIDut:sendCommand,,"hallsensor --irqindex 0 --meas 6 --delay 500",,,,,
,,,Rush:regexGroups,"{""regex"":""(detect intr)""}",,detected_intrs,,,,
,,,Rush:HallDetectTest,"[""${detected_intrs}""]",,,,,,
,,,Fixture:sendCommand,"{""expect"":""pass""}",cylinder_ALSOFF,,,,,
