Test,SubTest,SubSubTest,Action,Parameter,"DUT Command",OutputKey,IsGlobal,SAC,Condition,SOE
Magnetometer,Initialiation,,EFIDut:sendCommand,"{""expect"":""OK""}","sensor --sel compass --init",,,,,
Magnetometer,Connectivity_Test,,EFIDut:sendCommand,"{""expect"":""PASS""}","sensor -s compass --conntest",,,,,
Magnetometer,Self_Test,,EFIDut:sendCommand,"{""expect"":""PASS""}","sensor -s compass -e selftest",,,,,
Magnetometer,VA_ChipID,,EFIDut:sendCommand,"{""expect"":""OK""}","sensorreg -s compass -r 0x00 1",,,,,
,,,EFIDut:sendCommand,"{""regex"":""0x01 = (0x\\w+)"",""expect"":""OK""}","sensorreg -s compass -r 0x01 1",magnetometer_chipid,1,,,
,,,Rush:Atlas.create_record,"[[""${CurrentTest}"", ""Rush:stringify(\""${magnetometer_chipid}\"")""], ""Rush:checkCondition(\""magnetometer_chipid =='0x40'\"")""]",,,,,,
,,,Rush:add_device_attribute,"[""VA_Magnetometer_ChipID"",""${magnetometer_chipid}""]",,,,,,
Magnetometer,VA_Version,,EFIDut:sendCommand,"{""expect"":""OK""}","sensorreg -s compass -r 0x02",,,,,
,,,Rush:regexFirstMatch,"{""regex"":""0x02 = (0x\\w+)""}",,magnetometer_revision,,,,
,,,Rush:Atlas.create_record,"[[""${CurrentTest}"", ""Rush:stringify(\""${magnetometer_revision}\"")""], ""Rush:checkCondition(\""magnetometer_revision =='0x5A' || magnetometer_revision =='0x9A'\"")""]",,,,,,
,,,Rush:add_device_attribute,"[""MAGNETOMETER_REV"",""${magnetometer_revision}""]",,,,,,
Magnetometer,VA_CRC,,EFIDut:sendCommand,"{""expect"":""OK""}","sensorreg -s compass -w 0x29 0x53",,,,,
,,,EFIDut:sendCommand,"{""expect"":""OK""}","sensorreg -s compass -w 0x2A 0x47",,,,,
,,,EFIDut:sendCommand,"{""expect"":""OK""}","sensorreg -s compass -r 0x40 62",,,,,
,,,Rush:regexGroups,"{""regex"":""0x\\w+ = (0x\\w+)""}",,received_bytes,,,,
,,,Rush:LambdaUtils.map,"[""Rush:lookup(\""numerify\"")"",""${received_bytes}""]",,number_bytes,,,,
,,,Rush:calculate_compass_CRC,"[""${number_bytes}""]",,CRC_calculated,,,,
,,,Rush:createRecord,"{""name"":""VA_CRC_calculated"",""value"":""${CRC_calculated}""}",,,,,,
,,,EFIDut:sendCommand,"{""regex"":""0x04 = (0x\\w+)"",""expect"":""OK""}","sensorreg -s compass -r 0x04",compass_reg_0x04_str,,,,
,,,Rush:Atlas.create_record,"[[""compass_reg_0x04"", ""Rush:stringify(\""${DefaultOutputKey}\"")""], ""Rush:checkCondition(\""DefaultOutputKey != NIL\"")""]",,,,,,
,,,Rush:setActionSharedVariables,"{""compass_reg_0x04"": ""Rush:numerify(\""${compass_reg_0x04_str}\"")""}",,,,,,
,,,EFIDut:sendCommand,"{""regex"":""0x03 = (0x\\w+)"",""expect"":""OK""}","sensorreg -s compass -r 0x03",compass_reg_0x03_str,,,,
,,,Rush:Atlas.create_record,"[[""compass_reg_0x03"", ""Rush:stringify(\""${DefaultOutputKey}\"")""], ""Rush:checkCondition(\""DefaultOutputKey != NIL\"")""]",,,,,,
,,,Rush:setActionSharedVariables,"{""compass_reg_0x03"": ""Rush:numerify(\""${compass_reg_0x03_str}\"")""}",,,,,,
,,,Rush:CSV_calculate,"{""expression"":""compass_reg_0x04 * 256 + compass_reg_0x03""}",,CRC_read,,,,
,,,Rush:createRecord,"{""name"":""VA_CRC_read"",""value"":""${CRC_read}""}",,,,,,
,,,Rush:checkConditionPassFail,"{""condition"":""(CRC_calculated BETWEEN { 0x0001 , 0xFFFF }) && (CRC_calculated == CRC_read)"",""failMessage"":""CRC is invalid""}",,,,,,
,,,Rush:CRCPassOrFail,"{""condition"":""(CRC_calculated BETWEEN { 0x0001 , 0xFFFF }) && (CRC_calculated == CRC_read)""}",,,,,,
Magnetometer,VA_ODR,,EFIDut:sendCommand,"{""expect"":""OK""}","sensor --listsensors",,,,,
,,,EFIDut:sendCommand,"{""expect"":""OK""}","sensor --sel compass --init",,,,,
,,,EFIDut:sendCommand,"{""expect"":""OK""}","sensor --sel compass --sample 1000ms --stats",,,,,
,,,Rush:regexGroups,"{""regex"":""compass:\\s*.+\\s*.+\\s*calculated odr:\\s*(-?\\d+\\.\\d+)Hz\\s*average:\\s*X = (-?\\d+\\.\\d+), Y = (-?\\d+\\.\\d+), Z = (-?\\d+\\.\\d+), T = (-?\\d+\\.\\d+)\\s*std-dev:\\s*X = (-?\\d+\\.\\d+), Y = (-?\\d+\\.\\d+), Z = (-?\\d+\\.\\d+), T = (-?\\d+\\.\\d+)""}",,compass_sample_data,1,,,
,,,Rush:createRecord,"{""value"":""${compass_sample_data}[0]""}",,,,,,
,,,EFIDut:sendCommand,"{""expect"":""OK""}","sensor --sel compass --turnoff",,,,,
Magnetometer,VA_Average_X,,Rush:createRecord,"{""value"":""${compass_sample_data}[1]""}",,,,,,
Magnetometer,VA_Average_Y,,Rush:createRecord,"{""value"":""${compass_sample_data}[2]""}",,,,,,
Magnetometer,VA_Average_Z,,Rush:createRecord,"{""value"":""${compass_sample_data}[3]""}",,,,,,
Magnetometer,VA_STD_X,,Rush:createRecord,"{""value"":""${compass_sample_data}[5]""}",,,,,,
Magnetometer,VA_STD_Y,,Rush:createRecord,"{""value"":""${compass_sample_data}[6]""}",,,,,,
Magnetometer,VA_STD_Z,,Rush:createRecord,"{""value"":""${compass_sample_data}[7]""}",,,,,,
Magnetometer,VA_Average_Temp,,Rush:createRecord,"{""value"":""${compass_sample_data}[4]""}",,,,,,
