Enable,Test,SubTest,SubSubTest,Technology,SOF,SAC
,SystemState,Spartan_FW_Version,,SystemState,,
,SystemState,Spartan_Environment_Check,,SystemState,,
,Fixture,Fixture_On,,Fixture,,
,SystemState,Enter_Diags,,SystemState,,
,DUTinfo,SN,,DUTinfo,,
,Process,Start_Data_Reporting,,Process,,
,Process,Start_Control_Bits,,Process,,
,DUTinfo,Diag_Version,,DUTinfo,,
,Button,Force_Sensor_Value@Power_Button,,Button,,
,Button,Force_Sensor_Value@Volume_Down,,Button,,
,Button,Force_Sensor_Value@Volume_Up,,Button,,
,Button,PMU_Button_Test@Power,,Button,,
,Button,PMU_Button_Test@Voldn,,Button,,
,Button,PMU_Button_Test@Volup,,Button,,
,Button,Force_Sensor_Value2@Power_Button,,Button,,
,Button,Force_Sensor_Value2@Volume_Down,,Button,,
,Button,Force_Sensor_Value2@Volume_UP,,Button,,
,Button,Power_Test,,Button,,
,Button,VolDn_Test,,Button,,
,Button,VolUp_Test,,Button,,
,Battery,Level_After_Test,,Battery,,
,Battery,Voltage_After_Test,,Battery,,
,Process,DRCB,,Process,,
,Fixture,Reset,,Fixture,,
