Test,SubTest,SubSubTest,Action,Parameter,"DUT Command",OutputKey,IsGlobal,SAC,Condition,SOE
MIC,Loop_test@SPK_CN_L_T_To_4x_Mic,,EFIDut:sendCommand,"{""expect"":""OK""}","audio -r",,,,,
,,,EFIDut:sendCommand,"{""expect"":""OK""}","routeaudio -b socpdm -i ap-dec0 -o ap-pdm -r",,,,,
,,,EFIDut:sendCommand,"{""expect"":""OK""}","routeaudio -b socpdm -i ap-dec1 -o ap-pdm -r",,,,,
,,,EFIDut:sendCommand,"{""expect"":""OK""}","routeaudio -b socpdm -i ap-dec2 -o ap-pdm -r",,,,,
,,,EFIDut:sendCommand,"{""expect"":""OK""}","routeaudio -b socpdm -i ap-dec3 -o ap-pdm -r",,,,,
,,,EFIDut:sendCommand,"{""expect"":""OK""}","processaudio --pick tone-gen --options ""--type sine --freq 3000 --scale 28.8"" --out_channels 0 --out_len 2000 -d 16",,,,,
,,,EFIDut:sendCommand,"{""expect"":""OK""}","processaudio --pick audio-mapper -i process0 --options ""--in [0] --out [0]"" --out_channels 16",,,,,
,,,EFIDut:sendCommand,"{""expect"":""OK""}","playaudio -b socmca -p ap-mca0 --usebuf process1 --async",,,,,
,,,EFIDut:sendCommand,"{""expect"":""OK""}","recordaudio -b socpdm -p ap-pdm --len 2000 --rate 48000 -c 4",,,,,
,,,EFIDut:sendCommand,"{""expect"":""OK""}","stopaudio -b socmca -p ap-mca0",,,,,
,,,EFIDut:sendCommand,"{""expect"":""OK""}","processaudio -p fft -i record0 -o '--normalize false --minHz 2990 --maxHz 3010'",audio_resp,,,,
,,,EFIDut:sendCommand,"{""expect"":""OK""}","display --on",,,,,
,,,EFIDut:sendCommand,"{""expect"":""OK""}","audio --turnoff",,,,,
,,,Rush:regexGroups,"{""input"":""${audio_resp}"",""regex"":""Channel 0:\\s*.+?Peak Magnitude=(-?\\d+\\.\\d+).*\\s*DC Magnitude=(-?\\d+\\.\\d+)[\\s\\S]+?Channel 1:\\s*.+?Peak Magnitude=(-?\\d+\\.\\d+).*\\s*DC Magnitude=(-?\\d+\\.\\d+)[\\s\\S]+?Channel 2:\\s*.+?Peak Magnitude=(-?\\d+\\.\\d+).*\\s*DC Magnitude=(-?\\d+\\.\\d+)[\\s\\S]+?Channel 3:\\s*.+?Peak Magnitude=(-?\\d+\\.\\d+).*\\s*DC Magnitude=(-?\\d+\\.\\d+)""}",,audio_data,1,,,
MIC,PK_MAG@TM,,Rush:createRecord,"{""value"":""${audio_data}[4]""}",,MIC_TM_PK_MAG,1,,,
MIC,PK_MAG@HOUSING,,Rush:createRecord,"{""value"":""${audio_data}[6]""}",,MIC_HOUSE_PK_MAG,1,,,
MIC,PK_MAG@EDGE_L,,Rush:createRecord,"{""value"":""${audio_data}[0]""}",,MIC_EDGE_L_PK_MAG,1,,,
MIC,PK_MAG@EDGE_R,,Rush:createRecord,"{""value"":""${audio_data}[2]""}",,MIC_EDGE_R_PK_MAG,1,,,
MIC,DC_MAG@TM,,Rush:createRecord,"{""value"":""${audio_data}[5]""}",,MIC_TM_DC_MAG,1,,,
MIC,DC_MAG@HOUSING,,Rush:createRecord,"{""value"":""${audio_data}[7]""}",,MIC_HOUSE_DC_MAG,1,,,
MIC,DC_MAG@EDGE_L,,Rush:createRecord,"{""value"":""${audio_data}[1]""}",,MIC_EDGE_L_DC_MAG,1,,,
MIC,DC_MAG@EDGE_R,,Rush:createRecord,"{""value"":""${audio_data}[3]""}",,MIC_EDGE_R_DC_MAG,1,,,
MIC,MAG_Delta@TM_PK_To_HSG_PK,,Rush:CSV_calculate,"{""expression"":""abs(MIC_TM_PK_MAG - MIC_HOUSE_PK_MAG)""}",,,,,,
,,,Rush:createRecord,,,,,,,
MIC,MAG_Delta@EDGE_L_PK_To_EDGE_R_PK,,Rush:CSV_calculate,"{""expression"":""abs(MIC_EDGE_L_PK_MAG - MIC_EDGE_R_PK_MAG)""}",,,,,,
,,,Rush:createRecord,,,EDGE_L_To_EDGE_R_PK,1,,,
MIC,MAG_Delta@EDGE_L_DC_To_EDGE_R_DC,,Rush:CSV_calculate,"{""expression"":""abs(MIC_EDGE_L_DC_MAG - MIC_EDGE_R_DC_MAG)""}",,,,,,
,,,Rush:createRecord,,,EDGE_L_To_EDGE_R_DC,1,,,
MIC,Delta_Result-PK_MAG_And_DC_MAG,,Rush:checkConditionPassFail,"{""condition"": ""NOT ((EDGE_L_To_EDGE_R_PK < 0.3) && (EDGE_L_To_EDGE_R_DC < 74 || EDGE_L_To_EDGE_R_DC > 96))"", ""failMessage"": ""Fail criteria: PK_MAG delta < 0.3 and DC_MAG delta out [74,96]""}",,,,,,
MIC,Secure_DMIC_Test-Disable,,Fixture:sendCommand,"{""expect"":""pass""}",cylinder_ALSON,,,,,
,,,EFIDut:sendCommand,,"hallsensor --irqindex 0 --meas 6 --delay 500",,,,,
,,,Rush:regexGroups,"{""regex"":""(detect intr)""}",,detected_intrs,,,,
,,,Rush:HallDetectTest,"[""${detected_intrs}""]",,,,,,
,,,Fixture:sendCommand,"{""expect"":""pass""}",hall_HALL0ON,,,,,
,,,EFIDut:sendCommand,,"hallsensor --irqindex 1 --meas 6 --delay 500",,,,,
,,,Rush:regexGroups,"{""regex"":""(detect intr)""}",,detected_intrs,,,,
,,,Rush:HallDetectTest,"[""${detected_intrs}""]",,,,,,
,,,EFIDut:sendCommand,"{""expect"":""OK""}","audio -r",,,,,
,,,EFIDut:sendCommand,"{""expect"":""OK""}","routeaudio -b socpdm -i ap-dec0 -o ap-pdm -r",,,,,
,,,EFIDut:sendCommand,"{""expect"":""OK""}","routeaudio -b socpdm -i ap-dec1 -o ap-pdm -r",,,,,
,,,EFIDut:sendCommand,"{""expect"":""OK""}","routeaudio -b socpdm -i ap-dec2 -o ap-pdm -r",,,,,
,,,EFIDut:sendCommand,"{""expect"":""OK""}","routeaudio -b socpdm -i ap-dec3 -o ap-pdm -r",,,,,
,,,EFIDut:sendCommand,"{""expect"":""OK""}","processaudio --pick tone-gen --options ""--type sine --freq 3000 --scale 28.8"" --out_channels 0 --out_len 2000 -d 16",,,,,
,,,EFIDut:sendCommand,"{""expect"":""OK""}","processaudio --pick audio-mapper -i process0 --options ""--in [0] --out [0]"" --out_channels 16",,,,,
,,,EFIDut:sendCommand,"{""expect"":""OK""}","playaudio -b socmca -p ap-mca0 --usebuf process1 --async",,,,,
,,,EFIDut:sendCommand,"{""expect"":""OK""}","recordaudio -b socpdm -p ap-pdm --len 2000 --rate 48000 -c 4",,,,,
,,,EFIDut:sendCommand,"{""expect"":""OK""}","stopaudio -b socmca -p ap-mca0",,,,,
,,,EFIDut:sendCommand,"{""expect"":""OK""}","processaudio -p fft -i record0 -o '--normalize false --minHz 2990 --maxHz 3010'",audio_resp,,,,
,,,EFIDut:sendCommand,"{""expect"":""OK""}","audio --turnoff",,,,,
,,,Rush:regexGroups,"{""input"":""${audio_resp}"",""regex"":""Channel 0:\\s*.+?Peak Magnitude=(-?\\d+\\.\\d+).*\\s*DC Magnitude=(-?\\d+\\.\\d+)[\\s\\S]+?Channel 1:\\s*.+?Peak Magnitude=(-?\\d+\\.\\d+).*\\s*DC Magnitude=(-?\\d+\\.\\d+)[\\s\\S]+?Channel 2:\\s*.+?Peak Magnitude=(-?\\d+\\.\\d+).*\\s*DC Magnitude=(-?\\d+\\.\\d+)[\\s\\S]+?Channel 3:\\s*.+?Peak Magnitude=(-?\\d+\\.\\d+).*\\s*DC Magnitude=(-?\\d+\\.\\d+)""}",,audio_data1,1,,,
,,,EFIDut:sendCommand,,"hallsensor --irqindex 0 --meas 6 --delay 500",,,,,
,,,Rush:regexGroups,"{""regex"":""(detect intr)""}",,detected_intrs,,,,
,,,Rush:HallDetectTest,"[""${detected_intrs}""]",,,,,,
,,,EFIDut:sendCommand,,"hallsensor --irqindex 1 --meas 6 --delay 500",,,,,
,,,Rush:regexGroups,"{""regex"":""(detect intr)""}",,detected_intrs,,,,
,,,Rush:HallDetectTest,"[""${detected_intrs}""]",,,,,,
,,,Fixture:sendCommand,"{""expect"":""pass""}",hall_HALL0OFF,,,,,
,,,Fixture:sendCommand,"{""expect"":""pass""}",cylinder_ALSOFF,,,,,
MIC,PK_MAG@TM-Disable,,Rush:createRecord,"{""value"":""${audio_data1}[4]""}",,,,,,
MIC,PK_MAG@HOUSING-Disable,,Rush:createRecord,"{""value"":""${audio_data1}[6]""}",,,,,,
MIC,PK_MAG@EDGE_L-Disable,,Rush:createRecord,"{""value"":""${audio_data1}[0]""}",,,,,,
MIC,PK_MAG@EDGE_R-Disable,,Rush:createRecord,"{""value"":""${audio_data1}[2]""}",,,,,,
MIC,DC_MAG@TM-Disable,,Rush:createRecord,"{""value"":""${audio_data1}[5]""}",,,,,,
MIC,DC_MAG@HOUSING-Disable,,Rush:createRecord,"{""value"":""${audio_data1}[7]""}",,,,,,
MIC,DC_MAG@EDGE_L-Disable,,Rush:createRecord,"{""value"":""${audio_data1}[1]""}",,,,,,
MIC,DC_MAG@EDGE_R-Disable,,Rush:createRecord,"{""value"":""${audio_data1}[3]""}",,,,,,
