Test,SubTest,SubSubTest,Action,Parameter,"DUT Command",OutputKey,IsGlobal,SAC,Condition,SOE
OpticalSensor,Device_ID@ALS_FH_Right,,EFIDut:sendCommand,"{""expect"":""Pass""}","camisp --find",,,,,
,,,EFIDut:sendCommand,"{""expect"":""OK""}","sensor --sel als1 --init",,,,,
,,,EFIDut:sendCommand,"{""regex"":""prod_id =\\s*(0x\\w+)"",""expect"":""OK""}","sensor --sel als1 --get prod_id",,,,,
,,,Rush:als,"[""${DefaultOutputKey}""]",,,,,,
OpticalSensor,Revision_ID@ALS_FH_Right,,EFIDut:sendCommand,"{""regex"":""rev_id =\\s*(0x\\w+)"",""expect"":""OK""}","sensor --sel als1 --get rev_id",,,,,
,,,Rush:als,"[""${DefaultOutputKey}""]",,,,,,
OpticalSensor,"IC_Vendor @ALS_FH_Right",,EFIDut:sendCommand,"{""regex"":""Data:\\s*(0x\\w+)""}","i2c -d 5 0x39 0xE2 0x01",ALS1ICvendor1,,,,
,,,Rush:als,"[""${DefaultOutputKey}""]",,,,,,
OpticalSensor,Chip_ID@ALS_FH_Right,,EFIDut:sendCommand,"{""regex"":""chip_id =\\s*(0x\\w+)"",""expect"":""OK""}","sensor --sel als1 --get chip_id",chip_id,,,,
,,,Rush:als,"[""${DefaultOutputKey}""]",,,,,,
OpticalSensor,ADD_ID@ALS_FH_Right,,EFIDut:sendCommand,"{""regex"":""0xE4 =\\s*(0x\\w+)"", ""expect"":""OK""}","sensorreg --sel als1 --read 0xE4",,,,,
,,,Rush:createRecord,,,,,,,
OpticalSensor,ADD_ID2@ALS_FH_Right,,EFIDut:sendCommand,"{""regex"":""0xE6 =\\s*(0x\\w+)"", ""expect"":""OK""}","sensorreg --sel als1 --read 0xE6 ",,,,,
,,,Rush:createRecord,,,,,,,
OpticalSensor,"Bright_Ch_1 @ALS_FH_Right",,Fixture:sendCommand,"{""expect"":""pass""}",cylinder_ALSON,,,,,
,,,Fixture:sendCommand,"{""expect"":""pass""}",led_ALS1ON,,,,,
,,,Fixture:sendCommand,"{""expect"":""pass""}",led_ALS2ON,,,,,
,,,Rush:sleep_ms,[500],,,,,,
,,,EFIDut:sendCommand,"{""expect"":""OK""}","sensor --sel als1 --init",,,,,
,,,EFIDut:sendCommand,"{""expect"":""OK""}","sensor --sel als1 --set gain 16",,,,,
,,,EFIDut:sendCommand,"{""expect"":""OK""}","sensor --sel als1 --set integration_cycles 148",,,,,
,,,EFIDut:sendCommand,"{""expect"":""OK""}","sensor --sel als1 --sample 3 --stream",,,,,
,,,Rush:regexGroups,"{""regex"":""Channel1 = (0x\\w+), Channel2 = (0x\\w+), Channel3 = (0x\\w+), Channel4 = (0x\\w+), Channel5 = (0x\\w+), Temperature = (\\w+)""}",,,,,,
,,,Rush:LambdaUtils.map,"[""Rush:lookup(\""numerify\"")"",""${DefaultOutputKey}""]",,als1_right_sample,1,,,
,,,Rush:CSV_calculate,"{""expression"":""(als1_right_sample[0] + als1_right_sample[6] + als1_right_sample[12]) / 3.0""}",,,,,,
,,,Rush:createRecord,,,,,,,
OpticalSensor,"Bright_Ch_2 @ALS_FH_Right",,Rush:CSV_calculate,"{""expression"":""(als1_right_sample[1] + als1_right_sample[7] + als1_right_sample[13]) / 3.0""}",,,,,,
,,,Rush:createRecord,,,,,,,
OpticalSensor,"Bright_Ch_3 @ALS_FH_Right",,Rush:CSV_calculate,"{""expression"":""(als1_right_sample[2] + als1_right_sample[8] + als1_right_sample[14]) / 3.0""}",,,,,,
,,,Rush:createRecord,,,,,,,
OpticalSensor,"Bright_Ch_4 @ALS_FH_Right",,Rush:CSV_calculate,"{""expression"":""(als1_right_sample[3] + als1_right_sample[9] + als1_right_sample[15]) / 3.0""}",,,,,,
,,,Rush:createRecord,,,,,,,
OpticalSensor,"Bright_Ch_5 @ALS_FH_Right",,Rush:CSV_calculate,"{""expression"":""(als1_right_sample[4] + als1_right_sample[10] + als1_right_sample[16]) / 3.0""}",,,,,,
,,,Rush:createRecord,,,,,,,
OpticalSensor,"Temperature @ALS_FH_Right",,Rush:CSV_calculate,"{""expression"":""(als1_right_sample[5] + als1_right_sample[11] + als1_right_sample[17]) / 3.0""}",,,,,,
,,,Rush:createRecord,,,,,,,
OpticalSensor,Device_ID@ALS_FH_Left,,EFIDut:sendCommand,"{""expect"":""OK""}","sensor --sel als2 --init",,,,,
,,,EFIDut:sendCommand,"{""regex"":""prod_id =\\s*(0x\\w+)"",""expect"":""OK""}","sensor --sel als2 --get prod_id",,,,,
,,,Rush:als,"[""${DefaultOutputKey}""]",,,,,,
OpticalSensor,Revision_ID@ALS_FH_Left,,EFIDut:sendCommand,"{""regex"":""rev_id =\\s*(0x\\w+)"",""expect"":""OK""}","sensor --sel als2 --get rev_id",,,,,
,,,Rush:als,"[""${DefaultOutputKey}""]",,,,,,
OpticalSensor,"IC_Vendor @ALS_FH_Left",,EFIDut:sendCommand,"{""regex"":""Data:\\s*(0x\\w+)""}","i2c -d 5 0x29 0xE2 0x01",ALS2ICvendor1,,,,
,,,Rush:als,"[""${DefaultOutputKey}""]",,,,,,
OpticalSensor,Chip_ID@ALS_FH_Left,,EFIDut:sendCommand,"{""regex"":""chip_id =\\s*(0x\\w+)"",""expect"":""OK""}","sensor --sel als2 --get chip_id",chip_id,,,,
,,,Rush:als,"[""${DefaultOutputKey}""]",,,,,,
OpticalSensor,ADD_ID@ALS_FH_Left,,EFIDut:sendCommand,"{""regex"":""0xE4 =\\s*(0x\\w+)"", ""expect"":""OK""}","sensorreg --sel als2 --read 0xE4",,,,,
,,,Rush:createRecord,,,,,,,
OpticalSensor,ADD_ID2@ALS_FH_Left,,EFIDut:sendCommand,"{""regex"":""0xE6 =\\s*(0x\\w+)"", ""expect"":""OK""}","sensorreg --sel als2 --read 0xE6",,,,,
,,,Rush:createRecord,,,,,,,
OpticalSensor,"Bright_Ch_1 @ALS_FH_Left",,Rush:sleep_ms,[500],,,,,,
,,,EFIDut:sendCommand,"{""expect"":""OK""}","sensor --sel als2 --init",,,,,
,,,EFIDut:sendCommand,"{""expect"":""OK""}","sensor --sel als2 --set gain 16",,,,,
,,,EFIDut:sendCommand,"{""expect"":""OK""}","sensor --sel als2 --set integration_cycles 148",,,,,
,,,EFIDut:sendCommand,"{""expect"":""OK""}","sensor --sel als2 --sample 3 --stream",als2_left_resp,,,,
,,,EFIDut:sendCommand,"{""expect"":""OK""}","sensor --sel als1,als2 --turnoff",,,,,
,,,Rush:regexGroups,"{""input"":""${als2_left_resp}"",""regex"":""Channel1 = (0x\\w+), Channel2 = (0x\\w+), Channel3 = (0x\\w+), Channel4 = (0x\\w+), Channel5 = (0x\\w+), Temperature = (\\w+)""}",,,,,,
,,,Rush:LambdaUtils.map,"[""Rush:lookup(\""numerify\"")"",""${DefaultOutputKey}""]",,als2_left_sample,1,,,
,,,Rush:CSV_calculate,"{""expression"":""(als2_left_sample[0] + als2_left_sample[6] + als2_left_sample[12]) / 3.0""}",,,,,,
,,,Rush:createRecord,,,,,,,
OpticalSensor,"Bright_Ch_2 @ALS_FH_Left",,Rush:CSV_calculate,"{""expression"":""(als2_left_sample[1] + als2_left_sample[7] + als2_left_sample[13]) / 3.0""}",,,,,,
,,,Rush:createRecord,,,,,,,
OpticalSensor,"Bright_Ch_3 @ALS_FH_Left",,Rush:CSV_calculate,"{""expression"":""(als2_left_sample[2] + als2_left_sample[8] + als2_left_sample[14]) / 3.0""}",,,,,,
,,,Rush:createRecord,,,,,,,
OpticalSensor,"Bright_Ch_4 @ALS_FH_Left",,Rush:CSV_calculate,"{""expression"":""(als2_left_sample[3] + als2_left_sample[9] + als2_left_sample[15]) / 3.0""}",,,,,,
,,,Rush:createRecord,,,,,,,
OpticalSensor,"Bright_Ch_5 @ALS_FH_Left",,Rush:CSV_calculate,"{""expression"":""(als2_left_sample[4] + als2_left_sample[10] + als2_left_sample[16]) / 3.0""}",,,,,,
,,,Rush:createRecord,,,,,,,
OpticalSensor,"Temperature @ALS_FH_Left",,Rush:CSV_calculate,"{""expression"":""(als2_left_sample[5] + als2_left_sample[11] + als2_left_sample[17]) / 3.0""}",,,,,,
,,,Rush:createRecord,,,,,,,
OpticalSensor,BL_Leakage_Bright_Ch_1@ALS_FH_Right,,Fixture:sendCommand,"{""expect"":""pass""}",led_ALS1OFF,,,,,
,,,Fixture:sendCommand,"{""expect"":""pass""}",led_ALS2OFF,,,,,
,,,EFIDut:sendCommand,"{""expect"":""OK""}","bl -h",,,,,
,,,EFIDut:sendCommand,"{""expect"":""OK""}","sensor --sel als1 --init",,,,,
,,,EFIDut:sendCommand,"{""expect"":""OK""}","sensor --sel als1 --set gain 16",,,,,
,,,EFIDut:sendCommand,"{""expect"":""OK""}","sensor --sel als1 --set integration_cycles 148",,,,,
,,,EFIDut:sendCommand,"{""expect"":""OK""}","sensor --sel als1 --sample 3 --stream",,,,,
,,,Rush:regexGroups,"{""regex"":""Channel1 = (0x\\w+), Channel2 = (0x\\w+), Channel3 = (0x\\w+), Channel4 = (0x\\w+), Channel5 = (0x\\w+)""}",,,,,,
,,,Rush:LambdaUtils.map,"[""Rush:lookup(\""numerify\"")"",""${DefaultOutputKey}""]",,als1_R_leakage_sample,1,,,
,,,Rush:CSV_calculate,"{""expression"":""(als1_R_leakage_sample[0] + als1_R_leakage_sample[5] + als1_R_leakage_sample[10]) / 3.0""}",,,,,,
,,,Rush:createRecord,,,,,,,
OpticalSensor,BL_Leakage_Bright_Ch_2@ALS_FH_Right,,Rush:CSV_calculate,"{""expression"":""(als1_R_leakage_sample[1] + als1_R_leakage_sample[6] + als1_R_leakage_sample[11]) / 3.0""}",,,,,,
,,,Rush:createRecord,,,,,,,
OpticalSensor,BL_Leakage_Bright_Ch_3@ALS_FH_Right,,Rush:CSV_calculate,"{""expression"":""(als1_R_leakage_sample[2] + als1_R_leakage_sample[7] + als1_R_leakage_sample[12]) / 3.0""}",,,,,,
,,,Rush:createRecord,,,,,,,
OpticalSensor,BL_Leakage_Bright_Ch_4@ALS_FH_Right,,Rush:CSV_calculate,"{""expression"":""(als1_R_leakage_sample[3] + als1_R_leakage_sample[8] + als1_R_leakage_sample[13]) / 3.0""}",,,,,,
,,,Rush:createRecord,,,,,,,
OpticalSensor,BL_Leakage_Bright_Ch_5@ALS_FH_Right,,Rush:CSV_calculate,"{""expression"":""(als1_R_leakage_sample[4] + als1_R_leakage_sample[9] + als1_R_leakage_sample[14]) / 3.0""}",,,,,,
,,,Rush:createRecord,,,,,,,
OpticalSensor,BL_Leakage_Bright_Ch_1@ALS_FH_Left,,EFIDut:sendCommand,"{""expect"":""OK""}","sensor --sel als2 --init",,,,,
,,,EFIDut:sendCommand,"{""expect"":""OK""}","sensor --sel als2 --set gain 16",,,,,
,,,EFIDut:sendCommand,"{""expect"":""OK""}","sensor --sel als2 --set integration_cycles 148",,,,,
,,,EFIDut:sendCommand,"{""expect"":""OK""}","sensor --sel als2 --sample 3 --stream",als2_L_leakage,,,,
,,,EFIDut:sendCommand,"{""expect"":""OK""}","sensor --sel als1,als2 --turnoff",,,,,
,,,Rush:regexGroups,"{""input"":""${als2_L_leakage}"",""regex"":""Channel1 = (0x\\w+), Channel2 = (0x\\w+), Channel3 = (0x\\w+), Channel4 = (0x\\w+), Channel5 = (0x\\w+)""}",,,,,,
,,,Rush:LambdaUtils.map,"[""Rush:lookup(\""numerify\"")"",""${DefaultOutputKey}""]",,als2_L_leakage_sample,1,,,
,,,Rush:CSV_calculate,"{""expression"":""(als2_L_leakage_sample[0] + als2_L_leakage_sample[5] + als2_L_leakage_sample[10]) / 3.0""}",,,,,,
,,,Rush:createRecord,,,,,,,
OpticalSensor,BL_Leakage_Bright_Ch_2@ALS_FH_Left,,Rush:CSV_calculate,"{""expression"":""(als2_L_leakage_sample[1] + als2_L_leakage_sample[6] + als2_L_leakage_sample[11]) / 3.0""}",,,,,,
,,,Rush:createRecord,,,,,,,
OpticalSensor,BL_Leakage_Bright_Ch_3@ALS_FH_Left,,Rush:CSV_calculate,"{""expression"":""(als2_L_leakage_sample[2] + als2_L_leakage_sample[7] + als2_L_leakage_sample[12]) / 3.0""}",,,,,,
,,,Rush:createRecord,,,,,,,
OpticalSensor,BL_Leakage_Bright_Ch_4@ALS_FH_Left,,Rush:CSV_calculate,"{""expression"":""(als2_L_leakage_sample[3] + als2_L_leakage_sample[8] + als2_L_leakage_sample[13]) / 3.0""}",,,,,,
,,,Rush:createRecord,,,,,,,
OpticalSensor,BL_Leakage_Bright_Ch_5@ALS_FH_Left,,Rush:CSV_calculate,"{""expression"":""(als2_L_leakage_sample[4] + als2_L_leakage_sample[9] + als2_L_leakage_sample[14]) / 3.0""}",,,,,,
,,,Rush:createRecord,,,,,,,
OpticalSensor,"Dark _Response_Bright_Ch_1 @ALS_FH_Right",,EFIDut:sendCommand,"{""expect"":""OK""}","bl -o",,,,,
,,,EFIDut:sendCommand,"{""expect"":""OK""}","sensor --sel als1 --init",,,,,
,,,EFIDut:sendCommand,"{""expect"":""OK""}","sensor --sel als1 --set gain 16",,,,,
,,,EFIDut:sendCommand,"{""expect"":""OK""}","sensor --sel als1 --set integration_cycles 148",,,,,
,,,EFIDut:sendCommand,"{""expect"":""OK""}","sensor --sel als1 --sample 3 --stream",,,,,
,,,Rush:regexGroups,"{""regex"":""Channel1 = (0x\\w+), Channel2 = (0x\\w+), Channel3 = (0x\\w+), Channel4 = (0x\\w+), Channel5 = (0x\\w+), Temperature = (0x\\w+)""}",,,,,,
,,,Rush:LambdaUtils.map,"[""Rush:lookup(\""numerify\"")"",""${DefaultOutputKey}""]",,als1_R_Dark_sample,1,,,
,,,Rush:CSV_calculate,"{""expression"":""(als1_R_Dark_sample[0] + als1_R_Dark_sample[6] + als1_R_Dark_sample[11]) / 3.0""}",,,,,,
,,,Rush:createRecord,,,,,,,
OpticalSensor,"Dark _Response_Bright_Ch_2 @ALS_FH_Right",,Rush:CSV_calculate,"{""expression"":""(als1_R_Dark_sample[1] + als1_R_Dark_sample[7] + als1_R_Dark_sample[12]) / 3.0""}",,,,,,
,,,Rush:createRecord,,,,,,,
OpticalSensor,"Dark _Response_Bright_Ch_3 @ALS_FH_Right",,Rush:CSV_calculate,"{""expression"":""(als1_R_Dark_sample[2] + als1_R_Dark_sample[8] + als1_R_Dark_sample[13]) / 3.0""}",,,,,,
,,,Rush:createRecord,,,,,,,
OpticalSensor,"Dark _Response_Bright_Ch_4 @ALS_FH_Right",,Rush:CSV_calculate,"{""expression"":""(als1_R_Dark_sample[3] + als1_R_Dark_sample[9] + als1_R_Dark_sample[14]) / 3.0""}",,,,,,
,,,Rush:createRecord,,,,,,,
OpticalSensor,"Dark _Response_Bright_Ch_5 @ALS_FH_Right",,Rush:CSV_calculate,"{""expression"":""(als1_R_Dark_sample[4] + als1_R_Dark_sample[10] + als1_R_Dark_sample[15]) / 3.0""}",,,,,,
,,,Rush:createRecord,,,,,,,
OpticalSensor,"Dark _Response_Bright_Ch_1 @ALS_FH_Left",,EFIDut:sendCommand,"{""expect"":""OK""}","sensor --sel als2 --init",,,,,
,,,EFIDut:sendCommand,"{""expect"":""OK""}","sensor --sel als2 --set gain 16",,,,,
,,,EFIDut:sendCommand,"{""expect"":""OK""}","sensor --sel als2 --set integration_cycles 148",,,,,
,,,EFIDut:sendCommand,"{""expect"":""OK""}","sensor --sel als2 --sample 3 --stream",als2_L_Dark,,,,
,,,EFIDut:sendCommand,"{""expect"":""OK""}","sensor --sel als1,als2 --turnoff",,,,,
,,,EFIDut:sendCommand,"{""expect"":""OK""}","bl -r",,,,,
,,,Rush:regexGroups,"{""input"":""${als2_L_Dark}"",""regex"":""Channel1 = (0x\\w+), Channel2 = (0x\\w+), Channel3 = (0x\\w+), Channel4 = (0x\\w+), Channel5 = (0x\\w+)""}",,,,,,
,,,Rush:LambdaUtils.map,"[""Rush:lookup(\""numerify\"")"",""${DefaultOutputKey}""]",,als2_L_Dark_sample,1,,,
,,,Fixture:sendCommand,,cylinder_ALSOFF,,,,,
,,,Rush:CSV_calculate,"{""expression"":""(als2_L_Dark_sample[0] + als2_L_Dark_sample[5] + als2_L_Dark_sample[10]) / 3.0""}",,,,,,
,,,Rush:createRecord,,,,,,,
OpticalSensor,"Dark _Response_Bright_Ch_2 @ALS_FH_Left",,Rush:CSV_calculate,"{""expression"":""(als2_L_Dark_sample[1] + als2_L_Dark_sample[6] + als2_L_Dark_sample[11]) / 3.0""}",,,,,,
,,,Rush:createRecord,,,,,,,
OpticalSensor,"Dark _Response_Bright_Ch_3 @ALS_FH_Left",,Rush:CSV_calculate,"{""expression"":""(als2_L_Dark_sample[2] + als2_L_Dark_sample[7] + als2_L_Dark_sample[12]) / 3.0""}",,,,,,
,,,Rush:createRecord,,,,,,,
OpticalSensor,"Dark _Response_Bright_Ch_4 @ALS_FH_Left",,Rush:CSV_calculate,"{""expression"":""(als2_L_Dark_sample[3] + als2_L_Dark_sample[8] + als2_L_Dark_sample[13]) / 3.0""}",,,,,,
,,,Rush:createRecord,,,,,,,
OpticalSensor,"Dark _Response_Bright_Ch_5 @ALS_FH_Left",,Rush:CSV_calculate,"{""expression"":""(als2_L_Dark_sample[4] + als2_L_Dark_sample[9] + als2_L_Dark_sample[14]) / 3.0""}",,,,,,
,,,Rush:createRecord,,,,,,,
