Test,SubTest,SubSubTest,Action,Parameter,"DUT Command",OutputKey,IsGlobal,SAC,Condition,SOE
Pearl,QT_DEV_ID,,EFIDut:sendCommand,"{""expect"":""OK""}","sensor --sel prox --init",,,,,
,,,EFIDut:sendCommand,"{""regex"":""device_id = (0x\\w+)"",""expect"":""OK""}","sensor --sel prox --get device_id",prox_device_id,,,,
,,,Rush:createRecord,"{""value"":""${prox_device_id}""}",,,,,,
,,,Rush:add_device_attribute,"[""PROX_QT_DEV_ID"",""${prox_device_id}""]",,,,,,
Pearl,QT_REV_ID,,EFIDut:sendCommand,"{""regex"":""rev_id = (0x\\w+)"",""expect"":""OK""}","sensor --sel prox --get rev_id",prox_rev_id,,,,
,,,Rush:createRecord,"{""value"":""${prox_rev_id}""}",,,,,,
,,,Rush:add_device_attribute,"[""PROX_QT_REV_ID"",""${prox_rev_id}""]",,,,,,
Pearl,SN,,EFIDut:sendCommand,"{""regex"":""serial_num = (\\w+)"",""expect"":""OK""}","sensor --sel prox --get serial_num",prox_serial_num,,,,
,,,Rush:add_device_attribute,"[""proxSN"",""${prox_serial_num}""]",,,,,,
Pearl,RAW_DIST_AVE-NO_TARGET,,EFIDut:sendCommand,"{""expect"":""OK""}","sensor --sel prox --set datatype norm",,,,,
,,,EFIDut:sendCommand,"{""expect"":""OK""}","sensor --sel prox --set fixed_odr 60",,,,,
,,,Fixture:sendCommand,,cylinder_PROXON,,,,,
,,,Rush:sleep_ms,[1500],,,,,,
,,,EFIDut:sendCommand,"{""expect"":""OK""}","sensor --sel prox --sample 47 --stats",,,,,
,,,Rush:regexGroups,"{""regex"":""prox:[\\s\\S]+?average:\\s*rawrange = (-?\\d+\\.\\d+)\\s*average:\\s*signalrateperspad = (-?\\d+\\.\\d+), ambientrateperspad = (-?\\d+\\.\\d+)\\s*average: refsignalrateperspad = (-?\\d+\\.\\d+)[\\s\\S]+?std-dev: rawrange = (-?\\d+\\.\\d+)\\s*std-dev:\\s*signalrateperspad = (-?\\d+\\.\\d+), ambientrateperspad = (-?\\d+\\.\\d+)\\s*std-dev:\\s*refsignalrateperspad = (-?\\d+\\.\\d+)""}",,prox_sample_data,1,,,
,,,EFIDut:sendCommand,"{""expect"":""OK""}","sensor --sel prox --turnoff",,,,,
,,,Fixture:sendCommand,"{""expect"":""pass""}",cylinder_PROXOFF,,,,,
,,,Rush:createRecord,"{""value"":""${prox_sample_data}[0]""}",,,,,,
Pearl,RAW_DIST_STD-NO_TARGET,,Rush:createRecord,"{""value"":""${prox_sample_data}[4]""}",,,,,,
Pearl,SIG_AVE-NO_TARGET,,Rush:createRecord,"{""value"":""${prox_sample_data}[1]""}",,,,,,
Pearl,SIG_STD-NO_TARGET,,Rush:createRecord,"{""value"":""${prox_sample_data}[5]""}",,,,,,
Pearl,AMB_AVE-NO_TARGET,,Rush:createRecord,"{""value"":""${prox_sample_data}[2]""}",,,,,,
Pearl,AMB_STD-NO_TARGET,,Rush:createRecord,"{""value"":""${prox_sample_data}[6]""}",,,,,,
Pearl,REF_SIG_AVE-NO_TARGET,,Rush:createRecord,"{""value"":""${prox_sample_data}[3]""}",,,,,,
Pearl,REF_SIG_STD-NO_TARGET,,Rush:createRecord,"{""value"":""${prox_sample_data}[7]""}",,,,,,
