Test,SubTest,SubSubTest,Action,Parameter,"DUT Command",OutputKey,IsGlobal,SAC,Condition,SOE
Process,Start_Data_Reporting,,DRCB:startDataReporting,"{""softwarename"":""Rush:get_atlas_version()"",""serialnumber"":""${serialnumber}"",""softwareversion"":""Rush:get_overlay_version()"",""limitsversion"":""1""}",,,,,,
Process,Start_Control_Bits,,EFIDut:open,,,,,,,
,,,EFIDut:close,,,,,,,
,,,DRCB:startControlBits,"{""mode"":""legacy"",""config"":{""timeout"":30,""snSource"":""FATPSN""}}",,,,,,
Process,DBCl,,EFIDut:sendCommand,"{""expect"":""Done""}","zerofile nandfs:\\AppleInternal\\Diags\\Logs\\Smokey\\LcmCal\PDCA.plist",,,,,
,,,EFIDut:sendCommand,"{""expect"":""Done""}","zerofile nandfs:\\AppleInternal\\Diags\\Logs\\Smokey\\LcmCal\Smokey.log",,,,,
,,,EFIDut:sendCommand,,"smokeyshell -r",,,,,
,,,EFIDut:sendCommand,"{""expect"":""Passed""}","smokey --run LcmCal",,,,,
,,,EFIDut:sendCommand,,"cat nandfs:\\AppleInternal\\Diags\\Logs\\Smokey\\LcmCal\\PDCA.plist",LcmCal_resp,1,,,
,,,Rush:regexGroups,"{""input"": ""${LcmCal_resp}"", ""regex"":""DBCl[\\s\\S]+?result.+?<string>(\\w+)</string>\\s*.+?value.+?<string>(\\w+)</string>[\\s\\S]*overallresult.+?<string>(\\w+)</string>""}",,DBCl_matched,,,,
,,,Rush:Atlas.create_record,"[[""DBCl"",""overallresult"", ""Rush:stringify(\""${DBCl_matched}[2]\"")""],""Rush:checkCondition(\""DBCl_matched[2] == 'PASS'\"")"",""LcmCal overall result FAIL""]",,,,,,
,,,Rush:Atlas.create_record,"[[""DBCl"",""result"", ""Rush:stringify(\""${DBCl_matched}[0]\"")""],""Rush:checkCondition(\""DBCl_matched[0] == 'PASS'\"")"",""DBCl result FAIL""]",,,,,,
,,,Rush:createRecord,"{""value"":""${DBCl_matched}[1]""}",,,,,,
Process,DTCl,,Rush:regexGroups,"{""input"": ""${LcmCal_resp}"", ""regex"":""DTCl[\\s\\S]+?result.+?<string>(\\w+)</string>\\s*.+?value.+?<string>(\\w+)</string>""}",,DTCl_matched,,,,
,,,Rush:Atlas.create_record,"[[""DTCl"",""result"", ""Rush:stringify(\""${DTCl_matched}[0]\"")""],""Rush:checkCondition(\""DTCl_matched[0] == 'PASS'\"")"",""DTCl result FAIL""]",,,,,,
,,,Rush:createRecord,"{""value"":""${DTCl_matched}[1]""}",,,,,,
Process,DRCB,,EFIDut:close,,,,,,,
,,,Rush:Atlas.tock,"[""${FULL_TEST_TIME_TAG}""]",,,,,,
,,,DRCB:finish,,,,,,,
Process,Write_Incomplete_CB,,EFIDut:sendCommand,"{""expect"":""OK""}","cbwrite 0x83 incomplete",,,,,
,,,EFIDut:close,,,,,,,
