Mode,Test Name (PDCA test item name),Command,Response,JudgeStyle,Expect Value,Limit,Note
OS Mode,Disable SPAM Debug Power,/spamtool dbgpwroff /dev/cu.usbserial,RunBundleSendPython:,MarkStr:Opened:,,N/A,
,Read SN,sysconfig read -k SrNm,WaitEndStr:root#,LocStr:STR | @,,N/A,
,Check main Line CB result,CheckCB,CheckCBResult:,NetCBCheck:,NETCB,N/A,
,Read SW vers,sw_vers,WaitEndStr:root#,LocStrForNewBundle:BuildVersion:   @,,N/A,
,Device Type,sysctl hw.model,WaitEndStr:root#,LocStrType:hw.model:@AP,Device type,N/A,
,Write CB incomplete,controlbits write -o 208 -v incomplete,WaitEndStr:root#,MarkStr:incomplete,,N/A,
,Turn off Display,diagstool hwmisc --displayPower=0,WaitEndStr:root#,AlwaysPass:,,N/A,
,GET hwconfig,GETHWCONFIG,WaitEndStr:root#,LocStr:@,GET From SF,N/A,
,Read MoPED,sysconfig read -k MdlC,WaitEndStr:root#,LocStrForMoPED:MoPED=@,,N/A,
,GET region code,GETREGION,WaitEndStr:root#,LocStr:@,GET From SF,N/A,
,GET Mod#,GETMOD,WaitEndStr:root#,LocStr:@,GET From SF,N/A,
,GET regulatory num#,GETREGULATORY,WaitEndStr:root#,LocStr:@,,N/A,
,Read CFG#,sysconfig read -k CFG#,WaitEndStr:root#,LocStr:CFG# |  STR | @,Read unit CFG,N/A,
,Add MkBS,sysconfig write -k MkBS -v MkBS(),WaitEndStr:root#,MarkStr:Successfully,MkBS() Get form SF,N/A,
,Add MkBH,sysconfig write -k MkBH -v MkBH(),WaitEndStr:root#,MarkStr:Successfully,MkBH() Get form SF,N/A,
,Add region code,sysconfig write -k Regn -v REGION(),WaitEndStr:root#,MarkStr:Successfully,REGION() Get form SF,N/A,
,Add Mod#,sysconfig write -k Mod# -v MOD(),WaitEndStr:root#,MarkStr:Successfully,MOD() Get form SF,N/A,
,Add RMd#,sysconfig write -k RMd# -v REGULATORY(),WaitEndStr:root#,MarkStr:Successfully,REGULATORY() Get form SF,N/A,
,Add CFG#,sysconfig write -k CFG# -v CFG#(),WaitEndStr:root#,MarkStr:Successfully,"CFG#() IS LASER CFG ,CFG()'S FORMAT:UNIT CFG,ARTWORK1=<Housing APN>,ARTWORK2=<Housing APN>   <Housing APN>GET Form SF UNIT CFG READ Form unit",N/A,
,Check Regn,sysconfig read -k Regn,WaitEndStr:root#,MarkStr:REGION(),,N/A,
,Check Mod#,sysconfig read -k Mod#,WaitEndStr:root#,MarkStr:MOD(),,N/A,
,Check regulatory num,sysconfig read -k RMd#,WaitEndStr:root#,MarkStr:REGULATORY(),,N/A,
,Check CFG#,sysconfig read -k CFG#,WaitEndStr:root#,MarkStrForCFG:CFG#(),,N/A,
,Read MkBH,sysconfig read -k MkBH,WaitEndStr:root#,MarkStr:MkBH(),,N/A,
,Read MkBS,sysconfig read -k MkBS,WaitEndStr:root#,MarkStr:MkBS(),,N/A,
,Write CB Result,,WriteCB:,MarkStr:Successfully,,N/A,
,Check CB Result,controlbits read -o 208,WaitEndStr:root#,MarkStr:CB,,N/A,
,Set boot-args to qrcode,"nvram boot-args=\""serial=3 qrcode=POv1\""@nvram boot-args=\""debug=0x14e serial=3 amfi_unrestrict_task_for_pid=1 cs_enforcement_disable=1 amfi_allow_any_signature=1 allow_swd_updates=1 wlan.debug.generate-mac=1",SendbyResult:root#,AlwaysPass:,,N/A,
,check boot-args for qrcode,nvram -p,WaitEndStr:root#,MarkStr:serial=3 qrcode,,N/A,
,Delete Plist File,"nvram boot-args=""serial=3 qrcode=POv1""@nvram boot-args=""debug=0x14e serial=3 amfi=-1 chg-c26-debug=1 pmu-debug-wake=1 qrcode=POv1""",WaitEndStr:root#,AlwaysPass:,,N/A,
,Reboot,reboot,SendCommandReboot:,NoMarkStr:Error,,N/A,