QT_GATEKEEPER_N140144546546,,,,,,,,,,,,,,,
TEST_GROUP,TEST_ITEM,CONDITIONAL_ITEM,DESCRIPTION,FUNCTION,PARAMETER,PDCA_NAME,COMBINE,GLOBAL_VARIABLE,EXPECTED_VALUE,UNIT,PDCA_TYPE,TIMEOUT,ERROR_MSG,QT_GATEKEEPER,NOTES
INIT,GET_SYS_INFO,,Read Unit Serial Number,DIAGS,syscfg print SrNm,,,,,,,,,TRUE,
INIT,GET_SYS_INFO,,Parse Unit Serial Number,PARSE,UNIT_SN,UNIT_SN,,,,,ATTRIBUTE,,,TRUE,
INIT,QUERY_SFC_WRITE_SYSCFG,,The middle of SN#,PARSESN,SrNm,,,,,,,,,TRUE,
INIT,GET_MLB_INFO,,Read MLB Board ID,DIAGS,boardid,,,,,,,,,TRUE,
INIT,GET_MLB_INFO,,Parse MLBBoard ID,PARSE,BOARD_ID,BOARD_ID,,BOARD_ID,,,ATTRIBUTE,,,TRUE,
INIT,GET_INFO,BOARD_ID==0x28,Set DUT type -N140S,SetGLOBAL,N140S,,,DUT_TYPE,,,,,,TRUE,
INIT,GET_INFO,BOARD_ID==0x2A,Set DUT type -N140B,SetGLOBAL,N140B,,,DUT_TYPE,,,,,,TRUE,
INIT,GET_INFO,BOARD_ID==0x2C,Set DUT type -N142S,SetGLOBAL,N142S,,,DUT_TYPE,,,,,,TRUE,
INIT,GET_INFO,BOARD_ID==0x2E,Set DUT type -N142B,SetGLOBAL,N142B,,,DUT_TYPE,,,,,,TRUE,
INIT,GET_INFO,BOARD_ID==0x29,Set for DEV BOARD,SetGLOBAL,N140_DEVS,,,DUT_TYPE,,,,,,TRUE,
INIT,GET_INFO,BOARD_ID==0x2B,Set for DEV BOARD,SetGLOBAL,N140_DEVB,,,DUT_TYPE,,,,,,TRUE,
INIT,GET_INFO,BOARD_ID==0x2D,Set for DEV BOARD,SetGLOBAL,N142_DEVS,,,DUT_TYPE,,,,,,TRUE,
INIT,GET_INFO,BOARD_ID==0x2F,Set for DEV BOARD,SetGLOBAL,N142_DEVB,,,DUT_TYPE,,,,,,TRUE,
INIT,GET_SYSCFG_LIST,,Read all syscfg,DIAGS,syscfg list,,,,,,,150,,TRUE,
CB,GET_CB,,Read all CB,DIAGS,cbreadall,,,,,,,30,,TRUE,
CB,GET_CB,,Parse 0x69 CB Status,PARSE,QT0_STATUS,QT0,,,Passed,,,,,TRUE,
CB,GET_CB,,Parse 0x6C CB Status,PARSE,QT-BCM-Combo_STATUS,QT-BCM-Combo,,,Passed,,,,,TRUE,
CB,GET_CB,,Parse 0x6A CB Status,PARSE,SA-FACT21_STATUS,SA-FACT21,,,Passed,,,,,TRUE,
CB,GET_CB,,Parse 0x71 CB Status,PARSE,CAT Wifi_STATUS,CAT Wifi,,,Passed,,,,,TRUE,
CB,GET_CB,,Parse 0x79 CB Status,PARSE,BRAT_STATUS,BRAT,,,Passed,,,,,TRUE,
CB,GET_CB,,Parse 0x77 CB Status,PARSE,QT1_STATUS,QT1,,,Passed,,,,,TRUE,
CB,GET_CB,,Parse 0x78 CB Status,PARSE,Tilt1_STATUS,Tilt1,,,Passed,,,,,TRUE,
CB,GET_CB,,Parse 0x82 CB Status,PARSE,QT2_STATUS,QT2,,,Passed,,,,,TRUE,
CB,GET_CB,,Parse 0x97 CB Status,PARSE,IMU_STATUS,IMU,,,Passed,,,,,TRUE,
CB,GET_CB,,Parse 0xB5 CB Status,PARSE,BURNIN_STATUS,BURNIN,,,Passed,,,,,TRUE,
CB,GET_CB,,Pare 0xB7 CB Status,PARSE,Log_Collection_STATUS,Log-Collection,,,Passed,,,,,TRUE,
CB,GET_CB,,Parse 0x99 CB Status,PARSE,Als-Combo_STATUS,Als-Combo,,,Passed,,,,,TRUE,
CB,GET_CB,,Parse 0xA3 CB Status,PARSE,FACT21_STATUS,FACT21,,,Passed,,,,,TRUE,
CB,GET_CB,,Parse 0xA5 CB Status,PARSE,C-TAP_STATUS,C-TAP,,,Passed,,,,,TRUE,
CB,GET_CB,,Parse 0xA4 CB Status,PARSE,VENT2_STATUS,VENT2,,,Passed,,,,,TRUE,
CB,GET_CB,,Parse 0x8D CB Status,PARSE,GRAPE CAL_STATUS,GRAPE CAL,,,Passed,,,,,TRUE,
CB,GET_CB,,Parse 0x8E CB Status,PARSE,GRAPE TEST_STATUS,GRAPE TEST,,,Passed,,,,,TRUE,
CB,GET_CB,,Parse 0xDA CB Status,PARSE,Button Cal_STATUS,Button Cal,,,Passed,,,,,TRUE,
CB,GET_CB,,Parse 0xD8 CB Status,PARSE,Back Sensor Cal_STATUS,Back Sensor Cal,,,Passed,,,,,TRUE,
CB,GET_CB,,Parse 0xC6 CB Status,PARSE,SOTA Freq Sweep_STATUS,SOTA Freq Sweep,,,Passed,,,,,TRUE,
CB,GET_CB,,Parse 0xC5 CB Status,PARSE,SOTA CM_STATUS,SOTA CM,,,Passed,,,,,TRUE,
CB,GET_CB,,Parse 0xC1 CB Status,PARSE,WIFI BT OTA1_STATUS,WIFI BT OTA1,,,Passed,,,,,TRUE,
CB,GET_CB,,Parse 0xD5 CB Status,PARSE,Radium Free Space_STATUS,Radium Free Space,,,Passed,,,,,FALSE,
CB,GET_CB,,Parse 0xD4 CB Status,PARSE,Radium Char2_STATUS,Radium Char2,,,Passed,,,,,FALSE,
CB,GET_CB,,Parse 0xC0 CB Status,PARSE,Cell-OTA2_STATUS,Cell-OTA2,,,Passed,,,,,TRUE,
CB,GET_CB,,Parse 0x9B CB Status,PARSE,Molly-Cal_STATUS,Molly-Cal,,,Passed,,,,,TRUE,
CB,GET_CB,,Parse 0x96 CB Status,PARSE,P-Test_STATUS,P-Test,,,Passed,,,,,TRUE,
CB,GET_CB,,Parse 0xB0 CB Status,PARSE,DISPLAY_STATUS,DISPLAY,,,Passed,,,,,TRUE,
CB,GET_CB,,Parse 0xB6 CB Status,PARSE,MMI_STATUS,MMI,,,Passed,,,,,TRUE,
BATTERY,BATTERY_CHECK,,Read battery max temperature,DIAGS,device -k gasgauge -e read_lifetime_temp_c max,,,,,,,,,TRUE,
BATTERY,BATTERY_CHECK,,Parse Battery Max Temperature,PARSE,BATTERY_TEMP_MAX,,,,[20:60],,,,,TRUE,
BATTERY,BATTERY_CHECK,,Read Battery Max Discharge Current ,DIAGS,device -k gasgauge -e read_lifetime_max_dsg_c,,,,,,,,,TRUE,
BATTERY,BATTERY_CHECK,,Parse Battery Max Discharge Current ,PARSE,BATTERY_DSG_CURRENT_MAX,,,,[-3000:0],,,,,TRUE,
BATTERY,BATTERY_CHECK,,"Read Battery ToT, SOC Range 0-3",DIAGS,device -k gasgauge -e read_lifetime_operating_time;device -k gasgauge -e read_lifetime_time_at_high_soc 0;device -k gasgauge -e read_lifetime_time_at_high_soc 1;device -k gasgauge -e read_lifetime_time_at_high_soc 2;device -k gasgauge -e read_lifetime_time_at_high_soc 3;,,,,,,,,,TRUE,
BATTERY,BATTERY_CHECK,,Parse Battery Total Operating Time,PARSE,BATTERY_TOT,BATTERY_TOT,,,,Hours,KEY,,,TRUE,
BATTERY,BATTERY_CHECK,,Parse Battery Time above SOC Range 0 0-25C,PARSE,BATTERY_TA_SOC_RANGE_0_PCT,BATTERY_TA_SOC_RANGE_0_PCT,,BATTERY_TA_SOC_RANGE_0_PCT,,Percent,KEY,,,TRUE,
BATTERY,BATTERY_CHECK,,Parse Battery Time above SOC Range 1 25-35C,PARSE,BATTERY_TA_SOC_RANGE_1_PCT,BATTERY_TA_SOC_RANGE_1_PCT,,BATTERY_TA_SOC_RANGE_1_PCT,,Percent,KEY,,,TRUE,
BATTERY,BATTERY_CHECK,,Parse Battery Time above SOC Range 2 35-40C,PARSE,BATTERY_TA_SOC_RANGE_2_PCT,BATTERY_TA_SOC_RANGE_2_PCT,,BATTERY_TA_SOC_RANGE_2_PCT,,Percent,KEY,,,TRUE,
BATTERY,BATTERY_CHECK,,Parse Battery Time above SOC Range 3 >40C,PARSE,BATTERY_TA_SOC_RANGE_3_PCT,BATTERY_TA_SOC_RANGE_3_PCT,,BATTERY_TA_SOC_RANGE_3_PCT,,Percent,KEY,,,TRUE,
BATTERY,BATTERY_CHECK,,Calc Battery Time above SOC Range 0 0-25C,CACULATE,BATTERY_TOT*BATTERY_TA_SOC_RANGE_0_PCT*0.01,BATTERY_TA_SOC_RANGE_0_HRS,,,,Hours,KEY,,,TRUE,
BATTERY,BATTERY_CHECK,,Calc Battery Time above SOC Range 1 25-35C,CACULATE,BATTERY_TOT*BATTERY_TA_SOC_RANGE_1_PCT*0.01,BATTERY_TA_SOC_RANGE_1_HRS,,,,Hours,KEY,,,TRUE,
BATTERY,BATTERY_CHECK,,Calc Battery Time above SOC Range 2 35-40C,CACULATE,BATTERY_TOT*BATTERY_TA_SOC_RANGE_2_PCT*0.01,BATTERY_TA_SOC_RANGE_2_HRS,,,,Hours,KEY,,,TRUE,
BATTERY,BATTERY_CHECK,,Calc Battery Time above SOC Range 3 >40C,CACULATE,BATTERY_TOT*BATTERY_TA_SOC_RANGE_3_PCT*0.01,BATTERY_TA_SOC_RANGE_3_HRS,,,,Hours,KEY,,,TRUE,
BATTERY,BATTERY_CHECK,,Read Battery Reset Cnt,DIAGS,device -k gasgauge -e read_lifetime_reset_count,,,,,,,,,TRUE,
TEST_END - DOE,READ PMUREG CHG_VSET,,Read PMUREG CHG_VSET,DIAGS,pmureg -r 0 0x1607 1,,,,,,,,,TRUE,
TEST_END - DOE,READ PMUREG CHG_VSET,DUT_TYPE==B,Read PMUREG CHG_VSET,PARSE,PMUREG_CHG_VSET,PMUREG_CHG_VSET,,,AA,,ATTRIBUTE,,,TRUE,
TEST_END - DOE,READ PMUREG CHG_VSET,DUT_TYPE==S,Read PMUREG CHG_VSET,PARSE,PMUREG_CHG_VSET,PMUREG_CHG_VSET,,,BE,,ATTRIBUTE,,,TRUE,
TEST_INFO,TEST_END,,Shut down unit,DIAGS,shutdown,,,,,,,,,TRUE,
TEST_INFO,TEST_END,,Test End,TEST_END,End test,,,,,,,,,TRUE,
