SpecName,LSL,USL
X1013_QT_BF_DCS_XTALK_SIG_HR00,200,15543.02
X1013_QT_BF_DCS_XTALK_SIG_HR10,200,105220.1
X1013_QT_BF_DCS_XTALK_SIG_HR20,200,816008.32
X1013_QT_BF_DCS_XTALK_SIG_HR30,200,816008.32
X1013_QT_BF_DCS_XTALK_SIG_HR40,200,816008.32
X1013_QT_BF_DCS_XTALK_SIG_HR50,200,816008.32
X1013_QT_BF_DCS_XTALK_SIG_LR00,200,15543.02
X1013_QT_BF_DCS_XTALK_SIG_LR10,200,15543.02
X1013_QT_BF_DCS_XTALK_SIG_LR20,200,105220.1
X1013_QT_BF_DCS_XTALK_SIG_LR30,200,105220.1
X1013_QT_BF_DCS_XTALK_SIG_HR01,200,15543.02
X1013_QT_BF_DCS_XTALK_SIG_HR11,200,45028.1
X1013_QT_BF_DCS_XTALK_SIG_HR21,200,816008.32
X1013_QT_BF_DCS_XTALK_SIG_HR31,200,816008.32
X1013_QT_BF_DCS_XTALK_SIG_HR41,200,816008.32
X1013_QT_BF_DCS_XTALK_SIG_HR51,200,816008.32
X1013_QT_BF_DCS_XTALK_SIG_LR01,200,15543.02
X1013_QT_BF_DCS_XTALK_SIG_LR11,200,15543.02
X1013_QT_BF_DCS_XTALK_SIG_LR21,200,45028.1
X1013_QT_BF_DCS_XTALK_SIG_LR31,200,45028.1
X1013_QT_BF_DCS_LOFF_SIG_STD_60k_256Hz_HR00,0.1,9.5
X1013_QT_BF_DCS_LOFF_SIG_STD_60k_256Hz_HR10,0.1,9.5
X1013_QT_BF_DCS_LOFF_SIG_STD_180k_256Hz_HR20,0.1,11.78
X1013_QT_BF_DCS_LOFF_SIG_STD_180k_256Hz_HR30,0.1,11.78
X1013_QT_BF_DCS_LOFF_SIG_STD_480k_256Hz_HR40,0.1,22.14
X1013_QT_BF_DCS_LOFF_SIG_STD_480k_256Hz_HR50,0.1,22.14
X1013_QT_BF_DCS_LOFF_SIG_AVG_60k_256Hz_HR00,-50,50
X1013_QT_BF_DCS_LOFF_SIG_AVG_60k_256Hz_HR10,-50,50
X1013_QT_BF_DCS_LOFF_SIG_AVG_180k_256Hz_HR20,-50,50
X1013_QT_BF_DCS_LOFF_SIG_AVG_180k_256Hz_HR30,-50,50
X1013_QT_BF_DCS_LOFF_SIG_AVG_480k_256Hz_HR40,-50,50
X1013_QT_BF_DCS_LOFF_SIG_AVG_480k_256Hz_HR50,-50,50
X1013_QT_BF_DCS_LOFF_SIG_STD_60k_8Hz_LR00,0.1,1.8
X1013_QT_BF_DCS_LOFF_SIG_STD_60k_8Hz_LR10,0.1,1.8
X1013_QT_BF_DCS_LOFF_SIG_STD_60k_8Hz_LR20,0.1,1.8
X1013_QT_BF_DCS_LOFF_SIG_STD_60k_8Hz_LR30,0.1,1.8
X1013_QT_BF_DCS_LOFF_SIG_STD_60k_8Hz_2SLT00,0.1,1.26
X1013_QT_BF_DCS_LOFF_SIG_STD_60k_8Hz_2SLT10,0.1,1.26
X1013_QT_BF_DCS_LOFF_SIG_STD_60k_256Hz_HR01,0.1,9.5
X1013_QT_BF_DCS_LOFF_SIG_STD_60k_256Hz_HR11,0.1,9.5
X1013_QT_BF_DCS_LOFF_SIG_STD_180k_256Hz_HR21,0.1,11.78
X1013_QT_BF_DCS_LOFF_SIG_STD_180k_256Hz_HR31,0.1,11.78
X1013_QT_BF_DCS_LOFF_SIG_STD_480k_256Hz_HR41,0.1,22.14
X1013_QT_BF_DCS_LOFF_SIG_STD_480k_256Hz_HR51,0.1,22.14
X1013_QT_BF_DCS_LOFF_SIG_STD_60k_8Hz_LR01,0.1,1.8
X1013_QT_BF_DCS_LOFF_SIG_STD_60k_8Hz_LR11,0.1,1.8
X1013_QT_BF_DCS_LOFF_SIG_STD_60k_8Hz_LR21,0.1,1.8
X1013_QT_BF_DCS_LOFF_SIG_STD_60k_8Hz_LR31,0.1,1.8
X1013_QT_BF_DCS_LOFF_SIG_STD_60k_8Hz_2SLT01,0.1,1.26
X1013_QT_BF_DCS_LOFF_SIG_STD_60k_8Hz_2SLT11,0.1,1.26
X1013_QT_BC_DCS_LON_SIG_AVG_HR00,283671.92,1891411.04
X1013_QT_BC_DCS_LON_SIG_AVG_HR10,153342.13,1098754.83
X1013_QT_BC_DCS_LON_SIG_AVG_HR20,479143.31,2265179.69
X1013_QT_BC_DCS_LON_SIG_AVG_HR30,379004.63,1736778.42
X1013_QT_BC_DCS_LON_SIG_AVG_HR40,479143.31,2265179.69
X1013_QT_BC_DCS_LON_SIG_AVG_HR50,379004.63,1736778.42
X1013_QT_BC_DCS_LON_SIG_AVG_LR00,283671.92,1891411.04
X1013_QT_BC_DCS_LON_SIG_AVG_LR10,283671.92,1891411.04
X1013_QT_BC_DCS_LON_SIG_AVG_LR20,153342.13,1098754.83
X1013_QT_BC_DCS_LON_SIG_AVG_LR30,153342.13,1098754.83
X1013_QT_BC_DCS_LON_SIG_AVG_HR01,260716.43,1781020.55
X1013_QT_BC_DCS_LON_SIG_AVG_HR11,120354.94,866950.9
X1013_QT_BC_DCS_LON_SIG_AVG_HR21,379004.63,1736778.42
X1013_QT_BC_DCS_LON_SIG_AVG_HR31,479143.31,2265179.69
X1013_QT_BC_DCS_LON_SIG_AVG_HR41,379004.63,1736778.42
X1013_QT_BC_DCS_LON_SIG_AVG_HR51,479143.31,2265179.69
X1013_QT_BC_DCS_LON_SIG_AVG_LR01,260716.43,1781020.55
X1013_QT_BC_DCS_LON_SIG_AVG_LR11,260716.43,1781020.55
X1013_QT_BC_DCS_LON_SIG_AVG_LR21,120354.94,866950.9
X1013_QT_BC_DCS_LON_SIG_AVG_LR31,120354.94,866950.9
X1013_QT_BC_DCS_LON_SIG_STD_256Hz_HR00,0.1,25.9
X1013_QT_BC_DCS_LON_SIG_STD_256Hz_HR10,0.1,13.21
X1013_QT_BC_DCS_LON_SIG_STD_256Hz_HR20,0.1,32.88
X1013_QT_BC_DCS_LON_SIG_STD_256Hz_HR30,0.1,26.67
X1013_QT_BC_DCS_LON_SIG_STD_256Hz_HR40,0.1,32.88
X1013_QT_BC_DCS_LON_SIG_STD_256Hz_HR50,0.1,26.67
X1013_QT_BC_DCS_LON_SIG_STD_8Hz_LR00,NA,NA
X1013_QT_BC_DCS_LON_SIG_STD_8Hz_LR10,NA,NA
X1013_QT_BC_DCS_LON_SIG_STD_8Hz_LR20,NA,NA
X1013_QT_BC_DCS_LON_SIG_STD_8Hz_LR30,NA,NA
X1013_QT_BC_DCS_LOFF_SIG_STD_8Hz_2SLT00,NA,NA
X1013_QT_BC_DCS_LOFF_SIG_STD_8Hz_2SLT10,NA,NA
X1013_QT_BC_DCS_LON_SIG_STD_256Hz_HR01,0.1,25.9
X1013_QT_BC_DCS_LON_SIG_STD_256Hz_HR11,0.1,13.21
X1013_QT_BC_DCS_LON_SIG_STD_256Hz_HR21,0.1,26.67
X1013_QT_BC_DCS_LON_SIG_STD_256Hz_HR31,0.1,32.88
X1013_QT_BC_DCS_LON_SIG_STD_256Hz_HR41,0.1,26.67
X1013_QT_BC_DCS_LON_SIG_STD_256Hz_HR51,0.1,32.88
X1013_QT_BC_DCS_LON_SIG_STD_8Hz_LR01,NA,NA
X1013_QT_BC_DCS_LON_SIG_STD_8Hz_LR11,NA,NA
X1013_QT_BC_DCS_LON_SIG_STD_8Hz_LR21,NA,NA
X1013_QT_BC_DCS_LON_SIG_STD_8Hz_LR31,NA,NA
X1013_QT_BC_DCS_LON_SIG_STD_8Hz_2SLT01,NA,NA
X1013_QT_BC_DCS_LON_SIG_STD_8Hz_2SLT11,NA,NA
QT_BC_R_DCS_1S_AVG_SIGvsSIG_HR00vsHR01,0.875,1.295
X1013_QT_BC_LON_DCS_1S_AVG_BG_HR000,-33250,40850
X1013_QT_BC_LON_DCS_1S_AVG_BG_HR010,-33250,40850
X1013_QT_BC_LON_DCS_1S_AVG_BG_HR100,-33250,40850
X1013_QT_BC_LON_DCS_1S_AVG_BG_HR110,-33250,40850
X1013_QT_BC_LON_DCS_1S_AVG_BG_HR200,-33250,56050
X1013_QT_BC_LON_DCS_1S_AVG_BG_HR210,-33250,56050
X1013_QT_BC_LON_DCS_1S_AVG_BG_HR300,-33250,56050
X1013_QT_BC_LON_DCS_1S_AVG_BG_HR310,-33250,56050
X1013_QT_BC_LON_DCS_1S_AVG_BG_HR400,-33250,56050
X1013_QT_BC_LON_DCS_1S_AVG_BG_HR410,-33250,56050
X1013_QT_BC_LON_DCS_1S_AVG_BG_HR500,-33250,56050
X1013_QT_BC_LON_DCS_1S_AVG_BG_HR510,-33250,56050
X1013_QT_BC_MDM_LON_SIG_AVG_HR00,NA,NA
X1013_QT_BC_MDM_LON_SIG_AVG_HR10,NA,NA
X1013_QT_BC_MDM_LON_SIG_AVG_HR20,NA,NA
X1013_QT_BC_MDM_LON_SIG_AVG_HR30,NA,NA
X1013_QT_BC_MDM_LON_SIG_AVG_HR40,NA,NA
X1013_QT_BC_MDM_LON_SIG_AVG_HR50,NA,NA
X1013_QT_BC_MDM_LON_SIG_AVG_LR00,NA,NA
X1013_QT_BC_MDM_LON_SIG_AVG_LR10,NA,NA
X1013_QT_BC_MDM_LON_SIG_AVG_LR20,NA,NA
X1013_QT_BC_MDM_LON_SIG_AVG_LR30,NA,NA
X1013_QT_BC_MDM_LON_SIG_AVG_HR01,NA,NA
X1013_QT_BC_MDM_LON_SIG_AVG_HR11,NA,NA
X1013_QT_BC_MDM_LON_SIG_AVG_HR21,NA,NA
X1013_QT_BC_MDM_LON_SIG_AVG_HR31,NA,NA
X1013_QT_BC_MDM_LON_SIG_AVG_HR41,NA,NA
X1013_QT_BC_MDM_LON_SIG_AVG_HR51,NA,NA
X1013_QT_BC_MDM_LON_SIG_AVG_LR01,NA,NA
X1013_QT_BC_MDM_LON_SIG_AVG_LR11,NA,NA
X1013_QT_BC_MDM_LON_SIG_AVG_LR21,NA,NA
X1013_QT_BC_MDM_LON_SIG_AVG_LR31,NA,NA
X1013_QT_BC_MDM_LON_SIG_STD_256Hz_HR00,NA,NA
X1013_QT_BC_MDM_LON_SIG_STD_256Hz_HR10,NA,NA
X1013_QT_BC_MDM_LON_SIG_STD_256Hz_HR20,NA,NA
X1013_QT_BC_MDM_LON_SIG_STD_256Hz_HR30,NA,NA
X1013_QT_BC_MDM_LON_SIG_STD_256Hz_HR40,NA,NA
X1013_QT_BC_MDM_LON_SIG_STD_256Hz_HR50,NA,NA
X1013_QT_BC_MDM_LON_SIG_STD_8Hz_LR00,NA,NA
X1013_QT_BC_MDM_LON_SIG_STD_8Hz_LR10,NA,NA
X1013_QT_BC_MDM_LON_SIG_STD_8Hz_LR20,NA,NA
X1013_QT_BC_MDM_LON_SIG_STD_8Hz_LR30,NA,NA
X1013_QT_BC_MDM_LON_SIG_STD_256Hz_HR01,NA,NA
X1013_QT_BC_MDM_LON_SIG_STD_256Hz_HR11,NA,NA
X1013_QT_BC_MDM_LON_SIG_STD_256Hz_HR21,NA,NA
X1013_QT_BC_MDM_LON_SIG_STD_256Hz_HR31,NA,NA
X1013_QT_BC_MDM_LON_SIG_STD_256Hz_HR41,NA,NA
X1013_QT_BC_MDM_LON_SIG_STD_256Hz_HR51,NA,NA
X1013_QT_BC_MDM_LON_SIG_STD_8Hz_LR01,NA,NA
X1013_QT_BC_MDM_LON_SIG_STD_8Hz_LR11,NA,NA
X1013_QT_BC_MDM_LON_SIG_STD_8Hz_LR21,NA,NA
X1013_QT_BC_MDM_LON_SIG_STD_8Hz_LR31,NA,NA
X1013_QT_BC_DCS_XSUB_HR00,NA,NA
X1013_QT_BC_DCS_XSUB_HR01,NA,NA
X1013_QT_BC_DCS_XSUB_HR10,NA,NA
X1013_QT_BC_DCS_XSUB_HR11,NA,NA
X1013_QT_BC_DCS_XSUB_HR20,NA,NA
X1013_QT_BC_DCS_XSUB_HR21,NA,NA
X1013_QT_BC_DCS_XSUB_HR30,NA,NA
X1013_QT_BC_DCS_XSUB_HR31,NA,NA
X1013_QT_BC_DCS_XSUB_HR40,NA,NA
X1013_QT_BC_DCS_XSUB_HR41,NA,NA
X1013_QT_BC_DCS_XSUB_HR50,NA,NA
X1013_QT_BC_DCS_XSUB_HR51,NA,NA
X1013_QT_BC_DCS_XSUB_LR00,NA,NA
X1013_QT_BC_DCS_XSUB_LR01,NA,NA
X1013_QT_BC_DCS_XSUB_LR10,NA,NA
X1013_QT_BC_DCS_XSUB_LR11,NA,NA
X1013_QT_BC_DCS_XSUB_LR20,NA,NA
X1013_QT_BC_DCS_XSUB_LR21,NA,NA
X1013_QT_BC_DCS_XSUB_LR30,NA,NA
X1013_QT_BC_DCS_XSUB_LR31,NA,NA