TEST_GROUP,TEST_ITEM,CONDITIONAL_ITEM,DESCRIPTION,FUNCTION,PARAMETER,PDCA_NAME,COMBINE,GLOBAL_VARIABLE,EXPECTED_VALUE,UNIT,PDCA_TYPE,TIMEOUT,ERROR_MSG,BCM_COMBO
TEST_START,FIXTURE_SETUP,,Fixture Reset,FIXTURE,Reset,,,,,,,,,FALSE
TEST_START,START_CONTROLBIT,,Write Control Bit Information (station specific command),FIXTURE,(station specific command),,,,,,,,,FALSE
TEST_START,START_CONTROLBIT,,Read Control Bit Information (station specific command),FIXTURE,(station specific command),,,,,,,,,FALSE
TEST_START,FIXTURE_SETUP,,Disable SPAM Debug Power,FIXTURE,./spamtool dbgpwroff /dev/cu.usbserial*,,,,,,,,,FALSE
INIT,GET_SW_INFO,,Disable thermal monitor,DIAGS,thermalmonitor --off,,,,,,,,,TRUE
INIT,GET_SW_INFO,,Read EFI Diags Version,DIAGS,version,,,,,,,,,TRUE
INIT,GET_SW_INFO,,Parse EFI Diags Version,PARSE,DIAGS_VERSION,DIAGS_VERSION,,DIAGS_VERSION,,,ATTRIBUTE,,,TRUE
INIT,GET_SW_INFO,,Parse EFI Diags Build Date,PARSE,DIAGS_BUILD_TIMESTAMP,DIAGS_BUILD_TIMESTAMP,,DIAGS_BUILD_TIMESTAMP,,,ATTRIBUTE,,,TRUE
INIT,GET_MLB_INFO,,Read MLB Serial Number,DIAGS,syscfg print MLB#,,GET_DUT_MLB_SN_COMBINED,,,,,,,TRUE
INIT,GET_MLB_INFO,,Parse MLB Serial Number,PARSE,MLB_SN,MLBSN,GET_DUT_MLB_SN_COMBINED,MLBSN,,,ATTRIBUTE,,,TRUE
INIT,GET_MLB_INFO,,Read MLB CFG,DIAGS,syscfg print CFG#,,GET_DUT_MLB_SN_COMBINED,,,,,,,TRUE
INIT,GET_MLB_INFO,,Parse MLB CFG,PARSE,MLB_CFG,MLB_CFG_INITIAL,GET_DUT_MLB_SN_COMBINED,MLB_CFG,,,,,,TRUE
INIT,GET_MLB_INFO,,Read MLB Board REV,DIAGS,boardrev,,GET_DUT_MLB_SN_COMBINED,,,,,,,TRUE
INIT,GET_MLB_INFO,,Parse MLB Board REV,PARSE,BOARD_REV,BOARD_REV,GET_DUT_MLB_SN_COMBINED,BOARD_REV,,,ATTRIBUTE,,,TRUE
INIT,GET_MLB_INFO,,Read MLB Board ID,DIAGS,boardid,,GET_DUT_MLB_SN_COMBINED,,,,,,,TRUE
INIT,GET_MLB_INFO,,Parse MLBBoard ID,PARSE,BOARD_ID,BOARD_ID,GET_DUT_MLB_SN_COMBINED,BOARD_ID,,,ATTRIBUTE,,,TRUE
INIT,GET_SYS_INFO,,Read Unit Serial Number,DIAGS,syscfg print SrNm,,,,,,,,,TRUE
INIT,GET_SYS_INFO,,Parse Unit Serial Number,PARSE,SrNm,UNIT_SN,,,,,ATTRIBUTE,,,TRUE
INIT,DEBUG,,Scan serial number,SCANSN(12),UNIT_SN,UNIT_SN,,,,,,,,FALSE
INIT,GET_SYS_INFO,,The middle of SN#,PARSESN,UNIT_SN,,,,,,,,,TRUE
INIT,GET_INFO,BOARD_ID==0x28,Set DUT type -N140S,SetGLOBAL,N140S,,,DUT_TYPE,,,,,,TRUE
INIT,GET_INFO,BOARD_ID==0x2A,Set DUT type -N140B,SetGLOBAL,N140B,,,DUT_TYPE,,,,,,TRUE
INIT,GET_INFO,BOARD_ID==0x2C,Set DUT type -N142S,SetGLOBAL,N142S,,,DUT_TYPE,,,,,,TRUE
INIT,GET_INFO,BOARD_ID==0x2E,Set DUT type -N142B,SetGLOBAL,N142B,,,DUT_TYPE,,,,,,TRUE
INIT,GET_INFO,BOARD_ID==0x29,Set for DEV BOARD,SetGLOBAL,N140_DEVS,,,DUT_TYPE,,,,,,TRUE
INIT,GET_INFO,BOARD_ID==0x2B,Set for DEV BOARD,SetGLOBAL,N140_DEVB,,,DUT_TYPE,,,,,,TRUE
INIT,GET_INFO,BOARD_ID==0x2D,Set for DEV BOARD,SetGLOBAL,N142_DEVS,,,DUT_TYPE,,,,,,TRUE
INIT,GET_INFO,BOARD_ID==0x2F,Set for DEV BOARD,SetGLOBAL,N142_DEVB,,,DUT_TYPE,,,,,,TRUE
INIT,GET_INFO,,SensorFlex SN,GLOBAL,sensorflex,sensorflex,,,,,ATTRIBUTE,,,FALSE
INIT,GET_INFO,,Truncate EEEE codes,"SubStr(11,4)",sensorflex,SENSORFLEX_EEEE,,SENSORFLEX_EEEE,,,,,,FALSE
INIT,GET_INFO,,Tahoe SN,GLOBAL,TahoeSN,TahoeSN,,,,,ATTRIBUTE,,,FALSE
INIT,GET_INFO,,Truncate Tahoe EEEE codes,"SubStr(11,4)",TahoeSN,TAHOE_EEEE,,Tahoe,,,,,,FALSE
QTBCM,QTBCM-BF,,Init Citrine for QTBF_1,DIAGS,sensor -s platinum --init;audio -r;,,,,,,,,,TRUE
QTBCM,QTBCM-BF,,Init Citrine for QTBF_2,DIAGS,sensorreg --sel platinum --write 0x0C4 0x0EEB;sensorreg --sel platinum --write 0xC2 0x0;sensorreg --sel platinum --write 0xC6 0x0;sensorreg --sel platinum --write 0xB2 0x258A,,,,,,,,,TRUE
QTBCM,QTBCM-BF,,Init Citrine for QTBF_3,DIAGS,"sensor --sel platinum --set hr_led ""2 3 4 5 6 7"";sensor --sel platinum --set lr_led ""2 2 3 3"";sensor --sel platinum --set hr_iled ""29 29 200 200 200 200"";sensor --sel platinum --set lr_iled ""29 29 29 29"";sensor --sel platinum --set tia_gain ""60k 60k 180k 180k 180k 180k 60k 60k 60k 60k 60k 60k 180k 180k 180k 180k 60k 60k 60k 60k""",,,,,,,,,TRUE
QTBCM,USBFS_LOGGING,,Unmount USBFS,DIAGS,usbfs --unmount,,,,,,,,,TRUE
QTBCM,USBFS_LOGGING,,INIT USBFS,DIAGS,usbfs --mount,,,,,,,,,TRUE
QTBCM,QTBCM_BF_XTALK_LOGGING,,Enable diags file log - QTBCM_BF_XTALK,DIAGS,filelog --on usbfs:\$SN$_QTBCM_BF_XTALK.csv,,,,,,,10,,TRUE
QTBCM,QTBCM_BF_XTALK_LOGGING,,Route console to file,DIAGS,consolerouter --add --src platinum.debug.testdata --dest file,,,,,,,,,TRUE
QTBCM,QTBCM-BF,,Xtalk Scan,DIAGS,"sensor -s platinum -e bcm_test --testopts ""--verbose --time 1000 --avg 1000 --start 1 --end 1""",,,,,,,10,,TRUE
QTBCM,QTBCM-BF,,Check BCM Testing Output Complete - XTALK,PARSE,BCM_TEST_Header_Feedback,Check BCM Testing Output Complete - XTALK,,,,,,,,TRUE
QTBCM,QTBCM-BF,,X1013_QT_BF_DCS_XTALK_SIG_HR00,PARSE,TIA0_HRSLOT0_ADC_avg,X1013_QT_BF_DCS_XTALK_SIG_HR00,,,[200:15543.02],,KEY,,,TRUE
QTBCM,QTBCM-BF,,X1013_QT_BF_DCS_XTALK_SIG_HR10,PARSE,TIA0_HRSLOT1_ADC_avg,X1013_QT_BF_DCS_XTALK_SIG_HR10,,,[200:105220.1],,KEY,,,TRUE
QTBCM,QTBCM-BF,,X1013_QT_BF_DCS_XTALK_SIG_HR20,PARSE,TIA0_HRSLOT2_ADC_avg,X1013_QT_BF_DCS_XTALK_SIG_HR20,,,[200:816008.32],,KEY,,,TRUE
QTBCM,QTBCM-BF,,X1013_QT_BF_DCS_XTALK_SIG_HR30,PARSE,TIA0_HRSLOT3_ADC_avg,X1013_QT_BF_DCS_XTALK_SIG_HR30,,,[200:816008.32],,KEY,,,TRUE
QTBCM,QTBCM-BF,,X1013_QT_BF_DCS_XTALK_SIG_HR40,PARSE,TIA0_HRSLOT4_ADC_avg,X1013_QT_BF_DCS_XTALK_SIG_HR40,,,[200:816008.32],,KEY,,,TRUE
QTBCM,QTBCM-BF,,X1013_QT_BF_DCS_XTALK_SIG_HR50,PARSE,TIA0_HRSLOT5_ADC_avg,X1013_QT_BF_DCS_XTALK_SIG_HR50,,,[200:816008.32],,KEY,,,TRUE
QTBCM,QTBCM-BF,,X1013_QT_BF_DCS_XTALK_SIG_LR00,PARSE,TIA0_LRSLOT0_ADC_avg,X1013_QT_BF_DCS_XTALK_SIG_LR00,,,[200:15543.02],,KEY,,,TRUE
QTBCM,QTBCM-BF,,X1013_QT_BF_DCS_XTALK_SIG_LR10,PARSE,TIA0_LRSLOT1_ADC_avg,X1013_QT_BF_DCS_XTALK_SIG_LR10,,,[200:15543.02],,KEY,,,TRUE
QTBCM,QTBCM-BF,,X1013_QT_BF_DCS_XTALK_SIG_LR20,PARSE,TIA0_LRSLOT2_ADC_avg,X1013_QT_BF_DCS_XTALK_SIG_LR20,,,[200:105220.1],,KEY,,,TRUE
QTBCM,QTBCM-BF,,X1013_QT_BF_DCS_XTALK_SIG_LR30,PARSE,TIA0_LRSLOT3_ADC_avg,X1013_QT_BF_DCS_XTALK_SIG_LR30,,,[200:105220.1],,KEY,,,TRUE
QTBCM,QTBCM-BF,,X1013_QT_BF_DCS_XTALK_SIG_HR01,PARSE,TIA1_HRSLOT0_ADC_avg,X1013_QT_BF_DCS_XTALK_SIG_HR01,,,[200:15543.02],,KEY,,,TRUE
QTBCM,QTBCM-BF,,X1013_QT_BF_DCS_XTALK_SIG_HR11,PARSE,TIA1_HRSLOT1_ADC_avg,X1013_QT_BF_DCS_XTALK_SIG_HR11,,,[200:45028.1],,KEY,,,TRUE
QTBCM,QTBCM-BF,,X1013_QT_BF_DCS_XTALK_SIG_HR21,PARSE,TIA1_HRSLOT2_ADC_avg,X1013_QT_BF_DCS_XTALK_SIG_HR21,,,[200:816008.32],,KEY,,,TRUE
QTBCM,QTBCM-BF,,X1013_QT_BF_DCS_XTALK_SIG_HR31,PARSE,TIA1_HRSLOT3_ADC_avg,X1013_QT_BF_DCS_XTALK_SIG_HR31,,,[200:816008.32],,KEY,,,TRUE
QTBCM,QTBCM-BF,,X1013_QT_BF_DCS_XTALK_SIG_HR41,PARSE,TIA1_HRSLOT4_ADC_avg,X1013_QT_BF_DCS_XTALK_SIG_HR41,,,[200:816008.32],,KEY,,,TRUE
QTBCM,QTBCM-BF,,X1013_QT_BF_DCS_XTALK_SIG_HR51,PARSE,TIA1_HRSLOT5_ADC_avg,X1013_QT_BF_DCS_XTALK_SIG_HR51,,,[200:816008.32],,KEY,,,TRUE
QTBCM,QTBCM-BF,,X1013_QT_BF_DCS_XTALK_SIG_LR01,PARSE,TIA1_LRSLOT0_ADC_avg,X1013_QT_BF_DCS_XTALK_SIG_LR01,,,[200:15543.02],,KEY,,,TRUE
QTBCM,QTBCM-BF,,X1013_QT_BF_DCS_XTALK_SIG_LR11,PARSE,TIA1_LRSLOT1_ADC_avg,X1013_QT_BF_DCS_XTALK_SIG_LR11,,,[200:15543.02],,KEY,,,TRUE
QTBCM,QTBCM-BF,,X1013_QT_BF_DCS_XTALK_SIG_LR21,PARSE,TIA1_LRSLOT2_ADC_avg,X1013_QT_BF_DCS_XTALK_SIG_LR21,,,[200:45028.1],,KEY,,,TRUE
QTBCM,QTBCM-BF,,X1013_QT_BF_DCS_XTALK_SIG_LR31,PARSE,TIA1_LRSLOT3_ADC_avg,X1013_QT_BF_DCS_XTALK_SIG_LR31,,,[200:45028.1],,KEY,,,TRUE
QTBCM,QTBCM_BF_XTALK_LOGGING,,Turn off file log-QTBCM_BF_XTALK,DIAGS,filelog --off,,,,,,,,,TRUE
QTBCM,QTBCM_BF_XTALK_LOGGING,,Clean up the file log for the next scan,DIAGS,consolerouter --rm --src platinum.debug.testdata --dest file,,,,,,,,,TRUE
QTBCM,QTBCM-BF,,set LED and TIA gain,DIAGS,"sensor -s platinum --set lr_rate 32;sensor --sel platinum --set hr_led ""2 3 4 5 6 7"";sensor --sel platinum --set lr_led ""2 2 3 3"";sensor --sel platinum --set hr_iled ""0 0 0 0 0 0"";sensor --sel platinum --set lr_iled ""0 0 0 0"";sensor --sel platinum --set tia_gain ""60k 60k 180k 180k 480k 480k 60k 60k 60k 60k 60k 60k 180k 180k 480k 480k 60k 60k 60k 60k""",,,,,,,,,TRUE
QTBCM,QTBCM-BF,,check settings,DIAGS,sensor --sel platinum --get,,,,,,,,,TRUE
QTBCM,QTBCM_BF_LOFF_LOGGING,,Enable diags file log - QTBCM_BF_LOFF,DIAGS,filelog --on usbfs:\$SN$_QTBCM_BF_LOFF.csv,,,,,,,10,,TRUE
QTBCM,QTBCM_BF_LOFF_LOGGING,,Route console to file,DIAGS,consolerouter --add --src platinum.debug.testdata --dest file,,,,,,,,,TRUE
QTBCM,QTBCM-BF,,Scan and calculate BC STD and AVG for each slot,DIAGS,"sensor -s platinum -e bcm_test --testopts ""--verbose --lr32""",,,,,,,50,,TRUE
QTBCM,QTBCM-BF,,Check BCM Testing Output Complete,PARSE,BCM_TEST_Header_Feedback,Check BCM Testing Output Complete,,,,,,,,TRUE
QTBCM,QTBCM-BF,,X1013_QT_BF_DCS_LOFF_SIG_STD_60k_256Hz_HR00,PARSE,TIA0_HRSLOT0_ADC_std,X1013_QT_BF_DCS_LOFF_SIG_STD_60k_256Hz_HR00,,,[0.1:9.5],,KEY,,,TRUE
QTBCM,QTBCM-BF,,X1013_QT_BF_DCS_LOFF_SIG_STD_60k_256Hz_HR10,PARSE,TIA0_HRSLOT1_ADC_std,X1013_QT_BF_DCS_LOFF_SIG_STD_60k_256Hz_HR10,,,[0.1:9.5],,KEY,,,TRUE
QTBCM,QTBCM-BF,,X1013_QT_BF_DCS_LOFF_SIG_STD_180k_256Hz_HR20,PARSE,TIA0_HRSLOT2_ADC_std,X1013_QT_BF_DCS_LOFF_SIG_STD_180k_256Hz_HR20,,,[0.1:11.78],,KEY,,,TRUE
QTBCM,QTBCM-BF,,X1013_QT_BF_DCS_LOFF_SIG_STD_180k_256Hz_HR30,PARSE,TIA0_HRSLOT3_ADC_std,X1013_QT_BF_DCS_LOFF_SIG_STD_180k_256Hz_HR30,,,[0.1:11.78],,KEY,,,TRUE
QTBCM,QTBCM-BF,,X1013_QT_BF_DCS_LOFF_SIG_STD_480k_256Hz_HR40,PARSE,TIA0_HRSLOT4_ADC_std,X1013_QT_BF_DCS_LOFF_SIG_STD_480k_256Hz_HR40,,,[0.1:22.14],,KEY,,,TRUE
QTBCM,QTBCM-BF,,X1013_QT_BF_DCS_LOFF_SIG_STD_480k_256Hz_HR50,PARSE,TIA0_HRSLOT5_ADC_std,X1013_QT_BF_DCS_LOFF_SIG_STD_480k_256Hz_HR50,,,[0.1:22.14],,KEY,,,TRUE
QTBCM,QTBCM-BF,,X1013_QT_BF_DCS_LOFF_SIG_AVG_60k_256Hz_HR00,PARSE,TIA0_HRSLOT0_ADC_avg,X1013_QT_BF_DCS_LOFF_SIG_AVG_60k_256Hz_HR00,,,[-50:50],,KEY,,,TRUE
QTBCM,QTBCM-BF,,X1013_QT_BF_DCS_LOFF_SIG_AVG_60k_256Hz_HR10,PARSE,TIA0_HRSLOT1_ADC_avg,X1013_QT_BF_DCS_LOFF_SIG_AVG_60k_256Hz_HR10,,,[-50:50],,KEY,,,TRUE
QTBCM,QTBCM-BF,,X1013_QT_BF_DCS_LOFF_SIG_AVG_180k_256Hz_HR20,PARSE,TIA0_HRSLOT2_ADC_avg,X1013_QT_BF_DCS_LOFF_SIG_AVG_180k_256Hz_HR20,,,[-50:50],,KEY,,,TRUE
QTBCM,QTBCM-BF,,X1013_QT_BF_DCS_LOFF_SIG_AVG_180k_256Hz_HR30,PARSE,TIA0_HRSLOT3_ADC_avg,X1013_QT_BF_DCS_LOFF_SIG_AVG_180k_256Hz_HR30,,,[-50:50],,KEY,,,TRUE
QTBCM,QTBCM-BF,,X1013_QT_BF_DCS_LOFF_SIG_AVG_480k_256Hz_HR40,PARSE,TIA0_HRSLOT4_ADC_avg,X1013_QT_BF_DCS_LOFF_SIG_AVG_480k_256Hz_HR40,,,[-50:50],,KEY,,,TRUE
QTBCM,QTBCM-BF,,X1013_QT_BF_DCS_LOFF_SIG_AVG_480k_256Hz_HR50,PARSE,TIA0_HRSLOT5_ADC_avg,X1013_QT_BF_DCS_LOFF_SIG_AVG_480k_256Hz_HR50,,,[-50:50],,KEY,,,TRUE
QTBCM,QTBCM-BF,,X1013_QT_BF_DCS_LOFF_SIG_STD_8Hz_LR00,PARSE,TIA0_LRSLOT0_ADC_std,X1013_QT_BF_DCS_LOFF_SIG_STD_60k_8Hz_LR00,,,[0.1:1.8],,KEY,,,TRUE
QTBCM,QTBCM-BF,,X1013_QT_BF_DCS_LOFF_SIG_STD_8Hz_LR10,PARSE,TIA0_LRSLOT1_ADC_std,X1013_QT_BF_DCS_LOFF_SIG_STD_60k_8Hz_LR10,,,[0.1:1.8],,KEY,,,TRUE
QTBCM,QTBCM-BF,,X1013_QT_BF_DCS_LOFF_SIG_STD_8Hz_LR20,PARSE,TIA0_LRSLOT2_ADC_std,X1013_QT_BF_DCS_LOFF_SIG_STD_60k_8Hz_LR20,,,[0.1:1.8],,KEY,,,TRUE
QTBCM,QTBCM-BF,,X1013_QT_BF_DCS_LOFF_SIG_STD_8Hz_LR30,PARSE,TIA0_LRSLOT3_ADC_std,X1013_QT_BF_DCS_LOFF_SIG_STD_60k_8Hz_LR30,,,[0.1:1.8],,KEY,,,TRUE
QTBCM,QTBCM-BF,,X1013_QT_BF_DCS_LOFF_SIG_STD_8Hz_2SLT00,PARSE,TIA0_LRSLOT0&1_ADC_std,X1013_QT_BF_DCS_LOFF_SIG_STD_60k_8Hz_2SLT00,,,[0.1:1.26],,KEY,,,TRUE
QTBCM,QTBCM-BF,,X1013_QT_BF_DCS_LOFF_SIG_STD_8Hz_2SLT10,PARSE,TIA0_LRSLOT2&3_ADC_std,X1013_QT_BF_DCS_LOFF_SIG_STD_60k_8Hz_2SLT10,,,[0.1:1.26],,KEY,,,TRUE
QTBCM,QTBCM-BF,,X1013_QT_BF_DCS_LOFF_SIG_STD_60k_256Hz_HR01,PARSE,TIA1_HRSLOT0_ADC_std,X1013_QT_BF_DCS_LOFF_SIG_STD_60k_256Hz_HR01,,,[0.1:9.5],,KEY,,,TRUE
QTBCM,QTBCM-BF,,X1013_QT_BF_DCS_LOFF_SIG_STD_60k_256Hz_HR11,PARSE,TIA1_HRSLOT1_ADC_std,X1013_QT_BF_DCS_LOFF_SIG_STD_60k_256Hz_HR11,,,[0.1:9.5],,KEY,,,TRUE
QTBCM,QTBCM-BF,,X1013_QT_BF_DCS_LOFF_SIG_STD_180k_256Hz_HR21,PARSE,TIA1_HRSLOT2_ADC_std,X1013_QT_BF_DCS_LOFF_SIG_STD_180k_256Hz_HR21,,,[0.1:11.78],,KEY,,,TRUE
QTBCM,QTBCM-BF,,X1013_QT_BF_DCS_LOFF_SIG_STD_180k_256Hz_HR31,PARSE,TIA1_HRSLOT3_ADC_std,X1013_QT_BF_DCS_LOFF_SIG_STD_180k_256Hz_HR31,,,[0.1:11.78],,KEY,,,TRUE
QTBCM,QTBCM-BF,,X1013_QT_BF_DCS_LOFF_SIG_STD_480k_256Hz_HR41,PARSE,TIA1_HRSLOT4_ADC_std,X1013_QT_BF_DCS_LOFF_SIG_STD_480k_256Hz_HR41,,,[0.1:22.14],,KEY,,,TRUE
QTBCM,QTBCM-BF,,X1013_QT_BF_DCS_LOFF_SIG_STD_480k_256Hz_HR51,PARSE,TIA1_HRSLOT5_ADC_std,X1013_QT_BF_DCS_LOFF_SIG_STD_480k_256Hz_HR51,,,[0.1:22.14],,KEY,,,TRUE
QTBCM,QTBCM-BF,,X1013_QT_BF_DCS_LOFF_SIG_STD_8Hz_LR01,PARSE,TIA1_LRSLOT0_ADC_std,X1013_QT_BF_DCS_LOFF_SIG_STD_60k_8Hz_LR01,,,[0.1:1.8],,KEY,,,TRUE
QTBCM,QTBCM-BF,,X1013_QT_BF_DCS_LOFF_SIG_STD_8Hz_LR11,PARSE,TIA1_LRSLOT1_ADC_std,X1013_QT_BF_DCS_LOFF_SIG_STD_60k_8Hz_LR11,,,[0.1:1.8],,KEY,,,TRUE
QTBCM,QTBCM-BF,,X1013_QT_BF_DCS_LOFF_SIG_STD_8Hz_LR21,PARSE,TIA1_LRSLOT2_ADC_std,X1013_QT_BF_DCS_LOFF_SIG_STD_60k_8Hz_LR21,,,[0.1:1.8],,KEY,,,TRUE
QTBCM,QTBCM-BF,,X1013_QT_BF_DCS_LOFF_SIG_STD_8Hz_LR31,PARSE,TIA1_LRSLOT3_ADC_std,X1013_QT_BF_DCS_LOFF_SIG_STD_60k_8Hz_LR31,,,[0.1:1.8],,KEY,,,TRUE
QTBCM,QTBCM-BF,,X1013_QT_BF_DCS_LOFF_SIG_STD_8Hz_2SLT01,PARSE,TIA1_LRSLOT0&1_ADC_std,X1013_QT_BF_DCS_LOFF_SIG_STD_60k_8Hz_2SLT01,,,[0.1:1.26],,KEY,,,TRUE
QTBCM,QTBCM-BF,,X1013_QT_BF_DCS_LOFF_SIG_STD_8Hz_2SLT11,PARSE,TIA1_LRSLOT2&3_ADC_std,X1013_QT_BF_DCS_LOFF_SIG_STD_60k_8Hz_2SLT11,,,[0.1:1.26],,KEY,,,TRUE
QTBCM,QTBCM_BF_LOFF_LOGGING,,Turn off file log-QTBCM_BF_LOFF,DIAGS,filelog --off,,,,,,,,,TRUE
QTBCM,QTBCM_BF_LOFF_LOGGING,,Clean up the file log for the next scan,DIAGS,consolerouter --rm --src platinum.debug.testdata --dest file,,,,,,,,,TRUE
TEST_CHANGE,FIXTURE_SETUP,,Top Module Reset,FIXTURE,cytop on,,,,Pass,,,,,TRUE
TEST_CHANGE,FIXTURE_SETUP,,Move to BC Module,FIXTURE,cyout on,,,,Pass,,,,,TRUE
TEST_CHANGE,FIXTURE_SETUP,,BC Module Downward,FIXTURE,cytop off,,,,Pass,,,,,TRUE
QTBCM,QTBCM-BC,,init for QTBC_1,DIAGS,"socgpio --port 1 --pin 93 --output 1;hid -s platinum;hid --set ""0x3c 0x01""",,,,,,,,,FALSE
QTBCM,QTBCM-BC,,Init for QTBC_2,DIAGS,"sensor --sel platinum --set lr_rate 32; sensor --sel platinum --set hr_led ""2 3 4 5 6 7"";sensor --sel platinum --set lr_led ""2 2 3 3"";sensor --sel platinum --set hr_iled ""129 129 200 200 200 200"";sensor --sel platinum --set lr_iled ""129 129 129 129"";sensor --sel platinum --set tia_gain ""60k 60k 180k 180k 180k 180k 60k 60k 60k 60k 60k 60k 180k 180k 180k 180k 60k 60k 60k 60k""",,,,,,,,,TRUE
QTBCM,QTBCM-BC,,Init for QTBC_3,DIAGS,sensorreg --sel platinum --write 0x0C4 0x0EEB; sensorreg --sel platinum --write 0xB2 0x258A,,INIT_FOR_QTBC_COMBINE,,,,,,,TRUE
QTBCM,QTBCM-BC,,Init for QTBC_4,DIAGS,sensorreg --sel platinum --write 0xC2 0x0,,INIT_FOR_QTBC_COMBINE,,,,,,,TRUE
QTBCM,QTBCM-BC,,Init for QTBC_5,DIAGS,sensorreg --sel platinum --write 0xC6 0x0,,INIT_FOR_QTBC_COMBINE,,,,,,,TRUE
QTBCM,QTBCM-BC,,check settings,DIAGS,sensor --sel platinum --get,,,,,,,,,TRUE
QTBCM,QTBCM_BC_LON_LOGGING,,Enable diags file log - QTBCM_BC_LON,DIAGS,filelog --on usbfs:\$SN$_QTBCM_BC_LON.csv,,,,,,,10,,TRUE
QTBCM,QTBCM_BC_LON_LOGGING,,Route console to file,DIAGS,consolerouter --add --src platinum.debug.testdata --dest file,,,,,,,,,TRUE
QTBCM,QTBCM-BC,,BC DCS scan,DIAGS,"sensor -s platinum -e bcm_test --testopts ""--verbose --lr 32""",,,,,,,50,,TRUE
QTBCM,QTBCM-BC,,Check BCM Testing Output Complete,PARSE,BCM_TEST_Header_Feedback,Check BCM Testing Output Complete,,,,,,,,TRUE
QTBCM,QTBCM-BC,,X1013_QT_BC_DCS_LON_SIG_AVG_HR00,PARSE,TIA0_HRSLOT0_ADC_avg,X1013_QT_BC_DCS_LON_SIG_AVG_HR00,,X1013_QT_BC_DCS_LON_SIG_AVG_HR00,[283671.92:1891411.04],,KEY,,,TRUE
QTBCM,QTBCM-BC,,X1013_QT_BC_DCS_LON_SIG_AVG_HR10,PARSE,TIA0_HRSLOT1_ADC_avg,X1013_QT_BC_DCS_LON_SIG_AVG_HR10,,X1013_QT_BC_DCS_LON_SIG_AVG_HR10,[153342.13:1098754.83],,KEY,,,TRUE
QTBCM,QTBCM-BC,,X1013_QT_BC_DCS_LON_SIG_AVG_HR20,PARSE,TIA0_HRSLOT2_ADC_avg,X1013_QT_BC_DCS_LON_SIG_AVG_HR20,,X1013_QT_BC_DCS_LON_SIG_AVG_HR20,[479143.31:2265179.69],,KEY,,,TRUE
QTBCM,QTBCM-BC,,X1013_QT_BC_DCS_LON_SIG_AVG_HR30,PARSE,TIA0_HRSLOT3_ADC_avg,X1013_QT_BC_DCS_LON_SIG_AVG_HR30,,X1013_QT_BC_DCS_LON_SIG_AVG_HR30,[379004.63:1736778.42],,KEY,,,TRUE
QTBCM,QTBCM-BC,,X1013_QT_BC_DCS_LON_SIG_AVG_HR40,PARSE,TIA0_HRSLOT4_ADC_avg,X1013_QT_BC_DCS_LON_SIG_AVG_HR40,,X1013_QT_BC_DCS_LON_SIG_AVG_HR40,[479143.31:2265179.69],,KEY,,,TRUE
QTBCM,QTBCM-BC,,X1013_QT_BC_DCS_LON_SIG_AVG_HR50,PARSE,TIA0_HRSLOT5_ADC_avg,X1013_QT_BC_DCS_LON_SIG_AVG_HR50,,X1013_QT_BC_DCS_LON_SIG_AVG_HR50,[379004.63:1736778.42],,KEY,,,TRUE
QTBCM,QTBCM-BC,,X1013_QT_BC_DCS_LON_SIG_AVG_LR00,PARSE,TIA0_LRSLOT0_ADC_avg,X1013_QT_BC_DCS_LON_SIG_AVG_LR00,,X1013_QT_BC_DCS_LON_SIG_AVG_LR00,[283671.92:1891411.04],,KEY,,,TRUE
QTBCM,QTBCM-BC,,X1013_QT_BC_DCS_LON_SIG_AVG_LR10,PARSE,TIA0_LRSLOT1_ADC_avg,X1013_QT_BC_DCS_LON_SIG_AVG_LR10,,X1013_QT_BC_DCS_LON_SIG_AVG_LR10,[283671.92:1891411.04],,KEY,,,TRUE
QTBCM,QTBCM-BC,,X1013_QT_BC_DCS_LON_SIG_AVG_LR20,PARSE,TIA0_LRSLOT2_ADC_avg,X1013_QT_BC_DCS_LON_SIG_AVG_LR20,,X1013_QT_BC_DCS_LON_SIG_AVG_LR20,[153342.13:1098754.83],,KEY,,,TRUE
QTBCM,QTBCM-BC,,X1013_QT_BC_DCS_LON_SIG_AVG_LR30,PARSE,TIA0_LRSLOT3_ADC_avg,X1013_QT_BC_DCS_LON_SIG_AVG_LR30,,X1013_QT_BC_DCS_LON_SIG_AVG_LR30,[153342.13:1098754.83],,KEY,,,TRUE
QTBCM,QTBCM-BC,,X1013_QT_BC_DCS_LON_SIG_AVG_HR01,PARSE,TIA1_HRSLOT0_ADC_avg,X1013_QT_BC_DCS_LON_SIG_AVG_HR01,,X1013_QT_BC_DCS_LON_SIG_AVG_HR01,[260716.43:1781020.55],,KEY,,,TRUE
QTBCM,QTBCM-BC,,X1013_QT_BC_DCS_LON_SIG_AVG_HR11,PARSE,TIA1_HRSLOT1_ADC_avg,X1013_QT_BC_DCS_LON_SIG_AVG_HR11,,X1013_QT_BC_DCS_LON_SIG_AVG_HR11,[120354.94:866950.9],,KEY,,,TRUE
QTBCM,QTBCM-BC,,X1013_QT_BC_DCS_LON_SIG_AVG_HR21,PARSE,TIA1_HRSLOT2_ADC_avg,X1013_QT_BC_DCS_LON_SIG_AVG_HR21,,X1013_QT_BC_DCS_LON_SIG_AVG_HR21,[379004.63:1736778.42],,KEY,,,TRUE
QTBCM,QTBCM-BC,,X1013_QT_BC_DCS_LON_SIG_AVG_HR31,PARSE,TIA1_HRSLOT3_ADC_avg,X1013_QT_BC_DCS_LON_SIG_AVG_HR31,,X1013_QT_BC_DCS_LON_SIG_AVG_HR31,[479143.31:2265179.69],,KEY,,,TRUE
QTBCM,QTBCM-BC,,X1013_QT_BC_DCS_LON_SIG_AVG_HR41,PARSE,TIA1_HRSLOT4_ADC_avg,X1013_QT_BC_DCS_LON_SIG_AVG_HR41,,X1013_QT_BC_DCS_LON_SIG_AVG_HR41,[379004.63:1736778.42],,KEY,,,TRUE
QTBCM,QTBCM-BC,,X1013_QT_BC_DCS_LON_SIG_AVG_HR51,PARSE,TIA1_HRSLOT5_ADC_avg,X1013_QT_BC_DCS_LON_SIG_AVG_HR51,,X1013_QT_BC_DCS_LON_SIG_AVG_HR51,[479143.31:2265179.69],,KEY,,,TRUE
QTBCM,QTBCM-BC,,X1013_QT_BC_DCS_LON_SIG_AVG_LR01,PARSE,TIA1_LRSLOT0_ADC_avg,X1013_QT_BC_DCS_LON_SIG_AVG_LR01,,X1013_QT_BC_DCS_LON_SIG_AVG_LR01,[260716.43:1781020.55],,KEY,,,TRUE
QTBCM,QTBCM-BC,,X1013_QT_BC_DCS_LON_SIG_AVG_LR11,PARSE,TIA1_LRSLOT1_ADC_avg,X1013_QT_BC_DCS_LON_SIG_AVG_LR11,,X1013_QT_BC_DCS_LON_SIG_AVG_LR11,[260716.43:1781020.55],,KEY,,,TRUE
QTBCM,QTBCM-BC,,X1013_QT_BC_DCS_LON_SIG_AVG_LR21,PARSE,TIA1_LRSLOT2_ADC_avg,X1013_QT_BC_DCS_LON_SIG_AVG_LR21,,X1013_QT_BC_DCS_LON_SIG_AVG_LR21,[120354.94:866950.9],,KEY,,,TRUE
QTBCM,QTBCM-BC,,X1013_QT_BC_DCS_LON_SIG_AVG_LR31,PARSE,TIA1_LRSLOT3_ADC_avg,X1013_QT_BC_DCS_LON_SIG_AVG_LR31,,X1013_QT_BC_DCS_LON_SIG_AVG_LR31,[120354.94:866950.9],,KEY,,,TRUE
QTBCM,QTBCM-BC,,X1013_QT_BC_DCS_LON_SIG_STD_256Hz_HR00,PARSE,TIA0_HRSLOT0_ADC_std,X1013_QT_BC_DCS_LON_SIG_STD_256Hz_HR00,,,[0.1:25.90],,KEY,,,TRUE
QTBCM,QTBCM-BC,,X1013_QT_BC_DCS_LON_SIG_STD_256Hz_HR10,PARSE,TIA0_HRSLOT1_ADC_std,X1013_QT_BC_DCS_LON_SIG_STD_256Hz_HR10,,,[0.1:13.21],,KEY,,,TRUE
QTBCM,QTBCM-BC,,X1013_QT_BC_DCS_LON_SIG_STD_256Hz_HR20,PARSE,TIA0_HRSLOT2_ADC_std,X1013_QT_BC_DCS_LON_SIG_STD_256Hz_HR20,,,[0.1:32.88],,KEY,,,TRUE
QTBCM,QTBCM-BC,,X1013_QT_BC_DCS_LON_SIG_STD_256Hz_HR30,PARSE,TIA0_HRSLOT3_ADC_std,X1013_QT_BC_DCS_LON_SIG_STD_256Hz_HR30,,,[0.1:26.67],,KEY,,,TRUE
QTBCM,QTBCM-BC,,X1013_QT_BC_DCS_LON_SIG_STD_256Hz_HR40,PARSE,TIA0_HRSLOT4_ADC_std,X1013_QT_BC_DCS_LON_SIG_STD_256Hz_HR40,,,[0.1:32.88],,KEY,,,TRUE
QTBCM,QTBCM-BC,,X1013_QT_BC_DCS_LON_SIG_STD_256Hz_HR50,PARSE,TIA0_HRSLOT5_ADC_std,X1013_QT_BC_DCS_LON_SIG_STD_256Hz_HR50,,,[0.1:26.67],,KEY,,,TRUE
QTBCM,QTBCM-BC,,X1013_QT_BC_DCS_LON_SIG_STD_8Hz_LR00,PARSE,TIA0_LRSLOT0_ADC_std,X1013_QT_BC_DCS_LON_SIG_STD_8Hz_LR00,,,,,KEY,,,TRUE
QTBCM,QTBCM-BC,,X1013_QT_BC_DCS_LON_SIG_STD_8Hz_LR10,PARSE,TIA0_LRSLOT1_ADC_std,X1013_QT_BC_DCS_LON_SIG_STD_8Hz_LR10,,,,,KEY,,,TRUE
QTBCM,QTBCM-BC,,X1013_QT_BC_DCS_LON_SIG_STD_8Hz_LR20,PARSE,TIA0_LRSLOT2_ADC_std,X1013_QT_BC_DCS_LON_SIG_STD_8Hz_LR20,,,,,KEY,,,TRUE
QTBCM,QTBCM-BC,,X1013_QT_BC_DCS_LON_SIG_STD_8Hz_LR30,PARSE,TIA0_LRSLOT3_ADC_std,X1013_QT_BC_DCS_LON_SIG_STD_8Hz_LR30,,,,,KEY,,,TRUE
QTBCM,QTBCM-BC,,X1013_QT_BC_DCS_LON_SIG_STD_8Hz_2SLT00,PARSE,TIA0_LRSLOT0&1_ADC_std,X1013_QT_BC_DCS_LOFF_SIG_STD_8Hz_2SLT00,,,,,KEY,,,TRUE
QTBCM,QTBCM-BC,,X1013_QT_BC_DCS_LON_SIG_STD_8Hz_2SLT10,PARSE,TIA0_LRSLOT2&3_ADC_std,X1013_QT_BC_DCS_LOFF_SIG_STD_8Hz_2SLT10,,,,,KEY,,,TRUE
QTBCM,QTBCM-BC,,X1013_QT_BC_DCS_LON_SIG_STD_256Hz_HR01,PARSE,TIA1_HRSLOT0_ADC_std,X1013_QT_BC_DCS_LON_SIG_STD_256Hz_HR01,,,[0.1:25.90],,KEY,,,TRUE
QTBCM,QTBCM-BC,,X1013_QT_BC_DCS_LON_SIG_STD_256Hz_HR11,PARSE,TIA1_HRSLOT1_ADC_std,X1013_QT_BC_DCS_LON_SIG_STD_256Hz_HR11,,,[0.1:13.21],,KEY,,,TRUE
QTBCM,QTBCM-BC,,X1013_QT_BC_DCS_LON_SIG_STD_256Hz_HR21,PARSE,TIA1_HRSLOT2_ADC_std,X1013_QT_BC_DCS_LON_SIG_STD_256Hz_HR21,,,[0.1:26.67],,KEY,,,TRUE
QTBCM,QTBCM-BC,,X1013_QT_BC_DCS_LON_SIG_STD_256Hz_HR31,PARSE,TIA1_HRSLOT3_ADC_std,X1013_QT_BC_DCS_LON_SIG_STD_256Hz_HR31,,,[0.1:32.88],,KEY,,,TRUE
QTBCM,QTBCM-BC,,X1013_QT_BC_DCS_LON_SIG_STD_256Hz_HR41,PARSE,TIA1_HRSLOT4_ADC_std,X1013_QT_BC_DCS_LON_SIG_STD_256Hz_HR41,,,[0.1:26.67],,KEY,,,TRUE
QTBCM,QTBCM-BC,,X1013_QT_BC_DCS_LON_SIG_STD_256Hz_HR51,PARSE,TIA1_HRSLOT5_ADC_std,X1013_QT_BC_DCS_LON_SIG_STD_256Hz_HR51,,,[0.1:32.88],,KEY,,,TRUE
QTBCM,QTBCM-BC,,X1013_QT_BC_DCS_LON_SIG_STD_8Hz_LR01,PARSE,TIA1_LRSLOT0_ADC_std,X1013_QT_BC_DCS_LON_SIG_STD_8Hz_LR01,,,,,KEY,,,TRUE
QTBCM,QTBCM-BC,,X1013_QT_BC_DCS_LON_SIG_STD_8Hz_LR11,PARSE,TIA1_LRSLOT1_ADC_std,X1013_QT_BC_DCS_LON_SIG_STD_8Hz_LR11,,,,,KEY,,,TRUE
QTBCM,QTBCM-BC,,X1013_QT_BC_DCS_LON_SIG_STD_8Hz_LR21,PARSE,TIA1_LRSLOT2_ADC_std,X1013_QT_BC_DCS_LON_SIG_STD_8Hz_LR21,,,,,KEY,,,TRUE
QTBCM,QTBCM-BC,,X1013_QT_BC_DCS_LON_SIG_STD_8Hz_LR31,PARSE,TIA1_LRSLOT3_ADC_std,X1013_QT_BC_DCS_LON_SIG_STD_8Hz_LR31,,,,,KEY,,,TRUE
QTBCM,QTBCM-BC,,X1013_QT_BC_DCS_LON_SIG_STD_8Hz_2SLT01,PARSE,TIA1_LRSLOT0&1_ADC_std,X1013_QT_BC_DCS_LON_SIG_STD_8Hz_2SLT01,,,,,KEY,,,TRUE
QTBCM,QTBCM-BC,,X1013_QT_BC_DCS_LON_SIG_STD_8Hz_2SLT11,PARSE,TIA1_LRSLOT2&3_ADC_std,X1013_QT_BC_DCS_LON_SIG_STD_8Hz_2SLT11,,,,,KEY,,,TRUE
QTBCM,QTBCM-BC,,QT_BC_R_DCS_1S_AVG_SIGvsSIG_HR00vsHR01,CACULATE,X1013_QT_BC_DCS_LON_SIG_AVG_HR00/X1013_QT_BC_DCS_LON_SIG_AVG_HR01,QT_BC_R_DCS_1S_AVG_SIGvsSIG_HR00vsHR01,,,[0.875:1.295],,KEY,,,TRUE
QTBCM,QTBCM_BC_LON_LOGGING,,Turn off file log-QTBCM_BC_LON,DIAGS,filelog --off,,,,,,,,,TRUE
QTBCM,QTBCM_BC_LON_LOGGING,,Clean up the file log for the next scan,DIAGS,consolerouter --rm --src platinum.debug.testdata --dest file,,,,,,,,,TRUE
QTBCM,QTBCM-BC,,Init Citrine for QTBF_1,DIAGS,sensor -s platinum --init;audio -r;,,,,,,,,,TRUE
QTBCM,QTBCM-BC,,Init Citrine for QTBF_3,DIAGS,"sensor --sel platinum --set hr_led ""2 3 4 5 6 7"";sensor --sel platinum --set lr_led ""2 2 3 3"";sensor --sel platinum --set hr_iled ""129 129 200 200 200 200"";sensor --sel platinum --set lr_iled ""129 129 129 129"";sensor --sel platinum --set tia_gain ""60k 60k 180k 180k 180k 180k 60k 60k 60k 60k 60k 60k 180k 180k 180k 180k 60k 60k 60k 60k""",,,,,,,,,TRUE
QTBCM,QTBCM_BC_1S_LOGGING,,Enable diags file log - QTBCM_BC_1S,DIAGS,filelog --on usbfs:\$SN$_QTBCM_BC_1S.csv,,,,,,,10,,TRUE
QTBCM,QTBCM_BC_1S_LOGGING,,Route console to file,DIAGS,consolerouter --add --src platinum.debug.testdata --dest file,,,,,,,,,TRUE
QTBCM,QTBCM-BC,,Scan for Dark Background HR,DIAGS,"sensor -s platinum -e bcm_test --testopts ""--verbose --time 1000 --avg 1000 --start 1""",,,,,,,10,,TRUE
QTBCM,QTBCM-BC,,Check BCM Testing Output Complete,PARSE,BCM_TEST_Header_Feedback,Check BCM Testing Output Complete - XTALK,,,,,,,,TRUE
QTBCM,QTBCM-BC,,X1013_QT_BC_LON_DCS_1S_AVG_BG_HR000,PARSE,TIA0_HRSLOT0_SUBFRAM1_ADC_AVG,X1013_QT_BC_LON_DCS_1S_AVG_BG_HR000,,,[-33250:40850],,KEY,,,TRUE
QTBCM,QTBCM-BC,,X1013_QT_BC_LON_DCS_1S_AVG_BG_HR010,PARSE,TIA1_HRSLOT0_SUBFRAM1_ADC_AVG,X1013_QT_BC_LON_DCS_1S_AVG_BG_HR010,,,[-33250:40850],,KEY,,,TRUE
QTBCM,QTBCM-BC,,X1013_QT_BC_LON_DCS_1S_AVG_BG_HR100,PARSE,TIA0_HRSLOT1_SUBFRAM1_ADC_AVG,X1013_QT_BC_LON_DCS_1S_AVG_BG_HR100,,,[-33250:40850],,KEY,,,TRUE
QTBCM,QTBCM-BC,,X1013_QT_BC_LON_DCS_1S_AVG_BG_HR110,PARSE,TIA1_HRSLOT1_SUBFRAM1_ADC_AVG,X1013_QT_BC_LON_DCS_1S_AVG_BG_HR110,,,[-33250:40850],,KEY,,,TRUE
QTBCM,QTBCM-BC,,X1013_QT_BC_LON_DCS_1S_AVG_BG_HR200,PARSE,TIA0_HRSLOT2_SUBFRAM1_ADC_AVG,X1013_QT_BC_LON_DCS_1S_AVG_BG_HR200,,,[-33250:56050],,KEY,,,TRUE
QTBCM,QTBCM-BC,,X1013_QT_BC_LON_DCS_1S_AVG_BG_HR210,PARSE,TIA1_HRSLOT2_SUBFRAM1_ADC_AVG,X1013_QT_BC_LON_DCS_1S_AVG_BG_HR210,,,[-33250:56050],,KEY,,,TRUE
QTBCM,QTBCM-BC,,X1013_QT_BC_LON_DCS_1S_AVG_BG_HR300,PARSE,TIA0_HRSLOT3_SUBFRAM1_ADC_AVG,X1013_QT_BC_LON_DCS_1S_AVG_BG_HR300,,,[-33250:56050],,KEY,,,TRUE
QTBCM,QTBCM-BC,,X1013_QT_BC_LON_DCS_1S_AVG_BG_HR310,PARSE,TIA1_HRSLOT3_SUBFRAM1_ADC_AVG,X1013_QT_BC_LON_DCS_1S_AVG_BG_HR310,,,[-33250:56050],,KEY,,,TRUE
QTBCM,QTBCM-BC,,X1013_QT_BC_LON_DCS_1S_AVG_BG_HR400,PARSE,TIA0_HRSLOT4_SUBFRAM1_ADC_AVG,X1013_QT_BC_LON_DCS_1S_AVG_BG_HR400,,,[-33250:56050],,KEY,,,TRUE
QTBCM,QTBCM-BC,,X1013_QT_BC_LON_DCS_1S_AVG_BG_HR410,PARSE,TIA1_HRSLOT4_SUBFRAM1_ADC_AVG,X1013_QT_BC_LON_DCS_1S_AVG_BG_HR410,,,[-33250:56050],,KEY,,,TRUE
QTBCM,QTBCM-BC,,X1013_QT_BC_LON_DCS_1S_AVG_BG_HR500,PARSE,TIA0_HRSLOT5_SUBFRAM1_ADC_AVG,X1013_QT_BC_LON_DCS_1S_AVG_BG_HR500,,,[-33250:56050],,KEY,,,TRUE
QTBCM,QTBCM-BC,,X1013_QT_BC_LON_DCS_1S_AVG_BG_HR510,PARSE,TIA1_HRSLOT5_SUBFRAM1_ADC_AVG,X1013_QT_BC_LON_DCS_1S_AVG_BG_HR510,,,[-33250:56050],,KEY,,,TRUE
QTBCM,QTBCM_BC_1S_LOGGING,,Turn off file log-QTBCM_BC_1S,DIAGS,filelog --off,,,,,,,,,TRUE
QTBCM,QTBCM_BC_1S_LOGGING,,Clean up the file log for the next scan,DIAGS,consolerouter --rm --src platinum.debug.testdata --dest file,,,,,,,,,TRUE
QTBCM,QTBCM-BC,,set scan mode to MDM setting,DIAGS,sensor --sel platinum --set lr_mode 1,,,,,,,,,FALSE
QTBCM,QTBCM-BC,,set scan mode to MDM setting,DIAGS,sensorreg --sel platinum --write 0x0C4 0x08E6,,,,,,,,,FALSE
QTBCM,QTBCM-BC,,set scan mode to MDM setting,DIAGS,sensorreg --sel platinum --write 0x0BE 0x012A,,,,,,,,,FALSE
QTBCM,QTBCM-BC,,set scan mode to MDM setting,DIAGS,sensor --sel platinum --set env_en true,,,,,,,,,FALSE
QTBCM,QTBCM-BC,,set scan mode to MDM setting,DIAGS,"sensor --sel platinum --set envelope ""0x0015 0x000C 0x0010 0x0014 0x0019 0x001E 0x0025 0x002C 0x0035 0x003F 0x004A 0x0056 0x0064 0x0074 0x0086 0x0099 0x00AF 0x00C7 0x00E2 0x00FF 0x011F 0x0142 0x0169 0x0193 0x01C0 0x01F2 0x0228 0x0262 0x02A0 0x02E4 0x032D 0x037B 0x03CE 0x0428 0x0487 0x04ED 0x055A 0x05CD 0x0648 0x06CA 0x0753 0x07E5 0x087E 0x0920 0x09CB 0x0A7F 0x0B3B 0x0C01 0x0CD0 0x0DA9 0x0E8C 0x0F78 0x106F 0x1170 0x127C 0x1391 0x14B2 0x15DD 0x1712 0x1853 0x199D 0x1AF3 0x1C53 0x1DBE 0x1F33 0x20B2 0x223C 0x23CF 0x256C 0x2713 0x28C3 0x2A7C 0x2C3E 0x2E08 0x2FDB 0x31B5 0x3396 0x357E 0x376C 0x3961 0x3B5A 0x3D59 0x3F5B 0x4162 0x436B 0x4577 0x4785 0x4993 0x4BA3 0x4DB2 0x4FC0 0x51CD 0x53D7 0x55DE 0x57E1 0x59E0 0x5BD9 0x5DCD 0x5FB9 0x619E 0x637A 0x654D 0x6717 0x68D5 0x6A89 0x6C30 0x6DCB 0x6F58 0x70D7 0x7247 0x73A8 0x74F8 0x7639 0x7768 0x7885 0x7990 0x7A89 0x7B6E 0x7C40 0x7CFE 0x7DA7 0x7E3D 0x7EBD 0x7F28 0x7F7E 0x7FBF 0x7FEA 0x7FFF 0x7FFF 0x7FEA 0x7FBF 0x7F7E 0x7F28 0x7EBD 0x7E3D 0x7DA7 0x7CFE 0x7C40 0x7B6E 0x7A89 0x7990 0x7885 0x7768 0x7639 0x74F8 0x73A8 0x7247 0x70D7 0x6F58 0x6DCB 0x6C30 0x6A89 0x68D5 0x6717 0x654D 0x637A 0x619E 0x5FB9 0x5DCD 0x5BD9 0x59E0 0x57E1 0x55DE 0x53D7 0x51CD 0x4FC0 0x4DB2 0x4BA3 0x4993 0x4785 0x4577 0x436B 0x4162 0x3F5B 0x3D59 0x3B5A 0x3961 0x376C 0x357E 0x3396 0x31B5 0x2FDB 0x2E08 0x2C3E 0x2A7C 0x28C3 0x2713 0x256C 0x23CF 0x223C 0x20B2 0x1F33 0x1DBE 0x1C53 0x1AF3 0x199D 0x1853 0x1712 0x15DD 0x14B2 0x1391 0x127C 0x1170 0x106F 0x0F78 0x0E8C 0x0DA9 0x0CD0 0x0C01 0x0B3B 0x0A7F 0x09CB 0x0920 0x087E 0x07E5 0x0753 0x06CA 0x0648 0x05CD 0x055A 0x04ED 0x0487 0x0428 0x03CE 0x037B 0x032D 0x02E4 0x02A0 0x0262 0x0228 0x01F2 0x01C0 0x0193 0x0169 0x0142 0x011F 0x00FF 0x00E2 0x00C7 0x00AF 0x0099 0x0086 0x0074 0x0064 0x0056 0x004A 0x003F 0x0035 0x002C 0x0025 0x001E 0x0019 0x0014 0x0010 0x000C 0x0015""",,,,,,,,,FALSE
QTBCM,QTBCM-BC,,check settings,DIAGS,sensor --sel platinum --get,,,,,,,,,FALSE
QTBCM,QTBCM_BC_DCSMDM_LOGGING,,Enable diags file log - QTBCM_BC_DCSMDM,DIAGS,filelog --on usbfs:\$SN$_QTBCM_BC_DCSMDM.csv,,,,,,,10,,FALSE
QTBCM,QTBCM_BC_DCSMDM_LOGGING,,Route console to file,DIAGS,consolerouter --add --src platinum.debug.testdata --dest file,,,,,,,,,FALSE
QTBCM,QTBCM-BC,,Scan and calculate BC STD and AVG for each slot,DIAGS,"sensor -s platinum -e bcm_test --testopts ""--verbose --lr32""",,,,,,,50,,FALSE
QTBCM,QTBCM-BC,,X1013_QT_BC_MDM_LON_SIG_AVG_HR00,PARSE,TIA0_HRSLOT0_ADC_avg,X1013_QT_BC_MDM_LON_SIG_AVG_HR00,,X1013_QT_BC_MDM_LON_SIG_AVG_HR00,[63603.57:424083.19],,KEY,,,FALSE
QTBCM,QTBCM-BC,,X1013_QT_BC_MDM_LON_SIG_AVG_HR10,PARSE,TIA0_HRSLOT1_ADC_avg,X1013_QT_BC_MDM_LON_SIG_AVG_HR10,,X1013_QT_BC_MDM_LON_SIG_AVG_HR10,[34381.64:246357.59],,KEY,,,FALSE
QTBCM,QTBCM-BC,,X1013_QT_BC_MDM_LON_SIG_AVG_HR20,PARSE,TIA0_HRSLOT2_ADC_avg,X1013_QT_BC_MDM_LON_SIG_AVG_HR20,,X1013_QT_BC_MDM_LON_SIG_AVG_HR20,[107431.24:507887.82],,KEY,,,FALSE
QTBCM,QTBCM-BC,,X1013_QT_BC_MDM_LON_SIG_AVG_HR30,PARSE,TIA0_HRSLOT3_ADC_avg,X1013_QT_BC_MDM_LON_SIG_AVG_HR30,,X1013_QT_BC_MDM_LON_SIG_AVG_HR30,[107431.24:507887.82],,KEY,,,FALSE
QTBCM,QTBCM-BC,,X1013_QT_BC_MDM_LON_SIG_AVG_HR40,PARSE,TIA0_HRSLOT4_ADC_avg,X1013_QT_BC_MDM_LON_SIG_AVG_HR40,,X1013_QT_BC_MDM_LON_SIG_AVG_HR40,[107431.24:507887.82],,KEY,,,FALSE
QTBCM,QTBCM-BC,,X1013_QT_BC_MDM_LON_SIG_AVG_HR50,PARSE,TIA0_HRSLOT5_ADC_avg,X1013_QT_BC_MDM_LON_SIG_AVG_HR50,,X1013_QT_BC_MDM_LON_SIG_AVG_HR50,[107431.24:507887.82],,KEY,,,FALSE
QTBCM,QTBCM-BC,,X1013_QT_BC_MDM_LON_SIG_AVG_LR00,PARSE,TIA0_LRSLOT0_ADC_avg,X1013_QT_BC_MDM_LON_SIG_AVG_LR00,,X1013_QT_BC_MDM_LON_SIG_AVG_LR00,,,KEY,,,FALSE
QTBCM,QTBCM-BC,,X1013_QT_BC_MDM_LON_SIG_AVG_LR10,PARSE,TIA0_LRSLOT1_ADC_avg,X1013_QT_BC_MDM_LON_SIG_AVG_LR10,,X1013_QT_BC_MDM_LON_SIG_AVG_LR10,,,KEY,,,FALSE
QTBCM,QTBCM-BC,,X1013_QT_BC_MDM_LON_SIG_AVG_LR20,PARSE,TIA0_LRSLOT2_ADC_avg,X1013_QT_BC_MDM_LON_SIG_AVG_LR20,,X1013_QT_BC_MDM_LON_SIG_AVG_LR20,,,KEY,,,FALSE
QTBCM,QTBCM-BC,,X1013_QT_BC_MDM_LON_SIG_AVG_LR30,PARSE,TIA0_LRSLOT3_ADC_avg,X1013_QT_BC_MDM_LON_SIG_AVG_LR30,,X1013_QT_BC_MDM_LON_SIG_AVG_LR30,,,KEY,,,FALSE
QTBCM,QTBCM-BC,,X1013_QT_BC_MDM_LON_SIG_AVG_HR01,PARSE,TIA1_HRSLOT0_ADC_avg,X1013_QT_BC_MDM_LON_SIG_AVG_HR01,,X1013_QT_BC_MDM_LON_SIG_AVG_HR01,[58456.6:399331.96],,KEY,,,FALSE
QTBCM,QTBCM-BC,,X1013_QT_BC_MDM_LON_SIG_AVG_HR11,PARSE,TIA1_HRSLOT1_ADC_avg,X1013_QT_BC_MDM_LON_SIG_AVG_HR11,,X1013_QT_BC_MDM_LON_SIG_AVG_HR11,[26985.41:194383.61],,KEY,,,FALSE
QTBCM,QTBCM-BC,,X1013_QT_BC_MDM_LON_SIG_AVG_HR21,PARSE,TIA1_HRSLOT2_ADC_avg,X1013_QT_BC_MDM_LON_SIG_AVG_HR21,,X1013_QT_BC_MDM_LON_SIG_AVG_HR21,[84978.62:389412.2],,KEY,,,FALSE
QTBCM,QTBCM-BC,,X1013_QT_BC_MDM_LON_SIG_AVG_HR31,PARSE,TIA1_HRSLOT3_ADC_avg,X1013_QT_BC_MDM_LON_SIG_AVG_HR31,,X1013_QT_BC_MDM_LON_SIG_AVG_HR31,[84978.62:389412.2],,KEY,,,FALSE
QTBCM,QTBCM-BC,,X1013_QT_BC_MDM_LON_SIG_AVG_HR41,PARSE,TIA1_HRSLOT4_ADC_avg,X1013_QT_BC_MDM_LON_SIG_AVG_HR41,,X1013_QT_BC_MDM_LON_SIG_AVG_HR41,[84978.62:389412.2],,KEY,,,FALSE
QTBCM,QTBCM-BC,,X1013_QT_BC_MDM_LON_SIG_AVG_HR51,PARSE,TIA1_HRSLOT5_ADC_avg,X1013_QT_BC_MDM_LON_SIG_AVG_HR51,,X1013_QT_BC_MDM_LON_SIG_AVG_HR51,[84978.62:389412.2],,KEY,,,FALSE
QTBCM,QTBCM-BC,,X1013_QT_BC_MDM_LON_SIG_AVG_LR01,PARSE,TIA1_LRSLOT0_ADC_avg,X1013_QT_BC_MDM_LON_SIG_AVG_LR01,,X1013_QT_BC_MDM_LON_SIG_AVG_LR01,,,KEY,,,FALSE
QTBCM,QTBCM-BC,,X1013_QT_BC_MDM_LON_SIG_AVG_LR11,PARSE,TIA1_LRSLOT1_ADC_avg,X1013_QT_BC_MDM_LON_SIG_AVG_LR11,,X1013_QT_BC_MDM_LON_SIG_AVG_LR11,,,KEY,,,FALSE
QTBCM,QTBCM-BC,,X1013_QT_BC_MDM_LON_SIG_AVG_LR21,PARSE,TIA1_LRSLOT2_ADC_avg,X1013_QT_BC_MDM_LON_SIG_AVG_LR21,,X1013_QT_BC_MDM_LON_SIG_AVG_LR21,,,KEY,,,FALSE
QTBCM,QTBCM-BC,,X1013_QT_BC_MDM_LON_SIG_AVG_LR31,PARSE,TIA1_LRSLOT3_ADC_avg,X1013_QT_BC_MDM_LON_SIG_AVG_LR31,,X1013_QT_BC_MDM_LON_SIG_AVG_LR31,,,KEY,,,FALSE
QTBCM,QTBCM-BC,,X1013_QT_BC_MDM_LON_SIG_STD_256Hz_HR00,PARSE,TIA0_HRSLOT0_ADC_std,X1013_QT_BC_MDM_LON_SIG_STD_256Hz_HR00,,,[0.1:6.11],,KEY,,,FALSE
QTBCM,QTBCM-BC,,X1013_QT_BC_MDM_LON_SIG_STD_256Hz_HR10,PARSE,TIA0_HRSLOT1_ADC_std,X1013_QT_BC_MDM_LON_SIG_STD_256Hz_HR10,,,[0.1:],,KEY,,,FALSE
QTBCM,QTBCM-BC,,X1013_QT_BC_MDM_LON_SIG_STD_256Hz_HR20,PARSE,TIA0_HRSLOT2_ADC_std,X1013_QT_BC_MDM_LON_SIG_STD_256Hz_HR20,,,[0.1:7.61],,KEY,,,FALSE
QTBCM,QTBCM-BC,,X1013_QT_BC_MDM_LON_SIG_STD_256Hz_HR30,PARSE,TIA0_HRSLOT3_ADC_std,X1013_QT_BC_MDM_LON_SIG_STD_256Hz_HR30,,,[0.1:7.61],,KEY,,,FALSE
QTBCM,QTBCM-BC,,X1013_QT_BC_MDM_LON_SIG_STD_256Hz_HR40,PARSE,TIA0_HRSLOT4_ADC_std,X1013_QT_BC_MDM_LON_SIG_STD_256Hz_HR40,,,[0.1:7.61],,KEY,,,FALSE
QTBCM,QTBCM-BC,,X1013_QT_BC_MDM_LON_SIG_STD_256Hz_HR50,PARSE,TIA0_HRSLOT5_ADC_std,X1013_QT_BC_MDM_LON_SIG_STD_256Hz_HR50,,,[0.1:7.61],,KEY,,,FALSE
QTBCM,QTBCM-BC,,X1013_QT_BC_MDM_LON_SIG_STD_8Hz_LR00,PARSE,TIA0_LRSLOT0_ADC_std,X1013_QT_BC_MDM_LON_SIG_STD_8Hz_LR00,,,,,KEY,,,FALSE
QTBCM,QTBCM-BC,,X1013_QT_BC_MDM_LON_SIG_STD_8Hz_LR10,PARSE,TIA0_LRSLOT1_ADC_std,X1013_QT_BC_MDM_LON_SIG_STD_8Hz_LR10,,,,,KEY,,,FALSE
QTBCM,QTBCM-BC,,X1013_QT_BC_MDM_LON_SIG_STD_8Hz_LR20,PARSE,TIA0_LRSLOT2_ADC_std,X1013_QT_BC_MDM_LON_SIG_STD_8Hz_LR20,,,,,KEY,,,FALSE
QTBCM,QTBCM-BC,,X1013_QT_BC_MDM_LON_SIG_STD_8Hz_LR30,PARSE,TIA0_LRSLOT3_ADC_std,X1013_QT_BC_MDM_LON_SIG_STD_8Hz_LR30,,,,,KEY,,,FALSE
QTBCM,QTBCM-BC,,X1013_QT_BC_MDM_LON_SIG_STD_256Hz_HR01,PARSE,TIA1_HRSLOT0_ADC_std,X1013_QT_BC_MDM_LON_SIG_STD_256Hz_HR01,,,[0.1:6.11],,KEY,,,FALSE
QTBCM,QTBCM-BC,,X1013_QT_BC_MDM_LON_SIG_STD_256Hz_HR11,PARSE,TIA1_HRSLOT1_ADC_std,X1013_QT_BC_MDM_LON_SIG_STD_256Hz_HR11,,,[0.1:],,KEY,,,FALSE
QTBCM,QTBCM-BC,,X1013_QT_BC_MDM_LON_SIG_STD_256Hz_HR21,PARSE,TIA1_HRSLOT2_ADC_std,X1013_QT_BC_MDM_LON_SIG_STD_256Hz_HR21,,,[0.1:6.25],,KEY,,,FALSE
QTBCM,QTBCM-BC,,X1013_QT_BC_MDM_LON_SIG_STD_256Hz_HR31,PARSE,TIA1_HRSLOT3_ADC_std,X1013_QT_BC_MDM_LON_SIG_STD_256Hz_HR31,,,[0.1:6.25],,KEY,,,FALSE
QTBCM,QTBCM-BC,,X1013_QT_BC_MDM_LON_SIG_STD_256Hz_HR41,PARSE,TIA1_HRSLOT4_ADC_std,X1013_QT_BC_MDM_LON_SIG_STD_256Hz_HR41,,,[0.1:6.25],,KEY,,,FALSE
QTBCM,QTBCM-BC,,X1013_QT_BC_MDM_LON_SIG_STD_256Hz_HR51,PARSE,TIA1_HRSLOT5_ADC_std,X1013_QT_BC_MDM_LON_SIG_STD_256Hz_HR51,,,[0.1:6.25],,KEY,,,FALSE
QTBCM,QTBCM-BC,,X1013_QT_BC_MDM_LON_SIG_STD_8Hz_LR01,PARSE,TIA1_LRSLOT0_ADC_std,X1013_QT_BC_MDM_LON_SIG_STD_8Hz_LR01,,,,,KEY,,,FALSE
QTBCM,QTBCM-BC,,X1013_QT_BC_MDM_LON_SIG_STD_8Hz_LR11,PARSE,TIA1_LRSLOT1_ADC_std,X1013_QT_BC_MDM_LON_SIG_STD_8Hz_LR11,,,,,KEY,,,FALSE
QTBCM,QTBCM-BC,,X1013_QT_BC_MDM_LON_SIG_STD_8Hz_LR21,PARSE,TIA1_LRSLOT2_ADC_std,X1013_QT_BC_MDM_LON_SIG_STD_8Hz_LR21,,,,,KEY,,,FALSE
QTBCM,QTBCM-BC,,X1013_QT_BC_MDM_LON_SIG_STD_8Hz_LR31,PARSE,TIA1_LRSLOT3_ADC_std,X1013_QT_BC_MDM_LON_SIG_STD_8Hz_LR31,,,,,KEY,,,FALSE
QTBCM,QTBCM-BC,,X1013_QT_BC_DCS_XSUB_HR00,PARSE,TIA0_HRSLOT0_XSUB_avg,X1013_QT_BC_DCS_XSUB_HR00,,,,,KEY,,,TRUE
QTBCM,QTBCM-BC,,X1013_QT_BC_DCS_XSUB_HR01,PARSE,TIA1_HRSLOT0_XSUB_avg,X1013_QT_BC_DCS_XSUB_HR01,,,,,KEY,,,TRUE
QTBCM,QTBCM-BC,,X1013_QT_BC_DCS_XSUB_HR10,PARSE,TIA0_HRSLOT1_XSUB_avg,X1013_QT_BC_DCS_XSUB_HR10,,,,,KEY,,,TRUE
QTBCM,QTBCM-BC,,X1013_QT_BC_DCS_XSUB_HR11,PARSE,TIA1_HRSLOT1_XSUB_avg,X1013_QT_BC_DCS_XSUB_HR11,,,,,KEY,,,TRUE
QTBCM,QTBCM-BC,,X1013_QT_BC_DCS_XSUB_HR20,PARSE,TIA0_HRSLOT2_XSUB_avg,X1013_QT_BC_DCS_XSUB_HR20,,,,,KEY,,,TRUE
QTBCM,QTBCM-BC,,X1013_QT_BC_DCS_XSUB_HR21,PARSE,TIA1_HRSLOT2_XSUB_avg,X1013_QT_BC_DCS_XSUB_HR21,,,,,KEY,,,TRUE
QTBCM,QTBCM-BC,,X1013_QT_BC_DCS_XSUB_HR30,PARSE,TIA0_HRSLOT3_XSUB_avg,X1013_QT_BC_DCS_XSUB_HR30,,,,,KEY,,,TRUE
QTBCM,QTBCM-BC,,X1013_QT_BC_DCS_XSUB_HR31,PARSE,TIA1_HRSLOT3_XSUB_avg,X1013_QT_BC_DCS_XSUB_HR31,,,,,KEY,,,TRUE
QTBCM,QTBCM-BC,,X1013_QT_BC_DCS_XSUB_HR40,PARSE,TIA0_HRSLOT4_XSUB_avg,X1013_QT_BC_DCS_XSUB_HR40,,,,,KEY,,,TRUE
QTBCM,QTBCM-BC,,X1013_QT_BC_DCS_XSUB_HR41,PARSE,TIA1_HRSLOT4_XSUB_avg,X1013_QT_BC_DCS_XSUB_HR41,,,,,KEY,,,TRUE
QTBCM,QTBCM-BC,,X1013_QT_BC_DCS_XSUB_HR50,PARSE,TIA0_HRSLOT5_XSUB_avg,X1013_QT_BC_DCS_XSUB_HR50,,,,,KEY,,,TRUE
QTBCM,QTBCM-BC,,X1013_QT_BC_DCS_XSUB_HR51,PARSE,TIA1_HRSLOT5_XSUB_avg,X1013_QT_BC_DCS_XSUB_HR51,,,,,KEY,,,TRUE
QTBCM,QTBCM-BC,,X1013_QT_BC_DCS_XSUB_LR00,PARSE,TIA0_LRSLOT0_XSUB_avg,X1013_QT_BC_DCS_XSUB_LR00,,,,,KEY,,,TRUE
QTBCM,QTBCM-BC,,X1013_QT_BC_DCS_XSUB_LR01,PARSE,TIA1_LRSLOT0_XSUB_avg,X1013_QT_BC_DCS_XSUB_LR01,,,,,KEY,,,TRUE
QTBCM,QTBCM-BC,,X1013_QT_BC_DCS_XSUB_LR10,PARSE,TIA0_LRSLOT1_XSUB_avg,X1013_QT_BC_DCS_XSUB_LR10,,,,,KEY,,,TRUE
QTBCM,QTBCM-BC,,X1013_QT_BC_DCS_XSUB_LR11,PARSE,TIA1_LRSLOT1_XSUB_avg,X1013_QT_BC_DCS_XSUB_LR11,,,,,KEY,,,TRUE
QTBCM,QTBCM-BC,,X1013_QT_BC_DCS_XSUB_LR20,PARSE,TIA0_LRSLOT2_XSUB_avg,X1013_QT_BC_DCS_XSUB_LR20,,,,,KEY,,,TRUE
QTBCM,QTBCM-BC,,X1013_QT_BC_DCS_XSUB_LR21,PARSE,TIA1_LRSLOT2_XSUB_avg,X1013_QT_BC_DCS_XSUB_LR21,,,,,KEY,,,TRUE
QTBCM,QTBCM-BC,,X1013_QT_BC_DCS_XSUB_LR30,PARSE,TIA0_LRSLOT3_XSUB_avg,X1013_QT_BC_DCS_XSUB_LR30,,,,,KEY,,,TRUE
QTBCM,QTBCM-BC,,X1013_QT_BC_DCS_XSUB_LR31,PARSE,TIA1_LRSLOT3_XSUB_avg,X1013_QT_BC_DCS_XSUB_LR31,,,,,KEY,,,TRUE
QTBCM,QTBCM_BC_DCSMDM_LOGGING,,Turn off file log-QTBCM_BC_DCSMDM,DIAGS,filelog --off,,,,,,,,,FALSE
QTBCM,QTBCM_BC_DCSMDM_LOGGING,,Clean up the file log for the next scan,DIAGS,consolerouter --rm --src platinum.debug.testdata --dest file,,,,,,,,,FALSE
QTBCM,QTBCM-BC,,enable raw data streaming,DIAGS,consolerouter --add --src platinum.debug.testdata --dest serial,,,,,,,,,FALSE
QTBCM,QTBCM-BC,,assert Jasper reset_L high,DIAGS,socgpio --port 1 --pin 95 --output 1,,,,,,,,,FALSE
QTBCM,QTBCM-BC,,stream one frame,DIAGS,"sensor -s platinum -e bcm_test --testopts ""--time 5 --avg 5 --start 1 --end 1 --verbose --lr32""",,,,,,,,,FALSE
QTBCM,QTBCM-BC,,check HW_Critical is equal to 0,PARSE,X1013_QT_JSPR_RESET,X1013_QT_JSPR_RESET_L,,,<0>,,KEY,,,FALSE
QTBCM,QTBCM-BC,,assert Jasper reset_L low,DIAGS,socgpio --port 1 --pin 95 --output 0,,,,,,,,,FALSE
QTBCM,QTBCM-BC,,stream one frame,DIAGS,"sensor -s platinum -e bcm_test --testopts ""--time 5 --avg 5 --start 1 --end 1 --verbose --lr32""",,,,,,,,,FALSE
QTBCM,QTBCM-BC,,check HW_Critical is equal to 1,PARSE,X1013_QT_JSPR_RESET,X1013_QT_JSPR_RESET_H,,,<1>,,KEY,,,FALSE
TEST_END,END_CONTROLBIT,,Ignore this line - Example of IGNORE Function,IGNORE,Ignore this line - Example of IGNORE Function,,,,,,,,,TRUE
TEST_END,END_CONTROLBIT,,Write Control Bit Information (station specific command),DIAGS,(station specific command),,,,,,,,,FALSE
TEST_END,END_CONTROLBIT,,Read Control Bit Information (station specific command),DIAGS,(station specific command),,,,,,,,,FALSE
TEST_END,TEST_END,,Fixture Reset,FIXTURE,TurnOff,,,,,,,,,FALSE
TEST_END,TEST_END,,Fixture Reset,FIXTURE,reset,,,,Pass,,,,,TRUE
TEST_INFO,TEST_END,,Test End,TEST_END,End test,,,,,,,,,TRUE