GATEKEEPER,V1.1.3.0
Site, Product, SerialNumber, Special Build Name, Special Build Description, Unit Number, Station ID, Test Pass/Fail Status, StartTime, EndTime, Version, List of Failing Tests,Scan_FG_SN,Start Data Reporting,Start Data Reporting,Start Data Reporting,Start Data Reporting,Check_All_CB - CB_STATUS_MLB-FCT,Check_All_CB - ABS_ERASE_MLB-FCT,Check_All_CB - ABS_FAIL_MLB-FCT,Check_All_CB - REL_FAIL_MLB-FCT,Check_All_CB - CB_STATUS_TEST1,Check_All_CB - ABS_ERASE_TEST1,Check_All_CB - ABS_FAIL_TEST1,Check_All_CB - REL_FAIL_TEST1,Check_All_CB - CB_STATUS_QT0,Check_All_CB - ABS_ERASE_QT0,Check_All_CB - ABS_FAIL_QT0,Check_All_CB - REL_FAIL_QT0,Check_All_CB - CB_STATUS_DFU2-FTW,Check_All_CB - ABS_ERASE_DFU2-FTW,Check_All_CB - ABS_FAIL_DFU2-FTW,Check_All_CB - REL_FAIL_DFU2-FTW,Check_All_CB - CB_STATUS_QT1,Check_All_CB - ABS_ERASE_QT1,Check_All_CB - ABS_FAIL_QT1,Check_All_CB - REL_FAIL_QT1,Check_All_CB - CB_STATUS_LED-TEST,Check_All_CB - ABS_ERASE_LED-TEST,Check_All_CB - ABS_FAIL_LED-TEST,Check_All_CB - REL_FAIL_LED-TEST,Check_All_CB - CB_STATUS_TEST2,Check_All_CB - ABS_ERASE_TEST2,Check_All_CB - ABS_FAIL_TEST2,Check_All_CB - REL_FAIL_TEST2,Check_All_CB - CB_STATUS_MMI,Check_All_CB - ABS_ERASE_MMI,Check_All_CB - ABS_FAIL_MMI,Check_All_CB - REL_FAIL_MMI,Check_All_CB - CB_STATUS_SW-DOWNLOAD,Check_All_CB - ABS_ERASE_SW-DOWNLOAD,Check_All_CB - ABS_FAIL_SW-DOWNLOAD,Check_All_CB - REL_FAIL_SW-DOWNLOAD,Check_Bootargs_Status,Read_FG_SN,Compare_FG_SN,MLB_SN,WO_SN,UNIT_LBL,BUILD_EVENT,S_BUILD,KBM_SN,BACKLIGHT_SN,TRACKPAD_SN,TOUCH_FLEX_SN,Check_EP_Status,EP_Enable_All,STFW - STFW,STFW,Read_HW_Version,GreenPAK_ID,TOUCH_FW - Touch_FW,TOUCH_FW,Read_CCG3_FW,Production_Signed_Check,Read_KBD_HW_Layout,Get_KBD_HW_Layout,Compare_KBD_HW_Layout,Read_MLB_Lang,Get_KBD_Lang,Check_KBD_Lang,Read_MFI_Address,System_Critical_Errors - CRIT_ERR_E1_PART1,System_Critical_Errors - CRIT_ERR_E1_PART2,FW_Update_Critical_Errors - CRIT_ERR_E2_PART1,FW_Update_Critical_Errors - CRIT_ERR_E2_PART2,FW_Update_Critical_Errors - CRIT_ERR_E2_PART3,Key_Scan_Critical_Errors - CRIT_ERR_E7_PART1,Key_Scan_Critical_Errors - CRIT_ERR_E7_PART2,Key_Scan_Critical_Errors - CRIT_ERR_E7_PART3,Key_Scan_Critical_Errors - CRIT_ERR_E7_PART4,USBC_Critical_Errors - CRIT_ERR_E3_PART1,USBC_Critical_Errors - CRIT_ERR_E3_PART2,USBC_Critical_Errors - CRIT_ERR_E3_PART3,USBC_Critical_Errors - CRIT_ERR_E3_PART4,Grape_Critical_Errors - CRIT_ERR_E5_PART1,Grape_Critical_Errors - CRIT_ERR_E5_PART2,Grape_Critical_Errors - CRIT_ERR_E5_PART3,Grape_Critical_Errors - CRIT_ERR_E5_PART4,Grape_Critical_Errors - CRIT_ERR_E5_PART5,Grape_Critical_Errors - CRIT_ERR_E5_PART6,Grape_Critical_Errors - CRIT_ERR_E5_PART7,Grape_Critical_Errors - CRIT_ERR_E5_PART8,Grape_Critical_Errors - CRIT_ERR_E5_PART9,Grape_Critical_Errors - CRIT_ERR_E5_PART10,Critical_Errors_Summary - CRIT_ERR_E0_PART1,Backlight_Critical_Errors - BL_CRI_ERR_PART1,Grape_Connector_Self_Critical_Errors - CRIT_ERR_D3_PART1,Grape_Connector_Self_Critical_Errors - CRIT_ERR_D3_PART2,Grape_Connector_Self_Critical_Errors - CRIT_ERR_D3_PART3,+,Check_KBD_Lang,
Upper Limited-------->,,,,,,,,,,,,,,,,,3,,,,3,,,,3,,,,3,,,,3,,,,3,,,,3,,,,3,,,,3,,,,,,,,,,,,,,,,,,,,,,,,,,,,,,,,,,,,,,,,,,,,,,,,,,,,,,,,,,,,,,,
Lower Limited-------->,,,,,,,,,,,,,,,,,3,,,,3,,,,3,,,,3,,,,3,,,,3,,,,3,,,,3,,,,3,,,,,,,,,,,,,,,,,,,,,,,,,,,,,,,,,,,,,,,,,,,,,,,,,,,,,,,,,,,,,,,
Measurement Units---->,,,,,,,,,,,,,,,,,,,,,,,,,,,,,,,,,,,,,,,,,,,,,,,,,,,,,,,,,,,,,,,,,,,NA,,,,NA,,,,,,,,,,,,,,,,,,,,,,,,,,,,,,,,,,,,,,,,,
FXLH,R118,FTPZC00FP3HR,,R118-P2_P21AEN-S1,,FXLH_F05-4FT-02_2_GATEKEEPER,FAIL,09-12-10:19:46,69.67,V1.1.3.0,Check_All_CB; Grape_Connector_Self_Critical_Errors,FTPZC00FP3HR,Atlas 1.9.2,FTPZC00FP3HR,V1.1.3.0,1,0,0,0,0,0,0,0,0,2,0,1,1,0,0,0,0,0,0,0,0,3,0,2,2,3,0,1,1,2,0,4,4,3,0,0,0,15 00 00 00 ,FTPZC00FP3HR,Pass,DLX9363002SN6R52V,WMT-J90002,R118-P2_P21AEN-S1_C00273,R118-P2,R118-P2_P21AEN-S1,C4P932200HGJCPP3M,GV29347005FN3LN2Z,FM7934400LKN0LH1J+S1J,C479353089EMW5D2H,13 00 00 00 00 ,Pass,352,0x0160,0x03,02,1285,0x0505,A0 02 00 0B 00 00 00 0B ,0x00,0x21,0x21,Pass,02 01 01 05 49 ,02 01 01 05 49,Pass,0x10,8704,0,0,0,0,0,0,0,0,0,0,0,0,16777216,0,0,0,0,0,16842752,16777216,0,0,0,0,17437701,83888660,570621952,,,
FXLH,R118,FTPZ9065P3HR,,R118-P2_P21AEN-LHWTE2,,FXLH_F05-4FT-02_2_GATEKEEPER,FAIL,09-12-10:28:34,46.82,V1.1.3.0,Check_All_CB,FTPZ9065P3HR,Atlas 1.9.2,FTPZ9065P3HR,V1.1.3.0,1,0,0,0,0,0,0,0,0,0,0,0,0,0,0,0,0,1,0,8,8,0,0,0,0,0,0,0,0,0,0,0,0,0,0,0,0,15 00 00 00 ,FTPZ9065P3HR,Pass,DLX93540035N6R52F,WMT-J80009,R118-P2_P21AEN-LHWTE2_C00257,R118-P2,R118-P2_P21AEN-LHWTE2,C4P932200F2JCPP37,GV29347001AN3LN2G,FM7934400GMN0LH1U+S1J,C47935308X2MW5D2X,13 00 00 00 00 ,Pass,352,0x0160,0x03,02,1285,0x0505,A0 02 00 0A 00 0A 00 0A ,0x00,0x21,0x21,Pass,02 01 01 05 49 ,02 01 01 05 49,Pass,0x10,8704,0,0,0,0,0,0,0,0,0,0,0,0,16777216,0,0,0,0,0,16842752,16777216,0,0,0,0,17372165,83888404,4194435072,,,
FXLH,R118,FTPZ9065P3HR,,R118-P2_P21AEN-LHWTE2,,FXLH_F05-4FT-02_2_GATEKEEPER,FAIL,09-12-10:30:29,54.88,V1.1.3.0,Check_All_CB,FTPZ9065P3HR,Atlas 1.9.2,FTPZ9065P3HR,V1.1.3.0,1,0,0,0,0,0,0,0,0,0,0,0,0,0,0,0,0,1,0,8,8,0,0,0,0,0,0,0,0,0,0,0,0,0,0,0,0,15 00 00 00 ,FTPZ9065P3HR,Pass,DLX93540035N6R52F,WMT-J80009,R118-P2_P21AEN-LHWTE2_C00257,R118-P2,R118-P2_P21AEN-LHWTE2,C4P932200F2JCPP37,GV29347001AN3LN2G,FM7934400GMN0LH1U+S1J,C47935308X2MW5D2X,13 00 00 00 00 ,Pass,352,0x0160,0x03,02,1285,0x0505,A0 02 00 0A 00 0A 00 0A ,0x00,0x21,0x21,Pass,02 01 01 05 49 ,02 01 01 05 49,Pass,0x10,8704,0,0,0,0,0,0,0,0,0,0,0,0,16777216,0,0,0,0,0,16842752,16777216,0,0,0,0,17372165,83888404,4194435072,,,
FXLH,R118,FTPZ9065P3HR,,R118-P2_P21AEN-LHWTE2,,FXLH_F05-4FT-02_2_GATEKEEPER,FAIL,09-12-10:31:37,61.12,V1.1.3.0,Check_All_CB,FTPZ9065P3HR,Atlas 1.9.2,FTPZ9065P3HR,V1.1.3.0,1,0,0,0,0,0,0,0,0,0,0,0,0,0,0,0,0,1,0,8,8,0,0,0,0,0,0,0,0,0,0,0,0,0,0,0,0,15 00 00 00 ,FTPZ9065P3HR,Pass,DLX93540035N6R52F,WMT-J80009,R118-P2_P21AEN-LHWTE2_C00257,R118-P2,R118-P2_P21AEN-LHWTE2,C4P932200F2JCPP37,GV29347001AN3LN2G,FM7934400GMN0LH1U+S1J,C47935308X2MW5D2X,13 00 00 00 00 ,Pass,352,0x0160,0x03,02,1285,0x0505,A0 02 00 0A 00 0A 00 0A ,0x00,0x21,0x21,Pass,02 01 01 05 49 ,02 01 01 05 49,Pass,0x10,8704,0,0,0,0,0,0,0,0,0,0,0,0,16777216,0,0,0,0,0,16842752,16777216,0,0,0,0,17372165,83888404,4194435072,,,
FXLH,R118,FTPZ9065P3HR,,R118-P2_P21AEN-LHWTE2,,FXLH_F05-4FT-02_2_GATEKEEPER,FAIL,09-12-10:32:53,82.91,V1.1.3.0,Check_All_CB,FTPZ9065P3HR,Atlas 1.9.2,FTPZ9065P3HR,V1.1.3.0,1,0,0,0,0,0,0,0,0,0,0,0,0,0,0,0,0,1,0,8,8,0,0,0,0,,,,,,,,,,,,,15 00 00 00 ,FTPZ9065P3HR,Pass,DLX93540035N6R52F,WMT-J80009,R118-P2_P21AEN-LHWTE2_C00257,R118-P2,R118-P2_P21AEN-LHWTE2,C4P932200F2JCPP37,GV29347001AN3LN2G,FM7934400GMN0LH1U+S1J,C47935308X2MW5D2X,13 00 00 00 00 ,Pass,352,0x0160,0x03,02,1285,0x0505,A0 02 00 0A 00 0A 00 0A ,0x00,0x21,0x21,Pass,02 01 01 05 49 ,02 01 01 05 49,Pass,0x10,8704,0,0,0,0,0,0,0,0,0,0,0,0,16777216,0,0,0,0,0,16842752,16777216,0,0,0,0,17372165,83888404,4194435072,,,
FXLH,R118,FTPZ9065P3HR,,R118-P2_P21AEN-LHWTE2,,FXLH_F05-4FT-02_2_GATEKEEPER,FAIL,09-12-10:38:00,52.75,V1.1.3.0,Check_All_CB,FTPZ9065P3HR,Atlas 1.9.2,FTPZ9065P3HR,V1.1.3.0,1,0,0,0,0,0,0,0,0,0,0,0,0,0,0,0,0,1,0,8,8,0,0,0,0,0,0,0,0,0,0,0,0,0,0,0,0,15 00 00 00 ,FTPZ9065P3HR,Pass,DLX93540035N6R52F,WMT-J80009,R118-P2_P21AEN-LHWTE2_C00257,R118-P2,R118-P2_P21AEN-LHWTE2,C4P932200F2JCPP37,GV29347001AN3LN2G,FM7934400GMN0LH1U+S1J,C47935308X2MW5D2X,13 00 00 00 00 ,Pass,352,0x0160,0x03,02,1285,0x0505,A0 02 00 0A 00 0A 00 0A ,0x00,0x21,0x21,Pass,02 01 01 05 49 ,02 01 01 05 49,Pass,0x10,8704,0,0,0,0,0,0,0,0,0,0,0,0,16777216,0,0,0,0,0,16842752,16777216,0,0,0,0,17372165,83888404,4194435072,,,
FXLH,R118,FTPZ9065P3HR,,R118-P2_P21AEN-LHWTE2,,FXLH_F05-4FT-02_2_GATEKEEPER,FAIL,09-12-10:39:53,62.96,V1.1.3.0,Check_All_CB,FTPZ9065P3HR,Atlas 1.9.2,FTPZ9065P3HR,V1.1.3.0,1,0,0,0,0,0,0,0,0,0,0,0,0,0,0,0,0,1,0,8,8,0,0,0,0,0,0,0,0,0,0,0,0,0,0,0,0,15 00 00 00 ,FTPZ9065P3HR,Pass,DLX93540035N6R52F,WMT-J80009,R118-P2_P21AEN-LHWTE2_C00257,R118-P2,R118-P2_P21AEN-LHWTE2,C4P932200F2JCPP37,GV29347001AN3LN2G,FM7934400GMN0LH1U+S1J,C47935308X2MW5D2X,13 00 00 00 00 ,Pass,352,0x0160,0x03,02,1285,0x0505,A0 02 00 0A 00 0A 00 0A ,0x00,0x21,0x21,Pass,02 01 01 05 49 ,02 01 01 05 49,Pass,0x10,8704,0,0,0,0,0,0,0,0,0,0,0,0,16777216,0,0,0,0,0,16842752,16777216,0,0,0,0,17372165,83888404,4194435072,,,
FXLH,R118,FTPZ9065P3HR,,R118-P2_P21AEN-LHWTE2,,FXLH_F05-4FT-02_2_GATEKEEPER,FAIL,09-12-10:41:50,55.45,V1.1.3.0,Check_All_CB,FTPZ9065P3HR,Atlas 1.9.2,FTPZ9065P3HR,V1.1.3.0,1,0,0,0,0,0,0,0,0,0,0,0,0,0,0,0,0,1,0,8,8,0,0,0,0,0,0,0,0,0,0,0,0,0,0,0,0,15 00 00 00 ,FTPZ9065P3HR,Pass,DLX93540035N6R52F,WMT-J80009,R118-P2_P21AEN-LHWTE2_C00257,R118-P2,R118-P2_P21AEN-LHWTE2,C4P932200F2JCPP37,GV29347001AN3LN2G,FM7934400GMN0LH1U+S1J,C47935308X2MW5D2X,13 00 00 00 00 ,Pass,352,0x0160,0x03,02,1285,0x0505,A0 02 00 0A 00 0A 00 0A ,0x00,0x21,0x21,Pass,02 01 01 05 49 ,02 01 01 05 49,Pass,0x10,8704,0,0,0,0,0,0,0,0,0,0,0,0,16777216,0,0,0,0,0,16842752,16777216,0,0,0,0,17372165,83888404,4194435072,,,
FXLH,R118,FTPZ9065P3HR,,R118-P2_P21AEN-LHWTE2,,FXLH_F05-4FT-02_2_GATEKEEPER,FAIL,09-12-10:42:53,59.57,V1.1.3.0,Check_All_CB,FTPZ9065P3HR,Atlas 1.9.2,FTPZ9065P3HR,V1.1.3.0,1,0,0,0,0,0,0,0,0,0,0,0,0,0,0,0,0,1,0,8,8,0,0,0,0,0,0,0,0,0,0,0,0,0,0,0,0,15 00 00 00 ,FTPZ9065P3HR,Pass,DLX93540035N6R52F,WMT-J80009,R118-P2_P21AEN-LHWTE2_C00257,R118-P2,R118-P2_P21AEN-LHWTE2,C4P932200F2JCPP37,GV29347001AN3LN2G,FM7934400GMN0LH1U+S1J,C47935308X2MW5D2X,13 00 00 00 00 ,Pass,352,0x0160,0x03,02,1285,0x0505,A0 02 00 0A 00 0A 00 0A ,0x00,0x21,0x21,Pass,02 01 01 05 49 ,02 01 01 05 49,Pass,0x10,8704,0,0,0,0,0,0,0,0,0,0,0,0,16777216,0,0,0,0,0,16842752,16777216,0,0,0,0,17372165,83888404,4194435072,,,
FXLH,R118,FTPZ9065P3HR,,R118-P2_P21AEN-LHWTE2,,FXLH_F05-4FT-02_2_GATEKEEPER,FAIL,09-12-10:44:08,57.93,V1.1.3.0,Check_All_CB,FTPZ9065P3HR,Atlas 1.9.2,FTPZ9065P3HR,V1.1.3.0,1,0,0,0,0,0,0,0,0,0,0,0,0,0,0,0,0,1,0,8,8,0,0,0,0,0,0,0,0,0,0,0,0,0,0,0,0,15 00 00 00 ,FTPZ9065P3HR,Pass,DLX93540035N6R52F,WMT-J80009,R118-P2_P21AEN-LHWTE2_C00257,R118-P2,R118-P2_P21AEN-LHWTE2,C4P932200F2JCPP37,GV29347001AN3LN2G,FM7934400GMN0LH1U+S1J,C47935308X2MW5D2X,13 00 00 00 00 ,Pass,352,0x0160,0x03,02,1285,0x0505,A0 02 00 0A 00 0A 00 0A ,0x00,0x21,0x21,Pass,02 01 01 05 49 ,02 01 01 05 49,Pass,0x10,8704,0,0,0,0,0,0,0,0,0,0,0,0,16777216,0,0,0,0,0,16842752,16777216,0,0,0,0,17372165,83888404,4194435072,,,
FXLH,R118,FTPZ9065P3HR,,R118-P2_P21AEN-LHWTE2,,FXLH_F05-4FT-02_2_GATEKEEPER,FAIL,09-12-10:45:14,56.43,V1.1.3.0,Check_All_CB,FTPZ9065P3HR,Atlas 1.9.2,FTPZ9065P3HR,V1.1.3.0,1,0,0,0,0,0,0,0,0,0,0,0,0,0,0,0,0,1,0,8,8,0,0,0,0,0,0,0,0,0,0,0,0,0,0,0,0,15 00 00 00 ,FTPZ9065P3HR,Pass,DLX93540035N6R52F,WMT-J80009,R118-P2_P21AEN-LHWTE2_C00257,R118-P2,R118-P2_P21AEN-LHWTE2,C4P932200F2JCPP37,GV29347001AN3LN2G,FM7934400GMN0LH1U+S1J,C47935308X2MW5D2X,13 00 00 00 00 ,Pass,352,0x0160,0x03,02,1285,0x0505,A0 02 00 0A 00 0A 00 0A ,0x00,0x21,0x21,Pass,02 01 01 05 49 ,02 01 01 05 49,Pass,0x10,8704,0,0,0,0,0,0,0,0,0,0,0,0,16777216,0,0,0,0,0,16842752,16777216,0,0,0,0,17372165,83888404,4194435072,,,
FXLH,R118,FTPZ905NP3HR,,R118-P2_P21AEN-LHWTE,,FXLH_F05-4FT-02_2_GATEKEEPER,FAIL,09-12-10:50:53,60.58,V1.1.3.0,Check_All_CB; Check_KBD_Lang,FTPZ905NP3HR,Atlas 1.9.2,FTPZ905NP3HR,V1.1.3.0,1,0,0,0,0,0,0,0,0,0,0,0,0,0,0,0,0,2,0,1,1,0,0,0,0,0,0,0,0,0,0,0,0,0,0,0,0,15 00 00 00 ,FTPZ905NP3HR,Pass,DLX93540057N6R527,WMT-J80004,R118-P2_P21AEN-LHWTE_C00206,R118-P2,R118-P2_P21AEN-LHWTE,C4P932200EEJCPP3Y,GV29252007BN3LN13,FM7934400B2N0LH1U+S1J,C47935308UUMW5D2E,13 00 00 00 02 ,Pass,352,0x0160,0x03,02,1285,0x0505,A0 02 00 0A 00 00 00 0A ,0x00,0x21,0x21,Pass,02 01 01 0F 49 16 16 ,02 01 01 05 49,,0x10,8704,0,0,0,0,0,0,0,0,0,0,0,0,16777216,0,0,0,0,0,16842752,16777216,0,0,0,0,17372165,83888404,4194435072,,Fail,
FXLH,R118,FTPZC005P3J4,,R118-P2_P21AK-S2,,FXLH_F05-4FT-02_2_GATEKEEPER,FAIL,09-12-10:57:31,94.17,V1.1.3.0,Check_All_CB,FTPZC005P3J4,Atlas 1.9.2,FTPZC005P3J4,V1.1.3.0,1,0,0,0,0,0,0,0,0,0,0,0,0,0,0,0,0,0,0,0,0,0,0,0,0,3,0,0,0,2,0,1,1,3,0,0,0,15 00 00 00 ,FTPZC005P3J4,Pass,DLX93630032N6R52G,WMT-J90003,R118-P2_P21AK-S2_C00284,R118-P2,R118-P2_P21AK-S2,C4P9322002ZJCPV39,GV29347005EN3LN20,FM7934400JGN0LH1T+S1J,C47935307Z2MW5D2S,13 00 00 00 00 ,Pass,352,0x0160,0x03,02,1285,0x0505,A0 01 00 0B 00 0B 00 0B ,0x00,0x21,0x21,Pass,02 01 01 0F 49 16 16 ,02 01 01 0F 49 16 16,Pass,0x10,8704,0,0,0,0,0,0,0,0,0,0,0,0,16777216,0,0,0,0,0,16842752,16777216,0,0,0,0,17372165,83888404,4194435072,,,
FXLH,R118,FTPZC005P3J4,,R118-P2_P21AK-S2,,FXLH_F05-4FT-02_2_GATEKEEPER,FAIL,09-12-10:59:27,46.97,V1.1.3.0,Check_All_CB,FTPZC005P3J4,Atlas 1.9.2,FTPZC005P3J4,V1.1.3.0,1,0,0,0,0,0,0,0,0,0,0,0,0,0,0,0,0,0,0,0,0,0,0,0,0,3,0,0,0,2,0,1,1,3,0,0,0,15 00 00 00 ,FTPZC005P3J4,Pass,DLX93630032N6R52G,WMT-J90003,R118-P2_P21AK-S2_C00284,R118-P2,R118-P2_P21AK-S2,C4P9322002ZJCPV39,GV29347005EN3LN20,FM7934400JGN0LH1T+S1J,C47935307Z2MW5D2S,13 00 00 00 00 ,Pass,352,0x0160,0x03,02,1285,0x0505,A0 01 00 0B 00 0B 00 0B ,0x00,0x21,0x21,Pass,02 01 01 0F 49 16 16 ,02 01 01 0F 49 16 16,Pass,0x10,8704,0,0,0,0,0,0,0,0,0,0,0,0,16777216,0,0,0,0,0,16842752,16777216,0,0,0,0,17372165,83888404,4194435072,,,
FXLH,R118,FTPZC005P3J4,,R118-P2_P21AK-S2,,FXLH_F05-4FT-02_2_GATEKEEPER,FAIL,09-12-11:00:22,63.90,V1.1.3.0,Check_All_CB,FTPZC005P3J4,Atlas 1.9.2,FTPZC005P3J4,V1.1.3.0,1,0,0,0,0,0,0,0,0,0,0,0,0,0,0,0,0,0,0,0,0,0,0,0,0,3,0,0,0,2,0,1,1,3,0,0,0,15 00 00 00 ,FTPZC005P3J4,Pass,DLX93630032N6R52G,WMT-J90003,R118-P2_P21AK-S2_C00284,R118-P2,R118-P2_P21AK-S2,C4P9322002ZJCPV39,GV29347005EN3LN20,FM7934400JGN0LH1T+S1J,C47935307Z2MW5D2S,13 00 00 00 00 ,Pass,352,0x0160,0x03,02,1285,0x0505,A0 01 00 0B 00 0B 00 0B ,0x00,0x21,0x21,Pass,02 01 01 0F 49 16 16 ,02 01 01 0F 49 16 16,Pass,0x10,8704,0,0,0,0,0,0,0,0,0,0,0,0,16777216,0,0,0,0,0,16842752,16777216,0,0,0,0,17372165,83888404,4194435072,,,
FXLH,R118,FTPZC005P3J4,,R118-P2_P21AK-S2,,FXLH_F05-4FT-02_2_GATEKEEPER,FAIL,09-12-11:01:32,56.53,V1.1.3.0,Check_All_CB,FTPZC005P3J4,Atlas 1.9.2,FTPZC005P3J4,V1.1.3.0,1,0,0,0,0,0,0,0,0,0,0,0,0,0,0,0,0,0,0,0,0,0,0,0,0,3,0,0,0,2,0,1,1,3,0,0,0,15 00 00 00 ,FTPZC005P3J4,Pass,DLX93630032N6R52G,WMT-J90003,R118-P2_P21AK-S2_C00284,R118-P2,R118-P2_P21AK-S2,C4P9322002ZJCPV39,GV29347005EN3LN20,FM7934400JGN0LH1T+S1J,C47935307Z2MW5D2S,13 00 00 00 00 ,Pass,352,0x0160,0x03,02,1285,0x0505,A0 01 00 0B 00 0B 00 0B ,0x00,0x21,0x21,Pass,02 01 01 0F 49 16 16 ,02 01 01 0F 49 16 16,Pass,0x10,8704,0,0,0,0,0,0,0,0,0,0,0,0,16777216,0,0,0,0,0,16842752,16777216,0,0,0,0,17372165,83888404,4194435072,,,
FXLH,R118,FTPZC005P3J4,,R118-P2_P21AK-S2,,FXLH_F05-4FT-02_2_GATEKEEPER,FAIL,09-12-11:02:35,56.23,V1.1.3.0,Check_All_CB,FTPZC005P3J4,Atlas 1.9.2,FTPZC005P3J4,V1.1.3.0,1,0,0,0,0,0,0,0,0,0,0,0,0,0,0,0,0,0,0,0,0,0,0,0,0,3,0,0,0,2,0,1,1,3,0,0,0,15 00 00 00 ,FTPZC005P3J4,Pass,DLX93630032N6R52G,WMT-J90003,R118-P2_P21AK-S2_C00284,R118-P2,R118-P2_P21AK-S2,C4P9322002ZJCPV39,GV29347005EN3LN20,FM7934400JGN0LH1T+S1J,C47935307Z2MW5D2S,13 00 00 00 00 ,Pass,352,0x0160,0x03,02,1285,0x0505,A0 01 00 0B 00 0B 00 0B ,0x00,0x21,0x21,Pass,02 01 01 0F 49 16 16 ,02 01 01 0F 49 16 16,Pass,0x10,8704,0,0,0,0,0,0,0,0,0,0,0,0,16777216,0,0,0,0,0,16842752,16777216,0,0,0,0,17372165,83888404,4194435072,,,
FXLH,R118,FTPZC005P3J4,,R118-P2_P21AK-S2,,FXLH_F05-4FT-02_2_GATEKEEPER,FAIL,09-12-11:03:38,61.09,V1.1.3.0,Check_All_CB,FTPZC005P3J4,Atlas 1.9.2,FTPZC005P3J4,V1.1.3.0,1,0,0,0,0,0,0,0,0,0,0,0,0,0,0,0,0,0,0,0,0,0,0,0,0,3,0,0,0,2,0,1,1,3,0,0,0,15 00 00 00 ,FTPZC005P3J4,Pass,DLX93630032N6R52G,WMT-J90003,R118-P2_P21AK-S2_C00284,R118-P2,R118-P2_P21AK-S2,C4P9322002ZJCPV39,GV29347005EN3LN20,FM7934400JGN0LH1T+S1J,C47935307Z2MW5D2S,13 00 00 00 00 ,Pass,352,0x0160,0x03,02,1285,0x0505,A0 01 00 0B 00 0B 00 0B ,0x00,0x21,0x21,Pass,02 01 01 0F 49 16 16 ,02 01 01 0F 49 16 16,Pass,0x10,8704,0,0,0,0,0,0,0,0,0,0,0,0,16777216,0,0,0,0,0,16842752,16777216,0,0,0,0,17372165,83888404,4194435072,,,
FXLH,R118,FTPZC005P3J4,,R118-P2_P21AK-S2,,FXLH_F05-4FT-02_2_GATEKEEPER,FAIL,09-12-11:04:47,53.13,V1.1.3.0,Check_All_CB,FTPZC005P3J4,Atlas 1.9.2,FTPZC005P3J4,V1.1.3.0,1,0,0,0,0,0,0,0,0,0,0,0,0,0,0,0,0,0,0,0,0,0,0,0,0,3,0,0,0,2,0,1,1,3,0,0,0,15 00 00 00 ,FTPZC005P3J4,Pass,DLX93630032N6R52G,WMT-J90003,R118-P2_P21AK-S2_C00284,R118-P2,R118-P2_P21AK-S2,C4P9322002ZJCPV39,GV29347005EN3LN20,FM7934400JGN0LH1T+S1J,C47935307Z2MW5D2S,13 00 00 00 00 ,Pass,352,0x0160,0x03,02,1285,0x0505,A0 01 00 0B 00 0B 00 0B ,0x00,0x21,0x21,Pass,02 01 01 0F 49 16 16 ,02 01 01 0F 49 16 16,Pass,0x10,8704,0,0,0,0,0,0,0,0,0,0,0,0,16777216,0,0,0,0,0,16842752,16777216,0,0,0,0,17372165,83888404,4194435072,,,
FXLH,R118,FTPZC005P3J4,,R118-P2_P21AK-S2,,FXLH_F05-4FT-02_2_GATEKEEPER,FAIL,09-12-11:05:50,53.85,V1.1.3.0,Check_All_CB,FTPZC005P3J4,Atlas 1.9.2,FTPZC005P3J4,V1.1.3.0,1,0,0,0,0,0,0,0,0,0,0,0,0,0,0,0,0,0,0,0,0,0,0,0,0,3,0,0,0,2,0,1,1,3,0,0,0,15 00 00 00 ,FTPZC005P3J4,Pass,DLX93630032N6R52G,WMT-J90003,R118-P2_P21AK-S2_C00284,R118-P2,R118-P2_P21AK-S2,C4P9322002ZJCPV39,GV29347005EN3LN20,FM7934400JGN0LH1T+S1J,C47935307Z2MW5D2S,13 00 00 00 00 ,Pass,352,0x0160,0x03,02,1285,0x0505,A0 01 00 0B 00 0B 00 0B ,0x00,0x21,0x21,Pass,02 01 01 0F 49 16 16 ,02 01 01 0F 49 16 16,Pass,0x10,8704,0,0,0,0,0,0,0,0,0,0,0,0,16777216,0,0,0,0,0,16842752,16777216,0,0,0,0,17372165,83888404,4194435072,,,
FXLH,R118,FTPZC005P3J4,,R118-P2_P21AK-S2,,FXLH_F05-4FT-02_2_GATEKEEPER,FAIL,09-12-11:06:49,64.33,V1.1.3.0,Check_All_CB,FTPZC005P3J4,Atlas 1.9.2,FTPZC005P3J4,V1.1.3.0,1,0,0,0,0,0,0,0,0,0,0,0,0,0,0,0,0,0,0,0,0,0,0,0,0,3,0,0,0,2,0,1,1,3,0,0,0,15 00 00 00 ,FTPZC005P3J4,Pass,DLX93630032N6R52G,WMT-J90003,R118-P2_P21AK-S2_C00284,R118-P2,R118-P2_P21AK-S2,C4P9322002ZJCPV39,GV29347005EN3LN20,FM7934400JGN0LH1T+S1J,C47935307Z2MW5D2S,13 00 00 00 00 ,Pass,352,0x0160,0x03,02,1285,0x0505,A0 01 00 0B 00 0B 00 0B ,0x00,0x21,0x21,Pass,02 01 01 0F 49 16 16 ,02 01 01 0F 49 16 16,Pass,0x10,8704,0,0,0,0,0,0,0,0,0,0,0,0,16777216,0,0,0,0,0,16842752,16777216,0,0,0,0,17372165,83888404,4194435072,,,
FXLH,R118,FTPZC005P3J4,,R118-P2_P21AK-S2,,FXLH_F05-4FT-02_2_GATEKEEPER,FAIL,09-12-11:08:04,77.92,V1.1.3.0,Check_All_CB; Check_KBD_Lang,FTPZC005P3J4,Atlas 1.9.2,FTPZC005P3J4,V1.1.3.0,1,0,0,0,0,0,0,0,0,0,0,0,0,0,0,0,0,0,0,0,0,0,0,0,0,3,0,0,0,2,0,1,1,3,0,0,0,15 00 00 00 ,FTPZC005P3J4,Pass,DLX93630032N6R52G,WMT-J90003,R118-P2_P21AK-S2_C00284,R118-P2,R118-P2_P21AK-S2,C4P9322002ZJCPV39,GV29347005EN3LN20,FM7934400JGN0LH1T+S1J,C47935307Z2MW5D2S,13 00 00 00 00 ,Pass,352,0x0160,0x03,02,1285,0x0505,A0 01 00 0B 00 0B 00 0B ,0x00,0x21,0x21,Pass,95 01 B1 42 09 04 66 01 10 55 0D 15 00 27 FF FF ,02 01 01 0F 49 16 16,,0x10,8704,0,0,0,0,0,0,0,0,0,0,0,0,16777216,0,0,0,0,0,16842752,16777216,0,0,0,0,17372165,83888404,4194435072,,Fail,
