Related Test,Type,Name,Value
Scan SN,Device,serialnumber,FTPYX02HN611
Start Data Reporting,Device,softwarename,Atlas 1.9.2
Start Data Reporting,Device,serialnumber,FTPYX02HN611
Start Data Reporting,Device,softwareversion,V1.0.2.0_PK_FWDL
Start Data Reporting,Device,limitsversion,1
BUILD EVENT,Device,BUILD_EVENT,R118-P1
S_BUILD,Device,S_BUILD,R118-P1_P11EN-R1
WO_SN,Device,WO_SN,WCT-J6000F
UNIT LBL,Device,UNIT_LBL,R118-P1_P11EN-R1_C00082
Read MLB SN,Device,mlbsn,DLX92540021N6R51S
Read Main FW Version After DL,Device,STFW,0x80
