Related Test,Name-1,Name-2,Name-3,Status,Info,Measurement,Units,Upper Limit,Lower Limit,Relaxed Upper Limit,Relaxed Lower Limit,Limit Units,Start Time,End Time,Duration (s)
Scan SN,,,,,,,,,,,,,Jul 10 2019 2:18:09.5490 PM,Jul 10 2019 2:18:12.5080 PM,2.9591
Scan SN,Scan SN,AtlasApp-Hyperion,show-form,PASS,,,,,,,,,Jul 10 2019 2:18:09.5510 PM,Jul 10 2019 2:18:12.5070 PM,2.9563
Fixture init,,,,,,,,,,,,,Jul 10 2019 2:18:12.5110 PM,Jul 10 2019 2:18:19.3300 PM,6.8185
Fixture init,Fixture init,Fixture,changeDelimiter,PASS,,,,,,,,,Jul 10 2019 2:18:12.5130 PM,Jul 10 2019 2:18:12.5130 PM,0
Fixture init,Fixture init,Fixture,changeLineTerminator,PASS,,,,,,,,,Jul 10 2019 2:18:12.5140 PM,Jul 10 2019 2:18:12.5140 PM,0
Fixture init,Fixture init,Fixture,open,PASS,,,,,,,,,Jul 10 2019 2:18:12.5160 PM,Jul 10 2019 2:18:14.1130 PM,1.5969
Fixture init,Fixture init,Fixture,read,PASS,,,,,,,,,Jul 10 2019 2:18:14.1150 PM,Jul 10 2019 2:18:14.1440 PM,.0289
Fixture init,Fixture init,P203,changeDelimiter,PASS,,,,,,,,,Jul 10 2019 2:18:14.1460 PM,Jul 10 2019 2:18:14.1460 PM,0
Fixture init,Fixture init,P203,changeLineTerminator,PASS,,,,,,,,,Jul 10 2019 2:18:14.1470 PM,Jul 10 2019 2:18:14.1470 PM,0
Fixture init,Fixture init,P203,open,PASS,,,,,,,,,Jul 10 2019 2:18:14.1490 PM,Jul 10 2019 2:18:15.7430 PM,1.5936
Fixture init,Fixture init,P203,read,PASS,,,,,,,,,Jul 10 2019 2:18:15.7440 PM,Jul 10 2019 2:18:15.7730 PM,.0288
Fixture init,Fixture init,[Fixture] isReady,sendCommand,PASS,,,,,,,,,Jul 10 2019 2:18:15.7750 PM,Jul 10 2019 2:18:15.7930 PM,.0183
Fixture init,Fixture init,[Fixture] Power on,sendCommand,PASS,,,,,,,,,Jul 10 2019 2:18:15.7950 PM,Jul 10 2019 2:18:15.8120 PM,.0173
Fixture init,Fixture init,[Fixture] Engage pogo,sendCommand,PASS,,,,,,,,,Jul 10 2019 2:18:16.8800 PM,Jul 10 2019 2:18:17.2790 PM,.399
Start Data Reporting,,,,,,,,,,,,,Jul 10 2019 2:18:19.3580 PM,Jul 10 2019 2:18:19.3770 PM,.0185
Start Data Reporting,Start Data Reporting,DRCB,StartDataReporting,PASS,,,,,,,,,Jul 10 2019 2:18:19.3640 PM,Jul 10 2019 2:18:19.3760 PM,.0118
Get SFC Info,,,,,,,,,,,,,Jul 10 2019 2:18:19.3790 PM,Jul 10 2019 2:18:19.4350 PM,.056
Get SFC Info,Get SFC Info,SFCSupport,getAttributes,PASS,,,,,,,,,Jul 10 2019 2:18:19.3830 PM,Jul 10 2019 2:18:19.4140 PM,.0309
Get SFC Info,Get SFC Info,GET SFC info - pansa,DKB92620008N6780Z,PASS,,,,,,,,,Jul 10 2019 2:18:19.4150 PM,Jul 10 2019 2:18:19.4150 PM,0
Get SFC Info,Get SFC Info,SFCSupport,getAttributes-2,PASS,,,,,,,,,Jul 10 2019 2:18:19.4160 PM,Jul 10 2019 2:18:19.4190 PM,.0029
Get SFC Info,Get SFC Info,GET SFC info - sub_sn,,PASS,,,,,,,,,Jul 10 2019 2:18:19.4200 PM,Jul 10 2019 2:18:19.4200 PM,0
Get SFC Info,Get SFC Info,SFCSupport,getAttributes-3,PASS,,,,,,,,,Jul 10 2019 2:18:19.4210 PM,Jul 10 2019 2:18:19.4250 PM,.0038
Get SFC Info,Get SFC Info,GET SFC info - unit_lbl,R118-P1_P11EN-R1_C00082,PASS,,,,,,,,,Jul 10 2019 2:18:19.4250 PM,Jul 10 2019 2:18:19.4250 PM,0
Get SFC Info,Get SFC Info,SFCSupport,getAttributes-4,PASS,,,,,,,,,Jul 10 2019 2:18:19.4260 PM,Jul 10 2019 2:18:19.4290 PM,.0029
Get SFC Info,Get SFC Info,GET SFC info - wo_no,WCT-J6000F,PASS,,,,,,,,,Jul 10 2019 2:18:19.4300 PM,Jul 10 2019 2:18:19.4300 PM,0
Get SFC Info,Get SFC Info,SFCSupport,getAttributes-5,PASS,,,,,,,,,Jul 10 2019 2:18:19.4310 PM,Jul 10 2019 2:18:19.4340 PM,.0036
Get SFC Info,Get SFC Info,GET SFC info - mlb_sn,DLX92540021N6R51S,PASS,,,,,,,,,Jul 10 2019 2:18:19.4350 PM,Jul 10 2019 2:18:19.4350 PM,0
BUILD EVENT,,,,,,,,,,,,,Jul 10 2019 2:18:19.4380 PM,Jul 10 2019 2:18:19.4380 PM,.0006
BUILD EVENT,BUILD EVENT,BUILD_EVENT,R118-P1,PASS,,,,,,,,,Jul 10 2019 2:18:19.4380 PM,Jul 10 2019 2:18:19.4380 PM,0
S_BUILD,,,,,,,,,,,,,Jul 10 2019 2:18:19.4400 PM,Jul 10 2019 2:18:19.4400 PM,.0005
S_BUILD,S_BUILD,S_BUILD,R118-P1_P11EN-R1,PASS,,,,,,,,,Jul 10 2019 2:18:19.4400 PM,Jul 10 2019 2:18:19.4400 PM,0
WO_SN,,,,,,,,,,,,,Jul 10 2019 2:18:19.4420 PM,Jul 10 2019 2:18:19.4430 PM,.0007
WO_SN,WO_SN,Get wo_no Pass,,PASS,,,,,,,,,Jul 10 2019 2:18:19.4420 PM,Jul 10 2019 2:18:19.4420 PM,0
UNIT LBL,,,,,,,,,,,,,Jul 10 2019 2:18:19.4440 PM,Jul 10 2019 2:18:19.4450 PM,.0006
UNIT LBL,UNIT LBL,Get unit_lbl Pass,,PASS,,,,,,,,,Jul 10 2019 2:18:19.4450 PM,Jul 10 2019 2:18:19.4450 PM,0
Query MLB SN,,,,,,,,,,,,,Jul 10 2019 2:18:19.4460 PM,Jul 10 2019 2:18:19.4470 PM,.0005
Query MLB SN,Query MLB SN,Query MLB SN,,PASS,,,,,,,,,Jul 10 2019 2:18:19.4470 PM,Jul 10 2019 2:18:19.4470 PM,0
Read MLB SN,,,,,,,,,,,,,Jul 10 2019 2:18:19.4480 PM,Jul 10 2019 2:18:19.9290 PM,.4804
Read MLB SN,Read MLB SN,[Hid] /usr/local/bin/hidreport -p 0x026E -i 0 get 0x12,,PASS,,,,,,,,,Jul 10 2019 2:18:19.4980 PM,Jul 10 2019 2:18:19.4980 PM,0
Read MLB SN,Read MLB SN,Read MLB SN,DLX92540021N6R51S,PASS,,,,,,,,,Jul 10 2019 2:18:19.9290 PM,Jul 10 2019 2:18:19.9290 PM,0
Check MLB SN,,,,,,,,,,,,,Jul 10 2019 2:18:19.9310 PM,Jul 10 2019 2:18:19.9320 PM,.0005
Check MLB SN,Check MLB SN,Check MLB SN,,PASS,,,,,,,,,Jul 10 2019 2:18:19.9310 PM,Jul 10 2019 2:18:19.9310 PM,0
Read Main FW Version Before DL,,,,,,,,,,,,,Jul 10 2019 2:18:20.0420 PM,Jul 10 2019 2:18:20.5180 PM,.4767
Read Main FW Version Before DL,Read Main FW Version Before DL,[Hid] /usr/local/bin/hidreport -p 0x026E -i 0 get 0xB4,,PASS,,,,,,,,,Jul 10 2019 2:18:20.1320 PM,Jul 10 2019 2:18:20.1320 PM,0
Read Main FW Version Before DL,Read Main FW Version Before DL,Read FW Version Before DL,0x80,PASS,,,,,,,,,Jul 10 2019 2:18:20.5180 PM,Jul 10 2019 2:18:20.5180 PM,0
Read Main FW Version Before DL,Read Main FW Version Before DL,Read FW Version Before DL,,PASS,,128,NA,,,,,NA,Jul 10 2019 2:18:20.5180 PM,Jul 10 2019 2:18:20.5180 PM,0
Program Main FW,,,,,,,,,,,,,Jul 10 2019 2:18:20.5210 PM,Jul 10 2019 2:18:21.5930 PM,1.0724
Program Main FW,Program Main FW,"Not downloading: already contain latest STFW, version: 0x80",,PASS,,,,,,,,,Jul 10 2019 2:18:21.5930 PM,Jul 10 2019 2:18:21.5930 PM,0
Read Main FW Version After DL,,,,,,,,,,,,,Jul 10 2019 2:18:21.5950 PM,Jul 10 2019 2:18:21.5960 PM,.0006
Read Main FW Version After DL,Read Main FW Version After DL,Read FW Version After DL,,PASS,,,,,,,,,Jul 10 2019 2:18:21.5950 PM,Jul 10 2019 2:18:21.5950 PM,0
Read Main FW Version After DL,Read Main FW Version After DL,Read FW Version After DL-2,,PASS,,128,NA,128,128,,,NA,Jul 10 2019 2:18:21.5950 PM,Jul 10 2019 2:18:21.5950 PM,0
Enable all endponits,,,,,,,,,,,,,Jul 10 2019 2:18:21.5970 PM,Jul 10 2019 2:18:22.3840 PM,.7872
Enable all endponits,Enable all endponits,[Hid] /usr/local/bin/hidreport -p 0x026E -vid 0x05ac -i 0 set 0x3d 0x3d 0x13 0 0 0,,PASS,,,,,,,,,Jul 10 2019 2:18:21.6400 PM,Jul 10 2019 2:18:21.6400 PM,0
Enable all endponits,Enable all endponits,[Hid] /usr/local/bin/hidreport -p 0x026E -i 0 set 0x3e 0x3e 0x13 0 0 0 0,,PASS,,,,,,,,,Jul 10 2019 2:18:22.0700 PM,Jul 10 2019 2:18:22.0700 PM,0
Enable all endponits,Enable all endponits,Enable all endponits,,PASS,,,,,,,,,Jul 10 2019 2:18:22.3840 PM,Jul 10 2019 2:18:22.3840 PM,0
Fixture reset,,,,,,,,,,,,,Jul 10 2019 2:18:22.3860 PM,Jul 10 2019 2:18:24.1110 PM,1.7245
Fixture reset,Fixture reset,[Fixture] Retract pogo,sendCommand,PASS,,,,,,,,,Jul 10 2019 2:18:22.3880 PM,Jul 10 2019 2:18:23.0320 PM,.6447
Fixture reset,Fixture reset,Fixture,close,PASS,,,,,,,,,Jul 10 2019 2:18:24.1060 PM,Jul 10 2019 2:18:24.1070 PM,.0005
Fixture reset,Fixture reset,P203,close,PASS,,,,,,,,,Jul 10 2019 2:18:24.1080 PM,Jul 10 2019 2:18:24.1100 PM,.0024
Finish DRCB,,,,,,,,,,,,,Jul 10 2019 2:18:24.1130 PM,Jul 10 2019 2:18:24.2650 PM,.1519
Finish DRCB,Finish DRCB,DRCB,Finish,PASS,,,,,,,,,Jul 10 2019 2:18:24.1140 PM,Jul 10 2019 2:18:24.2640 PM,.1496
