Test,Plugin,Command,Status,Info,Start Time,End Time,Duration (s)
Scan SN,com.apple.hwte.atlas.AppPlugin,show-form,PASS,,Jul 10 2019 2:18:09.5510 PM,Jul 10 2019 2:18:12.5070 PM,2.9564
Fixture init,Fixture,changeDelimiter,PASS,,Jul 10 2019 2:18:12.5130 PM,Jul 10 2019 2:18:12.5130 PM,.0001
Fixture init,Fixture,changeLineTerminator,PASS,,Jul 10 2019 2:18:12.5140 PM,Jul 10 2019 2:18:12.5140 PM,0
Fixture init,Fixture,open,PASS,,Jul 10 2019 2:18:12.5160 PM,Jul 10 2019 2:18:14.1130 PM,1.5969
Fixture init,Fixture,read,PASS,,Jul 10 2019 2:18:14.1150 PM,Jul 10 2019 2:18:14.1440 PM,.0289
Fixture init,P203,changeDelimiter,PASS,,Jul 10 2019 2:18:14.1460 PM,Jul 10 2019 2:18:14.1460 PM,.0001
Fixture init,P203,changeLineTerminator,PASS,,Jul 10 2019 2:18:14.1470 PM,Jul 10 2019 2:18:14.1470 PM,0
Fixture init,P203,open,PASS,,Jul 10 2019 2:18:14.1490 PM,Jul 10 2019 2:18:15.7430 PM,1.5937
Fixture init,P203,read,PASS,,Jul 10 2019 2:18:15.7440 PM,Jul 10 2019 2:18:15.7730 PM,.0288
Fixture init,Fixture,sendCommand,PASS,,Jul 10 2019 2:18:15.7750 PM,Jul 10 2019 2:18:15.7930 PM,.0183
Fixture init,Fixture,sendCommand,PASS,,Jul 10 2019 2:18:15.7950 PM,Jul 10 2019 2:18:15.8120 PM,.0173
Fixture init,Fixture,sendCommand,PASS,,Jul 10 2019 2:18:16.8800 PM,Jul 10 2019 2:18:17.2790 PM,.399
Start Data Reporting,DRCB,startDataReporting,PASS,,Jul 10 2019 2:18:19.3640 PM,Jul 10 2019 2:18:19.3760 PM,.0118
Get SFC Info,SFCSupport,getAttribute,PASS,,Jul 10 2019 2:18:19.3830 PM,Jul 10 2019 2:18:19.4140 PM,.0309
Get SFC Info,SFCSupport,getAttribute,PASS,,Jul 10 2019 2:18:19.4160 PM,Jul 10 2019 2:18:19.4190 PM,.003
Get SFC Info,SFCSupport,getAttribute,PASS,,Jul 10 2019 2:18:19.4210 PM,Jul 10 2019 2:18:19.4250 PM,.0038
Get SFC Info,SFCSupport,getAttribute,PASS,,Jul 10 2019 2:18:19.4260 PM,Jul 10 2019 2:18:19.4290 PM,.0029
Get SFC Info,SFCSupport,getAttribute,PASS,,Jul 10 2019 2:18:19.4310 PM,Jul 10 2019 2:18:19.4340 PM,.0036
Fixture reset,Fixture,sendCommand,PASS,,Jul 10 2019 2:18:22.3880 PM,Jul 10 2019 2:18:23.0320 PM,.6448
Fixture reset,Fixture,close,PASS,,Jul 10 2019 2:18:24.1060 PM,Jul 10 2019 2:18:24.1070 PM,.0005
Fixture reset,P203,close,PASS,,Jul 10 2019 2:18:24.1080 PM,Jul 10 2019 2:18:24.1100 PM,.0024
Finish DRCB,DRCB,finish,PASS,,Jul 10 2019 2:18:24.1140 PM,Jul 10 2019 2:18:24.2640 PM,.1496
