GATEKEEPER,V2.2.3.2
Site, Product, SerialNumber, Special Build Name, Special Build Description, Unit Number, Station ID, Test Pass/Fail Status, StartTime, EndTime, Version, List of Failing Tests,Scan_FG_SN,Start Data Reporting,Start Data Reporting,Start Data Reporting,Start Data Reporting,Check_All_CB - CB_STATUS_MLB-FCT,Check_All_CB - ABS_ERASE_MLB-FCT,Check_All_CB - ABS_FAIL_MLB-FCT,Check_All_CB - REL_FAIL_MLB-FCT,Check_All_CB - CB_STATUS_TEST1,Check_All_CB - ABS_ERASE_TEST1,Check_All_CB - ABS_FAIL_TEST1,Check_All_CB - REL_FAIL_TEST1,Check_All_CB - CB_STATUS_QT0,Check_All_CB - ABS_ERASE_QT0,Check_All_CB - ABS_FAIL_QT0,Check_All_CB - REL_FAIL_QT0,Check_All_CB - CB_STATUS_DFU2-FTW,Check_All_CB - ABS_ERASE_DFU2-FTW,Check_All_CB - ABS_FAIL_DFU2-FTW,Check_All_CB - REL_FAIL_DFU2-FTW,Check_All_CB - CB_STATUS_QT1,Check_All_CB - ABS_ERASE_QT1,Check_All_CB - ABS_FAIL_QT1,Check_All_CB - REL_FAIL_QT1,Check_All_CB - CB_STATUS_LED-TEST,Check_All_CB - ABS_ERASE_LED-TEST,Check_All_CB - ABS_FAIL_LED-TEST,Check_All_CB - REL_FAIL_LED-TEST,Check_All_CB - CB_STATUS_KEY-FORCE,Check_All_CB - ABS_ERASE_KEY-FORCE,Check_All_CB - ABS_FAIL_KEY-FORCE,Check_All_CB - REL_FAIL_KEY-FORCE,Check_All_CB - CB_STATUS_TEST2,Check_All_CB - ABS_ERASE_TEST2,Check_All_CB - ABS_FAIL_TEST2,Check_All_CB - REL_FAIL_TEST2,Check_All_CB - CB_STATUS_MMI,Check_All_CB - ABS_ERASE_MMI,Check_All_CB - ABS_FAIL_MMI,Check_All_CB - REL_FAIL_MMI,Check_All_CB - CB_STATUS_SW-DOWNLOAD,Check_All_CB - ABS_ERASE_SW-DOWNLOAD,Check_All_CB - ABS_FAIL_SW-DOWNLOAD,Check_All_CB - REL_FAIL_SW-DOWNLOAD,Check_Bootargs_Status,Read_FG_SN,Compare_FG_SN,MLB_SN,WO_SN,UNIT_LBL,BUILD_EVENT,S_BUILD,KBM_SN,BACKLIGHT_SN,TRACKPAD_SN,TOUCH_FLEX_SN,Check_EP_Status,EP_Enable_All,STFW - STFW,STFW,Read_HW_Version - Read_HW_Version,Read_HW_Version,GreenPAK_ID - GreenPAK_ID,GreenPAK_ID,TOUCH_FW - TOUCH_FW,TOUCH_FW,Read_CCG3_FW,Production_Signed_Check - Production_Signed_Check,Production_Signed_Check,Read_KBD_HW_Layout - Read_KBD_HW_Layout,Read_KBD_HW_Layout,Get_KBD_HW_Layout - Read_KBD_HW_Layout,Get_KBD_HW_Layout,Compare_KBD_HW_Layout,Read_MLB_Lang,Get_KBD_Lang,Check_KBD_Lang,Read_MFI_Address - Read_MFI_Address,Read_MFI_Address,System_Critical_Errors - CRIT_ERR_E1_PART1,System_Critical_Errors - CRIT_ERR_E1_PART2,FW_Update_Critical_Errors - CRIT_ERR_E2_PART1,FW_Update_Critical_Errors - CRIT_ERR_E2_PART2,FW_Update_Critical_Errors - CRIT_ERR_E2_PART3,Key_Scan_Critical_Errors - CRIT_ERR_E7_PART1,Key_Scan_Critical_Errors - CRIT_ERR_E7_PART2,Key_Scan_Critical_Errors - CRIT_ERR_E7_PART3,Key_Scan_Critical_Errors - CRIT_ERR_E7_PART4,USBC_Critical_Errors - CRIT_ERR_E3_PART1,USBC_Critical_Errors - CRIT_ERR_E3_PART2,USBC_Critical_Errors - CRIT_ERR_E3_PART3,USBC_Critical_Errors - CRIT_ERR_E3_PART4,Grape_Critical_Errors - CRIT_ERR_E5_PART1,Grape_Critical_Errors - CRIT_ERR_E5_PART2,Grape_Critical_Errors - CRIT_ERR_E5_PART3,Grape_Critical_Errors - CRIT_ERR_E5_PART4,Grape_Critical_Errors - CRIT_ERR_E5_PART5,Grape_Critical_Errors - CRIT_ERR_E5_PART6,Grape_Critical_Errors - CRIT_ERR_E5_PART7,Grape_Critical_Errors - CRIT_ERR_E5_PART8,Grape_Critical_Errors - CRIT_ERR_E5_PART9,Grape_Critical_Errors - CRIT_ERR_E5_PART10,Critical_Errors_Summary - CRIT_ERR_E0_PART1,Backlight_Critical_Errors - BL_CRI_ERR_PART1,Grape_Connector_Self_Critical_Errors - CRIT_ERR_D3_PART1,Grape_Connector_Self_Critical_Errors - CRIT_ERR_D3_PART2,Grape_Connector_Self_Critical_Errors - CRIT_ERR_D3_PART3,
Upper Limited-------->,,,,,,,,,,,,,,,,,3,,,,3,,,,3,,,,3,,,,3,,,,3,,,,3,,,,3,,,,3,,,,3,,,,,,,,,,,,,,,,,,352,,3,,2,,1285,,,0,,33,,33,,,,,,16,,,,,,,,,,,,,,,,,,,,,,,,,,,,,,
Lower Limited-------->,,,,,,,,,,,,,,,,,3,,,,3,,,,3,,,,3,,,,3,,,,3,,,,3,,,,3,,,,3,,,,3,,,,,,,,,,,,,,,,,,352,,3,,2,,1285,,,0,,33,,33,,,,,,16,,,,,,,,,,,,,,,,,,,,,,,,,,,,,,
Measurement Units---->,,,,,,,,,,,,,,,,,,,,,,,,,,,,,,,,,,,,,,,,,,,,,,,,,,,,,,,,,,,,,,,,,,,,,,,,,,,,,,,,,,,,,,,,,,,,,,,,,,,,,,,,,,,,,,,,,,,,,,,,
FXLH,R128,FTPZD00EP3M1,,R128-P2_P22ATH-S2,,FXLH_F05-4FT-01_3_GATEKEEPER,FAIL,09-17-16:50:19,70.46,V2.2.3.2,Check_All_CB,FTPZD00EP3M1,Atlas 1.9.2,FTPZD00EP3M1,V2.2.3.2,1,0,0,0,0,0,0,0,0,0,0,0,0,3,0,0,0,3,0,0,0,3,0,1,1,0,0,0,0,3,0,0,0,2,0,1,1,3,0,0,0,15 00 00 00 ,FTPZD00EP3M1,Pass,DLX9373002AN4732Y,WCR-J90003,R128-P2_P22ATH-S2_C01055,R128-P2,R128-P2_P22ATH-S2,C4P93150057JCT336,GV29357004AN5TG2M,FM7934700DRKG9X4Z+S5J,C479355069WJFK02W,13 00 00 00 01 ,13 00 00 00 00,352,0x0160,3,0x03,2,02,1285,0x0505,A0 02 00 0B 00 0B 00 0B ,0,0x00,33,0x21,33,0x21,Pass,02 01 01 21 49 16 16 ,02 01 01 21 49 16 16,Read_MLB_Lang :02 01 01 21 49 16 16  ,  Get_KBD_Lang :02 01 01 21 49 16 16,16,0x10,8704,0,0,0,0,0,0,0,0,0,0,0,0,16777216,0,0,0,0,0,16842752,16777216,0,0,0,0,17437701,83888660,570621952,
FXLH,R128,FTPZD008P3M1,,R128-P2_P22ATH-S2,,FXLH_F05-4FT-01_3_GATEKEEPER,FAIL,09-17-16:53:12,49.97,V2.2.3.2,Check_All_CB,FTPZD008P3M1,Atlas 1.9.2,FTPZD008P3M1,V2.2.3.2,1,0,0,0,0,0,0,0,0,0,0,0,0,3,0,0,0,0,0,0,0,3,0,0,0,0,0,0,0,3,0,0,0,2,0,1,1,3,0,0,0,15 00 00 00 ,FTPZD008P3M1,Pass,DLX9373001HN4732U,WCR-J90003,R128-P2_P22ATH-S2_C01049,R128-P2,R128-P2_P22ATH-S2,C4P9315001YJCT33T,GV293570048N5TG2P,FM7934700KPKG9X4H+S5J,C479355064UJFK02D,13 00 00 00 01 ,13 00 00 00 00,352,0x0160,3,0x03,2,02,1285,0x0505,A0 02 00 0B 00 0B 00 0B ,0,0x00,33,0x21,33,0x21,Pass,02 01 01 21 49 16 16 ,02 01 01 21 49 16 16,Read_MLB_Lang :02 01 01 21 49 16 16  ,  Get_KBD_Lang :02 01 01 21 49 16 16,16,0x10,8704,0,0,0,0,0,0,0,0,0,0,0,0,16777216,0,0,0,0,0,16842752,16777216,0,0,0,0,17437701,83888660,570621952,
FXLH,R128,FTPZD006P3M1,,R128-P2_P22ATH-S2,,FXLH_F05-4FT-01_3_GATEKEEPER,FAIL,09-17-16:57:15,45.57,V2.2.3.2,Check_All_CB,FTPZD006P3M1,Atlas 1.9.2,FTPZD006P3M1,V2.2.3.2,1,0,0,0,0,0,0,0,0,0,0,0,0,3,0,0,0,0,0,0,0,3,0,0,0,0,0,0,0,3,0,0,0,3,0,0,0,3,0,0,0,15 00 00 00 ,FTPZD006P3M1,Pass,DLX9373001XN4732E,WCR-J90003,R128-P2_P22ATH-S2_C01047,R128-P2,R128-P2_P22ATH-S2,C4P93150048JCT338,GV29357004GN5TG2F,FM7934700JGKG9X4T+S5J,C47935506D2JFK02C,13 00 00 00 01 ,13 00 00 00 00,352,0x0160,3,0x03,2,02,1285,0x0505,A0 02 00 0B 00 0B 00 0B ,0,0x00,33,0x21,33,0x21,Pass,02 01 01 21 49 16 16 ,02 01 01 21 49 16 16,Read_MLB_Lang :02 01 01 21 49 16 16  ,  Get_KBD_Lang :02 01 01 21 49 16 16,16,0x10,8704,0,0,0,0,0,0,0,0,0,0,0,0,16777216,0,0,0,0,0,16842752,16777216,0,0,0,0,17437701,83888660,570621952,
FXLH,R128,FTPZD00CP3M1,,R128-P2_P22ATH-S2,,FXLH_F05-4FT-01_3_GATEKEEPER,FAIL,09-17-17:03:16,45.61,V2.2.3.2,Check_All_CB,FTPZD00CP3M1,Atlas 1.9.2,FTPZD00CP3M1,V2.2.3.2,1,0,0,0,0,0,0,0,0,0,0,0,0,3,0,0,0,0,0,0,0,3,0,0,0,0,0,0,0,3,0,0,0,2,0,1,1,3,0,0,0,15 00 00 00 ,FTPZD00CP3M1,Pass,DLX9373001KN4732S,WCR-J90003,R128-P2_P22ATH-S2_C01053,R128-P2,R128-P2_P22ATH-S2,C4P93150037JCT33C,GV29357004JN5TG2D,FM7934700G5KG9X4A+S5J,C47935505TWJFK02B,13 00 00 00 01 ,13 00 00 00 00,352,0x0160,3,0x03,2,02,1285,0x0505,A0 02 00 0B 00 0B 00 0B ,0,0x00,33,0x21,33,0x21,Pass,02 01 01 21 49 16 16 ,02 01 01 21 49 16 16,Read_MLB_Lang :02 01 01 21 49 16 16  ,  Get_KBD_Lang :02 01 01 21 49 16 16,16,0x10,8704,0,0,0,0,0,0,0,0,0,0,0,0,16777216,0,0,0,0,0,16842752,16777216,0,0,0,0,17437701,83888660,570621952,
FXLH,R128,FTPZD007P3M1,,R128-P2_P22ATH-S2,,FXLH_F05-4FT-01_3_GATEKEEPER,FAIL,09-17-17:08:07,43.76,V2.2.3.2,Check_All_CB,FTPZD007P3M1,Atlas 1.9.2,FTPZD007P3M1,V2.2.3.2,1,0,0,0,0,0,0,0,0,0,0,0,0,3,0,0,0,3,0,0,0,3,0,0,0,0,0,0,0,3,0,0,0,2,0,1,1,3,0,0,0,15 00 00 00 ,FTPZD007P3M1,Pass,DLX9373002CN4732W,WCR-J90003,R128-P2_P22ATH-S2_C01048,R128-P2,R128-P2_P22ATH-S2,C4P9315005TJCT33L,GV293570065N5TG2L,FM7934700BXKG9X4Z+S5J,C479355064QJFK02H,13 00 00 00 01 ,13 00 00 00 00,352,0x0160,3,0x03,2,02,1285,0x0505,A0 02 00 0B 00 0B 00 0B ,0,0x00,33,0x21,33,0x21,Pass,02 01 01 21 49 16 16 ,02 01 01 21 49 16 16,Read_MLB_Lang :02 01 01 21 49 16 16  ,  Get_KBD_Lang :02 01 01 21 49 16 16,16,0x10,8704,0,0,0,0,0,0,0,0,0,0,0,0,16777216,0,0,0,0,0,16842752,16777216,0,0,0,0,17437701,83888660,570621952,
FXLH,R128,FTPZD01NP3LY,,R128-P2_P22AEN-S4,,FXLH_F05-4FT-01_3_GATEKEEPER,FAIL,09-17-17:50:24,53.12,V2.2.3.2,Check_All_CB,FTPZD01NP3LY,Atlas 1.9.2,FTPZD01NP3LY,V2.2.3.2,1,0,0,0,0,0,0,0,0,1,0,14,14,3,0,0,0,1,0,0,0,3,0,0,0,0,0,0,0,3,0,0,0,2,0,3,3,3,0,0,0,15 00 00 00 ,FTPZD01NP3LY,Pass,DLX9373001RN4732L,WCR-J90005,R128-P2_P22AEN-S4_C01072,R128-P2,R128-P2_P22AEN-S4,C4P93150085JCPQ3Q,GV2937300APN5TG2N,FM7934700CVKG9X4Y+S5J,CR1935600C9JFK01T,13 00 00 00 01 ,13 00 00 00 00,352,0x0160,3,0x03,2,02,1285,0x0505,A0 02 00 0B 00 0B 00 0B ,0,0x00,33,0x21,33,0x21,Pass,02 01 01 05 49 ,02 01 01 05 49,Read_MLB_Lang :02 01 01 05 49  ,  Get_KBD_Lang :02 01 01 05 49,16,0x10,8704,0,0,0,0,0,0,0,0,0,0,0,0,16777216,0,0,0,0,0,16842752,16777216,0,0,0,0,17437701,83888660,570621952,
FXLH,R128,FTPZD04LP3LY,,R128-P2_P22AEN-M1,,FXLH_F05-4FT-01_3_GATEKEEPER,FAIL,09-17-18:08:55,57.85,V2.2.3.2,Check_All_CB,FTPZD04LP3LY,Atlas 1.9.2,FTPZD04LP3LY,V2.2.3.2,1,3,0,0,0,3,0,0,0,3,0,1,1,3,0,0,0,3,0,0,0,3,0,0,0,0,0,0,0,3,0,0,0,3,0,0,0,3,0,0,0,15 00 00 00 ,FTPZD04LP3LY,Pass,DLX9375002ZN47327,WCR-J90007,R128-P2_P22AEN-M1_C01088,R128-P2,R128-P2_P22AEN-M1,C4P9315004JJCPQ3P,GV29373001NN5TG2G,FM79363006PKG9X4L+M5J,CR193560012JFK01Z,13 00 00 00 01 ,13 00 00 00 00,352,0x0160,3,0x03,2,02,1285,0x0505,A0 02 00 0B 00 0B 00 0B ,0,0x00,33,0x21,33,0x21,Pass,02 01 01 05 49 ,02 01 01 05 49,Read_MLB_Lang :02 01 01 05 49  ,  Get_KBD_Lang :02 01 01 05 49,16,0x10,8704,0,0,0,0,0,0,0,0,0,0,0,0,16777216,0,0,0,0,0,16842752,16777216,0,0,0,0,17437701,83888660,570621952,
