GATEKEEPER,V2.2.3.2
Site, Product, SerialNumber, Special Build Name, Special Build Description, Unit Number, Station ID, Test Pass/Fail Status, StartTime, EndTime, Version, List of Failing Tests,Scan_FG_SN,Start Data Reporting,Start Data Reporting,Start Data Reporting,Start Data Reporting,Check_All_CB - CB_STATUS_MLB-FCT,Check_All_CB - ABS_ERASE_MLB-FCT,Check_All_CB - ABS_FAIL_MLB-FCT,Check_All_CB - REL_FAIL_MLB-FCT,Check_All_CB - CB_STATUS_TEST1,Check_All_CB - ABS_ERASE_TEST1,Check_All_CB - ABS_FAIL_TEST1,Check_All_CB - REL_FAIL_TEST1,Check_All_CB - CB_STATUS_QT0,Check_All_CB - ABS_ERASE_QT0,Check_All_CB - ABS_FAIL_QT0,Check_All_CB - REL_FAIL_QT0,Check_All_CB - CB_STATUS_DFU2-FTW,Check_All_CB - ABS_ERASE_DFU2-FTW,Check_All_CB - ABS_FAIL_DFU2-FTW,Check_All_CB - REL_FAIL_DFU2-FTW,Check_All_CB - CB_STATUS_QT1,Check_All_CB - ABS_ERASE_QT1,Check_All_CB - ABS_FAIL_QT1,Check_All_CB - REL_FAIL_QT1,Check_All_CB - CB_STATUS_LED-TEST,Check_All_CB - ABS_ERASE_LED-TEST,Check_All_CB - ABS_FAIL_LED-TEST,Check_All_CB - REL_FAIL_LED-TEST,Check_All_CB - CB_STATUS_KEY-FORCE,Check_All_CB - ABS_ERASE_KEY-FORCE,Check_All_CB - ABS_FAIL_KEY-FORCE,Check_All_CB - REL_FAIL_KEY-FORCE,Check_All_CB - CB_STATUS_TEST2,Check_All_CB - ABS_ERASE_TEST2,Check_All_CB - ABS_FAIL_TEST2,Check_All_CB - REL_FAIL_TEST2,Check_All_CB - CB_STATUS_MMI,Check_All_CB - ABS_ERASE_MMI,Check_All_CB - ABS_FAIL_MMI,Check_All_CB - REL_FAIL_MMI,Check_All_CB - CB_STATUS_SW-DOWNLOAD,Check_All_CB - ABS_ERASE_SW-DOWNLOAD,Check_All_CB - ABS_FAIL_SW-DOWNLOAD,Check_All_CB - REL_FAIL_SW-DOWNLOAD,Check_Bootargs_Status,Read_FG_SN,Compare_FG_SN,MLB_SN,WO_SN,UNIT_LBL,BUILD_EVENT,S_BUILD,KBM_SN,BACKLIGHT_SN,TRACKPAD_SN,TOUCH_FLEX_SN,Check_EP_Status,EP_Enable_All,STFW - STFW,STFW,Read_HW_Version - Read_HW_Version,Read_HW_Version,GreenPAK_ID - GreenPAK_ID,GreenPAK_ID,TOUCH_FW - TOUCH_FW,TOUCH_FW,Read_CCG3_FW,Production_Signed_Check - Production_Signed_Check,Production_Signed_Check,Read_KBD_HW_Layout - Read_KBD_HW_Layout,Read_KBD_HW_Layout,Get_KBD_HW_Layout - Read_KBD_HW_Layout,Get_KBD_HW_Layout,Compare_KBD_HW_Layout,Read_MLB_Lang,Get_KBD_Lang,Check_KBD_Lang,Read_MFI_Address - Read_MFI_Address,Read_MFI_Address,System_Critical_Errors - CRIT_ERR_E1_PART1,System_Critical_Errors - CRIT_ERR_E1_PART2,FW_Update_Critical_Errors - CRIT_ERR_E2_PART1,FW_Update_Critical_Errors - CRIT_ERR_E2_PART2,FW_Update_Critical_Errors - CRIT_ERR_E2_PART3,Key_Scan_Critical_Errors - CRIT_ERR_E7_PART1,Key_Scan_Critical_Errors - CRIT_ERR_E7_PART2,Key_Scan_Critical_Errors - CRIT_ERR_E7_PART3,Key_Scan_Critical_Errors - CRIT_ERR_E7_PART4,USBC_Critical_Errors - CRIT_ERR_E3_PART1,USBC_Critical_Errors - CRIT_ERR_E3_PART2,USBC_Critical_Errors - CRIT_ERR_E3_PART3,USBC_Critical_Errors - CRIT_ERR_E3_PART4,Grape_Critical_Errors - CRIT_ERR_E5_PART1,Grape_Critical_Errors - CRIT_ERR_E5_PART2,Grape_Critical_Errors - CRIT_ERR_E5_PART3,Grape_Critical_Errors - CRIT_ERR_E5_PART4,Grape_Critical_Errors - CRIT_ERR_E5_PART5,Grape_Critical_Errors - CRIT_ERR_E5_PART6,Grape_Critical_Errors - CRIT_ERR_E5_PART7,Grape_Critical_Errors - CRIT_ERR_E5_PART8,Grape_Critical_Errors - CRIT_ERR_E5_PART9,Grape_Critical_Errors - CRIT_ERR_E5_PART10,Critical_Errors_Summary - CRIT_ERR_E0_PART1,Backlight_Critical_Errors - BL_CRI_ERR_PART1,Grape_Connector_Self_Critical_Errors - CRIT_ERR_D3_PART1,Grape_Connector_Self_Critical_Errors - CRIT_ERR_D3_PART2,Grape_Connector_Self_Critical_Errors - CRIT_ERR_D3_PART3,
Upper Limited-------->,,,,,,,,,,,,,,,,,3,,,,3,,,,3,,,,3,,,,3,,,,3,,,,3,,,,3,,,,3,,,,3,,,,,,,,,,,,,,,,,,352,,3,,2,,1285,,,0,,33,,33,,,,,,16,,,,,,,,,,,,,,,,,,,,,,,,,,,,,,
Lower Limited-------->,,,,,,,,,,,,,,,,,3,,,,3,,,,3,,,,3,,,,3,,,,3,,,,3,,,,3,,,,3,,,,3,,,,,,,,,,,,,,,,,,352,,3,,2,,1285,,,0,,33,,33,,,,,,16,,,,,,,,,,,,,,,,,,,,,,,,,,,,,,
Measurement Units---->,,,,,,,,,,,,,,,,,,,,,,,,,,,,,,,,,,,,,,,,,,,,,,,,,,,,,,,,,,,,,,,,,,,,,,,,,,,,,,,,,,,,,,,,,,,,,,,,,,,,,,,,,,,,,,,,,,,,,,,,
FXLH,R128,FTPZD014P3M1,,R128-P2_P22ATH-M2,,FXLH_F05-4FT-01_3_GATEKEEPER,FAIL,09-18-18:03:26,72.07,V2.2.3.2,Check_All_CB,FTPZD014P3M1,Atlas 1.9.2,FTPZD014P3M1,V2.2.3.2,1,3,0,0,0,3,0,0,0,3,0,1,1,3,0,0,0,3,0,0,0,3,0,0,0,0,0,0,0,3,0,0,0,3,0,0,0,3,0,0,0,15 00 00 00 ,FTPZD014P3M1,Pass,DLX9375005SN47325,WCR-J90008,R128-P2_P22ATH-M2_C01139,R128-P2,R128-P2_P22ATH-M2,C4P9315001RJCT330,GV29373006NN5TG21,FM79363008HKG9X4L+M5J,C47935505RWJFK02H,13 00 00 00 00 ,13 00 00 00 00,352,0x0160,3,0x03,2,02,1285,0x0505,A0 02 00 0B 00 0B 00 0B ,0,0x00,33,0x21,33,0x21,Pass,02 01 01 21 49 16 16 ,02 01 01 21 49 16 16,Read_MLB_Lang :02 01 01 21 49 16 16  ,  Get_KBD_Lang :02 01 01 21 49 16 16,16,0x10,8704,0,0,0,0,0,0,0,0,0,0,0,0,16777216,0,0,0,0,0,16842752,16777216,0,0,0,0,17437701,83888660,570621952,
FXLH,R128,FTPZD014P3M1,,R128-P2_P22ATH-M2,,FXLH_F05-4FT-01_3_GATEKEEPER,FAIL,09-18-18:04:51,48.94,V2.2.3.2,Check_All_CB,FTPZD014P3M1,Atlas 1.9.2,FTPZD014P3M1,V2.2.3.2,1,3,0,0,0,3,0,0,0,3,0,1,1,3,0,0,0,3,0,0,0,3,0,0,0,0,0,0,0,3,0,0,0,3,0,0,0,3,0,0,0,15 00 00 00 ,FTPZD014P3M1,Pass,DLX9375005SN47325,WCR-J90008,R128-P2_P22ATH-M2_C01139,R128-P2,R128-P2_P22ATH-M2,C4P9315001RJCT330,GV29373006NN5TG21,FM79363008HKG9X4L+M5J,C47935505RWJFK02H,13 00 00 00 00 ,13 00 00 00 00,352,0x0160,3,0x03,2,02,1285,0x0505,A0 02 00 0B 00 0B 00 0B ,0,0x00,33,0x21,33,0x21,Pass,02 01 01 21 49 16 16 ,02 01 01 21 49 16 16,Read_MLB_Lang :02 01 01 21 49 16 16  ,  Get_KBD_Lang :02 01 01 21 49 16 16,16,0x10,8704,0,0,0,0,0,0,0,0,0,0,0,0,16777216,0,0,0,0,0,16842752,16777216,0,0,0,0,17437701,83888660,570621952,
FXLH,R128,FTPZD03CP3LY,,R128-P2_P22AEN-M3,,FXLH_F05-4FT-01_3_GATEKEEPER,FAIL,09-18-19:18:34,48.63,V2.2.3.2,Check_All_CB,FTPZD03CP3LY,Atlas 1.9.2,FTPZD03CP3LY,V2.2.3.2,1,3,0,0,0,3,0,0,0,1,0,3,3,3,0,0,0,3,0,0,0,3,0,0,0,0,0,0,0,3,0,0,0,3,0,0,0,3,0,0,0,15 00 00 00 ,FTPZD03CP3LY,Pass,DLX93760067N4732L,WCR-J90009,R128-P2_P22AEN-M3_C01155,R128-P2,R128-P2_P22AEN-M3,C4P931500KKJCPQ3B,GV29373009GN5TG2Y,FM7936300ZBKG9X4K+R1J,CR1935600PYJFK015,13 00 00 00 01 ,13 00 00 00 00,352,0x0160,3,0x03,2,02,1285,0x0505,A0 02 00 0B 00 0B 00 0B ,0,0x00,33,0x21,33,0x21,Pass,02 01 01 05 49 ,02 01 01 05 49,Read_MLB_Lang :02 01 01 05 49  ,  Get_KBD_Lang :02 01 01 05 49,16,0x10,8704,0,0,0,0,0,0,0,0,0,0,0,0,16777216,0,0,0,0,0,16842752,16777216,0,0,0,0,17437701,83888660,570621952,
FXLH,R128,FTPZD00ZP3M1,,R128-P2_P22ATH-M2,,FXLH_F05-4FT-01_3_GATEKEEPER,FAIL,09-19-09:37:45,49.30,V2.2.3.2,Check_All_CB,FTPZD00ZP3M1,Atlas 1.9.2,FTPZD00ZP3M1,V2.2.3.2,1,3,0,0,0,3,0,0,0,3,0,5,5,3,0,0,0,3,0,0,0,3,0,0,0,0,0,0,0,3,0,0,0,3,0,0,0,3,0,0,0,15 00 00 00 ,FTPZD00ZP3M1,Pass,DLX9375005JN4732D,WCR-J90008,R128-P2_P22ATH-M2_C01134,R128-P2,R128-P2_P22ATH-M2,C4P9315002YJCT33Q,GV29373004LN5TG29,FM79363004CKG9X43+M5J,C47935505YLJFK026,13 00 00 00 01 ,13 00 00 00 00,352,0x0160,3,0x03,2,02,1285,0x0505,A0 02 00 0B 00 0B 00 0B ,0,0x00,33,0x21,33,0x21,Pass,02 01 01 21 49 16 16 ,02 01 01 21 49 16 16,Read_MLB_Lang :02 01 01 21 49 16 16  ,  Get_KBD_Lang :02 01 01 21 49 16 16,16,0x10,8704,0,0,0,0,0,0,0,0,0,0,0,0,16777216,0,0,0,0,0,16842752,16777216,0,0,0,0,17437701,83888660,570621952,
FXLH,R128,FTPZD03LP3LY,,R128-P2_P22AEN-M4,,FXLH_F05-4FT-01_3_GATEKEEPER,FAIL,09-19-09:43:20,53.71,V2.2.3.2,Check_All_CB,FTPZD03LP3LY,Atlas 1.9.2,FTPZD03LP3LY,V2.2.3.2,1,3,0,0,0,3,0,0,0,3,0,0,0,3,0,0,0,3,0,4,4,3,0,0,0,0,0,0,0,3,0,0,0,3,0,0,0,3,0,0,0,15 00 00 00 ,FTPZD03LP3LY,Pass,DLX93750050N4732X,WCR-J9000A,R128-P2_P22AEN-M4_C01163,R128-P2,R128-P2_P22AEN-M4,C4P9315006AJCPQ3R,GV29373009NN5TG2S,FM7936301M0KG9X4X+R2J,C47935505UQJFK02E,13 00 00 00 01 ,13 00 00 00 00,352,0x0160,3,0x03,2,02,1285,0x0505,A0 02 00 0B 00 0B 00 0B ,0,0x00,33,0x21,33,0x21,Pass,02 01 01 05 49 ,02 01 01 05 49,Read_MLB_Lang :02 01 01 05 49  ,  Get_KBD_Lang :02 01 01 05 49,16,0x10,8704,0,0,0,0,0,0,0,0,0,0,0,0,16777216,0,0,0,0,0,16842752,16777216,0,0,0,0,17437701,83888660,570621952,
FXLH,R128,FTPZD03VP3LY,,R128-P2_P22AEN-M4,,FXLH_F05-4FT-01_3_GATEKEEPER,FAIL,09-19-10:27:07,53.22,V2.2.3.2,Check_All_CB,FTPZD03VP3LY,Atlas 1.9.2,FTPZD03VP3LY,V2.2.3.2,1,3,0,0,0,3,0,0,0,3,0,0,0,3,0,0,0,3,0,1,1,3,0,0,0,0,0,0,0,3,0,0,0,3,0,0,0,3,0,0,0,15 00 00 00 ,FTPZD03VP3LY,Pass,DLX9375004KN4732F,WCR-J9000A,R128-P2_P22AEN-M4_C01172,R128-P2,R128-P2_P22AEN-M4,C4P931500ZGJCPQ36,GV29373009VN5TG2K,FM7936301MNKG9X49+R2J,C4793550624JFK029,13 00 00 00 01 ,13 00 00 00 00,352,0x0160,3,0x03,2,02,1285,0x0505,A0 02 00 0B 00 0B 00 0B ,0,0x00,33,0x21,33,0x21,Pass,02 01 01 05 49 ,02 01 01 05 49,Read_MLB_Lang :02 01 01 05 49  ,  Get_KBD_Lang :02 01 01 05 49,16,0x10,8704,0,0,0,0,0,0,0,0,0,0,0,0,16777216,0,0,0,0,0,16842752,16777216,0,0,0,0,17437701,83888660,570621952,
FXLH,R128,FTPZD03MP3LY,,R128-P2_P22AEN-M4,,FXLH_F05-4FT-01_3_GATEKEEPER,FAIL,09-19-10:50:52,40.69,V2.2.3.2,Check_All_CB,FTPZD03MP3LY,Atlas 1.9.2,FTPZD03MP3LY,V2.2.3.2,1,3,0,0,0,3,0,0,0,3,0,1,1,3,0,0,0,3,0,0,0,3,0,0,0,0,0,0,0,3,0,0,0,3,0,0,0,3,0,0,0,15 00 00 00 ,FTPZD03MP3LY,Pass,DLX9375004XN47323,WCR-J9000A,R128-P2_P22AEN-M4_C01164,R128-P2,R128-P2_P22AEN-M4,C4P931500FJJCPQ3Q,GV29373009XN5TG2H,FM7936301LSKG9X48+R2J,C47935506HAJFK02S,13 00 00 00 01 ,13 00 00 00 00,352,0x0160,3,0x03,2,02,1285,0x0505,A0 02 00 0B 00 0B 00 0B ,0,0x00,33,0x21,33,0x21,Pass,02 01 01 05 49 ,02 01 01 05 49,Read_MLB_Lang :02 01 01 05 49  ,  Get_KBD_Lang :02 01 01 05 49,16,0x10,8704,0,0,0,0,0,0,0,0,0,0,0,0,16777216,0,0,0,0,0,16842752,16777216,0,0,0,0,17437701,83888660,570621952,
FXLH,R128,FTPZD03XP3LY,,R128-P2_P22AEN-M4,,FXLH_F05-4FT-01_3_GATEKEEPER,FAIL,09-19-10:58:22,50.51,V2.2.3.2,Check_All_CB,FTPZD03XP3LY,Atlas 1.9.2,FTPZD03XP3LY,V2.2.3.2,1,3,0,0,0,3,0,0,0,2,0,4,4,3,0,0,0,3,0,0,0,3,0,0,0,0,0,0,0,3,0,2,2,3,0,0,0,3,0,0,0,15 00 00 00 ,FTPZD03XP3LY,Pass,DLX9375005XN47320,WCR-J9000A,R128-P2_P22AEN-M4_C01174,R128-P2,R128-P2_P22AEN-M4,C4P9315006MJCPQ3E,GV29373009KN5TG2V,FM7936301DJKG9X43+R2J,C47935506GYJFK027,13 00 00 00 01 ,13 00 00 00 00,352,0x0160,3,0x03,2,02,1285,0x0505,A0 02 00 0B 00 0B 00 0B ,0,0x00,33,0x21,33,0x21,Pass,02 01 01 05 49 ,02 01 01 05 49,Read_MLB_Lang :02 01 01 05 49  ,  Get_KBD_Lang :02 01 01 05 49,16,0x10,8704,0,0,0,0,0,0,0,0,0,0,0,0,16777216,0,0,0,0,0,16842752,16777216,0,0,0,0,17437701,83888660,570621952,
FXLH,R128,FTPZD03UP3LY,,R128-P2_P22AEN-M4,,FXLH_F05-4FT-01_3_GATEKEEPER,FAIL,09-19-13:39:27,50.48,V2.2.3.2,Check_All_CB,FTPZD03UP3LY,Atlas 1.9.2,FTPZD03UP3LY,V2.2.3.2,1,3,0,0,0,3,0,0,0,3,0,1,1,3,0,0,0,3,0,0,0,0,0,0,0,0,0,0,0,3,0,0,0,3,0,0,0,3,0,1,1,15 00 00 00 ,FTPZD03UP3LY,Pass,DLX9375004JN4732G,WCR-J9000A,R128-P2_P22AEN-M4_C01171,R128-P2,R128-P2_P22AEN-M4,C4P931500SBJCPQ3Y,GV29373009PN5TG2R,FM7936301G0KG9X4C+R2J,C479355066GJFK02K,13 00 00 00 01 ,13 00 00 00 00,352,0x0160,3,0x03,2,02,1285,0x0505,A0 02 00 0B 00 0B 00 0B ,0,0x00,33,0x21,33,0x21,Pass,02 01 01 05 49 ,02 01 01 05 49,Read_MLB_Lang :02 01 01 05 49  ,  Get_KBD_Lang :02 01 01 05 49,16,0x10,8704,0,0,0,0,0,0,0,0,0,0,0,0,16777216,0,0,0,0,0,16842752,16777216,0,0,0,0,17437701,83888660,570621952,
FXLH,R128,,,,,FXLH_F05-4FT-01_3_GATEKEEPER,FAIL,09-19-13:41:20,62.11,V2.2.3.2,Scan_FG_SN; Start Data Reporting; Start Control Bits; Check_All_CB; Compare_FG_SN; Get_SFC_Info; WO_SN; UNIT_LBL; BUILD_EVENT; BUILD_MATRIX_CONFIG; UNIT#; S_BUILD; KBM_SN; BACKLIGHT_SN; TRACKPAD_SN; TOUCH_FLEX_SN; Get_KBD_Lang; Check_KBD_Lang; Finish DRCB,,,,,,3,0,0,0,3,0,0,0,3,0,2,2,3,0,0,0,3,0,0,0,3,0,0,0,0,0,0,0,3,0,0,0,3,0,0,0,3,0,0,0,15 00 00 00 ,FTPZD03TP3LY,Fail,DLX9375005KN4732C,,,,,,,,,13 00 00 00 01 ,13 00 00 00 00,352,0x0160,3,0x03,2,02,1285,0x0505,A0 02 00 0B 00 0B 00 0B ,0,0x00,33,0x21,33,0x21,Pass,02 01 01 05 49 ,,,16,0x10,8704,0,0,0,0,0,0,0,0,0,0,0,0,16777216,0,0,0,0,0,16842752,16777216,0,0,0,0,17437701,83888660,570621952,
FXLH,R128,FTPZD03TP3LY,,R128-P2_P22AEN-M4,,FXLH_F05-4FT-01_3_GATEKEEPER,FAIL,09-19-13:42:53,69.69,V2.2.3.2,Check_All_CB,FTPZD03TP3LY,Atlas 1.9.2,FTPZD03TP3LY,V2.2.3.2,1,3,0,0,0,3,0,0,0,3,0,2,2,3,0,0,0,3,0,0,0,3,0,0,0,0,0,0,0,3,0,0,0,3,0,0,0,3,0,0,0,15 00 00 00 ,FTPZD03TP3LY,Pass,DLX9375005KN4732C,WCR-J9000A,R128-P2_P22AEN-M4_C01170,R128-P2,R128-P2_P22AEN-M4,C4P931500SKJCPQ3Q,GV29373009RN5TG2P,FM7936301K5KG9X4Y+R2J,C47935505RSJFK02M,13 00 00 00 00 ,13 00 00 00 00,352,0x0160,3,0x03,2,02,1285,0x0505,A0 02 00 0B 00 0B 00 0B ,0,0x00,33,0x21,33,0x21,Pass,02 01 01 05 49 ,02 01 01 05 49,Read_MLB_Lang :02 01 01 05 49  ,  Get_KBD_Lang :02 01 01 05 49,16,0x10,8704,0,0,0,0,0,0,0,0,0,0,0,0,16777216,0,0,0,0,0,16842752,16777216,0,0,0,0,17437701,83888660,570621952,
FXLH,R128,FTPZD03ZP3LY,,R128-P2_P22AEN-M4,,FXLH_F05-4FT-01_3_GATEKEEPER,FAIL,09-19-14:15:18,54.54,V2.2.3.2,Check_All_CB,FTPZD03ZP3LY,Atlas 1.9.2,FTPZD03ZP3LY,V2.2.3.2,1,3,0,0,0,3,0,0,0,3,0,3,3,3,0,0,0,3,0,0,0,0,0,0,0,0,0,0,0,3,0,0,0,3,0,0,0,3,0,1,1,15 00 00 00 ,FTPZD03ZP3LY,Pass,DLX9376006HN4732A,WCR-J9000A,R128-P2_P22AEN-M4_C01176,R128-P2,R128-P2_P22AEN-M4,C4P931500RSJCPQ3L,GV29373009YN5TG2G,FM7936301KJKG9X4K+R2J,C4793550644JFK023,13 00 00 00 01 ,13 00 00 00 00,352,0x0160,3,0x03,2,02,1285,0x0505,A0 02 00 0B 00 0B 00 0B ,0,0x00,33,0x21,33,0x21,Pass,02 01 01 05 49 ,02 01 01 05 49,Read_MLB_Lang :02 01 01 05 49  ,  Get_KBD_Lang :02 01 01 05 49,16,0x10,8704,0,0,0,0,0,0,0,0,0,0,0,0,16777216,0,0,0,0,0,16842752,16777216,0,0,0,0,17437701,83888660,570621952,
FXLH,R128,FTPZD03RP3LY,,R128-P2_P22AEN-M4,,FXLH_F05-4FT-01_3_GATEKEEPER,FAIL,09-19-14:20:11,49.01,V2.2.3.2,Check_All_CB,FTPZD03RP3LY,Atlas 1.9.2,FTPZD03RP3LY,V2.2.3.2,1,3,0,0,0,3,0,0,0,1,0,2,2,3,0,0,0,3,0,0,0,3,0,0,0,0,0,0,0,3,0,0,0,3,0,0,0,3,0,0,0,15 00 00 00 ,FTPZD03RP3LY,Pass,DLX93750052N4732V,WCR-J9000A,R128-P2_P22AEN-M4_C01168,R128-P2,R128-P2_P22AEN-M4,C4P931500YTJCPQ3Y,GV29373009UN5TG2L,FM7936301LTKG9X47+R2J,C47935506E0JFK02B,13 00 00 00 01 ,13 00 00 00 00,352,0x0160,3,0x03,2,02,1285,0x0505,A0 02 00 0B 00 0B 00 0B ,0,0x00,33,0x21,33,0x21,Pass,02 01 01 05 49 ,02 01 01 05 49,Read_MLB_Lang :02 01 01 05 49  ,  Get_KBD_Lang :02 01 01 05 49,16,0x10,8704,0,0,0,0,0,0,0,0,0,0,0,0,16777216,0,0,0,0,0,16842752,16777216,0,0,0,0,17437701,83888660,570621952,
FXLH,R128,FTPZD03SP3LY,,R128-P2_P22AEN-M4,,FXLH_F05-4FT-01_3_GATEKEEPER,FAIL,09-19-14:50:14,50.99,V2.2.3.2,Check_All_CB,FTPZD03SP3LY,Atlas 1.9.2,FTPZD03SP3LY,V2.2.3.2,1,3,0,0,0,3,0,0,0,3,0,0,0,3,0,0,0,3,0,0,0,3,0,0,0,0,0,0,0,3,0,0,0,3,0,0,0,3,0,0,0,15 00 00 00 ,FTPZD03SP3LY,Pass,DLX93750064N4732Q,WCR-J9000A,R128-P2_P22AEN-M4_C01169,R128-P2,R128-P2_P22AEN-M4,C4P9315006JJCPQ3H,GV29373009TN5TG2M,FM7936301DMKG9X40+R2J,C47935506A8JFK02F,13 00 00 00 01 ,13 00 00 00 00,352,0x0160,3,0x03,2,02,1285,0x0505,A0 02 00 0B 00 0B 00 0B ,0,0x00,33,0x21,33,0x21,Pass,02 01 01 05 49 ,02 01 01 05 49,Read_MLB_Lang :02 01 01 05 49  ,  Get_KBD_Lang :02 01 01 05 49,16,0x10,8704,0,0,0,0,0,0,0,0,0,0,0,0,16777216,0,0,0,0,0,16842752,16777216,0,0,0,0,17437701,83888660,570621952,
FXLH,R128,FTPZD03RP3LY,,R128-P2_P22AEN-M4,,FXLH_F05-4FT-01_3_GATEKEEPER,FAIL,09-19-14:54:23,50.04,V2.2.3.2,Check_All_CB,FTPZD03RP3LY,Atlas 1.9.2,FTPZD03RP3LY,V2.2.3.2,1,3,0,0,0,3,0,0,0,1,0,2,2,3,0,0,0,3,0,0,0,3,0,0,0,0,0,0,0,3,0,0,0,3,0,0,0,3,0,0,0,15 00 00 00 ,FTPZD03RP3LY,Pass,DLX93750052N4732V,WCR-J9000A,R128-P2_P22AEN-M4_C01168,R128-P2,R128-P2_P22AEN-M4,C4P931500YTJCPQ3Y,GV29373009UN5TG2L,FM7936301LTKG9X47+R2J,C47935506E0JFK02B,13 00 00 00 01 ,13 00 00 00 00,352,0x0160,3,0x03,2,02,1285,0x0505,A0 02 00 0B 00 0B 00 0B ,0,0x00,33,0x21,33,0x21,Pass,02 01 01 05 49 ,02 01 01 05 49,Read_MLB_Lang :02 01 01 05 49  ,  Get_KBD_Lang :02 01 01 05 49,16,0x10,8704,0,0,0,0,0,0,0,0,0,0,0,0,16777216,0,0,0,0,0,16842752,16777216,0,0,0,0,17437701,83888660,570621952,
FXLH,R128,FTPZD04DP3LY,,R128-P2_P22AEN-M1,,FXLH_F05-4FT-01_3_GATEKEEPER,FAIL,09-19-14:58:01,45.67,V2.2.3.2,Check_All_CB,FTPZD04DP3LY,Atlas 1.9.2,FTPZD04DP3LY,V2.2.3.2,1,3,0,0,0,3,0,0,0,3,0,0,0,3,0,0,0,3,0,2,2,3,0,0,0,0,0,0,0,3,0,0,0,3,0,0,0,3,0,0,0,15 00 00 00 ,FTPZD04DP3LY,Pass,DLX93750037N4732W,WCR-J90007,R128-P2_P22AEN-M1_C01114,R128-P2,R128-P2_P22AEN-M1,C4P931500QFJCPQ30,GV29373002EN5TG2M,FM793630090KG9X40+M5J,CR19356006HJFK013,13 00 00 00 01 ,13 00 00 00 00,352,0x0160,3,0x03,2,02,1285,0x0505,A0 02 00 0B 00 0B 00 0B ,0,0x00,33,0x21,33,0x21,Pass,02 01 01 05 49 ,02 01 01 05 49,Read_MLB_Lang :02 01 01 05 49  ,  Get_KBD_Lang :02 01 01 05 49,16,0x10,8704,0,0,0,0,0,0,0,0,0,0,0,0,16777216,0,0,0,0,0,16842752,16777216,0,0,0,0,17437701,83888660,570621952,
FXLH,R128,FTPZD03WP3LY,,R128-P2_P22AEN-M4,,FXLH_F05-4FT-01_3_GATEKEEPER,FAIL,09-19-15:39:43,56.42,V2.2.3.2,Check_All_CB,FTPZD03WP3LY,Atlas 1.9.2,FTPZD03WP3LY,V2.2.3.2,1,3,0,0,0,3,0,0,0,1,0,0,0,3,0,0,0,3,0,0,0,3,0,0,0,0,0,0,0,3,0,0,0,3,0,0,0,3,0,0,0,15 00 00 00 ,FTPZD03WP3LY,Pass,DLX93750060N4732U,WCR-J9000A,R128-P2_P22AEN-M4_C01173,R128-P2,R128-P2_P22AEN-M4,C4P931500DJJCPQ3W,GV2937300A4N5TG27,FM7936301GNKG9X4Q+R2J,C47935506S4JFK025,13 00 00 00 01 ,13 00 00 00 00,352,0x0160,3,0x03,2,02,1285,0x0505,A0 02 00 0B 00 0B 00 0B ,0,0x00,33,0x21,33,0x21,Pass,02 01 01 05 49 ,02 01 01 05 49,Read_MLB_Lang :02 01 01 05 49  ,  Get_KBD_Lang :02 01 01 05 49,16,0x10,8704,0,0,0,0,0,0,0,0,0,0,0,0,16777216,0,0,0,0,0,16842752,16777216,0,0,0,0,17437701,83888660,570621952,
FXLH,R128,FTPZD03UP3LY,,R128-P2_P22AEN-M4,,FXLH_F05-4FT-01_3_GATEKEEPER,FAIL,09-19-16:16:54,47.11,V2.2.3.2,Check_All_CB,FTPZD03UP3LY,Atlas 1.9.2,FTPZD03UP3LY,V2.2.3.2,1,3,0,0,0,3,0,0,0,3,0,1,1,3,0,0,0,3,0,0,0,3,0,0,0,0,0,0,0,3,0,0,0,3,0,0,0,3,0,1,1,15 00 00 00 ,FTPZD03UP3LY,Pass,DLX9375004JN4732G,WCR-J9000A,R128-P2_P22AEN-M4_C01171,R128-P2,R128-P2_P22AEN-M4,C4P931500SBJCPQ3Y,GV29373009PN5TG2R,FM7936301G0KG9X4C+R2J,C479355066GJFK02K,13 00 00 00 01 ,13 00 00 00 00,352,0x0160,3,0x03,2,02,1285,0x0505,A0 02 00 0B 00 0B 00 0B ,0,0x00,33,0x21,33,0x21,Pass,02 01 01 05 49 ,02 01 01 05 49,Read_MLB_Lang :02 01 01 05 49  ,  Get_KBD_Lang :02 01 01 05 49,16,0x10,8704,0,0,0,0,0,0,0,0,0,0,0,0,16777216,0,0,0,0,0,16842752,16777216,0,0,0,0,17437701,83888660,570621952,
FXLH,R128,FTPZ902CP3LY,,R128-P2_P22AEN-LHWTE,,FXLH_F05-4FT-01_3_GATEKEEPER,FAIL,09-20-09:06:52,39.08,V2.2.3.2,Check_All_CB,FTPZ902CP3LY,Atlas 1.9.2,FTPZ902CP3LY,V2.2.3.2,1,0,0,0,0,0,0,0,0,0,0,0,0,0,0,0,0,2,0,3,3,3,0,2,2,0,0,0,0,3,0,0,0,2,0,1,1,3,0,0,0,15 00 00 00 ,FTPZ902CP3LY,Pass,DLX93620010N4732F,WCR-J80006,R128-P2_P22AEN-LHWTE_C01009,R128-P2,R128-P2_P22AEN-LHWTE,C4P931500KAJCPQ3L,GV29357002RN5TG2C,FM7934700G7KG9X48+S5J,C47935506QGJFK02Z,13 00 00 00 01 ,13 00 00 00 00,352,0x0160,3,0x03,2,02,1285,0x0505,A0 02 00 0A 00 0A 00 0A ,0,0x00,33,0x21,33,0x21,Pass,02 01 01 05 49 ,02 01 01 05 49,Read_MLB_Lang :02 01 01 05 49  ,  Get_KBD_Lang :02 01 01 05 49,16,0x10,8704,0,0,0,0,0,0,0,0,0,0,0,0,16777216,0,0,0,0,0,16842752,16777216,0,0,0,0,17437701,83888660,570621952,
FXLH,R128,FTPZ902FP3LY,,R128-P2_P22AEN-LHWTE,,FXLH_F05-4FT-01_3_GATEKEEPER,FAIL,09-20-09:09:07,73.44,V2.2.3.2,Check_All_CB,FTPZ902FP3LY,Atlas 1.9.2,FTPZ902FP3LY,V2.2.3.2,1,0,0,0,0,0,0,0,0,0,0,0,0,0,0,0,0,2,0,4,4,3,0,0,0,0,0,0,0,3,0,0,0,2,0,3,3,3,0,3,3,15 00 00 00 ,FTPZ902FP3LY,Pass,DLX9362001CN47323,WCR-J80006,R128-P2_P22AEN-LHWTE_C01013,R128-P2,R128-P2_P22AEN-LHWTE,C4P931500T9JCPQ3X,GV293570001N5TG28,FM7934700D1KG9X4P+S5J,C47935506Q8JFK027,13 00 00 00 01 ,13 00 00 00 00,352,0x0160,3,0x03,2,02,1285,0x0505,A0 02 00 0A 00 0A 00 0A ,0,0x00,33,0x21,33,0x21,Pass,02 01 01 05 49 ,02 01 01 05 49,Read_MLB_Lang :02 01 01 05 49  ,  Get_KBD_Lang :02 01 01 05 49,16,0x10,8704,0,0,0,0,0,0,0,0,0,0,0,0,16777216,0,0,0,0,0,16842752,16777216,0,0,0,0,17437701,83888660,570621952,
FXLH,R128,FTPZ903UP3LY,,R128-P2_P22AEN-LREL,,FXLH_F05-4FT-01_3_GATEKEEPER,FAIL,09-20-09:12:52,38.77,V2.2.3.2,Check_All_CB,FTPZ903UP3LY,Atlas 1.9.2,FTPZ903UP3LY,V2.2.3.2,1,0,0,0,0,0,0,0,0,0,0,0,0,0,0,0,0,2,0,2,2,3,0,0,0,0,0,0,0,3,0,0,0,2,0,12,12,3,0,0,0,15 00 00 00 ,FTPZ903UP3LY,Pass,DLX9356001DN47321,WCR-J80007,R128-P2_P22AEN-LREL_C01015,R128-P2,R128-P2_P22AEN-LREL,C4P931500GCJCPQ3T,GV29357006RN5TG20,FM7934700K4KG9X42+S5J,C47935506AQJFK02Z,13 00 00 00 01 ,13 00 00 00 00,352,0x0160,3,0x03,2,02,1285,0x0505,A0 02 00 0A 00 0A 00 0A ,0,0x00,33,0x21,33,0x21,Pass,02 01 01 05 49 ,02 01 01 05 49,Read_MLB_Lang :02 01 01 05 49  ,  Get_KBD_Lang :02 01 01 05 49,16,0x10,8704,0,0,0,0,0,0,0,0,0,0,0,0,16777216,0,0,0,0,0,16842752,16777216,0,0,0,0,17437701,83888660,570621952,
FXLH,R128,FTPZ902EP3LY,,R128-P2_P22AEN-LHWTE,,FXLH_F05-4FT-01_3_GATEKEEPER,FAIL,09-20-09:23:12,53.98,V2.2.3.2,Check_All_CB,FTPZ902EP3LY,Atlas 1.9.2,FTPZ902EP3LY,V2.2.3.2,1,0,0,0,0,0,0,0,0,0,0,0,0,0,0,0,0,2,0,2,2,3,0,0,0,0,0,0,0,3,0,0,0,2,0,22,22,3,0,2,2,15 00 00 00 ,FTPZ902EP3LY,Pass,DLX9362000ZN4732K,WCR-J80006,R128-P2_P22AEN-LHWTE_C01012,R128-P2,R128-P2_P22AEN-LHWTE,C4P931500LNJCPQ35,GV29357000VN5TG2E,FM7934700E0KG9X4M+S5J,C47935506LYJFK02V,13 00 00 00 01 ,13 00 00 00 00,352,0x0160,3,0x03,2,02,1285,0x0505,A0 02 00 0A 00 0A 00 0A ,0,0x00,33,0x21,33,0x21,Pass,02 01 01 05 49 ,02 01 01 05 49,Read_MLB_Lang :02 01 01 05 49  ,  Get_KBD_Lang :02 01 01 05 49,16,0x10,8704,0,0,0,0,0,0,0,0,0,0,0,0,16777216,0,0,0,0,0,16842752,16777216,0,0,0,0,17437701,83888660,570621952,
FXLH,R128,FTPZ902GP3LY,,R128-P2_P22AEN-LHWTE,,FXLH_F05-4FT-01_3_GATEKEEPER,FAIL,09-20-09:26:32,69.72,V2.2.3.2,Check_All_CB,FTPZ902GP3LY,Atlas 1.9.2,FTPZ902GP3LY,V2.2.3.2,1,0,0,0,0,0,0,0,0,0,0,0,0,0,0,0,0,2,0,3,3,3,0,0,0,0,0,0,0,3,0,0,0,2,0,34,34,3,0,7,7,15 00 00 00 ,FTPZ902GP3LY,Pass,DLX9362000WN4732N,WCR-J80006,R128-P2_P22AEN-LHWTE_C01011,R128-P2,R128-P2_P22AEN-LHWTE,C4P9315009EJCPQ3C,GV29357002YN5TG25,FM7934700BTKG9X43+S5J,C47935506PEJFK024,13 00 00 00 01 ,13 00 00 00 00,352,0x0160,3,0x03,2,02,1285,0x0505,A0 02 00 0A 00 0A 00 0A ,0,0x00,33,0x21,33,0x21,Pass,02 01 01 05 49 ,02 01 01 05 49,Read_MLB_Lang :02 01 01 05 49  ,  Get_KBD_Lang :02 01 01 05 49,16,0x10,8704,0,0,0,0,0,0,0,0,0,0,0,0,16777216,0,0,0,0,0,16842752,16777216,0,0,0,0,17437701,83888660,570621952,
FXLH,R128,FTPZ903WP3LY,,R128-P2_P22AEN-LREL,,FXLH_F05-4FT-01_3_GATEKEEPER,FAIL,09-20-09:29:15,61.82,V2.2.3.2,Check_All_CB; Read_FG_SN; Compare_FG_SN; Get_KBD_HW_Layout; Compare_KBD_HW_Layout; Check_KBD_Lang; Critical_Errors_Summary,FTPZ903WP3LY,Atlas 1.9.2,FTPZ903WP3LY,V2.2.3.2,1,0,0,0,0,0,0,0,0,0,0,0,0,0,0,0,0,2,0,2,2,3,0,0,0,0,0,0,0,2,0,4,4,2,0,4,4,3,0,0,0,15 00 00 00 ,,Fail,DLX93560004N4732D,WCR-J80007,R128-P2_P22AEN-LREL_C01014,R128-P2,R128-P2_P22AEN-LREL,C4P931500D8JCPQ36,GV29357006PN5TG22,FM7934700CTKG9X40+S5J,C47935506N4JFK02H,13 00 00 00 01 ,13 00 00 00 00,352,0x0160,3,0x03,2,02,1285,0x0505,A0 02 00 0A 00 0A 00 0A ,0,0x00,33,0x21,,,,02 01 01 05 49 ,I,Read_MLB_Lang :02 01 01 05 49  ,  Get_KBD_Lang :I,16,0x10,8704,256,0,0,0,0,0,0,0,0,0,0,0,16777216,0,0,0,0,0,16842752,16777216,0,0,32,0,17437701,83888660,570621952,
FXLH,R128,FTPZ903WP3LY,,R128-P2_P22AEN-LREL,,FXLH_F05-4FT-01_3_GATEKEEPER,FAIL,09-20-09:31:23,58.47,V2.2.3.2,Check_All_CB; Read_FG_SN; Compare_FG_SN; Get_KBD_HW_Layout; Compare_KBD_HW_Layout; Check_KBD_Lang; Critical_Errors_Summary,FTPZ903WP3LY,Atlas 1.9.2,FTPZ903WP3LY,V2.2.3.2,1,0,0,0,0,0,0,0,0,0,0,0,0,0,0,0,0,2,0,2,2,3,0,0,0,0,0,0,0,2,0,4,4,2,0,4,4,3,0,0,0,15 00 00 00 ,,Fail,DLX93560004N4732D,WCR-J80007,R128-P2_P22AEN-LREL_C01014,R128-P2,R128-P2_P22AEN-LREL,C4P931500D8JCPQ36,GV29357006PN5TG22,FM7934700CTKG9X40+S5J,C47935506N4JFK02H,13 00 00 00 00 ,13 00 00 00 00,352,0x0160,3,0x03,2,02,1285,0x0505,A0 02 00 0A 00 0A 00 0A ,0,0x00,33,0x21,,,,02 01 01 05 49 ,I,Read_MLB_Lang :02 01 01 05 49  ,  Get_KBD_Lang :I,16,0x10,8704,256,0,0,0,0,0,0,0,0,0,0,0,16777216,0,0,0,0,0,16842752,16777216,0,0,32,0,17437701,83888660,570621952,
FXLH,R128,FTPZ902BP3LY,,R128-P2_P22AEN-LHWTE,,FXLH_F05-4FT-01_3_GATEKEEPER,FAIL,09-20-09:33:16,39.69,V2.2.3.2,Check_All_CB; Critical_Errors_Summary,FTPZ902BP3LY,Atlas 1.9.2,FTPZ902BP3LY,V2.2.3.2,1,0,0,0,0,0,0,0,0,0,0,0,0,0,0,0,0,2,0,14,14,3,0,10,10,0,0,0,0,3,0,3,3,2,0,5,5,3,0,0,0,15 00 00 00 ,FTPZ902BP3LY,Pass,DLX9362000CN47326,WCR-J80006,R128-P2_P22AEN-LHWTE_C01008,R128-P2,R128-P2_P22AEN-LHWTE,C4P931500Z9JCPQ3D,GV29357002JN5TG2K,FM7934700E3KG9X4J+S5J,C47935506LLJFK027,13 00 00 00 01 ,13 00 00 00 00,352,0x0160,3,0x03,2,02,1285,0x0505,A0 02 00 0A 00 0A 00 0A ,0,0x00,33,0x21,33,0x21,Pass,02 01 01 05 49 ,02 01 01 05 49,Read_MLB_Lang :02 01 01 05 49  ,  Get_KBD_Lang :02 01 01 05 49,16,0x10,8704,0,0,0,0,0,0,0,0,0,0,0,0,16777216,0,0,0,0,0,16842752,16777216,0,0,64,0,17437701,83888660,570621952,
FXLH,R128,FTPZ902GP3LY,,R128-P2_P22AEN-LHWTE,,FXLH_F05-4FT-01_3_GATEKEEPER,FAIL,09-20-09:35:17,50.93,V2.2.3.2,Check_All_CB,FTPZ902GP3LY,Atlas 1.9.2,FTPZ902GP3LY,V2.2.3.2,1,0,0,0,0,0,0,0,0,0,0,0,0,0,0,0,0,2,0,3,3,3,0,0,0,0,0,0,0,3,0,0,0,2,0,34,34,3,0,7,7,15 00 00 00 ,FTPZ902GP3LY,Pass,DLX9362000WN4732N,WCR-J80006,R128-P2_P22AEN-LHWTE_C01011,R128-P2,R128-P2_P22AEN-LHWTE,C4P9315009EJCPQ3C,GV29357002YN5TG25,FM7934700BTKG9X43+S5J,C47935506PEJFK024,13 00 00 00 00 ,13 00 00 00 00,352,0x0160,3,0x03,2,02,1285,0x0505,A0 02 00 0A 00 0A 00 0A ,0,0x00,33,0x21,33,0x21,Pass,02 01 01 05 49 ,02 01 01 05 49,Read_MLB_Lang :02 01 01 05 49  ,  Get_KBD_Lang :02 01 01 05 49,16,0x10,8704,0,0,0,0,0,0,0,0,0,0,0,0,16777216,0,0,0,0,0,16842752,16777216,0,0,0,0,17437701,83888660,570621952,
FXLH,R128,FTPZD01AP3LY,,R128-P2_P22AEN-S3,,FXLH_F05-4FT-01_3_GATEKEEPER,FAIL,09-20-15:33:01,64.41,V2.2.3.2,Check_All_CB,FTPZD01AP3LY,Atlas 1.9.2,FTPZD01AP3LY,V2.2.3.2,1,0,0,0,0,0,0,0,0,0,0,0,0,3,0,0,0,3,0,0,0,3,0,0,0,0,0,0,0,3,0,1,1,3,0,0,0,3,0,1,1,15 00 00 00 ,FTPZD01AP3LY,Pass,DLX93730014N47327,WCR-J90004,R128-P2_P22AEN-S3_C01060,R128-P2,R128-P2_P22AEN-S3,C4P931500NFJCPQ36,GV29357001JN5TG2N,FM7934700EDKG9X48+S5J,CR1935600H9JFK01C,13 00 00 00 02 ,13 00 00 00 00,352,0x0160,3,0x03,2,02,1285,0x0505,A0 02 00 0B 00 0B 00 0B ,0,0x00,33,0x21,33,0x21,Pass,02 01 01 05 49 ,02 01 01 05 49,Read_MLB_Lang :02 01 01 05 49  ,  Get_KBD_Lang :02 01 01 05 49,16,0x10,8704,0,0,0,0,0,0,0,0,0,0,0,0,16777216,0,0,0,0,0,16842752,16777216,0,0,0,0,17437701,83888660,570621952,
