GATEKEEPER,V2.2.3.2
Site, Product, SerialNumber, Special Build Name, Special Build Description, Unit Number, Station ID, Test Pass/Fail Status, StartTime, EndTime, Version, List of Failing Tests,Scan_FG_SN,Start Data Reporting,Start Data Reporting,Start Data Reporting,Start Data Reporting,Check_All_CB - CB_STATUS_MLB-FCT,Check_All_CB - ABS_ERASE_MLB-FCT,Check_All_CB - ABS_FAIL_MLB-FCT,Check_All_CB - REL_FAIL_MLB-FCT,Check_All_CB - CB_STATUS_TEST1,Check_All_CB - ABS_ERASE_TEST1,Check_All_CB - ABS_FAIL_TEST1,Check_All_CB - REL_FAIL_TEST1,Check_All_CB - CB_STATUS_QT0,Check_All_CB - ABS_ERASE_QT0,Check_All_CB - ABS_FAIL_QT0,Check_All_CB - REL_FAIL_QT0,Check_All_CB - CB_STATUS_DFU2-FTW,Check_All_CB - ABS_ERASE_DFU2-FTW,Check_All_CB - ABS_FAIL_DFU2-FTW,Check_All_CB - REL_FAIL_DFU2-FTW,Check_All_CB - CB_STATUS_QT1,Check_All_CB - ABS_ERASE_QT1,Check_All_CB - ABS_FAIL_QT1,Check_All_CB - REL_FAIL_QT1,Check_All_CB - CB_STATUS_LED-TEST,Check_All_CB - ABS_ERASE_LED-TEST,Check_All_CB - ABS_FAIL_LED-TEST,Check_All_CB - REL_FAIL_LED-TEST,Check_All_CB - CB_STATUS_KEY-FORCE,Check_All_CB - ABS_ERASE_KEY-FORCE,Check_All_CB - ABS_FAIL_KEY-FORCE,Check_All_CB - REL_FAIL_KEY-FORCE,Check_All_CB - CB_STATUS_TEST2,Check_All_CB - ABS_ERASE_TEST2,Check_All_CB - ABS_FAIL_TEST2,Check_All_CB - REL_FAIL_TEST2,Check_All_CB - CB_STATUS_MMI,Check_All_CB - ABS_ERASE_MMI,Check_All_CB - ABS_FAIL_MMI,Check_All_CB - REL_FAIL_MMI,Check_All_CB - CB_STATUS_SW-DOWNLOAD,Check_All_CB - ABS_ERASE_SW-DOWNLOAD,Check_All_CB - ABS_FAIL_SW-DOWNLOAD,Check_All_CB - REL_FAIL_SW-DOWNLOAD,Check_Bootargs_Status,Read_FG_SN,Compare_FG_SN,MLB_SN,WO_SN,UNIT_LBL,BUILD_EVENT,S_BUILD,KBM_SN,BACKLIGHT_SN,TRACKPAD_SN,TOUCH_FLEX_SN,Check_EP_Status,EP_Enable_All,STFW - STFW,STFW,Read_HW_Version - Read_HW_Version,Read_HW_Version,GreenPAK_ID - GreenPAK_ID,GreenPAK_ID,TOUCH_FW - TOUCH_FW,TOUCH_FW,Read_CCG3_FW,Production_Signed_Check - Production_Signed_Check,Production_Signed_Check,Read_KBD_HW_Layout - Read_KBD_HW_Layout,Read_KBD_HW_Layout,Get_KBD_HW_Layout - Read_KBD_HW_Layout,Get_KBD_HW_Layout,Compare_KBD_HW_Layout,Read_MLB_Lang,Get_KBD_Lang,Check_KBD_Lang,Read_MFI_Address - Read_MFI_Address,Read_MFI_Address,System_Critical_Errors - CRIT_ERR_E1_PART1,System_Critical_Errors - CRIT_ERR_E1_PART2,FW_Update_Critical_Errors - CRIT_ERR_E2_PART1,FW_Update_Critical_Errors - CRIT_ERR_E2_PART2,FW_Update_Critical_Errors - CRIT_ERR_E2_PART3,Key_Scan_Critical_Errors - CRIT_ERR_E7_PART1,Key_Scan_Critical_Errors - CRIT_ERR_E7_PART2,Key_Scan_Critical_Errors - CRIT_ERR_E7_PART3,Key_Scan_Critical_Errors - CRIT_ERR_E7_PART4,USBC_Critical_Errors - CRIT_ERR_E3_PART1,USBC_Critical_Errors - CRIT_ERR_E3_PART2,USBC_Critical_Errors - CRIT_ERR_E3_PART3,USBC_Critical_Errors - CRIT_ERR_E3_PART4,Grape_Critical_Errors - CRIT_ERR_E5_PART1,Grape_Critical_Errors - CRIT_ERR_E5_PART2,Grape_Critical_Errors - CRIT_ERR_E5_PART3,Grape_Critical_Errors - CRIT_ERR_E5_PART4,Grape_Critical_Errors - CRIT_ERR_E5_PART5,Grape_Critical_Errors - CRIT_ERR_E5_PART6,Grape_Critical_Errors - CRIT_ERR_E5_PART7,Grape_Critical_Errors - CRIT_ERR_E5_PART8,Grape_Critical_Errors - CRIT_ERR_E5_PART9,Grape_Critical_Errors - CRIT_ERR_E5_PART10,Critical_Errors_Summary - CRIT_ERR_E0_PART1,Backlight_Critical_Errors - BL_CRI_ERR_PART1,Grape_Connector_Self_Critical_Errors - CRIT_ERR_D3_PART1,Grape_Connector_Self_Critical_Errors - CRIT_ERR_D3_PART2,Grape_Connector_Self_Critical_Errors - CRIT_ERR_D3_PART3,
Upper Limited-------->,,,,,,,,,,,,,,,,,3,,,,3,,,,3,,,,3,,,,3,,,,3,,,,3,,,,3,,,,3,,,,3,,,,,,,,,,,,,,,,,,352,,3,,2,,1285,,,0,,33,,33,,,,,,16,,,,,,,,,,,,,,,,,,,,,,,,,,,,,,
Lower Limited-------->,,,,,,,,,,,,,,,,,3,,,,3,,,,3,,,,3,,,,3,,,,3,,,,3,,,,3,,,,3,,,,3,,,,,,,,,,,,,,,,,,352,,3,,2,,1285,,,0,,33,,33,,,,,,16,,,,,,,,,,,,,,,,,,,,,,,,,,,,,,
Measurement Units---->,,,,,,,,,,,,,,,,,,,,,,,,,,,,,,,,,,,,,,,,,,,,,,,,,,,,,,,,,,,,,,,,,,,,,,,,,,,,,,,,,,,,,,,,,,,,,,,,,,,,,,,,,,,,,,,,,,,,,,,,
FXLH,R128,FTPZD00BP3LY,,R128-P2_P22AEN-S1,,FXLH_F05-4FT-01_3_GATEKEEPER,FAIL,09-17-15:48:11,54.67,V2.2.3.2,Check_All_CB,FTPZD00BP3LY,Atlas 1.9.2,FTPZD00BP3LY,V2.2.3.2,1,0,0,0,0,0,0,0,0,0,0,0,0,3,0,0,0,0,0,0,0,0,0,0,0,0,0,0,0,3,0,0,0,0,0,0,0,0,0,0,0,15 00 00 00 ,FTPZD00BP3LY,Pass,DLX9373000GN4732Y,WCR-J90002,R128-P2_P22AEN-S1_C01037,R128-P2,R128-P2_P22AEN-S1,C4P93150023JCPQ3A,GV29357000HN5TG2S,FM7934700ELKG9X41+S5J,C479355060UJFK02R,13 00 00 00 02 ,13 00 00 00 00,352,0x0160,3,0x03,2,02,1285,0x0505,A0 02 00 0B 00 0B 00 0B ,0,0x00,33,0x21,33,0x21,Pass,02 01 01 05 49 ,02 01 01 05 49,Read_MLB_Lang :02 01 01 05 49  ,  Get_KBD_Lang :02 01 01 05 49,16,0x10,8704,0,0,0,0,0,0,0,0,0,0,0,0,16777216,0,0,0,0,0,16842752,16777216,0,0,0,0,17437701,83888660,570621952,
FXLH,R128,FTPZD00BP3LY,,R128-P2_P22AEN-S1,,FXLH_F05-4FT-01_3_GATEKEEPER,FAIL,09-17-15:52:38,60.19,V2.2.3.2,Check_All_CB,FTPZD00BP3LY,Atlas 1.9.2,FTPZD00BP3LY,V2.2.3.2,1,0,0,0,0,0,0,0,0,0,0,0,0,3,0,0,0,0,0,0,0,0,0,0,0,0,0,0,0,3,0,0,0,0,0,0,0,0,0,0,0,15 00 00 00 ,FTPZD00BP3LY,Pass,DLX9373000GN4732Y,WCR-J90002,R128-P2_P22AEN-S1_C01037,R128-P2,R128-P2_P22AEN-S1,C4P93150023JCPQ3A,GV29357000HN5TG2S,FM7934700ELKG9X41+S5J,C479355060UJFK02R,13 00 00 00 00 ,13 00 00 00 00,352,0x0160,3,0x03,2,02,1285,0x0505,A0 02 00 0B 00 0B 00 0B ,0,0x00,33,0x21,33,0x21,Pass,02 01 01 05 49 ,02 01 01 05 49,Read_MLB_Lang :02 01 01 05 49  ,  Get_KBD_Lang :02 01 01 05 49,16,0x10,8704,0,0,0,0,0,0,0,0,0,0,0,0,16777216,0,0,0,0,0,16842752,16777216,0,0,0,0,17437701,83888660,570621952,
FXLH,R128,FTPZD00BP3LY,,R128-P2_P22AEN-S1,,FXLH_F05-4FT-01_3_GATEKEEPER,FAIL,09-17-15:53:48,56.36,V2.2.3.2,Check_All_CB,FTPZD00BP3LY,Atlas 1.9.2,FTPZD00BP3LY,V2.2.3.2,1,0,0,0,0,0,0,0,0,0,0,0,0,3,0,0,0,0,0,0,0,0,0,0,0,0,0,0,0,3,0,0,0,0,0,0,0,0,0,0,0,15 00 00 00 ,FTPZD00BP3LY,Pass,DLX9373000GN4732Y,WCR-J90002,R128-P2_P22AEN-S1_C01037,R128-P2,R128-P2_P22AEN-S1,C4P93150023JCPQ3A,GV29357000HN5TG2S,FM7934700ELKG9X41+S5J,C479355060UJFK02R,13 00 00 00 00 ,13 00 00 00 00,352,0x0160,3,0x03,2,02,1285,0x0505,A0 02 00 0B 00 0B 00 0B ,0,0x00,33,0x21,33,0x21,Pass,02 01 01 05 49 ,02 01 01 05 49,Read_MLB_Lang :02 01 01 05 49  ,  Get_KBD_Lang :02 01 01 05 49,16,0x10,8704,0,0,0,0,0,0,0,0,0,0,0,0,16777216,0,0,0,0,0,16842752,16777216,0,0,0,0,17437701,83888660,570621952,
FXLH,R128,FTPZD01SP3LY,,R128-P2_P22AEN-S4,,FXLH_F05-4FT-01_3_GATEKEEPER,FAIL,09-17-15:58:55,78.93,V2.2.3.2,Check_All_CB,FTPZD01SP3LY,Atlas 1.9.2,FTPZD01SP3LY,V2.2.3.2,1,0,0,0,0,0,0,0,0,2,0,11,11,3,0,0,0,2,0,1,1,3,0,0,0,0,0,0,0,3,0,0,0,2,0,3,3,3,0,0,0,15 00 00 00 ,FTPZD01SP3LY,Pass,DLX9373001SN4732K,WCR-J90005,R128-P2_P22AEN-S4_C01076,R128-P2,R128-P2_P22AEN-S4,C4P931500TRJCPQ3F,GV2937300ABN5TG20,FM7934700G3KG9X4C+S5J,CR1935600Q3JFK01X,13 00 00 00 01 ,13 00 00 00 00,352,0x0160,3,0x03,2,02,1285,0x0505,A0 02 00 0B 00 0B 00 0B ,0,0x00,33,0x21,33,0x21,Pass,02 01 01 05 49 ,02 01 01 05 49,Read_MLB_Lang :02 01 01 05 49  ,  Get_KBD_Lang :02 01 01 05 49,16,0x10,8704,0,0,0,0,0,0,0,0,0,0,0,0,16777216,0,0,0,0,0,16842752,16777216,0,0,0,0,17437701,83888660,570621952,
FXLH,R128,FTPZD009P3M1,,R128-P2_P22ATH-S2,,FXLH_F05-4FT-01_3_GATEKEEPER,FAIL,09-17-16:39:03,49.71,V2.2.3.2,Check_All_CB,FTPZD009P3M1,Atlas 1.9.2,FTPZD009P3M1,V2.2.3.2,1,0,0,0,0,0,0,0,0,0,0,0,0,3,0,0,0,3,0,0,0,3,0,0,0,0,0,0,0,3,0,0,0,2,0,3,3,3,0,0,0,15 00 00 00 ,FTPZD009P3M1,Pass,DLX9373002PN4732K,WCR-J90003,R128-P2_P22ATH-S2_C01050,R128-P2,R128-P2_P22ATH-S2,C4P9315000GJCT33C,GV29357005DN5TG2F,FM7934700EYKG9X4P+S5J,C47935506A4JFK02K,13 00 00 00 01 ,13 00 00 00 00,352,0x0160,3,0x03,2,02,1285,0x0505,A0 02 00 0B 00 0B 00 0B ,0,0x00,33,0x21,33,0x21,Pass,02 01 01 21 49 16 16 ,02 01 01 21 49 16 16,Read_MLB_Lang :02 01 01 21 49 16 16  ,  Get_KBD_Lang :02 01 01 21 49 16 16,16,0x10,8704,0,0,0,0,0,0,0,0,0,0,0,0,16777216,0,0,0,0,0,16842752,16777216,0,0,0,0,17437701,83888660,570621952,
FXLH,R128,FTPZD00BP3M1,,R128-P2_P22ATH-S2,,FXLH_F05-4FT-01_3_GATEKEEPER,FAIL,09-17-16:43:49,53.50,V2.2.3.2,Check_All_CB,FTPZD00BP3M1,Atlas 1.9.2,FTPZD00BP3M1,V2.2.3.2,1,0,0,0,0,0,0,0,0,0,0,0,0,3,0,0,0,2,0,1,1,3,0,3,3,0,0,0,0,3,0,1,1,2,0,1,1,3,0,0,0,15 00 00 00 ,FTPZD00BP3M1,Pass,DLX9373002JN4732Q,WCR-J90003,R128-P2_P22ATH-S2_C01052,R128-P2,R128-P2_P22ATH-S2,C4P9315002ZJCT33P,GV29357005MN5TG27,FM7934700DEKG9X4A+S5J,C47935505UGJFK02N,13 00 00 00 01 ,13 00 00 00 00,352,0x0160,3,0x03,2,02,1285,0x0505,A0 02 00 0B 00 0B 00 0B ,0,0x00,33,0x21,33,0x21,Pass,02 01 01 21 49 16 16 ,02 01 01 21 49 16 16,Read_MLB_Lang :02 01 01 21 49 16 16  ,  Get_KBD_Lang :02 01 01 21 49 16 16,16,0x10,8704,0,0,0,0,0,0,0,0,0,0,0,0,16777216,0,0,0,0,0,16842752,16777216,0,0,0,0,17437701,83888660,570621952,
FXLH,R128,FTPZD01FP3LY,,R128-P2_P22AEN-S3,,FXLH_F05-4FT-01_3_GATEKEEPER,FAIL,09-17-16:47:49,47.98,V2.2.3.2,Check_All_CB,FTPZD01FP3LY,Atlas 1.9.2,FTPZD01FP3LY,V2.2.3.2,1,0,0,0,0,0,0,0,0,0,0,0,0,3,0,0,0,3,0,3,3,3,0,0,0,0,0,0,0,3,0,0,0,2,0,4,4,3,0,0,0,15 00 00 00 ,FTPZD01FP3LY,Pass,DLX9373000YN4732G,WCS-J90004,R128-P2_P22AEN-S3_C01065,R128-P2,R128-P2_P22AEN-S3,C4P93150101JCPQ3H,GV29357000QN5TG2K,FM7934700B0KG9X4W+S5J,CR193560103JFK010,13 00 00 00 02 ,13 00 00 00 00,352,0x0160,3,0x03,2,02,1285,0x0505,A0 02 00 0B 00 0B 00 0B ,0,0x00,33,0x21,33,0x21,Pass,02 01 01 05 49 ,02 01 01 05 49,Read_MLB_Lang :02 01 01 05 49  ,  Get_KBD_Lang :02 01 01 05 49,16,0x10,8704,0,0,0,0,0,0,0,0,0,0,0,0,16777216,0,0,0,0,0,16842752,16777216,0,0,0,0,17437701,83888660,570621952,
