Related Test,Type,Name,Value
Scan FATP SN,Device,serialnumber,FTPZD005P3LY
Start Data Reporting,Device,softwarename,Atlas 1.9.2
Start Data Reporting,Device,serialnumber,FTPZD005P3LY
Start Data Reporting,Device,softwareversion,V2.2.4.5_forCYG
Start Data Reporting,Device,limitsversion,1
Query MLB SN,Device,MLB_SN,DLX93730006N47328
Read MLB SN,Device,Read_MLB_SN,DLX93730006N47328
MIX FW,Device,MIX_FW," ""1.0.3"""
Query SFC Lang,Device,QUERY_SFC_LANG,US ENGLISH
Write Lang Blob,Device,QUERY_SFC_LANG,US ENGLISH
Read Lang Blob,Device,ReadMLBblob,02 01 01 05 49
WO_NO,Device,WO_NO,WCR-J90002
UNIT LBL,Device,UNIT_LBL,R128-P2_P22AEN-S1_C01030
Read Matrix and Special Builds,Device,BUILD_EVENT,R128-P2
Read Matrix and Special Builds,Device,S_BUILD,R128-P2_P22AEN-S1
KBM_SN,Device,KBM_SN,C4P931500GAJCPQ3V
BACKLIGHT SN,Device,BACKLIGHT_SN,GV293570012N5TG24
TRACKPAD SN,Device,TRACKPAD_SN,FM7934700ERKG9X4W+S5J
TOUCH FLEX SN,Device,TOUCH_FLEX_SN,C47935506G8JFK02X
P line SN,Device,P_SN,DKB9374000DN5RQ0M
After Download Read CCG3 FW,Device,ReadCCG3FW,A0 02 00 0B 00 0B 00 0B 
