Related Test,Name-1,Name-2,Name-3,Status,Info,Measurement,Units,Upper Limit,Lower Limit,Relaxed Upper Limit,Relaxed Lower Limit,Limit Units,Start Time,End Time,Duration (s)
Scan FATP SN,,,,,,,,,,,,,Sep 19 2019 7:09:40.3800 PM,Sep 19 2019 7:09:41.8690 PM,1.4891
Scan FATP SN,Scan FATP SN,AtlasApp-Hyperion,show-form,PASS,,,,,,,,,Sep 19 2019 7:09:40.3820 PM,Sep 19 2019 7:09:41.8670 PM,1.4859
Start Data Reporting,,,,,,,,,,,,,Sep 19 2019 7:09:41.9120 PM,Sep 19 2019 7:09:41.9480 PM,.0357
Start Data Reporting,Start Data Reporting,DRCB,StartDataReporting,PASS,,,,,,,,,Sep 19 2019 7:09:41.9170 PM,Sep 19 2019 7:09:41.9470 PM,.0301
Start Control Bit,,,,,,,,,,,,,Sep 19 2019 7:09:41.9520 PM,Sep 19 2019 7:09:42.2910 PM,.339
Start Control Bit,Start Control Bit,DRCB,StartControlBits,PASS,,,,,,,,,Sep 19 2019 7:09:41.9530 PM,Sep 19 2019 7:09:42.2900 PM,.3367
PPORION OVP OUT 16V CURR,,,,,,,,,,,,,Sep 19 2019 7:09:42.2930 PM,Sep 19 2019 7:09:46.7550 PM,4.4618
PPORION OVP OUT 16V CURR,PPORION OVP OUT 16V CURR,[rpc] myiocontrol_TurnAllOff,,PASS,,,,,,,,,Sep 19 2019 7:09:42.2950 PM,Sep 19 2019 7:09:42.4260 PM,.131
PPORION OVP OUT 16V CURR,PPORION OVP OUT 16V CURR,[rpc] measure_get_current_init,,PASS,,,,,,,,,Sep 19 2019 7:09:42.6000 PM,Sep 19 2019 7:09:42.6790 PM,.0798
PPORION OVP OUT 16V CURR,PPORION OVP OUT 16V CURR,"[rpc] dutgpio_set_pin(7,1)",,PASS,,,,,,,,,Sep 19 2019 7:09:42.7900 PM,Sep 19 2019 7:09:42.7950 PM,.0048
PPORION OVP OUT 16V CURR,PPORION OVP OUT 16V CURR,"[rpc] dutgpio_set_pin(6,0)",,PASS,,,,,,,,,Sep 19 2019 7:09:42.9650 PM,Sep 19 2019 7:09:43.0100 PM,.0448
PPORION OVP OUT 16V CURR,PPORION OVP OUT 16V CURR,"[rpc] myiocontrol_set_Bit(25,1)",,PASS,,,,,,,,,Sep 19 2019 7:09:43.1860 PM,Sep 19 2019 7:09:43.2740 PM,.0883
PPORION OVP OUT 16V CURR,PPORION OVP OUT 16V CURR,"[rpc] myiocontrol_set_Bit(16,0)",,PASS,,,,,,,,,Sep 19 2019 7:09:43.4480 PM,Sep 19 2019 7:09:43.4540 PM,.0067
PPORION OVP OUT 16V CURR,PPORION OVP OUT 16V CURR,"[rpc] myiocontrol_set_Bit(24,1)",,PASS,,,,,,,,,Sep 19 2019 7:09:43.6280 PM,Sep 19 2019 7:09:43.6350 PM,.0066
PPORION OVP OUT 16V CURR,PPORION OVP OUT 16V CURR,"[rpc] item_PowerOnDUT(16,0.200000)",,PASS,,,,,,,,,Sep 19 2019 7:09:43.8090 PM,Sep 19 2019 7:09:44.7740 PM,.9649
PPORION OVP OUT 16V CURR,PPORION OVP OUT 16V CURR,[rpc] item_SysCurrent(1000mA),,PASS,,,,,,,,,Sep 19 2019 7:09:45.8500 PM,Sep 19 2019 7:09:46.7510 PM,.9016
PPORION OVP OUT 16V CURR,PPORION OVP OUT 16V CURR,Read_Orin_Curr_16V,,PASS,,10.8338848949,mA,11.5,10.5,,,mA,Sep 19 2019 7:09:46.7540 PM,Sep 19 2019 7:09:46.7540 PM,0
PPORION OVP OUT 5V2 CURR,,,,,,,,,,,,,Sep 19 2019 7:09:46.7600 PM,Sep 19 2019 7:09:52.5730 PM,5.8129
PPORION OVP OUT 5V2 CURR,PPORION OVP OUT 5V2 CURR,"[rpc] item_PowerOnDUT(5.200000,0.200000)",,PASS,,,,,,,,,Sep 19 2019 7:09:46.7620 PM,Sep 19 2019 7:09:47.7270 PM,.9653
PPORION OVP OUT 5V2 CURR,PPORION OVP OUT 5V2 CURR,[rpc] item_SysCurrent(1000mA),,PASS,,,,,,,,,Sep 19 2019 7:09:48.8030 PM,Sep 19 2019 7:09:49.6520 PM,.8486
PPORION OVP OUT 5V2 CURR,PPORION OVP OUT 5V2 CURR,[rpc] item_SysCurrent(1000mA)-2,,PASS,,,,,,,,,Sep 19 2019 7:09:51.7230 PM,Sep 19 2019 7:09:52.5720 PM,.8486
PPORION OVP OUT 5V2 CURR,PPORION OVP OUT 5V2 CURR,Read_Orin_Curr_5V2,,PASS,,12.6123460283,mA,30,7,,,mA,Sep 19 2019 7:09:52.5730 PM,Sep 19 2019 7:09:52.5730 PM,0
PPORION OVP OUT -16V CURR,,,,,,,,,,,,,Sep 19 2019 7:09:52.5760 PM,Sep 19 2019 7:09:55.3090 PM,2.7331
PPORION OVP OUT -16V CURR,PPORION OVP OUT -16V CURR,"[rpc] item_PowerOnDUT(-16,0.200000)",,PASS,,,,,,,,,Sep 19 2019 7:09:52.5770 PM,Sep 19 2019 7:09:53.5450 PM,.9685
PPORION OVP OUT -16V CURR,PPORION OVP OUT -16V CURR,[rpc] item_SysCurrent(1000mA),,PASS,,,,,,,,,Sep 19 2019 7:09:54.6180 PM,Sep 19 2019 7:09:55.3080 PM,.6898
PPORION OVP OUT -16V CURR,PPORION OVP OUT -16V CURR,Read_Orin_Curr_minus16V,,PASS,,-0.1533795852,mA,0.1,-0.3,,,mA,Sep 19 2019 7:09:55.3090 PM,Sep 19 2019 7:09:55.3090 PM,0
SYS IDBUS 6V VBUS 5V2 CURR,,,,,,,,,,,,,Sep 19 2019 7:09:55.3110 PM,Sep 19 2019 7:09:58.7790 PM,3.4681
SYS IDBUS 6V VBUS 5V2 CURR,SYS IDBUS 6V VBUS 5V2 CURR,[rpc] item_PowerOffDUT,,PASS,,,,,,,,,Sep 19 2019 7:09:55.3120 PM,Sep 19 2019 7:09:55.5360 PM,.2239
SYS IDBUS 6V VBUS 5V2 CURR,SYS IDBUS 6V VBUS 5V2 CURR,"[rpc] item_PowerOnIDBusAndVus(6,5.200000)",,PASS,,,,,,,,,Sep 19 2019 7:09:56.1060 PM,Sep 19 2019 7:09:56.9690 PM,.8635
SYS IDBUS 6V VBUS 5V2 CURR,SYS IDBUS 6V VBUS 5V2 CURR,[rpc] item_SysCurrent(10mA),,PASS,,,,,,,,,Sep 19 2019 7:09:58.0460 PM,Sep 19 2019 7:09:58.7780 PM,.732
SYS IDBUS 6V VBUS 5V2 CURR,SYS IDBUS 6V VBUS 5V2 CURR,MeasSysCurr6To5V2,,PASS,,0.2043715878,mA,0.23,0.19,,,mA,Sep 19 2019 7:09:58.7790 PM,Sep 19 2019 7:09:58.7790 PM,0
SYS IDBUS 6V VBUS 0V CURR,,,,,,,,,,,,,Sep 19 2019 7:09:58.7820 PM,Sep 19 2019 7:10:01.9970 PM,3.2157
SYS IDBUS 6V VBUS 0V CURR,SYS IDBUS 6V VBUS 0V CURR,"[rpc] item_PowerOnIDBusAndVus(6,0)",,PASS,,,,,,,,,Sep 19 2019 7:09:58.7830 PM,Sep 19 2019 7:09:59.6510 PM,.8679
SYS IDBUS 6V VBUS 0V CURR,SYS IDBUS 6V VBUS 0V CURR,[rpc] psu_setPSU_Disable,,PASS,,,,,,,,,Sep 19 2019 7:10:00.7220 PM,Sep 19 2019 7:10:00.7300 PM,.0083
SYS IDBUS 6V VBUS 0V CURR,SYS IDBUS 6V VBUS 0V CURR,[rpc] item_SysCurrent(10mA),,PASS,,,,,,,,,Sep 19 2019 7:10:01.3050 PM,Sep 19 2019 7:10:01.9960 PM,.691
SYS IDBUS 6V VBUS 0V CURR,SYS IDBUS 6V VBUS 0V CURR,MeasSysCurr6To0,,PASS,,0.1986597913,mA,0.22,0.19,,,mA,Sep 19 2019 7:10:01.9970 PM,Sep 19 2019 7:10:01.9970 PM,0
SYS IDBUS -4V VBUS 0V CURR,,,,,,,,,,,,,Sep 19 2019 7:10:02.0000 PM,Sep 19 2019 7:10:06.9140 PM,4.9137
SYS IDBUS -4V VBUS 0V CURR,SYS IDBUS -4V VBUS 0V CURR,"[rpc] myiocontrol_set_Bit(14,1)",,PASS,,,,,,,,,Sep 19 2019 7:10:02.0010 PM,Sep 19 2019 7:10:02.0090 PM,.0083
SYS IDBUS -4V VBUS 0V CURR,SYS IDBUS -4V VBUS 0V CURR,"[rpc] myiocontrol_set_Bit(12,1)",,PASS,,,,,,,,,Sep 19 2019 7:10:02.0110 PM,Sep 19 2019 7:10:02.0190 PM,.008
SYS IDBUS -4V VBUS 0V CURR,SYS IDBUS -4V VBUS 0V CURR,"[rpc] myiocontrol_set_Bit(9,1)",,PASS,,,,,,,,,Sep 19 2019 7:10:02.0210 PM,Sep 19 2019 7:10:02.0280 PM,.008
SYS IDBUS -4V VBUS 0V CURR,SYS IDBUS -4V VBUS 0V CURR,"[rpc] myiocontrol_set_Bit(24,1)",,PASS,,,,,,,,,Sep 19 2019 7:10:02.0300 PM,Sep 19 2019 7:10:02.0380 PM,.0081
SYS IDBUS -4V VBUS 0V CURR,SYS IDBUS -4V VBUS 0V CURR,"[rpc] item_PowerOnIDBusAndVus(-4.700000,0)",,PASS,,,,,,,,,Sep 19 2019 7:10:02.0400 PM,Sep 19 2019 7:10:02.9070 PM,.8672
SYS IDBUS -4V VBUS 0V CURR,SYS IDBUS -4V VBUS 0V CURR,[rpc] measure_get_voltage(6V),,PASS,,,,,,,,,Sep 19 2019 7:10:03.4770 PM,Sep 19 2019 7:10:03.7920 PM,.3148
SYS IDBUS -4V VBUS 0V CURR,SYS IDBUS -4V VBUS 0V CURR,[rpc] cyg_ps_SetPsVoltage(4.879979),,PASS,,,,,,,,,Sep 19 2019 7:10:03.7940 PM,Sep 19 2019 7:10:03.9490 PM,.1545
SYS IDBUS -4V VBUS 0V CURR,SYS IDBUS -4V VBUS 0V CURR,[rpc] measure_get_voltage(6V)-2,,PASS,,,,,,,,,Sep 19 2019 7:10:04.5230 PM,Sep 19 2019 7:10:04.8350 PM,.3116
SYS IDBUS -4V VBUS 0V CURR,SYS IDBUS -4V VBUS 0V CURR,[rpc] psu_setPSU_Disable,,PASS,,,,,,,,,Sep 19 2019 7:10:04.8360 PM,Sep 19 2019 7:10:04.8450 PM,.0083
SYS IDBUS -4V VBUS 0V CURR,SYS IDBUS -4V VBUS 0V CURR,[rpc] item_SysCurrent(1000mA),,PASS,,,,,,,,,Sep 19 2019 7:10:05.9210 PM,Sep 19 2019 7:10:06.6470 PM,.7256
SYS IDBUS -4V VBUS 0V CURR,SYS IDBUS -4V VBUS 0V CURR,[rpc] item_PowerOffIDBusAndVus,,PASS,,,,,,,,,Sep 19 2019 7:10:06.6480 PM,Sep 19 2019 7:10:06.8790 PM,.2305
SYS IDBUS -4V VBUS 0V CURR,SYS IDBUS -4V VBUS 0V CURR,SYS_IDBUS_-4V_VBUS_0V_CURR,,PASS,,-28.0892833297,mA,-25,-35,,,mA,Sep 19 2019 7:10:06.8800 PM,Sep 19 2019 7:10:06.8800 PM,0
SYS IDBUS -4V VBUS 0V CURR,SYS IDBUS -4V VBUS 0V CURR,"[rpc] myiocontrol_set_Bit(14,0)",,PASS,,,,,,,,,Sep 19 2019 7:10:06.8810 PM,Sep 19 2019 7:10:06.8880 PM,.0067
SYS IDBUS -4V VBUS 0V CURR,SYS IDBUS -4V VBUS 0V CURR,"[rpc] myiocontrol_set_Bit(12,0)",,PASS,,,,,,,,,Sep 19 2019 7:10:06.8890 PM,Sep 19 2019 7:10:06.8960 PM,.0066
SYS IDBUS -4V VBUS 0V CURR,SYS IDBUS -4V VBUS 0V CURR,"[rpc] myiocontrol_set_Bit(9,0)",,PASS,,,,,,,,,Sep 19 2019 7:10:06.8980 PM,Sep 19 2019 7:10:06.9050 PM,.007
SYS IDBUS -4V VBUS 0V CURR,SYS IDBUS -4V VBUS 0V CURR,"[rpc] myiocontrol_set_Bit(24,0)",,PASS,,,,,,,,,Sep 19 2019 7:10:06.9060 PM,Sep 19 2019 7:10:06.9130 PM,.0065
SYS IDBUS -4V VBUS 0V VOL,,,,,,,,,,,,,Sep 19 2019 7:10:06.9170 PM,Sep 19 2019 7:10:06.9170 PM,.0005
SYS IDBUS -4V VBUS 0V VOL,SYS IDBUS -4V VBUS 0V VOL,SYS IDBUS -4V VBUS 0V VOL,,PASS,,-3.9821580422418,V,-3.9,-4.1,,,V,Sep 19 2019 7:10:06.9170 PM,Sep 19 2019 7:10:06.9170 PM,0
P203 Power On Dut,,,,,,,,,,,,,Sep 19 2019 7:10:06.9190 PM,Sep 19 2019 7:10:29.0480 PM,22.1284
P203 Power On Dut,P203 Power On Dut,[rpc] item_TurnAllOffAfterInit,,PASS,,,,,,,,,Sep 19 2019 7:10:06.9210 PM,Sep 19 2019 7:10:08.0690 PM,1.1482
P203 Power On Dut,P203 Power On Dut,[rpc] psu_setPSU_init,,PASS,,,,,,,,,Sep 19 2019 7:10:08.0700 PM,Sep 19 2019 7:10:08.0750 PM,.0049
P203 Power On Dut,P203 Power On Dut,"[rpc] item_PowerOnDUT(1,1)",,PASS,,,,,,,,,Sep 19 2019 7:10:08.0760 PM,Sep 19 2019 7:10:09.0430 PM,.9667
P203 Power On Dut,P203 Power On Dut,"[rpc] dutgpio_set_pin(7,1)",,PASS,,,,,,,,,Sep 19 2019 7:10:09.0450 PM,Sep 19 2019 7:10:09.0500 PM,.0052
P203 Power On Dut,P203 Power On Dut,"[rpc] myiocontrol_set_Bit(24,0)",,PASS,,,,,,,,,Sep 19 2019 7:10:14.1260 PM,Sep 19 2019 7:10:14.1330 PM,.0071
P203 Power On Dut,P203 Power On Dut,"[rpc] item_PowerOnDUT(4.800000,1)",,PASS,,,,,,,,,Sep 19 2019 7:10:14.7090 PM,Sep 19 2019 7:10:15.6740 PM,.9646
P203 Power On Dut,P203 Power On Dut,[Hid] /usr/local/bin/hidreport -v 0x05ac -p 0x026F -i 0 set 0x3D 0x3D 0x13 0x0 0x0 0x0,,PASS,,,,,,,,,Sep 19 2019 7:10:17.7900 PM,Sep 19 2019 7:10:17.7900 PM,0
P203 Power On Dut,P203 Power On Dut,[Hid] /usr/local/bin/hidreport -v 0x05ac -p 0x026F -i 0 set 0x3E 0x3E 0x13 0x0 0x0 0x0 0x2,,PASS,,,,,,,,,Sep 19 2019 7:10:18.7940 PM,Sep 19 2019 7:10:18.7940 PM,0
P203 Power On Dut,P203 Power On Dut,[rpc] item_TurnAllOffAfterInit-2,,PASS,,,,,,,,,Sep 19 2019 7:10:19.2250 PM,Sep 19 2019 7:10:20.3730 PM,1.1487
P203 Power On Dut,P203 Power On Dut,[rpc] psu_setPSU_init-2,,PASS,,,,,,,,,Sep 19 2019 7:10:20.3750 PM,Sep 19 2019 7:10:20.3800 PM,.0049
P203 Power On Dut,P203 Power On Dut,"[rpc] item_PowerOnDUT(1,1)-2",,PASS,,,,,,,,,Sep 19 2019 7:10:20.3810 PM,Sep 19 2019 7:10:21.3460 PM,.965
P203 Power On Dut,P203 Power On Dut,"[rpc] dutgpio_set_pin(7,1)-2",,PASS,,,,,,,,,Sep 19 2019 7:10:21.3480 PM,Sep 19 2019 7:10:21.3520 PM,.0045
P203 Power On Dut,P203 Power On Dut,"[rpc] myiocontrol_set_Bit(24,0)-2",,PASS,,,,,,,,,Sep 19 2019 7:10:26.4240 PM,Sep 19 2019 7:10:26.4310 PM,.0068
P203 Power On Dut,P203 Power On Dut,"[rpc] item_PowerOnDUT(4.800000,1)-2",,PASS,,,,,,,,,Sep 19 2019 7:10:27.0070 PM,Sep 19 2019 7:10:27.9720 PM,.9647
Read MFI Address,,,,,,,,,,,,,Sep 19 2019 7:10:29.0550 PM,Sep 19 2019 7:10:29.5820 PM,.5263
Read MFI Address,Read MFI Address,[Hid] /usr/local/bin/hidreport -p 0x026F -v 0x05ac -i 0 get 0x5E,,PASS,,,,,,,,,Sep 19 2019 7:10:29.1910 PM,Sep 19 2019 7:10:29.1910 PM,0
Read MFI Address,Read MFI Address,GetMozartAddress pass,16,PASS,,,,,,,,,Sep 19 2019 7:10:29.5810 PM,Sep 19 2019 7:10:29.5810 PM,0
Read MFI Address,Read MFI Address,Read_MFI_Address,,PASS,,16,NA,16,16,,,NA,Sep 19 2019 7:10:29.5810 PM,Sep 19 2019 7:10:29.5810 PM,0
GreenPAK ID,,,,,,,,,,,,,Sep 19 2019 7:10:29.5840 PM,Sep 19 2019 7:10:30.0140 PM,.4303
GreenPAK ID,GreenPAK ID,"[Hid] /usr/local/bin/hidreport -p 0x026F -v 0x05ac -usage 0xff00,0xb get 0x90",,PASS,,,,,,,,,Sep 19 2019 7:10:29.6310 PM,Sep 19 2019 7:10:29.6310 PM,0
GreenPAK ID,GreenPAK ID,GREEN_PAK_PART1,,PASS,,2,,,,,,,Sep 19 2019 7:10:30.0130 PM,Sep 19 2019 7:10:30.0130 PM,0
GreenPAK ID,GreenPAK ID,GREEN_PAK,,PASS,,,,,,,,,Sep 19 2019 7:10:30.0140 PM,Sep 19 2019 7:10:30.0140 PM,0
Query SFC SN,,,,,,,,,,,,,Sep 19 2019 7:10:30.0170 PM,Sep 19 2019 7:10:30.1440 PM,.1271
Query SFC SN,Query SFC SN,SFCSupport,getAttributes,PASS,,,,,,,,,Sep 19 2019 7:10:30.0190 PM,Sep 19 2019 7:10:30.0710 PM,.0526
Query SFC SN,Query SFC SN,GET SFC info - pansa,DKB9374000DN5RQ0M,PASS,,,,,,,,,Sep 19 2019 7:10:30.0720 PM,Sep 19 2019 7:10:30.0720 PM,0
Query SFC SN,Query SFC SN,SFCSupport,getAttributes-2,PASS,,,,,,,,,Sep 19 2019 7:10:30.0740 PM,Sep 19 2019 7:10:30.0780 PM,.0044
Query SFC SN,Query SFC SN,GET SFC info - unit_lbl,R128-P2_P22AEN-S1_C01030,PASS,,,,,,,,,Sep 19 2019 7:10:30.0790 PM,Sep 19 2019 7:10:30.0790 PM,0
Query SFC SN,Query SFC SN,SFCSupport,getAttributes-3,PASS,,,,,,,,,Sep 19 2019 7:10:30.0810 PM,Sep 19 2019 7:10:30.0850 PM,.0041
Query SFC SN,Query SFC SN,GET SFC info - wo_no,WCR-J90002,PASS,,,,,,,,,Sep 19 2019 7:10:30.0850 PM,Sep 19 2019 7:10:30.0850 PM,0
Query SFC SN,Query SFC SN,SFCSupport,getAttributes-4,PASS,,,,,,,,,Sep 19 2019 7:10:30.0870 PM,Sep 19 2019 7:10:30.0920 PM,.0053
Query SFC SN,Query SFC SN,SFCSupport,getAttributes-5,PASS,,,,,,,,,Sep 19 2019 7:10:30.0940 PM,Sep 19 2019 7:10:30.0980 PM,.004
Query SFC SN,Query SFC SN,GET SFC info - trackpad_sn,FM7934700ERKG9X4W+S5J,PASS,,,,,,,,,Sep 19 2019 7:10:30.0990 PM,Sep 19 2019 7:10:30.0990 PM,0
Query SFC SN,Query SFC SN,SFCSupport,getAttributes-6,PASS,,,,,,,,,Sep 19 2019 7:10:30.1000 PM,Sep 19 2019 7:10:30.1050 PM,.005
Query SFC SN,Query SFC SN,GET SFC info - touch_flex_sn,C47935506G8JFK02X,PASS,,,,,,,,,Sep 19 2019 7:10:30.1060 PM,Sep 19 2019 7:10:30.1060 PM,0
Query SFC SN,Query SFC SN,SFCSupport,getAttributes-7,PASS,,,,,,,,,Sep 19 2019 7:10:30.1090 PM,Sep 19 2019 7:10:30.1130 PM,.004
Query SFC SN,Query SFC SN,GET SFC info - usbc_board_sn,DLX9366007WMW012X,PASS,,,,,,,,,Sep 19 2019 7:10:30.1140 PM,Sep 19 2019 7:10:30.1140 PM,0
Query SFC SN,Query SFC SN,SFCSupport,getAttributes-8,PASS,,,,,,,,,Sep 19 2019 7:10:30.1150 PM,Sep 19 2019 7:10:30.1190 PM,.0034
Query SFC SN,Query SFC SN,GET SFC info - bridge_pcb_sn,DLX9366005VP3VT62,PASS,,,,,,,,,Sep 19 2019 7:10:30.1190 PM,Sep 19 2019 7:10:30.1190 PM,0
Query SFC SN,Query SFC SN,SFCSupport,getAttributes-9,PASS,,,,,,,,,Sep 19 2019 7:10:30.1200 PM,Sep 19 2019 7:10:30.1250 PM,.0046
Query SFC SN,Query SFC SN,GET SFC info - backlight_sn,GV293570012N5TG24,PASS,,,,,,,,,Sep 19 2019 7:10:30.1260 PM,Sep 19 2019 7:10:30.1260 PM,0
Query SFC SN,Query SFC SN,SFCSupport,getAttributes-10,PASS,,,,,,,,,Sep 19 2019 7:10:30.1270 PM,Sep 19 2019 7:10:30.1320 PM,.0049
Query SFC SN,Query SFC SN,GET SFC info - orion_sn,LCN9362004MN3WT1Q,PASS,,,,,,,,,Sep 19 2019 7:10:30.1320 PM,Sep 19 2019 7:10:30.1320 PM,0
Query SFC SN,Query SFC SN,SFCSupport,getAttributes-11,PASS,,,,,,,,,Sep 19 2019 7:10:30.1330 PM,Sep 19 2019 7:10:30.1380 PM,.0043
Query SFC SN,Query SFC SN,GET SFC info - kbm_sn,C4P931500GAJCPQ3V,PASS,,,,,,,,,Sep 19 2019 7:10:30.1380 PM,Sep 19 2019 7:10:30.1380 PM,0
Query SFC SN,Query SFC SN,SFCSupport,getAttributes-12,PASS,,,,,,,,,Sep 19 2019 7:10:30.1390 PM,Sep 19 2019 7:10:30.1430 PM,.0036
Query SFC SN,Query SFC SN,GET SFC info - mlb_sn,DLX93730006N47328,PASS,,,,,,,,,Sep 19 2019 7:10:30.1440 PM,Sep 19 2019 7:10:30.1440 PM,0
Query MLB SN,,,,,,,,,,,,,Sep 19 2019 7:10:30.1470 PM,Sep 19 2019 7:10:30.1480 PM,.0005
Query MLB SN,Query MLB SN,uploadInfoFromSFC pass,,PASS,,,,,,,,,Sep 19 2019 7:10:30.1480 PM,Sep 19 2019 7:10:30.1480 PM,0
Read MLB SN,,,,,,,,,,,,,Sep 19 2019 7:10:30.1500 PM,Sep 19 2019 7:10:30.5940 PM,.4444
Read MLB SN,Read MLB SN,[Hid] /usr/local/bin/hidreport -p 0x026F -v 0x5ac -i 0 get 0x12,,PASS,,,,,,,,,Sep 19 2019 7:10:30.1990 PM,Sep 19 2019 7:10:30.1990 PM,0
Check MLB SN,,,,,,,,,,,,,Sep 19 2019 7:10:30.5970 PM,Sep 19 2019 7:10:30.5970 PM,.0005
Check MLB SN,Check MLB SN,ItemCheckSN pass,,PASS,,,,,,,,,Sep 19 2019 7:10:30.5970 PM,Sep 19 2019 7:10:30.5970 PM,0
MIX FW,,,,,,,,,,,,,Sep 19 2019 7:10:30.5990 PM,Sep 19 2019 7:10:30.6060 PM,.0072
MIX FW,MIX FW,[rpc] server_fw_version,,PASS,,,,,,,,,Sep 19 2019 7:10:30.6000 PM,Sep 19 2019 7:10:30.6050 PM,.0046
MIX FW,MIX FW,readMixFW pass," ""1.0.3""",PASS,,,,,,,,,Sep 19 2019 7:10:30.6060 PM,Sep 19 2019 7:10:30.6060 PM,0
TOUCH FW,,,,,,,,,,,,,Sep 19 2019 7:10:30.6090 PM,Sep 19 2019 7:10:31.0520 PM,.4422
TOUCH FW,TOUCH FW,[Hid] /usr/local/bin/hidreport -p 0x026F -v 0x05ac -i 0 get 0xbb,,PASS,,,,,,,,,Sep 19 2019 7:10:30.6620 PM,Sep 19 2019 7:10:30.6620 PM,0
TOUCH FW,TOUCH FW,Touch_FW,1285,PASS,,,,,,,,,Sep 19 2019 7:10:31.0510 PM,Sep 19 2019 7:10:31.0510 PM,0
TOUCH FW,TOUCH FW,TOUCH_FW,,PASS,,1285,NA,1285,1285,,,NA,Sep 19 2019 7:10:31.0510 PM,Sep 19 2019 7:10:31.0510 PM,0
STFW,,,,,,,,,,,,,Sep 19 2019 7:10:31.0540 PM,Sep 19 2019 7:10:31.5000 PM,.4459
STFW,STFW,[Hid] /usr/local/bin/hidreport -pid 0x026F -vid 0x05ac -interface 0 get 0xB4,,PASS,,,,,,,,,Sep 19 2019 7:10:31.1120 PM,Sep 19 2019 7:10:31.1120 PM,0
STFW,STFW,CheckFW pass,352,PASS,,,,,,,,,Sep 19 2019 7:10:31.4990 PM,Sep 19 2019 7:10:31.4990 PM,0
STFW,STFW,STFW,,PASS,,352,NA,352,352,,,NA,Sep 19 2019 7:10:31.5000 PM,Sep 19 2019 7:10:31.5000 PM,0
Production signed check,,,,,,,,,,,,,Sep 19 2019 7:10:31.5020 PM,Sep 19 2019 7:10:31.9420 PM,.4391
Production signed check,Production signed check,"[Hid] /usr/local/bin/hidreport -pid 0x026F -vid 0x05ac -usage 0xFF00,0x00B get 0x13",,PASS,,,,,,,,,Sep 19 2019 7:10:31.5510 PM,Sep 19 2019 7:10:31.5510 PM,0
Production signed check,Production signed check,CheckProductSign pass,0,PASS,,,,,,,,,Sep 19 2019 7:10:31.9410 PM,Sep 19 2019 7:10:31.9410 PM,0
Production signed check,Production signed check,Production_signed_check,,PASS,,0,NA,0,0,,,NA,Sep 19 2019 7:10:31.9410 PM,Sep 19 2019 7:10:31.9410 PM,0
KBD HW Layout,,,,,,,,,,,,,Sep 19 2019 7:10:31.9440 PM,Sep 19 2019 7:10:32.3850 PM,.4412
KBD HW Layout,KBD HW Layout,[Hid] /usr/local/bin/hidreport -pid 0x026F -vid 0x05ac -interface 1 get 0x04,,PASS,,,,,,,,,Sep 19 2019 7:10:31.9930 PM,Sep 19 2019 7:10:31.9930 PM,0
KBD HW Layout,KBD HW Layout,GetHWLanguage pass,33,PASS,,,,,,,,,Sep 19 2019 7:10:32.3850 PM,Sep 19 2019 7:10:32.3850 PM,0
KBD HW Layout,KBD HW Layout,KBD_HW_Layout,,PASS,,33,NA,,,,,,Sep 19 2019 7:10:32.3850 PM,Sep 19 2019 7:10:32.3850 PM,0
Read HW Version,,,,,,,,,,,,,Sep 19 2019 7:10:32.3880 PM,Sep 19 2019 7:10:32.8760 PM,.4882
Read HW Version,Read HW Version,"[Hid] /usr/local/bin/hidreport -p 0x026F -v 0x5ac -usage 0xff00,0xb get 0xbc",,PASS,,,,,,,,,Sep 19 2019 7:10:32.4420 PM,Sep 19 2019 7:10:32.4420 PM,0
Read HW Version,Read HW Version,ReadHWVesion pass,3,PASS,,,,,,,,,Sep 19 2019 7:10:32.8750 PM,Sep 19 2019 7:10:32.8750 PM,0
Read HW Version,Read HW Version,READ_HW_VERSION,,PASS,,3,NA,3,3,,,NA,Sep 19 2019 7:10:32.8760 PM,Sep 19 2019 7:10:32.8760 PM,0
Query SFC Lang,,,,,,,,,,,,,Sep 19 2019 7:10:32.8790 PM,Sep 19 2019 7:10:32.8790 PM,.0006
Query SFC Lang,Query SFC Lang,QuerySFCLang pass,US,PASS,,,,,,,,,Sep 19 2019 7:10:32.8790 PM,Sep 19 2019 7:10:32.8790 PM,0
Write Lang Blob,,,,,,,,,,,,,Sep 19 2019 7:10:32.8810 PM,Sep 19 2019 7:10:34.7090 PM,1.8283
Write Lang Blob,Write Lang Blob,QuerySFCLang pass,US,PASS,,,,,,,,,Sep 19 2019 7:10:32.8820 PM,Sep 19 2019 7:10:32.8820 PM,0
Write Lang Blob,Write Lang Blob,[Hid] /usr/local/bin/shfuc -n -v 0x05ac -p 0x026F -f /usr/local/bin/Calblob/r128-KeyCal-US.bin,,PASS,,,,,,,,,Sep 19 2019 7:10:34.3220 PM,Sep 19 2019 7:10:34.3220 PM,0
Write Lang Blob,Write Lang Blob,WriteMLBblob pass,FW update succeeded,PASS,,,,,,,,,Sep 19 2019 7:10:34.7090 PM,Sep 19 2019 7:10:34.7090 PM,0
Read Lang Blob,,,,,,,,,,,,,Sep 19 2019 7:10:34.7120 PM,Sep 19 2019 7:10:44.9400 PM,10.2279
Read Lang Blob,Read Lang Blob,[rpc] item_TurnAllOffAfterInit,,PASS,,,,,,,,,Sep 19 2019 7:10:34.7130 PM,Sep 19 2019 7:10:35.8620 PM,1.1489
Read Lang Blob,Read Lang Blob,[rpc] psu_setPSU_init,,PASS,,,,,,,,,Sep 19 2019 7:10:35.8640 PM,Sep 19 2019 7:10:35.8680 PM,.0048
Read Lang Blob,Read Lang Blob,"[rpc] item_PowerOnDUT(1,1)",,PASS,,,,,,,,,Sep 19 2019 7:10:35.8700 PM,Sep 19 2019 7:10:36.8370 PM,.9674
Read Lang Blob,Read Lang Blob,"[rpc] dutgpio_set_pin(7,1)",,PASS,,,,,,,,,Sep 19 2019 7:10:36.8390 PM,Sep 19 2019 7:10:36.8430 PM,.0045
Read Lang Blob,Read Lang Blob,"[rpc] myiocontrol_set_Bit(24,0)",,PASS,,,,,,,,,Sep 19 2019 7:10:41.9180 PM,Sep 19 2019 7:10:41.9250 PM,.0068
Read Lang Blob,Read Lang Blob,"[rpc] item_PowerOnDUT(4.800000,1)",,PASS,,,,,,,,,Sep 19 2019 7:10:42.4960 PM,Sep 19 2019 7:10:43.4610 PM,.9646
Read Lang Blob,Read Lang Blob,"[Hid] /usr/local/bin/hidreport -p 0x026F -v 0x5ac -usage 0x001,0x006 get 0x02",,PASS,,,,,,,,,Sep 19 2019 7:10:44.5530 PM,Sep 19 2019 7:10:44.5530 PM,0
Read Lang Blob,Read Lang Blob,ReadBlob pass,02 01 01 05 49,PASS,,,,,,,,,Sep 19 2019 7:10:44.9390 PM,Sep 19 2019 7:10:44.9390 PM,0
WO_NO,,,,,,,,,,,,,Sep 19 2019 7:10:44.9430 PM,Sep 19 2019 7:10:44.9430 PM,.0005
WO_NO,WO_NO,uploadInfoFromSFC pass,,PASS,,,,,,,,,Sep 19 2019 7:10:44.9430 PM,Sep 19 2019 7:10:44.9430 PM,0
UNIT LBL,,,,,,,,,,,,,Sep 19 2019 7:10:44.9450 PM,Sep 19 2019 7:10:44.9460 PM,.0005
UNIT LBL,UNIT LBL,uploadInfoFromSFC pass,,PASS,,,,,,,,,Sep 19 2019 7:10:44.9450 PM,Sep 19 2019 7:10:44.9450 PM,0
Read Matrix and Special Builds,,,,,,,,,,,,,Sep 19 2019 7:10:44.9470 PM,Sep 19 2019 7:10:44.9480 PM,.0007
Read Matrix and Special Builds,Read Matrix and Special Builds,BUILD_EVENT: R128-P2,,PASS,,,,,,,,,Sep 19 2019 7:10:44.9480 PM,Sep 19 2019 7:10:44.9480 PM,0
Read Matrix and Special Builds,Read Matrix and Special Builds,S_BUILD: R128-P2_P22AEN-S1,,PASS,,,,,,,,,Sep 19 2019 7:10:44.9480 PM,Sep 19 2019 7:10:44.9480 PM,0
KBM_SN,,,,,,,,,,,,,Sep 19 2019 7:10:44.9500 PM,Sep 19 2019 7:10:44.9510 PM,.0005
KBM_SN,KBM_SN,uploadInfoFromSFC pass,,PASS,,,,,,,,,Sep 19 2019 7:10:44.9510 PM,Sep 19 2019 7:10:44.9510 PM,0
BACKLIGHT SN,,,,,,,,,,,,,Sep 19 2019 7:10:44.9530 PM,Sep 19 2019 7:10:44.9540 PM,.0006
BACKLIGHT SN,BACKLIGHT SN,uploadInfoFromSFC pass,,PASS,,,,,,,,,Sep 19 2019 7:10:44.9530 PM,Sep 19 2019 7:10:44.9530 PM,0
TRACKPAD SN,,,,,,,,,,,,,Sep 19 2019 7:10:44.9570 PM,Sep 19 2019 7:10:44.9570 PM,.0006
TRACKPAD SN,TRACKPAD SN,uploadInfoFromSFC pass,,PASS,,,,,,,,,Sep 19 2019 7:10:44.9570 PM,Sep 19 2019 7:10:44.9570 PM,0
TOUCH FLEX SN,,,,,,,,,,,,,Sep 19 2019 7:10:44.9600 PM,Sep 19 2019 7:10:44.9600 PM,.0006
TOUCH FLEX SN,TOUCH FLEX SN,uploadInfoFromSFC pass,,PASS,,,,,,,,,Sep 19 2019 7:10:44.9600 PM,Sep 19 2019 7:10:44.9600 PM,0
P line SN,,,,,,,,,,,,,Sep 19 2019 7:10:44.9630 PM,Sep 19 2019 7:10:44.9640 PM,.0006
P line SN,P line SN,uploadInfoFromSFC pass,,PASS,,,,,,,,,Sep 19 2019 7:10:44.9630 PM,Sep 19 2019 7:10:44.9630 PM,0
Power Cycle,,,,,,,,,,,,,Sep 19 2019 7:10:44.9660 PM,Sep 19 2019 7:10:55.7880 PM,10.8219
Power Cycle,Power Cycle,[rpc] item_TurnAllOffAfterInit,,PASS,,,,,,,,,Sep 19 2019 7:10:44.9680 PM,Sep 19 2019 7:10:46.1180 PM,1.1499
Power Cycle,Power Cycle,[rpc] psu_setPSU_init,,PASS,,,,,,,,,Sep 19 2019 7:10:46.1190 PM,Sep 19 2019 7:10:46.1240 PM,.005
Power Cycle,Power Cycle,"[rpc] item_PowerOnDUT(1,1)",,PASS,,,,,,,,,Sep 19 2019 7:10:46.1260 PM,Sep 19 2019 7:10:47.0920 PM,.9666
Power Cycle,Power Cycle,"[rpc] dutgpio_set_pin(7,1)",,PASS,,,,,,,,,Sep 19 2019 7:10:47.0940 PM,Sep 19 2019 7:10:47.1010 PM,.0065
Power Cycle,Power Cycle,"[rpc] myiocontrol_set_Bit(24,0)",,PASS,,,,,,,,,Sep 19 2019 7:10:52.1690 PM,Sep 19 2019 7:10:52.1780 PM,.0096
Power Cycle,Power Cycle,"[rpc] item_PowerOnDUT(4.800000,1)",,PASS,,,,,,,,,Sep 19 2019 7:10:52.7520 PM,Sep 19 2019 7:10:53.7170 PM,.9651
Orion Power SYS CURRENT IDLE,,,,,,,,,,,,,Sep 19 2019 7:10:55.7900 PM,Sep 19 2019 7:11:00.3590 PM,4.5682
Orion Power SYS CURRENT IDLE,Orion Power SYS CURRENT IDLE,"[Hid] /usr/local/bin/hidreport -p 0x026F -v 0x5ac -usage 0xff00,0xf set 1 1 0",,PASS,,,,,,,,,Sep 19 2019 7:10:55.8520 PM,Sep 19 2019 7:10:55.8520 PM,0
Orion Power SYS CURRENT IDLE,Orion Power SYS CURRENT IDLE,"[Hid] /usr/local/bin/hidreport -p 0x026F -v 0x5ac -usage 0xff00,0xb set 0xce 0xce 3 3 1",,PASS,,,,,,,,,Sep 19 2019 7:10:56.2910 PM,Sep 19 2019 7:10:56.2910 PM,0
Orion Power SYS CURRENT IDLE,Orion Power SYS CURRENT IDLE,"[Hid] /usr/local/bin/hidreport -p 0x026F -v 0x5ac -usage 0xFF00,0xb set 0xCE 0xCE 1 5 1",,PASS,,,,,,,,,Sep 19 2019 7:10:56.7190 PM,Sep 19 2019 7:10:56.7190 PM,0
Orion Power SYS CURRENT IDLE,Orion Power SYS CURRENT IDLE,"[Hid] /usr/local/bin/hidreport -p 0x026F -v 0x5ac -usage 0xff00,0xb set 0xce 0xce 4 7 1",,PASS,,,,,,,,,Sep 19 2019 7:10:57.2040 PM,Sep 19 2019 7:10:57.2040 PM,0
Orion Power SYS CURRENT IDLE,Orion Power SYS CURRENT IDLE,"[Hid] /usr/local/bin/hidreport -p 0x026F -v 0x5ac -usage 0xff00,0xb set 0x21 0x21 0x1",,PASS,,,,,,,,,Sep 19 2019 7:10:57.6340 PM,Sep 19 2019 7:10:57.6340 PM,0
Orion Power SYS CURRENT IDLE,Orion Power SYS CURRENT IDLE,"[Hid] /usr/local/bin/hidreport -p 0x026F -v 0x5ac -usage 0xff00,0xb set 0xce 0xce 6 6 1",,PASS,,,,,,,,,Sep 19 2019 7:10:58.0610 PM,Sep 19 2019 7:10:58.0610 PM,0
Orion Power SYS CURRENT IDLE,Orion Power SYS CURRENT IDLE,[rpc] item_SysCurrent(1000mA),,PASS,,,,,,,,,Sep 19 2019 7:10:59.5090 PM,Sep 19 2019 7:11:00.3570 PM,.8488
Orion Power SYS CURRENT IDLE,Orion Power SYS CURRENT IDLE,SYS CURRENT IDLE,,PASS,,0.9585089181999999,mA,1.75,0.5,,,mA,Sep 19 2019 7:11:00.3580 PM,Sep 19 2019 7:11:00.3580 PM,0
System Curr caps lock LED is on,,,,,,,,,,,,,Sep 19 2019 7:11:00.3610 PM,Sep 19 2019 7:11:02.7860 PM,2.4243
System Curr caps lock LED is on,System Curr caps lock LED is on,"[Hid] /usr/local/bin/hidreport -p 0x026F -v 0x5ac -usage 0xff00,0xb set 0xCE 0xCE 3 3 0",,PASS,,,,,,,,,Sep 19 2019 7:11:00.4580 PM,Sep 19 2019 7:11:00.4580 PM,0
System Curr caps lock LED is on,System Curr caps lock LED is on,[rpc] item_SysCurrent(1000mA),,PASS,,,,,,,,,Sep 19 2019 7:11:01.9230 PM,Sep 19 2019 7:11:02.7840 PM,.8617
System Curr caps lock LED is on,System Curr caps lock LED is on,SystemCurrentLockOn,,PASS,,20.0356837521,mA,22.4,17.7,,,mA,Sep 19 2019 7:11:02.7850 PM,Sep 19 2019 7:11:02.7850 PM,0
System Curr caps lock LED is off,,,,,,,,,,,,,Sep 19 2019 7:11:02.7890 PM,Sep 19 2019 7:11:05.1830 PM,2.3949
System Curr caps lock LED is off,System Curr caps lock LED is off,"[Hid] /usr/local/bin/hidreport -p 0x026F -v 0x5ac -usage 0xff00,0xb set 0xCE 0xCE 3 3 1",,PASS,,,,,,,,,Sep 19 2019 7:11:02.8850 PM,Sep 19 2019 7:11:02.8850 PM,0
System Curr caps lock LED is off,System Curr caps lock LED is off,[rpc] item_SysCurrent(1000mA),,PASS,,,,,,,,,Sep 19 2019 7:11:04.3350 PM,Sep 19 2019 7:11:05.1820 PM,.8474
System Curr caps lock LED is off,System Curr caps lock LED is off,SystemCurrentLockOff,,PASS,,0.9806754044,mA,1.75,0.5,,,mA,Sep 19 2019 7:11:05.1830 PM,Sep 19 2019 7:11:05.1830 PM,0
Orion Power SYS CURRENT BLC ONLY,,,,,,,,,,,,,Sep 19 2019 7:11:05.1860 PM,Sep 19 2019 7:11:08.0840 PM,2.8985
Orion Power SYS CURRENT BLC ONLY,Orion Power SYS CURRENT BLC ONLY,"[Hid] /usr/local/bin/hidreport -p 0x026F -v 0x5ac -usage 0xFF00,0xF set 0x01 0x01 0x01",,PASS,,,,,,,,,Sep 19 2019 7:11:05.2950 PM,Sep 19 2019 7:11:05.2950 PM,0
Orion Power SYS CURRENT BLC ONLY,Orion Power SYS CURRENT BLC ONLY,[rpc] item_SysCurrent(1000mA),,PASS,,,,,,,,,Sep 19 2019 7:11:06.7480 PM,Sep 19 2019 7:11:07.6040 PM,.8561
Orion Power SYS CURRENT BLC ONLY,Orion Power SYS CURRENT BLC ONLY,CurrBacklight,,PASS,,3.5598808222,mA,4.2,2.9,,,mA,Sep 19 2019 7:11:07.6050 PM,Sep 19 2019 7:11:07.6050 PM,0
Orion Power SYS CURRENT BLC ONLY,Orion Power SYS CURRENT BLC ONLY,"[Hid] /usr/local/bin/hidreport -p 0x026F -v 0x5ac -usage 0xff00,0xf set 0x1 0x1 0x0",,PASS,,,,,,,,,Sep 19 2019 7:11:07.7000 PM,Sep 19 2019 7:11:07.7000 PM,0
Orion Power SYS CURRENT USBC Alt power ONLY,,,,,,,,,,,,,Sep 19 2019 7:11:08.0870 PM,Sep 19 2019 7:11:10.9600 PM,2.8734
Orion Power SYS CURRENT USBC Alt power ONLY,Orion Power SYS CURRENT USBC Alt power ONLY,"[Hid] /usr/local/bin/hidreport -p 0x026F -v 0x5ac -usage 0xff00,0xb set 0xce 0xce 6 6 0",,PASS,,,,,,,,,Sep 19 2019 7:11:08.1820 PM,Sep 19 2019 7:11:08.1820 PM,0
Orion Power SYS CURRENT USBC Alt power ONLY,Orion Power SYS CURRENT USBC Alt power ONLY,[rpc] item_SysCurrent(1000mA),,PASS,,,,,,,,,Sep 19 2019 7:11:09.6340 PM,Sep 19 2019 7:11:10.4840 PM,.8502
Orion Power SYS CURRENT USBC Alt power ONLY,Orion Power SYS CURRENT USBC Alt power ONLY,CurrUSB,,PASS,,3.3598580256,mA,3.75,2.6,,,mA,Sep 19 2019 7:11:10.4850 PM,Sep 19 2019 7:11:10.4850 PM,0
Orion Power SYS CURRENT USBC Alt power ONLY,Orion Power SYS CURRENT USBC Alt power ONLY,"[Hid] /usr/local/bin/hidreport -p 0x026F -v 0x5ac -usage 0xff00,0xb set 0xce 0xce 6 6 1",,PASS,,,,,,,,,Sep 19 2019 7:11:10.5780 PM,Sep 19 2019 7:11:10.5780 PM,0
Orion Power SYS CURRENT Energy storage ONLY,,,,,,,,,,,,,Sep 19 2019 7:11:10.9630 PM,Sep 19 2019 7:11:13.7950 PM,2.8327
Orion Power SYS CURRENT Energy storage ONLY,Orion Power SYS CURRENT Energy storage ONLY,"[Hid] /usr/local/bin/hidreport -p 0x026F -v 0x5ac -usage 0xFF00,0xb set 0xCE 0xCE 1 5 0",,PASS,,,,,,,,,Sep 19 2019 7:11:11.0580 PM,Sep 19 2019 7:11:11.0580 PM,0
Orion Power SYS CURRENT Energy storage ONLY,Orion Power SYS CURRENT Energy storage ONLY,[rpc] item_SysCurrent(1000mA),,PASS,,,,,,,,,Sep 19 2019 7:11:12.5090 PM,Sep 19 2019 7:11:13.3630 PM,.854
Orion Power SYS CURRENT Energy storage ONLY,Orion Power SYS CURRENT Energy storage ONLY,CurrEnergy,,PASS,,1.2357186731,mA,1.8,0.9,,,mA,Sep 19 2019 7:11:13.3640 PM,Sep 19 2019 7:11:13.3640 PM,0
Orion Power SYS CURRENT Energy storage ONLY,Orion Power SYS CURRENT Energy storage ONLY,"[Hid] /usr/local/bin/hidreport -p 0x026F -v 0x5ac -usage 0xFF00,0xb set 0xCE 0xCE 1 5 1",,PASS,,,,,,,,,Sep 19 2019 7:11:13.4070 PM,Sep 19 2019 7:11:13.4070 PM,0
Orion Power SYS CURRENT MFI ONLY,,,,,,,,,,,,,Sep 19 2019 7:11:13.7980 PM,Sep 19 2019 7:11:16.6810 PM,2.8831
Orion Power SYS CURRENT MFI ONLY,Orion Power SYS CURRENT MFI ONLY,"[Hid] /usr/local/bin/hidreport -p 0x026F -v 0x5ac -usage 0xff00,0xb set 0xce 0xce 4 7 0",,PASS,,,,,,,,,Sep 19 2019 7:11:13.8940 PM,Sep 19 2019 7:11:13.8940 PM,0
Orion Power SYS CURRENT MFI ONLY,Orion Power SYS CURRENT MFI ONLY,[rpc] item_SysCurrent(1000mA),,PASS,,,,,,,,,Sep 19 2019 7:11:15.3450 PM,Sep 19 2019 7:11:16.1960 PM,.8517
Orion Power SYS CURRENT MFI ONLY,Orion Power SYS CURRENT MFI ONLY,CurrMFI,,PASS,,0.9059503099,mA,1.75,0.5,,,mA,Sep 19 2019 7:11:16.1970 PM,Sep 19 2019 7:11:16.1970 PM,0
Orion Power SYS CURRENT MFI ONLY,Orion Power SYS CURRENT MFI ONLY,"[Hid] /usr/local/bin/hidreport -p 0x026F -v 0x5ac -usage 0xff00,0xb set 0xce 0xce 4 7 1",,PASS,,,,,,,,,Sep 19 2019 7:11:16.2920 PM,Sep 19 2019 7:11:16.2920 PM,0
Orion Power SYS CURRENT Energy storage,,,,,,,,,,,,,Sep 19 2019 7:11:16.6840 PM,Sep 19 2019 7:11:19.5770 PM,2.8929
Orion Power SYS CURRENT Energy storage,Orion Power SYS CURRENT Energy storage,"[Hid] /usr/local/bin/hidreport -p 0x026F -v 0x5ac -usage 0xFF00,0xb set 0xCE 0xCE 1 5 0",,PASS,,,,,,,,,Sep 19 2019 7:11:16.7860 PM,Sep 19 2019 7:11:16.7860 PM,0
Orion Power SYS CURRENT Energy storage,Orion Power SYS CURRENT Energy storage,[rpc] item_SysCurrent(1000mA),,PASS,,,,,,,,,Sep 19 2019 7:11:18.2500 PM,Sep 19 2019 7:11:19.1000 PM,.8498
Orion Power SYS CURRENT Energy storage,Orion Power SYS CURRENT Energy storage,CurrBackupDisBoostEn,,PASS,,1.243060563,mA,1.75,0.5,,,mA,Sep 19 2019 7:11:19.1010 PM,Sep 19 2019 7:11:19.1010 PM,0
Orion Power SYS CURRENT Energy storage,Orion Power SYS CURRENT Energy storage,"[Hid] /usr/local/bin/hidreport -p 0x026F -v 0x5ac -usage 0xFF00,0xb set 0xCE 0xCE 1 5 1",,PASS,,,,,,,,,Sep 19 2019 7:11:19.1960 PM,Sep 19 2019 7:11:19.1960 PM,0
Orion Power SYS CURRENT TOUCH ONLY,,,,,,,,,,,,,Sep 19 2019 7:11:19.5790 PM,Sep 19 2019 7:11:22.6830 PM,3.1032
Orion Power SYS CURRENT TOUCH ONLY,Orion Power SYS CURRENT TOUCH ONLY,"[Hid] /usr/local/bin/hidreport -p 0x026F -v 0x5ac -usage 0xff00,0xb set 0x21 0x21 0x4",,PASS,,,,,,,,,Sep 19 2019 7:11:19.8850 PM,Sep 19 2019 7:11:19.8850 PM,0
Orion Power SYS CURRENT TOUCH ONLY,Orion Power SYS CURRENT TOUCH ONLY,[rpc] item_SysCurrent(1000mA),,PASS,,,,,,,,,Sep 19 2019 7:11:21.3380 PM,Sep 19 2019 7:11:22.1920 PM,.8547
Orion Power SYS CURRENT TOUCH ONLY,Orion Power SYS CURRENT TOUCH ONLY,CurrTouch,,PASS,,12.4147899512,mA,15,11,,,mA,Sep 19 2019 7:11:22.1930 PM,Sep 19 2019 7:11:22.1930 PM,0
Orion Power SYS CURRENT TOUCH ONLY,Orion Power SYS CURRENT TOUCH ONLY,"[Hid] /usr/local/bin/hidreport -p 0x026F -v 0x5ac -usage 0xff00,0xb set 0x21 0x21 0x1",,PASS,,,,,,,,,Sep 19 2019 7:11:22.2930 PM,Sep 19 2019 7:11:22.2930 PM,0
Orion Power SYS CURRENT ALL RAILS,,,,,,,,,,,,,Sep 19 2019 7:11:22.6850 PM,Sep 19 2019 7:11:32.1860 PM,9.5006
Orion Power SYS CURRENT ALL RAILS,Orion Power SYS CURRENT ALL RAILS,"[Hid] /usr/local/bin/hidreport -p 0x026F -v 0x5ac -usage 0xFF00,0xF set 1 1 1",,PASS,,,,,,,,,Sep 19 2019 7:11:22.7880 PM,Sep 19 2019 7:11:22.7880 PM,0
Orion Power SYS CURRENT ALL RAILS,Orion Power SYS CURRENT ALL RAILS,"[Hid] /usr/local/bin/hidreport -p 0x026F -v 0x5ac -usage 0xff00,0xb set 0xce 0xce 3 3 0",,PASS,,,,,,,,,Sep 19 2019 7:11:23.2730 PM,Sep 19 2019 7:11:23.2730 PM,0
Orion Power SYS CURRENT ALL RAILS,Orion Power SYS CURRENT ALL RAILS,"[Hid] /usr/local/bin/hidreport -p 0x026F -v 0x5ac -usage 0xFF00,0xb set 0xCE 0xCE 1 5 0",,PASS,,,,,,,,,Sep 19 2019 7:11:23.7530 PM,Sep 19 2019 7:11:23.7530 PM,0
Orion Power SYS CURRENT ALL RAILS,Orion Power SYS CURRENT ALL RAILS,"[Hid] /usr/local/bin/hidreport -p 0x026F -v 0x5ac -usage 0xff00,0xb set 0xce 0xce 4 7 0",,PASS,,,,,,,,,Sep 19 2019 7:11:24.2360 PM,Sep 19 2019 7:11:24.2360 PM,0
Orion Power SYS CURRENT ALL RAILS,Orion Power SYS CURRENT ALL RAILS,"[Hid] /usr/local/bin/hidreport -p 0x026F -v 0x5ac -usage 0xff00,0xb set 0x21 0x21 0x4",,PASS,,,,,,,,,Sep 19 2019 7:11:24.9290 PM,Sep 19 2019 7:11:24.9290 PM,0
Orion Power SYS CURRENT ALL RAILS,Orion Power SYS CURRENT ALL RAILS,"[Hid] /usr/local/bin/hidreport -p 0x026F -v 0x5ac -usage 0xff00,0xb set 0xce 0xce 6 6 0",,PASS,,,,,,,,,Sep 19 2019 7:11:25.4130 PM,Sep 19 2019 7:11:25.4130 PM,0
Orion Power SYS CURRENT ALL RAILS,Orion Power SYS CURRENT ALL RAILS,[rpc] item_SysCurrent(1000mA),,PASS,,,,,,,,,Sep 19 2019 7:11:27.8730 PM,Sep 19 2019 7:11:28.7210 PM,.8474
Orion Power SYS CURRENT ALL RAILS,Orion Power SYS CURRENT ALL RAILS,SYS CURRENT ALL RAILS,,PASS,,27.8662074455,mA,35,20,,,mA,Sep 19 2019 7:11:28.7220 PM,Sep 19 2019 7:11:28.7220 PM,0
Orion Power SYS CURRENT ALL RAILS,Orion Power SYS CURRENT ALL RAILS,"[Hid] /usr/local/bin/hidreport -p 0x026F -v 0x5ac -usage 0xff00,0xf set 1 1 0",,PASS,,,,,,,,,Sep 19 2019 7:11:28.8170 PM,Sep 19 2019 7:11:28.8170 PM,0
Orion Power SYS CURRENT ALL RAILS,Orion Power SYS CURRENT ALL RAILS,"[Hid] /usr/local/bin/hidreport -p 0x026F -v 0x5ac -usage 0xff00,0xb set 0xce 0xce 3 3 1",,PASS,,,,,,,,,Sep 19 2019 7:11:29.2940 PM,Sep 19 2019 7:11:29.2940 PM,0
Orion Power SYS CURRENT ALL RAILS,Orion Power SYS CURRENT ALL RAILS,"[Hid] /usr/local/bin/hidreport -p 0x026F -v 0x5ac -usage 0xFF00,0xb set 0xCE 0xCE 1 5 1",,PASS,,,,,,,,,Sep 19 2019 7:11:29.7770 PM,Sep 19 2019 7:11:29.7770 PM,0
Orion Power SYS CURRENT ALL RAILS,Orion Power SYS CURRENT ALL RAILS,"[Hid] /usr/local/bin/hidreport -p 0x026F -v 0x5ac -usage 0xff00,0xb set 0xce 0xce 4 7 1",,PASS,,,,,,,,,Sep 19 2019 7:11:30.2580 PM,Sep 19 2019 7:11:30.2580 PM,0
Orion Power SYS CURRENT ALL RAILS,Orion Power SYS CURRENT ALL RAILS,"[Hid] /usr/local/bin/hidreport -p 0x026F -v 0x5ac -usage 0xff00,0xb set 0x21 0x21 0x1",,PASS,,,,,,,,,Sep 19 2019 7:11:30.7470 PM,Sep 19 2019 7:11:30.7470 PM,0
Orion Power SYS CURRENT ALL RAILS,Orion Power SYS CURRENT ALL RAILS,"[Hid] /usr/local/bin/hidreport -p 0x026F -v 0x5ac -usage 0xff00,0xb set 0xce 0xce 6 6 1",,PASS,,,,,,,,,Sep 19 2019 7:11:31.2300 PM,Sep 19 2019 7:11:31.2300 PM,0
Orion Power SysTem Curr Leds to 0% Brightness,,,,,,,,,,,,,Sep 19 2019 7:11:32.1890 PM,Sep 19 2019 7:11:36.0900 PM,3.9013
Orion Power SysTem Curr Leds to 0% Brightness,Orion Power SysTem Curr Leds to 0% Brightness,"[Hid] /usr/local/bin/hidreport -p 0x026F -v 0x5ac -usage 0xff00,0xf set 0x01 0x01 0x01",,PASS,,,,,,,,,Sep 19 2019 7:11:32.2920 PM,Sep 19 2019 7:11:32.2920 PM,0
Orion Power SysTem Curr Leds to 0% Brightness,Orion Power SysTem Curr Leds to 0% Brightness,"[Hid] /usr/local/bin/hidreport -p 0x026F -v 0x5ac -usage 0xff00,0xf set 0x3 0x3 0x19",,PASS,,,,,,,,,Sep 19 2019 7:11:33.2940 PM,Sep 19 2019 7:11:33.2940 PM,0
Orion Power SysTem Curr Leds to 0% Brightness,Orion Power SysTem Curr Leds to 0% Brightness,"[Hid] /usr/local/bin/hidreport -p 0x026F -v 0x5ac -usage 0xff00,0xf set 0x02 0x02 0x00 0x00",,PASS,,,,,,,,,Sep 19 2019 7:11:33.7770 PM,Sep 19 2019 7:11:33.7770 PM,0
Orion Power SysTem Curr Leds to 0% Brightness,Orion Power SysTem Curr Leds to 0% Brightness,[rpc] item_SysCurrent(1000mA),,PASS,,,,,,,,,Sep 19 2019 7:11:35.2320 PM,Sep 19 2019 7:11:36.0890 PM,.8568
Orion Power SysTem Curr Leds to 0% Brightness,Orion Power SysTem Curr Leds to 0% Brightness,Sys_led_percent0,,PASS,,3.5066545486,mA,4.2,2.9,,,mA,Sep 19 2019 7:11:36.0900 PM,Sep 19 2019 7:11:36.0900 PM,0
Orion Power SysTem Curr Leds to 1% Brightness,,,,,,,,,,,,,Sep 19 2019 7:11:36.0930 PM,Sep 19 2019 7:11:38.4850 PM,2.3917
Orion Power SysTem Curr Leds to 1% Brightness,Orion Power SysTem Curr Leds to 1% Brightness,"[Hid] /usr/local/bin/hidreport -p 0x026F -v 0x5ac -usage 0xff00,0xf set 0x02 0x02 0x14 0x00",,PASS,,,,,,,,,Sep 19 2019 7:11:36.1870 PM,Sep 19 2019 7:11:36.1870 PM,0
Orion Power SysTem Curr Leds to 1% Brightness,Orion Power SysTem Curr Leds to 1% Brightness,[rpc] item_SysCurrent(1000mA),,PASS,,,,,,,,,Sep 19 2019 7:11:37.6360 PM,Sep 19 2019 7:11:38.4830 PM,.8479
Orion Power SysTem Curr Leds to 1% Brightness,Orion Power SysTem Curr Leds to 1% Brightness,Sys_led_percent1,,PASS,,6.5035562009,mA,6.95,5.75,,,mA,Sep 19 2019 7:11:38.4840 PM,Sep 19 2019 7:11:38.4840 PM,0
Orion Power SysTem Curr Leds to 100% Brightness,,,,,,,,,,,,,Sep 19 2019 7:11:38.4870 PM,Sep 19 2019 7:11:40.7330 PM,2.2462
Orion Power SysTem Curr Leds to 100% Brightness,Orion Power SysTem Curr Leds to 100% Brightness,"[Hid] /usr/local/bin/hidreport -p 0x026F -v 0x5ac -usage 0xff00,0xf set 0x02 0x02 0xff 0x7",,PASS,,,,,,,,,Sep 19 2019 7:11:38.5800 PM,Sep 19 2019 7:11:38.5800 PM,0
Orion Power SysTem Curr Leds to 100% Brightness,Orion Power SysTem Curr Leds to 100% Brightness,[rpc] item_SysCurrent(1000mA),,PASS,,,,,,,,,Sep 19 2019 7:11:40.0450 PM,Sep 19 2019 7:11:40.7320 PM,.6871
Orion Power SysTem Curr Leds to 100% Brightness,Orion Power SysTem Curr Leds to 100% Brightness,Sys_led_percent100,,PASS,,262.6921662821,mA,280,240,,,mA,Sep 19 2019 7:11:40.7330 PM,Sep 19 2019 7:11:40.7330 PM,0
Orion Power SysTem Curr Leds to PD 50% Brightness,,,,,,,,,,,,,Sep 19 2019 7:11:40.7360 PM,Sep 19 2019 7:11:45.1630 PM,4.4273
Orion Power SysTem Curr Leds to PD 50% Brightness,Orion Power SysTem Curr Leds to PD 50% Brightness,"[Hid] /usr/local/bin/hidreport -p 0x026F -v 0x5ac -usage 0xff00,0xf set 0x2 0x2 0x00 0x0",,PASS,,,,,,,,,Sep 19 2019 7:11:40.8310 PM,Sep 19 2019 7:11:40.8310 PM,0
Orion Power SysTem Curr Leds to PD 50% Brightness,Orion Power SysTem Curr Leds to PD 50% Brightness,"[Hid] /usr/local/bin/hidreport -p 0x026F -v 0x5ac -usage 0xff00,0xf set 0x3 0x3 0xa",,PASS,,,,,,,,,Sep 19 2019 7:11:41.2650 PM,Sep 19 2019 7:11:41.2650 PM,0
Orion Power SysTem Curr Leds to PD 50% Brightness,Orion Power SysTem Curr Leds to PD 50% Brightness,"[Hid] /usr/local/bin/hidreport -p 0x026F -v 0x5ac -usage 0xff00,0xf set 0x1 0x1 0x1",,PASS,,,,,,,,,Sep 19 2019 7:11:41.7540 PM,Sep 19 2019 7:11:41.7540 PM,0
Orion Power SysTem Curr Leds to PD 50% Brightness,Orion Power SysTem Curr Leds to PD 50% Brightness,"[Hid] /usr/local/bin/hidreport -p 0x026F -v 0x5ac -usage 0xff00,0xf get 0x03",,PASS,,,,,,,,,Sep 19 2019 7:11:42.4050 PM,Sep 19 2019 7:11:42.4050 PM,0
Orion Power SysTem Curr Leds to PD 50% Brightness,Orion Power SysTem Curr Leds to PD 50% Brightness,"[Hid] /usr/local/bin/hidreport -p 0x026F -v 0x5ac -usage 0xff00,0xf set 0x2 0x2 0x92 0x7",,PASS,,,,,,,,,Sep 19 2019 7:11:42.8540 PM,Sep 19 2019 7:11:42.8540 PM,0
Orion Power SysTem Curr Leds to PD 50% Brightness,Orion Power SysTem Curr Leds to PD 50% Brightness,[rpc] item_SysCurrent(1000mA),,PASS,,,,,,,,,Sep 19 2019 7:11:44.3080 PM,Sep 19 2019 7:11:45.1620 PM,.8539
Orion Power SysTem Curr Leds to PD 50% Brightness,Orion Power SysTem Curr Leds to PD 50% Brightness,Sys_led_percent50,,PASS,,72.71739735600001,mA,80,65,,,mA,Sep 19 2019 7:11:45.1630 PM,Sep 19 2019 7:11:45.1630 PM,0
USBC Power On Measure Voltage,,,,,,,,,,,,,Sep 19 2019 7:11:45.1660 PM,Sep 19 2019 7:11:56.4620 PM,11.2961
USBC Power On Measure Voltage,USBC Power On Measure Voltage,[rpc] item_TurnAllOffAfterInit,,PASS,,,,,,,,,Sep 19 2019 7:11:45.1740 PM,Sep 19 2019 7:11:46.3300 PM,1.1554
USBC Power On Measure Voltage,USBC Power On Measure Voltage,[rpc] psu_setPSU_init,,PASS,,,,,,,,,Sep 19 2019 7:11:46.3310 PM,Sep 19 2019 7:11:46.3380 PM,.0067
USBC Power On Measure Voltage,USBC Power On Measure Voltage,[rpc] item_PowerOffTypeC,,PASS,,,,,,,,,Sep 19 2019 7:11:46.5080 PM,Sep 19 2019 7:11:46.6230 PM,.1147
USBC Power On Measure Voltage,USBC Power On Measure Voltage,"[rpc] myiocontrol_set_Bit(24,0)",,PASS,,,,,,,,,Sep 19 2019 7:11:46.6240 PM,Sep 19 2019 7:11:46.6310 PM,.0067
USBC Power On Measure Voltage,USBC Power On Measure Voltage,"[rpc] myiocontrol_set_Bit(25,0)",,PASS,,,,,,,,,Sep 19 2019 7:11:46.6330 PM,Sep 19 2019 7:11:46.6390 PM,.0067
USBC Power On Measure Voltage,USBC Power On Measure Voltage,"[rpc] dutgpio_set_pin(7,1)",,PASS,,,,,,,,,Sep 19 2019 7:11:46.8100 PM,Sep 19 2019 7:11:46.8140 PM,.0046
USBC Power On Measure Voltage,USBC Power On Measure Voltage,"[rpc] item_PowerOnTypeC(5,3000)",,PASS,,,,,,,,,Sep 19 2019 7:11:50.2290 PM,Sep 19 2019 7:11:50.3690 PM,.14
USBC Power On Measure Voltage,USBC Power On Measure Voltage,"[rpc] myiocontrol_set_Bit(25,1)",,PASS,,,,,,,,,Sep 19 2019 7:11:52.4440 PM,Sep 19 2019 7:11:52.4510 PM,.007
USBC Power On Measure Voltage,USBC Power On Measure Voltage,[rpc] psu_setPSU_Volt(4.993000),,PASS,,,,,,,,,Sep 19 2019 7:11:53.5250 PM,Sep 19 2019 7:11:53.5360 PM,.0101
USBC Power On Measure Voltage,USBC Power On Measure Voltage,"[rpc] baseboard_set_pin(2,1)",,PASS,,,,,,,,,Sep 19 2019 7:11:55.6080 PM,Sep 19 2019 7:11:55.6140 PM,.0069
USBC Power On Measure Voltage,USBC Power On Measure Voltage,[rpc] measure_get_voltage(60V),,PASS,,,,,,,,,Sep 19 2019 7:11:56.1890 PM,Sep 19 2019 7:11:56.4610 PM,.2716
USBC Power On Measure Voltage,USBC Power On Measure Voltage,USBCPowerOnPD_Voltage,,PASS,,5001.3404661861,mV,5050,4950,,,mV,Sep 19 2019 7:11:56.4620 PM,Sep 19 2019 7:11:56.4620 PM,0
USB-C Power SYS CURRENT IDLE,,,,,,,,,,,,,Sep 19 2019 7:11:56.4650 PM,Sep 19 2019 7:12:01.4950 PM,5.0299
USB-C Power SYS CURRENT IDLE,USB-C Power SYS CURRENT IDLE,"[Hid] /usr/local/bin/hidreport -p 0x026F -v 0x5ac -usage 0xff00,0xf set 1 1 0",,PASS,,,,,,,,,Sep 19 2019 7:11:56.7470 PM,Sep 19 2019 7:11:56.7470 PM,0
USB-C Power SYS CURRENT IDLE,USB-C Power SYS CURRENT IDLE,"[Hid] /usr/local/bin/hidreport -p 0x026F -v 0x5ac -usage 0xff00,0xb set 0xce 0xce 3 3 1",,PASS,,,,,,,,,Sep 19 2019 7:11:57.1770 PM,Sep 19 2019 7:11:57.1770 PM,0
USB-C Power SYS CURRENT IDLE,USB-C Power SYS CURRENT IDLE,"[Hid] /usr/local/bin/hidreport -p 0x026F -v 0x5ac -usage 0xff00,0xb set 0xce 0xce 4 7 1",,PASS,,,,,,,,,Sep 19 2019 7:11:57.6590 PM,Sep 19 2019 7:11:57.6590 PM,0
USB-C Power SYS CURRENT IDLE,USB-C Power SYS CURRENT IDLE,"[Hid] /usr/local/bin/hidreport -p 0x026F -v 0x5ac -usage 0xff00,0xb set 0x21 0x21 0x1",,PASS,,,,,,,,,Sep 19 2019 7:11:58.1490 PM,Sep 19 2019 7:11:58.1490 PM,0
USB-C Power SYS CURRENT IDLE,USB-C Power SYS CURRENT IDLE,[rpc] item_SysCurrent(1000mA),,PASS,,,,,,,,,Sep 19 2019 7:12:00.6020 PM,Sep 19 2019 7:12:01.4940 PM,.8912
USB-C Power SYS CURRENT IDLE,USB-C Power SYS CURRENT IDLE,(USB-C Power) SYS CURRENT IDLE,,PASS,,3.873057097,mA,4.7,3.2,,,mA,Sep 19 2019 7:12:01.4940 PM,Sep 19 2019 7:12:01.4940 PM,0
USB-C Power SYS CURRENT Capslock ONLY,,,,,,,,,,,,,Sep 19 2019 7:12:01.4970 PM,Sep 19 2019 7:12:04.3420 PM,2.8444
USB-C Power SYS CURRENT Capslock ONLY,USB-C Power SYS CURRENT Capslock ONLY,"[Hid] /usr/local/bin/hidreport -p 0x026F -v 0x5ac -usage 0xff00,0xb set 0xce 0xce 3 3 0",,PASS,,,,,,,,,Sep 19 2019 7:12:01.5910 PM,Sep 19 2019 7:12:01.5910 PM,0
USB-C Power SYS CURRENT Capslock ONLY,USB-C Power SYS CURRENT Capslock ONLY,[rpc] item_SysCurrent(1000mA),,PASS,,,,,,,,,Sep 19 2019 7:12:03.0520 PM,Sep 19 2019 7:12:03.9110 PM,.859
USB-C Power SYS CURRENT Capslock ONLY,USB-C Power SYS CURRENT Capslock ONLY,Usbc_CurrCapsLock,,PASS,,22.8858714289,mA,24,21,,,mA,Sep 19 2019 7:12:03.9110 PM,Sep 19 2019 7:12:03.9110 PM,0
USB-C Power SYS CURRENT Capslock ONLY,USB-C Power SYS CURRENT Capslock ONLY,"[Hid] /usr/local/bin/hidreport -p 0x026F -v 0x5ac -usage 0xff00,0xb set 0xce 0xce 3 3 1",,PASS,,,,,,,,,Sep 19 2019 7:12:03.9540 PM,Sep 19 2019 7:12:03.9540 PM,0
USB-C Power SYS CURRENT BLC ONLY,,,,,,,,,,,,,Sep 19 2019 7:12:04.3440 PM,Sep 19 2019 7:12:07.1970 PM,2.8527
USB-C Power SYS CURRENT BLC ONLY,USB-C Power SYS CURRENT BLC ONLY,"[Hid] /usr/local/bin/hidreport -p 0x026F -v 0x5ac -usage 0xFF00,0xF set 0x1 0x1 0x1",,PASS,,,,,,,,,Sep 19 2019 7:12:04.4460 PM,Sep 19 2019 7:12:04.4460 PM,0
USB-C Power SYS CURRENT BLC ONLY,USB-C Power SYS CURRENT BLC ONLY,[rpc] item_SysCurrent(1000mA),,PASS,,,,,,,,,Sep 19 2019 7:12:05.9110 PM,Sep 19 2019 7:12:06.7600 PM,.8497
USB-C Power SYS CURRENT BLC ONLY,USB-C Power SYS CURRENT BLC ONLY,Usbc_CurrBacklight,,PASS,,6.4334756287,mA,7.4,5.7,,,mA,Sep 19 2019 7:12:06.7610 PM,Sep 19 2019 7:12:06.7610 PM,0
USB-C Power SYS CURRENT BLC ONLY,USB-C Power SYS CURRENT BLC ONLY,"[Hid] /usr/local/bin/hidreport -p 0x026F -v 0x5ac -usage 0xff00,0xf set 0x1 0x1 0x0",,PASS,,,,,,,,,Sep 19 2019 7:12:06.8050 PM,Sep 19 2019 7:12:06.8050 PM,0
USB-C Power SYS CURRENT MFI ONLY,,,,,,,,,,,,,Sep 19 2019 7:12:07.2000 PM,Sep 19 2019 7:12:10.0820 PM,2.8824
USB-C Power SYS CURRENT MFI ONLY,USB-C Power SYS CURRENT MFI ONLY,"[Hid] /usr/local/bin/hidreport -p 0x026F -v 0x5ac -usage 0xff00,0xb set 0xce 0xce 4 7 0",,PASS,,,,,,,,,Sep 19 2019 7:12:07.2960 PM,Sep 19 2019 7:12:07.2960 PM,0
USB-C Power SYS CURRENT MFI ONLY,USB-C Power SYS CURRENT MFI ONLY,[rpc] item_SysCurrent(1000mA),,PASS,,,,,,,,,Sep 19 2019 7:12:08.7560 PM,Sep 19 2019 7:12:09.6040 PM,.8485
USB-C Power SYS CURRENT MFI ONLY,USB-C Power SYS CURRENT MFI ONLY,Usbc_CurrMFI,,PASS,,3.864297329,mA,4.7,3.2,,,mA,Sep 19 2019 7:12:09.6050 PM,Sep 19 2019 7:12:09.6050 PM,0
USB-C Power SYS CURRENT MFI ONLY,USB-C Power SYS CURRENT MFI ONLY,"[Hid] /usr/local/bin/hidreport -p 0x026F -v 0x5ac -usage 0xff00,0xb set 0xce 0xce 4 7 1",,PASS,,,,,,,,,Sep 19 2019 7:12:09.7000 PM,Sep 19 2019 7:12:09.7000 PM,0
USB-C Power SYS CURRENT TOUCH ONLY,,,,,,,,,,,,,Sep 19 2019 7:12:10.0850 PM,Sep 19 2019 7:12:13.1890 PM,3.104
USB-C Power SYS CURRENT TOUCH ONLY,USB-C Power SYS CURRENT TOUCH ONLY,"[Hid] /usr/local/bin/hidreport -p 0x026F -v 0x5ac -usage 0xff00,0xb set 0x21 0x21 0x4",,PASS,,,,,,,,,Sep 19 2019 7:12:10.3930 PM,Sep 19 2019 7:12:10.3930 PM,0
USB-C Power SYS CURRENT TOUCH ONLY,USB-C Power SYS CURRENT TOUCH ONLY,[rpc] item_SysCurrent(1000mA),,PASS,,,,,,,,,Sep 19 2019 7:12:11.8420 PM,Sep 19 2019 7:12:12.6980 PM,.8559
USB-C Power SYS CURRENT TOUCH ONLY,USB-C Power SYS CURRENT TOUCH ONLY,Usbc_CurrTouch,,PASS,,15.9002841758,mA,18,14.5,,,mA,Sep 19 2019 7:12:12.6990 PM,Sep 19 2019 7:12:12.6990 PM,0
USB-C Power SYS CURRENT TOUCH ONLY,USB-C Power SYS CURRENT TOUCH ONLY,"[Hid] /usr/local/bin/hidreport -p 0x026F -v 0x5ac -usage 0xff00,0xb set 0x21 0x21 0x1",,PASS,,,,,,,,,Sep 19 2019 7:12:12.7990 PM,Sep 19 2019 7:12:12.7990 PM,0
USB-C Power SYS CURRENT ALL RAILS,,,,,,,,,,,,,Sep 19 2019 7:12:13.1910 PM,Sep 19 2019 7:12:22.6840 PM,9.4929
USB-C Power SYS CURRENT ALL RAILS,USB-C Power SYS CURRENT ALL RAILS,"[Hid] /usr/local/bin/hidreport -p 0x026F -v 0x5ac -usage 0xFF00,0xF set 1 1 1",,PASS,,,,,,,,,Sep 19 2019 7:12:13.2930 PM,Sep 19 2019 7:12:13.2930 PM,0
USB-C Power SYS CURRENT ALL RAILS,USB-C Power SYS CURRENT ALL RAILS,"[Hid] /usr/local/bin/hidreport -p 0x026F -v 0x5ac -usage 0xff00,0xb set 0xce 0xce 3 3 0",,PASS,,,,,,,,,Sep 19 2019 7:12:13.7780 PM,Sep 19 2019 7:12:13.7780 PM,0
USB-C Power SYS CURRENT ALL RAILS,USB-C Power SYS CURRENT ALL RAILS,"[Hid] /usr/local/bin/hidreport -p 0x026F -usage 0xFF00,0xb set 0xCE 0xCE 1 5 0",,PASS,,,,,,,,,Sep 19 2019 7:12:14.2050 PM,Sep 19 2019 7:12:14.2050 PM,0
USB-C Power SYS CURRENT ALL RAILS,USB-C Power SYS CURRENT ALL RAILS,"[Hid] /usr/local/bin/hidreport -p 0x026F -v 0x5ac -usage 0xff00,0xb set 0xce 0xce 4 7 0",,PASS,,,,,,,,,Sep 19 2019 7:12:14.6860 PM,Sep 19 2019 7:12:14.6860 PM,0
USB-C Power SYS CURRENT ALL RAILS,USB-C Power SYS CURRENT ALL RAILS,"[Hid] /usr/local/bin/hidreport -p 0x026F -v 0x5ac -usage 0xff00,0xb set 0x21 0x21 0x4",,PASS,,,,,,,,,Sep 19 2019 7:12:15.3730 PM,Sep 19 2019 7:12:15.3730 PM,0
USB-C Power SYS CURRENT ALL RAILS,USB-C Power SYS CURRENT ALL RAILS,"[Hid] /usr/local/bin/hidreport -p 0x026F -v 0x5ac -usage 0xff00,0xf set 0x02 0x02 0x00 0x00",,PASS,,,,,,,,,Sep 19 2019 7:12:16.8730 PM,Sep 19 2019 7:12:16.8730 PM,0
USB-C Power SYS CURRENT ALL RAILS,USB-C Power SYS CURRENT ALL RAILS,[rpc] item_SysCurrent(1000mA),,PASS,,,,,,,,,Sep 19 2019 7:12:19.3340 PM,Sep 19 2019 7:12:20.1830 PM,.8493
USB-C Power SYS CURRENT ALL RAILS,USB-C Power SYS CURRENT ALL RAILS,USBC SYS CURRENT ALL RAILS,,PASS,,27.976224111,mA,31.5,25,,,mA,Sep 19 2019 7:12:20.1840 PM,Sep 19 2019 7:12:20.1840 PM,0
USB-C Power SYS CURRENT ALL RAILS,USB-C Power SYS CURRENT ALL RAILS,"[Hid] /usr/local/bin/hidreport -p 0x026F -v 0x5ac -usage 0xff00,0xf set 1 1 0",,PASS,,,,,,,,,Sep 19 2019 7:12:20.2790 PM,Sep 19 2019 7:12:20.2790 PM,0
USB-C Power SYS CURRENT ALL RAILS,USB-C Power SYS CURRENT ALL RAILS,"[Hid] /usr/local/bin/hidreport -p 0x026F -v 0x5ac -usage 0xff00,0xb set 0xce 0xce 3 3 1",,PASS,,,,,,,,,Sep 19 2019 7:12:20.7570 PM,Sep 19 2019 7:12:20.7570 PM,0
USB-C Power SYS CURRENT ALL RAILS,USB-C Power SYS CURRENT ALL RAILS,"[Hid] /usr/local/bin/hidreport -p 0x026F -v 0x5ac -usage 0xff00,0xb set 0xce 0xce 4 7 1",,PASS,,,,,,,,,Sep 19 2019 7:12:21.2400 PM,Sep 19 2019 7:12:21.2400 PM,0
USB-C Power SYS CURRENT ALL RAILS,USB-C Power SYS CURRENT ALL RAILS,"[Hid] /usr/local/bin/hidreport -p 0x026F -v 0x5ac -usage 0xff00,0xb set 0x21 0x21 0x1",,PASS,,,,,,,,,Sep 19 2019 7:12:21.7270 PM,Sep 19 2019 7:12:21.7270 PM,0
USB-C Power SysTem Curr Leds to 0% Brightness,,,,,,,,,,,,,Sep 19 2019 7:12:22.6870 PM,Sep 19 2019 7:12:26.6360 PM,3.9488
USB-C Power SysTem Curr Leds to 0% Brightness,USB-C Power SysTem Curr Leds to 0% Brightness,"[Hid] /usr/local/bin/hidreport -p 0x026F -v 0x5ac -usage 0xff00,0xf set 0x01 0x01 0x01",,PASS,,,,,,,,,Sep 19 2019 7:12:22.7910 PM,Sep 19 2019 7:12:22.7910 PM,0
USB-C Power SysTem Curr Leds to 0% Brightness,USB-C Power SysTem Curr Leds to 0% Brightness,"[Hid] /usr/local/bin/hidreport -p 0x026F -v 0x5ac -usage 0xff00,0xf set 0x3 0x3 0x19",,PASS,,,,,,,,,Sep 19 2019 7:12:23.8470 PM,Sep 19 2019 7:12:23.8470 PM,0
USB-C Power SysTem Curr Leds to 0% Brightness,USB-C Power SysTem Curr Leds to 0% Brightness,"[Hid] /usr/local/bin/hidreport -p 0x026F -v 0x5ac -usage 0xff00,0xf set 0x02 0x02 0x00 0x00",,PASS,,,,,,,,,Sep 19 2019 7:12:24.3260 PM,Sep 19 2019 7:12:24.3260 PM,0
USB-C Power SysTem Curr Leds to 0% Brightness,USB-C Power SysTem Curr Leds to 0% Brightness,[rpc] item_SysCurrent(1000mA),,PASS,,,,,,,,,Sep 19 2019 7:12:25.7820 PM,Sep 19 2019 7:12:26.6350 PM,.8533
USB-C Power SysTem Curr Leds to 0% Brightness,USB-C Power SysTem Curr Leds to 0% Brightness,Usbc_Sys_led_percent0,,PASS,,6.4537216668,mA,7.5,5.5,,,mA,Sep 19 2019 7:12:26.6360 PM,Sep 19 2019 7:12:26.6360 PM,0
USB-C Power SysTem Curr Leds to 1% Brightness,,,,,,,,,,,,,Sep 19 2019 7:12:26.6390 PM,Sep 19 2019 7:12:29.0440 PM,2.4047
USB-C Power SysTem Curr Leds to 1% Brightness,USB-C Power SysTem Curr Leds to 1% Brightness,"[Hid] /usr/local/bin/hidreport -p 0x026F -v 0x5ac -usage 0xff00,0xf set 0x02 0x02 0x14 0x00",,PASS,,,,,,,,,Sep 19 2019 7:12:26.7320 PM,Sep 19 2019 7:12:26.7320 PM,0
USB-C Power SysTem Curr Leds to 1% Brightness,USB-C Power SysTem Curr Leds to 1% Brightness,[rpc] item_SysCurrent(1000mA),,PASS,,,,,,,,,Sep 19 2019 7:12:28.1940 PM,Sep 19 2019 7:12:29.0420 PM,.8479
USB-C Power SysTem Curr Leds to 1% Brightness,USB-C Power SysTem Curr Leds to 1% Brightness,Usbc_Sys_led_percent1,,PASS,,9.4000434278,mA,10.5,8.5,,,mA,Sep 19 2019 7:12:29.0430 PM,Sep 19 2019 7:12:29.0430 PM,0
USB-C Power SysTem Curr Leds to 100% Brightness,,,,,,,,,,,,,Sep 19 2019 7:12:29.0460 PM,Sep 19 2019 7:12:31.2990 PM,2.253
USB-C Power SysTem Curr Leds to 100% Brightness,USB-C Power SysTem Curr Leds to 100% Brightness,"[Hid] /usr/local/bin/hidreport -p 0x026F -v 0x5ac -usage 0xff00,0xf set 0x02 0x02 0xff 0x7",,PASS,,,,,,,,,Sep 19 2019 7:12:29.1470 PM,Sep 19 2019 7:12:29.1470 PM,0
USB-C Power SysTem Curr Leds to 100% Brightness,USB-C Power SysTem Curr Leds to 100% Brightness,[rpc] item_SysCurrent(1000mA),,PASS,,,,,,,,,Sep 19 2019 7:12:30.6060 PM,Sep 19 2019 7:12:31.2980 PM,.6915
USB-C Power SysTem Curr Leds to 100% Brightness,USB-C Power SysTem Curr Leds to 100% Brightness,Usbc_Sys_led_percent100,,PASS,,272.4451991901,mA,295,265,,,mA,Sep 19 2019 7:12:31.2990 PM,Sep 19 2019 7:12:31.2990 PM,0
USB-C Power SysTem Curr Leds to PD 50% Brightness,,,,,,,,,,,,,Sep 19 2019 7:12:31.3010 PM,Sep 19 2019 7:12:39.9650 PM,8.6633
USB-C Power SysTem Curr Leds to PD 50% Brightness,USB-C Power SysTem Curr Leds to PD 50% Brightness,"[Hid] /usr/local/bin/hidreport -p 0x026F -v 0x5ac -usage 0xff00,0xf set 0x2 0x2 0x00 0x0",,PASS,,,,,,,,,Sep 19 2019 7:12:31.4010 PM,Sep 19 2019 7:12:31.4010 PM,0
USB-C Power SysTem Curr Leds to PD 50% Brightness,USB-C Power SysTem Curr Leds to PD 50% Brightness,"[Hid] /usr/local/bin/hidreport -p 0x026F -v 0x5ac -usage 0xff00,0xf set 0x3 0x3 0xa",,PASS,,,,,,,,,Sep 19 2019 7:12:31.8770 PM,Sep 19 2019 7:12:31.8770 PM,0
USB-C Power SysTem Curr Leds to PD 50% Brightness,USB-C Power SysTem Curr Leds to PD 50% Brightness,"[Hid] /usr/local/bin/hidreport -p 0x026F -v 0x5ac -usage 0xff00,0xf set 0x1 0x1 0x1",,PASS,,,,,,,,,Sep 19 2019 7:12:32.3640 PM,Sep 19 2019 7:12:32.3640 PM,0
USB-C Power SysTem Curr Leds to PD 50% Brightness,USB-C Power SysTem Curr Leds to PD 50% Brightness,"[Hid] /usr/local/bin/hidreport -p 0x026F -v 0x5ac -usage 0xff00,0xf get 0x03",,PASS,,,,,,,,,Sep 19 2019 7:12:33.1720 PM,Sep 19 2019 7:12:33.1720 PM,0
USB-C Power SysTem Curr Leds to PD 50% Brightness,USB-C Power SysTem Curr Leds to PD 50% Brightness,"[Hid] /usr/local/bin/hidreport -p 0x026F -v 0x5ac -usage 0xff00,0xf set 0x2 0x2 0x92 0x7",,PASS,,,,,,,,,Sep 19 2019 7:12:33.6490 PM,Sep 19 2019 7:12:33.6490 PM,0
USB-C Power SysTem Curr Leds to PD 50% Brightness,USB-C Power SysTem Curr Leds to PD 50% Brightness,[rpc] item_SysCurrent(1000mA),,PASS,,,,,,,,,Sep 19 2019 7:12:39.1080 PM,Sep 19 2019 7:12:39.9550 PM,.8478
USB-C Power SysTem Curr Leds to PD 50% Brightness,USB-C Power SysTem Curr Leds to PD 50% Brightness,Usbc_Sys_led_percent50,,PASS,,77.0447179146,mA,85,70,,,mA,Sep 19 2019 7:12:39.9560 PM,Sep 19 2019 7:12:39.9560 PM,0
USB-C Power SysTem Curr Leds to PD 50% Brightness,USB-C Power SysTem Curr Leds to PD 50% Brightness,"[rpc] baseboard_set_pin(2,0)",,PASS,,,,,,,,,Sep 19 2019 7:12:39.9570 PM,Sep 19 2019 7:12:39.9640 PM,.0067
5V 1.5A Curr CC Rp = 22kohm,,,,,,,,,,,,,Sep 19 2019 7:12:39.9680 PM,Sep 19 2019 7:12:52.7750 PM,12.8074
5V 1.5A Curr CC Rp = 22kohm,5V 1.5A Curr CC Rp = 22kohm,[rpc] myiocontrol_TurnAllOff,,PASS,,,,,,,,,Sep 19 2019 7:12:39.9690 PM,Sep 19 2019 7:12:40.0600 PM,.0914
5V 1.5A Curr CC Rp = 22kohm,5V 1.5A Curr CC Rp = 22kohm,[rpc] cyg_eload_SetEloadOff,,PASS,,,,,,,,,Sep 19 2019 7:12:40.0620 PM,Sep 19 2019 7:12:40.2160 PM,.1537
5V 1.5A Curr CC Rp = 22kohm,5V 1.5A Curr CC Rp = 22kohm,"[rpc] dutgpio_set_pin(7,0)",,PASS,,,,,,,,,Sep 19 2019 7:12:40.7180 PM,Sep 19 2019 7:12:40.7220 PM,.0045
5V 1.5A Curr CC Rp = 22kohm,5V 1.5A Curr CC Rp = 22kohm,[rpc] item_PowerOffTypeC,,PASS,,,,,,,,,Sep 19 2019 7:12:40.7240 PM,Sep 19 2019 7:12:40.8380 PM,.1144
5V 1.5A Curr CC Rp = 22kohm,5V 1.5A Curr CC Rp = 22kohm,"[rpc] myiocontrol_set_Bit(15,1)",,PASS,,,,,,,,,Sep 19 2019 7:12:41.4090 PM,Sep 19 2019 7:12:41.4160 PM,.0067
5V 1.5A Curr CC Rp = 22kohm,5V 1.5A Curr CC Rp = 22kohm,"[rpc] myiocontrol_set_Bit(30,1)",,PASS,,,,,,,,,Sep 19 2019 7:12:41.5920 PM,Sep 19 2019 7:12:41.5980 PM,.0067
5V 1.5A Curr CC Rp = 22kohm,5V 1.5A Curr CC Rp = 22kohm,"[rpc] myiocontrol_set_Bit(18,1)",,PASS,,,,,,,,,Sep 19 2019 7:12:41.7720 PM,Sep 19 2019 7:12:41.7780 PM,.0066
5V 1.5A Curr CC Rp = 22kohm,5V 1.5A Curr CC Rp = 22kohm,"[rpc] myiocontrol_set_Bit(19,1)",,PASS,,,,,,,,,Sep 19 2019 7:12:41.9530 PM,Sep 19 2019 7:12:41.9590 PM,.0067
5V 1.5A Curr CC Rp = 22kohm,5V 1.5A Curr CC Rp = 22kohm,"[rpc] myiocontrol_set_Bit(16,1)",,PASS,,,,,,,,,Sep 19 2019 7:12:42.5360 PM,Sep 19 2019 7:12:42.5430 PM,.0067
5V 1.5A Curr CC Rp = 22kohm,5V 1.5A Curr CC Rp = 22kohm,"[rpc] dutgpio_set_pin(7,1)",,PASS,,,,,,,,,Sep 19 2019 7:12:43.1190 PM,Sep 19 2019 7:12:43.1230 PM,.0044
5V 1.5A Curr CC Rp = 22kohm,5V 1.5A Curr CC Rp = 22kohm,[rpc] psu_setPSU_Volt(4.952000),,PASS,,,,,,,,,Sep 19 2019 7:12:46.1910 PM,Sep 19 2019 7:12:46.2010 PM,.0102
5V 1.5A Curr CC Rp = 22kohm,5V 1.5A Curr CC Rp = 22kohm,"[rpc] myiocontrol_set_Bit(25,1)",,PASS,,,,,,,,,Sep 19 2019 7:12:48.2710 PM,Sep 19 2019 7:12:48.2780 PM,.0066
5V 1.5A Curr CC Rp = 22kohm,5V 1.5A Curr CC Rp = 22kohm,"[rpc] baseboard_set_pin(2,1)",,PASS,,,,,,,,,Sep 19 2019 7:12:48.8550 PM,Sep 19 2019 7:12:48.8610 PM,.0066
5V 1.5A Curr CC Rp = 22kohm,5V 1.5A Curr CC Rp = 22kohm,[rpc] cyg_eload_SetEloadCurr(1.500000),,PASS,,,,,,,,,Sep 19 2019 7:12:49.4380 PM,Sep 19 2019 7:12:49.5930 PM,.155
5V 1.5A Curr CC Rp = 22kohm,5V 1.5A Curr CC Rp = 22kohm,[rpc] cyg_eload_SetEloadOn,,PASS,,,,,,,,,Sep 19 2019 7:12:50.1620 PM,Sep 19 2019 7:12:50.3160 PM,.1548
5V 1.5A Curr CC Rp = 22kohm,5V 1.5A Curr CC Rp = 22kohm,[rpc] item_SysCurrent(3000mA),,PASS,,,,,,,,,Sep 19 2019 7:12:51.3880 PM,Sep 19 2019 7:12:52.2810 PM,.8928
5V 1.5A Curr CC Rp = 22kohm,5V 1.5A Curr CC Rp = 22kohm,CurrCharge 5V 1.5A,,PASS,,1506.6418037568,mA,1520,1490,,,mA,Sep 19 2019 7:12:52.2820 PM,Sep 19 2019 7:12:52.2820 PM,0
5V 1.5A Curr CC Rp = 22kohm,5V 1.5A Curr CC Rp = 22kohm,"[Hid] /usr/local/bin/hidreport -p 0x026F -v 0x5ac -usage 0xFF00,0xb get 0xa3",,PASS,,,,,,,,,Sep 19 2019 7:12:52.3920 PM,Sep 19 2019 7:12:52.3920 PM,0
5V 1.5A Curr CC Rp = 22kohm,5V 1.5A Curr CC Rp = 22kohm,CurrCharge pass,01 88 13 F4 01,PASS,,,,,,,,,Sep 19 2019 7:12:52.7750 PM,Sep 19 2019 7:12:52.7750 PM,0
5V 1.5A Charge Mode,,,,,,,,,,,,,Sep 19 2019 7:12:52.7790 PM,Sep 19 2019 7:12:52.7790 PM,.0006
5V 1.5A Charge Mode,5V 1.5A Charge Mode,ChargeMode_1A5,,PASS,,1,NA,1,1,,,NA,Sep 19 2019 7:12:52.7790 PM,Sep 19 2019 7:12:52.7790 PM,0
5V 1.5A Charge Voltage ,,,,,,,,,,,,,Sep 19 2019 7:12:52.7820 PM,Sep 19 2019 7:12:52.7820 PM,.0005
5V 1.5A Charge Voltage ,5V 1.5A Charge Voltage ,ChargeVoltage_1A5,,PASS,,5000,mV,5000,5000,,,mV,Sep 19 2019 7:12:52.7820 PM,Sep 19 2019 7:12:52.7820 PM,0
5V 1.5A Charge Capability,,,,,,,,,,,,,Sep 19 2019 7:12:52.7840 PM,Sep 19 2019 7:12:52.7850 PM,.0005
5V 1.5A Charge Capability,5V 1.5A Charge Capability,ChargeCapability_1A5,,PASS,,500,NA,500,500,,,NA,Sep 19 2019 7:12:52.7850 PM,Sep 19 2019 7:12:52.7850 PM,0
5V 1.5A Orion Power Voltage,,,,,,,,,,,,,Sep 19 2019 7:12:52.7870 PM,Sep 19 2019 7:12:54.0680 PM,1.2811
5V 1.5A Orion Power Voltage,5V 1.5A Orion Power Voltage,[rpc] item_OrionVoltage(60V),,PASS,,,,,,,,,Sep 19 2019 7:12:52.7880 PM,Sep 19 2019 7:12:54.0670 PM,1.279
5V 1.5A Orion Power Voltage,5V 1.5A Orion Power Voltage,OrionPower_1A5,,PASS,,4514.8112730551,mV,4800,4500,,,mV,Sep 19 2019 7:12:54.0680 PM,Sep 19 2019 7:12:54.0680 PM,0
5V 1.5A DUT Input Voltage,,,,,,,,,,,,,Sep 19 2019 7:12:54.0700 PM,Sep 19 2019 7:12:55.6090 PM,1.5392
5V 1.5A DUT Input Voltage,5V 1.5A DUT Input Voltage,[rpc] measure_get_voltage(60V),,PASS,,,,,,,,,Sep 19 2019 7:12:54.0710 PM,Sep 19 2019 7:12:54.2950 PM,.2233
5V 1.5A DUT Input Voltage,5V 1.5A DUT Input Voltage,DUTinput_1A5,,PASS,,5001.1689561632,mV,5100,4900,,,mV,Sep 19 2019 7:12:54.2950 PM,Sep 19 2019 7:12:54.2950 PM,0
5V 1.5A DUT Input Voltage,5V 1.5A DUT Input Voltage,[rpc] cyg_eload_SetEloadOff,,PASS,,,,,,,,,Sep 19 2019 7:12:54.2960 PM,Sep 19 2019 7:12:54.4500 PM,.1538
5V 1.5A DUT Input Voltage,5V 1.5A DUT Input Voltage,"[rpc] baseboard_set_pin(2,0)",,PASS,,,,,,,,,Sep 19 2019 7:12:55.0270 PM,Sep 19 2019 7:12:55.0340 PM,.0067
Download CCG3 FW,,,,,,,,,,,,,Sep 19 2019 7:12:55.6120 PM,Sep 19 2019 7:12:56.0820 PM,.4702
Download CCG3 FW,Download CCG3 FW,[Hid] /usr/local/bin/hidreport -v 0x05ac -p 0x026F -i 0 get a0,,PASS,,,,,,,,,Sep 19 2019 7:12:55.6950 PM,Sep 19 2019 7:12:55.6950 PM,0
Download CCG3 FW,Download CCG3 FW,downloadCCG3 pass,No need to download CCG3 FW,PASS,,,,,,,,,Sep 19 2019 7:12:56.0820 PM,Sep 19 2019 7:12:56.0820 PM,0
After Download Read CCG3 FW,,,,,,,,,,,,,Sep 19 2019 7:12:56.0850 PM,Sep 19 2019 7:12:56.5550 PM,.47
After Download Read CCG3 FW,After Download Read CCG3 FW,[Hid] /usr/local/bin/hidreport -v 0x05ac -p 0x026F -i 0 get a0,,PASS,,,,,,,,,Sep 19 2019 7:12:56.1610 PM,Sep 19 2019 7:12:56.1610 PM,0
After Download Read CCG3 FW,After Download Read CCG3 FW,ReadCCG3FW pass,A0 02 00 0B 00 0B 00 0B ,PASS,,,,,,,,,Sep 19 2019 7:12:56.5540 PM,Sep 19 2019 7:12:56.5540 PM,0
5V 2.5A Curr CC Rp = 10kohm,,,,,,,,,,,,,Sep 19 2019 7:12:56.5570 PM,Sep 19 2019 7:13:09.5780 PM,13.0209
5V 2.5A Curr CC Rp = 10kohm,5V 2.5A Curr CC Rp = 10kohm,[rpc] myiocontrol_TurnAllOff,,PASS,,,,,,,,,Sep 19 2019 7:12:56.5580 PM,Sep 19 2019 7:12:56.6500 PM,.0918
5V 2.5A Curr CC Rp = 10kohm,5V 2.5A Curr CC Rp = 10kohm,[rpc] cyg_eload_SetEloadOff,,PASS,,,,,,,,,Sep 19 2019 7:12:56.6540 PM,Sep 19 2019 7:12:56.8080 PM,.1538
5V 2.5A Curr CC Rp = 10kohm,5V 2.5A Curr CC Rp = 10kohm,"[rpc] dutgpio_set_pin(7,0)",,PASS,,,,,,,,,Sep 19 2019 7:12:57.3100 PM,Sep 19 2019 7:12:57.3150 PM,.0045
5V 2.5A Curr CC Rp = 10kohm,5V 2.5A Curr CC Rp = 10kohm,[rpc] item_PowerOffTypeC,,PASS,,,,,,,,,Sep 19 2019 7:12:57.3170 PM,Sep 19 2019 7:12:57.4310 PM,.1141
5V 2.5A Curr CC Rp = 10kohm,5V 2.5A Curr CC Rp = 10kohm,"[rpc] myiocontrol_set_Bit(29,1)",,PASS,,,,,,,,,Sep 19 2019 7:12:58.0080 PM,Sep 19 2019 7:12:58.0140 PM,.0068
5V 2.5A Curr CC Rp = 10kohm,5V 2.5A Curr CC Rp = 10kohm,"[rpc] myiocontrol_set_Bit(30,1)",,PASS,,,,,,,,,Sep 19 2019 7:12:58.1840 PM,Sep 19 2019 7:12:58.1900 PM,.0066
5V 2.5A Curr CC Rp = 10kohm,5V 2.5A Curr CC Rp = 10kohm,"[rpc] myiocontrol_set_Bit(7,1)",,PASS,,,,,,,,,Sep 19 2019 7:12:58.3650 PM,Sep 19 2019 7:12:58.3720 PM,.0067
5V 2.5A Curr CC Rp = 10kohm,5V 2.5A Curr CC Rp = 10kohm,"[rpc] myiocontrol_set_Bit(15,1)",,PASS,,,,,,,,,Sep 19 2019 7:12:58.5460 PM,Sep 19 2019 7:12:58.5530 PM,.0066
5V 2.5A Curr CC Rp = 10kohm,5V 2.5A Curr CC Rp = 10kohm,"[rpc] myiocontrol_set_Bit(18,1)",,PASS,,,,,,,,,Sep 19 2019 7:12:58.7270 PM,Sep 19 2019 7:12:58.7340 PM,.0067
5V 2.5A Curr CC Rp = 10kohm,5V 2.5A Curr CC Rp = 10kohm,"[rpc] myiocontrol_set_Bit(19,1)",,PASS,,,,,,,,,Sep 19 2019 7:12:58.9090 PM,Sep 19 2019 7:12:58.9160 PM,.0066
5V 2.5A Curr CC Rp = 10kohm,5V 2.5A Curr CC Rp = 10kohm,"[rpc] myiocontrol_set_Bit(16,1)",,PASS,,,,,,,,,Sep 19 2019 7:12:59.4940 PM,Sep 19 2019 7:12:59.5010 PM,.0069
5V 2.5A Curr CC Rp = 10kohm,5V 2.5A Curr CC Rp = 10kohm,"[rpc] dutgpio_set_pin(7,1)",,PASS,,,,,,,,,Sep 19 2019 7:13:00.0740 PM,Sep 19 2019 7:13:00.0790 PM,.0046
5V 2.5A Curr CC Rp = 10kohm,5V 2.5A Curr CC Rp = 10kohm,[rpc] psu_setPSU_Volt(4.927000),,PASS,,,,,,,,,Sep 19 2019 7:13:03.1510 PM,Sep 19 2019 7:13:03.1620 PM,.0107
5V 2.5A Curr CC Rp = 10kohm,5V 2.5A Curr CC Rp = 10kohm,"[rpc] myiocontrol_set_Bit(25,1)",,PASS,,,,,,,,,Sep 19 2019 7:13:05.2330 PM,Sep 19 2019 7:13:05.2400 PM,.0068
5V 2.5A Curr CC Rp = 10kohm,5V 2.5A Curr CC Rp = 10kohm,"[rpc] baseboard_set_pin(2,1)",,PASS,,,,,,,,,Sep 19 2019 7:13:05.8170 PM,Sep 19 2019 7:13:05.8240 PM,.0066
5V 2.5A Curr CC Rp = 10kohm,5V 2.5A Curr CC Rp = 10kohm,[rpc] cyg_eload_SetEloadCurr(2.500000),,PASS,,,,,,,,,Sep 19 2019 7:13:06.4000 PM,Sep 19 2019 7:13:06.5540 PM,.154
5V 2.5A Curr CC Rp = 10kohm,5V 2.5A Curr CC Rp = 10kohm,[rpc] cyg_eload_SetEloadOn,,PASS,,,,,,,,,Sep 19 2019 7:13:07.1240 PM,Sep 19 2019 7:13:07.2780 PM,.1536
5V 2.5A Curr CC Rp = 10kohm,5V 2.5A Curr CC Rp = 10kohm,[rpc] item_SysCurrent(3000mA),,PASS,,,,,,,,,Sep 19 2019 7:13:08.3510 PM,Sep 19 2019 7:13:09.0840 PM,.7325
5V 2.5A Curr CC Rp = 10kohm,5V 2.5A Curr CC Rp = 10kohm,CurrCharge 5V 2.5A,,PASS,,2505.241085396,mA,2525,2475,,,mA,Sep 19 2019 7:13:09.0850 PM,Sep 19 2019 7:13:09.0850 PM,0
5V 2.5A Curr CC Rp = 10kohm,5V 2.5A Curr CC Rp = 10kohm,"[Hid] /usr/local/bin/hidreport -p 0x026F -v 0x5ac -usage 0xFF00,0xb get 0xa3",,PASS,,,,,,,,,Sep 19 2019 7:13:09.1940 PM,Sep 19 2019 7:13:09.1940 PM,0
5V 2.5A Curr CC Rp = 10kohm,5V 2.5A Curr CC Rp = 10kohm,CurrCharge_2A5 pass,01 88 13 F4 01,PASS,,,,,,,,,Sep 19 2019 7:13:09.5780 PM,Sep 19 2019 7:13:09.5780 PM,0
5V 2.5A Charge Mode,,,,,,,,,,,,,Sep 19 2019 7:13:09.5820 PM,Sep 19 2019 7:13:09.5820 PM,.0007
5V 2.5A Charge Mode,5V 2.5A Charge Mode,ChargeMode_2A5,,PASS,,1,NA,1,1,,,NA,Sep 19 2019 7:13:09.5820 PM,Sep 19 2019 7:13:09.5820 PM,0
5V 2.5A Charge Voltage ,,,,,,,,,,,,,Sep 19 2019 7:13:09.5840 PM,Sep 19 2019 7:13:09.5850 PM,.0005
5V 2.5A Charge Voltage ,5V 2.5A Charge Voltage ,ChargeVoltage_2A5,,PASS,,5000,NA,5000,5000,,,NA,Sep 19 2019 7:13:09.5850 PM,Sep 19 2019 7:13:09.5850 PM,0
5V 2.5A Charge Capability,,,,,,,,,,,,,Sep 19 2019 7:13:09.5870 PM,Sep 19 2019 7:13:09.5880 PM,.0006
5V 2.5A Charge Capability,5V 2.5A Charge Capability,ChargeCapability_2A5,,PASS,,500,NA,500,500,,,NA,Sep 19 2019 7:13:09.5870 PM,Sep 19 2019 7:13:09.5870 PM,0
5V 2.5A Orion Power Voltage,,,,,,,,,,,,,Sep 19 2019 7:13:09.5900 PM,Sep 19 2019 7:13:10.8710 PM,1.2815
5V 2.5A Orion Power Voltage,5V 2.5A Orion Power Voltage,[rpc] item_OrionVoltage(60V),,PASS,,,,,,,,,Sep 19 2019 7:13:09.5910 PM,Sep 19 2019 7:13:10.8700 PM,1.2792
5V 2.5A Orion Power Voltage,5V 2.5A Orion Power Voltage,OrionPower_2A5,,PASS,,4261.1330353186,mV,4650,4150,,,mV,Sep 19 2019 7:13:10.8710 PM,Sep 19 2019 7:13:10.8710 PM,0
5V 2.5A DUT Input Voltage,,,,,,,,,,,,,Sep 19 2019 7:13:10.8730 PM,Sep 19 2019 7:13:11.8380 PM,.9649
5V 2.5A DUT Input Voltage,5V 2.5A DUT Input Voltage,[rpc] measure_get_voltage(60V),,PASS,,,,,,,,,Sep 19 2019 7:13:10.8750 PM,Sep 19 2019 7:13:11.0980 PM,.2233
5V 2.5A DUT Input Voltage,5V 2.5A DUT Input Voltage,DUTinput_2A5,,PASS,,5001.8400823396,mV,5200,4950,,,mV,Sep 19 2019 7:13:11.0990 PM,Sep 19 2019 7:13:11.0990 PM,0
5V 2.5A DUT Input Voltage,5V 2.5A DUT Input Voltage,[rpc] cyg_eload_SetEloadOff,,PASS,,,,,,,,,Sep 19 2019 7:13:11.1000 PM,Sep 19 2019 7:13:11.2540 PM,.1539
5V 2.5A DUT Input Voltage,5V 2.5A DUT Input Voltage,"[rpc] baseboard_set_pin(2,0)",,PASS,,,,,,,,,Sep 19 2019 7:13:11.8310 PM,Sep 19 2019 7:13:11.8380 PM,.0067
9V 2.5A Curr USBC PD,,,,,,,,,,,,,Sep 19 2019 7:13:11.8410 PM,Sep 19 2019 7:13:29.7360 PM,17.8952
9V 2.5A Curr USBC PD,9V 2.5A Curr USBC PD,[rpc] item_TurnAllOffAfterInit,,PASS,,,,,,,,,Sep 19 2019 7:13:11.8420 PM,Sep 19 2019 7:13:12.9920 PM,1.1493
9V 2.5A Curr USBC PD,9V 2.5A Curr USBC PD,[rpc] psu_setPSU_init,,PASS,,,,,,,,,Sep 19 2019 7:13:12.9930 PM,Sep 19 2019 7:13:12.9990 PM,.006
9V 2.5A Curr USBC PD,9V 2.5A Curr USBC PD,[rpc] item_PowerOffTypeC,,PASS,,,,,,,,,Sep 19 2019 7:13:13.1680 PM,Sep 19 2019 7:13:13.2820 PM,.1144
9V 2.5A Curr USBC PD,9V 2.5A Curr USBC PD,"[rpc] myiocontrol_set_Bit(24,0)",,PASS,,,,,,,,,Sep 19 2019 7:13:13.2840 PM,Sep 19 2019 7:13:13.2910 PM,.0068
9V 2.5A Curr USBC PD,9V 2.5A Curr USBC PD,"[rpc] myiocontrol_set_Bit(25,0)",,PASS,,,,,,,,,Sep 19 2019 7:13:13.2920 PM,Sep 19 2019 7:13:13.2990 PM,.0066
9V 2.5A Curr USBC PD,9V 2.5A Curr USBC PD,"[rpc] dutgpio_set_pin(7,1)",,PASS,,,,,,,,,Sep 19 2019 7:13:13.4700 PM,Sep 19 2019 7:13:13.4770 PM,.0074
9V 2.5A Curr USBC PD,9V 2.5A Curr USBC PD,"[rpc] item_PowerOnTypeC(9,3000)",,PASS,,,,,,,,,Sep 19 2019 7:13:16.8910 PM,Sep 19 2019 7:13:17.0300 PM,.1394
9V 2.5A Curr USBC PD,9V 2.5A Curr USBC PD,"[rpc] myiocontrol_set_Bit(25,1)",,PASS,,,,,,,,,Sep 19 2019 7:13:19.0990 PM,Sep 19 2019 7:13:19.1060 PM,.0074
9V 2.5A Curr USBC PD,9V 2.5A Curr USBC PD,"[Hid] /usr/local/bin/hidreport -p 0x026F -v 0x5ac -usage 0xFF00,0xb set 0xa4 0xa4 1",,PASS,,,,,,,,,Sep 19 2019 7:13:20.2700 PM,Sep 19 2019 7:13:20.2700 PM,0
9V 2.5A Curr USBC PD,9V 2.5A Curr USBC PD,"[rpc] baseboard_set_pin(2,1)",,PASS,,,,,,,,,Sep 19 2019 7:13:21.7340 PM,Sep 19 2019 7:13:21.7400 PM,.0067
9V 2.5A Curr USBC PD,9V 2.5A Curr USBC PD,[rpc] psu_setPSU_Volt(8.949000),,PASS,,,,,,,,,Sep 19 2019 7:13:22.3170 PM,Sep 19 2019 7:13:22.3270 PM,.01
9V 2.5A Curr USBC PD,9V 2.5A Curr USBC PD,[rpc] cyg_eload_SetEloadCurr(2.500000),,PASS,,,,,,,,,Sep 19 2019 7:13:24.3990 PM,Sep 19 2019 7:13:24.5530 PM,.1541
9V 2.5A Curr USBC PD,9V 2.5A Curr USBC PD,"[rpc] myiocontrol_set_Bit(16,1)",,PASS,,,,,,,,,Sep 19 2019 7:13:25.6260 PM,Sep 19 2019 7:13:25.6320 PM,.0066
9V 2.5A Curr USBC PD,9V 2.5A Curr USBC PD,[rpc] cyg_eload_SetEloadOn,,PASS,,,,,,,,,Sep 19 2019 7:13:26.7020 PM,Sep 19 2019 7:13:26.8560 PM,.1537
9V 2.5A Curr USBC PD,9V 2.5A Curr USBC PD,[rpc] item_SysCurrent(3000mA),,PASS,,,,,,,,,Sep 19 2019 7:13:29.0060 PM,Sep 19 2019 7:13:29.7340 PM,.7279
9V 2.5A Curr USBC PD,9V 2.5A Curr USBC PD,CurrUSBC9VTo2A5,,PASS,,2506.4730722007,mA,2525,2475,,,mA,Sep 19 2019 7:13:29.7360 PM,Sep 19 2019 7:13:29.7360 PM,0
9V 2.5A Charge Mode,,,,,,,,,,,,,Sep 19 2019 7:13:29.7400 PM,Sep 19 2019 7:13:30.1820 PM,.4422
9V 2.5A Charge Mode,9V 2.5A Charge Mode,"[Hid] /usr/local/bin/hidreport -p 0x026F -vid 0x05AC -usage 0xFF00,0xB get 0xA3",,PASS,,,,,,,,,Sep 19 2019 7:13:29.8000 PM,Sep 19 2019 7:13:29.8000 PM,0
9V 2.5A Charge Mode,9V 2.5A Charge Mode,Send9VTo3P_cmd pass,06 28 23 B8 0B,PASS,,,,,,,,,Sep 19 2019 7:13:30.1810 PM,Sep 19 2019 7:13:30.1810 PM,0
9V 2.5A Charge Mode,9V 2.5A Charge Mode,ChargeMode9V_2A5,,PASS,,6,NA,6,6,,,NA,Sep 19 2019 7:13:30.1820 PM,Sep 19 2019 7:13:30.1820 PM,0
9V 2.5A Charge Voltage ,,,,,,,,,,,,,Sep 19 2019 7:13:30.1840 PM,Sep 19 2019 7:13:30.1850 PM,.0005
9V 2.5A Charge Voltage ,9V 2.5A Charge Voltage ,ChargeVoltage9V_2A5,,PASS,,9000,mA,9000,9000,,,mA,Sep 19 2019 7:13:30.1850 PM,Sep 19 2019 7:13:30.1850 PM,0
9V 2.5A Charge Capability,,,,,,,,,,,,,Sep 19 2019 7:13:30.1870 PM,Sep 19 2019 7:13:30.1880 PM,.0005
9V 2.5A Charge Capability,9V 2.5A Charge Capability,ChargeCapability9V_2A5,,PASS,,3000,mA,3000,3000,,,mA,Sep 19 2019 7:13:30.1870 PM,Sep 19 2019 7:13:30.1870 PM,0
9V 2.5A Orion Power Voltage,,,,,,,,,,,,,Sep 19 2019 7:13:30.1900 PM,Sep 19 2019 7:13:31.4720 PM,1.2821
9V 2.5A Orion Power Voltage,9V 2.5A Orion Power Voltage,[rpc] item_OrionVoltage(60V),,PASS,,,,,,,,,Sep 19 2019 7:13:30.1910 PM,Sep 19 2019 7:13:31.4710 PM,1.2799
9V 2.5A Orion Power Voltage,9V 2.5A Orion Power Voltage,OrionPower9V_2A5,,PASS,,8264.4282960892,mV,8700,8100,,,mV,Sep 19 2019 7:13:31.4720 PM,Sep 19 2019 7:13:31.4720 PM,0
9V 2.5A DUT Input Voltage,,,,,,,,,,,,,Sep 19 2019 7:13:31.4740 PM,Sep 19 2019 7:13:32.4390 PM,.9646
9V 2.5A DUT Input Voltage,9V 2.5A DUT Input Voltage,[rpc] measure_get_voltage(60V),,PASS,,,,,,,,,Sep 19 2019 7:13:31.4750 PM,Sep 19 2019 7:13:31.7000 PM,.2249
9V 2.5A DUT Input Voltage,9V 2.5A DUT Input Voltage,DUTinput9V_2A5,,PASS,,9001.6333430008,mV,9100,8600,,,mV,Sep 19 2019 7:13:31.7010 PM,Sep 19 2019 7:13:31.7010 PM,0
9V 2.5A DUT Input Voltage,9V 2.5A DUT Input Voltage,[rpc] cyg_eload_SetEloadOff,,PASS,,,,,,,,,Sep 19 2019 7:13:31.7020 PM,Sep 19 2019 7:13:31.8570 PM,.1547
9V 2.5A DUT Input Voltage,9V 2.5A DUT Input Voltage,"[rpc] baseboard_set_pin(2,0)",,PASS,,,,,,,,,Sep 19 2019 7:13:32.4310 PM,Sep 19 2019 7:13:32.4380 PM,.0067
Tristar To CCG3 VID,,,,,,,,,,,,,Sep 19 2019 7:13:32.4410 PM,Sep 19 2019 7:13:43.9710 PM,11.5295
Tristar To CCG3 VID,Tristar To CCG3 VID,[rpc] item_TurnAllOffAfterInit,,PASS,,,,,,,,,Sep 19 2019 7:13:32.4420 PM,Sep 19 2019 7:13:33.6030 PM,1.1607
Tristar To CCG3 VID,Tristar To CCG3 VID,[rpc] psu_setPSU_init,,PASS,,,,,,,,,Sep 19 2019 7:13:33.6040 PM,Sep 19 2019 7:13:33.6100 PM,.0055
Tristar To CCG3 VID,Tristar To CCG3 VID,[rpc] item_PowerOffTypeC,,PASS,,,,,,,,,Sep 19 2019 7:13:33.7850 PM,Sep 19 2019 7:13:33.8990 PM,.1145
Tristar To CCG3 VID,Tristar To CCG3 VID,"[rpc] myiocontrol_set_Bit(24,0)",,PASS,,,,,,,,,Sep 19 2019 7:13:33.9010 PM,Sep 19 2019 7:13:33.9070 PM,.0063
Tristar To CCG3 VID,Tristar To CCG3 VID,"[rpc] myiocontrol_set_Bit(25,0)",,PASS,,,,,,,,,Sep 19 2019 7:13:33.9080 PM,Sep 19 2019 7:13:33.9150 PM,.0064
Tristar To CCG3 VID,Tristar To CCG3 VID,"[rpc] dutgpio_set_pin(7,1)",,PASS,,,,,,,,,Sep 19 2019 7:13:34.0210 PM,Sep 19 2019 7:13:34.0250 PM,.0045
Tristar To CCG3 VID,Tristar To CCG3 VID,"[rpc] item_PowerOnTypeC(5,3000)",,PASS,,,,,,,,,Sep 19 2019 7:13:37.4370 PM,Sep 19 2019 7:13:37.5770 PM,.14
Tristar To CCG3 VID,Tristar To CCG3 VID,"[rpc] myiocontrol_set_Bit(25,1)",,PASS,,,,,,,,,Sep 19 2019 7:13:39.6480 PM,Sep 19 2019 7:13:39.6550 PM,.0068
Tristar To CCG3 VID,Tristar To CCG3 VID,"[Hid] /usr/local/bin/hidreport -p 0x026F -vid 0x05AC -usage 0xFF00,0xB set 0xa1 0xa1 0x1 0xb9",,PASS,,,,,,,,,Sep 19 2019 7:13:40.9970 PM,Sep 19 2019 7:13:40.9970 PM,0
Tristar To CCG3 VID,Tristar To CCG3 VID,"[rpc] dutgpio_set_pin(6,1)",,PASS,,,,,,,,,Sep 19 2019 7:13:42.4530 PM,Sep 19 2019 7:13:42.4580 PM,.0046
Tristar To CCG3 VID,Tristar To CCG3 VID,[Hid] /Users/gdlocal/Library/Atlas/Resources/readPidVid.sh,,PASS,,,,,,,,,Sep 19 2019 7:13:43.5850 PM,Sep 19 2019 7:13:43.5850 PM,0
Tristar To CCG3 VID,Tristar To CCG3 VID,VID,,PASS,,1452,NA,1452,1452,,,NA,Sep 19 2019 7:13:43.9700 PM,Sep 19 2019 7:13:43.9700 PM,0
Tristar To CCG3 PID,,,,,,,,,,,,,Sep 19 2019 7:13:43.9740 PM,Sep 19 2019 7:13:44.4090 PM,.4349
Tristar To CCG3 PID,Tristar To CCG3 PID,[Hid] /Users/gdlocal/Library/Atlas/Resources/readPidVid.sh,,PASS,,,,,,,,,Sep 19 2019 7:13:44.0210 PM,Sep 19 2019 7:13:44.0210 PM,0
Tristar To CCG3 PID,Tristar To CCG3 PID,PID,,PASS,,65280,NA,65280,65280,,,NA,Sep 19 2019 7:13:44.4020 PM,Sep 19 2019 7:13:44.4020 PM,0
Tristar To CCG3 PID,Tristar To CCG3 PID,"[rpc] dutgpio_set_pin(6,0)",,PASS,,,,,,,,,Sep 19 2019 7:13:44.4030 PM,Sep 19 2019 7:13:44.4080 PM,.0045
PHASE1 ORIONPWR DUT MODE,,,,,,,,,,,,,Sep 19 2019 7:13:44.4110 PM,Sep 19 2019 7:13:49.5500 PM,5.1393
PHASE1 ORIONPWR DUT MODE,PHASE1 ORIONPWR DUT MODE,[rpc] item_PowerOffTypeC,,PASS,,,,,,,,,Sep 19 2019 7:13:44.4120 PM,Sep 19 2019 7:13:44.5270 PM,.1144
PHASE1 ORIONPWR DUT MODE,PHASE1 ORIONPWR DUT MODE,[rpc] item_TurnAllOffAfterInit,,PASS,,,,,,,,,Sep 19 2019 7:13:44.5280 PM,Sep 19 2019 7:13:45.6770 PM,1.1486
PHASE1 ORIONPWR DUT MODE,PHASE1 ORIONPWR DUT MODE,"[rpc] myiocontrol_set_Bit(24,0)",,PASS,,,,,,,,,Sep 19 2019 7:13:45.8500 PM,Sep 19 2019 7:13:45.8570 PM,.0066
PHASE1 ORIONPWR DUT MODE,PHASE1 ORIONPWR DUT MODE,"[rpc] myiocontrol_set_Bit(25,0)",,PASS,,,,,,,,,Sep 19 2019 7:13:45.8590 PM,Sep 19 2019 7:13:45.8650 PM,.0066
PHASE1 ORIONPWR DUT MODE,PHASE1 ORIONPWR DUT MODE,"[rpc] dutgpio_set_pin(7,1)",,PASS,,,,,,,,,Sep 19 2019 7:13:46.0410 PM,Sep 19 2019 7:13:46.0460 PM,.0044
PHASE1 ORIONPWR DUT MODE,PHASE1 ORIONPWR DUT MODE,"[Hid] /usr/local/bin/hidreport -p 0x026F -v 0x5ac -usage 0xff00,0xb get 0xf2",,PASS,,,,,,,,,Sep 19 2019 7:13:49.1640 PM,Sep 19 2019 7:13:49.1640 PM,0
PHASE1 ORIONPWR DUT MODE,PHASE1 ORIONPWR DUT MODE,RoleSwapOrion pass,04 ,PASS,,,,,,,,,Sep 19 2019 7:13:49.5500 PM,Sep 19 2019 7:13:49.5500 PM,0
PHASE2 USBCPWR DUT MODE,,,,,,,,,,,,,Sep 19 2019 7:13:49.5530 PM,Sep 19 2019 7:13:52.1960 PM,2.6429
PHASE2 USBCPWR DUT MODE,PHASE2 USBCPWR DUT MODE,"[rpc] item_PowerOnTypeC(5,2000)",,PASS,,,,,,,,,Sep 19 2019 7:13:49.5550 PM,Sep 19 2019 7:13:49.6950 PM,.1404
PHASE2 USBCPWR DUT MODE,PHASE2 USBCPWR DUT MODE,"[Hid] /usr/local/bin/hidreport -p 0x026F -v 0x5ac -usage 0xff00,0xb get 0xf2",,PASS,,,,,,,,,Sep 19 2019 7:13:51.8090 PM,Sep 19 2019 7:13:51.8090 PM,0
PHASE2 USBCPWR DUT MODE,PHASE2 USBCPWR DUT MODE,RoleSwapUSBC pass,03 ,PASS,,,,,,,,,Sep 19 2019 7:13:52.1960 PM,Sep 19 2019 7:13:52.1960 PM,0
Write And Read 0x01,,,,,,,,,,,,,Sep 19 2019 7:13:52.1990 PM,Sep 19 2019 7:13:53.0640 PM,.865
Write And Read 0x01,Write And Read 0x01,"[Hid] /usr/local/bin/hidreport -p 0x026F -v 0x5ac -usage 0xff00,0xb set 0xf0 0xf0 1",,PASS,,,,,,,,,Sep 19 2019 7:13:52.2410 PM,Sep 19 2019 7:13:52.2410 PM,0
Write And Read 0x01,Write And Read 0x01,"[Hid] /usr/local/bin/hidreport -p 0x026F -v 0x5ac -usage 0xff00,0xb get 0xf0",,PASS,,,,,,,,,Sep 19 2019 7:13:52.6740 PM,Sep 19 2019 7:13:52.6740 PM,0
Write And Read 0x01,Write And Read 0x01,RoleSwapWrite pass,01 ,PASS,,,,,,,,,Sep 19 2019 7:13:53.0620 PM,Sep 19 2019 7:13:53.0620 PM,0
Write And Read 0x01,Write And Read 0x01,Read0x01_PART1,,PASS,,1,,,,,,,Sep 19 2019 7:13:53.0630 PM,Sep 19 2019 7:13:53.0630 PM,0
Write And Read 0x01,Write And Read 0x01,Read0x01,,PASS,,,,,,,,,Sep 19 2019 7:13:53.0630 PM,Sep 19 2019 7:13:53.0630 PM,0
PHASE3 ORIONPWR DUT MODE,,,,,,,,,,,,,Sep 19 2019 7:13:53.0670 PM,Sep 19 2019 7:13:55.3510 PM,2.2843
PHASE3 ORIONPWR DUT MODE,PHASE3 ORIONPWR DUT MODE,[rpc] item_PowerOffTypeC,,PASS,,,,,,,,,Sep 19 2019 7:13:53.0680 PM,Sep 19 2019 7:13:53.1820 PM,.1144
PHASE3 ORIONPWR DUT MODE,PHASE3 ORIONPWR DUT MODE,"[HID] /usr/local/bin/hidreport -p 0x026F -v 0x5ac -usage 0xff00,0xb get 0xf0",,PASS,,,,,,,,,Sep 19 2019 7:13:55.2490 PM,Sep 19 2019 7:13:55.2490 PM,0
PHASE3 ORIONPWR DUT MODE,PHASE3 ORIONPWR DUT MODE,"[HID] /usr/local/bin/hidreport -p 0x026F -v 0x5ac -usage 0xff00,0xb get 0xf2",,PASS,,,,,,,,,Sep 19 2019 7:13:55.2980 PM,Sep 19 2019 7:13:55.2980 PM,0
PHASE3 ORIONPWR DUT MODE,PHASE3 ORIONPWR DUT MODE,RoleSwapOrionAfter pass,CMD GET 0xF0 response 01 -CMD GET 0xF2 response 04 ,PASS,,,,,,,,,Sep 19 2019 7:13:55.3470 PM,Sep 19 2019 7:13:55.3470 PM,0
PHASE3 ORIONPWR DUT MODE,PHASE3 ORIONPWR DUT MODE,STATUS_READ_F0_PART1,,PASS,,1,,,,,,,Sep 19 2019 7:13:55.3480 PM,Sep 19 2019 7:13:55.3480 PM,0
PHASE3 ORIONPWR DUT MODE,PHASE3 ORIONPWR DUT MODE,STATUS_READ_F0,,PASS,,,,,,,,,Sep 19 2019 7:13:55.3490 PM,Sep 19 2019 7:13:55.3490 PM,0
PHASE3 ORIONPWR DUT MODE,PHASE3 ORIONPWR DUT MODE,STATUS_READ_F2_PART1,,PASS,,4,,,,,,,Sep 19 2019 7:13:55.3500 PM,Sep 19 2019 7:13:55.3500 PM,0
PHASE3 ORIONPWR DUT MODE,PHASE3 ORIONPWR DUT MODE,STATUS_READ_F2,,PASS,,,,,,,,,Sep 19 2019 7:13:55.3510 PM,Sep 19 2019 7:13:55.3510 PM,0
System critical errors,,,,,,,,,,,,,Sep 19 2019 7:13:55.3540 PM,Sep 19 2019 7:14:01.2510 PM,5.8974
System critical errors,System critical errors,[Hid] /usr/local/bin/hidreport -v 0x05ac -p 0x026F -i 0 set 0x3D 0x3D 0x13 0x0 0x0 0x0,,PASS,,,,,,,,,Sep 19 2019 7:13:55.4540 PM,Sep 19 2019 7:13:55.4540 PM,0
System critical errors,System critical errors,[Hid] /usr/local/bin/hidreport -v 0x05ac -p 0x026F -i 0 set 0x3E 0x3E 0x13 0x0 0x0 0x0 0x0,,PASS,,,,,,,,,Sep 19 2019 7:13:55.9740 PM,Sep 19 2019 7:13:55.9740 PM,0
System critical errors,System critical errors,[rpc] item_TurnAllOffAfterInit,,PASS,,,,,,,,,Sep 19 2019 7:13:56.3560 PM,Sep 19 2019 7:13:57.5050 PM,1.1493
System critical errors,System critical errors,[rpc] item_PowerOffTypeC,,PASS,,,,,,,,,Sep 19 2019 7:13:57.5070 PM,Sep 19 2019 7:13:57.6210 PM,.1146
System critical errors,System critical errors,"[rpc] myiocontrol_set_Bit(24,0)",,PASS,,,,,,,,,Sep 19 2019 7:13:57.6230 PM,Sep 19 2019 7:13:57.6290 PM,.0065
System critical errors,System critical errors,"[rpc] myiocontrol_set_Bit(25,0)",,PASS,,,,,,,,,Sep 19 2019 7:13:57.6310 PM,Sep 19 2019 7:13:57.6380 PM,.0067
System critical errors,System critical errors,"[rpc] dutgpio_set_pin(7,1)",,PASS,,,,,,,,,Sep 19 2019 7:13:57.8140 PM,Sep 19 2019 7:13:57.8180 PM,.0044
System critical errors,System critical errors,"[Hid] /usr/local/bin/hidreport -pid 0x026F -vid 0x05ac -usage 0xff00,0xb get 0xe1",,PASS,,,,,,,,,Sep 19 2019 7:14:00.8670 PM,Sep 19 2019 7:14:00.8670 PM,0
System critical errors,System critical errors,CRIT_ERR_E1_PART1,,PASS,,8704,,,,,,,Sep 19 2019 7:14:01.2490 PM,Sep 19 2019 7:14:01.2490 PM,0
System critical errors,System critical errors,CRIT_ERR_E1_PART2,,PASS,,0,,,,,,,Sep 19 2019 7:14:01.2490 PM,Sep 19 2019 7:14:01.2490 PM,0
System critical errors,System critical errors,CRIT_ERR_E1,,PASS,,,,,,,,,Sep 19 2019 7:14:01.2510 PM,Sep 19 2019 7:14:01.2510 PM,0
KeyScan critical errors,,,,,,,,,,,,,Sep 19 2019 7:14:01.2550 PM,Sep 19 2019 7:14:01.7120 PM,.4568
KeyScan critical errors,KeyScan critical errors,"[Hid] /usr/local/bin/hidreport -pid 0x026F -vid 0x05ac -usage 0xff00,0xb get 0xE7",,PASS,,,,,,,,,Sep 19 2019 7:14:01.3150 PM,Sep 19 2019 7:14:01.3150 PM,0
KeyScan critical errors,KeyScan critical errors,CRIT_ERR_E7_PART1,,PASS,,0,,,,,,,Sep 19 2019 7:14:01.7100 PM,Sep 19 2019 7:14:01.7100 PM,0
KeyScan critical errors,KeyScan critical errors,CRIT_ERR_E7_PART2,,PASS,,0,,,,,,,Sep 19 2019 7:14:01.7100 PM,Sep 19 2019 7:14:01.7100 PM,0
KeyScan critical errors,KeyScan critical errors,CRIT_ERR_E7_PART3,,PASS,,0,,,,,,,Sep 19 2019 7:14:01.7110 PM,Sep 19 2019 7:14:01.7110 PM,0
KeyScan critical errors,KeyScan critical errors,CRIT_ERR_E7_PART4,,PASS,,0,,,,,,,Sep 19 2019 7:14:01.7110 PM,Sep 19 2019 7:14:01.7110 PM,0
KeyScan critical errors,KeyScan critical errors,CRIT_ERR_E7,,PASS,,,,,,,,,Sep 19 2019 7:14:01.7120 PM,Sep 19 2019 7:14:01.7120 PM,0
FW Update critical errors,,,,,,,,,,,,,Sep 19 2019 7:14:01.7160 PM,Sep 19 2019 7:14:02.1650 PM,.4491
FW Update critical errors,FW Update critical errors,"[Hid] /usr/local/bin/hidreport -pid 0x026F -vid 0x05ac -usage 0xff00,0xb get 0xE2",,PASS,,,,,,,,,Sep 19 2019 7:14:01.7630 PM,Sep 19 2019 7:14:01.7630 PM,0
FW Update critical errors,FW Update critical errors,CRIT_ERR_E2_PART1,,PASS,,0,,,,,,,Sep 19 2019 7:14:02.1370 PM,Sep 19 2019 7:14:02.1370 PM,0
FW Update critical errors,FW Update critical errors,CRIT_ERR_E2_PART2,,PASS,,0,,,,,,,Sep 19 2019 7:14:02.1630 PM,Sep 19 2019 7:14:02.1630 PM,0
FW Update critical errors,FW Update critical errors,CRIT_ERR_E2_PART3,,PASS,,0,,,,,,,Sep 19 2019 7:14:02.1630 PM,Sep 19 2019 7:14:02.1630 PM,0
FW Update critical errors,FW Update critical errors,CRIT_ERR_E2,,PASS,,,,,,,,,Sep 19 2019 7:14:02.1650 PM,Sep 19 2019 7:14:02.1650 PM,0
GRAPE critical errors,,,,,,,,,,,,,Sep 19 2019 7:14:02.1740 PM,Sep 19 2019 7:14:02.6380 PM,.4648
GRAPE critical errors,GRAPE critical errors,"[Hid] /usr/local/bin/hidreport -pid 0x026F -vid 0x05ac -usage 0xff00,0xb get 0xe5",,PASS,,,,,,,,,Sep 19 2019 7:14:02.2450 PM,Sep 19 2019 7:14:02.2450 PM,0
GRAPE critical errors,GRAPE critical errors,CRIT_ERR_E5_PART1,,PASS,,16777216,,,,,,,Sep 19 2019 7:14:02.6330 PM,Sep 19 2019 7:14:02.6330 PM,0
GRAPE critical errors,GRAPE critical errors,CRIT_ERR_E5_PART2,,PASS,,0,,,,,,,Sep 19 2019 7:14:02.6330 PM,Sep 19 2019 7:14:02.6330 PM,0
GRAPE critical errors,GRAPE critical errors,CRIT_ERR_E5_PART3,,PASS,,0,,,,,,,Sep 19 2019 7:14:02.6330 PM,Sep 19 2019 7:14:02.6330 PM,0
GRAPE critical errors,GRAPE critical errors,CRIT_ERR_E5_PART4,,PASS,,0,,,,,,,Sep 19 2019 7:14:02.6340 PM,Sep 19 2019 7:14:02.6340 PM,0
GRAPE critical errors,GRAPE critical errors,CRIT_ERR_E5_PART5,,PASS,,0,,,,,,,Sep 19 2019 7:14:02.6340 PM,Sep 19 2019 7:14:02.6340 PM,0
GRAPE critical errors,GRAPE critical errors,CRIT_ERR_E5_PART6,,PASS,,0,,,,,,,Sep 19 2019 7:14:02.6350 PM,Sep 19 2019 7:14:02.6350 PM,0
GRAPE critical errors,GRAPE critical errors,CRIT_ERR_E5_PART7,,PASS,,16842752,,,,,,,Sep 19 2019 7:14:02.6350 PM,Sep 19 2019 7:14:02.6350 PM,0
GRAPE critical errors,GRAPE critical errors,CRIT_ERR_E5_PART8,,PASS,,16777216,,,,,,,Sep 19 2019 7:14:02.6350 PM,Sep 19 2019 7:14:02.6350 PM,0
GRAPE critical errors,GRAPE critical errors,CRIT_ERR_E5_PART9,,PASS,,0,,,,,,,Sep 19 2019 7:14:02.6360 PM,Sep 19 2019 7:14:02.6360 PM,0
GRAPE critical errors,GRAPE critical errors,CRIT_ERR_E5_PART10,,PASS,,0,,,,,,,Sep 19 2019 7:14:02.6360 PM,Sep 19 2019 7:14:02.6360 PM,0
GRAPE critical errors,GRAPE critical errors,CRIT_ERR_E5,,PASS,,,,,,,,,Sep 19 2019 7:14:02.6380 PM,Sep 19 2019 7:14:02.6380 PM,0
USBC critical errors,,,,,,,,,,,,,Sep 19 2019 7:14:02.6440 PM,Sep 19 2019 7:14:03.0860 PM,.442
USBC critical errors,USBC critical errors,"[Hid] /usr/local/bin/hidreport -pid 0x026F -vid 0x05ac -usage 0xff00,0xb get 0xe3",,PASS,,,,,,,,,Sep 19 2019 7:14:02.6970 PM,Sep 19 2019 7:14:02.6970 PM,0
USBC critical errors,USBC critical errors,CRIT_ERR_E3_PART1,,PASS,,0,,,,,,,Sep 19 2019 7:14:03.0830 PM,Sep 19 2019 7:14:03.0830 PM,0
USBC critical errors,USBC critical errors,CRIT_ERR_E3_PART2,,PASS,,0,,,,,,,Sep 19 2019 7:14:03.0840 PM,Sep 19 2019 7:14:03.0840 PM,0
USBC critical errors,USBC critical errors,CRIT_ERR_E3_PART3,,PASS,,0,,,,,,,Sep 19 2019 7:14:03.0840 PM,Sep 19 2019 7:14:03.0840 PM,0
USBC critical errors,USBC critical errors,CRIT_ERR_E3_PART4,,PASS,,0,,,,,,,Sep 19 2019 7:14:03.0840 PM,Sep 19 2019 7:14:03.0840 PM,0
USBC critical errors,USBC critical errors,CRIT_ERR_E3,,PASS,,,,,,,,,Sep 19 2019 7:14:03.0850 PM,Sep 19 2019 7:14:03.0850 PM,0
Critical summary,,,,,,,,,,,,,Sep 19 2019 7:14:03.0900 PM,Sep 19 2019 7:14:03.5240 PM,.4341
Critical summary,Critical summary,"[Hid] /usr/local/bin/hidreport -pid 0x026F -vid 0x05ac -usage 0xff00,0xb get 0xe0",,PASS,,,,,,,,,Sep 19 2019 7:14:03.1360 PM,Sep 19 2019 7:14:03.1360 PM,0
Critical summary,Critical summary,CRIT_ERR_E0_PART1,,PASS,,0,,,,,,,Sep 19 2019 7:14:03.5220 PM,Sep 19 2019 7:14:03.5220 PM,0
Critical summary,Critical summary,CRIT_ERR_E0,,PASS,,,,,,,,,Sep 19 2019 7:14:03.5230 PM,Sep 19 2019 7:14:03.5230 PM,0
BL Critical errors,,,,,,,,,,,,,Sep 19 2019 7:14:03.5270 PM,Sep 19 2019 7:14:05.5870 PM,2.0607
BL Critical errors,BL Critical errors,"[Hid] /usr/local/bin/hidreport -pid 0x026F -vid 0x05ac -usage 0xff00,0xf get 0x7",,PASS,,,,,,,,,Sep 19 2019 7:14:03.6490 PM,Sep 19 2019 7:14:03.6490 PM,0
BL Critical errors,BL Critical errors,BL_CRI_ERR_PART1,,PASS,,0,,,,,,,Sep 19 2019 7:14:04.0420 PM,Sep 19 2019 7:14:04.0420 PM,0
BL Critical errors,BL Critical errors,BL_CRI_ERR,,PASS,,,,,,,,,Sep 19 2019 7:14:04.0430 PM,Sep 19 2019 7:14:04.0430 PM,0
BL Critical errors,BL Critical errors,[Hid] /usr/local/bin/hidreport -v 0x05ac -p 0x026F -i 0 set 0x3D 0x3D 0x13 0x0 0x0 0x0,,PASS,,,,,,,,,Sep 19 2019 7:14:04.1420 PM,Sep 19 2019 7:14:04.1420 PM,0
BL Critical errors,BL Critical errors,[Hid] /usr/local/bin/hidreport -v 0x05ac -p 0x026F -i 0 set 0x3E 0x3E 0x13 0x0 0x0 0x0 0x2,,PASS,,,,,,,,,Sep 19 2019 7:14:05.1990 PM,Sep 19 2019 7:14:05.1990 PM,0
Brick ID,,,,,,,,,,,,,Sep 19 2019 7:14:05.5900 PM,Sep 19 2019 7:14:49.0210 PM,43.4308
Brick ID,Brick ID,AtlasApp-Hyperion,show-form,PASS,,,,,,,,,Sep 19 2019 7:14:05.5920 PM,Sep 19 2019 7:14:47.4860 PM,41.8945
Brick ID,Brick ID,[rpc] myiocontrol_TurnAllOff,,PASS,,,,,,,,,Sep 19 2019 7:14:47.4890 PM,Sep 19 2019 7:14:47.5810 PM,.0923
Brick ID,Brick ID,"[Hid] /usr/local/bin/hidreport -p 0x026F -v 0x5ac -usage 0xff00,0xB get 0xA3",,PASS,,,,,,,,,Sep 19 2019 7:14:48.6930 PM,Sep 19 2019 7:14:48.6930 PM,0
