Test,Plugin,Command,Status,Info,Start Time,End Time,Duration (s)
Scan FATP SN,com.apple.hwte.atlas.AppPlugin,show-form,PASS,,Sep 19 2019 7:09:40.3820 PM,Sep 19 2019 7:09:41.8680 PM,1.4861
Start Data Reporting,DRCB,startDataReporting,PASS,,Sep 19 2019 7:09:41.9170 PM,Sep 19 2019 7:09:41.9470 PM,.0301
Start Control Bit,DRCB,startControlBits,PASS,,Sep 19 2019 7:09:41.9530 PM,Sep 19 2019 7:09:42.2900 PM,.3367
PPORION OVP OUT 16V CURR,rpcCall,RPCSendAndGet,PASS,,Sep 19 2019 7:09:42.2950 PM,Sep 19 2019 7:09:42.4260 PM,.1311
PPORION OVP OUT 16V CURR,rpcCall,RPCSendAndGet,PASS,,Sep 19 2019 7:09:42.6000 PM,Sep 19 2019 7:09:42.6790 PM,.0799
PPORION OVP OUT 16V CURR,rpcCall,RPCSendAndGet,PASS,,Sep 19 2019 7:09:42.7900 PM,Sep 19 2019 7:09:42.7950 PM,.0048
PPORION OVP OUT 16V CURR,rpcCall,RPCSendAndGet,PASS,,Sep 19 2019 7:09:42.9650 PM,Sep 19 2019 7:09:43.0100 PM,.0448
PPORION OVP OUT 16V CURR,rpcCall,RPCSendAndGet,PASS,,Sep 19 2019 7:09:43.1860 PM,Sep 19 2019 7:09:43.2740 PM,.0883
PPORION OVP OUT 16V CURR,rpcCall,RPCSendAndGet,PASS,,Sep 19 2019 7:09:43.4480 PM,Sep 19 2019 7:09:43.4540 PM,.0067
PPORION OVP OUT 16V CURR,rpcCall,RPCSendAndGet,PASS,,Sep 19 2019 7:09:43.6280 PM,Sep 19 2019 7:09:43.6350 PM,.0066
PPORION OVP OUT 16V CURR,rpcCall,RPCSendAndGet,PASS,,Sep 19 2019 7:09:43.8090 PM,Sep 19 2019 7:09:44.7740 PM,.9649
PPORION OVP OUT 16V CURR,rpcCall,RPCSendAndGet,PASS,,Sep 19 2019 7:09:45.8500 PM,Sep 19 2019 7:09:46.7510 PM,.9017
PPORION OVP OUT 5V2 CURR,rpcCall,RPCSendAndGet,PASS,,Sep 19 2019 7:09:46.7620 PM,Sep 19 2019 7:09:47.7270 PM,.9653
PPORION OVP OUT 5V2 CURR,rpcCall,RPCSendAndGet,PASS,,Sep 19 2019 7:09:48.8030 PM,Sep 19 2019 7:09:49.6520 PM,.8486
PPORION OVP OUT 5V2 CURR,rpcCall,RPCSendAndGet,PASS,,Sep 19 2019 7:09:51.7230 PM,Sep 19 2019 7:09:52.5720 PM,.8486
PPORION OVP OUT -16V CURR,rpcCall,RPCSendAndGet,PASS,,Sep 19 2019 7:09:52.5770 PM,Sep 19 2019 7:09:53.5450 PM,.9685
PPORION OVP OUT -16V CURR,rpcCall,RPCSendAndGet,PASS,,Sep 19 2019 7:09:54.6180 PM,Sep 19 2019 7:09:55.3080 PM,.6898
SYS IDBUS 6V VBUS 5V2 CURR,rpcCall,RPCSendAndGet,PASS,,Sep 19 2019 7:09:55.3120 PM,Sep 19 2019 7:09:55.5360 PM,.2239
SYS IDBUS 6V VBUS 5V2 CURR,rpcCall,RPCSendAndGet,PASS,,Sep 19 2019 7:09:56.1060 PM,Sep 19 2019 7:09:56.9690 PM,.8635
SYS IDBUS 6V VBUS 5V2 CURR,rpcCall,RPCSendAndGet,PASS,,Sep 19 2019 7:09:58.0460 PM,Sep 19 2019 7:09:58.7780 PM,.732
SYS IDBUS 6V VBUS 0V CURR,rpcCall,RPCSendAndGet,PASS,,Sep 19 2019 7:09:58.7830 PM,Sep 19 2019 7:09:59.6510 PM,.8679
SYS IDBUS 6V VBUS 0V CURR,rpcCall,RPCSendAndGet,PASS,,Sep 19 2019 7:10:00.7220 PM,Sep 19 2019 7:10:00.7300 PM,.0083
SYS IDBUS 6V VBUS 0V CURR,rpcCall,RPCSendAndGet,PASS,,Sep 19 2019 7:10:01.3050 PM,Sep 19 2019 7:10:01.9960 PM,.6911
SYS IDBUS -4V VBUS 0V CURR,rpcCall,RPCSendAndGet,PASS,,Sep 19 2019 7:10:02.0010 PM,Sep 19 2019 7:10:02.0090 PM,.0084
SYS IDBUS -4V VBUS 0V CURR,rpcCall,RPCSendAndGet,PASS,,Sep 19 2019 7:10:02.0110 PM,Sep 19 2019 7:10:02.0190 PM,.008
SYS IDBUS -4V VBUS 0V CURR,rpcCall,RPCSendAndGet,PASS,,Sep 19 2019 7:10:02.0210 PM,Sep 19 2019 7:10:02.0290 PM,.008
SYS IDBUS -4V VBUS 0V CURR,rpcCall,RPCSendAndGet,PASS,,Sep 19 2019 7:10:02.0300 PM,Sep 19 2019 7:10:02.0380 PM,.0081
SYS IDBUS -4V VBUS 0V CURR,rpcCall,RPCSendAndGet,PASS,,Sep 19 2019 7:10:02.0400 PM,Sep 19 2019 7:10:02.9070 PM,.8672
SYS IDBUS -4V VBUS 0V CURR,rpcCall,RPCSendAndGet,PASS,,Sep 19 2019 7:10:03.4770 PM,Sep 19 2019 7:10:03.7920 PM,.3148
SYS IDBUS -4V VBUS 0V CURR,rpcCall,RPCSendAndGet,PASS,,Sep 19 2019 7:10:03.7940 PM,Sep 19 2019 7:10:03.9490 PM,.1545
SYS IDBUS -4V VBUS 0V CURR,rpcCall,RPCSendAndGet,PASS,,Sep 19 2019 7:10:04.5230 PM,Sep 19 2019 7:10:04.8350 PM,.3116
SYS IDBUS -4V VBUS 0V CURR,rpcCall,RPCSendAndGet,PASS,,Sep 19 2019 7:10:04.8360 PM,Sep 19 2019 7:10:04.8450 PM,.0083
SYS IDBUS -4V VBUS 0V CURR,rpcCall,RPCSendAndGet,PASS,,Sep 19 2019 7:10:05.9210 PM,Sep 19 2019 7:10:06.6470 PM,.7257
SYS IDBUS -4V VBUS 0V CURR,rpcCall,RPCSendAndGet,PASS,,Sep 19 2019 7:10:06.6480 PM,Sep 19 2019 7:10:06.8790 PM,.2305
SYS IDBUS -4V VBUS 0V CURR,rpcCall,RPCSendAndGet,PASS,,Sep 19 2019 7:10:06.8810 PM,Sep 19 2019 7:10:06.8880 PM,.0067
SYS IDBUS -4V VBUS 0V CURR,rpcCall,RPCSendAndGet,PASS,,Sep 19 2019 7:10:06.8890 PM,Sep 19 2019 7:10:06.8960 PM,.0066
SYS IDBUS -4V VBUS 0V CURR,rpcCall,RPCSendAndGet,PASS,,Sep 19 2019 7:10:06.8980 PM,Sep 19 2019 7:10:06.9050 PM,.007
SYS IDBUS -4V VBUS 0V CURR,rpcCall,RPCSendAndGet,PASS,,Sep 19 2019 7:10:06.9060 PM,Sep 19 2019 7:10:06.9130 PM,.0065
P203 Power On Dut,rpcCall,RPCSendAndGet,PASS,,Sep 19 2019 7:10:06.9210 PM,Sep 19 2019 7:10:08.0690 PM,1.1482
P203 Power On Dut,rpcCall,RPCSendAndGet,PASS,,Sep 19 2019 7:10:08.0700 PM,Sep 19 2019 7:10:08.0750 PM,.005
P203 Power On Dut,rpcCall,RPCSendAndGet,PASS,,Sep 19 2019 7:10:08.0760 PM,Sep 19 2019 7:10:09.0430 PM,.9667
P203 Power On Dut,rpcCall,RPCSendAndGet,PASS,,Sep 19 2019 7:10:09.0450 PM,Sep 19 2019 7:10:09.0500 PM,.0053
P203 Power On Dut,rpcCall,RPCSendAndGet,PASS,,Sep 19 2019 7:10:14.1260 PM,Sep 19 2019 7:10:14.1330 PM,.0071
P203 Power On Dut,rpcCall,RPCSendAndGet,PASS,,Sep 19 2019 7:10:14.7090 PM,Sep 19 2019 7:10:15.6740 PM,.9647
P203 Power On Dut,rpcCall,RPCSendAndGet,PASS,,Sep 19 2019 7:10:19.2250 PM,Sep 19 2019 7:10:20.3730 PM,1.1487
P203 Power On Dut,rpcCall,RPCSendAndGet,PASS,,Sep 19 2019 7:10:20.3750 PM,Sep 19 2019 7:10:20.3800 PM,.0049
P203 Power On Dut,rpcCall,RPCSendAndGet,PASS,,Sep 19 2019 7:10:20.3810 PM,Sep 19 2019 7:10:21.3460 PM,.965
P203 Power On Dut,rpcCall,RPCSendAndGet,PASS,,Sep 19 2019 7:10:21.3480 PM,Sep 19 2019 7:10:21.3520 PM,.0045
P203 Power On Dut,rpcCall,RPCSendAndGet,PASS,,Sep 19 2019 7:10:26.4240 PM,Sep 19 2019 7:10:26.4310 PM,.0069
P203 Power On Dut,rpcCall,RPCSendAndGet,PASS,,Sep 19 2019 7:10:27.0070 PM,Sep 19 2019 7:10:27.9720 PM,.9647
Query SFC SN,SFCSupport,getAttribute,PASS,,Sep 19 2019 7:10:30.0190 PM,Sep 19 2019 7:10:30.0710 PM,.0527
Query SFC SN,SFCSupport,getAttribute,PASS,,Sep 19 2019 7:10:30.0740 PM,Sep 19 2019 7:10:30.0780 PM,.0045
Query SFC SN,SFCSupport,getAttribute,PASS,,Sep 19 2019 7:10:30.0810 PM,Sep 19 2019 7:10:30.0850 PM,.0041
Query SFC SN,SFCSupport,getAttribute,PASS,,Sep 19 2019 7:10:30.0870 PM,Sep 19 2019 7:10:30.0920 PM,.0054
Query SFC SN,SFCSupport,getAttribute,PASS,,Sep 19 2019 7:10:30.0940 PM,Sep 19 2019 7:10:30.0980 PM,.0041
Query SFC SN,SFCSupport,getAttribute,PASS,,Sep 19 2019 7:10:30.1000 PM,Sep 19 2019 7:10:30.1050 PM,.005
Query SFC SN,SFCSupport,getAttribute,PASS,,Sep 19 2019 7:10:30.1090 PM,Sep 19 2019 7:10:30.1130 PM,.004
Query SFC SN,SFCSupport,getAttribute,PASS,,Sep 19 2019 7:10:30.1150 PM,Sep 19 2019 7:10:30.1190 PM,.0034
Query SFC SN,SFCSupport,getAttribute,PASS,,Sep 19 2019 7:10:30.1200 PM,Sep 19 2019 7:10:30.1250 PM,.0046
Query SFC SN,SFCSupport,getAttribute,PASS,,Sep 19 2019 7:10:30.1270 PM,Sep 19 2019 7:10:30.1320 PM,.0049
Query SFC SN,SFCSupport,getAttribute,PASS,,Sep 19 2019 7:10:30.1330 PM,Sep 19 2019 7:10:30.1380 PM,.0043
Query SFC SN,SFCSupport,getAttribute,PASS,,Sep 19 2019 7:10:30.1390 PM,Sep 19 2019 7:10:30.1430 PM,.0036
MIX FW,rpcCall,RPCSendAndGet,PASS,,Sep 19 2019 7:10:30.6000 PM,Sep 19 2019 7:10:30.6050 PM,.0046
Read Lang Blob,rpcCall,RPCSendAndGet,PASS,,Sep 19 2019 7:10:34.7130 PM,Sep 19 2019 7:10:35.8620 PM,1.1489
Read Lang Blob,rpcCall,RPCSendAndGet,PASS,,Sep 19 2019 7:10:35.8640 PM,Sep 19 2019 7:10:35.8680 PM,.0048
Read Lang Blob,rpcCall,RPCSendAndGet,PASS,,Sep 19 2019 7:10:35.8700 PM,Sep 19 2019 7:10:36.8370 PM,.9675
Read Lang Blob,rpcCall,RPCSendAndGet,PASS,,Sep 19 2019 7:10:36.8390 PM,Sep 19 2019 7:10:36.8430 PM,.0045
Read Lang Blob,rpcCall,RPCSendAndGet,PASS,,Sep 19 2019 7:10:41.9180 PM,Sep 19 2019 7:10:41.9250 PM,.0068
Read Lang Blob,rpcCall,RPCSendAndGet,PASS,,Sep 19 2019 7:10:42.4960 PM,Sep 19 2019 7:10:43.4610 PM,.9646
Power Cycle,rpcCall,RPCSendAndGet,PASS,,Sep 19 2019 7:10:44.9680 PM,Sep 19 2019 7:10:46.1180 PM,1.15
Power Cycle,rpcCall,RPCSendAndGet,PASS,,Sep 19 2019 7:10:46.1190 PM,Sep 19 2019 7:10:46.1240 PM,.005
Power Cycle,rpcCall,RPCSendAndGet,PASS,,Sep 19 2019 7:10:46.1260 PM,Sep 19 2019 7:10:47.0920 PM,.9666
Power Cycle,rpcCall,RPCSendAndGet,PASS,,Sep 19 2019 7:10:47.0940 PM,Sep 19 2019 7:10:47.1010 PM,.0066
Power Cycle,rpcCall,RPCSendAndGet,PASS,,Sep 19 2019 7:10:52.1690 PM,Sep 19 2019 7:10:52.1780 PM,.0096
Power Cycle,rpcCall,RPCSendAndGet,PASS,,Sep 19 2019 7:10:52.7520 PM,Sep 19 2019 7:10:53.7170 PM,.9651
Orion Power SYS CURRENT IDLE,rpcCall,RPCSendAndGet,PASS,,Sep 19 2019 7:10:59.5090 PM,Sep 19 2019 7:11:00.3570 PM,.8488
System Curr caps lock LED is on,rpcCall,RPCSendAndGet,PASS,,Sep 19 2019 7:11:01.9230 PM,Sep 19 2019 7:11:02.7850 PM,.8617
System Curr caps lock LED is off,rpcCall,RPCSendAndGet,PASS,,Sep 19 2019 7:11:04.3350 PM,Sep 19 2019 7:11:05.1820 PM,.8475
Orion Power SYS CURRENT BLC ONLY,rpcCall,RPCSendAndGet,PASS,,Sep 19 2019 7:11:06.7480 PM,Sep 19 2019 7:11:07.6040 PM,.8561
Orion Power SYS CURRENT USBC Alt power ONLY,rpcCall,RPCSendAndGet,PASS,,Sep 19 2019 7:11:09.6340 PM,Sep 19 2019 7:11:10.4840 PM,.8502
Orion Power SYS CURRENT Energy storage ONLY,rpcCall,RPCSendAndGet,PASS,,Sep 19 2019 7:11:12.5090 PM,Sep 19 2019 7:11:13.3630 PM,.854
Orion Power SYS CURRENT MFI ONLY,rpcCall,RPCSendAndGet,PASS,,Sep 19 2019 7:11:15.3450 PM,Sep 19 2019 7:11:16.1960 PM,.8518
Orion Power SYS CURRENT Energy storage,rpcCall,RPCSendAndGet,PASS,,Sep 19 2019 7:11:18.2500 PM,Sep 19 2019 7:11:19.1000 PM,.8498
Orion Power SYS CURRENT TOUCH ONLY,rpcCall,RPCSendAndGet,PASS,,Sep 19 2019 7:11:21.3380 PM,Sep 19 2019 7:11:22.1920 PM,.8548
Orion Power SYS CURRENT ALL RAILS,rpcCall,RPCSendAndGet,PASS,,Sep 19 2019 7:11:27.8730 PM,Sep 19 2019 7:11:28.7210 PM,.8474
Orion Power SysTem Curr Leds to 0% Brightness,rpcCall,RPCSendAndGet,PASS,,Sep 19 2019 7:11:35.2320 PM,Sep 19 2019 7:11:36.0890 PM,.8568
Orion Power SysTem Curr Leds to 1% Brightness,rpcCall,RPCSendAndGet,PASS,,Sep 19 2019 7:11:37.6360 PM,Sep 19 2019 7:11:38.4830 PM,.8479
Orion Power SysTem Curr Leds to 100% Brightness,rpcCall,RPCSendAndGet,PASS,,Sep 19 2019 7:11:40.0450 PM,Sep 19 2019 7:11:40.7320 PM,.6871
Orion Power SysTem Curr Leds to PD 50% Brightness,rpcCall,RPCSendAndGet,PASS,,Sep 19 2019 7:11:44.3080 PM,Sep 19 2019 7:11:45.1620 PM,.8539
USBC Power On Measure Voltage,rpcCall,RPCSendAndGet,PASS,,Sep 19 2019 7:11:45.1740 PM,Sep 19 2019 7:11:46.3300 PM,1.1554
USBC Power On Measure Voltage,rpcCall,RPCSendAndGet,PASS,,Sep 19 2019 7:11:46.3310 PM,Sep 19 2019 7:11:46.3380 PM,.0067
USBC Power On Measure Voltage,rpcCall,RPCSendAndGet,PASS,,Sep 19 2019 7:11:46.5080 PM,Sep 19 2019 7:11:46.6230 PM,.1147
USBC Power On Measure Voltage,rpcCall,RPCSendAndGet,PASS,,Sep 19 2019 7:11:46.6240 PM,Sep 19 2019 7:11:46.6310 PM,.0067
USBC Power On Measure Voltage,rpcCall,RPCSendAndGet,PASS,,Sep 19 2019 7:11:46.6330 PM,Sep 19 2019 7:11:46.6390 PM,.0067
USBC Power On Measure Voltage,rpcCall,RPCSendAndGet,PASS,,Sep 19 2019 7:11:46.8100 PM,Sep 19 2019 7:11:46.8140 PM,.0046
USBC Power On Measure Voltage,rpcCall,RPCSendAndGet,PASS,,Sep 19 2019 7:11:50.2290 PM,Sep 19 2019 7:11:50.3690 PM,.1401
USBC Power On Measure Voltage,rpcCall,RPCSendAndGet,PASS,,Sep 19 2019 7:11:52.4440 PM,Sep 19 2019 7:11:52.4510 PM,.007
USBC Power On Measure Voltage,rpcCall,RPCSendAndGet,PASS,,Sep 19 2019 7:11:53.5250 PM,Sep 19 2019 7:11:53.5360 PM,.0101
USBC Power On Measure Voltage,rpcCall,RPCSendAndGet,PASS,,Sep 19 2019 7:11:55.6080 PM,Sep 19 2019 7:11:55.6140 PM,.0069
USBC Power On Measure Voltage,rpcCall,RPCSendAndGet,PASS,,Sep 19 2019 7:11:56.1890 PM,Sep 19 2019 7:11:56.4610 PM,.2716
USB-C Power SYS CURRENT IDLE,rpcCall,RPCSendAndGet,PASS,,Sep 19 2019 7:12:00.6020 PM,Sep 19 2019 7:12:01.4940 PM,.8912
USB-C Power SYS CURRENT Capslock ONLY,rpcCall,RPCSendAndGet,PASS,,Sep 19 2019 7:12:03.0520 PM,Sep 19 2019 7:12:03.9110 PM,.859
USB-C Power SYS CURRENT BLC ONLY,rpcCall,RPCSendAndGet,PASS,,Sep 19 2019 7:12:05.9110 PM,Sep 19 2019 7:12:06.7600 PM,.8498
USB-C Power SYS CURRENT MFI ONLY,rpcCall,RPCSendAndGet,PASS,,Sep 19 2019 7:12:08.7560 PM,Sep 19 2019 7:12:09.6040 PM,.8485
USB-C Power SYS CURRENT TOUCH ONLY,rpcCall,RPCSendAndGet,PASS,,Sep 19 2019 7:12:11.8420 PM,Sep 19 2019 7:12:12.6980 PM,.856
USB-C Power SYS CURRENT ALL RAILS,rpcCall,RPCSendAndGet,PASS,,Sep 19 2019 7:12:19.3340 PM,Sep 19 2019 7:12:20.1830 PM,.8493
USB-C Power SysTem Curr Leds to 0% Brightness,rpcCall,RPCSendAndGet,PASS,,Sep 19 2019 7:12:25.7820 PM,Sep 19 2019 7:12:26.6350 PM,.8533
USB-C Power SysTem Curr Leds to 1% Brightness,rpcCall,RPCSendAndGet,PASS,,Sep 19 2019 7:12:28.1940 PM,Sep 19 2019 7:12:29.0420 PM,.8479
USB-C Power SysTem Curr Leds to 100% Brightness,rpcCall,RPCSendAndGet,PASS,,Sep 19 2019 7:12:30.6060 PM,Sep 19 2019 7:12:31.2980 PM,.6915
USB-C Power SysTem Curr Leds to PD 50% Brightness,rpcCall,RPCSendAndGet,PASS,,Sep 19 2019 7:12:39.1070 PM,Sep 19 2019 7:12:39.9550 PM,.8478
USB-C Power SysTem Curr Leds to PD 50% Brightness,rpcCall,RPCSendAndGet,PASS,,Sep 19 2019 7:12:39.9570 PM,Sep 19 2019 7:12:39.9640 PM,.0067
5V 1.5A Curr CC Rp = 22kohm,rpcCall,RPCSendAndGet,PASS,,Sep 19 2019 7:12:39.9690 PM,Sep 19 2019 7:12:40.0600 PM,.0914
5V 1.5A Curr CC Rp = 22kohm,rpcCall,RPCSendAndGet,PASS,,Sep 19 2019 7:12:40.0620 PM,Sep 19 2019 7:12:40.2160 PM,.1537
5V 1.5A Curr CC Rp = 22kohm,rpcCall,RPCSendAndGet,PASS,,Sep 19 2019 7:12:40.7180 PM,Sep 19 2019 7:12:40.7220 PM,.0045
5V 1.5A Curr CC Rp = 22kohm,rpcCall,RPCSendAndGet,PASS,,Sep 19 2019 7:12:40.7240 PM,Sep 19 2019 7:12:40.8380 PM,.1145
5V 1.5A Curr CC Rp = 22kohm,rpcCall,RPCSendAndGet,PASS,,Sep 19 2019 7:12:41.4090 PM,Sep 19 2019 7:12:41.4160 PM,.0068
5V 1.5A Curr CC Rp = 22kohm,rpcCall,RPCSendAndGet,PASS,,Sep 19 2019 7:12:41.5920 PM,Sep 19 2019 7:12:41.5980 PM,.0067
5V 1.5A Curr CC Rp = 22kohm,rpcCall,RPCSendAndGet,PASS,,Sep 19 2019 7:12:41.7720 PM,Sep 19 2019 7:12:41.7780 PM,.0066
5V 1.5A Curr CC Rp = 22kohm,rpcCall,RPCSendAndGet,PASS,,Sep 19 2019 7:12:41.9530 PM,Sep 19 2019 7:12:41.9590 PM,.0068
5V 1.5A Curr CC Rp = 22kohm,rpcCall,RPCSendAndGet,PASS,,Sep 19 2019 7:12:42.5360 PM,Sep 19 2019 7:12:42.5430 PM,.0067
5V 1.5A Curr CC Rp = 22kohm,rpcCall,RPCSendAndGet,PASS,,Sep 19 2019 7:12:43.1190 PM,Sep 19 2019 7:12:43.1230 PM,.0045
5V 1.5A Curr CC Rp = 22kohm,rpcCall,RPCSendAndGet,PASS,,Sep 19 2019 7:12:46.1910 PM,Sep 19 2019 7:12:46.2010 PM,.0102
5V 1.5A Curr CC Rp = 22kohm,rpcCall,RPCSendAndGet,PASS,,Sep 19 2019 7:12:48.2710 PM,Sep 19 2019 7:12:48.2780 PM,.0067
5V 1.5A Curr CC Rp = 22kohm,rpcCall,RPCSendAndGet,PASS,,Sep 19 2019 7:12:48.8550 PM,Sep 19 2019 7:12:48.8610 PM,.0067
5V 1.5A Curr CC Rp = 22kohm,rpcCall,RPCSendAndGet,PASS,,Sep 19 2019 7:12:49.4380 PM,Sep 19 2019 7:12:49.5930 PM,.155
5V 1.5A Curr CC Rp = 22kohm,rpcCall,RPCSendAndGet,PASS,,Sep 19 2019 7:12:50.1620 PM,Sep 19 2019 7:12:50.3160 PM,.1549
5V 1.5A Curr CC Rp = 22kohm,rpcCall,RPCSendAndGet,PASS,,Sep 19 2019 7:12:51.3880 PM,Sep 19 2019 7:12:52.2810 PM,.8928
5V 1.5A Orion Power Voltage,rpcCall,RPCSendAndGet,PASS,,Sep 19 2019 7:12:52.7880 PM,Sep 19 2019 7:12:54.0670 PM,1.279
5V 1.5A DUT Input Voltage,rpcCall,RPCSendAndGet,PASS,,Sep 19 2019 7:12:54.0710 PM,Sep 19 2019 7:12:54.2950 PM,.2234
5V 1.5A DUT Input Voltage,rpcCall,RPCSendAndGet,PASS,,Sep 19 2019 7:12:54.2960 PM,Sep 19 2019 7:12:54.4500 PM,.1538
5V 1.5A DUT Input Voltage,rpcCall,RPCSendAndGet,PASS,,Sep 19 2019 7:12:55.0270 PM,Sep 19 2019 7:12:55.0340 PM,.0067
5V 2.5A Curr CC Rp = 10kohm,rpcCall,RPCSendAndGet,PASS,,Sep 19 2019 7:12:56.5580 PM,Sep 19 2019 7:12:56.6500 PM,.0919
5V 2.5A Curr CC Rp = 10kohm,rpcCall,RPCSendAndGet,PASS,,Sep 19 2019 7:12:56.6540 PM,Sep 19 2019 7:12:56.8080 PM,.1538
5V 2.5A Curr CC Rp = 10kohm,rpcCall,RPCSendAndGet,PASS,,Sep 19 2019 7:12:57.3100 PM,Sep 19 2019 7:12:57.3150 PM,.0046
5V 2.5A Curr CC Rp = 10kohm,rpcCall,RPCSendAndGet,PASS,,Sep 19 2019 7:12:57.3170 PM,Sep 19 2019 7:12:57.4310 PM,.1141
5V 2.5A Curr CC Rp = 10kohm,rpcCall,RPCSendAndGet,PASS,,Sep 19 2019 7:12:58.0080 PM,Sep 19 2019 7:12:58.0140 PM,.0068
5V 2.5A Curr CC Rp = 10kohm,rpcCall,RPCSendAndGet,PASS,,Sep 19 2019 7:12:58.1840 PM,Sep 19 2019 7:12:58.1900 PM,.0066
5V 2.5A Curr CC Rp = 10kohm,rpcCall,RPCSendAndGet,PASS,,Sep 19 2019 7:12:58.3650 PM,Sep 19 2019 7:12:58.3720 PM,.0067
5V 2.5A Curr CC Rp = 10kohm,rpcCall,RPCSendAndGet,PASS,,Sep 19 2019 7:12:58.5460 PM,Sep 19 2019 7:12:58.5530 PM,.0066
5V 2.5A Curr CC Rp = 10kohm,rpcCall,RPCSendAndGet,PASS,,Sep 19 2019 7:12:58.7270 PM,Sep 19 2019 7:12:58.7340 PM,.0068
5V 2.5A Curr CC Rp = 10kohm,rpcCall,RPCSendAndGet,PASS,,Sep 19 2019 7:12:58.9090 PM,Sep 19 2019 7:12:58.9160 PM,.0066
5V 2.5A Curr CC Rp = 10kohm,rpcCall,RPCSendAndGet,PASS,,Sep 19 2019 7:12:59.4940 PM,Sep 19 2019 7:12:59.5010 PM,.007
5V 2.5A Curr CC Rp = 10kohm,rpcCall,RPCSendAndGet,PASS,,Sep 19 2019 7:13:00.0740 PM,Sep 19 2019 7:13:00.0790 PM,.0046
5V 2.5A Curr CC Rp = 10kohm,rpcCall,RPCSendAndGet,PASS,,Sep 19 2019 7:13:03.1510 PM,Sep 19 2019 7:13:03.1620 PM,.0107
5V 2.5A Curr CC Rp = 10kohm,rpcCall,RPCSendAndGet,PASS,,Sep 19 2019 7:13:05.2330 PM,Sep 19 2019 7:13:05.2400 PM,.0068
5V 2.5A Curr CC Rp = 10kohm,rpcCall,RPCSendAndGet,PASS,,Sep 19 2019 7:13:05.8170 PM,Sep 19 2019 7:13:05.8240 PM,.0067
5V 2.5A Curr CC Rp = 10kohm,rpcCall,RPCSendAndGet,PASS,,Sep 19 2019 7:13:06.4000 PM,Sep 19 2019 7:13:06.5540 PM,.154
5V 2.5A Curr CC Rp = 10kohm,rpcCall,RPCSendAndGet,PASS,,Sep 19 2019 7:13:07.1240 PM,Sep 19 2019 7:13:07.2780 PM,.1537
5V 2.5A Curr CC Rp = 10kohm,rpcCall,RPCSendAndGet,PASS,,Sep 19 2019 7:13:08.3510 PM,Sep 19 2019 7:13:09.0840 PM,.7325
5V 2.5A Orion Power Voltage,rpcCall,RPCSendAndGet,PASS,,Sep 19 2019 7:13:09.5910 PM,Sep 19 2019 7:13:10.8700 PM,1.2792
5V 2.5A DUT Input Voltage,rpcCall,RPCSendAndGet,PASS,,Sep 19 2019 7:13:10.8750 PM,Sep 19 2019 7:13:11.0980 PM,.2233
5V 2.5A DUT Input Voltage,rpcCall,RPCSendAndGet,PASS,,Sep 19 2019 7:13:11.1000 PM,Sep 19 2019 7:13:11.2540 PM,.154
5V 2.5A DUT Input Voltage,rpcCall,RPCSendAndGet,PASS,,Sep 19 2019 7:13:11.8310 PM,Sep 19 2019 7:13:11.8380 PM,.0067
9V 2.5A Curr USBC PD,rpcCall,RPCSendAndGet,PASS,,Sep 19 2019 7:13:11.8420 PM,Sep 19 2019 7:13:12.9920 PM,1.1493
9V 2.5A Curr USBC PD,rpcCall,RPCSendAndGet,PASS,,Sep 19 2019 7:13:12.9930 PM,Sep 19 2019 7:13:12.9990 PM,.0061
9V 2.5A Curr USBC PD,rpcCall,RPCSendAndGet,PASS,,Sep 19 2019 7:13:13.1680 PM,Sep 19 2019 7:13:13.2820 PM,.1144
9V 2.5A Curr USBC PD,rpcCall,RPCSendAndGet,PASS,,Sep 19 2019 7:13:13.2840 PM,Sep 19 2019 7:13:13.2910 PM,.0068
9V 2.5A Curr USBC PD,rpcCall,RPCSendAndGet,PASS,,Sep 19 2019 7:13:13.2920 PM,Sep 19 2019 7:13:13.2990 PM,.0066
9V 2.5A Curr USBC PD,rpcCall,RPCSendAndGet,PASS,,Sep 19 2019 7:13:13.4700 PM,Sep 19 2019 7:13:13.4770 PM,.0075
9V 2.5A Curr USBC PD,rpcCall,RPCSendAndGet,PASS,,Sep 19 2019 7:13:16.8910 PM,Sep 19 2019 7:13:17.0300 PM,.1395
9V 2.5A Curr USBC PD,rpcCall,RPCSendAndGet,PASS,,Sep 19 2019 7:13:19.0990 PM,Sep 19 2019 7:13:19.1060 PM,.0074
9V 2.5A Curr USBC PD,rpcCall,RPCSendAndGet,PASS,,Sep 19 2019 7:13:21.7340 PM,Sep 19 2019 7:13:21.7400 PM,.0067
9V 2.5A Curr USBC PD,rpcCall,RPCSendAndGet,PASS,,Sep 19 2019 7:13:22.3170 PM,Sep 19 2019 7:13:22.3270 PM,.0101
9V 2.5A Curr USBC PD,rpcCall,RPCSendAndGet,PASS,,Sep 19 2019 7:13:24.3990 PM,Sep 19 2019 7:13:24.5530 PM,.1541
9V 2.5A Curr USBC PD,rpcCall,RPCSendAndGet,PASS,,Sep 19 2019 7:13:25.6260 PM,Sep 19 2019 7:13:25.6320 PM,.0067
9V 2.5A Curr USBC PD,rpcCall,RPCSendAndGet,PASS,,Sep 19 2019 7:13:26.7020 PM,Sep 19 2019 7:13:26.8560 PM,.1537
9V 2.5A Curr USBC PD,rpcCall,RPCSendAndGet,PASS,,Sep 19 2019 7:13:29.0060 PM,Sep 19 2019 7:13:29.7340 PM,.7279
9V 2.5A Orion Power Voltage,rpcCall,RPCSendAndGet,PASS,,Sep 19 2019 7:13:30.1910 PM,Sep 19 2019 7:13:31.4710 PM,1.28
9V 2.5A DUT Input Voltage,rpcCall,RPCSendAndGet,PASS,,Sep 19 2019 7:13:31.4750 PM,Sep 19 2019 7:13:31.7000 PM,.2249
9V 2.5A DUT Input Voltage,rpcCall,RPCSendAndGet,PASS,,Sep 19 2019 7:13:31.7020 PM,Sep 19 2019 7:13:31.8570 PM,.1547
9V 2.5A DUT Input Voltage,rpcCall,RPCSendAndGet,PASS,,Sep 19 2019 7:13:32.4310 PM,Sep 19 2019 7:13:32.4380 PM,.0067
Tristar To CCG3 VID,rpcCall,RPCSendAndGet,PASS,,Sep 19 2019 7:13:32.4420 PM,Sep 19 2019 7:13:33.6030 PM,1.1607
Tristar To CCG3 VID,rpcCall,RPCSendAndGet,PASS,,Sep 19 2019 7:13:33.6040 PM,Sep 19 2019 7:13:33.6100 PM,.0055
Tristar To CCG3 VID,rpcCall,RPCSendAndGet,PASS,,Sep 19 2019 7:13:33.7850 PM,Sep 19 2019 7:13:33.8990 PM,.1145
Tristar To CCG3 VID,rpcCall,RPCSendAndGet,PASS,,Sep 19 2019 7:13:33.9010 PM,Sep 19 2019 7:13:33.9070 PM,.0063
Tristar To CCG3 VID,rpcCall,RPCSendAndGet,PASS,,Sep 19 2019 7:13:33.9080 PM,Sep 19 2019 7:13:33.9150 PM,.0064
Tristar To CCG3 VID,rpcCall,RPCSendAndGet,PASS,,Sep 19 2019 7:13:34.0210 PM,Sep 19 2019 7:13:34.0250 PM,.0046
Tristar To CCG3 VID,rpcCall,RPCSendAndGet,PASS,,Sep 19 2019 7:13:37.4370 PM,Sep 19 2019 7:13:37.5770 PM,.14
Tristar To CCG3 VID,rpcCall,RPCSendAndGet,PASS,,Sep 19 2019 7:13:39.6480 PM,Sep 19 2019 7:13:39.6550 PM,.0068
Tristar To CCG3 VID,rpcCall,RPCSendAndGet,PASS,,Sep 19 2019 7:13:42.4530 PM,Sep 19 2019 7:13:42.4580 PM,.0046
Tristar To CCG3 PID,rpcCall,RPCSendAndGet,PASS,,Sep 19 2019 7:13:44.4030 PM,Sep 19 2019 7:13:44.4080 PM,.0046
PHASE1 ORIONPWR DUT MODE,rpcCall,RPCSendAndGet,PASS,,Sep 19 2019 7:13:44.4120 PM,Sep 19 2019 7:13:44.5270 PM,.1144
PHASE1 ORIONPWR DUT MODE,rpcCall,RPCSendAndGet,PASS,,Sep 19 2019 7:13:44.5280 PM,Sep 19 2019 7:13:45.6770 PM,1.1487
PHASE1 ORIONPWR DUT MODE,rpcCall,RPCSendAndGet,PASS,,Sep 19 2019 7:13:45.8500 PM,Sep 19 2019 7:13:45.8570 PM,.0066
PHASE1 ORIONPWR DUT MODE,rpcCall,RPCSendAndGet,PASS,,Sep 19 2019 7:13:45.8590 PM,Sep 19 2019 7:13:45.8650 PM,.0066
PHASE1 ORIONPWR DUT MODE,rpcCall,RPCSendAndGet,PASS,,Sep 19 2019 7:13:46.0410 PM,Sep 19 2019 7:13:46.0460 PM,.0044
PHASE2 USBCPWR DUT MODE,rpcCall,RPCSendAndGet,PASS,,Sep 19 2019 7:13:49.5550 PM,Sep 19 2019 7:13:49.6950 PM,.1404
PHASE3 ORIONPWR DUT MODE,rpcCall,RPCSendAndGet,PASS,,Sep 19 2019 7:13:53.0680 PM,Sep 19 2019 7:13:53.1820 PM,.1144
System critical errors,rpcCall,RPCSendAndGet,PASS,,Sep 19 2019 7:13:56.3560 PM,Sep 19 2019 7:13:57.5050 PM,1.1493
System critical errors,rpcCall,RPCSendAndGet,PASS,,Sep 19 2019 7:13:57.5070 PM,Sep 19 2019 7:13:57.6210 PM,.1147
System critical errors,rpcCall,RPCSendAndGet,PASS,,Sep 19 2019 7:13:57.6230 PM,Sep 19 2019 7:13:57.6290 PM,.0065
System critical errors,rpcCall,RPCSendAndGet,PASS,,Sep 19 2019 7:13:57.6310 PM,Sep 19 2019 7:13:57.6380 PM,.0067
System critical errors,rpcCall,RPCSendAndGet,PASS,,Sep 19 2019 7:13:57.8140 PM,Sep 19 2019 7:13:57.8180 PM,.0044
Brick ID,com.apple.hwte.atlas.AppPlugin,show-form,PASS,,Sep 19 2019 7:14:05.5920 PM,Sep 19 2019 7:14:47.4860 PM,41.8946
Brick ID,rpcCall,RPCSendAndGet,PASS,,Sep 19 2019 7:14:47.4890 PM,Sep 19 2019 7:14:47.5810 PM,.0925
