Related Test,Type,Name,Value
3.SN,Device,serialnumber,DLXZ101JN64M
7.Start Data Reporting,Device,softwarename,Atlas
7.Start Data Reporting,Device,serialnumber,DLXZ101JN64M
7.Start Data Reporting,Device,softwareversion,V23.2.10.10
7.Start Data Reporting,Device,limitsversion,1.0
9.Diag Version,Device,DIAG_VER,29D110n
16.Board Revision,Device,BOARD_REV,0x07
17.Read Back AP_CHIPID,Device,AP_CHIP_ID,8027
22.WOSN,Device,WOSN,WU7-J7001D
23.Housing SN,Device,HOUSING_SN,RSH9274001EMFHG9B
24.Titus SN,Device,TITUS_SN,DN892035J8QM9XR39
25.Juliet SN,Device,JULIET_SN,DNM92130A1TJ7LP3C
26.Read_Ohio_SN,Device,Ohio_SN,F0W925702PLLV411E
29.RDF resistance(start),Device,RDF_resistance(start),32891
30.RDF arm status(start),Device,RDF_arm_status(start),1
45.RDF resistance(end),Device,RDF_resistance(end),32891
46.RDF arm status (end),Device,RDF_arm_status(end),1
48.Read_Jasper_SN,Device,Jasper_SN,DN892565LE7MJLL3H
49.Camera Build Config,Device,CameraBuildConfig,C4002
50.Jasper Bin,Device,JasperBin,FF
51.Jasper DOE,Device,JasperDOE,FF
55.Check_Jasper_Vendor,Device,Jasper_Vendor,Lumentum
57.Compare Battery SN With SFC,Device,BATTERY_SN,F8Y91750A6XJ83TAU+912
59.Get Battery SN,Device,BATTERY_SN,F8Y91750A6XJ83TAU+912
61.Read Back HW Configuration,Device,OPTS,"iPad12,4/WIFI&BT/GPS/GSM/UMTS/TD-SCDMA/TD-LTE/NAND,SIZE=256G/RAM,SIZE=6G/Black"
63.Read Back MPN,Device,MPN,993-41162
65.Read Back Regn,Device,REGN,LL/A
66.Burn HS Color,Device,CLHS,0x00000001 0x00000000 0x00000000 0x00000001
68.Burn CG Color,Device,CLCG,0x00000001 0x00000000 0x00000000 0x00000001
71.Read Back NANDID and NANDCS,Device,NANDID,0x00006376B3983398
71.Read Back NANDID and NANDCS,Device,NANDCS,00000000000000000000000000000001000000000000000000000000000000010000000000000000000000000000000100000000000000000000000000000001
73.Read Back Matrix and Special Builds,Device,S_BUILD,J421-P2_MA-P2NDB-DES2
73.Read Back Matrix and Special Builds,Device,BUILD_MATRIX_CONFIG,MA-P2NDB-DES2
73.Read Back Matrix and Special Builds,Device,BUILD_EVENT,J421-P2
73.Read Back Matrix and Special Builds,Device,UNIT#,10736
74.Read Back MLBSN And Check,Device,MLBSN,DLX927600TMMF993P
77.Check ACE FW version,Device,ACE_FW,00 11 20 00                                      
78.Check ACE OTP FW version,Device,ACE_OTP_FW,0x4C4B603F
121.Check TX MCU FW,Device,TX_MCU_FW,B0 00 04 00 01 00 13 04 
122.Tx HW ID Check,Device,TX_HW_ID,3
