Test,Plugin,Command,Status,Info,Start Time,End Time,Duration (s)
,UART,read,ERROR,Timed out trying to read; ,Jul 9 2019 7:27:42.2420 PM,Jul 9 2019 7:27:43.2590 PM,1.0175
,UART,read,ERROR,Timed out trying to read; ,Jul 9 2019 7:27:43.3890 PM,Jul 9 2019 7:27:44.4100 PM,1.0211
,Dut,read,ERROR,Timed out trying to read; ,Jul 9 2019 7:27:46.0850 PM,Jul 9 2019 7:27:46.2320 PM,.1472
8.Start Control Bits,DRCB,startControlBits,ERROR,startControlBits needs all files to be secure; ,Jul 9 2019 7:27:46.3350 PM,Jul 9 2019 7:27:46.3360 PM,.0011
,Dut,read,ERROR,Timed out trying to read; ,Jul 9 2019 7:27:46.3610 PM,Jul 9 2019 7:27:46.5020 PM,.1415
,Dut,read,ERROR,Timed out trying to read; ,Jul 9 2019 7:27:57.9600 PM,Jul 9 2019 7:27:58.1020 PM,.1422
344.DRCB finish,DRCB,finish,FAIL,station no longer secure; ,Jul 9 2019 7:30:49.6380 PM,Jul 9 2019 7:30:49.8240 PM,.1855
,fixture,close,NOT SET,,,,0
,orion,close,NOT SET,,,,0
