Test,Plugin,Command,Status,Info,Start Time,End Time,Duration (s)
1.Potassium FW version,runShell,getFWversion,PASS,,Jul 9 2019 7:27:36.0820 PM,Jul 9 2019 7:27:36.1410 PM,.0587
2.Potassium Environment check,runShell,getEnv,PASS,,Jul 9 2019 7:27:36.1470 PM,Jul 9 2019 7:27:36.5580 PM,.4105
3.SN,com.apple.hwte.atlas.AppPlugin,show-form,PASS,,Jul 9 2019 7:27:36.5850 PM,Jul 9 2019 7:27:41.3400 PM,4.7548
4.Fixture On,rpcCall,RPCSendAndGet,PASS,,Jul 9 2019 7:27:41.3460 PM,Jul 9 2019 7:27:41.8650 PM,.5197
4.Fixture On,rpcCall,RPCSendAndGet,PASS,,Jul 9 2019 7:27:41.8670 PM,Jul 9 2019 7:27:41.9290 PM,.0612
,UART,open,PASS,,Jul 9 2019 7:27:41.9330 PM,Jul 9 2019 7:27:41.9370 PM,.0042
,UART,changeLineTerminator,PASS,,Jul 9 2019 7:27:41.9390 PM,Jul 9 2019 7:27:41.9390 PM,0
,UART,sendCommand,PASS,,Jul 9 2019 7:27:41.9410 PM,Jul 9 2019 7:27:42.0890 PM,.1486
,UART,sendCommand,PASS,,Jul 9 2019 7:27:42.0920 PM,Jul 9 2019 7:27:42.2390 PM,.1474
,UART,read,ERROR,Timed out trying to read; ,Jul 9 2019 7:27:42.2420 PM,Jul 9 2019 7:27:43.2590 PM,1.0175
,UART,sendCommand,PASS,,Jul 9 2019 7:27:43.2630 PM,Jul 9 2019 7:27:43.3800 PM,.1171
,UART,read,PASS,,Jul 9 2019 7:27:43.3830 PM,Jul 9 2019 7:27:43.3830 PM,.0003
,UART,read,PASS,,Jul 9 2019 7:27:43.3850 PM,Jul 9 2019 7:27:43.3860 PM,.0002
,UART,read,PASS,,Jul 9 2019 7:27:43.3870 PM,Jul 9 2019 7:27:43.3880 PM,.0002
,UART,read,ERROR,Timed out trying to read; ,Jul 9 2019 7:27:43.3890 PM,Jul 9 2019 7:27:44.4100 PM,1.0211
,UART,changeDelimiter,PASS,,Jul 9 2019 7:27:44.4130 PM,Jul 9 2019 7:27:44.4130 PM,0
,UART,close,PASS,,Jul 9 2019 7:27:44.4160 PM,Jul 9 2019 7:27:44.4170 PM,.0012
,Dut,open,PASS,,Jul 9 2019 7:27:46.0660 PM,Jul 9 2019 7:27:46.0830 PM,.0175
,Dut,read,ERROR,Timed out trying to read; ,Jul 9 2019 7:27:46.0850 PM,Jul 9 2019 7:27:46.2320 PM,.1472
6.Burn SysSN,Dut,sendCommand,PASS,,Jul 9 2019 7:27:46.2380 PM,Jul 9 2019 7:27:46.2520 PM,.0141
6.Burn SysSN,Dut,sendCommand,PASS,,Jul 9 2019 7:27:46.2540 PM,Jul 9 2019 7:27:46.2660 PM,.0119
6.Burn SysSN,Dut,sendCommand,PASS,,Jul 9 2019 7:27:46.2680 PM,Jul 9 2019 7:27:46.2810 PM,.0134
6.Burn SysSN,Dut,sendCommand,PASS,,Jul 9 2019 7:27:46.2840 PM,Jul 9 2019 7:27:46.2980 PM,.0135
,Dut,close,PASS,,Jul 9 2019 7:27:46.3020 PM,Jul 9 2019 7:27:46.3030 PM,.0011
,FileParser,JsonParsing,PASS,,Jul 9 2019 7:27:46.3060 PM,Jul 9 2019 7:27:46.3070 PM,.0009
7.Start Data Reporting,DRCB,startDataReporting,PASS,,Jul 9 2019 7:27:46.3120 PM,Jul 9 2019 7:27:46.3280 PM,.0169
8.Start Control Bits,DRCB,startControlBits,ERROR,startControlBits needs all files to be secure; ,Jul 9 2019 7:27:46.3350 PM,Jul 9 2019 7:27:46.3360 PM,.0011
,Dut,open,PASS,,Jul 9 2019 7:27:46.3430 PM,Jul 9 2019 7:27:46.3590 PM,.0154
,Dut,read,ERROR,Timed out trying to read; ,Jul 9 2019 7:27:46.3610 PM,Jul 9 2019 7:27:46.5020 PM,.1415
9.Diag Version,Dut,sendCommand,PASS,,Jul 9 2019 7:27:46.5060 PM,Jul 9 2019 7:27:46.5530 PM,.0468
10.Get SFC Info,SFCSupport,getAttribute,PASS,,Jul 9 2019 7:27:46.5570 PM,Jul 9 2019 7:27:46.5870 PM,.0301
10.Get SFC Info,SFCSupport,getAttribute,PASS,,Jul 9 2019 7:27:46.5890 PM,Jul 9 2019 7:27:46.5940 PM,.0048
10.Get SFC Info,SFCSupport,getAttribute,PASS,,Jul 9 2019 7:27:46.5970 PM,Jul 9 2019 7:27:46.6000 PM,.0038
10.Get SFC Info,SFCSupport,getAttribute,PASS,,Jul 9 2019 7:27:46.6030 PM,Jul 9 2019 7:27:46.6070 PM,.0041
10.Get SFC Info,SFCSupport,getAttribute,PASS,,Jul 9 2019 7:27:46.6100 PM,Jul 9 2019 7:27:46.6200 PM,.0102
10.Get SFC Info,SFCSupport,getAttribute,PASS,,Jul 9 2019 7:27:46.6220 PM,Jul 9 2019 7:27:46.6340 PM,.0118
10.Get SFC Info,SFCSupport,getAttribute,PASS,,Jul 9 2019 7:27:46.6370 PM,Jul 9 2019 7:27:46.6410 PM,.0047
10.Get SFC Info,SFCSupport,getAttribute,PASS,,Jul 9 2019 7:27:46.6430 PM,Jul 9 2019 7:27:46.6470 PM,.0041
10.Get SFC Info,SFCSupport,getAttribute,PASS,,Jul 9 2019 7:27:46.6500 PM,Jul 9 2019 7:27:46.6600 PM,.0106
10.Get SFC Info,SFCSupport,getAttribute,PASS,,Jul 9 2019 7:27:46.6630 PM,Jul 9 2019 7:27:46.7410 PM,.0786
10.Get SFC Info,SFCSupport,getAttribute,PASS,,Jul 9 2019 7:27:46.7440 PM,Jul 9 2019 7:27:46.7570 PM,.0131
10.Get SFC Info,SFCSupport,getAttribute,PASS,,Jul 9 2019 7:27:46.7600 PM,Jul 9 2019 7:27:46.7740 PM,.0142
11.Check Battery Level Before Test (%),Dut,sendCommand,PASS,,Jul 9 2019 7:27:46.7880 PM,Jul 9 2019 7:27:46.8020 PM,.0139
12.Check Battery Voltage Before Test (mV),Dut,sendCommand,PASS,,Jul 9 2019 7:27:46.8060 PM,Jul 9 2019 7:27:46.8230 PM,.0169
13.Battery Cell Disconnect Check,Dut,sendCommand,PASS,,Jul 9 2019 7:27:46.8270 PM,Jul 9 2019 7:27:46.8410 PM,.0143
13.Battery Cell Disconnect Check,Dut,sendCommand,PASS,,Jul 9 2019 7:27:46.8430 PM,Jul 9 2019 7:27:46.8580 PM,.0147
14.Read Back System SN,Dut,sendCommand,PASS,,Jul 9 2019 7:27:46.8640 PM,Jul 9 2019 7:27:46.8770 PM,.0127
14.Read Back System SN,Dut,sendCommand,PASS,,Jul 9 2019 7:27:46.8790 PM,Jul 9 2019 7:27:46.9720 PM,.0929
15.Get Board ID,Dut,sendCommand,PASS,,Jul 9 2019 7:27:46.9780 PM,Jul 9 2019 7:27:46.9870 PM,.0099
16.Board Revision,Dut,sendCommand,PASS,,Jul 9 2019 7:27:46.9930 PM,Jul 9 2019 7:27:47.0080 PM,.0152
17.Read Back AP_CHIPID,Dut,sendCommand,PASS,,Jul 9 2019 7:27:47.0140 PM,Jul 9 2019 7:27:47.0370 PM,.0231
18.Max Battery,Dut,sendCommand,PASS,,Jul 9 2019 7:27:47.0500 PM,Jul 9 2019 7:27:47.3220 PM,.2713
18.Max Battery,Dut,sendCommand,PASS,,Jul 9 2019 7:27:47.3250 PM,Jul 9 2019 7:27:47.5150 PM,.1898
18.Max Battery,batteryfunction,MaxBatteryTemperature,PASS,,Jul 9 2019 7:27:47.5180 PM,Jul 9 2019 7:27:47.5200 PM,.0023
18.Max Battery,batteryfunction,MaxBatteryPackVoltage,PASS,,Jul 9 2019 7:27:47.5230 PM,Jul 9 2019 7:27:47.5240 PM,.0008
18.Max Battery,batteryfunction,MinBatteryPackVoltage,PASS,,Jul 9 2019 7:27:47.5260 PM,Jul 9 2019 7:27:47.5270 PM,.0005
18.Max Battery,batteryfunction,MaxBatteryChgCurrent,PASS,,Jul 9 2019 7:27:47.5290 PM,Jul 9 2019 7:27:47.5290 PM,.0005
18.Max Battery,batteryfunction,MaxBatteryDsgCurrent,PASS,,Jul 9 2019 7:27:47.5310 PM,Jul 9 2019 7:27:47.5320 PM,.0005
18.Max Battery,batteryfunction,MaxBatteryOverChgCap,PASS,,Jul 9 2019 7:27:47.5340 PM,Jul 9 2019 7:27:47.5350 PM,.0005
19.iPad-1 CB Check,Dut,sendCommand,PASS,,Jul 9 2019 7:27:47.5400 PM,Jul 9 2019 7:27:47.5530 PM,.0129
20.DFU CB Check,Dut,sendCommand,PASS,,Jul 9 2019 7:27:47.5570 PM,Jul 9 2019 7:27:47.5680 PM,.0113
21.Read Scorpius SN,SFCSupport,getAttribute,PASS,,Jul 9 2019 7:27:47.5720 PM,Jul 9 2019 7:27:47.5820 PM,.0099
21.Read Scorpius SN,Dut,sendCommand,PASS,,Jul 9 2019 7:27:47.5860 PM,Jul 9 2019 7:27:47.6070 PM,.021
21.Read Scorpius SN,Dut,sendCommand,PASS,,Jul 9 2019 7:27:47.6090 PM,Jul 9 2019 7:27:47.6260 PM,.017
21.Read Scorpius SN,Dut,sendCommand,PASS,,Jul 9 2019 7:27:47.6280 PM,Jul 9 2019 7:27:47.6510 PM,.0234
21.Read Scorpius SN,Dut,sendCommand,PASS,,Jul 9 2019 7:27:47.6680 PM,Jul 9 2019 7:27:48.2520 PM,.584
26.Read_Ohio_SN,Dut,sendCommand,PASS,,Jul 9 2019 7:27:48.2680 PM,Jul 9 2019 7:27:48.5160 PM,.2489
26.Read_Ohio_SN,Dut,sendCommand,PASS,,Jul 9 2019 7:27:48.5190 PM,Jul 9 2019 7:27:50.4010 PM,1.8821
26.Read_Ohio_SN,Dut,sendCommand,PASS,,Jul 9 2019 7:27:50.4030 PM,Jul 9 2019 7:27:50.4170 PM,.0139
26.Read_Ohio_SN,Dut,sendCommand,PASS,,Jul 9 2019 7:27:50.4190 PM,Jul 9 2019 7:27:50.4320 PM,.0126
28.Jasper detect,Dut,sendCommand,PASS,,Jul 9 2019 7:27:50.4380 PM,Jul 9 2019 7:27:50.6860 PM,.2476
28.Jasper detect,Dut,sendCommand,PASS,,Jul 9 2019 7:27:50.6880 PM,Jul 9 2019 7:27:52.5660 PM,1.8785
28.Jasper detect,Dut,sendCommand,PASS,,Jul 9 2019 7:27:52.5690 PM,Jul 9 2019 7:27:52.5810 PM,.012
29.RDF resistance(start),Dut,sendCommand,PASS,,Jul 9 2019 7:27:52.5850 PM,Jul 9 2019 7:27:52.6010 PM,.016
31.Will fault registers check,Dut,sendCommand,PASS,,Jul 9 2019 7:27:52.6090 PM,Jul 9 2019 7:27:52.6270 PM,.0176
31.Will fault registers check,Dut,sendCommand,PASS,,Jul 9 2019 7:27:52.6300 PM,Jul 9 2019 7:27:52.6460 PM,.0164
31.Will fault registers check,Dut,sendCommand,PASS,,Jul 9 2019 7:27:52.6480 PM,Jul 9 2019 7:27:52.6620 PM,.0135
32.Adams LDO1 Will VDD(idle),Dut,sendCommand,PASS,,Jul 9 2019 7:27:52.6670 PM,Jul 9 2019 7:27:52.7170 PM,.0497
33.Adams LDO2 Periscope VDD(idle),Dut,sendCommand,PASS,,Jul 9 2019 7:27:52.7210 PM,Jul 9 2019 7:27:52.7730 PM,.0517
34.Adams LDO4 Riker VDD(idle),Dut,sendCommand,PASS,,Jul 9 2019 7:27:52.7780 PM,Jul 9 2019 7:27:52.8310 PM,.0528
35.Jasper EEPROM,Dut,sendCommand,PASS,,Jul 9 2019 7:27:52.8360 PM,Jul 9 2019 7:27:52.8520 PM,.0154
35.Jasper EEPROM,Dut,sendCommand,PASS,,Jul 9 2019 7:27:52.8550 PM,Jul 9 2019 7:27:52.8720 PM,.0165
35.Jasper EEPROM,Dut,sendCommand,PASS,,Jul 9 2019 7:27:52.8740 PM,Jul 9 2019 7:27:52.8860 PM,.0128
36.Periscope ID,Dut,sendCommand,PASS,,Jul 9 2019 7:27:52.8920 PM,Jul 9 2019 7:27:52.9060 PM,.0147
36.Periscope ID,Dut,sendCommand,PASS,,Jul 9 2019 7:27:52.9090 PM,Jul 9 2019 7:27:52.9260 PM,.0175
36.Periscope ID,Dut,sendCommand,PASS,,Jul 9 2019 7:27:52.9280 PM,Jul 9 2019 7:27:52.9480 PM,.0194
36.Periscope ID,Dut,sendCommand,PASS,,Jul 9 2019 7:27:52.9510 PM,Jul 9 2019 7:27:52.9670 PM,.0161
37.Riker ID,Dut,sendCommand,PASS,,Jul 9 2019 7:27:52.9710 PM,Jul 9 2019 7:27:52.9870 PM,.016
38.Riker fault registers check,Dut,sendCommand,PASS,,Jul 9 2019 7:27:52.9920 PM,Jul 9 2019 7:27:53.0070 PM,.0145
38.Riker fault registers check,Dut,sendCommand,PASS,,Jul 9 2019 7:27:53.0090 PM,Jul 9 2019 7:27:53.0220 PM,.0129
38.Riker fault registers check,Dut,sendCommand,PASS,,Jul 9 2019 7:27:53.0240 PM,Jul 9 2019 7:27:53.0370 PM,.0135
38.Riker fault registers check,Dut,sendCommand,PASS,,Jul 9 2019 7:27:53.0400 PM,Jul 9 2019 7:27:53.0560 PM,.0167
39.Riker INT response 0x44,Dut,sendCommand,PASS,,Jul 9 2019 7:27:53.0620 PM,Jul 9 2019 7:27:53.0750 PM,.0128
39.Riker INT response 0x44,Dut,sendCommand,PASS,,Jul 9 2019 7:27:53.0780 PM,Jul 9 2019 7:27:53.0900 PM,.0125
39.Riker INT response 0x44,Dut,sendCommand,PASS,,Jul 9 2019 7:27:53.0920 PM,Jul 9 2019 7:27:53.1050 PM,.0131
39.Riker INT response 0x44,Dut,sendCommand,PASS,,Jul 9 2019 7:27:53.1070 PM,Jul 9 2019 7:27:53.1220 PM,.0143
40.Riker INT response 0x45,Dut,sendCommand,PASS,,Jul 9 2019 7:27:53.1260 PM,Jul 9 2019 7:27:53.1420 PM,.015
41.Riker INT response 0x46,Dut,sendCommand,PASS,,Jul 9 2019 7:27:53.1470 PM,Jul 9 2019 7:27:53.1620 PM,.0145
42.Adams LDO1 Will VDD(firing),Dut,sendCommand,PASS,,Jul 9 2019 7:27:53.1660 PM,Jul 9 2019 7:27:53.2170 PM,.0504
43.Adams LDO2 Periscope VDD(firing),Dut,sendCommand,PASS,,Jul 9 2019 7:27:53.2230 PM,Jul 9 2019 7:27:53.2770 PM,.0541
44.Adams LDO4 Riker VDD(firing),Dut,sendCommand,PASS,,Jul 9 2019 7:27:53.2830 PM,Jul 9 2019 7:27:53.3320 PM,.0496
45.RDF resistance(end),Dut,sendCommand,PASS,,Jul 9 2019 7:27:53.3370 PM,Jul 9 2019 7:27:53.3510 PM,.0136
45.RDF resistance(end),Dut,sendCommand,PASS,,Jul 9 2019 7:27:53.3530 PM,Jul 9 2019 7:27:53.6010 PM,.2474
,Dut,close,PASS,,Jul 9 2019 7:27:53.6090 PM,Jul 9 2019 7:27:53.6100 PM,.0009
,UART1,open,PASS,,Jul 9 2019 7:27:53.6140 PM,Jul 9 2019 7:27:53.7080 PM,.0943
,UART1,changeDelimiter,PASS,,Jul 9 2019 7:27:53.7110 PM,Jul 9 2019 7:27:53.7110 PM,.0001
,UART1,changeLineTerminator,PASS,,Jul 9 2019 7:27:53.7130 PM,Jul 9 2019 7:27:53.7130 PM,0
47.Jasper Test,UART1,sendCommand_1,PASS,,Jul 9 2019 7:27:53.7150 PM,Jul 9 2019 7:27:57.9320 PM,4.2169
,UART1,close,PASS,,Jul 9 2019 7:27:57.9370 PM,Jul 9 2019 7:27:57.9380 PM,.0011
,Dut,open,PASS,,Jul 9 2019 7:27:57.9400 PM,Jul 9 2019 7:27:57.9580 PM,.0179
,Dut,read,ERROR,Timed out trying to read; ,Jul 9 2019 7:27:57.9600 PM,Jul 9 2019 7:27:58.1020 PM,.1422
49.Camera Build Config,Dut,sendCommand,PASS,,Jul 9 2019 7:27:58.1100 PM,Jul 9 2019 7:27:59.9910 PM,1.881
49.Camera Build Config,Dut,sendCommand,PASS,,Jul 9 2019 7:27:59.9940 PM,Jul 9 2019 7:28:00.0060 PM,.0117
49.Camera Build Config,Dut,sendCommand,PASS,,Jul 9 2019 7:28:00.0080 PM,Jul 9 2019 7:28:00.0220 PM,.0144
49.Camera Build Config,Dut,sendCommand,PASS,,Jul 9 2019 7:28:00.0240 PM,Jul 9 2019 7:28:00.0380 PM,.0136
49.Camera Build Config,Dut,sendCommand,PASS,,Jul 9 2019 7:28:00.0400 PM,Jul 9 2019 7:28:00.2870 PM,.2467
55.Check_Jasper_Vendor,Dut,sendCommand,PASS,,Jul 9 2019 7:28:00.3040 PM,Jul 9 2019 7:28:00.4250 PM,.1215
55.Check_Jasper_Vendor,Dut,sendCommand,PASS,,Jul 9 2019 7:28:00.4280 PM,Jul 9 2019 7:28:02.3070 PM,1.879
55.Check_Jasper_Vendor,Dut,sendCommand,PASS,,Jul 9 2019 7:28:02.3090 PM,Jul 9 2019 7:28:02.3210 PM,.0119
55.Check_Jasper_Vendor,Dut,sendCommand,PASS,,Jul 9 2019 7:28:02.3240 PM,Jul 9 2019 7:28:02.3360 PM,.0122
55.Check_Jasper_Vendor,Dut,sendCommand,PASS,,Jul 9 2019 7:28:02.3380 PM,Jul 9 2019 7:28:02.5860 PM,.248
56.Adding Syscfg PRSq,Dut,sendCommand,PASS,,Jul 9 2019 7:28:02.5920 PM,Jul 9 2019 7:28:02.6110 PM,.0195
57.Compare Battery SN With SFC,Dut,sendCommand,PASS,,Jul 9 2019 7:28:02.6160 PM,Jul 9 2019 7:28:02.6480 PM,.0311
58.Burn Battery SN,Dut,sendCommand,PASS,,Jul 9 2019 7:28:02.6530 PM,Jul 9 2019 7:28:02.7250 PM,.0728
59.Get Battery SN,Dut,sendCommand,PASS,,Jul 9 2019 7:28:02.7290 PM,Jul 9 2019 7:28:02.7420 PM,.0122
60.Burn HW configuration,Dut,sendCommand,PASS,,Jul 9 2019 7:28:02.7480 PM,Jul 9 2019 7:28:02.7670 PM,.0197
61.Read Back HW Configuration,Dut,sendCommand,PASS,,Jul 9 2019 7:28:02.7740 PM,Jul 9 2019 7:28:02.7920 PM,.0182
62.Burn MPN,Dut,sendCommand,PASS,,Jul 9 2019 7:28:02.7970 PM,Jul 9 2019 7:28:02.8460 PM,.0494
63.Read Back MPN,Dut,sendCommand,PASS,,Jul 9 2019 7:28:02.8520 PM,Jul 9 2019 7:28:02.8660 PM,.014
64.Burn Regn,Dut,sendCommand,PASS,,Jul 9 2019 7:28:02.8710 PM,Jul 9 2019 7:28:02.9160 PM,.0446
65.Read Back Regn,Dut,sendCommand,PASS,,Jul 9 2019 7:28:02.9200 PM,Jul 9 2019 7:28:02.9320 PM,.012
66.Burn HS Color,Dut,sendCommand,PASS,,Jul 9 2019 7:28:02.9390 PM,Jul 9 2019 7:28:02.9910 PM,.0521
67.Read Back HS Color,Dut,sendCommand,PASS,,Jul 9 2019 7:28:02.9960 PM,Jul 9 2019 7:28:03.0110 PM,.0157
68.Burn CG Color,Dut,sendCommand,PASS,,Jul 9 2019 7:28:03.0180 PM,Jul 9 2019 7:28:03.0660 PM,.0476
69.Read Back CG Color,Dut,sendCommand,PASS,,Jul 9 2019 7:28:03.0700 PM,Jul 9 2019 7:28:03.0860 PM,.0167
70.NandSize Check Between Syscfg And Unit,Dut,sendCommand,PASS,,Jul 9 2019 7:28:03.0900 PM,Jul 9 2019 7:28:03.1020 PM,.0114
70.NandSize Check Between Syscfg And Unit,Dut,sendCommand,PASS,,Jul 9 2019 7:28:03.1040 PM,Jul 9 2019 7:28:03.1220 PM,.0186
71.Read Back NANDID and NANDCS,Dut,sendCommand,PASS,,Jul 9 2019 7:28:03.1280 PM,Jul 9 2019 7:28:03.3920 PM,.2636
72.Burn Matrix and Special builds,Dut,sendCommand,PASS,,Jul 9 2019 7:28:03.3980 PM,Jul 9 2019 7:28:03.4160 PM,.0184
73.Read Back Matrix and Special Builds,Dut,sendCommand,PASS,,Jul 9 2019 7:28:03.4210 PM,Jul 9 2019 7:28:03.4380 PM,.0162
74.Read Back MLBSN And Check,Dut,sendCommand,PASS,,Jul 9 2019 7:28:03.4430 PM,Jul 9 2019 7:28:03.4570 PM,.0146
75.Default WMAC Address,Dut,sendCommand,PASS,,Jul 9 2019 7:28:03.4620 PM,Jul 9 2019 7:28:03.4780 PM,.0158
75.Default WMAC Address,Dut,sendCommand,PASS,,Jul 9 2019 7:28:03.4810 PM,Jul 9 2019 7:28:03.5010 PM,.02
76.Default BMAC Address,Dut,sendCommand,PASS,,Jul 9 2019 7:28:03.5060 PM,Jul 9 2019 7:28:03.5230 PM,.0165
76.Default BMAC Address,Dut,sendCommand,PASS,,Jul 9 2019 7:28:03.5250 PM,Jul 9 2019 7:28:03.5450 PM,.0209
77.Check ACE FW version,Dut,sendCommand,PASS,,Jul 9 2019 7:28:03.5500 PM,Jul 9 2019 7:28:03.5610 PM,.0106
77.Check ACE FW version,Dut,sendCommand,PASS,,Jul 9 2019 7:28:03.5630 PM,Jul 9 2019 7:28:03.5810 PM,.0181
78.Check ACE OTP FW version,Dut,sendCommand,PASS,,Jul 9 2019 7:28:03.5850 PM,Jul 9 2019 7:28:03.6010 PM,.0156
78.Check ACE OTP FW version,Dut,sendCommand,PASS,,Jul 9 2019 7:28:03.6030 PM,Jul 9 2019 7:28:03.6660 PM,.0626
79.Check Redriver Voltage and I2C Communication,Dut,sendCommand,PASS,,Jul 9 2019 7:28:03.6720 PM,Jul 9 2019 7:28:03.6900 PM,.0189
79.Check Redriver Voltage and I2C Communication,Dut,sendCommand,PASS,,Jul 9 2019 7:28:03.6920 PM,Jul 9 2019 7:28:03.7110 PM,.0186
79.Check Redriver Voltage and I2C Communication,Dut,sendCommand,PASS,,Jul 9 2019 7:28:03.7130 PM,Jul 9 2019 7:28:03.7310 PM,.0181
79.Check Redriver Voltage and I2C Communication,Dut,sendCommand,PASS,,Jul 9 2019 7:28:03.7330 PM,Jul 9 2019 7:28:03.7510 PM,.0178
79.Check Redriver Voltage and I2C Communication,Dut,sendCommand,PASS,,Jul 9 2019 7:28:03.7530 PM,Jul 9 2019 7:28:03.7610 PM,.0081
79.Check Redriver Voltage and I2C Communication,Dut,sendCommand,PASS,,Jul 9 2019 7:28:03.7630 PM,Jul 9 2019 7:28:03.8110 PM,.0474
79.Check Redriver Voltage and I2C Communication,Dut,sendCommand,PASS,,Jul 9 2019 7:28:03.8130 PM,Jul 9 2019 7:28:03.8260 PM,.0133
79.Check Redriver Voltage and I2C Communication,Dut,sendCommand,PASS,,Jul 9 2019 7:28:03.8300 PM,Jul 9 2019 7:28:03.8410 PM,.011
79.Check Redriver Voltage and I2C Communication,Dut,sendCommand,PASS,,Jul 9 2019 7:28:03.8440 PM,Jul 9 2019 7:28:04.1510 PM,.307
79.Check Redriver Voltage and I2C Communication,Dut,sendCommand,PASS,,Jul 9 2019 7:28:04.1540 PM,Jul 9 2019 7:28:04.1720 PM,.0179
79.Check Redriver Voltage and I2C Communication,Dut,sendCommand,PASS,,Jul 9 2019 7:28:04.1750 PM,Jul 9 2019 7:28:04.2260 PM,.0516
79.Check Redriver Voltage and I2C Communication,Dut,sendCommand,PASS,,Jul 9 2019 7:28:04.2290 PM,Jul 9 2019 7:28:04.2410 PM,.0116
79.Check Redriver Voltage and I2C Communication,Dut,sendCommand,PASS,,Jul 9 2019 7:28:04.2430 PM,Jul 9 2019 7:28:04.5510 PM,.3078
79.Check Redriver Voltage and I2C Communication,Dut,sendCommand,PASS,,Jul 9 2019 7:28:04.5530 PM,Jul 9 2019 7:28:04.5710 PM,.0183
79.Check Redriver Voltage and I2C Communication,Dut,sendCommand,PASS,,Jul 9 2019 7:28:04.5730 PM,Jul 9 2019 7:28:04.6260 PM,.0527
79.Check Redriver Voltage and I2C Communication,Dut,sendCommand,PASS,,Jul 9 2019 7:28:04.6280 PM,Jul 9 2019 7:28:04.6360 PM,.0081
79.Check Redriver Voltage and I2C Communication,Dut,sendCommand,PASS,,Jul 9 2019 7:28:04.6380 PM,Jul 9 2019 7:28:04.9450 PM,.3077
79.Check Redriver Voltage and I2C Communication,Dut,sendCommand,PASS,,Jul 9 2019 7:28:04.9470 PM,Jul 9 2019 7:28:04.9660 PM,.0187
79.Check Redriver Voltage and I2C Communication,Dut,sendCommand,PASS,,Jul 9 2019 7:28:04.9690 PM,Jul 9 2019 7:28:05.0210 PM,.0523
79.Check Redriver Voltage and I2C Communication,Dut,sendCommand,PASS,,Jul 9 2019 7:28:05.0240 PM,Jul 9 2019 7:28:05.0360 PM,.0114
79.Check Redriver Voltage and I2C Communication,Dut,sendCommand,PASS,,Jul 9 2019 7:28:05.0380 PM,Jul 9 2019 7:28:05.3460 PM,.3085
79.Check Redriver Voltage and I2C Communication,Dut,sendCommand,PASS,,Jul 9 2019 7:28:05.3490 PM,Jul 9 2019 7:28:05.3670 PM,.0181
79.Check Redriver Voltage and I2C Communication,Dut,sendCommand,PASS,,Jul 9 2019 7:28:05.3700 PM,Jul 9 2019 7:28:05.4210 PM,.0514
79.Check Redriver Voltage and I2C Communication,Dut,sendCommand,PASS,,Jul 9 2019 7:28:05.4230 PM,Jul 9 2019 7:28:05.4360 PM,.0129
79.Check Redriver Voltage and I2C Communication,Dut,sendCommand,PASS,,Jul 9 2019 7:28:05.4390 PM,Jul 9 2019 7:28:05.7460 PM,.307
79.Check Redriver Voltage and I2C Communication,Dut,sendCommand,PASS,,Jul 9 2019 7:28:05.7480 PM,Jul 9 2019 7:28:05.7670 PM,.0191
79.Check Redriver Voltage and I2C Communication,Dut,sendCommand,PASS,,Jul 9 2019 7:28:05.7700 PM,Jul 9 2019 7:28:05.8210 PM,.0514
79.Check Redriver Voltage and I2C Communication,Dut,sendCommand,PASS,,Jul 9 2019 7:28:05.8250 PM,Jul 9 2019 7:28:05.8360 PM,.0112
79.Check Redriver Voltage and I2C Communication,Dut,sendCommand,PASS,,Jul 9 2019 7:28:05.8380 PM,Jul 9 2019 7:28:06.1460 PM,.3084
79.Check Redriver Voltage and I2C Communication,Dut,sendCommand,PASS,,Jul 9 2019 7:28:06.1490 PM,Jul 9 2019 7:28:06.1660 PM,.0176
79.Check Redriver Voltage and I2C Communication,Dut,sendCommand,PASS,,Jul 9 2019 7:28:06.1680 PM,Jul 9 2019 7:28:06.2170 PM,.0487
79.Check Redriver Voltage and I2C Communication,Dut,sendCommand,PASS,,Jul 9 2019 7:28:06.2190 PM,Jul 9 2019 7:28:06.2270 PM,.0081
79.Check Redriver Voltage and I2C Communication,Dut,sendCommand,PASS,,Jul 9 2019 7:28:06.2290 PM,Jul 9 2019 7:28:06.5370 PM,.308
79.Check Redriver Voltage and I2C Communication,Dut,sendCommand,PASS,,Jul 9 2019 7:28:06.5400 PM,Jul 9 2019 7:28:06.5580 PM,.0176
79.Check Redriver Voltage and I2C Communication,Dut,sendCommand,PASS,,Jul 9 2019 7:28:06.5610 PM,Jul 9 2019 7:28:06.6080 PM,.0468
79.Check Redriver Voltage and I2C Communication,Dut,sendCommand,PASS,,Jul 9 2019 7:28:06.6110 PM,Jul 9 2019 7:28:06.6220 PM,.0115
79.Check Redriver Voltage and I2C Communication,Dut,sendCommand,PASS,,Jul 9 2019 7:28:06.6250 PM,Jul 9 2019 7:28:06.9330 PM,.3075
79.Check Redriver Voltage and I2C Communication,Dut,sendCommand,PASS,,Jul 9 2019 7:28:06.9350 PM,Jul 9 2019 7:28:06.9530 PM,.0173
79.Check Redriver Voltage and I2C Communication,Dut,sendCommand,PASS,,Jul 9 2019 7:28:06.9560 PM,Jul 9 2019 7:28:07.0070 PM,.0511
79.Check Redriver Voltage and I2C Communication,Dut,sendCommand,PASS,,Jul 9 2019 7:28:07.0090 PM,Jul 9 2019 7:28:07.0170 PM,.008
79.Check Redriver Voltage and I2C Communication,Dut,sendCommand,PASS,,Jul 9 2019 7:28:07.0190 PM,Jul 9 2019 7:28:07.3270 PM,.3073
79.Check Redriver Voltage and I2C Communication,Dut,sendCommand,PASS,,Jul 9 2019 7:28:07.3290 PM,Jul 9 2019 7:28:07.3480 PM,.0191
79.Check Redriver Voltage and I2C Communication,Dut,sendCommand,PASS,,Jul 9 2019 7:28:07.3510 PM,Jul 9 2019 7:28:07.4030 PM,.0523
79.Check Redriver Voltage and I2C Communication,Dut,sendCommand,PASS,,Jul 9 2019 7:28:07.4060 PM,Jul 9 2019 7:28:07.4170 PM,.0109
79.Check Redriver Voltage and I2C Communication,Dut,sendCommand,PASS,,Jul 9 2019 7:28:07.4190 PM,Jul 9 2019 7:28:07.7270 PM,.3085
79.Check Redriver Voltage and I2C Communication,Dut,sendCommand,PASS,,Jul 9 2019 7:28:07.7300 PM,Jul 9 2019 7:28:07.7470 PM,.0176
79.Check Redriver Voltage and I2C Communication,Dut,sendCommand,PASS,,Jul 9 2019 7:28:07.7490 PM,Jul 9 2019 7:28:07.8020 PM,.0527
79.Check Redriver Voltage and I2C Communication,Dut,sendCommand,PASS,,Jul 9 2019 7:28:07.8040 PM,Jul 9 2019 7:28:07.8420 PM,.0377
79.Check Redriver Voltage and I2C Communication,Dut,sendCommand,PASS,,Jul 9 2019 7:28:07.8440 PM,Jul 9 2019 7:28:07.8520 PM,.0081
79.Check Redriver Voltage and I2C Communication,Dut,sendCommand,PASS,,Jul 9 2019 7:28:07.8540 PM,Jul 9 2019 7:28:08.1620 PM,.3076
80.HALL_C3 Flex_Miss Test_IRQ,rpcCall,RPCSendAndGet,PASS,,Jul 9 2019 7:28:08.1700 PM,Jul 9 2019 7:28:08.2280 PM,.058
80.HALL_C3 Flex_Miss Test_IRQ,Dut,sendCommand,PASS,,Jul 9 2019 7:28:08.2310 PM,Jul 9 2019 7:28:11.2630 PM,3.0319
81.HALL_C3 Flex_Detect Test_IRQ,rpcCall,RPCSendAndGet,PASS,,Jul 9 2019 7:28:11.2680 PM,Jul 9 2019 7:28:11.2940 PM,.0262
81.HALL_C3 Flex_Detect Test_IRQ,Dut,sendCommand,PASS,,Jul 9 2019 7:28:11.2960 PM,Jul 9 2019 7:28:11.8030 PM,.5064
81.HALL_C3 Flex_Detect Test_IRQ,rpcCall,RPCSendAndGet,PASS,,Jul 9 2019 7:28:11.8060 PM,Jul 9 2019 7:28:11.8450 PM,.0392
82.Orion Contamination Test 4uA DATA_GND_150K (mV),Dut,sendCommand,PASS,,Jul 9 2019 7:28:11.8490 PM,Jul 9 2019 7:28:11.8820 PM,.0331
82.Orion Contamination Test 4uA DATA_GND_150K (mV),rpcCall,RPCSendAndGet,PASS,,Jul 9 2019 7:28:11.8840 PM,Jul 9 2019 7:28:13.6470 PM,1.7624
82.Orion Contamination Test 4uA DATA_GND_150K (mV),rpcCall,RPCSendAndGet,PASS,,Jul 9 2019 7:28:13.6490 PM,Jul 9 2019 7:28:13.7130 PM,.0632
82.Orion Contamination Test 4uA DATA_GND_150K (mV),rpcCall,RPCSendAndGet,PASS,,Jul 9 2019 7:28:13.7140 PM,Jul 9 2019 7:28:13.7360 PM,.0213
82.Orion Contamination Test 4uA DATA_GND_150K (mV),rpcCall,RPCSendAndGet,PASS,,Jul 9 2019 7:28:13.7370 PM,Jul 9 2019 7:28:13.8000 PM,.0626
82.Orion Contamination Test 4uA DATA_GND_150K (mV),rpcCall,RPCSendAndGet,PASS,,Jul 9 2019 7:28:13.8020 PM,Jul 9 2019 7:28:13.8180 PM,.0158
82.Orion Contamination Test 4uA DATA_GND_150K (mV),rpcCall,RPCSendAndGet,PASS,,Jul 9 2019 7:28:13.8200 PM,Jul 9 2019 7:28:13.8770 PM,.0572
82.Orion Contamination Test 4uA DATA_GND_150K (mV),Dut,sendCommand,PASS,,Jul 9 2019 7:28:14.6800 PM,Jul 9 2019 7:28:14.6980 PM,.0177
82.Orion Contamination Test 4uA DATA_GND_150K (mV),Dut,sendCommand,PASS,,Jul 9 2019 7:28:14.7010 PM,Jul 9 2019 7:28:14.7180 PM,.0167
82.Orion Contamination Test 4uA DATA_GND_150K (mV),Dut,sendCommand,PASS,,Jul 9 2019 7:28:14.7200 PM,Jul 9 2019 7:28:14.7380 PM,.0173
82.Orion Contamination Test 4uA DATA_GND_150K (mV),Dut,sendCommand,PASS,,Jul 9 2019 7:28:14.7400 PM,Jul 9 2019 7:28:14.7570 PM,.0171
82.Orion Contamination Test 4uA DATA_GND_150K (mV),Dut,sendCommand,PASS,,Jul 9 2019 7:28:14.7610 PM,Jul 9 2019 7:28:14.7780 PM,.0168
82.Orion Contamination Test 4uA DATA_GND_150K (mV),Dut,sendCommand,PASS,,Jul 9 2019 7:28:14.7790 PM,Jul 9 2019 7:28:14.7980 PM,.0189
82.Orion Contamination Test 4uA DATA_GND_150K (mV),Dut,sendCommand,PASS,,Jul 9 2019 7:28:14.8010 PM,Jul 9 2019 7:28:14.8190 PM,.0174
82.Orion Contamination Test 4uA DATA_GND_150K (mV),Dut,sendCommand,PASS,,Jul 9 2019 7:28:14.8210 PM,Jul 9 2019 7:28:14.8380 PM,.0174
83.Orion Contamination Test 4uA DATA_PWR_150K (mV),rpcCall,RPCSendAndGet,PASS,,Jul 9 2019 7:28:14.8460 PM,Jul 9 2019 7:28:14.8750 PM,.0296
83.Orion Contamination Test 4uA DATA_PWR_150K (mV),rpcCall,RPCSendAndGet,PASS,,Jul 9 2019 7:28:14.8780 PM,Jul 9 2019 7:28:14.9410 PM,.0631
83.Orion Contamination Test 4uA DATA_PWR_150K (mV),rpcCall,RPCSendAndGet,PASS,,Jul 9 2019 7:28:14.9430 PM,Jul 9 2019 7:28:14.9590 PM,.0155
83.Orion Contamination Test 4uA DATA_PWR_150K (mV),Dut,sendCommand,PASS,,Jul 9 2019 7:28:14.9610 PM,Jul 9 2019 7:28:14.9780 PM,.0168
83.Orion Contamination Test 4uA DATA_PWR_150K (mV),Dut,sendCommand,PASS,,Jul 9 2019 7:28:14.9790 PM,Jul 9 2019 7:28:14.9970 PM,.0176
83.Orion Contamination Test 4uA DATA_PWR_150K (mV),Dut,sendCommand,PASS,,Jul 9 2019 7:28:14.9990 PM,Jul 9 2019 7:28:15.0170 PM,.0179
83.Orion Contamination Test 4uA DATA_PWR_150K (mV),Dut,sendCommand,PASS,,Jul 9 2019 7:28:15.0200 PM,Jul 9 2019 7:28:15.0370 PM,.0177
83.Orion Contamination Test 4uA DATA_PWR_150K (mV),Dut,sendCommand,PASS,,Jul 9 2019 7:28:15.0400 PM,Jul 9 2019 7:28:15.0570 PM,.0172
83.Orion Contamination Test 4uA DATA_PWR_150K (mV),Dut,sendCommand,PASS,,Jul 9 2019 7:28:15.0590 PM,Jul 9 2019 7:28:15.0780 PM,.0188
83.Orion Contamination Test 4uA DATA_PWR_150K (mV),Dut,sendCommand,PASS,,Jul 9 2019 7:28:15.0810 PM,Jul 9 2019 7:28:15.0980 PM,.0169
83.Orion Contamination Test 4uA DATA_PWR_150K (mV),Dut,sendCommand,PASS,,Jul 9 2019 7:28:15.1010 PM,Jul 9 2019 7:28:15.1190 PM,.018
83.Orion Contamination Test 4uA DATA_PWR_150K (mV),Dut,sendCommand,PASS,,Jul 9 2019 7:28:15.1210 PM,Jul 9 2019 7:28:15.1390 PM,.0178
84.Orion Contamination Test 4uA PWR_GND_150K (mV),rpcCall,RPCSendAndGet,PASS,,Jul 9 2019 7:28:15.1460 PM,Jul 9 2019 7:28:15.1780 PM,.0315
84.Orion Contamination Test 4uA PWR_GND_150K (mV),rpcCall,RPCSendAndGet,PASS,,Jul 9 2019 7:28:15.1800 PM,Jul 9 2019 7:28:15.2410 PM,.061
84.Orion Contamination Test 4uA PWR_GND_150K (mV),rpcCall,RPCSendAndGet,PASS,,Jul 9 2019 7:28:15.2430 PM,Jul 9 2019 7:28:15.3070 PM,.0642
84.Orion Contamination Test 4uA PWR_GND_150K (mV),Dut,sendCommand,PASS,,Jul 9 2019 7:28:15.3090 PM,Jul 9 2019 7:28:15.3270 PM,.0185
84.Orion Contamination Test 4uA PWR_GND_150K (mV),Dut,sendCommand,PASS,,Jul 9 2019 7:28:15.3290 PM,Jul 9 2019 7:28:15.3470 PM,.0179
84.Orion Contamination Test 4uA PWR_GND_150K (mV),Dut,sendCommand,PASS,,Jul 9 2019 7:28:15.3500 PM,Jul 9 2019 7:28:15.3680 PM,.018
84.Orion Contamination Test 4uA PWR_GND_150K (mV),Dut,sendCommand,PASS,,Jul 9 2019 7:28:15.3710 PM,Jul 9 2019 7:28:15.3870 PM,.0163
84.Orion Contamination Test 4uA PWR_GND_150K (mV),Dut,sendCommand,PASS,,Jul 9 2019 7:28:15.3890 PM,Jul 9 2019 7:28:15.4080 PM,.0183
84.Orion Contamination Test 4uA PWR_GND_150K (mV),Dut,sendCommand,PASS,,Jul 9 2019 7:28:15.4110 PM,Jul 9 2019 7:28:15.4280 PM,.0171
84.Orion Contamination Test 4uA PWR_GND_150K (mV),Dut,sendCommand,PASS,,Jul 9 2019 7:28:16.5020 PM,Jul 9 2019 7:28:16.5230 PM,.0209
84.Orion Contamination Test 4uA PWR_GND_150K (mV),Dut,sendCommand,PASS,,Jul 9 2019 7:28:16.5250 PM,Jul 9 2019 7:28:16.5440 PM,.0193
85.Attach provider mode,rpcCall,RPCSendAndGet,PASS,,Jul 9 2019 7:28:16.5510 PM,Jul 9 2019 7:28:16.6050 PM,.0547
85.Attach provider mode,rpcCall,RPCSendAndGet,PASS,,Jul 9 2019 7:28:16.6080 PM,Jul 9 2019 7:28:16.6740 PM,.0662
85.Attach provider mode,rpcCall,RPCSendAndGet,PASS,,Jul 9 2019 7:28:16.6770 PM,Jul 9 2019 7:28:16.6930 PM,.0166
85.Attach provider mode,rpcCall,RPCSendAndGet,PASS,,Jul 9 2019 7:28:16.6960 PM,Jul 9 2019 7:28:16.7120 PM,.0165
85.Attach provider mode,rpcCall,RPCSendAndGet,PASS,,Jul 9 2019 7:28:16.7140 PM,Jul 9 2019 7:28:16.7880 PM,.0735
85.Attach provider mode,rpcCall,RPCSendAndGet,PASS,,Jul 9 2019 7:28:16.7900 PM,Jul 9 2019 7:28:17.8420 PM,1.0529
86.Orion output communications connection test,Dut,sendCommand,PASS,,Jul 9 2019 7:28:17.9730 PM,Jul 9 2019 7:28:17.9830 PM,.01
86.Orion output communications connection test,Dut,sendCommand,PASS,,Jul 9 2019 7:28:17.9850 PM,Jul 9 2019 7:28:17.9970 PM,.0127
86.Orion output communications connection test,Dut,sendCommand,PASS,,Jul 9 2019 7:28:18.0000 PM,Jul 9 2019 7:28:18.0240 PM,.0233
86.Orion output communications connection test,Dut,sendCommand,PASS,,Jul 9 2019 7:28:18.0270 PM,Jul 9 2019 7:28:18.0470 PM,.0202
86.Orion output communications connection test,Dut,sendCommand,PASS,,Jul 9 2019 7:28:18.0490 PM,Jul 9 2019 7:28:18.0670 PM,.018
86.Orion output communications connection test,Dut,sendCommand,PASS,,Jul 9 2019 7:28:18.0690 PM,Jul 9 2019 7:28:18.0870 PM,.0183
86.Orion output communications connection test,Dut,sendCommand,PASS,,Jul 9 2019 7:28:18.0890 PM,Jul 9 2019 7:28:18.1120 PM,.0229
86.Orion output communications connection test,Dut,sendCommand,PASS,,Jul 9 2019 7:28:18.2420 PM,Jul 9 2019 7:28:18.2630 PM,.021
87.Orion Output Bellatrix State Boost,Dut,sendCommand,PASS,,Jul 9 2019 7:28:18.2690 PM,Jul 9 2019 7:28:18.2780 PM,.0086
87.Orion Output Bellatrix State Boost,Dut,sendCommand,PASS,,Jul 9 2019 7:28:18.2800 PM,Jul 9 2019 7:28:18.2920 PM,.0123
87.Orion Output Bellatrix State Boost,Dut,sendCommand,PASS,,Jul 9 2019 7:28:18.2950 PM,Jul 9 2019 7:28:18.3070 PM,.012
87.Orion Output Bellatrix State Boost,Dut,sendCommand,PASS,,Jul 9 2019 7:28:18.3100 PM,Jul 9 2019 7:28:18.3330 PM,.0235
87.Orion Output Bellatrix State Boost,Dut,sendCommand,PASS,,Jul 9 2019 7:28:18.3360 PM,Jul 9 2019 7:28:18.3520 PM,.0161
87.Orion Output Bellatrix State Boost,Dut,sendCommand,PASS,,Jul 9 2019 7:28:18.3540 PM,Jul 9 2019 7:28:18.3720 PM,.0178
87.Orion Output Bellatrix State Boost,Dut,sendCommand,PASS,,Jul 9 2019 7:28:18.3740 PM,Jul 9 2019 7:28:18.3920 PM,.018
87.Orion Output Bellatrix State Boost,Dut,sendCommand,PASS,,Jul 9 2019 7:28:18.3940 PM,Jul 9 2019 7:28:18.4170 PM,.0228
87.Orion Output Bellatrix State Boost,Dut,sendCommand,PASS,,Jul 9 2019 7:28:18.5410 PM,Jul 9 2019 7:28:18.5580 PM,.0171
87.Orion Output Bellatrix State Boost,Dut,sendCommand,PASS,,Jul 9 2019 7:28:18.5610 PM,Jul 9 2019 7:28:18.5720 PM,.0117
87.Orion Output Bellatrix State Boost,Dut,sendCommand,PASS,,Jul 9 2019 7:28:18.5760 PM,Jul 9 2019 7:28:18.5880 PM,.0121
87.Orion Output Bellatrix State Boost,Dut,sendCommand,PASS,,Jul 9 2019 7:28:18.5900 PM,Jul 9 2019 7:28:18.6020 PM,.0117
87.Orion Output Bellatrix State Boost,Dut,sendCommand,PASS,,Jul 9 2019 7:28:18.6040 PM,Jul 9 2019 7:28:18.6270 PM,.0232
87.Orion Output Bellatrix State Boost,Dut,sendCommand,PASS,,Jul 9 2019 7:28:18.6290 PM,Jul 9 2019 7:28:18.6480 PM,.0189
87.Orion Output Bellatrix State Boost,Dut,sendCommand,PASS,,Jul 9 2019 7:28:18.6500 PM,Jul 9 2019 7:28:18.6670 PM,.0172
87.Orion Output Bellatrix State Boost,Dut,sendCommand,PASS,,Jul 9 2019 7:28:18.6700 PM,Jul 9 2019 7:28:18.6880 PM,.0181
87.Orion Output Bellatrix State Boost,Dut,sendCommand,PASS,,Jul 9 2019 7:28:18.6910 PM,Jul 9 2019 7:28:18.7120 PM,.0212
87.Orion Output Bellatrix State Boost,Dut,sendCommand,PASS,,Jul 9 2019 7:28:18.8370 PM,Jul 9 2019 7:28:18.8570 PM,.0201
87.Orion Output Bellatrix State Boost,Dut,sendCommand,PASS,,Jul 9 2019 7:28:18.8600 PM,Jul 9 2019 7:28:18.8780 PM,.0183
87.Orion Output Bellatrix State Boost,rpcCall,RPCSendAndGet,PASS,,Jul 9 2019 7:28:18.8810 PM,Jul 9 2019 7:28:18.9010 PM,.0197
88.Orion output 1000mA mode voltage w/o load - B,rpcCall,RPCSendAndGet,PASS,,Jul 9 2019 7:28:18.9070 PM,Jul 9 2019 7:28:19.0050 PM,.0985
88.Orion output 1000mA mode voltage w/o load - B,rpcCall,RPCSendAndGet,PASS,,Jul 9 2019 7:28:19.0100 PM,Jul 9 2019 7:28:19.7810 PM,.7713
89.Orion output 1000mA mode current - B,rpcCall,RPCSendAndGet,PASS,,Jul 9 2019 7:28:19.7860 PM,Jul 9 2019 7:28:19.8410 PM,.0545
89.Orion output 1000mA mode current - B,rpcCall,RPCSendAndGet,PASS,,Jul 9 2019 7:28:19.8910 PM,Jul 9 2019 7:28:19.9490 PM,.0579
89.Orion output 1000mA mode current - B,rpcCall,RPCSendAndGet,PASS,,Jul 9 2019 7:28:19.9510 PM,Jul 9 2019 7:28:20.7100 PM,.7586
90.Orion output 1000mA mode voltage w/ load - B,rpcCall,RPCSendAndGet,PASS,,Jul 9 2019 7:28:20.7150 PM,Jul 9 2019 7:28:20.8210 PM,.1064
90.Orion output 1000mA mode voltage w/ load - B,rpcCall,RPCSendAndGet,PASS,,Jul 9 2019 7:28:20.8230 PM,Jul 9 2019 7:28:21.5890 PM,.7664
91.Orion output 2000mA mode voltage w/o load - B,rpcCall,RPCSendAndGet,PASS,,Jul 9 2019 7:28:21.5940 PM,Jul 9 2019 7:28:21.6430 PM,.0487
91.Orion output 2000mA mode voltage w/o load - B,rpcCall,RPCSendAndGet,PASS,,Jul 9 2019 7:28:21.6450 PM,Jul 9 2019 7:28:21.7510 PM,.1055
91.Orion output 2000mA mode voltage w/o load - B,rpcCall,RPCSendAndGet,PASS,,Jul 9 2019 7:28:21.7530 PM,Jul 9 2019 7:28:22.5270 PM,.7746
92.Orion output 2000mA mode current - B,rpcCall,RPCSendAndGet,PASS,,Jul 9 2019 7:28:22.5330 PM,Jul 9 2019 7:28:22.5930 PM,.0595
92.Orion output 2000mA mode current - B,rpcCall,RPCSendAndGet,PASS,,Jul 9 2019 7:28:22.6450 PM,Jul 9 2019 7:28:22.6990 PM,.0542
92.Orion output 2000mA mode current - B,rpcCall,RPCSendAndGet,PASS,,Jul 9 2019 7:28:22.7010 PM,Jul 9 2019 7:28:23.4220 PM,.7205
93.Orion output 2000mA mode voltage w/ load - B,rpcCall,RPCSendAndGet,PASS,,Jul 9 2019 7:28:23.4270 PM,Jul 9 2019 7:28:23.5310 PM,.1046
93.Orion output 2000mA mode voltage w/ load - B,rpcCall,RPCSendAndGet,PASS,,Jul 9 2019 7:28:23.5330 PM,Jul 9 2019 7:28:24.2430 PM,.7098
94.Orion voltage drop with 2000mA - B,rpcCall,RPCSendAndGet,PASS,,Jul 9 2019 7:28:24.2480 PM,Jul 9 2019 7:28:24.3030 PM,.0551
95.Orion output 2000mA mode DCR - B,rpcCall,RPCSendAndGet,PASS,,Jul 9 2019 7:28:24.3090 PM,Jul 9 2019 7:28:24.3620 PM,.0528
96.Orion Bellatrix ADC temperature read,Dut,sendCommand,PASS,,Jul 9 2019 7:28:24.3660 PM,Jul 9 2019 7:28:24.3830 PM,.0169
96.Orion Bellatrix ADC temperature read,Dut,sendCommand,PASS,,Jul 9 2019 7:28:24.3850 PM,Jul 9 2019 7:28:24.4030 PM,.0176
96.Orion Bellatrix ADC temperature read,Dut,sendCommand,PASS,,Jul 9 2019 7:28:24.4050 PM,Jul 9 2019 7:28:24.4240 PM,.0183
96.Orion Bellatrix ADC temperature read,Dut,sendCommand,PASS,,Jul 9 2019 7:28:24.4260 PM,Jul 9 2019 7:28:24.4440 PM,.018
97.Orion Bellatrix ADC VP read Boost,Dut,sendCommand,PASS,,Jul 9 2019 7:28:24.4500 PM,Jul 9 2019 7:28:24.4730 PM,.0234
97.Orion Bellatrix ADC VP read Boost,Dut,sendCommand,PASS,,Jul 9 2019 7:28:24.4750 PM,Jul 9 2019 7:28:24.4930 PM,.0175
97.Orion Bellatrix ADC VP read Boost,Dut,sendCommand,PASS,,Jul 9 2019 7:28:24.4950 PM,Jul 9 2019 7:28:24.5130 PM,.018
97.Orion Bellatrix ADC VP read Boost,Dut,sendCommand,PASS,,Jul 9 2019 7:28:24.5140 PM,Jul 9 2019 7:28:24.5330 PM,.0187
97.Orion Bellatrix ADC VP read Boost,Dut,sendCommand,PASS,,Jul 9 2019 7:28:24.5350 PM,Jul 9 2019 7:28:24.5530 PM,.0183
98.Orion output communications connection test,Dut,sendCommand,PASS,,Jul 9 2019 7:28:24.5590 PM,Jul 9 2019 7:28:24.5720 PM,.0129
98.Orion output communications connection test,Dut,sendCommand,PASS,,Jul 9 2019 7:28:24.5740 PM,Jul 9 2019 7:28:24.5870 PM,.013
98.Orion output communications connection test,Dut,sendCommand,PASS,,Jul 9 2019 7:28:24.5900 PM,Jul 9 2019 7:28:24.6130 PM,.0223
98.Orion output communications connection test,Dut,sendCommand,PASS,,Jul 9 2019 7:28:24.6150 PM,Jul 9 2019 7:28:24.6330 PM,.0184
98.Orion output communications connection test,Dut,sendCommand,PASS,,Jul 9 2019 7:28:24.6350 PM,Jul 9 2019 7:28:24.6530 PM,.0182
98.Orion output communications connection test,Dut,sendCommand,PASS,,Jul 9 2019 7:28:24.6550 PM,Jul 9 2019 7:28:24.6730 PM,.0178
98.Orion output communications connection test,Dut,sendCommand,PASS,,Jul 9 2019 7:28:24.6740 PM,Jul 9 2019 7:28:24.6980 PM,.0231
98.Orion output communications connection test,Dut,sendCommand,PASS,,Jul 9 2019 7:28:24.8230 PM,Jul 9 2019 7:28:24.8420 PM,.019
99.Orion output HS communcations connection test,Dut,sendCommand,PASS,,Jul 9 2019 7:28:24.8480 PM,Jul 9 2019 7:28:24.8670 PM,.0188
99.Orion output HS communcations connection test,Dut,sendCommand,PASS,,Jul 9 2019 7:28:24.8690 PM,Jul 9 2019 7:28:24.8840 PM,.0148
99.Orion output HS communcations connection test,rpcCall,RPCSendAndGet,PASS,,Jul 9 2019 7:28:24.8860 PM,Jul 9 2019 7:28:24.9150 PM,.0294
99.Orion output HS communcations connection test,rpcCall,RPCSendAndGet,PASS,,Jul 9 2019 7:28:24.9170 PM,Jul 9 2019 7:28:25.7260 PM,.8086
99.Orion output HS communcations connection test,rpcCall,RPCSendAndGet,PASS,,Jul 9 2019 7:28:25.7280 PM,Jul 9 2019 7:28:25.7840 PM,.0561
99.Orion output HS communcations connection test,rpcCall,RPCSendAndGet,PASS,,Jul 9 2019 7:28:25.7860 PM,Jul 9 2019 7:28:26.8370 PM,1.0513
99.Orion output HS communcations connection test,Dut,sendCommand,PASS,,Jul 9 2019 7:28:26.8390 PM,Jul 9 2019 7:28:26.8530 PM,.0147
99.Orion output HS communcations connection test,Dut,sendCommand,PASS,,Jul 9 2019 7:28:26.8570 PM,Jul 9 2019 7:28:26.8720 PM,.0155
99.Orion output HS communcations connection test,Dut,sendCommand,PASS,,Jul 9 2019 7:28:26.8750 PM,Jul 9 2019 7:28:26.8840 PM,.0089
99.Orion output HS communcations connection test,Dut,sendCommand,PASS,,Jul 9 2019 7:28:26.8860 PM,Jul 9 2019 7:28:26.9080 PM,.0217
99.Orion output HS communcations connection test,Dut,changeDelimiter,PASS,,Jul 9 2019 7:28:26.9110 PM,Jul 9 2019 7:28:26.9110 PM,.0001
99.Orion output HS communcations connection test,Dut,sendCommand,PASS,,Jul 9 2019 7:28:26.9130 PM,Jul 9 2019 7:28:26.9240 PM,.0107
99.Orion output HS communcations connection test,Dut,changeDelimiter,PASS,,Jul 9 2019 7:28:26.9260 PM,Jul 9 2019 7:28:26.9270 PM,.0001
99.Orion output HS communcations connection test,Dut,changeLineTerminator,PASS,,Jul 9 2019 7:28:26.9280 PM,Jul 9 2019 7:28:26.9280 PM,0
99.Orion output HS communcations connection test,rpcCall,RPCSendAndGet,PASS,,Jul 9 2019 7:28:26.9310 PM,Jul 9 2019 7:28:27.9480 PM,1.0177
99.Orion output HS communcations connection test,Dut,syncCmdResp,PASS,,Jul 9 2019 7:28:31.0180 PM,Jul 9 2019 7:28:31.0280 PM,.0098
99.Orion output HS communcations connection test,Dut,sendCommand,PASS,,Jul 9 2019 7:28:31.0310 PM,Jul 9 2019 7:28:31.0430 PM,.013
99.Orion output HS communcations connection test,Dut,sendCommand,PASS,,Jul 9 2019 7:28:31.0460 PM,Jul 9 2019 7:28:31.0580 PM,.0119
99.Orion output HS communcations connection test,Dut,sendCommand,PASS,,Jul 9 2019 7:28:31.0600 PM,Jul 9 2019 7:28:31.1030 PM,.0429
99.Orion output HS communcations connection test,Dut,sendCommand,PASS,,Jul 9 2019 7:28:31.1060 PM,Jul 9 2019 7:28:31.1480 PM,.0424
99.Orion output HS communcations connection test,Dut,sendCommand,PASS,,Jul 9 2019 7:28:31.1510 PM,Jul 9 2019 7:28:31.1630 PM,.0116
100.Orion Output Bellatrix State,rpcCall,RPCSendAndGet,PASS,,Jul 9 2019 7:28:31.1690 PM,Jul 9 2019 7:28:31.2160 PM,.0471
100.Orion Output Bellatrix State,rpcCall,RPCSendAndGet,PASS,,Jul 9 2019 7:28:31.2180 PM,Jul 9 2019 7:28:31.2720 PM,.0544
100.Orion Output Bellatrix State,rpcCall,RPCSendAndGet,PASS,,Jul 9 2019 7:28:31.2740 PM,Jul 9 2019 7:28:32.2790 PM,1.0047
100.Orion Output Bellatrix State,Dut,sendCommand,PASS,,Jul 9 2019 7:28:32.3990 PM,Jul 9 2019 7:28:32.4230 PM,.0242
100.Orion Output Bellatrix State,Dut,sendCommand,PASS,,Jul 9 2019 7:28:32.5490 PM,Jul 9 2019 7:28:32.5680 PM,.0187
101.Orion output communications test 330pF,rpcCall,RPCSendAndGet,PASS,,Jul 9 2019 7:28:32.5740 PM,Jul 9 2019 7:28:32.6070 PM,.0333
101.Orion output communications test 330pF,rpcCall,RPCSendAndGet,PASS,,Jul 9 2019 7:28:32.6090 PM,Jul 9 2019 7:28:32.6240 PM,.0148
101.Orion output communications test 330pF,Dut,sendCommand,PASS,,Jul 9 2019 7:28:32.6270 PM,Jul 9 2019 7:28:32.6370 PM,.0107
101.Orion output communications test 330pF,Dut,sendCommand,PASS,,Jul 9 2019 7:28:32.6390 PM,Jul 9 2019 7:28:32.6520 PM,.013
101.Orion output communications test 330pF,Dut,sendCommand,PASS,,Jul 9 2019 7:28:32.6550 PM,Jul 9 2019 7:28:32.6780 PM,.023
101.Orion output communications test 330pF,Dut,sendCommand,PASS,,Jul 9 2019 7:28:32.6800 PM,Jul 9 2019 7:28:32.6980 PM,.0177
101.Orion output communications test 330pF,Dut,sendCommand,PASS,,Jul 9 2019 7:28:32.6990 PM,Jul 9 2019 7:28:32.7180 PM,.0182
101.Orion output communications test 330pF,Dut,sendCommand,PASS,,Jul 9 2019 7:28:32.7200 PM,Jul 9 2019 7:28:32.7380 PM,.0173
101.Orion output communications test 330pF,Dut,sendCommand,PASS,,Jul 9 2019 7:28:32.7400 PM,Jul 9 2019 7:28:32.7630 PM,.0231
101.Orion output communications test 330pF,Dut,sendCommand,PASS,,Jul 9 2019 7:28:32.8890 PM,Jul 9 2019 7:28:32.9080 PM,.019
101.Orion output communications test 330pF,Dut,sendCommand,PASS,,Jul 9 2019 7:28:32.9110 PM,Jul 9 2019 7:28:32.9230 PM,.0118
101.Orion output communications test 330pF,Dut,sendCommand,PASS,,Jul 9 2019 7:28:32.9260 PM,Jul 9 2019 7:28:32.9380 PM,.0113
101.Orion output communications test 330pF,Dut,sendCommand,PASS,,Jul 9 2019 7:28:32.9390 PM,Jul 9 2019 7:28:32.9620 PM,.0228
101.Orion output communications test 330pF,Dut,sendCommand,PASS,,Jul 9 2019 7:28:32.9640 PM,Jul 9 2019 7:28:32.9830 PM,.0188
101.Orion output communications test 330pF,Dut,sendCommand,PASS,,Jul 9 2019 7:28:32.9860 PM,Jul 9 2019 7:28:33.0030 PM,.0177
101.Orion output communications test 330pF,Dut,sendCommand,PASS,,Jul 9 2019 7:28:33.0060 PM,Jul 9 2019 7:28:33.0240 PM,.0173
101.Orion output communications test 330pF,Dut,sendCommand,PASS,,Jul 9 2019 7:28:33.0270 PM,Jul 9 2019 7:28:33.0480 PM,.0215
101.Orion output communications test 330pF,Dut,sendCommand,PASS,,Jul 9 2019 7:28:33.1740 PM,Jul 9 2019 7:28:33.1930 PM,.019
102.Orion output HS communications test 330pF,Dut,sendCommand,PASS,,Jul 9 2019 7:28:33.2000 PM,Jul 9 2019 7:28:33.2180 PM,.0187
102.Orion output HS communications test 330pF,Dut,sendCommand,PASS,,Jul 9 2019 7:28:33.2210 PM,Jul 9 2019 7:28:33.2340 PM,.0129
102.Orion output HS communications test 330pF,rpcCall,RPCSendAndGet,PASS,,Jul 9 2019 7:28:33.2360 PM,Jul 9 2019 7:28:33.2800 PM,.0442
102.Orion output HS communications test 330pF,rpcCall,RPCSendAndGet,PASS,,Jul 9 2019 7:28:33.2820 PM,Jul 9 2019 7:28:34.0770 PM,.7949
102.Orion output HS communications test 330pF,rpcCall,RPCSendAndGet,PASS,,Jul 9 2019 7:28:34.0790 PM,Jul 9 2019 7:28:34.1450 PM,.0661
102.Orion output HS communications test 330pF,rpcCall,RPCSendAndGet,PASS,,Jul 9 2019 7:28:34.1470 PM,Jul 9 2019 7:28:35.2000 PM,1.0532
102.Orion output HS communications test 330pF,Dut,sendCommand,PASS,,Jul 9 2019 7:28:35.2020 PM,Jul 9 2019 7:28:35.2180 PM,.0161
102.Orion output HS communications test 330pF,Dut,sendCommand,PASS,,Jul 9 2019 7:28:35.2210 PM,Jul 9 2019 7:28:35.2330 PM,.012
102.Orion output HS communications test 330pF,Dut,sendCommand,PASS,,Jul 9 2019 7:28:35.2360 PM,Jul 9 2019 7:28:35.2440 PM,.0077
102.Orion output HS communications test 330pF,Dut,sendCommand,PASS,,Jul 9 2019 7:28:35.2460 PM,Jul 9 2019 7:28:35.2680 PM,.0215
102.Orion output HS communications test 330pF,Dut,changeDelimiter,PASS,,Jul 9 2019 7:28:35.2710 PM,Jul 9 2019 7:28:35.2710 PM,0
102.Orion output HS communications test 330pF,Dut,sendCommand,PASS,,Jul 9 2019 7:28:35.2730 PM,Jul 9 2019 7:28:35.2880 PM,.0152
102.Orion output HS communications test 330pF,Dut,changeDelimiter,PASS,,Jul 9 2019 7:28:35.2910 PM,Jul 9 2019 7:28:35.2910 PM,0
102.Orion output HS communications test 330pF,Dut,changeLineTerminator,PASS,,Jul 9 2019 7:28:35.2930 PM,Jul 9 2019 7:28:35.2930 PM,0
102.Orion output HS communications test 330pF,rpcCall,RPCSendAndGet,PASS,,Jul 9 2019 7:28:35.2950 PM,Jul 9 2019 7:28:36.3120 PM,1.0167
102.Orion output HS communications test 330pF,Dut,syncCmdResp,PASS,,Jul 9 2019 7:28:39.3840 PM,Jul 9 2019 7:28:39.3930 PM,.0094
102.Orion output HS communications test 330pF,Dut,sendCommand,PASS,,Jul 9 2019 7:28:39.3950 PM,Jul 9 2019 7:28:39.4080 PM,.0129
102.Orion output HS communications test 330pF,Dut,sendCommand,PASS,,Jul 9 2019 7:28:39.4110 PM,Jul 9 2019 7:28:39.4240 PM,.0128
102.Orion output HS communications test 330pF,Dut,sendCommand,PASS,,Jul 9 2019 7:28:39.4260 PM,Jul 9 2019 7:28:39.4680 PM,.0419
102.Orion output HS communications test 330pF,Dut,sendCommand,PASS,,Jul 9 2019 7:28:39.4710 PM,Jul 9 2019 7:28:39.5140 PM,.0428
102.Orion output HS communications test 330pF,Dut,sendCommand,PASS,,Jul 9 2019 7:28:39.5160 PM,Jul 9 2019 7:28:39.5280 PM,.0117
103.Orion Output Bellatrix State3,rpcCall,RPCSendAndGet,PASS,,Jul 9 2019 7:28:39.5350 PM,Jul 9 2019 7:28:39.5610 PM,.0258
103.Orion Output Bellatrix State3,rpcCall,RPCSendAndGet,PASS,,Jul 9 2019 7:28:39.5630 PM,Jul 9 2019 7:28:39.6180 PM,.0555
103.Orion Output Bellatrix State3,rpcCall,RPCSendAndGet,PASS,,Jul 9 2019 7:28:39.6200 PM,Jul 9 2019 7:28:40.6250 PM,1.0048
103.Orion Output Bellatrix State3,Dut,sendCommand,PASS,,Jul 9 2019 7:28:40.7440 PM,Jul 9 2019 7:28:40.7680 PM,.024
103.Orion Output Bellatrix State3,Dut,sendCommand,PASS,,Jul 9 2019 7:28:40.7710 PM,Jul 9 2019 7:28:40.7890 PM,.0181
104.Attach consumer mode,rpcCall,RPCSendAndGet,PASS,,Jul 9 2019 7:28:40.7950 PM,Jul 9 2019 7:28:40.8420 PM,.0463
104.Attach consumer mode,rpcCall,RPCSendAndGet,PASS,,Jul 9 2019 7:28:40.8440 PM,Jul 9 2019 7:28:40.8580 PM,.0141
104.Attach consumer mode,rpcCall,RPCSendAndGet,PASS,,Jul 9 2019 7:28:40.8600 PM,Jul 9 2019 7:28:40.9150 PM,.0548
104.Attach consumer mode,rpcCall,RPCSendAndGet,PASS,,Jul 9 2019 7:28:40.9170 PM,Jul 9 2019 7:28:40.9770 PM,.0605
104.Attach consumer mode,rpcCall,RPCSendAndGet,PASS,,Jul 9 2019 7:28:40.9790 PM,Jul 9 2019 7:28:41.0320 PM,.0525
104.Attach consumer mode,rpcCall,RPCSendAndGet,PASS,,Jul 9 2019 7:28:41.0340 PM,Jul 9 2019 7:28:41.0920 PM,.0587
104.Attach consumer mode,rpcCall,RPCSendAndGet,PASS,,Jul 9 2019 7:28:41.0950 PM,Jul 9 2019 7:28:41.1550 PM,.0608
104.Attach consumer mode,rpcCall,RPCSendAndGet,PASS,,Jul 9 2019 7:28:41.1570 PM,Jul 9 2019 7:28:42.2070 PM,1.0494
105.Orion input communications connection test,Dut,sendCommand,PASS,,Jul 9 2019 7:28:42.3380 PM,Jul 9 2019 7:28:42.3480 PM,.0102
105.Orion input communications connection test,Dut,sendCommand,PASS,,Jul 9 2019 7:28:42.3500 PM,Jul 9 2019 7:28:42.3640 PM,.0142
105.Orion input communications connection test,Dut,sendCommand,PASS,,Jul 9 2019 7:28:42.3670 PM,Jul 9 2019 7:28:42.3890 PM,.0221
105.Orion input communications connection test,Dut,sendCommand,PASS,,Jul 9 2019 7:28:42.3910 PM,Jul 9 2019 7:28:42.4090 PM,.0175
105.Orion input communications connection test,Dut,sendCommand,PASS,,Jul 9 2019 7:28:42.4110 PM,Jul 9 2019 7:28:42.4290 PM,.0178
105.Orion input communications connection test,Dut,sendCommand,PASS,,Jul 9 2019 7:28:42.4310 PM,Jul 9 2019 7:28:42.4490 PM,.0183
105.Orion input communications connection test,Dut,sendCommand,PASS,,Jul 9 2019 7:28:42.4510 PM,Jul 9 2019 7:28:42.4740 PM,.0232
105.Orion input communications connection test,Dut,sendCommand,PASS,,Jul 9 2019 7:28:42.5940 PM,Jul 9 2019 7:28:42.6140 PM,.0195
"106.Orion Input mode voltage w/o Charge(mV)[4000,6000]",rpcCall,RPCSendAndGet,PASS,,Jul 9 2019 7:28:42.6200 PM,Jul 9 2019 7:28:42.7190 PM,.099
"106.Orion Input mode voltage w/o Charge(mV)[4000,6000]",rpcCall,RPCSendAndGet,PASS,,Jul 9 2019 7:28:42.7210 PM,Jul 9 2019 7:28:43.4380 PM,.7166
"106.Orion Input mode voltage w/o Charge(mV)[4000,6000]",Dut,sendCommand,PASS,,Jul 9 2019 7:28:43.5660 PM,Jul 9 2019 7:28:43.5850 PM,.0187
107.Orion Input Bellatrix State,Dut,sendCommand,PASS,,Jul 9 2019 7:28:43.5900 PM,Jul 9 2019 7:28:43.6140 PM,.0237
107.Orion Input Bellatrix State,Dut,sendCommand,PASS,,Jul 9 2019 7:28:43.6160 PM,Jul 9 2019 7:28:43.6340 PM,.0178
108.Orion @5V Input mode current,Dut,sendCommand,PASS,,Jul 9 2019 7:28:43.6380 PM,Jul 9 2019 7:28:43.6500 PM,.0119
108.Orion @5V Input mode current,Dut,sendCommand,PASS,,Jul 9 2019 7:28:43.6530 PM,Jul 9 2019 7:28:43.6790 PM,.0261
108.Orion @5V Input mode current,Dut,sendCommand,PASS,,Jul 9 2019 7:28:43.6810 PM,Jul 9 2019 7:28:43.8090 PM,.1281
108.Orion @5V Input mode current,rpcCall,RPCSendAndGet,PASS,,Jul 9 2019 7:28:43.8110 PM,Jul 9 2019 7:28:43.9010 PM,.0904
108.Orion @5V Input mode current,rpcCall,RPCSendAndGet,PASS,,Jul 9 2019 7:28:43.9030 PM,Jul 9 2019 7:28:44.6250 PM,.722
"109.Orion Input Mode Voltage w/o Charger(mV)[8000,10000]",Dut,sendCommand,PASS,,Jul 9 2019 7:28:44.6300 PM,Jul 9 2019 7:28:44.7640 PM,.1338
"109.Orion Input Mode Voltage w/o Charger(mV)[8000,10000]",Dut,sendCommand,PASS,,Jul 9 2019 7:28:44.7660 PM,Jul 9 2019 7:28:44.7800 PM,.0141
"109.Orion Input Mode Voltage w/o Charger(mV)[8000,10000]",Dut,sendCommand,PASS,,Jul 9 2019 7:28:44.7830 PM,Jul 9 2019 7:28:44.8090 PM,.0258
"109.Orion Input Mode Voltage w/o Charger(mV)[8000,10000]",rpcCall,RPCSendAndGet,PASS,,Jul 9 2019 7:28:44.8110 PM,Jul 9 2019 7:28:44.8560 PM,.0453
"109.Orion Input Mode Voltage w/o Charger(mV)[8000,10000]",rpcCall,RPCSendAndGet,PASS,,Jul 9 2019 7:28:44.8590 PM,Jul 9 2019 7:28:44.9660 PM,.1074
"109.Orion Input Mode Voltage w/o Charger(mV)[8000,10000]",rpcCall,RPCSendAndGet,PASS,,Jul 9 2019 7:28:44.9680 PM,Jul 9 2019 7:28:45.7390 PM,.7712
110.Orion @9V Input mode current,Dut,sendCommand,PASS,,Jul 9 2019 7:28:45.7440 PM,Jul 9 2019 7:28:45.7550 PM,.0104
110.Orion @9V Input mode current,rpcCall,RPCSendAndGet,PASS,,Jul 9 2019 7:28:45.7570 PM,Jul 9 2019 7:28:45.8400 PM,.0828
110.Orion @9V Input mode current,rpcCall,RPCSendAndGet,PASS,,Jul 9 2019 7:28:45.8410 PM,Jul 9 2019 7:28:46.5680 PM,.7263
110.Orion @9V Input mode current,Dut,sendCommand,PASS,,Jul 9 2019 7:28:46.6870 PM,Jul 9 2019 7:28:46.8190 PM,.132
111.Orion Bellatrix ADC ACCPWR read,Dut,sendCommand,PASS,,Jul 9 2019 7:28:46.8250 PM,Jul 9 2019 7:28:46.8440 PM,.0189
111.Orion Bellatrix ADC ACCPWR read,Dut,sendCommand,PASS,,Jul 9 2019 7:28:46.8460 PM,Jul 9 2019 7:28:46.8650 PM,.0193
111.Orion Bellatrix ADC ACCPWR read,Dut,sendCommand,PASS,,Jul 9 2019 7:28:46.8670 PM,Jul 9 2019 7:28:46.8860 PM,.0181
112.Orion Bellatrix Ext VBUS read,Dut,sendCommand,PASS,,Jul 9 2019 7:28:46.8920 PM,Jul 9 2019 7:28:46.9090 PM,.0169
112.Orion Bellatrix Ext VBUS read,Dut,sendCommand,PASS,,Jul 9 2019 7:28:46.9110 PM,Jul 9 2019 7:28:46.9300 PM,.0186
112.Orion Bellatrix Ext VBUS read,Dut,sendCommand,PASS,,Jul 9 2019 7:28:46.9320 PM,Jul 9 2019 7:28:46.9500 PM,.0186
113.Bellatrix HW reset,Dut,sendCommand,PASS,,Jul 9 2019 7:28:46.9560 PM,Jul 9 2019 7:28:46.9690 PM,.0124
113.Bellatrix HW reset,Dut,sendCommand,PASS,,Jul 9 2019 7:28:46.9710 PM,Jul 9 2019 7:28:46.9850 PM,.0142
113.Bellatrix HW reset,Dut,sendCommand,PASS,,Jul 9 2019 7:28:46.9870 PM,Jul 9 2019 7:28:47.0100 PM,.0229
113.Bellatrix HW reset,Dut,sendCommand,PASS,,Jul 9 2019 7:28:47.0120 PM,Jul 9 2019 7:28:47.0300 PM,.0179
113.Bellatrix HW reset,Dut,sendCommand,PASS,,Jul 9 2019 7:28:47.0320 PM,Jul 9 2019 7:28:47.0500 PM,.0182
113.Bellatrix HW reset,Dut,sendCommand,PASS,,Jul 9 2019 7:28:47.0550 PM,Jul 9 2019 7:28:47.0750 PM,.0199
113.Bellatrix HW reset,Dut,sendCommand,PASS,,Jul 9 2019 7:28:47.0760 PM,Jul 9 2019 7:28:47.1000 PM,.0231
113.Bellatrix HW reset,Dut,sendCommand,PASS,,Jul 9 2019 7:28:47.1010 PM,Jul 9 2019 7:28:47.1200 PM,.0185
114.Orion input HS communications connection test,Dut,sendCommand,PASS,,Jul 9 2019 7:28:47.1250 PM,Jul 9 2019 7:28:47.1400 PM,.0155
114.Orion input HS communications connection test,Dut,sendCommand,PASS,,Jul 9 2019 7:28:47.1420 PM,Jul 9 2019 7:28:47.1550 PM,.0129
114.Orion input HS communications connection test,rpcCall,RPCSendAndGet,PASS,,Jul 9 2019 7:28:47.1580 PM,Jul 9 2019 7:28:47.1990 PM,.041
114.Orion input HS communications connection test,rpcCall,RPCSendAndGet,PASS,,Jul 9 2019 7:28:47.2010 PM,Jul 9 2019 7:28:47.9840 PM,.7835
114.Orion input HS communications connection test,rpcCall,RPCSendAndGet,PASS,,Jul 9 2019 7:28:47.9860 PM,Jul 9 2019 7:28:48.0520 PM,.0658
114.Orion input HS communications connection test,rpcCall,RPCSendAndGet,PASS,,Jul 9 2019 7:28:48.0550 PM,Jul 9 2019 7:28:49.0590 PM,1.0048
114.Orion input HS communications connection test,Dut,sendCommand,PASS,,Jul 9 2019 7:28:49.0610 PM,Jul 9 2019 7:28:49.0750 PM,.0139
114.Orion input HS communications connection test,Dut,sendCommand,PASS,,Jul 9 2019 7:28:49.0770 PM,Jul 9 2019 7:28:49.0910 PM,.0138
114.Orion input HS communications connection test,Dut,sendCommand,PASS,,Jul 9 2019 7:28:49.0940 PM,Jul 9 2019 7:28:49.1060 PM,.0119
114.Orion input HS communications connection test,Dut,sendCommand,PASS,,Jul 9 2019 7:28:49.1080 PM,Jul 9 2019 7:28:49.1300 PM,.0222
114.Orion input HS communications connection test,Dut,changeDelimiter,PASS,,Jul 9 2019 7:28:49.1330 PM,Jul 9 2019 7:28:49.1330 PM,0
114.Orion input HS communications connection test,Dut,sendCommand,PASS,,Jul 9 2019 7:28:49.1350 PM,Jul 9 2019 7:28:49.1460 PM,.0105
114.Orion input HS communications connection test,Dut,changeDelimiter,PASS,,Jul 9 2019 7:28:49.1490 PM,Jul 9 2019 7:28:49.1490 PM,0
114.Orion input HS communications connection test,Dut,changeLineTerminator,PASS,,Jul 9 2019 7:28:49.1510 PM,Jul 9 2019 7:28:49.1510 PM,0
114.Orion input HS communications connection test,rpcCall,RPCSendAndGet,PASS,,Jul 9 2019 7:28:49.1530 PM,Jul 9 2019 7:28:50.1710 PM,1.018
114.Orion input HS communications connection test,Dut,syncCmdResp,PASS,,Jul 9 2019 7:28:53.2410 PM,Jul 9 2019 7:28:53.2520 PM,.0114
114.Orion input HS communications connection test,Dut,sendCommand,PASS,,Jul 9 2019 7:28:53.2550 PM,Jul 9 2019 7:28:53.2680 PM,.0128
114.Orion input HS communications connection test,Dut,sendCommand,PASS,,Jul 9 2019 7:28:53.2710 PM,Jul 9 2019 7:28:53.2830 PM,.0121
114.Orion input HS communications connection test,Dut,sendCommand,PASS,,Jul 9 2019 7:28:53.2850 PM,Jul 9 2019 7:28:53.3270 PM,.042
114.Orion input HS communications connection test,Dut,sendCommand,PASS,,Jul 9 2019 7:28:53.3290 PM,Jul 9 2019 7:28:53.3730 PM,.044
114.Orion input HS communications connection test,Dut,sendCommand,PASS,,Jul 9 2019 7:28:53.3760 PM,Jul 9 2019 7:28:53.3870 PM,.0114
115.Transition from HSAID to AID Mode,rpcCall,RPCSendAndGet,PASS,,Jul 9 2019 7:28:53.3930 PM,Jul 9 2019 7:28:53.4170 PM,.0239
115.Transition from HSAID to AID Mode,rpcCall,RPCSendAndGet,PASS,,Jul 9 2019 7:28:53.4190 PM,Jul 9 2019 7:28:53.4660 PM,.0471
115.Transition from HSAID to AID Mode,rpcCall,RPCSendAndGet,PASS,,Jul 9 2019 7:28:53.4680 PM,Jul 9 2019 7:28:54.4730 PM,1.0049
115.Transition from HSAID to AID Mode,Dut,sendCommand,PASS,,Jul 9 2019 7:28:54.5920 PM,Jul 9 2019 7:28:54.6020 PM,.0101
115.Transition from HSAID to AID Mode,Dut,sendCommand,PASS,,Jul 9 2019 7:28:54.6050 PM,Jul 9 2019 7:28:54.6170 PM,.0127
115.Transition from HSAID to AID Mode,Dut,sendCommand,PASS,,Jul 9 2019 7:28:54.6200 PM,Jul 9 2019 7:28:54.6430 PM,.0231
115.Transition from HSAID to AID Mode,Dut,sendCommand,PASS,,Jul 9 2019 7:28:54.6460 PM,Jul 9 2019 7:28:54.6630 PM,.0174
115.Transition from HSAID to AID Mode,Dut,sendCommand,PASS,,Jul 9 2019 7:28:54.6660 PM,Jul 9 2019 7:28:54.6830 PM,.0169
115.Transition from HSAID to AID Mode,Dut,sendCommand,PASS,,Jul 9 2019 7:28:54.6850 PM,Jul 9 2019 7:28:54.7040 PM,.0183
115.Transition from HSAID to AID Mode,Dut,sendCommand,PASS,,Jul 9 2019 7:28:54.7060 PM,Jul 9 2019 7:28:54.7280 PM,.0214
115.Transition from HSAID to AID Mode,Dut,sendCommand,PASS,,Jul 9 2019 7:28:54.7300 PM,Jul 9 2019 7:28:54.7480 PM,.0178
116.Orion input communications test 330pF,rpcCall,RPCSendAndGet,PASS,,Jul 9 2019 7:28:54.7540 PM,Jul 9 2019 7:28:54.7810 PM,.0268
116.Orion input communications test 330pF,rpcCall,RPCSendAndGet,PASS,,Jul 9 2019 7:28:54.7830 PM,Jul 9 2019 7:28:54.8400 PM,.0568
116.Orion input communications test 330pF,Dut,sendCommand,PASS,,Jul 9 2019 7:28:54.8430 PM,Jul 9 2019 7:28:54.8520 PM,.0098
116.Orion input communications test 330pF,Dut,sendCommand,PASS,,Jul 9 2019 7:28:54.8560 PM,Jul 9 2019 7:28:54.8670 PM,.0112
116.Orion input communications test 330pF,Dut,sendCommand,PASS,,Jul 9 2019 7:28:54.8690 PM,Jul 9 2019 7:28:54.8920 PM,.0232
116.Orion input communications test 330pF,Dut,sendCommand,PASS,,Jul 9 2019 7:28:54.8940 PM,Jul 9 2019 7:28:54.9130 PM,.0184
116.Orion input communications test 330pF,Dut,sendCommand,PASS,,Jul 9 2019 7:28:54.9150 PM,Jul 9 2019 7:28:54.9320 PM,.0178
116.Orion input communications test 330pF,Dut,sendCommand,PASS,,Jul 9 2019 7:28:54.9350 PM,Jul 9 2019 7:28:54.9520 PM,.0172
116.Orion input communications test 330pF,Dut,sendCommand,PASS,,Jul 9 2019 7:28:54.9540 PM,Jul 9 2019 7:28:54.9770 PM,.0228
116.Orion input communications test 330pF,Dut,sendCommand,PASS,,Jul 9 2019 7:28:54.9790 PM,Jul 9 2019 7:28:54.9970 PM,.0183
117.Orion input HS communications test 330pF,Dut,sendCommand,PASS,,Jul 9 2019 7:28:55.0020 PM,Jul 9 2019 7:28:55.0220 PM,.0196
117.Orion input HS communications test 330pF,Dut,sendCommand,PASS,,Jul 9 2019 7:28:55.0240 PM,Jul 9 2019 7:28:55.0380 PM,.0139
117.Orion input HS communications test 330pF,rpcCall,RPCSendAndGet,PASS,,Jul 9 2019 7:28:55.0400 PM,Jul 9 2019 7:28:55.0650 PM,.0256
117.Orion input HS communications test 330pF,rpcCall,RPCSendAndGet,PASS,,Jul 9 2019 7:28:55.0670 PM,Jul 9 2019 7:28:55.8710 PM,.8035
117.Orion input HS communications test 330pF,rpcCall,RPCSendAndGet,PASS,,Jul 9 2019 7:28:55.8730 PM,Jul 9 2019 7:28:55.9360 PM,.0632
117.Orion input HS communications test 330pF,rpcCall,RPCSendAndGet,PASS,,Jul 9 2019 7:28:55.9380 PM,Jul 9 2019 7:28:56.9430 PM,1.0048
117.Orion input HS communications test 330pF,Dut,sendCommand,PASS,,Jul 9 2019 7:28:56.9450 PM,Jul 9 2019 7:28:56.9570 PM,.0128
117.Orion input HS communications test 330pF,Dut,sendCommand,PASS,,Jul 9 2019 7:28:56.9590 PM,Jul 9 2019 7:28:56.9720 PM,.0129
117.Orion input HS communications test 330pF,Dut,sendCommand,PASS,,Jul 9 2019 7:28:56.9750 PM,Jul 9 2019 7:28:56.9830 PM,.0082
117.Orion input HS communications test 330pF,Dut,sendCommand,PASS,,Jul 9 2019 7:28:56.9850 PM,Jul 9 2019 7:28:57.0080 PM,.0228
117.Orion input HS communications test 330pF,Dut,changeDelimiter,PASS,,Jul 9 2019 7:28:57.0100 PM,Jul 9 2019 7:28:57.0100 PM,0
117.Orion input HS communications test 330pF,Dut,sendCommand,PASS,,Jul 9 2019 7:28:57.0120 PM,Jul 9 2019 7:28:57.0230 PM,.0103
117.Orion input HS communications test 330pF,Dut,changeDelimiter,PASS,,Jul 9 2019 7:28:57.0250 PM,Jul 9 2019 7:28:57.0250 PM,0
117.Orion input HS communications test 330pF,Dut,changeLineTerminator,PASS,,Jul 9 2019 7:28:57.0270 PM,Jul 9 2019 7:28:57.0270 PM,0
117.Orion input HS communications test 330pF,rpcCall,RPCSendAndGet,PASS,,Jul 9 2019 7:28:57.0280 PM,Jul 9 2019 7:28:58.0530 PM,1.0252
117.Orion input HS communications test 330pF,Dut,syncCmdResp,PASS,,Jul 9 2019 7:29:01.1270 PM,Jul 9 2019 7:29:01.1380 PM,.0105
117.Orion input HS communications test 330pF,Dut,sendCommand,PASS,,Jul 9 2019 7:29:01.1400 PM,Jul 9 2019 7:29:01.1530 PM,.0127
117.Orion input HS communications test 330pF,Dut,sendCommand,PASS,,Jul 9 2019 7:29:01.1540 PM,Jul 9 2019 7:29:01.1670 PM,.0128
117.Orion input HS communications test 330pF,Dut,sendCommand,PASS,,Jul 9 2019 7:29:01.1690 PM,Jul 9 2019 7:29:01.2090 PM,.0396
117.Orion input HS communications test 330pF,Dut,sendCommand,PASS,,Jul 9 2019 7:29:01.2110 PM,Jul 9 2019 7:29:01.2530 PM,.0423
117.Orion input HS communications test 330pF,Dut,sendCommand,PASS,,Jul 9 2019 7:29:01.2560 PM,Jul 9 2019 7:29:01.2670 PM,.0115
118.Orion Input Bellatrix State2,rpcCall,RPCSendAndGet,PASS,,Jul 9 2019 7:29:01.2740 PM,Jul 9 2019 7:29:01.2940 PM,.0206
118.Orion Input Bellatrix State2,rpcCall,RPCSendAndGet,PASS,,Jul 9 2019 7:29:01.2960 PM,Jul 9 2019 7:29:01.3510 PM,.0554
118.Orion Input Bellatrix State2,rpcCall,RPCSendAndGet,PASS,,Jul 9 2019 7:29:01.3530 PM,Jul 9 2019 7:29:02.4000 PM,1.047
118.Orion Input Bellatrix State2,Dut,sendCommand,PASS,,Jul 9 2019 7:29:02.5280 PM,Jul 9 2019 7:29:02.5520 PM,.024
118.Orion Input Bellatrix State2,Dut,sendCommand,PASS,,Jul 9 2019 7:29:02.5550 PM,Jul 9 2019 7:29:02.5730 PM,.0185
118.Orion Input Bellatrix State2,Dut,sendCommand,PASS,,Jul 9 2019 7:29:02.5770 PM,Jul 9 2019 7:29:02.7180 PM,.1415
118.Orion Input Bellatrix State2,rpcCall,RPCSendAndGet,PASS,,Jul 9 2019 7:29:02.7210 PM,Jul 9 2019 7:29:02.7780 PM,.0565
118.Orion Input Bellatrix State2,rpcCall,RPCSendAndGet,PASS,,Jul 9 2019 7:29:02.7800 PM,Jul 9 2019 7:29:02.8350 PM,.0556
118.Orion Input Bellatrix State2,rpcCall,RPCSendAndGet,PASS,,Jul 9 2019 7:29:02.8370 PM,Jul 9 2019 7:29:02.8960 PM,.0591
119.Stop the OAB3F FW,rpcCall,RPCSendAndGet,PASS,,Jul 9 2019 7:29:02.9010 PM,Jul 9 2019 7:29:02.9510 PM,.0502
120.Reset MCU,Dut,sendCommand,PASS,,Jul 9 2019 7:29:02.9550 PM,Jul 9 2019 7:29:02.9670 PM,.0123
120.Reset MCU,Dut,sendCommand,PASS,,Jul 9 2019 7:29:02.9700 PM,Jul 9 2019 7:29:03.5200 PM,.55
120.Reset MCU,Dut,sendCommand,PASS,,Jul 9 2019 7:29:03.5330 PM,Jul 9 2019 7:29:03.5440 PM,.0108
121.Check TX MCU FW,Dut,sendCommand,PASS,,Jul 9 2019 7:29:03.5490 PM,Jul 9 2019 7:29:03.5590 PM,.0096
121.Check TX MCU FW,Dut,sendCommand,PASS,,Jul 9 2019 7:29:03.5690 PM,Jul 9 2019 7:29:04.1530 PM,.5846
122.Tx HW ID Check,Dut,sendCommand,PASS,,Jul 9 2019 7:29:04.1590 PM,Jul 9 2019 7:29:04.7540 PM,.5955
122.Tx HW ID Check,Dut,sendCommand,PASS,,Jul 9 2019 7:29:04.7570 PM,Jul 9 2019 7:29:05.3400 PM,.5834
123.Flex Connectivity Check,Dut,sendCommand,PASS,,Jul 9 2019 7:29:05.3460 PM,Jul 9 2019 7:29:05.9090 PM,.563
124.GPIO_KONA_S_TO_SCORPIUS_TIME_SYNC,Dut,sendCommand,PASS,,Jul 9 2019 7:29:05.9130 PM,Jul 9 2019 7:29:06.4950 PM,.5818
124.GPIO_KONA_S_TO_SCORPIUS_TIME_SYNC,Dut,sendCommand,PASS,,Jul 9 2019 7:29:06.5010 PM,Jul 9 2019 7:29:06.5130 PM,.0125
124.GPIO_KONA_S_TO_SCORPIUS_TIME_SYNC,Dut,sendCommand,PASS,,Jul 9 2019 7:29:06.5150 PM,Jul 9 2019 7:29:07.0950 PM,.5799
124.GPIO_KONA_S_TO_SCORPIUS_TIME_SYNC,Dut,sendCommand,PASS,,Jul 9 2019 7:29:07.1000 PM,Jul 9 2019 7:29:07.1090 PM,.0092
125.GPIO_BB_TO_SCORPIUS_TX_IND,Dut,sendCommand,PASS,,Jul 9 2019 7:29:07.1140 PM,Jul 9 2019 7:29:07.6940 PM,.5795
125.GPIO_BB_TO_SCORPIUS_TX_IND,Dut,sendCommand,PASS,,Jul 9 2019 7:29:07.6980 PM,Jul 9 2019 7:29:11.8690 PM,4.1704
125.GPIO_BB_TO_SCORPIUS_TX_IND,Dut,sendCommand,PASS,,Jul 9 2019 7:29:11.8710 PM,Jul 9 2019 7:29:13.4790 PM,1.6078
125.GPIO_BB_TO_SCORPIUS_TX_IND,Dut,sendCommand,PASS,,Jul 9 2019 7:29:14.5480 PM,Jul 9 2019 7:29:14.6090 PM,.0611
125.GPIO_BB_TO_SCORPIUS_TX_IND,Dut,sendCommand,PASS,,Jul 9 2019 7:29:14.6110 PM,Jul 9 2019 7:29:15.1890 PM,.5781
125.GPIO_BB_TO_SCORPIUS_TX_IND,Dut,sendCommand,PASS,,Jul 9 2019 7:29:15.1950 PM,Jul 9 2019 7:29:15.2140 PM,.0187
125.GPIO_BB_TO_SCORPIUS_TX_IND,Dut,sendCommand,PASS,,Jul 9 2019 7:29:15.2160 PM,Jul 9 2019 7:29:15.3440 PM,.1279
125.GPIO_BB_TO_SCORPIUS_TX_IND,Dut,sendCommand,PASS,,Jul 9 2019 7:29:15.3460 PM,Jul 9 2019 7:29:15.3940 PM,.0476
126.GPIO_BT_TO_SCORPIUS_TX_IND,Dut,sendCommand,PASS,,Jul 9 2019 7:29:15.4010 PM,Jul 9 2019 7:29:16.9140 PM,1.5135
126.GPIO_BT_TO_SCORPIUS_TX_IND,Dut,sendCommand,PASS,,Jul 9 2019 7:29:16.9170 PM,Jul 9 2019 7:29:17.5650 PM,.648
126.GPIO_BT_TO_SCORPIUS_TX_IND,Dut,sendCommand,PASS,,Jul 9 2019 7:29:17.5680 PM,Jul 9 2019 7:29:18.1500 PM,.5823
126.GPIO_BT_TO_SCORPIUS_TX_IND,Dut,sendCommand,PASS,,Jul 9 2019 7:29:18.1570 PM,Jul 9 2019 7:29:18.1990 PM,.0428
126.GPIO_BT_TO_SCORPIUS_TX_IND,Dut,sendCommand,PASS,,Jul 9 2019 7:29:18.2020 PM,Jul 9 2019 7:29:18.2390 PM,.0373
126.GPIO_BT_TO_SCORPIUS_TX_IND,Dut,sendCommand,PASS,,Jul 9 2019 7:29:18.2420 PM,Jul 9 2019 7:29:18.8200 PM,.5787
126.GPIO_BT_TO_SCORPIUS_TX_IND,Dut,sendCommand,PASS,,Jul 9 2019 7:29:18.8250 PM,Jul 9 2019 7:29:18.8590 PM,.0338
126.GPIO_BT_TO_SCORPIUS_TX_IND,Dut,sendCommand,PASS,,Jul 9 2019 7:29:18.8620 PM,Jul 9 2019 7:29:18.8990 PM,.0374
127.GPIO_WLAN_TO_SCORPIUS_TX_IND,Dut,sendCommand,PASS,,Jul 9 2019 7:29:18.9050 PM,Jul 9 2019 7:29:19.4850 PM,.5806
127.GPIO_WLAN_TO_SCORPIUS_TX_IND,Dut,sendCommand,PASS,,Jul 9 2019 7:29:19.4910 PM,Jul 9 2019 7:29:19.5040 PM,.0127
127.GPIO_WLAN_TO_SCORPIUS_TX_IND,Dut,sendCommand,PASS,,Jul 9 2019 7:29:19.5060 PM,Jul 9 2019 7:29:19.5190 PM,.0126
127.GPIO_WLAN_TO_SCORPIUS_TX_IND,Dut,sendCommand,PASS,,Jul 9 2019 7:29:19.5220 PM,Jul 9 2019 7:29:19.5340 PM,.0125
127.GPIO_WLAN_TO_SCORPIUS_TX_IND,Dut,sendCommand,PASS,,Jul 9 2019 7:29:19.5370 PM,Jul 9 2019 7:29:19.5490 PM,.012
127.GPIO_WLAN_TO_SCORPIUS_TX_IND,Dut,sendCommand,PASS,,Jul 9 2019 7:29:19.5520 PM,Jul 9 2019 7:29:20.1350 PM,.583
127.GPIO_WLAN_TO_SCORPIUS_TX_IND,Dut,sendCommand,PASS,,Jul 9 2019 7:29:20.1410 PM,Jul 9 2019 7:29:20.1540 PM,.013
128.GPIO_SCORPIUS_TO_AOP_IRQ,Dut,sendCommand,PASS,,Jul 9 2019 7:29:20.1590 PM,Jul 9 2019 7:29:20.7200 PM,.5611
128.GPIO_SCORPIUS_TO_AOP_IRQ,Dut,sendCommand,PASS,,Jul 9 2019 7:29:20.7230 PM,Jul 9 2019 7:29:20.7350 PM,.0116
128.GPIO_SCORPIUS_TO_AOP_IRQ,Dut,sendCommand,PASS,,Jul 9 2019 7:29:20.7380 PM,Jul 9 2019 7:29:21.2950 PM,.5573
128.GPIO_SCORPIUS_TO_AOP_IRQ,Dut,sendCommand,PASS,,Jul 9 2019 7:29:21.2980 PM,Jul 9 2019 7:29:21.3100 PM,.0118
128.GPIO_SCORPIUS_TO_AOP_IRQ,Dut,sendCommand,PASS,,Jul 9 2019 7:29:21.3140 PM,Jul 9 2019 7:29:21.8710 PM,.5571
128.GPIO_SCORPIUS_TO_AOP_IRQ,Dut,sendCommand,PASS,,Jul 9 2019 7:29:21.8730 PM,Jul 9 2019 7:29:21.8850 PM,.0115
129.Calibrate LPP free-air parameters,Dut,sendCommand,PASS,,Jul 9 2019 7:29:21.8920 PM,Jul 9 2019 7:29:22.4540 PM,.5626
129.Calibrate LPP free-air parameters,Dut,sendCommand,PASS,,Jul 9 2019 7:29:22.4570 PM,Jul 9 2019 7:29:23.0090 PM,.5516
130.LPP free-air calibrated float frequency,Dut,sendCommand,PASS,,Jul 9 2019 7:29:23.1000 PM,Jul 9 2019 7:29:23.7100 PM,.6101
133.Set LPP free-air NVRAM entry ID,Dut,sendCommand,PASS,,Jul 9 2019 7:29:23.7400 PM,Jul 9 2019 7:29:24.3000 PM,.56
134.Write calibration data into NVRAM,Dut,sendCommand,PASS,,Jul 9 2019 7:29:24.4530 PM,Jul 9 2019 7:29:25.0590 PM,.6059
135.Scorpius DAC Vboost Calibration,Dut,sendCommand,PASS,,Jul 9 2019 7:29:25.3370 PM,Jul 9 2019 7:29:25.9010 PM,.564
135.Scorpius DAC Vboost Calibration,Dut,sendCommand,PASS,,Jul 9 2019 7:29:25.9030 PM,Jul 9 2019 7:29:26.4660 PM,.5623
135.Scorpius DAC Vboost Calibration,Dut,sendCommand,PASS,,Jul 9 2019 7:29:26.4690 PM,Jul 9 2019 7:29:27.0310 PM,.562
135.Scorpius DAC Vboost Calibration,Dut,sendCommand,PASS,,Jul 9 2019 7:29:27.1660 PM,Jul 9 2019 7:29:27.7270 PM,.5608
135.Scorpius DAC Vboost Calibration,Dut,sendCommand,PASS,,Jul 9 2019 7:29:27.7300 PM,Jul 9 2019 7:29:28.3110 PM,.5809
135.Scorpius DAC Vboost Calibration,Dut,sendCommand,PASS,,Jul 9 2019 7:29:28.3140 PM,Jul 9 2019 7:29:28.3260 PM,.0119
135.Scorpius DAC Vboost Calibration,Dut,sendCommand,PASS,,Jul 9 2019 7:29:28.3290 PM,Jul 9 2019 7:29:28.8760 PM,.5474
135.Scorpius DAC Vboost Calibration,Dut,sendCommand,PASS,,Jul 9 2019 7:29:28.8900 PM,Jul 9 2019 7:29:28.9010 PM,.0107
135.Scorpius DAC Vboost Calibration,Dut,sendCommand,PASS,,Jul 9 2019 7:29:28.9040 PM,Jul 9 2019 7:29:29.4660 PM,.5618
135.Scorpius DAC Vboost Calibration,Dut,sendCommand,PASS,,Jul 9 2019 7:29:29.4680 PM,Jul 9 2019 7:29:30.0360 PM,.568
135.Scorpius DAC Vboost Calibration,Dut,sendCommand,PASS,,Jul 9 2019 7:29:30.0390 PM,Jul 9 2019 7:29:30.5970 PM,.5579
135.Scorpius DAC Vboost Calibration,Dut,sendCommand,PASS,,Jul 9 2019 7:29:30.6000 PM,Jul 9 2019 7:29:31.1560 PM,.5567
135.Scorpius DAC Vboost Calibration,Dut,sendCommand,PASS,,Jul 9 2019 7:29:31.1590 PM,Jul 9 2019 7:29:33.6700 PM,2.5108
135.Scorpius DAC Vboost Calibration,Dut,sendCommand,PASS,,Jul 9 2019 7:29:33.6720 PM,Jul 9 2019 7:29:34.3170 PM,.645
135.Scorpius DAC Vboost Calibration,Dut,sendCommand,PASS,,Jul 9 2019 7:29:34.3210 PM,Jul 9 2019 7:29:34.8770 PM,.556
135.Scorpius DAC Vboost Calibration,Dut,sendCommand,PASS,,Jul 9 2019 7:29:34.8800 PM,Jul 9 2019 7:29:35.4370 PM,.5572
135.Scorpius DAC Vboost Calibration,Dut,sendCommand,PASS,,Jul 9 2019 7:29:35.4400 PM,Jul 9 2019 7:29:37.9500 PM,2.5105
135.Scorpius DAC Vboost Calibration,Dut,sendCommand,PASS,,Jul 9 2019 7:29:37.9530 PM,Jul 9 2019 7:29:38.5970 PM,.6438
135.Scorpius DAC Vboost Calibration,Dut,sendCommand,PASS,,Jul 9 2019 7:29:38.6020 PM,Jul 9 2019 7:29:39.1620 PM,.56
135.Scorpius DAC Vboost Calibration,Dut,sendCommand,PASS,,Jul 9 2019 7:29:39.1640 PM,Jul 9 2019 7:29:39.7470 PM,.5829
135.Scorpius DAC Vboost Calibration,Dut,sendCommand,PASS,,Jul 9 2019 7:29:39.7500 PM,Jul 9 2019 7:29:40.3420 PM,.5921
135.Scorpius DAC Vboost Calibration,Dut,sendCommand,PASS,,Jul 9 2019 7:29:40.4720 PM,Jul 9 2019 7:29:41.0320 PM,.5601
135.Scorpius DAC Vboost Calibration,Dut,sendCommand,PASS,,Jul 9 2019 7:29:41.0350 PM,Jul 9 2019 7:29:41.5920 PM,.557
135.Scorpius DAC Vboost Calibration,Dut,sendCommand,PASS,,Jul 9 2019 7:29:41.5940 PM,Jul 9 2019 7:29:44.1060 PM,2.5114
135.Scorpius DAC Vboost Calibration,Dut,sendCommand,PASS,,Jul 9 2019 7:29:44.1090 PM,Jul 9 2019 7:29:44.7520 PM,.6434
135.Scorpius DAC Vboost Calibration,Dut,sendCommand,PASS,,Jul 9 2019 7:29:44.7560 PM,Jul 9 2019 7:29:45.3120 PM,.5557
135.Scorpius DAC Vboost Calibration,Dut,sendCommand,PASS,,Jul 9 2019 7:29:45.3150 PM,Jul 9 2019 7:29:45.8720 PM,.5573
135.Scorpius DAC Vboost Calibration,Dut,sendCommand,PASS,,Jul 9 2019 7:29:45.8750 PM,Jul 9 2019 7:29:48.3860 PM,2.5117
135.Scorpius DAC Vboost Calibration,Dut,sendCommand,PASS,,Jul 9 2019 7:29:48.3890 PM,Jul 9 2019 7:29:49.0320 PM,.6427
142.NTC Read-back Check (degC),Dut,sendCommand,PASS,,Jul 9 2019 7:29:49.0530 PM,Jul 9 2019 7:29:49.6140 PM,.5614
142.NTC Read-back Check (degC),Dut,sendCommand,PASS,,Jul 9 2019 7:29:49.6160 PM,Jul 9 2019 7:29:50.1750 PM,.5588
142.NTC Read-back Check (degC),Dut,sendCommand,PASS,,Jul 9 2019 7:29:52.2550 PM,Jul 9 2019 7:29:52.8990 PM,.6446
143.Reset MCU,Dut,sendCommand,PASS,,Jul 9 2019 7:29:52.9070 PM,Jul 9 2019 7:29:52.9190 PM,.0117
143.Reset MCU,Dut,sendCommand,PASS,,Jul 9 2019 7:29:52.9200 PM,Jul 9 2019 7:29:53.4690 PM,.5483
143.Reset MCU,Dut,sendCommand,PASS,,Jul 9 2019 7:29:53.4810 PM,Jul 9 2019 7:29:53.4950 PM,.0137
144.Critical Cal Error Check,Dut,sendCommand,PASS,,Jul 9 2019 7:29:53.4990 PM,Jul 9 2019 7:29:54.0550 PM,.5565
144.Critical Cal Error Check,Dut,sendCommand,PASS,,Jul 9 2019 7:29:55.1290 PM,Jul 9 2019 7:29:55.7110 PM,.5821
145.Fixture press buttons of UUT,rpcCall,RPCSendAndGet,PASS,,Jul 9 2019 7:29:55.7280 PM,Jul 9 2019 7:29:56.8280 PM,1.0996
145.Fixture press buttons of UUT,rpcCall,RPCSendAndGet,PASS,,Jul 9 2019 7:29:57.4060 PM,Jul 9 2019 7:29:57.4280 PM,.0217
145.Fixture press buttons of UUT,rpcCall,RPCSendAndGet,PASS,,Jul 9 2019 7:29:57.4310 PM,Jul 9 2019 7:29:57.9440 PM,.5131
145.Fixture press buttons of UUT,rpcCall,RPCSendAndGet,PASS,,Jul 9 2019 7:29:58.2160 PM,Jul 9 2019 7:29:59.0750 PM,.8586
145.Fixture press buttons of UUT,rpcCall,RPCSendAndGet,PASS,,Jul 9 2019 7:29:59.6470 PM,Jul 9 2019 7:29:59.6790 PM,.0321
145.Fixture press buttons of UUT,rpcCall,RPCSendAndGet,PASS,,Jul 9 2019 7:29:59.6820 PM,Jul 9 2019 7:29:59.9550 PM,.2734
145.Fixture press buttons of UUT,rpcCall,RPCSendAndGet,PASS,,Jul 9 2019 7:30:00.2320 PM,Jul 9 2019 7:30:00.9800 PM,.7483
145.Fixture press buttons of UUT,rpcCall,RPCSendAndGet,PASS,,Jul 9 2019 7:30:01.5580 PM,Jul 9 2019 7:30:01.6100 PM,.0515
145.Fixture press buttons of UUT,Dut,sendCommand,PASS,,Jul 9 2019 7:29:55.7270 PM,Jul 9 2019 7:30:01.8750 PM,6.1476
145.Fixture press buttons of UUT,rpcCall,RPCSendAndGet,PASS,,Jul 9 2019 7:30:01.6130 PM,Jul 9 2019 7:30:01.8950 PM,.2822
149.Check Borris Boost OTP version,Dut,sendCommand,PASS,,Jul 9 2019 7:30:02.1890 PM,Jul 9 2019 7:30:02.6350 PM,.4457
149.Check Borris Boost OTP version,Dut,sendCommand,PASS,,Jul 9 2019 7:30:02.6380 PM,Jul 9 2019 7:30:02.6510 PM,.0132
149.Check Borris Boost OTP version,Dut,sendCommand,PASS,,Jul 9 2019 7:30:02.6530 PM,Jul 9 2019 7:30:02.6660 PM,.013
150.8xSPK_CN_L_T VMON_CH0_FFT Peak Magnitude,Dut,sendCommand,PASS,,Jul 9 2019 7:30:02.6710 PM,Jul 9 2019 7:30:02.6850 PM,.0144
150.8xSPK_CN_L_T VMON_CH0_FFT Peak Magnitude,Dut,sendCommand,PASS,,Jul 9 2019 7:30:02.6880 PM,Jul 9 2019 7:30:02.7200 PM,.0325
150.8xSPK_CN_L_T VMON_CH0_FFT Peak Magnitude,Dut,sendCommand,PASS,,Jul 9 2019 7:30:02.7230 PM,Jul 9 2019 7:30:02.7850 PM,.0623
150.8xSPK_CN_L_T VMON_CH0_FFT Peak Magnitude,Dut,sendCommand,PASS,,Jul 9 2019 7:30:02.7880 PM,Jul 9 2019 7:30:02.8000 PM,.0125
150.8xSPK_CN_L_T VMON_CH0_FFT Peak Magnitude,Dut,sendCommand,PASS,,Jul 9 2019 7:30:02.8020 PM,Jul 9 2019 7:30:02.8160 PM,.014
150.8xSPK_CN_L_T VMON_CH0_FFT Peak Magnitude,Dut,sendCommand,PASS,,Jul 9 2019 7:30:02.8180 PM,Jul 9 2019 7:30:02.8310 PM,.0134
150.8xSPK_CN_L_T VMON_CH0_FFT Peak Magnitude,Dut,sendCommand,PASS,,Jul 9 2019 7:30:02.8330 PM,Jul 9 2019 7:30:02.8460 PM,.013
150.8xSPK_CN_L_T VMON_CH0_FFT Peak Magnitude,Dut,sendCommand,PASS,,Jul 9 2019 7:30:02.8480 PM,Jul 9 2019 7:30:02.8610 PM,.013
150.8xSPK_CN_L_T VMON_CH0_FFT Peak Magnitude,Dut,sendCommand,PASS,,Jul 9 2019 7:30:02.8630 PM,Jul 9 2019 7:30:02.8760 PM,.0131
150.8xSPK_CN_L_T VMON_CH0_FFT Peak Magnitude,Dut,sendCommand,PASS,,Jul 9 2019 7:30:02.8780 PM,Jul 9 2019 7:30:02.8910 PM,.013
150.8xSPK_CN_L_T VMON_CH0_FFT Peak Magnitude,Dut,sendCommand,PASS,,Jul 9 2019 7:30:02.8930 PM,Jul 9 2019 7:30:02.9060 PM,.0127
150.8xSPK_CN_L_T VMON_CH0_FFT Peak Magnitude,Dut,sendCommand,PASS,,Jul 9 2019 7:30:02.9080 PM,Jul 9 2019 7:30:02.9270 PM,.0187
150.8xSPK_CN_L_T VMON_CH0_FFT Peak Magnitude,Dut,sendCommand,PASS,,Jul 9 2019 7:30:02.9290 PM,Jul 9 2019 7:30:02.9540 PM,.0247
150.8xSPK_CN_L_T VMON_CH0_FFT Peak Magnitude,Dut,sendCommand,PASS,,Jul 9 2019 7:30:02.9610 PM,Jul 9 2019 7:30:02.9830 PM,.0216
150.8xSPK_CN_L_T VMON_CH0_FFT Peak Magnitude,Dut,sendCommand,PASS,,Jul 9 2019 7:30:02.9870 PM,Jul 9 2019 7:30:03.0070 PM,.0207
150.8xSPK_CN_L_T VMON_CH0_FFT Peak Magnitude,Dut,sendCommand,PASS,,Jul 9 2019 7:30:03.0110 PM,Jul 9 2019 7:30:03.0330 PM,.0215
150.8xSPK_CN_L_T VMON_CH0_FFT Peak Magnitude,Dut,sendCommand,PASS,,Jul 9 2019 7:30:03.0370 PM,Jul 9 2019 7:30:03.0570 PM,.0208
150.8xSPK_CN_L_T VMON_CH0_FFT Peak Magnitude,Dut,sendCommand,PASS,,Jul 9 2019 7:30:03.0620 PM,Jul 9 2019 7:30:03.0820 PM,.0202
150.8xSPK_CN_L_T VMON_CH0_FFT Peak Magnitude,Dut,sendCommand,PASS,,Jul 9 2019 7:30:03.0870 PM,Jul 9 2019 7:30:03.1090 PM,.022
150.8xSPK_CN_L_T VMON_CH0_FFT Peak Magnitude,Dut,sendCommand,PASS,,Jul 9 2019 7:30:03.1140 PM,Jul 9 2019 7:30:03.1370 PM,.0236
150.8xSPK_CN_L_T VMON_CH0_FFT Peak Magnitude,Dut,sendCommand,PASS,,Jul 9 2019 7:30:03.1410 PM,Jul 9 2019 7:30:03.1640 PM,.0229
150.8xSPK_CN_L_T VMON_CH0_FFT Peak Magnitude,Dut,sendCommand,PASS,,Jul 9 2019 7:30:03.1670 PM,Jul 9 2019 7:30:03.1870 PM,.0197
150.8xSPK_CN_L_T VMON_CH0_FFT Peak Magnitude,Dut,sendCommand,PASS,,Jul 9 2019 7:30:03.1900 PM,Jul 9 2019 7:30:03.2120 PM,.0219
150.8xSPK_CN_L_T VMON_CH0_FFT Peak Magnitude,Dut,sendCommand,PASS,,Jul 9 2019 7:30:03.2150 PM,Jul 9 2019 7:30:03.2370 PM,.0225
150.8xSPK_CN_L_T VMON_CH0_FFT Peak Magnitude,Dut,sendCommand,PASS,,Jul 9 2019 7:30:03.2390 PM,Jul 9 2019 7:30:03.2620 PM,.0223
150.8xSPK_CN_L_T VMON_CH0_FFT Peak Magnitude,Dut,sendCommand,PASS,,Jul 9 2019 7:30:03.2640 PM,Jul 9 2019 7:30:03.2870 PM,.0228
150.8xSPK_CN_L_T VMON_CH0_FFT Peak Magnitude,Dut,sendCommand,PASS,,Jul 9 2019 7:30:03.2900 PM,Jul 9 2019 7:30:03.3140 PM,.0239
150.8xSPK_CN_L_T VMON_CH0_FFT Peak Magnitude,Dut,sendCommand,PASS,,Jul 9 2019 7:30:03.3230 PM,Jul 9 2019 7:30:04.8760 PM,1.5532
150.8xSPK_CN_L_T VMON_CH0_FFT Peak Magnitude,Dut,sendCommand,PASS,,Jul 9 2019 7:30:04.8780 PM,Jul 9 2019 7:30:04.9010 PM,.0223
150.8xSPK_CN_L_T VMON_CH0_FFT Peak Magnitude,Dut,sendCommand,PASS,,Jul 9 2019 7:30:04.9020 PM,Jul 9 2019 7:30:06.4920 PM,1.5896
150.8xSPK_CN_L_T VMON_CH0_FFT Peak Magnitude,Dut,sendCommand,PASS,,Jul 9 2019 7:30:06.4950 PM,Jul 9 2019 7:30:06.8720 PM,.3763
150.8xSPK_CN_L_T VMON_CH0_FFT Peak Magnitude,Dut,sendCommand,PASS,,Jul 9 2019 7:30:06.8750 PM,Jul 9 2019 7:30:06.9370 PM,.0621
214.SPK_CN_L_T to 4x_MIC Loop Test,Dut,sendCommand,PASS,,Jul 9 2019 7:30:07.1360 PM,Jul 9 2019 7:30:07.5810 PM,.4457
214.SPK_CN_L_T to 4x_MIC Loop Test,Dut,sendCommand,PASS,,Jul 9 2019 7:30:07.5830 PM,Jul 9 2019 7:30:07.5960 PM,.0129
214.SPK_CN_L_T to 4x_MIC Loop Test,Dut,sendCommand,PASS,,Jul 9 2019 7:30:07.5980 PM,Jul 9 2019 7:30:07.6110 PM,.013
214.SPK_CN_L_T to 4x_MIC Loop Test,Dut,sendCommand,PASS,,Jul 9 2019 7:30:07.6130 PM,Jul 9 2019 7:30:07.6310 PM,.0175
214.SPK_CN_L_T to 4x_MIC Loop Test,Dut,sendCommand,PASS,,Jul 9 2019 7:30:07.6330 PM,Jul 9 2019 7:30:07.6510 PM,.0182
214.SPK_CN_L_T to 4x_MIC Loop Test,Dut,sendCommand,PASS,,Jul 9 2019 7:30:07.6540 PM,Jul 9 2019 7:30:07.6710 PM,.0172
214.SPK_CN_L_T to 4x_MIC Loop Test,Dut,sendCommand,PASS,,Jul 9 2019 7:30:07.6730 PM,Jul 9 2019 7:30:07.6910 PM,.0179
214.SPK_CN_L_T to 4x_MIC Loop Test,Dut,sendCommand,PASS,,Jul 9 2019 7:30:07.6930 PM,Jul 9 2019 7:30:07.7260 PM,.0335
214.SPK_CN_L_T to 4x_MIC Loop Test,Dut,sendCommand,PASS,,Jul 9 2019 7:30:07.7280 PM,Jul 9 2019 7:30:07.7610 PM,.0332
214.SPK_CN_L_T to 4x_MIC Loop Test,Dut,sendCommand,PASS,,Jul 9 2019 7:30:07.7630 PM,Jul 9 2019 7:30:07.7920 PM,.0288
214.SPK_CN_L_T to 4x_MIC Loop Test,Dut,sendCommand,PASS,,Jul 9 2019 7:30:07.7940 PM,Jul 9 2019 7:30:09.8280 PM,2.0337
214.SPK_CN_L_T to 4x_MIC Loop Test,Dut,sendCommand,PASS,,Jul 9 2019 7:30:09.8300 PM,Jul 9 2019 7:30:09.8420 PM,.0116
214.SPK_CN_L_T to 4x_MIC Loop Test,Dut,sendCommand,PASS,,Jul 9 2019 7:30:09.8440 PM,Jul 9 2019 7:30:10.3330 PM,.4884
214.SPK_CN_L_T to 4x_MIC Loop Test,Dut,sendCommand,PASS,,Jul 9 2019 7:30:10.3350 PM,Jul 9 2019 7:30:11.7870 PM,1.4522
214.SPK_CN_L_T to 4x_MIC Loop Test,Dut,sendCommand,PASS,,Jul 9 2019 7:30:11.7900 PM,Jul 9 2019 7:30:11.8520 PM,.0621
223.Penrose_IR1_FREQ_TONE1 (Hz),Dut,sendCommand,PASS,,Jul 9 2019 7:30:11.8890 PM,Jul 9 2019 7:30:13.7680 PM,1.8783
223.Penrose_IR1_FREQ_TONE1 (Hz),Dut,sendCommand,PASS,,Jul 9 2019 7:30:13.7700 PM,Jul 9 2019 7:30:13.7820 PM,.0122
223.Penrose_IR1_FREQ_TONE1 (Hz),Dut,sendCommand,PASS,,Jul 9 2019 7:30:13.7850 PM,Jul 9 2019 7:30:13.7970 PM,.0123
223.Penrose_IR1_FREQ_TONE1 (Hz),Dut,sendCommand,PASS,,Jul 9 2019 7:30:13.7990 PM,Jul 9 2019 7:30:13.8470 PM,.0481
223.Penrose_IR1_FREQ_TONE1 (Hz),rpcCall,RPCSendAndGet,PASS,,Jul 9 2019 7:30:13.8490 PM,Jul 9 2019 7:30:13.9050 PM,.0556
223.Penrose_IR1_FREQ_TONE1 (Hz),Dut,sendCommand,PASS,,Jul 9 2019 7:30:16.9800 PM,Jul 9 2019 7:30:17.4280 PM,.448
223.Penrose_IR1_FREQ_TONE1 (Hz),Dut,sendCommand,PASS,,Jul 9 2019 7:30:18.0060 PM,Jul 9 2019 7:30:19.0430 PM,1.0368
223.Penrose_IR1_FREQ_TONE1 (Hz),Dut,sendCommand,PASS,,Jul 9 2019 7:30:19.0450 PM,Jul 9 2019 7:30:19.2830 PM,.2379
223.Penrose_IR1_FREQ_TONE1 (Hz),Dut,sendCommand,PASS,,Jul 9 2019 7:30:19.2860 PM,Jul 9 2019 7:30:19.3480 PM,.0619
223.Penrose_IR1_FREQ_TONE1 (Hz),rpcCall,RPCSendAndGet,PASS,,Jul 9 2019 7:30:19.3510 PM,Jul 9 2019 7:30:19.4210 PM,.0697
267.Penrose_Green_FREQ_TONE1 (Hz),Dut,sendCommand,PASS,,Jul 9 2019 7:30:19.7090 PM,Jul 9 2019 7:30:19.7370 PM,.0285
267.Penrose_Green_FREQ_TONE1 (Hz),Dut,sendCommand,PASS,,Jul 9 2019 7:30:19.7400 PM,Jul 9 2019 7:30:19.7520 PM,.0125
267.Penrose_Green_FREQ_TONE1 (Hz),Dut,sendCommand,PASS,,Jul 9 2019 7:30:19.7540 PM,Jul 9 2019 7:30:19.7630 PM,.0086
267.Penrose_Green_FREQ_TONE1 (Hz),Dut,sendCommand,PASS,,Jul 9 2019 7:30:19.7640 PM,Jul 9 2019 7:30:19.8120 PM,.048
267.Penrose_Green_FREQ_TONE1 (Hz),rpcCall,RPCSendAndGet,PASS,,Jul 9 2019 7:30:19.8150 PM,Jul 9 2019 7:30:19.8810 PM,.0661
267.Penrose_Green_FREQ_TONE1 (Hz),Dut,sendCommand,PASS,,Jul 9 2019 7:30:22.9570 PM,Jul 9 2019 7:30:23.4030 PM,.4457
267.Penrose_Green_FREQ_TONE1 (Hz),Dut,sendCommand,PASS,,Jul 9 2019 7:30:23.4050 PM,Jul 9 2019 7:30:23.9120 PM,.5076
267.Penrose_Green_FREQ_TONE1 (Hz),Dut,sendCommand,PASS,,Jul 9 2019 7:30:23.9140 PM,Jul 9 2019 7:30:24.9480 PM,1.034
267.Penrose_Green_FREQ_TONE1 (Hz),Dut,sendCommand,PASS,,Jul 9 2019 7:30:24.9500 PM,Jul 9 2019 7:30:25.0820 PM,.1322
267.Penrose_Green_FREQ_TONE1 (Hz),Dut,sendCommand,PASS,,Jul 9 2019 7:30:25.0840 PM,Jul 9 2019 7:30:25.1480 PM,.0636
267.Penrose_Green_FREQ_TONE1 (Hz),rpcCall,RPCSendAndGet,PASS,,Jul 9 2019 7:30:25.1510 PM,Jul 9 2019 7:30:25.1870 PM,.0359
289.Penrose_Green_DC_Low_FREQ_TONE1 (Hz),Dut,sendCommand,PASS,,Jul 9 2019 7:30:25.2520 PM,Jul 9 2019 7:30:25.2780 PM,.0261
289.Penrose_Green_DC_Low_FREQ_TONE1 (Hz),Dut,sendCommand,PASS,,Jul 9 2019 7:30:25.2810 PM,Jul 9 2019 7:30:25.2930 PM,.0114
289.Penrose_Green_DC_Low_FREQ_TONE1 (Hz),Dut,sendCommand,PASS,,Jul 9 2019 7:30:25.2950 PM,Jul 9 2019 7:30:25.3070 PM,.0125
289.Penrose_Green_DC_Low_FREQ_TONE1 (Hz),Dut,sendCommand,PASS,,Jul 9 2019 7:30:25.3090 PM,Jul 9 2019 7:30:25.3580 PM,.0483
289.Penrose_Green_DC_Low_FREQ_TONE1 (Hz),rpcCall,RPCSendAndGet,PASS,,Jul 9 2019 7:30:25.3600 PM,Jul 9 2019 7:30:25.4190 PM,.0591
289.Penrose_Green_DC_Low_FREQ_TONE1 (Hz),Dut,sendCommand,PASS,,Jul 9 2019 7:30:28.4960 PM,Jul 9 2019 7:30:28.9420 PM,.4461
289.Penrose_Green_DC_Low_FREQ_TONE1 (Hz),Dut,sendCommand,PASS,,Jul 9 2019 7:30:28.9440 PM,Jul 9 2019 7:30:29.4530 PM,.5089
289.Penrose_Green_DC_Low_FREQ_TONE1 (Hz),Dut,sendCommand,PASS,,Jul 9 2019 7:30:29.4560 PM,Jul 9 2019 7:30:30.4890 PM,1.0323
289.Penrose_Green_DC_Low_FREQ_TONE1 (Hz),Dut,sendCommand,PASS,,Jul 9 2019 7:30:30.4910 PM,Jul 9 2019 7:30:30.6230 PM,.1316
289.Penrose_Green_DC_Low_FREQ_TONE1 (Hz),Dut,sendCommand,PASS,,Jul 9 2019 7:30:30.6250 PM,Jul 9 2019 7:30:30.6870 PM,.062
289.Penrose_Green_DC_Low_FREQ_TONE1 (Hz),rpcCall,RPCSendAndGet,PASS,,Jul 9 2019 7:30:30.6890 PM,Jul 9 2019 7:30:30.7610 PM,.0714
311.Penrose_Green_DC_High_FREQ_TONE1 (Hz),Dut,sendCommand,PASS,,Jul 9 2019 7:30:30.8140 PM,Jul 9 2019 7:30:30.8380 PM,.0242
311.Penrose_Green_DC_High_FREQ_TONE1 (Hz),Dut,sendCommand,PASS,,Jul 9 2019 7:30:30.8400 PM,Jul 9 2019 7:30:30.8530 PM,.0125
311.Penrose_Green_DC_High_FREQ_TONE1 (Hz),Dut,sendCommand,PASS,,Jul 9 2019 7:30:30.8550 PM,Jul 9 2019 7:30:30.8670 PM,.0124
311.Penrose_Green_DC_High_FREQ_TONE1 (Hz),Dut,sendCommand,PASS,,Jul 9 2019 7:30:30.8700 PM,Jul 9 2019 7:30:30.9180 PM,.048
311.Penrose_Green_DC_High_FREQ_TONE1 (Hz),rpcCall,RPCSendAndGet,PASS,,Jul 9 2019 7:30:30.9200 PM,Jul 9 2019 7:30:30.9980 PM,.0781
311.Penrose_Green_DC_High_FREQ_TONE1 (Hz),Dut,sendCommand,PASS,,Jul 9 2019 7:30:34.0710 PM,Jul 9 2019 7:30:34.5180 PM,.4469
311.Penrose_Green_DC_High_FREQ_TONE1 (Hz),Dut,sendCommand,PASS,,Jul 9 2019 7:30:34.5210 PM,Jul 9 2019 7:30:35.0330 PM,.5118
311.Penrose_Green_DC_High_FREQ_TONE1 (Hz),Dut,sendCommand,PASS,,Jul 9 2019 7:30:35.0360 PM,Jul 9 2019 7:30:36.0680 PM,1.0318
311.Penrose_Green_DC_High_FREQ_TONE1 (Hz),Dut,sendCommand,PASS,,Jul 9 2019 7:30:36.0710 PM,Jul 9 2019 7:30:36.2030 PM,.1324
311.Penrose_Green_DC_High_FREQ_TONE1 (Hz),Dut,sendCommand,PASS,,Jul 9 2019 7:30:36.2050 PM,Jul 9 2019 7:30:36.2680 PM,.0628
311.Penrose_Green_DC_High_FREQ_TONE1 (Hz),rpcCall,RPCSendAndGet,PASS,,Jul 9 2019 7:30:36.2710 PM,Jul 9 2019 7:30:36.3040 PM,.0333
333.4x LED Strobe Flash Mode (lux),Dut,sendCommand,PASS,,Jul 9 2019 7:30:36.3810 PM,Jul 9 2019 7:30:36.6280 PM,.2475
333.4x LED Strobe Flash Mode (lux),Dut,sendCommand,PASS,,Jul 9 2019 7:30:36.6300 PM,Jul 9 2019 7:30:38.5080 PM,1.8779
333.4x LED Strobe Flash Mode (lux),Dut,sendCommand,PASS,,Jul 9 2019 7:30:38.5100 PM,Jul 9 2019 7:30:38.5330 PM,.0229
333.4x LED Strobe Flash Mode (lux),Dut,sendCommand,PASS,,Jul 9 2019 7:30:38.5350 PM,Jul 9 2019 7:30:38.5480 PM,.0131
333.4x LED Strobe Flash Mode (lux),Dut,sendCommand,PASS,,Jul 9 2019 7:30:38.5500 PM,Jul 9 2019 7:30:38.6590 PM,.1091
333.4x LED Strobe Flash Mode (lux),Dut,sendCommand,PASS,,Jul 9 2019 7:30:38.6610 PM,Jul 9 2019 7:30:38.8380 PM,.1776
333.4x LED Strobe Flash Mode (lux),Dut,sendCommand,PASS,,Jul 9 2019 7:30:38.8410 PM,Jul 9 2019 7:30:38.8580 PM,.0165
333.4x LED Strobe Flash Mode (lux),Dut,sendCommand,PASS,,Jul 9 2019 7:30:38.8600 PM,Jul 9 2019 7:30:38.8730 PM,.0131
333.4x LED Strobe Flash Mode (lux),Dut,sendCommand,PASS,,Jul 9 2019 7:30:38.8750 PM,Jul 9 2019 7:30:38.8930 PM,.0175
333.4x LED Strobe Flash Mode (lux),Dut,sendCommand,PASS,,Jul 9 2019 7:30:38.8950 PM,Jul 9 2019 7:30:38.9130 PM,.018
333.4x LED Strobe Flash Mode (lux),Dut,sendCommand,PASS,,Jul 9 2019 7:30:38.9150 PM,Jul 9 2019 7:30:38.9330 PM,.018
333.4x LED Strobe Flash Mode (lux),Dut,sendCommand,PASS,,Jul 9 2019 7:30:38.9350 PM,Jul 9 2019 7:30:38.9530 PM,.0181
333.4x LED Strobe Flash Mode (lux),Dut,sendCommand,PASS,,Jul 9 2019 7:30:38.9550 PM,Jul 9 2019 7:30:38.9730 PM,.0182
333.4x LED Strobe Flash Mode (lux),Dut,sendCommand,PASS,,Jul 9 2019 7:30:38.9750 PM,Jul 9 2019 7:30:38.9930 PM,.0177
333.4x LED Strobe Flash Mode (lux),Dut,sendCommand,PASS,,Jul 9 2019 7:30:38.9950 PM,Jul 9 2019 7:30:39.0130 PM,.0178
333.4x LED Strobe Flash Mode (lux),Dut,sendCommand,PASS,,Jul 9 2019 7:30:39.0150 PM,Jul 9 2019 7:30:39.0330 PM,.0181
333.4x LED Strobe Flash Mode (lux),Dut,sendCommand,PASS,,Jul 9 2019 7:30:39.0350 PM,Jul 9 2019 7:30:39.0530 PM,.018
333.4x LED Strobe Flash Mode (lux),Dut,sendCommand,PASS,,Jul 9 2019 7:30:39.0540 PM,Jul 9 2019 7:30:39.0730 PM,.0183
333.4x LED Strobe Flash Mode (lux),Dut,sendCommand,PASS,,Jul 9 2019 7:30:39.0750 PM,Jul 9 2019 7:30:39.0930 PM,.0182
333.4x LED Strobe Flash Mode (lux),Dut,sendCommand,PASS,,Jul 9 2019 7:30:39.0950 PM,Jul 9 2019 7:30:39.1130 PM,.018
333.4x LED Strobe Flash Mode (lux),Dut,sendCommand,PASS,,Jul 9 2019 7:30:39.1150 PM,Jul 9 2019 7:30:39.1330 PM,.0174
333.4x LED Strobe Flash Mode (lux),Dut,sendCommand,PASS,,Jul 9 2019 7:30:39.1350 PM,Jul 9 2019 7:30:39.1530 PM,.0184
333.4x LED Strobe Flash Mode (lux),Dut,sendCommand,PASS,,Jul 9 2019 7:30:39.1560 PM,Jul 9 2019 7:30:39.1730 PM,.0166
333.4x LED Strobe Flash Mode (lux),Dut,sendCommand,PASS,,Jul 9 2019 7:30:39.1740 PM,Jul 9 2019 7:30:39.1930 PM,.0184
333.4x LED Strobe Flash Mode (lux),Dut,sendCommand,PASS,,Jul 9 2019 7:30:39.1950 PM,Jul 9 2019 7:30:39.2130 PM,.0176
333.4x LED Strobe Flash Mode (lux),Dut,sendCommand,PASS,,Jul 9 2019 7:30:39.2140 PM,Jul 9 2019 7:30:39.2330 PM,.0181
333.4x LED Strobe Flash Mode (lux),Dut,sendCommand,PASS,,Jul 9 2019 7:30:39.2340 PM,Jul 9 2019 7:30:39.2530 PM,.0188
333.4x LED Strobe Flash Mode (lux),rpcCall,RPCSendAndGet,PASS,,Jul 9 2019 7:30:39.2550 PM,Jul 9 2019 7:30:39.2750 PM,.0192
333.4x LED Strobe Flash Mode (lux),Dut,sendCommand,PASS,,Jul 9 2019 7:30:39.2770 PM,Jul 9 2019 7:30:39.2930 PM,.0163
333.4x LED Strobe Flash Mode (lux),rpcCall,RPCSendAndGet,PASS,,Jul 9 2019 7:30:39.5650 PM,Jul 9 2019 7:30:39.5870 PM,.0214
333.4x LED Strobe Flash Mode (lux),Dut,sendCommand,PASS,,Jul 9 2019 7:30:39.5890 PM,Jul 9 2019 7:30:39.6090 PM,.0192
333.4x LED Strobe Flash Mode (lux),Dut,sendCommand,PASS,,Jul 9 2019 7:30:39.6110 PM,Jul 9 2019 7:30:39.6280 PM,.0165
333.4x LED Strobe Flash Mode (lux),Dut,sendCommand,PASS,,Jul 9 2019 7:30:39.6300 PM,Jul 9 2019 7:30:39.6430 PM,.0131
333.4x LED Strobe Flash Mode (lux),Dut,sendCommand,PASS,,Jul 9 2019 7:30:39.6450 PM,Jul 9 2019 7:30:39.6580 PM,.0134
334.Neon1 LED1 Cool Strobe Flash Mode (lux),Dut,sendCommand,PASS,,Jul 9 2019 7:30:39.6660 PM,Jul 9 2019 7:30:40.0280 PM,.3613
334.Neon1 LED1 Cool Strobe Flash Mode (lux),Dut,sendCommand,PASS,,Jul 9 2019 7:30:40.0290 PM,Jul 9 2019 7:30:41.9080 PM,1.8789
334.Neon1 LED1 Cool Strobe Flash Mode (lux),Dut,sendCommand,PASS,,Jul 9 2019 7:30:41.9110 PM,Jul 9 2019 7:30:41.9280 PM,.0171
334.Neon1 LED1 Cool Strobe Flash Mode (lux),Dut,sendCommand,PASS,,Jul 9 2019 7:30:41.9300 PM,Jul 9 2019 7:30:41.9430 PM,.0136
334.Neon1 LED1 Cool Strobe Flash Mode (lux),Dut,sendCommand,PASS,,Jul 9 2019 7:30:41.9460 PM,Jul 9 2019 7:30:41.9640 PM,.0174
334.Neon1 LED1 Cool Strobe Flash Mode (lux),Dut,sendCommand,PASS,,Jul 9 2019 7:30:41.9670 PM,Jul 9 2019 7:30:41.9840 PM,.0171
334.Neon1 LED1 Cool Strobe Flash Mode (lux),Dut,sendCommand,PASS,,Jul 9 2019 7:30:41.9860 PM,Jul 9 2019 7:30:42.0040 PM,.0172
334.Neon1 LED1 Cool Strobe Flash Mode (lux),Dut,sendCommand,PASS,,Jul 9 2019 7:30:42.0060 PM,Jul 9 2019 7:30:42.0230 PM,.0174
334.Neon1 LED1 Cool Strobe Flash Mode (lux),Dut,sendCommand,PASS,,Jul 9 2019 7:30:42.0260 PM,Jul 9 2019 7:30:42.0430 PM,.0173
334.Neon1 LED1 Cool Strobe Flash Mode (lux),Dut,sendCommand,PASS,,Jul 9 2019 7:30:42.0460 PM,Jul 9 2019 7:30:42.0630 PM,.0168
334.Neon1 LED1 Cool Strobe Flash Mode (lux),Dut,sendCommand,PASS,,Jul 9 2019 7:30:42.0650 PM,Jul 9 2019 7:30:42.0830 PM,.018
334.Neon1 LED1 Cool Strobe Flash Mode (lux),rpcCall,RPCSendAndGet,PASS,,Jul 9 2019 7:30:42.0850 PM,Jul 9 2019 7:30:42.1160 PM,.0313
334.Neon1 LED1 Cool Strobe Flash Mode (lux),Dut,sendCommand,PASS,,Jul 9 2019 7:30:42.1180 PM,Jul 9 2019 7:30:42.1330 PM,.0154
334.Neon1 LED1 Cool Strobe Flash Mode (lux),rpcCall,RPCSendAndGet,PASS,,Jul 9 2019 7:30:42.4080 PM,Jul 9 2019 7:30:42.4500 PM,.0421
335.Neon1 LED2 Amber Strobe Flash Mode (lux),Dut,sendCommand,PASS,,Jul 9 2019 7:30:42.4560 PM,Jul 9 2019 7:30:42.4730 PM,.0171
335.Neon1 LED2 Amber Strobe Flash Mode (lux),Dut,sendCommand,PASS,,Jul 9 2019 7:30:42.4760 PM,Jul 9 2019 7:30:42.4930 PM,.0171
335.Neon1 LED2 Amber Strobe Flash Mode (lux),Dut,sendCommand,PASS,,Jul 9 2019 7:30:42.4950 PM,Jul 9 2019 7:30:42.5130 PM,.0184
335.Neon1 LED2 Amber Strobe Flash Mode (lux),Dut,sendCommand,PASS,,Jul 9 2019 7:30:42.5160 PM,Jul 9 2019 7:30:42.5330 PM,.0167
335.Neon1 LED2 Amber Strobe Flash Mode (lux),rpcCall,RPCSendAndGet,PASS,,Jul 9 2019 7:30:42.5360 PM,Jul 9 2019 7:30:42.5560 PM,.0198
335.Neon1 LED2 Amber Strobe Flash Mode (lux),Dut,sendCommand,PASS,,Jul 9 2019 7:30:42.5580 PM,Jul 9 2019 7:30:42.5730 PM,.0155
335.Neon1 LED2 Amber Strobe Flash Mode (lux),rpcCall,RPCSendAndGet,PASS,,Jul 9 2019 7:30:42.8470 PM,Jul 9 2019 7:30:42.8800 PM,.0325
336.Neon2 LED1 Cool Strobe Flash Mode (lux),Dut,sendCommand,PASS,,Jul 9 2019 7:30:42.8860 PM,Jul 9 2019 7:30:42.9030 PM,.0175
336.Neon2 LED1 Cool Strobe Flash Mode (lux),Dut,sendCommand,PASS,,Jul 9 2019 7:30:42.9060 PM,Jul 9 2019 7:30:42.9230 PM,.0174
336.Neon2 LED1 Cool Strobe Flash Mode (lux),Dut,sendCommand,PASS,,Jul 9 2019 7:30:42.9260 PM,Jul 9 2019 7:30:42.9430 PM,.0172
336.Neon2 LED1 Cool Strobe Flash Mode (lux),rpcCall,RPCSendAndGet,PASS,,Jul 9 2019 7:30:42.9460 PM,Jul 9 2019 7:30:42.9890 PM,.0427
336.Neon2 LED1 Cool Strobe Flash Mode (lux),Dut,sendCommand,PASS,,Jul 9 2019 7:30:42.9910 PM,Jul 9 2019 7:30:43.0080 PM,.0164
336.Neon2 LED1 Cool Strobe Flash Mode (lux),rpcCall,RPCSendAndGet,PASS,,Jul 9 2019 7:30:43.2780 PM,Jul 9 2019 7:30:43.3010 PM,.0227
337.Neon2 LED2 Amber Strobe Flash Mode (lux),Dut,sendCommand,PASS,,Jul 9 2019 7:30:43.3060 PM,Jul 9 2019 7:30:43.3230 PM,.0167
337.Neon2 LED2 Amber Strobe Flash Mode (lux),Dut,sendCommand,PASS,,Jul 9 2019 7:30:43.3250 PM,Jul 9 2019 7:30:43.3380 PM,.0131
337.Neon2 LED2 Amber Strobe Flash Mode (lux),Dut,sendCommand,PASS,,Jul 9 2019 7:30:43.3400 PM,Jul 9 2019 7:30:43.3580 PM,.0178
337.Neon2 LED2 Amber Strobe Flash Mode (lux),Dut,sendCommand,PASS,,Jul 9 2019 7:30:43.3600 PM,Jul 9 2019 7:30:43.3780 PM,.0179
337.Neon2 LED2 Amber Strobe Flash Mode (lux),rpcCall,RPCSendAndGet,PASS,,Jul 9 2019 7:30:43.3800 PM,Jul 9 2019 7:30:43.4170 PM,.0366
337.Neon2 LED2 Amber Strobe Flash Mode (lux),Dut,sendCommand,PASS,,Jul 9 2019 7:30:43.4190 PM,Jul 9 2019 7:30:43.4330 PM,.0138
337.Neon2 LED2 Amber Strobe Flash Mode (lux),rpcCall,RPCSendAndGet,PASS,,Jul 9 2019 7:30:43.7090 PM,Jul 9 2019 7:30:43.7500 PM,.0419
337.Neon2 LED2 Amber Strobe Flash Mode (lux),Dut,sendCommand,PASS,,Jul 9 2019 7:30:43.7530 PM,Jul 9 2019 7:30:43.7680 PM,.0149
337.Neon2 LED2 Amber Strobe Flash Mode (lux),Dut,sendCommand,PASS,,Jul 9 2019 7:30:43.7700 PM,Jul 9 2019 7:30:43.7830 PM,.0135
337.Neon2 LED2 Amber Strobe Flash Mode (lux),Dut,sendCommand,PASS,,Jul 9 2019 7:30:43.7860 PM,Jul 9 2019 7:30:43.8030 PM,.0169
337.Neon2 LED2 Amber Strobe Flash Mode (lux),Dut,sendCommand,PASS,,Jul 9 2019 7:30:43.8060 PM,Jul 9 2019 7:30:44.0530 PM,.2475
338.2x Cool LED strobe torch mode (lux),Dut,sendCommand,PASS,,Jul 9 2019 7:30:44.0600 PM,Jul 9 2019 7:30:45.9390 PM,1.8788
338.2x Cool LED strobe torch mode (lux),Dut,sendCommand,PASS,,Jul 9 2019 7:30:45.9410 PM,Jul 9 2019 7:30:45.9590 PM,.0176
338.2x Cool LED strobe torch mode (lux),Dut,sendCommand,PASS,,Jul 9 2019 7:30:45.9610 PM,Jul 9 2019 7:30:45.9790 PM,.0178
338.2x Cool LED strobe torch mode (lux),Dut,sendCommand,PASS,,Jul 9 2019 7:30:45.9820 PM,Jul 9 2019 7:30:45.9990 PM,.0169
338.2x Cool LED strobe torch mode (lux),Dut,sendCommand,PASS,,Jul 9 2019 7:30:46.0010 PM,Jul 9 2019 7:30:46.0190 PM,.0173
338.2x Cool LED strobe torch mode (lux),Dut,sendCommand,PASS,,Jul 9 2019 7:30:46.0210 PM,Jul 9 2019 7:30:46.0390 PM,.0177
338.2x Cool LED strobe torch mode (lux),Dut,sendCommand,PASS,,Jul 9 2019 7:30:46.0410 PM,Jul 9 2019 7:30:46.0580 PM,.0172
338.2x Cool LED strobe torch mode (lux),Dut,sendCommand,PASS,,Jul 9 2019 7:30:46.0600 PM,Jul 9 2019 7:30:46.0780 PM,.0177
338.2x Cool LED strobe torch mode (lux),Dut,sendCommand,PASS,,Jul 9 2019 7:30:46.0800 PM,Jul 9 2019 7:30:46.0980 PM,.0179
338.2x Cool LED strobe torch mode (lux),Dut,sendCommand,PASS,,Jul 9 2019 7:30:46.1000 PM,Jul 9 2019 7:30:46.1190 PM,.0188
338.2x Cool LED strobe torch mode (lux),rpcCall,RPCSendAndGet,PASS,,Jul 9 2019 7:30:46.1210 PM,Jul 9 2019 7:30:46.1710 PM,.0495
338.2x Cool LED strobe torch mode (lux),Dut,sendCommand,PASS,,Jul 9 2019 7:30:46.1730 PM,Jul 9 2019 7:30:46.1890 PM,.0161
338.2x Cool LED strobe torch mode (lux),rpcCall,RPCSendAndGet,PASS,,Jul 9 2019 7:30:46.4610 PM,Jul 9 2019 7:30:46.4830 PM,.0213
338.2x Cool LED strobe torch mode (lux),Dut,sendCommand,PASS,,Jul 9 2019 7:30:46.4850 PM,Jul 9 2019 7:30:46.5030 PM,.018
338.2x Cool LED strobe torch mode (lux),Dut,sendCommand,PASS,,Jul 9 2019 7:30:46.5060 PM,Jul 9 2019 7:30:46.5230 PM,.0172
338.2x Cool LED strobe torch mode (lux),Dut,sendCommand,PASS,,Jul 9 2019 7:30:46.5260 PM,Jul 9 2019 7:30:46.7730 PM,.2474
339.2x Amber LED strobe torch mode (lux),Dut,sendCommand,PASS,,Jul 9 2019 7:30:46.7790 PM,Jul 9 2019 7:30:48.6580 PM,1.8799
339.2x Amber LED strobe torch mode (lux),Dut,sendCommand,PASS,,Jul 9 2019 7:30:48.6610 PM,Jul 9 2019 7:30:48.6790 PM,.0177
339.2x Amber LED strobe torch mode (lux),Dut,sendCommand,PASS,,Jul 9 2019 7:30:48.6810 PM,Jul 9 2019 7:30:48.6980 PM,.017
339.2x Amber LED strobe torch mode (lux),Dut,sendCommand,PASS,,Jul 9 2019 7:30:48.7010 PM,Jul 9 2019 7:30:48.7180 PM,.0174
339.2x Amber LED strobe torch mode (lux),Dut,sendCommand,PASS,,Jul 9 2019 7:30:48.7210 PM,Jul 9 2019 7:30:48.7390 PM,.0175
339.2x Amber LED strobe torch mode (lux),Dut,sendCommand,PASS,,Jul 9 2019 7:30:48.7420 PM,Jul 9 2019 7:30:48.7590 PM,.0173
339.2x Amber LED strobe torch mode (lux),Dut,sendCommand,PASS,,Jul 9 2019 7:30:48.7620 PM,Jul 9 2019 7:30:48.7790 PM,.0169
339.2x Amber LED strobe torch mode (lux),Dut,sendCommand,PASS,,Jul 9 2019 7:30:48.7810 PM,Jul 9 2019 7:30:48.7980 PM,.0176
339.2x Amber LED strobe torch mode (lux),Dut,sendCommand,PASS,,Jul 9 2019 7:30:48.8010 PM,Jul 9 2019 7:30:48.8180 PM,.0172
339.2x Amber LED strobe torch mode (lux),Dut,sendCommand,PASS,,Jul 9 2019 7:30:48.8200 PM,Jul 9 2019 7:30:48.8380 PM,.0183
339.2x Amber LED strobe torch mode (lux),rpcCall,RPCSendAndGet,PASS,,Jul 9 2019 7:30:48.8410 PM,Jul 9 2019 7:30:48.8530 PM,.0116
339.2x Amber LED strobe torch mode (lux),Dut,sendCommand,PASS,,Jul 9 2019 7:30:48.8560 PM,Jul 9 2019 7:30:48.8730 PM,.0178
339.2x Amber LED strobe torch mode (lux),rpcCall,RPCSendAndGet,PASS,,Jul 9 2019 7:30:49.1440 PM,Jul 9 2019 7:30:49.1550 PM,.0119
339.2x Amber LED strobe torch mode (lux),Dut,sendCommand,PASS,,Jul 9 2019 7:30:49.1580 PM,Jul 9 2019 7:30:49.1730 PM,.0151
339.2x Amber LED strobe torch mode (lux),Dut,sendCommand,PASS,,Jul 9 2019 7:30:49.1750 PM,Jul 9 2019 7:30:49.1930 PM,.0181
339.2x Amber LED strobe torch mode (lux),Dut,sendCommand,PASS,,Jul 9 2019 7:30:49.1960 PM,Jul 9 2019 7:30:49.4450 PM,.2492
340.Check Battery Level After Test (%),Dut,sendCommand,PASS,,Jul 9 2019 7:30:49.4590 PM,Jul 9 2019 7:30:49.4720 PM,.0133
341.Check Battery Voltage After Test (mV),Dut,sendCommand,PASS,,Jul 9 2019 7:30:49.4790 PM,Jul 9 2019 7:30:49.4960 PM,.0173
342.Cbskip Fatp,Dut,sendCommand,PASS,,Jul 9 2019 7:30:49.5000 PM,Jul 9 2019 7:30:49.6300 PM,.1299
343.Dut - close,Dut,close,PASS,,Jul 9 2019 7:30:49.6340 PM,Jul 9 2019 7:30:49.6340 PM,.0008
344.DRCB finish,DRCB,finish,FAIL,station no longer secure; ,Jul 9 2019 7:30:49.6380 PM,Jul 9 2019 7:30:49.8240 PM,.1855
345.Fixture Uninit,rpcCall,RPCSendAndGet,PASS,,Jul 9 2019 7:30:49.8300 PM,Jul 9 2019 7:30:50.5520 PM,.7224
,fixture,close,NOT SET,,,,0
,orion,close,NOT SET,,,,0
