Related Test,Type,Name,Value
5. SN,Device,SerialNumber,DLXZ101ZN64L
7. Start Data Reporting,Device,softwarename,1.9.2
7. Start Data Reporting,Device,serialnumber,DLXZ101ZN64L
7. Start Data Reporting,Device,softwareversion,V23.3.0.1
7. Start Data Reporting,Device,limitsversion,1
10. Diags Version,Device,DIAG_VER,29D148
12. Board ID,Device,boardID,0x3A
30. Front Camera NVM check,Device,Front_Camera_SN,F0W9175036KJH8C4E
32. Back Camera NVM check,Device,Back_Camera_SN,DN8923304M3LV4021
36. Read_Juliet_SN,Device,Juliet_SN: ,DNM92130AKDJ7LP36
38. Read Juliet ID,Device,Juliet_ID,0xD56
47. Pearl_Capacitance,Device,MAMABEAR_CAP_VALUE,0
47. Pearl_Capacitance,Device,MAMABEAR_CAP_STATUS,0x00000014
51. Pearl Status Check,Device,MamaBear_Armed_State,1
51. Pearl Status Check,Device,Rigel_State,36
51. Pearl Status Check,Device,read Rigel SN and fault status,0
51. Pearl Status Check,Device,MamaBear_Armed_State_Value,0x14
51. Pearl Status Check,Device,Pearl_Capacitance,0
53. Read_Ohio_SN,Device,Ohio_SN,F0W9257022ULV4111
57. Read_Jasper_SN,Device,Jasper_SN,DN892565LLJMJLL3N
61. PROX_DEV_ID,Device,PROX_DEV_ID,0xD0
62. PROX_REV_ID,Device,PROX_REV_ID,0x12
93. Upload Rosaline SN,Device,ROSALINE_SN,FWP9055S7S0JJ7Y6V
99. Grape Firmware Version,Device,touch firmware-version,0x114
126. Check TX MCU FW,Device,TX_MCU_FW,B0 00 04 00 01 00 13 04 
