document_version, 1.0
station_name,GATEKEEPER
station_id,FXLH_F05-4FT-02_2_GATEKEEPER
station_sw,Atlas
station_sw_version,Atlas

tag,start_time,duration
Scan_FG_SN, 1567249391.82, 1.37
Fixtureinit, 1567249393.19, 12.84
Start Data Reporting, 1567249406.03, 0.02
Read_FG_SN, 1567249406.05, 0.44
Compare_FG_SN, 1567249406.49, 0.00
Get_SFC_Info, 1567249406.49, 0.07
Read_MLB_SN, 1567249406.56, 0.44
WO_SN, 1567249407.00, 0.00
UNIT_LBL, 1567249407.00, 0.00
BUILD_EVENT, 1567249407.00, 0.00
BUILD_MATRIX_CONFIG, 1567249407.00, 0.00
UNIT#, 1567249407.01, 0.00
S_BUILD, 1567249407.01, 0.00
KBM_SN, 1567249407.01, 0.00
BACKLIGHT_SN, 1567249407.01, 0.00
TRACKPAD_SN, 1567249407.01, 0.00
TOUCH_FLEX_SN, 1567249407.02, 0.00
CONTROL_BITS_TO_CHECK, 1567249407.02, 0.00
STATION_FAIL_COUNT_ALLOWED, 1567249407.02, 0.00
Check_EP_Status, 1567249407.02, 0.91
EP_Enable_All, 1567249407.94, 4.12
Read_FW_Version, 1567249412.06, 0.41
Read_HW_Version, 1567249412.47, 0.47
GreenPAK_ID, 1567249412.94, 0.43
TOUCH_FW, 1567249413.37, 0.43
Read_CCG3_FW, 1567249413.81, 10.81
Production_Signed_Check, 1567249424.61, 0.44
Read_KBD_HW_Layout, 1567249425.05, 0.47
Get_KBD_HW_Layout, 1567249425.52, 0.01
Compare_KBD_HW_Layout, 1567249425.53, 0.00
Read_MLB_Lang, 1567249425.53, 0.50
Get_KBD_Lang, 1567249426.03, 0.00
Check_KBD_Lang, 1567249426.03, 0.00
Read_MFI_Address, 1567249426.03, 0.42
System_Critical_Errors, 1567249426.45, 0.49
FW_Update_Critical_Errors, 1567249426.94, 3.73
Keyscan_Critical_Errors, 1567249430.67, 0.51
USBC_Critical_Errors, 1567249431.17, 0.50
GRAPE_Critical_Errors, 1567249431.67, 0.51
Critical_Errors_Summary, 1567249432.18, 0.51
BL_Critical_Errors, 1567249432.69, 0.41
GrapeConnector_Critical_Errors, 1567249433.10, 25.68
Write CB, 1567249458.79, 0.00
Fixturereset, 1567249458.79, 1.46
full_test_durations, 1567249391.80, 68.45
Finish DRCB, 1567249460.25, 0.17
