Related Test,Type,Name,Value
Scan_FG_SN,Device,serialnumber,FTPZ905ZP3HR
Start Data Reporting,Device,softwarename,Atlas 1.9.2
Start Data Reporting,Device,serialnumber,FTPZ905ZP3HR
Start Data Reporting,Device,softwareversion,V1.1.1.0
Start Data Reporting,Device,limitsversion,1
Read_FG_SN,Device,Read_FG_SN,FTPZ905ZP3HR
Compare_FG_SN,Device,Compare_FG_SN,Pass
Read_MLB_SN,Device,MLB_SN,DLX9354002GN6R527
WO_SN,Device,WO_SN,WMT-J80004
UNIT_LBL,Device,UNIT_LBL,R118-P2_P21AEN-LHWTE_C00201
BUILD_EVENT,Device,Build_EVENT,R118-P2
S_BUILD,Device,S_BUILD,R118-P2_P21AEN-LHWTE
KBM_SN,Device,KBM_SN,C4P932200LVJCPP3Z
BACKLIGHT_SN,Device,BACKLIGHT_SN,GV29347000ZN3LN2W
TRACKPAD_SN,Device,TRACKPAD_SN,FM7934400FMN0LH1X+S1J
TOUCH_FLEX_SN,Device,TOUCH_FLEX_SN,C47935308VNMW5D2H
Check_EP_Status,Device,Check_EP_Status,13 00 00 00 01 
EP_Enable_All,Device,EP_Enable_All,to <3E 13 00 00 00 00>)
Read_FW_Version,Device,Read_FW_Version,0x0150
Read_HW_Version,Device,READ_HW_VERSION,0x03
GreenPAK_ID,Device,GreenPAK_ID,02
TOUCH_FW,Device,TOUCH_FW,0x0503
Read_CCG3_FW,Device,ReadCCG3FW,0A
Production_Signed_Check,Device,Production signed check,0x00
Read_KBD_HW_Layout,Device,Read_KBD_HW_Layout,0x21
Get_KBD_HW_Layout,Device,Get_KBD_HW_Layout,0x21
Compare_KBD_HW_Layout,Device,Compare_KBD_HW_Layout,Pass
Read_MLB_Lang,Device,Read_MLB_Lang,02 01 01 05 49 
Get_KBD_Lang,Device,Get_KBD_Lang,02 01 01 05 49
Check_KBD_Lang,Device,Check_KBD_Lang,Pass
Read_MFI_Address,Device,Read_MFI_Address,0x10
