Related Test,Name-1,Name-2,Name-3,Status,Info,Measurement,Units,Upper Limit,Lower Limit,Relaxed Upper Limit,Relaxed Lower Limit,Limit Units,Start Time,End Time,Duration (s)
Scan_FG_SN,,,,,,,,,,,,,Aug 31 2019 7:03:11.8200 PM,Aug 31 2019 7:03:13.1900 PM,1.3696
Scan_FG_SN,Scan_FG_SN,AtlasApp-Hyperion,show-form,PASS,,,,,,,,,Aug 31 2019 7:03:11.8220 PM,Aug 31 2019 7:03:13.1880 PM,1.3663
Scan_FG_SN,Scan_FG_SN,Scan_FG_SN,FTPZ905ZP3HR,PASS,,,,,,,,,Aug 31 2019 7:03:13.1890 PM,Aug 31 2019 7:03:13.1890 PM,0
Fixtureinit,,,,,,,,,,,,,Aug 31 2019 7:03:13.1920 PM,Aug 31 2019 7:03:26.0260 PM,12.8341
Fixtureinit,Fixtureinit,Fixture,changeDelimiter,PASS,,,,,,,,,Aug 31 2019 7:03:13.1940 PM,Aug 31 2019 7:03:13.1940 PM,0
Fixtureinit,Fixtureinit,Fixture,changeLineTerminator,PASS,,,,,,,,,Aug 31 2019 7:03:13.1960 PM,Aug 31 2019 7:03:13.1960 PM,0
Fixtureinit,Fixtureinit,Fixture,open,PASS,,,,,,,,,Aug 31 2019 7:03:13.1970 PM,Aug 31 2019 7:03:14.7890 PM,1.5916
Fixtureinit,Fixtureinit,Fixture,read,PASS,,,,,,,,,Aug 31 2019 7:03:14.7910 PM,Aug 31 2019 7:03:14.8200 PM,.0291
Fixtureinit,Fixtureinit,P203,changeDelimiter,PASS,,,,,,,,,Aug 31 2019 7:03:14.8220 PM,Aug 31 2019 7:03:14.8220 PM,0
Fixtureinit,Fixtureinit,P203,changeLineTerminator,PASS,,,,,,,,,Aug 31 2019 7:03:14.8230 PM,Aug 31 2019 7:03:14.8230 PM,0
Fixtureinit,Fixtureinit,P203,open,PASS,,,,,,,,,Aug 31 2019 7:03:14.8250 PM,Aug 31 2019 7:03:16.4190 PM,1.5941
Fixtureinit,Fixtureinit,P203,read,PASS,,,,,,,,,Aug 31 2019 7:03:16.4210 PM,Aug 31 2019 7:03:16.4500 PM,.029
Fixtureinit,Fixtureinit,[Fixture] isReady,sendCommand,PASS,,,,,,,,,Aug 31 2019 7:03:16.4510 PM,Aug 31 2019 7:03:16.4650 PM,.014
Fixtureinit,Fixtureinit,[Fixture] Power off,sendCommand,PASS,,,,,,,,,Aug 31 2019 7:03:16.4690 PM,Aug 31 2019 7:03:16.4840 PM,.0144
Fixtureinit,Fixtureinit,[Fixture] Power on,sendCommand,PASS,,,,,,,,,Aug 31 2019 7:03:17.5560 PM,Aug 31 2019 7:03:17.5680 PM,.0116
Fixtureinit,Fixtureinit,[Fixture] Engage pogo,sendCommand,PASS,,,,,,,,,Aug 31 2019 7:03:20.6420 PM,Aug 31 2019 7:03:20.9570 PM,.3145
Start Data Reporting,,,,,,,,,,,,,Aug 31 2019 7:03:26.0290 PM,Aug 31 2019 7:03:26.0450 PM,.016
Start Data Reporting,Start Data Reporting,DRCB,StartDataReporting,PASS,,,,,,,,,Aug 31 2019 7:03:26.0320 PM,Aug 31 2019 7:03:26.0440 PM,.012
Read_FG_SN,,,,,,,,,,,,,Aug 31 2019 7:03:26.0470 PM,Aug 31 2019 7:03:26.4870 PM,.4402
Read_FG_SN,Read_FG_SN,"[Hid] /usr/local/bin/hidreport -pid 0x026E -vid 0x05ac -usage 0xff00,0xb get 0x11",,PASS,,,,,,,,,Aug 31 2019 7:03:26.0960 PM,Aug 31 2019 7:03:26.0960 PM,0
Read_FG_SN,Read_FG_SN,Read_FG_SN,FTPZ905ZP3HR,PASS,,,,,,,,,Aug 31 2019 7:03:26.4870 PM,Aug 31 2019 7:03:26.4870 PM,0
Compare_FG_SN,,,,,,,,,,,,,Aug 31 2019 7:03:26.4890 PM,Aug 31 2019 7:03:26.4890 PM,.0005
Compare_FG_SN,Compare_FG_SN,Compare_FG_SN,,PASS,,,,,,,,,Aug 31 2019 7:03:26.4890 PM,Aug 31 2019 7:03:26.4890 PM,0
Get_SFC_Info,,,,,,,,,,,,,Aug 31 2019 7:03:26.4910 PM,Aug 31 2019 7:03:26.5580 PM,.0675
Get_SFC_Info,Get_SFC_Info,SFCSupport,getAttributes,PASS,,,,,,,,,Aug 31 2019 7:03:26.4920 PM,Aug 31 2019 7:03:26.5190 PM,.0264
Get_SFC_Info,Get_SFC_Info,GET SFC info - unit_lbl,R118-P2_P21AEN-LHWTE_C00201,PASS,,,,,,,,,Aug 31 2019 7:03:26.5200 PM,Aug 31 2019 7:03:26.5200 PM,0
Get_SFC_Info,Get_SFC_Info,SFCSupport,getAttributes-2,PASS,,,,,,,,,Aug 31 2019 7:03:26.5210 PM,Aug 31 2019 7:03:26.5260 PM,.0048
Get_SFC_Info,Get_SFC_Info,GET SFC info - wo_no,WMT-J80004,PASS,,,,,,,,,Aug 31 2019 7:03:26.5260 PM,Aug 31 2019 7:03:26.5260 PM,0
Get_SFC_Info,Get_SFC_Info,SFCSupport,getAttributes-3,PASS,,,,,,,,,Aug 31 2019 7:03:26.5270 PM,Aug 31 2019 7:03:26.5310 PM,.004
Get_SFC_Info,Get_SFC_Info,GET SFC info - mlb_sn,DLX9354002GN6R527,PASS,,,,,,,,,Aug 31 2019 7:03:26.5320 PM,Aug 31 2019 7:03:26.5320 PM,0
Get_SFC_Info,Get_SFC_Info,SFCSupport,getAttributes-4,PASS,,,,,,,,,Aug 31 2019 7:03:26.5330 PM,Aug 31 2019 7:03:26.5390 PM,.0057
Get_SFC_Info,Get_SFC_Info,GET SFC info - kbm_sn,C4P932200LVJCPP3Z,PASS,,,,,,,,,Aug 31 2019 7:03:26.5390 PM,Aug 31 2019 7:03:26.5390 PM,0
Get_SFC_Info,Get_SFC_Info,SFCSupport,getAttributes-5,PASS,,,,,,,,,Aug 31 2019 7:03:26.5400 PM,Aug 31 2019 7:03:26.5450 PM,.0045
Get_SFC_Info,Get_SFC_Info,GET SFC info - trackpad_sn,FM7934400FMN0LH1X+S1J,PASS,,,,,,,,,Aug 31 2019 7:03:26.5450 PM,Aug 31 2019 7:03:26.5450 PM,0
Get_SFC_Info,Get_SFC_Info,SFCSupport,getAttributes-6,PASS,,,,,,,,,Aug 31 2019 7:03:26.5460 PM,Aug 31 2019 7:03:26.5510 PM,.0048
Get_SFC_Info,Get_SFC_Info,GET SFC info - backlight_sn,GV29347000ZN3LN2W,PASS,,,,,,,,,Aug 31 2019 7:03:26.5520 PM,Aug 31 2019 7:03:26.5520 PM,0
Get_SFC_Info,Get_SFC_Info,SFCSupport,getAttributes-7,PASS,,,,,,,,,Aug 31 2019 7:03:26.5530 PM,Aug 31 2019 7:03:26.5570 PM,.0042
Get_SFC_Info,Get_SFC_Info,GET SFC info - touch_flex_sn,C47935308VNMW5D2H,PASS,,,,,,,,,Aug 31 2019 7:03:26.5580 PM,Aug 31 2019 7:03:26.5580 PM,0
Read_MLB_SN,,,,,,,,,,,,,Aug 31 2019 7:03:26.5600 PM,Aug 31 2019 7:03:26.9970 PM,.4365
Read_MLB_SN,Read_MLB_SN,"[Hid] /usr/local/bin/hidreport -p 0x026E -vid 0x05ac -usage 0xff00,0xb get 0x12",,PASS,,,,,,,,,Aug 31 2019 7:03:26.6070 PM,Aug 31 2019 7:03:26.6070 PM,0
Read_MLB_SN,Read_MLB_SN,Read_MLB_SN,DLX9354002GN6R527,PASS,,,,,,,,,Aug 31 2019 7:03:26.9970 PM,Aug 31 2019 7:03:26.9970 PM,0
WO_SN,,,,,,,,,,,,,Aug 31 2019 7:03:26.9990 PM,Aug 31 2019 7:03:26.9990 PM,.0005
WO_SN,WO_SN,WO_SN,WMT-J80004,PASS,,,,,,,,,Aug 31 2019 7:03:26.9990 PM,Aug 31 2019 7:03:26.9990 PM,0
UNIT_LBL,,,,,,,,,,,,,Aug 31 2019 7:03:27.0010 PM,Aug 31 2019 7:03:27.0010 PM,.0004
UNIT_LBL,UNIT_LBL,UNIT_LBL,R118-P2_P21AEN-LHWTE_C00201,PASS,,,,,,,,,Aug 31 2019 7:03:27.0010 PM,Aug 31 2019 7:03:27.0010 PM,0
BUILD_EVENT,,,,,,,,,,,,,Aug 31 2019 7:03:27.0030 PM,Aug 31 2019 7:03:27.0030 PM,.0005
BUILD_EVENT,BUILD_EVENT,BUILD_EVENT: ,R118-P2,PASS,,,,,,,,,Aug 31 2019 7:03:27.0030 PM,Aug 31 2019 7:03:27.0030 PM,0
BUILD_MATRIX_CONFIG,,,,,,,,,,,,,Aug 31 2019 7:03:27.0050 PM,Aug 31 2019 7:03:27.0050 PM,.0005
BUILD_MATRIX_CONFIG,BUILD_MATRIX_CONFIG,BUILD_MATRIC_CONFIG: ,P21AEN-LHWTE,PASS,,,,,,,,,Aug 31 2019 7:03:27.0050 PM,Aug 31 2019 7:03:27.0050 PM,0
UNIT#,,,,,,,,,,,,,Aug 31 2019 7:03:27.0070 PM,Aug 31 2019 7:03:27.0070 PM,.0005
UNIT#,UNIT#,UNIT#: ,C00201,PASS,,,,,,,,,Aug 31 2019 7:03:27.0070 PM,Aug 31 2019 7:03:27.0070 PM,0
S_BUILD,,,,,,,,,,,,,Aug 31 2019 7:03:27.0090 PM,Aug 31 2019 7:03:27.0090 PM,.0005
S_BUILD,S_BUILD,S_BUILD: ,R118-P2_P21AEN-LHWTE,PASS,,,,,,,,,Aug 31 2019 7:03:27.0090 PM,Aug 31 2019 7:03:27.0090 PM,0
KBM_SN,,,,,,,,,,,,,Aug 31 2019 7:03:27.0110 PM,Aug 31 2019 7:03:27.0110 PM,.0005
KBM_SN,KBM_SN,KBM_SN,C4P932200LVJCPP3Z,PASS,,,,,,,,,Aug 31 2019 7:03:27.0110 PM,Aug 31 2019 7:03:27.0110 PM,0
BACKLIGHT_SN,,,,,,,,,,,,,Aug 31 2019 7:03:27.0130 PM,Aug 31 2019 7:03:27.0130 PM,.0005
BACKLIGHT_SN,BACKLIGHT_SN,BACKLIGHT_SN,GV29347000ZN3LN2W,PASS,,,,,,,,,Aug 31 2019 7:03:27.0130 PM,Aug 31 2019 7:03:27.0130 PM,0
TRACKPAD_SN,,,,,,,,,,,,,Aug 31 2019 7:03:27.0150 PM,Aug 31 2019 7:03:27.0150 PM,.0005
TRACKPAD_SN,TRACKPAD_SN,TRACKPAD_SN,FM7934400FMN0LH1X+S1J,PASS,,,,,,,,,Aug 31 2019 7:03:27.0150 PM,Aug 31 2019 7:03:27.0150 PM,0
TOUCH_FLEX_SN,,,,,,,,,,,,,Aug 31 2019 7:03:27.0170 PM,Aug 31 2019 7:03:27.0170 PM,.0006
TOUCH_FLEX_SN,TOUCH_FLEX_SN,TOUCH_FLEX_SN,C47935308VNMW5D2H,PASS,,,,,,,,,Aug 31 2019 7:03:27.0170 PM,Aug 31 2019 7:03:27.0170 PM,0
CONTROL_BITS_TO_CHECK,,,,,,,,,,,,,Aug 31 2019 7:03:27.0190 PM,Aug 31 2019 7:03:27.0190 PM,.0005
CONTROL_BITS_TO_CHECK,CONTROL_BITS_TO_CHECK,Pending commands and test logic,,FAIL,Pending commands and test logic,,,,,,,,Aug 31 2019 7:03:27.0190 PM,Aug 31 2019 7:03:27.0190 PM,0
STATION_FAIL_COUNT_ALLOWED,,,,,,,,,,,,,Aug 31 2019 7:03:27.0210 PM,Aug 31 2019 7:03:27.0210 PM,.0005
STATION_FAIL_COUNT_ALLOWED,STATION_FAIL_COUNT_ALLOWED,Pending commands and test logic,,FAIL,Pending commands and test logic,,,,,,,,Aug 31 2019 7:03:27.0210 PM,Aug 31 2019 7:03:27.0210 PM,0
Check_EP_Status,,,,,,,,,,,,,Aug 31 2019 7:03:27.0240 PM,Aug 31 2019 7:03:27.9360 PM,.9123
Check_EP_Status,Check_EP_Status,[Hid] /usr/local/bin/hidreport -v 0x05ac -p 0x026E -i 0 set 0x3D 0x3D 0x13 0x0 0x0 0x0,,PASS,,,,,,,,,Aug 31 2019 7:03:27.1250 PM,Aug 31 2019 7:03:27.1250 PM,0
Check_EP_Status,Check_EP_Status,[Hid] /usr/local/bin/hidreport -v 0x05ac -p 0x026E -i 0 get 0x3E,,PASS,,,,,,,,,Aug 31 2019 7:03:27.5560 PM,Aug 31 2019 7:03:27.5560 PM,0
Check_EP_Status,Check_EP_Status,Check_EP_Status,13 00 00 00 01 ,PASS,,,,,,,,,Aug 31 2019 7:03:27.9360 PM,Aug 31 2019 7:03:27.9360 PM,0
EP_Enable_All,,,,,,,,,,,,,Aug 31 2019 7:03:27.9380 PM,Aug 31 2019 7:03:32.0560 PM,4.1178
EP_Enable_All,EP_Enable_All,[Hid] /usr/local/bin/hidreport -v 0x05ac -p 0x026E -i 0 set 0x3E 0x3E 0x13 0x0 0x0 0x0 0x0,,PASS,,,,,,,,,Aug 31 2019 7:03:28.0660 PM,Aug 31 2019 7:03:28.0660 PM,0
EP_Enable_All,EP_Enable_All,EP_Enable_All,to <3E 13 00 00 00 00>),PASS,,,,,,,,,Aug 31 2019 7:03:28.4490 PM,Aug 31 2019 7:03:28.4490 PM,0
EP_Enable_All,EP_Enable_All,[Fixture] Power off,sendCommand,PASS,,,,,,,,,Aug 31 2019 7:03:28.4500 PM,Aug 31 2019 7:03:28.4680 PM,.0187
EP_Enable_All,EP_Enable_All,[Fixture] Power on,sendCommand,PASS,,,,,,,,,Aug 31 2019 7:03:28.9710 PM,Aug 31 2019 7:03:28.9800 PM,.0094
Read_FW_Version,,,,,,,,,,,,,Aug 31 2019 7:03:32.0580 PM,Aug 31 2019 7:03:32.4670 PM,.4092
Read_FW_Version,Read_FW_Version,[Hid] /usr/local/bin/hidreport -pid 0x026E -vid 0x05ac -interface 0 get 0xb4,,PASS,,,,,,,,,Aug 31 2019 7:03:32.1050 PM,Aug 31 2019 7:03:32.1050 PM,0
Read_FW_Version,Read_FW_Version,Read_FW_Version,0x0150,PASS,,,,,,,,,Aug 31 2019 7:03:32.4660 PM,Aug 31 2019 7:03:32.4660 PM,0
Read_HW_Version,,,,,,,,,,,,,Aug 31 2019 7:03:32.4700 PM,Aug 31 2019 7:03:32.9410 PM,.4711
Read_HW_Version,Read_HW_Version,"[Hid] /usr/local/bin/hidreport -pid 0x026E -vid 0x05ac -usage 0xff00,0xb get 0xbc",,PASS,,,,,,,,,Aug 31 2019 7:03:32.5560 PM,Aug 31 2019 7:03:32.5560 PM,0
Read_HW_Version,Read_HW_Version,Read_HW_Version,0x03,PASS,,,,,,,,,Aug 31 2019 7:03:32.9400 PM,Aug 31 2019 7:03:32.9400 PM,0
GreenPAK_ID,,,,,,,,,,,,,Aug 31 2019 7:03:32.9430 PM,Aug 31 2019 7:03:33.3720 PM,.4296
GreenPAK_ID,GreenPAK_ID,"[Hid] /usr/local/bin/hidreport -pid 0x026E -vid 0x05ac -usage 0xff00,0xb get 0x90",,PASS,,,,,,,,,Aug 31 2019 7:03:32.9870 PM,Aug 31 2019 7:03:32.9870 PM,0
GreenPAK_ID,GreenPAK_ID,GreenPAK_ID,02,PASS,,,,,,,,,Aug 31 2019 7:03:33.3720 PM,Aug 31 2019 7:03:33.3720 PM,0
TOUCH_FW,,,,,,,,,,,,,Aug 31 2019 7:03:33.3740 PM,Aug 31 2019 7:03:33.8050 PM,.4304
TOUCH_FW,TOUCH_FW,[Hid] /usr/local/bin/hidreport -pid 0x026E -vid 0x05ac -interface 0 get 0xbb,,PASS,,,,,,,,,Aug 31 2019 7:03:33.4190 PM,Aug 31 2019 7:03:33.4190 PM,0
TOUCH_FW,TOUCH_FW,Touch_FW,0x0503,PASS,,,,,,,,,Aug 31 2019 7:03:33.8040 PM,Aug 31 2019 7:03:33.8040 PM,0
Read_CCG3_FW,,,,,,,,,,,,,Aug 31 2019 7:03:33.8060 PM,Aug 31 2019 7:03:44.6100 PM,10.8032
Read_CCG3_FW,Read_CCG3_FW,"[Hid] /usr/local/bin/hidreport -v 0x05ac -p 0x026E -usage 0xff00,0xb set 0xce 0xce 6 6 0",,PASS,,,,,,,,,Aug 31 2019 7:03:33.9000 PM,Aug 31 2019 7:03:33.9000 PM,0
Read_CCG3_FW,Read_CCG3_FW,"[Hid] /usr/local/bin/hidreport -v 0x05ac -p 0x026E -usage 0xff00,0xb set 0xce 0xce 6 6 0-2",,PASS,,,,,,,,,Aug 31 2019 7:03:37.0470 PM,Aug 31 2019 7:03:37.0470 PM,0
Read_CCG3_FW,Read_CCG3_FW,"[Hid] /usr/local/bin/hidreport -v 0x05ac -p 0x026E -usage 0xff00,0xb get 0xa0",,PASS,,,,,,,,,Aug 31 2019 7:03:37.4960 PM,Aug 31 2019 7:03:37.4960 PM,0
Read_CCG3_FW,Read_CCG3_FW,"[Hid] /usr/local/bin/hidreport -v 0x05ac -p 0x026E -usage 0xff00,0xb get 0xa0-2",,PASS,,,,,,,,,Aug 31 2019 7:03:40.6130 PM,Aug 31 2019 7:03:40.6130 PM,0
Read_CCG3_FW,Read_CCG3_FW,"[Hid] /usr/local/bin/hidreport -v 0x05ac -p 0x026E -usage 0xff00,0xb set 0xce 0xce 6 6 1",,PASS,,,,,,,,,Aug 31 2019 7:03:41.0860 PM,Aug 31 2019 7:03:41.0860 PM,0
Read_CCG3_FW,Read_CCG3_FW,"[Hid] /usr/local/bin/hidreport -v 0x05ac -p 0x026E -usage 0xff00,0xb set 0xce 0xce 6 6 1-2",,PASS,,,,,,,,,Aug 31 2019 7:03:44.2220 PM,Aug 31 2019 7:03:44.2220 PM,0
Read_CCG3_FW,Read_CCG3_FW,ReadCCG3FW,,PASS,,,,,,,,,Aug 31 2019 7:03:44.6090 PM,Aug 31 2019 7:03:44.6090 PM,0
Read_CCG3_FW,Read_CCG3_FW,ReadCCG3FW,0A,PASS,,,,,,,,,Aug 31 2019 7:03:44.6090 PM,Aug 31 2019 7:03:44.6090 PM,0
Production_Signed_Check,,,,,,,,,,,,,Aug 31 2019 7:03:44.6120 PM,Aug 31 2019 7:03:45.0510 PM,.4394
Production_Signed_Check,Production_Signed_Check,"[Hid] /usr/local/bin/hidreport -pid 0x026E -vid 0x05ac -usage 0xff00,0x000b get 0x13",,PASS,,,,,,,,,Aug 31 2019 7:03:44.6630 PM,Aug 31 2019 7:03:44.6630 PM,0
Production_Signed_Check,Production_Signed_Check,CheckProductSign,0x00,PASS,,,,,,,,,Aug 31 2019 7:03:45.0510 PM,Aug 31 2019 7:03:45.0510 PM,0
Read_KBD_HW_Layout,,,,,,,,,,,,,Aug 31 2019 7:03:45.0530 PM,Aug 31 2019 7:03:45.4910 PM,.4381
Read_KBD_HW_Layout,Read_KBD_HW_Layout,"[Hid] /usr/local/bin/hidreport -pid 0x026E -vid 0x05ac -usage 0x0001,0x0006 get 0x04",,PASS,,,,,,,,,Aug 31 2019 7:03:45.1480 PM,Aug 31 2019 7:03:45.1480 PM,0
Read_KBD_HW_Layout,Read_KBD_HW_Layout,Read_KBD_HW_Layout,0x21,PASS,,,,,,,,,Aug 31 2019 7:03:45.4900 PM,Aug 31 2019 7:03:45.4900 PM,0
Get_KBD_HW_Layout,,,,,,,,,,,,,Aug 31 2019 7:03:45.5200 PM,Aug 31 2019 7:03:45.5220 PM,.0013
Get_KBD_HW_Layout,Get_KBD_HW_Layout,Get_KBD_HW_Layout,0x21,PASS,,,,,,,,,Aug 31 2019 7:03:45.5210 PM,Aug 31 2019 7:03:45.5210 PM,0
Compare_KBD_HW_Layout,,,,,,,,,,,,,Aug 31 2019 7:03:45.5290 PM,Aug 31 2019 7:03:45.5300 PM,.0007
Compare_KBD_HW_Layout,Compare_KBD_HW_Layout,Compare_KBD_HW_Layout,,PASS,,,,,,,,,Aug 31 2019 7:03:45.5290 PM,Aug 31 2019 7:03:45.5290 PM,0
Read_MLB_Lang,,,,,,,,,,,,,Aug 31 2019 7:03:45.5330 PM,Aug 31 2019 7:03:46.0290 PM,.4955
Read_MLB_Lang,Read_MLB_Lang,"[Hid] /usr/local/bin/hidreport -pid 0x026E -vid 0x05ac -usage 0x0001,0x0006 get 0x02",,PASS,,,,,,,,,Aug 31 2019 7:03:45.6420 PM,Aug 31 2019 7:03:45.6420 PM,.0001
Read_MLB_Lang,Read_MLB_Lang,Read_MLB_Lang,02 01 01 05 49 ,PASS,,,,,,,,,Aug 31 2019 7:03:46.0290 PM,Aug 31 2019 7:03:46.0290 PM,0
Get_KBD_Lang,,,,,,,,,,,,,Aug 31 2019 7:03:46.0310 PM,Aug 31 2019 7:03:46.0310 PM,.0005
Get_KBD_Lang,Get_KBD_Lang,Get_KBD_Lang,02 01 01 05 49,PASS,,,,,,,,,Aug 31 2019 7:03:46.0310 PM,Aug 31 2019 7:03:46.0310 PM,0
Check_KBD_Lang,,,,,,,,,,,,,Aug 31 2019 7:03:46.0330 PM,Aug 31 2019 7:03:46.0330 PM,.0005
Check_KBD_Lang,Check_KBD_Lang,Check_KBD_Lang,,PASS,,,,,,,,,Aug 31 2019 7:03:46.0330 PM,Aug 31 2019 7:03:46.0330 PM,0
Read_MFI_Address,,,,,,,,,,,,,Aug 31 2019 7:03:46.0350 PM,Aug 31 2019 7:03:46.4510 PM,.4164
Read_MFI_Address,Read_MFI_Address,[Hid] /usr/local/bin/hidreport -p 0x026E -v 0x05ac -i 0 get 0x5E,,PASS,,,,,,,,,Aug 31 2019 7:03:46.1340 PM,Aug 31 2019 7:03:46.1340 PM,0
Read_MFI_Address,Read_MFI_Address,Read_MFI_Address,0x10,PASS,,,,,,,,,Aug 31 2019 7:03:46.4510 PM,Aug 31 2019 7:03:46.4510 PM,0
System_Critical_Errors,,,,,,,,,,,,,Aug 31 2019 7:03:46.4530 PM,Aug 31 2019 7:03:46.9390 PM,.4859
System_Critical_Errors,System_Critical_Errors,"[Hid] /usr/local/bin/hidreport -v 0x05ac -p 0x026E -usage 0xff00,0xb get 0xE1",,PASS,,,,,,,,,Aug 31 2019 7:03:46.5490 PM,Aug 31 2019 7:03:46.5490 PM,0
System_Critical_Errors,System_Critical_Errors,CRIT_ERR_E1_PART1,,PASS,,37383395344384,,,,,,,Aug 31 2019 7:03:46.9380 PM,Aug 31 2019 7:03:46.9380 PM,0
System_Critical_Errors,System_Critical_Errors,CRIT_ERR_E1,,PASS,,,,,,,,,Aug 31 2019 7:03:46.9390 PM,Aug 31 2019 7:03:46.9390 PM,0
FW_Update_Critical_Errors,,,,,,,,,,,,,Aug 31 2019 7:03:46.9410 PM,Aug 31 2019 7:03:50.6300 PM,3.6896
FW_Update_Critical_Errors,FW_Update_Critical_Errors,"[Hid] /usr/local/bin/hidreport -v 0x05ac -p 0x026E -usage 0xff00,0xb get 0xE2",,PASS,,,,,,,,,Aug 31 2019 7:03:47.0060 PM,Aug 31 2019 7:03:47.0060 PM,0
FW_Update_Critical_Errors,FW_Update_Critical_Errors,"[Hid] /usr/local/bin/hidreport -v 0x05ac -p 0x026E -usage 0xff00,0xb get 0xE2-2",,PASS,,,,,,,,,Aug 31 2019 7:03:50.2310 PM,Aug 31 2019 7:03:50.2310 PM,0
FW_Update_Critical_Errors,FW_Update_Critical_Errors,CRIT_ERR_E2_PART1,,PASS,,0,,,,,,,Aug 31 2019 7:03:50.6210 PM,Aug 31 2019 7:03:50.6210 PM,0
FW_Update_Critical_Errors,FW_Update_Critical_Errors,CRIT_ERR_E2_PART2,,PASS,,0,,,,,,,Aug 31 2019 7:03:50.6220 PM,Aug 31 2019 7:03:50.6220 PM,0
FW_Update_Critical_Errors,FW_Update_Critical_Errors,CRIT_ERR_E2_PART3,,PASS,,0,,,,,,,Aug 31 2019 7:03:50.6220 PM,Aug 31 2019 7:03:50.6220 PM,0
FW_Update_Critical_Errors,FW_Update_Critical_Errors,CRIT_ERR_E2_PART4,,PASS,,0,,,,,,,Aug 31 2019 7:03:50.6230 PM,Aug 31 2019 7:03:50.6230 PM,0
FW_Update_Critical_Errors,FW_Update_Critical_Errors,CRIT_ERR_E2_PART5,,PASS,,0,,,,,,,Aug 31 2019 7:03:50.6240 PM,Aug 31 2019 7:03:50.6240 PM,0
FW_Update_Critical_Errors,FW_Update_Critical_Errors,CRIT_ERR_E2_PART6,,PASS,,0,,,,,,,Aug 31 2019 7:03:50.6240 PM,Aug 31 2019 7:03:50.6240 PM,0
FW_Update_Critical_Errors,FW_Update_Critical_Errors,CRIT_ERR_E2_PART7,,PASS,,0,,,,,,,Aug 31 2019 7:03:50.6250 PM,Aug 31 2019 7:03:50.6250 PM,0
FW_Update_Critical_Errors,FW_Update_Critical_Errors,CRIT_ERR_E2_PART8,,PASS,,0,,,,,,,Aug 31 2019 7:03:50.6250 PM,Aug 31 2019 7:03:50.6250 PM,0
FW_Update_Critical_Errors,FW_Update_Critical_Errors,CRIT_ERR_E2_PART9,,PASS,,0,,,,,,,Aug 31 2019 7:03:50.6260 PM,Aug 31 2019 7:03:50.6260 PM,0
FW_Update_Critical_Errors,FW_Update_Critical_Errors,CRIT_ERR_E2,,PASS,,,,,,,,,Aug 31 2019 7:03:50.6300 PM,Aug 31 2019 7:03:50.6300 PM,0
Keyscan_Critical_Errors,,,,,,,,,,,,,Aug 31 2019 7:03:50.6680 PM,Aug 31 2019 7:03:51.1710 PM,.5029
Keyscan_Critical_Errors,Keyscan_Critical_Errors,"[Hid] /usr/local/bin/hidreport -v 0x05ac -p 0x026E -usage 0xff00,0xb get 0xE7",,PASS,,,,,,,,,Aug 31 2019 7:03:50.7720 PM,Aug 31 2019 7:03:50.7720 PM,0
Keyscan_Critical_Errors,Keyscan_Critical_Errors,CRIT_ERR_E7_PART1,,PASS,,0,,,,,,,Aug 31 2019 7:03:51.1650 PM,Aug 31 2019 7:03:51.1650 PM,0
Keyscan_Critical_Errors,Keyscan_Critical_Errors,CRIT_ERR_E7_PART2,,PASS,,0,,,,,,,Aug 31 2019 7:03:51.1650 PM,Aug 31 2019 7:03:51.1650 PM,0
Keyscan_Critical_Errors,Keyscan_Critical_Errors,CRIT_ERR_E7_PART3,,PASS,,0,,,,,,,Aug 31 2019 7:03:51.1650 PM,Aug 31 2019 7:03:51.1650 PM,0
Keyscan_Critical_Errors,Keyscan_Critical_Errors,CRIT_ERR_E7_PART4,,PASS,,0,,,,,,,Aug 31 2019 7:03:51.1660 PM,Aug 31 2019 7:03:51.1660 PM,0
Keyscan_Critical_Errors,Keyscan_Critical_Errors,CRIT_ERR_E7_PART5,,PASS,,0,,,,,,,Aug 31 2019 7:03:51.1660 PM,Aug 31 2019 7:03:51.1660 PM,0
Keyscan_Critical_Errors,Keyscan_Critical_Errors,CRIT_ERR_E7_PART6,,PASS,,0,,,,,,,Aug 31 2019 7:03:51.1660 PM,Aug 31 2019 7:03:51.1660 PM,0
Keyscan_Critical_Errors,Keyscan_Critical_Errors,CRIT_ERR_E7_PART7,,PASS,,0,,,,,,,Aug 31 2019 7:03:51.1660 PM,Aug 31 2019 7:03:51.1660 PM,0
Keyscan_Critical_Errors,Keyscan_Critical_Errors,CRIT_ERR_E7_PART8,,PASS,,0,,,,,,,Aug 31 2019 7:03:51.1670 PM,Aug 31 2019 7:03:51.1670 PM,0
Keyscan_Critical_Errors,Keyscan_Critical_Errors,CRIT_ERR_E7_PART9,,PASS,,0,,,,,,,Aug 31 2019 7:03:51.1670 PM,Aug 31 2019 7:03:51.1670 PM,0
Keyscan_Critical_Errors,Keyscan_Critical_Errors,CRIT_ERR_E7_PART10,,PASS,,0,,,,,,,Aug 31 2019 7:03:51.1670 PM,Aug 31 2019 7:03:51.1670 PM,0
Keyscan_Critical_Errors,Keyscan_Critical_Errors,CRIT_ERR_E7_PART11,,PASS,,0,,,,,,,Aug 31 2019 7:03:51.1680 PM,Aug 31 2019 7:03:51.1680 PM,0
Keyscan_Critical_Errors,Keyscan_Critical_Errors,CRIT_ERR_E7_PART12,,PASS,,0,,,,,,,Aug 31 2019 7:03:51.1680 PM,Aug 31 2019 7:03:51.1680 PM,0
Keyscan_Critical_Errors,Keyscan_Critical_Errors,CRIT_ERR_E7_PART13,,PASS,,0,,,,,,,Aug 31 2019 7:03:51.1680 PM,Aug 31 2019 7:03:51.1680 PM,0
Keyscan_Critical_Errors,Keyscan_Critical_Errors,CRIT_ERR_E7_PART14,,PASS,,0,,,,,,,Aug 31 2019 7:03:51.1680 PM,Aug 31 2019 7:03:51.1680 PM,0
Keyscan_Critical_Errors,Keyscan_Critical_Errors,CRIT_ERR_E7_PART15,,PASS,,0,,,,,,,Aug 31 2019 7:03:51.1690 PM,Aug 31 2019 7:03:51.1690 PM,0
Keyscan_Critical_Errors,Keyscan_Critical_Errors,CRIT_ERR_E7_PART16,,PASS,,0,,,,,,,Aug 31 2019 7:03:51.1690 PM,Aug 31 2019 7:03:51.1690 PM,0
Keyscan_Critical_Errors,Keyscan_Critical_Errors,CRIT_ERR_E7_PART17,,PASS,,0,,,,,,,Aug 31 2019 7:03:51.1690 PM,Aug 31 2019 7:03:51.1690 PM,0
Keyscan_Critical_Errors,Keyscan_Critical_Errors,CRIT_ERR_E7,,PASS,,,,,,,,,Aug 31 2019 7:03:51.1700 PM,Aug 31 2019 7:03:51.1700 PM,0
USBC_Critical_Errors,,,,,,,,,,,,,Aug 31 2019 7:03:51.1730 PM,Aug 31 2019 7:03:51.6680 PM,.4951
USBC_Critical_Errors,USBC_Critical_Errors,"[Hid] /usr/local/bin/hidreport -v 0x05ac -p 0x026E -usage 0xff00,0xb get 0xE3",,PASS,,,,,,,,,Aug 31 2019 7:03:51.2770 PM,Aug 31 2019 7:03:51.2770 PM,0
USBC_Critical_Errors,USBC_Critical_Errors,CRIT_ERR_E3_PART1,,PASS,,0,,,,,,,Aug 31 2019 7:03:51.6620 PM,Aug 31 2019 7:03:51.6620 PM,0
USBC_Critical_Errors,USBC_Critical_Errors,CRIT_ERR_E3_PART2,,PASS,,0,,,,,,,Aug 31 2019 7:03:51.6630 PM,Aug 31 2019 7:03:51.6630 PM,0
USBC_Critical_Errors,USBC_Critical_Errors,CRIT_ERR_E3_PART3,,PASS,,0,,,,,,,Aug 31 2019 7:03:51.6630 PM,Aug 31 2019 7:03:51.6630 PM,0
USBC_Critical_Errors,USBC_Critical_Errors,CRIT_ERR_E3_PART4,,PASS,,0,,,,,,,Aug 31 2019 7:03:51.6630 PM,Aug 31 2019 7:03:51.6630 PM,0
USBC_Critical_Errors,USBC_Critical_Errors,CRIT_ERR_E3_PART5,,PASS,,0,,,,,,,Aug 31 2019 7:03:51.6640 PM,Aug 31 2019 7:03:51.6640 PM,0
USBC_Critical_Errors,USBC_Critical_Errors,CRIT_ERR_E3_PART6,,PASS,,0,,,,,,,Aug 31 2019 7:03:51.6640 PM,Aug 31 2019 7:03:51.6640 PM,0
USBC_Critical_Errors,USBC_Critical_Errors,CRIT_ERR_E3_PART7,,PASS,,0,,,,,,,Aug 31 2019 7:03:51.6640 PM,Aug 31 2019 7:03:51.6640 PM,0
USBC_Critical_Errors,USBC_Critical_Errors,CRIT_ERR_E3_PART8,,PASS,,0,,,,,,,Aug 31 2019 7:03:51.6650 PM,Aug 31 2019 7:03:51.6650 PM,0
USBC_Critical_Errors,USBC_Critical_Errors,CRIT_ERR_E3_PART9,,PASS,,0,,,,,,,Aug 31 2019 7:03:51.6650 PM,Aug 31 2019 7:03:51.6650 PM,0
USBC_Critical_Errors,USBC_Critical_Errors,CRIT_ERR_E3_PART10,,PASS,,0,,,,,,,Aug 31 2019 7:03:51.6650 PM,Aug 31 2019 7:03:51.6650 PM,0
USBC_Critical_Errors,USBC_Critical_Errors,CRIT_ERR_E3_PART11,,PASS,,0,,,,,,,Aug 31 2019 7:03:51.6650 PM,Aug 31 2019 7:03:51.6650 PM,0
USBC_Critical_Errors,USBC_Critical_Errors,CRIT_ERR_E3_PART12,,PASS,,0,,,,,,,Aug 31 2019 7:03:51.6660 PM,Aug 31 2019 7:03:51.6660 PM,0
USBC_Critical_Errors,USBC_Critical_Errors,CRIT_ERR_E3_PART13,,PASS,,0,,,,,,,Aug 31 2019 7:03:51.6660 PM,Aug 31 2019 7:03:51.6660 PM,0
USBC_Critical_Errors,USBC_Critical_Errors,CRIT_ERR_E3_PART14,,PASS,,0,,,,,,,Aug 31 2019 7:03:51.6660 PM,Aug 31 2019 7:03:51.6660 PM,0
USBC_Critical_Errors,USBC_Critical_Errors,CRIT_ERR_E3_PART15,,PASS,,0,,,,,,,Aug 31 2019 7:03:51.6670 PM,Aug 31 2019 7:03:51.6670 PM,0
USBC_Critical_Errors,USBC_Critical_Errors,CRIT_ERR_E3,,PASS,,,,,,,,,Aug 31 2019 7:03:51.6680 PM,Aug 31 2019 7:03:51.6680 PM,0
GRAPE_Critical_Errors,,,,,,,,,,,,,Aug 31 2019 7:03:51.6710 PM,Aug 31 2019 7:03:52.1690 PM,.4989
GRAPE_Critical_Errors,GRAPE_Critical_Errors,"[Hid] /usr/local/bin/hidreport -v 0x05ac -p 0x026E -usage 0xff00,0xb get 0xE5",,PASS,,,,,,,,,Aug 31 2019 7:03:51.7710 PM,Aug 31 2019 7:03:51.7710 PM,0
GRAPE_Critical_Errors,GRAPE_Critical_Errors,CRIT_ERR_E5_PART1,,PASS,,282643207815168,,,,,,,Aug 31 2019 7:03:52.1330 PM,Aug 31 2019 7:03:52.1330 PM,0
GRAPE_Critical_Errors,GRAPE_Critical_Errors,CRIT_ERR_E5_PART2,,PASS,,4522291325042688,,,,,,,Aug 31 2019 7:03:52.1330 PM,Aug 31 2019 7:03:52.1330 PM,0
GRAPE_Critical_Errors,GRAPE_Critical_Errors,CRIT_ERR_E5_PART3,,PASS,,72356661200683008,,,,,,,Aug 31 2019 7:03:52.1340 PM,Aug 31 2019 7:03:52.1340 PM,0
GRAPE_Critical_Errors,GRAPE_Critical_Errors,CRIT_ERR_E5_PART4,,PASS,,1157706579210928128,,,,,,,Aug 31 2019 7:03:52.1340 PM,Aug 31 2019 7:03:52.1340 PM,0
GRAPE_Critical_Errors,GRAPE_Critical_Errors,CRIT_ERR_E5_PART5,,PASS,,9223372036854775807,,,,,,,Aug 31 2019 7:03:52.1350 PM,Aug 31 2019 7:03:52.1350 PM,0
GRAPE_Critical_Errors,GRAPE_Critical_Errors,CRIT_ERR_E5_PART6,,PASS,,9223372036854775807,,,,,,,Aug 31 2019 7:03:52.1350 PM,Aug 31 2019 7:03:52.1350 PM,0
GRAPE_Critical_Errors,GRAPE_Critical_Errors,CRIT_ERR_E5_PART7,,PASS,,9223372036854775807,,,,,,,Aug 31 2019 7:03:52.1360 PM,Aug 31 2019 7:03:52.1360 PM,0
GRAPE_Critical_Errors,GRAPE_Critical_Errors,CRIT_ERR_E5_PART8,,PASS,,9223372036854775807,,,,,,,Aug 31 2019 7:03:52.1360 PM,Aug 31 2019 7:03:52.1360 PM,0
GRAPE_Critical_Errors,GRAPE_Critical_Errors,CRIT_ERR_E5_PART9,,PASS,,9223372036854775807,,,,,,,Aug 31 2019 7:03:52.1370 PM,Aug 31 2019 7:03:52.1370 PM,0
GRAPE_Critical_Errors,GRAPE_Critical_Errors,CRIT_ERR_E5_PART10,,PASS,,9223372036854775807,,,,,,,Aug 31 2019 7:03:52.1370 PM,Aug 31 2019 7:03:52.1370 PM,0
GRAPE_Critical_Errors,GRAPE_Critical_Errors,CRIT_ERR_E5_PART11,,PASS,,9223372036854775807,,,,,,,Aug 31 2019 7:03:52.1370 PM,Aug 31 2019 7:03:52.1370 PM,0
GRAPE_Critical_Errors,GRAPE_Critical_Errors,CRIT_ERR_E5_PART12,,PASS,,9223372036854775807,,,,,,,Aug 31 2019 7:03:52.1380 PM,Aug 31 2019 7:03:52.1380 PM,0
GRAPE_Critical_Errors,GRAPE_Critical_Errors,CRIT_ERR_E5_PART13,,PASS,,9223372036854775807,,,,,,,Aug 31 2019 7:03:52.1380 PM,Aug 31 2019 7:03:52.1380 PM,0
GRAPE_Critical_Errors,GRAPE_Critical_Errors,CRIT_ERR_E5_PART14,,PASS,,9223372036854775807,,,,,,,Aug 31 2019 7:03:52.1390 PM,Aug 31 2019 7:03:52.1390 PM,0
GRAPE_Critical_Errors,GRAPE_Critical_Errors,CRIT_ERR_E5_PART15,,PASS,,9223372036854775807,,,,,,,Aug 31 2019 7:03:52.1390 PM,Aug 31 2019 7:03:52.1390 PM,0
GRAPE_Critical_Errors,GRAPE_Critical_Errors,CRIT_ERR_E5_PART16,,PASS,,9223372036854775807,,,,,,,Aug 31 2019 7:03:52.1400 PM,Aug 31 2019 7:03:52.1400 PM,0
GRAPE_Critical_Errors,GRAPE_Critical_Errors,CRIT_ERR_E5_PART17,,PASS,,9223372036854775807,,,,,,,Aug 31 2019 7:03:52.1400 PM,Aug 31 2019 7:03:52.1400 PM,0
GRAPE_Critical_Errors,GRAPE_Critical_Errors,CRIT_ERR_E5_PART18,,PASS,,9223372036854775807,,,,,,,Aug 31 2019 7:03:52.1410 PM,Aug 31 2019 7:03:52.1410 PM,0
GRAPE_Critical_Errors,GRAPE_Critical_Errors,CRIT_ERR_E5_PART19,,PASS,,9223372036854775807,,,,,,,Aug 31 2019 7:03:52.1410 PM,Aug 31 2019 7:03:52.1410 PM,0
GRAPE_Critical_Errors,GRAPE_Critical_Errors,CRIT_ERR_E5_PART20,,PASS,,9223372036854775807,,,,,,,Aug 31 2019 7:03:52.1420 PM,Aug 31 2019 7:03:52.1420 PM,0
GRAPE_Critical_Errors,GRAPE_Critical_Errors,CRIT_ERR_E5_PART21,,PASS,,9223372036854775807,,,,,,,Aug 31 2019 7:03:52.1420 PM,Aug 31 2019 7:03:52.1420 PM,0
GRAPE_Critical_Errors,GRAPE_Critical_Errors,CRIT_ERR_E5_PART22,,PASS,,9223372036854775807,,,,,,,Aug 31 2019 7:03:52.1430 PM,Aug 31 2019 7:03:52.1430 PM,0
GRAPE_Critical_Errors,GRAPE_Critical_Errors,CRIT_ERR_E5_PART23,,PASS,,9223372036854775807,,,,,,,Aug 31 2019 7:03:52.1430 PM,Aug 31 2019 7:03:52.1430 PM,0
GRAPE_Critical_Errors,GRAPE_Critical_Errors,CRIT_ERR_E5_PART24,,PASS,,9223372036854775807,,,,,,,Aug 31 2019 7:03:52.1440 PM,Aug 31 2019 7:03:52.1440 PM,0
GRAPE_Critical_Errors,GRAPE_Critical_Errors,CRIT_ERR_E5_PART25,,PASS,,9223372036854775807,,,,,,,Aug 31 2019 7:03:52.1480 PM,Aug 31 2019 7:03:52.1480 PM,0
GRAPE_Critical_Errors,GRAPE_Critical_Errors,CRIT_ERR_E5_PART26,,PASS,,9223372036854775807,,,,,,,Aug 31 2019 7:03:52.1490 PM,Aug 31 2019 7:03:52.1490 PM,0
GRAPE_Critical_Errors,GRAPE_Critical_Errors,CRIT_ERR_E5_PART27,,PASS,,9223372036854775807,,,,,,,Aug 31 2019 7:03:52.1490 PM,Aug 31 2019 7:03:52.1490 PM,0
GRAPE_Critical_Errors,GRAPE_Critical_Errors,CRIT_ERR_E5_PART28,,PASS,,9223372036854775807,,,,,,,Aug 31 2019 7:03:52.1500 PM,Aug 31 2019 7:03:52.1500 PM,0
GRAPE_Critical_Errors,GRAPE_Critical_Errors,CRIT_ERR_E5_PART29,,PASS,,9223372036854775807,,,,,,,Aug 31 2019 7:03:52.1500 PM,Aug 31 2019 7:03:52.1500 PM,0
GRAPE_Critical_Errors,GRAPE_Critical_Errors,CRIT_ERR_E5_PART30,,PASS,,9223372036854775807,,,,,,,Aug 31 2019 7:03:52.1510 PM,Aug 31 2019 7:03:52.1510 PM,0
GRAPE_Critical_Errors,GRAPE_Critical_Errors,CRIT_ERR_E5_PART31,,PASS,,9223372036854775807,,,,,,,Aug 31 2019 7:03:52.1510 PM,Aug 31 2019 7:03:52.1510 PM,0
GRAPE_Critical_Errors,GRAPE_Critical_Errors,CRIT_ERR_E5_PART32,,PASS,,9223372036854775807,,,,,,,Aug 31 2019 7:03:52.1520 PM,Aug 31 2019 7:03:52.1520 PM,0
GRAPE_Critical_Errors,GRAPE_Critical_Errors,CRIT_ERR_E5_PART33,,PASS,,9223372036854775807,,,,,,,Aug 31 2019 7:03:52.1520 PM,Aug 31 2019 7:03:52.1520 PM,0
GRAPE_Critical_Errors,GRAPE_Critical_Errors,CRIT_ERR_E5_PART34,,PASS,,9223372036854775807,,,,,,,Aug 31 2019 7:03:52.1530 PM,Aug 31 2019 7:03:52.1530 PM,0
GRAPE_Critical_Errors,GRAPE_Critical_Errors,CRIT_ERR_E5_PART35,,PASS,,9223372036854775807,,,,,,,Aug 31 2019 7:03:52.1530 PM,Aug 31 2019 7:03:52.1530 PM,0
GRAPE_Critical_Errors,GRAPE_Critical_Errors,CRIT_ERR_E5_PART36,,PASS,,9223372036854775807,,,,,,,Aug 31 2019 7:03:52.1540 PM,Aug 31 2019 7:03:52.1540 PM,0
GRAPE_Critical_Errors,GRAPE_Critical_Errors,CRIT_ERR_E5_PART37,,PASS,,9223372036854775807,,,,,,,Aug 31 2019 7:03:52.1540 PM,Aug 31 2019 7:03:52.1540 PM,0
GRAPE_Critical_Errors,GRAPE_Critical_Errors,CRIT_ERR_E5_PART38,,PASS,,9223372036854775807,,,,,,,Aug 31 2019 7:03:52.1540 PM,Aug 31 2019 7:03:52.1540 PM,0
GRAPE_Critical_Errors,GRAPE_Critical_Errors,CRIT_ERR_E5_PART39,,PASS,,9223372036854775807,,,,,,,Aug 31 2019 7:03:52.1550 PM,Aug 31 2019 7:03:52.1550 PM,0
GRAPE_Critical_Errors,GRAPE_Critical_Errors,CRIT_ERR_E5_PART40,,PASS,,9223372036854775807,,,,,,,Aug 31 2019 7:03:52.1550 PM,Aug 31 2019 7:03:52.1550 PM,0
GRAPE_Critical_Errors,GRAPE_Critical_Errors,CRIT_ERR_E5_PART41,,PASS,,9223372036854775807,,,,,,,Aug 31 2019 7:03:52.1560 PM,Aug 31 2019 7:03:52.1560 PM,0
GRAPE_Critical_Errors,GRAPE_Critical_Errors,CRIT_ERR_E5_PART42,,PASS,,9223372036854775807,,,,,,,Aug 31 2019 7:03:52.1560 PM,Aug 31 2019 7:03:52.1560 PM,0
GRAPE_Critical_Errors,GRAPE_Critical_Errors,CRIT_ERR_E5_PART43,,PASS,,9223372036854775807,,,,,,,Aug 31 2019 7:03:52.1570 PM,Aug 31 2019 7:03:52.1570 PM,0
GRAPE_Critical_Errors,GRAPE_Critical_Errors,CRIT_ERR_E5_PART44,,PASS,,9223372036854775807,,,,,,,Aug 31 2019 7:03:52.1570 PM,Aug 31 2019 7:03:52.1570 PM,0
GRAPE_Critical_Errors,GRAPE_Critical_Errors,CRIT_ERR_E5_PART45,,PASS,,9223372036854775807,,,,,,,Aug 31 2019 7:03:52.1580 PM,Aug 31 2019 7:03:52.1580 PM,0
GRAPE_Critical_Errors,GRAPE_Critical_Errors,CRIT_ERR_E5_PART46,,PASS,,9223372036854775807,,,,,,,Aug 31 2019 7:03:52.1610 PM,Aug 31 2019 7:03:52.1610 PM,0
GRAPE_Critical_Errors,GRAPE_Critical_Errors,CRIT_ERR_E5_PART47,,PASS,,9223372036854775807,,,,,,,Aug 31 2019 7:03:52.1610 PM,Aug 31 2019 7:03:52.1610 PM,0
GRAPE_Critical_Errors,GRAPE_Critical_Errors,CRIT_ERR_E5_PART48,,PASS,,9223372036854775807,,,,,,,Aug 31 2019 7:03:52.1620 PM,Aug 31 2019 7:03:52.1620 PM,0
GRAPE_Critical_Errors,GRAPE_Critical_Errors,CRIT_ERR_E5_PART49,,PASS,,9223372036854775807,,,,,,,Aug 31 2019 7:03:52.1620 PM,Aug 31 2019 7:03:52.1620 PM,0
GRAPE_Critical_Errors,GRAPE_Critical_Errors,CRIT_ERR_E5_PART50,,PASS,,9223372036854775807,,,,,,,Aug 31 2019 7:03:52.1630 PM,Aug 31 2019 7:03:52.1630 PM,0
GRAPE_Critical_Errors,GRAPE_Critical_Errors,CRIT_ERR_E5_PART51,,PASS,,9223372036854775807,,,,,,,Aug 31 2019 7:03:52.1630 PM,Aug 31 2019 7:03:52.1630 PM,0
GRAPE_Critical_Errors,GRAPE_Critical_Errors,CRIT_ERR_E5_PART52,,PASS,,9223372036854775807,,,,,,,Aug 31 2019 7:03:52.1640 PM,Aug 31 2019 7:03:52.1640 PM,0
GRAPE_Critical_Errors,GRAPE_Critical_Errors,CRIT_ERR_E5_PART53,,PASS,,9223372036854775807,,,,,,,Aug 31 2019 7:03:52.1640 PM,Aug 31 2019 7:03:52.1640 PM,0
GRAPE_Critical_Errors,GRAPE_Critical_Errors,CRIT_ERR_E5_PART54,,PASS,,9223372036854775807,,,,,,,Aug 31 2019 7:03:52.1650 PM,Aug 31 2019 7:03:52.1650 PM,0
GRAPE_Critical_Errors,GRAPE_Critical_Errors,CRIT_ERR_E5_PART55,,PASS,,9223372036854775807,,,,,,,Aug 31 2019 7:03:52.1650 PM,Aug 31 2019 7:03:52.1650 PM,0
GRAPE_Critical_Errors,GRAPE_Critical_Errors,CRIT_ERR_E5_PART56,,PASS,,9223372036854775807,,,,,,,Aug 31 2019 7:03:52.1650 PM,Aug 31 2019 7:03:52.1660 PM,0
GRAPE_Critical_Errors,GRAPE_Critical_Errors,CRIT_ERR_E5_PART57,,PASS,,9223372036854775807,,,,,,,Aug 31 2019 7:03:52.1660 PM,Aug 31 2019 7:03:52.1660 PM,0
GRAPE_Critical_Errors,GRAPE_Critical_Errors,CRIT_ERR_E5_PART58,,PASS,,9223372036854775807,,,,,,,Aug 31 2019 7:03:52.1660 PM,Aug 31 2019 7:03:52.1660 PM,0
GRAPE_Critical_Errors,GRAPE_Critical_Errors,CRIT_ERR_E5_PART59,,PASS,,9223372036854775807,,,,,,,Aug 31 2019 7:03:52.1670 PM,Aug 31 2019 7:03:52.1670 PM,0
GRAPE_Critical_Errors,GRAPE_Critical_Errors,CRIT_ERR_E5,,FAIL,,,,,,,,,Aug 31 2019 7:03:52.1690 PM,Aug 31 2019 7:03:52.1690 PM,0
Critical_Errors_Summary,,,,,,,,,,,,,Aug 31 2019 7:03:52.1800 PM,Aug 31 2019 7:03:52.6870 PM,.5063
Critical_Errors_Summary,Critical_Errors_Summary,"[Hid] /usr/local/bin/hidreport -pid 0x026E -vid 0x05ac -usage 0xff00,0xb get 0xE0",,PASS,,,,,,,,,Aug 31 2019 7:03:52.2940 PM,Aug 31 2019 7:03:52.2940 PM,0
Critical_Errors_Summary,Critical_Errors_Summary,CRIT_ERR_E0_PART1,,PASS,,536870912,,,,,,,Aug 31 2019 7:03:52.6860 PM,Aug 31 2019 7:03:52.6860 PM,0
Critical_Errors_Summary,Critical_Errors_Summary,CRIT_ERR_E0,,FAIL,,,,,,,,,Aug 31 2019 7:03:52.6860 PM,Aug 31 2019 7:03:52.6860 PM,0
BL_Critical_Errors,,,,,,,,,,,,,Aug 31 2019 7:03:52.6890 PM,Aug 31 2019 7:03:53.1020 PM,.4128
BL_Critical_Errors,BL_Critical_Errors,"[Hid] /usr/local/bin/hidreport -pid 0x026E -vid 0x05ac -usage 0xff00,0xf get 0x07",,PASS,,,,,,,,,Aug 31 2019 7:03:52.7850 PM,Aug 31 2019 7:03:52.7850 PM,0
BL_Critical_Errors,BL_Critical_Errors,BL_CRI_ERR_PART1,,PASS,,0,,,,,,,Aug 31 2019 7:03:53.1010 PM,Aug 31 2019 7:03:53.1010 PM,0
BL_Critical_Errors,BL_Critical_Errors,BL_CRI_ERR,,PASS,,,,,,,,,Aug 31 2019 7:03:53.1010 PM,Aug 31 2019 7:03:53.1010 PM,0
GrapeConnector_Critical_Errors,,,,,,,,,,,,,Aug 31 2019 7:03:53.1030 PM,Aug 31 2019 7:04:18.7830 PM,25.6799
GrapeConnector_Critical_Errors,GrapeConnector_Critical_Errors,"[Hid] /usr/local/bin/hidreport -v 0x5ac -p 0x026E -usage 0x0001,0x0002 get 0xD3",,PASS,,,,,,,,,Aug 31 2019 7:03:53.1490 PM,Aug 31 2019 7:03:53.1490 PM,0
GrapeConnector_Critical_Errors,GrapeConnector_Critical_Errors,"[Hid] /usr/local/bin/hidreport -v 0x5ac -p 0x026E -usage 0x0001,0x0002 get 0xD3-2",,PASS,,,,,,,,,Aug 31 2019 7:03:56.2830 PM,Aug 31 2019 7:03:56.2830 PM,0
GrapeConnector_Critical_Errors,GrapeConnector_Critical_Errors,"[Hid] /usr/local/bin/hidreport -v 0x5ac -p 0x026E -usage 0x0001,0x0002 get 0xD3-3",,PASS,,,,,,,,,Aug 31 2019 7:03:59.4210 PM,Aug 31 2019 7:03:59.4210 PM,0
GrapeConnector_Critical_Errors,GrapeConnector_Critical_Errors,[Fixture] Power off,sendCommand,PASS,,,,,,,,,Aug 31 2019 7:04:02.4370 PM,Aug 31 2019 7:04:02.4540 PM,.0175
GrapeConnector_Critical_Errors,GrapeConnector_Critical_Errors,[Fixture] Power on,sendCommand,PASS,,,,,,,,,Aug 31 2019 7:04:02.8280 PM,Aug 31 2019 7:04:02.8380 PM,.0107
GrapeConnector_Critical_Errors,GrapeConnector_Critical_Errors,"[Hid] /usr/local/bin/hidreport -v 0x5ac -p 0x026E -usage 0x0001,0x0002 get 0xD3-4",,PASS,,,,,,,,,Aug 31 2019 7:04:05.9580 PM,Aug 31 2019 7:04:05.9580 PM,0
GrapeConnector_Critical_Errors,GrapeConnector_Critical_Errors,"[Hid] /usr/local/bin/hidreport -v 0x5ac -p 0x026E -usage 0x0001,0x0002 get 0xD3-5",,PASS,,,,,,,,,Aug 31 2019 7:04:09.1330 PM,Aug 31 2019 7:04:09.1330 PM,0
GrapeConnector_Critical_Errors,GrapeConnector_Critical_Errors,"[Hid] /usr/local/bin/hidreport -v 0x5ac -p 0x026E -usage 0x0001,0x0002 get 0xD3-6",,PASS,,,,,,,,,Aug 31 2019 7:04:12.2380 PM,Aug 31 2019 7:04:12.2380 PM,0
GrapeConnector_Critical_Errors,GrapeConnector_Critical_Errors,[Fixture] Power off,sendCommand-2,PASS,,,,,,,,,Aug 31 2019 7:04:15.3200 PM,Aug 31 2019 7:04:15.3300 PM,.0094
GrapeConnector_Critical_Errors,GrapeConnector_Critical_Errors,[Fixture] Power on,sendCommand-2,PASS,,,,,,,,,Aug 31 2019 7:04:15.7020 PM,Aug 31 2019 7:04:15.7130 PM,.0117
GrapeConnector_Critical_Errors,GrapeConnector_Critical_Errors,,,FAIL,"FAIL_CMD : /usr/local/bin/hidreport -v 0x5ac -p 0x026E -usage 0x0001,0x0002 get 0xD3",,,,,,,,Aug 31 2019 7:04:18.7830 PM,Aug 31 2019 7:04:18.7830 PM,0
Write CB,,,,,,,,,,,,,Aug 31 2019 7:04:18.7860 PM,Aug 31 2019 7:04:18.7870 PM,.0005
Write CB,Write CB,Pending commands and test logic,,FAIL,Pending commands and test logic,,,,,,,,Aug 31 2019 7:04:18.7860 PM,Aug 31 2019 7:04:18.7860 PM,0
Fixturereset,,,,,,,,,,,,,Aug 31 2019 7:04:18.7880 PM,Aug 31 2019 7:04:20.2460 PM,1.4575
Fixturereset,Fixturereset,[Fixture] Retract pogo,sendCommand,PASS,,,,,,,,,Aug 31 2019 7:04:18.7900 PM,Aug 31 2019 7:04:19.1680 PM,.3782
Fixturereset,Fixturereset,Fixture,close,PASS,,,,,,,,,Aug 31 2019 7:04:20.2410 PM,Aug 31 2019 7:04:20.2420 PM,.0005
Fixturereset,Fixturereset,P203,close,PASS,,,,,,,,,Aug 31 2019 7:04:20.2430 PM,Aug 31 2019 7:04:20.2450 PM,.0022
Finish DRCB,,,,,,,,,,,,,Aug 31 2019 7:04:20.2480 PM,Aug 31 2019 7:04:20.4160 PM,.1679
Finish DRCB,Finish DRCB,DRCB,Finish-StationFileSecurity,FAIL,station no longer secure,,,,,,,,Aug 31 2019 7:04:20.2490 PM,Aug 31 2019 7:04:20.2490 PM,0
Finish DRCB,Finish DRCB,DRCB,Finish,PASS,,,,,,,,,Aug 31 2019 7:04:20.2490 PM,Aug 31 2019 7:04:20.4130 PM,.1644
Finish DRCB,Finish DRCB,,,FAIL,com.apple.hwte.rush.module.atlas.exception.PluginFailedError,,,,,,,,Aug 31 2019 7:04:20.4150 PM,Aug 31 2019 7:04:20.4150 PM,0
