Test,Plugin,Command,Status,Info,Start Time,End Time,Duration (s)
Scan_FG_SN,com.apple.hwte.atlas.AppPlugin,show-form,PASS,,Aug 31 2019 7:03:11.8220 PM,Aug 31 2019 7:03:13.1880 PM,1.3664
Fixtureinit,Fixture,changeDelimiter,PASS,,Aug 31 2019 7:03:13.1940 PM,Aug 31 2019 7:03:13.1940 PM,.0001
Fixtureinit,Fixture,changeLineTerminator,PASS,,Aug 31 2019 7:03:13.1960 PM,Aug 31 2019 7:03:13.1960 PM,0
Fixtureinit,Fixture,open,PASS,,Aug 31 2019 7:03:13.1970 PM,Aug 31 2019 7:03:14.7890 PM,1.5916
Fixtureinit,Fixture,read,PASS,,Aug 31 2019 7:03:14.7910 PM,Aug 31 2019 7:03:14.8200 PM,.0291
Fixtureinit,P203,changeDelimiter,PASS,,Aug 31 2019 7:03:14.8220 PM,Aug 31 2019 7:03:14.8220 PM,.0001
Fixtureinit,P203,changeLineTerminator,PASS,,Aug 31 2019 7:03:14.8230 PM,Aug 31 2019 7:03:14.8230 PM,0
Fixtureinit,P203,open,PASS,,Aug 31 2019 7:03:14.8250 PM,Aug 31 2019 7:03:16.4190 PM,1.5942
Fixtureinit,P203,read,PASS,,Aug 31 2019 7:03:16.4210 PM,Aug 31 2019 7:03:16.4500 PM,.0291
Fixtureinit,Fixture,sendCommand,PASS,,Aug 31 2019 7:03:16.4510 PM,Aug 31 2019 7:03:16.4650 PM,.014
Fixtureinit,Fixture,sendCommand,PASS,,Aug 31 2019 7:03:16.4690 PM,Aug 31 2019 7:03:16.4840 PM,.0144
Fixtureinit,Fixture,sendCommand,PASS,,Aug 31 2019 7:03:17.5560 PM,Aug 31 2019 7:03:17.5680 PM,.0116
Fixtureinit,Fixture,sendCommand,PASS,,Aug 31 2019 7:03:20.6420 PM,Aug 31 2019 7:03:20.9570 PM,.3146
Start Data Reporting,DRCB,startDataReporting,PASS,,Aug 31 2019 7:03:26.0320 PM,Aug 31 2019 7:03:26.0440 PM,.0121
Get_SFC_Info,SFCSupport,getAttribute,PASS,,Aug 31 2019 7:03:26.4920 PM,Aug 31 2019 7:03:26.5190 PM,.0264
Get_SFC_Info,SFCSupport,getAttribute,PASS,,Aug 31 2019 7:03:26.5210 PM,Aug 31 2019 7:03:26.5260 PM,.0048
Get_SFC_Info,SFCSupport,getAttribute,PASS,,Aug 31 2019 7:03:26.5270 PM,Aug 31 2019 7:03:26.5310 PM,.004
Get_SFC_Info,SFCSupport,getAttribute,PASS,,Aug 31 2019 7:03:26.5330 PM,Aug 31 2019 7:03:26.5390 PM,.0057
Get_SFC_Info,SFCSupport,getAttribute,PASS,,Aug 31 2019 7:03:26.5400 PM,Aug 31 2019 7:03:26.5450 PM,.0045
Get_SFC_Info,SFCSupport,getAttribute,PASS,,Aug 31 2019 7:03:26.5460 PM,Aug 31 2019 7:03:26.5510 PM,.0048
Get_SFC_Info,SFCSupport,getAttribute,PASS,,Aug 31 2019 7:03:26.5530 PM,Aug 31 2019 7:03:26.5570 PM,.0043
EP_Enable_All,Fixture,sendCommand,PASS,,Aug 31 2019 7:03:28.4500 PM,Aug 31 2019 7:03:28.4690 PM,.0187
EP_Enable_All,Fixture,sendCommand,PASS,,Aug 31 2019 7:03:28.9700 PM,Aug 31 2019 7:03:28.9800 PM,.0095
GrapeConnector_Critical_Errors,Fixture,sendCommand,PASS,,Aug 31 2019 7:04:02.4370 PM,Aug 31 2019 7:04:02.4540 PM,.0176
GrapeConnector_Critical_Errors,Fixture,sendCommand,PASS,,Aug 31 2019 7:04:02.8280 PM,Aug 31 2019 7:04:02.8380 PM,.0107
GrapeConnector_Critical_Errors,Fixture,sendCommand,PASS,,Aug 31 2019 7:04:15.3200 PM,Aug 31 2019 7:04:15.3300 PM,.0094
GrapeConnector_Critical_Errors,Fixture,sendCommand,PASS,,Aug 31 2019 7:04:15.7020 PM,Aug 31 2019 7:04:15.7130 PM,.0117
Fixturereset,Fixture,sendCommand,PASS,,Aug 31 2019 7:04:18.7900 PM,Aug 31 2019 7:04:19.1680 PM,.3783
Fixturereset,Fixture,close,PASS,,Aug 31 2019 7:04:20.2410 PM,Aug 31 2019 7:04:20.2420 PM,.0006
Fixturereset,P203,close,PASS,,Aug 31 2019 7:04:20.2430 PM,Aug 31 2019 7:04:20.2450 PM,.0022
Finish DRCB,DRCB,finish,FAIL,station no longer secure; ,Aug 31 2019 7:04:20.2490 PM,Aug 31 2019 7:04:20.4130 PM,.1645
