document_version, 1.0
station_name,GATEKEEPER
station_id,FXLH_F05-4FT-01_3_GATEKEEPER
station_sw,Atlas
station_sw_version,Atlas

tag,start_time,duration
Scan SN, 1562289718.42, 2.94
Fixture init, 1562289721.36, 6.67
Start Data Reporting, 1562289728.03, 0.01
Get SFC Info, 1562289728.05, 0.06
BUILD EVENT, 1562289728.11, 0.00
S_BUILD, 1562289728.11, 0.00
WO_SN, 1562289728.12, 0.00
UNIT LBL, 1562289728.12, 0.00
Query MLB SN, 1562289728.12, 0.00
Read MLB SN, 1562289728.13, 7.49
Check MLB SN, 1562289735.62, 0.00
Program MTFW, 1562289735.62, 1.53
Read Main FW Version Before DL, 1562289737.15, 0.45
Program Main FW, 1562289737.61, 1.07
Read Main FW Version After DL, 1562289738.68, 0.00
Touch FW, 1562289738.68, 0.45
Enable all endponits, 1562289739.13, 14.18
Fixture reset, 1562289753.31, 1.31
Finish DRCB, 1562289754.62, 0.24
full_test_durations, 1562289718.40, 36.45
