Related Test,Name-1,Name-2,Name-3,Status,Info,Measurement,Units,Upper Limit,Lower Limit,Relaxed Upper Limit,Relaxed Lower Limit,Limit Units,Start Time,End Time,Duration (s)
Scan SN,,,,,,,,,,,,,Jul 5 2019 9:21:58.4220 AM,Jul 5 2019 9:22:01.3600 AM,2.9372
Scan SN,Scan SN,AtlasApp-Hyperion,show-form,PASS,,,,,,,,,Jul 5 2019 9:21:58.4240 AM,Jul 5 2019 9:22:01.3580 AM,2.9347
Fixture init,,,,,,,,,,,,,Jul 5 2019 9:22:01.3620 AM,Jul 5 2019 9:22:08.0320 AM,6.6699
Fixture init,Fixture init,Fixture,changeDelimiter,PASS,,,,,,,,,Jul 5 2019 9:22:01.3640 AM,Jul 5 2019 9:22:01.3640 AM,0
Fixture init,Fixture init,Fixture,changeLineTerminator,PASS,,,,,,,,,Jul 5 2019 9:22:01.3660 AM,Jul 5 2019 9:22:01.3660 AM,0
Fixture init,Fixture init,Fixture,open,PASS,,,,,,,,,Jul 5 2019 9:22:01.3680 AM,Jul 5 2019 9:22:02.9650 AM,1.5976
Fixture init,Fixture init,Fixture,read,PASS,,,,,,,,,Jul 5 2019 9:22:02.9670 AM,Jul 5 2019 9:22:02.9880 AM,.0213
Fixture init,Fixture init,P203,changeDelimiter,PASS,,,,,,,,,Jul 5 2019 9:22:02.9900 AM,Jul 5 2019 9:22:02.9900 AM,0
Fixture init,Fixture init,P203,changeLineTerminator,PASS,,,,,,,,,Jul 5 2019 9:22:02.9920 AM,Jul 5 2019 9:22:02.9920 AM,0
Fixture init,Fixture init,P203,open,PASS,,,,,,,,,Jul 5 2019 9:22:02.9930 AM,Jul 5 2019 9:22:04.5840 AM,1.5909
Fixture init,Fixture init,P203,read,PASS,,,,,,,,,Jul 5 2019 9:22:04.5860 AM,Jul 5 2019 9:22:04.6080 AM,.0219
Fixture init,Fixture init,[Fixture] isReady,sendCommand,PASS,,,,,,,,,Jul 5 2019 9:22:04.6100 AM,Jul 5 2019 9:22:04.6140 AM,.0045
Fixture init,Fixture init,[Fixture] Power on,sendCommand,PASS,,,,,,,,,Jul 5 2019 9:22:04.6160 AM,Jul 5 2019 9:22:04.6330 AM,.0173
Fixture init,Fixture init,[Fixture] Engage pogo,sendCommand,PASS,,,,,,,,,Jul 5 2019 9:22:05.7020 AM,Jul 5 2019 9:22:05.9570 AM,.2551
Start Data Reporting,,,,,,,,,,,,,Jul 5 2019 9:22:08.0340 AM,Jul 5 2019 9:22:08.0470 AM,.0128
Start Data Reporting,Start Data Reporting,DRCB,StartDataReporting,PASS,,,,,,,,,Jul 5 2019 9:22:08.0380 AM,Jul 5 2019 9:22:08.0460 AM,.0086
Get SFC Info,,,,,,,,,,,,,Jul 5 2019 9:22:08.0490 AM,Jul 5 2019 9:22:08.1040 AM,.0546
Get SFC Info,Get SFC Info,SFCSupport,getAttributes,PASS,,,,,,,,,Jul 5 2019 9:22:08.0510 AM,Jul 5 2019 9:22:08.0780 AM,.0265
Get SFC Info,Get SFC Info,GET SFC info - pansa,DKB9247009KN5RQ0V,PASS,,,,,,,,,Jul 5 2019 9:22:08.0790 AM,Jul 5 2019 9:22:08.0790 AM,0
Get SFC Info,Get SFC Info,SFCSupport,getAttributes-2,PASS,,,,,,,,,Jul 5 2019 9:22:08.0800 AM,Jul 5 2019 9:22:08.0840 AM,.0046
Get SFC Info,Get SFC Info,GET SFC info - sub_sn,,PASS,,,,,,,,,Jul 5 2019 9:22:08.0850 AM,Jul 5 2019 9:22:08.0850 AM,0
Get SFC Info,Get SFC Info,SFCSupport,getAttributes-3,PASS,,,,,,,,,Jul 5 2019 9:22:08.0870 AM,Jul 5 2019 9:22:08.0910 AM,.0038
Get SFC Info,Get SFC Info,GET SFC info - unit_lbl,R128-P1_P12-M3_P00263,PASS,,,,,,,,,Jul 5 2019 9:22:08.0920 AM,Jul 5 2019 9:22:08.0920 AM,0
Get SFC Info,Get SFC Info,SFCSupport,getAttributes-4,PASS,,,,,,,,,Jul 5 2019 9:22:08.0930 AM,Jul 5 2019 9:22:08.0960 AM,.0034
Get SFC Info,Get SFC Info,GET SFC info - wo_no,WCS-J6000C,PASS,,,,,,,,,Jul 5 2019 9:22:08.0970 AM,Jul 5 2019 9:22:08.0970 AM,0
Get SFC Info,Get SFC Info,SFCSupport,getAttributes-5,PASS,,,,,,,,,Jul 5 2019 9:22:08.0990 AM,Jul 5 2019 9:22:08.1030 AM,.004
Get SFC Info,Get SFC Info,GET SFC info - mlb_sn,DLX92460084N4731W,PASS,,,,,,,,,Jul 5 2019 9:22:08.1030 AM,Jul 5 2019 9:22:08.1030 AM,0
BUILD EVENT,,,,,,,,,,,,,Jul 5 2019 9:22:08.1100 AM,Jul 5 2019 9:22:08.1100 AM,.0007
BUILD EVENT,BUILD EVENT,BUILD_EVENT,R128-P1,PASS,,,,,,,,,Jul 5 2019 9:22:08.1100 AM,Jul 5 2019 9:22:08.1100 AM,0
S_BUILD,,,,,,,,,,,,,Jul 5 2019 9:22:08.1120 AM,Jul 5 2019 9:22:08.1130 AM,.001
S_BUILD,S_BUILD,S_BUILD,R128-P1_P12-M3,PASS,,,,,,,,,Jul 5 2019 9:22:08.1130 AM,Jul 5 2019 9:22:08.1130 AM,0
WO_SN,,,,,,,,,,,,,Jul 5 2019 9:22:08.1160 AM,Jul 5 2019 9:22:08.1170 AM,.0009
WO_SN,WO_SN,Get wo_no Pass,,PASS,,,,,,,,,Jul 5 2019 9:22:08.1170 AM,Jul 5 2019 9:22:08.1170 AM,0
UNIT LBL,,,,,,,,,,,,,Jul 5 2019 9:22:08.1200 AM,Jul 5 2019 9:22:08.1210 AM,.001
UNIT LBL,UNIT LBL,Get unit_lbl Pass,,PASS,,,,,,,,,Jul 5 2019 9:22:08.1200 AM,Jul 5 2019 9:22:08.1200 AM,0
Query MLB SN,,,,,,,,,,,,,Jul 5 2019 9:22:08.1230 AM,Jul 5 2019 9:22:08.1240 AM,.0009
Query MLB SN,Query MLB SN,Query MLB SN,,PASS,,,,,,,,,Jul 5 2019 9:22:08.1240 AM,Jul 5 2019 9:22:08.1240 AM,0
Read MLB SN,,,,,,,,,,,,,Jul 5 2019 9:22:08.1270 AM,Jul 5 2019 9:22:15.6140 AM,7.4878
Read MLB SN,Read MLB SN,[Hid] /usr/local/bin/hidreport -p 0x026F -i 0 get 0x12,,PASS,,,,,,,,,Jul 5 2019 9:22:08.1670 AM,Jul 5 2019 9:22:08.1670 AM,0
Read MLB SN,Read MLB SN,[Hid] /usr/local/bin/hidreport -p 0x026F -i 0 get 0x12-2,,PASS,,,,,,,,,Jul 5 2019 9:22:08.7890 AM,Jul 5 2019 9:22:08.7890 AM,0
Read MLB SN,Read MLB SN,[Hid] /usr/local/bin/hidreport -p 0x026F -i 0 get 0x12-3,,PASS,,,,,,,,,Jul 5 2019 9:22:09.4120 AM,Jul 5 2019 9:22:09.4120 AM,0
Read MLB SN,Read MLB SN,[Fixture] Power off,sendCommand,PASS,,,,,,,,,Jul 5 2019 9:22:10.0010 AM,Jul 5 2019 9:22:10.0160 AM,.0146
Read MLB SN,Read MLB SN,[Fixture] Power on,sendCommand,PASS,,,,,,,,,Jul 5 2019 9:22:13.0890 AM,Jul 5 2019 9:22:13.1000 AM,.0118
Read MLB SN,Read MLB SN,[Hid] /usr/local/bin/hidreport -p 0x026F -i 0 get 0x12-4,,PASS,,,,,,,,,Jul 5 2019 9:22:15.2270 AM,Jul 5 2019 9:22:15.2270 AM,0
Read MLB SN,Read MLB SN,Read MLB SN,DLX92460084N4731W,PASS,,,,,,,,,Jul 5 2019 9:22:15.6140 AM,Jul 5 2019 9:22:15.6140 AM,0
Check MLB SN,,,,,,,,,,,,,Jul 5 2019 9:22:15.6170 AM,Jul 5 2019 9:22:15.6170 AM,.0005
Check MLB SN,Check MLB SN,Check MLB SN,,PASS,,,,,,,,,Jul 5 2019 9:22:15.6170 AM,Jul 5 2019 9:22:15.6170 AM,0
Program MTFW,,,,,,,,,,,,,Jul 5 2019 9:22:15.6190 AM,Jul 5 2019 9:22:17.1480 AM,1.5291
Program MTFW,Program MTFW,[Hid] /usr/local/bin/hidreport -p 0x026F -i 0 get 0xbb,,PASS,,,,,,,,,Jul 5 2019 9:22:15.6860 AM,Jul 5 2019 9:22:15.6860 AM,0
Program MTFW,Program MTFW,"Not downloading: already contain Touch FW, version: 0x0497",,PASS,,,,,,,,,Jul 5 2019 9:22:17.1470 AM,Jul 5 2019 9:22:17.1470 AM,0
Read Main FW Version Before DL,,,,,,,,,,,,,Jul 5 2019 9:22:17.1500 AM,Jul 5 2019 9:22:17.6010 AM,.4512
Read Main FW Version Before DL,Read Main FW Version Before DL,[Hid] /usr/local/bin/hidreport -p 0x026F -i 0 get 0xB4,,PASS,,,,,,,,,Jul 5 2019 9:22:17.2030 AM,Jul 5 2019 9:22:17.2030 AM,0
Read Main FW Version Before DL,Read Main FW Version Before DL,Read FW Version Before DL,0x80,PASS,,,,,,,,,Jul 5 2019 9:22:17.6000 AM,Jul 5 2019 9:22:17.6000 AM,0
Read Main FW Version Before DL,Read Main FW Version Before DL,Read FW Version Before DL,,PASS,,128,NA,,,,,NA,Jul 5 2019 9:22:17.6010 AM,Jul 5 2019 9:22:17.6010 AM,0
Program Main FW,,,,,,,,,,,,,Jul 5 2019 9:22:17.6070 AM,Jul 5 2019 9:22:18.6740 AM,1.0676
Program Main FW,Program Main FW,"Not downloading: already contain latest STFW, version: 0x80",,PASS,,,,,,,,,Jul 5 2019 9:22:18.6740 AM,Jul 5 2019 9:22:18.6740 AM,0
Read Main FW Version After DL,,,,,,,,,,,,,Jul 5 2019 9:22:18.6760 AM,Jul 5 2019 9:22:18.6770 AM,.0007
Read Main FW Version After DL,Read Main FW Version After DL,Read FW Version After DL,,PASS,,,,,,,,,Jul 5 2019 9:22:18.6770 AM,Jul 5 2019 9:22:18.6770 AM,0
Read Main FW Version After DL,Read Main FW Version After DL,Read FW Version After DL-2,,PASS,,128,NA,128,128,,,NA,Jul 5 2019 9:22:18.6770 AM,Jul 5 2019 9:22:18.6770 AM,0
Touch FW,,,,,,,,,,,,,Jul 5 2019 9:22:18.6790 AM,Jul 5 2019 9:22:19.1260 AM,.4476
Touch FW,Touch FW,[Hid] /usr/local/bin/hidreport -p 0x026F -i 0 get 0xbb,,PASS,,,,,,,,,Jul 5 2019 9:22:18.7320 AM,Jul 5 2019 9:22:18.7320 AM,0
Touch FW,Touch FW,Touch FW,,PASS,,,,,,,,,Jul 5 2019 9:22:19.1260 AM,Jul 5 2019 9:22:19.1260 AM,0
Enable all endponits,,,,,,,,,,,,,Jul 5 2019 9:22:19.1280 AM,Jul 5 2019 9:22:33.3030 AM,14.1746
Enable all endponits,Enable all endponits,[Hid] /usr/local/bin/hidreport -p 0x026F -vid 0x05ac -i 0 set 0x3d 0x3d 0x13 0 0 0 123,,PASS,,,,,,,,,Jul 5 2019 9:22:19.1770 AM,Jul 5 2019 9:22:19.1770 AM,0
Enable all endponits,Enable all endponits,[Hid] /usr/local/bin/hidreport -p 0x026F -vid 0x05ac -i 0 set 0x3d 0x3d 0x13 0 0 0 123-2,,PASS,,,,,,,,,Jul 5 2019 9:22:19.8180 AM,Jul 5 2019 9:22:19.8180 AM,0
Enable all endponits,Enable all endponits,[Hid] /usr/local/bin/hidreport -p 0x026F -vid 0x05ac -i 0 set 0x3d 0x3d 0x13 0 0 0 123-3,,PASS,,,,,,,,,Jul 5 2019 9:22:20.4840 AM,Jul 5 2019 9:22:20.4840 AM,0
Enable all endponits,Enable all endponits,[Fixture] Power off,sendCommand,PASS,,,,,,,,,Jul 5 2019 9:22:21.0760 AM,Jul 5 2019 9:22:21.0920 AM,.0163
Enable all endponits,Enable all endponits,[Fixture] Power on,sendCommand,PASS,,,,,,,,,Jul 5 2019 9:22:24.1660 AM,Jul 5 2019 9:22:24.1790 AM,.0132
Enable all endponits,Enable all endponits,[Hid] /usr/local/bin/hidreport -p 0x026F -vid 0x05ac -i 0 set 0x3d 0x3d 0x13 0 0 0 123-4,,PASS,,,,,,,,,Jul 5 2019 9:22:26.2910 AM,Jul 5 2019 9:22:26.2910 AM,0
Enable all endponits,Enable all endponits,[Hid] /usr/local/bin/hidreport -p 0x026F -vid 0x05ac -i 0 set 0x3d 0x3d 0x13 0 0 0 123-5,,PASS,,,,,,,,,Jul 5 2019 9:22:26.9230 AM,Jul 5 2019 9:22:26.9230 AM,0
Enable all endponits,Enable all endponits,[Hid] /usr/local/bin/hidreport -p 0x026F -vid 0x05ac -i 0 set 0x3d 0x3d 0x13 0 0 0 123-6,,PASS,,,,,,,,,Jul 5 2019 9:22:27.5520 AM,Jul 5 2019 9:22:27.5520 AM,0
Enable all endponits,Enable all endponits,[Fixture] Power off,sendCommand-2,PASS,,,,,,,,,Jul 5 2019 9:22:28.1360 AM,Jul 5 2019 9:22:28.1460 AM,.0096
Enable all endponits,Enable all endponits,[Fixture] Power on,sendCommand-2,PASS,,,,,,,,,Jul 5 2019 9:22:31.2130 AM,Jul 5 2019 9:22:31.2320 AM,.0193
Enable all endponits,Enable all endponits,CMD_RETRY,RETRY_FAIL_EnableAllEndPoints_1,FAIL,Failed limits,1,,0,0,,,,Jul 5 2019 9:22:33.3020 AM,Jul 5 2019 9:22:33.3020 AM,0
Enable all endponits,Enable all endponits,,,FAIL,"$#@!(FAIL_CMD: /usr/local/bin/hidreport -p 0x026F -vid 0x05ac -i 0 set 0x3d 0x3d 0x13 0 0 0 123, , """")",,,,,,,,Jul 5 2019 9:22:33.3030 AM,Jul 5 2019 9:22:33.3030 AM,0
Fixture reset,,,,,,,,,,,,,Jul 5 2019 9:22:33.3060 AM,Jul 5 2019 9:22:34.6150 AM,1.3092
Fixture reset,Fixture reset,[Fixture] Retract pogo,sendCommand,PASS,,,,,,,,,Jul 5 2019 9:22:33.3070 AM,Jul 5 2019 9:22:33.5360 AM,.2283
Fixture reset,Fixture reset,Fixture,close,PASS,,,,,,,,,Jul 5 2019 9:22:34.6100 AM,Jul 5 2019 9:22:34.6110 AM,.0005
Fixture reset,Fixture reset,P203,close,PASS,,,,,,,,,Jul 5 2019 9:22:34.6120 AM,Jul 5 2019 9:22:34.6150 AM,.0023
Finish DRCB,,,,,,,,,,,,,Jul 5 2019 9:22:34.6170 AM,Jul 5 2019 9:22:34.8510 AM,.2334
Finish DRCB,Finish DRCB,DRCB,Finish-StationFileSecurity,FAIL,station no longer secure,,,,,,,,Jul 5 2019 9:22:34.6190 AM,Jul 5 2019 9:22:34.6190 AM,0
Finish DRCB,Finish DRCB,DRCB,Finish,PASS,,,,,,,,,Jul 5 2019 9:22:34.6180 AM,Jul 5 2019 9:22:34.8480 AM,.2302
Finish DRCB,Finish DRCB,,,FAIL,"$#@!(com.apple.hwte.rush.module.atlas.exception.PluginFailedError, :NIL:, ""DRCB.finish failed"")",,,,,,,,Jul 5 2019 9:22:34.8500 AM,Jul 5 2019 9:22:34.8500 AM,0
