Test,Plugin,Command,Status,Info,Start Time,End Time,Duration (s)
Scan SN,com.apple.hwte.atlas.AppPlugin,show-form,PASS,,Jul 5 2019 9:21:58.4240 AM,Jul 5 2019 9:22:01.3580 AM,2.9348
Fixture init,Fixture,changeDelimiter,PASS,,Jul 5 2019 9:22:01.3640 AM,Jul 5 2019 9:22:01.3640 AM,.0001
Fixture init,Fixture,changeLineTerminator,PASS,,Jul 5 2019 9:22:01.3660 AM,Jul 5 2019 9:22:01.3660 AM,0
Fixture init,Fixture,open,PASS,,Jul 5 2019 9:22:01.3680 AM,Jul 5 2019 9:22:02.9650 AM,1.5976
Fixture init,Fixture,read,PASS,,Jul 5 2019 9:22:02.9670 AM,Jul 5 2019 9:22:02.9880 AM,.0214
Fixture init,P203,changeDelimiter,PASS,,Jul 5 2019 9:22:02.9900 AM,Jul 5 2019 9:22:02.9900 AM,.0001
Fixture init,P203,changeLineTerminator,PASS,,Jul 5 2019 9:22:02.9920 AM,Jul 5 2019 9:22:02.9920 AM,0
Fixture init,P203,open,PASS,,Jul 5 2019 9:22:02.9930 AM,Jul 5 2019 9:22:04.5840 AM,1.5909
Fixture init,P203,read,PASS,,Jul 5 2019 9:22:04.5860 AM,Jul 5 2019 9:22:04.6080 AM,.0219
Fixture init,Fixture,sendCommand,PASS,,Jul 5 2019 9:22:04.6090 AM,Jul 5 2019 9:22:04.6140 AM,.0046
Fixture init,Fixture,sendCommand,PASS,,Jul 5 2019 9:22:04.6160 AM,Jul 5 2019 9:22:04.6330 AM,.0174
Fixture init,Fixture,sendCommand,PASS,,Jul 5 2019 9:22:05.7020 AM,Jul 5 2019 9:22:05.9570 AM,.2551
Start Data Reporting,DRCB,startDataReporting,PASS,,Jul 5 2019 9:22:08.0380 AM,Jul 5 2019 9:22:08.0460 AM,.0086
Get SFC Info,SFCSupport,getAttribute,PASS,,Jul 5 2019 9:22:08.0510 AM,Jul 5 2019 9:22:08.0780 AM,.0265
Get SFC Info,SFCSupport,getAttribute,PASS,,Jul 5 2019 9:22:08.0800 AM,Jul 5 2019 9:22:08.0840 AM,.0047
Get SFC Info,SFCSupport,getAttribute,PASS,,Jul 5 2019 9:22:08.0870 AM,Jul 5 2019 9:22:08.0910 AM,.0038
Get SFC Info,SFCSupport,getAttribute,PASS,,Jul 5 2019 9:22:08.0930 AM,Jul 5 2019 9:22:08.0960 AM,.0034
Get SFC Info,SFCSupport,getAttribute,PASS,,Jul 5 2019 9:22:08.0990 AM,Jul 5 2019 9:22:08.1030 AM,.004
Read MLB SN,Fixture,sendCommand,PASS,,Jul 5 2019 9:22:10.0010 AM,Jul 5 2019 9:22:10.0160 AM,.0146
Read MLB SN,Fixture,sendCommand,PASS,,Jul 5 2019 9:22:13.0890 AM,Jul 5 2019 9:22:13.1000 AM,.0118
Enable all endponits,Fixture,sendCommand,PASS,,Jul 5 2019 9:22:21.0760 AM,Jul 5 2019 9:22:21.0920 AM,.0163
Enable all endponits,Fixture,sendCommand,PASS,,Jul 5 2019 9:22:24.1660 AM,Jul 5 2019 9:22:24.1790 AM,.0132
Enable all endponits,Fixture,sendCommand,PASS,,Jul 5 2019 9:22:28.1360 AM,Jul 5 2019 9:22:28.1460 AM,.0097
Enable all endponits,Fixture,sendCommand,PASS,,Jul 5 2019 9:22:31.2130 AM,Jul 5 2019 9:22:31.2320 AM,.0193
Fixture reset,Fixture,sendCommand,PASS,,Jul 5 2019 9:22:33.3070 AM,Jul 5 2019 9:22:33.5360 AM,.2283
Fixture reset,Fixture,close,PASS,,Jul 5 2019 9:22:34.6100 AM,Jul 5 2019 9:22:34.6110 AM,.0005
Fixture reset,P203,close,PASS,,Jul 5 2019 9:22:34.6120 AM,Jul 5 2019 9:22:34.6150 AM,.0023
Finish DRCB,DRCB,finish,FAIL,station no longer secure; ,Jul 5 2019 9:22:34.6180 AM,Jul 5 2019 9:22:34.8480 AM,.2302
