FATP-FWDL,V1.1.5.0_forINN
Site, Product, SerialNumber, Special Build Name, Special Build Description, Unit Number, Station ID, Test Pass/Fail Status, StartTime, EndTime, Version, List of Failing Tests,Scan_SN,P203_FW,Read_MLB_SN,Check_MLB_SN,Read_STFW_Version_Before_DL,Read_MTFW_Version_Before_DL,Read_CCG3_FW_Version,Program_STFW,Program_MTFW,Read_STFW_Version_After_DL,Read_STFW_Version_After_DL,Read_MTFW_Version_After_DL,Read_MTFW_Version_After_DL,
Upper Limited-------->,,,,,,,,,,,,,,,PASS,,,,PASS,PASS,352,,1285,,
Lower Limited-------->,,,,,,,,,,,,,,,PASS,,,,PASS,PASS,352,,1285,,
Measurement Units---->,,,,,,,,,,,,,,,,NA,NA,,,,NA,,,,
FXLH,R118,FTPZG02A/3J3,,,,FXLH_F05-4FT-02_5_SW-DOWNLOAD,FAIL,10-01-15:35:36,94.33,V1.1.5.0_forINN,Start_Data_Reporting; BUILD_EVENT; S_BUILD; WO_SN; SUB_SN; UNIT_LBL; Start_Control_Bit; Query_MLB_SN; Check_MLB_SN; Finish_DRCB,FTPZG02A/3J3,1.2.5-F(DVT),DLX9375008TN6R525,FAIL,370,1286,A0 02 00 0B 00 0B 00 0B,PASS,PASS,352,0x0160,1285,0x0505,
FXLH,R118,FTPZG02A/3J3,,,,FXLH_F05-4FT-02_5_SW-DOWNLOAD,FAIL,10-01-15:37:27,94.19,V1.1.5.0_forINN,Start_Data_Reporting; BUILD_EVENT; S_BUILD; WO_SN; SUB_SN; UNIT_LBL; Start_Control_Bit; Query_MLB_SN; Check_MLB_SN; Finish_DRCB,FTPZG02A/3J3,1.2.5-F(DVT),DLX9375008TN6R525,FAIL,352,1285,A0 02 00 0B 00 0B 00 0B,PASS,PASS,352,0x0160,1285,0x0505,
