FATP-FWDL,V1.1.5.0_forINN
Site, Product, SerialNumber, Special Build Name, Special Build Description, Unit Number, Station ID, Test Pass/Fail Status, StartTime, EndTime, Version, List of Failing Tests,Scan_SN,+,Start_Data_Reporting,Start_Data_Reporting,Start_Data_Reporting,Start_Data_Reporting,BUILD_EVENT,S_BUILD,WO_SN,SUB_SN,UNIT_LBL,P203_FW,Read_MLB_SN,Check_MLB_SN,Read_STFW_Version_Before_DL,Read_MTFW_Version_Before_DL,Read_CCG3_FW_Version,Program_STFW,Program_MTFW,Read_STFW_Version_After_DL,Read_STFW_Version_After_DL,Read_MTFW_Version_After_DL,Read_MTFW_Version_After_DL,
Upper Limited-------->,,,,,,,,,,,,,,,,,,,,,,,,,PASS,,,,PASS,PASS,352,,1285,,
Lower Limited-------->,,,,,,,,,,,,,,,,,,,,,,,,,PASS,,,,PASS,PASS,352,,1285,,
Measurement Units---->,,,,,,,,,,,,,,,,,,,,,,,,,,NA,NA,,,,NA,,,,
FXLH,R118,FTPZF00DP3HV,,,,FXLH_F05-4FT-02_5_SW-DOWNLOAD,FAIL,09-26-09:17:11,42.12,V1.1.5.0_forINN,Fixture_init,FTPZF00DP3HV,,,,,,,,,,,,,,,,,,,,,,,
FXLH,R118,FTPZF00WP3HT,,R118-P2_P21IAR-R4,,FXLH_F05-4FT-02_5_SW-DOWNLOAD,PASS,09-26-09:19:10,93.27,V1.1.5.0_forINN,PASS,FTPZF00WP3HT,,Atlas 1.9.2,FTPZF00WP3HT,V1.1.5.0_forINN,1,R118-P2,R118-P2_P21IAR-R4,WMT-J90049,DKB938700HJN6780U,R118-P2_P21IAR-R4_C01300,1.2.5-F(DVT),DLX937600Q6N6R52B,PASS,352,1285,A0 02 00 0B 00 0B 00 0B,PASS,PASS,352,0x0160,1285,0x0505,
FXLH,R118,FTPZF00DP3J5,,R118-P2_P21IDU-R6,,FXLH_F05-4FT-02_5_SW-DOWNLOAD,PASS,09-26-09:21:14,93.21,V1.1.5.0_forINN,PASS,FTPZF00DP3J5,,Atlas 1.9.2,FTPZF00DP3J5,V1.1.5.0_forINN,1,R118-P2,R118-P2_P21IDU-R6,WMT-J9004B,DKB938700JUN6780F,R118-P2_P21IDU-R6_C01330,1.2.5-F(DVT),DLX9382004EN6R52W,PASS,352,1285,A0 02 00 0B 00 0B 00 0B,PASS,PASS,352,0x0160,1285,0x0505,
