FATP-FWDL,V1.1.5.0_forINN
Site, Product, SerialNumber, Special Build Name, Special Build Description, Unit Number, Station ID, Test Pass/Fail Status, StartTime, EndTime, Version, List of Failing Tests,Scan_SN,Start_Data_Reporting,Start_Data_Reporting,Start_Data_Reporting,Start_Data_Reporting,BUILD_EVENT,S_BUILD,WO_SN,SUB_SN,UNIT_LBL,P203_FW,Read_MLB_SN,Check_MLB_SN,Read_STFW_Version_Before_DL,Read_MTFW_Version_Before_DL,Read_CCG3_FW_Version,Program_STFW,Program_MTFW,Read_STFW_Version_After_DL,Read_STFW_Version_After_DL,Read_MTFW_Version_After_DL,Read_MTFW_Version_After_DL,
Upper Limited-------->,,,,,,,,,,,,,,,,,,,,,,,,PASS,,,,PASS,PASS,352,,1285,,
Lower Limited-------->,,,,,,,,,,,,,,,,,,,,,,,,PASS,,,,PASS,PASS,352,,1285,,
Measurement Units---->,,,,,,,,,,,,,,,,,,,,,,,,,NA,NA,,,,NA,,,,
FXLH,R118,FTPZC00HP3J4,,R118-P2_P21AK-S4,,FXLH_F05-4FT-02_5_SW-DOWNLOAD,PASS,09-23-16:06:07,97.51,V1.1.5.0_forINN,PASS,FTPZC00HP3J4,Atlas 1.9.2,FTPZC00HP3J4,V1.1.5.0_forINN,1,R118-P2,R118-P2_P21AK-S4,WCT-J90005,DKB93650020N6780X,R118-P2_P21AK-S4_C00319,1.2.5-F(DVT),DLX9363001BN6R52D,PASS,352,1285,A0 02 00 0B 00 00 00 0B,PASS,PASS,352,0x0160,1285,0x0505,
