document_version, 1.0
station_name,GATEKEEPER
station_id,FXLH_F05-4FT-01_3_GATEKEEPER
station_sw,Atlas
station_sw_version,Atlas

tag,start_time,duration
Scan_FG_SN, 1568448840.05, 1.70
Fixtureinit, 1568448841.76, 10.38
Start Data Reporting, 1568448852.14, 0.02
Start Control Bits, 1568448852.15, 0.32
Check_All_CB, 1568448852.47, 10.33
Check_Bootargs_Status, 1568448862.80, 0.92
Read_FG_SN, 1568448863.74, 0.47
Compare_FG_SN, 1568448864.21, 0.00
Get_SFC_Info, 1568448864.21, 0.07
MLB_SN, 1568448864.29, 0.51
WO_SN, 1568448864.80, 0.00
UNIT_LBL, 1568448864.80, 0.00
BUILD_EVENT, 1568448864.81, 0.00
BUILD_MATRIX_CONFIG, 1568448864.81, 0.00
UNIT#, 1568448864.81, 0.00
S_BUILD, 1568448864.81, 0.00
KBM_SN, 1568448864.82, 0.00
BACKLIGHT_SN, 1568448864.82, 0.00
TRACKPAD_SN, 1568448864.82, 0.00
TOUCH_FLEX_SN, 1568448864.83, 0.00
Check_EP_Status, 1568448864.83, 0.92
EP_Enable_All, 1568448865.75, 4.10
STFW, 1568448869.85, 0.45
Read_HW_Version, 1568448870.30, 3.63
GreenPAK_ID, 1568448873.93, 3.76
TOUCH_FW, 1568448877.68, 0.45
Read_CCG3_FW, 1568448878.13, 7.95
Production_Signed_Check, 1568448886.08, 0.44
Read_KBD_HW_Layout, 1568448886.52, 0.43
Get_KBD_HW_Layout, 1568448886.95, 0.00
Compare_KBD_HW_Layout, 1568448886.95, 0.00
Read_MLB_Lang, 1568448886.96, 0.44
Get_KBD_Lang, 1568448887.39, 0.00
Check_KBD_Lang, 1568448887.40, 0.00
Read_MFI_Address, 1568448887.40, 3.70
System_Critical_Errors, 1568448891.09, 0.57
FW_Update_Critical_Errors, 1568448891.66, 0.38
Key_Scan_Critical_Errors, 1568448892.04, 0.44
USBC_Critical_Errors, 1568448892.49, 3.67
Grape_Critical_Errors, 1568448896.16, 0.51
Critical_Errors_Summary, 1568448896.67, 0.43
Backlight_Critical_Errors, 1568448897.09, 0.49
Grape_Connector_Self_Critical_Errors, 1568448897.59, 3.62
full_test_durations, 1568448840.03, 61.18
Finish DRCB, 1568448901.21, 0.45
Fixturereset, 1568448901.66, 1.26
