Related Test,Name-1,Name-2,Name-3,Status,Info,Measurement,Units,Upper Limit,Lower Limit,Relaxed Upper Limit,Relaxed Lower Limit,Limit Units,Start Time,End Time,Duration (s)
Scan_FG_SN,,,,,,,,,,,,,Sep 14 2019 4:14:00.0540 PM,Sep 14 2019 4:14:01.7550 PM,1.7007
Scan_FG_SN,Scan_FG_SN,AtlasApp-Hyperion,show-form,PASS,,,,,,,,,Sep 14 2019 4:14:00.0550 PM,Sep 14 2019 4:14:01.7530 PM,1.6972
Scan_FG_SN,Scan_FG_SN,Scan_FG_SN,FTPZD009P3LY,PASS,,,,,,,,,Sep 14 2019 4:14:01.7540 PM,Sep 14 2019 4:14:01.7540 PM,0
Fixtureinit,,,,,,,,,,,,,Sep 14 2019 4:14:01.7580 PM,Sep 14 2019 4:14:12.1360 PM,10.3779
Fixtureinit,Fixtureinit,Fixture,changeDelimiter,PASS,,,,,,,,,Sep 14 2019 4:14:01.7600 PM,Sep 14 2019 4:14:01.7600 PM,0
Fixtureinit,Fixtureinit,Fixture,changeLineTerminator,PASS,,,,,,,,,Sep 14 2019 4:14:01.7610 PM,Sep 14 2019 4:14:01.7610 PM,0
Fixtureinit,Fixtureinit,Fixture,open,PASS,,,,,,,,,Sep 14 2019 4:14:01.7630 PM,Sep 14 2019 4:14:03.3580 PM,1.595
Fixtureinit,Fixtureinit,Fixture,read,PASS,,,,,,,,,Sep 14 2019 4:14:03.3600 PM,Sep 14 2019 4:14:03.3870 PM,.0267
Fixtureinit,Fixtureinit,P203,changeDelimiter,PASS,,,,,,,,,Sep 14 2019 4:14:03.3880 PM,Sep 14 2019 4:14:03.3890 PM,0
Fixtureinit,Fixtureinit,P203,changeLineTerminator,PASS,,,,,,,,,Sep 14 2019 4:14:03.3900 PM,Sep 14 2019 4:14:03.3900 PM,0
Fixtureinit,Fixtureinit,P203,open,PASS,,,,,,,,,Sep 14 2019 4:14:03.3920 PM,Sep 14 2019 4:14:04.9830 PM,1.5914
Fixtureinit,Fixtureinit,P203,read,PASS,,,,,,,,,Sep 14 2019 4:14:04.9850 PM,Sep 14 2019 4:14:05.0140 PM,.0288
Fixtureinit,Fixtureinit,[Fixture] isReady,sendCommand,PASS,,,,,,,,,Sep 14 2019 4:14:05.0150 PM,Sep 14 2019 4:14:05.0340 PM,.0184
Fixtureinit,Fixtureinit,[Fixture] Power off,sendCommand,PASS,,,,,,,,,Sep 14 2019 4:14:05.0380 PM,Sep 14 2019 4:14:05.0520 PM,.0142
Fixtureinit,Fixtureinit,[Fixture] Power on,sendCommand,PASS,,,,,,,,,Sep 14 2019 4:14:06.1200 PM,Sep 14 2019 4:14:06.1370 PM,.0164
Fixtureinit,Fixtureinit,[Fixture] Engage pogo,sendCommand,PASS,,,,,,,,,Sep 14 2019 4:14:08.2130 PM,Sep 14 2019 4:14:08.2780 PM,.0652
Fixtureinit,Fixtureinit,StationReportPlugin,isReporting,PASS,,,,,,,,,Sep 14 2019 4:14:12.1350 PM,Sep 14 2019 4:14:12.1350 PM,0
Start Data Reporting,,,,,,,,,,,,,Sep 14 2019 4:14:12.1390 PM,Sep 14 2019 4:14:12.1520 PM,.0131
Start Data Reporting,Start Data Reporting,DRCB,StartDataReporting,PASS,,,,,,,,,Sep 14 2019 4:14:12.1420 PM,Sep 14 2019 4:14:12.1510 PM,.0087
Start Control Bits,,,,,,,,,,,,,Sep 14 2019 4:14:12.1550 PM,Sep 14 2019 4:14:12.4710 PM,.3153
Start Control Bits,Start Control Bits,DRCB,StartControlBits,PASS,,,,,,,,,Sep 14 2019 4:14:12.1570 PM,Sep 14 2019 4:14:12.4700 PM,.3129
Check_All_CB,,,,,,,,,,,,,Sep 14 2019 4:14:12.4730 PM,Sep 14 2019 4:14:22.7990 PM,10.3257
Check_All_CB,Check_All_CB,[Hid] /usr/local/bin/hidreport -p 0x026F -v 0x5ac -i 0 set 0x3f 0x3f 0x02 0x01,,PASS,,,,,,,,,Sep 14 2019 4:14:12.5170 PM,Sep 14 2019 4:14:12.5170 PM,0
Check_All_CB,Check_All_CB,[Hid] /usr/local/bin/hidreport -p 0x026F -v 0x5ac -i 0 get 0x3f,,PASS,,,,,,,,,Sep 14 2019 4:14:12.7960 PM,Sep 14 2019 4:14:12.7960 PM,0
Check_All_CB,Check_All_CB,CB_STATUS_MLB-FCT,,FAIL,Failed limits,0,,3,3,,,,Sep 14 2019 4:14:12.9860 PM,Sep 14 2019 4:14:12.9860 PM,0
Check_All_CB,Check_All_CB,ABS_ERASE_MLB-FCT,,PASS,,0,,,,,,,Sep 14 2019 4:14:12.9870 PM,Sep 14 2019 4:14:12.9870 PM,0
Check_All_CB,Check_All_CB,ABS_FAIL_MLB-FCT,,PASS,,0,,,,,,,Sep 14 2019 4:14:12.9870 PM,Sep 14 2019 4:14:12.9870 PM,0
Check_All_CB,Check_All_CB,REL_FAIL_MLB-FCT,,PASS,,0,,,,,,,Sep 14 2019 4:14:12.9870 PM,Sep 14 2019 4:14:12.9870 PM,0
Check_All_CB,Check_All_CB,[Hid] /usr/local/bin/hidreport -p 0x026F -v 0x5ac -i 0 set 0x3f 0x3f 0x02 0x02,,PASS,,,,,,,,,Sep 14 2019 4:14:13.0300 PM,Sep 14 2019 4:14:13.0300 PM,0
Check_All_CB,Check_All_CB,[Hid] /usr/local/bin/hidreport -p 0x026F -v 0x5ac -i 0 get 0x3f-2,,PASS,,,,,,,,,Sep 14 2019 4:14:13.2650 PM,Sep 14 2019 4:14:13.2650 PM,0
Check_All_CB,Check_All_CB,CB_STATUS_TEST1,,FAIL,Failed limits,0,,3,3,,,,Sep 14 2019 4:14:13.4510 PM,Sep 14 2019 4:14:13.4510 PM,0
Check_All_CB,Check_All_CB,ABS_ERASE_TEST1,,PASS,,0,,,,,,,Sep 14 2019 4:14:13.4520 PM,Sep 14 2019 4:14:13.4520 PM,0
Check_All_CB,Check_All_CB,ABS_FAIL_TEST1,,PASS,,0,,,,,,,Sep 14 2019 4:14:13.4530 PM,Sep 14 2019 4:14:13.4530 PM,0
Check_All_CB,Check_All_CB,REL_FAIL_TEST1,,PASS,,0,,,,,,,Sep 14 2019 4:14:13.4530 PM,Sep 14 2019 4:14:13.4530 PM,0
Check_All_CB,Check_All_CB,[Hid] /usr/local/bin/hidreport -p 0x026F -v 0x5ac -i 0 set 0x3f 0x3f 0x02 0x05,,PASS,,,,,,,,,Sep 14 2019 4:14:13.5430 PM,Sep 14 2019 4:14:13.5430 PM,0
Check_All_CB,Check_All_CB,[Hid] /usr/local/bin/hidreport -p 0x026F -v 0x5ac -i 0 get 0x3f-3,,PASS,,,,,,,,,Sep 14 2019 4:14:13.7770 PM,Sep 14 2019 4:14:13.7770 PM,0
Check_All_CB,Check_All_CB,CB_STATUS_QT0,,FAIL,Failed limits,0,,3,3,,,,Sep 14 2019 4:14:13.9620 PM,Sep 14 2019 4:14:13.9620 PM,0
Check_All_CB,Check_All_CB,ABS_ERASE_QT0,,PASS,,0,,,,,,,Sep 14 2019 4:14:13.9620 PM,Sep 14 2019 4:14:13.9620 PM,0
Check_All_CB,Check_All_CB,ABS_FAIL_QT0,,PASS,,0,,,,,,,Sep 14 2019 4:14:13.9620 PM,Sep 14 2019 4:14:13.9620 PM,0
Check_All_CB,Check_All_CB,REL_FAIL_QT0,,PASS,,0,,,,,,,Sep 14 2019 4:14:13.9620 PM,Sep 14 2019 4:14:13.9620 PM,0
Check_All_CB,Check_All_CB,[Hid] /usr/local/bin/hidreport -p 0x026F -v 0x5ac -i 0 set 0x3f 0x3f 0x02 0x06,,PASS,,,,,,,,,Sep 14 2019 4:14:14.0050 PM,Sep 14 2019 4:14:14.0050 PM,0
Check_All_CB,Check_All_CB,[Hid] /usr/local/bin/hidreport -p 0x026F -v 0x5ac -i 0 get 0x3f-4,,PASS,,,,,,,,,Sep 14 2019 4:14:14.2650 PM,Sep 14 2019 4:14:14.2650 PM,0
Check_All_CB,Check_All_CB,CB_STATUS_DFU2-FTW,,PASS,,3,,3,3,,,,Sep 14 2019 4:14:14.4520 PM,Sep 14 2019 4:14:14.4520 PM,0
Check_All_CB,Check_All_CB,ABS_ERASE_DFU2-FTW,,PASS,,0,,,,,,,Sep 14 2019 4:14:14.4520 PM,Sep 14 2019 4:14:14.4520 PM,0
Check_All_CB,Check_All_CB,ABS_FAIL_DFU2-FTW,,PASS,,0,,,,,,,Sep 14 2019 4:14:14.4520 PM,Sep 14 2019 4:14:14.4520 PM,0
Check_All_CB,Check_All_CB,REL_FAIL_DFU2-FTW,,PASS,,0,,,,,,,Sep 14 2019 4:14:14.4520 PM,Sep 14 2019 4:14:14.4520 PM,0
Check_All_CB,Check_All_CB,[Hid] /usr/local/bin/hidreport -p 0x026F -v 0x5ac -i 0 set 0x3f 0x3f 0x02 0x08,,PASS,,,,,,,,,Sep 14 2019 4:14:14.4980 PM,Sep 14 2019 4:14:14.4980 PM,0
Check_All_CB,Check_All_CB,[Hid] /usr/local/bin/hidreport -p 0x026F -v 0x5ac -i 0 get 0x3f-5,,PASS,,,,,,,,,Sep 14 2019 4:14:14.7830 PM,Sep 14 2019 4:14:14.7830 PM,0
Check_All_CB,Check_All_CB,CB_STATUS_QT1,,FAIL,Failed limits,0,,3,3,,,,Sep 14 2019 4:14:14.9600 PM,Sep 14 2019 4:14:14.9600 PM,0
Check_All_CB,Check_All_CB,ABS_ERASE_QT1,,PASS,,0,,,,,,,Sep 14 2019 4:14:14.9600 PM,Sep 14 2019 4:14:14.9600 PM,0
Check_All_CB,Check_All_CB,ABS_FAIL_QT1,,PASS,,0,,,,,,,Sep 14 2019 4:14:14.9610 PM,Sep 14 2019 4:14:14.9610 PM,0
Check_All_CB,Check_All_CB,REL_FAIL_QT1,,PASS,,0,,,,,,,Sep 14 2019 4:14:14.9610 PM,Sep 14 2019 4:14:14.9610 PM,0
Check_All_CB,Check_All_CB,[Hid] /usr/local/bin/hidreport -p 0x026F -v 0x5ac -i 0 set 0x3f 0x3f 0x02 0x09,,PASS,,,,,,,,,Sep 14 2019 4:14:15.0670 PM,Sep 14 2019 4:14:15.0670 PM,0
Check_All_CB,Check_All_CB,[Hid] /usr/local/bin/hidreport -p 0x026F -v 0x5ac -i 0 get 0x3f-6,,PASS,,,,,,,,,Sep 14 2019 4:14:15.3030 PM,Sep 14 2019 4:14:15.3030 PM,0
Check_All_CB,Check_All_CB,CB_STATUS_LED-TEST,,FAIL,Failed limits,0,,3,3,,,,Sep 14 2019 4:14:15.4860 PM,Sep 14 2019 4:14:15.4860 PM,0
Check_All_CB,Check_All_CB,ABS_ERASE_LED-TEST,,PASS,,0,,,,,,,Sep 14 2019 4:14:15.4870 PM,Sep 14 2019 4:14:15.4870 PM,0
Check_All_CB,Check_All_CB,ABS_FAIL_LED-TEST,,PASS,,0,,,,,,,Sep 14 2019 4:14:15.4870 PM,Sep 14 2019 4:14:15.4870 PM,0
Check_All_CB,Check_All_CB,REL_FAIL_LED-TEST,,PASS,,0,,,,,,,Sep 14 2019 4:14:15.4870 PM,Sep 14 2019 4:14:15.4870 PM,0
Check_All_CB,Check_All_CB,[Hid] /usr/local/bin/hidreport -p 0x026F -v 0x5ac -i 0 set 0x3f 0x3f 0x02 0x0A,,PASS,,,,,,,,,Sep 14 2019 4:14:15.5840 PM,Sep 14 2019 4:14:15.5840 PM,0
Check_All_CB,Check_All_CB,[Hid] /usr/local/bin/hidreport -p 0x026F -v 0x5ac -i 0 get 0x3f-7,,PASS,,,,,,,,,Sep 14 2019 4:14:15.8700 PM,Sep 14 2019 4:14:15.8700 PM,0
Check_All_CB,Check_All_CB,CB_STATUS_KEY-FORCE,,FAIL,Failed limits,0,,3,3,,,,Sep 14 2019 4:14:16.0590 PM,Sep 14 2019 4:14:16.0590 PM,0
Check_All_CB,Check_All_CB,ABS_ERASE_KEY-FORCE,,PASS,,0,,,,,,,Sep 14 2019 4:14:16.0590 PM,Sep 14 2019 4:14:16.0590 PM,0
Check_All_CB,Check_All_CB,ABS_FAIL_KEY-FORCE,,PASS,,0,,,,,,,Sep 14 2019 4:14:16.0600 PM,Sep 14 2019 4:14:16.0600 PM,0
Check_All_CB,Check_All_CB,REL_FAIL_KEY-FORCE,,PASS,,0,,,,,,,Sep 14 2019 4:14:16.0600 PM,Sep 14 2019 4:14:16.0600 PM,0
Check_All_CB,Check_All_CB,[Hid] /usr/local/bin/hidreport -p 0x026F -v 0x5ac -i 0 set 0x3f 0x3f 0x02 0x0B,,PASS,,,,,,,,,Sep 14 2019 4:14:16.1550 PM,Sep 14 2019 4:14:16.1550 PM,0
Check_All_CB,Check_All_CB,[Hid] /usr/local/bin/hidreport -p 0x026F -v 0x5ac -i 0 get 0x3f-8,,PASS,,,,,,,,,Sep 14 2019 4:14:16.4110 PM,Sep 14 2019 4:14:16.4110 PM,0
Check_All_CB,Check_All_CB,[Hid] /usr/local/bin/hidreport -p 0x026F -v 0x5ac -i 0 get 0x3f-9,,PASS,,,,,,,,,Sep 14 2019 4:14:21.5900 PM,Sep 14 2019 4:14:21.5900 PM,0
Check_All_CB,Check_All_CB,CB_STATUS_TEST2,,FAIL,Failed limits,0,,3,3,,,,Sep 14 2019 4:14:21.7780 PM,Sep 14 2019 4:14:21.7780 PM,0
Check_All_CB,Check_All_CB,ABS_ERASE_TEST2,,PASS,,0,,,,,,,Sep 14 2019 4:14:21.7790 PM,Sep 14 2019 4:14:21.7790 PM,0
Check_All_CB,Check_All_CB,ABS_FAIL_TEST2,,PASS,,0,,,,,,,Sep 14 2019 4:14:21.7790 PM,Sep 14 2019 4:14:21.7790 PM,0
Check_All_CB,Check_All_CB,REL_FAIL_TEST2,,PASS,,0,,,,,,,Sep 14 2019 4:14:21.7790 PM,Sep 14 2019 4:14:21.7790 PM,0
Check_All_CB,Check_All_CB,[Hid] /usr/local/bin/hidreport -p 0x026F -v 0x5ac -i 0 set 0x3f 0x3f 0x02 0x0C,,PASS,,,,,,,,,Sep 14 2019 4:14:21.8260 PM,Sep 14 2019 4:14:21.8260 PM,0
Check_All_CB,Check_All_CB,[Hid] /usr/local/bin/hidreport -p 0x026F -v 0x5ac -i 0 get 0x3f-10,,PASS,,,,,,,,,Sep 14 2019 4:14:22.1010 PM,Sep 14 2019 4:14:22.1010 PM,0
Check_All_CB,Check_All_CB,CB_STATUS_MMI,,FAIL,Failed limits,0,,3,3,,,,Sep 14 2019 4:14:22.2170 PM,Sep 14 2019 4:14:22.2170 PM,0
Check_All_CB,Check_All_CB,ABS_ERASE_MMI,,PASS,,0,,,,,,,Sep 14 2019 4:14:22.2170 PM,Sep 14 2019 4:14:22.2170 PM,0
Check_All_CB,Check_All_CB,ABS_FAIL_MMI,,PASS,,0,,,,,,,Sep 14 2019 4:14:22.2170 PM,Sep 14 2019 4:14:22.2170 PM,0
Check_All_CB,Check_All_CB,REL_FAIL_MMI,,PASS,,0,,,,,,,Sep 14 2019 4:14:22.2170 PM,Sep 14 2019 4:14:22.2170 PM,0
Check_All_CB,Check_All_CB,[Hid] /usr/local/bin/hidreport -p 0x026F -v 0x5ac -i 0 set 0x3f 0x3f 0x02 0x0D,,PASS,,,,,,,,,Sep 14 2019 4:14:22.3230 PM,Sep 14 2019 4:14:22.3230 PM,0
Check_All_CB,Check_All_CB,[Hid] /usr/local/bin/hidreport -p 0x026F -v 0x5ac -i 0 get 0x3f-11,,PASS,,,,,,,,,Sep 14 2019 4:14:22.6100 PM,Sep 14 2019 4:14:22.6100 PM,0
Check_All_CB,Check_All_CB,CB_STATUS_SW-DOWNLOAD,,FAIL,Failed limits,0,,3,3,,,,Sep 14 2019 4:14:22.7980 PM,Sep 14 2019 4:14:22.7980 PM,0
Check_All_CB,Check_All_CB,ABS_ERASE_SW-DOWNLOAD,,PASS,,0,,,,,,,Sep 14 2019 4:14:22.7980 PM,Sep 14 2019 4:14:22.7980 PM,0
Check_All_CB,Check_All_CB,ABS_FAIL_SW-DOWNLOAD,,PASS,,0,,,,,,,Sep 14 2019 4:14:22.7980 PM,Sep 14 2019 4:14:22.7980 PM,0
Check_All_CB,Check_All_CB,REL_FAIL_SW-DOWNLOAD,,PASS,,0,,,,,,,Sep 14 2019 4:14:22.7980 PM,Sep 14 2019 4:14:22.7980 PM,0
Check_Bootargs_Status,,,,,,,,,,,,,Sep 14 2019 4:14:22.8050 PM,Sep 14 2019 4:14:23.7180 PM,.9129
Check_Bootargs_Status,Check_Bootargs_Status,"[Hid] /usr/local/bin/hidreport -v 0x05ac -p 0x026F -u 0xFF00,0x000B set 0x3d 0x3d 0x15 0x0 0x0 0x0",,PASS,,,,,,,,,Sep 14 2019 4:14:22.9130 PM,Sep 14 2019 4:14:22.9130 PM,0
Check_Bootargs_Status,Check_Bootargs_Status,"[Hid] /usr/local/bin/hidreport -v 0x05ac -p 0x026F -u 0xFF00,0x000B get 0x3e",,PASS,,,,,,,,,Sep 14 2019 4:14:23.3480 PM,Sep 14 2019 4:14:23.3480 PM,0
Check_Bootargs_Status,Check_Bootargs_Status,Check_Bootargs_Status,15 00 00 00 ,PASS,,,,,,,,,Sep 14 2019 4:14:23.7180 PM,Sep 14 2019 4:14:23.7180 PM,0
Read_FG_SN,,,,,,,,,,,,,Sep 14 2019 4:14:23.7460 PM,Sep 14 2019 4:14:24.2110 PM,.4651
Read_FG_SN,Read_FG_SN,"[Hid] /usr/local/bin/hidreport -pid 0x026F -vid 0x05ac -usage 0xff00,0xb get 0x11",,PASS,,,,,,,,,Sep 14 2019 4:14:23.8180 PM,Sep 14 2019 4:14:23.8180 PM,0
Read_FG_SN,Read_FG_SN,Read_FG_SN,FTPZD009P3LY,PASS,,,,,,,,,Sep 14 2019 4:14:24.2110 PM,Sep 14 2019 4:14:24.2110 PM,0
Compare_FG_SN,,,,,,,,,,,,,Sep 14 2019 4:14:24.2130 PM,Sep 14 2019 4:14:24.2140 PM,.0005
Compare_FG_SN,Compare_FG_SN,Compare_FG_SN,,PASS,,,,,,,,,Sep 14 2019 4:14:24.2130 PM,Sep 14 2019 4:14:24.2130 PM,0
Get_SFC_Info,,,,,,,,,,,,,Sep 14 2019 4:14:24.2150 PM,Sep 14 2019 4:14:24.2850 PM,.0695
Get_SFC_Info,Get_SFC_Info,SFCSupport,getAttributes,PASS,,,,,,,,,Sep 14 2019 4:14:24.2170 PM,Sep 14 2019 4:14:24.2440 PM,.0274
Get_SFC_Info,Get_SFC_Info,GET SFC info - unit_lbl,R128-P2_P22AEN-S1_C01035,PASS,,,,,,,,,Sep 14 2019 4:14:24.2450 PM,Sep 14 2019 4:14:24.2450 PM,0
Get_SFC_Info,Get_SFC_Info,SFCSupport,getAttributes-2,PASS,,,,,,,,,Sep 14 2019 4:14:24.2470 PM,Sep 14 2019 4:14:24.2510 PM,.0042
Get_SFC_Info,Get_SFC_Info,GET SFC info - wo_no,WCR-J90002,PASS,,,,,,,,,Sep 14 2019 4:14:24.2520 PM,Sep 14 2019 4:14:24.2520 PM,0
Get_SFC_Info,Get_SFC_Info,SFCSupport,getAttributes-3,PASS,,,,,,,,,Sep 14 2019 4:14:24.2530 PM,Sep 14 2019 4:14:24.2580 PM,.005
Get_SFC_Info,Get_SFC_Info,GET SFC info - mlb_sn,DLX9373000AN47324,PASS,,,,,,,,,Sep 14 2019 4:14:24.2590 PM,Sep 14 2019 4:14:24.2590 PM,0
Get_SFC_Info,Get_SFC_Info,SFCSupport,getAttributes-4,PASS,,,,,,,,,Sep 14 2019 4:14:24.2600 PM,Sep 14 2019 4:14:24.2640 PM,.004
Get_SFC_Info,Get_SFC_Info,GET SFC info - kbm_sn,C4P9315000NJCPQ3X,PASS,,,,,,,,,Sep 14 2019 4:14:24.2650 PM,Sep 14 2019 4:14:24.2650 PM,0
Get_SFC_Info,Get_SFC_Info,SFCSupport,getAttributes-5,PASS,,,,,,,,,Sep 14 2019 4:14:24.2660 PM,Sep 14 2019 4:14:24.2710 PM,.0053
Get_SFC_Info,Get_SFC_Info,GET SFC info - trackpad_sn,FM7934700CWKG9X4X+S5J,PASS,,,,,,,,,Sep 14 2019 4:14:24.2720 PM,Sep 14 2019 4:14:24.2720 PM,0
Get_SFC_Info,Get_SFC_Info,SFCSupport,getAttributes-6,PASS,,,,,,,,,Sep 14 2019 4:14:24.2730 PM,Sep 14 2019 4:14:24.2770 PM,.0043
Get_SFC_Info,Get_SFC_Info,GET SFC info - backlight_sn,GV29357000TN5TG2G,PASS,,,,,,,,,Sep 14 2019 4:14:24.2780 PM,Sep 14 2019 4:14:24.2780 PM,0
Get_SFC_Info,Get_SFC_Info,SFCSupport,getAttributes-7,PASS,,,,,,,,,Sep 14 2019 4:14:24.2790 PM,Sep 14 2019 4:14:24.2840 PM,.0051
Get_SFC_Info,Get_SFC_Info,GET SFC info - touch_flex_sn,C47935505YQJFK022,PASS,,,,,,,,,Sep 14 2019 4:14:24.2840 PM,Sep 14 2019 4:14:24.2840 PM,0
MLB_SN,,,,,,,,,,,,,Sep 14 2019 4:14:24.2890 PM,Sep 14 2019 4:14:24.7950 PM,.5064
MLB_SN,MLB_SN,"[Hid] /usr/local/bin/hidreport -p 0x026F -vid 0x05ac -usage 0xff00,0xb get 0x12",,PASS,,,,,,,,,Sep 14 2019 4:14:24.3990 PM,Sep 14 2019 4:14:24.3990 PM,0
MLB_SN,MLB_SN,MLB_SN,DLX9373000AN47324,PASS,,,,,,,,,Sep 14 2019 4:14:24.7950 PM,Sep 14 2019 4:14:24.7950 PM,0
WO_SN,,,,,,,,,,,,,Sep 14 2019 4:14:24.7980 PM,Sep 14 2019 4:14:24.7990 PM,.0006
WO_SN,WO_SN,WO_SN,WCR-J90002,PASS,,,,,,,,,Sep 14 2019 4:14:24.7980 PM,Sep 14 2019 4:14:24.7980 PM,0
UNIT_LBL,,,,,,,,,,,,,Sep 14 2019 4:14:24.8040 PM,Sep 14 2019 4:14:24.8050 PM,.0006
UNIT_LBL,UNIT_LBL,UNIT_LBL,R128-P2_P22AEN-S1_C01035,PASS,,,,,,,,,Sep 14 2019 4:14:24.8040 PM,Sep 14 2019 4:14:24.8040 PM,0
BUILD_EVENT,,,,,,,,,,,,,Sep 14 2019 4:14:24.8070 PM,Sep 14 2019 4:14:24.8070 PM,.0006
BUILD_EVENT,BUILD_EVENT,BUILD_EVENT: ,R128-P2,PASS,,,,,,,,,Sep 14 2019 4:14:24.8070 PM,Sep 14 2019 4:14:24.8070 PM,0
BUILD_MATRIX_CONFIG,,,,,,,,,,,,,Sep 14 2019 4:14:24.8090 PM,Sep 14 2019 4:14:24.8100 PM,.0005
BUILD_MATRIX_CONFIG,BUILD_MATRIX_CONFIG,BUILD_MATRIC_CONFIG: ,P22AEN-S1,PASS,,,,,,,,,Sep 14 2019 4:14:24.8100 PM,Sep 14 2019 4:14:24.8100 PM,0
UNIT#,,,,,,,,,,,,,Sep 14 2019 4:14:24.8120 PM,Sep 14 2019 4:14:24.8130 PM,.0006
UNIT#,UNIT#,UNIT#: ,C01035,PASS,,,,,,,,,Sep 14 2019 4:14:24.8120 PM,Sep 14 2019 4:14:24.8120 PM,0
S_BUILD,,,,,,,,,,,,,Sep 14 2019 4:14:24.8150 PM,Sep 14 2019 4:14:24.8150 PM,.0005
S_BUILD,S_BUILD,S_BUILD: ,R128-P2_P22AEN-S1,PASS,,,,,,,,,Sep 14 2019 4:14:24.8150 PM,Sep 14 2019 4:14:24.8150 PM,0
KBM_SN,,,,,,,,,,,,,Sep 14 2019 4:14:24.8170 PM,Sep 14 2019 4:14:24.8180 PM,.0007
KBM_SN,KBM_SN,KBM_SN,C4P9315000NJCPQ3X,PASS,,,,,,,,,Sep 14 2019 4:14:24.8180 PM,Sep 14 2019 4:14:24.8180 PM,0
BACKLIGHT_SN,,,,,,,,,,,,,Sep 14 2019 4:14:24.8200 PM,Sep 14 2019 4:14:24.8210 PM,.0006
BACKLIGHT_SN,BACKLIGHT_SN,BACKLIGHT_SN,GV29357000TN5TG2G,PASS,,,,,,,,,Sep 14 2019 4:14:24.8210 PM,Sep 14 2019 4:14:24.8210 PM,0
TRACKPAD_SN,,,,,,,,,,,,,Sep 14 2019 4:14:24.8230 PM,Sep 14 2019 4:14:24.8240 PM,.0008
TRACKPAD_SN,TRACKPAD_SN,TRACKPAD_SN,FM7934700CWKG9X4X+S5J,PASS,,,,,,,,,Sep 14 2019 4:14:24.8240 PM,Sep 14 2019 4:14:24.8240 PM,0
TOUCH_FLEX_SN,,,,,,,,,,,,,Sep 14 2019 4:14:24.8270 PM,Sep 14 2019 4:14:24.8280 PM,.001
TOUCH_FLEX_SN,TOUCH_FLEX_SN,TOUCH_FLEX_SN,C47935505YQJFK022,PASS,,,,,,,,,Sep 14 2019 4:14:24.8270 PM,Sep 14 2019 4:14:24.8270 PM,0
Check_EP_Status,,,,,,,,,,,,,Sep 14 2019 4:14:24.8300 PM,Sep 14 2019 4:14:25.7440 PM,.9143
Check_EP_Status,Check_EP_Status,[Hid] /usr/local/bin/hidreport -v 0x05ac -p 0x026F -i 0 set 0x3D 0x3D 0x13 0x0 0x0 0x0,,PASS,,,,,,,,,Sep 14 2019 4:14:24.9360 PM,Sep 14 2019 4:14:24.9360 PM,0
Check_EP_Status,Check_EP_Status,[Hid] /usr/local/bin/hidreport -v 0x05ac -p 0x026F -i 0 get 0x3E,,PASS,,,,,,,,,Sep 14 2019 4:14:25.3560 PM,Sep 14 2019 4:14:25.3560 PM,0
Check_EP_Status,Check_EP_Status,Check_EP_Status,13 00 00 00 00 ,PASS,,,,,,,,,Sep 14 2019 4:14:25.7440 PM,Sep 14 2019 4:14:25.7440 PM,0
EP_Enable_All,,,,,,,,,,,,,Sep 14 2019 4:14:25.7470 PM,Sep 14 2019 4:14:29.8490 PM,4.1022
EP_Enable_All,EP_Enable_All,[Hid] /usr/local/bin/hidreport -v 0x05ac -p 0x026F -i 0 set 0x3E 0x3E 0x13 0x0 0x0 0x0 0x0,,PASS,,,,,,,,,Sep 14 2019 4:14:25.8450 PM,Sep 14 2019 4:14:25.8450 PM,0
EP_Enable_All,EP_Enable_All,EP_Enable_All,Pass,PASS,,,,,,,,,Sep 14 2019 4:14:26.1640 PM,Sep 14 2019 4:14:26.1640 PM,0
EP_Enable_All,EP_Enable_All,[Fixture] Power off,sendCommand,PASS,,,,,,,,,Sep 14 2019 4:14:26.1650 PM,Sep 14 2019 4:14:26.1820 PM,.0168
EP_Enable_All,EP_Enable_All,[Fixture] Power on,sendCommand,PASS,,,,,,,,,Sep 14 2019 4:14:26.7580 PM,Sep 14 2019 4:14:26.7730 PM,.0151
STFW,,,,,,,,,,,,,Sep 14 2019 4:14:29.8520 PM,Sep 14 2019 4:14:30.2960 PM,.4443
STFW,STFW,[Hid] /usr/local/bin/hidreport -pid 0x026F -vid 0x05ac -interface 0 get 0xb4,,PASS,,,,,,,,,Sep 14 2019 4:14:29.9060 PM,Sep 14 2019 4:14:29.9060 PM,0
STFW,STFW,STFW,,PASS,,352,NA,,,,,,Sep 14 2019 4:14:30.2950 PM,Sep 14 2019 4:14:30.2950 PM,0
Read_HW_Version,,,,,,,,,,,,,Sep 14 2019 4:14:30.2980 PM,Sep 14 2019 4:14:33.9240 PM,3.6262
Read_HW_Version,Read_HW_Version,"[Hid] /usr/local/bin/hidreport -pid 0x026F -vid 0x05ac -usage 0xff00,0xb get 0xbc",,PASS,,,,,,,,,Sep 14 2019 4:14:30.4040 PM,Sep 14 2019 4:14:30.4040 PM,0
Read_HW_Version,Read_HW_Version,"[Hid] /usr/local/bin/hidreport -pid 0x026F -vid 0x05ac -usage 0xff00,0xb get 0xbc-2",,PASS,,,,,,,,,Sep 14 2019 4:14:33.5410 PM,Sep 14 2019 4:14:33.5410 PM,0
Read_HW_Version,Read_HW_Version,Read_HW_Version,0x03,PASS,,,,,,,,,Sep 14 2019 4:14:33.9240 PM,Sep 14 2019 4:14:33.9240 PM,0
GreenPAK_ID,,,,,,,,,,,,,Sep 14 2019 4:14:33.9270 PM,Sep 14 2019 4:14:37.6550 PM,3.728
GreenPAK_ID,GreenPAK_ID,"[Hid] /usr/local/bin/hidreport -pid 0x026F -vid 0x05ac -usage 0xff00,0xb get 0x90",,PASS,,,,,,,,,Sep 14 2019 4:14:34.0050 PM,Sep 14 2019 4:14:34.0050 PM,0
GreenPAK_ID,GreenPAK_ID,"[Hid] /usr/local/bin/hidreport -pid 0x026F -vid 0x05ac -usage 0xff00,0xb get 0x90-2",,PASS,,,,,,,,,Sep 14 2019 4:14:37.2490 PM,Sep 14 2019 4:14:37.2490 PM,0
GreenPAK_ID,GreenPAK_ID,GreenPAK_ID,02,PASS,,,,,,,,,Sep 14 2019 4:14:37.6540 PM,Sep 14 2019 4:14:37.6540 PM,0
TOUCH_FW,,,,,,,,,,,,,Sep 14 2019 4:14:37.6830 PM,Sep 14 2019 4:14:38.1320 PM,.4483
TOUCH_FW,TOUCH_FW,[Hid] /usr/local/bin/hidreport -pid 0x026F -vid 0x05ac -interface 0 get 0xbb,,PASS,,,,,,,,,Sep 14 2019 4:14:37.7480 PM,Sep 14 2019 4:14:37.7480 PM,0
TOUCH_FW,TOUCH_FW,Touch_FW,,PASS,,1285,NA,,,,,,Sep 14 2019 4:14:38.1310 PM,Sep 14 2019 4:14:38.1310 PM,0
Read_CCG3_FW,,,,,,,,,,,,,Sep 14 2019 4:14:38.1340 PM,Sep 14 2019 4:14:46.0800 PM,7.9451
Read_CCG3_FW,Read_CCG3_FW,"[Hid] /usr/local/bin/hidreport -v 0x05ac -p 0x026F -usage 0xff00,0xb set 0xce 0xce 6 6 0",,PASS,,,,,,,,,Sep 14 2019 4:14:38.1810 PM,Sep 14 2019 4:14:38.1810 PM,0
Read_CCG3_FW,Read_CCG3_FW,"[Hid] /usr/local/bin/hidreport -v 0x05ac -p 0x026F -usage 0xff00,0xb get 0xa0",,PASS,,,,,,,,,Sep 14 2019 4:14:38.7020 PM,Sep 14 2019 4:14:38.7020 PM,0
Read_CCG3_FW,Read_CCG3_FW,"[Hid] /usr/local/bin/hidreport -v 0x05ac -p 0x026F -usage 0xff00,0xb set 0xce 0xce 6 6 1",,PASS,,,,,,,,,Sep 14 2019 4:14:39.1470 PM,Sep 14 2019 4:14:39.1470 PM,0
Read_CCG3_FW,Read_CCG3_FW,"[Hid] /usr/local/bin/hidreport -v 0x05ac -p 0x026F -usage 0xff00,0xb set 0xce 0xce 6 6 1-2",,PASS,,,,,,,,,Sep 14 2019 4:14:42.2930 PM,Sep 14 2019 4:14:42.2930 PM,0
Read_CCG3_FW,Read_CCG3_FW,ReadCCG3FW,,PASS,,,,,,,,,Sep 14 2019 4:14:42.6860 PM,Sep 14 2019 4:14:42.6860 PM,0
Read_CCG3_FW,Read_CCG3_FW,ReadCCG3FW,A0 02 00 0B 00 0B 00 0B ,PASS,,,,,,,,,Sep 14 2019 4:14:42.6870 PM,Sep 14 2019 4:14:42.6870 PM,0
Read_CCG3_FW,Read_CCG3_FW,[Fixture] Power off,sendCommand,PASS,,,,,,,,,Sep 14 2019 4:14:42.6890 PM,Sep 14 2019 4:14:42.6950 PM,.0057
Read_CCG3_FW,Read_CCG3_FW,[Fixture] Power on,sendCommand,PASS,,,,,,,,,Sep 14 2019 4:14:43.0640 PM,Sep 14 2019 4:14:43.0780 PM,.0141
Production_Signed_Check,,,,,,,,,,,,,Sep 14 2019 4:14:46.0830 PM,Sep 14 2019 4:14:46.5180 PM,.4355
Production_Signed_Check,Production_Signed_Check,"[Hid] /usr/local/bin/hidreport -pid 0x026F -vid 0x05ac -usage 0xff00,0x000b get 0x13",,PASS,,,,,,,,,Sep 14 2019 4:14:46.1320 PM,Sep 14 2019 4:14:46.1320 PM,0
Production_Signed_Check,Production_Signed_Check,Production_Signed_Check,0x00,PASS,,,,,,,,,Sep 14 2019 4:14:46.5180 PM,Sep 14 2019 4:14:46.5180 PM,0
Read_KBD_HW_Layout,,,,,,,,,,,,,Sep 14 2019 4:14:46.5200 PM,Sep 14 2019 4:14:46.9490 PM,.4289
Read_KBD_HW_Layout,Read_KBD_HW_Layout,"[Hid] /usr/local/bin/hidreport -pid 0x026F -vid 0x05ac -usage 0x0001,0x0006 get 0x04",,PASS,,,,,,,,,Sep 14 2019 4:14:46.5680 PM,Sep 14 2019 4:14:46.5680 PM,0
Read_KBD_HW_Layout,Read_KBD_HW_Layout,Read_KBD_HW_Layout,0x21,PASS,,,,,,,,,Sep 14 2019 4:14:46.9490 PM,Sep 14 2019 4:14:46.9490 PM,0
Get_KBD_HW_Layout,,,,,,,,,,,,,Sep 14 2019 4:14:46.9520 PM,Sep 14 2019 4:14:46.9520 PM,.0007
Get_KBD_HW_Layout,Get_KBD_HW_Layout,Get_KBD_HW_Layout,0x21,PASS,,,,,,,,,Sep 14 2019 4:14:46.9520 PM,Sep 14 2019 4:14:46.9520 PM,0
Compare_KBD_HW_Layout,,,,,,,,,,,,,Sep 14 2019 4:14:46.9540 PM,Sep 14 2019 4:14:46.9550 PM,.0005
Compare_KBD_HW_Layout,Compare_KBD_HW_Layout,Compare_KBD_HW_Layout,,PASS,,,,,,,,,Sep 14 2019 4:14:46.9550 PM,Sep 14 2019 4:14:46.9550 PM,0
Read_MLB_Lang,,,,,,,,,,,,,Sep 14 2019 4:14:46.9570 PM,Sep 14 2019 4:14:47.3910 PM,.4343
Read_MLB_Lang,Read_MLB_Lang,"[Hid] /usr/local/bin/hidreport -pid 0x026F -vid 0x05ac -usage 0x0001,0x0006 get 0x02",,PASS,,,,,,,,,Sep 14 2019 4:14:47.0040 PM,Sep 14 2019 4:14:47.0040 PM,0
Read_MLB_Lang,Read_MLB_Lang,Read_MLB_Lang,02 01 01 05 49 ,PASS,,,,,,,,,Sep 14 2019 4:14:47.3910 PM,Sep 14 2019 4:14:47.3910 PM,0
Get_KBD_Lang,,,,,,,,,,,,,Sep 14 2019 4:14:47.3930 PM,Sep 14 2019 4:14:47.3940 PM,.0005
Get_KBD_Lang,Get_KBD_Lang,Get_KBD_Lang,02 01 01 05 49,PASS,,,,,,,,,Sep 14 2019 4:14:47.3940 PM,Sep 14 2019 4:14:47.3940 PM,0
Check_KBD_Lang,,,,,,,,,,,,,Sep 14 2019 4:14:47.3960 PM,Sep 14 2019 4:14:47.3960 PM,.0005
Check_KBD_Lang,Check_KBD_Lang,Check_KBD_Lang,,PASS,,,,,,,,,Sep 14 2019 4:14:47.3960 PM,Sep 14 2019 4:14:47.3960 PM,0
Read_MFI_Address,,,,,,,,,,,,,Sep 14 2019 4:14:47.3980 PM,Sep 14 2019 4:14:51.0830 PM,3.6842
Read_MFI_Address,Read_MFI_Address,[Hid] /usr/local/bin/hidreport -p 0x026F -v 0x05ac -i 0 get 0x5E,,PASS,,,,,,,,,Sep 14 2019 4:14:47.4570 PM,Sep 14 2019 4:14:47.4570 PM,0
Read_MFI_Address,Read_MFI_Address,[Hid] /usr/local/bin/hidreport -p 0x026F -v 0x05ac -i 0 get 0x5E-2,,PASS,,,,,,,,,Sep 14 2019 4:14:50.6960 PM,Sep 14 2019 4:14:50.6960 PM,0
Read_MFI_Address,Read_MFI_Address,Read_MFI_Address,0x10,PASS,,,,,,,,,Sep 14 2019 4:14:51.0780 PM,Sep 14 2019 4:14:51.0780 PM,0
System_Critical_Errors,,,,,,,,,,,,,Sep 14 2019 4:14:51.1260 PM,Sep 14 2019 4:14:51.6610 PM,.5343
System_Critical_Errors,System_Critical_Errors,"[Hid] /usr/local/bin/hidreport -v 0x05ac -p 0x026F -usage 0xff00,0xb get 0xE1",,PASS,,,,,,,,,Sep 14 2019 4:14:51.2650 PM,Sep 14 2019 4:14:51.2650 PM,0
System_Critical_Errors,System_Critical_Errors,CRIT_ERR_E1_PART1,,PASS,,8704,,,,,,,Sep 14 2019 4:14:51.6590 PM,Sep 14 2019 4:14:51.6590 PM,0
System_Critical_Errors,System_Critical_Errors,CRIT_ERR_E1_PART2,,PASS,,0,,,,,,,Sep 14 2019 4:14:51.6600 PM,Sep 14 2019 4:14:51.6600 PM,0
System_Critical_Errors,System_Critical_Errors,CRIT_ERR_E1,,PASS,,,,,,,,,Sep 14 2019 4:14:51.6600 PM,Sep 14 2019 4:14:51.6600 PM,0
FW_Update_Critical_Errors,,,,,,,,,,,,,Sep 14 2019 4:14:51.6630 PM,Sep 14 2019 4:14:52.0410 PM,.3771
FW_Update_Critical_Errors,FW_Update_Critical_Errors,"[Hid] /usr/local/bin/hidreport -v 0x05ac -p 0x026F -usage 0xff00,0xb get 0xE2",,PASS,,,,,,,,,Sep 14 2019 4:14:51.7200 PM,Sep 14 2019 4:14:51.7200 PM,0
FW_Update_Critical_Errors,FW_Update_Critical_Errors,CRIT_ERR_E2_PART1,,PASS,,0,,,,,,,Sep 14 2019 4:14:52.0390 PM,Sep 14 2019 4:14:52.0390 PM,0
FW_Update_Critical_Errors,FW_Update_Critical_Errors,CRIT_ERR_E2_PART2,,PASS,,0,,,,,,,Sep 14 2019 4:14:52.0390 PM,Sep 14 2019 4:14:52.0390 PM,0
FW_Update_Critical_Errors,FW_Update_Critical_Errors,CRIT_ERR_E2_PART3,,PASS,,0,,,,,,,Sep 14 2019 4:14:52.0390 PM,Sep 14 2019 4:14:52.0390 PM,0
FW_Update_Critical_Errors,FW_Update_Critical_Errors,CRIT_ERR_E2,,PASS,,,,,,,,,Sep 14 2019 4:14:52.0400 PM,Sep 14 2019 4:14:52.0400 PM,0
Key_Scan_Critical_Errors,,,,,,,,,,,,,Sep 14 2019 4:14:52.0430 PM,Sep 14 2019 4:14:52.4840 PM,.4406
Key_Scan_Critical_Errors,Key_Scan_Critical_Errors,"[Hid] /usr/local/bin/hidreport -v 0x05ac -p 0x026F -usage 0xff00,0xb get 0xE7",,PASS,,,,,,,,,Sep 14 2019 4:14:52.0930 PM,Sep 14 2019 4:14:52.0930 PM,0
Key_Scan_Critical_Errors,Key_Scan_Critical_Errors,CRIT_ERR_E7_PART1,,PASS,,0,,,,,,,Sep 14 2019 4:14:52.4820 PM,Sep 14 2019 4:14:52.4820 PM,0
Key_Scan_Critical_Errors,Key_Scan_Critical_Errors,CRIT_ERR_E7_PART2,,PASS,,0,,,,,,,Sep 14 2019 4:14:52.4820 PM,Sep 14 2019 4:14:52.4820 PM,0
Key_Scan_Critical_Errors,Key_Scan_Critical_Errors,CRIT_ERR_E7_PART3,,PASS,,0,,,,,,,Sep 14 2019 4:14:52.4820 PM,Sep 14 2019 4:14:52.4820 PM,0
Key_Scan_Critical_Errors,Key_Scan_Critical_Errors,CRIT_ERR_E7_PART4,,PASS,,0,,,,,,,Sep 14 2019 4:14:52.4830 PM,Sep 14 2019 4:14:52.4830 PM,0
Key_Scan_Critical_Errors,Key_Scan_Critical_Errors,CRIT_ERR_E7,,PASS,,,,,,,,,Sep 14 2019 4:14:52.4840 PM,Sep 14 2019 4:14:52.4840 PM,0
USBC_Critical_Errors,,,,,,,,,,,,,Sep 14 2019 4:14:52.4870 PM,Sep 14 2019 4:14:56.1590 PM,3.6722
USBC_Critical_Errors,USBC_Critical_Errors,"[Hid] /usr/local/bin/hidreport -v 0x05ac -p 0x026F -usage 0xff00,0xb get 0xE3",,PASS,,,,,,,,,Sep 14 2019 4:14:52.5790 PM,Sep 14 2019 4:14:52.5790 PM,0
USBC_Critical_Errors,USBC_Critical_Errors,"[Hid] /usr/local/bin/hidreport -v 0x05ac -p 0x026F -usage 0xff00,0xb get 0xE3-2",,PASS,,,,,,,,,Sep 14 2019 4:14:55.7650 PM,Sep 14 2019 4:14:55.7650 PM,0
USBC_Critical_Errors,USBC_Critical_Errors,CRIT_ERR_E3_PART1,,PASS,,0,,,,,,,Sep 14 2019 4:14:56.1560 PM,Sep 14 2019 4:14:56.1560 PM,0
USBC_Critical_Errors,USBC_Critical_Errors,CRIT_ERR_E3_PART2,,PASS,,0,,,,,,,Sep 14 2019 4:14:56.1560 PM,Sep 14 2019 4:14:56.1560 PM,0
USBC_Critical_Errors,USBC_Critical_Errors,CRIT_ERR_E3_PART3,,PASS,,0,,,,,,,Sep 14 2019 4:14:56.1570 PM,Sep 14 2019 4:14:56.1570 PM,0
USBC_Critical_Errors,USBC_Critical_Errors,CRIT_ERR_E3_PART4,,PASS,,0,,,,,,,Sep 14 2019 4:14:56.1570 PM,Sep 14 2019 4:14:56.1570 PM,0
USBC_Critical_Errors,USBC_Critical_Errors,CRIT_ERR_E3,,PASS,,,,,,,,,Sep 14 2019 4:14:56.1590 PM,Sep 14 2019 4:14:56.1590 PM,0
Grape_Critical_Errors,,,,,,,,,,,,,Sep 14 2019 4:14:56.1620 PM,Sep 14 2019 4:14:56.6650 PM,.5029
Grape_Critical_Errors,Grape_Critical_Errors,"[Hid] /usr/local/bin/hidreport -v 0x05ac -p 0x026F -usage 0xff00,0xb get 0xE5",,PASS,,,,,,,,,Sep 14 2019 4:14:56.2690 PM,Sep 14 2019 4:14:56.2690 PM,0
Grape_Critical_Errors,Grape_Critical_Errors,CRIT_ERR_E5_PART1,,PASS,,16777216,,,,,,,Sep 14 2019 4:14:56.6600 PM,Sep 14 2019 4:14:56.6600 PM,0
Grape_Critical_Errors,Grape_Critical_Errors,CRIT_ERR_E5_PART2,,PASS,,0,,,,,,,Sep 14 2019 4:14:56.6610 PM,Sep 14 2019 4:14:56.6610 PM,0
Grape_Critical_Errors,Grape_Critical_Errors,CRIT_ERR_E5_PART3,,PASS,,0,,,,,,,Sep 14 2019 4:14:56.6610 PM,Sep 14 2019 4:14:56.6610 PM,0
Grape_Critical_Errors,Grape_Critical_Errors,CRIT_ERR_E5_PART4,,PASS,,0,,,,,,,Sep 14 2019 4:14:56.6620 PM,Sep 14 2019 4:14:56.6620 PM,0
Grape_Critical_Errors,Grape_Critical_Errors,CRIT_ERR_E5_PART5,,PASS,,0,,,,,,,Sep 14 2019 4:14:56.6620 PM,Sep 14 2019 4:14:56.6620 PM,0
Grape_Critical_Errors,Grape_Critical_Errors,CRIT_ERR_E5_PART6,,PASS,,0,,,,,,,Sep 14 2019 4:14:56.6620 PM,Sep 14 2019 4:14:56.6620 PM,0
Grape_Critical_Errors,Grape_Critical_Errors,CRIT_ERR_E5_PART7,,PASS,,16842752,,,,,,,Sep 14 2019 4:14:56.6630 PM,Sep 14 2019 4:14:56.6630 PM,0
Grape_Critical_Errors,Grape_Critical_Errors,CRIT_ERR_E5_PART8,,PASS,,16777216,,,,,,,Sep 14 2019 4:14:56.6630 PM,Sep 14 2019 4:14:56.6630 PM,0
Grape_Critical_Errors,Grape_Critical_Errors,CRIT_ERR_E5_PART9,,PASS,,0,,,,,,,Sep 14 2019 4:14:56.6630 PM,Sep 14 2019 4:14:56.6630 PM,0
Grape_Critical_Errors,Grape_Critical_Errors,CRIT_ERR_E5_PART10,,PASS,,0,,,,,,,Sep 14 2019 4:14:56.6630 PM,Sep 14 2019 4:14:56.6630 PM,0
Grape_Critical_Errors,Grape_Critical_Errors,CRIT_ERR_E5,,PASS,,,,,,,,,Sep 14 2019 4:14:56.6650 PM,Sep 14 2019 4:14:56.6650 PM,0
Critical_Errors_Summary,,,,,,,,,,,,,Sep 14 2019 4:14:56.6690 PM,Sep 14 2019 4:14:57.0910 PM,.4227
Critical_Errors_Summary,Critical_Errors_Summary,"[Hid] /usr/local/bin/hidreport -pid 0x026F -vid 0x05ac -usage 0xff00,0xb get 0xE0",,PASS,,,,,,,,,Sep 14 2019 4:14:56.7720 PM,Sep 14 2019 4:14:56.7720 PM,0
Critical_Errors_Summary,Critical_Errors_Summary,CRIT_ERR_E0_PART1,,PASS,,0,,,,,,,Sep 14 2019 4:14:57.0900 PM,Sep 14 2019 4:14:57.0900 PM,0
Critical_Errors_Summary,Critical_Errors_Summary,CRIT_ERR_E0,,PASS,,,,,,,,,Sep 14 2019 4:14:57.0910 PM,Sep 14 2019 4:14:57.0910 PM,0
Backlight_Critical_Errors,,,,,,,,,,,,,Sep 14 2019 4:14:57.0950 PM,Sep 14 2019 4:14:57.5870 PM,.4914
Backlight_Critical_Errors,Backlight_Critical_Errors,"[Hid] /usr/local/bin/hidreport -pid 0x026F -vid 0x05ac -usage 0xff00,0xf get 0x07",,PASS,,,,,,,,,Sep 14 2019 4:14:57.1980 PM,Sep 14 2019 4:14:57.1980 PM,0
Backlight_Critical_Errors,Backlight_Critical_Errors,BL_CRI_ERR_PART1,,PASS,,0,,,,,,,Sep 14 2019 4:14:57.5860 PM,Sep 14 2019 4:14:57.5860 PM,0
Backlight_Critical_Errors,Backlight_Critical_Errors,BL_CRI_ERR,,PASS,,,,,,,,,Sep 14 2019 4:14:57.5860 PM,Sep 14 2019 4:14:57.5860 PM,0
Grape_Connector_Self_Critical_Errors,,,,,,,,,,,,,Sep 14 2019 4:14:57.5890 PM,Sep 14 2019 4:15:01.2050 PM,3.6164
Grape_Connector_Self_Critical_Errors,Grape_Connector_Self_Critical_Errors,"[Hid] /usr/local/bin/hidreport -v 0x5ac -p 0x026F -usage 0x0001,0x0002 get 0xD3",,PASS,,,,,,,,,Sep 14 2019 4:14:57.6490 PM,Sep 14 2019 4:14:57.6490 PM,0
Grape_Connector_Self_Critical_Errors,Grape_Connector_Self_Critical_Errors,"[Hid] /usr/local/bin/hidreport -v 0x5ac -p 0x026F -usage 0x0001,0x0002 get 0xD3-2",,PASS,,,,,,,,,Sep 14 2019 4:15:00.8080 PM,Sep 14 2019 4:15:00.8080 PM,0
Grape_Connector_Self_Critical_Errors,Grape_Connector_Self_Critical_Errors,CRIT_ERR_D3_PART1,,PASS,,17437701,,,,,,,Sep 14 2019 4:15:01.2030 PM,Sep 14 2019 4:15:01.2030 PM,0
Grape_Connector_Self_Critical_Errors,Grape_Connector_Self_Critical_Errors,CRIT_ERR_D3_PART2,,PASS,,83888660,,,,,,,Sep 14 2019 4:15:01.2040 PM,Sep 14 2019 4:15:01.2040 PM,0
Grape_Connector_Self_Critical_Errors,Grape_Connector_Self_Critical_Errors,CRIT_ERR_D3_PART3,,PASS,,570621952,,,,,,,Sep 14 2019 4:15:01.2040 PM,Sep 14 2019 4:15:01.2040 PM,0
Grape_Connector_Self_Critical_Errors,Grape_Connector_Self_Critical_Errors,CRIT_ERR_D3,,FAIL,,,,,,,,,Sep 14 2019 4:15:01.2050 PM,Sep 14 2019 4:15:01.2050 PM,0
Finish DRCB,,,,,,,,,,,,,Sep 14 2019 4:15:01.2090 PM,Sep 14 2019 4:15:01.6580 PM,.4487
Finish DRCB,Finish DRCB,DRCB,Finish,PASS,,,,,,,,,Sep 14 2019 4:15:01.2100 PM,Sep 14 2019 4:15:01.6570 PM,.4463
Fixturereset,,,,,,,,,,,,,Sep 14 2019 4:15:01.6600 PM,Sep 14 2019 4:15:02.9130 PM,1.2533
Fixturereset,Fixturereset,[Fixture] Retract pogo,sendCommand,PASS,,,,,,,,,Sep 14 2019 4:15:01.6610 PM,Sep 14 2019 4:15:01.8300 PM,.1691
Fixturereset,Fixturereset,Fixture,close,PASS,,,,,,,,,Sep 14 2019 4:15:02.9060 PM,Sep 14 2019 4:15:02.9060 PM,.0005
Fixturereset,Fixturereset,P203,close,PASS,,,,,,,,,Sep 14 2019 4:15:02.9100 PM,Sep 14 2019 4:15:02.9120 PM,.0024
