Test,Plugin,Command,Status,Info,Start Time,End Time,Duration (s)
Scan_FG_SN,com.apple.hwte.atlas.AppPlugin,show-form,PASS,,Sep 14 2019 4:14:00.0550 PM,Sep 14 2019 4:14:01.7530 PM,1.6972
Fixtureinit,Fixture,changeDelimiter,PASS,,Sep 14 2019 4:14:01.7600 PM,Sep 14 2019 4:14:01.7600 PM,.0001
Fixtureinit,Fixture,changeLineTerminator,PASS,,Sep 14 2019 4:14:01.7610 PM,Sep 14 2019 4:14:01.7610 PM,0
Fixtureinit,Fixture,open,PASS,,Sep 14 2019 4:14:01.7630 PM,Sep 14 2019 4:14:03.3580 PM,1.5951
Fixtureinit,Fixture,read,PASS,,Sep 14 2019 4:14:03.3600 PM,Sep 14 2019 4:14:03.3870 PM,.0268
Fixtureinit,P203,changeDelimiter,PASS,,Sep 14 2019 4:14:03.3880 PM,Sep 14 2019 4:14:03.3890 PM,.0001
Fixtureinit,P203,changeLineTerminator,PASS,,Sep 14 2019 4:14:03.3900 PM,Sep 14 2019 4:14:03.3900 PM,0
Fixtureinit,P203,open,PASS,,Sep 14 2019 4:14:03.3920 PM,Sep 14 2019 4:14:04.9830 PM,1.5914
Fixtureinit,P203,read,PASS,,Sep 14 2019 4:14:04.9850 PM,Sep 14 2019 4:14:05.0140 PM,.0288
Fixtureinit,Fixture,sendCommand,PASS,,Sep 14 2019 4:14:05.0150 PM,Sep 14 2019 4:14:05.0340 PM,.0185
Fixtureinit,Fixture,sendCommand,PASS,,Sep 14 2019 4:14:05.0380 PM,Sep 14 2019 4:14:05.0520 PM,.0142
Fixtureinit,Fixture,sendCommand,PASS,,Sep 14 2019 4:14:06.1200 PM,Sep 14 2019 4:14:06.1370 PM,.0164
Fixtureinit,Fixture,sendCommand,PASS,,Sep 14 2019 4:14:08.2130 PM,Sep 14 2019 4:14:08.2780 PM,.0652
Fixtureinit,StationReportPlugin,isReporting,PASS,,Sep 14 2019 4:14:12.1350 PM,Sep 14 2019 4:14:12.1350 PM,0
Start Data Reporting,DRCB,startDataReporting,PASS,,Sep 14 2019 4:14:12.1420 PM,Sep 14 2019 4:14:12.1510 PM,.0088
Start Control Bits,DRCB,startControlBits,PASS,,Sep 14 2019 4:14:12.1570 PM,Sep 14 2019 4:14:12.4700 PM,.3129
Get_SFC_Info,SFCSupport,getAttribute,PASS,,Sep 14 2019 4:14:24.2170 PM,Sep 14 2019 4:14:24.2450 PM,.0274
Get_SFC_Info,SFCSupport,getAttribute,PASS,,Sep 14 2019 4:14:24.2470 PM,Sep 14 2019 4:14:24.2510 PM,.0042
Get_SFC_Info,SFCSupport,getAttribute,PASS,,Sep 14 2019 4:14:24.2530 PM,Sep 14 2019 4:14:24.2580 PM,.005
Get_SFC_Info,SFCSupport,getAttribute,PASS,,Sep 14 2019 4:14:24.2600 PM,Sep 14 2019 4:14:24.2640 PM,.0041
Get_SFC_Info,SFCSupport,getAttribute,PASS,,Sep 14 2019 4:14:24.2660 PM,Sep 14 2019 4:14:24.2710 PM,.0053
Get_SFC_Info,SFCSupport,getAttribute,PASS,,Sep 14 2019 4:14:24.2730 PM,Sep 14 2019 4:14:24.2770 PM,.0043
Get_SFC_Info,SFCSupport,getAttribute,PASS,,Sep 14 2019 4:14:24.2790 PM,Sep 14 2019 4:14:24.2840 PM,.0051
EP_Enable_All,Fixture,sendCommand,PASS,,Sep 14 2019 4:14:26.1650 PM,Sep 14 2019 4:14:26.1820 PM,.0168
EP_Enable_All,Fixture,sendCommand,PASS,,Sep 14 2019 4:14:26.7580 PM,Sep 14 2019 4:14:26.7730 PM,.0152
Read_CCG3_FW,Fixture,sendCommand,PASS,,Sep 14 2019 4:14:42.6890 PM,Sep 14 2019 4:14:42.6950 PM,.0058
Read_CCG3_FW,Fixture,sendCommand,PASS,,Sep 14 2019 4:14:43.0640 PM,Sep 14 2019 4:14:43.0780 PM,.0141
Finish DRCB,DRCB,finish,PASS,,Sep 14 2019 4:15:01.2100 PM,Sep 14 2019 4:15:01.6570 PM,.4463
Fixturereset,Fixture,sendCommand,PASS,,Sep 14 2019 4:15:01.6610 PM,Sep 14 2019 4:15:01.8300 PM,.1691
Fixturereset,Fixture,close,PASS,,Sep 14 2019 4:15:02.9060 PM,Sep 14 2019 4:15:02.9060 PM,.0006
Fixturereset,P203,close,PASS,,Sep 14 2019 4:15:02.9100 PM,Sep 14 2019 4:15:02.9120 PM,.0024
