TEST_ITEM,DESCRIPTION,PARAMETER
GET_SYS_INFO,,
GET_SYS_INFO,Read Unit Serial Number,[Diags] syscfg print SrNm
startDataReporting,,
startDataReporting,DRCB,StartDataReporting
QUERY_SFC_WRITE_SYSCFG,,
QUERY_SFC_WRITE_SYSCFG,The middle of SN#,M00R
GET_MLB_INFO,,
GET_MLB_INFO,Read MLB Board ID,[Diags] boardid
GET_MLB_INFO,Diag Version,[Diags] version
GET_INFO,,
GET_INFO,Set DUT type -N142B,N142B
GET_SYSCFG_LIST,,
GET_SYSCFG_LIST,Read all syscfg,[Diags] syscfg list
GET_CB,,
GET_CB,Read all CB,[Diags] cbreadall
GET_CB,DFU-NAND-INIT,0x00
GET_CB,FCT,0x01
GET_CB,SOC-TEST,0x02
GET_CB,SMT-DEVELOPMENT3,0x03
GET_CB,CELL-CAL,0x04
GET_CB,CELL-TEST,0x05
GET_CB,GPS COND,0x06
GET_CB,A-COND,0x07
GET_CB,S-COND-Mirage,0x08
GET_CB,GATEKEEPER-PREBURN,0x0B
GET_CB,SMT-BONFIRE,0x12
GET_CB,SMT-BURNIN,0x13
GET_CB,SMT-LOG-COLLECTION,0x14
GET_CB,WIFI-BT-COND,0x15
GET_CB,LIT CAL,0x16
GET_CB,LIT TEST,0x17
GET_CB,WIFI-BT-COND-2,0x18
GET_CB,WIFI-COND,0x1A
GET_CB,PREFCT,0x1B
GET_CB,PREFCT2,0x1C
GET_CB,SMT SWDL (SMT-DEV3),0x1D
GET_CB,SMT-DEVELOPMENT4,0x1E
GET_CB,S-COND,0x20
GET_CB,SMT-DEVELOPMENT5,0x23
GET_CB,SIP DFU (SMT-DEV6),0x24
GET_CB,SMT-DEVELOPMENT7,0x25
GET_CB,SMT-DEVELOPMENT8,0x26
GET_CB,SMT-DEVELOPMENT9,0x27
GET_CB,SMT-DEVELOPMENT10,0x28
GET_CB,SMT-DEVELOPMENT11,0x29
GET_CB,SMT-DEVELOPMENT12,0x2A
GET_CB,SMT-DEVELOPMENT13,0x2B
GET_CB,PostSputter FCT (SMT-DEV14),0x2C
GET_CB,COMBINE-FCT,0x2D
GET_CB,SMT-QT0,0x2E
GET_CB,SMT-DEVELOPMENT25,0x2F
GET_CB,SA-QT0,0x68
GET_CB,QT0,0x69
GET_CB,SA-FACT,0x6A
GET_CB,QT-COIL,0x6B
GET_CB,QT-BCM,0x6C
GET_CB,QT-BCM2,0x6D
GET_CB,TEST1,0x6E
GET_CB,PAT,0x71
GET_CB,PAT2,0x72
GET_CB,QT3,0x73
GET_CB,QT4,0x74
GET_CB,QT1-PREBURN,0x77
GET_CB,TILT1,0x78
GET_CB,BRAT,0x79
GET_CB,SA-ALERT,0x7A
GET_CB,CG-INSTALL,0x7B
GET_CB,WAT,0x7C
GET_CB,SA-PAT2,0x7D
GET_CB,QT2-PREBURN,0x82
GET_CB,DEVELOPMENT10,0x83
GET_CB,DEVELOPMENT13,0x84
GET_CB,IQC LIT TEST,0x85
GET_CB,IQC CELL TEST,0x86
GET_CB,QT5,0x87
GET_CB,DEVELOPMENT20,0x89
GET_CB,DEVELOPMENT19,0x8A
GET_CB,GRAPE-CAL-POST,0x8D
GET_CB,GRAPE-TEST-POST,0x8E
GET_CB,DEVELOPMENT2,0x8F
GET_CB,O-TEST,0x90
GET_CB,DEVELOPMENT14,0x95
GET_CB,P-Test,0x96
GET_CB,IMU,0x97
GET_CB,ALSAR,0x98
GET_CB,ALS-CAL,0x99
GET_CB,ALS-TEST,0x9A
GET_CB,TEST13,0x9B
GET_CB,FACT,0xA3
GET_CB,VIBRATOR,0xA4
GET_CB,TAP,0xA5
GET_CB,TRAP,0xA7
GET_CB,DISPLAY-POSTBURN,0xB0
GET_CB,DEVELOPMENT17,0xB2
GET_CB,BONFIRE,0xB3
GET_CB,WILDFIRE,0xB4
GET_CB,BURNIN,0xB5
GET_CB,MMI,0xB6
GET_CB,LOG-COLLECTION,0xB7
GET_CB,BURNIN-RESCREEN,0xB8
GET_CB,MMI-RESCREEN,0xB9
GET_CB,TEST14,0xBA
GET_CB,REDSIG-CELL_OTA,0xBE
GET_CB,REDSIG-CELL-LAT,0xBF
GET_CB,CELL-OTA,0xC0
GET_CB,WIFI-OTA,0xC1
GET_CB,REDSIG-CELL-UAT,0xC2
GET_CB,GPS-OTA,0xC3
GET_CB,GER-OTA,0xC4
GET_CB,S-OTA2,0xC5
GET_CB,S-OTA,0xC6
GET_CB,TEST5,0xC7
GET_CB,TEST9,0xC9
GET_CB,MPN-BURN,0xD0
GET_CB,BACK-SENSOR-CAL,0xD8
GET_CB,CYAN,0xD9
GET_CB,BUTTON-CAL,0xDA
GET_CB,BUTTON-TEST,0xDB
GET_CB,LEDA,0xDC
GET_CB,WiFi-CoEx,0xFC
Finish DRCB,,
Finish DRCB,DRCB,Finish
TEST_END,,
TEST_END,Shut down unit,[Diags] shutdown
TEST_END,Test End,