Related Test,Type,Name,Value
1. SystemState,Device,spartan Serial Number,FV494650099KTR02D
1. SystemState,Device,spartan FW Version,0.7.0
2. SystemState,Device,SBU Passthrough Enabled,No
2. SystemState,Device,Dock Channel Mask,0xFFFFFC01
2. SystemState,Device,Power Role for Target,Source
2. SystemState,Device,Debug USB Target,0x06
2. SystemState,Device,SBU Protocol,SWD
2. SystemState,Device,SBU Target,0x06
2. SystemState,Device,Charging Enabled,Yes
2. SystemState,Device,Dock Channels Enabled,Yes
2. SystemState,Device,UART Baud Rate,115200
2. SystemState,Device,SWD Clock Rate,3000000
2. SystemState,Device,Debug USB Delay,0
2. SystemState,Device,Debug USB Protocol,Disabled
4. DUTinfo,Device,DIAG_VER,Midas_Tonga31D-24d
6. DUTinfo,Device,SerialNumber,DLXC200DPRQ4
9. Process,Device,softwarename,1.9.2
9. Process,Device,serialnumber,DLXC200DPRQ4
9. Process,Device,softwareversion,V26.0.6.8
9. Process,Device,limitsversion,1
12. DUTinfo,Device,boardID,0x1C
