Test,Plugin,Command,Status,Info,Start Time,End Time,Duration (s)
5. Backlight,EFIDut,sendCommand,ERROR,"NO FAILURE MESSAGE PROVIDED (     ""[EFIDut] bl -n"" ); ",Jan 14 2020 5:59:25.7040 PM,Jan 14 2020 5:59:25.7630 PM,.0582
5. Backlight,EFIDut,sendCommand,ERROR,"NO FAILURE MESSAGE PROVIDED (     ""[EFIDut] bl -l"" ); ",Jan 14 2020 5:59:25.7660 PM,Jan 14 2020 5:59:25.8230 PM,.0568
10. Process,DRCB,startControlBits,ERROR,startControlBits needs all files to be secure; ,Jan 14 2020 5:59:26.2710 PM,Jan 14 2020 5:59:26.2720 PM,.001
27. Grape,EFIDut,sendCommand,ERROR,"NO FAILURE MESSAGE PROVIDED (     ""[EFIDut] touch --off"" ); ",Jan 14 2020 5:59:28.0110 PM,Jan 14 2020 5:59:28.0540 PM,.0426
27. Grape,EFIDut,sendCommand,ERROR,"NO FAILURE MESSAGE PROVIDED (     ""[EFIDut] touch --on"" ); ",Jan 14 2020 5:59:28.0570 PM,Jan 14 2020 5:59:28.0940 PM,.0373
27. Grape,EFIDut,sendCommand,ERROR,"NO FAILURE MESSAGE PROVIDED (     ""[EFIDut] touch --load_firmware"" ); ",Jan 14 2020 5:59:28.0980 PM,Jan 14 2020 5:59:28.1360 PM,.0385
28. Grape,EFIDut,sendCommand,ERROR,"NO FAILURE MESSAGE PROVIDED (     ""[EFIDut] touch --test critical --run"" ); ",Jan 14 2020 5:59:28.1430 PM,Jan 14 2020 5:59:28.1770 PM,.0335
29. Grape,EFIDut,sendCommand,ERROR,"NO FAILURE MESSAGE PROVIDED (     ""[EFIDut] touch --off"" ); ",Jan 14 2020 5:59:28.2250 PM,Jan 14 2020 5:59:28.2560 PM,.0315
30. OpticalSensor,EFIDut,sendCommand,ERROR,"NO FAILURE MESSAGE PROVIDED (     ""[EFIDut] i2c -v 3 0x39 0x80 0x00"" ); ",Jan 14 2020 5:59:28.2960 PM,Jan 14 2020 5:59:28.3390 PM,.0427
30. OpticalSensor,EFIDut,sendCommand,ERROR,"NO FAILURE MESSAGE PROVIDED (     ""[EFIDut] i2c -v 3 0x39 0x80 0x01"" ); ",Jan 14 2020 5:59:28.3670 PM,Jan 14 2020 5:59:28.4000 PM,.0328
30. OpticalSensor,EFIDut,sendCommand,ERROR,"NO FAILURE MESSAGE PROVIDED (     ""[EFIDut] i2c -v 3 0x39 0x81 0xFF"" ); ",Jan 14 2020 5:59:28.4100 PM,Jan 14 2020 5:59:28.4400 PM,.0306
30. OpticalSensor,EFIDut,sendCommand,ERROR,"NO FAILURE MESSAGE PROVIDED (     ""[EFIDut] i2c -v 3 0x39 0x80 0x13"" ); ",Jan 14 2020 5:59:28.4440 PM,Jan 14 2020 5:59:28.4790 PM,.0347
30. OpticalSensor,EFIDut,sendCommand,ERROR,"NO FAILURE MESSAGE PROVIDED (     ""[EFIDut] socgpio --port 1 --pin 20 --get"" ); ",Jan 14 2020 5:59:28.7970 PM,Jan 14 2020 5:59:28.8230 PM,.0261
30. OpticalSensor,EFIDut,sendCommand,ERROR,"NO FAILURE MESSAGE PROVIDED (     ""[EFIDut] i2c -v 3 0x39 0x80 0x00"" ); ",Jan 14 2020 5:59:28.8260 PM,Jan 14 2020 5:59:28.8590 PM,.0327
31. OpticalSensor,EFIDut,sendCommand,ERROR,"NO FAILURE MESSAGE PROVIDED (     ""[EFIDut] i2c -v 3 0x29 0x80 0x00"" ); ",Jan 14 2020 5:59:28.8960 PM,Jan 14 2020 5:59:28.9400 PM,.0444
31. OpticalSensor,EFIDut,sendCommand,ERROR,"NO FAILURE MESSAGE PROVIDED (     ""[EFIDut] socgpio --port 1 --pin 21 --get"" ); ",Jan 14 2020 5:59:28.9430 PM,Jan 14 2020 5:59:28.9630 PM,.0197
31. OpticalSensor,EFIDut,sendCommand,ERROR,"NO FAILURE MESSAGE PROVIDED (     ""[EFIDut] i2c -v 3 0x29 0x80 0x01"" ); ",Jan 14 2020 5:59:28.9660 PM,Jan 14 2020 5:59:28.9990 PM,.0325
31. OpticalSensor,EFIDut,sendCommand,ERROR,"NO FAILURE MESSAGE PROVIDED (     ""[EFIDut] i2c -v 3 0x29 0x81 0xFF"" ); ",Jan 14 2020 5:59:29.0020 PM,Jan 14 2020 5:59:29.0390 PM,.0369
31. OpticalSensor,EFIDut,sendCommand,ERROR,"NO FAILURE MESSAGE PROVIDED (     ""[EFIDut] i2c -v 3 0x29 0x80 0x13"" ); ",Jan 14 2020 5:59:29.0420 PM,Jan 14 2020 5:59:29.0790 PM,.0368
31. OpticalSensor,EFIDut,sendCommand,ERROR,"NO FAILURE MESSAGE PROVIDED (     ""[EFIDut] i2c -v 3 0x29 0x80 0x00"" ); ",Jan 14 2020 5:59:29.4660 PM,Jan 14 2020 5:59:29.4990 PM,.033
34. System,EFIDut,sendCommand,ERROR,"NO FAILURE MESSAGE PROVIDED (     ""[Diags] display --on"",     sendCommand ); ",Jan 14 2020 5:59:29.7080 PM,Jan 14 2020 5:59:29.8230 PM,.1154
52. Battery,EFIDut,sendCommand,ERROR,"NO FAILURE MESSAGE PROVIDED (     ""[EFIDut] device -k GasGauge -g chem-cap-updates-en"" ); ",Jan 14 2020 5:59:44.5470 PM,Jan 14 2020 5:59:44.5740 PM,.0271
54. Battery,EFIDut,sendCommand,ERROR,"NO FAILURE MESSAGE PROVIDED (     ""[EFIDut] device -k GasGauge --get sealed"" ); ",Jan 14 2020 5:59:44.6640 PM,Jan 14 2020 5:59:44.6930 PM,.0293
73. Process,DRCB,finish,FAIL,station no longer secure; ,Jan 14 2020 5:59:45.4150 PM,Jan 14 2020 5:59:45.5250 PM,.1106
