Related Test,Name-1,Name-2,Name-3,Status,Info,Measurement,Units,Upper Limit,Lower Limit,Relaxed Upper Limit,Relaxed Lower Limit,Limit Units,Start Time,End Time,Duration (s)
1. SystemState,,,,,,,,,,,,,Jan 14 2020 5:59:18.4440 PM,Jan 14 2020 5:59:24.8010 PM,6.3568
1. SystemState,SystemState,Spartan_FW_Version,spartanParameterCheck,PASS,,1,NA,,,,,,Jan 14 2020 5:59:24.7980 PM,Jan 14 2020 5:59:24.7980 PM,0
1. SystemState,SystemState,Spartan_FW_Version,SpartanPlugin-spartanParameterCheck,PASS,,,,,,,,,Jan 14 2020 5:59:24.7980 PM,Jan 14 2020 5:59:24.7980 PM,0
1. SystemState,SystemState,Spartan_FW_Version,spartan FW Version : 0.7.0,PASS,,,,,,,,,Jan 14 2020 5:59:24.8000 PM,Jan 14 2020 5:59:24.8000 PM,0
1. SystemState,SystemState,Spartan_FW_Version,spartan Serial Number : FV494650099KTR02D,PASS,,,,,,,,,Jan 14 2020 5:59:24.8010 PM,Jan 14 2020 5:59:24.8010 PM,0
2. SystemState,,,,,,,,,,,,,Jan 14 2020 5:59:24.8040 PM,Jan 14 2020 5:59:24.8140 PM,.01
2. SystemState,SystemState,Spartan_Environment_Check,Power Role for Target : Source,PASS,,,,,,,,,Jan 14 2020 5:59:24.8130 PM,Jan 14 2020 5:59:24.8130 PM,0
2. SystemState,SystemState,Spartan_Environment_Check,Charging Enabled : Yes,PASS,,,,,,,,,Jan 14 2020 5:59:24.8130 PM,Jan 14 2020 5:59:24.8130 PM,0
2. SystemState,SystemState,Spartan_Environment_Check,SBU Protocol : SWD,PASS,,,,,,,,,Jan 14 2020 5:59:24.8130 PM,Jan 14 2020 5:59:24.8130 PM,0
2. SystemState,SystemState,Spartan_Environment_Check,SBU Target : 0x06,PASS,,,,,,,,,Jan 14 2020 5:59:24.8130 PM,Jan 14 2020 5:59:24.8130 PM,0
2. SystemState,SystemState,Spartan_Environment_Check,SBU Passthrough Enabled : No,PASS,,,,,,,,,Jan 14 2020 5:59:24.8130 PM,Jan 14 2020 5:59:24.8130 PM,0
2. SystemState,SystemState,Spartan_Environment_Check,Debug USB Protocol : Disabled,PASS,,,,,,,,,Jan 14 2020 5:59:24.8130 PM,Jan 14 2020 5:59:24.8130 PM,0
2. SystemState,SystemState,Spartan_Environment_Check,Debug USB Target : 0x06,PASS,,,,,,,,,Jan 14 2020 5:59:24.8140 PM,Jan 14 2020 5:59:24.8140 PM,0
2. SystemState,SystemState,Spartan_Environment_Check,Debug USB Delay : 0,PASS,,,,,,,,,Jan 14 2020 5:59:24.8140 PM,Jan 14 2020 5:59:24.8140 PM,0
2. SystemState,SystemState,Spartan_Environment_Check,SWD Clock Rate : 3000000,PASS,,,,,,,,,Jan 14 2020 5:59:24.8140 PM,Jan 14 2020 5:59:24.8140 PM,0
2. SystemState,SystemState,Spartan_Environment_Check,Dock Channels Enabled : Yes,PASS,,,,,,,,,Jan 14 2020 5:59:24.8140 PM,Jan 14 2020 5:59:24.8140 PM,0
2. SystemState,SystemState,Spartan_Environment_Check,Dock Channel Mask : 0xFFFFFC01,PASS,,,,,,,,,Jan 14 2020 5:59:24.8140 PM,Jan 14 2020 5:59:24.8140 PM,0
2. SystemState,SystemState,Spartan_Environment_Check,UART Baud Rate : 115200,PASS,,,,,,,,,Jan 14 2020 5:59:24.8140 PM,Jan 14 2020 5:59:24.8140 PM,0
3. SystemState,,,,,,,,,,,,,Jan 14 2020 5:59:24.8180 PM,Jan 14 2020 5:59:25.2650 PM,.4475
3. SystemState,SystemState,Enter_Diags,UART-open,PASS,,,,,,,,,Jan 14 2020 5:59:24.8210 PM,Jan 14 2020 5:59:24.9160 PM,.0946
3. SystemState,SystemState,Enter_Diags,UART-read,PASS,,,,,,,,,Jan 14 2020 5:59:24.9180 PM,Jan 14 2020 5:59:24.9320 PM,.0134
3. SystemState,SystemState,Enter_Diags,UART-changeLineTerminator,PASS,,,,,,,,,Jan 14 2020 5:59:24.9330 PM,Jan 14 2020 5:59:24.9330 PM,0
3. SystemState,SystemState,Enter_Diags,UART-sendCommand,PASS,,,,,,,,,Jan 14 2020 5:59:24.9340 PM,Jan 14 2020 5:59:24.9460 PM,.012
3. SystemState,SystemState,Enter_Diags,UART-sendCommand-2,PASS,,,,,,,,,Jan 14 2020 5:59:24.9480 PM,Jan 14 2020 5:59:24.9620 PM,.0139
3. SystemState,SystemState,Enter_Diags,UART-changeDelimiter,PASS,,,,,,,,,Jan 14 2020 5:59:24.9630 PM,Jan 14 2020 5:59:24.9630 PM,0
3. SystemState,SystemState,Enter_Diags,UART-sendCommand-3,PASS,,,,,,,,,Jan 14 2020 5:59:24.9640 PM,Jan 14 2020 5:59:24.9650 PM,.0009
3. SystemState,SystemState,Enter_Diags,UART-changeDelimiter-2,PASS,,,,,,,,,Jan 14 2020 5:59:24.9770 PM,Jan 14 2020 5:59:24.9770 PM,0
3. SystemState,SystemState,Enter_Diags,UART-sendCommand-4,PASS,,,,,,,,,Jan 14 2020 5:59:24.9780 PM,Jan 14 2020 5:59:25.2590 PM,.2807
3. SystemState,SystemState,Enter_Diags,UART-read-2,PASS,,,,,,,,,Jan 14 2020 5:59:25.2600 PM,Jan 14 2020 5:59:25.2630 PM,.0028
3. SystemState,SystemState,Enter_Diags,UART-close,PASS,,,,,,,,,Jan 14 2020 5:59:25.2640 PM,Jan 14 2020 5:59:25.2650 PM,.0007
4. DUTinfo,,,,,,,,,,,,,Jan 14 2020 5:59:25.2690 PM,Jan 14 2020 5:59:25.6990 PM,.4301
4. DUTinfo,DUTinfo,Diag_Version,EFIDut-open,PASS,,,,,,,,,Jan 14 2020 5:59:25.2730 PM,Jan 14 2020 5:59:25.6150 PM,.3423
4. DUTinfo,DUTinfo,Diag_Version,EFIDut-syncCmdResp,PASS,,,,,,,,,Jan 14 2020 5:59:25.6180 PM,Jan 14 2020 5:59:25.6450 PM,.0264
4. DUTinfo,DUTinfo,Diag_Version,[EFIDut] ver,PASS,,,,,,,,,Jan 14 2020 5:59:25.6480 PM,Jan 14 2020 5:59:25.6970 PM,.0494
4. DUTinfo,DUTinfo,Diag_Version,Midas_Tonga31D-24d,PASS,,,,,,,,,Jan 14 2020 5:59:25.6990 PM,Jan 14 2020 5:59:25.6990 PM,0
5. Backlight,,,,,,,,,,,,,Jan 14 2020 5:59:25.7020 PM,Jan 14 2020 5:59:25.8240 PM,.1215
5. Backlight,Backlight,Backlight_Set_Low,[EFIDut] bl -n,ERROR,"NO FAILURE MESSAGE PROVIDED (     ""[EFIDut] bl -n"" )",,,,,,,,Jan 14 2020 5:59:25.7040 PM,Jan 14 2020 5:59:25.7620 PM,.0581
5. Backlight,Backlight,Backlight_Set_Low,[EFIDut] bl -l,ERROR,"NO FAILURE MESSAGE PROVIDED (     ""[EFIDut] bl -l"" )",,,,,,,,Jan 14 2020 5:59:25.7660 PM,Jan 14 2020 5:59:25.8230 PM,.0568
6. DUTinfo,,,,,,,,,,,,,Jan 14 2020 5:59:25.8270 PM,Jan 14 2020 5:59:25.8410 PM,.0139
6. DUTinfo,DUTinfo,SN,[Diags] sn-sendCommand,PASS,,,,,,,,,Jan 14 2020 5:59:25.8290 PM,Jan 14 2020 5:59:25.8400 PM,.0108
6. DUTinfo,DUTinfo,SN,SN length is Pass,PASS,,,,,,,,,Jan 14 2020 5:59:25.8410 PM,Jan 14 2020 5:59:25.8410 PM,0
7. DUTinfo,,,,,,,,,,,,,Jan 14 2020 5:59:25.8440 PM,Jan 14 2020 5:59:25.8850 PM,.0413
7. DUTinfo,DUTinfo,Write_Date_And_Time,[Diags] rtc --set 20200114095925-sendCommand,PASS,,,,,,,,,Jan 14 2020 5:59:25.8530 PM,Jan 14 2020 5:59:25.8840 PM,.0313
8. DUTinfo,,,,,,,,,,,,,Jan 14 2020 5:59:25.8880 PM,Jan 14 2020 5:59:25.9110 PM,.0231
8. DUTinfo,DUTinfo,Write_Incomplete_CB,[EFIDut] cbwrite 0x8A incomplete,PASS,,,,,,,,,Jan 14 2020 5:59:25.8900 PM,Jan 14 2020 5:59:25.9050 PM,.0146
8. DUTinfo,DUTinfo,Write_Incomplete_CB,EFIDut-close,PASS,,,,,,,,,Jan 14 2020 5:59:25.9090 PM,Jan 14 2020 5:59:25.9100 PM,.0006
9. Process,,,,,,,,,,,,,Jan 14 2020 5:59:25.9140 PM,Jan 14 2020 5:59:25.9450 PM,.0306
9. Process,Process,Start_Data_Reporting,DRCB-StartDataReporting,PASS,,,,,,,,,Jan 14 2020 5:59:25.9230 PM,Jan 14 2020 5:59:25.9430 PM,.02
10. Process,,,,,,,,,,,,,Jan 14 2020 5:59:25.9500 PM,Jan 14 2020 5:59:26.2740 PM,.3235
10. Process,Process,Start_Control_Bits,EFIDut-open,PASS,,,,,,,,,Jan 14 2020 5:59:25.9580 PM,Jan 14 2020 5:59:26.2630 PM,.3045
10. Process,Process,Start_Control_Bits,EFIDut-close,PASS,,,,,,,,,Jan 14 2020 5:59:26.2660 PM,Jan 14 2020 5:59:26.2660 PM,.0007
10. Process,Process,Start_Control_Bits,DRCB-StartControlBits,ERROR,startControlBits needs all files to be secure,,,,,,,,Jan 14 2020 5:59:26.2710 PM,Jan 14 2020 5:59:26.2720 PM,.001
11. DUTinfo,,,,,,,,,,,,,Jan 14 2020 5:59:26.2780 PM,Jan 14 2020 5:59:26.6220 PM,.3442
11. DUTinfo,DUTinfo,Get_SFC_Info,SFCSupport-getAttributes,PASS,,,,,,,,,Jan 14 2020 5:59:26.2830 PM,Jan 14 2020 5:59:26.3260 PM,.0435
11. DUTinfo,DUTinfo,Get_SFC_Info,"GET SFC info - hwconfig-iPad8,12/WIFI&BT/GPS/GSM/UMTS/TD-SCDMA/TD-LTE/NAND,SIZE=256G/RAM,SIZE=6G/White;",PASS,,,,,,,,,Jan 14 2020 5:59:26.3280 PM,Jan 14 2020 5:59:26.3280 PM,0
11. DUTinfo,DUTinfo,Get_SFC_Info,SFCSupport-getAttributes-2,PASS,,,,,,,,,Jan 14 2020 5:59:26.3290 PM,Jan 14 2020 5:59:26.3340 PM,.0042
11. DUTinfo,DUTinfo,Get_SFC_Info,GET SFC info - unit_lbl-J523-P0_MINI-P0NDW2-M1_10130,PASS,,,,,,,,,Jan 14 2020 5:59:26.3340 PM,Jan 14 2020 5:59:26.3340 PM,0
11. DUTinfo,DUTinfo,Get_SFC_Info,SFCSupport-getAttributes-3,PASS,,,,,,,,,Jan 14 2020 5:59:26.3360 PM,Jan 14 2020 5:59:26.3400 PM,.0041
11. DUTinfo,DUTinfo,Get_SFC_Info,GET SFC info - lb_result-1,PASS,,,,,,,,,Jan 14 2020 5:59:26.3410 PM,Jan 14 2020 5:59:26.3410 PM,0
11. DUTinfo,DUTinfo,Get_SFC_Info,SFCSupport-getAttributes-4,PASS,,,,,,,,,Jan 14 2020 5:59:26.3420 PM,Jan 14 2020 5:59:26.3450 PM,.0032
11. DUTinfo,DUTinfo,Get_SFC_Info,GET SFC info - region_code-LL/A,PASS,,,,,,,,,Jan 14 2020 5:59:26.3460 PM,Jan 14 2020 5:59:26.3460 PM,0
11. DUTinfo,DUTinfo,Get_SFC_Info,SFCSupport-getAttributes-5,PASS,,,,,,,,,Jan 14 2020 5:59:26.3480 PM,Jan 14 2020 5:59:26.3530 PM,.0054
11. DUTinfo,DUTinfo,Get_SFC_Info,GET SFC info - front_nvm_barcode-F0W94710BQAJH8C4W,PASS,,,,,,,,,Jan 14 2020 5:59:26.3540 PM,Jan 14 2020 5:59:26.3540 PM,0
11. DUTinfo,DUTinfo,Get_SFC_Info,SFCSupport-getAttributes-6,PASS,,,,,,,,,Jan 14 2020 5:59:26.3560 PM,Jan 14 2020 5:59:26.3610 PM,.0056
11. DUTinfo,DUTinfo,Get_SFC_Info,GET SFC info - back_nvm_barcode-DN89355AVVTLV402R,PASS,,,,,,,,,Jan 14 2020 5:59:26.3620 PM,Jan 14 2020 5:59:26.3620 PM,0
11. DUTinfo,DUTinfo,Get_SFC_Info,SFCSupport-getAttributes-7,PASS,,,,,,,,,Jan 14 2020 5:59:26.3630 PM,Jan 14 2020 5:59:26.3690 PM,.0059
11. DUTinfo,DUTinfo,Get_SFC_Info,GET SFC info - housing_sn-DQR00150026PP3G5A,PASS,,,,,,,,,Jan 14 2020 5:59:26.3700 PM,Jan 14 2020 5:59:26.3700 PM,0
11. DUTinfo,DUTinfo,Get_SFC_Info,SFCSupport-getAttributes-8,PASS,,,,,,,,,Jan 14 2020 5:59:26.3720 PM,Jan 14 2020 5:59:26.3760 PM,.0036
11. DUTinfo,DUTinfo,Get_SFC_Info,GET SFC info - lcm_sn-FN19524002BNC3710GM3H9PFAG99AXHAFN19521000XP4LH11NA8EALZ2111C439477F0MZP4JK01112,PASS,,,,,,,,,Jan 14 2020 5:59:26.3770 PM,Jan 14 2020 5:59:26.3770 PM,0
11. DUTinfo,DUTinfo,Get_SFC_Info,SFCSupport-getAttributes-9,PASS,,,,,,,,,Jan 14 2020 5:59:26.3780 PM,Jan 14 2020 5:59:26.4980 PM,.1198
11. DUTinfo,DUTinfo,Get_SFC_Info,GET SFC info - juliet_sn-DNM946301YKJ7LP3M,PASS,,,,,,,,,Jan 14 2020 5:59:26.4990 PM,Jan 14 2020 5:59:26.4990 PM,0
11. DUTinfo,DUTinfo,Get_SFC_Info,SFCSupport-getAttributes-10,PASS,,,,,,,,,Jan 14 2020 5:59:26.5000 PM,Jan 14 2020 5:59:26.6050 PM,.1049
11. DUTinfo,DUTinfo,Get_SFC_Info,GET SFC info - titus_sn-DN894559M3CM9XRZE,PASS,,,,,,,,,Jan 14 2020 5:59:26.6050 PM,Jan 14 2020 5:59:26.6050 PM,0
11. DUTinfo,DUTinfo,Get_SFC_Info,SFCSupport-getAttributes-11,PASS,,,,,,,,,Jan 14 2020 5:59:26.6060 PM,Jan 14 2020 5:59:26.6130 PM,.0064
11. DUTinfo,DUTinfo,Get_SFC_Info,GET SFC info - jasper_sn-DN893913WEXMJLL3F,PASS,,,,,,,,,Jan 14 2020 5:59:26.6140 PM,Jan 14 2020 5:59:26.6140 PM,0
11. DUTinfo,DUTinfo,Get_SFC_Info,SFCSupport-getAttributes-12,PASS,,,,,,,,,Jan 14 2020 5:59:26.6140 PM,Jan 14 2020 5:59:26.6210 PM,.0064
11. DUTinfo,DUTinfo,Get_SFC_Info,GET SFC info - ohio_sn-F0W9385032HLV4113,PASS,,,,,,,,,Jan 14 2020 5:59:26.6220 PM,Jan 14 2020 5:59:26.6220 PM,0
12. DUTinfo,,,,,,,,,,,,,Jan 14 2020 5:59:26.6260 PM,Jan 14 2020 5:59:27.0060 PM,.3795
12. DUTinfo,DUTinfo,Board_ID,EFIDut-open,PASS,,,,,,,,,Jan 14 2020 5:59:26.6290 PM,Jan 14 2020 5:59:26.9740 PM,.3455
12. DUTinfo,DUTinfo,Board_ID,[EFIDut] boardid,PASS,,,,,,,,,Jan 14 2020 5:59:26.9770 PM,Jan 14 2020 5:59:26.9990 PM,.0215
12. DUTinfo,DUTinfo,Board_ID,0x1C,PASS,,,,,,,,,Jan 14 2020 5:59:27.0020 PM,Jan 14 2020 5:59:27.0020 PM,0
12. DUTinfo,DUTinfo,Board_ID,0x1C-2,PASS,,,,,,,,,Jan 14 2020 5:59:27.0040 PM,Jan 14 2020 5:59:27.0040 PM,0
13. DUTinfo,,,,,,,,,,,,,Jan 14 2020 5:59:27.0080 PM,Jan 14 2020 5:59:27.0100 PM,.0019
13. DUTinfo,DUTinfo,Compare_Grape_Color_With_HSG, hsgColEEEE: PP3G tmColEEEE: NC37,PASS,,,,,,,,,Jan 14 2020 5:59:27.0100 PM,Jan 14 2020 5:59:27.0100 PM,0
14. DUTinfo,,,,,,,,,,,,,Jan 14 2020 5:59:27.0140 PM,Jan 14 2020 5:59:27.0510 PM,.0369
14. DUTinfo,DUTinfo,Compare_HS_Color_With_CLHS,[EFIDut] syscfg print CLHS,PASS,,,,,,,,,Jan 14 2020 5:59:27.0160 PM,Jan 14 2020 5:59:27.0460 PM,.0302
14. DUTinfo,DUTinfo,Compare_HS_Color_With_CLHS,Compare HS Color with CLHS,PASS,,,,,,,,,Jan 14 2020 5:59:27.0500 PM,Jan 14 2020 5:59:27.0500 PM,0
15. DUTinfo,,,,,,,,,,,,,Jan 14 2020 5:59:27.0580 PM,Jan 14 2020 5:59:27.0910 PM,.0334
15. DUTinfo,DUTinfo,Compare_CG_Color_With_CLCG,[EFIDut] syscfg print CLCG,PASS,,,,,,,,,Jan 14 2020 5:59:27.0610 PM,Jan 14 2020 5:59:27.0850 PM,.0243
15. DUTinfo,DUTinfo,Compare_CG_Color_With_CLCG,Compare CG Color with CLCG,PASS,,,,,,,,,Jan 14 2020 5:59:27.0910 PM,Jan 14 2020 5:59:27.0910 PM,0
16. DUTinfo,,,,,,,,,,,,,Jan 14 2020 5:59:27.0940 PM,Jan 14 2020 5:59:27.1270 PM,.0327
16. DUTinfo,DUTinfo,Check-WCAL,[EFIDut] syscfg print WCAL,PASS,,,,,,,,,Jan 14 2020 5:59:27.0970 PM,Jan 14 2020 5:59:27.1230 PM,.0263
16. DUTinfo,DUTinfo,Check-WCAL,Evaluate condition: NOT value CONTAINS 'Not Found!',PASS,,,,,,,,,Jan 14 2020 5:59:27.1260 PM,Jan 14 2020 5:59:27.1260 PM,.0001
16. DUTinfo,DUTinfo,Check-WCAL,,FAIL,"NO FAILURE MESSAGE PROVIDED (     """" )",,,,,,,,Jan 14 2020 5:59:27.1270 PM,Jan 14 2020 5:59:27.1270 PM,0
17. Battery,,,,,,,,,,,,,Jan 14 2020 5:59:27.1300 PM,Jan 14 2020 5:59:27.1740 PM,.0442
17. Battery,Battery,Level_Before_Test,[EFIDut] device -k GasGauge -g charge-percentage,PASS,,,,,,,,,Jan 14 2020 5:59:27.1320 PM,Jan 14 2020 5:59:27.1700 PM,.0373
17. Battery,Battery,Level_Before_Test,,PASS,,47,%,101,0,,,%,Jan 14 2020 5:59:27.1740 PM,Jan 14 2020 5:59:27.1740 PM,0
18. Battery,,,,,,,,,,,,,Jan 14 2020 5:59:27.1780 PM,Jan 14 2020 5:59:27.2180 PM,.0404
18. Battery,Battery,Voltage_Before_Test,[EFIDut] pmuadc --sel potomac --read vbat,PASS,,,,,,,,,Jan 14 2020 5:59:27.1810 PM,Jan 14 2020 5:59:27.2150 PM,.0349
18. Battery,Battery,Voltage_Before_Test,,FAIL,Failed limits,3737.4847,mV,,3750,,,mV,Jan 14 2020 5:59:27.2180 PM,Jan 14 2020 5:59:27.2180 PM,0
19. Battery,,,,,,,,,,,,,Jan 14 2020 5:59:27.2250 PM,Jan 14 2020 5:59:27.2700 PM,.0459
19. Battery,Battery,Cell_Disconnect_Check,[EFIDut] reg select Potomac,PASS,,,,,,,,,Jan 14 2020 5:59:27.2270 PM,Jan 14 2020 5:59:27.2450 PM,.0177
19. Battery,Battery,Cell_Disconnect_Check,[EFIDut] reg read 0x501C,PASS,,,,,,,,,Jan 14 2020 5:59:27.2480 PM,Jan 14 2020 5:59:27.2640 PM,.016
19. Battery,Battery,Cell_Disconnect_Check,Evaluate condition: reg_501C[SIZE] == 1 && reg_501C[0] == '0x00',PASS,,,,,,,,,Jan 14 2020 5:59:27.2690 PM,Jan 14 2020 5:59:27.2700 PM,.0002
19. Battery,Battery,Cell_Disconnect_Check,0x00,PASS,,,,,,,,,Jan 14 2020 5:59:27.2700 PM,Jan 14 2020 5:59:27.2700 PM,0
20. Battery,,,,,,,,,,,,,Jan 14 2020 5:59:27.2730 PM,Jan 14 2020 5:59:27.6120 PM,.3389
20. Battery,Battery,Max_Lifetime_Temperature,[EFIDut] device -k gasgauge -p,PASS,,,,,,,,,Jan 14 2020 5:59:27.2760 PM,Jan 14 2020 5:59:27.4800 PM,.2037
20. Battery,Battery,Max_Lifetime_Temperature,[EFIDut] device -k GasGauge -e read_blk 59 0,PASS,,,,,,,,,Jan 14 2020 5:59:27.4830 PM,Jan 14 2020 5:59:27.5990 PM,.1165
20. Battery,Battery,Max_Lifetime_Temperature,Set 'value0' with value '0',PASS,,,,,,,,,Jan 14 2020 5:59:27.6070 PM,Jan 14 2020 5:59:27.6070 PM,0
20. Battery,Battery,Max_Lifetime_Temperature,Set 'value1' with value '0',PASS,,,,,,,,,Jan 14 2020 5:59:27.6070 PM,Jan 14 2020 5:59:27.6070 PM,0
20. Battery,Battery,Max_Lifetime_Temperature,Calculate expression: (value0 * 256 + value1) / 10.0,PASS,,,,,,,,,Jan 14 2020 5:59:27.6100 PM,Jan 14 2020 5:59:27.6100 PM,.0001
20. Battery,Battery,Max_Lifetime_Temperature,,PASS,,0,deg C,60,0,,,deg C,Jan 14 2020 5:59:27.6120 PM,Jan 14 2020 5:59:27.6120 PM,0
21. Battery,,,,,,,,,,,,,Jan 14 2020 5:59:27.6150 PM,Jan 14 2020 5:59:27.6220 PM,.0071
21. Battery,Battery,Max_Pack_Voltage,Set 'value0' with value '0',PASS,,,,,,,,,Jan 14 2020 5:59:27.6170 PM,Jan 14 2020 5:59:27.6170 PM,0
21. Battery,Battery,Max_Pack_Voltage,Set 'value1' with value '0',PASS,,,,,,,,,Jan 14 2020 5:59:27.6170 PM,Jan 14 2020 5:59:27.6170 PM,0
21. Battery,Battery,Max_Pack_Voltage,Calculate expression: (value0 * 256 + value1),PASS,,,,,,,,,Jan 14 2020 5:59:27.6200 PM,Jan 14 2020 5:59:27.6200 PM,0
21. Battery,Battery,Max_Pack_Voltage,,PASS,,0,NA,,,,,NA,Jan 14 2020 5:59:27.6220 PM,Jan 14 2020 5:59:27.6220 PM,0
22. Battery,,,,,,,,,,,,,Jan 14 2020 5:59:27.6250 PM,Jan 14 2020 5:59:27.6320 PM,.0071
22. Battery,Battery,Min_Pack_Voltage,Set 'value0' with value '17',PASS,,,,,,,,,Jan 14 2020 5:59:27.6270 PM,Jan 14 2020 5:59:27.6270 PM,0
22. Battery,Battery,Min_Pack_Voltage,Set 'value1' with value '148',PASS,,,,,,,,,Jan 14 2020 5:59:27.6270 PM,Jan 14 2020 5:59:27.6270 PM,0
22. Battery,Battery,Min_Pack_Voltage,Calculate expression: (value0 * 256 + value1),PASS,,,,,,,,,Jan 14 2020 5:59:27.6300 PM,Jan 14 2020 5:59:27.6300 PM,0
22. Battery,Battery,Min_Pack_Voltage,,PASS,,4500,NA,,,,,NA,Jan 14 2020 5:59:27.6320 PM,Jan 14 2020 5:59:27.6320 PM,0
23. Battery,,,,,,,,,,,,,Jan 14 2020 5:59:27.6350 PM,Jan 14 2020 5:59:27.6420 PM,.0067
23. Battery,Battery,Max_Chg_Current,Set 'value0' with value '0',PASS,,,,,,,,,Jan 14 2020 5:59:27.6370 PM,Jan 14 2020 5:59:27.6370 PM,0
23. Battery,Battery,Max_Chg_Current,Set 'value1' with value '0',PASS,,,,,,,,,Jan 14 2020 5:59:27.6370 PM,Jan 14 2020 5:59:27.6370 PM,0
23. Battery,Battery,Max_Chg_Current,Calculate expression: (value0 * 256 + value1),PASS,,,,,,,,,Jan 14 2020 5:59:27.6390 PM,Jan 14 2020 5:59:27.6390 PM,0
23. Battery,Battery,Max_Chg_Current,,PASS,,0,NA,,,,,NA,Jan 14 2020 5:59:27.6410 PM,Jan 14 2020 5:59:27.6410 PM,0
24. Battery,,,,,,,,,,,,,Jan 14 2020 5:59:27.6450 PM,Jan 14 2020 5:59:27.6520 PM,.007
24. Battery,Battery,Max_Dhg_Current,Set 'value0' with value '0',PASS,,,,,,,,,Jan 14 2020 5:59:27.6460 PM,Jan 14 2020 5:59:27.6460 PM,0
24. Battery,Battery,Max_Dhg_Current,Set 'value1' with value '0',PASS,,,,,,,,,Jan 14 2020 5:59:27.6470 PM,Jan 14 2020 5:59:27.6470 PM,0
24. Battery,Battery,Max_Dhg_Current,Calculate expression: (value0 * 256 + value1) - 65536,PASS,,,,,,,,,Jan 14 2020 5:59:27.6490 PM,Jan 14 2020 5:59:27.6490 PM,.0001
24. Battery,Battery,Max_Dhg_Current,,PASS,,-65536,NA,,,,,NA,Jan 14 2020 5:59:27.6510 PM,Jan 14 2020 5:59:27.6510 PM,0
25. Battery,,,,,,,,,,,,,Jan 14 2020 5:59:27.6540 PM,Jan 14 2020 5:59:27.6610 PM,.0073
25. Battery,Battery,Max_Over_Chg_Cap,Set 'value0' with value '0',PASS,,,,,,,,,Jan 14 2020 5:59:27.6560 PM,Jan 14 2020 5:59:27.6560 PM,0
25. Battery,Battery,Max_Over_Chg_Cap,Set 'value1' with value '0',PASS,,,,,,,,,Jan 14 2020 5:59:27.6560 PM,Jan 14 2020 5:59:27.6560 PM,0
25. Battery,Battery,Max_Over_Chg_Cap,Calculate expression: (value0 * 256 + value1),PASS,,,,,,,,,Jan 14 2020 5:59:27.6590 PM,Jan 14 2020 5:59:27.6590 PM,.0001
25. Battery,Battery,Max_Over_Chg_Cap,,PASS,,0,NA,,,,,NA,Jan 14 2020 5:59:27.6610 PM,Jan 14 2020 5:59:27.6610 PM,0
26. Process,,,,,,,,,,,,,Jan 14 2020 5:59:27.6640 PM,Jan 14 2020 5:59:28.0050 PM,.3405
26. Process,Process,Burn_MtDO_Key,[EFIDut] display --on,PASS,,,,,,,,,Jan 14 2020 5:59:27.6670 PM,Jan 14 2020 5:59:27.7790 PM,.1125
26. Process,Process,Burn_MtDO_Key,[EFIDut] i2c -v 4 0x1a 0xea 0xd0,PASS,,,,,,,,,Jan 14 2020 5:59:27.7830 PM,Jan 14 2020 5:59:27.8180 PM,.0353
26. Process,Process,Burn_MtDO_Key,[EFIDut] i2c -v 4 0x1a 0xeb 0x04,PASS,,,,,,,,,Jan 14 2020 5:59:27.8220 PM,Jan 14 2020 5:59:27.8580 PM,.0358
26. Process,Process,Burn_MtDO_Key,[EFIDut] i2c -z 2 -d 4 0x50 0x3d00 0x38,PASS,,,,,,,,,Jan 14 2020 5:59:27.8610 PM,Jan 14 2020 5:59:27.8940 PM,.0334
26. Process,Process,Burn_MtDO_Key,Index out of bounds,FAIL,"$#@!(com.apple.hwte.rush.exception.OutOfBounds, 0, ""Index out of bounds"")[[Executing, /Users/gdlocal/Library/Atlas/Sequences/CSVSetup.rush, 1061], [Called from, /Users/gdlocal/Library/Atlas/Sequences/CSVSetup.rush, 721]]",,,,,,,,Jan 14 2020 5:59:27.8970 PM,Jan 14 2020 5:59:27.8970 PM,0
26. Process,Process,Burn_MtDO_Key,[EFIDut] i2c -z 2 -d 4 0x50 0x00b0 0x11,PASS,,,,,,,,,Jan 14 2020 5:59:27.8990 PM,Jan 14 2020 5:59:27.9340 PM,.0351
26. Process,Process,Burn_MtDO_Key,Index out of bounds-2,FAIL,"$#@!(com.apple.hwte.rush.exception.OutOfBounds, 0, ""Index out of bounds"")[[Executing, /Users/gdlocal/Library/Atlas/Sequences/CSVSetup.rush, 1061], [Called from, /Users/gdlocal/Library/Atlas/Sequences/CSVSetup.rush, 721]]",,,,,,,,Jan 14 2020 5:59:27.9370 PM,Jan 14 2020 5:59:27.9370 PM,0
26. Process,Process,Burn_MtDO_Key,[EFIDut] i2c -z 2 -d 4 0x50 0x00C7 0x35,PASS,,,,,,,,,Jan 14 2020 5:59:27.9400 PM,Jan 14 2020 5:59:27.9740 PM,.0345
26. Process,Process,Burn_MtDO_Key,Index out of bounds-3,FAIL,"$#@!(com.apple.hwte.rush.exception.OutOfBounds, 0, ""Index out of bounds"")[[Executing, /Users/gdlocal/Library/Atlas/Sequences/CSVSetup.rush, 1061], [Called from, /Users/gdlocal/Library/Atlas/Sequences/CSVSetup.rush, 721]]",,,,,,,,Jan 14 2020 5:59:27.9770 PM,Jan 14 2020 5:59:27.9770 PM,0
26. Process,Process,Burn_MtDO_Key,Invalid cast: VMNihil --> VMString,FAIL,"$#@!(com.apple.hwte.rush.exception.TypeError, :NIL:, ""Invalid cast: VMNihil --> VMString"")[[Executing, /Users/gdlocal/Library/Atlas/Sequences/Modules/Process.rush, 740], [Called from, /Users/gdlocal/Library/Atlas/Sequences/CSVSetup.rush, 721]]",,,,,,,,Jan 14 2020 5:59:27.9790 PM,Jan 14 2020 5:59:27.9790 PM,0
26. Process,Process,Burn_MtDO_Key,[EFIDut] syscfg print MtDO,PASS,,,,,,,,,Jan 14 2020 5:59:27.9810 PM,Jan 14 2020 5:59:28.0040 PM,.0229
27. Grape,,,,,,,,,,,,,Jan 14 2020 5:59:28.0090 PM,Jan 14 2020 5:59:28.1380 PM,.1288
27. Grape,Grape,POWER_ON,[EFIDut] touch --off,ERROR,"NO FAILURE MESSAGE PROVIDED (     ""[EFIDut] touch --off"" )",,,,,,,,Jan 14 2020 5:59:28.0110 PM,Jan 14 2020 5:59:28.0540 PM,.0426
27. Grape,Grape,POWER_ON,[EFIDut] touch --on,ERROR,"NO FAILURE MESSAGE PROVIDED (     ""[EFIDut] touch --on"" )",,,,,,,,Jan 14 2020 5:59:28.0570 PM,Jan 14 2020 5:59:28.0940 PM,.0373
27. Grape,Grape,POWER_ON,[EFIDut] touch --load_firmware,ERROR,"NO FAILURE MESSAGE PROVIDED (     ""[EFIDut] touch --load_firmware"" )",,,,,,,,Jan 14 2020 5:59:28.0980 PM,Jan 14 2020 5:59:28.1360 PM,.0384
28. Grape,,,,,,,,,,,,,Jan 14 2020 5:59:28.1410 PM,Jan 14 2020 5:59:28.1780 PM,.0367
28. Grape,Grape,FW_Critical_Error_Check,[EFIDut] touch --test critical --run,ERROR,"NO FAILURE MESSAGE PROVIDED (     ""[EFIDut] touch --test critical --run"" )",,,,,,,,Jan 14 2020 5:59:28.1430 PM,Jan 14 2020 5:59:28.1770 PM,.0334
29. Grape,,,,,,,,,,,,,Jan 14 2020 5:59:28.1810 PM,Jan 14 2020 5:59:28.2570 PM,.0764
29. Grape,Grape,Firmware_Version,[EFIDut] touch -p firmware-version,PASS,,,,,,,,,Jan 14 2020 5:59:28.1830 PM,Jan 14 2020 5:59:28.2160 PM,.033
29. Grape,Grape,Firmware_Version,Invalid key 'touch firmware-version' and value '[]',FAIL,"$#@!([add_device_attribute], :NIL:, ""Invalid key 'touch firmware-version' and value '[]'"")[[Raised from, /Users/gdlocal/Library/Atlas/Sequences/CSVSetup.rush, 1258], [Called from, /Users/gdlocal/Library/Atlas/Sequences/CSVSetup.rush, 719]]",,,,,,,,Jan 14 2020 5:59:28.2200 PM,Jan 14 2020 5:59:28.2200 PM,0
29. Grape,Grape,Firmware_Version,[EFIDut] touch --off,ERROR,"NO FAILURE MESSAGE PROVIDED (     ""[EFIDut] touch --off"" )",,,,,,,,Jan 14 2020 5:59:28.2250 PM,Jan 14 2020 5:59:28.2560 PM,.0315
30. OpticalSensor,,,,,,,,,,,,,Jan 14 2020 5:59:28.2630 PM,Jan 14 2020 5:59:28.8600 PM,.5971
30. OpticalSensor,OpticalSensor,Interrupt_Test@FH_RIGHT,[EFIDut] sensor --sel als2 --init,PASS,,,,,,,,,Jan 14 2020 5:59:28.2650 PM,Jan 14 2020 5:59:28.2930 PM,.0278
30. OpticalSensor,OpticalSensor,Interrupt_Test@FH_RIGHT,[EFIDut] i2c -v 3 0x39 0x80 0x00,ERROR,"NO FAILURE MESSAGE PROVIDED (     ""[EFIDut] i2c -v 3 0x39 0x80 0x00"" )",,,,,,,,Jan 14 2020 5:59:28.2960 PM,Jan 14 2020 5:59:28.3390 PM,.0426
30. OpticalSensor,OpticalSensor,Interrupt_Test@FH_RIGHT,[EFIDut] socgpio --port 1 --pin 20 --get,PASS,,,,,,,,,Jan 14 2020 5:59:28.3420 PM,Jan 14 2020 5:59:28.3630 PM,.0209
30. OpticalSensor,OpticalSensor,Interrupt_Test@FH_RIGHT,[EFIDut] i2c -v 3 0x39 0x80 0x01,ERROR,"NO FAILURE MESSAGE PROVIDED (     ""[EFIDut] i2c -v 3 0x39 0x80 0x01"" )",,,,,,,,Jan 14 2020 5:59:28.3670 PM,Jan 14 2020 5:59:28.4000 PM,.0327
30. OpticalSensor,OpticalSensor,Interrupt_Test@FH_RIGHT,[EFIDut] i2c -v 3 0x39 0x81 0xFF,ERROR,"NO FAILURE MESSAGE PROVIDED (     ""[EFIDut] i2c -v 3 0x39 0x81 0xFF"" )",,,,,,,,Jan 14 2020 5:59:28.4100 PM,Jan 14 2020 5:59:28.4400 PM,.0305
30. OpticalSensor,OpticalSensor,Interrupt_Test@FH_RIGHT,[EFIDut] i2c -v 3 0x39 0x80 0x13,ERROR,"NO FAILURE MESSAGE PROVIDED (     ""[EFIDut] i2c -v 3 0x39 0x80 0x13"" )",,,,,,,,Jan 14 2020 5:59:28.4440 PM,Jan 14 2020 5:59:28.4790 PM,.0346
30. OpticalSensor,OpticalSensor,Interrupt_Test@FH_RIGHT,[EFIDut] wait 100,PASS,,,,,,,,,Jan 14 2020 5:59:28.4820 PM,Jan 14 2020 5:59:28.7940 PM,.3121
30. OpticalSensor,OpticalSensor,Interrupt_Test@FH_RIGHT,[EFIDut] socgpio --port 1 --pin 20 --get-2,ERROR,"NO FAILURE MESSAGE PROVIDED (     ""[EFIDut] socgpio --port 1 --pin 20 --get"" )",,,,,,,,Jan 14 2020 5:59:28.7970 PM,Jan 14 2020 5:59:28.8230 PM,.0261
30. OpticalSensor,OpticalSensor,Interrupt_Test@FH_RIGHT,[EFIDut] i2c -v 3 0x39 0x80 0x00-2,ERROR,"NO FAILURE MESSAGE PROVIDED (     ""[EFIDut] i2c -v 3 0x39 0x80 0x00"" )",,,,,,,,Jan 14 2020 5:59:28.8260 PM,Jan 14 2020 5:59:28.8590 PM,.0327
31. OpticalSensor,,,,,,,,,,,,,Jan 14 2020 5:59:28.8640 PM,Jan 14 2020 5:59:29.5340 PM,.6707
31. OpticalSensor,OpticalSensor,Interrupt_Test@FH_LEFT,[EFIDut] sensor --sel als1 --init,PASS,,,,,,,,,Jan 14 2020 5:59:28.8660 PM,Jan 14 2020 5:59:28.8920 PM,.0266
31. OpticalSensor,OpticalSensor,Interrupt_Test@FH_LEFT,[EFIDut] i2c -v 3 0x29 0x80 0x00,ERROR,"NO FAILURE MESSAGE PROVIDED (     ""[EFIDut] i2c -v 3 0x29 0x80 0x00"" )",,,,,,,,Jan 14 2020 5:59:28.8960 PM,Jan 14 2020 5:59:28.9400 PM,.0444
31. OpticalSensor,OpticalSensor,Interrupt_Test@FH_LEFT,[EFIDut] socgpio --port 1 --pin 21 --get,ERROR,"NO FAILURE MESSAGE PROVIDED (     ""[EFIDut] socgpio --port 1 --pin 21 --get"" )",,,,,,,,Jan 14 2020 5:59:28.9430 PM,Jan 14 2020 5:59:28.9630 PM,.0196
31. OpticalSensor,OpticalSensor,Interrupt_Test@FH_LEFT,[EFIDut] i2c -v 3 0x29 0x80 0x01,ERROR,"NO FAILURE MESSAGE PROVIDED (     ""[EFIDut] i2c -v 3 0x29 0x80 0x01"" )",,,,,,,,Jan 14 2020 5:59:28.9660 PM,Jan 14 2020 5:59:28.9990 PM,.0325
31. OpticalSensor,OpticalSensor,Interrupt_Test@FH_LEFT,[EFIDut] i2c -v 3 0x29 0x81 0xFF,ERROR,"NO FAILURE MESSAGE PROVIDED (     ""[EFIDut] i2c -v 3 0x29 0x81 0xFF"" )",,,,,,,,Jan 14 2020 5:59:29.0020 PM,Jan 14 2020 5:59:29.0390 PM,.0369
31. OpticalSensor,OpticalSensor,Interrupt_Test@FH_LEFT,[EFIDut] i2c -v 3 0x29 0x80 0x13,ERROR,"NO FAILURE MESSAGE PROVIDED (     ""[EFIDut] i2c -v 3 0x29 0x80 0x13"" )",,,,,,,,Jan 14 2020 5:59:29.0420 PM,Jan 14 2020 5:59:29.0790 PM,.0368
31. OpticalSensor,OpticalSensor,Interrupt_Test@FH_LEFT,[EFIDut] wait 100,PASS,,,,,,,,,Jan 14 2020 5:59:29.0820 PM,Jan 14 2020 5:59:29.4350 PM,.3534
31. OpticalSensor,OpticalSensor,Interrupt_Test@FH_LEFT,[EFIDut] socgpio --port 1 --pin 21 --get-2,PASS,,,,,,,,,Jan 14 2020 5:59:29.4380 PM,Jan 14 2020 5:59:29.4630 PM,.0249
31. OpticalSensor,OpticalSensor,Interrupt_Test@FH_LEFT,[EFIDut] i2c -v 3 0x29 0x80 0x00-2,ERROR,"NO FAILURE MESSAGE PROVIDED (     ""[EFIDut] i2c -v 3 0x29 0x80 0x00"" )",,,,,,,,Jan 14 2020 5:59:29.4660 PM,Jan 14 2020 5:59:29.4990 PM,.033
31. OpticalSensor,OpticalSensor,Interrupt_Test@FH_LEFT,"[EFIDut] sensor --sel als1,als2 --turnoff",PASS,,,,,,,,,Jan 14 2020 5:59:29.5020 PM,Jan 14 2020 5:59:29.5340 PM,.0319
32. System,,,,,,,,,,,,,Jan 14 2020 5:59:29.5380 PM,Jan 14 2020 5:59:29.6420 PM,.1038
32. System,System,I2C0_Sweep_Test,[Diags] i2c -s 0-sendCommand,PASS,,,,,,,,,Jan 14 2020 5:59:29.5400 PM,Jan 14 2020 5:59:29.6400 PM,.0995
32. System,System,I2C0_Sweep_Test,ACE(One-ACE) ,PASS,,,,,,,,,Jan 14 2020 5:59:29.6410 PM,Jan 14 2020 5:59:29.6410 PM,0
32. System,System,I2C0_Sweep_Test,Ace(All-Ace) ,PASS,,,,,,,,,Jan 14 2020 5:59:29.6420 PM,Jan 14 2020 5:59:29.6420 PM,0
33. System,,,,,,,,,,,,,Jan 14 2020 5:59:29.6460 PM,Jan 14 2020 5:59:29.7030 PM,.0574
33. System,System,I2C2_Sweep_Test,[Diags] i2c -s 2-sendCommand,PASS,,,,,,,,,Jan 14 2020 5:59:29.6480 PM,Jan 14 2020 5:59:29.7020 PM,.0538
33. System,System,I2C2_Sweep_Test,BELLATRIX ,PASS,,,,,,,,,Jan 14 2020 5:59:29.7030 PM,Jan 14 2020 5:59:29.7030 PM,0
34. System,,,,,,,,,,,,,Jan 14 2020 5:59:29.7050 PM,Jan 14 2020 5:59:30.0460 PM,.341
34. System,System,I2C4_Sweep_Test,[Diags] display --on-sendCommand,ERROR,"NO FAILURE MESSAGE PROVIDED (     ""[Diags] display --on"",     sendCommand )",,,,,,,,Jan 14 2020 5:59:29.7080 PM,Jan 14 2020 5:59:29.8230 PM,.1153
34. System,System,I2C4_Sweep_Test,[Diags] i2c -s 4-sendCommand,PASS,,,,,,,,,Jan 14 2020 5:59:29.8250 PM,Jan 14 2020 5:59:30.0360 PM,.2117
34. System,System,I2C4_Sweep_Test,Tcon,FAIL, i2c -s 4  (7-bit) 0x08 (8-bit) 0x10  not found,,,,,,,,Jan 14 2020 5:59:30.0460 PM,Jan 14 2020 5:59:30.0460 PM,0
35. System,,,,,,,,,,,,,Jan 14 2020 5:59:30.0500 PM,Jan 14 2020 5:59:30.1230 PM,.0735
35. System,System,I2C6_Sweep_Test,[Diags] i2c -s 6-sendCommand,PASS,,,,,,,,,Jan 14 2020 5:59:30.0520 PM,Jan 14 2020 5:59:30.1220 PM,.0702
35. System,System,I2C6_Sweep_Test,ALS(C3),PASS,,,,,,,,,Jan 14 2020 5:59:30.1230 PM,Jan 14 2020 5:59:30.1230 PM,0
36. System,,,,,,,,,,,,,Jan 14 2020 5:59:30.1260 PM,Jan 14 2020 5:59:30.2640 PM,.138
36. System,System,I2C7_Sweep_Test,[Diags] i2c -s 7-sendCommand,PASS,,,,,,,,,Jan 14 2020 5:59:30.1280 PM,Jan 14 2020 5:59:30.2630 PM,.1348
36. System,System,I2C7_Sweep_Test,POTOMAC,PASS,,,,,,,,,Jan 14 2020 5:59:30.2640 PM,Jan 14 2020 5:59:30.2640 PM,0
37. System,,,,,,,,,,,,,Jan 14 2020 5:59:30.2670 PM,Jan 14 2020 5:59:30.4440 PM,.1775
37. System,System,I2C8_Sweep_Test,[Diags] i2c -s 8-sendCommand,PASS,,,,,,,,,Jan 14 2020 5:59:30.2690 PM,Jan 14 2020 5:59:30.4420 PM,.1736
37. System,System,I2C8_Sweep_Test,ACE2,PASS,,,,,,,,,Jan 14 2020 5:59:30.4430 PM,Jan 14 2020 5:59:30.4430 PM,0
37. System,System,I2C8_Sweep_Test,ACE(ALL-ACE),PASS,,,,,,,,,Jan 14 2020 5:59:30.4440 PM,Jan 14 2020 5:59:30.4440 PM,0
38. System,,,,,,,,,,,,,Jan 14 2020 5:59:30.4470 PM,Jan 14 2020 5:59:30.5880 PM,.1412
38. System,System,I2C9_Sweep_Test,[Diags] i2c -s 9-sendCommand,PASS,,,,,,,,,Jan 14 2020 5:59:30.4490 PM,Jan 14 2020 5:59:30.5870 PM,.1379
38. System,System,I2C9_Sweep_Test,GASGAUGE,PASS,,,,,,,,,Jan 14 2020 5:59:30.5880 PM,Jan 14 2020 5:59:30.5880 PM,0
39. System,,,,,,,,,,,,,Jan 14 2020 5:59:30.5900 PM,Jan 14 2020 5:59:37.1560 PM,6.5654
39. System,System,I2C10_Sweep_Test,[Diags] i2c -s 10-sendCommand,PASS,,,,,,,,,Jan 14 2020 5:59:30.5930 PM,Jan 14 2020 5:59:37.1540 PM,6.5619
39. System,System,I2C10_Sweep_Test,Current SNS,FAIL, i2c -s 10  (7-bit) 0x41 (8-bit) 0x82 not found,,,,,,,,Jan 14 2020 5:59:37.1560 PM,Jan 14 2020 5:59:37.1560 PM,0
40. System,,,,,,,,,,,,,Jan 14 2020 5:59:37.1590 PM,Jan 14 2020 5:59:43.7160 PM,6.5574
40. System,System,I2C11_Sweep_Test,[Diags] i2c -s 11-sendCommand,PASS,,,,,,,,,Jan 14 2020 5:59:37.1610 PM,Jan 14 2020 5:59:43.7150 PM,6.5538
40. System,System,I2C11_Sweep_Test,,FAIL, i2c -s 11  (7-bit) 0x3C (8-bit) 0x78 not found,,,,,,,,Jan 14 2020 5:59:43.7160 PM,Jan 14 2020 5:59:43.7160 PM,0
40. System,System,I2C11_Sweep_Test,-2,FAIL, i2c -s 11  (7-bit) 0x40 (8-bit) 0x80 not found,,,,,,,,Jan 14 2020 5:59:43.7160 PM,Jan 14 2020 5:59:43.7160 PM,0
41. Battery,,,,,,,,,,,,,Jan 14 2020 5:59:43.7200 PM,Jan 14 2020 5:59:43.7590 PM,.0389
41. Battery,Battery,Present_Voltage,[EFIDut] pmuadc --sel potomac --read vbat,PASS,,,,,,,,,Jan 14 2020 5:59:43.7220 PM,Jan 14 2020 5:59:43.7560 PM,.034
41. Battery,Battery,Present_Voltage,,PASS,,3754.5787,mV,,3200,,,mV,Jan 14 2020 5:59:43.7580 PM,Jan 14 2020 5:59:43.7580 PM,0
42. Battery,,,,,,,,,,,,,Jan 14 2020 5:59:43.7620 PM,Jan 14 2020 5:59:43.7990 PM,.0369
42. Battery,Battery,NTC,[EFIDut] pmuadc --sel potomac --read tbat,PASS,,,,,,,,,Jan 14 2020 5:59:43.7650 PM,Jan 14 2020 5:59:43.7940 PM,.029
42. Battery,Battery,NTC,,PASS,,31.0244,deg C,35,15,,,deg C,Jan 14 2020 5:59:43.7980 PM,Jan 14 2020 5:59:43.7980 PM,0
43. Battery,,,,,,,,,,,,,Jan 14 2020 5:59:43.8020 PM,Jan 14 2020 5:59:43.8370 PM,.0342
43. Battery,Battery,Chem_ID,[EFIDut] device -k GasGauge --get chem-id,PASS,,,,,,,,,Jan 14 2020 5:59:43.8050 PM,Jan 14 2020 5:59:43.8330 PM,.0276
43. Battery,Battery,Chem_ID,0x2224,FAIL,"; input '0x2224' not found in allowedArray [0x2200, 0x2199, 0x2163]",,,,,,,,Jan 14 2020 5:59:43.8360 PM,Jan 14 2020 5:59:43.8360 PM,0
44. Battery,,,,,,,,,,,,,Jan 14 2020 5:59:43.8400 PM,Jan 14 2020 5:59:43.8740 PM,.0345
44. Battery,Battery,Qmax,[EFIDut] device -k GasGauge --get chem-capacity,PASS,,,,,,,,,Jan 14 2020 5:59:43.8420 PM,Jan 14 2020 5:59:43.8710 PM,.0287
44. Battery,Battery,Qmax,,FAIL,Failed limits,3759,mAh,11686,9739,,,mAh,Jan 14 2020 5:59:43.8740 PM,Jan 14 2020 5:59:43.8740 PM,0
45. Battery,,,,,,,,,,,,,Jan 14 2020 5:59:43.8780 PM,Jan 14 2020 5:59:44.3270 PM,.4494
45. Battery,Battery,Static_Chem_ID_CheckSum,[EFIDut] device -k GasGauge -e test_checksum,PASS,,,,,,,,,Jan 14 2020 5:59:43.8810 PM,Jan 14 2020 5:59:44.3230 PM,.4428
45. Battery,Battery,Static_Chem_ID_CheckSum,0x7D75,FAIL,"; input '0x7D75' not found in allowedArray [0x7936, 0x7d13, 0x7a75]",,,,,,,,Jan 14 2020 5:59:44.3270 PM,Jan 14 2020 5:59:44.3270 PM,0
46. Battery,,,,,,,,,,,,,Jan 14 2020 5:59:44.3300 PM,Jan 14 2020 5:59:44.3330 PM,.0033
46. Battery,Battery,Static_DF_CheckSum,0x0A49,FAIL,"; input '0x0A49' not found in allowedArray [0x0511, 0x08CF, 0x0503]",,,,,,,,Jan 14 2020 5:59:44.3330 PM,Jan 14 2020 5:59:44.3330 PM,0
47. Battery,,,,,,,,,,,,,Jan 14 2020 5:59:44.3360 PM,Jan 14 2020 5:59:44.3730 PM,.0371
47. Battery,Battery,FCC,[EFIDut] device -k GasGauge --get full-capacity,PASS,,,,,,,,,Jan 14 2020 5:59:44.3380 PM,Jan 14 2020 5:59:44.3710 PM,.0321
47. Battery,Battery,FCC,,FAIL,Failed limits,3330,mAh,11199,7791,,,mAh,Jan 14 2020 5:59:44.3730 PM,Jan 14 2020 5:59:44.3730 PM,0
48. Battery,,,,,,,,,,,,,Jan 14 2020 5:59:44.3770 PM,Jan 14 2020 5:59:44.4120 PM,.0345
48. Battery,Battery,NCC,[EFIDut] device -k GasGauge --get nominal-capacity,PASS,,,,,,,,,Jan 14 2020 5:59:44.3800 PM,Jan 14 2020 5:59:44.4090 PM,.0285
48. Battery,Battery,NCC,,FAIL,Failed limits,3407,mAh,11554,9629,,,mAh,Jan 14 2020 5:59:44.4110 PM,Jan 14 2020 5:59:44.4110 PM,0
49. Battery,,,,,,,,,,,,,Jan 14 2020 5:59:44.4150 PM,Jan 14 2020 5:59:44.4520 PM,.0368
49. Battery,Battery,Cycle_Count,[EFIDut] device -k GasGauge --get cycle-count,PASS,,,,,,,,,Jan 14 2020 5:59:44.4180 PM,Jan 14 2020 5:59:44.4460 PM,.0288
49. Battery,Battery,Cycle_Count,,FAIL,Failed limits,10,NA,5,0,,,NA,Jan 14 2020 5:59:44.4520 PM,Jan 14 2020 5:59:44.4520 PM,0
50. Battery,,,,,,,,,,,,,Jan 14 2020 5:59:44.4560 PM,Jan 14 2020 5:59:44.4970 PM,.0401
50. Battery,Battery,GG_Hardware_Version,[EFIDut] device -k GasGauge --get hw-version,PASS,,,,,,,,,Jan 14 2020 5:59:44.4590 PM,Jan 14 2020 5:59:44.4930 PM,.0336
50. Battery,Battery,GG_Hardware_Version,0xA8,PASS,,,,,,,,,Jan 14 2020 5:59:44.4960 PM,Jan 14 2020 5:59:44.4960 PM,0
51. Battery,,,,,,,,,,,,,Jan 14 2020 5:59:44.5010 PM,Jan 14 2020 5:59:44.5410 PM,.0397
51. Battery,Battery,GG_Firmware_Version,[EFIDut] device -k GasGauge --get fw-version,PASS,,,,,,,,,Jan 14 2020 5:59:44.5060 PM,Jan 14 2020 5:59:44.5350 PM,.0289
51. Battery,Battery,GG_Firmware_Version,0x610,PASS,,,,,,,,,Jan 14 2020 5:59:44.5410 PM,Jan 14 2020 5:59:44.5410 PM,0
52. Battery,,,,,,,,,,,,,Jan 14 2020 5:59:44.5440 PM,Jan 14 2020 5:59:44.5750 PM,.031
52. Battery,Battery,QEN_And_Impedance_Tracking_Bit,[EFIDut] device -k GasGauge -g chem-cap-updates-en,ERROR,"NO FAILURE MESSAGE PROVIDED (     ""[EFIDut] device -k GasGauge -g chem-cap-updates-en"" )",,,,,,,,Jan 14 2020 5:59:44.5470 PM,Jan 14 2020 5:59:44.5740 PM,.027
53. Battery,,,,,,,,,,,,,Jan 14 2020 5:59:44.5790 PM,Jan 14 2020 5:59:44.6580 PM,.0789
53. Battery,Battery,Sleep_Enable_Bit,[EFIDut] device -k GasGauge -e read_sleep,PASS,,,,,,,,,Jan 14 2020 5:59:44.5820 PM,Jan 14 2020 5:59:44.6570 PM,.0755
54. Battery,,,,,,,,,,,,,Jan 14 2020 5:59:44.6610 PM,Jan 14 2020 5:59:44.6950 PM,.0332
54. Battery,Battery,Sleep_Enable_Bit_Seal_Status,[EFIDut] device -k GasGauge --get sealed,ERROR,"NO FAILURE MESSAGE PROVIDED (     ""[EFIDut] device -k GasGauge --get sealed"" )",,,,,,,,Jan 14 2020 5:59:44.6640 PM,Jan 14 2020 5:59:44.6930 PM,.0293
55. PMU,,,,,,,,,,,,,Jan 14 2020 5:59:44.6990 PM,Jan 14 2020 5:59:45.0240 PM,.3256
55. PMU,PMU,Temperature_TCAL@Sera,[EFIDut] temperature --all,PASS,,,,,,,,,Jan 14 2020 5:59:44.7010 PM,Jan 14 2020 5:59:45.0200 PM,.3189
55. PMU,PMU,Temperature_TCAL@Sera,,PASS,,50.17,deg C,60,45,,,deg C,Jan 14 2020 5:59:45.0240 PM,Jan 14 2020 5:59:45.0240 PM,0
56. PMU,,,,,,,,,,,,,Jan 14 2020 5:59:45.0270 PM,Jan 14 2020 5:59:45.0300 PM,.0033
56. PMU,PMU,Temperature_TDEV1@Sera,,PASS,,32.2,deg C,50,10,,,deg C,Jan 14 2020 5:59:45.0300 PM,Jan 14 2020 5:59:45.0300 PM,0
57. PMU,,,,,,,,,,,,,Jan 14 2020 5:59:45.0330 PM,Jan 14 2020 5:59:45.0360 PM,.0033
57. PMU,PMU,Temperature_TDEV2@Sera,,PASS,,31.26,deg C,50,10,,,deg C,Jan 14 2020 5:59:45.0360 PM,Jan 14 2020 5:59:45.0360 PM,0
58. PMU,,,,,,,,,,,,,Jan 14 2020 5:59:45.0390 PM,Jan 14 2020 5:59:45.0420 PM,.0033
58. PMU,PMU,Temperature_TDEV3@Sera,,PASS,,30.28,deg C,50,10,,,deg C,Jan 14 2020 5:59:45.0420 PM,Jan 14 2020 5:59:45.0420 PM,0
59. PMU,,,,,,,,,,,,,Jan 14 2020 5:59:45.0450 PM,Jan 14 2020 5:59:45.0480 PM,.0032
59. PMU,PMU,Temperature_TDEV4@Sera,,PASS,,32.29,deg C,50,10,,,deg C,Jan 14 2020 5:59:45.0480 PM,Jan 14 2020 5:59:45.0480 PM,0
60. PMU,,,,,,,,,,,,,Jan 14 2020 5:59:45.0510 PM,Jan 14 2020 5:59:45.0550 PM,.0036
60. PMU,PMU,Temperature_TDEV5@Sera,,PASS,,29.85,deg C,50,10,,,deg C,Jan 14 2020 5:59:45.0540 PM,Jan 14 2020 5:59:45.0540 PM,0
61. PMU,,,,,,,,,,,,,Jan 14 2020 5:59:45.0570 PM,Jan 14 2020 5:59:45.0600 PM,.0034
61. PMU,PMU,Temperature_TDEV6@Sera,,PASS,,30.53,deg C,50,10,,,deg C,Jan 14 2020 5:59:45.0600 PM,Jan 14 2020 5:59:45.0600 PM,0
62. PMU,,,,,,,,,,,,,Jan 14 2020 5:59:45.0630 PM,Jan 14 2020 5:59:45.0660 PM,.0034
62. PMU,PMU,Temperature_TDEV7@Sera,,PASS,,30.93,deg C,50,10,,,deg C,Jan 14 2020 5:59:45.0660 PM,Jan 14 2020 5:59:45.0660 PM,0
63. PMU,,,,,,,,,,,,,Jan 14 2020 5:59:45.0690 PM,Jan 14 2020 5:59:45.0730 PM,.0035
63. PMU,PMU,Temperature_TDEV8@Sera,,PASS,,32.29,deg C,50,10,,,deg C,Jan 14 2020 5:59:45.0720 PM,Jan 14 2020 5:59:45.0720 PM,0
64. PMU,,,,,,,,,,,,,Jan 14 2020 5:59:45.0760 PM,Jan 14 2020 5:59:45.0800 PM,.0039
64. PMU,PMU,Temperature_TCAL@SIMETRA,,PASS,,50.44,deg C,60,45,,,deg C,Jan 14 2020 5:59:45.0800 PM,Jan 14 2020 5:59:45.0800 PM,0
65. PMU,,,,,,,,,,,,,Jan 14 2020 5:59:45.0830 PM,Jan 14 2020 5:59:45.0870 PM,.0043
65. PMU,PMU,Temperature_TDEV1@SIMETRA,,PASS,,29.65,deg C,50,10,,,deg C,Jan 14 2020 5:59:45.0870 PM,Jan 14 2020 5:59:45.0870 PM,0
66. PMU,,,,,,,,,,,,,Jan 14 2020 5:59:45.0910 PM,Jan 14 2020 5:59:45.0950 PM,.004
66. PMU,PMU,Temperature_TDEV2@SIMETRA,,PASS,,28.96,deg C,50,10,,,deg C,Jan 14 2020 5:59:45.0950 PM,Jan 14 2020 5:59:45.0950 PM,0
67. PMU,,,,,,,,,,,,,Jan 14 2020 5:59:45.0990 PM,Jan 14 2020 5:59:45.1040 PM,.005
67. PMU,PMU,Temperature_TDEV3@SIMETRA,,PASS,,31.94,deg C,50,10,,,deg C,Jan 14 2020 5:59:45.1030 PM,Jan 14 2020 5:59:45.1030 PM,0
68. PMU,,,,,,,,,,,,,Jan 14 2020 5:59:45.1070 PM,Jan 14 2020 5:59:45.1110 PM,.0038
68. PMU,PMU,Temperature_TDEV4@SIMETRA,,PASS,,30.61,deg C,50,10,,,deg C,Jan 14 2020 5:59:45.1110 PM,Jan 14 2020 5:59:45.1110 PM,0
69. PMU,,,,,,,,,,,,,Jan 14 2020 5:59:45.1140 PM,Jan 14 2020 5:59:45.1180 PM,.0042
69. PMU,PMU,Temperature_TDEV5@SIMETRA,,PASS,,31.6,deg C,50,10,,,deg C,Jan 14 2020 5:59:45.1180 PM,Jan 14 2020 5:59:45.1180 PM,0
70. Battery,,,,,,,,,,,,,Jan 14 2020 5:59:45.1220 PM,Jan 14 2020 5:59:45.3230 PM,.2012
70. Battery,Battery,Temperature_Gasgauge,[EFIDut] device -k gasgauge -p,PASS,,,,,,,,,Jan 14 2020 5:59:45.1260 PM,Jan 14 2020 5:59:45.3210 PM,.1949
70. Battery,Battery,Temperature_Gasgauge,,PASS,,30,deg C,50,10,,,deg C,Jan 14 2020 5:59:45.3230 PM,Jan 14 2020 5:59:45.3230 PM,0
71. Battery,,,,,,,,,,,,,Jan 14 2020 5:59:45.3270 PM,Jan 14 2020 5:59:45.3530 PM,.026
71. Battery,Battery,Level_After_Test,[EFIDut] device -k GasGauge -g charge-percentage,PASS,,,,,,,,,Jan 14 2020 5:59:45.3300 PM,Jan 14 2020 5:59:45.3510 PM,.0205
71. Battery,Battery,Level_After_Test,,PASS,,47,%,101,0,,,%,Jan 14 2020 5:59:45.3530 PM,Jan 14 2020 5:59:45.3530 PM,0
72. Battery,,,,,,,,,,,,,Jan 14 2020 5:59:45.3570 PM,Jan 14 2020 5:59:45.4000 PM,.0429
72. Battery,Battery,Voltage_After_Test,[EFIDut] pmuadc --sel potomac --read vbat,PASS,,,,,,,,,Jan 14 2020 5:59:45.3600 PM,Jan 14 2020 5:59:45.3950 PM,.0352
72. Battery,Battery,Voltage_After_Test,,PASS,,3738.0952,mV,,3700,,,mV,Jan 14 2020 5:59:45.3990 PM,Jan 14 2020 5:59:45.3990 PM,0
73. Process,,,,,,,,,,,,,Jan 14 2020 5:59:45.4060 PM,Jan 14 2020 5:59:45.5270 PM,.1206
73. Process,Process,DRCB,EFIDut-close,PASS,,,,,,,,,Jan 14 2020 5:59:45.4080 PM,Jan 14 2020 5:59:45.4090 PM,.0006
73. Process,Process,DRCB,DRCB-Finish-StationFileSecurity,FAIL,station no longer secure,,,,,,,,Jan 14 2020 5:59:45.4150 PM,Jan 14 2020 5:59:45.4150 PM,0
73. Process,Process,DRCB,DRCB-Finish,PASS,,,,,,,,,Jan 14 2020 5:59:45.4150 PM,Jan 14 2020 5:59:45.5250 PM,.1106
