Test,Plugin,Command,Status,Info,Start Time,End Time,Duration (s)
,StationUtils,checkPredicateFormat,PASS,,Jan 14 2020 5:59:17.8940 PM,Jan 14 2020 5:59:17.8950 PM,.0003
,StationUtils,checkPredicateFormat,PASS,,Jan 14 2020 5:59:18.0530 PM,Jan 14 2020 5:59:18.0530 PM,.0001
,StationUtils,checkPredicateFormat,PASS,,Jan 14 2020 5:59:18.0560 PM,Jan 14 2020 5:59:18.0560 PM,0
,StationUtils,checkPredicateFormat,PASS,,Jan 14 2020 5:59:18.0580 PM,Jan 14 2020 5:59:18.0580 PM,0
1. SystemState,SpartanPlugin,spartanParameterCheck,PASS,,Jan 14 2020 5:59:18.4470 PM,Jan 14 2020 5:59:24.7980 PM,6.3513
3. SystemState,UART,open,PASS,,Jan 14 2020 5:59:24.8210 PM,Jan 14 2020 5:59:24.9160 PM,.0947
3. SystemState,UART,read,PASS,,Jan 14 2020 5:59:24.9180 PM,Jan 14 2020 5:59:24.9320 PM,.0134
3. SystemState,UART,changeLineTerminator,PASS,,Jan 14 2020 5:59:24.9330 PM,Jan 14 2020 5:59:24.9330 PM,0
3. SystemState,UART,sendCommand,PASS,,Jan 14 2020 5:59:24.9340 PM,Jan 14 2020 5:59:24.9460 PM,.0121
3. SystemState,UART,sendCommand,PASS,,Jan 14 2020 5:59:24.9480 PM,Jan 14 2020 5:59:24.9620 PM,.014
3. SystemState,UART,changeDelimiter,PASS,,Jan 14 2020 5:59:24.9630 PM,Jan 14 2020 5:59:24.9630 PM,0
3. SystemState,UART,sendCommand,PASS,,Jan 14 2020 5:59:24.9640 PM,Jan 14 2020 5:59:24.9650 PM,.0009
3. SystemState,UART,changeDelimiter,PASS,,Jan 14 2020 5:59:24.9770 PM,Jan 14 2020 5:59:24.9770 PM,0
3. SystemState,UART,sendCommand,PASS,,Jan 14 2020 5:59:24.9780 PM,Jan 14 2020 5:59:25.2590 PM,.2807
3. SystemState,UART,read,PASS,,Jan 14 2020 5:59:25.2600 PM,Jan 14 2020 5:59:25.2630 PM,.0028
3. SystemState,UART,close,PASS,,Jan 14 2020 5:59:25.2640 PM,Jan 14 2020 5:59:25.2650 PM,.0007
4. DUTinfo,EFIDut,open,PASS,,Jan 14 2020 5:59:25.2730 PM,Jan 14 2020 5:59:25.6150 PM,.3423
4. DUTinfo,EFIDut,syncCmdResp,PASS,,Jan 14 2020 5:59:25.6180 PM,Jan 14 2020 5:59:25.6450 PM,.0264
4. DUTinfo,EFIDut,sendCommand,PASS,,Jan 14 2020 5:59:25.6480 PM,Jan 14 2020 5:59:25.6970 PM,.0494
5. Backlight,EFIDut,sendCommand,ERROR,"NO FAILURE MESSAGE PROVIDED (     ""[EFIDut] bl -n"" ); ",Jan 14 2020 5:59:25.7040 PM,Jan 14 2020 5:59:25.7630 PM,.0582
5. Backlight,EFIDut,sendCommand,ERROR,"NO FAILURE MESSAGE PROVIDED (     ""[EFIDut] bl -l"" ); ",Jan 14 2020 5:59:25.7660 PM,Jan 14 2020 5:59:25.8230 PM,.0568
6. DUTinfo,EFIDut,sendCommand,PASS,,Jan 14 2020 5:59:25.8290 PM,Jan 14 2020 5:59:25.8400 PM,.0109
7. DUTinfo,EFIDut,sendCommand,PASS,,Jan 14 2020 5:59:25.8530 PM,Jan 14 2020 5:59:25.8840 PM,.0314
8. DUTinfo,EFIDut,sendCommand,PASS,,Jan 14 2020 5:59:25.8900 PM,Jan 14 2020 5:59:25.9050 PM,.0146
8. DUTinfo,EFIDut,close,PASS,,Jan 14 2020 5:59:25.9090 PM,Jan 14 2020 5:59:25.9100 PM,.0007
9. Process,DRCB,startDataReporting,PASS,,Jan 14 2020 5:59:25.9230 PM,Jan 14 2020 5:59:25.9430 PM,.02
10. Process,EFIDut,open,PASS,,Jan 14 2020 5:59:25.9580 PM,Jan 14 2020 5:59:26.2630 PM,.3045
10. Process,EFIDut,close,PASS,,Jan 14 2020 5:59:26.2660 PM,Jan 14 2020 5:59:26.2660 PM,.0007
10. Process,DRCB,startControlBits,ERROR,startControlBits needs all files to be secure; ,Jan 14 2020 5:59:26.2710 PM,Jan 14 2020 5:59:26.2720 PM,.001
11. DUTinfo,SFCSupport,getAttribute,PASS,,Jan 14 2020 5:59:26.2830 PM,Jan 14 2020 5:59:26.3270 PM,.0436
11. DUTinfo,SFCSupport,getAttribute,PASS,,Jan 14 2020 5:59:26.3290 PM,Jan 14 2020 5:59:26.3340 PM,.0042
11. DUTinfo,SFCSupport,getAttribute,PASS,,Jan 14 2020 5:59:26.3360 PM,Jan 14 2020 5:59:26.3400 PM,.0042
11. DUTinfo,SFCSupport,getAttribute,PASS,,Jan 14 2020 5:59:26.3420 PM,Jan 14 2020 5:59:26.3450 PM,.0032
11. DUTinfo,SFCSupport,getAttribute,PASS,,Jan 14 2020 5:59:26.3480 PM,Jan 14 2020 5:59:26.3530 PM,.0055
11. DUTinfo,SFCSupport,getAttribute,PASS,,Jan 14 2020 5:59:26.3560 PM,Jan 14 2020 5:59:26.3610 PM,.0057
11. DUTinfo,SFCSupport,getAttribute,PASS,,Jan 14 2020 5:59:26.3630 PM,Jan 14 2020 5:59:26.3690 PM,.0059
11. DUTinfo,SFCSupport,getAttribute,PASS,,Jan 14 2020 5:59:26.3720 PM,Jan 14 2020 5:59:26.3760 PM,.0036
11. DUTinfo,SFCSupport,getAttribute,PASS,,Jan 14 2020 5:59:26.3780 PM,Jan 14 2020 5:59:26.4980 PM,.1198
11. DUTinfo,SFCSupport,getAttribute,PASS,,Jan 14 2020 5:59:26.5000 PM,Jan 14 2020 5:59:26.6050 PM,.1049
11. DUTinfo,SFCSupport,getAttribute,PASS,,Jan 14 2020 5:59:26.6060 PM,Jan 14 2020 5:59:26.6130 PM,.0064
11. DUTinfo,SFCSupport,getAttribute,PASS,,Jan 14 2020 5:59:26.6140 PM,Jan 14 2020 5:59:26.6210 PM,.0064
12. DUTinfo,EFIDut,open,PASS,,Jan 14 2020 5:59:26.6290 PM,Jan 14 2020 5:59:26.9740 PM,.3456
12. DUTinfo,EFIDut,sendCommand,PASS,,Jan 14 2020 5:59:26.9770 PM,Jan 14 2020 5:59:26.9990 PM,.0216
14. DUTinfo,EFIDut,sendCommand,PASS,,Jan 14 2020 5:59:27.0160 PM,Jan 14 2020 5:59:27.0460 PM,.0302
15. DUTinfo,EFIDut,sendCommand,PASS,,Jan 14 2020 5:59:27.0610 PM,Jan 14 2020 5:59:27.0850 PM,.0243
16. DUTinfo,EFIDut,sendCommand,PASS,,Jan 14 2020 5:59:27.0970 PM,Jan 14 2020 5:59:27.1230 PM,.0263
16. DUTinfo,StationUtils,evaluatePredicate,PASS,,Jan 14 2020 5:59:27.1260 PM,Jan 14 2020 5:59:27.1260 PM,.0001
17. Battery,EFIDut,sendCommand,PASS,,Jan 14 2020 5:59:27.1320 PM,Jan 14 2020 5:59:27.1700 PM,.0374
18. Battery,EFIDut,sendCommand,PASS,,Jan 14 2020 5:59:27.1810 PM,Jan 14 2020 5:59:27.2150 PM,.0349
19. Battery,EFIDut,sendCommand,PASS,,Jan 14 2020 5:59:27.2270 PM,Jan 14 2020 5:59:27.2450 PM,.0177
19. Battery,EFIDut,sendCommand,PASS,,Jan 14 2020 5:59:27.2480 PM,Jan 14 2020 5:59:27.2640 PM,.0161
19. Battery,StationUtils,evaluatePredicate,PASS,,Jan 14 2020 5:59:27.2690 PM,Jan 14 2020 5:59:27.2700 PM,.0002
20. Battery,EFIDut,sendCommand,PASS,,Jan 14 2020 5:59:27.2760 PM,Jan 14 2020 5:59:27.4800 PM,.2037
20. Battery,EFIDut,sendCommand,PASS,,Jan 14 2020 5:59:27.4830 PM,Jan 14 2020 5:59:27.5990 PM,.1165
20. Battery,StationUtils,calculateExpression,PASS,,Jan 14 2020 5:59:27.6100 PM,Jan 14 2020 5:59:27.6100 PM,.0001
21. Battery,StationUtils,calculateExpression,PASS,,Jan 14 2020 5:59:27.6200 PM,Jan 14 2020 5:59:27.6200 PM,.0001
22. Battery,StationUtils,calculateExpression,PASS,,Jan 14 2020 5:59:27.6300 PM,Jan 14 2020 5:59:27.6300 PM,.0001
23. Battery,StationUtils,calculateExpression,PASS,,Jan 14 2020 5:59:27.6390 PM,Jan 14 2020 5:59:27.6390 PM,.0001
24. Battery,StationUtils,calculateExpression,PASS,,Jan 14 2020 5:59:27.6490 PM,Jan 14 2020 5:59:27.6490 PM,.0001
25. Battery,StationUtils,calculateExpression,PASS,,Jan 14 2020 5:59:27.6590 PM,Jan 14 2020 5:59:27.6590 PM,.0001
26. Process,EFIDut,sendCommand,PASS,,Jan 14 2020 5:59:27.6670 PM,Jan 14 2020 5:59:27.7790 PM,.1126
26. Process,EFIDut,sendCommand,PASS,,Jan 14 2020 5:59:27.7830 PM,Jan 14 2020 5:59:27.8180 PM,.0354
26. Process,EFIDut,sendCommand,PASS,,Jan 14 2020 5:59:27.8220 PM,Jan 14 2020 5:59:27.8580 PM,.0358
26. Process,EFIDut,sendCommand,PASS,,Jan 14 2020 5:59:27.8610 PM,Jan 14 2020 5:59:27.8940 PM,.0334
26. Process,EFIDut,sendCommand,PASS,,Jan 14 2020 5:59:27.8990 PM,Jan 14 2020 5:59:27.9340 PM,.0351
26. Process,EFIDut,sendCommand,PASS,,Jan 14 2020 5:59:27.9400 PM,Jan 14 2020 5:59:27.9740 PM,.0345
26. Process,EFIDut,sendCommand,PASS,,Jan 14 2020 5:59:27.9810 PM,Jan 14 2020 5:59:28.0040 PM,.0229
27. Grape,EFIDut,sendCommand,ERROR,"NO FAILURE MESSAGE PROVIDED (     ""[EFIDut] touch --off"" ); ",Jan 14 2020 5:59:28.0110 PM,Jan 14 2020 5:59:28.0540 PM,.0426
27. Grape,EFIDut,sendCommand,ERROR,"NO FAILURE MESSAGE PROVIDED (     ""[EFIDut] touch --on"" ); ",Jan 14 2020 5:59:28.0570 PM,Jan 14 2020 5:59:28.0940 PM,.0373
27. Grape,EFIDut,sendCommand,ERROR,"NO FAILURE MESSAGE PROVIDED (     ""[EFIDut] touch --load_firmware"" ); ",Jan 14 2020 5:59:28.0980 PM,Jan 14 2020 5:59:28.1360 PM,.0385
28. Grape,EFIDut,sendCommand,ERROR,"NO FAILURE MESSAGE PROVIDED (     ""[EFIDut] touch --test critical --run"" ); ",Jan 14 2020 5:59:28.1430 PM,Jan 14 2020 5:59:28.1770 PM,.0335
29. Grape,EFIDut,sendCommand,PASS,,Jan 14 2020 5:59:28.1830 PM,Jan 14 2020 5:59:28.2160 PM,.033
29. Grape,EFIDut,sendCommand,ERROR,"NO FAILURE MESSAGE PROVIDED (     ""[EFIDut] touch --off"" ); ",Jan 14 2020 5:59:28.2250 PM,Jan 14 2020 5:59:28.2560 PM,.0315
30. OpticalSensor,EFIDut,sendCommand,PASS,,Jan 14 2020 5:59:28.2650 PM,Jan 14 2020 5:59:28.2930 PM,.0279
30. OpticalSensor,EFIDut,sendCommand,ERROR,"NO FAILURE MESSAGE PROVIDED (     ""[EFIDut] i2c -v 3 0x39 0x80 0x00"" ); ",Jan 14 2020 5:59:28.2960 PM,Jan 14 2020 5:59:28.3390 PM,.0427
30. OpticalSensor,EFIDut,sendCommand,PASS,,Jan 14 2020 5:59:28.3420 PM,Jan 14 2020 5:59:28.3630 PM,.021
30. OpticalSensor,EFIDut,sendCommand,ERROR,"NO FAILURE MESSAGE PROVIDED (     ""[EFIDut] i2c -v 3 0x39 0x80 0x01"" ); ",Jan 14 2020 5:59:28.3670 PM,Jan 14 2020 5:59:28.4000 PM,.0328
30. OpticalSensor,EFIDut,sendCommand,ERROR,"NO FAILURE MESSAGE PROVIDED (     ""[EFIDut] i2c -v 3 0x39 0x81 0xFF"" ); ",Jan 14 2020 5:59:28.4100 PM,Jan 14 2020 5:59:28.4400 PM,.0306
30. OpticalSensor,EFIDut,sendCommand,ERROR,"NO FAILURE MESSAGE PROVIDED (     ""[EFIDut] i2c -v 3 0x39 0x80 0x13"" ); ",Jan 14 2020 5:59:28.4440 PM,Jan 14 2020 5:59:28.4790 PM,.0347
30. OpticalSensor,EFIDut,sendCommand,PASS,,Jan 14 2020 5:59:28.4820 PM,Jan 14 2020 5:59:28.7940 PM,.3121
30. OpticalSensor,EFIDut,sendCommand,ERROR,"NO FAILURE MESSAGE PROVIDED (     ""[EFIDut] socgpio --port 1 --pin 20 --get"" ); ",Jan 14 2020 5:59:28.7970 PM,Jan 14 2020 5:59:28.8230 PM,.0261
30. OpticalSensor,EFIDut,sendCommand,ERROR,"NO FAILURE MESSAGE PROVIDED (     ""[EFIDut] i2c -v 3 0x39 0x80 0x00"" ); ",Jan 14 2020 5:59:28.8260 PM,Jan 14 2020 5:59:28.8590 PM,.0327
31. OpticalSensor,EFIDut,sendCommand,PASS,,Jan 14 2020 5:59:28.8660 PM,Jan 14 2020 5:59:28.8920 PM,.0266
31. OpticalSensor,EFIDut,sendCommand,ERROR,"NO FAILURE MESSAGE PROVIDED (     ""[EFIDut] i2c -v 3 0x29 0x80 0x00"" ); ",Jan 14 2020 5:59:28.8960 PM,Jan 14 2020 5:59:28.9400 PM,.0444
31. OpticalSensor,EFIDut,sendCommand,ERROR,"NO FAILURE MESSAGE PROVIDED (     ""[EFIDut] socgpio --port 1 --pin 21 --get"" ); ",Jan 14 2020 5:59:28.9430 PM,Jan 14 2020 5:59:28.9630 PM,.0197
31. OpticalSensor,EFIDut,sendCommand,ERROR,"NO FAILURE MESSAGE PROVIDED (     ""[EFIDut] i2c -v 3 0x29 0x80 0x01"" ); ",Jan 14 2020 5:59:28.9660 PM,Jan 14 2020 5:59:28.9990 PM,.0325
31. OpticalSensor,EFIDut,sendCommand,ERROR,"NO FAILURE MESSAGE PROVIDED (     ""[EFIDut] i2c -v 3 0x29 0x81 0xFF"" ); ",Jan 14 2020 5:59:29.0020 PM,Jan 14 2020 5:59:29.0390 PM,.0369
31. OpticalSensor,EFIDut,sendCommand,ERROR,"NO FAILURE MESSAGE PROVIDED (     ""[EFIDut] i2c -v 3 0x29 0x80 0x13"" ); ",Jan 14 2020 5:59:29.0420 PM,Jan 14 2020 5:59:29.0790 PM,.0368
31. OpticalSensor,EFIDut,sendCommand,PASS,,Jan 14 2020 5:59:29.0820 PM,Jan 14 2020 5:59:29.4350 PM,.3534
31. OpticalSensor,EFIDut,sendCommand,PASS,,Jan 14 2020 5:59:29.4380 PM,Jan 14 2020 5:59:29.4630 PM,.0249
31. OpticalSensor,EFIDut,sendCommand,ERROR,"NO FAILURE MESSAGE PROVIDED (     ""[EFIDut] i2c -v 3 0x29 0x80 0x00"" ); ",Jan 14 2020 5:59:29.4660 PM,Jan 14 2020 5:59:29.4990 PM,.033
31. OpticalSensor,EFIDut,sendCommand,PASS,,Jan 14 2020 5:59:29.5020 PM,Jan 14 2020 5:59:29.5340 PM,.0319
32. System,EFIDut,sendCommand,PASS,,Jan 14 2020 5:59:29.5400 PM,Jan 14 2020 5:59:29.6400 PM,.0995
33. System,EFIDut,sendCommand,PASS,,Jan 14 2020 5:59:29.6480 PM,Jan 14 2020 5:59:29.7020 PM,.0539
34. System,EFIDut,sendCommand,ERROR,"NO FAILURE MESSAGE PROVIDED (     ""[Diags] display --on"",     sendCommand ); ",Jan 14 2020 5:59:29.7080 PM,Jan 14 2020 5:59:29.8230 PM,.1154
34. System,EFIDut,sendCommand,PASS,,Jan 14 2020 5:59:29.8250 PM,Jan 14 2020 5:59:30.0360 PM,.2117
35. System,EFIDut,sendCommand,PASS,,Jan 14 2020 5:59:30.0520 PM,Jan 14 2020 5:59:30.1220 PM,.0702
36. System,EFIDut,sendCommand,PASS,,Jan 14 2020 5:59:30.1280 PM,Jan 14 2020 5:59:30.2630 PM,.1348
37. System,EFIDut,sendCommand,PASS,,Jan 14 2020 5:59:30.2690 PM,Jan 14 2020 5:59:30.4420 PM,.1736
38. System,EFIDut,sendCommand,PASS,,Jan 14 2020 5:59:30.4490 PM,Jan 14 2020 5:59:30.5870 PM,.1379
39. System,EFIDut,sendCommand,PASS,,Jan 14 2020 5:59:30.5920 PM,Jan 14 2020 5:59:37.1540 PM,6.5619
40. System,EFIDut,sendCommand,PASS,,Jan 14 2020 5:59:37.1610 PM,Jan 14 2020 5:59:43.7150 PM,6.5538
41. Battery,EFIDut,sendCommand,PASS,,Jan 14 2020 5:59:43.7220 PM,Jan 14 2020 5:59:43.7560 PM,.034
42. Battery,EFIDut,sendCommand,PASS,,Jan 14 2020 5:59:43.7650 PM,Jan 14 2020 5:59:43.7940 PM,.029
43. Battery,EFIDut,sendCommand,PASS,,Jan 14 2020 5:59:43.8050 PM,Jan 14 2020 5:59:43.8330 PM,.0277
44. Battery,EFIDut,sendCommand,PASS,,Jan 14 2020 5:59:43.8420 PM,Jan 14 2020 5:59:43.8710 PM,.0288
45. Battery,EFIDut,sendCommand,PASS,,Jan 14 2020 5:59:43.8810 PM,Jan 14 2020 5:59:44.3230 PM,.4428
47. Battery,EFIDut,sendCommand,PASS,,Jan 14 2020 5:59:44.3380 PM,Jan 14 2020 5:59:44.3710 PM,.0322
48. Battery,EFIDut,sendCommand,PASS,,Jan 14 2020 5:59:44.3800 PM,Jan 14 2020 5:59:44.4090 PM,.0285
49. Battery,EFIDut,sendCommand,PASS,,Jan 14 2020 5:59:44.4180 PM,Jan 14 2020 5:59:44.4460 PM,.0288
50. Battery,EFIDut,sendCommand,PASS,,Jan 14 2020 5:59:44.4590 PM,Jan 14 2020 5:59:44.4930 PM,.0336
51. Battery,EFIDut,sendCommand,PASS,,Jan 14 2020 5:59:44.5060 PM,Jan 14 2020 5:59:44.5350 PM,.0289
52. Battery,EFIDut,sendCommand,ERROR,"NO FAILURE MESSAGE PROVIDED (     ""[EFIDut] device -k GasGauge -g chem-cap-updates-en"" ); ",Jan 14 2020 5:59:44.5470 PM,Jan 14 2020 5:59:44.5740 PM,.0271
53. Battery,EFIDut,sendCommand,PASS,,Jan 14 2020 5:59:44.5820 PM,Jan 14 2020 5:59:44.6570 PM,.0755
54. Battery,EFIDut,sendCommand,ERROR,"NO FAILURE MESSAGE PROVIDED (     ""[EFIDut] device -k GasGauge --get sealed"" ); ",Jan 14 2020 5:59:44.6640 PM,Jan 14 2020 5:59:44.6930 PM,.0293
55. PMU,EFIDut,sendCommand,PASS,,Jan 14 2020 5:59:44.7010 PM,Jan 14 2020 5:59:45.0200 PM,.3189
70. Battery,EFIDut,sendCommand,PASS,,Jan 14 2020 5:59:45.1260 PM,Jan 14 2020 5:59:45.3210 PM,.195
71. Battery,EFIDut,sendCommand,PASS,,Jan 14 2020 5:59:45.3300 PM,Jan 14 2020 5:59:45.3510 PM,.0206
72. Battery,EFIDut,sendCommand,PASS,,Jan 14 2020 5:59:45.3600 PM,Jan 14 2020 5:59:45.3950 PM,.0352
73. Process,EFIDut,close,PASS,,Jan 14 2020 5:59:45.4080 PM,Jan 14 2020 5:59:45.4090 PM,.0006
73. Process,DRCB,finish,FAIL,station no longer secure; ,Jan 14 2020 5:59:45.4150 PM,Jan 14 2020 5:59:45.5250 PM,.1106
