Related Test,Type,Name,Value
3.SN,Device,serialnumber,DLXYW00AN63J
7.Start Data Reporting,Device,softwarename,Atlas
7.Start Data Reporting,Device,serialnumber,DLXYW00AN63J
7.Start Data Reporting,Device,softwareversion,V23.2.5.4_debug
7.Start Data Reporting,Device,limitsversion,1.0
9.Diag Version,Device,DIAG_VER,29D110f
16.Board Revision,Device,BOARD_REV,0x06
17.Read Back AP_CHIPID,Device,AP_CHIP_ID,8027
22.WOSN,Device,WOSN,WU7-J6000B
23.Housing SN,Device,HOUSING_SN,F479253000BN40W19
24.Titus SN,Device,TITUS_SN,DN8920439ADM9XR3U
25.Juliet SN,Device,JULIET_SN,DNM92130JU4J7LP3E
26.Read_Ohio_SN,Device,Ohio_SN,F0W920700R5LV41AD
29.Read_Jasper_SN,Device,Jasper_SN,DN892340227MJLL4P
30.Camera Build Config,Device,CameraBuildConfig,CFFFF
31.Jasper Bin,Device,JasperBin,FF
32.Jasper DOE,Device,JasperDOE,FF
33.Riker Fault Status,Device,RikerFaultStatus,0
34.Will Fault Status,Device,WillFaultStatus,0
37.Riker RDF arm status,Device,Riker Arm Status,1
41.Compare Battery SN With SFC,Device,BATTERY_SN,F8Y9204DAQAJ6K0AS+841
43.Get Battery SN,Device,BATTERY_SN,F8Y9204DAQAJ6K0AS+841
45.Read Back HW Configuration,Device,OPTS,"iPad12,3/WIFI&BT/NAND,SIZE=64G/RAM,SIZE=6G/White"
47.Read Back MPN,Device,MPN,993-41141
49.Read Back Regn,Device,REGN,LL/A
50.Burn HS Color,Device,CLHS,0x00000001 0x00000000 0x00000000 0x0000002
52.Burn CG Color,Device,CLCG,0x00000001 0x00000000 0x00000000 0x0000001
55.Read Back NANDID and NANDCS,Device,NANDID,0x00006B76B3983C45
55.Read Back NANDID and NANDCS,Device,NANDCS,00000000000000000000000000000001000000000000000000000000000000010000000000000000000000000000000100000000000000000000000000000001
57.Read Back Matrix and Special Builds,Device,S_BUILD,J420-P2_SOP-P20BS-S3
57.Read Back Matrix and Special Builds,Device,BUILD_MATRIX_CONFIG,SOP-P20BS-S3
57.Read Back Matrix and Special Builds,Device,BUILD_EVENT,J420-P2
57.Read Back Matrix and Special Builds,Device,UNIT#,10036
58.Read Back MLBSN And Check,Device,MLBSN,DLX9256004SMF9313
61.Check ACE FW version,Device,ACE_FW,00 11 20 00                                      
62.Check ACE OTP FW version,Device,ACE_OTP_FW,0x4C4B603F
105.Check TX MCU FW,Device,TX_MCU_FW,B0 00 04 00 01 00 13 04 
106.Tx HW ID Check,Device,TX_HW_ID,3
