Test,Plugin,Command,Status,Info,Start Time,End Time,Duration (s)
,UART,read,ERROR,Timed out trying to read; ,Jun 28 2019 9:39:37.7160 AM,Jun 28 2019 9:39:38.7340 AM,1.0178
,UART,read,ERROR,Timed out trying to read; ,Jun 28 2019 9:39:38.9110 AM,Jun 28 2019 9:39:39.9350 AM,1.0244
,Dut,read,ERROR,Timed out trying to read; ,Jun 28 2019 9:39:41.6100 AM,Jun 28 2019 9:39:41.7580 AM,.1472
8.Start Control Bits,DRCB,startControlBits,ERROR,startControlBits needs all files to be secure; ,Jun 28 2019 9:39:41.8540 AM,Jun 28 2019 9:39:41.8540 AM,.0005
,Dut,read,ERROR,Timed out trying to read; ,Jun 28 2019 9:39:41.8750 AM,Jun 28 2019 9:39:42.0170 AM,.1422
,Dut,read,ERROR,Timed out trying to read; ,Jun 28 2019 9:39:48.2810 AM,Jun 28 2019 9:39:48.4250 AM,.1435
254.DRCB finish,DRCB,finish,FAIL,station no longer secure; ,Jun 28 2019 9:42:12.4910 AM,Jun 28 2019 9:42:12.6730 AM,.1812
,fixture,close,NOT SET,,,,0
,orion,close,NOT SET,,,,0
