Test,Plugin,Command,Status,Info,Start Time,End Time,Duration (s)
1.Potassium FW version,runShell,getFWversion,PASS,,Jun 28 2019 9:39:33.7350 AM,Jun 28 2019 9:39:33.8160 AM,.0809
2.Potassium Environment check,runShell,getEnv,PASS,,Jun 28 2019 9:39:33.8210 AM,Jun 28 2019 9:39:34.2400 AM,.4193
3.SN,com.apple.hwte.atlas.AppPlugin,show-form,PASS,,Jun 28 2019 9:39:34.2680 AM,Jun 28 2019 9:39:36.8270 AM,2.5586
4.Fixture On,rpcCall,RPCSendAndGet,PASS,,Jun 28 2019 9:39:36.8340 AM,Jun 28 2019 9:39:37.3890 AM,.5553
4.Fixture On,rpcCall,RPCSendAndGet,PASS,,Jun 28 2019 9:39:37.3910 AM,Jun 28 2019 9:39:37.4020 AM,.0108
,UART,open,PASS,,Jun 28 2019 9:39:37.4060 AM,Jun 28 2019 9:39:37.4100 AM,.0045
,UART,changeLineTerminator,PASS,,Jun 28 2019 9:39:37.4120 AM,Jun 28 2019 9:39:37.4120 AM,0
,UART,sendCommand,PASS,,Jun 28 2019 9:39:37.4130 AM,Jun 28 2019 9:39:37.5630 AM,.1492
,UART,sendCommand,PASS,,Jun 28 2019 9:39:37.5650 AM,Jun 28 2019 9:39:37.7130 AM,.1476
,UART,read,ERROR,Timed out trying to read; ,Jun 28 2019 9:39:37.7160 AM,Jun 28 2019 9:39:38.7340 AM,1.0178
,UART,sendCommand,PASS,,Jun 28 2019 9:39:38.7370 AM,Jun 28 2019 9:39:38.8840 AM,.1475
,UART,read,PASS,,Jun 28 2019 9:39:38.8870 AM,Jun 28 2019 9:39:38.8970 AM,.0102
,UART,read,PASS,,Jun 28 2019 9:39:38.9000 AM,Jun 28 2019 9:39:38.9070 AM,.0066
,UART,read,PASS,,Jun 28 2019 9:39:38.9090 AM,Jun 28 2019 9:39:38.9090 AM,.0002
,UART,read,ERROR,Timed out trying to read; ,Jun 28 2019 9:39:38.9110 AM,Jun 28 2019 9:39:39.9350 AM,1.0244
,UART,changeDelimiter,PASS,,Jun 28 2019 9:39:39.9380 AM,Jun 28 2019 9:39:39.9380 AM,0
,UART,close,PASS,,Jun 28 2019 9:39:39.9400 AM,Jun 28 2019 9:39:39.9420 AM,.0014
,Dut,open,PASS,,Jun 28 2019 9:39:41.5900 AM,Jun 28 2019 9:39:41.6080 AM,.018
,Dut,read,ERROR,Timed out trying to read; ,Jun 28 2019 9:39:41.6100 AM,Jun 28 2019 9:39:41.7580 AM,.1472
6.Burn SysSN,Dut,sendCommand,PASS,,Jun 28 2019 9:39:41.7640 AM,Jun 28 2019 9:39:41.7790 AM,.0155
6.Burn SysSN,Dut,sendCommand,PASS,,Jun 28 2019 9:39:41.7810 AM,Jun 28 2019 9:39:41.7920 AM,.0105
6.Burn SysSN,Dut,sendCommand,PASS,,Jun 28 2019 9:39:41.7950 AM,Jun 28 2019 9:39:41.8070 AM,.0118
6.Burn SysSN,Dut,sendCommand,PASS,,Jun 28 2019 9:39:41.8090 AM,Jun 28 2019 9:39:41.8230 AM,.0135
,Dut,close,PASS,,Jun 28 2019 9:39:41.8270 AM,Jun 28 2019 9:39:41.8290 AM,.0015
,FileParser,JsonParsing,PASS,,Jun 28 2019 9:39:41.8310 AM,Jun 28 2019 9:39:41.8320 AM,.001
7.Start Data Reporting,DRCB,startDataReporting,PASS,,Jun 28 2019 9:39:41.8360 AM,Jun 28 2019 9:39:41.8480 AM,.0123
8.Start Control Bits,DRCB,startControlBits,ERROR,startControlBits needs all files to be secure; ,Jun 28 2019 9:39:41.8540 AM,Jun 28 2019 9:39:41.8540 AM,.0005
,Dut,open,PASS,,Jun 28 2019 9:39:41.8590 AM,Jun 28 2019 9:39:41.8730 AM,.0145
,Dut,read,ERROR,Timed out trying to read; ,Jun 28 2019 9:39:41.8750 AM,Jun 28 2019 9:39:42.0170 AM,.1422
9.Diag Version,Dut,sendCommand,PASS,,Jun 28 2019 9:39:42.0220 AM,Jun 28 2019 9:39:42.0680 AM,.0461
10.Get SFC Info,SFCSupport,getAttribute,PASS,,Jun 28 2019 9:39:42.0740 AM,Jun 28 2019 9:39:42.1040 AM,.0299
10.Get SFC Info,SFCSupport,getAttribute,PASS,,Jun 28 2019 9:39:42.1070 AM,Jun 28 2019 9:39:42.1110 AM,.0044
10.Get SFC Info,SFCSupport,getAttribute,PASS,,Jun 28 2019 9:39:42.1130 AM,Jun 28 2019 9:39:42.1180 AM,.005
10.Get SFC Info,SFCSupport,getAttribute,PASS,,Jun 28 2019 9:39:42.1200 AM,Jun 28 2019 9:39:42.1250 AM,.0043
10.Get SFC Info,SFCSupport,getAttribute,PASS,,Jun 28 2019 9:39:42.1280 AM,Jun 28 2019 9:39:42.1370 AM,.009
10.Get SFC Info,SFCSupport,getAttribute,PASS,,Jun 28 2019 9:39:42.1390 AM,Jun 28 2019 9:39:42.1480 AM,.0091
10.Get SFC Info,SFCSupport,getAttribute,PASS,,Jun 28 2019 9:39:42.1500 AM,Jun 28 2019 9:39:42.1550 AM,.005
10.Get SFC Info,SFCSupport,getAttribute,PASS,,Jun 28 2019 9:39:42.1560 AM,Jun 28 2019 9:39:42.1610 AM,.0041
10.Get SFC Info,SFCSupport,getAttribute,PASS,,Jun 28 2019 9:39:42.1620 AM,Jun 28 2019 9:39:42.1760 AM,.0131
10.Get SFC Info,SFCSupport,getAttribute,PASS,,Jun 28 2019 9:39:42.1780 AM,Jun 28 2019 9:39:42.2700 AM,.0925
10.Get SFC Info,SFCSupport,getAttribute,PASS,,Jun 28 2019 9:39:42.2720 AM,Jun 28 2019 9:39:42.2830 AM,.0107
10.Get SFC Info,SFCSupport,getAttribute,PASS,,Jun 28 2019 9:39:42.2850 AM,Jun 28 2019 9:39:42.2960 AM,.0116
11.Check Battery Level Before Test (%),Dut,sendCommand,PASS,,Jun 28 2019 9:39:42.3090 AM,Jun 28 2019 9:39:42.3220 AM,.0126
12.Check Battery Voltage Before Test (mV),Dut,sendCommand,PASS,,Jun 28 2019 9:39:42.3260 AM,Jun 28 2019 9:39:42.3430 AM,.0167
13.Battery Cell Disconnect Check,Dut,sendCommand,PASS,,Jun 28 2019 9:39:42.3470 AM,Jun 28 2019 9:39:42.3610 AM,.0143
13.Battery Cell Disconnect Check,Dut,sendCommand,PASS,,Jun 28 2019 9:39:42.3630 AM,Jun 28 2019 9:39:42.3730 AM,.0096
14.Read Back System SN,Dut,sendCommand,PASS,,Jun 28 2019 9:39:42.3780 AM,Jun 28 2019 9:39:42.3870 AM,.0097
14.Read Back System SN,Dut,sendCommand,PASS,,Jun 28 2019 9:39:42.3900 AM,Jun 28 2019 9:39:42.5120 AM,.1223
15.Get Board ID,Dut,sendCommand,PASS,,Jun 28 2019 9:39:42.5160 AM,Jun 28 2019 9:39:42.5280 AM,.0116
16.Board Revision,Dut,sendCommand,PASS,,Jun 28 2019 9:39:42.5340 AM,Jun 28 2019 9:39:42.5470 AM,.0135
17.Read Back AP_CHIPID,Dut,sendCommand,PASS,,Jun 28 2019 9:39:42.5510 AM,Jun 28 2019 9:39:42.5730 AM,.0218
18.Max Battery,Dut,sendCommand,PASS,,Jun 28 2019 9:39:42.5840 AM,Jun 28 2019 9:39:42.8520 AM,.2679
18.Max Battery,Dut,sendCommand,PASS,,Jun 28 2019 9:39:42.8550 AM,Jun 28 2019 9:39:43.0440 AM,.189
18.Max Battery,batteryfunction,MaxBatteryTemperature,PASS,,Jun 28 2019 9:39:43.0470 AM,Jun 28 2019 9:39:43.0500 AM,.0021
18.Max Battery,batteryfunction,MaxBatteryPackVoltage,PASS,,Jun 28 2019 9:39:43.0520 AM,Jun 28 2019 9:39:43.0530 AM,.0007
18.Max Battery,batteryfunction,MinBatteryPackVoltage,PASS,,Jun 28 2019 9:39:43.0550 AM,Jun 28 2019 9:39:43.0550 AM,.0004
18.Max Battery,batteryfunction,MaxBatteryChgCurrent,PASS,,Jun 28 2019 9:39:43.0570 AM,Jun 28 2019 9:39:43.0580 AM,.0006
18.Max Battery,batteryfunction,MaxBatteryDsgCurrent,PASS,,Jun 28 2019 9:39:43.0600 AM,Jun 28 2019 9:39:43.0600 AM,.0005
18.Max Battery,batteryfunction,MaxBatteryOverChgCap,PASS,,Jun 28 2019 9:39:43.0620 AM,Jun 28 2019 9:39:43.0620 AM,.0004
19.iPad-1 CB Check,Dut,sendCommand,PASS,,Jun 28 2019 9:39:43.0670 AM,Jun 28 2019 9:39:43.0780 AM,.0109
20.DFU CB Check,Dut,sendCommand,PASS,,Jun 28 2019 9:39:43.0820 AM,Jun 28 2019 9:39:43.0930 AM,.0106
21.Read Scorpius SN,SFCSupport,getAttribute,PASS,,Jun 28 2019 9:39:43.0960 AM,Jun 28 2019 9:39:43.1060 AM,.0095
21.Read Scorpius SN,Dut,sendCommand,PASS,,Jun 28 2019 9:39:43.1090 AM,Jun 28 2019 9:39:43.1320 AM,.0226
21.Read Scorpius SN,Dut,sendCommand,PASS,,Jun 28 2019 9:39:43.1350 AM,Jun 28 2019 9:39:43.1520 AM,.0174
21.Read Scorpius SN,Dut,sendCommand,PASS,,Jun 28 2019 9:39:43.1550 AM,Jun 28 2019 9:39:43.1770 AM,.0215
21.Read Scorpius SN,Dut,sendCommand,PASS,,Jun 28 2019 9:39:43.1890 AM,Jun 28 2019 9:39:43.7720 AM,.583
26.Read_Ohio_SN,Dut,sendCommand,PASS,,Jun 28 2019 9:39:43.7870 AM,Jun 28 2019 9:39:43.9070 AM,.1199
26.Read_Ohio_SN,Dut,sendCommand,PASS,,Jun 28 2019 9:39:43.9080 AM,Jun 28 2019 9:39:45.7870 AM,1.8784
26.Read_Ohio_SN,Dut,sendCommand,PASS,,Jun 28 2019 9:39:45.7890 AM,Jun 28 2019 9:39:45.8020 AM,.0126
26.Read_Ohio_SN,Dut,sendCommand,PASS,,Jun 28 2019 9:39:45.8040 AM,Jun 28 2019 9:39:45.8190 AM,.0155
,Dut,close,PASS,,Jun 28 2019 9:39:45.8260 AM,Jun 28 2019 9:39:45.8280 AM,.0013
,UART1,open,PASS,,Jun 28 2019 9:39:45.8300 AM,Jun 28 2019 9:39:45.9250 AM,.095
,UART1,changeDelimiter,PASS,,Jun 28 2019 9:39:45.9280 AM,Jun 28 2019 9:39:45.9280 AM,.0001
,UART1,changeLineTerminator,PASS,,Jun 28 2019 9:39:45.9300 AM,Jun 28 2019 9:39:45.9300 AM,0
28.Jasper Test,UART1,sendCommand_1,PASS,,Jun 28 2019 9:39:45.9320 AM,Jun 28 2019 9:39:48.2530 AM,2.3206
,UART1,close,PASS,,Jun 28 2019 9:39:48.2570 AM,Jun 28 2019 9:39:48.2580 AM,.0013
,Dut,open,PASS,,Jun 28 2019 9:39:48.2610 AM,Jun 28 2019 9:39:48.2790 AM,.018
,Dut,read,ERROR,Timed out trying to read; ,Jun 28 2019 9:39:48.2810 AM,Jun 28 2019 9:39:48.4250 AM,.1435
39.Check_Jasper_Vendor,Dut,sendCommand,PASS,,Jun 28 2019 9:39:48.4500 AM,Jun 28 2019 9:39:48.5710 AM,.1217
39.Check_Jasper_Vendor,Dut,sendCommand,PASS,,Jun 28 2019 9:39:48.5730 AM,Jun 28 2019 9:39:50.4530 AM,1.8795
39.Check_Jasper_Vendor,Dut,sendCommand,PASS,,Jun 28 2019 9:39:50.4550 AM,Jun 28 2019 9:39:50.4670 AM,.0117
39.Check_Jasper_Vendor,Dut,sendCommand,PASS,,Jun 28 2019 9:39:50.4700 AM,Jun 28 2019 9:39:50.4830 AM,.0126
39.Check_Jasper_Vendor,Dut,sendCommand,PASS,,Jun 28 2019 9:39:50.4850 AM,Jun 28 2019 9:39:50.7320 AM,.2469
40.Adding Syscfg PRSq,Dut,sendCommand,PASS,,Jun 28 2019 9:39:50.7390 AM,Jun 28 2019 9:39:50.7620 AM,.0231
41.Compare Battery SN With SFC,Dut,sendCommand,PASS,,Jun 28 2019 9:39:50.7660 AM,Jun 28 2019 9:39:50.7980 AM,.0318
42.Burn Battery SN,Dut,sendCommand,PASS,,Jun 28 2019 9:39:50.8030 AM,Jun 28 2019 9:39:50.8510 AM,.0479
43.Get Battery SN,Dut,sendCommand,PASS,,Jun 28 2019 9:39:50.8550 AM,Jun 28 2019 9:39:50.8670 AM,.0124
44.Burn HW configuration,Dut,sendCommand,PASS,,Jun 28 2019 9:39:50.8720 AM,Jun 28 2019 9:39:50.8870 AM,.0156
45.Read Back HW Configuration,Dut,sendCommand,PASS,,Jun 28 2019 9:39:50.8920 AM,Jun 28 2019 9:39:50.9070 AM,.0155
46.Burn MPN,Dut,sendCommand,PASS,,Jun 28 2019 9:39:50.9120 AM,Jun 28 2019 9:39:50.9570 AM,.0453
47.Read Back MPN,Dut,sendCommand,PASS,,Jun 28 2019 9:39:50.9620 AM,Jun 28 2019 9:39:50.9770 AM,.0147
48.Burn Regn,Dut,sendCommand,PASS,,Jun 28 2019 9:39:50.9810 AM,Jun 28 2019 9:39:51.0260 AM,.0449
49.Read Back Regn,Dut,sendCommand,PASS,,Jun 28 2019 9:39:51.0300 AM,Jun 28 2019 9:39:51.0430 AM,.0131
50.Burn HS Color,Dut,sendCommand,PASS,,Jun 28 2019 9:39:51.0480 AM,Jun 28 2019 9:39:51.0960 AM,.0488
51.Read Back HS Color,Dut,sendCommand,PASS,,Jun 28 2019 9:39:51.1000 AM,Jun 28 2019 9:39:51.1170 AM,.0164
52.Burn CG Color,Dut,sendCommand,PASS,,Jun 28 2019 9:39:51.1220 AM,Jun 28 2019 9:39:51.1720 AM,.05
53.Read Back CG Color,Dut,sendCommand,PASS,,Jun 28 2019 9:39:51.1760 AM,Jun 28 2019 9:39:51.1920 AM,.016
54.NandSize Check Between Syscfg And Unit,Dut,sendCommand,PASS,,Jun 28 2019 9:39:51.1970 AM,Jun 28 2019 9:39:51.2080 AM,.011
54.NandSize Check Between Syscfg And Unit,Dut,sendCommand,PASS,,Jun 28 2019 9:39:51.2100 AM,Jun 28 2019 9:39:51.2270 AM,.0171
55.Read Back NANDID and NANDCS,Dut,sendCommand,PASS,,Jun 28 2019 9:39:51.2310 AM,Jun 28 2019 9:39:51.4930 AM,.2626
56.Burn Matrix and Special builds,Dut,sendCommand,PASS,,Jun 28 2019 9:39:51.5000 AM,Jun 28 2019 9:39:51.5210 AM,.0215
57.Read Back Matrix and Special Builds,Dut,sendCommand,PASS,,Jun 28 2019 9:39:51.5250 AM,Jun 28 2019 9:39:51.5370 AM,.0127
58.Read Back MLBSN And Check,Dut,sendCommand,PASS,,Jun 28 2019 9:39:51.5420 AM,Jun 28 2019 9:39:51.5570 AM,.0148
59.Default WMAC Address,Dut,sendCommand,PASS,,Jun 28 2019 9:39:51.5610 AM,Jun 28 2019 9:39:51.5800 AM,.019
59.Default WMAC Address,Dut,sendCommand,PASS,,Jun 28 2019 9:39:51.5820 AM,Jun 28 2019 9:39:51.6010 AM,.019
60.Default BMAC Address,Dut,sendCommand,PASS,,Jun 28 2019 9:39:51.6050 AM,Jun 28 2019 9:39:51.6250 AM,.0201
60.Default BMAC Address,Dut,sendCommand,PASS,,Jun 28 2019 9:39:51.6270 AM,Jun 28 2019 9:39:51.6460 AM,.0189
61.Check ACE FW version,Dut,sendCommand,PASS,,Jun 28 2019 9:39:51.6500 AM,Jun 28 2019 9:39:51.6610 AM,.0108
61.Check ACE FW version,Dut,sendCommand,PASS,,Jun 28 2019 9:39:51.6630 AM,Jun 28 2019 9:39:51.6810 AM,.0185
62.Check ACE OTP FW version,Dut,sendCommand,PASS,,Jun 28 2019 9:39:51.6850 AM,Jun 28 2019 9:39:51.7020 AM,.0165
62.Check ACE OTP FW version,Dut,sendCommand,PASS,,Jun 28 2019 9:39:51.7040 AM,Jun 28 2019 9:39:51.7670 AM,.0635
63.Check Redriver Voltage and I2C Communication,Dut,sendCommand,PASS,,Jun 28 2019 9:39:51.7710 AM,Jun 28 2019 9:39:51.7910 AM,.0197
63.Check Redriver Voltage and I2C Communication,Dut,sendCommand,PASS,,Jun 28 2019 9:39:51.7930 AM,Jun 28 2019 9:39:51.8120 AM,.0184
63.Check Redriver Voltage and I2C Communication,Dut,sendCommand,PASS,,Jun 28 2019 9:39:51.8130 AM,Jun 28 2019 9:39:51.8320 AM,.0186
63.Check Redriver Voltage and I2C Communication,Dut,sendCommand,PASS,,Jun 28 2019 9:39:51.8340 AM,Jun 28 2019 9:39:51.8520 AM,.0175
63.Check Redriver Voltage and I2C Communication,Dut,sendCommand,PASS,,Jun 28 2019 9:39:51.8530 AM,Jun 28 2019 9:39:51.8620 AM,.0084
63.Check Redriver Voltage and I2C Communication,Dut,sendCommand,PASS,,Jun 28 2019 9:39:51.8630 AM,Jun 28 2019 9:39:51.9160 AM,.053
63.Check Redriver Voltage and I2C Communication,Dut,sendCommand,PASS,,Jun 28 2019 9:39:51.9180 AM,Jun 28 2019 9:39:51.9320 AM,.0135
63.Check Redriver Voltage and I2C Communication,Dut,sendCommand,PASS,,Jun 28 2019 9:39:51.9350 AM,Jun 28 2019 9:39:51.9460 AM,.0113
63.Check Redriver Voltage and I2C Communication,Dut,sendCommand,PASS,,Jun 28 2019 9:39:51.9480 AM,Jun 28 2019 9:39:52.2570 AM,.3094
63.Check Redriver Voltage and I2C Communication,Dut,sendCommand,PASS,,Jun 28 2019 9:39:52.2600 AM,Jun 28 2019 9:39:52.2820 AM,.0215
63.Check Redriver Voltage and I2C Communication,Dut,sendCommand,PASS,,Jun 28 2019 9:39:52.2850 AM,Jun 28 2019 9:39:52.3370 AM,.0523
63.Check Redriver Voltage and I2C Communication,Dut,sendCommand,PASS,,Jun 28 2019 9:39:52.3400 AM,Jun 28 2019 9:39:52.3510 AM,.0118
63.Check Redriver Voltage and I2C Communication,Dut,sendCommand,PASS,,Jun 28 2019 9:39:52.3530 AM,Jun 28 2019 9:39:52.6620 AM,.3088
63.Check Redriver Voltage and I2C Communication,Dut,sendCommand,PASS,,Jun 28 2019 9:39:52.6640 AM,Jun 28 2019 9:39:52.6820 AM,.0178
63.Check Redriver Voltage and I2C Communication,Dut,sendCommand,PASS,,Jun 28 2019 9:39:52.6850 AM,Jun 28 2019 9:39:52.7380 AM,.053
63.Check Redriver Voltage and I2C Communication,Dut,sendCommand,PASS,,Jun 28 2019 9:39:52.7410 AM,Jun 28 2019 9:39:52.7520 AM,.0111
63.Check Redriver Voltage and I2C Communication,Dut,sendCommand,PASS,,Jun 28 2019 9:39:52.7550 AM,Jun 28 2019 9:39:53.0620 AM,.3073
63.Check Redriver Voltage and I2C Communication,Dut,sendCommand,PASS,,Jun 28 2019 9:39:53.0640 AM,Jun 28 2019 9:39:53.0820 AM,.0178
63.Check Redriver Voltage and I2C Communication,Dut,sendCommand,PASS,,Jun 28 2019 9:39:53.0850 AM,Jun 28 2019 9:39:53.1370 AM,.0522
63.Check Redriver Voltage and I2C Communication,Dut,sendCommand,PASS,,Jun 28 2019 9:39:53.1400 AM,Jun 28 2019 9:39:53.1520 AM,.0121
63.Check Redriver Voltage and I2C Communication,Dut,sendCommand,PASS,,Jun 28 2019 9:39:53.1550 AM,Jun 28 2019 9:39:53.4620 AM,.3065
63.Check Redriver Voltage and I2C Communication,Dut,sendCommand,PASS,,Jun 28 2019 9:39:53.4640 AM,Jun 28 2019 9:39:53.4820 AM,.0185
63.Check Redriver Voltage and I2C Communication,Dut,sendCommand,PASS,,Jun 28 2019 9:39:53.4860 AM,Jun 28 2019 9:39:53.5370 AM,.0517
63.Check Redriver Voltage and I2C Communication,Dut,sendCommand,PASS,,Jun 28 2019 9:39:53.5400 AM,Jun 28 2019 9:39:53.5510 AM,.0116
63.Check Redriver Voltage and I2C Communication,Dut,sendCommand,PASS,,Jun 28 2019 9:39:53.5530 AM,Jun 28 2019 9:39:53.8610 AM,.3083
63.Check Redriver Voltage and I2C Communication,Dut,sendCommand,PASS,,Jun 28 2019 9:39:53.8630 AM,Jun 28 2019 9:39:53.8820 AM,.019
63.Check Redriver Voltage and I2C Communication,Dut,sendCommand,PASS,,Jun 28 2019 9:39:53.8860 AM,Jun 28 2019 9:39:53.9370 AM,.0512
63.Check Redriver Voltage and I2C Communication,Dut,sendCommand,PASS,,Jun 28 2019 9:39:53.9390 AM,Jun 28 2019 9:39:53.9510 AM,.0122
63.Check Redriver Voltage and I2C Communication,Dut,sendCommand,PASS,,Jun 28 2019 9:39:53.9530 AM,Jun 28 2019 9:39:54.2620 AM,.3084
63.Check Redriver Voltage and I2C Communication,Dut,sendCommand,PASS,,Jun 28 2019 9:39:54.2630 AM,Jun 28 2019 9:39:54.2820 AM,.0189
63.Check Redriver Voltage and I2C Communication,Dut,sendCommand,PASS,,Jun 28 2019 9:39:54.2850 AM,Jun 28 2019 9:39:54.3370 AM,.0515
63.Check Redriver Voltage and I2C Communication,Dut,sendCommand,PASS,,Jun 28 2019 9:39:54.3390 AM,Jun 28 2019 9:39:54.3520 AM,.0123
63.Check Redriver Voltage and I2C Communication,Dut,sendCommand,PASS,,Jun 28 2019 9:39:54.3550 AM,Jun 28 2019 9:39:54.6620 AM,.3073
63.Check Redriver Voltage and I2C Communication,Dut,sendCommand,PASS,,Jun 28 2019 9:39:54.6650 AM,Jun 28 2019 9:39:54.6820 AM,.0172
63.Check Redriver Voltage and I2C Communication,Dut,sendCommand,PASS,,Jun 28 2019 9:39:54.6850 AM,Jun 28 2019 9:39:54.7370 AM,.0517
63.Check Redriver Voltage and I2C Communication,Dut,sendCommand,PASS,,Jun 28 2019 9:39:54.7400 AM,Jun 28 2019 9:39:54.7520 AM,.0119
63.Check Redriver Voltage and I2C Communication,Dut,sendCommand,PASS,,Jun 28 2019 9:39:54.7580 AM,Jun 28 2019 9:39:55.0670 AM,.3085
63.Check Redriver Voltage and I2C Communication,Dut,sendCommand,PASS,,Jun 28 2019 9:39:55.0690 AM,Jun 28 2019 9:39:55.0870 AM,.0185
63.Check Redriver Voltage and I2C Communication,Dut,sendCommand,PASS,,Jun 28 2019 9:39:55.0910 AM,Jun 28 2019 9:39:55.1420 AM,.0509
63.Check Redriver Voltage and I2C Communication,Dut,sendCommand,PASS,,Jun 28 2019 9:39:55.1440 AM,Jun 28 2019 9:39:55.1560 AM,.0122
63.Check Redriver Voltage and I2C Communication,Dut,sendCommand,PASS,,Jun 28 2019 9:39:55.1590 AM,Jun 28 2019 9:39:55.4660 AM,.3075
63.Check Redriver Voltage and I2C Communication,Dut,sendCommand,PASS,,Jun 28 2019 9:39:55.4690 AM,Jun 28 2019 9:39:55.4870 AM,.0181
63.Check Redriver Voltage and I2C Communication,Dut,sendCommand,PASS,,Jun 28 2019 9:39:55.4890 AM,Jun 28 2019 9:39:55.5420 AM,.0535
63.Check Redriver Voltage and I2C Communication,Dut,sendCommand,PASS,,Jun 28 2019 9:39:55.5440 AM,Jun 28 2019 9:39:55.5530 AM,.0084
63.Check Redriver Voltage and I2C Communication,Dut,sendCommand,PASS,,Jun 28 2019 9:39:55.5550 AM,Jun 28 2019 9:39:55.8630 AM,.3078
63.Check Redriver Voltage and I2C Communication,Dut,sendCommand,PASS,,Jun 28 2019 9:39:55.8650 AM,Jun 28 2019 9:39:55.8830 AM,.0185
63.Check Redriver Voltage and I2C Communication,Dut,sendCommand,PASS,,Jun 28 2019 9:39:55.8860 AM,Jun 28 2019 9:39:55.9380 AM,.0516
63.Check Redriver Voltage and I2C Communication,Dut,sendCommand,PASS,,Jun 28 2019 9:39:55.9400 AM,Jun 28 2019 9:39:55.9480 AM,.0082
63.Check Redriver Voltage and I2C Communication,Dut,sendCommand,PASS,,Jun 28 2019 9:39:55.9490 AM,Jun 28 2019 9:39:56.2580 AM,.3084
63.Check Redriver Voltage and I2C Communication,Dut,sendCommand,PASS,,Jun 28 2019 9:39:56.2600 AM,Jun 28 2019 9:39:56.2780 AM,.018
63.Check Redriver Voltage and I2C Communication,Dut,sendCommand,PASS,,Jun 28 2019 9:39:56.2810 AM,Jun 28 2019 9:39:56.3230 AM,.0415
63.Check Redriver Voltage and I2C Communication,Dut,sendCommand,PASS,,Jun 28 2019 9:39:56.3260 AM,Jun 28 2019 9:39:56.3370 AM,.0115
63.Check Redriver Voltage and I2C Communication,Dut,sendCommand,PASS,,Jun 28 2019 9:39:56.3390 AM,Jun 28 2019 9:39:56.6480 AM,.3092
64.HALL_C3 Flex_Miss Test_IRQ,rpcCall,RPCSendAndGet,PASS,,Jun 28 2019 9:39:56.6580 AM,Jun 28 2019 9:39:56.6800 AM,.0223
64.HALL_C3 Flex_Miss Test_IRQ,Dut,sendCommand,PASS,,Jun 28 2019 9:39:56.6820 AM,Jun 28 2019 9:39:59.7130 AM,3.0312
65.HALL_C3 Flex_Detect Test_IRQ,rpcCall,RPCSendAndGet,PASS,,Jun 28 2019 9:39:59.7190 AM,Jun 28 2019 9:39:59.7360 AM,.0176
65.HALL_C3 Flex_Detect Test_IRQ,Dut,sendCommand,PASS,,Jun 28 2019 9:39:59.7380 AM,Jun 28 2019 9:39:59.9780 AM,.2401
65.HALL_C3 Flex_Detect Test_IRQ,rpcCall,RPCSendAndGet,PASS,,Jun 28 2019 9:39:59.9800 AM,Jun 28 2019 9:40:00.0150 AM,.0347
66.Orion Contamination Test 4uA DATA_GND_150K (mV),Dut,sendCommand,PASS,,Jun 28 2019 9:40:00.0200 AM,Jun 28 2019 9:40:00.0480 AM,.0285
66.Orion Contamination Test 4uA DATA_GND_150K (mV),rpcCall,RPCSendAndGet,PASS,,Jun 28 2019 9:40:00.0510 AM,Jun 28 2019 9:40:01.8130 AM,1.7623
66.Orion Contamination Test 4uA DATA_GND_150K (mV),rpcCall,RPCSendAndGet,PASS,,Jun 28 2019 9:40:01.8160 AM,Jun 28 2019 9:40:01.8340 AM,.0188
66.Orion Contamination Test 4uA DATA_GND_150K (mV),rpcCall,RPCSendAndGet,PASS,,Jun 28 2019 9:40:01.8360 AM,Jun 28 2019 9:40:01.8550 AM,.0188
66.Orion Contamination Test 4uA DATA_GND_150K (mV),rpcCall,RPCSendAndGet,PASS,,Jun 28 2019 9:40:01.8570 AM,Jun 28 2019 9:40:01.9220 AM,.0646
66.Orion Contamination Test 4uA DATA_GND_150K (mV),rpcCall,RPCSendAndGet,PASS,,Jun 28 2019 9:40:01.9240 AM,Jun 28 2019 9:40:01.9880 AM,.0645
66.Orion Contamination Test 4uA DATA_GND_150K (mV),rpcCall,RPCSendAndGet,PASS,,Jun 28 2019 9:40:01.9900 AM,Jun 28 2019 9:40:02.0530 AM,.0634
66.Orion Contamination Test 4uA DATA_GND_150K (mV),Dut,sendCommand,PASS,,Jun 28 2019 9:40:02.9320 AM,Jun 28 2019 9:40:02.9490 AM,.017
66.Orion Contamination Test 4uA DATA_GND_150K (mV),Dut,sendCommand,PASS,,Jun 28 2019 9:40:02.9510 AM,Jun 28 2019 9:40:02.9690 AM,.0178
66.Orion Contamination Test 4uA DATA_GND_150K (mV),Dut,sendCommand,PASS,,Jun 28 2019 9:40:02.9720 AM,Jun 28 2019 9:40:02.9890 AM,.0166
66.Orion Contamination Test 4uA DATA_GND_150K (mV),Dut,sendCommand,PASS,,Jun 28 2019 9:40:02.9910 AM,Jun 28 2019 9:40:03.0090 AM,.0184
66.Orion Contamination Test 4uA DATA_GND_150K (mV),Dut,sendCommand,PASS,,Jun 28 2019 9:40:03.0120 AM,Jun 28 2019 9:40:03.0290 AM,.0169
66.Orion Contamination Test 4uA DATA_GND_150K (mV),Dut,sendCommand,PASS,,Jun 28 2019 9:40:03.0320 AM,Jun 28 2019 9:40:03.0490 AM,.0174
66.Orion Contamination Test 4uA DATA_GND_150K (mV),Dut,sendCommand,PASS,,Jun 28 2019 9:40:03.0520 AM,Jun 28 2019 9:40:03.0690 AM,.0171
66.Orion Contamination Test 4uA DATA_GND_150K (mV),Dut,sendCommand,PASS,,Jun 28 2019 9:40:03.0720 AM,Jun 28 2019 9:40:03.0900 AM,.0185
67.Orion Contamination Test 4uA DATA_PWR_150K (mV),rpcCall,RPCSendAndGet,PASS,,Jun 28 2019 9:40:03.0970 AM,Jun 28 2019 9:40:03.1440 AM,.0469
67.Orion Contamination Test 4uA DATA_PWR_150K (mV),rpcCall,RPCSendAndGet,PASS,,Jun 28 2019 9:40:03.1460 AM,Jun 28 2019 9:40:03.1630 AM,.0176
67.Orion Contamination Test 4uA DATA_PWR_150K (mV),rpcCall,RPCSendAndGet,PASS,,Jun 28 2019 9:40:03.1650 AM,Jun 28 2019 9:40:03.1860 AM,.0212
67.Orion Contamination Test 4uA DATA_PWR_150K (mV),Dut,sendCommand,PASS,,Jun 28 2019 9:40:03.1880 AM,Jun 28 2019 9:40:03.2080 AM,.0198
67.Orion Contamination Test 4uA DATA_PWR_150K (mV),Dut,sendCommand,PASS,,Jun 28 2019 9:40:03.2100 AM,Jun 28 2019 9:40:03.2280 AM,.0179
67.Orion Contamination Test 4uA DATA_PWR_150K (mV),Dut,sendCommand,PASS,,Jun 28 2019 9:40:03.2310 AM,Jun 28 2019 9:40:03.2490 AM,.0182
67.Orion Contamination Test 4uA DATA_PWR_150K (mV),Dut,sendCommand,PASS,,Jun 28 2019 9:40:03.2520 AM,Jun 28 2019 9:40:03.2680 AM,.0161
67.Orion Contamination Test 4uA DATA_PWR_150K (mV),Dut,sendCommand,PASS,,Jun 28 2019 9:40:03.2710 AM,Jun 28 2019 9:40:03.2890 AM,.0178
67.Orion Contamination Test 4uA DATA_PWR_150K (mV),Dut,sendCommand,PASS,,Jun 28 2019 9:40:03.2920 AM,Jun 28 2019 9:40:03.3090 AM,.017
67.Orion Contamination Test 4uA DATA_PWR_150K (mV),Dut,sendCommand,PASS,,Jun 28 2019 9:40:03.3110 AM,Jun 28 2019 9:40:03.3290 AM,.0174
67.Orion Contamination Test 4uA DATA_PWR_150K (mV),Dut,sendCommand,PASS,,Jun 28 2019 9:40:03.3320 AM,Jun 28 2019 9:40:03.3490 AM,.0175
67.Orion Contamination Test 4uA DATA_PWR_150K (mV),Dut,sendCommand,PASS,,Jun 28 2019 9:40:03.3520 AM,Jun 28 2019 9:40:03.3700 AM,.0185
68.Orion Contamination Test 4uA PWR_GND_150K (mV),rpcCall,RPCSendAndGet,PASS,,Jun 28 2019 9:40:03.3770 AM,Jun 28 2019 9:40:03.4050 AM,.0277
68.Orion Contamination Test 4uA PWR_GND_150K (mV),rpcCall,RPCSendAndGet,PASS,,Jun 28 2019 9:40:03.4070 AM,Jun 28 2019 9:40:03.4230 AM,.0161
68.Orion Contamination Test 4uA PWR_GND_150K (mV),rpcCall,RPCSendAndGet,PASS,,Jun 28 2019 9:40:03.4250 AM,Jun 28 2019 9:40:03.4890 AM,.0641
68.Orion Contamination Test 4uA PWR_GND_150K (mV),Dut,sendCommand,PASS,,Jun 28 2019 9:40:03.4910 AM,Jun 28 2019 9:40:03.5080 AM,.017
68.Orion Contamination Test 4uA PWR_GND_150K (mV),Dut,sendCommand,PASS,,Jun 28 2019 9:40:03.5100 AM,Jun 28 2019 9:40:03.5280 AM,.0185
68.Orion Contamination Test 4uA PWR_GND_150K (mV),Dut,sendCommand,PASS,,Jun 28 2019 9:40:03.5320 AM,Jun 28 2019 9:40:03.5480 AM,.0165
68.Orion Contamination Test 4uA PWR_GND_150K (mV),Dut,sendCommand,PASS,,Jun 28 2019 9:40:03.5510 AM,Jun 28 2019 9:40:03.5680 AM,.0172
68.Orion Contamination Test 4uA PWR_GND_150K (mV),Dut,sendCommand,PASS,,Jun 28 2019 9:40:03.5700 AM,Jun 28 2019 9:40:03.5880 AM,.0179
68.Orion Contamination Test 4uA PWR_GND_150K (mV),Dut,sendCommand,PASS,,Jun 28 2019 9:40:03.5900 AM,Jun 28 2019 9:40:03.6080 AM,.0181
68.Orion Contamination Test 4uA PWR_GND_150K (mV),Dut,sendCommand,PASS,,Jun 28 2019 9:40:04.6830 AM,Jun 28 2019 9:40:04.7040 AM,.0207
68.Orion Contamination Test 4uA PWR_GND_150K (mV),Dut,sendCommand,PASS,,Jun 28 2019 9:40:04.7060 AM,Jun 28 2019 9:40:04.7250 AM,.0186
69.Attach provider mode,rpcCall,RPCSendAndGet,PASS,,Jun 28 2019 9:40:04.7320 AM,Jun 28 2019 9:40:04.7490 AM,.0171
69.Attach provider mode,rpcCall,RPCSendAndGet,PASS,,Jun 28 2019 9:40:04.7510 AM,Jun 28 2019 9:40:04.7720 AM,.0214
69.Attach provider mode,rpcCall,RPCSendAndGet,PASS,,Jun 28 2019 9:40:04.7740 AM,Jun 28 2019 9:40:04.8350 AM,.0614
69.Attach provider mode,rpcCall,RPCSendAndGet,PASS,,Jun 28 2019 9:40:04.8370 AM,Jun 28 2019 9:40:04.9030 AM,.0659
69.Attach provider mode,rpcCall,RPCSendAndGet,PASS,,Jun 28 2019 9:40:04.9050 AM,Jun 28 2019 9:40:04.9710 AM,.0661
69.Attach provider mode,rpcCall,RPCSendAndGet,PASS,,Jun 28 2019 9:40:04.9730 AM,Jun 28 2019 9:40:06.0270 AM,1.0541
70.Orion output communications connection test,Dut,sendCommand,PASS,,Jun 28 2019 9:40:06.1570 AM,Jun 28 2019 9:40:06.1680 AM,.0113
70.Orion output communications connection test,Dut,sendCommand,PASS,,Jun 28 2019 9:40:06.1710 AM,Jun 28 2019 9:40:06.1830 AM,.0124
70.Orion output communications connection test,Dut,sendCommand,PASS,,Jun 28 2019 9:40:06.1860 AM,Jun 28 2019 9:40:06.2090 AM,.0225
70.Orion output communications connection test,Dut,sendCommand,PASS,,Jun 28 2019 9:40:06.2120 AM,Jun 28 2019 9:40:06.2280 AM,.0163
70.Orion output communications connection test,Dut,sendCommand,PASS,,Jun 28 2019 9:40:06.2300 AM,Jun 28 2019 9:40:06.2480 AM,.0179
70.Orion output communications connection test,Dut,sendCommand,PASS,,Jun 28 2019 9:40:06.2490 AM,Jun 28 2019 9:40:06.2680 AM,.0183
70.Orion output communications connection test,Dut,sendCommand,PASS,,Jun 28 2019 9:40:06.2700 AM,Jun 28 2019 9:40:06.2930 AM,.023
70.Orion output communications connection test,Dut,sendCommand,PASS,,Jun 28 2019 9:40:06.4140 AM,Jun 28 2019 9:40:06.4330 AM,.0185
71.Orion Output Bellatrix State Boost,Dut,sendCommand,PASS,,Jun 28 2019 9:40:06.4400 AM,Jun 28 2019 9:40:06.4480 AM,.009
71.Orion Output Bellatrix State Boost,Dut,sendCommand,PASS,,Jun 28 2019 9:40:06.4510 AM,Jun 28 2019 9:40:06.4630 AM,.0115
71.Orion Output Bellatrix State Boost,Dut,sendCommand,PASS,,Jun 28 2019 9:40:06.4660 AM,Jun 28 2019 9:40:06.4780 AM,.0121
71.Orion Output Bellatrix State Boost,Dut,sendCommand,PASS,,Jun 28 2019 9:40:06.4790 AM,Jun 28 2019 9:40:06.5030 AM,.0234
71.Orion Output Bellatrix State Boost,Dut,sendCommand,PASS,,Jun 28 2019 9:40:06.5050 AM,Jun 28 2019 9:40:06.5230 AM,.0182
71.Orion Output Bellatrix State Boost,Dut,sendCommand,PASS,,Jun 28 2019 9:40:06.5260 AM,Jun 28 2019 9:40:06.5430 AM,.0169
71.Orion Output Bellatrix State Boost,Dut,sendCommand,PASS,,Jun 28 2019 9:40:06.5450 AM,Jun 28 2019 9:40:06.5630 AM,.0177
71.Orion Output Bellatrix State Boost,Dut,sendCommand,PASS,,Jun 28 2019 9:40:06.5650 AM,Jun 28 2019 9:40:06.5880 AM,.0233
71.Orion Output Bellatrix State Boost,Dut,sendCommand,PASS,,Jun 28 2019 9:40:06.7150 AM,Jun 28 2019 9:40:06.7330 AM,.0183
71.Orion Output Bellatrix State Boost,Dut,sendCommand,PASS,,Jun 28 2019 9:40:06.7360 AM,Jun 28 2019 9:40:06.7480 AM,.0114
71.Orion Output Bellatrix State Boost,Dut,sendCommand,PASS,,Jun 28 2019 9:40:06.7510 AM,Jun 28 2019 9:40:06.7630 AM,.0121
71.Orion Output Bellatrix State Boost,Dut,sendCommand,PASS,,Jun 28 2019 9:40:06.7660 AM,Jun 28 2019 9:40:06.7780 AM,.0125
71.Orion Output Bellatrix State Boost,Dut,sendCommand,PASS,,Jun 28 2019 9:40:06.7800 AM,Jun 28 2019 9:40:06.8040 AM,.0234
71.Orion Output Bellatrix State Boost,Dut,sendCommand,PASS,,Jun 28 2019 9:40:06.8070 AM,Jun 28 2019 9:40:06.8240 AM,.017
71.Orion Output Bellatrix State Boost,Dut,sendCommand,PASS,,Jun 28 2019 9:40:06.8260 AM,Jun 28 2019 9:40:06.8440 AM,.0171
71.Orion Output Bellatrix State Boost,Dut,sendCommand,PASS,,Jun 28 2019 9:40:06.8470 AM,Jun 28 2019 9:40:06.8640 AM,.0171
71.Orion Output Bellatrix State Boost,Dut,sendCommand,PASS,,Jun 28 2019 9:40:06.8660 AM,Jun 28 2019 9:40:06.8890 AM,.0225
71.Orion Output Bellatrix State Boost,Dut,sendCommand,PASS,,Jun 28 2019 9:40:07.0150 AM,Jun 28 2019 9:40:07.0340 AM,.0184
71.Orion Output Bellatrix State Boost,Dut,sendCommand,PASS,,Jun 28 2019 9:40:07.0370 AM,Jun 28 2019 9:40:07.0530 AM,.0165
71.Orion Output Bellatrix State Boost,rpcCall,RPCSendAndGet,PASS,,Jun 28 2019 9:40:07.0560 AM,Jun 28 2019 9:40:07.0770 AM,.0203
72.Orion output 1000mA mode voltage w/o load - B,rpcCall,RPCSendAndGet,PASS,,Jun 28 2019 9:40:07.0820 AM,Jun 28 2019 9:40:07.1820 AM,.1006
72.Orion output 1000mA mode voltage w/o load - B,rpcCall,RPCSendAndGet,PASS,,Jun 28 2019 9:40:07.1840 AM,Jun 28 2019 9:40:07.9050 AM,.7206
73.Orion output 1000mA mode current - B,rpcCall,RPCSendAndGet,PASS,,Jun 28 2019 9:40:07.9090 AM,Jun 28 2019 9:40:07.9690 AM,.0599
73.Orion output 1000mA mode current - B,rpcCall,RPCSendAndGet,PASS,,Jun 28 2019 9:40:08.0200 AM,Jun 28 2019 9:40:08.0840 AM,.0639
73.Orion output 1000mA mode current - B,rpcCall,RPCSendAndGet,PASS,,Jun 28 2019 9:40:08.0860 AM,Jun 28 2019 9:40:08.8540 AM,.7684
74.Orion output 1000mA mode voltage w/ load - B,rpcCall,RPCSendAndGet,PASS,,Jun 28 2019 9:40:08.8600 AM,Jun 28 2019 9:40:08.9640 AM,.1045
74.Orion output 1000mA mode voltage w/ load - B,rpcCall,RPCSendAndGet,PASS,,Jun 28 2019 9:40:08.9660 AM,Jun 28 2019 9:40:09.6840 AM,.7181
75.Orion output 2000mA mode voltage w/o load - B,rpcCall,RPCSendAndGet,PASS,,Jun 28 2019 9:40:09.6900 AM,Jun 28 2019 9:40:09.7460 AM,.056
75.Orion output 2000mA mode voltage w/o load - B,rpcCall,RPCSendAndGet,PASS,,Jun 28 2019 9:40:09.7480 AM,Jun 28 2019 9:40:09.8560 AM,.1084
75.Orion output 2000mA mode voltage w/o load - B,rpcCall,RPCSendAndGet,PASS,,Jun 28 2019 9:40:09.8580 AM,Jun 28 2019 9:40:10.6220 AM,.7638
76.Orion output 2000mA mode current - B,rpcCall,RPCSendAndGet,PASS,,Jun 28 2019 9:40:10.6260 AM,Jun 28 2019 9:40:10.6860 AM,.06
76.Orion output 2000mA mode current - B,rpcCall,RPCSendAndGet,PASS,,Jun 28 2019 9:40:10.7380 AM,Jun 28 2019 9:40:10.7950 AM,.0573
76.Orion output 2000mA mode current - B,rpcCall,RPCSendAndGet,PASS,,Jun 28 2019 9:40:10.7970 AM,Jun 28 2019 9:40:11.5700 AM,.7726
77.Orion output 2000mA mode voltage w/ load - B,rpcCall,RPCSendAndGet,PASS,,Jun 28 2019 9:40:11.5740 AM,Jun 28 2019 9:40:11.6740 AM,.0994
77.Orion output 2000mA mode voltage w/ load - B,rpcCall,RPCSendAndGet,PASS,,Jun 28 2019 9:40:11.6760 AM,Jun 28 2019 9:40:12.3970 AM,.7209
78.Orion voltage drop with 2000mA - B,rpcCall,RPCSendAndGet,PASS,,Jun 28 2019 9:40:12.4010 AM,Jun 28 2019 9:40:12.4590 AM,.0578
79.Orion output 2000mA mode DCR - B,rpcCall,RPCSendAndGet,PASS,,Jun 28 2019 9:40:12.4660 AM,Jun 28 2019 9:40:12.5190 AM,.0534
80.Orion Bellatrix ADC temperature read,Dut,sendCommand,PASS,,Jun 28 2019 9:40:12.5230 AM,Jun 28 2019 9:40:12.5430 AM,.0195
80.Orion Bellatrix ADC temperature read,Dut,sendCommand,PASS,,Jun 28 2019 9:40:12.5450 AM,Jun 28 2019 9:40:12.5630 AM,.0179
80.Orion Bellatrix ADC temperature read,Dut,sendCommand,PASS,,Jun 28 2019 9:40:12.5650 AM,Jun 28 2019 9:40:12.5830 AM,.018
80.Orion Bellatrix ADC temperature read,Dut,sendCommand,PASS,,Jun 28 2019 9:40:12.5850 AM,Jun 28 2019 9:40:12.6030 AM,.0182
81.Orion Bellatrix ADC VP read Boost,Dut,sendCommand,PASS,,Jun 28 2019 9:40:12.6090 AM,Jun 28 2019 9:40:12.6330 AM,.0235
81.Orion Bellatrix ADC VP read Boost,Dut,sendCommand,PASS,,Jun 28 2019 9:40:12.6340 AM,Jun 28 2019 9:40:12.6520 AM,.0182
81.Orion Bellatrix ADC VP read Boost,Dut,sendCommand,PASS,,Jun 28 2019 9:40:12.6540 AM,Jun 28 2019 9:40:12.6730 AM,.0187
81.Orion Bellatrix ADC VP read Boost,Dut,sendCommand,PASS,,Jun 28 2019 9:40:12.6750 AM,Jun 28 2019 9:40:12.6930 AM,.0185
81.Orion Bellatrix ADC VP read Boost,Dut,sendCommand,PASS,,Jun 28 2019 9:40:12.6950 AM,Jun 28 2019 9:40:12.7130 AM,.0185
82.Orion output communications connection test,Dut,sendCommand,PASS,,Jun 28 2019 9:40:12.7190 AM,Jun 28 2019 9:40:12.7280 AM,.0094
82.Orion output communications connection test,Dut,sendCommand,PASS,,Jun 28 2019 9:40:12.7300 AM,Jun 28 2019 9:40:12.7430 AM,.0133
82.Orion output communications connection test,Dut,sendCommand,PASS,,Jun 28 2019 9:40:12.7460 AM,Jun 28 2019 9:40:12.7680 AM,.0222
82.Orion output communications connection test,Dut,sendCommand,PASS,,Jun 28 2019 9:40:12.7700 AM,Jun 28 2019 9:40:12.7880 AM,.0176
82.Orion output communications connection test,Dut,sendCommand,PASS,,Jun 28 2019 9:40:12.7900 AM,Jun 28 2019 9:40:12.8080 AM,.0178
82.Orion output communications connection test,Dut,sendCommand,PASS,,Jun 28 2019 9:40:12.8100 AM,Jun 28 2019 9:40:12.8270 AM,.0179
82.Orion output communications connection test,Dut,sendCommand,PASS,,Jun 28 2019 9:40:12.8290 AM,Jun 28 2019 9:40:12.8530 AM,.0234
82.Orion output communications connection test,Dut,sendCommand,PASS,,Jun 28 2019 9:40:12.9800 AM,Jun 28 2019 9:40:12.9990 AM,.0188
83.Orion output HS communcations connection test,Dut,sendCommand,PASS,,Jun 28 2019 9:40:13.0040 AM,Jun 28 2019 9:40:13.0230 AM,.0184
83.Orion output HS communcations connection test,Dut,sendCommand,PASS,,Jun 28 2019 9:40:13.0250 AM,Jun 28 2019 9:40:13.0380 AM,.0133
83.Orion output HS communcations connection test,rpcCall,RPCSendAndGet,PASS,,Jun 28 2019 9:40:13.0400 AM,Jun 28 2019 9:40:13.0590 AM,.0194
83.Orion output HS communcations connection test,rpcCall,RPCSendAndGet,PASS,,Jun 28 2019 9:40:13.0610 AM,Jun 28 2019 9:40:13.8780 AM,.8164
83.Orion output HS communcations connection test,rpcCall,RPCSendAndGet,PASS,,Jun 28 2019 9:40:13.8790 AM,Jun 28 2019 9:40:13.9400 AM,.061
83.Orion output HS communcations connection test,rpcCall,RPCSendAndGet,PASS,,Jun 28 2019 9:40:13.9420 AM,Jun 28 2019 9:40:14.9970 AM,1.0549
83.Orion output HS communcations connection test,Dut,sendCommand,PASS,,Jun 28 2019 9:40:15.0010 AM,Jun 28 2019 9:40:15.0140 AM,.0123
83.Orion output HS communcations connection test,Dut,sendCommand,PASS,,Jun 28 2019 9:40:15.0180 AM,Jun 28 2019 9:40:15.0340 AM,.0163
83.Orion output HS communcations connection test,Dut,sendCommand,PASS,,Jun 28 2019 9:40:15.0370 AM,Jun 28 2019 9:40:15.0480 AM,.0112
83.Orion output HS communcations connection test,Dut,sendCommand,PASS,,Jun 28 2019 9:40:15.0530 AM,Jun 28 2019 9:40:15.0730 AM,.0207
83.Orion output HS communcations connection test,Dut,changeDelimiter,PASS,,Jun 28 2019 9:40:15.0760 AM,Jun 28 2019 9:40:15.0760 AM,.0001
83.Orion output HS communcations connection test,Dut,sendCommand,PASS,,Jun 28 2019 9:40:15.0780 AM,Jun 28 2019 9:40:15.0930 AM,.0146
83.Orion output HS communcations connection test,Dut,changeDelimiter,PASS,,Jun 28 2019 9:40:15.0950 AM,Jun 28 2019 9:40:15.0950 AM,0
83.Orion output HS communcations connection test,Dut,changeLineTerminator,PASS,,Jun 28 2019 9:40:15.0980 AM,Jun 28 2019 9:40:15.0980 AM,0
83.Orion output HS communcations connection test,rpcCall,RPCSendAndGet,PASS,,Jun 28 2019 9:40:15.1000 AM,Jun 28 2019 9:40:16.1160 AM,1.0159
83.Orion output HS communcations connection test,Dut,syncCmdResp,PASS,,Jun 28 2019 9:40:19.1930 AM,Jun 28 2019 9:40:19.2030 AM,.0102
83.Orion output HS communcations connection test,Dut,sendCommand,PASS,,Jun 28 2019 9:40:19.2060 AM,Jun 28 2019 9:40:19.2190 AM,.0126
83.Orion output HS communcations connection test,Dut,sendCommand,PASS,,Jun 28 2019 9:40:19.2220 AM,Jun 28 2019 9:40:19.2340 AM,.0119
83.Orion output HS communcations connection test,Dut,sendCommand,PASS,,Jun 28 2019 9:40:19.2360 AM,Jun 28 2019 9:40:19.2780 AM,.0422
83.Orion output HS communcations connection test,Dut,sendCommand,PASS,,Jun 28 2019 9:40:19.2800 AM,Jun 28 2019 9:40:19.3230 AM,.0428
83.Orion output HS communcations connection test,Dut,sendCommand,PASS,,Jun 28 2019 9:40:19.3250 AM,Jun 28 2019 9:40:19.3330 AM,.0081
84.Orion Output Bellatrix State,rpcCall,RPCSendAndGet,PASS,,Jun 28 2019 9:40:19.3390 AM,Jun 28 2019 9:40:19.3690 AM,.0299
84.Orion Output Bellatrix State,rpcCall,RPCSendAndGet,PASS,,Jun 28 2019 9:40:19.3700 AM,Jun 28 2019 9:40:19.3760 AM,.0059
84.Orion Output Bellatrix State,rpcCall,RPCSendAndGet,PASS,,Jun 28 2019 9:40:19.3790 AM,Jun 28 2019 9:40:20.4310 AM,1.0526
84.Orion Output Bellatrix State,Dut,sendCommand,PASS,,Jun 28 2019 9:40:20.5550 AM,Jun 28 2019 9:40:20.5790 AM,.024
84.Orion Output Bellatrix State,Dut,sendCommand,PASS,,Jun 28 2019 9:40:20.7050 AM,Jun 28 2019 9:40:20.7230 AM,.0185
85.Orion output communications test 330pF,rpcCall,RPCSendAndGet,PASS,,Jun 28 2019 9:40:20.7290 AM,Jun 28 2019 9:40:20.7820 AM,.0533
85.Orion output communications test 330pF,rpcCall,RPCSendAndGet,PASS,,Jun 28 2019 9:40:20.7840 AM,Jun 28 2019 9:40:20.8420 AM,.0582
85.Orion output communications test 330pF,Dut,sendCommand,PASS,,Jun 28 2019 9:40:20.8440 AM,Jun 28 2019 9:40:20.8530 AM,.0088
85.Orion output communications test 330pF,Dut,sendCommand,PASS,,Jun 28 2019 9:40:20.8550 AM,Jun 28 2019 9:40:20.8680 AM,.0128
85.Orion output communications test 330pF,Dut,sendCommand,PASS,,Jun 28 2019 9:40:20.8690 AM,Jun 28 2019 9:40:20.8930 AM,.0234
85.Orion output communications test 330pF,Dut,sendCommand,PASS,,Jun 28 2019 9:40:20.8940 AM,Jun 28 2019 9:40:20.9130 AM,.0188
85.Orion output communications test 330pF,Dut,sendCommand,PASS,,Jun 28 2019 9:40:20.9160 AM,Jun 28 2019 9:40:20.9340 AM,.0179
85.Orion output communications test 330pF,Dut,sendCommand,PASS,,Jun 28 2019 9:40:20.9370 AM,Jun 28 2019 9:40:20.9530 AM,.0169
85.Orion output communications test 330pF,Dut,sendCommand,PASS,,Jun 28 2019 9:40:20.9560 AM,Jun 28 2019 9:40:20.9780 AM,.0221
85.Orion output communications test 330pF,Dut,sendCommand,PASS,,Jun 28 2019 9:40:21.1050 AM,Jun 28 2019 9:40:21.1240 AM,.0186
85.Orion output communications test 330pF,Dut,sendCommand,PASS,,Jun 28 2019 9:40:21.1270 AM,Jun 28 2019 9:40:21.1380 AM,.0118
85.Orion output communications test 330pF,Dut,sendCommand,PASS,,Jun 28 2019 9:40:21.1410 AM,Jun 28 2019 9:40:21.1530 AM,.0126
85.Orion output communications test 330pF,Dut,sendCommand,PASS,,Jun 28 2019 9:40:21.1560 AM,Jun 28 2019 9:40:21.1790 AM,.023
85.Orion output communications test 330pF,Dut,sendCommand,PASS,,Jun 28 2019 9:40:21.1820 AM,Jun 28 2019 9:40:21.1980 AM,.0165
85.Orion output communications test 330pF,Dut,sendCommand,PASS,,Jun 28 2019 9:40:21.2000 AM,Jun 28 2019 9:40:21.2190 AM,.0184
85.Orion output communications test 330pF,Dut,sendCommand,PASS,,Jun 28 2019 9:40:21.2220 AM,Jun 28 2019 9:40:21.2390 AM,.0173
85.Orion output communications test 330pF,Dut,sendCommand,PASS,,Jun 28 2019 9:40:21.2420 AM,Jun 28 2019 9:40:21.2640 AM,.0221
85.Orion output communications test 330pF,Dut,sendCommand,PASS,,Jun 28 2019 9:40:21.3890 AM,Jun 28 2019 9:40:21.4080 AM,.0192
86.Orion output HS communications test 330pF,Dut,sendCommand,PASS,,Jun 28 2019 9:40:21.4140 AM,Jun 28 2019 9:40:21.4330 AM,.019
86.Orion output HS communications test 330pF,Dut,sendCommand,PASS,,Jun 28 2019 9:40:21.4350 AM,Jun 28 2019 9:40:21.4480 AM,.0136
86.Orion output HS communications test 330pF,rpcCall,RPCSendAndGet,PASS,,Jun 28 2019 9:40:21.4500 AM,Jun 28 2019 9:40:21.4860 AM,.0361
86.Orion output HS communications test 330pF,rpcCall,RPCSendAndGet,PASS,,Jun 28 2019 9:40:21.4880 AM,Jun 28 2019 9:40:22.2930 AM,.8041
86.Orion output HS communications test 330pF,rpcCall,RPCSendAndGet,PASS,,Jun 28 2019 9:40:22.2940 AM,Jun 28 2019 9:40:22.3580 AM,.064
86.Orion output HS communications test 330pF,rpcCall,RPCSendAndGet,PASS,,Jun 28 2019 9:40:22.3600 AM,Jun 28 2019 9:40:23.3650 AM,1.0048
86.Orion output HS communications test 330pF,Dut,sendCommand,PASS,,Jun 28 2019 9:40:23.3670 AM,Jun 28 2019 9:40:23.3790 AM,.0117
86.Orion output HS communications test 330pF,Dut,sendCommand,PASS,,Jun 28 2019 9:40:23.3810 AM,Jun 28 2019 9:40:23.3940 AM,.0126
86.Orion output HS communications test 330pF,Dut,sendCommand,PASS,,Jun 28 2019 9:40:23.3960 AM,Jun 28 2019 9:40:23.4040 AM,.0078
86.Orion output HS communications test 330pF,Dut,sendCommand,PASS,,Jun 28 2019 9:40:23.4060 AM,Jun 28 2019 9:40:23.4280 AM,.0225
86.Orion output HS communications test 330pF,Dut,changeDelimiter,PASS,,Jun 28 2019 9:40:23.4310 AM,Jun 28 2019 9:40:23.4310 AM,0
86.Orion output HS communications test 330pF,Dut,sendCommand,PASS,,Jun 28 2019 9:40:23.4330 AM,Jun 28 2019 9:40:23.4490 AM,.0157
86.Orion output HS communications test 330pF,Dut,changeDelimiter,PASS,,Jun 28 2019 9:40:23.4520 AM,Jun 28 2019 9:40:23.4520 AM,0
86.Orion output HS communications test 330pF,Dut,changeLineTerminator,PASS,,Jun 28 2019 9:40:23.4540 AM,Jun 28 2019 9:40:23.4540 AM,0
86.Orion output HS communications test 330pF,rpcCall,RPCSendAndGet,PASS,,Jun 28 2019 9:40:23.4560 AM,Jun 28 2019 9:40:24.4680 AM,1.0126
86.Orion output HS communications test 330pF,Dut,syncCmdResp,PASS,,Jun 28 2019 9:40:27.5400 AM,Jun 28 2019 9:40:27.5480 AM,.008
86.Orion output HS communications test 330pF,Dut,sendCommand,PASS,,Jun 28 2019 9:40:27.5510 AM,Jun 28 2019 9:40:27.5640 AM,.0131
86.Orion output HS communications test 330pF,Dut,sendCommand,PASS,,Jun 28 2019 9:40:27.5660 AM,Jun 28 2019 9:40:27.5790 AM,.0127
86.Orion output HS communications test 330pF,Dut,sendCommand,PASS,,Jun 28 2019 9:40:27.5820 AM,Jun 28 2019 9:40:27.6240 AM,.042
86.Orion output HS communications test 330pF,Dut,sendCommand,PASS,,Jun 28 2019 9:40:27.6270 AM,Jun 28 2019 9:40:27.6690 AM,.0423
86.Orion output HS communications test 330pF,Dut,sendCommand,PASS,,Jun 28 2019 9:40:27.6710 AM,Jun 28 2019 9:40:27.6830 AM,.0115
87.Orion Output Bellatrix State3,rpcCall,RPCSendAndGet,PASS,,Jun 28 2019 9:40:27.6900 AM,Jun 28 2019 9:40:27.7380 AM,.0483
87.Orion Output Bellatrix State3,rpcCall,RPCSendAndGet,PASS,,Jun 28 2019 9:40:27.7400 AM,Jun 28 2019 9:40:27.7950 AM,.0555
87.Orion Output Bellatrix State3,rpcCall,RPCSendAndGet,PASS,,Jun 28 2019 9:40:27.7970 AM,Jun 28 2019 9:40:28.8020 AM,1.0046
87.Orion Output Bellatrix State3,Dut,sendCommand,PASS,,Jun 28 2019 9:40:28.9220 AM,Jun 28 2019 9:40:28.9440 AM,.0222
87.Orion Output Bellatrix State3,Dut,sendCommand,PASS,,Jun 28 2019 9:40:28.9470 AM,Jun 28 2019 9:40:28.9640 AM,.0171
88.Attach consumer mode,rpcCall,RPCSendAndGet,PASS,,Jun 28 2019 9:40:28.9680 AM,Jun 28 2019 9:40:29.0190 AM,.0505
88.Attach consumer mode,rpcCall,RPCSendAndGet,PASS,,Jun 28 2019 9:40:29.0210 AM,Jun 28 2019 9:40:29.0800 AM,.0587
88.Attach consumer mode,rpcCall,RPCSendAndGet,PASS,,Jun 28 2019 9:40:29.0810 AM,Jun 28 2019 9:40:29.1390 AM,.0578
88.Attach consumer mode,rpcCall,RPCSendAndGet,PASS,,Jun 28 2019 9:40:29.1410 AM,Jun 28 2019 9:40:29.1560 AM,.0148
88.Attach consumer mode,rpcCall,RPCSendAndGet,PASS,,Jun 28 2019 9:40:29.1580 AM,Jun 28 2019 9:40:29.1690 AM,.0114
88.Attach consumer mode,rpcCall,RPCSendAndGet,PASS,,Jun 28 2019 9:40:29.1710 AM,Jun 28 2019 9:40:29.1850 AM,.0141
88.Attach consumer mode,rpcCall,RPCSendAndGet,PASS,,Jun 28 2019 9:40:29.1870 AM,Jun 28 2019 9:40:29.2000 AM,.013
88.Attach consumer mode,rpcCall,RPCSendAndGet,PASS,,Jun 28 2019 9:40:29.2020 AM,Jun 28 2019 9:40:30.2600 AM,1.0583
89.Orion input communications connection test,Dut,sendCommand,PASS,,Jun 28 2019 9:40:30.3850 AM,Jun 28 2019 9:40:30.3980 AM,.0129
89.Orion input communications connection test,Dut,sendCommand,PASS,,Jun 28 2019 9:40:30.4000 AM,Jun 28 2019 9:40:30.4140 AM,.0139
89.Orion input communications connection test,Dut,sendCommand,PASS,,Jun 28 2019 9:40:30.4170 AM,Jun 28 2019 9:40:30.4400 AM,.0232
89.Orion input communications connection test,Dut,sendCommand,PASS,,Jun 28 2019 9:40:30.4430 AM,Jun 28 2019 9:40:30.4600 AM,.0166
89.Orion input communications connection test,Dut,sendCommand,PASS,,Jun 28 2019 9:40:30.4620 AM,Jun 28 2019 9:40:30.4790 AM,.0171
89.Orion input communications connection test,Dut,sendCommand,PASS,,Jun 28 2019 9:40:30.4810 AM,Jun 28 2019 9:40:30.4990 AM,.0179
89.Orion input communications connection test,Dut,sendCommand,PASS,,Jun 28 2019 9:40:30.5010 AM,Jun 28 2019 9:40:30.5240 AM,.0233
89.Orion input communications connection test,Dut,sendCommand,PASS,,Jun 28 2019 9:40:30.6520 AM,Jun 28 2019 9:40:30.6700 AM,.0182
"90.Orion Input mode voltage w/o Charge(mV)[4000,6000]",rpcCall,RPCSendAndGet,PASS,,Jun 28 2019 9:40:30.6770 AM,Jun 28 2019 9:40:30.7770 AM,.0996
"90.Orion Input mode voltage w/o Charge(mV)[4000,6000]",rpcCall,RPCSendAndGet,PASS,,Jun 28 2019 9:40:30.7780 AM,Jun 28 2019 9:40:31.5510 AM,.7722
"90.Orion Input mode voltage w/o Charge(mV)[4000,6000]",Dut,sendCommand,PASS,,Jun 28 2019 9:40:31.6730 AM,Jun 28 2019 9:40:31.6910 AM,.0176
91.Orion Input Bellatrix State,Dut,sendCommand,PASS,,Jun 28 2019 9:40:31.6960 AM,Jun 28 2019 9:40:31.7200 AM,.0246
91.Orion Input Bellatrix State,Dut,sendCommand,PASS,,Jun 28 2019 9:40:31.7230 AM,Jun 28 2019 9:40:31.7420 AM,.0183
92.Orion @5V Input mode current,Dut,sendCommand,PASS,,Jun 28 2019 9:40:31.7480 AM,Jun 28 2019 9:40:31.7600 AM,.0123
92.Orion @5V Input mode current,Dut,sendCommand,PASS,,Jun 28 2019 9:40:31.7620 AM,Jun 28 2019 9:40:31.7900 AM,.0273
92.Orion @5V Input mode current,Dut,sendCommand,PASS,,Jun 28 2019 9:40:31.7910 AM,Jun 28 2019 9:40:31.9210 AM,.1293
92.Orion @5V Input mode current,rpcCall,RPCSendAndGet,PASS,,Jun 28 2019 9:40:31.9230 AM,Jun 28 2019 9:40:32.0250 AM,.1015
92.Orion @5V Input mode current,rpcCall,RPCSendAndGet,PASS,,Jun 28 2019 9:40:32.0270 AM,Jun 28 2019 9:40:32.7880 AM,.7617
"93.Orion Input Mode Voltage w/o Charger(mV)[8000,10000]",Dut,sendCommand,PASS,,Jun 28 2019 9:40:32.7920 AM,Jun 28 2019 9:40:32.9260 AM,.1335
"93.Orion Input Mode Voltage w/o Charger(mV)[8000,10000]",Dut,sendCommand,PASS,,Jun 28 2019 9:40:32.9290 AM,Jun 28 2019 9:40:32.9450 AM,.0158
"93.Orion Input Mode Voltage w/o Charger(mV)[8000,10000]",Dut,sendCommand,PASS,,Jun 28 2019 9:40:32.9460 AM,Jun 28 2019 9:40:32.9700 AM,.0233
"93.Orion Input Mode Voltage w/o Charger(mV)[8000,10000]",rpcCall,RPCSendAndGet,PASS,,Jun 28 2019 9:40:32.9720 AM,Jun 28 2019 9:40:33.0100 AM,.0383
"93.Orion Input Mode Voltage w/o Charger(mV)[8000,10000]",rpcCall,RPCSendAndGet,PASS,,Jun 28 2019 9:40:33.0120 AM,Jun 28 2019 9:40:33.1190 AM,.1079
"93.Orion Input Mode Voltage w/o Charger(mV)[8000,10000]",rpcCall,RPCSendAndGet,PASS,,Jun 28 2019 9:40:33.1210 AM,Jun 28 2019 9:40:33.8800 AM,.7587
94.Orion @9V Input mode current,Dut,sendCommand,PASS,,Jun 28 2019 9:40:33.8870 AM,Jun 28 2019 9:40:33.9020 AM,.0149
94.Orion @9V Input mode current,rpcCall,RPCSendAndGet,PASS,,Jun 28 2019 9:40:33.9050 AM,Jun 28 2019 9:40:33.9920 AM,.0872
94.Orion @9V Input mode current,rpcCall,RPCSendAndGet,PASS,,Jun 28 2019 9:40:33.9950 AM,Jun 28 2019 9:40:34.7580 AM,.7633
94.Orion @9V Input mode current,Dut,sendCommand,PASS,,Jun 28 2019 9:40:34.8840 AM,Jun 28 2019 9:40:35.0160 AM,.1312
95.Orion Bellatrix ADC ACCPWR read,Dut,sendCommand,PASS,,Jun 28 2019 9:40:35.0210 AM,Jun 28 2019 9:40:35.0400 AM,.0188
95.Orion Bellatrix ADC ACCPWR read,Dut,sendCommand,PASS,,Jun 28 2019 9:40:35.0420 AM,Jun 28 2019 9:40:35.0600 AM,.0186
95.Orion Bellatrix ADC ACCPWR read,Dut,sendCommand,PASS,,Jun 28 2019 9:40:35.0620 AM,Jun 28 2019 9:40:35.0800 AM,.0184
96.Orion Bellatrix Ext VBUS read,Dut,sendCommand,PASS,,Jun 28 2019 9:40:35.0860 AM,Jun 28 2019 9:40:35.1050 AM,.0192
96.Orion Bellatrix Ext VBUS read,Dut,sendCommand,PASS,,Jun 28 2019 9:40:35.1070 AM,Jun 28 2019 9:40:35.1270 AM,.0198
96.Orion Bellatrix Ext VBUS read,Dut,sendCommand,PASS,,Jun 28 2019 9:40:35.1290 AM,Jun 28 2019 9:40:35.1460 AM,.0175
97.Bellatrix HW reset,Dut,sendCommand,PASS,,Jun 28 2019 9:40:35.1510 AM,Jun 28 2019 9:40:35.1600 AM,.009
97.Bellatrix HW reset,Dut,sendCommand,PASS,,Jun 28 2019 9:40:35.1620 AM,Jun 28 2019 9:40:35.1750 AM,.0128
97.Bellatrix HW reset,Dut,sendCommand,PASS,,Jun 28 2019 9:40:35.1770 AM,Jun 28 2019 9:40:35.2000 AM,.023
97.Bellatrix HW reset,Dut,sendCommand,PASS,,Jun 28 2019 9:40:35.2010 AM,Jun 28 2019 9:40:35.2200 AM,.0183
97.Bellatrix HW reset,Dut,sendCommand,PASS,,Jun 28 2019 9:40:35.2210 AM,Jun 28 2019 9:40:35.2400 AM,.0185
97.Bellatrix HW reset,Dut,sendCommand,PASS,,Jun 28 2019 9:40:35.2420 AM,Jun 28 2019 9:40:35.2600 AM,.018
97.Bellatrix HW reset,Dut,sendCommand,PASS,,Jun 28 2019 9:40:35.2620 AM,Jun 28 2019 9:40:35.2850 AM,.0233
97.Bellatrix HW reset,Dut,sendCommand,PASS,,Jun 28 2019 9:40:35.2870 AM,Jun 28 2019 9:40:35.3050 AM,.0178
98.Orion input HS communications connection test,Dut,sendCommand,PASS,,Jun 28 2019 9:40:35.3090 AM,Jun 28 2019 9:40:35.3260 AM,.0169
98.Orion input HS communications connection test,Dut,sendCommand,PASS,,Jun 28 2019 9:40:35.3290 AM,Jun 28 2019 9:40:35.3450 AM,.016
98.Orion input HS communications connection test,rpcCall,RPCSendAndGet,PASS,,Jun 28 2019 9:40:35.3470 AM,Jun 28 2019 9:40:35.3600 AM,.0137
98.Orion input HS communications connection test,rpcCall,RPCSendAndGet,PASS,,Jun 28 2019 9:40:35.3620 AM,Jun 28 2019 9:40:36.1800 AM,.818
98.Orion input HS communications connection test,rpcCall,RPCSendAndGet,PASS,,Jun 28 2019 9:40:36.1820 AM,Jun 28 2019 9:40:36.1940 AM,.0116
98.Orion input HS communications connection test,rpcCall,RPCSendAndGet,PASS,,Jun 28 2019 9:40:36.1950 AM,Jun 28 2019 9:40:37.2490 AM,1.0538
98.Orion input HS communications connection test,Dut,sendCommand,PASS,,Jun 28 2019 9:40:37.2510 AM,Jun 28 2019 9:40:37.2660 AM,.0146
98.Orion input HS communications connection test,Dut,sendCommand,PASS,,Jun 28 2019 9:40:37.2680 AM,Jun 28 2019 9:40:37.2810 AM,.0136
98.Orion input HS communications connection test,Dut,sendCommand,PASS,,Jun 28 2019 9:40:37.2840 AM,Jun 28 2019 9:40:37.2950 AM,.0112
98.Orion input HS communications connection test,Dut,sendCommand,PASS,,Jun 28 2019 9:40:37.2970 AM,Jun 28 2019 9:40:37.3210 AM,.0233
98.Orion input HS communications connection test,Dut,changeDelimiter,PASS,,Jun 28 2019 9:40:37.3230 AM,Jun 28 2019 9:40:37.3230 AM,0
98.Orion input HS communications connection test,Dut,sendCommand,PASS,,Jun 28 2019 9:40:37.3250 AM,Jun 28 2019 9:40:37.3400 AM,.015
98.Orion input HS communications connection test,Dut,changeDelimiter,PASS,,Jun 28 2019 9:40:37.3430 AM,Jun 28 2019 9:40:37.3430 AM,0
98.Orion input HS communications connection test,Dut,changeLineTerminator,PASS,,Jun 28 2019 9:40:37.3450 AM,Jun 28 2019 9:40:37.3450 AM,0
98.Orion input HS communications connection test,rpcCall,RPCSendAndGet,PASS,,Jun 28 2019 9:40:37.3470 AM,Jun 28 2019 9:40:38.3600 AM,1.0128
98.Orion input HS communications connection test,Dut,syncCmdResp,PASS,,Jun 28 2019 9:40:41.4300 AM,Jun 28 2019 9:40:41.4410 AM,.0111
98.Orion input HS communications connection test,Dut,sendCommand,PASS,,Jun 28 2019 9:40:41.4440 AM,Jun 28 2019 9:40:41.4570 AM,.0126
98.Orion input HS communications connection test,Dut,sendCommand,PASS,,Jun 28 2019 9:40:41.4590 AM,Jun 28 2019 9:40:41.4710 AM,.012
98.Orion input HS communications connection test,Dut,sendCommand,PASS,,Jun 28 2019 9:40:41.4740 AM,Jun 28 2019 9:40:41.5160 AM,.042
98.Orion input HS communications connection test,Dut,sendCommand,PASS,,Jun 28 2019 9:40:41.5190 AM,Jun 28 2019 9:40:41.5610 AM,.0421
98.Orion input HS communications connection test,Dut,sendCommand,PASS,,Jun 28 2019 9:40:41.5640 AM,Jun 28 2019 9:40:41.5750 AM,.0114
99.Transition from HSAID to AID Mode,rpcCall,RPCSendAndGet,PASS,,Jun 28 2019 9:40:41.5830 AM,Jun 28 2019 9:40:41.6460 AM,.0629
99.Transition from HSAID to AID Mode,rpcCall,RPCSendAndGet,PASS,,Jun 28 2019 9:40:41.6470 AM,Jun 28 2019 9:40:41.6550 AM,.0071
99.Transition from HSAID to AID Mode,rpcCall,RPCSendAndGet,PASS,,Jun 28 2019 9:40:41.6560 AM,Jun 28 2019 9:40:42.7090 AM,1.0528
99.Transition from HSAID to AID Mode,Dut,sendCommand,PASS,,Jun 28 2019 9:40:42.8360 AM,Jun 28 2019 9:40:42.8510 AM,.0142
99.Transition from HSAID to AID Mode,Dut,sendCommand,PASS,,Jun 28 2019 9:40:42.8530 AM,Jun 28 2019 9:40:42.8650 AM,.0125
99.Transition from HSAID to AID Mode,Dut,sendCommand,PASS,,Jun 28 2019 9:40:42.8670 AM,Jun 28 2019 9:40:42.8910 AM,.0233
99.Transition from HSAID to AID Mode,Dut,sendCommand,PASS,,Jun 28 2019 9:40:42.8930 AM,Jun 28 2019 9:40:42.9110 AM,.0178
99.Transition from HSAID to AID Mode,Dut,sendCommand,PASS,,Jun 28 2019 9:40:42.9140 AM,Jun 28 2019 9:40:42.9310 AM,.0171
99.Transition from HSAID to AID Mode,Dut,sendCommand,PASS,,Jun 28 2019 9:40:42.9340 AM,Jun 28 2019 9:40:42.9510 AM,.0171
99.Transition from HSAID to AID Mode,Dut,sendCommand,PASS,,Jun 28 2019 9:40:42.9540 AM,Jun 28 2019 9:40:42.9760 AM,.0221
99.Transition from HSAID to AID Mode,Dut,sendCommand,PASS,,Jun 28 2019 9:40:42.9780 AM,Jun 28 2019 9:40:42.9960 AM,.0179
100.Orion input communications test 330pF,rpcCall,RPCSendAndGet,PASS,,Jun 28 2019 9:40:43.0020 AM,Jun 28 2019 9:40:43.0300 AM,.0274
100.Orion input communications test 330pF,rpcCall,RPCSendAndGet,PASS,,Jun 28 2019 9:40:43.0320 AM,Jun 28 2019 9:40:43.0910 AM,.0589
100.Orion input communications test 330pF,Dut,sendCommand,PASS,,Jun 28 2019 9:40:43.0920 AM,Jun 28 2019 9:40:43.1050 AM,.0128
100.Orion input communications test 330pF,Dut,sendCommand,PASS,,Jun 28 2019 9:40:43.1080 AM,Jun 28 2019 9:40:43.1200 AM,.0118
100.Orion input communications test 330pF,Dut,sendCommand,PASS,,Jun 28 2019 9:40:43.1220 AM,Jun 28 2019 9:40:43.1450 AM,.0231
100.Orion input communications test 330pF,Dut,sendCommand,PASS,,Jun 28 2019 9:40:43.1470 AM,Jun 28 2019 9:40:43.1650 AM,.0183
100.Orion input communications test 330pF,Dut,sendCommand,PASS,,Jun 28 2019 9:40:43.1670 AM,Jun 28 2019 9:40:43.1850 AM,.0189
100.Orion input communications test 330pF,Dut,sendCommand,PASS,,Jun 28 2019 9:40:43.1870 AM,Jun 28 2019 9:40:43.2060 AM,.0184
100.Orion input communications test 330pF,Dut,sendCommand,PASS,,Jun 28 2019 9:40:43.2070 AM,Jun 28 2019 9:40:43.2300 AM,.0229
100.Orion input communications test 330pF,Dut,sendCommand,PASS,,Jun 28 2019 9:40:43.2320 AM,Jun 28 2019 9:40:43.2500 AM,.0178
101.Orion input HS communications test 330pF,Dut,sendCommand,PASS,,Jun 28 2019 9:40:43.2560 AM,Jun 28 2019 9:40:43.2750 AM,.0189
101.Orion input HS communications test 330pF,Dut,sendCommand,PASS,,Jun 28 2019 9:40:43.2770 AM,Jun 28 2019 9:40:43.2910 AM,.014
101.Orion input HS communications test 330pF,rpcCall,RPCSendAndGet,PASS,,Jun 28 2019 9:40:43.2920 AM,Jun 28 2019 9:40:43.3230 AM,.0306
101.Orion input HS communications test 330pF,rpcCall,RPCSendAndGet,PASS,,Jun 28 2019 9:40:43.3250 AM,Jun 28 2019 9:40:44.1210 AM,.7959
101.Orion input HS communications test 330pF,rpcCall,RPCSendAndGet,PASS,,Jun 28 2019 9:40:44.1220 AM,Jun 28 2019 9:40:44.1870 AM,.065
101.Orion input HS communications test 330pF,rpcCall,RPCSendAndGet,PASS,,Jun 28 2019 9:40:44.1890 AM,Jun 28 2019 9:40:45.2430 AM,1.0535
101.Orion input HS communications test 330pF,Dut,sendCommand,PASS,,Jun 28 2019 9:40:45.2440 AM,Jun 28 2019 9:40:45.2560 AM,.012
101.Orion input HS communications test 330pF,Dut,sendCommand,PASS,,Jun 28 2019 9:40:45.2590 AM,Jun 28 2019 9:40:45.2710 AM,.0122
101.Orion input HS communications test 330pF,Dut,sendCommand,PASS,,Jun 28 2019 9:40:45.2740 AM,Jun 28 2019 9:40:45.2860 AM,.0114
101.Orion input HS communications test 330pF,Dut,sendCommand,PASS,,Jun 28 2019 9:40:45.2880 AM,Jun 28 2019 9:40:45.3110 AM,.0223
101.Orion input HS communications test 330pF,Dut,changeDelimiter,PASS,,Jun 28 2019 9:40:45.3140 AM,Jun 28 2019 9:40:45.3140 AM,0
101.Orion input HS communications test 330pF,Dut,sendCommand,PASS,,Jun 28 2019 9:40:45.3160 AM,Jun 28 2019 9:40:45.3310 AM,.0151
101.Orion input HS communications test 330pF,Dut,changeDelimiter,PASS,,Jun 28 2019 9:40:45.3340 AM,Jun 28 2019 9:40:45.3340 AM,0
101.Orion input HS communications test 330pF,Dut,changeLineTerminator,PASS,,Jun 28 2019 9:40:45.3360 AM,Jun 28 2019 9:40:45.3360 AM,0
101.Orion input HS communications test 330pF,rpcCall,RPCSendAndGet,PASS,,Jun 28 2019 9:40:45.3380 AM,Jun 28 2019 9:40:46.3610 AM,1.0229
101.Orion input HS communications test 330pF,Dut,syncCmdResp,PASS,,Jun 28 2019 9:40:49.4360 AM,Jun 28 2019 9:40:49.4450 AM,.0095
101.Orion input HS communications test 330pF,Dut,sendCommand,PASS,,Jun 28 2019 9:40:49.4470 AM,Jun 28 2019 9:40:49.4600 AM,.0135
101.Orion input HS communications test 330pF,Dut,sendCommand,PASS,,Jun 28 2019 9:40:49.4620 AM,Jun 28 2019 9:40:49.4750 AM,.0129
101.Orion input HS communications test 330pF,Dut,sendCommand,PASS,,Jun 28 2019 9:40:49.4770 AM,Jun 28 2019 9:40:49.5170 AM,.0403
101.Orion input HS communications test 330pF,Dut,sendCommand,PASS,,Jun 28 2019 9:40:49.5200 AM,Jun 28 2019 9:40:49.5610 AM,.0417
101.Orion input HS communications test 330pF,Dut,sendCommand,PASS,,Jun 28 2019 9:40:49.5640 AM,Jun 28 2019 9:40:49.5760 AM,.0123
102.Orion Input Bellatrix State2,rpcCall,RPCSendAndGet,PASS,,Jun 28 2019 9:40:49.5830 AM,Jun 28 2019 9:40:49.6240 AM,.0409
102.Orion Input Bellatrix State2,rpcCall,RPCSendAndGet,PASS,,Jun 28 2019 9:40:49.6260 AM,Jun 28 2019 9:40:49.7410 AM,.1153
102.Orion Input Bellatrix State2,rpcCall,RPCSendAndGet,PASS,,Jun 28 2019 9:40:49.7430 AM,Jun 28 2019 9:40:50.8000 AM,1.0568
102.Orion Input Bellatrix State2,Dut,sendCommand,PASS,,Jun 28 2019 9:40:50.9270 AM,Jun 28 2019 9:40:50.9510 AM,.0235
102.Orion Input Bellatrix State2,Dut,sendCommand,PASS,,Jun 28 2019 9:40:50.9540 AM,Jun 28 2019 9:40:50.9710 AM,.0175
102.Orion Input Bellatrix State2,Dut,sendCommand,PASS,,Jun 28 2019 9:40:50.9750 AM,Jun 28 2019 9:40:51.1110 AM,.1356
102.Orion Input Bellatrix State2,rpcCall,RPCSendAndGet,PASS,,Jun 28 2019 9:40:51.1140 AM,Jun 28 2019 9:40:51.1470 AM,.0336
102.Orion Input Bellatrix State2,rpcCall,RPCSendAndGet,PASS,,Jun 28 2019 9:40:51.1490 AM,Jun 28 2019 9:40:51.2080 AM,.059
102.Orion Input Bellatrix State2,rpcCall,RPCSendAndGet,PASS,,Jun 28 2019 9:40:51.2100 AM,Jun 28 2019 9:40:51.2700 AM,.0601
103.Stop the OAB3F FW,rpcCall,RPCSendAndGet,PASS,,Jun 28 2019 9:40:51.2750 AM,Jun 28 2019 9:40:51.3290 AM,.0542
104.Reset MCU,Dut,sendCommand,PASS,,Jun 28 2019 9:40:51.3320 AM,Jun 28 2019 9:40:51.3450 AM,.0128
104.Reset MCU,Dut,sendCommand,PASS,,Jun 28 2019 9:40:51.3470 AM,Jun 28 2019 9:40:51.8970 AM,.5499
104.Reset MCU,Dut,sendCommand,PASS,,Jun 28 2019 9:40:51.9110 AM,Jun 28 2019 9:40:51.9210 AM,.0102
105.Check TX MCU FW,Dut,sendCommand,PASS,,Jun 28 2019 9:40:51.9240 AM,Jun 28 2019 9:40:51.9360 AM,.0119
105.Check TX MCU FW,Dut,sendCommand,PASS,,Jun 28 2019 9:40:51.9390 AM,Jun 28 2019 9:40:52.5210 AM,.5823
106.Tx HW ID Check,Dut,sendCommand,PASS,,Jun 28 2019 9:40:52.5280 AM,Jun 28 2019 9:40:53.1220 AM,.5943
106.Tx HW ID Check,Dut,sendCommand,PASS,,Jun 28 2019 9:40:53.1250 AM,Jun 28 2019 9:40:53.7090 AM,.5839
107.Flex Connectivity Check,Dut,sendCommand,PASS,,Jun 28 2019 9:40:53.7140 AM,Jun 28 2019 9:40:54.2730 AM,.5589
108.GPIO_KONA_S_TO_SCORPIUS_TIME_SYNC,Dut,sendCommand,PASS,,Jun 28 2019 9:40:54.2780 AM,Jun 28 2019 9:40:54.8580 AM,.5804
108.GPIO_KONA_S_TO_SCORPIUS_TIME_SYNC,Dut,sendCommand,PASS,,Jun 28 2019 9:40:54.8640 AM,Jun 28 2019 9:40:54.8770 AM,.0131
108.GPIO_KONA_S_TO_SCORPIUS_TIME_SYNC,Dut,sendCommand,PASS,,Jun 28 2019 9:40:54.8800 AM,Jun 28 2019 9:40:55.4580 AM,.5781
108.GPIO_KONA_S_TO_SCORPIUS_TIME_SYNC,Dut,sendCommand,PASS,,Jun 28 2019 9:40:55.4640 AM,Jun 28 2019 9:40:55.4780 AM,.0138
110.GPIO_BT_TO_SCORPIUS_TX_IND,Dut,sendCommand,PASS,,Jun 28 2019 9:40:55.4860 AM,Jun 28 2019 9:40:55.4980 AM,.0124
110.GPIO_BT_TO_SCORPIUS_TX_IND,Dut,sendCommand,PASS,,Jun 28 2019 9:40:55.5010 AM,Jun 28 2019 9:40:55.5180 AM,.0171
110.GPIO_BT_TO_SCORPIUS_TX_IND,Dut,sendCommand,PASS,,Jun 28 2019 9:40:55.5210 AM,Jun 28 2019 9:40:56.0990 AM,.578
110.GPIO_BT_TO_SCORPIUS_TX_IND,Dut,sendCommand,PASS,,Jun 28 2019 9:40:56.1040 AM,Jun 28 2019 9:40:56.1330 AM,.0286
110.GPIO_BT_TO_SCORPIUS_TX_IND,Dut,sendCommand,PASS,,Jun 28 2019 9:40:56.1350 AM,Jun 28 2019 9:40:56.1730 AM,.0376
110.GPIO_BT_TO_SCORPIUS_TX_IND,Dut,sendCommand,PASS,,Jun 28 2019 9:40:56.1760 AM,Jun 28 2019 9:40:56.7540 AM,.5781
110.GPIO_BT_TO_SCORPIUS_TX_IND,Dut,sendCommand,PASS,,Jun 28 2019 9:40:56.7590 AM,Jun 28 2019 9:40:56.7930 AM,.0342
110.GPIO_BT_TO_SCORPIUS_TX_IND,Dut,sendCommand,PASS,,Jun 28 2019 9:40:56.7960 AM,Jun 28 2019 9:40:56.8330 AM,.0371
111.GPIO_WLAN_TO_SCORPIUS_TX_IND,Dut,sendCommand,PASS,,Jun 28 2019 9:40:56.8390 AM,Jun 28 2019 9:40:57.4190 AM,.5799
111.GPIO_WLAN_TO_SCORPIUS_TX_IND,Dut,sendCommand,PASS,,Jun 28 2019 9:40:57.4240 AM,Jun 28 2019 9:40:57.4330 AM,.0094
111.GPIO_WLAN_TO_SCORPIUS_TX_IND,Dut,sendCommand,PASS,,Jun 28 2019 9:40:57.4360 AM,Jun 28 2019 9:40:57.4480 AM,.012
111.GPIO_WLAN_TO_SCORPIUS_TX_IND,Dut,sendCommand,PASS,,Jun 28 2019 9:40:57.4510 AM,Jun 28 2019 9:40:57.4630 AM,.0122
111.GPIO_WLAN_TO_SCORPIUS_TX_IND,Dut,sendCommand,PASS,,Jun 28 2019 9:40:57.4660 AM,Jun 28 2019 9:40:57.4780 AM,.012
111.GPIO_WLAN_TO_SCORPIUS_TX_IND,Dut,sendCommand,PASS,,Jun 28 2019 9:40:57.4810 AM,Jun 28 2019 9:40:58.0580 AM,.5778
111.GPIO_WLAN_TO_SCORPIUS_TX_IND,Dut,sendCommand,PASS,,Jun 28 2019 9:40:58.0630 AM,Jun 28 2019 9:40:58.0730 AM,.0097
112.GPIO_SCORPIUS_TO_AOP_IRQ,Dut,sendCommand,PASS,,Jun 28 2019 9:40:58.0770 AM,Jun 28 2019 9:40:58.6340 AM,.5565
112.GPIO_SCORPIUS_TO_AOP_IRQ,Dut,sendCommand,PASS,,Jun 28 2019 9:40:58.6370 AM,Jun 28 2019 9:40:58.6480 AM,.0118
112.GPIO_SCORPIUS_TO_AOP_IRQ,Dut,sendCommand,PASS,,Jun 28 2019 9:40:58.6520 AM,Jun 28 2019 9:40:59.2090 AM,.5565
112.GPIO_SCORPIUS_TO_AOP_IRQ,Dut,sendCommand,PASS,,Jun 28 2019 9:40:59.2120 AM,Jun 28 2019 9:40:59.2230 AM,.0116
112.GPIO_SCORPIUS_TO_AOP_IRQ,Dut,sendCommand,PASS,,Jun 28 2019 9:40:59.2270 AM,Jun 28 2019 9:40:59.7830 AM,.5558
112.GPIO_SCORPIUS_TO_AOP_IRQ,Dut,sendCommand,PASS,,Jun 28 2019 9:40:59.7850 AM,Jun 28 2019 9:40:59.7980 AM,.0125
113.Calibrate LPP free-air parameters,Dut,sendCommand,PASS,,Jun 28 2019 9:40:59.8020 AM,Jun 28 2019 9:41:00.3630 AM,.5602
113.Calibrate LPP free-air parameters,Dut,sendCommand,PASS,,Jun 28 2019 9:41:00.3650 AM,Jun 28 2019 9:41:00.9180 AM,.5536
114.LPP free-air calibrated float frequency,Dut,sendCommand,PASS,,Jun 28 2019 9:41:01.0100 AM,Jun 28 2019 9:41:01.6180 AM,.6078
117.Set LPP free-air NVRAM entry ID,Dut,sendCommand,PASS,,Jun 28 2019 9:41:01.6500 AM,Jun 28 2019 9:41:02.2070 AM,.5575
118.Write calibration data into NVRAM,Dut,sendCommand,PASS,,Jun 28 2019 9:41:02.3600 AM,Jun 28 2019 9:41:02.9640 AM,.6045
119.Scorpius DAC Vboost Calibration,Dut,sendCommand,PASS,,Jun 28 2019 9:41:03.2530 AM,Jun 28 2019 9:41:03.8150 AM,.5612
119.Scorpius DAC Vboost Calibration,Dut,sendCommand,PASS,,Jun 28 2019 9:41:03.8170 AM,Jun 28 2019 9:41:04.3800 AM,.5623
119.Scorpius DAC Vboost Calibration,Dut,sendCommand,PASS,,Jun 28 2019 9:41:04.3820 AM,Jun 28 2019 9:41:04.9450 AM,.5631
119.Scorpius DAC Vboost Calibration,Dut,sendCommand,PASS,,Jun 28 2019 9:41:05.0830 AM,Jun 28 2019 9:41:05.6450 AM,.5616
119.Scorpius DAC Vboost Calibration,Dut,sendCommand,PASS,,Jun 28 2019 9:41:05.6470 AM,Jun 28 2019 9:41:06.2300 AM,.5823
119.Scorpius DAC Vboost Calibration,Dut,sendCommand,PASS,,Jun 28 2019 9:41:06.2330 AM,Jun 28 2019 9:41:06.2440 AM,.0114
119.Scorpius DAC Vboost Calibration,Dut,sendCommand,PASS,,Jun 28 2019 9:41:06.2470 AM,Jun 28 2019 9:41:06.7940 AM,.5469
119.Scorpius DAC Vboost Calibration,Dut,sendCommand,PASS,,Jun 28 2019 9:41:06.8070 AM,Jun 28 2019 9:41:06.8190 AM,.012
119.Scorpius DAC Vboost Calibration,Dut,sendCommand,PASS,,Jun 28 2019 9:41:06.8220 AM,Jun 28 2019 9:41:07.3800 AM,.5583
119.Scorpius DAC Vboost Calibration,Dut,sendCommand,PASS,,Jun 28 2019 9:41:07.3830 AM,Jun 28 2019 9:41:07.9490 AM,.5666
119.Scorpius DAC Vboost Calibration,Dut,sendCommand,PASS,,Jun 28 2019 9:41:07.9520 AM,Jun 28 2019 9:41:08.5100 AM,.5573
119.Scorpius DAC Vboost Calibration,Dut,sendCommand,PASS,,Jun 28 2019 9:41:08.5120 AM,Jun 28 2019 9:41:09.0700 AM,.5576
119.Scorpius DAC Vboost Calibration,Dut,sendCommand,PASS,,Jun 28 2019 9:41:09.0720 AM,Jun 28 2019 9:41:11.5840 AM,2.5116
119.Scorpius DAC Vboost Calibration,Dut,sendCommand,PASS,,Jun 28 2019 9:41:11.5860 AM,Jun 28 2019 9:41:12.2300 AM,.6437
119.Scorpius DAC Vboost Calibration,Dut,sendCommand,PASS,,Jun 28 2019 9:41:12.2340 AM,Jun 28 2019 9:41:12.7900 AM,.556
119.Scorpius DAC Vboost Calibration,Dut,sendCommand,PASS,,Jun 28 2019 9:41:12.7930 AM,Jun 28 2019 9:41:13.3500 AM,.5569
119.Scorpius DAC Vboost Calibration,Dut,sendCommand,PASS,,Jun 28 2019 9:41:13.3530 AM,Jun 28 2019 9:41:15.8640 AM,2.5114
119.Scorpius DAC Vboost Calibration,Dut,sendCommand,PASS,,Jun 28 2019 9:41:15.8670 AM,Jun 28 2019 9:41:16.5100 AM,.6427
119.Scorpius DAC Vboost Calibration,Dut,sendCommand,PASS,,Jun 28 2019 9:41:16.5150 AM,Jun 28 2019 9:41:17.0750 AM,.5606
119.Scorpius DAC Vboost Calibration,Dut,sendCommand,PASS,,Jun 28 2019 9:41:17.0780 AM,Jun 28 2019 9:41:17.6550 AM,.5773
119.Scorpius DAC Vboost Calibration,Dut,sendCommand,PASS,,Jun 28 2019 9:41:17.6580 AM,Jun 28 2019 9:41:18.2450 AM,.5873
119.Scorpius DAC Vboost Calibration,Dut,sendCommand,PASS,,Jun 28 2019 9:41:18.3800 AM,Jun 28 2019 9:41:18.9350 AM,.5555
119.Scorpius DAC Vboost Calibration,Dut,sendCommand,PASS,,Jun 28 2019 9:41:18.9380 AM,Jun 28 2019 9:41:19.4950 AM,.5569
119.Scorpius DAC Vboost Calibration,Dut,sendCommand,PASS,,Jun 28 2019 9:41:19.4980 AM,Jun 28 2019 9:41:22.0090 AM,2.5118
119.Scorpius DAC Vboost Calibration,Dut,sendCommand,PASS,,Jun 28 2019 9:41:22.0120 AM,Jun 28 2019 9:41:22.6550 AM,.6431
119.Scorpius DAC Vboost Calibration,Dut,sendCommand,PASS,,Jun 28 2019 9:41:22.6600 AM,Jun 28 2019 9:41:23.2150 AM,.5556
119.Scorpius DAC Vboost Calibration,Dut,sendCommand,PASS,,Jun 28 2019 9:41:23.2180 AM,Jun 28 2019 9:41:23.7750 AM,.5569
119.Scorpius DAC Vboost Calibration,Dut,sendCommand,PASS,,Jun 28 2019 9:41:23.7780 AM,Jun 28 2019 9:41:26.2890 AM,2.5115
119.Scorpius DAC Vboost Calibration,Dut,sendCommand,PASS,,Jun 28 2019 9:41:26.2920 AM,Jun 28 2019 9:41:26.9350 AM,.6431
126.NTC Read-back Check (degC),Dut,sendCommand,PASS,,Jun 28 2019 9:41:26.9540 AM,Jun 28 2019 9:41:27.5150 AM,.561
126.NTC Read-back Check (degC),Dut,sendCommand,PASS,,Jun 28 2019 9:41:27.5190 AM,Jun 28 2019 9:41:28.0750 AM,.5565
126.NTC Read-back Check (degC),Dut,sendCommand,PASS,,Jun 28 2019 9:41:30.1450 AM,Jun 28 2019 9:41:30.7850 AM,.6402
127.Reset MCU,Dut,sendCommand,PASS,,Jun 28 2019 9:41:30.7930 AM,Jun 28 2019 9:41:30.8040 AM,.0113
127.Reset MCU,Dut,sendCommand,PASS,,Jun 28 2019 9:41:30.8060 AM,Jun 28 2019 9:41:31.3520 AM,.5464
127.Reset MCU,Dut,sendCommand,PASS,,Jun 28 2019 9:41:31.3680 AM,Jun 28 2019 9:41:31.3820 AM,.0136
128.Critical Cal Error Check,Dut,sendCommand,PASS,,Jun 28 2019 9:41:31.3870 AM,Jun 28 2019 9:41:31.9420 AM,.5555
128.Critical Cal Error Check,Dut,sendCommand,PASS,,Jun 28 2019 9:41:33.0180 AM,Jun 28 2019 9:41:33.6020 AM,.5841
129.Fixture press buttons of UUT,rpcCall,RPCSendAndGet,PASS,,Jun 28 2019 9:41:33.6190 AM,Jun 28 2019 9:41:34.4210 AM,.8013
129.Fixture press buttons of UUT,rpcCall,RPCSendAndGet,PASS,,Jun 28 2019 9:41:34.9900 AM,Jun 28 2019 9:41:35.0080 AM,.0181
129.Fixture press buttons of UUT,rpcCall,RPCSendAndGet,PASS,,Jun 28 2019 9:41:35.0110 AM,Jun 28 2019 9:41:35.4540 AM,.4433
129.Fixture press buttons of UUT,rpcCall,RPCSendAndGet,PASS,,Jun 28 2019 9:41:35.7310 AM,Jun 28 2019 9:41:36.2310 AM,.5005
129.Fixture press buttons of UUT,rpcCall,RPCSendAndGet,PASS,,Jun 28 2019 9:41:36.8020 AM,Jun 28 2019 9:41:36.8180 AM,.0159
129.Fixture press buttons of UUT,rpcCall,RPCSendAndGet,PASS,,Jun 28 2019 9:41:36.8200 AM,Jun 28 2019 9:41:37.1520 AM,.3316
129.Fixture press buttons of UUT,rpcCall,RPCSendAndGet,PASS,,Jun 28 2019 9:41:37.4220 AM,Jun 28 2019 9:41:38.0250 AM,.6025
129.Fixture press buttons of UUT,rpcCall,RPCSendAndGet,PASS,,Jun 28 2019 9:41:38.5940 AM,Jun 28 2019 9:41:38.6150 AM,.0216
129.Fixture press buttons of UUT,Dut,sendCommand,PASS,,Jun 28 2019 9:41:33.6180 AM,Jun 28 2019 9:41:38.8610 AM,5.2429
129.Fixture press buttons of UUT,rpcCall,RPCSendAndGet,PASS,,Jun 28 2019 9:41:38.6180 AM,Jun 28 2019 9:41:38.9680 AM,.3505
133.Check Borris Boost OTP version,Dut,sendCommand,PASS,,Jun 28 2019 9:41:39.2600 AM,Jun 28 2019 9:41:39.7060 AM,.4457
133.Check Borris Boost OTP version,Dut,sendCommand,PASS,,Jun 28 2019 9:41:39.7080 AM,Jun 28 2019 9:41:39.7210 AM,.0135
133.Check Borris Boost OTP version,Dut,sendCommand,PASS,,Jun 28 2019 9:41:39.7230 AM,Jun 28 2019 9:41:39.7360 AM,.0133
133.Check Borris Boost OTP version,Dut,sendCommand,PASS,,Jun 28 2019 9:41:39.7380 AM,Jun 28 2019 9:41:39.7510 AM,.0132
133.Check Borris Boost OTP version,Dut,sendCommand,PASS,,Jun 28 2019 9:41:39.7540 AM,Jun 28 2019 9:41:39.7660 AM,.0128
133.Check Borris Boost OTP version,Dut,sendCommand,PASS,,Jun 28 2019 9:41:39.7710 AM,Jun 28 2019 9:41:39.7860 AM,.0148
133.Check Borris Boost OTP version,Dut,sendCommand,PASS,,Jun 28 2019 9:41:39.7880 AM,Jun 28 2019 9:41:39.8010 AM,.0129
133.Check Borris Boost OTP version,Dut,sendCommand,PASS,,Jun 28 2019 9:41:39.8030 AM,Jun 28 2019 9:41:39.8160 AM,.0133
133.Check Borris Boost OTP version,Dut,sendCommand,PASS,,Jun 28 2019 9:41:39.8190 AM,Jun 28 2019 9:41:39.8360 AM,.0174
133.Check Borris Boost OTP version,Dut,sendCommand,PASS,,Jun 28 2019 9:41:39.8380 AM,Jun 28 2019 9:41:39.8520 AM,.0136
133.Check Borris Boost OTP version,Dut,sendCommand,PASS,,Jun 28 2019 9:41:39.8540 AM,Jun 28 2019 9:41:39.8670 AM,.0137
134.8xSPK_CN_L_T VMON_CH0_FFT Peak Magnitude,Dut,sendCommand,PASS,,Jun 28 2019 9:41:39.8730 AM,Jun 28 2019 9:41:39.8860 AM,.0135
134.8xSPK_CN_L_T VMON_CH0_FFT Peak Magnitude,Dut,sendCommand,PASS,,Jun 28 2019 9:41:39.8890 AM,Jun 28 2019 9:41:39.9210 AM,.0325
134.8xSPK_CN_L_T VMON_CH0_FFT Peak Magnitude,Dut,sendCommand,PASS,,Jun 28 2019 9:41:39.9230 AM,Jun 28 2019 9:41:39.9860 AM,.0633
134.8xSPK_CN_L_T VMON_CH0_FFT Peak Magnitude,Dut,sendCommand,PASS,,Jun 28 2019 9:41:39.9880 AM,Jun 28 2019 9:41:40.0010 AM,.0133
134.8xSPK_CN_L_T VMON_CH0_FFT Peak Magnitude,Dut,sendCommand,PASS,,Jun 28 2019 9:41:40.0030 AM,Jun 28 2019 9:41:40.0170 AM,.014
134.8xSPK_CN_L_T VMON_CH0_FFT Peak Magnitude,Dut,sendCommand,PASS,,Jun 28 2019 9:41:40.0200 AM,Jun 28 2019 9:41:40.0320 AM,.0119
134.8xSPK_CN_L_T VMON_CH0_FFT Peak Magnitude,Dut,sendCommand,PASS,,Jun 28 2019 9:41:40.0340 AM,Jun 28 2019 9:41:40.0470 AM,.0132
134.8xSPK_CN_L_T VMON_CH0_FFT Peak Magnitude,Dut,sendCommand,PASS,,Jun 28 2019 9:41:40.0500 AM,Jun 28 2019 9:41:40.0610 AM,.0113
134.8xSPK_CN_L_T VMON_CH0_FFT Peak Magnitude,Dut,sendCommand,PASS,,Jun 28 2019 9:41:40.0630 AM,Jun 28 2019 9:41:40.0760 AM,.0131
134.8xSPK_CN_L_T VMON_CH0_FFT Peak Magnitude,Dut,sendCommand,PASS,,Jun 28 2019 9:41:40.0780 AM,Jun 28 2019 9:41:40.0910 AM,.0132
134.8xSPK_CN_L_T VMON_CH0_FFT Peak Magnitude,Dut,sendCommand,PASS,,Jun 28 2019 9:41:40.0930 AM,Jun 28 2019 9:41:40.1060 AM,.0133
134.8xSPK_CN_L_T VMON_CH0_FFT Peak Magnitude,Dut,sendCommand,PASS,,Jun 28 2019 9:41:40.1080 AM,Jun 28 2019 9:41:40.1270 AM,.0192
134.8xSPK_CN_L_T VMON_CH0_FFT Peak Magnitude,Dut,sendCommand,PASS,,Jun 28 2019 9:41:40.1290 AM,Jun 28 2019 9:41:40.1530 AM,.0231
134.8xSPK_CN_L_T VMON_CH0_FFT Peak Magnitude,Dut,sendCommand,PASS,,Jun 28 2019 9:41:40.1550 AM,Jun 28 2019 9:41:40.1780 AM,.0234
134.8xSPK_CN_L_T VMON_CH0_FFT Peak Magnitude,Dut,sendCommand,PASS,,Jun 28 2019 9:41:40.1810 AM,Jun 28 2019 9:41:40.2030 AM,.0217
134.8xSPK_CN_L_T VMON_CH0_FFT Peak Magnitude,Dut,sendCommand,PASS,,Jun 28 2019 9:41:40.2060 AM,Jun 28 2019 9:41:40.2280 AM,.0222
134.8xSPK_CN_L_T VMON_CH0_FFT Peak Magnitude,Dut,sendCommand,PASS,,Jun 28 2019 9:41:40.2300 AM,Jun 28 2019 9:41:40.2530 AM,.0227
134.8xSPK_CN_L_T VMON_CH0_FFT Peak Magnitude,Dut,sendCommand,PASS,,Jun 28 2019 9:41:40.2560 AM,Jun 28 2019 9:41:40.2780 AM,.022
134.8xSPK_CN_L_T VMON_CH0_FFT Peak Magnitude,Dut,sendCommand,PASS,,Jun 28 2019 9:41:40.2810 AM,Jun 28 2019 9:41:40.3040 AM,.0231
134.8xSPK_CN_L_T VMON_CH0_FFT Peak Magnitude,Dut,sendCommand,PASS,,Jun 28 2019 9:41:40.3080 AM,Jun 28 2019 9:41:40.3290 AM,.0212
134.8xSPK_CN_L_T VMON_CH0_FFT Peak Magnitude,Dut,sendCommand,PASS,,Jun 28 2019 9:41:40.3320 AM,Jun 28 2019 9:41:40.3530 AM,.021
134.8xSPK_CN_L_T VMON_CH0_FFT Peak Magnitude,Dut,sendCommand,PASS,,Jun 28 2019 9:41:40.3550 AM,Jun 28 2019 9:41:40.3790 AM,.0241
134.8xSPK_CN_L_T VMON_CH0_FFT Peak Magnitude,Dut,sendCommand,PASS,,Jun 28 2019 9:41:40.3820 AM,Jun 28 2019 9:41:40.4030 AM,.0208
134.8xSPK_CN_L_T VMON_CH0_FFT Peak Magnitude,Dut,sendCommand,PASS,,Jun 28 2019 9:41:40.4050 AM,Jun 28 2019 9:41:40.4280 AM,.0229
134.8xSPK_CN_L_T VMON_CH0_FFT Peak Magnitude,Dut,sendCommand,PASS,,Jun 28 2019 9:41:40.4310 AM,Jun 28 2019 9:41:40.4530 AM,.0221
134.8xSPK_CN_L_T VMON_CH0_FFT Peak Magnitude,Dut,sendCommand,PASS,,Jun 28 2019 9:41:40.4550 AM,Jun 28 2019 9:41:40.4780 AM,.0231
134.8xSPK_CN_L_T VMON_CH0_FFT Peak Magnitude,Dut,sendCommand,PASS,,Jun 28 2019 9:41:40.4810 AM,Jun 28 2019 9:41:40.5030 AM,.0218
134.8xSPK_CN_L_T VMON_CH0_FFT Peak Magnitude,Dut,sendCommand,PASS,,Jun 28 2019 9:41:40.5050 AM,Jun 28 2019 9:41:42.0570 AM,1.5516
134.8xSPK_CN_L_T VMON_CH0_FFT Peak Magnitude,Dut,sendCommand,PASS,,Jun 28 2019 9:41:42.0590 AM,Jun 28 2019 9:41:42.0820 AM,.0224
134.8xSPK_CN_L_T VMON_CH0_FFT Peak Magnitude,Dut,sendCommand,PASS,,Jun 28 2019 9:41:42.0850 AM,Jun 28 2019 9:41:43.6820 AM,1.5978
134.8xSPK_CN_L_T VMON_CH0_FFT Peak Magnitude,Dut,sendCommand,PASS,,Jun 28 2019 9:41:43.6860 AM,Jun 28 2019 9:41:44.0620 AM,.3767
134.8xSPK_CN_L_T VMON_CH0_FFT Peak Magnitude,Dut,sendCommand,PASS,,Jun 28 2019 9:41:44.0660 AM,Jun 28 2019 9:41:44.1270 AM,.0613
198.SPK_CN_L_T to 4x_MIC Loop Test,Dut,sendCommand,PASS,,Jun 28 2019 9:41:44.3000 AM,Jun 28 2019 9:41:46.1810 AM,1.8808
198.SPK_CN_L_T to 4x_MIC Loop Test,Dut,sendCommand,PASS,,Jun 28 2019 9:41:46.1830 AM,Jun 28 2019 9:41:46.6270 AM,.4435
198.SPK_CN_L_T to 4x_MIC Loop Test,Dut,sendCommand,PASS,,Jun 28 2019 9:41:46.6280 AM,Jun 28 2019 9:41:46.6410 AM,.0129
198.SPK_CN_L_T to 4x_MIC Loop Test,Dut,sendCommand,PASS,,Jun 28 2019 9:41:46.6430 AM,Jun 28 2019 9:41:46.6560 AM,.0133
198.SPK_CN_L_T to 4x_MIC Loop Test,Dut,sendCommand,PASS,,Jun 28 2019 9:41:46.6580 AM,Jun 28 2019 9:41:46.6710 AM,.0132
198.SPK_CN_L_T to 4x_MIC Loop Test,Dut,sendCommand,PASS,,Jun 28 2019 9:41:46.6730 AM,Jun 28 2019 9:41:46.6860 AM,.0129
198.SPK_CN_L_T to 4x_MIC Loop Test,Dut,sendCommand,PASS,,Jun 28 2019 9:41:46.6880 AM,Jun 28 2019 9:41:46.7010 AM,.0133
198.SPK_CN_L_T to 4x_MIC Loop Test,Dut,sendCommand,PASS,,Jun 28 2019 9:41:46.7030 AM,Jun 28 2019 9:41:46.7160 AM,.013
198.SPK_CN_L_T to 4x_MIC Loop Test,Dut,sendCommand,PASS,,Jun 28 2019 9:41:46.7180 AM,Jun 28 2019 9:41:46.7310 AM,.0132
198.SPK_CN_L_T to 4x_MIC Loop Test,Dut,sendCommand,PASS,,Jun 28 2019 9:41:46.7340 AM,Jun 28 2019 9:41:46.7470 AM,.0138
198.SPK_CN_L_T to 4x_MIC Loop Test,Dut,sendCommand,PASS,,Jun 28 2019 9:41:46.7490 AM,Jun 28 2019 9:41:46.7630 AM,.0135
198.SPK_CN_L_T to 4x_MIC Loop Test,Dut,sendCommand,PASS,,Jun 28 2019 9:41:46.7640 AM,Jun 28 2019 9:41:46.7770 AM,.0131
198.SPK_CN_L_T to 4x_MIC Loop Test,Dut,sendCommand,PASS,,Jun 28 2019 9:41:46.7790 AM,Jun 28 2019 9:41:46.7970 AM,.0179
198.SPK_CN_L_T to 4x_MIC Loop Test,Dut,sendCommand,PASS,,Jun 28 2019 9:41:46.7990 AM,Jun 28 2019 9:41:46.8170 AM,.0178
198.SPK_CN_L_T to 4x_MIC Loop Test,Dut,sendCommand,PASS,,Jun 28 2019 9:41:46.8190 AM,Jun 28 2019 9:41:46.8370 AM,.0183
198.SPK_CN_L_T to 4x_MIC Loop Test,Dut,sendCommand,PASS,,Jun 28 2019 9:41:46.8390 AM,Jun 28 2019 9:41:46.8570 AM,.0181
198.SPK_CN_L_T to 4x_MIC Loop Test,Dut,sendCommand,PASS,,Jun 28 2019 9:41:46.8590 AM,Jun 28 2019 9:41:46.8920 AM,.0335
198.SPK_CN_L_T to 4x_MIC Loop Test,Dut,sendCommand,PASS,,Jun 28 2019 9:41:46.8940 AM,Jun 28 2019 9:41:46.9270 AM,.0333
198.SPK_CN_L_T to 4x_MIC Loop Test,Dut,sendCommand,PASS,,Jun 28 2019 9:41:46.9290 AM,Jun 28 2019 9:41:46.9570 AM,.0283
198.SPK_CN_L_T to 4x_MIC Loop Test,Dut,sendCommand,PASS,,Jun 28 2019 9:41:46.9590 AM,Jun 28 2019 9:41:48.9930 AM,2.0337
198.SPK_CN_L_T to 4x_MIC Loop Test,Dut,sendCommand,PASS,,Jun 28 2019 9:41:48.9960 AM,Jun 28 2019 9:41:49.0080 AM,.0121
198.SPK_CN_L_T to 4x_MIC Loop Test,Dut,sendCommand,PASS,,Jun 28 2019 9:41:49.0110 AM,Jun 28 2019 9:41:49.4880 AM,.4777
198.SPK_CN_L_T to 4x_MIC Loop Test,Dut,sendCommand,PASS,,Jun 28 2019 9:41:49.4910 AM,Jun 28 2019 9:41:49.5030 AM,.0118
198.SPK_CN_L_T to 4x_MIC Loop Test,Dut,sendCommand,PASS,,Jun 28 2019 9:41:49.5050 AM,Jun 28 2019 9:41:49.5680 AM,.0622
207.Penrose_Green_FREQ_TONE1 (Hz),rpcCall,RPCSendAndGet,PASS,,Jun 28 2019 9:41:49.6050 AM,Jun 28 2019 9:41:49.6460 AM,.0413
207.Penrose_Green_FREQ_TONE1 (Hz),Dut,sendCommand,PASS,,Jun 28 2019 9:41:49.6480 AM,Jun 28 2019 9:41:49.6730 AM,.0246
207.Penrose_Green_FREQ_TONE1 (Hz),Dut,sendCommand,PASS,,Jun 28 2019 9:41:49.6740 AM,Jun 28 2019 9:41:50.1220 AM,.4477
207.Penrose_Green_FREQ_TONE1 (Hz),Dut,sendCommand,PASS,,Jun 28 2019 9:41:50.1240 AM,Jun 28 2019 9:41:50.1380 AM,.0135
207.Penrose_Green_FREQ_TONE1 (Hz),Dut,sendCommand,PASS,,Jun 28 2019 9:41:50.1390 AM,Jun 28 2019 9:41:50.1520 AM,.013
207.Penrose_Green_FREQ_TONE1 (Hz),Dut,sendCommand,PASS,,Jun 28 2019 9:41:50.1540 AM,Jun 28 2019 9:41:50.1680 AM,.0134
207.Penrose_Green_FREQ_TONE1 (Hz),Dut,sendCommand,PASS,,Jun 28 2019 9:41:50.1710 AM,Jun 28 2019 9:41:50.1870 AM,.0162
207.Penrose_Green_FREQ_TONE1 (Hz),Dut,sendCommand,PASS,,Jun 28 2019 9:41:50.1890 AM,Jun 28 2019 9:41:50.2020 AM,.0133
207.Penrose_Green_FREQ_TONE1 (Hz),Dut,sendCommand,PASS,,Jun 28 2019 9:41:50.2040 AM,Jun 28 2019 9:41:50.2170 AM,.0134
207.Penrose_Green_FREQ_TONE1 (Hz),Dut,sendCommand,PASS,,Jun 28 2019 9:41:50.2190 AM,Jun 28 2019 9:41:50.2330 AM,.0133
207.Penrose_Green_FREQ_TONE1 (Hz),Dut,sendCommand,PASS,,Jun 28 2019 9:41:50.2350 AM,Jun 28 2019 9:41:50.2470 AM,.0127
207.Penrose_Green_FREQ_TONE1 (Hz),Dut,sendCommand,PASS,,Jun 28 2019 9:41:50.2500 AM,Jun 28 2019 9:41:50.2630 AM,.0126
207.Penrose_Green_FREQ_TONE1 (Hz),Dut,sendCommand,PASS,,Jun 28 2019 9:41:50.2650 AM,Jun 28 2019 9:41:50.2780 AM,.0134
207.Penrose_Green_FREQ_TONE1 (Hz),Dut,sendCommand,PASS,,Jun 28 2019 9:41:50.2810 AM,Jun 28 2019 9:41:51.3130 AM,1.0325
207.Penrose_Green_FREQ_TONE1 (Hz),Dut,sendCommand,PASS,,Jun 28 2019 9:41:51.3160 AM,Jun 28 2019 9:41:51.3580 AM,.0418
207.Penrose_Green_FREQ_TONE1 (Hz),Dut,sendCommand,PASS,,Jun 28 2019 9:41:51.3600 AM,Jun 28 2019 9:41:53.1240 AM,1.7647
207.Penrose_Green_FREQ_TONE1 (Hz),Dut,sendCommand,PASS,,Jun 28 2019 9:41:53.1270 AM,Jun 28 2019 9:41:53.1890 AM,.0618
207.Penrose_Green_FREQ_TONE1 (Hz),rpcCall,RPCSendAndGet,PASS,,Jun 28 2019 9:41:53.1920 AM,Jun 28 2019 9:41:53.2480 AM,.0558
229.Penrose_IR_FREQ_TONE1 (Hz),rpcCall,RPCSendAndGet,PASS,,Jun 28 2019 9:41:53.3060 AM,Jun 28 2019 9:41:53.3880 AM,.0824
229.Penrose_IR_FREQ_TONE1 (Hz),Dut,sendCommand,PASS,,Jun 28 2019 9:41:53.3900 AM,Jun 28 2019 9:41:53.8340 AM,.4435
229.Penrose_IR_FREQ_TONE1 (Hz),Dut,sendCommand,PASS,,Jun 28 2019 9:41:53.8350 AM,Jun 28 2019 9:41:53.8490 AM,.0131
229.Penrose_IR_FREQ_TONE1 (Hz),Dut,sendCommand,PASS,,Jun 28 2019 9:41:53.8500 AM,Jun 28 2019 9:41:53.8630 AM,.013
229.Penrose_IR_FREQ_TONE1 (Hz),Dut,sendCommand,PASS,,Jun 28 2019 9:41:53.8650 AM,Jun 28 2019 9:41:53.8780 AM,.0133
229.Penrose_IR_FREQ_TONE1 (Hz),Dut,sendCommand,PASS,,Jun 28 2019 9:41:53.8800 AM,Jun 28 2019 9:41:53.8930 AM,.0133
229.Penrose_IR_FREQ_TONE1 (Hz),Dut,sendCommand,PASS,,Jun 28 2019 9:41:53.8950 AM,Jun 28 2019 9:41:53.9080 AM,.0133
229.Penrose_IR_FREQ_TONE1 (Hz),Dut,sendCommand,PASS,,Jun 28 2019 9:41:53.9100 AM,Jun 28 2019 9:41:53.9240 AM,.0137
229.Penrose_IR_FREQ_TONE1 (Hz),Dut,sendCommand,PASS,,Jun 28 2019 9:41:53.9270 AM,Jun 28 2019 9:41:53.9430 AM,.0164
229.Penrose_IR_FREQ_TONE1 (Hz),Dut,sendCommand,PASS,,Jun 28 2019 9:41:53.9450 AM,Jun 28 2019 9:41:53.9580 AM,.0136
229.Penrose_IR_FREQ_TONE1 (Hz),Dut,sendCommand,PASS,,Jun 28 2019 9:41:53.9610 AM,Jun 28 2019 9:41:53.9740 AM,.0129
229.Penrose_IR_FREQ_TONE1 (Hz),Dut,sendCommand,PASS,,Jun 28 2019 9:41:53.9760 AM,Jun 28 2019 9:41:53.9880 AM,.0129
229.Penrose_IR_FREQ_TONE1 (Hz),Dut,sendCommand,PASS,,Jun 28 2019 9:41:53.9900 AM,Jun 28 2019 9:41:55.0240 AM,1.0341
229.Penrose_IR_FREQ_TONE1 (Hz),Dut,sendCommand,PASS,,Jun 28 2019 9:41:55.0270 AM,Jun 28 2019 9:41:55.0690 AM,.042
229.Penrose_IR_FREQ_TONE1 (Hz),Dut,sendCommand,PASS,,Jun 28 2019 9:41:55.0720 AM,Jun 28 2019 9:41:58.5850 AM,3.5128
229.Penrose_IR_FREQ_TONE1 (Hz),Dut,sendCommand,PASS,,Jun 28 2019 9:41:58.5880 AM,Jun 28 2019 9:41:58.6490 AM,.0617
229.Penrose_IR_FREQ_TONE1 (Hz),rpcCall,RPCSendAndGet,PASS,,Jun 28 2019 9:41:58.6520 AM,Jun 28 2019 9:41:58.6940 AM,.0415
243.4x LED Strobe Flash Mode (lux),Dut,sendCommand,PASS,,Jun 28 2019 9:41:58.7220 AM,Jun 28 2019 9:41:58.7350 AM,.0122
243.4x LED Strobe Flash Mode (lux),Dut,sendCommand,PASS,,Jun 28 2019 9:41:58.7380 AM,Jun 28 2019 9:41:58.9840 AM,.2461
243.4x LED Strobe Flash Mode (lux),Dut,sendCommand,PASS,,Jun 28 2019 9:41:58.9860 AM,Jun 28 2019 9:42:00.8650 AM,1.8791
243.4x LED Strobe Flash Mode (lux),Dut,sendCommand,PASS,,Jun 28 2019 9:42:00.8680 AM,Jun 28 2019 9:42:00.8890 AM,.0214
243.4x LED Strobe Flash Mode (lux),Dut,sendCommand,PASS,,Jun 28 2019 9:42:00.8920 AM,Jun 28 2019 9:42:00.9050 AM,.0129
243.4x LED Strobe Flash Mode (lux),Dut,sendCommand,PASS,,Jun 28 2019 9:42:00.9080 AM,Jun 28 2019 9:42:01.0190 AM,.1113
243.4x LED Strobe Flash Mode (lux),Dut,sendCommand,PASS,,Jun 28 2019 9:42:01.0220 AM,Jun 28 2019 9:42:01.6840 AM,.6623
243.4x LED Strobe Flash Mode (lux),Dut,sendCommand,PASS,,Jun 28 2019 9:42:01.6870 AM,Jun 28 2019 9:42:01.7040 AM,.0173
243.4x LED Strobe Flash Mode (lux),Dut,sendCommand,PASS,,Jun 28 2019 9:42:01.7070 AM,Jun 28 2019 9:42:01.7240 AM,.0171
243.4x LED Strobe Flash Mode (lux),Dut,sendCommand,PASS,,Jun 28 2019 9:42:01.7270 AM,Jun 28 2019 9:42:01.7440 AM,.017
243.4x LED Strobe Flash Mode (lux),Dut,sendCommand,PASS,,Jun 28 2019 9:42:01.7470 AM,Jun 28 2019 9:42:01.7630 AM,.017
243.4x LED Strobe Flash Mode (lux),Dut,sendCommand,PASS,,Jun 28 2019 9:42:01.7660 AM,Jun 28 2019 9:42:01.7840 AM,.0184
243.4x LED Strobe Flash Mode (lux),Dut,sendCommand,PASS,,Jun 28 2019 9:42:01.7870 AM,Jun 28 2019 9:42:01.8040 AM,.017
243.4x LED Strobe Flash Mode (lux),Dut,sendCommand,PASS,,Jun 28 2019 9:42:01.8060 AM,Jun 28 2019 9:42:01.8240 AM,.0176
243.4x LED Strobe Flash Mode (lux),Dut,sendCommand,PASS,,Jun 28 2019 9:42:01.8270 AM,Jun 28 2019 9:42:01.8440 AM,.0169
243.4x LED Strobe Flash Mode (lux),Dut,sendCommand,PASS,,Jun 28 2019 9:42:01.8470 AM,Jun 28 2019 9:42:01.8640 AM,.0174
243.4x LED Strobe Flash Mode (lux),Dut,sendCommand,PASS,,Jun 28 2019 9:42:01.8670 AM,Jun 28 2019 9:42:01.8840 AM,.017
243.4x LED Strobe Flash Mode (lux),Dut,sendCommand,PASS,,Jun 28 2019 9:42:01.8860 AM,Jun 28 2019 9:42:01.9040 AM,.0175
243.4x LED Strobe Flash Mode (lux),Dut,sendCommand,PASS,,Jun 28 2019 9:42:01.9070 AM,Jun 28 2019 9:42:01.9240 AM,.0173
243.4x LED Strobe Flash Mode (lux),Dut,sendCommand,PASS,,Jun 28 2019 9:42:01.9270 AM,Jun 28 2019 9:42:01.9440 AM,.017
243.4x LED Strobe Flash Mode (lux),Dut,sendCommand,PASS,,Jun 28 2019 9:42:01.9470 AM,Jun 28 2019 9:42:01.9640 AM,.0171
243.4x LED Strobe Flash Mode (lux),Dut,sendCommand,PASS,,Jun 28 2019 9:42:01.9660 AM,Jun 28 2019 9:42:01.9840 AM,.0184
243.4x LED Strobe Flash Mode (lux),Dut,sendCommand,PASS,,Jun 28 2019 9:42:01.9870 AM,Jun 28 2019 9:42:02.0040 AM,.0169
243.4x LED Strobe Flash Mode (lux),Dut,sendCommand,PASS,,Jun 28 2019 9:42:02.0070 AM,Jun 28 2019 9:42:02.0240 AM,.0178
243.4x LED Strobe Flash Mode (lux),Dut,sendCommand,PASS,,Jun 28 2019 9:42:02.0270 AM,Jun 28 2019 9:42:02.0440 AM,.0169
243.4x LED Strobe Flash Mode (lux),Dut,sendCommand,PASS,,Jun 28 2019 9:42:02.0470 AM,Jun 28 2019 9:42:02.0640 AM,.0174
243.4x LED Strobe Flash Mode (lux),Dut,sendCommand,PASS,,Jun 28 2019 9:42:02.0670 AM,Jun 28 2019 9:42:02.0840 AM,.0171
243.4x LED Strobe Flash Mode (lux),Dut,sendCommand,PASS,,Jun 28 2019 9:42:02.0870 AM,Jun 28 2019 9:42:02.1040 AM,.0171
243.4x LED Strobe Flash Mode (lux),rpcCall,RPCSendAndGet,PASS,,Jun 28 2019 9:42:02.1070 AM,Jun 28 2019 9:42:02.1370 AM,.0296
243.4x LED Strobe Flash Mode (lux),Dut,sendCommand,PASS,,Jun 28 2019 9:42:02.1390 AM,Jun 28 2019 9:42:02.1540 AM,.0144
243.4x LED Strobe Flash Mode (lux),rpcCall,RPCSendAndGet,PASS,,Jun 28 2019 9:42:02.4280 AM,Jun 28 2019 9:42:02.4600 AM,.0322
243.4x LED Strobe Flash Mode (lux),Dut,sendCommand,PASS,,Jun 28 2019 9:42:02.4630 AM,Jun 28 2019 9:42:02.4790 AM,.0158
243.4x LED Strobe Flash Mode (lux),Dut,sendCommand,PASS,,Jun 28 2019 9:42:02.4810 AM,Jun 28 2019 9:42:02.4990 AM,.0175
243.4x LED Strobe Flash Mode (lux),Dut,sendCommand,PASS,,Jun 28 2019 9:42:02.5020 AM,Jun 28 2019 9:42:02.5190 AM,.0173
243.4x LED Strobe Flash Mode (lux),Dut,sendCommand,PASS,,Jun 28 2019 9:42:02.5220 AM,Jun 28 2019 9:42:02.5390 AM,.017
244.Neon1 LED1 Cool Strobe Flash Mode (lux),Dut,sendCommand,PASS,,Jun 28 2019 9:42:02.5460 AM,Jun 28 2019 9:42:02.8840 AM,.3379
244.Neon1 LED1 Cool Strobe Flash Mode (lux),Dut,sendCommand,PASS,,Jun 28 2019 9:42:02.8870 AM,Jun 28 2019 9:42:04.7640 AM,1.8773
244.Neon1 LED1 Cool Strobe Flash Mode (lux),Dut,sendCommand,PASS,,Jun 28 2019 9:42:04.7670 AM,Jun 28 2019 9:42:04.7840 AM,.0175
244.Neon1 LED1 Cool Strobe Flash Mode (lux),Dut,sendCommand,PASS,,Jun 28 2019 9:42:04.7870 AM,Jun 28 2019 9:42:04.8040 AM,.0172
244.Neon1 LED1 Cool Strobe Flash Mode (lux),Dut,sendCommand,PASS,,Jun 28 2019 9:42:04.8060 AM,Jun 28 2019 9:42:04.8230 AM,.0171
244.Neon1 LED1 Cool Strobe Flash Mode (lux),Dut,sendCommand,PASS,,Jun 28 2019 9:42:04.8260 AM,Jun 28 2019 9:42:04.8440 AM,.0181
244.Neon1 LED1 Cool Strobe Flash Mode (lux),Dut,sendCommand,PASS,,Jun 28 2019 9:42:04.8460 AM,Jun 28 2019 9:42:04.8640 AM,.0179
244.Neon1 LED1 Cool Strobe Flash Mode (lux),Dut,sendCommand,PASS,,Jun 28 2019 9:42:04.8660 AM,Jun 28 2019 9:42:04.8840 AM,.0174
244.Neon1 LED1 Cool Strobe Flash Mode (lux),Dut,sendCommand,PASS,,Jun 28 2019 9:42:04.8860 AM,Jun 28 2019 9:42:04.9050 AM,.0182
244.Neon1 LED1 Cool Strobe Flash Mode (lux),Dut,sendCommand,PASS,,Jun 28 2019 9:42:04.9070 AM,Jun 28 2019 9:42:04.9240 AM,.0168
244.Neon1 LED1 Cool Strobe Flash Mode (lux),Dut,sendCommand,PASS,,Jun 28 2019 9:42:04.9270 AM,Jun 28 2019 9:42:04.9450 AM,.0179
244.Neon1 LED1 Cool Strobe Flash Mode (lux),rpcCall,RPCSendAndGet,PASS,,Jun 28 2019 9:42:04.9470 AM,Jun 28 2019 9:42:05.0000 AM,.053
244.Neon1 LED1 Cool Strobe Flash Mode (lux),Dut,sendCommand,PASS,,Jun 28 2019 9:42:05.0020 AM,Jun 28 2019 9:42:05.0180 AM,.0165
244.Neon1 LED1 Cool Strobe Flash Mode (lux),rpcCall,RPCSendAndGet,PASS,,Jun 28 2019 9:42:05.2950 AM,Jun 28 2019 9:42:05.3260 AM,.0313
245.Neon1 LED2 Amber Strobe Flash Mode (lux),Dut,sendCommand,PASS,,Jun 28 2019 9:42:05.3320 AM,Jun 28 2019 9:42:05.3490 AM,.0161
245.Neon1 LED2 Amber Strobe Flash Mode (lux),Dut,sendCommand,PASS,,Jun 28 2019 9:42:05.3500 AM,Jun 28 2019 9:42:05.3640 AM,.0136
245.Neon1 LED2 Amber Strobe Flash Mode (lux),Dut,sendCommand,PASS,,Jun 28 2019 9:42:05.3660 AM,Jun 28 2019 9:42:05.3840 AM,.0174
245.Neon1 LED2 Amber Strobe Flash Mode (lux),Dut,sendCommand,PASS,,Jun 28 2019 9:42:05.3870 AM,Jun 28 2019 9:42:05.4030 AM,.0166
245.Neon1 LED2 Amber Strobe Flash Mode (lux),rpcCall,RPCSendAndGet,PASS,,Jun 28 2019 9:42:05.4050 AM,Jun 28 2019 9:42:05.4400 AM,.0349
245.Neon1 LED2 Amber Strobe Flash Mode (lux),Dut,sendCommand,PASS,,Jun 28 2019 9:42:05.4420 AM,Jun 28 2019 9:42:05.4590 AM,.0169
245.Neon1 LED2 Amber Strobe Flash Mode (lux),rpcCall,RPCSendAndGet,PASS,,Jun 28 2019 9:42:05.7320 AM,Jun 28 2019 9:42:05.7640 AM,.0322
246.Neon2 LED1 Cool Strobe Flash Mode (lux),Dut,sendCommand,PASS,,Jun 28 2019 9:42:05.7700 AM,Jun 28 2019 9:42:05.7840 AM,.0142
246.Neon2 LED1 Cool Strobe Flash Mode (lux),Dut,sendCommand,PASS,,Jun 28 2019 9:42:05.7860 AM,Jun 28 2019 9:42:05.7990 AM,.0136
246.Neon2 LED1 Cool Strobe Flash Mode (lux),Dut,sendCommand,PASS,,Jun 28 2019 9:42:05.8020 AM,Jun 28 2019 9:42:05.8190 AM,.0167
246.Neon2 LED1 Cool Strobe Flash Mode (lux),rpcCall,RPCSendAndGet,PASS,,Jun 28 2019 9:42:05.8220 AM,Jun 28 2019 9:42:05.8800 AM,.0583
246.Neon2 LED1 Cool Strobe Flash Mode (lux),Dut,sendCommand,PASS,,Jun 28 2019 9:42:05.8820 AM,Jun 28 2019 9:42:05.8980 AM,.0162
246.Neon2 LED1 Cool Strobe Flash Mode (lux),rpcCall,RPCSendAndGet,PASS,,Jun 28 2019 9:42:06.1710 AM,Jun 28 2019 9:42:06.1940 AM,.0228
247.Neon2 LED2 Amber Strobe Flash Mode (lux),Dut,sendCommand,PASS,,Jun 28 2019 9:42:06.2000 AM,Jun 28 2019 9:42:06.2140 AM,.0138
247.Neon2 LED2 Amber Strobe Flash Mode (lux),Dut,sendCommand,PASS,,Jun 28 2019 9:42:06.2150 AM,Jun 28 2019 9:42:06.2290 AM,.0132
247.Neon2 LED2 Amber Strobe Flash Mode (lux),Dut,sendCommand,PASS,,Jun 28 2019 9:42:06.2300 AM,Jun 28 2019 9:42:06.2440 AM,.0133
247.Neon2 LED2 Amber Strobe Flash Mode (lux),Dut,sendCommand,PASS,,Jun 28 2019 9:42:06.2450 AM,Jun 28 2019 9:42:06.2640 AM,.0182
247.Neon2 LED2 Amber Strobe Flash Mode (lux),rpcCall,RPCSendAndGet,PASS,,Jun 28 2019 9:42:06.2650 AM,Jun 28 2019 9:42:06.3110 AM,.0452
247.Neon2 LED2 Amber Strobe Flash Mode (lux),Dut,sendCommand,PASS,,Jun 28 2019 9:42:06.3130 AM,Jun 28 2019 9:42:06.3290 AM,.016
247.Neon2 LED2 Amber Strobe Flash Mode (lux),rpcCall,RPCSendAndGet,PASS,,Jun 28 2019 9:42:06.6030 AM,Jun 28 2019 9:42:06.6250 AM,.0221
247.Neon2 LED2 Amber Strobe Flash Mode (lux),Dut,sendCommand,PASS,,Jun 28 2019 9:42:06.6280 AM,Jun 28 2019 9:42:06.6440 AM,.0167
247.Neon2 LED2 Amber Strobe Flash Mode (lux),Dut,sendCommand,PASS,,Jun 28 2019 9:42:06.6470 AM,Jun 28 2019 9:42:06.6650 AM,.0176
247.Neon2 LED2 Amber Strobe Flash Mode (lux),Dut,sendCommand,PASS,,Jun 28 2019 9:42:06.6680 AM,Jun 28 2019 9:42:06.6840 AM,.0164
247.Neon2 LED2 Amber Strobe Flash Mode (lux),Dut,sendCommand,PASS,,Jun 28 2019 9:42:06.6860 AM,Jun 28 2019 9:42:06.9350 AM,.2488
248.2x Cool LED strobe torch mode (lux),Dut,sendCommand,PASS,,Jun 28 2019 9:42:06.9420 AM,Jun 28 2019 9:42:08.8190 AM,1.8776
248.2x Cool LED strobe torch mode (lux),Dut,sendCommand,PASS,,Jun 28 2019 9:42:08.8220 AM,Jun 28 2019 9:42:08.8390 AM,.017
248.2x Cool LED strobe torch mode (lux),Dut,sendCommand,PASS,,Jun 28 2019 9:42:08.8420 AM,Jun 28 2019 9:42:08.8590 AM,.0165
248.2x Cool LED strobe torch mode (lux),Dut,sendCommand,PASS,,Jun 28 2019 9:42:08.8610 AM,Jun 28 2019 9:42:08.8790 AM,.0174
248.2x Cool LED strobe torch mode (lux),Dut,sendCommand,PASS,,Jun 28 2019 9:42:08.8810 AM,Jun 28 2019 9:42:08.8990 AM,.0175
248.2x Cool LED strobe torch mode (lux),Dut,sendCommand,PASS,,Jun 28 2019 9:42:08.9020 AM,Jun 28 2019 9:42:08.9190 AM,.0174
248.2x Cool LED strobe torch mode (lux),Dut,sendCommand,PASS,,Jun 28 2019 9:42:08.9220 AM,Jun 28 2019 9:42:08.9390 AM,.0173
248.2x Cool LED strobe torch mode (lux),Dut,sendCommand,PASS,,Jun 28 2019 9:42:08.9420 AM,Jun 28 2019 9:42:08.9590 AM,.0173
248.2x Cool LED strobe torch mode (lux),Dut,sendCommand,PASS,,Jun 28 2019 9:42:08.9620 AM,Jun 28 2019 9:42:08.9790 AM,.0174
248.2x Cool LED strobe torch mode (lux),Dut,sendCommand,PASS,,Jun 28 2019 9:42:08.9820 AM,Jun 28 2019 9:42:08.9990 AM,.0171
248.2x Cool LED strobe torch mode (lux),rpcCall,RPCSendAndGet,PASS,,Jun 28 2019 9:42:09.0010 AM,Jun 28 2019 9:42:09.0140 AM,.0123
248.2x Cool LED strobe torch mode (lux),Dut,sendCommand,PASS,,Jun 28 2019 9:42:09.0160 AM,Jun 28 2019 9:42:09.0340 AM,.0185
248.2x Cool LED strobe torch mode (lux),rpcCall,RPCSendAndGet,PASS,,Jun 28 2019 9:42:09.3050 AM,Jun 28 2019 9:42:09.3290 AM,.0237
248.2x Cool LED strobe torch mode (lux),Dut,sendCommand,PASS,,Jun 28 2019 9:42:09.3310 AM,Jun 28 2019 9:42:09.3480 AM,.0177
248.2x Cool LED strobe torch mode (lux),Dut,sendCommand,PASS,,Jun 28 2019 9:42:09.3500 AM,Jun 28 2019 9:42:09.3640 AM,.0137
248.2x Cool LED strobe torch mode (lux),Dut,sendCommand,PASS,,Jun 28 2019 9:42:09.3660 AM,Jun 28 2019 9:42:09.6140 AM,.2484
249.2x Amber LED strobe torch mode (lux),Dut,sendCommand,PASS,,Jun 28 2019 9:42:09.6220 AM,Jun 28 2019 9:42:11.4990 AM,1.8777
249.2x Amber LED strobe torch mode (lux),Dut,sendCommand,PASS,,Jun 28 2019 9:42:11.5020 AM,Jun 28 2019 9:42:11.5190 AM,.0173
249.2x Amber LED strobe torch mode (lux),Dut,sendCommand,PASS,,Jun 28 2019 9:42:11.5210 AM,Jun 28 2019 9:42:11.5340 AM,.0137
249.2x Amber LED strobe torch mode (lux),Dut,sendCommand,PASS,,Jun 28 2019 9:42:11.5370 AM,Jun 28 2019 9:42:11.5540 AM,.0167
249.2x Amber LED strobe torch mode (lux),Dut,sendCommand,PASS,,Jun 28 2019 9:42:11.5560 AM,Jun 28 2019 9:42:11.5740 AM,.0181
249.2x Amber LED strobe torch mode (lux),Dut,sendCommand,PASS,,Jun 28 2019 9:42:11.5780 AM,Jun 28 2019 9:42:11.5940 AM,.0168
249.2x Amber LED strobe torch mode (lux),Dut,sendCommand,PASS,,Jun 28 2019 9:42:11.5970 AM,Jun 28 2019 9:42:11.6140 AM,.0175
249.2x Amber LED strobe torch mode (lux),Dut,sendCommand,PASS,,Jun 28 2019 9:42:11.6170 AM,Jun 28 2019 9:42:11.6340 AM,.0176
249.2x Amber LED strobe torch mode (lux),Dut,sendCommand,PASS,,Jun 28 2019 9:42:11.6370 AM,Jun 28 2019 9:42:11.6540 AM,.0174
249.2x Amber LED strobe torch mode (lux),Dut,sendCommand,PASS,,Jun 28 2019 9:42:11.6570 AM,Jun 28 2019 9:42:11.6740 AM,.0174
249.2x Amber LED strobe torch mode (lux),rpcCall,RPCSendAndGet,PASS,,Jun 28 2019 9:42:11.6760 AM,Jun 28 2019 9:42:11.7010 AM,.0247
249.2x Amber LED strobe torch mode (lux),Dut,sendCommand,PASS,,Jun 28 2019 9:42:11.7030 AM,Jun 28 2019 9:42:11.7200 AM,.0167
249.2x Amber LED strobe torch mode (lux),rpcCall,RPCSendAndGet,PASS,,Jun 28 2019 9:42:11.9890 AM,Jun 28 2019 9:42:12.0210 AM,.0327
249.2x Amber LED strobe torch mode (lux),Dut,sendCommand,PASS,,Jun 28 2019 9:42:12.0240 AM,Jun 28 2019 9:42:12.0400 AM,.0155
249.2x Amber LED strobe torch mode (lux),Dut,sendCommand,PASS,,Jun 28 2019 9:42:12.0430 AM,Jun 28 2019 9:42:12.0590 AM,.0165
249.2x Amber LED strobe torch mode (lux),Dut,sendCommand,PASS,,Jun 28 2019 9:42:12.0620 AM,Jun 28 2019 9:42:12.3100 AM,.2479
250.Check Battery Level After Test (%),Dut,sendCommand,PASS,,Jun 28 2019 9:42:12.3230 AM,Jun 28 2019 9:42:12.3360 AM,.0128
251.Check Battery Voltage After Test (mV),Dut,sendCommand,PASS,,Jun 28 2019 9:42:12.3420 AM,Jun 28 2019 9:42:12.3610 AM,.0185
252.Cbskip Fatp,Dut,sendCommand,PASS,,Jun 28 2019 9:42:12.3660 AM,Jun 28 2019 9:42:12.4840 AM,.1177
253.Dut - close,Dut,close,PASS,,Jun 28 2019 9:42:12.4870 AM,Jun 28 2019 9:42:12.4880 AM,.0009
254.DRCB finish,DRCB,finish,FAIL,station no longer secure; ,Jun 28 2019 9:42:12.4910 AM,Jun 28 2019 9:42:12.6730 AM,.1812
255.Fixture Uninit,rpcCall,RPCSendAndGet,PASS,,Jun 28 2019 9:42:12.6780 AM,Jun 28 2019 9:42:13.4030 AM,.7257
,fixture,close,NOT SET,,,,0
,orion,close,NOT SET,,,,0
