Test,Action,"DUT Command",PDCA_TYPE,PDCA_NAME,OutputKey,IsGlobal,Parameter,Condition,EXPECTED
ALERT_IMON_VMON_20Hz,EFIDut:sendCommand,"audio -r",,"Audio reset - Alert power on",,,,,
,EFIDut:sendCommand,"audioparam --block codec --set --param enable-boost1 --value true",,"Enable boost1 to the routeaudio",,,,,
,EFIDut:sendCommand,"processaudio --freebufs all",,"Audio free all buffer",,,,,
,EFIDut:sendCommand,"audioparam -b socmca --set --param iface-mode --port ap-mca2 --value mca;audioparam --set --block codec --param enable-mon --value true",,"Setup alert channel (1)",,,,,
,EFIDut:sendCommand,"routeaudio --route --block codec --in amp2 --out amp2-out;setvol -b codec -n amp2-gain -v -7",,"Setup alert channel (2)",,,,,
,EFIDut:sendCommand,"loopaudio -b socmca --txport ap-mca2 --rxport ap-mca2 --len 1000 --freq 20 -d 16 -c 7",,"Set alert drive and freq",,,,,
,EFIDut:sendCommand,"processaudio -p fft -i looprx0 --options ""--windowType flat_top""",,"Process alert response",output,,,,
,Rush:regexFirstMatch,,KEY,ALERT_VMON_PK_MAG_ORI_20Hz,ALERT_VMON_PK_MAG_ORI,,"{""input"":""${output}"",""regex"":""Channel 2:[\\s\\S]+?Peak Magnitude=([\\d.]+)""}",,
,Rush:regexFirstMatch,,KEY,ALERT_IMON_PK_MAG_ORI_20Hz,ALERT_IMON_PK_MAG_ORI,,"{""input"":""${output}"",""regex"":""Channel 3:[\\s\\S]+?Peak Magnitude=([\\d.]+)""}",,
,Rush:regexFirstMatch,,KEY,ALERT_VMON_FREQ_20Hz,,,"{""input"":""${output}"",""regex"":""Channel 2:[\\s\\S]+?Frequency:\\s*([\\d.]+)""}",,
,Rush:regexFirstMatch,,KEY,ALERT_IMON_FREQ_20Hz,,,"{""input"":""${output}"",""regex"":""Channel 3:[\\s\\S]+?Frequency:\\s*([\\d.]+)""}",,
,Rush:regexFirstMatch,,KEY,ALERT_VMON_DC_MAG_ORI_20Hz,ALERT_VMON_DC_MAG_ORI,,"{""input"":""${output}"",""regex"":""Channel 2:[\\s\\S]+?DC Magnitude=\\s*([\\d.]+)""}",,
,Rush:regexFirstMatch,,KEY,ALERT_IMON_DC_MAG_ORI_20Hz,ALERT_IMON_DC_MAG_ORI,,"{""input"":""${output}"",""regex"":""Channel 3:[\\s\\S]+?DC Magnitude=\\s*([\\d.]+)""}",,
,Rush:regexFirstMatch,,KEY,ALERT_VMON_THDN_20Hz,,,"{""input"":""${output}"",""regex"":""Channel 2:[\\s\\S]+?THD\\SN: ([-.\\d]*) dB""}",,
,Rush:regexFirstMatch,,KEY,ALERT_IMON_THDN_20Hz,,,"{""input"":""${output}"",""regex"":""Channel 3:[\\s\\S]+?THD\\SN: ([-.\\d]*) dB""}",,
,Rush:numerify,,,,ALERT_VMON_PK_MAG_ORI,,"[""${ALERT_VMON_PK_MAG_ORI}""]",,
,Rush:numerify,,,,ALERT_IMON_PK_MAG_ORI,,"[""${ALERT_IMON_PK_MAG_ORI}""]",,
,Rush:numerify,,,,ALERT_VMON_DC_MAG_ORI,,"[""${ALERT_VMON_DC_MAG_ORI}""]",,
,Rush:numerify,,,,ALERT_IMON_DC_MAG_ORI,,"[""${ALERT_IMON_DC_MAG_ORI}""]",,
,Rush:CSV_calculate,,KEY,ALERT_IMON_PK_MAG_20Hz,value1,,"{""expression"":""1.5*4.63867*ALERT_IMON_PK_MAG_ORI""}",,
,Rush:CSV_calculate,,KEY,ALERT_VMON_PK_MAG_20Hz,value0,,"{""expression"":""11*4.63867*ALERT_VMON_PK_MAG_ORI""}",,
,Rush:CSV_calculate,,KEY,ALERT_VMON_DC_MAG_20Hz,ALERT_VMON_DC_MAG,,"{""expression"":""11*4.63867*ALERT_VMON_DC_MAG_ORI""}",,
,Rush:CSV_calculate,,KEY,ALERT_IMON_DC_MAG_20Hz,ALERT_IMON_DC_MAG,,"{""expression"":""1.5*4.63867*ALERT_IMON_DC_MAG_ORI""}",,
,Rush:CSV_calculate,,KEY,ALERT_IMPEDANCE_LG_20Hz,,,"{""expression"":""value0/value1""}","DUT_TYPE CONTAINS ""B""",
,Rush:CSV_calculate,,KEY,ALERT_IMPEDANCE_SM_20Hz,,,"{""expression"":""value0/value1""}","DUT_TYPE CONTAINS ""S""",
,EFIDut:sendCommand,"processaudio -u looprx0 -w nandfs:\\AppleInternal\Diags\AudioTests\N140\qt1_alert_check.wav",,"Save alert response",,,,,
,EFIDut:sendCommand,"smokeyshell -e ""require 'torch'; wav = require 'WavFile'; audio = wav.read[[nandfs:\\AppleInternal\Diags\AudioTests\N140\qt1_alert_check.wav]]; print('Hall X mean: '..string.format('%.2f',audio[{{},5}]:double():mean()/32767*2048)..' counts')""",,"Calculate hall x mean",output,,,,
,Rush:regexFirstMatch,,KEY,ALERT_HALL_X_LG_20Hz,,,"{""input"":""${output}"",""regex"":""X mean:\\s*([-\\d.]+)""}","DUT_TYPE CONTAINS ""B""",
,Rush:regexFirstMatch,,KEY,ALERT_HALL_X_SM_20Hz,,,"{""input"":""${output}"",""regex"":""X mean:\\s*([-\\d.]+)""}","DUT_TYPE CONTAINS ""S""",
,EFIDut:sendCommand,"smokeyshell -e ""require 'torch'; wav = require 'WavFile'; audio = wav.read[[nandfs:\\AppleInternal\Diags\AudioTests\N140\qt1_alert_check.wav]]; print('Hall resistance mean: '..string.format('%.2f',audio[{{},6}]:double():mean()/32767*1075)..' ohm')""",,"Calculate Hall Impedance",output,,,,
,Rush:regexFirstMatch,,KEY,ALERT_HALL_IMPEDANCE_20Hz,,,"{""input"":""${output}"",""regex"":""mean:\\s*([-\\d.]+)""}",,
,EFIDut:sendCommand,"processaudio -p remove-dc -i looprx0;processaudio -p fft -i process0 --options ""--windowType flat_top""",,"Process alert response",output,,,,
,Rush:regexFirstMatch,,KEY,ALERT_HALL_X_PK_MAG_ORI_20Hz,output1,,"{""input"":""${output}"",""regex"":""Channel 4:[\\s\\S]+?Peak Magnitude=([\\d.]+)""}",,
,Rush:regexFirstMatch,,KEY,ALERT_HALL_X_FREQ_20Hz,,,"{""input"":""${output}"",""regex"":""Channel 4:[\\s\\S]+?Frequency:\\s*([\\d.]+)""}",,
,Rush:numerify,,,,output,,"[""${output1}""]",,
,Rush:CSV_calculate,,KEY,ALERT_HALL_X_PK_MAG_20Hz,,,"{""expression"":""output*2048*4.63867""}",,
,EFIDut:sendCommand,"audioparam --block codec --set --param enable-boost1 --value false",,"Disable boost1 to the routeaudio",,,,,
,EFIDut:sendCommand,"audio -r;audio --turnoff",,"Turn OFF General Modules (Codec)",,,,,
,Fixture:sendCommand,"usb off",,"Turn OFF Puck using relay board",,,,,
ALERT_IMON_VMON_1000Hz,EFIDut:sendCommand,"audio -r",,"Audio reset - Alert power on",,,,,
,EFIDut:sendCommand,"audioparam --block codec --set --param enable-boost1 --value true",,"Enable boots1to the routeaudio",,,,,
,EFIDut:sendCommand,"processaudio --freebufs all",,"Audio free all buffer",,,,,
,EFIDut:sendCommand,"audioparam -b socmca --set --param iface-mode --port ap-mca2 --value mca;audioparam --set --block codec --param enable-mon --value true",,"Setup alert channel (1)",,,,,
,EFIDut:sendCommand,"routeaudio --route --block codec --in amp2 --out amp2-out;setvol -b codec -n amp2-gain -v -7",,"Setup alert channel (2)",,,,,
,EFIDut:sendCommand,"loopaudio -b socmca --txport ap-mca2 --rxport ap-mca2 --len 1000 --freq 1000 -d 16 -c 7",,"Set alert drive and freq",,,,,
,EFIDut:sendCommand,"processaudio -u looprx0 -w qt_alert_check.wav",,"save alert file",,,,,
,EFIDut:sendCommand,"processaudio -p fft -i looprx0 --options ""--windowType flat_top""",,"Process alert response",output,,,,
,Rush:ALERT_IMON_VMON,,,,,,"{""input"":""${output}"",""DUT_TYPE"":""${DUT_TYPE}""}",,
,EFIDut:sendCommand,"processaudio -u looprx0 -w nandfs:\\AppleInternal\Diags\AudioTests\N140\qt1_alert_check.wav",,"Save alert response",,,,,
,EFIDut:sendCommand,"smokeyshell -e ""require 'torch'; wav = require 'WavFile'; audio = wav.read[[nandfs:\\AppleInternal\Diags\AudioTests\N140\qt1_alert_check.wav]]; print('Hall X mean: '..string.format('%.2f',audio[{{},5}]:double():mean()/32767*2048)..' counts')""",,"Calculate hall x mean",output,,,,
,Rush:regexFirstMatch,,,,output,,"{""input"":""${output}"",""regex"":""Hall X mean: ([-.\\d]*) counts""}",,
,Rush:create_record,,,,,,"{""input"":""ALERT_HALL_X_LG_1000Hz"",""value"":""${output}""}","DUT_TYPE CONTAINS ""B""",
,Rush:create_record,,,,,,"{""input"":""ALERT_HALL_X_SM_1000Hz"",""value"":""${output}""}","DUT_TYPE CONTAINS ""S""",
,EFIDut:sendCommand,"smokeyshell -e ""require 'torch'; wav = require 'WavFile'; audio = wav.read[[nandfs:\\AppleInternal\Diags\AudioTests\N140\qt1_alert_check.wav]]; print('Hall resistance mean: '..string.format('%.2f',audio[{{},6}]:double():mean()/32767*1075)..' ohm')""",,"Calculate Hall Impedance",output,,,,
,Rush:regexFirstMatch,,KEY,ALERT_HALL_IMPEDANCE_1000Hz,,,"{""input"":""${output}"",""regex"":""Hall resistance mean: ([.\\d]*) ohm""}",,
,EFIDut:sendCommand,"processaudio -p remove-dc -i looprx0;processaudio -p fft -i process0 --options ""--windowType flat_top""",,"Process alert response",output,,,,
,Rush:regexFirstMatch,,KEY,ALERT_HALL_X_PK_MAG_ORI_1000Hz,value,,"{""input"":""${output}"",""regex"":""Channel 4:[\\S\\s]*?Peak Magnitude=([.\\d]*) FS;""}",,
,Rush:numerify,,,,value,,"[""${value}""]",,
,Rush:CSV_calculate,,KEY,ALERT_HALL_X_PK_MAG_1000Hz,,,"{""expression"":""(value*2048*4.63867)""}",,
,Rush:regexFirstMatch,,KEY,ALERT_HALL_X_FREQ_1000Hz,,,"{""input"":""${output}"",""regex"":""Channel 4:[\\S\\s]*?FS; Frequency:\\s+([.\\d]*)""}",,
,EFIDut:sendCommand,"audio -r;audio --turnoff",,"Turn OFF General Modules (Codec)",,,,,
,Rush:regexFirstMatch,,KEY,ALERT_VMON_PK_MAG_ORI_20Hz,ALERT_VMON_PK_MAG_ORI,,"{""input"":""${output}"",""regex"":""Channel 2:[\\s\\S]+?Peak Magnitude=([\\d.]+)""}",,
