Test,Action,Parameter,"DUT Command",OutputKey,PDCA_NAME,Condition,SAC,SOE,IsGlobal,PDCA_TYPE,EXPECTED
BATTERY_PROPERTIES,EFIDut:sendCommand,,"device -k gasgauge -e read_pack_sn",,,,,,,,
,Rush:regexFirstMatch,"{""regex"":""SN: (\\w+)""}",,output,BATTERY_SN,,,,,ATTRIBUTE,
,EFIDut:sendCommand,,"device -k gasgauge -e read_lifetime_max_dsg_c",,,,,,,,
,Rush:regexFirstMatch,"{""regex"":""= ([-\\d]+)""}",,,BATTERY_DSG_CURRENT_MAX_END,,,,,KEY,
,EFIDut:sendCommand,,"device -k gasgauge -e read_lifetime_temp_c min;device -k gasgauge -e read_lifetime_temp_c max",output,,,,,,,
,Rush:regexFirstMatch,"{""input"":""${output}"",""regex"":""= ([-\\d]+)""}",,,BATTERY_TEMP_MIN_END,,,,,,
,Rush:regexFirstMatch,"{""input"":""${output}"",""regex"":""= ([-\\d]+)""}",,BATTERY_TEMP_MAX_END,BATTERY_TEMP_MAX_END,,,,,,
,EFIDut:sendCommand,,"device -k gasgauge -e restore_lt_max_temp",,,BATTERY_TEMP_MAX_END<=60,,,,,
,EFIDut:sendCommand,,"device -k gasgauge -e read_lifetime_pack_v min",,,,,,,,
,Rush:regexFirstMatch,"{""regex"":""= (\\d+)""}",,,BATTERY_VOLTAGE_MIN_END,,,,,KEY,
,EFIDut:sendCommand,,"device -k gasgauge -e read_lifetime_pack_v max",,,,,,,,
,Rush:regexFirstMatch,"{""regex"":""= (\\d+)""}",,,BATTERY_VOLTAGE_MAX_END,,,,,KEY,
,EFIDut:sendCommand,,"device -k gasgauge -e test_checksum",output,,,,,,,
,Rush:regexFirstMatch,"{""input"":""${output}"",""regex"":""Static Calculated Checksum = (0x\\w+)""}",,,BATT_STATIC_CALCULATED_CHECKSUM,,,,,,
,Rush:regexFirstMatch,"{""input"":""${output}"",""regex"":""Static Stored Checksum = (0x\\w+)""}",,,BATT_STATIC_STORED_CHECKSUM,,,,,,
,EFIDut:sendCommand,,"device -k gasgauge -e read_lifetime_ra_0_8 max",,,,,,,,
,Rush:regexFirstMatch,"{""regex"":""= (\\d+)""}",,,BATTERY_RESISTANCE_MAX,,,,,,
,EFIDut:sendCommand,,"device -k gasgauge -e read_lifetime_ra_0_8 min",,,,,,,,
,Rush:regexFirstMatch,"{""regex"":""= (\\d+)""}",,,BATTERY_RESISTANCE_MIN,,,,,,
,EFIDut:sendCommand,,"device -k gasgauge -e read_lifetime_operating_time;device -k gasgauge -e read_lifetime_time_at_high_soc 0;device -k gasgauge -e read_lifetime_time_at_high_soc 1;device -k gasgauge -e read_lifetime_time_at_high_soc 2;device -k gasgauge -e read_lifetime_time_at_high_soc 3",output,,,,,,,
,Rush:regexFirstMatch,"{""input"":""${output}"",""regex"":""Time\\s*=\\s*(\\d+)""}",,,BATTERY_TOT,,,,,KEY,
,Rush:regexFirstMatch,"{""input"":""${output}"",""regex"":""0\\s*=\\s*(\\d+)""}",,,BATTERY_TA_SOC_RANGE_0_PCT,,,,,KEY,
,Rush:regexFirstMatch,"{""input"":""${output}"",""regex"":""1\\s*=\\s*(\\d+)""}",,,BATTERY_TA_SOC_RANGE_1_PCT,,,,,KEY,
,Rush:regexFirstMatch,"{""input"":""${output}"",""regex"":""2\\s*=\\s*(\\d+)""}",,,BATTERY_TA_SOC_RANGE_2_PCT,,,,,KEY,
,Rush:regexFirstMatch,"{""input"":""${output}"",""regex"":""3\\s*=\\s*(\\d+)""}",,,BATTERY_TA_SOC_RANGE_3_PCT,,,,,KEY,
,EFIDut:sendCommand,,"device -k gasgauge -e read_lifetime_reset_count",,,,,,,,
,Rush:regexFirstMatch,"{""regex"":""= (\\d+)""}",,,BATTERY_LIFETIME_RESET_CNT,,,,,KEY,
