Test,Action,"DUT Command",Parameter,OutputKey,Condition,PDCA_TYPE,SOE,PDCA_NAME,SAC,IsGlobal,EXPECTED
BUTTONS_CHECK,EFIDut:sendCommand,"i2c -z 2 -d 5 0x3c 0x1907 1",,output1,,,,"Check IDLE Button",,,
,Rush:regexFirstMatch,,"{""input"":""${output}"",""regex"":""Data:  (\\w+)""}",output,,,,,,,
,Rush:buttonCheck,,"{""input"":""${output1}""}",,,,,,,,
,Fixture:sendCommand,"Button2 ON","{""expect"":""PASS""}",,,,,"Fixture Press Button2",,,
,EFIDut:sendCommand,"pmustat btn",,output,,,,"Check Press Button 2",,,
,Rush:regexFirstMatch,,"{""input"":""${output}"",""regex"":""BTN2: (\\w+)""}",,,KEY,,BUTTON_2_EXPECT_1_0,,,
,Fixture:sendCommand,"Button2 OFF","{""expect"":""PASS"",""timeout"":10}",,,,,"Fixture Release Button2",,,
,EFIDut:sendCommand,"pmustat btn",,output,,,,"Check Release Button 2",,,
,Rush:regexFirstMatch,,"{""input"":""${output}"",""regex"":""BTN2: (\\w+)""}",,,KEY,,BUTTON_2_EXPECT_1_1,,,
DOUBLE_CLICK,EFIDut:sendCommand,"pmureg -w 0 0x1902 0x19",,,,,,"Configure Double Click Timing to 400ms. Note 400ms is the max setting",,,
,Fixture:sendCommand,"Button1 Twice","{""expect"":""PASS""}",,,,,"Double Click the Button1",,,
,EFIDut:sendCommand,"pmureg -r 0 0x1902",,output1,,,,"Read PMU register for Double Click Event Button1",,,
,Rush:regexFirstMatch,,"{""input"":""${output}"",""regex"":""Register 0x1902 : (\\w+)""}",output,,,,,,,
,Rush:doubleClick,,"{""input"":""${output1}""}",,,,,,,,
