Test,Action,"DUT Command",Parameter,OutputKey,Condition,PDCA_TYPE,SOE,PDCA_NAME,SAC,IsGlobal,EXPECTED
ARDMORE_TEST,EFIDut:sendCommand,"audio -r;socgpio --port 1 --pin 103 --output 1",,,,,,"Reset and Init Ardmore (DMIC in low power mode)",,,
,EFIDut:sendCommand,"audioparam --block codec --set --param enable-boost1 --value true",,,,,,"Enable boots1to the routeaudio",,,
,EFIDut:sendCommand,"pmuadc --read buck3;pmuadc --read ldo6;pmuadc --read appmux_in2; pmuadc --read vddout",,output,,,,"Read Ardmore Voltages",,,
,Rush:regexFirstMatch,,"{""input"":""${output}"",""regex"":""buck3:\\s*([-\\d.?]+)""}",,,KEY,,INIT_ARDMORE_PMUADC_BUCK3_SW3A,,,
,Rush:regexFirstMatch,,"{""input"":""${output}"",""regex"":""ldo6:\\s*([-\\d.?]+)""}",,,KEY,,INIT_ARDMORE_PMUADC_LDO6,,,
,Rush:regexFirstMatch,,"{""input"":""${output}"",""regex"":""appmux_in2:\\s*([-\\d.?]+)""}",,,KEY,,INIT_ARDMORE_PMUADC_APPMUX_IN2,,,
,Rush:regexFirstMatch,,"{""input"":""${output}"",""regex"":""vddout:\\s*([-\\d.?]+)""}",,,KEY,,INIT_ARDMORE_PMUADC_VDDOUT,,,
,EFIDut:sendCommand,"pmuadc --read ibuck3 --stats 50;pmuadc --read ildo6 --stats 50",,output,,,,"Read Ardmore Currents",,,
,Rush:regexFirstMatch,,"{""input"":""${output}"",""regex"":""ibuck3:\\s*Mean:\\s*([-\\d.?]+)""}",,,KEY,,INIT_ARDMORE_PMUADC_IBUCK3,,,
,Rush:regexFirstMatch,,"{""input"":""${output}"",""regex"":""ildo6:\\s*Mean:\\s*([-\\d.?]+)""}",,,KEY,,INIT_ARDMORE_PMUADC_ILDO6,,,
,EFIDut:sendCommand,"audioreg -b codec -r -a 0x2001;audioreg -b codec -r -a 0x2002",,output,,,,"Read Ardmore ATE Rev and ID",,,
,Rush:regexFirstMatch,,"{""input"":""${output}"",""regex"":""0x2001 = (\\w+)""}",,,ATTRIBUTE,,ARDMORE_CHIP_ID_HI,,,
,Rush:regexFirstMatch,,"{""input"":""${output}"",""regex"":""0x2002 = (\\w+)""}",,,ATTRIBUTE,,ARDMORE_CHIP_ID_LO,,,
SPEAKER_IMPEDANCE,EFIDut:sendCommand,"audio -r;socgpio --port 1 --pin 103 --output 1",,,,,,,,,
,EFIDut:sendCommand,"audioparam --block codec --set --param enable-boost1 --value true",,,,,,,,,
,EFIDut:sendCommand,"processaudio --freebufs all",,,,,,,,,
,EFIDut:sendCommand,"audioparam -b socmca --set --param iface-mode --port ap-mca2 --value mca",,,,,,,,,
,EFIDut:sendCommand,"audioparam --set --block codec --param enable-mon --value true",,,,,,,,,
,EFIDut:sendCommand,"routeaudio --route --block codec --in amp1 --out amp1-out",,,,,,,,,
,EFIDut:sendCommand,"setvol -b codec -n amp1-gain -v -7",,,,,,,,,
,EFIDut:sendCommand,"processaudio --pick tone-gen --option '--freq 200 --scale 4 --type sine' --out_channels 2 --out_len 1000;",,,,,,,,,
,EFIDut:sendCommand,"loopaudio -b socmca --txport ap-mca2 --rxport ap-mca2 --usebuf process0",,,,,,,,,
,EFIDut:sendCommand,"processaudio --pick fft --inbufs looprx0 --option '--minHz 100 --maxHz 300';",,output,,,,,,,
,Rush:regexFirstMatch,,"{""input"":""${output}"",""regex"":""Channel 0:[\\s\\S]+?Peak Magnitude=([-\\d.?]+)""}",,,KEY,,CH0_Peak_Power,,,
,Rush:regexFirstMatch,,"{""input"":""${output}"",""regex"":""Channel 1:[\\s\\S]+?Peak Magnitude=([-\\d.?]+)""}",,,KEY,,CH1_Peak_Power,,,
,EFIDut:sendCommand,"audioparam --block codec --set --param enable-boost1 --value false",,,,,,,,,
,EFIDut:sendCommand,"audio --turnoff",,,,,,,,,
