Test,Action,"DUT Command",PDCA_NAME,Parameter,OutputKey,SAC,Condition,PDCA_TYPE,SOE,IsGlobal,EXPECTED
MOLYBDENUM,EFIDut:sendCommand,"sensor --sel compass --init","Turn on compass sensor",,,,,,,,
,Rush:regexFirstMatch,,COMPASS_INIT_STATUS,"{""regex"":""(OK)""}",,,,SHOWUI,,,OK
,EFIDut:sendCommand,"sensor --sel compass --get","Get compass chip info",,,,,,,,
,Rush:regexFirstMatch,,COMPASS_CHIP_ID,"{""regex"":""chip_id = (0x\\w+)""}",,,,ATTRIBUTE,,,
,EFIDut:sendCommand,"sensor --sel compass --conntest","Check compass connectivity",,,,,,,,
,Rush:regexFirstMatch,,COMPASS_CONN_STATUS,"{""regex"":""(PASS)""}",,,,SHOWUI,,,PASS
,EFIDut:sendCommand,"sensor --sel compass --exectest selftest","Run Compass selftest",,output,,,,,,
,Rush:regexFirstMatch,,Compass_Self_PMN_X,"{""input"":""${output}"",""regex"":""PMN_X:\\s*([-\\d.]+)""}",,,,KEY,,,
,Rush:regexFirstMatch,,Compass_Self_PMN_Y,"{""input"":""${output}"",""regex"":""PMN_Y:\\s*([-\\d.]+)""}",,,,KEY,,,
,Rush:regexFirstMatch,,Compass_Self_PMN_Z,"{""input"":""${output}"",""regex"":""PMN_Z:\\s*([-\\d.]+)""}",,,,KEY,,,
,Rush:regexFirstMatch,,COMPAS_SELFTEST_STATUS,"{""input"":""${output}"",""regex"":""(passed)""}",,,,SHOWUI,,,
QUIESCE_SYSTEM,EFIDut:sendCommand,"sensor --sel compass --turnoff","Turn OFF Sensors (compass)",,,,,,,,
,EFIDut:sendCommand,"sensor --sel lisa --turnoff","Turn OFF Sensors (lisa)",,,,,,,,
,EFIDut:sendCommand,"sensor --sel platinum --turnoff","Turn OFF Sensors (platinum)",,,,,,,,
