Test,Action,"DUT Command",Parameter,OutputKey,IsGlobal,EXPECTED,PDCA_NAME,SAC,SOE,Condition,PDCA_TYPE
LYNX_TEST,EFIDut:sendCommand,"sep --init",,,,,,,,,
,EFIDut:sendCommand,"sep -e lynx lynw",,,,,,,,,
,EFIDut:sendCommand,"pmuadc --read ibuck3 --avg 100",,,,,,,,,
,Rush:regexFirstMatch,,"{""regex"":""ibuck3:\\s*(\\d+\\.?\\d*)""}",,,,LYNX_IBUCK3_ACTIVE,,,,KEY
,EFIDut:sendCommand,"sep -e lynx lynd",,,,,,,,,
,EFIDut:sendCommand,"time sep -e lynx lyns --timeout 60000000",,,,,,,,,
,EFIDut:sendCommand,"pmuadc --read ibuck3 --avg 100",,,,,,,,,
,Rush:regexFirstMatch,,"{""regex"":""ibuck3:\\s*(\\d+\\.?\\d*)""}",,,,LYNX_IBUCK3_STANDBY,,,,KEY
,,,,,,,,,,,
,,,,,,,,,,,
,,,,,,,,,,,
,,,,,,,,,,,
,,,,,,,,,,,
,,,,,,,,,,,
,,,,,,,,,,,
,,,,,,,,,,,
,,,,,,,,,,,
,,,,,,,,,,,
,,,,,,,,,,,
