Test,Action,"DUT Command",Parameter,OutputKey,PDCA_TYPE,SOE,PDCA_NAME,IsGlobal,Condition,SAC,EXPECTED
GRAPE,EFIDut:sendCommand,"sensor --sel touch --init;hid --select multi-touch",,,,,,,,,
,Rush:regexFirstMatch,,"{""regex"":""version:(0x\\w+)""}",,,,TOUCH_FW_VER,1,,,
,EFIDut:sendCommand,"sensor -s touch --exectest selftest",,,,,,,,,
,Rush:regexFirstMatch,,"{""regex"":""(PASS)""}",,,,SENSOR_TOUCH_SELFTEST_STATUS,,,,
,EFIDut:sendCommand,"sensor --sel touch -g",,,,,,,,,
,Rush:regexFirstMatch,,"{""regex"":""(OK)""}",,,,TOUCH_PROPERTIES_STATUS,,,,
ALS,EFIDut:sendCommand,"sensor --sel als --init",,,,,,,,,OK
,Rush:regexFirstMatch,,"{""regex"":""(OK)""}",,,,ALS_INIT_STATUS,,,,
,EFIDut:sendCommand,"display --on",,,,,,,,,
,EFIDut:sendCommand,"display --set timeout 600",,,,,,,,,
,EFIDut:sendCommand,"mipi -w 0x39 0x51 ""0x00 00""",,,,,,,,,
,EFIDut:sendCommand,"mipi -w 0x39 0x69 ""0x01 0x28""; mipi -w 0x15 0x62 0x01",,,,,,,,,
,EFIDut:sendCommand,"sensor --sel als --conntest",,output,,,,,,,
,Rush:regexFirstMatch,,"{""input"":""${output}"",""regex"":""ALS_INT\\' = (\\w+)""}",,,,ALS_CONN_INT_STATUS,,,,PASS
,Rush:regexFirstMatch,,"{""input"":""${output}"",""regex"":""ALS_SYNC\\' = (\\w+)""}",,,,ALS_CONN_INT_STATUS,,,,PASS
,Rush:regexFirstMatch,,"{""input"":""${output}"",""regex"":""ALS_EXT_CLK\\' = (\\w+)""}",,,,ALS_CONN_INT_STATUS,,,,PASS
,EFIDut:sendCommand,"sensor --sel als --init",,,,,,,,,
,Rush:regexFirstMatch,,"{""regex"":""(OK)""}",,,,ALS_INIT_STATUS,,,,
,EFIDut:sendCommand,"sensor --sel als --set gain 1 integration_time 50000; sensor --sel als --set sync_enable true",,,,,,,,,
,EFIDut:sendCommand,"sensor --sel als --sample 10 --stats",,output,,,,,,,
,Rush:regexFirstMatch,,"{""input"":""${output}"",""regex"":""average:\\s*ir\\s*=\\s*([\\d.]+)""}",,,,SENSOR_ALS_AVERAGE_IR,,,,
,Rush:regexFirstMatch,,"{""input"":""${output}"",""regex"":""average:[\\s\\S]+clear\\s*=\\s*([\\d.?]+)""}",,,,SENSOR_ALS_AVERAGE_CLEAR,,,,
ALS_DISPON,EFIDut:sendCommand,"mipi -w 0x39 0x51 ""0xFF 0x03"";wait 200",,,,,,,,,
,EFIDut:sendCommand,"sensor --sel als --sample 10 --stats",,output,,,,,,,
,Rush:regexFirstMatch,,"{""input"":""${output}"",""regex"":""average:\\s*ir\\s*=\\s*([\\d.]+)""}",,,,SENSOR_DISPON_ALS_AVERAGE_IR,,,,
,Rush:regexFirstMatch,,"{""input"":""${output}"",""regex"":""average:[\\s\\S]+clear\\s*=\\s*([\\d.?]+)""}",,,,SENSOR_DISPON_ALS_AVERAGE_CLEAR,,,,
,EFIDut:sendCommand,"display --off",,,,,,,,,
DISPLAY,EFIDut:sendCommand,"wait 2000; device -k gasgauge -g current",,,,,,,,,
,Rush:regexFirstMatch,,"{""regex"":""(\\d+)mA""}",,KEY,,BATT_CURRENT_DISPLAY_OFF,,,,
,EFIDut:sendCommand,"display --set timeout 600;display --on",,,,,,,,,
,EFIDut:sendCommand,"pattern --fatp 2",,,,,,,,,
,EFIDut:sendCommand,"display -s blvl 600",,,,,,,,,
,EFIDut:sendCommand,"display --method mipi_pwrdn --options ""-e""",,,,,ENABLING_MIPI_POWER_DOWN,,,,PASS
,EFIDut:sendCommand,"pattern --fatp 6",,,,,,,,,
,EFIDut:sendCommand,"wait 2000; device -k gasgauge -g current",,,,,,,,,
,EFIDut:sendCommand,"display --method mipi_pwrdn --options ""-d""",,,,,,,,,
,EFIDut:sendCommand,"wait 2000; device -k gasgauge -g current",,,,,,,,,
,EFIDut:sendCommand,"display --id",,,,,,,,,
,EFIDut:sendCommand,"pmuadc --read sw2a --stats 50; pmuadc --read sw3b --stats 50; pmuadc --read ldo5 --stats 50",,,,,,,,,
,EFIDut:sendCommand,"pmuadc --read ildo5 --stats 50",,,,,,,,,
,Rush:regexFirstMatch,,"{""regex"":""Mean:\\s*([-\\d.?]+)""}",,,,DISPLAY_ON_PMUADC_ILDO5,,,,
,EFIDut:sendCommand,"display --off",,,,,,,,,
,,,,,,,,,,,
,,,,,,,,,,,
,,,,,,,,,,,
,,,,,,,,,,,
,,,,,,,,,,,
,,,,,,,,,,,
,,,,,,,,,,,
,,,,,,,,,,,
,,,,,,,,,,,
,,,,,,,,,,,
