Test,Action,"DUT Command",Parameter,OutputKey,IsGlobal,SAC,Condition,SOE,PDCA_NAME,PDCA_TYPE,EXPECTED
FIXTURE_SETUP,Rush:init_fixture,,,,,,,,,,
,Fixture:sendCommand,Reset,"{""expect"":""PASS""}",,,,,,"Fixture Reset",,
,Fixture:sendCommand,"Push Cy on","{""expect"":""PASS""}",,,,,,"Fixture speaker module on",,
DBGPWR_OFF,Fixture:sendCommand,"usb off","{""expect"":""PASS""}",,,,,,,,
LISA_FORWARD,Fixture:sendCommand,"Crown forward","{""expect"":""PASS""}",,,,,,"Start crown rotating forward",,
MAGNETITE_TEST,Fixture:sendCommand,"usb on","{""expect"":""PASS""}",,,,,,,,
,Fixture:sendCommand,PUCK_ON,,,,,,,,,
,Fixture:sendCommand,tt_charge_on,,,,,,,,,
PUCK_CHARGE_TEST,Fixture:sendCommand,"usb off",,,,,,,,,
LISA_INIT,Fixture:sendCommand,"Crown on","{""expect"":""PASS""}",,,,,,"Crown on",,
