Test,Action,"DUT Command",Parameter,OutputKey,IsGlobal,EXPECTED,PDCA_NAME,SAC,SOE,Condition,PDCA_TYPE
SET_BUBO_PFM,EFIDut:sendCommand,"socgpio --port 1 --pin 95 --input --nopull; socgpio --port 1 --pin 86 --input --nopull",,,,,"Set SYSTEM_TO_PMU_REQUEST_PWM to low",,,,
Kobol_INIT,EFIDut:sendCommand,"sensor --sel accel,gyro --init",,,,,"Init Kobol",,,,
,Rush:regexFirstMatch,,"{""regex"":""(OK)""}",,,OK,IMU_INIT_STATUS,,,,SHOWUI
IMU_ACCEL_ID,EFIDut:sendCommand,"sensor --sel accel --get",,output,,,"IMU Accel ID Information",,,,
,Rush:getIMUid,,"{""input"":""${output}""}",IMU_MANU_ID,1,,ACCEL_MANU_ID,,,,ATTRIBUTE
Kobol_ACCEL_ID,EFIDut:sendCommand,"sensor --sel accel --get",,output,,,"Kobol Accel ID Information",,,"IMU_MANU_ID CONTAINS '0x00E4'",
,Rush:regexFirstMatch,,"{""input"":""${output}"",""regex"": ""manu_id = (0x\\w+)""}",,,0x00E4,IMU_MANU_ID,,,"IMU_MANU_ID CONTAINS '0x00E4'",ATTRIBUTE
,Rush:regexFirstMatch,,"{""input"":""${output}"",""regex"": ""chip_id = (0x\\w+)""}",,,,IMU_CHIP_ID,,,"IMU_MANU_ID CONTAINS '0x00E4'",ATTRIBUTE
,Rush:regexFirstMatch,,"{""input"":""${output}"",""regex"": ""rev_id = (0x\\w+)""}",,,,IMU_REV_ID,,,"IMU_MANU_ID CONTAINS '0x00E4'",ATTRIBUTE
,Rush:regexFirstMatch,,"{""input"":""${output}"",""regex"": ""mems_id = (0x\\w+)""}",,,,IMU_MEMS_ID,,,"IMU_MANU_ID CONTAINS '0x00E4'",ATTRIBUTE
,Rush:regexFirstMatch,,"{""input"":""${output}"",""regex"": ""asic_id = (0x\\w+)""}",,,,IMU_ASIC_ID,,,"IMU_MANU_ID CONTAINS '0x00E4'",ATTRIBUTE
Kobol_GYRO_DRIVE_FREQ_MEAS,EFIDut:sendCommand,"sensor -s gyro --exectest drive_freq_measurement",,output,,,"Measure gyro drive frequency",,,"IMU_MANU_ID CONTAINS '0x00E4'",
,Rush:regexFirstMatch,,"{""input"":""${output}"",""regex"": ""clk_pos_p = (\\d+\\.?\\d*)""}",,,,GYRO_Drive_Freq_pos,,,"IMU_MANU_ID CONTAINS '0x00E4'",KEY
,Rush:regexFirstMatch,,"{""input"":""${output}"",""regex"": ""clk_vel_p = (\\d+\\.?\\d*)""}",,,,GYRO_Drive_Freq_vel,,,"IMU_MANU_ID CONTAINS '0x00E4'",KEY
Arrikis_ACCEL_ID,EFIDut:sendCommand,"sensor --sel accel --get",,,,,,,,,
,Rush:regexFirstMatch,,"{""input"":""${output}"",""regex"": ""die_id = (\\w+)""}",,,,ACCEL_DIE_ID,,,"IMU_MANU_ID == ""null""",ATTRIBUTE
,Rush:regexFirstMatch,,"{""input"":""${output}"",""regex"": ""die_rev = (\\w+)""}",,,,ACCEL_DIE_REV,,,"IMU_MANU_ID == ""null""",ATTRIBUTE
,Rush:regexFirstMatch,,"{""input"":""${output}"",""regex"": ""wafer_id = (\\w+)""}",,,,ACCEL_WAFER_ID,,,"IMU_MANU_ID == ""null""",ATTRIBUTE
,Rush:regexFirstMatch,,"{""input"":""${output}"",""regex"": ""lot_info = (\\w+)""}",ACCEL_LOT_INFO,1,<G6H948|G6H931>,ACCEL_LOT_INFO,,,"IMU_MANU_ID == ""null""",
IMU_Connectivity,EFIDut:sendCommand,"sensor --sel accel --c",,output,,,"Kobol Accel Connectivity",,,,
,Rush:regexFirstMatch,,"{""input"":""${output}"",""regex"": ""GPIO \\'[\\w+\\_]+\\' = (\\w+)""}",,,PASS,ACCEL_INT1_CONN_TEST,,,,SHOWUI
,Rush:regexFirstMatch,,"{""input"":""${output}"",""regex"": ""GPIO \\'[\\w+\\_]+\\' = (\\w+)""}",,,PASS,ACCEL_INT2_CONN_TEST,,,,SHOWUI
IMU_OFF,EFIDut:sendCommand,"sensor --sel accel,gyro --turnoff; wait 200",,,,,"Turnoff IMU",,,,
Kobol_ACCEL_SELFTEST,EFIDut:sendCommand,"sensor --sel accel --init",,,,,"Init Accel",,,,
,EFIDut:sendCommand,"sensor --sel accel --exectest selftest",,,,,"Kobol Accel Self Test",,,,
,Rush:regexFirstMatch,,"{""regex"":""(PASS)""}",,,PASS,Kobol_Accel_SelfTest,,,,SHOWUI
IMU_Combo_LPNM25_BUBO_PFM,EFIDut:sendCommand,"sensor --sel accel,gyro --init",,,,OK,"Init accelerometer and gyro",,,,
,EFIDut:sendCommand,"socgpio --port 1 --pin 95 --input --nopull; socgpio --port 1 --pin 86 --input --nopull",,,,OK,"Enter gyro low power mode",,,,
,EFIDut:sendCommand,"sensor --sel gyro --set lpm true",,,,,"Enter gyro low power mode",,,"IMU_MANU_ID CONTAINS '0x00E4'",
,EFIDut:sendCommand,"sensor --sel gyro --set lpm_duty_cycle 25",,,,,"Set gyro LPM duty cycle to 25 percent",,,"IMU_MANU_ID CONTAINS '0x00E4'",
,EFIDut:sendCommand,"sensor --sel accel --set dynamic_range 32; sensor --sel gyro --set dynamic_range 2000",,,,,"Set accel/gyro dynamic range to 32g/2000dps",,,"IMU_MANU_ID CONTAINS '0x00E4'",
,EFIDut:sendCommand,"sensor --sel accel --set rate 800; sensor --sel gyro --set rate 800",,,,,"Set accel/gyro ODR to 800Hz",,,"IMU_MANU_ID CONTAINS '0x00E4'",
,EFIDut:sendCommand,"sensor --sel accel --set bw 50; sensor --sel gyro --set bw 100",,,,,"Set accel/gyro BW to 50Hz/100Hz",,,"IMU_MANU_ID CONTAINS '0x00E4'",
,EFIDut:sendCommand,"sensorreg --sel accel --write 0x19 0x00; sensorreg --sel gyro --write 0x1B 0x08",,,,,"Set accel/gyro filter rolloff to -60dB/-20dB",,,"IMU_MANU_ID CONTAINS '0x00E4'",
,EFIDut:sendCommand,"sensor --sel accel --set rate 200; sensor --sel gyro --set rate 200",,,,,"Set accel/gyro ODR to 200Hz",,,"IMU_MANU_ID == ""null""",
,EFIDut:sendCommand,"sensor --sel accel --set dynamic_range 128; sensor --sel gyro --set dynamic_range 2000",,,,,"Set accel/gyro dynamic range to 128g/2000dps",,,"ACCEL_LOT_INFO CONTAINS 'G6H948'",
,EFIDut:sendCommand,"sensor --sel accel --set dynamic_range 16; sensor --sel gyro --set dynamic_range 2000",,,,,"Set accel/gyro dynamic range to 16g/2000dps",,,"ACCEL_LOT_INFO CONTAINS 'G6H931'",
,EFIDut:sendCommand,"sensorreg -s accel --write 0x76 0x00; sensorreg -s accel --write 0x52 0x31",,,,,"Set accel/gyro BW to 50Hz/100Hz",,,"IMU_MANU_ID == ""null""",
,EFIDut:sendCommand,"sensorreg -s accel --write 0x53 0x15; sensorreg -s gyro --write 0x51 0x12",,,,,"Set accel/gyro filter rolloff to -60dB/-20dB",,,"IMU_MANU_ID == ""null""",
,EFIDut:sendCommand,"event -s enter-bg-quiesce",,,,,"Enter BG quiesce",,,,
,EFIDut:sendCommand,"sensor --sel accel,gyro --sample 500ms --stats --quiet",,output,,,"Collect 500ms of accelerometer and gyro data",,,,
,Rush:setACCEL_1,,,,,,,,,,
,Rush:setACCEL_2,,"{""input"":""${ACCEL_LOT_INFO}""}",,,,,,,"IMU_MANU_ID == ""null""",
,Rush:IMUComboLPNM25BuboPfm,,"{""input"":""${output}"",""imuinput"":""${IMU_MANU_ID}""}",,,,,,,,
,EFIDut:sendCommand,"event -s leave-bg-quiesce",,,,,"Leave BG quiesce",,,,
,EFIDut:sendCommand,"sensor --sel gyro --set lpm false",,,,,"Exit gyro low noise mode",,,"IMU_MANU_ID CONTAINS '0x00E4'",
,EFIDut:sendCommand,"sensor --sel accel,gyro --turnoff",,,,,"Turn off accelerometer and gyro",,,,
