Test,Action,DUT Command,PDCA_NAME,Parameter,Condition,EXPECTED,IsGlobal,PDCA_TYPE,SOE,SAC,OutputKey
CONSOLE_SETTING,Rush:sleep_ms,,,[100],,,,,,,
,EFIDut:open,,,,,,,,,,
,EFIDut:syncCmdResp,,,,,,,,,,
,EFIDut:sendCommand,consoleformat --sink serial --dis --o color,Disable consoleformat color,,,,,,,,
ALIAS_SETTING,EFIDut:sendCommand,script radios.txt,Alias Setting,,,,,,,,
STOCKHOLM_SE,EFIDut:sendCommand,stockholm --off;stockholm --on;stockholm --init,,,,,,,,,
,EFIDut:sendCommand,stockholm --sefuse_type,,,,,,,,,
,Rush:regexFirstMatch,,PRODUCTION_SE,"{""regex"":""(\\w+)""}",,,,ATTRIBUTE,,,
SPAM_SETTING,EFIDut:sendCommand,device -k Spam -e init;device -k Spam -e stop,Turn off Spam device,"{""check"":""NOTCHECK""}",,,,,,,
SET_NVRAM,EFIDut:sendCommand,"nvram --set disable-rtbuddy-fw ""1""",,,,,,,,,
,EFIDut:sendCommand,nvram --save,,,,,,,,,
GET_SW_INFO,EFIDut:sendCommand,thermalmonitor --off,Turn off thermal monitor,,,,,,,,
GET_SW_INFO_1,Rush:sleep_ms,,,[2000],,,,,,,
,EFIDut:sendCommand,version,Read EFI Diags Version,,,,,,,,output
,Rush:regexFirstMatch,,DIAGS_VERSION,"{""regex"":""\\((\\w+)\\)\\.\\s*Revision""}",,,,ATTRIBUTE,,,
,Rush:regexFirstMatch,,DIAGS_BUILD_TIMESTAMP,"{""input"":""${output}"",""regex"":""at ([\\s\\S]*?)\n""}",,,,ATTRIBUTE,,,
,EFIDut:sendCommand,blockdevice,Read Software Info,,,,,,,,
,Rush:regexFirstMatch,,BLOCK_DEVICE,"{""regex"":""File (\\w+) Devices:""}",,,,SHOWUI,,,
,EFIDut:sendCommand,syscfg print MLB#,Read MLB Serial Number,,,,,,,,
,Rush:regexFirstMatch,,MLBSN,"{""regex"":""(\\w+)""}",,,1,ATTRIBUTE,,,MLBSN
,EFIDut:sendCommand,boardrev,Read MLB Board REV,,,,,,,,
,Rush:regexFirstMatch,,BOARD_REV,"{""regex"":""Revision:\\s*(0x\\w+)""}",,,,ATTRIBUTE,,,
,EFIDut:sendCommand,boardid,Read MLB Board ID,,,,,,,,
,Rush:regexFirstMatch,,BOARD_ID,"{""regex"":""Id:\\s*(0x\\w+)""}",,,1,ATTRIBUTE,,,BOARD_ID
GET_MLB_INFO,EFIDut:sendCommand,syscfg print CFG#,,,,,,,,,
,Rush:regexFirstMatch,,MLB_CFG,"{""regex"":""(.*?)[,\n]*""}",,,,,,,
GET_INFO,Rush:SetGLOBAL,,,"{""input"":""${BOARD_ID}""}",,,1,,,,DUT_TYPE
GET_COMP_INFO,EFIDut:sendCommand,soc -p,Read SOC Properties,,,,,,,,output
,Rush:regexFirstMatch,,SOC_PROP_FUSE_REV,"{""input"":""${output}"",""regex"":""fuse-rev\\:\\s*(\\d*)""}",,,,ATTRIBUTE,,,
,Rush:regexFirstMatch,,SOC_PROP_PRODUCTION_MODE,"{""input"":""${output}"",""regex"":""production-mode\\:\\s*(\\d*)""}",,<0|1>,,ATTRIBUTE,,,
,Rush:regexFirstMatch,,SOC_PROP_REVISION,"{""input"":""${output}"",""regex"":""revision:\\s*(\\w\\d)""}",,<A0|A5|B0|B1>,,ATTRIBUTE,,,
,EFIDut:sendCommand,chipid,Read SOC Chip ID,,,,,,,,output
,Rush:regexFirstMatch,,CHIPID,"{""input"":""${output}"",""regex"":""Chip\\s*ID:\\s*(\\d+)""}",,<8004|8006>,,ATTRIBUTE,,,
,Rush:regexFirstMatch,,CHIPVER,"{""input"":""${output}"",""regex"":""Version:\\s*([\\d.]*\\d+)""}",,<0.0|8.0|11.0>,,ATTRIBUTE,,,
,EFIDut:sendCommand,soc -p list-perf-state,Read SOC Bin Data,,,,,,,,output
,Rush:regexFirstMatch,,SOC_BIN_VOLTAGE_0,"{""input"":""${output}"",""regex"":""SoC Voltage\\s+:(\\d+)mV""}",,,,KEY,,,
,EFIDut:sendCommand,pmureg -r 0 0x00 3,Read PMU ID Registers,,,,,,,,output
,Rush:regexFirstMatch,,PMU_ID0_MASKREV,"{""input"":""${output}"",""regex"":""Register 0x0000\\s*:\\s*(\\w+)""}",,,,ATTRIBUTE,,,
,Rush:regexFirstMatch,,PMU_ID1_TRIMREV,"{""input"":""${output}"",""regex"":""Register 0x0001\\s*:\\s*(\\w+)""}",,,,ATTRIBUTE,,,
,Rush:regexFirstMatch,,PMU_ID2_PLATFORMID,"{""input"":""${output}"",""regex"":""Register 0x0002\\s*:\\s*(\\w+)""}",,,,ATTRIBUTE,,,
QUERY_SFC_WRITE_SYSCFG,Rush:getSFCInfo,,,"{""keysToQuery"":[""qt_fg_sn""],""serialnumber"":""${MLBSN}""}",,,1,,,,SFC_queried1
,Rush:stringify,,,"[""${SFC_queried1}.qt_fg_sn""]",,,,,,,output
,EFIDut:sendCommand,syscfg add SrNm ${output},Write SN,,,,,,,,
GET_SYS_INFO,EFIDut:sendCommand,syscfg print SrNm,Read Unit Serial Number,,,,,,,,
,Rush:regexFirstMatch,,UNIT_SN,"{""regex"":""Serial:\\s*(\\w+)""}",,,1,ATTRIBUTE,,,UNIT_SN
,Rush:middleSN,,,"{""input"":""${SFC_queried1}.qt_fg_sn""}",,,,,,,
GG_CHECK,EFIDut:sendCommand,dev -k gasgauge -g charge-percentage,,,,,,,,,
,Rush:regexFirstMatch,,GG_CHARGE_PERCENTAGE,"{""regex"":""(\\d+)%""}",,,,KEY,,,
QUERY_SFC_WRITE_SYSCFG_1,Rush:getSFCInfo,,,"{""keysToQuery"":[""sbuild"",""config""],""serialnumber"":""${UNIT_SN}""}",,,,,,,SFC_queried
,Rush:querySBUILD,,,"{""inputsb"":""${SFC_queried}.sbuild"",""inputconfig"":""${SFC_queried}.config""}",,,,,,,
,EFIDut:sendCommand,syscfg print CFG#,Read MLB CFG,,,,,,,,
,Rush:regexFirstMatch,,MLB_CFG_INITIAL,"{""regex"":""(\\w+/\\w+/\\w+)""}",,,,,,,output
,Rush:cfgSFC,,,"{""input"":""${output}""}",,,,,,,output
,EFIDut:sendCommand,syscfg add CFG# ${output},Write MLB CFG,,,,,,,,
,EFIDut:sendCommand,syscfg print CFG#,Read MLB CFG 2,,,,,,,,
,Rush:regexFirstMatch,,MLB_CFG_APPENED,"{""regex"":""(.*?)\n""}",,,,ATTRIBUTE,,,
,Rush:getSFCInfo,,,"{""keysToQuery"":[""sbuild"", ""Tigerdmin"", ""crowndmin"", ""lisadmin"", ""housmaterialdmin"", ""houscolordmin"", ""backcrystalmaterialdmin"", ""backcrystalcolordmin""],""serialnumber"":""${UNIT_SN}""}",,,1,,,,SFC_queried
,Rush:querySFC,,,"{""crowndmin"":""${SFC_queried}.crowndmin"",""Tigerdmin"":""${SFC_queried}.Tigerdmin"",""DUT_TYPE"":""${DUT_TYPE}""}",,,,,,,output
,EFIDut:sendCommand,syscfg add LsBT ${output},Write LsBT,,,,,,,,output
,EFIDut:sendCommand,syscfg print LsBT,Read LsBT,,,,,,,,
,Rush:regexFirstMatch,,LsBT,"{""regex"":""\\s*(0x\\w+\\s*0x\\w+\\s*0x\\w+\\s*0x\\w+)\\s*""}",,,1,ATTRIBUTE,,,LsBT
,Rush:stringify,,EnMt,"[""${SFC_queried}.housmaterialdmin""]",,,,ATTRIBUTE,,,output
,EFIDut:sendCommand,syscfg add EnMt ${output},Write EnMt,,,,,,,,
,EFIDut:sendCommand,syscfg print EnMt,Read EnMt,,,,,,,,
,Rush:regexFirstMatch,,ENMT_SYSCFG_VALUE,"{""regex"":""\\s*(0x\\w+\\s*0x\\w+\\s*0x\\w+\\s*0x\\w+)\\s*""}",,,,SHOWUI,,,EnMt
,Rush:CSV_compare,,,"{""left"":""${output}"",""right"":""${EnMt}"",""name"":""ENMT_SYSCFG_VALUE_Compare""}",,,,,,,
,Rush:stringify,,CLHS,"[""${SFC_queried}.houscolordmin""]",,,,ATTRIBUTE,,,output
,EFIDut:sendCommand,syscfg add CLHS ${output},Write CLHS,,,,,,,,
,EFIDut:sendCommand,syscfg print CLHS,Read CLHS,,,,,,,,
,Rush:regexFirstMatch,,CLHS_SYSCFG_VALUE,"{""regex"":""\\s*(0x\\w+\\s*0x\\w+\\s*0x\\w+\\s*0x\\w+)\\s*""}",,,,SHOWUI,,,CLHS
,Rush:CSV_compare,,,"{""left"":""${output}"",""right"":""${CLHS}"",""name"":""CLHS_SYSCFG_VALUE_Compare""}",,,,,,,
,Rush:sfcinfo,,BGMt,"{""input"":""${UNIT_SN}""}",,,,ATTRIBUTE,,,output
,EFIDut:sendCommand,syscfg add BGMt ${output},Write BGMt,,,,,,,,
,EFIDut:sendCommand,syscfg print BGMt,Read BGMt,,,,,,,,
,Rush:regexFirstMatch,,BGMT_SYSCFG_VALUE,"{""regex"":""\\s*(0x\\w+\\s*0x\\w+\\s*0x\\w+\\s*0x\\w+)\\s*""}",,,,SHOWUI,,,BGMt
,Rush:CSV_compare,,,"{""left"":""${output}"",""right"":""${BGMt}"",""name"":""BGMT_SYSCFG_VALUE_Compare""}",,,,,,,
,Rush:stringify,,CLBG,"[""${SFC_queried}.backcrystalcolordmin""]",,,,ATTRIBUTE,,,output
,EFIDut:sendCommand,syscfg add CLBG ${output},Write CLBG,,,,,,,,
,EFIDut:sendCommand,syscfg print CLBG,Read CLBG,,,,,,,,
,Rush:regexFirstMatch,,CLBG_SYSCFG_VALUE,"{""regex"":""\\s*(0x\\w+\\s*0x\\w+\\s*0x\\w+\\s*0x\\w+)\\s*""}",,,,SHOWUI,,,CLBG
,Rush:CSV_compare,,,"{""left"":""${output}"",""right"":""${CLBG}"",""name"":""CLBG_SYSCFG_VALUE_Compare""}",,,,,,,
,EFIDut:sendCommand,syscfg print CCal,Read CCal,,,,,,,,
,Rush:regexFirstMatch,,CCAL,"{""regex"":""\\s*(.*?)\n""}",,,,ATTRIBUTE,,,
,EFIDut:sendCommand,syscfg add PRSq 0x01050001,Write PRSq,,,,,,,,
,EFIDut:sendCommand,syscfg print PRSq,Read PRSq,,,,,,,,
,Rush:regexFirstMatch,,PRSq,"{""regex"":""\\s*(0x\\w+\\s*0x\\w+\\s*0x\\w+\\s*0x\\w+)\\s*""}",,,,ATTRIBUTE,,,
QUERY_SFC_WRITE_SYSCFG_SN,Rush:getSFCInfo,,,"{""keysToQuery"":[""qt_fg_sn"",""sbuild""],""serialnumber"":""${MLBSN}""}",,,,,,,