Test,Action,"DUT Command",Parameter,IsGlobal,Condition,OutputKey,PDCA_NAME,SAC,SOE,PDCA_TYPE,EXPECTED
LISA_INIT,EFIDut:sendCommand,"sensor --sel lisa --init",,,,,"Initialize Bonn",,,,
,Rush:regexFirstMatch,,"{""regex"":""(OK)""}",,,,SENSOR_LISA_INIT_STATUS,,,SHOWUI,OK
,EFIDut:sendCommand,"sensor --sel lisa -g",,,,,"Get lisa Info",,,,
,Rush:regexFirstMatch,,"{""regex"":""fw_version = (.*)\n""}",1,,RTP_FW,RTP_FW,,,SHOWUI,
,EFIDut:sendCommand,"sensor --sel lisa --set hw-mode true",,,,,"Set Lisa to HW Mode",,,,
,EFIDut:sendCommand,"sensorreg --sel lisa --read 0x00",,,,,"Bonn Chip ID",,,,
,Rush:regexFirstMatch,,"{""regex"":""=\\s*(0x\\w+)""}",,,,SENSOR_LISA_BONN_CHIP_ID,,,KEY,<0x00A9>
,EFIDut:sendCommand,"sensor --sel lisa --conntest",,,,output,"Bonn Connectivity Test",,,,
,Rush:regexFirstMatch,,"{""input"":""${output}"",""regex"":""\\'SPI\\' = (\\w+)""}",,,,SENSOR_LISA_CONNTEST_SPI,,,SHOWUI,PASS
,Rush:regexFirstMatch,,"{""input"":""${output}"",""regex"":""\\'RST\\' = (\\w+)""}",,,,SENSOR_LISA_CONNTEST_RST,,,SHOWUI,PASS
,EFIDut:sendCommand,"sensor --sel lisa --set hw-mode false",,,,,"Disable HW mode, also turns Bonn off.",,,,
,EFIDut:sendCommand,"sensor --sel lisa --exectest selftest",,,,,"Lisa Selftest",,,,
,Rush:regexFirstMatch,,"{""input"":""${output}"",""regex"":""test-result: \\w+\n(\\w+)""}",,,,SENSOR_LISA_SELFTEST_STATUS,,,SHOWUI,PASS
,EFIDut:sendCommand,"sensor --sel lisa --turnoff",,,,,"Turn off Lisa",,,,
,Rush:getSmokeyCmd,,"{""input"":""${LsBT}""}",,,output,,,,,
,EFIDut:sendCommand,${output},,,,,"Run Smokey script for Lisa",,,,
LISA_FORWARD-USBFS,EFIDut:sendCommand,"wait 1500;mkdir nandfs:\AppleInternal\Lisa_data\",,,,,"Make folder",,,,
,EFIDut:sendCommand,"filelog --on nandfs:\AppleInternal\Lisa_data\${UNIT_SN}_FORWARD_RAW.log",,,,,"Set the output log",,,,
,EFIDut:sendCommand,"consolerouter --add --src lisa.debug.testdata --dest file",,,,,"Set consolerouter",,,,
,EFIDut:sendCommand,"smokeyshell -r;smokeyshell -f ""nandfs:\AppleInternal\Diags\Logs\Smokey\Lisa\N140\Main.lua"" -e ""startLisaTest([[FORWARD]],[[LOG]])""",,,,output,"Run Forward Lisa Smokey Script",,,,
,Rush:lisaForward,,"{""input"":""${output}""}",,,output,,,,,
,EFIDut:sendCommand,"smokeyshell -r;smokeyshell -f ""nandfs:\AppleInternal\Diags\Logs\Smokey\Lisa\N140\Main.lua"" -e ""DisableLisa()""",,,,,"Disable Lisa",,,,
,EFIDut:sendCommand,"filelog --off",,,,,"Disable Lisa",,,,
,EFIDut:sendCommand,"consolerouter --rm --src lisa.debug.testdata --dest file",,,,,"Disable Lisa",,,,
,Fixture:sendCommand,"Crown Stop","{""expect"":""PASS""}",,,,"Stop crown rorating",,,,
,EFIDut:sendCommand,"usbfs --mount",,,,,"Init Usbfs",,,,
,EFIDut:sendCommand,"cp -r nandfs:\AppleInternal\Lisa_data\ usbfs:\",,,,,"Copy file to local",,,,
,EFIDut:sendCommand,"usbfs --unmount",,,,,"Disable Usbfs",,,,
,Rush:Lisastop,,,,,,,,,,
