Test,Action,"DUT Command",Parameter,OutputKey,PDCA_TYPE,SOE,PDCA_NAME,IsGlobal,Condition,SAC,EXPECTED
MAGNETITE_TEST,EFIDut:sendCommand,"c26 set backpower false;socgpio --port 2 --pin 1 --output 0;socgpio --port 2 --pin 1 --input nopull",,,,,,,,,
,EFIDut:sendCommand,"pmuset --bubo --off",,,,,,,,,
,EFIDut:sendCommand,"c26 set backpower false; c26 set backpower true",,,,,,,,,
,EFIDut:sendCommand,"c26 get firmware_version",,,,,,,,,
,EFIDut:sendCommand,"c26 get status",,,,,,,,,
,EFIDut:sendCommand,"c26 fw",,,,,,,,,
,EFIDut:sendCommand,"c26 write 0xF0000B80 0xBD000000",,,,,,,,,
,EFIDut:sendCommand,"c26 read 0xf0000000",,,,,,,,,
,EFIDut:sendCommand,"c26 read 0xf000002c",,,,,,,,,
,EFIDut:sendCommand,"wait 1000",,,,,,,,,
,EFIDut:sendCommand,"c26 get all",,output,,,,,,,
,Rush:magnetiteTest,,"{""input"":""${output}""}",,,,,,,,
PUCK_CHARGE_TEST,EFIDut:sendCommand,"pmuadc --read ich --stats 50",,,,,,,,,
,Rush:regexFirstMatch,,"{""input"":""${output}"",""regex"":""ich:\\s*([\\d.]+)""}",,,,CHARGE_TEST_INIT_PMUADC_READ_ICH_B,,"DUT_TYPE CONTAINS 'B'",,
,Rush:regexFirstMatch,,"{""input"":""${output}"",""regex"":""Mean:\\s*([\\d.]+)""}",,,,CHARGE_TEST_INIT_PMUADC_READ_ICH_S,,"DUT_TYPE CONTAINS 'S'",,
,EFIDut:sendCommand,"device -k gasgauge -p",,,,,,,,,
,Fixture:sendCommand,"usb off",,,,,,,,,
,,,,,,,,,,,
,,,,,,,,,,,
,,,,,,,,,,,
,,,,,,,,,,,
,,,,,,,,,,,
,,,,,,,,,,,
,,,,,,,,,,,
,,,,,,,,,,,
