Enable,Test,Technology,COF,Rel,MP,GRR,Engenering
1,Copy TestPlan To LogDir,Process,0,1,1,1,1
1,FIXTURE_SETUP,SPAM,0,1,1,1,1
1,CONSOLE_SETTING,INIT,0,1,1,1,1
1,FIXTURE_SETUP,FIXTURE,0,1,1,1,1
1,Set RTC,Process,0,1,1,1,1
1,ALIAS_SETTING,INIT,0,1,1,1,1
1,GET_SW_INFO,INIT,0,1,1,1,1
1,SPAM_SETTING,INIT,0,1,1,1,1
1,GET_SW_INFO_1,INIT,0,1,1,1,1
1,GET_INFO,INIT,0,1,1,1,1
1,GET_COMP_INFO,INIT,0,1,1,1,1
1,QUIESCE_SYSTEM,POWER,0,1,1,1,1
1,QUERY_SFC_WRITE_SYSCFG,INIT,0,1,1,1,1
1,GET_SYS_INFO,INIT,0,1,1,1,1
0,Read SN,Process,0,1,1,1,1
1,Dut Close,Process,0,1,1,1,1
1,Start Data Reporting,Process,0,1,1,1,1
1,Start Control Bits,Process,0,1,1,1,1
1,Dut Open,Process,0,1,1,1,1
1,GET_MLB_INFO,INIT,0,1,1,1,1
1,QUERY_SFC_WRITE_SYSCFG_1,INIT,0,1,1,1,1
1,LISA_INIT,FIXTURE,0,1,1,1,1
1,TRISTAR,TRISTAR,0,1,1,1,1
1,LISA_INIT,LISA,0,1,1,1,1
1,LISA_FORWARD,FIXTURE,0,1,1,1,1
1,LISA_FORWARD-USBFS,LISA,0,1,1,1,1
1,INIT_PMU_READ,POWER,0,1,1,0,1
1,SET_BUBO_PFM,IMU,0,1,1,0,1
1,Kobol_INIT,IMU,0,1,1,0,1
1,IMU_ACCEL_ID,IMU,0,1,1,0,1
1,Kobol_ACCEL_ID,IMU,0,1,1,0,1
1,Kobol_GYRO_DRIVE_FREQ_MEAS,IMU,0,1,1,0,1
1,IMU_Connectivity,IMU,0,1,1,0,1
1,IMU_OFF,IMU,0,1,1,0,1
1,Kobol_ACCEL_SELFTEST,IMU,0,1,1,0,1
1,IMU_Combo_LPNM25_BUBO_PFM,IMU,0,1,1,0,1
1,POTASSIUM,PRESSURE,0,1,1,0,1
1,MOLYBDENUM,COMPASS,0,1,1,0,1
1,QUIESCE_SYSTEM,COMPASS,0,1,1,0,1
1,ARDMORE_TEST,CODEC,0,1,1,0,1
1,BASEBAND,SPAM,0,1,1,0,1
1,CARNELIAN,SENSOR,0,1,1,0,1
1,BUTTONS_CHECK,BUTTON,0,1,1,0,1
1,DOUBLE_CLICK,BUTTON,0,1,1,0,1
1,GERMANIUM,RADIO,0,1,1,0,1
1,BASEBAND_1,RADIO,0,1,1,0,1
1,VINYL_TEST_1,RADIO,0,1,1,0,1
1,BASEBAND_2,RADIO,0,1,1,0,1
1,VINYL_TEST_2,RADIO,0,1,1,0,1
0,GRAPE,FCM,0,1,1,0,1
0,ALS,FCM,0,1,1,0,1
0,ALS_DISPON,FCM,0,1,1,0,1
0,DISPLAY,FCM,0,1,1,0,1
1,END_QUIESCE_SYSTEM,POWER,0,1,1,0,1
0,BATTERY_PROPERTIES,BATTERY,0,1,1,0,1
0,ALERT_IMON_VMON_20Hz,ALERT,0,1,1,0,1
0,PUCK_CHARGE_TEST,FIXTURE,0,1,1,0,1
0,IMU_Combo_LPNM25_BUBO_DELTA,IMU,0,1,1,0,1
0,ALERT_IMON_VMON_1000Hz,ALERT,0,1,1,0,1
0,IMU_Combo_LPNM25_BUBO_PWM,IMU,0,1,1,0,1
1,SET_NVRAM,Process,0,1,1,0,1
1,Dut Close,Process,0,1,1,1,1
1,Copy Log,Process,0,1,1,1,1
1,Finish DRCB,Process,0,1,1,1,1
1,TEST_END,Process,0,1,1,1,1