Test,Action,"DUT Command",Parameter,OutputKey,IsGlobal,Condition,PDCA_NAME,PDCA_TYPE,EXPECTED,SAC,SOE
MOPED,EFIDut:sendCommand,"hash --type Moped --append",,,,,,,,,
,Rush:regexFirstMatch,,"{""regex"":""Hash: (.*)""}",,,,MOPED_SYSCFG_VALUE,,,,
,EFIDut:sendCommand,"syscfg print MdlC",,,,,,,,,
,Rush:regexFirstMatch,,"{""regex"":""=(0x\\w+)""}",,,,MOPED_BEFORE_CHECK,ATTRIBUTE,,,
,EFIDut:sendCommand,"hash --type Moped --check",,,,,,,,,
,Rush:regexFirstMatch,,"{""regex"":""(PASS)""}",,,,MOPED_HASH_CHECK,ATTRIBUTE,,,
,EFIDut:sendCommand,"syscfg print MdlC",,,,,,,,,
,Rush:regexFirstMatch,,"{""regex"":""=(0x\\w+)""}",,,,MOPED,ATTRIBUTE,,,
