Test,Action,DUT Command,Parameter,OutputKey,PDCA_TYPE,SOE,PDCA_NAME,IsGlobal,Condition,SAC,EXPECTED
Diags Version,EFIDut:sendCommand,version,"{""regex"":""\\((.+)\\).\\s*Revision""}",diag_version,,,,,,,
,Rush:add_device_attribute,,"[""DIAG_VER"",""${diag_version}""]",,,,,,,,
Dut Close,EFIDut:close,,,,,,,,,,
,Rush:sleep_ms,,[100],,,,,,,,
Dut Open,Rush:sleep_ms,,[100],,,,,,,,
,EFIDut:open,,,,,,,,,,
,EFIDut:syncCmdResp,,,,,,,,,,
Enter Diags,Rush:enterDiags,,"[""UART""]",,,,,,,,
Finish DRCB,Rush:Atlas.tock,,"[""${FULL_TEST_TIME_TAG}""]",,,,,,,,
,DRCB:finish,,,,,,,,,,
Get SFC Info,Rush:getSFCInfo,,"{""keysToQuery"":[""sub_sn"",""grp_sn"",""cg_sn"",""lcm_sn"",""unit_lbl""],""serialnumber"":""${serialnumber}""}",SFC_queried,,,,1,,,
Set RTC,Rush:System.command,,"[""date"", ""-u"", ""+%Y%m%d%H%M%S""]",,,,,,,,
,Rush:setActionSharedVariables,,"{""time"": ""${DefaultOutputKey}['out'][:-1]""}",,,,,,,,
,EFIDut:sendCommand,rtc --set ${time},,,,,,,,,
FIXTURE_SETUP,Fixture:sendCommand,Reset,"{""expect"":""PASS""}",,,,,,,,
,Fixture:sendCommand,Push Cy on,"{""expect"":""PASS""}",,,,,,,,
DBGPWR_OFF,Fixture:sendCommand,usb off,"{""expect"":""PASS""}",,,,,,,,
QUIESCE_SYSTEM,EFIDut:sendCommand,audio -r;audio -f,,,,,Turn OFF General Modules (Codec),,,,
,EFIDut:sendCommand,audio -f socpdm;,,,,,Turn OFF General Modules (socpdm),,,,
,EFIDut:sendCommand,"sensor --sel accel,gyro --turnoff",,,,,"Turn OFF Sensors (accel,gyro)",,,,
,EFIDut:sendCommand,sensor --sel lisa --turnoff,,,,,Turn OFF Sensors (lisa),,,,
,EFIDut:sendCommand,sensor --sel platinum --turnoff,,,,,Turn OFF Sensors (platinum),,,,
CHARGER_OFF,EFIDut:sendCommand,pmuadc --read ich --stats 50,,,,,,,,,
,Rush:regexFirstMatch,,"{""regex"":""ich:\\s*([\\d.]+)""}",,KEY,,INIT_DBGPWR_ON_PMUADC_READ_ICH,,,,
,EFIDut:sendCommand,pmugpio --pin 21 --pushpull --source vdd --output 1,,,,,,,,,
,EFIDut:sendCommand,pmugpio --pin 21 --get,,,,,,,,,
,Rush:regexFirstMatch,,"{""regex"":""= 0""}",,,,CHARGER_OFF_DEBUG_PWR_OFF,,,,
INIT_GG_READ,EFIDut:sendCommand,device -k gasgauge -p,,output,,,,1,,,
,Rush:regexFirstMatch,,"{""input"":""${output}"",""regex"":""percentage:\\s*\""(\\d+)""}",,,,INIT_GG_CHARGE_PERCENTAGE,,,,
,Rush:regexFirstMatch,,"{""input"":""${output}"",""regex"":""type:\\s*\""(\\w+)""}",,ATTRIBUTE,,INIT_GG_TYPE,,,,GasGauge
,Rush:regexFirstMatch,,"{""input"":""${output}"",""regex"":""model:\\s*\""(\\w+)""}",,ATTRIBUTE,,INIT_GG_MODEL,,DUT_TYPE CONTAINS 'S',,BQ27744
,Rush:regexFirstMatch,,"{""input"":""${output}"",""regex"":""model:\\s*\""(\\w+)""}",,ATTRIBUTE,,INIT_GG_MODEL,,DUT_TYPE CONTAINS 'B',,BQ27546
,Rush:regexFirstMatch,,"{""input"":""${output}"",""regex"":""fw-version:\\s*\""(\\w+)""}",,KEY,,INIT_GG_FW,,DUT_TYPE CONTAINS 'S',,0x106
,Rush:regexFirstMatch,,"{""input"":""${output}"",""regex"":""fw-version:\\s*\""(\\w+)""}",,KEY,,INIT_GG_FW,,DUT_TYPE CONTAINS 'B',,0x610
,Rush:regexFirstMatch,,"{""input"":""${output}"",""regex"":""hw-version:\\s*\""(\\w+)""}",,KEY,,INIT_GG_HW,,DUT_TYPE CONTAINS 'B',,0xA8
,Rush:regexFirstMatch,,"{""input"":""${output}"",""regex"":""hw-version:\\s*\""(\\w+)""}",,KEY,,INIT_GG_HW,,DUT_TYPE CONTAINS 'S',,0xA5
,Rush:regexFirstMatch,,"{""input"":""${output}"",""regex"":""temperature:\\s*\""(\\d+)""}",,KEY,,INIT_GG_TEMPERATURE,,,,
,Rush:regexFirstMatch,,"{""input"":""${output}"",""regex"":""voltage:\\s*\""([\\d.]+)""}",,KEY,,INIT_GG_VOLTAGE,,DUT_TYPE CONTAINS 'S',,
,Rush:regexFirstMatch,,"{""input"":""${output}"",""regex"":""voltage:\\s*\""([\\d.]+)""}",,KEY,,INIT_GG_VOLTAGE,,DUT_TYPE CONTAINS 'B',,
,Rush:regexFirstMatch,,"{""input"":""${output}"",""regex"":""remaining-capacity:\\s*\""(\\d+)""}",,KEY,,INIT_GG_REMAINING_CAPACITY,,DUT_TYPE CONTAINS 'S',,
,Rush:regexFirstMatch,,"{""input"":""${output}"",""regex"":""remaining-capacity:\\s*\""(\\d+)""}",,KEY,,INIT_GG_REMAINING_CAPACITY,,DUT_TYPE CONTAINS 'B',,
,Rush:regexFirstMatch,,"{""input"":""${output}"",""regex"":""nominal-capacity:\\s*\""(\\d+)""}",,KEY,,GG_NOMINAL_CAPACITY,,DUT_TYPE CONTAINS 'S',,
,Rush:regexFirstMatch,,"{""input"":""${output}"",""regex"":""nominal-capacity:\\s*\""(\\d+)""}",,KEY,,GG_NOMINAL_CAPACITY,,DUT_TYPE CONTAINS 'B',,
,Rush:regexFirstMatch,,"{""input"":""${output}"",""regex"":""current:\\s*\""(-?\\d+)""}",,KEY,,INIT_GG_CURRENT,,,,
,Rush:regexFirstMatch,,"{""input"":""${output}"",""regex"":""cycle-count:\\s*\""(\\d+)""}",,KEY,,INIT_GG_CYCLE_COUNT,,,,
,Rush:regexFirstMatch,,"{""input"":""${output}"",""regex"":""chem-id:\\s*\""(\\w+)""}",,KEY,,INIT_GG_CHEM_ID,,DUT_TYPE CONTAINS 'B',,
,Rush:regexFirstMatch,,"{""input"":""${output}"",""regex"":""chem-id:\\s*\""(\\w+)""}",,KEY,,INIT_GG_CHEM_ID,,DUT_TYPE CONTAINS 'S',,
INIT_SOC_READ,EFIDut:sendCommand,soc -p get-perf-state,,output,,,,,,,
,Rush:regexFirstMatch,,"{""input"":""${output}"",""regex"":""Dcs Voltage\\s*:(\\d+)mV""}",,KEY,,DCS_VOLTAGE,,,,
,Rush:regexFirstMatch,,"{""input"":""${output}"",""regex"":""Cpu Voltage\\s*:(\\d+)mV""}",,KEY,,SOC_CPU_VOLTAGE,,,,
,Rush:regexFirstMatch,,"{""input"":""${output}"",""regex"":""Sram Voltage\\s*:(\\d+)mV""}",,KEY,,SRAM_VOLTAGE,,,,
,Rush:regexFirstMatch,,"{""input"":""${output}"",""regex"":""SoC Voltage\\s*:(\\d+)mV""}",,KEY,,SOC_VOLTAGE,,,,
INIT_PMU_READ,EFIDut:sendCommand,pmuadc --read temp2,,output,,,Read PMU ADC Values,,,,
,Rush:regexFirstMatch,,"{""input"":""${output}"",""regex"":""ADC Channel temp2: ([\\d\\.]+) Ohm""}",,KEY,,PMUADC_TEMP_NTC2,,,,
,EFIDut:sendCommand,pmuadc --read temp4,,output,,,Read PMU ADC Values,,,,
,Rush:regexFirstMatch,,"{""input"":""${output}"",""regex"":""ADC Channel temp4: ([\\d\\.]+) Ohm""}",,KEY,,PMUADC_TEMP_NTC4,,,,
Mayfly testing,EFIDut:sendCommand,"repeat 20 ""pmurw -r 0x1619; wait 10""",,,,,,,,,
CHARGER_ON,EFIDut:sendCommand,pmugpio --pin 21 --opendrain --output 0,,,,,,,,,
,EFIDut:sendCommand,pmugpio --pin 21 --get,,,,,,,,,
,Rush:regexFirstMatch,,"{""regex"":""(= 1)""}",,,,CHARGER_ON_DEBUG_PWR_ON,,,,
,EFIDut:sendCommand,pmuadc --read ich,,output,,,,,,,
,Rush:regexFirstMatch,,"{""input"":""${output}"",""regex"":""ADC Channel ich:\\s*([\\d.?]+)""}",,KEY,,CHARGER_ON_PMUADC_READ_ICH,,,,
,Rush:regexFirstMatch,,"{""input"":""${output}"",""regex"":""ADC Channel ich:\\s*([\\d.?]+)""}",,KEY,,CHARGER_ON_PMUADC_READ_ICH,,,,
QUIESCE_SYSTEM_2,EFIDut:sendCommand,sensor --sel compass --turnoff,,,,,Turn OFF Sensors (compass),,,,
,EFIDut:sendCommand,sensor --sel lisa --turnoff,,,,,Turn OFF Sensors (lisa),,,,
,EFIDut:sendCommand,sensor --sel platinum --turnoff;,,,,,Turn OFF Sensors (platinum),,,,
END_QUIESCE_SYSTEM,EFIDut:sendCommand,tristar -r '0x0d',,,,,clear the debug interrupt,,,,