Test,Action,"DUT Command",Parameter,OutputKey,SOE,PDCA_NAME,IsGlobal,SAC,PDCA_TYPE,Condition,EXPECTED
POTASSIUM,EFIDut:sendCommand,"sensor --sel pressure2 --init","{""check"":""NOTCHECK""}",,,"Init Potassium",,,,,
,Rush:regexFirstMatch,,"{""regex"":""(OK)""}",,,POTASSIUM_INIT_STATUS,,,SHOWUI,,OK
,EFIDut:sendCommand,"sensor -s pressure2 --get chip_id",,,,"Check Pressure Chip_ID",,,,,
,Rush:regexFirstMatch,,"{""regex"":""chip_id = (0x\\w+)""}",,,PRESSURE_CHIP_ID,,,ATTRIBUTE,,
,EFIDut:sendCommand,"sensorreg -s pressure2 --dump",,output,,"Dump Potassium Registers",,,,,
,Rush:regexFirstMatch,,"{""input"":""${output}"",""regex"":""0x00 = (\\w+)""}",,,IN_PR_Chip_ID,,,KEY,"PRESSURE_CHIP_ID!='0x30' && PRESSURE_CHIP_ID!='0x28'",
,Rush:regexFirstMatch,,"{""input"":""${output}"",""regex"":""0x01 = (\\w+)""}",,,IN_PR_Rev_ID,,,KEY,"PRESSURE_CHIP_ID!='0x30' && PRESSURE_CHIP_ID!='0x28'",
,Rush:regexFirstMatch,,"{""input"":""${output}"",""regex"":""0x00 = (\\w+)""}",,,IN_EIGER-C_Mfg_ID,,,KEY,PRESSURE_CHIP_ID=='0x30',
,Rush:regexFirstMatch,,"{""input"":""${output}"",""regex"":""0x01 = (\\w+)""}",,,IN_PR_Chip_ID,,,KEY,PRESSURE_CHIP_ID=='0x30',
,Rush:regexFirstMatch,,"{""input"":""${output}"",""regex"":""0x02 = (\\w+)""}",,,IN_PR_Rev_ID,,,KEY,PRESSURE_CHIP_ID=='0x30',
,Rush:regexFirstMatch,,"{""input"":""${output}"",""regex"":""0x00 = (\\w+)""}",,,IN_PR_Mfg_ID,,,KEY,PRESSURE_CHIP_ID=='0x28',
,Rush:regexFirstMatch,,"{""input"":""${output}"",""regex"":""0x01 = (\\w+)""}",,,IN_PR_Chip_ID,,,KEY,PRESSURE_CHIP_ID=='0x28',
,Rush:regexFirstMatch,,"{""input"":""${output}"",""regex"":""0x02 = (\\w+)""}",,,IN_PR_Trim_Rev,,,KEY,PRESSURE_CHIP_ID=='0x28',
,EFIDut:sendCommand,"sensor --sel pressure2 --c",,,,"Potassium Connectivty",,,,,
,Rush:regexFirstMatch,,"{""regex"":""(PASS)""}",,,POTASSIUM_CONN_TEST_RESULT,,,SHOWUI,,PASS
,EFIDut:sendCommand,"sensor --sel pressure2 --sample 50 --stats",,output,,"Sample Potassium Data",,,,,
,Rush:regexFirstMatch,,"{""input"":""${output}"",""regex"":""calculated odr: ([\\-\\w\\.]+)Hz""}",,,IN_PR_odr,,,KEY,,
,Rush:regexFirstMatch,,"{""input"":""${output}"",""regex"":""average: pressure = ([\\-\\w\\.]+)""}",,,IN_PR_press_average,,,KEY,,
,Rush:regexFirstMatch,,"{""input"":""${output}"",""regex"":""average: pressure = .*?,\\s*temp = ([\\-\\w\\.]+)""}",,,IN_PR_temp_average,,,KEY,,
,Rush:regexFirstMatch,,"{""input"":""${output}"",""regex"":""std\\-dev: pressure = ([\\-\\w\\.]+),""}",FR_POTASSIUM_STD_kPA,,FR_POTASSIUM_STD_kPA,,,KEY,,
,Rush:regexFirstMatch,,"{""input"":""${output}"",""regex"":""std\\-dev: pressure = .*?,\\s*temp = ([\\-\\w\\.]+)""}",,,IN_PR_temp_std,,,KEY,,
,Rush:regexFirstMatch,,"{""input"":""${output}"",""regex"":""max: pressure = ([\\-\\w\\.]+), temp = ([\\-\\w\\.]+)""}",,,IN_PR_press_max,,,KEY,,
,Rush:regexFirstMatch,,"{""input"":""${output}"",""regex"":""min: pressure = ([\\-\\w\\.]+), temp = ([\\-\\w\\.]+)""}",,,IN_PR_press_min,,,KEY,,
,Rush:regexFirstMatch,,"{""input"":""${output}"",""regex"":""range: pressure = ([\\-\\w\\.]+), temp = ([\\-\\w\\.]+)""}",IK_Range_kPA,,IK_Range_kPA,1,,KEY,,
,Rush:regexFirstMatch,,"{""input"":""${output}"",""regex"":""of bad samples \\(corrupted\\/lost\\): ([\\-\\w\\.]+)""}",,,FR_Potassium_bad_sample,,,KEY,,
,Rush:numerify,,"[""${FR_POTASSIUM_STD_kPA}""]",value0,,,,,,,
,Rush:CSV_calculate,,"{""expression"":""(value0*1000)""}",,,IN_PR_press_std,,,KEY,,
,Rush:numerify,,"[""${IK_Range_kPA}""]",value0,,,,,,,
,Rush:CSV_calculate,,"{""expression"":""(value0*1000)""}",,,IN_PR_range,,,KEY,,
,EFIDut:sendCommand,"sensor --sel pressure2 --turnoff",,,,"Turn OFF Sensors (Potassium)",,,,,
