Test,Action,Parameter,DUT Command,OutputKey,IsGlobal,SAC,Condition,SOE,PDCA_NAME,PDCA_TYPE,EXPECTED
Dut Close,EFIDut:close,,,,,,,,,,
,Rush:sleep_ms,[100],,,,,,,,,
Dut Open,Rush:sleep_ms,[100],,,,,,,,,
,EFIDut:open,,,,,,,,,,
,EFIDut:syncCmdResp,,,,,,,,,,
Enter Diags,Rush:enterDiags,"[""UART""]",,,,,,,,,
Finish DRCB,Rush:Atlas.tock,"[""${FULL_TEST_TIME_TAG}""]",,,,,,,,,
,DRCB:finish,,,,,,,,,,
Get SFC Info,Rush:getSFCInfo,"{""keysToQuery"":[""sub_sn"",""grp_sn"",""cg_sn"",""lcm_sn"",""unit_lbl""],""serialnumber"":""${UNIT_SN}""}",,SFC_queried,1,,,,,,
Read SN,EFIDut:sendCommand,"{""regex"":""Serial:\\s*(\\w+)""}",sn,serialnumber,1,,,,,,
Start Control Bits,EFIDut:open,,,,,,,,,,
,EFIDut:close,,,,,,,,,,
,DRCB:startControlBits,"{""mode"":""legacy"",""config"":{""timeout"":30,""snSource"":""FATPSN""}}",,,,,,,,,
Start Data Reporting,DRCB:startDataReporting,"{""softwarename"":""Rush:get_atlas_version()"",""serialnumber"":""${UNIT_SN}"",""softwareversion"":""Rush:get_overlay_version()"",""limitsversion"":""1""}",,,,,,,,,
Set RTC,Rush:System.command,"[""date"", ""-u"", ""+%Y%m%d%H%M%S""]",,,,,,,,,
,Rush:setActionSharedVariables,"{""time"": ""${DefaultOutputKey}['out'][:-1]""}",,,,,,,,,
,EFIDut:sendCommand,,rtc --set ${time},,,,,,,,
SET_NVRAM,EFIDut:sendCommand,,nvram --set auto-boot false,,,,,,Set Auto-Boot to false,,
,EFIDut:sendCommand,,nvram --save,,,,,,NVRAM save,,
TEST_END,EFIDut:open,,,,,,,,,,
,EFIDut:sendCommand,,cbskip,,,,DUT_TYPE CONTAINS 'N140',,,,
,EFIDut:sendCommand,"{""ignoreResp"":1,""timeout"":1}",shutdown,,,,,,,,
,Fixture:sendCommand,"{""expect"":""PASS""}",Reset,,,,,,,,
,EFIDut:close,,,,,,,,,,
Copy TestPlan To LogDir,Rush:copyTestPlanToLogDir,,,,,,,,,,
Copy Log,Rush:CopyLog,"{""input"":""${UNIT_SN}""}",,,,,,,,,