Test,Action,DUT Command,Parameter,OutputKey,Condition,PDCA_TYPE,SOE,PDCA_NAME,SAC,IsGlobal,EXPECTED
GERMANIUM,EFIDut:sendCommand,gps --off;gps --on,,,DUT_TYPE CONTAINS '140',,,Turn Germanium ON,,,
,EFIDut:sendCommand,gps --exectest load_firmware,,output,DUT_TYPE CONTAINS '140',,,Germanium Test,,,
,Rush:regexFirstMatch,,"{""regex"":""(complete)""}",,DUT_TYPE CONTAINS '140',,,GPS_LOAD_FIRMWARE_COMPLETE,,,complete
,Rush:regexFirstMatch,,"{""input"":""${output}"", ""regex"":""Version\\s*(0x\\w+)""}",,DUT_TYPE CONTAINS '140',ATTRIBUTE,,GPS_FIRMWARE_VERSION,,,
,EFIDut:sendCommand,gps --ping;gps --off,,,DUT_TYPE CONTAINS '140',,,Germanium Test,,,
BASEBAND_1,EFIDut:sendCommand,bbon;baseband --properties,"{""timeout"":15}",,DUT_TYPE CONTAINS '142',,,Baseband Quick Test and Properties,,,
,Rush:regexFirstMatch,,"{""regex"":""sn:\\s*\""(\\w+)""}",,DUT_TYPE CONTAINS '142',KEY,,BASEBAND_SERIAL_NO,,,
VINYL_TEST_1,EFIDut:sendCommand,"baseband --send_cmd ""at@vinyl:get_eid(1)""",,output,DUT_TYPE CONTAINS '142',,,Vinyl Check Test,,,
,Rush:regexFirstMatch,,"{""input"":""${output}"", ""regex"":""(.*)\n\\[""}",,DUT_TYPE CONTAINS '142',ATTRIBUTE,,VINYL_CHECK_STATUS,,,OK
BASEBAND_2,EFIDut:sendCommand,"baseband --send_cmd ""at@xns:init()""",,,DUT_TYPE CONTAINS '142',,,init BCM ANT connection test,,,
,EFIDut:sendCommand,"baseband --send at@xns:rffe_scan(1,2,0,15)",,recv_baseband,DUT_TYPE CONTAINS '142',,,scan BCM ANT Tunner,,1,
,Rush:regexFirstMatch,,"{""input"":""${recv_baseband}"",""regex"":""00000D0:.*?(\\w{2})\\s\\w{2}\\s\\w{2}\\s\\w{2}\\s\\s""}",,DUT_TYPE CONTAINS '142',KEY,,TUNNER_CHECK_1,,,
,Rush:regexFirstMatch,,"{""input"":""${recv_baseband}"",""regex"":""00000D0:.*?(\\w{2})\\s\\w{2}\\s\\w{2}\\s\\s""}",,DUT_TYPE CONTAINS '142',KEY,,TUNNER_CHECK_2,,,
,Rush:regexFirstMatch,,"{""input"":""${recv_baseband}"",""regex"":""00000D0:.*?(\\w{2})\\s\\w{2}\\s\\s""}",,DUT_TYPE CONTAINS '142',KEY,,TUNNER_CHECK_3,,,
,Rush:regexFirstMatch,,"{""input"":""${recv_baseband}"",""regex"":""00000E0:\\s(\\w{2})\\s""}",,DUT_TYPE CONTAINS '142',KEY,,TUNNER_CHECK_4,,,
,Rush:regexFirstMatch,,"{""input"":""${recv_baseband}"",""regex"":""00000E0:\\s\\w{2}\\s(\\w{2})""}",,DUT_TYPE CONTAINS '142',KEY,,TUNNER_CHECK_5,,,
,Rush:regexFirstMatch,,"{""input"":""${recv_baseband}"",""regex"":""00000E0:\\s\\w{2}\\s\\w{2}\\s(\\w{2})""}",,DUT_TYPE CONTAINS '142',KEY,,TUNNER_CHECK_6,,,
VINYL_TEST_2,EFIDut:sendCommand,baseband --off,,,DUT_TYPE CONTAINS '142',,,Turn off Baseband when done,,,