Test,Action,"DUT Command",Parameter,OutputKey,PDCA_TYPE,SOE,PDCA_NAME,IsGlobal,Condition,SAC,EXPECTED
CARNELIAN,EFIDut:sendCommand,"sensor --sel platinum --init;",,,,,"Initialize Carnelian",,,,
,EFIDut:sendCommand,"sensorreg -s platinum --write 0xC2 0x0000; sensorreg -s platinum --write 0xC6 0x0000",,,,,"Set up Carnelian",,,,
,EFIDut:sendCommand,"sensor --sel platinum -e bcm_test --testopts ""--time 100 --avg 100 --start 1""","{""regex"":""Platinum Average Test([\\s\\S]+)Platinum Noise Test""}",recv_bcm_test,,,"run bcm_test for 100ms",1,,,
,Rush:regexFirstMatch,,"{""input"":""${recv_bcm_test}"",""regex"":""\\[HR:0:0:0:25\\] [\\-\\w\\.]+, ([\\-\\w\\.]+)""}",,KEY,,X1013_DCS_LON_SIG_AVG_HR00,,,,
,Rush:regexFirstMatch,,"{""input"":""${recv_bcm_test}"",""regex"":""\\[HR:1:0:0:25\\] [\\-\\w\\.]+, ([\\-\\w\\.]+)""}",,KEY,,X1013_DCS_LON_SIG_AVGG_HR10,,,,
,Rush:regexFirstMatch,,"{""input"":""${recv_bcm_test}"",""regex"":""\\[HR:2:0:0:25\\] [\\-\\w\\.]+, ([\\-\\w\\.]+)""}",,KEY,,X1013_DCS_LON_SIG_AVGG_HR20,,,,
,Rush:regexFirstMatch,,"{""input"":""${recv_bcm_test}"",""regex"":""\\[HR:3:0:0:25\\] [\\-\\w\\.]+, ([\\-\\w\\.]+)""}",,KEY,,X1013_DCS_LON_SIG_AVGG_HR30,,,,
,Rush:regexFirstMatch,,"{""input"":""${recv_bcm_test}"",""regex"":""\\[HR:4:0:0:25\\] [\\-\\w\\.]+, ([\\-\\w\\.]+)""}",,KEY,,X1013_DCS_LON_SIG_AVGG_HR40,,,,
,Rush:regexFirstMatch,,"{""input"":""${recv_bcm_test}"",""regex"":""\\[HR:5:0:0:25\\] [\\-\\w\\.]+, ([\\-\\w\\.]+)""}",,KEY,,X1013_DCS_LON_SIG_AVGG_HR50,,,,
,Rush:regexFirstMatch,,"{""input"":""${recv_bcm_test}"",""regex"":""\\[HR:0:1:0:25\\] [\\-\\w\\.]+, ([\\-\\w\\.]+)""}",,KEY,,X1013_DCS_LON_SIG_AVGG_HR01,,,,
,Rush:regexFirstMatch,,"{""input"":""${recv_bcm_test}"",""regex"":""\\[HR:1:1:0:25\\] [\\-\\w\\.]+, ([\\-\\w\\.]+)""}",,KEY,,X1013_DCS_LON_SIG_AVGG_HR11,,,,
,Rush:regexFirstMatch,,"{""input"":""${recv_bcm_test}"",""regex"":""\\[HR:2:1:0:25\\] [\\-\\w\\.]+, ([\\-\\w\\.]+)""}",,KEY,,X1013_DCS_LON_SIG_AVGG_HR21,,,,
,Rush:regexFirstMatch,,"{""input"":""${recv_bcm_test}"",""regex"":""\\[HR:3:1:0:25\\] [\\-\\w\\.]+, ([\\-\\w\\.]+)""}",,KEY,,X1013_DCS_LON_SIG_AVGG_HR31,,,,
,Rush:regexFirstMatch,,"{""input"":""${recv_bcm_test}"",""regex"":""\\[HR:4:1:0:25\\] [\\-\\w\\.]+, ([\\-\\w\\.]+)""}",,KEY,,X1013_DCS_LON_SIG_AVGG_HR41,,,,
,Rush:regexFirstMatch,,"{""input"":""${recv_bcm_test}"",""regex"":""\\[HR:5:1:0:25\\] [\\-\\w\\.]+, ([\\-\\w\\.]+)""}",,KEY,,X1013_DCS_LON_SIG_AVGG_HR51,,,,
,EFIDut:sendCommand,"sensor --sel platinum --turnoff",,,,,"platinum off",,,,
,EFIDut:sendCommand,"audio -f",,,,,"Audio off",,,,
