Test,Action,"DUT Command",Parameter,OutputKey,PDCA_TYPE,SOE,PDCA_NAME,IsGlobal,Condition,SAC,EXPECTED
FIXTURE_SETUP,Rush:string_concat,,"[""Rush:System.getenv(\""HOME\"")"", ""/scripts/spamtool""]",spam_path,,,,1,,,
,Rush:system_command,,"{""name"":""Disable SPAM Debug Power"",""command"":""${spam_path}"",""args_array"":[""dbgpwroff"",""Rush:get_dut_uart_path()""]}",,,,,,,,
,Rush:sleep_ms,,[2000],,,,,,,,
BASEBAND,EFIDut:close,,,,,,,,,,
,Rush:system_command,,"{""name"":""Enable SPAM Debug Power"",""command"":""${spam_path}"",""args_array"":[""dbgpwron"",""Rush:get_dut_uart_path()""]}",,,,,,"(DUT_TYPE CONTAINS 'N142') && (MLB_CFG!='KR11') && (MLB_CFG!='KR31') && (MLB_CFG!='KR21') && (MLB_CFG!='KR41')",,
,Rush:sleep_ms,,[2000],,,,"Sleep 2s for enable SPAM Debug Power",,"(DUT_TYPE CONTAINS 'N142') && (MLB_CFG!='KR11') && (MLB_CFG!='KR31') && (MLB_CFG!='KR21') && (MLB_CFG!='KR41')",,
,EFIDut:open,,,,,,,,,,
