Test,Plugin,Command,Status,Info,Start Time,End Time,Duration (s)
,UART,read,ERROR,Timed out trying to read; ,Nov 19 2019 7:44:42.3590 PM,Nov 19 2019 7:44:43.3690 PM,1.0104
,UART,read,ERROR,Timed out trying to read; ,Nov 19 2019 7:44:43.3730 PM,Nov 19 2019 7:44:44.4550 PM,1.0816
,UART,read,ERROR,Timed out trying to read; ,Nov 19 2019 7:44:44.5670 PM,Nov 19 2019 7:44:45.6040 PM,1.0364
,UART,read,ERROR,Timed out trying to read; ,Nov 19 2019 7:44:46.2700 PM,Nov 19 2019 7:44:47.2970 PM,1.0272
,Dut,read,ERROR,Timed out trying to read; ,Nov 19 2019 7:44:47.5750 PM,Nov 19 2019 7:44:48.5940 PM,1.0182
,Dut,read,ERROR,Timed out trying to read; ,Nov 19 2019 7:44:48.6920 PM,Nov 19 2019 7:44:49.7100 PM,1.0176
34. POTASSIUM,Fixture,sendCommand,NOT SET,,,,0
41. BUTTONS_CHECK,Fixture,sendCommand,NOT SET,,,,0
41. BUTTONS_CHECK,Fixture,sendCommand,NOT SET,,,,0
41. BUTTONS_CHECK,Fixture,sendCommand,NOT SET,,,,0
41. BUTTONS_CHECK,Fixture,sendCommand,NOT SET,,,,0
45. DBGPWR_ON,Fixture,sendCommand,NOT SET,,,,0
