Test,Plugin,Command,Status,Info,Start Time,End Time,Duration (s)
,UART,open,PASS,,Nov 19 2019 7:44:42.1080 PM,Nov 19 2019 7:44:42.1400 PM,.0319
,UART,changeLineTerminator,PASS,,Nov 19 2019 7:44:42.1420 PM,Nov 19 2019 7:44:42.1420 PM,.0001
,UART,sendCommand,PASS,,Nov 19 2019 7:44:42.1440 PM,Nov 19 2019 7:44:42.2450 PM,.1011
,UART,sendCommand,PASS,,Nov 19 2019 7:44:42.2460 PM,Nov 19 2019 7:44:42.3570 PM,.1109
,UART,read,ERROR,Timed out trying to read; ,Nov 19 2019 7:44:42.3590 PM,Nov 19 2019 7:44:43.3690 PM,1.0104
,UART,sendCommand,PASS,,Nov 19 2019 7:44:43.3710 PM,Nov 19 2019 7:44:43.3720 PM,.0011
,UART,read,ERROR,Timed out trying to read; ,Nov 19 2019 7:44:43.3730 PM,Nov 19 2019 7:44:44.4550 PM,1.0816
,UART,sendCommand,PASS,,Nov 19 2019 7:44:44.4570 PM,Nov 19 2019 7:44:44.5660 PM,.1091
,UART,read,ERROR,Timed out trying to read; ,Nov 19 2019 7:44:44.5670 PM,Nov 19 2019 7:44:45.6040 PM,1.0364
,UART,sendCommand,PASS,,Nov 19 2019 7:44:45.6050 PM,Nov 19 2019 7:44:45.7100 PM,.1051
,UART,read,PASS,,Nov 19 2019 7:44:45.7120 PM,Nov 19 2019 7:44:46.2660 PM,.5545
,UART,read,PASS,,Nov 19 2019 7:44:46.2680 PM,Nov 19 2019 7:44:46.2680 PM,.0002
,UART,read,ERROR,Timed out trying to read; ,Nov 19 2019 7:44:46.2700 PM,Nov 19 2019 7:44:47.2970 PM,1.0272
,UART,changeDelimiter,PASS,,Nov 19 2019 7:44:47.2980 PM,Nov 19 2019 7:44:47.2980 PM,0
,UART,sendCommand,PASS,,Nov 19 2019 7:44:47.3000 PM,Nov 19 2019 7:44:47.4320 PM,.1327
CONSOLE_SETTING,UART,sendCommand,PASS,,Nov 19 2019 7:44:47.4350 PM,Nov 19 2019 7:44:47.4760 PM,.0409
,UART,sendCommand,PASS,,Nov 19 2019 7:44:47.4800 PM,Nov 19 2019 7:44:47.5120 PM,.0322
,UART,close,PASS,,Nov 19 2019 7:44:47.5130 PM,Nov 19 2019 7:44:47.5140 PM,.0005
,Dut,open,PASS,,Nov 19 2019 7:44:47.5180 PM,Nov 19 2019 7:44:47.5740 PM,.0558
,Dut,read,ERROR,Timed out trying to read; ,Nov 19 2019 7:44:47.5750 PM,Nov 19 2019 7:44:48.5940 PM,1.0182
,Dut,close,PASS,,Nov 19 2019 7:44:48.5960 PM,Nov 19 2019 7:44:48.5960 PM,.0003
Copy TestPlan To LogDir,RunCommand,RunCommandWithParameter,PASS,,Nov 19 2019 7:44:48.6000 PM,Nov 19 2019 7:44:48.6110 PM,.011
DRCB startDataReporting,DRCB,startDataReporting,PASS,,Nov 19 2019 7:44:48.6150 PM,Nov 19 2019 7:44:48.6240 PM,.0093
,Dut,open,PASS,,Nov 19 2019 7:44:48.6280 PM,Nov 19 2019 7:44:48.6910 PM,.0632
,Dut,read,ERROR,Timed out trying to read; ,Nov 19 2019 7:44:48.6920 PM,Nov 19 2019 7:44:49.7100 PM,1.0176
1. ALIAS_SETTING,Dut,sendCommand,PASS,,Nov 19 2019 7:44:49.7130 PM,Nov 19 2019 7:44:49.8540 PM,.1415
2. SPAM_SETTING,Dut,sendCommand,PASS,,Nov 19 2019 7:44:49.8580 PM,Nov 19 2019 7:44:50.3020 PM,.4438
2. SPAM_SETTING,Dut,sendCommand,PASS,,Nov 19 2019 7:44:50.3040 PM,Nov 19 2019 7:44:50.3420 PM,.0378
3. GET_SW_INFO,Dut,sendCommand,PASS,,Nov 19 2019 7:44:50.3460 PM,Nov 19 2019 7:44:50.4060 PM,.0596
3. GET_SW_INFO,Dut,sendCommand,PASS,,Nov 19 2019 7:44:50.4080 PM,Nov 19 2019 7:44:50.5160 PM,.1079
4. GET_MLB_INFO,Dut,sendCommand,PASS,,Nov 19 2019 7:44:50.5210 PM,Nov 19 2019 7:44:50.5640 PM,.0429
4. GET_MLB_INFO,Dut,sendCommand,PASS,,Nov 19 2019 7:44:50.5660 PM,Nov 19 2019 7:44:50.5960 PM,.0297
4. GET_MLB_INFO,Dut,sendCommand,PASS,,Nov 19 2019 7:44:50.5990 PM,Nov 19 2019 7:44:50.6280 PM,.029
6. GET_COMP_INFO,Dut,sendCommand,PASS,,Nov 19 2019 7:44:50.6350 PM,Nov 19 2019 7:44:50.7700 PM,.1349
6. GET_COMP_INFO,Dut,sendCommand,PASS,,Nov 19 2019 7:44:50.7720 PM,Nov 19 2019 7:44:50.8170 PM,.0448
6. GET_COMP_INFO,Dut,sendCommand,PASS,,Nov 19 2019 7:44:50.8190 PM,Nov 19 2019 7:44:50.9580 PM,.1383
6. GET_COMP_INFO,Dut,sendCommand,PASS,,Nov 19 2019 7:44:50.9600 PM,Nov 19 2019 7:44:51.2570 PM,.2974
6. GET_COMP_INFO,Dut,sendCommand,PASS,,Nov 19 2019 7:44:51.2660 PM,Nov 19 2019 7:44:51.3020 PM,.035
7. QUIESCE_SYSTEM,Dut,sendCommand,PASS,,Nov 19 2019 7:44:51.3090 PM,Nov 19 2019 7:44:51.4730 PM,.164
7. QUIESCE_SYSTEM,Dut,sendCommand,PASS,,Nov 19 2019 7:44:51.4750 PM,Nov 19 2019 7:44:51.5100 PM,.0353
7. QUIESCE_SYSTEM,Dut,sendCommand,PASS,,Nov 19 2019 7:44:51.5120 PM,Nov 19 2019 7:44:51.6060 PM,.094
7. QUIESCE_SYSTEM,Dut,sendCommand,PASS,,Nov 19 2019 7:44:51.6080 PM,Nov 19 2019 7:44:51.6450 PM,.0369
7. QUIESCE_SYSTEM,Dut,sendCommand,PASS,,Nov 19 2019 7:44:51.6470 PM,Nov 19 2019 7:44:51.6860 PM,.0392
8. GET_INFO2,com.apple.hwte.atlas.AppPlugin,show-form,PASS,,Nov 19 2019 7:44:51.6910 PM,Nov 19 2019 7:44:55.5200 PM,3.8288
9. QUERY_SFC_WRITE_SYSCFG,Dut,sendCommand,PASS,,Nov 19 2019 7:44:55.5250 PM,Nov 19 2019 7:44:55.7110 PM,.1854
10. GET_SYS_INFO,Dut,sendCommand,PASS,,Nov 19 2019 7:44:55.7150 PM,Nov 19 2019 7:44:55.7430 PM,.0276
11. GET_MLB_INFO,Dut,sendCommand,PASS,,Nov 19 2019 7:44:55.7470 PM,Nov 19 2019 7:44:55.7750 PM,.0276
12. SetRTC,Dut,sendCommand,PASS,,Nov 19 2019 7:44:55.7790 PM,Nov 19 2019 7:44:55.8190 PM,.04
13. QUERY_SFC_WRITE_SYSCFG,SFCSupport,getAttribute,PASS,,Nov 19 2019 7:44:55.8230 PM,Nov 19 2019 7:44:55.8510 PM,.0282
13. QUERY_SFC_WRITE_SYSCFG,SFCSupport,getAttribute,PASS,,Nov 19 2019 7:44:55.8540 PM,Nov 19 2019 7:44:55.8600 PM,.0066
13. QUERY_SFC_WRITE_SYSCFG,SFCSupport,getAttribute,PASS,,Nov 19 2019 7:44:55.8630 PM,Nov 19 2019 7:44:55.8680 PM,.0054
13. QUERY_SFC_WRITE_SYSCFG,SFCSupport,getAttribute,PASS,,Nov 19 2019 7:44:55.8700 PM,Nov 19 2019 7:44:55.8860 PM,.0152
13. QUERY_SFC_WRITE_SYSCFG,SFCSupport,getAttribute,PASS,,Nov 19 2019 7:44:55.8880 PM,Nov 19 2019 7:44:55.8960 PM,.0077
13. QUERY_SFC_WRITE_SYSCFG,SFCSupport,getAttribute,PASS,,Nov 19 2019 7:44:55.8980 PM,Nov 19 2019 7:44:55.9030 PM,.0051
13. QUERY_SFC_WRITE_SYSCFG,SFCSupport,getAttribute,PASS,,Nov 19 2019 7:44:55.9060 PM,Nov 19 2019 7:44:55.9110 PM,.005
13. QUERY_SFC_WRITE_SYSCFG,SFCSupport,getAttribute,PASS,,Nov 19 2019 7:44:55.9130 PM,Nov 19 2019 7:44:55.9180 PM,.0047
13. QUERY_SFC_WRITE_SYSCFG,SFCSupport,getAttribute,PASS,,Nov 19 2019 7:44:55.9200 PM,Nov 19 2019 7:44:55.9250 PM,.0052
13. QUERY_SFC_WRITE_SYSCFG,Dut,sendCommand,PASS,,Nov 19 2019 7:44:55.9280 PM,Nov 19 2019 7:44:55.9940 PM,.0662
13. QUERY_SFC_WRITE_SYSCFG,Dut,sendCommand,PASS,,Nov 19 2019 7:44:55.9960 PM,Nov 19 2019 7:44:56.0400 PM,.0442
13. QUERY_SFC_WRITE_SYSCFG,Dut,sendCommand,PASS,,Nov 19 2019 7:44:56.0420 PM,Nov 19 2019 7:44:56.1360 PM,.0942
13. QUERY_SFC_WRITE_SYSCFG,Dut,sendCommand,PASS,,Nov 19 2019 7:44:56.1380 PM,Nov 19 2019 7:44:56.1820 PM,.0443
13. QUERY_SFC_WRITE_SYSCFG,Dut,sendCommand,PASS,,Nov 19 2019 7:44:56.1840 PM,Nov 19 2019 7:44:56.2620 PM,.0782
13. QUERY_SFC_WRITE_SYSCFG,Dut,sendCommand,PASS,,Nov 19 2019 7:44:56.2640 PM,Nov 19 2019 7:44:56.3090 PM,.0451
13. QUERY_SFC_WRITE_SYSCFG,Dut,sendCommand,PASS,,Nov 19 2019 7:44:56.3110 PM,Nov 19 2019 7:44:56.3880 PM,.0772
13. QUERY_SFC_WRITE_SYSCFG,Dut,sendCommand,PASS,,Nov 19 2019 7:44:56.3910 PM,Nov 19 2019 7:44:56.4370 PM,.0461
13. QUERY_SFC_WRITE_SYSCFG,Dut,sendCommand,PASS,,Nov 19 2019 7:44:56.4390 PM,Nov 19 2019 7:44:56.5170 PM,.0777
13. QUERY_SFC_WRITE_SYSCFG,Dut,sendCommand,PASS,,Nov 19 2019 7:44:56.5190 PM,Nov 19 2019 7:44:56.5640 PM,.0457
13. QUERY_SFC_WRITE_SYSCFG,Dut,sendCommand,PASS,,Nov 19 2019 7:44:56.5670 PM,Nov 19 2019 7:44:56.6440 PM,.0774
13. QUERY_SFC_WRITE_SYSCFG,Dut,sendCommand,PASS,,Nov 19 2019 7:44:56.6460 PM,Nov 19 2019 7:44:56.6760 PM,.0307
13. QUERY_SFC_WRITE_SYSCFG,Dut,sendCommand,PASS,,Nov 19 2019 7:44:56.6780 PM,Nov 19 2019 7:44:56.7240 PM,.0461
13. QUERY_SFC_WRITE_SYSCFG,Dut,sendCommand,PASS,,Nov 19 2019 7:44:56.7260 PM,Nov 19 2019 7:44:56.7560 PM,.0303
13. QUERY_SFC_WRITE_SYSCFG,Dut,sendCommand,PASS,,Nov 19 2019 7:44:56.7580 PM,Nov 19 2019 7:44:56.8040 PM,.0464
13. QUERY_SFC_WRITE_SYSCFG,Dut,sendCommand,PASS,,Nov 19 2019 7:44:56.8060 PM,Nov 19 2019 7:44:56.8360 PM,.0297
13. QUERY_SFC_WRITE_SYSCFG,Dut,sendCommand,PASS,,Nov 19 2019 7:44:56.8390 PM,Nov 19 2019 7:44:56.8840 PM,.0452
13. QUERY_SFC_WRITE_SYSCFG,Dut,sendCommand,PASS,,Nov 19 2019 7:44:56.8850 PM,Nov 19 2019 7:44:56.9320 PM,.0464
13. QUERY_SFC_WRITE_SYSCFG,Dut,sendCommand,PASS,,Nov 19 2019 7:44:56.9340 PM,Nov 19 2019 7:44:56.9800 PM,.0463
13. QUERY_SFC_WRITE_SYSCFG,Dut,sendCommand,PASS,,Nov 19 2019 7:44:56.9810 PM,Nov 19 2019 7:44:57.0260 PM,.0443
13. QUERY_SFC_WRITE_SYSCFG,Dut,sendCommand,PASS,,Nov 19 2019 7:44:57.0270 PM,Nov 19 2019 7:44:57.0740 PM,.0462
13. QUERY_SFC_WRITE_SYSCFG,Dut,sendCommand,PASS,,Nov 19 2019 7:44:57.0750 PM,Nov 19 2019 7:44:57.1190 PM,.0444
14. GET_INFO3,SFCSupport,getAttribute,PASS,,Nov 19 2019 7:44:57.1270 PM,Nov 19 2019 7:44:57.1320 PM,.0057
15. COMM_BUS_SWEEP,Dut,sendCommand,PASS,,Nov 19 2019 7:44:57.1370 PM,Nov 19 2019 7:44:57.1990 PM,.062
16. QUIESCE_SYSTEM_2,Dut,sendCommand,PASS,,Nov 19 2019 7:44:57.2030 PM,Nov 19 2019 7:44:57.2460 PM,.0438
16. QUIESCE_SYSTEM_2,Dut,sendCommand,PASS,,Nov 19 2019 7:44:57.2480 PM,Nov 19 2019 7:44:58.3600 PM,1.1125
16. QUIESCE_SYSTEM_2,Dut,sendCommand,PASS,,Nov 19 2019 7:44:58.3620 PM,Nov 19 2019 7:44:58.4030 PM,.0412
16. QUIESCE_SYSTEM_2,Dut,sendCommand,PASS,,Nov 19 2019 7:44:58.4050 PM,Nov 19 2019 7:44:58.4450 PM,.0407
16. QUIESCE_SYSTEM_2,Dut,sendCommand,PASS,,Nov 19 2019 7:44:58.4470 PM,Nov 19 2019 7:44:58.4890 PM,.0424
16. QUIESCE_SYSTEM_2,Dut,sendCommand,PASS,,Nov 19 2019 7:44:58.4910 PM,Nov 19 2019 7:44:58.5210 PM,.0302
16. QUIESCE_SYSTEM_2,Dut,sendCommand,PASS,,Nov 19 2019 7:44:58.5230 PM,Nov 19 2019 7:44:58.8080 PM,.2859
16. QUIESCE_SYSTEM_2,Dut,sendCommand,PASS,,Nov 19 2019 7:44:58.8100 PM,Nov 19 2019 7:44:59.2710 PM,.4614
16. QUIESCE_SYSTEM_2,Dut,sendCommand,PASS,,Nov 19 2019 7:44:59.2730 PM,Nov 19 2019 7:44:59.3110 PM,.0384
16. QUIESCE_SYSTEM_2,Dut,sendCommand,PASS,,Nov 19 2019 7:44:59.3130 PM,Nov 19 2019 7:44:59.3560 PM,.0437
16. QUIESCE_SYSTEM_2,Dut,sendCommand,PASS,,Nov 19 2019 7:44:59.3580 PM,Nov 19 2019 7:44:59.3970 PM,.0393
16. QUIESCE_SYSTEM_2,Dut,sendCommand,PASS,,Nov 19 2019 7:44:59.3990 PM,Nov 19 2019 7:44:59.4390 PM,.0402
16. QUIESCE_SYSTEM_2,Dut,sendCommand,PASS,,Nov 19 2019 7:44:59.4410 PM,Nov 19 2019 7:44:59.4710 PM,.0305
17. CHARGER_OFF,Dut,sendCommand,PASS,,Nov 19 2019 7:44:59.4750 PM,Nov 19 2019 7:44:59.5840 PM,.1088
17. CHARGER_OFF,Dut,sendCommand,PASS,,Nov 19 2019 7:44:59.5860 PM,Nov 19 2019 7:44:59.6160 PM,.0299
17. CHARGER_OFF,Dut,sendCommand,PASS,,Nov 19 2019 7:44:59.6180 PM,Nov 19 2019 7:44:59.6580 PM,.0401
17. CHARGER_OFF,Dut,sendCommand,PASS,,Nov 19 2019 7:44:59.6590 PM,Nov 19 2019 7:44:59.6900 PM,.0304
18. LISA_INIT,Dut,sendCommand,PASS,,Nov 19 2019 7:44:59.6940 PM,Nov 19 2019 7:44:59.7450 PM,.0504
18. LISA_INIT,Dut,sendCommand,PASS,,Nov 19 2019 7:44:59.7530 PM,Nov 19 2019 7:44:59.9040 PM,.1516
18. LISA_INIT,Dut,sendCommand,PASS,,Nov 19 2019 7:44:59.9070 PM,Nov 19 2019 7:44:59.9470 PM,.0407
18. LISA_INIT,Dut,sendCommand,PASS,,Nov 19 2019 7:44:59.9490 PM,Nov 19 2019 7:44:59.9910 PM,.0425
18. LISA_INIT,Dut,sendCommand,PASS,,Nov 19 2019 7:44:59.9930 PM,Nov 19 2019 7:45:00.0400 PM,.0471
18. LISA_INIT,Dut,sendCommand,PASS,,Nov 19 2019 7:45:00.0420 PM,Nov 19 2019 7:45:00.0830 PM,.041
18. LISA_INIT,Dut,sendCommand,PASS,,Nov 19 2019 7:45:00.0850 PM,Nov 19 2019 7:45:00.1270 PM,.0424
18. LISA_INIT,Dut,sendCommand,PASS,,Nov 19 2019 7:45:00.1360 PM,Nov 19 2019 7:45:00.1750 PM,.0393
19. INIT_GG_READ,Dut,sendCommand,PASS,,Nov 19 2019 7:45:00.1790 PM,Nov 19 2019 7:45:03.2090 PM,3.0303
19. INIT_GG_READ,Dut,sendCommand,PASS,,Nov 19 2019 7:45:03.2110 PM,Nov 19 2019 7:45:03.4980 PM,.287
20. INIT_SOC_READ,Dut,sendCommand,PASS,,Nov 19 2019 7:45:03.5720 PM,Nov 19 2019 7:45:03.6350 PM,.0632
21. INIT_PMU_READ,Dut,sendCommand,PASS,,Nov 19 2019 7:45:03.6520 PM,Nov 19 2019 7:45:03.6830 PM,.0309
21. INIT_PMU_READ,Dut,sendCommand,PASS,,Nov 19 2019 7:45:03.6840 PM,Nov 19 2019 7:45:03.7150 PM,.0301
21. INIT_PMU_READ,Dut,sendCommand,PASS,,Nov 19 2019 7:45:03.7160 PM,Nov 19 2019 7:45:03.7670 PM,.0513
21. INIT_PMU_READ,Dut,sendCommand,PASS,,Nov 19 2019 7:45:03.7690 PM,Nov 19 2019 7:45:05.2260 PM,1.4574
22. LYNX_TEST,Dut,sendCommand,PASS,,Nov 19 2019 7:45:05.3510 PM,Nov 19 2019 7:45:06.1680 PM,.8173
22. LYNX_TEST,Dut,sendCommand,PASS,,Nov 19 2019 7:45:06.1700 PM,Nov 19 2019 7:45:13.6210 PM,7.4513
22. LYNX_TEST,Dut,sendCommand,PASS,,Nov 19 2019 7:45:13.6230 PM,Nov 19 2019 7:45:13.7650 PM,.1419
22. LYNX_TEST,Dut,sendCommand,PASS,,Nov 19 2019 7:45:13.7670 PM,Nov 19 2019 7:45:13.8420 PM,.0748
22. LYNX_TEST,Dut,sendCommand,PASS,,Nov 19 2019 7:45:13.8430 PM,Nov 19 2019 7:45:13.8990 PM,.0556
22. LYNX_TEST,Dut,sendCommand,PASS,,Nov 19 2019 7:45:13.9010 PM,Nov 19 2019 7:45:14.0430 PM,.142
23. CHARGER_ON,Dut,sendCommand,PASS,,Nov 19 2019 7:45:14.0470 PM,Nov 19 2019 7:45:14.0860 PM,.0382
23. CHARGER_ON,Dut,sendCommand,PASS,,Nov 19 2019 7:45:14.0870 PM,Nov 19 2019 7:45:14.1180 PM,.0305
23. CHARGER_ON,Dut,sendCommand,PASS,,Nov 19 2019 7:45:14.1190 PM,Nov 19 2019 7:45:14.1650 PM,.0451
24. SET_BUBO_PFM,Dut,sendCommand,PASS,,Nov 19 2019 7:45:14.1690 PM,Nov 19 2019 7:45:14.2180 PM,.0495
25. Kobol_INIT,Dut,sendCommand,PASS,,Nov 19 2019 7:45:14.2210 PM,Nov 19 2019 7:45:14.5220 PM,.3004
26. IMU_ACCEL_ID,Dut,sendCommand,PASS,,Nov 19 2019 7:45:14.5250 PM,Nov 19 2019 7:45:14.5820 PM,.0565
27. Kobol_ACCEL_ID,Dut,sendCommand,PASS,,Nov 19 2019 7:45:14.5860 PM,Nov 19 2019 7:45:14.6430 PM,.0563
28. Kobol_GYRO_DRIVE_FREQ_MEAS,Dut,sendCommand,PASS,,Nov 19 2019 7:45:14.6490 PM,Nov 19 2019 7:45:14.8970 PM,.2487
29. IMU_Connectivity,Dut,sendCommand,PASS,,Nov 19 2019 7:45:14.9010 PM,Nov 19 2019 7:45:14.9540 PM,.053
30. IMU_OFF,Dut,sendCommand,PASS,,Nov 19 2019 7:45:14.9580 PM,Nov 19 2019 7:45:15.2550 PM,.2964
31. Kobol_ACCEL_SELFTEST,Dut,sendCommand,PASS,,Nov 19 2019 7:45:15.2580 PM,Nov 19 2019 7:45:15.4050 PM,.1477
31. Kobol_ACCEL_SELFTEST,Dut,sendCommand,PASS,,Nov 19 2019 7:45:15.4070 PM,Nov 19 2019 7:45:15.6700 PM,.2629
32. IMU_Combo_LPNM25_BUBO_PFM,Dut,sendCommand,PASS,,Nov 19 2019 7:45:15.6800 PM,Nov 19 2019 7:45:15.9870 PM,.3074
32. IMU_Combo_LPNM25_BUBO_PFM,Dut,sendCommand,PASS,,Nov 19 2019 7:45:15.9890 PM,Nov 19 2019 7:45:16.0350 PM,.0466
32. IMU_Combo_LPNM25_BUBO_PFM,Dut,sendCommand,PASS,,Nov 19 2019 7:45:16.0370 PM,Nov 19 2019 7:45:16.0780 PM,.0416
32. IMU_Combo_LPNM25_BUBO_PFM,Dut,sendCommand,PASS,,Nov 19 2019 7:45:16.0800 PM,Nov 19 2019 7:45:16.1220 PM,.0423
32. IMU_Combo_LPNM25_BUBO_PFM,Dut,sendCommand,PASS,,Nov 19 2019 7:45:16.1240 PM,Nov 19 2019 7:45:16.2910 PM,.1673
32. IMU_Combo_LPNM25_BUBO_PFM,Dut,sendCommand,PASS,,Nov 19 2019 7:45:16.2920 PM,Nov 19 2019 7:45:16.4280 PM,.1352
32. IMU_Combo_LPNM25_BUBO_PFM,Dut,sendCommand,PASS,,Nov 19 2019 7:45:16.4290 PM,Nov 19 2019 7:45:16.5630 PM,.1342
32. IMU_Combo_LPNM25_BUBO_PFM,Dut,sendCommand,PASS,,Nov 19 2019 7:45:16.5650 PM,Nov 19 2019 7:45:16.6190 PM,.0544
32. IMU_Combo_LPNM25_BUBO_PFM,Dut,sendCommand,PASS,,Nov 19 2019 7:45:16.6210 PM,Nov 19 2019 7:45:16.7950 PM,.1738
32. IMU_Combo_LPNM25_BUBO_PFM,Dut,sendCommand,PASS,,Nov 19 2019 7:45:16.7960 PM,Nov 19 2019 7:45:17.4540 PM,.6581
32. IMU_Combo_LPNM25_BUBO_PFM,Dut,sendCommand,PASS,,Nov 19 2019 7:45:17.4900 PM,Nov 19 2019 7:45:17.5180 PM,.0278
32. IMU_Combo_LPNM25_BUBO_PFM,Dut,sendCommand,PASS,,Nov 19 2019 7:45:17.5190 PM,Nov 19 2019 7:45:17.5620 PM,.0433
33. TURN_OFF_IMU,Dut,sendCommand,PASS,,Nov 19 2019 7:45:17.5680 PM,Nov 19 2019 7:45:17.6570 PM,.0895
34. POTASSIUM,Fixture,sendCommand,NOT SET,,,,0
34. POTASSIUM,Dut,sendCommand,PASS,,Nov 19 2019 7:45:17.6610 PM,Nov 19 2019 7:45:17.7110 PM,.0499
34. POTASSIUM,Dut,sendCommand,PASS,,Nov 19 2019 7:45:17.7120 PM,Nov 19 2019 7:45:17.7550 PM,.0426
34. POTASSIUM,Dut,sendCommand,PASS,,Nov 19 2019 7:45:17.7570 PM,Nov 19 2019 7:45:17.8240 PM,.0673
34. POTASSIUM,Dut,sendCommand,PASS,,Nov 19 2019 7:45:17.8260 PM,Nov 19 2019 7:45:17.8710 PM,.0448
34. POTASSIUM,Dut,sendCommand,PASS,,Nov 19 2019 7:45:17.8730 PM,Nov 19 2019 7:45:20.2130 PM,2.3408
34. POTASSIUM,Dut,sendCommand,PASS,,Nov 19 2019 7:45:20.2180 PM,Nov 19 2019 7:45:20.2590 PM,.0408
35. MOLYBDENUM,Dut,sendCommand,PASS,,Nov 19 2019 7:45:20.2640 PM,Nov 19 2019 7:45:20.3110 PM,.0479
35. MOLYBDENUM,Dut,sendCommand,PASS,,Nov 19 2019 7:45:20.3130 PM,Nov 19 2019 7:45:20.3550 PM,.0419
35. MOLYBDENUM,Dut,sendCommand,PASS,,Nov 19 2019 7:45:20.3570 PM,Nov 19 2019 7:45:20.4550 PM,.0978
35. MOLYBDENUM,Dut,sendCommand,PASS,,Nov 19 2019 7:45:20.4570 PM,Nov 19 2019 7:45:23.0590 PM,2.6017
36. QUIESCE_SYSTEM_3,Dut,sendCommand,PASS,,Nov 19 2019 7:45:23.0640 PM,Nov 19 2019 7:45:23.1040 PM,.0398
36. QUIESCE_SYSTEM_3,Dut,sendCommand,PASS,,Nov 19 2019 7:45:23.1050 PM,Nov 19 2019 7:45:23.1490 PM,.0442
37. ARDMORE_TEST,Dut,sendCommand,PASS,,Nov 19 2019 7:45:23.1530 PM,Nov 19 2019 7:45:23.2690 PM,.1162
37. ARDMORE_TEST,Dut,sendCommand,PASS,,Nov 19 2019 7:45:23.2710 PM,Nov 19 2019 7:45:23.3150 PM,.0441
37. ARDMORE_TEST,Dut,sendCommand,PASS,,Nov 19 2019 7:45:23.3170 PM,Nov 19 2019 7:45:23.4030 PM,.0865
37. ARDMORE_TEST,Dut,sendCommand,PASS,,Nov 19 2019 7:45:23.4060 PM,Nov 19 2019 7:45:23.5880 PM,.1819
37. ARDMORE_TEST,Dut,sendCommand,PASS,,Nov 19 2019 7:45:23.5900 PM,Nov 19 2019 7:45:23.6370 PM,.0468
38. SPEAKER_IMPEDANCE,Dut,sendCommand,PASS,,Nov 19 2019 7:45:23.6410 PM,Nov 19 2019 7:45:23.7580 PM,.1168
38. SPEAKER_IMPEDANCE,Dut,sendCommand,PASS,,Nov 19 2019 7:45:23.7600 PM,Nov 19 2019 7:45:23.7970 PM,.0366
38. SPEAKER_IMPEDANCE,Dut,sendCommand,PASS,,Nov 19 2019 7:45:23.7980 PM,Nov 19 2019 7:45:23.8410 PM,.0429
38. SPEAKER_IMPEDANCE,Dut,sendCommand,PASS,,Nov 19 2019 7:45:23.8430 PM,Nov 19 2019 7:45:23.8860 PM,.0433
38. SPEAKER_IMPEDANCE,Dut,sendCommand,PASS,,Nov 19 2019 7:45:23.8880 PM,Nov 19 2019 7:45:23.9230 PM,.0354
38. SPEAKER_IMPEDANCE,Dut,sendCommand,PASS,,Nov 19 2019 7:45:23.9250 PM,Nov 19 2019 7:45:23.9650 PM,.0403
38. SPEAKER_IMPEDANCE,Dut,sendCommand,PASS,,Nov 19 2019 7:45:23.9670 PM,Nov 19 2019 7:45:24.0180 PM,.0513
38. SPEAKER_IMPEDANCE,Dut,sendCommand,PASS,,Nov 19 2019 7:45:24.0190 PM,Nov 19 2019 7:45:24.0710 PM,.0515
38. SPEAKER_IMPEDANCE,Dut,sendCommand,PASS,,Nov 19 2019 7:45:24.0720 PM,Nov 19 2019 7:45:25.1320 PM,1.0597
38. SPEAKER_IMPEDANCE,Dut,sendCommand,PASS,,Nov 19 2019 7:45:25.1340 PM,Nov 19 2019 7:45:25.3050 PM,.1712
38. SPEAKER_IMPEDANCE,Dut,sendCommand,PASS,,Nov 19 2019 7:45:25.3080 PM,Nov 19 2019 7:45:25.3470 PM,.0393
38. SPEAKER_IMPEDANCE,Dut,sendCommand,PASS,,Nov 19 2019 7:45:25.3480 PM,Nov 19 2019 7:45:25.4030 PM,.0552
39. CARNELIAN,Dut,sendCommand,PASS,,Nov 19 2019 7:45:25.4090 PM,Nov 19 2019 7:45:25.5270 PM,.1186
39. CARNELIAN,Dut,sendCommand,PASS,,Nov 19 2019 7:45:25.5290 PM,Nov 19 2019 7:45:25.5690 PM,.0404
39. CARNELIAN,Dut,sendCommand,PASS,,Nov 19 2019 7:45:25.5710 PM,Nov 19 2019 7:45:27.0680 PM,1.4971
39. CARNELIAN,Dut,sendCommand,PASS,,Nov 19 2019 7:45:27.0690 PM,Nov 19 2019 7:45:27.1130 PM,.0433
39. CARNELIAN,Dut,sendCommand,PASS,,Nov 19 2019 7:45:27.1140 PM,Nov 19 2019 7:45:27.1680 PM,.0543
40. MAGNETITE_TEST_1,Dut,sendCommand,PASS,,Nov 19 2019 7:45:27.1720 PM,Nov 19 2019 7:45:27.2170 PM,.0451
40. MAGNETITE_TEST_1,Dut,sendCommand,PASS,,Nov 19 2019 7:45:27.2190 PM,Nov 19 2019 7:45:27.2570 PM,.038
41. BUTTONS_CHECK,Dut,sendCommand,PASS,,Nov 19 2019 7:45:27.2610 PM,Nov 19 2019 7:45:27.3100 PM,.0495
41. BUTTONS_CHECK,Fixture,sendCommand,NOT SET,,,,0
41. BUTTONS_CHECK,Dut,sendCommand,PASS,,Nov 19 2019 7:45:27.3130 PM,Nov 19 2019 7:45:27.3500 PM,.0373
41. BUTTONS_CHECK,Fixture,sendCommand,NOT SET,,,,0
41. BUTTONS_CHECK,Fixture,sendCommand,NOT SET,,,,0
41. BUTTONS_CHECK,Dut,sendCommand,PASS,,Nov 19 2019 7:45:27.3530 PM,Nov 19 2019 7:45:27.3920 PM,.0389
41. BUTTONS_CHECK,Fixture,sendCommand,NOT SET,,,,0
41. BUTTONS_CHECK,Dut,sendCommand,PASS,,Nov 19 2019 7:45:27.3960 PM,Nov 19 2019 7:45:27.4390 PM,.0424
42. BATTERY_PROPERTIES,Dut,sendCommand,PASS,,Nov 19 2019 7:45:27.4430 PM,Nov 19 2019 7:45:27.4870 PM,.0435
42. BATTERY_PROPERTIES,Dut,sendCommand,PASS,,Nov 19 2019 7:45:27.4890 PM,Nov 19 2019 7:45:28.5030 PM,1.0144
42. BATTERY_PROPERTIES,Dut,sendCommand,PASS,,Nov 19 2019 7:45:28.5050 PM,Nov 19 2019 7:45:28.8390 PM,.3335
42. BATTERY_PROPERTIES,Dut,sendCommand,PASS,,Nov 19 2019 7:45:28.8410 PM,Nov 19 2019 7:45:29.0300 PM,.1895
43. MAGNETITE_TEST_2,Dut,sendCommand,PASS,,Nov 19 2019 7:45:29.0340 PM,Nov 19 2019 7:45:30.0730 PM,1.0389
43. MAGNETITE_TEST_2,Dut,sendCommand,PASS,,Nov 19 2019 7:45:30.0750 PM,Nov 19 2019 7:45:34.0980 PM,4.0233
43. MAGNETITE_TEST_2,Dut,sendCommand,PASS,,Nov 19 2019 7:45:34.1060 PM,Nov 19 2019 7:45:34.1300 PM,.0241
43. MAGNETITE_TEST_2,Dut,sendCommand,PASS,,Nov 19 2019 7:45:34.1320 PM,Nov 19 2019 7:45:34.1620 PM,.0305
43. MAGNETITE_TEST_2,Dut,sendCommand,PASS,,Nov 19 2019 7:45:34.1640 PM,Nov 19 2019 7:45:34.1940 PM,.03
43. MAGNETITE_TEST_2,Dut,sendCommand,PASS,,Nov 19 2019 7:45:34.1960 PM,Nov 19 2019 7:45:49.2230 PM,15.0274
43. MAGNETITE_TEST_2,Dut,sendCommand,PASS,,Nov 19 2019 7:45:49.2250 PM,Nov 19 2019 7:45:50.2460 PM,1.0206
43. MAGNETITE_TEST_2,Dut,sendCommand,PASS,,Nov 19 2019 7:45:50.2470 PM,Nov 19 2019 7:45:51.1310 PM,.884
43. MAGNETITE_TEST_2,Dut,sendCommand,PASS,,Nov 19 2019 7:45:51.1370 PM,Nov 19 2019 7:45:53.1590 PM,2.0226
44. PUCK_CHARGE_TEST,Dut,sendCommand,PASS,,Nov 19 2019 7:45:53.1650 PM,Nov 19 2019 7:45:53.2770 PM,.1121
44. PUCK_CHARGE_TEST,Dut,sendCommand,PASS,,Nov 19 2019 7:45:53.2790 PM,Nov 19 2019 7:45:53.5670 PM,.2874
45. DBGPWR_ON,Fixture,sendCommand,NOT SET,,,,0
45. DBGPWR_ON,Dut,sendCommand,PASS,,Nov 19 2019 7:45:53.5730 PM,Nov 19 2019 7:45:53.6120 PM,.0388
46. WIFI,Dut,sendCommand,PASS,,Nov 19 2019 7:45:53.6150 PM,Nov 19 2019 7:45:53.9910 PM,.3758
46. WIFI,Dut,sendCommand,PASS,,Nov 19 2019 7:45:53.9930 PM,Nov 19 2019 7:45:54.0390 PM,.046
47. BULETOOTH,Dut,sendCommand,PASS,,Nov 19 2019 7:45:54.0430 PM,Nov 19 2019 7:45:54.4220 PM,.3796
47. BULETOOTH,Dut,sendCommand,PASS,,Nov 19 2019 7:45:54.4240 PM,Nov 19 2019 7:45:54.5310 PM,.1073
47. BULETOOTH,Dut,sendCommand,PASS,,Nov 19 2019 7:45:54.5330 PM,Nov 19 2019 7:45:54.5830 PM,.0498
48. STOCKHOLM,Dut,sendCommand,PASS,,Nov 19 2019 7:45:54.5870 PM,Nov 19 2019 7:45:54.8970 PM,.3106
48. STOCKHOLM,Dut,sendCommand,PASS,,Nov 19 2019 7:45:54.8990 PM,Nov 19 2019 7:45:54.9370 PM,.0386
48. STOCKHOLM,Dut,sendCommand,PASS,,Nov 19 2019 7:45:54.9390 PM,Nov 19 2019 7:45:54.9850 PM,.0459
48. STOCKHOLM,Dut,sendCommand,PASS,,Nov 19 2019 7:45:54.9870 PM,Nov 19 2019 7:45:55.0330 PM,.0464
48. STOCKHOLM,Dut,sendCommand,PASS,,Nov 19 2019 7:45:55.0350 PM,Nov 19 2019 7:45:55.0810 PM,.0462
48. STOCKHOLM,Dut,sendCommand,PASS,,Nov 19 2019 7:45:55.0830 PM,Nov 19 2019 7:45:55.1280 PM,.0454
48. STOCKHOLM,Dut,sendCommand,PASS,,Nov 19 2019 7:45:55.1300 PM,Nov 19 2019 7:45:55.7350 PM,.6047
48. STOCKHOLM,Dut,sendCommand,PASS,,Nov 19 2019 7:45:55.7370 PM,Nov 19 2019 7:45:57.2680 PM,1.5317
48. STOCKHOLM,Dut,sendCommand,PASS,,Nov 19 2019 7:45:57.2700 PM,Nov 19 2019 7:45:57.3000 PM,.0302
48. STOCKHOLM,Dut,sendCommand,PASS,,Nov 19 2019 7:45:57.3020 PM,Nov 19 2019 7:45:57.3320 PM,.0304
48. STOCKHOLM,Dut,sendCommand,PASS,,Nov 19 2019 7:45:57.3340 PM,Nov 19 2019 7:45:57.3640 PM,.0305
48. STOCKHOLM,Dut,sendCommand,PASS,,Nov 19 2019 7:45:57.3660 PM,Nov 19 2019 7:45:57.3960 PM,.0301
48. STOCKHOLM,Dut,sendCommand,PASS,,Nov 19 2019 7:45:57.3970 PM,Nov 19 2019 7:45:57.4280 PM,.0305
49. GERMANIUM_BASEBAND_VINYL,Dut,sendCommand,PASS,,Nov 19 2019 7:45:57.4330 PM,Nov 19 2019 7:46:01.3720 PM,3.9394
49. GERMANIUM_BASEBAND_VINYL,Dut,sendCommand,PASS,,Nov 19 2019 7:46:01.3740 PM,Nov 19 2019 7:46:01.4570 PM,.0823
49. GERMANIUM_BASEBAND_VINYL,Dut,sendCommand,PASS,,Nov 19 2019 7:46:01.4580 PM,Nov 19 2019 7:46:01.8480 PM,.3899
50. GRAPE_TEST,Dut,sendCommand,PASS,,Nov 19 2019 7:46:01.8520 PM,Nov 19 2019 7:46:01.9620 PM,.11
50. GRAPE_TEST,Dut,sendCommand,PASS,,Nov 19 2019 7:46:01.9640 PM,Nov 19 2019 7:46:02.0810 PM,.1167
50. GRAPE_TEST,Dut,sendCommand,PASS,,Nov 19 2019 7:46:02.0830 PM,Nov 19 2019 7:46:02.1260 PM,.0432
51. ALS_TEST,Dut,sendCommand,PASS,,Nov 19 2019 7:46:02.1310 PM,Nov 19 2019 7:46:02.1760 PM,.0452
51. ALS_TEST,Dut,sendCommand,PASS,,Nov 19 2019 7:46:02.1790 PM,Nov 19 2019 7:46:02.4640 PM,.285
51. ALS_TEST,Dut,sendCommand,PASS,,Nov 19 2019 7:46:02.4660 PM,Nov 19 2019 7:46:02.4960 PM,.0305
51. ALS_TEST,Dut,sendCommand,PASS,,Nov 19 2019 7:46:02.4980 PM,Nov 19 2019 7:46:02.5280 PM,.0303
51. ALS_TEST,Dut,sendCommand,PASS,,Nov 19 2019 7:46:02.5290 PM,Nov 19 2019 7:46:02.5700 PM,.0404
51. ALS_TEST,Dut,sendCommand,PASS,,Nov 19 2019 7:46:02.5710 PM,Nov 19 2019 7:46:02.6550 PM,.0834
51. ALS_TEST,Dut,sendCommand,PASS,,Nov 19 2019 7:46:02.6590 PM,Nov 19 2019 7:46:02.7070 PM,.0475
51. ALS_TEST,Dut,sendCommand,PASS,,Nov 19 2019 7:46:02.7090 PM,Nov 19 2019 7:46:02.7700 PM,.0605
51. ALS_TEST,Dut,sendCommand,PASS,,Nov 19 2019 7:46:02.7710 PM,Nov 19 2019 7:46:03.6120 PM,.8412
51. ALS_TEST,Dut,sendCommand,PASS,,Nov 19 2019 7:46:03.6150 PM,Nov 19 2019 7:46:03.8520 PM,.2369
51. ALS_TEST,Dut,sendCommand,PASS,,Nov 19 2019 7:46:03.8530 PM,Nov 19 2019 7:46:04.6950 PM,.8421
51. ALS_TEST,Dut,sendCommand,PASS,,Nov 19 2019 7:46:04.6980 PM,Nov 19 2019 7:46:05.1740 PM,.4762
51. ALS_TEST,Dut,sendCommand,PASS,,Nov 19 2019 7:46:05.1750 PM,Nov 19 2019 7:46:05.2200 PM,.0446
52. DISPLAY_TEST,Dut,sendCommand,PASS,,Nov 19 2019 7:46:05.2250 PM,Nov 19 2019 7:46:05.5240 PM,.2985
52. DISPLAY_TEST,Dut,sendCommand,PASS,,Nov 19 2019 7:46:05.5250 PM,Nov 19 2019 7:46:05.5710 PM,.0465
52. DISPLAY_TEST,Dut,sendCommand,PASS,,Nov 19 2019 7:46:05.5730 PM,Nov 19 2019 7:46:05.6030 PM,.0304
52. DISPLAY_TEST,Dut,sendCommand,PASS,,Nov 19 2019 7:46:05.6050 PM,Nov 19 2019 7:46:05.6470 PM,.0423
52. DISPLAY_TEST,Dut,sendCommand,PASS,,Nov 19 2019 7:46:05.6490 PM,Nov 19 2019 7:46:05.6950 PM,.0461
52. DISPLAY_TEST,Dut,sendCommand,PASS,,Nov 19 2019 7:46:05.6970 PM,Nov 19 2019 7:46:07.7240 PM,2.027
52. DISPLAY_TEST,Dut,sendCommand,PASS,,Nov 19 2019 7:46:07.7260 PM,Nov 19 2019 7:46:07.7880 PM,.062
52. DISPLAY_TEST,Dut,sendCommand,PASS,,Nov 19 2019 7:46:07.7890 PM,Nov 19 2019 7:46:09.8160 PM,2.0266
52. DISPLAY_TEST,Dut,sendCommand,PASS,,Nov 19 2019 7:46:09.8180 PM,Nov 19 2019 7:46:09.8590 PM,.041
52. DISPLAY_TEST,Dut,sendCommand,PASS,,Nov 19 2019 7:46:09.8600 PM,Nov 19 2019 7:46:10.1140 PM,.2532
52. DISPLAY_TEST,Dut,sendCommand,PASS,,Nov 19 2019 7:46:10.1160 PM,Nov 19 2019 7:46:10.2200 PM,.1042
52. DISPLAY_TEST,Dut,sendCommand,PASS,,Nov 19 2019 7:46:10.2220 PM,Nov 19 2019 7:46:10.6200 PM,.3973
53. END_QUIESCE_SYSTEM,Dut,sendCommand,PASS,,Nov 19 2019 7:46:10.6250 PM,Nov 19 2019 7:46:10.6640 PM,.0388
54. QUERY_SFC_WRITE_SYSCFG_2,Dut,sendCommand,PASS,,Nov 19 2019 7:46:10.6680 PM,Nov 19 2019 7:46:10.7250 PM,.0574
54. QUERY_SFC_WRITE_SYSCFG_2,Dut,sendCommand,PASS,,Nov 19 2019 7:46:10.7270 PM,Nov 19 2019 7:46:10.7800 PM,.0532
54. QUERY_SFC_WRITE_SYSCFG_2,Dut,sendCommand,PASS,,Nov 19 2019 7:46:10.7830 PM,Nov 19 2019 7:46:10.8540 PM,.071
54. QUERY_SFC_WRITE_SYSCFG_2,Dut,sendCommand,PASS,,Nov 19 2019 7:46:10.8560 PM,Nov 19 2019 7:46:10.9000 PM,.0443
54. QUERY_SFC_WRITE_SYSCFG_2,Dut,sendCommand,PASS,,Nov 19 2019 7:46:10.9030 PM,Nov 19 2019 7:46:10.9480 PM,.0454
54. QUERY_SFC_WRITE_SYSCFG_2,Dut,sendCommand,PASS,,Nov 19 2019 7:46:10.9500 PM,Nov 19 2019 7:46:10.9960 PM,.0463
54. QUERY_SFC_WRITE_SYSCFG_2,Dut,sendCommand,PASS,,Nov 19 2019 7:46:10.9990 PM,Nov 19 2019 7:46:11.0440 PM,.0454
54. QUERY_SFC_WRITE_SYSCFG_2,Dut,sendCommand,PASS,,Nov 19 2019 7:46:11.0450 PM,Nov 19 2019 7:46:11.0920 PM,.0465
54. QUERY_SFC_WRITE_SYSCFG_2,Dut,sendCommand,PASS,,Nov 19 2019 7:46:11.0950 PM,Nov 19 2019 7:46:11.1400 PM,.0451
54. QUERY_SFC_WRITE_SYSCFG_2,Dut,sendCommand,PASS,,Nov 19 2019 7:46:11.1410 PM,Nov 19 2019 7:46:11.1850 PM,.0435
54. QUERY_SFC_WRITE_SYSCFG_2,Dut,sendCommand,PASS,,Nov 19 2019 7:46:11.1870 PM,Nov 19 2019 7:46:11.2330 PM,.0454
54. QUERY_SFC_WRITE_SYSCFG_2,Dut,sendCommand,PASS,,Nov 19 2019 7:46:11.2340 PM,Nov 19 2019 7:46:11.2800 PM,.0463
54. QUERY_SFC_WRITE_SYSCFG_2,Dut,sendCommand,PASS,,Nov 19 2019 7:46:11.2830 PM,Nov 19 2019 7:46:11.3280 PM,.0454
54. QUERY_SFC_WRITE_SYSCFG_2,Dut,sendCommand,PASS,,Nov 19 2019 7:46:11.3300 PM,Nov 19 2019 7:46:11.3740 PM,.0445
55. BATTERY_PROPERTIES,Dut,sendCommand,PASS,,Nov 19 2019 7:46:11.3800 PM,Nov 19 2019 7:46:11.4220 PM,.0422
55. BATTERY_PROPERTIES,Dut,sendCommand,PASS,,Nov 19 2019 7:46:11.4240 PM,Nov 19 2019 7:46:11.6140 PM,.1899
55. BATTERY_PROPERTIES,Dut,sendCommand,PASS,,Nov 19 2019 7:46:11.6160 PM,Nov 19 2019 7:46:12.6450 PM,1.0291
55. BATTERY_PROPERTIES,Dut,sendCommand,PASS,,Nov 19 2019 7:46:12.6470 PM,Nov 19 2019 7:46:12.9750 PM,.3288
55. BATTERY_PROPERTIES,Dut,sendCommand,PASS,,Nov 19 2019 7:46:12.9770 PM,Nov 19 2019 7:46:13.6590 PM,.6818
55. BATTERY_PROPERTIES,Dut,sendCommand,PASS,,Nov 19 2019 7:46:13.6610 PM,Nov 19 2019 7:46:13.8510 PM,.1897
55. BATTERY_PROPERTIES,Dut,sendCommand,PASS,,Nov 19 2019 7:46:13.8530 PM,Nov 19 2019 7:46:14.0360 PM,.1828
55. BATTERY_PROPERTIES,Dut,sendCommand,PASS,,Nov 19 2019 7:46:14.0370 PM,Nov 19 2019 7:46:14.8430 PM,.8058
55. BATTERY_PROPERTIES,Dut,sendCommand,PASS,,Nov 19 2019 7:46:14.8470 PM,Nov 19 2019 7:46:15.0290 PM,.1819
56. MAGNETITE_RESET,Dut,sendCommand,PASS,,Nov 19 2019 7:46:15.0350 PM,Nov 19 2019 7:46:15.0800 PM,.0447
,Dut,close,PASS,,Nov 19 2019 7:46:15.0820 PM,Nov 19 2019 7:46:15.0830 PM,.0003
Copy Log,RunCommand,RunCommandWithParameter,PASS,,Nov 19 2019 7:46:15.0900 PM,Nov 19 2019 7:46:15.1040 PM,.0142
Copy Log,RunCommand,RunCommandWithParameter,PASS,,Nov 19 2019 7:46:15.1060 PM,Nov 19 2019 7:46:15.1180 PM,.0118
Copy Log,RunCommand,RunCommandWithParameter,PASS,,Nov 19 2019 7:46:15.1200 PM,Nov 19 2019 7:46:15.1320 PM,.0116
Copy Log,RunCommand,RunCommandWithParameter,PASS,,Nov 19 2019 7:46:15.1330 PM,Nov 19 2019 7:46:15.1460 PM,.0128
Copy Log,RunCommand,RunCommandWithParameter,PASS,,Nov 19 2019 7:46:15.1480 PM,Nov 19 2019 7:46:15.1600 PM,.0117
Copy Log,RunCommand,RunCommandWithParameter,PASS,,Nov 19 2019 7:46:15.1620 PM,Nov 19 2019 7:46:15.1730 PM,.0116
Copy Log,DRCB,addBlob,PASS,,Nov 19 2019 7:46:15.1750 PM,Nov 19 2019 7:46:15.1750 PM,.0002
57. END_CONTROLBIT,DRCB,finish,PASS,,Nov 19 2019 7:46:15.1800 PM,Nov 19 2019 7:46:15.3910 PM,.2112
,Dut,open,PASS,,Nov 19 2019 7:46:15.3940 PM,Nov 19 2019 7:46:15.4480 PM,.0538
58. UNIT STANDBY,Dut,sendCommand,PASS,,Nov 19 2019 7:46:15.4500 PM,Nov 19 2019 7:46:15.5580 PM,.1072
,Dut,close,PASS,,Nov 19 2019 7:46:15.5640 PM,Nov 19 2019 7:46:15.5640 PM,.0004
