Test,SubTest,SubSubTest,Action,"DUT Command",Parameter,SAC,OutputKey,IsGlobal,Condition,SOE
Jasper,Read_Jasper_SN,,Rush:Read_Jasper_SN,,,,JS_sn,1,,
Jasper,Compare_Jasper_SN_With_SFC,,Rush:checkConditionPassFail,,"{""condition"": ""JS_sn == SFC_queried.jasper_sn""}",,,,,
Jasper,Status_Check,,Rush:CheckJasperStatus,,,,,,,
Jasper,Bank2bank-Voltage,,Rush:Jasper_OTP_Version_Check,,,,OTP_value,1,,
,,,Rush:createRecord,,"{""value"":""${OTP_value}['voltage']""}",,,,,
Jasper,Bank2bank-Current,,Rush:createRecord,,"{""value"":""${OTP_value}['current']""}",,,,,
Jasper,Bank2bank-VDD_Laser,,Rush:createRecord,,"{""value"":""${OTP_value}['vdd_laser']""}",,,,,
Jasper,NVM_Format_Rev,,Rush:JasperNVMRev,,"{""input"":""NVMFormatRev""}",,,,,
Jasper,NVM_Version,,Rush:JasperNVMRev,,"{""input"":""NVMVersion""}",,,,,
Jasper,Camera_Project,,Rush:JasperProject,,"{""input"":""CameraProject"",""command"":""camisp --i2cread 9 0x51 0x0001 2 1""}",,,,,
Jasper,Project_Version,,Rush:JasperProject,,"{""input"":""ProjectVersion"",""command"":""camisp --i2cread 9 0x51 0x0002 2 1""}",,,,,
Jasper,Integrator_Plant,,Rush:JasperProject,,"{""input"":""IntegratorPlant"",""command"":""camisp --i2cread 9 0x51 0x0003 2 1""}",,,,,
Jasper,Camera_Build,,Rush:JasperProject,,"{""input"":""CameraBuild"",""command"":""camisp --i2cread 9 0x51 0x0004 2 1""}",,jasperJudge,1,,
Jasper,Config_Number,,Rush:JasperProject,,"{""input"":""ConfigNumber"",""command"":""camisp --i2cread 9 0x51 0x0005 2 1""}",,,,,
Jasper,Substrate,,Rush:JasperProject,,"{""input"":""Substrate"",""command"":""camisp --i2cread 9 0x51 0x0006 2 1""}",,,,,
Jasper,Driver,,Rush:JasperProject,,"{""input"":""Driver"",""command"":""camisp --i2cread 9 0x51 0x0007 2 1""}",,,,,
Jasper,Kirk,,Rush:JasperProject,,"{""input"":""Kirk"",""command"":""camisp --i2cread 9 0x51 0x0008 2 1""}",,,,,
Jasper,Periscope,,Rush:JasperProject,,"{""input"":""Periscope"",""command"":""camisp --i2cread 9 0x51 0x0009 2 1""}",,,,,
Jasper,IR_Filter,,Rush:JasperProject,,"{""input"":""IRFilter"",""command"":""camisp --i2cread 9 0x51 0x000A 2 1""}",,,,,
Jasper,Lens1_McCoy,,Rush:JasperProject,,"{""input"":""Lens1McCoy"",""command"":""camisp --i2cread 9 0x51 0x000B 2 1""}",,,,,
Jasper,Lens2_Spock,,Rush:JasperProject,,"{""input"":""Lens2Spock"",""command"":""camisp --i2cread 9 0x51 0x000C 2 1""}",,,,,
Jasper,Sulu_DOE,,Rush:JasperProject,,"{""input"":""SuluDOE"",""command"":""camisp --i2cread 9 0x51 0x000D 2 1"",""in"":""${jasperJudge}""}",,,,,
Jasper,Lens_Holder,,Rush:JasperProject,,"{""input"":""LensHolder"",""command"":""camisp --i2cread 9 0x51 0x000E 2 1"",""in"":""${jasperJudge}""}",,,,,
Jasper,Shield_Can,,Rush:JasperProject,,"{""input"":""ShieldCan"",""command"":""camisp --i2cread 9 0x51 0x000F 2 1""}",,,,,
Jasper,Flex,,Rush:JasperProject,,"{""input"":""Flex"",""command"":""camisp --i2cread 9 0x51 0x0010 2 1""}",,,,,
Jasper,Stiffener,,Rush:JasperProject,,"{""input"":""Stiffener"",""command"":""camisp --i2cread 9 0x51 0x0011 2 1""}",,,,,
Jasper,Liner,,Rush:JasperProject,,"{""input"":""Liner"",""command"":""camisp --i2cread 9 0x51 0x001E 2 1""}",,,,,
