FATP-FWDL,V2.3.2.0_debug
Site,Product,SerialNumber,Special Build Name,Special Build Description,Unit Number,Station ID,Test Pass/Fail Status,StartTime,EndTime,Durations,Version,List of Failing Tests,Read_SN,BUILD_EVENT,S_BUILD,WO_SN,SUB_SN,UNIT_LBL,KAI_FW,Read_MLB_SN,Check_MLB_SN,Read_STFW_Version_Before_DL,Read_MTFW_Version_Before_DL,Read_CCG3FW_Version_Before_DL,Program_STFW,Program_MTFW,Program_CCG3FW,Read_STFW_Version_After_DL,Read_STFW_Version_After_DL,Read_MTFW_Version_After_DL,Read_MTFW_Version_After_DL,Read_CCG3FW_Version_After_DL,Read_CCG3FW_Version_After_DL,
Upper Limited-------->,,,,,,,,,,,,,,,,,,,,,PASS,,,,PASS,PASS,PASS,624,,1301,,258,,
Lower Limited-------->,,,,,,,,,,,,,,,,,,,,,PASS,,,,PASS,PASS,PASS,624,,1301,,258,,
Measurement Units---->,,,,,,,,,,,,,,,,,,,,,,,,,,,,,,,,,,
FXLH,R128,FTPZP005P3M1,,R128-EVT_E2ATH-LTDL2,,FXLH_F05-4FT-01_6_SW-DOWNLOAD,PASS,12-05-14:44:46,12-05-14:49:00,254.26,V2.3.2.0_debug,PASS,FTPZP005P3M1,R128-EVT,R128-EVT_E2ATH-LTDL2,WCR-JB000A,DKB94650004N5RQ0X,R128-EVT_E2ATH-LTDL2_C02502,0.2.1,DLX94720003N47352,PASS,624,1301,258,PASS,PASS,PASS,624,0x0270,1301,0x0515,258,0x0102,
