Test,SubTest,SubSubTest,Action,"DUT Command",Parameter,SAC,OutputKey,IsGlobal,Condition,SOE,
Process,"Check Moped hash",,EFIDut:sendCommand,"syscfg print MdlC",,,MdlC_resp,,,,
,,,EFIDut:sendCommand,"hash --type Moped --check",,,,,,,
,,,EFIDut:sendCommand,"syscfg delete MdlC",,,,,"NOT MdlC_resp CONTAINS 'Not Found'",,
,,,EFIDut:sendCommand,"hash --type Moped --append",,,,,,,
,,,EFIDut:sendCommand,"hash --type Moped --check","{""expect"":""PASS""}",,,,,,
,,,EFIDut:sendCommand,"syscfg print MdlC",,,,,,,
,,,Rush:regexFirstMatch,,"{""regex"":""MoPED=(0x\\w+)""}",,MOPED,,,,
,,,Rush:add_device_attribute,,"[""MOPED"",""${MOPED}""]",,,,,,
Process,"Check SN Validity",,Rush:checkSNValidity,,"{""sn"":""${serialnumber}""}",,,,,,
Process,DBCl,,EFIDut:sendCommand,"zerofile nandfs:\\AppleInternal\\Diags\\Logs\\Smokey\\LcmCal\PDCA.plist",{},,,,,,
,,,EFIDut:sendCommand,"zerofile nandfs:\\AppleInternal\\Diags\\Logs\\Smokey\\LcmCal\Smokey.log",{},,,,,,
,,,EFIDut:sendCommand,"smokeyshell -r",{},,,,,,
,,,EFIDut:sendCommand,"smokey --run LcmCal","{""expect"":""Passed""}",,,,,,
,,,EFIDut:sendCommand,"cat nandfs:\\AppleInternal\\Diags\\Logs\\Smokey\\LcmCal\\PDCA.plist",{},,LcmCal_resp,1,,,
,,,Rush:regexGroups,,"{""input"": ""${LcmCal_resp}"", ""regex"":""DBCl[\\s\\S]+?result.+?<string>(\\w+)</string>\\s*.+?value.+?<string>(\\w+)</string>[\\s\\S]*overallresult.+?<string>(\\w+)</string>""}",,DBCl_matched,,,,
,,,Rush:Atlas.create_record,,"[[""DBCl"",""overallresult"", ""Rush:stringify(\""${DBCl_matched}[2]\"")""],""Rush:checkCondition(\""DBCl_matched[2] == 'PASS'\"")"",""LcmCal overall result FAIL""]",,,,,,
,,,Rush:Atlas.create_record,,"[[""DBCl"",""result"", ""Rush:stringify(\""${DBCl_matched}[0]\"")""],""Rush:checkCondition(\""DBCl_matched[0] == 'PASS'\"")"",""DBCl result FAIL""]",,,,,,
,,,Rush:createRecord,,"{""value"":""${DBCl_matched}[1]""}",,,,,,
,,,Rush:regexGroups,,"{""input"": ""${LcmCal_resp}"", ""regex"":""DTCl[\\s\\S]+?result.+?<string>(\\w+)</string>\\s*.+?value.+?<string>(\\w+)</string>""}",,DTCl_matched,,,,
,,,Rush:Atlas.create_record,,"[[""DTCl"",""result"", ""Rush:stringify(\""${DTCl_matched}[0]\"")""],""Rush:checkCondition(\""DTCl_matched[0] == 'PASS'\"")"",""DTCl result FAIL""]",,,,,,
,,,Rush:createRecord,,"{""value"":""${DTCl_matched}[1]""}",,,,,,
Process,Diag_Version,,EFIDut:open,,,,,,,,
,,,EFIDut:syncCmdResp,,,,,,,,
,,,EFIDut:sendCommand,version,"{""regex"":""Version\\s*\\-\\s*(\\w+\\_\\w+\\-\\w+)""}",,diag_version,,,,
,,,Rush:add_device_attribute,,"[""DIAG_VER"",""${diag_version}""]",,,,,,
Process,Compare_Grape_Color_With_HSG,,Rush:compareGrapeColWithHSG,,"[""${SFC_queried}""]",,,,,,
Process,Compare_HS_Color_With_CLHS,,EFIDut:sendCommand,"syscfg print CLHS","{""skipCommit"":1}",,recv,,,,
,,,Rush:regexFirstMatch,,"{""regex"":""(0x.+)""}",,CLHS,,,,
,,,Rush:compareCLHSWithEEEECode,,"{""housing_sn"":""${SFC_queried}.housing_sn"", ""CLHS"":""${CLHS}""}",,,,,,
Process,Compare_CG_Color_With_CLCG,,EFIDut:sendCommand,"syscfg print CLCG","{""skipCommit"":1}",,recv,,,,
,,,Rush:regexFirstMatch,,"{""regex"":""(0x.+)""}",,CLCG,,,,
,,,Rush:compareCLCGWithEEEECode,,"{""lcm_sn"":""${SFC_queried}.lcm_sn"", ""CLCG"":""${CLCG}""}",,,,,,
Process,"Dut Close",,EFIDut:close,,,,,,,,
Process,"Dut Open",,EFIDut:open,,,,,,,,
,,,EFIDut:syncCmdResp,,,,,,,,
Process,Enter_Diags,,Rush:enterDiags,,"[""UART""]",,,,,,
Process,DRCB,,EFIDut:close,,,,,,,,
,,,Rush:Atlas.tock,,"[""${FULL_TEST_TIME_TAG}""]",,,,,,
,,,DRCB:finish,,,,,,,,
Process,Get_SFC_Info,,Rush:getSFCInfo,,"{""keysToQuery"":[""hwconfig"",""unit_lbl"",""lb_result"",""region_code"",""front_nvm_barcode"",""back_nvm_barcode"",""housing_sn"",""lcm_sn"",""juliet_sn"", ""titus_sn"", ""jasper_sn"", ""ohio_sn""],""serialnumber"":""${serialnumber}""}",,SFC_queried,1,,,
Process,Spartan_FW_Version,,Rush:SpartanFWVersion,,,,,,,,
Process,Spartan_Environment_Check,,Rush:SpartanEnvironmentcheck,,,,,,,,
Process,Backlight_Set_Low,,EFIDut:sendCommand,"bl -n","{""expect"":""OK""}",,,,,,
,,,EFIDut:sendCommand,"bl -l","{""expect"":""OK""}",,,,,,
Process,SN,,Rush:judge_SN,,,,serialnumber,1,,,
Process,Write_Date_And_Time,,Rush:Write_Date_And_Time,,,,,,,,
Process,Write_Incomplete_CB,,EFIDut:sendCommand,"cbwrite 0x8A incomplete",,,,,,,
,,,EFIDut:close,,,,,,,,
Process,Start_Control_Bits,,EFIDut:open,,,,,,,,
,,,EFIDut:close,,,,,,,,
,,,DRCB:startControlBits,,"{""mode"":""legacy"",""config"":{""timeout"":30,""snSource"":""FATPSN""}}",,,,,,
Process,Start_Data_Reporting,,DRCB:startDataReporting,,"{""softwarename"":""Rush:get_atlas_version()"",""serialnumber"":""${serialnumber}"",""softwareversion"":""Rush:get_overlay_version()"",""limitsversion"":""1""}",,,,,,
Process,"Burn Dummy MdlC",,Rush:setActionSharedVariables,,"{""dummy_mdlc"": ""FN845JH45878923785627895256845TY845UJ845""}",,,,,,
,,,EFIDut:sendCommand,"syscfg add MdlC 0x${dummy_mdlc}","{""expect"": ""Finish""}",,,,,,
,,,EFIDut:sendCommand,"syscfg print MdlC",,,mdlc_resp,,,,
,,,Rush:checkConditionPassFail,,"{""condition"": ""mdlc_resp CONTAINS dummy_mdlc""}",,,,,,
Process,Board_ID,,EFIDut:open,,,,,,,,
,,,EFIDut:sendCommand,boardid,,,,,,,
,,,Rush:regexFirstMatch,,"{""regex"":""Board Id: (0x\\w+)""}",,boardID,1,,,
,,,Rush:valueAllowedCheck,,"{""allowedArray"":[""0x1C"",""1E"",""0x18"",""0x1A""]}",,,,,,
,,,Rush:add_device_attribute,,"[""boardID"",""${boardID}""]",,,,,,
,,,Rush:WIFI3G,,"[""boardID"",""${boardID}""]",,,,,,
Process,"Titus B2B detect test",,EFIDut:sendCommand,"socgpio --port 1 --pin 41 --get","{""expect"":""= 0""}",,,,,,
,,,EFIDut:sendCommand,"camisp --find","{""expect"":""Pass""}",,,,,,
,,,EFIDut:sendCommand,"camisp --i2cread 3 0x66 0x8860 2 4",,,,,,,
,,,EFIDut:sendCommand,"camisp --exit","{""expect"":""Pass""}",,,,,,
Process,Pearl_Capacitance,,EFIDut:sendCommand,"camisp --exit","{""expect"":""Pass""}",,,,,,
,,,EFIDut:sendCommand,"camisp --find","{""expect"":""Pass""}",,,,,,
,,,EFIDut:sendCommand,"camisp --pick front1","{""expect"":""Pass""}",,,,,,
,,,EFIDut:sendCommand,"camisp --on","{""expect"":""Pass""}",,,,,,
,,,EFIDut:sendCommand,"camisp --method pearl romeo cap",,,value,,,,
,,,Rush:regexGroups,,"{""input"":""${value}"",""regex"":""(\\d+)\nStatus:(\\w+)""}",,camispVal,,,,
,,,Rush:add_device_attribute,,"[""MAMABEAR_CAP_VALUE"",""${camispVal}[0]""]",,,,,,
,,,Rush:add_device_attribute,,"[""MAMABEAR_CAP_STATUS"",""${camispVal}[1]""]",,,,,,
,,,Rush:createRecord,,"{""value"":""${camispVal}[0]""}",,,,,,
Process,"Check Rigel SN and Fault Status",,EFIDut:sendCommand,"camisp --method pearl rigel status",,,_rigelValue,1,,,
,,,Rush:regexFirstMatch,,"{""input"":""${_rigelValue}"",""regex"":""0x84:\\s*(.+)""}",,value,,,,
,,,Rush:checkConditionPassFail,,"{""condition"":""value == '0x00 0x00 0x00 0x00 0x00'""}",,,,,,
Process,"Check Rigel State",,Rush:regexFirstMatch,,"{""input"":""${_rigelValue}"",""regex"":""Rigel State 0x07:(0x\\w+)""}",,riState,,,,
,,,Rush:checkConditionPassFail,,"{""condition"":""riState == '0x24'|| riState  == '0x3A' ""}",,,,,,
Process,"Pearl Status Check",,Rush:checkPearlStatus,,,,,,,,
Process,Check-WCAL,,EFIDut:sendCommand,"syscfg print WCAL",,,value,,,,
,,,Rush:checkConditionPassFail,,"{""condition"": ""NOT value CONTAINS 'Not Found!'""}",,,,,,
Process,Read_Ohio_SN,,Rush:Read_Ohio_SN,,,,Oh_sn,1,,,
Process,Compare_Ohio_SN_With_SFC,,Rush:checkConditionPassFail,,"{""condition"": ""Oh_sn == SFC_queried.ohio_sn""}",,,,,,
Process,Read_Jasper_SN,,Rush:Read_Jasper_SN,,,,JS_sn,1,,,
Process,Compare_Jasper_SN_With_SFC,,Rush:checkConditionPassFail,,"{""condition"": ""JS_sn == SFC_queried.jasper_sn""}",,,,,,
Process,"Jasper Status Check",,Rush:CheckJasperStatus,,,,,,,,
Process,WV_Phosphorus_Mfg_ID,,EFIDut:sendCommand,"sensorreg --sel pressure -r 0x80","{""expect"":""OK""}",,,,,,
,,,Rush:regexFirstMatch,,"{""regex"":""0x80\\s*=\\s*(0x\\w+)""}",,value,,,,
,,,Rush:numerify,,"[""${value}""]",,,,,,
,,,Rush:createRecord,,,,,,,,
Process,WV_Phosphorus_Chip_ID,,EFIDut:sendCommand,"sensorreg --sel pressure -r 0x81","{""expect"":""OK""}",,,,,,
,,,Rush:regexFirstMatch,,"{""regex"":""0x81\\s*=\\s*(\\w+)""}",,value,,,,
,,,Rush:numerify,,"[""${value}""]",,,,,,
,,,Rush:createRecord,,,,,,,,
Process,WV_Phosphorus_Trim_Rev,,EFIDut:sendCommand,"sensorreg --sel pressure -r 0xA1 1","{""expect"":""OK""}",,,,,,
,,,Rush:regexFirstMatch,,"{""regex"":""0xA1\\s*=\\s*(\\w+)""}",,value,,,,
,,,Rush:numerify,,"[""${value}""]",,,,,,
,,,Rush:createRecord,,,,,,,,
Process,WV_Phosphorus_Trim_Rev2,,EFIDut:sendCommand,"sensorreg --sel pressure -r 0xA3 1","{""expect"":""OK""}",,,,,,
,,,Rush:regexFirstMatch,,"{""regex"":""0xA3\\s*=\\s*(\\w+)""}",,value,,,,
,,,Rush:numerify,,"[""${value}""]",,,,,,
,,,Rush:createRecord,,,,,,,,
Process,WV_Phosphorus_Trim_Rev3,,EFIDut:sendCommand,"sensorreg --sel pressure -r 0xA4 1","{""expect"":""OK""}",,,,,,
,,,Rush:regexFirstMatch,,"{""regex"":""0xA4\\s*=\\s*(\\w+)""}",,value,,,,
,,,Rush:numerify,,"[""${value}""]",,,,,,
,,,Rush:createRecord,,,,,,,,
Process,WV_Phosphorus_Presure_Initialiation,,EFIDut:sendCommand,"sensor --listsensors","{""expect"":""OK""}",,,,,,
,,,EFIDut:sendCommand,"sensor --sel pressure --init","{""expect"":""OK""}",,,,,,
Process,WV_Phosphorus_Presure_Connectivity_Test,,EFIDut:sendCommand,"sensor --sel pressure --conntest","{""expect"":""test-result: passed""}",,,,,,
,,,EFIDut:sendCommand,"sensor --sel pressure --turnoff","{""expect"":""OK""}",,,,,,
Process,WV_Phosphorus_Average,,EFIDut:sendCommand,"wait 20",,,,,,,
,,,EFIDut:sendCommand,"sensor --sel pressure --init","{""expect"":""OK""}",,,,,,
,,,EFIDut:sendCommand,"sensorreg --sel pressure -r 0xD0 1","{""expect"":""OK""}",,,,,,
,,,EFIDut:sendCommand,"sensorreg --sel pressure -r 0xF3 3","{""expect"":""OK""}",,,,,,
,,,EFIDut:sendCommand,"sensorreg --sel pressure -r 0x80 36","{""expect"":""OK""}",,,,,,
,,,EFIDut:sendCommand,"sensorreg --sel pressure -r 0xF7 6","{""expect"":""OK""}",,,,,,
,,,EFIDut:sendCommand,"sensor --sel pressure --sample 1000ms --stats","{""expect"":""OK""}",,value,,,,
,,,Rush:regexFirstMatch,,"{""regex"":""average: pressure = (-?\\d+\\.\\d+),""}",,,,,,
,,,Rush:createRecord,,,,,,,,
,,,EFIDut:sendCommand,"sensor --sel pressure --turnoff",,,,,,,
Process,WV_Phosphorus_STD,,EFIDut:sendCommand,"sensor --sel pressure --init","{""expect"":""OK""}",,,,,,
,,,EFIDut:sendCommand,"sensorreg --sel pressure -r 0xD0 1","{""expect"":""OK""}",,,,,,
,,,EFIDut:sendCommand,"sensorreg --sel pressure -r 0xF3 3","{""expect"":""OK""}",,,,,,
,,,EFIDut:sendCommand,"sensorreg --sel pressure -r 0x80 34","{""expect"":""OK""}",,,,,,
,,,EFIDut:sendCommand,"sensorreg --sel pressure -r 0xF7 6","{""expect"":""OK""}",,,,,,
,,,EFIDut:sendCommand,"sensor --sel pressure --sample 1000ms --stats",{},,sensorPre_value,1,,,
,,,EFIDut:sendCommand,"sensor --sel pressure --turnoff","{""expect"":""OK""}",,,,,,
,,,Rush:regexFirstMatch,,"{""input"":""${sensorPre_value}"",""regex"":""std-dev:[\\s\\S]*?pressure\\s*=\\s*(-?\\d+\\.\\d+)""}",,value,,,,
,,,Rush:numerify,,"[""${value}""]",,value_,,,,
,,,Rush:CSV_calculate,,"{""expression"":""value_*1000""}",,,,,,
,,,Rush:createRecord,,,,,,,,
Process,WV_Phosphorus_ODR,,Rush:regexFirstMatch,,"{""input"":""${sensorPre_value}"",""regex"":""calculated odr:\\s*(\\d+\\.\\d+)Hz""}",,,,,,
,,,Rush:createRecord,,,,,,,,
Process,WV_Phosphorus_Temp_Average,,Rush:regexFirstMatch,,"{""input"":""${sensorPre_value}"",""regex"":""average:[\\s\\S]*?temp\\s*=\\s*(-?\\d+\\.\\d+)""}",,,,,,
,,,Rush:createRecord,,,,,,,,
Process,WV_Phosphorus_Temp_STD,,Rush:regexFirstMatch,,"{""input"":""${sensorPre_value}"",""regex"":""std-dev:[\\s\\S]*?temp\\s*=\\s*(-?\\d+\\.\\d+)""}",,,,,,
,,,Rush:createRecord,,,,,,,,
Process,I2C0_Sweep_Test,,Rush:I2C0_sweep_test,,,,value_0,,,,
Process,I2C1_Sweep_Test,,Rush:I2C1_sweep_test,,,,,,,,
Process,I2C2_Sweep_Test,,Rush:I2C2_sweep_test,,,,,,,,
Process,I2C3_Sweep_Test,,Rush:I2C3_sweep_test,,,,,,,,
Process,I2C4_Sweep_Test,,Rush:I2C4_sweep_test,,,,,,,,
Process,Burn_RxCL_Key,,EFIDut:sendCommand,"sensor --sel prox --get nvm",,,value,,,,
,,,Rush:regexFirstMatch,,"{""input"":""${value}"",""regex"":""00000070:\\s*([\\s\\w]+)""}",,recv,,,,
,,,Rush:itemBurnRxCL,,"[""${recv}""]",,,,,,
,,,EFIDut:sendCommand,"sensor --sel prox --turnoff",,,,,,,
Process,I2C5_Sweep_Test,,Rush:I2C5_sweep_test,,,,,,,,
Process,I2C6_Sweep_Test,,Rush:I2C6_sweep_test,,,,,,,,
Process,I2C7_Sweep_Test,,Rush:I2C7_sweep_test,,,,,,,,
Process,I2C8_Sweep_Test,,Rush:I2C8_sweep_test,,,,,,,,
Process,I2C9_Sweep_Test,,Rush:I2C9_sweep_test,,,,,,,,
Process,I2C10_Sweep_Test,,Rush:I2C10_sweep_test,,,,,,,,
Process,I2C11_Sweep_Test,,Rush:I2C11_sweep_test,,,,,,,,
Process,QEN_And_Impedance_Tracking_Bit,,Rush:QENandImpedanceTrackingResult,,,,,,,,
Process,Sleep_Enable_Bit,,EFIDut:sendCommand,"device -k GasGauge -e read_sleep","{""expect"":""Yes""}",,,,,,
Process,Sleep_Enable_Bit_Seal_Status,,EFIDut:sendCommand,"device -k GasGauge --get sealed","{""expect"":""Yes""}",,,,,,
Process,EDP_BER_Test,,Rush:EDP_BER_Test,,,,,,,,
Process,Write_Date_And_Time1,,EFIDut:sendCommand,setRTC,"{""timeout"":60, ""decrption"":""Set RTC""}",,,,,,
Process,Power_On_Baseband_And_Load_Firmware,,Rush:powerOnBaseonloadFirmeware,,"[""${boardID}""]",,,,,,
Process,Sim_Tray_Test,,Rush:simTrayTest,,"[""${boardID}""]",,,,,,
Process,Sim_Card_Test,,Rush:simCardTest,,"[""${boardID}""]",,,,,,
Process,Burn_MtDO_Key,,Rush:LCMDP855,,,,,,,,
Process,Burn_MtDO_Key_1,,EFIDut:sendCommand,"display --on",,,,,,,
,,,EFIDut:sendCommand,"i2c -v 4 0x1a 0xea 0xd0",,,,,,,
,,,EFIDut:sendCommand,"i2c -v 4 0x1a 0xeb 0x04",,,,,,,
,,,EFIDut:sendCommand,"i2c -z 2 -d 4 0x50 0x3d00 0x38",,,value,,,,
,,,Rush:regexFirstMatch,,"{""input"":""${value}"",""regex"":""Data:\\s*(.+) ""}",,MtD,,,,
,,,EFIDut:sendCommand,"i2c -z 2 -d 4 0x50 0x00b0 0x11",,,reRecv_17,,,,
,,,Rush:regexFirstMatch,,"{""input"":""${reRecv_17}"",""regex"":""Data:\\s*(.+) ""}",,MtD_17,,,,
,,,EFIDut:sendCommand,"i2c -z 2 -d 4 0x50 0x00C7 0x35",,,reRecv_53,,,,
,,,Rush:regexFirstMatch,,"{""input"":""${reRecv_53}"",""regex"":""Data:\\s*(.+) ""}",,MtD_53,,,,
,,,Rush:itemBurnMtDO,,"{""MtD"":""${MtD}"",""MtD_17"":""${MtD_17}"", ""MtD_53"":""${MtD_53}""}",,,,,,
,,,EFIDut:sendCommand,"syscfg print MtDO",,,,,,,
Process,RotterDam_Test,,EFIDut:sendCommand,"stockholm --on","{""expect"":""OK""}",,,,,,
,,,EFIDut:sendCommand,"stockholm --download_fw mfg","{""expect"":""OK"",""timeout"":30}",,,,,,
,,,EFIDut:sendCommand,"script radios.txt",,,,,,,
,,,EFIDut:sendCommand,"bblib -e 'BB_SMTQT()'","{""regex"": ""Dumping results\\s+\\[BBMTE\\]:([\\w\\W]+)\\[BBMTE\\]: ---"", ""timeout"":1000}",,recv,,,,
,,,EFIDut:sendCommand,"display --on","{""skipCommit"":1, ""timeout"":30}",,,,"NOT recv CONTAINS 'smtqt results'",,
,,,Rush:sleep_ms,,[2000],,,,"NOT recv CONTAINS 'smtqt results'",,
,,,Rush:checkConditionPassFail,,"{""condition"":""recv CONTAINS 'smtqt results'"",""stopActionIfFail"":true}",,,,"NOT recv CONTAINS 'smtqt results'",,
,,,Rush:regexGroups,,"{""input"":""${recv}"",""regex"":""smtqt results: ([\\w.]+) = ([-.\\d]+) s* \\[min, max\\] = \\[([-.\\d]+),([-.\\d]+)\\]""}",,value_,,,,
,,,Rush:rotterDamTest,,"[""${value_}""]",,,,,,
