document_version, 1.0
station_name,SW-DOWNLOAD
station_id,FXLH_F05-4FT-02_1_SW-DOWNLOAD
station_sw,Atlas
station_sw_version,Atlas

tag,start_time,duration
Scan_SN, 1570180124.94, 8.94
EP_DISABLE_TP, 1570180133.88, 7.22
Start_Data_Reporting, 1570180141.10, 0.03
Get_SFC_Info, 1570180141.13, 0.08
BUILD_EVENT, 1570180141.21, 0.00
S_BUILD, 1570180141.21, 0.01
WO_SN, 1570180141.22, 0.00
SUB_SN, 1570180141.22, 0.00
UNIT_LBL, 1570180141.23, 0.00
Start_Control_Bit, 1570180141.23, 0.51
P203_FW, 1570180141.74, 0.03
Auth_Check, 1570180141.77, 4.29
Query_MLB_SN, 1570180146.06, 0.00
Read_MLB_SN, 1570180146.06, 1.02
Check_MLB_SN, 1570180147.08, 0.01
Read_STFW_Version_Before_DL, 1570180147.09, 0.51
Read_MTFW_Version_Before_DL, 1570180147.60, 0.52
Read_CCG3_FW_Version, 1570180148.12, 1.03
Program_STFW, 1570180149.16, 39.96
Program_MTFW, 1570180189.11, 25.10
Read_STFW_Version_After_DL, 1570180214.22, 0.47
Read_MTFW_Version_After_DL, 1570180214.68, 0.45
Finish_DRCB, 1570180215.13, 0.49
full_test_durations, 1570180124.91, 90.71
