Related Test,Type,Name,Value
Scan_SN,Device,serialnumber,FTPZF00TP3HT
Start_Data_Reporting,Device,softwarename,Atlas 1.9.2
Start_Data_Reporting,Device,serialnumber,FTPZF00TP3HT
Start_Data_Reporting,Device,softwareversion,V1.1.6.0_forCYG
Start_Data_Reporting,Device,limitsversion,1
BUILD_EVENT,Device,Build_EVENT,R118-P2
S_BUILD,Device,S_BUILD,R118-P2_P21IAR-R4
WO_SN,Device,WO_SN,WCT-J90049
SUB_SN,Device,P_SN,DKB938700HPN6780P
UNIT_LBL,Device,UNIT_LBL,R118-P2_P21IAR-R4_C01297
P203_FW,Device,P203_FW,1.2.5-F(DVT)
Read_MLB_SN,Device,MLB_SN,DLX937500BZN6R52Q
Read_CCG3_FW_Version,Device,ReadCCG3FW,A0 02 00 0B 00 0B 00 0B
Read_STFW_Version_After_DL,Device,STFW,0x0160
Read_MTFW_Version_After_DL,Device,TOUCH_FW,0x0505
