Related Test,Name-1,Name-2,Name-3,Status,Info,Measurement,Units,Upper Limit,Lower Limit,Relaxed Upper Limit,Relaxed Lower Limit,Limit Units,Start Time,End Time,Duration (s)
Scan_SN,,,,,,,,,,,,,Oct 4 2019 5:08:44.9380 PM,Oct 4 2019 5:08:53.8730 PM,8.9344
Scan_SN,Scan_SN,AtlasApp-Hyperion,show-form,PASS,,,,,,,,,Oct 4 2019 5:08:44.9400 PM,Oct 4 2019 5:08:47.8570 PM,2.9165
Scan_SN,Scan_SN,ECB,changeDelimiter,PASS,,,,,,,,,Oct 4 2019 5:08:47.8600 PM,Oct 4 2019 5:08:47.8600 PM,0
Scan_SN,Scan_SN,ECB,changeLineTerminator,PASS,,,,,,,,,Oct 4 2019 5:08:47.8630 PM,Oct 4 2019 5:08:47.8630 PM,0
Scan_SN,Scan_SN,ECB,open,PASS,,,,,,,,,Oct 4 2019 5:08:47.8660 PM,Oct 4 2019 5:08:49.4620 PM,1.5965
Scan_SN,Scan_SN,ECB,read,PASS,,,,,,,,,Oct 4 2019 5:08:49.4650 PM,Oct 4 2019 5:08:49.4930 PM,.0282
Scan_SN,Scan_SN,P203,changeDelimiter,PASS,,,,,,,,,Oct 4 2019 5:08:49.4960 PM,Oct 4 2019 5:08:49.4960 PM,0
Scan_SN,Scan_SN,P203,changeLineTerminator,PASS,,,,,,,,,Oct 4 2019 5:08:49.4990 PM,Oct 4 2019 5:08:49.4990 PM,0
Scan_SN,Scan_SN,P203,open,PASS,,,,,,,,,Oct 4 2019 5:08:49.5010 PM,Oct 4 2019 5:08:51.0980 PM,1.5965
Scan_SN,Scan_SN,P203,read,PASS,,,,,,,,,Oct 4 2019 5:08:51.1000 PM,Oct 4 2019 5:08:51.1240 PM,.0239
Scan_SN,Scan_SN,[ECB] SIGNAL CONTROL(1),sendCommand,PASS,,,,,,,,,Oct 4 2019 5:08:51.6990 PM,Oct 4 2019 5:08:51.7250 PM,.0259
Scan_SN,Scan_SN,"[Hid] /usr/local/bin/hidreport -v 0x05ac -p 0x026E -u 0xff00,0xb",,PASS,,,,,,,,,Oct 4 2019 5:08:53.8630 PM,Oct 4 2019 5:08:53.8630 PM,0
Scan_SN,Scan_SN,IOFileHandle,writeToFile,PASS,,,,,,,,,Oct 4 2019 5:08:53.8660 PM,Oct 4 2019 5:08:53.8660 PM,.0007
Scan_SN,Scan_SN,StationReportPlugin,isReporting,PASS,,,,,,,,,Oct 4 2019 5:08:53.8720 PM,Oct 4 2019 5:08:53.8720 PM,0
EP_DISABLE_TP,,,,,,,,,,,,,Oct 4 2019 5:08:53.8770 PM,Oct 4 2019 5:09:01.0980 PM,7.2209
EP_DISABLE_TP,EP_DISABLE_TP,[Hid] /usr/local/bin/hidreport -p 0x026E -i 0 set 0x3D 0x3D 0x13 0x0 0x0 0x0,,PASS,,,,,,,,,Oct 4 2019 5:08:54.0030 PM,Oct 4 2019 5:08:54.0030 PM,0
EP_DISABLE_TP,EP_DISABLE_TP,IOFileHandle,writeToFile,PASS,,,,,,,,,Oct 4 2019 5:08:54.0050 PM,Oct 4 2019 5:08:54.0050 PM,.0002
EP_DISABLE_TP,EP_DISABLE_TP,[Hid] /usr/local/bin/hidreport -p 0x026E -i 0 set 0x3E 0x3E 0x13 0x0 0x0 0x0 0x2,,PASS,,,,,,,,,Oct 4 2019 5:08:54.4420 PM,Oct 4 2019 5:08:54.4420 PM,0
EP_DISABLE_TP,EP_DISABLE_TP,IOFileHandle,writeToFile-2,PASS,,,,,,,,,Oct 4 2019 5:08:54.4440 PM,Oct 4 2019 5:08:54.4440 PM,.0002
EP_DISABLE_TP,EP_DISABLE_TP,[ECB] SIGNAL CONTROL(0),sendCommand,PASS,,,,,,,,,Oct 4 2019 5:08:54.8160 PM,Oct 4 2019 5:08:54.8400 PM,.0234
EP_DISABLE_TP,EP_DISABLE_TP,[ECB] SIGNAL CONTROL(1),sendCommand,PASS,,,,,,,,,Oct 4 2019 5:08:57.9080 PM,Oct 4 2019 5:08:57.9220 PM,.0149
EP_DISABLE_TP,EP_DISABLE_TP,P203,read,PASS,,,,,,,,,Oct 4 2019 5:09:00.9990 PM,Oct 4 2019 5:09:01.0280 PM,.029
EP_DISABLE_TP,EP_DISABLE_TP,"[Hid] /usr/local/bin/hidreport -v 0x05ac -p 0x026E -u 0xff00,0xb",,PASS,,,,,,,,,Oct 4 2019 5:09:01.0950 PM,Oct 4 2019 5:09:01.0950 PM,0
EP_DISABLE_TP,EP_DISABLE_TP,IOFileHandle,writeToFile-3,PASS,,,,,,,,,Oct 4 2019 5:09:01.0970 PM,Oct 4 2019 5:09:01.0970 PM,.0002
Start_Data_Reporting,,,,,,,,,,,,,Oct 4 2019 5:09:01.1020 PM,Oct 4 2019 5:09:01.1260 PM,.0235
Start_Data_Reporting,Start_Data_Reporting,DRCB,StartDataReporting,PASS,,,,,,,,,Oct 4 2019 5:09:01.1090 PM,Oct 4 2019 5:09:01.1240 PM,.0159
Get_SFC_Info,,,,,,,,,,,,,Oct 4 2019 5:09:01.1290 PM,Oct 4 2019 5:09:01.2030 PM,.0736
Get_SFC_Info,Get_SFC_Info,SFCSupport,getAttributes,PASS,,,,,,,,,Oct 4 2019 5:09:01.1320 PM,Oct 4 2019 5:09:01.1770 PM,.0452
Get_SFC_Info,Get_SFC_Info,GET SFC info - wo_no,WCT-J90049,PASS,,,,,,,,,Oct 4 2019 5:09:01.1810 PM,Oct 4 2019 5:09:01.1810 PM,0
Get_SFC_Info,Get_SFC_Info,SFCSupport,getAttributes-2,PASS,,,,,,,,,Oct 4 2019 5:09:01.1830 PM,Oct 4 2019 5:09:01.1880 PM,.0052
Get_SFC_Info,Get_SFC_Info,GET SFC info - pansa,DKB938700HPN6780P,PASS,,,,,,,,,Oct 4 2019 5:09:01.1890 PM,Oct 4 2019 5:09:01.1890 PM,0
Get_SFC_Info,Get_SFC_Info,SFCSupport,getAttributes-3,PASS,,,,,,,,,Oct 4 2019 5:09:01.1910 PM,Oct 4 2019 5:09:01.1950 PM,.0036
Get_SFC_Info,Get_SFC_Info,GET SFC info - unit_lbl,R118-P2_P21IAR-R4_C01297,PASS,,,,,,,,,Oct 4 2019 5:09:01.1960 PM,Oct 4 2019 5:09:01.1960 PM,0
Get_SFC_Info,Get_SFC_Info,SFCSupport,getAttributes-4,PASS,,,,,,,,,Oct 4 2019 5:09:01.1970 PM,Oct 4 2019 5:09:01.2010 PM,.0035
Get_SFC_Info,Get_SFC_Info,GET SFC info - mlb_sn,DLX937500BZN6R52Q,PASS,,,,,,,,,Oct 4 2019 5:09:01.2020 PM,Oct 4 2019 5:09:01.2020 PM,0
BUILD_EVENT,,,,,,,,,,,,,Oct 4 2019 5:09:01.2060 PM,Oct 4 2019 5:09:01.2070 PM,.001
BUILD_EVENT,BUILD_EVENT,Build_EVENT,R118-P2,PASS,,,,,,,,,Oct 4 2019 5:09:01.2070 PM,Oct 4 2019 5:09:01.2070 PM,0
S_BUILD,,,,,,,,,,,,,Oct 4 2019 5:09:01.2100 PM,Oct 4 2019 5:09:01.2130 PM,.0026
S_BUILD,S_BUILD,S_BUILD,R118-P2_P21IAR-R4,PASS,,,,,,,,,Oct 4 2019 5:09:01.2120 PM,Oct 4 2019 5:09:01.2120 PM,0
WO_SN,,,,,,,,,,,,,Oct 4 2019 5:09:01.2170 PM,Oct 4 2019 5:09:01.2190 PM,.0011
WO_SN,WO_SN,Get wo_no Pass,,PASS,,,,,,,,,Oct 4 2019 5:09:01.2180 PM,Oct 4 2019 5:09:01.2180 PM,0
SUB_SN,,,,,,,,,,,,,Oct 4 2019 5:09:01.2220 PM,Oct 4 2019 5:09:01.2230 PM,.0012
SUB_SN,SUB_SN,Get pansa Pass,,PASS,,,,,,,,,Oct 4 2019 5:09:01.2230 PM,Oct 4 2019 5:09:01.2230 PM,0
UNIT_LBL,,,,,,,,,,,,,Oct 4 2019 5:09:01.2260 PM,Oct 4 2019 5:09:01.2270 PM,.0011
UNIT_LBL,UNIT_LBL,Get unit_lbl Pass,,PASS,,,,,,,,,Oct 4 2019 5:09:01.2270 PM,Oct 4 2019 5:09:01.2270 PM,0
Start_Control_Bit,,,,,,,,,,,,,Oct 4 2019 5:09:01.2300 PM,Oct 4 2019 5:09:01.7410 PM,.5108
Start_Control_Bit,Start_Control_Bit,DRCB,StartControlBits,PASS,,,,,,,,,Oct 4 2019 5:09:01.2320 PM,Oct 4 2019 5:09:01.7390 PM,.5069
P203_FW,,,,,,,,,,,,,Oct 4 2019 5:09:01.7440 PM,Oct 4 2019 5:09:01.7680 PM,.0237
P203_FW,P203_FW,[P203] v,sendCommand,PASS,,,,,,,,,Oct 4 2019 5:09:01.7460 PM,Oct 4 2019 5:09:01.7660 PM,.0202
P203_FW,P203_FW,P203_FW,,PASS,,,,,,,,,Oct 4 2019 5:09:01.7670 PM,Oct 4 2019 5:09:01.7670 PM,0
Auth_Check,,,,,,,,,,,,,Oct 4 2019 5:09:01.7710 PM,Oct 4 2019 5:09:06.0440 PM,4.2735
Auth_Check,Auth_Check,P203,read,PASS,,,,,,,,,Oct 4 2019 5:09:01.7740 PM,Oct 4 2019 5:09:01.7740 PM,.0003
Auth_Check,Auth_Check,P203,read-2,PASS,,,,,,,,,Oct 4 2019 5:09:01.7760 PM,Oct 4 2019 5:09:01.7990 PM,.0237
Auth_Check,Auth_Check,[P203] aid tx bd 1 3 24 71 4 10 0 00,sendCommandChars,PASS,,,,,,,,,Oct 4 2019 5:09:01.8010 PM,Oct 4 2019 5:09:01.8720 PM,.0702
Auth_Check,Auth_Check,P203,read-3,PASS,,,,,,,,,Oct 4 2019 5:09:01.8760 PM,Oct 4 2019 5:09:01.8760 PM,.0003
Auth_Check,Auth_Check,P203,read-4,PASS,,,,,,,,,Oct 4 2019 5:09:01.8780 PM,Oct 4 2019 5:09:01.9010 PM,.0225
Auth_Check,Auth_Check,P203,read-5,PASS,,,,,,,,,Oct 4 2019 5:09:01.9040 PM,Oct 4 2019 5:09:01.9280 PM,.0246
Auth_Check,Auth_Check,[P203] aid tx bd 2 2 24 71 4 10 8,sendCommandChars,PASS,,,,,,,,,Oct 4 2019 5:09:01.9310 PM,Oct 4 2019 5:09:01.9530 PM,.0228
Auth_Check,Auth_Check,1. Fetch device info,,PASS,,,,,,,,,Oct 4 2019 5:09:01.9560 PM,Oct 4 2019 5:09:01.9560 PM,0
Auth_Check,Auth_Check,      version: 0x07,,PASS,,,,,,,,,Oct 4 2019 5:09:01.9570 PM,Oct 4 2019 5:09:01.9570 PM,0
Auth_Check,Auth_Check,auth revision: 0x01,,PASS,,,,,,,,,Oct 4 2019 5:09:01.9570 PM,Oct 4 2019 5:09:01.9570 PM,0
Auth_Check,Auth_Check,auth protocol: 0x0300,,PASS,,,,,,,,,Oct 4 2019 5:09:01.9570 PM,Oct 4 2019 5:09:01.9570 PM,0
Auth_Check,Auth_Check,    device ID: 0x00000300,,PASS,,,,,,,,,Oct 4 2019 5:09:01.9580 PM,Oct 4 2019 5:09:01.9580 PM,0
Auth_Check,Auth_Check,P203,read-6,PASS,,,,,,,,,Oct 4 2019 5:09:01.9600 PM,Oct 4 2019 5:09:01.9690 PM,.009
Auth_Check,Auth_Check,P203,read-7,PASS,,,,,,,,,Oct 4 2019 5:09:01.9710 PM,Oct 4 2019 5:09:01.9940 PM,.023
Auth_Check,Auth_Check,[P203] aid tx bd 3 3 24 71 4 10 0 30,sendCommandChars,PASS,,,,,,,,,Oct 4 2019 5:09:01.9960 PM,Oct 4 2019 5:09:02.0350 PM,.0386
Auth_Check,Auth_Check,P203,read-8,PASS,,,,,,,,,Oct 4 2019 5:09:02.0390 PM,Oct 4 2019 5:09:02.0390 PM,.0002
Auth_Check,Auth_Check,P203,read-9,PASS,,,,,,,,,Oct 4 2019 5:09:02.0410 PM,Oct 4 2019 5:09:02.0690 PM,.0274
Auth_Check,Auth_Check,P203,read-10,PASS,,,,,,,,,Oct 4 2019 5:09:02.0710 PM,Oct 4 2019 5:09:02.0990 PM,.0275
Auth_Check,Auth_Check,[P203] aid tx bd 4 2 24 71 4 10 2,sendCommandChars,PASS,,,,,,,,,Oct 4 2019 5:09:02.1010 PM,Oct 4 2019 5:09:02.1370 PM,.036
Auth_Check,Auth_Check,2. Fetch cert length,,PASS,,,,,,,,,Oct 4 2019 5:09:02.1400 PM,Oct 4 2019 5:09:02.1400 PM,0
Auth_Check,Auth_Check,P203,read-11,PASS,,,,,,,,,Oct 4 2019 5:09:02.1430 PM,Oct 4 2019 5:09:02.1430 PM,.0002
Auth_Check,Auth_Check,P203,read-12,PASS,,,,,,,,,Oct 4 2019 5:09:02.1450 PM,Oct 4 2019 5:09:02.1670 PM,.0222
Auth_Check,Auth_Check,[P203] aid tx bd 5 3 24 71 4 10 0 31,sendCommandChars,PASS,,,,,,,,,Oct 4 2019 5:09:02.1690 PM,Oct 4 2019 5:09:02.2070 PM,.038
Auth_Check,Auth_Check,P203,read-13,PASS,,,,,,,,,Oct 4 2019 5:09:02.2110 PM,Oct 4 2019 5:09:02.2110 PM,.0002
Auth_Check,Auth_Check,P203,read-14,PASS,,,,,,,,,Oct 4 2019 5:09:02.2130 PM,Oct 4 2019 5:09:02.2390 PM,.0261
Auth_Check,Auth_Check,P203,read-15,PASS,,,,,,,,,Oct 4 2019 5:09:02.2420 PM,Oct 4 2019 5:09:02.2690 PM,.0271
Auth_Check,Auth_Check,[P203] aid tx bd 6 2 24 71 4 10 23,sendCommandChars,PASS,,,,,,,,,Oct 4 2019 5:09:02.2710 PM,Oct 4 2019 5:09:02.3110 PM,.04
Auth_Check,Auth_Check,P203,read-16,PASS,,,,,,,,,Oct 4 2019 5:09:02.3150 PM,Oct 4 2019 5:09:02.3150 PM,.0003
Auth_Check,Auth_Check,P203,read-17,PASS,,,,,,,,,Oct 4 2019 5:09:02.3170 PM,Oct 4 2019 5:09:02.3390 PM,.0219
Auth_Check,Auth_Check,P203,read-18,PASS,,,,,,,,,Oct 4 2019 5:09:02.3420 PM,Oct 4 2019 5:09:02.3690 PM,.0267
Auth_Check,Auth_Check,[P203] aid tx bd 7 2 24 71 4 10 23,sendCommandChars,PASS,,,,,,,,,Oct 4 2019 5:09:02.3710 PM,Oct 4 2019 5:09:02.4110 PM,.0396
Auth_Check,Auth_Check,P203,read-19,PASS,,,,,,,,,Oct 4 2019 5:09:02.4150 PM,Oct 4 2019 5:09:02.4150 PM,.0002
Auth_Check,Auth_Check,P203,read-20,PASS,,,,,,,,,Oct 4 2019 5:09:02.4170 PM,Oct 4 2019 5:09:02.4390 PM,.0218
Auth_Check,Auth_Check,P203,read-21,PASS,,,,,,,,,Oct 4 2019 5:09:02.4420 PM,Oct 4 2019 5:09:02.4630 PM,.0219
Auth_Check,Auth_Check,[P203] aid tx bd 8 2 24 71 4 10 23,sendCommandChars,PASS,,,,,,,,,Oct 4 2019 5:09:02.4650 PM,Oct 4 2019 5:09:02.5030 PM,.0381
Auth_Check,Auth_Check,P203,read-22,PASS,,,,,,,,,Oct 4 2019 5:09:02.5080 PM,Oct 4 2019 5:09:02.5080 PM,.0002
Auth_Check,Auth_Check,P203,read-23,PASS,,,,,,,,,Oct 4 2019 5:09:02.5100 PM,Oct 4 2019 5:09:02.5310 PM,.0212
Auth_Check,Auth_Check,P203,read-24,PASS,,,,,,,,,Oct 4 2019 5:09:02.5340 PM,Oct 4 2019 5:09:02.5550 PM,.0211
Auth_Check,Auth_Check,[P203] aid tx bd 9 2 24 71 4 10 17,sendCommandChars,PASS,,,,,,,,,Oct 4 2019 5:09:02.5570 PM,Oct 4 2019 5:09:02.5950 PM,.0384
Auth_Check,Auth_Check,P203,read-25,PASS,,,,,,,,,Oct 4 2019 5:09:02.6010 PM,Oct 4 2019 5:09:02.6010 PM,.0003
Auth_Check,Auth_Check,P203,read-26,PASS,,,,,,,,,Oct 4 2019 5:09:02.6030 PM,Oct 4 2019 5:09:02.6250 PM,.0222
Auth_Check,Auth_Check,[P203] aid tx bd a 3 24 71 4 10 0 32,sendCommandChars,PASS,,,,,,,,,Oct 4 2019 5:09:02.6270 PM,Oct 4 2019 5:09:02.6660 PM,.0389
Auth_Check,Auth_Check,P203,read-27,PASS,,,,,,,,,Oct 4 2019 5:09:02.6710 PM,Oct 4 2019 5:09:02.6710 PM,.0003
Auth_Check,Auth_Check,P203,read-28,PASS,,,,,,,,,Oct 4 2019 5:09:02.6730 PM,Oct 4 2019 5:09:02.6940 PM,.0215
Auth_Check,Auth_Check,P203,read-29,PASS,,,,,,,,,Oct 4 2019 5:09:02.6980 PM,Oct 4 2019 5:09:02.7190 PM,.0217
Auth_Check,Auth_Check,[P203] aid tx bd b 2 24 71 4 10 23,sendCommandChars,PASS,,,,,,,,,Oct 4 2019 5:09:02.7210 PM,Oct 4 2019 5:09:02.7450 PM,.0242
Auth_Check,Auth_Check,P203,read-30,PASS,,,,,,,,,Oct 4 2019 5:09:02.7500 PM,Oct 4 2019 5:09:02.7500 PM,.0003
Auth_Check,Auth_Check,P203,read-31,PASS,,,,,,,,,Oct 4 2019 5:09:02.7520 PM,Oct 4 2019 5:09:02.7770 PM,.0247
Auth_Check,Auth_Check,P203,read-32,PASS,,,,,,,,,Oct 4 2019 5:09:02.7800 PM,Oct 4 2019 5:09:02.8020 PM,.022
Auth_Check,Auth_Check,[P203] aid tx bd c 2 24 71 4 10 23,sendCommandChars,PASS,,,,,,,,,Oct 4 2019 5:09:02.8040 PM,Oct 4 2019 5:09:02.8430 PM,.0388
Auth_Check,Auth_Check,P203,read-33,PASS,,,,,,,,,Oct 4 2019 5:09:02.8470 PM,Oct 4 2019 5:09:02.8480 PM,.0003
Auth_Check,Auth_Check,P203,read-34,PASS,,,,,,,,,Oct 4 2019 5:09:02.8500 PM,Oct 4 2019 5:09:02.8710 PM,.0216
Auth_Check,Auth_Check,P203,read-35,PASS,,,,,,,,,Oct 4 2019 5:09:02.8740 PM,Oct 4 2019 5:09:02.8990 PM,.0245
Auth_Check,Auth_Check,[P203] aid tx bd d 2 24 71 4 10 23,sendCommandChars,PASS,,,,,,,,,Oct 4 2019 5:09:02.9010 PM,Oct 4 2019 5:09:02.9250 PM,.0243
Auth_Check,Auth_Check,P203,read-36,PASS,,,,,,,,,Oct 4 2019 5:09:02.9300 PM,Oct 4 2019 5:09:02.9400 PM,.0107
Auth_Check,Auth_Check,P203,read-37,PASS,,,,,,,,,Oct 4 2019 5:09:02.9420 PM,Oct 4 2019 5:09:02.9690 PM,.0267
Auth_Check,Auth_Check,P203,read-38,PASS,,,,,,,,,Oct 4 2019 5:09:02.9720 PM,Oct 4 2019 5:09:02.9930 PM,.0215
Auth_Check,Auth_Check,[P203] aid tx bd e 2 24 71 4 10 17,sendCommandChars,PASS,,,,,,,,,Oct 4 2019 5:09:02.9950 PM,Oct 4 2019 5:09:03.0340 PM,.0383
Auth_Check,Auth_Check,P203,read-39,PASS,,,,,,,,,Oct 4 2019 5:09:03.0390 PM,Oct 4 2019 5:09:03.0390 PM,.0003
Auth_Check,Auth_Check,P203,read-40,PASS,,,,,,,,,Oct 4 2019 5:09:03.0410 PM,Oct 4 2019 5:09:03.0630 PM,.022
Auth_Check,Auth_Check,[P203] aid tx bd f 3 24 71 4 10 0 33,sendCommandChars,PASS,,,,,,,,,Oct 4 2019 5:09:03.0650 PM,Oct 4 2019 5:09:03.1030 PM,.0383
Auth_Check,Auth_Check,P203,read-41,PASS,,,,,,,,,Oct 4 2019 5:09:03.1070 PM,Oct 4 2019 5:09:03.1070 PM,.0002
Auth_Check,Auth_Check,P203,read-42,PASS,,,,,,,,,Oct 4 2019 5:09:03.1090 PM,Oct 4 2019 5:09:03.1300 PM,.0204
Auth_Check,Auth_Check,P203,read-43,PASS,,,,,,,,,Oct 4 2019 5:09:03.1330 PM,Oct 4 2019 5:09:03.1590 PM,.0262
Auth_Check,Auth_Check,[P203] aid tx bd 10 2 24 71 4 10 23,sendCommandChars,PASS,,,,,,,,,Oct 4 2019 5:09:03.1610 PM,Oct 4 2019 5:09:03.2010 PM,.0396
Auth_Check,Auth_Check,P203,read-44,PASS,,,,,,,,,Oct 4 2019 5:09:03.2050 PM,Oct 4 2019 5:09:03.2050 PM,.0002
Auth_Check,Auth_Check,P203,read-45,PASS,,,,,,,,,Oct 4 2019 5:09:03.2070 PM,Oct 4 2019 5:09:03.2350 PM,.0272
Auth_Check,Auth_Check,P203,read-46,PASS,,,,,,,,,Oct 4 2019 5:09:03.2370 PM,Oct 4 2019 5:09:03.2590 PM,.0219
Auth_Check,Auth_Check,[P203] aid tx bd 11 2 24 71 4 10 23,sendCommandChars,PASS,,,,,,,,,Oct 4 2019 5:09:03.2610 PM,Oct 4 2019 5:09:03.3010 PM,.0395
Auth_Check,Auth_Check,P203,read-47,PASS,,,,,,,,,Oct 4 2019 5:09:03.3050 PM,Oct 4 2019 5:09:03.3050 PM,.0002
Auth_Check,Auth_Check,P203,read-48,PASS,,,,,,,,,Oct 4 2019 5:09:03.3070 PM,Oct 4 2019 5:09:03.3290 PM,.0219
Auth_Check,Auth_Check,P203,read-49,PASS,,,,,,,,,Oct 4 2019 5:09:03.3320 PM,Oct 4 2019 5:09:03.3590 PM,.0274
Auth_Check,Auth_Check,[P203] aid tx bd 12 2 24 71 4 10 23,sendCommandChars,PASS,,,,,,,,,Oct 4 2019 5:09:03.3620 PM,Oct 4 2019 5:09:03.4000 PM,.038
Auth_Check,Auth_Check,P203,read-50,PASS,,,,,,,,,Oct 4 2019 5:09:03.4040 PM,Oct 4 2019 5:09:03.4040 PM,.0002
Auth_Check,Auth_Check,P203,read-51,PASS,,,,,,,,,Oct 4 2019 5:09:03.4060 PM,Oct 4 2019 5:09:03.4290 PM,.023
Auth_Check,Auth_Check,P203,read-52,PASS,,,,,,,,,Oct 4 2019 5:09:03.4320 PM,Oct 4 2019 5:09:03.4530 PM,.0214
Auth_Check,Auth_Check,[P203] aid tx bd 13 2 24 71 4 10 17,sendCommandChars,PASS,,,,,,,,,Oct 4 2019 5:09:03.4550 PM,Oct 4 2019 5:09:03.4800 PM,.0249
Auth_Check,Auth_Check,P203,read-53,PASS,,,,,,,,,Oct 4 2019 5:09:03.4850 PM,Oct 4 2019 5:09:03.4950 PM,.01
Auth_Check,Auth_Check,P203,read-54,PASS,,,,,,,,,Oct 4 2019 5:09:03.4980 PM,Oct 4 2019 5:09:03.5180 PM,.0205
Auth_Check,Auth_Check,[P203] aid tx bd 14 3 24 71 4 10 0 34,sendCommandChars,PASS,,,,,,,,,Oct 4 2019 5:09:03.5200 PM,Oct 4 2019 5:09:03.5440 PM,.0243
Auth_Check,Auth_Check,P203,read-55,PASS,,,,,,,,,Oct 4 2019 5:09:03.5480 PM,Oct 4 2019 5:09:03.5590 PM,.011
Auth_Check,Auth_Check,P203,read-56,PASS,,,,,,,,,Oct 4 2019 5:09:03.5610 PM,Oct 4 2019 5:09:03.5890 PM,.0281
Auth_Check,Auth_Check,P203,read-57,PASS,,,,,,,,,Oct 4 2019 5:09:03.5920 PM,Oct 4 2019 5:09:03.6190 PM,.0273
Auth_Check,Auth_Check,[P203] aid tx bd 15 2 24 71 4 10 23,sendCommandChars,PASS,,,,,,,,,Oct 4 2019 5:09:03.6220 PM,Oct 4 2019 5:09:03.6610 PM,.0396
Auth_Check,Auth_Check,P203,read-58,PASS,,,,,,,,,Oct 4 2019 5:09:03.6650 PM,Oct 4 2019 5:09:03.6660 PM,.0002
Auth_Check,Auth_Check,P203,read-59,PASS,,,,,,,,,Oct 4 2019 5:09:03.6680 PM,Oct 4 2019 5:09:03.6890 PM,.0216
Auth_Check,Auth_Check,P203,read-60,PASS,,,,,,,,,Oct 4 2019 5:09:03.6920 PM,Oct 4 2019 5:09:03.7160 PM,.0237
Auth_Check,Auth_Check,[P203] aid tx bd 16 2 24 71 4 10 23,sendCommandChars,PASS,,,,,,,,,Oct 4 2019 5:09:03.7180 PM,Oct 4 2019 5:09:03.7420 PM,.0241
Auth_Check,Auth_Check,P203,read-61,PASS,,,,,,,,,Oct 4 2019 5:09:03.7460 PM,Oct 4 2019 5:09:03.7580 PM,.0113
Auth_Check,Auth_Check,P203,read-62,PASS,,,,,,,,,Oct 4 2019 5:09:03.7600 PM,Oct 4 2019 5:09:03.7820 PM,.0219
Auth_Check,Auth_Check,P203,read-63,PASS,,,,,,,,,Oct 4 2019 5:09:03.7840 PM,Oct 4 2019 5:09:03.8060 PM,.0214
Auth_Check,Auth_Check,[P203] aid tx bd 17 2 24 71 4 10 23,sendCommandChars,PASS,,,,,,,,,Oct 4 2019 5:09:03.8080 PM,Oct 4 2019 5:09:03.8470 PM,.0391
Auth_Check,Auth_Check,P203,read-64,PASS,,,,,,,,,Oct 4 2019 5:09:03.8510 PM,Oct 4 2019 5:09:03.8520 PM,.0003
Auth_Check,Auth_Check,P203,read-65,PASS,,,,,,,,,Oct 4 2019 5:09:03.8540 PM,Oct 4 2019 5:09:03.8800 PM,.0259
Auth_Check,Auth_Check,P203,read-66,PASS,,,,,,,,,Oct 4 2019 5:09:03.8830 PM,Oct 4 2019 5:09:03.9100 PM,.0269
Auth_Check,Auth_Check,[P203] aid tx bd 18 2 24 71 4 10 17,sendCommandChars,PASS,,,,,,,,,Oct 4 2019 5:09:03.9120 PM,Oct 4 2019 5:09:03.9510 PM,.0393
Auth_Check,Auth_Check,P203,read-67,PASS,,,,,,,,,Oct 4 2019 5:09:03.9560 PM,Oct 4 2019 5:09:03.9560 PM,.0002
Auth_Check,Auth_Check,P203,read-68,PASS,,,,,,,,,Oct 4 2019 5:09:03.9580 PM,Oct 4 2019 5:09:03.9790 PM,.0213
Auth_Check,Auth_Check,[P203] aid tx bd 19 3 24 71 4 10 0 35,sendCommandChars,PASS,,,,,,,,,Oct 4 2019 5:09:03.9820 PM,Oct 4 2019 5:09:04.0220 PM,.04
Auth_Check,Auth_Check,P203,read-69,PASS,,,,,,,,,Oct 4 2019 5:09:04.0250 PM,Oct 4 2019 5:09:04.0260 PM,.0002
Auth_Check,Auth_Check,P203,read-70,PASS,,,,,,,,,Oct 4 2019 5:09:04.0270 PM,Oct 4 2019 5:09:04.0500 PM,.023
Auth_Check,Auth_Check,P203,read-71,PASS,,,,,,,,,Oct 4 2019 5:09:04.0530 PM,Oct 4 2019 5:09:04.0800 PM,.0263
Auth_Check,Auth_Check,[P203] aid tx bd 1a 2 24 71 4 10 23,sendCommandChars,PASS,,,,,,,,,Oct 4 2019 5:09:04.0820 PM,Oct 4 2019 5:09:04.1200 PM,.0385
Auth_Check,Auth_Check,P203,read-72,PASS,,,,,,,,,Oct 4 2019 5:09:04.1250 PM,Oct 4 2019 5:09:04.1250 PM,.0002
Auth_Check,Auth_Check,P203,read-73,PASS,,,,,,,,,Oct 4 2019 5:09:04.1270 PM,Oct 4 2019 5:09:04.1480 PM,.0215
Auth_Check,Auth_Check,P203,read-74,PASS,,,,,,,,,Oct 4 2019 5:09:04.1510 PM,Oct 4 2019 5:09:04.1720 PM,.0208
Auth_Check,Auth_Check,[P203] aid tx bd 1b 2 24 71 4 10 23,sendCommandChars,PASS,,,,,,,,,Oct 4 2019 5:09:04.1740 PM,Oct 4 2019 5:09:04.2140 PM,.04
Auth_Check,Auth_Check,P203,read-75,PASS,,,,,,,,,Oct 4 2019 5:09:04.2180 PM,Oct 4 2019 5:09:04.2190 PM,.0002
Auth_Check,Auth_Check,P203,read-76,PASS,,,,,,,,,Oct 4 2019 5:09:04.2210 PM,Oct 4 2019 5:09:04.2440 PM,.0235
Auth_Check,Auth_Check,P203,read-77,PASS,,,,,,,,,Oct 4 2019 5:09:04.2470 PM,Oct 4 2019 5:09:04.2700 PM,.0228
Auth_Check,Auth_Check,[P203] aid tx bd 1c 2 24 71 4 10 1a,sendCommandChars,PASS,,,,,,,,,Oct 4 2019 5:09:04.2720 PM,Oct 4 2019 5:09:04.3120 PM,.0403
Auth_Check,Auth_Check,3. Fetch cert,,PASS,,,,,,,,,Oct 4 2019 5:09:04.3150 PM,Oct 4 2019 5:09:04.3150 PM,0
Auth_Check,Auth_Check,IOFileHandle,writeCertFile,PASS,,,,,,,,,Oct 4 2019 5:09:04.3200 PM,Oct 4 2019 5:09:04.3320 PM,.012
Auth_Check,Auth_Check,4. Save cert,,PASS,,,,,,,,,Oct 4 2019 5:09:04.3340 PM,Oct 4 2019 5:09:04.3340 PM,0
Auth_Check,Auth_Check,[Hid] /usr/local/bin/mfi-cert validate-cert v3 /Users/gdlocal/Intelli_Log/cert.der,,PASS,,,,,,,,,Oct 4 2019 5:09:04.4050 PM,Oct 4 2019 5:09:04.4050 PM,0
Auth_Check,Auth_Check,IOFileHandle,writeToFile,PASS,,,,,,,,,Oct 4 2019 5:09:04.4070 PM,Oct 4 2019 5:09:04.4080 PM,.0002
Auth_Check,Auth_Check,5. Validate cert,,PASS,,,,,,,,,Oct 4 2019 5:09:04.4090 PM,Oct 4 2019 5:09:04.4090 PM,0
Auth_Check,Auth_Check,[Hid] /usr/local/bin/mfi-cert gen-challenge /Users/gdlocal/Intelli_Log/cert.der /Users/gdlocal/Intelli_Log/challenge.bin,,PASS,,,,,,,,,Oct 4 2019 5:09:04.4740 PM,Oct 4 2019 5:09:04.4740 PM,0
Auth_Check,Auth_Check,IOFileHandle,writeToFile-2,PASS,,,,,,,,,Oct 4 2019 5:09:04.4760 PM,Oct 4 2019 5:09:04.4760 PM,.0002
Auth_Check,Auth_Check,6. Generate challenge,,PASS,,,,,,,,,Oct 4 2019 5:09:04.4780 PM,Oct 4 2019 5:09:04.4780 PM,0
Auth_Check,Auth_Check,P203,read-78,PASS,,,,,,,,,Oct 4 2019 5:09:04.4920 PM,Oct 4 2019 5:09:04.4920 PM,.0002
Auth_Check,Auth_Check,P203,read-79,PASS,,,,,,,,,Oct 4 2019 5:09:04.4940 PM,Oct 4 2019 5:09:04.5200 PM,.0254
Auth_Check,Auth_Check,[P203] aid tx bd 1d 5 24 71 4 10 0 20 00 20,sendCommandChars,PASS,,,,,,,,,Oct 4 2019 5:09:04.5220 PM,Oct 4 2019 5:09:04.5500 PM,.0283
Auth_Check,Auth_Check,P203,read-80,PASS,,,,,,,,,Oct 4 2019 5:09:04.5580 PM,Oct 4 2019 5:09:04.5650 PM,.0077
Auth_Check,Auth_Check,P203,read-81,PASS,,,,,,,,,Oct 4 2019 5:09:04.5670 PM,Oct 4 2019 5:09:04.5880 PM,.021
Auth_Check,Auth_Check,[P203] aid tx bd 1e 23 24 71 4 10 0 21 f5 c2 6f a9 c3 a3 db b7 4c bf fb e3 26 d6 62 53 88 f4 62 46 e9 82 ed aa fc 5a b6 ea b7 1d d4 ad,sendCommandChars,PASS,,,,,,,,,Oct 4 2019 5:09:04.5900 PM,Oct 4 2019 5:09:04.6810 PM,.0905
Auth_Check,Auth_Check,P203,read-82,PASS,,,,,,,,,Oct 4 2019 5:09:04.6860 PM,Oct 4 2019 5:09:04.6870 PM,.0003
Auth_Check,Auth_Check,P203,read-83,PASS,,,,,,,,,Oct 4 2019 5:09:04.6890 PM,Oct 4 2019 5:09:04.7130 PM,.0245
Auth_Check,Auth_Check,[P203] aid tx bd 1f 4 24 71 4 10 0 10 01,sendCommandChars,PASS,,,,,,,,,Oct 4 2019 5:09:04.7150 PM,Oct 4 2019 5:09:04.7410 PM,.0261
Auth_Check,Auth_Check,P203,read-84,PASS,,,,,,,,,Oct 4 2019 5:09:05.3120 PM,Oct 4 2019 5:09:05.3120 PM,.0004
Auth_Check,Auth_Check,P203,read-85,PASS,,,,,,,,,Oct 4 2019 5:09:05.3140 PM,Oct 4 2019 5:09:05.3400 PM,.0264
Auth_Check,Auth_Check,[P203] aid tx bd 20 3 24 71 4 10 0 10,sendCommandChars,PASS,,,,,,,,,Oct 4 2019 5:09:05.3420 PM,Oct 4 2019 5:09:05.4100 PM,.0679
Auth_Check,Auth_Check,P203,read-86,PASS,,,,,,,,,Oct 4 2019 5:09:05.4130 PM,Oct 4 2019 5:09:05.4140 PM,.0002
Auth_Check,Auth_Check,P203,read-87,PASS,,,,,,,,,Oct 4 2019 5:09:05.4150 PM,Oct 4 2019 5:09:05.4370 PM,.0214
Auth_Check,Auth_Check,P203,read-88,PASS,,,,,,,,,Oct 4 2019 5:09:05.4390 PM,Oct 4 2019 5:09:05.4600 PM,.0211
Auth_Check,Auth_Check,[P203] aid tx bd 21 2 24 71 4 10 1,sendCommandChars,PASS,,,,,,,,,Oct 4 2019 5:09:05.4620 PM,Oct 4 2019 5:09:05.4990 PM,.037
Auth_Check,Auth_Check,7. Send challenge,,PASS,,,,,,,,,Oct 4 2019 5:09:05.5020 PM,Oct 4 2019 5:09:05.5020 PM,0
Auth_Check,Auth_Check,P203,read-89,PASS,,,,,,,,,Oct 4 2019 5:09:05.5040 PM,Oct 4 2019 5:09:05.5040 PM,.0002
Auth_Check,Auth_Check,P203,read-90,PASS,,,,,,,,,Oct 4 2019 5:09:05.5060 PM,Oct 4 2019 5:09:05.5300 PM,.0242
Auth_Check,Auth_Check,[P203] aid tx bd 22 3 24 71 4 10 0 11,sendCommandChars,PASS,,,,,,,,,Oct 4 2019 5:09:05.5320 PM,Oct 4 2019 5:09:05.5710 PM,.0385
Auth_Check,Auth_Check,P203,read-91,PASS,,,,,,,,,Oct 4 2019 5:09:05.5740 PM,Oct 4 2019 5:09:05.5740 PM,.0002
Auth_Check,Auth_Check,P203,read-92,PASS,,,,,,,,,Oct 4 2019 5:09:05.5760 PM,Oct 4 2019 5:09:05.5980 PM,.0223
Auth_Check,Auth_Check,P203,read-93,PASS,,,,,,,,,Oct 4 2019 5:09:05.6000 PM,Oct 4 2019 5:09:05.6230 PM,.0224
Auth_Check,Auth_Check,[P203] aid tx bd 23 2 24 71 4 10 2,sendCommandChars,PASS,,,,,,,,,Oct 4 2019 5:09:05.6250 PM,Oct 4 2019 5:09:05.6600 PM,.0356
Auth_Check,Auth_Check,P203,read-94,PASS,,,,,,,,,Oct 4 2019 5:09:05.6650 PM,Oct 4 2019 5:09:05.6650 PM,.0002
Auth_Check,Auth_Check,P203,read-95,PASS,,,,,,,,,Oct 4 2019 5:09:05.6670 PM,Oct 4 2019 5:09:05.6900 PM,.0234
Auth_Check,Auth_Check,[P203] aid tx bd 24 3 24 71 4 10 0 12,sendCommandChars,PASS,,,,,,,,,Oct 4 2019 5:09:05.6920 PM,Oct 4 2019 5:09:05.7300 PM,.038
Auth_Check,Auth_Check,P203,read-96,PASS,,,,,,,,,Oct 4 2019 5:09:05.7340 PM,Oct 4 2019 5:09:05.7340 PM,.0003
Auth_Check,Auth_Check,P203,read-97,PASS,,,,,,,,,Oct 4 2019 5:09:05.7360 PM,Oct 4 2019 5:09:05.7600 PM,.024
Auth_Check,Auth_Check,P203,read-98,PASS,,,,,,,,,Oct 4 2019 5:09:05.7630 PM,Oct 4 2019 5:09:05.7900 PM,.0274
Auth_Check,Auth_Check,[P203] aid tx bd 25 2 24 71 4 10 23,sendCommandChars,PASS,,,,,,,,,Oct 4 2019 5:09:05.7920 PM,Oct 4 2019 5:09:05.8290 PM,.037
Auth_Check,Auth_Check,P203,read-99,PASS,,,,,,,,,Oct 4 2019 5:09:05.8330 PM,Oct 4 2019 5:09:05.8330 PM,.0002
Auth_Check,Auth_Check,P203,read-100,PASS,,,,,,,,,Oct 4 2019 5:09:05.8340 PM,Oct 4 2019 5:09:05.8610 PM,.0261
Auth_Check,Auth_Check,P203,read-101,PASS,,,,,,,,,Oct 4 2019 5:09:05.8630 PM,Oct 4 2019 5:09:05.8900 PM,.0272
Auth_Check,Auth_Check,[P203] aid tx bd 26 2 24 71 4 10 1d,sendCommandChars,PASS,,,,,,,,,Oct 4 2019 5:09:05.8920 PM,Oct 4 2019 5:09:05.9300 PM,.0377
Auth_Check,Auth_Check,IOFileHandle,writeCertFile-2,PASS,,,,,,,,,Oct 4 2019 5:09:05.9340 PM,Oct 4 2019 5:09:05.9350 PM,.0011
Auth_Check,Auth_Check,8. Get challenge response,,PASS,,,,,,,,,Oct 4 2019 5:09:05.9360 PM,Oct 4 2019 5:09:05.9360 PM,0
Auth_Check,Auth_Check,[Hid] /usr/local/bin/mfi-cert verify-response /Users/gdlocal/Intelli_Log/cert.der /Users/gdlocal/Intelli_Log/challenge.bin /Users/gdlocal/Intelli_Log/challenge_resp.bin,,PASS,,,,,,,,,Oct 4 2019 5:09:06.0400 PM,Oct 4 2019 5:09:06.0400 PM,0
Auth_Check,Auth_Check,IOFileHandle,writeToFile-3,PASS,,,,,,,,,Oct 4 2019 5:09:06.0420 PM,Oct 4 2019 5:09:06.0420 PM,.0002
Auth_Check,Auth_Check,9. Verify challenge response,,PASS,,,,,,,,,Oct 4 2019 5:09:06.0430 PM,Oct 4 2019 5:09:06.0430 PM,0
Query_MLB_SN,,,,,,,,,,,,,Oct 4 2019 5:09:06.0570 PM,Oct 4 2019 5:09:06.0580 PM,.0007
Query_MLB_SN,Query_MLB_SN,Query_MLB_SN,DLX937500BZN6R52Q,PASS,,,,,,,,,Oct 4 2019 5:09:06.0580 PM,Oct 4 2019 5:09:06.0580 PM,0
Read_MLB_SN,,,,,,,,,,,,,Oct 4 2019 5:09:06.0610 PM,Oct 4 2019 5:09:07.0820 PM,1.0211
Read_MLB_SN,Read_MLB_SN,[Hid] /usr/local/bin/hidreport -v 0x05ac -p 0x026E -i 0 get 0x12,,PASS,,,,,,,,,Oct 4 2019 5:09:06.7050 PM,Oct 4 2019 5:09:06.7050 PM,0
Read_MLB_SN,Read_MLB_SN,IOFileHandle,writeToFile,PASS,,,,,,,,,Oct 4 2019 5:09:06.7070 PM,Oct 4 2019 5:09:06.7070 PM,.0002
Read_MLB_SN,Read_MLB_SN,Read_MLB_SN,DLX937500BZN6R52Q,PASS,,,,,,,,,Oct 4 2019 5:09:07.0820 PM,Oct 4 2019 5:09:07.0820 PM,0
Check_MLB_SN,,,,,,,,,,,,,Oct 4 2019 5:09:07.0860 PM,Oct 4 2019 5:09:07.0880 PM,.0029
Check_MLB_SN,Check_MLB_SN,Check_MLB_SN,,PASS,,,,,,,,,Oct 4 2019 5:09:07.0860 PM,Oct 4 2019 5:09:07.0860 PM,0
Check_MLB_SN,Check_MLB_SN,StationReportPlugin,appendReportData,PASS,,,,,,,,,Oct 4 2019 5:09:07.0880 PM,Oct 4 2019 5:09:07.0880 PM,0
Read_STFW_Version_Before_DL,,,,,,,,,,,,,Oct 4 2019 5:09:07.0910 PM,Oct 4 2019 5:09:07.5980 PM,.5067
Read_STFW_Version_Before_DL,Read_STFW_Version_Before_DL,[Hid] /usr/local/bin/hidreport -p 0x026E -i 0 get 0xB4,,PASS,,,,,,,,,Oct 4 2019 5:09:07.2200 PM,Oct 4 2019 5:09:07.2200 PM,0
Read_STFW_Version_Before_DL,Read_STFW_Version_Before_DL,IOFileHandle,writeToFile,PASS,,,,,,,,,Oct 4 2019 5:09:07.2220 PM,Oct 4 2019 5:09:07.2220 PM,.0002
Read_STFW_Version_Before_DL,Read_STFW_Version_Before_DL,Read_STFW_Version_Before_DL,0x0172,PASS,,,,,,,,,Oct 4 2019 5:09:07.5970 PM,Oct 4 2019 5:09:07.5970 PM,0
Read_STFW_Version_Before_DL,Read_STFW_Version_Before_DL,,,PASS,,370,NA,,,,,NA,Oct 4 2019 5:09:07.5980 PM,Oct 4 2019 5:09:07.5980 PM,0
Read_MTFW_Version_Before_DL,,,,,,,,,,,,,Oct 4 2019 5:09:07.6020 PM,Oct 4 2019 5:09:08.1220 PM,.5206
Read_MTFW_Version_Before_DL,Read_MTFW_Version_Before_DL,[Hid] /usr/local/bin/hidreport -p 0x026E -i 0 get 0xbb,,PASS,,,,,,,,,Oct 4 2019 5:09:07.7450 PM,Oct 4 2019 5:09:07.7450 PM,0
Read_MTFW_Version_Before_DL,Read_MTFW_Version_Before_DL,IOFileHandle,writeToFile,PASS,,,,,,,,,Oct 4 2019 5:09:07.7480 PM,Oct 4 2019 5:09:07.7480 PM,.0002
Read_MTFW_Version_Before_DL,Read_MTFW_Version_Before_DL,Read_MTFW_Version_Before_DL,0x0506,PASS,,,,,,,,,Oct 4 2019 5:09:08.1220 PM,Oct 4 2019 5:09:08.1220 PM,0
Read_MTFW_Version_Before_DL,Read_MTFW_Version_Before_DL,,,PASS,,1286,NA,,,,,NA,Oct 4 2019 5:09:08.1220 PM,Oct 4 2019 5:09:08.1220 PM,0
Read_CCG3_FW_Version,,,,,,,,,,,,,Oct 4 2019 5:09:08.1260 PM,Oct 4 2019 5:09:09.1530 PM,1.0268
Read_CCG3_FW_Version,Read_CCG3_FW_Version,"[Hid] /usr/local/bin/hidreport -v 0x05ac -p 0x026E -usage 0xff00,0xb set 0xCE 0xCE 6 6 0",,PASS,,,,,,,,,Oct 4 2019 5:09:08.2490 PM,Oct 4 2019 5:09:08.2490 PM,0
Read_CCG3_FW_Version,Read_CCG3_FW_Version,IOFileHandle,writeToFile,PASS,,,,,,,,,Oct 4 2019 5:09:08.2510 PM,Oct 4 2019 5:09:08.2520 PM,.0002
Read_CCG3_FW_Version,Read_CCG3_FW_Version,"[Hid] /usr/local/bin/hidreport -p 0x026E -usage 0xff00,0xb get 0xA0",,PASS,,,,,,,,,Oct 4 2019 5:09:08.7770 PM,Oct 4 2019 5:09:08.7770 PM,0
Read_CCG3_FW_Version,Read_CCG3_FW_Version,IOFileHandle,writeToFile-2,PASS,,,,,,,,,Oct 4 2019 5:09:08.7800 PM,Oct 4 2019 5:09:08.7800 PM,.0002
Read_CCG3_FW_Version,Read_CCG3_FW_Version,Read_CCG3_FW_Version,A0 02 00 0B 00 0B 00 0B,PASS,,,,,,,,,Oct 4 2019 5:09:09.1520 PM,Oct 4 2019 5:09:09.1520 PM,0
Program_STFW,,,,,,,,,,,,,Oct 4 2019 5:09:09.1560 PM,Oct 4 2019 5:09:49.1090 PM,39.9532
Program_STFW,Program_STFW,[Hid] /usr/local/bin/hidreport -p 0x026E -i 0 get 0xBC,,PASS,,,,,,,,,Oct 4 2019 5:09:09.2870 PM,Oct 4 2019 5:09:09.2870 PM,0
Program_STFW,Program_STFW,IOFileHandle,writeToFile,PASS,,,,,,,,,Oct 4 2019 5:09:09.2890 PM,Oct 4 2019 5:09:09.2890 PM,.0002
Program_STFW,Program_STFW,[P203] ,sendCommand,PASS,,,,,,,,,Oct 4 2019 5:09:09.6670 PM,Oct 4 2019 5:09:09.6680 PM,.0013
Program_STFW,Program_STFW,[P203] flags ~ro,sendCommandChars,PASS,,,,,,,,,Oct 4 2019 5:09:09.6700 PM,Oct 4 2019 5:09:09.6830 PM,.0128
Program_STFW,Program_STFW,P203,read,PASS,,,,,,,,,Oct 4 2019 5:09:09.6850 PM,Oct 4 2019 5:09:09.6850 PM,.0002
Program_STFW,Program_STFW,P203,read-2,PASS,,,,,,,,,Oct 4 2019 5:09:09.6870 PM,Oct 4 2019 5:09:09.6880 PM,.0002
Program_STFW,Program_STFW,P203,read-3,PASS,,,,,,,,,Oct 4 2019 5:09:09.6890 PM,Oct 4 2019 5:09:09.6900 PM,.0002
Program_STFW,Program_STFW,P203,read-4,PASS,,,,,,,,,Oct 4 2019 5:09:09.6920 PM,Oct 4 2019 5:09:09.7130 PM,.0217
Program_STFW,Program_STFW,[P203] aid hsena 1,sendCommandChars,PASS,,,,,,,,,Oct 4 2019 5:09:09.7150 PM,Oct 4 2019 5:09:09.7470 PM,.0314
Program_STFW,Program_STFW,P203,read-5,PASS,,,,,,,,,Oct 4 2019 5:09:09.7490 PM,Oct 4 2019 5:09:09.7490 PM,.0002
Program_STFW,Program_STFW,P203,read-6,PASS,,,,,,,,,Oct 4 2019 5:09:09.7510 PM,Oct 4 2019 5:09:09.7720 PM,.0216
Program_STFW,Program_STFW,HSAID enabled,,PASS,,,,,,,,,Oct 4 2019 5:09:09.7730 PM,Oct 4 2019 5:09:09.7730 PM,0
Program_STFW,Program_STFW,[Hid] /usr/local/bin/shfuc -n -v 0x05ac -p 0x026E -f /usr/local/bin/R128-v0x0160-dev-signed.118.P2.afu,,PASS,,,,,,,,,Oct 4 2019 5:09:39.4300 PM,Oct 4 2019 5:09:39.4300 PM,0
Program_STFW,Program_STFW,IOFileHandle,writeToFile-2,PASS,,,,,,,,,Oct 4 2019 5:09:39.4320 PM,Oct 4 2019 5:09:39.4320 PM,.0002
Program_STFW,Program_STFW,Program_STFW,,PASS,,,,,,,,,Oct 4 2019 5:09:39.8060 PM,Oct 4 2019 5:09:39.8060 PM,0
Program_STFW,Program_STFW,StationReportPlugin,appendReportData,PASS,,,,,,,,,Oct 4 2019 5:09:39.8070 PM,Oct 4 2019 5:09:39.8070 PM,0
Program_STFW,Program_STFW,[ECB] SIGNAL CONTROL(0),sendCommand,PASS,,,,,,,,,Oct 4 2019 5:09:42.8830 PM,Oct 4 2019 5:09:42.9080 PM,.0252
Program_STFW,Program_STFW,[ECB] SIGNAL CONTROL(1),sendCommand,PASS,,,,,,,,,Oct 4 2019 5:09:45.9830 PM,Oct 4 2019 5:09:46.0070 PM,.024
Program_STFW,Program_STFW,P203,read-7,PASS,,,,,,,,,Oct 4 2019 5:09:49.0830 PM,Oct 4 2019 5:09:49.1080 PM,.0258
Program_MTFW,,,,,,,,,,,,,Oct 4 2019 5:09:49.1140 PM,Oct 4 2019 5:10:14.2140 PM,25.1
Program_MTFW,Program_MTFW,[Hid] /usr/local/bin/hidreport -p 0x026E -i 0 get 0xBC,,PASS,,,,,,,,,Oct 4 2019 5:09:49.1820 PM,Oct 4 2019 5:09:49.1820 PM,0
Program_MTFW,Program_MTFW,IOFileHandle,writeToFile,PASS,,,,,,,,,Oct 4 2019 5:09:49.1840 PM,Oct 4 2019 5:09:49.1840 PM,.0001
Program_MTFW,Program_MTFW,[P203] ,sendCommand,PASS,,,,,,,,,Oct 4 2019 5:09:49.5620 PM,Oct 4 2019 5:09:49.5660 PM,.0042
Program_MTFW,Program_MTFW,[P203] flags ~ro,sendCommandChars,PASS,,,,,,,,,Oct 4 2019 5:09:49.5680 PM,Oct 4 2019 5:09:49.5720 PM,.0043
Program_MTFW,Program_MTFW,P203,read,PASS,,,,,,,,,Oct 4 2019 5:09:49.5740 PM,Oct 4 2019 5:09:49.5820 PM,.0078
Program_MTFW,Program_MTFW,P203,read-2,PASS,,,,,,,,,Oct 4 2019 5:09:49.5840 PM,Oct 4 2019 5:09:49.5840 PM,.0003
Program_MTFW,Program_MTFW,P203,read-3,PASS,,,,,,,,,Oct 4 2019 5:09:49.5860 PM,Oct 4 2019 5:09:49.6090 PM,.0226
Program_MTFW,Program_MTFW,[P203] aid hsena 1,sendCommandChars,PASS,,,,,,,,,Oct 4 2019 5:09:49.6110 PM,Oct 4 2019 5:09:49.6460 PM,.0352
Program_MTFW,Program_MTFW,P203,read-4,PASS,,,,,,,,,Oct 4 2019 5:09:49.6480 PM,Oct 4 2019 5:09:49.6480 PM,.0002
Program_MTFW,Program_MTFW,P203,read-5,PASS,,,,,,,,,Oct 4 2019 5:09:49.6500 PM,Oct 4 2019 5:09:49.6790 PM,.0289
Program_MTFW,Program_MTFW,HSAID enabled,,PASS,,,,,,,,,Oct 4 2019 5:09:49.6800 PM,Oct 4 2019 5:09:49.6800 PM,0
Program_MTFW,Program_MTFW,[Hid] /usr/local/bin/shfuc -n -v 0x05ac -p 0x026E -f /usr/local/bin/R118-MTFW-0x0505.HW3.dev-sig.afu,,PASS,,,,,,,,,Oct 4 2019 5:09:57.5410 PM,Oct 4 2019 5:09:57.5410 PM,0
Program_MTFW,Program_MTFW,IOFileHandle,writeToFile-2,PASS,,,,,,,,,Oct 4 2019 5:09:57.5440 PM,Oct 4 2019 5:09:57.5440 PM,.0002
Program_MTFW,Program_MTFW,Program_MTFW,,PASS,,,,,,,,,Oct 4 2019 5:09:57.9140 PM,Oct 4 2019 5:09:57.9140 PM,0
Program_MTFW,Program_MTFW,StationReportPlugin,appendReportData,PASS,,,,,,,,,Oct 4 2019 5:09:57.9160 PM,Oct 4 2019 5:09:57.9160 PM,0
Program_MTFW,Program_MTFW,[ECB] SIGNAL CONTROL(0),sendCommand,PASS,,,,,,,,,Oct 4 2019 5:10:07.9910 PM,Oct 4 2019 5:10:08.0180 PM,.0269
Program_MTFW,Program_MTFW,[ECB] SIGNAL CONTROL(1),sendCommand,PASS,,,,,,,,,Oct 4 2019 5:10:11.0930 PM,Oct 4 2019 5:10:11.1170 PM,.0238
Program_MTFW,Program_MTFW,P203,read-6,PASS,,,,,,,,,Oct 4 2019 5:10:14.1910 PM,Oct 4 2019 5:10:14.2130 PM,.0221
Read_STFW_Version_After_DL,,,,,,,,,,,,,Oct 4 2019 5:10:14.2190 PM,Oct 4 2019 5:10:14.6810 PM,.4622
Read_STFW_Version_After_DL,Read_STFW_Version_After_DL,[Hid] /usr/local/bin/hidreport -p 0x026E -i 0 get 0xB4,,PASS,,,,,,,,,Oct 4 2019 5:10:14.3030 PM,Oct 4 2019 5:10:14.3030 PM,0
Read_STFW_Version_After_DL,Read_STFW_Version_After_DL,IOFileHandle,writeToFile,PASS,,,,,,,,,Oct 4 2019 5:10:14.3050 PM,Oct 4 2019 5:10:14.3050 PM,.0002
Read_STFW_Version_After_DL,Read_STFW_Version_After_DL,Read_STFW_Version_After_DL,0x0160,PASS,,,,,,,,,Oct 4 2019 5:10:14.6800 PM,Oct 4 2019 5:10:14.6800 PM,0
Read_STFW_Version_After_DL,Read_STFW_Version_After_DL,,,PASS,,352,,352,352,,,,Oct 4 2019 5:10:14.6810 PM,Oct 4 2019 5:10:14.6810 PM,0
Read_MTFW_Version_After_DL,,,,,,,,,,,,,Oct 4 2019 5:10:14.6840 PM,Oct 4 2019 5:10:15.1310 PM,.4468
Read_MTFW_Version_After_DL,Read_MTFW_Version_After_DL,[Hid] /usr/local/bin/hidreport -p 0x026E -i 0 get 0xbb,,PASS,,,,,,,,,Oct 4 2019 5:10:14.7530 PM,Oct 4 2019 5:10:14.7530 PM,0
Read_MTFW_Version_After_DL,Read_MTFW_Version_After_DL,IOFileHandle,writeToFile,PASS,,,,,,,,,Oct 4 2019 5:10:14.7550 PM,Oct 4 2019 5:10:14.7550 PM,.0001
Read_MTFW_Version_After_DL,Read_MTFW_Version_After_DL,Read_MTFW_Version_After_DL,0x0505,PASS,,,,,,,,,Oct 4 2019 5:10:15.1300 PM,Oct 4 2019 5:10:15.1300 PM,0
Read_MTFW_Version_After_DL,Read_MTFW_Version_After_DL,,,PASS,,1285,,1285,1285,,,,Oct 4 2019 5:10:15.1310 PM,Oct 4 2019 5:10:15.1310 PM,0
Finish_DRCB,,,,,,,,,,,,,Oct 4 2019 5:10:15.1340 PM,Oct 4 2019 5:10:15.6220 PM,.4879
Finish_DRCB,Finish_DRCB,DRCB,Finish,PASS,,,,,,,,,Oct 4 2019 5:10:15.1360 PM,Oct 4 2019 5:10:15.6000 PM,.4643
Finish_DRCB,Finish_DRCB,[ECB] FIXTURE STOP,sendCommand,PASS,,,,,,,,,Oct 4 2019 5:10:15.6040 PM,Oct 4 2019 5:10:15.6210 PM,.0174
