Test,Plugin,Command,Status,Info,Start Time,End Time,Duration (s)
Scan_SN,com.apple.hwte.atlas.AppPlugin,show-form,PASS,,Oct 4 2019 5:08:44.9400 PM,Oct 4 2019 5:08:47.8570 PM,2.9165
Scan_SN,ECB,changeDelimiter,PASS,,Oct 4 2019 5:08:47.8600 PM,Oct 4 2019 5:08:47.8600 PM,.0001
Scan_SN,ECB,changeLineTerminator,PASS,,Oct 4 2019 5:08:47.8630 PM,Oct 4 2019 5:08:47.8630 PM,.0001
Scan_SN,ECB,open,PASS,,Oct 4 2019 5:08:47.8660 PM,Oct 4 2019 5:08:49.4630 PM,1.5965
Scan_SN,ECB,read,PASS,,Oct 4 2019 5:08:49.4650 PM,Oct 4 2019 5:08:49.4930 PM,.0282
Scan_SN,P203,changeDelimiter,PASS,,Oct 4 2019 5:08:49.4960 PM,Oct 4 2019 5:08:49.4960 PM,.0001
Scan_SN,P203,changeLineTerminator,PASS,,Oct 4 2019 5:08:49.4990 PM,Oct 4 2019 5:08:49.4990 PM,0
Scan_SN,P203,open,PASS,,Oct 4 2019 5:08:49.5010 PM,Oct 4 2019 5:08:51.0980 PM,1.5966
Scan_SN,P203,read,PASS,,Oct 4 2019 5:08:51.1000 PM,Oct 4 2019 5:08:51.1240 PM,.0239
Scan_SN,ECB,sendCommand,PASS,,Oct 4 2019 5:08:51.6990 PM,Oct 4 2019 5:08:51.7250 PM,.026
Scan_SN,IOFileHandle,writeToFile,PASS,,Oct 4 2019 5:08:53.8660 PM,Oct 4 2019 5:08:53.8660 PM,.0008
Scan_SN,StationReportPlugin,isReporting,PASS,,Oct 4 2019 5:08:53.8720 PM,Oct 4 2019 5:08:53.8720 PM,0
EP_DISABLE_TP,IOFileHandle,writeToFile,PASS,,Oct 4 2019 5:08:54.0050 PM,Oct 4 2019 5:08:54.0050 PM,.0002
EP_DISABLE_TP,IOFileHandle,writeToFile,PASS,,Oct 4 2019 5:08:54.4440 PM,Oct 4 2019 5:08:54.4440 PM,.0002
EP_DISABLE_TP,ECB,sendCommand,PASS,,Oct 4 2019 5:08:54.8160 PM,Oct 4 2019 5:08:54.8400 PM,.0235
EP_DISABLE_TP,ECB,sendCommand,PASS,,Oct 4 2019 5:08:57.9080 PM,Oct 4 2019 5:08:57.9220 PM,.0149
EP_DISABLE_TP,P203,read,PASS,,Oct 4 2019 5:09:00.9990 PM,Oct 4 2019 5:09:01.0280 PM,.029
EP_DISABLE_TP,IOFileHandle,writeToFile,PASS,,Oct 4 2019 5:09:01.0970 PM,Oct 4 2019 5:09:01.0970 PM,.0002
Start_Data_Reporting,DRCB,startDataReporting,PASS,,Oct 4 2019 5:09:01.1090 PM,Oct 4 2019 5:09:01.1250 PM,.0159
Get_SFC_Info,SFCSupport,getAttribute,PASS,,Oct 4 2019 5:09:01.1320 PM,Oct 4 2019 5:09:01.1770 PM,.0454
Get_SFC_Info,SFCSupport,getAttribute,PASS,,Oct 4 2019 5:09:01.1830 PM,Oct 4 2019 5:09:01.1880 PM,.0053
Get_SFC_Info,SFCSupport,getAttribute,PASS,,Oct 4 2019 5:09:01.1910 PM,Oct 4 2019 5:09:01.1950 PM,.0036
Get_SFC_Info,SFCSupport,getAttribute,PASS,,Oct 4 2019 5:09:01.1970 PM,Oct 4 2019 5:09:01.2010 PM,.0035
Start_Control_Bit,DRCB,startControlBits,PASS,,Oct 4 2019 5:09:01.2320 PM,Oct 4 2019 5:09:01.7390 PM,.507
P203_FW,P203,sendCommand,PASS,,Oct 4 2019 5:09:01.7460 PM,Oct 4 2019 5:09:01.7660 PM,.0203
Auth_Check,P203,read,PASS,,Oct 4 2019 5:09:01.7740 PM,Oct 4 2019 5:09:01.7740 PM,.0003
Auth_Check,P203,read,PASS,,Oct 4 2019 5:09:01.7760 PM,Oct 4 2019 5:09:01.8000 PM,.0238
Auth_Check,P203,sendCommandChars,PASS,,Oct 4 2019 5:09:01.8010 PM,Oct 4 2019 5:09:01.8720 PM,.0703
Auth_Check,P203,read,PASS,,Oct 4 2019 5:09:01.8760 PM,Oct 4 2019 5:09:01.8760 PM,.0003
Auth_Check,P203,read,PASS,,Oct 4 2019 5:09:01.8780 PM,Oct 4 2019 5:09:01.9010 PM,.0226
Auth_Check,P203,read,PASS,,Oct 4 2019 5:09:01.9040 PM,Oct 4 2019 5:09:01.9290 PM,.0246
Auth_Check,P203,sendCommandChars,PASS,,Oct 4 2019 5:09:01.9310 PM,Oct 4 2019 5:09:01.9530 PM,.0228
Auth_Check,P203,read,PASS,,Oct 4 2019 5:09:01.9600 PM,Oct 4 2019 5:09:01.9690 PM,.0091
Auth_Check,P203,read,PASS,,Oct 4 2019 5:09:01.9710 PM,Oct 4 2019 5:09:01.9940 PM,.023
Auth_Check,P203,sendCommandChars,PASS,,Oct 4 2019 5:09:01.9960 PM,Oct 4 2019 5:09:02.0350 PM,.0386
Auth_Check,P203,read,PASS,,Oct 4 2019 5:09:02.0390 PM,Oct 4 2019 5:09:02.0390 PM,.0003
Auth_Check,P203,read,PASS,,Oct 4 2019 5:09:02.0410 PM,Oct 4 2019 5:09:02.0690 PM,.0274
Auth_Check,P203,read,PASS,,Oct 4 2019 5:09:02.0710 PM,Oct 4 2019 5:09:02.0990 PM,.0275
Auth_Check,P203,sendCommandChars,PASS,,Oct 4 2019 5:09:02.1010 PM,Oct 4 2019 5:09:02.1370 PM,.0361
Auth_Check,P203,read,PASS,,Oct 4 2019 5:09:02.1430 PM,Oct 4 2019 5:09:02.1430 PM,.0003
Auth_Check,P203,read,PASS,,Oct 4 2019 5:09:02.1450 PM,Oct 4 2019 5:09:02.1670 PM,.0222
Auth_Check,P203,sendCommandChars,PASS,,Oct 4 2019 5:09:02.1690 PM,Oct 4 2019 5:09:02.2070 PM,.0381
Auth_Check,P203,read,PASS,,Oct 4 2019 5:09:02.2110 PM,Oct 4 2019 5:09:02.2110 PM,.0002
Auth_Check,P203,read,PASS,,Oct 4 2019 5:09:02.2130 PM,Oct 4 2019 5:09:02.2390 PM,.0261
Auth_Check,P203,read,PASS,,Oct 4 2019 5:09:02.2420 PM,Oct 4 2019 5:09:02.2690 PM,.0272
Auth_Check,P203,sendCommandChars,PASS,,Oct 4 2019 5:09:02.2710 PM,Oct 4 2019 5:09:02.3110 PM,.0401
Auth_Check,P203,read,PASS,,Oct 4 2019 5:09:02.3150 PM,Oct 4 2019 5:09:02.3150 PM,.0003
Auth_Check,P203,read,PASS,,Oct 4 2019 5:09:02.3170 PM,Oct 4 2019 5:09:02.3390 PM,.0219
Auth_Check,P203,read,PASS,,Oct 4 2019 5:09:02.3420 PM,Oct 4 2019 5:09:02.3690 PM,.0267
Auth_Check,P203,sendCommandChars,PASS,,Oct 4 2019 5:09:02.3710 PM,Oct 4 2019 5:09:02.4110 PM,.0396
Auth_Check,P203,read,PASS,,Oct 4 2019 5:09:02.4150 PM,Oct 4 2019 5:09:02.4150 PM,.0003
Auth_Check,P203,read,PASS,,Oct 4 2019 5:09:02.4170 PM,Oct 4 2019 5:09:02.4390 PM,.0219
Auth_Check,P203,read,PASS,,Oct 4 2019 5:09:02.4420 PM,Oct 4 2019 5:09:02.4630 PM,.0219
Auth_Check,P203,sendCommandChars,PASS,,Oct 4 2019 5:09:02.4650 PM,Oct 4 2019 5:09:02.5030 PM,.0382
Auth_Check,P203,read,PASS,,Oct 4 2019 5:09:02.5080 PM,Oct 4 2019 5:09:02.5080 PM,.0003
Auth_Check,P203,read,PASS,,Oct 4 2019 5:09:02.5100 PM,Oct 4 2019 5:09:02.5310 PM,.0212
Auth_Check,P203,read,PASS,,Oct 4 2019 5:09:02.5340 PM,Oct 4 2019 5:09:02.5550 PM,.0211
Auth_Check,P203,sendCommandChars,PASS,,Oct 4 2019 5:09:02.5570 PM,Oct 4 2019 5:09:02.5950 PM,.0384
Auth_Check,P203,read,PASS,,Oct 4 2019 5:09:02.6010 PM,Oct 4 2019 5:09:02.6010 PM,.0003
Auth_Check,P203,read,PASS,,Oct 4 2019 5:09:02.6030 PM,Oct 4 2019 5:09:02.6250 PM,.0222
Auth_Check,P203,sendCommandChars,PASS,,Oct 4 2019 5:09:02.6270 PM,Oct 4 2019 5:09:02.6660 PM,.0389
Auth_Check,P203,read,PASS,,Oct 4 2019 5:09:02.6710 PM,Oct 4 2019 5:09:02.6710 PM,.0003
Auth_Check,P203,read,PASS,,Oct 4 2019 5:09:02.6730 PM,Oct 4 2019 5:09:02.6940 PM,.0215
Auth_Check,P203,read,PASS,,Oct 4 2019 5:09:02.6980 PM,Oct 4 2019 5:09:02.7190 PM,.0217
Auth_Check,P203,sendCommandChars,PASS,,Oct 4 2019 5:09:02.7210 PM,Oct 4 2019 5:09:02.7450 PM,.0243
Auth_Check,P203,read,PASS,,Oct 4 2019 5:09:02.7500 PM,Oct 4 2019 5:09:02.7500 PM,.0003
Auth_Check,P203,read,PASS,,Oct 4 2019 5:09:02.7520 PM,Oct 4 2019 5:09:02.7770 PM,.0248
Auth_Check,P203,read,PASS,,Oct 4 2019 5:09:02.7800 PM,Oct 4 2019 5:09:02.8020 PM,.022
Auth_Check,P203,sendCommandChars,PASS,,Oct 4 2019 5:09:02.8040 PM,Oct 4 2019 5:09:02.8430 PM,.0389
Auth_Check,P203,read,PASS,,Oct 4 2019 5:09:02.8470 PM,Oct 4 2019 5:09:02.8480 PM,.0003
Auth_Check,P203,read,PASS,,Oct 4 2019 5:09:02.8500 PM,Oct 4 2019 5:09:02.8710 PM,.0216
Auth_Check,P203,read,PASS,,Oct 4 2019 5:09:02.8740 PM,Oct 4 2019 5:09:02.8990 PM,.0246
Auth_Check,P203,sendCommandChars,PASS,,Oct 4 2019 5:09:02.9010 PM,Oct 4 2019 5:09:02.9250 PM,.0243
Auth_Check,P203,read,PASS,,Oct 4 2019 5:09:02.9300 PM,Oct 4 2019 5:09:02.9400 PM,.0107
Auth_Check,P203,read,PASS,,Oct 4 2019 5:09:02.9420 PM,Oct 4 2019 5:09:02.9690 PM,.0267
Auth_Check,P203,read,PASS,,Oct 4 2019 5:09:02.9720 PM,Oct 4 2019 5:09:02.9930 PM,.0215
Auth_Check,P203,sendCommandChars,PASS,,Oct 4 2019 5:09:02.9950 PM,Oct 4 2019 5:09:03.0340 PM,.0383
Auth_Check,P203,read,PASS,,Oct 4 2019 5:09:03.0390 PM,Oct 4 2019 5:09:03.0390 PM,.0003
Auth_Check,P203,read,PASS,,Oct 4 2019 5:09:03.0410 PM,Oct 4 2019 5:09:03.0630 PM,.022
Auth_Check,P203,sendCommandChars,PASS,,Oct 4 2019 5:09:03.0650 PM,Oct 4 2019 5:09:03.1030 PM,.0384
Auth_Check,P203,read,PASS,,Oct 4 2019 5:09:03.1070 PM,Oct 4 2019 5:09:03.1070 PM,.0003
Auth_Check,P203,read,PASS,,Oct 4 2019 5:09:03.1090 PM,Oct 4 2019 5:09:03.1300 PM,.0205
Auth_Check,P203,read,PASS,,Oct 4 2019 5:09:03.1330 PM,Oct 4 2019 5:09:03.1590 PM,.0262
Auth_Check,P203,sendCommandChars,PASS,,Oct 4 2019 5:09:03.1610 PM,Oct 4 2019 5:09:03.2010 PM,.0397
Auth_Check,P203,read,PASS,,Oct 4 2019 5:09:03.2050 PM,Oct 4 2019 5:09:03.2050 PM,.0003
Auth_Check,P203,read,PASS,,Oct 4 2019 5:09:03.2070 PM,Oct 4 2019 5:09:03.2350 PM,.0272
Auth_Check,P203,read,PASS,,Oct 4 2019 5:09:03.2370 PM,Oct 4 2019 5:09:03.2590 PM,.0219
Auth_Check,P203,sendCommandChars,PASS,,Oct 4 2019 5:09:03.2610 PM,Oct 4 2019 5:09:03.3010 PM,.0395
Auth_Check,P203,read,PASS,,Oct 4 2019 5:09:03.3050 PM,Oct 4 2019 5:09:03.3050 PM,.0003
Auth_Check,P203,read,PASS,,Oct 4 2019 5:09:03.3070 PM,Oct 4 2019 5:09:03.3290 PM,.0219
Auth_Check,P203,read,PASS,,Oct 4 2019 5:09:03.3320 PM,Oct 4 2019 5:09:03.3590 PM,.0275
Auth_Check,P203,sendCommandChars,PASS,,Oct 4 2019 5:09:03.3620 PM,Oct 4 2019 5:09:03.4000 PM,.038
Auth_Check,P203,read,PASS,,Oct 4 2019 5:09:03.4040 PM,Oct 4 2019 5:09:03.4040 PM,.0003
Auth_Check,P203,read,PASS,,Oct 4 2019 5:09:03.4060 PM,Oct 4 2019 5:09:03.4290 PM,.023
Auth_Check,P203,read,PASS,,Oct 4 2019 5:09:03.4320 PM,Oct 4 2019 5:09:03.4530 PM,.0214
Auth_Check,P203,sendCommandChars,PASS,,Oct 4 2019 5:09:03.4550 PM,Oct 4 2019 5:09:03.4800 PM,.0249
Auth_Check,P203,read,PASS,,Oct 4 2019 5:09:03.4850 PM,Oct 4 2019 5:09:03.4950 PM,.01
Auth_Check,P203,read,PASS,,Oct 4 2019 5:09:03.4980 PM,Oct 4 2019 5:09:03.5180 PM,.0205
Auth_Check,P203,sendCommandChars,PASS,,Oct 4 2019 5:09:03.5200 PM,Oct 4 2019 5:09:03.5440 PM,.0243
Auth_Check,P203,read,PASS,,Oct 4 2019 5:09:03.5480 PM,Oct 4 2019 5:09:03.5590 PM,.011
Auth_Check,P203,read,PASS,,Oct 4 2019 5:09:03.5610 PM,Oct 4 2019 5:09:03.5890 PM,.0282
Auth_Check,P203,read,PASS,,Oct 4 2019 5:09:03.5920 PM,Oct 4 2019 5:09:03.6190 PM,.0273
Auth_Check,P203,sendCommandChars,PASS,,Oct 4 2019 5:09:03.6220 PM,Oct 4 2019 5:09:03.6610 PM,.0397
Auth_Check,P203,read,PASS,,Oct 4 2019 5:09:03.6650 PM,Oct 4 2019 5:09:03.6660 PM,.0002
Auth_Check,P203,read,PASS,,Oct 4 2019 5:09:03.6680 PM,Oct 4 2019 5:09:03.6890 PM,.0216
Auth_Check,P203,read,PASS,,Oct 4 2019 5:09:03.6920 PM,Oct 4 2019 5:09:03.7160 PM,.0237
Auth_Check,P203,sendCommandChars,PASS,,Oct 4 2019 5:09:03.7180 PM,Oct 4 2019 5:09:03.7420 PM,.0242
Auth_Check,P203,read,PASS,,Oct 4 2019 5:09:03.7460 PM,Oct 4 2019 5:09:03.7580 PM,.0113
Auth_Check,P203,read,PASS,,Oct 4 2019 5:09:03.7600 PM,Oct 4 2019 5:09:03.7820 PM,.0219
Auth_Check,P203,read,PASS,,Oct 4 2019 5:09:03.7840 PM,Oct 4 2019 5:09:03.8060 PM,.0214
Auth_Check,P203,sendCommandChars,PASS,,Oct 4 2019 5:09:03.8080 PM,Oct 4 2019 5:09:03.8470 PM,.0391
Auth_Check,P203,read,PASS,,Oct 4 2019 5:09:03.8510 PM,Oct 4 2019 5:09:03.8520 PM,.0003
Auth_Check,P203,read,PASS,,Oct 4 2019 5:09:03.8540 PM,Oct 4 2019 5:09:03.8800 PM,.0259
Auth_Check,P203,read,PASS,,Oct 4 2019 5:09:03.8830 PM,Oct 4 2019 5:09:03.9100 PM,.0269
Auth_Check,P203,sendCommandChars,PASS,,Oct 4 2019 5:09:03.9120 PM,Oct 4 2019 5:09:03.9510 PM,.0393
Auth_Check,P203,read,PASS,,Oct 4 2019 5:09:03.9560 PM,Oct 4 2019 5:09:03.9560 PM,.0003
Auth_Check,P203,read,PASS,,Oct 4 2019 5:09:03.9580 PM,Oct 4 2019 5:09:03.9800 PM,.0213
Auth_Check,P203,sendCommandChars,PASS,,Oct 4 2019 5:09:03.9820 PM,Oct 4 2019 5:09:04.0220 PM,.04
Auth_Check,P203,read,PASS,,Oct 4 2019 5:09:04.0250 PM,Oct 4 2019 5:09:04.0260 PM,.0003
Auth_Check,P203,read,PASS,,Oct 4 2019 5:09:04.0270 PM,Oct 4 2019 5:09:04.0510 PM,.0231
Auth_Check,P203,read,PASS,,Oct 4 2019 5:09:04.0530 PM,Oct 4 2019 5:09:04.0800 PM,.0263
Auth_Check,P203,sendCommandChars,PASS,,Oct 4 2019 5:09:04.0820 PM,Oct 4 2019 5:09:04.1200 PM,.0385
Auth_Check,P203,read,PASS,,Oct 4 2019 5:09:04.1250 PM,Oct 4 2019 5:09:04.1250 PM,.0003
Auth_Check,P203,read,PASS,,Oct 4 2019 5:09:04.1270 PM,Oct 4 2019 5:09:04.1480 PM,.0216
Auth_Check,P203,read,PASS,,Oct 4 2019 5:09:04.1510 PM,Oct 4 2019 5:09:04.1720 PM,.0208
Auth_Check,P203,sendCommandChars,PASS,,Oct 4 2019 5:09:04.1740 PM,Oct 4 2019 5:09:04.2140 PM,.04
Auth_Check,P203,read,PASS,,Oct 4 2019 5:09:04.2180 PM,Oct 4 2019 5:09:04.2190 PM,.0003
Auth_Check,P203,read,PASS,,Oct 4 2019 5:09:04.2210 PM,Oct 4 2019 5:09:04.2440 PM,.0235
Auth_Check,P203,read,PASS,,Oct 4 2019 5:09:04.2470 PM,Oct 4 2019 5:09:04.2700 PM,.0228
Auth_Check,P203,sendCommandChars,PASS,,Oct 4 2019 5:09:04.2720 PM,Oct 4 2019 5:09:04.3120 PM,.0404
Auth_Check,IOFileHandle,writeCertFile,PASS,,Oct 4 2019 5:09:04.3200 PM,Oct 4 2019 5:09:04.3320 PM,.0121
Auth_Check,IOFileHandle,writeToFile,PASS,,Oct 4 2019 5:09:04.4070 PM,Oct 4 2019 5:09:04.4080 PM,.0002
Auth_Check,IOFileHandle,writeToFile,PASS,,Oct 4 2019 5:09:04.4760 PM,Oct 4 2019 5:09:04.4760 PM,.0002
Auth_Check,P203,read,PASS,,Oct 4 2019 5:09:04.4920 PM,Oct 4 2019 5:09:04.4920 PM,.0002
Auth_Check,P203,read,PASS,,Oct 4 2019 5:09:04.4940 PM,Oct 4 2019 5:09:04.5200 PM,.0254
Auth_Check,P203,sendCommandChars,PASS,,Oct 4 2019 5:09:04.5220 PM,Oct 4 2019 5:09:04.5500 PM,.0283
Auth_Check,P203,read,PASS,,Oct 4 2019 5:09:04.5580 PM,Oct 4 2019 5:09:04.5650 PM,.0078
Auth_Check,P203,read,PASS,,Oct 4 2019 5:09:04.5670 PM,Oct 4 2019 5:09:04.5880 PM,.021
Auth_Check,P203,sendCommandChars,PASS,,Oct 4 2019 5:09:04.5900 PM,Oct 4 2019 5:09:04.6810 PM,.0906
Auth_Check,P203,read,PASS,,Oct 4 2019 5:09:04.6860 PM,Oct 4 2019 5:09:04.6870 PM,.0003
Auth_Check,P203,read,PASS,,Oct 4 2019 5:09:04.6890 PM,Oct 4 2019 5:09:04.7130 PM,.0245
Auth_Check,P203,sendCommandChars,PASS,,Oct 4 2019 5:09:04.7150 PM,Oct 4 2019 5:09:04.7410 PM,.0261
Auth_Check,P203,read,PASS,,Oct 4 2019 5:09:05.3120 PM,Oct 4 2019 5:09:05.3120 PM,.0004
Auth_Check,P203,read,PASS,,Oct 4 2019 5:09:05.3140 PM,Oct 4 2019 5:09:05.3400 PM,.0264
Auth_Check,P203,sendCommandChars,PASS,,Oct 4 2019 5:09:05.3420 PM,Oct 4 2019 5:09:05.4100 PM,.068
Auth_Check,P203,read,PASS,,Oct 4 2019 5:09:05.4130 PM,Oct 4 2019 5:09:05.4140 PM,.0002
Auth_Check,P203,read,PASS,,Oct 4 2019 5:09:05.4150 PM,Oct 4 2019 5:09:05.4370 PM,.0214
Auth_Check,P203,read,PASS,,Oct 4 2019 5:09:05.4390 PM,Oct 4 2019 5:09:05.4600 PM,.0211
Auth_Check,P203,sendCommandChars,PASS,,Oct 4 2019 5:09:05.4620 PM,Oct 4 2019 5:09:05.4990 PM,.037
Auth_Check,P203,read,PASS,,Oct 4 2019 5:09:05.5040 PM,Oct 4 2019 5:09:05.5040 PM,.0002
Auth_Check,P203,read,PASS,,Oct 4 2019 5:09:05.5060 PM,Oct 4 2019 5:09:05.5300 PM,.0242
Auth_Check,P203,sendCommandChars,PASS,,Oct 4 2019 5:09:05.5320 PM,Oct 4 2019 5:09:05.5710 PM,.0385
Auth_Check,P203,read,PASS,,Oct 4 2019 5:09:05.5740 PM,Oct 4 2019 5:09:05.5740 PM,.0002
Auth_Check,P203,read,PASS,,Oct 4 2019 5:09:05.5760 PM,Oct 4 2019 5:09:05.5980 PM,.0223
Auth_Check,P203,read,PASS,,Oct 4 2019 5:09:05.6000 PM,Oct 4 2019 5:09:05.6230 PM,.0224
Auth_Check,P203,sendCommandChars,PASS,,Oct 4 2019 5:09:05.6250 PM,Oct 4 2019 5:09:05.6600 PM,.0356
Auth_Check,P203,read,PASS,,Oct 4 2019 5:09:05.6650 PM,Oct 4 2019 5:09:05.6650 PM,.0002
Auth_Check,P203,read,PASS,,Oct 4 2019 5:09:05.6670 PM,Oct 4 2019 5:09:05.6900 PM,.0234
Auth_Check,P203,sendCommandChars,PASS,,Oct 4 2019 5:09:05.6920 PM,Oct 4 2019 5:09:05.7300 PM,.038
Auth_Check,P203,read,PASS,,Oct 4 2019 5:09:05.7340 PM,Oct 4 2019 5:09:05.7340 PM,.0003
Auth_Check,P203,read,PASS,,Oct 4 2019 5:09:05.7360 PM,Oct 4 2019 5:09:05.7600 PM,.024
Auth_Check,P203,read,PASS,,Oct 4 2019 5:09:05.7630 PM,Oct 4 2019 5:09:05.7900 PM,.0274
Auth_Check,P203,sendCommandChars,PASS,,Oct 4 2019 5:09:05.7920 PM,Oct 4 2019 5:09:05.8290 PM,.037
Auth_Check,P203,read,PASS,,Oct 4 2019 5:09:05.8330 PM,Oct 4 2019 5:09:05.8330 PM,.0002
Auth_Check,P203,read,PASS,,Oct 4 2019 5:09:05.8340 PM,Oct 4 2019 5:09:05.8610 PM,.0261
Auth_Check,P203,read,PASS,,Oct 4 2019 5:09:05.8630 PM,Oct 4 2019 5:09:05.8900 PM,.0272
Auth_Check,P203,sendCommandChars,PASS,,Oct 4 2019 5:09:05.8920 PM,Oct 4 2019 5:09:05.9300 PM,.0377
Auth_Check,IOFileHandle,writeCertFile,PASS,,Oct 4 2019 5:09:05.9340 PM,Oct 4 2019 5:09:05.9350 PM,.0012
Auth_Check,IOFileHandle,writeToFile,PASS,,Oct 4 2019 5:09:06.0420 PM,Oct 4 2019 5:09:06.0420 PM,.0002
Read_MLB_SN,IOFileHandle,writeToFile,PASS,,Oct 4 2019 5:09:06.7070 PM,Oct 4 2019 5:09:06.7070 PM,.0002
Check_MLB_SN,StationReportPlugin,appendReportData,PASS,,Oct 4 2019 5:09:07.0880 PM,Oct 4 2019 5:09:07.0880 PM,0
Read_STFW_Version_Before_DL,IOFileHandle,writeToFile,PASS,,Oct 4 2019 5:09:07.2220 PM,Oct 4 2019 5:09:07.2220 PM,.0002
Read_MTFW_Version_Before_DL,IOFileHandle,writeToFile,PASS,,Oct 4 2019 5:09:07.7480 PM,Oct 4 2019 5:09:07.7480 PM,.0002
Read_CCG3_FW_Version,IOFileHandle,writeToFile,PASS,,Oct 4 2019 5:09:08.2510 PM,Oct 4 2019 5:09:08.2520 PM,.0002
Read_CCG3_FW_Version,IOFileHandle,writeToFile,PASS,,Oct 4 2019 5:09:08.7800 PM,Oct 4 2019 5:09:08.7800 PM,.0002
Program_STFW,IOFileHandle,writeToFile,PASS,,Oct 4 2019 5:09:09.2890 PM,Oct 4 2019 5:09:09.2890 PM,.0002
Program_STFW,P203,sendCommand,PASS,,Oct 4 2019 5:09:09.6670 PM,Oct 4 2019 5:09:09.6680 PM,.0013
Program_STFW,P203,sendCommandChars,PASS,,Oct 4 2019 5:09:09.6700 PM,Oct 4 2019 5:09:09.6830 PM,.0129
Program_STFW,P203,read,PASS,,Oct 4 2019 5:09:09.6850 PM,Oct 4 2019 5:09:09.6850 PM,.0003
Program_STFW,P203,read,PASS,,Oct 4 2019 5:09:09.6870 PM,Oct 4 2019 5:09:09.6880 PM,.0003
Program_STFW,P203,read,PASS,,Oct 4 2019 5:09:09.6890 PM,Oct 4 2019 5:09:09.6900 PM,.0003
Program_STFW,P203,read,PASS,,Oct 4 2019 5:09:09.6920 PM,Oct 4 2019 5:09:09.7130 PM,.0217
Program_STFW,P203,sendCommandChars,PASS,,Oct 4 2019 5:09:09.7150 PM,Oct 4 2019 5:09:09.7470 PM,.0314
Program_STFW,P203,read,PASS,,Oct 4 2019 5:09:09.7490 PM,Oct 4 2019 5:09:09.7490 PM,.0003
Program_STFW,P203,read,PASS,,Oct 4 2019 5:09:09.7510 PM,Oct 4 2019 5:09:09.7720 PM,.0216
Program_STFW,IOFileHandle,writeToFile,PASS,,Oct 4 2019 5:09:39.4320 PM,Oct 4 2019 5:09:39.4320 PM,.0003
Program_STFW,StationReportPlugin,appendReportData,PASS,,Oct 4 2019 5:09:39.8070 PM,Oct 4 2019 5:09:39.8070 PM,0
Program_STFW,ECB,sendCommand,PASS,,Oct 4 2019 5:09:42.8830 PM,Oct 4 2019 5:09:42.9080 PM,.0252
Program_STFW,ECB,sendCommand,PASS,,Oct 4 2019 5:09:45.9830 PM,Oct 4 2019 5:09:46.0070 PM,.024
Program_STFW,P203,read,PASS,,Oct 4 2019 5:09:49.0830 PM,Oct 4 2019 5:09:49.1080 PM,.0259
Program_MTFW,IOFileHandle,writeToFile,PASS,,Oct 4 2019 5:09:49.1840 PM,Oct 4 2019 5:09:49.1840 PM,.0002
Program_MTFW,P203,sendCommand,PASS,,Oct 4 2019 5:09:49.5620 PM,Oct 4 2019 5:09:49.5660 PM,.0043
Program_MTFW,P203,sendCommandChars,PASS,,Oct 4 2019 5:09:49.5680 PM,Oct 4 2019 5:09:49.5720 PM,.0043
Program_MTFW,P203,read,PASS,,Oct 4 2019 5:09:49.5740 PM,Oct 4 2019 5:09:49.5820 PM,.0078
Program_MTFW,P203,read,PASS,,Oct 4 2019 5:09:49.5840 PM,Oct 4 2019 5:09:49.5840 PM,.0003
Program_MTFW,P203,read,PASS,,Oct 4 2019 5:09:49.5860 PM,Oct 4 2019 5:09:49.6090 PM,.0226
Program_MTFW,P203,sendCommandChars,PASS,,Oct 4 2019 5:09:49.6110 PM,Oct 4 2019 5:09:49.6460 PM,.0355
Program_MTFW,P203,read,PASS,,Oct 4 2019 5:09:49.6480 PM,Oct 4 2019 5:09:49.6480 PM,.0002
Program_MTFW,P203,read,PASS,,Oct 4 2019 5:09:49.6500 PM,Oct 4 2019 5:09:49.6790 PM,.0289
Program_MTFW,IOFileHandle,writeToFile,PASS,,Oct 4 2019 5:09:57.5440 PM,Oct 4 2019 5:09:57.5440 PM,.0002
Program_MTFW,StationReportPlugin,appendReportData,PASS,,Oct 4 2019 5:09:57.9160 PM,Oct 4 2019 5:09:57.9160 PM,0
Program_MTFW,ECB,sendCommand,PASS,,Oct 4 2019 5:10:07.9910 PM,Oct 4 2019 5:10:08.0180 PM,.0269
Program_MTFW,ECB,sendCommand,PASS,,Oct 4 2019 5:10:11.0930 PM,Oct 4 2019 5:10:11.1170 PM,.0238
Program_MTFW,P203,read,PASS,,Oct 4 2019 5:10:14.1910 PM,Oct 4 2019 5:10:14.2130 PM,.0221
Read_STFW_Version_After_DL,IOFileHandle,writeToFile,PASS,,Oct 4 2019 5:10:14.3050 PM,Oct 4 2019 5:10:14.3050 PM,.0002
Read_MTFW_Version_After_DL,IOFileHandle,writeToFile,PASS,,Oct 4 2019 5:10:14.7550 PM,Oct 4 2019 5:10:14.7550 PM,.0002
Finish_DRCB,DRCB,finish,PASS,,Oct 4 2019 5:10:15.1360 PM,Oct 4 2019 5:10:15.6000 PM,.4643
Finish_DRCB,ECB,sendCommand,PASS,,Oct 4 2019 5:10:15.6040 PM,Oct 4 2019 5:10:15.6210 PM,.0174
